"方向ID","学科路线","方向","主题","细化案例","基础问题","前沿问题","材料","比较","交付","背景资料"
"classic-1","classic","分子与细胞","细胞状态与功能解释","evidence-biomedical","分子与细胞：分子或细胞层面的差异，怎样连接到具体生物学解释？","分子与细胞：跨模态图谱与基础模型能否在未见对象中提出可验证解释？","样本来源、批次索引与注释版本","本方向具体检查：区分生物对象与重复测量，核对批次构成。不要把「细胞状态与功能解释」中不同条件直接合并。","样本来源、批次索引与注释版本的来源与比较条件记录，注明「分子与细胞」的来源、课题版本、已查项与未决项。","https://www.nhlbi.nih.gov/health-topics/study-quality-assessment-tools；https://openstax.org/books/anatomy-and-physiology-2e/pages/preface"
"classic-2","classic","生理与病理","组织功能与研究条件","evidence-anatomy","生理与病理：形态结构与生理功能怎样建立对应？","生理与病理：跨尺度图谱如何连接组织结构与动态功能？","结构图谱、发育阶段与功能观察记录","本方向具体检查：对应结构、阶段与观察条件，不用形态代替功能。不要把「组织功能与研究条件」中不同条件直接合并。","结构图谱、发育阶段与功能观察记录的来源与比较条件记录，注明「生理与病理」的来源、课题版本、已查项与未决项。","https://openstax.org/books/anatomy-and-physiology-2e/pages/preface"
"classic-3","classic","组学与系统生物学","高维资料与独立样本","omics","组学与系统生物学：分子或细胞层面的差异，怎样连接到具体生物学解释？","组学与系统生物学：跨平台整合能否在未见对象上保持结果，并与简单基线比较？","样本来源、批次索引与注释版本","本方向具体检查：区分生物对象与重复测量，核对批次构成。不要把「高维资料与独立样本」中不同条件直接合并。","来源、供体与批次对应表，注明「组学与系统生物学」的来源、课题版本、已查项与未决项。","https://www.nhlbi.nih.gov/health-topics/study-quality-assessment-tools；https://openstax.org/books/anatomy-and-physiology-2e/pages/preface"
"data-1","data","机器学习","模型泛化与数据划分","subject-ml","机器学习：你已经根据这个评估结果改过几次模型？","机器学习：分布迁移下怎样检验校准、拒答与少见情境？","对象索引、时间划分与模型选择记录","分开训练、选择与最终评估","对象索引、时间划分与模型选择记录的比较与解释记录","https://www.cs.tsinghua.edu.cn/kxyj/kyfx.htm"
"data-2","data","软件与系统","运行边界与故障记录","subject-software","软件与系统：这条行为约定没有被哪些测试覆盖？","软件与系统：生成代码怎样提供可核验的语义保持与失败解释？","行为约定、失败输入与测试覆盖记录","区分规范满足、测试通过与一般正确性","行为约定、失败输入与测试覆盖记录的比较与解释记录","https://www.cs.tsinghua.edu.cn/jgsz/yjssys/jsjkxyjsxrjyjs.htm"
"data-3","data","人机交互","用户任务与使用反馈","interaction","人机交互：用户说喜欢，为什么还需要观察实际任务完成？","人机交互：新的交互方案能否照顾未完成任务的人，并在真实使用中保留效果？","目标用户、任务脚本与失败路径","本方向具体检查：区分喜欢程度与任务完成，保留求助、放弃和误操作。不要把「用户任务与使用反馈」中不同条件直接合并。","用户进入路径、任务日志与退出反馈，注明「人机交互」的来源、课题版本、已查项与未决项。","https://www.cs.tsinghua.edu.cn/kxyj/kyfx.htm；https://www.cafa.edu.cn/sp/nljg/?j=151"
"theory-1","theory","分析与微分方程","解的条件与适用范围","subject-analysis","分析与微分方程：你在哪一步交换了极限，依据是哪条条件？","分析与微分方程：相关或非平稳序列怎样建立受控的极限结果？","收敛类型、参数范围与反例序列","核对交换极限、积分或期望所需的条件","收敛类型、参数范围与反例序列的比较与解释记录","https://www.ocw.mit.edu/courses/18-100c-real-analysis-fall-2012/"
"theory-2","theory","概率与数理统计","随机性与推断条件","subject-analysis","概率与数理统计：你在哪一步交换了极限，依据是哪条条件？","概率与数理统计：相关或非平稳序列怎样建立受控的极限结果？","收敛类型、参数范围与反例序列","核对交换极限、积分或期望所需的条件","收敛类型、参数范围与反例序列的比较与解释记录","https://www.ocw.mit.edu/courses/18-100c-real-analysis-fall-2012/"
"theory-3","theory","离散数学与优化","结构约束与可行方案","proof","离散数学与优化：找到一个可行解，为什么不等于找到了最优解？","离散数学与优化：形式化或新的构造能否覆盖现有论证遗漏的边界情形？","目标函数、可行约束与对照方案","本方向具体检查：先确认可行性，再比较目标值与资源取舍。不要把「结构约束与可行方案」中不同条件直接合并。","逐条前提与反例表，注明「离散数学与优化」的来源、课题版本、已查项与未决项。","https://www.ocw.mit.edu/courses/18-100c-real-analysis-fall-2012/；https://www.stat.tsinghua.edu.cn/kxyj/kylyy.htm"
"field-1","field","社会调查","抽样范围与社会情境","subject-fieldwork","社会调查：没有接受访谈的人可能怎样改变你的解释？","社会调查：多地点与线上田野怎样保留矛盾叙述？","进入田野的关系、访谈场景与沉默者记录","标明谁愿意谈、谁无法接触以及研究者的位置","进入田野的关系、访谈场景与沉默者记录的比较与解释记录","https://bkzs.pku.edu.cn/xkzy/xy/shkxxb/sxkxxy_31/sxkxxyzszy_31/index.htm"
"field-2","field","文化人类学","参与关系与语境解释","subject-fieldwork","文化人类学：没有接受访谈的人可能怎样改变你的解释？","文化人类学：多地点与线上田野怎样保留矛盾叙述？","进入田野的关系、访谈场景与沉默者记录","标明谁愿意谈、谁无法接触以及研究者的位置","进入田野的关系、访谈场景与沉默者记录的比较与解释记录","https://bkzs.pku.edu.cn/xkzy/xy/shkxxb/sxkxxy_31/sxkxxyzszy_31/index.htm"
"field-3","field","社会网络","关系结构与连接含义","subject-fieldwork","社会网络：没有接受访谈的人可能怎样改变你的解释？","社会网络：多地点与线上田野怎样保留矛盾叙述？","进入田野的关系、访谈场景与沉默者记录","标明谁愿意谈、谁无法接触以及研究者的位置","进入田野的关系、访谈场景与沉默者记录的比较与解释记录","https://bkzs.pku.edu.cn/xkzy/xy/shkxxb/sxkxxy_31/sxkxxyzszy_31/index.htm"
"clinical-1","clinical","临床研究设计","比较对象与结局口径","evidence-review-study","临床研究设计：两项研究结论不同，先比较什么才能判断是否矛盾？","临床研究设计：持续更新的证据综合如何处理新研究和版本变化？","研究设计、纳入标准与结局定义","本方向具体检查：比较对象与设计后再合并证据，保留不一致。不要把「比较对象与结局口径」中不同条件直接合并。","研究设计、纳入标准与结局定义的来源与比较条件记录，注明「临床研究设计」的来源、课题版本、已查项与未决项。","https://www.nhlbi.nih.gov/health-topics/study-quality-assessment-tools"
"clinical-2","clinical","医学影像","图像记录与个体边界","clinical-imaging","医学影像：多张图像为什么不等于多位独立患者？","医学影像：跨机构评价能否保留个体独立性，并区分图像性能与患者结局？","设备平台、读者判断与个体索引","本方向具体检查：按个体划分记录，保留平台版本和读者分歧。不要把「图像记录与个体边界」中不同条件直接合并。","个体、平台版本与判读分歧索引，注明「医学影像」的来源、课题版本、已查项与未决项。","https://www.nih.gov/about-nih/science-health-public-trust/tools/understanding-clinical-studies；https://www.nhlbi.nih.gov/health-topics/study-quality-assessment-tools"
"clinical-3","clinical","健康服务研究","就医过程与执行条件","governance","健康服务研究：医疗服务被提供了，为什么不等于患者真正获得了它？","健康服务研究：新的协作或数字治理能否缩小执行差距，并保留申诉和责任接口？","服务路径、支付口径与使用者反馈","本方向具体检查：分开服务可及、使用与结果，核对就医选择。不要把「就医过程与执行条件」中不同条件直接合并。","纸面目标、执行层次与未受益者记录，注明「健康服务研究」的来源、课题版本、已查项与未决项。","https://www.ninr.nih.gov/research/priority-areas；https://www.nhlbi.nih.gov/health-topics/study-quality-assessment-tools"
"physics-1","physics","凝聚态物理","微观结构与宏观性质","subject-condensed","凝聚态物理：哪个可观察预测能区分你提出的两种机制？","凝聚态物理：多尺度观测怎样约束相变或输运的竞争解释？","结构表征、响应曲线与有限尺寸记录","区分结构关联、仪器背景与机制预测","结构表征、响应曲线与有限尺寸记录的比较与解释记录","https://english.phy.pku.edu.cn/Research/Research_Areas.htm"
"physics-2","physics","理论与计算物理","模型假设与近似条件","subject-numerics","理论与计算物理：残差变小以后，换网格的结果是否还会变？","理论与计算物理：自适应计算怎样分配误差预算并保留可解释性？","网格序列、误差指标与参考解","区分离散误差、求解误差与模型误差","网格序列、误差指标与参考解的比较与解释记录","https://english.phy.pku.edu.cn/Research/Research_Areas.htm"
"physics-3","physics","光学与测量","信号、背景与标定","physics","光学与测量：光学响应怎样与材料、几何和测量条件对应？","光学与测量：可重构光子器件怎样兼顾带宽、损耗与长期稳定？","标定、背景信号与模型近似记录","本方向具体检查：对照背景与测量条件，说明近似成立的范围。不要把「信号、背景与标定」中不同条件直接合并。","可观测量、背景与近似条件表，注明「光学与测量」的来源、课题版本、已查项与未决项。","https://english.phy.pku.edu.cn/Research/Research_Areas.htm"
"chemistry-1","chemistry","分析化学","信号来源与测量条件","subject-analytical","分析化学：检出限与定量限分别限制了哪一种判断？","分析化学：跨基体与平台测量怎样保留可比性和校准范围？","校准范围、基体差异与检出定量记录","分开检出限、定量限与未报告的条目","校准范围、基体差异与检出定量记录的比较与解释记录","https://www.chem.pku.edu.cn/en/Research/ResearchTheme/index.htm"
"chemistry-2","chemistry","物理化学","结构、能量与条件解释","subject-chemistry","物理化学：还有什么结构也能产生这个峰？","物理化学：原位与多源表征怎样处理结构变化和信号重叠？","校准记录、谱图归属与独立表征","把检测信号、结构归属与性质解释分开","校准记录、谱图归属与独立表征的比较与解释记录","https://www.chem.pku.edu.cn/en/Research/ResearchTheme/index.htm"
"chemistry-3","chemistry","高分子与软材料","材料状态与使用环境","subject-chemistry","高分子与软材料：还有什么结构也能产生这个峰？","高分子与软材料：原位与多源表征怎样处理结构变化和信号重叠？","校准记录、谱图归属与独立表征","把检测信号、结构归属与性质解释分开","校准记录、谱图归属与独立表征的比较与解释记录","https://www.chem.pku.edu.cn/en/Research/ResearchTheme/index.htm"
"economics-1","economics","微观与行为经济","个体选择与识别条件","economics","微观与行为经济：观察到的参与者差异，怎样与政策作用区分？","微观与行为经济：新资料或制度比较能否区分选择、行为调整与长期分配变化？","分配规则、样本来源与比较组记录","本方向具体检查：核对选择过程与政策时点，区分描述和识别。不要把「个体选择与识别条件」中不同条件直接合并。","进入与退出路径、制度时点和比较单位，注明「微观与行为经济」的来源、课题版本、已查项与未决项。","https://econ.pku.edu.cn/xkzy/index.htm"
"economics-2","economics","宏观与发展经济","时间变化与资源分配","economics","宏观与发展经济：一个政策冲击怎样通过家庭、企业和价格传递？","宏观与发展经济：新资料或制度比较能否区分选择、行为调整与长期分配变化？","统计修订版本、时期与总量口径","本方向具体检查：区分名义变化、实际变化与统计修订。不要把「时间变化与资源分配」中不同条件直接合并。","进入与退出路径、制度时点和比较单位，注明「宏观与发展经济」的来源、课题版本、已查项与未决项。","https://econ.pku.edu.cn/xkzy/index.htm"
"economics-3","economics","环境与公共经济","外部影响与政策比较","economics","环境与公共经济：观察到的参与者差异，怎样与政策作用区分？","环境与公共经济：新资料或制度比较能否区分选择、行为调整与长期分配变化？","分配规则、样本来源与比较组记录","本方向具体检查：核对选择过程与政策时点，区分描述和识别。不要把「外部影响与政策比较」中不同条件直接合并。","进入与退出路径、制度时点和比较单位，注明「环境与公共经济」的来源、课题版本、已查项与未决项。","https://econ.pku.edu.cn/xkzy/index.htm"
"humanities-1","humanities","文学史","作品版本与时代语境","subject-narrative","文学史：是谁说了这句话，文本是否让它受到反讽？","文学史：计算识别的叙述模式怎样接受细读中的反例？","叙述者段落、视角切换与作品版本","区分人物发言、叙述者评价与作者立场","叙述者段落、视角切换与作品版本的比较与解释记录","https://chinese.pku.edu.cn/yxgk/bxjj/index.htm"
"humanities-2","humanities","比较文学","跨文化材料的可比性","subject-narrative","比较文学：是谁说了这句话，文本是否让它受到反讽？","比较文学：计算识别的叙述模式怎样接受细读中的反例？","叙述者段落、视角切换与作品版本","区分人物发言、叙述者评价与作者立场","叙述者段落、视角切换与作品版本的比较与解释记录","https://chinese.pku.edu.cn/yxgk/bxjj/index.htm"
"humanities-3","humanities","数字人文","文本编码与解释边界","evidence-digital-humanities","数字人文：数字化文本里的计数，怎样与具体解释互相支持？","数字人文：多模态档案检索怎样保留出处、缺损与解释的不确定性？","文本版本、识别误差与编码规则","本方向具体检查：抽查数字化误差，保留文本到指标的转换。不要把「文本编码与解释边界」中不同条件直接合并。","文本版本、识别误差与编码规则的来源与比较条件记录，注明「数字人文」的来源、课题版本、已查项与未决项。","https://chinese.pku.edu.cn/yxgk/bxjj/index.htm；https://history.pku.edu.cn/bxgk/xkjj/index.htm"
"art-1","art","视觉与传达","表达形式与受众理解","subject-visual","视觉与传达：这项解释由作品形式支持，还是只来自作者自述？","视觉与传达：数字工具参与创作怎样记录贡献与版本演变？","作品版本、制作取舍与展示语境","分开形式分析、作者意图与接受评价","作品版本、制作取舍与展示语境的比较与解释记录","https://www.cafa.edu.cn/sp/nljg/?j=151"
"art-2","art","产品与交互","使用任务与原型反馈","subject-design","产品与交互：第一次使用的人在哪一步需要求助？","产品与交互：适应式交互怎样兼顾便利、可预测性与撤回？","原型版本、用户任务与失败路径","保留误操作、求助、放弃与完成记录","原型版本、用户任务与失败路径的比较与解释记录","https://www.cs.tsinghua.edu.cn/kxyj/kyfx.htm；https://www.cafa.edu.cn/sp/nljg/?j=151"
"art-3","art","艺术史与策展","作品出处与展示语境","subject-visual","艺术史与策展：这项解释由作品形式支持，还是只来自作者自述？","艺术史与策展：数字工具参与创作怎样记录贡献与版本演变？","作品版本、制作取舍与展示语境","分开形式分析、作者意图与接受评价","作品版本、制作取舍与展示语境的比较与解释记录","https://archaeology.pku.edu.cn/szdw/jxky1/jys/kjkgjys.htm；https://www.cafa.edu.cn/sp/nljg/?j=151"
"philosophy-1","philosophy","逻辑与科学哲学","概念定义与推理前提","proof","逻辑与科学哲学：命题在几个例子里成立，为什么不能证明它普遍成立？","逻辑与科学哲学：形式化或新的构造能否覆盖现有论证遗漏的边界情形？","形式语言、语义结构与推导树","本方向具体检查：分清语法推导与语义有效性，核对所用系统。不要把「概念定义与推理前提」中不同条件直接合并。","逐条前提与反例表，注明「逻辑与科学哲学」的来源、课题版本、已查项与未决项。","https://logic.pku.edu.cn/rcpy/courses/yjskc/index.htm"
"philosophy-2","philosophy","伦理与政治哲学","规范理由与行动边界","subject-ethics","伦理与政治哲学：多数支持如何回应少数人的这项负担？","伦理与政治哲学：算法分配中的解释与申诉能否改变规范判断？","利益冲突案例、行动者立场与规范理由","分别写出受益、负担和支持规范的理由","利益冲突案例、行动者立场与规范理由的比较与解释记录","https://admission.pku.edu.cn/zsxx/lxszs/lxszyml/2026/ss/zsml_ss_lxs_cn_00023.pdf"
"philosophy-3","philosophy","美学与解释学","经验表达与解释语境","evidence-aesthetic","美学与解释学：作品的形式特征与观众的审美判断怎样联系？","美学与解释学：生成作品的作者性和审美价值应怎样讨论？","作品语境、评价语汇与解释文本","本方向具体检查：区分作品特征、解释依据与价值判断。不要把「经验表达与解释语境」中不同条件直接合并。","作品语境、评价语汇与解释文本的来源与比较条件记录，注明「美学与解释学」的来源、课题版本、已查项与未决项。","https://admission.pku.edu.cn/zsxx/lxszs/lxszyml/2026/ss/zsml_ss_lxs_cn_00023.pdf；https://www.cafa.edu.cn/sp/nljg/?j=151"
"law-1","law","民商法","交易关系与规范解释","subject-contract","民商法：这条约定的效力依据与履行证据分别是什么？","民商法：平台合同的自动执行怎样保留争议与救济入口？","约定条款、履行时间线与争议事实","分开条款解释、效力判断与履行事实","约定条款、履行时间线与争议事实的比较与解释记录","https://www.law.pku.edu.cn/xwzx/ggtz/zsjx/870508d182464f118ae55b9473a4c4f3.htm"
"law-2","law","公法与治理","权力边界与执行条件","governance","公法与治理：两个地方使用同名制度，怎样判断可以比较？","公法与治理：新的协作或数字治理能否缩小执行差距，并保留申诉和责任接口？","制度文本、执行材料与对象反馈","本方向具体检查：比较制度情境，保留执行层次与时间。不要把「权力边界与执行条件」中不同条件直接合并。","纸面目标、执行层次与未受益者记录，注明「公法与治理」的来源、课题版本、已查项与未决项。","https://www.law.pku.edu.cn/xwzx/ggtz/zsjx/870508d182464f118ae55b9473a4c4f3.htm；https://bkzs.pku.edu.cn/xkzy/xy/shkxxb/sxkxxy_31/sxkxxyzszy_31/index.htm"
"law-3","law","法与科技","技术使用与责任范围","law","法与科技：规范有效、材料可用与事实被证明为什么是不同问题？","法与科技：新的技术或制度情境怎样接受来源质疑，同时保留解释、责任与救济？","规范版本、案件事实与裁判理由","本方向具体检查：区分效力、事实认定与规范推论。不要把「技术使用与责任范围」中不同条件直接合并。","事实、程序阶段与规范版本对照页，注明「法与科技」的来源、课题版本、已查项与未决项。","https://www.law.pku.edu.cn/xwzx/ggtz/zsjx/870508d182464f118ae55b9473a4c4f3.htm"
"politics-1","politics","比较政治","比较对象与制度情境","evidence-policy","比较政治：两个地方使用同名制度，怎样判断可以比较？","比较政治：算法辅助公共服务怎样保持公平、透明与可申诉？","制度文本、执行材料与对象反馈","本方向具体检查：比较制度情境，保留执行层次与时间。不要把「比较对象与制度情境」中不同条件直接合并。","制度文本、执行材料与对象反馈的来源与比较条件记录，注明「比较政治」的来源、课题版本、已查项与未决项。","https://www.law.pku.edu.cn/xwzx/ggtz/zsjx/870508d182464f118ae55b9473a4c4f3.htm；https://bkzs.pku.edu.cn/xkzy/xy/shkxxb/sxkxxy_31/sxkxxyzszy_31/index.htm"
"politics-2","politics","国际关系","互动结构与战略条件","evidence-policy","国际关系：两个地方使用同名制度，怎样判断可以比较？","国际关系：算法辅助公共服务怎样保持公平、透明与可申诉？","制度文本、执行材料与对象反馈","本方向具体检查：比较制度情境，保留执行层次与时间。不要把「互动结构与战略条件」中不同条件直接合并。","制度文本、执行材料与对象反馈的来源与比较条件记录，注明「国际关系」的来源、课题版本、已查项与未决项。","https://www.law.pku.edu.cn/xwzx/ggtz/zsjx/870508d182464f118ae55b9473a4c4f3.htm；https://bkzs.pku.edu.cn/xkzy/xy/shkxxb/sxkxxy_31/sxkxxyzszy_31/index.htm"
"politics-3","politics","公共政策","政策目标与执行反馈","governance","公共政策：两个地方使用同名制度，怎样判断可以比较？","公共政策：新的协作或数字治理能否缩小执行差距，并保留申诉和责任接口？","制度文本、执行材料与对象反馈","本方向具体检查：比较制度情境，保留执行层次与时间。不要把「政策目标与执行反馈」中不同条件直接合并。","纸面目标、执行层次与未受益者记录，注明「公共政策」的来源、课题版本、已查项与未决项。","https://www.law.pku.edu.cn/xwzx/ggtz/zsjx/870508d182464f118ae55b9473a4c4f3.htm；https://bkzs.pku.edu.cn/xkzy/xy/shkxxb/sxkxxy_31/sxkxxyzszy_31/index.htm"
"education-1","education","学习科学","学习任务与过程证据","subject-learning","学习科学：把辅助工具拿走以后，这道新题还能完成吗？","学习科学：自适应反馈怎样支持延迟保持而非只提高当场成绩？","学习目标、撤去辅助后的作业与延迟测试","区分辅助完成、独立掌握与迁移","学习目标、撤去辅助后的作业与延迟测试的比较与解释记录","https://cter.bnu.edu.cn/docs/2024-05/e0d9749ec02e425eb45aa96fefdadc2a.pdf"
"education-2","education","课程与教学","目标、活动与课堂反馈","subject-learning","课程与教学：把辅助工具拿走以后，这道新题还能完成吗？","课程与教学：自适应反馈怎样支持延迟保持而非只提高当场成绩？","学习目标、撤去辅助后的作业与延迟测试","区分辅助完成、独立掌握与迁移","学习目标、撤去辅助后的作业与延迟测试的比较与解释记录","https://cter.bnu.edu.cn/docs/2024-05/e0d9749ec02e425eb45aa96fefdadc2a.pdf"
"education-3","education","教育技术","工具使用与教学情境","learning","教育技术：参与更积极，为什么不等于目标知识掌握更好？","教育技术：新的反馈设计能否改善撤去辅助后的迁移，而不只提高即时答题？","课堂目标、活动记录与学习过程材料","本方向具体检查：让任务、教学目标与评价对应，保留班级差异。不要把「工具使用与教学情境」中不同条件直接合并。","目标、任务、辅助条件与延迟表现表，注明「教育技术」的来源、课题版本、已查项与未决项。","https://cter.bnu.edu.cn/docs/2024-05/e0d9749ec02e425eb45aa96fefdadc2a.pdf"
"sports-1","sports","运动生理","身体状态与训练条件","subject-rehab","运动生理：测试做得更好，日常哪项活动真的发生了改变？","运动生理：辅助技术怎样评价撤去支持后的持续参与？","标准任务、日常活动与参与记录","分开测试改善、实际功能与生活参与","标准任务、日常活动与参与记录的比较与解释记录","https://cter.bnu.edu.cn/docs/2024-05/e0d9749ec02e425eb45aa96fefdadc2a.pdf"
"sports-2","sports","运动训练","负荷安排与表现记录","subject-rehab","运动训练：测试做得更好，日常哪项活动真的发生了改变？","运动训练：辅助技术怎样评价撤去支持后的持续参与？","标准任务、日常活动与参与记录","分开测试改善、实际功能与生活参与","标准任务、日常活动与参与记录的比较与解释记录","https://cter.bnu.edu.cn/docs/2024-05/e0d9749ec02e425eb45aa96fefdadc2a.pdf"
"sports-3","sports","运动心理","目标、体验与个体差异","subject-rehab","运动心理：测试做得更好，日常哪项活动真的发生了改变？","运动心理：辅助技术怎样评价撤去支持后的持续参与？","标准任务、日常活动与参与记录","分开测试改善、实际功能与生活参与","标准任务、日常活动与参与记录的比较与解释记录","https://cter.bnu.edu.cn/docs/2024-05/e0d9749ec02e425eb45aa96fefdadc2a.pdf；https://www.nhlbi.nih.gov/health-topics/study-quality-assessment-tools"
"psychology-1","psychology","认知心理","任务条件与心理过程","subject-psychology","认知心理：换一个任务版本后，差异还对应这个构念吗？","认知心理：自然情境测量怎样面对跨群体的测量不变性？","任务版本、反应分布与构念定义","区分任务熟悉、测量误差与构念变化","任务版本、反应分布与构念定义的比较与解释记录","https://cter.bnu.edu.cn/docs/2024-05/e0d9749ec02e425eb45aa96fefdadc2a.pdf；https://www.nhlbi.nih.gov/health-topics/study-quality-assessment-tools"
"psychology-2","psychology","社会心理","互动情境与比较设计","subject-psychology","社会心理：换一个任务版本后，差异还对应这个构念吗？","社会心理：自然情境测量怎样面对跨群体的测量不变性？","任务版本、反应分布与构念定义","区分任务熟悉、测量误差与构念变化","任务版本、反应分布与构念定义的比较与解释记录","https://cter.bnu.edu.cn/docs/2024-05/e0d9749ec02e425eb45aa96fefdadc2a.pdf；https://www.nhlbi.nih.gov/health-topics/study-quality-assessment-tools"
"psychology-3","psychology","心理测量","构念、量表与测量边界","subject-psychology","心理测量：换一个任务版本后，差异还对应这个构念吗？","心理测量：自然情境测量怎样面对跨群体的测量不变性？","任务版本、反应分布与构念定义","区分任务熟悉、测量误差与构念变化","任务版本、反应分布与构念定义的比较与解释记录","https://www.nhlbi.nih.gov/health-topics/study-quality-assessment-tools"
"languages-1","languages","语言学","语言材料与结构解释","language","语言学：语言结构与实际使用怎样共同解释一种表达？","语言学：多语言或多模态材料能否保留语境差异，并把模型预测与语言解释分开？","语料出处、体裁、语境与标注记录","本方向具体检查：保留语境与标注分歧，再比较表达功能。不要把「语言材料与结构解释」中不同条件直接合并。","原文版本、语体、任务与编码分歧表，注明「语言学」的来源、课题版本、已查项与未决项。","https://chinese.pku.edu.cn/yxgk/bxjj/index.htm"
"languages-2","languages","翻译研究","目的、语境与译文取舍","subject-translation","翻译研究：这项删改服务了什么翻译目的，又损失了什么？","翻译研究：机器辅助翻译怎样呈现歧义而非只给一个流畅答案？","原文段落、译者取舍与目标读者任务","分别评价信息、文体与翻译目的","原文段落、译者取舍与目标读者任务的比较与解释记录","https://chinese.pku.edu.cn/yxgk/bxjj/index.htm"
"languages-3","languages","第二语言习得","学习过程与任务条件","learning","第二语言习得：做对一道语言题，与能在新场景使用语言有何区别？","第二语言习得：新的反馈设计能否改善撤去辅助后的迁移，而不只提高即时答题？","学习阶段、任务条件与学习者反应","本方向具体检查：区分语言知识、任务熟悉和实际使用表现。不要把「学习过程与任务条件」中不同条件直接合并。","目标、任务、辅助条件与延迟表现表，注明「第二语言习得」的来源、课题版本、已查项与未决项。","https://chinese.pku.edu.cn/yxgk/bxjj/index.htm；https://cter.bnu.edu.cn/docs/2024-05/e0d9749ec02e425eb45aa96fefdadc2a.pdf"
"journalism-1","journalism","新闻研究","来源核实与叙事范围","subject-media","新闻研究：是内容变了，还是推荐入口改变了谁能看见？","新闻研究：合成内容标识怎样影响信任和传播路径？","发布记录、推荐入口与受众接触路径","区分曝光、接触、理解与态度变化","发布记录、推荐入口与受众接触路径的比较与解释记录","https://chinese.pku.edu.cn/yxgk/bxjj/index.htm"
"journalism-2","journalism","传播与媒介","信息路径与受众情境","subject-media","传播与媒介：是内容变了，还是推荐入口改变了谁能看见？","传播与媒介：合成内容标识怎样影响信任和传播路径？","发布记录、推荐入口与受众接触路径","区分曝光、接触、理解与态度变化","发布记录、推荐入口与受众接触路径的比较与解释记录","https://chinese.pku.edu.cn/yxgk/bxjj/index.htm"
"journalism-3","journalism","计算传播","平台记录与传播比较","subject-media","计算传播：是内容变了，还是推荐入口改变了谁能看见？","计算传播：合成内容标识怎样影响信任和传播路径？","发布记录、推荐入口与受众接触路径","区分曝光、接触、理解与态度变化","发布记录、推荐入口与受众接触路径的比较与解释记录","https://chinese.pku.edu.cn/yxgk/bxjj/index.htm"
"history-1","history","社会与文化史","史料出处与时代经验","subject-archives","社会与文化史：行动者当时有可能知道这段材料里的结果吗？","社会与文化史：数字档案如何保留删节、缺卷和来源层次？","档案原件、成文日期与编纂版本","区分事件发生、材料写成与后来编辑的时间","档案原件、成文日期与编纂版本的比较与解释记录","https://history.pku.edu.cn/bxgk/xkjj/index.htm"
"history-2","history","历史地理","空间变迁与材料年代","subject-archives","历史地理：行动者当时有可能知道这段材料里的结果吗？","历史地理：数字档案如何保留删节、缺卷和来源层次？","档案原件、成文日期与编纂版本","区分事件发生、材料写成与后来编辑的时间","档案原件、成文日期与编纂版本的比较与解释记录","https://history.pku.edu.cn/bxgk/xkjj/index.htm"
"history-3","history","考古与物质文化","器物、层位与解释链","subject-archives","考古与物质文化：行动者当时有可能知道这段材料里的结果吗？","考古与物质文化：数字档案如何保留删节、缺卷和来源层次？","档案原件、成文日期与编纂版本","区分事件发生、材料写成与后来编辑的时间","档案原件、成文日期与编纂版本的比较与解释记录","https://archaeology.pku.edu.cn/szdw/jxky1/jys/kjkgjys.htm"
"earth-1","earth","自然地理","空间尺度与环境过程","evidence-ecology","自然地理：一个采样点的变化，何时能帮助解释更大区域？","自然地理：气候与生态多来源资料如何刻画极端事件后的恢复？","像元、样地对应与观测时段","本方向具体检查：区分空间分辨率、实际覆盖与地面对应，保留云遮和缺测。不要把「空间尺度与环境过程」中不同条件直接合并。","像元、样地对应与观测时段的来源与比较条件记录，注明「自然地理」的来源、课题版本、已查项与未决项。","https://www.ues.pku.edu.cn/ztlm/zrdlyzrzyx/index.htm"
"earth-2","earth","地质与地球物理","结构记录与观测条件","physics","地质与地球物理：一个采样点的变化，何时能帮助解释更大区域？","地质与地球物理：新的观测或模型能否区分竞争解释，并检验有限条件到理论极限的差距？","采样位置、时间窗口与环境背景记录","本方向具体检查：画出实际覆盖范围，保留天气与缺测时段。不要把「结构记录与观测条件」中不同条件直接合并。","可观测量、背景与近似条件表，注明「地质与地球物理」的来源、课题版本、已查项与未决项。","https://www.ues.pku.edu.cn/ztlm/zrdlyzrzyx/index.htm"
"earth-3","earth","气象与气候","时间变化与模型边界","subject-weather","气象与气候：这份资料在起报时已经存在了吗？","气象与气候：概率预报怎样同时检验校准与极端事件表现？","预报起报时点、验证窗口与气候基准","分开短期预报技巧与长期气候解释","预报起报时点、验证窗口与气候基准的比较与解释记录","https://www.ues.pku.edu.cn/ztlm/zrdlyzrzyx/index.htm"
"environment-1","environment","生态学","系统边界与观察尺度","subject-ecology","生态学：少记录到一种生物，是少了还是更难被看到？","生态学：长期监测怎样区分群落变化和探测过程变化？","样地边界、观测季节与物种可探测性","区分没观察到、真的缺席与观察机会不同","样地边界、观测季节与物种可探测性的比较与解释记录","https://www.ues.pku.edu.cn/ztlm/zrdlyzrzyx/index.htm"
"environment-2","environment","环境科学","来源、暴露与比较条件","evidence-ecology","环境科学：一个采样点的变化，何时能帮助解释更大区域？","环境科学：气候与生态多来源资料如何刻画极端事件后的恢复？","采样位置、时间窗口与环境背景记录","本方向具体检查：画出实际覆盖范围，保留天气与缺测时段。不要把「来源、暴露与比较条件」中不同条件直接合并。","采样位置、时间窗口与环境背景记录的来源与比较条件记录，注明「环境科学」的来源、课题版本、已查项与未决项。","https://www.ues.pku.edu.cn/ztlm/zrdlyzrzyx/index.htm"
"environment-3","environment","环境治理","执行资源与反馈口径","evidence-ecology","环境治理：一个采样点的变化，何时能帮助解释更大区域？","环境治理：气候与生态多来源资料如何刻画极端事件后的恢复？","采样位置、时间窗口与环境背景记录","本方向具体检查：画出实际覆盖范围，保留天气与缺测时段。不要把「执行资源与反馈口径」中不同条件直接合并。","采样位置、时间窗口与环境背景记录的来源与比较条件记录，注明「环境治理」的来源、课题版本、已查项与未决项。","https://www.ues.pku.edu.cn/ztlm/zrdlyzrzyx/index.htm"
"electrical-1","electrical","电子与传感","测量信号与硬件条件","subject-circuits","电子与传感：这段响应来自器件还是测量链路？","电子与传感：跨尺度集成怎样评价噪声、功耗和长期漂移？","输入带宽、噪声谱与测量链路","区分器件响应、测量链路与信号处理","输入带宽、噪声谱与测量链路的比较与解释记录","https://www.cs.tsinghua.edu.cn/kxyj/kyfx.htm；https://english.phy.pku.edu.cn/Research/Research_Areas.htm"
"electrical-2","electrical","信号处理","信号结构与噪声边界","subject-circuits","信号处理：这段响应来自器件还是测量链路？","信号处理：跨尺度集成怎样评价噪声、功耗和长期漂移？","输入带宽、噪声谱与测量链路","区分器件响应、测量链路与信号处理","输入带宽、噪声谱与测量链路的比较与解释记录","https://www.cs.tsinghua.edu.cn/kxyj/kyfx.htm；https://english.phy.pku.edu.cn/Research/Research_Areas.htm"
"electrical-3","electrical","通信与网络","传输任务与资源约束","subject-circuits","通信与网络：这段响应来自器件还是测量链路？","通信与网络：跨尺度集成怎样评价噪声、功耗和长期漂移？","输入带宽、噪声谱与测量链路","区分器件响应、测量链路与信号处理","输入带宽、噪声谱与测量链路的比较与解释记录","https://www.cs.tsinghua.edu.cn/jgsz/yjssys/jsjkxyjsxrjyjs.htm"
"mechanical-1","mechanical","机械设计","结构约束与使用条件","subject-structures","机械设计：这条边界条件在实际使用里由什么保证？","机械设计：数字模型怎样同时约束局部响应和长期可靠性？","荷载边界、模型简化与失效记录","分开模型假设、边界条件与响应评价","荷载边界、模型简化与失效记录的比较与解释记录","https://ocw.mit.edu/courses/2-001-mechanics-materials-i-fall-2006/pages/syllabus/"
"mechanical-2","mechanical","制造与工艺","过程记录与批次差异","evidence-mechanical","制造与工艺：台架成功为什么还不能覆盖所有工况？","制造与工艺：学习型控制与数字孪生怎样面对未见工况和模型偏差？","工况、台架日志与接口版本","本方向具体检查：对照载荷范围、控制条件和实际接口。不要把「过程记录与批次差异」中不同条件直接合并。","工况、台架日志与接口版本的来源与比较条件记录，注明「制造与工艺」的来源、课题版本、已查项与未决项。","https://ocw.mit.edu/courses/2-001-mechanics-materials-i-fall-2006/pages/syllabus/"
"mechanical-3","mechanical","控制与机器人","反馈、扰动与运行边界","subject-control","控制与机器人：执行器达到约束时，你的稳定性结论还成立吗？","控制与机器人：学习辅助控制怎样保留稳定性范围和失效解释？","闭环响应、扰动记录与执行器约束","区分名义稳定、扰动鲁棒性与约束下表现","闭环响应、扰动记录与执行器约束的比较与解释记录","https://ocw.mit.edu/courses/2-001-mechanics-materials-i-fall-2006/pages/syllabus/"
"civil-1","civil","结构工程","模型简化与承载条件","subject-structures","结构工程：这条边界条件在实际使用里由什么保证？","结构工程：数字模型怎样同时约束局部响应和长期可靠性？","荷载边界、模型简化与失效记录","分开模型假设、边界条件与响应评价","荷载边界、模型简化与失效记录的比较与解释记录","https://ocw.mit.edu/courses/2-001-mechanics-materials-i-fall-2006/pages/syllabus/"
"civil-2","civil","交通与城市","出行记录与空间需求","mechanical","交通与城市：台架成功为什么还不能覆盖所有工况？","交通与城市：新的设计或评价能否跨工况保留可解释的误差与可靠性范围？","工况、台架日志与接口版本","本方向具体检查：对照载荷范围、控制条件和实际接口。不要把「出行记录与空间需求」中不同条件直接合并。","模型简化、使用工况与失效记录，注明「交通与城市」的来源、课题版本、已查项与未决项。","https://ocw.mit.edu/courses/2-001-mechanics-materials-i-fall-2006/pages/syllabus/"
"civil-3","civil","建筑与环境","使用情境与空间反馈","subject-urban","建筑与环境：没有进入现场的人是不是被这条路径挡住了？","建筑与环境：参与式空间设计怎样保留冲突需求和季节变化？","空间方案、实际使用路径与不同时段观察","比较设计意图、进入机会与实际使用","空间方案、实际使用路径与不同时段观察的比较与解释记录","https://www.ues.pku.edu.cn/ztlm/zrdlyzrzyx/index.htm"
"energy-1","energy","热能与动力","能量边界与工况记录","subject-energy","热能与动力：这项效率的分母包含了哪些辅助消耗？","热能与动力：变工况下的系统方案怎样保留全周期优势？","工况、辅助能耗与完整系统边界","在同一边界下比较转换、等待与维护成本","工况、辅助能耗与完整系统边界的比较与解释记录","https://ocw.mit.edu/courses/2-001-mechanics-materials-i-fall-2006/pages/syllabus/"
"energy-2","energy","电力与储能","资源调度与运行条件","subject-energy","电力与储能：这项效率的分母包含了哪些辅助消耗？","电力与储能：变工况下的系统方案怎样保留全周期优势？","工况、辅助能耗与完整系统边界","在同一边界下比较转换、等待与维护成本","工况、辅助能耗与完整系统边界的比较与解释记录","https://ocw.mit.edu/courses/2-001-mechanics-materials-i-fall-2006/pages/syllabus/"
"energy-3","energy","能源与环境","效率解释与环境范围","subject-energy","能源与环境：这项效率的分母包含了哪些辅助消耗？","能源与环境：变工况下的系统方案怎样保留全周期优势？","工况、辅助能耗与完整系统边界","在同一边界下比较转换、等待与维护成本","工况、辅助能耗与完整系统边界的比较与解释记录","https://www.ues.pku.edu.cn/ztlm/zrdlyzrzyx/index.htm"
"aerospace-1","aerospace","飞行器设计","约束、工况与结构假设","arts","飞行器设计：台架成功为什么还不能覆盖所有工况？","飞行器设计：新的创作或展示方式能否兼顾语境、实际体验与作品差异？","工况、台架日志与接口版本","本方向具体检查：对照载荷范围、控制条件和实际接口。不要把「约束、工况与结构假设」中不同条件直接合并。","作品版本、制作取舍与观看条件记录，注明「飞行器设计」的来源、课题版本、已查项与未决项。","https://ocw.mit.edu/courses/2-001-mechanics-materials-i-fall-2006/pages/syllabus/"
"aerospace-2","aerospace","导航与控制","轨迹误差与反馈条件","control","导航与控制：台架成功为什么还不能覆盖所有工况？","导航与控制：自适应控制能否在改变工况后保留稳定性与明确的退化边界？","工况、台架日志与接口版本","本方向具体检查：对照载荷范围、控制条件和实际接口。不要把「轨迹误差与反馈条件」中不同条件直接合并。","扰动、运行约束与失效情境记录，注明「导航与控制」的来源、课题版本、已查项与未决项。","https://ocw.mit.edu/courses/2-001-mechanics-materials-i-fall-2006/pages/syllabus/"
"aerospace-3","aerospace","空间任务与观测","任务窗口与信号记录","evidence-mechanical","空间任务与观测：台架成功为什么还不能覆盖所有工况？","空间任务与观测：学习型控制与数字孪生怎样面对未见工况和模型偏差？","工况、台架日志与接口版本","本方向具体检查：对照载荷范围、控制条件和实际接口。不要把「任务窗口与信号记录」中不同条件直接合并。","工况、台架日志与接口版本的来源与比较条件记录，注明「空间任务与观测」的来源、课题版本、已查项与未决项。","https://ocw.mit.edu/courses/2-001-mechanics-materials-i-fall-2006/pages/syllabus/"
"agriculture-1","agriculture","作物与栽培","生长条件与观察范围","crop","作物与栽培：田间表现怎样区分品种、季节和管理的影响？","作物与栽培：新的性状或管理解释能否跨季节与地点保持，并保留资源取舍？","地块、管理措施与生育期记录","本方向具体检查：对齐地块条件、生育期与管理差异，说明季节限制。不要把「生长条件与观察范围」中不同条件直接合并。","地块、季节、对象与管理记录，注明「作物与栽培」的来源、课题版本、已查项与未决项。","https://sanya.cau.edu.cn/art/2022/8/2/art_47257_889299.html"
"agriculture-2","agriculture","土壤与资源","环境记录与资源条件","subject-soil","土壤与资源：两块地的样品深度和测量状态相同吗？","土壤与资源：长期管理记录怎样连接土壤变化与资源效率？","采样深度、含水状态与地块管理历史","分开空间异质性、测量状态与管理影响","采样深度、含水状态与地块管理历史的比较与解释记录","https://www.ues.pku.edu.cn/ztlm/zrdlyzrzyx/index.htm"
"agriculture-3","agriculture","林业与生态","空间尺度与群落解释","subject-forest","林业与生态：这一年长得好，下一批更新的证据在哪里？","林业与生态：长期监测怎样连接多目标管理和更新风险？","样地年龄结构、更新记录与管理周期","区分短期生长、更新成功与长期维持","样地年龄结构、更新记录与管理周期的比较与解释记录","https://www.ues.pku.edu.cn/ztlm/zrdlyzrzyx/index.htm"
"veterinary-1","veterinary","动物生理","对象状态与观察条件","subject-animals","动物生理：这是个体差异还是同一场环境的共同影响？","动物生理：连续健康与生长资料怎样处理环境依赖？","个体索引、养殖场背景与生长窗口","保留个体、群体环境与观察时期","个体索引、养殖场背景与生长窗口的比较与解释记录","https://sanya.cau.edu.cn/art/2022/8/2/art_47257_889299.html"
"veterinary-2","veterinary","动物健康","比较对象与健康记录","subject-animals","动物健康：这是个体差异还是同一场环境的共同影响？","动物健康：连续健康与生长资料怎样处理环境依赖？","个体索引、养殖场背景与生长窗口","保留个体、群体环境与观察时期","个体索引、养殖场背景与生长窗口的比较与解释记录","https://sanya.cau.edu.cn/art/2022/8/2/art_47257_889299.html"
"veterinary-3","veterinary","行为与福利","行为情境与照护边界","subject-animals","行为与福利：这是个体差异还是同一场环境的共同影响？","行为与福利：连续健康与生长资料怎样处理环境依赖？","个体索引、养殖场背景与生长窗口","保留个体、群体环境与观察时期","个体索引、养殖场背景与生长窗口的比较与解释记录","https://sanya.cau.edu.cn/art/2022/8/2/art_47257_889299.html"
"food-1","food","食品科学","加工条件与评价指标","food","食品科学：批次、保存条件和评价时点如何共同影响食品指标？","食品科学：新的加工或营养评价能否兼顾组成、实际使用与长期适用范围？","批次来源、评价条件与保存时间记录","本方向具体检查：把批次与评价顺序分开，保留原始口径。不要把「加工条件与评价指标」中不同条件直接合并。","批次或饮食记录、评价任务与进入路径，注明「食品科学」的来源、课题版本、已查项与未决项。","https://www.cs.tsinghua.edu.cn/kxyj/kyfx.htm；https://ocw.mit.edu/courses/2-001-mechanics-materials-i-fall-2006/pages/syllabus/"
"food-2","food","营养研究","饮食记录与健康比较","food","营养研究：批次、保存条件和评价时点如何共同影响食品指标？","营养研究：新的加工或营养评价能否兼顾组成、实际使用与长期适用范围？","批次来源、评价条件与保存时间记录","本方向具体检查：把批次与评价顺序分开，保留原始口径。不要把「饮食记录与健康比较」中不同条件直接合并。","批次或饮食记录、评价任务与进入路径，注明「营养研究」的来源、课题版本、已查项与未决项。","https://www.cs.tsinghua.edu.cn/kxyj/kyfx.htm；https://ocw.mit.edu/courses/2-001-mechanics-materials-i-fall-2006/pages/syllabus/"
"food-3","food","食品安全与管理","来源追溯与执行范围","security","食品安全与管理：批次、保存条件和评价时点如何共同影响食品指标？","食品安全与管理：新的评价机制能否观察遗漏的失败，同时保留隐私与可复核性？","批次来源、评价条件与保存时间记录","本方向具体检查：把批次与评价顺序分开，保留原始口径。不要把「来源追溯与执行范围」中不同条件直接合并。","评价范围、报告渠道与失败记录表，注明「食品安全与管理」的来源、课题版本、已查项与未决项。","https://www.cs.tsinghua.edu.cn/kxyj/kyfx.htm；https://ocw.mit.edu/courses/2-001-mechanics-materials-i-fall-2006/pages/syllabus/"
"pharmacy-1","pharmacy","药理学基础与作用机制","药物作用、效能与评价层次","specialty-pharmacy-1","药理学基础与作用机制：现有证据支持靶点参与还是只支持功能变化？","药理学基础与作用机制：多层次证据能否区分直接作用与继发功能变化？","受体或靶点证据、功能反应和暴露资料","区分靶点参与、功能变化与临床获益","受体或靶点证据、功能反应和暴露资料的比较与解释记录","https://www.aspet.org/docs/default-source/education-files/pharmacology-knowledge-objectives-2022-final.pdf"
"pharmacy-2","pharmacy","药物分析","定量可靠性与复杂基质","specialty-pharmacy-2","药物分析：观察到的差异来自真实含量还是基质影响？","药物分析：多来源基质中的定量一致性如何与更简单方法比较？","校准、基质影响、稳定性与定量记录","核对基质影响和测量范围而不只比较峰面积","校准、基质影响、稳定性与定量记录的比较与解释记录","https://www.aspet.org/docs/default-source/education-files/pharmacology-knowledge-objectives-2022-final.pdf"
"pharmacy-3","pharmacy","药事与使用研究","用药过程、制度安排与实施差异","specialty-pharmacy-3","药事与使用研究：流程在哪里改变了实际药品使用？","药事与使用研究：制度与服务资料能否解释不同场景的实施差异？","处方流程、药品可及性与服务记录","区分制度要求、实际执行和患者使用","处方流程、药品可及性与服务记录的比较与解释记录","https://www.aspet.org/docs/default-source/education-files/pharmacology-knowledge-objectives-2022-final.pdf"
"nursing-1","nursing","护理实践研究","照护过程与个体需要","subject-nursing","护理实践研究：这条记录对应的照护行动真的发生了吗？","护理实践研究：连续照护怎样兼顾告警负担与未接入人群？","照护实施、本人报告与交接时间轴","分开文书完成、信息传达与实际落实","照护实施、本人报告与交接时间轴的比较与解释记录","https://www.ninr.nih.gov/research/priority-areas；https://www.nhlbi.nih.gov/health-topics/study-quality-assessment-tools"
"nursing-2","nursing","护理教育","学习任务与实践反馈","subject-nursing","护理教育：这条记录对应的照护行动真的发生了吗？","护理教育：连续照护怎样兼顾告警负担与未接入人群？","照护实施、本人报告与交接时间轴","分开文书完成、信息传达与实际落实","照护实施、本人报告与交接时间轴的比较与解释记录","https://cter.bnu.edu.cn/docs/2024-05/e0d9749ec02e425eb45aa96fefdadc2a.pdf"
"nursing-3","nursing","社区与公共健康","服务范围与执行条件","subject-nursing","社区与公共健康：这条记录对应的照护行动真的发生了吗？","社区与公共健康：连续照护怎样兼顾告警负担与未接入人群？","照护实施、本人报告与交接时间轴","分开文书完成、信息传达与实际落实","照护实施、本人报告与交接时间轴的比较与解释记录","https://www.ninr.nih.gov/research/priority-areas；https://www.nhlbi.nih.gov/health-topics/study-quality-assessment-tools"
"management-1","management","组织与行为","组织情境与协作范围","subject-organization","组织与行为：谁完成了流程却仍没有获得预期支持？","组织与行为：智能协作工具怎样保留新人学习和责任接口？","正式流程、实际协作与未受益者记录","比较纸面目标、落实条件与参与负担","正式流程、实际协作与未受益者记录的比较与解释记录","https://www.som.zju.edu.cn/2025/0506/c63512a3045953/page.htm"
"management-2","management","会计与财务","数据口径与资源关系","subject-accounting","会计与财务：增长来自经营，还是有新主体进入合并范围？","会计与财务：自动审计怎样保留例外、来源和复核责任？","确认时点、合并边界与核对底稿","区分经营变化、口径调整与合并变化","确认时点、合并边界与核对底稿的比较与解释记录","https://www.som.zju.edu.cn/2025/0506/c63512a3045953/page.htm"
"management-3","management","运营与管理科学","过程约束与优化目标","subject-operations","运营与管理科学：这个环节省下的时间有没有变成下一环节的排队？","运营与管理科学：动态调度怎样兼顾波动、服务公平与资源约束？","流程等待、交付记录与需求波动","同时比较局部周转与端到端交付","流程等待、交付记录与需求波动的比较与解释记录","https://www.som.zju.edu.cn/2025/0506/c63512a3045953/page.htm"
"publicadmin-1","publicadmin","公共政策","比较目标与实施条件","governance","公共政策：两个地方使用同名制度，怎样判断可以比较？","公共政策：新的协作或数字治理能否缩小执行差距，并保留申诉和责任接口？","制度文本、执行材料与对象反馈","本方向具体检查：比较制度情境，保留执行层次与时间。不要把「比较目标与实施条件」中不同条件直接合并。","纸面目标、执行层次与未受益者记录，注明「公共政策」的来源、课题版本、已查项与未决项。","https://www.law.pku.edu.cn/xwzx/ggtz/zsjx/870508d182464f118ae55b9473a4c4f3.htm；https://bkzs.pku.edu.cn/xkzy/xy/shkxxb/sxkxxy_31/sxkxxyzszy_31/index.htm"
"publicadmin-2","publicadmin","公共服务","服务过程与使用反馈","governance","公共服务：两个地方使用同名制度，怎样判断可以比较？","公共服务：新的协作或数字治理能否缩小执行差距，并保留申诉和责任接口？","制度文本、执行材料与对象反馈","本方向具体检查：比较制度情境，保留执行层次与时间。不要把「服务过程与使用反馈」中不同条件直接合并。","纸面目标、执行层次与未受益者记录，注明「公共服务」的来源、课题版本、已查项与未决项。","https://www.law.pku.edu.cn/xwzx/ggtz/zsjx/870508d182464f118ae55b9473a4c4f3.htm；https://bkzs.pku.edu.cn/xkzy/xy/shkxxb/sxkxxy_31/sxkxxyzszy_31/index.htm"
"publicadmin-3","publicadmin","资源与应急管理","资源余量与协作边界","subject-organization","资源与应急管理：谁完成了流程却仍没有获得预期支持？","资源与应急管理：智能协作工具怎样保留新人学习和责任接口？","正式流程、实际协作与未受益者记录","比较纸面目标、落实条件与参与负担","正式流程、实际协作与未受益者记录的比较与解释记录","https://www.som.zju.edu.cn/2025/0506/c63512a3045953/page.htm"
"music-1","music","音乐与表演","表达版本与现场体验","subject-music","音乐与表演：这段效果来自演绎，还是后期或场地？","音乐与表演：远程共演怎样评价延迟、协作和共同在场？","乐谱或脚本版本、演出场次与声场记录","分开作品结构、演绎取舍与现场条件","乐谱或脚本版本、演出场次与声场记录的比较与解释记录","https://www.cafa.edu.cn/sp/nljg/?j=151"
"music-2","music","戏剧与影视","叙事结构与受众语境","subject-film","戏剧与影视：这个联系来自现场记录还是剪辑形成的顺序？","戏剧与影视：交互与生成影像怎样改变叙事控制和观看经验？","镜头段落、剪辑版本与放映条件","区分拍摄素材、剪辑叙事与观众解释","镜头段落、剪辑版本与放映条件的比较与解释记录","https://www.cafa.edu.cn/sp/nljg/?j=151"
"music-3","music","声音与媒介技术","声音信号、录音条件与表达判断","evidence-media","声音与媒介技术：信息传播量与受众态度变化为什么不同？","声音与媒介技术：合成内容与推荐机制怎样改变信任和传播多样性？","传播时间、平台机制与受众资料","本方向具体检查：分开内容、推荐入口与实际触达。不要把「声音信号、录音条件与表达判断」中不同条件直接合并。","传播时间、平台机制与受众资料的来源与比较条件记录，注明「声音与媒介技术」的来源、课题版本、已查项与未决项。","https://www.cafa.edu.cn/sp/nljg/?j=151"
"military-1","military","战略与国际安全","推演范围与互动条件","subject-military-history","战略与国际安全：当时的信息和资源允许你提出的这个解释吗？","战略与国际安全：公共史料数字化怎样保留组织变迁中的反例？","公开史料、当时信息与组织约束","限制在公开历史解释，保留行动者当时能知道的内容","公开史料、当时信息与组织约束的比较与解释记录","https://www.moe.gov.cn/srcsite/A22/moe_833/202209/t20220914_660828.html；https://history.pku.edu.cn/bxgk/xkjj/index.htm"
"military-2","military","军事历史","材料出处与时序解释","subject-military-history","军事历史：当时的信息和资源允许你提出的这个解释吗？","军事历史：公共史料数字化怎样保留组织变迁中的反例？","公开史料、当时信息与组织约束","限制在公开历史解释，保留行动者当时能知道的内容","公开史料、当时信息与组织约束的比较与解释记录","https://www.moe.gov.cn/srcsite/A22/moe_833/202209/t20220914_660828.html；https://history.pku.edu.cn/bxgk/xkjj/index.htm"
"military-3","military","组织与保障","资源安排与系统约束","subject-military-history","组织与保障：当时的信息和资源允许你提出的这个解释吗？","组织与保障：公共史料数字化怎样保留组织变迁中的反例？","公开史料、当时信息与组织约束","限制在公开历史解释，保留行动者当时能知道的内容","公开史料、当时信息与组织约束的比较与解释记录","https://www.moe.gov.cn/srcsite/A22/moe_833/202209/t20220914_660828.html；https://history.pku.edu.cn/bxgk/xkjj/index.htm"
"interdisciplinary-1","interdisciplinary","共同问题设计","两边的对象与定义","arts","共同问题设计：两门学科的同名指标，是否测量了同一种对象？","共同问题设计：新的创作或展示方式能否兼顾语境、实际体验与作品差异？","两侧对象定义、资料单位与方法接口","本方向具体检查：分别保留两侧依据，再检查接口是否改变含义。不要把「两边的对象与定义」中不同条件直接合并。","作品版本、制作取舍与观看条件记录，注明「共同问题设计」的来源、课题版本、已查项与未决项。","https://www.moe.gov.cn/srcsite/A22/moe_833/202209/t20220914_660828.html"
"interdisciplinary-2","interdisciplinary","跨学科方法","两侧条件与证据接口","law","跨学科方法：两门学科的同名指标，是否测量了同一种对象？","跨学科方法：新的技术或制度情境怎样接受来源质疑，同时保留解释、责任与救济？","两侧对象定义、资料单位与方法接口","本方向具体检查：分别保留两侧依据，再检查接口是否改变含义。不要把「两侧条件与证据接口」中不同条件直接合并。","事实、程序阶段与规范版本对照页，注明「跨学科方法」的来源、课题版本、已查项与未决项。","https://www.moe.gov.cn/srcsite/A22/moe_833/202209/t20220914_660828.html"
"interdisciplinary-3","interdisciplinary","跨学科应用","使用情境与执行边界","cross","跨学科应用：两门学科的同名指标，是否测量了同一种对象？","跨学科应用：新的证据接口能否同时满足两侧约束，而不以一侧高分替代共同问题？","两侧对象定义、资料单位与方法接口","本方向具体检查：分别保留两侧依据，再检查接口是否改变含义。不要把「使用情境与执行边界」中不同条件直接合并。","双方对象、术语与资料接口对照页，注明「跨学科应用」的来源、课题版本、已查项与未决项。","https://www.moe.gov.cn/srcsite/A22/moe_833/202209/t20220914_660828.html"
"statistics-1","statistics","统计推断","估计目标、抽样条件与不确定性","evidence-statistics","统计推断：估计目标、独立单位和不确定性为什么要先于模型选择？","统计推断：高维辅助数据如何提高推断效率而不改变目标比较？","独立对象索引、缺失模式与模型诊断","本方向具体检查：先说明估计目标和独立单位，再看不确定性。不要把「估计目标、抽样条件与不确定性」中不同条件直接合并。","独立对象索引、缺失模式与模型诊断的来源与比较条件记录，注明「统计推断」的来源、课题版本、已查项与未决项。","https://www.stat.tsinghua.edu.cn/kxyj/kylyy.htm；https://www.nhlbi.nih.gov/health-topics/study-quality-assessment-tools"
"statistics-2","statistics","统计学习","预测、划分与泛化范围","subject-ml","统计学习：你已经根据这个评估结果改过几次模型？","统计学习：分布迁移下怎样检验校准、拒答与少见情境？","对象索引、时间划分与模型选择记录","分开训练、选择与最终评估","对象索引、时间划分与模型选择记录的比较与解释记录","https://www.stat.tsinghua.edu.cn/kxyj/kylyy.htm；https://www.nhlbi.nih.gov/health-topics/study-quality-assessment-tools"
"statistics-3","statistics","空间与时间统计","依赖结构与观测尺度","evidence-statistics","空间与时间统计：估计目标、独立单位和不确定性为什么要先于模型选择？","空间与时间统计：高维辅助数据如何提高推断效率而不改变目标比较？","独立对象索引、缺失模式与模型诊断","本方向具体检查：先说明估计目标和独立单位，再看不确定性。不要把「依赖结构与观测尺度」中不同条件直接合并。","独立对象索引、缺失模式与模型诊断的来源与比较条件记录，注明「空间与时间统计」的来源、课题版本、已查项与未决项。","https://www.stat.tsinghua.edu.cn/kxyj/kylyy.htm；https://www.nhlbi.nih.gov/health-topics/study-quality-assessment-tools"
"astronomy-1","astronomy","恒星与星系","信号、背景与距离解释","astronomy","恒星与星系：观测选择和距离估计怎样影响天体样本比较？","恒星与星系：多信使与时域资料如何检验不同天体过程的解释？","标定、背景信号与模型近似记录","本方向具体检查：对照背景与测量条件，说明近似成立的范围。不要把「信号、背景与距离解释」中不同条件直接合并。","观测窗口、选择函数与标定记录，注明「恒星与星系」的来源、课题版本、已查项与未决项。","https://english.phy.pku.edu.cn/Research/Research_Areas.htm"
"astronomy-2","astronomy","宇宙学","模型假设与观测约束","astronomy","宇宙学：观测选择和距离估计怎样影响天体样本比较？","宇宙学：多信使与时域资料如何检验不同天体过程的解释？","标定、背景信号与模型近似记录","本方向具体检查：对照背景与测量条件，说明近似成立的范围。不要把「模型假设与观测约束」中不同条件直接合并。","观测窗口、选择函数与标定记录，注明「宇宙学」的来源、课题版本、已查项与未决项。","https://english.phy.pku.edu.cn/Research/Research_Areas.htm"
"astronomy-3","astronomy","时域与观测技术","观测窗口与标定记录","evidence-physics","时域与观测技术：测到的曲线为何可能对应不止一种物理解释？","时域与观测技术：更大规模量子或多体系统怎样连接局部验证与整体行为？","标定、背景信号与模型近似记录","本方向具体检查：对照背景与测量条件，说明近似成立的范围。不要把「观测窗口与标定记录」中不同条件直接合并。","标定、背景信号与模型近似记录的来源与比较条件记录，注明「时域与观测技术」的来源、课题版本、已查项与未决项。","https://english.phy.pku.edu.cn/Research/Research_Areas.htm"
"sociology-1","sociology","社会分层","群体差异与比较范围","subject-fieldwork","社会分层：没有接受访谈的人可能怎样改变你的解释？","社会分层：多地点与线上田野怎样保留矛盾叙述？","进入田野的关系、访谈场景与沉默者记录","标明谁愿意谈、谁无法接触以及研究者的位置","进入田野的关系、访谈场景与沉默者记录的比较与解释记录","https://bkzs.pku.edu.cn/xkzy/xy/shkxxb/sxkxxy_31/sxkxxyzszy_31/index.htm"
"sociology-2","sociology","组织与网络","关系结构与互动情境","subject-fieldwork","组织与网络：没有接受访谈的人可能怎样改变你的解释？","组织与网络：多地点与线上田野怎样保留矛盾叙述？","进入田野的关系、访谈场景与沉默者记录","标明谁愿意谈、谁无法接触以及研究者的位置","进入田野的关系、访谈场景与沉默者记录的比较与解释记录","https://bkzs.pku.edu.cn/xkzy/xy/shkxxb/sxkxxy_31/sxkxxyzszy_31/index.htm"
"sociology-3","sociology","城市与社区","空间资源与生活经验","subject-fieldwork","城市与社区：没有接受访谈的人可能怎样改变你的解释？","城市与社区：多地点与线上田野怎样保留矛盾叙述？","进入田野的关系、访谈场景与沉默者记录","标明谁愿意谈、谁无法接触以及研究者的位置","进入田野的关系、访谈场景与沉默者记录的比较与解释记录","https://bkzs.pku.edu.cn/xkzy/xy/shkxxb/sxkxxy_31/sxkxxyzszy_31/index.htm"
"anthropology-1","anthropology","文化人类学","参与关系与语境记录","subject-fieldwork","文化人类学：没有接受访谈的人可能怎样改变你的解释？","文化人类学：多地点与线上田野怎样保留矛盾叙述？","进入田野的关系、访谈场景与沉默者记录","标明谁愿意谈、谁无法接触以及研究者的位置","进入田野的关系、访谈场景与沉默者记录的比较与解释记录","https://bkzs.pku.edu.cn/xkzy/xy/shkxxb/sxkxxy_31/sxkxxyzszy_31/index.htm"
"anthropology-2","anthropology","社会人类学","社会关系与研究者位置","subject-fieldwork","社会人类学：没有接受访谈的人可能怎样改变你的解释？","社会人类学：多地点与线上田野怎样保留矛盾叙述？","进入田野的关系、访谈场景与沉默者记录","标明谁愿意谈、谁无法接触以及研究者的位置","进入田野的关系、访谈场景与沉默者记录的比较与解释记录","https://bkzs.pku.edu.cn/xkzy/xy/shkxxb/sxkxxy_31/sxkxxyzszy_31/index.htm"
"anthropology-3","anthropology","环境与技术人类学","技术使用与地方经验","subject-fieldwork","环境与技术人类学：没有接受访谈的人可能怎样改变你的解释？","环境与技术人类学：多地点与线上田野怎样保留矛盾叙述？","进入田野的关系、访谈场景与沉默者记录","标明谁愿意谈、谁无法接触以及研究者的位置","进入田野的关系、访谈场景与沉默者记录的比较与解释记录","https://bkzs.pku.edu.cn/xkzy/xy/shkxxb/sxkxxy_31/sxkxxyzszy_31/index.htm"
"archaeology-1","archaeology","田野考古","层位、出处与记录链","subject-strata","田野考古：这件样品与本层活动有什么直接联系？","田野考古：多种定年与空间资料怎样保留彼此冲突？","出土位置、层位关系与样品年代分布","把材料年代、沉积过程与活动年代分开","出土位置、层位关系与样品年代分布的比较与解释记录","https://archaeology.pku.edu.cn/szdw/jxky1/jys/kjkgjys.htm"
"archaeology-2","archaeology","科技考古","材料属性与测量条件","subject-strata","科技考古：这件样品与本层活动有什么直接联系？","科技考古：多种定年与空间资料怎样保留彼此冲突？","出土位置、层位关系与样品年代分布","把材料年代、沉积过程与活动年代分开","出土位置、层位关系与样品年代分布的比较与解释记录","https://archaeology.pku.edu.cn/szdw/jxky1/jys/kjkgjys.htm"
"archaeology-3","archaeology","公共与文化遗产","展示语境与公众解释","text","公共与文化遗产：保存一种文化实践，究竟是在保存什么？","公共与文化遗产：数字整理或跨材料比较能否保留版本差异、出处与互相矛盾的解释？","对象来源、保存状态与展示解释","本方向具体检查：区分保存目标、展示叙事与使用者理解。不要把「展示语境与公众解释」中不同条件直接合并。","原件、整理本、转述与解释索引，注明「公共与文化遗产」的来源、课题版本、已查项与未决项。","https://archaeology.pku.edu.cn/szdw/jxky1/jys/kjkgjys.htm；https://www.cafa.edu.cn/sp/nljg/?j=151"
"geography-1","geography","空间分析与地理信息","投影、邻接与尺度","geoscience","空间分析与地理信息：同一地物在不同传感器里，为什么会得到不同数值？","空间分析与地理信息：多源观测能否跨尺度保留校准，并在极端或新时期接受外部检查？","影像日期、空间分辨率与地面参照","本方向具体检查：对齐时间与尺度，保留未能观测的区域。不要把「投影、邻接与尺度」中不同条件直接合并。","空间尺度、观测窗口与缺测索引，注明「空间分析与地理信息」的来源、课题版本、已查项与未决项。","https://www.ues.pku.edu.cn/ztlm/zrdlyzrzyx/index.htm"
"geography-2","geography","人文地理","空间资源与社会情境","evidence-human-geography","人文地理：通勤距离相似的两片街区，为什么居民可到达的工作机会不同？","人文地理：混合办公会怎样改变城市中心与外围的机会分布？","空间单元、人口流动与制度背景","本方向具体检查：核对空间尺度、边界与流动选择，区分区域和个人关系。不要把「空间资源与社会情境」中不同条件直接合并。","空间单元、人口流动与制度背景的来源与比较条件记录，注明「人文地理」的来源、课题版本、已查项与未决项。","https://www.ues.pku.edu.cn/Geography/"
"geography-3","geography","自然地理","环境过程与观察边界","subject-ecology","自然地理：少记录到一种生物，是少了还是更难被看到？","自然地理：长期监测怎样区分群落变化和探测过程变化？","样地边界、观测季节与物种可探测性","区分没观察到、真的缺席与观察机会不同","样地边界、观测季节与物种可探测性的比较与解释记录","https://www.ues.pku.edu.cn/ztlm/zrdlyzrzyx/index.htm"
"materials-1","materials","功能材料","结构、性能与批次","subject-chemistry","功能材料：还有什么结构也能产生这个峰？","功能材料：原位与多源表征怎样处理结构变化和信号重叠？","校准记录、谱图归属与独立表征","把检测信号、结构归属与性质解释分开","校准记录、谱图归属与独立表征的比较与解释记录","https://www.chem.pku.edu.cn/en/Research/ResearchTheme/index.htm"
"materials-2","materials","软材料与界面","材料状态与环境作用","subject-chemistry","软材料与界面：还有什么结构也能产生这个峰？","软材料与界面：原位与多源表征怎样处理结构变化和信号重叠？","校准记录、谱图归属与独立表征","把检测信号、结构归属与性质解释分开","校准记录、谱图归属与独立表征的比较与解释记录","https://www.chem.pku.edu.cn/en/Research/ResearchTheme/index.htm"
"materials-3","materials","计算材料","模型假设与条件范围","subject-chemistry","计算材料：还有什么结构也能产生这个峰？","计算材料：原位与多源表征怎样处理结构变化和信号重叠？","校准记录、谱图归属与独立表征","把检测信号、结构归属与性质解释分开","校准记录、谱图归属与独立表征的比较与解释记录","https://www.chem.pku.edu.cn/en/Research/ResearchTheme/index.htm"
"automation-1","automation","控制理论","反馈条件与稳定范围","subject-control","控制理论：执行器达到约束时，你的稳定性结论还成立吗？","控制理论：学习辅助控制怎样保留稳定性范围和失效解释？","闭环响应、扰动记录与执行器约束","区分名义稳定、扰动鲁棒性与约束下表现","闭环响应、扰动记录与执行器约束的比较与解释记录","https://ocw.mit.edu/courses/2-001-mechanics-materials-i-fall-2006/pages/syllabus/"
"automation-2","automation","机器人与感知","任务环境与观测记录","subject-control","机器人与感知：执行器达到约束时，你的稳定性结论还成立吗？","机器人与感知：学习辅助控制怎样保留稳定性范围和失效解释？","闭环响应、扰动记录与执行器约束","区分名义稳定、扰动鲁棒性与约束下表现","闭环响应、扰动记录与执行器约束的比较与解释记录","https://ocw.mit.edu/courses/2-001-mechanics-materials-i-fall-2006/pages/syllabus/"
"automation-3","automation","智能系统与协同","资源约束与多方互动","evidence-computing","智能系统与协同：一个模型在评估集高分，怎样检查是否真正学到可迁移规律？","智能系统与协同：基础模型与推理系统怎样在新任务中保留可靠性和成本优势？","样本来源、时间划分与模型选择记录","本方向具体检查：区分训练、选择和最终评估，检查对象与时间信息泄漏。不要把「资源约束与多方互动」中不同条件直接合并。","样本来源、时间划分与模型选择记录的来源与比较条件记录，注明「智能系统与协同」的来源、课题版本、已查项与未决项。","https://www.cs.tsinghua.edu.cn/kxyj/kyfx.htm"
"communications-1","communications","信息与编码","编码条件与误差口径","subject-circuits","信息与编码：这段响应来自器件还是测量链路？","信息与编码：跨尺度集成怎样评价噪声、功耗和长期漂移？","输入带宽、噪声谱与测量链路","区分器件响应、测量链路与信号处理","输入带宽、噪声谱与测量链路的比较与解释记录","https://www.cs.tsinghua.edu.cn/kxyj/kyfx.htm；https://english.phy.pku.edu.cn/Research/Research_Areas.htm"
"communications-2","communications","无线与网络","信道变化与资源安排","subject-circuits","无线与网络：这段响应来自器件还是测量链路？","无线与网络：跨尺度集成怎样评价噪声、功耗和长期漂移？","输入带宽、噪声谱与测量链路","区分器件响应、测量链路与信号处理","输入带宽、噪声谱与测量链路的比较与解释记录","https://www.cs.tsinghua.edu.cn/kxyj/kyfx.htm；https://english.phy.pku.edu.cn/Research/Research_Areas.htm"
"communications-3","communications","通信感知融合","信号来源与测量边界","subject-circuits","通信感知融合：这段响应来自器件还是测量链路？","通信感知融合：跨尺度集成怎样评价噪声、功耗和长期漂移？","输入带宽、噪声谱与测量链路","区分器件响应、测量链路与信号处理","输入带宽、噪声谱与测量链路的比较与解释记录","https://www.cs.tsinghua.edu.cn/kxyj/kyfx.htm；https://english.phy.pku.edu.cn/Research/Research_Areas.htm"
"architecture-1","architecture","建筑设计","空间需求与使用反馈","subject-urban","建筑设计：没有进入现场的人是不是被这条路径挡住了？","建筑设计：参与式空间设计怎样保留冲突需求和季节变化？","空间方案、实际使用路径与不同时段观察","比较设计意图、进入机会与实际使用","空间方案、实际使用路径与不同时段观察的比较与解释记录","https://ocw.mit.edu/courses/2-001-mechanics-materials-i-fall-2006/pages/syllabus/"
"architecture-2","architecture","城乡规划","资源、尺度与生活情境","subject-urban","城乡规划：没有进入现场的人是不是被这条路径挡住了？","城乡规划：参与式空间设计怎样保留冲突需求和季节变化？","空间方案、实际使用路径与不同时段观察","比较设计意图、进入机会与实际使用","空间方案、实际使用路径与不同时段观察的比较与解释记录","https://ocw.mit.edu/courses/2-001-mechanics-materials-i-fall-2006/pages/syllabus/"
"architecture-3","architecture","建筑技术与环境","工况、性能与环境范围","subject-urban","建筑技术与环境：没有进入现场的人是不是被这条路径挡住了？","建筑技术与环境：参与式空间设计怎样保留冲突需求和季节变化？","空间方案、实际使用路径与不同时段观察","比较设计意图、进入机会与实际使用","空间方案、实际使用路径与不同时段观察的比较与解释记录","https://www.ues.pku.edu.cn/ztlm/zrdlyzrzyx/index.htm"
"design-1","design","交互设计","用户任务与反馈来源","subject-design","交互设计：第一次使用的人在哪一步需要求助？","交互设计：适应式交互怎样兼顾便利、可预测性与撤回？","原型版本、用户任务与失败路径","保留误操作、求助、放弃与完成记录","原型版本、用户任务与失败路径的比较与解释记录","https://www.cs.tsinghua.edu.cn/kxyj/kyfx.htm；https://www.cafa.edu.cn/sp/nljg/?j=151"
"design-2","design","服务设计","协作流程与使用情境","subject-design","服务设计：第一次使用的人在哪一步需要求助？","服务设计：适应式交互怎样兼顾便利、可预测性与撤回？","原型版本、用户任务与失败路径","保留误操作、求助、放弃与完成记录","原型版本、用户任务与失败路径的比较与解释记录","https://www.cs.tsinghua.edu.cn/kxyj/kyfx.htm；https://www.cafa.edu.cn/sp/nljg/?j=151"
"design-3","design","视觉与信息设计","表达结构与受众理解","subject-design","视觉与信息设计：第一次使用的人在哪一步需要求助？","视觉与信息设计：适应式交互怎样兼顾便利、可预测性与撤回？","原型版本、用户任务与失败路径","保留误操作、求助、放弃与完成记录","原型版本、用户任务与失败路径的比较与解释记录","https://www.cafa.edu.cn/sp/nljg/?j=151"
"publichealth-1","publichealth","流行病学","群体、比较与偏差边界","evidence-population","流行病学：在人群中观察到关系，需要先说明谁进入了资料吗？","流行病学：多来源常规数据怎样支持公平而可验证的风险研究？","登记分母、调查框与健康服务记录","本方向具体检查：先核对覆盖人口与时期，再比较比例。不要把「群体、比较与偏差边界」中不同条件直接合并。","登记分母、调查框与健康服务记录的来源与比较条件记录，注明「流行病学」的来源、课题版本、已查项与未决项。","https://www.nih.gov/about-nih/science-health-public-trust/tools/understanding-clinical-studies；https://www.nhlbi.nih.gov/health-topics/study-quality-assessment-tools"
"publichealth-2","publichealth","卫生政策与管理","资源条件与执行反馈","governance","卫生政策与管理：医疗服务被提供了，为什么不等于患者真正获得了它？","卫生政策与管理：新的协作或数字治理能否缩小执行差距，并保留申诉和责任接口？","服务路径、支付口径与使用者反馈","本方向具体检查：分开服务可及、使用与结果，核对就医选择。不要把「资源条件与执行反馈」中不同条件直接合并。","纸面目标、执行层次与未受益者记录，注明「卫生政策与管理」的来源、课题版本、已查项与未决项。","https://www.ninr.nih.gov/research/priority-areas；https://www.nhlbi.nih.gov/health-topics/study-quality-assessment-tools"
"publichealth-3","publichealth","环境与职业健康","环境记录与群体差异","evidence-population","环境与职业健康：在人群中观察到关系，需要先说明谁进入了资料吗？","环境与职业健康：多来源常规数据怎样支持公平而可验证的风险研究？","登记分母、调查框与健康服务记录","本方向具体检查：先核对覆盖人口与时期，再比较比例。不要把「环境记录与群体差异」中不同条件直接合并。","登记分母、调查框与健康服务记录的来源与比较条件记录，注明「环境与职业健康」的来源、课题版本、已查项与未决项。","https://www.nih.gov/about-nih/science-health-public-trust/tools/understanding-clinical-studies；https://www.nhlbi.nih.gov/health-topics/study-quality-assessment-tools"
"classic-4","classic","发育生物学","发育阶段与观察时间","development","发育生物学：形态结构与生理功能怎样建立对应？","发育生物学：连续观察能否区分个体变化、年龄差异与资料进入方式？","结构图谱、发育阶段与功能观察记录","本方向具体检查：对应结构、阶段与观察条件，不用形态代替功能。不要把「发育阶段与观察时间」中不同条件直接合并。","阶段、生活条件与指标含义说明，注明「发育生物学」的来源、课题版本、已查项与未决项。","https://openstax.org/books/anatomy-and-physiology-2e/pages/preface"
"classic-5","classic","神经科学","功能过程与行为解释","evidence-biomedical","神经科学：分子或细胞层面的差异，怎样连接到具体生物学解释？","神经科学：跨模态图谱与基础模型能否在未见对象中提出可验证解释？","样本来源、批次索引与注释版本","本方向具体检查：区分生物对象与重复测量，核对批次构成。不要把「功能过程与行为解释」中不同条件直接合并。","样本来源、批次索引与注释版本的来源与比较条件记录，注明「神经科学」的来源、课题版本、已查项与未决项。","https://www.nhlbi.nih.gov/health-topics/study-quality-assessment-tools；https://openstax.org/books/anatomy-and-physiology-2e/pages/preface"
"classic-6","classic","免疫研究","状态差异与解释边界","evidence-biomedical","免疫研究：细胞表型、活性信号与功能解释如何区分？","免疫研究：组织环境与纵向状态资料怎样刻画免疫异质性？","样本来源、批次索引与注释版本","本方向具体检查：区分生物对象与重复测量，核对批次构成。不要把「状态差异与解释边界」中不同条件直接合并。","样本来源、批次索引与注释版本的来源与比较条件记录，注明「免疫研究」的来源、课题版本、已查项与未决项。","https://www.nhlbi.nih.gov/health-topics/study-quality-assessment-tools；https://openstax.org/books/anatomy-and-physiology-2e/pages/preface"
"classic-7","classic","遗传学","变异信息与比较范围","genetics","遗传学：遗传关联为何不能独立说明某条分子机制？","遗传学：多来源证据能否缩小候选解释，同时保留群体与模型的边界？","变异标识、效应等位基因与祖源构成","本方向具体检查：对齐等位基因、效应方向和研究人群，区分关联与机制。不要把「变异信息与比较范围」中不同条件直接合并。","参考版本、对象关系与证据层级表，注明「遗传学」的来源、课题版本、已查项与未决项。","https://www.stat.tsinghua.edu.cn/kxyj/kylyy.htm；https://www.nhlbi.nih.gov/health-topics/study-quality-assessment-tools"
"classic-8","classic","微生物与宿主","对象差异与环境条件","microbiome","微生物与宿主：分子或细胞层面的差异，怎样连接到具体生物学解释？","微生物与宿主：多来源群落资料能否给出稳健的关联，而不把相对组成写成绝对数量？","样本来源、批次索引与注释版本","本方向具体检查：区分生物对象与重复测量，核对批次构成。不要把「对象差异与环境条件」中不同条件直接合并。","公开资料版本、注释映射与对象索引，注明「微生物与宿主」的来源、课题版本、已查项与未决项。","https://www.nhlbi.nih.gov/health-topics/study-quality-assessment-tools；https://openstax.org/books/anatomy-and-physiology-2e/pages/preface"
"classic-9","classic","生物信息学","资料整合与推断前提","omics","生物信息学：分子或细胞层面的差异，怎样连接到具体生物学解释？","生物信息学：跨平台整合能否在未见对象上保持结果，并与简单基线比较？","样本来源、批次索引与注释版本","本方向具体检查：区分生物对象与重复测量，核对批次构成。不要把「资料整合与推断前提」中不同条件直接合并。","来源、供体与批次对应表，注明「生物信息学」的来源、课题版本、已查项与未决项。","https://www.nhlbi.nih.gov/health-topics/study-quality-assessment-tools；https://openstax.org/books/anatomy-and-physiology-2e/pages/preface"
"data-4","data","计算机视觉","图像来源与迁移条件","evidence-vision","计算机视觉：图像识别的错误为何常与采集场景有关？","计算机视觉：视觉基础模型怎样在少标注的新场景里保持校准？","图像来源、场景划分与标注版本","本方向具体检查：按对象或来源核对划分，记录遮挡与场景变化。不要把「图像来源与迁移条件」中不同条件直接合并。","图像来源、场景划分与标注版本的来源与比较条件记录，注明「计算机视觉」的来源、课题版本、已查项与未决项。","https://www.cs.tsinghua.edu.cn/kxyj/kyfx.htm"
"data-5","data","自然语言处理","语言任务与语境偏差","nlp","自然语言处理：同一句话在不同语境里为什么对应不同任务答案？","自然语言处理：新语境中的生成或检索能否同时保留出处、任务完成和事实核对？","语料来源、标注规范与任务定义","本方向具体检查：区分文本重叠、标注分歧与任务表现，保留语言和语域条件。不要把「语言任务与语境偏差」中不同条件直接合并。","语料体裁、人工核对与错误来源表，注明「自然语言处理」的来源、课题版本、已查项与未决项。","https://www.cs.tsinghua.edu.cn/kxyj/kyfx.htm"
"data-6","data","数据库与数据工程","资料流转与一致性","subject-transactions","数据库与数据工程：比较吞吐量之前，这个并发历史满足了哪一级隔离承诺？","数据库与数据工程：分布式事务怎样同时检验异常、故障恢复与性能？","并发事务历史、工作负载与隔离级别","先比较隔离承诺与允许的异常，再比较延迟和吞吐量","并发事务历史、工作负载与隔离级别的比较与解释记录","https://www.postgresql.org/docs/16/transaction-iso.html；https://www.cs.tsinghua.edu.cn/jgsz/yjssys/jsjkxyjsxrjyjs.htm"
"data-7","data","计算机安全","威胁假设与责任边界","security","计算机安全：程序通过测试，为什么不等于所有输入都正确？","计算机安全：新的评价机制能否观察遗漏的失败，同时保留隐私与可复核性？","运行版本、依赖清单与故障日志","本方向具体检查：在同一条件下复查，区分环境与功能变化。不要把「威胁假设与责任边界」中不同条件直接合并。","评价范围、报告渠道与失败记录表，注明「计算机安全」的来源、课题版本、已查项与未决项。","https://www.cs.tsinghua.edu.cn/jgsz/yjssys/jsjkxyjsxrjyjs.htm"
"data-8","data","分布式计算","协同条件与故障传播","subject-distributed","分布式计算：这个读结果满足你承诺的一致性吗？","分布式计算：跨地域运行怎样权衡一致性、可用性和延迟？","操作历史、故障窗口与一致性承诺","对照读写顺序、隔离语义与失效行为","操作历史、故障窗口与一致性承诺的比较与解释记录","https://www.cs.tsinghua.edu.cn/jgsz/yjssys/jsjkxyjsxrjyjs.htm"
"data-9","data","因果与可信人工智能","推断边界与使用责任","subject-ml","因果与可信人工智能：你已经根据这个评估结果改过几次模型？","因果与可信人工智能：分布迁移下怎样检验校准、拒答与少见情境？","对象索引、时间划分与模型选择记录","分开训练、选择与最终评估","对象索引、时间划分与模型选择记录的比较与解释记录","https://www.cs.tsinghua.edu.cn/kxyj/kyfx.htm"
"theory-4","theory","代数与数论","结构定义与命题条件","subject-algebra","代数与数论：这个不变量相同能推出同构，还是只有反向成立？","代数与数论：计算发现的分类模式怎样转成可检验的结构证明？","对象定义、映射类别与候选不变量","先确定映射保留什么，再检查分类条件","对象定义、映射类别与候选不变量的比较与解释记录","https://www.ocw.mit.edu/courses/18-100c-real-analysis-fall-2012/"
"theory-5","theory","几何与拓扑","空间结构与连续变化","subject-algebra","几何与拓扑：这个不变量相同能推出同构，还是只有反向成立？","几何与拓扑：计算发现的分类模式怎样转成可检验的结构证明？","对象定义、映射类别与候选不变量","先确定映射保留什么，再检查分类条件","对象定义、映射类别与候选不变量的比较与解释记录","https://www.ocw.mit.edu/courses/18-100c-real-analysis-fall-2012/"
"theory-6","theory","计算数学","数值近似与误差来源","subject-numerics","计算数学：残差变小以后，换网格的结果是否还会变？","计算数学：自适应计算怎样分配误差预算并保留可解释性？","网格序列、误差指标与参考解","区分离散误差、求解误差与模型误差","网格序列、误差指标与参考解的比较与解释记录","https://www.ocw.mit.edu/courses/18-100c-real-analysis-fall-2012/"
"theory-7","theory","运筹学","目标冲突与资源约束","evidence-optimization","运筹学：找到一个可行解，为什么不等于找到了最优解？","运筹学：数据驱动启发式在分布变化下如何保留约束与解的质量？","目标函数、可行约束与对照方案","本方向具体检查：先确认可行性，再比较目标值与资源取舍。不要把「目标冲突与资源约束」中不同条件直接合并。","目标函数、可行约束与对照方案的来源与比较条件记录，注明「运筹学」的来源、课题版本、已查项与未决项。","https://www.ocw.mit.edu/courses/18-100c-real-analysis-fall-2012/；https://www.stat.tsinghua.edu.cn/kxyj/kylyy.htm"
"theory-8","theory","动力系统","时间演化与稳定条件","subject-dynamics","动力系统：你证明的是哪个初值集合上的哪一种稳定？","动力系统：非线性系统怎样刻画吸引域与参数变化的联系？","相空间、初值集合与稳定性定义","区分单条轨道有界、局部稳定与全局吸引","相空间、初值集合与稳定性定义的比较与解释记录","https://www.ocw.mit.edu/courses/18-100c-real-analysis-fall-2012/"
"theory-9","theory","组合与图论","连接结构与计数范围","evidence-math","组合与图论：一个结论依赖哪些假设，去掉其中一条会怎样？","组合与图论：自动形式化与证明搜索怎样帮助发现并核对新的论证？","定义、引理依赖与边界例子","本方向具体检查：逐步标出用到的条件，再检验退化情形。不要把「连接结构与计数范围」中不同条件直接合并。","定义、引理依赖与边界例子的来源与比较条件记录，注明「组合与图论」的来源、课题版本、已查项与未决项。","https://www.ocw.mit.edu/courses/18-100c-real-analysis-fall-2012/"
"field-4","field","劳动与组织调查","工作经验与组织条件","subject-fieldwork","劳动与组织调查：没有接受访谈的人可能怎样改变你的解释？","劳动与组织调查：多地点与线上田野怎样保留矛盾叙述？","进入田野的关系、访谈场景与沉默者记录","标明谁愿意谈、谁无法接触以及研究者的位置","进入田野的关系、访谈场景与沉默者记录的比较与解释记录","https://bkzs.pku.edu.cn/xkzy/xy/shkxxb/sxkxxy_31/sxkxxyzszy_31/index.htm"
"field-5","field","城市田野","日常生活与空间资源","subject-fieldwork","城市田野：没有接受访谈的人可能怎样改变你的解释？","城市田野：多地点与线上田野怎样保留矛盾叙述？","进入田野的关系、访谈场景与沉默者记录","标明谁愿意谈、谁无法接触以及研究者的位置","进入田野的关系、访谈场景与沉默者记录的比较与解释记录","https://bkzs.pku.edu.cn/xkzy/xy/shkxxb/sxkxxy_31/sxkxxyzszy_31/index.htm"
"field-6","field","数字社会田野","线上记录与参与关系","subject-fieldwork","数字社会田野：没有接受访谈的人可能怎样改变你的解释？","数字社会田野：多地点与线上田野怎样保留矛盾叙述？","进入田野的关系、访谈场景与沉默者记录","标明谁愿意谈、谁无法接触以及研究者的位置","进入田野的关系、访谈场景与沉默者记录的比较与解释记录","https://bkzs.pku.edu.cn/xkzy/xy/shkxxb/sxkxxy_31/sxkxxyzszy_31/index.htm"
"field-7","field","迁移与流动","地方经验与制度边界","subject-fieldwork","迁移与流动：没有接受访谈的人可能怎样改变你的解释？","迁移与流动：多地点与线上田野怎样保留矛盾叙述？","进入田野的关系、访谈场景与沉默者记录","标明谁愿意谈、谁无法接触以及研究者的位置","进入田野的关系、访谈场景与沉默者记录的比较与解释记录","https://bkzs.pku.edu.cn/xkzy/xy/shkxxb/sxkxxy_31/sxkxxyzszy_31/index.htm"
"field-8","field","家庭与亲属研究","关系叙述与文化语境","subject-fieldwork","家庭与亲属研究：没有接受访谈的人可能怎样改变你的解释？","家庭与亲属研究：多地点与线上田野怎样保留矛盾叙述？","进入田野的关系、访谈场景与沉默者记录","标明谁愿意谈、谁无法接触以及研究者的位置","进入田野的关系、访谈场景与沉默者记录的比较与解释记录","https://bkzs.pku.edu.cn/xkzy/xy/shkxxb/sxkxxy_31/sxkxxyzszy_31/index.htm"
"field-9","field","民族志写作","材料取舍与研究者声音","subject-fieldwork","民族志写作：没有接受访谈的人可能怎样改变你的解释？","民族志写作：多地点与线上田野怎样保留矛盾叙述？","进入田野的关系、访谈场景与沉默者记录","标明谁愿意谈、谁无法接触以及研究者的位置","进入田野的关系、访谈场景与沉默者记录的比较与解释记录","https://bkzs.pku.edu.cn/xkzy/xy/shkxxb/sxkxxy_31/sxkxxyzszy_31/index.htm"
"clinical-4","clinical","心血管研究","个体比较与功能指标","evidence-cardiac","心血管研究：一次风险测量怎样与长期心血管结局建立联系？","心血管研究：多模态风险资料能否在不同机构中保持预测校准？","测量场景、风险分层与随访时点","本方向具体检查：区分一次测量、稳定暴露与长期结局，保留人群分层。不要把「个体比较与功能指标」中不同条件直接合并。","测量场景、风险分层与随访时点的来源与比较条件记录，注明「心血管研究」的来源、课题版本、已查项与未决项。","https://www.nih.gov/about-nih/science-health-public-trust/tools/understanding-clinical-studies；https://www.nhlbi.nih.gov/health-topics/study-quality-assessment-tools"
"clinical-5","clinical","神经与精神研究","症状记录与解释范围","evidence-neuro","神经与精神研究：观察到结构连接，为什么还不能完全解释行为？","神经与精神研究：连接组与动态记录怎样共同检验神经环路解释？","影像分区版本、任务记录与功能量表","本方向具体检查：按个体核对时点，区分软件变化和练习效应。不要把「症状记录与解释范围」中不同条件直接合并。","影像分区版本、任务记录与功能量表的来源与比较条件记录，注明「神经与精神研究」的来源、课题版本、已查项与未决项。","https://www.nih.gov/about-nih/science-health-public-trust/tools/understanding-clinical-studies；https://www.nhlbi.nih.gov/health-topics/study-quality-assessment-tools"
"clinical-6","clinical","肿瘤研究","对象异质性与比较边界","tumor","肿瘤研究：影像缩小、分子变化与长期生存为什么需要分别评价？","肿瘤研究：多来源肿瘤资料能否保留异质性、失访和独立评估，而不只改善内部分类？","分期版本、随访截止与后续处置记录","本方向具体检查：区分结局定义、随访时长与后续处理。不要把「对象异质性与比较边界」中不同条件直接合并。","对象进入、分型与患者结局窗口表，注明「肿瘤研究」的来源、课题版本、已查项与未决项。","https://www.nih.gov/about-nih/science-health-public-trust/tools/understanding-clinical-studies；https://www.nhlbi.nih.gov/health-topics/study-quality-assessment-tools"
"clinical-7","clinical","感染与免疫相关研究","状态变化与对象条件","evidence-infection","感染与免疫相关研究：登记病例增加，怎样区分风险变化与检测覆盖变化？","感染与免疫相关研究：常规公共监测如何更早发现异常并控制误报？","转诊构成、编码版本与公开队列记录","本方向具体检查：核对登记定义与入组时期，不把编码变化当趋势。不要把「状态变化与对象条件」中不同条件直接合并。","转诊构成、编码版本与公开队列记录的来源与比较条件记录，注明「感染与免疫相关研究」的来源、课题版本、已查项与未决项。","https://www.nih.gov/about-nih/science-health-public-trust/tools/understanding-clinical-studies；https://www.nhlbi.nih.gov/health-topics/study-quality-assessment-tools"
"clinical-8","clinical","康复研究","恢复过程与生活情境","rehab","康复研究：一次任务表现改善，如何区分练习效应与功能恢复？","康复研究：个体化或辅助技术能否把表现改善转成可持续的生活参与？","功能任务、量表版本与家庭参与记录","本方向具体检查：对照任务目标、评估者和真实使用情境。不要把「恢复过程与生活情境」中不同条件直接合并。","任务条件、阶段与日常功能对照页，注明「康复研究」的来源、课题版本、已查项与未决项。","https://www.nih.gov/about-nih/science-health-public-trust/tools/understanding-clinical-studies；https://www.nhlbi.nih.gov/health-topics/study-quality-assessment-tools"
"clinical-9","clinical","临床信息研究","记录口径与缺失机制","evidence-health-services","临床信息研究：医疗服务被提供了，为什么不等于患者真正获得了它？","临床信息研究：混合线上线下服务怎样影响照护连续性与不平等？","服务路径、支付口径与使用者反馈","本方向具体检查：分开服务可及、使用与结果，核对就医选择。不要把「记录口径与缺失机制」中不同条件直接合并。","服务路径、支付口径与使用者反馈的来源与比较条件记录，注明「临床信息研究」的来源、课题版本、已查项与未决项。","https://www.ninr.nih.gov/research/priority-areas；https://www.nhlbi.nih.gov/health-topics/study-quality-assessment-tools"
"physics-4","physics","粒子与核物理","信号识别与模型约束","physics","粒子与核物理：测到的曲线为何可能对应不止一种物理解释？","粒子与核物理：新的观测或模型能否区分竞争解释，并检验有限条件到理论极限的差距？","标定、背景信号与模型近似记录","本方向具体检查：对照背景与测量条件，说明近似成立的范围。不要把「信号识别与模型约束」中不同条件直接合并。","可观测量、背景与近似条件表，注明「粒子与核物理」的来源、课题版本、已查项与未决项。","https://english.phy.pku.edu.cn/Research/Research_Areas.htm"
"physics-5","physics","统计物理","集体行为与近似条件","physics","统计物理：测到的曲线为何可能对应不止一种物理解释？","统计物理：新的观测或模型能否区分竞争解释，并检验有限条件到理论极限的差距？","模型状态、系综假设与观测量对应","本方向具体检查：区分系综中的量、有限系统和实际观测条件。不要把「集体行为与近似条件」中不同条件直接合并。","可观测量、背景与近似条件表，注明「统计物理」的来源、课题版本、已查项与未决项。","https://english.phy.pku.edu.cn/Research/Research_Areas.htm"
"physics-6","physics","原子与分子物理","状态变化与测量边界","physics","原子与分子物理：测到的曲线为何可能对应不止一种物理解释？","原子与分子物理：新的观测或模型能否区分竞争解释，并检验有限条件到理论极限的差距？","标定、背景信号与模型近似记录","本方向具体检查：对照背景与测量条件，说明近似成立的范围。不要把「状态变化与测量边界」中不同条件直接合并。","可观测量、背景与近似条件表，注明「原子与分子物理」的来源、课题版本、已查项与未决项。","https://english.phy.pku.edu.cn/Research/Research_Areas.htm"
"physics-7","physics","量子信息","信息任务与物理约束","subject-condensed","量子信息：哪个可观察预测能区分你提出的两种机制？","量子信息：多尺度观测怎样约束相变或输运的竞争解释？","结构表征、响应曲线与有限尺寸记录","区分结构关联、仪器背景与机制预测","结构表征、响应曲线与有限尺寸记录的比较与解释记录","https://english.phy.pku.edu.cn/Research/Research_Areas.htm"
"physics-8","physics","等离子体与流体","非线性过程与工况解释","physics","等离子体与流体：测到的曲线为何可能对应不止一种物理解释？","等离子体与流体：新的观测或模型能否区分竞争解释，并检验有限条件到理论极限的差距？","标定、背景信号与模型近似记录","本方向具体检查：对照背景与测量条件，说明近似成立的范围。不要把「非线性过程与工况解释」中不同条件直接合并。","可观测量、背景与近似条件表，注明「等离子体与流体」的来源、课题版本、已查项与未决项。","https://english.phy.pku.edu.cn/Research/Research_Areas.htm"
"physics-9","physics","计算与数据物理","数值记录与推断条件","subject-numerics","计算与数据物理：残差变小以后，换网格的结果是否还会变？","计算与数据物理：自适应计算怎样分配误差预算并保留可解释性？","网格序列、误差指标与参考解","区分离散误差、求解误差与模型误差","网格序列、误差指标与参考解的比较与解释记录","https://english.phy.pku.edu.cn/Research/Research_Areas.htm"
"chemistry-4","chemistry","有机化学","结构关系与材料记录","subject-chemistry","有机化学：还有什么结构也能产生这个峰？","有机化学：原位与多源表征怎样处理结构变化和信号重叠？","校准记录、谱图归属与独立表征","把检测信号、结构归属与性质解释分开","校准记录、谱图归属与独立表征的比较与解释记录","https://www.chem.pku.edu.cn/en/Research/ResearchTheme/index.htm"
"chemistry-5","chemistry","无机化学","组成、结构与条件范围","subject-chemistry","无机化学：还有什么结构也能产生这个峰？","无机化学：原位与多源表征怎样处理结构变化和信号重叠？","校准记录、谱图归属与独立表征","把检测信号、结构归属与性质解释分开","校准记录、谱图归属与独立表征的比较与解释记录","https://www.chem.pku.edu.cn/en/Research/ResearchTheme/index.htm"
"chemistry-6","chemistry","理论与计算化学","近似方法与结果解释","subject-chemistry","理论与计算化学：还有什么结构也能产生这个峰？","理论与计算化学：原位与多源表征怎样处理结构变化和信号重叠？","校准记录、谱图归属与独立表征","把检测信号、结构归属与性质解释分开","校准记录、谱图归属与独立表征的比较与解释记录","https://www.chem.pku.edu.cn/en/Research/ResearchTheme/index.htm"
"chemistry-7","chemistry","电化学","界面过程与信号条件","subject-chemistry","电化学：还有什么结构也能产生这个峰？","电化学：原位与多源表征怎样处理结构变化和信号重叠？","校准记录、谱图归属与独立表征","把检测信号、结构归属与性质解释分开","校准记录、谱图归属与独立表征的比较与解释记录","https://www.chem.pku.edu.cn/en/Research/ResearchTheme/index.htm"
"chemistry-8","chemistry","环境化学","来源记录与环境范围","subject-chemistry","环境化学：还有什么结构也能产生这个峰？","环境化学：原位与多源表征怎样处理结构变化和信号重叠？","校准记录、谱图归属与独立表征","把检测信号、结构归属与性质解释分开","校准记录、谱图归属与独立表征的比较与解释记录","https://www.chem.pku.edu.cn/en/Research/ResearchTheme/index.htm"
"chemistry-9","chemistry","化学生物学","分子观察与功能解释","subject-chemistry","化学生物学：还有什么结构也能产生这个峰？","化学生物学：原位与多源表征怎样处理结构变化和信号重叠？","校准记录、谱图归属与独立表征","把检测信号、结构归属与性质解释分开","校准记录、谱图归属与独立表征的比较与解释记录","https://www.chem.pku.edu.cn/en/Research/ResearchTheme/index.htm"
"economics-4","economics","劳动经济","劳动比较与选择偏差","subject-labor","劳动经济：平均收入涨了，是否有人失去工作而不再被统计？","劳动经济：平台劳动的进入退出怎样改变收入分配解释？","就业状态、退出者记录与工时收入分布","把是否就业、工时和时薪三个变化分开","就业状态、退出者记录与工时收入分布的比较与解释记录","https://econ.pku.edu.cn/xkzy/index.htm"
"economics-5","economics","金融经济","风险口径与时间变化","subject-finance","金融经济：当时能看到这个数据版本吗？","金融经济：分布变化下风险预测怎样保持可校准性？","信息发布时间、交易成本与收益区间","只使用决策当时可见的信息比较净表现","信息发布时间、交易成本与收益区间的比较与解释记录","https://econ.pku.edu.cn/xkzy/index.htm"
"economics-6","economics","产业组织","竞争结构与互动条件","subject-trade","产业组织：出口额变化来自价格还是数量？","产业组织：供应链重组如何影响不同环节的增加值分配？","贸易流向、价格数量与行业进入退出记录","区分价格变化、数量变化与企业构成变化","贸易流向、价格数量与行业进入退出记录的比较与解释记录","https://econ.pku.edu.cn/xkzy/index.htm"
"economics-7","economics","国际贸易","流动、制度与比较单位","subject-trade","国际贸易：出口额变化来自价格还是数量？","国际贸易：供应链重组如何影响不同环节的增加值分配？","贸易流向、价格数量与行业进入退出记录","区分价格变化、数量变化与企业构成变化","贸易流向、价格数量与行业进入退出记录的比较与解释记录","https://econ.pku.edu.cn/xkzy/index.htm"
"economics-8","economics","计量经济","识别条件与资料质量","causal","计量经济：目标比较为何需要设计与识别条件，而不只是拟合？","计量经济：机器学习辅助估计怎样保留识别、重叠与有效不确定性？","估计目标、处理分配与比较组记录","本方向具体检查：先说明目标比较和识别条件，再看模型与不确定性。不要把「识别条件与资料质量」中不同条件直接合并。","比较对象、时间轴与替代解释表，注明「计量经济」的来源、课题版本、已查项与未决项。","https://www.stat.tsinghua.edu.cn/kxyj/kylyy.htm；https://www.nhlbi.nih.gov/health-topics/study-quality-assessment-tools"
"economics-9","economics","数字经济","平台规则与行为记录","economics","数字经济：观察到的参与者差异，怎样与政策作用区分？","数字经济：新资料或制度比较能否区分选择、行为调整与长期分配变化？","分配规则、样本来源与比较组记录","本方向具体检查：核对选择过程与政策时点，区分描述和识别。不要把「平台规则与行为记录」中不同条件直接合并。","进入与退出路径、制度时点和比较单位，注明「数字经济」的来源、课题版本、已查项与未决项。","https://econ.pku.edu.cn/xkzy/index.htm"
"humanities-4","humanities","古典文学","版本、注释与时代语境","subject-narrative","古典文学：是谁说了这句话，文本是否让它受到反讽？","古典文学：计算识别的叙述模式怎样接受细读中的反例？","叙述者段落、视角切换与作品版本","区分人物发言、叙述者评价与作者立场","叙述者段落、视角切换与作品版本的比较与解释记录","https://chinese.pku.edu.cn/yxgk/bxjj/index.htm"
"humanities-5","humanities","现当代文学","作品传播与历史经验","subject-narrative","现当代文学：是谁说了这句话，文本是否让它受到反讽？","现当代文学：计算识别的叙述模式怎样接受细读中的反例？","叙述者段落、视角切换与作品版本","区分人物发言、叙述者评价与作者立场","叙述者段落、视角切换与作品版本的比较与解释记录","https://chinese.pku.edu.cn/yxgk/bxjj/index.htm"
"humanities-6","humanities","文艺理论","概念前提与解读取舍","evidence-literature","文艺理论：文本中的叙述声音与作者立场怎样区分？","文艺理论：大规模语料比较怎样辅助文学解释而不抹平作品差异？","作品版本、发表语境与引文出处","本方向具体检查：对照版本差异，区分人物话语与作者判断。不要把「概念前提与解读取舍」中不同条件直接合并。","作品版本、发表语境与引文出处的来源与比较条件记录，注明「文艺理论」的来源、课题版本、已查项与未决项。","https://chinese.pku.edu.cn/yxgk/bxjj/index.htm"
"humanities-7","humanities","叙事与文体","表达结构与材料选择","evidence-literature","叙事与文体：文本中的叙述声音与作者立场怎样区分？","叙事与文体：大规模语料比较怎样辅助文学解释而不抹平作品差异？","作品版本、叙述层次与引文位置","本方向具体检查：区分叙述者、人物与作者，回到具体段落和版本。不要把「表达结构与材料选择」中不同条件直接合并。","作品版本、叙述层次与引文位置的来源与比较条件记录，注明「叙事与文体」的来源、课题版本、已查项与未决项。","https://chinese.pku.edu.cn/yxgk/bxjj/index.htm"
"humanities-8","humanities","书籍与阅读史","出版材料与读者经验","text","书籍与阅读史：文本中的叙述声音与作者立场怎样区分？","书籍与阅读史：数字整理或跨材料比较能否保留版本差异、出处与互相矛盾的解释？","作品版本、发表语境与引文出处","本方向具体检查：对照版本差异，区分人物话语与作者判断。不要把「出版材料与读者经验」中不同条件直接合并。","原件、整理本、转述与解释索引，注明「书籍与阅读史」的来源、课题版本、已查项与未决项。","https://chinese.pku.edu.cn/yxgk/bxjj/index.htm"
"humanities-9","humanities","文学与媒介","文本转换与平台条件","subject-narrative","文学与媒介：是谁说了这句话，文本是否让它受到反讽？","文学与媒介：计算识别的叙述模式怎样接受细读中的反例？","叙述者段落、视角切换与作品版本","区分人物发言、叙述者评价与作者立场","叙述者段落、视角切换与作品版本的比较与解释记录","https://chinese.pku.edu.cn/yxgk/bxjj/index.htm"
"art-4","art","绘画与图像","视觉材料与表达语境","subject-visual","绘画与图像：这项解释由作品形式支持，还是只来自作者自述？","绘画与图像：数字工具参与创作怎样记录贡献与版本演变？","作品版本、制作取舍与展示语境","分开形式分析、作者意图与接受评价","作品版本、制作取舍与展示语境的比较与解释记录","https://www.cafa.edu.cn/sp/nljg/?j=151"
"art-5","art","雕塑与装置","材料状态与空间体验","subject-visual","雕塑与装置：这项解释由作品形式支持，还是只来自作者自述？","雕塑与装置：数字工具参与创作怎样记录贡献与版本演变？","作品版本、制作取舍与展示语境","分开形式分析、作者意图与接受评价","作品版本、制作取舍与展示语境的比较与解释记录","https://www.cafa.edu.cn/sp/nljg/?j=151"
"art-6","art","摄影与影像","取景条件与记录范围","evidence-arts","摄影与影像：作者意图、作品形式与观看者解释怎样相互对应？","摄影与影像：生成工具参与创作时，怎样评价协作、原创与作品多样性？","创作版本、展示语境与观众反馈","本方向具体检查：对照创作意图、形式变化与实际观看经验。不要把「取景条件与记录范围」中不同条件直接合并。","创作版本、展示语境与观众反馈的来源与比较条件记录，注明「摄影与影像」的来源、课题版本、已查项与未决项。","https://www.cafa.edu.cn/sp/nljg/?j=151"
"art-7","art","公共艺术","空间使用与公众反馈","subject-visual","公共艺术：这项解释由作品形式支持，还是只来自作者自述？","公共艺术：数字工具参与创作怎样记录贡献与版本演变？","作品版本、制作取舍与展示语境","分开形式分析、作者意图与接受评价","作品版本、制作取舍与展示语境的比较与解释记录","https://www.cafa.edu.cn/sp/nljg/?j=151"
"art-8","art","工艺与材料艺术","材料取舍与制作语境","subject-visual","工艺与材料艺术：这项解释由作品形式支持，还是只来自作者自述？","工艺与材料艺术：数字工具参与创作怎样记录贡献与版本演变？","作品版本、制作取舍与展示语境","分开形式分析、作者意图与接受评价","作品版本、制作取舍与展示语境的比较与解释记录","https://www.cafa.edu.cn/sp/nljg/?j=151"
"art-9","art","艺术与数字媒介","工具条件与表达边界","subject-visual","艺术与数字媒介：这项解释由作品形式支持，还是只来自作者自述？","艺术与数字媒介：数字工具参与创作怎样记录贡献与版本演变？","作品版本、制作取舍与展示语境","分开形式分析、作者意图与接受评价","作品版本、制作取舍与展示语境的比较与解释记录","https://www.cafa.edu.cn/sp/nljg/?j=151"
"philosophy-4","philosophy","认识论","理由来源与知识范围","subject-epistemology","认识论：把这个理由删去后，为什么仍会得到同一个答案？","认识论：集体证言的可靠性怎样处理来源相互依赖？","证言来源、可靠性理由与幸运猜中的对照案例","区分主张为真、相信主张和证成主张","证言来源、可靠性理由与幸运猜中的对照案例的比较与解释记录","https://admission.pku.edu.cn/zsxx/lxszs/lxszyml/2026/ss/zsml_ss_lxs_cn_00023.pdf；https://logic.pku.edu.cn/rcpy/courses/yjskc/index.htm"
"philosophy-5","philosophy","形而上学","对象定义与论证条件","subject-modal","形而上学：这个反例满足原命题的量词与模态前提吗？","形而上学：改变可及关系后，哪些原有推论还成立？","可能世界的定义与反例中的可及关系","核对反例是否满足原来的可及关系与量词范围","可能世界的定义与反例中的可及关系的比较与解释记录","https://admission.pku.edu.cn/zsxx/lxszs/lxszyml/2026/ss/zsml_ss_lxs_cn_00023.pdf；https://logic.pku.edu.cn/rcpy/courses/yjskc/index.htm"
"philosophy-6","philosophy","心灵哲学","体验概念与解释边界","text","心灵哲学：报告自己看见了，与真正具有某种体验，是同一件事吗？","心灵哲学：数字整理或跨材料比较能否保留版本差异、出处与互相矛盾的解释？","思想实验、意识概念与经验研究的原文","本方向具体检查：分开第一人称描述、功能解释与实验指标。不要把「体验概念与解释边界」中不同条件直接合并。","原件、整理本、转述与解释索引，注明「心灵哲学」的来源、课题版本、已查项与未决项。","https://admission.pku.edu.cn/zsxx/lxszs/lxszyml/2026/ss/zsml_ss_lxs_cn_00023.pdf"
"philosophy-7","philosophy","技术哲学","工具使用与行动条件","text","技术哲学：一个论证如何从明确前提走到结论？","技术哲学：数字整理或跨材料比较能否保留版本差异、出处与互相矛盾的解释？","原文段落、概念定义与论证前提","本方向具体检查：把作者原意、解释与自己的推论分开。不要把「工具使用与行动条件」中不同条件直接合并。","原件、整理本、转述与解释索引，注明「技术哲学」的来源、课题版本、已查项与未决项。","https://admission.pku.edu.cn/zsxx/lxszs/lxszyml/2026/ss/zsml_ss_lxs_cn_00023.pdf"
"philosophy-8","philosophy","中国哲学","概念材料与历史语境","subject-concept-history","中国哲学：这句话是原典的用法，还是后来的解释？","中国哲学：跨传统比较能否保留无法一一对译的概念？","原典段落、注疏年代与译词对照","区分原典用法、后世注疏与现代重构","原典段落、注疏年代与译词对照的比较与解释记录","https://admission.pku.edu.cn/zsxx/lxszs/lxszyml/2026/ss/zsml_ss_lxs_cn_00023.pdf；https://history.pku.edu.cn/bxgk/xkjj/index.htm"
"philosophy-9","philosophy","跨文化哲学","解释语言与比较前提","subject-concept-history","跨文化哲学：这句话是原典的用法，还是后来的解释？","跨文化哲学：跨传统比较能否保留无法一一对译的概念？","原典段落、注疏年代与译词对照","区分原典用法、后世注疏与现代重构","原典段落、注疏年代与译词对照的比较与解释记录","https://admission.pku.edu.cn/zsxx/lxszs/lxszyml/2026/ss/zsml_ss_lxs_cn_00023.pdf"
"law-4","law","刑法","责任判断与事实范围","subject-criminal","刑法：结果发生了，怎样证明行为时的主观要素？","刑法：数字痕迹怎样接受完整性与解释质疑？","行为时间线、主观要素争议与证据链","把客观行为、主观要素和证明程度分开","行为时间线、主观要素争议与证据链的比较与解释记录","https://www.law.pku.edu.cn/xwzx/ggtz/zsjx/870508d182464f118ae55b9473a4c4f3.htm"
"law-5","law","诉讼与证据","材料来源与程序边界","subject-procedure","诉讼与证据：这份材料解决的是准入还是证明力问题？","诉讼与证据：算法生成证据怎样保留对方有效质证的条件？","来源链、程序阶段与异议处理记录","分开可提交、可采纳与足以证明","来源链、程序阶段与异议处理记录的比较与解释记录","https://www.law.pku.edu.cn/xwzx/ggtz/zsjx/870508d182464f118ae55b9473a4c4f3.htm"
"law-6","law","国际法","规则适用与制度情境","law","国际法：规范有效、材料可用与事实被证明为什么是不同问题？","国际法：新的技术或制度情境怎样接受来源质疑，同时保留解释、责任与救济？","规范版本、案件事实与裁判理由","本方向具体检查：区分效力、事实认定与规范推论。不要把「规则适用与制度情境」中不同条件直接合并。","事实、程序阶段与规范版本对照页，注明「国际法」的来源、课题版本、已查项与未决项。","https://www.law.pku.edu.cn/xwzx/ggtz/zsjx/870508d182464f118ae55b9473a4c4f3.htm"
"law-7","law","知识产权","创作、使用与权利范围","subject-ip","知识产权：相似的是表达、思路还是不受保护的部分？","知识产权：生成式创作怎样记录贡献、来源与许可？","创作时间、权利主张与使用方式对照","分开权利对象、权属与受限制的使用行为","创作时间、权利主张与使用方式对照的比较与解释记录","https://www.law.pku.edu.cn/xwzx/ggtz/zsjx/870508d182464f118ae55b9473a4c4f3.htm"
"law-8","law","环境法","环境问题与执行条件","law","环境法：规范有效、材料可用与事实被证明为什么是不同问题？","环境法：新的技术或制度情境怎样接受来源质疑，同时保留解释、责任与救济？","规范版本、案件事实与裁判理由","本方向具体检查：区分效力、事实认定与规范推论。不要把「环境问题与执行条件」中不同条件直接合并。","事实、程序阶段与规范版本对照页，注明「环境法」的来源、课题版本、已查项与未决项。","https://www.law.pku.edu.cn/xwzx/ggtz/zsjx/870508d182464f118ae55b9473a4c4f3.htm"
"law-9","law","劳动与社会保障法","资源条件与权利解释","governance","劳动与社会保障法：规范有效、材料可用与事实被证明为什么是不同问题？","劳动与社会保障法：新的协作或数字治理能否缩小执行差距，并保留申诉和责任接口？","规范版本、案件事实与裁判理由","本方向具体检查：区分效力、事实认定与规范推论。不要把「资源条件与权利解释」中不同条件直接合并。","纸面目标、执行层次与未受益者记录，注明「劳动与社会保障法」的来源、课题版本、已查项与未决项。","https://www.law.pku.edu.cn/xwzx/ggtz/zsjx/870508d182464f118ae55b9473a4c4f3.htm"
"politics-4","politics","政治思想","概念来源与规范理由","evidence-policy","政治思想：两个地方使用同名制度，怎样判断可以比较？","政治思想：算法辅助公共服务怎样保持公平、透明与可申诉？","制度文本、执行材料与对象反馈","本方向具体检查：比较制度情境，保留执行层次与时间。不要把「概念来源与规范理由」中不同条件直接合并。","制度文本、执行材料与对象反馈的来源与比较条件记录，注明「政治思想」的来源、课题版本、已查项与未决项。","https://www.law.pku.edu.cn/xwzx/ggtz/zsjx/870508d182464f118ae55b9473a4c4f3.htm；https://bkzs.pku.edu.cn/xkzy/xy/shkxxb/sxkxxy_31/sxkxxyzszy_31/index.htm"
"politics-5","politics","政治行为","选择记录与比较前提","evidence-policy","政治行为：两个地方使用同名制度，怎样判断可以比较？","政治行为：算法辅助公共服务怎样保持公平、透明与可申诉？","制度文本、执行材料与对象反馈","本方向具体检查：比较制度情境，保留执行层次与时间。不要把「选择记录与比较前提」中不同条件直接合并。","制度文本、执行材料与对象反馈的来源与比较条件记录，注明「政治行为」的来源、课题版本、已查项与未决项。","https://www.law.pku.edu.cn/xwzx/ggtz/zsjx/870508d182464f118ae55b9473a4c4f3.htm；https://bkzs.pku.edu.cn/xkzy/xy/shkxxb/sxkxxy_31/sxkxxyzszy_31/index.htm"
"politics-6","politics","政治制度","制度边界与执行过程","governance","政治制度：两个地方使用同名制度，怎样判断可以比较？","政治制度：新的协作或数字治理能否缩小执行差距，并保留申诉和责任接口？","制度文本、执行材料与对象反馈","本方向具体检查：比较制度情境，保留执行层次与时间。不要把「制度边界与执行过程」中不同条件直接合并。","纸面目标、执行层次与未受益者记录，注明「政治制度」的来源、课题版本、已查项与未决项。","https://www.law.pku.edu.cn/xwzx/ggtz/zsjx/870508d182464f118ae55b9473a4c4f3.htm；https://bkzs.pku.edu.cn/xkzy/xy/shkxxb/sxkxxy_31/sxkxxyzszy_31/index.htm"
"politics-7","politics","区域与国别研究","地方材料与历史语境","fieldwork","区域与国别研究：两个地方使用同名制度，怎样判断可以比较？","区域与国别研究：多地点或数字材料能否保留不同声音、沉默和研究者位置？","制度文本、执行材料与对象反馈","本方向具体检查：比较制度情境，保留执行层次与时间。不要把「地方材料与历史语境」中不同条件直接合并。","进入关系、访谈情境与叙述者位置记录，注明「区域与国别研究」的来源、课题版本、已查项与未决项。","https://www.law.pku.edu.cn/xwzx/ggtz/zsjx/870508d182464f118ae55b9473a4c4f3.htm；https://bkzs.pku.edu.cn/xkzy/xy/shkxxb/sxkxxy_31/sxkxxyzszy_31/index.htm"
"politics-8","politics","全球治理","互动网络与规则范围","governance","全球治理：两个地方使用同名制度，怎样判断可以比较？","全球治理：新的协作或数字治理能否缩小执行差距，并保留申诉和责任接口？","制度文本、执行材料与对象反馈","本方向具体检查：比较制度情境，保留执行层次与时间。不要把「互动网络与规则范围」中不同条件直接合并。","纸面目标、执行层次与未受益者记录，注明「全球治理」的来源、课题版本、已查项与未决项。","https://www.law.pku.edu.cn/xwzx/ggtz/zsjx/870508d182464f118ae55b9473a4c4f3.htm；https://bkzs.pku.edu.cn/xkzy/xy/shkxxb/sxkxxy_31/sxkxxyzszy_31/index.htm"
"politics-9","politics","政治传播","信息流动与受众情境","evidence-policy","政治传播：两个地方使用同名制度，怎样判断可以比较？","政治传播：算法辅助公共服务怎样保持公平、透明与可申诉？","制度文本、执行材料与对象反馈","本方向具体检查：比较制度情境，保留执行层次与时间。不要把「信息流动与受众情境」中不同条件直接合并。","制度文本、执行材料与对象反馈的来源与比较条件记录，注明「政治传播」的来源、课题版本、已查项与未决项。","https://www.law.pku.edu.cn/xwzx/ggtz/zsjx/870508d182464f118ae55b9473a4c4f3.htm；https://bkzs.pku.edu.cn/xkzy/xy/shkxxb/sxkxxy_31/sxkxxyzszy_31/index.htm"
"education-4","education","高等教育","组织资源与学习经验","learning","高等教育：参与更积极，为什么不等于目标知识掌握更好？","高等教育：新的反馈设计能否改善撤去辅助后的迁移，而不只提高即时答题？","课堂目标、活动记录与学习过程材料","本方向具体检查：让任务、教学目标与评价对应，保留班级差异。不要把「组织资源与学习经验」中不同条件直接合并。","目标、任务、辅助条件与延迟表现表，注明「高等教育」的来源、课题版本、已查项与未决项。","https://cter.bnu.edu.cn/docs/2024-05/e0d9749ec02e425eb45aa96fefdadc2a.pdf"
"education-5","education","特殊与融合教育","个体需要与支持条件","subject-inclusion","特殊与融合教育：缺席者是自愿不参加还是缺少支持条件？","特殊与融合教育：不同支持方式怎样影响参与、负担与学习？","活动参与、支持条件与未参与原因","保留适配需求和进入活动的机会","活动参与、支持条件与未参与原因的比较与解释记录","https://cter.bnu.edu.cn/docs/2024-05/e0d9749ec02e425eb45aa96fefdadc2a.pdf"
"education-6","education","学前教育","发展过程与活动记录","subject-inclusion","学前教育：缺席者是自愿不参加还是缺少支持条件？","学前教育：不同支持方式怎样影响参与、负担与学习？","活动参与、支持条件与未参与原因","保留适配需求和进入活动的机会","活动参与、支持条件与未参与原因的比较与解释记录","https://cter.bnu.edu.cn/docs/2024-05/e0d9749ec02e425eb45aa96fefdadc2a.pdf"
"education-7","education","教育评价","评价目标与测量边界","subject-learning","教育评价：把辅助工具拿走以后，这道新题还能完成吗？","教育评价：自适应反馈怎样支持延迟保持而非只提高当场成绩？","学习目标、撤去辅助后的作业与延迟测试","区分辅助完成、独立掌握与迁移","学习目标、撤去辅助后的作业与延迟测试的比较与解释记录","https://cter.bnu.edu.cn/docs/2024-05/e0d9749ec02e425eb45aa96fefdadc2a.pdf"
"education-8","education","教师发展","实践反馈与协作安排","evidence-education","教师发展：参与更积极，为什么不等于目标知识掌握更好？","教师发展：智能助教怎样支持撤去辅助后的独立学习与延迟迁移？","课堂目标、活动记录与学习过程材料","本方向具体检查：让任务、教学目标与评价对应，保留班级差异。不要把「实践反馈与协作安排」中不同条件直接合并。","课堂目标、活动记录与学习过程材料的来源与比较条件记录，注明「教师发展」的来源、课题版本、已查项与未决项。","https://cter.bnu.edu.cn/docs/2024-05/e0d9749ec02e425eb45aa96fefdadc2a.pdf"
"education-9","education","比较与国际教育","制度情境与比较单位","learning","比较与国际教育：参与更积极，为什么不等于目标知识掌握更好？","比较与国际教育：新的反馈设计能否改善撤去辅助后的迁移，而不只提高即时答题？","课堂目标、活动记录与学习过程材料","本方向具体检查：让任务、教学目标与评价对应，保留班级差异。不要把「制度情境与比较单位」中不同条件直接合并。","目标、任务、辅助条件与延迟表现表，注明「比较与国际教育」的来源、课题版本、已查项与未决项。","https://cter.bnu.edu.cn/docs/2024-05/e0d9749ec02e425eb45aa96fefdadc2a.pdf"
"sports-4","sports","运动生物力学","动作记录与模型条件","subject-rehab","运动生物力学：测试做得更好，日常哪项活动真的发生了改变？","运动生物力学：辅助技术怎样评价撤去支持后的持续参与？","标准任务、日常活动与参与记录","分开测试改善、实际功能与生活参与","标准任务、日常活动与参与记录的比较与解释记录","https://cter.bnu.edu.cn/docs/2024-05/e0d9749ec02e425eb45aa96fefdadc2a.pdf"
"sports-5","sports","体育教育","学习目标与活动反馈","learning","体育教育：参与更积极，为什么不等于目标知识掌握更好？","体育教育：新的反馈设计能否改善撤去辅助后的迁移，而不只提高即时答题？","课堂目标、活动记录与学习过程材料","本方向具体检查：让任务、教学目标与评价对应，保留班级差异。不要把「学习目标与活动反馈」中不同条件直接合并。","目标、任务、辅助条件与延迟表现表，注明「体育教育」的来源、课题版本、已查项与未决项。","https://cter.bnu.edu.cn/docs/2024-05/e0d9749ec02e425eb45aa96fefdadc2a.pdf"
"sports-6","sports","体育社会研究","参与经验与资源差异","evidence-sport","体育社会研究：训练负荷、即时表现与长期适应怎样区分？","体育社会研究：可穿戴资料怎样帮助理解个体负荷与恢复的波动？","训练负荷、测试环境与恢复记录","本方向具体检查：对照负荷与恢复时间，区分熟悉任务与真实进步。不要把「参与经验与资源差异」中不同条件直接合并。","训练负荷、测试环境与恢复记录的来源与比较条件记录，注明「体育社会研究」的来源、课题版本、已查项与未决项。","https://cter.bnu.edu.cn/docs/2024-05/e0d9749ec02e425eb45aa96fefdadc2a.pdf"
"sports-7","sports","体育管理","组织过程与资源安排","evidence-sport","体育管理：训练负荷、即时表现与长期适应怎样区分？","体育管理：可穿戴资料怎样帮助理解个体负荷与恢复的波动？","训练负荷、测试环境与恢复记录","本方向具体检查：对照负荷与恢复时间，区分熟悉任务与真实进步。不要把「组织过程与资源安排」中不同条件直接合并。","训练负荷、测试环境与恢复记录的来源与比较条件记录，注明「体育管理」的来源、课题版本、已查项与未决项。","https://cter.bnu.edu.cn/docs/2024-05/e0d9749ec02e425eb45aa96fefdadc2a.pdf"
"sports-8","sports","运动康复","恢复记录与使用情境","subject-rehab","运动康复：测试做得更好，日常哪项活动真的发生了改变？","运动康复：辅助技术怎样评价撤去支持后的持续参与？","标准任务、日常活动与参与记录","分开测试改善、实际功能与生活参与","标准任务、日常活动与参与记录的比较与解释记录","https://cter.bnu.edu.cn/docs/2024-05/e0d9749ec02e425eb45aa96fefdadc2a.pdf"
"sports-9","sports","运动数据分析","表现口径与推断边界","subject-rehab","运动数据分析：测试做得更好，日常哪项活动真的发生了改变？","运动数据分析：辅助技术怎样评价撤去支持后的持续参与？","标准任务、日常活动与参与记录","分开测试改善、实际功能与生活参与","标准任务、日常活动与参与记录的比较与解释记录","https://cter.bnu.edu.cn/docs/2024-05/e0d9749ec02e425eb45aa96fefdadc2a.pdf"
"psychology-4","psychology","发展心理","发展阶段与观察条件","subject-psychology","发展心理：换一个任务版本后，差异还对应这个构念吗？","发展心理：自然情境测量怎样面对跨群体的测量不变性？","任务版本、反应分布与构念定义","区分任务熟悉、测量误差与构念变化","任务版本、反应分布与构念定义的比较与解释记录","https://cter.bnu.edu.cn/docs/2024-05/e0d9749ec02e425eb45aa96fefdadc2a.pdf；https://www.nhlbi.nih.gov/health-topics/study-quality-assessment-tools"
"psychology-5","psychology","教育心理","学习过程与任务反馈","subject-psychology","教育心理：换一个任务版本后，差异还对应这个构念吗？","教育心理：自然情境测量怎样面对跨群体的测量不变性？","任务版本、反应分布与构念定义","区分任务熟悉、测量误差与构念变化","任务版本、反应分布与构念定义的比较与解释记录","https://cter.bnu.edu.cn/docs/2024-05/e0d9749ec02e425eb45aa96fefdadc2a.pdf"
"psychology-6","psychology","人格与个体差异","构念解释与比较范围","subject-psychology","人格与个体差异：换一个任务版本后，差异还对应这个构念吗？","人格与个体差异：自然情境测量怎样面对跨群体的测量不变性？","任务版本、反应分布与构念定义","区分任务熟悉、测量误差与构念变化","任务版本、反应分布与构念定义的比较与解释记录","https://cter.bnu.edu.cn/docs/2024-05/e0d9749ec02e425eb45aa96fefdadc2a.pdf；https://www.nhlbi.nih.gov/health-topics/study-quality-assessment-tools"
"psychology-7","psychology","健康心理","生活情境与健康行为","subject-psychology","健康心理：换一个任务版本后，差异还对应这个构念吗？","健康心理：自然情境测量怎样面对跨群体的测量不变性？","任务版本、反应分布与构念定义","区分任务熟悉、测量误差与构念变化","任务版本、反应分布与构念定义的比较与解释记录","https://cter.bnu.edu.cn/docs/2024-05/e0d9749ec02e425eb45aa96fefdadc2a.pdf；https://www.nhlbi.nih.gov/health-topics/study-quality-assessment-tools"
"psychology-8","psychology","组织心理","协作经验与工作条件","subject-psychology","组织心理：换一个任务版本后，差异还对应这个构念吗？","组织心理：自然情境测量怎样面对跨群体的测量不变性？","任务版本、反应分布与构念定义","区分任务熟悉、测量误差与构念变化","任务版本、反应分布与构念定义的比较与解释记录","https://cter.bnu.edu.cn/docs/2024-05/e0d9749ec02e425eb45aa96fefdadc2a.pdf；https://www.nhlbi.nih.gov/health-topics/study-quality-assessment-tools"
"psychology-9","psychology","心理方法与开放实践","来源追溯与推断前提","subject-psychology","心理方法与开放实践：换一个任务版本后，差异还对应这个构念吗？","心理方法与开放实践：自然情境测量怎样面对跨群体的测量不变性？","任务版本、反应分布与构念定义","区分任务熟悉、测量误差与构念变化","任务版本、反应分布与构念定义的比较与解释记录","https://cter.bnu.edu.cn/docs/2024-05/e0d9749ec02e425eb45aa96fefdadc2a.pdf；https://www.nhlbi.nih.gov/health-topics/study-quality-assessment-tools"
"languages-4","languages","语音与音系","语音记录与结构条件","subject-phonetics","语音与音系：这个差异能区分词义，还是语境中的变体？","语音与音系：跨方言语音模型怎样保留少见变体与韵律？","语音片段、说话人背景与音位对立材料","区分声学差异、音系对立与语境变体","语音片段、说话人背景与音位对立材料的比较与解释记录","https://chinese.pku.edu.cn/yxgk/bxjj/index.htm"
"languages-5","languages","语法与句法","结构判断与材料范围","subject-syntax","语法与句法：补足语境以后，这个句子的判断会改变吗？","语法与句法：大规模语料中的低频结构怎样检验句法假设？","最小对立句、判断任务与说话人分布","分开结构限制、加工负担与语境适切性","最小对立句、判断任务与说话人分布的比较与解释记录","https://chinese.pku.edu.cn/yxgk/bxjj/index.htm"
"languages-6","languages","语义与语用","意义解释与交际情境","language","语义与语用：语言结构与实际使用怎样共同解释一种表达？","语义与语用：多语言或多模态材料能否保留语境差异，并把模型预测与语言解释分开？","语料出处、体裁、语境与标注记录","本方向具体检查：保留语境与标注分歧，再比较表达功能。不要把「意义解释与交际情境」中不同条件直接合并。","原文版本、语体、任务与编码分歧表，注明「语义与语用」的来源、课题版本、已查项与未决项。","https://chinese.pku.edu.cn/yxgk/bxjj/index.htm"
"languages-7","languages","社会语言学","语言使用与社会关系","language","社会语言学：语言结构与实际使用怎样共同解释一种表达？","社会语言学：多语言或多模态材料能否保留语境差异，并把模型预测与语言解释分开？","语料出处、体裁、语境与标注记录","本方向具体检查：保留语境与标注分歧，再比较表达功能。不要把「语言使用与社会关系」中不同条件直接合并。","原文版本、语体、任务与编码分歧表，注明「社会语言学」的来源、课题版本、已查项与未决项。","https://chinese.pku.edu.cn/yxgk/bxjj/index.htm"
"languages-8","languages","计算语言学","语言标注与模型边界","language","计算语言学：语言结构与实际使用怎样共同解释一种表达？","计算语言学：多语言或多模态材料能否保留语境差异，并把模型预测与语言解释分开？","语料出处、体裁、语境与标注记录","本方向具体检查：保留语境与标注分歧，再比较表达功能。不要把「语言标注与模型边界」中不同条件直接合并。","原文版本、语体、任务与编码分歧表，注明「计算语言学」的来源、课题版本、已查项与未决项。","https://chinese.pku.edu.cn/yxgk/bxjj/index.htm"
"languages-9","languages","跨文化沟通","交际目的与解释差异","subject-translation","跨文化沟通：这项删改服务了什么翻译目的，又损失了什么？","跨文化沟通：机器辅助翻译怎样呈现歧义而非只给一个流畅答案？","原文段落、译者取舍与目标读者任务","分别评价信息、文体与翻译目的","原文段落、译者取舍与目标读者任务的比较与解释记录","https://chinese.pku.edu.cn/yxgk/bxjj/index.htm"
"journalism-4","journalism","受众研究","使用经验与抽样范围","subject-media","受众研究：是内容变了，还是推荐入口改变了谁能看见？","受众研究：合成内容标识怎样影响信任和传播路径？","发布记录、推荐入口与受众接触路径","区分曝光、接触、理解与态度变化","发布记录、推荐入口与受众接触路径的比较与解释记录","https://chinese.pku.edu.cn/yxgk/bxjj/index.htm"
"journalism-5","journalism","平台与算法传播","推荐条件与信息路径","subject-media","平台与算法传播：是内容变了，还是推荐入口改变了谁能看见？","平台与算法传播：合成内容标识怎样影响信任和传播路径？","发布记录、推荐入口与受众接触路径","区分曝光、接触、理解与态度变化","发布记录、推荐入口与受众接触路径的比较与解释记录","https://chinese.pku.edu.cn/yxgk/bxjj/index.htm"
"journalism-6","journalism","健康传播","健康信息与理解情境","subject-media","健康传播：是内容变了，还是推荐入口改变了谁能看见？","健康传播：合成内容标识怎样影响信任和传播路径？","发布记录、推荐入口与受众接触路径","区分曝光、接触、理解与态度变化","发布记录、推荐入口与受众接触路径的比较与解释记录","https://chinese.pku.edu.cn/yxgk/bxjj/index.htm"
"journalism-7","journalism","公共与政治传播","议题流动与治理边界","subject-media","公共与政治传播：是内容变了，还是推荐入口改变了谁能看见？","公共与政治传播：合成内容标识怎样影响信任和传播路径？","发布记录、推荐入口与受众接触路径","区分曝光、接触、理解与态度变化","发布记录、推荐入口与受众接触路径的比较与解释记录","https://chinese.pku.edu.cn/yxgk/bxjj/index.htm"
"journalism-8","journalism","视觉与叙事传播","表达结构与材料取舍","subject-media","视觉与叙事传播：是内容变了，还是推荐入口改变了谁能看见？","视觉与叙事传播：合成内容标识怎样影响信任和传播路径？","发布记录、推荐入口与受众接触路径","区分曝光、接触、理解与态度变化","发布记录、推荐入口与受众接触路径的比较与解释记录","https://chinese.pku.edu.cn/yxgk/bxjj/index.htm"
"journalism-9","journalism","新闻伦理与事实核查","来源链与责任范围","subject-media","新闻伦理与事实核查：是内容变了，还是推荐入口改变了谁能看见？","新闻伦理与事实核查：合成内容标识怎样影响信任和传播路径？","发布记录、推荐入口与受众接触路径","区分曝光、接触、理解与态度变化","发布记录、推荐入口与受众接触路径的比较与解释记录","https://chinese.pku.edu.cn/yxgk/bxjj/index.htm"
"history-4","history","古代史","年代判断与史料语境","subject-archives","古代史：行动者当时有可能知道这段材料里的结果吗？","古代史：数字档案如何保留删节、缺卷和来源层次？","档案原件、成文日期与编纂版本","区分事件发生、材料写成与后来编辑的时间","档案原件、成文日期与编纂版本的比较与解释记录","https://history.pku.edu.cn/bxgk/xkjj/index.htm"
"history-5","history","近现代史","制度变化与材料出处","subject-archives","近现代史：行动者当时有可能知道这段材料里的结果吗？","近现代史：数字档案如何保留删节、缺卷和来源层次？","档案原件、成文日期与编纂版本","区分事件发生、材料写成与后来编辑的时间","档案原件、成文日期与编纂版本的比较与解释记录","https://history.pku.edu.cn/bxgk/xkjj/index.htm"
"history-6","history","世界与全球史","跨区域材料的可比性","subject-archives","世界与全球史：行动者当时有可能知道这段材料里的结果吗？","世界与全球史：数字档案如何保留删节、缺卷和来源层次？","档案原件、成文日期与编纂版本","区分事件发生、材料写成与后来编辑的时间","档案原件、成文日期与编纂版本的比较与解释记录","https://history.pku.edu.cn/bxgk/xkjj/index.htm"
"history-7","history","经济史","资源记录与制度条件","subject-archives","经济史：行动者当时有可能知道这段材料里的结果吗？","经济史：数字档案如何保留删节、缺卷和来源层次？","档案原件、成文日期与编纂版本","区分事件发生、材料写成与后来编辑的时间","档案原件、成文日期与编纂版本的比较与解释记录","https://history.pku.edu.cn/bxgk/xkjj/index.htm"
"history-8","history","科技史","技术实践与解释语言","subject-archives","科技史：行动者当时有可能知道这段材料里的结果吗？","科技史：数字档案如何保留删节、缺卷和来源层次？","档案原件、成文日期与编纂版本","区分事件发生、材料写成与后来编辑的时间","档案原件、成文日期与编纂版本的比较与解释记录","https://history.pku.edu.cn/bxgk/xkjj/index.htm"
"history-9","history","口述与公众史","叙述关系与展示边界","subject-archives","口述与公众史：行动者当时有可能知道这段材料里的结果吗？","口述与公众史：数字档案如何保留删节、缺卷和来源层次？","档案原件、成文日期与编纂版本","区分事件发生、材料写成与后来编辑的时间","档案原件、成文日期与编纂版本的比较与解释记录","https://history.pku.edu.cn/bxgk/xkjj/index.htm"
"earth-4","earth","水文与水资源","流域范围与资源记录","geoscience","水文与水资源：局部水土记录怎样与流域和季节过程连接？","水文与水资源：多源观测如何解释干旱与恢复过程中的尺度差异？","采样位置、时间窗口与环境背景记录","本方向具体检查：画出实际覆盖范围，保留天气与缺测时段。不要把「流域范围与资源记录」中不同条件直接合并。","空间尺度、观测窗口与缺测索引，注明「水文与水资源」的来源、课题版本、已查项与未决项。","https://www.ues.pku.edu.cn/ztlm/zrdlyzrzyx/index.htm"
"earth-5","earth","海洋科学","观测尺度与系统条件","geoscience","海洋科学：一个采样点的变化，何时能帮助解释更大区域？","海洋科学：多源观测能否跨尺度保留校准，并在极端或新时期接受外部检查？","采样位置、时间窗口与环境背景记录","本方向具体检查：画出实际覆盖范围，保留天气与缺测时段。不要把「观测尺度与系统条件」中不同条件直接合并。","空间尺度、观测窗口与缺测索引，注明「海洋科学」的来源、课题版本、已查项与未决项。","https://www.ues.pku.edu.cn/ztlm/zrdlyzrzyx/index.htm"
"earth-6","earth","遥感与地球观测","信号来源与地面比较","geoscience","遥感与地球观测：同一地物在不同传感器里，为什么会得到不同数值？","遥感与地球观测：多源观测能否跨尺度保留校准，并在极端或新时期接受外部检查？","影像日期、空间分辨率与地面参照","本方向具体检查：对齐时间与尺度，保留未能观测的区域。不要把「信号来源与地面比较」中不同条件直接合并。","空间尺度、观测窗口与缺测索引，注明「遥感与地球观测」的来源、课题版本、已查项与未决项。","https://www.ues.pku.edu.cn/ztlm/zrdlyzrzyx/index.htm"
"earth-7","earth","地球化学","材料记录与过程解释","chemistry","地球化学：表征显示结构不同，怎样判断它与性质变化有关？","地球化学：新的结构或过程能否兼顾性能、稳定性与全流程资源评价？","材料批次、表征条件与使用环境记录","本方向具体检查：比较结构描述、测量设置和状态变化。不要把「材料记录与过程解释」中不同条件直接合并。","组成、工况与系统边界对照页，注明「地球化学」的来源、课题版本、已查项与未决项。","https://www.chem.pku.edu.cn/en/Research/ResearchTheme/index.htm"
"earth-8","earth","地球系统建模","模型接口与尺度变化","geoscience","地球系统建模：程序通过测试，为什么不等于所有输入都正确？","地球系统建模：多源观测能否跨尺度保留校准，并在极端或新时期接受外部检查？","运行版本、依赖清单与故障日志","本方向具体检查：在同一条件下复查，区分环境与功能变化。不要把「模型接口与尺度变化」中不同条件直接合并。","空间尺度、观测窗口与缺测索引，注明「地球系统建模」的来源、课题版本、已查项与未决项。","https://www.cs.tsinghua.edu.cn/jgsz/yjssys/jsjkxyjsxrjyjs.htm"
"earth-9","earth","地质灾害与风险","观测条件与行动边界","geoscience","地质灾害与风险：一个采样点的变化，何时能帮助解释更大区域？","地质灾害与风险：多源观测能否跨尺度保留校准，并在极端或新时期接受外部检查？","采样位置、时间窗口与环境背景记录","本方向具体检查：画出实际覆盖范围，保留天气与缺测时段。不要把「观测条件与行动边界」中不同条件直接合并。","空间尺度、观测窗口与缺测索引，注明「地质灾害与风险」的来源、课题版本、已查项与未决项。","https://www.ues.pku.edu.cn/ztlm/zrdlyzrzyx/index.htm"
"environment-4","environment","保护生物学","对象范围与保护情境","subject-ecology","保护生物学：少记录到一种生物，是少了还是更难被看到？","保护生物学：长期监测怎样区分群落变化和探测过程变化？","样地边界、观测季节与物种可探测性","区分没观察到、真的缺席与观察机会不同","样地边界、观测季节与物种可探测性的比较与解释记录","https://www.ues.pku.edu.cn/ztlm/zrdlyzrzyx/index.htm"
"environment-5","environment","环境监测","来源口径与测量条件","evidence-ecology","环境监测：一个采样点的变化，何时能帮助解释更大区域？","环境监测：气候与生态多来源资料如何刻画极端事件后的恢复？","采样位置、时间窗口与环境背景记录","本方向具体检查：画出实际覆盖范围，保留天气与缺测时段。不要把「来源口径与测量条件」中不同条件直接合并。","采样位置、时间窗口与环境背景记录的来源与比较条件记录，注明「环境监测」的来源、课题版本、已查项与未决项。","https://www.ues.pku.edu.cn/ztlm/zrdlyzrzyx/index.htm"
"environment-6","environment","水与流域生态","空间联系与系统边界","subject-ecology","水与流域生态：少记录到一种生物，是少了还是更难被看到？","水与流域生态：长期监测怎样区分群落变化和探测过程变化？","样地边界、观测季节与物种可探测性","区分没观察到、真的缺席与观察机会不同","样地边界、观测季节与物种可探测性的比较与解释记录","https://www.ues.pku.edu.cn/ztlm/zrdlyzrzyx/index.htm"
"environment-7","environment","恢复生态","时间过程与比较基线","subject-ecology","恢复生态：少记录到一种生物，是少了还是更难被看到？","恢复生态：长期监测怎样区分群落变化和探测过程变化？","样地边界、观测季节与物种可探测性","区分没观察到、真的缺席与观察机会不同","样地边界、观测季节与物种可探测性的比较与解释记录","https://www.ues.pku.edu.cn/ztlm/zrdlyzrzyx/index.htm"
"environment-8","environment","城市环境","空间资源与使用反馈","evidence-ecology","城市环境：一个采样点的变化，何时能帮助解释更大区域？","城市环境：气候与生态多来源资料如何刻画极端事件后的恢复？","采样位置、时间窗口与环境背景记录","本方向具体检查：画出实际覆盖范围，保留天气与缺测时段。不要把「空间资源与使用反馈」中不同条件直接合并。","采样位置、时间窗口与环境背景记录的来源与比较条件记录，注明「城市环境」的来源、课题版本、已查项与未决项。","https://www.ues.pku.edu.cn/ztlm/zrdlyzrzyx/index.htm"
"environment-9","environment","可持续与资源研究","目标冲突与执行余量","evidence-ecology","可持续与资源研究：一个采样点的变化，何时能帮助解释更大区域？","可持续与资源研究：气候与生态多来源资料如何刻画极端事件后的恢复？","采样位置、时间窗口与环境背景记录","本方向具体检查：画出实际覆盖范围，保留天气与缺测时段。不要把「目标冲突与执行余量」中不同条件直接合并。","采样位置、时间窗口与环境背景记录的来源与比较条件记录，注明「可持续与资源研究」的来源、课题版本、已查项与未决项。","https://www.ues.pku.edu.cn/ztlm/zrdlyzrzyx/index.htm"
"electrical-4","electrical","微电子与器件","器件条件与测量记录","subject-circuits","微电子与器件：这段响应来自器件还是测量链路？","微电子与器件：跨尺度集成怎样评价噪声、功耗和长期漂移？","输入带宽、噪声谱与测量链路","区分器件响应、测量链路与信号处理","输入带宽、噪声谱与测量链路的比较与解释记录","https://www.cs.tsinghua.edu.cn/kxyj/kyfx.htm；https://english.phy.pku.edu.cn/Research/Research_Areas.htm"
"electrical-5","electrical","电路与系统","输入边界与运行反馈","subject-circuits","电路与系统：这段响应来自器件还是测量链路？","电路与系统：跨尺度集成怎样评价噪声、功耗和长期漂移？","输入带宽、噪声谱与测量链路","区分器件响应、测量链路与信号处理","输入带宽、噪声谱与测量链路的比较与解释记录","https://www.cs.tsinghua.edu.cn/jgsz/yjssys/jsjkxyjsxrjyjs.htm"
"electrical-6","electrical","嵌入式系统","资源限制与故障条件","subject-circuits","嵌入式系统：这段响应来自器件还是测量链路？","嵌入式系统：跨尺度集成怎样评价噪声、功耗和长期漂移？","输入带宽、噪声谱与测量链路","区分器件响应、测量链路与信号处理","输入带宽、噪声谱与测量链路的比较与解释记录","https://www.cs.tsinghua.edu.cn/jgsz/yjssys/jsjkxyjsxrjyjs.htm"
"electrical-7","electrical","电磁与天线","传播条件与空间边界","subject-circuits","电磁与天线：这段响应来自器件还是测量链路？","电磁与天线：跨尺度集成怎样评价噪声、功耗和长期漂移？","输入带宽、噪声谱与测量链路","区分器件响应、测量链路与信号处理","输入带宽、噪声谱与测量链路的比较与解释记录","https://www.cs.tsinghua.edu.cn/kxyj/kyfx.htm；https://english.phy.pku.edu.cn/Research/Research_Areas.htm"
"electrical-8","electrical","光电信息","信号转换与背景解释","subject-circuits","光电信息：这段响应来自器件还是测量链路？","光电信息：跨尺度集成怎样评价噪声、功耗和长期漂移？","输入带宽、噪声谱与测量链路","区分器件响应、测量链路与信号处理","输入带宽、噪声谱与测量链路的比较与解释记录","https://www.cs.tsinghua.edu.cn/kxyj/kyfx.htm；https://english.phy.pku.edu.cn/Research/Research_Areas.htm"
"electrical-9","electrical","电子系统可靠性","重复运行与故障来源","subject-circuits","电子系统可靠性：这段响应来自器件还是测量链路？","电子系统可靠性：跨尺度集成怎样评价噪声、功耗和长期漂移？","输入带宽、噪声谱与测量链路","区分器件响应、测量链路与信号处理","输入带宽、噪声谱与测量链路的比较与解释记录","https://www.cs.tsinghua.edu.cn/jgsz/yjssys/jsjkxyjsxrjyjs.htm"
"mechanical-4","mechanical","动力与振动","响应记录与模型假设","subject-structures","动力与振动：这条边界条件在实际使用里由什么保证？","动力与振动：数字模型怎样同时约束局部响应和长期可靠性？","荷载边界、模型简化与失效记录","分开模型假设、边界条件与响应评价","荷载边界、模型简化与失效记录的比较与解释记录","https://ocw.mit.edu/courses/2-001-mechanics-materials-i-fall-2006/pages/syllabus/"
"mechanical-5","mechanical","精密机械","误差预算与测量条件","mechanical","精密机械：台架成功为什么还不能覆盖所有工况？","精密机械：新的设计或评价能否跨工况保留可解释的误差与可靠性范围？","工况、台架日志与接口版本","本方向具体检查：对照载荷范围、控制条件和实际接口。不要把「误差预算与测量条件」中不同条件直接合并。","模型简化、使用工况与失效记录，注明「精密机械」的来源、课题版本、已查项与未决项。","https://ocw.mit.edu/courses/2-001-mechanics-materials-i-fall-2006/pages/syllabus/"
"mechanical-6","mechanical","流体机械","工况变化与过程边界","mechanical","流体机械：台架成功为什么还不能覆盖所有工况？","流体机械：新的设计或评价能否跨工况保留可解释的误差与可靠性范围？","工况、台架日志与接口版本","本方向具体检查：对照载荷范围、控制条件和实际接口。不要把「工况变化与过程边界」中不同条件直接合并。","模型简化、使用工况与失效记录，注明「流体机械」的来源、课题版本、已查项与未决项。","https://ocw.mit.edu/courses/2-001-mechanics-materials-i-fall-2006/pages/syllabus/"
"mechanical-7","mechanical","机电系统","接口条件与反馈记录","subject-control","机电系统：执行器达到约束时，你的稳定性结论还成立吗？","机电系统：学习辅助控制怎样保留稳定性范围和失效解释？","闭环响应、扰动记录与执行器约束","区分名义稳定、扰动鲁棒性与约束下表现","闭环响应、扰动记录与执行器约束的比较与解释记录","https://ocw.mit.edu/courses/2-001-mechanics-materials-i-fall-2006/pages/syllabus/"
"mechanical-8","mechanical","数字制造","资料流转与生产约束","evidence-mechanical","数字制造：台架成功为什么还不能覆盖所有工况？","数字制造：学习型控制与数字孪生怎样面对未见工况和模型偏差？","工况、台架日志与接口版本","本方向具体检查：对照载荷范围、控制条件和实际接口。不要把「资料流转与生产约束」中不同条件直接合并。","工况、台架日志与接口版本的来源与比较条件记录，注明「数字制造」的来源、课题版本、已查项与未决项。","https://ocw.mit.edu/courses/2-001-mechanics-materials-i-fall-2006/pages/syllabus/"
"mechanical-9","mechanical","人因与工程使用","操作任务与使用反馈","evidence-mechanical","人因与工程使用：台架成功为什么还不能覆盖所有工况？","人因与工程使用：学习型控制与数字孪生怎样面对未见工况和模型偏差？","工况、台架日志与接口版本","本方向具体检查：对照载荷范围、控制条件和实际接口。不要把「操作任务与使用反馈」中不同条件直接合并。","工况、台架日志与接口版本的来源与比较条件记录，注明「人因与工程使用」的来源、课题版本、已查项与未决项。","https://ocw.mit.edu/courses/2-001-mechanics-materials-i-fall-2006/pages/syllabus/"
"civil-4","civil","岩土工程","材料条件与空间结构","subject-structures","岩土工程：这条边界条件在实际使用里由什么保证？","岩土工程：数字模型怎样同时约束局部响应和长期可靠性？","荷载边界、模型简化与失效记录","分开模型假设、边界条件与响应评价","荷载边界、模型简化与失效记录的比较与解释记录","https://ocw.mit.edu/courses/2-001-mechanics-materials-i-fall-2006/pages/syllabus/"
"civil-5","civil","水利与水环境","流域范围与运行条件","evidence-ecology","水利与水环境：一个采样点的变化，何时能帮助解释更大区域？","水利与水环境：气候与生态多来源资料如何刻画极端事件后的恢复？","采样位置、时间窗口与环境背景记录","本方向具体检查：画出实际覆盖范围，保留天气与缺测时段。不要把「流域范围与运行条件」中不同条件直接合并。","采样位置、时间窗口与环境背景记录的来源与比较条件记录，注明「水利与水环境」的来源、课题版本、已查项与未决项。","https://www.ues.pku.edu.cn/ztlm/zrdlyzrzyx/index.htm"
"civil-6","civil","市政与基础设施","服务过程与资源安排","evidence-mechanical","市政与基础设施：台架成功为什么还不能覆盖所有工况？","市政与基础设施：学习型控制与数字孪生怎样面对未见工况和模型偏差？","工况、台架日志与接口版本","本方向具体检查：对照载荷范围、控制条件和实际接口。不要把「服务过程与资源安排」中不同条件直接合并。","工况、台架日志与接口版本的来源与比较条件记录，注明「市政与基础设施」的来源、课题版本、已查项与未决项。","https://ocw.mit.edu/courses/2-001-mechanics-materials-i-fall-2006/pages/syllabus/"
"civil-7","civil","工程管理","协作流程与约束变化","evidence-mechanical","工程管理：台架成功为什么还不能覆盖所有工况？","工程管理：学习型控制与数字孪生怎样面对未见工况和模型偏差？","工况、台架日志与接口版本","本方向具体检查：对照载荷范围、控制条件和实际接口。不要把「协作流程与约束变化」中不同条件直接合并。","工况、台架日志与接口版本的来源与比较条件记录，注明「工程管理」的来源、课题版本、已查项与未决项。","https://ocw.mit.edu/courses/2-001-mechanics-materials-i-fall-2006/pages/syllabus/"
"civil-8","civil","城市交通分析","出行单位与网络边界","mechanical","城市交通分析：一个结论依赖哪些假设，去掉其中一条会怎样？","城市交通分析：新的设计或评价能否跨工况保留可解释的误差与可靠性范围？","定义、引理依赖与边界例子","本方向具体检查：逐步标出用到的条件，再检验退化情形。不要把「出行单位与网络边界」中不同条件直接合并。","模型简化、使用工况与失效记录，注明「城市交通分析」的来源、课题版本、已查项与未决项。","https://www.ocw.mit.edu/courses/18-100c-real-analysis-fall-2012/"
"civil-9","civil","灾害与韧性","系统余量与使用情境","evidence-mechanical","灾害与韧性：台架成功为什么还不能覆盖所有工况？","灾害与韧性：学习型控制与数字孪生怎样面对未见工况和模型偏差？","工况、台架日志与接口版本","本方向具体检查：对照载荷范围、控制条件和实际接口。不要把「系统余量与使用情境」中不同条件直接合并。","工况、台架日志与接口版本的来源与比较条件记录，注明「灾害与韧性」的来源、课题版本、已查项与未决项。","https://ocw.mit.edu/courses/2-001-mechanics-materials-i-fall-2006/pages/syllabus/"
"energy-4","energy","能源系统建模","系统边界与近似条件","subject-energy","能源系统建模：这项效率的分母包含了哪些辅助消耗？","能源系统建模：变工况下的系统方案怎样保留全周期优势？","工况、辅助能耗与完整系统边界","在同一边界下比较转换、等待与维护成本","工况、辅助能耗与完整系统边界的比较与解释记录","https://www.cs.tsinghua.edu.cn/jgsz/yjssys/jsjkxyjsxrjyjs.htm"
"energy-5","energy","新能源与转换","工况变化与效率口径","subject-energy","新能源与转换：这项效率的分母包含了哪些辅助消耗？","新能源与转换：变工况下的系统方案怎样保留全周期优势？","工况、辅助能耗与完整系统边界","在同一边界下比较转换、等待与维护成本","工况、辅助能耗与完整系统边界的比较与解释记录","https://ocw.mit.edu/courses/2-001-mechanics-materials-i-fall-2006/pages/syllabus/"
"energy-6","energy","建筑能源","空间使用与负荷记录","subject-energy","建筑能源：这项效率的分母包含了哪些辅助消耗？","建筑能源：变工况下的系统方案怎样保留全周期优势？","工况、辅助能耗与完整系统边界","在同一边界下比较转换、等待与维护成本","工况、辅助能耗与完整系统边界的比较与解释记录","https://ocw.mit.edu/courses/2-001-mechanics-materials-i-fall-2006/pages/syllabus/"
"energy-7","energy","能源调度","时间约束与资源余量","subject-energy","能源调度：这项效率的分母包含了哪些辅助消耗？","能源调度：变工况下的系统方案怎样保留全周期优势？","工况、辅助能耗与完整系统边界","在同一边界下比较转换、等待与维护成本","工况、辅助能耗与完整系统边界的比较与解释记录","https://www.ocw.mit.edu/courses/18-100c-real-analysis-fall-2012/；https://www.stat.tsinghua.edu.cn/kxyj/kylyy.htm"
"energy-8","energy","能源经济","资源比较与制度情境","subject-energy","能源经济：这项效率的分母包含了哪些辅助消耗？","能源经济：变工况下的系统方案怎样保留全周期优势？","工况、辅助能耗与完整系统边界","在同一边界下比较转换、等待与维护成本","工况、辅助能耗与完整系统边界的比较与解释记录","https://ocw.mit.edu/courses/2-001-mechanics-materials-i-fall-2006/pages/syllabus/"
"energy-9","energy","低碳与全周期评价","评价边界与资料来源","subject-energy","低碳与全周期评价：这项效率的分母包含了哪些辅助消耗？","低碳与全周期评价：变工况下的系统方案怎样保留全周期优势？","工况、辅助能耗与完整系统边界","在同一边界下比较转换、等待与维护成本","工况、辅助能耗与完整系统边界的比较与解释记录","https://ocw.mit.edu/courses/2-001-mechanics-materials-i-fall-2006/pages/syllabus/"
"aerospace-4","aerospace","空气动力学","流动模型与工况边界","energy","空气动力学：台架成功为什么还不能覆盖所有工况？","空气动力学：新的转换或调度方案能否在全周期、工况变化与资源约束下保留优势？","工况、台架日志与接口版本","本方向具体检查：对照载荷范围、控制条件和实际接口。不要把「流动模型与工况边界」中不同条件直接合并。","工况、全流程边界与资源取舍表，注明「空气动力学」的来源、课题版本、已查项与未决项。","https://ocw.mit.edu/courses/2-001-mechanics-materials-i-fall-2006/pages/syllabus/"
"aerospace-5","aerospace","结构与轻量化","材料取舍与约束条件","mechanical","结构与轻量化：台架成功为什么还不能覆盖所有工况？","结构与轻量化：新的设计或评价能否跨工况保留可解释的误差与可靠性范围？","工况、台架日志与接口版本","本方向具体检查：对照载荷范围、控制条件和实际接口。不要把「材料取舍与约束条件」中不同条件直接合并。","模型简化、使用工况与失效记录，注明「结构与轻量化」的来源、课题版本、已查项与未决项。","https://ocw.mit.edu/courses/2-001-mechanics-materials-i-fall-2006/pages/syllabus/"
"aerospace-6","aerospace","推进与动力","能量边界与运行反馈","energy","推进与动力：台架成功为什么还不能覆盖所有工况？","推进与动力：新的转换或调度方案能否在全周期、工况变化与资源约束下保留优势？","工况、台架日志与接口版本","本方向具体检查：对照载荷范围、控制条件和实际接口。不要把「能量边界与运行反馈」中不同条件直接合并。","工况、全流程边界与资源取舍表，注明「推进与动力」的来源、课题版本、已查项与未决项。","https://ocw.mit.edu/courses/2-001-mechanics-materials-i-fall-2006/pages/syllabus/"
"aerospace-7","aerospace","航空电子","信息接口与信号记录","circuits","航空电子：仿真信号与实际测量怎样在同一条件下比较？","航空电子：协同设计能否在负载、噪声和器件差异下保留性能与能耗解释？","信号标定、器件状态与测试条件","本方向具体检查：把仿真参数与实际测量条件逐项对应。不要把「信息接口与信号记录」中不同条件直接合并。","器件版本、输入条件与误差预算表，注明「航空电子」的来源、课题版本、已查项与未决项。","https://www.cs.tsinghua.edu.cn/kxyj/kyfx.htm；https://english.phy.pku.edu.cn/Research/Research_Areas.htm"
"aerospace-8","aerospace","任务规划","时间窗口与资源约束","evidence-mechanical","任务规划：台架成功为什么还不能覆盖所有工况？","任务规划：学习型控制与数字孪生怎样面对未见工况和模型偏差？","工况、台架日志与接口版本","本方向具体检查：对照载荷范围、控制条件和实际接口。不要把「时间窗口与资源约束」中不同条件直接合并。","工况、台架日志与接口版本的来源与比较条件记录，注明「任务规划」的来源、课题版本、已查项与未决项。","https://ocw.mit.edu/courses/2-001-mechanics-materials-i-fall-2006/pages/syllabus/"
"aerospace-9","aerospace","空间环境","观测资料与环境变化","evidence-physics","空间环境：测到的曲线为何可能对应不止一种物理解释？","空间环境：更大规模量子或多体系统怎样连接局部验证与整体行为？","标定、背景信号与模型近似记录","本方向具体检查：对照背景与测量条件，说明近似成立的范围。不要把「观测资料与环境变化」中不同条件直接合并。","标定、背景信号与模型近似记录的来源与比较条件记录，注明「空间环境」的来源、课题版本、已查项与未决项。","https://english.phy.pku.edu.cn/Research/Research_Areas.htm"
"agriculture-4","agriculture","作物遗传与育种","对象差异与比较条件","subject-breeding","作物遗传与育种：换一个环境，这个性状优势还保留吗？","作物遗传与育种：多环境资料怎样支持稳健的性状组合评价？","种质背景、目标性状与多环境表现","区分遗传背景、环境效应与性状取舍","种质背景、目标性状与多环境表现的比较与解释记录","https://sanya.cau.edu.cn/art/2022/8/2/art_47257_889299.html"
"agriculture-5","agriculture","植物保护","对象记录与环境联系","crop","植物保护：受害程度改变，怎样区分天气、品种与管理因素？","植物保护：新的性状或管理解释能否跨季节与地点保持，并保留资源取舍？","受损记录、发生时期与管理背景","本方向具体检查：核对观察窗口、地块和受损定义。不要把「对象记录与环境联系」中不同条件直接合并。","地块、季节、对象与管理记录，注明「植物保护」的来源、课题版本、已查项与未决项。","https://cpp.cau.edu.cn/col/col21978/index.html"
"agriculture-6","agriculture","园艺","生长阶段与使用情境","crop","园艺：田间表现怎样区分品种、季节和管理的影响？","园艺：新的性状或管理解释能否跨季节与地点保持，并保留资源取舍？","地块、品种、季节与管理记录","本方向具体检查：比较时同时核对地块条件和管理差异。不要把「生长阶段与使用情境」中不同条件直接合并。","地块、季节、对象与管理记录，注明「园艺」的来源、课题版本、已查项与未决项。","https://sanya.cau.edu.cn/art/2022/8/2/art_47257_889299.html"
"agriculture-7","agriculture","农业工程","系统约束与作业条件","crop","农业工程：台架成功为什么还不能覆盖所有工况？","农业工程：新的性状或管理解释能否跨季节与地点保持，并保留资源取舍？","工况、台架日志与接口版本","本方向具体检查：对照载荷范围、控制条件和实际接口。不要把「系统约束与作业条件」中不同条件直接合并。","地块、季节、对象与管理记录，注明「农业工程」的来源、课题版本、已查项与未决项。","https://ocw.mit.edu/courses/2-001-mechanics-materials-i-fall-2006/pages/syllabus/"
"agriculture-8","agriculture","农业经济","资源配置与制度范围","crop","农业经济：观察到的参与者差异，怎样与政策作用区分？","农业经济：新的性状或管理解释能否跨季节与地点保持，并保留资源取舍？","分配规则、样本来源与比较组记录","本方向具体检查：核对选择过程与政策时点，区分描述和识别。不要把「资源配置与制度范围」中不同条件直接合并。","地块、季节、对象与管理记录，注明「农业经济」的来源、课题版本、已查项与未决项。","https://econ.pku.edu.cn/xkzy/index.htm"
"agriculture-9","agriculture","森林经营","空间记录与长期安排","subject-forest","森林经营：这一年长得好，下一批更新的证据在哪里？","森林经营：长期监测怎样连接多目标管理和更新风险？","样地年龄结构、更新记录与管理周期","区分短期生长、更新成功与长期维持","样地年龄结构、更新记录与管理周期的比较与解释记录","https://www.ues.pku.edu.cn/ztlm/zrdlyzrzyx/index.htm"
"veterinary-4","veterinary","动物营养","记录条件与健康比较","subject-animals","动物营养：这是个体差异还是同一场环境的共同影响？","动物营养：连续健康与生长资料怎样处理环境依赖？","个体索引、养殖场背景与生长窗口","保留个体、群体环境与观察时期","个体索引、养殖场背景与生长窗口的比较与解释记录","https://sanya.cau.edu.cn/art/2022/8/2/art_47257_889299.html"
"veterinary-5","veterinary","群体动物健康","群体单位与比较范围","subject-animals","群体动物健康：这是个体差异还是同一场环境的共同影响？","群体动物健康：连续健康与生长资料怎样处理环境依赖？","个体索引、养殖场背景与生长窗口","保留个体、群体环境与观察时期","个体索引、养殖场背景与生长窗口的比较与解释记录","https://sanya.cau.edu.cn/art/2022/8/2/art_47257_889299.html"
"veterinary-6","veterinary","兽医影像","图像来源与对象边界","subject-animals","兽医影像：这是个体差异还是同一场环境的共同影响？","兽医影像：连续健康与生长资料怎样处理环境依赖？","个体索引、养殖场背景与生长窗口","保留个体、群体环境与观察时期","个体索引、养殖场背景与生长窗口的比较与解释记录","https://sanya.cau.edu.cn/art/2022/8/2/art_47257_889299.html"
"veterinary-7","veterinary","动物遗传","差异来源与解释条件","subject-animals","动物遗传：这是个体差异还是同一场环境的共同影响？","动物遗传：连续健康与生长资料怎样处理环境依赖？","个体索引、养殖场背景与生长窗口","保留个体、群体环境与观察时期","个体索引、养殖场背景与生长窗口的比较与解释记录","https://sanya.cau.edu.cn/art/2022/8/2/art_47257_889299.html"
"veterinary-8","veterinary","人兽共处研究","照护经验与环境情境","subject-animals","人兽共处研究：这是个体差异还是同一场环境的共同影响？","人兽共处研究：连续健康与生长资料怎样处理环境依赖？","个体索引、养殖场背景与生长窗口","保留个体、群体环境与观察时期","个体索引、养殖场背景与生长窗口的比较与解释记录","https://sanya.cau.edu.cn/art/2022/8/2/art_47257_889299.html"
"veterinary-9","veterinary","兽医公共卫生","群体记录与执行边界","subject-animals","兽医公共卫生：这是个体差异还是同一场环境的共同影响？","兽医公共卫生：连续健康与生长资料怎样处理环境依赖？","个体索引、养殖场背景与生长窗口","保留个体、群体环境与观察时期","个体索引、养殖场背景与生长窗口的比较与解释记录","https://sanya.cau.edu.cn/art/2022/8/2/art_47257_889299.html"
"food-4","food","食品加工与过程","过程条件与批次差异","food","食品加工与过程：批次、保存条件和评价时点如何共同影响食品指标？","食品加工与过程：新的加工或营养评价能否兼顾组成、实际使用与长期适用范围？","批次来源、评价条件与保存时间记录","本方向具体检查：把批次与评价顺序分开，保留原始口径。不要把「过程条件与批次差异」中不同条件直接合并。","批次或饮食记录、评价任务与进入路径，注明「食品加工与过程」的来源、课题版本、已查项与未决项。","https://www.cs.tsinghua.edu.cn/kxyj/kyfx.htm；https://ocw.mit.edu/courses/2-001-mechanics-materials-i-fall-2006/pages/syllabus/"
"food-5","food","食品分析","测量来源与评价口径","food","食品分析：批次、保存条件和评价时点如何共同影响食品指标？","食品分析：新的加工或营养评价能否兼顾组成、实际使用与长期适用范围？","批次来源、评价条件与保存时间记录","本方向具体检查：把批次与评价顺序分开，保留原始口径。不要把「测量来源与评价口径」中不同条件直接合并。","批次或饮食记录、评价任务与进入路径，注明「食品分析」的来源、课题版本、已查项与未决项。","https://www.cs.tsinghua.edu.cn/kxyj/kyfx.htm；https://ocw.mit.edu/courses/2-001-mechanics-materials-i-fall-2006/pages/syllabus/"
"food-6","food","食品感官研究","体验条件与对象差异","food","食品感官研究：批次、保存条件和评价时点如何共同影响食品指标？","食品感官研究：新的加工或营养评价能否兼顾组成、实际使用与长期适用范围？","批次来源、评价条件与保存时间记录","本方向具体检查：把批次与评价顺序分开，保留原始口径。不要把「体验条件与对象差异」中不同条件直接合并。","批次或饮食记录、评价任务与进入路径，注明「食品感官研究」的来源、课题版本、已查项与未决项。","https://www.cs.tsinghua.edu.cn/kxyj/kyfx.htm；https://ocw.mit.edu/courses/2-001-mechanics-materials-i-fall-2006/pages/syllabus/"
"food-7","food","食品供应链","来源追溯与资源安排","food","食品供应链：批次、保存条件和评价时点如何共同影响食品指标？","食品供应链：新的加工或营养评价能否兼顾组成、实际使用与长期适用范围？","批次来源、评价条件与保存时间记录","本方向具体检查：把批次与评价顺序分开，保留原始口径。不要把「来源追溯与资源安排」中不同条件直接合并。","批次或饮食记录、评价任务与进入路径，注明「食品供应链」的来源、课题版本、已查项与未决项。","https://www.cs.tsinghua.edu.cn/kxyj/kyfx.htm；https://ocw.mit.edu/courses/2-001-mechanics-materials-i-fall-2006/pages/syllabus/"
"food-8","food","膳食与行为","饮食经验与生活情境","food","膳食与行为：批次、保存条件和评价时点如何共同影响食品指标？","膳食与行为：新的加工或营养评价能否兼顾组成、实际使用与长期适用范围？","批次来源、评价条件与保存时间记录","本方向具体检查：把批次与评价顺序分开，保留原始口径。不要把「饮食经验与生活情境」中不同条件直接合并。","批次或饮食记录、评价任务与进入路径，注明「膳食与行为」的来源、课题版本、已查项与未决项。","https://www.cs.tsinghua.edu.cn/kxyj/kyfx.htm；https://ocw.mit.edu/courses/2-001-mechanics-materials-i-fall-2006/pages/syllabus/"
"food-9","food","营养政策","群体目标与执行余量","food","营养政策：批次、保存条件和评价时点如何共同影响食品指标？","营养政策：新的加工或营养评价能否兼顾组成、实际使用与长期适用范围？","批次来源、评价条件与保存时间记录","本方向具体检查：把批次与评价顺序分开，保留原始口径。不要把「群体目标与执行余量」中不同条件直接合并。","批次或饮食记录、评价任务与进入路径，注明「营养政策」的来源、课题版本、已查项与未决项。","https://www.cs.tsinghua.edu.cn/kxyj/kyfx.htm；https://ocw.mit.edu/courses/2-001-mechanics-materials-i-fall-2006/pages/syllabus/"
"pharmacy-4","pharmacy","药剂学与递送研究","释放、稳定性与可达暴露","specialty-pharmacy-4","药剂学与递送研究：释放差异是否真的改变了可达暴露？","药剂学与递送研究：制剂性质与生物环境的联合解释能否预测未见条件中的表现？","制剂性质、释放资料和暴露信息","分开制剂释放、体内处置与目标部位可达性","制剂性质、释放资料和暴露信息的比较与解释记录","https://www.aspet.org/docs/default-source/education-files/pharmacology-knowledge-objectives-2022-final.pdf"
"pharmacy-5","pharmacy","天然产物研究","成分来源、混合物与作用归属","specialty-pharmacy-5","天然产物研究：批次反应差异是否随成分组成改变？","天然产物研究：成分与功能的联合资料能否区分共同变化和实际作用贡献？","来源批次、成分谱与功能资料","区分混合物整体反应与单成分解释","来源批次、成分谱与功能资料的比较与解释记录","https://www.aspet.org/docs/default-source/education-files/pharmacology-knowledge-objectives-2022-final.pdf"
"pharmacy-6","pharmacy","计算药学","计算假设与作用证据","specialty-pharmacy-6","计算药学：预测结果相对简单基线增加了什么？","计算药学：模型能否在未见对象和不同资料来源中保留可检查的预测价值？","模型输入、评分基线与独立验证资料","比较预测与独立作用资料并检查信息泄漏","模型输入、评分基线与独立验证资料的比较与解释记录","https://www.aspet.org/docs/default-source/education-files/pharmacology-knowledge-objectives-2022-final.pdf"
"pharmacy-7","pharmacy","药物安全性研究","安全信号与风险评价","specialty-pharmacy-7","药物安全性研究：报告差异是否来自暴露和报告方式的差别？","药物安全性研究：多来源资料能否加强风险判断，同时保留各自的分母与选择边界？","暴露人群、事件定义与报告来源","区分报告信号、发生率与混杂","暴露人群、事件定义与报告来源的比较与解释记录","https://www.aspet.org/docs/default-source/education-files/pharmacology-knowledge-objectives-2022-final.pdf"
"pharmacy-8","pharmacy","药物经济学","价值比较、视角与不确定性","specialty-pharmacy-8","药物经济学：这个结论针对谁的成本和什么比较方案？","药物经济学：长期模型能否解释不确定性如何改变决策，而不只给一个比值？","成本口径、效用来源与时间范围","先说明评价视角并核对比较方案","成本口径、效用来源与时间范围的比较与解释记录","https://www.aspet.org/docs/default-source/education-files/pharmacology-knowledge-objectives-2022-final.pdf"
"pharmacy-9","pharmacy","药学服务","药物沟通、执行与患者体验","specialty-pharmacy-9","药学服务：服务在哪一步改善了理解或实际执行？","药学服务：连续服务能否改善实际执行并解释未参与者的资料缺口？","沟通记录、理解程度与实际执行资料","分开解释过、理解了和做到了","沟通记录、理解程度与实际执行资料的比较与解释记录","https://www.aspet.org/docs/default-source/education-files/pharmacology-knowledge-objectives-2022-final.pdf"
"nursing-4","nursing","慢病照护","生活经验与长期记录","subject-nursing","慢病照护：这条记录对应的照护行动真的发生了吗？","慢病照护：连续照护怎样兼顾告警负担与未接入人群？","照护实施、本人报告与交接时间轴","分开文书完成、信息传达与实际落实","照护实施、本人报告与交接时间轴的比较与解释记录","https://www.ninr.nih.gov/research/priority-areas；https://www.nhlbi.nih.gov/health-topics/study-quality-assessment-tools"
"nursing-5","nursing","老年护理","个体需要与支持余量","subject-nursing","老年护理：这条记录对应的照护行动真的发生了吗？","老年护理：连续照护怎样兼顾告警负担与未接入人群？","照护实施、本人报告与交接时间轴","分开文书完成、信息传达与实际落实","照护实施、本人报告与交接时间轴的比较与解释记录","https://www.ninr.nih.gov/research/priority-areas；https://www.nhlbi.nih.gov/health-topics/study-quality-assessment-tools"
"nursing-6","nursing","心理与精神护理","体验记录与照护边界","subject-nursing","心理与精神护理：这条记录对应的照护行动真的发生了吗？","心理与精神护理：连续照护怎样兼顾告警负担与未接入人群？","照护实施、本人报告与交接时间轴","分开文书完成、信息传达与实际落实","照护实施、本人报告与交接时间轴的比较与解释记录","https://www.ninr.nih.gov/research/priority-areas；https://www.nhlbi.nih.gov/health-topics/study-quality-assessment-tools"
"nursing-7","nursing","护理管理","人员安排与资源条件","subject-nursing","护理管理：这条记录对应的照护行动真的发生了吗？","护理管理：连续照护怎样兼顾告警负担与未接入人群？","照护实施、本人报告与交接时间轴","分开文书完成、信息传达与实际落实","照护实施、本人报告与交接时间轴的比较与解释记录","https://www.ninr.nih.gov/research/priority-areas；https://www.nhlbi.nih.gov/health-topics/study-quality-assessment-tools"
"nursing-8","nursing","护理信息","记录结构与资料流转","subject-nursing","护理信息：这条记录对应的照护行动真的发生了吗？","护理信息：连续照护怎样兼顾告警负担与未接入人群？","照护实施、本人报告与交接时间轴","分开文书完成、信息传达与实际落实","照护实施、本人报告与交接时间轴的比较与解释记录","https://www.ninr.nih.gov/research/priority-areas；https://www.nhlbi.nih.gov/health-topics/study-quality-assessment-tools"
"nursing-9","nursing","护理质量与评价","评价口径与比较边界","subject-nursing","护理质量与评价：这条记录对应的照护行动真的发生了吗？","护理质量与评价：连续照护怎样兼顾告警负担与未接入人群？","照护实施、本人报告与交接时间轴","分开文书完成、信息传达与实际落实","照护实施、本人报告与交接时间轴的比较与解释记录","https://www.ninr.nih.gov/research/priority-areas；https://www.nhlbi.nih.gov/health-topics/study-quality-assessment-tools"
"management-4","management","战略管理","目标冲突与组织条件","subject-organization","战略管理：谁完成了流程却仍没有获得预期支持？","战略管理：智能协作工具怎样保留新人学习和责任接口？","正式流程、实际协作与未受益者记录","比较纸面目标、落实条件与参与负担","正式流程、实际协作与未受益者记录的比较与解释记录","https://www.som.zju.edu.cn/2025/0506/c63512a3045953/page.htm"
"management-5","management","市场营销","受众经验与比较设计","economics","市场营销：确认口径改变时，报表变动能说明什么？","市场营销：新资料或制度比较能否区分选择、行为调整与长期分配变化？","确认时点、报表口径与审计证据","本方向具体检查：对齐会计期间与合并范围，保留口径变动。不要把「受众经验与比较设计」中不同条件直接合并。","进入与退出路径、制度时点和比较单位，注明「市场营销」的来源、课题版本、已查项与未决项。","https://www.som.zju.edu.cn/2025/0506/c63512a3045953/page.htm"
"management-6","management","人力与组织发展","工作体验与学习安排","subject-organization","人力与组织发展：谁完成了流程却仍没有获得预期支持？","人力与组织发展：智能协作工具怎样保留新人学习和责任接口？","正式流程、实际协作与未受益者记录","比较纸面目标、落实条件与参与负担","正式流程、实际协作与未受益者记录的比较与解释记录","https://www.som.zju.edu.cn/2025/0506/c63512a3045953/page.htm"
"management-7","management","信息管理","资料结构与使用流程","subject-organization","信息管理：谁完成了流程却仍没有获得预期支持？","信息管理：智能协作工具怎样保留新人学习和责任接口？","正式流程、实际协作与未受益者记录","比较纸面目标、落实条件与参与负担","正式流程、实际协作与未受益者记录的比较与解释记录","https://www.som.zju.edu.cn/2025/0506/c63512a3045953/page.htm"
"management-8","management","供应链管理","协作关系与资源约束","subject-operations","供应链管理：这个环节省下的时间有没有变成下一环节的排队？","供应链管理：动态调度怎样兼顾波动、服务公平与资源约束？","流程等待、交付记录与需求波动","同时比较局部周转与端到端交付","流程等待、交付记录与需求波动的比较与解释记录","https://www.som.zju.edu.cn/2025/0506/c63512a3045953/page.htm"
"management-9","management","创新与创业","不确定目标与行动范围","evidence-organization","创新与创业：制度写得完整，为什么实际交接仍可能失败？","创新与创业：智能工具进入团队后，知识传递与新人培养会怎样变化？","流程文件、岗位访谈与交付记录","本方向具体检查：分开正式规定与实际执行，再核对责任接口。不要把「不确定目标与行动范围」中不同条件直接合并。","流程文件、岗位访谈与交付记录的来源与比较条件记录，注明「创新与创业」的来源、课题版本、已查项与未决项。","https://www.som.zju.edu.cn/2025/0506/c63512a3045953/page.htm"
"publicadmin-4","publicadmin","城市治理","空间资源与服务条件","subject-organization","城市治理：谁完成了流程却仍没有获得预期支持？","城市治理：智能协作工具怎样保留新人学习和责任接口？","正式流程、实际协作与未受益者记录","比较纸面目标、落实条件与参与负担","正式流程、实际协作与未受益者记录的比较与解释记录","https://www.law.pku.edu.cn/xwzx/ggtz/zsjx/870508d182464f118ae55b9473a4c4f3.htm；https://bkzs.pku.edu.cn/xkzy/xy/shkxxb/sxkxxy_31/sxkxxyzszy_31/index.htm"
"publicadmin-5","publicadmin","数字治理","系统使用与责任边界","subject-organization","数字治理：谁完成了流程却仍没有获得预期支持？","数字治理：智能协作工具怎样保留新人学习和责任接口？","正式流程、实际协作与未受益者记录","比较纸面目标、落实条件与参与负担","正式流程、实际协作与未受益者记录的比较与解释记录","https://www.law.pku.edu.cn/xwzx/ggtz/zsjx/870508d182464f118ae55b9473a4c4f3.htm；https://bkzs.pku.edu.cn/xkzy/xy/shkxxb/sxkxxy_31/sxkxxyzszy_31/index.htm"
"publicadmin-6","publicadmin","社会保障","需要差异与资源范围","subject-organization","社会保障：谁完成了流程却仍没有获得预期支持？","社会保障：智能协作工具怎样保留新人学习和责任接口？","正式流程、实际协作与未受益者记录","比较纸面目标、落实条件与参与负担","正式流程、实际协作与未受益者记录的比较与解释记录","https://www.som.zju.edu.cn/2025/0506/c63512a3045953/page.htm"
"publicadmin-7","publicadmin","公共财政","支出口径与目标取舍","economics","公共财政：两个地方使用同名制度，怎样判断可以比较？","公共财政：新资料或制度比较能否区分选择、行为调整与长期分配变化？","制度文本、执行材料与对象反馈","本方向具体检查：比较制度情境，保留执行层次与时间。不要把「支出口径与目标取舍」中不同条件直接合并。","进入与退出路径、制度时点和比较单位，注明「公共财政」的来源、课题版本、已查项与未决项。","https://www.law.pku.edu.cn/xwzx/ggtz/zsjx/870508d182464f118ae55b9473a4c4f3.htm；https://bkzs.pku.edu.cn/xkzy/xy/shkxxb/sxkxxy_31/sxkxxyzszy_31/index.htm"
"publicadmin-8","publicadmin","非营利组织","协作经验与公众情境","subject-organization","非营利组织：谁完成了流程却仍没有获得预期支持？","非营利组织：智能协作工具怎样保留新人学习和责任接口？","正式流程、实际协作与未受益者记录","比较纸面目标、落实条件与参与负担","正式流程、实际协作与未受益者记录的比较与解释记录","https://www.som.zju.edu.cn/2025/0506/c63512a3045953/page.htm"
"publicadmin-9","publicadmin","政策评价","比较条件与反馈资料","governance","政策评价：两个地方使用同名制度，怎样判断可以比较？","政策评价：新的协作或数字治理能否缩小执行差距，并保留申诉和责任接口？","制度文本、执行材料与对象反馈","本方向具体检查：比较制度情境，保留执行层次与时间。不要把「比较条件与反馈资料」中不同条件直接合并。","纸面目标、执行层次与未受益者记录，注明「政策评价」的来源、课题版本、已查项与未决项。","https://www.law.pku.edu.cn/xwzx/ggtz/zsjx/870508d182464f118ae55b9473a4c4f3.htm；https://bkzs.pku.edu.cn/xkzy/xy/shkxxb/sxkxxy_31/sxkxxyzszy_31/index.htm"
"music-4","music","作曲与声音创作","形式取舍与版本记录","evidence-performance","作曲与声音创作：排练表现与正式场次反馈为何可能不同？","作曲与声音创作：实时媒介与远程共演怎样改变表演的在场感？","排练版本、演出条件与听众反馈","本方向具体检查：区分练习状态、现场条件与审美判断。不要把「形式取舍与版本记录」中不同条件直接合并。","排练版本、演出条件与听众反馈的来源与比较条件记录，注明「作曲与声音创作」的来源、课题版本、已查项与未决项。","https://www.cafa.edu.cn/sp/nljg/?j=151"
"music-5","music","音乐教育","学习经验与表演反馈","subject-music","音乐教育：这段效果来自演绎，还是后期或场地？","音乐教育：远程共演怎样评价延迟、协作和共同在场？","乐谱或脚本版本、演出场次与声场记录","分开作品结构、演绎取舍与现场条件","乐谱或脚本版本、演出场次与声场记录的比较与解释记录","https://cter.bnu.edu.cn/docs/2024-05/e0d9749ec02e425eb45aa96fefdadc2a.pdf"
"music-6","music","民族音乐研究","声音材料与文化语境","subject-music","民族音乐研究：这段效果来自演绎，还是后期或场地？","民族音乐研究：远程共演怎样评价延迟、协作和共同在场？","乐谱或脚本版本、演出场次与声场记录","分开作品结构、演绎取舍与现场条件","乐谱或脚本版本、演出场次与声场记录的比较与解释记录","https://www.cafa.edu.cn/sp/nljg/?j=151"
"music-7","music","戏剧表演","现场互动与表达边界","subject-music","戏剧表演：这段效果来自演绎，还是后期或场地？","戏剧表演：远程共演怎样评价延迟、协作和共同在场？","乐谱或脚本版本、演出场次与声场记录","分开作品结构、演绎取舍与现场条件","乐谱或脚本版本、演出场次与声场记录的比较与解释记录","https://www.cafa.edu.cn/sp/nljg/?j=151"
"music-8","music","影视制作与叙事","素材来源与叙事结构","subject-film","影视制作与叙事：这个联系来自现场记录还是剪辑形成的顺序？","影视制作与叙事：交互与生成影像怎样改变叙事控制和观看经验？","镜头段落、剪辑版本与放映条件","区分拍摄素材、剪辑叙事与观众解释","镜头段落、剪辑版本与放映条件的比较与解释记录","https://www.cafa.edu.cn/sp/nljg/?j=151"
"music-9","music","媒介艺术与声音设计","工具条件与受众体验","arts","媒介艺术与声音设计：信息传播量与受众态度变化为什么不同？","媒介艺术与声音设计：新的创作或展示方式能否兼顾语境、实际体验与作品差异？","传播时间、平台机制与受众资料","本方向具体检查：分开内容、推荐入口与实际触达。不要把「工具条件与受众体验」中不同条件直接合并。","作品版本、制作取舍与观看条件记录，注明「媒介艺术与声音设计」的来源、课题版本、已查项与未决项。","https://www.cafa.edu.cn/sp/nljg/?j=151"
"military-4","military","安全政策研究","规范目标与制度情境","subject-military-history","安全政策研究：当时的信息和资源允许你提出的这个解释吗？","安全政策研究：公共史料数字化怎样保留组织变迁中的反例？","公开史料、当时信息与组织约束","限制在公开历史解释，保留行动者当时能知道的内容","公开史料、当时信息与组织约束的比较与解释记录","https://www.moe.gov.cn/srcsite/A22/moe_833/202209/t20220914_660828.html；https://history.pku.edu.cn/bxgk/xkjj/index.htm"
"military-5","military","战略思想史","概念来源与时代材料","subject-military-history","战略思想史：当时的信息和资源允许你提出的这个解释吗？","战略思想史：公共史料数字化怎样保留组织变迁中的反例？","公开史料、当时信息与组织约束","限制在公开历史解释，保留行动者当时能知道的内容","公开史料、当时信息与组织约束的比较与解释记录","https://www.moe.gov.cn/srcsite/A22/moe_833/202209/t20220914_660828.html；https://history.pku.edu.cn/bxgk/xkjj/index.htm"
"military-6","military","组织决策研究","信息条件与行动边界","subject-military-history","组织决策研究：当时的信息和资源允许你提出的这个解释吗？","组织决策研究：公共史料数字化怎样保留组织变迁中的反例？","公开史料、当时信息与组织约束","限制在公开历史解释，保留行动者当时能知道的内容","公开史料、当时信息与组织约束的比较与解释记录","https://www.moe.gov.cn/srcsite/A22/moe_833/202209/t20220914_660828.html；https://history.pku.edu.cn/bxgk/xkjj/index.htm"
"military-7","military","保障与资源评价","评价口径与系统余量","subject-military-history","保障与资源评价：当时的信息和资源允许你提出的这个解释吗？","保障与资源评价：公共史料数字化怎样保留组织变迁中的反例？","公开史料、当时信息与组织约束","限制在公开历史解释，保留行动者当时能知道的内容","公开史料、当时信息与组织约束的比较与解释记录","https://www.moe.gov.cn/srcsite/A22/moe_833/202209/t20220914_660828.html；https://history.pku.edu.cn/bxgk/xkjj/index.htm"
"military-8","military","安全与社会研究","群体经验与比较范围","subject-military-history","安全与社会研究：当时的信息和资源允许你提出的这个解释吗？","安全与社会研究：公共史料数字化怎样保留组织变迁中的反例？","公开史料、当时信息与组织约束","限制在公开历史解释，保留行动者当时能知道的内容","公开史料、当时信息与组织约束的比较与解释记录","https://www.moe.gov.cn/srcsite/A22/moe_833/202209/t20220914_660828.html；https://history.pku.edu.cn/bxgk/xkjj/index.htm"
"military-9","military","科技与战略治理","工具使用与责任范围","subject-military-history","科技与战略治理：当时的信息和资源允许你提出的这个解释吗？","科技与战略治理：公共史料数字化怎样保留组织变迁中的反例？","公开史料、当时信息与组织约束","限制在公开历史解释，保留行动者当时能知道的内容","公开史料、当时信息与组织约束的比较与解释记录","https://www.moe.gov.cn/srcsite/A22/moe_833/202209/t20220914_660828.html；https://history.pku.edu.cn/bxgk/xkjj/index.htm"
"interdisciplinary-4","interdisciplinary","计算与领域研究","模型语言与领域定义","evidence-cross","计算与领域研究：两门学科的同名指标，是否测量了同一种对象？","计算与领域研究：跨尺度、跨模态方法怎样形成双方都能核对的新问题？","两侧对象定义、资料单位与方法接口","本方向具体检查：分别保留两侧依据，再检查接口是否改变含义。不要把「模型语言与领域定义」中不同条件直接合并。","两侧对象定义、资料单位与方法接口的来源与比较条件记录，注明「计算与领域研究」的来源、课题版本、已查项与未决项。","https://www.moe.gov.cn/srcsite/A22/moe_833/202209/t20220914_660828.html"
"interdisciplinary-5","interdisciplinary","数据与社会研究","记录单位与社会情境","subject-cross-culture","数据与社会研究：转换成这个标签时，哪些当地含义消失了？","数据与社会研究：跨语言数字资料怎样保留缺席者和无法对译的概念？","当地术语、数字编码与不同来源叙述","保留两侧对象定义和编码时丢失的语境","当地术语、数字编码与不同来源叙述的比较与解释记录","https://www.moe.gov.cn/srcsite/A22/moe_833/202209/t20220914_660828.html"
"interdisciplinary-6","interdisciplinary","健康与技术研究","使用任务与健康边界","subject-cross-health","健康与技术研究：技术指标改善通过哪一步联系到实际健康结局？","健康与技术研究：跨模态系统怎样验证接口失效和未覆盖人群？","技术指标、使用任务与健康结局的接口表","分别保留技术验证、实际使用与健康评价","技术指标、使用任务与健康结局的接口表的比较与解释记录","https://www.moe.gov.cn/srcsite/A22/moe_833/202209/t20220914_660828.html"
"interdisciplinary-7","interdisciplinary","环境与设计研究","环境条件与使用反馈","subject-cross-environment","环境与设计研究：这个像元的变化能对应到哪个实际对象？","环境与设计研究：多尺度资料怎样处理接口不确定性与目标冲突？","空间分辨率、地面参照与使用目标","分别核对测量尺度、生态对象与决策边界","空间分辨率、地面参照与使用目标的比较与解释记录","https://www.moe.gov.cn/srcsite/A22/moe_833/202209/t20220914_660828.html"
"interdisciplinary-8","interdisciplinary","文化与数字研究","材料语境与资料结构","subject-cross-culture","文化与数字研究：转换成这个标签时，哪些当地含义消失了？","文化与数字研究：跨语言数字资料怎样保留缺席者和无法对译的概念？","当地术语、数字编码与不同来源叙述","保留两侧对象定义和编码时丢失的语境","当地术语、数字编码与不同来源叙述的比较与解释记录","https://www.moe.gov.cn/srcsite/A22/moe_833/202209/t20220914_660828.html"
"interdisciplinary-9","interdisciplinary","系统与资源研究","系统目标与资源约束","subject-cross-environment","系统与资源研究：这个像元的变化能对应到哪个实际对象？","系统与资源研究：多尺度资料怎样处理接口不确定性与目标冲突？","空间分辨率、地面参照与使用目标","分别核对测量尺度、生态对象与决策边界","空间分辨率、地面参照与使用目标的比较与解释记录","https://www.moe.gov.cn/srcsite/A22/moe_833/202209/t20220914_660828.html"
"statistics-4","statistics","贝叶斯统计","先验信息与更新条件","bayes","贝叶斯统计：估计目标、独立单位和不确定性为什么要先于模型选择？","贝叶斯统计：更灵活的层级模型能否保留可检查的先验预测和校准？","独立对象索引、缺失模式与模型诊断","本方向具体检查：先说明估计目标和独立单位，再看不确定性。不要把「先验信息与更新条件」中不同条件直接合并。","先验预测与敏感性记录，注明「贝叶斯统计」的来源、课题版本、已查项与未决项。","https://www.stat.tsinghua.edu.cn/kxyj/kylyy.htm；https://www.nhlbi.nih.gov/health-topics/study-quality-assessment-tools"
"statistics-5","statistics","因果推断","比较条件与识别边界","causal","因果推断：目标比较为何需要设计与识别条件，而不只是拟合？","因果推断：机器学习辅助估计怎样保留识别、重叠与有效不确定性？","估计目标、处理分配与比较组记录","本方向具体检查：先说明目标比较和识别条件，再看模型与不确定性。不要把「比较条件与识别边界」中不同条件直接合并。","比较对象、时间轴与替代解释表，注明「因果推断」的来源、课题版本、已查项与未决项。","https://www.stat.tsinghua.edu.cn/kxyj/kylyy.htm；https://www.nhlbi.nih.gov/health-topics/study-quality-assessment-tools"
"statistics-6","statistics","实验与调查设计","观察单位与资料来源","causal","实验与调查设计：估计目标、独立单位和不确定性为什么要先于模型选择？","实验与调查设计：新的识别设计能否区分干预、选择和同时发生的变化？","独立对象索引、缺失模式与模型诊断","本方向具体检查：先说明估计目标和独立单位，再看不确定性。不要把「观察单位与资料来源」中不同条件直接合并。","比较对象、时间轴与替代解释表，注明「实验与调查设计」的来源、课题版本、已查项与未决项。","https://www.stat.tsinghua.edu.cn/kxyj/kylyy.htm；https://www.nhlbi.nih.gov/health-topics/study-quality-assessment-tools"
"statistics-7","statistics","生物统计","健康结局与群体差异","evidence-statistics","生物统计：估计目标、独立单位和不确定性为什么要先于模型选择？","生物统计：高维辅助数据如何提高推断效率而不改变目标比较？","独立对象索引、缺失模式与模型诊断","本方向具体检查：先说明估计目标和独立单位，再看不确定性。不要把「健康结局与群体差异」中不同条件直接合并。","独立对象索引、缺失模式与模型诊断的来源与比较条件记录，注明「生物统计」的来源、课题版本、已查项与未决项。","https://www.stat.tsinghua.edu.cn/kxyj/kylyy.htm；https://www.nhlbi.nih.gov/health-topics/study-quality-assessment-tools"
"statistics-8","statistics","稳健与非参数方法","假设变化与评价范围","evidence-statistics","稳健与非参数方法：估计目标、独立单位和不确定性为什么要先于模型选择？","稳健与非参数方法：高维辅助数据如何提高推断效率而不改变目标比较？","独立对象索引、缺失模式与模型诊断","本方向具体检查：先说明估计目标和独立单位，再看不确定性。不要把「假设变化与评价范围」中不同条件直接合并。","独立对象索引、缺失模式与模型诊断的来源与比较条件记录，注明「稳健与非参数方法」的来源、课题版本、已查项与未决项。","https://www.stat.tsinghua.edu.cn/kxyj/kylyy.htm；https://www.nhlbi.nih.gov/health-topics/study-quality-assessment-tools"
"statistics-9","statistics","计算统计","数值过程与近似误差","evidence-statistics","计算统计：估计目标、独立单位和不确定性为什么要先于模型选择？","计算统计：高维辅助数据如何提高推断效率而不改变目标比较？","独立对象索引、缺失模式与模型诊断","本方向具体检查：先说明估计目标和独立单位，再看不确定性。不要把「数值过程与近似误差」中不同条件直接合并。","独立对象索引、缺失模式与模型诊断的来源与比较条件记录，注明「计算统计」的来源、课题版本、已查项与未决项。","https://www.stat.tsinghua.edu.cn/kxyj/kylyy.htm；https://www.nhlbi.nih.gov/health-topics/study-quality-assessment-tools"
"astronomy-4","astronomy","太阳与空间环境","时间变化与观测条件","evidence-physics","太阳与空间环境：测到的曲线为何可能对应不止一种物理解释？","太阳与空间环境：更大规模量子或多体系统怎样连接局部验证与整体行为？","标定、背景信号与模型近似记录","本方向具体检查：对照背景与测量条件，说明近似成立的范围。不要把「时间变化与观测条件」中不同条件直接合并。","标定、背景信号与模型近似记录的来源与比较条件记录，注明「太阳与空间环境」的来源、课题版本、已查项与未决项。","https://english.phy.pku.edu.cn/Research/Research_Areas.htm"
"astronomy-5","astronomy","行星与系外行星","信号解释与对象差异","astronomy","行星与系外行星：测到的曲线为何可能对应不止一种物理解释？","行星与系外行星：联合观测能否区分来源解释，并保留距离、选择和时间的不确定性？","标定、背景信号与模型近似记录","本方向具体检查：对照背景与测量条件，说明近似成立的范围。不要把「信号解释与对象差异」中不同条件直接合并。","观测窗口、选择函数与标定记录，注明「行星与系外行星」的来源、课题版本、已查项与未决项。","https://english.phy.pku.edu.cn/Research/Research_Areas.htm"
"astronomy-6","astronomy","星际介质","材料过程与测量范围","evidence-physics","星际介质：测到的曲线为何可能对应不止一种物理解释？","星际介质：更大规模量子或多体系统怎样连接局部验证与整体行为？","标定、背景信号与模型近似记录","本方向具体检查：对照背景与测量条件，说明近似成立的范围。不要把「材料过程与测量范围」中不同条件直接合并。","标定、背景信号与模型近似记录的来源与比较条件记录，注明「星际介质」的来源、课题版本、已查项与未决项。","https://english.phy.pku.edu.cn/Research/Research_Areas.htm"
"astronomy-7","astronomy","高能与多信使观测","来源联系与信号边界","astronomy","高能与多信使观测：测到的曲线为何可能对应不止一种物理解释？","高能与多信使观测：联合观测能否区分来源解释，并保留距离、选择和时间的不确定性？","标定、背景信号与模型近似记录","本方向具体检查：对照背景与测量条件，说明近似成立的范围。不要把「来源联系与信号边界」中不同条件直接合并。","观测窗口、选择函数与标定记录，注明「高能与多信使观测」的来源、课题版本、已查项与未决项。","https://english.phy.pku.edu.cn/Research/Research_Areas.htm"
"astronomy-8","astronomy","天文数据分析","标定、缺失与推断条件","astronomy","天文数据分析：观测选择和距离估计怎样影响天体样本比较？","天文数据分析：多信使与时域资料如何检验不同天体过程的解释？","标定、背景信号与模型近似记录","本方向具体检查：对照背景与测量条件，说明近似成立的范围。不要把「标定、缺失与推断条件」中不同条件直接合并。","观测窗口、选择函数与标定记录，注明「天文数据分析」的来源、课题版本、已查项与未决项。","https://english.phy.pku.edu.cn/Research/Research_Areas.htm"
"astronomy-9","astronomy","望远镜与观测系统","资源窗口与运行条件","evidence-physics","望远镜与观测系统：测到的曲线为何可能对应不止一种物理解释？","望远镜与观测系统：更大规模量子或多体系统怎样连接局部验证与整体行为？","标定、背景信号与模型近似记录","本方向具体检查：对照背景与测量条件，说明近似成立的范围。不要把「资源窗口与运行条件」中不同条件直接合并。","标定、背景信号与模型近似记录的来源与比较条件记录，注明「望远镜与观测系统」的来源、课题版本、已查项与未决项。","https://english.phy.pku.edu.cn/Research/Research_Areas.htm"
"sociology-4","sociology","人口与家庭","群体单位与生活经验","subject-fieldwork","人口与家庭：没有接受访谈的人可能怎样改变你的解释？","人口与家庭：多地点与线上田野怎样保留矛盾叙述？","进入田野的关系、访谈场景与沉默者记录","标明谁愿意谈、谁无法接触以及研究者的位置","进入田野的关系、访谈场景与沉默者记录的比较与解释记录","https://bkzs.pku.edu.cn/xkzy/xy/shkxxb/sxkxxy_31/sxkxxyzszy_31/index.htm"
"sociology-5","sociology","劳动与职业","工作条件与组织边界","subject-fieldwork","劳动与职业：没有接受访谈的人可能怎样改变你的解释？","劳动与职业：多地点与线上田野怎样保留矛盾叙述？","进入田野的关系、访谈场景与沉默者记录","标明谁愿意谈、谁无法接触以及研究者的位置","进入田野的关系、访谈场景与沉默者记录的比较与解释记录","https://bkzs.pku.edu.cn/xkzy/xy/shkxxb/sxkxxy_31/sxkxxyzszy_31/index.htm"
"sociology-6","sociology","健康与医学社会学","健康体验与制度情境","subject-fieldwork","健康与医学社会学：没有接受访谈的人可能怎样改变你的解释？","健康与医学社会学：多地点与线上田野怎样保留矛盾叙述？","进入田野的关系、访谈场景与沉默者记录","标明谁愿意谈、谁无法接触以及研究者的位置","进入田野的关系、访谈场景与沉默者记录的比较与解释记录","https://bkzs.pku.edu.cn/xkzy/xy/shkxxb/sxkxxy_31/sxkxxyzszy_31/index.htm"
"sociology-7","sociology","数字社会学","平台记录与互动结构","subject-fieldwork","数字社会学：没有接受访谈的人可能怎样改变你的解释？","数字社会学：多地点与线上田野怎样保留矛盾叙述？","进入田野的关系、访谈场景与沉默者记录","标明谁愿意谈、谁无法接触以及研究者的位置","进入田野的关系、访谈场景与沉默者记录的比较与解释记录","https://bkzs.pku.edu.cn/xkzy/xy/shkxxb/sxkxxy_31/sxkxxyzszy_31/index.htm"
"sociology-8","sociology","文化社会学","文化材料与意义解释","subject-fieldwork","文化社会学：没有接受访谈的人可能怎样改变你的解释？","文化社会学：多地点与线上田野怎样保留矛盾叙述？","进入田野的关系、访谈场景与沉默者记录","标明谁愿意谈、谁无法接触以及研究者的位置","进入田野的关系、访谈场景与沉默者记录的比较与解释记录","https://bkzs.pku.edu.cn/xkzy/xy/shkxxb/sxkxxy_31/sxkxxyzszy_31/index.htm"
"sociology-9","sociology","社会方法研究","测量口径与推断前提","subject-fieldwork","社会方法研究：没有接受访谈的人可能怎样改变你的解释？","社会方法研究：多地点与线上田野怎样保留矛盾叙述？","进入田野的关系、访谈场景与沉默者记录","标明谁愿意谈、谁无法接触以及研究者的位置","进入田野的关系、访谈场景与沉默者记录的比较与解释记录","https://www.law.pku.edu.cn/xwzx/ggtz/zsjx/870508d182464f118ae55b9473a4c4f3.htm"
"anthropology-4","anthropology","城市人类学","地方经验与空间关系","subject-fieldwork","城市人类学：没有接受访谈的人可能怎样改变你的解释？","城市人类学：多地点与线上田野怎样保留矛盾叙述？","进入田野的关系、访谈场景与沉默者记录","标明谁愿意谈、谁无法接触以及研究者的位置","进入田野的关系、访谈场景与沉默者记录的比较与解释记录","https://bkzs.pku.edu.cn/xkzy/xy/shkxxb/sxkxxy_31/sxkxxyzszy_31/index.htm"
"anthropology-5","anthropology","医学人类学","健康叙述与照护语境","subject-fieldwork","医学人类学：没有接受访谈的人可能怎样改变你的解释？","医学人类学：多地点与线上田野怎样保留矛盾叙述？","进入田野的关系、访谈场景与沉默者记录","标明谁愿意谈、谁无法接触以及研究者的位置","进入田野的关系、访谈场景与沉默者记录的比较与解释记录","https://bkzs.pku.edu.cn/xkzy/xy/shkxxb/sxkxxy_31/sxkxxyzszy_31/index.htm"
"anthropology-6","anthropology","数字人类学","媒介参与与互动条件","subject-fieldwork","数字人类学：没有接受访谈的人可能怎样改变你的解释？","数字人类学：多地点与线上田野怎样保留矛盾叙述？","进入田野的关系、访谈场景与沉默者记录","标明谁愿意谈、谁无法接触以及研究者的位置","进入田野的关系、访谈场景与沉默者记录的比较与解释记录","https://bkzs.pku.edu.cn/xkzy/xy/shkxxb/sxkxxy_31/sxkxxyzszy_31/index.htm"
"anthropology-7","anthropology","经济人类学","资源交换与地方价值","subject-fieldwork","经济人类学：没有接受访谈的人可能怎样改变你的解释？","经济人类学：多地点与线上田野怎样保留矛盾叙述？","进入田野的关系、访谈场景与沉默者记录","标明谁愿意谈、谁无法接触以及研究者的位置","进入田野的关系、访谈场景与沉默者记录的比较与解释记录","https://bkzs.pku.edu.cn/xkzy/xy/shkxxb/sxkxxy_31/sxkxxyzszy_31/index.htm"
"anthropology-8","anthropology","语言人类学","交际材料与社会关系","subject-fieldwork","语言人类学：没有接受访谈的人可能怎样改变你的解释？","语言人类学：多地点与线上田野怎样保留矛盾叙述？","进入田野的关系、访谈场景与沉默者记录","标明谁愿意谈、谁无法接触以及研究者的位置","进入田野的关系、访谈场景与沉默者记录的比较与解释记录","https://bkzs.pku.edu.cn/xkzy/xy/shkxxb/sxkxxy_31/sxkxxyzszy_31/index.htm"
"anthropology-9","anthropology","遗产与公众人类学","展示语境与参与边界","subject-fieldwork","遗产与公众人类学：没有接受访谈的人可能怎样改变你的解释？","遗产与公众人类学：多地点与线上田野怎样保留矛盾叙述？","进入田野的关系、访谈场景与沉默者记录","标明谁愿意谈、谁无法接触以及研究者的位置","进入田野的关系、访谈场景与沉默者记录的比较与解释记录","https://bkzs.pku.edu.cn/xkzy/xy/shkxxb/sxkxxy_31/sxkxxyzszy_31/index.htm"
"archaeology-4","archaeology","史前考古","年代条件与材料序列","subject-strata","史前考古：这件样品与本层活动有什么直接联系？","史前考古：多种定年与空间资料怎样保留彼此冲突？","出土位置、层位关系与样品年代分布","把材料年代、沉积过程与活动年代分开","出土位置、层位关系与样品年代分布的比较与解释记录","https://archaeology.pku.edu.cn/szdw/jxky1/jys/kjkgjys.htm"
"archaeology-5","archaeology","历史考古","物质记录与史料联系","subject-strata","历史考古：这件样品与本层活动有什么直接联系？","历史考古：多种定年与空间资料怎样保留彼此冲突？","出土位置、层位关系与样品年代分布","把材料年代、沉积过程与活动年代分开","出土位置、层位关系与样品年代分布的比较与解释记录","https://archaeology.pku.edu.cn/szdw/jxky1/jys/kjkgjys.htm"
"archaeology-6","archaeology","环境考古","环境资料与生活条件","subject-strata","环境考古：这件样品与本层活动有什么直接联系？","环境考古：多种定年与空间资料怎样保留彼此冲突？","出土位置、层位关系与样品年代分布","把材料年代、沉积过程与活动年代分开","出土位置、层位关系与样品年代分布的比较与解释记录","https://archaeology.pku.edu.cn/szdw/jxky1/jys/kjkgjys.htm"
"archaeology-7","archaeology","动物与植物考古","对象记录与材料解释","subject-strata","动物与植物考古：这件样品与本层活动有什么直接联系？","动物与植物考古：多种定年与空间资料怎样保留彼此冲突？","出土位置、层位关系与样品年代分布","把材料年代、沉积过程与活动年代分开","出土位置、层位关系与样品年代分布的比较与解释记录","https://archaeology.pku.edu.cn/szdw/jxky1/jys/kjkgjys.htm"
"archaeology-8","archaeology","数字与空间考古","空间记录与资料结构","subject-strata","数字与空间考古：这件样品与本层活动有什么直接联系？","数字与空间考古：多种定年与空间资料怎样保留彼此冲突？","出土位置、层位关系与样品年代分布","把材料年代、沉积过程与活动年代分开","出土位置、层位关系与样品年代分布的比较与解释记录","https://archaeology.pku.edu.cn/szdw/jxky1/jys/kjkgjys.htm"
"archaeology-9","archaeology","遗产保护与管理","材料状态与公众使用","text","遗产保护与管理：保存一种文化实践，究竟是在保存什么？","遗产保护与管理：数字整理或跨材料比较能否保留版本差异、出处与互相矛盾的解释？","对象来源、保存状态与展示解释","本方向具体检查：区分保存目标、展示叙事与使用者理解。不要把「材料状态与公众使用」中不同条件直接合并。","原件、整理本、转述与解释索引，注明「遗产保护与管理」的来源、课题版本、已查项与未决项。","https://archaeology.pku.edu.cn/szdw/jxky1/jys/kjkgjys.htm；https://www.cafa.edu.cn/sp/nljg/?j=151"
"geography-4","geography","经济地理","空间资源与流动结构","evidence-human-geography","经济地理：通勤距离相似的两片街区，为什么居民可到达的工作机会不同？","经济地理：混合办公会怎样改变城市中心与外围的机会分布？","空间单元、人口流动与制度背景","本方向具体检查：核对空间尺度、边界与流动选择，区分区域和个人关系。不要把「空间资源与流动结构」中不同条件直接合并。","空间单元、人口流动与制度背景的来源与比较条件记录，注明「经济地理」的来源、课题版本、已查项与未决项。","https://www.ues.pku.edu.cn/Geography/"
"geography-5","geography","城市地理","空间经验与治理条件","evidence-human-geography","城市地理：通勤距离相似的两片街区，为什么居民可到达的工作机会不同？","城市地理：混合办公会怎样改变城市中心与外围的机会分布？","空间单元、人口流动与制度背景","本方向具体检查：核对空间尺度、边界与流动选择，区分区域和个人关系。不要把「空间经验与治理条件」中不同条件直接合并。","空间单元、人口流动与制度背景的来源与比较条件记录，注明「城市地理」的来源、课题版本、已查项与未决项。","https://www.ues.pku.edu.cn/Geography/"
"geography-6","geography","旅游与文化地理","地方意义与使用反馈","evidence-human-geography","旅游与文化地理：通勤距离相似的两片街区，为什么居民可到达的工作机会不同？","旅游与文化地理：混合办公会怎样改变城市中心与外围的机会分布？","空间单元、人口流动与制度背景","本方向具体检查：核对空间尺度、边界与流动选择，区分区域和个人关系。不要把「地方意义与使用反馈」中不同条件直接合并。","空间单元、人口流动与制度背景的来源与比较条件记录，注明「旅游与文化地理」的来源、课题版本、已查项与未决项。","https://www.ues.pku.edu.cn/Geography/"
"geography-7","geography","遥感地理","信号来源与观测尺度","geoscience","遥感地理：同一地物在不同传感器里，为什么会得到不同数值？","遥感地理：多源观测能否跨尺度保留校准，并在极端或新时期接受外部检查？","影像日期、空间分辨率与地面参照","本方向具体检查：对齐时间与尺度，保留未能观测的区域。不要把「信号来源与观测尺度」中不同条件直接合并。","空间尺度、观测窗口与缺测索引，注明「遥感地理」的来源、课题版本、已查项与未决项。","https://www.ues.pku.edu.cn/ztlm/zrdlyzrzyx/index.htm"
"geography-8","geography","地理建模","空间关系与模型边界","evidence-ecology","地理建模：一个采样点的变化，何时能帮助解释更大区域？","地理建模：气候与生态多来源资料如何刻画极端事件后的恢复？","像元、样地对应与观测时段","本方向具体检查：区分空间分辨率、实际覆盖与地面对应，保留云遮和缺测。不要把「空间关系与模型边界」中不同条件直接合并。","像元、样地对应与观测时段的来源与比较条件记录，注明「地理建模」的来源、课题版本、已查项与未决项。","https://www.ues.pku.edu.cn/ztlm/zrdlyzrzyx/index.htm"
"geography-9","geography","地理教育与公众地图","表达口径与受众理解","evidence-education","地理教育与公众地图：参与更积极，为什么不等于目标知识掌握更好？","地理教育与公众地图：智能助教怎样支持撤去辅助后的独立学习与延迟迁移？","课堂目标、活动记录与学习过程材料","本方向具体检查：让任务、教学目标与评价对应，保留班级差异。不要把「表达口径与受众理解」中不同条件直接合并。","课堂目标、活动记录与学习过程材料的来源与比较条件记录，注明「地理教育与公众地图」的来源、课题版本、已查项与未决项。","https://cter.bnu.edu.cn/docs/2024-05/e0d9749ec02e425eb45aa96fefdadc2a.pdf"
"materials-4","materials","金属与合金","结构变化与批次性能","materials","金属与合金：表征显示结构不同，怎样判断它与性质变化有关？","金属与合金：新的材料或循环方案能否在多批次、老化与实际使用中保留性能？","材料批次、表征条件与使用环境记录","本方向具体检查：比较结构描述、测量设置和状态变化。不要把「结构变化与批次性能」中不同条件直接合并。","结构、批次、测量状态与使用条件表，注明「金属与合金」的来源、课题版本、已查项与未决项。","https://www.chem.pku.edu.cn/en/Research/ResearchTheme/index.htm"
"materials-5","materials","陶瓷与无机材料","组成条件与使用范围","subject-chemistry","陶瓷与无机材料：还有什么结构也能产生这个峰？","陶瓷与无机材料：原位与多源表征怎样处理结构变化和信号重叠？","校准记录、谱图归属与独立表征","把检测信号、结构归属与性质解释分开","校准记录、谱图归属与独立表征的比较与解释记录","https://www.chem.pku.edu.cn/en/Research/ResearchTheme/index.htm"
"materials-6","materials","聚合物材料","状态变化与环境关系","subject-chemistry","聚合物材料：还有什么结构也能产生这个峰？","聚合物材料：原位与多源表征怎样处理结构变化和信号重叠？","校准记录、谱图归属与独立表征","把检测信号、结构归属与性质解释分开","校准记录、谱图归属与独立表征的比较与解释记录","https://www.chem.pku.edu.cn/en/Research/ResearchTheme/index.htm"
"materials-7","materials","电子与光电材料","结构信号与测量条件","subject-chemistry","电子与光电材料：还有什么结构也能产生这个峰？","电子与光电材料：原位与多源表征怎样处理结构变化和信号重叠？","校准记录、谱图归属与独立表征","把检测信号、结构归属与性质解释分开","校准记录、谱图归属与独立表征的比较与解释记录","https://www.chem.pku.edu.cn/en/Research/ResearchTheme/index.htm"
"materials-8","materials","能源材料","性能口径与工况边界","subject-chemistry","能源材料：还有什么结构也能产生这个峰？","能源材料：原位与多源表征怎样处理结构变化和信号重叠？","校准记录、谱图归属与独立表征","把检测信号、结构归属与性质解释分开","校准记录、谱图归属与独立表征的比较与解释记录","https://www.chem.pku.edu.cn/en/Research/ResearchTheme/index.htm"
"materials-9","materials","材料可靠性与评价","重复记录与失效解释","subject-chemistry","材料可靠性与评价：还有什么结构也能产生这个峰？","材料可靠性与评价：原位与多源表征怎样处理结构变化和信号重叠？","校准记录、谱图归属与独立表征","把检测信号、结构归属与性质解释分开","校准记录、谱图归属与独立表征的比较与解释记录","https://www.chem.pku.edu.cn/en/Research/ResearchTheme/index.htm"
"automation-4","automation","过程控制","过程模型与工况反馈","subject-control","过程控制：执行器达到约束时，你的稳定性结论还成立吗？","过程控制：学习辅助控制怎样保留稳定性范围和失效解释？","闭环响应、扰动记录与执行器约束","区分名义稳定、扰动鲁棒性与约束下表现","闭环响应、扰动记录与执行器约束的比较与解释记录","https://ocw.mit.edu/courses/2-001-mechanics-materials-i-fall-2006/pages/syllabus/"
"automation-5","automation","嵌入式与实时系统","时间约束与资源条件","software","嵌入式与实时系统：程序通过测试，为什么不等于所有输入都正确？","嵌入式与实时系统：自适应或自动化系统能否在更新、故障与资源紧张时保留可复现行为？","运行版本、依赖清单与故障日志","本方向具体检查：在同一条件下复查，区分环境与功能变化。不要把「时间约束与资源条件」中不同条件直接合并。","环境锁定、版本差异与最小复现记录，注明「嵌入式与实时系统」的来源、课题版本、已查项与未决项。","https://www.cs.tsinghua.edu.cn/jgsz/yjssys/jsjkxyjsxrjyjs.htm"
"automation-6","automation","无人系统研究","任务场景与协作范围","control","无人系统研究：程序通过测试，为什么不等于所有输入都正确？","无人系统研究：自适应控制能否在改变工况后保留稳定性与明确的退化边界？","运行版本、依赖清单与故障日志","本方向具体检查：在同一条件下复查，区分环境与功能变化。不要把「任务场景与协作范围」中不同条件直接合并。","扰动、运行约束与失效情境记录，注明「无人系统研究」的来源、课题版本、已查项与未决项。","https://www.cs.tsinghua.edu.cn/jgsz/yjssys/jsjkxyjsxrjyjs.htm"
"automation-7","automation","系统辨识","观测记录与模型条件","control","系统辨识：程序通过测试，为什么不等于所有输入都正确？","系统辨识：自适应控制能否在改变工况后保留稳定性与明确的退化边界？","运行版本、依赖清单与故障日志","本方向具体检查：在同一条件下复查，区分环境与功能变化。不要把「观测记录与模型条件」中不同条件直接合并。","扰动、运行约束与失效情境记录，注明「系统辨识」的来源、课题版本、已查项与未决项。","https://www.cs.tsinghua.edu.cn/jgsz/yjssys/jsjkxyjsxrjyjs.htm"
"automation-8","automation","人机协同","互动任务与责任边界","interaction","人机协同：用户说喜欢，为什么还需要观察实际任务完成？","人机协同：新的交互方案能否照顾未完成任务的人，并在真实使用中保留效果？","任务脚本、原型版本与用户反馈","本方向具体检查：对照用户目标与任务完成，保留失败路径。不要把「互动任务与责任边界」中不同条件直接合并。","用户进入路径、任务日志与退出反馈，注明「人机协同」的来源、课题版本、已查项与未决项。","https://www.cs.tsinghua.edu.cn/kxyj/kyfx.htm；https://www.cafa.edu.cn/sp/nljg/?j=151"
"automation-9","automation","工业智能","生产资料与运行范围","evidence-computing","工业智能：一个模型在评估集高分，怎样检查是否真正学到可迁移规律？","工业智能：基础模型与推理系统怎样在新任务中保留可靠性和成本优势？","样本来源、时间划分与模型选择记录","本方向具体检查：区分训练、选择和最终评估，检查对象与时间信息泄漏。不要把「生产资料与运行范围」中不同条件直接合并。","样本来源、时间划分与模型选择记录的来源与比较条件记录，注明「工业智能」的来源、课题版本、已查项与未决项。","https://www.cs.tsinghua.edu.cn/kxyj/kyfx.htm"
"communications-4","communications","光通信","信号传输与器件条件","subject-circuits","光通信：这段响应来自器件还是测量链路？","光通信：跨尺度集成怎样评价噪声、功耗和长期漂移？","输入带宽、噪声谱与测量链路","区分器件响应、测量链路与信号处理","输入带宽、噪声谱与测量链路的比较与解释记录","https://www.cs.tsinghua.edu.cn/kxyj/kyfx.htm；https://english.phy.pku.edu.cn/Research/Research_Areas.htm"
"communications-5","communications","卫星与空间通信","空间窗口与资源约束","subject-circuits","卫星与空间通信：这段响应来自器件还是测量链路？","卫星与空间通信：跨尺度集成怎样评价噪声、功耗和长期漂移？","输入带宽、噪声谱与测量链路","区分器件响应、测量链路与信号处理","输入带宽、噪声谱与测量链路的比较与解释记录","https://www.cs.tsinghua.edu.cn/kxyj/kyfx.htm；https://english.phy.pku.edu.cn/Research/Research_Areas.htm"
"communications-6","communications","网络协议与系统","运行状态与接口边界","subject-circuits","网络协议与系统：这段响应来自器件还是测量链路？","网络协议与系统：跨尺度集成怎样评价噪声、功耗和长期漂移？","输入带宽、噪声谱与测量链路","区分器件响应、测量链路与信号处理","输入带宽、噪声谱与测量链路的比较与解释记录","https://www.cs.tsinghua.edu.cn/kxyj/kyfx.htm；https://english.phy.pku.edu.cn/Research/Research_Areas.htm"
"communications-7","communications","通信安全与隐私","使用情境与责任范围","subject-circuits","通信安全与隐私：这段响应来自器件还是测量链路？","通信安全与隐私：跨尺度集成怎样评价噪声、功耗和长期漂移？","输入带宽、噪声谱与测量链路","区分器件响应、测量链路与信号处理","输入带宽、噪声谱与测量链路的比较与解释记录","https://www.cs.tsinghua.edu.cn/kxyj/kyfx.htm；https://english.phy.pku.edu.cn/Research/Research_Areas.htm"
"communications-8","communications","语音与多媒体信号","信号结构与表达条件","subject-circuits","语音与多媒体信号：这段响应来自器件还是测量链路？","语音与多媒体信号：跨尺度集成怎样评价噪声、功耗和长期漂移？","输入带宽、噪声谱与测量链路","区分器件响应、测量链路与信号处理","输入带宽、噪声谱与测量链路的比较与解释记录","https://www.cs.tsinghua.edu.cn/kxyj/kyfx.htm；https://english.phy.pku.edu.cn/Research/Research_Areas.htm"
"communications-9","communications","通信系统评价","误差口径与比较前提","subject-circuits","通信系统评价：这段响应来自器件还是测量链路？","通信系统评价：跨尺度集成怎样评价噪声、功耗和长期漂移？","输入带宽、噪声谱与测量链路","区分器件响应、测量链路与信号处理","输入带宽、噪声谱与测量链路的比较与解释记录","https://www.cs.tsinghua.edu.cn/kxyj/kyfx.htm；https://english.phy.pku.edu.cn/Research/Research_Areas.htm"
"architecture-4","architecture","建筑历史与理论","空间材料与时代语境","subject-urban","建筑历史与理论：没有进入现场的人是不是被这条路径挡住了？","建筑历史与理论：参与式空间设计怎样保留冲突需求和季节变化？","空间方案、实际使用路径与不同时段观察","比较设计意图、进入机会与实际使用","空间方案、实际使用路径与不同时段观察的比较与解释记录","https://ocw.mit.edu/courses/2-001-mechanics-materials-i-fall-2006/pages/syllabus/"
"architecture-5","architecture","景观与公共空间","环境联系与使用体验","subject-urban","景观与公共空间：没有进入现场的人是不是被这条路径挡住了？","景观与公共空间：参与式空间设计怎样保留冲突需求和季节变化？","空间方案、实际使用路径与不同时段观察","比较设计意图、进入机会与实际使用","空间方案、实际使用路径与不同时段观察的比较与解释记录","https://ocw.mit.edu/courses/2-001-mechanics-materials-i-fall-2006/pages/syllabus/"
"architecture-6","architecture","住房与社区","生活需要与空间资源","evidence-construction","住房与社区：一个方案可行，为什么必须对应具体场地和用途？","住房与社区：低碳与适应性设计如何同时评价全寿命负担和使用变化？","场地资料、设计版本与约束清单","本方向具体检查：让方案与场地、规范假设和反馈对应。不要把「生活需要与空间资源」中不同条件直接合并。","场地资料、设计版本与约束清单的来源与比较条件记录，注明「住房与社区」的来源、课题版本、已查项与未决项。","https://ocw.mit.edu/courses/2-001-mechanics-materials-i-fall-2006/pages/syllabus/"
"architecture-7","architecture","建筑数字技术","模型结构与资料流转","subject-urban","建筑数字技术：没有进入现场的人是不是被这条路径挡住了？","建筑数字技术：参与式空间设计怎样保留冲突需求和季节变化？","空间方案、实际使用路径与不同时段观察","比较设计意图、进入机会与实际使用","空间方案、实际使用路径与不同时段观察的比较与解释记录","https://ocw.mit.edu/courses/2-001-mechanics-materials-i-fall-2006/pages/syllabus/"
"architecture-8","architecture","遗产更新","历史材料与使用边界","evidence-construction","遗产更新：一个方案可行，为什么必须对应具体场地和用途？","遗产更新：低碳与适应性设计如何同时评价全寿命负担和使用变化？","场地资料、设计版本与约束清单","本方向具体检查：让方案与场地、规范假设和反馈对应。不要把「历史材料与使用边界」中不同条件直接合并。","场地资料、设计版本与约束清单的来源与比较条件记录，注明「遗产更新」的来源、课题版本、已查项与未决项。","https://ocw.mit.edu/courses/2-001-mechanics-materials-i-fall-2006/pages/syllabus/"
"architecture-9","architecture","建筑评价与人因","环境记录与使用反馈","subject-urban","建筑评价与人因：没有进入现场的人是不是被这条路径挡住了？","建筑评价与人因：参与式空间设计怎样保留冲突需求和季节变化？","空间方案、实际使用路径与不同时段观察","比较设计意图、进入机会与实际使用","空间方案、实际使用路径与不同时段观察的比较与解释记录","https://ocw.mit.edu/courses/2-001-mechanics-materials-i-fall-2006/pages/syllabus/"
"design-4","design","工业与产品设计","结构取舍与使用任务","subject-design","工业与产品设计：第一次使用的人在哪一步需要求助？","工业与产品设计：适应式交互怎样兼顾便利、可预测性与撤回？","原型版本、用户任务与失败路径","保留误操作、求助、放弃与完成记录","原型版本、用户任务与失败路径的比较与解释记录","https://www.cs.tsinghua.edu.cn/kxyj/kyfx.htm；https://www.cafa.edu.cn/sp/nljg/?j=151"
"design-5","design","体验与用户研究","情境资料与个体差异","subject-design","体验与用户研究：第一次使用的人在哪一步需要求助？","体验与用户研究：适应式交互怎样兼顾便利、可预测性与撤回？","原型版本、用户任务与失败路径","保留误操作、求助、放弃与完成记录","原型版本、用户任务与失败路径的比较与解释记录","https://www.cs.tsinghua.edu.cn/kxyj/kyfx.htm；https://www.cafa.edu.cn/sp/nljg/?j=151"
"design-6","design","社会创新设计","公众需要与协作范围","subject-design","社会创新设计：第一次使用的人在哪一步需要求助？","社会创新设计：适应式交互怎样兼顾便利、可预测性与撤回？","原型版本、用户任务与失败路径","保留误操作、求助、放弃与完成记录","原型版本、用户任务与失败路径的比较与解释记录","https://www.cafa.edu.cn/sp/nljg/?j=151"
"design-7","design","可持续设计","环境目标与资源条件","subject-design","可持续设计：第一次使用的人在哪一步需要求助？","可持续设计：适应式交互怎样兼顾便利、可预测性与撤回？","原型版本、用户任务与失败路径","保留误操作、求助、放弃与完成记录","原型版本、用户任务与失败路径的比较与解释记录","https://www.cafa.edu.cn/sp/nljg/?j=151"
"design-8","design","设计史与理论","表达概念与文化材料","subject-design","设计史与理论：第一次使用的人在哪一步需要求助？","设计史与理论：适应式交互怎样兼顾便利、可预测性与撤回？","原型版本、用户任务与失败路径","保留误操作、求助、放弃与完成记录","原型版本、用户任务与失败路径的比较与解释记录","https://www.cafa.edu.cn/sp/nljg/?j=151"
"design-9","design","数字与沉浸设计","工具边界与体验反馈","subject-design","数字与沉浸设计：第一次使用的人在哪一步需要求助？","数字与沉浸设计：适应式交互怎样兼顾便利、可预测性与撤回？","原型版本、用户任务与失败路径","保留误操作、求助、放弃与完成记录","原型版本、用户任务与失败路径的比较与解释记录","https://www.cafa.edu.cn/sp/nljg/?j=151"
"publichealth-4","publichealth","健康行为与促进","生活情境与行动条件","evidence-psychology","健康行为与促进：任务表现差异如何与心理构念建立联系？","健康行为与促进：自然场景的数字记录怎样验证可迁移的心理测量？","任务说明、构念定义与被试反应记录","本方向具体检查：核对任务操纵与测量含义，保留练习顺序。不要把「生活情境与行动条件」中不同条件直接合并。","任务说明、构念定义与被试反应记录的来源与比较条件记录，注明「健康行为与促进」的来源、课题版本、已查项与未决项。","https://cter.bnu.edu.cn/docs/2024-05/e0d9749ec02e425eb45aa96fefdadc2a.pdf；https://www.nhlbi.nih.gov/health-topics/study-quality-assessment-tools"
"publichealth-5","publichealth","生物统计与方法","群体指标与推断前提","evidence-biomedical","生物统计与方法：分子或细胞层面的差异，怎样连接到具体生物学解释？","生物统计与方法：跨模态图谱与基础模型能否在未见对象中提出可验证解释？","样本来源、批次索引与注释版本","本方向具体检查：区分生物对象与重复测量，核对批次构成。不要把「群体指标与推断前提」中不同条件直接合并。","样本来源、批次索引与注释版本的来源与比较条件记录，注明「生物统计与方法」的来源、课题版本、已查项与未决项。","https://www.nhlbi.nih.gov/health-topics/study-quality-assessment-tools；https://openstax.org/books/anatomy-and-physiology-2e/pages/preface"
"publichealth-6","publichealth","传染病群体研究","时间记录与比较范围","evidence-infection","传染病群体研究：登记病例增加，怎样区分风险变化与检测覆盖变化？","传染病群体研究：常规公共监测如何更早发现异常并控制误报？","转诊构成、编码版本与公开队列记录","本方向具体检查：核对登记定义与入组时期，不把编码变化当趋势。不要把「时间记录与比较范围」中不同条件直接合并。","转诊构成、编码版本与公开队列记录的来源与比较条件记录，注明「传染病群体研究」的来源、课题版本、已查项与未决项。","https://www.nih.gov/about-nih/science-health-public-trust/tools/understanding-clinical-studies；https://www.nhlbi.nih.gov/health-topics/study-quality-assessment-tools"
"publichealth-7","publichealth","慢病群体研究","长期资料与结局口径","evidence-population","慢病群体研究：在人群中观察到关系，需要先说明谁进入了资料吗？","慢病群体研究：多来源常规数据怎样支持公平而可验证的风险研究？","登记分母、调查框与健康服务记录","本方向具体检查：先核对覆盖人口与时期，再比较比例。不要把「长期资料与结局口径」中不同条件直接合并。","登记分母、调查框与健康服务记录的来源与比较条件记录，注明「慢病群体研究」的来源、课题版本、已查项与未决项。","https://www.nih.gov/about-nih/science-health-public-trust/tools/understanding-clinical-studies；https://www.nhlbi.nih.gov/health-topics/study-quality-assessment-tools"
"publichealth-8","publichealth","健康公平","资源差异与制度情境","governance","健康公平：在人群中观察到关系，需要先说明谁进入了资料吗？","健康公平：新的协作或数字治理能否缩小执行差距，并保留申诉和责任接口？","登记分母、调查框与健康服务记录","本方向具体检查：先核对覆盖人口与时期，再比较比例。不要把「资源差异与制度情境」中不同条件直接合并。","纸面目标、执行层次与未受益者记录，注明「健康公平」的来源、课题版本、已查项与未决项。","https://www.nih.gov/about-nih/science-health-public-trust/tools/understanding-clinical-studies；https://www.nhlbi.nih.gov/health-topics/study-quality-assessment-tools"
"publichealth-9","publichealth","全球与社区健康","地方需要与服务条件","subject-nursing","全球与社区健康：这条记录对应的照护行动真的发生了吗？","全球与社区健康：连续照护怎样兼顾告警负担与未接入人群？","照护实施、本人报告与交接时间轴","分开文书完成、信息传达与实际落实","照护实施、本人报告与交接时间轴的比较与解释记录","https://www.nih.gov/about-nih/science-health-public-trust/tools/understanding-clinical-studies；https://www.nhlbi.nih.gov/health-topics/study-quality-assessment-tools"
"cardiology-1","cardiology","心力衰竭","研究对象、观察窗口与资料比较条件","heart","心力衰竭：心功能指标、活动能力与再住院为什么不是同一个结局？","心力衰竭：新的分型或动态观察能否区分状态变化与长期结局，而不只改善一个指标？","心功能分型、活动耐量记录与再住院随访","本方向具体检查：对齐分型、基线病情和随访窗口，区分功能指标与再住院结局。不要把「研究对象、观察窗口与资料比较条件」中不同条件直接合并。","分型、症状时段与实际观察窗口表，注明「心力衰竭」的来源、课题版本、已查项与未决项。","https://www.nih.gov/about-nih/science-health-public-trust/tools/understanding-clinical-studies；https://www.nhlbi.nih.gov/health-topics/study-quality-assessment-tools"
"cardiology-2","cardiology","冠心病","研究对象、观察窗口与资料比较条件","coronary","冠心病：一次风险测量怎样与长期心血管结局建立联系？","冠心病：联合结构与功能评价能否解释不一致，并在独立来源中保持适用范围？","测量场景、风险分层与随访时点","本方向具体检查：区分一次测量、稳定暴露与长期结局，保留人群分层。不要把「研究对象、观察窗口与资料比较条件」中不同条件直接合并。","结构评价、功能任务与结局时间轴，注明「冠心病」的来源、课题版本、已查项与未决项。","https://www.nih.gov/about-nih/science-health-public-trust/tools/understanding-clinical-studies；https://www.nhlbi.nih.gov/health-topics/study-quality-assessment-tools"
"cardiology-3","cardiology","心律失常","研究对象、观察窗口与资料比较条件","evidence-rhythm","心律失常：监测时间越长，发现的心律事件越多，怎样理解这个差异？","心律失常：可穿戴连续监测的风险预警能否在不同人群里保持校准？","监测时长、事件判定规则与症状日记","本方向具体检查：分别核对监测覆盖、事件判定与症状出现时间。不要把「研究对象、观察窗口与资料比较条件」中不同条件直接合并。","监测时长、事件判定规则与症状日记的来源与比较条件记录，注明「心律失常」的来源、课题版本、已查项与未决项。","https://www.nih.gov/about-nih/science-health-public-trust/tools/understanding-clinical-studies；https://www.nhlbi.nih.gov/health-topics/study-quality-assessment-tools"
"cardiology-4","cardiology","高血压","研究对象、观察窗口与资料比较条件","pressure","高血压：一次风险测量怎样与长期心血管结局建立联系？","高血压：连续资料能否区分短时波动、行为改变与持久状态，而不以记录密度代替解释？","测量场景、风险分层与随访时点","本方向具体检查：区分一次测量、稳定暴露与长期结局，保留人群分层。不要把「研究对象、观察窗口与资料比较条件」中不同条件直接合并。","测量情境、时段与长期状态对照页，注明「高血压」的来源、课题版本、已查项与未决项。","https://www.nih.gov/about-nih/science-health-public-trust/tools/understanding-clinical-studies；https://www.nhlbi.nih.gov/health-topics/study-quality-assessment-tools"
"cardiology-5","cardiology","心肌病","研究对象、观察窗口与资料比较条件","heart","心肌病：心功能指标、活动能力与再住院为什么不是同一个结局？","心肌病：新的分型或动态观察能否区分状态变化与长期结局，而不只改善一个指标？","心功能分型、活动耐量记录与再住院随访","本方向具体检查：对齐分型、基线病情和随访窗口，区分功能指标与再住院结局。不要把「研究对象、观察窗口与资料比较条件」中不同条件直接合并。","分型、症状时段与实际观察窗口表，注明「心肌病」的来源、课题版本、已查项与未决项。","https://www.nih.gov/about-nih/science-health-public-trust/tools/understanding-clinical-studies；https://www.nhlbi.nih.gov/health-topics/study-quality-assessment-tools"
"cardiology-6","cardiology","心脏影像","对象内重复、平台版本与图像质量","clinical-imaging","心脏影像：多张图像为什么不等于多位独立患者？","心脏影像：跨机构评价能否保留个体独立性，并区分图像性能与患者结局？","设备平台、读者判断与个体索引","本方向具体检查：按个体划分记录，保留平台版本和读者分歧。不要把「对象内重复、平台版本与图像质量」中不同条件直接合并。","个体、平台版本与判读分歧索引，注明「心脏影像」的来源、课题版本、已查项与未决项。","https://www.nih.gov/about-nih/science-health-public-trust/tools/understanding-clinical-studies；https://www.nhlbi.nih.gov/health-topics/study-quality-assessment-tools"
"cardiology-7","cardiology","心脏康复","阶段、生活条件与功能或体验变化","rehab","心脏康复：一次风险测量怎样与长期心血管结局建立联系？","心脏康复：个体化或辅助技术能否把表现改善转成可持续的生活参与？","随访时点与心功能记录","本方向具体检查：对齐基线与复查窗口，单列未复查者。不要把「阶段、生活条件与功能或体验变化」中不同条件直接合并。","任务条件、阶段与日常功能对照页，注明「心脏康复」的来源、课题版本、已查项与未决项。","https://www.nih.gov/about-nih/science-health-public-trust/tools/understanding-clinical-studies；https://www.nhlbi.nih.gov/health-topics/study-quality-assessment-tools"
"cardiology-8","cardiology","结构性心脏病","研究对象、观察窗口与资料比较条件","coronary","结构性心脏病：一次风险测量怎样与长期心血管结局建立联系？","结构性心脏病：联合结构与功能评价能否解释不一致，并在独立来源中保持适用范围？","随访时点与心功能记录","本方向具体检查：对齐基线与复查窗口，单列未复查者。不要把「研究对象、观察窗口与资料比较条件」中不同条件直接合并。","结构评价、功能任务与结局时间轴，注明「结构性心脏病」的来源、课题版本、已查项与未决项。","https://www.nih.gov/about-nih/science-health-public-trust/tools/understanding-clinical-studies；https://www.nhlbi.nih.gov/health-topics/study-quality-assessment-tools"
"cardiology-9","cardiology","心血管遗传","对象关系、参考版本与变异解释","genetics","心血管遗传：遗传关联为何不能独立说明某条分子机制？","心血管遗传：多来源证据能否缩小候选解释，同时保留群体与模型的边界？","变异标识、效应等位基因与祖源构成","本方向具体检查：对齐等位基因、效应方向和研究人群，区分关联与机制。不要把「对象关系、参考版本与变异解释」中不同条件直接合并。","参考版本、对象关系与证据层级表，注明「心血管遗传」的来源、课题版本、已查项与未决项。","https://www.stat.tsinghua.edu.cn/kxyj/kylyy.htm；https://www.nhlbi.nih.gov/health-topics/study-quality-assessment-tools"
"cardiology-10","cardiology","心血管代谢","研究对象、观察窗口与资料比较条件","evidence-cardiac","心血管代谢：一次风险测量怎样与长期心血管结局建立联系？","心血管代谢：多模态风险资料能否在不同机构中保持预测校准？","测量场景、风险分层与随访时点","本方向具体检查：区分一次测量、稳定暴露与长期结局，保留人群分层。不要把「研究对象、观察窗口与资料比较条件」中不同条件直接合并。","测量场景、风险分层与随访时点的来源与比较条件记录，注明「心血管代谢」的来源、课题版本、已查项与未决项。","https://www.nih.gov/about-nih/science-health-public-trust/tools/understanding-clinical-studies；https://www.nhlbi.nih.gov/health-topics/study-quality-assessment-tools"
"cardiology-11","cardiology","血管生物学","研究对象、观察窗口与资料比较条件","evidence-biomedical","血管生物学：分子或细胞层面的差异，怎样连接到具体生物学解释？","血管生物学：跨模态图谱与基础模型能否在未见对象中提出可验证解释？","样本来源、批次索引与注释版本","本方向具体检查：区分生物对象与重复测量，核对批次构成。不要把「研究对象、观察窗口与资料比较条件」中不同条件直接合并。","样本来源、批次索引与注释版本的来源与比较条件记录，注明「血管生物学」的来源、课题版本、已查项与未决项。","https://www.nhlbi.nih.gov/health-topics/study-quality-assessment-tools；https://openstax.org/books/anatomy-and-physiology-2e/pages/preface"
"cardiology-12","cardiology","心血管结局研究","入组范围、观察时间与未完成随访","survival","心血管结局研究：一次风险测量怎样与长期心血管结局建立联系？","心血管结局研究：动态或多来源随访能否减少信息缺口，同时避免把记录更多误当成风险更高？","测量场景、风险分层与随访时点","本方向具体检查：区分一次测量、稳定暴露与长期结局，保留人群分层。不要把「入组范围、观察时间与未完成随访」中不同条件直接合并。","观察窗口、失访去向与结局定义表，注明「心血管结局研究」的来源、课题版本、已查项与未决项。","https://www.nih.gov/about-nih/science-health-public-trust/tools/understanding-clinical-studies；https://www.nhlbi.nih.gov/health-topics/study-quality-assessment-tools"
"respiratory-1","respiratory","慢性气道疾病","研究对象、观察窗口与资料比较条件","airway","慢性气道疾病：肺功能、症状与活动受限如何分别刻画？","慢性气道疾病：多时段功能评价能否解释症状与指标不一致，并保留生活情境？","肺功能版本、症状记录与复查日期","本方向具体检查：分开仪器版本与观察窗口，再核对失访。不要把「研究对象、观察窗口与资料比较条件」中不同条件直接合并。","测量状态、症状窗口与功能分型表，注明「慢性气道疾病」的来源、课题版本、已查项与未决项。","https://www.nih.gov/about-nih/science-health-public-trust/tools/understanding-clinical-studies；https://www.nhlbi.nih.gov/health-topics/study-quality-assessment-tools"
"respiratory-2","respiratory","间质性肺疾病","研究对象、观察窗口与资料比较条件","airway","间质性肺疾病：肺功能、症状与活动受限如何分别刻画？","间质性肺疾病：多时段功能评价能否解释症状与指标不一致，并保留生活情境？","肺功能版本、症状记录与复查日期","本方向具体检查：分开仪器版本与观察窗口，再核对失访。不要把「研究对象、观察窗口与资料比较条件」中不同条件直接合并。","测量状态、症状窗口与功能分型表，注明「间质性肺疾病」的来源、课题版本、已查项与未决项。","https://www.nih.gov/about-nih/science-health-public-trust/tools/understanding-clinical-studies；https://www.nhlbi.nih.gov/health-topics/study-quality-assessment-tools"
"respiratory-3","respiratory","肺血管疾病","研究对象、观察窗口与资料比较条件","evidence-respiratory","肺血管疾病：肺功能、症状与活动受限如何分别刻画？","肺血管疾病：居家连续资料怎样识别个体变化并减少假警报？","肺功能版本、症状记录与复查日期","本方向具体检查：分开仪器版本与观察窗口，再核对失访。不要把「研究对象、观察窗口与资料比较条件」中不同条件直接合并。","肺功能版本、症状记录与复查日期的来源与比较条件记录，注明「肺血管疾病」的来源、课题版本、已查项与未决项。","https://www.nih.gov/about-nih/science-health-public-trust/tools/understanding-clinical-studies；https://www.nhlbi.nih.gov/health-topics/study-quality-assessment-tools"
"respiratory-4","respiratory","呼吸影像","对象内重复、平台版本与图像质量","clinical-imaging","呼吸影像：多张图像为什么不等于多位独立患者？","呼吸影像：跨机构评价能否保留个体独立性，并区分图像性能与患者结局？","设备平台、读者判断与个体索引","本方向具体检查：按个体划分记录，保留平台版本和读者分歧。不要把「对象内重复、平台版本与图像质量」中不同条件直接合并。","个体、平台版本与判读分歧索引，注明「呼吸影像」的来源、课题版本、已查项与未决项。","https://www.nih.gov/about-nih/science-health-public-trust/tools/understanding-clinical-studies；https://www.nhlbi.nih.gov/health-topics/study-quality-assessment-tools"
"respiratory-5","respiratory","肺功能研究","任务或测量条件、重复记录与时间","rehab","肺功能研究：肺功能、症状与活动受限如何分别刻画？","肺功能研究：个体化或辅助技术能否把表现改善转成可持续的生活参与？","肺功能版本、症状记录与复查日期","本方向具体检查：分开仪器版本与观察窗口，再核对失访。不要把「任务或测量条件、重复记录与时间」中不同条件直接合并。","任务条件、阶段与日常功能对照页，注明「肺功能研究」的来源、课题版本、已查项与未决项。","https://www.nih.gov/about-nih/science-health-public-trust/tools/understanding-clinical-studies；https://www.nhlbi.nih.gov/health-topics/study-quality-assessment-tools"
"respiratory-6","respiratory","睡眠呼吸","研究对象、观察窗口与资料比较条件","airway","睡眠呼吸：肺功能、症状与活动受限如何分别刻画？","睡眠呼吸：多时段功能评价能否解释症状与指标不一致，并保留生活情境？","肺功能版本、症状记录与复查日期","本方向具体检查：分开仪器版本与观察窗口，再核对失访。不要把「研究对象、观察窗口与资料比较条件」中不同条件直接合并。","测量状态、症状窗口与功能分型表，注明「睡眠呼吸」的来源、课题版本、已查项与未决项。","https://www.nih.gov/about-nih/science-health-public-trust/tools/understanding-clinical-studies；https://www.nhlbi.nih.gov/health-topics/study-quality-assessment-tools"
"respiratory-7","respiratory","呼吸康复","阶段、生活条件与功能或体验变化","rehab","呼吸康复：肺功能、症状与活动受限如何分别刻画？","呼吸康复：个体化或辅助技术能否把表现改善转成可持续的生活参与？","肺功能版本、症状记录与复查日期","本方向具体检查：分开仪器版本与观察窗口，再核对失访。不要把「阶段、生活条件与功能或体验变化」中不同条件直接合并。","任务条件、阶段与日常功能对照页，注明「呼吸康复」的来源、课题版本、已查项与未决项。","https://www.nih.gov/about-nih/science-health-public-trust/tools/understanding-clinical-studies；https://www.nhlbi.nih.gov/health-topics/study-quality-assessment-tools"
"respiratory-8","respiratory","环境与呼吸健康","研究对象、观察窗口与资料比较条件","evidence-respiratory","环境与呼吸健康：肺功能、症状与活动受限如何分别刻画？","环境与呼吸健康：居家连续资料怎样识别个体变化并减少假警报？","肺功能版本、症状记录与复查日期","本方向具体检查：分开仪器版本与观察窗口，再核对失访。不要把「研究对象、观察窗口与资料比较条件」中不同条件直接合并。","肺功能版本、症状记录与复查日期的来源与比较条件记录，注明「环境与呼吸健康」的来源、课题版本、已查项与未决项。","https://www.nih.gov/about-nih/science-health-public-trust/tools/understanding-clinical-studies；https://www.nhlbi.nih.gov/health-topics/study-quality-assessment-tools"
"respiratory-9","respiratory","呼吸系统肿瘤","研究对象、观察窗口与资料比较条件","tumor","呼吸系统肿瘤：肺功能、症状与活动受限如何分别刻画？","呼吸系统肿瘤：多来源肿瘤资料能否保留异质性、失访和独立评估，而不只改善内部分类？","肺功能版本、症状记录与复查日期","本方向具体检查：分开仪器版本与观察窗口，再核对失访。不要把「研究对象、观察窗口与资料比较条件」中不同条件直接合并。","对象进入、分型与患者结局窗口表，注明「呼吸系统肿瘤」的来源、课题版本、已查项与未决项。","https://www.nih.gov/about-nih/science-health-public-trust/tools/understanding-clinical-studies；https://www.nhlbi.nih.gov/health-topics/study-quality-assessment-tools"
"respiratory-10","respiratory","呼吸症状量表","测量含义、填答者与时间窗口","scale","呼吸症状量表：同一量表在两类人群里测到的是同一个构念吗？","呼吸症状量表：跨人群测量能否保持构念含义，而不只是总分相关？","条目版本、填答者与缺失条目","本方向具体检查：先确认量表含义和适用对象，再比较总分。不要把「测量含义、填答者与时间窗口」中不同条件直接合并。","条目版本、填答者与缺失项说明，注明「呼吸症状量表」的来源、课题版本、已查项与未决项。","https://www.nhlbi.nih.gov/health-topics/study-quality-assessment-tools"
"respiratory-11","respiratory","长期氧疗结局","入组范围、观察时间与未完成随访","survival","长期氧疗结局：肺功能、症状与活动受限如何分别刻画？","长期氧疗结局：动态或多来源随访能否减少信息缺口，同时避免把记录更多误当成风险更高？","肺功能版本、症状记录与复查日期","本方向具体检查：分开仪器版本与观察窗口，再核对失访。不要把「入组范围、观察时间与未完成随访」中不同条件直接合并。","观察窗口、失访去向与结局定义表，注明「长期氧疗结局」的来源、课题版本、已查项与未决项。","https://www.nih.gov/about-nih/science-health-public-trust/tools/understanding-clinical-studies；https://www.nhlbi.nih.gov/health-topics/study-quality-assessment-tools"
"respiratory-12","respiratory","呼吸疾病队列","入组范围、观察时间与未完成随访","survival","呼吸疾病队列：肺功能、症状与活动受限如何分别刻画？","呼吸疾病队列：动态或多来源随访能否减少信息缺口，同时避免把记录更多误当成风险更高？","肺功能版本、症状记录与复查日期","本方向具体检查：分开仪器版本与观察窗口，再核对失访。不要把「入组范围、观察时间与未完成随访」中不同条件直接合并。","观察窗口、失访去向与结局定义表，注明「呼吸疾病队列」的来源、课题版本、已查项与未决项。","https://www.nih.gov/about-nih/science-health-public-trust/tools/understanding-clinical-studies；https://www.nhlbi.nih.gov/health-topics/study-quality-assessment-tools"
"gastroenterology-1","gastroenterology","胃肠动力","研究对象、观察窗口与资料比较条件","gut","胃肠动力：组织表现、症状和饮食记录为何可能给出不同图景？","胃肠动力：多来源观察能否区分症状、组织状态和生活体验，而不把一个指标当成全部恢复？","内镜描述、病理索引与饮食记录","本方向具体检查：保留同一人的不同检查日期，核对报告术语。不要把「研究对象、观察窗口与资料比较条件」中不同条件直接合并。","症状、结构或功能指标与观察时点表，注明「胃肠动力」的来源、课题版本、已查项与未决项。","https://www.nih.gov/about-nih/science-health-public-trust/tools/understanding-clinical-studies；https://www.nhlbi.nih.gov/health-topics/study-quality-assessment-tools"
"gastroenterology-2","gastroenterology","炎症性肠病","研究对象、观察窗口与资料比较条件","gut","炎症性肠病：组织表现、症状和饮食记录为何可能给出不同图景？","炎症性肠病：多来源观察能否区分症状、组织状态和生活体验，而不把一个指标当成全部恢复？","内镜描述、病理索引与饮食记录","本方向具体检查：保留同一人的不同检查日期，核对报告术语。不要把「研究对象、观察窗口与资料比较条件」中不同条件直接合并。","症状、结构或功能指标与观察时点表，注明「炎症性肠病」的来源、课题版本、已查项与未决项。","https://www.nih.gov/about-nih/science-health-public-trust/tools/understanding-clinical-studies；https://www.nhlbi.nih.gov/health-topics/study-quality-assessment-tools"
"gastroenterology-3","gastroenterology","肝病与肝纤维化","研究对象、观察窗口与资料比较条件","gut","肝病与肝纤维化：组织表现、症状和饮食记录为何可能给出不同图景？","肝病与肝纤维化：多来源观察能否区分症状、组织状态和生活体验，而不把一个指标当成全部恢复？","内镜描述、病理索引与饮食记录","本方向具体检查：保留同一人的不同检查日期，核对报告术语。不要把「研究对象、观察窗口与资料比较条件」中不同条件直接合并。","症状、结构或功能指标与观察时点表，注明「肝病与肝纤维化」的来源、课题版本、已查项与未决项。","https://www.nih.gov/about-nih/science-health-public-trust/tools/understanding-clinical-studies；https://www.nhlbi.nih.gov/health-topics/study-quality-assessment-tools"
"gastroenterology-4","gastroenterology","消化内镜质控","研究对象、观察窗口与资料比较条件","evidence-digestive","消化内镜质控：组织表现、症状和饮食记录为何可能给出不同图景？","消化内镜质控：肠道环境与宿主资料怎样形成可重复的关联解释？","内镜描述、病理索引与饮食记录","本方向具体检查：保留同一人的不同检查日期，核对报告术语。不要把「研究对象、观察窗口与资料比较条件」中不同条件直接合并。","内镜描述、病理索引与饮食记录的来源与比较条件记录，注明「消化内镜质控」的来源、课题版本、已查项与未决项。","https://www.nih.gov/about-nih/science-health-public-trust/tools/understanding-clinical-studies；https://www.nhlbi.nih.gov/health-topics/study-quality-assessment-tools"
"gastroenterology-5","gastroenterology","胰腺疾病","研究对象、观察窗口与资料比较条件","gut","胰腺疾病：组织表现、症状和饮食记录为何可能给出不同图景？","胰腺疾病：多来源观察能否区分症状、组织状态和生活体验，而不把一个指标当成全部恢复？","内镜描述、病理索引与饮食记录","本方向具体检查：保留同一人的不同检查日期，核对报告术语。不要把「研究对象、观察窗口与资料比较条件」中不同条件直接合并。","症状、结构或功能指标与观察时点表，注明「胰腺疾病」的来源、课题版本、已查项与未决项。","https://www.nih.gov/about-nih/science-health-public-trust/tools/understanding-clinical-studies；https://www.nhlbi.nih.gov/health-topics/study-quality-assessment-tools"
"gastroenterology-6","gastroenterology","肠道生态","研究对象、观察窗口与资料比较条件","evidence-digestive","肠道生态：组织表现、症状和饮食记录为何可能给出不同图景？","肠道生态：肠道环境与宿主资料怎样形成可重复的关联解释？","内镜描述、病理索引与饮食记录","本方向具体检查：保留同一人的不同检查日期，核对报告术语。不要把「研究对象、观察窗口与资料比较条件」中不同条件直接合并。","内镜描述、病理索引与饮食记录的来源与比较条件记录，注明「肠道生态」的来源、课题版本、已查项与未决项。","https://www.nih.gov/about-nih/science-health-public-trust/tools/understanding-clinical-studies；https://www.nhlbi.nih.gov/health-topics/study-quality-assessment-tools"
"gastroenterology-7","gastroenterology","营养与消化","阶段、生活条件与功能或体验变化","evidence-digestive","营养与消化：组织表现、症状和饮食记录为何可能给出不同图景？","营养与消化：肠道环境与宿主资料怎样形成可重复的关联解释？","内镜描述、病理索引与饮食记录","本方向具体检查：保留同一人的不同检查日期，核对报告术语。不要把「阶段、生活条件与功能或体验变化」中不同条件直接合并。","内镜描述、病理索引与饮食记录的来源与比较条件记录，注明「营养与消化」的来源、课题版本、已查项与未决项。","https://www.nih.gov/about-nih/science-health-public-trust/tools/understanding-clinical-studies；https://www.nhlbi.nih.gov/health-topics/study-quality-assessment-tools"
"gastroenterology-8","gastroenterology","消化道肿瘤","研究对象、观察窗口与资料比较条件","tumor","消化道肿瘤：组织表现、症状和饮食记录为何可能给出不同图景？","消化道肿瘤：多来源肿瘤资料能否保留异质性、失访和独立评估，而不只改善内部分类？","内镜描述、病理索引与饮食记录","本方向具体检查：保留同一人的不同检查日期，核对报告术语。不要把「研究对象、观察窗口与资料比较条件」中不同条件直接合并。","对象进入、分型与患者结局窗口表，注明「消化道肿瘤」的来源、课题版本、已查项与未决项。","https://www.nih.gov/about-nih/science-health-public-trust/tools/understanding-clinical-studies；https://www.nhlbi.nih.gov/health-topics/study-quality-assessment-tools"
"gastroenterology-9","gastroenterology","胃食管反流","研究对象、观察窗口与资料比较条件","gut","胃食管反流：组织表现、症状和饮食记录为何可能给出不同图景？","胃食管反流：多来源观察能否区分症状、组织状态和生活体验，而不把一个指标当成全部恢复？","内镜描述、病理索引与饮食记录","本方向具体检查：保留同一人的不同检查日期，核对报告术语。不要把「研究对象、观察窗口与资料比较条件」中不同条件直接合并。","症状、结构或功能指标与观察时点表，注明「胃食管反流」的来源、课题版本、已查项与未决项。","https://www.nih.gov/about-nih/science-health-public-trust/tools/understanding-clinical-studies；https://www.nhlbi.nih.gov/health-topics/study-quality-assessment-tools"
"gastroenterology-10","gastroenterology","功能性胃肠病","任务或测量条件、重复记录与时间","rehab","功能性胃肠病：组织表现、症状和饮食记录为何可能给出不同图景？","功能性胃肠病：个体化或辅助技术能否把表现改善转成可持续的生活参与？","内镜描述、病理索引与饮食记录","本方向具体检查：保留同一人的不同检查日期，核对报告术语。不要把「任务或测量条件、重复记录与时间」中不同条件直接合并。","任务条件、阶段与日常功能对照页，注明「功能性胃肠病」的来源、课题版本、已查项与未决项。","https://www.nih.gov/about-nih/science-health-public-trust/tools/understanding-clinical-studies；https://www.nhlbi.nih.gov/health-topics/study-quality-assessment-tools"
"gastroenterology-11","gastroenterology","胆道疾病","研究对象、观察窗口与资料比较条件","gut","胆道疾病：组织表现、症状和饮食记录为何可能给出不同图景？","胆道疾病：多来源观察能否区分症状、组织状态和生活体验，而不把一个指标当成全部恢复？","内镜描述、病理索引与饮食记录","本方向具体检查：保留同一人的不同检查日期，核对报告术语。不要把「研究对象、观察窗口与资料比较条件」中不同条件直接合并。","症状、结构或功能指标与观察时点表，注明「胆道疾病」的来源、课题版本、已查项与未决项。","https://www.nih.gov/about-nih/science-health-public-trust/tools/understanding-clinical-studies；https://www.nhlbi.nih.gov/health-topics/study-quality-assessment-tools"
"gastroenterology-12","gastroenterology","消化疾病结局","入组范围、观察时间与未完成随访","survival","消化疾病结局：组织表现、症状和饮食记录为何可能给出不同图景？","消化疾病结局：动态或多来源随访能否减少信息缺口，同时避免把记录更多误当成风险更高？","内镜描述、病理索引与饮食记录","本方向具体检查：保留同一人的不同检查日期，核对报告术语。不要把「入组范围、观察时间与未完成随访」中不同条件直接合并。","观察窗口、失访去向与结局定义表，注明「消化疾病结局」的来源、课题版本、已查项与未决项。","https://www.nih.gov/about-nih/science-health-public-trust/tools/understanding-clinical-studies；https://www.nhlbi.nih.gov/health-topics/study-quality-assessment-tools"
"endocrinology-1","endocrinology","糖尿病","研究对象、观察窗口与资料比较条件","pressure","糖尿病：同一代谢指标为何在不同生理状态下含义不同？","糖尿病：连续资料能否区分短时波动、行为改变与持久状态，而不以记录密度代替解释？","代谢测量单位、设备版本与生活方式记录","本方向具体检查：对照原始单位和记录时段，标明设备更换。不要把「研究对象、观察窗口与资料比较条件」中不同条件直接合并。","测量情境、时段与长期状态对照页，注明「糖尿病」的来源、课题版本、已查项与未决项。","https://www.nih.gov/about-nih/science-health-public-trust/tools/understanding-clinical-studies；https://www.nhlbi.nih.gov/health-topics/study-quality-assessment-tools"
"endocrinology-2","endocrinology","肥胖研究","研究对象、观察窗口与资料比较条件","pressure","肥胖研究：同一代谢指标为何在不同生理状态下含义不同？","肥胖研究：连续资料能否区分短时波动、行为改变与持久状态，而不以记录密度代替解释？","代谢测量单位、设备版本与生活方式记录","本方向具体检查：对照原始单位和记录时段，标明设备更换。不要把「研究对象、观察窗口与资料比较条件」中不同条件直接合并。","测量情境、时段与长期状态对照页，注明「肥胖研究」的来源、课题版本、已查项与未决项。","https://www.nih.gov/about-nih/science-health-public-trust/tools/understanding-clinical-studies；https://www.nhlbi.nih.gov/health-topics/study-quality-assessment-tools"
"endocrinology-3","endocrinology","甲状腺疾病","研究对象、观察窗口与资料比较条件","evidence-metabolic","甲状腺疾病：同一代谢指标为何在不同生理状态下含义不同？","甲状腺疾病：连续代谢记录能否连接个体波动与长期健康轨迹？","代谢测量单位、设备版本与生活方式记录","本方向具体检查：对照原始单位和记录时段，标明设备更换。不要把「研究对象、观察窗口与资料比较条件」中不同条件直接合并。","代谢测量单位、设备版本与生活方式记录的来源与比较条件记录，注明「甲状腺疾病」的来源、课题版本、已查项与未决项。","https://www.nih.gov/about-nih/science-health-public-trust/tools/understanding-clinical-studies；https://www.nhlbi.nih.gov/health-topics/study-quality-assessment-tools"
"endocrinology-4","endocrinology","骨代谢","研究对象、观察窗口与资料比较条件","evidence-metabolic","骨代谢：同一代谢指标为何在不同生理状态下含义不同？","骨代谢：连续代谢记录能否连接个体波动与长期健康轨迹？","代谢测量单位、设备版本与生活方式记录","本方向具体检查：对照原始单位和记录时段，标明设备更换。不要把「研究对象、观察窗口与资料比较条件」中不同条件直接合并。","代谢测量单位、设备版本与生活方式记录的来源与比较条件记录，注明「骨代谢」的来源、课题版本、已查项与未决项。","https://www.nih.gov/about-nih/science-health-public-trust/tools/understanding-clinical-studies；https://www.nhlbi.nih.gov/health-topics/study-quality-assessment-tools"
"endocrinology-5","endocrinology","肾上腺疾病","研究对象、观察窗口与资料比较条件","evidence-metabolic","肾上腺疾病：同一代谢指标为何在不同生理状态下含义不同？","肾上腺疾病：连续代谢记录能否连接个体波动与长期健康轨迹？","代谢测量单位、设备版本与生活方式记录","本方向具体检查：对照原始单位和记录时段，标明设备更换。不要把「研究对象、观察窗口与资料比较条件」中不同条件直接合并。","代谢测量单位、设备版本与生活方式记录的来源与比较条件记录，注明「肾上腺疾病」的来源、课题版本、已查项与未决项。","https://www.nih.gov/about-nih/science-health-public-trust/tools/understanding-clinical-studies；https://www.nhlbi.nih.gov/health-topics/study-quality-assessment-tools"
"endocrinology-6","endocrinology","垂体疾病","研究对象、观察窗口与资料比较条件","evidence-metabolic","垂体疾病：同一代谢指标为何在不同生理状态下含义不同？","垂体疾病：连续代谢记录能否连接个体波动与长期健康轨迹？","代谢测量单位、设备版本与生活方式记录","本方向具体检查：对照原始单位和记录时段，标明设备更换。不要把「研究对象、观察窗口与资料比较条件」中不同条件直接合并。","代谢测量单位、设备版本与生活方式记录的来源与比较条件记录，注明「垂体疾病」的来源、课题版本、已查项与未决项。","https://www.nih.gov/about-nih/science-health-public-trust/tools/understanding-clinical-studies；https://www.nhlbi.nih.gov/health-topics/study-quality-assessment-tools"
"endocrinology-7","endocrinology","生殖内分泌","研究对象、观察窗口与资料比较条件","pregnancy","生殖内分泌：同一代谢指标为何在不同生理状态下含义不同？","生殖内分泌：生命历程资料能否保留不同对象的联系与边界，并识别未进入随访的人？","代谢测量单位、设备版本与生活方式记录","本方向具体检查：对照原始单位和记录时段，标明设备更换。不要把「研究对象、观察窗口与资料比较条件」中不同条件直接合并。","生命阶段、相关对象与结局定义表，注明「生殖内分泌」的来源、课题版本、已查项与未决项。","https://www.nih.gov/about-nih/science-health-public-trust/tools/understanding-clinical-studies；https://www.nhlbi.nih.gov/health-topics/study-quality-assessment-tools"
"endocrinology-8","endocrinology","代谢综合征","研究对象、观察窗口与资料比较条件","pressure","代谢综合征：同一代谢指标为何在不同生理状态下含义不同？","代谢综合征：连续资料能否区分短时波动、行为改变与持久状态，而不以记录密度代替解释？","代谢测量单位、设备版本与生活方式记录","本方向具体检查：对照原始单位和记录时段，标明设备更换。不要把「研究对象、观察窗口与资料比较条件」中不同条件直接合并。","测量情境、时段与长期状态对照页，注明「代谢综合征」的来源、课题版本、已查项与未决项。","https://www.nih.gov/about-nih/science-health-public-trust/tools/understanding-clinical-studies；https://www.nhlbi.nih.gov/health-topics/study-quality-assessment-tools"
"endocrinology-9","endocrinology","内分泌遗传","对象关系、参考版本与变异解释","genetics","内分泌遗传：遗传关联为何不能独立说明某条分子机制？","内分泌遗传：多来源证据能否缩小候选解释，同时保留群体与模型的边界？","变异标识、效应等位基因与祖源构成","本方向具体检查：对齐等位基因、效应方向和研究人群，区分关联与机制。不要把「对象关系、参考版本与变异解释」中不同条件直接合并。","参考版本、对象关系与证据层级表，注明「内分泌遗传」的来源、课题版本、已查项与未决项。","https://www.stat.tsinghua.edu.cn/kxyj/kylyy.htm；https://www.nhlbi.nih.gov/health-topics/study-quality-assessment-tools"
"endocrinology-10","endocrinology","连续代谢监测","任务或测量条件、重复记录与时间","pressure","连续代谢监测：同一代谢指标为何在不同生理状态下含义不同？","连续代谢监测：连续资料能否区分短时波动、行为改变与持久状态，而不以记录密度代替解释？","代谢测量单位、设备版本与生活方式记录","本方向具体检查：对照原始单位和记录时段，标明设备更换。不要把「任务或测量条件、重复记录与时间」中不同条件直接合并。","测量情境、时段与长期状态对照页，注明「连续代谢监测」的来源、课题版本、已查项与未决项。","https://www.nih.gov/about-nih/science-health-public-trust/tools/understanding-clinical-studies；https://www.nhlbi.nih.gov/health-topics/study-quality-assessment-tools"
"endocrinology-11","endocrinology","代谢与衰老","阶段、生活条件与功能或体验变化","development","代谢与衰老：同一代谢指标为何在不同生理状态下含义不同？","代谢与衰老：连续观察能否区分个体变化、年龄差异与资料进入方式？","代谢测量单位、设备版本与生活方式记录","本方向具体检查：对照原始单位和记录时段，标明设备更换。不要把「阶段、生活条件与功能或体验变化」中不同条件直接合并。","阶段、生活条件与指标含义说明，注明「代谢与衰老」的来源、课题版本、已查项与未决项。","https://www.nih.gov/about-nih/science-health-public-trust/tools/understanding-clinical-studies；https://www.nhlbi.nih.gov/health-topics/study-quality-assessment-tools"
"endocrinology-12","endocrinology","内分泌结局","入组范围、观察时间与未完成随访","survival","内分泌结局：同一代谢指标为何在不同生理状态下含义不同？","内分泌结局：动态或多来源随访能否减少信息缺口，同时避免把记录更多误当成风险更高？","代谢测量单位、设备版本与生活方式记录","本方向具体检查：对照原始单位和记录时段，标明设备更换。不要把「入组范围、观察时间与未完成随访」中不同条件直接合并。","观察窗口、失访去向与结局定义表，注明「内分泌结局」的来源、课题版本、已查项与未决项。","https://www.nih.gov/about-nih/science-health-public-trust/tools/understanding-clinical-studies；https://www.nhlbi.nih.gov/health-topics/study-quality-assessment-tools"
"nephrology-1","nephrology","慢性肾病","研究对象、观察窗口与资料比较条件","kidney","慢性肾病：一次肾功能估计与慢性变化趋势怎样区分？","慢性肾病：动态肾脏资料能否区分短期变化与持久功能，并说明观察不足的对象？","估计公式、检验时点与转院随访记录","本方向具体检查：保留公式版本，检查转院后的结局是否缺失。不要把「研究对象、观察窗口与资料比较条件」中不同条件直接合并。","分期、重复测量条件与结局窗口表，注明「慢性肾病」的来源、课题版本、已查项与未决项。","https://www.nih.gov/about-nih/science-health-public-trust/tools/understanding-clinical-studies；https://www.nhlbi.nih.gov/health-topics/study-quality-assessment-tools"
"nephrology-2","nephrology","急性肾损伤","研究对象、观察窗口与资料比较条件","kidney","急性肾损伤：一次肾功能估计与慢性变化趋势怎样区分？","急性肾损伤：动态肾脏资料能否区分短期变化与持久功能，并说明观察不足的对象？","估计公式、检验时点与转院随访记录","本方向具体检查：保留公式版本，检查转院后的结局是否缺失。不要把「研究对象、观察窗口与资料比较条件」中不同条件直接合并。","分期、重复测量条件与结局窗口表，注明「急性肾损伤」的来源、课题版本、已查项与未决项。","https://www.nih.gov/about-nih/science-health-public-trust/tools/understanding-clinical-studies；https://www.nhlbi.nih.gov/health-topics/study-quality-assessment-tools"
"nephrology-3","nephrology","肾小球疾病","研究对象、观察窗口与资料比较条件","kidney","肾小球疾病：一次肾功能估计与慢性变化趋势怎样区分？","肾小球疾病：动态肾脏资料能否区分短期变化与持久功能，并说明观察不足的对象？","估计公式、检验时点与转院随访记录","本方向具体检查：保留公式版本，检查转院后的结局是否缺失。不要把「研究对象、观察窗口与资料比较条件」中不同条件直接合并。","分期、重复测量条件与结局窗口表，注明「肾小球疾病」的来源、课题版本、已查项与未决项。","https://www.nih.gov/about-nih/science-health-public-trust/tools/understanding-clinical-studies；https://www.nhlbi.nih.gov/health-topics/study-quality-assessment-tools"
"nephrology-4","nephrology","肾脏病理","测量口径、平台或读者差异","pathology","肾脏病理：一位患者的多个切片怎样参与评价？","肾脏病理：病理基础模型怎样在未见机构和少见类型上检验迁移？","切片来源、个体索引与判读分歧","本方向具体检查：区分同一个体的多个切片与独立个体，并保留判读分歧。不要把「测量口径、平台或读者差异」中不同条件直接合并。","样本进入路径、平台和复核者记录，注明「肾脏病理」的来源、课题版本、已查项与未决项。","https://www.nih.gov/about-nih/science-health-public-trust/tools/understanding-clinical-studies；https://www.nhlbi.nih.gov/health-topics/study-quality-assessment-tools"
"nephrology-5","nephrology","透析结局","入组范围、观察时间与未完成随访","survival","透析结局：一次肾功能估计与慢性变化趋势怎样区分？","透析结局：动态或多来源随访能否减少信息缺口，同时避免把记录更多误当成风险更高？","估计公式、检验时点与转院随访记录","本方向具体检查：保留公式版本，检查转院后的结局是否缺失。不要把「入组范围、观察时间与未完成随访」中不同条件直接合并。","观察窗口、失访去向与结局定义表，注明「透析结局」的来源、课题版本、已查项与未决项。","https://www.nih.gov/about-nih/science-health-public-trust/tools/understanding-clinical-studies；https://www.nhlbi.nih.gov/health-topics/study-quality-assessment-tools"
"nephrology-6","nephrology","肾移植随访","入组范围、观察时间与未完成随访","survival","肾移植随访：一次肾功能估计与慢性变化趋势怎样区分？","肾移植随访：动态或多来源随访能否减少信息缺口，同时避免把记录更多误当成风险更高？","估计公式、检验时点与转院随访记录","本方向具体检查：保留公式版本，检查转院后的结局是否缺失。不要把「入组范围、观察时间与未完成随访」中不同条件直接合并。","观察窗口、失访去向与结局定义表，注明「肾移植随访」的来源、课题版本、已查项与未决项。","https://www.nih.gov/about-nih/science-health-public-trust/tools/understanding-clinical-studies；https://www.nhlbi.nih.gov/health-topics/study-quality-assessment-tools"
"nephrology-7","nephrology","肾脏遗传","对象关系、参考版本与变异解释","genetics","肾脏遗传：遗传关联为何不能独立说明某条分子机制？","肾脏遗传：多来源证据能否缩小候选解释，同时保留群体与模型的边界？","变异标识、效应等位基因与祖源构成","本方向具体检查：对齐等位基因、效应方向和研究人群，区分关联与机制。不要把「对象关系、参考版本与变异解释」中不同条件直接合并。","参考版本、对象关系与证据层级表，注明「肾脏遗传」的来源、课题版本、已查项与未决项。","https://www.stat.tsinghua.edu.cn/kxyj/kylyy.htm；https://www.nhlbi.nih.gov/health-topics/study-quality-assessment-tools"
"nephrology-8","nephrology","水盐平衡","研究对象、观察窗口与资料比较条件","kidney","水盐平衡：一次肾功能估计与慢性变化趋势怎样区分？","水盐平衡：动态肾脏资料能否区分短期变化与持久功能，并说明观察不足的对象？","估计公式、检验时点与转院随访记录","本方向具体检查：保留公式版本，检查转院后的结局是否缺失。不要把「研究对象、观察窗口与资料比较条件」中不同条件直接合并。","分期、重复测量条件与结局窗口表，注明「水盐平衡」的来源、课题版本、已查项与未决项。","https://www.nih.gov/about-nih/science-health-public-trust/tools/understanding-clinical-studies；https://www.nhlbi.nih.gov/health-topics/study-quality-assessment-tools"
"nephrology-9","nephrology","肾脏影像","对象内重复、平台版本与图像质量","clinical-imaging","肾脏影像：多张图像为什么不等于多位独立患者？","肾脏影像：跨机构评价能否保留个体独立性，并区分图像性能与患者结局？","设备平台、读者判断与个体索引","本方向具体检查：按个体划分记录，保留平台版本和读者分歧。不要把「对象内重复、平台版本与图像质量」中不同条件直接合并。","个体、平台版本与判读分歧索引，注明「肾脏影像」的来源、课题版本、已查项与未决项。","https://www.nih.gov/about-nih/science-health-public-trust/tools/understanding-clinical-studies；https://www.nhlbi.nih.gov/health-topics/study-quality-assessment-tools"
"nephrology-10","nephrology","肾病营养","阶段、生活条件与功能或体验变化","kidney","肾病营养：一次肾功能估计与慢性变化趋势怎样区分？","肾病营养：动态肾脏资料能否区分短期变化与持久功能，并说明观察不足的对象？","估计公式、检验时点与转院随访记录","本方向具体检查：保留公式版本，检查转院后的结局是否缺失。不要把「阶段、生活条件与功能或体验变化」中不同条件直接合并。","分期、重复测量条件与结局窗口表，注明「肾病营养」的来源、课题版本、已查项与未决项。","https://www.nih.gov/about-nih/science-health-public-trust/tools/understanding-clinical-studies；https://www.nhlbi.nih.gov/health-topics/study-quality-assessment-tools"
"nephrology-11","nephrology","肾脏与心血管","研究对象、观察窗口与资料比较条件","evidence-cardiac","肾脏与心血管：一次风险测量怎样与长期心血管结局建立联系？","肾脏与心血管：多模态风险资料能否在不同机构中保持预测校准？","测量场景、风险分层与随访时点","本方向具体检查：区分一次测量、稳定暴露与长期结局，保留人群分层。不要把「研究对象、观察窗口与资料比较条件」中不同条件直接合并。","测量场景、风险分层与随访时点的来源与比较条件记录，注明「肾脏与心血管」的来源、课题版本、已查项与未决项。","https://www.nih.gov/about-nih/science-health-public-trust/tools/understanding-clinical-studies；https://www.nhlbi.nih.gov/health-topics/study-quality-assessment-tools"
"nephrology-12","nephrology","肾脏疾病队列","入组范围、观察时间与未完成随访","survival","肾脏疾病队列：一次肾功能估计与慢性变化趋势怎样区分？","肾脏疾病队列：动态或多来源随访能否减少信息缺口，同时避免把记录更多误当成风险更高？","估计公式、检验时点与转院随访记录","本方向具体检查：保留公式版本，检查转院后的结局是否缺失。不要把「入组范围、观察时间与未完成随访」中不同条件直接合并。","观察窗口、失访去向与结局定义表，注明「肾脏疾病队列」的来源、课题版本、已查项与未决项。","https://www.nih.gov/about-nih/science-health-public-trust/tools/understanding-clinical-studies；https://www.nhlbi.nih.gov/health-topics/study-quality-assessment-tools"
"hematology-1","hematology","造血与干细胞","资料来源、批次与模型范围","blood","造血与干细胞：细胞数量、功能与疾病负担怎样分别理解？","造血与干细胞：多维血液资料能否保留个体与平台差异，同时缩小竞争解释？","分型版本、形态复核意见与转诊来源","本方向具体检查：保留分型更新前后对应表及读者分歧。不要把「资料来源、批次与模型范围」中不同条件直接合并。","计数口径、形态意见与来源对应页，注明「造血与干细胞」的来源、课题版本、已查项与未决项。","https://www.nih.gov/about-nih/science-health-public-trust/tools/understanding-clinical-studies；https://www.nhlbi.nih.gov/health-topics/study-quality-assessment-tools"
"hematology-2","hematology","贫血研究","研究对象、观察窗口与资料比较条件","blood","贫血研究：细胞数量、功能与疾病负担怎样分别理解？","贫血研究：多维血液资料能否保留个体与平台差异，同时缩小竞争解释？","分型版本、形态复核意见与转诊来源","本方向具体检查：保留分型更新前后对应表及读者分歧。不要把「研究对象、观察窗口与资料比较条件」中不同条件直接合并。","计数口径、形态意见与来源对应页，注明「贫血研究」的来源、课题版本、已查项与未决项。","https://www.nih.gov/about-nih/science-health-public-trust/tools/understanding-clinical-studies；https://www.nhlbi.nih.gov/health-topics/study-quality-assessment-tools"
"hematology-3","hematology","凝血与血栓","研究对象、观察窗口与资料比较条件","blood","凝血与血栓：细胞数量、功能与疾病负担怎样分别理解？","凝血与血栓：多维血液资料能否保留个体与平台差异，同时缩小竞争解释？","分型版本、形态复核意见与转诊来源","本方向具体检查：保留分型更新前后对应表及读者分歧。不要把「研究对象、观察窗口与资料比较条件」中不同条件直接合并。","计数口径、形态意见与来源对应页，注明「凝血与血栓」的来源、课题版本、已查项与未决项。","https://www.nih.gov/about-nih/science-health-public-trust/tools/understanding-clinical-studies；https://www.nhlbi.nih.gov/health-topics/study-quality-assessment-tools"
"hematology-4","hematology","血液肿瘤","研究对象、观察窗口与资料比较条件","subject-oncology","血液肿瘤：指标变化与长期结局是否来自同一观察窗口？","血液肿瘤：多来源分层资料怎样检验迁移并保留人群限制？","入组条件、分层记录与结局时间轴","区分反应指标、持续时间与患者相关结局","入组条件、分层记录与结局时间轴的比较与解释记录","https://www.nih.gov/about-nih/science-health-public-trust/tools/understanding-clinical-studies；https://www.nhlbi.nih.gov/health-topics/study-quality-assessment-tools"
"hematology-5","hematology","血液形态学","研究对象、观察窗口与资料比较条件","blood","血液形态学：细胞数量、功能与疾病负担怎样分别理解？","血液形态学：多维血液资料能否保留个体与平台差异，同时缩小竞争解释？","分型版本、形态复核意见与转诊来源","本方向具体检查：保留分型更新前后对应表及读者分歧。不要把「研究对象、观察窗口与资料比较条件」中不同条件直接合并。","计数口径、形态意见与来源对应页，注明「血液形态学」的来源、课题版本、已查项与未决项。","https://www.nih.gov/about-nih/science-health-public-trust/tools/understanding-clinical-studies；https://www.nhlbi.nih.gov/health-topics/study-quality-assessment-tools"
"hematology-6","hematology","造血移植结局","入组范围、观察时间与未完成随访","survival","造血移植结局：细胞数量、功能与疾病负担怎样分别理解？","造血移植结局：动态或多来源随访能否减少信息缺口，同时避免把记录更多误当成风险更高？","分型版本、形态复核意见与转诊来源","本方向具体检查：保留分型更新前后对应表及读者分歧。不要把「入组范围、观察时间与未完成随访」中不同条件直接合并。","观察窗口、失访去向与结局定义表，注明「造血移植结局」的来源、课题版本、已查项与未决项。","https://www.nih.gov/about-nih/science-health-public-trust/tools/understanding-clinical-studies；https://www.nhlbi.nih.gov/health-topics/study-quality-assessment-tools"
"hematology-7","hematology","血液遗传","对象关系、参考版本与变异解释","genetics","血液遗传：遗传关联为何不能独立说明某条分子机制？","血液遗传：多来源证据能否缩小候选解释，同时保留群体与模型的边界？","变异标识、效应等位基因与祖源构成","本方向具体检查：对齐等位基因、效应方向和研究人群，区分关联与机制。不要把「对象关系、参考版本与变异解释」中不同条件直接合并。","参考版本、对象关系与证据层级表，注明「血液遗传」的来源、课题版本、已查项与未决项。","https://www.stat.tsinghua.edu.cn/kxyj/kylyy.htm；https://www.nhlbi.nih.gov/health-topics/study-quality-assessment-tools"
"hematology-8","hematology","血液免疫","资料来源、批次与模型范围","evidence-hematology","血液免疫：细胞数量、功能与疾病负担怎样分别理解？","血液免疫：纵向分子与临床资料能否解释异质性的演变？","分型版本、形态复核意见与转诊来源","本方向具体检查：保留分型更新前后对应表及读者分歧。不要把「资料来源、批次与模型范围」中不同条件直接合并。","分型版本、形态复核意见与转诊来源的来源与比较条件记录，注明「血液免疫」的来源、课题版本、已查项与未决项。","https://www.nih.gov/about-nih/science-health-public-trust/tools/understanding-clinical-studies；https://www.nhlbi.nih.gov/health-topics/study-quality-assessment-tools"
"hematology-9","hematology","输血质量","研究对象、观察窗口与资料比较条件","blood","输血质量：细胞数量、功能与疾病负担怎样分别理解？","输血质量：多维血液资料能否保留个体与平台差异，同时缩小竞争解释？","分型版本、形态复核意见与转诊来源","本方向具体检查：保留分型更新前后对应表及读者分歧。不要把「研究对象、观察窗口与资料比较条件」中不同条件直接合并。","计数口径、形态意见与来源对应页，注明「输血质量」的来源、课题版本、已查项与未决项。","https://www.nih.gov/about-nih/science-health-public-trust/tools/understanding-clinical-studies；https://www.nhlbi.nih.gov/health-topics/study-quality-assessment-tools"
"hematology-10","hematology","血小板研究","研究对象、观察窗口与资料比较条件","blood","血小板研究：细胞数量、功能与疾病负担怎样分别理解？","血小板研究：多维血液资料能否保留个体与平台差异，同时缩小竞争解释？","分型版本、形态复核意见与转诊来源","本方向具体检查：保留分型更新前后对应表及读者分歧。不要把「研究对象、观察窗口与资料比较条件」中不同条件直接合并。","计数口径、形态意见与来源对应页，注明「血小板研究」的来源、课题版本、已查项与未决项。","https://www.nih.gov/about-nih/science-health-public-trust/tools/understanding-clinical-studies；https://www.nhlbi.nih.gov/health-topics/study-quality-assessment-tools"
"hematology-11","hematology","血液疾病队列","入组范围、观察时间与未完成随访","survival","血液疾病队列：细胞数量、功能与疾病负担怎样分别理解？","血液疾病队列：动态或多来源随访能否减少信息缺口，同时避免把记录更多误当成风险更高？","分型版本、形态复核意见与转诊来源","本方向具体检查：保留分型更新前后对应表及读者分歧。不要把「入组范围、观察时间与未完成随访」中不同条件直接合并。","观察窗口、失访去向与结局定义表，注明「血液疾病队列」的来源、课题版本、已查项与未决项。","https://www.nih.gov/about-nih/science-health-public-trust/tools/understanding-clinical-studies；https://www.nhlbi.nih.gov/health-topics/study-quality-assessment-tools"
"hematology-12","hematology","血液组学","来源、批次与独立对象","omics","血液组学：细胞数量、功能与疾病负担怎样分别理解？","血液组学：跨平台整合能否在未见对象上保持结果，并与简单基线比较？","分型版本、形态复核意见与转诊来源","本方向具体检查：保留分型更新前后对应表及读者分歧。不要把「来源、批次与独立对象」中不同条件直接合并。","来源、供体与批次对应表，注明「血液组学」的来源、课题版本、已查项与未决项。","https://www.nih.gov/about-nih/science-health-public-trust/tools/understanding-clinical-studies；https://www.nhlbi.nih.gov/health-topics/study-quality-assessment-tools"
"rheumatology-1","rheumatology","系统性自身免疫","资料来源、批次与模型范围","rheumatic","系统性自身免疫：炎症指标降低，为什么不自动代表功能和生活质量改善？","系统性自身免疫：动态分层能否解释标志物与实际负担不一致，并在新对象中保持？","活动度量表、复诊时点与患者报告","本方向具体检查：区分评分者、症状时段与患者体验。不要把「资料来源、批次与模型范围」中不同条件直接合并。","标志物、活动度与功能体验时间线，注明「系统性自身免疫」的来源、课题版本、已查项与未决项。","https://www.nih.gov/about-nih/science-health-public-trust/tools/understanding-clinical-studies；https://www.nhlbi.nih.gov/health-topics/study-quality-assessment-tools"
"rheumatology-2","rheumatology","炎性关节病","研究对象、观察窗口与资料比较条件","evidence-rheumatic","炎性关节病：炎症指标降低，为什么不自动代表功能和生活质量改善？","炎性关节病：多来源资料能否描绘波动病程中的不同表型？","活动度量表、复诊时点与患者报告","本方向具体检查：区分评分者、症状时段与患者体验。不要把「研究对象、观察窗口与资料比较条件」中不同条件直接合并。","活动度量表、复诊时点与患者报告的来源与比较条件记录，注明「炎性关节病」的来源、课题版本、已查项与未决项。","https://www.nih.gov/about-nih/science-health-public-trust/tools/understanding-clinical-studies；https://www.nhlbi.nih.gov/health-topics/study-quality-assessment-tools"
"rheumatology-3","rheumatology","结缔组织病","资料来源、批次与模型范围","rheumatic","结缔组织病：炎症指标降低，为什么不自动代表功能和生活质量改善？","结缔组织病：动态分层能否解释标志物与实际负担不一致，并在新对象中保持？","活动度量表、复诊时点与患者报告","本方向具体检查：区分评分者、症状时段与患者体验。不要把「资料来源、批次与模型范围」中不同条件直接合并。","标志物、活动度与功能体验时间线，注明「结缔组织病」的来源、课题版本、已查项与未决项。","https://www.nih.gov/about-nih/science-health-public-trust/tools/understanding-clinical-studies；https://www.nhlbi.nih.gov/health-topics/study-quality-assessment-tools"
"rheumatology-4","rheumatology","风湿影像","对象内重复、平台版本与图像质量","clinical-imaging","风湿影像：炎症指标降低，为什么不自动代表功能和生活质量改善？","风湿影像：跨机构评价能否保留个体独立性，并区分图像性能与患者结局？","活动度量表、复诊时点与患者报告","本方向具体检查：区分评分者、症状时段与患者体验。不要把「对象内重复、平台版本与图像质量」中不同条件直接合并。","个体、平台版本与判读分歧索引，注明「风湿影像」的来源、课题版本、已查项与未决项。","https://www.nih.gov/about-nih/science-health-public-trust/tools/understanding-clinical-studies；https://www.nhlbi.nih.gov/health-topics/study-quality-assessment-tools"
"rheumatology-5","rheumatology","自身抗体研究","研究对象、观察窗口与资料比较条件","rheumatic","自身抗体研究：炎症指标降低，为什么不自动代表功能和生活质量改善？","自身抗体研究：动态分层能否解释标志物与实际负担不一致，并在新对象中保持？","活动度量表、复诊时点与患者报告","本方向具体检查：区分评分者、症状时段与患者体验。不要把「研究对象、观察窗口与资料比较条件」中不同条件直接合并。","标志物、活动度与功能体验时间线，注明「自身抗体研究」的来源、课题版本、已查项与未决项。","https://www.nih.gov/about-nih/science-health-public-trust/tools/understanding-clinical-studies；https://www.nhlbi.nih.gov/health-topics/study-quality-assessment-tools"
"rheumatology-6","rheumatology","疾病活动度","研究对象、观察窗口与资料比较条件","rheumatic","疾病活动度：炎症指标降低，为什么不自动代表功能和生活质量改善？","疾病活动度：动态分层能否解释标志物与实际负担不一致，并在新对象中保持？","活动度量表、复诊时点与患者报告","本方向具体检查：区分评分者、症状时段与患者体验。不要把「研究对象、观察窗口与资料比较条件」中不同条件直接合并。","标志物、活动度与功能体验时间线，注明「疾病活动度」的来源、课题版本、已查项与未决项。","https://www.nih.gov/about-nih/science-health-public-trust/tools/understanding-clinical-studies；https://www.nhlbi.nih.gov/health-topics/study-quality-assessment-tools"
"rheumatology-7","rheumatology","风湿病康复","阶段、生活条件与功能或体验变化","rehab","风湿病康复：炎症指标降低，为什么不自动代表功能和生活质量改善？","风湿病康复：个体化或辅助技术能否把表现改善转成可持续的生活参与？","活动度量表、复诊时点与患者报告","本方向具体检查：区分评分者、症状时段与患者体验。不要把「阶段、生活条件与功能或体验变化」中不同条件直接合并。","任务条件、阶段与日常功能对照页，注明「风湿病康复」的来源、课题版本、已查项与未决项。","https://www.nih.gov/about-nih/science-health-public-trust/tools/understanding-clinical-studies；https://www.nhlbi.nih.gov/health-topics/study-quality-assessment-tools"
"rheumatology-8","rheumatology","免疫相关结局","入组范围、观察时间与未完成随访","survival","免疫相关结局：炎症指标降低，为什么不自动代表功能和生活质量改善？","免疫相关结局：动态或多来源随访能否减少信息缺口，同时避免把记录更多误当成风险更高？","活动度量表、复诊时点与患者报告","本方向具体检查：区分评分者、症状时段与患者体验。不要把「入组范围、观察时间与未完成随访」中不同条件直接合并。","观察窗口、失访去向与结局定义表，注明「免疫相关结局」的来源、课题版本、已查项与未决项。","https://www.nih.gov/about-nih/science-health-public-trust/tools/understanding-clinical-studies；https://www.nhlbi.nih.gov/health-topics/study-quality-assessment-tools"
"rheumatology-9","rheumatology","生活质量","测量含义、填答者与时间窗口","scale","生活质量：炎症指标降低，为什么不自动代表功能和生活质量改善？","生活质量：跨人群测量能否保持构念含义，而不只是总分相关？","活动度量表、复诊时点与患者报告","本方向具体检查：区分评分者、症状时段与患者体验。不要把「测量含义、填答者与时间窗口」中不同条件直接合并。","条目版本、填答者与缺失项说明，注明「生活质量」的来源、课题版本、已查项与未决项。","https://www.nih.gov/about-nih/science-health-public-trust/tools/understanding-clinical-studies；https://www.nhlbi.nih.gov/health-topics/study-quality-assessment-tools"
"rheumatology-10","rheumatology","风湿遗传","对象关系、参考版本与变异解释","genetics","风湿遗传：炎症指标降低，为什么不自动代表功能和生活质量改善？","风湿遗传：多来源证据能否缩小候选解释，同时保留群体与模型的边界？","活动度量表、复诊时点与患者报告","本方向具体检查：区分评分者、症状时段与患者体验。不要把「对象关系、参考版本与变异解释」中不同条件直接合并。","参考版本、对象关系与证据层级表，注明「风湿遗传」的来源、课题版本、已查项与未决项。","https://www.nih.gov/about-nih/science-health-public-trust/tools/understanding-clinical-studies；https://www.nhlbi.nih.gov/health-topics/study-quality-assessment-tools"
"rheumatology-11","rheumatology","风湿病队列","入组范围、观察时间与未完成随访","survival","风湿病队列：炎症指标降低，为什么不自动代表功能和生活质量改善？","风湿病队列：动态或多来源随访能否减少信息缺口，同时避免把记录更多误当成风险更高？","活动度量表、复诊时点与患者报告","本方向具体检查：区分评分者、症状时段与患者体验。不要把「入组范围、观察时间与未完成随访」中不同条件直接合并。","观察窗口、失访去向与结局定义表，注明「风湿病队列」的来源、课题版本、已查项与未决项。","https://www.nih.gov/about-nih/science-health-public-trust/tools/understanding-clinical-studies；https://www.nhlbi.nih.gov/health-topics/study-quality-assessment-tools"
"rheumatology-12","rheumatology","患者报告结局","入组范围、观察时间与未完成随访","survival","患者报告结局：炎症指标降低，为什么不自动代表功能和生活质量改善？","患者报告结局：动态或多来源随访能否减少信息缺口，同时避免把记录更多误当成风险更高？","活动度量表、复诊时点与患者报告","本方向具体检查：区分评分者、症状时段与患者体验。不要把「入组范围、观察时间与未完成随访」中不同条件直接合并。","观察窗口、失访去向与结局定义表，注明「患者报告结局」的来源、课题版本、已查项与未决项。","https://www.nih.gov/about-nih/science-health-public-trust/tools/understanding-clinical-studies；https://www.nhlbi.nih.gov/health-topics/study-quality-assessment-tools"
"neurology-1","neurology","脑血管病","研究对象、观察窗口与资料比较条件","brain","脑血管病：观察到结构连接，为什么还不能完全解释行为？","脑血管病：联合行为与多时段资料能否区分练习、状态和持续变化？","影像分区版本、任务记录与功能量表","本方向具体检查：按个体核对时点，区分软件变化和练习效应。不要把「研究对象、观察窗口与资料比较条件」中不同条件直接合并。","任务版本、症状时段与日常功能表，注明「脑血管病」的来源、课题版本、已查项与未决项。","https://www.nih.gov/about-nih/science-health-public-trust/tools/understanding-clinical-studies；https://www.nhlbi.nih.gov/health-topics/study-quality-assessment-tools"
"neurology-2","neurology","神经退行性疾病","研究对象、观察窗口与资料比较条件","brain","神经退行性疾病：观察到结构连接，为什么还不能完全解释行为？","神经退行性疾病：联合行为与多时段资料能否区分练习、状态和持续变化？","影像分区版本、任务记录与功能量表","本方向具体检查：按个体核对时点，区分软件变化和练习效应。不要把「研究对象、观察窗口与资料比较条件」中不同条件直接合并。","任务版本、症状时段与日常功能表，注明「神经退行性疾病」的来源、课题版本、已查项与未决项。","https://www.nih.gov/about-nih/science-health-public-trust/tools/understanding-clinical-studies；https://www.nhlbi.nih.gov/health-topics/study-quality-assessment-tools"
"neurology-3","neurology","癫痫研究","研究对象、观察窗口与资料比较条件","brain","癫痫研究：观察到结构连接，为什么还不能完全解释行为？","癫痫研究：联合行为与多时段资料能否区分练习、状态和持续变化？","影像分区版本、任务记录与功能量表","本方向具体检查：按个体核对时点，区分软件变化和练习效应。不要把「研究对象、观察窗口与资料比较条件」中不同条件直接合并。","任务版本、症状时段与日常功能表，注明「癫痫研究」的来源、课题版本、已查项与未决项。","https://www.nih.gov/about-nih/science-health-public-trust/tools/understanding-clinical-studies；https://www.nhlbi.nih.gov/health-topics/study-quality-assessment-tools"
"neurology-4","neurology","认知障碍","研究对象、观察窗口与资料比较条件","brain","认知障碍：观察到结构连接，为什么还不能完全解释行为？","认知障碍：联合行为与多时段资料能否区分练习、状态和持续变化？","影像分区版本、任务记录与功能量表","本方向具体检查：按个体核对时点，区分软件变化和练习效应。不要把「研究对象、观察窗口与资料比较条件」中不同条件直接合并。","任务版本、症状时段与日常功能表，注明「认知障碍」的来源、课题版本、已查项与未决项。","https://www.nih.gov/about-nih/science-health-public-trust/tools/understanding-clinical-studies；https://www.nhlbi.nih.gov/health-topics/study-quality-assessment-tools"
"neurology-5","neurology","运动障碍","研究对象、观察窗口与资料比较条件","brain","运动障碍：观察到结构连接，为什么还不能完全解释行为？","运动障碍：联合行为与多时段资料能否区分练习、状态和持续变化？","影像分区版本、任务记录与功能量表","本方向具体检查：按个体核对时点，区分软件变化和练习效应。不要把「研究对象、观察窗口与资料比较条件」中不同条件直接合并。","任务版本、症状时段与日常功能表，注明「运动障碍」的来源、课题版本、已查项与未决项。","https://www.nih.gov/about-nih/science-health-public-trust/tools/understanding-clinical-studies；https://www.nhlbi.nih.gov/health-topics/study-quality-assessment-tools"
"neurology-6","neurology","神经影像","对象内重复、平台版本与图像质量","clinical-imaging","神经影像：多张图像为什么不等于多位独立患者？","神经影像：跨机构评价能否保留个体独立性，并区分图像性能与患者结局？","设备平台、读者判断与个体索引","本方向具体检查：按个体划分记录，保留平台版本和读者分歧。不要把「对象内重复、平台版本与图像质量」中不同条件直接合并。","个体、平台版本与判读分歧索引，注明「神经影像」的来源、课题版本、已查项与未决项。","https://www.nih.gov/about-nih/science-health-public-trust/tools/understanding-clinical-studies；https://www.nhlbi.nih.gov/health-topics/study-quality-assessment-tools"
"neurology-7","neurology","神经电生理","任务或测量条件、重复记录与时间","evidence-rhythm","神经电生理：监测时间越长，发现的心律事件越多，怎样理解这个差异？","神经电生理：可穿戴连续监测的风险预警能否在不同人群里保持校准？","监测时长、事件判定规则与症状日记","本方向具体检查：分别核对监测覆盖、事件判定与症状出现时间。不要把「任务或测量条件、重复记录与时间」中不同条件直接合并。","监测时长、事件判定规则与症状日记的来源与比较条件记录，注明「神经电生理」的来源、课题版本、已查项与未决项。","https://www.nih.gov/about-nih/science-health-public-trust/tools/understanding-clinical-studies；https://www.nhlbi.nih.gov/health-topics/study-quality-assessment-tools"
"neurology-8","neurology","神经遗传","对象关系、参考版本与变异解释","genetics","神经遗传：遗传关联为何不能独立说明某条分子机制？","神经遗传：多来源证据能否缩小候选解释，同时保留群体与模型的边界？","变异标识、效应等位基因与祖源构成","本方向具体检查：对齐等位基因、效应方向和研究人群，区分关联与机制。不要把「对象关系、参考版本与变异解释」中不同条件直接合并。","参考版本、对象关系与证据层级表，注明「神经遗传」的来源、课题版本、已查项与未决项。","https://www.stat.tsinghua.edu.cn/kxyj/kylyy.htm；https://www.nhlbi.nih.gov/health-topics/study-quality-assessment-tools"
"neurology-9","neurology","头痛研究","研究对象、观察窗口与资料比较条件","brain","头痛研究：观察到结构连接，为什么还不能完全解释行为？","头痛研究：联合行为与多时段资料能否区分练习、状态和持续变化？","影像分区版本、任务记录与功能量表","本方向具体检查：按个体核对时点，区分软件变化和练习效应。不要把「研究对象、观察窗口与资料比较条件」中不同条件直接合并。","任务版本、症状时段与日常功能表，注明「头痛研究」的来源、课题版本、已查项与未决项。","https://www.nih.gov/about-nih/science-health-public-trust/tools/understanding-clinical-studies；https://www.nhlbi.nih.gov/health-topics/study-quality-assessment-tools"
"neurology-10","neurology","睡眠神经科学","研究对象、观察窗口与资料比较条件","brain","睡眠神经科学：观察到结构连接，为什么还不能完全解释行为？","睡眠神经科学：联合行为与多时段资料能否区分练习、状态和持续变化？","影像分区版本、任务记录与功能量表","本方向具体检查：按个体核对时点，区分软件变化和练习效应。不要把「研究对象、观察窗口与资料比较条件」中不同条件直接合并。","任务版本、症状时段与日常功能表，注明「睡眠神经科学」的来源、课题版本、已查项与未决项。","https://www.nih.gov/about-nih/science-health-public-trust/tools/understanding-clinical-studies；https://www.nhlbi.nih.gov/health-topics/study-quality-assessment-tools"
"neurology-11","neurology","神经康复","阶段、生活条件与功能或体验变化","rehab","神经康复：观察到结构连接，为什么还不能完全解释行为？","神经康复：个体化或辅助技术能否把表现改善转成可持续的生活参与？","影像分区版本、任务记录与功能量表","本方向具体检查：按个体核对时点，区分软件变化和练习效应。不要把「阶段、生活条件与功能或体验变化」中不同条件直接合并。","任务条件、阶段与日常功能对照页，注明「神经康复」的来源、课题版本、已查项与未决项。","https://www.nih.gov/about-nih/science-health-public-trust/tools/understanding-clinical-studies；https://www.nhlbi.nih.gov/health-topics/study-quality-assessment-tools"
"neurology-12","neurology","神经疾病队列","入组范围、观察时间与未完成随访","survival","神经疾病队列：观察到结构连接，为什么还不能完全解释行为？","神经疾病队列：动态或多来源随访能否减少信息缺口，同时避免把记录更多误当成风险更高？","影像分区版本、任务记录与功能量表","本方向具体检查：按个体核对时点，区分软件变化和练习效应。不要把「入组范围、观察时间与未完成随访」中不同条件直接合并。","观察窗口、失访去向与结局定义表，注明「神经疾病队列」的来源、课题版本、已查项与未决项。","https://www.nih.gov/about-nih/science-health-public-trust/tools/understanding-clinical-studies；https://www.nhlbi.nih.gov/health-topics/study-quality-assessment-tools"
"infectious-1","infectious","感染疾病队列","入组范围、观察时间与未完成随访","survival","感染疾病队列：登记病例增加，怎样区分风险变化与检测覆盖变化？","感染疾病队列：动态或多来源随访能否减少信息缺口，同时避免把记录更多误当成风险更高？","转诊构成、编码版本与公开队列记录","本方向具体检查：核对登记定义与入组时期，不把编码变化当趋势。不要把「入组范围、观察时间与未完成随访」中不同条件直接合并。","观察窗口、失访去向与结局定义表，注明「感染疾病队列」的来源、课题版本、已查项与未决项。","https://www.nih.gov/about-nih/science-health-public-trust/tools/understanding-clinical-studies；https://www.nhlbi.nih.gov/health-topics/study-quality-assessment-tools"
"infectious-2","infectious","宿主反应","研究对象、观察窗口与资料比较条件","microbiome","宿主反应：登记病例增加，怎样区分风险变化与检测覆盖变化？","宿主反应：多来源群落资料能否给出稳健的关联，而不把相对组成写成绝对数量？","转诊构成、编码版本与公开队列记录","本方向具体检查：核对登记定义与入组时期，不把编码变化当趋势。不要把「研究对象、观察窗口与资料比较条件」中不同条件直接合并。","公开资料版本、注释映射与对象索引，注明「宿主反应」的来源、课题版本、已查项与未决项。","https://www.nih.gov/about-nih/science-health-public-trust/tools/understanding-clinical-studies；https://www.nhlbi.nih.gov/health-topics/study-quality-assessment-tools"
"infectious-3","infectious","感染疾病影像","对象内重复、平台版本与图像质量","clinical-imaging","感染疾病影像：多张图像为什么不等于多位独立患者？","感染疾病影像：跨机构评价能否保留个体独立性，并区分图像性能与患者结局？","设备平台、读者判断与个体索引","本方向具体检查：按个体划分记录，保留平台版本和读者分歧。不要把「对象内重复、平台版本与图像质量」中不同条件直接合并。","个体、平台版本与判读分歧索引，注明「感染疾病影像」的来源、课题版本、已查项与未决项。","https://www.nih.gov/about-nih/science-health-public-trust/tools/understanding-clinical-studies；https://www.nhlbi.nih.gov/health-topics/study-quality-assessment-tools"
"infectious-4","infectious","感染结局","入组范围、观察时间与未完成随访","survival","感染结局：登记病例增加，怎样区分风险变化与检测覆盖变化？","感染结局：动态或多来源随访能否减少信息缺口，同时避免把记录更多误当成风险更高？","转诊构成、编码版本与公开队列记录","本方向具体检查：核对登记定义与入组时期，不把编码变化当趋势。不要把「入组范围、观察时间与未完成随访」中不同条件直接合并。","观察窗口、失访去向与结局定义表，注明「感染结局」的来源、课题版本、已查项与未决项。","https://www.nih.gov/about-nih/science-health-public-trust/tools/understanding-clinical-studies；https://www.nhlbi.nih.gov/health-topics/study-quality-assessment-tools"
"infectious-5","infectious","抗感染药物结局","入组范围、观察时间与未完成随访","survival","抗感染药物结局：登记病例增加，怎样区分风险变化与检测覆盖变化？","抗感染药物结局：动态或多来源随访能否减少信息缺口，同时避免把记录更多误当成风险更高？","转诊构成、编码版本与公开队列记录","本方向具体检查：核对登记定义与入组时期，不把编码变化当趋势。不要把「入组范围、观察时间与未完成随访」中不同条件直接合并。","观察窗口、失访去向与结局定义表，注明「抗感染药物结局」的来源、课题版本、已查项与未决项。","https://www.nih.gov/about-nih/science-health-public-trust/tools/understanding-clinical-studies；https://www.nhlbi.nih.gov/health-topics/study-quality-assessment-tools"
"infectious-6","infectious","诊断资料评价","研究对象、观察窗口与资料比较条件","evidence-infection","诊断资料评价：登记病例增加，怎样区分风险变化与检测覆盖变化？","诊断资料评价：常规公共监测如何更早发现异常并控制误报？","转诊构成、编码版本与公开队列记录","本方向具体检查：核对登记定义与入组时期，不把编码变化当趋势。不要把「研究对象、观察窗口与资料比较条件」中不同条件直接合并。","转诊构成、编码版本与公开队列记录的来源与比较条件记录，注明「诊断资料评价」的来源、课题版本、已查项与未决项。","https://www.nih.gov/about-nih/science-health-public-trust/tools/understanding-clinical-studies；https://www.nhlbi.nih.gov/health-topics/study-quality-assessment-tools"
"infectious-7","infectious","院内质量改进","研究对象、观察窗口与资料比较条件","emergency","院内质量改进：登记病例增加，怎样区分风险变化与检测覆盖变化？","院内质量改进：动态流程评价能否同时解释需求、资源与患者相关结局？","转诊构成、编码版本与公开队列记录","本方向具体检查：核对登记定义与入组时期，不把编码变化当趋势。不要把「研究对象、观察窗口与资料比较条件」中不同条件直接合并。","时间戳、服务路径与患者结局对照页，注明「院内质量改进」的来源、课题版本、已查项与未决项。","https://www.nih.gov/about-nih/science-health-public-trust/tools/understanding-clinical-studies；https://www.nhlbi.nih.gov/health-topics/study-quality-assessment-tools"
"infectious-8","infectious","长期随访","入组范围、观察时间与未完成随访","survival","长期随访：登记病例增加，怎样区分风险变化与检测覆盖变化？","长期随访：动态或多来源随访能否减少信息缺口，同时避免把记录更多误当成风险更高？","转诊构成、编码版本与公开队列记录","本方向具体检查：核对登记定义与入组时期，不把编码变化当趋势。不要把「入组范围、观察时间与未完成随访」中不同条件直接合并。","观察窗口、失访去向与结局定义表，注明「长期随访」的来源、课题版本、已查项与未决项。","https://www.nih.gov/about-nih/science-health-public-trust/tools/understanding-clinical-studies；https://www.nhlbi.nih.gov/health-topics/study-quality-assessment-tools"
"infectious-9","infectious","感染与慢性病","研究对象、观察窗口与资料比较条件","evidence-infection","感染与慢性病：登记病例增加，怎样区分风险变化与检测覆盖变化？","感染与慢性病：常规公共监测如何更早发现异常并控制误报？","转诊构成、编码版本与公开队列记录","本方向具体检查：核对登记定义与入组时期，不把编码变化当趋势。不要把「研究对象、观察窗口与资料比较条件」中不同条件直接合并。","转诊构成、编码版本与公开队列记录的来源与比较条件记录，注明「感染与慢性病」的来源、课题版本、已查项与未决项。","https://www.nih.gov/about-nih/science-health-public-trust/tools/understanding-clinical-studies；https://www.nhlbi.nih.gov/health-topics/study-quality-assessment-tools"
"infectious-10","infectious","公共卫生协作","群体范围、信息来源与比较条件","governance","公共卫生协作：在人群中观察到关系，需要先说明谁进入了资料吗？","公共卫生协作：新的协作或数字治理能否缩小执行差距，并保留申诉和责任接口？","登记分母、调查框与健康服务记录","本方向具体检查：先核对覆盖人口与时期，再比较比例。不要把「群体范围、信息来源与比较条件」中不同条件直接合并。","纸面目标、执行层次与未受益者记录，注明「公共卫生协作」的来源、课题版本、已查项与未决项。","https://www.nih.gov/about-nih/science-health-public-trust/tools/understanding-clinical-studies；https://www.nhlbi.nih.gov/health-topics/study-quality-assessment-tools"
"infectious-11","infectious","健康传播","群体范围、信息来源与比较条件","evidence-population","健康传播：在人群中观察到关系，需要先说明谁进入了资料吗？","健康传播：多来源常规数据怎样支持公平而可验证的风险研究？","登记分母、调查框与健康服务记录","本方向具体检查：先核对覆盖人口与时期，再比较比例。不要把「群体范围、信息来源与比较条件」中不同条件直接合并。","登记分母、调查框与健康服务记录的来源与比较条件记录，注明「健康传播」的来源、课题版本、已查项与未决项。","https://www.nih.gov/about-nih/science-health-public-trust/tools/understanding-clinical-studies；https://www.nhlbi.nih.gov/health-topics/study-quality-assessment-tools"
"infectious-12","infectious","医疗服务评价","目标、执行层次与受益差异","governance","医疗服务评价：医疗服务被提供了，为什么不等于患者真正获得了它？","医疗服务评价：新的协作或数字治理能否缩小执行差距，并保留申诉和责任接口？","服务路径、支付口径与使用者反馈","本方向具体检查：分开服务可及、使用与结果，核对就医选择。不要把「目标、执行层次与受益差异」中不同条件直接合并。","纸面目标、执行层次与未受益者记录，注明「医疗服务评价」的来源、课题版本、已查项与未决项。","https://www.ninr.nih.gov/research/priority-areas；https://www.nhlbi.nih.gov/health-topics/study-quality-assessment-tools"
"geriatrics-1","geriatrics","衰弱研究","研究对象、观察窗口与资料比较条件","evidence-life-course","衰弱研究：同一种指标在儿童、成人和老年阶段为何解释不同？","衰弱研究：跨阶段的长期资料怎样理解累积暴露与转折点？","年龄窗口、照护者填答与阶段随访记录","本方向具体检查：按年龄和填答者区分量表，核对阶段转换。不要把「研究对象、观察窗口与资料比较条件」中不同条件直接合并。","年龄窗口、照护者填答与阶段随访记录的来源与比较条件记录，注明「衰弱研究」的来源、课题版本、已查项与未决项。","https://www.nih.gov/about-nih/science-health-public-trust/tools/understanding-clinical-studies；https://www.nhlbi.nih.gov/health-topics/study-quality-assessment-tools"
"geriatrics-2","geriatrics","多病共存","研究对象、观察窗口与资料比较条件","evidence-life-course","多病共存：同一种指标在儿童、成人和老年阶段为何解释不同？","多病共存：跨阶段的长期资料怎样理解累积暴露与转折点？","年龄窗口、照护者填答与阶段随访记录","本方向具体检查：按年龄和填答者区分量表，核对阶段转换。不要把「研究对象、观察窗口与资料比较条件」中不同条件直接合并。","年龄窗口、照护者填答与阶段随访记录的来源与比较条件记录，注明「多病共存」的来源、课题版本、已查项与未决项。","https://www.nih.gov/about-nih/science-health-public-trust/tools/understanding-clinical-studies；https://www.nhlbi.nih.gov/health-topics/study-quality-assessment-tools"
"geriatrics-3","geriatrics","认知与功能","任务或测量条件、重复记录与时间","rehab","认知与功能：任务表现差异如何与心理构念建立联系？","认知与功能：个体化或辅助技术能否把表现改善转成可持续的生活参与？","任务说明、构念定义与被试反应记录","本方向具体检查：核对任务操纵与测量含义，保留练习顺序。不要把「任务或测量条件、重复记录与时间」中不同条件直接合并。","任务条件、阶段与日常功能对照页，注明「认知与功能」的来源、课题版本、已查项与未决项。","https://cter.bnu.edu.cn/docs/2024-05/e0d9749ec02e425eb45aa96fefdadc2a.pdf；https://www.nhlbi.nih.gov/health-topics/study-quality-assessment-tools"
"geriatrics-4","geriatrics","老年营养","阶段、生活条件与功能或体验变化","development","老年营养：同一种指标在儿童、成人和老年阶段为何解释不同？","老年营养：连续观察能否区分个体变化、年龄差异与资料进入方式？","年龄窗口、照护者填答与阶段随访记录","本方向具体检查：按年龄和填答者区分量表，核对阶段转换。不要把「阶段、生活条件与功能或体验变化」中不同条件直接合并。","阶段、生活条件与指标含义说明，注明「老年营养」的来源、课题版本、已查项与未决项。","https://www.nih.gov/about-nih/science-health-public-trust/tools/understanding-clinical-studies；https://www.nhlbi.nih.gov/health-topics/study-quality-assessment-tools"
"geriatrics-5","geriatrics","老年药物结局","入组范围、观察时间与未完成随访","survival","老年药物结局：同一种指标在儿童、成人和老年阶段为何解释不同？","老年药物结局：动态或多来源随访能否减少信息缺口，同时避免把记录更多误当成风险更高？","年龄窗口、照护者填答与阶段随访记录","本方向具体检查：按年龄和填答者区分量表，核对阶段转换。不要把「入组范围、观察时间与未完成随访」中不同条件直接合并。","观察窗口、失访去向与结局定义表，注明「老年药物结局」的来源、课题版本、已查项与未决项。","https://www.nih.gov/about-nih/science-health-public-trust/tools/understanding-clinical-studies；https://www.nhlbi.nih.gov/health-topics/study-quality-assessment-tools"
"geriatrics-6","geriatrics","长期照护","入组范围、观察时间与未完成随访","survival","长期照护：照护流程完成与患者真正受到支持为什么可能不同？","长期照护：动态或多来源随访能否减少信息缺口，同时避免把记录更多误当成风险更高？","班次交接表、护理过程与患者体验记录","本方向具体检查：区分护理实施、交班记录和患者报告。不要把「入组范围、观察时间与未完成随访」中不同条件直接合并。","观察窗口、失访去向与结局定义表，注明「长期照护」的来源、课题版本、已查项与未决项。","https://www.ninr.nih.gov/research/priority-areas；https://www.nhlbi.nih.gov/health-topics/study-quality-assessment-tools"
"geriatrics-7","geriatrics","跌倒风险研究","研究对象、观察窗口与资料比较条件","evidence-life-course","跌倒风险研究：同一种指标在儿童、成人和老年阶段为何解释不同？","跌倒风险研究：跨阶段的长期资料怎样理解累积暴露与转折点？","年龄窗口、照护者填答与阶段随访记录","本方向具体检查：按年龄和填答者区分量表，核对阶段转换。不要把「研究对象、观察窗口与资料比较条件」中不同条件直接合并。","年龄窗口、照护者填答与阶段随访记录的来源与比较条件记录，注明「跌倒风险研究」的来源、课题版本、已查项与未决项。","https://www.nih.gov/about-nih/science-health-public-trust/tools/understanding-clinical-studies；https://www.nhlbi.nih.gov/health-topics/study-quality-assessment-tools"
"geriatrics-8","geriatrics","老年康复","阶段、生活条件与功能或体验变化","rehab","老年康复：同一种指标在儿童、成人和老年阶段为何解释不同？","老年康复：个体化或辅助技术能否把表现改善转成可持续的生活参与？","年龄窗口、照护者填答与阶段随访记录","本方向具体检查：按年龄和填答者区分量表，核对阶段转换。不要把「阶段、生活条件与功能或体验变化」中不同条件直接合并。","任务条件、阶段与日常功能对照页，注明「老年康复」的来源、课题版本、已查项与未决项。","https://www.nih.gov/about-nih/science-health-public-trust/tools/understanding-clinical-studies；https://www.nhlbi.nih.gov/health-topics/study-quality-assessment-tools"
"geriatrics-9","geriatrics","生活质量","测量含义、填答者与时间窗口","scale","生活质量：同一量表在两类人群里测到的是同一个构念吗？","生活质量：跨人群测量能否保持构念含义，而不只是总分相关？","条目版本、填答者与缺失条目","本方向具体检查：先确认量表含义和适用对象，再比较总分。不要把「测量含义、填答者与时间窗口」中不同条件直接合并。","条目版本、填答者与缺失项说明，注明「生活质量」的来源、课题版本、已查项与未决项。","https://www.nhlbi.nih.gov/health-topics/study-quality-assessment-tools"
"geriatrics-10","geriatrics","健康寿命","阶段、生活条件与功能或体验变化","development","健康寿命：同一种指标在儿童、成人和老年阶段为何解释不同？","健康寿命：连续观察能否区分个体变化、年龄差异与资料进入方式？","年龄窗口、照护者填答与阶段随访记录","本方向具体检查：按年龄和填答者区分量表，核对阶段转换。不要把「阶段、生活条件与功能或体验变化」中不同条件直接合并。","阶段、生活条件与指标含义说明，注明「健康寿命」的来源、课题版本、已查项与未决项。","https://www.nih.gov/about-nih/science-health-public-trust/tools/understanding-clinical-studies；https://www.nhlbi.nih.gov/health-topics/study-quality-assessment-tools"
"geriatrics-11","geriatrics","家庭照护","研究对象、观察窗口与资料比较条件","care","家庭照护：家庭支持与本人照护体验如何区分？","家庭照护：混合照护如何兼顾数字接入、家庭负担与连续支持？","照护场景、家庭支持与患者报告记录","本方向具体检查：对照照护实际实施、家庭条件和报告人的身份。不要把「研究对象、观察窗口与资料比较条件」中不同条件直接合并。","照护时间线与患者原话对照页，注明「家庭照护」的来源、课题版本、已查项与未决项。","https://www.ninr.nih.gov/research/priority-areas；https://www.nhlbi.nih.gov/health-topics/study-quality-assessment-tools"
"geriatrics-12","geriatrics","老年疾病队列","入组范围、观察时间与未完成随访","survival","老年疾病队列：同一种指标在儿童、成人和老年阶段为何解释不同？","老年疾病队列：动态或多来源随访能否减少信息缺口，同时避免把记录更多误当成风险更高？","年龄窗口、照护者填答与阶段随访记录","本方向具体检查：按年龄和填答者区分量表，核对阶段转换。不要把「入组范围、观察时间与未完成随访」中不同条件直接合并。","观察窗口、失访去向与结局定义表，注明「老年疾病队列」的来源、课题版本、已查项与未决项。","https://www.nih.gov/about-nih/science-health-public-trust/tools/understanding-clinical-studies；https://www.nhlbi.nih.gov/health-topics/study-quality-assessment-tools"
"general-surgery-1","general-surgery","胃肠外科结局","入组范围、观察时间与未完成随访","survival","胃肠外科结局：组织表现、症状和饮食记录为何可能给出不同图景？","胃肠外科结局：动态或多来源随访能否减少信息缺口，同时避免把记录更多误当成风险更高？","内镜描述、病理索引与饮食记录","本方向具体检查：保留同一人的不同检查日期，核对报告术语。不要把「入组范围、观察时间与未完成随访」中不同条件直接合并。","观察窗口、失访去向与结局定义表，注明「胃肠外科结局」的来源、课题版本、已查项与未决项。","https://www.nih.gov/about-nih/science-health-public-trust/tools/understanding-clinical-studies；https://www.nhlbi.nih.gov/health-topics/study-quality-assessment-tools"
"general-surgery-2","general-surgery","肝胆外科结局","入组范围、观察时间与未完成随访","survival","肝胆外科结局：组织表现、症状和饮食记录为何可能给出不同图景？","肝胆外科结局：动态或多来源随访能否减少信息缺口，同时避免把记录更多误当成风险更高？","内镜描述、病理索引与饮食记录","本方向具体检查：保留同一人的不同检查日期，核对报告术语。不要把「入组范围、观察时间与未完成随访」中不同条件直接合并。","观察窗口、失访去向与结局定义表，注明「肝胆外科结局」的来源、课题版本、已查项与未决项。","https://www.nih.gov/about-nih/science-health-public-trust/tools/understanding-clinical-studies；https://www.nhlbi.nih.gov/health-topics/study-quality-assessment-tools"
"general-surgery-3","general-surgery","胰腺外科研究","研究对象、观察窗口与资料比较条件","gut","胰腺外科研究：组织表现、症状和饮食记录为何可能给出不同图景？","胰腺外科研究：多来源观察能否区分症状、组织状态和生活体验，而不把一个指标当成全部恢复？","内镜描述、病理索引与饮食记录","本方向具体检查：保留同一人的不同检查日期，核对报告术语。不要把「研究对象、观察窗口与资料比较条件」中不同条件直接合并。","症状、结构或功能指标与观察时点表，注明「胰腺外科研究」的来源、课题版本、已查项与未决项。","https://www.nih.gov/about-nih/science-health-public-trust/tools/understanding-clinical-studies；https://www.nhlbi.nih.gov/health-topics/study-quality-assessment-tools"
"general-surgery-4","general-surgery","甲状腺外科","研究对象、观察窗口与资料比较条件","evidence-metabolic","甲状腺外科：同一代谢指标为何在不同生理状态下含义不同？","甲状腺外科：连续代谢记录能否连接个体波动与长期健康轨迹？","代谢测量单位、设备版本与生活方式记录","本方向具体检查：对照原始单位和记录时段，标明设备更换。不要把「研究对象、观察窗口与资料比较条件」中不同条件直接合并。","代谢测量单位、设备版本与生活方式记录的来源与比较条件记录，注明「甲状腺外科」的来源、课题版本、已查项与未决项。","https://www.nih.gov/about-nih/science-health-public-trust/tools/understanding-clinical-studies；https://www.nhlbi.nih.gov/health-topics/study-quality-assessment-tools"
"general-surgery-5","general-surgery","乳腺外科","研究对象、观察窗口与资料比较条件","evidence-surgery","乳腺外科：手术技术指标与患者恢复为什么不能只用一个分数评价？","乳腺外科：术中记录与术后随访能否连接过程差异和恢复轨迹？","过程记录、处置时间轴与结局定义","本方向具体检查：区分术前状态、过程环节与术后观察。不要把「研究对象、观察窗口与资料比较条件」中不同条件直接合并。","过程记录、处置时间轴与结局定义的来源与比较条件记录，注明「乳腺外科」的来源、课题版本、已查项与未决项。","https://www.nih.gov/about-nih/science-health-public-trust/tools/understanding-clinical-studies；https://www.nhlbi.nih.gov/health-topics/study-quality-assessment-tools"
"general-surgery-6","general-surgery","疝与腹壁","研究对象、观察窗口与资料比较条件","evidence-surgery","疝与腹壁：手术技术指标与患者恢复为什么不能只用一个分数评价？","疝与腹壁：术中记录与术后随访能否连接过程差异和恢复轨迹？","过程记录、处置时间轴与结局定义","本方向具体检查：区分术前状态、过程环节与术后观察。不要把「研究对象、观察窗口与资料比较条件」中不同条件直接合并。","过程记录、处置时间轴与结局定义的来源与比较条件记录，注明「疝与腹壁」的来源、课题版本、已查项与未决项。","https://www.nih.gov/about-nih/science-health-public-trust/tools/understanding-clinical-studies；https://www.nhlbi.nih.gov/health-topics/study-quality-assessment-tools"
"general-surgery-7","general-surgery","围术期质量","研究对象、观察窗口与资料比较条件","emergency","围术期质量：手术技术指标与患者恢复为什么不能只用一个分数评价？","围术期质量：动态流程评价能否同时解释需求、资源与患者相关结局？","过程记录、处置时间轴与结局定义","本方向具体检查：区分术前状态、过程环节与术后观察。不要把「研究对象、观察窗口与资料比较条件」中不同条件直接合并。","时间戳、服务路径与患者结局对照页，注明「围术期质量」的来源、课题版本、已查项与未决项。","https://www.nih.gov/about-nih/science-health-public-trust/tools/understanding-clinical-studies；https://www.nhlbi.nih.gov/health-topics/study-quality-assessment-tools"
"general-surgery-8","general-surgery","外科营养","阶段、生活条件与功能或体验变化","evidence-surgery","外科营养：手术技术指标与患者恢复为什么不能只用一个分数评价？","外科营养：术中记录与术后随访能否连接过程差异和恢复轨迹？","过程记录、处置时间轴与结局定义","本方向具体检查：区分术前状态、过程环节与术后观察。不要把「阶段、生活条件与功能或体验变化」中不同条件直接合并。","过程记录、处置时间轴与结局定义的来源与比较条件记录，注明「外科营养」的来源、课题版本、已查项与未决项。","https://www.nih.gov/about-nih/science-health-public-trust/tools/understanding-clinical-studies；https://www.nhlbi.nih.gov/health-topics/study-quality-assessment-tools"
"general-surgery-9","general-surgery","外科影像","对象内重复、平台版本与图像质量","clinical-imaging","外科影像：多张图像为什么不等于多位独立患者？","外科影像：跨机构评价能否保留个体独立性，并区分图像性能与患者结局？","设备平台、读者判断与个体索引","本方向具体检查：按个体划分记录，保留平台版本和读者分歧。不要把「对象内重复、平台版本与图像质量」中不同条件直接合并。","个体、平台版本与判读分歧索引，注明「外科影像」的来源、课题版本、已查项与未决项。","https://www.nih.gov/about-nih/science-health-public-trust/tools/understanding-clinical-studies；https://www.nhlbi.nih.gov/health-topics/study-quality-assessment-tools"
"general-surgery-10","general-surgery","外科随访","入组范围、观察时间与未完成随访","survival","外科随访：手术技术指标与患者恢复为什么不能只用一个分数评价？","外科随访：动态或多来源随访能否减少信息缺口，同时避免把记录更多误当成风险更高？","过程记录、处置时间轴与结局定义","本方向具体检查：区分术前状态、过程环节与术后观察。不要把「入组范围、观察时间与未完成随访」中不同条件直接合并。","观察窗口、失访去向与结局定义表，注明「外科随访」的来源、课题版本、已查项与未决项。","https://www.nih.gov/about-nih/science-health-public-trust/tools/understanding-clinical-studies；https://www.nhlbi.nih.gov/health-topics/study-quality-assessment-tools"
"general-surgery-11","general-surgery","外科器械评价","原型版本、使用任务与失败反馈","evidence-surgery","外科器械评价：手术技术指标与患者恢复为什么不能只用一个分数评价？","外科器械评价：术中记录与术后随访能否连接过程差异和恢复轨迹？","过程记录、处置时间轴与结局定义","本方向具体检查：区分术前状态、过程环节与术后观察。不要把「原型版本、使用任务与失败反馈」中不同条件直接合并。","过程记录、处置时间轴与结局定义的来源与比较条件记录，注明「外科器械评价」的来源、课题版本、已查项与未决项。","https://www.nih.gov/about-nih/science-health-public-trust/tools/understanding-clinical-studies；https://www.nhlbi.nih.gov/health-topics/study-quality-assessment-tools"
"general-surgery-12","general-surgery","手术登记研究","入组范围、观察时间与未完成随访","survival","手术登记研究：手术技术指标与患者恢复为什么不能只用一个分数评价？","手术登记研究：动态或多来源随访能否减少信息缺口，同时避免把记录更多误当成风险更高？","过程记录、处置时间轴与结局定义","本方向具体检查：区分术前状态、过程环节与术后观察。不要把「入组范围、观察时间与未完成随访」中不同条件直接合并。","观察窗口、失访去向与结局定义表，注明「手术登记研究」的来源、课题版本、已查项与未决项。","https://www.nih.gov/about-nih/science-health-public-trust/tools/understanding-clinical-studies；https://www.nhlbi.nih.gov/health-topics/study-quality-assessment-tools"
"cardiac-surgery-1","cardiac-surgery","心脏外科结局","入组范围、观察时间与未完成随访","survival","心脏外科结局：一次风险测量怎样与长期心血管结局建立联系？","心脏外科结局：动态或多来源随访能否减少信息缺口，同时避免把记录更多误当成风险更高？","随访时点与心功能记录","本方向具体检查：对齐基线与复查窗口，单列未复查者。不要把「入组范围、观察时间与未完成随访」中不同条件直接合并。","观察窗口、失访去向与结局定义表，注明「心脏外科结局」的来源、课题版本、已查项与未决项。","https://www.nih.gov/about-nih/science-health-public-trust/tools/understanding-clinical-studies；https://www.nhlbi.nih.gov/health-topics/study-quality-assessment-tools"
"cardiac-surgery-2","cardiac-surgery","瓣膜疾病研究","研究对象、观察窗口与资料比较条件","coronary","瓣膜疾病研究：手术技术指标与患者恢复为什么不能只用一个分数评价？","瓣膜疾病研究：联合结构与功能评价能否解释不一致，并在独立来源中保持适用范围？","过程记录、处置时间轴与结局定义","本方向具体检查：区分术前状态、过程环节与术后观察。不要把「研究对象、观察窗口与资料比较条件」中不同条件直接合并。","结构评价、功能任务与结局时间轴，注明「瓣膜疾病研究」的来源、课题版本、已查项与未决项。","https://www.nih.gov/about-nih/science-health-public-trust/tools/understanding-clinical-studies；https://www.nhlbi.nih.gov/health-topics/study-quality-assessment-tools"
"cardiac-surgery-3","cardiac-surgery","主动脉疾病研究","研究对象、观察窗口与资料比较条件","coronary","主动脉疾病研究：手术技术指标与患者恢复为什么不能只用一个分数评价？","主动脉疾病研究：联合结构与功能评价能否解释不一致，并在独立来源中保持适用范围？","过程记录、处置时间轴与结局定义","本方向具体检查：区分术前状态、过程环节与术后观察。不要把「研究对象、观察窗口与资料比较条件」中不同条件直接合并。","结构评价、功能任务与结局时间轴，注明「主动脉疾病研究」的来源、课题版本、已查项与未决项。","https://www.nih.gov/about-nih/science-health-public-trust/tools/understanding-clinical-studies；https://www.nhlbi.nih.gov/health-topics/study-quality-assessment-tools"
"cardiac-surgery-4","cardiac-surgery","先心病随访","入组范围、观察时间与未完成随访","survival","先心病随访：手术技术指标与患者恢复为什么不能只用一个分数评价？","先心病随访：动态或多来源随访能否减少信息缺口，同时避免把记录更多误当成风险更高？","过程记录、处置时间轴与结局定义","本方向具体检查：区分术前状态、过程环节与术后观察。不要把「入组范围、观察时间与未完成随访」中不同条件直接合并。","观察窗口、失访去向与结局定义表，注明「先心病随访」的来源、课题版本、已查项与未决项。","https://www.nih.gov/about-nih/science-health-public-trust/tools/understanding-clinical-studies；https://www.nhlbi.nih.gov/health-topics/study-quality-assessment-tools"
"cardiac-surgery-5","cardiac-surgery","胸部肿瘤研究","研究对象、观察窗口与资料比较条件","tumor","胸部肿瘤研究：影像缩小、分子变化与长期生存为什么需要分别评价？","胸部肿瘤研究：多来源肿瘤资料能否保留异质性、失访和独立评估，而不只改善内部分类？","分期版本、随访截止与后续处置记录","本方向具体检查：区分结局定义、随访时长与后续处理。不要把「研究对象、观察窗口与资料比较条件」中不同条件直接合并。","对象进入、分型与患者结局窗口表，注明「胸部肿瘤研究」的来源、课题版本、已查项与未决项。","https://www.nih.gov/about-nih/science-health-public-trust/tools/understanding-clinical-studies；https://www.nhlbi.nih.gov/health-topics/study-quality-assessment-tools"
"cardiac-surgery-6","cardiac-surgery","围术期照护","研究对象、观察窗口与资料比较条件","care","围术期照护：照护流程完成与患者真正受到支持为什么可能不同？","围术期照护：连续照护或远程服务能否改善实际体验，而不只增加填表率？","班次交接表、护理过程与患者体验记录","本方向具体检查：区分护理实施、交班记录和患者报告。不要把「研究对象、观察窗口与资料比较条件」中不同条件直接合并。","照护时间线与患者原话对照页，注明「围术期照护」的来源、课题版本、已查项与未决项。","https://www.ninr.nih.gov/research/priority-areas；https://www.nhlbi.nih.gov/health-topics/study-quality-assessment-tools"
"cardiac-surgery-7","cardiac-surgery","术后康复","阶段、生活条件与功能或体验变化","rehab","术后康复：一次任务表现改善，如何区分练习效应与功能恢复？","术后康复：个体化或辅助技术能否把表现改善转成可持续的生活参与？","功能任务、量表版本与家庭参与记录","本方向具体检查：对照任务目标、评估者和真实使用情境。不要把「阶段、生活条件与功能或体验变化」中不同条件直接合并。","任务条件、阶段与日常功能对照页，注明「术后康复」的来源、课题版本、已查项与未决项。","https://www.nih.gov/about-nih/science-health-public-trust/tools/understanding-clinical-studies；https://www.nhlbi.nih.gov/health-topics/study-quality-assessment-tools"
"cardiac-surgery-8","cardiac-surgery","心胸影像","对象内重复、平台版本与图像质量","clinical-imaging","心胸影像：多张图像为什么不等于多位独立患者？","心胸影像：跨机构评价能否保留个体独立性，并区分图像性能与患者结局？","设备平台、读者判断与个体索引","本方向具体检查：按个体划分记录，保留平台版本和读者分歧。不要把「对象内重复、平台版本与图像质量」中不同条件直接合并。","个体、平台版本与判读分歧索引，注明「心胸影像」的来源、课题版本、已查项与未决项。","https://www.nih.gov/about-nih/science-health-public-trust/tools/understanding-clinical-studies；https://www.nhlbi.nih.gov/health-topics/study-quality-assessment-tools"
"cardiac-surgery-9","cardiac-surgery","登记与质控","入组范围、观察时间与未完成随访","survival","登记与质控：手术技术指标与患者恢复为什么不能只用一个分数评价？","登记与质控：动态或多来源随访能否减少信息缺口，同时避免把记录更多误当成风险更高？","过程记录、处置时间轴与结局定义","本方向具体检查：区分术前状态、过程环节与术后观察。不要把「入组范围、观察时间与未完成随访」中不同条件直接合并。","观察窗口、失访去向与结局定义表，注明「登记与质控」的来源、课题版本、已查项与未决项。","https://www.nih.gov/about-nih/science-health-public-trust/tools/understanding-clinical-studies；https://www.nhlbi.nih.gov/health-topics/study-quality-assessment-tools"
"cardiac-surgery-10","cardiac-surgery","患者报告结局","入组范围、观察时间与未完成随访","survival","患者报告结局：同一量表在两类人群里测到的是同一个构念吗？","患者报告结局：动态或多来源随访能否减少信息缺口，同时避免把记录更多误当成风险更高？","条目版本、填答者与缺失条目","本方向具体检查：先确认量表含义和适用对象，再比较总分。不要把「入组范围、观察时间与未完成随访」中不同条件直接合并。","观察窗口、失访去向与结局定义表，注明「患者报告结局」的来源、课题版本、已查项与未决项。","https://www.nhlbi.nih.gov/health-topics/study-quality-assessment-tools"
"cardiac-surgery-11","cardiac-surgery","器械评价","原型版本、使用任务与失败反馈","evidence-surgery","器械评价：手术技术指标与患者恢复为什么不能只用一个分数评价？","器械评价：术中记录与术后随访能否连接过程差异和恢复轨迹？","过程记录、处置时间轴与结局定义","本方向具体检查：区分术前状态、过程环节与术后观察。不要把「原型版本、使用任务与失败反馈」中不同条件直接合并。","过程记录、处置时间轴与结局定义的来源与比较条件记录，注明「器械评价」的来源、课题版本、已查项与未决项。","https://www.nih.gov/about-nih/science-health-public-trust/tools/understanding-clinical-studies；https://www.nhlbi.nih.gov/health-topics/study-quality-assessment-tools"
"cardiac-surgery-12","cardiac-surgery","长期结局","入组范围、观察时间与未完成随访","survival","长期结局：手术技术指标与患者恢复为什么不能只用一个分数评价？","长期结局：动态或多来源随访能否减少信息缺口，同时避免把记录更多误当成风险更高？","过程记录、处置时间轴与结局定义","本方向具体检查：区分术前状态、过程环节与术后观察。不要把「入组范围、观察时间与未完成随访」中不同条件直接合并。","观察窗口、失访去向与结局定义表，注明「长期结局」的来源、课题版本、已查项与未决项。","https://www.nih.gov/about-nih/science-health-public-trust/tools/understanding-clinical-studies；https://www.nhlbi.nih.gov/health-topics/study-quality-assessment-tools"
"neurosurgery-1","neurosurgery","神经肿瘤研究","研究对象、观察窗口与资料比较条件","tumor","神经肿瘤研究：观察到结构连接，为什么还不能完全解释行为？","神经肿瘤研究：多来源肿瘤资料能否保留异质性、失访和独立评估，而不只改善内部分类？","影像分区版本、任务记录与功能量表","本方向具体检查：按个体核对时点，区分软件变化和练习效应。不要把「研究对象、观察窗口与资料比较条件」中不同条件直接合并。","对象进入、分型与患者结局窗口表，注明「神经肿瘤研究」的来源、课题版本、已查项与未决项。","https://www.nih.gov/about-nih/science-health-public-trust/tools/understanding-clinical-studies；https://www.nhlbi.nih.gov/health-topics/study-quality-assessment-tools"
"neurosurgery-2","neurosurgery","脑血管外科结局","入组范围、观察时间与未完成随访","survival","脑血管外科结局：观察到结构连接，为什么还不能完全解释行为？","脑血管外科结局：动态或多来源随访能否减少信息缺口，同时避免把记录更多误当成风险更高？","影像分区版本、任务记录与功能量表","本方向具体检查：按个体核对时点，区分软件变化和练习效应。不要把「入组范围、观察时间与未完成随访」中不同条件直接合并。","观察窗口、失访去向与结局定义表，注明「脑血管外科结局」的来源、课题版本、已查项与未决项。","https://www.nih.gov/about-nih/science-health-public-trust/tools/understanding-clinical-studies；https://www.nhlbi.nih.gov/health-topics/study-quality-assessment-tools"
"neurosurgery-3","neurosurgery","功能神经外科","任务或测量条件、重复记录与时间","rehab","功能神经外科：观察到结构连接，为什么还不能完全解释行为？","功能神经外科：个体化或辅助技术能否把表现改善转成可持续的生活参与？","影像分区版本、任务记录与功能量表","本方向具体检查：按个体核对时点，区分软件变化和练习效应。不要把「任务或测量条件、重复记录与时间」中不同条件直接合并。","任务条件、阶段与日常功能对照页，注明「功能神经外科」的来源、课题版本、已查项与未决项。","https://www.nih.gov/about-nih/science-health-public-trust/tools/understanding-clinical-studies；https://www.nhlbi.nih.gov/health-topics/study-quality-assessment-tools"
"neurosurgery-4","neurosurgery","脊柱脊髓研究","研究对象、观察窗口与资料比较条件","evidence-orthopedic","脊柱脊髓研究：结构影像、疼痛与活动功能为何可能不一致？","脊柱脊髓研究：数字运动记录怎样支持个体化恢复轨迹的研究？","影像随访、步态任务与功能评价记录","本方向具体检查：区分结构变化、疼痛报告与功能表现。不要把「研究对象、观察窗口与资料比较条件」中不同条件直接合并。","影像随访、步态任务与功能评价记录的来源与比较条件记录，注明「脊柱脊髓研究」的来源、课题版本、已查项与未决项。","https://www.nih.gov/about-nih/science-health-public-trust/tools/understanding-clinical-studies；https://www.nhlbi.nih.gov/health-topics/study-quality-assessment-tools"
"neurosurgery-5","neurosurgery","神经创伤结局","入组范围、观察时间与未完成随访","survival","神经创伤结局：观察到结构连接，为什么还不能完全解释行为？","神经创伤结局：动态或多来源随访能否减少信息缺口，同时避免把记录更多误当成风险更高？","影像分区版本、任务记录与功能量表","本方向具体检查：按个体核对时点，区分软件变化和练习效应。不要把「入组范围、观察时间与未完成随访」中不同条件直接合并。","观察窗口、失访去向与结局定义表，注明「神经创伤结局」的来源、课题版本、已查项与未决项。","https://www.nih.gov/about-nih/science-health-public-trust/tools/understanding-clinical-studies；https://www.nhlbi.nih.gov/health-topics/study-quality-assessment-tools"
"neurosurgery-6","neurosurgery","神经外科影像","对象内重复、平台版本与图像质量","clinical-imaging","神经外科影像：多张图像为什么不等于多位独立患者？","神经外科影像：跨机构评价能否保留个体独立性，并区分图像性能与患者结局？","设备平台、读者判断与个体索引","本方向具体检查：按个体划分记录，保留平台版本和读者分歧。不要把「对象内重复、平台版本与图像质量」中不同条件直接合并。","个体、平台版本与判读分歧索引，注明「神经外科影像」的来源、课题版本、已查项与未决项。","https://www.nih.gov/about-nih/science-health-public-trust/tools/understanding-clinical-studies；https://www.nhlbi.nih.gov/health-topics/study-quality-assessment-tools"
"neurosurgery-7","neurosurgery","神经导航评价","研究对象、观察窗口与资料比较条件","evidence-neuro","神经导航评价：观察到结构连接，为什么还不能完全解释行为？","神经导航评价：连接组与动态记录怎样共同检验神经环路解释？","影像分区版本、任务记录与功能量表","本方向具体检查：按个体核对时点，区分软件变化和练习效应。不要把「研究对象、观察窗口与资料比较条件」中不同条件直接合并。","影像分区版本、任务记录与功能量表的来源与比较条件记录，注明「神经导航评价」的来源、课题版本、已查项与未决项。","https://www.nih.gov/about-nih/science-health-public-trust/tools/understanding-clinical-studies；https://www.nhlbi.nih.gov/health-topics/study-quality-assessment-tools"
"neurosurgery-8","neurosurgery","神经外科康复","阶段、生活条件与功能或体验变化","rehab","神经外科康复：观察到结构连接，为什么还不能完全解释行为？","神经外科康复：个体化或辅助技术能否把表现改善转成可持续的生活参与？","影像分区版本、任务记录与功能量表","本方向具体检查：按个体核对时点，区分软件变化和练习效应。不要把「阶段、生活条件与功能或体验变化」中不同条件直接合并。","任务条件、阶段与日常功能对照页，注明「神经外科康复」的来源、课题版本、已查项与未决项。","https://www.nih.gov/about-nih/science-health-public-trust/tools/understanding-clinical-studies；https://www.nhlbi.nih.gov/health-topics/study-quality-assessment-tools"
"neurosurgery-9","neurosurgery","认知结局","入组范围、观察时间与未完成随访","survival","认知结局：任务表现差异如何与心理构念建立联系？","认知结局：动态或多来源随访能否减少信息缺口，同时避免把记录更多误当成风险更高？","任务说明、构念定义与被试反应记录","本方向具体检查：核对任务操纵与测量含义，保留练习顺序。不要把「入组范围、观察时间与未完成随访」中不同条件直接合并。","观察窗口、失访去向与结局定义表，注明「认知结局」的来源、课题版本、已查项与未决项。","https://cter.bnu.edu.cn/docs/2024-05/e0d9749ec02e425eb45aa96fefdadc2a.pdf；https://www.nhlbi.nih.gov/health-topics/study-quality-assessment-tools"
"neurosurgery-10","neurosurgery","随访登记","入组范围、观察时间与未完成随访","survival","随访登记：观察到结构连接，为什么还不能完全解释行为？","随访登记：动态或多来源随访能否减少信息缺口，同时避免把记录更多误当成风险更高？","影像分区版本、任务记录与功能量表","本方向具体检查：按个体核对时点，区分软件变化和练习效应。不要把「入组范围、观察时间与未完成随访」中不同条件直接合并。","观察窗口、失访去向与结局定义表，注明「随访登记」的来源、课题版本、已查项与未决项。","https://www.nih.gov/about-nih/science-health-public-trust/tools/understanding-clinical-studies；https://www.nhlbi.nih.gov/health-topics/study-quality-assessment-tools"
"neurosurgery-11","neurosurgery","器械与界面","原型版本、使用任务与失败反馈","evidence-neuro","器械与界面：观察到结构连接，为什么还不能完全解释行为？","器械与界面：连接组与动态记录怎样共同检验神经环路解释？","影像分区版本、任务记录与功能量表","本方向具体检查：按个体核对时点，区分软件变化和练习效应。不要把「原型版本、使用任务与失败反馈」中不同条件直接合并。","影像分区版本、任务记录与功能量表的来源与比较条件记录，注明「器械与界面」的来源、课题版本、已查项与未决项。","https://www.nih.gov/about-nih/science-health-public-trust/tools/understanding-clinical-studies；https://www.nhlbi.nih.gov/health-topics/study-quality-assessment-tools"
"neurosurgery-12","neurosurgery","患者报告结局","入组范围、观察时间与未完成随访","survival","患者报告结局：同一量表在两类人群里测到的是同一个构念吗？","患者报告结局：动态或多来源随访能否减少信息缺口，同时避免把记录更多误当成风险更高？","条目版本、填答者与缺失条目","本方向具体检查：先确认量表含义和适用对象，再比较总分。不要把「入组范围、观察时间与未完成随访」中不同条件直接合并。","观察窗口、失访去向与结局定义表，注明「患者报告结局」的来源、课题版本、已查项与未决项。","https://www.nhlbi.nih.gov/health-topics/study-quality-assessment-tools"
"orthopedics-1","orthopedics","关节研究","研究对象、观察窗口与资料比较条件","evidence-orthopedic","关节研究：结构影像、疼痛与活动功能为何可能不一致？","关节研究：数字运动记录怎样支持个体化恢复轨迹的研究？","影像随访、步态任务与功能评价记录","本方向具体检查：区分结构变化、疼痛报告与功能表现。不要把「研究对象、观察窗口与资料比较条件」中不同条件直接合并。","影像随访、步态任务与功能评价记录的来源与比较条件记录，注明「关节研究」的来源、课题版本、已查项与未决项。","https://www.nih.gov/about-nih/science-health-public-trust/tools/understanding-clinical-studies；https://www.nhlbi.nih.gov/health-topics/study-quality-assessment-tools"
"orthopedics-2","orthopedics","脊柱研究","研究对象、观察窗口与资料比较条件","evidence-orthopedic","脊柱研究：结构影像、疼痛与活动功能为何可能不一致？","脊柱研究：数字运动记录怎样支持个体化恢复轨迹的研究？","影像随访、步态任务与功能评价记录","本方向具体检查：区分结构变化、疼痛报告与功能表现。不要把「研究对象、观察窗口与资料比较条件」中不同条件直接合并。","影像随访、步态任务与功能评价记录的来源与比较条件记录，注明「脊柱研究」的来源、课题版本、已查项与未决项。","https://www.nih.gov/about-nih/science-health-public-trust/tools/understanding-clinical-studies；https://www.nhlbi.nih.gov/health-topics/study-quality-assessment-tools"
"orthopedics-3","orthopedics","骨创伤结局","入组范围、观察时间与未完成随访","survival","骨创伤结局：结构影像、疼痛与活动功能为何可能不一致？","骨创伤结局：动态或多来源随访能否减少信息缺口，同时避免把记录更多误当成风险更高？","影像随访、步态任务与功能评价记录","本方向具体检查：区分结构变化、疼痛报告与功能表现。不要把「入组范围、观察时间与未完成随访」中不同条件直接合并。","观察窗口、失访去向与结局定义表，注明「骨创伤结局」的来源、课题版本、已查项与未决项。","https://www.nih.gov/about-nih/science-health-public-trust/tools/understanding-clinical-studies；https://www.nhlbi.nih.gov/health-topics/study-quality-assessment-tools"
"orthopedics-4","orthopedics","骨肿瘤研究","研究对象、观察窗口与资料比较条件","tumor","骨肿瘤研究：结构影像、疼痛与活动功能为何可能不一致？","骨肿瘤研究：多来源肿瘤资料能否保留异质性、失访和独立评估，而不只改善内部分类？","影像随访、步态任务与功能评价记录","本方向具体检查：区分结构变化、疼痛报告与功能表现。不要把「研究对象、观察窗口与资料比较条件」中不同条件直接合并。","对象进入、分型与患者结局窗口表，注明「骨肿瘤研究」的来源、课题版本、已查项与未决项。","https://www.nih.gov/about-nih/science-health-public-trust/tools/understanding-clinical-studies；https://www.nhlbi.nih.gov/health-topics/study-quality-assessment-tools"
"orthopedics-5","orthopedics","运动损伤","研究对象、观察窗口与资料比较条件","evidence-orthopedic","运动损伤：结构影像、疼痛与活动功能为何可能不一致？","运动损伤：数字运动记录怎样支持个体化恢复轨迹的研究？","影像随访、步态任务与功能评价记录","本方向具体检查：区分结构变化、疼痛报告与功能表现。不要把「研究对象、观察窗口与资料比较条件」中不同条件直接合并。","影像随访、步态任务与功能评价记录的来源与比较条件记录，注明「运动损伤」的来源、课题版本、已查项与未决项。","https://www.nih.gov/about-nih/science-health-public-trust/tools/understanding-clinical-studies；https://www.nhlbi.nih.gov/health-topics/study-quality-assessment-tools"
"orthopedics-6","orthopedics","骨科生物力学","任务或测量条件、重复记录与时间","evidence-orthopedic","骨科生物力学：结构影像、疼痛与活动功能为何可能不一致？","骨科生物力学：数字运动记录怎样支持个体化恢复轨迹的研究？","影像随访、步态任务与功能评价记录","本方向具体检查：区分结构变化、疼痛报告与功能表现。不要把「任务或测量条件、重复记录与时间」中不同条件直接合并。","影像随访、步态任务与功能评价记录的来源与比较条件记录，注明「骨科生物力学」的来源、课题版本、已查项与未决项。","https://www.nih.gov/about-nih/science-health-public-trust/tools/understanding-clinical-studies；https://www.nhlbi.nih.gov/health-topics/study-quality-assessment-tools"
"orthopedics-7","orthopedics","骨科影像","对象内重复、平台版本与图像质量","clinical-imaging","骨科影像：结构影像、疼痛与活动功能为何可能不一致？","骨科影像：跨机构评价能否保留个体独立性，并区分图像性能与患者结局？","影像随访、步态任务与功能评价记录","本方向具体检查：区分结构变化、疼痛报告与功能表现。不要把「对象内重复、平台版本与图像质量」中不同条件直接合并。","个体、平台版本与判读分歧索引，注明「骨科影像」的来源、课题版本、已查项与未决项。","https://www.nih.gov/about-nih/science-health-public-trust/tools/understanding-clinical-studies；https://www.nhlbi.nih.gov/health-topics/study-quality-assessment-tools"
"orthopedics-8","orthopedics","骨与软骨修复","研究对象、观察窗口与资料比较条件","evidence-orthopedic","骨与软骨修复：结构影像、疼痛与活动功能为何可能不一致？","骨与软骨修复：数字运动记录怎样支持个体化恢复轨迹的研究？","影像随访、步态任务与功能评价记录","本方向具体检查：区分结构变化、疼痛报告与功能表现。不要把「研究对象、观察窗口与资料比较条件」中不同条件直接合并。","影像随访、步态任务与功能评价记录的来源与比较条件记录，注明「骨与软骨修复」的来源、课题版本、已查项与未决项。","https://www.nih.gov/about-nih/science-health-public-trust/tools/understanding-clinical-studies；https://www.nhlbi.nih.gov/health-topics/study-quality-assessment-tools"
"orthopedics-9","orthopedics","步态分析","任务或测量条件、重复记录与时间","rehab","步态分析：结构影像、疼痛与活动功能为何可能不一致？","步态分析：个体化或辅助技术能否把表现改善转成可持续的生活参与？","影像随访、步态任务与功能评价记录","本方向具体检查：区分结构变化、疼痛报告与功能表现。不要把「任务或测量条件、重复记录与时间」中不同条件直接合并。","任务条件、阶段与日常功能对照页，注明「步态分析」的来源、课题版本、已查项与未决项。","https://www.nih.gov/about-nih/science-health-public-trust/tools/understanding-clinical-studies；https://www.nhlbi.nih.gov/health-topics/study-quality-assessment-tools"
"orthopedics-10","orthopedics","植入物评价","研究对象、观察窗口与资料比较条件","evidence-orthopedic","植入物评价：结构影像、疼痛与活动功能为何可能不一致？","植入物评价：数字运动记录怎样支持个体化恢复轨迹的研究？","影像随访、步态任务与功能评价记录","本方向具体检查：区分结构变化、疼痛报告与功能表现。不要把「研究对象、观察窗口与资料比较条件」中不同条件直接合并。","影像随访、步态任务与功能评价记录的来源与比较条件记录，注明「植入物评价」的来源、课题版本、已查项与未决项。","https://www.nih.gov/about-nih/science-health-public-trust/tools/understanding-clinical-studies；https://www.nhlbi.nih.gov/health-topics/study-quality-assessment-tools"
"orthopedics-11","orthopedics","骨科康复","阶段、生活条件与功能或体验变化","rehab","骨科康复：结构影像、疼痛与活动功能为何可能不一致？","骨科康复：个体化或辅助技术能否把表现改善转成可持续的生活参与？","影像随访、步态任务与功能评价记录","本方向具体检查：区分结构变化、疼痛报告与功能表现。不要把「阶段、生活条件与功能或体验变化」中不同条件直接合并。","任务条件、阶段与日常功能对照页，注明「骨科康复」的来源、课题版本、已查项与未决项。","https://www.nih.gov/about-nih/science-health-public-trust/tools/understanding-clinical-studies；https://www.nhlbi.nih.gov/health-topics/study-quality-assessment-tools"
"orthopedics-12","orthopedics","患者报告结局","入组范围、观察时间与未完成随访","survival","患者报告结局：结构影像、疼痛与活动功能为何可能不一致？","患者报告结局：动态或多来源随访能否减少信息缺口，同时避免把记录更多误当成风险更高？","影像随访、步态任务与功能评价记录","本方向具体检查：区分结构变化、疼痛报告与功能表现。不要把「入组范围、观察时间与未完成随访」中不同条件直接合并。","观察窗口、失访去向与结局定义表，注明「患者报告结局」的来源、课题版本、已查项与未决项。","https://www.nih.gov/about-nih/science-health-public-trust/tools/understanding-clinical-studies；https://www.nhlbi.nih.gov/health-topics/study-quality-assessment-tools"
"urology-1","urology","泌尿肿瘤研究","研究对象、观察窗口与资料比较条件","tumor","泌尿肿瘤研究：生理指标与生活质量的变化，如何分别解释？","泌尿肿瘤研究：多来源肿瘤资料能否保留异质性、失访和独立评估，而不只改善内部分类？","症状日记、检查日期与生活质量记录","本方向具体检查：对齐症状记录窗口与功能评价条件。不要把「研究对象、观察窗口与资料比较条件」中不同条件直接合并。","对象进入、分型与患者结局窗口表，注明「泌尿肿瘤研究」的来源、课题版本、已查项与未决项。","https://www.nih.gov/about-nih/science-health-public-trust/tools/understanding-clinical-studies；https://www.nhlbi.nih.gov/health-topics/study-quality-assessment-tools"
"urology-2","urology","排尿功能","任务或测量条件、重复记录与时间","rehab","排尿功能：生理指标与生活质量的变化，如何分别解释？","排尿功能：个体化或辅助技术能否把表现改善转成可持续的生活参与？","症状日记、检查日期与生活质量记录","本方向具体检查：对齐症状记录窗口与功能评价条件。不要把「任务或测量条件、重复记录与时间」中不同条件直接合并。","任务条件、阶段与日常功能对照页，注明「排尿功能」的来源、课题版本、已查项与未决项。","https://www.nih.gov/about-nih/science-health-public-trust/tools/understanding-clinical-studies；https://www.nhlbi.nih.gov/health-topics/study-quality-assessment-tools"
"urology-3","urology","结石结局","入组范围、观察时间与未完成随访","survival","结石结局：生理指标与生活质量的变化，如何分别解释？","结石结局：动态或多来源随访能否减少信息缺口，同时避免把记录更多误当成风险更高？","症状日记、检查日期与生活质量记录","本方向具体检查：对齐症状记录窗口与功能评价条件。不要把「入组范围、观察时间与未完成随访」中不同条件直接合并。","观察窗口、失访去向与结局定义表，注明「结石结局」的来源、课题版本、已查项与未决项。","https://www.nih.gov/about-nih/science-health-public-trust/tools/understanding-clinical-studies；https://www.nhlbi.nih.gov/health-topics/study-quality-assessment-tools"
"urology-4","urology","肾脏外科研究","研究对象、观察窗口与资料比较条件","evidence-urologic","肾脏外科研究：生理指标与生活质量的变化，如何分别解释？","肾脏外科研究：连续记录与患者报告怎样刻画波动性的功能变化？","症状日记、检查日期与生活质量记录","本方向具体检查：对齐症状记录窗口与功能评价条件。不要把「研究对象、观察窗口与资料比较条件」中不同条件直接合并。","症状日记、检查日期与生活质量记录的来源与比较条件记录，注明「肾脏外科研究」的来源、课题版本、已查项与未决项。","https://www.nih.gov/about-nih/science-health-public-trust/tools/understanding-clinical-studies；https://www.nhlbi.nih.gov/health-topics/study-quality-assessment-tools"
"urology-5","urology","男性健康","研究对象、观察窗口与资料比较条件","evidence-urologic","男性健康：生理指标与生活质量的变化，如何分别解释？","男性健康：连续记录与患者报告怎样刻画波动性的功能变化？","症状日记、检查日期与生活质量记录","本方向具体检查：对齐症状记录窗口与功能评价条件。不要把「研究对象、观察窗口与资料比较条件」中不同条件直接合并。","症状日记、检查日期与生活质量记录的来源与比较条件记录，注明「男性健康」的来源、课题版本、已查项与未决项。","https://www.nih.gov/about-nih/science-health-public-trust/tools/understanding-clinical-studies；https://www.nhlbi.nih.gov/health-topics/study-quality-assessment-tools"
"urology-6","urology","泌尿影像","对象内重复、平台版本与图像质量","clinical-imaging","泌尿影像：生理指标与生活质量的变化，如何分别解释？","泌尿影像：跨机构评价能否保留个体独立性，并区分图像性能与患者结局？","症状日记、检查日期与生活质量记录","本方向具体检查：对齐症状记录窗口与功能评价条件。不要把「对象内重复、平台版本与图像质量」中不同条件直接合并。","个体、平台版本与判读分歧索引，注明「泌尿影像」的来源、课题版本、已查项与未决项。","https://www.nih.gov/about-nih/science-health-public-trust/tools/understanding-clinical-studies；https://www.nhlbi.nih.gov/health-topics/study-quality-assessment-tools"
"urology-7","urology","盆底功能","任务或测量条件、重复记录与时间","rehab","盆底功能：生理指标与生活质量的变化，如何分别解释？","盆底功能：个体化或辅助技术能否把表现改善转成可持续的生活参与？","症状日记、检查日期与生活质量记录","本方向具体检查：对齐症状记录窗口与功能评价条件。不要把「任务或测量条件、重复记录与时间」中不同条件直接合并。","任务条件、阶段与日常功能对照页，注明「盆底功能」的来源、课题版本、已查项与未决项。","https://www.nih.gov/about-nih/science-health-public-trust/tools/understanding-clinical-studies；https://www.nhlbi.nih.gov/health-topics/study-quality-assessment-tools"
"urology-8","urology","泌尿器械评价","原型版本、使用任务与失败反馈","evidence-urologic","泌尿器械评价：生理指标与生活质量的变化，如何分别解释？","泌尿器械评价：连续记录与患者报告怎样刻画波动性的功能变化？","症状日记、检查日期与生活质量记录","本方向具体检查：对齐症状记录窗口与功能评价条件。不要把「原型版本、使用任务与失败反馈」中不同条件直接合并。","症状日记、检查日期与生活质量记录的来源与比较条件记录，注明「泌尿器械评价」的来源、课题版本、已查项与未决项。","https://www.nih.gov/about-nih/science-health-public-trust/tools/understanding-clinical-studies；https://www.nhlbi.nih.gov/health-topics/study-quality-assessment-tools"
"urology-9","urology","泌尿遗传","对象关系、参考版本与变异解释","genetics","泌尿遗传：生理指标与生活质量的变化，如何分别解释？","泌尿遗传：多来源证据能否缩小候选解释，同时保留群体与模型的边界？","症状日记、检查日期与生活质量记录","本方向具体检查：对齐症状记录窗口与功能评价条件。不要把「对象关系、参考版本与变异解释」中不同条件直接合并。","参考版本、对象关系与证据层级表，注明「泌尿遗传」的来源、课题版本、已查项与未决项。","https://www.nih.gov/about-nih/science-health-public-trust/tools/understanding-clinical-studies；https://www.nhlbi.nih.gov/health-topics/study-quality-assessment-tools"
"urology-10","urology","随访质量","入组范围、观察时间与未完成随访","survival","随访质量：生理指标与生活质量的变化，如何分别解释？","随访质量：动态或多来源随访能否减少信息缺口，同时避免把记录更多误当成风险更高？","症状日记、检查日期与生活质量记录","本方向具体检查：对齐症状记录窗口与功能评价条件。不要把「入组范围、观察时间与未完成随访」中不同条件直接合并。","观察窗口、失访去向与结局定义表，注明「随访质量」的来源、课题版本、已查项与未决项。","https://www.nih.gov/about-nih/science-health-public-trust/tools/understanding-clinical-studies；https://www.nhlbi.nih.gov/health-topics/study-quality-assessment-tools"
"urology-11","urology","患者报告结局","入组范围、观察时间与未完成随访","survival","患者报告结局：生理指标与生活质量的变化，如何分别解释？","患者报告结局：动态或多来源随访能否减少信息缺口，同时避免把记录更多误当成风险更高？","症状日记、检查日期与生活质量记录","本方向具体检查：对齐症状记录窗口与功能评价条件。不要把「入组范围、观察时间与未完成随访」中不同条件直接合并。","观察窗口、失访去向与结局定义表，注明「患者报告结局」的来源、课题版本、已查项与未决项。","https://www.nih.gov/about-nih/science-health-public-trust/tools/understanding-clinical-studies；https://www.nhlbi.nih.gov/health-topics/study-quality-assessment-tools"
"urology-12","urology","泌尿疾病登记","入组范围、观察时间与未完成随访","survival","泌尿疾病登记：生理指标与生活质量的变化，如何分别解释？","泌尿疾病登记：动态或多来源随访能否减少信息缺口，同时避免把记录更多误当成风险更高？","症状日记、检查日期与生活质量记录","本方向具体检查：对齐症状记录窗口与功能评价条件。不要把「入组范围、观察时间与未完成随访」中不同条件直接合并。","观察窗口、失访去向与结局定义表，注明「泌尿疾病登记」的来源、课题版本、已查项与未决项。","https://www.nih.gov/about-nih/science-health-public-trust/tools/understanding-clinical-studies；https://www.nhlbi.nih.gov/health-topics/study-quality-assessment-tools"
"plastic-surgery-1","plastic-surgery","创面修复研究","研究对象、观察窗口与资料比较条件","skin","创面修复研究：皮损评分、组织表现与患者感受怎样对应？","创面修复研究：连续或多维评价能否保留形态、功能和生活体验之间的不一致？","拍摄条件、分级意见与患者体验记录","本方向具体检查：保留照明、评分者和填答时点的差异。不要把「研究对象、观察窗口与资料比较条件」中不同条件直接合并。","观察条件、形态评价与功能体验页，注明「创面修复研究」的来源、课题版本、已查项与未决项。","https://www.nih.gov/about-nih/science-health-public-trust/tools/understanding-clinical-studies；https://www.nhlbi.nih.gov/health-topics/study-quality-assessment-tools"
"plastic-surgery-2","plastic-surgery","瘢痕评价","研究对象、观察窗口与资料比较条件","skin","瘢痕评价：皮损评分、组织表现与患者感受怎样对应？","瘢痕评价：连续或多维评价能否保留形态、功能和生活体验之间的不一致？","拍摄条件、分级意见与患者体验记录","本方向具体检查：保留照明、评分者和填答时点的差异。不要把「研究对象、观察窗口与资料比较条件」中不同条件直接合并。","观察条件、形态评价与功能体验页，注明「瘢痕评价」的来源、课题版本、已查项与未决项。","https://www.nih.gov/about-nih/science-health-public-trust/tools/understanding-clinical-studies；https://www.nhlbi.nih.gov/health-topics/study-quality-assessment-tools"
"plastic-surgery-3","plastic-surgery","组织修复结局","入组范围、观察时间与未完成随访","survival","组织修复结局：皮损评分、组织表现与患者感受怎样对应？","组织修复结局：动态或多来源随访能否减少信息缺口，同时避免把记录更多误当成风险更高？","拍摄条件、分级意见与患者体验记录","本方向具体检查：保留照明、评分者和填答时点的差异。不要把「入组范围、观察时间与未完成随访」中不同条件直接合并。","观察窗口、失访去向与结局定义表，注明「组织修复结局」的来源、课题版本、已查项与未决项。","https://www.nih.gov/about-nih/science-health-public-trust/tools/understanding-clinical-studies；https://www.nhlbi.nih.gov/health-topics/study-quality-assessment-tools"
"plastic-surgery-4","plastic-surgery","修复材料评价","研究对象、观察窗口与资料比较条件","evidence-skin","修复材料评价：皮损评分、组织表现与患者感受怎样对应？","修复材料评价：图像辅助判读如何在不同肤色与机构中保持可靠？","拍摄条件、分级意见与患者体验记录","本方向具体检查：保留照明、评分者和填答时点的差异。不要把「研究对象、观察窗口与资料比较条件」中不同条件直接合并。","拍摄条件、分级意见与患者体验记录的来源与比较条件记录，注明「修复材料评价」的来源、课题版本、已查项与未决项。","https://www.nih.gov/about-nih/science-health-public-trust/tools/understanding-clinical-studies；https://www.nhlbi.nih.gov/health-topics/study-quality-assessment-tools"
"plastic-surgery-5","plastic-surgery","功能重建结局","入组范围、观察时间与未完成随访","survival","功能重建结局：皮损评分、组织表现与患者感受怎样对应？","功能重建结局：动态或多来源随访能否减少信息缺口，同时避免把记录更多误当成风险更高？","拍摄条件、分级意见与患者体验记录","本方向具体检查：保留照明、评分者和填答时点的差异。不要把「入组范围、观察时间与未完成随访」中不同条件直接合并。","观察窗口、失访去向与结局定义表，注明「功能重建结局」的来源、课题版本、已查项与未决项。","https://www.nih.gov/about-nih/science-health-public-trust/tools/understanding-clinical-studies；https://www.nhlbi.nih.gov/health-topics/study-quality-assessment-tools"
"plastic-surgery-6","plastic-surgery","患者体验","测量含义、填答者与时间窗口","scale","患者体验：皮损评分、组织表现与患者感受怎样对应？","患者体验：跨人群测量能否保持构念含义，而不只是总分相关？","拍摄条件、分级意见与患者体验记录","本方向具体检查：保留照明、评分者和填答时点的差异。不要把「测量含义、填答者与时间窗口」中不同条件直接合并。","条目版本、填答者与缺失项说明，注明「患者体验」的来源、课题版本、已查项与未决项。","https://www.nih.gov/about-nih/science-health-public-trust/tools/understanding-clinical-studies；https://www.nhlbi.nih.gov/health-topics/study-quality-assessment-tools"
"plastic-surgery-7","plastic-surgery","三维形态记录","研究对象、观察窗口与资料比较条件","skin","三维形态记录：皮损评分、组织表现与患者感受怎样对应？","三维形态记录：连续或多维评价能否保留形态、功能和生活体验之间的不一致？","拍摄条件、分级意见与患者体验记录","本方向具体检查：保留照明、评分者和填答时点的差异。不要把「研究对象、观察窗口与资料比较条件」中不同条件直接合并。","观察条件、形态评价与功能体验页，注明「三维形态记录」的来源、课题版本、已查项与未决项。","https://www.nih.gov/about-nih/science-health-public-trust/tools/understanding-clinical-studies；https://www.nhlbi.nih.gov/health-topics/study-quality-assessment-tools"
"plastic-surgery-8","plastic-surgery","外观评价量表","测量含义、填答者与时间窗口","scale","外观评价量表：皮损评分、组织表现与患者感受怎样对应？","外观评价量表：跨人群测量能否保持构念含义，而不只是总分相关？","拍摄条件、分级意见与患者体验记录","本方向具体检查：保留照明、评分者和填答时点的差异。不要把「测量含义、填答者与时间窗口」中不同条件直接合并。","条目版本、填答者与缺失项说明，注明「外观评价量表」的来源、课题版本、已查项与未决项。","https://www.nih.gov/about-nih/science-health-public-trust/tools/understanding-clinical-studies；https://www.nhlbi.nih.gov/health-topics/study-quality-assessment-tools"
"plastic-surgery-9","plastic-surgery","手功能研究","任务或测量条件、重复记录与时间","rehab","手功能研究：皮损评分、组织表现与患者感受怎样对应？","手功能研究：个体化或辅助技术能否把表现改善转成可持续的生活参与？","拍摄条件、分级意见与患者体验记录","本方向具体检查：保留照明、评分者和填答时点的差异。不要把「任务或测量条件、重复记录与时间」中不同条件直接合并。","任务条件、阶段与日常功能对照页，注明「手功能研究」的来源、课题版本、已查项与未决项。","https://www.nih.gov/about-nih/science-health-public-trust/tools/understanding-clinical-studies；https://www.nhlbi.nih.gov/health-topics/study-quality-assessment-tools"
"plastic-surgery-10","plastic-surgery","修复康复","阶段、生活条件与功能或体验变化","rehab","修复康复：皮损评分、组织表现与患者感受怎样对应？","修复康复：个体化或辅助技术能否把表现改善转成可持续的生活参与？","拍摄条件、分级意见与患者体验记录","本方向具体检查：保留照明、评分者和填答时点的差异。不要把「阶段、生活条件与功能或体验变化」中不同条件直接合并。","任务条件、阶段与日常功能对照页，注明「修复康复」的来源、课题版本、已查项与未决项。","https://www.nih.gov/about-nih/science-health-public-trust/tools/understanding-clinical-studies；https://www.nhlbi.nih.gov/health-topics/study-quality-assessment-tools"
"plastic-surgery-11","plastic-surgery","设计与人机界面","原型版本、使用任务与失败反馈","evidence-skin","设计与人机界面：皮损评分、组织表现与患者感受怎样对应？","设计与人机界面：图像辅助判读如何在不同肤色与机构中保持可靠？","拍摄条件、分级意见与患者体验记录","本方向具体检查：保留照明、评分者和填答时点的差异。不要把「原型版本、使用任务与失败反馈」中不同条件直接合并。","拍摄条件、分级意见与患者体验记录的来源与比较条件记录，注明「设计与人机界面」的来源、课题版本、已查项与未决项。","https://www.nih.gov/about-nih/science-health-public-trust/tools/understanding-clinical-studies；https://www.nhlbi.nih.gov/health-topics/study-quality-assessment-tools"
"plastic-surgery-12","plastic-surgery","长期质量随访","入组范围、观察时间与未完成随访","survival","长期质量随访：皮损评分、组织表现与患者感受怎样对应？","长期质量随访：动态或多来源随访能否减少信息缺口，同时避免把记录更多误当成风险更高？","拍摄条件、分级意见与患者体验记录","本方向具体检查：保留照明、评分者和填答时点的差异。不要把「入组范围、观察时间与未完成随访」中不同条件直接合并。","观察窗口、失访去向与结局定义表，注明「长期质量随访」的来源、课题版本、已查项与未决项。","https://www.nih.gov/about-nih/science-health-public-trust/tools/understanding-clinical-studies；https://www.nhlbi.nih.gov/health-topics/study-quality-assessment-tools"
"obgyn-1","obgyn","生殖健康","研究对象、观察窗口与资料比较条件","subject-maternal","生殖健康：这两组处在同一发育阶段吗？","生殖健康：连续发育记录怎样区分年龄、环境与个体差异？","母婴或儿童索引、发育阶段与随访窗口","保留配对关系、年龄阶段与缺失随访","母婴或儿童索引、发育阶段与随访窗口的比较与解释记录","https://www.nih.gov/about-nih/science-health-public-trust/tools/understanding-clinical-studies；https://www.nhlbi.nih.gov/health-topics/study-quality-assessment-tools"
"obgyn-2","obgyn","妊娠结局","入组范围、观察时间与未完成随访","subject-maternal","妊娠结局：这两组处在同一发育阶段吗？","妊娠结局：连续发育记录怎样区分年龄、环境与个体差异？","母婴或儿童索引、发育阶段与随访窗口","保留配对关系、年龄阶段与缺失随访","母婴或儿童索引、发育阶段与随访窗口的比较与解释记录","https://www.nih.gov/about-nih/science-health-public-trust/tools/understanding-clinical-studies；https://www.nhlbi.nih.gov/health-topics/study-quality-assessment-tools"
"obgyn-3","obgyn","围产研究","研究对象、观察窗口与资料比较条件","subject-maternal","围产研究：这两组处在同一发育阶段吗？","围产研究：连续发育记录怎样区分年龄、环境与个体差异？","母婴或儿童索引、发育阶段与随访窗口","保留配对关系、年龄阶段与缺失随访","母婴或儿童索引、发育阶段与随访窗口的比较与解释记录","https://www.nih.gov/about-nih/science-health-public-trust/tools/understanding-clinical-studies；https://www.nhlbi.nih.gov/health-topics/study-quality-assessment-tools"
"obgyn-4","obgyn","妇科肿瘤","研究对象、观察窗口与资料比较条件","subject-maternal","妇科肿瘤：这两组处在同一发育阶段吗？","妇科肿瘤：连续发育记录怎样区分年龄、环境与个体差异？","母婴或儿童索引、发育阶段与随访窗口","保留配对关系、年龄阶段与缺失随访","母婴或儿童索引、发育阶段与随访窗口的比较与解释记录","https://www.nih.gov/about-nih/science-health-public-trust/tools/understanding-clinical-studies；https://www.nhlbi.nih.gov/health-topics/study-quality-assessment-tools"
"obgyn-5","obgyn","盆底功能","任务或测量条件、重复记录与时间","subject-maternal","盆底功能：这两组处在同一发育阶段吗？","盆底功能：连续发育记录怎样区分年龄、环境与个体差异？","母婴或儿童索引、发育阶段与随访窗口","保留配对关系、年龄阶段与缺失随访","母婴或儿童索引、发育阶段与随访窗口的比较与解释记录","https://www.nih.gov/about-nih/science-health-public-trust/tools/understanding-clinical-studies；https://www.nhlbi.nih.gov/health-topics/study-quality-assessment-tools"
"obgyn-6","obgyn","生殖内分泌","研究对象、观察窗口与资料比较条件","subject-maternal","生殖内分泌：这两组处在同一发育阶段吗？","生殖内分泌：连续发育记录怎样区分年龄、环境与个体差异？","母婴或儿童索引、发育阶段与随访窗口","保留配对关系、年龄阶段与缺失随访","母婴或儿童索引、发育阶段与随访窗口的比较与解释记录","https://www.nih.gov/about-nih/science-health-public-trust/tools/understanding-clinical-studies；https://www.nhlbi.nih.gov/health-topics/study-quality-assessment-tools"
"obgyn-7","obgyn","妇产影像","对象内重复、平台版本与图像质量","subject-maternal","妇产影像：这两组处在同一发育阶段吗？","妇产影像：连续发育记录怎样区分年龄、环境与个体差异？","母婴或儿童索引、发育阶段与随访窗口","保留配对关系、年龄阶段与缺失随访","母婴或儿童索引、发育阶段与随访窗口的比较与解释记录","https://www.nih.gov/about-nih/science-health-public-trust/tools/understanding-clinical-studies；https://www.nhlbi.nih.gov/health-topics/study-quality-assessment-tools"
"obgyn-8","obgyn","生命历程队列","入组范围、观察时间与未完成随访","subject-maternal","生命历程队列：这两组处在同一发育阶段吗？","生命历程队列：连续发育记录怎样区分年龄、环境与个体差异？","母婴或儿童索引、发育阶段与随访窗口","保留配对关系、年龄阶段与缺失随访","母婴或儿童索引、发育阶段与随访窗口的比较与解释记录","https://www.nih.gov/about-nih/science-health-public-trust/tools/understanding-clinical-studies；https://www.nhlbi.nih.gov/health-topics/study-quality-assessment-tools"
"obgyn-9","obgyn","孕产照护","研究对象、观察窗口与资料比较条件","subject-maternal","孕产照护：这两组处在同一发育阶段吗？","孕产照护：连续发育记录怎样区分年龄、环境与个体差异？","母婴或儿童索引、发育阶段与随访窗口","保留配对关系、年龄阶段与缺失随访","母婴或儿童索引、发育阶段与随访窗口的比较与解释记录","https://www.nih.gov/about-nih/science-health-public-trust/tools/understanding-clinical-studies；https://www.nhlbi.nih.gov/health-topics/study-quality-assessment-tools"
"obgyn-10","obgyn","患者报告结局","入组范围、观察时间与未完成随访","subject-maternal","患者报告结局：这两组处在同一发育阶段吗？","患者报告结局：连续发育记录怎样区分年龄、环境与个体差异？","母婴或儿童索引、发育阶段与随访窗口","保留配对关系、年龄阶段与缺失随访","母婴或儿童索引、发育阶段与随访窗口的比较与解释记录","https://www.nhlbi.nih.gov/health-topics/study-quality-assessment-tools"
"obgyn-11","obgyn","妇女健康公平","目标、执行层次与受益差异","subject-maternal","妇女健康公平：这两组处在同一发育阶段吗？","妇女健康公平：连续发育记录怎样区分年龄、环境与个体差异？","母婴或儿童索引、发育阶段与随访窗口","保留配对关系、年龄阶段与缺失随访","母婴或儿童索引、发育阶段与随访窗口的比较与解释记录","https://www.nih.gov/about-nih/science-health-public-trust/tools/understanding-clinical-studies；https://www.nhlbi.nih.gov/health-topics/study-quality-assessment-tools"
"obgyn-12","obgyn","妇产质量评价","研究对象、观察窗口与资料比较条件","subject-maternal","妇产质量评价：这两组处在同一发育阶段吗？","妇产质量评价：连续发育记录怎样区分年龄、环境与个体差异？","母婴或儿童索引、发育阶段与随访窗口","保留配对关系、年龄阶段与缺失随访","母婴或儿童索引、发育阶段与随访窗口的比较与解释记录","https://www.nih.gov/about-nih/science-health-public-trust/tools/understanding-clinical-studies；https://www.nhlbi.nih.gov/health-topics/study-quality-assessment-tools"
"pediatrics-1","pediatrics","儿童心血管","研究对象、观察窗口与资料比较条件","subject-maternal","儿童心血管：这两组处在同一发育阶段吗？","儿童心血管：连续发育记录怎样区分年龄、环境与个体差异？","母婴或儿童索引、发育阶段与随访窗口","保留配对关系、年龄阶段与缺失随访","母婴或儿童索引、发育阶段与随访窗口的比较与解释记录","https://www.nih.gov/about-nih/science-health-public-trust/tools/understanding-clinical-studies；https://www.nhlbi.nih.gov/health-topics/study-quality-assessment-tools"
"pediatrics-2","pediatrics","儿童呼吸","研究对象、观察窗口与资料比较条件","subject-maternal","儿童呼吸：这两组处在同一发育阶段吗？","儿童呼吸：连续发育记录怎样区分年龄、环境与个体差异？","母婴或儿童索引、发育阶段与随访窗口","保留配对关系、年龄阶段与缺失随访","母婴或儿童索引、发育阶段与随访窗口的比较与解释记录","https://www.nih.gov/about-nih/science-health-public-trust/tools/understanding-clinical-studies；https://www.nhlbi.nih.gov/health-topics/study-quality-assessment-tools"
"pediatrics-3","pediatrics","儿童神经","研究对象、观察窗口与资料比较条件","subject-maternal","儿童神经：这两组处在同一发育阶段吗？","儿童神经：连续发育记录怎样区分年龄、环境与个体差异？","母婴或儿童索引、发育阶段与随访窗口","保留配对关系、年龄阶段与缺失随访","母婴或儿童索引、发育阶段与随访窗口的比较与解释记录","https://www.nih.gov/about-nih/science-health-public-trust/tools/understanding-clinical-studies；https://www.nhlbi.nih.gov/health-topics/study-quality-assessment-tools"
"pediatrics-4","pediatrics","儿童内分泌","研究对象、观察窗口与资料比较条件","subject-maternal","儿童内分泌：这两组处在同一发育阶段吗？","儿童内分泌：连续发育记录怎样区分年龄、环境与个体差异？","母婴或儿童索引、发育阶段与随访窗口","保留配对关系、年龄阶段与缺失随访","母婴或儿童索引、发育阶段与随访窗口的比较与解释记录","https://www.nih.gov/about-nih/science-health-public-trust/tools/understanding-clinical-studies；https://www.nhlbi.nih.gov/health-topics/study-quality-assessment-tools"
"pediatrics-5","pediatrics","儿童肾脏","研究对象、观察窗口与资料比较条件","subject-maternal","儿童肾脏：这两组处在同一发育阶段吗？","儿童肾脏：连续发育记录怎样区分年龄、环境与个体差异？","母婴或儿童索引、发育阶段与随访窗口","保留配对关系、年龄阶段与缺失随访","母婴或儿童索引、发育阶段与随访窗口的比较与解释记录","https://www.nih.gov/about-nih/science-health-public-trust/tools/understanding-clinical-studies；https://www.nhlbi.nih.gov/health-topics/study-quality-assessment-tools"
"pediatrics-6","pediatrics","儿童血液","研究对象、观察窗口与资料比较条件","subject-maternal","儿童血液：这两组处在同一发育阶段吗？","儿童血液：连续发育记录怎样区分年龄、环境与个体差异？","母婴或儿童索引、发育阶段与随访窗口","保留配对关系、年龄阶段与缺失随访","母婴或儿童索引、发育阶段与随访窗口的比较与解释记录","https://www.nih.gov/about-nih/science-health-public-trust/tools/understanding-clinical-studies；https://www.nhlbi.nih.gov/health-topics/study-quality-assessment-tools"
"pediatrics-7","pediatrics","新生儿研究","研究对象、观察窗口与资料比较条件","subject-maternal","新生儿研究：这两组处在同一发育阶段吗？","新生儿研究：连续发育记录怎样区分年龄、环境与个体差异？","母婴或儿童索引、发育阶段与随访窗口","保留配对关系、年龄阶段与缺失随访","母婴或儿童索引、发育阶段与随访窗口的比较与解释记录","https://www.nih.gov/about-nih/science-health-public-trust/tools/understanding-clinical-studies；https://www.nhlbi.nih.gov/health-topics/study-quality-assessment-tools"
"pediatrics-8","pediatrics","儿童营养","阶段、生活条件与功能或体验变化","subject-maternal","儿童营养：这两组处在同一发育阶段吗？","儿童营养：连续发育记录怎样区分年龄、环境与个体差异？","母婴或儿童索引、发育阶段与随访窗口","保留配对关系、年龄阶段与缺失随访","母婴或儿童索引、发育阶段与随访窗口的比较与解释记录","https://www.nih.gov/about-nih/science-health-public-trust/tools/understanding-clinical-studies；https://www.nhlbi.nih.gov/health-topics/study-quality-assessment-tools"
"pediatrics-9","pediatrics","儿童发育","阶段、生活条件与功能或体验变化","subject-maternal","儿童发育：这两组处在同一发育阶段吗？","儿童发育：连续发育记录怎样区分年龄、环境与个体差异？","母婴或儿童索引、发育阶段与随访窗口","保留配对关系、年龄阶段与缺失随访","母婴或儿童索引、发育阶段与随访窗口的比较与解释记录","https://openstax.org/books/anatomy-and-physiology-2e/pages/preface"
"pediatrics-10","pediatrics","儿童遗传","对象关系、参考版本与变异解释","subject-maternal","儿童遗传：这两组处在同一发育阶段吗？","儿童遗传：连续发育记录怎样区分年龄、环境与个体差异？","母婴或儿童索引、发育阶段与随访窗口","保留配对关系、年龄阶段与缺失随访","母婴或儿童索引、发育阶段与随访窗口的比较与解释记录","https://www.stat.tsinghua.edu.cn/kxyj/kylyy.htm；https://www.nhlbi.nih.gov/health-topics/study-quality-assessment-tools"
"pediatrics-11","pediatrics","儿童影像","对象内重复、平台版本与图像质量","subject-maternal","儿童影像：这两组处在同一发育阶段吗？","儿童影像：连续发育记录怎样区分年龄、环境与个体差异？","母婴或儿童索引、发育阶段与随访窗口","保留配对关系、年龄阶段与缺失随访","母婴或儿童索引、发育阶段与随访窗口的比较与解释记录","https://www.nih.gov/about-nih/science-health-public-trust/tools/understanding-clinical-studies；https://www.nhlbi.nih.gov/health-topics/study-quality-assessment-tools"
"pediatrics-12","pediatrics","儿童长期随访","入组范围、观察时间与未完成随访","subject-maternal","儿童长期随访：这两组处在同一发育阶段吗？","儿童长期随访：连续发育记录怎样区分年龄、环境与个体差异？","母婴或儿童索引、发育阶段与随访窗口","保留配对关系、年龄阶段与缺失随访","母婴或儿童索引、发育阶段与随访窗口的比较与解释记录","https://www.nih.gov/about-nih/science-health-public-trust/tools/understanding-clinical-studies；https://www.nhlbi.nih.gov/health-topics/study-quality-assessment-tools"
"ophthalmology-1","ophthalmology","视网膜研究","研究对象、观察窗口与资料比较条件","vision-function","视网膜研究：感官阈值与真实生活中的交流能力有什么区别？","视网膜研究：新的视觉评价能否在光照、任务和人群变化中保留实际功能解释？","功能测试条件、侧别与重复评估记录","本方向具体检查：把侧别与个体对应，核对测试环境。不要把「研究对象、观察窗口与资料比较条件」中不同条件直接合并。","测试条件、视功能与日常任务对照页，注明「视网膜研究」的来源、课题版本、已查项与未决项。","https://www.nih.gov/about-nih/science-health-public-trust/tools/understanding-clinical-studies；https://www.nhlbi.nih.gov/health-topics/study-quality-assessment-tools"
"ophthalmology-2","ophthalmology","青光眼研究","研究对象、观察窗口与资料比较条件","vision-function","青光眼研究：感官阈值与真实生活中的交流能力有什么区别？","青光眼研究：新的视觉评价能否在光照、任务和人群变化中保留实际功能解释？","功能测试条件、侧别与重复评估记录","本方向具体检查：把侧别与个体对应，核对测试环境。不要把「研究对象、观察窗口与资料比较条件」中不同条件直接合并。","测试条件、视功能与日常任务对照页，注明「青光眼研究」的来源、课题版本、已查项与未决项。","https://www.nih.gov/about-nih/science-health-public-trust/tools/understanding-clinical-studies；https://www.nhlbi.nih.gov/health-topics/study-quality-assessment-tools"
"ophthalmology-3","ophthalmology","角膜研究","研究对象、观察窗口与资料比较条件","vision-function","角膜研究：感官阈值与真实生活中的交流能力有什么区别？","角膜研究：新的视觉评价能否在光照、任务和人群变化中保留实际功能解释？","功能测试条件、侧别与重复评估记录","本方向具体检查：把侧别与个体对应，核对测试环境。不要把「研究对象、观察窗口与资料比较条件」中不同条件直接合并。","测试条件、视功能与日常任务对照页，注明「角膜研究」的来源、课题版本、已查项与未决项。","https://www.nih.gov/about-nih/science-health-public-trust/tools/understanding-clinical-studies；https://www.nhlbi.nih.gov/health-topics/study-quality-assessment-tools"
"ophthalmology-4","ophthalmology","白内障结局","入组范围、观察时间与未完成随访","survival","白内障结局：感官阈值与真实生活中的交流能力有什么区别？","白内障结局：动态或多来源随访能否减少信息缺口，同时避免把记录更多误当成风险更高？","功能测试条件、侧别与重复评估记录","本方向具体检查：把侧别与个体对应，核对测试环境。不要把「入组范围、观察时间与未完成随访」中不同条件直接合并。","观察窗口、失访去向与结局定义表，注明「白内障结局」的来源、课题版本、已查项与未决项。","https://www.nih.gov/about-nih/science-health-public-trust/tools/understanding-clinical-studies；https://www.nhlbi.nih.gov/health-topics/study-quality-assessment-tools"
"ophthalmology-5","ophthalmology","视觉功能","任务或测量条件、重复记录与时间","rehab","视觉功能：感官阈值与真实生活中的交流能力有什么区别？","视觉功能：个体化或辅助技术能否把表现改善转成可持续的生活参与？","功能测试条件、侧别与重复评估记录","本方向具体检查：把侧别与个体对应，核对测试环境。不要把「任务或测量条件、重复记录与时间」中不同条件直接合并。","任务条件、阶段与日常功能对照页，注明「视觉功能」的来源、课题版本、已查项与未决项。","https://www.nih.gov/about-nih/science-health-public-trust/tools/understanding-clinical-studies；https://www.nhlbi.nih.gov/health-topics/study-quality-assessment-tools"
"ophthalmology-6","ophthalmology","近视与屈光","研究对象、观察窗口与资料比较条件","vision-function","近视与屈光：感官阈值与真实生活中的交流能力有什么区别？","近视与屈光：新的视觉评价能否在光照、任务和人群变化中保留实际功能解释？","功能测试条件、侧别与重复评估记录","本方向具体检查：把侧别与个体对应，核对测试环境。不要把「研究对象、观察窗口与资料比较条件」中不同条件直接合并。","测试条件、视功能与日常任务对照页，注明「近视与屈光」的来源、课题版本、已查项与未决项。","https://www.nih.gov/about-nih/science-health-public-trust/tools/understanding-clinical-studies；https://www.nhlbi.nih.gov/health-topics/study-quality-assessment-tools"
"ophthalmology-7","ophthalmology","眼科影像","对象内重复、平台版本与图像质量","clinical-imaging","眼科影像：多张图像为什么不等于多位独立患者？","眼科影像：跨机构评价能否保留个体独立性，并区分图像性能与患者结局？","设备平台、读者判断与个体索引","本方向具体检查：按个体划分记录，保留平台版本和读者分歧。不要把「对象内重复、平台版本与图像质量」中不同条件直接合并。","个体、平台版本与判读分歧索引，注明「眼科影像」的来源、课题版本、已查项与未决项。","https://www.nih.gov/about-nih/science-health-public-trust/tools/understanding-clinical-studies；https://www.nhlbi.nih.gov/health-topics/study-quality-assessment-tools"
"ophthalmology-8","ophthalmology","眼科遗传","对象关系、参考版本与变异解释","genetics","眼科遗传：遗传关联为何不能独立说明某条分子机制？","眼科遗传：多来源证据能否缩小候选解释，同时保留群体与模型的边界？","变异标识、效应等位基因与祖源构成","本方向具体检查：对齐等位基因、效应方向和研究人群，区分关联与机制。不要把「对象关系、参考版本与变异解释」中不同条件直接合并。","参考版本、对象关系与证据层级表，注明「眼科遗传」的来源、课题版本、已查项与未决项。","https://www.stat.tsinghua.edu.cn/kxyj/kylyy.htm；https://www.nhlbi.nih.gov/health-topics/study-quality-assessment-tools"
"ophthalmology-9","ophthalmology","眼表研究","研究对象、观察窗口与资料比较条件","vision-function","眼表研究：感官阈值与真实生活中的交流能力有什么区别？","眼表研究：新的视觉评价能否在光照、任务和人群变化中保留实际功能解释？","功能测试条件、侧别与重复评估记录","本方向具体检查：把侧别与个体对应，核对测试环境。不要把「研究对象、观察窗口与资料比较条件」中不同条件直接合并。","测试条件、视功能与日常任务对照页，注明「眼表研究」的来源、课题版本、已查项与未决项。","https://www.nih.gov/about-nih/science-health-public-trust/tools/understanding-clinical-studies；https://www.nhlbi.nih.gov/health-topics/study-quality-assessment-tools"
"ophthalmology-10","ophthalmology","低视力康复","阶段、生活条件与功能或体验变化","rehab","低视力康复：感官阈值与真实生活中的交流能力有什么区别？","低视力康复：个体化或辅助技术能否把表现改善转成可持续的生活参与？","功能测试条件、侧别与重复评估记录","本方向具体检查：把侧别与个体对应，核对测试环境。不要把「阶段、生活条件与功能或体验变化」中不同条件直接合并。","任务条件、阶段与日常功能对照页，注明「低视力康复」的来源、课题版本、已查项与未决项。","https://www.nih.gov/about-nih/science-health-public-trust/tools/understanding-clinical-studies；https://www.nhlbi.nih.gov/health-topics/study-quality-assessment-tools"
"ophthalmology-11","ophthalmology","视觉心理物理","研究对象、观察窗口与资料比较条件","evidence-psychology","视觉心理物理：任务表现差异如何与心理构念建立联系？","视觉心理物理：自然场景的数字记录怎样验证可迁移的心理测量？","任务说明、构念定义与被试反应记录","本方向具体检查：核对任务操纵与测量含义，保留练习顺序。不要把「研究对象、观察窗口与资料比较条件」中不同条件直接合并。","任务说明、构念定义与被试反应记录的来源与比较条件记录，注明「视觉心理物理」的来源、课题版本、已查项与未决项。","https://cter.bnu.edu.cn/docs/2024-05/e0d9749ec02e425eb45aa96fefdadc2a.pdf；https://www.nhlbi.nih.gov/health-topics/study-quality-assessment-tools"
"ophthalmology-12","ophthalmology","眼科器械评价","原型版本、使用任务与失败反馈","evidence-sensory","眼科器械评价：感官阈值与真实生活中的交流能力有什么区别？","眼科器械评价：自然场景测量怎样描绘个体的感官适应与困难？","功能测试条件、侧别与重复评估记录","本方向具体检查：把侧别与个体对应，核对测试环境。不要把「原型版本、使用任务与失败反馈」中不同条件直接合并。","功能测试条件、侧别与重复评估记录的来源与比较条件记录，注明「眼科器械评价」的来源、课题版本、已查项与未决项。","https://www.nih.gov/about-nih/science-health-public-trust/tools/understanding-clinical-studies；https://www.nhlbi.nih.gov/health-topics/study-quality-assessment-tools"
"ent-1","ent","听觉科学","研究对象、观察窗口与资料比较条件","hearing","听觉科学：测量准确度与器械实际使用表现为什么需要分开？","听觉科学：多情境感知评价能否区分测试表现与实际交流，并保留学习与设备因素？","使用任务、设备版本与技术评价记录","本方向具体检查：区分设备测量性能、使用反馈与临床结局。不要把「研究对象、观察窗口与资料比较条件」中不同条件直接合并。","任务条件、感知指标与交流体验表，注明「听觉科学」的来源、课题版本、已查项与未决项。","https://www.nih.gov/about-nih/science-health-public-trust/tools/understanding-clinical-studies；https://www.nhlbi.nih.gov/health-topics/study-quality-assessment-tools"
"ent-2","ent","前庭功能","任务或测量条件、重复记录与时间","rehab","前庭功能：测量准确度与器械实际使用表现为什么需要分开？","前庭功能：个体化或辅助技术能否把表现改善转成可持续的生活参与？","使用任务、设备版本与技术评价记录","本方向具体检查：区分设备测量性能、使用反馈与临床结局。不要把「任务或测量条件、重复记录与时间」中不同条件直接合并。","任务条件、阶段与日常功能对照页，注明「前庭功能」的来源、课题版本、已查项与未决项。","https://www.nih.gov/about-nih/science-health-public-trust/tools/understanding-clinical-studies；https://www.nhlbi.nih.gov/health-topics/study-quality-assessment-tools"
"ent-3","ent","耳科影像","对象内重复、平台版本与图像质量","clinical-imaging","耳科影像：多张图像为什么不等于多位独立患者？","耳科影像：跨机构评价能否保留个体独立性，并区分图像性能与患者结局？","设备平台、读者判断与个体索引","本方向具体检查：按个体划分记录，保留平台版本和读者分歧。不要把「对象内重复、平台版本与图像质量」中不同条件直接合并。","个体、平台版本与判读分歧索引，注明「耳科影像」的来源、课题版本、已查项与未决项。","https://www.nih.gov/about-nih/science-health-public-trust/tools/understanding-clinical-studies；https://www.nhlbi.nih.gov/health-topics/study-quality-assessment-tools"
"ent-4","ent","鼻部疾病研究","研究对象、观察窗口与资料比较条件","evidence-sensory","鼻部疾病研究：感官阈值与真实生活中的交流能力有什么区别？","鼻部疾病研究：自然场景测量怎样描绘个体的感官适应与困难？","功能测试条件、侧别与重复评估记录","本方向具体检查：把侧别与个体对应，核对测试环境。不要把「研究对象、观察窗口与资料比较条件」中不同条件直接合并。","功能测试条件、侧别与重复评估记录的来源与比较条件记录，注明「鼻部疾病研究」的来源、课题版本、已查项与未决项。","https://www.nih.gov/about-nih/science-health-public-trust/tools/understanding-clinical-studies；https://www.nhlbi.nih.gov/health-topics/study-quality-assessment-tools"
"ent-5","ent","嗅觉研究","研究对象、观察窗口与资料比较条件","hearing","嗅觉研究：测量准确度与器械实际使用表现为什么需要分开？","嗅觉研究：多情境感知评价能否区分测试表现与实际交流，并保留学习与设备因素？","使用任务、设备版本与技术评价记录","本方向具体检查：区分设备测量性能、使用反馈与临床结局。不要把「研究对象、观察窗口与资料比较条件」中不同条件直接合并。","任务条件、感知指标与交流体验表，注明「嗅觉研究」的来源、课题版本、已查项与未决项。","https://www.nih.gov/about-nih/science-health-public-trust/tools/understanding-clinical-studies；https://www.nhlbi.nih.gov/health-topics/study-quality-assessment-tools"
"ent-6","ent","咽喉功能","任务或测量条件、重复记录与时间","rehab","咽喉功能：感官阈值与真实生活中的交流能力有什么区别？","咽喉功能：个体化或辅助技术能否把表现改善转成可持续的生活参与？","功能测试条件、侧别与重复评估记录","本方向具体检查：把侧别与个体对应，核对测试环境。不要把「任务或测量条件、重复记录与时间」中不同条件直接合并。","任务条件、阶段与日常功能对照页，注明「咽喉功能」的来源、课题版本、已查项与未决项。","https://www.nih.gov/about-nih/science-health-public-trust/tools/understanding-clinical-studies；https://www.nhlbi.nih.gov/health-topics/study-quality-assessment-tools"
"ent-7","ent","声音与言语","研究对象、观察窗口与资料比较条件","hearing","声音与言语：测量准确度与器械实际使用表现为什么需要分开？","声音与言语：多情境感知评价能否区分测试表现与实际交流，并保留学习与设备因素？","使用任务、设备版本与技术评价记录","本方向具体检查：区分设备测量性能、使用反馈与临床结局。不要把「研究对象、观察窗口与资料比较条件」中不同条件直接合并。","任务条件、感知指标与交流体验表，注明「声音与言语」的来源、课题版本、已查项与未决项。","https://www.nih.gov/about-nih/science-health-public-trust/tools/understanding-clinical-studies；https://www.nhlbi.nih.gov/health-topics/study-quality-assessment-tools"
"ent-8","ent","头颈肿瘤","研究对象、观察窗口与资料比较条件","tumor","头颈肿瘤：影像缩小、分子变化与长期生存为什么需要分别评价？","头颈肿瘤：多来源肿瘤资料能否保留异质性、失访和独立评估，而不只改善内部分类？","分期版本、随访截止与后续处置记录","本方向具体检查：区分结局定义、随访时长与后续处理。不要把「研究对象、观察窗口与资料比较条件」中不同条件直接合并。","对象进入、分型与患者结局窗口表，注明「头颈肿瘤」的来源、课题版本、已查项与未决项。","https://www.nih.gov/about-nih/science-health-public-trust/tools/understanding-clinical-studies；https://www.nhlbi.nih.gov/health-topics/study-quality-assessment-tools"
"ent-9","ent","睡眠与气道","研究对象、观察窗口与资料比较条件","airway","睡眠与气道：肺功能、症状与活动受限如何分别刻画？","睡眠与气道：多时段功能评价能否解释症状与指标不一致，并保留生活情境？","肺功能版本、症状记录与复查日期","本方向具体检查：分开仪器版本与观察窗口，再核对失访。不要把「研究对象、观察窗口与资料比较条件」中不同条件直接合并。","测量状态、症状窗口与功能分型表，注明「睡眠与气道」的来源、课题版本、已查项与未决项。","https://www.nih.gov/about-nih/science-health-public-trust/tools/understanding-clinical-studies；https://www.nhlbi.nih.gov/health-topics/study-quality-assessment-tools"
"ent-10","ent","听觉康复","阶段、生活条件与功能或体验变化","rehab","听觉康复：测量准确度与器械实际使用表现为什么需要分开？","听觉康复：个体化或辅助技术能否把表现改善转成可持续的生活参与？","使用任务、设备版本与技术评价记录","本方向具体检查：区分设备测量性能、使用反馈与临床结局。不要把「阶段、生活条件与功能或体验变化」中不同条件直接合并。","任务条件、阶段与日常功能对照页，注明「听觉康复」的来源、课题版本、已查项与未决项。","https://www.nih.gov/about-nih/science-health-public-trust/tools/understanding-clinical-studies；https://www.nhlbi.nih.gov/health-topics/study-quality-assessment-tools"
"ent-11","ent","听觉设备评价","原型版本、使用任务与失败反馈","hearing","听觉设备评价：测量准确度与器械实际使用表现为什么需要分开？","听觉设备评价：多情境感知评价能否区分测试表现与实际交流，并保留学习与设备因素？","使用任务、设备版本与技术评价记录","本方向具体检查：区分设备测量性能、使用反馈与临床结局。不要把「原型版本、使用任务与失败反馈」中不同条件直接合并。","任务条件、感知指标与交流体验表，注明「听觉设备评价」的来源、课题版本、已查项与未决项。","https://www.nih.gov/about-nih/science-health-public-trust/tools/understanding-clinical-studies；https://www.nhlbi.nih.gov/health-topics/study-quality-assessment-tools"
"ent-12","ent","患者报告结局","入组范围、观察时间与未完成随访","survival","患者报告结局：同一量表在两类人群里测到的是同一个构念吗？","患者报告结局：动态或多来源随访能否减少信息缺口，同时避免把记录更多误当成风险更高？","条目版本、填答者与缺失条目","本方向具体检查：先确认量表含义和适用对象，再比较总分。不要把「入组范围、观察时间与未完成随访」中不同条件直接合并。","观察窗口、失访去向与结局定义表，注明「患者报告结局」的来源、课题版本、已查项与未决项。","https://www.nhlbi.nih.gov/health-topics/study-quality-assessment-tools"
"dermatology-1","dermatology","炎症性皮肤病","研究对象、观察窗口与资料比较条件","skin","炎症性皮肤病：皮损评分、组织表现与患者感受怎样对应？","炎症性皮肤病：连续或多维评价能否保留形态、功能和生活体验之间的不一致？","拍摄条件、分级意见与患者体验记录","本方向具体检查：保留照明、评分者和填答时点的差异。不要把「研究对象、观察窗口与资料比较条件」中不同条件直接合并。","观察条件、形态评价与功能体验页，注明「炎症性皮肤病」的来源、课题版本、已查项与未决项。","https://www.nih.gov/about-nih/science-health-public-trust/tools/understanding-clinical-studies；https://www.nhlbi.nih.gov/health-topics/study-quality-assessment-tools"
"dermatology-2","dermatology","皮肤免疫","资料来源、批次与模型范围","skin","皮肤免疫：皮损评分、组织表现与患者感受怎样对应？","皮肤免疫：连续或多维评价能否保留形态、功能和生活体验之间的不一致？","拍摄条件、分级意见与患者体验记录","本方向具体检查：保留照明、评分者和填答时点的差异。不要把「资料来源、批次与模型范围」中不同条件直接合并。","观察条件、形态评价与功能体验页，注明「皮肤免疫」的来源、课题版本、已查项与未决项。","https://www.nih.gov/about-nih/science-health-public-trust/tools/understanding-clinical-studies；https://www.nhlbi.nih.gov/health-topics/study-quality-assessment-tools"
"dermatology-3","dermatology","皮肤肿瘤","研究对象、观察窗口与资料比较条件","skin","皮肤肿瘤：皮损评分、组织表现与患者感受怎样对应？","皮肤肿瘤：连续或多维评价能否保留形态、功能和生活体验之间的不一致？","拍摄条件、分级意见与患者体验记录","本方向具体检查：保留照明、评分者和填答时点的差异。不要把「研究对象、观察窗口与资料比较条件」中不同条件直接合并。","观察条件、形态评价与功能体验页，注明「皮肤肿瘤」的来源、课题版本、已查项与未决项。","https://www.nih.gov/about-nih/science-health-public-trust/tools/understanding-clinical-studies；https://www.nhlbi.nih.gov/health-topics/study-quality-assessment-tools"
"dermatology-4","dermatology","皮肤影像","对象内重复、平台版本与图像质量","clinical-imaging","皮肤影像：皮损评分、组织表现与患者感受怎样对应？","皮肤影像：跨机构评价能否保留个体独立性，并区分图像性能与患者结局？","拍摄条件、分级意见与患者体验记录","本方向具体检查：保留照明、评分者和填答时点的差异。不要把「对象内重复、平台版本与图像质量」中不同条件直接合并。","个体、平台版本与判读分歧索引，注明「皮肤影像」的来源、课题版本、已查项与未决项。","https://www.nih.gov/about-nih/science-health-public-trust/tools/understanding-clinical-studies；https://www.nhlbi.nih.gov/health-topics/study-quality-assessment-tools"
"dermatology-5","dermatology","皮肤遗传","对象关系、参考版本与变异解释","genetics","皮肤遗传：皮损评分、组织表现与患者感受怎样对应？","皮肤遗传：多来源证据能否缩小候选解释，同时保留群体与模型的边界？","拍摄条件、分级意见与患者体验记录","本方向具体检查：保留照明、评分者和填答时点的差异。不要把「对象关系、参考版本与变异解释」中不同条件直接合并。","参考版本、对象关系与证据层级表，注明「皮肤遗传」的来源、课题版本、已查项与未决项。","https://www.nih.gov/about-nih/science-health-public-trust/tools/understanding-clinical-studies；https://www.nhlbi.nih.gov/health-topics/study-quality-assessment-tools"
"dermatology-6","dermatology","皮肤屏障","研究对象、观察窗口与资料比较条件","skin","皮肤屏障：皮损评分、组织表现与患者感受怎样对应？","皮肤屏障：连续或多维评价能否保留形态、功能和生活体验之间的不一致？","拍摄条件、分级意见与患者体验记录","本方向具体检查：保留照明、评分者和填答时点的差异。不要把「研究对象、观察窗口与资料比较条件」中不同条件直接合并。","观察条件、形态评价与功能体验页，注明「皮肤屏障」的来源、课题版本、已查项与未决项。","https://www.nih.gov/about-nih/science-health-public-trust/tools/understanding-clinical-studies；https://www.nhlbi.nih.gov/health-topics/study-quality-assessment-tools"
"dermatology-7","dermatology","毛发研究","研究对象、观察窗口与资料比较条件","skin","毛发研究：皮损评分、组织表现与患者感受怎样对应？","毛发研究：连续或多维评价能否保留形态、功能和生活体验之间的不一致？","拍摄条件、分级意见与患者体验记录","本方向具体检查：保留照明、评分者和填答时点的差异。不要把「研究对象、观察窗口与资料比较条件」中不同条件直接合并。","观察条件、形态评价与功能体验页，注明「毛发研究」的来源、课题版本、已查项与未决项。","https://www.nih.gov/about-nih/science-health-public-trust/tools/understanding-clinical-studies；https://www.nhlbi.nih.gov/health-topics/study-quality-assessment-tools"
"dermatology-8","dermatology","皮肤量表","测量含义、填答者与时间窗口","scale","皮肤量表：皮损评分、组织表现与患者感受怎样对应？","皮肤量表：跨人群测量能否保持构念含义，而不只是总分相关？","拍摄条件、分级意见与患者体验记录","本方向具体检查：保留照明、评分者和填答时点的差异。不要把「测量含义、填答者与时间窗口」中不同条件直接合并。","条目版本、填答者与缺失项说明，注明「皮肤量表」的来源、课题版本、已查项与未决项。","https://www.nih.gov/about-nih/science-health-public-trust/tools/understanding-clinical-studies；https://www.nhlbi.nih.gov/health-topics/study-quality-assessment-tools"
"dermatology-9","dermatology","光与皮肤","研究对象、观察窗口与资料比较条件","skin","光与皮肤：皮损评分、组织表现与患者感受怎样对应？","光与皮肤：连续或多维评价能否保留形态、功能和生活体验之间的不一致？","拍摄条件、分级意见与患者体验记录","本方向具体检查：保留照明、评分者和填答时点的差异。不要把「研究对象、观察窗口与资料比较条件」中不同条件直接合并。","观察条件、形态评价与功能体验页，注明「光与皮肤」的来源、课题版本、已查项与未决项。","https://www.nih.gov/about-nih/science-health-public-trust/tools/understanding-clinical-studies；https://www.nhlbi.nih.gov/health-topics/study-quality-assessment-tools"
"dermatology-10","dermatology","创面结局","入组范围、观察时间与未完成随访","survival","创面结局：皮损评分、组织表现与患者感受怎样对应？","创面结局：动态或多来源随访能否减少信息缺口，同时避免把记录更多误当成风险更高？","拍摄条件、分级意见与患者体验记录","本方向具体检查：保留照明、评分者和填答时点的差异。不要把「入组范围、观察时间与未完成随访」中不同条件直接合并。","观察窗口、失访去向与结局定义表，注明「创面结局」的来源、课题版本、已查项与未决项。","https://www.nih.gov/about-nih/science-health-public-trust/tools/understanding-clinical-studies；https://www.nhlbi.nih.gov/health-topics/study-quality-assessment-tools"
"dermatology-11","dermatology","生活质量","测量含义、填答者与时间窗口","scale","生活质量：皮损评分、组织表现与患者感受怎样对应？","生活质量：跨人群测量能否保持构念含义，而不只是总分相关？","拍摄条件、分级意见与患者体验记录","本方向具体检查：保留照明、评分者和填答时点的差异。不要把「测量含义、填答者与时间窗口」中不同条件直接合并。","条目版本、填答者与缺失项说明，注明「生活质量」的来源、课题版本、已查项与未决项。","https://www.nih.gov/about-nih/science-health-public-trust/tools/understanding-clinical-studies；https://www.nhlbi.nih.gov/health-topics/study-quality-assessment-tools"
"dermatology-12","dermatology","皮肤疾病队列","入组范围、观察时间与未完成随访","survival","皮肤疾病队列：皮损评分、组织表现与患者感受怎样对应？","皮肤疾病队列：动态或多来源随访能否减少信息缺口，同时避免把记录更多误当成风险更高？","拍摄条件、分级意见与患者体验记录","本方向具体检查：保留照明、评分者和填答时点的差异。不要把「入组范围、观察时间与未完成随访」中不同条件直接合并。","观察窗口、失访去向与结局定义表，注明「皮肤疾病队列」的来源、课题版本、已查项与未决项。","https://www.nih.gov/about-nih/science-health-public-trust/tools/understanding-clinical-studies；https://www.nhlbi.nih.gov/health-topics/study-quality-assessment-tools"
"oncology-1","oncology","肿瘤结局","入组范围、观察时间与未完成随访","subject-oncology","肿瘤结局：指标变化与长期结局是否来自同一观察窗口？","肿瘤结局：多来源分层资料怎样检验迁移并保留人群限制？","入组条件、分层记录与结局时间轴","区分反应指标、持续时间与患者相关结局","入组条件、分层记录与结局时间轴的比较与解释记录","https://www.nih.gov/about-nih/science-health-public-trust/tools/understanding-clinical-studies；https://www.nhlbi.nih.gov/health-topics/study-quality-assessment-tools"
"oncology-2","oncology","肿瘤遗传","对象关系、参考版本与变异解释","subject-oncology","肿瘤遗传：指标变化与长期结局是否来自同一观察窗口？","肿瘤遗传：多来源分层资料怎样检验迁移并保留人群限制？","入组条件、分层记录与结局时间轴","区分反应指标、持续时间与患者相关结局","入组条件、分层记录与结局时间轴的比较与解释记录","https://www.stat.tsinghua.edu.cn/kxyj/kylyy.htm；https://www.nhlbi.nih.gov/health-topics/study-quality-assessment-tools"
"oncology-3","oncology","肿瘤影像","对象内重复、平台版本与图像质量","subject-oncology","肿瘤影像：指标变化与长期结局是否来自同一观察窗口？","肿瘤影像：多来源分层资料怎样检验迁移并保留人群限制？","入组条件、分层记录与结局时间轴","区分反应指标、持续时间与患者相关结局","入组条件、分层记录与结局时间轴的比较与解释记录","https://www.nih.gov/about-nih/science-health-public-trust/tools/understanding-clinical-studies；https://www.nhlbi.nih.gov/health-topics/study-quality-assessment-tools"
"oncology-4","oncology","肿瘤微环境","研究对象、观察窗口与资料比较条件","subject-oncology","肿瘤微环境：指标变化与长期结局是否来自同一观察窗口？","肿瘤微环境：多来源分层资料怎样检验迁移并保留人群限制？","入组条件、分层记录与结局时间轴","区分反应指标、持续时间与患者相关结局","入组条件、分层记录与结局时间轴的比较与解释记录","https://www.nih.gov/about-nih/science-health-public-trust/tools/understanding-clinical-studies；https://www.nhlbi.nih.gov/health-topics/study-quality-assessment-tools"
"oncology-5","oncology","肿瘤代谢","研究对象、观察窗口与资料比较条件","subject-oncology","肿瘤代谢：指标变化与长期结局是否来自同一观察窗口？","肿瘤代谢：多来源分层资料怎样检验迁移并保留人群限制？","入组条件、分层记录与结局时间轴","区分反应指标、持续时间与患者相关结局","入组条件、分层记录与结局时间轴的比较与解释记录","https://www.nih.gov/about-nih/science-health-public-trust/tools/understanding-clinical-studies；https://www.nhlbi.nih.gov/health-topics/study-quality-assessment-tools"
"oncology-6","oncology","肿瘤免疫","资料来源、批次与模型范围","subject-oncology","肿瘤免疫：指标变化与长期结局是否来自同一观察窗口？","肿瘤免疫：多来源分层资料怎样检验迁移并保留人群限制？","入组条件、分层记录与结局时间轴","区分反应指标、持续时间与患者相关结局","入组条件、分层记录与结局时间轴的比较与解释记录","https://www.nih.gov/about-nih/science-health-public-trust/tools/understanding-clinical-studies；https://www.nhlbi.nih.gov/health-topics/study-quality-assessment-tools"
"oncology-7","oncology","肿瘤病理","测量口径、平台或读者差异","subject-oncology","肿瘤病理：指标变化与长期结局是否来自同一观察窗口？","肿瘤病理：多来源分层资料怎样检验迁移并保留人群限制？","入组条件、分层记录与结局时间轴","区分反应指标、持续时间与患者相关结局","入组条件、分层记录与结局时间轴的比较与解释记录","https://www.nih.gov/about-nih/science-health-public-trust/tools/understanding-clinical-studies；https://www.nhlbi.nih.gov/health-topics/study-quality-assessment-tools"
"oncology-8","oncology","生存质量","入组范围、观察时间与未完成随访","survival","生存质量：影像缩小、分子变化与长期生存为什么需要分别评价？","生存质量：动态或多来源随访能否减少信息缺口，同时避免把记录更多误当成风险更高？","分期版本、随访截止与后续处置记录","本方向具体检查：区分结局定义、随访时长与后续处理。不要把「入组范围、观察时间与未完成随访」中不同条件直接合并。","观察窗口、失访去向与结局定义表，注明「生存质量」的来源、课题版本、已查项与未决项。","https://www.nih.gov/about-nih/science-health-public-trust/tools/understanding-clinical-studies；https://www.nhlbi.nih.gov/health-topics/study-quality-assessment-tools"
"oncology-9","oncology","癌症登记","入组范围、观察时间与未完成随访","subject-oncology","癌症登记：指标变化与长期结局是否来自同一观察窗口？","癌症登记：多来源分层资料怎样检验迁移并保留人群限制？","入组条件、分层记录与结局时间轴","区分反应指标、持续时间与患者相关结局","入组条件、分层记录与结局时间轴的比较与解释记录","https://www.nih.gov/about-nih/science-health-public-trust/tools/understanding-clinical-studies；https://www.nhlbi.nih.gov/health-topics/study-quality-assessment-tools"
"oncology-10","oncology","肿瘤康复","阶段、生活条件与功能或体验变化","subject-oncology","肿瘤康复：指标变化与长期结局是否来自同一观察窗口？","肿瘤康复：多来源分层资料怎样检验迁移并保留人群限制？","入组条件、分层记录与结局时间轴","区分反应指标、持续时间与患者相关结局","入组条件、分层记录与结局时间轴的比较与解释记录","https://www.nih.gov/about-nih/science-health-public-trust/tools/understanding-clinical-studies；https://www.nhlbi.nih.gov/health-topics/study-quality-assessment-tools"
"oncology-11","oncology","肿瘤资料整合","来源、批次与独立对象","subject-oncology","肿瘤资料整合：指标变化与长期结局是否来自同一观察窗口？","肿瘤资料整合：多来源分层资料怎样检验迁移并保留人群限制？","入组条件、分层记录与结局时间轴","区分反应指标、持续时间与患者相关结局","入组条件、分层记录与结局时间轴的比较与解释记录","https://www.nih.gov/about-nih/science-health-public-trust/tools/understanding-clinical-studies；https://www.nhlbi.nih.gov/health-topics/study-quality-assessment-tools"
"oncology-12","oncology","长期随访","入组范围、观察时间与未完成随访","survival","长期随访：影像缩小、分子变化与长期生存为什么需要分别评价？","长期随访：动态或多来源随访能否减少信息缺口，同时避免把记录更多误当成风险更高？","分期版本、随访截止与后续处置记录","本方向具体检查：区分结局定义、随访时长与后续处理。不要把「入组范围、观察时间与未完成随访」中不同条件直接合并。","观察窗口、失访去向与结局定义表，注明「长期随访」的来源、课题版本、已查项与未决项。","https://www.nih.gov/about-nih/science-health-public-trust/tools/understanding-clinical-studies；https://www.nhlbi.nih.gov/health-topics/study-quality-assessment-tools"
"emergency-1","emergency","急诊流程","研究对象、观察窗口与资料比较条件","emergency","急诊流程：手术技术指标与患者恢复为什么不能只用一个分数评价？","急诊流程：动态流程评价能否同时解释需求、资源与患者相关结局？","过程记录、处置时间轴与结局定义","本方向具体检查：区分术前状态、过程环节与术后观察。不要把「研究对象、观察窗口与资料比较条件」中不同条件直接合并。","时间戳、服务路径与患者结局对照页，注明「急诊流程」的来源、课题版本、已查项与未决项。","https://www.nih.gov/about-nih/science-health-public-trust/tools/understanding-clinical-studies；https://www.nhlbi.nih.gov/health-topics/study-quality-assessment-tools"
"emergency-2","emergency","分诊研究","研究对象、观察窗口与资料比较条件","emergency","分诊研究：手术技术指标与患者恢复为什么不能只用一个分数评价？","分诊研究：动态流程评价能否同时解释需求、资源与患者相关结局？","过程记录、处置时间轴与结局定义","本方向具体检查：区分术前状态、过程环节与术后观察。不要把「研究对象、观察窗口与资料比较条件」中不同条件直接合并。","时间戳、服务路径与患者结局对照页，注明「分诊研究」的来源、课题版本、已查项与未决项。","https://www.nih.gov/about-nih/science-health-public-trust/tools/understanding-clinical-studies；https://www.nhlbi.nih.gov/health-topics/study-quality-assessment-tools"
"emergency-3","emergency","急诊质量","研究对象、观察窗口与资料比较条件","emergency","急诊质量：手术技术指标与患者恢复为什么不能只用一个分数评价？","急诊质量：动态流程评价能否同时解释需求、资源与患者相关结局？","过程记录、处置时间轴与结局定义","本方向具体检查：区分术前状态、过程环节与术后观察。不要把「研究对象、观察窗口与资料比较条件」中不同条件直接合并。","时间戳、服务路径与患者结局对照页，注明「急诊质量」的来源、课题版本、已查项与未决项。","https://www.nih.gov/about-nih/science-health-public-trust/tools/understanding-clinical-studies；https://www.nhlbi.nih.gov/health-topics/study-quality-assessment-tools"
"emergency-4","emergency","急诊影像","对象内重复、平台版本与图像质量","clinical-imaging","急诊影像：多张图像为什么不等于多位独立患者？","急诊影像：跨机构评价能否保留个体独立性，并区分图像性能与患者结局？","设备平台、读者判断与个体索引","本方向具体检查：按个体划分记录，保留平台版本和读者分歧。不要把「对象内重复、平台版本与图像质量」中不同条件直接合并。","个体、平台版本与判读分歧索引，注明「急诊影像」的来源、课题版本、已查项与未决项。","https://www.nih.gov/about-nih/science-health-public-trust/tools/understanding-clinical-studies；https://www.nhlbi.nih.gov/health-topics/study-quality-assessment-tools"
"emergency-5","emergency","时间记录","研究对象、观察窗口与资料比较条件","evidence-surgery","时间记录：手术技术指标与患者恢复为什么不能只用一个分数评价？","时间记录：术中记录与术后随访能否连接过程差异和恢复轨迹？","过程记录、处置时间轴与结局定义","本方向具体检查：区分术前状态、过程环节与术后观察。不要把「研究对象、观察窗口与资料比较条件」中不同条件直接合并。","过程记录、处置时间轴与结局定义的来源与比较条件记录，注明「时间记录」的来源、课题版本、已查项与未决项。","https://www.nih.gov/about-nih/science-health-public-trust/tools/understanding-clinical-studies；https://www.nhlbi.nih.gov/health-topics/study-quality-assessment-tools"
"emergency-6","emergency","急诊服务需求","目标、执行层次与受益差异","emergency","急诊服务需求：手术技术指标与患者恢复为什么不能只用一个分数评价？","急诊服务需求：动态流程评价能否同时解释需求、资源与患者相关结局？","过程记录、处置时间轴与结局定义","本方向具体检查：区分术前状态、过程环节与术后观察。不要把「目标、执行层次与受益差异」中不同条件直接合并。","时间戳、服务路径与患者结局对照页，注明「急诊服务需求」的来源、课题版本、已查项与未决项。","https://www.nih.gov/about-nih/science-health-public-trust/tools/understanding-clinical-studies；https://www.nhlbi.nih.gov/health-topics/study-quality-assessment-tools"
"emergency-7","emergency","急诊信息系统","研究对象、观察窗口与资料比较条件","emergency","急诊信息系统：手术技术指标与患者恢复为什么不能只用一个分数评价？","急诊信息系统：动态流程评价能否同时解释需求、资源与患者相关结局？","过程记录、处置时间轴与结局定义","本方向具体检查：区分术前状态、过程环节与术后观察。不要把「研究对象、观察窗口与资料比较条件」中不同条件直接合并。","时间戳、服务路径与患者结局对照页，注明「急诊信息系统」的来源、课题版本、已查项与未决项。","https://www.nih.gov/about-nih/science-health-public-trust/tools/understanding-clinical-studies；https://www.nhlbi.nih.gov/health-topics/study-quality-assessment-tools"
"emergency-8","emergency","急诊患者体验","测量含义、填答者与时间窗口","scale","急诊患者体验：手术技术指标与患者恢复为什么不能只用一个分数评价？","急诊患者体验：跨人群测量能否保持构念含义，而不只是总分相关？","过程记录、处置时间轴与结局定义","本方向具体检查：区分术前状态、过程环节与术后观察。不要把「测量含义、填答者与时间窗口」中不同条件直接合并。","条目版本、填答者与缺失项说明，注明「急诊患者体验」的来源、课题版本、已查项与未决项。","https://www.nih.gov/about-nih/science-health-public-trust/tools/understanding-clinical-studies；https://www.nhlbi.nih.gov/health-topics/study-quality-assessment-tools"
"emergency-9","emergency","急诊队列","入组范围、观察时间与未完成随访","survival","急诊队列：手术技术指标与患者恢复为什么不能只用一个分数评价？","急诊队列：动态或多来源随访能否减少信息缺口，同时避免把记录更多误当成风险更高？","过程记录、处置时间轴与结局定义","本方向具体检查：区分术前状态、过程环节与术后观察。不要把「入组范围、观察时间与未完成随访」中不同条件直接合并。","观察窗口、失访去向与结局定义表，注明「急诊队列」的来源、课题版本、已查项与未决项。","https://www.nih.gov/about-nih/science-health-public-trust/tools/understanding-clinical-studies；https://www.nhlbi.nih.gov/health-topics/study-quality-assessment-tools"
"emergency-10","emergency","院前院内衔接","研究对象、观察窗口与资料比较条件","emergency","院前院内衔接：手术技术指标与患者恢复为什么不能只用一个分数评价？","院前院内衔接：动态流程评价能否同时解释需求、资源与患者相关结局？","过程记录、处置时间轴与结局定义","本方向具体检查：区分术前状态、过程环节与术后观察。不要把「研究对象、观察窗口与资料比较条件」中不同条件直接合并。","时间戳、服务路径与患者结局对照页，注明「院前院内衔接」的来源、课题版本、已查项与未决项。","https://www.nih.gov/about-nih/science-health-public-trust/tools/understanding-clinical-studies；https://www.nhlbi.nih.gov/health-topics/study-quality-assessment-tools"
"emergency-11","emergency","急诊负荷","研究对象、观察窗口与资料比较条件","emergency","急诊负荷：手术技术指标与患者恢复为什么不能只用一个分数评价？","急诊负荷：动态流程评价能否同时解释需求、资源与患者相关结局？","过程记录、处置时间轴与结局定义","本方向具体检查：区分术前状态、过程环节与术后观察。不要把「研究对象、观察窗口与资料比较条件」中不同条件直接合并。","时间戳、服务路径与患者结局对照页，注明「急诊负荷」的来源、课题版本、已查项与未决项。","https://www.nih.gov/about-nih/science-health-public-trust/tools/understanding-clinical-studies；https://www.nhlbi.nih.gov/health-topics/study-quality-assessment-tools"
"emergency-12","emergency","突发需求管理","目标、执行层次与受益差异","evidence-surgery","突发需求管理：手术技术指标与患者恢复为什么不能只用一个分数评价？","突发需求管理：术中记录与术后随访能否连接过程差异和恢复轨迹？","过程记录、处置时间轴与结局定义","本方向具体检查：区分术前状态、过程环节与术后观察。不要把「目标、执行层次与受益差异」中不同条件直接合并。","过程记录、处置时间轴与结局定义的来源与比较条件记录，注明「突发需求管理」的来源、课题版本、已查项与未决项。","https://www.nih.gov/about-nih/science-health-public-trust/tools/understanding-clinical-studies；https://www.nhlbi.nih.gov/health-topics/study-quality-assessment-tools"
"critical-care-1","critical-care","重症结局","入组范围、观察时间与未完成随访","survival","重症结局：手术技术指标与患者恢复为什么不能只用一个分数评价？","重症结局：动态或多来源随访能否减少信息缺口，同时避免把记录更多误当成风险更高？","过程记录、处置时间轴与结局定义","本方向具体检查：区分术前状态、过程环节与术后观察。不要把「入组范围、观察时间与未完成随访」中不同条件直接合并。","观察窗口、失访去向与结局定义表，注明「重症结局」的来源、课题版本、已查项与未决项。","https://www.nih.gov/about-nih/science-health-public-trust/tools/understanding-clinical-studies；https://www.nhlbi.nih.gov/health-topics/study-quality-assessment-tools"
"critical-care-2","critical-care","器官功能记录","任务或测量条件、重复记录与时间","rehab","器官功能记录：手术技术指标与患者恢复为什么不能只用一个分数评价？","器官功能记录：个体化或辅助技术能否把表现改善转成可持续的生活参与？","过程记录、处置时间轴与结局定义","本方向具体检查：区分术前状态、过程环节与术后观察。不要把「任务或测量条件、重复记录与时间」中不同条件直接合并。","任务条件、阶段与日常功能对照页，注明「器官功能记录」的来源、课题版本、已查项与未决项。","https://www.nih.gov/about-nih/science-health-public-trust/tools/understanding-clinical-studies；https://www.nhlbi.nih.gov/health-topics/study-quality-assessment-tools"
"critical-care-3","critical-care","重症监测资料","任务或测量条件、重复记录与时间","emergency","重症监测资料：手术技术指标与患者恢复为什么不能只用一个分数评价？","重症监测资料：动态流程评价能否同时解释需求、资源与患者相关结局？","过程记录、处置时间轴与结局定义","本方向具体检查：区分术前状态、过程环节与术后观察。不要把「任务或测量条件、重复记录与时间」中不同条件直接合并。","时间戳、服务路径与患者结局对照页，注明「重症监测资料」的来源、课题版本、已查项与未决项。","https://www.nih.gov/about-nih/science-health-public-trust/tools/understanding-clinical-studies；https://www.nhlbi.nih.gov/health-topics/study-quality-assessment-tools"
"critical-care-4","critical-care","重症影像","对象内重复、平台版本与图像质量","clinical-imaging","重症影像：多张图像为什么不等于多位独立患者？","重症影像：跨机构评价能否保留个体独立性，并区分图像性能与患者结局？","设备平台、读者判断与个体索引","本方向具体检查：按个体划分记录，保留平台版本和读者分歧。不要把「对象内重复、平台版本与图像质量」中不同条件直接合并。","个体、平台版本与判读分歧索引，注明「重症影像」的来源、课题版本、已查项与未决项。","https://www.nih.gov/about-nih/science-health-public-trust/tools/understanding-clinical-studies；https://www.nhlbi.nih.gov/health-topics/study-quality-assessment-tools"
"critical-care-5","critical-care","重症营养","阶段、生活条件与功能或体验变化","emergency","重症营养：手术技术指标与患者恢复为什么不能只用一个分数评价？","重症营养：动态流程评价能否同时解释需求、资源与患者相关结局？","过程记录、处置时间轴与结局定义","本方向具体检查：区分术前状态、过程环节与术后观察。不要把「阶段、生活条件与功能或体验变化」中不同条件直接合并。","时间戳、服务路径与患者结局对照页，注明「重症营养」的来源、课题版本、已查项与未决项。","https://www.nih.gov/about-nih/science-health-public-trust/tools/understanding-clinical-studies；https://www.nhlbi.nih.gov/health-topics/study-quality-assessment-tools"
"critical-care-6","critical-care","重症康复","阶段、生活条件与功能或体验变化","rehab","重症康复：手术技术指标与患者恢复为什么不能只用一个分数评价？","重症康复：个体化或辅助技术能否把表现改善转成可持续的生活参与？","过程记录、处置时间轴与结局定义","本方向具体检查：区分术前状态、过程环节与术后观察。不要把「阶段、生活条件与功能或体验变化」中不同条件直接合并。","任务条件、阶段与日常功能对照页，注明「重症康复」的来源、课题版本、已查项与未决项。","https://www.nih.gov/about-nih/science-health-public-trust/tools/understanding-clinical-studies；https://www.nhlbi.nih.gov/health-topics/study-quality-assessment-tools"
"critical-care-7","critical-care","长期功能结局","入组范围、观察时间与未完成随访","survival","长期功能结局：手术技术指标与患者恢复为什么不能只用一个分数评价？","长期功能结局：动态或多来源随访能否减少信息缺口，同时避免把记录更多误当成风险更高？","过程记录、处置时间轴与结局定义","本方向具体检查：区分术前状态、过程环节与术后观察。不要把「入组范围、观察时间与未完成随访」中不同条件直接合并。","观察窗口、失访去向与结局定义表，注明「长期功能结局」的来源、课题版本、已查项与未决项。","https://www.nih.gov/about-nih/science-health-public-trust/tools/understanding-clinical-studies；https://www.nhlbi.nih.gov/health-topics/study-quality-assessment-tools"
"critical-care-8","critical-care","重症照护","研究对象、观察窗口与资料比较条件","care","重症照护：手术技术指标与患者恢复为什么不能只用一个分数评价？","重症照护：连续照护或远程服务能否改善实际体验，而不只增加填表率？","过程记录、处置时间轴与结局定义","本方向具体检查：区分术前状态、过程环节与术后观察。不要把「研究对象、观察窗口与资料比较条件」中不同条件直接合并。","照护时间线与患者原话对照页，注明「重症照护」的来源、课题版本、已查项与未决项。","https://www.nih.gov/about-nih/science-health-public-trust/tools/understanding-clinical-studies；https://www.nhlbi.nih.gov/health-topics/study-quality-assessment-tools"
"critical-care-9","critical-care","重症信息系统","研究对象、观察窗口与资料比较条件","emergency","重症信息系统：手术技术指标与患者恢复为什么不能只用一个分数评价？","重症信息系统：动态流程评价能否同时解释需求、资源与患者相关结局？","过程记录、处置时间轴与结局定义","本方向具体检查：区分术前状态、过程环节与术后观察。不要把「研究对象、观察窗口与资料比较条件」中不同条件直接合并。","时间戳、服务路径与患者结局对照页，注明「重症信息系统」的来源、课题版本、已查项与未决项。","https://www.nih.gov/about-nih/science-health-public-trust/tools/understanding-clinical-studies；https://www.nhlbi.nih.gov/health-topics/study-quality-assessment-tools"
"critical-care-10","critical-care","重症队列","入组范围、观察时间与未完成随访","survival","重症队列：手术技术指标与患者恢复为什么不能只用一个分数评价？","重症队列：动态或多来源随访能否减少信息缺口，同时避免把记录更多误当成风险更高？","过程记录、处置时间轴与结局定义","本方向具体检查：区分术前状态、过程环节与术后观察。不要把「入组范围、观察时间与未完成随访」中不同条件直接合并。","观察窗口、失访去向与结局定义表，注明「重症队列」的来源、课题版本、已查项与未决项。","https://www.nih.gov/about-nih/science-health-public-trust/tools/understanding-clinical-studies；https://www.nhlbi.nih.gov/health-topics/study-quality-assessment-tools"
"critical-care-11","critical-care","患者与家属体验","测量含义、填答者与时间窗口","scale","患者与家属体验：手术技术指标与患者恢复为什么不能只用一个分数评价？","患者与家属体验：跨人群测量能否保持构念含义，而不只是总分相关？","过程记录、处置时间轴与结局定义","本方向具体检查：区分术前状态、过程环节与术后观察。不要把「测量含义、填答者与时间窗口」中不同条件直接合并。","条目版本、填答者与缺失项说明，注明「患者与家属体验」的来源、课题版本、已查项与未决项。","https://www.nih.gov/about-nih/science-health-public-trust/tools/understanding-clinical-studies；https://www.nhlbi.nih.gov/health-topics/study-quality-assessment-tools"
"critical-care-12","critical-care","资源与质量","研究对象、观察窗口与资料比较条件","evidence-surgery","资源与质量：手术技术指标与患者恢复为什么不能只用一个分数评价？","资源与质量：术中记录与术后随访能否连接过程差异和恢复轨迹？","过程记录、处置时间轴与结局定义","本方向具体检查：区分术前状态、过程环节与术后观察。不要把「研究对象、观察窗口与资料比较条件」中不同条件直接合并。","过程记录、处置时间轴与结局定义的来源与比较条件记录，注明「资源与质量」的来源、课题版本、已查项与未决项。","https://www.nih.gov/about-nih/science-health-public-trust/tools/understanding-clinical-studies；https://www.nhlbi.nih.gov/health-topics/study-quality-assessment-tools"
"anesthesiology-1","anesthesiology","围术期结局","入组范围、观察时间与未完成随访","survival","围术期结局：手术技术指标与患者恢复为什么不能只用一个分数评价？","围术期结局：动态或多来源随访能否减少信息缺口，同时避免把记录更多误当成风险更高？","过程记录、处置时间轴与结局定义","本方向具体检查：区分术前状态、过程环节与术后观察。不要把「入组范围、观察时间与未完成随访」中不同条件直接合并。","观察窗口、失访去向与结局定义表，注明「围术期结局」的来源、课题版本、已查项与未决项。","https://www.nih.gov/about-nih/science-health-public-trust/tools/understanding-clinical-studies；https://www.nhlbi.nih.gov/health-topics/study-quality-assessment-tools"
"anesthesiology-2","anesthesiology","疼痛量表","测量含义、填答者与时间窗口","scale","疼痛量表：同一量表在两类人群里测到的是同一个构念吗？","疼痛量表：跨人群测量能否保持构念含义，而不只是总分相关？","条目版本、填答者与缺失条目","本方向具体检查：先确认量表含义和适用对象，再比较总分。不要把「测量含义、填答者与时间窗口」中不同条件直接合并。","条目版本、填答者与缺失项说明，注明「疼痛量表」的来源、课题版本、已查项与未决项。","https://www.nhlbi.nih.gov/health-topics/study-quality-assessment-tools"
"anesthesiology-3","anesthesiology","慢性疼痛","研究对象、观察窗口与资料比较条件","emergency","慢性疼痛：手术技术指标与患者恢复为什么不能只用一个分数评价？","慢性疼痛：动态流程评价能否同时解释需求、资源与患者相关结局？","过程记录、处置时间轴与结局定义","本方向具体检查：区分术前状态、过程环节与术后观察。不要把「研究对象、观察窗口与资料比较条件」中不同条件直接合并。","时间戳、服务路径与患者结局对照页，注明「慢性疼痛」的来源、课题版本、已查项与未决项。","https://www.nih.gov/about-nih/science-health-public-trust/tools/understanding-clinical-studies；https://www.nhlbi.nih.gov/health-topics/study-quality-assessment-tools"
"anesthesiology-4","anesthesiology","麻醉信息系统","研究对象、观察窗口与资料比较条件","emergency","麻醉信息系统：手术技术指标与患者恢复为什么不能只用一个分数评价？","麻醉信息系统：动态流程评价能否同时解释需求、资源与患者相关结局？","过程记录、处置时间轴与结局定义","本方向具体检查：区分术前状态、过程环节与术后观察。不要把「研究对象、观察窗口与资料比较条件」中不同条件直接合并。","时间戳、服务路径与患者结局对照页，注明「麻醉信息系统」的来源、课题版本、已查项与未决项。","https://www.nih.gov/about-nih/science-health-public-trust/tools/understanding-clinical-studies；https://www.nhlbi.nih.gov/health-topics/study-quality-assessment-tools"
"anesthesiology-5","anesthesiology","围术期认知","研究对象、观察窗口与资料比较条件","emergency","围术期认知：任务表现差异如何与心理构念建立联系？","围术期认知：动态流程评价能否同时解释需求、资源与患者相关结局？","任务说明、构念定义与被试反应记录","本方向具体检查：核对任务操纵与测量含义，保留练习顺序。不要把「研究对象、观察窗口与资料比较条件」中不同条件直接合并。","时间戳、服务路径与患者结局对照页，注明「围术期认知」的来源、课题版本、已查项与未决项。","https://cter.bnu.edu.cn/docs/2024-05/e0d9749ec02e425eb45aa96fefdadc2a.pdf；https://www.nhlbi.nih.gov/health-topics/study-quality-assessment-tools"
"anesthesiology-6","anesthesiology","围术期质量","研究对象、观察窗口与资料比较条件","emergency","围术期质量：手术技术指标与患者恢复为什么不能只用一个分数评价？","围术期质量：动态流程评价能否同时解释需求、资源与患者相关结局？","过程记录、处置时间轴与结局定义","本方向具体检查：区分术前状态、过程环节与术后观察。不要把「研究对象、观察窗口与资料比较条件」中不同条件直接合并。","时间戳、服务路径与患者结局对照页，注明「围术期质量」的来源、课题版本、已查项与未决项。","https://www.nih.gov/about-nih/science-health-public-trust/tools/understanding-clinical-studies；https://www.nhlbi.nih.gov/health-topics/study-quality-assessment-tools"
"anesthesiology-7","anesthesiology","围术期监测","任务或测量条件、重复记录与时间","emergency","围术期监测：手术技术指标与患者恢复为什么不能只用一个分数评价？","围术期监测：动态流程评价能否同时解释需求、资源与患者相关结局？","过程记录、处置时间轴与结局定义","本方向具体检查：区分术前状态、过程环节与术后观察。不要把「任务或测量条件、重复记录与时间」中不同条件直接合并。","时间戳、服务路径与患者结局对照页，注明「围术期监测」的来源、课题版本、已查项与未决项。","https://www.nih.gov/about-nih/science-health-public-trust/tools/understanding-clinical-studies；https://www.nhlbi.nih.gov/health-topics/study-quality-assessment-tools"
"anesthesiology-8","anesthesiology","疼痛康复","阶段、生活条件与功能或体验变化","rehab","疼痛康复：一次任务表现改善，如何区分练习效应与功能恢复？","疼痛康复：个体化或辅助技术能否把表现改善转成可持续的生活参与？","功能任务、量表版本与家庭参与记录","本方向具体检查：对照任务目标、评估者和真实使用情境。不要把「阶段、生活条件与功能或体验变化」中不同条件直接合并。","任务条件、阶段与日常功能对照页，注明「疼痛康复」的来源、课题版本、已查项与未决项。","https://www.nih.gov/about-nih/science-health-public-trust/tools/understanding-clinical-studies；https://www.nhlbi.nih.gov/health-topics/study-quality-assessment-tools"
"anesthesiology-9","anesthesiology","患者体验","测量含义、填答者与时间窗口","scale","患者体验：手术技术指标与患者恢复为什么不能只用一个分数评价？","患者体验：跨人群测量能否保持构念含义，而不只是总分相关？","过程记录、处置时间轴与结局定义","本方向具体检查：区分术前状态、过程环节与术后观察。不要把「测量含义、填答者与时间窗口」中不同条件直接合并。","条目版本、填答者与缺失项说明，注明「患者体验」的来源、课题版本、已查项与未决项。","https://www.nih.gov/about-nih/science-health-public-trust/tools/understanding-clinical-studies；https://www.nhlbi.nih.gov/health-topics/study-quality-assessment-tools"
"anesthesiology-10","anesthesiology","设备评价","原型版本、使用任务与失败反馈","evidence-medical-device","设备评价：测量准确度与器械实际使用表现为什么需要分开？","设备评价：连续传感器的漂移如何影响长期健康指标解释？","使用任务、设备版本与技术评价记录","本方向具体检查：区分设备测量性能、使用反馈与临床结局。不要把「原型版本、使用任务与失败反馈」中不同条件直接合并。","使用任务、设备版本与技术评价记录的来源与比较条件记录，注明「设备评价」的来源、课题版本、已查项与未决项。","https://www.nih.gov/about-nih/science-health-public-trust/tools/understanding-clinical-studies；https://www.nhlbi.nih.gov/health-topics/study-quality-assessment-tools"
"anesthesiology-11","anesthesiology","麻醉服务研究","目标、执行层次与受益差异","emergency","麻醉服务研究：手术技术指标与患者恢复为什么不能只用一个分数评价？","麻醉服务研究：动态流程评价能否同时解释需求、资源与患者相关结局？","过程记录、处置时间轴与结局定义","本方向具体检查：区分术前状态、过程环节与术后观察。不要把「目标、执行层次与受益差异」中不同条件直接合并。","时间戳、服务路径与患者结局对照页，注明「麻醉服务研究」的来源、课题版本、已查项与未决项。","https://www.nih.gov/about-nih/science-health-public-trust/tools/understanding-clinical-studies；https://www.nhlbi.nih.gov/health-topics/study-quality-assessment-tools"
"anesthesiology-12","anesthesiology","围术期资料整合","来源、批次与独立对象","omics","围术期资料整合：手术技术指标与患者恢复为什么不能只用一个分数评价？","围术期资料整合：跨平台整合能否在未见对象上保持结果，并与简单基线比较？","过程记录、处置时间轴与结局定义","本方向具体检查：区分术前状态、过程环节与术后观察。不要把「来源、批次与独立对象」中不同条件直接合并。","来源、供体与批次对应表，注明「围术期资料整合」的来源、课题版本、已查项与未决项。","https://www.nih.gov/about-nih/science-health-public-trust/tools/understanding-clinical-studies；https://www.nhlbi.nih.gov/health-topics/study-quality-assessment-tools"
"radiology-1","radiology","磁共振影像","对象内重复、平台版本与图像质量","clinical-imaging","磁共振影像：多张图像为什么不等于多位独立患者？","磁共振影像：跨机构评价能否保留个体独立性，并区分图像性能与患者结局？","设备平台、读者判断与个体索引","本方向具体检查：按个体划分记录，保留平台版本和读者分歧。不要把「对象内重复、平台版本与图像质量」中不同条件直接合并。","个体、平台版本与判读分歧索引，注明「磁共振影像」的来源、课题版本、已查项与未决项。","https://www.nih.gov/about-nih/science-health-public-trust/tools/understanding-clinical-studies；https://www.nhlbi.nih.gov/health-topics/study-quality-assessment-tools"
"radiology-2","radiology","CT影像","对象内重复、平台版本与图像质量","clinical-imaging","CT影像：多张图像为什么不等于多位独立患者？","CT影像：跨机构评价能否保留个体独立性，并区分图像性能与患者结局？","设备平台、读者判断与个体索引","本方向具体检查：按个体划分记录，保留平台版本和读者分歧。不要把「对象内重复、平台版本与图像质量」中不同条件直接合并。","个体、平台版本与判读分歧索引，注明「CT影像」的来源、课题版本、已查项与未决项。","https://www.nih.gov/about-nih/science-health-public-trust/tools/understanding-clinical-studies；https://www.nhlbi.nih.gov/health-topics/study-quality-assessment-tools"
"radiology-3","radiology","神经影像","对象内重复、平台版本与图像质量","clinical-imaging","神经影像：多张图像为什么不等于多位独立患者？","神经影像：跨机构评价能否保留个体独立性，并区分图像性能与患者结局？","设备平台、读者判断与个体索引","本方向具体检查：按个体划分记录，保留平台版本和读者分歧。不要把「对象内重复、平台版本与图像质量」中不同条件直接合并。","个体、平台版本与判读分歧索引，注明「神经影像」的来源、课题版本、已查项与未决项。","https://www.nih.gov/about-nih/science-health-public-trust/tools/understanding-clinical-studies；https://www.nhlbi.nih.gov/health-topics/study-quality-assessment-tools"
"radiology-4","radiology","心血管影像","对象内重复、平台版本与图像质量","clinical-imaging","心血管影像：多张图像为什么不等于多位独立患者？","心血管影像：跨机构评价能否保留个体独立性，并区分图像性能与患者结局？","设备平台、读者判断与个体索引","本方向具体检查：按个体划分记录，保留平台版本和读者分歧。不要把「对象内重复、平台版本与图像质量」中不同条件直接合并。","个体、平台版本与判读分歧索引，注明「心血管影像」的来源、课题版本、已查项与未决项。","https://www.nih.gov/about-nih/science-health-public-trust/tools/understanding-clinical-studies；https://www.nhlbi.nih.gov/health-topics/study-quality-assessment-tools"
"radiology-5","radiology","腹部影像","对象内重复、平台版本与图像质量","clinical-imaging","腹部影像：多张图像为什么不等于多位独立患者？","腹部影像：跨机构评价能否保留个体独立性，并区分图像性能与患者结局？","设备平台、读者判断与个体索引","本方向具体检查：按个体划分记录，保留平台版本和读者分歧。不要把「对象内重复、平台版本与图像质量」中不同条件直接合并。","个体、平台版本与判读分歧索引，注明「腹部影像」的来源、课题版本、已查项与未决项。","https://www.nih.gov/about-nih/science-health-public-trust/tools/understanding-clinical-studies；https://www.nhlbi.nih.gov/health-topics/study-quality-assessment-tools"
"radiology-6","radiology","骨关节影像","对象内重复、平台版本与图像质量","clinical-imaging","骨关节影像：多张图像为什么不等于多位独立患者？","骨关节影像：跨机构评价能否保留个体独立性，并区分图像性能与患者结局？","设备平台、读者判断与个体索引","本方向具体检查：按个体划分记录，保留平台版本和读者分歧。不要把「对象内重复、平台版本与图像质量」中不同条件直接合并。","个体、平台版本与判读分歧索引，注明「骨关节影像」的来源、课题版本、已查项与未决项。","https://www.nih.gov/about-nih/science-health-public-trust/tools/understanding-clinical-studies；https://www.nhlbi.nih.gov/health-topics/study-quality-assessment-tools"
"radiology-7","radiology","儿童影像","对象内重复、平台版本与图像质量","clinical-imaging","儿童影像：多张图像为什么不等于多位独立患者？","儿童影像：跨机构评价能否保留个体独立性，并区分图像性能与患者结局？","设备平台、读者判断与个体索引","本方向具体检查：按个体划分记录，保留平台版本和读者分歧。不要把「对象内重复、平台版本与图像质量」中不同条件直接合并。","个体、平台版本与判读分歧索引，注明「儿童影像」的来源、课题版本、已查项与未决项。","https://www.nih.gov/about-nih/science-health-public-trust/tools/understanding-clinical-studies；https://www.nhlbi.nih.gov/health-topics/study-quality-assessment-tools"
"radiology-8","radiology","肿瘤影像","对象内重复、平台版本与图像质量","clinical-imaging","肿瘤影像：多张图像为什么不等于多位独立患者？","肿瘤影像：跨机构评价能否保留个体独立性，并区分图像性能与患者结局？","设备平台、读者判断与个体索引","本方向具体检查：按个体划分记录，保留平台版本和读者分歧。不要把「对象内重复、平台版本与图像质量」中不同条件直接合并。","个体、平台版本与判读分歧索引，注明「肿瘤影像」的来源、课题版本、已查项与未决项。","https://www.nih.gov/about-nih/science-health-public-trust/tools/understanding-clinical-studies；https://www.nhlbi.nih.gov/health-topics/study-quality-assessment-tools"
"radiology-9","radiology","影像组学","对象内重复、平台版本与图像质量","clinical-imaging","影像组学：多张图像为什么不等于多位独立患者？","影像组学：跨机构评价能否保留个体独立性，并区分图像性能与患者结局？","设备平台、读者判断与个体索引","本方向具体检查：按个体划分记录，保留平台版本和读者分歧。不要把「对象内重复、平台版本与图像质量」中不同条件直接合并。","个体、平台版本与判读分歧索引，注明「影像组学」的来源、课题版本、已查项与未决项。","https://www.nih.gov/about-nih/science-health-public-trust/tools/understanding-clinical-studies；https://www.nhlbi.nih.gov/health-topics/study-quality-assessment-tools"
"radiology-10","radiology","影像人工智能","对象内重复、平台版本与图像质量","clinical-imaging","影像人工智能：多张图像为什么不等于多位独立患者？","影像人工智能：跨机构评价能否保留个体独立性，并区分图像性能与患者结局？","设备平台、读者判断与个体索引","本方向具体检查：按个体划分记录，保留平台版本和读者分歧。不要把「对象内重复、平台版本与图像质量」中不同条件直接合并。","个体、平台版本与判读分歧索引，注明「影像人工智能」的来源、课题版本、已查项与未决项。","https://www.nih.gov/about-nih/science-health-public-trust/tools/understanding-clinical-studies；https://www.nhlbi.nih.gov/health-topics/study-quality-assessment-tools"
"radiology-11","radiology","影像一致性","对象内重复、平台版本与图像质量","clinical-imaging","影像一致性：多张图像为什么不等于多位独立患者？","影像一致性：跨机构评价能否保留个体独立性，并区分图像性能与患者结局？","设备平台、读者判断与个体索引","本方向具体检查：按个体划分记录，保留平台版本和读者分歧。不要把「对象内重复、平台版本与图像质量」中不同条件直接合并。","个体、平台版本与判读分歧索引，注明「影像一致性」的来源、课题版本、已查项与未决项。","https://www.nih.gov/about-nih/science-health-public-trust/tools/understanding-clinical-studies；https://www.nhlbi.nih.gov/health-topics/study-quality-assessment-tools"
"radiology-12","radiology","成像质量评价","对象内重复、平台版本与图像质量","clinical-imaging","成像质量评价：多张图像为什么不等于多位独立患者？","成像质量评价：跨机构评价能否保留个体独立性，并区分图像性能与患者结局？","设备平台、读者判断与个体索引","本方向具体检查：按个体划分记录，保留平台版本和读者分歧。不要把「对象内重复、平台版本与图像质量」中不同条件直接合并。","个体、平台版本与判读分歧索引，注明「成像质量评价」的来源、课题版本、已查项与未决项。","https://www.nih.gov/about-nih/science-health-public-trust/tools/understanding-clinical-studies；https://www.nhlbi.nih.gov/health-topics/study-quality-assessment-tools"
"ultrasound-1","ultrasound","心脏超声","对象内重复、平台版本与图像质量","clinical-imaging","心脏超声：多张图像为什么不等于多位独立患者？","心脏超声：跨机构评价能否保留个体独立性，并区分图像性能与患者结局？","设备平台、读者判断与个体索引","本方向具体检查：按个体划分记录，保留平台版本和读者分歧。不要把「对象内重复、平台版本与图像质量」中不同条件直接合并。","个体、平台版本与判读分歧索引，注明「心脏超声」的来源、课题版本、已查项与未决项。","https://www.nih.gov/about-nih/science-health-public-trust/tools/understanding-clinical-studies；https://www.nhlbi.nih.gov/health-topics/study-quality-assessment-tools"
"ultrasound-2","ultrasound","血管超声","对象内重复、平台版本与图像质量","clinical-imaging","血管超声：多张图像为什么不等于多位独立患者？","血管超声：跨机构评价能否保留个体独立性，并区分图像性能与患者结局？","设备平台、读者判断与个体索引","本方向具体检查：按个体划分记录，保留平台版本和读者分歧。不要把「对象内重复、平台版本与图像质量」中不同条件直接合并。","个体、平台版本与判读分歧索引，注明「血管超声」的来源、课题版本、已查项与未决项。","https://www.nih.gov/about-nih/science-health-public-trust/tools/understanding-clinical-studies；https://www.nhlbi.nih.gov/health-topics/study-quality-assessment-tools"
"ultrasound-3","ultrasound","腹部超声","对象内重复、平台版本与图像质量","clinical-imaging","腹部超声：多张图像为什么不等于多位独立患者？","腹部超声：跨机构评价能否保留个体独立性，并区分图像性能与患者结局？","设备平台、读者判断与个体索引","本方向具体检查：按个体划分记录，保留平台版本和读者分歧。不要把「对象内重复、平台版本与图像质量」中不同条件直接合并。","个体、平台版本与判读分歧索引，注明「腹部超声」的来源、课题版本、已查项与未决项。","https://www.nih.gov/about-nih/science-health-public-trust/tools/understanding-clinical-studies；https://www.nhlbi.nih.gov/health-topics/study-quality-assessment-tools"
"ultrasound-4","ultrasound","肌骨超声","对象内重复、平台版本与图像质量","clinical-imaging","肌骨超声：多张图像为什么不等于多位独立患者？","肌骨超声：跨机构评价能否保留个体独立性，并区分图像性能与患者结局？","设备平台、读者判断与个体索引","本方向具体检查：按个体划分记录，保留平台版本和读者分歧。不要把「对象内重复、平台版本与图像质量」中不同条件直接合并。","个体、平台版本与判读分歧索引，注明「肌骨超声」的来源、课题版本、已查项与未决项。","https://www.nih.gov/about-nih/science-health-public-trust/tools/understanding-clinical-studies；https://www.nhlbi.nih.gov/health-topics/study-quality-assessment-tools"
"ultrasound-5","ultrasound","妇产超声","对象内重复、平台版本与图像质量","clinical-imaging","妇产超声：多张图像为什么不等于多位独立患者？","妇产超声：跨机构评价能否保留个体独立性，并区分图像性能与患者结局？","设备平台、读者判断与个体索引","本方向具体检查：按个体划分记录，保留平台版本和读者分歧。不要把「对象内重复、平台版本与图像质量」中不同条件直接合并。","个体、平台版本与判读分歧索引，注明「妇产超声」的来源、课题版本、已查项与未决项。","https://www.nih.gov/about-nih/science-health-public-trust/tools/understanding-clinical-studies；https://www.nhlbi.nih.gov/health-topics/study-quality-assessment-tools"
"ultrasound-6","ultrasound","儿童超声","对象内重复、平台版本与图像质量","clinical-imaging","儿童超声：多张图像为什么不等于多位独立患者？","儿童超声：跨机构评价能否保留个体独立性，并区分图像性能与患者结局？","设备平台、读者判断与个体索引","本方向具体检查：按个体划分记录，保留平台版本和读者分歧。不要把「对象内重复、平台版本与图像质量」中不同条件直接合并。","个体、平台版本与判读分歧索引，注明「儿童超声」的来源、课题版本、已查项与未决项。","https://www.nih.gov/about-nih/science-health-public-trust/tools/understanding-clinical-studies；https://www.nhlbi.nih.gov/health-topics/study-quality-assessment-tools"
"ultrasound-7","ultrasound","弹性成像","对象内重复、平台版本与图像质量","clinical-imaging","弹性成像：多张图像为什么不等于多位独立患者？","弹性成像：跨机构评价能否保留个体独立性，并区分图像性能与患者结局？","设备平台、读者判断与个体索引","本方向具体检查：按个体划分记录，保留平台版本和读者分歧。不要把「对象内重复、平台版本与图像质量」中不同条件直接合并。","个体、平台版本与判读分歧索引，注明「弹性成像」的来源、课题版本、已查项与未决项。","https://www.nih.gov/about-nih/science-health-public-trust/tools/understanding-clinical-studies；https://www.nhlbi.nih.gov/health-topics/study-quality-assessment-tools"
"ultrasound-8","ultrasound","超声定量","对象内重复、平台版本与图像质量","clinical-imaging","超声定量：多张图像为什么不等于多位独立患者？","超声定量：跨机构评价能否保留个体独立性，并区分图像性能与患者结局？","设备平台、读者判断与个体索引","本方向具体检查：按个体划分记录，保留平台版本和读者分歧。不要把「对象内重复、平台版本与图像质量」中不同条件直接合并。","个体、平台版本与判读分歧索引，注明「超声定量」的来源、课题版本、已查项与未决项。","https://www.nih.gov/about-nih/science-health-public-trust/tools/understanding-clinical-studies；https://www.nhlbi.nih.gov/health-topics/study-quality-assessment-tools"
"ultrasound-9","ultrasound","超声图像分析","对象内重复、平台版本与图像质量","clinical-imaging","超声图像分析：多张图像为什么不等于多位独立患者？","超声图像分析：跨机构评价能否保留个体独立性，并区分图像性能与患者结局？","设备平台、读者判断与个体索引","本方向具体检查：按个体划分记录，保留平台版本和读者分歧。不要把「对象内重复、平台版本与图像质量」中不同条件直接合并。","个体、平台版本与判读分歧索引，注明「超声图像分析」的来源、课题版本、已查项与未决项。","https://www.nih.gov/about-nih/science-health-public-trust/tools/understanding-clinical-studies；https://www.nhlbi.nih.gov/health-topics/study-quality-assessment-tools"
"ultrasound-10","ultrasound","超声一致性","对象内重复、平台版本与图像质量","clinical-imaging","超声一致性：多张图像为什么不等于多位独立患者？","超声一致性：跨机构评价能否保留个体独立性，并区分图像性能与患者结局？","设备平台、读者判断与个体索引","本方向具体检查：按个体划分记录，保留平台版本和读者分歧。不要把「对象内重复、平台版本与图像质量」中不同条件直接合并。","个体、平台版本与判读分歧索引，注明「超声一致性」的来源、课题版本、已查项与未决项。","https://www.nih.gov/about-nih/science-health-public-trust/tools/understanding-clinical-studies；https://www.nhlbi.nih.gov/health-topics/study-quality-assessment-tools"
"ultrasound-11","ultrasound","设备评价","原型版本、使用任务与失败反馈","evidence-medical-device","设备评价：测量准确度与器械实际使用表现为什么需要分开？","设备评价：连续传感器的漂移如何影响长期健康指标解释？","使用任务、设备版本与技术评价记录","本方向具体检查：区分设备测量性能、使用反馈与临床结局。不要把「原型版本、使用任务与失败反馈」中不同条件直接合并。","使用任务、设备版本与技术评价记录的来源与比较条件记录，注明「设备评价」的来源、课题版本、已查项与未决项。","https://www.nih.gov/about-nih/science-health-public-trust/tools/understanding-clinical-studies；https://www.nhlbi.nih.gov/health-topics/study-quality-assessment-tools"
"ultrasound-12","ultrasound","超声质控","对象内重复、平台版本与图像质量","clinical-imaging","超声质控：多张图像为什么不等于多位独立患者？","超声质控：跨机构评价能否保留个体独立性，并区分图像性能与患者结局？","设备平台、读者判断与个体索引","本方向具体检查：按个体划分记录，保留平台版本和读者分歧。不要把「对象内重复、平台版本与图像质量」中不同条件直接合并。","个体、平台版本与判读分歧索引，注明「超声质控」的来源、课题版本、已查项与未决项。","https://www.nih.gov/about-nih/science-health-public-trust/tools/understanding-clinical-studies；https://www.nhlbi.nih.gov/health-topics/study-quality-assessment-tools"
"pathology-1","pathology","组织病理","测量口径、平台或读者差异","pathology","组织病理：一位患者的多个切片怎样参与评价？","组织病理：病理基础模型怎样在未见机构和少见类型上检验迁移？","切片来源、个体索引与判读分歧","本方向具体检查：区分同一个体的多个切片与独立个体，并保留判读分歧。不要把「测量口径、平台或读者差异」中不同条件直接合并。","样本进入路径、平台和复核者记录，注明「组织病理」的来源、课题版本、已查项与未决项。","https://www.nih.gov/about-nih/science-health-public-trust/tools/understanding-clinical-studies；https://www.nhlbi.nih.gov/health-topics/study-quality-assessment-tools"
"pathology-2","pathology","细胞病理","测量口径、平台或读者差异","pathology","细胞病理：一位患者的多个切片怎样参与评价？","细胞病理：病理基础模型怎样在未见机构和少见类型上检验迁移？","切片来源、个体索引与判读分歧","本方向具体检查：区分同一个体的多个切片与独立个体，并保留判读分歧。不要把「测量口径、平台或读者差异」中不同条件直接合并。","样本进入路径、平台和复核者记录，注明「细胞病理」的来源、课题版本、已查项与未决项。","https://www.nih.gov/about-nih/science-health-public-trust/tools/understanding-clinical-studies；https://www.nhlbi.nih.gov/health-topics/study-quality-assessment-tools"
"pathology-3","pathology","数字病理","对象内重复、平台版本与图像质量","pathology","数字病理：一位患者的多个切片怎样参与评价？","数字病理：病理基础模型怎样在未见机构和少见类型上检验迁移？","切片来源、个体索引与判读分歧","本方向具体检查：区分同一个体的多个切片与独立个体，并保留判读分歧。不要把「对象内重复、平台版本与图像质量」中不同条件直接合并。","样本进入路径、平台和复核者记录，注明「数字病理」的来源、课题版本、已查项与未决项。","https://www.nih.gov/about-nih/science-health-public-trust/tools/understanding-clinical-studies；https://www.nhlbi.nih.gov/health-topics/study-quality-assessment-tools"
"pathology-4","pathology","肿瘤病理","测量口径、平台或读者差异","pathology","肿瘤病理：一位患者的多个切片怎样参与评价？","肿瘤病理：病理基础模型怎样在未见机构和少见类型上检验迁移？","切片来源、个体索引与判读分歧","本方向具体检查：区分同一个体的多个切片与独立个体，并保留判读分歧。不要把「测量口径、平台或读者差异」中不同条件直接合并。","样本进入路径、平台和复核者记录，注明「肿瘤病理」的来源、课题版本、已查项与未决项。","https://www.nih.gov/about-nih/science-health-public-trust/tools/understanding-clinical-studies；https://www.nhlbi.nih.gov/health-topics/study-quality-assessment-tools"
"pathology-5","pathology","肾脏病理","测量口径、平台或读者差异","pathology","肾脏病理：一位患者的多个切片怎样参与评价？","肾脏病理：病理基础模型怎样在未见机构和少见类型上检验迁移？","切片来源、个体索引与判读分歧","本方向具体检查：区分同一个体的多个切片与独立个体，并保留判读分歧。不要把「测量口径、平台或读者差异」中不同条件直接合并。","样本进入路径、平台和复核者记录，注明「肾脏病理」的来源、课题版本、已查项与未决项。","https://www.nih.gov/about-nih/science-health-public-trust/tools/understanding-clinical-studies；https://www.nhlbi.nih.gov/health-topics/study-quality-assessment-tools"
"pathology-6","pathology","神经病理","测量口径、平台或读者差异","pathology","神经病理：一位患者的多个切片怎样参与评价？","神经病理：病理基础模型怎样在未见机构和少见类型上检验迁移？","切片来源、个体索引与判读分歧","本方向具体检查：区分同一个体的多个切片与独立个体，并保留判读分歧。不要把「测量口径、平台或读者差异」中不同条件直接合并。","样本进入路径、平台和复核者记录，注明「神经病理」的来源、课题版本、已查项与未决项。","https://www.nih.gov/about-nih/science-health-public-trust/tools/understanding-clinical-studies；https://www.nhlbi.nih.gov/health-topics/study-quality-assessment-tools"
"pathology-7","pathology","分子病理","测量口径、平台或读者差异","pathology","分子病理：一位患者的多个切片怎样参与评价？","分子病理：病理基础模型怎样在未见机构和少见类型上检验迁移？","切片来源、个体索引与判读分歧","本方向具体检查：区分同一个体的多个切片与独立个体，并保留判读分歧。不要把「测量口径、平台或读者差异」中不同条件直接合并。","样本进入路径、平台和复核者记录，注明「分子病理」的来源、课题版本、已查项与未决项。","https://www.nih.gov/about-nih/science-health-public-trust/tools/understanding-clinical-studies；https://www.nhlbi.nih.gov/health-topics/study-quality-assessment-tools"
"pathology-8","pathology","病理图像分析","对象内重复、平台版本与图像质量","clinical-imaging","病理图像分析：一位患者的多个切片怎样参与评价？","病理图像分析：病理基础模型怎样在未见机构和少见类型上检验迁移？","切片来源、个体索引与判读分歧","本方向具体检查：区分同一个体的多个切片与独立个体，并保留判读分歧。不要把「对象内重复、平台版本与图像质量」中不同条件直接合并。","个体、平台版本与判读分歧索引，注明「病理图像分析」的来源、课题版本、已查项与未决项。","https://www.nih.gov/about-nih/science-health-public-trust/tools/understanding-clinical-studies；https://www.nhlbi.nih.gov/health-topics/study-quality-assessment-tools"
"pathology-9","pathology","病理一致性","测量口径、平台或读者差异","pathology","病理一致性：一位患者的多个切片怎样参与评价？","病理一致性：病理基础模型怎样在未见机构和少见类型上检验迁移？","切片来源、个体索引与判读分歧","本方向具体检查：区分同一个体的多个切片与独立个体，并保留判读分歧。不要把「测量口径、平台或读者差异」中不同条件直接合并。","样本进入路径、平台和复核者记录，注明「病理一致性」的来源、课题版本、已查项与未决项。","https://www.nih.gov/about-nih/science-health-public-trust/tools/understanding-clinical-studies；https://www.nhlbi.nih.gov/health-topics/study-quality-assessment-tools"
"pathology-10","pathology","病理档案","出处、整理版本与术语语境","pathology","病理档案：一位患者的多个切片怎样参与评价？","病理档案：病理基础模型怎样在未见机构和少见类型上检验迁移？","切片来源、个体索引与判读分歧","本方向具体检查：区分同一个体的多个切片与独立个体，并保留判读分歧。不要把「出处、整理版本与术语语境」中不同条件直接合并。","样本进入路径、平台和复核者记录，注明「病理档案」的来源、课题版本、已查项与未决项。","https://www.nih.gov/about-nih/science-health-public-trust/tools/understanding-clinical-studies；https://www.nhlbi.nih.gov/health-topics/study-quality-assessment-tools"
"pathology-11","pathology","病理质量","测量口径、平台或读者差异","pathology","病理质量：一位患者的多个切片怎样参与评价？","病理质量：病理基础模型怎样在未见机构和少见类型上检验迁移？","切片来源、个体索引与判读分歧","本方向具体检查：区分同一个体的多个切片与独立个体，并保留判读分歧。不要把「测量口径、平台或读者差异」中不同条件直接合并。","样本进入路径、平台和复核者记录，注明「病理质量」的来源、课题版本、已查项与未决项。","https://www.nih.gov/about-nih/science-health-public-trust/tools/understanding-clinical-studies；https://www.nhlbi.nih.gov/health-topics/study-quality-assessment-tools"
"pathology-12","pathology","病理教学研究","测量口径、平台或读者差异","pathology","病理教学研究：一个教学目标怎样转成能检验掌握的任务？","病理教学研究：智能助教的提示设计能否改善延迟迁移而非只提高即时答题？","学习目标、任务作品与课堂实施记录","本方向具体检查：对齐学习目标和评价任务，区分实施变化与工具作用。不要把「测量口径、平台或读者差异」中不同条件直接合并。","样本进入路径、平台和复核者记录，注明「病理教学研究」的来源、课题版本、已查项与未决项。","https://cter.bnu.edu.cn/docs/2024-05/e0d9749ec02e425eb45aa96fefdadc2a.pdf"
"lab-medicine-1","lab-medicine","临床生化","测量口径、平台或读者差异","evidence-imaging","临床生化：多张图像为什么不等于多位独立患者？","临床生化：病理或影像基础模型能否跨机构保留判读与预测性能？","设备平台、读者判断与个体索引","本方向具体检查：按个体划分记录，保留平台版本和读者分歧。不要把「测量口径、平台或读者差异」中不同条件直接合并。","设备平台、读者判断与个体索引的来源与比较条件记录，注明「临床生化」的来源、课题版本、已查项与未决项。","https://www.nih.gov/about-nih/science-health-public-trust/tools/understanding-clinical-studies；https://www.nhlbi.nih.gov/health-topics/study-quality-assessment-tools"
"lab-medicine-2","lab-medicine","临床血液检验","测量口径、平台或读者差异","pathology","临床血液检验：两个平台的数值变化是对象变化还是测量口径变化？","临床血液检验：多指标联合解释怎样面对跨平台漂移和参考范围变化？","个体索引、平台版本与测量口径","本方向具体检查：核对平台、测量单位与参考口径，区分技术差异和生物差异。不要把「测量口径、平台或读者差异」中不同条件直接合并。","样本进入路径、平台和复核者记录，注明「临床血液检验」的来源、课题版本、已查项与未决项。","https://www.nih.gov/about-nih/science-health-public-trust/tools/understanding-clinical-studies；https://www.nhlbi.nih.gov/health-topics/study-quality-assessment-tools"
"lab-medicine-3","lab-medicine","临床免疫检验","测量口径、平台或读者差异","pathology","临床免疫检验：两个平台的数值变化是对象变化还是测量口径变化？","临床免疫检验：多指标联合解释怎样面对跨平台漂移和参考范围变化？","个体索引、平台版本与测量口径","本方向具体检查：核对平台、测量单位与参考口径，区分技术差异和生物差异。不要把「测量口径、平台或读者差异」中不同条件直接合并。","样本进入路径、平台和复核者记录，注明「临床免疫检验」的来源、课题版本、已查项与未决项。","https://www.nih.gov/about-nih/science-health-public-trust/tools/understanding-clinical-studies；https://www.nhlbi.nih.gov/health-topics/study-quality-assessment-tools"
"lab-medicine-4","lab-medicine","分子诊断资料","资料来源、批次与模型范围","evidence-imaging","分子诊断资料：多张图像为什么不等于多位独立患者？","分子诊断资料：病理或影像基础模型能否跨机构保留判读与预测性能？","设备平台、读者判断与个体索引","本方向具体检查：按个体划分记录，保留平台版本和读者分歧。不要把「资料来源、批次与模型范围」中不同条件直接合并。","设备平台、读者判断与个体索引的来源与比较条件记录，注明「分子诊断资料」的来源、课题版本、已查项与未决项。","https://www.nih.gov/about-nih/science-health-public-trust/tools/understanding-clinical-studies；https://www.nhlbi.nih.gov/health-topics/study-quality-assessment-tools"
"lab-medicine-5","lab-medicine","检验质量管理","目标、执行层次与受益差异","pathology","检验质量管理：两个平台的数值变化是对象变化还是测量口径变化？","检验质量管理：多指标联合解释怎样面对跨平台漂移和参考范围变化？","个体索引、平台版本与测量口径","本方向具体检查：核对平台、测量单位与参考口径，区分技术差异和生物差异。不要把「目标、执行层次与受益差异」中不同条件直接合并。","样本进入路径、平台和复核者记录，注明「检验质量管理」的来源、课题版本、已查项与未决项。","https://www.nih.gov/about-nih/science-health-public-trust/tools/understanding-clinical-studies；https://www.nhlbi.nih.gov/health-topics/study-quality-assessment-tools"
"lab-medicine-6","lab-medicine","检验参考范围","测量口径、平台或读者差异","pathology","检验参考范围：两个平台的数值变化是对象变化还是测量口径变化？","检验参考范围：多指标联合解释怎样面对跨平台漂移和参考范围变化？","个体索引、平台版本与测量口径","本方向具体检查：核对平台、测量单位与参考口径，区分技术差异和生物差异。不要把「测量口径、平台或读者差异」中不同条件直接合并。","样本进入路径、平台和复核者记录，注明「检验参考范围」的来源、课题版本、已查项与未决项。","https://www.nih.gov/about-nih/science-health-public-trust/tools/understanding-clinical-studies；https://www.nhlbi.nih.gov/health-topics/study-quality-assessment-tools"
"lab-medicine-7","lab-medicine","检验信息系统","测量口径、平台或读者差异","pathology","检验信息系统：两个平台的数值变化是对象变化还是测量口径变化？","检验信息系统：多指标联合解释怎样面对跨平台漂移和参考范围变化？","个体索引、平台版本与测量口径","本方向具体检查：核对平台、测量单位与参考口径，区分技术差异和生物差异。不要把「测量口径、平台或读者差异」中不同条件直接合并。","样本进入路径、平台和复核者记录，注明「检验信息系统」的来源、课题版本、已查项与未决项。","https://www.nih.gov/about-nih/science-health-public-trust/tools/understanding-clinical-studies；https://www.nhlbi.nih.gov/health-topics/study-quality-assessment-tools"
"lab-medicine-8","lab-medicine","检测一致性","测量口径、平台或读者差异","evidence-imaging","检测一致性：多张图像为什么不等于多位独立患者？","检测一致性：病理或影像基础模型能否跨机构保留判读与预测性能？","设备平台、读者判断与个体索引","本方向具体检查：按个体划分记录，保留平台版本和读者分歧。不要把「测量口径、平台或读者差异」中不同条件直接合并。","设备平台、读者判断与个体索引的来源与比较条件记录，注明「检测一致性」的来源、课题版本、已查项与未决项。","https://www.nih.gov/about-nih/science-health-public-trust/tools/understanding-clinical-studies；https://www.nhlbi.nih.gov/health-topics/study-quality-assessment-tools"
"lab-medicine-9","lab-medicine","检验结果解释","测量口径、平台或读者差异","pathology","检验结果解释：两个平台的数值变化是对象变化还是测量口径变化？","检验结果解释：多指标联合解释怎样面对跨平台漂移和参考范围变化？","个体索引、平台版本与测量口径","本方向具体检查：核对平台、测量单位与参考口径，区分技术差异和生物差异。不要把「测量口径、平台或读者差异」中不同条件直接合并。","样本进入路径、平台和复核者记录，注明「检验结果解释」的来源、课题版本、已查项与未决项。","https://www.nih.gov/about-nih/science-health-public-trust/tools/understanding-clinical-studies；https://www.nhlbi.nih.gov/health-topics/study-quality-assessment-tools"
"lab-medicine-10","lab-medicine","检验资料标准化","测量口径、平台或读者差异","pathology","检验资料标准化：两个平台的数值变化是对象变化还是测量口径变化？","检验资料标准化：多指标联合解释怎样面对跨平台漂移和参考范围变化？","个体索引、平台版本与测量口径","本方向具体检查：核对平台、测量单位与参考口径，区分技术差异和生物差异。不要把「测量口径、平台或读者差异」中不同条件直接合并。","样本进入路径、平台和复核者记录，注明「检验资料标准化」的来源、课题版本、已查项与未决项。","https://www.nih.gov/about-nih/science-health-public-trust/tools/understanding-clinical-studies；https://www.nhlbi.nih.gov/health-topics/study-quality-assessment-tools"
"lab-medicine-11","lab-medicine","检验服务评价","目标、执行层次与受益差异","pathology","检验服务评价：两个平台的数值变化是对象变化还是测量口径变化？","检验服务评价：多指标联合解释怎样面对跨平台漂移和参考范围变化？","个体索引、平台版本与测量口径","本方向具体检查：核对平台、测量单位与参考口径，区分技术差异和生物差异。不要把「目标、执行层次与受益差异」中不同条件直接合并。","样本进入路径、平台和复核者记录，注明「检验服务评价」的来源、课题版本、已查项与未决项。","https://www.nih.gov/about-nih/science-health-public-trust/tools/understanding-clinical-studies；https://www.nhlbi.nih.gov/health-topics/study-quality-assessment-tools"
"lab-medicine-12","lab-medicine","诊断准确性研究","研究对象、观察窗口与资料比较条件","pathology","诊断准确性研究：多张图像为什么不等于多位独立患者？","诊断准确性研究：新的判读辅助能否在困难样本与外部来源中保持可解释的错误？","设备平台、读者判断与个体索引","本方向具体检查：按个体划分记录，保留平台版本和读者分歧。不要把「研究对象、观察窗口与资料比较条件」中不同条件直接合并。","样本进入路径、平台和复核者记录，注明「诊断准确性研究」的来源、课题版本、已查项与未决项。","https://www.nih.gov/about-nih/science-health-public-trust/tools/understanding-clinical-studies；https://www.nhlbi.nih.gov/health-topics/study-quality-assessment-tools"
"nuclear-medicine-1","nuclear-medicine","分子影像","对象内重复、平台版本与图像质量","clinical-imaging","分子影像：多张图像为什么不等于多位独立患者？","分子影像：跨机构评价能否保留个体独立性，并区分图像性能与患者结局？","设备平台、读者判断与个体索引","本方向具体检查：按个体划分记录，保留平台版本和读者分歧。不要把「对象内重复、平台版本与图像质量」中不同条件直接合并。","个体、平台版本与判读分歧索引，注明「分子影像」的来源、课题版本、已查项与未决项。","https://www.nih.gov/about-nih/science-health-public-trust/tools/understanding-clinical-studies；https://www.nhlbi.nih.gov/health-topics/study-quality-assessment-tools"
"nuclear-medicine-2","nuclear-medicine","PET影像","对象内重复、平台版本与图像质量","clinical-imaging","PET影像：多张图像为什么不等于多位独立患者？","PET影像：跨机构评价能否保留个体独立性，并区分图像性能与患者结局？","设备平台、读者判断与个体索引","本方向具体检查：按个体划分记录，保留平台版本和读者分歧。不要把「对象内重复、平台版本与图像质量」中不同条件直接合并。","个体、平台版本与判读分歧索引，注明「PET影像」的来源、课题版本、已查项与未决项。","https://www.nih.gov/about-nih/science-health-public-trust/tools/understanding-clinical-studies；https://www.nhlbi.nih.gov/health-topics/study-quality-assessment-tools"
"nuclear-medicine-3","nuclear-medicine","SPECT影像","对象内重复、平台版本与图像质量","clinical-imaging","SPECT影像：多张图像为什么不等于多位独立患者？","SPECT影像：跨机构评价能否保留个体独立性，并区分图像性能与患者结局？","设备平台、读者判断与个体索引","本方向具体检查：按个体划分记录，保留平台版本和读者分歧。不要把「对象内重复、平台版本与图像质量」中不同条件直接合并。","个体、平台版本与判读分歧索引，注明「SPECT影像」的来源、课题版本、已查项与未决项。","https://www.nih.gov/about-nih/science-health-public-trust/tools/understanding-clinical-studies；https://www.nhlbi.nih.gov/health-topics/study-quality-assessment-tools"
"nuclear-medicine-4","nuclear-medicine","多模态影像","对象内重复、平台版本与图像质量","clinical-imaging","多模态影像：多张图像为什么不等于多位独立患者？","多模态影像：跨机构评价能否保留个体独立性，并区分图像性能与患者结局？","设备平台、读者判断与个体索引","本方向具体检查：按个体划分记录，保留平台版本和读者分歧。不要把「对象内重复、平台版本与图像质量」中不同条件直接合并。","个体、平台版本与判读分歧索引，注明「多模态影像」的来源、课题版本、已查项与未决项。","https://www.nih.gov/about-nih/science-health-public-trust/tools/understanding-clinical-studies；https://www.nhlbi.nih.gov/health-topics/study-quality-assessment-tools"
"nuclear-medicine-5","nuclear-medicine","心脏核医学","研究对象、观察窗口与资料比较条件","evidence-imaging","心脏核医学：多张图像为什么不等于多位独立患者？","心脏核医学：病理或影像基础模型能否跨机构保留判读与预测性能？","设备平台、读者判断与个体索引","本方向具体检查：按个体划分记录，保留平台版本和读者分歧。不要把「研究对象、观察窗口与资料比较条件」中不同条件直接合并。","设备平台、读者判断与个体索引的来源与比较条件记录，注明「心脏核医学」的来源、课题版本、已查项与未决项。","https://www.nih.gov/about-nih/science-health-public-trust/tools/understanding-clinical-studies；https://www.nhlbi.nih.gov/health-topics/study-quality-assessment-tools"
"nuclear-medicine-6","nuclear-medicine","肿瘤核医学","研究对象、观察窗口与资料比较条件","tumor","肿瘤核医学：多张图像为什么不等于多位独立患者？","肿瘤核医学：多来源肿瘤资料能否保留异质性、失访和独立评估，而不只改善内部分类？","设备平台、读者判断与个体索引","本方向具体检查：按个体划分记录，保留平台版本和读者分歧。不要把「研究对象、观察窗口与资料比较条件」中不同条件直接合并。","对象进入、分型与患者结局窗口表，注明「肿瘤核医学」的来源、课题版本、已查项与未决项。","https://www.nih.gov/about-nih/science-health-public-trust/tools/understanding-clinical-studies；https://www.nhlbi.nih.gov/health-topics/study-quality-assessment-tools"
"nuclear-medicine-7","nuclear-medicine","神经核医学","研究对象、观察窗口与资料比较条件","evidence-imaging","神经核医学：多张图像为什么不等于多位独立患者？","神经核医学：病理或影像基础模型能否跨机构保留判读与预测性能？","设备平台、读者判断与个体索引","本方向具体检查：按个体划分记录，保留平台版本和读者分歧。不要把「研究对象、观察窗口与资料比较条件」中不同条件直接合并。","设备平台、读者判断与个体索引的来源与比较条件记录，注明「神经核医学」的来源、课题版本、已查项与未决项。","https://www.nih.gov/about-nih/science-health-public-trust/tools/understanding-clinical-studies；https://www.nhlbi.nih.gov/health-topics/study-quality-assessment-tools"
"nuclear-medicine-8","nuclear-medicine","定量成像","对象内重复、平台版本与图像质量","clinical-imaging","定量成像：多张图像为什么不等于多位独立患者？","定量成像：跨机构评价能否保留个体独立性，并区分图像性能与患者结局？","设备平台、读者判断与个体索引","本方向具体检查：按个体划分记录，保留平台版本和读者分歧。不要把「对象内重复、平台版本与图像质量」中不同条件直接合并。","个体、平台版本与判读分歧索引，注明「定量成像」的来源、课题版本、已查项与未决项。","https://www.nih.gov/about-nih/science-health-public-trust/tools/understanding-clinical-studies；https://www.nhlbi.nih.gov/health-topics/study-quality-assessment-tools"
"nuclear-medicine-9","nuclear-medicine","图像重建","对象内重复、平台版本与图像质量","clinical-imaging","图像重建：多张图像为什么不等于多位独立患者？","图像重建：跨机构评价能否保留个体独立性，并区分图像性能与患者结局？","设备平台、读者判断与个体索引","本方向具体检查：按个体划分记录，保留平台版本和读者分歧。不要把「对象内重复、平台版本与图像质量」中不同条件直接合并。","个体、平台版本与判读分歧索引，注明「图像重建」的来源、课题版本、已查项与未决项。","https://www.nih.gov/about-nih/science-health-public-trust/tools/understanding-clinical-studies；https://www.nhlbi.nih.gov/health-topics/study-quality-assessment-tools"
"nuclear-medicine-10","nuclear-medicine","影像资料质控","对象内重复、平台版本与图像质量","clinical-imaging","影像资料质控：多张图像为什么不等于多位独立患者？","影像资料质控：跨机构评价能否保留个体独立性，并区分图像性能与患者结局？","设备平台、读者判断与个体索引","本方向具体检查：按个体划分记录，保留平台版本和读者分歧。不要把「对象内重复、平台版本与图像质量」中不同条件直接合并。","个体、平台版本与判读分歧索引，注明「影像资料质控」的来源、课题版本、已查项与未决项。","https://www.nih.gov/about-nih/science-health-public-trust/tools/understanding-clinical-studies；https://www.nhlbi.nih.gov/health-topics/study-quality-assessment-tools"
"nuclear-medicine-11","nuclear-medicine","成像一致性","对象内重复、平台版本与图像质量","clinical-imaging","成像一致性：多张图像为什么不等于多位独立患者？","成像一致性：跨机构评价能否保留个体独立性，并区分图像性能与患者结局？","设备平台、读者判断与个体索引","本方向具体检查：按个体划分记录，保留平台版本和读者分歧。不要把「对象内重复、平台版本与图像质量」中不同条件直接合并。","个体、平台版本与判读分歧索引，注明「成像一致性」的来源、课题版本、已查项与未决项。","https://www.nih.gov/about-nih/science-health-public-trust/tools/understanding-clinical-studies；https://www.nhlbi.nih.gov/health-topics/study-quality-assessment-tools"
"nuclear-medicine-12","nuclear-medicine","设备与软件评价","原型版本、使用任务与失败反馈","evidence-imaging","设备与软件评价：多张图像为什么不等于多位独立患者？","设备与软件评价：病理或影像基础模型能否跨机构保留判读与预测性能？","设备平台、读者判断与个体索引","本方向具体检查：按个体划分记录，保留平台版本和读者分歧。不要把「原型版本、使用任务与失败反馈」中不同条件直接合并。","设备平台、读者判断与个体索引的来源与比较条件记录，注明「设备与软件评价」的来源、课题版本、已查项与未决项。","https://www.nih.gov/about-nih/science-health-public-trust/tools/understanding-clinical-studies；https://www.nhlbi.nih.gov/health-topics/study-quality-assessment-tools"
"rehabilitation-1","rehabilitation","神经康复","阶段、生活条件与功能或体验变化","subject-rehab","神经康复：测试做得更好，日常哪项活动真的发生了改变？","神经康复：辅助技术怎样评价撤去支持后的持续参与？","标准任务、日常活动与参与记录","分开测试改善、实际功能与生活参与","标准任务、日常活动与参与记录的比较与解释记录","https://www.nih.gov/about-nih/science-health-public-trust/tools/understanding-clinical-studies；https://www.nhlbi.nih.gov/health-topics/study-quality-assessment-tools"
"rehabilitation-2","rehabilitation","心肺康复","阶段、生活条件与功能或体验变化","subject-rehab","心肺康复：测试做得更好，日常哪项活动真的发生了改变？","心肺康复：辅助技术怎样评价撤去支持后的持续参与？","标准任务、日常活动与参与记录","分开测试改善、实际功能与生活参与","标准任务、日常活动与参与记录的比较与解释记录","https://www.nih.gov/about-nih/science-health-public-trust/tools/understanding-clinical-studies；https://www.nhlbi.nih.gov/health-topics/study-quality-assessment-tools"
"rehabilitation-3","rehabilitation","肌骨康复","阶段、生活条件与功能或体验变化","subject-rehab","肌骨康复：测试做得更好，日常哪项活动真的发生了改变？","肌骨康复：辅助技术怎样评价撤去支持后的持续参与？","标准任务、日常活动与参与记录","分开测试改善、实际功能与生活参与","标准任务、日常活动与参与记录的比较与解释记录","https://www.nih.gov/about-nih/science-health-public-trust/tools/understanding-clinical-studies；https://www.nhlbi.nih.gov/health-topics/study-quality-assessment-tools"
"rehabilitation-4","rehabilitation","运动功能","任务或测量条件、重复记录与时间","subject-rehab","运动功能：测试做得更好，日常哪项活动真的发生了改变？","运动功能：辅助技术怎样评价撤去支持后的持续参与？","标准任务、日常活动与参与记录","分开测试改善、实际功能与生活参与","标准任务、日常活动与参与记录的比较与解释记录","https://www.nih.gov/about-nih/science-health-public-trust/tools/understanding-clinical-studies；https://www.nhlbi.nih.gov/health-topics/study-quality-assessment-tools"
"rehabilitation-5","rehabilitation","作业与生活功能","任务或测量条件、重复记录与时间","subject-rehab","作业与生活功能：测试做得更好，日常哪项活动真的发生了改变？","作业与生活功能：辅助技术怎样评价撤去支持后的持续参与？","标准任务、日常活动与参与记录","分开测试改善、实际功能与生活参与","标准任务、日常活动与参与记录的比较与解释记录","https://www.nih.gov/about-nih/science-health-public-trust/tools/understanding-clinical-studies；https://www.nhlbi.nih.gov/health-topics/study-quality-assessment-tools"
"rehabilitation-6","rehabilitation","语言与吞咽研究","研究对象、观察窗口与资料比较条件","evidence-rehab","语言与吞咽研究：一次任务表现改善，如何区分练习效应与功能恢复？","语言与吞咽研究：居家动作反馈怎样连接训练依从性与真实活动能力？","功能任务、量表版本与家庭参与记录","本方向具体检查：对照任务目标、评估者和真实使用情境。不要把「研究对象、观察窗口与资料比较条件」中不同条件直接合并。","功能任务、量表版本与家庭参与记录的来源与比较条件记录，注明「语言与吞咽研究」的来源、课题版本、已查项与未决项。","https://www.nih.gov/about-nih/science-health-public-trust/tools/understanding-clinical-studies；https://www.nhlbi.nih.gov/health-topics/study-quality-assessment-tools"
"rehabilitation-7","rehabilitation","辅助技术","原型版本、使用任务与失败反馈","evidence-rehab","辅助技术：一次任务表现改善，如何区分练习效应与功能恢复？","辅助技术：居家动作反馈怎样连接训练依从性与真实活动能力？","功能任务、量表版本与家庭参与记录","本方向具体检查：对照任务目标、评估者和真实使用情境。不要把「原型版本、使用任务与失败反馈」中不同条件直接合并。","功能任务、量表版本与家庭参与记录的来源与比较条件记录，注明「辅助技术」的来源、课题版本、已查项与未决项。","https://www.nih.gov/about-nih/science-health-public-trust/tools/understanding-clinical-studies；https://www.nhlbi.nih.gov/health-topics/study-quality-assessment-tools"
"rehabilitation-8","rehabilitation","康复机器人","原型版本、使用任务与失败反馈","subject-rehab","康复机器人：测试做得更好，日常哪项活动真的发生了改变？","康复机器人：辅助技术怎样评价撤去支持后的持续参与？","标准任务、日常活动与参与记录","分开测试改善、实际功能与生活参与","标准任务、日常活动与参与记录的比较与解释记录","https://www.nih.gov/about-nih/science-health-public-trust/tools/understanding-clinical-studies；https://www.nhlbi.nih.gov/health-topics/study-quality-assessment-tools"
"rehabilitation-9","rehabilitation","远程康复","阶段、生活条件与功能或体验变化","subject-rehab","远程康复：测试做得更好，日常哪项活动真的发生了改变？","远程康复：辅助技术怎样评价撤去支持后的持续参与？","标准任务、日常活动与参与记录","分开测试改善、实际功能与生活参与","标准任务、日常活动与参与记录的比较与解释记录","https://www.nih.gov/about-nih/science-health-public-trust/tools/understanding-clinical-studies；https://www.nhlbi.nih.gov/health-topics/study-quality-assessment-tools"
"rehabilitation-10","rehabilitation","康复量表","测量含义、填答者与时间窗口","subject-rehab","康复量表：测试做得更好，日常哪项活动真的发生了改变？","康复量表：辅助技术怎样评价撤去支持后的持续参与？","标准任务、日常活动与参与记录","分开测试改善、实际功能与生活参与","标准任务、日常活动与参与记录的比较与解释记录","https://www.nih.gov/about-nih/science-health-public-trust/tools/understanding-clinical-studies；https://www.nhlbi.nih.gov/health-topics/study-quality-assessment-tools"
"rehabilitation-11","rehabilitation","参与与生活质量","测量含义、填答者与时间窗口","scale","参与与生活质量：一次任务表现改善，如何区分练习效应与功能恢复？","参与与生活质量：跨人群测量能否保持构念含义，而不只是总分相关？","功能任务、量表版本与家庭参与记录","本方向具体检查：对照任务目标、评估者和真实使用情境。不要把「测量含义、填答者与时间窗口」中不同条件直接合并。","条目版本、填答者与缺失项说明，注明「参与与生活质量」的来源、课题版本、已查项与未决项。","https://www.nih.gov/about-nih/science-health-public-trust/tools/understanding-clinical-studies；https://www.nhlbi.nih.gov/health-topics/study-quality-assessment-tools"
"rehabilitation-12","rehabilitation","康复服务","目标、执行层次与受益差异","subject-rehab","康复服务：测试做得更好，日常哪项活动真的发生了改变？","康复服务：辅助技术怎样评价撤去支持后的持续参与？","标准任务、日常活动与参与记录","分开测试改善、实际功能与生活参与","标准任务、日常活动与参与记录的比较与解释记录","https://www.nih.gov/about-nih/science-health-public-trust/tools/understanding-clinical-studies；https://www.nhlbi.nih.gov/health-topics/study-quality-assessment-tools"
"oral-medicine-1","oral-medicine","口腔内科","研究对象、观察窗口与资料比较条件","evidence-oral","口腔内科：口腔局部表现与整体健康关系如何建立？","口腔内科：数字影像与功能资料能否描绘长期口腔健康轨迹？","检查部位索引、影像与评分者意见","本方向具体检查：区分牙位、个体和评分者，保留不同判断。不要把「研究对象、观察窗口与资料比较条件」中不同条件直接合并。","检查部位索引、影像与评分者意见的来源与比较条件记录，注明「口腔内科」的来源、课题版本、已查项与未决项。","https://www.nih.gov/about-nih/science-health-public-trust/tools/understanding-clinical-studies；https://www.nhlbi.nih.gov/health-topics/study-quality-assessment-tools"
"oral-medicine-2","oral-medicine","牙周研究","研究对象、观察窗口与资料比较条件","evidence-oral-function","牙周研究：咀嚼表现、疼痛和患者感受为什么可能变化不同步？","牙周研究：数字化功能评估怎样在不同年龄和设备上保持可比？","牙位索引、功能任务与患者体验","本方向具体检查：比较结构评价与真实任务表现，保留个体对应。不要把「研究对象、观察窗口与资料比较条件」中不同条件直接合并。","牙位索引、功能任务与患者体验的来源与比较条件记录，注明「牙周研究」的来源、课题版本、已查项与未决项。","https://www.nih.gov/about-nih/science-health-public-trust/tools/understanding-clinical-studies；https://www.nhlbi.nih.gov/health-topics/study-quality-assessment-tools"
"oral-medicine-3","oral-medicine","口腔修复","研究对象、观察窗口与资料比较条件","evidence-oral-function","口腔修复：咀嚼表现、疼痛和患者感受为什么可能变化不同步？","口腔修复：数字化功能评估怎样在不同年龄和设备上保持可比？","牙位索引、功能任务与患者体验","本方向具体检查：比较结构评价与真实任务表现，保留个体对应。不要把「研究对象、观察窗口与资料比较条件」中不同条件直接合并。","牙位索引、功能任务与患者体验的来源与比较条件记录，注明「口腔修复」的来源、课题版本、已查项与未决项。","https://www.nih.gov/about-nih/science-health-public-trust/tools/understanding-clinical-studies；https://www.nhlbi.nih.gov/health-topics/study-quality-assessment-tools"
"oral-medicine-4","oral-medicine","口腔正畸","研究对象、观察窗口与资料比较条件","evidence-oral-function","口腔正畸：咀嚼表现、疼痛和患者感受为什么可能变化不同步？","口腔正畸：数字化功能评估怎样在不同年龄和设备上保持可比？","牙位索引、功能任务与患者体验","本方向具体检查：比较结构评价与真实任务表现，保留个体对应。不要把「研究对象、观察窗口与资料比较条件」中不同条件直接合并。","牙位索引、功能任务与患者体验的来源与比较条件记录，注明「口腔正畸」的来源、课题版本、已查项与未决项。","https://www.nih.gov/about-nih/science-health-public-trust/tools/understanding-clinical-studies；https://www.nhlbi.nih.gov/health-topics/study-quality-assessment-tools"
"oral-medicine-5","oral-medicine","口腔颌面结局","入组范围、观察时间与未完成随访","survival","口腔颌面结局：口腔局部表现与整体健康关系如何建立？","口腔颌面结局：动态或多来源随访能否减少信息缺口，同时避免把记录更多误当成风险更高？","检查部位索引、影像与评分者意见","本方向具体检查：区分牙位、个体和评分者，保留不同判断。不要把「入组范围、观察时间与未完成随访」中不同条件直接合并。","观察窗口、失访去向与结局定义表，注明「口腔颌面结局」的来源、课题版本、已查项与未决项。","https://www.nih.gov/about-nih/science-health-public-trust/tools/understanding-clinical-studies；https://www.nhlbi.nih.gov/health-topics/study-quality-assessment-tools"
"oral-medicine-6","oral-medicine","儿童口腔","研究对象、观察窗口与资料比较条件","development","儿童口腔：同一种指标在儿童、成人和老年阶段为何解释不同？","儿童口腔：连续观察能否区分个体变化、年龄差异与资料进入方式？","年龄窗口、照护者填答与阶段随访记录","本方向具体检查：按年龄和填答者区分量表，核对阶段转换。不要把「研究对象、观察窗口与资料比较条件」中不同条件直接合并。","阶段、生活条件与指标含义说明，注明「儿童口腔」的来源、课题版本、已查项与未决项。","https://www.nih.gov/about-nih/science-health-public-trust/tools/understanding-clinical-studies；https://www.nhlbi.nih.gov/health-topics/study-quality-assessment-tools"
"oral-medicine-7","oral-medicine","口腔影像","对象内重复、平台版本与图像质量","clinical-imaging","口腔影像：多张图像为什么不等于多位独立患者？","口腔影像：跨机构评价能否保留个体独立性，并区分图像性能与患者结局？","设备平台、读者判断与个体索引","本方向具体检查：按个体划分记录，保留平台版本和读者分歧。不要把「对象内重复、平台版本与图像质量」中不同条件直接合并。","个体、平台版本与判读分歧索引，注明「口腔影像」的来源、课题版本、已查项与未决项。","https://www.nih.gov/about-nih/science-health-public-trust/tools/understanding-clinical-studies；https://www.nhlbi.nih.gov/health-topics/study-quality-assessment-tools"
"oral-medicine-8","oral-medicine","口腔材料","研究对象、观察窗口与资料比较条件","evidence-oral","口腔材料：口腔局部表现与整体健康关系如何建立？","口腔材料：数字影像与功能资料能否描绘长期口腔健康轨迹？","检查部位索引、影像与评分者意见","本方向具体检查：区分牙位、个体和评分者，保留不同判断。不要把「研究对象、观察窗口与资料比较条件」中不同条件直接合并。","检查部位索引、影像与评分者意见的来源与比较条件记录，注明「口腔材料」的来源、课题版本、已查项与未决项。","https://www.nih.gov/about-nih/science-health-public-trust/tools/understanding-clinical-studies；https://www.nhlbi.nih.gov/health-topics/study-quality-assessment-tools"
"oral-medicine-9","oral-medicine","口腔微生态","研究对象、观察窗口与资料比较条件","evidence-oral","口腔微生态：口腔局部表现与整体健康关系如何建立？","口腔微生态：数字影像与功能资料能否描绘长期口腔健康轨迹？","检查部位索引、影像与评分者意见","本方向具体检查：区分牙位、个体和评分者，保留不同判断。不要把「研究对象、观察窗口与资料比较条件」中不同条件直接合并。","检查部位索引、影像与评分者意见的来源与比较条件记录，注明「口腔微生态」的来源、课题版本、已查项与未决项。","https://www.nih.gov/about-nih/science-health-public-trust/tools/understanding-clinical-studies；https://www.nhlbi.nih.gov/health-topics/study-quality-assessment-tools"
"oral-medicine-10","oral-medicine","口腔公共卫生","群体范围、信息来源与比较条件","governance","口腔公共卫生：口腔局部表现与整体健康关系如何建立？","口腔公共卫生：新的协作或数字治理能否缩小执行差距，并保留申诉和责任接口？","检查部位索引、影像与评分者意见","本方向具体检查：区分牙位、个体和评分者，保留不同判断。不要把「群体范围、信息来源与比较条件」中不同条件直接合并。","纸面目标、执行层次与未受益者记录，注明「口腔公共卫生」的来源、课题版本、已查项与未决项。","https://www.nih.gov/about-nih/science-health-public-trust/tools/understanding-clinical-studies；https://www.nhlbi.nih.gov/health-topics/study-quality-assessment-tools"
"oral-medicine-11","oral-medicine","数字口腔","研究对象、观察窗口与资料比较条件","evidence-oral","数字口腔：口腔局部表现与整体健康关系如何建立？","数字口腔：数字影像与功能资料能否描绘长期口腔健康轨迹？","检查部位索引、影像与评分者意见","本方向具体检查：区分牙位、个体和评分者，保留不同判断。不要把「研究对象、观察窗口与资料比较条件」中不同条件直接合并。","检查部位索引、影像与评分者意见的来源与比较条件记录，注明「数字口腔」的来源、课题版本、已查项与未决项。","https://www.nih.gov/about-nih/science-health-public-trust/tools/understanding-clinical-studies；https://www.nhlbi.nih.gov/health-topics/study-quality-assessment-tools"
"oral-medicine-12","oral-medicine","口腔生活质量","测量含义、填答者与时间窗口","scale","口腔生活质量：同一量表在两类人群里测到的是同一个构念吗？","口腔生活质量：跨人群测量能否保持构念含义，而不只是总分相关？","条目版本、填答者与缺失条目","本方向具体检查：先确认量表含义和适用对象，再比较总分。不要把「测量含义、填答者与时间窗口」中不同条件直接合并。","条目版本、填答者与缺失项说明，注明「口腔生活质量」的来源、课题版本、已查项与未决项。","https://www.nhlbi.nih.gov/health-topics/study-quality-assessment-tools"
"traditional-medicine-1","traditional-medicine","中医基础文献","出处、整理版本与术语语境","traditional","中医基础文献：历史术语与现代研究指标如何建立清楚的接口？","中医基础文献：跨传统材料与现代资料的比较能否保留术语和对象差异，并接受可核对的评价？","术语来源、辨识规则与研究记录","本方向具体检查：把历史解释、现代观察与具体评价分别记下。不要把「出处、整理版本与术语语境」中不同条件直接合并。","原典、术语版本与现代评价条件表，注明「中医基础文献」的来源、课题版本、已查项与未决项。","https://www.nih.gov/about-nih/science-health-public-trust/tools/understanding-clinical-studies；https://www.nhlbi.nih.gov/health-topics/study-quality-assessment-tools"
"traditional-medicine-2","traditional-medicine","中医临床结局","入组范围、观察时间与未完成随访","survival","中医临床结局：历史术语与现代研究指标如何建立清楚的接口？","中医临床结局：动态或多来源随访能否减少信息缺口，同时避免把记录更多误当成风险更高？","术语来源、辨识规则与研究记录","本方向具体检查：把历史解释、现代观察与具体评价分别记下。不要把「入组范围、观察时间与未完成随访」中不同条件直接合并。","观察窗口、失访去向与结局定义表，注明「中医临床结局」的来源、课题版本、已查项与未决项。","https://www.nih.gov/about-nih/science-health-public-trust/tools/understanding-clinical-studies；https://www.nhlbi.nih.gov/health-topics/study-quality-assessment-tools"
"traditional-medicine-3","traditional-medicine","中医内科研究","研究对象、观察窗口与资料比较条件","traditional","中医内科研究：历史术语与现代研究指标如何建立清楚的接口？","中医内科研究：跨传统材料与现代资料的比较能否保留术语和对象差异，并接受可核对的评价？","术语来源、辨识规则与研究记录","本方向具体检查：把历史解释、现代观察与具体评价分别记下。不要把「研究对象、观察窗口与资料比较条件」中不同条件直接合并。","原典、术语版本与现代评价条件表，注明「中医内科研究」的来源、课题版本、已查项与未决项。","https://www.nih.gov/about-nih/science-health-public-trust/tools/understanding-clinical-studies；https://www.nhlbi.nih.gov/health-topics/study-quality-assessment-tools"
"traditional-medicine-4","traditional-medicine","中医妇儿研究","研究对象、观察窗口与资料比较条件","traditional","中医妇儿研究：同一种指标在儿童、成人和老年阶段为何解释不同？","中医妇儿研究：跨传统材料与现代资料的比较能否保留术语和对象差异，并接受可核对的评价？","年龄窗口、照护者填答与阶段随访记录","本方向具体检查：按年龄和填答者区分量表，核对阶段转换。不要把「研究对象、观察窗口与资料比较条件」中不同条件直接合并。","原典、术语版本与现代评价条件表，注明「中医妇儿研究」的来源、课题版本、已查项与未决项。","https://www.nih.gov/about-nih/science-health-public-trust/tools/understanding-clinical-studies；https://www.nhlbi.nih.gov/health-topics/study-quality-assessment-tools"
"traditional-medicine-5","traditional-medicine","中医老年健康","阶段、生活条件与功能或体验变化","development","中医老年健康：同一种指标在儿童、成人和老年阶段为何解释不同？","中医老年健康：连续观察能否区分个体变化、年龄差异与资料进入方式？","年龄窗口、照护者填答与阶段随访记录","本方向具体检查：按年龄和填答者区分量表，核对阶段转换。不要把「阶段、生活条件与功能或体验变化」中不同条件直接合并。","阶段、生活条件与指标含义说明，注明「中医老年健康」的来源、课题版本、已查项与未决项。","https://www.nih.gov/about-nih/science-health-public-trust/tools/understanding-clinical-studies；https://www.nhlbi.nih.gov/health-topics/study-quality-assessment-tools"
"traditional-medicine-6","traditional-medicine","中医康复","阶段、生活条件与功能或体验变化","rehab","中医康复：一次任务表现改善，如何区分练习效应与功能恢复？","中医康复：个体化或辅助技术能否把表现改善转成可持续的生活参与？","功能任务、量表版本与家庭参与记录","本方向具体检查：对照任务目标、评估者和真实使用情境。不要把「阶段、生活条件与功能或体验变化」中不同条件直接合并。","任务条件、阶段与日常功能对照页，注明「中医康复」的来源、课题版本、已查项与未决项。","https://www.nih.gov/about-nih/science-health-public-trust/tools/understanding-clinical-studies；https://www.nhlbi.nih.gov/health-topics/study-quality-assessment-tools"
"traditional-medicine-7","traditional-medicine","针灸研究方法","研究对象、观察窗口与资料比较条件","traditional","针灸研究方法：历史术语与现代研究指标如何建立清楚的接口？","针灸研究方法：跨传统材料与现代资料的比较能否保留术语和对象差异，并接受可核对的评价？","术语来源、辨识规则与研究记录","本方向具体检查：把历史解释、现代观察与具体评价分别记下。不要把「研究对象、观察窗口与资料比较条件」中不同条件直接合并。","原典、术语版本与现代评价条件表，注明「针灸研究方法」的来源、课题版本、已查项与未决项。","https://www.nih.gov/about-nih/science-health-public-trust/tools/understanding-clinical-studies；https://www.nhlbi.nih.gov/health-topics/study-quality-assessment-tools"
"traditional-medicine-8","traditional-medicine","中药资料研究","研究对象、观察窗口与资料比较条件","traditional","中药资料研究：暴露、作用信号与有效性为什么需要分开？","中药资料研究：跨传统材料与现代资料的比较能否保留术语和对象差异，并接受可核对的评价？","药物来源、测量单位与作用评价记录","本方向具体检查：分开作用信号、暴露条件与安全性记录。不要把「研究对象、观察窗口与资料比较条件」中不同条件直接合并。","原典、术语版本与现代评价条件表，注明「中药资料研究」的来源、课题版本、已查项与未决项。","https://www.fda.gov/patients/learn-about-drug-and-device-approvals/drug-development-process；https://www.nhlbi.nih.gov/health-topics/study-quality-assessment-tools"
"traditional-medicine-9","traditional-medicine","传统知识整理","出处、整理版本与术语语境","traditional","传统知识整理：历史术语与现代研究指标如何建立清楚的接口？","传统知识整理：跨传统材料与现代资料的比较能否保留术语和对象差异，并接受可核对的评价？","术语来源、辨识规则与研究记录","本方向具体检查：把历史解释、现代观察与具体评价分别记下。不要把「出处、整理版本与术语语境」中不同条件直接合并。","原典、术语版本与现代评价条件表，注明「传统知识整理」的来源、课题版本、已查项与未决项。","https://www.nih.gov/about-nih/science-health-public-trust/tools/understanding-clinical-studies；https://www.nhlbi.nih.gov/health-topics/study-quality-assessment-tools"
"traditional-medicine-10","traditional-medicine","中西医结合评价","研究对象、观察窗口与资料比较条件","evidence-traditional","中西医结合评价：历史术语与现代研究指标如何建立清楚的接口？","中西医结合评价：传统分类与现代多来源资料能否形成可重复的评价关系？","术语来源、辨识规则与研究记录","本方向具体检查：把历史解释、现代观察与具体评价分别记下。不要把「研究对象、观察窗口与资料比较条件」中不同条件直接合并。","术语来源、辨识规则与研究记录的来源与比较条件记录，注明「中西医结合评价」的来源、课题版本、已查项与未决项。","https://www.nih.gov/about-nih/science-health-public-trust/tools/understanding-clinical-studies；https://www.nhlbi.nih.gov/health-topics/study-quality-assessment-tools"
"traditional-medicine-11","traditional-medicine","中医健康服务","目标、执行层次与受益差异","traditional","中医健康服务：医疗服务被提供了，为什么不等于患者真正获得了它？","中医健康服务：跨传统材料与现代资料的比较能否保留术语和对象差异，并接受可核对的评价？","服务路径、支付口径与使用者反馈","本方向具体检查：分开服务可及、使用与结果，核对就医选择。不要把「目标、执行层次与受益差异」中不同条件直接合并。","原典、术语版本与现代评价条件表，注明「中医健康服务」的来源、课题版本、已查项与未决项。","https://www.ninr.nih.gov/research/priority-areas；https://www.nhlbi.nih.gov/health-topics/study-quality-assessment-tools"
"traditional-medicine-12","traditional-medicine","中医证候一致性","测量口径、平台或读者差异","traditional","中医证候一致性：历史术语与现代研究指标如何建立清楚的接口？","中医证候一致性：跨传统材料与现代资料的比较能否保留术语和对象差异，并接受可核对的评价？","术语来源、辨识规则与研究记录","本方向具体检查：把历史解释、现代观察与具体评价分别记下。不要把「测量口径、平台或读者差异」中不同条件直接合并。","原典、术语版本与现代评价条件表，注明「中医证候一致性」的来源、课题版本、已查项与未决项。","https://www.nih.gov/about-nih/science-health-public-trust/tools/understanding-clinical-studies；https://www.nhlbi.nih.gov/health-topics/study-quality-assessment-tools"
"medical-genetics-1","medical-genetics","罕见病资料","研究对象、观察窗口与资料比较条件","evidence-genetic-association","罕见病资料：遗传关联为何不能独立说明某条分子机制？","罕见病资料：不同祖源资料与功能注释怎样共同缩小候选解释？","变异注释版本、来源群体与表型定义","本方向具体检查：对照群体背景、注释与表型，区分关联和功能解释。不要把「研究对象、观察窗口与资料比较条件」中不同条件直接合并。","变异注释版本、来源群体与表型定义的来源与比较条件记录，注明「罕见病资料」的来源、课题版本、已查项与未决项。","https://www.stat.tsinghua.edu.cn/kxyj/kylyy.htm；https://www.nhlbi.nih.gov/health-topics/study-quality-assessment-tools"
"medical-genetics-2","medical-genetics","心血管遗传","对象关系、参考版本与变异解释","genetics","心血管遗传：遗传关联为何不能独立说明某条分子机制？","心血管遗传：多来源证据能否缩小候选解释，同时保留群体与模型的边界？","变异标识、效应等位基因与祖源构成","本方向具体检查：对齐等位基因、效应方向和研究人群，区分关联与机制。不要把「对象关系、参考版本与变异解释」中不同条件直接合并。","参考版本、对象关系与证据层级表，注明「心血管遗传」的来源、课题版本、已查项与未决项。","https://www.stat.tsinghua.edu.cn/kxyj/kylyy.htm；https://www.nhlbi.nih.gov/health-topics/study-quality-assessment-tools"
"medical-genetics-3","medical-genetics","神经遗传","对象关系、参考版本与变异解释","genetics","神经遗传：遗传关联为何不能独立说明某条分子机制？","神经遗传：多来源证据能否缩小候选解释，同时保留群体与模型的边界？","变异标识、效应等位基因与祖源构成","本方向具体检查：对齐等位基因、效应方向和研究人群，区分关联与机制。不要把「对象关系、参考版本与变异解释」中不同条件直接合并。","参考版本、对象关系与证据层级表，注明「神经遗传」的来源、课题版本、已查项与未决项。","https://www.stat.tsinghua.edu.cn/kxyj/kylyy.htm；https://www.nhlbi.nih.gov/health-topics/study-quality-assessment-tools"
"medical-genetics-4","medical-genetics","肿瘤遗传","对象关系、参考版本与变异解释","genetics","肿瘤遗传：遗传关联为何不能独立说明某条分子机制？","肿瘤遗传：多来源证据能否缩小候选解释，同时保留群体与模型的边界？","变异标识、效应等位基因与祖源构成","本方向具体检查：对齐等位基因、效应方向和研究人群，区分关联与机制。不要把「对象关系、参考版本与变异解释」中不同条件直接合并。","参考版本、对象关系与证据层级表，注明「肿瘤遗传」的来源、课题版本、已查项与未决项。","https://www.stat.tsinghua.edu.cn/kxyj/kylyy.htm；https://www.nhlbi.nih.gov/health-topics/study-quality-assessment-tools"
"medical-genetics-5","medical-genetics","代谢遗传","对象关系、参考版本与变异解释","genetics","代谢遗传：遗传关联为何不能独立说明某条分子机制？","代谢遗传：多来源证据能否缩小候选解释，同时保留群体与模型的边界？","变异标识、效应等位基因与祖源构成","本方向具体检查：对齐等位基因、效应方向和研究人群，区分关联与机制。不要把「对象关系、参考版本与变异解释」中不同条件直接合并。","参考版本、对象关系与证据层级表，注明「代谢遗传」的来源、课题版本、已查项与未决项。","https://www.stat.tsinghua.edu.cn/kxyj/kylyy.htm；https://www.nhlbi.nih.gov/health-topics/study-quality-assessment-tools"
"medical-genetics-6","medical-genetics","儿童遗传","对象关系、参考版本与变异解释","genetics","儿童遗传：遗传关联为何不能独立说明某条分子机制？","儿童遗传：多来源证据能否缩小候选解释，同时保留群体与模型的边界？","变异标识、效应等位基因与祖源构成","本方向具体检查：对齐等位基因、效应方向和研究人群，区分关联与机制。不要把「对象关系、参考版本与变异解释」中不同条件直接合并。","参考版本、对象关系与证据层级表，注明「儿童遗传」的来源、课题版本、已查项与未决项。","https://www.stat.tsinghua.edu.cn/kxyj/kylyy.htm；https://www.nhlbi.nih.gov/health-topics/study-quality-assessment-tools"
"medical-genetics-7","medical-genetics","遗传变异解释","对象关系、参考版本与变异解释","genetics","遗传变异解释：遗传关联为何不能独立说明某条分子机制？","遗传变异解释：多来源证据能否缩小候选解释，同时保留群体与模型的边界？","变异标识、效应等位基因与祖源构成","本方向具体检查：对齐等位基因、效应方向和研究人群，区分关联与机制。不要把「对象关系、参考版本与变异解释」中不同条件直接合并。","参考版本、对象关系与证据层级表，注明「遗传变异解释」的来源、课题版本、已查项与未决项。","https://www.stat.tsinghua.edu.cn/kxyj/kylyy.htm；https://www.nhlbi.nih.gov/health-topics/study-quality-assessment-tools"
"medical-genetics-8","medical-genetics","家系资料整理","对象关系、参考版本与变异解释","genetics","家系资料整理：遗传关联为何不能独立说明某条分子机制？","家系资料整理：多来源证据能否缩小候选解释，同时保留群体与模型的边界？","变异注释版本、来源群体与表型定义","本方向具体检查：对照群体背景、注释与表型，区分关联和功能解释。不要把「对象关系、参考版本与变异解释」中不同条件直接合并。","参考版本、对象关系与证据层级表，注明「家系资料整理」的来源、课题版本、已查项与未决项。","https://www.stat.tsinghua.edu.cn/kxyj/kylyy.htm；https://www.nhlbi.nih.gov/health-topics/study-quality-assessment-tools"
"medical-genetics-9","medical-genetics","遗传资料质量","对象关系、参考版本与变异解释","genetics","遗传资料质量：遗传关联为何不能独立说明某条分子机制？","遗传资料质量：多来源证据能否缩小候选解释，同时保留群体与模型的边界？","变异标识、效应等位基因与祖源构成","本方向具体检查：对齐等位基因、效应方向和研究人群，区分关联与机制。不要把「对象关系、参考版本与变异解释」中不同条件直接合并。","参考版本、对象关系与证据层级表，注明「遗传资料质量」的来源、课题版本、已查项与未决项。","https://www.stat.tsinghua.edu.cn/kxyj/kylyy.htm；https://www.nhlbi.nih.gov/health-topics/study-quality-assessment-tools"
"medical-genetics-10","medical-genetics","群体遗传","对象关系、参考版本与变异解释","genetics","群体遗传：遗传关联为何不能独立说明某条分子机制？","群体遗传：多来源证据能否缩小候选解释，同时保留群体与模型的边界？","变异标识、效应等位基因与祖源构成","本方向具体检查：对齐等位基因、效应方向和研究人群，区分关联与机制。不要把「对象关系、参考版本与变异解释」中不同条件直接合并。","参考版本、对象关系与证据层级表，注明「群体遗传」的来源、课题版本、已查项与未决项。","https://www.stat.tsinghua.edu.cn/kxyj/kylyy.htm；https://www.nhlbi.nih.gov/health-topics/study-quality-assessment-tools"
"medical-genetics-11","medical-genetics","遗传与环境","对象关系、参考版本与变异解释","genetics","遗传与环境：遗传关联为何不能独立说明某条分子机制？","遗传与环境：多来源证据能否缩小候选解释，同时保留群体与模型的边界？","变异标识、效应等位基因与祖源构成","本方向具体检查：对齐等位基因、效应方向和研究人群，区分关联与机制。不要把「对象关系、参考版本与变异解释」中不同条件直接合并。","参考版本、对象关系与证据层级表，注明「遗传与环境」的来源、课题版本、已查项与未决项。","https://www.stat.tsinghua.edu.cn/kxyj/kylyy.htm；https://www.nhlbi.nih.gov/health-topics/study-quality-assessment-tools"
"medical-genetics-12","medical-genetics","遗传咨询体验","对象关系、参考版本与变异解释","scale","遗传咨询体验：遗传关联为何不能独立说明某条分子机制？","遗传咨询体验：跨人群测量能否保持构念含义，而不只是总分相关？","变异标识、效应等位基因与祖源构成","本方向具体检查：对齐等位基因、效应方向和研究人群，区分关联与机制。不要把「对象关系、参考版本与变异解释」中不同条件直接合并。","条目版本、填答者与缺失项说明，注明「遗传咨询体验」的来源、课题版本、已查项与未决项。","https://www.stat.tsinghua.edu.cn/kxyj/kylyy.htm；https://www.nhlbi.nih.gov/health-topics/study-quality-assessment-tools"
"anatomy-physiology-1","anatomy-physiology","人体解剖","研究对象、观察窗口与资料比较条件","evidence-anatomy","人体解剖：形态结构与生理功能怎样建立对应？","人体解剖：跨尺度图谱如何连接组织结构与动态功能？","结构图谱、发育阶段与功能观察记录","本方向具体检查：对应结构、阶段与观察条件，不用形态代替功能。不要把「研究对象、观察窗口与资料比较条件」中不同条件直接合并。","结构图谱、发育阶段与功能观察记录的来源与比较条件记录，注明「人体解剖」的来源、课题版本、已查项与未决项。","https://openstax.org/books/anatomy-and-physiology-2e/pages/preface"
"anatomy-physiology-2","anatomy-physiology","组织与发育","资料来源、批次与模型范围","development","组织与发育：形态结构与生理功能怎样建立对应？","组织与发育：连续观察能否区分个体变化、年龄差异与资料进入方式？","结构图谱、发育阶段与功能观察记录","本方向具体检查：对应结构、阶段与观察条件，不用形态代替功能。不要把「资料来源、批次与模型范围」中不同条件直接合并。","阶段、生活条件与指标含义说明，注明「组织与发育」的来源、课题版本、已查项与未决项。","https://openstax.org/books/anatomy-and-physiology-2e/pages/preface"
"anatomy-physiology-3","anatomy-physiology","心血管生理","任务或测量条件、重复记录与时间","evidence-anatomy","心血管生理：形态结构与生理功能怎样建立对应？","心血管生理：跨尺度图谱如何连接组织结构与动态功能？","结构图谱、发育阶段与功能观察记录","本方向具体检查：对应结构、阶段与观察条件，不用形态代替功能。不要把「任务或测量条件、重复记录与时间」中不同条件直接合并。","结构图谱、发育阶段与功能观察记录的来源与比较条件记录，注明「心血管生理」的来源、课题版本、已查项与未决项。","https://openstax.org/books/anatomy-and-physiology-2e/pages/preface"
"anatomy-physiology-4","anatomy-physiology","呼吸生理","任务或测量条件、重复记录与时间","evidence-anatomy","呼吸生理：形态结构与生理功能怎样建立对应？","呼吸生理：跨尺度图谱如何连接组织结构与动态功能？","结构图谱、发育阶段与功能观察记录","本方向具体检查：对应结构、阶段与观察条件，不用形态代替功能。不要把「任务或测量条件、重复记录与时间」中不同条件直接合并。","结构图谱、发育阶段与功能观察记录的来源与比较条件记录，注明「呼吸生理」的来源、课题版本、已查项与未决项。","https://openstax.org/books/anatomy-and-physiology-2e/pages/preface"
"anatomy-physiology-5","anatomy-physiology","神经生理","任务或测量条件、重复记录与时间","evidence-anatomy","神经生理：形态结构与生理功能怎样建立对应？","神经生理：跨尺度图谱如何连接组织结构与动态功能？","结构图谱、发育阶段与功能观察记录","本方向具体检查：对应结构、阶段与观察条件，不用形态代替功能。不要把「任务或测量条件、重复记录与时间」中不同条件直接合并。","结构图谱、发育阶段与功能观察记录的来源与比较条件记录，注明「神经生理」的来源、课题版本、已查项与未决项。","https://openstax.org/books/anatomy-and-physiology-2e/pages/preface"
"anatomy-physiology-6","anatomy-physiology","内分泌生理","任务或测量条件、重复记录与时间","evidence-anatomy","内分泌生理：形态结构与生理功能怎样建立对应？","内分泌生理：跨尺度图谱如何连接组织结构与动态功能？","结构图谱、发育阶段与功能观察记录","本方向具体检查：对应结构、阶段与观察条件，不用形态代替功能。不要把「任务或测量条件、重复记录与时间」中不同条件直接合并。","结构图谱、发育阶段与功能观察记录的来源与比较条件记录，注明「内分泌生理」的来源、课题版本、已查项与未决项。","https://openstax.org/books/anatomy-and-physiology-2e/pages/preface"
"anatomy-physiology-7","anatomy-physiology","肾脏生理","任务或测量条件、重复记录与时间","evidence-anatomy","肾脏生理：形态结构与生理功能怎样建立对应？","肾脏生理：跨尺度图谱如何连接组织结构与动态功能？","结构图谱、发育阶段与功能观察记录","本方向具体检查：对应结构、阶段与观察条件，不用形态代替功能。不要把「任务或测量条件、重复记录与时间」中不同条件直接合并。","结构图谱、发育阶段与功能观察记录的来源与比较条件记录，注明「肾脏生理」的来源、课题版本、已查项与未决项。","https://openstax.org/books/anatomy-and-physiology-2e/pages/preface"
"anatomy-physiology-8","anatomy-physiology","消化生理","任务或测量条件、重复记录与时间","evidence-anatomy","消化生理：形态结构与生理功能怎样建立对应？","消化生理：跨尺度图谱如何连接组织结构与动态功能？","结构图谱、发育阶段与功能观察记录","本方向具体检查：对应结构、阶段与观察条件，不用形态代替功能。不要把「任务或测量条件、重复记录与时间」中不同条件直接合并。","结构图谱、发育阶段与功能观察记录的来源与比较条件记录，注明「消化生理」的来源、课题版本、已查项与未决项。","https://openstax.org/books/anatomy-and-physiology-2e/pages/preface"
"anatomy-physiology-9","anatomy-physiology","运动生理","任务或测量条件、重复记录与时间","evidence-anatomy","运动生理：形态结构与生理功能怎样建立对应？","运动生理：跨尺度图谱如何连接组织结构与动态功能？","结构图谱、发育阶段与功能观察记录","本方向具体检查：对应结构、阶段与观察条件，不用形态代替功能。不要把「任务或测量条件、重复记录与时间」中不同条件直接合并。","结构图谱、发育阶段与功能观察记录的来源与比较条件记录，注明「运动生理」的来源、课题版本、已查项与未决项。","https://openstax.org/books/anatomy-and-physiology-2e/pages/preface"
"anatomy-physiology-10","anatomy-physiology","系统生理","任务或测量条件、重复记录与时间","evidence-anatomy","系统生理：形态结构与生理功能怎样建立对应？","系统生理：跨尺度图谱如何连接组织结构与动态功能？","结构图谱、发育阶段与功能观察记录","本方向具体检查：对应结构、阶段与观察条件，不用形态代替功能。不要把「任务或测量条件、重复记录与时间」中不同条件直接合并。","结构图谱、发育阶段与功能观察记录的来源与比较条件记录，注明「系统生理」的来源、课题版本、已查项与未决项。","https://openstax.org/books/anatomy-and-physiology-2e/pages/preface"
"anatomy-physiology-11","anatomy-physiology","生理测量","任务或测量条件、重复记录与时间","evidence-anatomy","生理测量：形态结构与生理功能怎样建立对应？","生理测量：跨尺度图谱如何连接组织结构与动态功能？","结构图谱、发育阶段与功能观察记录","本方向具体检查：对应结构、阶段与观察条件，不用形态代替功能。不要把「任务或测量条件、重复记录与时间」中不同条件直接合并。","结构图谱、发育阶段与功能观察记录的来源与比较条件记录，注明「生理测量」的来源、课题版本、已查项与未决项。","https://openstax.org/books/anatomy-and-physiology-2e/pages/preface"
"anatomy-physiology-12","anatomy-physiology","医学教学研究","研究对象、观察窗口与资料比较条件","learning","医学教学研究：一个教学目标怎样转成能检验掌握的任务？","医学教学研究：智能助教的提示设计能否改善延迟迁移而非只提高即时答题？","学习目标、任务作品与课堂实施记录","本方向具体检查：对齐学习目标和评价任务，区分实施变化与工具作用。不要把「研究对象、观察窗口与资料比较条件」中不同条件直接合并。","目标、任务、辅助条件与延迟表现表，注明「医学教学研究」的来源、课题版本、已查项与未决项。","https://cter.bnu.edu.cn/docs/2024-05/e0d9749ec02e425eb45aa96fefdadc2a.pdf"
"health-policy-1","health-policy","医疗服务政策","目标、执行层次与受益差异","governance","医疗服务政策：医疗服务被提供了，为什么不等于患者真正获得了它？","医疗服务政策：新的协作或数字治理能否缩小执行差距，并保留申诉和责任接口？","服务路径、支付口径与使用者反馈","本方向具体检查：分开服务可及、使用与结果，核对就医选择。不要把「目标、执行层次与受益差异」中不同条件直接合并。","纸面目标、执行层次与未受益者记录，注明「医疗服务政策」的来源、课题版本、已查项与未决项。","https://www.ninr.nih.gov/research/priority-areas；https://www.nhlbi.nih.gov/health-topics/study-quality-assessment-tools"
"health-policy-2","health-policy","医疗质量","研究对象、观察窗口与资料比较条件","evidence-health-services","医疗质量：医疗服务被提供了，为什么不等于患者真正获得了它？","医疗质量：混合线上线下服务怎样影响照护连续性与不平等？","服务路径、支付口径与使用者反馈","本方向具体检查：分开服务可及、使用与结果，核对就医选择。不要把「研究对象、观察窗口与资料比较条件」中不同条件直接合并。","服务路径、支付口径与使用者反馈的来源与比较条件记录，注明「医疗质量」的来源、课题版本、已查项与未决项。","https://www.ninr.nih.gov/research/priority-areas；https://www.nhlbi.nih.gov/health-topics/study-quality-assessment-tools"
"health-policy-3","health-policy","医院管理","目标、执行层次与受益差异","evidence-health-services","医院管理：医疗服务被提供了，为什么不等于患者真正获得了它？","医院管理：混合线上线下服务怎样影响照护连续性与不平等？","服务路径、支付口径与使用者反馈","本方向具体检查：分开服务可及、使用与结果，核对就医选择。不要把「目标、执行层次与受益差异」中不同条件直接合并。","服务路径、支付口径与使用者反馈的来源与比较条件记录，注明「医院管理」的来源、课题版本、已查项与未决项。","https://www.ninr.nih.gov/research/priority-areas；https://www.nhlbi.nih.gov/health-topics/study-quality-assessment-tools"
"health-policy-4","health-policy","基层健康服务","目标、执行层次与受益差异","governance","基层健康服务：医疗服务被提供了，为什么不等于患者真正获得了它？","基层健康服务：新的协作或数字治理能否缩小执行差距，并保留申诉和责任接口？","服务路径、支付口径与使用者反馈","本方向具体检查：分开服务可及、使用与结果，核对就医选择。不要把「目标、执行层次与受益差异」中不同条件直接合并。","纸面目标、执行层次与未受益者记录，注明「基层健康服务」的来源、课题版本、已查项与未决项。","https://www.ninr.nih.gov/research/priority-areas；https://www.nhlbi.nih.gov/health-topics/study-quality-assessment-tools"
"health-policy-5","health-policy","卫生人力","目标、执行层次与受益差异","evidence-health-services","卫生人力：医疗服务被提供了，为什么不等于患者真正获得了它？","卫生人力：混合线上线下服务怎样影响照护连续性与不平等？","服务路径、支付口径与使用者反馈","本方向具体检查：分开服务可及、使用与结果，核对就医选择。不要把「目标、执行层次与受益差异」中不同条件直接合并。","服务路径、支付口径与使用者反馈的来源与比较条件记录，注明「卫生人力」的来源、课题版本、已查项与未决项。","https://www.ninr.nih.gov/research/priority-areas；https://www.nhlbi.nih.gov/health-topics/study-quality-assessment-tools"
"health-policy-6","health-policy","健康公平","目标、执行层次与受益差异","governance","健康公平：医疗服务被提供了，为什么不等于患者真正获得了它？","健康公平：新的协作或数字治理能否缩小执行差距，并保留申诉和责任接口？","服务路径、支付口径与使用者反馈","本方向具体检查：分开服务可及、使用与结果，核对就医选择。不要把「目标、执行层次与受益差异」中不同条件直接合并。","纸面目标、执行层次与未受益者记录，注明「健康公平」的来源、课题版本、已查项与未决项。","https://www.ninr.nih.gov/research/priority-areas；https://www.nhlbi.nih.gov/health-topics/study-quality-assessment-tools"
"health-policy-7","health-policy","数字健康治理","研究对象、观察窗口与资料比较条件","governance","数字健康治理：医疗服务被提供了，为什么不等于患者真正获得了它？","数字健康治理：新的协作或数字治理能否缩小执行差距，并保留申诉和责任接口？","服务路径、支付口径与使用者反馈","本方向具体检查：分开服务可及、使用与结果，核对就医选择。不要把「研究对象、观察窗口与资料比较条件」中不同条件直接合并。","纸面目标、执行层次与未受益者记录，注明「数字健康治理」的来源、课题版本、已查项与未决项。","https://www.ninr.nih.gov/research/priority-areas；https://www.nhlbi.nih.gov/health-topics/study-quality-assessment-tools"
"health-policy-8","health-policy","医疗保障","研究对象、观察窗口与资料比较条件","governance","医疗保障：医疗服务被提供了，为什么不等于患者真正获得了它？","医疗保障：新的协作或数字治理能否缩小执行差距，并保留申诉和责任接口？","服务路径、支付口径与使用者反馈","本方向具体检查：分开服务可及、使用与结果，核对就医选择。不要把「研究对象、观察窗口与资料比较条件」中不同条件直接合并。","纸面目标、执行层次与未受益者记录，注明「医疗保障」的来源、课题版本、已查项与未决项。","https://www.ninr.nih.gov/research/priority-areas；https://www.nhlbi.nih.gov/health-topics/study-quality-assessment-tools"
"health-policy-9","health-policy","卫生服务评价","目标、执行层次与受益差异","governance","卫生服务评价：医疗服务被提供了，为什么不等于患者真正获得了它？","卫生服务评价：新的协作或数字治理能否缩小执行差距，并保留申诉和责任接口？","服务路径、支付口径与使用者反馈","本方向具体检查：分开服务可及、使用与结果，核对就医选择。不要把「目标、执行层次与受益差异」中不同条件直接合并。","纸面目标、执行层次与未受益者记录，注明「卫生服务评价」的来源、课题版本、已查项与未决项。","https://www.ninr.nih.gov/research/priority-areas；https://www.nhlbi.nih.gov/health-topics/study-quality-assessment-tools"
"health-policy-10","health-policy","患者体验","测量含义、填答者与时间窗口","scale","患者体验：医疗服务被提供了，为什么不等于患者真正获得了它？","患者体验：跨人群测量能否保持构念含义，而不只是总分相关？","服务路径、支付口径与使用者反馈","本方向具体检查：分开服务可及、使用与结果，核对就医选择。不要把「测量含义、填答者与时间窗口」中不同条件直接合并。","条目版本、填答者与缺失项说明，注明「患者体验」的来源、课题版本、已查项与未决项。","https://www.ninr.nih.gov/research/priority-areas；https://www.nhlbi.nih.gov/health-topics/study-quality-assessment-tools"
"health-policy-11","health-policy","照护整合","目标、执行层次与受益差异","subject-nursing","照护整合：这条记录对应的照护行动真的发生了吗？","照护整合：连续照护怎样兼顾告警负担与未接入人群？","照护实施、本人报告与交接时间轴","分开文书完成、信息传达与实际落实","照护实施、本人报告与交接时间轴的比较与解释记录","https://www.ninr.nih.gov/research/priority-areas；https://www.nhlbi.nih.gov/health-topics/study-quality-assessment-tools"
"health-policy-12","health-policy","政策执行研究","目标、执行层次与受益差异","governance","政策执行研究：医疗服务被提供了，为什么不等于患者真正获得了它？","政策执行研究：新的协作或数字治理能否缩小执行差距，并保留申诉和责任接口？","服务路径、支付口径与使用者反馈","本方向具体检查：分开服务可及、使用与结果，核对就医选择。不要把「目标、执行层次与受益差异」中不同条件直接合并。","纸面目标、执行层次与未受益者记录，注明「政策执行研究」的来源、课题版本、已查项与未决项。","https://www.ninr.nih.gov/research/priority-areas；https://www.nhlbi.nih.gov/health-topics/study-quality-assessment-tools"
"medical-immunology-1","medical-immunology","免疫细胞资料","资料来源、批次与模型范围","evidence-biomedical","免疫细胞资料：细胞表型、活性信号与功能解释如何区分？","免疫细胞资料：组织环境与纵向状态资料怎样刻画免疫异质性？","样本来源、批次索引与注释版本","本方向具体检查：区分生物对象与重复测量，核对批次构成。不要把「资料来源、批次与模型范围」中不同条件直接合并。","样本来源、批次索引与注释版本的来源与比较条件记录，注明「免疫细胞资料」的来源、课题版本、已查项与未决项。","https://www.nhlbi.nih.gov/health-topics/study-quality-assessment-tools；https://openstax.org/books/anatomy-and-physiology-2e/pages/preface"
"medical-immunology-2","medical-immunology","免疫与衰老","资料来源、批次与模型范围","development","免疫与衰老：细胞表型、活性信号与功能解释如何区分？","免疫与衰老：组织环境与纵向状态资料怎样刻画免疫异质性？","样本来源、批次索引与注释版本","本方向具体检查：区分生物对象与重复测量，核对批次构成。不要把「资料来源、批次与模型范围」中不同条件直接合并。","阶段、生活条件与指标含义说明，注明「免疫与衰老」的来源、课题版本、已查项与未决项。","https://www.nhlbi.nih.gov/health-topics/study-quality-assessment-tools；https://openstax.org/books/anatomy-and-physiology-2e/pages/preface"
"medical-immunology-3","medical-immunology","自身免疫资料","资料来源、批次与模型范围","rheumatic","自身免疫资料：细胞表型、活性信号与功能解释如何区分？","自身免疫资料：组织环境与纵向状态资料怎样刻画免疫异质性？","样本来源、批次索引与注释版本","本方向具体检查：区分生物对象与重复测量，核对批次构成。不要把「资料来源、批次与模型范围」中不同条件直接合并。","标志物、活动度与功能体验时间线，注明「自身免疫资料」的来源、课题版本、已查项与未决项。","https://www.nhlbi.nih.gov/health-topics/study-quality-assessment-tools；https://openstax.org/books/anatomy-and-physiology-2e/pages/preface"
"medical-immunology-4","medical-immunology","肿瘤免疫资料","资料来源、批次与模型范围","tumor","肿瘤免疫资料：影像缩小、分子变化与长期生存为什么需要分别评价？","肿瘤免疫资料：多来源肿瘤资料能否保留异质性、失访和独立评估，而不只改善内部分类？","分期版本、随访截止与后续处置记录","本方向具体检查：区分结局定义、随访时长与后续处理。不要把「资料来源、批次与模型范围」中不同条件直接合并。","对象进入、分型与患者结局窗口表，注明「肿瘤免疫资料」的来源、课题版本、已查项与未决项。","https://www.nih.gov/about-nih/science-health-public-trust/tools/understanding-clinical-studies；https://www.nhlbi.nih.gov/health-topics/study-quality-assessment-tools"
"medical-immunology-5","medical-immunology","组织免疫","资料来源、批次与模型范围","governance","组织免疫：细胞表型、活性信号与功能解释如何区分？","组织免疫：组织环境与纵向状态资料怎样刻画免疫异质性？","样本来源、批次索引与注释版本","本方向具体检查：区分生物对象与重复测量，核对批次构成。不要把「资料来源、批次与模型范围」中不同条件直接合并。","纸面目标、执行层次与未受益者记录，注明「组织免疫」的来源、课题版本、已查项与未决项。","https://www.nhlbi.nih.gov/health-topics/study-quality-assessment-tools；https://openstax.org/books/anatomy-and-physiology-2e/pages/preface"
"medical-immunology-6","medical-immunology","免疫代谢","资料来源、批次与模型范围","evidence-metabolic","免疫代谢：同一代谢指标为何在不同生理状态下含义不同？","免疫代谢：连续代谢记录能否连接个体波动与长期健康轨迹？","代谢测量单位、设备版本与生活方式记录","本方向具体检查：对照原始单位和记录时段，标明设备更换。不要把「资料来源、批次与模型范围」中不同条件直接合并。","代谢测量单位、设备版本与生活方式记录的来源与比较条件记录，注明「免疫代谢」的来源、课题版本、已查项与未决项。","https://www.nih.gov/about-nih/science-health-public-trust/tools/understanding-clinical-studies；https://www.nhlbi.nih.gov/health-topics/study-quality-assessment-tools"
"medical-immunology-7","medical-immunology","免疫遗传","对象关系、参考版本与变异解释","genetics","免疫遗传：遗传关联为何不能独立说明某条分子机制？","免疫遗传：多来源证据能否缩小候选解释，同时保留群体与模型的边界？","变异标识、效应等位基因与祖源构成","本方向具体检查：对齐等位基因、效应方向和研究人群，区分关联与机制。不要把「对象关系、参考版本与变异解释」中不同条件直接合并。","参考版本、对象关系与证据层级表，注明「免疫遗传」的来源、课题版本、已查项与未决项。","https://www.stat.tsinghua.edu.cn/kxyj/kylyy.htm；https://www.nhlbi.nih.gov/health-topics/study-quality-assessment-tools"
"medical-immunology-8","medical-immunology","免疫组学","来源、批次与独立对象","omics","免疫组学：细胞表型、活性信号与功能解释如何区分？","免疫组学：组织环境与纵向状态资料怎样刻画免疫异质性？","样本来源、批次索引与注释版本","本方向具体检查：区分生物对象与重复测量，核对批次构成。不要把「来源、批次与独立对象」中不同条件直接合并。","来源、供体与批次对应表，注明「免疫组学」的来源、课题版本、已查项与未决项。","https://www.nhlbi.nih.gov/health-topics/study-quality-assessment-tools；https://openstax.org/books/anatomy-and-physiology-2e/pages/preface"
"medical-immunology-9","medical-immunology","免疫测量一致性","测量口径、平台或读者差异","evidence-biomedical","免疫测量一致性：细胞表型、活性信号与功能解释如何区分？","免疫测量一致性：组织环境与纵向状态资料怎样刻画免疫异质性？","样本来源、批次索引与注释版本","本方向具体检查：区分生物对象与重复测量，核对批次构成。不要把「测量口径、平台或读者差异」中不同条件直接合并。","样本来源、批次索引与注释版本的来源与比较条件记录，注明「免疫测量一致性」的来源、课题版本、已查项与未决项。","https://www.nhlbi.nih.gov/health-topics/study-quality-assessment-tools；https://openstax.org/books/anatomy-and-physiology-2e/pages/preface"
"medical-immunology-10","medical-immunology","免疫相关队列","入组范围、观察时间与未完成随访","survival","免疫相关队列：细胞表型、活性信号与功能解释如何区分？","免疫相关队列：组织环境与纵向状态资料怎样刻画免疫异质性？","样本来源、批次索引与注释版本","本方向具体检查：区分生物对象与重复测量，核对批次构成。不要把「入组范围、观察时间与未完成随访」中不同条件直接合并。","观察窗口、失访去向与结局定义表，注明「免疫相关队列」的来源、课题版本、已查项与未决项。","https://www.nhlbi.nih.gov/health-topics/study-quality-assessment-tools；https://openstax.org/books/anatomy-and-physiology-2e/pages/preface"
"medical-immunology-11","medical-immunology","免疫资料整合","来源、批次与独立对象","omics","免疫资料整合：细胞表型、活性信号与功能解释如何区分？","免疫资料整合：组织环境与纵向状态资料怎样刻画免疫异质性？","样本来源、批次索引与注释版本","本方向具体检查：区分生物对象与重复测量，核对批次构成。不要把「来源、批次与独立对象」中不同条件直接合并。","来源、供体与批次对应表，注明「免疫资料整合」的来源、课题版本、已查项与未决项。","https://www.nhlbi.nih.gov/health-topics/study-quality-assessment-tools；https://openstax.org/books/anatomy-and-physiology-2e/pages/preface"
"medical-immunology-12","medical-immunology","免疫教学研究","资料来源、批次与模型范围","learning","免疫教学研究：一个教学目标怎样转成能检验掌握的任务？","免疫教学研究：智能助教的提示设计能否改善延迟迁移而非只提高即时答题？","学习目标、任务作品与课堂实施记录","本方向具体检查：对齐学习目标和评价任务，区分实施变化与工具作用。不要把「资料来源、批次与模型范围」中不同条件直接合并。","目标、任务、辅助条件与延迟表现表，注明「免疫教学研究」的来源、课题版本、已查项与未决项。","https://cter.bnu.edu.cn/docs/2024-05/e0d9749ec02e425eb45aa96fefdadc2a.pdf"
"medical-microbiology-1","medical-microbiology","公开微生物组资料","研究对象、观察窗口与资料比较条件","microbiome","公开微生物组资料：分子或细胞层面的差异，怎样连接到具体生物学解释？","公开微生物组资料：多来源群落资料能否给出稳健的关联，而不把相对组成写成绝对数量？","样本来源、批次索引与注释版本","本方向具体检查：区分生物对象与重复测量，核对批次构成。不要把「研究对象、观察窗口与资料比较条件」中不同条件直接合并。","公开资料版本、注释映射与对象索引，注明「公开微生物组资料」的来源、课题版本、已查项与未决项。","https://www.nhlbi.nih.gov/health-topics/study-quality-assessment-tools；https://openstax.org/books/anatomy-and-physiology-2e/pages/preface"
"medical-microbiology-2","medical-microbiology","微生物生态","研究对象、观察窗口与资料比较条件","microbiome","微生物生态：分子或细胞层面的差异，怎样连接到具体生物学解释？","微生物生态：多来源群落资料能否给出稳健的关联，而不把相对组成写成绝对数量？","样本来源、批次索引与注释版本","本方向具体检查：区分生物对象与重复测量，核对批次构成。不要把「研究对象、观察窗口与资料比较条件」中不同条件直接合并。","公开资料版本、注释映射与对象索引，注明「微生物生态」的来源、课题版本、已查项与未决项。","https://www.nhlbi.nih.gov/health-topics/study-quality-assessment-tools；https://openstax.org/books/anatomy-and-physiology-2e/pages/preface"
"medical-microbiology-3","medical-microbiology","宿主关联资料","研究对象、观察窗口与资料比较条件","microbiome","宿主关联资料：分子或细胞层面的差异，怎样连接到具体生物学解释？","宿主关联资料：多来源群落资料能否给出稳健的关联，而不把相对组成写成绝对数量？","样本来源、批次索引与注释版本","本方向具体检查：区分生物对象与重复测量，核对批次构成。不要把「研究对象、观察窗口与资料比较条件」中不同条件直接合并。","公开资料版本、注释映射与对象索引，注明「宿主关联资料」的来源、课题版本、已查项与未决项。","https://www.nhlbi.nih.gov/health-topics/study-quality-assessment-tools；https://openstax.org/books/anatomy-and-physiology-2e/pages/preface"
"medical-microbiology-4","medical-microbiology","微生物组统计","研究对象、观察窗口与资料比较条件","microbiome","微生物组统计：分子或细胞层面的差异，怎样连接到具体生物学解释？","微生物组统计：多来源群落资料能否给出稳健的关联，而不把相对组成写成绝对数量？","样本来源、批次索引与注释版本","本方向具体检查：区分生物对象与重复测量，核对批次构成。不要把「研究对象、观察窗口与资料比较条件」中不同条件直接合并。","公开资料版本、注释映射与对象索引，注明「微生物组统计」的来源、课题版本、已查项与未决项。","https://www.nhlbi.nih.gov/health-topics/study-quality-assessment-tools；https://openstax.org/books/anatomy-and-physiology-2e/pages/preface"
"medical-microbiology-5","medical-microbiology","微生物组质量","研究对象、观察窗口与资料比较条件","microbiome","微生物组质量：分子或细胞层面的差异，怎样连接到具体生物学解释？","微生物组质量：多来源群落资料能否给出稳健的关联，而不把相对组成写成绝对数量？","样本来源、批次索引与注释版本","本方向具体检查：区分生物对象与重复测量，核对批次构成。不要把「研究对象、观察窗口与资料比较条件」中不同条件直接合并。","公开资料版本、注释映射与对象索引，注明「微生物组质量」的来源、课题版本、已查项与未决项。","https://www.nhlbi.nih.gov/health-topics/study-quality-assessment-tools；https://openstax.org/books/anatomy-and-physiology-2e/pages/preface"
"medical-microbiology-6","medical-microbiology","微生物组与营养","阶段、生活条件与功能或体验变化","microbiome","微生物组与营养：在人群中观察到关系，需要先说明谁进入了资料吗？","微生物组与营养：多来源群落资料能否给出稳健的关联，而不把相对组成写成绝对数量？","登记分母、调查框与健康服务记录","本方向具体检查：先核对覆盖人口与时期，再比较比例。不要把「阶段、生活条件与功能或体验变化」中不同条件直接合并。","公开资料版本、注释映射与对象索引，注明「微生物组与营养」的来源、课题版本、已查项与未决项。","https://www.nih.gov/about-nih/science-health-public-trust/tools/understanding-clinical-studies；https://www.nhlbi.nih.gov/health-topics/study-quality-assessment-tools"
"medical-microbiology-7","medical-microbiology","微生物组与慢性病","研究对象、观察窗口与资料比较条件","microbiome","微生物组与慢性病：分子或细胞层面的差异，怎样连接到具体生物学解释？","微生物组与慢性病：多来源群落资料能否给出稳健的关联，而不把相对组成写成绝对数量？","样本来源、批次索引与注释版本","本方向具体检查：区分生物对象与重复测量，核对批次构成。不要把「研究对象、观察窗口与资料比较条件」中不同条件直接合并。","公开资料版本、注释映射与对象索引，注明「微生物组与慢性病」的来源、课题版本、已查项与未决项。","https://www.nhlbi.nih.gov/health-topics/study-quality-assessment-tools；https://openstax.org/books/anatomy-and-physiology-2e/pages/preface"
"medical-microbiology-8","medical-microbiology","数据库注释比较","研究对象、观察窗口与资料比较条件","evidence-biomedical","数据库注释比较：分子或细胞层面的差异，怎样连接到具体生物学解释？","数据库注释比较：跨模态图谱与基础模型能否在未见对象中提出可验证解释？","样本来源、批次索引与注释版本","本方向具体检查：区分生物对象与重复测量，核对批次构成。不要把「研究对象、观察窗口与资料比较条件」中不同条件直接合并。","样本来源、批次索引与注释版本的来源与比较条件记录，注明「数据库注释比较」的来源、课题版本、已查项与未决项。","https://www.nhlbi.nih.gov/health-topics/study-quality-assessment-tools；https://openstax.org/books/anatomy-and-physiology-2e/pages/preface"
"medical-microbiology-9","medical-microbiology","资料版本管理","目标、执行层次与受益差异","evidence-biomedical","资料版本管理：分子或细胞层面的差异，怎样连接到具体生物学解释？","资料版本管理：跨模态图谱与基础模型能否在未见对象中提出可验证解释？","样本来源、批次索引与注释版本","本方向具体检查：区分生物对象与重复测量，核对批次构成。不要把「目标、执行层次与受益差异」中不同条件直接合并。","样本来源、批次索引与注释版本的来源与比较条件记录，注明「资料版本管理」的来源、课题版本、已查项与未决项。","https://www.nhlbi.nih.gov/health-topics/study-quality-assessment-tools；https://openstax.org/books/anatomy-and-physiology-2e/pages/preface"
"medical-microbiology-10","medical-microbiology","公开数据复现","研究对象、观察窗口与资料比较条件","evidence-biomedical","公开数据复现：分子或细胞层面的差异，怎样连接到具体生物学解释？","公开数据复现：跨模态图谱与基础模型能否在未见对象中提出可验证解释？","样本来源、批次索引与注释版本","本方向具体检查：区分生物对象与重复测量，核对批次构成。不要把「研究对象、观察窗口与资料比较条件」中不同条件直接合并。","样本来源、批次索引与注释版本的来源与比较条件记录，注明「公开数据复现」的来源、课题版本、已查项与未决项。","https://www.nhlbi.nih.gov/health-topics/study-quality-assessment-tools；https://openstax.org/books/anatomy-and-physiology-2e/pages/preface"
"medical-microbiology-11","medical-microbiology","群落结构解释","研究对象、观察窗口与资料比较条件","microbiome","群落结构解释：一个结构模型怎样与实际测量和环境对应？","群落结构解释：实验约束下的构象集合能否解释多种测量？","样本来源、批次索引与注释版本","本方向具体检查：区分生物对象与重复测量，核对批次构成。不要把「研究对象、观察窗口与资料比较条件」中不同条件直接合并。","公开资料版本、注释映射与对象索引，注明「群落结构解释」的来源、课题版本、已查项与未决项。","https://www.nhlbi.nih.gov/health-topics/study-quality-assessment-tools；https://openstax.org/books/anatomy-and-physiology-2e/pages/preface"
"medical-microbiology-12","medical-microbiology","微生物学教学","研究对象、观察窗口与资料比较条件","microbiome","微生物学教学：一个教学目标怎样转成能检验掌握的任务？","微生物学教学：智能助教的提示设计能否改善延迟迁移而非只提高即时答题？","学习目标、任务作品与课堂实施记录","本方向具体检查：对齐学习目标和评价任务，区分实施变化与工具作用。不要把「研究对象、观察窗口与资料比较条件」中不同条件直接合并。","公开资料版本、注释映射与对象索引，注明「微生物学教学」的来源、课题版本、已查项与未决项。","https://cter.bnu.edu.cn/docs/2024-05/e0d9749ec02e425eb45aa96fefdadc2a.pdf"
"medical-biochemistry-1","medical-biochemistry","代谢通路资料","研究对象、观察窗口与资料比较条件","evidence-metabolic","代谢通路资料：同一代谢指标为何在不同生理状态下含义不同？","代谢通路资料：连续代谢记录能否连接个体波动与长期健康轨迹？","代谢测量单位、设备版本与生活方式记录","本方向具体检查：对照原始单位和记录时段，标明设备更换。不要把「研究对象、观察窗口与资料比较条件」中不同条件直接合并。","代谢测量单位、设备版本与生活方式记录的来源与比较条件记录，注明「代谢通路资料」的来源、课题版本、已查项与未决项。","https://www.nih.gov/about-nih/science-health-public-trust/tools/understanding-clinical-studies；https://www.nhlbi.nih.gov/health-topics/study-quality-assessment-tools"
"medical-biochemistry-2","medical-biochemistry","蛋白质资料","研究对象、观察窗口与资料比较条件","evidence-biomedical","蛋白质资料：一个结构模型怎样与实际测量和环境对应？","蛋白质资料：实验约束下的构象集合能否解释多种测量？","样本来源、鉴定置信度与批次索引","本方向具体检查：区分被检测到、丰度变化与功能作用，核对鉴定口径。不要把「研究对象、观察窗口与资料比较条件」中不同条件直接合并。","样本来源、鉴定置信度与批次索引的来源与比较条件记录，注明「蛋白质资料」的来源、课题版本、已查项与未决项。","https://www.nhlbi.nih.gov/health-topics/study-quality-assessment-tools；https://openstax.org/books/anatomy-and-physiology-2e/pages/preface"
"medical-biochemistry-3","medical-biochemistry","分子测量一致性","测量口径、平台或读者差异","evidence-biomedical","分子测量一致性：分子或细胞层面的差异，怎样连接到具体生物学解释？","分子测量一致性：跨模态图谱与基础模型能否在未见对象中提出可验证解释？","样本来源、批次索引与注释版本","本方向具体检查：区分生物对象与重复测量，核对批次构成。不要把「测量口径、平台或读者差异」中不同条件直接合并。","样本来源、批次索引与注释版本的来源与比较条件记录，注明「分子测量一致性」的来源、课题版本、已查项与未决项。","https://www.nhlbi.nih.gov/health-topics/study-quality-assessment-tools；https://openstax.org/books/anatomy-and-physiology-2e/pages/preface"
"medical-biochemistry-4","medical-biochemistry","代谢组资料","来源、批次与独立对象","omics","代谢组资料：同一代谢指标为何在不同生理状态下含义不同？","代谢组资料：跨平台整合能否在未见对象上保持结果，并与简单基线比较？","代谢测量单位、设备版本与生活方式记录","本方向具体检查：对照原始单位和记录时段，标明设备更换。不要把「来源、批次与独立对象」中不同条件直接合并。","来源、供体与批次对应表，注明「代谢组资料」的来源、课题版本、已查项与未决项。","https://www.nih.gov/about-nih/science-health-public-trust/tools/understanding-clinical-studies；https://www.nhlbi.nih.gov/health-topics/study-quality-assessment-tools"
"medical-biochemistry-5","medical-biochemistry","蛋白组资料","来源、批次与独立对象","omics","蛋白组资料：一个结构模型怎样与实际测量和环境对应？","蛋白组资料：实验约束下的构象集合能否解释多种测量？","样本来源、鉴定置信度与批次索引","本方向具体检查：区分被检测到、丰度变化与功能作用，核对鉴定口径。不要把「来源、批次与独立对象」中不同条件直接合并。","来源、供体与批次对应表，注明「蛋白组资料」的来源、课题版本、已查项与未决项。","https://www.nhlbi.nih.gov/health-topics/study-quality-assessment-tools；https://openstax.org/books/anatomy-and-physiology-2e/pages/preface"
"medical-biochemistry-6","medical-biochemistry","分子结构解释","资料来源、批次与模型范围","evidence-biomedical","分子结构解释：一个结构模型怎样与实际测量和环境对应？","分子结构解释：实验约束下的构象集合能否解释多种测量？","样本来源、批次索引与注释版本","本方向具体检查：区分生物对象与重复测量，核对批次构成。不要把「资料来源、批次与模型范围」中不同条件直接合并。","样本来源、批次索引与注释版本的来源与比较条件记录，注明「分子结构解释」的来源、课题版本、已查项与未决项。","https://www.nhlbi.nih.gov/health-topics/study-quality-assessment-tools；https://openstax.org/books/anatomy-and-physiology-2e/pages/preface"
"medical-biochemistry-7","medical-biochemistry","分子与疾病关联","资料来源、批次与模型范围","evidence-biomedical","分子与疾病关联：分子或细胞层面的差异，怎样连接到具体生物学解释？","分子与疾病关联：跨模态图谱与基础模型能否在未见对象中提出可验证解释？","样本来源、批次索引与注释版本","本方向具体检查：区分生物对象与重复测量，核对批次构成。不要把「资料来源、批次与模型范围」中不同条件直接合并。","样本来源、批次索引与注释版本的来源与比较条件记录，注明「分子与疾病关联」的来源、课题版本、已查项与未决项。","https://www.nhlbi.nih.gov/health-topics/study-quality-assessment-tools；https://openstax.org/books/anatomy-and-physiology-2e/pages/preface"
"medical-biochemistry-8","medical-biochemistry","生化数据库","测量口径、平台或读者差异","evidence-biomedical","生化数据库：分子或细胞层面的差异，怎样连接到具体生物学解释？","生化数据库：跨模态图谱与基础模型能否在未见对象中提出可验证解释？","样本来源、批次索引与注释版本","本方向具体检查：区分生物对象与重复测量，核对批次构成。不要把「测量口径、平台或读者差异」中不同条件直接合并。","样本来源、批次索引与注释版本的来源与比较条件记录，注明「生化数据库」的来源、课题版本、已查项与未决项。","https://www.nhlbi.nih.gov/health-topics/study-quality-assessment-tools；https://openstax.org/books/anatomy-and-physiology-2e/pages/preface"
"medical-biochemistry-9","medical-biochemistry","生化影像资料","对象内重复、平台版本与图像质量","clinical-imaging","生化影像资料：多张图像为什么不等于多位独立患者？","生化影像资料：跨机构评价能否保留个体独立性，并区分图像性能与患者结局？","设备平台、读者判断与个体索引","本方向具体检查：按个体划分记录，保留平台版本和读者分歧。不要把「对象内重复、平台版本与图像质量」中不同条件直接合并。","个体、平台版本与判读分歧索引，注明「生化影像资料」的来源、课题版本、已查项与未决项。","https://www.nih.gov/about-nih/science-health-public-trust/tools/understanding-clinical-studies；https://www.nhlbi.nih.gov/health-topics/study-quality-assessment-tools"
"medical-biochemistry-10","medical-biochemistry","公开资料复现","研究对象、观察窗口与资料比较条件","evidence-biomedical","公开资料复现：分子或细胞层面的差异，怎样连接到具体生物学解释？","公开资料复现：跨模态图谱与基础模型能否在未见对象中提出可验证解释？","样本来源、批次索引与注释版本","本方向具体检查：区分生物对象与重复测量，核对批次构成。不要把「研究对象、观察窗口与资料比较条件」中不同条件直接合并。","样本来源、批次索引与注释版本的来源与比较条件记录，注明「公开资料复现」的来源、课题版本、已查项与未决项。","https://www.nhlbi.nih.gov/health-topics/study-quality-assessment-tools；https://openstax.org/books/anatomy-and-physiology-2e/pages/preface"
"medical-biochemistry-11","medical-biochemistry","生化研究设计","测量口径、平台或读者差异","evidence-biomedical","生化研究设计：分子或细胞层面的差异，怎样连接到具体生物学解释？","生化研究设计：跨模态图谱与基础模型能否在未见对象中提出可验证解释？","样本来源、批次索引与注释版本","本方向具体检查：区分生物对象与重复测量，核对批次构成。不要把「测量口径、平台或读者差异」中不同条件直接合并。","样本来源、批次索引与注释版本的来源与比较条件记录，注明「生化研究设计」的来源、课题版本、已查项与未决项。","https://www.nhlbi.nih.gov/health-topics/study-quality-assessment-tools；https://openstax.org/books/anatomy-and-physiology-2e/pages/preface"
"medical-biochemistry-12","medical-biochemistry","生化教学研究","测量口径、平台或读者差异","learning","生化教学研究：一个教学目标怎样转成能检验掌握的任务？","生化教学研究：智能助教的提示设计能否改善延迟迁移而非只提高即时答题？","学习目标、任务作品与课堂实施记录","本方向具体检查：对齐学习目标和评价任务，区分实施变化与工具作用。不要把「测量口径、平台或读者差异」中不同条件直接合并。","目标、任务、辅助条件与延迟表现表，注明「生化教学研究」的来源、课题版本、已查项与未决项。","https://cter.bnu.edu.cn/docs/2024-05/e0d9749ec02e425eb45aa96fefdadc2a.pdf"
"epidemiology-1","epidemiology","慢性病流行病学","群体范围、信息来源与比较条件","evidence-population","慢性病流行病学：在人群中观察到关系，需要先说明谁进入了资料吗？","慢性病流行病学：多来源常规数据怎样支持公平而可验证的风险研究？","登记分母、调查框与健康服务记录","本方向具体检查：先核对覆盖人口与时期，再比较比例。不要把「群体范围、信息来源与比较条件」中不同条件直接合并。","登记分母、调查框与健康服务记录的来源与比较条件记录，注明「慢性病流行病学」的来源、课题版本、已查项与未决项。","https://www.nih.gov/about-nih/science-health-public-trust/tools/understanding-clinical-studies；https://www.nhlbi.nih.gov/health-topics/study-quality-assessment-tools"
"epidemiology-2","epidemiology","心血管流行病学","群体范围、信息来源与比较条件","evidence-cardiac","心血管流行病学：一次风险测量怎样与长期心血管结局建立联系？","心血管流行病学：多模态风险资料能否在不同机构中保持预测校准？","测量场景、风险分层与随访时点","本方向具体检查：区分一次测量、稳定暴露与长期结局，保留人群分层。不要把「群体范围、信息来源与比较条件」中不同条件直接合并。","测量场景、风险分层与随访时点的来源与比较条件记录，注明「心血管流行病学」的来源、课题版本、已查项与未决项。","https://www.nih.gov/about-nih/science-health-public-trust/tools/understanding-clinical-studies；https://www.nhlbi.nih.gov/health-topics/study-quality-assessment-tools"
"epidemiology-3","epidemiology","肿瘤流行病学","群体范围、信息来源与比较条件","tumor","肿瘤流行病学：影像缩小、分子变化与长期生存为什么需要分别评价？","肿瘤流行病学：多来源肿瘤资料能否保留异质性、失访和独立评估，而不只改善内部分类？","分期版本、随访截止与后续处置记录","本方向具体检查：区分结局定义、随访时长与后续处理。不要把「群体范围、信息来源与比较条件」中不同条件直接合并。","对象进入、分型与患者结局窗口表，注明「肿瘤流行病学」的来源、课题版本、已查项与未决项。","https://www.nih.gov/about-nih/science-health-public-trust/tools/understanding-clinical-studies；https://www.nhlbi.nih.gov/health-topics/study-quality-assessment-tools"
"epidemiology-4","epidemiology","环境流行病学","群体范围、信息来源与比较条件","evidence-population","环境流行病学：在人群中观察到关系，需要先说明谁进入了资料吗？","环境流行病学：多来源常规数据怎样支持公平而可验证的风险研究？","登记分母、调查框与健康服务记录","本方向具体检查：先核对覆盖人口与时期，再比较比例。不要把「群体范围、信息来源与比较条件」中不同条件直接合并。","登记分母、调查框与健康服务记录的来源与比较条件记录，注明「环境流行病学」的来源、课题版本、已查项与未决项。","https://www.nih.gov/about-nih/science-health-public-trust/tools/understanding-clinical-studies；https://www.nhlbi.nih.gov/health-topics/study-quality-assessment-tools"
"epidemiology-5","epidemiology","营养流行病学","群体范围、信息来源与比较条件","evidence-population","营养流行病学：在人群中观察到关系，需要先说明谁进入了资料吗？","营养流行病学：多来源常规数据怎样支持公平而可验证的风险研究？","登记分母、调查框与健康服务记录","本方向具体检查：先核对覆盖人口与时期，再比较比例。不要把「群体范围、信息来源与比较条件」中不同条件直接合并。","登记分母、调查框与健康服务记录的来源与比较条件记录，注明「营养流行病学」的来源、课题版本、已查项与未决项。","https://www.nih.gov/about-nih/science-health-public-trust/tools/understanding-clinical-studies；https://www.nhlbi.nih.gov/health-topics/study-quality-assessment-tools"
"epidemiology-6","epidemiology","生命历程","研究对象、观察窗口与资料比较条件","evidence-population","生命历程：在人群中观察到关系，需要先说明谁进入了资料吗？","生命历程：多来源常规数据怎样支持公平而可验证的风险研究？","登记分母、调查框与健康服务记录","本方向具体检查：先核对覆盖人口与时期，再比较比例。不要把「研究对象、观察窗口与资料比较条件」中不同条件直接合并。","登记分母、调查框与健康服务记录的来源与比较条件记录，注明「生命历程」的来源、课题版本、已查项与未决项。","https://www.nih.gov/about-nih/science-health-public-trust/tools/understanding-clinical-studies；https://www.nhlbi.nih.gov/health-topics/study-quality-assessment-tools"
"epidemiology-7","epidemiology","遗传流行病学","对象关系、参考版本与变异解释","genetics","遗传流行病学：遗传关联为何不能独立说明某条分子机制？","遗传流行病学：多来源证据能否缩小候选解释，同时保留群体与模型的边界？","变异标识、效应等位基因与祖源构成","本方向具体检查：对齐等位基因、效应方向和研究人群，区分关联与机制。不要把「对象关系、参考版本与变异解释」中不同条件直接合并。","参考版本、对象关系与证据层级表，注明「遗传流行病学」的来源、课题版本、已查项与未决项。","https://www.stat.tsinghua.edu.cn/kxyj/kylyy.htm；https://www.nhlbi.nih.gov/health-topics/study-quality-assessment-tools"
"epidemiology-8","epidemiology","临床流行病学","群体范围、信息来源与比较条件","evidence-population","临床流行病学：在人群中观察到关系，需要先说明谁进入了资料吗？","临床流行病学：多来源常规数据怎样支持公平而可验证的风险研究？","登记分母、调查框与健康服务记录","本方向具体检查：先核对覆盖人口与时期，再比较比例。不要把「群体范围、信息来源与比较条件」中不同条件直接合并。","登记分母、调查框与健康服务记录的来源与比较条件记录，注明「临床流行病学」的来源、课题版本、已查项与未决项。","https://www.nih.gov/about-nih/science-health-public-trust/tools/understanding-clinical-studies；https://www.nhlbi.nih.gov/health-topics/study-quality-assessment-tools"
"epidemiology-9","epidemiology","社会流行病学","群体范围、信息来源与比较条件","evidence-population","社会流行病学：在人群中观察到关系，需要先说明谁进入了资料吗？","社会流行病学：多来源常规数据怎样支持公平而可验证的风险研究？","登记分母、调查框与健康服务记录","本方向具体检查：先核对覆盖人口与时期，再比较比例。不要把「群体范围、信息来源与比较条件」中不同条件直接合并。","登记分母、调查框与健康服务记录的来源与比较条件记录，注明「社会流行病学」的来源、课题版本、已查项与未决项。","https://www.nih.gov/about-nih/science-health-public-trust/tools/understanding-clinical-studies；https://www.nhlbi.nih.gov/health-topics/study-quality-assessment-tools"
"epidemiology-10","epidemiology","药物流行病学","群体范围、信息来源与比较条件","pharma","药物流行病学：在人群中观察到关系，需要先说明谁进入了资料吗？","药物流行病学：新的模型或资料联结能否解释差异，而不把关联或计算评分当成药效？","登记分母、调查框与健康服务记录","本方向具体检查：先核对覆盖人口与时期，再比较比例。不要把「群体范围、信息来源与比较条件」中不同条件直接合并。","单位、模型或使用情境与观察窗口表，注明「药物流行病学」的来源、课题版本、已查项与未决项。","https://www.nih.gov/about-nih/science-health-public-trust/tools/understanding-clinical-studies；https://www.nhlbi.nih.gov/health-topics/study-quality-assessment-tools"
"epidemiology-11","epidemiology","因果推断方法","研究对象、观察窗口与资料比较条件","causal","因果推断方法：目标比较为何需要设计与识别条件，而不只是拟合？","因果推断方法：机器学习辅助估计怎样保留识别、重叠与有效不确定性？","估计目标、处理分配与比较组记录","本方向具体检查：先说明目标比较和识别条件，再看模型与不确定性。不要把「研究对象、观察窗口与资料比较条件」中不同条件直接合并。","比较对象、时间轴与替代解释表，注明「因果推断方法」的来源、课题版本、已查项与未决项。","https://www.stat.tsinghua.edu.cn/kxyj/kylyy.htm；https://www.nhlbi.nih.gov/health-topics/study-quality-assessment-tools"
"epidemiology-12","epidemiology","队列与登记","入组范围、观察时间与未完成随访","survival","队列与登记：在人群中观察到关系，需要先说明谁进入了资料吗？","队列与登记：动态或多来源随访能否减少信息缺口，同时避免把记录更多误当成风险更高？","目标人群、覆盖分母与登记入口","本方向具体检查：区分接受筛查、被登记与总体风险，说明谁没有进入资料。不要把「入组范围、观察时间与未完成随访」中不同条件直接合并。","观察窗口、失访去向与结局定义表，注明「队列与登记」的来源、课题版本、已查项与未决项。","https://www.nih.gov/about-nih/science-health-public-trust/tools/understanding-clinical-studies；https://www.nhlbi.nih.gov/health-topics/study-quality-assessment-tools"
"health-economics-1","health-economics","成本效果研究","评价边界、价格年份与资源取舍","health-economics","成本效果研究：医疗服务被提供了，为什么不等于患者真正获得了它？","成本效果研究：长期决策模型能否同时说明不确定性、预算约束和受益分配？","服务路径、支付口径与使用者反馈","本方向具体检查：分开服务可及、使用与结果，核对就医选择。不要把「评价边界、价格年份与资源取舍」中不同条件直接合并。","评价视角、价格年份与资源边界表，注明「成本效果研究」的来源、课题版本、已查项与未决项。","https://www.ninr.nih.gov/research/priority-areas；https://www.nhlbi.nih.gov/health-topics/study-quality-assessment-tools"
"health-economics-2","health-economics","卫生资源配置","评价边界、价格年份与资源取舍","evidence-health-services","卫生资源配置：医疗服务被提供了，为什么不等于患者真正获得了它？","卫生资源配置：混合线上线下服务怎样影响照护连续性与不平等？","服务路径、支付口径与使用者反馈","本方向具体检查：分开服务可及、使用与结果，核对就医选择。不要把「评价边界、价格年份与资源取舍」中不同条件直接合并。","服务路径、支付口径与使用者反馈的来源与比较条件记录，注明「卫生资源配置」的来源、课题版本、已查项与未决项。","https://www.ninr.nih.gov/research/priority-areas；https://www.nhlbi.nih.gov/health-topics/study-quality-assessment-tools"
"health-economics-3","health-economics","健康效用","评价边界、价格年份与资源取舍","health-economics","健康效用：医疗服务被提供了，为什么不等于患者真正获得了它？","健康效用：长期决策模型能否同时说明不确定性、预算约束和受益分配？","服务路径、支付口径与使用者反馈","本方向具体检查：分开服务可及、使用与结果，核对就医选择。不要把「评价边界、价格年份与资源取舍」中不同条件直接合并。","评价视角、价格年份与资源边界表，注明「健康效用」的来源、课题版本、已查项与未决项。","https://www.ninr.nih.gov/research/priority-areas；https://www.nhlbi.nih.gov/health-topics/study-quality-assessment-tools"
"health-economics-4","health-economics","医疗支付","评价边界、价格年份与资源取舍","health-economics","医疗支付：医疗服务被提供了，为什么不等于患者真正获得了它？","医疗支付：长期决策模型能否同时说明不确定性、预算约束和受益分配？","服务路径、支付口径与使用者反馈","本方向具体检查：分开服务可及、使用与结果，核对就医选择。不要把「评价边界、价格年份与资源取舍」中不同条件直接合并。","评价视角、价格年份与资源边界表，注明「医疗支付」的来源、课题版本、已查项与未决项。","https://www.ninr.nih.gov/research/priority-areas；https://www.nhlbi.nih.gov/health-topics/study-quality-assessment-tools"
"health-economics-5","health-economics","医疗保障评价","研究对象、观察窗口与资料比较条件","governance","医疗保障评价：医疗服务被提供了，为什么不等于患者真正获得了它？","医疗保障评价：新的协作或数字治理能否缩小执行差距，并保留申诉和责任接口？","服务路径、支付口径与使用者反馈","本方向具体检查：分开服务可及、使用与结果，核对就医选择。不要把「研究对象、观察窗口与资料比较条件」中不同条件直接合并。","纸面目标、执行层次与未受益者记录，注明「医疗保障评价」的来源、课题版本、已查项与未决项。","https://www.ninr.nih.gov/research/priority-areas；https://www.nhlbi.nih.gov/health-topics/study-quality-assessment-tools"
"health-economics-6","health-economics","药物经济学","评价边界、价格年份与资源取舍","pharma","药物经济学：医疗服务被提供了，为什么不等于患者真正获得了它？","药物经济学：新的模型或资料联结能否解释差异，而不把关联或计算评分当成药效？","服务路径、支付口径与使用者反馈","本方向具体检查：分开服务可及、使用与结果，核对就医选择。不要把「评价边界、价格年份与资源取舍」中不同条件直接合并。","单位、模型或使用情境与观察窗口表，注明「药物经济学」的来源、课题版本、已查项与未决项。","https://www.ninr.nih.gov/research/priority-areas；https://www.nhlbi.nih.gov/health-topics/study-quality-assessment-tools"
"health-economics-7","health-economics","照护经济学","评价边界、价格年份与资源取舍","care","照护经济学：医疗服务被提供了，为什么不等于患者真正获得了它？","照护经济学：连续照护或远程服务能否改善实际体验，而不只增加填表率？","服务路径、支付口径与使用者反馈","本方向具体检查：分开服务可及、使用与结果，核对就医选择。不要把「评价边界、价格年份与资源取舍」中不同条件直接合并。","照护时间线与患者原话对照页，注明「照护经济学」的来源、课题版本、已查项与未决项。","https://www.ninr.nih.gov/research/priority-areas；https://www.nhlbi.nih.gov/health-topics/study-quality-assessment-tools"
"health-economics-8","health-economics","健康公平与经济","目标、执行层次与受益差异","governance","健康公平与经济：医疗服务被提供了，为什么不等于患者真正获得了它？","健康公平与经济：新的协作或数字治理能否缩小执行差距，并保留申诉和责任接口？","服务路径、支付口径与使用者反馈","本方向具体检查：分开服务可及、使用与结果，核对就医选择。不要把「目标、执行层次与受益差异」中不同条件直接合并。","纸面目标、执行层次与未受益者记录，注明「健康公平与经济」的来源、课题版本、已查项与未决项。","https://www.ninr.nih.gov/research/priority-areas；https://www.nhlbi.nih.gov/health-topics/study-quality-assessment-tools"
"health-economics-9","health-economics","预算影响","评价边界、价格年份与资源取舍","health-economics","预算影响：医疗服务被提供了，为什么不等于患者真正获得了它？","预算影响：长期决策模型能否同时说明不确定性、预算约束和受益分配？","服务路径、支付口径与使用者反馈","本方向具体检查：分开服务可及、使用与结果，核对就医选择。不要把「评价边界、价格年份与资源取舍」中不同条件直接合并。","评价视角、价格年份与资源边界表，注明「预算影响」的来源、课题版本、已查项与未决项。","https://www.ninr.nih.gov/research/priority-areas；https://www.nhlbi.nih.gov/health-topics/study-quality-assessment-tools"
"health-economics-10","health-economics","卫生服务需求","目标、执行层次与受益差异","governance","卫生服务需求：医疗服务被提供了，为什么不等于患者真正获得了它？","卫生服务需求：新的协作或数字治理能否缩小执行差距，并保留申诉和责任接口？","服务路径、支付口径与使用者反馈","本方向具体检查：分开服务可及、使用与结果，核对就医选择。不要把「目标、执行层次与受益差异」中不同条件直接合并。","纸面目标、执行层次与未受益者记录，注明「卫生服务需求」的来源、课题版本、已查项与未决项。","https://www.ninr.nih.gov/research/priority-areas；https://www.nhlbi.nih.gov/health-topics/study-quality-assessment-tools"
"health-economics-11","health-economics","长期经济结局","入组范围、观察时间与未完成随访","survival","长期经济结局：医疗服务被提供了，为什么不等于患者真正获得了它？","长期经济结局：动态或多来源随访能否减少信息缺口，同时避免把记录更多误当成风险更高？","服务路径、支付口径与使用者反馈","本方向具体检查：分开服务可及、使用与结果，核对就医选择。不要把「入组范围、观察时间与未完成随访」中不同条件直接合并。","观察窗口、失访去向与结局定义表，注明「长期经济结局」的来源、课题版本、已查项与未决项。","https://www.ninr.nih.gov/research/priority-areas；https://www.nhlbi.nih.gov/health-topics/study-quality-assessment-tools"
"health-economics-12","health-economics","决策模型","研究对象、观察窗口与资料比较条件","evidence-health-services","决策模型：医疗服务被提供了，为什么不等于患者真正获得了它？","决策模型：混合线上线下服务怎样影响照护连续性与不平等？","服务路径、支付口径与使用者反馈","本方向具体检查：分开服务可及、使用与结果，核对就医选择。不要把「研究对象、观察窗口与资料比较条件」中不同条件直接合并。","服务路径、支付口径与使用者反馈的来源与比较条件记录，注明「决策模型」的来源、课题版本、已查项与未决项。","https://www.ninr.nih.gov/research/priority-areas；https://www.nhlbi.nih.gov/health-topics/study-quality-assessment-tools"
"clinical-pharmacology-1","clinical-pharmacology","药物结局研究","使用比较与患者结局","specialty-clinical-pharmacology-1","药物结局研究：比较组的资格和观察起点真的相同吗？","药物结局研究：更明确的研究设计能否缩小时间相关和选择偏差？","比较人群、用药起点和结局随访","对齐入组条件和时间起点","比较人群、用药起点和结局随访的比较与解释记录","https://www.aspet.org/docs/default-source/education-files/pharmacology-knowledge-objectives-2022-final.pdf"
"clinical-pharmacology-2","clinical-pharmacology","真实世界药物资料","用药记录、适应证与混杂","specialty-clinical-pharmacology-2","真实世界药物资料：处方与实际使用之间缺了哪些信息？","真实世界药物资料：跨来源资料能否改善暴露判断且保留来源差异？","处方、配药、使用与适应证资料","分开处方记录和实际暴露并核对适应证","处方、配药、使用与适应证资料的比较与解释记录","https://www.aspet.org/docs/default-source/education-files/pharmacology-knowledge-objectives-2022-final.pdf"
"clinical-pharmacology-3","clinical-pharmacology","药物安全资料","事件时序与风险信号","specialty-clinical-pharmacology-3","药物安全资料：事件、暴露和其他变化的时间顺序是什么？","药物安全资料：独立来源能否复核同一信号而避免重复计算同一病例？","事件定义、暴露窗口和报告来源","区分时间关联、报告倾向和比较风险","事件定义、暴露窗口和报告来源的比较与解释记录","https://www.aspet.org/docs/default-source/education-files/pharmacology-knowledge-objectives-2022-final.pdf"
"clinical-pharmacology-4","clinical-pharmacology","药物使用评价","评价标准与实际使用","specialty-clinical-pharmacology-4","药物使用评价：评价差异来自实际使用还是标准版本变化？","药物使用评价：情境化评价能否区分制度问题与资料缺失？","适应证、使用流程与评价标准版本","分别记录符合标准与可观察结果","适应证、使用流程与评价标准版本的比较与解释记录","https://www.aspet.org/docs/default-source/education-files/pharmacology-knowledge-objectives-2022-final.pdf"
"clinical-pharmacology-5","clinical-pharmacology","临床药代动力学","个体暴露与处置差异","specialty-clinical-pharmacology-5","临床药代动力学：浓度差异是否只是采样时间不同？","临床药代动力学：模型能否解释未见个体的暴露并保留参数不确定性？","采样时点、暴露资料和协变量","核对时点与模型假设并保留个体差异","采样时点、暴露资料和协变量的比较与解释记录","https://www.aspet.org/docs/default-source/education-files/pharmacology-knowledge-objectives-2022-final.pdf"
"clinical-pharmacology-6","clinical-pharmacology","药物基因组学","遗传差异与药物反应","specialty-clinical-pharmacology-6","药物基因组学：反应差异如何与暴露及人群背景分开？","药物基因组学：跨人群验证能否保留关联含义而不简单迁移预测？","基因型、祖源、暴露和反应资料","区分遗传关联与暴露或人群构成差异","基因型、祖源、暴露和反应资料的比较与解释记录","https://www.aspet.org/docs/default-source/education-files/pharmacology-knowledge-objectives-2022-final.pdf"
"clinical-pharmacology-7","clinical-pharmacology","药物相互作用研究","合并使用与暴露或反应变化","specialty-clinical-pharmacology-7","药物相互作用研究：差异出现在暴露层面还是反应层面？","药物相互作用研究：多时段资料能否区分药物间作用与病情改变？","合并使用时间、处置信息和反应资料","分开药代相互作用与药效相互作用","合并使用时间、处置信息和反应资料的比较与解释记录","https://www.aspet.org/docs/default-source/education-files/pharmacology-knowledge-objectives-2022-final.pdf"
"clinical-pharmacology-8","clinical-pharmacology","特殊人群临床药理","人群状态与外推范围","specialty-clinical-pharmacology-8","特殊人群临床药理：资料实际覆盖了哪些状态和哪些未观察对象？","特殊人群临床药理：分层模型能否改善解释且保留稀少人群的不确定性？","人群状态、暴露与可观察结局","说明人群定义与不能外推的条件","人群状态、暴露与可观察结局的比较与解释记录","https://www.aspet.org/docs/default-source/education-files/pharmacology-knowledge-objectives-2022-final.pdf"
"clinical-pharmacology-9","clinical-pharmacology","药物经济评价","临床资料到经济模型的转换","specialty-clinical-pharmacology-9","药物经济评价：长期结果中哪些来自真实观察，哪些来自假设？","药物经济评价：替代外推方案是否改变结论与适用范围？","临床效果来源、成本与效用假设","区分观察到的效果与模型外推","临床效果来源、成本与效用假设的比较与解释记录","https://www.aspet.org/docs/default-source/education-files/pharmacology-knowledge-objectives-2022-final.pdf"
"clinical-pharmacology-10","clinical-pharmacology","患者用药体验","用药负担、理解与实际使用","specialty-clinical-pharmacology-10","患者用药体验：谁报告了什么体验，它与实际使用有何关系？","患者用药体验：连续患者报告能否解释停药原因而避免只观察坚持者？","患者原话、报告者与用药过程","区分体验、依从行为与健康结局","患者原话、报告者与用药过程的比较与解释记录","https://www.aspet.org/docs/default-source/education-files/pharmacology-knowledge-objectives-2022-final.pdf"
"clinical-pharmacology-11","clinical-pharmacology","临床药理研究设计","问题、比较方案与可识别作用","specialty-clinical-pharmacology-11","临床药理研究设计：这项设计究竟比较了什么，排除了什么？","临床药理研究设计：新的设计相对现有方案增加了哪一种可识别信息？","研究对象、比较方案和终点定义","明确目标问题和主要替代解释","研究对象、比较方案和终点定义的比较与解释记录","https://www.aspet.org/docs/default-source/education-files/pharmacology-knowledge-objectives-2022-final.pdf"
"clinical-pharmacology-12","clinical-pharmacology","药物资料质控","记录语义与可用暴露信息","specialty-clinical-pharmacology-12","药物资料质控：同名字段在不同来源里代表同一个行为吗？","药物资料质控：资料联结能否减少缺失而不引入错误匹配或重复对象？","来源字典、时间轴与缺失原因","核对字段含义并追踪缺失来源","来源字典、时间轴与缺失原因的比较与解释记录","https://www.aspet.org/docs/default-source/education-files/pharmacology-knowledge-objectives-2022-final.pdf"
"forensic-medicine-1","forensic-medicine","法医病理资料","测量口径、平台或读者差异","pathology","法医病理资料：一个检验结果如何进入特定案件的证明问题？","法医病理资料：新的判读辅助能否在困难样本与外部来源中保持可解释的错误？","材料来源链、鉴定问题与意见版本","本方向具体检查：核对材料如何进入分析，区分观察与鉴定推论。不要把「测量口径、平台或读者差异」中不同条件直接合并。","样本进入路径、平台和复核者记录，注明「法医病理资料」的来源、课题版本、已查项与未决项。","https://www.nih.gov/about-nih/science-health-public-trust/tools/understanding-clinical-studies；https://www.nhlbi.nih.gov/health-topics/study-quality-assessment-tools"
"forensic-medicine-2","forensic-medicine","法医临床资料","研究对象、观察窗口与资料比较条件","evidence-forensic","法医临床资料：一个检验结果如何进入特定案件的证明问题？","法医临床资料：复杂混合资料的解释如何兼顾不确定性与可复核性？","材料来源链、鉴定问题与意见版本","本方向具体检查：核对材料如何进入分析，区分观察与鉴定推论。不要把「研究对象、观察窗口与资料比较条件」中不同条件直接合并。","材料来源链、鉴定问题与意见版本的来源与比较条件记录，注明「法医临床资料」的来源、课题版本、已查项与未决项。","https://www.nih.gov/about-nih/science-health-public-trust/tools/understanding-clinical-studies；https://www.nhlbi.nih.gov/health-topics/study-quality-assessment-tools"
"forensic-medicine-3","forensic-medicine","法医毒理资料","研究对象、观察窗口与资料比较条件","evidence-forensic","法医毒理资料：一个检验结果如何进入特定案件的证明问题？","法医毒理资料：复杂混合资料的解释如何兼顾不确定性与可复核性？","材料来源链、鉴定问题与意见版本","本方向具体检查：核对材料如何进入分析，区分观察与鉴定推论。不要把「研究对象、观察窗口与资料比较条件」中不同条件直接合并。","材料来源链、鉴定问题与意见版本的来源与比较条件记录，注明「法医毒理资料」的来源、课题版本、已查项与未决项。","https://www.nih.gov/about-nih/science-health-public-trust/tools/understanding-clinical-studies；https://www.nhlbi.nih.gov/health-topics/study-quality-assessment-tools"
"forensic-medicine-4","forensic-medicine","法医遗传资料","对象关系、参考版本与变异解释","genetics","法医遗传资料：一个检验结果如何进入特定案件的证明问题？","法医遗传资料：多来源证据能否缩小候选解释，同时保留群体与模型的边界？","材料来源链、鉴定问题与意见版本","本方向具体检查：核对材料如何进入分析，区分观察与鉴定推论。不要把「对象关系、参考版本与变异解释」中不同条件直接合并。","参考版本、对象关系与证据层级表，注明「法医遗传资料」的来源、课题版本、已查项与未决项。","https://www.nih.gov/about-nih/science-health-public-trust/tools/understanding-clinical-studies；https://www.nhlbi.nih.gov/health-topics/study-quality-assessment-tools"
"forensic-medicine-5","forensic-medicine","法医物证资料","研究对象、观察窗口与资料比较条件","evidence-forensic","法医物证资料：一个检验结果如何进入特定案件的证明问题？","法医物证资料：复杂混合资料的解释如何兼顾不确定性与可复核性？","材料来源链、鉴定问题与意见版本","本方向具体检查：核对材料如何进入分析，区分观察与鉴定推论。不要把「研究对象、观察窗口与资料比较条件」中不同条件直接合并。","材料来源链、鉴定问题与意见版本的来源与比较条件记录，注明「法医物证资料」的来源、课题版本、已查项与未决项。","https://www.nih.gov/about-nih/science-health-public-trust/tools/understanding-clinical-studies；https://www.nhlbi.nih.gov/health-topics/study-quality-assessment-tools"
"forensic-medicine-6","forensic-medicine","法医精神资料","研究对象、观察窗口与资料比较条件","evidence-forensic","法医精神资料：一个检验结果如何进入特定案件的证明问题？","法医精神资料：复杂混合资料的解释如何兼顾不确定性与可复核性？","材料来源链、鉴定问题与意见版本","本方向具体检查：核对材料如何进入分析，区分观察与鉴定推论。不要把「研究对象、观察窗口与资料比较条件」中不同条件直接合并。","材料来源链、鉴定问题与意见版本的来源与比较条件记录，注明「法医精神资料」的来源、课题版本、已查项与未决项。","https://www.nih.gov/about-nih/science-health-public-trust/tools/understanding-clinical-studies；https://www.nhlbi.nih.gov/health-topics/study-quality-assessment-tools"
"forensic-medicine-7","forensic-medicine","证据来源核对","研究对象、观察窗口与资料比较条件","evidence-forensic","证据来源核对：一个检验结果如何进入特定案件的证明问题？","证据来源核对：复杂混合资料的解释如何兼顾不确定性与可复核性？","材料来源链、鉴定问题与意见版本","本方向具体检查：核对材料如何进入分析，区分观察与鉴定推论。不要把「研究对象、观察窗口与资料比较条件」中不同条件直接合并。","材料来源链、鉴定问题与意见版本的来源与比较条件记录，注明「证据来源核对」的来源、课题版本、已查项与未决项。","https://www.nih.gov/about-nih/science-health-public-trust/tools/understanding-clinical-studies；https://www.nhlbi.nih.gov/health-topics/study-quality-assessment-tools"
"forensic-medicine-8","forensic-medicine","鉴定意见表达","研究对象、观察窗口与资料比较条件","evidence-forensic","鉴定意见表达：一个检验结果如何进入特定案件的证明问题？","鉴定意见表达：复杂混合资料的解释如何兼顾不确定性与可复核性？","材料来源链、鉴定问题与意见版本","本方向具体检查：核对材料如何进入分析，区分观察与鉴定推论。不要把「研究对象、观察窗口与资料比较条件」中不同条件直接合并。","材料来源链、鉴定问题与意见版本的来源与比较条件记录，注明「鉴定意见表达」的来源、课题版本、已查项与未决项。","https://www.nih.gov/about-nih/science-health-public-trust/tools/understanding-clinical-studies；https://www.nhlbi.nih.gov/health-topics/study-quality-assessment-tools"
"forensic-medicine-9","forensic-medicine","法医记录质量","研究对象、观察窗口与资料比较条件","evidence-forensic","法医记录质量：一个检验结果如何进入特定案件的证明问题？","法医记录质量：复杂混合资料的解释如何兼顾不确定性与可复核性？","材料来源链、鉴定问题与意见版本","本方向具体检查：核对材料如何进入分析，区分观察与鉴定推论。不要把「研究对象、观察窗口与资料比较条件」中不同条件直接合并。","材料来源链、鉴定问题与意见版本的来源与比较条件记录，注明「法医记录质量」的来源、课题版本、已查项与未决项。","https://www.nih.gov/about-nih/science-health-public-trust/tools/understanding-clinical-studies；https://www.nhlbi.nih.gov/health-topics/study-quality-assessment-tools"
"forensic-medicine-10","forensic-medicine","法医统计评价","研究对象、观察窗口与资料比较条件","evidence-forensic","法医统计评价：一个检验结果如何进入特定案件的证明问题？","法医统计评价：复杂混合资料的解释如何兼顾不确定性与可复核性？","材料来源链、鉴定问题与意见版本","本方向具体检查：核对材料如何进入分析，区分观察与鉴定推论。不要把「研究对象、观察窗口与资料比较条件」中不同条件直接合并。","材料来源链、鉴定问题与意见版本的来源与比较条件记录，注明「法医统计评价」的来源、课题版本、已查项与未决项。","https://www.nih.gov/about-nih/science-health-public-trust/tools/understanding-clinical-studies；https://www.nhlbi.nih.gov/health-topics/study-quality-assessment-tools"
"forensic-medicine-11","forensic-medicine","法医学教育","研究对象、观察窗口与资料比较条件","learning","法医学教育：参与更积极，为什么不等于目标知识掌握更好？","法医学教育：新的反馈设计能否改善撤去辅助后的迁移，而不只提高即时答题？","课堂目标、活动记录与学习过程材料","本方向具体检查：让任务、教学目标与评价对应，保留班级差异。不要把「研究对象、观察窗口与资料比较条件」中不同条件直接合并。","目标、任务、辅助条件与延迟表现表，注明「法医学教育」的来源、课题版本、已查项与未决项。","https://cter.bnu.edu.cn/docs/2024-05/e0d9749ec02e425eb45aa96fefdadc2a.pdf"
"forensic-medicine-12","forensic-medicine","法医伦理研究","研究对象、观察窗口与资料比较条件","evidence-forensic","法医伦理研究：一个检验结果如何进入特定案件的证明问题？","法医伦理研究：复杂混合资料的解释如何兼顾不确定性与可复核性？","材料来源链、鉴定问题与意见版本","本方向具体检查：核对材料如何进入分析，区分观察与鉴定推论。不要把「研究对象、观察窗口与资料比较条件」中不同条件直接合并。","材料来源链、鉴定问题与意见版本的来源与比较条件记录，注明「法医伦理研究」的来源、课题版本、已查项与未决项。","https://www.nih.gov/about-nih/science-health-public-trust/tools/understanding-clinical-studies；https://www.nhlbi.nih.gov/health-topics/study-quality-assessment-tools"
"chinese-materia-medica-1","chinese-materia-medica","本草文献","出处、整理版本与术语语境","traditional","本草文献：历史术语与现代研究指标如何建立清楚的接口？","本草文献：跨传统材料与现代资料的比较能否保留术语和对象差异，并接受可核对的评价？","术语来源、辨识规则与研究记录","本方向具体检查：把历史解释、现代观察与具体评价分别记下。不要把「出处、整理版本与术语语境」中不同条件直接合并。","原典、术语版本与现代评价条件表，注明「本草文献」的来源、课题版本、已查项与未决项。","https://www.nih.gov/about-nih/science-health-public-trust/tools/understanding-clinical-studies；https://www.nhlbi.nih.gov/health-topics/study-quality-assessment-tools"
"chinese-materia-medica-2","chinese-materia-medica","中药资源资料","研究对象、观察窗口与资料比较条件","traditional","中药资源资料：历史术语与现代研究指标如何建立清楚的接口？","中药资源资料：跨传统材料与现代资料的比较能否保留术语和对象差异，并接受可核对的评价？","术语来源、辨识规则与研究记录","本方向具体检查：把历史解释、现代观察与具体评价分别记下。不要把「研究对象、观察窗口与资料比较条件」中不同条件直接合并。","原典、术语版本与现代评价条件表，注明「中药资源资料」的来源、课题版本、已查项与未决项。","https://www.nih.gov/about-nih/science-health-public-trust/tools/understanding-clinical-studies；https://www.nhlbi.nih.gov/health-topics/study-quality-assessment-tools"
"chinese-materia-medica-3","chinese-materia-medica","生药鉴别资料","研究对象、观察窗口与资料比较条件","traditional","生药鉴别资料：历史术语与现代研究指标如何建立清楚的接口？","生药鉴别资料：跨传统材料与现代资料的比较能否保留术语和对象差异，并接受可核对的评价？","术语来源、辨识规则与研究记录","本方向具体检查：把历史解释、现代观察与具体评价分别记下。不要把「研究对象、观察窗口与资料比较条件」中不同条件直接合并。","原典、术语版本与现代评价条件表，注明「生药鉴别资料」的来源、课题版本、已查项与未决项。","https://www.nih.gov/about-nih/science-health-public-trust/tools/understanding-clinical-studies；https://www.nhlbi.nih.gov/health-topics/study-quality-assessment-tools"
"chinese-materia-medica-4","chinese-materia-medica","中药化学资料","研究对象、观察窗口与资料比较条件","traditional","中药化学资料：历史术语与现代研究指标如何建立清楚的接口？","中药化学资料：跨传统材料与现代资料的比较能否保留术语和对象差异，并接受可核对的评价？","术语来源、辨识规则与研究记录","本方向具体检查：把历史解释、现代观察与具体评价分别记下。不要把「研究对象、观察窗口与资料比较条件」中不同条件直接合并。","原典、术语版本与现代评价条件表，注明「中药化学资料」的来源、课题版本、已查项与未决项。","https://www.nih.gov/about-nih/science-health-public-trust/tools/understanding-clinical-studies；https://www.nhlbi.nih.gov/health-topics/study-quality-assessment-tools"
"chinese-materia-medica-5","chinese-materia-medica","中药分析资料","研究对象、观察窗口与资料比较条件","traditional","中药分析资料：历史术语与现代研究指标如何建立清楚的接口？","中药分析资料：跨传统材料与现代资料的比较能否保留术语和对象差异，并接受可核对的评价？","术语来源、辨识规则与研究记录","本方向具体检查：把历史解释、现代观察与具体评价分别记下。不要把「研究对象、观察窗口与资料比较条件」中不同条件直接合并。","原典、术语版本与现代评价条件表，注明「中药分析资料」的来源、课题版本、已查项与未决项。","https://www.nih.gov/about-nih/science-health-public-trust/tools/understanding-clinical-studies；https://www.nhlbi.nih.gov/health-topics/study-quality-assessment-tools"
"chinese-materia-medica-6","chinese-materia-medica","中药药理资料","模型或使用情境、暴露记录与解释","pharma","中药药理资料：历史术语与现代研究指标如何建立清楚的接口？","中药药理资料：新的模型或资料联结能否解释差异，而不把关联或计算评分当成药效？","术语来源、辨识规则与研究记录","本方向具体检查：把历史解释、现代观察与具体评价分别记下。不要把「模型或使用情境、暴露记录与解释」中不同条件直接合并。","单位、模型或使用情境与观察窗口表，注明「中药药理资料」的来源、课题版本、已查项与未决项。","https://www.nih.gov/about-nih/science-health-public-trust/tools/understanding-clinical-studies；https://www.nhlbi.nih.gov/health-topics/study-quality-assessment-tools"
"chinese-materia-medica-7","chinese-materia-medica","中药制剂资料","研究对象、观察窗口与资料比较条件","traditional","中药制剂资料：历史术语与现代研究指标如何建立清楚的接口？","中药制剂资料：跨传统材料与现代资料的比较能否保留术语和对象差异，并接受可核对的评价？","术语来源、辨识规则与研究记录","本方向具体检查：把历史解释、现代观察与具体评价分别记下。不要把「研究对象、观察窗口与资料比较条件」中不同条件直接合并。","原典、术语版本与现代评价条件表，注明「中药制剂资料」的来源、课题版本、已查项与未决项。","https://www.nih.gov/about-nih/science-health-public-trust/tools/understanding-clinical-studies；https://www.nhlbi.nih.gov/health-topics/study-quality-assessment-tools"
"chinese-materia-medica-8","chinese-materia-medica","中药质量评价","研究对象、观察窗口与资料比较条件","traditional","中药质量评价：历史术语与现代研究指标如何建立清楚的接口？","中药质量评价：跨传统材料与现代资料的比较能否保留术语和对象差异，并接受可核对的评价？","术语来源、辨识规则与研究记录","本方向具体检查：把历史解释、现代观察与具体评价分别记下。不要把「研究对象、观察窗口与资料比较条件」中不同条件直接合并。","原典、术语版本与现代评价条件表，注明「中药质量评价」的来源、课题版本、已查项与未决项。","https://www.nih.gov/about-nih/science-health-public-trust/tools/understanding-clinical-studies；https://www.nhlbi.nih.gov/health-topics/study-quality-assessment-tools"
"chinese-materia-medica-9","chinese-materia-medica","中药使用结局","入组范围、观察时间与未完成随访","survival","中药使用结局：历史术语与现代研究指标如何建立清楚的接口？","中药使用结局：动态或多来源随访能否减少信息缺口，同时避免把记录更多误当成风险更高？","术语来源、辨识规则与研究记录","本方向具体检查：把历史解释、现代观察与具体评价分别记下。不要把「入组范围、观察时间与未完成随访」中不同条件直接合并。","观察窗口、失访去向与结局定义表，注明「中药使用结局」的来源、课题版本、已查项与未决项。","https://www.nih.gov/about-nih/science-health-public-trust/tools/understanding-clinical-studies；https://www.nhlbi.nih.gov/health-topics/study-quality-assessment-tools"
"chinese-materia-medica-10","chinese-materia-medica","药材来源研究","研究对象、观察窗口与资料比较条件","evidence-traditional","药材来源研究：历史术语与现代研究指标如何建立清楚的接口？","药材来源研究：传统分类与现代多来源资料能否形成可重复的评价关系？","术语来源、辨识规则与研究记录","本方向具体检查：把历史解释、现代观察与具体评价分别记下。不要把「研究对象、观察窗口与资料比较条件」中不同条件直接合并。","术语来源、辨识规则与研究记录的来源与比较条件记录，注明「药材来源研究」的来源、课题版本、已查项与未决项。","https://www.nih.gov/about-nih/science-health-public-trust/tools/understanding-clinical-studies；https://www.nhlbi.nih.gov/health-topics/study-quality-assessment-tools"
"chinese-materia-medica-11","chinese-materia-medica","中药标准史","研究对象、观察窗口与资料比较条件","traditional","中药标准史：历史术语与现代研究指标如何建立清楚的接口？","中药标准史：跨传统材料与现代资料的比较能否保留术语和对象差异，并接受可核对的评价？","术语来源、辨识规则与研究记录","本方向具体检查：把历史解释、现代观察与具体评价分别记下。不要把「研究对象、观察窗口与资料比较条件」中不同条件直接合并。","原典、术语版本与现代评价条件表，注明「中药标准史」的来源、课题版本、已查项与未决项。","https://www.nih.gov/about-nih/science-health-public-trust/tools/understanding-clinical-studies；https://www.nhlbi.nih.gov/health-topics/study-quality-assessment-tools"
"chinese-materia-medica-12","chinese-materia-medica","中药资料复现","研究对象、观察窗口与资料比较条件","traditional","中药资料复现：历史术语与现代研究指标如何建立清楚的接口？","中药资料复现：跨传统材料与现代资料的比较能否保留术语和对象差异，并接受可核对的评价？","术语来源、辨识规则与研究记录","本方向具体检查：把历史解释、现代观察与具体评价分别记下。不要把「研究对象、观察窗口与资料比较条件」中不同条件直接合并。","原典、术语版本与现代评价条件表，注明「中药资料复现」的来源、课题版本、已查项与未决项。","https://www.nih.gov/about-nih/science-health-public-trust/tools/understanding-clinical-studies；https://www.nhlbi.nih.gov/health-topics/study-quality-assessment-tools"
"integrated-medicine-1","integrated-medicine","中西医结合理论","研究对象、观察窗口与资料比较条件","evidence-traditional","中西医结合理论：历史术语与现代研究指标如何建立清楚的接口？","中西医结合理论：传统分类与现代多来源资料能否形成可重复的评价关系？","术语来源、辨识规则与研究记录","本方向具体检查：把历史解释、现代观察与具体评价分别记下。不要把「研究对象、观察窗口与资料比较条件」中不同条件直接合并。","术语来源、辨识规则与研究记录的来源与比较条件记录，注明「中西医结合理论」的来源、课题版本、已查项与未决项。","https://www.nih.gov/about-nih/science-health-public-trust/tools/understanding-clinical-studies；https://www.nhlbi.nih.gov/health-topics/study-quality-assessment-tools"
"integrated-medicine-2","integrated-medicine","结合医学设计","研究对象、观察窗口与资料比较条件","evidence-traditional","结合医学设计：历史术语与现代研究指标如何建立清楚的接口？","结合医学设计：传统分类与现代多来源资料能否形成可重复的评价关系？","术语来源、辨识规则与研究记录","本方向具体检查：把历史解释、现代观察与具体评价分别记下。不要把「研究对象、观察窗口与资料比较条件」中不同条件直接合并。","术语来源、辨识规则与研究记录的来源与比较条件记录，注明「结合医学设计」的来源、课题版本、已查项与未决项。","https://www.nih.gov/about-nih/science-health-public-trust/tools/understanding-clinical-studies；https://www.nhlbi.nih.gov/health-topics/study-quality-assessment-tools"
"integrated-medicine-3","integrated-medicine","结合医学临床结局","入组范围、观察时间与未完成随访","survival","结合医学临床结局：历史术语与现代研究指标如何建立清楚的接口？","结合医学临床结局：动态或多来源随访能否减少信息缺口，同时避免把记录更多误当成风险更高？","术语来源、辨识规则与研究记录","本方向具体检查：把历史解释、现代观察与具体评价分别记下。不要把「入组范围、观察时间与未完成随访」中不同条件直接合并。","观察窗口、失访去向与结局定义表，注明「结合医学临床结局」的来源、课题版本、已查项与未决项。","https://www.nih.gov/about-nih/science-health-public-trust/tools/understanding-clinical-studies；https://www.nhlbi.nih.gov/health-topics/study-quality-assessment-tools"
"integrated-medicine-4","integrated-medicine","证候一致性","测量口径、平台或读者差异","traditional","证候一致性：历史术语与现代研究指标如何建立清楚的接口？","证候一致性：跨传统材料与现代资料的比较能否保留术语和对象差异，并接受可核对的评价？","术语来源、辨识规则与研究记录","本方向具体检查：把历史解释、现代观察与具体评价分别记下。不要把「测量口径、平台或读者差异」中不同条件直接合并。","原典、术语版本与现代评价条件表，注明「证候一致性」的来源、课题版本、已查项与未决项。","https://www.nih.gov/about-nih/science-health-public-trust/tools/understanding-clinical-studies；https://www.nhlbi.nih.gov/health-topics/study-quality-assessment-tools"
"integrated-medicine-5","integrated-medicine","多种照护记录","研究对象、观察窗口与资料比较条件","care","多种照护记录：历史术语与现代研究指标如何建立清楚的接口？","多种照护记录：连续照护或远程服务能否改善实际体验，而不只增加填表率？","术语来源、辨识规则与研究记录","本方向具体检查：把历史解释、现代观察与具体评价分别记下。不要把「研究对象、观察窗口与资料比较条件」中不同条件直接合并。","照护时间线与患者原话对照页，注明「多种照护记录」的来源、课题版本、已查项与未决项。","https://www.nih.gov/about-nih/science-health-public-trust/tools/understanding-clinical-studies；https://www.nhlbi.nih.gov/health-topics/study-quality-assessment-tools"
"integrated-medicine-6","integrated-medicine","患者报告结局","入组范围、观察时间与未完成随访","survival","患者报告结局：历史术语与现代研究指标如何建立清楚的接口？","患者报告结局：动态或多来源随访能否减少信息缺口，同时避免把记录更多误当成风险更高？","术语来源、辨识规则与研究记录","本方向具体检查：把历史解释、现代观察与具体评价分别记下。不要把「入组范围、观察时间与未完成随访」中不同条件直接合并。","观察窗口、失访去向与结局定义表，注明「患者报告结局」的来源、课题版本、已查项与未决项。","https://www.nih.gov/about-nih/science-health-public-trust/tools/understanding-clinical-studies；https://www.nhlbi.nih.gov/health-topics/study-quality-assessment-tools"
"integrated-medicine-7","integrated-medicine","康复与生活质量","测量含义、填答者与时间窗口","scale","康复与生活质量：历史术语与现代研究指标如何建立清楚的接口？","康复与生活质量：跨人群测量能否保持构念含义，而不只是总分相关？","术语来源、辨识规则与研究记录","本方向具体检查：把历史解释、现代观察与具体评价分别记下。不要把「测量含义、填答者与时间窗口」中不同条件直接合并。","条目版本、填答者与缺失项说明，注明「康复与生活质量」的来源、课题版本、已查项与未决项。","https://www.nih.gov/about-nih/science-health-public-trust/tools/understanding-clinical-studies；https://www.nhlbi.nih.gov/health-topics/study-quality-assessment-tools"
"integrated-medicine-8","integrated-medicine","研究指标对应","研究对象、观察窗口与资料比较条件","evidence-traditional","研究指标对应：历史术语与现代研究指标如何建立清楚的接口？","研究指标对应：传统分类与现代多来源资料能否形成可重复的评价关系？","术语来源、辨识规则与研究记录","本方向具体检查：把历史解释、现代观察与具体评价分别记下。不要把「研究对象、观察窗口与资料比较条件」中不同条件直接合并。","术语来源、辨识规则与研究记录的来源与比较条件记录，注明「研究指标对应」的来源、课题版本、已查项与未决项。","https://www.nih.gov/about-nih/science-health-public-trust/tools/understanding-clinical-studies；https://www.nhlbi.nih.gov/health-topics/study-quality-assessment-tools"
"integrated-medicine-9","integrated-medicine","结合医学文献","出处、整理版本与术语语境","evidence-traditional","结合医学文献：历史术语与现代研究指标如何建立清楚的接口？","结合医学文献：传统分类与现代多来源资料能否形成可重复的评价关系？","术语来源、辨识规则与研究记录","本方向具体检查：把历史解释、现代观察与具体评价分别记下。不要把「出处、整理版本与术语语境」中不同条件直接合并。","术语来源、辨识规则与研究记录的来源与比较条件记录，注明「结合医学文献」的来源、课题版本、已查项与未决项。","https://www.nih.gov/about-nih/science-health-public-trust/tools/understanding-clinical-studies；https://www.nhlbi.nih.gov/health-topics/study-quality-assessment-tools"
"integrated-medicine-10","integrated-medicine","解释边界研究","研究对象、观察窗口与资料比较条件","evidence-traditional","解释边界研究：历史术语与现代研究指标如何建立清楚的接口？","解释边界研究：传统分类与现代多来源资料能否形成可重复的评价关系？","术语来源、辨识规则与研究记录","本方向具体检查：把历史解释、现代观察与具体评价分别记下。不要把「研究对象、观察窗口与资料比较条件」中不同条件直接合并。","术语来源、辨识规则与研究记录的来源与比较条件记录，注明「解释边界研究」的来源、课题版本、已查项与未决项。","https://www.nih.gov/about-nih/science-health-public-trust/tools/understanding-clinical-studies；https://www.nhlbi.nih.gov/health-topics/study-quality-assessment-tools"
"integrated-medicine-11","integrated-medicine","长期随访质量","入组范围、观察时间与未完成随访","survival","长期随访质量：历史术语与现代研究指标如何建立清楚的接口？","长期随访质量：动态或多来源随访能否减少信息缺口，同时避免把记录更多误当成风险更高？","术语来源、辨识规则与研究记录","本方向具体检查：把历史解释、现代观察与具体评价分别记下。不要把「入组范围、观察时间与未完成随访」中不同条件直接合并。","观察窗口、失访去向与结局定义表，注明「长期随访质量」的来源、课题版本、已查项与未决项。","https://www.nih.gov/about-nih/science-health-public-trust/tools/understanding-clinical-studies；https://www.nhlbi.nih.gov/health-topics/study-quality-assessment-tools"
"integrated-medicine-12","integrated-medicine","结合医学教学","研究对象、观察窗口与资料比较条件","learning","结合医学教学：一个教学目标怎样转成能检验掌握的任务？","结合医学教学：智能助教的提示设计能否改善延迟迁移而非只提高即时答题？","学习目标、任务作品与课堂实施记录","本方向具体检查：对齐学习目标和评价任务，区分实施变化与工具作用。不要把「研究对象、观察窗口与资料比较条件」中不同条件直接合并。","目标、任务、辅助条件与延迟表现表，注明「结合医学教学」的来源、课题版本、已查项与未决项。","https://cter.bnu.edu.cn/docs/2024-05/e0d9749ec02e425eb45aa96fefdadc2a.pdf"
"special-medicine-1","special-medicine","航空航天健康资料","研究对象、观察窗口与资料比较条件","evidence-population","航空航天健康资料：在人群中观察到关系，需要先说明谁进入了资料吗？","航空航天健康资料：多来源常规数据怎样支持公平而可验证的风险研究？","登记分母、调查框与健康服务记录","本方向具体检查：先核对覆盖人口与时期，再比较比例。不要把「研究对象、观察窗口与资料比较条件」中不同条件直接合并。","登记分母、调查框与健康服务记录的来源与比较条件记录，注明「航空航天健康资料」的来源、课题版本、已查项与未决项。","https://www.nih.gov/about-nih/science-health-public-trust/tools/understanding-clinical-studies；https://www.nhlbi.nih.gov/health-topics/study-quality-assessment-tools"
"special-medicine-2","special-medicine","环境适应资料","研究对象、观察窗口与资料比较条件","evidence-population","环境适应资料：在人群中观察到关系，需要先说明谁进入了资料吗？","环境适应资料：多来源常规数据怎样支持公平而可验证的风险研究？","登记分母、调查框与健康服务记录","本方向具体检查：先核对覆盖人口与时期，再比较比例。不要把「研究对象、观察窗口与资料比较条件」中不同条件直接合并。","登记分母、调查框与健康服务记录的来源与比较条件记录，注明「环境适应资料」的来源、课题版本、已查项与未决项。","https://www.nih.gov/about-nih/science-health-public-trust/tools/understanding-clinical-studies；https://www.nhlbi.nih.gov/health-topics/study-quality-assessment-tools"
"special-medicine-3","special-medicine","航海健康资料","研究对象、观察窗口与资料比较条件","evidence-population","航海健康资料：在人群中观察到关系，需要先说明谁进入了资料吗？","航海健康资料：多来源常规数据怎样支持公平而可验证的风险研究？","登记分母、调查框与健康服务记录","本方向具体检查：先核对覆盖人口与时期，再比较比例。不要把「研究对象、观察窗口与资料比较条件」中不同条件直接合并。","登记分母、调查框与健康服务记录的来源与比较条件记录，注明「航海健康资料」的来源、课题版本、已查项与未决项。","https://www.nih.gov/about-nih/science-health-public-trust/tools/understanding-clinical-studies；https://www.nhlbi.nih.gov/health-topics/study-quality-assessment-tools"
"special-medicine-4","special-medicine","高原健康资料","研究对象、观察窗口与资料比较条件","evidence-population","高原健康资料：在人群中观察到关系，需要先说明谁进入了资料吗？","高原健康资料：多来源常规数据怎样支持公平而可验证的风险研究？","登记分母、调查框与健康服务记录","本方向具体检查：先核对覆盖人口与时期，再比较比例。不要把「研究对象、观察窗口与资料比较条件」中不同条件直接合并。","登记分母、调查框与健康服务记录的来源与比较条件记录，注明「高原健康资料」的来源、课题版本、已查项与未决项。","https://www.nih.gov/about-nih/science-health-public-trust/tools/understanding-clinical-studies；https://www.nhlbi.nih.gov/health-topics/study-quality-assessment-tools"
"special-medicine-5","special-medicine","运动环境与健康","研究对象、观察窗口与资料比较条件","evidence-population","运动环境与健康：在人群中观察到关系，需要先说明谁进入了资料吗？","运动环境与健康：多来源常规数据怎样支持公平而可验证的风险研究？","登记分母、调查框与健康服务记录","本方向具体检查：先核对覆盖人口与时期，再比较比例。不要把「研究对象、观察窗口与资料比较条件」中不同条件直接合并。","登记分母、调查框与健康服务记录的来源与比较条件记录，注明「运动环境与健康」的来源、课题版本、已查项与未决项。","https://www.nih.gov/about-nih/science-health-public-trust/tools/understanding-clinical-studies；https://www.nhlbi.nih.gov/health-topics/study-quality-assessment-tools"
"special-medicine-6","special-medicine","极端环境体验","测量含义、填答者与时间窗口","scale","极端环境体验：在人群中观察到关系，需要先说明谁进入了资料吗？","极端环境体验：跨人群测量能否保持构念含义，而不只是总分相关？","登记分母、调查框与健康服务记录","本方向具体检查：先核对覆盖人口与时期，再比较比例。不要把「测量含义、填答者与时间窗口」中不同条件直接合并。","条目版本、填答者与缺失项说明，注明「极端环境体验」的来源、课题版本、已查项与未决项。","https://www.nih.gov/about-nih/science-health-public-trust/tools/understanding-clinical-studies；https://www.nhlbi.nih.gov/health-topics/study-quality-assessment-tools"
"special-medicine-7","special-medicine","放射健康资料","研究对象、观察窗口与资料比较条件","evidence-population","放射健康资料：在人群中观察到关系，需要先说明谁进入了资料吗？","放射健康资料：多来源常规数据怎样支持公平而可验证的风险研究？","登记分母、调查框与健康服务记录","本方向具体检查：先核对覆盖人口与时期，再比较比例。不要把「研究对象、观察窗口与资料比较条件」中不同条件直接合并。","登记分母、调查框与健康服务记录的来源与比较条件记录，注明「放射健康资料」的来源、课题版本、已查项与未决项。","https://www.nih.gov/about-nih/science-health-public-trust/tools/understanding-clinical-studies；https://www.nhlbi.nih.gov/health-topics/study-quality-assessment-tools"
"special-medicine-8","special-medicine","职业健康记录","研究对象、观察窗口与资料比较条件","evidence-population","职业健康记录：在人群中观察到关系，需要先说明谁进入了资料吗？","职业健康记录：多来源常规数据怎样支持公平而可验证的风险研究？","登记分母、调查框与健康服务记录","本方向具体检查：先核对覆盖人口与时期，再比较比例。不要把「研究对象、观察窗口与资料比较条件」中不同条件直接合并。","登记分母、调查框与健康服务记录的来源与比较条件记录，注明「职业健康记录」的来源、课题版本、已查项与未决项。","https://www.nih.gov/about-nih/science-health-public-trust/tools/understanding-clinical-studies；https://www.nhlbi.nih.gov/health-topics/study-quality-assessment-tools"
"special-medicine-9","special-medicine","环境测量质量","测量口径、平台或读者差异","evidence-population","环境测量质量：在人群中观察到关系，需要先说明谁进入了资料吗？","环境测量质量：多来源常规数据怎样支持公平而可验证的风险研究？","登记分母、调查框与健康服务记录","本方向具体检查：先核对覆盖人口与时期，再比较比例。不要把「测量口径、平台或读者差异」中不同条件直接合并。","登记分母、调查框与健康服务记录的来源与比较条件记录，注明「环境测量质量」的来源、课题版本、已查项与未决项。","https://www.nih.gov/about-nih/science-health-public-trust/tools/understanding-clinical-studies；https://www.nhlbi.nih.gov/health-topics/study-quality-assessment-tools"
"special-medicine-10","special-medicine","特种环境随访","入组范围、观察时间与未完成随访","survival","特种环境随访：在人群中观察到关系，需要先说明谁进入了资料吗？","特种环境随访：动态或多来源随访能否减少信息缺口，同时避免把记录更多误当成风险更高？","登记分母、调查框与健康服务记录","本方向具体检查：先核对覆盖人口与时期，再比较比例。不要把「入组范围、观察时间与未完成随访」中不同条件直接合并。","观察窗口、失访去向与结局定义表，注明「特种环境随访」的来源、课题版本、已查项与未决项。","https://www.nih.gov/about-nih/science-health-public-trust/tools/understanding-clinical-studies；https://www.nhlbi.nih.gov/health-topics/study-quality-assessment-tools"
"special-medicine-11","special-medicine","健康服务评价","目标、执行层次与受益差异","governance","健康服务评价：在人群中观察到关系，需要先说明谁进入了资料吗？","健康服务评价：新的协作或数字治理能否缩小执行差距，并保留申诉和责任接口？","登记分母、调查框与健康服务记录","本方向具体检查：先核对覆盖人口与时期，再比较比例。不要把「目标、执行层次与受益差异」中不同条件直接合并。","纸面目标、执行层次与未受益者记录，注明「健康服务评价」的来源、课题版本、已查项与未决项。","https://www.nih.gov/about-nih/science-health-public-trust/tools/understanding-clinical-studies；https://www.nhlbi.nih.gov/health-topics/study-quality-assessment-tools"
"special-medicine-12","special-medicine","特种医学史","研究对象、观察窗口与资料比较条件","evidence-population","特种医学史：在人群中观察到关系，需要先说明谁进入了资料吗？","特种医学史：多来源常规数据怎样支持公平而可验证的风险研究？","登记分母、调查框与健康服务记录","本方向具体检查：先核对覆盖人口与时期，再比较比例。不要把「研究对象、观察窗口与资料比较条件」中不同条件直接合并。","登记分母、调查框与健康服务记录的来源与比较条件记录，注明「特种医学史」的来源、课题版本、已查项与未决项。","https://www.nih.gov/about-nih/science-health-public-trust/tools/understanding-clinical-studies；https://www.nhlbi.nih.gov/health-topics/study-quality-assessment-tools"
"medical-technology-1","medical-technology","医学影像技术","对象内重复、平台版本与图像质量","clinical-imaging","医学影像技术：多张图像为什么不等于多位独立患者？","医学影像技术：跨机构评价能否保留个体独立性，并区分图像性能与患者结局？","设备平台、读者判断与个体索引","本方向具体检查：按个体划分记录，保留平台版本和读者分歧。不要把「对象内重复、平台版本与图像质量」中不同条件直接合并。","个体、平台版本与判读分歧索引，注明「医学影像技术」的来源、课题版本、已查项与未决项。","https://www.nih.gov/about-nih/science-health-public-trust/tools/understanding-clinical-studies；https://www.nhlbi.nih.gov/health-topics/study-quality-assessment-tools"
"medical-technology-2","medical-technology","医学检验技术","测量口径、平台或读者差异","pathology","医学检验技术：两个平台的数值变化是对象变化还是测量口径变化？","医学检验技术：多指标联合解释怎样面对跨平台漂移和参考范围变化？","个体索引、平台版本与测量口径","本方向具体检查：核对平台、测量单位与参考口径，区分技术差异和生物差异。不要把「测量口径、平台或读者差异」中不同条件直接合并。","样本进入路径、平台和复核者记录，注明「医学检验技术」的来源、课题版本、已查项与未决项。","https://www.nih.gov/about-nih/science-health-public-trust/tools/understanding-clinical-studies；https://www.nhlbi.nih.gov/health-topics/study-quality-assessment-tools"
"medical-technology-3","medical-technology","康复治疗技术","阶段、生活条件与功能或体验变化","rehab","康复治疗技术：一次任务表现改善，如何区分练习效应与功能恢复？","康复治疗技术：个体化或辅助技术能否把表现改善转成可持续的生活参与？","功能任务、量表版本与家庭参与记录","本方向具体检查：对照任务目标、评估者和真实使用情境。不要把「阶段、生活条件与功能或体验变化」中不同条件直接合并。","任务条件、阶段与日常功能对照页，注明「康复治疗技术」的来源、课题版本、已查项与未决项。","https://www.nih.gov/about-nih/science-health-public-trust/tools/understanding-clinical-studies；https://www.nhlbi.nih.gov/health-topics/study-quality-assessment-tools"
"medical-technology-4","medical-technology","听觉与言语技术","研究对象、观察窗口与资料比较条件","hearing","听觉与言语技术：测量准确度与器械实际使用表现为什么需要分开？","听觉与言语技术：多情境感知评价能否区分测试表现与实际交流，并保留学习与设备因素？","使用任务、设备版本与技术评价记录","本方向具体检查：区分设备测量性能、使用反馈与临床结局。不要把「研究对象、观察窗口与资料比较条件」中不同条件直接合并。","任务条件、感知指标与交流体验表，注明「听觉与言语技术」的来源、课题版本、已查项与未决项。","https://www.nih.gov/about-nih/science-health-public-trust/tools/understanding-clinical-studies；https://www.nhlbi.nih.gov/health-topics/study-quality-assessment-tools"
"medical-technology-5","medical-technology","眼视光技术","研究对象、观察窗口与资料比较条件","evidence-sensory","眼视光技术：感官阈值与真实生活中的交流能力有什么区别？","眼视光技术：自然场景测量怎样描绘个体的感官适应与困难？","功能测试条件、侧别与重复评估记录","本方向具体检查：把侧别与个体对应，核对测试环境。不要把「研究对象、观察窗口与资料比较条件」中不同条件直接合并。","功能测试条件、侧别与重复评估记录的来源与比较条件记录，注明「眼视光技术」的来源、课题版本、已查项与未决项。","https://www.nih.gov/about-nih/science-health-public-trust/tools/understanding-clinical-studies；https://www.nhlbi.nih.gov/health-topics/study-quality-assessment-tools"
"medical-technology-6","medical-technology","口腔技术资料","研究对象、观察窗口与资料比较条件","evidence-oral","口腔技术资料：口腔局部表现与整体健康关系如何建立？","口腔技术资料：数字影像与功能资料能否描绘长期口腔健康轨迹？","检查部位索引、影像与评分者意见","本方向具体检查：区分牙位、个体和评分者，保留不同判断。不要把「研究对象、观察窗口与资料比较条件」中不同条件直接合并。","检查部位索引、影像与评分者意见的来源与比较条件记录，注明「口腔技术资料」的来源、课题版本、已查项与未决项。","https://www.nih.gov/about-nih/science-health-public-trust/tools/understanding-clinical-studies；https://www.nhlbi.nih.gov/health-topics/study-quality-assessment-tools"
"medical-technology-7","medical-technology","病理技术资料","测量口径、平台或读者差异","pathology","病理技术资料：一位患者的多个切片怎样参与评价？","病理技术资料：病理基础模型怎样在未见机构和少见类型上检验迁移？","切片来源、个体索引与判读分歧","本方向具体检查：区分同一个体的多个切片与独立个体，并保留判读分歧。不要把「测量口径、平台或读者差异」中不同条件直接合并。","样本进入路径、平台和复核者记录，注明「病理技术资料」的来源、课题版本、已查项与未决项。","https://www.nih.gov/about-nih/science-health-public-trust/tools/understanding-clinical-studies；https://www.nhlbi.nih.gov/health-topics/study-quality-assessment-tools"
"medical-technology-8","medical-technology","辅助器具评价","研究对象、观察窗口与资料比较条件","evidence-rehab","辅助器具评价：一次任务表现改善，如何区分练习效应与功能恢复？","辅助器具评价：居家动作反馈怎样连接训练依从性与真实活动能力？","功能任务、量表版本与家庭参与记录","本方向具体检查：对照任务目标、评估者和真实使用情境。不要把「研究对象、观察窗口与资料比较条件」中不同条件直接合并。","功能任务、量表版本与家庭参与记录的来源与比较条件记录，注明「辅助器具评价」的来源、课题版本、已查项与未决项。","https://www.nih.gov/about-nih/science-health-public-trust/tools/understanding-clinical-studies；https://www.nhlbi.nih.gov/health-topics/study-quality-assessment-tools"
"medical-technology-9","medical-technology","医学技术质控","研究对象、观察窗口与资料比较条件","evidence-medical-device","医学技术质控：测量准确度与器械实际使用表现为什么需要分开？","医学技术质控：连续传感器的漂移如何影响长期健康指标解释？","使用任务、设备版本与技术评价记录","本方向具体检查：区分设备测量性能、使用反馈与临床结局。不要把「研究对象、观察窗口与资料比较条件」中不同条件直接合并。","使用任务、设备版本与技术评价记录的来源与比较条件记录，注明「医学技术质控」的来源、课题版本、已查项与未决项。","https://www.nih.gov/about-nih/science-health-public-trust/tools/understanding-clinical-studies；https://www.nhlbi.nih.gov/health-topics/study-quality-assessment-tools"
"medical-technology-10","medical-technology","技术使用反馈","研究对象、观察窗口与资料比较条件","evidence-medical-device","技术使用反馈：测量准确度与器械实际使用表现为什么需要分开？","技术使用反馈：连续传感器的漂移如何影响长期健康指标解释？","使用任务、设备版本与技术评价记录","本方向具体检查：区分设备测量性能、使用反馈与临床结局。不要把「研究对象、观察窗口与资料比较条件」中不同条件直接合并。","使用任务、设备版本与技术评价记录的来源与比较条件记录，注明「技术使用反馈」的来源、课题版本、已查项与未决项。","https://www.nih.gov/about-nih/science-health-public-trust/tools/understanding-clinical-studies；https://www.nhlbi.nih.gov/health-topics/study-quality-assessment-tools"
"medical-technology-11","medical-technology","技术教育研究","研究对象、观察窗口与资料比较条件","learning","技术教育研究：参与更积极，为什么不等于目标知识掌握更好？","技术教育研究：新的反馈设计能否改善撤去辅助后的迁移，而不只提高即时答题？","课堂目标、活动记录与学习过程材料","本方向具体检查：让任务、教学目标与评价对应，保留班级差异。不要把「研究对象、观察窗口与资料比较条件」中不同条件直接合并。","目标、任务、辅助条件与延迟表现表，注明「技术教育研究」的来源、课题版本、已查项与未决项。","https://cter.bnu.edu.cn/docs/2024-05/e0d9749ec02e425eb45aa96fefdadc2a.pdf"
"medical-technology-12","medical-technology","设备与软件版本","原型版本、使用任务与失败反馈","evidence-medical-device","设备与软件版本：测量准确度与器械实际使用表现为什么需要分开？","设备与软件版本：连续传感器的漂移如何影响长期健康指标解释？","使用任务、设备版本与技术评价记录","本方向具体检查：区分设备测量性能、使用反馈与临床结局。不要把「原型版本、使用任务与失败反馈」中不同条件直接合并。","使用任务、设备版本与技术评价记录的来源与比较条件记录，注明「设备与软件版本」的来源、课题版本、已查项与未决项。","https://www.nih.gov/about-nih/science-health-public-trust/tools/understanding-clinical-studies；https://www.nhlbi.nih.gov/health-topics/study-quality-assessment-tools"
"metaphysics-1","metaphysics","存在论","概念承诺、论证前提与反例","subject-modal","存在论：这个反例满足原命题的量词与模态前提吗？","存在论：改变可及关系后，哪些原有推论还成立？","可能世界的定义与反例中的可及关系","核对反例是否满足原来的可及关系与量词范围","可能世界的定义与反例中的可及关系的比较与解释记录","https://admission.pku.edu.cn/zsxx/lxszs/lxszyml/2026/ss/zsml_ss_lxs_cn_00023.pdf；https://logic.pku.edu.cn/rcpy/courses/yjskc/index.htm"
"metaphysics-2","metaphysics","模态问题","概念承诺、论证前提与反例","subject-modal","模态问题：这个反例满足原命题的量词与模态前提吗？","模态问题：改变可及关系后，哪些原有推论还成立？","可能世界的定义与反例中的可及关系","核对反例是否满足原来的可及关系与量词范围","可能世界的定义与反例中的可及关系的比较与解释记录","https://admission.pku.edu.cn/zsxx/lxszs/lxszyml/2026/ss/zsml_ss_lxs_cn_00023.pdf；https://logic.pku.edu.cn/rcpy/courses/yjskc/index.htm"
"metaphysics-3","metaphysics","时间哲学","概念承诺、论证前提与反例","text","时间哲学：一个对象的组成部分都换了，它还是原来的对象吗？","时间哲学：数字整理或跨材料比较能否保留版本差异、出处与互相矛盾的解释？","概念定义、论证前提与反例","本方向具体检查：区分逻辑可能、理论设定和经验事实。不要把「概念承诺、论证前提与反例」中不同条件直接合并。","原件、整理本、转述与解释索引，注明「时间哲学」的来源、课题版本、已查项与未决项。","https://admission.pku.edu.cn/zsxx/lxszs/lxszyml/2026/ss/zsml_ss_lxs_cn_00023.pdf；https://logic.pku.edu.cn/rcpy/courses/yjskc/index.htm"
"metaphysics-4","metaphysics","因果概念","概念承诺、论证前提与反例","evidence-ontology","因果概念：一个对象的组成部分都换了，它还是原来的对象吗？","因果概念：数字复制体与持续更新的虚拟人物，能否适用同一套同一性标准？","概念定义、论证前提与反例","本方向具体检查：区分逻辑可能、理论设定和经验事实。不要把「概念承诺、论证前提与反例」中不同条件直接合并。","概念定义、论证前提与反例的来源与比较条件记录，注明「因果概念」的来源、课题版本、已查项与未决项。","https://admission.pku.edu.cn/zsxx/lxszs/lxszyml/2026/ss/zsml_ss_lxs_cn_00023.pdf；https://logic.pku.edu.cn/rcpy/courses/yjskc/index.htm"
"metaphysics-5","metaphysics","对象同一性","概念承诺、论证前提与反例","evidence-ontology","对象同一性：一个对象的组成部分都换了，它还是原来的对象吗？","对象同一性：数字复制体与持续更新的虚拟人物，能否适用同一套同一性标准？","概念定义、论证前提与反例","本方向具体检查：区分逻辑可能、理论设定和经验事实。不要把「概念承诺、论证前提与反例」中不同条件直接合并。","概念定义、论证前提与反例的来源与比较条件记录，注明「对象同一性」的来源、课题版本、已查项与未决项。","https://admission.pku.edu.cn/zsxx/lxszs/lxszyml/2026/ss/zsml_ss_lxs_cn_00023.pdf；https://logic.pku.edu.cn/rcpy/courses/yjskc/index.htm"
"metaphysics-6","metaphysics","属性理论","概念承诺、论证前提与反例","evidence-ontology","属性理论：一个对象的组成部分都换了，它还是原来的对象吗？","属性理论：数字复制体与持续更新的虚拟人物，能否适用同一套同一性标准？","概念定义、论证前提与反例","本方向具体检查：区分逻辑可能、理论设定和经验事实。不要把「概念承诺、论证前提与反例」中不同条件直接合并。","概念定义、论证前提与反例的来源与比较条件记录，注明「属性理论」的来源、课题版本、已查项与未决项。","https://admission.pku.edu.cn/zsxx/lxszs/lxszyml/2026/ss/zsml_ss_lxs_cn_00023.pdf；https://logic.pku.edu.cn/rcpy/courses/yjskc/index.htm"
"metaphysics-7","metaphysics","可能世界","概念承诺、论证前提与反例","subject-modal","可能世界：这个反例满足原命题的量词与模态前提吗？","可能世界：改变可及关系后，哪些原有推论还成立？","可能世界的定义与反例中的可及关系","核对反例是否满足原来的可及关系与量词范围","可能世界的定义与反例中的可及关系的比较与解释记录","https://admission.pku.edu.cn/zsxx/lxszs/lxszyml/2026/ss/zsml_ss_lxs_cn_00023.pdf；https://logic.pku.edu.cn/rcpy/courses/yjskc/index.htm"
"metaphysics-8","metaphysics","身心问题","概念承诺、论证前提与反例","evidence-mind","身心问题：报告自己看见了，与真正具有某种体验，是同一件事吗？","身心问题：多模态系统表现出的自我报告，能否成为意识判断的证据？","思想实验、意识概念与经验研究的原文","本方向具体检查：分开第一人称描述、功能解释与实验指标。不要把「概念承诺、论证前提与反例」中不同条件直接合并。","思想实验、意识概念与经验研究的原文的来源与比较条件记录，注明「身心问题」的来源、课题版本、已查项与未决项。","https://admission.pku.edu.cn/zsxx/lxszs/lxszyml/2026/ss/zsml_ss_lxs_cn_00023.pdf"
"metaphysics-9","metaphysics","社会本体论","概念承诺、论证前提与反例","evidence-ontology","社会本体论：一个对象的组成部分都换了，它还是原来的对象吗？","社会本体论：数字复制体与持续更新的虚拟人物，能否适用同一套同一性标准？","概念定义、论证前提与反例","本方向具体检查：区分逻辑可能、理论设定和经验事实。不要把「概念承诺、论证前提与反例」中不同条件直接合并。","概念定义、论证前提与反例的来源与比较条件记录，注明「社会本体论」的来源、课题版本、已查项与未决项。","https://admission.pku.edu.cn/zsxx/lxszs/lxszyml/2026/ss/zsml_ss_lxs_cn_00023.pdf；https://logic.pku.edu.cn/rcpy/courses/yjskc/index.htm"
"metaphysics-10","metaphysics","过程哲学","概念承诺、论证前提与反例","text","过程哲学：一个对象的组成部分都换了，它还是原来的对象吗？","过程哲学：数字整理或跨材料比较能否保留版本差异、出处与互相矛盾的解释？","概念定义、论证前提与反例","本方向具体检查：区分逻辑可能、理论设定和经验事实。不要把「概念承诺、论证前提与反例」中不同条件直接合并。","原件、整理本、转述与解释索引，注明「过程哲学」的来源、课题版本、已查项与未决项。","https://admission.pku.edu.cn/zsxx/lxszs/lxszyml/2026/ss/zsml_ss_lxs_cn_00023.pdf；https://logic.pku.edu.cn/rcpy/courses/yjskc/index.htm"
"metaphysics-11","metaphysics","分析形而上学","概念承诺、论证前提与反例","subject-modal","分析形而上学：这个反例满足原命题的量词与模态前提吗？","分析形而上学：改变可及关系后，哪些原有推论还成立？","可能世界的定义与反例中的可及关系","核对反例是否满足原来的可及关系与量词范围","可能世界的定义与反例中的可及关系的比较与解释记录","https://admission.pku.edu.cn/zsxx/lxszs/lxszyml/2026/ss/zsml_ss_lxs_cn_00023.pdf；https://logic.pku.edu.cn/rcpy/courses/yjskc/index.htm"
"metaphysics-12","metaphysics","传统形而上学","概念承诺、论证前提与反例","subject-modal","传统形而上学：这个反例满足原命题的量词与模态前提吗？","传统形而上学：改变可及关系后，哪些原有推论还成立？","可能世界的定义与反例中的可及关系","核对反例是否满足原来的可及关系与量词范围","可能世界的定义与反例中的可及关系的比较与解释记录","https://admission.pku.edu.cn/zsxx/lxszs/lxszyml/2026/ss/zsml_ss_lxs_cn_00023.pdf；https://logic.pku.edu.cn/rcpy/courses/yjskc/index.htm"
"epistemology-1","epistemology","知识分析","知识主张的依据与适用条件","subject-epistemology","知识分析：把这个理由删去后，为什么仍会得到同一个答案？","知识分析：集体证言的可靠性怎样处理来源相互依赖？","证言来源、可靠性理由与幸运猜中的对照案例","区分主张为真、相信主张和证成主张","证言来源、可靠性理由与幸运猜中的对照案例的比较与解释记录","https://admission.pku.edu.cn/zsxx/lxszs/lxszyml/2026/ss/zsml_ss_lxs_cn_00023.pdf；https://logic.pku.edu.cn/rcpy/courses/yjskc/index.htm"
"epistemology-2","epistemology","怀疑论","知识主张的依据与适用条件","subject-epistemology","怀疑论：把这个理由删去后，为什么仍会得到同一个答案？","怀疑论：集体证言的可靠性怎样处理来源相互依赖？","证言来源、可靠性理由与幸运猜中的对照案例","区分主张为真、相信主张和证成主张","证言来源、可靠性理由与幸运猜中的对照案例的比较与解释记录","https://admission.pku.edu.cn/zsxx/lxszs/lxszyml/2026/ss/zsml_ss_lxs_cn_00023.pdf；https://logic.pku.edu.cn/rcpy/courses/yjskc/index.htm"
"epistemology-3","epistemology","证成理论","知识主张的依据与适用条件","evidence-epistemic","证成理论：可靠得到一个真结论，和偶然猜中，有什么区别？","证成理论：面对生成系统的回答，人应当怎样分配信任和核对责任？","知识主张、证成理由与反例","本方向具体检查：区分相信、为真与有理由相信，核对论证对象。不要把「知识主张的依据与适用条件」中不同条件直接合并。","知识主张、证成理由与反例的来源与比较条件记录，注明「证成理论」的来源、课题版本、已查项与未决项。","https://admission.pku.edu.cn/zsxx/lxszs/lxszyml/2026/ss/zsml_ss_lxs_cn_00023.pdf；https://logic.pku.edu.cn/rcpy/courses/yjskc/index.htm"
"epistemology-4","epistemology","社会认识论","知识主张的依据与适用条件","subject-epistemology","社会认识论：把这个理由删去后，为什么仍会得到同一个答案？","社会认识论：集体证言的可靠性怎样处理来源相互依赖？","证言来源、可靠性理由与幸运猜中的对照案例","区分主张为真、相信主张和证成主张","证言来源、可靠性理由与幸运猜中的对照案例的比较与解释记录","https://admission.pku.edu.cn/zsxx/lxszs/lxszyml/2026/ss/zsml_ss_lxs_cn_00023.pdf；https://logic.pku.edu.cn/rcpy/courses/yjskc/index.htm"
"epistemology-5","epistemology","科学解释","知识主张的依据与适用条件","evidence-epistemic","科学解释：可靠得到一个真结论，和偶然猜中，有什么区别？","科学解释：面对生成系统的回答，人应当怎样分配信任和核对责任？","知识主张、证成理由与反例","本方向具体检查：区分相信、为真与有理由相信，核对论证对象。不要把「知识主张的依据与适用条件」中不同条件直接合并。","知识主张、证成理由与反例的来源与比较条件记录，注明「科学解释」的来源、课题版本、已查项与未决项。","https://admission.pku.edu.cn/zsxx/lxszs/lxszyml/2026/ss/zsml_ss_lxs_cn_00023.pdf；https://logic.pku.edu.cn/rcpy/courses/yjskc/index.htm"
"epistemology-6","epistemology","科学实在论","知识主张的依据与适用条件","evidence-epistemic","科学实在论：可靠得到一个真结论，和偶然猜中，有什么区别？","科学实在论：面对生成系统的回答，人应当怎样分配信任和核对责任？","知识主张、证成理由与反例","本方向具体检查：区分相信、为真与有理由相信，核对论证对象。不要把「知识主张的依据与适用条件」中不同条件直接合并。","知识主张、证成理由与反例的来源与比较条件记录，注明「科学实在论」的来源、课题版本、已查项与未决项。","https://admission.pku.edu.cn/zsxx/lxszs/lxszyml/2026/ss/zsml_ss_lxs_cn_00023.pdf；https://logic.pku.edu.cn/rcpy/courses/yjskc/index.htm"
"epistemology-7","epistemology","归纳问题","知识主张的依据与适用条件","evidence-epistemic","归纳问题：可靠得到一个真结论，和偶然猜中，有什么区别？","归纳问题：面对生成系统的回答，人应当怎样分配信任和核对责任？","知识主张、证成理由与反例","本方向具体检查：区分相信、为真与有理由相信，核对论证对象。不要把「知识主张的依据与适用条件」中不同条件直接合并。","知识主张、证成理由与反例的来源与比较条件记录，注明「归纳问题」的来源、课题版本、已查项与未决项。","https://admission.pku.edu.cn/zsxx/lxszs/lxszyml/2026/ss/zsml_ss_lxs_cn_00023.pdf；https://logic.pku.edu.cn/rcpy/courses/yjskc/index.htm"
"epistemology-8","epistemology","模型与理想化","知识主张的依据与适用条件","evidence-epistemic","模型与理想化：可靠得到一个真结论，和偶然猜中，有什么区别？","模型与理想化：面对生成系统的回答，人应当怎样分配信任和核对责任？","知识主张、证成理由与反例","本方向具体检查：区分相信、为真与有理由相信，核对论证对象。不要把「知识主张的依据与适用条件」中不同条件直接合并。","知识主张、证成理由与反例的来源与比较条件记录，注明「模型与理想化」的来源、课题版本、已查项与未决项。","https://admission.pku.edu.cn/zsxx/lxszs/lxszyml/2026/ss/zsml_ss_lxs_cn_00023.pdf；https://logic.pku.edu.cn/rcpy/courses/yjskc/index.htm"
"epistemology-9","epistemology","测量哲学","知识主张的依据与适用条件","text","测量哲学：可靠得到一个真结论，和偶然猜中，有什么区别？","测量哲学：数字整理或跨材料比较能否保留版本差异、出处与互相矛盾的解释？","知识主张、证成理由与反例","本方向具体检查：区分相信、为真与有理由相信，核对论证对象。不要把「知识主张的依据与适用条件」中不同条件直接合并。","原件、整理本、转述与解释索引，注明「测量哲学」的来源、课题版本、已查项与未决项。","https://admission.pku.edu.cn/zsxx/lxszs/lxszyml/2026/ss/zsml_ss_lxs_cn_00023.pdf；https://logic.pku.edu.cn/rcpy/courses/yjskc/index.htm"
"epistemology-10","epistemology","专家知识","知识主张的依据与适用条件","subject-epistemology","专家知识：把这个理由删去后，为什么仍会得到同一个答案？","专家知识：集体证言的可靠性怎样处理来源相互依赖？","证言来源、可靠性理由与幸运猜中的对照案例","区分主张为真、相信主张和证成主张","证言来源、可靠性理由与幸运猜中的对照案例的比较与解释记录","https://admission.pku.edu.cn/zsxx/lxszs/lxszyml/2026/ss/zsml_ss_lxs_cn_00023.pdf；https://logic.pku.edu.cn/rcpy/courses/yjskc/index.htm"
"epistemology-11","epistemology","证言研究","知识主张的依据与适用条件","subject-epistemology","证言研究：把这个理由删去后，为什么仍会得到同一个答案？","证言研究：集体证言的可靠性怎样处理来源相互依赖？","证言来源、可靠性理由与幸运猜中的对照案例","区分主张为真、相信主张和证成主张","证言来源、可靠性理由与幸运猜中的对照案例的比较与解释记录","https://admission.pku.edu.cn/zsxx/lxszs/lxszyml/2026/ss/zsml_ss_lxs_cn_00023.pdf；https://logic.pku.edu.cn/rcpy/courses/yjskc/index.htm"
"epistemology-12","epistemology","技术知识","知识主张的依据与适用条件","subject-epistemology","技术知识：把这个理由删去后，为什么仍会得到同一个答案？","技术知识：集体证言的可靠性怎样处理来源相互依赖？","证言来源、可靠性理由与幸运猜中的对照案例","区分主张为真、相信主张和证成主张","证言来源、可靠性理由与幸运猜中的对照案例的比较与解释记录","https://admission.pku.edu.cn/zsxx/lxszs/lxszyml/2026/ss/zsml_ss_lxs_cn_00023.pdf；https://logic.pku.edu.cn/rcpy/courses/yjskc/index.htm"
"logic-studies-1","logic-studies","数理逻辑","形式语言、推理规则与语义条件","proof","数理逻辑：命题在几个例子里成立，为什么不能证明它普遍成立？","数理逻辑：形式化或新的构造能否覆盖现有论证遗漏的边界情形？","形式语言、语义结构与推导树","本方向具体检查：分清语法推导与语义有效性，核对所用系统。不要把「形式语言、推理规则与语义条件」中不同条件直接合并。","逐条前提与反例表，注明「数理逻辑」的来源、课题版本、已查项与未决项。","https://logic.pku.edu.cn/rcpy/courses/yjskc/index.htm"
"logic-studies-2","logic-studies","哲学逻辑","形式语言、推理规则与语义条件","proof","哲学逻辑：命题在几个例子里成立，为什么不能证明它普遍成立？","哲学逻辑：形式化或新的构造能否覆盖现有论证遗漏的边界情形？","形式语言、语义结构与推导树","本方向具体检查：分清语法推导与语义有效性，核对所用系统。不要把「形式语言、推理规则与语义条件」中不同条件直接合并。","逐条前提与反例表，注明「哲学逻辑」的来源、课题版本、已查项与未决项。","https://logic.pku.edu.cn/rcpy/courses/yjskc/index.htm"
"logic-studies-3","logic-studies","模态逻辑","形式语言、推理规则与语义条件","proof","模态逻辑：一个对象的组成部分都换了，它还是原来的对象吗？","模态逻辑：形式化或新的构造能否覆盖现有论证遗漏的边界情形？","概念定义、论证前提与反例","本方向具体检查：区分逻辑可能、理论设定和经验事实。不要把「形式语言、推理规则与语义条件」中不同条件直接合并。","逐条前提与反例表，注明「模态逻辑」的来源、课题版本、已查项与未决项。","https://admission.pku.edu.cn/zsxx/lxszs/lxszyml/2026/ss/zsml_ss_lxs_cn_00023.pdf；https://logic.pku.edu.cn/rcpy/courses/yjskc/index.htm"
"logic-studies-4","logic-studies","非经典逻辑","形式语言、推理规则与语义条件","proof","非经典逻辑：命题在几个例子里成立，为什么不能证明它普遍成立？","非经典逻辑：形式化或新的构造能否覆盖现有论证遗漏的边界情形？","形式语言、语义结构与推导树","本方向具体检查：分清语法推导与语义有效性，核对所用系统。不要把「形式语言、推理规则与语义条件」中不同条件直接合并。","逐条前提与反例表，注明「非经典逻辑」的来源、课题版本、已查项与未决项。","https://logic.pku.edu.cn/rcpy/courses/yjskc/index.htm"
"logic-studies-5","logic-studies","论证理论","形式语言、推理规则与语义条件","evidence-logic","论证理论：命题在几个例子里成立，为什么不能证明它普遍成立？","论证理论：自动生成的证明怎样与形式化陈述和核验内核对接？","形式语言、语义结构与推导树","本方向具体检查：分清语法推导与语义有效性，核对所用系统。不要把「形式语言、推理规则与语义条件」中不同条件直接合并。","形式语言、语义结构与推导树的来源与比较条件记录，注明「论证理论」的来源、课题版本、已查项与未决项。","https://logic.pku.edu.cn/rcpy/courses/yjskc/index.htm"
"logic-studies-6","logic-studies","逻辑史","形式语言、推理规则与语义条件","proof","逻辑史：命题在几个例子里成立，为什么不能证明它普遍成立？","逻辑史：形式化或新的构造能否覆盖现有论证遗漏的边界情形？","形式语言、语义结构与推导树","本方向具体检查：分清语法推导与语义有效性，核对所用系统。不要把「形式语言、推理规则与语义条件」中不同条件直接合并。","逐条前提与反例表，注明「逻辑史」的来源、课题版本、已查项与未决项。","https://logic.pku.edu.cn/rcpy/courses/yjskc/index.htm"
"logic-studies-7","logic-studies","语义理论","形式语言、推理规则与语义条件","evidence-logic","语义理论：命题在几个例子里成立，为什么不能证明它普遍成立？","语义理论：自动生成的证明怎样与形式化陈述和核验内核对接？","形式语言、语义结构与推导树","本方向具体检查：分清语法推导与语义有效性，核对所用系统。不要把「形式语言、推理规则与语义条件」中不同条件直接合并。","形式语言、语义结构与推导树的来源与比较条件记录，注明「语义理论」的来源、课题版本、已查项与未决项。","https://logic.pku.edu.cn/rcpy/courses/yjskc/index.htm"
"logic-studies-8","logic-studies","证明理论","形式语言、推理规则与语义条件","proof","证明理论：命题在几个例子里成立，为什么不能证明它普遍成立？","证明理论：形式化或新的构造能否覆盖现有论证遗漏的边界情形？","形式语言、语义结构与推导树","本方向具体检查：分清语法推导与语义有效性，核对所用系统。不要把「形式语言、推理规则与语义条件」中不同条件直接合并。","逐条前提与反例表，注明「证明理论」的来源、课题版本、已查项与未决项。","https://logic.pku.edu.cn/rcpy/courses/yjskc/index.htm"
"logic-studies-9","logic-studies","模型论","形式语言、推理规则与语义条件","evidence-logic","模型论：命题在几个例子里成立，为什么不能证明它普遍成立？","模型论：自动生成的证明怎样与形式化陈述和核验内核对接？","形式语言、语义结构与推导树","本方向具体检查：分清语法推导与语义有效性，核对所用系统。不要把「形式语言、推理规则与语义条件」中不同条件直接合并。","形式语言、语义结构与推导树的来源与比较条件记录，注明「模型论」的来源、课题版本、已查项与未决项。","https://logic.pku.edu.cn/rcpy/courses/yjskc/index.htm"
"logic-studies-10","logic-studies","计算逻辑","形式语言、推理规则与语义条件","proof","计算逻辑：命题在几个例子里成立，为什么不能证明它普遍成立？","计算逻辑：形式化或新的构造能否覆盖现有论证遗漏的边界情形？","形式语言、语义结构与推导树","本方向具体检查：分清语法推导与语义有效性，核对所用系统。不要把「形式语言、推理规则与语义条件」中不同条件直接合并。","逐条前提与反例表，注明「计算逻辑」的来源、课题版本、已查项与未决项。","https://logic.pku.edu.cn/rcpy/courses/yjskc/index.htm"
"logic-studies-11","logic-studies","规范逻辑","形式语言、推理规则与语义条件","proof","规范逻辑：命题在几个例子里成立，为什么不能证明它普遍成立？","规范逻辑：形式化或新的构造能否覆盖现有论证遗漏的边界情形？","形式语言、语义结构与推导树","本方向具体检查：分清语法推导与语义有效性，核对所用系统。不要把「形式语言、推理规则与语义条件」中不同条件直接合并。","逐条前提与反例表，注明「规范逻辑」的来源、课题版本、已查项与未决项。","https://logic.pku.edu.cn/rcpy/courses/yjskc/index.htm"
"logic-studies-12","logic-studies","逻辑教育","形式语言、推理规则与语义条件","proof","逻辑教育：参与更积极，为什么不等于目标知识掌握更好？","逻辑教育：形式化或新的构造能否覆盖现有论证遗漏的边界情形？","课堂目标、活动记录与学习过程材料","本方向具体检查：让任务、教学目标与评价对应，保留班级差异。不要把「形式语言、推理规则与语义条件」中不同条件直接合并。","逐条前提与反例表，注明「逻辑教育」的来源、课题版本、已查项与未决项。","https://cter.bnu.edu.cn/docs/2024-05/e0d9749ec02e425eb45aa96fefdadc2a.pdf"
"ethics-studies-1","ethics-studies","规范伦理","规范理由与经验陈述的区别","subject-ethics","规范伦理：多数支持如何回应少数人的这项负担？","规范伦理：算法分配中的解释与申诉能否改变规范判断？","利益冲突案例、行动者立场与规范理由","分别写出受益、负担和支持规范的理由","利益冲突案例、行动者立场与规范理由的比较与解释记录","https://admission.pku.edu.cn/zsxx/lxszs/lxszyml/2026/ss/zsml_ss_lxs_cn_00023.pdf"
"ethics-studies-2","ethics-studies","元伦理","规范理由与经验陈述的区别","subject-ethics","元伦理：多数支持如何回应少数人的这项负担？","元伦理：算法分配中的解释与申诉能否改变规范判断？","利益冲突案例、行动者立场与规范理由","分别写出受益、负担和支持规范的理由","利益冲突案例、行动者立场与规范理由的比较与解释记录","https://admission.pku.edu.cn/zsxx/lxszs/lxszyml/2026/ss/zsml_ss_lxs_cn_00023.pdf"
"ethics-studies-3","ethics-studies","应用伦理","规范理由与经验陈述的区别","subject-ethics","应用伦理：多数支持如何回应少数人的这项负担？","应用伦理：算法分配中的解释与申诉能否改变规范判断？","利益冲突案例、行动者立场与规范理由","分别写出受益、负担和支持规范的理由","利益冲突案例、行动者立场与规范理由的比较与解释记录","https://admission.pku.edu.cn/zsxx/lxszs/lxszyml/2026/ss/zsml_ss_lxs_cn_00023.pdf"
"ethics-studies-4","ethics-studies","生命伦理","规范理由与经验陈述的区别","subject-ethics","生命伦理：多数支持如何回应少数人的这项负担？","生命伦理：算法分配中的解释与申诉能否改变规范判断？","利益冲突案例、行动者立场与规范理由","分别写出受益、负担和支持规范的理由","利益冲突案例、行动者立场与规范理由的比较与解释记录","https://admission.pku.edu.cn/zsxx/lxszs/lxszyml/2026/ss/zsml_ss_lxs_cn_00023.pdf"
"ethics-studies-5","ethics-studies","技术伦理","规范理由与经验陈述的区别","subject-ethics","技术伦理：多数支持如何回应少数人的这项负担？","技术伦理：算法分配中的解释与申诉能否改变规范判断？","利益冲突案例、行动者立场与规范理由","分别写出受益、负担和支持规范的理由","利益冲突案例、行动者立场与规范理由的比较与解释记录","https://admission.pku.edu.cn/zsxx/lxszs/lxszyml/2026/ss/zsml_ss_lxs_cn_00023.pdf"
"ethics-studies-6","ethics-studies","环境伦理","规范理由与经验陈述的区别","subject-ethics","环境伦理：多数支持如何回应少数人的这项负担？","环境伦理：算法分配中的解释与申诉能否改变规范判断？","利益冲突案例、行动者立场与规范理由","分别写出受益、负担和支持规范的理由","利益冲突案例、行动者立场与规范理由的比较与解释记录","https://admission.pku.edu.cn/zsxx/lxszs/lxszyml/2026/ss/zsml_ss_lxs_cn_00023.pdf"
"ethics-studies-7","ethics-studies","职业伦理","规范理由与经验陈述的区别","subject-ethics","职业伦理：多数支持如何回应少数人的这项负担？","职业伦理：算法分配中的解释与申诉能否改变规范判断？","利益冲突案例、行动者立场与规范理由","分别写出受益、负担和支持规范的理由","利益冲突案例、行动者立场与规范理由的比较与解释记录","https://admission.pku.edu.cn/zsxx/lxszs/lxszyml/2026/ss/zsml_ss_lxs_cn_00023.pdf"
"ethics-studies-8","ethics-studies","公共伦理","规范理由与经验陈述的区别","subject-ethics","公共伦理：多数支持如何回应少数人的这项负担？","公共伦理：算法分配中的解释与申诉能否改变规范判断？","利益冲突案例、行动者立场与规范理由","分别写出受益、负担和支持规范的理由","利益冲突案例、行动者立场与规范理由的比较与解释记录","https://admission.pku.edu.cn/zsxx/lxszs/lxszyml/2026/ss/zsml_ss_lxs_cn_00023.pdf"
"ethics-studies-9","ethics-studies","道德心理哲学","规范理由与经验陈述的区别","subject-ethics","道德心理哲学：多数支持如何回应少数人的这项负担？","道德心理哲学：算法分配中的解释与申诉能否改变规范判断？","利益冲突案例、行动者立场与规范理由","分别写出受益、负担和支持规范的理由","利益冲突案例、行动者立场与规范理由的比较与解释记录","https://admission.pku.edu.cn/zsxx/lxszs/lxszyml/2026/ss/zsml_ss_lxs_cn_00023.pdf"
"ethics-studies-10","ethics-studies","伦理思想史","规范理由与经验陈述的区别","subject-ethics","伦理思想史：多数支持如何回应少数人的这项负担？","伦理思想史：算法分配中的解释与申诉能否改变规范判断？","利益冲突案例、行动者立场与规范理由","分别写出受益、负担和支持规范的理由","利益冲突案例、行动者立场与规范理由的比较与解释记录","https://admission.pku.edu.cn/zsxx/lxszs/lxszyml/2026/ss/zsml_ss_lxs_cn_00023.pdf"
"ethics-studies-11","ethics-studies","价值冲突","规范理由与经验陈述的区别","subject-ethics","价值冲突：多数支持如何回应少数人的这项负担？","价值冲突：算法分配中的解释与申诉能否改变规范判断？","利益冲突案例、行动者立场与规范理由","分别写出受益、负担和支持规范的理由","利益冲突案例、行动者立场与规范理由的比较与解释记录","https://admission.pku.edu.cn/zsxx/lxszs/lxszyml/2026/ss/zsml_ss_lxs_cn_00023.pdf"
"ethics-studies-12","ethics-studies","责任与行动","规范理由与经验陈述的区别","evidence-ethics","责任与行动：一种安排有效率，为什么还需要讨论公平与责任？","责任与行动：自动化决策中的申诉与责任，怎样形成可执行的伦理安排？","价值理由、冲突案例与行动者立场","本方向具体检查：说明理由如何支持规范判断，检查反例是否公平。不要把「规范理由与经验陈述的区别」中不同条件直接合并。","价值理由、冲突案例与行动者立场的来源与比较条件记录，注明「责任与行动」的来源、课题版本、已查项与未决项。","https://admission.pku.edu.cn/zsxx/lxszs/lxszyml/2026/ss/zsml_ss_lxs_cn_00023.pdf"
"religion-studies-1","religion-studies","宗教史","文本、实践与历史语境","subject-concept-history","宗教史：这句话是原典的用法，还是后来的解释？","宗教史：跨传统比较能否保留无法一一对译的概念？","原典段落、注疏年代与译词对照","区分原典用法、后世注疏与现代重构","原典段落、注疏年代与译词对照的比较与解释记录","https://admission.pku.edu.cn/zsxx/lxszs/lxszyml/2026/ss/zsml_ss_lxs_cn_00023.pdf"
"religion-studies-2","religion-studies","宗教哲学","文本、实践与历史语境","subject-concept-history","宗教哲学：这句话是原典的用法，还是后来的解释？","宗教哲学：跨传统比较能否保留无法一一对译的概念？","原典段落、注疏年代与译词对照","区分原典用法、后世注疏与现代重构","原典段落、注疏年代与译词对照的比较与解释记录","https://admission.pku.edu.cn/zsxx/lxszs/lxszyml/2026/ss/zsml_ss_lxs_cn_00023.pdf"
"religion-studies-3","religion-studies","宗教社会学","文本、实践与历史语境","subject-concept-history","宗教社会学：这句话是原典的用法，还是后来的解释？","宗教社会学：跨传统比较能否保留无法一一对译的概念？","原典段落、注疏年代与译词对照","区分原典用法、后世注疏与现代重构","原典段落、注疏年代与译词对照的比较与解释记录","https://admission.pku.edu.cn/zsxx/lxszs/lxszyml/2026/ss/zsml_ss_lxs_cn_00023.pdf"
"religion-studies-4","religion-studies","宗教人类学","文本、实践与历史语境","subject-concept-history","宗教人类学：这句话是原典的用法，还是后来的解释？","宗教人类学：跨传统比较能否保留无法一一对译的概念？","原典段落、注疏年代与译词对照","区分原典用法、后世注疏与现代重构","原典段落、注疏年代与译词对照的比较与解释记录","https://admission.pku.edu.cn/zsxx/lxszs/lxszyml/2026/ss/zsml_ss_lxs_cn_00023.pdf"
"religion-studies-5","religion-studies","宗教文本","文本、实践与历史语境","subject-concept-history","宗教文本：这句话是原典的用法，还是后来的解释？","宗教文本：跨传统比较能否保留无法一一对译的概念？","原典段落、注疏年代与译词对照","区分原典用法、后世注疏与现代重构","原典段落、注疏年代与译词对照的比较与解释记录","https://admission.pku.edu.cn/zsxx/lxszs/lxszyml/2026/ss/zsml_ss_lxs_cn_00023.pdf"
"religion-studies-6","religion-studies","宗教艺术","文本、实践与历史语境","subject-concept-history","宗教艺术：这句话是原典的用法，还是后来的解释？","宗教艺术：跨传统比较能否保留无法一一对译的概念？","原典段落、注疏年代与译词对照","区分原典用法、后世注疏与现代重构","原典段落、注疏年代与译词对照的比较与解释记录","https://admission.pku.edu.cn/zsxx/lxszs/lxszyml/2026/ss/zsml_ss_lxs_cn_00023.pdf"
"religion-studies-7","religion-studies","仪式研究","文本、实践与历史语境","evidence-religion","仪式研究：同一仪式在不同社群里承担怎样的意义？","仪式研究：在线仪式与线下社群之间的权威关系会怎样变化？","经文本、仪式语境与不同传统的释义","本方向具体检查：核对译词与历史语境，区分内部论证和外部描述。不要把「文本、实践与历史语境」中不同条件直接合并。","经文本、仪式语境与不同传统的释义的来源与比较条件记录，注明「仪式研究」的来源、课题版本、已查项与未决项。","https://admission.pku.edu.cn/zsxx/lxszs/lxszyml/2026/ss/zsml_ss_lxs_cn_00023.pdf"
"religion-studies-8","religion-studies","比较宗教","文本、实践与历史语境","subject-concept-history","比较宗教：这句话是原典的用法，还是后来的解释？","比较宗教：跨传统比较能否保留无法一一对译的概念？","原典段落、注疏年代与译词对照","区分原典用法、后世注疏与现代重构","原典段落、注疏年代与译词对照的比较与解释记录","https://admission.pku.edu.cn/zsxx/lxszs/lxszyml/2026/ss/zsml_ss_lxs_cn_00023.pdf"
"religion-studies-9","religion-studies","宗教与现代性","文本、实践与历史语境","subject-concept-history","宗教与现代性：这句话是原典的用法，还是后来的解释？","宗教与现代性：跨传统比较能否保留无法一一对译的概念？","原典段落、注疏年代与译词对照","区分原典用法、后世注疏与现代重构","原典段落、注疏年代与译词对照的比较与解释记录","https://admission.pku.edu.cn/zsxx/lxszs/lxszyml/2026/ss/zsml_ss_lxs_cn_00023.pdf"
"religion-studies-10","religion-studies","宗教与地方社会","文本、实践与历史语境","subject-concept-history","宗教与地方社会：这句话是原典的用法，还是后来的解释？","宗教与地方社会：跨传统比较能否保留无法一一对译的概念？","原典段落、注疏年代与译词对照","区分原典用法、后世注疏与现代重构","原典段落、注疏年代与译词对照的比较与解释记录","https://admission.pku.edu.cn/zsxx/lxszs/lxszyml/2026/ss/zsml_ss_lxs_cn_00023.pdf"
"religion-studies-11","religion-studies","宗教与伦理","文本、实践与历史语境","subject-concept-history","宗教与伦理：这句话是原典的用法，还是后来的解释？","宗教与伦理：跨传统比较能否保留无法一一对译的概念？","原典段落、注疏年代与译词对照","区分原典用法、后世注疏与现代重构","原典段落、注疏年代与译词对照的比较与解释记录","https://admission.pku.edu.cn/zsxx/lxszs/lxszyml/2026/ss/zsml_ss_lxs_cn_00023.pdf"
"religion-studies-12","religion-studies","宗教数字资料","文本、实践与历史语境","subject-concept-history","宗教数字资料：这句话是原典的用法，还是后来的解释？","宗教数字资料：跨传统比较能否保留无法一一对译的概念？","原典段落、注疏年代与译词对照","区分原典用法、后世注疏与现代重构","原典段落、注疏年代与译词对照的比较与解释记录","https://admission.pku.edu.cn/zsxx/lxszs/lxszyml/2026/ss/zsml_ss_lxs_cn_00023.pdf"
"economic-theory-1","economic-theory","微观理论","模型均衡、假设与行为资料","evidence-game-theory","微观理论：均衡存在，为什么不意味着每个人都愿意按它行动？","微观理论：算法参与者反复互动时，机制怎样面对学习和信息不对称？","参与者信息、策略集合与均衡条件","本方向具体检查：说明信息何时可见，核对解的条件。不要把「模型均衡、假设与行为资料」中不同条件直接合并。","参与者信息、策略集合与均衡条件的来源与比较条件记录，注明「微观理论」的来源、课题版本、已查项与未决项。","https://econ.pku.edu.cn/xkzy/index.htm"
"economic-theory-2","economic-theory","宏观理论","模型均衡、假设与行为资料","evidence-macro","宏观理论：一个政策冲击怎样通过家庭、企业和价格传递？","宏观理论：异质性家庭与绿色转型风险怎样共同改变政策传导？","统计修订版本、时期与总量口径","本方向具体检查：区分名义变化、实际变化与统计修订。不要把「模型均衡、假设与行为资料」中不同条件直接合并。","统计修订版本、时期与总量口径的来源与比较条件记录，注明「宏观理论」的来源、课题版本、已查项与未决项。","https://econ.pku.edu.cn/xkzy/index.htm"
"economic-theory-3","economic-theory","博弈论","模型均衡、假设与行为资料","evidence-game-theory","博弈论：均衡存在，为什么不意味着每个人都愿意按它行动？","博弈论：算法参与者反复互动时，机制怎样面对学习和信息不对称？","参与者信息、策略集合与均衡条件","本方向具体检查：说明信息何时可见，核对解的条件。不要把「模型均衡、假设与行为资料」中不同条件直接合并。","参与者信息、策略集合与均衡条件的来源与比较条件记录，注明「博弈论」的来源、课题版本、已查项与未决项。","https://econ.pku.edu.cn/xkzy/index.htm"
"economic-theory-4","economic-theory","信息经济","模型均衡、假设与行为资料","economics","信息经济：均衡存在，为什么不意味着每个人都愿意按它行动？","信息经济：新资料或制度比较能否区分选择、行为调整与长期分配变化？","参与者信息、策略集合与均衡条件","本方向具体检查：说明信息何时可见，核对解的条件。不要把「模型均衡、假设与行为资料」中不同条件直接合并。","进入与退出路径、制度时点和比较单位，注明「信息经济」的来源、课题版本、已查项与未决项。","https://econ.pku.edu.cn/xkzy/index.htm"
"economic-theory-5","economic-theory","行为经济","模型均衡、假设与行为资料","economics","行为经济：观察到的参与者差异，怎样与政策作用区分？","行为经济：新资料或制度比较能否区分选择、行为调整与长期分配变化？","分配规则、样本来源与比较组记录","本方向具体检查：核对选择过程与政策时点，区分描述和识别。不要把「模型均衡、假设与行为资料」中不同条件直接合并。","进入与退出路径、制度时点和比较单位，注明「行为经济」的来源、课题版本、已查项与未决项。","https://econ.pku.edu.cn/xkzy/index.htm"
"economic-theory-6","economic-theory","实验经济","模型均衡、假设与行为资料","economics","实验经济：观察到的参与者差异，怎样与政策作用区分？","实验经济：新资料或制度比较能否区分选择、行为调整与长期分配变化？","分配规则、样本来源与比较组记录","本方向具体检查：核对选择过程与政策时点，区分描述和识别。不要把「模型均衡、假设与行为资料」中不同条件直接合并。","进入与退出路径、制度时点和比较单位，注明「实验经济」的来源、课题版本、已查项与未决项。","https://econ.pku.edu.cn/xkzy/index.htm"
"economic-theory-7","economic-theory","制度经济","模型均衡、假设与行为资料","economics","制度经济：观察到的参与者差异，怎样与政策作用区分？","制度经济：新资料或制度比较能否区分选择、行为调整与长期分配变化？","分配规则、样本来源与比较组记录","本方向具体检查：核对选择过程与政策时点，区分描述和识别。不要把「模型均衡、假设与行为资料」中不同条件直接合并。","进入与退出路径、制度时点和比较单位，注明「制度经济」的来源、课题版本、已查项与未决项。","https://econ.pku.edu.cn/xkzy/index.htm"
"economic-theory-8","economic-theory","政治经济","模型均衡、假设与行为资料","economics","政治经济：观察到的参与者差异，怎样与政策作用区分？","政治经济：新资料或制度比较能否区分选择、行为调整与长期分配变化？","分配规则、样本来源与比较组记录","本方向具体检查：核对选择过程与政策时点，区分描述和识别。不要把「模型均衡、假设与行为资料」中不同条件直接合并。","进入与退出路径、制度时点和比较单位，注明「政治经济」的来源、课题版本、已查项与未决项。","https://econ.pku.edu.cn/xkzy/index.htm"
"economic-theory-9","economic-theory","经济思想史","模型均衡、假设与行为资料","economics","经济思想史：观察到的参与者差异，怎样与政策作用区分？","经济思想史：新资料或制度比较能否区分选择、行为调整与长期分配变化？","分配规则、样本来源与比较组记录","本方向具体检查：核对选择过程与政策时点，区分描述和识别。不要把「模型均衡、假设与行为资料」中不同条件直接合并。","进入与退出路径、制度时点和比较单位，注明「经济思想史」的来源、课题版本、已查项与未决项。","https://econ.pku.edu.cn/xkzy/index.htm"
"economic-theory-10","economic-theory","不确定性决策","模型均衡、假设与行为资料","evidence-economics","不确定性决策：观察到的参与者差异，怎样与政策作用区分？","不确定性决策：数字工具普及如何改变生产率、分工与收益分配？","分配规则、样本来源与比较组记录","本方向具体检查：核对选择过程与政策时点，区分描述和识别。不要把「模型均衡、假设与行为资料」中不同条件直接合并。","分配规则、样本来源与比较组记录的来源与比较条件记录，注明「不确定性决策」的来源、课题版本、已查项与未决项。","https://econ.pku.edu.cn/xkzy/index.htm"
"economic-theory-11","economic-theory","匹配与市场设计","模型均衡、假设与行为资料","economics","匹配与市场设计：找到一个可行解，为什么不等于找到了最优解？","匹配与市场设计：新资料或制度比较能否区分选择、行为调整与长期分配变化？","目标函数、可行约束与对照方案","本方向具体检查：先确认可行性，再比较目标值与资源取舍。不要把「模型均衡、假设与行为资料」中不同条件直接合并。","进入与退出路径、制度时点和比较单位，注明「匹配与市场设计」的来源、课题版本、已查项与未决项。","https://www.ocw.mit.edu/courses/18-100c-real-analysis-fall-2012/；https://www.stat.tsinghua.edu.cn/kxyj/kylyy.htm"
"economic-theory-12","economic-theory","经济网络","模型均衡、假设与行为资料","economics","经济网络：均衡存在，为什么不意味着每个人都愿意按它行动？","经济网络：新资料或制度比较能否区分选择、行为调整与长期分配变化？","参与者信息、策略集合与均衡条件","本方向具体检查：说明信息何时可见，核对解的条件。不要把「模型均衡、假设与行为资料」中不同条件直接合并。","进入与退出路径、制度时点和比较单位，注明「经济网络」的来源、课题版本、已查项与未决项。","https://econ.pku.edu.cn/xkzy/index.htm"
"development-econ-1","development-econ","发展经济","政策分配、样本范围与识别条件","economics","发展经济：一个政策冲击怎样通过家庭、企业和价格传递？","发展经济：新资料或制度比较能否区分选择、行为调整与长期分配变化？","统计修订版本、时期与总量口径","本方向具体检查：区分名义变化、实际变化与统计修订。不要把「政策分配、样本范围与识别条件」中不同条件直接合并。","进入与退出路径、制度时点和比较单位，注明「发展经济」的来源、课题版本、已查项与未决项。","https://econ.pku.edu.cn/xkzy/index.htm"
"development-econ-2","development-econ","劳动市场","政策分配、样本范围与识别条件","subject-labor","劳动市场：平均收入涨了，是否有人失去工作而不再被统计？","劳动市场：平台劳动的进入退出怎样改变收入分配解释？","就业状态、退出者记录与工时收入分布","把是否就业、工时和时薪三个变化分开","就业状态、退出者记录与工时收入分布的比较与解释记录","https://econ.pku.edu.cn/xkzy/index.htm"
"development-econ-3","development-econ","教育经济","政策分配、样本范围与识别条件","subject-labor","教育经济：平均收入涨了，是否有人失去工作而不再被统计？","教育经济：平台劳动的进入退出怎样改变收入分配解释？","就业状态、退出者记录与工时收入分布","把是否就业、工时和时薪三个变化分开","就业状态、退出者记录与工时收入分布的比较与解释记录","https://cter.bnu.edu.cn/docs/2024-05/e0d9749ec02e425eb45aa96fefdadc2a.pdf"
"development-econ-4","development-econ","人口经济","政策分配、样本范围与识别条件","economics","人口经济：观察到的参与者差异，怎样与政策作用区分？","人口经济：新资料或制度比较能否区分选择、行为调整与长期分配变化？","分配规则、样本来源与比较组记录","本方向具体检查：核对选择过程与政策时点，区分描述和识别。不要把「政策分配、样本范围与识别条件」中不同条件直接合并。","进入与退出路径、制度时点和比较单位，注明「人口经济」的来源、课题版本、已查项与未决项。","https://econ.pku.edu.cn/xkzy/index.htm"
"development-econ-5","development-econ","城乡发展","政策分配、样本范围与识别条件","evidence-economics","城乡发展：观察到的参与者差异，怎样与政策作用区分？","城乡发展：数字工具普及如何改变生产率、分工与收益分配？","分配规则、样本来源与比较组记录","本方向具体检查：核对选择过程与政策时点，区分描述和识别。不要把「政策分配、样本范围与识别条件」中不同条件直接合并。","分配规则、样本来源与比较组记录的来源与比较条件记录，注明「城乡发展」的来源、课题版本、已查项与未决项。","https://econ.pku.edu.cn/xkzy/index.htm"
"development-econ-6","development-econ","迁移与收入","政策分配、样本范围与识别条件","subject-labor","迁移与收入：平均收入涨了，是否有人失去工作而不再被统计？","迁移与收入：平台劳动的进入退出怎样改变收入分配解释？","就业状态、退出者记录与工时收入分布","把是否就业、工时和时薪三个变化分开","就业状态、退出者记录与工时收入分布的比较与解释记录","https://econ.pku.edu.cn/xkzy/index.htm"
"development-econ-7","development-econ","贫困与不平等","政策分配、样本范围与识别条件","evidence-labor","贫困与不平等：工资差异里，怎样区分技能、岗位与选择过程？","贫困与不平等：生成工具会怎样改变新手学习、岗位分工与长期技能积累？","劳动参与、工作时长与来源样本","本方向具体检查：分开是否就业、收入和时长，检查样本进入方式。不要把「政策分配、样本范围与识别条件」中不同条件直接合并。","劳动参与、工作时长与来源样本的来源与比较条件记录，注明「贫困与不平等」的来源、课题版本、已查项与未决项。","https://econ.pku.edu.cn/xkzy/index.htm"
"development-econ-8","development-econ","家庭经济","政策分配、样本范围与识别条件","economics","家庭经济：观察到的参与者差异，怎样与政策作用区分？","家庭经济：新资料或制度比较能否区分选择、行为调整与长期分配变化？","分配规则、样本来源与比较组记录","本方向具体检查：核对选择过程与政策时点，区分描述和识别。不要把「政策分配、样本范围与识别条件」中不同条件直接合并。","进入与退出路径、制度时点和比较单位，注明「家庭经济」的来源、课题版本、已查项与未决项。","https://econ.pku.edu.cn/xkzy/index.htm"
"development-econ-9","development-econ","健康与劳动","政策分配、样本范围与识别条件","subject-labor","健康与劳动：平均收入涨了，是否有人失去工作而不再被统计？","健康与劳动：平台劳动的进入退出怎样改变收入分配解释？","就业状态、退出者记录与工时收入分布","把是否就业、工时和时薪三个变化分开","就业状态、退出者记录与工时收入分布的比较与解释记录","https://econ.pku.edu.cn/xkzy/index.htm"
"development-econ-10","development-econ","职业流动","政策分配、样本范围与识别条件","evidence-labor","职业流动：工资差异里，怎样区分技能、岗位与选择过程？","职业流动：生成工具会怎样改变新手学习、岗位分工与长期技能积累？","劳动参与、工作时长与来源样本","本方向具体检查：分开是否就业、收入和时长，检查样本进入方式。不要把「政策分配、样本范围与识别条件」中不同条件直接合并。","劳动参与、工作时长与来源样本的来源与比较条件记录，注明「职业流动」的来源、课题版本、已查项与未决项。","https://econ.pku.edu.cn/xkzy/index.htm"
"development-econ-11","development-econ","区域发展","政策分配、样本范围与识别条件","evidence-economics","区域发展：观察到的参与者差异，怎样与政策作用区分？","区域发展：数字工具普及如何改变生产率、分工与收益分配？","分配规则、样本来源与比较组记录","本方向具体检查：核对选择过程与政策时点，区分描述和识别。不要把「政策分配、样本范围与识别条件」中不同条件直接合并。","分配规则、样本来源与比较组记录的来源与比较条件记录，注明「区域发展」的来源、课题版本、已查项与未决项。","https://econ.pku.edu.cn/xkzy/index.htm"
"development-econ-12","development-econ","政策评价","政策分配、样本范围与识别条件","evidence-labor","政策评价：工资差异里，怎样区分技能、岗位与选择过程？","政策评价：生成工具会怎样改变新手学习、岗位分工与长期技能积累？","劳动参与、工作时长与来源样本","本方向具体检查：分开是否就业、收入和时长，检查样本进入方式。不要把「政策分配、样本范围与识别条件」中不同条件直接合并。","劳动参与、工作时长与来源样本的来源与比较条件记录，注明「政策评价」的来源、课题版本、已查项与未决项。","https://econ.pku.edu.cn/xkzy/index.htm"
"finance-studies-1","finance-studies","资产定价","信息时间、风险口径与评价样本","subject-finance","资产定价：当时能看到这个数据版本吗？","资产定价：分布变化下风险预测怎样保持可校准性？","信息发布时间、交易成本与收益区间","只使用决策当时可见的信息比较净表现","信息发布时间、交易成本与收益区间的比较与解释记录","https://econ.pku.edu.cn/xkzy/index.htm"
"finance-studies-2","finance-studies","公司金融","信息时间、风险口径与评价样本","subject-finance","公司金融：当时能看到这个数据版本吗？","公司金融：分布变化下风险预测怎样保持可校准性？","信息发布时间、交易成本与收益区间","只使用决策当时可见的信息比较净表现","信息发布时间、交易成本与收益区间的比较与解释记录","https://econ.pku.edu.cn/xkzy/index.htm；https://www.som.zju.edu.cn/2025/0506/c63512a3045953/page.htm"
"finance-studies-3","finance-studies","金融市场","信息时间、风险口径与评价样本","subject-finance","金融市场：当时能看到这个数据版本吗？","金融市场：分布变化下风险预测怎样保持可校准性？","信息发布时间、交易成本与收益区间","只使用决策当时可见的信息比较净表现","信息发布时间、交易成本与收益区间的比较与解释记录","https://econ.pku.edu.cn/xkzy/index.htm"
"finance-studies-4","finance-studies","银行研究","信息时间、风险口径与评价样本","evidence-finance","银行研究：回看时可见的信息，为什么不能都放进事前决策？","银行研究：气候转型与数字金融信号怎样进入可解释的风险研究？","信息发布时间、风险口径与会计定义","本方向具体检查：对齐信息可获得时间，保留口径变化。不要把「信息时间、风险口径与评价样本」中不同条件直接合并。","信息发布时间、风险口径与会计定义的来源与比较条件记录，注明「银行研究」的来源、课题版本、已查项与未决项。","https://econ.pku.edu.cn/xkzy/index.htm；https://www.som.zju.edu.cn/2025/0506/c63512a3045953/page.htm"
"finance-studies-5","finance-studies","保险经济","信息时间、风险口径与评价样本","subject-insurance","保险经济：这批保单的赔付窗口真的结束了吗？","保险经济：动态风险资料能否解释选择效应与赔付发展？","投保选择、赔付时点与删失记录","区分风险进入、赔付发展与观察不足","投保选择、赔付时点与删失记录的比较与解释记录","https://econ.pku.edu.cn/xkzy/index.htm"
"finance-studies-6","finance-studies","风险度量","信息时间、风险口径与评价样本","subject-finance","风险度量：当时能看到这个数据版本吗？","风险度量：分布变化下风险预测怎样保持可校准性？","信息发布时间、交易成本与收益区间","只使用决策当时可见的信息比较净表现","信息发布时间、交易成本与收益区间的比较与解释记录","https://econ.pku.edu.cn/xkzy/index.htm"
"finance-studies-7","finance-studies","金融计量","信息时间、风险口径与评价样本","subject-finance","金融计量：当时能看到这个数据版本吗？","金融计量：分布变化下风险预测怎样保持可校准性？","信息发布时间、交易成本与收益区间","只使用决策当时可见的信息比较净表现","信息发布时间、交易成本与收益区间的比较与解释记录","https://econ.pku.edu.cn/xkzy/index.htm"
"finance-studies-8","finance-studies","行为金融","信息时间、风险口径与评价样本","subject-finance","行为金融：当时能看到这个数据版本吗？","行为金融：分布变化下风险预测怎样保持可校准性？","信息发布时间、交易成本与收益区间","只使用决策当时可见的信息比较净表现","信息发布时间、交易成本与收益区间的比较与解释记录","https://econ.pku.edu.cn/xkzy/index.htm；https://www.som.zju.edu.cn/2025/0506/c63512a3045953/page.htm"
"finance-studies-9","finance-studies","金融科技","信息时间、风险口径与评价样本","subject-finance","金融科技：当时能看到这个数据版本吗？","金融科技：分布变化下风险预测怎样保持可校准性？","信息发布时间、交易成本与收益区间","只使用决策当时可见的信息比较净表现","信息发布时间、交易成本与收益区间的比较与解释记录","https://econ.pku.edu.cn/xkzy/index.htm；https://www.som.zju.edu.cn/2025/0506/c63512a3045953/page.htm"
"finance-studies-10","finance-studies","国际金融","信息时间、风险口径与评价样本","subject-finance","国际金融：当时能看到这个数据版本吗？","国际金融：分布变化下风险预测怎样保持可校准性？","信息发布时间、交易成本与收益区间","只使用决策当时可见的信息比较净表现","信息发布时间、交易成本与收益区间的比较与解释记录","https://econ.pku.edu.cn/xkzy/index.htm；https://www.som.zju.edu.cn/2025/0506/c63512a3045953/page.htm"
"finance-studies-11","finance-studies","家庭金融","信息时间、风险口径与评价样本","subject-finance","家庭金融：当时能看到这个数据版本吗？","家庭金融：分布变化下风险预测怎样保持可校准性？","信息发布时间、交易成本与收益区间","只使用决策当时可见的信息比较净表现","信息发布时间、交易成本与收益区间的比较与解释记录","https://econ.pku.edu.cn/xkzy/index.htm"
"finance-studies-12","finance-studies","金融史","信息时间、风险口径与评价样本","subject-finance","金融史：当时能看到这个数据版本吗？","金融史：分布变化下风险预测怎样保持可校准性？","信息发布时间、交易成本与收益区间","只使用决策当时可见的信息比较净表现","信息发布时间、交易成本与收益区间的比较与解释记录","https://econ.pku.edu.cn/xkzy/index.htm；https://www.som.zju.edu.cn/2025/0506/c63512a3045953/page.htm"
"trade-econ-1","trade-econ","国际贸易","企业层次、市场范围与比较条件","subject-trade","国际贸易：出口额变化来自价格还是数量？","国际贸易：供应链重组如何影响不同环节的增加值分配？","贸易流向、价格数量与行业进入退出记录","区分价格变化、数量变化与企业构成变化","贸易流向、价格数量与行业进入退出记录的比较与解释记录","https://econ.pku.edu.cn/xkzy/index.htm"
"trade-econ-2","trade-econ","国际投资","企业层次、市场范围与比较条件","subject-trade","国际投资：出口额变化来自价格还是数量？","国际投资：供应链重组如何影响不同环节的增加值分配？","贸易流向、价格数量与行业进入退出记录","区分价格变化、数量变化与企业构成变化","贸易流向、价格数量与行业进入退出记录的比较与解释记录","https://econ.pku.edu.cn/xkzy/index.htm；https://www.som.zju.edu.cn/2025/0506/c63512a3045953/page.htm"
"trade-econ-3","trade-econ","产业组织","企业层次、市场范围与比较条件","subject-trade","产业组织：出口额变化来自价格还是数量？","产业组织：供应链重组如何影响不同环节的增加值分配？","贸易流向、价格数量与行业进入退出记录","区分价格变化、数量变化与企业构成变化","贸易流向、价格数量与行业进入退出记录的比较与解释记录","https://econ.pku.edu.cn/xkzy/index.htm"
"trade-econ-4","trade-econ","企业生产率","企业层次、市场范围与比较条件","evidence-economics","企业生产率：观察到的参与者差异，怎样与政策作用区分？","企业生产率：数字工具普及如何改变生产率、分工与收益分配？","分配规则、样本来源与比较组记录","本方向具体检查：核对选择过程与政策时点，区分描述和识别。不要把「企业层次、市场范围与比较条件」中不同条件直接合并。","分配规则、样本来源与比较组记录的来源与比较条件记录，注明「企业生产率」的来源、课题版本、已查项与未决项。","https://econ.pku.edu.cn/xkzy/index.htm"
"trade-econ-5","trade-econ","全球价值链","企业层次、市场范围与比较条件","finance","全球价值链：观察到的参与者差异，怎样与政策作用区分？","全球价值链：新的定价或风险模型能否跨时期检验，并保留尾部风险与资源限制？","分配规则、样本来源与比较组记录","本方向具体检查：核对选择过程与政策时点，区分描述和识别。不要把「企业层次、市场范围与比较条件」中不同条件直接合并。","信息时间轴、风险口径与价格时点，注明「全球价值链」的来源、课题版本、已查项与未决项。","https://econ.pku.edu.cn/xkzy/index.htm"
"trade-econ-6","trade-econ","数字贸易","企业层次、市场范围与比较条件","subject-trade","数字贸易：出口额变化来自价格还是数量？","数字贸易：供应链重组如何影响不同环节的增加值分配？","贸易流向、价格数量与行业进入退出记录","区分价格变化、数量变化与企业构成变化","贸易流向、价格数量与行业进入退出记录的比较与解释记录","https://econ.pku.edu.cn/xkzy/index.htm"
"trade-econ-7","trade-econ","服务贸易","企业层次、市场范围与比较条件","subject-trade","服务贸易：出口额变化来自价格还是数量？","服务贸易：供应链重组如何影响不同环节的增加值分配？","贸易流向、价格数量与行业进入退出记录","区分价格变化、数量变化与企业构成变化","贸易流向、价格数量与行业进入退出记录的比较与解释记录","https://econ.pku.edu.cn/xkzy/index.htm"
"trade-econ-8","trade-econ","竞争与监管","企业层次、市场范围与比较条件","evidence-economics","竞争与监管：观察到的参与者差异，怎样与政策作用区分？","竞争与监管：数字工具普及如何改变生产率、分工与收益分配？","分配规则、样本来源与比较组记录","本方向具体检查：核对选择过程与政策时点，区分描述和识别。不要把「企业层次、市场范围与比较条件」中不同条件直接合并。","分配规则、样本来源与比较组记录的来源与比较条件记录，注明「竞争与监管」的来源、课题版本、已查项与未决项。","https://econ.pku.edu.cn/xkzy/index.htm"
"trade-econ-9","trade-econ","技术创新","企业层次、市场范围与比较条件","evidence-economics","技术创新：观察到的参与者差异，怎样与政策作用区分？","技术创新：数字工具普及如何改变生产率、分工与收益分配？","分配规则、样本来源与比较组记录","本方向具体检查：核对选择过程与政策时点，区分描述和识别。不要把「企业层次、市场范围与比较条件」中不同条件直接合并。","分配规则、样本来源与比较组记录的来源与比较条件记录，注明「技术创新」的来源、课题版本、已查项与未决项。","https://econ.pku.edu.cn/xkzy/index.htm"
"trade-econ-10","trade-econ","产业转型","企业层次、市场范围与比较条件","subject-trade","产业转型：出口额变化来自价格还是数量？","产业转型：供应链重组如何影响不同环节的增加值分配？","贸易流向、价格数量与行业进入退出记录","区分价格变化、数量变化与企业构成变化","贸易流向、价格数量与行业进入退出记录的比较与解释记录","https://econ.pku.edu.cn/xkzy/index.htm"
"trade-econ-11","trade-econ","贸易史","企业层次、市场范围与比较条件","subject-trade","贸易史：出口额变化来自价格还是数量？","贸易史：供应链重组如何影响不同环节的增加值分配？","贸易流向、价格数量与行业进入退出记录","区分价格变化、数量变化与企业构成变化","贸易流向、价格数量与行业进入退出记录的比较与解释记录","https://econ.pku.edu.cn/xkzy/index.htm"
"trade-econ-12","trade-econ","开放与就业","企业层次、市场范围与比较条件","evidence-labor","开放与就业：工资差异里，怎样区分技能、岗位与选择过程？","开放与就业：生成工具会怎样改变新手学习、岗位分工与长期技能积累？","劳动参与、工作时长与来源样本","本方向具体检查：分开是否就业、收入和时长，检查样本进入方式。不要把「企业层次、市场范围与比较条件」中不同条件直接合并。","劳动参与、工作时长与来源样本的来源与比较条件记录，注明「开放与就业」的来源、课题版本、已查项与未决项。","https://econ.pku.edu.cn/xkzy/index.htm"
"resource-econ-1","resource-econ","财政与税收","评价边界、资源取舍与受益差异","subject-tax","财政与税收：缴税的人一定承担了全部税负吗？","财政与税收：税制变化怎样影响不同收入群体的实际负担？","税前税后价格、纳税主体与消费构成","分开法定纳税义务与实际经济负担","税前税后价格、纳税主体与消费构成的比较与解释记录","https://econ.pku.edu.cn/xkzy/index.htm"
"resource-econ-2","resource-econ","公共支出","评价边界、资源取舍与受益差异","evidence-economics","公共支出：观察到的参与者差异，怎样与政策作用区分？","公共支出：数字工具普及如何改变生产率、分工与收益分配？","分配规则、样本来源与比较组记录","本方向具体检查：核对选择过程与政策时点，区分描述和识别。不要把「评价边界、资源取舍与受益差异」中不同条件直接合并。","分配规则、样本来源与比较组记录的来源与比较条件记录，注明「公共支出」的来源、课题版本、已查项与未决项。","https://econ.pku.edu.cn/xkzy/index.htm"
"resource-econ-3","resource-econ","环境经济","评价边界、资源取舍与受益差异","economics","环境经济：观察到的参与者差异，怎样与政策作用区分？","环境经济：新资料或制度比较能否区分选择、行为调整与长期分配变化？","分配规则、样本来源与比较组记录","本方向具体检查：核对选择过程与政策时点，区分描述和识别。不要把「评价边界、资源取舍与受益差异」中不同条件直接合并。","进入与退出路径、制度时点和比较单位，注明「环境经济」的来源、课题版本、已查项与未决项。","https://econ.pku.edu.cn/xkzy/index.htm"
"resource-econ-4","resource-econ","资源经济","评价边界、资源取舍与受益差异","economics","资源经济：观察到的参与者差异，怎样与政策作用区分？","资源经济：新资料或制度比较能否区分选择、行为调整与长期分配变化？","分配规则、样本来源与比较组记录","本方向具体检查：核对选择过程与政策时点，区分描述和识别。不要把「评价边界、资源取舍与受益差异」中不同条件直接合并。","进入与退出路径、制度时点和比较单位，注明「资源经济」的来源、课题版本、已查项与未决项。","https://econ.pku.edu.cn/xkzy/index.htm"
"resource-econ-5","resource-econ","能源经济","评价边界、资源取舍与受益差异","economics","能源经济：观察到的参与者差异，怎样与政策作用区分？","能源经济：新资料或制度比较能否区分选择、行为调整与长期分配变化？","分配规则、样本来源与比较组记录","本方向具体检查：核对选择过程与政策时点，区分描述和识别。不要把「评价边界、资源取舍与受益差异」中不同条件直接合并。","进入与退出路径、制度时点和比较单位，注明「能源经济」的来源、课题版本、已查项与未决项。","https://econ.pku.edu.cn/xkzy/index.htm"
"resource-econ-6","resource-econ","农业经济","评价边界、资源取舍与受益差异","economics","农业经济：观察到的参与者差异，怎样与政策作用区分？","农业经济：新资料或制度比较能否区分选择、行为调整与长期分配变化？","分配规则、样本来源与比较组记录","本方向具体检查：核对选择过程与政策时点，区分描述和识别。不要把「评价边界、资源取舍与受益差异」中不同条件直接合并。","进入与退出路径、制度时点和比较单位，注明「农业经济」的来源、课题版本、已查项与未决项。","https://econ.pku.edu.cn/xkzy/index.htm"
"resource-econ-7","resource-econ","城市经济","评价边界、资源取舍与受益差异","economics","城市经济：观察到的参与者差异，怎样与政策作用区分？","城市经济：新资料或制度比较能否区分选择、行为调整与长期分配变化？","分配规则、样本来源与比较组记录","本方向具体检查：核对选择过程与政策时点，区分描述和识别。不要把「评价边界、资源取舍与受益差异」中不同条件直接合并。","进入与退出路径、制度时点和比较单位，注明「城市经济」的来源、课题版本、已查项与未决项。","https://econ.pku.edu.cn/xkzy/index.htm"
"resource-econ-8","resource-econ","交通经济","评价边界、资源取舍与受益差异","economics","交通经济：观察到的参与者差异，怎样与政策作用区分？","交通经济：新资料或制度比较能否区分选择、行为调整与长期分配变化？","分配规则、样本来源与比较组记录","本方向具体检查：核对选择过程与政策时点，区分描述和识别。不要把「评价边界、资源取舍与受益差异」中不同条件直接合并。","进入与退出路径、制度时点和比较单位，注明「交通经济」的来源、课题版本、已查项与未决项。","https://econ.pku.edu.cn/xkzy/index.htm"
"resource-econ-9","resource-econ","气候政策评价","评价边界、资源取舍与受益差异","evidence-economics","气候政策评价：观察到的参与者差异，怎样与政策作用区分？","气候政策评价：数字工具普及如何改变生产率、分工与收益分配？","分配规则、样本来源与比较组记录","本方向具体检查：核对选择过程与政策时点，区分描述和识别。不要把「评价边界、资源取舍与受益差异」中不同条件直接合并。","分配规则、样本来源与比较组记录的来源与比较条件记录，注明「气候政策评价」的来源、课题版本、已查项与未决项。","https://econ.pku.edu.cn/xkzy/index.htm"
"resource-econ-10","resource-econ","公共服务需求","评价边界、资源取舍与受益差异","evidence-economics","公共服务需求：观察到的参与者差异，怎样与政策作用区分？","公共服务需求：数字工具普及如何改变生产率、分工与收益分配？","分配规则、样本来源与比较组记录","本方向具体检查：核对选择过程与政策时点，区分描述和识别。不要把「评价边界、资源取舍与受益差异」中不同条件直接合并。","分配规则、样本来源与比较组记录的来源与比较条件记录，注明「公共服务需求」的来源、课题版本、已查项与未决项。","https://econ.pku.edu.cn/xkzy/index.htm"
"resource-econ-11","resource-econ","外部性研究","评价边界、资源取舍与受益差异","evidence-economics","外部性研究：观察到的参与者差异，怎样与政策作用区分？","外部性研究：数字工具普及如何改变生产率、分工与收益分配？","分配规则、样本来源与比较组记录","本方向具体检查：核对选择过程与政策时点，区分描述和识别。不要把「评价边界、资源取舍与受益差异」中不同条件直接合并。","分配规则、样本来源与比较组记录的来源与比较条件记录，注明「外部性研究」的来源、课题版本、已查项与未决项。","https://econ.pku.edu.cn/xkzy/index.htm"
"resource-econ-12","resource-econ","公共选择","评价边界、资源取舍与受益差异","evidence-economics","公共选择：观察到的参与者差异，怎样与政策作用区分？","公共选择：数字工具普及如何改变生产率、分工与收益分配？","分配规则、样本来源与比较组记录","本方向具体检查：核对选择过程与政策时点，区分描述和识别。不要把「评价边界、资源取舍与受益差异」中不同条件直接合并。","分配规则、样本来源与比较组记录的来源与比较条件记录，注明「公共选择」的来源、课题版本、已查项与未决项。","https://econ.pku.edu.cn/xkzy/index.htm"
"civil-law-1","civil-law","民法总论","事实关系、规范效力与适用范围","subject-contract","民法总论：这条约定的效力依据与履行证据分别是什么？","民法总论：平台合同的自动执行怎样保留争议与救济入口？","约定条款、履行时间线与争议事实","分开条款解释、效力判断与履行事实","约定条款、履行时间线与争议事实的比较与解释记录","https://www.law.pku.edu.cn/xwzx/ggtz/zsjx/870508d182464f118ae55b9473a4c4f3.htm"
"civil-law-2","civil-law","合同法","事实关系、规范效力与适用范围","subject-contract","合同法：这条约定的效力依据与履行证据分别是什么？","合同法：平台合同的自动执行怎样保留争议与救济入口？","约定条款、履行时间线与争议事实","分开条款解释、效力判断与履行事实","约定条款、履行时间线与争议事实的比较与解释记录","https://www.law.pku.edu.cn/xwzx/ggtz/zsjx/870508d182464f118ae55b9473a4c4f3.htm"
"civil-law-3","civil-law","物权法","事实关系、规范效力与适用范围","law","物权法：规范有效、材料可用与事实被证明为什么是不同问题？","物权法：新的技术或制度情境怎样接受来源质疑，同时保留解释、责任与救济？","规范版本、案件事实与裁判理由","本方向具体检查：区分效力、事实认定与规范推论。不要把「事实关系、规范效力与适用范围」中不同条件直接合并。","事实、程序阶段与规范版本对照页，注明「物权法」的来源、课题版本、已查项与未决项。","https://www.law.pku.edu.cn/xwzx/ggtz/zsjx/870508d182464f118ae55b9473a4c4f3.htm"
"civil-law-4","civil-law","侵权责任","事实关系、规范效力与适用范围","evidence-law","侵权责任：规范有效、材料可用与事实被证明为什么是不同问题？","侵权责任：算法证据与生成式检索怎样保持出处、解释与质疑空间？","规范版本、案件事实与裁判理由","本方向具体检查：区分效力、事实认定与规范推论。不要把「事实关系、规范效力与适用范围」中不同条件直接合并。","规范版本、案件事实与裁判理由的来源与比较条件记录，注明「侵权责任」的来源、课题版本、已查项与未决项。","https://www.law.pku.edu.cn/xwzx/ggtz/zsjx/870508d182464f118ae55b9473a4c4f3.htm"
"civil-law-5","civil-law","公司法","事实关系、规范效力与适用范围","subject-contract","公司法：这条约定的效力依据与履行证据分别是什么？","公司法：平台合同的自动执行怎样保留争议与救济入口？","约定条款、履行时间线与争议事实","分开条款解释、效力判断与履行事实","约定条款、履行时间线与争议事实的比较与解释记录","https://www.law.pku.edu.cn/xwzx/ggtz/zsjx/870508d182464f118ae55b9473a4c4f3.htm"
"civil-law-6","civil-law","证券法研究","事实关系、规范效力与适用范围","law","证券法研究：规范有效、材料可用与事实被证明为什么是不同问题？","证券法研究：新的技术或制度情境怎样接受来源质疑，同时保留解释、责任与救济？","规范版本、案件事实与裁判理由","本方向具体检查：区分效力、事实认定与规范推论。不要把「事实关系、规范效力与适用范围」中不同条件直接合并。","事实、程序阶段与规范版本对照页，注明「证券法研究」的来源、课题版本、已查项与未决项。","https://www.law.pku.edu.cn/xwzx/ggtz/zsjx/870508d182464f118ae55b9473a4c4f3.htm"
"civil-law-7","civil-law","破产法","事实关系、规范效力与适用范围","law","破产法：规范有效、材料可用与事实被证明为什么是不同问题？","破产法：新的技术或制度情境怎样接受来源质疑，同时保留解释、责任与救济？","规范版本、案件事实与裁判理由","本方向具体检查：区分效力、事实认定与规范推论。不要把「事实关系、规范效力与适用范围」中不同条件直接合并。","事实、程序阶段与规范版本对照页，注明「破产法」的来源、课题版本、已查项与未决项。","https://www.law.pku.edu.cn/xwzx/ggtz/zsjx/870508d182464f118ae55b9473a4c4f3.htm"
"civil-law-8","civil-law","保险法研究","事实关系、规范效力与适用范围","law","保险法研究：规范有效、材料可用与事实被证明为什么是不同问题？","保险法研究：新的技术或制度情境怎样接受来源质疑，同时保留解释、责任与救济？","规范版本、案件事实与裁判理由","本方向具体检查：区分效力、事实认定与规范推论。不要把「事实关系、规范效力与适用范围」中不同条件直接合并。","事实、程序阶段与规范版本对照页，注明「保险法研究」的来源、课题版本、已查项与未决项。","https://www.law.pku.edu.cn/xwzx/ggtz/zsjx/870508d182464f118ae55b9473a4c4f3.htm"
"civil-law-9","civil-law","知识产权","事实关系、规范效力与适用范围","evidence-law","知识产权：规范有效、材料可用与事实被证明为什么是不同问题？","知识产权：算法证据与生成式检索怎样保持出处、解释与质疑空间？","规范版本、案件事实与裁判理由","本方向具体检查：区分效力、事实认定与规范推论。不要把「事实关系、规范效力与适用范围」中不同条件直接合并。","规范版本、案件事实与裁判理由的来源与比较条件记录，注明「知识产权」的来源、课题版本、已查项与未决项。","https://www.law.pku.edu.cn/xwzx/ggtz/zsjx/870508d182464f118ae55b9473a4c4f3.htm"
"civil-law-10","civil-law","家庭与继承","事实关系、规范效力与适用范围","fieldwork","家庭与继承：规范有效、材料可用与事实被证明为什么是不同问题？","家庭与继承：多地点或数字材料能否保留不同声音、沉默和研究者位置？","规范版本、案件事实与裁判理由","本方向具体检查：区分效力、事实认定与规范推论。不要把「事实关系、规范效力与适用范围」中不同条件直接合并。","进入关系、访谈情境与叙述者位置记录，注明「家庭与继承」的来源、课题版本、已查项与未决项。","https://www.law.pku.edu.cn/xwzx/ggtz/zsjx/870508d182464f118ae55b9473a4c4f3.htm"
"civil-law-11","civil-law","消费者保护","事实关系、规范效力与适用范围","evidence-law","消费者保护：规范有效、材料可用与事实被证明为什么是不同问题？","消费者保护：算法证据与生成式检索怎样保持出处、解释与质疑空间？","规范版本、案件事实与裁判理由","本方向具体检查：区分效力、事实认定与规范推论。不要把「事实关系、规范效力与适用范围」中不同条件直接合并。","规范版本、案件事实与裁判理由的来源与比较条件记录，注明「消费者保护」的来源、课题版本、已查项与未决项。","https://www.law.pku.edu.cn/xwzx/ggtz/zsjx/870508d182464f118ae55b9473a4c4f3.htm"
"civil-law-12","civil-law","数字交易法","事实关系、规范效力与适用范围","law","数字交易法：规范有效、材料可用与事实被证明为什么是不同问题？","数字交易法：新的技术或制度情境怎样接受来源质疑，同时保留解释、责任与救济？","规范版本、案件事实与裁判理由","本方向具体检查：区分效力、事实认定与规范推论。不要把「事实关系、规范效力与适用范围」中不同条件直接合并。","事实、程序阶段与规范版本对照页，注明「数字交易法」的来源、课题版本、已查项与未决项。","https://www.law.pku.edu.cn/xwzx/ggtz/zsjx/870508d182464f118ae55b9473a4c4f3.htm"
"criminal-law-1","criminal-law","刑法理论","规范论证、案件事实与程序条件","subject-criminal","刑法理论：结果发生了，怎样证明行为时的主观要素？","刑法理论：数字痕迹怎样接受完整性与解释质疑？","行为时间线、主观要素争议与证据链","把客观行为、主观要素和证明程度分开","行为时间线、主观要素争议与证据链的比较与解释记录","https://www.law.pku.edu.cn/xwzx/ggtz/zsjx/870508d182464f118ae55b9473a4c4f3.htm"
"criminal-law-2","criminal-law","刑法史","规范论证、案件事实与程序条件","subject-criminal","刑法史：结果发生了，怎样证明行为时的主观要素？","刑法史：数字痕迹怎样接受完整性与解释质疑？","行为时间线、主观要素争议与证据链","把客观行为、主观要素和证明程度分开","行为时间线、主观要素争议与证据链的比较与解释记录","https://www.law.pku.edu.cn/xwzx/ggtz/zsjx/870508d182464f118ae55b9473a4c4f3.htm"
"criminal-law-3","criminal-law","刑事政策","规范论证、案件事实与程序条件","subject-criminal","刑事政策：结果发生了，怎样证明行为时的主观要素？","刑事政策：数字痕迹怎样接受完整性与解释质疑？","行为时间线、主观要素争议与证据链","把客观行为、主观要素和证明程度分开","行为时间线、主观要素争议与证据链的比较与解释记录","https://www.law.pku.edu.cn/xwzx/ggtz/zsjx/870508d182464f118ae55b9473a4c4f3.htm；https://bkzs.pku.edu.cn/xkzy/xy/shkxxb/sxkxxy_31/sxkxxyzszy_31/index.htm"
"criminal-law-4","criminal-law","刑事诉讼","规范论证、案件事实与程序条件","subject-criminal","刑事诉讼：结果发生了，怎样证明行为时的主观要素？","刑事诉讼：数字痕迹怎样接受完整性与解释质疑？","行为时间线、主观要素争议与证据链","把客观行为、主观要素和证明程度分开","行为时间线、主观要素争议与证据链的比较与解释记录","https://www.law.pku.edu.cn/xwzx/ggtz/zsjx/870508d182464f118ae55b9473a4c4f3.htm"
"criminal-law-5","criminal-law","证据研究","规范论证、案件事实与程序条件","subject-procedure","证据研究：这份材料解决的是准入还是证明力问题？","证据研究：算法生成证据怎样保留对方有效质证的条件？","来源链、程序阶段与异议处理记录","分开可提交、可采纳与足以证明","来源链、程序阶段与异议处理记录的比较与解释记录","https://www.law.pku.edu.cn/xwzx/ggtz/zsjx/870508d182464f118ae55b9473a4c4f3.htm"
"criminal-law-6","criminal-law","犯罪学","规范论证、案件事实与程序条件","evidence-law","犯罪学：规范有效、材料可用与事实被证明为什么是不同问题？","犯罪学：算法证据与生成式检索怎样保持出处、解释与质疑空间？","规范版本、案件事实与裁判理由","本方向具体检查：区分效力、事实认定与规范推论。不要把「规范论证、案件事实与程序条件」中不同条件直接合并。","规范版本、案件事实与裁判理由的来源与比较条件记录，注明「犯罪学」的来源、课题版本、已查项与未决项。","https://www.law.pku.edu.cn/xwzx/ggtz/zsjx/870508d182464f118ae55b9473a4c4f3.htm"
"criminal-law-7","criminal-law","少年司法","规范论证、案件事实与程序条件","law","少年司法：规范有效、材料可用与事实被证明为什么是不同问题？","少年司法：新的技术或制度情境怎样接受来源质疑，同时保留解释、责任与救济？","规范版本、案件事实与裁判理由","本方向具体检查：区分效力、事实认定与规范推论。不要把「规范论证、案件事实与程序条件」中不同条件直接合并。","事实、程序阶段与规范版本对照页，注明「少年司法」的来源、课题版本、已查项与未决项。","https://www.law.pku.edu.cn/xwzx/ggtz/zsjx/870508d182464f118ae55b9473a4c4f3.htm"
"criminal-law-8","criminal-law","刑罚理论","规范论证、案件事实与程序条件","subject-criminal","刑罚理论：结果发生了，怎样证明行为时的主观要素？","刑罚理论：数字痕迹怎样接受完整性与解释质疑？","行为时间线、主观要素争议与证据链","把客观行为、主观要素和证明程度分开","行为时间线、主观要素争议与证据链的比较与解释记录","https://www.law.pku.edu.cn/xwzx/ggtz/zsjx/870508d182464f118ae55b9473a4c4f3.htm"
"criminal-law-9","criminal-law","司法案例","规范论证、案件事实与程序条件","law","司法案例：规范有效、材料可用与事实被证明为什么是不同问题？","司法案例：新的技术或制度情境怎样接受来源质疑，同时保留解释、责任与救济？","规范版本、案件事实与裁判理由","本方向具体检查：区分效力、事实认定与规范推论。不要把「规范论证、案件事实与程序条件」中不同条件直接合并。","事实、程序阶段与规范版本对照页，注明「司法案例」的来源、课题版本、已查项与未决项。","https://www.law.pku.edu.cn/xwzx/ggtz/zsjx/870508d182464f118ae55b9473a4c4f3.htm"
"criminal-law-10","criminal-law","比较刑法","规范论证、案件事实与程序条件","subject-criminal","比较刑法：结果发生了，怎样证明行为时的主观要素？","比较刑法：数字痕迹怎样接受完整性与解释质疑？","行为时间线、主观要素争议与证据链","把客观行为、主观要素和证明程度分开","行为时间线、主观要素争议与证据链的比较与解释记录","https://www.law.pku.edu.cn/xwzx/ggtz/zsjx/870508d182464f118ae55b9473a4c4f3.htm"
"criminal-law-11","criminal-law","刑事司法治理","规范论证、案件事实与程序条件","subject-criminal","刑事司法治理：结果发生了，怎样证明行为时的主观要素？","刑事司法治理：数字痕迹怎样接受完整性与解释质疑？","行为时间线、主观要素争议与证据链","把客观行为、主观要素和证明程度分开","行为时间线、主观要素争议与证据链的比较与解释记录","https://www.law.pku.edu.cn/xwzx/ggtz/zsjx/870508d182464f118ae55b9473a4c4f3.htm；https://bkzs.pku.edu.cn/xkzy/xy/shkxxb/sxkxxy_31/sxkxxyzszy_31/index.htm"
"criminal-law-12","criminal-law","刑事法教育","规范论证、案件事实与程序条件","subject-criminal","刑事法教育：结果发生了，怎样证明行为时的主观要素？","刑事法教育：数字痕迹怎样接受完整性与解释质疑？","行为时间线、主观要素争议与证据链","把客观行为、主观要素和证明程度分开","行为时间线、主观要素争议与证据链的比较与解释记录","https://cter.bnu.edu.cn/docs/2024-05/e0d9749ec02e425eb45aa96fefdadc2a.pdf"
"constitutional-law-1","constitutional-law","宪法理论","权力依据、程序与权利边界","law","宪法理论：规范有效、材料可用与事实被证明为什么是不同问题？","宪法理论：新的技术或制度情境怎样接受来源质疑，同时保留解释、责任与救济？","规范版本、案件事实与裁判理由","本方向具体检查：区分效力、事实认定与规范推论。不要把「权力依据、程序与权利边界」中不同条件直接合并。","事实、程序阶段与规范版本对照页，注明「宪法理论」的来源、课题版本、已查项与未决项。","https://www.law.pku.edu.cn/xwzx/ggtz/zsjx/870508d182464f118ae55b9473a4c4f3.htm"
"constitutional-law-2","constitutional-law","基本权利","权力依据、程序与权利边界","law","基本权利：规范有效、材料可用与事实被证明为什么是不同问题？","基本权利：新的技术或制度情境怎样接受来源质疑，同时保留解释、责任与救济？","规范版本、案件事实与裁判理由","本方向具体检查：区分效力、事实认定与规范推论。不要把「权力依据、程序与权利边界」中不同条件直接合并。","事实、程序阶段与规范版本对照页，注明「基本权利」的来源、课题版本、已查项与未决项。","https://www.law.pku.edu.cn/xwzx/ggtz/zsjx/870508d182464f118ae55b9473a4c4f3.htm"
"constitutional-law-3","constitutional-law","行政法理论","权力依据、程序与权利边界","subject-procedure","行政法理论：这份材料解决的是准入还是证明力问题？","行政法理论：算法生成证据怎样保留对方有效质证的条件？","来源链、程序阶段与异议处理记录","分开可提交、可采纳与足以证明","来源链、程序阶段与异议处理记录的比较与解释记录","https://www.law.pku.edu.cn/xwzx/ggtz/zsjx/870508d182464f118ae55b9473a4c4f3.htm；https://bkzs.pku.edu.cn/xkzy/xy/shkxxb/sxkxxy_31/sxkxxyzszy_31/index.htm"
"constitutional-law-4","constitutional-law","行政程序","权力依据、程序与权利边界","subject-procedure","行政程序：这份材料解决的是准入还是证明力问题？","行政程序：算法生成证据怎样保留对方有效质证的条件？","来源链、程序阶段与异议处理记录","分开可提交、可采纳与足以证明","来源链、程序阶段与异议处理记录的比较与解释记录","https://www.law.pku.edu.cn/xwzx/ggtz/zsjx/870508d182464f118ae55b9473a4c4f3.htm；https://bkzs.pku.edu.cn/xkzy/xy/shkxxb/sxkxxy_31/sxkxxyzszy_31/index.htm"
"constitutional-law-5","constitutional-law","行政诉讼","权力依据、程序与权利边界","subject-procedure","行政诉讼：这份材料解决的是准入还是证明力问题？","行政诉讼：算法生成证据怎样保留对方有效质证的条件？","来源链、程序阶段与异议处理记录","分开可提交、可采纳与足以证明","来源链、程序阶段与异议处理记录的比较与解释记录","https://www.law.pku.edu.cn/xwzx/ggtz/zsjx/870508d182464f118ae55b9473a4c4f3.htm；https://bkzs.pku.edu.cn/xkzy/xy/shkxxb/sxkxxy_31/sxkxxyzszy_31/index.htm"
"constitutional-law-6","constitutional-law","公共机构治理","权力依据、程序与权利边界","governance","公共机构治理：两个地方使用同名制度，怎样判断可以比较？","公共机构治理：新的协作或数字治理能否缩小执行差距，并保留申诉和责任接口？","制度文本、执行材料与对象反馈","本方向具体检查：比较制度情境，保留执行层次与时间。不要把「权力依据、程序与权利边界」中不同条件直接合并。","纸面目标、执行层次与未受益者记录，注明「公共机构治理」的来源、课题版本、已查项与未决项。","https://www.law.pku.edu.cn/xwzx/ggtz/zsjx/870508d182464f118ae55b9473a4c4f3.htm；https://bkzs.pku.edu.cn/xkzy/xy/shkxxb/sxkxxy_31/sxkxxyzszy_31/index.htm"
"constitutional-law-7","constitutional-law","地方制度","权力依据、程序与权利边界","governance","地方制度：两个地方使用同名制度，怎样判断可以比较？","地方制度：新的协作或数字治理能否缩小执行差距，并保留申诉和责任接口？","制度文本、执行材料与对象反馈","本方向具体检查：比较制度情境，保留执行层次与时间。不要把「权力依据、程序与权利边界」中不同条件直接合并。","纸面目标、执行层次与未受益者记录，注明「地方制度」的来源、课题版本、已查项与未决项。","https://www.law.pku.edu.cn/xwzx/ggtz/zsjx/870508d182464f118ae55b9473a4c4f3.htm；https://bkzs.pku.edu.cn/xkzy/xy/shkxxb/sxkxxy_31/sxkxxyzszy_31/index.htm"
"constitutional-law-8","constitutional-law","比较宪法","权力依据、程序与权利边界","law","比较宪法：规范有效、材料可用与事实被证明为什么是不同问题？","比较宪法：新的技术或制度情境怎样接受来源质疑，同时保留解释、责任与救济？","规范版本、案件事实与裁判理由","本方向具体检查：区分效力、事实认定与规范推论。不要把「权力依据、程序与权利边界」中不同条件直接合并。","事实、程序阶段与规范版本对照页，注明「比较宪法」的来源、课题版本、已查项与未决项。","https://www.law.pku.edu.cn/xwzx/ggtz/zsjx/870508d182464f118ae55b9473a4c4f3.htm"
"constitutional-law-9","constitutional-law","法治评价","权力依据、程序与权利边界","law","法治评价：规范有效、材料可用与事实被证明为什么是不同问题？","法治评价：新的技术或制度情境怎样接受来源质疑，同时保留解释、责任与救济？","规范版本、案件事实与裁判理由","本方向具体检查：区分效力、事实认定与规范推论。不要把「权力依据、程序与权利边界」中不同条件直接合并。","事实、程序阶段与规范版本对照页，注明「法治评价」的来源、课题版本、已查项与未决项。","https://www.law.pku.edu.cn/xwzx/ggtz/zsjx/870508d182464f118ae55b9473a4c4f3.htm"
"constitutional-law-10","constitutional-law","信息公开研究","权力依据、程序与权利边界","evidence-policy","信息公开研究：两个地方使用同名制度，怎样判断可以比较？","信息公开研究：算法辅助公共服务怎样保持公平、透明与可申诉？","制度文本、执行材料与对象反馈","本方向具体检查：比较制度情境，保留执行层次与时间。不要把「权力依据、程序与权利边界」中不同条件直接合并。","制度文本、执行材料与对象反馈的来源与比较条件记录，注明「信息公开研究」的来源、课题版本、已查项与未决项。","https://www.law.pku.edu.cn/xwzx/ggtz/zsjx/870508d182464f118ae55b9473a4c4f3.htm；https://bkzs.pku.edu.cn/xkzy/xy/shkxxb/sxkxxy_31/sxkxxyzszy_31/index.htm"
"constitutional-law-11","constitutional-law","公共服务法","权力依据、程序与权利边界","governance","公共服务法：两个地方使用同名制度，怎样判断可以比较？","公共服务法：新的协作或数字治理能否缩小执行差距，并保留申诉和责任接口？","制度文本、执行材料与对象反馈","本方向具体检查：比较制度情境，保留执行层次与时间。不要把「权力依据、程序与权利边界」中不同条件直接合并。","纸面目标、执行层次与未受益者记录，注明「公共服务法」的来源、课题版本、已查项与未决项。","https://www.law.pku.edu.cn/xwzx/ggtz/zsjx/870508d182464f118ae55b9473a4c4f3.htm；https://bkzs.pku.edu.cn/xkzy/xy/shkxxb/sxkxxy_31/sxkxxyzszy_31/index.htm"
"constitutional-law-12","constitutional-law","数字行政","权力依据、程序与权利边界","subject-procedure","数字行政：这份材料解决的是准入还是证明力问题？","数字行政：算法生成证据怎样保留对方有效质证的条件？","来源链、程序阶段与异议处理记录","分开可提交、可采纳与足以证明","来源链、程序阶段与异议处理记录的比较与解释记录","https://www.law.pku.edu.cn/xwzx/ggtz/zsjx/870508d182464f118ae55b9473a4c4f3.htm；https://bkzs.pku.edu.cn/xkzy/xy/shkxxb/sxkxxy_31/sxkxxyzszy_31/index.htm"
"international-law-1","international-law","国际公法","法域、适用规则与材料出处","law","国际公法：规范有效、材料可用与事实被证明为什么是不同问题？","国际公法：新的技术或制度情境怎样接受来源质疑，同时保留解释、责任与救济？","规范版本、案件事实与裁判理由","本方向具体检查：区分效力、事实认定与规范推论。不要把「法域、适用规则与材料出处」中不同条件直接合并。","事实、程序阶段与规范版本对照页，注明「国际公法」的来源、课题版本、已查项与未决项。","https://www.law.pku.edu.cn/xwzx/ggtz/zsjx/870508d182464f118ae55b9473a4c4f3.htm"
"international-law-2","international-law","国际私法","法域、适用规则与材料出处","law","国际私法：规范有效、材料可用与事实被证明为什么是不同问题？","国际私法：新的技术或制度情境怎样接受来源质疑，同时保留解释、责任与救济？","规范版本、案件事实与裁判理由","本方向具体检查：区分效力、事实认定与规范推论。不要把「法域、适用规则与材料出处」中不同条件直接合并。","事实、程序阶段与规范版本对照页，注明「国际私法」的来源、课题版本、已查项与未决项。","https://www.law.pku.edu.cn/xwzx/ggtz/zsjx/870508d182464f118ae55b9473a4c4f3.htm"
"international-law-3","international-law","国际经济法","法域、适用规则与材料出处","law","国际经济法：规范有效、材料可用与事实被证明为什么是不同问题？","国际经济法：新的技术或制度情境怎样接受来源质疑，同时保留解释、责任与救济？","规范版本、案件事实与裁判理由","本方向具体检查：区分效力、事实认定与规范推论。不要把「法域、适用规则与材料出处」中不同条件直接合并。","事实、程序阶段与规范版本对照页，注明「国际经济法」的来源、课题版本、已查项与未决项。","https://www.law.pku.edu.cn/xwzx/ggtz/zsjx/870508d182464f118ae55b9473a4c4f3.htm"
"international-law-4","international-law","国际组织法","法域、适用规则与材料出处","governance","国际组织法：规范有效、材料可用与事实被证明为什么是不同问题？","国际组织法：新的协作或数字治理能否缩小执行差距，并保留申诉和责任接口？","规范版本、案件事实与裁判理由","本方向具体检查：区分效力、事实认定与规范推论。不要把「法域、适用规则与材料出处」中不同条件直接合并。","纸面目标、执行层次与未受益者记录，注明「国际组织法」的来源、课题版本、已查项与未决项。","https://www.law.pku.edu.cn/xwzx/ggtz/zsjx/870508d182464f118ae55b9473a4c4f3.htm"
"international-law-5","international-law","国际环境法","法域、适用规则与材料出处","law","国际环境法：规范有效、材料可用与事实被证明为什么是不同问题？","国际环境法：新的技术或制度情境怎样接受来源质疑，同时保留解释、责任与救济？","规范版本、案件事实与裁判理由","本方向具体检查：区分效力、事实认定与规范推论。不要把「法域、适用规则与材料出处」中不同条件直接合并。","事实、程序阶段与规范版本对照页，注明「国际环境法」的来源、课题版本、已查项与未决项。","https://www.law.pku.edu.cn/xwzx/ggtz/zsjx/870508d182464f118ae55b9473a4c4f3.htm"
"international-law-6","international-law","国际争端研究","法域、适用规则与材料出处","evidence-law","国际争端研究：规范有效、材料可用与事实被证明为什么是不同问题？","国际争端研究：算法证据与生成式检索怎样保持出处、解释与质疑空间？","规范版本、案件事实与裁判理由","本方向具体检查：区分效力、事实认定与规范推论。不要把「法域、适用规则与材料出处」中不同条件直接合并。","规范版本、案件事实与裁判理由的来源与比较条件记录，注明「国际争端研究」的来源、课题版本、已查项与未决项。","https://www.law.pku.edu.cn/xwzx/ggtz/zsjx/870508d182464f118ae55b9473a4c4f3.htm"
"international-law-7","international-law","比较民法","法域、适用规则与材料出处","law","比较民法：约定文本的解释、效力与实际履行如何分开？","比较民法：平台化交易中的自动约定如何面对解释、责任和救济？","关系类型、约定文本与争议事实","本方向具体检查：区分文本解释、履行事实与规范适用，核对时期和制度。不要把「法域、适用规则与材料出处」中不同条件直接合并。","事实、程序阶段与规范版本对照页，注明「比较民法」的来源、课题版本、已查项与未决项。","https://www.law.pku.edu.cn/xwzx/ggtz/zsjx/870508d182464f118ae55b9473a4c4f3.htm"
"international-law-8","international-law","比较公法","法域、适用规则与材料出处","law","比较公法：规范有效、材料可用与事实被证明为什么是不同问题？","比较公法：新的技术或制度情境怎样接受来源质疑，同时保留解释、责任与救济？","规范版本、案件事实与裁判理由","本方向具体检查：区分效力、事实认定与规范推论。不要把「法域、适用规则与材料出处」中不同条件直接合并。","事实、程序阶段与规范版本对照页，注明「比较公法」的来源、课题版本、已查项与未决项。","https://www.law.pku.edu.cn/xwzx/ggtz/zsjx/870508d182464f118ae55b9473a4c4f3.htm"
"international-law-9","international-law","跨境法律关系","法域、适用规则与材料出处","law","跨境法律关系：规范有效、材料可用与事实被证明为什么是不同问题？","跨境法律关系：新的技术或制度情境怎样接受来源质疑，同时保留解释、责任与救济？","规范版本、案件事实与裁判理由","本方向具体检查：区分效力、事实认定与规范推论。不要把「法域、适用规则与材料出处」中不同条件直接合并。","事实、程序阶段与规范版本对照页，注明「跨境法律关系」的来源、课题版本、已查项与未决项。","https://www.law.pku.edu.cn/xwzx/ggtz/zsjx/870508d182464f118ae55b9473a4c4f3.htm"
"international-law-10","international-law","区域法律制度","法域、适用规则与材料出处","governance","区域法律制度：规范有效、材料可用与事实被证明为什么是不同问题？","区域法律制度：新的协作或数字治理能否缩小执行差距，并保留申诉和责任接口？","规范版本、案件事实与裁判理由","本方向具体检查：区分效力、事实认定与规范推论。不要把「法域、适用规则与材料出处」中不同条件直接合并。","纸面目标、执行层次与未受益者记录，注明「区域法律制度」的来源、课题版本、已查项与未决项。","https://www.law.pku.edu.cn/xwzx/ggtz/zsjx/870508d182464f118ae55b9473a4c4f3.htm"
"international-law-11","international-law","国际法史","法域、适用规则与材料出处","law","国际法史：规范有效、材料可用与事实被证明为什么是不同问题？","国际法史：新的技术或制度情境怎样接受来源质疑，同时保留解释、责任与救济？","规范版本、案件事实与裁判理由","本方向具体检查：区分效力、事实认定与规范推论。不要把「法域、适用规则与材料出处」中不同条件直接合并。","事实、程序阶段与规范版本对照页，注明「国际法史」的来源、课题版本、已查项与未决项。","https://www.law.pku.edu.cn/xwzx/ggtz/zsjx/870508d182464f118ae55b9473a4c4f3.htm"
"international-law-12","international-law","法律翻译","法域、适用规则与材料出处","law","法律翻译：规范有效、材料可用与事实被证明为什么是不同问题？","法律翻译：新的技术或制度情境怎样接受来源质疑，同时保留解释、责任与救济？","规范版本、案件事实与裁判理由","本方向具体检查：区分效力、事实认定与规范推论。不要把「法域、适用规则与材料出处」中不同条件直接合并。","事实、程序阶段与规范版本对照页，注明「法律翻译」的来源、课题版本、已查项与未决项。","https://www.law.pku.edu.cn/xwzx/ggtz/zsjx/870508d182464f118ae55b9473a4c4f3.htm"
"law-society-1","law-society","法律经验研究","规范判断与经验材料分别论证","law","法律经验研究：规范有效、材料可用与事实被证明为什么是不同问题？","法律经验研究：新的技术或制度情境怎样接受来源质疑，同时保留解释、责任与救济？","规范版本、案件事实与裁判理由","本方向具体检查：区分效力、事实认定与规范推论。不要把「规范判断与经验材料分别论证」中不同条件直接合并。","事实、程序阶段与规范版本对照页，注明「法律经验研究」的来源、课题版本、已查项与未决项。","https://www.law.pku.edu.cn/xwzx/ggtz/zsjx/870508d182464f118ae55b9473a4c4f3.htm"
"law-society-2","law-society","司法社会学","规范判断与经验材料分别论证","law","司法社会学：规范有效、材料可用与事实被证明为什么是不同问题？","司法社会学：新的技术或制度情境怎样接受来源质疑，同时保留解释、责任与救济？","规范版本、案件事实与裁判理由","本方向具体检查：区分效力、事实认定与规范推论。不要把「规范判断与经验材料分别论证」中不同条件直接合并。","事实、程序阶段与规范版本对照页，注明「司法社会学」的来源、课题版本、已查项与未决项。","https://www.law.pku.edu.cn/xwzx/ggtz/zsjx/870508d182464f118ae55b9473a4c4f3.htm"
"law-society-3","law-society","法律职业","规范判断与经验材料分别论证","law","法律职业：规范有效、材料可用与事实被证明为什么是不同问题？","法律职业：新的技术或制度情境怎样接受来源质疑，同时保留解释、责任与救济？","规范版本、案件事实与裁判理由","本方向具体检查：区分效力、事实认定与规范推论。不要把「规范判断与经验材料分别论证」中不同条件直接合并。","事实、程序阶段与规范版本对照页，注明「法律职业」的来源、课题版本、已查项与未决项。","https://www.law.pku.edu.cn/xwzx/ggtz/zsjx/870508d182464f118ae55b9473a4c4f3.htm"
"law-society-4","law-society","法律意识","规范判断与经验材料分别论证","law","法律意识：规范有效、材料可用与事实被证明为什么是不同问题？","法律意识：新的技术或制度情境怎样接受来源质疑，同时保留解释、责任与救济？","规范版本、案件事实与裁判理由","本方向具体检查：区分效力、事实认定与规范推论。不要把「规范判断与经验材料分别论证」中不同条件直接合并。","事实、程序阶段与规范版本对照页，注明「法律意识」的来源、课题版本、已查项与未决项。","https://www.law.pku.edu.cn/xwzx/ggtz/zsjx/870508d182464f118ae55b9473a4c4f3.htm"
"law-society-5","law-society","法制史","规范判断与经验材料分别论证","law","法制史：规范有效、材料可用与事实被证明为什么是不同问题？","法制史：新的技术或制度情境怎样接受来源质疑，同时保留解释、责任与救济？","规范版本、案件事实与裁判理由","本方向具体检查：区分效力、事实认定与规范推论。不要把「规范判断与经验材料分别论证」中不同条件直接合并。","事实、程序阶段与规范版本对照页，注明「法制史」的来源、课题版本、已查项与未决项。","https://www.law.pku.edu.cn/xwzx/ggtz/zsjx/870508d182464f118ae55b9473a4c4f3.htm"
"law-society-6","law-society","法哲学","规范判断与经验材料分别论证","law","法哲学：规范有效、材料可用与事实被证明为什么是不同问题？","法哲学：新的技术或制度情境怎样接受来源质疑，同时保留解释、责任与救济？","规范版本、案件事实与裁判理由","本方向具体检查：区分效力、事实认定与规范推论。不要把「规范判断与经验材料分别论证」中不同条件直接合并。","事实、程序阶段与规范版本对照页，注明「法哲学」的来源、课题版本、已查项与未决项。","https://www.law.pku.edu.cn/xwzx/ggtz/zsjx/870508d182464f118ae55b9473a4c4f3.htm"
"law-society-7","law-society","法律解释","规范判断与经验材料分别论证","law","法律解释：规范有效、材料可用与事实被证明为什么是不同问题？","法律解释：新的技术或制度情境怎样接受来源质疑，同时保留解释、责任与救济？","规范版本、案件事实与裁判理由","本方向具体检查：区分效力、事实认定与规范推论。不要把「规范判断与经验材料分别论证」中不同条件直接合并。","事实、程序阶段与规范版本对照页，注明「法律解释」的来源、课题版本、已查项与未决项。","https://www.law.pku.edu.cn/xwzx/ggtz/zsjx/870508d182464f118ae55b9473a4c4f3.htm"
"law-society-8","law-society","法律与技术","规范判断与经验材料分别论证","law","法律与技术：规范有效、材料可用与事实被证明为什么是不同问题？","法律与技术：新的技术或制度情境怎样接受来源质疑，同时保留解释、责任与救济？","规范版本、案件事实与裁判理由","本方向具体检查：区分效力、事实认定与规范推论。不要把「规范判断与经验材料分别论证」中不同条件直接合并。","事实、程序阶段与规范版本对照页，注明「法律与技术」的来源、课题版本、已查项与未决项。","https://www.law.pku.edu.cn/xwzx/ggtz/zsjx/870508d182464f118ae55b9473a4c4f3.htm"
"law-society-9","law-society","纠纷解决","规范判断与经验材料分别论证","evidence-law","纠纷解决：规范有效、材料可用与事实被证明为什么是不同问题？","纠纷解决：算法证据与生成式检索怎样保持出处、解释与质疑空间？","规范版本、案件事实与裁判理由","本方向具体检查：区分效力、事实认定与规范推论。不要把「规范判断与经验材料分别论证」中不同条件直接合并。","规范版本、案件事实与裁判理由的来源与比较条件记录，注明「纠纷解决」的来源、课题版本、已查项与未决项。","https://www.law.pku.edu.cn/xwzx/ggtz/zsjx/870508d182464f118ae55b9473a4c4f3.htm"
"law-society-10","law-society","法律服务","规范判断与经验材料分别论证","governance","法律服务：规范有效、材料可用与事实被证明为什么是不同问题？","法律服务：新的协作或数字治理能否缩小执行差距，并保留申诉和责任接口？","规范版本、案件事实与裁判理由","本方向具体检查：区分效力、事实认定与规范推论。不要把「规范判断与经验材料分别论证」中不同条件直接合并。","纸面目标、执行层次与未受益者记录，注明「法律服务」的来源、课题版本、已查项与未决项。","https://www.law.pku.edu.cn/xwzx/ggtz/zsjx/870508d182464f118ae55b9473a4c4f3.htm"
"law-society-11","law-society","法学文献方法","规范判断与经验材料分别论证","law","法学文献方法：规范有效、材料可用与事实被证明为什么是不同问题？","法学文献方法：新的技术或制度情境怎样接受来源质疑，同时保留解释、责任与救济？","规范版本、案件事实与裁判理由","本方向具体检查：区分效力、事实认定与规范推论。不要把「规范判断与经验材料分别论证」中不同条件直接合并。","事实、程序阶段与规范版本对照页，注明「法学文献方法」的来源、课题版本、已查项与未决项。","https://www.law.pku.edu.cn/xwzx/ggtz/zsjx/870508d182464f118ae55b9473a4c4f3.htm"
"law-society-12","law-society","法律教育","规范判断与经验材料分别论证","law","法律教育：参与更积极，为什么不等于目标知识掌握更好？","法律教育：新的技术或制度情境怎样接受来源质疑，同时保留解释、责任与救济？","课堂目标、活动记录与学习过程材料","本方向具体检查：让任务、教学目标与评价对应，保留班级差异。不要把「规范判断与经验材料分别论证」中不同条件直接合并。","事实、程序阶段与规范版本对照页，注明「法律教育」的来源、课题版本、已查项与未决项。","https://cter.bnu.edu.cn/docs/2024-05/e0d9749ec02e425eb45aa96fefdadc2a.pdf"
"education-theory-1","education-theory","教育哲学","教育目标、历史语境与制度条件","learning","教育哲学：参与更积极，为什么不等于目标知识掌握更好？","教育哲学：新的反馈设计能否改善撤去辅助后的迁移，而不只提高即时答题？","课堂目标、活动记录与学习过程材料","本方向具体检查：让任务、教学目标与评价对应，保留班级差异。不要把「教育目标、历史语境与制度条件」中不同条件直接合并。","目标、任务、辅助条件与延迟表现表，注明「教育哲学」的来源、课题版本、已查项与未决项。","https://cter.bnu.edu.cn/docs/2024-05/e0d9749ec02e425eb45aa96fefdadc2a.pdf"
"education-theory-2","education-theory","教育社会学","教育目标、历史语境与制度条件","learning","教育社会学：参与更积极，为什么不等于目标知识掌握更好？","教育社会学：新的反馈设计能否改善撤去辅助后的迁移，而不只提高即时答题？","课堂目标、活动记录与学习过程材料","本方向具体检查：让任务、教学目标与评价对应，保留班级差异。不要把「教育目标、历史语境与制度条件」中不同条件直接合并。","目标、任务、辅助条件与延迟表现表，注明「教育社会学」的来源、课题版本、已查项与未决项。","https://cter.bnu.edu.cn/docs/2024-05/e0d9749ec02e425eb45aa96fefdadc2a.pdf"
"education-theory-3","education-theory","教育史","教育目标、历史语境与制度条件","learning","教育史：参与更积极，为什么不等于目标知识掌握更好？","教育史：新的反馈设计能否改善撤去辅助后的迁移，而不只提高即时答题？","课堂目标、活动记录与学习过程材料","本方向具体检查：让任务、教学目标与评价对应，保留班级差异。不要把「教育目标、历史语境与制度条件」中不同条件直接合并。","目标、任务、辅助条件与延迟表现表，注明「教育史」的来源、课题版本、已查项与未决项。","https://cter.bnu.edu.cn/docs/2024-05/e0d9749ec02e425eb45aa96fefdadc2a.pdf"
"education-theory-4","education-theory","比较教育","教育目标、历史语境与制度条件","learning","比较教育：参与更积极，为什么不等于目标知识掌握更好？","比较教育：新的反馈设计能否改善撤去辅助后的迁移，而不只提高即时答题？","课堂目标、活动记录与学习过程材料","本方向具体检查：让任务、教学目标与评价对应，保留班级差异。不要把「教育目标、历史语境与制度条件」中不同条件直接合并。","目标、任务、辅助条件与延迟表现表，注明「比较教育」的来源、课题版本、已查项与未决项。","https://cter.bnu.edu.cn/docs/2024-05/e0d9749ec02e425eb45aa96fefdadc2a.pdf"
"education-theory-5","education-theory","教育制度","教育目标、历史语境与制度条件","learning","教育制度：参与更积极，为什么不等于目标知识掌握更好？","教育制度：新的反馈设计能否改善撤去辅助后的迁移，而不只提高即时答题？","课堂目标、活动记录与学习过程材料","本方向具体检查：让任务、教学目标与评价对应，保留班级差异。不要把「教育目标、历史语境与制度条件」中不同条件直接合并。","目标、任务、辅助条件与延迟表现表，注明「教育制度」的来源、课题版本、已查项与未决项。","https://cter.bnu.edu.cn/docs/2024-05/e0d9749ec02e425eb45aa96fefdadc2a.pdf"
"education-theory-6","education-theory","教育公平","教育目标、历史语境与制度条件","subject-inclusion","教育公平：缺席者是自愿不参加还是缺少支持条件？","教育公平：不同支持方式怎样影响参与、负担与学习？","活动参与、支持条件与未参与原因","保留适配需求和进入活动的机会","活动参与、支持条件与未参与原因的比较与解释记录","https://cter.bnu.edu.cn/docs/2024-05/e0d9749ec02e425eb45aa96fefdadc2a.pdf"
"education-theory-7","education-theory","教育伦理","教育目标、历史语境与制度条件","learning","教育伦理：参与更积极，为什么不等于目标知识掌握更好？","教育伦理：新的反馈设计能否改善撤去辅助后的迁移，而不只提高即时答题？","课堂目标、活动记录与学习过程材料","本方向具体检查：让任务、教学目标与评价对应，保留班级差异。不要把「教育目标、历史语境与制度条件」中不同条件直接合并。","目标、任务、辅助条件与延迟表现表，注明「教育伦理」的来源、课题版本、已查项与未决项。","https://cter.bnu.edu.cn/docs/2024-05/e0d9749ec02e425eb45aa96fefdadc2a.pdf"
"education-theory-8","education-theory","家庭教育","教育目标、历史语境与制度条件","learning","家庭教育：参与更积极，为什么不等于目标知识掌握更好？","家庭教育：新的反馈设计能否改善撤去辅助后的迁移，而不只提高即时答题？","课堂目标、活动记录与学习过程材料","本方向具体检查：让任务、教学目标与评价对应，保留班级差异。不要把「教育目标、历史语境与制度条件」中不同条件直接合并。","目标、任务、辅助条件与延迟表现表，注明「家庭教育」的来源、课题版本、已查项与未决项。","https://cter.bnu.edu.cn/docs/2024-05/e0d9749ec02e425eb45aa96fefdadc2a.pdf"
"education-theory-9","education-theory","学校文化","教育目标、历史语境与制度条件","evidence-education","学校文化：参与更积极，为什么不等于目标知识掌握更好？","学校文化：智能助教怎样支持撤去辅助后的独立学习与延迟迁移？","课堂目标、活动记录与学习过程材料","本方向具体检查：让任务、教学目标与评价对应，保留班级差异。不要把「教育目标、历史语境与制度条件」中不同条件直接合并。","课堂目标、活动记录与学习过程材料的来源与比较条件记录，注明「学校文化」的来源、课题版本、已查项与未决项。","https://cter.bnu.edu.cn/docs/2024-05/e0d9749ec02e425eb45aa96fefdadc2a.pdf"
"education-theory-10","education-theory","教育思想史","教育目标、历史语境与制度条件","learning","教育思想史：参与更积极，为什么不等于目标知识掌握更好？","教育思想史：新的反馈设计能否改善撤去辅助后的迁移，而不只提高即时答题？","课堂目标、活动记录与学习过程材料","本方向具体检查：让任务、教学目标与评价对应，保留班级差异。不要把「教育目标、历史语境与制度条件」中不同条件直接合并。","目标、任务、辅助条件与延迟表现表，注明「教育思想史」的来源、课题版本、已查项与未决项。","https://cter.bnu.edu.cn/docs/2024-05/e0d9749ec02e425eb45aa96fefdadc2a.pdf"
"education-theory-11","education-theory","教育政策史","教育目标、历史语境与制度条件","learning","教育政策史：参与更积极，为什么不等于目标知识掌握更好？","教育政策史：新的反馈设计能否改善撤去辅助后的迁移，而不只提高即时答题？","课堂目标、活动记录与学习过程材料","本方向具体检查：让任务、教学目标与评价对应，保留班级差异。不要把「教育目标、历史语境与制度条件」中不同条件直接合并。","目标、任务、辅助条件与延迟表现表，注明「教育政策史」的来源、课题版本、已查项与未决项。","https://cter.bnu.edu.cn/docs/2024-05/e0d9749ec02e425eb45aa96fefdadc2a.pdf"
"education-theory-12","education-theory","教育知识论","教育目标、历史语境与制度条件","learning","教育知识论：参与更积极，为什么不等于目标知识掌握更好？","教育知识论：新的反馈设计能否改善撤去辅助后的迁移，而不只提高即时答题？","课堂目标、活动记录与学习过程材料","本方向具体检查：让任务、教学目标与评价对应，保留班级差异。不要把「教育目标、历史语境与制度条件」中不同条件直接合并。","目标、任务、辅助条件与延迟表现表，注明「教育知识论」的来源、课题版本、已查项与未决项。","https://cter.bnu.edu.cn/docs/2024-05/e0d9749ec02e425eb45aa96fefdadc2a.pdf"
"curriculum-studies-1","curriculum-studies","课程理论","教学目标与实际课堂证据","subject-learning","课程理论：把辅助工具拿走以后，这道新题还能完成吗？","课程理论：自适应反馈怎样支持延迟保持而非只提高当场成绩？","学习目标、撤去辅助后的作业与延迟测试","区分辅助完成、独立掌握与迁移","学习目标、撤去辅助后的作业与延迟测试的比较与解释记录","https://cter.bnu.edu.cn/docs/2024-05/e0d9749ec02e425eb45aa96fefdadc2a.pdf"
"curriculum-studies-2","curriculum-studies","教学设计","教学目标与实际课堂证据","subject-learning","教学设计：把辅助工具拿走以后，这道新题还能完成吗？","教学设计：自适应反馈怎样支持延迟保持而非只提高当场成绩？","学习目标、撤去辅助后的作业与延迟测试","区分辅助完成、独立掌握与迁移","学习目标、撤去辅助后的作业与延迟测试的比较与解释记录","https://cter.bnu.edu.cn/docs/2024-05/e0d9749ec02e425eb45aa96fefdadc2a.pdf"
"curriculum-studies-3","curriculum-studies","课堂研究","教学目标与实际课堂证据","evidence-education","课堂研究：一个教学目标怎样转成能检验掌握的任务？","课堂研究：智能助教的提示设计能否改善延迟迁移而非只提高即时答题？","学习目标、任务作品与课堂实施记录","本方向具体检查：对齐学习目标和评价任务，区分实施变化与工具作用。不要把「教学目标与实际课堂证据」中不同条件直接合并。","学习目标、任务作品与课堂实施记录的来源与比较条件记录，注明「课堂研究」的来源、课题版本、已查项与未决项。","https://cter.bnu.edu.cn/docs/2024-05/e0d9749ec02e425eb45aa96fefdadc2a.pdf"
"curriculum-studies-4","curriculum-studies","学科教学","教学目标与实际课堂证据","subject-learning","学科教学：把辅助工具拿走以后，这道新题还能完成吗？","学科教学：自适应反馈怎样支持延迟保持而非只提高当场成绩？","学习目标、撤去辅助后的作业与延迟测试","区分辅助完成、独立掌握与迁移","学习目标、撤去辅助后的作业与延迟测试的比较与解释记录","https://cter.bnu.edu.cn/docs/2024-05/e0d9749ec02e425eb45aa96fefdadc2a.pdf"
"curriculum-studies-5","curriculum-studies","教材分析","教学目标与实际课堂证据","evidence-education","教材分析：参与更积极，为什么不等于目标知识掌握更好？","教材分析：智能助教怎样支持撤去辅助后的独立学习与延迟迁移？","课堂目标、活动记录与学习过程材料","本方向具体检查：让任务、教学目标与评价对应，保留班级差异。不要把「教学目标与实际课堂证据」中不同条件直接合并。","课堂目标、活动记录与学习过程材料的来源与比较条件记录，注明「教材分析」的来源、课题版本、已查项与未决项。","https://cter.bnu.edu.cn/docs/2024-05/e0d9749ec02e425eb45aa96fefdadc2a.pdf"
"curriculum-studies-6","curriculum-studies","教师反馈","教学目标与实际课堂证据","evidence-education","教师反馈：参与更积极，为什么不等于目标知识掌握更好？","教师反馈：智能助教怎样支持撤去辅助后的独立学习与延迟迁移？","课堂目标、活动记录与学习过程材料","本方向具体检查：让任务、教学目标与评价对应，保留班级差异。不要把「教学目标与实际课堂证据」中不同条件直接合并。","课堂目标、活动记录与学习过程材料的来源与比较条件记录，注明「教师反馈」的来源、课题版本、已查项与未决项。","https://cter.bnu.edu.cn/docs/2024-05/e0d9749ec02e425eb45aa96fefdadc2a.pdf"
"curriculum-studies-7","curriculum-studies","学习评价","教学目标与实际课堂证据","subject-learning","学习评价：把辅助工具拿走以后，这道新题还能完成吗？","学习评价：自适应反馈怎样支持延迟保持而非只提高当场成绩？","学习目标、撤去辅助后的作业与延迟测试","区分辅助完成、独立掌握与迁移","学习目标、撤去辅助后的作业与延迟测试的比较与解释记录","https://cter.bnu.edu.cn/docs/2024-05/e0d9749ec02e425eb45aa96fefdadc2a.pdf"
"curriculum-studies-8","curriculum-studies","项目学习","教学目标与实际课堂证据","subject-learning","项目学习：把辅助工具拿走以后，这道新题还能完成吗？","项目学习：自适应反馈怎样支持延迟保持而非只提高当场成绩？","学习目标、撤去辅助后的作业与延迟测试","区分辅助完成、独立掌握与迁移","学习目标、撤去辅助后的作业与延迟测试的比较与解释记录","https://cter.bnu.edu.cn/docs/2024-05/e0d9749ec02e425eb45aa96fefdadc2a.pdf"
"curriculum-studies-9","curriculum-studies","探究教学","教学目标与实际课堂证据","subject-learning","探究教学：把辅助工具拿走以后，这道新题还能完成吗？","探究教学：自适应反馈怎样支持延迟保持而非只提高当场成绩？","学习目标、撤去辅助后的作业与延迟测试","区分辅助完成、独立掌握与迁移","学习目标、撤去辅助后的作业与延迟测试的比较与解释记录","https://cter.bnu.edu.cn/docs/2024-05/e0d9749ec02e425eb45aa96fefdadc2a.pdf"
"curriculum-studies-10","curriculum-studies","跨学科课程","教学目标与实际课堂证据","subject-learning","跨学科课程：把辅助工具拿走以后，这道新题还能完成吗？","跨学科课程：自适应反馈怎样支持延迟保持而非只提高当场成绩？","学习目标、撤去辅助后的作业与延迟测试","区分辅助完成、独立掌握与迁移","学习目标、撤去辅助后的作业与延迟测试的比较与解释记录","https://cter.bnu.edu.cn/docs/2024-05/e0d9749ec02e425eb45aa96fefdadc2a.pdf"
"curriculum-studies-11","curriculum-studies","课程实施","教学目标与实际课堂证据","subject-learning","课程实施：把辅助工具拿走以后，这道新题还能完成吗？","课程实施：自适应反馈怎样支持延迟保持而非只提高当场成绩？","学习目标、撤去辅助后的作业与延迟测试","区分辅助完成、独立掌握与迁移","学习目标、撤去辅助后的作业与延迟测试的比较与解释记录","https://cter.bnu.edu.cn/docs/2024-05/e0d9749ec02e425eb45aa96fefdadc2a.pdf"
"curriculum-studies-12","curriculum-studies","教学反思","教学目标与实际课堂证据","subject-learning","教学反思：把辅助工具拿走以后，这道新题还能完成吗？","教学反思：自适应反馈怎样支持延迟保持而非只提高当场成绩？","学习目标、撤去辅助后的作业与延迟测试","区分辅助完成、独立掌握与迁移","学习目标、撤去辅助后的作业与延迟测试的比较与解释记录","https://cter.bnu.edu.cn/docs/2024-05/e0d9749ec02e425eb45aa96fefdadc2a.pdf"
"early-education-1","early-education","儿童发展","儿童经验、任务条件与支持需要","development","儿童发展：参与更积极，为什么不等于目标知识掌握更好？","儿童发展：连续观察能否区分个体变化、年龄差异与资料进入方式？","课堂目标、活动记录与学习过程材料","本方向具体检查：让任务、教学目标与评价对应，保留班级差异。不要把「儿童经验、任务条件与支持需要」中不同条件直接合并。","阶段、生活条件与指标含义说明，注明「儿童发展」的来源、课题版本、已查项与未决项。","https://cter.bnu.edu.cn/docs/2024-05/e0d9749ec02e425eb45aa96fefdadc2a.pdf"
"early-education-2","early-education","游戏与学习","儿童经验、任务条件与支持需要","learning","游戏与学习：参与更积极，为什么不等于目标知识掌握更好？","游戏与学习：新的反馈设计能否改善撤去辅助后的迁移，而不只提高即时答题？","课堂目标、活动记录与学习过程材料","本方向具体检查：让任务、教学目标与评价对应，保留班级差异。不要把「儿童经验、任务条件与支持需要」中不同条件直接合并。","目标、任务、辅助条件与延迟表现表，注明「游戏与学习」的来源、课题版本、已查项与未决项。","https://cter.bnu.edu.cn/docs/2024-05/e0d9749ec02e425eb45aa96fefdadc2a.pdf"
"early-education-3","early-education","幼儿园课程","儿童经验、任务条件与支持需要","learning","幼儿园课程：一个教学目标怎样转成能检验掌握的任务？","幼儿园课程：智能助教的提示设计能否改善延迟迁移而非只提高即时答题？","学习目标、任务作品与课堂实施记录","本方向具体检查：对齐学习目标和评价任务，区分实施变化与工具作用。不要把「儿童经验、任务条件与支持需要」中不同条件直接合并。","目标、任务、辅助条件与延迟表现表，注明「幼儿园课程」的来源、课题版本、已查项与未决项。","https://cter.bnu.edu.cn/docs/2024-05/e0d9749ec02e425eb45aa96fefdadc2a.pdf"
"early-education-4","early-education","家庭协作","儿童经验、任务条件与支持需要","evidence-education","家庭协作：参与更积极，为什么不等于目标知识掌握更好？","家庭协作：智能助教怎样支持撤去辅助后的独立学习与延迟迁移？","课堂目标、活动记录与学习过程材料","本方向具体检查：让任务、教学目标与评价对应，保留班级差异。不要把「儿童经验、任务条件与支持需要」中不同条件直接合并。","课堂目标、活动记录与学习过程材料的来源与比较条件记录，注明「家庭协作」的来源、课题版本、已查项与未决项。","https://cter.bnu.edu.cn/docs/2024-05/e0d9749ec02e425eb45aa96fefdadc2a.pdf"
"early-education-5","early-education","融合教育","儿童经验、任务条件与支持需要","subject-inclusion","融合教育：缺席者是自愿不参加还是缺少支持条件？","融合教育：不同支持方式怎样影响参与、负担与学习？","活动参与、支持条件与未参与原因","保留适配需求和进入活动的机会","活动参与、支持条件与未参与原因的比较与解释记录","https://cter.bnu.edu.cn/docs/2024-05/e0d9749ec02e425eb45aa96fefdadc2a.pdf"
"early-education-6","early-education","特殊教育评价","儿童经验、任务条件与支持需要","subject-inclusion","特殊教育评价：缺席者是自愿不参加还是缺少支持条件？","特殊教育评价：不同支持方式怎样影响参与、负担与学习？","活动参与、支持条件与未参与原因","保留适配需求和进入活动的机会","活动参与、支持条件与未参与原因的比较与解释记录","https://cter.bnu.edu.cn/docs/2024-05/e0d9749ec02e425eb45aa96fefdadc2a.pdf"
"early-education-7","early-education","语言发展教育","儿童经验、任务条件与支持需要","learning","语言发展教育：参与更积极，为什么不等于目标知识掌握更好？","语言发展教育：新的反馈设计能否改善撤去辅助后的迁移，而不只提高即时答题？","课堂目标、活动记录与学习过程材料","本方向具体检查：让任务、教学目标与评价对应，保留班级差异。不要把「儿童经验、任务条件与支持需要」中不同条件直接合并。","目标、任务、辅助条件与延迟表现表，注明「语言发展教育」的来源、课题版本、已查项与未决项。","https://cter.bnu.edu.cn/docs/2024-05/e0d9749ec02e425eb45aa96fefdadc2a.pdf"
"early-education-8","early-education","感知与运动支持","儿童经验、任务条件与支持需要","evidence-sport","感知与运动支持：训练负荷、即时表现与长期适应怎样区分？","感知与运动支持：可穿戴资料怎样帮助理解个体负荷与恢复的波动？","训练负荷、测试环境与恢复记录","本方向具体检查：对照负荷与恢复时间，区分熟悉任务与真实进步。不要把「儿童经验、任务条件与支持需要」中不同条件直接合并。","训练负荷、测试环境与恢复记录的来源与比较条件记录，注明「感知与运动支持」的来源、课题版本、已查项与未决项。","https://cter.bnu.edu.cn/docs/2024-05/e0d9749ec02e425eb45aa96fefdadc2a.pdf"
"early-education-9","early-education","支持技术","儿童经验、任务条件与支持需要","evidence-education","支持技术：参与更积极，为什么不等于目标知识掌握更好？","支持技术：智能助教怎样支持撤去辅助后的独立学习与延迟迁移？","课堂目标、活动记录与学习过程材料","本方向具体检查：让任务、教学目标与评价对应，保留班级差异。不要把「儿童经验、任务条件与支持需要」中不同条件直接合并。","课堂目标、活动记录与学习过程材料的来源与比较条件记录，注明「支持技术」的来源、课题版本、已查项与未决项。","https://cter.bnu.edu.cn/docs/2024-05/e0d9749ec02e425eb45aa96fefdadc2a.pdf"
"early-education-10","early-education","教育参与","儿童经验、任务条件与支持需要","learning","教育参与：参与更积极，为什么不等于目标知识掌握更好？","教育参与：新的反馈设计能否改善撤去辅助后的迁移，而不只提高即时答题？","课堂目标、活动记录与学习过程材料","本方向具体检查：让任务、教学目标与评价对应，保留班级差异。不要把「儿童经验、任务条件与支持需要」中不同条件直接合并。","目标、任务、辅助条件与延迟表现表，注明「教育参与」的来源、课题版本、已查项与未决项。","https://cter.bnu.edu.cn/docs/2024-05/e0d9749ec02e425eb45aa96fefdadc2a.pdf"
"early-education-11","early-education","早期教育环境","儿童经验、任务条件与支持需要","learning","早期教育环境：参与更积极，为什么不等于目标知识掌握更好？","早期教育环境：新的反馈设计能否改善撤去辅助后的迁移，而不只提高即时答题？","课堂目标、活动记录与学习过程材料","本方向具体检查：让任务、教学目标与评价对应，保留班级差异。不要把「儿童经验、任务条件与支持需要」中不同条件直接合并。","目标、任务、辅助条件与延迟表现表，注明「早期教育环境」的来源、课题版本、已查项与未决项。","https://cter.bnu.edu.cn/docs/2024-05/e0d9749ec02e425eb45aa96fefdadc2a.pdf"
"early-education-12","early-education","教育服务","儿童经验、任务条件与支持需要","learning","教育服务：参与更积极，为什么不等于目标知识掌握更好？","教育服务：新的反馈设计能否改善撤去辅助后的迁移，而不只提高即时答题？","课堂目标、活动记录与学习过程材料","本方向具体检查：让任务、教学目标与评价对应，保留班级差异。不要把「儿童经验、任务条件与支持需要」中不同条件直接合并。","目标、任务、辅助条件与延迟表现表，注明「教育服务」的来源、课题版本、已查项与未决项。","https://cter.bnu.edu.cn/docs/2024-05/e0d9749ec02e425eb45aa96fefdadc2a.pdf"
"higher-education-1","higher-education","大学治理","机构制度与学生经历的层次","evidence-education","大学治理：参与更积极，为什么不等于目标知识掌握更好？","大学治理：智能助教怎样支持撤去辅助后的独立学习与延迟迁移？","课堂目标、活动记录与学习过程材料","本方向具体检查：让任务、教学目标与评价对应，保留班级差异。不要把「机构制度与学生经历的层次」中不同条件直接合并。","课堂目标、活动记录与学习过程材料的来源与比较条件记录，注明「大学治理」的来源、课题版本、已查项与未决项。","https://cter.bnu.edu.cn/docs/2024-05/e0d9749ec02e425eb45aa96fefdadc2a.pdf"
"higher-education-2","higher-education","研究生教育","机构制度与学生经历的层次","learning","研究生教育：参与更积极，为什么不等于目标知识掌握更好？","研究生教育：新的反馈设计能否改善撤去辅助后的迁移，而不只提高即时答题？","课堂目标、活动记录与学习过程材料","本方向具体检查：让任务、教学目标与评价对应，保留班级差异。不要把「机构制度与学生经历的层次」中不同条件直接合并。","目标、任务、辅助条件与延迟表现表，注明「研究生教育」的来源、课题版本、已查项与未决项。","https://cter.bnu.edu.cn/docs/2024-05/e0d9749ec02e425eb45aa96fefdadc2a.pdf"
"higher-education-3","higher-education","高等教育评价","机构制度与学生经历的层次","subject-learning","高等教育评价：把辅助工具拿走以后，这道新题还能完成吗？","高等教育评价：自适应反馈怎样支持延迟保持而非只提高当场成绩？","学习目标、撤去辅助后的作业与延迟测试","区分辅助完成、独立掌握与迁移","学习目标、撤去辅助后的作业与延迟测试的比较与解释记录","https://cter.bnu.edu.cn/docs/2024-05/e0d9749ec02e425eb45aa96fefdadc2a.pdf"
"higher-education-4","higher-education","职业教育","机构制度与学生经历的层次","learning","职业教育：参与更积极，为什么不等于目标知识掌握更好？","职业教育：新的反馈设计能否改善撤去辅助后的迁移，而不只提高即时答题？","课堂目标、活动记录与学习过程材料","本方向具体检查：让任务、教学目标与评价对应，保留班级差异。不要把「机构制度与学生经历的层次」中不同条件直接合并。","目标、任务、辅助条件与延迟表现表，注明「职业教育」的来源、课题版本、已查项与未决项。","https://cter.bnu.edu.cn/docs/2024-05/e0d9749ec02e425eb45aa96fefdadc2a.pdf"
"higher-education-5","higher-education","专业与课程","机构制度与学生经历的层次","subject-learning","专业与课程：把辅助工具拿走以后，这道新题还能完成吗？","专业与课程：自适应反馈怎样支持延迟保持而非只提高当场成绩？","学习目标、撤去辅助后的作业与延迟测试","区分辅助完成、独立掌握与迁移","学习目标、撤去辅助后的作业与延迟测试的比较与解释记录","https://cter.bnu.edu.cn/docs/2024-05/e0d9749ec02e425eb45aa96fefdadc2a.pdf"
"higher-education-6","higher-education","大学生发展","机构制度与学生经历的层次","evidence-education","大学生发展：参与更积极，为什么不等于目标知识掌握更好？","大学生发展：智能助教怎样支持撤去辅助后的独立学习与延迟迁移？","课堂目标、活动记录与学习过程材料","本方向具体检查：让任务、教学目标与评价对应，保留班级差异。不要把「机构制度与学生经历的层次」中不同条件直接合并。","课堂目标、活动记录与学习过程材料的来源与比较条件记录，注明「大学生发展」的来源、课题版本、已查项与未决项。","https://cter.bnu.edu.cn/docs/2024-05/e0d9749ec02e425eb45aa96fefdadc2a.pdf"
"higher-education-7","higher-education","学术职业","机构制度与学生经历的层次","evidence-education","学术职业：参与更积极，为什么不等于目标知识掌握更好？","学术职业：智能助教怎样支持撤去辅助后的独立学习与延迟迁移？","课堂目标、活动记录与学习过程材料","本方向具体检查：让任务、教学目标与评价对应，保留班级差异。不要把「机构制度与学生经历的层次」中不同条件直接合并。","课堂目标、活动记录与学习过程材料的来源与比较条件记录，注明「学术职业」的来源、课题版本、已查项与未决项。","https://cter.bnu.edu.cn/docs/2024-05/e0d9749ec02e425eb45aa96fefdadc2a.pdf"
"higher-education-8","higher-education","产教合作","机构制度与学生经历的层次","evidence-education","产教合作：参与更积极，为什么不等于目标知识掌握更好？","产教合作：智能助教怎样支持撤去辅助后的独立学习与延迟迁移？","课堂目标、活动记录与学习过程材料","本方向具体检查：让任务、教学目标与评价对应，保留班级差异。不要把「机构制度与学生经历的层次」中不同条件直接合并。","课堂目标、活动记录与学习过程材料的来源与比较条件记录，注明「产教合作」的来源、课题版本、已查项与未决项。","https://cter.bnu.edu.cn/docs/2024-05/e0d9749ec02e425eb45aa96fefdadc2a.pdf"
"higher-education-9","higher-education","继续教育","机构制度与学生经历的层次","learning","继续教育：参与更积极，为什么不等于目标知识掌握更好？","继续教育：新的反馈设计能否改善撤去辅助后的迁移，而不只提高即时答题？","课堂目标、活动记录与学习过程材料","本方向具体检查：让任务、教学目标与评价对应，保留班级差异。不要把「机构制度与学生经历的层次」中不同条件直接合并。","目标、任务、辅助条件与延迟表现表，注明「继续教育」的来源、课题版本、已查项与未决项。","https://cter.bnu.edu.cn/docs/2024-05/e0d9749ec02e425eb45aa96fefdadc2a.pdf"
"higher-education-10","higher-education","教育与就业","机构制度与学生经历的层次","learning","教育与就业：参与更积极，为什么不等于目标知识掌握更好？","教育与就业：新的反馈设计能否改善撤去辅助后的迁移，而不只提高即时答题？","课堂目标、活动记录与学习过程材料","本方向具体检查：让任务、教学目标与评价对应，保留班级差异。不要把「机构制度与学生经历的层次」中不同条件直接合并。","目标、任务、辅助条件与延迟表现表，注明「教育与就业」的来源、课题版本、已查项与未决项。","https://cter.bnu.edu.cn/docs/2024-05/e0d9749ec02e425eb45aa96fefdadc2a.pdf"
"higher-education-11","higher-education","国际教育","机构制度与学生经历的层次","learning","国际教育：参与更积极，为什么不等于目标知识掌握更好？","国际教育：新的反馈设计能否改善撤去辅助后的迁移，而不只提高即时答题？","课堂目标、活动记录与学习过程材料","本方向具体检查：让任务、教学目标与评价对应，保留班级差异。不要把「机构制度与学生经历的层次」中不同条件直接合并。","目标、任务、辅助条件与延迟表现表，注明「国际教育」的来源、课题版本、已查项与未决项。","https://cter.bnu.edu.cn/docs/2024-05/e0d9749ec02e425eb45aa96fefdadc2a.pdf"
"higher-education-12","higher-education","校园支持","机构制度与学生经历的层次","evidence-education","校园支持：参与更积极，为什么不等于目标知识掌握更好？","校园支持：智能助教怎样支持撤去辅助后的独立学习与延迟迁移？","课堂目标、活动记录与学习过程材料","本方向具体检查：让任务、教学目标与评价对应，保留班级差异。不要把「机构制度与学生经历的层次」中不同条件直接合并。","课堂目标、活动记录与学习过程材料的来源与比较条件记录，注明「校园支持」的来源、课题版本、已查项与未决项。","https://cter.bnu.edu.cn/docs/2024-05/e0d9749ec02e425eb45aa96fefdadc2a.pdf"
"education-technology-1","education-technology","学习分析","工具版本、学习任务与效果边界","subject-learning","学习分析：把辅助工具拿走以后，这道新题还能完成吗？","学习分析：自适应反馈怎样支持延迟保持而非只提高当场成绩？","学习目标、撤去辅助后的作业与延迟测试","区分辅助完成、独立掌握与迁移","学习目标、撤去辅助后的作业与延迟测试的比较与解释记录","https://cter.bnu.edu.cn/docs/2024-05/e0d9749ec02e425eb45aa96fefdadc2a.pdf"
"education-technology-2","education-technology","数字学习环境","工具版本、学习任务与效果边界","subject-learning","数字学习环境：把辅助工具拿走以后，这道新题还能完成吗？","数字学习环境：自适应反馈怎样支持延迟保持而非只提高当场成绩？","学习目标、撤去辅助后的作业与延迟测试","区分辅助完成、独立掌握与迁移","学习目标、撤去辅助后的作业与延迟测试的比较与解释记录","https://cter.bnu.edu.cn/docs/2024-05/e0d9749ec02e425eb45aa96fefdadc2a.pdf"
"education-technology-3","education-technology","在线协作","工具版本、学习任务与效果边界","evidence-education","在线协作：参与更积极，为什么不等于目标知识掌握更好？","在线协作：智能助教怎样支持撤去辅助后的独立学习与延迟迁移？","课堂目标、活动记录与学习过程材料","本方向具体检查：让任务、教学目标与评价对应，保留班级差异。不要把「工具版本、学习任务与效果边界」中不同条件直接合并。","课堂目标、活动记录与学习过程材料的来源与比较条件记录，注明「在线协作」的来源、课题版本、已查项与未决项。","https://cter.bnu.edu.cn/docs/2024-05/e0d9749ec02e425eb45aa96fefdadc2a.pdf"
"education-technology-4","education-technology","教学媒体","工具版本、学习任务与效果边界","subject-learning","教学媒体：把辅助工具拿走以后，这道新题还能完成吗？","教学媒体：自适应反馈怎样支持延迟保持而非只提高当场成绩？","学习目标、撤去辅助后的作业与延迟测试","区分辅助完成、独立掌握与迁移","学习目标、撤去辅助后的作业与延迟测试的比较与解释记录","https://cter.bnu.edu.cn/docs/2024-05/e0d9749ec02e425eb45aa96fefdadc2a.pdf"
"education-technology-5","education-technology","教育游戏","工具版本、学习任务与效果边界","learning","教育游戏：参与更积极，为什么不等于目标知识掌握更好？","教育游戏：新的反馈设计能否改善撤去辅助后的迁移，而不只提高即时答题？","课堂目标、活动记录与学习过程材料","本方向具体检查：让任务、教学目标与评价对应，保留班级差异。不要把「工具版本、学习任务与效果边界」中不同条件直接合并。","目标、任务、辅助条件与延迟表现表，注明「教育游戏」的来源、课题版本、已查项与未决项。","https://cter.bnu.edu.cn/docs/2024-05/e0d9749ec02e425eb45aa96fefdadc2a.pdf"
"education-technology-6","education-technology","智能辅导评价","工具版本、学习任务与效果边界","subject-learning","智能辅导评价：把辅助工具拿走以后，这道新题还能完成吗？","智能辅导评价：自适应反馈怎样支持延迟保持而非只提高当场成绩？","学习目标、撤去辅助后的作业与延迟测试","区分辅助完成、独立掌握与迁移","学习目标、撤去辅助后的作业与延迟测试的比较与解释记录","https://cter.bnu.edu.cn/docs/2024-05/e0d9749ec02e425eb45aa96fefdadc2a.pdf"
"education-technology-7","education-technology","资源设计","工具版本、学习任务与效果边界","evidence-education","资源设计：参与更积极，为什么不等于目标知识掌握更好？","资源设计：智能助教怎样支持撤去辅助后的独立学习与延迟迁移？","课堂目标、活动记录与学习过程材料","本方向具体检查：让任务、教学目标与评价对应，保留班级差异。不要把「工具版本、学习任务与效果边界」中不同条件直接合并。","课堂目标、活动记录与学习过程材料的来源与比较条件记录，注明「资源设计」的来源、课题版本、已查项与未决项。","https://cter.bnu.edu.cn/docs/2024-05/e0d9749ec02e425eb45aa96fefdadc2a.pdf"
"education-technology-8","education-technology","教师数字实践","工具版本、学习任务与效果边界","evidence-education","教师数字实践：参与更积极，为什么不等于目标知识掌握更好？","教师数字实践：智能助教怎样支持撤去辅助后的独立学习与延迟迁移？","课堂目标、活动记录与学习过程材料","本方向具体检查：让任务、教学目标与评价对应，保留班级差异。不要把「工具版本、学习任务与效果边界」中不同条件直接合并。","课堂目标、活动记录与学习过程材料的来源与比较条件记录，注明「教师数字实践」的来源、课题版本、已查项与未决项。","https://cter.bnu.edu.cn/docs/2024-05/e0d9749ec02e425eb45aa96fefdadc2a.pdf"
"education-technology-9","education-technology","学习可及性","工具版本、学习任务与效果边界","subject-learning","学习可及性：把辅助工具拿走以后，这道新题还能完成吗？","学习可及性：自适应反馈怎样支持延迟保持而非只提高当场成绩？","学习目标、撤去辅助后的作业与延迟测试","区分辅助完成、独立掌握与迁移","学习目标、撤去辅助后的作业与延迟测试的比较与解释记录","https://cter.bnu.edu.cn/docs/2024-05/e0d9749ec02e425eb45aa96fefdadc2a.pdf"
"education-technology-10","education-technology","教育技术伦理","工具版本、学习任务与效果边界","learning","教育技术伦理：参与更积极，为什么不等于目标知识掌握更好？","教育技术伦理：新的反馈设计能否改善撤去辅助后的迁移，而不只提高即时答题？","课堂目标、活动记录与学习过程材料","本方向具体检查：让任务、教学目标与评价对应，保留班级差异。不要把「工具版本、学习任务与效果边界」中不同条件直接合并。","目标、任务、辅助条件与延迟表现表，注明「教育技术伦理」的来源、课题版本、已查项与未决项。","https://cter.bnu.edu.cn/docs/2024-05/e0d9749ec02e425eb45aa96fefdadc2a.pdf"
"education-technology-11","education-technology","沉浸学习","工具版本、学习任务与效果边界","subject-learning","沉浸学习：把辅助工具拿走以后，这道新题还能完成吗？","沉浸学习：自适应反馈怎样支持延迟保持而非只提高当场成绩？","学习目标、撤去辅助后的作业与延迟测试","区分辅助完成、独立掌握与迁移","学习目标、撤去辅助后的作业与延迟测试的比较与解释记录","https://cter.bnu.edu.cn/docs/2024-05/e0d9749ec02e425eb45aa96fefdadc2a.pdf"
"education-technology-12","education-technology","技术整合","工具版本、学习任务与效果边界","evidence-education","技术整合：参与更积极，为什么不等于目标知识掌握更好？","技术整合：智能助教怎样支持撤去辅助后的独立学习与延迟迁移？","课堂目标、活动记录与学习过程材料","本方向具体检查：让任务、教学目标与评价对应，保留班级差异。不要把「工具版本、学习任务与效果边界」中不同条件直接合并。","课堂目标、活动记录与学习过程材料的来源与比较条件记录，注明「技术整合」的来源、课题版本、已查项与未决项。","https://cter.bnu.edu.cn/docs/2024-05/e0d9749ec02e425eb45aa96fefdadc2a.pdf"
"chinese-language-1","chinese-language","古代文学","作品版本、语言材料与解释语境","subject-narrative","古代文学：是谁说了这句话，文本是否让它受到反讽？","古代文学：计算识别的叙述模式怎样接受细读中的反例？","叙述者段落、视角切换与作品版本","区分人物发言、叙述者评价与作者立场","叙述者段落、视角切换与作品版本的比较与解释记录","https://chinese.pku.edu.cn/yxgk/bxjj/index.htm"
"chinese-language-2","chinese-language","现代文学","作品版本、语言材料与解释语境","subject-narrative","现代文学：是谁说了这句话，文本是否让它受到反讽？","现代文学：计算识别的叙述模式怎样接受细读中的反例？","叙述者段落、视角切换与作品版本","区分人物发言、叙述者评价与作者立场","叙述者段落、视角切换与作品版本的比较与解释记录","https://chinese.pku.edu.cn/yxgk/bxjj/index.htm"
"chinese-language-3","chinese-language","当代文学","作品版本、语言材料与解释语境","subject-narrative","当代文学：是谁说了这句话，文本是否让它受到反讽？","当代文学：计算识别的叙述模式怎样接受细读中的反例？","叙述者段落、视角切换与作品版本","区分人物发言、叙述者评价与作者立场","叙述者段落、视角切换与作品版本的比较与解释记录","https://chinese.pku.edu.cn/yxgk/bxjj/index.htm"
"chinese-language-4","chinese-language","文艺理论","作品版本、语言材料与解释语境","evidence-literature","文艺理论：文本中的叙述声音与作者立场怎样区分？","文艺理论：大规模语料比较怎样辅助文学解释而不抹平作品差异？","作品版本、发表语境与引文出处","本方向具体检查：对照版本差异，区分人物话语与作者判断。不要把「作品版本、语言材料与解释语境」中不同条件直接合并。","作品版本、发表语境与引文出处的来源与比较条件记录，注明「文艺理论」的来源、课题版本、已查项与未决项。","https://chinese.pku.edu.cn/yxgk/bxjj/index.htm"
"chinese-language-5","chinese-language","汉语语法","作品版本、语言材料与解释语境","subject-syntax","汉语语法：补足语境以后，这个句子的判断会改变吗？","汉语语法：大规模语料中的低频结构怎样检验句法假设？","最小对立句、判断任务与说话人分布","分开结构限制、加工负担与语境适切性","最小对立句、判断任务与说话人分布的比较与解释记录","https://chinese.pku.edu.cn/yxgk/bxjj/index.htm"
"chinese-language-6","chinese-language","汉语词汇","作品版本、语言材料与解释语境","evidence-language","汉语词汇：语言结构与实际使用怎样共同解释一种表达？","汉语词汇：多语言模型怎样保留低资源语言的变体与语用差异？","语料出处、体裁、语境与标注记录","本方向具体检查：保留语境与标注分歧，再比较表达功能。不要把「作品版本、语言材料与解释语境」中不同条件直接合并。","语料出处、体裁、语境与标注记录的来源与比较条件记录，注明「汉语词汇」的来源、课题版本、已查项与未决项。","https://chinese.pku.edu.cn/yxgk/bxjj/index.htm"
"chinese-language-7","chinese-language","汉语方言","作品版本、语言材料与解释语境","evidence-language","汉语方言：语言结构与实际使用怎样共同解释一种表达？","汉语方言：多语言模型怎样保留低资源语言的变体与语用差异？","语料出处、体裁、语境与标注记录","本方向具体检查：保留语境与标注分歧，再比较表达功能。不要把「作品版本、语言材料与解释语境」中不同条件直接合并。","语料出处、体裁、语境与标注记录的来源与比较条件记录，注明「汉语方言」的来源、课题版本、已查项与未决项。","https://chinese.pku.edu.cn/yxgk/bxjj/index.htm"
"chinese-language-8","chinese-language","古典文献","作品版本、语言材料与解释语境","text","古典文献：语言结构与实际使用怎样共同解释一种表达？","古典文献：数字整理或跨材料比较能否保留版本差异、出处与互相矛盾的解释？","语料出处、体裁、语境与标注记录","本方向具体检查：保留语境与标注分歧，再比较表达功能。不要把「作品版本、语言材料与解释语境」中不同条件直接合并。","原件、整理本、转述与解释索引，注明「古典文献」的来源、课题版本、已查项与未决项。","https://chinese.pku.edu.cn/yxgk/bxjj/index.htm"
"chinese-language-9","chinese-language","文学批评","作品版本、语言材料与解释语境","subject-narrative","文学批评：是谁说了这句话，文本是否让它受到反讽？","文学批评：计算识别的叙述模式怎样接受细读中的反例？","叙述者段落、视角切换与作品版本","区分人物发言、叙述者评价与作者立场","叙述者段落、视角切换与作品版本的比较与解释记录","https://chinese.pku.edu.cn/yxgk/bxjj/index.htm"
"chinese-language-10","chinese-language","文学与媒介","作品版本、语言材料与解释语境","subject-narrative","文学与媒介：是谁说了这句话，文本是否让它受到反讽？","文学与媒介：计算识别的叙述模式怎样接受细读中的反例？","叙述者段落、视角切换与作品版本","区分人物发言、叙述者评价与作者立场","叙述者段落、视角切换与作品版本的比较与解释记录","https://chinese.pku.edu.cn/yxgk/bxjj/index.htm"
"chinese-language-11","chinese-language","地域文学","作品版本、语言材料与解释语境","subject-narrative","地域文学：是谁说了这句话，文本是否让它受到反讽？","地域文学：计算识别的叙述模式怎样接受细读中的反例？","叙述者段落、视角切换与作品版本","区分人物发言、叙述者评价与作者立场","叙述者段落、视角切换与作品版本的比较与解释记录","https://chinese.pku.edu.cn/yxgk/bxjj/index.htm"
"chinese-language-12","chinese-language","文学教育","作品版本、语言材料与解释语境","subject-narrative","文学教育：是谁说了这句话，文本是否让它受到反讽？","文学教育：计算识别的叙述模式怎样接受细读中的反例？","叙述者段落、视角切换与作品版本","区分人物发言、叙述者评价与作者立场","叙述者段落、视角切换与作品版本的比较与解释记录","https://cter.bnu.edu.cn/docs/2024-05/e0d9749ec02e425eb45aa96fefdadc2a.pdf"
"foreign-literatures-1","foreign-literatures","英语文学","语种、译本与比较范围","subject-narrative","英语文学：是谁说了这句话，文本是否让它受到反讽？","英语文学：计算识别的叙述模式怎样接受细读中的反例？","叙述者段落、视角切换与作品版本","区分人物发言、叙述者评价与作者立场","叙述者段落、视角切换与作品版本的比较与解释记录","https://chinese.pku.edu.cn/yxgk/bxjj/index.htm"
"foreign-literatures-2","foreign-literatures","法语文学","语种、译本与比较范围","subject-narrative","法语文学：是谁说了这句话，文本是否让它受到反讽？","法语文学：计算识别的叙述模式怎样接受细读中的反例？","叙述者段落、视角切换与作品版本","区分人物发言、叙述者评价与作者立场","叙述者段落、视角切换与作品版本的比较与解释记录","https://chinese.pku.edu.cn/yxgk/bxjj/index.htm"
"foreign-literatures-3","foreign-literatures","德语文学","语种、译本与比较范围","subject-narrative","德语文学：是谁说了这句话，文本是否让它受到反讽？","德语文学：计算识别的叙述模式怎样接受细读中的反例？","叙述者段落、视角切换与作品版本","区分人物发言、叙述者评价与作者立场","叙述者段落、视角切换与作品版本的比较与解释记录","https://chinese.pku.edu.cn/yxgk/bxjj/index.htm"
"foreign-literatures-4","foreign-literatures","俄语文学","语种、译本与比较范围","subject-narrative","俄语文学：是谁说了这句话，文本是否让它受到反讽？","俄语文学：计算识别的叙述模式怎样接受细读中的反例？","叙述者段落、视角切换与作品版本","区分人物发言、叙述者评价与作者立场","叙述者段落、视角切换与作品版本的比较与解释记录","https://chinese.pku.edu.cn/yxgk/bxjj/index.htm"
"foreign-literatures-5","foreign-literatures","日本文学","语种、译本与比较范围","subject-narrative","日本文学：是谁说了这句话，文本是否让它受到反讽？","日本文学：计算识别的叙述模式怎样接受细读中的反例？","叙述者段落、视角切换与作品版本","区分人物发言、叙述者评价与作者立场","叙述者段落、视角切换与作品版本的比较与解释记录","https://chinese.pku.edu.cn/yxgk/bxjj/index.htm"
"foreign-literatures-6","foreign-literatures","韩国文学","语种、译本与比较范围","subject-narrative","韩国文学：是谁说了这句话，文本是否让它受到反讽？","韩国文学：计算识别的叙述模式怎样接受细读中的反例？","叙述者段落、视角切换与作品版本","区分人物发言、叙述者评价与作者立场","叙述者段落、视角切换与作品版本的比较与解释记录","https://chinese.pku.edu.cn/yxgk/bxjj/index.htm"
"foreign-literatures-7","foreign-literatures","跨文化比较","语种、译本与比较范围","subject-narrative","跨文化比较：是谁说了这句话，文本是否让它受到反讽？","跨文化比较：计算识别的叙述模式怎样接受细读中的反例？","叙述者段落、视角切换与作品版本","区分人物发言、叙述者评价与作者立场","叙述者段落、视角切换与作品版本的比较与解释记录","https://chinese.pku.edu.cn/yxgk/bxjj/index.htm"
"foreign-literatures-8","foreign-literatures","世界文学","语种、译本与比较范围","subject-narrative","世界文学：是谁说了这句话，文本是否让它受到反讽？","世界文学：计算识别的叙述模式怎样接受细读中的反例？","叙述者段落、视角切换与作品版本","区分人物发言、叙述者评价与作者立场","叙述者段落、视角切换与作品版本的比较与解释记录","https://chinese.pku.edu.cn/yxgk/bxjj/index.htm"
"foreign-literatures-9","foreign-literatures","文学翻译","语种、译本与比较范围","subject-narrative","文学翻译：是谁说了这句话，文本是否让它受到反讽？","文学翻译：计算识别的叙述模式怎样接受细读中的反例？","叙述者段落、视角切换与作品版本","区分人物发言、叙述者评价与作者立场","叙述者段落、视角切换与作品版本的比较与解释记录","https://chinese.pku.edu.cn/yxgk/bxjj/index.htm"
"foreign-literatures-10","foreign-literatures","后殖民研究","语种、译本与比较范围","evidence-literature","后殖民研究：文本中的叙述声音与作者立场怎样区分？","后殖民研究：大规模语料比较怎样辅助文学解释而不抹平作品差异？","作品版本、发表语境与引文出处","本方向具体检查：对照版本差异，区分人物话语与作者判断。不要把「语种、译本与比较范围」中不同条件直接合并。","作品版本、发表语境与引文出处的来源与比较条件记录，注明「后殖民研究」的来源、课题版本、已查项与未决项。","https://chinese.pku.edu.cn/yxgk/bxjj/index.htm"
"foreign-literatures-11","foreign-literatures","文学与迁移","语种、译本与比较范围","subject-narrative","文学与迁移：是谁说了这句话，文本是否让它受到反讽？","文学与迁移：计算识别的叙述模式怎样接受细读中的反例？","叙述者段落、视角切换与作品版本","区分人物发言、叙述者评价与作者立场","叙述者段落、视角切换与作品版本的比较与解释记录","https://chinese.pku.edu.cn/yxgk/bxjj/index.htm"
"foreign-literatures-12","foreign-literatures","比较诗学","语种、译本与比较范围","subject-narrative","比较诗学：是谁说了这句话，文本是否让它受到反讽？","比较诗学：计算识别的叙述模式怎样接受细读中的反例？","叙述者段落、视角切换与作品版本","区分人物发言、叙述者评价与作者立场","叙述者段落、视角切换与作品版本的比较与解释记录","https://chinese.pku.edu.cn/yxgk/bxjj/index.htm"
"linguistics-studies-1","linguistics-studies","语音学","语言单位、语料条件与使用情境","subject-phonetics","语音学：这个差异能区分词义，还是语境中的变体？","语音学：跨方言语音模型怎样保留少见变体与韵律？","语音片段、说话人背景与音位对立材料","区分声学差异、音系对立与语境变体","语音片段、说话人背景与音位对立材料的比较与解释记录","https://chinese.pku.edu.cn/yxgk/bxjj/index.htm"
"linguistics-studies-2","linguistics-studies","音系学","语言单位、语料条件与使用情境","subject-phonetics","音系学：这个差异能区分词义，还是语境中的变体？","音系学：跨方言语音模型怎样保留少见变体与韵律？","语音片段、说话人背景与音位对立材料","区分声学差异、音系对立与语境变体","语音片段、说话人背景与音位对立材料的比较与解释记录","https://chinese.pku.edu.cn/yxgk/bxjj/index.htm"
"linguistics-studies-3","linguistics-studies","句法学","语言单位、语料条件与使用情境","subject-syntax","句法学：补足语境以后，这个句子的判断会改变吗？","句法学：大规模语料中的低频结构怎样检验句法假设？","最小对立句、判断任务与说话人分布","分开结构限制、加工负担与语境适切性","最小对立句、判断任务与说话人分布的比较与解释记录","https://chinese.pku.edu.cn/yxgk/bxjj/index.htm"
"linguistics-studies-4","linguistics-studies","语义学","语言单位、语料条件与使用情境","language","语义学：语言结构与实际使用怎样共同解释一种表达？","语义学：多语言或多模态材料能否保留语境差异，并把模型预测与语言解释分开？","语料出处、体裁、语境与标注记录","本方向具体检查：保留语境与标注分歧，再比较表达功能。不要把「语言单位、语料条件与使用情境」中不同条件直接合并。","原文版本、语体、任务与编码分歧表，注明「语义学」的来源、课题版本、已查项与未决项。","https://chinese.pku.edu.cn/yxgk/bxjj/index.htm"
"linguistics-studies-5","linguistics-studies","语用学","语言单位、语料条件与使用情境","language","语用学：语言结构与实际使用怎样共同解释一种表达？","语用学：多语言或多模态材料能否保留语境差异，并把模型预测与语言解释分开？","语料出处、体裁、语境与标注记录","本方向具体检查：保留语境与标注分歧，再比较表达功能。不要把「语言单位、语料条件与使用情境」中不同条件直接合并。","原文版本、语体、任务与编码分歧表，注明「语用学」的来源、课题版本、已查项与未决项。","https://chinese.pku.edu.cn/yxgk/bxjj/index.htm"
"linguistics-studies-6","linguistics-studies","社会语言学","语言单位、语料条件与使用情境","language","社会语言学：语言结构与实际使用怎样共同解释一种表达？","社会语言学：多语言或多模态材料能否保留语境差异，并把模型预测与语言解释分开？","语料出处、体裁、语境与标注记录","本方向具体检查：保留语境与标注分歧，再比较表达功能。不要把「语言单位、语料条件与使用情境」中不同条件直接合并。","原文版本、语体、任务与编码分歧表，注明「社会语言学」的来源、课题版本、已查项与未决项。","https://chinese.pku.edu.cn/yxgk/bxjj/index.htm"
"linguistics-studies-7","linguistics-studies","心理语言学","语言单位、语料条件与使用情境","language","心理语言学：语言结构与实际使用怎样共同解释一种表达？","心理语言学：多语言或多模态材料能否保留语境差异，并把模型预测与语言解释分开？","语料出处、体裁、语境与标注记录","本方向具体检查：保留语境与标注分歧，再比较表达功能。不要把「语言单位、语料条件与使用情境」中不同条件直接合并。","原文版本、语体、任务与编码分歧表，注明「心理语言学」的来源、课题版本、已查项与未决项。","https://chinese.pku.edu.cn/yxgk/bxjj/index.htm"
"linguistics-studies-8","linguistics-studies","语料库语言学","语言单位、语料条件与使用情境","language","语料库语言学：语言结构与实际使用怎样共同解释一种表达？","语料库语言学：多语言或多模态材料能否保留语境差异，并把模型预测与语言解释分开？","语料出处、体裁、语境与标注记录","本方向具体检查：保留语境与标注分歧，再比较表达功能。不要把「语言单位、语料条件与使用情境」中不同条件直接合并。","原文版本、语体、任务与编码分歧表，注明「语料库语言学」的来源、课题版本、已查项与未决项。","https://chinese.pku.edu.cn/yxgk/bxjj/index.htm"
"linguistics-studies-9","linguistics-studies","语言接触","语言单位、语料条件与使用情境","language","语言接触：语言结构与实际使用怎样共同解释一种表达？","语言接触：多语言或多模态材料能否保留语境差异，并把模型预测与语言解释分开？","语料出处、体裁、语境与标注记录","本方向具体检查：保留语境与标注分歧，再比较表达功能。不要把「语言单位、语料条件与使用情境」中不同条件直接合并。","原文版本、语体、任务与编码分歧表，注明「语言接触」的来源、课题版本、已查项与未决项。","https://chinese.pku.edu.cn/yxgk/bxjj/index.htm"
"linguistics-studies-10","linguistics-studies","语言习得","语言单位、语料条件与使用情境","learning","语言习得：做对一道语言题，与能在新场景使用语言有何区别？","语言习得：新的反馈设计能否改善撤去辅助后的迁移，而不只提高即时答题？","学习阶段、任务条件与学习者反应","本方向具体检查：区分语言知识、任务熟悉和实际使用表现。不要把「语言单位、语料条件与使用情境」中不同条件直接合并。","目标、任务、辅助条件与延迟表现表，注明「语言习得」的来源、课题版本、已查项与未决项。","https://chinese.pku.edu.cn/yxgk/bxjj/index.htm；https://cter.bnu.edu.cn/docs/2024-05/e0d9749ec02e425eb45aa96fefdadc2a.pdf"
"linguistics-studies-11","linguistics-studies","语言政策","语言单位、语料条件与使用情境","language","语言政策：语言结构与实际使用怎样共同解释一种表达？","语言政策：多语言或多模态材料能否保留语境差异，并把模型预测与语言解释分开？","语料出处、体裁、语境与标注记录","本方向具体检查：保留语境与标注分歧，再比较表达功能。不要把「语言单位、语料条件与使用情境」中不同条件直接合并。","原文版本、语体、任务与编码分歧表，注明「语言政策」的来源、课题版本、已查项与未决项。","https://chinese.pku.edu.cn/yxgk/bxjj/index.htm"
"linguistics-studies-12","linguistics-studies","语言技术评价","语言单位、语料条件与使用情境","language","语言技术评价：语言结构与实际使用怎样共同解释一种表达？","语言技术评价：多语言或多模态材料能否保留语境差异，并把模型预测与语言解释分开？","语料出处、体裁、语境与标注记录","本方向具体检查：保留语境与标注分歧，再比较表达功能。不要把「语言单位、语料条件与使用情境」中不同条件直接合并。","原文版本、语体、任务与编码分歧表，注明「语言技术评价」的来源、课题版本、已查项与未决项。","https://chinese.pku.edu.cn/yxgk/bxjj/index.htm"
"translation-studies-1","translation-studies","翻译理论","翻译目的、文本版本与取舍依据","subject-translation","翻译理论：这项删改服务了什么翻译目的，又损失了什么？","翻译理论：机器辅助翻译怎样呈现歧义而非只给一个流畅答案？","原文段落、译者取舍与目标读者任务","分别评价信息、文体与翻译目的","原文段落、译者取舍与目标读者任务的比较与解释记录","https://chinese.pku.edu.cn/yxgk/bxjj/index.htm"
"translation-studies-2","translation-studies","翻译史","翻译目的、文本版本与取舍依据","subject-translation","翻译史：这项删改服务了什么翻译目的，又损失了什么？","翻译史：机器辅助翻译怎样呈现歧义而非只给一个流畅答案？","原文段落、译者取舍与目标读者任务","分别评价信息、文体与翻译目的","原文段落、译者取舍与目标读者任务的比较与解释记录","https://chinese.pku.edu.cn/yxgk/bxjj/index.htm"
"translation-studies-3","translation-studies","文学翻译","翻译目的、文本版本与取舍依据","subject-translation","文学翻译：这项删改服务了什么翻译目的，又损失了什么？","文学翻译：机器辅助翻译怎样呈现歧义而非只给一个流畅答案？","原文段落、译者取舍与目标读者任务","分别评价信息、文体与翻译目的","原文段落、译者取舍与目标读者任务的比较与解释记录","https://chinese.pku.edu.cn/yxgk/bxjj/index.htm"
"translation-studies-4","translation-studies","口译研究","翻译目的、文本版本与取舍依据","subject-translation","口译研究：这项删改服务了什么翻译目的，又损失了什么？","口译研究：机器辅助翻译怎样呈现歧义而非只给一个流畅答案？","原文段落、译者取舍与目标读者任务","分别评价信息、文体与翻译目的","原文段落、译者取舍与目标读者任务的比较与解释记录","https://chinese.pku.edu.cn/yxgk/bxjj/index.htm"
"translation-studies-5","translation-studies","专业翻译","翻译目的、文本版本与取舍依据","subject-translation","专业翻译：这项删改服务了什么翻译目的，又损失了什么？","专业翻译：机器辅助翻译怎样呈现歧义而非只给一个流畅答案？","原文段落、译者取舍与目标读者任务","分别评价信息、文体与翻译目的","原文段落、译者取舍与目标读者任务的比较与解释记录","https://chinese.pku.edu.cn/yxgk/bxjj/index.htm"
"translation-studies-6","translation-studies","视听翻译","翻译目的、文本版本与取舍依据","subject-translation","视听翻译：这项删改服务了什么翻译目的，又损失了什么？","视听翻译：机器辅助翻译怎样呈现歧义而非只给一个流畅答案？","原文段落、译者取舍与目标读者任务","分别评价信息、文体与翻译目的","原文段落、译者取舍与目标读者任务的比较与解释记录","https://chinese.pku.edu.cn/yxgk/bxjj/index.htm"
"translation-studies-7","translation-studies","机器翻译评价","翻译目的、文本版本与取舍依据","subject-translation","机器翻译评价：这项删改服务了什么翻译目的，又损失了什么？","机器翻译评价：机器辅助翻译怎样呈现歧义而非只给一个流畅答案？","原文段落、译者取舍与目标读者任务","分别评价信息、文体与翻译目的","原文段落、译者取舍与目标读者任务的比较与解释记录","https://chinese.pku.edu.cn/yxgk/bxjj/index.htm"
"translation-studies-8","translation-studies","翻译技术","翻译目的、文本版本与取舍依据","subject-translation","翻译技术：这项删改服务了什么翻译目的，又损失了什么？","翻译技术：机器辅助翻译怎样呈现歧义而非只给一个流畅答案？","原文段落、译者取舍与目标读者任务","分别评价信息、文体与翻译目的","原文段落、译者取舍与目标读者任务的比较与解释记录","https://chinese.pku.edu.cn/yxgk/bxjj/index.htm"
"translation-studies-9","translation-studies","译者研究","翻译目的、文本版本与取舍依据","subject-translation","译者研究：这项删改服务了什么翻译目的，又损失了什么？","译者研究：机器辅助翻译怎样呈现歧义而非只给一个流畅答案？","原文段落、译者取舍与目标读者任务","分别评价信息、文体与翻译目的","原文段落、译者取舍与目标读者任务的比较与解释记录","https://chinese.pku.edu.cn/yxgk/bxjj/index.htm"
"translation-studies-10","translation-studies","翻译教育","翻译目的、文本版本与取舍依据","subject-translation","翻译教育：这项删改服务了什么翻译目的，又损失了什么？","翻译教育：机器辅助翻译怎样呈现歧义而非只给一个流畅答案？","原文段落、译者取舍与目标读者任务","分别评价信息、文体与翻译目的","原文段落、译者取舍与目标读者任务的比较与解释记录","https://cter.bnu.edu.cn/docs/2024-05/e0d9749ec02e425eb45aa96fefdadc2a.pdf"
"translation-studies-11","translation-studies","跨文化交流","翻译目的、文本版本与取舍依据","subject-translation","跨文化交流：这项删改服务了什么翻译目的，又损失了什么？","跨文化交流：机器辅助翻译怎样呈现歧义而非只给一个流畅答案？","原文段落、译者取舍与目标读者任务","分别评价信息、文体与翻译目的","原文段落、译者取舍与目标读者任务的比较与解释记录","https://chinese.pku.edu.cn/yxgk/bxjj/index.htm"
"translation-studies-12","translation-studies","翻译伦理","翻译目的、文本版本与取舍依据","subject-translation","翻译伦理：这项删改服务了什么翻译目的，又损失了什么？","翻译伦理：机器辅助翻译怎样呈现歧义而非只给一个流畅答案？","原文段落、译者取舍与目标读者任务","分别评价信息、文体与翻译目的","原文段落、译者取舍与目标读者任务的比较与解释记录","https://chinese.pku.edu.cn/yxgk/bxjj/index.htm"
"media-studies-1","media-studies","新闻史","消息来源、传播过程与受众范围","subject-media","新闻史：是内容变了，还是推荐入口改变了谁能看见？","新闻史：合成内容标识怎样影响信任和传播路径？","发布记录、推荐入口与受众接触路径","区分曝光、接触、理解与态度变化","发布记录、推荐入口与受众接触路径的比较与解释记录","https://chinese.pku.edu.cn/yxgk/bxjj/index.htm"
"media-studies-2","media-studies","新闻生产","消息来源、传播过程与受众范围","subject-media","新闻生产：是内容变了，还是推荐入口改变了谁能看见？","新闻生产：合成内容标识怎样影响信任和传播路径？","发布记录、推荐入口与受众接触路径","区分曝光、接触、理解与态度变化","发布记录、推荐入口与受众接触路径的比较与解释记录","https://chinese.pku.edu.cn/yxgk/bxjj/index.htm"
"media-studies-3","media-studies","传播理论","消息来源、传播过程与受众范围","subject-media","传播理论：是内容变了，还是推荐入口改变了谁能看见？","传播理论：合成内容标识怎样影响信任和传播路径？","发布记录、推荐入口与受众接触路径","区分曝光、接触、理解与态度变化","发布记录、推荐入口与受众接触路径的比较与解释记录","https://chinese.pku.edu.cn/yxgk/bxjj/index.htm"
"media-studies-4","media-studies","受众研究","消息来源、传播过程与受众范围","subject-media","受众研究：是内容变了，还是推荐入口改变了谁能看见？","受众研究：合成内容标识怎样影响信任和传播路径？","发布记录、推荐入口与受众接触路径","区分曝光、接触、理解与态度变化","发布记录、推荐入口与受众接触路径的比较与解释记录","https://chinese.pku.edu.cn/yxgk/bxjj/index.htm"
"media-studies-5","media-studies","平台传播","消息来源、传播过程与受众范围","subject-media","平台传播：是内容变了，还是推荐入口改变了谁能看见？","平台传播：合成内容标识怎样影响信任和传播路径？","发布记录、推荐入口与受众接触路径","区分曝光、接触、理解与态度变化","发布记录、推荐入口与受众接触路径的比较与解释记录","https://chinese.pku.edu.cn/yxgk/bxjj/index.htm"
"media-studies-6","media-studies","视觉传播","消息来源、传播过程与受众范围","subject-media","视觉传播：是内容变了，还是推荐入口改变了谁能看见？","视觉传播：合成内容标识怎样影响信任和传播路径？","发布记录、推荐入口与受众接触路径","区分曝光、接触、理解与态度变化","发布记录、推荐入口与受众接触路径的比较与解释记录","https://chinese.pku.edu.cn/yxgk/bxjj/index.htm"
"media-studies-7","media-studies","健康传播","消息来源、传播过程与受众范围","subject-media","健康传播：是内容变了，还是推荐入口改变了谁能看见？","健康传播：合成内容标识怎样影响信任和传播路径？","发布记录、推荐入口与受众接触路径","区分曝光、接触、理解与态度变化","发布记录、推荐入口与受众接触路径的比较与解释记录","https://chinese.pku.edu.cn/yxgk/bxjj/index.htm"
"media-studies-8","media-studies","科学传播","消息来源、传播过程与受众范围","subject-media","科学传播：是内容变了，还是推荐入口改变了谁能看见？","科学传播：合成内容标识怎样影响信任和传播路径？","发布记录、推荐入口与受众接触路径","区分曝光、接触、理解与态度变化","发布记录、推荐入口与受众接触路径的比较与解释记录","https://chinese.pku.edu.cn/yxgk/bxjj/index.htm"
"media-studies-9","media-studies","公共传播","消息来源、传播过程与受众范围","subject-media","公共传播：是内容变了，还是推荐入口改变了谁能看见？","公共传播：合成内容标识怎样影响信任和传播路径？","发布记录、推荐入口与受众接触路径","区分曝光、接触、理解与态度变化","发布记录、推荐入口与受众接触路径的比较与解释记录","https://chinese.pku.edu.cn/yxgk/bxjj/index.htm"
"media-studies-10","media-studies","媒介伦理","消息来源、传播过程与受众范围","subject-media","媒介伦理：是内容变了，还是推荐入口改变了谁能看见？","媒介伦理：合成内容标识怎样影响信任和传播路径？","发布记录、推荐入口与受众接触路径","区分曝光、接触、理解与态度变化","发布记录、推荐入口与受众接触路径的比较与解释记录","https://chinese.pku.edu.cn/yxgk/bxjj/index.htm"
"media-studies-11","media-studies","数字新闻","消息来源、传播过程与受众范围","subject-media","数字新闻：是内容变了，还是推荐入口改变了谁能看见？","数字新闻：合成内容标识怎样影响信任和传播路径？","发布记录、推荐入口与受众接触路径","区分曝光、接触、理解与态度变化","发布记录、推荐入口与受众接触路径的比较与解释记录","https://chinese.pku.edu.cn/yxgk/bxjj/index.htm"
"media-studies-12","media-studies","媒介档案","消息来源、传播过程与受众范围","subject-media","媒介档案：是内容变了，还是推荐入口改变了谁能看见？","媒介档案：合成内容标识怎样影响信任和传播路径？","发布记录、推荐入口与受众接触路径","区分曝光、接触、理解与态度变化","发布记录、推荐入口与受众接触路径的比较与解释记录","https://chinese.pku.edu.cn/yxgk/bxjj/index.htm"
"chinese-history-1","chinese-history","中国古代史","史料年代、地域与史家解释","subject-archives","中国古代史：行动者当时有可能知道这段材料里的结果吗？","中国古代史：数字档案如何保留删节、缺卷和来源层次？","档案原件、成文日期与编纂版本","区分事件发生、材料写成与后来编辑的时间","档案原件、成文日期与编纂版本的比较与解释记录","https://history.pku.edu.cn/bxgk/xkjj/index.htm"
"chinese-history-2","chinese-history","中国近现代史","史料年代、地域与史家解释","subject-archives","中国近现代史：行动者当时有可能知道这段材料里的结果吗？","中国近现代史：数字档案如何保留删节、缺卷和来源层次？","档案原件、成文日期与编纂版本","区分事件发生、材料写成与后来编辑的时间","档案原件、成文日期与编纂版本的比较与解释记录","https://history.pku.edu.cn/bxgk/xkjj/index.htm"
"chinese-history-3","chinese-history","制度史","史料年代、地域与史家解释","subject-archives","制度史：行动者当时有可能知道这段材料里的结果吗？","制度史：数字档案如何保留删节、缺卷和来源层次？","档案原件、成文日期与编纂版本","区分事件发生、材料写成与后来编辑的时间","档案原件、成文日期与编纂版本的比较与解释记录","https://history.pku.edu.cn/bxgk/xkjj/index.htm"
"chinese-history-4","chinese-history","经济史","史料年代、地域与史家解释","subject-archives","经济史：行动者当时有可能知道这段材料里的结果吗？","经济史：数字档案如何保留删节、缺卷和来源层次？","档案原件、成文日期与编纂版本","区分事件发生、材料写成与后来编辑的时间","档案原件、成文日期与编纂版本的比较与解释记录","https://history.pku.edu.cn/bxgk/xkjj/index.htm"
"chinese-history-5","chinese-history","社会史","史料年代、地域与史家解释","subject-archives","社会史：行动者当时有可能知道这段材料里的结果吗？","社会史：数字档案如何保留删节、缺卷和来源层次？","档案原件、成文日期与编纂版本","区分事件发生、材料写成与后来编辑的时间","档案原件、成文日期与编纂版本的比较与解释记录","https://history.pku.edu.cn/bxgk/xkjj/index.htm"
"chinese-history-6","chinese-history","文化史","史料年代、地域与史家解释","subject-archives","文化史：行动者当时有可能知道这段材料里的结果吗？","文化史：数字档案如何保留删节、缺卷和来源层次？","档案原件、成文日期与编纂版本","区分事件发生、材料写成与后来编辑的时间","档案原件、成文日期与编纂版本的比较与解释记录","https://history.pku.edu.cn/bxgk/xkjj/index.htm"
"chinese-history-7","chinese-history","思想史","史料年代、地域与史家解释","subject-archives","思想史：行动者当时有可能知道这段材料里的结果吗？","思想史：数字档案如何保留删节、缺卷和来源层次？","档案原件、成文日期与编纂版本","区分事件发生、材料写成与后来编辑的时间","档案原件、成文日期与编纂版本的比较与解释记录","https://history.pku.edu.cn/bxgk/xkjj/index.htm"
"chinese-history-8","chinese-history","地方史","史料年代、地域与史家解释","subject-archives","地方史：行动者当时有可能知道这段材料里的结果吗？","地方史：数字档案如何保留删节、缺卷和来源层次？","档案原件、成文日期与编纂版本","区分事件发生、材料写成与后来编辑的时间","档案原件、成文日期与编纂版本的比较与解释记录","https://history.pku.edu.cn/bxgk/xkjj/index.htm"
"chinese-history-9","chinese-history","人口史","史料年代、地域与史家解释","subject-archives","人口史：行动者当时有可能知道这段材料里的结果吗？","人口史：数字档案如何保留删节、缺卷和来源层次？","档案原件、成文日期与编纂版本","区分事件发生、材料写成与后来编辑的时间","档案原件、成文日期与编纂版本的比较与解释记录","https://history.pku.edu.cn/bxgk/xkjj/index.htm"
"chinese-history-10","chinese-history","交通与交流史","史料年代、地域与史家解释","subject-archives","交通与交流史：行动者当时有可能知道这段材料里的结果吗？","交通与交流史：数字档案如何保留删节、缺卷和来源层次？","档案原件、成文日期与编纂版本","区分事件发生、材料写成与后来编辑的时间","档案原件、成文日期与编纂版本的比较与解释记录","https://history.pku.edu.cn/bxgk/xkjj/index.htm"
"chinese-history-11","chinese-history","中国史学史","史料年代、地域与史家解释","subject-archives","中国史学史：行动者当时有可能知道这段材料里的结果吗？","中国史学史：数字档案如何保留删节、缺卷和来源层次？","档案原件、成文日期与编纂版本","区分事件发生、材料写成与后来编辑的时间","档案原件、成文日期与编纂版本的比较与解释记录","https://history.pku.edu.cn/bxgk/xkjj/index.htm"
"chinese-history-12","chinese-history","中国历史地理","史料年代、地域与史家解释","subject-archives","中国历史地理：行动者当时有可能知道这段材料里的结果吗？","中国历史地理：数字档案如何保留删节、缺卷和来源层次？","档案原件、成文日期与编纂版本","区分事件发生、材料写成与后来编辑的时间","档案原件、成文日期与编纂版本的比较与解释记录","https://history.pku.edu.cn/bxgk/xkjj/index.htm"
"world-history-1","world-history","古代世界史","跨地区资料与历史比较","subject-archives","古代世界史：行动者当时有可能知道这段材料里的结果吗？","古代世界史：数字档案如何保留删节、缺卷和来源层次？","档案原件、成文日期与编纂版本","区分事件发生、材料写成与后来编辑的时间","档案原件、成文日期与编纂版本的比较与解释记录","https://history.pku.edu.cn/bxgk/xkjj/index.htm"
"world-history-2","world-history","中世纪史","跨地区资料与历史比较","subject-archives","中世纪史：行动者当时有可能知道这段材料里的结果吗？","中世纪史：数字档案如何保留删节、缺卷和来源层次？","档案原件、成文日期与编纂版本","区分事件发生、材料写成与后来编辑的时间","档案原件、成文日期与编纂版本的比较与解释记录","https://history.pku.edu.cn/bxgk/xkjj/index.htm"
"world-history-3","world-history","世界近代史","跨地区资料与历史比较","subject-archives","世界近代史：行动者当时有可能知道这段材料里的结果吗？","世界近代史：数字档案如何保留删节、缺卷和来源层次？","档案原件、成文日期与编纂版本","区分事件发生、材料写成与后来编辑的时间","档案原件、成文日期与编纂版本的比较与解释记录","https://history.pku.edu.cn/bxgk/xkjj/index.htm"
"world-history-4","world-history","世界现代史","跨地区资料与历史比较","subject-archives","世界现代史：行动者当时有可能知道这段材料里的结果吗？","世界现代史：数字档案如何保留删节、缺卷和来源层次？","档案原件、成文日期与编纂版本","区分事件发生、材料写成与后来编辑的时间","档案原件、成文日期与编纂版本的比较与解释记录","https://history.pku.edu.cn/bxgk/xkjj/index.htm"
"world-history-5","world-history","区域史","跨地区资料与历史比较","subject-archives","区域史：行动者当时有可能知道这段材料里的结果吗？","区域史：数字档案如何保留删节、缺卷和来源层次？","档案原件、成文日期与编纂版本","区分事件发生、材料写成与后来编辑的时间","档案原件、成文日期与编纂版本的比较与解释记录","https://history.pku.edu.cn/bxgk/xkjj/index.htm"
"world-history-6","world-history","全球史","跨地区资料与历史比较","subject-archives","全球史：行动者当时有可能知道这段材料里的结果吗？","全球史：数字档案如何保留删节、缺卷和来源层次？","档案原件、成文日期与编纂版本","区分事件发生、材料写成与后来编辑的时间","档案原件、成文日期与编纂版本的比较与解释记录","https://history.pku.edu.cn/bxgk/xkjj/index.htm"
"world-history-7","world-history","国际关系史","跨地区资料与历史比较","subject-archives","国际关系史：行动者当时有可能知道这段材料里的结果吗？","国际关系史：数字档案如何保留删节、缺卷和来源层次？","档案原件、成文日期与编纂版本","区分事件发生、材料写成与后来编辑的时间","档案原件、成文日期与编纂版本的比较与解释记录","https://history.pku.edu.cn/bxgk/xkjj/index.htm"
"world-history-8","world-history","殖民与帝国史","跨地区资料与历史比较","subject-archives","殖民与帝国史：行动者当时有可能知道这段材料里的结果吗？","殖民与帝国史：数字档案如何保留删节、缺卷和来源层次？","档案原件、成文日期与编纂版本","区分事件发生、材料写成与后来编辑的时间","档案原件、成文日期与编纂版本的比较与解释记录","https://history.pku.edu.cn/bxgk/xkjj/index.htm"
"world-history-9","world-history","跨国史","跨地区资料与历史比较","subject-archives","跨国史：行动者当时有可能知道这段材料里的结果吗？","跨国史：数字档案如何保留删节、缺卷和来源层次？","档案原件、成文日期与编纂版本","区分事件发生、材料写成与后来编辑的时间","档案原件、成文日期与编纂版本的比较与解释记录","https://history.pku.edu.cn/bxgk/xkjj/index.htm"
"world-history-10","world-history","世界经济史","跨地区资料与历史比较","subject-archives","世界经济史：行动者当时有可能知道这段材料里的结果吗？","世界经济史：数字档案如何保留删节、缺卷和来源层次？","档案原件、成文日期与编纂版本","区分事件发生、材料写成与后来编辑的时间","档案原件、成文日期与编纂版本的比较与解释记录","https://history.pku.edu.cn/bxgk/xkjj/index.htm"
"world-history-11","world-history","环境史","跨地区资料与历史比较","subject-archives","环境史：行动者当时有可能知道这段材料里的结果吗？","环境史：数字档案如何保留删节、缺卷和来源层次？","档案原件、成文日期与编纂版本","区分事件发生、材料写成与后来编辑的时间","档案原件、成文日期与编纂版本的比较与解释记录","https://history.pku.edu.cn/bxgk/xkjj/index.htm"
"world-history-12","world-history","世界史学史","跨地区资料与历史比较","subject-archives","世界史学史：行动者当时有可能知道这段材料里的结果吗？","世界史学史：数字档案如何保留删节、缺卷和来源层次？","档案原件、成文日期与编纂版本","区分事件发生、材料写成与后来编辑的时间","档案原件、成文日期与编纂版本的比较与解释记录","https://history.pku.edu.cn/bxgk/xkjj/index.htm"
"historical-documents-1","historical-documents","版本学","原件、整理本与传承链","subject-archives","版本学：行动者当时有可能知道这段材料里的结果吗？","版本学：数字档案如何保留删节、缺卷和来源层次？","档案原件、成文日期与编纂版本","区分事件发生、材料写成与后来编辑的时间","档案原件、成文日期与编纂版本的比较与解释记录","https://history.pku.edu.cn/bxgk/xkjj/index.htm"
"historical-documents-2","historical-documents","目录学","原件、整理本与传承链","subject-archives","目录学：行动者当时有可能知道这段材料里的结果吗？","目录学：数字档案如何保留删节、缺卷和来源层次？","档案原件、成文日期与编纂版本","区分事件发生、材料写成与后来编辑的时间","档案原件、成文日期与编纂版本的比较与解释记录","https://history.pku.edu.cn/bxgk/xkjj/index.htm"
"historical-documents-3","historical-documents","校勘学","原件、整理本与传承链","subject-archives","校勘学：行动者当时有可能知道这段材料里的结果吗？","校勘学：数字档案如何保留删节、缺卷和来源层次？","档案原件、成文日期与编纂版本","区分事件发生、材料写成与后来编辑的时间","档案原件、成文日期与编纂版本的比较与解释记录","https://history.pku.edu.cn/bxgk/xkjj/index.htm"
"historical-documents-4","historical-documents","文献整理","原件、整理本与传承链","subject-archives","文献整理：行动者当时有可能知道这段材料里的结果吗？","文献整理：数字档案如何保留删节、缺卷和来源层次？","档案原件、成文日期与编纂版本","区分事件发生、材料写成与后来编辑的时间","档案原件、成文日期与编纂版本的比较与解释记录","https://history.pku.edu.cn/bxgk/xkjj/index.htm"
"historical-documents-5","historical-documents","手稿研究","原件、整理本与传承链","subject-archives","手稿研究：行动者当时有可能知道这段材料里的结果吗？","手稿研究：数字档案如何保留删节、缺卷和来源层次？","档案原件、成文日期与编纂版本","区分事件发生、材料写成与后来编辑的时间","档案原件、成文日期与编纂版本的比较与解释记录","https://history.pku.edu.cn/bxgk/xkjj/index.htm"
"historical-documents-6","historical-documents","碑刻文献","原件、整理本与传承链","subject-archives","碑刻文献：行动者当时有可能知道这段材料里的结果吗？","碑刻文献：数字档案如何保留删节、缺卷和来源层次？","档案原件、成文日期与编纂版本","区分事件发生、材料写成与后来编辑的时间","档案原件、成文日期与编纂版本的比较与解释记录","https://history.pku.edu.cn/bxgk/xkjj/index.htm"
"historical-documents-7","historical-documents","简牍文献","原件、整理本与传承链","subject-archives","简牍文献：行动者当时有可能知道这段材料里的结果吗？","简牍文献：数字档案如何保留删节、缺卷和来源层次？","档案原件、成文日期与编纂版本","区分事件发生、材料写成与后来编辑的时间","档案原件、成文日期与编纂版本的比较与解释记录","https://history.pku.edu.cn/bxgk/xkjj/index.htm"
"historical-documents-8","historical-documents","地方志","原件、整理本与传承链","subject-archives","地方志：行动者当时有可能知道这段材料里的结果吗？","地方志：数字档案如何保留删节、缺卷和来源层次？","档案原件、成文日期与编纂版本","区分事件发生、材料写成与后来编辑的时间","档案原件、成文日期与编纂版本的比较与解释记录","https://history.pku.edu.cn/bxgk/xkjj/index.htm"
"historical-documents-9","historical-documents","历史地图","原件、整理本与传承链","subject-archives","历史地图：行动者当时有可能知道这段材料里的结果吗？","历史地图：数字档案如何保留删节、缺卷和来源层次？","档案原件、成文日期与编纂版本","区分事件发生、材料写成与后来编辑的时间","档案原件、成文日期与编纂版本的比较与解释记录","https://history.pku.edu.cn/bxgk/xkjj/index.htm"
"historical-documents-10","historical-documents","古籍数字化","原件、整理本与传承链","subject-archives","古籍数字化：行动者当时有可能知道这段材料里的结果吗？","古籍数字化：数字档案如何保留删节、缺卷和来源层次？","档案原件、成文日期与编纂版本","区分事件发生、材料写成与后来编辑的时间","档案原件、成文日期与编纂版本的比较与解释记录","https://history.pku.edu.cn/bxgk/xkjj/index.htm"
"historical-documents-11","historical-documents","文本传承","原件、整理本与传承链","subject-archives","文本传承：行动者当时有可能知道这段材料里的结果吗？","文本传承：数字档案如何保留删节、缺卷和来源层次？","档案原件、成文日期与编纂版本","区分事件发生、材料写成与后来编辑的时间","档案原件、成文日期与编纂版本的比较与解释记录","https://history.pku.edu.cn/bxgk/xkjj/index.htm"
"historical-documents-12","historical-documents","文献收藏史","原件、整理本与传承链","subject-archives","文献收藏史：行动者当时有可能知道这段材料里的结果吗？","文献收藏史：数字档案如何保留删节、缺卷和来源层次？","档案原件、成文日期与编纂版本","区分事件发生、材料写成与后来编辑的时间","档案原件、成文日期与编纂版本的比较与解释记录","https://history.pku.edu.cn/bxgk/xkjj/index.htm"
"heritage-studies-1","heritage-studies","聚落考古","出处、层位与复原中的未知","subject-strata","聚落考古：这件样品与本层活动有什么直接联系？","聚落考古：多种定年与空间资料怎样保留彼此冲突？","出土位置、层位关系与样品年代分布","把材料年代、沉积过程与活动年代分开","出土位置、层位关系与样品年代分布的比较与解释记录","https://archaeology.pku.edu.cn/szdw/jxky1/jys/kjkgjys.htm"
"heritage-studies-2","heritage-studies","城市考古","出处、层位与复原中的未知","subject-strata","城市考古：这件样品与本层活动有什么直接联系？","城市考古：多种定年与空间资料怎样保留彼此冲突？","出土位置、层位关系与样品年代分布","把材料年代、沉积过程与活动年代分开","出土位置、层位关系与样品年代分布的比较与解释记录","https://archaeology.pku.edu.cn/szdw/jxky1/jys/kjkgjys.htm"
"heritage-studies-3","heritage-studies","墓葬资料","出处、层位与复原中的未知","evidence-heritage","墓葬资料：保存一种文化实践，究竟是在保存什么？","墓葬资料：数字再现与旅游传播怎样改变遗产的解释权？","对象来源、保存状态与展示解释","本方向具体检查：区分保存目标、展示叙事与使用者理解。不要把「出处、层位与复原中的未知」中不同条件直接合并。","对象来源、保存状态与展示解释的来源与比较条件记录，注明「墓葬资料」的来源、课题版本、已查项与未决项。","https://archaeology.pku.edu.cn/szdw/jxky1/jys/kjkgjys.htm；https://www.cafa.edu.cn/sp/nljg/?j=151"
"heritage-studies-4","heritage-studies","陶瓷考古","出处、层位与复原中的未知","subject-strata","陶瓷考古：这件样品与本层活动有什么直接联系？","陶瓷考古：多种定年与空间资料怎样保留彼此冲突？","出土位置、层位关系与样品年代分布","把材料年代、沉积过程与活动年代分开","出土位置、层位关系与样品年代分布的比较与解释记录","https://archaeology.pku.edu.cn/szdw/jxky1/jys/kjkgjys.htm"
"heritage-studies-5","heritage-studies","建筑考古","出处、层位与复原中的未知","subject-strata","建筑考古：这件样品与本层活动有什么直接联系？","建筑考古：多种定年与空间资料怎样保留彼此冲突？","出土位置、层位关系与样品年代分布","把材料年代、沉积过程与活动年代分开","出土位置、层位关系与样品年代分布的比较与解释记录","https://archaeology.pku.edu.cn/szdw/jxky1/jys/kjkgjys.htm"
"heritage-studies-6","heritage-studies","水下考古资料","出处、层位与复原中的未知","subject-strata","水下考古资料：这件样品与本层活动有什么直接联系？","水下考古资料：多种定年与空间资料怎样保留彼此冲突？","出土位置、层位关系与样品年代分布","把材料年代、沉积过程与活动年代分开","出土位置、层位关系与样品年代分布的比较与解释记录","https://archaeology.pku.edu.cn/szdw/jxky1/jys/kjkgjys.htm"
"heritage-studies-7","heritage-studies","年代资料评价","出处、层位与复原中的未知","subject-strata","年代资料评价：这件样品与本层活动有什么直接联系？","年代资料评价：多种定年与空间资料怎样保留彼此冲突？","出土位置、层位关系与样品年代分布","把材料年代、沉积过程与活动年代分开","出土位置、层位关系与样品年代分布的比较与解释记录","https://archaeology.pku.edu.cn/szdw/jxky1/jys/kjkgjys.htm；https://www.cafa.edu.cn/sp/nljg/?j=151"
"heritage-studies-8","heritage-studies","遗产展示","出处、层位与复原中的未知","subject-museum","遗产展示：展签里的哪一部分来自原物，哪一部分是复原？","遗产展示：数字复原怎样让观众看到不确定性与替代解释？","藏品来源、修复记录与展签版本","区分原物、后加修复与展示推测","藏品来源、修复记录与展签版本的比较与解释记录","https://archaeology.pku.edu.cn/szdw/jxky1/jys/kjkgjys.htm；https://www.cafa.edu.cn/sp/nljg/?j=151"
"heritage-studies-9","heritage-studies","遗产公众参与","出处、层位与复原中的未知","subject-museum","遗产公众参与：展签里的哪一部分来自原物，哪一部分是复原？","遗产公众参与：数字复原怎样让观众看到不确定性与替代解释？","藏品来源、修复记录与展签版本","区分原物、后加修复与展示推测","藏品来源、修复记录与展签版本的比较与解释记录","https://archaeology.pku.edu.cn/szdw/jxky1/jys/kjkgjys.htm；https://www.cafa.edu.cn/sp/nljg/?j=151"
"heritage-studies-10","heritage-studies","保护史","出处、层位与复原中的未知","subject-museum","保护史：展签里的哪一部分来自原物，哪一部分是复原？","保护史：数字复原怎样让观众看到不确定性与替代解释？","藏品来源、修复记录与展签版本","区分原物、后加修复与展示推测","藏品来源、修复记录与展签版本的比较与解释记录","https://archaeology.pku.edu.cn/szdw/jxky1/jys/kjkgjys.htm；https://www.cafa.edu.cn/sp/nljg/?j=151"
"heritage-studies-11","heritage-studies","博物馆史","出处、层位与复原中的未知","subject-museum","博物馆史：展签里的哪一部分来自原物，哪一部分是复原？","博物馆史：数字复原怎样让观众看到不确定性与替代解释？","藏品来源、修复记录与展签版本","区分原物、后加修复与展示推测","藏品来源、修复记录与展签版本的比较与解释记录","https://archaeology.pku.edu.cn/szdw/jxky1/jys/kjkgjys.htm；https://www.cafa.edu.cn/sp/nljg/?j=151"
"heritage-studies-12","heritage-studies","考古档案","出处、层位与复原中的未知","subject-strata","考古档案：这件样品与本层活动有什么直接联系？","考古档案：多种定年与空间资料怎样保留彼此冲突？","出土位置、层位关系与样品年代分布","把材料年代、沉积过程与活动年代分开","出土位置、层位关系与样品年代分布的比较与解释记录","https://archaeology.pku.edu.cn/szdw/jxky1/jys/kjkgjys.htm"
"public-history-1","public-history","口述历史","讲述者位置、材料权限与受众理解","subject-archives","口述历史：行动者当时有可能知道这段材料里的结果吗？","口述历史：数字档案如何保留删节、缺卷和来源层次？","档案原件、成文日期与编纂版本","区分事件发生、材料写成与后来编辑的时间","档案原件、成文日期与编纂版本的比较与解释记录","https://history.pku.edu.cn/bxgk/xkjj/index.htm"
"public-history-2","public-history","社区记忆","讲述者位置、材料权限与受众理解","subject-archives","社区记忆：行动者当时有可能知道这段材料里的结果吗？","社区记忆：数字档案如何保留删节、缺卷和来源层次？","档案原件、成文日期与编纂版本","区分事件发生、材料写成与后来编辑的时间","档案原件、成文日期与编纂版本的比较与解释记录","https://history.pku.edu.cn/bxgk/xkjj/index.htm"
"public-history-3","public-history","历史展览","讲述者位置、材料权限与受众理解","subject-archives","历史展览：行动者当时有可能知道这段材料里的结果吗？","历史展览：数字档案如何保留删节、缺卷和来源层次？","档案原件、成文日期与编纂版本","区分事件发生、材料写成与后来编辑的时间","档案原件、成文日期与编纂版本的比较与解释记录","https://history.pku.edu.cn/bxgk/xkjj/index.htm"
"public-history-4","public-history","数字公众史","讲述者位置、材料权限与受众理解","subject-archives","数字公众史：行动者当时有可能知道这段材料里的结果吗？","数字公众史：数字档案如何保留删节、缺卷和来源层次？","档案原件、成文日期与编纂版本","区分事件发生、材料写成与后来编辑的时间","档案原件、成文日期与编纂版本的比较与解释记录","https://history.pku.edu.cn/bxgk/xkjj/index.htm"
"public-history-5","public-history","历史影像","讲述者位置、材料权限与受众理解","subject-archives","历史影像：行动者当时有可能知道这段材料里的结果吗？","历史影像：数字档案如何保留删节、缺卷和来源层次？","档案原件、成文日期与编纂版本","区分事件发生、材料写成与后来编辑的时间","档案原件、成文日期与编纂版本的比较与解释记录","https://history.pku.edu.cn/bxgk/xkjj/index.htm"
"public-history-6","public-history","历史教育","讲述者位置、材料权限与受众理解","subject-archives","历史教育：行动者当时有可能知道这段材料里的结果吗？","历史教育：数字档案如何保留删节、缺卷和来源层次？","档案原件、成文日期与编纂版本","区分事件发生、材料写成与后来编辑的时间","档案原件、成文日期与编纂版本的比较与解释记录","https://history.pku.edu.cn/bxgk/xkjj/index.htm"
"public-history-7","public-history","纪念与记忆","讲述者位置、材料权限与受众理解","subject-archives","纪念与记忆：行动者当时有可能知道这段材料里的结果吗？","纪念与记忆：数字档案如何保留删节、缺卷和来源层次？","档案原件、成文日期与编纂版本","区分事件发生、材料写成与后来编辑的时间","档案原件、成文日期与编纂版本的比较与解释记录","https://history.pku.edu.cn/bxgk/xkjj/index.htm"
"public-history-8","public-history","地方博物馆","讲述者位置、材料权限与受众理解","subject-archives","地方博物馆：行动者当时有可能知道这段材料里的结果吗？","地方博物馆：数字档案如何保留删节、缺卷和来源层次？","档案原件、成文日期与编纂版本","区分事件发生、材料写成与后来编辑的时间","档案原件、成文日期与编纂版本的比较与解释记录","https://archaeology.pku.edu.cn/szdw/jxky1/jys/kjkgjys.htm；https://www.cafa.edu.cn/sp/nljg/?j=151"
"public-history-9","public-history","历史写作","讲述者位置、材料权限与受众理解","subject-archives","历史写作：行动者当时有可能知道这段材料里的结果吗？","历史写作：数字档案如何保留删节、缺卷和来源层次？","档案原件、成文日期与编纂版本","区分事件发生、材料写成与后来编辑的时间","档案原件、成文日期与编纂版本的比较与解释记录","https://history.pku.edu.cn/bxgk/xkjj/index.htm"
"public-history-10","public-history","公众档案","讲述者位置、材料权限与受众理解","subject-archives","公众档案：行动者当时有可能知道这段材料里的结果吗？","公众档案：数字档案如何保留删节、缺卷和来源层次？","档案原件、成文日期与编纂版本","区分事件发生、材料写成与后来编辑的时间","档案原件、成文日期与编纂版本的比较与解释记录","https://history.pku.edu.cn/bxgk/xkjj/index.htm"
"public-history-11","public-history","历史游戏评价","讲述者位置、材料权限与受众理解","subject-archives","历史游戏评价：行动者当时有可能知道这段材料里的结果吗？","历史游戏评价：数字档案如何保留删节、缺卷和来源层次？","档案原件、成文日期与编纂版本","区分事件发生、材料写成与后来编辑的时间","档案原件、成文日期与编纂版本的比较与解释记录","https://history.pku.edu.cn/bxgk/xkjj/index.htm"
"public-history-12","public-history","公共史学伦理","讲述者位置、材料权限与受众理解","subject-archives","公共史学伦理：行动者当时有可能知道这段材料里的结果吗？","公共史学伦理：数字档案如何保留删节、缺卷和来源层次？","档案原件、成文日期与编纂版本","区分事件发生、材料写成与后来编辑的时间","档案原件、成文日期与编纂版本的比较与解释记录","https://history.pku.edu.cn/bxgk/xkjj/index.htm"
"geophysics-studies-1","geophysics-studies","固体地球物理","观测标定、尺度与反演假设","physics","固体地球物理：测到的曲线为何可能对应不止一种物理解释？","固体地球物理：新的观测或模型能否区分竞争解释，并检验有限条件到理论极限的差距？","标定、背景信号与模型近似记录","本方向具体检查：对照背景与测量条件，说明近似成立的范围。不要把「观测标定、尺度与反演假设」中不同条件直接合并。","可观测量、背景与近似条件表，注明「固体地球物理」的来源、课题版本、已查项与未决项。","https://english.phy.pku.edu.cn/Research/Research_Areas.htm"
"geophysics-studies-2","geophysics-studies","地球动力学","观测标定、尺度与反演假设","geoscience","地球动力学：测到的曲线为何可能对应不止一种物理解释？","地球动力学：多源观测能否跨尺度保留校准，并在极端或新时期接受外部检查？","标定、背景信号与模型近似记录","本方向具体检查：对照背景与测量条件，说明近似成立的范围。不要把「观测标定、尺度与反演假设」中不同条件直接合并。","空间尺度、观测窗口与缺测索引，注明「地球动力学」的来源、课题版本、已查项与未决项。","https://english.phy.pku.edu.cn/Research/Research_Areas.htm"
"geophysics-studies-3","geophysics-studies","地震观测","观测标定、尺度与反演假设","evidence-physics","地震观测：测到的曲线为何可能对应不止一种物理解释？","地震观测：更大规模量子或多体系统怎样连接局部验证与整体行为？","标定、背景信号与模型近似记录","本方向具体检查：对照背景与测量条件，说明近似成立的范围。不要把「观测标定、尺度与反演假设」中不同条件直接合并。","标定、背景信号与模型近似记录的来源与比较条件记录，注明「地震观测」的来源、课题版本、已查项与未决项。","https://english.phy.pku.edu.cn/Research/Research_Areas.htm"
"geophysics-studies-4","geophysics-studies","地磁观测","观测标定、尺度与反演假设","evidence-physics","地磁观测：测到的曲线为何可能对应不止一种物理解释？","地磁观测：更大规模量子或多体系统怎样连接局部验证与整体行为？","标定、背景信号与模型近似记录","本方向具体检查：对照背景与测量条件，说明近似成立的范围。不要把「观测标定、尺度与反演假设」中不同条件直接合并。","标定、背景信号与模型近似记录的来源与比较条件记录，注明「地磁观测」的来源、课题版本、已查项与未决项。","https://english.phy.pku.edu.cn/Research/Research_Areas.htm"
"geophysics-studies-5","geophysics-studies","重力资料","观测标定、尺度与反演假设","evidence-physics","重力资料：测到的曲线为何可能对应不止一种物理解释？","重力资料：更大规模量子或多体系统怎样连接局部验证与整体行为？","标定、背景信号与模型近似记录","本方向具体检查：对照背景与测量条件，说明近似成立的范围。不要把「观测标定、尺度与反演假设」中不同条件直接合并。","标定、背景信号与模型近似记录的来源与比较条件记录，注明「重力资料」的来源、课题版本、已查项与未决项。","https://english.phy.pku.edu.cn/Research/Research_Areas.htm"
"geophysics-studies-6","geophysics-studies","地球物理反演","观测标定、尺度与反演假设","physics","地球物理反演：测到的曲线为何可能对应不止一种物理解释？","地球物理反演：新的观测或模型能否区分竞争解释，并检验有限条件到理论极限的差距？","标定、背景信号与模型近似记录","本方向具体检查：对照背景与测量条件，说明近似成立的范围。不要把「观测标定、尺度与反演假设」中不同条件直接合并。","可观测量、背景与近似条件表，注明「地球物理反演」的来源、课题版本、已查项与未决项。","https://english.phy.pku.edu.cn/Research/Research_Areas.htm"
"geophysics-studies-7","geophysics-studies","岩石物理","观测标定、尺度与反演假设","physics","岩石物理：测到的曲线为何可能对应不止一种物理解释？","岩石物理：新的观测或模型能否区分竞争解释，并检验有限条件到理论极限的差距？","标定、背景信号与模型近似记录","本方向具体检查：对照背景与测量条件，说明近似成立的范围。不要把「观测标定、尺度与反演假设」中不同条件直接合并。","可观测量、背景与近似条件表，注明「岩石物理」的来源、课题版本、已查项与未决项。","https://english.phy.pku.edu.cn/Research/Research_Areas.htm"
"geophysics-studies-8","geophysics-studies","地球化学资料","观测标定、尺度与反演假设","chemistry","地球化学资料：表征显示结构不同，怎样判断它与性质变化有关？","地球化学资料：新的结构或过程能否兼顾性能、稳定性与全流程资源评价？","材料批次、表征条件与使用环境记录","本方向具体检查：比较结构描述、测量设置和状态变化。不要把「观测标定、尺度与反演假设」中不同条件直接合并。","组成、工况与系统边界对照页，注明「地球化学资料」的来源、课题版本、已查项与未决项。","https://www.chem.pku.edu.cn/en/Research/ResearchTheme/index.htm"
"geophysics-studies-9","geophysics-studies","构造研究","观测标定、尺度与反演假设","evidence-physics","构造研究：测到的曲线为何可能对应不止一种物理解释？","构造研究：更大规模量子或多体系统怎样连接局部验证与整体行为？","标定、背景信号与模型近似记录","本方向具体检查：对照背景与测量条件，说明近似成立的范围。不要把「观测标定、尺度与反演假设」中不同条件直接合并。","标定、背景信号与模型近似记录的来源与比较条件记录，注明「构造研究」的来源、课题版本、已查项与未决项。","https://english.phy.pku.edu.cn/Research/Research_Areas.htm"
"geophysics-studies-10","geophysics-studies","地球系统模型","观测标定、尺度与反演假设","geoscience","地球系统模型：程序通过测试，为什么不等于所有输入都正确？","地球系统模型：多源观测能否跨尺度保留校准，并在极端或新时期接受外部检查？","运行版本、依赖清单与故障日志","本方向具体检查：在同一条件下复查，区分环境与功能变化。不要把「观测标定、尺度与反演假设」中不同条件直接合并。","空间尺度、观测窗口与缺测索引，注明「地球系统模型」的来源、课题版本、已查项与未决项。","https://www.cs.tsinghua.edu.cn/jgsz/yjssys/jsjkxyjsxrjyjs.htm"
"geophysics-studies-11","geophysics-studies","地球观测质控","观测标定、尺度与反演假设","geoscience","地球观测质控：同一地物在不同传感器里，为什么会得到不同数值？","地球观测质控：多源观测能否跨尺度保留校准，并在极端或新时期接受外部检查？","影像日期、空间分辨率与地面参照","本方向具体检查：对齐时间与尺度，保留未能观测的区域。不要把「观测标定、尺度与反演假设」中不同条件直接合并。","空间尺度、观测窗口与缺测索引，注明「地球观测质控」的来源、课题版本、已查项与未决项。","https://www.ues.pku.edu.cn/ztlm/zrdlyzrzyx/index.htm"
"geophysics-studies-12","geophysics-studies","地学数据复现","观测标定、尺度与反演假设","evidence-physics","地学数据复现：测到的曲线为何可能对应不止一种物理解释？","地学数据复现：更大规模量子或多体系统怎样连接局部验证与整体行为？","标定、背景信号与模型近似记录","本方向具体检查：对照背景与测量条件，说明近似成立的范围。不要把「观测标定、尺度与反演假设」中不同条件直接合并。","标定、背景信号与模型近似记录的来源与比较条件记录，注明「地学数据复现」的来源、课题版本、已查项与未决项。","https://english.phy.pku.edu.cn/Research/Research_Areas.htm"
"ocean-science-1","ocean-science","物理海洋","航次窗口、空间范围与观测条件","physics","物理海洋：一个采样点的变化，何时能帮助解释更大区域？","物理海洋：新的观测或模型能否区分竞争解释，并检验有限条件到理论极限的差距？","采样位置、时间窗口与环境背景记录","本方向具体检查：画出实际覆盖范围，保留天气与缺测时段。不要把「航次窗口、空间范围与观测条件」中不同条件直接合并。","可观测量、背景与近似条件表，注明「物理海洋」的来源、课题版本、已查项与未决项。","https://www.ues.pku.edu.cn/ztlm/zrdlyzrzyx/index.htm"
"ocean-science-2","ocean-science","海洋化学","航次窗口、空间范围与观测条件","chemistry","海洋化学：一个采样点的变化，何时能帮助解释更大区域？","海洋化学：新的结构或过程能否兼顾性能、稳定性与全流程资源评价？","采样位置、时间窗口与环境背景记录","本方向具体检查：画出实际覆盖范围，保留天气与缺测时段。不要把「航次窗口、空间范围与观测条件」中不同条件直接合并。","组成、工况与系统边界对照页，注明「海洋化学」的来源、课题版本、已查项与未决项。","https://www.ues.pku.edu.cn/ztlm/zrdlyzrzyx/index.htm"
"ocean-science-3","ocean-science","海洋生态","航次窗口、空间范围与观测条件","geoscience","海洋生态：一个采样点的变化，何时能帮助解释更大区域？","海洋生态：多源观测能否跨尺度保留校准，并在极端或新时期接受外部检查？","采样位置、时间窗口与环境背景记录","本方向具体检查：画出实际覆盖范围，保留天气与缺测时段。不要把「航次窗口、空间范围与观测条件」中不同条件直接合并。","空间尺度、观测窗口与缺测索引，注明「海洋生态」的来源、课题版本、已查项与未决项。","https://www.ues.pku.edu.cn/ztlm/zrdlyzrzyx/index.htm"
"ocean-science-4","ocean-science","海洋地质","航次窗口、空间范围与观测条件","geoscience","海洋地质：一个采样点的变化，何时能帮助解释更大区域？","海洋地质：多源观测能否跨尺度保留校准，并在极端或新时期接受外部检查？","采样位置、时间窗口与环境背景记录","本方向具体检查：画出实际覆盖范围，保留天气与缺测时段。不要把「航次窗口、空间范围与观测条件」中不同条件直接合并。","空间尺度、观测窗口与缺测索引，注明「海洋地质」的来源、课题版本、已查项与未决项。","https://www.ues.pku.edu.cn/ztlm/zrdlyzrzyx/index.htm"
"ocean-science-5","ocean-science","海气相互作用","航次窗口、空间范围与观测条件","evidence-ecology","海气相互作用：一个采样点的变化，何时能帮助解释更大区域？","海气相互作用：气候与生态多来源资料如何刻画极端事件后的恢复？","采样位置、时间窗口与环境背景记录","本方向具体检查：画出实际覆盖范围，保留天气与缺测时段。不要把「航次窗口、空间范围与观测条件」中不同条件直接合并。","采样位置、时间窗口与环境背景记录的来源与比较条件记录，注明「海气相互作用」的来源、课题版本、已查项与未决项。","https://www.ues.pku.edu.cn/ztlm/zrdlyzrzyx/index.htm"
"ocean-science-6","ocean-science","海洋遥感","航次窗口、空间范围与观测条件","geoscience","海洋遥感：同一地物在不同传感器里，为什么会得到不同数值？","海洋遥感：多源观测能否跨尺度保留校准，并在极端或新时期接受外部检查？","影像日期、空间分辨率与地面参照","本方向具体检查：对齐时间与尺度，保留未能观测的区域。不要把「航次窗口、空间范围与观测条件」中不同条件直接合并。","空间尺度、观测窗口与缺测索引，注明「海洋遥感」的来源、课题版本、已查项与未决项。","https://www.ues.pku.edu.cn/ztlm/zrdlyzrzyx/index.htm"
"ocean-science-7","ocean-science","近岸过程","航次窗口、空间范围与观测条件","evidence-ecology","近岸过程：一个采样点的变化，何时能帮助解释更大区域？","近岸过程：气候与生态多来源资料如何刻画极端事件后的恢复？","采样位置、时间窗口与环境背景记录","本方向具体检查：画出实际覆盖范围，保留天气与缺测时段。不要把「航次窗口、空间范围与观测条件」中不同条件直接合并。","采样位置、时间窗口与环境背景记录的来源与比较条件记录，注明「近岸过程」的来源、课题版本、已查项与未决项。","https://www.ues.pku.edu.cn/ztlm/zrdlyzrzyx/index.htm"
"ocean-science-8","ocean-science","海洋观测","航次窗口、空间范围与观测条件","geoscience","海洋观测：一个采样点的变化，何时能帮助解释更大区域？","海洋观测：多源观测能否跨尺度保留校准，并在极端或新时期接受外部检查？","采样位置、时间窗口与环境背景记录","本方向具体检查：画出实际覆盖范围，保留天气与缺测时段。不要把「航次窗口、空间范围与观测条件」中不同条件直接合并。","空间尺度、观测窗口与缺测索引，注明「海洋观测」的来源、课题版本、已查项与未决项。","https://www.ues.pku.edu.cn/ztlm/zrdlyzrzyx/index.htm"
"ocean-science-9","ocean-science","海洋时间序列","航次窗口、空间范围与观测条件","geoscience","海洋时间序列：一个采样点的变化，何时能帮助解释更大区域？","海洋时间序列：多源观测能否跨尺度保留校准，并在极端或新时期接受外部检查？","采样位置、时间窗口与环境背景记录","本方向具体检查：画出实际覆盖范围，保留天气与缺测时段。不要把「航次窗口、空间范围与观测条件」中不同条件直接合并。","空间尺度、观测窗口与缺测索引，注明「海洋时间序列」的来源、课题版本、已查项与未决项。","https://www.ues.pku.edu.cn/ztlm/zrdlyzrzyx/index.htm"
"ocean-science-10","ocean-science","海洋模型","航次窗口、空间范围与观测条件","geoscience","海洋模型：一个采样点的变化，何时能帮助解释更大区域？","海洋模型：多源观测能否跨尺度保留校准，并在极端或新时期接受外部检查？","采样位置、时间窗口与环境背景记录","本方向具体检查：画出实际覆盖范围，保留天气与缺测时段。不要把「航次窗口、空间范围与观测条件」中不同条件直接合并。","空间尺度、观测窗口与缺测索引，注明「海洋模型」的来源、课题版本、已查项与未决项。","https://www.ues.pku.edu.cn/ztlm/zrdlyzrzyx/index.htm"
"ocean-science-11","ocean-science","海洋数据质量","航次窗口、空间范围与观测条件","geoscience","海洋数据质量：一个采样点的变化，何时能帮助解释更大区域？","海洋数据质量：多源观测能否跨尺度保留校准，并在极端或新时期接受外部检查？","采样位置、时间窗口与环境背景记录","本方向具体检查：画出实际覆盖范围，保留天气与缺测时段。不要把「航次窗口、空间范围与观测条件」中不同条件直接合并。","空间尺度、观测窗口与缺测索引，注明「海洋数据质量」的来源、课题版本、已查项与未决项。","https://www.ues.pku.edu.cn/ztlm/zrdlyzrzyx/index.htm"
"ocean-science-12","ocean-science","海洋环境史","航次窗口、空间范围与观测条件","geoscience","海洋环境史：一个采样点的变化，何时能帮助解释更大区域？","海洋环境史：多源观测能否跨尺度保留校准，并在极端或新时期接受外部检查？","采样位置、时间窗口与环境背景记录","本方向具体检查：画出实际覆盖范围，保留天气与缺测时段。不要把「航次窗口、空间范围与观测条件」中不同条件直接合并。","空间尺度、观测窗口与缺测索引，注明「海洋环境史」的来源、课题版本、已查项与未决项。","https://www.ues.pku.edu.cn/ztlm/zrdlyzrzyx/index.htm"
"mechanics-science-1","mechanics-science","理论力学","边界条件、尺度与守恒关系","subject-structures","理论力学：这条边界条件在实际使用里由什么保证？","理论力学：数字模型怎样同时约束局部响应和长期可靠性？","荷载边界、模型简化与失效记录","分开模型假设、边界条件与响应评价","荷载边界、模型简化与失效记录的比较与解释记录","https://ocw.mit.edu/courses/2-001-mechanics-materials-i-fall-2006/pages/syllabus/"
"mechanics-science-2","mechanics-science","固体力学","边界条件、尺度与守恒关系","subject-structures","固体力学：这条边界条件在实际使用里由什么保证？","固体力学：数字模型怎样同时约束局部响应和长期可靠性？","荷载边界、模型简化与失效记录","分开模型假设、边界条件与响应评价","荷载边界、模型简化与失效记录的比较与解释记录","https://ocw.mit.edu/courses/2-001-mechanics-materials-i-fall-2006/pages/syllabus/"
"mechanics-science-3","mechanics-science","流体力学","边界条件、尺度与守恒关系","subject-structures","流体力学：这条边界条件在实际使用里由什么保证？","流体力学：数字模型怎样同时约束局部响应和长期可靠性？","荷载边界、模型简化与失效记录","分开模型假设、边界条件与响应评价","荷载边界、模型简化与失效记录的比较与解释记录","https://ocw.mit.edu/courses/2-001-mechanics-materials-i-fall-2006/pages/syllabus/"
"mechanics-science-4","mechanics-science","计算力学","边界条件、尺度与守恒关系","subject-numerics","计算力学：残差变小以后，换网格的结果是否还会变？","计算力学：自适应计算怎样分配误差预算并保留可解释性？","网格序列、误差指标与参考解","区分离散误差、求解误差与模型误差","网格序列、误差指标与参考解的比较与解释记录","https://ocw.mit.edu/courses/2-001-mechanics-materials-i-fall-2006/pages/syllabus/"
"mechanics-science-5","mechanics-science","实验力学","边界条件、尺度与守恒关系","subject-structures","实验力学：这条边界条件在实际使用里由什么保证？","实验力学：数字模型怎样同时约束局部响应和长期可靠性？","荷载边界、模型简化与失效记录","分开模型假设、边界条件与响应评价","荷载边界、模型简化与失效记录的比较与解释记录","https://ocw.mit.edu/courses/2-001-mechanics-materials-i-fall-2006/pages/syllabus/"
"mechanics-science-6","mechanics-science","多尺度力学","边界条件、尺度与守恒关系","subject-structures","多尺度力学：这条边界条件在实际使用里由什么保证？","多尺度力学：数字模型怎样同时约束局部响应和长期可靠性？","荷载边界、模型简化与失效记录","分开模型假设、边界条件与响应评价","荷载边界、模型简化与失效记录的比较与解释记录","https://ocw.mit.edu/courses/2-001-mechanics-materials-i-fall-2006/pages/syllabus/"
"mechanics-science-7","mechanics-science","非线性动力学","边界条件、尺度与守恒关系","subject-structures","非线性动力学：这条边界条件在实际使用里由什么保证？","非线性动力学：数字模型怎样同时约束局部响应和长期可靠性？","荷载边界、模型简化与失效记录","分开模型假设、边界条件与响应评价","荷载边界、模型简化与失效记录的比较与解释记录","https://ocw.mit.edu/courses/2-001-mechanics-materials-i-fall-2006/pages/syllabus/"
"mechanics-science-8","mechanics-science","材料力学","边界条件、尺度与守恒关系","subject-structures","材料力学：这条边界条件在实际使用里由什么保证？","材料力学：数字模型怎样同时约束局部响应和长期可靠性？","荷载边界、模型简化与失效记录","分开模型假设、边界条件与响应评价","荷载边界、模型简化与失效记录的比较与解释记录","https://www.chem.pku.edu.cn/en/Research/ResearchTheme/index.htm"
"mechanics-science-9","mechanics-science","结构稳定","边界条件、尺度与守恒关系","subject-structures","结构稳定：这条边界条件在实际使用里由什么保证？","结构稳定：数字模型怎样同时约束局部响应和长期可靠性？","荷载边界、模型简化与失效记录","分开模型假设、边界条件与响应评价","荷载边界、模型简化与失效记录的比较与解释记录","https://ocw.mit.edu/courses/2-001-mechanics-materials-i-fall-2006/pages/syllabus/"
"mechanics-science-10","mechanics-science","生物力学","边界条件、尺度与守恒关系","subject-structures","生物力学：这条边界条件在实际使用里由什么保证？","生物力学：数字模型怎样同时约束局部响应和长期可靠性？","荷载边界、模型简化与失效记录","分开模型假设、边界条件与响应评价","荷载边界、模型简化与失效记录的比较与解释记录","https://ocw.mit.edu/courses/2-001-mechanics-materials-i-fall-2006/pages/syllabus/"
"mechanics-science-11","mechanics-science","力学测量","边界条件、尺度与守恒关系","subject-structures","力学测量：这条边界条件在实际使用里由什么保证？","力学测量：数字模型怎样同时约束局部响应和长期可靠性？","荷载边界、模型简化与失效记录","分开模型假设、边界条件与响应评价","荷载边界、模型简化与失效记录的比较与解释记录","https://ocw.mit.edu/courses/2-001-mechanics-materials-i-fall-2006/pages/syllabus/"
"mechanics-science-12","mechanics-science","力学模型验证","边界条件、尺度与守恒关系","subject-structures","力学模型验证：这条边界条件在实际使用里由什么保证？","力学模型验证：数字模型怎样同时约束局部响应和长期可靠性？","荷载边界、模型简化与失效记录","分开模型假设、边界条件与响应评价","荷载边界、模型简化与失效记录的比较与解释记录","https://ocw.mit.edu/courses/2-001-mechanics-materials-i-fall-2006/pages/syllabus/"
"photonics-1","photonics","几何光学","光路条件、信号与背景","proof","几何光学：光学响应怎样与材料、几何和测量条件对应？","几何光学：可重构光子器件怎样兼顾带宽、损耗与长期稳定？","标定、背景信号与模型近似记录","本方向具体检查：对照背景与测量条件，说明近似成立的范围。不要把「光路条件、信号与背景」中不同条件直接合并。","逐条前提与反例表，注明「几何光学」的来源、课题版本、已查项与未决项。","https://english.phy.pku.edu.cn/Research/Research_Areas.htm"
"photonics-2","photonics","物理光学","光路条件、信号与背景","physics","物理光学：光学响应怎样与材料、几何和测量条件对应？","物理光学：可重构光子器件怎样兼顾带宽、损耗与长期稳定？","标定、背景信号与模型近似记录","本方向具体检查：对照背景与测量条件，说明近似成立的范围。不要把「光路条件、信号与背景」中不同条件直接合并。","可观测量、背景与近似条件表，注明「物理光学」的来源、课题版本、已查项与未决项。","https://english.phy.pku.edu.cn/Research/Research_Areas.htm"
"photonics-3","photonics","量子光学理论","光路条件、信号与背景","physics","量子光学理论：观测量与多体模型的近似条件怎样对应？","量子光学理论：量子多体模拟怎样验证局部观测与整体解释？","状态制备的研究描述、可观测量与模型近似","本方向具体检查：区分模型中的量、测量对应与近似条件。不要把「光路条件、信号与背景」中不同条件直接合并。","可观测量、背景与近似条件表，注明「量子光学理论」的来源、课题版本、已查项与未决项。","https://english.phy.pku.edu.cn/Research/Research_Areas.htm"
"photonics-4","photonics","光谱研究","光路条件、信号与背景","evidence-physics","光谱研究：测到的曲线为何可能对应不止一种物理解释？","光谱研究：更大规模量子或多体系统怎样连接局部验证与整体行为？","标定、背景信号与模型近似记录","本方向具体检查：对照背景与测量条件，说明近似成立的范围。不要把「光路条件、信号与背景」中不同条件直接合并。","标定、背景信号与模型近似记录的来源与比较条件记录，注明「光谱研究」的来源、课题版本、已查项与未决项。","https://english.phy.pku.edu.cn/Research/Research_Areas.htm"
"photonics-5","photonics","成像科学","光路条件、信号与背景","evidence-physics","成像科学：测到的曲线为何可能对应不止一种物理解释？","成像科学：更大规模量子或多体系统怎样连接局部验证与整体行为？","标定、背景信号与模型近似记录","本方向具体检查：对照背景与测量条件，说明近似成立的范围。不要把「光路条件、信号与背景」中不同条件直接合并。","标定、背景信号与模型近似记录的来源与比较条件记录，注明「成像科学」的来源、课题版本、已查项与未决项。","https://english.phy.pku.edu.cn/Research/Research_Areas.htm"
"photonics-6","photonics","光学材料","光路条件、信号与背景","materials","光学材料：光学响应怎样与材料、几何和测量条件对应？","光学材料：可重构光子器件怎样兼顾带宽、损耗与长期稳定？","标定、背景信号与模型近似记录","本方向具体检查：对照背景与测量条件，说明近似成立的范围。不要把「光路条件、信号与背景」中不同条件直接合并。","结构、批次、测量状态与使用条件表，注明「光学材料」的来源、课题版本、已查项与未决项。","https://english.phy.pku.edu.cn/Research/Research_Areas.htm"
"photonics-7","photonics","光电测量","光路条件、信号与背景","evidence-physics","光电测量：测到的曲线为何可能对应不止一种物理解释？","光电测量：更大规模量子或多体系统怎样连接局部验证与整体行为？","标定、背景信号与模型近似记录","本方向具体检查：对照背景与测量条件，说明近似成立的范围。不要把「光路条件、信号与背景」中不同条件直接合并。","标定、背景信号与模型近似记录的来源与比较条件记录，注明「光电测量」的来源、课题版本、已查项与未决项。","https://english.phy.pku.edu.cn/Research/Research_Areas.htm"
"photonics-8","photonics","光学仪器","光路条件、信号与背景","physics","光学仪器：光学响应怎样与材料、几何和测量条件对应？","光学仪器：可重构光子器件怎样兼顾带宽、损耗与长期稳定？","标定、背景信号与模型近似记录","本方向具体检查：对照背景与测量条件，说明近似成立的范围。不要把「光路条件、信号与背景」中不同条件直接合并。","可观测量、背景与近似条件表，注明「光学仪器」的来源、课题版本、已查项与未决项。","https://english.phy.pku.edu.cn/Research/Research_Areas.htm"
"photonics-9","photonics","计算成像","光路条件、信号与背景","evidence-physics","计算成像：测到的曲线为何可能对应不止一种物理解释？","计算成像：更大规模量子或多体系统怎样连接局部验证与整体行为？","标定、背景信号与模型近似记录","本方向具体检查：对照背景与测量条件，说明近似成立的范围。不要把「光路条件、信号与背景」中不同条件直接合并。","标定、背景信号与模型近似记录的来源与比较条件记录，注明「计算成像」的来源、课题版本、已查项与未决项。","https://english.phy.pku.edu.cn/Research/Research_Areas.htm"
"photonics-10","photonics","光学噪声","光路条件、信号与背景","physics","光学噪声：光学响应怎样与材料、几何和测量条件对应？","光学噪声：可重构光子器件怎样兼顾带宽、损耗与长期稳定？","标定、背景信号与模型近似记录","本方向具体检查：对照背景与测量条件，说明近似成立的范围。不要把「光路条件、信号与背景」中不同条件直接合并。","可观测量、背景与近似条件表，注明「光学噪声」的来源、课题版本、已查项与未决项。","https://english.phy.pku.edu.cn/Research/Research_Areas.htm"
"photonics-11","photonics","光学标定","光路条件、信号与背景","physics","光学标定：光学响应怎样与材料、几何和测量条件对应？","光学标定：可重构光子器件怎样兼顾带宽、损耗与长期稳定？","标定、背景信号与模型近似记录","本方向具体检查：对照背景与测量条件，说明近似成立的范围。不要把「光路条件、信号与背景」中不同条件直接合并。","可观测量、背景与近似条件表，注明「光学标定」的来源、课题版本、已查项与未决项。","https://english.phy.pku.edu.cn/Research/Research_Areas.htm"
"photonics-12","photonics","光学数据复现","光路条件、信号与背景","physics","光学数据复现：光学响应怎样与材料、几何和测量条件对应？","光学数据复现：可重构光子器件怎样兼顾带宽、损耗与长期稳定？","标定、背景信号与模型近似记录","本方向具体检查：对照背景与测量条件，说明近似成立的范围。不要把「光路条件、信号与背景」中不同条件直接合并。","可观测量、背景与近似条件表，注明「光学数据复现」的来源、课题版本、已查项与未决项。","https://english.phy.pku.edu.cn/Research/Research_Areas.htm"
"systems-biology-1","systems-biology","系统生物学","独立对象、来源批次与模型范围","subject-ecology","系统生物学：少记录到一种生物，是少了还是更难被看到？","系统生物学：长期监测怎样区分群落变化和探测过程变化？","样地边界、观测季节与物种可探测性","区分没观察到、真的缺席与观察机会不同","样地边界、观测季节与物种可探测性的比较与解释记录","https://www.nhlbi.nih.gov/health-topics/study-quality-assessment-tools；https://openstax.org/books/anatomy-and-physiology-2e/pages/preface"
"systems-biology-2","systems-biology","生物信息学","独立对象、来源批次与模型范围","subject-ecology","生物信息学：少记录到一种生物，是少了还是更难被看到？","生物信息学：长期监测怎样区分群落变化和探测过程变化？","样地边界、观测季节与物种可探测性","区分没观察到、真的缺席与观察机会不同","样地边界、观测季节与物种可探测性的比较与解释记录","https://www.nhlbi.nih.gov/health-topics/study-quality-assessment-tools；https://openstax.org/books/anatomy-and-physiology-2e/pages/preface"
"systems-biology-3","systems-biology","计算生态","独立对象、来源批次与模型范围","subject-ecology","计算生态：少记录到一种生物，是少了还是更难被看到？","计算生态：长期监测怎样区分群落变化和探测过程变化？","样地边界、观测季节与物种可探测性","区分没观察到、真的缺席与观察机会不同","样地边界、观测季节与物种可探测性的比较与解释记录","https://www.ues.pku.edu.cn/ztlm/zrdlyzrzyx/index.htm"
"systems-biology-4","systems-biology","群体遗传资料","独立对象、来源批次与模型范围","genetics","群体遗传资料：遗传关联为何不能独立说明某条分子机制？","群体遗传资料：多来源证据能否缩小候选解释，同时保留群体与模型的边界？","变异标识、效应等位基因与祖源构成","本方向具体检查：对齐等位基因、效应方向和研究人群，区分关联与机制。不要把「独立对象、来源批次与模型范围」中不同条件直接合并。","参考版本、对象关系与证据层级表，注明「群体遗传资料」的来源、课题版本、已查项与未决项。","https://www.stat.tsinghua.edu.cn/kxyj/kylyy.htm；https://www.nhlbi.nih.gov/health-topics/study-quality-assessment-tools"
"systems-biology-5","systems-biology","发育资料比较","独立对象、来源批次与模型范围","development","发育资料比较：形态结构与生理功能怎样建立对应？","发育资料比较：连续观察能否区分个体变化、年龄差异与资料进入方式？","结构图谱、发育阶段与功能观察记录","本方向具体检查：对应结构、阶段与观察条件，不用形态代替功能。不要把「独立对象、来源批次与模型范围」中不同条件直接合并。","阶段、生活条件与指标含义说明，注明「发育资料比较」的来源、课题版本、已查项与未决项。","https://openstax.org/books/anatomy-and-physiology-2e/pages/preface"
"systems-biology-6","systems-biology","进化资料研究","独立对象、来源批次与模型范围","evidence-ecology","进化资料研究：一个采样点的变化，何时能帮助解释更大区域？","进化资料研究：气候与生态多来源资料如何刻画极端事件后的恢复？","采样位置、时间窗口与环境背景记录","本方向具体检查：画出实际覆盖范围，保留天气与缺测时段。不要把「独立对象、来源批次与模型范围」中不同条件直接合并。","采样位置、时间窗口与环境背景记录的来源与比较条件记录，注明「进化资料研究」的来源、课题版本、已查项与未决项。","https://www.ues.pku.edu.cn/ztlm/zrdlyzrzyx/index.htm"
"systems-biology-7","systems-biology","公共组学资料","独立对象、来源批次与模型范围","omics","公共组学资料：分子或细胞层面的差异，怎样连接到具体生物学解释？","公共组学资料：跨平台整合能否在未见对象上保持结果，并与简单基线比较？","样本来源、批次索引与注释版本","本方向具体检查：区分生物对象与重复测量，核对批次构成。不要把「独立对象、来源批次与模型范围」中不同条件直接合并。","来源、供体与批次对应表，注明「公共组学资料」的来源、课题版本、已查项与未决项。","https://www.nhlbi.nih.gov/health-topics/study-quality-assessment-tools；https://openstax.org/books/anatomy-and-physiology-2e/pages/preface"
"systems-biology-8","systems-biology","网络生物学","独立对象、来源批次与模型范围","subject-ecology","网络生物学：少记录到一种生物，是少了还是更难被看到？","网络生物学：长期监测怎样区分群落变化和探测过程变化？","样地边界、观测季节与物种可探测性","区分没观察到、真的缺席与观察机会不同","样地边界、观测季节与物种可探测性的比较与解释记录","https://www.nhlbi.nih.gov/health-topics/study-quality-assessment-tools；https://openstax.org/books/anatomy-and-physiology-2e/pages/preface"
"systems-biology-9","systems-biology","生命系统模型","独立对象、来源批次与模型范围","evidence-software","生命系统模型：程序通过测试，为什么不等于所有输入都正确？","生命系统模型：生成式开发怎样与形式化核验和长期维护相互配合？","运行版本、依赖清单与故障日志","本方向具体检查：在同一条件下复查，区分环境与功能变化。不要把「独立对象、来源批次与模型范围」中不同条件直接合并。","运行版本、依赖清单与故障日志的来源与比较条件记录，注明「生命系统模型」的来源、课题版本、已查项与未决项。","https://www.cs.tsinghua.edu.cn/jgsz/yjssys/jsjkxyjsxrjyjs.htm"
"systems-biology-10","systems-biology","生态时间序列","独立对象、来源批次与模型范围","subject-ecology","生态时间序列：少记录到一种生物，是少了还是更难被看到？","生态时间序列：长期监测怎样区分群落变化和探测过程变化？","样地边界、观测季节与物种可探测性","区分没观察到、真的缺席与观察机会不同","样地边界、观测季节与物种可探测性的比较与解释记录","https://www.ues.pku.edu.cn/ztlm/zrdlyzrzyx/index.htm"
"systems-biology-11","systems-biology","生物资料质控","独立对象、来源批次与模型范围","subject-ecology","生物资料质控：少记录到一种生物，是少了还是更难被看到？","生物资料质控：长期监测怎样区分群落变化和探测过程变化？","样地边界、观测季节与物种可探测性","区分没观察到、真的缺席与观察机会不同","样地边界、观测季节与物种可探测性的比较与解释记录","https://www.nhlbi.nih.gov/health-topics/study-quality-assessment-tools；https://openstax.org/books/anatomy-and-physiology-2e/pages/preface"
"systems-biology-12","systems-biology","生命科学教学","独立对象、来源批次与模型范围","evidence-education","生命科学教学：一个教学目标怎样转成能检验掌握的任务？","生命科学教学：智能助教的提示设计能否改善延迟迁移而非只提高即时答题？","学习目标、任务作品与课堂实施记录","本方向具体检查：对齐学习目标和评价任务，区分实施变化与工具作用。不要把「独立对象、来源批次与模型范围」中不同条件直接合并。","学习目标、任务作品与课堂实施记录的来源与比较条件记录，注明「生命科学教学」的来源、课题版本、已查项与未决项。","https://cter.bnu.edu.cn/docs/2024-05/e0d9749ec02e425eb45aa96fefdadc2a.pdf"
"software-engineering-1","software-engineering","软件需求","版本、任务与可重现故障","subject-software","软件需求：这条行为约定没有被哪些测试覆盖？","软件需求：生成代码怎样提供可核验的语义保持与失败解释？","行为约定、失败输入与测试覆盖记录","区分规范满足、测试通过与一般正确性","行为约定、失败输入与测试覆盖记录的比较与解释记录","https://www.cs.tsinghua.edu.cn/jgsz/yjssys/jsjkxyjsxrjyjs.htm"
"software-engineering-2","software-engineering","软件架构","版本、任务与可重现故障","subject-software","软件架构：这条行为约定没有被哪些测试覆盖？","软件架构：生成代码怎样提供可核验的语义保持与失败解释？","行为约定、失败输入与测试覆盖记录","区分规范满足、测试通过与一般正确性","行为约定、失败输入与测试覆盖记录的比较与解释记录","https://www.cs.tsinghua.edu.cn/jgsz/yjssys/jsjkxyjsxrjyjs.htm"
"software-engineering-3","software-engineering","软件测试","版本、任务与可重现故障","subject-software","软件测试：这条行为约定没有被哪些测试覆盖？","软件测试：生成代码怎样提供可核验的语义保持与失败解释？","行为约定、失败输入与测试覆盖记录","区分规范满足、测试通过与一般正确性","行为约定、失败输入与测试覆盖记录的比较与解释记录","https://www.cs.tsinghua.edu.cn/jgsz/yjssys/jsjkxyjsxrjyjs.htm"
"software-engineering-4","software-engineering","程序分析","版本、任务与可重现故障","subject-software","程序分析：这条行为约定没有被哪些测试覆盖？","程序分析：生成代码怎样提供可核验的语义保持与失败解释？","行为约定、失败输入与测试覆盖记录","区分规范满足、测试通过与一般正确性","行为约定、失败输入与测试覆盖记录的比较与解释记录","https://www.ocw.mit.edu/courses/18-100c-real-analysis-fall-2012/"
"software-engineering-5","software-engineering","软件维护","版本、任务与可重现故障","subject-software","软件维护：这条行为约定没有被哪些测试覆盖？","软件维护：生成代码怎样提供可核验的语义保持与失败解释？","行为约定、失败输入与测试覆盖记录","区分规范满足、测试通过与一般正确性","行为约定、失败输入与测试覆盖记录的比较与解释记录","https://www.cs.tsinghua.edu.cn/jgsz/yjssys/jsjkxyjsxrjyjs.htm"
"software-engineering-6","software-engineering","软件可靠性","版本、任务与可重现故障","subject-software","软件可靠性：这条行为约定没有被哪些测试覆盖？","软件可靠性：生成代码怎样提供可核验的语义保持与失败解释？","行为约定、失败输入与测试覆盖记录","区分规范满足、测试通过与一般正确性","行为约定、失败输入与测试覆盖记录的比较与解释记录","https://www.cs.tsinghua.edu.cn/jgsz/yjssys/jsjkxyjsxrjyjs.htm"
"software-engineering-7","software-engineering","软件工程教育","版本、任务与可重现故障","subject-software","软件工程教育：这条行为约定没有被哪些测试覆盖？","软件工程教育：生成代码怎样提供可核验的语义保持与失败解释？","行为约定、失败输入与测试覆盖记录","区分规范满足、测试通过与一般正确性","行为约定、失败输入与测试覆盖记录的比较与解释记录","https://cter.bnu.edu.cn/docs/2024-05/e0d9749ec02e425eb45aa96fefdadc2a.pdf"
"software-engineering-8","software-engineering","开源协作","版本、任务与可重现故障","evidence-software","开源协作：程序通过测试，为什么不等于所有输入都正确？","开源协作：生成式开发怎样与形式化核验和长期维护相互配合？","运行版本、依赖清单与故障日志","本方向具体检查：在同一条件下复查，区分环境与功能变化。不要把「版本、任务与可重现故障」中不同条件直接合并。","运行版本、依赖清单与故障日志的来源与比较条件记录，注明「开源协作」的来源、课题版本、已查项与未决项。","https://www.cs.tsinghua.edu.cn/jgsz/yjssys/jsjkxyjsxrjyjs.htm"
"software-engineering-9","software-engineering","开发工具","版本、任务与可重现故障","evidence-software","开发工具：程序通过测试，为什么不等于所有输入都正确？","开发工具：生成式开发怎样与形式化核验和长期维护相互配合？","运行版本、依赖清单与故障日志","本方向具体检查：在同一条件下复查，区分环境与功能变化。不要把「版本、任务与可重现故障」中不同条件直接合并。","运行版本、依赖清单与故障日志的来源与比较条件记录，注明「开发工具」的来源、课题版本、已查项与未决项。","https://www.cs.tsinghua.edu.cn/jgsz/yjssys/jsjkxyjsxrjyjs.htm"
"software-engineering-10","software-engineering","软件可用性","版本、任务与可重现故障","subject-software","软件可用性：这条行为约定没有被哪些测试覆盖？","软件可用性：生成代码怎样提供可核验的语义保持与失败解释？","行为约定、失败输入与测试覆盖记录","区分规范满足、测试通过与一般正确性","行为约定、失败输入与测试覆盖记录的比较与解释记录","https://www.cs.tsinghua.edu.cn/kxyj/kyfx.htm；https://www.cafa.edu.cn/sp/nljg/?j=151"
"software-engineering-11","software-engineering","软件度量","版本、任务与可重现故障","subject-software","软件度量：这条行为约定没有被哪些测试覆盖？","软件度量：生成代码怎样提供可核验的语义保持与失败解释？","行为约定、失败输入与测试覆盖记录","区分规范满足、测试通过与一般正确性","行为约定、失败输入与测试覆盖记录的比较与解释记录","https://www.cs.tsinghua.edu.cn/jgsz/yjssys/jsjkxyjsxrjyjs.htm"
"software-engineering-12","software-engineering","软件复现","版本、任务与可重现故障","subject-software","软件复现：这条行为约定没有被哪些测试覆盖？","软件复现：生成代码怎样提供可核验的语义保持与失败解释？","行为约定、失败输入与测试覆盖记录","区分规范满足、测试通过与一般正确性","行为约定、失败输入与测试覆盖记录的比较与解释记录","https://www.cs.tsinghua.edu.cn/jgsz/yjssys/jsjkxyjsxrjyjs.htm"
"electrical-engineering-1","electrical-engineering","电机研究","运行工况、接口与安全边界","evidence-mechanical","电机研究：台架成功为什么还不能覆盖所有工况？","电机研究：学习型控制与数字孪生怎样面对未见工况和模型偏差？","工况、台架日志与接口版本","本方向具体检查：对照载荷范围、控制条件和实际接口。不要把「运行工况、接口与安全边界」中不同条件直接合并。","工况、台架日志与接口版本的来源与比较条件记录，注明「电机研究」的来源、课题版本、已查项与未决项。","https://ocw.mit.edu/courses/2-001-mechanics-materials-i-fall-2006/pages/syllabus/"
"electrical-engineering-2","electrical-engineering","电力系统","运行工况、接口与安全边界","energy","电力系统：程序通过测试，为什么不等于所有输入都正确？","电力系统：新的转换或调度方案能否在全周期、工况变化与资源约束下保留优势？","运行版本、依赖清单与故障日志","本方向具体检查：在同一条件下复查，区分环境与功能变化。不要把「运行工况、接口与安全边界」中不同条件直接合并。","工况、全流程边界与资源取舍表，注明「电力系统」的来源、课题版本、已查项与未决项。","https://www.cs.tsinghua.edu.cn/jgsz/yjssys/jsjkxyjsxrjyjs.htm"
"electrical-engineering-3","electrical-engineering","电力电子","运行工况、接口与安全边界","circuits","电力电子：仿真信号与实际测量怎样在同一条件下比较？","电力电子：协同设计能否在负载、噪声和器件差异下保留性能与能耗解释？","信号标定、器件状态与测试条件","本方向具体检查：把仿真参数与实际测量条件逐项对应。不要把「运行工况、接口与安全边界」中不同条件直接合并。","器件版本、输入条件与误差预算表，注明「电力电子」的来源、课题版本、已查项与未决项。","https://www.cs.tsinghua.edu.cn/kxyj/kyfx.htm；https://english.phy.pku.edu.cn/Research/Research_Areas.htm"
"electrical-engineering-4","electrical-engineering","绝缘与可靠性","运行工况、接口与安全边界","evidence-mechanical","绝缘与可靠性：台架成功为什么还不能覆盖所有工况？","绝缘与可靠性：学习型控制与数字孪生怎样面对未见工况和模型偏差？","工况、台架日志与接口版本","本方向具体检查：对照载荷范围、控制条件和实际接口。不要把「运行工况、接口与安全边界」中不同条件直接合并。","工况、台架日志与接口版本的来源与比较条件记录，注明「绝缘与可靠性」的来源、课题版本、已查项与未决项。","https://ocw.mit.edu/courses/2-001-mechanics-materials-i-fall-2006/pages/syllabus/"
"electrical-engineering-5","electrical-engineering","电气测量","运行工况、接口与安全边界","evidence-mechanical","电气测量：台架成功为什么还不能覆盖所有工况？","电气测量：学习型控制与数字孪生怎样面对未见工况和模型偏差？","工况、台架日志与接口版本","本方向具体检查：对照载荷范围、控制条件和实际接口。不要把「运行工况、接口与安全边界」中不同条件直接合并。","工况、台架日志与接口版本的来源与比较条件记录，注明「电气测量」的来源、课题版本、已查项与未决项。","https://ocw.mit.edu/courses/2-001-mechanics-materials-i-fall-2006/pages/syllabus/"
"electrical-engineering-6","electrical-engineering","可再生能源接入","运行工况、接口与安全边界","energy","可再生能源接入：台架成功为什么还不能覆盖所有工况？","可再生能源接入：新的转换或调度方案能否在全周期、工况变化与资源约束下保留优势？","工况、台架日志与接口版本","本方向具体检查：对照载荷范围、控制条件和实际接口。不要把「运行工况、接口与安全边界」中不同条件直接合并。","工况、全流程边界与资源取舍表，注明「可再生能源接入」的来源、课题版本、已查项与未决项。","https://ocw.mit.edu/courses/2-001-mechanics-materials-i-fall-2006/pages/syllabus/"
"electrical-engineering-7","electrical-engineering","电网运行评价","运行工况、接口与安全边界","evidence-mechanical","电网运行评价：台架成功为什么还不能覆盖所有工况？","电网运行评价：学习型控制与数字孪生怎样面对未见工况和模型偏差？","工况、台架日志与接口版本","本方向具体检查：对照载荷范围、控制条件和实际接口。不要把「运行工况、接口与安全边界」中不同条件直接合并。","工况、台架日志与接口版本的来源与比较条件记录，注明「电网运行评价」的来源、课题版本、已查项与未决项。","https://ocw.mit.edu/courses/2-001-mechanics-materials-i-fall-2006/pages/syllabus/"
"electrical-engineering-8","electrical-engineering","电能质量","运行工况、接口与安全边界","evidence-mechanical","电能质量：台架成功为什么还不能覆盖所有工况？","电能质量：学习型控制与数字孪生怎样面对未见工况和模型偏差？","工况、台架日志与接口版本","本方向具体检查：对照载荷范围、控制条件和实际接口。不要把「运行工况、接口与安全边界」中不同条件直接合并。","工况、台架日志与接口版本的来源与比较条件记录，注明「电能质量」的来源、课题版本、已查项与未决项。","https://ocw.mit.edu/courses/2-001-mechanics-materials-i-fall-2006/pages/syllabus/"
"electrical-engineering-9","electrical-engineering","电气设备诊断","运行工况、接口与安全边界","evidence-mechanical","电气设备诊断：台架成功为什么还不能覆盖所有工况？","电气设备诊断：学习型控制与数字孪生怎样面对未见工况和模型偏差？","工况、台架日志与接口版本","本方向具体检查：对照载荷范围、控制条件和实际接口。不要把「运行工况、接口与安全边界」中不同条件直接合并。","工况、台架日志与接口版本的来源与比较条件记录，注明「电气设备诊断」的来源、课题版本、已查项与未决项。","https://ocw.mit.edu/courses/2-001-mechanics-materials-i-fall-2006/pages/syllabus/"
"electrical-engineering-10","electrical-engineering","电气自动化","运行工况、接口与安全边界","evidence-mechanical","电气自动化：台架成功为什么还不能覆盖所有工况？","电气自动化：学习型控制与数字孪生怎样面对未见工况和模型偏差？","工况、台架日志与接口版本","本方向具体检查：对照载荷范围、控制条件和实际接口。不要把「运行工况、接口与安全边界」中不同条件直接合并。","工况、台架日志与接口版本的来源与比较条件记录，注明「电气自动化」的来源、课题版本、已查项与未决项。","https://ocw.mit.edu/courses/2-001-mechanics-materials-i-fall-2006/pages/syllabus/"
"electrical-engineering-11","electrical-engineering","储能系统评价","运行工况、接口与安全边界","energy","储能系统评价：程序通过测试，为什么不等于所有输入都正确？","储能系统评价：新的转换或调度方案能否在全周期、工况变化与资源约束下保留优势？","运行版本、依赖清单与故障日志","本方向具体检查：在同一条件下复查，区分环境与功能变化。不要把「运行工况、接口与安全边界」中不同条件直接合并。","工况、全流程边界与资源取舍表，注明「储能系统评价」的来源、课题版本、已查项与未决项。","https://www.cs.tsinghua.edu.cn/jgsz/yjssys/jsjkxyjsxrjyjs.htm"
"electrical-engineering-12","electrical-engineering","电气工程教育","运行工况、接口与安全边界","evidence-education","电气工程教育：参与更积极，为什么不等于目标知识掌握更好？","电气工程教育：智能助教怎样支持撤去辅助后的独立学习与延迟迁移？","课堂目标、活动记录与学习过程材料","本方向具体检查：让任务、教学目标与评价对应，保留班级差异。不要把「运行工况、接口与安全边界」中不同条件直接合并。","课堂目标、活动记录与学习过程材料的来源与比较条件记录，注明「电气工程教育」的来源、课题版本、已查项与未决项。","https://cter.bnu.edu.cn/docs/2024-05/e0d9749ec02e425eb45aa96fefdadc2a.pdf"
"hydro-marine-1","hydro-marine","水文资料","边界输入、观测窗口与模型比例","subject-energy","水文资料：这项效率的分母包含了哪些辅助消耗？","水文资料：变工况下的系统方案怎样保留全周期优势？","工况、辅助能耗与完整系统边界","在同一边界下比较转换、等待与维护成本","工况、辅助能耗与完整系统边界的比较与解释记录","https://www.ues.pku.edu.cn/ztlm/zrdlyzrzyx/index.htm"
"hydro-marine-2","hydro-marine","水资源系统","边界输入、观测窗口与模型比例","subject-energy","水资源系统：这项效率的分母包含了哪些辅助消耗？","水资源系统：变工况下的系统方案怎样保留全周期优势？","工况、辅助能耗与完整系统边界","在同一边界下比较转换、等待与维护成本","工况、辅助能耗与完整系统边界的比较与解释记录","https://www.cs.tsinghua.edu.cn/jgsz/yjssys/jsjkxyjsxrjyjs.htm"
"hydro-marine-3","hydro-marine","水工结构","边界输入、观测窗口与模型比例","subject-energy","水工结构：这项效率的分母包含了哪些辅助消耗？","水工结构：变工况下的系统方案怎样保留全周期优势？","工况、辅助能耗与完整系统边界","在同一边界下比较转换、等待与维护成本","工况、辅助能耗与完整系统边界的比较与解释记录","https://ocw.mit.edu/courses/2-001-mechanics-materials-i-fall-2006/pages/syllabus/"
"hydro-marine-4","hydro-marine","河流工程","边界输入、观测窗口与模型比例","subject-energy","河流工程：这项效率的分母包含了哪些辅助消耗？","河流工程：变工况下的系统方案怎样保留全周期优势？","工况、辅助能耗与完整系统边界","在同一边界下比较转换、等待与维护成本","工况、辅助能耗与完整系统边界的比较与解释记录","https://www.ues.pku.edu.cn/ztlm/zrdlyzrzyx/index.htm"
"hydro-marine-5","hydro-marine","海岸工程","边界输入、观测窗口与模型比例","subject-energy","海岸工程：这项效率的分母包含了哪些辅助消耗？","海岸工程：变工况下的系统方案怎样保留全周期优势？","工况、辅助能耗与完整系统边界","在同一边界下比较转换、等待与维护成本","工况、辅助能耗与完整系统边界的比较与解释记录","https://www.ues.pku.edu.cn/ztlm/zrdlyzrzyx/index.htm"
"hydro-marine-6","hydro-marine","港口工程","边界输入、观测窗口与模型比例","subject-energy","港口工程：这项效率的分母包含了哪些辅助消耗？","港口工程：变工况下的系统方案怎样保留全周期优势？","工况、辅助能耗与完整系统边界","在同一边界下比较转换、等待与维护成本","工况、辅助能耗与完整系统边界的比较与解释记录","https://www.ues.pku.edu.cn/ztlm/zrdlyzrzyx/index.htm"
"hydro-marine-7","hydro-marine","海洋结构","边界输入、观测窗口与模型比例","subject-energy","海洋结构：这项效率的分母包含了哪些辅助消耗？","海洋结构：变工况下的系统方案怎样保留全周期优势？","工况、辅助能耗与完整系统边界","在同一边界下比较转换、等待与维护成本","工况、辅助能耗与完整系统边界的比较与解释记录","https://www.ues.pku.edu.cn/ztlm/zrdlyzrzyx/index.htm"
"hydro-marine-8","hydro-marine","工程数值模型","边界输入、观测窗口与模型比例","subject-energy","工程数值模型：这项效率的分母包含了哪些辅助消耗？","工程数值模型：变工况下的系统方案怎样保留全周期优势？","工况、辅助能耗与完整系统边界","在同一边界下比较转换、等待与维护成本","工况、辅助能耗与完整系统边界的比较与解释记录","https://www.ues.pku.edu.cn/ztlm/zrdlyzrzyx/index.htm"
"hydro-marine-9","hydro-marine","工程监测","边界输入、观测窗口与模型比例","subject-energy","工程监测：这项效率的分母包含了哪些辅助消耗？","工程监测：变工况下的系统方案怎样保留全周期优势？","工况、辅助能耗与完整系统边界","在同一边界下比较转换、等待与维护成本","工况、辅助能耗与完整系统边界的比较与解释记录","https://www.ues.pku.edu.cn/ztlm/zrdlyzrzyx/index.htm"
"hydro-marine-10","hydro-marine","泥沙资料","边界输入、观测窗口与模型比例","subject-energy","泥沙资料：这项效率的分母包含了哪些辅助消耗？","泥沙资料：变工况下的系统方案怎样保留全周期优势？","工况、辅助能耗与完整系统边界","在同一边界下比较转换、等待与维护成本","工况、辅助能耗与完整系统边界的比较与解释记录","https://www.ues.pku.edu.cn/ztlm/zrdlyzrzyx/index.htm"
"hydro-marine-11","hydro-marine","工程环境评价","边界输入、观测窗口与模型比例","subject-energy","工程环境评价：这项效率的分母包含了哪些辅助消耗？","工程环境评价：变工况下的系统方案怎样保留全周期优势？","工况、辅助能耗与完整系统边界","在同一边界下比较转换、等待与维护成本","工况、辅助能耗与完整系统边界的比较与解释记录","https://www.ues.pku.edu.cn/ztlm/zrdlyzrzyx/index.htm"
"hydro-marine-12","hydro-marine","水利工程史","边界输入、观测窗口与模型比例","subject-energy","水利工程史：这项效率的分母包含了哪些辅助消耗？","水利工程史：变工况下的系统方案怎样保留全周期优势？","工况、辅助能耗与完整系统边界","在同一边界下比较转换、等待与维护成本","工况、辅助能耗与完整系统边界的比较与解释记录","https://ocw.mit.edu/courses/2-001-mechanics-materials-i-fall-2006/pages/syllabus/"
"geomatics-engineering-1","geomatics-engineering","大地测量","坐标基准、精度口径与配准版本","evidence-remote-sensing","大地测量：同一地物在不同传感器里，为什么会得到不同数值？","大地测量：多时相基础模型能否迁移到少标注区域和极端事件？","影像日期、空间分辨率与地面参照","本方向具体检查：对齐时间与尺度，保留未能观测的区域。不要把「坐标基准、精度口径与配准版本」中不同条件直接合并。","影像日期、空间分辨率与地面参照的来源与比较条件记录，注明「大地测量」的来源、课题版本、已查项与未决项。","https://www.ues.pku.edu.cn/ztlm/zrdlyzrzyx/index.htm"
"geomatics-engineering-2","geomatics-engineering","工程测量","坐标基准、精度口径与配准版本","evidence-remote-sensing","工程测量：同一地物在不同传感器里，为什么会得到不同数值？","工程测量：多时相基础模型能否迁移到少标注区域和极端事件？","影像日期、空间分辨率与地面参照","本方向具体检查：对齐时间与尺度，保留未能观测的区域。不要把「坐标基准、精度口径与配准版本」中不同条件直接合并。","影像日期、空间分辨率与地面参照的来源与比较条件记录，注明「工程测量」的来源、课题版本、已查项与未决项。","https://www.ues.pku.edu.cn/ztlm/zrdlyzrzyx/index.htm"
"geomatics-engineering-3","geomatics-engineering","摄影测量","坐标基准、精度口径与配准版本","evidence-remote-sensing","摄影测量：同一地物在不同传感器里，为什么会得到不同数值？","摄影测量：多时相基础模型能否迁移到少标注区域和极端事件？","影像日期、空间分辨率与地面参照","本方向具体检查：对齐时间与尺度，保留未能观测的区域。不要把「坐标基准、精度口径与配准版本」中不同条件直接合并。","影像日期、空间分辨率与地面参照的来源与比较条件记录，注明「摄影测量」的来源、课题版本、已查项与未决项。","https://www.ues.pku.edu.cn/ztlm/zrdlyzrzyx/index.htm"
"geomatics-engineering-4","geomatics-engineering","遥感信息","坐标基准、精度口径与配准版本","subject-cross-environment","遥感信息：这个像元的变化能对应到哪个实际对象？","遥感信息：多尺度资料怎样处理接口不确定性与目标冲突？","空间分辨率、地面参照与使用目标","分别核对测量尺度、生态对象与决策边界","空间分辨率、地面参照与使用目标的比较与解释记录","https://www.ues.pku.edu.cn/ztlm/zrdlyzrzyx/index.htm"
"geomatics-engineering-5","geomatics-engineering","地理信息工程","坐标基准、精度口径与配准版本","geoscience","地理信息工程：一个采样点的变化，何时能帮助解释更大区域？","地理信息工程：多源观测能否跨尺度保留校准，并在极端或新时期接受外部检查？","像元、样地对应与观测时段","本方向具体检查：区分空间分辨率、实际覆盖与地面对应，保留云遮和缺测。不要把「坐标基准、精度口径与配准版本」中不同条件直接合并。","空间尺度、观测窗口与缺测索引，注明「地理信息工程」的来源、课题版本、已查项与未决项。","https://www.ues.pku.edu.cn/ztlm/zrdlyzrzyx/index.htm"
"geomatics-engineering-6","geomatics-engineering","导航资料评价","坐标基准、精度口径与配准版本","control","导航资料评价：同一地物在不同传感器里，为什么会得到不同数值？","导航资料评价：自适应控制能否在改变工况后保留稳定性与明确的退化边界？","影像日期、空间分辨率与地面参照","本方向具体检查：对齐时间与尺度，保留未能观测的区域。不要把「坐标基准、精度口径与配准版本」中不同条件直接合并。","扰动、运行约束与失效情境记录，注明「导航资料评价」的来源、课题版本、已查项与未决项。","https://www.ues.pku.edu.cn/ztlm/zrdlyzrzyx/index.htm"
"geomatics-engineering-7","geomatics-engineering","地图表达","坐标基准、精度口径与配准版本","evidence-remote-sensing","地图表达：同一地物在不同传感器里，为什么会得到不同数值？","地图表达：多时相基础模型能否迁移到少标注区域和极端事件？","影像日期、空间分辨率与地面参照","本方向具体检查：对齐时间与尺度，保留未能观测的区域。不要把「坐标基准、精度口径与配准版本」中不同条件直接合并。","影像日期、空间分辨率与地面参照的来源与比较条件记录，注明「地图表达」的来源、课题版本、已查项与未决项。","https://www.ues.pku.edu.cn/ztlm/zrdlyzrzyx/index.htm"
"geomatics-engineering-8","geomatics-engineering","点云处理","坐标基准、精度口径与配准版本","software","点云处理：故障期间的可用性与一致性承诺如何对应？","点云处理：自适应分布式系统怎样在故障与负载变化中保留承诺？","节点状态、故障窗口与一致性承诺","本方向具体检查：把正常运行与故障期间的行为分开，对齐系统承诺。不要把「坐标基准、精度口径与配准版本」中不同条件直接合并。","环境锁定、版本差异与最小复现记录，注明「点云处理」的来源、课题版本、已查项与未决项。","https://www.cs.tsinghua.edu.cn/jgsz/yjssys/jsjkxyjsxrjyjs.htm"
"geomatics-engineering-9","geomatics-engineering","时空数据","坐标基准、精度口径与配准版本","evidence-remote-sensing","时空数据：同一地物在不同传感器里，为什么会得到不同数值？","时空数据：多时相基础模型能否迁移到少标注区域和极端事件？","影像日期、空间分辨率与地面参照","本方向具体检查：对齐时间与尺度，保留未能观测的区域。不要把「坐标基准、精度口径与配准版本」中不同条件直接合并。","影像日期、空间分辨率与地面参照的来源与比较条件记录，注明「时空数据」的来源、课题版本、已查项与未决项。","https://www.ues.pku.edu.cn/ztlm/zrdlyzrzyx/index.htm"
"geomatics-engineering-10","geomatics-engineering","测绘质量","坐标基准、精度口径与配准版本","evidence-construction","测绘质量：一个方案可行，为什么必须对应具体场地和用途？","测绘质量：低碳与适应性设计如何同时评价全寿命负担和使用变化？","场地资料、设计版本与约束清单","本方向具体检查：让方案与场地、规范假设和反馈对应。不要把「坐标基准、精度口径与配准版本」中不同条件直接合并。","场地资料、设计版本与约束清单的来源与比较条件记录，注明「测绘质量」的来源、课题版本、已查项与未决项。","https://ocw.mit.edu/courses/2-001-mechanics-materials-i-fall-2006/pages/syllabus/"
"geomatics-engineering-11","geomatics-engineering","多源资料配准","坐标基准、精度口径与配准版本","evidence-remote-sensing","多源资料配准：同一地物在不同传感器里，为什么会得到不同数值？","多源资料配准：多时相基础模型能否迁移到少标注区域和极端事件？","影像日期、空间分辨率与地面参照","本方向具体检查：对齐时间与尺度，保留未能观测的区域。不要把「坐标基准、精度口径与配准版本」中不同条件直接合并。","影像日期、空间分辨率与地面参照的来源与比较条件记录，注明「多源资料配准」的来源、课题版本、已查项与未决项。","https://www.ues.pku.edu.cn/ztlm/zrdlyzrzyx/index.htm"
"geomatics-engineering-12","geomatics-engineering","测绘工程教育","坐标基准、精度口径与配准版本","evidence-education","测绘工程教育：参与更积极，为什么不等于目标知识掌握更好？","测绘工程教育：智能助教怎样支持撤去辅助后的独立学习与延迟迁移？","课堂目标、活动记录与学习过程材料","本方向具体检查：让任务、教学目标与评价对应，保留班级差异。不要把「坐标基准、精度口径与配准版本」中不同条件直接合并。","课堂目标、活动记录与学习过程材料的来源与比较条件记录，注明「测绘工程教育」的来源、课题版本、已查项与未决项。","https://cter.bnu.edu.cn/docs/2024-05/e0d9749ec02e425eb45aa96fefdadc2a.pdf"
"process-engineering-1","process-engineering","化工热力学","物料边界、工况与模型前提","subject-energy","化工热力学：这项效率的分母包含了哪些辅助消耗？","化工热力学：变工况下的系统方案怎样保留全周期优势？","工况、辅助能耗与完整系统边界","在同一边界下比较转换、等待与维护成本","工况、辅助能耗与完整系统边界的比较与解释记录","https://www.chem.pku.edu.cn/en/Research/ResearchTheme/index.htm；https://ocw.mit.edu/courses/2-001-mechanics-materials-i-fall-2006/pages/syllabus/"
"process-engineering-2","process-engineering","传递过程","物料边界、工况与模型前提","subject-energy","传递过程：这项效率的分母包含了哪些辅助消耗？","传递过程：变工况下的系统方案怎样保留全周期优势？","工况、辅助能耗与完整系统边界","在同一边界下比较转换、等待与维护成本","工况、辅助能耗与完整系统边界的比较与解释记录","https://www.chem.pku.edu.cn/en/Research/ResearchTheme/index.htm；https://ocw.mit.edu/courses/2-001-mechanics-materials-i-fall-2006/pages/syllabus/"
"process-engineering-3","process-engineering","反应工程理论","物料边界、工况与模型前提","subject-energy","反应工程理论：这项效率的分母包含了哪些辅助消耗？","反应工程理论：变工况下的系统方案怎样保留全周期优势？","工况、辅助能耗与完整系统边界","在同一边界下比较转换、等待与维护成本","工况、辅助能耗与完整系统边界的比较与解释记录","https://www.chem.pku.edu.cn/en/Research/ResearchTheme/index.htm；https://ocw.mit.edu/courses/2-001-mechanics-materials-i-fall-2006/pages/syllabus/"
"process-engineering-4","process-engineering","过程系统","物料边界、工况与模型前提","subject-energy","过程系统：这项效率的分母包含了哪些辅助消耗？","过程系统：变工况下的系统方案怎样保留全周期优势？","工况、辅助能耗与完整系统边界","在同一边界下比较转换、等待与维护成本","工况、辅助能耗与完整系统边界的比较与解释记录","https://www.cs.tsinghua.edu.cn/jgsz/yjssys/jsjkxyjsxrjyjs.htm"
"process-engineering-5","process-engineering","分离过程理论","物料边界、工况与模型前提","subject-energy","分离过程理论：这项效率的分母包含了哪些辅助消耗？","分离过程理论：变工况下的系统方案怎样保留全周期优势？","工况、辅助能耗与完整系统边界","在同一边界下比较转换、等待与维护成本","工况、辅助能耗与完整系统边界的比较与解释记录","https://www.chem.pku.edu.cn/en/Research/ResearchTheme/index.htm；https://ocw.mit.edu/courses/2-001-mechanics-materials-i-fall-2006/pages/syllabus/"
"process-engineering-6","process-engineering","过程控制","物料边界、工况与模型前提","subject-energy","过程控制：这项效率的分母包含了哪些辅助消耗？","过程控制：变工况下的系统方案怎样保留全周期优势？","工况、辅助能耗与完整系统边界","在同一边界下比较转换、等待与维护成本","工况、辅助能耗与完整系统边界的比较与解释记录","https://ocw.mit.edu/courses/2-001-mechanics-materials-i-fall-2006/pages/syllabus/"
"process-engineering-7","process-engineering","过程强化评价","物料边界、工况与模型前提","subject-energy","过程强化评价：这项效率的分母包含了哪些辅助消耗？","过程强化评价：变工况下的系统方案怎样保留全周期优势？","工况、辅助能耗与完整系统边界","在同一边界下比较转换、等待与维护成本","工况、辅助能耗与完整系统边界的比较与解释记录","https://www.chem.pku.edu.cn/en/Research/ResearchTheme/index.htm；https://ocw.mit.edu/courses/2-001-mechanics-materials-i-fall-2006/pages/syllabus/"
"process-engineering-8","process-engineering","资源循环","物料边界、工况与模型前提","subject-energy","资源循环：这项效率的分母包含了哪些辅助消耗？","资源循环：变工况下的系统方案怎样保留全周期优势？","工况、辅助能耗与完整系统边界","在同一边界下比较转换、等待与维护成本","工况、辅助能耗与完整系统边界的比较与解释记录","https://www.chem.pku.edu.cn/en/Research/ResearchTheme/index.htm；https://ocw.mit.edu/courses/2-001-mechanics-materials-i-fall-2006/pages/syllabus/"
"process-engineering-9","process-engineering","过程模拟","物料边界、工况与模型前提","subject-energy","过程模拟：这项效率的分母包含了哪些辅助消耗？","过程模拟：变工况下的系统方案怎样保留全周期优势？","工况、辅助能耗与完整系统边界","在同一边界下比较转换、等待与维护成本","工况、辅助能耗与完整系统边界的比较与解释记录","https://www.chem.pku.edu.cn/en/Research/ResearchTheme/index.htm；https://ocw.mit.edu/courses/2-001-mechanics-materials-i-fall-2006/pages/syllabus/"
"process-engineering-10","process-engineering","过程测量","物料边界、工况与模型前提","subject-energy","过程测量：这项效率的分母包含了哪些辅助消耗？","过程测量：变工况下的系统方案怎样保留全周期优势？","工况、辅助能耗与完整系统边界","在同一边界下比较转换、等待与维护成本","工况、辅助能耗与完整系统边界的比较与解释记录","https://www.chem.pku.edu.cn/en/Research/ResearchTheme/index.htm；https://ocw.mit.edu/courses/2-001-mechanics-materials-i-fall-2006/pages/syllabus/"
"process-engineering-11","process-engineering","工况可靠性","物料边界、工况与模型前提","subject-energy","工况可靠性：这项效率的分母包含了哪些辅助消耗？","工况可靠性：变工况下的系统方案怎样保留全周期优势？","工况、辅助能耗与完整系统边界","在同一边界下比较转换、等待与维护成本","工况、辅助能耗与完整系统边界的比较与解释记录","https://www.chem.pku.edu.cn/en/Research/ResearchTheme/index.htm；https://ocw.mit.edu/courses/2-001-mechanics-materials-i-fall-2006/pages/syllabus/"
"process-engineering-12","process-engineering","化工工程教育","物料边界、工况与模型前提","subject-energy","化工工程教育：这项效率的分母包含了哪些辅助消耗？","化工工程教育：变工况下的系统方案怎样保留全周期优势？","工况、辅助能耗与完整系统边界","在同一边界下比较转换、等待与维护成本","工况、辅助能耗与完整系统边界的比较与解释记录","https://cter.bnu.edu.cn/docs/2024-05/e0d9749ec02e425eb45aa96fefdadc2a.pdf"
"crop-science-1","crop-science","作物栽培","地块、季节与重复测量","crop","作物栽培：田间表现怎样区分品种、季节和管理的影响？","作物栽培：新的性状或管理解释能否跨季节与地点保持，并保留资源取舍？","地块、管理措施与生育期记录","本方向具体检查：对齐地块条件、生育期与管理差异，说明季节限制。不要把「地块、季节与重复测量」中不同条件直接合并。","地块、季节、对象与管理记录，注明「作物栽培」的来源、课题版本、已查项与未决项。","https://sanya.cau.edu.cn/art/2022/8/2/art_47257_889299.html"
"crop-science-2","crop-science","作物生理","地块、季节与重复测量","crop","作物生理：田间表现怎样区分品种、季节和管理的影响？","作物生理：新的性状或管理解释能否跨季节与地点保持，并保留资源取舍？","地块、品种、季节与管理记录","本方向具体检查：比较时同时核对地块条件和管理差异。不要把「地块、季节与重复测量」中不同条件直接合并。","地块、季节、对象与管理记录，注明「作物生理」的来源、课题版本、已查项与未决项。","https://sanya.cau.edu.cn/art/2022/8/2/art_47257_889299.html"
"crop-science-3","crop-science","作物遗传资料","地块、季节与重复测量","subject-breeding","作物遗传资料：换一个环境，这个性状优势还保留吗？","作物遗传资料：多环境资料怎样支持稳健的性状组合评价？","种质背景、目标性状与多环境表现","区分遗传背景、环境效应与性状取舍","种质背景、目标性状与多环境表现的比较与解释记录","https://www.nhlbi.nih.gov/health-topics/study-quality-assessment-tools；https://openstax.org/books/anatomy-and-physiology-2e/pages/preface"
"crop-science-4","crop-science","作物育种评价","地块、季节与重复测量","subject-breeding","作物育种评价：换一个环境，这个性状优势还保留吗？","作物育种评价：多环境资料怎样支持稳健的性状组合评价？","种质背景、目标性状与多环境表现","区分遗传背景、环境效应与性状取舍","种质背景、目标性状与多环境表现的比较与解释记录","https://sanya.cau.edu.cn/art/2022/8/2/art_47257_889299.html"
"crop-science-5","crop-science","种质资料","地块、季节与重复测量","subject-breeding","种质资料：换一个环境，这个性状优势还保留吗？","种质资料：多环境资料怎样支持稳健的性状组合评价？","种质背景、目标性状与多环境表现","区分遗传背景、环境效应与性状取舍","种质背景、目标性状与多环境表现的比较与解释记录","https://sanya.cau.edu.cn/art/2022/8/2/art_47257_889299.html"
"crop-science-6","crop-science","作物品质","地块、季节与重复测量","crop","作物品质：田间表现怎样区分品种、季节和管理的影响？","作物品质：新的性状或管理解释能否跨季节与地点保持，并保留资源取舍？","地块、品种、季节与管理记录","本方向具体检查：比较时同时核对地块条件和管理差异。不要把「地块、季节与重复测量」中不同条件直接合并。","地块、季节、对象与管理记录，注明「作物品质」的来源、课题版本、已查项与未决项。","https://sanya.cau.edu.cn/art/2022/8/2/art_47257_889299.html"
"crop-science-7","crop-science","农田管理","地块、季节与重复测量","evidence-crop","农田管理：田间表现怎样区分品种、季节和管理的影响？","农田管理：气候波动下，跨季节表现怎样形成稳健的品种评价？","地块、品种、季节与管理记录","本方向具体检查：比较时同时核对地块条件和管理差异。不要把「地块、季节与重复测量」中不同条件直接合并。","地块、品种、季节与管理记录的来源与比较条件记录，注明「农田管理」的来源、课题版本、已查项与未决项。","https://sanya.cau.edu.cn/art/2022/8/2/art_47257_889299.html"
"crop-science-8","crop-science","农艺试验设计","地块、季节与重复测量","evidence-crop","农艺试验设计：田间表现怎样区分品种、季节和管理的影响？","农艺试验设计：气候波动下，跨季节表现怎样形成稳健的品种评价？","地块、管理措施与生育期记录","本方向具体检查：对齐地块条件、生育期与管理差异，说明季节限制。不要把「地块、季节与重复测量」中不同条件直接合并。","地块、管理措施与生育期记录的来源与比较条件记录，注明「农艺试验设计」的来源、课题版本、已查项与未决项。","https://sanya.cau.edu.cn/art/2022/8/2/art_47257_889299.html"
"crop-science-9","crop-science","农业气候","地块、季节与重复测量","crop","农业气候：天气波动、气候统计与模型误差如何区分？","农业气候：概率天气模型如何在极端事件与新时期检验校准？","采样位置、时间窗口与环境背景记录","本方向具体检查：画出实际覆盖范围，保留天气与缺测时段。不要把「地块、季节与重复测量」中不同条件直接合并。","地块、季节、对象与管理记录，注明「农业气候」的来源、课题版本、已查项与未决项。","https://www.ues.pku.edu.cn/ztlm/zrdlyzrzyx/index.htm"
"crop-science-10","crop-science","作物模型","地块、季节与重复测量","crop","作物模型：田间表现怎样区分品种、季节和管理的影响？","作物模型：新的性状或管理解释能否跨季节与地点保持，并保留资源取舍？","地块、品种、季节与管理记录","本方向具体检查：比较时同时核对地块条件和管理差异。不要把「地块、季节与重复测量」中不同条件直接合并。","地块、季节、对象与管理记录，注明「作物模型」的来源、课题版本、已查项与未决项。","https://sanya.cau.edu.cn/art/2022/8/2/art_47257_889299.html"
"crop-science-11","crop-science","作物表型资料","地块、季节与重复测量","crop","作物表型资料：田间表现怎样区分品种、季节和管理的影响？","作物表型资料：新的性状或管理解释能否跨季节与地点保持，并保留资源取舍？","地块、品种、季节与管理记录","本方向具体检查：比较时同时核对地块条件和管理差异。不要把「地块、季节与重复测量」中不同条件直接合并。","地块、季节、对象与管理记录，注明「作物表型资料」的来源、课题版本、已查项与未决项。","https://sanya.cau.edu.cn/art/2022/8/2/art_47257_889299.html"
"crop-science-12","crop-science","作物生产系统","地块、季节与重复测量","crop","作物生产系统：田间表现怎样区分品种、季节和管理的影响？","作物生产系统：新的性状或管理解释能否跨季节与地点保持，并保留资源取舍？","地块、品种、季节与管理记录","本方向具体检查：比较时同时核对地块条件和管理差异。不要把「地块、季节与重复测量」中不同条件直接合并。","地块、季节、对象与管理记录，注明「作物生产系统」的来源、课题版本、已查项与未决项。","https://sanya.cau.edu.cn/art/2022/8/2/art_47257_889299.html"
"horticulture-studies-1","horticulture-studies","果树研究","生长阶段、环境与评价窗口","evidence-crop","果树研究：田间表现怎样区分品种、季节和管理的影响？","果树研究：气候波动下，跨季节表现怎样形成稳健的品种评价？","地块、品种、季节与管理记录","本方向具体检查：比较时同时核对地块条件和管理差异。不要把「生长阶段、环境与评价窗口」中不同条件直接合并。","地块、品种、季节与管理记录的来源与比较条件记录，注明「果树研究」的来源、课题版本、已查项与未决项。","https://sanya.cau.edu.cn/art/2022/8/2/art_47257_889299.html"
"horticulture-studies-2","horticulture-studies","蔬菜研究","生长阶段、环境与评价窗口","evidence-crop","蔬菜研究：田间表现怎样区分品种、季节和管理的影响？","蔬菜研究：气候波动下，跨季节表现怎样形成稳健的品种评价？","地块、品种、季节与管理记录","本方向具体检查：比较时同时核对地块条件和管理差异。不要把「生长阶段、环境与评价窗口」中不同条件直接合并。","地块、品种、季节与管理记录的来源与比较条件记录，注明「蔬菜研究」的来源、课题版本、已查项与未决项。","https://sanya.cau.edu.cn/art/2022/8/2/art_47257_889299.html"
"horticulture-studies-3","horticulture-studies","花卉研究","生长阶段、环境与评价窗口","evidence-crop","花卉研究：田间表现怎样区分品种、季节和管理的影响？","花卉研究：气候波动下，跨季节表现怎样形成稳健的品种评价？","地块、品种、季节与管理记录","本方向具体检查：比较时同时核对地块条件和管理差异。不要把「生长阶段、环境与评价窗口」中不同条件直接合并。","地块、品种、季节与管理记录的来源与比较条件记录，注明「花卉研究」的来源、课题版本、已查项与未决项。","https://sanya.cau.edu.cn/art/2022/8/2/art_47257_889299.html"
"horticulture-studies-4","horticulture-studies","设施园艺","生长阶段、环境与评价窗口","crop","设施园艺：田间表现怎样区分品种、季节和管理的影响？","设施园艺：新的性状或管理解释能否跨季节与地点保持，并保留资源取舍？","地块、品种、季节与管理记录","本方向具体检查：比较时同时核对地块条件和管理差异。不要把「生长阶段、环境与评价窗口」中不同条件直接合并。","地块、季节、对象与管理记录，注明「设施园艺」的来源、课题版本、已查项与未决项。","https://sanya.cau.edu.cn/art/2022/8/2/art_47257_889299.html"
"horticulture-studies-5","horticulture-studies","园艺品质","生长阶段、环境与评价窗口","crop","园艺品质：田间表现怎样区分品种、季节和管理的影响？","园艺品质：新的性状或管理解释能否跨季节与地点保持，并保留资源取舍？","地块、品种、季节与管理记录","本方向具体检查：比较时同时核对地块条件和管理差异。不要把「生长阶段、环境与评价窗口」中不同条件直接合并。","地块、季节、对象与管理记录，注明「园艺品质」的来源、课题版本、已查项与未决项。","https://sanya.cau.edu.cn/art/2022/8/2/art_47257_889299.html"
"horticulture-studies-6","horticulture-studies","园艺生理","生长阶段、环境与评价窗口","crop","园艺生理：田间表现怎样区分品种、季节和管理的影响？","园艺生理：新的性状或管理解释能否跨季节与地点保持，并保留资源取舍？","地块、品种、季节与管理记录","本方向具体检查：比较时同时核对地块条件和管理差异。不要把「生长阶段、环境与评价窗口」中不同条件直接合并。","地块、季节、对象与管理记录，注明「园艺生理」的来源、课题版本、已查项与未决项。","https://sanya.cau.edu.cn/art/2022/8/2/art_47257_889299.html"
"horticulture-studies-7","horticulture-studies","园艺资源资料","生长阶段、环境与评价窗口","crop","园艺资源资料：田间表现怎样区分品种、季节和管理的影响？","园艺资源资料：新的性状或管理解释能否跨季节与地点保持，并保留资源取舍？","地块、品种、季节与管理记录","本方向具体检查：比较时同时核对地块条件和管理差异。不要把「生长阶段、环境与评价窗口」中不同条件直接合并。","地块、季节、对象与管理记录，注明「园艺资源资料」的来源、课题版本、已查项与未决项。","https://sanya.cau.edu.cn/art/2022/8/2/art_47257_889299.html"
"horticulture-studies-8","horticulture-studies","园艺生态","生长阶段、环境与评价窗口","ecology","园艺生态：田间表现怎样区分品种、季节和管理的影响？","园艺生态：长期或多尺度观察能否区分自然波动、管理改变与恢复过程？","地块、品种、季节与管理记录","本方向具体检查：比较时同时核对地块条件和管理差异。不要把「生长阶段、环境与评价窗口」中不同条件直接合并。","地块、季节与管理背景对照页，注明「园艺生态」的来源、课题版本、已查项与未决项。","https://sanya.cau.edu.cn/art/2022/8/2/art_47257_889299.html"
"horticulture-studies-9","horticulture-studies","采后评价","生长阶段、环境与评价窗口","evidence-crop","采后评价：田间表现怎样区分品种、季节和管理的影响？","采后评价：气候波动下，跨季节表现怎样形成稳健的品种评价？","地块、品种、季节与管理记录","本方向具体检查：比较时同时核对地块条件和管理差异。不要把「生长阶段、环境与评价窗口」中不同条件直接合并。","地块、品种、季节与管理记录的来源与比较条件记录，注明「采后评价」的来源、课题版本、已查项与未决项。","https://sanya.cau.edu.cn/art/2022/8/2/art_47257_889299.html"
"horticulture-studies-10","horticulture-studies","园艺生产系统","生长阶段、环境与评价窗口","crop","园艺生产系统：田间表现怎样区分品种、季节和管理的影响？","园艺生产系统：新的性状或管理解释能否跨季节与地点保持，并保留资源取舍？","地块、品种、季节与管理记录","本方向具体检查：比较时同时核对地块条件和管理差异。不要把「生长阶段、环境与评价窗口」中不同条件直接合并。","地块、季节、对象与管理记录，注明「园艺生产系统」的来源、课题版本、已查项与未决项。","https://sanya.cau.edu.cn/art/2022/8/2/art_47257_889299.html"
"horticulture-studies-11","horticulture-studies","园艺表型","生长阶段、环境与评价窗口","crop","园艺表型：田间表现怎样区分品种、季节和管理的影响？","园艺表型：新的性状或管理解释能否跨季节与地点保持，并保留资源取舍？","地块、品种、季节与管理记录","本方向具体检查：比较时同时核对地块条件和管理差异。不要把「生长阶段、环境与评价窗口」中不同条件直接合并。","地块、季节、对象与管理记录，注明「园艺表型」的来源、课题版本、已查项与未决项。","https://sanya.cau.edu.cn/art/2022/8/2/art_47257_889299.html"
"horticulture-studies-12","horticulture-studies","城市园艺","生长阶段、环境与评价窗口","crop","城市园艺：田间表现怎样区分品种、季节和管理的影响？","城市园艺：新的性状或管理解释能否跨季节与地点保持，并保留资源取舍？","地块、品种、季节与管理记录","本方向具体检查：比较时同时核对地块条件和管理差异。不要把「生长阶段、环境与评价窗口」中不同条件直接合并。","地块、季节、对象与管理记录，注明「城市园艺」的来源、课题版本、已查项与未决项。","https://sanya.cau.edu.cn/art/2022/8/2/art_47257_889299.html"
"soil-resources-1","soil-resources","土壤学","地块层次、测量批次与尺度","subject-soil","土壤学：两块地的样品深度和测量状态相同吗？","土壤学：长期管理记录怎样连接土壤变化与资源效率？","采样深度、含水状态与地块管理历史","分开空间异质性、测量状态与管理影响","采样深度、含水状态与地块管理历史的比较与解释记录","https://www.ues.pku.edu.cn/ztlm/zrdlyzrzyx/index.htm"
"soil-resources-2","soil-resources","植物营养资料","地块层次、测量批次与尺度","crop","植物营养资料：批次、保存条件和评价时点如何共同影响食品指标？","植物营养资料：新的性状或管理解释能否跨季节与地点保持，并保留资源取舍？","批次来源、评价条件与保存时间记录","本方向具体检查：把批次与评价顺序分开，保留原始口径。不要把「地块层次、测量批次与尺度」中不同条件直接合并。","地块、季节、对象与管理记录，注明「植物营养资料」的来源、课题版本、已查项与未决项。","https://sanya.cau.edu.cn/art/2022/8/2/art_47257_889299.html"
"soil-resources-3","soil-resources","农业资源","地块层次、测量批次与尺度","subject-soil","农业资源：两块地的样品深度和测量状态相同吗？","农业资源：长期管理记录怎样连接土壤变化与资源效率？","采样深度、含水状态与地块管理历史","分开空间异质性、测量状态与管理影响","采样深度、含水状态与地块管理历史的比较与解释记录","https://www.ues.pku.edu.cn/ztlm/zrdlyzrzyx/index.htm"
"soil-resources-4","soil-resources","土壤生态","地块层次、测量批次与尺度","subject-soil","土壤生态：两块地的样品深度和测量状态相同吗？","土壤生态：长期管理记录怎样连接土壤变化与资源效率？","采样深度、含水状态与地块管理历史","分开空间异质性、测量状态与管理影响","采样深度、含水状态与地块管理历史的比较与解释记录","https://www.ues.pku.edu.cn/ztlm/zrdlyzrzyx/index.htm"
"soil-resources-5","soil-resources","农田环境","地块层次、测量批次与尺度","evidence-ecology","农田环境：一个采样点的变化，何时能帮助解释更大区域？","农田环境：气候与生态多来源资料如何刻画极端事件后的恢复？","采样位置、时间窗口与环境背景记录","本方向具体检查：画出实际覆盖范围，保留天气与缺测时段。不要把「地块层次、测量批次与尺度」中不同条件直接合并。","采样位置、时间窗口与环境背景记录的来源与比较条件记录，注明「农田环境」的来源、课题版本、已查项与未决项。","https://www.ues.pku.edu.cn/ztlm/zrdlyzrzyx/index.htm"
"soil-resources-6","soil-resources","土壤空间分析","地块层次、测量批次与尺度","subject-soil","土壤空间分析：两块地的样品深度和测量状态相同吗？","土壤空间分析：长期管理记录怎样连接土壤变化与资源效率？","采样深度、含水状态与地块管理历史","分开空间异质性、测量状态与管理影响","采样深度、含水状态与地块管理历史的比较与解释记录","https://www.ues.pku.edu.cn/ztlm/zrdlyzrzyx/index.htm"
"soil-resources-7","soil-resources","土壤水分","地块层次、测量批次与尺度","subject-soil","土壤水分：两块地的样品深度和测量状态相同吗？","土壤水分：长期管理记录怎样连接土壤变化与资源效率？","采样深度、含水状态与地块管理历史","分开空间异质性、测量状态与管理影响","采样深度、含水状态与地块管理历史的比较与解释记录","https://www.ues.pku.edu.cn/ztlm/zrdlyzrzyx/index.htm"
"soil-resources-8","soil-resources","土地利用","地块层次、测量批次与尺度","evidence-ecology","土地利用：一个采样点的变化，何时能帮助解释更大区域？","土地利用：气候与生态多来源资料如何刻画极端事件后的恢复？","采样位置、时间窗口与环境背景记录","本方向具体检查：画出实际覆盖范围，保留天气与缺测时段。不要把「地块层次、测量批次与尺度」中不同条件直接合并。","采样位置、时间窗口与环境背景记录的来源与比较条件记录，注明「土地利用」的来源、课题版本、已查项与未决项。","https://www.ues.pku.edu.cn/ztlm/zrdlyzrzyx/index.htm"
"soil-resources-9","soil-resources","资源循环","地块层次、测量批次与尺度","subject-soil","资源循环：两块地的样品深度和测量状态相同吗？","资源循环：长期管理记录怎样连接土壤变化与资源效率？","采样深度、含水状态与地块管理历史","分开空间异质性、测量状态与管理影响","采样深度、含水状态与地块管理历史的比较与解释记录","https://www.ues.pku.edu.cn/ztlm/zrdlyzrzyx/index.htm"
"soil-resources-10","soil-resources","土壤测量","地块层次、测量批次与尺度","subject-soil","土壤测量：两块地的样品深度和测量状态相同吗？","土壤测量：长期管理记录怎样连接土壤变化与资源效率？","采样深度、含水状态与地块管理历史","分开空间异质性、测量状态与管理影响","采样深度、含水状态与地块管理历史的比较与解释记录","https://www.ues.pku.edu.cn/ztlm/zrdlyzrzyx/index.htm"
"soil-resources-11","soil-resources","农业资源评价","地块层次、测量批次与尺度","subject-soil","农业资源评价：两块地的样品深度和测量状态相同吗？","农业资源评价：长期管理记录怎样连接土壤变化与资源效率？","采样深度、含水状态与地块管理历史","分开空间异质性、测量状态与管理影响","采样深度、含水状态与地块管理历史的比较与解释记录","https://www.ues.pku.edu.cn/ztlm/zrdlyzrzyx/index.htm"
"soil-resources-12","soil-resources","农业环境史","地块层次、测量批次与尺度","crop","农业环境史：一个采样点的变化，何时能帮助解释更大区域？","农业环境史：新的性状或管理解释能否跨季节与地点保持，并保留资源取舍？","采样位置、时间窗口与环境背景记录","本方向具体检查：画出实际覆盖范围，保留天气与缺测时段。不要把「地块层次、测量批次与尺度」中不同条件直接合并。","地块、季节、对象与管理记录，注明「农业环境史」的来源、课题版本、已查项与未决项。","https://www.ues.pku.edu.cn/ztlm/zrdlyzrzyx/index.htm"
"forest-science-1","forest-science","森林生态","林分层次、长期观测与经营情境","subject-forest","森林生态：这一年长得好，下一批更新的证据在哪里？","森林生态：长期监测怎样连接多目标管理和更新风险？","样地年龄结构、更新记录与管理周期","区分短期生长、更新成功与长期维持","样地年龄结构、更新记录与管理周期的比较与解释记录","https://www.ues.pku.edu.cn/ztlm/zrdlyzrzyx/index.htm"
"forest-science-2","forest-science","森林培育","林分层次、长期观测与经营情境","subject-forest","森林培育：这一年长得好，下一批更新的证据在哪里？","森林培育：长期监测怎样连接多目标管理和更新风险？","样地年龄结构、更新记录与管理周期","区分短期生长、更新成功与长期维持","样地年龄结构、更新记录与管理周期的比较与解释记录","https://www.ues.pku.edu.cn/ztlm/zrdlyzrzyx/index.htm"
"forest-science-3","forest-science","森林资源","林分层次、长期观测与经营情境","subject-forest","森林资源：这一年长得好，下一批更新的证据在哪里？","森林资源：长期监测怎样连接多目标管理和更新风险？","样地年龄结构、更新记录与管理周期","区分短期生长、更新成功与长期维持","样地年龄结构、更新记录与管理周期的比较与解释记录","https://www.ues.pku.edu.cn/ztlm/zrdlyzrzyx/index.htm"
"forest-science-4","forest-science","森林经营","林分层次、长期观测与经营情境","subject-forest","森林经营：这一年长得好，下一批更新的证据在哪里？","森林经营：长期监测怎样连接多目标管理和更新风险？","样地年龄结构、更新记录与管理周期","区分短期生长、更新成功与长期维持","样地年龄结构、更新记录与管理周期的比较与解释记录","https://www.ues.pku.edu.cn/ztlm/zrdlyzrzyx/index.htm"
"forest-science-5","forest-science","林木资料","林分层次、长期观测与经营情境","subject-forest","林木资料：这一年长得好，下一批更新的证据在哪里？","林木资料：长期监测怎样连接多目标管理和更新风险？","样地年龄结构、更新记录与管理周期","区分短期生长、更新成功与长期维持","样地年龄结构、更新记录与管理周期的比较与解释记录","https://www.ues.pku.edu.cn/ztlm/zrdlyzrzyx/index.htm"
"forest-science-6","forest-science","森林土壤","林分层次、长期观测与经营情境","subject-forest","森林土壤：这一年长得好，下一批更新的证据在哪里？","森林土壤：长期监测怎样连接多目标管理和更新风险？","样地年龄结构、更新记录与管理周期","区分短期生长、更新成功与长期维持","样地年龄结构、更新记录与管理周期的比较与解释记录","https://www.ues.pku.edu.cn/ztlm/zrdlyzrzyx/index.htm"
"forest-science-7","forest-science","林业遥感","林分层次、长期观测与经营情境","subject-forest","林业遥感：这一年长得好，下一批更新的证据在哪里？","林业遥感：长期监测怎样连接多目标管理和更新风险？","样地年龄结构、更新记录与管理周期","区分短期生长、更新成功与长期维持","样地年龄结构、更新记录与管理周期的比较与解释记录","https://www.ues.pku.edu.cn/ztlm/zrdlyzrzyx/index.htm"
"forest-science-8","forest-science","森林碳资料","林分层次、长期观测与经营情境","subject-forest","森林碳资料：这一年长得好，下一批更新的证据在哪里？","森林碳资料：长期监测怎样连接多目标管理和更新风险？","样地年龄结构、更新记录与管理周期","区分短期生长、更新成功与长期维持","样地年龄结构、更新记录与管理周期的比较与解释记录","https://www.ues.pku.edu.cn/ztlm/zrdlyzrzyx/index.htm"
"forest-science-9","forest-science","城市林业","林分层次、长期观测与经营情境","subject-forest","城市林业：这一年长得好，下一批更新的证据在哪里？","城市林业：长期监测怎样连接多目标管理和更新风险？","样地年龄结构、更新记录与管理周期","区分短期生长、更新成功与长期维持","样地年龄结构、更新记录与管理周期的比较与解释记录","https://www.ues.pku.edu.cn/ztlm/zrdlyzrzyx/index.htm"
"forest-science-10","forest-science","林产品评价","林分层次、长期观测与经营情境","subject-forest","林产品评价：这一年长得好，下一批更新的证据在哪里？","林产品评价：长期监测怎样连接多目标管理和更新风险？","样地年龄结构、更新记录与管理周期","区分短期生长、更新成功与长期维持","样地年龄结构、更新记录与管理周期的比较与解释记录","https://www.ues.pku.edu.cn/ztlm/zrdlyzrzyx/index.htm"
"forest-science-11","forest-science","森林健康资料","林分层次、长期观测与经营情境","subject-forest","森林健康资料：这一年长得好，下一批更新的证据在哪里？","森林健康资料：长期监测怎样连接多目标管理和更新风险？","样地年龄结构、更新记录与管理周期","区分短期生长、更新成功与长期维持","样地年龄结构、更新记录与管理周期的比较与解释记录","https://www.ues.pku.edu.cn/ztlm/zrdlyzrzyx/index.htm"
"forest-science-12","forest-science","林业社会研究","林分层次、长期观测与经营情境","subject-forest","林业社会研究：这一年长得好，下一批更新的证据在哪里？","林业社会研究：长期监测怎样连接多目标管理和更新风险？","样地年龄结构、更新记录与管理周期","区分短期生长、更新成功与长期维持","样地年龄结构、更新记录与管理周期的比较与解释记录","https://www.ues.pku.edu.cn/ztlm/zrdlyzrzyx/index.htm"
"aquatic-science-1","aquatic-science","水产生态","池塘或水域单位、季节与观察条件","subject-animals","水产生态：这是个体差异还是同一场环境的共同影响？","水产生态：连续健康与生长资料怎样处理环境依赖？","个体索引、养殖场背景与生长窗口","保留个体、群体环境与观察时期","个体索引、养殖场背景与生长窗口的比较与解释记录","https://sanya.cau.edu.cn/art/2022/8/2/art_47257_889299.html"
"aquatic-science-2","aquatic-science","渔业资源","池塘或水域单位、季节与观察条件","subject-animals","渔业资源：这是个体差异还是同一场环境的共同影响？","渔业资源：连续健康与生长资料怎样处理环境依赖？","个体索引、养殖场背景与生长窗口","保留个体、群体环境与观察时期","个体索引、养殖场背景与生长窗口的比较与解释记录","https://sanya.cau.edu.cn/art/2022/8/2/art_47257_889299.html"
"aquatic-science-3","aquatic-science","水产营养资料","池塘或水域单位、季节与观察条件","subject-animals","水产营养资料：这是个体差异还是同一场环境的共同影响？","水产营养资料：连续健康与生长资料怎样处理环境依赖？","个体索引、养殖场背景与生长窗口","保留个体、群体环境与观察时期","个体索引、养殖场背景与生长窗口的比较与解释记录","https://sanya.cau.edu.cn/art/2022/8/2/art_47257_889299.html"
"aquatic-science-4","aquatic-science","水产遗传资料","池塘或水域单位、季节与观察条件","subject-animals","水产遗传资料：这是个体差异还是同一场环境的共同影响？","水产遗传资料：连续健康与生长资料怎样处理环境依赖？","个体索引、养殖场背景与生长窗口","保留个体、群体环境与观察时期","个体索引、养殖场背景与生长窗口的比较与解释记录","https://sanya.cau.edu.cn/art/2022/8/2/art_47257_889299.html"
"aquatic-science-5","aquatic-science","养殖环境评价","池塘或水域单位、季节与观察条件","subject-animals","养殖环境评价：这是个体差异还是同一场环境的共同影响？","养殖环境评价：连续健康与生长资料怎样处理环境依赖？","个体索引、养殖场背景与生长窗口","保留个体、群体环境与观察时期","个体索引、养殖场背景与生长窗口的比较与解释记录","https://sanya.cau.edu.cn/art/2022/8/2/art_47257_889299.html"
"aquatic-science-6","aquatic-science","水产品质量","池塘或水域单位、季节与观察条件","subject-animals","水产品质量：这是个体差异还是同一场环境的共同影响？","水产品质量：连续健康与生长资料怎样处理环境依赖？","个体索引、养殖场背景与生长窗口","保留个体、群体环境与观察时期","个体索引、养殖场背景与生长窗口的比较与解释记录","https://sanya.cau.edu.cn/art/2022/8/2/art_47257_889299.html"
"aquatic-science-7","aquatic-science","水产动物福利","池塘或水域单位、季节与观察条件","subject-animals","水产动物福利：这是个体差异还是同一场环境的共同影响？","水产动物福利：连续健康与生长资料怎样处理环境依赖？","个体索引、养殖场背景与生长窗口","保留个体、群体环境与观察时期","个体索引、养殖场背景与生长窗口的比较与解释记录","https://sanya.cau.edu.cn/art/2022/8/2/art_47257_889299.html"
"aquatic-science-8","aquatic-science","渔业管理","池塘或水域单位、季节与观察条件","subject-animals","渔业管理：这是个体差异还是同一场环境的共同影响？","渔业管理：连续健康与生长资料怎样处理环境依赖？","个体索引、养殖场背景与生长窗口","保留个体、群体环境与观察时期","个体索引、养殖场背景与生长窗口的比较与解释记录","https://sanya.cau.edu.cn/art/2022/8/2/art_47257_889299.html"
"aquatic-science-9","aquatic-science","渔业社会研究","池塘或水域单位、季节与观察条件","subject-animals","渔业社会研究：这是个体差异还是同一场环境的共同影响？","渔业社会研究：连续健康与生长资料怎样处理环境依赖？","个体索引、养殖场背景与生长窗口","保留个体、群体环境与观察时期","个体索引、养殖场背景与生长窗口的比较与解释记录","https://sanya.cau.edu.cn/art/2022/8/2/art_47257_889299.html"
"aquatic-science-10","aquatic-science","水产生产系统","池塘或水域单位、季节与观察条件","subject-animals","水产生产系统：这是个体差异还是同一场环境的共同影响？","水产生产系统：连续健康与生长资料怎样处理环境依赖？","个体索引、养殖场背景与生长窗口","保留个体、群体环境与观察时期","个体索引、养殖场背景与生长窗口的比较与解释记录","https://sanya.cau.edu.cn/art/2022/8/2/art_47257_889299.html"
"aquatic-science-11","aquatic-science","渔业统计","池塘或水域单位、季节与观察条件","subject-animals","渔业统计：这是个体差异还是同一场环境的共同影响？","渔业统计：连续健康与生长资料怎样处理环境依赖？","个体索引、养殖场背景与生长窗口","保留个体、群体环境与观察时期","个体索引、养殖场背景与生长窗口的比较与解释记录","https://sanya.cau.edu.cn/art/2022/8/2/art_47257_889299.html"
"aquatic-science-12","aquatic-science","水域观测","池塘或水域单位、季节与观察条件","subject-animals","水域观测：这是个体差异还是同一场环境的共同影响？","水域观测：连续健康与生长资料怎样处理环境依赖？","个体索引、养殖场背景与生长窗口","保留个体、群体环境与观察时期","个体索引、养殖场背景与生长窗口的比较与解释记录","https://sanya.cau.edu.cn/art/2022/8/2/art_47257_889299.html"
"strategic-studies-1","strategic-studies","战略思想史","公开材料、情境设定与判断层次","subject-military-history","战略思想史：当时的信息和资源允许你提出的这个解释吗？","战略思想史：公共史料数字化怎样保留组织变迁中的反例？","公开史料、当时信息与组织约束","限制在公开历史解释，保留行动者当时能知道的内容","公开史料、当时信息与组织约束的比较与解释记录","https://www.moe.gov.cn/srcsite/A22/moe_833/202209/t20220914_660828.html；https://history.pku.edu.cn/bxgk/xkjj/index.htm"
"strategic-studies-2","strategic-studies","安全理论","公开材料、情境设定与判断层次","subject-military-history","安全理论：当时的信息和资源允许你提出的这个解释吗？","安全理论：公共史料数字化怎样保留组织变迁中的反例？","公开史料、当时信息与组织约束","限制在公开历史解释，保留行动者当时能知道的内容","公开史料、当时信息与组织约束的比较与解释记录","https://www.moe.gov.cn/srcsite/A22/moe_833/202209/t20220914_660828.html；https://history.pku.edu.cn/bxgk/xkjj/index.htm"
"strategic-studies-3","strategic-studies","公开战略文本","公开材料、情境设定与判断层次","subject-military-history","公开战略文本：当时的信息和资源允许你提出的这个解释吗？","公开战略文本：公共史料数字化怎样保留组织变迁中的反例？","公开史料、当时信息与组织约束","限制在公开历史解释，保留行动者当时能知道的内容","公开史料、当时信息与组织约束的比较与解释记录","https://www.moe.gov.cn/srcsite/A22/moe_833/202209/t20220914_660828.html；https://history.pku.edu.cn/bxgk/xkjj/index.htm"
"strategic-studies-4","strategic-studies","区域安全研究","公开材料、情境设定与判断层次","subject-military-history","区域安全研究：当时的信息和资源允许你提出的这个解释吗？","区域安全研究：公共史料数字化怎样保留组织变迁中的反例？","公开史料、当时信息与组织约束","限制在公开历史解释，保留行动者当时能知道的内容","公开史料、当时信息与组织约束的比较与解释记录","https://www.moe.gov.cn/srcsite/A22/moe_833/202209/t20220914_660828.html；https://history.pku.edu.cn/bxgk/xkjj/index.htm"
"strategic-studies-5","strategic-studies","国际安全机制","公开材料、情境设定与判断层次","subject-military-history","国际安全机制：当时的信息和资源允许你提出的这个解释吗？","国际安全机制：公共史料数字化怎样保留组织变迁中的反例？","公开史料、当时信息与组织约束","限制在公开历史解释，保留行动者当时能知道的内容","公开史料、当时信息与组织约束的比较与解释记录","https://www.moe.gov.cn/srcsite/A22/moe_833/202209/t20220914_660828.html；https://history.pku.edu.cn/bxgk/xkjj/index.htm"
"strategic-studies-6","strategic-studies","安全伦理","公开材料、情境设定与判断层次","subject-military-history","安全伦理：当时的信息和资源允许你提出的这个解释吗？","安全伦理：公共史料数字化怎样保留组织变迁中的反例？","公开史料、当时信息与组织约束","限制在公开历史解释，保留行动者当时能知道的内容","公开史料、当时信息与组织约束的比较与解释记录","https://www.moe.gov.cn/srcsite/A22/moe_833/202209/t20220914_660828.html；https://history.pku.edu.cn/bxgk/xkjj/index.htm"
"strategic-studies-7","strategic-studies","危机叙事研究","公开材料、情境设定与判断层次","subject-military-history","危机叙事研究：当时的信息和资源允许你提出的这个解释吗？","危机叙事研究：公共史料数字化怎样保留组织变迁中的反例？","公开史料、当时信息与组织约束","限制在公开历史解释，保留行动者当时能知道的内容","公开史料、当时信息与组织约束的比较与解释记录","https://www.moe.gov.cn/srcsite/A22/moe_833/202209/t20220914_660828.html；https://history.pku.edu.cn/bxgk/xkjj/index.htm"
"strategic-studies-8","strategic-studies","战略传播史","公开材料、情境设定与判断层次","subject-military-history","战略传播史：当时的信息和资源允许你提出的这个解释吗？","战略传播史：公共史料数字化怎样保留组织变迁中的反例？","公开史料、当时信息与组织约束","限制在公开历史解释，保留行动者当时能知道的内容","公开史料、当时信息与组织约束的比较与解释记录","https://www.moe.gov.cn/srcsite/A22/moe_833/202209/t20220914_660828.html；https://history.pku.edu.cn/bxgk/xkjj/index.htm"
"strategic-studies-9","strategic-studies","公共安全政策","公开材料、情境设定与判断层次","subject-military-history","公共安全政策：当时的信息和资源允许你提出的这个解释吗？","公共安全政策：公共史料数字化怎样保留组织变迁中的反例？","公开史料、当时信息与组织约束","限制在公开历史解释，保留行动者当时能知道的内容","公开史料、当时信息与组织约束的比较与解释记录","https://www.moe.gov.cn/srcsite/A22/moe_833/202209/t20220914_660828.html；https://history.pku.edu.cn/bxgk/xkjj/index.htm"
"strategic-studies-10","strategic-studies","比较安全制度","公开材料、情境设定与判断层次","subject-military-history","比较安全制度：当时的信息和资源允许你提出的这个解释吗？","比较安全制度：公共史料数字化怎样保留组织变迁中的反例？","公开史料、当时信息与组织约束","限制在公开历史解释，保留行动者当时能知道的内容","公开史料、当时信息与组织约束的比较与解释记录","https://www.moe.gov.cn/srcsite/A22/moe_833/202209/t20220914_660828.html；https://history.pku.edu.cn/bxgk/xkjj/index.htm"
"strategic-studies-11","strategic-studies","战略文化","公开材料、情境设定与判断层次","subject-military-history","战略文化：当时的信息和资源允许你提出的这个解释吗？","战略文化：公共史料数字化怎样保留组织变迁中的反例？","公开史料、当时信息与组织约束","限制在公开历史解释，保留行动者当时能知道的内容","公开史料、当时信息与组织约束的比较与解释记录","https://www.moe.gov.cn/srcsite/A22/moe_833/202209/t20220914_660828.html；https://history.pku.edu.cn/bxgk/xkjj/index.htm"
"strategic-studies-12","strategic-studies","安全教育","公开材料、情境设定与判断层次","subject-military-history","安全教育：当时的信息和资源允许你提出的这个解释吗？","安全教育：公共史料数字化怎样保留组织变迁中的反例？","公开史料、当时信息与组织约束","限制在公开历史解释，保留行动者当时能知道的内容","公开史料、当时信息与组织约束的比较与解释记录","https://www.moe.gov.cn/srcsite/A22/moe_833/202209/t20220914_660828.html；https://history.pku.edu.cn/bxgk/xkjj/index.htm"
"military-history-1","military-history","军事思想史","史料出处、年代与叙述立场","subject-military-history","军事思想史：当时的信息和资源允许你提出的这个解释吗？","军事思想史：公共史料数字化怎样保留组织变迁中的反例？","公开史料、当时信息与组织约束","限制在公开历史解释，保留行动者当时能知道的内容","公开史料、当时信息与组织约束的比较与解释记录","https://www.moe.gov.cn/srcsite/A22/moe_833/202209/t20220914_660828.html；https://history.pku.edu.cn/bxgk/xkjj/index.htm"
"military-history-2","military-history","军制史","史料出处、年代与叙述立场","subject-military-history","军制史：当时的信息和资源允许你提出的这个解释吗？","军制史：公共史料数字化怎样保留组织变迁中的反例？","公开史料、当时信息与组织约束","限制在公开历史解释，保留行动者当时能知道的内容","公开史料、当时信息与组织约束的比较与解释记录","https://www.moe.gov.cn/srcsite/A22/moe_833/202209/t20220914_660828.html；https://history.pku.edu.cn/bxgk/xkjj/index.htm"
"military-history-3","military-history","军事社会史","史料出处、年代与叙述立场","subject-military-history","军事社会史：当时的信息和资源允许你提出的这个解释吗？","军事社会史：公共史料数字化怎样保留组织变迁中的反例？","公开史料、当时信息与组织约束","限制在公开历史解释，保留行动者当时能知道的内容","公开史料、当时信息与组织约束的比较与解释记录","https://www.moe.gov.cn/srcsite/A22/moe_833/202209/t20220914_660828.html；https://history.pku.edu.cn/bxgk/xkjj/index.htm"
"military-history-4","military-history","战争记忆","史料出处、年代与叙述立场","subject-military-history","战争记忆：当时的信息和资源允许你提出的这个解释吗？","战争记忆：公共史料数字化怎样保留组织变迁中的反例？","公开史料、当时信息与组织约束","限制在公开历史解释，保留行动者当时能知道的内容","公开史料、当时信息与组织约束的比较与解释记录","https://www.moe.gov.cn/srcsite/A22/moe_833/202209/t20220914_660828.html；https://history.pku.edu.cn/bxgk/xkjj/index.htm"
"military-history-5","military-history","军事教育史","史料出处、年代与叙述立场","subject-military-history","军事教育史：当时的信息和资源允许你提出的这个解释吗？","军事教育史：公共史料数字化怎样保留组织变迁中的反例？","公开史料、当时信息与组织约束","限制在公开历史解释，保留行动者当时能知道的内容","公开史料、当时信息与组织约束的比较与解释记录","https://www.moe.gov.cn/srcsite/A22/moe_833/202209/t20220914_660828.html；https://history.pku.edu.cn/bxgk/xkjj/index.htm"
"military-history-6","military-history","军史文献","史料出处、年代与叙述立场","subject-military-history","军史文献：当时的信息和资源允许你提出的这个解释吗？","军史文献：公共史料数字化怎样保留组织变迁中的反例？","公开史料、当时信息与组织约束","限制在公开历史解释，保留行动者当时能知道的内容","公开史料、当时信息与组织约束的比较与解释记录","https://www.moe.gov.cn/srcsite/A22/moe_833/202209/t20220914_660828.html；https://history.pku.edu.cn/bxgk/xkjj/index.htm"
"military-history-7","military-history","军事博物馆","史料出处、年代与叙述立场","subject-military-history","军事博物馆：当时的信息和资源允许你提出的这个解释吗？","军事博物馆：公共史料数字化怎样保留组织变迁中的反例？","公开史料、当时信息与组织约束","限制在公开历史解释，保留行动者当时能知道的内容","公开史料、当时信息与组织约束的比较与解释记录","https://www.moe.gov.cn/srcsite/A22/moe_833/202209/t20220914_660828.html；https://history.pku.edu.cn/bxgk/xkjj/index.htm"
"military-history-8","military-history","军史口述资料","史料出处、年代与叙述立场","subject-military-history","军史口述资料：当时的信息和资源允许你提出的这个解释吗？","军史口述资料：公共史料数字化怎样保留组织变迁中的反例？","公开史料、当时信息与组织约束","限制在公开历史解释，保留行动者当时能知道的内容","公开史料、当时信息与组织约束的比较与解释记录","https://www.moe.gov.cn/srcsite/A22/moe_833/202209/t20220914_660828.html；https://history.pku.edu.cn/bxgk/xkjj/index.htm"
"military-history-9","military-history","军事文化","史料出处、年代与叙述立场","subject-military-history","军事文化：当时的信息和资源允许你提出的这个解释吗？","军事文化：公共史料数字化怎样保留组织变迁中的反例？","公开史料、当时信息与组织约束","限制在公开历史解释，保留行动者当时能知道的内容","公开史料、当时信息与组织约束的比较与解释记录","https://www.moe.gov.cn/srcsite/A22/moe_833/202209/t20220914_660828.html；https://history.pku.edu.cn/bxgk/xkjj/index.htm"
"military-history-10","military-history","和平研究史","史料出处、年代与叙述立场","subject-military-history","和平研究史：当时的信息和资源允许你提出的这个解释吗？","和平研究史：公共史料数字化怎样保留组织变迁中的反例？","公开史料、当时信息与组织约束","限制在公开历史解释，保留行动者当时能知道的内容","公开史料、当时信息与组织约束的比较与解释记录","https://www.moe.gov.cn/srcsite/A22/moe_833/202209/t20220914_660828.html；https://history.pku.edu.cn/bxgk/xkjj/index.htm"
"military-history-11","military-history","军事史学史","史料出处、年代与叙述立场","subject-military-history","军事史学史：当时的信息和资源允许你提出的这个解释吗？","军事史学史：公共史料数字化怎样保留组织变迁中的反例？","公开史料、当时信息与组织约束","限制在公开历史解释，保留行动者当时能知道的内容","公开史料、当时信息与组织约束的比较与解释记录","https://www.moe.gov.cn/srcsite/A22/moe_833/202209/t20220914_660828.html；https://history.pku.edu.cn/bxgk/xkjj/index.htm"
"military-history-12","military-history","军事人物资料","史料出处、年代与叙述立场","subject-military-history","军事人物资料：当时的信息和资源允许你提出的这个解释吗？","军事人物资料：公共史料数字化怎样保留组织变迁中的反例？","公开史料、当时信息与组织约束","限制在公开历史解释，保留行动者当时能知道的内容","公开史料、当时信息与组织约束的比较与解释记录","https://www.moe.gov.cn/srcsite/A22/moe_833/202209/t20220914_660828.html；https://history.pku.edu.cn/bxgk/xkjj/index.htm"
"defense-management-1","defense-management","国防经济公开资料","组织层次、资源口径与公开证据","subject-military-history","国防经济公开资料：当时的信息和资源允许你提出的这个解释吗？","国防经济公开资料：公共史料数字化怎样保留组织变迁中的反例？","公开史料、当时信息与组织约束","限制在公开历史解释，保留行动者当时能知道的内容","公开史料、当时信息与组织约束的比较与解释记录","https://www.moe.gov.cn/srcsite/A22/moe_833/202209/t20220914_660828.html；https://history.pku.edu.cn/bxgk/xkjj/index.htm"
"defense-management-2","defense-management","国防教育","组织层次、资源口径与公开证据","subject-military-history","国防教育：当时的信息和资源允许你提出的这个解释吗？","国防教育：公共史料数字化怎样保留组织变迁中的反例？","公开史料、当时信息与组织约束","限制在公开历史解释，保留行动者当时能知道的内容","公开史料、当时信息与组织约束的比较与解释记录","https://www.moe.gov.cn/srcsite/A22/moe_833/202209/t20220914_660828.html；https://history.pku.edu.cn/bxgk/xkjj/index.htm"
"defense-management-3","defense-management","组织管理研究","组织层次、资源口径与公开证据","subject-military-history","组织管理研究：当时的信息和资源允许你提出的这个解释吗？","组织管理研究：公共史料数字化怎样保留组织变迁中的反例？","公开史料、当时信息与组织约束","限制在公开历史解释，保留行动者当时能知道的内容","公开史料、当时信息与组织约束的比较与解释记录","https://www.moe.gov.cn/srcsite/A22/moe_833/202209/t20220914_660828.html；https://history.pku.edu.cn/bxgk/xkjj/index.htm"
"defense-management-4","defense-management","人力培养研究","组织层次、资源口径与公开证据","subject-military-history","人力培养研究：当时的信息和资源允许你提出的这个解释吗？","人力培养研究：公共史料数字化怎样保留组织变迁中的反例？","公开史料、当时信息与组织约束","限制在公开历史解释，保留行动者当时能知道的内容","公开史料、当时信息与组织约束的比较与解释记录","https://www.moe.gov.cn/srcsite/A22/moe_833/202209/t20220914_660828.html；https://history.pku.edu.cn/bxgk/xkjj/index.htm"
"defense-management-5","defense-management","资源配置公开资料","组织层次、资源口径与公开证据","subject-military-history","资源配置公开资料：当时的信息和资源允许你提出的这个解释吗？","资源配置公开资料：公共史料数字化怎样保留组织变迁中的反例？","公开史料、当时信息与组织约束","限制在公开历史解释，保留行动者当时能知道的内容","公开史料、当时信息与组织约束的比较与解释记录","https://www.moe.gov.cn/srcsite/A22/moe_833/202209/t20220914_660828.html；https://history.pku.edu.cn/bxgk/xkjj/index.htm"
"defense-management-6","defense-management","公共事务协作","组织层次、资源口径与公开证据","subject-military-history","公共事务协作：当时的信息和资源允许你提出的这个解释吗？","公共事务协作：公共史料数字化怎样保留组织变迁中的反例？","公开史料、当时信息与组织约束","限制在公开历史解释，保留行动者当时能知道的内容","公开史料、当时信息与组织约束的比较与解释记录","https://www.moe.gov.cn/srcsite/A22/moe_833/202209/t20220914_660828.html；https://history.pku.edu.cn/bxgk/xkjj/index.htm"
"defense-management-7","defense-management","国防政策史","组织层次、资源口径与公开证据","subject-military-history","国防政策史：当时的信息和资源允许你提出的这个解释吗？","国防政策史：公共史料数字化怎样保留组织变迁中的反例？","公开史料、当时信息与组织约束","限制在公开历史解释，保留行动者当时能知道的内容","公开史料、当时信息与组织约束的比较与解释记录","https://www.moe.gov.cn/srcsite/A22/moe_833/202209/t20220914_660828.html；https://history.pku.edu.cn/bxgk/xkjj/index.htm"
"defense-management-8","defense-management","管理制度比较","组织层次、资源口径与公开证据","subject-military-history","管理制度比较：当时的信息和资源允许你提出的这个解释吗？","管理制度比较：公共史料数字化怎样保留组织变迁中的反例？","公开史料、当时信息与组织约束","限制在公开历史解释，保留行动者当时能知道的内容","公开史料、当时信息与组织约束的比较与解释记录","https://www.moe.gov.cn/srcsite/A22/moe_833/202209/t20220914_660828.html；https://history.pku.edu.cn/bxgk/xkjj/index.htm"
"defense-management-9","defense-management","项目评价方法","组织层次、资源口径与公开证据","subject-military-history","项目评价方法：当时的信息和资源允许你提出的这个解释吗？","项目评价方法：公共史料数字化怎样保留组织变迁中的反例？","公开史料、当时信息与组织约束","限制在公开历史解释，保留行动者当时能知道的内容","公开史料、当时信息与组织约束的比较与解释记录","https://www.moe.gov.cn/srcsite/A22/moe_833/202209/t20220914_660828.html；https://history.pku.edu.cn/bxgk/xkjj/index.htm"
"defense-management-10","defense-management","国防文化传播","组织层次、资源口径与公开证据","subject-military-history","国防文化传播：当时的信息和资源允许你提出的这个解释吗？","国防文化传播：公共史料数字化怎样保留组织变迁中的反例？","公开史料、当时信息与组织约束","限制在公开历史解释，保留行动者当时能知道的内容","公开史料、当时信息与组织约束的比较与解释记录","https://www.moe.gov.cn/srcsite/A22/moe_833/202209/t20220914_660828.html；https://history.pku.edu.cn/bxgk/xkjj/index.htm"
"defense-management-11","defense-management","教育成效评价","组织层次、资源口径与公开证据","subject-military-history","教育成效评价：当时的信息和资源允许你提出的这个解释吗？","教育成效评价：公共史料数字化怎样保留组织变迁中的反例？","公开史料、当时信息与组织约束","限制在公开历史解释，保留行动者当时能知道的内容","公开史料、当时信息与组织约束的比较与解释记录","https://www.moe.gov.cn/srcsite/A22/moe_833/202209/t20220914_660828.html；https://history.pku.edu.cn/bxgk/xkjj/index.htm"
"defense-management-12","defense-management","公开资料质量","组织层次、资源口径与公开证据","subject-military-history","公开资料质量：当时的信息和资源允许你提出的这个解释吗？","公开资料质量：公共史料数字化怎样保留组织变迁中的反例？","公开史料、当时信息与组织约束","限制在公开历史解释，保留行动者当时能知道的内容","公开史料、当时信息与组织约束的比较与解释记录","https://www.moe.gov.cn/srcsite/A22/moe_833/202209/t20220914_660828.html；https://history.pku.edu.cn/bxgk/xkjj/index.htm"
"military-technology-history-1","military-technology-history","技术发展史","公开技术描述与可验证资料","subject-military-history","技术发展史：当时的信息和资源允许你提出的这个解释吗？","技术发展史：公共史料数字化怎样保留组织变迁中的反例？","公开史料、当时信息与组织约束","限制在公开历史解释，保留行动者当时能知道的内容","公开史料、当时信息与组织约束的比较与解释记录","https://www.moe.gov.cn/srcsite/A22/moe_833/202209/t20220914_660828.html；https://history.pku.edu.cn/bxgk/xkjj/index.htm"
"military-technology-history-2","military-technology-history","装备史公开资料","公开技术描述与可验证资料","subject-military-history","装备史公开资料：当时的信息和资源允许你提出的这个解释吗？","装备史公开资料：公共史料数字化怎样保留组织变迁中的反例？","公开史料、当时信息与组织约束","限制在公开历史解释，保留行动者当时能知道的内容","公开史料、当时信息与组织约束的比较与解释记录","https://www.moe.gov.cn/srcsite/A22/moe_833/202209/t20220914_660828.html；https://history.pku.edu.cn/bxgk/xkjj/index.htm"
"military-technology-history-3","military-technology-history","标准史","公开技术描述与可验证资料","subject-military-history","标准史：当时的信息和资源允许你提出的这个解释吗？","标准史：公共史料数字化怎样保留组织变迁中的反例？","公开史料、当时信息与组织约束","限制在公开历史解释，保留行动者当时能知道的内容","公开史料、当时信息与组织约束的比较与解释记录","https://www.moe.gov.cn/srcsite/A22/moe_833/202209/t20220914_660828.html；https://history.pku.edu.cn/bxgk/xkjj/index.htm"
"military-technology-history-4","military-technology-history","技术组织史","公开技术描述与可验证资料","subject-military-history","技术组织史：当时的信息和资源允许你提出的这个解释吗？","技术组织史：公共史料数字化怎样保留组织变迁中的反例？","公开史料、当时信息与组织约束","限制在公开历史解释，保留行动者当时能知道的内容","公开史料、当时信息与组织约束的比较与解释记录","https://www.moe.gov.cn/srcsite/A22/moe_833/202209/t20220914_660828.html；https://history.pku.edu.cn/bxgk/xkjj/index.htm"
"military-technology-history-5","military-technology-history","科技政策史","公开技术描述与可验证资料","subject-military-history","科技政策史：当时的信息和资源允许你提出的这个解释吗？","科技政策史：公共史料数字化怎样保留组织变迁中的反例？","公开史料、当时信息与组织约束","限制在公开历史解释，保留行动者当时能知道的内容","公开史料、当时信息与组织约束的比较与解释记录","https://www.moe.gov.cn/srcsite/A22/moe_833/202209/t20220914_660828.html；https://history.pku.edu.cn/bxgk/xkjj/index.htm"
"military-technology-history-6","military-technology-history","技术伦理","公开技术描述与可验证资料","subject-military-history","技术伦理：当时的信息和资源允许你提出的这个解释吗？","技术伦理：公共史料数字化怎样保留组织变迁中的反例？","公开史料、当时信息与组织约束","限制在公开历史解释，保留行动者当时能知道的内容","公开史料、当时信息与组织约束的比较与解释记录","https://www.moe.gov.cn/srcsite/A22/moe_833/202209/t20220914_660828.html；https://history.pku.edu.cn/bxgk/xkjj/index.htm"
"military-technology-history-7","military-technology-history","公共技术展示","公开技术描述与可验证资料","subject-military-history","公共技术展示：当时的信息和资源允许你提出的这个解释吗？","公共技术展示：公共史料数字化怎样保留组织变迁中的反例？","公开史料、当时信息与组织约束","限制在公开历史解释，保留行动者当时能知道的内容","公开史料、当时信息与组织约束的比较与解释记录","https://www.moe.gov.cn/srcsite/A22/moe_833/202209/t20220914_660828.html；https://history.pku.edu.cn/bxgk/xkjj/index.htm"
"military-technology-history-8","military-technology-history","技术叙事","公开技术描述与可验证资料","subject-military-history","技术叙事：当时的信息和资源允许你提出的这个解释吗？","技术叙事：公共史料数字化怎样保留组织变迁中的反例？","公开史料、当时信息与组织约束","限制在公开历史解释，保留行动者当时能知道的内容","公开史料、当时信息与组织约束的比较与解释记录","https://www.moe.gov.cn/srcsite/A22/moe_833/202209/t20220914_660828.html；https://history.pku.edu.cn/bxgk/xkjj/index.htm"
"military-technology-history-9","military-technology-history","创新制度比较","公开技术描述与可验证资料","subject-military-history","创新制度比较：当时的信息和资源允许你提出的这个解释吗？","创新制度比较：公共史料数字化怎样保留组织变迁中的反例？","公开史料、当时信息与组织约束","限制在公开历史解释，保留行动者当时能知道的内容","公开史料、当时信息与组织约束的比较与解释记录","https://www.moe.gov.cn/srcsite/A22/moe_833/202209/t20220914_660828.html；https://history.pku.edu.cn/bxgk/xkjj/index.htm"
"military-technology-history-10","military-technology-history","科技教育史","公开技术描述与可验证资料","subject-military-history","科技教育史：当时的信息和资源允许你提出的这个解释吗？","科技教育史：公共史料数字化怎样保留组织变迁中的反例？","公开史料、当时信息与组织约束","限制在公开历史解释，保留行动者当时能知道的内容","公开史料、当时信息与组织约束的比较与解释记录","https://www.moe.gov.cn/srcsite/A22/moe_833/202209/t20220914_660828.html；https://history.pku.edu.cn/bxgk/xkjj/index.htm"
"military-technology-history-11","military-technology-history","技术档案","公开技术描述与可验证资料","subject-military-history","技术档案：当时的信息和资源允许你提出的这个解释吗？","技术档案：公共史料数字化怎样保留组织变迁中的反例？","公开史料、当时信息与组织约束","限制在公开历史解释，保留行动者当时能知道的内容","公开史料、当时信息与组织约束的比较与解释记录","https://www.moe.gov.cn/srcsite/A22/moe_833/202209/t20220914_660828.html；https://history.pku.edu.cn/bxgk/xkjj/index.htm"
"military-technology-history-12","military-technology-history","技术资料评价","公开技术描述与可验证资料","subject-military-history","技术资料评价：当时的信息和资源允许你提出的这个解释吗？","技术资料评价：公共史料数字化怎样保留组织变迁中的反例？","公开史料、当时信息与组织约束","限制在公开历史解释，保留行动者当时能知道的内容","公开史料、当时信息与组织约束的比较与解释记录","https://www.moe.gov.cn/srcsite/A22/moe_833/202209/t20220914_660828.html；https://history.pku.edu.cn/bxgk/xkjj/index.htm"
"peace-conflict-1","peace-conflict","和平理论","记录范围、概念定义与比较条件","subject-military-history","和平理论：当时的信息和资源允许你提出的这个解释吗？","和平理论：公共史料数字化怎样保留组织变迁中的反例？","公开史料、当时信息与组织约束","限制在公开历史解释，保留行动者当时能知道的内容","公开史料、当时信息与组织约束的比较与解释记录","https://www.moe.gov.cn/srcsite/A22/moe_833/202209/t20220914_660828.html；https://history.pku.edu.cn/bxgk/xkjj/index.htm"
"peace-conflict-2","peace-conflict","冲突叙事","记录范围、概念定义与比较条件","subject-military-history","冲突叙事：当时的信息和资源允许你提出的这个解释吗？","冲突叙事：公共史料数字化怎样保留组织变迁中的反例？","公开史料、当时信息与组织约束","限制在公开历史解释，保留行动者当时能知道的内容","公开史料、当时信息与组织约束的比较与解释记录","https://www.moe.gov.cn/srcsite/A22/moe_833/202209/t20220914_660828.html；https://history.pku.edu.cn/bxgk/xkjj/index.htm"
"peace-conflict-3","peace-conflict","协商制度研究","记录范围、概念定义与比较条件","subject-military-history","协商制度研究：当时的信息和资源允许你提出的这个解释吗？","协商制度研究：公共史料数字化怎样保留组织变迁中的反例？","公开史料、当时信息与组织约束","限制在公开历史解释，保留行动者当时能知道的内容","公开史料、当时信息与组织约束的比较与解释记录","https://www.moe.gov.cn/srcsite/A22/moe_833/202209/t20220914_660828.html；https://history.pku.edu.cn/bxgk/xkjj/index.htm"
"peace-conflict-4","peace-conflict","国际组织资料","记录范围、概念定义与比较条件","subject-military-history","国际组织资料：当时的信息和资源允许你提出的这个解释吗？","国际组织资料：公共史料数字化怎样保留组织变迁中的反例？","公开史料、当时信息与组织约束","限制在公开历史解释，保留行动者当时能知道的内容","公开史料、当时信息与组织约束的比较与解释记录","https://www.moe.gov.cn/srcsite/A22/moe_833/202209/t20220914_660828.html；https://history.pku.edu.cn/bxgk/xkjj/index.htm"
"peace-conflict-5","peace-conflict","和平教育","记录范围、概念定义与比较条件","subject-military-history","和平教育：当时的信息和资源允许你提出的这个解释吗？","和平教育：公共史料数字化怎样保留组织变迁中的反例？","公开史料、当时信息与组织约束","限制在公开历史解释，保留行动者当时能知道的内容","公开史料、当时信息与组织约束的比较与解释记录","https://www.moe.gov.cn/srcsite/A22/moe_833/202209/t20220914_660828.html；https://history.pku.edu.cn/bxgk/xkjj/index.htm"
"peace-conflict-6","peace-conflict","记忆与和解","记录范围、概念定义与比较条件","subject-military-history","记忆与和解：当时的信息和资源允许你提出的这个解释吗？","记忆与和解：公共史料数字化怎样保留组织变迁中的反例？","公开史料、当时信息与组织约束","限制在公开历史解释，保留行动者当时能知道的内容","公开史料、当时信息与组织约束的比较与解释记录","https://www.moe.gov.cn/srcsite/A22/moe_833/202209/t20220914_660828.html；https://history.pku.edu.cn/bxgk/xkjj/index.htm"
"peace-conflict-7","peace-conflict","公众安全感","记录范围、概念定义与比较条件","subject-military-history","公众安全感：当时的信息和资源允许你提出的这个解释吗？","公众安全感：公共史料数字化怎样保留组织变迁中的反例？","公开史料、当时信息与组织约束","限制在公开历史解释，保留行动者当时能知道的内容","公开史料、当时信息与组织约束的比较与解释记录","https://www.moe.gov.cn/srcsite/A22/moe_833/202209/t20220914_660828.html；https://history.pku.edu.cn/bxgk/xkjj/index.htm"
"peace-conflict-8","peace-conflict","冲突数据质量","记录范围、概念定义与比较条件","subject-military-history","冲突数据质量：当时的信息和资源允许你提出的这个解释吗？","冲突数据质量：公共史料数字化怎样保留组织变迁中的反例？","公开史料、当时信息与组织约束","限制在公开历史解释，保留行动者当时能知道的内容","公开史料、当时信息与组织约束的比较与解释记录","https://www.moe.gov.cn/srcsite/A22/moe_833/202209/t20220914_660828.html；https://history.pku.edu.cn/bxgk/xkjj/index.htm"
"peace-conflict-9","peace-conflict","文化与和平","记录范围、概念定义与比较条件","subject-military-history","文化与和平：当时的信息和资源允许你提出的这个解释吗？","文化与和平：公共史料数字化怎样保留组织变迁中的反例？","公开史料、当时信息与组织约束","限制在公开历史解释，保留行动者当时能知道的内容","公开史料、当时信息与组织约束的比较与解释记录","https://www.moe.gov.cn/srcsite/A22/moe_833/202209/t20220914_660828.html；https://history.pku.edu.cn/bxgk/xkjj/index.htm"
"peace-conflict-10","peace-conflict","迁移与冲突资料","记录范围、概念定义与比较条件","subject-military-history","迁移与冲突资料：当时的信息和资源允许你提出的这个解释吗？","迁移与冲突资料：公共史料数字化怎样保留组织变迁中的反例？","公开史料、当时信息与组织约束","限制在公开历史解释，保留行动者当时能知道的内容","公开史料、当时信息与组织约束的比较与解释记录","https://www.moe.gov.cn/srcsite/A22/moe_833/202209/t20220914_660828.html；https://history.pku.edu.cn/bxgk/xkjj/index.htm"
"peace-conflict-11","peace-conflict","公共政策比较","记录范围、概念定义与比较条件","subject-military-history","公共政策比较：当时的信息和资源允许你提出的这个解释吗？","公共政策比较：公共史料数字化怎样保留组织变迁中的反例？","公开史料、当时信息与组织约束","限制在公开历史解释，保留行动者当时能知道的内容","公开史料、当时信息与组织约束的比较与解释记录","https://www.moe.gov.cn/srcsite/A22/moe_833/202209/t20220914_660828.html；https://history.pku.edu.cn/bxgk/xkjj/index.htm"
"peace-conflict-12","peace-conflict","和平传播","记录范围、概念定义与比较条件","subject-military-history","和平传播：当时的信息和资源允许你提出的这个解释吗？","和平传播：公共史料数字化怎样保留组织变迁中的反例？","公开史料、当时信息与组织约束","限制在公开历史解释，保留行动者当时能知道的内容","公开史料、当时信息与组织约束的比较与解释记录","https://www.moe.gov.cn/srcsite/A22/moe_833/202209/t20220914_660828.html；https://history.pku.edu.cn/bxgk/xkjj/index.htm"
"business-management-1","business-management","企业战略","组织与个体层次、案例选择","evidence-organization","企业战略：制度写得完整，为什么实际交接仍可能失败？","企业战略：智能工具进入团队后，知识传递与新人培养会怎样变化？","流程文件、岗位访谈与交付记录","本方向具体检查：分开正式规定与实际执行，再核对责任接口。不要把「组织与个体层次、案例选择」中不同条件直接合并。","流程文件、岗位访谈与交付记录的来源与比较条件记录，注明「企业战略」的来源、课题版本、已查项与未决项。","https://www.som.zju.edu.cn/2025/0506/c63512a3045953/page.htm"
"business-management-2","business-management","组织行为","组织与个体层次、案例选择","subject-organization","组织行为：谁完成了流程却仍没有获得预期支持？","组织行为：智能协作工具怎样保留新人学习和责任接口？","正式流程、实际协作与未受益者记录","比较纸面目标、落实条件与参与负担","正式流程、实际协作与未受益者记录的比较与解释记录","https://www.som.zju.edu.cn/2025/0506/c63512a3045953/page.htm"
"business-management-3","business-management","人力资源","组织与个体层次、案例选择","subject-organization","人力资源：谁完成了流程却仍没有获得预期支持？","人力资源：智能协作工具怎样保留新人学习和责任接口？","正式流程、实际协作与未受益者记录","比较纸面目标、落实条件与参与负担","正式流程、实际协作与未受益者记录的比较与解释记录","https://www.som.zju.edu.cn/2025/0506/c63512a3045953/page.htm"
"business-management-4","business-management","创新管理","组织与个体层次、案例选择","subject-organization","创新管理：谁完成了流程却仍没有获得预期支持？","创新管理：智能协作工具怎样保留新人学习和责任接口？","正式流程、实际协作与未受益者记录","比较纸面目标、落实条件与参与负担","正式流程、实际协作与未受益者记录的比较与解释记录","https://www.som.zju.edu.cn/2025/0506/c63512a3045953/page.htm"
"business-management-5","business-management","创业研究","组织与个体层次、案例选择","evidence-organization","创业研究：制度写得完整，为什么实际交接仍可能失败？","创业研究：智能工具进入团队后，知识传递与新人培养会怎样变化？","流程文件、岗位访谈与交付记录","本方向具体检查：分开正式规定与实际执行，再核对责任接口。不要把「组织与个体层次、案例选择」中不同条件直接合并。","流程文件、岗位访谈与交付记录的来源与比较条件记录，注明「创业研究」的来源、课题版本、已查项与未决项。","https://www.som.zju.edu.cn/2025/0506/c63512a3045953/page.htm"
"business-management-6","business-management","企业治理","组织与个体层次、案例选择","subject-organization","企业治理：谁完成了流程却仍没有获得预期支持？","企业治理：智能协作工具怎样保留新人学习和责任接口？","正式流程、实际协作与未受益者记录","比较纸面目标、落实条件与参与负担","正式流程、实际协作与未受益者记录的比较与解释记录","https://www.law.pku.edu.cn/xwzx/ggtz/zsjx/870508d182464f118ae55b9473a4c4f3.htm；https://bkzs.pku.edu.cn/xkzy/xy/shkxxb/sxkxxy_31/sxkxxyzszy_31/index.htm"
"business-management-7","business-management","组织文化","组织与个体层次、案例选择","subject-organization","组织文化：谁完成了流程却仍没有获得预期支持？","组织文化：智能协作工具怎样保留新人学习和责任接口？","正式流程、实际协作与未受益者记录","比较纸面目标、落实条件与参与负担","正式流程、实际协作与未受益者记录的比较与解释记录","https://www.som.zju.edu.cn/2025/0506/c63512a3045953/page.htm"
"business-management-8","business-management","管理案例","组织与个体层次、案例选择","subject-organization","管理案例：谁完成了流程却仍没有获得预期支持？","管理案例：智能协作工具怎样保留新人学习和责任接口？","正式流程、实际协作与未受益者记录","比较纸面目标、落实条件与参与负担","正式流程、实际协作与未受益者记录的比较与解释记录","https://www.som.zju.edu.cn/2025/0506/c63512a3045953/page.htm"
"business-management-9","business-management","服务管理","组织与个体层次、案例选择","subject-organization","服务管理：谁完成了流程却仍没有获得预期支持？","服务管理：智能协作工具怎样保留新人学习和责任接口？","正式流程、实际协作与未受益者记录","比较纸面目标、落实条件与参与负担","正式流程、实际协作与未受益者记录的比较与解释记录","https://www.som.zju.edu.cn/2025/0506/c63512a3045953/page.htm"
"business-management-10","business-management","团队协作","组织与个体层次、案例选择","evidence-organization","团队协作：制度写得完整，为什么实际交接仍可能失败？","团队协作：智能工具进入团队后，知识传递与新人培养会怎样变化？","流程文件、岗位访谈与交付记录","本方向具体检查：分开正式规定与实际执行，再核对责任接口。不要把「组织与个体层次、案例选择」中不同条件直接合并。","流程文件、岗位访谈与交付记录的来源与比较条件记录，注明「团队协作」的来源、课题版本、已查项与未决项。","https://www.som.zju.edu.cn/2025/0506/c63512a3045953/page.htm"
"business-management-11","business-management","管理伦理","组织与个体层次、案例选择","subject-organization","管理伦理：谁完成了流程却仍没有获得预期支持？","管理伦理：智能协作工具怎样保留新人学习和责任接口？","正式流程、实际协作与未受益者记录","比较纸面目标、落实条件与参与负担","正式流程、实际协作与未受益者记录的比较与解释记录","https://www.som.zju.edu.cn/2025/0506/c63512a3045953/page.htm"
"business-management-12","business-management","管理教育","组织与个体层次、案例选择","subject-organization","管理教育：谁完成了流程却仍没有获得预期支持？","管理教育：智能协作工具怎样保留新人学习和责任接口？","正式流程、实际协作与未受益者记录","比较纸面目标、落实条件与参与负担","正式流程、实际协作与未受益者记录的比较与解释记录","https://cter.bnu.edu.cn/docs/2024-05/e0d9749ec02e425eb45aa96fefdadc2a.pdf"
"accounting-studies-1","accounting-studies","财务会计","报告口径、时期与资料来源","subject-accounting","财务会计：增长来自经营，还是有新主体进入合并范围？","财务会计：自动审计怎样保留例外、来源和复核责任？","确认时点、合并边界与核对底稿","区分经营变化、口径调整与合并变化","确认时点、合并边界与核对底稿的比较与解释记录","https://www.som.zju.edu.cn/2025/0506/c63512a3045953/page.htm"
"accounting-studies-2","accounting-studies","管理会计","报告口径、时期与资料来源","subject-accounting","管理会计：增长来自经营，还是有新主体进入合并范围？","管理会计：自动审计怎样保留例外、来源和复核责任？","确认时点、合并边界与核对底稿","区分经营变化、口径调整与合并变化","确认时点、合并边界与核对底稿的比较与解释记录","https://www.som.zju.edu.cn/2025/0506/c63512a3045953/page.htm"
"accounting-studies-3","accounting-studies","审计研究","报告口径、时期与资料来源","subject-accounting","审计研究：增长来自经营，还是有新主体进入合并范围？","审计研究：自动审计怎样保留例外、来源和复核责任？","确认时点、合并边界与核对底稿","区分经营变化、口径调整与合并变化","确认时点、合并边界与核对底稿的比较与解释记录","https://www.som.zju.edu.cn/2025/0506/c63512a3045953/page.htm"
"accounting-studies-4","accounting-studies","信息披露","报告口径、时期与资料来源","accounting","信息披露：确认口径改变时，报表变动能说明什么？","信息披露：新的披露或审计工具能否保留来源责任，并揭示口径变化而非只提高处理速度？","确认时点、报表口径与审计证据","本方向具体检查：对齐会计期间与合并范围，保留口径变动。不要把「报告口径、时期与资料来源」中不同条件直接合并。","期间、确认口径与证据来源对照页，注明「信息披露」的来源、课题版本、已查项与未决项。","https://www.som.zju.edu.cn/2025/0506/c63512a3045953/page.htm"
"accounting-studies-5","accounting-studies","公司治理","报告口径、时期与资料来源","governance","公司治理：两个地方使用同名制度，怎样判断可以比较？","公司治理：新的协作或数字治理能否缩小执行差距，并保留申诉和责任接口？","制度文本、执行材料与对象反馈","本方向具体检查：比较制度情境，保留执行层次与时间。不要把「报告口径、时期与资料来源」中不同条件直接合并。","纸面目标、执行层次与未受益者记录，注明「公司治理」的来源、课题版本、已查项与未决项。","https://www.law.pku.edu.cn/xwzx/ggtz/zsjx/870508d182464f118ae55b9473a4c4f3.htm；https://bkzs.pku.edu.cn/xkzy/xy/shkxxb/sxkxxy_31/sxkxxyzszy_31/index.htm"
"accounting-studies-6","accounting-studies","会计史","报告口径、时期与资料来源","subject-accounting","会计史：增长来自经营，还是有新主体进入合并范围？","会计史：自动审计怎样保留例外、来源和复核责任？","确认时点、合并边界与核对底稿","区分经营变化、口径调整与合并变化","确认时点、合并边界与核对底稿的比较与解释记录","https://www.som.zju.edu.cn/2025/0506/c63512a3045953/page.htm"
"accounting-studies-7","accounting-studies","公共部门会计","报告口径、时期与资料来源","subject-accounting","公共部门会计：增长来自经营，还是有新主体进入合并范围？","公共部门会计：自动审计怎样保留例外、来源和复核责任？","确认时点、合并边界与核对底稿","区分经营变化、口径调整与合并变化","确认时点、合并边界与核对底稿的比较与解释记录","https://www.som.zju.edu.cn/2025/0506/c63512a3045953/page.htm"
"accounting-studies-8","accounting-studies","非财务报告","报告口径、时期与资料来源","subject-accounting","非财务报告：增长来自经营，还是有新主体进入合并范围？","非财务报告：自动审计怎样保留例外、来源和复核责任？","确认时点、合并边界与核对底稿","区分经营变化、口径调整与合并变化","确认时点、合并边界与核对底稿的比较与解释记录","https://www.som.zju.edu.cn/2025/0506/c63512a3045953/page.htm"
"accounting-studies-9","accounting-studies","审计数据","报告口径、时期与资料来源","subject-accounting","审计数据：增长来自经营，还是有新主体进入合并范围？","审计数据：自动审计怎样保留例外、来源和复核责任？","确认时点、合并边界与核对底稿","区分经营变化、口径调整与合并变化","确认时点、合并边界与核对底稿的比较与解释记录","https://www.som.zju.edu.cn/2025/0506/c63512a3045953/page.htm"
"accounting-studies-10","accounting-studies","会计规范","报告口径、时期与资料来源","subject-accounting","会计规范：增长来自经营，还是有新主体进入合并范围？","会计规范：自动审计怎样保留例外、来源和复核责任？","确认时点、合并边界与核对底稿","区分经营变化、口径调整与合并变化","确认时点、合并边界与核对底稿的比较与解释记录","https://www.som.zju.edu.cn/2025/0506/c63512a3045953/page.htm"
"accounting-studies-11","accounting-studies","职业判断","报告口径、时期与资料来源","evidence-accounting","职业判断：确认口径改变时，报表变动能说明什么？","职业判断：可持续披露怎样形成可核对、可比较的证据链？","确认时点、报表口径与审计证据","本方向具体检查：对齐会计期间与合并范围，保留口径变动。不要把「报告口径、时期与资料来源」中不同条件直接合并。","确认时点、报表口径与审计证据的来源与比较条件记录，注明「职业判断」的来源、课题版本、已查项与未决项。","https://www.som.zju.edu.cn/2025/0506/c63512a3045953/page.htm"
"accounting-studies-12","accounting-studies","会计教育","报告口径、时期与资料来源","subject-accounting","会计教育：增长来自经营，还是有新主体进入合并范围？","会计教育：自动审计怎样保留例外、来源和复核责任？","确认时点、合并边界与核对底稿","区分经营变化、口径调整与合并变化","确认时点、合并边界与核对底稿的比较与解释记录","https://cter.bnu.edu.cn/docs/2024-05/e0d9749ec02e425eb45aa96fefdadc2a.pdf"
"information-management-1","information-management","图书馆学","信息来源、检索覆盖与记录版本","evidence-library-science","图书馆学：一个检索系统找到很多材料，为什么仍可能漏掉关键文献？","图书馆学：语义检索与知识组织如何兼顾可追溯性和多语言覆盖？","目录字段、检索任务与版本保存记录","本方向具体检查：比较检索目标、相关性判断与来源完整性。不要把「信息来源、检索覆盖与记录版本」中不同条件直接合并。","目录字段、检索任务与版本保存记录的来源与比较条件记录，注明「图书馆学」的来源、课题版本、已查项与未决项。","https://www.som.zju.edu.cn/2025/0506/c63512a3045953/page.htm"
"information-management-2","information-management","情报学","信息来源、检索覆盖与记录版本","evidence-library-science","情报学：一个检索系统找到很多材料，为什么仍可能漏掉关键文献？","情报学：语义检索与知识组织如何兼顾可追溯性和多语言覆盖？","目录字段、检索任务与版本保存记录","本方向具体检查：比较检索目标、相关性判断与来源完整性。不要把「信息来源、检索覆盖与记录版本」中不同条件直接合并。","目录字段、检索任务与版本保存记录的来源与比较条件记录，注明「情报学」的来源、课题版本、已查项与未决项。","https://www.som.zju.edu.cn/2025/0506/c63512a3045953/page.htm"
"information-management-3","information-management","档案管理","信息来源、检索覆盖与记录版本","evidence-library-science","档案管理：一个检索系统找到很多材料，为什么仍可能漏掉关键文献？","档案管理：语义检索与知识组织如何兼顾可追溯性和多语言覆盖？","目录字段、检索任务与版本保存记录","本方向具体检查：比较检索目标、相关性判断与来源完整性。不要把「信息来源、检索覆盖与记录版本」中不同条件直接合并。","目录字段、检索任务与版本保存记录的来源与比较条件记录，注明「档案管理」的来源、课题版本、已查项与未决项。","https://www.som.zju.edu.cn/2025/0506/c63512a3045953/page.htm"
"information-management-4","information-management","知识组织","信息来源、检索覆盖与记录版本","governance","知识组织：一个检索系统找到很多材料，为什么仍可能漏掉关键文献？","知识组织：新的协作或数字治理能否缩小执行差距，并保留申诉和责任接口？","目录字段、检索任务与版本保存记录","本方向具体检查：比较检索目标、相关性判断与来源完整性。不要把「信息来源、检索覆盖与记录版本」中不同条件直接合并。","纸面目标、执行层次与未受益者记录，注明「知识组织」的来源、课题版本、已查项与未决项。","https://www.som.zju.edu.cn/2025/0506/c63512a3045953/page.htm"
"information-management-5","information-management","信息检索","信息来源、检索覆盖与记录版本","evidence-library-science","信息检索：一个检索系统找到很多材料，为什么仍可能漏掉关键文献？","信息检索：语义检索与知识组织如何兼顾可追溯性和多语言覆盖？","目录字段、检索任务与版本保存记录","本方向具体检查：比较检索目标、相关性判断与来源完整性。不要把「信息来源、检索覆盖与记录版本」中不同条件直接合并。","目录字段、检索任务与版本保存记录的来源与比较条件记录，注明「信息检索」的来源、课题版本、已查项与未决项。","https://www.som.zju.edu.cn/2025/0506/c63512a3045953/page.htm"
"information-management-6","information-management","科学计量","信息来源、检索覆盖与记录版本","evidence-library-science","科学计量：一个检索系统找到很多材料，为什么仍可能漏掉关键文献？","科学计量：语义检索与知识组织如何兼顾可追溯性和多语言覆盖？","目录字段、检索任务与版本保存记录","本方向具体检查：比较检索目标、相关性判断与来源完整性。不要把「信息来源、检索覆盖与记录版本」中不同条件直接合并。","目录字段、检索任务与版本保存记录的来源与比较条件记录，注明「科学计量」的来源、课题版本、已查项与未决项。","https://www.som.zju.edu.cn/2025/0506/c63512a3045953/page.htm"
"information-management-7","information-management","用户信息行为","信息来源、检索覆盖与记录版本","evidence-library-science","用户信息行为：一个检索系统找到很多材料，为什么仍可能漏掉关键文献？","用户信息行为：语义检索与知识组织如何兼顾可追溯性和多语言覆盖？","目录字段、检索任务与版本保存记录","本方向具体检查：比较检索目标、相关性判断与来源完整性。不要把「信息来源、检索覆盖与记录版本」中不同条件直接合并。","目录字段、检索任务与版本保存记录的来源与比较条件记录，注明「用户信息行为」的来源、课题版本、已查项与未决项。","https://www.som.zju.edu.cn/2025/0506/c63512a3045953/page.htm"
"information-management-8","information-management","数字保存","信息来源、检索覆盖与记录版本","evidence-library-science","数字保存：一个检索系统找到很多材料，为什么仍可能漏掉关键文献？","数字保存：语义检索与知识组织如何兼顾可追溯性和多语言覆盖？","目录字段、检索任务与版本保存记录","本方向具体检查：比较检索目标、相关性判断与来源完整性。不要把「信息来源、检索覆盖与记录版本」中不同条件直接合并。","目录字段、检索任务与版本保存记录的来源与比较条件记录，注明「数字保存」的来源、课题版本、已查项与未决项。","https://www.som.zju.edu.cn/2025/0506/c63512a3045953/page.htm"
"information-management-9","information-management","公共信息服务","信息来源、检索覆盖与记录版本","governance","公共信息服务：一个检索系统找到很多材料，为什么仍可能漏掉关键文献？","公共信息服务：新的协作或数字治理能否缩小执行差距，并保留申诉和责任接口？","目录字段、检索任务与版本保存记录","本方向具体检查：比较检索目标、相关性判断与来源完整性。不要把「信息来源、检索覆盖与记录版本」中不同条件直接合并。","纸面目标、执行层次与未受益者记录，注明「公共信息服务」的来源、课题版本、已查项与未决项。","https://www.som.zju.edu.cn/2025/0506/c63512a3045953/page.htm"
"information-management-10","information-management","知识管理","信息来源、检索覆盖与记录版本","evidence-library-science","知识管理：一个检索系统找到很多材料，为什么仍可能漏掉关键文献？","知识管理：语义检索与知识组织如何兼顾可追溯性和多语言覆盖？","目录字段、检索任务与版本保存记录","本方向具体检查：比较检索目标、相关性判断与来源完整性。不要把「信息来源、检索覆盖与记录版本」中不同条件直接合并。","目录字段、检索任务与版本保存记录的来源与比较条件记录，注明「知识管理」的来源、课题版本、已查项与未决项。","https://www.som.zju.edu.cn/2025/0506/c63512a3045953/page.htm"
"information-management-11","information-management","数据治理","信息来源、检索覆盖与记录版本","governance","数据治理：一个检索系统找到很多材料，为什么仍可能漏掉关键文献？","数据治理：新的协作或数字治理能否缩小执行差距，并保留申诉和责任接口？","目录字段、检索任务与版本保存记录","本方向具体检查：比较检索目标、相关性判断与来源完整性。不要把「信息来源、检索覆盖与记录版本」中不同条件直接合并。","纸面目标、执行层次与未受益者记录，注明「数据治理」的来源、课题版本、已查项与未决项。","https://www.som.zju.edu.cn/2025/0506/c63512a3045953/page.htm"
"information-management-12","information-management","信息伦理","信息来源、检索覆盖与记录版本","evidence-library-science","信息伦理：一个检索系统找到很多材料，为什么仍可能漏掉关键文献？","信息伦理：语义检索与知识组织如何兼顾可追溯性和多语言覆盖？","目录字段、检索任务与版本保存记录","本方向具体检查：比较检索目标、相关性判断与来源完整性。不要把「信息来源、检索覆盖与记录版本」中不同条件直接合并。","目录字段、检索任务与版本保存记录的来源与比较条件记录，注明「信息伦理」的来源、课题版本、已查项与未决项。","https://www.som.zju.edu.cn/2025/0506/c63512a3045953/page.htm"
"operations-management-1","operations-management","生产系统","流程单位、资源约束与评价周期","operations","生产系统：制度写得完整，为什么实际交接仍可能失败？","生产系统：韧性或自适应调度能否在扰动下保留全链交付，而非只优化局部指标？","流程文件、岗位访谈与交付记录","本方向具体检查：分开正式规定与实际执行，再核对责任接口。不要把「流程单位、资源约束与评价周期」中不同条件直接合并。","全链边界、约束与责任接口表，注明「生产系统」的来源、课题版本、已查项与未决项。","https://www.som.zju.edu.cn/2025/0506/c63512a3045953/page.htm"
"operations-management-2","operations-management","运营研究","流程单位、资源约束与评价周期","subject-operations","运营研究：这个环节省下的时间有没有变成下一环节的排队？","运营研究：动态调度怎样兼顾波动、服务公平与资源约束？","流程等待、交付记录与需求波动","同时比较局部周转与端到端交付","流程等待、交付记录与需求波动的比较与解释记录","https://www.som.zju.edu.cn/2025/0506/c63512a3045953/page.htm"
"operations-management-3","operations-management","质量管理","流程单位、资源约束与评价周期","evidence-organization","质量管理：制度写得完整，为什么实际交接仍可能失败？","质量管理：智能工具进入团队后，知识传递与新人培养会怎样变化？","流程文件、岗位访谈与交付记录","本方向具体检查：分开正式规定与实际执行，再核对责任接口。不要把「流程单位、资源约束与评价周期」中不同条件直接合并。","流程文件、岗位访谈与交付记录的来源与比较条件记录，注明「质量管理」的来源、课题版本、已查项与未决项。","https://www.som.zju.edu.cn/2025/0506/c63512a3045953/page.htm"
"operations-management-4","operations-management","供应链","流程单位、资源约束与评价周期","subject-operations","供应链：这个环节省下的时间有没有变成下一环节的排队？","供应链：动态调度怎样兼顾波动、服务公平与资源约束？","流程等待、交付记录与需求波动","同时比较局部周转与端到端交付","流程等待、交付记录与需求波动的比较与解释记录","https://www.som.zju.edu.cn/2025/0506/c63512a3045953/page.htm"
"operations-management-5","operations-management","服务运营","流程单位、资源约束与评价周期","subject-operations","服务运营：这个环节省下的时间有没有变成下一环节的排队？","服务运营：动态调度怎样兼顾波动、服务公平与资源约束？","流程等待、交付记录与需求波动","同时比较局部周转与端到端交付","流程等待、交付记录与需求波动的比较与解释记录","https://www.som.zju.edu.cn/2025/0506/c63512a3045953/page.htm"
"operations-management-6","operations-management","人因工程","流程单位、资源约束与评价周期","evidence-organization","人因工程：制度写得完整，为什么实际交接仍可能失败？","人因工程：智能工具进入团队后，知识传递与新人培养会怎样变化？","流程文件、岗位访谈与交付记录","本方向具体检查：分开正式规定与实际执行，再核对责任接口。不要把「流程单位、资源约束与评价周期」中不同条件直接合并。","流程文件、岗位访谈与交付记录的来源与比较条件记录，注明「人因工程」的来源、课题版本、已查项与未决项。","https://www.som.zju.edu.cn/2025/0506/c63512a3045953/page.htm"
"operations-management-7","operations-management","项目管理","流程单位、资源约束与评价周期","operations","项目管理：制度写得完整，为什么实际交接仍可能失败？","项目管理：韧性或自适应调度能否在扰动下保留全链交付，而非只优化局部指标？","流程文件、岗位访谈与交付记录","本方向具体检查：分开正式规定与实际执行，再核对责任接口。不要把「流程单位、资源约束与评价周期」中不同条件直接合并。","全链边界、约束与责任接口表，注明「项目管理」的来源、课题版本、已查项与未决项。","https://www.som.zju.edu.cn/2025/0506/c63512a3045953/page.htm"
"operations-management-8","operations-management","可靠性管理","流程单位、资源约束与评价周期","evidence-organization","可靠性管理：制度写得完整，为什么实际交接仍可能失败？","可靠性管理：智能工具进入团队后，知识传递与新人培养会怎样变化？","流程文件、岗位访谈与交付记录","本方向具体检查：分开正式规定与实际执行，再核对责任接口。不要把「流程单位、资源约束与评价周期」中不同条件直接合并。","流程文件、岗位访谈与交付记录的来源与比较条件记录，注明「可靠性管理」的来源、课题版本、已查项与未决项。","https://www.som.zju.edu.cn/2025/0506/c63512a3045953/page.htm"
"operations-management-9","operations-management","流程改进","流程单位、资源约束与评价周期","operations","流程改进：制度写得完整，为什么实际交接仍可能失败？","流程改进：韧性或自适应调度能否在扰动下保留全链交付，而非只优化局部指标？","流程文件、岗位访谈与交付记录","本方向具体检查：分开正式规定与实际执行，再核对责任接口。不要把「流程单位、资源约束与评价周期」中不同条件直接合并。","全链边界、约束与责任接口表，注明「流程改进」的来源、课题版本、已查项与未决项。","https://www.som.zju.edu.cn/2025/0506/c63512a3045953/page.htm"
"operations-management-10","operations-management","运营模型","流程单位、资源约束与评价周期","subject-operations","运营模型：这个环节省下的时间有没有变成下一环节的排队？","运营模型：动态调度怎样兼顾波动、服务公平与资源约束？","流程等待、交付记录与需求波动","同时比较局部周转与端到端交付","流程等待、交付记录与需求波动的比较与解释记录","https://www.som.zju.edu.cn/2025/0506/c63512a3045953/page.htm"
"operations-management-11","operations-management","库存评价","流程单位、资源约束与评价周期","operations","库存评价：制度写得完整，为什么实际交接仍可能失败？","库存评价：韧性或自适应调度能否在扰动下保留全链交付，而非只优化局部指标？","流程文件、岗位访谈与交付记录","本方向具体检查：分开正式规定与实际执行，再核对责任接口。不要把「流程单位、资源约束与评价周期」中不同条件直接合并。","全链边界、约束与责任接口表，注明「库存评价」的来源、课题版本、已查项与未决项。","https://www.som.zju.edu.cn/2025/0506/c63512a3045953/page.htm"
"operations-management-12","operations-management","工业工程教育","流程单位、资源约束与评价周期","evidence-education","工业工程教育：参与更积极，为什么不等于目标知识掌握更好？","工业工程教育：智能助教怎样支持撤去辅助后的独立学习与延迟迁移？","课堂目标、活动记录与学习过程材料","本方向具体检查：让任务、教学目标与评价对应，保留班级差异。不要把「流程单位、资源约束与评价周期」中不同条件直接合并。","课堂目标、活动记录与学习过程材料的来源与比较条件记录，注明「工业工程教育」的来源、课题版本、已查项与未决项。","https://cter.bnu.edu.cn/docs/2024-05/e0d9749ec02e425eb45aa96fefdadc2a.pdf"
"public-governance-1","public-governance","行政管理","执行层次、公众范围与制度情境","subject-organization","行政管理：谁完成了流程却仍没有获得预期支持？","行政管理：智能协作工具怎样保留新人学习和责任接口？","正式流程、实际协作与未受益者记录","比较纸面目标、落实条件与参与负担","正式流程、实际协作与未受益者记录的比较与解释记录","https://www.som.zju.edu.cn/2025/0506/c63512a3045953/page.htm"
"public-governance-2","public-governance","社会保障","执行层次、公众范围与制度情境","subject-organization","社会保障：谁完成了流程却仍没有获得预期支持？","社会保障：智能协作工具怎样保留新人学习和责任接口？","正式流程、实际协作与未受益者记录","比较纸面目标、落实条件与参与负担","正式流程、实际协作与未受益者记录的比较与解释记录","https://www.law.pku.edu.cn/xwzx/ggtz/zsjx/870508d182464f118ae55b9473a4c4f3.htm；https://bkzs.pku.edu.cn/xkzy/xy/shkxxb/sxkxxy_31/sxkxxyzszy_31/index.htm"
"public-governance-3","public-governance","社会政策","执行层次、公众范围与制度情境","governance","社会政策：两个地方使用同名制度，怎样判断可以比较？","社会政策：新的协作或数字治理能否缩小执行差距，并保留申诉和责任接口？","制度文本、执行材料与对象反馈","本方向具体检查：比较制度情境，保留执行层次与时间。不要把「执行层次、公众范围与制度情境」中不同条件直接合并。","纸面目标、执行层次与未受益者记录，注明「社会政策」的来源、课题版本、已查项与未决项。","https://www.law.pku.edu.cn/xwzx/ggtz/zsjx/870508d182464f118ae55b9473a4c4f3.htm；https://bkzs.pku.edu.cn/xkzy/xy/shkxxb/sxkxxy_31/sxkxxyzszy_31/index.htm"
"public-governance-4","public-governance","公共预算","执行层次、公众范围与制度情境","governance","公共预算：两个地方使用同名制度，怎样判断可以比较？","公共预算：新的协作或数字治理能否缩小执行差距，并保留申诉和责任接口？","制度文本、执行材料与对象反馈","本方向具体检查：比较制度情境，保留执行层次与时间。不要把「执行层次、公众范围与制度情境」中不同条件直接合并。","纸面目标、执行层次与未受益者记录，注明「公共预算」的来源、课题版本、已查项与未决项。","https://www.law.pku.edu.cn/xwzx/ggtz/zsjx/870508d182464f118ae55b9473a4c4f3.htm；https://bkzs.pku.edu.cn/xkzy/xy/shkxxb/sxkxxy_31/sxkxxyzszy_31/index.htm"
"public-governance-5","public-governance","公共服务","执行层次、公众范围与制度情境","governance","公共服务：两个地方使用同名制度，怎样判断可以比较？","公共服务：新的协作或数字治理能否缩小执行差距，并保留申诉和责任接口？","制度文本、执行材料与对象反馈","本方向具体检查：比较制度情境，保留执行层次与时间。不要把「执行层次、公众范围与制度情境」中不同条件直接合并。","纸面目标、执行层次与未受益者记录，注明「公共服务」的来源、课题版本、已查项与未决项。","https://www.law.pku.edu.cn/xwzx/ggtz/zsjx/870508d182464f118ae55b9473a4c4f3.htm；https://bkzs.pku.edu.cn/xkzy/xy/shkxxb/sxkxxy_31/sxkxxyzszy_31/index.htm"
"public-governance-6","public-governance","应急管理研究","执行层次、公众范围与制度情境","subject-organization","应急管理研究：谁完成了流程却仍没有获得预期支持？","应急管理研究：智能协作工具怎样保留新人学习和责任接口？","正式流程、实际协作与未受益者记录","比较纸面目标、落实条件与参与负担","正式流程、实际协作与未受益者记录的比较与解释记录","https://www.som.zju.edu.cn/2025/0506/c63512a3045953/page.htm"
"public-governance-7","public-governance","基层治理","执行层次、公众范围与制度情境","subject-organization","基层治理：谁完成了流程却仍没有获得预期支持？","基层治理：智能协作工具怎样保留新人学习和责任接口？","正式流程、实际协作与未受益者记录","比较纸面目标、落实条件与参与负担","正式流程、实际协作与未受益者记录的比较与解释记录","https://www.law.pku.edu.cn/xwzx/ggtz/zsjx/870508d182464f118ae55b9473a4c4f3.htm；https://bkzs.pku.edu.cn/xkzy/xy/shkxxb/sxkxxy_31/sxkxxyzszy_31/index.htm"
"public-governance-8","public-governance","非营利组织","执行层次、公众范围与制度情境","subject-organization","非营利组织：谁完成了流程却仍没有获得预期支持？","非营利组织：智能协作工具怎样保留新人学习和责任接口？","正式流程、实际协作与未受益者记录","比较纸面目标、落实条件与参与负担","正式流程、实际协作与未受益者记录的比较与解释记录","https://www.som.zju.edu.cn/2025/0506/c63512a3045953/page.htm"
"public-governance-9","public-governance","数字治理","执行层次、公众范围与制度情境","subject-organization","数字治理：谁完成了流程却仍没有获得预期支持？","数字治理：智能协作工具怎样保留新人学习和责任接口？","正式流程、实际协作与未受益者记录","比较纸面目标、落实条件与参与负担","正式流程、实际协作与未受益者记录的比较与解释记录","https://www.law.pku.edu.cn/xwzx/ggtz/zsjx/870508d182464f118ae55b9473a4c4f3.htm；https://bkzs.pku.edu.cn/xkzy/xy/shkxxb/sxkxxy_31/sxkxxyzszy_31/index.htm"
"public-governance-10","public-governance","政策执行","执行层次、公众范围与制度情境","governance","政策执行：两个地方使用同名制度，怎样判断可以比较？","政策执行：新的协作或数字治理能否缩小执行差距，并保留申诉和责任接口？","制度文本、执行材料与对象反馈","本方向具体检查：比较制度情境，保留执行层次与时间。不要把「执行层次、公众范围与制度情境」中不同条件直接合并。","纸面目标、执行层次与未受益者记录，注明「政策执行」的来源、课题版本、已查项与未决项。","https://www.law.pku.edu.cn/xwzx/ggtz/zsjx/870508d182464f118ae55b9473a4c4f3.htm；https://bkzs.pku.edu.cn/xkzy/xy/shkxxb/sxkxxy_31/sxkxxyzszy_31/index.htm"
"public-governance-11","public-governance","公众参与","执行层次、公众范围与制度情境","evidence-policy","公众参与：两个地方使用同名制度，怎样判断可以比较？","公众参与：算法辅助公共服务怎样保持公平、透明与可申诉？","制度文本、执行材料与对象反馈","本方向具体检查：比较制度情境，保留执行层次与时间。不要把「执行层次、公众范围与制度情境」中不同条件直接合并。","制度文本、执行材料与对象反馈的来源与比较条件记录，注明「公众参与」的来源、课题版本、已查项与未决项。","https://www.law.pku.edu.cn/xwzx/ggtz/zsjx/870508d182464f118ae55b9473a4c4f3.htm；https://bkzs.pku.edu.cn/xkzy/xy/shkxxb/sxkxxy_31/sxkxxyzszy_31/index.htm"
"public-governance-12","public-governance","治理评价","执行层次、公众范围与制度情境","subject-organization","治理评价：谁完成了流程却仍没有获得预期支持？","治理评价：智能协作工具怎样保留新人学习和责任接口？","正式流程、实际协作与未受益者记录","比较纸面目标、落实条件与参与负担","正式流程、实际协作与未受益者记录的比较与解释记录","https://www.law.pku.edu.cn/xwzx/ggtz/zsjx/870508d182464f118ae55b9473a4c4f3.htm；https://bkzs.pku.edu.cn/xkzy/xy/shkxxb/sxkxxy_31/sxkxxyzszy_31/index.htm"
"fine-art-studies-1","fine-art-studies","绘画研究","作品过程、材料与解释依据","subject-visual","绘画研究：这项解释由作品形式支持，还是只来自作者自述？","绘画研究：数字工具参与创作怎样记录贡献与版本演变？","作品版本、制作取舍与展示语境","分开形式分析、作者意图与接受评价","作品版本、制作取舍与展示语境的比较与解释记录","https://www.cafa.edu.cn/sp/nljg/?j=151"
"fine-art-studies-2","fine-art-studies","雕塑研究","作品过程、材料与解释依据","subject-visual","雕塑研究：这项解释由作品形式支持，还是只来自作者自述？","雕塑研究：数字工具参与创作怎样记录贡献与版本演变？","作品版本、制作取舍与展示语境","分开形式分析、作者意图与接受评价","作品版本、制作取舍与展示语境的比较与解释记录","https://www.cafa.edu.cn/sp/nljg/?j=151"
"fine-art-studies-3","fine-art-studies","版画研究","作品过程、材料与解释依据","evidence-arts","版画研究：作者意图、作品形式与观看者解释怎样相互对应？","版画研究：生成工具参与创作时，怎样评价协作、原创与作品多样性？","创作版本、展示语境与观众反馈","本方向具体检查：对照创作意图、形式变化与实际观看经验。不要把「作品过程、材料与解释依据」中不同条件直接合并。","创作版本、展示语境与观众反馈的来源与比较条件记录，注明「版画研究」的来源、课题版本、已查项与未决项。","https://www.cafa.edu.cn/sp/nljg/?j=151"
"fine-art-studies-4","fine-art-studies","书法研究","作品过程、材料与解释依据","evidence-arts","书法研究：作者意图、作品形式与观看者解释怎样相互对应？","书法研究：生成工具参与创作时，怎样评价协作、原创与作品多样性？","创作版本、展示语境与观众反馈","本方向具体检查：对照创作意图、形式变化与实际观看经验。不要把「作品过程、材料与解释依据」中不同条件直接合并。","创作版本、展示语境与观众反馈的来源与比较条件记录，注明「书法研究」的来源、课题版本、已查项与未决项。","https://www.cafa.edu.cn/sp/nljg/?j=151"
"fine-art-studies-5","fine-art-studies","视觉材料","作品过程、材料与解释依据","subject-visual","视觉材料：这项解释由作品形式支持，还是只来自作者自述？","视觉材料：数字工具参与创作怎样记录贡献与版本演变？","作品版本、制作取舍与展示语境","分开形式分析、作者意图与接受评价","作品版本、制作取舍与展示语境的比较与解释记录","https://www.cafa.edu.cn/sp/nljg/?j=151"
"fine-art-studies-6","fine-art-studies","美术史","作品过程、材料与解释依据","subject-visual","美术史：这项解释由作品形式支持，还是只来自作者自述？","美术史：数字工具参与创作怎样记录贡献与版本演变？","作品版本、制作取舍与展示语境","分开形式分析、作者意图与接受评价","作品版本、制作取舍与展示语境的比较与解释记录","https://www.cafa.edu.cn/sp/nljg/?j=151"
"fine-art-studies-7","fine-art-studies","美术理论","作品过程、材料与解释依据","subject-visual","美术理论：这项解释由作品形式支持，还是只来自作者自述？","美术理论：数字工具参与创作怎样记录贡献与版本演变？","作品版本、制作取舍与展示语境","分开形式分析、作者意图与接受评价","作品版本、制作取舍与展示语境的比较与解释记录","https://www.cafa.edu.cn/sp/nljg/?j=151"
"fine-art-studies-8","fine-art-studies","当代艺术","作品过程、材料与解释依据","subject-visual","当代艺术：这项解释由作品形式支持，还是只来自作者自述？","当代艺术：数字工具参与创作怎样记录贡献与版本演变？","作品版本、制作取舍与展示语境","分开形式分析、作者意图与接受评价","作品版本、制作取舍与展示语境的比较与解释记录","https://www.cafa.edu.cn/sp/nljg/?j=151"
"fine-art-studies-9","fine-art-studies","公共艺术","作品过程、材料与解释依据","subject-visual","公共艺术：这项解释由作品形式支持，还是只来自作者自述？","公共艺术：数字工具参与创作怎样记录贡献与版本演变？","作品版本、制作取舍与展示语境","分开形式分析、作者意图与接受评价","作品版本、制作取舍与展示语境的比较与解释记录","https://www.cafa.edu.cn/sp/nljg/?j=151"
"fine-art-studies-10","fine-art-studies","美术教育","作品过程、材料与解释依据","subject-visual","美术教育：这项解释由作品形式支持，还是只来自作者自述？","美术教育：数字工具参与创作怎样记录贡献与版本演变？","作品版本、制作取舍与展示语境","分开形式分析、作者意图与接受评价","作品版本、制作取舍与展示语境的比较与解释记录","https://cter.bnu.edu.cn/docs/2024-05/e0d9749ec02e425eb45aa96fefdadc2a.pdf"
"fine-art-studies-11","fine-art-studies","材料表达","作品过程、材料与解释依据","evidence-arts","材料表达：作者意图、作品形式与观看者解释怎样相互对应？","材料表达：生成工具参与创作时，怎样评价协作、原创与作品多样性？","创作版本、展示语境与观众反馈","本方向具体检查：对照创作意图、形式变化与实际观看经验。不要把「作品过程、材料与解释依据」中不同条件直接合并。","创作版本、展示语境与观众反馈的来源与比较条件记录，注明「材料表达」的来源、课题版本、已查项与未决项。","https://www.cafa.edu.cn/sp/nljg/?j=151"
"fine-art-studies-12","fine-art-studies","展览研究","作品过程、材料与解释依据","evidence-arts","展览研究：作者意图、作品形式与观看者解释怎样相互对应？","展览研究：生成工具参与创作时，怎样评价协作、原创与作品多样性？","创作版本、展示语境与观众反馈","本方向具体检查：对照创作意图、形式变化与实际观看经验。不要把「作品过程、材料与解释依据」中不同条件直接合并。","创作版本、展示语境与观众反馈的来源与比较条件记录，注明「展览研究」的来源、课题版本、已查项与未决项。","https://www.cafa.edu.cn/sp/nljg/?j=151"
"musicology-studies-1","musicology-studies","音乐史","谱面、表演版本与听觉条件","subject-music","音乐史：这段效果来自演绎，还是后期或场地？","音乐史：远程共演怎样评价延迟、协作和共同在场？","乐谱或脚本版本、演出场次与声场记录","分开作品结构、演绎取舍与现场条件","乐谱或脚本版本、演出场次与声场记录的比较与解释记录","https://www.cafa.edu.cn/sp/nljg/?j=151"
"musicology-studies-2","musicology-studies","民族音乐学","谱面、表演版本与听觉条件","subject-music","民族音乐学：这段效果来自演绎，还是后期或场地？","民族音乐学：远程共演怎样评价延迟、协作和共同在场？","乐谱或脚本版本、演出场次与声场记录","分开作品结构、演绎取舍与现场条件","乐谱或脚本版本、演出场次与声场记录的比较与解释记录","https://www.cafa.edu.cn/sp/nljg/?j=151"
"musicology-studies-3","musicology-studies","音乐分析","谱面、表演版本与听觉条件","subject-music","音乐分析：这段效果来自演绎，还是后期或场地？","音乐分析：远程共演怎样评价延迟、协作和共同在场？","乐谱或脚本版本、演出场次与声场记录","分开作品结构、演绎取舍与现场条件","乐谱或脚本版本、演出场次与声场记录的比较与解释记录","https://www.cafa.edu.cn/sp/nljg/?j=151"
"musicology-studies-4","musicology-studies","作曲研究","谱面、表演版本与听觉条件","evidence-performance","作曲研究：排练表现与正式场次反馈为何可能不同？","作曲研究：实时媒介与远程共演怎样改变表演的在场感？","排练版本、演出条件与听众反馈","本方向具体检查：区分练习状态、现场条件与审美判断。不要把「谱面、表演版本与听觉条件」中不同条件直接合并。","排练版本、演出条件与听众反馈的来源与比较条件记录，注明「作曲研究」的来源、课题版本、已查项与未决项。","https://www.cafa.edu.cn/sp/nljg/?j=151"
"musicology-studies-5","musicology-studies","演奏实践","谱面、表演版本与听觉条件","evidence-performance","演奏实践：排练表现与正式场次反馈为何可能不同？","演奏实践：实时媒介与远程共演怎样改变表演的在场感？","排练版本、演出条件与听众反馈","本方向具体检查：区分练习状态、现场条件与审美判断。不要把「谱面、表演版本与听觉条件」中不同条件直接合并。","排练版本、演出条件与听众反馈的来源与比较条件记录，注明「演奏实践」的来源、课题版本、已查项与未决项。","https://www.cafa.edu.cn/sp/nljg/?j=151"
"musicology-studies-6","musicology-studies","声乐研究","谱面、表演版本与听觉条件","subject-music","声乐研究：这段效果来自演绎，还是后期或场地？","声乐研究：远程共演怎样评价延迟、协作和共同在场？","乐谱或脚本版本、演出场次与声场记录","分开作品结构、演绎取舍与现场条件","乐谱或脚本版本、演出场次与声场记录的比较与解释记录","https://www.cafa.edu.cn/sp/nljg/?j=151"
"musicology-studies-7","musicology-studies","音乐教育","谱面、表演版本与听觉条件","subject-music","音乐教育：这段效果来自演绎，还是后期或场地？","音乐教育：远程共演怎样评价延迟、协作和共同在场？","乐谱或脚本版本、演出场次与声场记录","分开作品结构、演绎取舍与现场条件","乐谱或脚本版本、演出场次与声场记录的比较与解释记录","https://cter.bnu.edu.cn/docs/2024-05/e0d9749ec02e425eb45aa96fefdadc2a.pdf"
"musicology-studies-8","musicology-studies","音乐技术","谱面、表演版本与听觉条件","subject-music","音乐技术：这段效果来自演绎，还是后期或场地？","音乐技术：远程共演怎样评价延迟、协作和共同在场？","乐谱或脚本版本、演出场次与声场记录","分开作品结构、演绎取舍与现场条件","乐谱或脚本版本、演出场次与声场记录的比较与解释记录","https://www.cafa.edu.cn/sp/nljg/?j=151"
"musicology-studies-9","musicology-studies","录音评价","谱面、表演版本与听觉条件","subject-music","录音评价：这段效果来自演绎，还是后期或场地？","录音评价：远程共演怎样评价延迟、协作和共同在场？","乐谱或脚本版本、演出场次与声场记录","分开作品结构、演绎取舍与现场条件","乐谱或脚本版本、演出场次与声场记录的比较与解释记录","https://www.cafa.edu.cn/sp/nljg/?j=151"
"musicology-studies-10","musicology-studies","音乐心理资料","谱面、表演版本与听觉条件","subject-music","音乐心理资料：这段效果来自演绎，还是后期或场地？","音乐心理资料：远程共演怎样评价延迟、协作和共同在场？","乐谱或脚本版本、演出场次与声场记录","分开作品结构、演绎取舍与现场条件","乐谱或脚本版本、演出场次与声场记录的比较与解释记录","https://www.cafa.edu.cn/sp/nljg/?j=151"
"musicology-studies-11","musicology-studies","音乐与社会","谱面、表演版本与听觉条件","subject-music","音乐与社会：这段效果来自演绎，还是后期或场地？","音乐与社会：远程共演怎样评价延迟、协作和共同在场？","乐谱或脚本版本、演出场次与声场记录","分开作品结构、演绎取舍与现场条件","乐谱或脚本版本、演出场次与声场记录的比较与解释记录","https://www.cafa.edu.cn/sp/nljg/?j=151"
"musicology-studies-12","musicology-studies","音乐文献","谱面、表演版本与听觉条件","subject-music","音乐文献：这段效果来自演绎，还是后期或场地？","音乐文献：远程共演怎样评价延迟、协作和共同在场？","乐谱或脚本版本、演出场次与声场记录","分开作品结构、演绎取舍与现场条件","乐谱或脚本版本、演出场次与声场记录的比较与解释记录","https://www.cafa.edu.cn/sp/nljg/?j=151"
"film-studies-1","film-studies","电影史","镜头材料、制作过程与观看语境","subject-film","电影史：这个联系来自现场记录还是剪辑形成的顺序？","电影史：交互与生成影像怎样改变叙事控制和观看经验？","镜头段落、剪辑版本与放映条件","区分拍摄素材、剪辑叙事与观众解释","镜头段落、剪辑版本与放映条件的比较与解释记录","https://www.cafa.edu.cn/sp/nljg/?j=151"
"film-studies-2","film-studies","电影理论","镜头材料、制作过程与观看语境","subject-film","电影理论：这个联系来自现场记录还是剪辑形成的顺序？","电影理论：交互与生成影像怎样改变叙事控制和观看经验？","镜头段落、剪辑版本与放映条件","区分拍摄素材、剪辑叙事与观众解释","镜头段落、剪辑版本与放映条件的比较与解释记录","https://www.cafa.edu.cn/sp/nljg/?j=151"
"film-studies-3","film-studies","影像叙事","镜头材料、制作过程与观看语境","subject-film","影像叙事：这个联系来自现场记录还是剪辑形成的顺序？","影像叙事：交互与生成影像怎样改变叙事控制和观看经验？","镜头段落、剪辑版本与放映条件","区分拍摄素材、剪辑叙事与观众解释","镜头段落、剪辑版本与放映条件的比较与解释记录","https://www.cafa.edu.cn/sp/nljg/?j=151"
"film-studies-4","film-studies","纪录片研究","镜头材料、制作过程与观看语境","subject-film","纪录片研究：这个联系来自现场记录还是剪辑形成的顺序？","纪录片研究：交互与生成影像怎样改变叙事控制和观看经验？","镜头段落、剪辑版本与放映条件","区分拍摄素材、剪辑叙事与观众解释","镜头段落、剪辑版本与放映条件的比较与解释记录","https://www.cafa.edu.cn/sp/nljg/?j=151"
"film-studies-5","film-studies","视听语言","镜头材料、制作过程与观看语境","subject-film","视听语言：这个联系来自现场记录还是剪辑形成的顺序？","视听语言：交互与生成影像怎样改变叙事控制和观看经验？","镜头段落、剪辑版本与放映条件","区分拍摄素材、剪辑叙事与观众解释","镜头段落、剪辑版本与放映条件的比较与解释记录","https://www.cafa.edu.cn/sp/nljg/?j=151"
"film-studies-6","film-studies","影像档案","镜头材料、制作过程与观看语境","subject-film","影像档案：这个联系来自现场记录还是剪辑形成的顺序？","影像档案：交互与生成影像怎样改变叙事控制和观看经验？","镜头段落、剪辑版本与放映条件","区分拍摄素材、剪辑叙事与观众解释","镜头段落、剪辑版本与放映条件的比较与解释记录","https://www.cafa.edu.cn/sp/nljg/?j=151"
"film-studies-7","film-studies","影视制作研究","镜头材料、制作过程与观看语境","subject-film","影视制作研究：这个联系来自现场记录还是剪辑形成的顺序？","影视制作研究：交互与生成影像怎样改变叙事控制和观看经验？","镜头段落、剪辑版本与放映条件","区分拍摄素材、剪辑叙事与观众解释","镜头段落、剪辑版本与放映条件的比较与解释记录","https://www.cafa.edu.cn/sp/nljg/?j=151"
"film-studies-8","film-studies","观众研究","镜头材料、制作过程与观看语境","evidence-media","观众研究：信息传播量与受众态度变化为什么不同？","观众研究：合成内容与推荐机制怎样改变信任和传播多样性？","传播时间、平台机制与受众资料","本方向具体检查：分开内容、推荐入口与实际触达。不要把「镜头材料、制作过程与观看语境」中不同条件直接合并。","传播时间、平台机制与受众资料的来源与比较条件记录，注明「观众研究」的来源、课题版本、已查项与未决项。","https://www.cafa.edu.cn/sp/nljg/?j=151"
"film-studies-9","film-studies","电影文化","镜头材料、制作过程与观看语境","subject-film","电影文化：这个联系来自现场记录还是剪辑形成的顺序？","电影文化：交互与生成影像怎样改变叙事控制和观看经验？","镜头段落、剪辑版本与放映条件","区分拍摄素材、剪辑叙事与观众解释","镜头段落、剪辑版本与放映条件的比较与解释记录","https://www.cafa.edu.cn/sp/nljg/?j=151"
"film-studies-10","film-studies","数字影像","镜头材料、制作过程与观看语境","subject-film","数字影像：这个联系来自现场记录还是剪辑形成的顺序？","数字影像：交互与生成影像怎样改变叙事控制和观看经验？","镜头段落、剪辑版本与放映条件","区分拍摄素材、剪辑叙事与观众解释","镜头段落、剪辑版本与放映条件的比较与解释记录","https://www.cafa.edu.cn/sp/nljg/?j=151"
"film-studies-11","film-studies","影像教育","镜头材料、制作过程与观看语境","subject-film","影像教育：这个联系来自现场记录还是剪辑形成的顺序？","影像教育：交互与生成影像怎样改变叙事控制和观看经验？","镜头段落、剪辑版本与放映条件","区分拍摄素材、剪辑叙事与观众解释","镜头段落、剪辑版本与放映条件的比较与解释记录","https://cter.bnu.edu.cn/docs/2024-05/e0d9749ec02e425eb45aa96fefdadc2a.pdf"
"film-studies-12","film-studies","跨媒介影像","镜头材料、制作过程与观看语境","subject-film","跨媒介影像：这个联系来自现场记录还是剪辑形成的顺序？","跨媒介影像：交互与生成影像怎样改变叙事控制和观看经验？","镜头段落、剪辑版本与放映条件","区分拍摄素材、剪辑叙事与观众解释","镜头段落、剪辑版本与放映条件的比较与解释记录","https://www.cafa.edu.cn/sp/nljg/?j=151"
"theatre-studies-1","theatre-studies","戏剧史","剧本、排练与具体场次","subject-music","戏剧史：这段效果来自演绎，还是后期或场地？","戏剧史：远程共演怎样评价延迟、协作和共同在场？","乐谱或脚本版本、演出场次与声场记录","分开作品结构、演绎取舍与现场条件","乐谱或脚本版本、演出场次与声场记录的比较与解释记录","https://www.cafa.edu.cn/sp/nljg/?j=151"
"theatre-studies-2","theatre-studies","剧本研究","剧本、排练与具体场次","evidence-performance","剧本研究：排练表现与正式场次反馈为何可能不同？","剧本研究：实时媒介与远程共演怎样改变表演的在场感？","排练版本、演出条件与听众反馈","本方向具体检查：区分练习状态、现场条件与审美判断。不要把「剧本、排练与具体场次」中不同条件直接合并。","排练版本、演出条件与听众反馈的来源与比较条件记录，注明「剧本研究」的来源、课题版本、已查项与未决项。","https://www.cafa.edu.cn/sp/nljg/?j=151"
"theatre-studies-3","theatre-studies","舞台设计","剧本、排练与具体场次","arts","舞台设计：原型形式、使用目标与审美判断怎样对应？","舞台设计：可持续与生成辅助设计怎样兼顾可用性和作品差异？","作品版本、展示语境与观看反馈","本方向具体检查：区分作品意图、形式特征与观看者解释。不要把「剧本、排练与具体场次」中不同条件直接合并。","作品版本、制作取舍与观看条件记录，注明「舞台设计」的来源、课题版本、已查项与未决项。","https://www.cafa.edu.cn/sp/nljg/?j=151"
"theatre-studies-4","theatre-studies","表演实践","剧本、排练与具体场次","subject-music","表演实践：这段效果来自演绎，还是后期或场地？","表演实践：远程共演怎样评价延迟、协作和共同在场？","乐谱或脚本版本、演出场次与声场记录","分开作品结构、演绎取舍与现场条件","乐谱或脚本版本、演出场次与声场记录的比较与解释记录","https://www.cafa.edu.cn/sp/nljg/?j=151"
"theatre-studies-5","theatre-studies","戏曲研究","剧本、排练与具体场次","subject-music","戏曲研究：这段效果来自演绎，还是后期或场地？","戏曲研究：远程共演怎样评价延迟、协作和共同在场？","乐谱或脚本版本、演出场次与声场记录","分开作品结构、演绎取舍与现场条件","乐谱或脚本版本、演出场次与声场记录的比较与解释记录","https://www.cafa.edu.cn/sp/nljg/?j=151"
"theatre-studies-6","theatre-studies","舞蹈研究","剧本、排练与具体场次","arts","舞蹈研究：排练表现与正式场次反馈为何可能不同？","舞蹈研究：新的创作或展示方式能否兼顾语境、实际体验与作品差异？","排练版本、现场条件与观演记录","本方向具体检查：区分技法描述、具体场次与接受评价，保留版本变动。不要把「剧本、排练与具体场次」中不同条件直接合并。","作品版本、制作取舍与观看条件记录，注明「舞蹈研究」的来源、课题版本、已查项与未决项。","https://www.cafa.edu.cn/sp/nljg/?j=151"
"theatre-studies-7","theatre-studies","戏剧教育","剧本、排练与具体场次","subject-music","戏剧教育：这段效果来自演绎，还是后期或场地？","戏剧教育：远程共演怎样评价延迟、协作和共同在场？","乐谱或脚本版本、演出场次与声场记录","分开作品结构、演绎取舍与现场条件","乐谱或脚本版本、演出场次与声场记录的比较与解释记录","https://cter.bnu.edu.cn/docs/2024-05/e0d9749ec02e425eb45aa96fefdadc2a.pdf"
"theatre-studies-8","theatre-studies","剧场观众","剧本、排练与具体场次","evidence-performance","剧场观众：排练表现与正式场次反馈为何可能不同？","剧场观众：实时媒介与远程共演怎样改变表演的在场感？","排练版本、演出条件与听众反馈","本方向具体检查：区分练习状态、现场条件与审美判断。不要把「剧本、排练与具体场次」中不同条件直接合并。","排练版本、演出条件与听众反馈的来源与比较条件记录，注明「剧场观众」的来源、课题版本、已查项与未决项。","https://www.cafa.edu.cn/sp/nljg/?j=151"
"theatre-studies-9","theatre-studies","排练过程","剧本、排练与具体场次","evidence-performance","排练过程：排练表现与正式场次反馈为何可能不同？","排练过程：实时媒介与远程共演怎样改变表演的在场感？","排练版本、演出条件与听众反馈","本方向具体检查：区分练习状态、现场条件与审美判断。不要把「剧本、排练与具体场次」中不同条件直接合并。","排练版本、演出条件与听众反馈的来源与比较条件记录，注明「排练过程」的来源、课题版本、已查项与未决项。","https://www.cafa.edu.cn/sp/nljg/?j=151"
"theatre-studies-10","theatre-studies","剧场技术评价","剧本、排练与具体场次","evidence-performance","剧场技术评价：排练表现与正式场次反馈为何可能不同？","剧场技术评价：实时媒介与远程共演怎样改变表演的在场感？","排练版本、演出条件与听众反馈","本方向具体检查：区分练习状态、现场条件与审美判断。不要把「剧本、排练与具体场次」中不同条件直接合并。","排练版本、演出条件与听众反馈的来源与比较条件记录，注明「剧场技术评价」的来源、课题版本、已查项与未决项。","https://www.cafa.edu.cn/sp/nljg/?j=151"
"theatre-studies-11","theatre-studies","表演档案","剧本、排练与具体场次","subject-music","表演档案：这段效果来自演绎，还是后期或场地？","表演档案：远程共演怎样评价延迟、协作和共同在场？","乐谱或脚本版本、演出场次与声场记录","分开作品结构、演绎取舍与现场条件","乐谱或脚本版本、演出场次与声场记录的比较与解释记录","https://www.cafa.edu.cn/sp/nljg/?j=151"
"theatre-studies-12","theatre-studies","参与式表演","剧本、排练与具体场次","subject-music","参与式表演：这段效果来自演绎，还是后期或场地？","参与式表演：远程共演怎样评价延迟、协作和共同在场？","乐谱或脚本版本、演出场次与声场记录","分开作品结构、演绎取舍与现场条件","乐谱或脚本版本、演出场次与声场记录的比较与解释记录","https://www.cafa.edu.cn/sp/nljg/?j=151"
"art-design-theory-1","art-design-theory","艺术哲学","作品出处、展示语境与价值判断","subject-visual","艺术哲学：这项解释由作品形式支持，还是只来自作者自述？","艺术哲学：数字工具参与创作怎样记录贡献与版本演变？","作品版本、制作取舍与展示语境","分开形式分析、作者意图与接受评价","作品版本、制作取舍与展示语境的比较与解释记录","https://www.cafa.edu.cn/sp/nljg/?j=151"
"art-design-theory-2","art-design-theory","设计史","作品出处、展示语境与价值判断","arts","设计史：原型形式、使用目标与审美判断怎样对应？","设计史：可持续与生成辅助设计怎样兼顾可用性和作品差异？","作品版本、展示语境与观看反馈","本方向具体检查：区分作品意图、形式特征与观看者解释。不要把「作品出处、展示语境与价值判断」中不同条件直接合并。","作品版本、制作取舍与观看条件记录，注明「设计史」的来源、课题版本、已查项与未决项。","https://www.cafa.edu.cn/sp/nljg/?j=151"
"art-design-theory-3","art-design-theory","艺术制度","作品出处、展示语境与价值判断","subject-visual","艺术制度：这项解释由作品形式支持，还是只来自作者自述？","艺术制度：数字工具参与创作怎样记录贡献与版本演变？","作品版本、制作取舍与展示语境","分开形式分析、作者意图与接受评价","作品版本、制作取舍与展示语境的比较与解释记录","https://www.cafa.edu.cn/sp/nljg/?j=151"
"art-design-theory-4","art-design-theory","策展理论","作品出处、展示语境与价值判断","arts","策展理论：保存一种文化实践，究竟是在保存什么？","策展理论：新的创作或展示方式能否兼顾语境、实际体验与作品差异？","对象来源、保存状态与展示解释","本方向具体检查：区分保存目标、展示叙事与使用者理解。不要把「作品出处、展示语境与价值判断」中不同条件直接合并。","作品版本、制作取舍与观看条件记录，注明「策展理论」的来源、课题版本、已查项与未决项。","https://archaeology.pku.edu.cn/szdw/jxky1/jys/kjkgjys.htm；https://www.cafa.edu.cn/sp/nljg/?j=151"
"art-design-theory-5","art-design-theory","艺术批评","作品出处、展示语境与价值判断","subject-visual","艺术批评：这项解释由作品形式支持，还是只来自作者自述？","艺术批评：数字工具参与创作怎样记录贡献与版本演变？","作品版本、制作取舍与展示语境","分开形式分析、作者意图与接受评价","作品版本、制作取舍与展示语境的比较与解释记录","https://www.cafa.edu.cn/sp/nljg/?j=151"
"art-design-theory-6","art-design-theory","视觉文化","作品出处、展示语境与价值判断","subject-visual","视觉文化：这项解释由作品形式支持，还是只来自作者自述？","视觉文化：数字工具参与创作怎样记录贡献与版本演变？","作品版本、制作取舍与展示语境","分开形式分析、作者意图与接受评价","作品版本、制作取舍与展示语境的比较与解释记录","https://www.cafa.edu.cn/sp/nljg/?j=151"
"art-design-theory-7","art-design-theory","艺术社会学","作品出处、展示语境与价值判断","subject-visual","艺术社会学：这项解释由作品形式支持，还是只来自作者自述？","艺术社会学：数字工具参与创作怎样记录贡献与版本演变？","作品版本、制作取舍与展示语境","分开形式分析、作者意图与接受评价","作品版本、制作取舍与展示语境的比较与解释记录","https://www.cafa.edu.cn/sp/nljg/?j=151"
"art-design-theory-8","art-design-theory","艺术与科技","作品出处、展示语境与价值判断","subject-visual","艺术与科技：这项解释由作品形式支持，还是只来自作者自述？","艺术与科技：数字工具参与创作怎样记录贡献与版本演变？","作品版本、制作取舍与展示语境","分开形式分析、作者意图与接受评价","作品版本、制作取舍与展示语境的比较与解释记录","https://www.cafa.edu.cn/sp/nljg/?j=151"
"art-design-theory-9","art-design-theory","工艺史","作品出处、展示语境与价值判断","subject-visual","工艺史：这项解释由作品形式支持，还是只来自作者自述？","工艺史：数字工具参与创作怎样记录贡献与版本演变？","作品版本、制作取舍与展示语境","分开形式分析、作者意图与接受评价","作品版本、制作取舍与展示语境的比较与解释记录","https://www.cafa.edu.cn/sp/nljg/?j=151"
"art-design-theory-10","art-design-theory","艺术收藏史","作品出处、展示语境与价值判断","subject-visual","艺术收藏史：这项解释由作品形式支持，还是只来自作者自述？","艺术收藏史：数字工具参与创作怎样记录贡献与版本演变？","作品版本、制作取舍与展示语境","分开形式分析、作者意图与接受评价","作品版本、制作取舍与展示语境的比较与解释记录","https://www.cafa.edu.cn/sp/nljg/?j=151"
"art-design-theory-11","art-design-theory","设计伦理","作品出处、展示语境与价值判断","arts","设计伦理：原型形式、使用目标与审美判断怎样对应？","设计伦理：可持续与生成辅助设计怎样兼顾可用性和作品差异？","作品版本、展示语境与观看反馈","本方向具体检查：区分作品意图、形式特征与观看者解释。不要把「作品出处、展示语境与价值判断」中不同条件直接合并。","作品版本、制作取舍与观看条件记录，注明「设计伦理」的来源、课题版本、已查项与未决项。","https://www.cafa.edu.cn/sp/nljg/?j=151"
"art-design-theory-12","art-design-theory","艺术教育史","作品出处、展示语境与价值判断","subject-visual","艺术教育史：这项解释由作品形式支持，还是只来自作者自述？","艺术教育史：数字工具参与创作怎样记录贡献与版本演变？","作品版本、制作取舍与展示语境","分开形式分析、作者意图与接受评价","作品版本、制作取舍与展示语境的比较与解释记录","https://www.cafa.edu.cn/sp/nljg/?j=151"
"interdisciplinary-design-1","interdisciplinary-design","设计理论","工程约束、表达目标与使用者经验","subject-design","设计理论：第一次使用的人在哪一步需要求助？","设计理论：适应式交互怎样兼顾便利、可预测性与撤回？","原型版本、用户任务与失败路径","保留误操作、求助、放弃与完成记录","原型版本、用户任务与失败路径的比较与解释记录","https://www.moe.gov.cn/srcsite/A22/moe_833/202209/t20220914_660828.html"
"interdisciplinary-design-2","interdisciplinary-design","设计方法","工程约束、表达目标与使用者经验","subject-design","设计方法：第一次使用的人在哪一步需要求助？","设计方法：适应式交互怎样兼顾便利、可预测性与撤回？","原型版本、用户任务与失败路径","保留误操作、求助、放弃与完成记录","原型版本、用户任务与失败路径的比较与解释记录","https://www.moe.gov.cn/srcsite/A22/moe_833/202209/t20220914_660828.html"
"interdisciplinary-design-3","interdisciplinary-design","设计认知","工程约束、表达目标与使用者经验","subject-design","设计认知：第一次使用的人在哪一步需要求助？","设计认知：适应式交互怎样兼顾便利、可预测性与撤回？","原型版本、用户任务与失败路径","保留误操作、求助、放弃与完成记录","原型版本、用户任务与失败路径的比较与解释记录","https://www.moe.gov.cn/srcsite/A22/moe_833/202209/t20220914_660828.html"
"interdisciplinary-design-4","interdisciplinary-design","工程设计","工程约束、表达目标与使用者经验","subject-design","工程设计：第一次使用的人在哪一步需要求助？","工程设计：适应式交互怎样兼顾便利、可预测性与撤回？","原型版本、用户任务与失败路径","保留误操作、求助、放弃与完成记录","原型版本、用户任务与失败路径的比较与解释记录","https://www.moe.gov.cn/srcsite/A22/moe_833/202209/t20220914_660828.html"
"interdisciplinary-design-5","interdisciplinary-design","艺术与设计","工程约束、表达目标与使用者经验","subject-design","艺术与设计：第一次使用的人在哪一步需要求助？","艺术与设计：适应式交互怎样兼顾便利、可预测性与撤回？","原型版本、用户任务与失败路径","保留误操作、求助、放弃与完成记录","原型版本、用户任务与失败路径的比较与解释记录","https://www.moe.gov.cn/srcsite/A22/moe_833/202209/t20220914_660828.html"
"interdisciplinary-design-6","interdisciplinary-design","设计管理","工程约束、表达目标与使用者经验","subject-design","设计管理：第一次使用的人在哪一步需要求助？","设计管理：适应式交互怎样兼顾便利、可预测性与撤回？","原型版本、用户任务与失败路径","保留误操作、求助、放弃与完成记录","原型版本、用户任务与失败路径的比较与解释记录","https://www.moe.gov.cn/srcsite/A22/moe_833/202209/t20220914_660828.html"
"interdisciplinary-design-7","interdisciplinary-design","设计信息","工程约束、表达目标与使用者经验","subject-design","设计信息：第一次使用的人在哪一步需要求助？","设计信息：适应式交互怎样兼顾便利、可预测性与撤回？","原型版本、用户任务与失败路径","保留误操作、求助、放弃与完成记录","原型版本、用户任务与失败路径的比较与解释记录","https://www.moe.gov.cn/srcsite/A22/moe_833/202209/t20220914_660828.html"
"interdisciplinary-design-8","interdisciplinary-design","设计伦理","工程约束、表达目标与使用者经验","subject-design","设计伦理：第一次使用的人在哪一步需要求助？","设计伦理：适应式交互怎样兼顾便利、可预测性与撤回？","原型版本、用户任务与失败路径","保留误操作、求助、放弃与完成记录","原型版本、用户任务与失败路径的比较与解释记录","https://www.moe.gov.cn/srcsite/A22/moe_833/202209/t20220914_660828.html"
"interdisciplinary-design-9","interdisciplinary-design","设计与社会","工程约束、表达目标与使用者经验","subject-design","设计与社会：第一次使用的人在哪一步需要求助？","设计与社会：适应式交互怎样兼顾便利、可预测性与撤回？","原型版本、用户任务与失败路径","保留误操作、求助、放弃与完成记录","原型版本、用户任务与失败路径的比较与解释记录","https://www.moe.gov.cn/srcsite/A22/moe_833/202209/t20220914_660828.html"
"interdisciplinary-design-10","interdisciplinary-design","设计评价","工程约束、表达目标与使用者经验","subject-design","设计评价：第一次使用的人在哪一步需要求助？","设计评价：适应式交互怎样兼顾便利、可预测性与撤回？","原型版本、用户任务与失败路径","保留误操作、求助、放弃与完成记录","原型版本、用户任务与失败路径的比较与解释记录","https://www.moe.gov.cn/srcsite/A22/moe_833/202209/t20220914_660828.html"
"interdisciplinary-design-11","interdisciplinary-design","设计史","工程约束、表达目标与使用者经验","subject-design","设计史：第一次使用的人在哪一步需要求助？","设计史：适应式交互怎样兼顾便利、可预测性与撤回？","原型版本、用户任务与失败路径","保留误操作、求助、放弃与完成记录","原型版本、用户任务与失败路径的比较与解释记录","https://www.moe.gov.cn/srcsite/A22/moe_833/202209/t20220914_660828.html"
"interdisciplinary-design-12","interdisciplinary-design","跨学科设计协作","工程约束、表达目标与使用者经验","subject-design","跨学科设计协作：第一次使用的人在哪一步需要求助？","跨学科设计协作：适应式交互怎样兼顾便利、可预测性与撤回？","原型版本、用户任务与失败路径","保留误操作、求助、放弃与完成记录","原型版本、用户任务与失败路径的比较与解释记录","https://www.moe.gov.cn/srcsite/A22/moe_833/202209/t20220914_660828.html"
"remote-sensing-1","remote-sensing","遥感物理","空间分辨率、获取时点与参考资料","subject-cross-environment","遥感物理：这个像元的变化能对应到哪个实际对象？","遥感物理：多尺度资料怎样处理接口不确定性与目标冲突？","空间分辨率、地面参照与使用目标","分别核对测量尺度、生态对象与决策边界","空间分辨率、地面参照与使用目标的比较与解释记录","https://www.ues.pku.edu.cn/ztlm/zrdlyzrzyx/index.htm"
"remote-sensing-2","remote-sensing","遥感信息获取","空间分辨率、获取时点与参考资料","subject-cross-environment","遥感信息获取：这个像元的变化能对应到哪个实际对象？","遥感信息获取：多尺度资料怎样处理接口不确定性与目标冲突？","空间分辨率、地面参照与使用目标","分别核对测量尺度、生态对象与决策边界","空间分辨率、地面参照与使用目标的比较与解释记录","https://www.ues.pku.edu.cn/ztlm/zrdlyzrzyx/index.htm"
"remote-sensing-3","remote-sensing","遥感信息处理","空间分辨率、获取时点与参考资料","subject-cross-environment","遥感信息处理：这个像元的变化能对应到哪个实际对象？","遥感信息处理：多尺度资料怎样处理接口不确定性与目标冲突？","空间分辨率、地面参照与使用目标","分别核对测量尺度、生态对象与决策边界","空间分辨率、地面参照与使用目标的比较与解释记录","https://www.ues.pku.edu.cn/ztlm/zrdlyzrzyx/index.htm"
"remote-sensing-4","remote-sensing","遥感应用","空间分辨率、获取时点与参考资料","subject-cross-environment","遥感应用：这个像元的变化能对应到哪个实际对象？","遥感应用：多尺度资料怎样处理接口不确定性与目标冲突？","空间分辨率、地面参照与使用目标","分别核对测量尺度、生态对象与决策边界","空间分辨率、地面参照与使用目标的比较与解释记录","https://www.ues.pku.edu.cn/ztlm/zrdlyzrzyx/index.htm"
"remote-sensing-5","remote-sensing","遥感标定","空间分辨率、获取时点与参考资料","subject-cross-environment","遥感标定：这个像元的变化能对应到哪个实际对象？","遥感标定：多尺度资料怎样处理接口不确定性与目标冲突？","空间分辨率、地面参照与使用目标","分别核对测量尺度、生态对象与决策边界","空间分辨率、地面参照与使用目标的比较与解释记录","https://www.ues.pku.edu.cn/ztlm/zrdlyzrzyx/index.htm"
"remote-sensing-6","remote-sensing","遥感反演","空间分辨率、获取时点与参考资料","subject-cross-environment","遥感反演：这个像元的变化能对应到哪个实际对象？","遥感反演：多尺度资料怎样处理接口不确定性与目标冲突？","空间分辨率、地面参照与使用目标","分别核对测量尺度、生态对象与决策边界","空间分辨率、地面参照与使用目标的比较与解释记录","https://www.ues.pku.edu.cn/ztlm/zrdlyzrzyx/index.htm"
"remote-sensing-7","remote-sensing","遥感时序","空间分辨率、获取时点与参考资料","subject-cross-environment","遥感时序：这个像元的变化能对应到哪个实际对象？","遥感时序：多尺度资料怎样处理接口不确定性与目标冲突？","空间分辨率、地面参照与使用目标","分别核对测量尺度、生态对象与决策边界","空间分辨率、地面参照与使用目标的比较与解释记录","https://www.ues.pku.edu.cn/ztlm/zrdlyzrzyx/index.htm"
"remote-sensing-8","remote-sensing","多源遥感","空间分辨率、获取时点与参考资料","subject-cross-environment","多源遥感：这个像元的变化能对应到哪个实际对象？","多源遥感：多尺度资料怎样处理接口不确定性与目标冲突？","空间分辨率、地面参照与使用目标","分别核对测量尺度、生态对象与决策边界","空间分辨率、地面参照与使用目标的比较与解释记录","https://www.ues.pku.edu.cn/ztlm/zrdlyzrzyx/index.htm"
"remote-sensing-9","remote-sensing","遥感精度评价","空间分辨率、获取时点与参考资料","subject-cross-environment","遥感精度评价：这个像元的变化能对应到哪个实际对象？","遥感精度评价：多尺度资料怎样处理接口不确定性与目标冲突？","空间分辨率、地面参照与使用目标","分别核对测量尺度、生态对象与决策边界","空间分辨率、地面参照与使用目标的比较与解释记录","https://www.ues.pku.edu.cn/ztlm/zrdlyzrzyx/index.htm"
"remote-sensing-10","remote-sensing","遥感资料质量","空间分辨率、获取时点与参考资料","subject-cross-environment","遥感资料质量：这个像元的变化能对应到哪个实际对象？","遥感资料质量：多尺度资料怎样处理接口不确定性与目标冲突？","空间分辨率、地面参照与使用目标","分别核对测量尺度、生态对象与决策边界","空间分辨率、地面参照与使用目标的比较与解释记录","https://www.ues.pku.edu.cn/ztlm/zrdlyzrzyx/index.htm"
"remote-sensing-11","remote-sensing","遥感与社会","空间分辨率、获取时点与参考资料","subject-cross-environment","遥感与社会：这个像元的变化能对应到哪个实际对象？","遥感与社会：多尺度资料怎样处理接口不确定性与目标冲突？","空间分辨率、地面参照与使用目标","分别核对测量尺度、生态对象与决策边界","空间分辨率、地面参照与使用目标的比较与解释记录","https://www.ues.pku.edu.cn/ztlm/zrdlyzrzyx/index.htm"
"remote-sensing-12","remote-sensing","遥感科学史","空间分辨率、获取时点与参考资料","subject-cross-environment","遥感科学史：这个像元的变化能对应到哪个实际对象？","遥感科学史：多尺度资料怎样处理接口不确定性与目标冲突？","空间分辨率、地面参照与使用目标","分别核对测量尺度、生态对象与决策边界","空间分辨率、地面参照与使用目标的比较与解释记录","https://www.ues.pku.edu.cn/ztlm/zrdlyzrzyx/index.htm"
"vehicle-engineering-1","vehicle-engineering","车辆结构","使用工况、车辆版本与测试范围","mechanical","车辆结构：台架成功为什么还不能覆盖所有工况？","车辆结构：新的设计或评价能否跨工况保留可解释的误差与可靠性范围？","工况、台架日志与接口版本","本方向具体检查：对照载荷范围、控制条件和实际接口。不要把「使用工况、车辆版本与测试范围」中不同条件直接合并。","模型简化、使用工况与失效记录，注明「车辆结构」的来源、课题版本、已查项与未决项。","https://ocw.mit.edu/courses/2-001-mechanics-materials-i-fall-2006/pages/syllabus/"
"vehicle-engineering-2","vehicle-engineering","车辆动力学","使用工况、车辆版本与测试范围","energy","车辆动力学：台架成功为什么还不能覆盖所有工况？","车辆动力学：新的转换或调度方案能否在全周期、工况变化与资源约束下保留优势？","工况、台架日志与接口版本","本方向具体检查：对照载荷范围、控制条件和实际接口。不要把「使用工况、车辆版本与测试范围」中不同条件直接合并。","工况、全流程边界与资源取舍表，注明「车辆动力学」的来源、课题版本、已查项与未决项。","https://ocw.mit.edu/courses/2-001-mechanics-materials-i-fall-2006/pages/syllabus/"
"vehicle-engineering-3","vehicle-engineering","车辆可靠性","使用工况、车辆版本与测试范围","mechanical","车辆可靠性：台架成功为什么还不能覆盖所有工况？","车辆可靠性：新的设计或评价能否跨工况保留可解释的误差与可靠性范围？","工况、台架日志与接口版本","本方向具体检查：对照载荷范围、控制条件和实际接口。不要把「使用工况、车辆版本与测试范围」中不同条件直接合并。","模型简化、使用工况与失效记录，注明「车辆可靠性」的来源、课题版本、已查项与未决项。","https://ocw.mit.edu/courses/2-001-mechanics-materials-i-fall-2006/pages/syllabus/"
"vehicle-engineering-4","vehicle-engineering","车辆人因","使用工况、车辆版本与测试范围","mechanical","车辆人因：台架成功为什么还不能覆盖所有工况？","车辆人因：新的设计或评价能否跨工况保留可解释的误差与可靠性范围？","工况、台架日志与接口版本","本方向具体检查：对照载荷范围、控制条件和实际接口。不要把「使用工况、车辆版本与测试范围」中不同条件直接合并。","模型简化、使用工况与失效记录，注明「车辆人因」的来源、课题版本、已查项与未决项。","https://ocw.mit.edu/courses/2-001-mechanics-materials-i-fall-2006/pages/syllabus/"
"vehicle-engineering-5","vehicle-engineering","车辆电子","使用工况、车辆版本与测试范围","circuits","车辆电子：仿真信号与实际测量怎样在同一条件下比较？","车辆电子：协同设计能否在负载、噪声和器件差异下保留性能与能耗解释？","信号标定、器件状态与测试条件","本方向具体检查：把仿真参数与实际测量条件逐项对应。不要把「使用工况、车辆版本与测试范围」中不同条件直接合并。","器件版本、输入条件与误差预算表，注明「车辆电子」的来源、课题版本、已查项与未决项。","https://www.cs.tsinghua.edu.cn/kxyj/kyfx.htm；https://english.phy.pku.edu.cn/Research/Research_Areas.htm"
"vehicle-engineering-6","vehicle-engineering","车辆能源评价","使用工况、车辆版本与测试范围","energy","车辆能源评价：台架成功为什么还不能覆盖所有工况？","车辆能源评价：新的转换或调度方案能否在全周期、工况变化与资源约束下保留优势？","工况、台架日志与接口版本","本方向具体检查：对照载荷范围、控制条件和实际接口。不要把「使用工况、车辆版本与测试范围」中不同条件直接合并。","工况、全流程边界与资源取舍表，注明「车辆能源评价」的来源、课题版本、已查项与未决项。","https://ocw.mit.edu/courses/2-001-mechanics-materials-i-fall-2006/pages/syllabus/"
"vehicle-engineering-7","vehicle-engineering","车辆制造评价","使用工况、车辆版本与测试范围","mechanical","车辆制造评价：台架成功为什么还不能覆盖所有工况？","车辆制造评价：新的设计或评价能否跨工况保留可解释的误差与可靠性范围？","工况、台架日志与接口版本","本方向具体检查：对照载荷范围、控制条件和实际接口。不要把「使用工况、车辆版本与测试范围」中不同条件直接合并。","模型简化、使用工况与失效记录，注明「车辆制造评价」的来源、课题版本、已查项与未决项。","https://ocw.mit.edu/courses/2-001-mechanics-materials-i-fall-2006/pages/syllabus/"
"vehicle-engineering-8","vehicle-engineering","车辆交通协作","使用工况、车辆版本与测试范围","mechanical","车辆交通协作：台架成功为什么还不能覆盖所有工况？","车辆交通协作：新的设计或评价能否跨工况保留可解释的误差与可靠性范围？","工况、台架日志与接口版本","本方向具体检查：对照载荷范围、控制条件和实际接口。不要把「使用工况、车辆版本与测试范围」中不同条件直接合并。","模型简化、使用工况与失效记录，注明「车辆交通协作」的来源、课题版本、已查项与未决项。","https://ocw.mit.edu/courses/2-001-mechanics-materials-i-fall-2006/pages/syllabus/"
"vehicle-engineering-9","vehicle-engineering","车辆测试资料","使用工况、车辆版本与测试范围","mechanical","车辆测试资料：台架成功为什么还不能覆盖所有工况？","车辆测试资料：新的设计或评价能否跨工况保留可解释的误差与可靠性范围？","工况、台架日志与接口版本","本方向具体检查：对照载荷范围、控制条件和实际接口。不要把「使用工况、车辆版本与测试范围」中不同条件直接合并。","模型简化、使用工况与失效记录，注明「车辆测试资料」的来源、课题版本、已查项与未决项。","https://ocw.mit.edu/courses/2-001-mechanics-materials-i-fall-2006/pages/syllabus/"
"vehicle-engineering-10","vehicle-engineering","车辆数字模型","使用工况、车辆版本与测试范围","mechanical","车辆数字模型：台架成功为什么还不能覆盖所有工况？","车辆数字模型：新的设计或评价能否跨工况保留可解释的误差与可靠性范围？","工况、台架日志与接口版本","本方向具体检查：对照载荷范围、控制条件和实际接口。不要把「使用工况、车辆版本与测试范围」中不同条件直接合并。","模型简化、使用工况与失效记录，注明「车辆数字模型」的来源、课题版本、已查项与未决项。","https://ocw.mit.edu/courses/2-001-mechanics-materials-i-fall-2006/pages/syllabus/"
"vehicle-engineering-11","vehicle-engineering","车辆工程史","使用工况、车辆版本与测试范围","mechanical","车辆工程史：台架成功为什么还不能覆盖所有工况？","车辆工程史：新的设计或评价能否跨工况保留可解释的误差与可靠性范围？","工况、台架日志与接口版本","本方向具体检查：对照载荷范围、控制条件和实际接口。不要把「使用工况、车辆版本与测试范围」中不同条件直接合并。","模型简化、使用工况与失效记录，注明「车辆工程史」的来源、课题版本、已查项与未决项。","https://ocw.mit.edu/courses/2-001-mechanics-materials-i-fall-2006/pages/syllabus/"
"vehicle-engineering-12","vehicle-engineering","车辆可及性","使用工况、车辆版本与测试范围","interaction","车辆可及性：台架成功为什么还不能覆盖所有工况？","车辆可及性：新的交互方案能否照顾未完成任务的人，并在真实使用中保留效果？","工况、台架日志与接口版本","本方向具体检查：对照载荷范围、控制条件和实际接口。不要把「使用工况、车辆版本与测试范围」中不同条件直接合并。","用户进入路径、任务日志与退出反馈，注明「车辆可及性」的来源、课题版本、已查项与未决项。","https://ocw.mit.edu/courses/2-001-mechanics-materials-i-fall-2006/pages/syllabus/"
"chinese-philosophy-1","chinese-philosophy","先秦哲学","原典版本、概念语境与论证关系","text","先秦哲学：同一个概念在不同思想家那里，为何含义不同？","先秦哲学：数字整理或跨材料比较能否保留版本差异、出处与互相矛盾的解释？","原典版本、术语译法与思想语境","本方向具体检查：分开原典用词、后世解释与现代重构。不要把「原典版本、概念语境与论证关系」中不同条件直接合并。","原件、整理本、转述与解释索引，注明「先秦哲学」的来源、课题版本、已查项与未决项。","https://admission.pku.edu.cn/zsxx/lxszs/lxszyml/2026/ss/zsml_ss_lxs_cn_00023.pdf；https://history.pku.edu.cn/bxgk/xkjj/index.htm"
"chinese-philosophy-2","chinese-philosophy","经学哲学","原典版本、概念语境与论证关系","text","经学哲学：同一个概念在不同思想家那里，为何含义不同？","经学哲学：数字整理或跨材料比较能否保留版本差异、出处与互相矛盾的解释？","原典版本、术语译法与思想语境","本方向具体检查：分开原典用词、后世解释与现代重构。不要把「原典版本、概念语境与论证关系」中不同条件直接合并。","原件、整理本、转述与解释索引，注明「经学哲学」的来源、课题版本、已查项与未决项。","https://admission.pku.edu.cn/zsxx/lxszs/lxszyml/2026/ss/zsml_ss_lxs_cn_00023.pdf；https://history.pku.edu.cn/bxgk/xkjj/index.htm"
"chinese-philosophy-3","chinese-philosophy","宋明理学","原典版本、概念语境与论证关系","evidence-philosophical-history","宋明理学：同一个概念在不同思想家那里，为何含义不同？","宋明理学：数字语料比较如何辅助概念史而不抹平时代差异？","原典版本、术语译法与思想语境","本方向具体检查：分开原典用词、后世解释与现代重构。不要把「原典版本、概念语境与论证关系」中不同条件直接合并。","原典版本、术语译法与思想语境的来源与比较条件记录，注明「宋明理学」的来源、课题版本、已查项与未决项。","https://admission.pku.edu.cn/zsxx/lxszs/lxszyml/2026/ss/zsml_ss_lxs_cn_00023.pdf；https://history.pku.edu.cn/bxgk/xkjj/index.htm"
"chinese-philosophy-4","chinese-philosophy","中国近代哲学","原典版本、概念语境与论证关系","subject-concept-history","中国近代哲学：这句话是原典的用法，还是后来的解释？","中国近代哲学：跨传统比较能否保留无法一一对译的概念？","原典段落、注疏年代与译词对照","区分原典用法、后世注疏与现代重构","原典段落、注疏年代与译词对照的比较与解释记录","https://admission.pku.edu.cn/zsxx/lxszs/lxszyml/2026/ss/zsml_ss_lxs_cn_00023.pdf；https://history.pku.edu.cn/bxgk/xkjj/index.htm"
"chinese-philosophy-5","chinese-philosophy","中国现代哲学","原典版本、概念语境与论证关系","subject-concept-history","中国现代哲学：这句话是原典的用法，还是后来的解释？","中国现代哲学：跨传统比较能否保留无法一一对译的概念？","原典段落、注疏年代与译词对照","区分原典用法、后世注疏与现代重构","原典段落、注疏年代与译词对照的比较与解释记录","https://admission.pku.edu.cn/zsxx/lxszs/lxszyml/2026/ss/zsml_ss_lxs_cn_00023.pdf；https://history.pku.edu.cn/bxgk/xkjj/index.htm"
"chinese-philosophy-6","chinese-philosophy","道家哲学","原典版本、概念语境与论证关系","subject-concept-history","道家哲学：这句话是原典的用法，还是后来的解释？","道家哲学：跨传统比较能否保留无法一一对译的概念？","原典段落、注疏年代与译词对照","区分原典用法、后世注疏与现代重构","原典段落、注疏年代与译词对照的比较与解释记录","https://admission.pku.edu.cn/zsxx/lxszs/lxszyml/2026/ss/zsml_ss_lxs_cn_00023.pdf；https://history.pku.edu.cn/bxgk/xkjj/index.htm"
"chinese-philosophy-7","chinese-philosophy","佛教哲学","原典版本、概念语境与论证关系","subject-concept-history","佛教哲学：这句话是原典的用法，还是后来的解释？","佛教哲学：跨传统比较能否保留无法一一对译的概念？","原典段落、注疏年代与译词对照","区分原典用法、后世注疏与现代重构","原典段落、注疏年代与译词对照的比较与解释记录","https://admission.pku.edu.cn/zsxx/lxszs/lxszyml/2026/ss/zsml_ss_lxs_cn_00023.pdf；https://history.pku.edu.cn/bxgk/xkjj/index.htm"
"chinese-philosophy-8","chinese-philosophy","儒家伦理","原典版本、概念语境与论证关系","subject-concept-history","儒家伦理：这句话是原典的用法，还是后来的解释？","儒家伦理：跨传统比较能否保留无法一一对译的概念？","原典段落、注疏年代与译词对照","区分原典用法、后世注疏与现代重构","原典段落、注疏年代与译词对照的比较与解释记录","https://admission.pku.edu.cn/zsxx/lxszs/lxszyml/2026/ss/zsml_ss_lxs_cn_00023.pdf"
"chinese-philosophy-9","chinese-philosophy","中国逻辑史","原典版本、概念语境与论证关系","subject-concept-history","中国逻辑史：这句话是原典的用法，还是后来的解释？","中国逻辑史：跨传统比较能否保留无法一一对译的概念？","原典段落、注疏年代与译词对照","区分原典用法、后世注疏与现代重构","原典段落、注疏年代与译词对照的比较与解释记录","https://logic.pku.edu.cn/rcpy/courses/yjskc/index.htm"
"chinese-philosophy-10","chinese-philosophy","经典诠释","原典版本、概念语境与论证关系","evidence-philosophical-history","经典诠释：同一个概念在不同思想家那里，为何含义不同？","经典诠释：数字语料比较如何辅助概念史而不抹平时代差异？","原典版本、术语译法与思想语境","本方向具体检查：分开原典用词、后世解释与现代重构。不要把「原典版本、概念语境与论证关系」中不同条件直接合并。","原典版本、术语译法与思想语境的来源与比较条件记录，注明「经典诠释」的来源、课题版本、已查项与未决项。","https://admission.pku.edu.cn/zsxx/lxszs/lxszyml/2026/ss/zsml_ss_lxs_cn_00023.pdf；https://history.pku.edu.cn/bxgk/xkjj/index.htm"
"chinese-philosophy-11","chinese-philosophy","中西哲学比较","原典版本、概念语境与论证关系","text","中西哲学比较：同一个概念在不同思想家那里，为何含义不同？","中西哲学比较：数字整理或跨材料比较能否保留版本差异、出处与互相矛盾的解释？","原典版本、术语译法与思想语境","本方向具体检查：分开原典用词、后世解释与现代重构。不要把「原典版本、概念语境与论证关系」中不同条件直接合并。","原件、整理本、转述与解释索引，注明「中西哲学比较」的来源、课题版本、已查项与未决项。","https://admission.pku.edu.cn/zsxx/lxszs/lxszyml/2026/ss/zsml_ss_lxs_cn_00023.pdf；https://history.pku.edu.cn/bxgk/xkjj/index.htm"
"chinese-philosophy-12","chinese-philosophy","中国哲学文献","原典版本、概念语境与论证关系","subject-concept-history","中国哲学文献：这句话是原典的用法，还是后来的解释？","中国哲学文献：跨传统比较能否保留无法一一对译的概念？","原典段落、注疏年代与译词对照","区分原典用法、后世注疏与现代重构","原典段落、注疏年代与译词对照的比较与解释记录","https://admission.pku.edu.cn/zsxx/lxszs/lxszyml/2026/ss/zsml_ss_lxs_cn_00023.pdf；https://history.pku.edu.cn/bxgk/xkjj/index.htm"
"western-philosophy-1","western-philosophy","古希腊哲学","原语术语、思想脉络与解释分歧","text","古希腊哲学：作品的形式特征与观众的审美判断怎样联系？","古希腊哲学：数字整理或跨材料比较能否保留版本差异、出处与互相矛盾的解释？","作品语境、评价语汇与解释文本","本方向具体检查：区分作品特征、解释依据与价值判断。不要把「原语术语、思想脉络与解释分歧」中不同条件直接合并。","原件、整理本、转述与解释索引，注明「古希腊哲学」的来源、课题版本、已查项与未决项。","https://admission.pku.edu.cn/zsxx/lxszs/lxszyml/2026/ss/zsml_ss_lxs_cn_00023.pdf；https://www.cafa.edu.cn/sp/nljg/?j=151"
"western-philosophy-2","western-philosophy","中世纪哲学","原语术语、思想脉络与解释分歧","text","中世纪哲学：作品的形式特征与观众的审美判断怎样联系？","中世纪哲学：数字整理或跨材料比较能否保留版本差异、出处与互相矛盾的解释？","作品语境、评价语汇与解释文本","本方向具体检查：区分作品特征、解释依据与价值判断。不要把「原语术语、思想脉络与解释分歧」中不同条件直接合并。","原件、整理本、转述与解释索引，注明「中世纪哲学」的来源、课题版本、已查项与未决项。","https://admission.pku.edu.cn/zsxx/lxszs/lxszyml/2026/ss/zsml_ss_lxs_cn_00023.pdf；https://www.cafa.edu.cn/sp/nljg/?j=151"
"western-philosophy-3","western-philosophy","近代哲学","原语术语、思想脉络与解释分歧","text","近代哲学：作品的形式特征与观众的审美判断怎样联系？","近代哲学：数字整理或跨材料比较能否保留版本差异、出处与互相矛盾的解释？","作品语境、评价语汇与解释文本","本方向具体检查：区分作品特征、解释依据与价值判断。不要把「原语术语、思想脉络与解释分歧」中不同条件直接合并。","原件、整理本、转述与解释索引，注明「近代哲学」的来源、课题版本、已查项与未决项。","https://admission.pku.edu.cn/zsxx/lxszs/lxszyml/2026/ss/zsml_ss_lxs_cn_00023.pdf；https://www.cafa.edu.cn/sp/nljg/?j=151"
"western-philosophy-4","western-philosophy","德国古典哲学","原语术语、思想脉络与解释分歧","text","德国古典哲学：作品的形式特征与观众的审美判断怎样联系？","德国古典哲学：数字整理或跨材料比较能否保留版本差异、出处与互相矛盾的解释？","作品语境、评价语汇与解释文本","本方向具体检查：区分作品特征、解释依据与价值判断。不要把「原语术语、思想脉络与解释分歧」中不同条件直接合并。","原件、整理本、转述与解释索引，注明「德国古典哲学」的来源、课题版本、已查项与未决项。","https://admission.pku.edu.cn/zsxx/lxszs/lxszyml/2026/ss/zsml_ss_lxs_cn_00023.pdf；https://www.cafa.edu.cn/sp/nljg/?j=151"
"western-philosophy-5","western-philosophy","现象学","原语术语、思想脉络与解释分歧","evidence-aesthetic","现象学：作品的形式特征与观众的审美判断怎样联系？","现象学：生成作品的作者性和审美价值应怎样讨论？","作品语境、评价语汇与解释文本","本方向具体检查：区分作品特征、解释依据与价值判断。不要把「原语术语、思想脉络与解释分歧」中不同条件直接合并。","作品语境、评价语汇与解释文本的来源与比较条件记录，注明「现象学」的来源、课题版本、已查项与未决项。","https://admission.pku.edu.cn/zsxx/lxszs/lxszyml/2026/ss/zsml_ss_lxs_cn_00023.pdf；https://www.cafa.edu.cn/sp/nljg/?j=151"
"western-philosophy-6","western-philosophy","解释学","原语术语、思想脉络与解释分歧","evidence-aesthetic","解释学：作品的形式特征与观众的审美判断怎样联系？","解释学：生成作品的作者性和审美价值应怎样讨论？","作品语境、评价语汇与解释文本","本方向具体检查：区分作品特征、解释依据与价值判断。不要把「原语术语、思想脉络与解释分歧」中不同条件直接合并。","作品语境、评价语汇与解释文本的来源与比较条件记录，注明「解释学」的来源、课题版本、已查项与未决项。","https://admission.pku.edu.cn/zsxx/lxszs/lxszyml/2026/ss/zsml_ss_lxs_cn_00023.pdf；https://www.cafa.edu.cn/sp/nljg/?j=151"
"western-philosophy-7","western-philosophy","实用主义","原语术语、思想脉络与解释分歧","evidence-aesthetic","实用主义：作品的形式特征与观众的审美判断怎样联系？","实用主义：生成作品的作者性和审美价值应怎样讨论？","作品语境、评价语汇与解释文本","本方向具体检查：区分作品特征、解释依据与价值判断。不要把「原语术语、思想脉络与解释分歧」中不同条件直接合并。","作品语境、评价语汇与解释文本的来源与比较条件记录，注明「实用主义」的来源、课题版本、已查项与未决项。","https://admission.pku.edu.cn/zsxx/lxszs/lxszyml/2026/ss/zsml_ss_lxs_cn_00023.pdf；https://www.cafa.edu.cn/sp/nljg/?j=151"
"western-philosophy-8","western-philosophy","分析哲学","原语术语、思想脉络与解释分歧","text","分析哲学：作品的形式特征与观众的审美判断怎样联系？","分析哲学：数字整理或跨材料比较能否保留版本差异、出处与互相矛盾的解释？","作品语境、评价语汇与解释文本","本方向具体检查：区分作品特征、解释依据与价值判断。不要把「原语术语、思想脉络与解释分歧」中不同条件直接合并。","原件、整理本、转述与解释索引，注明「分析哲学」的来源、课题版本、已查项与未决项。","https://admission.pku.edu.cn/zsxx/lxszs/lxszyml/2026/ss/zsml_ss_lxs_cn_00023.pdf；https://www.cafa.edu.cn/sp/nljg/?j=151"
"western-philosophy-9","western-philosophy","美学原理","原语术语、思想脉络与解释分歧","evidence-aesthetic","美学原理：作品的形式特征与观众的审美判断怎样联系？","美学原理：生成作品的作者性和审美价值应怎样讨论？","作品语境、评价语汇与解释文本","本方向具体检查：区分作品特征、解释依据与价值判断。不要把「原语术语、思想脉络与解释分歧」中不同条件直接合并。","作品语境、评价语汇与解释文本的来源与比较条件记录，注明「美学原理」的来源、课题版本、已查项与未决项。","https://admission.pku.edu.cn/zsxx/lxszs/lxszyml/2026/ss/zsml_ss_lxs_cn_00023.pdf；https://www.cafa.edu.cn/sp/nljg/?j=151"
"western-philosophy-10","western-philosophy","艺术哲学","原语术语、思想脉络与解释分歧","text","艺术哲学：作品的形式特征与观众的审美判断怎样联系？","艺术哲学：数字整理或跨材料比较能否保留版本差异、出处与互相矛盾的解释？","作品语境、评价语汇与解释文本","本方向具体检查：区分作品特征、解释依据与价值判断。不要把「原语术语、思想脉络与解释分歧」中不同条件直接合并。","原件、整理本、转述与解释索引，注明「艺术哲学」的来源、课题版本、已查项与未决项。","https://admission.pku.edu.cn/zsxx/lxszs/lxszyml/2026/ss/zsml_ss_lxs_cn_00023.pdf；https://www.cafa.edu.cn/sp/nljg/?j=151"
"western-philosophy-11","western-philosophy","审美经验","原语术语、思想脉络与解释分歧","evidence-aesthetic","审美经验：作品的形式特征与观众的审美判断怎样联系？","审美经验：生成作品的作者性和审美价值应怎样讨论？","作品语境、评价语汇与解释文本","本方向具体检查：区分作品特征、解释依据与价值判断。不要把「原语术语、思想脉络与解释分歧」中不同条件直接合并。","作品语境、评价语汇与解释文本的来源与比较条件记录，注明「审美经验」的来源、课题版本、已查项与未决项。","https://admission.pku.edu.cn/zsxx/lxszs/lxszyml/2026/ss/zsml_ss_lxs_cn_00023.pdf；https://www.cafa.edu.cn/sp/nljg/?j=151"
"western-philosophy-12","western-philosophy","技术哲学","原语术语、思想脉络与解释分歧","text","技术哲学：作品的形式特征与观众的审美判断怎样联系？","技术哲学：数字整理或跨材料比较能否保留版本差异、出处与互相矛盾的解释？","作品语境、评价语汇与解释文本","本方向具体检查：区分作品特征、解释依据与价值判断。不要把「原语术语、思想脉络与解释分歧」中不同条件直接合并。","原件、整理本、转述与解释索引，注明「技术哲学」的来源、课题版本、已查项与未决项。","https://admission.pku.edu.cn/zsxx/lxszs/lxszyml/2026/ss/zsml_ss_lxs_cn_00023.pdf；https://www.cafa.edu.cn/sp/nljg/?j=151"
"tax-studies-1","tax-studies","税制比较","制度时点、税基口径与归宿假设","subject-tax","税制比较：缴税的人一定承担了全部税负吗？","税制比较：税制变化怎样影响不同收入群体的实际负担？","税前税后价格、纳税主体与消费构成","分开法定纳税义务与实际经济负担","税前税后价格、纳税主体与消费构成的比较与解释记录","https://econ.pku.edu.cn/xkzy/index.htm"
"tax-studies-2","tax-studies","企业税收资料","制度时点、税基口径与归宿假设","subject-tax","企业税收资料：缴税的人一定承担了全部税负吗？","企业税收资料：税制变化怎样影响不同收入群体的实际负担？","税前税后价格、纳税主体与消费构成","分开法定纳税义务与实际经济负担","税前税后价格、纳税主体与消费构成的比较与解释记录","https://econ.pku.edu.cn/xkzy/index.htm"
"tax-studies-3","tax-studies","个人税收资料","制度时点、税基口径与归宿假设","subject-tax","个人税收资料：缴税的人一定承担了全部税负吗？","个人税收资料：税制变化怎样影响不同收入群体的实际负担？","税前税后价格、纳税主体与消费构成","分开法定纳税义务与实际经济负担","税前税后价格、纳税主体与消费构成的比较与解释记录","https://econ.pku.edu.cn/xkzy/index.htm"
"tax-studies-4","tax-studies","税收遵从","制度时点、税基口径与归宿假设","subject-tax","税收遵从：缴税的人一定承担了全部税负吗？","税收遵从：税制变化怎样影响不同收入群体的实际负担？","税前税后价格、纳税主体与消费构成","分开法定纳税义务与实际经济负担","税前税后价格、纳税主体与消费构成的比较与解释记录","https://econ.pku.edu.cn/xkzy/index.htm"
"tax-studies-5","tax-studies","税收公平","制度时点、税基口径与归宿假设","subject-tax","税收公平：缴税的人一定承担了全部税负吗？","税收公平：税制变化怎样影响不同收入群体的实际负担？","税前税后价格、纳税主体与消费构成","分开法定纳税义务与实际经济负担","税前税后价格、纳税主体与消费构成的比较与解释记录","https://econ.pku.edu.cn/xkzy/index.htm"
"tax-studies-6","tax-studies","税收归宿","制度时点、税基口径与归宿假设","subject-tax","税收归宿：缴税的人一定承担了全部税负吗？","税收归宿：税制变化怎样影响不同收入群体的实际负担？","税前税后价格、纳税主体与消费构成","分开法定纳税义务与实际经济负担","税前税后价格、纳税主体与消费构成的比较与解释记录","https://econ.pku.edu.cn/xkzy/index.htm"
"tax-studies-7","tax-studies","地方财政","制度时点、税基口径与归宿假设","subject-tax","地方财政：缴税的人一定承担了全部税负吗？","地方财政：税制变化怎样影响不同收入群体的实际负担？","税前税后价格、纳税主体与消费构成","分开法定纳税义务与实际经济负担","税前税后价格、纳税主体与消费构成的比较与解释记录","https://econ.pku.edu.cn/xkzy/index.htm"
"tax-studies-8","tax-studies","公共预算","制度时点、税基口径与归宿假设","health-economics","公共预算：观察到的参与者差异，怎样与政策作用区分？","公共预算：长期决策模型能否同时说明不确定性、预算约束和受益分配？","分配规则、样本来源与比较组记录","本方向具体检查：核对选择过程与政策时点，区分描述和识别。不要把「制度时点、税基口径与归宿假设」中不同条件直接合并。","评价视角、价格年份与资源边界表，注明「公共预算」的来源、课题版本、已查项与未决项。","https://econ.pku.edu.cn/xkzy/index.htm"
"tax-studies-9","tax-studies","税收数字化","制度时点、税基口径与归宿假设","subject-tax","税收数字化：缴税的人一定承担了全部税负吗？","税收数字化：税制变化怎样影响不同收入群体的实际负担？","税前税后价格、纳税主体与消费构成","分开法定纳税义务与实际经济负担","税前税后价格、纳税主体与消费构成的比较与解释记录","https://econ.pku.edu.cn/xkzy/index.htm"
"tax-studies-10","tax-studies","税务服务评价","制度时点、税基口径与归宿假设","subject-tax","税务服务评价：缴税的人一定承担了全部税负吗？","税务服务评价：税制变化怎样影响不同收入群体的实际负担？","税前税后价格、纳税主体与消费构成","分开法定纳税义务与实际经济负担","税前税后价格、纳税主体与消费构成的比较与解释记录","https://econ.pku.edu.cn/xkzy/index.htm"
"tax-studies-11","tax-studies","跨境税制资料","制度时点、税基口径与归宿假设","subject-tax","跨境税制资料：缴税的人一定承担了全部税负吗？","跨境税制资料：税制变化怎样影响不同收入群体的实际负担？","税前税后价格、纳税主体与消费构成","分开法定纳税义务与实际经济负担","税前税后价格、纳税主体与消费构成的比较与解释记录","https://econ.pku.edu.cn/xkzy/index.htm"
"tax-studies-12","tax-studies","税收史","制度时点、税基口径与归宿假设","subject-tax","税收史：缴税的人一定承担了全部税负吗？","税收史：税制变化怎样影响不同收入群体的实际负担？","税前税后价格、纳税主体与消费构成","分开法定纳税义务与实际经济负担","税前税后价格、纳税主体与消费构成的比较与解释记录","https://econ.pku.edu.cn/xkzy/index.htm"
"insurance-studies-1","insurance-studies","寿险模型","风险暴露、赔付窗口与模型假设","evidence-finance","寿险模型：回看时可见的信息，为什么不能都放进事前决策？","寿险模型：气候转型与数字金融信号怎样进入可解释的风险研究？","信息发布时间、风险口径与会计定义","本方向具体检查：对齐信息可获得时间，保留口径变化。不要把「风险暴露、赔付窗口与模型假设」中不同条件直接合并。","信息发布时间、风险口径与会计定义的来源与比较条件记录，注明「寿险模型」的来源、课题版本、已查项与未决项。","https://econ.pku.edu.cn/xkzy/index.htm；https://www.som.zju.edu.cn/2025/0506/c63512a3045953/page.htm"
"insurance-studies-2","insurance-studies","非寿险模型","风险暴露、赔付窗口与模型假设","evidence-finance","非寿险模型：回看时可见的信息，为什么不能都放进事前决策？","非寿险模型：气候转型与数字金融信号怎样进入可解释的风险研究？","信息发布时间、风险口径与会计定义","本方向具体检查：对齐信息可获得时间，保留口径变化。不要把「风险暴露、赔付窗口与模型假设」中不同条件直接合并。","信息发布时间、风险口径与会计定义的来源与比较条件记录，注明「非寿险模型」的来源、课题版本、已查项与未决项。","https://econ.pku.edu.cn/xkzy/index.htm；https://www.som.zju.edu.cn/2025/0506/c63512a3045953/page.htm"
"insurance-studies-3","insurance-studies","健康保险资料","风险暴露、赔付窗口与模型假设","subject-insurance","健康保险资料：这批保单的赔付窗口真的结束了吗？","健康保险资料：动态风险资料能否解释选择效应与赔付发展？","投保选择、赔付时点与删失记录","区分风险进入、赔付发展与观察不足","投保选择、赔付时点与删失记录的比较与解释记录","https://econ.pku.edu.cn/xkzy/index.htm；https://www.som.zju.edu.cn/2025/0506/c63512a3045953/page.htm"
"insurance-studies-4","insurance-studies","再保险研究","风险暴露、赔付窗口与模型假设","subject-insurance","再保险研究：这批保单的赔付窗口真的结束了吗？","再保险研究：动态风险资料能否解释选择效应与赔付发展？","投保选择、赔付时点与删失记录","区分风险进入、赔付发展与观察不足","投保选择、赔付时点与删失记录的比较与解释记录","https://econ.pku.edu.cn/xkzy/index.htm；https://www.som.zju.edu.cn/2025/0506/c63512a3045953/page.htm"
"insurance-studies-5","insurance-studies","保险需求","风险暴露、赔付窗口与模型假设","subject-insurance","保险需求：这批保单的赔付窗口真的结束了吗？","保险需求：动态风险资料能否解释选择效应与赔付发展？","投保选择、赔付时点与删失记录","区分风险进入、赔付发展与观察不足","投保选择、赔付时点与删失记录的比较与解释记录","https://econ.pku.edu.cn/xkzy/index.htm；https://www.som.zju.edu.cn/2025/0506/c63512a3045953/page.htm"
"insurance-studies-6","insurance-studies","保险定价资料","风险暴露、赔付窗口与模型假设","subject-insurance","保险定价资料：这批保单的赔付窗口真的结束了吗？","保险定价资料：动态风险资料能否解释选择效应与赔付发展？","投保选择、赔付时点与删失记录","区分风险进入、赔付发展与观察不足","投保选择、赔付时点与删失记录的比较与解释记录","https://econ.pku.edu.cn/xkzy/index.htm；https://www.som.zju.edu.cn/2025/0506/c63512a3045953/page.htm"
"insurance-studies-7","insurance-studies","赔付资料","风险暴露、赔付窗口与模型假设","evidence-finance","赔付资料：回看时可见的信息，为什么不能都放进事前决策？","赔付资料：气候转型与数字金融信号怎样进入可解释的风险研究？","信息发布时间、风险口径与会计定义","本方向具体检查：对齐信息可获得时间，保留口径变化。不要把「风险暴露、赔付窗口与模型假设」中不同条件直接合并。","信息发布时间、风险口径与会计定义的来源与比较条件记录，注明「赔付资料」的来源、课题版本、已查项与未决项。","https://econ.pku.edu.cn/xkzy/index.htm；https://www.som.zju.edu.cn/2025/0506/c63512a3045953/page.htm"
"insurance-studies-8","insurance-studies","保险风险","风险暴露、赔付窗口与模型假设","subject-insurance","保险风险：这批保单的赔付窗口真的结束了吗？","保险风险：动态风险资料能否解释选择效应与赔付发展？","投保选择、赔付时点与删失记录","区分风险进入、赔付发展与观察不足","投保选择、赔付时点与删失记录的比较与解释记录","https://econ.pku.edu.cn/xkzy/index.htm；https://www.som.zju.edu.cn/2025/0506/c63512a3045953/page.htm"
"insurance-studies-9","insurance-studies","精算模型评价","风险暴露、赔付窗口与模型假设","subject-insurance","精算模型评价：这批保单的赔付窗口真的结束了吗？","精算模型评价：动态风险资料能否解释选择效应与赔付发展？","投保选择、赔付时点与删失记录","区分风险进入、赔付发展与观察不足","投保选择、赔付时点与删失记录的比较与解释记录","https://econ.pku.edu.cn/xkzy/index.htm；https://www.som.zju.edu.cn/2025/0506/c63512a3045953/page.htm"
"insurance-studies-10","insurance-studies","保险制度史","风险暴露、赔付窗口与模型假设","subject-insurance","保险制度史：这批保单的赔付窗口真的结束了吗？","保险制度史：动态风险资料能否解释选择效应与赔付发展？","投保选择、赔付时点与删失记录","区分风险进入、赔付发展与观察不足","投保选择、赔付时点与删失记录的比较与解释记录","https://econ.pku.edu.cn/xkzy/index.htm；https://www.som.zju.edu.cn/2025/0506/c63512a3045953/page.htm"
"insurance-studies-11","insurance-studies","保险服务","风险暴露、赔付窗口与模型假设","subject-insurance","保险服务：这批保单的赔付窗口真的结束了吗？","保险服务：动态风险资料能否解释选择效应与赔付发展？","投保选择、赔付时点与删失记录","区分风险进入、赔付发展与观察不足","投保选择、赔付时点与删失记录的比较与解释记录","https://econ.pku.edu.cn/xkzy/index.htm；https://www.som.zju.edu.cn/2025/0506/c63512a3045953/page.htm"
"insurance-studies-12","insurance-studies","长期照护保险","风险暴露、赔付窗口与模型假设","subject-insurance","长期照护保险：这批保单的赔付窗口真的结束了吗？","长期照护保险：动态风险资料能否解释选择效应与赔付发展？","投保选择、赔付时点与删失记录","区分风险进入、赔付发展与观察不足","投保选择、赔付时点与删失记录的比较与解释记录","https://econ.pku.edu.cn/xkzy/index.htm；https://www.som.zju.edu.cn/2025/0506/c63512a3045953/page.htm"
"asset-valuation-1","asset-valuation","企业价值评价","价值时点、用途与可比对象","finance","企业价值评价：回看时可见的信息，为什么不能都放进事前决策？","企业价值评价：新的定价或风险模型能否跨时期检验，并保留尾部风险与资源限制？","信息发布时间、风险口径与会计定义","本方向具体检查：对齐信息可获得时间，保留口径变化。不要把「价值时点、用途与可比对象」中不同条件直接合并。","信息时间轴、风险口径与价格时点，注明「企业价值评价」的来源、课题版本、已查项与未决项。","https://econ.pku.edu.cn/xkzy/index.htm；https://www.som.zju.edu.cn/2025/0506/c63512a3045953/page.htm"
"asset-valuation-2","asset-valuation","无形资产评价","价值时点、用途与可比对象","subject-finance","无形资产评价：当时能看到这个数据版本吗？","无形资产评价：分布变化下风险预测怎样保持可校准性？","信息发布时间、交易成本与收益区间","只使用决策当时可见的信息比较净表现","信息发布时间、交易成本与收益区间的比较与解释记录","https://econ.pku.edu.cn/xkzy/index.htm；https://www.som.zju.edu.cn/2025/0506/c63512a3045953/page.htm"
"asset-valuation-3","asset-valuation","房地产评价","价值时点、用途与可比对象","evidence-finance","房地产评价：回看时可见的信息，为什么不能都放进事前决策？","房地产评价：气候转型与数字金融信号怎样进入可解释的风险研究？","信息发布时间、风险口径与会计定义","本方向具体检查：对齐信息可获得时间，保留口径变化。不要把「价值时点、用途与可比对象」中不同条件直接合并。","信息发布时间、风险口径与会计定义的来源与比较条件记录，注明「房地产评价」的来源、课题版本、已查项与未决项。","https://econ.pku.edu.cn/xkzy/index.htm；https://www.som.zju.edu.cn/2025/0506/c63512a3045953/page.htm"
"asset-valuation-4","asset-valuation","机器设备评价","价值时点、用途与可比对象","evidence-finance","机器设备评价：回看时可见的信息，为什么不能都放进事前决策？","机器设备评价：气候转型与数字金融信号怎样进入可解释的风险研究？","信息发布时间、风险口径与会计定义","本方向具体检查：对齐信息可获得时间，保留口径变化。不要把「价值时点、用途与可比对象」中不同条件直接合并。","信息发布时间、风险口径与会计定义的来源与比较条件记录，注明「机器设备评价」的来源、课题版本、已查项与未决项。","https://econ.pku.edu.cn/xkzy/index.htm；https://www.som.zju.edu.cn/2025/0506/c63512a3045953/page.htm"
"asset-valuation-5","asset-valuation","金融资产评价","价值时点、用途与可比对象","subject-finance","金融资产评价：当时能看到这个数据版本吗？","金融资产评价：分布变化下风险预测怎样保持可校准性？","信息发布时间、交易成本与收益区间","只使用决策当时可见的信息比较净表现","信息发布时间、交易成本与收益区间的比较与解释记录","https://econ.pku.edu.cn/xkzy/index.htm；https://www.som.zju.edu.cn/2025/0506/c63512a3045953/page.htm"
"asset-valuation-6","asset-valuation","文化资产评价","价值时点、用途与可比对象","subject-finance","文化资产评价：当时能看到这个数据版本吗？","文化资产评价：分布变化下风险预测怎样保持可校准性？","信息发布时间、交易成本与收益区间","只使用决策当时可见的信息比较净表现","信息发布时间、交易成本与收益区间的比较与解释记录","https://econ.pku.edu.cn/xkzy/index.htm；https://www.som.zju.edu.cn/2025/0506/c63512a3045953/page.htm"
"asset-valuation-7","asset-valuation","评估方法比较","价值时点、用途与可比对象","evidence-finance","评估方法比较：回看时可见的信息，为什么不能都放进事前决策？","评估方法比较：气候转型与数字金融信号怎样进入可解释的风险研究？","信息发布时间、风险口径与会计定义","本方向具体检查：对齐信息可获得时间，保留口径变化。不要把「价值时点、用途与可比对象」中不同条件直接合并。","信息发布时间、风险口径与会计定义的来源与比较条件记录，注明「评估方法比较」的来源、课题版本、已查项与未决项。","https://econ.pku.edu.cn/xkzy/index.htm；https://www.som.zju.edu.cn/2025/0506/c63512a3045953/page.htm"
"asset-valuation-8","asset-valuation","价值时点","价值时点、用途与可比对象","finance","价值时点：回看时可见的信息，为什么不能都放进事前决策？","价值时点：新的定价或风险模型能否跨时期检验，并保留尾部风险与资源限制？","信息发布时间、风险口径与会计定义","本方向具体检查：对齐信息可获得时间，保留口径变化。不要把「价值时点、用途与可比对象」中不同条件直接合并。","信息时间轴、风险口径与价格时点，注明「价值时点」的来源、课题版本、已查项与未决项。","https://econ.pku.edu.cn/xkzy/index.htm；https://www.som.zju.edu.cn/2025/0506/c63512a3045953/page.htm"
"asset-valuation-9","asset-valuation","评估报告研究","价值时点、用途与可比对象","evidence-finance","评估报告研究：回看时可见的信息，为什么不能都放进事前决策？","评估报告研究：气候转型与数字金融信号怎样进入可解释的风险研究？","信息发布时间、风险口径与会计定义","本方向具体检查：对齐信息可获得时间，保留口径变化。不要把「价值时点、用途与可比对象」中不同条件直接合并。","信息发布时间、风险口径与会计定义的来源与比较条件记录，注明「评估报告研究」的来源、课题版本、已查项与未决项。","https://econ.pku.edu.cn/xkzy/index.htm；https://www.som.zju.edu.cn/2025/0506/c63512a3045953/page.htm"
"asset-valuation-10","asset-valuation","市场比较资料","价值时点、用途与可比对象","economics","市场比较资料：观察到的参与者差异，怎样与政策作用区分？","市场比较资料：新资料或制度比较能否区分选择、行为调整与长期分配变化？","分配规则、样本来源与比较组记录","本方向具体检查：核对选择过程与政策时点，区分描述和识别。不要把「价值时点、用途与可比对象」中不同条件直接合并。","进入与退出路径、制度时点和比较单位，注明「市场比较资料」的来源、课题版本、已查项与未决项。","https://econ.pku.edu.cn/xkzy/index.htm"
"asset-valuation-11","asset-valuation","评估不确定性","价值时点、用途与可比对象","evidence-finance","评估不确定性：回看时可见的信息，为什么不能都放进事前决策？","评估不确定性：气候转型与数字金融信号怎样进入可解释的风险研究？","信息发布时间、风险口径与会计定义","本方向具体检查：对齐信息可获得时间，保留口径变化。不要把「价值时点、用途与可比对象」中不同条件直接合并。","信息发布时间、风险口径与会计定义的来源与比较条件记录，注明「评估不确定性」的来源、课题版本、已查项与未决项。","https://econ.pku.edu.cn/xkzy/index.htm；https://www.som.zju.edu.cn/2025/0506/c63512a3045953/page.htm"
"asset-valuation-12","asset-valuation","评估职业研究","价值时点、用途与可比对象","evidence-finance","评估职业研究：回看时可见的信息，为什么不能都放进事前决策？","评估职业研究：气候转型与数字金融信号怎样进入可解释的风险研究？","信息发布时间、风险口径与会计定义","本方向具体检查：对齐信息可获得时间，保留口径变化。不要把「价值时点、用途与可比对象」中不同条件直接合并。","信息发布时间、风险口径与会计定义的来源与比较条件记录，注明「评估职业研究」的来源、课题版本、已查项与未决项。","https://econ.pku.edu.cn/xkzy/index.htm；https://www.som.zju.edu.cn/2025/0506/c63512a3045953/page.htm"
"digital-economy-1","digital-economy","平台经济","平台规则、统计边界与时间变化","economics","平台经济：观察到的参与者差异，怎样与政策作用区分？","平台经济：新资料或制度比较能否区分选择、行为调整与长期分配变化？","分配规则、样本来源与比较组记录","本方向具体检查：核对选择过程与政策时点，区分描述和识别。不要把「平台规则、统计边界与时间变化」中不同条件直接合并。","进入与退出路径、制度时点和比较单位，注明「平台经济」的来源、课题版本、已查项与未决项。","https://econ.pku.edu.cn/xkzy/index.htm"
"digital-economy-2","digital-economy","数据要素研究","平台规则、统计边界与时间变化","evidence-economics","数据要素研究：观察到的参与者差异，怎样与政策作用区分？","数据要素研究：数字工具普及如何改变生产率、分工与收益分配？","分配规则、样本来源与比较组记录","本方向具体检查：核对选择过程与政策时点，区分描述和识别。不要把「平台规则、统计边界与时间变化」中不同条件直接合并。","分配规则、样本来源与比较组记录的来源与比较条件记录，注明「数据要素研究」的来源、课题版本、已查项与未决项。","https://econ.pku.edu.cn/xkzy/index.htm"
"digital-economy-3","digital-economy","数字劳动","平台规则、统计边界与时间变化","economics","数字劳动：工资差异里，怎样区分技能、岗位与选择过程？","数字劳动：新资料或制度比较能否区分选择、行为调整与长期分配变化？","劳动参与、工作时长与来源样本","本方向具体检查：分开是否就业、收入和时长，检查样本进入方式。不要把「平台规则、统计边界与时间变化」中不同条件直接合并。","进入与退出路径、制度时点和比较单位，注明「数字劳动」的来源、课题版本、已查项与未决项。","https://econ.pku.edu.cn/xkzy/index.htm"
"digital-economy-4","digital-economy","数字贸易","平台规则、统计边界与时间变化","economics","数字贸易：观察到的参与者差异，怎样与政策作用区分？","数字贸易：新资料或制度比较能否区分选择、行为调整与长期分配变化？","分配规则、样本来源与比较组记录","本方向具体检查：核对选择过程与政策时点，区分描述和识别。不要把「平台规则、统计边界与时间变化」中不同条件直接合并。","进入与退出路径、制度时点和比较单位，注明「数字贸易」的来源、课题版本、已查项与未决项。","https://econ.pku.edu.cn/xkzy/index.htm"
"digital-economy-5","digital-economy","数字金融资料","平台规则、统计边界与时间变化","subject-finance","数字金融资料：当时能看到这个数据版本吗？","数字金融资料：分布变化下风险预测怎样保持可校准性？","信息发布时间、交易成本与收益区间","只使用决策当时可见的信息比较净表现","信息发布时间、交易成本与收益区间的比较与解释记录","https://econ.pku.edu.cn/xkzy/index.htm；https://www.som.zju.edu.cn/2025/0506/c63512a3045953/page.htm"
"digital-economy-6","digital-economy","数字基础设施","平台规则、统计边界与时间变化","evidence-economics","数字基础设施：观察到的参与者差异，怎样与政策作用区分？","数字基础设施：数字工具普及如何改变生产率、分工与收益分配？","分配规则、样本来源与比较组记录","本方向具体检查：核对选择过程与政策时点，区分描述和识别。不要把「平台规则、统计边界与时间变化」中不同条件直接合并。","分配规则、样本来源与比较组记录的来源与比较条件记录，注明「数字基础设施」的来源、课题版本、已查项与未决项。","https://econ.pku.edu.cn/xkzy/index.htm"
"digital-economy-7","digital-economy","算法与市场","平台规则、统计边界与时间变化","economics","算法与市场：观察到的参与者差异，怎样与政策作用区分？","算法与市场：新资料或制度比较能否区分选择、行为调整与长期分配变化？","分配规则、样本来源与比较组记录","本方向具体检查：核对选择过程与政策时点，区分描述和识别。不要把「平台规则、统计边界与时间变化」中不同条件直接合并。","进入与退出路径、制度时点和比较单位，注明「算法与市场」的来源、课题版本、已查项与未决项。","https://econ.pku.edu.cn/xkzy/index.htm"
"digital-economy-8","digital-economy","数字消费","平台规则、统计边界与时间变化","evidence-economics","数字消费：观察到的参与者差异，怎样与政策作用区分？","数字消费：数字工具普及如何改变生产率、分工与收益分配？","分配规则、样本来源与比较组记录","本方向具体检查：核对选择过程与政策时点，区分描述和识别。不要把「平台规则、统计边界与时间变化」中不同条件直接合并。","分配规则、样本来源与比较组记录的来源与比较条件记录，注明「数字消费」的来源、课题版本、已查项与未决项。","https://econ.pku.edu.cn/xkzy/index.htm"
"digital-economy-9","digital-economy","企业数字化","平台规则、统计边界与时间变化","evidence-economics","企业数字化：观察到的参与者差异，怎样与政策作用区分？","企业数字化：数字工具普及如何改变生产率、分工与收益分配？","分配规则、样本来源与比较组记录","本方向具体检查：核对选择过程与政策时点，区分描述和识别。不要把「平台规则、统计边界与时间变化」中不同条件直接合并。","分配规则、样本来源与比较组记录的来源与比较条件记录，注明「企业数字化」的来源、课题版本、已查项与未决项。","https://econ.pku.edu.cn/xkzy/index.htm"
"digital-economy-10","digital-economy","数字经济测度","平台规则、统计边界与时间变化","economics","数字经济测度：观察到的参与者差异，怎样与政策作用区分？","数字经济测度：新资料或制度比较能否区分选择、行为调整与长期分配变化？","分配规则、样本来源与比较组记录","本方向具体检查：核对选择过程与政策时点，区分描述和识别。不要把「平台规则、统计边界与时间变化」中不同条件直接合并。","进入与退出路径、制度时点和比较单位，注明「数字经济测度」的来源、课题版本、已查项与未决项。","https://econ.pku.edu.cn/xkzy/index.htm"
"digital-economy-11","digital-economy","平台竞争","平台规则、统计边界与时间变化","evidence-economics","平台竞争：观察到的参与者差异，怎样与政策作用区分？","平台竞争：数字工具普及如何改变生产率、分工与收益分配？","分配规则、样本来源与比较组记录","本方向具体检查：核对选择过程与政策时点，区分描述和识别。不要把「平台规则、统计边界与时间变化」中不同条件直接合并。","分配规则、样本来源与比较组记录的来源与比较条件记录，注明「平台竞争」的来源、课题版本、已查项与未决项。","https://econ.pku.edu.cn/xkzy/index.htm"
"digital-economy-12","digital-economy","数字鸿沟","平台规则、统计边界与时间变化","evidence-economics","数字鸿沟：观察到的参与者差异，怎样与政策作用区分？","数字鸿沟：数字工具普及如何改变生产率、分工与收益分配？","分配规则、样本来源与比较组记录","本方向具体检查：核对选择过程与政策时点，区分描述和识别。不要把「平台规则、统计边界与时间变化」中不同条件直接合并。","分配规则、样本来源与比较组记录的来源与比较条件记录，注明「数字鸿沟」的来源、课题版本、已查项与未决项。","https://econ.pku.edu.cn/xkzy/index.htm"
"ethnology-studies-1","ethnology-studies","民族理论","自我认同、地域语境与研究者位置","subject-fieldwork","民族理论：没有接受访谈的人可能怎样改变你的解释？","民族理论：多地点与线上田野怎样保留矛盾叙述？","进入田野的关系、访谈场景与沉默者记录","标明谁愿意谈、谁无法接触以及研究者的位置","进入田野的关系、访谈场景与沉默者记录的比较与解释记录","https://bkzs.pku.edu.cn/xkzy/xy/shkxxb/sxkxxy_31/sxkxxyzszy_31/index.htm"
"ethnology-studies-2","ethnology-studies","民族历史","自我认同、地域语境与研究者位置","subject-fieldwork","民族历史：没有接受访谈的人可能怎样改变你的解释？","民族历史：多地点与线上田野怎样保留矛盾叙述？","进入田野的关系、访谈场景与沉默者记录","标明谁愿意谈、谁无法接触以及研究者的位置","进入田野的关系、访谈场景与沉默者记录的比较与解释记录","https://bkzs.pku.edu.cn/xkzy/xy/shkxxb/sxkxxy_31/sxkxxyzszy_31/index.htm"
"ethnology-studies-3","ethnology-studies","民族社会","自我认同、地域语境与研究者位置","subject-fieldwork","民族社会：没有接受访谈的人可能怎样改变你的解释？","民族社会：多地点与线上田野怎样保留矛盾叙述？","进入田野的关系、访谈场景与沉默者记录","标明谁愿意谈、谁无法接触以及研究者的位置","进入田野的关系、访谈场景与沉默者记录的比较与解释记录","https://bkzs.pku.edu.cn/xkzy/xy/shkxxb/sxkxxy_31/sxkxxyzszy_31/index.htm"
"ethnology-studies-4","ethnology-studies","民族文化","自我认同、地域语境与研究者位置","subject-fieldwork","民族文化：没有接受访谈的人可能怎样改变你的解释？","民族文化：多地点与线上田野怎样保留矛盾叙述？","进入田野的关系、访谈场景与沉默者记录","标明谁愿意谈、谁无法接触以及研究者的位置","进入田野的关系、访谈场景与沉默者记录的比较与解释记录","https://bkzs.pku.edu.cn/xkzy/xy/shkxxb/sxkxxy_31/sxkxxyzszy_31/index.htm"
"ethnology-studies-5","ethnology-studies","民族经济","自我认同、地域语境与研究者位置","subject-fieldwork","民族经济：没有接受访谈的人可能怎样改变你的解释？","民族经济：多地点与线上田野怎样保留矛盾叙述？","进入田野的关系、访谈场景与沉默者记录","标明谁愿意谈、谁无法接触以及研究者的位置","进入田野的关系、访谈场景与沉默者记录的比较与解释记录","https://bkzs.pku.edu.cn/xkzy/xy/shkxxb/sxkxxy_31/sxkxxyzszy_31/index.htm"
"ethnology-studies-6","ethnology-studies","族群关系","自我认同、地域语境与研究者位置","subject-fieldwork","族群关系：没有接受访谈的人可能怎样改变你的解释？","族群关系：多地点与线上田野怎样保留矛盾叙述？","进入田野的关系、访谈场景与沉默者记录","标明谁愿意谈、谁无法接触以及研究者的位置","进入田野的关系、访谈场景与沉默者记录的比较与解释记录","https://bkzs.pku.edu.cn/xkzy/xy/shkxxb/sxkxxy_31/sxkxxyzszy_31/index.htm"
"ethnology-studies-7","ethnology-studies","语言与社会","自我认同、地域语境与研究者位置","subject-fieldwork","语言与社会：没有接受访谈的人可能怎样改变你的解释？","语言与社会：多地点与线上田野怎样保留矛盾叙述？","进入田野的关系、访谈场景与沉默者记录","标明谁愿意谈、谁无法接触以及研究者的位置","进入田野的关系、访谈场景与沉默者记录的比较与解释记录","https://bkzs.pku.edu.cn/xkzy/xy/shkxxb/sxkxxy_31/sxkxxyzszy_31/index.htm"
"ethnology-studies-8","ethnology-studies","民族地区教育","自我认同、地域语境与研究者位置","subject-fieldwork","民族地区教育：没有接受访谈的人可能怎样改变你的解释？","民族地区教育：多地点与线上田野怎样保留矛盾叙述？","进入田野的关系、访谈场景与沉默者记录","标明谁愿意谈、谁无法接触以及研究者的位置","进入田野的关系、访谈场景与沉默者记录的比较与解释记录","https://cter.bnu.edu.cn/docs/2024-05/e0d9749ec02e425eb45aa96fefdadc2a.pdf"
"ethnology-studies-9","ethnology-studies","社区记忆","自我认同、地域语境与研究者位置","subject-fieldwork","社区记忆：没有接受访谈的人可能怎样改变你的解释？","社区记忆：多地点与线上田野怎样保留矛盾叙述？","进入田野的关系、访谈场景与沉默者记录","标明谁愿意谈、谁无法接触以及研究者的位置","进入田野的关系、访谈场景与沉默者记录的比较与解释记录","https://bkzs.pku.edu.cn/xkzy/xy/shkxxb/sxkxxy_31/sxkxxyzszy_31/index.htm"
"ethnology-studies-10","ethnology-studies","文化传承","自我认同、地域语境与研究者位置","subject-fieldwork","文化传承：没有接受访谈的人可能怎样改变你的解释？","文化传承：多地点与线上田野怎样保留矛盾叙述？","进入田野的关系、访谈场景与沉默者记录","标明谁愿意谈、谁无法接触以及研究者的位置","进入田野的关系、访谈场景与沉默者记录的比较与解释记录","https://bkzs.pku.edu.cn/xkzy/xy/shkxxb/sxkxxy_31/sxkxxyzszy_31/index.htm"
"ethnology-studies-11","ethnology-studies","民族志方法","自我认同、地域语境与研究者位置","subject-fieldwork","民族志方法：没有接受访谈的人可能怎样改变你的解释？","民族志方法：多地点与线上田野怎样保留矛盾叙述？","进入田野的关系、访谈场景与沉默者记录","标明谁愿意谈、谁无法接触以及研究者的位置","进入田野的关系、访谈场景与沉默者记录的比较与解释记录","https://www.law.pku.edu.cn/xwzx/ggtz/zsjx/870508d182464f118ae55b9473a4c4f3.htm"
"ethnology-studies-12","ethnology-studies","民族学文献","自我认同、地域语境与研究者位置","subject-fieldwork","民族学文献：没有接受访谈的人可能怎样改变你的解释？","民族学文献：多地点与线上田野怎样保留矛盾叙述？","进入田野的关系、访谈场景与沉默者记录","标明谁愿意谈、谁无法接触以及研究者的位置","进入田野的关系、访谈场景与沉默者记录的比较与解释记录","https://bkzs.pku.edu.cn/xkzy/xy/shkxxb/sxkxxy_31/sxkxxyzszy_31/index.htm"
"marxism-studies-1","marxism-studies","马克思主义基本原理","文本出处、历史条件与理论论证","evidence-society","马克思主义基本原理：个体访谈与群体趋势怎样互相补充而不替代？","马克思主义基本原理：平台化生活怎样改变社会联系、劳动与不平等？","抽样框、访谈语境与参与关系记录","本方向具体检查：保留访问条件、研究者位置与沉默的对象。不要把「文本出处、历史条件与理论论证」中不同条件直接合并。","抽样框、访谈语境与参与关系记录的来源与比较条件记录，注明「马克思主义基本原理」的来源、课题版本、已查项与未决项。","https://bkzs.pku.edu.cn/xkzy/xy/shkxxb/sxkxxy_31/sxkxxyzszy_31/index.htm"
"marxism-studies-2","marxism-studies","马克思主义发展史","文本出处、历史条件与理论论证","evidence-society","马克思主义发展史：个体访谈与群体趋势怎样互相补充而不替代？","马克思主义发展史：平台化生活怎样改变社会联系、劳动与不平等？","抽样框、访谈语境与参与关系记录","本方向具体检查：保留访问条件、研究者位置与沉默的对象。不要把「文本出处、历史条件与理论论证」中不同条件直接合并。","抽样框、访谈语境与参与关系记录的来源与比较条件记录，注明「马克思主义发展史」的来源、课题版本、已查项与未决项。","https://bkzs.pku.edu.cn/xkzy/xy/shkxxb/sxkxxy_31/sxkxxyzszy_31/index.htm"
"marxism-studies-3","marxism-studies","马克思主义中国化研究","文本出处、历史条件与理论论证","evidence-society","马克思主义中国化研究：个体访谈与群体趋势怎样互相补充而不替代？","马克思主义中国化研究：平台化生活怎样改变社会联系、劳动与不平等？","抽样框、访谈语境与参与关系记录","本方向具体检查：保留访问条件、研究者位置与沉默的对象。不要把「文本出处、历史条件与理论论证」中不同条件直接合并。","抽样框、访谈语境与参与关系记录的来源与比较条件记录，注明「马克思主义中国化研究」的来源、课题版本、已查项与未决项。","https://bkzs.pku.edu.cn/xkzy/xy/shkxxb/sxkxxy_31/sxkxxyzszy_31/index.htm"
"marxism-studies-4","marxism-studies","国外马克思主义研究","文本出处、历史条件与理论论证","evidence-society","国外马克思主义研究：个体访谈与群体趋势怎样互相补充而不替代？","国外马克思主义研究：平台化生活怎样改变社会联系、劳动与不平等？","抽样框、访谈语境与参与关系记录","本方向具体检查：保留访问条件、研究者位置与沉默的对象。不要把「文本出处、历史条件与理论论证」中不同条件直接合并。","抽样框、访谈语境与参与关系记录的来源与比较条件记录，注明「国外马克思主义研究」的来源、课题版本、已查项与未决项。","https://bkzs.pku.edu.cn/xkzy/xy/shkxxb/sxkxxy_31/sxkxxyzszy_31/index.htm"
"marxism-studies-5","marxism-studies","思想政治教育","文本出处、历史条件与理论论证","evidence-education","思想政治教育：参与更积极，为什么不等于目标知识掌握更好？","思想政治教育：智能助教怎样支持撤去辅助后的独立学习与延迟迁移？","课堂目标、活动记录与学习过程材料","本方向具体检查：让任务、教学目标与评价对应，保留班级差异。不要把「文本出处、历史条件与理论论证」中不同条件直接合并。","课堂目标、活动记录与学习过程材料的来源与比较条件记录，注明「思想政治教育」的来源、课题版本、已查项与未决项。","https://cter.bnu.edu.cn/docs/2024-05/e0d9749ec02e425eb45aa96fefdadc2a.pdf"
"marxism-studies-6","marxism-studies","中国近现代史基本问题","文本出处、历史条件与理论论证","evidence-society","中国近现代史基本问题：个体访谈与群体趋势怎样互相补充而不替代？","中国近现代史基本问题：平台化生活怎样改变社会联系、劳动与不平等？","抽样框、访谈语境与参与关系记录","本方向具体检查：保留访问条件、研究者位置与沉默的对象。不要把「文本出处、历史条件与理论论证」中不同条件直接合并。","抽样框、访谈语境与参与关系记录的来源与比较条件记录，注明「中国近现代史基本问题」的来源、课题版本、已查项与未决项。","https://bkzs.pku.edu.cn/xkzy/xy/shkxxb/sxkxxy_31/sxkxxyzszy_31/index.htm"
"marxism-studies-7","marxism-studies","经典文本研究","文本出处、历史条件与理论论证","evidence-society","经典文本研究：个体访谈与群体趋势怎样互相补充而不替代？","经典文本研究：平台化生活怎样改变社会联系、劳动与不平等？","抽样框、访谈语境与参与关系记录","本方向具体检查：保留访问条件、研究者位置与沉默的对象。不要把「文本出处、历史条件与理论论证」中不同条件直接合并。","抽样框、访谈语境与参与关系记录的来源与比较条件记录，注明「经典文本研究」的来源、课题版本、已查项与未决项。","https://bkzs.pku.edu.cn/xkzy/xy/shkxxb/sxkxxy_31/sxkxxyzszy_31/index.htm"
"marxism-studies-8","marxism-studies","劳动与社会理论","文本出处、历史条件与理论论证","fieldwork","劳动与社会理论：个体访谈与群体趋势怎样互相补充而不替代？","劳动与社会理论：多地点或数字材料能否保留不同声音、沉默和研究者位置？","抽样框、访谈语境与参与关系记录","本方向具体检查：保留访问条件、研究者位置与沉默的对象。不要把「文本出处、历史条件与理论论证」中不同条件直接合并。","进入关系、访谈情境与叙述者位置记录，注明「劳动与社会理论」的来源、课题版本、已查项与未决项。","https://bkzs.pku.edu.cn/xkzy/xy/shkxxb/sxkxxy_31/sxkxxyzszy_31/index.htm"
"marxism-studies-9","marxism-studies","意识形态理论史","文本出处、历史条件与理论论证","evidence-society","意识形态理论史：个体访谈与群体趋势怎样互相补充而不替代？","意识形态理论史：平台化生活怎样改变社会联系、劳动与不平等？","抽样框、访谈语境与参与关系记录","本方向具体检查：保留访问条件、研究者位置与沉默的对象。不要把「文本出处、历史条件与理论论证」中不同条件直接合并。","抽样框、访谈语境与参与关系记录的来源与比较条件记录，注明「意识形态理论史」的来源、课题版本、已查项与未决项。","https://bkzs.pku.edu.cn/xkzy/xy/shkxxb/sxkxxy_31/sxkxxyzszy_31/index.htm"
"marxism-studies-10","marxism-studies","理论传播","文本出处、历史条件与理论论证","evidence-media","理论传播：信息传播量与受众态度变化为什么不同？","理论传播：合成内容与推荐机制怎样改变信任和传播多样性？","传播时间、平台机制与受众资料","本方向具体检查：分开内容、推荐入口与实际触达。不要把「文本出处、历史条件与理论论证」中不同条件直接合并。","传播时间、平台机制与受众资料的来源与比较条件记录，注明「理论传播」的来源、课题版本、已查项与未决项。","https://www.law.pku.edu.cn/xwzx/ggtz/zsjx/870508d182464f118ae55b9473a4c4f3.htm；https://bkzs.pku.edu.cn/xkzy/xy/shkxxb/sxkxxy_31/sxkxxyzszy_31/index.htm"
"marxism-studies-11","marxism-studies","比较理论文本","文本出处、历史条件与理论论证","evidence-society","比较理论文本：个体访谈与群体趋势怎样互相补充而不替代？","比较理论文本：平台化生活怎样改变社会联系、劳动与不平等？","抽样框、访谈语境与参与关系记录","本方向具体检查：保留访问条件、研究者位置与沉默的对象。不要把「文本出处、历史条件与理论论证」中不同条件直接合并。","抽样框、访谈语境与参与关系记录的来源与比较条件记录，注明「比较理论文本」的来源、课题版本、已查项与未决项。","https://bkzs.pku.edu.cn/xkzy/xy/shkxxb/sxkxxy_31/sxkxxyzszy_31/index.htm"
"marxism-studies-12","marxism-studies","理论教育研究","文本出处、历史条件与理论论证","evidence-education","理论教育研究：参与更积极，为什么不等于目标知识掌握更好？","理论教育研究：智能助教怎样支持撤去辅助后的独立学习与延迟迁移？","课堂目标、活动记录与学习过程材料","本方向具体检查：让任务、教学目标与评价对应，保留班级差异。不要把「文本出处、历史条件与理论论证」中不同条件直接合并。","课堂目标、活动记录与学习过程材料的来源与比较条件记录，注明「理论教育研究」的来源、课题版本、已查项与未决项。","https://cter.bnu.edu.cn/docs/2024-05/e0d9749ec02e425eb45aa96fefdadc2a.pdf"
"police-studies-1","police-studies","公安学基础","公开资料、服务层次与调查对象","evidence-society","公安学基础：个体访谈与群体趋势怎样互相补充而不替代？","公安学基础：平台化生活怎样改变社会联系、劳动与不平等？","抽样框、访谈语境与参与关系记录","本方向具体检查：保留访问条件、研究者位置与沉默的对象。不要把「公开资料、服务层次与调查对象」中不同条件直接合并。","抽样框、访谈语境与参与关系记录的来源与比较条件记录，注明「公安学基础」的来源、课题版本、已查项与未决项。","https://bkzs.pku.edu.cn/xkzy/xy/shkxxb/sxkxxy_31/sxkxxyzszy_31/index.htm"
"police-studies-2","police-studies","警务组织史","公开资料、服务层次与调查对象","governance","警务组织史：个体访谈与群体趋势怎样互相补充而不替代？","警务组织史：新的协作或数字治理能否缩小执行差距，并保留申诉和责任接口？","抽样框、访谈语境与参与关系记录","本方向具体检查：保留访问条件、研究者位置与沉默的对象。不要把「公开资料、服务层次与调查对象」中不同条件直接合并。","纸面目标、执行层次与未受益者记录，注明「警务组织史」的来源、课题版本、已查项与未决项。","https://bkzs.pku.edu.cn/xkzy/xy/shkxxb/sxkxxy_31/sxkxxyzszy_31/index.htm"
"police-studies-3","police-studies","社区警务研究","公开资料、服务层次与调查对象","fieldwork","社区警务研究：个体访谈与群体趋势怎样互相补充而不替代？","社区警务研究：多地点或数字材料能否保留不同声音、沉默和研究者位置？","抽样框、访谈语境与参与关系记录","本方向具体检查：保留访问条件、研究者位置与沉默的对象。不要把「公开资料、服务层次与调查对象」中不同条件直接合并。","进入关系、访谈情境与叙述者位置记录，注明「社区警务研究」的来源、课题版本、已查项与未决项。","https://bkzs.pku.edu.cn/xkzy/xy/shkxxb/sxkxxy_31/sxkxxyzszy_31/index.htm"
"police-studies-4","police-studies","警务公共服务","公开资料、服务层次与调查对象","governance","警务公共服务：两个地方使用同名制度，怎样判断可以比较？","警务公共服务：新的协作或数字治理能否缩小执行差距，并保留申诉和责任接口？","制度文本、执行材料与对象反馈","本方向具体检查：比较制度情境，保留执行层次与时间。不要把「公开资料、服务层次与调查对象」中不同条件直接合并。","纸面目标、执行层次与未受益者记录，注明「警务公共服务」的来源、课题版本、已查项与未决项。","https://www.law.pku.edu.cn/xwzx/ggtz/zsjx/870508d182464f118ae55b9473a4c4f3.htm；https://bkzs.pku.edu.cn/xkzy/xy/shkxxb/sxkxxy_31/sxkxxyzszy_31/index.htm"
"police-studies-5","police-studies","警务伦理","公开资料、服务层次与调查对象","evidence-society","警务伦理：个体访谈与群体趋势怎样互相补充而不替代？","警务伦理：平台化生活怎样改变社会联系、劳动与不平等？","抽样框、访谈语境与参与关系记录","本方向具体检查：保留访问条件、研究者位置与沉默的对象。不要把「公开资料、服务层次与调查对象」中不同条件直接合并。","抽样框、访谈语境与参与关系记录的来源与比较条件记录，注明「警务伦理」的来源、课题版本、已查项与未决项。","https://bkzs.pku.edu.cn/xkzy/xy/shkxxb/sxkxxy_31/sxkxxyzszy_31/index.htm"
"police-studies-6","police-studies","公共安全感","公开资料、服务层次与调查对象","governance","公共安全感：两个地方使用同名制度，怎样判断可以比较？","公共安全感：新的协作或数字治理能否缩小执行差距，并保留申诉和责任接口？","制度文本、执行材料与对象反馈","本方向具体检查：比较制度情境，保留执行层次与时间。不要把「公开资料、服务层次与调查对象」中不同条件直接合并。","纸面目标、执行层次与未受益者记录，注明「公共安全感」的来源、课题版本、已查项与未决项。","https://www.law.pku.edu.cn/xwzx/ggtz/zsjx/870508d182464f118ae55b9473a4c4f3.htm；https://bkzs.pku.edu.cn/xkzy/xy/shkxxb/sxkxxy_31/sxkxxyzszy_31/index.htm"
"police-studies-7","police-studies","公安教育","公开资料、服务层次与调查对象","evidence-education","公安教育：参与更积极，为什么不等于目标知识掌握更好？","公安教育：智能助教怎样支持撤去辅助后的独立学习与延迟迁移？","课堂目标、活动记录与学习过程材料","本方向具体检查：让任务、教学目标与评价对应，保留班级差异。不要把「公开资料、服务层次与调查对象」中不同条件直接合并。","课堂目标、活动记录与学习过程材料的来源与比较条件记录，注明「公安教育」的来源、课题版本、已查项与未决项。","https://cter.bnu.edu.cn/docs/2024-05/e0d9749ec02e425eb45aa96fefdadc2a.pdf"
"police-studies-8","police-studies","警务协作制度","公开资料、服务层次与调查对象","governance","警务协作制度：个体访谈与群体趋势怎样互相补充而不替代？","警务协作制度：新的协作或数字治理能否缩小执行差距，并保留申诉和责任接口？","抽样框、访谈语境与参与关系记录","本方向具体检查：保留访问条件、研究者位置与沉默的对象。不要把「公开资料、服务层次与调查对象」中不同条件直接合并。","纸面目标、执行层次与未受益者记录，注明「警务协作制度」的来源、课题版本、已查项与未决项。","https://bkzs.pku.edu.cn/xkzy/xy/shkxxb/sxkxxy_31/sxkxxyzszy_31/index.htm"
"police-studies-9","police-studies","警务社会学","公开资料、服务层次与调查对象","fieldwork","警务社会学：个体访谈与群体趋势怎样互相补充而不替代？","警务社会学：多地点或数字材料能否保留不同声音、沉默和研究者位置？","抽样框、访谈语境与参与关系记录","本方向具体检查：保留访问条件、研究者位置与沉默的对象。不要把「公开资料、服务层次与调查对象」中不同条件直接合并。","进入关系、访谈情境与叙述者位置记录，注明「警务社会学」的来源、课题版本、已查项与未决项。","https://bkzs.pku.edu.cn/xkzy/xy/shkxxb/sxkxxy_31/sxkxxyzszy_31/index.htm"
"police-studies-10","police-studies","警务资料质量","公开资料、服务层次与调查对象","evidence-society","警务资料质量：个体访谈与群体趋势怎样互相补充而不替代？","警务资料质量：平台化生活怎样改变社会联系、劳动与不平等？","抽样框、访谈语境与参与关系记录","本方向具体检查：保留访问条件、研究者位置与沉默的对象。不要把「公开资料、服务层次与调查对象」中不同条件直接合并。","抽样框、访谈语境与参与关系记录的来源与比较条件记录，注明「警务资料质量」的来源、课题版本、已查项与未决项。","https://bkzs.pku.edu.cn/xkzy/xy/shkxxb/sxkxxy_31/sxkxxyzszy_31/index.htm"
"police-studies-11","police-studies","警务政策史","公开资料、服务层次与调查对象","governance","警务政策史：两个地方使用同名制度，怎样判断可以比较？","警务政策史：新的协作或数字治理能否缩小执行差距，并保留申诉和责任接口？","制度文本、执行材料与对象反馈","本方向具体检查：比较制度情境，保留执行层次与时间。不要把「公开资料、服务层次与调查对象」中不同条件直接合并。","纸面目标、执行层次与未受益者记录，注明「警务政策史」的来源、课题版本、已查项与未决项。","https://www.law.pku.edu.cn/xwzx/ggtz/zsjx/870508d182464f118ae55b9473a4c4f3.htm；https://bkzs.pku.edu.cn/xkzy/xy/shkxxb/sxkxxy_31/sxkxxyzszy_31/index.htm"
"police-studies-12","police-studies","警民沟通研究","公开资料、服务层次与调查对象","evidence-society","警民沟通研究：个体访谈与群体趋势怎样互相补充而不替代？","警民沟通研究：平台化生活怎样改变社会联系、劳动与不平等？","抽样框、访谈语境与参与关系记录","本方向具体检查：保留访问条件、研究者位置与沉默的对象。不要把「公开资料、服务层次与调查对象」中不同条件直接合并。","抽样框、访谈语境与参与关系记录的来源与比较条件记录，注明「警民沟通研究」的来源、课题版本、已查项与未决项。","https://bkzs.pku.edu.cn/xkzy/xy/shkxxb/sxkxxy_31/sxkxxyzszy_31/index.htm"
"party-history-studies-1","party-history-studies","党史文献","档案形成时间、组织层次与史料互证","evidence-society","党史文献：个体访谈与群体趋势怎样互相补充而不替代？","党史文献：平台化生活怎样改变社会联系、劳动与不平等？","抽样框、访谈语境与参与关系记录","本方向具体检查：保留访问条件、研究者位置与沉默的对象。不要把「档案形成时间、组织层次与史料互证」中不同条件直接合并。","抽样框、访谈语境与参与关系记录的来源与比较条件记录，注明「党史文献」的来源、课题版本、已查项与未决项。","https://bkzs.pku.edu.cn/xkzy/xy/shkxxb/sxkxxy_31/sxkxxyzszy_31/index.htm"
"party-history-studies-2","party-history-studies","组织制度史","档案形成时间、组织层次与史料互证","governance","组织制度史：个体访谈与群体趋势怎样互相补充而不替代？","组织制度史：新的协作或数字治理能否缩小执行差距，并保留申诉和责任接口？","抽样框、访谈语境与参与关系记录","本方向具体检查：保留访问条件、研究者位置与沉默的对象。不要把「档案形成时间、组织层次与史料互证」中不同条件直接合并。","纸面目标、执行层次与未受益者记录，注明「组织制度史」的来源、课题版本、已查项与未决项。","https://bkzs.pku.edu.cn/xkzy/xy/shkxxb/sxkxxy_31/sxkxxyzszy_31/index.htm"
"party-history-studies-3","party-history-studies","地方党史","档案形成时间、组织层次与史料互证","evidence-society","地方党史：个体访谈与群体趋势怎样互相补充而不替代？","地方党史：平台化生活怎样改变社会联系、劳动与不平等？","抽样框、访谈语境与参与关系记录","本方向具体检查：保留访问条件、研究者位置与沉默的对象。不要把「档案形成时间、组织层次与史料互证」中不同条件直接合并。","抽样框、访谈语境与参与关系记录的来源与比较条件记录，注明「地方党史」的来源、课题版本、已查项与未决项。","https://bkzs.pku.edu.cn/xkzy/xy/shkxxb/sxkxxy_31/sxkxxyzszy_31/index.htm"
"party-history-studies-4","party-history-studies","党建理论","档案形成时间、组织层次与史料互证","evidence-society","党建理论：个体访谈与群体趋势怎样互相补充而不替代？","党建理论：平台化生活怎样改变社会联系、劳动与不平等？","抽样框、访谈语境与参与关系记录","本方向具体检查：保留访问条件、研究者位置与沉默的对象。不要把「档案形成时间、组织层次与史料互证」中不同条件直接合并。","抽样框、访谈语境与参与关系记录的来源与比较条件记录，注明「党建理论」的来源、课题版本、已查项与未决项。","https://bkzs.pku.edu.cn/xkzy/xy/shkxxb/sxkxxy_31/sxkxxyzszy_31/index.htm"
"party-history-studies-5","party-history-studies","基层组织研究","档案形成时间、组织层次与史料互证","governance","基层组织研究：个体访谈与群体趋势怎样互相补充而不替代？","基层组织研究：新的协作或数字治理能否缩小执行差距，并保留申诉和责任接口？","抽样框、访谈语境与参与关系记录","本方向具体检查：保留访问条件、研究者位置与沉默的对象。不要把「档案形成时间、组织层次与史料互证」中不同条件直接合并。","纸面目标、执行层次与未受益者记录，注明「基层组织研究」的来源、课题版本、已查项与未决项。","https://bkzs.pku.edu.cn/xkzy/xy/shkxxb/sxkxxy_31/sxkxxyzszy_31/index.htm"
"party-history-studies-6","party-history-studies","党史人物资料","档案形成时间、组织层次与史料互证","evidence-society","党史人物资料：个体访谈与群体趋势怎样互相补充而不替代？","党史人物资料：平台化生活怎样改变社会联系、劳动与不平等？","抽样框、访谈语境与参与关系记录","本方向具体检查：保留访问条件、研究者位置与沉默的对象。不要把「档案形成时间、组织层次与史料互证」中不同条件直接合并。","抽样框、访谈语境与参与关系记录的来源与比较条件记录，注明「党史人物资料」的来源、课题版本、已查项与未决项。","https://bkzs.pku.edu.cn/xkzy/xy/shkxxb/sxkxxy_31/sxkxxyzszy_31/index.htm"
"party-history-studies-7","party-history-studies","党史口述资料","档案形成时间、组织层次与史料互证","evidence-society","党史口述资料：个体访谈与群体趋势怎样互相补充而不替代？","党史口述资料：平台化生活怎样改变社会联系、劳动与不平等？","抽样框、访谈语境与参与关系记录","本方向具体检查：保留访问条件、研究者位置与沉默的对象。不要把「档案形成时间、组织层次与史料互证」中不同条件直接合并。","抽样框、访谈语境与参与关系记录的来源与比较条件记录，注明「党史口述资料」的来源、课题版本、已查项与未决项。","https://bkzs.pku.edu.cn/xkzy/xy/shkxxb/sxkxxy_31/sxkxxyzszy_31/index.htm"
"party-history-studies-8","party-history-studies","党史教育","档案形成时间、组织层次与史料互证","evidence-education","党史教育：参与更积极，为什么不等于目标知识掌握更好？","党史教育：智能助教怎样支持撤去辅助后的独立学习与延迟迁移？","课堂目标、活动记录与学习过程材料","本方向具体检查：让任务、教学目标与评价对应，保留班级差异。不要把「档案形成时间、组织层次与史料互证」中不同条件直接合并。","课堂目标、活动记录与学习过程材料的来源与比较条件记录，注明「党史教育」的来源、课题版本、已查项与未决项。","https://cter.bnu.edu.cn/docs/2024-05/e0d9749ec02e425eb45aa96fefdadc2a.pdf"
"party-history-studies-9","party-history-studies","党建传播","档案形成时间、组织层次与史料互证","evidence-media","党建传播：信息传播量与受众态度变化为什么不同？","党建传播：合成内容与推荐机制怎样改变信任和传播多样性？","传播时间、平台机制与受众资料","本方向具体检查：分开内容、推荐入口与实际触达。不要把「档案形成时间、组织层次与史料互证」中不同条件直接合并。","传播时间、平台机制与受众资料的来源与比较条件记录，注明「党建传播」的来源、课题版本、已查项与未决项。","https://www.law.pku.edu.cn/xwzx/ggtz/zsjx/870508d182464f118ae55b9473a4c4f3.htm；https://bkzs.pku.edu.cn/xkzy/xy/shkxxb/sxkxxy_31/sxkxxyzszy_31/index.htm"
"party-history-studies-10","party-history-studies","制度比较资料","档案形成时间、组织层次与史料互证","governance","制度比较资料：个体访谈与群体趋势怎样互相补充而不替代？","制度比较资料：新的协作或数字治理能否缩小执行差距，并保留申诉和责任接口？","抽样框、访谈语境与参与关系记录","本方向具体检查：保留访问条件、研究者位置与沉默的对象。不要把「档案形成时间、组织层次与史料互证」中不同条件直接合并。","纸面目标、执行层次与未受益者记录，注明「制度比较资料」的来源、课题版本、已查项与未决项。","https://bkzs.pku.edu.cn/xkzy/xy/shkxxb/sxkxxy_31/sxkxxyzszy_31/index.htm"
"party-history-studies-11","party-history-studies","党史档案整理","档案形成时间、组织层次与史料互证","evidence-society","党史档案整理：个体访谈与群体趋势怎样互相补充而不替代？","党史档案整理：平台化生活怎样改变社会联系、劳动与不平等？","抽样框、访谈语境与参与关系记录","本方向具体检查：保留访问条件、研究者位置与沉默的对象。不要把「档案形成时间、组织层次与史料互证」中不同条件直接合并。","抽样框、访谈语境与参与关系记录的来源与比较条件记录，注明「党史档案整理」的来源、课题版本、已查项与未决项。","https://bkzs.pku.edu.cn/xkzy/xy/shkxxb/sxkxxy_31/sxkxxyzszy_31/index.htm"
"party-history-studies-12","party-history-studies","党史学方法","档案形成时间、组织层次与史料互证","law","党史学方法：规范有效、材料可用与事实被证明为什么是不同问题？","党史学方法：新的技术或制度情境怎样接受来源质疑，同时保留解释、责任与救济？","规范版本、案件事实与裁判理由","本方向具体检查：区分效力、事实认定与规范推论。不要把「档案形成时间、组织层次与史料互证」中不同条件直接合并。","事实、程序阶段与规范版本对照页，注明「党史学方法」的来源、课题版本、已查项与未决项。","https://www.law.pku.edu.cn/xwzx/ggtz/zsjx/870508d182464f118ae55b9473a4c4f3.htm"
"discipline-supervision-1","discipline-supervision","纪检监察理论","规范版本、程序条件与公开案例范围","law","纪检监察理论：个体访谈与群体趋势怎样互相补充而不替代？","纪检监察理论：新的技术或制度情境怎样接受来源质疑，同时保留解释、责任与救济？","抽样框、访谈语境与参与关系记录","本方向具体检查：保留访问条件、研究者位置与沉默的对象。不要把「规范版本、程序条件与公开案例范围」中不同条件直接合并。","事实、程序阶段与规范版本对照页，注明「纪检监察理论」的来源、课题版本、已查项与未决项。","https://bkzs.pku.edu.cn/xkzy/xy/shkxxb/sxkxxy_31/sxkxxyzszy_31/index.htm"
"discipline-supervision-2","discipline-supervision","监察制度史","规范版本、程序条件与公开案例范围","governance","监察制度史：个体访谈与群体趋势怎样互相补充而不替代？","监察制度史：新的协作或数字治理能否缩小执行差距，并保留申诉和责任接口？","抽样框、访谈语境与参与关系记录","本方向具体检查：保留访问条件、研究者位置与沉默的对象。不要把「规范版本、程序条件与公开案例范围」中不同条件直接合并。","纸面目标、执行层次与未受益者记录，注明「监察制度史」的来源、课题版本、已查项与未决项。","https://bkzs.pku.edu.cn/xkzy/xy/shkxxb/sxkxxy_31/sxkxxyzszy_31/index.htm"
"discipline-supervision-3","discipline-supervision","监察法学","规范版本、程序条件与公开案例范围","law","监察法学：规范有效、材料可用与事实被证明为什么是不同问题？","监察法学：新的技术或制度情境怎样接受来源质疑，同时保留解释、责任与救济？","规范版本、案件事实与裁判理由","本方向具体检查：区分效力、事实认定与规范推论。不要把「规范版本、程序条件与公开案例范围」中不同条件直接合并。","事实、程序阶段与规范版本对照页，注明「监察法学」的来源、课题版本、已查项与未决项。","https://www.law.pku.edu.cn/xwzx/ggtz/zsjx/870508d182464f118ae55b9473a4c4f3.htm"
"discipline-supervision-4","discipline-supervision","监督制度比较","规范版本、程序条件与公开案例范围","governance","监督制度比较：个体访谈与群体趋势怎样互相补充而不替代？","监督制度比较：新的协作或数字治理能否缩小执行差距，并保留申诉和责任接口？","抽样框、访谈语境与参与关系记录","本方向具体检查：保留访问条件、研究者位置与沉默的对象。不要把「规范版本、程序条件与公开案例范围」中不同条件直接合并。","纸面目标、执行层次与未受益者记录，注明「监督制度比较」的来源、课题版本、已查项与未决项。","https://bkzs.pku.edu.cn/xkzy/xy/shkxxb/sxkxxy_31/sxkxxyzszy_31/index.htm"
"discipline-supervision-5","discipline-supervision","廉洁教育","规范版本、程序条件与公开案例范围","evidence-education","廉洁教育：参与更积极，为什么不等于目标知识掌握更好？","廉洁教育：智能助教怎样支持撤去辅助后的独立学习与延迟迁移？","课堂目标、活动记录与学习过程材料","本方向具体检查：让任务、教学目标与评价对应，保留班级差异。不要把「规范版本、程序条件与公开案例范围」中不同条件直接合并。","课堂目标、活动记录与学习过程材料的来源与比较条件记录，注明「廉洁教育」的来源、课题版本、已查项与未决项。","https://cter.bnu.edu.cn/docs/2024-05/e0d9749ec02e425eb45aa96fefdadc2a.pdf"
"discipline-supervision-6","discipline-supervision","监督组织研究","规范版本、程序条件与公开案例范围","governance","监督组织研究：个体访谈与群体趋势怎样互相补充而不替代？","监督组织研究：新的协作或数字治理能否缩小执行差距，并保留申诉和责任接口？","抽样框、访谈语境与参与关系记录","本方向具体检查：保留访问条件、研究者位置与沉默的对象。不要把「规范版本、程序条件与公开案例范围」中不同条件直接合并。","纸面目标、执行层次与未受益者记录，注明「监督组织研究」的来源、课题版本、已查项与未决项。","https://bkzs.pku.edu.cn/xkzy/xy/shkxxb/sxkxxy_31/sxkxxyzszy_31/index.htm"
"discipline-supervision-7","discipline-supervision","公开案例研究","规范版本、程序条件与公开案例范围","evidence-society","公开案例研究：个体访谈与群体趋势怎样互相补充而不替代？","公开案例研究：平台化生活怎样改变社会联系、劳动与不平等？","抽样框、访谈语境与参与关系记录","本方向具体检查：保留访问条件、研究者位置与沉默的对象。不要把「规范版本、程序条件与公开案例范围」中不同条件直接合并。","抽样框、访谈语境与参与关系记录的来源与比较条件记录，注明「公开案例研究」的来源、课题版本、已查项与未决项。","https://bkzs.pku.edu.cn/xkzy/xy/shkxxb/sxkxxy_31/sxkxxyzszy_31/index.htm"
"discipline-supervision-8","discipline-supervision","监察程序研究","规范版本、程序条件与公开案例范围","law","监察程序研究：个体访谈与群体趋势怎样互相补充而不替代？","监察程序研究：新的技术或制度情境怎样接受来源质疑，同时保留解释、责任与救济？","抽样框、访谈语境与参与关系记录","本方向具体检查：保留访问条件、研究者位置与沉默的对象。不要把「规范版本、程序条件与公开案例范围」中不同条件直接合并。","事实、程序阶段与规范版本对照页，注明「监察程序研究」的来源、课题版本、已查项与未决项。","https://bkzs.pku.edu.cn/xkzy/xy/shkxxb/sxkxxy_31/sxkxxyzszy_31/index.htm"
"discipline-supervision-9","discipline-supervision","监督评价资料","规范版本、程序条件与公开案例范围","evidence-society","监督评价资料：个体访谈与群体趋势怎样互相补充而不替代？","监督评价资料：平台化生活怎样改变社会联系、劳动与不平等？","抽样框、访谈语境与参与关系记录","本方向具体检查：保留访问条件、研究者位置与沉默的对象。不要把「规范版本、程序条件与公开案例范围」中不同条件直接合并。","抽样框、访谈语境与参与关系记录的来源与比较条件记录，注明「监督评价资料」的来源、课题版本、已查项与未决项。","https://bkzs.pku.edu.cn/xkzy/xy/shkxxb/sxkxxy_31/sxkxxyzszy_31/index.htm"
"discipline-supervision-10","discipline-supervision","制度执行研究","规范版本、程序条件与公开案例范围","governance","制度执行研究：个体访谈与群体趋势怎样互相补充而不替代？","制度执行研究：新的协作或数字治理能否缩小执行差距，并保留申诉和责任接口？","抽样框、访谈语境与参与关系记录","本方向具体检查：保留访问条件、研究者位置与沉默的对象。不要把「规范版本、程序条件与公开案例范围」中不同条件直接合并。","纸面目标、执行层次与未受益者记录，注明「制度执行研究」的来源、课题版本、已查项与未决项。","https://bkzs.pku.edu.cn/xkzy/xy/shkxxb/sxkxxy_31/sxkxxyzszy_31/index.htm"
"discipline-supervision-11","discipline-supervision","廉洁文化","规范版本、程序条件与公开案例范围","evidence-society","廉洁文化：个体访谈与群体趋势怎样互相补充而不替代？","廉洁文化：平台化生活怎样改变社会联系、劳动与不平等？","抽样框、访谈语境与参与关系记录","本方向具体检查：保留访问条件、研究者位置与沉默的对象。不要把「规范版本、程序条件与公开案例范围」中不同条件直接合并。","抽样框、访谈语境与参与关系记录的来源与比较条件记录，注明「廉洁文化」的来源、课题版本、已查项与未决项。","https://bkzs.pku.edu.cn/xkzy/xy/shkxxb/sxkxxy_31/sxkxxyzszy_31/index.htm"
"discipline-supervision-12","discipline-supervision","纪检监察文献","规范版本、程序条件与公开案例范围","law","纪检监察文献：个体访谈与群体趋势怎样互相补充而不替代？","纪检监察文献：新的技术或制度情境怎样接受来源质疑，同时保留解释、责任与救济？","抽样框、访谈语境与参与关系记录","本方向具体检查：保留访问条件、研究者位置与沉默的对象。不要把「规范版本、程序条件与公开案例范围」中不同条件直接合并。","事实、程序阶段与规范版本对照页，注明「纪检监察文献」的来源、课题版本、已查项与未决项。","https://bkzs.pku.edu.cn/xkzy/xy/shkxxb/sxkxxy_31/sxkxxyzszy_31/index.htm"
"social-work-studies-1","social-work-studies","社会工作理论","服务目标、参与过程与授权范围","subject-fieldwork","社会工作理论：没有接受访谈的人可能怎样改变你的解释？","社会工作理论：多地点与线上田野怎样保留矛盾叙述？","进入田野的关系、访谈场景与沉默者记录","标明谁愿意谈、谁无法接触以及研究者的位置","进入田野的关系、访谈场景与沉默者记录的比较与解释记录","https://bkzs.pku.edu.cn/xkzy/xy/shkxxb/sxkxxy_31/sxkxxyzszy_31/index.htm"
"social-work-studies-2","social-work-studies","个案工作研究","服务目标、参与过程与授权范围","subject-fieldwork","个案工作研究：没有接受访谈的人可能怎样改变你的解释？","个案工作研究：多地点与线上田野怎样保留矛盾叙述？","进入田野的关系、访谈场景与沉默者记录","标明谁愿意谈、谁无法接触以及研究者的位置","进入田野的关系、访谈场景与沉默者记录的比较与解释记录","https://bkzs.pku.edu.cn/xkzy/xy/shkxxb/sxkxxy_31/sxkxxyzszy_31/index.htm"
"social-work-studies-3","social-work-studies","小组工作研究","服务目标、参与过程与授权范围","subject-fieldwork","小组工作研究：没有接受访谈的人可能怎样改变你的解释？","小组工作研究：多地点与线上田野怎样保留矛盾叙述？","进入田野的关系、访谈场景与沉默者记录","标明谁愿意谈、谁无法接触以及研究者的位置","进入田野的关系、访谈场景与沉默者记录的比较与解释记录","https://bkzs.pku.edu.cn/xkzy/xy/shkxxb/sxkxxy_31/sxkxxyzszy_31/index.htm"
"social-work-studies-4","social-work-studies","社区工作研究","服务目标、参与过程与授权范围","subject-fieldwork","社区工作研究：没有接受访谈的人可能怎样改变你的解释？","社区工作研究：多地点与线上田野怎样保留矛盾叙述？","进入田野的关系、访谈场景与沉默者记录","标明谁愿意谈、谁无法接触以及研究者的位置","进入田野的关系、访谈场景与沉默者记录的比较与解释记录","https://bkzs.pku.edu.cn/xkzy/xy/shkxxb/sxkxxy_31/sxkxxyzszy_31/index.htm"
"social-work-studies-5","social-work-studies","儿童与家庭服务","服务目标、参与过程与授权范围","subject-fieldwork","儿童与家庭服务：没有接受访谈的人可能怎样改变你的解释？","儿童与家庭服务：多地点与线上田野怎样保留矛盾叙述？","进入田野的关系、访谈场景与沉默者记录","标明谁愿意谈、谁无法接触以及研究者的位置","进入田野的关系、访谈场景与沉默者记录的比较与解释记录","https://bkzs.pku.edu.cn/xkzy/xy/shkxxb/sxkxxy_31/sxkxxyzszy_31/index.htm"
"social-work-studies-6","social-work-studies","老年社会服务","服务目标、参与过程与授权范围","subject-fieldwork","老年社会服务：没有接受访谈的人可能怎样改变你的解释？","老年社会服务：多地点与线上田野怎样保留矛盾叙述？","进入田野的关系、访谈场景与沉默者记录","标明谁愿意谈、谁无法接触以及研究者的位置","进入田野的关系、访谈场景与沉默者记录的比较与解释记录","https://bkzs.pku.edu.cn/xkzy/xy/shkxxb/sxkxxy_31/sxkxxyzszy_31/index.htm"
"social-work-studies-7","social-work-studies","社会工作教育","服务目标、参与过程与授权范围","subject-fieldwork","社会工作教育：没有接受访谈的人可能怎样改变你的解释？","社会工作教育：多地点与线上田野怎样保留矛盾叙述？","进入田野的关系、访谈场景与沉默者记录","标明谁愿意谈、谁无法接触以及研究者的位置","进入田野的关系、访谈场景与沉默者记录的比较与解释记录","https://cter.bnu.edu.cn/docs/2024-05/e0d9749ec02e425eb45aa96fefdadc2a.pdf"
"social-work-studies-8","social-work-studies","社会服务评价","服务目标、参与过程与授权范围","subject-fieldwork","社会服务评价：没有接受访谈的人可能怎样改变你的解释？","社会服务评价：多地点与线上田野怎样保留矛盾叙述？","进入田野的关系、访谈场景与沉默者记录","标明谁愿意谈、谁无法接触以及研究者的位置","进入田野的关系、访谈场景与沉默者记录的比较与解释记录","https://bkzs.pku.edu.cn/xkzy/xy/shkxxb/sxkxxy_31/sxkxxyzszy_31/index.htm"
"social-work-studies-9","social-work-studies","社会工作伦理","服务目标、参与过程与授权范围","subject-fieldwork","社会工作伦理：没有接受访谈的人可能怎样改变你的解释？","社会工作伦理：多地点与线上田野怎样保留矛盾叙述？","进入田野的关系、访谈场景与沉默者记录","标明谁愿意谈、谁无法接触以及研究者的位置","进入田野的关系、访谈场景与沉默者记录的比较与解释记录","https://bkzs.pku.edu.cn/xkzy/xy/shkxxb/sxkxxy_31/sxkxxyzszy_31/index.htm"
"social-work-studies-10","social-work-studies","社会组织协作","服务目标、参与过程与授权范围","subject-fieldwork","社会组织协作：没有接受访谈的人可能怎样改变你的解释？","社会组织协作：多地点与线上田野怎样保留矛盾叙述？","进入田野的关系、访谈场景与沉默者记录","标明谁愿意谈、谁无法接触以及研究者的位置","进入田野的关系、访谈场景与沉默者记录的比较与解释记录","https://bkzs.pku.edu.cn/xkzy/xy/shkxxb/sxkxxy_31/sxkxxyzszy_31/index.htm"
"social-work-studies-11","social-work-studies","社会工作史","服务目标、参与过程与授权范围","subject-fieldwork","社会工作史：没有接受访谈的人可能怎样改变你的解释？","社会工作史：多地点与线上田野怎样保留矛盾叙述？","进入田野的关系、访谈场景与沉默者记录","标明谁愿意谈、谁无法接触以及研究者的位置","进入田野的关系、访谈场景与沉默者记录的比较与解释记录","https://bkzs.pku.edu.cn/xkzy/xy/shkxxb/sxkxxy_31/sxkxxyzszy_31/index.htm"
"social-work-studies-12","social-work-studies","服务可及性","服务目标、参与过程与授权范围","subject-fieldwork","服务可及性：没有接受访谈的人可能怎样改变你的解释？","服务可及性：多地点与线上田野怎样保留矛盾叙述？","进入田野的关系、访谈场景与沉默者记录","标明谁愿意谈、谁无法接触以及研究者的位置","进入田野的关系、访谈场景与沉默者记录的比较与解释记录","https://bkzs.pku.edu.cn/xkzy/xy/shkxxb/sxkxxy_31/sxkxxyzszy_31/index.htm"
"intellectual-property-1","intellectual-property","专利法研究","权利范围、事实情境与规则版本","subject-ip","专利法研究：相似的是表达、思路还是不受保护的部分？","专利法研究：生成式创作怎样记录贡献、来源与许可？","创作时间、权利主张与使用方式对照","分开权利对象、权属与受限制的使用行为","创作时间、权利主张与使用方式对照的比较与解释记录","https://www.law.pku.edu.cn/xwzx/ggtz/zsjx/870508d182464f118ae55b9473a4c4f3.htm"
"intellectual-property-2","intellectual-property","著作权研究","权利范围、事实情境与规则版本","subject-ip","著作权研究：相似的是表达、思路还是不受保护的部分？","著作权研究：生成式创作怎样记录贡献、来源与许可？","创作时间、权利主张与使用方式对照","分开权利对象、权属与受限制的使用行为","创作时间、权利主张与使用方式对照的比较与解释记录","https://bkzs.pku.edu.cn/xkzy/xy/shkxxb/sxkxxy_31/sxkxxyzszy_31/index.htm"
"intellectual-property-3","intellectual-property","商标法研究","权利范围、事实情境与规则版本","law","商标法研究：约定文本的解释、效力与实际履行如何分开？","商标法研究：平台化交易中的自动约定如何面对解释、责任和救济？","关系类型、约定文本与争议事实","本方向具体检查：区分文本解释、履行事实与规范适用，核对时期和制度。不要把「权利范围、事实情境与规则版本」中不同条件直接合并。","事实、程序阶段与规范版本对照页，注明「商标法研究」的来源、课题版本、已查项与未决项。","https://www.law.pku.edu.cn/xwzx/ggtz/zsjx/870508d182464f118ae55b9473a4c4f3.htm"
"intellectual-property-4","intellectual-property","商业秘密制度","权利范围、事实情境与规则版本","governance","商业秘密制度：个体访谈与群体趋势怎样互相补充而不替代？","商业秘密制度：新的协作或数字治理能否缩小执行差距，并保留申诉和责任接口？","抽样框、访谈语境与参与关系记录","本方向具体检查：保留访问条件、研究者位置与沉默的对象。不要把「权利范围、事实情境与规则版本」中不同条件直接合并。","纸面目标、执行层次与未受益者记录，注明「商业秘密制度」的来源、课题版本、已查项与未决项。","https://bkzs.pku.edu.cn/xkzy/xy/shkxxb/sxkxxy_31/sxkxxyzszy_31/index.htm"
"intellectual-property-5","intellectual-property","知识产权史","权利范围、事实情境与规则版本","subject-ip","知识产权史：相似的是表达、思路还是不受保护的部分？","知识产权史：生成式创作怎样记录贡献、来源与许可？","创作时间、权利主张与使用方式对照","分开权利对象、权属与受限制的使用行为","创作时间、权利主张与使用方式对照的比较与解释记录","https://bkzs.pku.edu.cn/xkzy/xy/shkxxb/sxkxxy_31/sxkxxyzszy_31/index.htm"
"intellectual-property-6","intellectual-property","技术许可研究","权利范围、事实情境与规则版本","law","技术许可研究：个体访谈与群体趋势怎样互相补充而不替代？","技术许可研究：新的技术或制度情境怎样接受来源质疑，同时保留解释、责任与救济？","抽样框、访谈语境与参与关系记录","本方向具体检查：保留访问条件、研究者位置与沉默的对象。不要把「权利范围、事实情境与规则版本」中不同条件直接合并。","事实、程序阶段与规范版本对照页，注明「技术许可研究」的来源、课题版本、已查项与未决项。","https://bkzs.pku.edu.cn/xkzy/xy/shkxxb/sxkxxy_31/sxkxxyzszy_31/index.htm"
"intellectual-property-7","intellectual-property","文化版权研究","权利范围、事实情境与规则版本","evidence-society","文化版权研究：个体访谈与群体趋势怎样互相补充而不替代？","文化版权研究：平台化生活怎样改变社会联系、劳动与不平等？","抽样框、访谈语境与参与关系记录","本方向具体检查：保留访问条件、研究者位置与沉默的对象。不要把「权利范围、事实情境与规则版本」中不同条件直接合并。","抽样框、访谈语境与参与关系记录的来源与比较条件记录，注明「文化版权研究」的来源、课题版本、已查项与未决项。","https://bkzs.pku.edu.cn/xkzy/xy/shkxxb/sxkxxy_31/sxkxxyzszy_31/index.htm"
"intellectual-property-8","intellectual-property","数字版权","权利范围、事实情境与规则版本","evidence-society","数字版权：个体访谈与群体趋势怎样互相补充而不替代？","数字版权：平台化生活怎样改变社会联系、劳动与不平等？","抽样框、访谈语境与参与关系记录","本方向具体检查：保留访问条件、研究者位置与沉默的对象。不要把「权利范围、事实情境与规则版本」中不同条件直接合并。","抽样框、访谈语境与参与关系记录的来源与比较条件记录，注明「数字版权」的来源、课题版本、已查项与未决项。","https://bkzs.pku.edu.cn/xkzy/xy/shkxxb/sxkxxy_31/sxkxxyzszy_31/index.htm"
"intellectual-property-9","intellectual-property","知识产权评价","权利范围、事实情境与规则版本","subject-ip","知识产权评价：相似的是表达、思路还是不受保护的部分？","知识产权评价：生成式创作怎样记录贡献、来源与许可？","创作时间、权利主张与使用方式对照","分开权利对象、权属与受限制的使用行为","创作时间、权利主张与使用方式对照的比较与解释记录","https://bkzs.pku.edu.cn/xkzy/xy/shkxxb/sxkxxy_31/sxkxxyzszy_31/index.htm"
"intellectual-property-10","intellectual-property","国际知识产权","权利范围、事实情境与规则版本","subject-ip","国际知识产权：相似的是表达、思路还是不受保护的部分？","国际知识产权：生成式创作怎样记录贡献、来源与许可？","创作时间、权利主张与使用方式对照","分开权利对象、权属与受限制的使用行为","创作时间、权利主张与使用方式对照的比较与解释记录","https://bkzs.pku.edu.cn/xkzy/xy/shkxxb/sxkxxy_31/sxkxxyzszy_31/index.htm"
"intellectual-property-11","intellectual-property","公共领域研究","权利范围、事实情境与规则版本","governance","公共领域研究：两个地方使用同名制度，怎样判断可以比较？","公共领域研究：新的协作或数字治理能否缩小执行差距，并保留申诉和责任接口？","制度文本、执行材料与对象反馈","本方向具体检查：比较制度情境，保留执行层次与时间。不要把「权利范围、事实情境与规则版本」中不同条件直接合并。","纸面目标、执行层次与未受益者记录，注明「公共领域研究」的来源、课题版本、已查项与未决项。","https://www.law.pku.edu.cn/xwzx/ggtz/zsjx/870508d182464f118ae55b9473a4c4f3.htm；https://bkzs.pku.edu.cn/xkzy/xy/shkxxb/sxkxxy_31/sxkxxyzszy_31/index.htm"
"intellectual-property-12","intellectual-property","知识产权教育","权利范围、事实情境与规则版本","subject-ip","知识产权教育：相似的是表达、思路还是不受保护的部分？","知识产权教育：生成式创作怎样记录贡献、来源与许可？","创作时间、权利主张与使用方式对照","分开权利对象、权属与受限制的使用行为","创作时间、权利主张与使用方式对照的比较与解释记录","https://cter.bnu.edu.cn/docs/2024-05/e0d9749ec02e425eb45aa96fefdadc2a.pdf"
"psychology-studies-1","psychology-studies","基础心理学","测量构念、任务条件与参与者层次","subject-psychology","基础心理学：换一个任务版本后，差异还对应这个构念吗？","基础心理学：自然情境测量怎样面对跨群体的测量不变性？","任务版本、反应分布与构念定义","区分任务熟悉、测量误差与构念变化","任务版本、反应分布与构念定义的比较与解释记录","https://cter.bnu.edu.cn/docs/2024-05/e0d9749ec02e425eb45aa96fefdadc2a.pdf；https://www.nhlbi.nih.gov/health-topics/study-quality-assessment-tools"
"psychology-studies-2","psychology-studies","认知心理学","测量构念、任务条件与参与者层次","subject-psychology","认知心理学：换一个任务版本后，差异还对应这个构念吗？","认知心理学：自然情境测量怎样面对跨群体的测量不变性？","任务版本、反应分布与构念定义","区分任务熟悉、测量误差与构念变化","任务版本、反应分布与构念定义的比较与解释记录","https://cter.bnu.edu.cn/docs/2024-05/e0d9749ec02e425eb45aa96fefdadc2a.pdf；https://www.nhlbi.nih.gov/health-topics/study-quality-assessment-tools"
"psychology-studies-3","psychology-studies","发展心理学","测量构念、任务条件与参与者层次","subject-psychology","发展心理学：换一个任务版本后，差异还对应这个构念吗？","发展心理学：自然情境测量怎样面对跨群体的测量不变性？","任务版本、反应分布与构念定义","区分任务熟悉、测量误差与构念变化","任务版本、反应分布与构念定义的比较与解释记录","https://cter.bnu.edu.cn/docs/2024-05/e0d9749ec02e425eb45aa96fefdadc2a.pdf；https://www.nhlbi.nih.gov/health-topics/study-quality-assessment-tools"
"psychology-studies-4","psychology-studies","教育心理学","测量构念、任务条件与参与者层次","subject-psychology","教育心理学：换一个任务版本后，差异还对应这个构念吗？","教育心理学：自然情境测量怎样面对跨群体的测量不变性？","任务版本、反应分布与构念定义","区分任务熟悉、测量误差与构念变化","任务版本、反应分布与构念定义的比较与解释记录","https://cter.bnu.edu.cn/docs/2024-05/e0d9749ec02e425eb45aa96fefdadc2a.pdf"
"psychology-studies-5","psychology-studies","社会心理学","测量构念、任务条件与参与者层次","subject-psychology","社会心理学：换一个任务版本后，差异还对应这个构念吗？","社会心理学：自然情境测量怎样面对跨群体的测量不变性？","任务版本、反应分布与构念定义","区分任务熟悉、测量误差与构念变化","任务版本、反应分布与构念定义的比较与解释记录","https://cter.bnu.edu.cn/docs/2024-05/e0d9749ec02e425eb45aa96fefdadc2a.pdf；https://www.nhlbi.nih.gov/health-topics/study-quality-assessment-tools"
"psychology-studies-6","psychology-studies","人格心理学","测量构念、任务条件与参与者层次","subject-psychology","人格心理学：换一个任务版本后，差异还对应这个构念吗？","人格心理学：自然情境测量怎样面对跨群体的测量不变性？","任务版本、反应分布与构念定义","区分任务熟悉、测量误差与构念变化","任务版本、反应分布与构念定义的比较与解释记录","https://cter.bnu.edu.cn/docs/2024-05/e0d9749ec02e425eb45aa96fefdadc2a.pdf；https://www.nhlbi.nih.gov/health-topics/study-quality-assessment-tools"
"psychology-studies-7","psychology-studies","心理测量","测量构念、任务条件与参与者层次","subject-psychology","心理测量：换一个任务版本后，差异还对应这个构念吗？","心理测量：自然情境测量怎样面对跨群体的测量不变性？","任务版本、反应分布与构念定义","区分任务熟悉、测量误差与构念变化","任务版本、反应分布与构念定义的比较与解释记录","https://www.nhlbi.nih.gov/health-topics/study-quality-assessment-tools"
"psychology-studies-8","psychology-studies","心理统计","测量构念、任务条件与参与者层次","subject-psychology","心理统计：换一个任务版本后，差异还对应这个构念吗？","心理统计：自然情境测量怎样面对跨群体的测量不变性？","任务版本、反应分布与构念定义","区分任务熟悉、测量误差与构念变化","任务版本、反应分布与构念定义的比较与解释记录","https://cter.bnu.edu.cn/docs/2024-05/e0d9749ec02e425eb45aa96fefdadc2a.pdf；https://www.nhlbi.nih.gov/health-topics/study-quality-assessment-tools"
"psychology-studies-9","psychology-studies","组织心理学","测量构念、任务条件与参与者层次","subject-psychology","组织心理学：换一个任务版本后，差异还对应这个构念吗？","组织心理学：自然情境测量怎样面对跨群体的测量不变性？","任务版本、反应分布与构念定义","区分任务熟悉、测量误差与构念变化","任务版本、反应分布与构念定义的比较与解释记录","https://cter.bnu.edu.cn/docs/2024-05/e0d9749ec02e425eb45aa96fefdadc2a.pdf；https://www.nhlbi.nih.gov/health-topics/study-quality-assessment-tools"
"psychology-studies-10","psychology-studies","健康心理资料","测量构念、任务条件与参与者层次","subject-psychology","健康心理资料：换一个任务版本后，差异还对应这个构念吗？","健康心理资料：自然情境测量怎样面对跨群体的测量不变性？","任务版本、反应分布与构念定义","区分任务熟悉、测量误差与构念变化","任务版本、反应分布与构念定义的比较与解释记录","https://cter.bnu.edu.cn/docs/2024-05/e0d9749ec02e425eb45aa96fefdadc2a.pdf；https://www.nhlbi.nih.gov/health-topics/study-quality-assessment-tools"
"psychology-studies-11","psychology-studies","咨询过程研究","测量构念、任务条件与参与者层次","subject-psychology","咨询过程研究：换一个任务版本后，差异还对应这个构念吗？","咨询过程研究：自然情境测量怎样面对跨群体的测量不变性？","任务版本、反应分布与构念定义","区分任务熟悉、测量误差与构念变化","任务版本、反应分布与构念定义的比较与解释记录","https://cter.bnu.edu.cn/docs/2024-05/e0d9749ec02e425eb45aa96fefdadc2a.pdf；https://www.nhlbi.nih.gov/health-topics/study-quality-assessment-tools"
"psychology-studies-12","psychology-studies","心理学史","测量构念、任务条件与参与者层次","subject-psychology","心理学史：换一个任务版本后，差异还对应这个构念吗？","心理学史：自然情境测量怎样面对跨群体的测量不变性？","任务版本、反应分布与构念定义","区分任务熟悉、测量误差与构念变化","任务版本、反应分布与构念定义的比较与解释记录","https://cter.bnu.edu.cn/docs/2024-05/e0d9749ec02e425eb45aa96fefdadc2a.pdf；https://www.nhlbi.nih.gov/health-topics/study-quality-assessment-tools"
"sport-studies-1","sport-studies","体育人文社会学","训练暴露、测量时点与活动情境","evidence-sport","体育人文社会学：训练负荷、即时表现与长期适应怎样区分？","体育人文社会学：可穿戴资料怎样帮助理解个体负荷与恢复的波动？","训练负荷、测试环境与恢复记录","本方向具体检查：对照负荷与恢复时间，区分熟悉任务与真实进步。不要把「训练暴露、测量时点与活动情境」中不同条件直接合并。","训练负荷、测试环境与恢复记录的来源与比较条件记录，注明「体育人文社会学」的来源、课题版本、已查项与未决项。","https://cter.bnu.edu.cn/docs/2024-05/e0d9749ec02e425eb45aa96fefdadc2a.pdf"
"sport-studies-2","sport-studies","运动人体科学","训练暴露、测量时点与活动情境","subject-rehab","运动人体科学：测试做得更好，日常哪项活动真的发生了改变？","运动人体科学：辅助技术怎样评价撤去支持后的持续参与？","标准任务、日常活动与参与记录","分开测试改善、实际功能与生活参与","标准任务、日常活动与参与记录的比较与解释记录","https://cter.bnu.edu.cn/docs/2024-05/e0d9749ec02e425eb45aa96fefdadc2a.pdf"
"sport-studies-3","sport-studies","体育教育训练学","训练暴露、测量时点与活动情境","subject-rehab","体育教育训练学：测试做得更好，日常哪项活动真的发生了改变？","体育教育训练学：辅助技术怎样评价撤去支持后的持续参与？","标准任务、日常活动与参与记录","分开测试改善、实际功能与生活参与","标准任务、日常活动与参与记录的比较与解释记录","https://cter.bnu.edu.cn/docs/2024-05/e0d9749ec02e425eb45aa96fefdadc2a.pdf"
"sport-studies-4","sport-studies","民族传统体育学","训练暴露、测量时点与活动情境","evidence-sport","民族传统体育学：训练负荷、即时表现与长期适应怎样区分？","民族传统体育学：可穿戴资料怎样帮助理解个体负荷与恢复的波动？","训练负荷、测试环境与恢复记录","本方向具体检查：对照负荷与恢复时间，区分熟悉任务与真实进步。不要把「训练暴露、测量时点与活动情境」中不同条件直接合并。","训练负荷、测试环境与恢复记录的来源与比较条件记录，注明「民族传统体育学」的来源、课题版本、已查项与未决项。","https://cter.bnu.edu.cn/docs/2024-05/e0d9749ec02e425eb45aa96fefdadc2a.pdf"
"sport-studies-5","sport-studies","运动学习","训练暴露、测量时点与活动情境","subject-rehab","运动学习：测试做得更好，日常哪项活动真的发生了改变？","运动学习：辅助技术怎样评价撤去支持后的持续参与？","标准任务、日常活动与参与记录","分开测试改善、实际功能与生活参与","标准任务、日常活动与参与记录的比较与解释记录","https://cter.bnu.edu.cn/docs/2024-05/e0d9749ec02e425eb45aa96fefdadc2a.pdf"
"sport-studies-6","sport-studies","运动心理资料","训练暴露、测量时点与活动情境","subject-rehab","运动心理资料：测试做得更好，日常哪项活动真的发生了改变？","运动心理资料：辅助技术怎样评价撤去支持后的持续参与？","标准任务、日常活动与参与记录","分开测试改善、实际功能与生活参与","标准任务、日常活动与参与记录的比较与解释记录","https://cter.bnu.edu.cn/docs/2024-05/e0d9749ec02e425eb45aa96fefdadc2a.pdf；https://www.nhlbi.nih.gov/health-topics/study-quality-assessment-tools"
"sport-studies-7","sport-studies","体育课程","训练暴露、测量时点与活动情境","learning","体育课程：一个教学目标怎样转成能检验掌握的任务？","体育课程：智能助教的提示设计能否改善延迟迁移而非只提高即时答题？","学习目标、任务作品与课堂实施记录","本方向具体检查：对齐学习目标和评价任务，区分实施变化与工具作用。不要把「训练暴露、测量时点与活动情境」中不同条件直接合并。","目标、任务、辅助条件与延迟表现表，注明「体育课程」的来源、课题版本、已查项与未决项。","https://cter.bnu.edu.cn/docs/2024-05/e0d9749ec02e425eb45aa96fefdadc2a.pdf"
"sport-studies-8","sport-studies","大众体育","训练暴露、测量时点与活动情境","evidence-sport","大众体育：训练负荷、即时表现与长期适应怎样区分？","大众体育：可穿戴资料怎样帮助理解个体负荷与恢复的波动？","训练负荷、测试环境与恢复记录","本方向具体检查：对照负荷与恢复时间，区分熟悉任务与真实进步。不要把「训练暴露、测量时点与活动情境」中不同条件直接合并。","训练负荷、测试环境与恢复记录的来源与比较条件记录，注明「大众体育」的来源、课题版本、已查项与未决项。","https://cter.bnu.edu.cn/docs/2024-05/e0d9749ec02e425eb45aa96fefdadc2a.pdf"
"sport-studies-9","sport-studies","适应体育","训练暴露、测量时点与活动情境","evidence-sport","适应体育：训练负荷、即时表现与长期适应怎样区分？","适应体育：可穿戴资料怎样帮助理解个体负荷与恢复的波动？","训练负荷、测试环境与恢复记录","本方向具体检查：对照负荷与恢复时间，区分熟悉任务与真实进步。不要把「训练暴露、测量时点与活动情境」中不同条件直接合并。","训练负荷、测试环境与恢复记录的来源与比较条件记录，注明「适应体育」的来源、课题版本、已查项与未决项。","https://cter.bnu.edu.cn/docs/2024-05/e0d9749ec02e425eb45aa96fefdadc2a.pdf"
"sport-studies-10","sport-studies","体育赛事研究","训练暴露、测量时点与活动情境","evidence-sport","体育赛事研究：训练负荷、即时表现与长期适应怎样区分？","体育赛事研究：可穿戴资料怎样帮助理解个体负荷与恢复的波动？","训练负荷、测试环境与恢复记录","本方向具体检查：对照负荷与恢复时间，区分熟悉任务与真实进步。不要把「训练暴露、测量时点与活动情境」中不同条件直接合并。","训练负荷、测试环境与恢复记录的来源与比较条件记录，注明「体育赛事研究」的来源、课题版本、已查项与未决项。","https://cter.bnu.edu.cn/docs/2024-05/e0d9749ec02e425eb45aa96fefdadc2a.pdf"
"sport-studies-11","sport-studies","运动测量","训练暴露、测量时点与活动情境","subject-rehab","运动测量：测试做得更好，日常哪项活动真的发生了改变？","运动测量：辅助技术怎样评价撤去支持后的持续参与？","标准任务、日常活动与参与记录","分开测试改善、实际功能与生活参与","标准任务、日常活动与参与记录的比较与解释记录","https://cter.bnu.edu.cn/docs/2024-05/e0d9749ec02e425eb45aa96fefdadc2a.pdf"
"sport-studies-12","sport-studies","体育史","训练暴露、测量时点与活动情境","evidence-sport","体育史：训练负荷、即时表现与长期适应怎样区分？","体育史：可穿戴资料怎样帮助理解个体负荷与恢复的波动？","训练负荷、测试环境与恢复记录","本方向具体检查：对照负荷与恢复时间，区分熟悉任务与真实进步。不要把「训练暴露、测量时点与活动情境」中不同条件直接合并。","训练负荷、测试环境与恢复记录的来源与比较条件记录，注明「体育史」的来源、课题版本、已查项与未决项。","https://cter.bnu.edu.cn/docs/2024-05/e0d9749ec02e425eb45aa96fefdadc2a.pdf"
"chinese-education-1","chinese-education","中文作为第二语言","学习阶段、语言背景与课堂任务","evidence-education","中文作为第二语言：参与更积极，为什么不等于目标知识掌握更好？","中文作为第二语言：智能助教怎样支持撤去辅助后的独立学习与延迟迁移？","课堂目标、活动记录与学习过程材料","本方向具体检查：让任务、教学目标与评价对应，保留班级差异。不要把「学习阶段、语言背景与课堂任务」中不同条件直接合并。","课堂目标、活动记录与学习过程材料的来源与比较条件记录，注明「中文作为第二语言」的来源、课题版本、已查项与未决项。","https://cter.bnu.edu.cn/docs/2024-05/e0d9749ec02e425eb45aa96fefdadc2a.pdf"
"chinese-education-2","chinese-education","中文教学设计","学习阶段、语言背景与课堂任务","learning","中文教学设计：一个教学目标怎样转成能检验掌握的任务？","中文教学设计：智能助教的提示设计能否改善延迟迁移而非只提高即时答题？","学习目标、任务作品与课堂实施记录","本方向具体检查：对齐学习目标和评价任务，区分实施变化与工具作用。不要把「学习阶段、语言背景与课堂任务」中不同条件直接合并。","目标、任务、辅助条件与延迟表现表，注明「中文教学设计」的来源、课题版本、已查项与未决项。","https://cter.bnu.edu.cn/docs/2024-05/e0d9749ec02e425eb45aa96fefdadc2a.pdf"
"chinese-education-3","chinese-education","国际中文教材","学习阶段、语言背景与课堂任务","evidence-education","国际中文教材：参与更积极，为什么不等于目标知识掌握更好？","国际中文教材：智能助教怎样支持撤去辅助后的独立学习与延迟迁移？","课堂目标、活动记录与学习过程材料","本方向具体检查：让任务、教学目标与评价对应，保留班级差异。不要把「学习阶段、语言背景与课堂任务」中不同条件直接合并。","课堂目标、活动记录与学习过程材料的来源与比较条件记录，注明「国际中文教材」的来源、课题版本、已查项与未决项。","https://cter.bnu.edu.cn/docs/2024-05/e0d9749ec02e425eb45aa96fefdadc2a.pdf"
"chinese-education-4","chinese-education","汉字学习","学习阶段、语言背景与课堂任务","learning","汉字学习：参与更积极，为什么不等于目标知识掌握更好？","汉字学习：新的反馈设计能否改善撤去辅助后的迁移，而不只提高即时答题？","课堂目标、活动记录与学习过程材料","本方向具体检查：让任务、教学目标与评价对应，保留班级差异。不要把「学习阶段、语言背景与课堂任务」中不同条件直接合并。","目标、任务、辅助条件与延迟表现表，注明「汉字学习」的来源、课题版本、已查项与未决项。","https://cter.bnu.edu.cn/docs/2024-05/e0d9749ec02e425eb45aa96fefdadc2a.pdf"
"chinese-education-5","chinese-education","中文语音教学","学习阶段、语言背景与课堂任务","learning","中文语音教学：一个教学目标怎样转成能检验掌握的任务？","中文语音教学：智能助教的提示设计能否改善延迟迁移而非只提高即时答题？","学习目标、任务作品与课堂实施记录","本方向具体检查：对齐学习目标和评价任务，区分实施变化与工具作用。不要把「学习阶段、语言背景与课堂任务」中不同条件直接合并。","目标、任务、辅助条件与延迟表现表，注明「中文语音教学」的来源、课题版本、已查项与未决项。","https://cter.bnu.edu.cn/docs/2024-05/e0d9749ec02e425eb45aa96fefdadc2a.pdf"
"chinese-education-6","chinese-education","课堂互动","学习阶段、语言背景与课堂任务","evidence-education","课堂互动：一个教学目标怎样转成能检验掌握的任务？","课堂互动：智能助教的提示设计能否改善延迟迁移而非只提高即时答题？","学习目标、任务作品与课堂实施记录","本方向具体检查：对齐学习目标和评价任务，区分实施变化与工具作用。不要把「学习阶段、语言背景与课堂任务」中不同条件直接合并。","学习目标、任务作品与课堂实施记录的来源与比较条件记录，注明「课堂互动」的来源、课题版本、已查项与未决项。","https://cter.bnu.edu.cn/docs/2024-05/e0d9749ec02e425eb45aa96fefdadc2a.pdf"
"chinese-education-7","chinese-education","中文学习评价","学习阶段、语言背景与课堂任务","learning","中文学习评价：参与更积极，为什么不等于目标知识掌握更好？","中文学习评价：新的反馈设计能否改善撤去辅助后的迁移，而不只提高即时答题？","课堂目标、活动记录与学习过程材料","本方向具体检查：让任务、教学目标与评价对应，保留班级差异。不要把「学习阶段、语言背景与课堂任务」中不同条件直接合并。","目标、任务、辅助条件与延迟表现表，注明「中文学习评价」的来源、课题版本、已查项与未决项。","https://cter.bnu.edu.cn/docs/2024-05/e0d9749ec02e425eb45aa96fefdadc2a.pdf"
"chinese-education-8","chinese-education","跨文化教学","学习阶段、语言背景与课堂任务","learning","跨文化教学：一个教学目标怎样转成能检验掌握的任务？","跨文化教学：智能助教的提示设计能否改善延迟迁移而非只提高即时答题？","学习目标、任务作品与课堂实施记录","本方向具体检查：对齐学习目标和评价任务，区分实施变化与工具作用。不要把「学习阶段、语言背景与课堂任务」中不同条件直接合并。","目标、任务、辅助条件与延迟表现表，注明「跨文化教学」的来源、课题版本、已查项与未决项。","https://cter.bnu.edu.cn/docs/2024-05/e0d9749ec02e425eb45aa96fefdadc2a.pdf"
"chinese-education-9","chinese-education","中文教师发展","学习阶段、语言背景与课堂任务","evidence-education","中文教师发展：参与更积极，为什么不等于目标知识掌握更好？","中文教师发展：智能助教怎样支持撤去辅助后的独立学习与延迟迁移？","课堂目标、活动记录与学习过程材料","本方向具体检查：让任务、教学目标与评价对应，保留班级差异。不要把「学习阶段、语言背景与课堂任务」中不同条件直接合并。","课堂目标、活动记录与学习过程材料的来源与比较条件记录，注明「中文教师发展」的来源、课题版本、已查项与未决项。","https://cter.bnu.edu.cn/docs/2024-05/e0d9749ec02e425eb45aa96fefdadc2a.pdf"
"chinese-education-10","chinese-education","在线中文教育","学习阶段、语言背景与课堂任务","learning","在线中文教育：参与更积极，为什么不等于目标知识掌握更好？","在线中文教育：新的反馈设计能否改善撤去辅助后的迁移，而不只提高即时答题？","课堂目标、活动记录与学习过程材料","本方向具体检查：让任务、教学目标与评价对应，保留班级差异。不要把「学习阶段、语言背景与课堂任务」中不同条件直接合并。","目标、任务、辅助条件与延迟表现表，注明「在线中文教育」的来源、课题版本、已查项与未决项。","https://cter.bnu.edu.cn/docs/2024-05/e0d9749ec02e425eb45aa96fefdadc2a.pdf"
"chinese-education-11","chinese-education","学习者语料","学习阶段、语言背景与课堂任务","learning","学习者语料：参与更积极，为什么不等于目标知识掌握更好？","学习者语料：新的反馈设计能否改善撤去辅助后的迁移，而不只提高即时答题？","课堂目标、活动记录与学习过程材料","本方向具体检查：让任务、教学目标与评价对应，保留班级差异。不要把「学习阶段、语言背景与课堂任务」中不同条件直接合并。","目标、任务、辅助条件与延迟表现表，注明「学习者语料」的来源、课题版本、已查项与未决项。","https://cter.bnu.edu.cn/docs/2024-05/e0d9749ec02e425eb45aa96fefdadc2a.pdf"
"chinese-education-12","chinese-education","国际中文教育史","学习阶段、语言背景与课堂任务","learning","国际中文教育史：参与更积极，为什么不等于目标知识掌握更好？","国际中文教育史：新的反馈设计能否改善撤去辅助后的迁移，而不只提高即时答题？","课堂目标、活动记录与学习过程材料","本方向具体检查：让任务、教学目标与评价对应，保留班级差异。不要把「学习阶段、语言背景与课堂任务」中不同条件直接合并。","目标、任务、辅助条件与延迟表现表，注明「国际中文教育史」的来源、课题版本、已查项与未决项。","https://cter.bnu.edu.cn/docs/2024-05/e0d9749ec02e425eb45aa96fefdadc2a.pdf"
"publishing-studies-1","publishing-studies","出版史","文本版本、编辑过程与传播授权","subject-media","出版史：是内容变了，还是推荐入口改变了谁能看见？","出版史：合成内容标识怎样影响信任和传播路径？","发布记录、推荐入口与受众接触路径","区分曝光、接触、理解与态度变化","发布记录、推荐入口与受众接触路径的比较与解释记录","https://chinese.pku.edu.cn/yxgk/bxjj/index.htm"
"publishing-studies-2","publishing-studies","编辑学","文本版本、编辑过程与传播授权","subject-media","编辑学：是内容变了，还是推荐入口改变了谁能看见？","编辑学：合成内容标识怎样影响信任和传播路径？","发布记录、推荐入口与受众接触路径","区分曝光、接触、理解与态度变化","发布记录、推荐入口与受众接触路径的比较与解释记录","https://chinese.pku.edu.cn/yxgk/bxjj/index.htm"
"publishing-studies-3","publishing-studies","学术出版","文本版本、编辑过程与传播授权","subject-media","学术出版：是内容变了，还是推荐入口改变了谁能看见？","学术出版：合成内容标识怎样影响信任和传播路径？","发布记录、推荐入口与受众接触路径","区分曝光、接触、理解与态度变化","发布记录、推荐入口与受众接触路径的比较与解释记录","https://chinese.pku.edu.cn/yxgk/bxjj/index.htm"
"publishing-studies-4","publishing-studies","数字出版","文本版本、编辑过程与传播授权","subject-media","数字出版：是内容变了，还是推荐入口改变了谁能看见？","数字出版：合成内容标识怎样影响信任和传播路径？","发布记录、推荐入口与受众接触路径","区分曝光、接触、理解与态度变化","发布记录、推荐入口与受众接触路径的比较与解释记录","https://chinese.pku.edu.cn/yxgk/bxjj/index.htm"
"publishing-studies-5","publishing-studies","出版版权","文本版本、编辑过程与传播授权","subject-media","出版版权：是内容变了，还是推荐入口改变了谁能看见？","出版版权：合成内容标识怎样影响信任和传播路径？","发布记录、推荐入口与受众接触路径","区分曝光、接触、理解与态度变化","发布记录、推荐入口与受众接触路径的比较与解释记录","https://chinese.pku.edu.cn/yxgk/bxjj/index.htm"
"publishing-studies-6","publishing-studies","出版经营资料","文本版本、编辑过程与传播授权","subject-media","出版经营资料：是内容变了，还是推荐入口改变了谁能看见？","出版经营资料：合成内容标识怎样影响信任和传播路径？","发布记录、推荐入口与受众接触路径","区分曝光、接触、理解与态度变化","发布记录、推荐入口与受众接触路径的比较与解释记录","https://chinese.pku.edu.cn/yxgk/bxjj/index.htm"
"publishing-studies-7","publishing-studies","读者研究","文本版本、编辑过程与传播授权","subject-media","读者研究：是内容变了，还是推荐入口改变了谁能看见？","读者研究：合成内容标识怎样影响信任和传播路径？","发布记录、推荐入口与受众接触路径","区分曝光、接触、理解与态度变化","发布记录、推荐入口与受众接触路径的比较与解释记录","https://chinese.pku.edu.cn/yxgk/bxjj/index.htm"
"publishing-studies-8","publishing-studies","出版伦理","文本版本、编辑过程与传播授权","subject-media","出版伦理：是内容变了，还是推荐入口改变了谁能看见？","出版伦理：合成内容标识怎样影响信任和传播路径？","发布记录、推荐入口与受众接触路径","区分曝光、接触、理解与态度变化","发布记录、推荐入口与受众接触路径的比较与解释记录","https://chinese.pku.edu.cn/yxgk/bxjj/index.htm"
"publishing-studies-9","publishing-studies","图书设计研究","文本版本、编辑过程与传播授权","subject-media","图书设计研究：是内容变了，还是推荐入口改变了谁能看见？","图书设计研究：合成内容标识怎样影响信任和传播路径？","发布记录、推荐入口与受众接触路径","区分曝光、接触、理解与态度变化","发布记录、推荐入口与受众接触路径的比较与解释记录","https://chinese.pku.edu.cn/yxgk/bxjj/index.htm"
"publishing-studies-10","publishing-studies","出版技术评价","文本版本、编辑过程与传播授权","subject-media","出版技术评价：是内容变了，还是推荐入口改变了谁能看见？","出版技术评价：合成内容标识怎样影响信任和传播路径？","发布记录、推荐入口与受众接触路径","区分曝光、接触、理解与态度变化","发布记录、推荐入口与受众接触路径的比较与解释记录","https://chinese.pku.edu.cn/yxgk/bxjj/index.htm"
"publishing-studies-11","publishing-studies","出版教育","文本版本、编辑过程与传播授权","subject-media","出版教育：是内容变了，还是推荐入口改变了谁能看见？","出版教育：合成内容标识怎样影响信任和传播路径？","发布记录、推荐入口与受众接触路径","区分曝光、接触、理解与态度变化","发布记录、推荐入口与受众接触路径的比较与解释记录","https://cter.bnu.edu.cn/docs/2024-05/e0d9749ec02e425eb45aa96fefdadc2a.pdf"
"publishing-studies-12","publishing-studies","出版公共服务","文本版本、编辑过程与传播授权","subject-media","出版公共服务：是内容变了，还是推荐入口改变了谁能看见？","出版公共服务：合成内容标识怎样影响信任和传播路径？","发布记录、推荐入口与受众接触路径","区分曝光、接触、理解与态度变化","发布记录、推荐入口与受众接触路径的比较与解释记录","https://chinese.pku.edu.cn/yxgk/bxjj/index.htm"
"museum-studies-1","museum-studies","博物馆学","藏品出处、展示语境与观众经验","subject-museum","博物馆学：展签里的哪一部分来自原物，哪一部分是复原？","博物馆学：数字复原怎样让观众看到不确定性与替代解释？","藏品来源、修复记录与展签版本","区分原物、后加修复与展示推测","藏品来源、修复记录与展签版本的比较与解释记录","https://archaeology.pku.edu.cn/szdw/jxky1/jys/kjkgjys.htm；https://www.cafa.edu.cn/sp/nljg/?j=151"
"museum-studies-2","museum-studies","藏品研究","藏品出处、展示语境与观众经验","evidence-heritage","藏品研究：保存一种文化实践，究竟是在保存什么？","藏品研究：数字再现与旅游传播怎样改变遗产的解释权？","对象来源、保存状态与展示解释","本方向具体检查：区分保存目标、展示叙事与使用者理解。不要把「藏品出处、展示语境与观众经验」中不同条件直接合并。","对象来源、保存状态与展示解释的来源与比较条件记录，注明「藏品研究」的来源、课题版本、已查项与未决项。","https://archaeology.pku.edu.cn/szdw/jxky1/jys/kjkgjys.htm；https://www.cafa.edu.cn/sp/nljg/?j=151"
"museum-studies-3","museum-studies","展览策划","藏品出处、展示语境与观众经验","evidence-heritage","展览策划：保存一种文化实践，究竟是在保存什么？","展览策划：数字再现与旅游传播怎样改变遗产的解释权？","对象来源、保存状态与展示解释","本方向具体检查：区分保存目标、展示叙事与使用者理解。不要把「藏品出处、展示语境与观众经验」中不同条件直接合并。","对象来源、保存状态与展示解释的来源与比较条件记录，注明「展览策划」的来源、课题版本、已查项与未决项。","https://archaeology.pku.edu.cn/szdw/jxky1/jys/kjkgjys.htm；https://www.cafa.edu.cn/sp/nljg/?j=151"
"museum-studies-4","museum-studies","博物馆教育","藏品出处、展示语境与观众经验","subject-museum","博物馆教育：展签里的哪一部分来自原物，哪一部分是复原？","博物馆教育：数字复原怎样让观众看到不确定性与替代解释？","藏品来源、修复记录与展签版本","区分原物、后加修复与展示推测","藏品来源、修复记录与展签版本的比较与解释记录","https://archaeology.pku.edu.cn/szdw/jxky1/jys/kjkgjys.htm；https://www.cafa.edu.cn/sp/nljg/?j=151"
"museum-studies-5","museum-studies","藏品文献","藏品出处、展示语境与观众经验","text","藏品文献：保存一种文化实践，究竟是在保存什么？","藏品文献：数字整理或跨材料比较能否保留版本差异、出处与互相矛盾的解释？","对象来源、保存状态与展示解释","本方向具体检查：区分保存目标、展示叙事与使用者理解。不要把「藏品出处、展示语境与观众经验」中不同条件直接合并。","原件、整理本、转述与解释索引，注明「藏品文献」的来源、课题版本、已查项与未决项。","https://archaeology.pku.edu.cn/szdw/jxky1/jys/kjkgjys.htm；https://www.cafa.edu.cn/sp/nljg/?j=151"
"museum-studies-6","museum-studies","博物馆史","藏品出处、展示语境与观众经验","subject-museum","博物馆史：展签里的哪一部分来自原物，哪一部分是复原？","博物馆史：数字复原怎样让观众看到不确定性与替代解释？","藏品来源、修复记录与展签版本","区分原物、后加修复与展示推测","藏品来源、修复记录与展签版本的比较与解释记录","https://archaeology.pku.edu.cn/szdw/jxky1/jys/kjkgjys.htm；https://www.cafa.edu.cn/sp/nljg/?j=151"
"museum-studies-7","museum-studies","数字博物馆","藏品出处、展示语境与观众经验","subject-museum","数字博物馆：展签里的哪一部分来自原物，哪一部分是复原？","数字博物馆：数字复原怎样让观众看到不确定性与替代解释？","藏品来源、修复记录与展签版本","区分原物、后加修复与展示推测","藏品来源、修复记录与展签版本的比较与解释记录","https://archaeology.pku.edu.cn/szdw/jxky1/jys/kjkgjys.htm；https://www.cafa.edu.cn/sp/nljg/?j=151"
"museum-studies-8","museum-studies","观众研究","藏品出处、展示语境与观众经验","evidence-heritage","观众研究：保存一种文化实践，究竟是在保存什么？","观众研究：数字再现与旅游传播怎样改变遗产的解释权？","对象来源、保存状态与展示解释","本方向具体检查：区分保存目标、展示叙事与使用者理解。不要把「藏品出处、展示语境与观众经验」中不同条件直接合并。","对象来源、保存状态与展示解释的来源与比较条件记录，注明「观众研究」的来源、课题版本、已查项与未决项。","https://archaeology.pku.edu.cn/szdw/jxky1/jys/kjkgjys.htm；https://www.cafa.edu.cn/sp/nljg/?j=151"
"museum-studies-9","museum-studies","社区博物馆","藏品出处、展示语境与观众经验","subject-museum","社区博物馆：展签里的哪一部分来自原物，哪一部分是复原？","社区博物馆：数字复原怎样让观众看到不确定性与替代解释？","藏品来源、修复记录与展签版本","区分原物、后加修复与展示推测","藏品来源、修复记录与展签版本的比较与解释记录","https://archaeology.pku.edu.cn/szdw/jxky1/jys/kjkgjys.htm；https://www.cafa.edu.cn/sp/nljg/?j=151"
"museum-studies-10","museum-studies","藏品来源研究","藏品出处、展示语境与观众经验","evidence-heritage","藏品来源研究：保存一种文化实践，究竟是在保存什么？","藏品来源研究：数字再现与旅游传播怎样改变遗产的解释权？","对象来源、保存状态与展示解释","本方向具体检查：区分保存目标、展示叙事与使用者理解。不要把「藏品出处、展示语境与观众经验」中不同条件直接合并。","对象来源、保存状态与展示解释的来源与比较条件记录，注明「藏品来源研究」的来源、课题版本、已查项与未决项。","https://archaeology.pku.edu.cn/szdw/jxky1/jys/kjkgjys.htm；https://www.cafa.edu.cn/sp/nljg/?j=151"
"museum-studies-11","museum-studies","展签写作","藏品出处、展示语境与观众经验","evidence-heritage","展签写作：保存一种文化实践，究竟是在保存什么？","展签写作：数字再现与旅游传播怎样改变遗产的解释权？","对象来源、保存状态与展示解释","本方向具体检查：区分保存目标、展示叙事与使用者理解。不要把「藏品出处、展示语境与观众经验」中不同条件直接合并。","对象来源、保存状态与展示解释的来源与比较条件记录，注明「展签写作」的来源、课题版本、已查项与未决项。","https://archaeology.pku.edu.cn/szdw/jxky1/jys/kjkgjys.htm；https://www.cafa.edu.cn/sp/nljg/?j=151"
"museum-studies-12","museum-studies","博物馆伦理","藏品出处、展示语境与观众经验","subject-museum","博物馆伦理：展签里的哪一部分来自原物，哪一部分是复原？","博物馆伦理：数字复原怎样让观众看到不确定性与替代解释？","藏品来源、修复记录与展签版本","区分原物、后加修复与展示推测","藏品来源、修复记录与展签版本的比较与解释记录","https://archaeology.pku.edu.cn/szdw/jxky1/jys/kjkgjys.htm；https://www.cafa.edu.cn/sp/nljg/?j=151"
"atmospheric-science-1","atmospheric-science","气象学","观测站点、时间尺度与模式条件","subject-weather","气象学：这份资料在起报时已经存在了吗？","气象学：概率预报怎样同时检验校准与极端事件表现？","预报起报时点、验证窗口与气候基准","分开短期预报技巧与长期气候解释","预报起报时点、验证窗口与气候基准的比较与解释记录","https://english.phy.pku.edu.cn/Research/Research_Areas.htm"
"atmospheric-science-2","atmospheric-science","大气物理","观测站点、时间尺度与模式条件","subject-weather","大气物理：这份资料在起报时已经存在了吗？","大气物理：概率预报怎样同时检验校准与极端事件表现？","预报起报时点、验证窗口与气候基准","分开短期预报技巧与长期气候解释","预报起报时点、验证窗口与气候基准的比较与解释记录","https://english.phy.pku.edu.cn/Research/Research_Areas.htm"
"atmospheric-science-3","atmospheric-science","大气化学","观测站点、时间尺度与模式条件","subject-weather","大气化学：这份资料在起报时已经存在了吗？","大气化学：概率预报怎样同时检验校准与极端事件表现？","预报起报时点、验证窗口与气候基准","分开短期预报技巧与长期气候解释","预报起报时点、验证窗口与气候基准的比较与解释记录","https://www.chem.pku.edu.cn/en/Research/ResearchTheme/index.htm"
"atmospheric-science-4","atmospheric-science","气候学","观测站点、时间尺度与模式条件","subject-weather","气候学：这份资料在起报时已经存在了吗？","气候学：概率预报怎样同时检验校准与极端事件表现？","预报起报时点、验证窗口与气候基准","分开短期预报技巧与长期气候解释","预报起报时点、验证窗口与气候基准的比较与解释记录","https://www.ues.pku.edu.cn/ztlm/zrdlyzrzyx/index.htm"
"atmospheric-science-5","atmospheric-science","天气观测","观测站点、时间尺度与模式条件","subject-weather","天气观测：这份资料在起报时已经存在了吗？","天气观测：概率预报怎样同时检验校准与极端事件表现？","预报起报时点、验证窗口与气候基准","分开短期预报技巧与长期气候解释","预报起报时点、验证窗口与气候基准的比较与解释记录","https://english.phy.pku.edu.cn/Research/Research_Areas.htm"
"atmospheric-science-6","atmospheric-science","气候变化资料","观测站点、时间尺度与模式条件","subject-weather","气候变化资料：这份资料在起报时已经存在了吗？","气候变化资料：概率预报怎样同时检验校准与极端事件表现？","预报起报时点、验证窗口与气候基准","分开短期预报技巧与长期气候解释","预报起报时点、验证窗口与气候基准的比较与解释记录","https://www.ues.pku.edu.cn/ztlm/zrdlyzrzyx/index.htm"
"atmospheric-science-7","atmospheric-science","大气遥感","观测站点、时间尺度与模式条件","subject-weather","大气遥感：这份资料在起报时已经存在了吗？","大气遥感：概率预报怎样同时检验校准与极端事件表现？","预报起报时点、验证窗口与气候基准","分开短期预报技巧与长期气候解释","预报起报时点、验证窗口与气候基准的比较与解释记录","https://www.ues.pku.edu.cn/ztlm/zrdlyzrzyx/index.htm"
"atmospheric-science-8","atmospheric-science","气象资料同化","观测站点、时间尺度与模式条件","subject-weather","气象资料同化：这份资料在起报时已经存在了吗？","气象资料同化：概率预报怎样同时检验校准与极端事件表现？","预报起报时点、验证窗口与气候基准","分开短期预报技巧与长期气候解释","预报起报时点、验证窗口与气候基准的比较与解释记录","https://english.phy.pku.edu.cn/Research/Research_Areas.htm"
"atmospheric-science-9","atmospheric-science","气象模式评价","观测站点、时间尺度与模式条件","subject-weather","气象模式评价：这份资料在起报时已经存在了吗？","气象模式评价：概率预报怎样同时检验校准与极端事件表现？","预报起报时点、验证窗口与气候基准","分开短期预报技巧与长期气候解释","预报起报时点、验证窗口与气候基准的比较与解释记录","https://www.cs.tsinghua.edu.cn/kxyj/kyfx.htm"
"atmospheric-science-10","atmospheric-science","城市气候","观测站点、时间尺度与模式条件","subject-weather","城市气候：这份资料在起报时已经存在了吗？","城市气候：概率预报怎样同时检验校准与极端事件表现？","预报起报时点、验证窗口与气候基准","分开短期预报技巧与长期气候解释","预报起报时点、验证窗口与气候基准的比较与解释记录","https://www.ues.pku.edu.cn/ztlm/zrdlyzrzyx/index.htm"
"atmospheric-science-11","atmospheric-science","农业气象","观测站点、时间尺度与模式条件","subject-weather","农业气象：这份资料在起报时已经存在了吗？","农业气象：概率预报怎样同时检验校准与极端事件表现？","预报起报时点、验证窗口与气候基准","分开短期预报技巧与长期气候解释","预报起报时点、验证窗口与气候基准的比较与解释记录","https://english.phy.pku.edu.cn/Research/Research_Areas.htm"
"atmospheric-science-12","atmospheric-science","气象服务评价","观测站点、时间尺度与模式条件","subject-weather","气象服务评价：这份资料在起报时已经存在了吗？","气象服务评价：概率预报怎样同时检验校准与极端事件表现？","预报起报时点、验证窗口与气候基准","分开短期预报技巧与长期气候解释","预报起报时点、验证窗口与气候基准的比较与解释记录","https://english.phy.pku.edu.cn/Research/Research_Areas.htm"
"geology-studies-1","geology-studies","矿物学","层位、样品出处与形成过程","evidence-ecology","矿物学：一个采样点的变化，何时能帮助解释更大区域？","矿物学：气候与生态多来源资料如何刻画极端事件后的恢复？","采样位置、时间窗口与环境背景记录","本方向具体检查：画出实际覆盖范围，保留天气与缺测时段。不要把「层位、样品出处与形成过程」中不同条件直接合并。","采样位置、时间窗口与环境背景记录的来源与比较条件记录，注明「矿物学」的来源、课题版本、已查项与未决项。","https://www.ues.pku.edu.cn/ztlm/zrdlyzrzyx/index.htm"
"geology-studies-2","geology-studies","岩石学","层位、样品出处与形成过程","evidence-ecology","岩石学：一个采样点的变化，何时能帮助解释更大区域？","岩石学：气候与生态多来源资料如何刻画极端事件后的恢复？","采样位置、时间窗口与环境背景记录","本方向具体检查：画出实际覆盖范围，保留天气与缺测时段。不要把「层位、样品出处与形成过程」中不同条件直接合并。","采样位置、时间窗口与环境背景记录的来源与比较条件记录，注明「岩石学」的来源、课题版本、已查项与未决项。","https://www.ues.pku.edu.cn/ztlm/zrdlyzrzyx/index.htm"
"geology-studies-3","geology-studies","矿床学","层位、样品出处与形成过程","evidence-ecology","矿床学：一个采样点的变化，何时能帮助解释更大区域？","矿床学：气候与生态多来源资料如何刻画极端事件后的恢复？","采样位置、时间窗口与环境背景记录","本方向具体检查：画出实际覆盖范围，保留天气与缺测时段。不要把「层位、样品出处与形成过程」中不同条件直接合并。","采样位置、时间窗口与环境背景记录的来源与比较条件记录，注明「矿床学」的来源、课题版本、已查项与未决项。","https://www.ues.pku.edu.cn/ztlm/zrdlyzrzyx/index.htm"
"geology-studies-4","geology-studies","地球化学","层位、样品出处与形成过程","chemistry","地球化学：表征显示结构不同，怎样判断它与性质变化有关？","地球化学：新的结构或过程能否兼顾性能、稳定性与全流程资源评价？","材料批次、表征条件与使用环境记录","本方向具体检查：比较结构描述、测量设置和状态变化。不要把「层位、样品出处与形成过程」中不同条件直接合并。","组成、工况与系统边界对照页，注明「地球化学」的来源、课题版本、已查项与未决项。","https://www.chem.pku.edu.cn/en/Research/ResearchTheme/index.htm"
"geology-studies-5","geology-studies","构造地质学","层位、样品出处与形成过程","geoscience","构造地质学：一个采样点的变化，何时能帮助解释更大区域？","构造地质学：多源观测能否跨尺度保留校准，并在极端或新时期接受外部检查？","采样位置、时间窗口与环境背景记录","本方向具体检查：画出实际覆盖范围，保留天气与缺测时段。不要把「层位、样品出处与形成过程」中不同条件直接合并。","空间尺度、观测窗口与缺测索引，注明「构造地质学」的来源、课题版本、已查项与未决项。","https://www.ues.pku.edu.cn/ztlm/zrdlyzrzyx/index.htm"
"geology-studies-6","geology-studies","古生物学","层位、样品出处与形成过程","evidence-biomedical","古生物学：分子或细胞层面的差异，怎样连接到具体生物学解释？","古生物学：跨模态图谱与基础模型能否在未见对象中提出可验证解释？","样本来源、批次索引与注释版本","本方向具体检查：区分生物对象与重复测量，核对批次构成。不要把「层位、样品出处与形成过程」中不同条件直接合并。","样本来源、批次索引与注释版本的来源与比较条件记录，注明「古生物学」的来源、课题版本、已查项与未决项。","https://www.nhlbi.nih.gov/health-topics/study-quality-assessment-tools；https://openstax.org/books/anatomy-and-physiology-2e/pages/preface"
"geology-studies-7","geology-studies","地层学","层位、样品出处与形成过程","geoscience","地层学：一个采样点的变化，何时能帮助解释更大区域？","地层学：多源观测能否跨尺度保留校准，并在极端或新时期接受外部检查？","采样位置、时间窗口与环境背景记录","本方向具体检查：画出实际覆盖范围，保留天气与缺测时段。不要把「层位、样品出处与形成过程」中不同条件直接合并。","空间尺度、观测窗口与缺测索引，注明「地层学」的来源、课题版本、已查项与未决项。","https://www.ues.pku.edu.cn/ztlm/zrdlyzrzyx/index.htm"
"geology-studies-8","geology-studies","第四纪地质","层位、样品出处与形成过程","geoscience","第四纪地质：一个采样点的变化，何时能帮助解释更大区域？","第四纪地质：多源观测能否跨尺度保留校准，并在极端或新时期接受外部检查？","采样位置、时间窗口与环境背景记录","本方向具体检查：画出实际覆盖范围，保留天气与缺测时段。不要把「层位、样品出处与形成过程」中不同条件直接合并。","空间尺度、观测窗口与缺测索引，注明「第四纪地质」的来源、课题版本、已查项与未决项。","https://www.ues.pku.edu.cn/ztlm/zrdlyzrzyx/index.htm"
"geology-studies-9","geology-studies","水文地质","层位、样品出处与形成过程","geoscience","水文地质：局部水土记录怎样与流域和季节过程连接？","水文地质：多源观测如何解释干旱与恢复过程中的尺度差异？","采样位置、时间窗口与环境背景记录","本方向具体检查：画出实际覆盖范围，保留天气与缺测时段。不要把「层位、样品出处与形成过程」中不同条件直接合并。","空间尺度、观测窗口与缺测索引，注明「水文地质」的来源、课题版本、已查项与未决项。","https://www.ues.pku.edu.cn/ztlm/zrdlyzrzyx/index.htm"
"geology-studies-10","geology-studies","工程地质资料","层位、样品出处与形成过程","geoscience","工程地质资料：一个采样点的变化，何时能帮助解释更大区域？","工程地质资料：多源观测能否跨尺度保留校准，并在极端或新时期接受外部检查？","采样位置、时间窗口与环境背景记录","本方向具体检查：画出实际覆盖范围，保留天气与缺测时段。不要把「层位、样品出处与形成过程」中不同条件直接合并。","空间尺度、观测窗口与缺测索引，注明「工程地质资料」的来源、课题版本、已查项与未决项。","https://www.ues.pku.edu.cn/ztlm/zrdlyzrzyx/index.htm"
"geology-studies-11","geology-studies","地质年代资料","层位、样品出处与形成过程","geoscience","地质年代资料：一个采样点的变化，何时能帮助解释更大区域？","地质年代资料：多源观测能否跨尺度保留校准，并在极端或新时期接受外部检查？","采样位置、时间窗口与环境背景记录","本方向具体检查：画出实际覆盖范围，保留天气与缺测时段。不要把「层位、样品出处与形成过程」中不同条件直接合并。","空间尺度、观测窗口与缺测索引，注明「地质年代资料」的来源、课题版本、已查项与未决项。","https://www.ues.pku.edu.cn/ztlm/zrdlyzrzyx/index.htm"
"geology-studies-12","geology-studies","地质调查史","层位、样品出处与形成过程","geoscience","地质调查史：一个采样点的变化，何时能帮助解释更大区域？","地质调查史：多源观测能否跨尺度保留校准，并在极端或新时期接受外部检查？","采样位置、时间窗口与环境背景记录","本方向具体检查：画出实际覆盖范围，保留天气与缺测时段。不要把「层位、样品出处与形成过程」中不同条件直接合并。","空间尺度、观测窗口与缺测索引，注明「地质调查史」的来源、课题版本、已查项与未决项。","https://www.ues.pku.edu.cn/ztlm/zrdlyzrzyx/index.htm"
"system-science-1","system-science","系统理论","系统边界、层次与动态假设","evidence-software","系统理论：程序通过测试，为什么不等于所有输入都正确？","系统理论：生成式开发怎样与形式化核验和长期维护相互配合？","运行版本、依赖清单与故障日志","本方向具体检查：在同一条件下复查，区分环境与功能变化。不要把「系统边界、层次与动态假设」中不同条件直接合并。","运行版本、依赖清单与故障日志的来源与比较条件记录，注明「系统理论」的来源、课题版本、已查项与未决项。","https://www.cs.tsinghua.edu.cn/jgsz/yjssys/jsjkxyjsxrjyjs.htm"
"system-science-2","system-science","系统分析","系统边界、层次与动态假设","evidence-math","系统分析：一个结论依赖哪些假设，去掉其中一条会怎样？","系统分析：自动形式化与证明搜索怎样帮助发现并核对新的论证？","定义、引理依赖与边界例子","本方向具体检查：逐步标出用到的条件，再检验退化情形。不要把「系统边界、层次与动态假设」中不同条件直接合并。","定义、引理依赖与边界例子的来源与比较条件记录，注明「系统分析」的来源、课题版本、已查项与未决项。","https://www.ocw.mit.edu/courses/18-100c-real-analysis-fall-2012/"
"system-science-3","system-science","复杂系统","系统边界、层次与动态假设","evidence-software","复杂系统：程序通过测试，为什么不等于所有输入都正确？","复杂系统：生成式开发怎样与形式化核验和长期维护相互配合？","运行版本、依赖清单与故障日志","本方向具体检查：在同一条件下复查，区分环境与功能变化。不要把「系统边界、层次与动态假设」中不同条件直接合并。","运行版本、依赖清单与故障日志的来源与比较条件记录，注明「复杂系统」的来源、课题版本、已查项与未决项。","https://www.cs.tsinghua.edu.cn/jgsz/yjssys/jsjkxyjsxrjyjs.htm"
"system-science-4","system-science","网络动力学","系统边界、层次与动态假设","subject-dynamics","网络动力学：你证明的是哪个初值集合上的哪一种稳定？","网络动力学：非线性系统怎样刻画吸引域与参数变化的联系？","相空间、初值集合与稳定性定义","区分单条轨道有界、局部稳定与全局吸引","相空间、初值集合与稳定性定义的比较与解释记录","https://www.cs.tsinghua.edu.cn/jgsz/yjssys/jsjkxyjsxrjyjs.htm"
"system-science-5","system-science","非线性系统","系统边界、层次与动态假设","evidence-software","非线性系统：程序通过测试，为什么不等于所有输入都正确？","非线性系统：生成式开发怎样与形式化核验和长期维护相互配合？","运行版本、依赖清单与故障日志","本方向具体检查：在同一条件下复查，区分环境与功能变化。不要把「系统边界、层次与动态假设」中不同条件直接合并。","运行版本、依赖清单与故障日志的来源与比较条件记录，注明「非线性系统」的来源、课题版本、已查项与未决项。","https://www.cs.tsinghua.edu.cn/jgsz/yjssys/jsjkxyjsxrjyjs.htm"
"system-science-6","system-science","系统演化","系统边界、层次与动态假设","evidence-software","系统演化：程序通过测试，为什么不等于所有输入都正确？","系统演化：生成式开发怎样与形式化核验和长期维护相互配合？","运行版本、依赖清单与故障日志","本方向具体检查：在同一条件下复查，区分环境与功能变化。不要把「系统边界、层次与动态假设」中不同条件直接合并。","运行版本、依赖清单与故障日志的来源与比较条件记录，注明「系统演化」的来源、课题版本、已查项与未决项。","https://www.cs.tsinghua.edu.cn/jgsz/yjssys/jsjkxyjsxrjyjs.htm"
"system-science-7","system-science","自组织理论","系统边界、层次与动态假设","evidence-software","自组织理论：程序通过测试，为什么不等于所有输入都正确？","自组织理论：生成式开发怎样与形式化核验和长期维护相互配合？","运行版本、依赖清单与故障日志","本方向具体检查：在同一条件下复查，区分环境与功能变化。不要把「系统边界、层次与动态假设」中不同条件直接合并。","运行版本、依赖清单与故障日志的来源与比较条件记录，注明「自组织理论」的来源、课题版本、已查项与未决项。","https://www.cs.tsinghua.edu.cn/jgsz/yjssys/jsjkxyjsxrjyjs.htm"
"system-science-8","system-science","系统建模","系统边界、层次与动态假设","evidence-software","系统建模：程序通过测试，为什么不等于所有输入都正确？","系统建模：生成式开发怎样与形式化核验和长期维护相互配合？","运行版本、依赖清单与故障日志","本方向具体检查：在同一条件下复查，区分环境与功能变化。不要把「系统边界、层次与动态假设」中不同条件直接合并。","运行版本、依赖清单与故障日志的来源与比较条件记录，注明「系统建模」的来源、课题版本、已查项与未决项。","https://www.cs.tsinghua.edu.cn/jgsz/yjssys/jsjkxyjsxrjyjs.htm"
"system-science-9","system-science","系统决策资料","系统边界、层次与动态假设","evidence-software","系统决策资料：程序通过测试，为什么不等于所有输入都正确？","系统决策资料：生成式开发怎样与形式化核验和长期维护相互配合？","运行版本、依赖清单与故障日志","本方向具体检查：在同一条件下复查，区分环境与功能变化。不要把「系统边界、层次与动态假设」中不同条件直接合并。","运行版本、依赖清单与故障日志的来源与比较条件记录，注明「系统决策资料」的来源、课题版本、已查项与未决项。","https://www.cs.tsinghua.edu.cn/jgsz/yjssys/jsjkxyjsxrjyjs.htm"
"system-science-10","system-science","多尺度系统","系统边界、层次与动态假设","evidence-software","多尺度系统：程序通过测试，为什么不等于所有输入都正确？","多尺度系统：生成式开发怎样与形式化核验和长期维护相互配合？","运行版本、依赖清单与故障日志","本方向具体检查：在同一条件下复查，区分环境与功能变化。不要把「系统边界、层次与动态假设」中不同条件直接合并。","运行版本、依赖清单与故障日志的来源与比较条件记录，注明「多尺度系统」的来源、课题版本、已查项与未决项。","https://www.cs.tsinghua.edu.cn/jgsz/yjssys/jsjkxyjsxrjyjs.htm"
"system-science-11","system-science","系统仿真评价","系统边界、层次与动态假设","numerics","系统仿真评价：程序通过测试，为什么不等于所有输入都正确？","系统仿真评价：自适应近似能否在改变分辨率后保留误差判断？","运行版本、依赖清单与故障日志","本方向具体检查：在同一条件下复查，区分环境与功能变化。不要把「系统边界、层次与动态假设」中不同条件直接合并。","误差来源与参照解对照页，注明「系统仿真评价」的来源、课题版本、已查项与未决项。","https://www.cs.tsinghua.edu.cn/jgsz/yjssys/jsjkxyjsxrjyjs.htm"
"system-science-12","system-science","系统科学史","系统边界、层次与动态假设","evidence-software","系统科学史：程序通过测试，为什么不等于所有输入都正确？","系统科学史：生成式开发怎样与形式化核验和长期维护相互配合？","运行版本、依赖清单与故障日志","本方向具体检查：在同一条件下复查，区分环境与功能变化。不要把「系统边界、层次与动态假设」中不同条件直接合并。","运行版本、依赖清单与故障日志的来源与比较条件记录，注明「系统科学史」的来源、课题版本、已查项与未决项。","https://www.cs.tsinghua.edu.cn/jgsz/yjssys/jsjkxyjsxrjyjs.htm"
"science-history-1","science-history","数学史","技术语境、同期资料与后见解释","subject-archives","数学史：行动者当时有可能知道这段材料里的结果吗？","数学史：数字档案如何保留删节、缺卷和来源层次？","档案原件、成文日期与编纂版本","区分事件发生、材料写成与后来编辑的时间","档案原件、成文日期与编纂版本的比较与解释记录","https://history.pku.edu.cn/bxgk/xkjj/index.htm"
"science-history-2","science-history","物理学史","技术语境、同期资料与后见解释","subject-archives","物理学史：行动者当时有可能知道这段材料里的结果吗？","物理学史：数字档案如何保留删节、缺卷和来源层次？","档案原件、成文日期与编纂版本","区分事件发生、材料写成与后来编辑的时间","档案原件、成文日期与编纂版本的比较与解释记录","https://history.pku.edu.cn/bxgk/xkjj/index.htm"
"science-history-3","science-history","化学史","技术语境、同期资料与后见解释","subject-archives","化学史：行动者当时有可能知道这段材料里的结果吗？","化学史：数字档案如何保留删节、缺卷和来源层次？","档案原件、成文日期与编纂版本","区分事件发生、材料写成与后来编辑的时间","档案原件、成文日期与编纂版本的比较与解释记录","https://history.pku.edu.cn/bxgk/xkjj/index.htm"
"science-history-4","science-history","生物学史","技术语境、同期资料与后见解释","subject-archives","生物学史：行动者当时有可能知道这段材料里的结果吗？","生物学史：数字档案如何保留删节、缺卷和来源层次？","档案原件、成文日期与编纂版本","区分事件发生、材料写成与后来编辑的时间","档案原件、成文日期与编纂版本的比较与解释记录","https://history.pku.edu.cn/bxgk/xkjj/index.htm"
"science-history-5","science-history","医学科技史","技术语境、同期资料与后见解释","subject-archives","医学科技史：行动者当时有可能知道这段材料里的结果吗？","医学科技史：数字档案如何保留删节、缺卷和来源层次？","档案原件、成文日期与编纂版本","区分事件发生、材料写成与后来编辑的时间","档案原件、成文日期与编纂版本的比较与解释记录","https://history.pku.edu.cn/bxgk/xkjj/index.htm"
"science-history-6","science-history","农学科技史","技术语境、同期资料与后见解释","subject-archives","农学科技史：行动者当时有可能知道这段材料里的结果吗？","农学科技史：数字档案如何保留删节、缺卷和来源层次？","档案原件、成文日期与编纂版本","区分事件发生、材料写成与后来编辑的时间","档案原件、成文日期与编纂版本的比较与解释记录","https://history.pku.edu.cn/bxgk/xkjj/index.htm"
"science-history-7","science-history","工程技术史","技术语境、同期资料与后见解释","subject-archives","工程技术史：行动者当时有可能知道这段材料里的结果吗？","工程技术史：数字档案如何保留删节、缺卷和来源层次？","档案原件、成文日期与编纂版本","区分事件发生、材料写成与后来编辑的时间","档案原件、成文日期与编纂版本的比较与解释记录","https://history.pku.edu.cn/bxgk/xkjj/index.htm"
"science-history-8","science-history","科学仪器史","技术语境、同期资料与后见解释","subject-archives","科学仪器史：行动者当时有可能知道这段材料里的结果吗？","科学仪器史：数字档案如何保留删节、缺卷和来源层次？","档案原件、成文日期与编纂版本","区分事件发生、材料写成与后来编辑的时间","档案原件、成文日期与编纂版本的比较与解释记录","https://history.pku.edu.cn/bxgk/xkjj/index.htm"
"science-history-9","science-history","科学制度史","技术语境、同期资料与后见解释","subject-archives","科学制度史：行动者当时有可能知道这段材料里的结果吗？","科学制度史：数字档案如何保留删节、缺卷和来源层次？","档案原件、成文日期与编纂版本","区分事件发生、材料写成与后来编辑的时间","档案原件、成文日期与编纂版本的比较与解释记录","https://history.pku.edu.cn/bxgk/xkjj/index.htm"
"science-history-10","science-history","科学知识传播史","技术语境、同期资料与后见解释","subject-archives","科学知识传播史：行动者当时有可能知道这段材料里的结果吗？","科学知识传播史：数字档案如何保留删节、缺卷和来源层次？","档案原件、成文日期与编纂版本","区分事件发生、材料写成与后来编辑的时间","档案原件、成文日期与编纂版本的比较与解释记录","https://history.pku.edu.cn/bxgk/xkjj/index.htm"
"science-history-11","science-history","技术档案","技术语境、同期资料与后见解释","subject-archives","技术档案：行动者当时有可能知道这段材料里的结果吗？","技术档案：数字档案如何保留删节、缺卷和来源层次？","档案原件、成文日期与编纂版本","区分事件发生、材料写成与后来编辑的时间","档案原件、成文日期与编纂版本的比较与解释记录","https://history.pku.edu.cn/bxgk/xkjj/index.htm"
"science-history-12","science-history","科技史口述","技术语境、同期资料与后见解释","subject-archives","科技史口述：行动者当时有可能知道这段材料里的结果吗？","科技史口述：数字档案如何保留删节、缺卷和来源层次？","档案原件、成文日期与编纂版本","区分事件发生、材料写成与后来编辑的时间","档案原件、成文日期与编纂版本的比较与解释记录","https://history.pku.edu.cn/bxgk/xkjj/index.htm"
"ecology-studies-1","ecology-studies","植物生态","样地、观测季节与尺度","subject-ecology","植物生态：少记录到一种生物，是少了还是更难被看到？","植物生态：长期监测怎样区分群落变化和探测过程变化？","样地边界、观测季节与物种可探测性","区分没观察到、真的缺席与观察机会不同","样地边界、观测季节与物种可探测性的比较与解释记录","https://www.ues.pku.edu.cn/ztlm/zrdlyzrzyx/index.htm"
"ecology-studies-2","ecology-studies","动物生态","样地、观测季节与尺度","subject-ecology","动物生态：少记录到一种生物，是少了还是更难被看到？","动物生态：长期监测怎样区分群落变化和探测过程变化？","样地边界、观测季节与物种可探测性","区分没观察到、真的缺席与观察机会不同","样地边界、观测季节与物种可探测性的比较与解释记录","https://www.ues.pku.edu.cn/ztlm/zrdlyzrzyx/index.htm"
"ecology-studies-3","ecology-studies","微生物生态资料","样地、观测季节与尺度","subject-ecology","微生物生态资料：少记录到一种生物，是少了还是更难被看到？","微生物生态资料：长期监测怎样区分群落变化和探测过程变化？","样地边界、观测季节与物种可探测性","区分没观察到、真的缺席与观察机会不同","样地边界、观测季节与物种可探测性的比较与解释记录","https://www.ues.pku.edu.cn/ztlm/zrdlyzrzyx/index.htm"
"ecology-studies-4","ecology-studies","群落生态","样地、观测季节与尺度","subject-ecology","群落生态：少记录到一种生物，是少了还是更难被看到？","群落生态：长期监测怎样区分群落变化和探测过程变化？","样地边界、观测季节与物种可探测性","区分没观察到、真的缺席与观察机会不同","样地边界、观测季节与物种可探测性的比较与解释记录","https://www.ues.pku.edu.cn/ztlm/zrdlyzrzyx/index.htm"
"ecology-studies-5","ecology-studies","生态系统生态","样地、观测季节与尺度","subject-ecology","生态系统生态：少记录到一种生物，是少了还是更难被看到？","生态系统生态：长期监测怎样区分群落变化和探测过程变化？","样地边界、观测季节与物种可探测性","区分没观察到、真的缺席与观察机会不同","样地边界、观测季节与物种可探测性的比较与解释记录","https://www.ues.pku.edu.cn/ztlm/zrdlyzrzyx/index.htm"
"ecology-studies-6","ecology-studies","景观生态","样地、观测季节与尺度","subject-ecology","景观生态：少记录到一种生物，是少了还是更难被看到？","景观生态：长期监测怎样区分群落变化和探测过程变化？","样地边界、观测季节与物种可探测性","区分没观察到、真的缺席与观察机会不同","样地边界、观测季节与物种可探测性的比较与解释记录","https://www.ues.pku.edu.cn/ztlm/zrdlyzrzyx/index.htm"
"ecology-studies-7","ecology-studies","生态模型","样地、观测季节与尺度","subject-ecology","生态模型：少记录到一种生物，是少了还是更难被看到？","生态模型：长期监测怎样区分群落变化和探测过程变化？","样地边界、观测季节与物种可探测性","区分没观察到、真的缺席与观察机会不同","样地边界、观测季节与物种可探测性的比较与解释记录","https://www.ues.pku.edu.cn/ztlm/zrdlyzrzyx/index.htm"
"ecology-studies-8","ecology-studies","城市生态","样地、观测季节与尺度","subject-ecology","城市生态：少记录到一种生物，是少了还是更难被看到？","城市生态：长期监测怎样区分群落变化和探测过程变化？","样地边界、观测季节与物种可探测性","区分没观察到、真的缺席与观察机会不同","样地边界、观测季节与物种可探测性的比较与解释记录","https://www.ues.pku.edu.cn/ztlm/zrdlyzrzyx/index.htm"
"ecology-studies-9","ecology-studies","保护生态","样地、观测季节与尺度","subject-ecology","保护生态：少记录到一种生物，是少了还是更难被看到？","保护生态：长期监测怎样区分群落变化和探测过程变化？","样地边界、观测季节与物种可探测性","区分没观察到、真的缺席与观察机会不同","样地边界、观测季节与物种可探测性的比较与解释记录","https://www.ues.pku.edu.cn/ztlm/zrdlyzrzyx/index.htm"
"ecology-studies-10","ecology-studies","恢复生态","样地、观测季节与尺度","subject-ecology","恢复生态：少记录到一种生物，是少了还是更难被看到？","恢复生态：长期监测怎样区分群落变化和探测过程变化？","样地边界、观测季节与物种可探测性","区分没观察到、真的缺席与观察机会不同","样地边界、观测季节与物种可探测性的比较与解释记录","https://www.ues.pku.edu.cn/ztlm/zrdlyzrzyx/index.htm"
"ecology-studies-11","ecology-studies","生态统计","样地、观测季节与尺度","subject-ecology","生态统计：少记录到一种生物，是少了还是更难被看到？","生态统计：长期监测怎样区分群落变化和探测过程变化？","样地边界、观测季节与物种可探测性","区分没观察到、真的缺席与观察机会不同","样地边界、观测季节与物种可探测性的比较与解释记录","https://www.ues.pku.edu.cn/ztlm/zrdlyzrzyx/index.htm"
"ecology-studies-12","ecology-studies","生态观测史","样地、观测季节与尺度","subject-ecology","生态观测史：少记录到一种生物，是少了还是更难被看到？","生态观测史：长期监测怎样区分群落变化和探测过程变化？","样地边界、观测季节与物种可探测性","区分没观察到、真的缺席与观察机会不同","样地边界、观测季节与物种可探测性的比较与解释记录","https://www.ues.pku.edu.cn/ztlm/zrdlyzrzyx/index.htm"
"instruments-engineering-1","instruments-engineering","精密仪器","量值来源、标定版本与误差预算","subject-circuits","精密仪器：这段响应来自器件还是测量链路？","精密仪器：跨尺度集成怎样评价噪声、功耗和长期漂移？","输入带宽、噪声谱与测量链路","区分器件响应、测量链路与信号处理","输入带宽、噪声谱与测量链路的比较与解释记录","https://www.cs.tsinghua.edu.cn/kxyj/kyfx.htm；https://english.phy.pku.edu.cn/Research/Research_Areas.htm"
"instruments-engineering-2","instruments-engineering","测试计量","量值来源、标定版本与误差预算","subject-circuits","测试计量：这段响应来自器件还是测量链路？","测试计量：跨尺度集成怎样评价噪声、功耗和长期漂移？","输入带宽、噪声谱与测量链路","区分器件响应、测量链路与信号处理","输入带宽、噪声谱与测量链路的比较与解释记录","https://www.cs.tsinghua.edu.cn/kxyj/kyfx.htm；https://english.phy.pku.edu.cn/Research/Research_Areas.htm"
"instruments-engineering-3","instruments-engineering","传感器评价","量值来源、标定版本与误差预算","subject-circuits","传感器评价：这段响应来自器件还是测量链路？","传感器评价：跨尺度集成怎样评价噪声、功耗和长期漂移？","输入带宽、噪声谱与测量链路","区分器件响应、测量链路与信号处理","输入带宽、噪声谱与测量链路的比较与解释记录","https://www.cs.tsinghua.edu.cn/kxyj/kyfx.htm；https://english.phy.pku.edu.cn/Research/Research_Areas.htm"
"instruments-engineering-4","instruments-engineering","仪器标定","量值来源、标定版本与误差预算","subject-circuits","仪器标定：这段响应来自器件还是测量链路？","仪器标定：跨尺度集成怎样评价噪声、功耗和长期漂移？","输入带宽、噪声谱与测量链路","区分器件响应、测量链路与信号处理","输入带宽、噪声谱与测量链路的比较与解释记录","https://www.cs.tsinghua.edu.cn/kxyj/kyfx.htm；https://english.phy.pku.edu.cn/Research/Research_Areas.htm"
"instruments-engineering-5","instruments-engineering","测量不确定性","量值来源、标定版本与误差预算","subject-circuits","测量不确定性：这段响应来自器件还是测量链路？","测量不确定性：跨尺度集成怎样评价噪声、功耗和长期漂移？","输入带宽、噪声谱与测量链路","区分器件响应、测量链路与信号处理","输入带宽、噪声谱与测量链路的比较与解释记录","https://www.cs.tsinghua.edu.cn/kxyj/kyfx.htm；https://english.phy.pku.edu.cn/Research/Research_Areas.htm"
"instruments-engineering-6","instruments-engineering","光电仪器","量值来源、标定版本与误差预算","subject-circuits","光电仪器：这段响应来自器件还是测量链路？","光电仪器：跨尺度集成怎样评价噪声、功耗和长期漂移？","输入带宽、噪声谱与测量链路","区分器件响应、测量链路与信号处理","输入带宽、噪声谱与测量链路的比较与解释记录","https://www.cs.tsinghua.edu.cn/kxyj/kyfx.htm；https://english.phy.pku.edu.cn/Research/Research_Areas.htm"
"instruments-engineering-7","instruments-engineering","智能仪器","量值来源、标定版本与误差预算","subject-circuits","智能仪器：这段响应来自器件还是测量链路？","智能仪器：跨尺度集成怎样评价噪声、功耗和长期漂移？","输入带宽、噪声谱与测量链路","区分器件响应、测量链路与信号处理","输入带宽、噪声谱与测量链路的比较与解释记录","https://www.cs.tsinghua.edu.cn/kxyj/kyfx.htm；https://english.phy.pku.edu.cn/Research/Research_Areas.htm"
"instruments-engineering-8","instruments-engineering","测量系统","量值来源、标定版本与误差预算","subject-circuits","测量系统：这段响应来自器件还是测量链路？","测量系统：跨尺度集成怎样评价噪声、功耗和长期漂移？","输入带宽、噪声谱与测量链路","区分器件响应、测量链路与信号处理","输入带宽、噪声谱与测量链路的比较与解释记录","https://www.cs.tsinghua.edu.cn/kxyj/kyfx.htm；https://english.phy.pku.edu.cn/Research/Research_Areas.htm"
"instruments-engineering-9","instruments-engineering","仪器可靠性","量值来源、标定版本与误差预算","subject-circuits","仪器可靠性：这段响应来自器件还是测量链路？","仪器可靠性：跨尺度集成怎样评价噪声、功耗和长期漂移？","输入带宽、噪声谱与测量链路","区分器件响应、测量链路与信号处理","输入带宽、噪声谱与测量链路的比较与解释记录","https://www.cs.tsinghua.edu.cn/kxyj/kyfx.htm；https://english.phy.pku.edu.cn/Research/Research_Areas.htm"
"instruments-engineering-10","instruments-engineering","信号调理评价","量值来源、标定版本与误差预算","subject-circuits","信号调理评价：这段响应来自器件还是测量链路？","信号调理评价：跨尺度集成怎样评价噪声、功耗和长期漂移？","输入带宽、噪声谱与测量链路","区分器件响应、测量链路与信号处理","输入带宽、噪声谱与测量链路的比较与解释记录","https://www.cs.tsinghua.edu.cn/kxyj/kyfx.htm；https://english.phy.pku.edu.cn/Research/Research_Areas.htm"
"instruments-engineering-11","instruments-engineering","仪器软件","量值来源、标定版本与误差预算","subject-circuits","仪器软件：这段响应来自器件还是测量链路？","仪器软件：跨尺度集成怎样评价噪声、功耗和长期漂移？","输入带宽、噪声谱与测量链路","区分器件响应、测量链路与信号处理","输入带宽、噪声谱与测量链路的比较与解释记录","https://www.cs.tsinghua.edu.cn/kxyj/kyfx.htm；https://english.phy.pku.edu.cn/Research/Research_Areas.htm"
"instruments-engineering-12","instruments-engineering","仪器史","量值来源、标定版本与误差预算","subject-circuits","仪器史：这段响应来自器件还是测量链路？","仪器史：跨尺度集成怎样评价噪声、功耗和长期漂移？","输入带宽、噪声谱与测量链路","区分器件响应、测量链路与信号处理","输入带宽、噪声谱与测量链路的比较与解释记录","https://www.cs.tsinghua.edu.cn/kxyj/kyfx.htm；https://english.phy.pku.edu.cn/Research/Research_Areas.htm"
"metallurgy-engineering-1","metallurgy-engineering","冶金物理化学","物料口径、工况与过程模型","chemistry","冶金物理化学：表征显示结构不同，怎样判断它与性质变化有关？","冶金物理化学：新的结构或过程能否兼顾性能、稳定性与全流程资源评价？","材料批次、表征条件与使用环境记录","本方向具体检查：比较结构描述、测量设置和状态变化。不要把「物料口径、工况与过程模型」中不同条件直接合并。","组成、工况与系统边界对照页，注明「冶金物理化学」的来源、课题版本、已查项与未决项。","https://www.chem.pku.edu.cn/en/Research/ResearchTheme/index.htm"
"metallurgy-engineering-2","metallurgy-engineering","钢铁冶金资料","物料口径、工况与过程模型","chemistry","钢铁冶金资料：台架成功为什么还不能覆盖所有工况？","钢铁冶金资料：新的结构或过程能否兼顾性能、稳定性与全流程资源评价？","工况、台架日志与接口版本","本方向具体检查：对照载荷范围、控制条件和实际接口。不要把「物料口径、工况与过程模型」中不同条件直接合并。","组成、工况与系统边界对照页，注明「钢铁冶金资料」的来源、课题版本、已查项与未决项。","https://ocw.mit.edu/courses/2-001-mechanics-materials-i-fall-2006/pages/syllabus/"
"metallurgy-engineering-3","metallurgy-engineering","有色冶金资料","物料口径、工况与过程模型","chemistry","有色冶金资料：台架成功为什么还不能覆盖所有工况？","有色冶金资料：新的结构或过程能否兼顾性能、稳定性与全流程资源评价？","工况、台架日志与接口版本","本方向具体检查：对照载荷范围、控制条件和实际接口。不要把「物料口径、工况与过程模型」中不同条件直接合并。","组成、工况与系统边界对照页，注明「有色冶金资料」的来源、课题版本、已查项与未决项。","https://ocw.mit.edu/courses/2-001-mechanics-materials-i-fall-2006/pages/syllabus/"
"metallurgy-engineering-4","metallurgy-engineering","冶金过程模型","物料口径、工况与过程模型","chemistry","冶金过程模型：台架成功为什么还不能覆盖所有工况？","冶金过程模型：新的结构或过程能否兼顾性能、稳定性与全流程资源评价？","工况、台架日志与接口版本","本方向具体检查：对照载荷范围、控制条件和实际接口。不要把「物料口径、工况与过程模型」中不同条件直接合并。","组成、工况与系统边界对照页，注明「冶金过程模型」的来源、课题版本、已查项与未决项。","https://ocw.mit.edu/courses/2-001-mechanics-materials-i-fall-2006/pages/syllabus/"
"metallurgy-engineering-5","metallurgy-engineering","冶金资源评价","物料口径、工况与过程模型","chemistry","冶金资源评价：台架成功为什么还不能覆盖所有工况？","冶金资源评价：新的结构或过程能否兼顾性能、稳定性与全流程资源评价？","工况、台架日志与接口版本","本方向具体检查：对照载荷范围、控制条件和实际接口。不要把「物料口径、工况与过程模型」中不同条件直接合并。","组成、工况与系统边界对照页，注明「冶金资源评价」的来源、课题版本、已查项与未决项。","https://ocw.mit.edu/courses/2-001-mechanics-materials-i-fall-2006/pages/syllabus/"
"metallurgy-engineering-6","metallurgy-engineering","冶金测量","物料口径、工况与过程模型","chemistry","冶金测量：台架成功为什么还不能覆盖所有工况？","冶金测量：新的结构或过程能否兼顾性能、稳定性与全流程资源评价？","工况、台架日志与接口版本","本方向具体检查：对照载荷范围、控制条件和实际接口。不要把「物料口径、工况与过程模型」中不同条件直接合并。","组成、工况与系统边界对照页，注明「冶金测量」的来源、课题版本、已查项与未决项。","https://ocw.mit.edu/courses/2-001-mechanics-materials-i-fall-2006/pages/syllabus/"
"metallurgy-engineering-7","metallurgy-engineering","冶金材料性能","物料口径、工况与过程模型","materials","冶金材料性能：表征显示结构不同，怎样判断它与性质变化有关？","冶金材料性能：新的材料或循环方案能否在多批次、老化与实际使用中保留性能？","样品批次、表征状态与使用评价","本方向具体检查：核对表征与评价是否来自同一批次和状态。不要把「物料口径、工况与过程模型」中不同条件直接合并。","结构、批次、测量状态与使用条件表，注明「冶金材料性能」的来源、课题版本、已查项与未决项。","https://www.chem.pku.edu.cn/en/Research/ResearchTheme/index.htm"
"metallurgy-engineering-8","metallurgy-engineering","冶金过程控制","物料口径、工况与过程模型","control","冶金过程控制：台架成功为什么还不能覆盖所有工况？","冶金过程控制：自适应控制能否在改变工况后保留稳定性与明确的退化边界？","工况、台架日志与接口版本","本方向具体检查：对照载荷范围、控制条件和实际接口。不要把「物料口径、工况与过程模型」中不同条件直接合并。","扰动、运行约束与失效情境记录，注明「冶金过程控制」的来源、课题版本、已查项与未决项。","https://ocw.mit.edu/courses/2-001-mechanics-materials-i-fall-2006/pages/syllabus/"
"metallurgy-engineering-9","metallurgy-engineering","冶金环保评价","物料口径、工况与过程模型","chemistry","冶金环保评价：台架成功为什么还不能覆盖所有工况？","冶金环保评价：新的结构或过程能否兼顾性能、稳定性与全流程资源评价？","工况、台架日志与接口版本","本方向具体检查：对照载荷范围、控制条件和实际接口。不要把「物料口径、工况与过程模型」中不同条件直接合并。","组成、工况与系统边界对照页，注明「冶金环保评价」的来源、课题版本、已查项与未决项。","https://ocw.mit.edu/courses/2-001-mechanics-materials-i-fall-2006/pages/syllabus/"
"metallurgy-engineering-10","metallurgy-engineering","冶金能耗评价","物料口径、工况与过程模型","chemistry","冶金能耗评价：台架成功为什么还不能覆盖所有工况？","冶金能耗评价：新的结构或过程能否兼顾性能、稳定性与全流程资源评价？","工况、台架日志与接口版本","本方向具体检查：对照载荷范围、控制条件和实际接口。不要把「物料口径、工况与过程模型」中不同条件直接合并。","组成、工况与系统边界对照页，注明「冶金能耗评价」的来源、课题版本、已查项与未决项。","https://ocw.mit.edu/courses/2-001-mechanics-materials-i-fall-2006/pages/syllabus/"
"metallurgy-engineering-11","metallurgy-engineering","冶金质量管理","物料口径、工况与过程模型","chemistry","冶金质量管理：台架成功为什么还不能覆盖所有工况？","冶金质量管理：新的结构或过程能否兼顾性能、稳定性与全流程资源评价？","工况、台架日志与接口版本","本方向具体检查：对照载荷范围、控制条件和实际接口。不要把「物料口径、工况与过程模型」中不同条件直接合并。","组成、工况与系统边界对照页，注明「冶金质量管理」的来源、课题版本、已查项与未决项。","https://ocw.mit.edu/courses/2-001-mechanics-materials-i-fall-2006/pages/syllabus/"
"metallurgy-engineering-12","metallurgy-engineering","冶金史","物料口径、工况与过程模型","chemistry","冶金史：台架成功为什么还不能覆盖所有工况？","冶金史：新的结构或过程能否兼顾性能、稳定性与全流程资源评价？","工况、台架日志与接口版本","本方向具体检查：对照载荷范围、控制条件和实际接口。不要把「物料口径、工况与过程模型」中不同条件直接合并。","组成、工况与系统边界对照页，注明「冶金史」的来源、课题版本、已查项与未决项。","https://ocw.mit.edu/courses/2-001-mechanics-materials-i-fall-2006/pages/syllabus/"
"geological-engineering-1","geological-engineering","地质工程资料","调查尺度、样点位置与工程假设","geoscience","地质工程资料：一个采样点的变化，何时能帮助解释更大区域？","地质工程资料：多源观测能否跨尺度保留校准，并在极端或新时期接受外部检查？","采样位置、时间窗口与环境背景记录","本方向具体检查：画出实际覆盖范围，保留天气与缺测时段。不要把「调查尺度、样点位置与工程假设」中不同条件直接合并。","空间尺度、观测窗口与缺测索引，注明「地质工程资料」的来源、课题版本、已查项与未决项。","https://www.ues.pku.edu.cn/ztlm/zrdlyzrzyx/index.htm"
"geological-engineering-2","geological-engineering","地质勘查史","调查尺度、样点位置与工程假设","geoscience","地质勘查史：一个采样点的变化，何时能帮助解释更大区域？","地质勘查史：多源观测能否跨尺度保留校准，并在极端或新时期接受外部检查？","采样位置、时间窗口与环境背景记录","本方向具体检查：画出实际覆盖范围，保留天气与缺测时段。不要把「调查尺度、样点位置与工程假设」中不同条件直接合并。","空间尺度、观测窗口与缺测索引，注明「地质勘查史」的来源、课题版本、已查项与未决项。","https://www.ues.pku.edu.cn/ztlm/zrdlyzrzyx/index.htm"
"geological-engineering-3","geological-engineering","工程地质评价","调查尺度、样点位置与工程假设","geoscience","工程地质评价：一个采样点的变化，何时能帮助解释更大区域？","工程地质评价：多源观测能否跨尺度保留校准，并在极端或新时期接受外部检查？","采样位置、时间窗口与环境背景记录","本方向具体检查：画出实际覆盖范围，保留天气与缺测时段。不要把「调查尺度、样点位置与工程假设」中不同条件直接合并。","空间尺度、观测窗口与缺测索引，注明「工程地质评价」的来源、课题版本、已查项与未决项。","https://www.ues.pku.edu.cn/ztlm/zrdlyzrzyx/index.htm"
"geological-engineering-4","geological-engineering","地球探测资料","调查尺度、样点位置与工程假设","geoscience","地球探测资料：一个采样点的变化，何时能帮助解释更大区域？","地球探测资料：多源观测能否跨尺度保留校准，并在极端或新时期接受外部检查？","采样位置、时间窗口与环境背景记录","本方向具体检查：画出实际覆盖范围，保留天气与缺测时段。不要把「调查尺度、样点位置与工程假设」中不同条件直接合并。","空间尺度、观测窗口与缺测索引，注明「地球探测资料」的来源、课题版本、已查项与未决项。","https://www.ues.pku.edu.cn/ztlm/zrdlyzrzyx/index.htm"
"geological-engineering-5","geological-engineering","地质资源评价","调查尺度、样点位置与工程假设","geoscience","地质资源评价：一个采样点的变化，何时能帮助解释更大区域？","地质资源评价：多源观测能否跨尺度保留校准，并在极端或新时期接受外部检查？","采样位置、时间窗口与环境背景记录","本方向具体检查：画出实际覆盖范围，保留天气与缺测时段。不要把「调查尺度、样点位置与工程假设」中不同条件直接合并。","空间尺度、观测窗口与缺测索引，注明「地质资源评价」的来源、课题版本、已查项与未决项。","https://www.ues.pku.edu.cn/ztlm/zrdlyzrzyx/index.htm"
"geological-engineering-6","geological-engineering","地质模型","调查尺度、样点位置与工程假设","geoscience","地质模型：一个采样点的变化，何时能帮助解释更大区域？","地质模型：多源观测能否跨尺度保留校准，并在极端或新时期接受外部检查？","采样位置、时间窗口与环境背景记录","本方向具体检查：画出实际覆盖范围，保留天气与缺测时段。不要把「调查尺度、样点位置与工程假设」中不同条件直接合并。","空间尺度、观测窗口与缺测索引，注明「地质模型」的来源、课题版本、已查项与未决项。","https://www.ues.pku.edu.cn/ztlm/zrdlyzrzyx/index.htm"
"geological-engineering-7","geological-engineering","地下水资料","调查尺度、样点位置与工程假设","evidence-ecology","地下水资料：一个采样点的变化，何时能帮助解释更大区域？","地下水资料：气候与生态多来源资料如何刻画极端事件后的恢复？","采样位置、时间窗口与环境背景记录","本方向具体检查：画出实际覆盖范围，保留天气与缺测时段。不要把「调查尺度、样点位置与工程假设」中不同条件直接合并。","采样位置、时间窗口与环境背景记录的来源与比较条件记录，注明「地下水资料」的来源、课题版本、已查项与未决项。","https://www.ues.pku.edu.cn/ztlm/zrdlyzrzyx/index.htm"
"geological-engineering-8","geological-engineering","地质信息","调查尺度、样点位置与工程假设","geoscience","地质信息：一个采样点的变化，何时能帮助解释更大区域？","地质信息：多源观测能否跨尺度保留校准，并在极端或新时期接受外部检查？","采样位置、时间窗口与环境背景记录","本方向具体检查：画出实际覆盖范围，保留天气与缺测时段。不要把「调查尺度、样点位置与工程假设」中不同条件直接合并。","空间尺度、观测窗口与缺测索引，注明「地质信息」的来源、课题版本、已查项与未决项。","https://www.ues.pku.edu.cn/ztlm/zrdlyzrzyx/index.htm"
"geological-engineering-9","geological-engineering","环境地质评价","调查尺度、样点位置与工程假设","geoscience","环境地质评价：一个采样点的变化，何时能帮助解释更大区域？","环境地质评价：多源观测能否跨尺度保留校准，并在极端或新时期接受外部检查？","采样位置、时间窗口与环境背景记录","本方向具体检查：画出实际覆盖范围，保留天气与缺测时段。不要把「调查尺度、样点位置与工程假设」中不同条件直接合并。","空间尺度、观测窗口与缺测索引，注明「环境地质评价」的来源、课题版本、已查项与未决项。","https://www.ues.pku.edu.cn/ztlm/zrdlyzrzyx/index.htm"
"geological-engineering-10","geological-engineering","地质监测","调查尺度、样点位置与工程假设","geoscience","地质监测：一个采样点的变化，何时能帮助解释更大区域？","地质监测：多源观测能否跨尺度保留校准，并在极端或新时期接受外部检查？","采样位置、时间窗口与环境背景记录","本方向具体检查：画出实际覆盖范围，保留天气与缺测时段。不要把「调查尺度、样点位置与工程假设」中不同条件直接合并。","空间尺度、观测窗口与缺测索引，注明「地质监测」的来源、课题版本、已查项与未决项。","https://www.ues.pku.edu.cn/ztlm/zrdlyzrzyx/index.htm"
"geological-engineering-11","geological-engineering","地质不确定性","调查尺度、样点位置与工程假设","geoscience","地质不确定性：一个采样点的变化，何时能帮助解释更大区域？","地质不确定性：多源观测能否跨尺度保留校准，并在极端或新时期接受外部检查？","采样位置、时间窗口与环境背景记录","本方向具体检查：画出实际覆盖范围，保留天气与缺测时段。不要把「调查尺度、样点位置与工程假设」中不同条件直接合并。","空间尺度、观测窗口与缺测索引，注明「地质不确定性」的来源、课题版本、已查项与未决项。","https://www.ues.pku.edu.cn/ztlm/zrdlyzrzyx/index.htm"
"geological-engineering-12","geological-engineering","地质工程教育","调查尺度、样点位置与工程假设","geoscience","地质工程教育：参与更积极，为什么不等于目标知识掌握更好？","地质工程教育：多源观测能否跨尺度保留校准，并在极端或新时期接受外部检查？","课堂目标、活动记录与学习过程材料","本方向具体检查：让任务、教学目标与评价对应，保留班级差异。不要把「调查尺度、样点位置与工程假设」中不同条件直接合并。","空间尺度、观测窗口与缺测索引，注明「地质工程教育」的来源、课题版本、已查项与未决项。","https://cter.bnu.edu.cn/docs/2024-05/e0d9749ec02e425eb45aa96fefdadc2a.pdf"
"mining-engineering-1","mining-engineering","矿业工程史","资源边界、工况与公开记录","evidence-construction","矿业工程史：一个方案可行，为什么必须对应具体场地和用途？","矿业工程史：低碳与适应性设计如何同时评价全寿命负担和使用变化？","场地资料、设计版本与约束清单","本方向具体检查：让方案与场地、规范假设和反馈对应。不要把「资源边界、工况与公开记录」中不同条件直接合并。","场地资料、设计版本与约束清单的来源与比较条件记录，注明「矿业工程史」的来源、课题版本、已查项与未决项。","https://ocw.mit.edu/courses/2-001-mechanics-materials-i-fall-2006/pages/syllabus/"
"mining-engineering-2","mining-engineering","矿产资源评价","资源边界、工况与公开记录","evidence-construction","矿产资源评价：一个方案可行，为什么必须对应具体场地和用途？","矿产资源评价：低碳与适应性设计如何同时评价全寿命负担和使用变化？","场地资料、设计版本与约束清单","本方向具体检查：让方案与场地、规范假设和反馈对应。不要把「资源边界、工况与公开记录」中不同条件直接合并。","场地资料、设计版本与约束清单的来源与比较条件记录，注明「矿产资源评价」的来源、课题版本、已查项与未决项。","https://ocw.mit.edu/courses/2-001-mechanics-materials-i-fall-2006/pages/syllabus/"
"mining-engineering-3","mining-engineering","矿业系统模型","资源边界、工况与公开记录","evidence-software","矿业系统模型：程序通过测试，为什么不等于所有输入都正确？","矿业系统模型：生成式开发怎样与形式化核验和长期维护相互配合？","运行版本、依赖清单与故障日志","本方向具体检查：在同一条件下复查，区分环境与功能变化。不要把「资源边界、工况与公开记录」中不同条件直接合并。","运行版本、依赖清单与故障日志的来源与比较条件记录，注明「矿业系统模型」的来源、课题版本、已查项与未决项。","https://www.cs.tsinghua.edu.cn/jgsz/yjssys/jsjkxyjsxrjyjs.htm"
"mining-engineering-4","mining-engineering","矿业组织研究","资源边界、工况与公开记录","evidence-construction","矿业组织研究：一个方案可行，为什么必须对应具体场地和用途？","矿业组织研究：低碳与适应性设计如何同时评价全寿命负担和使用变化？","场地资料、设计版本与约束清单","本方向具体检查：让方案与场地、规范假设和反馈对应。不要把「资源边界、工况与公开记录」中不同条件直接合并。","场地资料、设计版本与约束清单的来源与比较条件记录，注明「矿业组织研究」的来源、课题版本、已查项与未决项。","https://ocw.mit.edu/courses/2-001-mechanics-materials-i-fall-2006/pages/syllabus/"
"mining-engineering-5","mining-engineering","矿业测量资料","资源边界、工况与公开记录","evidence-construction","矿业测量资料：一个方案可行，为什么必须对应具体场地和用途？","矿业测量资料：低碳与适应性设计如何同时评价全寿命负担和使用变化？","场地资料、设计版本与约束清单","本方向具体检查：让方案与场地、规范假设和反馈对应。不要把「资源边界、工况与公开记录」中不同条件直接合并。","场地资料、设计版本与约束清单的来源与比较条件记录，注明「矿业测量资料」的来源、课题版本、已查项与未决项。","https://ocw.mit.edu/courses/2-001-mechanics-materials-i-fall-2006/pages/syllabus/"
"mining-engineering-6","mining-engineering","矿业环境评价","资源边界、工况与公开记录","evidence-ecology","矿业环境评价：一个采样点的变化，何时能帮助解释更大区域？","矿业环境评价：气候与生态多来源资料如何刻画极端事件后的恢复？","采样位置、时间窗口与环境背景记录","本方向具体检查：画出实际覆盖范围，保留天气与缺测时段。不要把「资源边界、工况与公开记录」中不同条件直接合并。","采样位置、时间窗口与环境背景记录的来源与比较条件记录，注明「矿业环境评价」的来源、课题版本、已查项与未决项。","https://www.ues.pku.edu.cn/ztlm/zrdlyzrzyx/index.htm"
"mining-engineering-7","mining-engineering","资源利用评价","资源边界、工况与公开记录","evidence-construction","资源利用评价：一个方案可行，为什么必须对应具体场地和用途？","资源利用评价：低碳与适应性设计如何同时评价全寿命负担和使用变化？","场地资料、设计版本与约束清单","本方向具体检查：让方案与场地、规范假设和反馈对应。不要把「资源边界、工况与公开记录」中不同条件直接合并。","场地资料、设计版本与约束清单的来源与比较条件记录，注明「资源利用评价」的来源、课题版本、已查项与未决项。","https://ocw.mit.edu/courses/2-001-mechanics-materials-i-fall-2006/pages/syllabus/"
"mining-engineering-8","mining-engineering","矿业装备可靠性","资源边界、工况与公开记录","mechanical","矿业装备可靠性：一个方案可行，为什么必须对应具体场地和用途？","矿业装备可靠性：新的设计或评价能否跨工况保留可解释的误差与可靠性范围？","场地资料、设计版本与约束清单","本方向具体检查：让方案与场地、规范假设和反馈对应。不要把「资源边界、工况与公开记录」中不同条件直接合并。","模型简化、使用工况与失效记录，注明「矿业装备可靠性」的来源、课题版本、已查项与未决项。","https://ocw.mit.edu/courses/2-001-mechanics-materials-i-fall-2006/pages/syllabus/"
"mining-engineering-9","mining-engineering","矿业信息系统","资源边界、工况与公开记录","evidence-software","矿业信息系统：程序通过测试，为什么不等于所有输入都正确？","矿业信息系统：生成式开发怎样与形式化核验和长期维护相互配合？","运行版本、依赖清单与故障日志","本方向具体检查：在同一条件下复查，区分环境与功能变化。不要把「资源边界、工况与公开记录」中不同条件直接合并。","运行版本、依赖清单与故障日志的来源与比较条件记录，注明「矿业信息系统」的来源、课题版本、已查项与未决项。","https://www.cs.tsinghua.edu.cn/jgsz/yjssys/jsjkxyjsxrjyjs.htm"
"mining-engineering-10","mining-engineering","矿业安全文化","资源边界、工况与公开记录","security","矿业安全文化：程序通过测试，为什么不等于所有输入都正确？","矿业安全文化：新的评价机制能否观察遗漏的失败，同时保留隐私与可复核性？","运行版本、依赖清单与故障日志","本方向具体检查：在同一条件下复查，区分环境与功能变化。不要把「资源边界、工况与公开记录」中不同条件直接合并。","评价范围、报告渠道与失败记录表，注明「矿业安全文化」的来源、课题版本、已查项与未决项。","https://www.cs.tsinghua.edu.cn/jgsz/yjssys/jsjkxyjsxrjyjs.htm"
"mining-engineering-11","mining-engineering","矿业教育","资源边界、工况与公开记录","evidence-education","矿业教育：参与更积极，为什么不等于目标知识掌握更好？","矿业教育：智能助教怎样支持撤去辅助后的独立学习与延迟迁移？","课堂目标、活动记录与学习过程材料","本方向具体检查：让任务、教学目标与评价对应，保留班级差异。不要把「资源边界、工况与公开记录」中不同条件直接合并。","课堂目标、活动记录与学习过程材料的来源与比较条件记录，注明「矿业教育」的来源、课题版本、已查项与未决项。","https://cter.bnu.edu.cn/docs/2024-05/e0d9749ec02e425eb45aa96fefdadc2a.pdf"
"mining-engineering-12","mining-engineering","矿业公共资料","资源边界、工况与公开记录","evidence-construction","矿业公共资料：一个方案可行，为什么必须对应具体场地和用途？","矿业公共资料：低碳与适应性设计如何同时评价全寿命负担和使用变化？","场地资料、设计版本与约束清单","本方向具体检查：让方案与场地、规范假设和反馈对应。不要把「资源边界、工况与公开记录」中不同条件直接合并。","场地资料、设计版本与约束清单的来源与比较条件记录，注明「矿业公共资料」的来源、课题版本、已查项与未决项。","https://ocw.mit.edu/courses/2-001-mechanics-materials-i-fall-2006/pages/syllabus/"
"petroleum-engineering-1","petroleum-engineering","油气地质资料","地层尺度、工况与资料来源","geoscience","油气地质资料：一个采样点的变化，何时能帮助解释更大区域？","油气地质资料：多源观测能否跨尺度保留校准，并在极端或新时期接受外部检查？","采样位置、时间窗口与环境背景记录","本方向具体检查：画出实际覆盖范围，保留天气与缺测时段。不要把「地层尺度、工况与资料来源」中不同条件直接合并。","空间尺度、观测窗口与缺测索引，注明「油气地质资料」的来源、课题版本、已查项与未决项。","https://www.ues.pku.edu.cn/ztlm/zrdlyzrzyx/index.htm"
"petroleum-engineering-2","petroleum-engineering","油气资源评价","地层尺度、工况与资料来源","evidence-mechanical","油气资源评价：台架成功为什么还不能覆盖所有工况？","油气资源评价：学习型控制与数字孪生怎样面对未见工况和模型偏差？","工况、台架日志与接口版本","本方向具体检查：对照载荷范围、控制条件和实际接口。不要把「地层尺度、工况与资料来源」中不同条件直接合并。","工况、台架日志与接口版本的来源与比较条件记录，注明「油气资源评价」的来源、课题版本、已查项与未决项。","https://ocw.mit.edu/courses/2-001-mechanics-materials-i-fall-2006/pages/syllabus/"
"petroleum-engineering-3","petroleum-engineering","储层模型","地层尺度、工况与资料来源","evidence-mechanical","储层模型：台架成功为什么还不能覆盖所有工况？","储层模型：学习型控制与数字孪生怎样面对未见工况和模型偏差？","工况、台架日志与接口版本","本方向具体检查：对照载荷范围、控制条件和实际接口。不要把「地层尺度、工况与资料来源」中不同条件直接合并。","工况、台架日志与接口版本的来源与比较条件记录，注明「储层模型」的来源、课题版本、已查项与未决项。","https://ocw.mit.edu/courses/2-001-mechanics-materials-i-fall-2006/pages/syllabus/"
"petroleum-engineering-4","petroleum-engineering","能源流体资料","地层尺度、工况与资料来源","energy","能源流体资料：台架成功为什么还不能覆盖所有工况？","能源流体资料：新的转换或调度方案能否在全周期、工况变化与资源约束下保留优势？","工况、台架日志与接口版本","本方向具体检查：对照载荷范围、控制条件和实际接口。不要把「地层尺度、工况与资料来源」中不同条件直接合并。","工况、全流程边界与资源取舍表，注明「能源流体资料」的来源、课题版本、已查项与未决项。","https://ocw.mit.edu/courses/2-001-mechanics-materials-i-fall-2006/pages/syllabus/"
"petroleum-engineering-5","petroleum-engineering","油气测量","地层尺度、工况与资料来源","evidence-mechanical","油气测量：台架成功为什么还不能覆盖所有工况？","油气测量：学习型控制与数字孪生怎样面对未见工况和模型偏差？","工况、台架日志与接口版本","本方向具体检查：对照载荷范围、控制条件和实际接口。不要把「地层尺度、工况与资料来源」中不同条件直接合并。","工况、台架日志与接口版本的来源与比较条件记录，注明「油气测量」的来源、课题版本、已查项与未决项。","https://ocw.mit.edu/courses/2-001-mechanics-materials-i-fall-2006/pages/syllabus/"
"petroleum-engineering-6","petroleum-engineering","油气工程史","地层尺度、工况与资料来源","evidence-mechanical","油气工程史：台架成功为什么还不能覆盖所有工况？","油气工程史：学习型控制与数字孪生怎样面对未见工况和模型偏差？","工况、台架日志与接口版本","本方向具体检查：对照载荷范围、控制条件和实际接口。不要把「地层尺度、工况与资料来源」中不同条件直接合并。","工况、台架日志与接口版本的来源与比较条件记录，注明「油气工程史」的来源、课题版本、已查项与未决项。","https://ocw.mit.edu/courses/2-001-mechanics-materials-i-fall-2006/pages/syllabus/"
"petroleum-engineering-7","petroleum-engineering","油气生产系统评价","地层尺度、工况与资料来源","operations","油气生产系统评价：程序通过测试，为什么不等于所有输入都正确？","油气生产系统评价：韧性或自适应调度能否在扰动下保留全链交付，而非只优化局部指标？","运行版本、依赖清单与故障日志","本方向具体检查：在同一条件下复查，区分环境与功能变化。不要把「地层尺度、工况与资料来源」中不同条件直接合并。","全链边界、约束与责任接口表，注明「油气生产系统评价」的来源、课题版本、已查项与未决项。","https://www.cs.tsinghua.edu.cn/jgsz/yjssys/jsjkxyjsxrjyjs.htm"
"petroleum-engineering-8","petroleum-engineering","油气环境评价","地层尺度、工况与资料来源","evidence-ecology","油气环境评价：一个采样点的变化，何时能帮助解释更大区域？","油气环境评价：气候与生态多来源资料如何刻画极端事件后的恢复？","采样位置、时间窗口与环境背景记录","本方向具体检查：画出实际覆盖范围，保留天气与缺测时段。不要把「地层尺度、工况与资料来源」中不同条件直接合并。","采样位置、时间窗口与环境背景记录的来源与比较条件记录，注明「油气环境评价」的来源、课题版本、已查项与未决项。","https://www.ues.pku.edu.cn/ztlm/zrdlyzrzyx/index.htm"
"petroleum-engineering-9","petroleum-engineering","油气装备可靠性","地层尺度、工况与资料来源","mechanical","油气装备可靠性：台架成功为什么还不能覆盖所有工况？","油气装备可靠性：新的设计或评价能否跨工况保留可解释的误差与可靠性范围？","工况、台架日志与接口版本","本方向具体检查：对照载荷范围、控制条件和实际接口。不要把「地层尺度、工况与资料来源」中不同条件直接合并。","模型简化、使用工况与失效记录，注明「油气装备可靠性」的来源、课题版本、已查项与未决项。","https://ocw.mit.edu/courses/2-001-mechanics-materials-i-fall-2006/pages/syllabus/"
"petroleum-engineering-10","petroleum-engineering","油气数据质量","地层尺度、工况与资料来源","evidence-mechanical","油气数据质量：台架成功为什么还不能覆盖所有工况？","油气数据质量：学习型控制与数字孪生怎样面对未见工况和模型偏差？","工况、台架日志与接口版本","本方向具体检查：对照载荷范围、控制条件和实际接口。不要把「地层尺度、工况与资料来源」中不同条件直接合并。","工况、台架日志与接口版本的来源与比较条件记录，注明「油气数据质量」的来源、课题版本、已查项与未决项。","https://ocw.mit.edu/courses/2-001-mechanics-materials-i-fall-2006/pages/syllabus/"
"petroleum-engineering-11","petroleum-engineering","天然气系统评价","地层尺度、工况与资料来源","evidence-software","天然气系统评价：程序通过测试，为什么不等于所有输入都正确？","天然气系统评价：生成式开发怎样与形式化核验和长期维护相互配合？","运行版本、依赖清单与故障日志","本方向具体检查：在同一条件下复查，区分环境与功能变化。不要把「地层尺度、工况与资料来源」中不同条件直接合并。","运行版本、依赖清单与故障日志的来源与比较条件记录，注明「天然气系统评价」的来源、课题版本、已查项与未决项。","https://www.cs.tsinghua.edu.cn/jgsz/yjssys/jsjkxyjsxrjyjs.htm"
"petroleum-engineering-12","petroleum-engineering","能源转型资料","地层尺度、工况与资料来源","energy","能源转型资料：台架成功为什么还不能覆盖所有工况？","能源转型资料：新的转换或调度方案能否在全周期、工况变化与资源约束下保留优势？","工况、台架日志与接口版本","本方向具体检查：对照载荷范围、控制条件和实际接口。不要把「地层尺度、工况与资料来源」中不同条件直接合并。","工况、全流程边界与资源取舍表，注明「能源转型资料」的来源、课题版本、已查项与未决项。","https://ocw.mit.edu/courses/2-001-mechanics-materials-i-fall-2006/pages/syllabus/"
"textile-engineering-1","textile-engineering","纺织材料","材料批次、使用条件与性能评价","materials","纺织材料：表征显示结构不同，怎样判断它与性质变化有关？","纺织材料：新的材料或循环方案能否在多批次、老化与实际使用中保留性能？","样品批次、表征状态与使用评价","本方向具体检查：核对表征与评价是否来自同一批次和状态。不要把「材料批次、使用条件与性能评价」中不同条件直接合并。","结构、批次、测量状态与使用条件表，注明「纺织材料」的来源、课题版本、已查项与未决项。","https://www.chem.pku.edu.cn/en/Research/ResearchTheme/index.htm"
"textile-engineering-2","textile-engineering","纺织工艺评价","材料批次、使用条件与性能评价","materials","纺织工艺评价：台架成功为什么还不能覆盖所有工况？","纺织工艺评价：新的材料或循环方案能否在多批次、老化与实际使用中保留性能？","工况、台架日志与接口版本","本方向具体检查：对照载荷范围、控制条件和实际接口。不要把「材料批次、使用条件与性能评价」中不同条件直接合并。","结构、批次、测量状态与使用条件表，注明「纺织工艺评价」的来源、课题版本、已查项与未决项。","https://ocw.mit.edu/courses/2-001-mechanics-materials-i-fall-2006/pages/syllabus/"
"textile-engineering-3","textile-engineering","纺织化学资料","材料批次、使用条件与性能评价","materials","纺织化学资料：表征显示结构不同，怎样判断它与性质变化有关？","纺织化学资料：新的材料或循环方案能否在多批次、老化与实际使用中保留性能？","材料批次、表征条件与使用环境记录","本方向具体检查：比较结构描述、测量设置和状态变化。不要把「材料批次、使用条件与性能评价」中不同条件直接合并。","结构、批次、测量状态与使用条件表，注明「纺织化学资料」的来源、课题版本、已查项与未决项。","https://www.chem.pku.edu.cn/en/Research/ResearchTheme/index.htm"
"textile-engineering-4","textile-engineering","服装设计与工程","材料批次、使用条件与性能评价","arts","服装设计与工程：台架成功为什么还不能覆盖所有工况？","服装设计与工程：新的创作或展示方式能否兼顾语境、实际体验与作品差异？","工况、台架日志与接口版本","本方向具体检查：对照载荷范围、控制条件和实际接口。不要把「材料批次、使用条件与性能评价」中不同条件直接合并。","作品版本、制作取舍与观看条件记录，注明「服装设计与工程」的来源、课题版本、已查项与未决项。","https://ocw.mit.edu/courses/2-001-mechanics-materials-i-fall-2006/pages/syllabus/"
"textile-engineering-5","textile-engineering","纺织测量","材料批次、使用条件与性能评价","materials","纺织测量：台架成功为什么还不能覆盖所有工况？","纺织测量：新的材料或循环方案能否在多批次、老化与实际使用中保留性能？","工况、台架日志与接口版本","本方向具体检查：对照载荷范围、控制条件和实际接口。不要把「材料批次、使用条件与性能评价」中不同条件直接合并。","结构、批次、测量状态与使用条件表，注明「纺织测量」的来源、课题版本、已查项与未决项。","https://ocw.mit.edu/courses/2-001-mechanics-materials-i-fall-2006/pages/syllabus/"
"textile-engineering-6","textile-engineering","纺织舒适性","材料批次、使用条件与性能评价","materials","纺织舒适性：台架成功为什么还不能覆盖所有工况？","纺织舒适性：新的材料或循环方案能否在多批次、老化与实际使用中保留性能？","工况、台架日志与接口版本","本方向具体检查：对照载荷范围、控制条件和实际接口。不要把「材料批次、使用条件与性能评价」中不同条件直接合并。","结构、批次、测量状态与使用条件表，注明「纺织舒适性」的来源、课题版本、已查项与未决项。","https://ocw.mit.edu/courses/2-001-mechanics-materials-i-fall-2006/pages/syllabus/"
"textile-engineering-7","textile-engineering","纺织结构","材料批次、使用条件与性能评价","materials","纺织结构：一个方案可行，为什么必须对应具体场地和用途？","纺织结构：新的材料或循环方案能否在多批次、老化与实际使用中保留性能？","场地资料、设计版本与约束清单","本方向具体检查：让方案与场地、规范假设和反馈对应。不要把「材料批次、使用条件与性能评价」中不同条件直接合并。","结构、批次、测量状态与使用条件表，注明「纺织结构」的来源、课题版本、已查项与未决项。","https://ocw.mit.edu/courses/2-001-mechanics-materials-i-fall-2006/pages/syllabus/"
"textile-engineering-8","textile-engineering","纺织质量管理","材料批次、使用条件与性能评价","materials","纺织质量管理：台架成功为什么还不能覆盖所有工况？","纺织质量管理：新的材料或循环方案能否在多批次、老化与实际使用中保留性能？","工况、台架日志与接口版本","本方向具体检查：对照载荷范围、控制条件和实际接口。不要把「材料批次、使用条件与性能评价」中不同条件直接合并。","结构、批次、测量状态与使用条件表，注明「纺织质量管理」的来源、课题版本、已查项与未决项。","https://ocw.mit.edu/courses/2-001-mechanics-materials-i-fall-2006/pages/syllabus/"
"textile-engineering-9","textile-engineering","纺织资源循环","材料批次、使用条件与性能评价","materials","纺织资源循环：台架成功为什么还不能覆盖所有工况？","纺织资源循环：新的材料或循环方案能否在多批次、老化与实际使用中保留性能？","工况、台架日志与接口版本","本方向具体检查：对照载荷范围、控制条件和实际接口。不要把「材料批次、使用条件与性能评价」中不同条件直接合并。","结构、批次、测量状态与使用条件表，注明「纺织资源循环」的来源、课题版本、已查项与未决项。","https://ocw.mit.edu/courses/2-001-mechanics-materials-i-fall-2006/pages/syllabus/"
"textile-engineering-10","textile-engineering","纺织数字化","材料批次、使用条件与性能评价","materials","纺织数字化：台架成功为什么还不能覆盖所有工况？","纺织数字化：新的材料或循环方案能否在多批次、老化与实际使用中保留性能？","工况、台架日志与接口版本","本方向具体检查：对照载荷范围、控制条件和实际接口。不要把「材料批次、使用条件与性能评价」中不同条件直接合并。","结构、批次、测量状态与使用条件表，注明「纺织数字化」的来源、课题版本、已查项与未决项。","https://ocw.mit.edu/courses/2-001-mechanics-materials-i-fall-2006/pages/syllabus/"
"textile-engineering-11","textile-engineering","纺织史","材料批次、使用条件与性能评价","materials","纺织史：台架成功为什么还不能覆盖所有工况？","纺织史：新的材料或循环方案能否在多批次、老化与实际使用中保留性能？","工况、台架日志与接口版本","本方向具体检查：对照载荷范围、控制条件和实际接口。不要把「材料批次、使用条件与性能评价」中不同条件直接合并。","结构、批次、测量状态与使用条件表，注明「纺织史」的来源、课题版本、已查项与未决项。","https://ocw.mit.edu/courses/2-001-mechanics-materials-i-fall-2006/pages/syllabus/"
"textile-engineering-12","textile-engineering","纺织教育","材料批次、使用条件与性能评价","materials","纺织教育：参与更积极，为什么不等于目标知识掌握更好？","纺织教育：新的材料或循环方案能否在多批次、老化与实际使用中保留性能？","课堂目标、活动记录与学习过程材料","本方向具体检查：让任务、教学目标与评价对应，保留班级差异。不要把「材料批次、使用条件与性能评价」中不同条件直接合并。","结构、批次、测量状态与使用条件表，注明「纺织教育」的来源、课题版本、已查项与未决项。","https://cter.bnu.edu.cn/docs/2024-05/e0d9749ec02e425eb45aa96fefdadc2a.pdf"
"light-industry-1","light-industry","制浆造纸资料","材料来源、过程边界与使用需求","evidence-mechanical","制浆造纸资料：台架成功为什么还不能覆盖所有工况？","制浆造纸资料：学习型控制与数字孪生怎样面对未见工况和模型偏差？","工况、台架日志与接口版本","本方向具体检查：对照载荷范围、控制条件和实际接口。不要把「材料来源、过程边界与使用需求」中不同条件直接合并。","工况、台架日志与接口版本的来源与比较条件记录，注明「制浆造纸资料」的来源、课题版本、已查项与未决项。","https://ocw.mit.edu/courses/2-001-mechanics-materials-i-fall-2006/pages/syllabus/"
"light-industry-2","light-industry","制革材料资料","材料来源、过程边界与使用需求","materials","制革材料资料：表征显示结构不同，怎样判断它与性质变化有关？","制革材料资料：新的材料或循环方案能否在多批次、老化与实际使用中保留性能？","样品批次、表征状态与使用评价","本方向具体检查：核对表征与评价是否来自同一批次和状态。不要把「材料来源、过程边界与使用需求」中不同条件直接合并。","结构、批次、测量状态与使用条件表，注明「制革材料资料」的来源、课题版本、已查项与未决项。","https://www.chem.pku.edu.cn/en/Research/ResearchTheme/index.htm"
"light-industry-3","light-industry","包装工程","材料来源、过程边界与使用需求","evidence-mechanical","包装工程：台架成功为什么还不能覆盖所有工况？","包装工程：学习型控制与数字孪生怎样面对未见工况和模型偏差？","工况、台架日志与接口版本","本方向具体检查：对照载荷范围、控制条件和实际接口。不要把「材料来源、过程边界与使用需求」中不同条件直接合并。","工况、台架日志与接口版本的来源与比较条件记录，注明「包装工程」的来源、课题版本、已查项与未决项。","https://ocw.mit.edu/courses/2-001-mechanics-materials-i-fall-2006/pages/syllabus/"
"light-industry-4","light-industry","印刷工程","材料来源、过程边界与使用需求","evidence-mechanical","印刷工程：台架成功为什么还不能覆盖所有工况？","印刷工程：学习型控制与数字孪生怎样面对未见工况和模型偏差？","工况、台架日志与接口版本","本方向具体检查：对照载荷范围、控制条件和实际接口。不要把「材料来源、过程边界与使用需求」中不同条件直接合并。","工况、台架日志与接口版本的来源与比较条件记录，注明「印刷工程」的来源、课题版本、已查项与未决项。","https://ocw.mit.edu/courses/2-001-mechanics-materials-i-fall-2006/pages/syllabus/"
"light-industry-5","light-industry","轻工过程评价","材料来源、过程边界与使用需求","evidence-mechanical","轻工过程评价：台架成功为什么还不能覆盖所有工况？","轻工过程评价：学习型控制与数字孪生怎样面对未见工况和模型偏差？","工况、台架日志与接口版本","本方向具体检查：对照载荷范围、控制条件和实际接口。不要把「材料来源、过程边界与使用需求」中不同条件直接合并。","工况、台架日志与接口版本的来源与比较条件记录，注明「轻工过程评价」的来源、课题版本、已查项与未决项。","https://ocw.mit.edu/courses/2-001-mechanics-materials-i-fall-2006/pages/syllabus/"
"light-industry-6","light-industry","轻工资源循环","材料来源、过程边界与使用需求","evidence-mechanical","轻工资源循环：台架成功为什么还不能覆盖所有工况？","轻工资源循环：学习型控制与数字孪生怎样面对未见工况和模型偏差？","工况、台架日志与接口版本","本方向具体检查：对照载荷范围、控制条件和实际接口。不要把「材料来源、过程边界与使用需求」中不同条件直接合并。","工况、台架日志与接口版本的来源与比较条件记录，注明「轻工资源循环」的来源、课题版本、已查项与未决项。","https://ocw.mit.edu/courses/2-001-mechanics-materials-i-fall-2006/pages/syllabus/"
"light-industry-7","light-industry","轻工产品设计","材料来源、过程边界与使用需求","arts","轻工产品设计：用户说喜欢，为什么还需要观察实际任务完成？","轻工产品设计：新的创作或展示方式能否兼顾语境、实际体验与作品差异？","任务脚本、原型版本与用户反馈","本方向具体检查：对照用户目标与任务完成，保留失败路径。不要把「材料来源、过程边界与使用需求」中不同条件直接合并。","作品版本、制作取舍与观看条件记录，注明「轻工产品设计」的来源、课题版本、已查项与未决项。","https://www.cs.tsinghua.edu.cn/kxyj/kyfx.htm；https://www.cafa.edu.cn/sp/nljg/?j=151"
"light-industry-8","light-industry","轻工质量管理","材料来源、过程边界与使用需求","evidence-mechanical","轻工质量管理：台架成功为什么还不能覆盖所有工况？","轻工质量管理：学习型控制与数字孪生怎样面对未见工况和模型偏差？","工况、台架日志与接口版本","本方向具体检查：对照载荷范围、控制条件和实际接口。不要把「材料来源、过程边界与使用需求」中不同条件直接合并。","工况、台架日志与接口版本的来源与比较条件记录，注明「轻工质量管理」的来源、课题版本、已查项与未决项。","https://ocw.mit.edu/courses/2-001-mechanics-materials-i-fall-2006/pages/syllabus/"
"light-industry-9","light-industry","轻工材料测量","材料来源、过程边界与使用需求","materials","轻工材料测量：表征显示结构不同，怎样判断它与性质变化有关？","轻工材料测量：新的材料或循环方案能否在多批次、老化与实际使用中保留性能？","样品批次、表征状态与使用评价","本方向具体检查：核对表征与评价是否来自同一批次和状态。不要把「材料来源、过程边界与使用需求」中不同条件直接合并。","结构、批次、测量状态与使用条件表，注明「轻工材料测量」的来源、课题版本、已查项与未决项。","https://www.chem.pku.edu.cn/en/Research/ResearchTheme/index.htm"
"light-industry-10","light-industry","轻工环境评价","材料来源、过程边界与使用需求","evidence-ecology","轻工环境评价：一个采样点的变化，何时能帮助解释更大区域？","轻工环境评价：气候与生态多来源资料如何刻画极端事件后的恢复？","采样位置、时间窗口与环境背景记录","本方向具体检查：画出实际覆盖范围，保留天气与缺测时段。不要把「材料来源、过程边界与使用需求」中不同条件直接合并。","采样位置、时间窗口与环境背景记录的来源与比较条件记录，注明「轻工环境评价」的来源、课题版本、已查项与未决项。","https://www.ues.pku.edu.cn/ztlm/zrdlyzrzyx/index.htm"
"light-industry-11","light-industry","轻工数字化","材料来源、过程边界与使用需求","evidence-mechanical","轻工数字化：台架成功为什么还不能覆盖所有工况？","轻工数字化：学习型控制与数字孪生怎样面对未见工况和模型偏差？","工况、台架日志与接口版本","本方向具体检查：对照载荷范围、控制条件和实际接口。不要把「材料来源、过程边界与使用需求」中不同条件直接合并。","工况、台架日志与接口版本的来源与比较条件记录，注明「轻工数字化」的来源、课题版本、已查项与未决项。","https://ocw.mit.edu/courses/2-001-mechanics-materials-i-fall-2006/pages/syllabus/"
"light-industry-12","light-industry","轻工史","材料来源、过程边界与使用需求","evidence-mechanical","轻工史：台架成功为什么还不能覆盖所有工况？","轻工史：学习型控制与数字孪生怎样面对未见工况和模型偏差？","工况、台架日志与接口版本","本方向具体检查：对照载荷范围、控制条件和实际接口。不要把「材料来源、过程边界与使用需求」中不同条件直接合并。","工况、台架日志与接口版本的来源与比较条件记录，注明「轻工史」的来源、课题版本、已查项与未决项。","https://ocw.mit.edu/courses/2-001-mechanics-materials-i-fall-2006/pages/syllabus/"
"transportation-engineering-1","transportation-engineering","道路与铁道工程资料","出行时间、系统边界与评价对象","evidence-mechanical","道路与铁道工程资料：台架成功为什么还不能覆盖所有工况？","道路与铁道工程资料：学习型控制与数字孪生怎样面对未见工况和模型偏差？","工况、台架日志与接口版本","本方向具体检查：对照载荷范围、控制条件和实际接口。不要把「出行时间、系统边界与评价对象」中不同条件直接合并。","工况、台架日志与接口版本的来源与比较条件记录，注明「道路与铁道工程资料」的来源、课题版本、已查项与未决项。","https://ocw.mit.edu/courses/2-001-mechanics-materials-i-fall-2006/pages/syllabus/"
"transportation-engineering-2","transportation-engineering","交通信息工程","出行时间、系统边界与评价对象","circuits","交通信息工程：仿真信号与实际测量怎样在同一条件下比较？","交通信息工程：协同设计能否在负载、噪声和器件差异下保留性能与能耗解释？","信号标定、器件状态与测试条件","本方向具体检查：把仿真参数与实际测量条件逐项对应。不要把「出行时间、系统边界与评价对象」中不同条件直接合并。","器件版本、输入条件与误差预算表，注明「交通信息工程」的来源、课题版本、已查项与未决项。","https://www.cs.tsinghua.edu.cn/kxyj/kyfx.htm；https://english.phy.pku.edu.cn/Research/Research_Areas.htm"
"transportation-engineering-3","transportation-engineering","交通运输规划","出行时间、系统边界与评价对象","mechanical","交通运输规划：台架成功为什么还不能覆盖所有工况？","交通运输规划：新的设计或评价能否跨工况保留可解释的误差与可靠性范围？","工况、台架日志与接口版本","本方向具体检查：对照载荷范围、控制条件和实际接口。不要把「出行时间、系统边界与评价对象」中不同条件直接合并。","模型简化、使用工况与失效记录，注明「交通运输规划」的来源、课题版本、已查项与未决项。","https://ocw.mit.edu/courses/2-001-mechanics-materials-i-fall-2006/pages/syllabus/"
"transportation-engineering-4","transportation-engineering","交通运载工具评价","出行时间、系统边界与评价对象","mechanical","交通运载工具评价：台架成功为什么还不能覆盖所有工况？","交通运载工具评价：新的设计或评价能否跨工况保留可解释的误差与可靠性范围？","工况、台架日志与接口版本","本方向具体检查：对照载荷范围、控制条件和实际接口。不要把「出行时间、系统边界与评价对象」中不同条件直接合并。","模型简化、使用工况与失效记录，注明「交通运载工具评价」的来源、课题版本、已查项与未决项。","https://ocw.mit.edu/courses/2-001-mechanics-materials-i-fall-2006/pages/syllabus/"
"transportation-engineering-5","transportation-engineering","交通组织","出行时间、系统边界与评价对象","mechanical","交通组织：台架成功为什么还不能覆盖所有工况？","交通组织：新的设计或评价能否跨工况保留可解释的误差与可靠性范围？","工况、台架日志与接口版本","本方向具体检查：对照载荷范围、控制条件和实际接口。不要把「出行时间、系统边界与评价对象」中不同条件直接合并。","模型简化、使用工况与失效记录，注明「交通组织」的来源、课题版本、已查项与未决项。","https://ocw.mit.edu/courses/2-001-mechanics-materials-i-fall-2006/pages/syllabus/"
"transportation-engineering-6","transportation-engineering","出行行为","出行时间、系统边界与评价对象","evidence-mechanical","出行行为：台架成功为什么还不能覆盖所有工况？","出行行为：学习型控制与数字孪生怎样面对未见工况和模型偏差？","工况、台架日志与接口版本","本方向具体检查：对照载荷范围、控制条件和实际接口。不要把「出行时间、系统边界与评价对象」中不同条件直接合并。","工况、台架日志与接口版本的来源与比较条件记录，注明「出行行为」的来源、课题版本、已查项与未决项。","https://ocw.mit.edu/courses/2-001-mechanics-materials-i-fall-2006/pages/syllabus/"
"transportation-engineering-7","transportation-engineering","公共交通","出行时间、系统边界与评价对象","mechanical","公共交通：台架成功为什么还不能覆盖所有工况？","公共交通：新的设计或评价能否跨工况保留可解释的误差与可靠性范围？","工况、台架日志与接口版本","本方向具体检查：对照载荷范围、控制条件和实际接口。不要把「出行时间、系统边界与评价对象」中不同条件直接合并。","模型简化、使用工况与失效记录，注明「公共交通」的来源、课题版本、已查项与未决项。","https://ocw.mit.edu/courses/2-001-mechanics-materials-i-fall-2006/pages/syllabus/"
"transportation-engineering-8","transportation-engineering","交通测量","出行时间、系统边界与评价对象","mechanical","交通测量：台架成功为什么还不能覆盖所有工况？","交通测量：新的设计或评价能否跨工况保留可解释的误差与可靠性范围？","工况、台架日志与接口版本","本方向具体检查：对照载荷范围、控制条件和实际接口。不要把「出行时间、系统边界与评价对象」中不同条件直接合并。","模型简化、使用工况与失效记录，注明「交通测量」的来源、课题版本、已查项与未决项。","https://ocw.mit.edu/courses/2-001-mechanics-materials-i-fall-2006/pages/syllabus/"
"transportation-engineering-9","transportation-engineering","交通可靠性","出行时间、系统边界与评价对象","mechanical","交通可靠性：台架成功为什么还不能覆盖所有工况？","交通可靠性：新的设计或评价能否跨工况保留可解释的误差与可靠性范围？","工况、台架日志与接口版本","本方向具体检查：对照载荷范围、控制条件和实际接口。不要把「出行时间、系统边界与评价对象」中不同条件直接合并。","模型简化、使用工况与失效记录，注明「交通可靠性」的来源、课题版本、已查项与未决项。","https://ocw.mit.edu/courses/2-001-mechanics-materials-i-fall-2006/pages/syllabus/"
"transportation-engineering-10","transportation-engineering","交通环境评价","出行时间、系统边界与评价对象","mechanical","交通环境评价：一个采样点的变化，何时能帮助解释更大区域？","交通环境评价：新的设计或评价能否跨工况保留可解释的误差与可靠性范围？","采样位置、时间窗口与环境背景记录","本方向具体检查：画出实际覆盖范围，保留天气与缺测时段。不要把「出行时间、系统边界与评价对象」中不同条件直接合并。","模型简化、使用工况与失效记录，注明「交通环境评价」的来源、课题版本、已查项与未决项。","https://www.ues.pku.edu.cn/ztlm/zrdlyzrzyx/index.htm"
"transportation-engineering-11","transportation-engineering","交通工程史","出行时间、系统边界与评价对象","mechanical","交通工程史：台架成功为什么还不能覆盖所有工况？","交通工程史：新的设计或评价能否跨工况保留可解释的误差与可靠性范围？","工况、台架日志与接口版本","本方向具体检查：对照载荷范围、控制条件和实际接口。不要把「出行时间、系统边界与评价对象」中不同条件直接合并。","模型简化、使用工况与失效记录，注明「交通工程史」的来源、课题版本、已查项与未决项。","https://ocw.mit.edu/courses/2-001-mechanics-materials-i-fall-2006/pages/syllabus/"
"transportation-engineering-12","transportation-engineering","交通可及性","出行时间、系统边界与评价对象","interaction","交通可及性：台架成功为什么还不能覆盖所有工况？","交通可及性：新的交互方案能否照顾未完成任务的人，并在真实使用中保留效果？","工况、台架日志与接口版本","本方向具体检查：对照载荷范围、控制条件和实际接口。不要把「出行时间、系统边界与评价对象」中不同条件直接合并。","用户进入路径、任务日志与退出反馈，注明「交通可及性」的来源、课题版本、已查项与未决项。","https://ocw.mit.edu/courses/2-001-mechanics-materials-i-fall-2006/pages/syllabus/"
"ship-engineering-1","ship-engineering","船舶结构评价","尺度效应、海况与模型边界","subject-structures","船舶结构评价：这条边界条件在实际使用里由什么保证？","船舶结构评价：数字模型怎样同时约束局部响应和长期可靠性？","荷载边界、模型简化与失效记录","分开模型假设、边界条件与响应评价","荷载边界、模型简化与失效记录的比较与解释记录","https://ocw.mit.edu/courses/2-001-mechanics-materials-i-fall-2006/pages/syllabus/"
"ship-engineering-2","ship-engineering","船舶流体模型","尺度效应、海况与模型边界","mechanical","船舶流体模型：台架成功为什么还不能覆盖所有工况？","船舶流体模型：新的设计或评价能否跨工况保留可解释的误差与可靠性范围？","工况、台架日志与接口版本","本方向具体检查：对照载荷范围、控制条件和实际接口。不要把「尺度效应、海况与模型边界」中不同条件直接合并。","模型简化、使用工况与失效记录，注明「船舶流体模型」的来源、课题版本、已查项与未决项。","https://ocw.mit.edu/courses/2-001-mechanics-materials-i-fall-2006/pages/syllabus/"
"ship-engineering-3","ship-engineering","海洋结构","尺度效应、海况与模型边界","subject-structures","海洋结构：这条边界条件在实际使用里由什么保证？","海洋结构：数字模型怎样同时约束局部响应和长期可靠性？","荷载边界、模型简化与失效记录","分开模型假设、边界条件与响应评价","荷载边界、模型简化与失效记录的比较与解释记录","https://www.ues.pku.edu.cn/ztlm/zrdlyzrzyx/index.htm"
"ship-engineering-4","ship-engineering","船舶动力资料","尺度效应、海况与模型边界","energy","船舶动力资料：台架成功为什么还不能覆盖所有工况？","船舶动力资料：新的转换或调度方案能否在全周期、工况变化与资源约束下保留优势？","工况、台架日志与接口版本","本方向具体检查：对照载荷范围、控制条件和实际接口。不要把「尺度效应、海况与模型边界」中不同条件直接合并。","工况、全流程边界与资源取舍表，注明「船舶动力资料」的来源、课题版本、已查项与未决项。","https://ocw.mit.edu/courses/2-001-mechanics-materials-i-fall-2006/pages/syllabus/"
"ship-engineering-5","ship-engineering","海洋工程测量","尺度效应、海况与模型边界","geoscience","海洋工程测量：一个采样点的变化，何时能帮助解释更大区域？","海洋工程测量：多源观测能否跨尺度保留校准，并在极端或新时期接受外部检查？","采样位置、时间窗口与环境背景记录","本方向具体检查：画出实际覆盖范围，保留天气与缺测时段。不要把「尺度效应、海况与模型边界」中不同条件直接合并。","空间尺度、观测窗口与缺测索引，注明「海洋工程测量」的来源、课题版本、已查项与未决项。","https://www.ues.pku.edu.cn/ztlm/zrdlyzrzyx/index.htm"
"ship-engineering-6","ship-engineering","海洋装备可靠性","尺度效应、海况与模型边界","geoscience","海洋装备可靠性：一个采样点的变化，何时能帮助解释更大区域？","海洋装备可靠性：多源观测能否跨尺度保留校准，并在极端或新时期接受外部检查？","采样位置、时间窗口与环境背景记录","本方向具体检查：画出实际覆盖范围，保留天气与缺测时段。不要把「尺度效应、海况与模型边界」中不同条件直接合并。","空间尺度、观测窗口与缺测索引，注明「海洋装备可靠性」的来源、课题版本、已查项与未决项。","https://www.ues.pku.edu.cn/ztlm/zrdlyzrzyx/index.htm"
"ship-engineering-7","ship-engineering","港口协作资料","尺度效应、海况与模型边界","evidence-ecology","港口协作资料：一个采样点的变化，何时能帮助解释更大区域？","港口协作资料：气候与生态多来源资料如何刻画极端事件后的恢复？","采样位置、时间窗口与环境背景记录","本方向具体检查：画出实际覆盖范围，保留天气与缺测时段。不要把「尺度效应、海况与模型边界」中不同条件直接合并。","采样位置、时间窗口与环境背景记录的来源与比较条件记录，注明「港口协作资料」的来源、课题版本、已查项与未决项。","https://www.ues.pku.edu.cn/ztlm/zrdlyzrzyx/index.htm"
"ship-engineering-8","ship-engineering","海洋环境工况","尺度效应、海况与模型边界","geoscience","海洋环境工况：过程的物料与能量衡算，为什么要先明确系统边界？","海洋环境工况：多源观测能否跨尺度保留校准，并在极端或新时期接受外部检查？","系统边界、物料衡算与工况记录","本方向具体检查：在同一系统边界下核对衡算与工况差异。不要把「尺度效应、海况与模型边界」中不同条件直接合并。","空间尺度、观测窗口与缺测索引，注明「海洋环境工况」的来源、课题版本、已查项与未决项。","https://www.chem.pku.edu.cn/en/Research/ResearchTheme/index.htm；https://ocw.mit.edu/courses/2-001-mechanics-materials-i-fall-2006/pages/syllabus/"
"ship-engineering-9","ship-engineering","船舶工程史","尺度效应、海况与模型边界","mechanical","船舶工程史：台架成功为什么还不能覆盖所有工况？","船舶工程史：新的设计或评价能否跨工况保留可解释的误差与可靠性范围？","工况、台架日志与接口版本","本方向具体检查：对照载荷范围、控制条件和实际接口。不要把「尺度效应、海况与模型边界」中不同条件直接合并。","模型简化、使用工况与失效记录，注明「船舶工程史」的来源、课题版本、已查项与未决项。","https://ocw.mit.edu/courses/2-001-mechanics-materials-i-fall-2006/pages/syllabus/"
"ship-engineering-10","ship-engineering","海洋工程材料","尺度效应、海况与模型边界","materials","海洋工程材料：一个采样点的变化，何时能帮助解释更大区域？","海洋工程材料：新的材料或循环方案能否在多批次、老化与实际使用中保留性能？","采样位置、时间窗口与环境背景记录","本方向具体检查：画出实际覆盖范围，保留天气与缺测时段。不要把「尺度效应、海况与模型边界」中不同条件直接合并。","结构、批次、测量状态与使用条件表，注明「海洋工程材料」的来源、课题版本、已查项与未决项。","https://www.ues.pku.edu.cn/ztlm/zrdlyzrzyx/index.htm"
"ship-engineering-11","ship-engineering","船舶数字化","尺度效应、海况与模型边界","mechanical","船舶数字化：台架成功为什么还不能覆盖所有工况？","船舶数字化：新的设计或评价能否跨工况保留可解释的误差与可靠性范围？","工况、台架日志与接口版本","本方向具体检查：对照载荷范围、控制条件和实际接口。不要把「尺度效应、海况与模型边界」中不同条件直接合并。","模型简化、使用工况与失效记录，注明「船舶数字化」的来源、课题版本、已查项与未决项。","https://ocw.mit.edu/courses/2-001-mechanics-materials-i-fall-2006/pages/syllabus/"
"ship-engineering-12","ship-engineering","海洋工程教育","尺度效应、海况与模型边界","geoscience","海洋工程教育：参与更积极，为什么不等于目标知识掌握更好？","海洋工程教育：多源观测能否跨尺度保留校准，并在极端或新时期接受外部检查？","课堂目标、活动记录与学习过程材料","本方向具体检查：让任务、教学目标与评价对应，保留班级差异。不要把「尺度效应、海况与模型边界」中不同条件直接合并。","空间尺度、观测窗口与缺测索引，注明「海洋工程教育」的来源、课题版本、已查项与未决项。","https://cter.bnu.edu.cn/docs/2024-05/e0d9749ec02e425eb45aa96fefdadc2a.pdf"
"armament-history-1","armament-history","兵器技术史","公开史料出处、历史工况与解释范围","subject-military-history","兵器技术史：当时的信息和资源允许你提出的这个解释吗？","兵器技术史：公共史料数字化怎样保留组织变迁中的反例？","公开史料、当时信息与组织约束","限制在公开历史解释，保留行动者当时能知道的内容","公开史料、当时信息与组织约束的比较与解释记录","https://www.moe.gov.cn/srcsite/A22/moe_833/202209/t20220914_660828.html；https://history.pku.edu.cn/bxgk/xkjj/index.htm"
"armament-history-2","armament-history","装备博物馆资料","公开史料出处、历史工况与解释范围","subject-military-history","装备博物馆资料：当时的信息和资源允许你提出的这个解释吗？","装备博物馆资料：公共史料数字化怎样保留组织变迁中的反例？","公开史料、当时信息与组织约束","限制在公开历史解释，保留行动者当时能知道的内容","公开史料、当时信息与组织约束的比较与解释记录","https://www.moe.gov.cn/srcsite/A22/moe_833/202209/t20220914_660828.html；https://history.pku.edu.cn/bxgk/xkjj/index.htm"
"armament-history-3","armament-history","装备标准史","公开史料出处、历史工况与解释范围","subject-military-history","装备标准史：当时的信息和资源允许你提出的这个解释吗？","装备标准史：公共史料数字化怎样保留组织变迁中的反例？","公开史料、当时信息与组织约束","限制在公开历史解释，保留行动者当时能知道的内容","公开史料、当时信息与组织约束的比较与解释记录","https://www.moe.gov.cn/srcsite/A22/moe_833/202209/t20220914_660828.html；https://history.pku.edu.cn/bxgk/xkjj/index.htm"
"armament-history-4","armament-history","技术档案评价","公开史料出处、历史工况与解释范围","subject-military-history","技术档案评价：当时的信息和资源允许你提出的这个解释吗？","技术档案评价：公共史料数字化怎样保留组织变迁中的反例？","公开史料、当时信息与组织约束","限制在公开历史解释，保留行动者当时能知道的内容","公开史料、当时信息与组织约束的比较与解释记录","https://www.moe.gov.cn/srcsite/A22/moe_833/202209/t20220914_660828.html；https://history.pku.edu.cn/bxgk/xkjj/index.htm"
"armament-history-5","armament-history","公开技术叙事","公开史料出处、历史工况与解释范围","subject-military-history","公开技术叙事：当时的信息和资源允许你提出的这个解释吗？","公开技术叙事：公共史料数字化怎样保留组织变迁中的反例？","公开史料、当时信息与组织约束","限制在公开历史解释，保留行动者当时能知道的内容","公开史料、当时信息与组织约束的比较与解释记录","https://www.moe.gov.cn/srcsite/A22/moe_833/202209/t20220914_660828.html；https://history.pku.edu.cn/bxgk/xkjj/index.htm"
"armament-history-6","armament-history","材料史","公开史料出处、历史工况与解释范围","subject-military-history","材料史：当时的信息和资源允许你提出的这个解释吗？","材料史：公共史料数字化怎样保留组织变迁中的反例？","公开史料、当时信息与组织约束","限制在公开历史解释，保留行动者当时能知道的内容","公开史料、当时信息与组织约束的比较与解释记录","https://www.moe.gov.cn/srcsite/A22/moe_833/202209/t20220914_660828.html；https://history.pku.edu.cn/bxgk/xkjj/index.htm"
"armament-history-7","armament-history","工业组织史","公开史料出处、历史工况与解释范围","subject-military-history","工业组织史：当时的信息和资源允许你提出的这个解释吗？","工业组织史：公共史料数字化怎样保留组织变迁中的反例？","公开史料、当时信息与组织约束","限制在公开历史解释，保留行动者当时能知道的内容","公开史料、当时信息与组织约束的比较与解释记录","https://www.moe.gov.cn/srcsite/A22/moe_833/202209/t20220914_660828.html；https://history.pku.edu.cn/bxgk/xkjj/index.htm"
"armament-history-8","armament-history","科技伦理","公开史料出处、历史工况与解释范围","subject-military-history","科技伦理：当时的信息和资源允许你提出的这个解释吗？","科技伦理：公共史料数字化怎样保留组织变迁中的反例？","公开史料、当时信息与组织约束","限制在公开历史解释，保留行动者当时能知道的内容","公开史料、当时信息与组织约束的比较与解释记录","https://www.moe.gov.cn/srcsite/A22/moe_833/202209/t20220914_660828.html；https://history.pku.edu.cn/bxgk/xkjj/index.htm"
"armament-history-9","armament-history","装备展示研究","公开史料出处、历史工况与解释范围","subject-military-history","装备展示研究：当时的信息和资源允许你提出的这个解释吗？","装备展示研究：公共史料数字化怎样保留组织变迁中的反例？","公开史料、当时信息与组织约束","限制在公开历史解释，保留行动者当时能知道的内容","公开史料、当时信息与组织约束的比较与解释记录","https://www.moe.gov.cn/srcsite/A22/moe_833/202209/t20220914_660828.html；https://history.pku.edu.cn/bxgk/xkjj/index.htm"
"armament-history-10","armament-history","技术教育史","公开史料出处、历史工况与解释范围","subject-military-history","技术教育史：当时的信息和资源允许你提出的这个解释吗？","技术教育史：公共史料数字化怎样保留组织变迁中的反例？","公开史料、当时信息与组织约束","限制在公开历史解释，保留行动者当时能知道的内容","公开史料、当时信息与组织约束的比较与解释记录","https://www.moe.gov.cn/srcsite/A22/moe_833/202209/t20220914_660828.html；https://history.pku.edu.cn/bxgk/xkjj/index.htm"
"armament-history-11","armament-history","文物技术资料","公开史料出处、历史工况与解释范围","subject-military-history","文物技术资料：当时的信息和资源允许你提出的这个解释吗？","文物技术资料：公共史料数字化怎样保留组织变迁中的反例？","公开史料、当时信息与组织约束","限制在公开历史解释，保留行动者当时能知道的内容","公开史料、当时信息与组织约束的比较与解释记录","https://www.moe.gov.cn/srcsite/A22/moe_833/202209/t20220914_660828.html；https://history.pku.edu.cn/bxgk/xkjj/index.htm"
"armament-history-12","armament-history","技术文献校勘","公开史料出处、历史工况与解释范围","subject-military-history","技术文献校勘：当时的信息和资源允许你提出的这个解释吗？","技术文献校勘：公共史料数字化怎样保留组织变迁中的反例？","公开史料、当时信息与组织约束","限制在公开历史解释，保留行动者当时能知道的内容","公开史料、当时信息与组织约束的比较与解释记录","https://www.moe.gov.cn/srcsite/A22/moe_833/202209/t20220914_660828.html；https://history.pku.edu.cn/bxgk/xkjj/index.htm"
"nuclear-engineering-1","nuclear-engineering","核工程史","公开资料口径、评价边界与不确定性","subject-energy","核工程史：这项效率的分母包含了哪些辅助消耗？","核工程史：变工况下的系统方案怎样保留全周期优势？","工况、辅助能耗与完整系统边界","在同一边界下比较转换、等待与维护成本","工况、辅助能耗与完整系统边界的比较与解释记录","https://ocw.mit.edu/courses/2-001-mechanics-materials-i-fall-2006/pages/syllabus/"
"nuclear-engineering-2","nuclear-engineering","核能系统评价","公开资料口径、评价边界与不确定性","subject-energy","核能系统评价：这项效率的分母包含了哪些辅助消耗？","核能系统评价：变工况下的系统方案怎样保留全周期优势？","工况、辅助能耗与完整系统边界","在同一边界下比较转换、等待与维护成本","工况、辅助能耗与完整系统边界的比较与解释记录","https://www.cs.tsinghua.edu.cn/jgsz/yjssys/jsjkxyjsxrjyjs.htm"
"nuclear-engineering-3","nuclear-engineering","辐射测量资料","公开资料口径、评价边界与不确定性","subject-energy","辐射测量资料：这项效率的分母包含了哪些辅助消耗？","辐射测量资料：变工况下的系统方案怎样保留全周期优势？","工况、辅助能耗与完整系统边界","在同一边界下比较转换、等待与维护成本","工况、辅助能耗与完整系统边界的比较与解释记录","https://ocw.mit.edu/courses/2-001-mechanics-materials-i-fall-2006/pages/syllabus/"
"nuclear-engineering-4","nuclear-engineering","核仪器史","公开资料口径、评价边界与不确定性","subject-energy","核仪器史：这项效率的分母包含了哪些辅助消耗？","核仪器史：变工况下的系统方案怎样保留全周期优势？","工况、辅助能耗与完整系统边界","在同一边界下比较转换、等待与维护成本","工况、辅助能耗与完整系统边界的比较与解释记录","https://ocw.mit.edu/courses/2-001-mechanics-materials-i-fall-2006/pages/syllabus/"
"nuclear-engineering-5","nuclear-engineering","核材料公开资料","公开资料口径、评价边界与不确定性","subject-energy","核材料公开资料：这项效率的分母包含了哪些辅助消耗？","核材料公开资料：变工况下的系统方案怎样保留全周期优势？","工况、辅助能耗与完整系统边界","在同一边界下比较转换、等待与维护成本","工况、辅助能耗与完整系统边界的比较与解释记录","https://www.chem.pku.edu.cn/en/Research/ResearchTheme/index.htm"
"nuclear-engineering-6","nuclear-engineering","核能环境评价","公开资料口径、评价边界与不确定性","subject-energy","核能环境评价：这项效率的分母包含了哪些辅助消耗？","核能环境评价：变工况下的系统方案怎样保留全周期优势？","工况、辅助能耗与完整系统边界","在同一边界下比较转换、等待与维护成本","工况、辅助能耗与完整系统边界的比较与解释记录","https://www.ues.pku.edu.cn/ztlm/zrdlyzrzyx/index.htm"
"nuclear-engineering-7","nuclear-engineering","核能政策","公开资料口径、评价边界与不确定性","subject-energy","核能政策：这项效率的分母包含了哪些辅助消耗？","核能政策：变工况下的系统方案怎样保留全周期优势？","工况、辅助能耗与完整系统边界","在同一边界下比较转换、等待与维护成本","工况、辅助能耗与完整系统边界的比较与解释记录","https://ocw.mit.edu/courses/2-001-mechanics-materials-i-fall-2006/pages/syllabus/"
"nuclear-engineering-8","nuclear-engineering","核数据质量","公开资料口径、评价边界与不确定性","subject-energy","核数据质量：这项效率的分母包含了哪些辅助消耗？","核数据质量：变工况下的系统方案怎样保留全周期优势？","工况、辅助能耗与完整系统边界","在同一边界下比较转换、等待与维护成本","工况、辅助能耗与完整系统边界的比较与解释记录","https://ocw.mit.edu/courses/2-001-mechanics-materials-i-fall-2006/pages/syllabus/"
"nuclear-engineering-9","nuclear-engineering","核工程教育","公开资料口径、评价边界与不确定性","subject-energy","核工程教育：这项效率的分母包含了哪些辅助消耗？","核工程教育：变工况下的系统方案怎样保留全周期优势？","工况、辅助能耗与完整系统边界","在同一边界下比较转换、等待与维护成本","工况、辅助能耗与完整系统边界的比较与解释记录","https://cter.bnu.edu.cn/docs/2024-05/e0d9749ec02e425eb45aa96fefdadc2a.pdf"
"nuclear-engineering-10","nuclear-engineering","公共风险沟通","公开资料口径、评价边界与不确定性","subject-energy","公共风险沟通：这项效率的分母包含了哪些辅助消耗？","公共风险沟通：变工况下的系统方案怎样保留全周期优势？","工况、辅助能耗与完整系统边界","在同一边界下比较转换、等待与维护成本","工况、辅助能耗与完整系统边界的比较与解释记录","https://ocw.mit.edu/courses/2-001-mechanics-materials-i-fall-2006/pages/syllabus/"
"nuclear-engineering-11","nuclear-engineering","核能经济评价","公开资料口径、评价边界与不确定性","subject-energy","核能经济评价：这项效率的分母包含了哪些辅助消耗？","核能经济评价：变工况下的系统方案怎样保留全周期优势？","工况、辅助能耗与完整系统边界","在同一边界下比较转换、等待与维护成本","工况、辅助能耗与完整系统边界的比较与解释记录","https://ocw.mit.edu/courses/2-001-mechanics-materials-i-fall-2006/pages/syllabus/"
"nuclear-engineering-12","nuclear-engineering","公开模型复现","公开资料口径、评价边界与不确定性","subject-energy","公开模型复现：这项效率的分母包含了哪些辅助消耗？","公开模型复现：变工况下的系统方案怎样保留全周期优势？","工况、辅助能耗与完整系统边界","在同一边界下比较转换、等待与维护成本","工况、辅助能耗与完整系统边界的比较与解释记录","https://ocw.mit.edu/courses/2-001-mechanics-materials-i-fall-2006/pages/syllabus/"
"agricultural-engineering-1","agricultural-engineering","农业机械评价","作业工况、地块条件与设备版本","crop","农业机械评价：台架成功为什么还不能覆盖所有工况？","农业机械评价：新的性状或管理解释能否跨季节与地点保持，并保留资源取舍？","工况、台架日志与接口版本","本方向具体检查：对照载荷范围、控制条件和实际接口。不要把「作业工况、地块条件与设备版本」中不同条件直接合并。","地块、季节、对象与管理记录，注明「农业机械评价」的来源、课题版本、已查项与未决项。","https://ocw.mit.edu/courses/2-001-mechanics-materials-i-fall-2006/pages/syllabus/"
"agricultural-engineering-2","agricultural-engineering","农业水土工程","作业工况、地块条件与设备版本","ecology","农业水土工程：台架成功为什么还不能覆盖所有工况？","农业水土工程：长期或多尺度观察能否区分自然波动、管理改变与恢复过程？","工况、台架日志与接口版本","本方向具体检查：对照载荷范围、控制条件和实际接口。不要把「作业工况、地块条件与设备版本」中不同条件直接合并。","地块、季节与管理背景对照页，注明「农业水土工程」的来源、课题版本、已查项与未决项。","https://ocw.mit.edu/courses/2-001-mechanics-materials-i-fall-2006/pages/syllabus/"
"agricultural-engineering-3","agricultural-engineering","农业生物环境工程","作业工况、地块条件与设备版本","crop","农业生物环境工程：台架成功为什么还不能覆盖所有工况？","农业生物环境工程：新的性状或管理解释能否跨季节与地点保持，并保留资源取舍？","工况、台架日志与接口版本","本方向具体检查：对照载荷范围、控制条件和实际接口。不要把「作业工况、地块条件与设备版本」中不同条件直接合并。","地块、季节、对象与管理记录，注明「农业生物环境工程」的来源、课题版本、已查项与未决项。","https://ocw.mit.edu/courses/2-001-mechanics-materials-i-fall-2006/pages/syllabus/"
"agricultural-engineering-4","agricultural-engineering","农业电气化","作业工况、地块条件与设备版本","crop","农业电气化：台架成功为什么还不能覆盖所有工况？","农业电气化：新的性状或管理解释能否跨季节与地点保持，并保留资源取舍？","工况、台架日志与接口版本","本方向具体检查：对照载荷范围、控制条件和实际接口。不要把「作业工况、地块条件与设备版本」中不同条件直接合并。","地块、季节、对象与管理记录，注明「农业电气化」的来源、课题版本、已查项与未决项。","https://ocw.mit.edu/courses/2-001-mechanics-materials-i-fall-2006/pages/syllabus/"
"agricultural-engineering-5","agricultural-engineering","农业信息化","作业工况、地块条件与设备版本","crop","农业信息化：台架成功为什么还不能覆盖所有工况？","农业信息化：新的性状或管理解释能否跨季节与地点保持，并保留资源取舍？","工况、台架日志与接口版本","本方向具体检查：对照载荷范围、控制条件和实际接口。不要把「作业工况、地块条件与设备版本」中不同条件直接合并。","地块、季节、对象与管理记录，注明「农业信息化」的来源、课题版本、已查项与未决项。","https://ocw.mit.edu/courses/2-001-mechanics-materials-i-fall-2006/pages/syllabus/"
"agricultural-engineering-6","agricultural-engineering","农业装备可靠性","作业工况、地块条件与设备版本","crop","农业装备可靠性：台架成功为什么还不能覆盖所有工况？","农业装备可靠性：新的性状或管理解释能否跨季节与地点保持，并保留资源取舍？","工况、台架日志与接口版本","本方向具体检查：对照载荷范围、控制条件和实际接口。不要把「作业工况、地块条件与设备版本」中不同条件直接合并。","地块、季节、对象与管理记录，注明「农业装备可靠性」的来源、课题版本、已查项与未决项。","https://ocw.mit.edu/courses/2-001-mechanics-materials-i-fall-2006/pages/syllabus/"
"agricultural-engineering-7","agricultural-engineering","农业能源评价","作业工况、地块条件与设备版本","crop","农业能源评价：台架成功为什么还不能覆盖所有工况？","农业能源评价：新的性状或管理解释能否跨季节与地点保持，并保留资源取舍？","工况、台架日志与接口版本","本方向具体检查：对照载荷范围、控制条件和实际接口。不要把「作业工况、地块条件与设备版本」中不同条件直接合并。","地块、季节、对象与管理记录，注明「农业能源评价」的来源、课题版本、已查项与未决项。","https://ocw.mit.edu/courses/2-001-mechanics-materials-i-fall-2006/pages/syllabus/"
"agricultural-engineering-8","agricultural-engineering","设施农业工程","作业工况、地块条件与设备版本","crop","设施农业工程：台架成功为什么还不能覆盖所有工况？","设施农业工程：新的性状或管理解释能否跨季节与地点保持，并保留资源取舍？","工况、台架日志与接口版本","本方向具体检查：对照载荷范围、控制条件和实际接口。不要把「作业工况、地块条件与设备版本」中不同条件直接合并。","地块、季节、对象与管理记录，注明「设施农业工程」的来源、课题版本、已查项与未决项。","https://ocw.mit.edu/courses/2-001-mechanics-materials-i-fall-2006/pages/syllabus/"
"agricultural-engineering-9","agricultural-engineering","农业工程测量","作业工况、地块条件与设备版本","crop","农业工程测量：台架成功为什么还不能覆盖所有工况？","农业工程测量：新的性状或管理解释能否跨季节与地点保持，并保留资源取舍？","工况、台架日志与接口版本","本方向具体检查：对照载荷范围、控制条件和实际接口。不要把「作业工况、地块条件与设备版本」中不同条件直接合并。","地块、季节、对象与管理记录，注明「农业工程测量」的来源、课题版本、已查项与未决项。","https://ocw.mit.edu/courses/2-001-mechanics-materials-i-fall-2006/pages/syllabus/"
"agricultural-engineering-10","agricultural-engineering","农业工程史","作业工况、地块条件与设备版本","crop","农业工程史：台架成功为什么还不能覆盖所有工况？","农业工程史：新的性状或管理解释能否跨季节与地点保持，并保留资源取舍？","工况、台架日志与接口版本","本方向具体检查：对照载荷范围、控制条件和实际接口。不要把「作业工况、地块条件与设备版本」中不同条件直接合并。","地块、季节、对象与管理记录，注明「农业工程史」的来源、课题版本、已查项与未决项。","https://ocw.mit.edu/courses/2-001-mechanics-materials-i-fall-2006/pages/syllabus/"
"agricultural-engineering-11","agricultural-engineering","农业机器人评价","作业工况、地块条件与设备版本","control","农业机器人评价：台架成功为什么还不能覆盖所有工况？","农业机器人评价：自适应控制能否在改变工况后保留稳定性与明确的退化边界？","工况、台架日志与接口版本","本方向具体检查：对照载荷范围、控制条件和实际接口。不要把「作业工况、地块条件与设备版本」中不同条件直接合并。","扰动、运行约束与失效情境记录，注明「农业机器人评价」的来源、课题版本、已查项与未决项。","https://ocw.mit.edu/courses/2-001-mechanics-materials-i-fall-2006/pages/syllabus/"
"agricultural-engineering-12","agricultural-engineering","农业工程教育","作业工况、地块条件与设备版本","crop","农业工程教育：参与更积极，为什么不等于目标知识掌握更好？","农业工程教育：新的性状或管理解释能否跨季节与地点保持，并保留资源取舍？","课堂目标、活动记录与学习过程材料","本方向具体检查：让任务、教学目标与评价对应，保留班级差异。不要把「作业工况、地块条件与设备版本」中不同条件直接合并。","地块、季节、对象与管理记录，注明「农业工程教育」的来源、课题版本、已查项与未决项。","https://cter.bnu.edu.cn/docs/2024-05/e0d9749ec02e425eb45aa96fefdadc2a.pdf"
"forest-engineering-1","forest-engineering","森林工程资料","木材批次、含水状态与性能尺度","ecology","森林工程资料：一个采样点的变化，何时能帮助解释更大区域？","森林工程资料：长期或多尺度观察能否区分自然波动、管理改变与恢复过程？","采样位置、时间窗口与环境背景记录","本方向具体检查：画出实际覆盖范围，保留天气与缺测时段。不要把「木材批次、含水状态与性能尺度」中不同条件直接合并。","地块、季节与管理背景对照页，注明「森林工程资料」的来源、课题版本、已查项与未决项。","https://www.ues.pku.edu.cn/ztlm/zrdlyzrzyx/index.htm"
"forest-engineering-2","forest-engineering","木材科学","木材批次、含水状态与性能尺度","materials","木材科学：一个采样点的变化，何时能帮助解释更大区域？","木材科学：新的材料或循环方案能否在多批次、老化与实际使用中保留性能？","采样位置、时间窗口与环境背景记录","本方向具体检查：画出实际覆盖范围，保留天气与缺测时段。不要把「木材批次、含水状态与性能尺度」中不同条件直接合并。","结构、批次、测量状态与使用条件表，注明「木材科学」的来源、课题版本、已查项与未决项。","https://www.ues.pku.edu.cn/ztlm/zrdlyzrzyx/index.htm"
"forest-engineering-3","forest-engineering","林产化学资料","木材批次、含水状态与性能尺度","chemistry","林产化学资料：一个采样点的变化，何时能帮助解释更大区域？","林产化学资料：新的结构或过程能否兼顾性能、稳定性与全流程资源评价？","采样位置、时间窗口与环境背景记录","本方向具体检查：画出实际覆盖范围，保留天气与缺测时段。不要把「木材批次、含水状态与性能尺度」中不同条件直接合并。","组成、工况与系统边界对照页，注明「林产化学资料」的来源、课题版本、已查项与未决项。","https://www.ues.pku.edu.cn/ztlm/zrdlyzrzyx/index.htm"
"forest-engineering-4","forest-engineering","木材结构","木材批次、含水状态与性能尺度","materials","木材结构：一个方案可行，为什么必须对应具体场地和用途？","木材结构：新的材料或循环方案能否在多批次、老化与实际使用中保留性能？","场地资料、设计版本与约束清单","本方向具体检查：让方案与场地、规范假设和反馈对应。不要把「木材批次、含水状态与性能尺度」中不同条件直接合并。","结构、批次、测量状态与使用条件表，注明「木材结构」的来源、课题版本、已查项与未决项。","https://ocw.mit.edu/courses/2-001-mechanics-materials-i-fall-2006/pages/syllabus/"
"forest-engineering-5","forest-engineering","林业装备评价","木材批次、含水状态与性能尺度","mechanical","林业装备评价：一个采样点的变化，何时能帮助解释更大区域？","林业装备评价：新的设计或评价能否跨工况保留可解释的误差与可靠性范围？","采样位置、时间窗口与环境背景记录","本方向具体检查：画出实际覆盖范围，保留天气与缺测时段。不要把「木材批次、含水状态与性能尺度」中不同条件直接合并。","模型简化、使用工况与失效记录，注明「林业装备评价」的来源、课题版本、已查项与未决项。","https://www.ues.pku.edu.cn/ztlm/zrdlyzrzyx/index.htm"
"forest-engineering-6","forest-engineering","木材测量","木材批次、含水状态与性能尺度","materials","木材测量：一个采样点的变化，何时能帮助解释更大区域？","木材测量：新的材料或循环方案能否在多批次、老化与实际使用中保留性能？","采样位置、时间窗口与环境背景记录","本方向具体检查：画出实际覆盖范围，保留天气与缺测时段。不要把「木材批次、含水状态与性能尺度」中不同条件直接合并。","结构、批次、测量状态与使用条件表，注明「木材测量」的来源、课题版本、已查项与未决项。","https://www.ues.pku.edu.cn/ztlm/zrdlyzrzyx/index.htm"
"forest-engineering-7","forest-engineering","林产品设计","木材批次、含水状态与性能尺度","arts","林产品设计：一个采样点的变化，何时能帮助解释更大区域？","林产品设计：新的创作或展示方式能否兼顾语境、实际体验与作品差异？","采样位置、时间窗口与环境背景记录","本方向具体检查：画出实际覆盖范围，保留天气与缺测时段。不要把「木材批次、含水状态与性能尺度」中不同条件直接合并。","作品版本、制作取舍与观看条件记录，注明「林产品设计」的来源、课题版本、已查项与未决项。","https://www.ues.pku.edu.cn/ztlm/zrdlyzrzyx/index.htm"
"forest-engineering-8","forest-engineering","林产资源循环","木材批次、含水状态与性能尺度","evidence-ecology","林产资源循环：一个采样点的变化，何时能帮助解释更大区域？","林产资源循环：气候与生态多来源资料如何刻画极端事件后的恢复？","采样位置、时间窗口与环境背景记录","本方向具体检查：画出实际覆盖范围，保留天气与缺测时段。不要把「木材批次、含水状态与性能尺度」中不同条件直接合并。","采样位置、时间窗口与环境背景记录的来源与比较条件记录，注明「林产资源循环」的来源、课题版本、已查项与未决项。","https://www.ues.pku.edu.cn/ztlm/zrdlyzrzyx/index.htm"
"forest-engineering-9","forest-engineering","林业工程质量","木材批次、含水状态与性能尺度","evidence-ecology","林业工程质量：一个采样点的变化，何时能帮助解释更大区域？","林业工程质量：气候与生态多来源资料如何刻画极端事件后的恢复？","采样位置、时间窗口与环境背景记录","本方向具体检查：画出实际覆盖范围，保留天气与缺测时段。不要把「木材批次、含水状态与性能尺度」中不同条件直接合并。","采样位置、时间窗口与环境背景记录的来源与比较条件记录，注明「林业工程质量」的来源、课题版本、已查项与未决项。","https://www.ues.pku.edu.cn/ztlm/zrdlyzrzyx/index.htm"
"forest-engineering-10","forest-engineering","林业工程史","木材批次、含水状态与性能尺度","evidence-ecology","林业工程史：一个采样点的变化，何时能帮助解释更大区域？","林业工程史：气候与生态多来源资料如何刻画极端事件后的恢复？","采样位置、时间窗口与环境背景记录","本方向具体检查：画出实际覆盖范围，保留天气与缺测时段。不要把「木材批次、含水状态与性能尺度」中不同条件直接合并。","采样位置、时间窗口与环境背景记录的来源与比较条件记录，注明「林业工程史」的来源、课题版本、已查项与未决项。","https://www.ues.pku.edu.cn/ztlm/zrdlyzrzyx/index.htm"
"forest-engineering-11","forest-engineering","木材数字化","木材批次、含水状态与性能尺度","materials","木材数字化：一个采样点的变化，何时能帮助解释更大区域？","木材数字化：新的材料或循环方案能否在多批次、老化与实际使用中保留性能？","采样位置、时间窗口与环境背景记录","本方向具体检查：画出实际覆盖范围，保留天气与缺测时段。不要把「木材批次、含水状态与性能尺度」中不同条件直接合并。","结构、批次、测量状态与使用条件表，注明「木材数字化」的来源、课题版本、已查项与未决项。","https://www.ues.pku.edu.cn/ztlm/zrdlyzrzyx/index.htm"
"forest-engineering-12","forest-engineering","林业工程教育","木材批次、含水状态与性能尺度","evidence-education","林业工程教育：参与更积极，为什么不等于目标知识掌握更好？","林业工程教育：智能助教怎样支持撤去辅助后的独立学习与延迟迁移？","课堂目标、活动记录与学习过程材料","本方向具体检查：让任务、教学目标与评价对应，保留班级差异。不要把「木材批次、含水状态与性能尺度」中不同条件直接合并。","课堂目标、活动记录与学习过程材料的来源与比较条件记录，注明「林业工程教育」的来源、课题版本、已查项与未决项。","https://cter.bnu.edu.cn/docs/2024-05/e0d9749ec02e425eb45aa96fefdadc2a.pdf"
"biomedical-engineering-1","biomedical-engineering","生物医学仪器","使用任务、对象差异与工程指标","subject-cross-health","生物医学仪器：技术指标改善通过哪一步联系到实际健康结局？","生物医学仪器：跨模态系统怎样验证接口失效和未覆盖人群？","技术指标、使用任务与健康结局的接口表","分别保留技术验证、实际使用与健康评价","技术指标、使用任务与健康结局的接口表的比较与解释记录","https://ocw.mit.edu/courses/2-001-mechanics-materials-i-fall-2006/pages/syllabus/"
"biomedical-engineering-2","biomedical-engineering","生物医学信号","使用任务、对象差异与工程指标","subject-cross-health","生物医学信号：技术指标改善通过哪一步联系到实际健康结局？","生物医学信号：跨模态系统怎样验证接口失效和未覆盖人群？","技术指标、使用任务与健康结局的接口表","分别保留技术验证、实际使用与健康评价","技术指标、使用任务与健康结局的接口表的比较与解释记录","https://www.cs.tsinghua.edu.cn/kxyj/kyfx.htm；https://english.phy.pku.edu.cn/Research/Research_Areas.htm"
"biomedical-engineering-3","biomedical-engineering","医学成像评价","使用任务、对象差异与工程指标","subject-cross-health","医学成像评价：技术指标改善通过哪一步联系到实际健康结局？","医学成像评价：跨模态系统怎样验证接口失效和未覆盖人群？","技术指标、使用任务与健康结局的接口表","分别保留技术验证、实际使用与健康评价","技术指标、使用任务与健康结局的接口表的比较与解释记录","https://ocw.mit.edu/courses/2-001-mechanics-materials-i-fall-2006/pages/syllabus/"
"biomedical-engineering-4","biomedical-engineering","生物材料评价","使用任务、对象差异与工程指标","subject-cross-health","生物材料评价：技术指标改善通过哪一步联系到实际健康结局？","生物材料评价：跨模态系统怎样验证接口失效和未覆盖人群？","技术指标、使用任务与健康结局的接口表","分别保留技术验证、实际使用与健康评价","技术指标、使用任务与健康结局的接口表的比较与解释记录","https://www.chem.pku.edu.cn/en/Research/ResearchTheme/index.htm"
"biomedical-engineering-5","biomedical-engineering","康复工程","使用任务、对象差异与工程指标","evidence-mechanical","康复工程：台架成功为什么还不能覆盖所有工况？","康复工程：学习型控制与数字孪生怎样面对未见工况和模型偏差？","工况、台架日志与接口版本","本方向具体检查：对照载荷范围、控制条件和实际接口。不要把「使用任务、对象差异与工程指标」中不同条件直接合并。","工况、台架日志与接口版本的来源与比较条件记录，注明「康复工程」的来源、课题版本、已查项与未决项。","https://ocw.mit.edu/courses/2-001-mechanics-materials-i-fall-2006/pages/syllabus/"
"biomedical-engineering-6","biomedical-engineering","生物力学","使用任务、对象差异与工程指标","subject-cross-health","生物力学：技术指标改善通过哪一步联系到实际健康结局？","生物力学：跨模态系统怎样验证接口失效和未覆盖人群？","技术指标、使用任务与健康结局的接口表","分别保留技术验证、实际使用与健康评价","技术指标、使用任务与健康结局的接口表的比较与解释记录","https://ocw.mit.edu/courses/2-001-mechanics-materials-i-fall-2006/pages/syllabus/"
"biomedical-engineering-7","biomedical-engineering","医学信息工程","使用任务、对象差异与工程指标","subject-cross-health","医学信息工程：技术指标改善通过哪一步联系到实际健康结局？","医学信息工程：跨模态系统怎样验证接口失效和未覆盖人群？","技术指标、使用任务与健康结局的接口表","分别保留技术验证、实际使用与健康评价","技术指标、使用任务与健康结局的接口表的比较与解释记录","https://ocw.mit.edu/courses/2-001-mechanics-materials-i-fall-2006/pages/syllabus/"
"biomedical-engineering-8","biomedical-engineering","医疗器械可用性","使用任务、对象差异与工程指标","interaction","医疗器械可用性：用户说喜欢，为什么还需要观察实际任务完成？","医疗器械可用性：新的交互方案能否照顾未完成任务的人，并在真实使用中保留效果？","目标用户、任务脚本与失败路径","本方向具体检查：区分喜欢程度与任务完成，保留求助、放弃和误操作。不要把「使用任务、对象差异与工程指标」中不同条件直接合并。","用户进入路径、任务日志与退出反馈，注明「医疗器械可用性」的来源、课题版本、已查项与未决项。","https://www.cs.tsinghua.edu.cn/kxyj/kyfx.htm；https://www.cafa.edu.cn/sp/nljg/?j=151"
"biomedical-engineering-9","biomedical-engineering","辅助技术","使用任务、对象差异与工程指标","subject-cross-health","辅助技术：技术指标改善通过哪一步联系到实际健康结局？","辅助技术：跨模态系统怎样验证接口失效和未覆盖人群？","技术指标、使用任务与健康结局的接口表","分别保留技术验证、实际使用与健康评价","技术指标、使用任务与健康结局的接口表的比较与解释记录","https://ocw.mit.edu/courses/2-001-mechanics-materials-i-fall-2006/pages/syllabus/"
"biomedical-engineering-10","biomedical-engineering","生物医学测量","使用任务、对象差异与工程指标","subject-cross-health","生物医学测量：技术指标改善通过哪一步联系到实际健康结局？","生物医学测量：跨模态系统怎样验证接口失效和未覆盖人群？","技术指标、使用任务与健康结局的接口表","分别保留技术验证、实际使用与健康评价","技术指标、使用任务与健康结局的接口表的比较与解释记录","https://ocw.mit.edu/courses/2-001-mechanics-materials-i-fall-2006/pages/syllabus/"
"biomedical-engineering-11","biomedical-engineering","工程伦理","使用任务、对象差异与工程指标","evidence-mechanical","工程伦理：台架成功为什么还不能覆盖所有工况？","工程伦理：学习型控制与数字孪生怎样面对未见工况和模型偏差？","工况、台架日志与接口版本","本方向具体检查：对照载荷范围、控制条件和实际接口。不要把「使用任务、对象差异与工程指标」中不同条件直接合并。","工况、台架日志与接口版本的来源与比较条件记录，注明「工程伦理」的来源、课题版本、已查项与未决项。","https://ocw.mit.edu/courses/2-001-mechanics-materials-i-fall-2006/pages/syllabus/"
"biomedical-engineering-12","biomedical-engineering","医学工程史","使用任务、对象差异与工程指标","subject-cross-health","医学工程史：技术指标改善通过哪一步联系到实际健康结局？","医学工程史：跨模态系统怎样验证接口失效和未覆盖人群？","技术指标、使用任务与健康结局的接口表","分别保留技术验证、实际使用与健康评价","技术指标、使用任务与健康结局的接口表的比较与解释记录","https://ocw.mit.edu/courses/2-001-mechanics-materials-i-fall-2006/pages/syllabus/"
"urban-planning-1","urban-planning","城市规划理论","空间范围、实施阶段与使用者需求","subject-urban","城市规划理论：没有进入现场的人是不是被这条路径挡住了？","城市规划理论：参与式空间设计怎样保留冲突需求和季节变化？","空间方案、实际使用路径与不同时段观察","比较设计意图、进入机会与实际使用","空间方案、实际使用路径与不同时段观察的比较与解释记录","https://ocw.mit.edu/courses/2-001-mechanics-materials-i-fall-2006/pages/syllabus/"
"urban-planning-2","urban-planning","城乡空间","空间范围、实施阶段与使用者需求","subject-urban","城乡空间：没有进入现场的人是不是被这条路径挡住了？","城乡空间：参与式空间设计怎样保留冲突需求和季节变化？","空间方案、实际使用路径与不同时段观察","比较设计意图、进入机会与实际使用","空间方案、实际使用路径与不同时段观察的比较与解释记录","https://ocw.mit.edu/courses/2-001-mechanics-materials-i-fall-2006/pages/syllabus/"
"urban-planning-3","urban-planning","区域规划","空间范围、实施阶段与使用者需求","subject-urban","区域规划：没有进入现场的人是不是被这条路径挡住了？","区域规划：参与式空间设计怎样保留冲突需求和季节变化？","空间方案、实际使用路径与不同时段观察","比较设计意图、进入机会与实际使用","空间方案、实际使用路径与不同时段观察的比较与解释记录","https://ocw.mit.edu/courses/2-001-mechanics-materials-i-fall-2006/pages/syllabus/"
"urban-planning-4","urban-planning","城市设计","空间范围、实施阶段与使用者需求","arts","城市设计：一个方案可行，为什么必须对应具体场地和用途？","城市设计：新的创作或展示方式能否兼顾语境、实际体验与作品差异？","场地资料、设计版本与约束清单","本方向具体检查：让方案与场地、规范假设和反馈对应。不要把「空间范围、实施阶段与使用者需求」中不同条件直接合并。","作品版本、制作取舍与观看条件记录，注明「城市设计」的来源、课题版本、已查项与未决项。","https://ocw.mit.edu/courses/2-001-mechanics-materials-i-fall-2006/pages/syllabus/"
"urban-planning-5","urban-planning","社区规划","空间范围、实施阶段与使用者需求","subject-urban","社区规划：没有进入现场的人是不是被这条路径挡住了？","社区规划：参与式空间设计怎样保留冲突需求和季节变化？","空间方案、实际使用路径与不同时段观察","比较设计意图、进入机会与实际使用","空间方案、实际使用路径与不同时段观察的比较与解释记录","https://ocw.mit.edu/courses/2-001-mechanics-materials-i-fall-2006/pages/syllabus/"
"urban-planning-6","urban-planning","交通与空间","空间范围、实施阶段与使用者需求","subject-urban","交通与空间：没有进入现场的人是不是被这条路径挡住了？","交通与空间：参与式空间设计怎样保留冲突需求和季节变化？","空间方案、实际使用路径与不同时段观察","比较设计意图、进入机会与实际使用","空间方案、实际使用路径与不同时段观察的比较与解释记录","https://ocw.mit.edu/courses/2-001-mechanics-materials-i-fall-2006/pages/syllabus/"
"urban-planning-7","urban-planning","历史空间保护","空间范围、实施阶段与使用者需求","subject-urban","历史空间保护：没有进入现场的人是不是被这条路径挡住了？","历史空间保护：参与式空间设计怎样保留冲突需求和季节变化？","空间方案、实际使用路径与不同时段观察","比较设计意图、进入机会与实际使用","空间方案、实际使用路径与不同时段观察的比较与解释记录","https://ocw.mit.edu/courses/2-001-mechanics-materials-i-fall-2006/pages/syllabus/"
"urban-planning-8","urban-planning","规划实施评价","空间范围、实施阶段与使用者需求","subject-urban","规划实施评价：没有进入现场的人是不是被这条路径挡住了？","规划实施评价：参与式空间设计怎样保留冲突需求和季节变化？","空间方案、实际使用路径与不同时段观察","比较设计意图、进入机会与实际使用","空间方案、实际使用路径与不同时段观察的比较与解释记录","https://ocw.mit.edu/courses/2-001-mechanics-materials-i-fall-2006/pages/syllabus/"
"urban-planning-9","urban-planning","规划公众参与","空间范围、实施阶段与使用者需求","subject-urban","规划公众参与：没有进入现场的人是不是被这条路径挡住了？","规划公众参与：参与式空间设计怎样保留冲突需求和季节变化？","空间方案、实际使用路径与不同时段观察","比较设计意图、进入机会与实际使用","空间方案、实际使用路径与不同时段观察的比较与解释记录","https://ocw.mit.edu/courses/2-001-mechanics-materials-i-fall-2006/pages/syllabus/"
"urban-planning-10","urban-planning","城乡规划史","空间范围、实施阶段与使用者需求","subject-urban","城乡规划史：没有进入现场的人是不是被这条路径挡住了？","城乡规划史：参与式空间设计怎样保留冲突需求和季节变化？","空间方案、实际使用路径与不同时段观察","比较设计意图、进入机会与实际使用","空间方案、实际使用路径与不同时段观察的比较与解释记录","https://ocw.mit.edu/courses/2-001-mechanics-materials-i-fall-2006/pages/syllabus/"
"urban-planning-11","urban-planning","规划数字工具","空间范围、实施阶段与使用者需求","subject-urban","规划数字工具：没有进入现场的人是不是被这条路径挡住了？","规划数字工具：参与式空间设计怎样保留冲突需求和季节变化？","空间方案、实际使用路径与不同时段观察","比较设计意图、进入机会与实际使用","空间方案、实际使用路径与不同时段观察的比较与解释记录","https://ocw.mit.edu/courses/2-001-mechanics-materials-i-fall-2006/pages/syllabus/"
"urban-planning-12","urban-planning","城乡公平","空间范围、实施阶段与使用者需求","evidence-construction","城乡公平：一个方案可行，为什么必须对应具体场地和用途？","城乡公平：低碳与适应性设计如何同时评价全寿命负担和使用变化？","场地资料、设计版本与约束清单","本方向具体检查：让方案与场地、规范假设和反馈对应。不要把「空间范围、实施阶段与使用者需求」中不同条件直接合并。","场地资料、设计版本与约束清单的来源与比较条件记录，注明「城乡公平」的来源、课题版本、已查项与未决项。","https://ocw.mit.edu/courses/2-001-mechanics-materials-i-fall-2006/pages/syllabus/"
"bio-engineering-1","bio-engineering","生物过程模型","公开资料来源、过程边界与批次比较","evidence-mechanical","生物过程模型：台架成功为什么还不能覆盖所有工况？","生物过程模型：学习型控制与数字孪生怎样面对未见工况和模型偏差？","工况、台架日志与接口版本","本方向具体检查：对照载荷范围、控制条件和实际接口。不要把「公开资料来源、过程边界与批次比较」中不同条件直接合并。","工况、台架日志与接口版本的来源与比较条件记录，注明「生物过程模型」的来源、课题版本、已查项与未决项。","https://ocw.mit.edu/courses/2-001-mechanics-materials-i-fall-2006/pages/syllabus/"
"bio-engineering-2","bio-engineering","生物工程测量","公开资料来源、过程边界与批次比较","evidence-mechanical","生物工程测量：台架成功为什么还不能覆盖所有工况？","生物工程测量：学习型控制与数字孪生怎样面对未见工况和模型偏差？","工况、台架日志与接口版本","本方向具体检查：对照载荷范围、控制条件和实际接口。不要把「公开资料来源、过程边界与批次比较」中不同条件直接合并。","工况、台架日志与接口版本的来源与比较条件记录，注明「生物工程测量」的来源、课题版本、已查项与未决项。","https://ocw.mit.edu/courses/2-001-mechanics-materials-i-fall-2006/pages/syllabus/"
"bio-engineering-3","bio-engineering","生物材料资料","公开资料来源、过程边界与批次比较","materials","生物材料资料：表征显示结构不同，怎样判断它与性质变化有关？","生物材料资料：新的材料或循环方案能否在多批次、老化与实际使用中保留性能？","样品批次、表征状态与使用评价","本方向具体检查：核对表征与评价是否来自同一批次和状态。不要把「公开资料来源、过程边界与批次比较」中不同条件直接合并。","结构、批次、测量状态与使用条件表，注明「生物材料资料」的来源、课题版本、已查项与未决项。","https://www.chem.pku.edu.cn/en/Research/ResearchTheme/index.htm"
"bio-engineering-4","bio-engineering","生物制造公开资料","公开资料来源、过程边界与批次比较","evidence-mechanical","生物制造公开资料：台架成功为什么还不能覆盖所有工况？","生物制造公开资料：学习型控制与数字孪生怎样面对未见工况和模型偏差？","工况、台架日志与接口版本","本方向具体检查：对照载荷范围、控制条件和实际接口。不要把「公开资料来源、过程边界与批次比较」中不同条件直接合并。","工况、台架日志与接口版本的来源与比较条件记录，注明「生物制造公开资料」的来源、课题版本、已查项与未决项。","https://ocw.mit.edu/courses/2-001-mechanics-materials-i-fall-2006/pages/syllabus/"
"bio-engineering-5","bio-engineering","生物工程信息","公开资料来源、过程边界与批次比较","evidence-mechanical","生物工程信息：台架成功为什么还不能覆盖所有工况？","生物工程信息：学习型控制与数字孪生怎样面对未见工况和模型偏差？","工况、台架日志与接口版本","本方向具体检查：对照载荷范围、控制条件和实际接口。不要把「公开资料来源、过程边界与批次比较」中不同条件直接合并。","工况、台架日志与接口版本的来源与比较条件记录，注明「生物工程信息」的来源、课题版本、已查项与未决项。","https://ocw.mit.edu/courses/2-001-mechanics-materials-i-fall-2006/pages/syllabus/"
"bio-engineering-6","bio-engineering","过程质量评价","公开资料来源、过程边界与批次比较","evidence-mechanical","过程质量评价：台架成功为什么还不能覆盖所有工况？","过程质量评价：学习型控制与数字孪生怎样面对未见工况和模型偏差？","工况、台架日志与接口版本","本方向具体检查：对照载荷范围、控制条件和实际接口。不要把「公开资料来源、过程边界与批次比较」中不同条件直接合并。","工况、台架日志与接口版本的来源与比较条件记录，注明「过程质量评价」的来源、课题版本、已查项与未决项。","https://ocw.mit.edu/courses/2-001-mechanics-materials-i-fall-2006/pages/syllabus/"
"bio-engineering-7","bio-engineering","生物资源评价","公开资料来源、过程边界与批次比较","evidence-mechanical","生物资源评价：台架成功为什么还不能覆盖所有工况？","生物资源评价：学习型控制与数字孪生怎样面对未见工况和模型偏差？","工况、台架日志与接口版本","本方向具体检查：对照载荷范围、控制条件和实际接口。不要把「公开资料来源、过程边界与批次比较」中不同条件直接合并。","工况、台架日志与接口版本的来源与比较条件记录，注明「生物资源评价」的来源、课题版本、已查项与未决项。","https://ocw.mit.edu/courses/2-001-mechanics-materials-i-fall-2006/pages/syllabus/"
"bio-engineering-8","bio-engineering","工程批次资料","公开资料来源、过程边界与批次比较","evidence-mechanical","工程批次资料：台架成功为什么还不能覆盖所有工况？","工程批次资料：学习型控制与数字孪生怎样面对未见工况和模型偏差？","工况、台架日志与接口版本","本方向具体检查：对照载荷范围、控制条件和实际接口。不要把「公开资料来源、过程边界与批次比较」中不同条件直接合并。","工况、台架日志与接口版本的来源与比较条件记录，注明「工程批次资料」的来源、课题版本、已查项与未决项。","https://ocw.mit.edu/courses/2-001-mechanics-materials-i-fall-2006/pages/syllabus/"
"bio-engineering-9","bio-engineering","生物工程伦理","公开资料来源、过程边界与批次比较","evidence-mechanical","生物工程伦理：台架成功为什么还不能覆盖所有工况？","生物工程伦理：学习型控制与数字孪生怎样面对未见工况和模型偏差？","工况、台架日志与接口版本","本方向具体检查：对照载荷范围、控制条件和实际接口。不要把「公开资料来源、过程边界与批次比较」中不同条件直接合并。","工况、台架日志与接口版本的来源与比较条件记录，注明「生物工程伦理」的来源、课题版本、已查项与未决项。","https://ocw.mit.edu/courses/2-001-mechanics-materials-i-fall-2006/pages/syllabus/"
"bio-engineering-10","bio-engineering","生物工程史","公开资料来源、过程边界与批次比较","evidence-mechanical","生物工程史：台架成功为什么还不能覆盖所有工况？","生物工程史：学习型控制与数字孪生怎样面对未见工况和模型偏差？","工况、台架日志与接口版本","本方向具体检查：对照载荷范围、控制条件和实际接口。不要把「公开资料来源、过程边界与批次比较」中不同条件直接合并。","工况、台架日志与接口版本的来源与比较条件记录，注明「生物工程史」的来源、课题版本、已查项与未决项。","https://ocw.mit.edu/courses/2-001-mechanics-materials-i-fall-2006/pages/syllabus/"
"bio-engineering-11","bio-engineering","工程环境评价","公开资料来源、过程边界与批次比较","evidence-ecology","工程环境评价：一个采样点的变化，何时能帮助解释更大区域？","工程环境评价：气候与生态多来源资料如何刻画极端事件后的恢复？","采样位置、时间窗口与环境背景记录","本方向具体检查：画出实际覆盖范围，保留天气与缺测时段。不要把「公开资料来源、过程边界与批次比较」中不同条件直接合并。","采样位置、时间窗口与环境背景记录的来源与比较条件记录，注明「工程环境评价」的来源、课题版本、已查项与未决项。","https://www.ues.pku.edu.cn/ztlm/zrdlyzrzyx/index.htm"
"bio-engineering-12","bio-engineering","工程教育","公开资料来源、过程边界与批次比较","evidence-education","工程教育：参与更积极，为什么不等于目标知识掌握更好？","工程教育：智能助教怎样支持撤去辅助后的独立学习与延迟迁移？","课堂目标、活动记录与学习过程材料","本方向具体检查：让任务、教学目标与评价对应，保留班级差异。不要把「公开资料来源、过程边界与批次比较」中不同条件直接合并。","课堂目标、活动记录与学习过程材料的来源与比较条件记录，注明「工程教育」的来源、课题版本、已查项与未决项。","https://cter.bnu.edu.cn/docs/2024-05/e0d9749ec02e425eb45aa96fefdadc2a.pdf"
"safety-engineering-1","safety-engineering","安全系统评价","暴露口径、组织条件与报告完整性","security","安全系统评价：程序通过测试，为什么不等于所有输入都正确？","安全系统评价：新的评价机制能否观察遗漏的失败，同时保留隐私与可复核性？","运行版本、依赖清单与故障日志","本方向具体检查：在同一条件下复查，区分环境与功能变化。不要把「暴露口径、组织条件与报告完整性」中不同条件直接合并。","评价范围、报告渠道与失败记录表，注明「安全系统评价」的来源、课题版本、已查项与未决项。","https://www.cs.tsinghua.edu.cn/jgsz/yjssys/jsjkxyjsxrjyjs.htm"
"safety-engineering-2","safety-engineering","安全管理","暴露口径、组织条件与报告完整性","security","安全管理：程序通过测试，为什么不等于所有输入都正确？","安全管理：新的评价机制能否观察遗漏的失败，同时保留隐私与可复核性？","运行版本、依赖清单与故障日志","本方向具体检查：在同一条件下复查，区分环境与功能变化。不要把「暴露口径、组织条件与报告完整性」中不同条件直接合并。","评价范围、报告渠道与失败记录表，注明「安全管理」的来源、课题版本、已查项与未决项。","https://www.cs.tsinghua.edu.cn/jgsz/yjssys/jsjkxyjsxrjyjs.htm"
"safety-engineering-3","safety-engineering","人因与安全","暴露口径、组织条件与报告完整性","security","人因与安全：程序通过测试，为什么不等于所有输入都正确？","人因与安全：新的评价机制能否观察遗漏的失败，同时保留隐私与可复核性？","运行版本、依赖清单与故障日志","本方向具体检查：在同一条件下复查，区分环境与功能变化。不要把「暴露口径、组织条件与报告完整性」中不同条件直接合并。","评价范围、报告渠道与失败记录表，注明「人因与安全」的来源、课题版本、已查项与未决项。","https://www.cs.tsinghua.edu.cn/jgsz/yjssys/jsjkxyjsxrjyjs.htm"
"safety-engineering-4","safety-engineering","安全文化","暴露口径、组织条件与报告完整性","security","安全文化：程序通过测试，为什么不等于所有输入都正确？","安全文化：新的评价机制能否观察遗漏的失败，同时保留隐私与可复核性？","运行版本、依赖清单与故障日志","本方向具体检查：在同一条件下复查，区分环境与功能变化。不要把「暴露口径、组织条件与报告完整性」中不同条件直接合并。","评价范围、报告渠道与失败记录表，注明「安全文化」的来源、课题版本、已查项与未决项。","https://www.cs.tsinghua.edu.cn/jgsz/yjssys/jsjkxyjsxrjyjs.htm"
"safety-engineering-5","safety-engineering","应急组织研究","暴露口径、组织条件与报告完整性","evidence-industrial-safety","应急组织研究：多层保护都存在时，事故链为何仍可能贯通？","应急组织研究：自动化预警怎样与人的判断形成可核对的责任链？","事故时间线、暴露条件与报告覆盖范围","本方向具体检查：区分危险源、暴露机会与报告制度变化。不要把「暴露口径、组织条件与报告完整性」中不同条件直接合并。","事故时间线、暴露条件与报告覆盖范围的来源与比较条件记录，注明「应急组织研究」的来源、课题版本、已查项与未决项。","https://www.cs.tsinghua.edu.cn/kxyj/kyfx.htm；https://ocw.mit.edu/courses/2-001-mechanics-materials-i-fall-2006/pages/syllabus/"
"safety-engineering-6","safety-engineering","风险沟通","暴露口径、组织条件与报告完整性","evidence-software","风险沟通：程序通过测试，为什么不等于所有输入都正确？","风险沟通：生成式开发怎样与形式化核验和长期维护相互配合？","运行版本、依赖清单与故障日志","本方向具体检查：在同一条件下复查，区分环境与功能变化。不要把「暴露口径、组织条件与报告完整性」中不同条件直接合并。","运行版本、依赖清单与故障日志的来源与比较条件记录，注明「风险沟通」的来源、课题版本、已查项与未决项。","https://www.cs.tsinghua.edu.cn/jgsz/yjssys/jsjkxyjsxrjyjs.htm"
"safety-engineering-7","safety-engineering","安全测量资料","暴露口径、组织条件与报告完整性","security","安全测量资料：程序通过测试，为什么不等于所有输入都正确？","安全测量资料：新的评价机制能否观察遗漏的失败，同时保留隐私与可复核性？","运行版本、依赖清单与故障日志","本方向具体检查：在同一条件下复查，区分环境与功能变化。不要把「暴露口径、组织条件与报告完整性」中不同条件直接合并。","评价范围、报告渠道与失败记录表，注明「安全测量资料」的来源、课题版本、已查项与未决项。","https://www.cs.tsinghua.edu.cn/jgsz/yjssys/jsjkxyjsxrjyjs.htm"
"safety-engineering-8","safety-engineering","事故史料","暴露口径、组织条件与报告完整性","evidence-industrial-safety","事故史料：多层保护都存在时，事故链为何仍可能贯通？","事故史料：自动化预警怎样与人的判断形成可核对的责任链？","事故时间线、暴露条件与报告覆盖范围","本方向具体检查：区分危险源、暴露机会与报告制度变化。不要把「暴露口径、组织条件与报告完整性」中不同条件直接合并。","事故时间线、暴露条件与报告覆盖范围的来源与比较条件记录，注明「事故史料」的来源、课题版本、已查项与未决项。","https://www.cs.tsinghua.edu.cn/kxyj/kyfx.htm；https://ocw.mit.edu/courses/2-001-mechanics-materials-i-fall-2006/pages/syllabus/"
"safety-engineering-9","safety-engineering","职业安全教育","暴露口径、组织条件与报告完整性","security","职业安全教育：参与更积极，为什么不等于目标知识掌握更好？","职业安全教育：新的评价机制能否观察遗漏的失败，同时保留隐私与可复核性？","课堂目标、活动记录与学习过程材料","本方向具体检查：让任务、教学目标与评价对应，保留班级差异。不要把「暴露口径、组织条件与报告完整性」中不同条件直接合并。","评价范围、报告渠道与失败记录表，注明「职业安全教育」的来源、课题版本、已查项与未决项。","https://cter.bnu.edu.cn/docs/2024-05/e0d9749ec02e425eb45aa96fefdadc2a.pdf"
"safety-engineering-10","safety-engineering","安全信息质量","暴露口径、组织条件与报告完整性","security","安全信息质量：程序通过测试，为什么不等于所有输入都正确？","安全信息质量：新的评价机制能否观察遗漏的失败，同时保留隐私与可复核性？","运行版本、依赖清单与故障日志","本方向具体检查：在同一条件下复查，区分环境与功能变化。不要把「暴露口径、组织条件与报告完整性」中不同条件直接合并。","评价范围、报告渠道与失败记录表，注明「安全信息质量」的来源、课题版本、已查项与未决项。","https://www.cs.tsinghua.edu.cn/jgsz/yjssys/jsjkxyjsxrjyjs.htm"
"safety-engineering-11","safety-engineering","安全政策","暴露口径、组织条件与报告完整性","security","安全政策：程序通过测试，为什么不等于所有输入都正确？","安全政策：新的评价机制能否观察遗漏的失败，同时保留隐私与可复核性？","运行版本、依赖清单与故障日志","本方向具体检查：在同一条件下复查，区分环境与功能变化。不要把「暴露口径、组织条件与报告完整性」中不同条件直接合并。","评价范围、报告渠道与失败记录表，注明「安全政策」的来源、课题版本、已查项与未决项。","https://www.cs.tsinghua.edu.cn/jgsz/yjssys/jsjkxyjsxrjyjs.htm"
"safety-engineering-12","safety-engineering","安全工程史","暴露口径、组织条件与报告完整性","security","安全工程史：多层保护都存在时，事故链为何仍可能贯通？","安全工程史：新的评价机制能否观察遗漏的失败，同时保留隐私与可复核性？","事故时间线、暴露条件与报告覆盖范围","本方向具体检查：区分危险源、暴露机会与报告制度变化。不要把「暴露口径、组织条件与报告完整性」中不同条件直接合并。","评价范围、报告渠道与失败记录表，注明「安全工程史」的来源、课题版本、已查项与未决项。","https://www.cs.tsinghua.edu.cn/kxyj/kyfx.htm；https://ocw.mit.edu/courses/2-001-mechanics-materials-i-fall-2006/pages/syllabus/"
"police-technology-1","police-technology","公开物证资料评价","公开资料来源、标注条件与推断范围","evidence-mechanical","公开物证资料评价：台架成功为什么还不能覆盖所有工况？","公开物证资料评价：学习型控制与数字孪生怎样面对未见工况和模型偏差？","工况、台架日志与接口版本","本方向具体检查：对照载荷范围、控制条件和实际接口。不要把「公开资料来源、标注条件与推断范围」中不同条件直接合并。","工况、台架日志与接口版本的来源与比较条件记录，注明「公开物证资料评价」的来源、课题版本、已查项与未决项。","https://ocw.mit.edu/courses/2-001-mechanics-materials-i-fall-2006/pages/syllabus/"
"police-technology-2","police-technology","公安技术史","公开资料来源、标注条件与推断范围","evidence-mechanical","公安技术史：台架成功为什么还不能覆盖所有工况？","公安技术史：学习型控制与数字孪生怎样面对未见工况和模型偏差？","工况、台架日志与接口版本","本方向具体检查：对照载荷范围、控制条件和实际接口。不要把「公开资料来源、标注条件与推断范围」中不同条件直接合并。","工况、台架日志与接口版本的来源与比较条件记录，注明「公安技术史」的来源、课题版本、已查项与未决项。","https://ocw.mit.edu/courses/2-001-mechanics-materials-i-fall-2006/pages/syllabus/"
"police-technology-3","police-technology","公共安全信息","公开资料来源、标注条件与推断范围","security","公共安全信息：程序通过测试，为什么不等于所有输入都正确？","公共安全信息：新的评价机制能否观察遗漏的失败，同时保留隐私与可复核性？","运行版本、依赖清单与故障日志","本方向具体检查：在同一条件下复查，区分环境与功能变化。不要把「公开资料来源、标注条件与推断范围」中不同条件直接合并。","评价范围、报告渠道与失败记录表，注明「公共安全信息」的来源、课题版本、已查项与未决项。","https://www.cs.tsinghua.edu.cn/jgsz/yjssys/jsjkxyjsxrjyjs.htm"
"police-technology-4","police-technology","技术标准史","公开资料来源、标注条件与推断范围","evidence-mechanical","技术标准史：台架成功为什么还不能覆盖所有工况？","技术标准史：学习型控制与数字孪生怎样面对未见工况和模型偏差？","工况、台架日志与接口版本","本方向具体检查：对照载荷范围、控制条件和实际接口。不要把「公开资料来源、标注条件与推断范围」中不同条件直接合并。","工况、台架日志与接口版本的来源与比较条件记录，注明「技术标准史」的来源、课题版本、已查项与未决项。","https://ocw.mit.edu/courses/2-001-mechanics-materials-i-fall-2006/pages/syllabus/"
"police-technology-5","police-technology","技术展示研究","公开资料来源、标注条件与推断范围","evidence-mechanical","技术展示研究：台架成功为什么还不能覆盖所有工况？","技术展示研究：学习型控制与数字孪生怎样面对未见工况和模型偏差？","工况、台架日志与接口版本","本方向具体检查：对照载荷范围、控制条件和实际接口。不要把「公开资料来源、标注条件与推断范围」中不同条件直接合并。","工况、台架日志与接口版本的来源与比较条件记录，注明「技术展示研究」的来源、课题版本、已查项与未决项。","https://ocw.mit.edu/courses/2-001-mechanics-materials-i-fall-2006/pages/syllabus/"
"police-technology-6","police-technology","图像资料质量","公开资料来源、标注条件与推断范围","clinical-imaging","图像资料质量：台架成功为什么还不能覆盖所有工况？","图像资料质量：跨机构评价能否保留个体独立性，并区分图像性能与患者结局？","工况、台架日志与接口版本","本方向具体检查：对照载荷范围、控制条件和实际接口。不要把「公开资料来源、标注条件与推断范围」中不同条件直接合并。","个体、平台版本与判读分歧索引，注明「图像资料质量」的来源、课题版本、已查项与未决项。","https://ocw.mit.edu/courses/2-001-mechanics-materials-i-fall-2006/pages/syllabus/"
"police-technology-7","police-technology","公开数据标注","公开资料来源、标注条件与推断范围","evidence-mechanical","公开数据标注：台架成功为什么还不能覆盖所有工况？","公开数据标注：学习型控制与数字孪生怎样面对未见工况和模型偏差？","工况、台架日志与接口版本","本方向具体检查：对照载荷范围、控制条件和实际接口。不要把「公开资料来源、标注条件与推断范围」中不同条件直接合并。","工况、台架日志与接口版本的来源与比较条件记录，注明「公开数据标注」的来源、课题版本、已查项与未决项。","https://ocw.mit.edu/courses/2-001-mechanics-materials-i-fall-2006/pages/syllabus/"
"police-technology-8","police-technology","技术伦理","公开资料来源、标注条件与推断范围","evidence-mechanical","技术伦理：台架成功为什么还不能覆盖所有工况？","技术伦理：学习型控制与数字孪生怎样面对未见工况和模型偏差？","工况、台架日志与接口版本","本方向具体检查：对照载荷范围、控制条件和实际接口。不要把「公开资料来源、标注条件与推断范围」中不同条件直接合并。","工况、台架日志与接口版本的来源与比较条件记录，注明「技术伦理」的来源、课题版本、已查项与未决项。","https://ocw.mit.edu/courses/2-001-mechanics-materials-i-fall-2006/pages/syllabus/"
"police-technology-9","police-technology","技术教育","公开资料来源、标注条件与推断范围","evidence-education","技术教育：参与更积极，为什么不等于目标知识掌握更好？","技术教育：智能助教怎样支持撤去辅助后的独立学习与延迟迁移？","课堂目标、活动记录与学习过程材料","本方向具体检查：让任务、教学目标与评价对应，保留班级差异。不要把「公开资料来源、标注条件与推断范围」中不同条件直接合并。","课堂目标、活动记录与学习过程材料的来源与比较条件记录，注明「技术教育」的来源、课题版本、已查项与未决项。","https://cter.bnu.edu.cn/docs/2024-05/e0d9749ec02e425eb45aa96fefdadc2a.pdf"
"police-technology-10","police-technology","公开模型评价","公开资料来源、标注条件与推断范围","evidence-mechanical","公开模型评价：台架成功为什么还不能覆盖所有工况？","公开模型评价：学习型控制与数字孪生怎样面对未见工况和模型偏差？","工况、台架日志与接口版本","本方向具体检查：对照载荷范围、控制条件和实际接口。不要把「公开资料来源、标注条件与推断范围」中不同条件直接合并。","工况、台架日志与接口版本的来源与比较条件记录，注明「公开模型评价」的来源、课题版本、已查项与未决项。","https://ocw.mit.edu/courses/2-001-mechanics-materials-i-fall-2006/pages/syllabus/"
"police-technology-11","police-technology","数字资料保全研究","公开资料来源、标注条件与推断范围","evidence-mechanical","数字资料保全研究：台架成功为什么还不能覆盖所有工况？","数字资料保全研究：学习型控制与数字孪生怎样面对未见工况和模型偏差？","工况、台架日志与接口版本","本方向具体检查：对照载荷范围、控制条件和实际接口。不要把「公开资料来源、标注条件与推断范围」中不同条件直接合并。","工况、台架日志与接口版本的来源与比较条件记录，注明「数字资料保全研究」的来源、课题版本、已查项与未决项。","https://ocw.mit.edu/courses/2-001-mechanics-materials-i-fall-2006/pages/syllabus/"
"police-technology-12","police-technology","技术文献","公开资料来源、标注条件与推断范围","evidence-mechanical","技术文献：台架成功为什么还不能覆盖所有工况？","技术文献：学习型控制与数字孪生怎样面对未见工况和模型偏差？","工况、台架日志与接口版本","本方向具体检查：对照载荷范围、控制条件和实际接口。不要把「公开资料来源、标注条件与推断范围」中不同条件直接合并。","工况、台架日志与接口版本的来源与比较条件记录，注明「技术文献」的来源、课题版本、已查项与未决项。","https://ocw.mit.edu/courses/2-001-mechanics-materials-i-fall-2006/pages/syllabus/"
"cybersecurity-studies-1","cybersecurity-studies","安全治理","授权范围、版本与威胁模型","security","安全治理：程序通过测试，为什么不等于所有输入都正确？","安全治理：新的评价机制能否观察遗漏的失败，同时保留隐私与可复核性？","运行版本、依赖清单与故障日志","本方向具体检查：在同一条件下复查，区分环境与功能变化。不要把「授权范围、版本与威胁模型」中不同条件直接合并。","评价范围、报告渠道与失败记录表，注明「安全治理」的来源、课题版本、已查项与未决项。","https://www.cs.tsinghua.edu.cn/jgsz/yjssys/jsjkxyjsxrjyjs.htm"
"cybersecurity-studies-2","cybersecurity-studies","隐私保护评价","授权范围、版本与威胁模型","evidence-software","隐私保护评价：程序通过测试，为什么不等于所有输入都正确？","隐私保护评价：生成式开发怎样与形式化核验和长期维护相互配合？","运行版本、依赖清单与故障日志","本方向具体检查：在同一条件下复查，区分环境与功能变化。不要把「授权范围、版本与威胁模型」中不同条件直接合并。","运行版本、依赖清单与故障日志的来源与比较条件记录，注明「隐私保护评价」的来源、课题版本、已查项与未决项。","https://www.cs.tsinghua.edu.cn/jgsz/yjssys/jsjkxyjsxrjyjs.htm"
"cybersecurity-studies-3","cybersecurity-studies","密码学理论","授权范围、版本与威胁模型","crypto","密码学理论：一个安全性结论，究竟针对怎样的威胁模型？","密码学理论：新协议或迁移方案能否保留形式承诺与真实部署条件之间的接口？","安全定义、攻击者假设与证明步骤","本方向具体检查：逐项核对安全游戏和归约所需条件。不要把「授权范围、版本与威胁模型」中不同条件直接合并。","安全定义、假设与证明步骤对照页，注明「密码学理论」的来源、课题版本、已查项与未决项。","https://www.cs.tsinghua.edu.cn/kxyj/kyfx.htm；https://www.ocw.mit.edu/courses/18-100c-real-analysis-fall-2012/"
"cybersecurity-studies-4","cybersecurity-studies","可信计算资料","授权范围、版本与威胁模型","security","可信计算资料：程序通过测试，为什么不等于所有输入都正确？","可信计算资料：新的评价机制能否观察遗漏的失败，同时保留隐私与可复核性？","运行版本、依赖清单与故障日志","本方向具体检查：在同一条件下复查，区分环境与功能变化。不要把「授权范围、版本与威胁模型」中不同条件直接合并。","评价范围、报告渠道与失败记录表，注明「可信计算资料」的来源、课题版本、已查项与未决项。","https://www.cs.tsinghua.edu.cn/jgsz/yjssys/jsjkxyjsxrjyjs.htm"
"cybersecurity-studies-5","cybersecurity-studies","软件安全测试研究","授权范围、版本与威胁模型","software","软件安全测试研究：程序通过测试，为什么不等于所有输入都正确？","软件安全测试研究：自适应或自动化系统能否在更新、故障与资源紧张时保留可复现行为？","运行版本、依赖清单与故障日志","本方向具体检查：在同一条件下复查，区分环境与功能变化。不要把「授权范围、版本与威胁模型」中不同条件直接合并。","环境锁定、版本差异与最小复现记录，注明「软件安全测试研究」的来源、课题版本、已查项与未决项。","https://www.cs.tsinghua.edu.cn/jgsz/yjssys/jsjkxyjsxrjyjs.htm"
"cybersecurity-studies-6","cybersecurity-studies","安全可用性","授权范围、版本与威胁模型","security","安全可用性：用户说喜欢，为什么还需要观察实际任务完成？","安全可用性：新的评价机制能否观察遗漏的失败，同时保留隐私与可复核性？","目标用户、任务脚本与失败路径","本方向具体检查：区分喜欢程度与任务完成，保留求助、放弃和误操作。不要把「授权范围、版本与威胁模型」中不同条件直接合并。","评价范围、报告渠道与失败记录表，注明「安全可用性」的来源、课题版本、已查项与未决项。","https://www.cs.tsinghua.edu.cn/kxyj/kyfx.htm；https://www.cafa.edu.cn/sp/nljg/?j=151"
"cybersecurity-studies-7","cybersecurity-studies","安全协议形式分析","授权范围、版本与威胁模型","software","安全协议形式分析：一个结论依赖哪些假设，去掉其中一条会怎样？","安全协议形式分析：自适应或自动化系统能否在更新、故障与资源紧张时保留可复现行为？","定义、引理依赖与边界例子","本方向具体检查：逐步标出用到的条件，再检验退化情形。不要把「授权范围、版本与威胁模型」中不同条件直接合并。","环境锁定、版本差异与最小复现记录，注明「安全协议形式分析」的来源、课题版本、已查项与未决项。","https://www.ocw.mit.edu/courses/18-100c-real-analysis-fall-2012/"
"cybersecurity-studies-8","cybersecurity-studies","安全教育","授权范围、版本与威胁模型","security","安全教育：参与更积极，为什么不等于目标知识掌握更好？","安全教育：新的评价机制能否观察遗漏的失败，同时保留隐私与可复核性？","课堂目标、活动记录与学习过程材料","本方向具体检查：让任务、教学目标与评价对应，保留班级差异。不要把「授权范围、版本与威胁模型」中不同条件直接合并。","评价范围、报告渠道与失败记录表，注明「安全教育」的来源、课题版本、已查项与未决项。","https://cter.bnu.edu.cn/docs/2024-05/e0d9749ec02e425eb45aa96fefdadc2a.pdf"
"cybersecurity-studies-9","cybersecurity-studies","网络安全史","授权范围、版本与威胁模型","security","网络安全史：程序通过测试，为什么不等于所有输入都正确？","网络安全史：新的评价机制能否观察遗漏的失败，同时保留隐私与可复核性？","运行版本、依赖清单与故障日志","本方向具体检查：在同一条件下复查，区分环境与功能变化。不要把「授权范围、版本与威胁模型」中不同条件直接合并。","评价范围、报告渠道与失败记录表，注明「网络安全史」的来源、课题版本、已查项与未决项。","https://www.cs.tsinghua.edu.cn/jgsz/yjssys/jsjkxyjsxrjyjs.htm"
"cybersecurity-studies-10","cybersecurity-studies","公开漏洞资料评价","授权范围、版本与威胁模型","security","公开漏洞资料评价：程序通过测试，为什么不等于所有输入都正确？","公开漏洞资料评价：新的评价机制能否观察遗漏的失败，同时保留隐私与可复核性？","运行版本、依赖清单与故障日志","本方向具体检查：在同一条件下复查，区分环境与功能变化。不要把「授权范围、版本与威胁模型」中不同条件直接合并。","评价范围、报告渠道与失败记录表，注明「公开漏洞资料评价」的来源、课题版本、已查项与未决项。","https://www.cs.tsinghua.edu.cn/jgsz/yjssys/jsjkxyjsxrjyjs.htm"
"cybersecurity-studies-11","cybersecurity-studies","安全测量","授权范围、版本与威胁模型","security","安全测量：程序通过测试，为什么不等于所有输入都正确？","安全测量：新的评价机制能否观察遗漏的失败，同时保留隐私与可复核性？","运行版本、依赖清单与故障日志","本方向具体检查：在同一条件下复查，区分环境与功能变化。不要把「授权范围、版本与威胁模型」中不同条件直接合并。","评价范围、报告渠道与失败记录表，注明「安全测量」的来源、课题版本、已查项与未决项。","https://www.cs.tsinghua.edu.cn/jgsz/yjssys/jsjkxyjsxrjyjs.htm"
"cybersecurity-studies-12","cybersecurity-studies","安全伦理","授权范围、版本与威胁模型","security","安全伦理：程序通过测试，为什么不等于所有输入都正确？","安全伦理：新的评价机制能否观察遗漏的失败，同时保留隐私与可复核性？","运行版本、依赖清单与故障日志","本方向具体检查：在同一条件下复查，区分环境与功能变化。不要把「授权范围、版本与威胁模型」中不同条件直接合并。","评价范围、报告渠道与失败记录表，注明「安全伦理」的来源、课题版本、已查项与未决项。","https://www.cs.tsinghua.edu.cn/jgsz/yjssys/jsjkxyjsxrjyjs.htm"
"landscape-studies-1","landscape-studies","风景园林历史","场地季节、使用者与设计实施","evidence-ecology","风景园林历史：一个采样点的变化，何时能帮助解释更大区域？","风景园林历史：气候与生态多来源资料如何刻画极端事件后的恢复？","采样位置、时间窗口与环境背景记录","本方向具体检查：画出实际覆盖范围，保留天气与缺测时段。不要把「场地季节、使用者与设计实施」中不同条件直接合并。","采样位置、时间窗口与环境背景记录的来源与比较条件记录，注明「风景园林历史」的来源、课题版本、已查项与未决项。","https://www.ues.pku.edu.cn/ztlm/zrdlyzrzyx/index.htm"
"landscape-studies-2","landscape-studies","园林设计","场地季节、使用者与设计实施","arts","园林设计：一个采样点的变化，何时能帮助解释更大区域？","园林设计：新的创作或展示方式能否兼顾语境、实际体验与作品差异？","采样位置、时间窗口与环境背景记录","本方向具体检查：画出实际覆盖范围，保留天气与缺测时段。不要把「场地季节、使用者与设计实施」中不同条件直接合并。","作品版本、制作取舍与观看条件记录，注明「园林设计」的来源、课题版本、已查项与未决项。","https://www.ues.pku.edu.cn/ztlm/zrdlyzrzyx/index.htm"
"landscape-studies-3","landscape-studies","景观规划","场地季节、使用者与设计实施","subject-urban","景观规划：没有进入现场的人是不是被这条路径挡住了？","景观规划：参与式空间设计怎样保留冲突需求和季节变化？","空间方案、实际使用路径与不同时段观察","比较设计意图、进入机会与实际使用","空间方案、实际使用路径与不同时段观察的比较与解释记录","https://ocw.mit.edu/courses/2-001-mechanics-materials-i-fall-2006/pages/syllabus/"
"landscape-studies-4","landscape-studies","景观生态设计","场地季节、使用者与设计实施","subject-urban","景观生态设计：没有进入现场的人是不是被这条路径挡住了？","景观生态设计：参与式空间设计怎样保留冲突需求和季节变化？","空间方案、实际使用路径与不同时段观察","比较设计意图、进入机会与实际使用","空间方案、实际使用路径与不同时段观察的比较与解释记录","https://www.ues.pku.edu.cn/ztlm/zrdlyzrzyx/index.htm"
"landscape-studies-5","landscape-studies","风景资源评价","场地季节、使用者与设计实施","evidence-ecology","风景资源评价：一个采样点的变化，何时能帮助解释更大区域？","风景资源评价：气候与生态多来源资料如何刻画极端事件后的恢复？","采样位置、时间窗口与环境背景记录","本方向具体检查：画出实际覆盖范围，保留天气与缺测时段。不要把「场地季节、使用者与设计实施」中不同条件直接合并。","采样位置、时间窗口与环境背景记录的来源与比较条件记录，注明「风景资源评价」的来源、课题版本、已查项与未决项。","https://www.ues.pku.edu.cn/ztlm/zrdlyzrzyx/index.htm"
"landscape-studies-6","landscape-studies","园林植物应用","场地季节、使用者与设计实施","crop","园林植物应用：一个采样点的变化，何时能帮助解释更大区域？","园林植物应用：新的性状或管理解释能否跨季节与地点保持，并保留资源取舍？","采样位置、时间窗口与环境背景记录","本方向具体检查：画出实际覆盖范围，保留天气与缺测时段。不要把「场地季节、使用者与设计实施」中不同条件直接合并。","地块、季节、对象与管理记录，注明「园林植物应用」的来源、课题版本、已查项与未决项。","https://www.ues.pku.edu.cn/ztlm/zrdlyzrzyx/index.htm"
"landscape-studies-7","landscape-studies","公共空间","场地季节、使用者与设计实施","subject-urban","公共空间：没有进入现场的人是不是被这条路径挡住了？","公共空间：参与式空间设计怎样保留冲突需求和季节变化？","空间方案、实际使用路径与不同时段观察","比较设计意图、进入机会与实际使用","空间方案、实际使用路径与不同时段观察的比较与解释记录","https://www.ues.pku.edu.cn/ztlm/zrdlyzrzyx/index.htm"
"landscape-studies-8","landscape-studies","景观使用评价","场地季节、使用者与设计实施","subject-urban","景观使用评价：没有进入现场的人是不是被这条路径挡住了？","景观使用评价：参与式空间设计怎样保留冲突需求和季节变化？","空间方案、实际使用路径与不同时段观察","比较设计意图、进入机会与实际使用","空间方案、实际使用路径与不同时段观察的比较与解释记录","https://www.ues.pku.edu.cn/ztlm/zrdlyzrzyx/index.htm"
"landscape-studies-9","landscape-studies","园林遗产","场地季节、使用者与设计实施","evidence-ecology","园林遗产：一个采样点的变化，何时能帮助解释更大区域？","园林遗产：气候与生态多来源资料如何刻画极端事件后的恢复？","采样位置、时间窗口与环境背景记录","本方向具体检查：画出实际覆盖范围，保留天气与缺测时段。不要把「场地季节、使用者与设计实施」中不同条件直接合并。","采样位置、时间窗口与环境背景记录的来源与比较条件记录，注明「园林遗产」的来源、课题版本、已查项与未决项。","https://www.ues.pku.edu.cn/ztlm/zrdlyzrzyx/index.htm"
"landscape-studies-10","landscape-studies","景观工程评价","场地季节、使用者与设计实施","subject-urban","景观工程评价：没有进入现场的人是不是被这条路径挡住了？","景观工程评价：参与式空间设计怎样保留冲突需求和季节变化？","空间方案、实际使用路径与不同时段观察","比较设计意图、进入机会与实际使用","空间方案、实际使用路径与不同时段观察的比较与解释记录","https://www.ues.pku.edu.cn/ztlm/zrdlyzrzyx/index.htm"
"landscape-studies-11","landscape-studies","风景园林教育","场地季节、使用者与设计实施","evidence-education","风景园林教育：参与更积极，为什么不等于目标知识掌握更好？","风景园林教育：智能助教怎样支持撤去辅助后的独立学习与延迟迁移？","课堂目标、活动记录与学习过程材料","本方向具体检查：让任务、教学目标与评价对应，保留班级差异。不要把「场地季节、使用者与设计实施」中不同条件直接合并。","课堂目标、活动记录与学习过程材料的来源与比较条件记录，注明「风景园林教育」的来源、课题版本、已查项与未决项。","https://cter.bnu.edu.cn/docs/2024-05/e0d9749ec02e425eb45aa96fefdadc2a.pdf"
"landscape-studies-12","landscape-studies","景观可及性","场地季节、使用者与设计实施","subject-urban","景观可及性：没有进入现场的人是不是被这条路径挡住了？","景观可及性：参与式空间设计怎样保留冲突需求和季节变化？","空间方案、实际使用路径与不同时段观察","比较设计意图、进入机会与实际使用","空间方案、实际使用路径与不同时段观察的比较与解释记录","https://www.ues.pku.edu.cn/ztlm/zrdlyzrzyx/index.htm"
"plant-protection-1","plant-protection","植物病理资料","地块、季节与观测单位","crop","植物病理资料：受害程度改变，怎样区分天气、品种与管理因素？","植物病理资料：新的性状或管理解释能否跨季节与地点保持，并保留资源取舍？","受损记录、发生时期与管理背景","本方向具体检查：核对观察窗口、地块和受损定义。不要把「地块、季节与观测单位」中不同条件直接合并。","地块、季节、对象与管理记录，注明「植物病理资料」的来源、课题版本、已查项与未决项。","https://cpp.cau.edu.cn/col/col21978/index.html"
"plant-protection-2","plant-protection","农业昆虫学资料","地块、季节与观测单位","crop","农业昆虫学资料：受害程度改变，怎样区分天气、品种与管理因素？","农业昆虫学资料：新的性状或管理解释能否跨季节与地点保持，并保留资源取舍？","受损记录、发生时期与管理背景","本方向具体检查：核对观察窗口、地块和受损定义。不要把「地块、季节与观测单位」中不同条件直接合并。","地块、季节、对象与管理记录，注明「农业昆虫学资料」的来源、课题版本、已查项与未决项。","https://cpp.cau.edu.cn/col/col21978/index.html"
"plant-protection-3","plant-protection","植物检疫制度史","地块、季节与观测单位","crop","植物检疫制度史：受害程度改变，怎样区分天气、品种与管理因素？","植物检疫制度史：新的性状或管理解释能否跨季节与地点保持，并保留资源取舍？","受损记录、发生时期与管理背景","本方向具体检查：核对观察窗口、地块和受损定义。不要把「地块、季节与观测单位」中不同条件直接合并。","地块、季节、对象与管理记录，注明「植物检疫制度史」的来源、课题版本、已查项与未决项。","https://cpp.cau.edu.cn/col/col21978/index.html"
"plant-protection-4","plant-protection","植保生态","地块、季节与观测单位","ecology","植保生态：受害程度改变，怎样区分天气、品种与管理因素？","植保生态：长期或多尺度观察能否区分自然波动、管理改变与恢复过程？","受损记录、发生时期与管理背景","本方向具体检查：核对观察窗口、地块和受损定义。不要把「地块、季节与观测单位」中不同条件直接合并。","地块、季节与管理背景对照页，注明「植保生态」的来源、课题版本、已查项与未决项。","https://cpp.cau.edu.cn/col/col21978/index.html"
"plant-protection-5","plant-protection","作物健康观测","地块、季节与观测单位","crop","作物健康观测：受害程度改变，怎样区分天气、品种与管理因素？","作物健康观测：新的性状或管理解释能否跨季节与地点保持，并保留资源取舍？","受损记录、发生时期与管理背景","本方向具体检查：核对观察窗口、地块和受损定义。不要把「地块、季节与观测单位」中不同条件直接合并。","地块、季节、对象与管理记录，注明「作物健康观测」的来源、课题版本、已查项与未决项。","https://cpp.cau.edu.cn/col/col21978/index.html"
"plant-protection-6","plant-protection","植保预警评价","地块、季节与观测单位","crop","植保预警评价：受害程度改变，怎样区分天气、品种与管理因素？","植保预警评价：新的性状或管理解释能否跨季节与地点保持，并保留资源取舍？","受损记录、发生时期与管理背景","本方向具体检查：核对观察窗口、地块和受损定义。不要把「地块、季节与观测单位」中不同条件直接合并。","地块、季节、对象与管理记录，注明「植保预警评价」的来源、课题版本、已查项与未决项。","https://cpp.cau.edu.cn/col/col21978/index.html"
"plant-protection-7","plant-protection","农业生物多样性","地块、季节与观测单位","crop","农业生物多样性：受害程度改变，怎样区分天气、品种与管理因素？","农业生物多样性：新的性状或管理解释能否跨季节与地点保持，并保留资源取舍？","受损记录、发生时期与管理背景","本方向具体检查：核对观察窗口、地块和受损定义。不要把「地块、季节与观测单位」中不同条件直接合并。","地块、季节、对象与管理记录，注明「农业生物多样性」的来源、课题版本、已查项与未决项。","https://cpp.cau.edu.cn/col/col21978/index.html"
"plant-protection-8","plant-protection","植保资料质量","地块、季节与观测单位","crop","植保资料质量：受害程度改变，怎样区分天气、品种与管理因素？","植保资料质量：新的性状或管理解释能否跨季节与地点保持，并保留资源取舍？","受损记录、发生时期与管理背景","本方向具体检查：核对观察窗口、地块和受损定义。不要把「地块、季节与观测单位」中不同条件直接合并。","地块、季节、对象与管理记录，注明「植保资料质量」的来源、课题版本、已查项与未决项。","https://cpp.cau.edu.cn/col/col21978/index.html"
"plant-protection-9","plant-protection","植保资源评价","地块、季节与观测单位","crop","植保资源评价：受害程度改变，怎样区分天气、品种与管理因素？","植保资源评价：新的性状或管理解释能否跨季节与地点保持，并保留资源取舍？","受损记录、发生时期与管理背景","本方向具体检查：核对观察窗口、地块和受损定义。不要把「地块、季节与观测单位」中不同条件直接合并。","地块、季节、对象与管理记录，注明「植保资源评价」的来源、课题版本、已查项与未决项。","https://cpp.cau.edu.cn/col/col21978/index.html"
"plant-protection-10","plant-protection","植保教育","地块、季节与观测单位","crop","植保教育：参与更积极，为什么不等于目标知识掌握更好？","植保教育：新的性状或管理解释能否跨季节与地点保持，并保留资源取舍？","课堂目标、活动记录与学习过程材料","本方向具体检查：让任务、教学目标与评价对应，保留班级差异。不要把「地块、季节与观测单位」中不同条件直接合并。","地块、季节、对象与管理记录，注明「植保教育」的来源、课题版本、已查项与未决项。","https://cter.bnu.edu.cn/docs/2024-05/e0d9749ec02e425eb45aa96fefdadc2a.pdf"
"plant-protection-11","plant-protection","植保史","地块、季节与观测单位","crop","植保史：受害程度改变，怎样区分天气、品种与管理因素？","植保史：新的性状或管理解释能否跨季节与地点保持，并保留资源取舍？","受损记录、发生时期与管理背景","本方向具体检查：核对观察窗口、地块和受损定义。不要把「地块、季节与观测单位」中不同条件直接合并。","地块、季节、对象与管理记录，注明「植保史」的来源、课题版本、已查项与未决项。","https://cpp.cau.edu.cn/col/col21978/index.html"
"plant-protection-12","plant-protection","农田健康管理","地块、季节与观测单位","evidence-protection","农田健康管理：受害程度改变，怎样区分天气、品种与管理因素？","农田健康管理：景观层面的监测能否解释跨季节的风险变化？","受损记录、发生时期与管理背景","本方向具体检查：核对观察窗口、地块和受损定义。不要把「地块、季节与观测单位」中不同条件直接合并。","受损记录、发生时期与管理背景的来源与比较条件记录，注明「农田健康管理」的来源、课题版本、已查项与未决项。","https://cpp.cau.edu.cn/col/col21978/index.html"
"animal-science-1","animal-science","动物遗传资料","种属、群体层次与照护条件","subject-animals","动物遗传资料：这是个体差异还是同一场环境的共同影响？","动物遗传资料：连续健康与生长资料怎样处理环境依赖？","个体索引、养殖场背景与生长窗口","保留个体、群体环境与观察时期","个体索引、养殖场背景与生长窗口的比较与解释记录","https://sanya.cau.edu.cn/art/2022/8/2/art_47257_889299.html"
"animal-science-2","animal-science","动物营养资料","种属、群体层次与照护条件","subject-animals","动物营养资料：这是个体差异还是同一场环境的共同影响？","动物营养资料：连续健康与生长资料怎样处理环境依赖？","个体索引、养殖场背景与生长窗口","保留个体、群体环境与观察时期","个体索引、养殖场背景与生长窗口的比较与解释记录","https://sanya.cau.edu.cn/art/2022/8/2/art_47257_889299.html"
"animal-science-3","animal-science","动物生产系统","种属、群体层次与照护条件","subject-animals","动物生产系统：这是个体差异还是同一场环境的共同影响？","动物生产系统：连续健康与生长资料怎样处理环境依赖？","个体索引、养殖场背景与生长窗口","保留个体、群体环境与观察时期","个体索引、养殖场背景与生长窗口的比较与解释记录","https://sanya.cau.edu.cn/art/2022/8/2/art_47257_889299.html"
"animal-science-4","animal-science","动物福利","种属、群体层次与照护条件","subject-animals","动物福利：这是个体差异还是同一场环境的共同影响？","动物福利：连续健康与生长资料怎样处理环境依赖？","个体索引、养殖场背景与生长窗口","保留个体、群体环境与观察时期","个体索引、养殖场背景与生长窗口的比较与解释记录","https://sanya.cau.edu.cn/art/2022/8/2/art_47257_889299.html"
"animal-science-5","animal-science","饲料评价","种属、群体层次与照护条件","subject-animals","饲料评价：这是个体差异还是同一场环境的共同影响？","饲料评价：连续健康与生长资料怎样处理环境依赖？","个体索引、养殖场背景与生长窗口","保留个体、群体环境与观察时期","个体索引、养殖场背景与生长窗口的比较与解释记录","https://sanya.cau.edu.cn/art/2022/8/2/art_47257_889299.html"
"animal-science-6","animal-science","畜牧生态","种属、群体层次与照护条件","subject-animals","畜牧生态：这是个体差异还是同一场环境的共同影响？","畜牧生态：连续健康与生长资料怎样处理环境依赖？","个体索引、养殖场背景与生长窗口","保留个体、群体环境与观察时期","个体索引、养殖场背景与生长窗口的比较与解释记录","https://sanya.cau.edu.cn/art/2022/8/2/art_47257_889299.html"
"animal-science-7","animal-science","动物行为","种属、群体层次与照护条件","subject-animals","动物行为：这是个体差异还是同一场环境的共同影响？","动物行为：连续健康与生长资料怎样处理环境依赖？","个体索引、养殖场背景与生长窗口","保留个体、群体环境与观察时期","个体索引、养殖场背景与生长窗口的比较与解释记录","https://sanya.cau.edu.cn/art/2022/8/2/art_47257_889299.html"
"animal-science-8","animal-science","畜产品质量","种属、群体层次与照护条件","subject-animals","畜产品质量：这是个体差异还是同一场环境的共同影响？","畜产品质量：连续健康与生长资料怎样处理环境依赖？","个体索引、养殖场背景与生长窗口","保留个体、群体环境与观察时期","个体索引、养殖场背景与生长窗口的比较与解释记录","https://sanya.cau.edu.cn/art/2022/8/2/art_47257_889299.html"
"animal-science-9","animal-science","牧场资源评价","种属、群体层次与照护条件","subject-animals","牧场资源评价：这是个体差异还是同一场环境的共同影响？","牧场资源评价：连续健康与生长资料怎样处理环境依赖？","个体索引、养殖场背景与生长窗口","保留个体、群体环境与观察时期","个体索引、养殖场背景与生长窗口的比较与解释记录","https://sanya.cau.edu.cn/art/2022/8/2/art_47257_889299.html"
"animal-science-10","animal-science","畜牧统计","种属、群体层次与照护条件","subject-animals","畜牧统计：这是个体差异还是同一场环境的共同影响？","畜牧统计：连续健康与生长资料怎样处理环境依赖？","个体索引、养殖场背景与生长窗口","保留个体、群体环境与观察时期","个体索引、养殖场背景与生长窗口的比较与解释记录","https://sanya.cau.edu.cn/art/2022/8/2/art_47257_889299.html"
"animal-science-11","animal-science","畜牧史","种属、群体层次与照护条件","subject-animals","畜牧史：这是个体差异还是同一场环境的共同影响？","畜牧史：连续健康与生长资料怎样处理环境依赖？","个体索引、养殖场背景与生长窗口","保留个体、群体环境与观察时期","个体索引、养殖场背景与生长窗口的比较与解释记录","https://sanya.cau.edu.cn/art/2022/8/2/art_47257_889299.html"
"animal-science-12","animal-science","动物科学教育","种属、群体层次与照护条件","subject-animals","动物科学教育：这是个体差异还是同一场环境的共同影响？","动物科学教育：连续健康与生长资料怎样处理环境依赖？","个体索引、养殖场背景与生长窗口","保留个体、群体环境与观察时期","个体索引、养殖场背景与生长窗口的比较与解释记录","https://cter.bnu.edu.cn/docs/2024-05/e0d9749ec02e425eb45aa96fefdadc2a.pdf"
"grass-science-1","grass-science","草地生态","样地、季节与利用条件","subject-forest","草地生态：这一年长得好，下一批更新的证据在哪里？","草地生态：长期监测怎样连接多目标管理和更新风险？","样地年龄结构、更新记录与管理周期","区分短期生长、更新成功与长期维持","样地年龄结构、更新记录与管理周期的比较与解释记录","https://www.ues.pku.edu.cn/ztlm/zrdlyzrzyx/index.htm"
"grass-science-2","grass-science","牧草资料","样地、季节与利用条件","subject-forest","牧草资料：这一年长得好，下一批更新的证据在哪里？","牧草资料：长期监测怎样连接多目标管理和更新风险？","样地年龄结构、更新记录与管理周期","区分短期生长、更新成功与长期维持","样地年龄结构、更新记录与管理周期的比较与解释记录","https://sanya.cau.edu.cn/art/2022/8/2/art_47257_889299.html"
"grass-science-3","grass-science","草地资源","样地、季节与利用条件","subject-forest","草地资源：这一年长得好，下一批更新的证据在哪里？","草地资源：长期监测怎样连接多目标管理和更新风险？","样地年龄结构、更新记录与管理周期","区分短期生长、更新成功与长期维持","样地年龄结构、更新记录与管理周期的比较与解释记录","https://sanya.cau.edu.cn/art/2022/8/2/art_47257_889299.html"
"grass-science-4","grass-science","草地管理","样地、季节与利用条件","subject-forest","草地管理：这一年长得好，下一批更新的证据在哪里？","草地管理：长期监测怎样连接多目标管理和更新风险？","样地年龄结构、更新记录与管理周期","区分短期生长、更新成功与长期维持","样地年龄结构、更新记录与管理周期的比较与解释记录","https://sanya.cau.edu.cn/art/2022/8/2/art_47257_889299.html"
"grass-science-5","grass-science","草坪研究","样地、季节与利用条件","subject-forest","草坪研究：这一年长得好，下一批更新的证据在哪里？","草坪研究：长期监测怎样连接多目标管理和更新风险？","样地年龄结构、更新记录与管理周期","区分短期生长、更新成功与长期维持","样地年龄结构、更新记录与管理周期的比较与解释记录","https://sanya.cau.edu.cn/art/2022/8/2/art_47257_889299.html"
"grass-science-6","grass-science","草地恢复","样地、季节与利用条件","subject-forest","草地恢复：这一年长得好，下一批更新的证据在哪里？","草地恢复：长期监测怎样连接多目标管理和更新风险？","样地年龄结构、更新记录与管理周期","区分短期生长、更新成功与长期维持","样地年龄结构、更新记录与管理周期的比较与解释记录","https://sanya.cau.edu.cn/art/2022/8/2/art_47257_889299.html"
"grass-science-7","grass-science","草地遥感","样地、季节与利用条件","subject-forest","草地遥感：这一年长得好，下一批更新的证据在哪里？","草地遥感：长期监测怎样连接多目标管理和更新风险？","样地年龄结构、更新记录与管理周期","区分短期生长、更新成功与长期维持","样地年龄结构、更新记录与管理周期的比较与解释记录","https://sanya.cau.edu.cn/art/2022/8/2/art_47257_889299.html"
"grass-science-8","grass-science","草地土壤","样地、季节与利用条件","subject-forest","草地土壤：这一年长得好，下一批更新的证据在哪里？","草地土壤：长期监测怎样连接多目标管理和更新风险？","样地年龄结构、更新记录与管理周期","区分短期生长、更新成功与长期维持","样地年龄结构、更新记录与管理周期的比较与解释记录","https://www.ues.pku.edu.cn/ztlm/zrdlyzrzyx/index.htm"
"grass-science-9","grass-science","草地水分","样地、季节与利用条件","subject-forest","草地水分：这一年长得好，下一批更新的证据在哪里？","草地水分：长期监测怎样连接多目标管理和更新风险？","样地年龄结构、更新记录与管理周期","区分短期生长、更新成功与长期维持","样地年龄结构、更新记录与管理周期的比较与解释记录","https://sanya.cau.edu.cn/art/2022/8/2/art_47257_889299.html"
"grass-science-10","grass-science","草地统计","样地、季节与利用条件","subject-forest","草地统计：这一年长得好，下一批更新的证据在哪里？","草地统计：长期监测怎样连接多目标管理和更新风险？","样地年龄结构、更新记录与管理周期","区分短期生长、更新成功与长期维持","样地年龄结构、更新记录与管理周期的比较与解释记录","https://sanya.cau.edu.cn/art/2022/8/2/art_47257_889299.html"
"grass-science-11","grass-science","草学史","样地、季节与利用条件","subject-forest","草学史：这一年长得好，下一批更新的证据在哪里？","草学史：长期监测怎样连接多目标管理和更新风险？","样地年龄结构、更新记录与管理周期","区分短期生长、更新成功与长期维持","样地年龄结构、更新记录与管理周期的比较与解释记录","https://sanya.cau.edu.cn/art/2022/8/2/art_47257_889299.html"
"grass-science-12","grass-science","草地社会研究","样地、季节与利用条件","subject-forest","草地社会研究：这一年长得好，下一批更新的证据在哪里？","草地社会研究：长期监测怎样连接多目标管理和更新风险？","样地年龄结构、更新记录与管理周期","区分短期生长、更新成功与长期维持","样地年龄结构、更新记录与管理周期的比较与解释记录","https://sanya.cau.edu.cn/art/2022/8/2/art_47257_889299.html"
"soil-water-conservation-1","soil-water-conservation","水土保持原理","坡面与流域层次、时间尺度与观测完整性","subject-soil","水土保持原理：两块地的样品深度和测量状态相同吗？","水土保持原理：长期管理记录怎样连接土壤变化与资源效率？","采样深度、含水状态与地块管理历史","分开空间异质性、测量状态与管理影响","采样深度、含水状态与地块管理历史的比较与解释记录","https://sanya.cau.edu.cn/art/2022/8/2/art_47257_889299.html"
"soil-water-conservation-2","soil-water-conservation","土壤侵蚀资料","坡面与流域层次、时间尺度与观测完整性","subject-soil","土壤侵蚀资料：两块地的样品深度和测量状态相同吗？","土壤侵蚀资料：长期管理记录怎样连接土壤变化与资源效率？","采样深度、含水状态与地块管理历史","分开空间异质性、测量状态与管理影响","采样深度、含水状态与地块管理历史的比较与解释记录","https://www.ues.pku.edu.cn/ztlm/zrdlyzrzyx/index.htm"
"soil-water-conservation-3","soil-water-conservation","流域资料","坡面与流域层次、时间尺度与观测完整性","evidence-crop","流域资料：田间表现怎样区分品种、季节和管理的影响？","流域资料：气候波动下，跨季节表现怎样形成稳健的品种评价？","地块、品种、季节与管理记录","本方向具体检查：比较时同时核对地块条件和管理差异。不要把「坡面与流域层次、时间尺度与观测完整性」中不同条件直接合并。","地块、品种、季节与管理记录的来源与比较条件记录，注明「流域资料」的来源、课题版本、已查项与未决项。","https://sanya.cau.edu.cn/art/2022/8/2/art_47257_889299.html"
"soil-water-conservation-4","soil-water-conservation","荒漠生态","坡面与流域层次、时间尺度与观测完整性","ecology","荒漠生态：一个采样点的变化，何时能帮助解释更大区域？","荒漠生态：长期或多尺度观察能否区分自然波动、管理改变与恢复过程？","采样位置、时间窗口与环境背景记录","本方向具体检查：画出实际覆盖范围，保留天气与缺测时段。不要把「坡面与流域层次、时间尺度与观测完整性」中不同条件直接合并。","地块、季节与管理背景对照页，注明「荒漠生态」的来源、课题版本、已查项与未决项。","https://www.ues.pku.edu.cn/ztlm/zrdlyzrzyx/index.htm"
"soil-water-conservation-5","soil-water-conservation","防护林评价","坡面与流域层次、时间尺度与观测完整性","evidence-ecology","防护林评价：一个采样点的变化，何时能帮助解释更大区域？","防护林评价：气候与生态多来源资料如何刻画极端事件后的恢复？","采样位置、时间窗口与环境背景记录","本方向具体检查：画出实际覆盖范围，保留天气与缺测时段。不要把「坡面与流域层次、时间尺度与观测完整性」中不同条件直接合并。","采样位置、时间窗口与环境背景记录的来源与比较条件记录，注明「防护林评价」的来源、课题版本、已查项与未决项。","https://www.ues.pku.edu.cn/ztlm/zrdlyzrzyx/index.htm"
"soil-water-conservation-6","soil-water-conservation","恢复过程","坡面与流域层次、时间尺度与观测完整性","ecology","恢复过程：田间表现怎样区分品种、季节和管理的影响？","恢复过程：长期或多尺度观察能否区分自然波动、管理改变与恢复过程？","地块、品种、季节与管理记录","本方向具体检查：比较时同时核对地块条件和管理差异。不要把「坡面与流域层次、时间尺度与观测完整性」中不同条件直接合并。","地块、季节与管理背景对照页，注明「恢复过程」的来源、课题版本、已查项与未决项。","https://sanya.cau.edu.cn/art/2022/8/2/art_47257_889299.html"
"soil-water-conservation-7","soil-water-conservation","坡面观测","坡面与流域层次、时间尺度与观测完整性","evidence-crop","坡面观测：田间表现怎样区分品种、季节和管理的影响？","坡面观测：气候波动下，跨季节表现怎样形成稳健的品种评价？","地块、品种、季节与管理记录","本方向具体检查：比较时同时核对地块条件和管理差异。不要把「坡面与流域层次、时间尺度与观测完整性」中不同条件直接合并。","地块、品种、季节与管理记录的来源与比较条件记录，注明「坡面观测」的来源、课题版本、已查项与未决项。","https://sanya.cau.edu.cn/art/2022/8/2/art_47257_889299.html"
"soil-water-conservation-8","soil-water-conservation","土地退化","坡面与流域层次、时间尺度与观测完整性","evidence-crop","土地退化：田间表现怎样区分品种、季节和管理的影响？","土地退化：气候波动下，跨季节表现怎样形成稳健的品种评价？","地块、品种、季节与管理记录","本方向具体检查：比较时同时核对地块条件和管理差异。不要把「坡面与流域层次、时间尺度与观测完整性」中不同条件直接合并。","地块、品种、季节与管理记录的来源与比较条件记录，注明「土地退化」的来源、课题版本、已查项与未决项。","https://sanya.cau.edu.cn/art/2022/8/2/art_47257_889299.html"
"soil-water-conservation-9","soil-water-conservation","水土保持政策","坡面与流域层次、时间尺度与观测完整性","subject-soil","水土保持政策：两块地的样品深度和测量状态相同吗？","水土保持政策：长期管理记录怎样连接土壤变化与资源效率？","采样深度、含水状态与地块管理历史","分开空间异质性、测量状态与管理影响","采样深度、含水状态与地块管理历史的比较与解释记录","https://sanya.cau.edu.cn/art/2022/8/2/art_47257_889299.html"
"soil-water-conservation-10","soil-water-conservation","空间资料质量","坡面与流域层次、时间尺度与观测完整性","evidence-crop","空间资料质量：田间表现怎样区分品种、季节和管理的影响？","空间资料质量：气候波动下，跨季节表现怎样形成稳健的品种评价？","地块、品种、季节与管理记录","本方向具体检查：比较时同时核对地块条件和管理差异。不要把「坡面与流域层次、时间尺度与观测完整性」中不同条件直接合并。","地块、品种、季节与管理记录的来源与比较条件记录，注明「空间资料质量」的来源、课题版本、已查项与未决项。","https://sanya.cau.edu.cn/art/2022/8/2/art_47257_889299.html"
"soil-water-conservation-11","soil-water-conservation","治理成效评价","坡面与流域层次、时间尺度与观测完整性","evidence-crop","治理成效评价：田间表现怎样区分品种、季节和管理的影响？","治理成效评价：气候波动下，跨季节表现怎样形成稳健的品种评价？","地块、品种、季节与管理记录","本方向具体检查：比较时同时核对地块条件和管理差异。不要把「坡面与流域层次、时间尺度与观测完整性」中不同条件直接合并。","地块、品种、季节与管理记录的来源与比较条件记录，注明「治理成效评价」的来源、课题版本、已查项与未决项。","https://sanya.cau.edu.cn/art/2022/8/2/art_47257_889299.html"
"soil-water-conservation-12","soil-water-conservation","水土保持史","坡面与流域层次、时间尺度与观测完整性","subject-soil","水土保持史：两块地的样品深度和测量状态相同吗？","水土保持史：长期管理记录怎样连接土壤变化与资源效率？","采样深度、含水状态与地块管理历史","分开空间异质性、测量状态与管理影响","采样深度、含水状态与地块管理历史的比较与解释记录","https://sanya.cau.edu.cn/art/2022/8/2/art_47257_889299.html"
"food-nutrition-1","food-nutrition","食品组成资料","组成、实际摄入与人群结局的区别","food","食品组成资料：批次、保存条件和评价时点如何共同影响食品指标？","食品组成资料：新的加工或营养评价能否兼顾组成、实际使用与长期适用范围？","批次来源、评价条件与保存时间记录","本方向具体检查：把批次与评价顺序分开，保留原始口径。不要把「组成、实际摄入与人群结局的区别」中不同条件直接合并。","批次或饮食记录、评价任务与进入路径，注明「食品组成资料」的来源、课题版本、已查项与未决项。","https://sanya.cau.edu.cn/art/2022/8/2/art_47257_889299.html"
"food-nutrition-2","food-nutrition","营养调查","组成、实际摄入与人群结局的区别","food","营养调查：批次、保存条件和评价时点如何共同影响食品指标？","营养调查：新的加工或营养评价能否兼顾组成、实际使用与长期适用范围？","批次来源、评价条件与保存时间记录","本方向具体检查：把批次与评价顺序分开，保留原始口径。不要把「组成、实际摄入与人群结局的区别」中不同条件直接合并。","批次或饮食记录、评价任务与进入路径，注明「营养调查」的来源、课题版本、已查项与未决项。","https://sanya.cau.edu.cn/art/2022/8/2/art_47257_889299.html"
"food-nutrition-3","food-nutrition","膳食模式","组成、实际摄入与人群结局的区别","food","膳食模式：批次、保存条件和评价时点如何共同影响食品指标？","膳食模式：新的加工或营养评价能否兼顾组成、实际使用与长期适用范围？","批次来源、评价条件与保存时间记录","本方向具体检查：把批次与评价顺序分开，保留原始口径。不要把「组成、实际摄入与人群结局的区别」中不同条件直接合并。","批次或饮食记录、评价任务与进入路径，注明「膳食模式」的来源、课题版本、已查项与未决项。","https://sanya.cau.edu.cn/art/2022/8/2/art_47257_889299.html"
"food-nutrition-4","food-nutrition","食品感官评价","组成、实际摄入与人群结局的区别","food","食品感官评价：批次、保存条件和评价时点如何共同影响食品指标？","食品感官评价：新的加工或营养评价能否兼顾组成、实际使用与长期适用范围？","批次来源、评价条件与保存时间记录","本方向具体检查：把批次与评价顺序分开，保留原始口径。不要把「组成、实际摄入与人群结局的区别」中不同条件直接合并。","批次或饮食记录、评价任务与进入路径，注明「食品感官评价」的来源、课题版本、已查项与未决项。","https://sanya.cau.edu.cn/art/2022/8/2/art_47257_889299.html"
"food-nutrition-5","food-nutrition","食品质量","组成、实际摄入与人群结局的区别","food","食品质量：批次、保存条件和评价时点如何共同影响食品指标？","食品质量：新的加工或营养评价能否兼顾组成、实际使用与长期适用范围？","批次来源、评价条件与保存时间记录","本方向具体检查：把批次与评价顺序分开，保留原始口径。不要把「组成、实际摄入与人群结局的区别」中不同条件直接合并。","批次或饮食记录、评价任务与进入路径，注明「食品质量」的来源、课题版本、已查项与未决项。","https://sanya.cau.edu.cn/art/2022/8/2/art_47257_889299.html"
"food-nutrition-6","food-nutrition","营养教育","组成、实际摄入与人群结局的区别","food","营养教育：参与更积极，为什么不等于目标知识掌握更好？","营养教育：新的加工或营养评价能否兼顾组成、实际使用与长期适用范围？","课堂目标、活动记录与学习过程材料","本方向具体检查：让任务、教学目标与评价对应，保留班级差异。不要把「组成、实际摄入与人群结局的区别」中不同条件直接合并。","批次或饮食记录、评价任务与进入路径，注明「营养教育」的来源、课题版本、已查项与未决项。","https://cter.bnu.edu.cn/docs/2024-05/e0d9749ec02e425eb45aa96fefdadc2a.pdf"
"food-nutrition-7","food-nutrition","食品消费","组成、实际摄入与人群结局的区别","food","食品消费：批次、保存条件和评价时点如何共同影响食品指标？","食品消费：新的加工或营养评价能否兼顾组成、实际使用与长期适用范围？","批次来源、评价条件与保存时间记录","本方向具体检查：把批次与评价顺序分开，保留原始口径。不要把「组成、实际摄入与人群结局的区别」中不同条件直接合并。","批次或饮食记录、评价任务与进入路径，注明「食品消费」的来源、课题版本、已查项与未决项。","https://sanya.cau.edu.cn/art/2022/8/2/art_47257_889299.html"
"food-nutrition-8","food-nutrition","食品资源评价","组成、实际摄入与人群结局的区别","food","食品资源评价：批次、保存条件和评价时点如何共同影响食品指标？","食品资源评价：新的加工或营养评价能否兼顾组成、实际使用与长期适用范围？","批次来源、评价条件与保存时间记录","本方向具体检查：把批次与评价顺序分开，保留原始口径。不要把「组成、实际摄入与人群结局的区别」中不同条件直接合并。","批次或饮食记录、评价任务与进入路径，注明「食品资源评价」的来源、课题版本、已查项与未决项。","https://sanya.cau.edu.cn/art/2022/8/2/art_47257_889299.html"
"food-nutrition-9","food-nutrition","食品文化","组成、实际摄入与人群结局的区别","food","食品文化：批次、保存条件和评价时点如何共同影响食品指标？","食品文化：新的加工或营养评价能否兼顾组成、实际使用与长期适用范围？","批次来源、评价条件与保存时间记录","本方向具体检查：把批次与评价顺序分开，保留原始口径。不要把「组成、实际摄入与人群结局的区别」中不同条件直接合并。","批次或饮食记录、评价任务与进入路径，注明「食品文化」的来源、课题版本、已查项与未决项。","https://sanya.cau.edu.cn/art/2022/8/2/art_47257_889299.html"
"food-nutrition-10","food-nutrition","食品服务评价","组成、实际摄入与人群结局的区别","food","食品服务评价：批次、保存条件和评价时点如何共同影响食品指标？","食品服务评价：新的加工或营养评价能否兼顾组成、实际使用与长期适用范围？","批次来源、评价条件与保存时间记录","本方向具体检查：把批次与评价顺序分开，保留原始口径。不要把「组成、实际摄入与人群结局的区别」中不同条件直接合并。","批次或饮食记录、评价任务与进入路径，注明「食品服务评价」的来源、课题版本、已查项与未决项。","https://sanya.cau.edu.cn/art/2022/8/2/art_47257_889299.html"
"food-nutrition-11","food-nutrition","营养资料质量","组成、实际摄入与人群结局的区别","food","营养资料质量：批次、保存条件和评价时点如何共同影响食品指标？","营养资料质量：新的加工或营养评价能否兼顾组成、实际使用与长期适用范围？","批次来源、评价条件与保存时间记录","本方向具体检查：把批次与评价顺序分开，保留原始口径。不要把「组成、实际摄入与人群结局的区别」中不同条件直接合并。","批次或饮食记录、评价任务与进入路径，注明「营养资料质量」的来源、课题版本、已查项与未决项。","https://sanya.cau.edu.cn/art/2022/8/2/art_47257_889299.html"
"food-nutrition-12","food-nutrition","食品营养史","组成、实际摄入与人群结局的区别","food","食品营养史：批次、保存条件和评价时点如何共同影响食品指标？","食品营养史：新的加工或营养评价能否兼顾组成、实际使用与长期适用范围？","批次来源、评价条件与保存时间记录","本方向具体检查：把批次与评价顺序分开，保留原始口径。不要把「组成、实际摄入与人群结局的区别」中不同条件直接合并。","批次或饮食记录、评价任务与进入路径，注明「食品营养史」的来源、课题版本、已查项与未决项。","https://sanya.cau.edu.cn/art/2022/8/2/art_47257_889299.html"
"military-organization-1","military-organization","联合作战制度史","公开史料、组织层次与情境假设","subject-military-history","联合作战制度史：当时的信息和资源允许你提出的这个解释吗？","联合作战制度史：公共史料数字化怎样保留组织变迁中的反例？","公开史料、当时信息与组织约束","限制在公开历史解释，保留行动者当时能知道的内容","公开史料、当时信息与组织约束的比较与解释记录","https://www.moe.gov.cn/srcsite/A22/moe_833/202209/t20220914_660828.html；https://history.pku.edu.cn/bxgk/xkjj/index.htm"
"military-organization-2","military-organization","军兵种组织史","公开史料、组织层次与情境假设","subject-military-history","军兵种组织史：当时的信息和资源允许你提出的这个解释吗？","军兵种组织史：公共史料数字化怎样保留组织变迁中的反例？","公开史料、当时信息与组织约束","限制在公开历史解释，保留行动者当时能知道的内容","公开史料、当时信息与组织约束的比较与解释记录","https://www.moe.gov.cn/srcsite/A22/moe_833/202209/t20220914_660828.html；https://history.pku.edu.cn/bxgk/xkjj/index.htm"
"military-organization-3","military-organization","军事指挥史","公开史料、组织层次与情境假设","subject-military-history","军事指挥史：当时的信息和资源允许你提出的这个解释吗？","军事指挥史：公共史料数字化怎样保留组织变迁中的反例？","公开史料、当时信息与组织约束","限制在公开历史解释，保留行动者当时能知道的内容","公开史料、当时信息与组织约束的比较与解释记录","https://www.moe.gov.cn/srcsite/A22/moe_833/202209/t20220914_660828.html；https://history.pku.edu.cn/bxgk/xkjj/index.htm"
"military-organization-4","military-organization","军队政治工作史","公开史料、组织层次与情境假设","subject-military-history","军队政治工作史：当时的信息和资源允许你提出的这个解释吗？","军队政治工作史：公共史料数字化怎样保留组织变迁中的反例？","公开史料、当时信息与组织约束","限制在公开历史解释，保留行动者当时能知道的内容","公开史料、当时信息与组织约束的比较与解释记录","https://www.moe.gov.cn/srcsite/A22/moe_833/202209/t20220914_660828.html；https://history.pku.edu.cn/bxgk/xkjj/index.htm"
"military-organization-5","military-organization","军事后勤史","公开史料、组织层次与情境假设","subject-military-history","军事后勤史：当时的信息和资源允许你提出的这个解释吗？","军事后勤史：公共史料数字化怎样保留组织变迁中的反例？","公开史料、当时信息与组织约束","限制在公开历史解释，保留行动者当时能知道的内容","公开史料、当时信息与组织约束的比较与解释记录","https://www.moe.gov.cn/srcsite/A22/moe_833/202209/t20220914_660828.html；https://history.pku.edu.cn/bxgk/xkjj/index.htm"
"military-organization-6","military-organization","军事装备管理史","公开史料、组织层次与情境假设","subject-military-history","军事装备管理史：当时的信息和资源允许你提出的这个解释吗？","军事装备管理史：公共史料数字化怎样保留组织变迁中的反例？","公开史料、当时信息与组织约束","限制在公开历史解释，保留行动者当时能知道的内容","公开史料、当时信息与组织约束的比较与解释记录","https://www.moe.gov.cn/srcsite/A22/moe_833/202209/t20220914_660828.html；https://history.pku.edu.cn/bxgk/xkjj/index.htm"
"military-organization-7","military-organization","军事管理制度","公开史料、组织层次与情境假设","subject-military-history","军事管理制度：当时的信息和资源允许你提出的这个解释吗？","军事管理制度：公共史料数字化怎样保留组织变迁中的反例？","公开史料、当时信息与组织约束","限制在公开历史解释，保留行动者当时能知道的内容","公开史料、当时信息与组织约束的比较与解释记录","https://www.moe.gov.cn/srcsite/A22/moe_833/202209/t20220914_660828.html；https://history.pku.edu.cn/bxgk/xkjj/index.htm"
"military-organization-8","military-organization","军事训练教育史","公开史料、组织层次与情境假设","subject-military-history","军事训练教育史：当时的信息和资源允许你提出的这个解释吗？","军事训练教育史：公共史料数字化怎样保留组织变迁中的反例？","公开史料、当时信息与组织约束","限制在公开历史解释，保留行动者当时能知道的内容","公开史料、当时信息与组织约束的比较与解释记录","https://www.moe.gov.cn/srcsite/A22/moe_833/202209/t20220914_660828.html；https://history.pku.edu.cn/bxgk/xkjj/index.htm"
"military-organization-9","military-organization","军事智能公开文献","公开史料、组织层次与情境假设","subject-military-history","军事智能公开文献：当时的信息和资源允许你提出的这个解释吗？","军事智能公开文献：公共史料数字化怎样保留组织变迁中的反例？","公开史料、当时信息与组织约束","限制在公开历史解释，保留行动者当时能知道的内容","公开史料、当时信息与组织约束的比较与解释记录","https://www.moe.gov.cn/srcsite/A22/moe_833/202209/t20220914_660828.html；https://history.pku.edu.cn/bxgk/xkjj/index.htm"
"military-organization-10","military-organization","协作制度比较","公开史料、组织层次与情境假设","subject-military-history","协作制度比较：当时的信息和资源允许你提出的这个解释吗？","协作制度比较：公共史料数字化怎样保留组织变迁中的反例？","公开史料、当时信息与组织约束","限制在公开历史解释，保留行动者当时能知道的内容","公开史料、当时信息与组织约束的比较与解释记录","https://www.moe.gov.cn/srcsite/A22/moe_833/202209/t20220914_660828.html；https://history.pku.edu.cn/bxgk/xkjj/index.htm"
"military-organization-11","military-organization","公开军事资料质量","公开史料、组织层次与情境假设","subject-military-history","公开军事资料质量：当时的信息和资源允许你提出的这个解释吗？","公开军事资料质量：公共史料数字化怎样保留组织变迁中的反例？","公开史料、当时信息与组织约束","限制在公开历史解释，保留行动者当时能知道的内容","公开史料、当时信息与组织约束的比较与解释记录","https://www.moe.gov.cn/srcsite/A22/moe_833/202209/t20220914_660828.html；https://history.pku.edu.cn/bxgk/xkjj/index.htm"
"military-organization-12","military-organization","军事教育伦理","公开史料、组织层次与情境假设","subject-military-history","军事教育伦理：当时的信息和资源允许你提出的这个解释吗？","军事教育伦理：公共史料数字化怎样保留组织变迁中的反例？","公开史料、当时信息与组织约束","限制在公开历史解释，保留行动者当时能知道的内容","公开史料、当时信息与组织约束的比较与解释记录","https://www.moe.gov.cn/srcsite/A22/moe_833/202209/t20220914_660828.html；https://history.pku.edu.cn/bxgk/xkjj/index.htm"
"agri-economics-1","agri-economics","农业经济管理","农户与地区层次、季节与资源约束","economics","农业经济管理：观察到的参与者差异，怎样与政策作用区分？","农业经济管理：新资料或制度比较能否区分选择、行为调整与长期分配变化？","分配规则、样本来源与比较组记录","本方向具体检查：核对选择过程与政策时点，区分描述和识别。不要把「农户与地区层次、季节与资源约束」中不同条件直接合并。","进入与退出路径、制度时点和比较单位，注明「农业经济管理」的来源、课题版本、已查项与未决项。","https://econ.pku.edu.cn/xkzy/index.htm"
"agri-economics-2","agri-economics","林业经济管理","农户与地区层次、季节与资源约束","economics","林业经济管理：观察到的参与者差异，怎样与政策作用区分？","林业经济管理：新资料或制度比较能否区分选择、行为调整与长期分配变化？","分配规则、样本来源与比较组记录","本方向具体检查：核对选择过程与政策时点，区分描述和识别。不要把「农户与地区层次、季节与资源约束」中不同条件直接合并。","进入与退出路径、制度时点和比较单位，注明「林业经济管理」的来源、课题版本、已查项与未决项。","https://econ.pku.edu.cn/xkzy/index.htm"
"agri-economics-3","agri-economics","农村发展","农户与地区层次、季节与资源约束","economics","农村发展：制度写得完整，为什么实际交接仍可能失败？","农村发展：新资料或制度比较能否区分选择、行为调整与长期分配变化？","流程文件、岗位访谈与交付记录","本方向具体检查：分开正式规定与实际执行，再核对责任接口。不要把「农户与地区层次、季节与资源约束」中不同条件直接合并。","进入与退出路径、制度时点和比较单位，注明「农村发展」的来源、课题版本、已查项与未决项。","https://www.som.zju.edu.cn/2025/0506/c63512a3045953/page.htm"
"agri-economics-4","agri-economics","农户行为","农户与地区层次、季节与资源约束","evidence-organization","农户行为：制度写得完整，为什么实际交接仍可能失败？","农户行为：智能工具进入团队后，知识传递与新人培养会怎样变化？","流程文件、岗位访谈与交付记录","本方向具体检查：分开正式规定与实际执行，再核对责任接口。不要把「农户与地区层次、季节与资源约束」中不同条件直接合并。","流程文件、岗位访谈与交付记录的来源与比较条件记录，注明「农户行为」的来源、课题版本、已查项与未决项。","https://www.som.zju.edu.cn/2025/0506/c63512a3045953/page.htm"
"agri-economics-5","agri-economics","农业组织","农户与地区层次、季节与资源约束","governance","农业组织：制度写得完整，为什么实际交接仍可能失败？","农业组织：新的协作或数字治理能否缩小执行差距，并保留申诉和责任接口？","流程文件、岗位访谈与交付记录","本方向具体检查：分开正式规定与实际执行，再核对责任接口。不要把「农户与地区层次、季节与资源约束」中不同条件直接合并。","纸面目标、执行层次与未受益者记录，注明「农业组织」的来源、课题版本、已查项与未决项。","https://www.som.zju.edu.cn/2025/0506/c63512a3045953/page.htm"
"agri-economics-6","agri-economics","农产品市场","农户与地区层次、季节与资源约束","economics","农产品市场：制度写得完整，为什么实际交接仍可能失败？","农产品市场：新资料或制度比较能否区分选择、行为调整与长期分配变化？","流程文件、岗位访谈与交付记录","本方向具体检查：分开正式规定与实际执行，再核对责任接口。不要把「农户与地区层次、季节与资源约束」中不同条件直接合并。","进入与退出路径、制度时点和比较单位，注明「农产品市场」的来源、课题版本、已查项与未决项。","https://www.som.zju.edu.cn/2025/0506/c63512a3045953/page.htm"
"agri-economics-7","agri-economics","林业资源经济","农户与地区层次、季节与资源约束","economics","林业资源经济：观察到的参与者差异，怎样与政策作用区分？","林业资源经济：新资料或制度比较能否区分选择、行为调整与长期分配变化？","分配规则、样本来源与比较组记录","本方向具体检查：核对选择过程与政策时点，区分描述和识别。不要把「农户与地区层次、季节与资源约束」中不同条件直接合并。","进入与退出路径、制度时点和比较单位，注明「林业资源经济」的来源、课题版本、已查项与未决项。","https://econ.pku.edu.cn/xkzy/index.htm"
"agri-economics-8","agri-economics","农村公共服务","农户与地区层次、季节与资源约束","economics","农村公共服务：两个地方使用同名制度，怎样判断可以比较？","农村公共服务：新资料或制度比较能否区分选择、行为调整与长期分配变化？","制度文本、执行材料与对象反馈","本方向具体检查：比较制度情境，保留执行层次与时间。不要把「农户与地区层次、季节与资源约束」中不同条件直接合并。","进入与退出路径、制度时点和比较单位，注明「农村公共服务」的来源、课题版本、已查项与未决项。","https://www.law.pku.edu.cn/xwzx/ggtz/zsjx/870508d182464f118ae55b9473a4c4f3.htm；https://bkzs.pku.edu.cn/xkzy/xy/shkxxb/sxkxxy_31/sxkxxyzszy_31/index.htm"
"agri-economics-9","agri-economics","农业政策评价","农户与地区层次、季节与资源约束","governance","农业政策评价：两个地方使用同名制度，怎样判断可以比较？","农业政策评价：新的协作或数字治理能否缩小执行差距，并保留申诉和责任接口？","制度文本、执行材料与对象反馈","本方向具体检查：比较制度情境，保留执行层次与时间。不要把「农户与地区层次、季节与资源约束」中不同条件直接合并。","纸面目标、执行层次与未受益者记录，注明「农业政策评价」的来源、课题版本、已查项与未决项。","https://www.law.pku.edu.cn/xwzx/ggtz/zsjx/870508d182464f118ae55b9473a4c4f3.htm；https://bkzs.pku.edu.cn/xkzy/xy/shkxxb/sxkxxy_31/sxkxxyzszy_31/index.htm"
"agri-economics-10","agri-economics","农林经营史","农户与地区层次、季节与资源约束","evidence-organization","农林经营史：制度写得完整，为什么实际交接仍可能失败？","农林经营史：智能工具进入团队后，知识传递与新人培养会怎样变化？","流程文件、岗位访谈与交付记录","本方向具体检查：分开正式规定与实际执行，再核对责任接口。不要把「农户与地区层次、季节与资源约束」中不同条件直接合并。","流程文件、岗位访谈与交付记录的来源与比较条件记录，注明「农林经营史」的来源、课题版本、已查项与未决项。","https://www.som.zju.edu.cn/2025/0506/c63512a3045953/page.htm"
"agri-economics-11","agri-economics","农林资源配置","农户与地区层次、季节与资源约束","evidence-organization","农林资源配置：制度写得完整，为什么实际交接仍可能失败？","农林资源配置：智能工具进入团队后，知识传递与新人培养会怎样变化？","流程文件、岗位访谈与交付记录","本方向具体检查：分开正式规定与实际执行，再核对责任接口。不要把「农户与地区层次、季节与资源约束」中不同条件直接合并。","流程文件、岗位访谈与交付记录的来源与比较条件记录，注明「农林资源配置」的来源、课题版本、已查项与未决项。","https://www.som.zju.edu.cn/2025/0506/c63512a3045953/page.htm"
"agri-economics-12","agri-economics","乡村产业","农户与地区层次、季节与资源约束","economics","乡村产业：制度写得完整，为什么实际交接仍可能失败？","乡村产业：新资料或制度比较能否区分选择、行为调整与长期分配变化？","流程文件、岗位访谈与交付记录","本方向具体检查：分开正式规定与实际执行，再核对责任接口。不要把「农户与地区层次、季节与资源约束」中不同条件直接合并。","进入与退出路径、制度时点和比较单位，注明「乡村产业」的来源、课题版本、已查项与未决项。","https://www.som.zju.edu.cn/2025/0506/c63512a3045953/page.htm"
"tourism-management-1","tourism-management","旅游行为","旺淡季、服务情境与游客构成","subject-operations","旅游行为：这个环节省下的时间有没有变成下一环节的排队？","旅游行为：动态调度怎样兼顾波动、服务公平与资源约束？","流程等待、交付记录与需求波动","同时比较局部周转与端到端交付","流程等待、交付记录与需求波动的比较与解释记录","https://www.som.zju.edu.cn/2025/0506/c63512a3045953/page.htm"
"tourism-management-2","tourism-management","旅游目的地","旺淡季、服务情境与游客构成","subject-operations","旅游目的地：这个环节省下的时间有没有变成下一环节的排队？","旅游目的地：动态调度怎样兼顾波动、服务公平与资源约束？","流程等待、交付记录与需求波动","同时比较局部周转与端到端交付","流程等待、交付记录与需求波动的比较与解释记录","https://www.som.zju.edu.cn/2025/0506/c63512a3045953/page.htm"
"tourism-management-3","tourism-management","酒店管理研究","旺淡季、服务情境与游客构成","evidence-tourism","酒店管理研究：游客满意与地方居民受益为什么可能方向不同？","酒店管理研究：平台推荐会怎样改变客流分布、拥挤与地方体验？","访问季节、游客行为与服务体验记录","本方向具体检查：区分游客群体、季节与目的地条件。不要把「旺淡季、服务情境与游客构成」中不同条件直接合并。","访问季节、游客行为与服务体验记录的来源与比较条件记录，注明「酒店管理研究」的来源、课题版本、已查项与未决项。","https://www.som.zju.edu.cn/2025/0506/c63512a3045953/page.htm"
"tourism-management-4","tourism-management","旅游服务","旺淡季、服务情境与游客构成","subject-operations","旅游服务：这个环节省下的时间有没有变成下一环节的排队？","旅游服务：动态调度怎样兼顾波动、服务公平与资源约束？","流程等待、交付记录与需求波动","同时比较局部周转与端到端交付","流程等待、交付记录与需求波动的比较与解释记录","https://www.som.zju.edu.cn/2025/0506/c63512a3045953/page.htm"
"tourism-management-5","tourism-management","文化旅游","旺淡季、服务情境与游客构成","subject-operations","文化旅游：这个环节省下的时间有没有变成下一环节的排队？","文化旅游：动态调度怎样兼顾波动、服务公平与资源约束？","流程等待、交付记录与需求波动","同时比较局部周转与端到端交付","流程等待、交付记录与需求波动的比较与解释记录","https://www.som.zju.edu.cn/2025/0506/c63512a3045953/page.htm"
"tourism-management-6","tourism-management","旅游资源评价","旺淡季、服务情境与游客构成","subject-operations","旅游资源评价：这个环节省下的时间有没有变成下一环节的排队？","旅游资源评价：动态调度怎样兼顾波动、服务公平与资源约束？","流程等待、交付记录与需求波动","同时比较局部周转与端到端交付","流程等待、交付记录与需求波动的比较与解释记录","https://www.som.zju.edu.cn/2025/0506/c63512a3045953/page.htm"
"tourism-management-7","tourism-management","旅游环境","旺淡季、服务情境与游客构成","subject-operations","旅游环境：这个环节省下的时间有没有变成下一环节的排队？","旅游环境：动态调度怎样兼顾波动、服务公平与资源约束？","流程等待、交付记录与需求波动","同时比较局部周转与端到端交付","流程等待、交付记录与需求波动的比较与解释记录","https://www.som.zju.edu.cn/2025/0506/c63512a3045953/page.htm"
"tourism-management-8","tourism-management","旅游组织","旺淡季、服务情境与游客构成","subject-operations","旅游组织：这个环节省下的时间有没有变成下一环节的排队？","旅游组织：动态调度怎样兼顾波动、服务公平与资源约束？","流程等待、交付记录与需求波动","同时比较局部周转与端到端交付","流程等待、交付记录与需求波动的比较与解释记录","https://www.som.zju.edu.cn/2025/0506/c63512a3045953/page.htm"
"tourism-management-9","tourism-management","旅游数字化","旺淡季、服务情境与游客构成","subject-operations","旅游数字化：这个环节省下的时间有没有变成下一环节的排队？","旅游数字化：动态调度怎样兼顾波动、服务公平与资源约束？","流程等待、交付记录与需求波动","同时比较局部周转与端到端交付","流程等待、交付记录与需求波动的比较与解释记录","https://www.som.zju.edu.cn/2025/0506/c63512a3045953/page.htm"
"tourism-management-10","tourism-management","旅游体验","旺淡季、服务情境与游客构成","subject-operations","旅游体验：这个环节省下的时间有没有变成下一环节的排队？","旅游体验：动态调度怎样兼顾波动、服务公平与资源约束？","流程等待、交付记录与需求波动","同时比较局部周转与端到端交付","流程等待、交付记录与需求波动的比较与解释记录","https://www.som.zju.edu.cn/2025/0506/c63512a3045953/page.htm"
"tourism-management-11","tourism-management","旅游管理史","旺淡季、服务情境与游客构成","subject-operations","旅游管理史：这个环节省下的时间有没有变成下一环节的排队？","旅游管理史：动态调度怎样兼顾波动、服务公平与资源约束？","流程等待、交付记录与需求波动","同时比较局部周转与端到端交付","流程等待、交付记录与需求波动的比较与解释记录","https://www.som.zju.edu.cn/2025/0506/c63512a3045953/page.htm"
"tourism-management-12","tourism-management","旅游可及性","旺淡季、服务情境与游客构成","subject-operations","旅游可及性：这个环节省下的时间有没有变成下一环节的排队？","旅游可及性：动态调度怎样兼顾波动、服务公平与资源约束？","流程等待、交付记录与需求波动","同时比较局部周转与端到端交付","流程等待、交付记录与需求波动的比较与解释记录","https://www.som.zju.edu.cn/2025/0506/c63512a3045953/page.htm"
"audit-studies-1","audit-studies","财务审计研究","资料完整性、评价范围与证据链","subject-accounting","财务审计研究：增长来自经营，还是有新主体进入合并范围？","财务审计研究：自动审计怎样保留例外、来源和复核责任？","确认时点、合并边界与核对底稿","区分经营变化、口径调整与合并变化","确认时点、合并边界与核对底稿的比较与解释记录","https://www.som.zju.edu.cn/2025/0506/c63512a3045953/page.htm"
"audit-studies-2","audit-studies","绩效审计研究","资料完整性、评价范围与证据链","subject-accounting","绩效审计研究：增长来自经营，还是有新主体进入合并范围？","绩效审计研究：自动审计怎样保留例外、来源和复核责任？","确认时点、合并边界与核对底稿","区分经营变化、口径调整与合并变化","确认时点、合并边界与核对底稿的比较与解释记录","https://www.som.zju.edu.cn/2025/0506/c63512a3045953/page.htm"
"audit-studies-3","audit-studies","内部审计","资料完整性、评价范围与证据链","subject-accounting","内部审计：增长来自经营，还是有新主体进入合并范围？","内部审计：自动审计怎样保留例外、来源和复核责任？","确认时点、合并边界与核对底稿","区分经营变化、口径调整与合并变化","确认时点、合并边界与核对底稿的比较与解释记录","https://www.som.zju.edu.cn/2025/0506/c63512a3045953/page.htm"
"audit-studies-4","audit-studies","审计证据","资料完整性、评价范围与证据链","subject-accounting","审计证据：增长来自经营，还是有新主体进入合并范围？","审计证据：自动审计怎样保留例外、来源和复核责任？","确认时点、合并边界与核对底稿","区分经营变化、口径调整与合并变化","确认时点、合并边界与核对底稿的比较与解释记录","https://www.som.zju.edu.cn/2025/0506/c63512a3045953/page.htm"
"audit-studies-5","audit-studies","审计制度史","资料完整性、评价范围与证据链","subject-accounting","审计制度史：增长来自经营，还是有新主体进入合并范围？","审计制度史：自动审计怎样保留例外、来源和复核责任？","确认时点、合并边界与核对底稿","区分经营变化、口径调整与合并变化","确认时点、合并边界与核对底稿的比较与解释记录","https://www.som.zju.edu.cn/2025/0506/c63512a3045953/page.htm"
"audit-studies-6","audit-studies","审计质量","资料完整性、评价范围与证据链","subject-accounting","审计质量：增长来自经营，还是有新主体进入合并范围？","审计质量：自动审计怎样保留例外、来源和复核责任？","确认时点、合并边界与核对底稿","区分经营变化、口径调整与合并变化","确认时点、合并边界与核对底稿的比较与解释记录","https://www.som.zju.edu.cn/2025/0506/c63512a3045953/page.htm"
"audit-studies-7","audit-studies","审计数据评价","资料完整性、评价范围与证据链","subject-accounting","审计数据评价：增长来自经营，还是有新主体进入合并范围？","审计数据评价：自动审计怎样保留例外、来源和复核责任？","确认时点、合并边界与核对底稿","区分经营变化、口径调整与合并变化","确认时点、合并边界与核对底稿的比较与解释记录","https://www.som.zju.edu.cn/2025/0506/c63512a3045953/page.htm"
"audit-studies-8","audit-studies","审计职业判断","资料完整性、评价范围与证据链","subject-accounting","审计职业判断：增长来自经营，还是有新主体进入合并范围？","审计职业判断：自动审计怎样保留例外、来源和复核责任？","确认时点、合并边界与核对底稿","区分经营变化、口径调整与合并变化","确认时点、合并边界与核对底稿的比较与解释记录","https://www.som.zju.edu.cn/2025/0506/c63512a3045953/page.htm"
"audit-studies-9","audit-studies","公共审计资料","资料完整性、评价范围与证据链","subject-accounting","公共审计资料：增长来自经营，还是有新主体进入合并范围？","公共审计资料：自动审计怎样保留例外、来源和复核责任？","确认时点、合并边界与核对底稿","区分经营变化、口径调整与合并变化","确认时点、合并边界与核对底稿的比较与解释记录","https://www.som.zju.edu.cn/2025/0506/c63512a3045953/page.htm"
"audit-studies-10","audit-studies","审计沟通","资料完整性、评价范围与证据链","subject-accounting","审计沟通：增长来自经营，还是有新主体进入合并范围？","审计沟通：自动审计怎样保留例外、来源和复核责任？","确认时点、合并边界与核对底稿","区分经营变化、口径调整与合并变化","确认时点、合并边界与核对底稿的比较与解释记录","https://www.som.zju.edu.cn/2025/0506/c63512a3045953/page.htm"
"audit-studies-11","audit-studies","数字审计研究","资料完整性、评价范围与证据链","subject-accounting","数字审计研究：增长来自经营，还是有新主体进入合并范围？","数字审计研究：自动审计怎样保留例外、来源和复核责任？","确认时点、合并边界与核对底稿","区分经营变化、口径调整与合并变化","确认时点、合并边界与核对底稿的比较与解释记录","https://www.som.zju.edu.cn/2025/0506/c63512a3045953/page.htm"
"audit-studies-12","audit-studies","审计教育","资料完整性、评价范围与证据链","subject-accounting","审计教育：增长来自经营，还是有新主体进入合并范围？","审计教育：自动审计怎样保留例外、来源和复核责任？","确认时点、合并边界与核对底稿","区分经营变化、口径调整与合并变化","确认时点、合并边界与核对底稿的比较与解释记录","https://cter.bnu.edu.cn/docs/2024-05/e0d9749ec02e425eb45aa96fefdadc2a.pdf"
"dance-studies-1","dance-studies","舞蹈史","具体场次、记录方式与身体经验","arts","舞蹈史：排练表现与正式场次反馈为何可能不同？","舞蹈史：新的创作或展示方式能否兼顾语境、实际体验与作品差异？","排练版本、现场条件与观演记录","本方向具体检查：区分技法描述、具体场次与接受评价，保留版本变动。不要把「具体场次、记录方式与身体经验」中不同条件直接合并。","作品版本、制作取舍与观看条件记录，注明「舞蹈史」的来源、课题版本、已查项与未决项。","https://www.cafa.edu.cn/sp/nljg/?j=151"
"dance-studies-2","dance-studies","舞蹈理论","具体场次、记录方式与身体经验","arts","舞蹈理论：排练表现与正式场次反馈为何可能不同？","舞蹈理论：新的创作或展示方式能否兼顾语境、实际体验与作品差异？","排练版本、现场条件与观演记录","本方向具体检查：区分技法描述、具体场次与接受评价，保留版本变动。不要把「具体场次、记录方式与身体经验」中不同条件直接合并。","作品版本、制作取舍与观看条件记录，注明「舞蹈理论」的来源、课题版本、已查项与未决项。","https://www.cafa.edu.cn/sp/nljg/?j=151"
"dance-studies-3","dance-studies","舞蹈编创","具体场次、记录方式与身体经验","arts","舞蹈编创：排练表现与正式场次反馈为何可能不同？","舞蹈编创：新的创作或展示方式能否兼顾语境、实际体验与作品差异？","排练版本、现场条件与观演记录","本方向具体检查：区分技法描述、具体场次与接受评价，保留版本变动。不要把「具体场次、记录方式与身体经验」中不同条件直接合并。","作品版本、制作取舍与观看条件记录，注明「舞蹈编创」的来源、课题版本、已查项与未决项。","https://www.cafa.edu.cn/sp/nljg/?j=151"
"dance-studies-4","dance-studies","舞蹈表演","具体场次、记录方式与身体经验","arts","舞蹈表演：排练表现与正式场次反馈为何可能不同？","舞蹈表演：新的创作或展示方式能否兼顾语境、实际体验与作品差异？","排练版本、现场条件与观演记录","本方向具体检查：区分技法描述、具体场次与接受评价，保留版本变动。不要把「具体场次、记录方式与身体经验」中不同条件直接合并。","作品版本、制作取舍与观看条件记录，注明「舞蹈表演」的来源、课题版本、已查项与未决项。","https://www.cafa.edu.cn/sp/nljg/?j=151"
"dance-studies-5","dance-studies","舞蹈教育","具体场次、记录方式与身体经验","arts","舞蹈教育：参与更积极，为什么不等于目标知识掌握更好？","舞蹈教育：新的创作或展示方式能否兼顾语境、实际体验与作品差异？","课堂目标、活动记录与学习过程材料","本方向具体检查：让任务、教学目标与评价对应，保留班级差异。不要把「具体场次、记录方式与身体经验」中不同条件直接合并。","作品版本、制作取舍与观看条件记录，注明「舞蹈教育」的来源、课题版本、已查项与未决项。","https://cter.bnu.edu.cn/docs/2024-05/e0d9749ec02e425eb45aa96fefdadc2a.pdf"
"dance-studies-6","dance-studies","民族民间舞研究","具体场次、记录方式与身体经验","arts","民族民间舞研究：排练表现与正式场次反馈为何可能不同？","民族民间舞研究：新的创作或展示方式能否兼顾语境、实际体验与作品差异？","排练版本、现场条件与观演记录","本方向具体检查：区分技法描述、具体场次与接受评价，保留版本变动。不要把「具体场次、记录方式与身体经验」中不同条件直接合并。","作品版本、制作取舍与观看条件记录，注明「民族民间舞研究」的来源、课题版本、已查项与未决项。","https://www.cafa.edu.cn/sp/nljg/?j=151"
"dance-studies-7","dance-studies","舞蹈记录","具体场次、记录方式与身体经验","arts","舞蹈记录：排练表现与正式场次反馈为何可能不同？","舞蹈记录：新的创作或展示方式能否兼顾语境、实际体验与作品差异？","排练版本、现场条件与观演记录","本方向具体检查：区分技法描述、具体场次与接受评价，保留版本变动。不要把「具体场次、记录方式与身体经验」中不同条件直接合并。","作品版本、制作取舍与观看条件记录，注明「舞蹈记录」的来源、课题版本、已查项与未决项。","https://www.cafa.edu.cn/sp/nljg/?j=151"
"dance-studies-8","dance-studies","舞蹈影像","具体场次、记录方式与身体经验","arts","舞蹈影像：排练表现与正式场次反馈为何可能不同？","舞蹈影像：新的创作或展示方式能否兼顾语境、实际体验与作品差异？","排练版本、现场条件与观演记录","本方向具体检查：区分技法描述、具体场次与接受评价，保留版本变动。不要把「具体场次、记录方式与身体经验」中不同条件直接合并。","作品版本、制作取舍与观看条件记录，注明「舞蹈影像」的来源、课题版本、已查项与未决项。","https://www.cafa.edu.cn/sp/nljg/?j=151"
"dance-studies-9","dance-studies","舞蹈身体经验","具体场次、记录方式与身体经验","arts","舞蹈身体经验：排练表现与正式场次反馈为何可能不同？","舞蹈身体经验：新的创作或展示方式能否兼顾语境、实际体验与作品差异？","排练版本、现场条件与观演记录","本方向具体检查：区分技法描述、具体场次与接受评价，保留版本变动。不要把「具体场次、记录方式与身体经验」中不同条件直接合并。","作品版本、制作取舍与观看条件记录，注明「舞蹈身体经验」的来源、课题版本、已查项与未决项。","https://www.cafa.edu.cn/sp/nljg/?j=151"
"dance-studies-10","dance-studies","舞蹈观众","具体场次、记录方式与身体经验","arts","舞蹈观众：排练表现与正式场次反馈为何可能不同？","舞蹈观众：新的创作或展示方式能否兼顾语境、实际体验与作品差异？","排练版本、现场条件与观演记录","本方向具体检查：区分技法描述、具体场次与接受评价，保留版本变动。不要把「具体场次、记录方式与身体经验」中不同条件直接合并。","作品版本、制作取舍与观看条件记录，注明「舞蹈观众」的来源、课题版本、已查项与未决项。","https://www.cafa.edu.cn/sp/nljg/?j=151"
"dance-studies-11","dance-studies","舞蹈与技术","具体场次、记录方式与身体经验","arts","舞蹈与技术：排练表现与正式场次反馈为何可能不同？","舞蹈与技术：新的创作或展示方式能否兼顾语境、实际体验与作品差异？","排练版本、现场条件与观演记录","本方向具体检查：区分技法描述、具体场次与接受评价，保留版本变动。不要把「具体场次、记录方式与身体经验」中不同条件直接合并。","作品版本、制作取舍与观看条件记录，注明「舞蹈与技术」的来源、课题版本、已查项与未决项。","https://www.cafa.edu.cn/sp/nljg/?j=151"
"dance-studies-12","dance-studies","舞蹈文献","具体场次、记录方式与身体经验","arts","舞蹈文献：排练表现与正式场次反馈为何可能不同？","舞蹈文献：新的创作或展示方式能否兼顾语境、实际体验与作品差异？","排练版本、现场条件与观演记录","本方向具体检查：区分技法描述、具体场次与接受评价，保留版本变动。不要把「具体场次、记录方式与身体经验」中不同条件直接合并。","作品版本、制作取舍与观看条件记录，注明「舞蹈文献」的来源、课题版本、已查项与未决项。","https://www.cafa.edu.cn/sp/nljg/?j=151"
"opera-studies-1","opera-studies","戏曲史","剧种、场次与传承版本","subject-music","戏曲史：这段效果来自演绎，还是后期或场地？","戏曲史：远程共演怎样评价延迟、协作和共同在场？","乐谱或脚本版本、演出场次与声场记录","分开作品结构、演绎取舍与现场条件","乐谱或脚本版本、演出场次与声场记录的比较与解释记录","https://www.cafa.edu.cn/sp/nljg/?j=151"
"opera-studies-2","opera-studies","曲艺史","剧种、场次与传承版本","evidence-performance","曲艺史：排练表现与正式场次反馈为何可能不同？","曲艺史：实时媒介与远程共演怎样改变表演的在场感？","排练版本、演出条件与听众反馈","本方向具体检查：区分练习状态、现场条件与审美判断。不要把「剧种、场次与传承版本」中不同条件直接合并。","排练版本、演出条件与听众反馈的来源与比较条件记录，注明「曲艺史」的来源、课题版本、已查项与未决项。","https://www.cafa.edu.cn/sp/nljg/?j=151"
"opera-studies-3","opera-studies","戏曲文本","剧种、场次与传承版本","subject-music","戏曲文本：这段效果来自演绎，还是后期或场地？","戏曲文本：远程共演怎样评价延迟、协作和共同在场？","乐谱或脚本版本、演出场次与声场记录","分开作品结构、演绎取舍与现场条件","乐谱或脚本版本、演出场次与声场记录的比较与解释记录","https://www.cafa.edu.cn/sp/nljg/?j=151"
"opera-studies-4","opera-studies","曲艺文本","剧种、场次与传承版本","evidence-performance","曲艺文本：排练表现与正式场次反馈为何可能不同？","曲艺文本：实时媒介与远程共演怎样改变表演的在场感？","排练版本、演出条件与听众反馈","本方向具体检查：区分练习状态、现场条件与审美判断。不要把「剧种、场次与传承版本」中不同条件直接合并。","排练版本、演出条件与听众反馈的来源与比较条件记录，注明「曲艺文本」的来源、课题版本、已查项与未决项。","https://www.cafa.edu.cn/sp/nljg/?j=151"
"opera-studies-5","opera-studies","戏曲表演","剧种、场次与传承版本","subject-music","戏曲表演：这段效果来自演绎，还是后期或场地？","戏曲表演：远程共演怎样评价延迟、协作和共同在场？","乐谱或脚本版本、演出场次与声场记录","分开作品结构、演绎取舍与现场条件","乐谱或脚本版本、演出场次与声场记录的比较与解释记录","https://www.cafa.edu.cn/sp/nljg/?j=151"
"opera-studies-6","opera-studies","曲艺表演","剧种、场次与传承版本","subject-music","曲艺表演：这段效果来自演绎，还是后期或场地？","曲艺表演：远程共演怎样评价延迟、协作和共同在场？","乐谱或脚本版本、演出场次与声场记录","分开作品结构、演绎取舍与现场条件","乐谱或脚本版本、演出场次与声场记录的比较与解释记录","https://www.cafa.edu.cn/sp/nljg/?j=151"
"opera-studies-7","opera-studies","唱腔资料","剧种、场次与传承版本","evidence-performance","唱腔资料：排练表现与正式场次反馈为何可能不同？","唱腔资料：实时媒介与远程共演怎样改变表演的在场感？","排练版本、演出条件与听众反馈","本方向具体检查：区分练习状态、现场条件与审美判断。不要把「剧种、场次与传承版本」中不同条件直接合并。","排练版本、演出条件与听众反馈的来源与比较条件记录，注明「唱腔资料」的来源、课题版本、已查项与未决项。","https://www.cafa.edu.cn/sp/nljg/?j=151"
"opera-studies-8","opera-studies","程式研究","剧种、场次与传承版本","evidence-performance","程式研究：排练表现与正式场次反馈为何可能不同？","程式研究：实时媒介与远程共演怎样改变表演的在场感？","排练版本、演出条件与听众反馈","本方向具体检查：区分练习状态、现场条件与审美判断。不要把「剧种、场次与传承版本」中不同条件直接合并。","排练版本、演出条件与听众反馈的来源与比较条件记录，注明「程式研究」的来源、课题版本、已查项与未决项。","https://www.cafa.edu.cn/sp/nljg/?j=151"
"opera-studies-9","opera-studies","地方剧种","剧种、场次与传承版本","evidence-performance","地方剧种：排练表现与正式场次反馈为何可能不同？","地方剧种：实时媒介与远程共演怎样改变表演的在场感？","排练版本、演出条件与听众反馈","本方向具体检查：区分练习状态、现场条件与审美判断。不要把「剧种、场次与传承版本」中不同条件直接合并。","排练版本、演出条件与听众反馈的来源与比较条件记录，注明「地方剧种」的来源、课题版本、已查项与未决项。","https://www.cafa.edu.cn/sp/nljg/?j=151"
"opera-studies-10","opera-studies","戏曲教育","剧种、场次与传承版本","subject-music","戏曲教育：这段效果来自演绎，还是后期或场地？","戏曲教育：远程共演怎样评价延迟、协作和共同在场？","乐谱或脚本版本、演出场次与声场记录","分开作品结构、演绎取舍与现场条件","乐谱或脚本版本、演出场次与声场记录的比较与解释记录","https://cter.bnu.edu.cn/docs/2024-05/e0d9749ec02e425eb45aa96fefdadc2a.pdf"
"opera-studies-11","opera-studies","演出档案","剧种、场次与传承版本","evidence-performance","演出档案：排练表现与正式场次反馈为何可能不同？","演出档案：实时媒介与远程共演怎样改变表演的在场感？","排练版本、演出条件与听众反馈","本方向具体检查：区分练习状态、现场条件与审美判断。不要把「剧种、场次与传承版本」中不同条件直接合并。","排练版本、演出条件与听众反馈的来源与比较条件记录，注明「演出档案」的来源、课题版本、已查项与未决项。","https://www.cafa.edu.cn/sp/nljg/?j=151"
"opera-studies-12","opera-studies","戏曲观众","剧种、场次与传承版本","subject-music","戏曲观众：这段效果来自演绎，还是后期或场地？","戏曲观众：远程共演怎样评价延迟、协作和共同在场？","乐谱或脚本版本、演出场次与声场记录","分开作品结构、演绎取舍与现场条件","乐谱或脚本版本、演出场次与声场记录的比较与解释记录","https://www.cafa.edu.cn/sp/nljg/?j=151"
"integrated-circuits-1","integrated-circuits","集成电路理论","器件尺度、设计版本与评价工况","subject-circuits","集成电路理论：这段响应来自器件还是测量链路？","集成电路理论：跨尺度集成怎样评价噪声、功耗和长期漂移？","输入带宽、噪声谱与测量链路","区分器件响应、测量链路与信号处理","输入带宽、噪声谱与测量链路的比较与解释记录","https://www.moe.gov.cn/srcsite/A22/moe_833/202209/t20220914_660828.html"
"integrated-circuits-2","integrated-circuits","芯片设计资料","器件尺度、设计版本与评价工况","subject-circuits","芯片设计资料：这段响应来自器件还是测量链路？","芯片设计资料：跨尺度集成怎样评价噪声、功耗和长期漂移？","输入带宽、噪声谱与测量链路","区分器件响应、测量链路与信号处理","输入带宽、噪声谱与测量链路的比较与解释记录","https://www.moe.gov.cn/srcsite/A22/moe_833/202209/t20220914_660828.html"
"integrated-circuits-3","integrated-circuits","器件模型评价","器件尺度、设计版本与评价工况","subject-circuits","器件模型评价：这段响应来自器件还是测量链路？","器件模型评价：跨尺度集成怎样评价噪声、功耗和长期漂移？","输入带宽、噪声谱与测量链路","区分器件响应、测量链路与信号处理","输入带宽、噪声谱与测量链路的比较与解释记录","https://www.moe.gov.cn/srcsite/A22/moe_833/202209/t20220914_660828.html"
"integrated-circuits-4","integrated-circuits","电路仿真","器件尺度、设计版本与评价工况","subject-circuits","电路仿真：这段响应来自器件还是测量链路？","电路仿真：跨尺度集成怎样评价噪声、功耗和长期漂移？","输入带宽、噪声谱与测量链路","区分器件响应、测量链路与信号处理","输入带宽、噪声谱与测量链路的比较与解释记录","https://www.moe.gov.cn/srcsite/A22/moe_833/202209/t20220914_660828.html"
"integrated-circuits-5","integrated-circuits","集成电路测量","器件尺度、设计版本与评价工况","subject-circuits","集成电路测量：这段响应来自器件还是测量链路？","集成电路测量：跨尺度集成怎样评价噪声、功耗和长期漂移？","输入带宽、噪声谱与测量链路","区分器件响应、测量链路与信号处理","输入带宽、噪声谱与测量链路的比较与解释记录","https://www.moe.gov.cn/srcsite/A22/moe_833/202209/t20220914_660828.html"
"integrated-circuits-6","integrated-circuits","芯片可靠性","器件尺度、设计版本与评价工况","subject-circuits","芯片可靠性：这段响应来自器件还是测量链路？","芯片可靠性：跨尺度集成怎样评价噪声、功耗和长期漂移？","输入带宽、噪声谱与测量链路","区分器件响应、测量链路与信号处理","输入带宽、噪声谱与测量链路的比较与解释记录","https://www.moe.gov.cn/srcsite/A22/moe_833/202209/t20220914_660828.html"
"integrated-circuits-7","integrated-circuits","设计自动化","器件尺度、设计版本与评价工况","subject-circuits","设计自动化：这段响应来自器件还是测量链路？","设计自动化：跨尺度集成怎样评价噪声、功耗和长期漂移？","输入带宽、噪声谱与测量链路","区分器件响应、测量链路与信号处理","输入带宽、噪声谱与测量链路的比较与解释记录","https://www.moe.gov.cn/srcsite/A22/moe_833/202209/t20220914_660828.html"
"integrated-circuits-8","integrated-circuits","芯片架构评价","器件尺度、设计版本与评价工况","subject-circuits","芯片架构评价：这段响应来自器件还是测量链路？","芯片架构评价：跨尺度集成怎样评价噪声、功耗和长期漂移？","输入带宽、噪声谱与测量链路","区分器件响应、测量链路与信号处理","输入带宽、噪声谱与测量链路的比较与解释记录","https://www.moe.gov.cn/srcsite/A22/moe_833/202209/t20220914_660828.html"
"integrated-circuits-9","integrated-circuits","工艺资料比较","器件尺度、设计版本与评价工况","subject-circuits","工艺资料比较：这段响应来自器件还是测量链路？","工艺资料比较：跨尺度集成怎样评价噪声、功耗和长期漂移？","输入带宽、噪声谱与测量链路","区分器件响应、测量链路与信号处理","输入带宽、噪声谱与测量链路的比较与解释记录","https://www.moe.gov.cn/srcsite/A22/moe_833/202209/t20220914_660828.html"
"integrated-circuits-10","integrated-circuits","芯片能耗评价","器件尺度、设计版本与评价工况","subject-circuits","芯片能耗评价：这段响应来自器件还是测量链路？","芯片能耗评价：跨尺度集成怎样评价噪声、功耗和长期漂移？","输入带宽、噪声谱与测量链路","区分器件响应、测量链路与信号处理","输入带宽、噪声谱与测量链路的比较与解释记录","https://www.moe.gov.cn/srcsite/A22/moe_833/202209/t20220914_660828.html"
"integrated-circuits-11","integrated-circuits","集成电路史","器件尺度、设计版本与评价工况","subject-circuits","集成电路史：这段响应来自器件还是测量链路？","集成电路史：跨尺度集成怎样评价噪声、功耗和长期漂移？","输入带宽、噪声谱与测量链路","区分器件响应、测量链路与信号处理","输入带宽、噪声谱与测量链路的比较与解释记录","https://www.moe.gov.cn/srcsite/A22/moe_833/202209/t20220914_660828.html"
"integrated-circuits-12","integrated-circuits","芯片教育","器件尺度、设计版本与评价工况","subject-circuits","芯片教育：这段响应来自器件还是测量链路？","芯片教育：跨尺度集成怎样评价噪声、功耗和长期漂移？","输入带宽、噪声谱与测量链路","区分器件响应、测量链路与信号处理","输入带宽、噪声谱与测量链路的比较与解释记录","https://cter.bnu.edu.cn/docs/2024-05/e0d9749ec02e425eb45aa96fefdadc2a.pdf"
"national-security-studies-1","national-security-studies","国家安全理论","公开依据、制度语境与判断层次","cross","国家安全理论：两门学科的同名指标，是否测量了同一种对象？","国家安全理论：新的证据接口能否同时满足两侧约束，而不以一侧高分替代共同问题？","两侧对象定义、资料单位与方法接口","本方向具体检查：分别保留两侧依据，再检查接口是否改变含义。不要把「公开依据、制度语境与判断层次」中不同条件直接合并。","双方对象、术语与资料接口对照页，注明「国家安全理论」的来源、课题版本、已查项与未决项。","https://www.moe.gov.cn/srcsite/A22/moe_833/202209/t20220914_660828.html"
"national-security-studies-2","national-security-studies","安全政策史","公开依据、制度语境与判断层次","governance","安全政策史：两门学科的同名指标，是否测量了同一种对象？","安全政策史：新的协作或数字治理能否缩小执行差距，并保留申诉和责任接口？","两侧对象定义、资料单位与方法接口","本方向具体检查：分别保留两侧依据，再检查接口是否改变含义。不要把「公开依据、制度语境与判断层次」中不同条件直接合并。","纸面目标、执行层次与未受益者记录，注明「安全政策史」的来源、课题版本、已查项与未决项。","https://www.moe.gov.cn/srcsite/A22/moe_833/202209/t20220914_660828.html"
"national-security-studies-3","national-security-studies","公共风险沟通","公开依据、制度语境与判断层次","governance","公共风险沟通：两门学科的同名指标，是否测量了同一种对象？","公共风险沟通：新的协作或数字治理能否缩小执行差距，并保留申诉和责任接口？","两侧对象定义、资料单位与方法接口","本方向具体检查：分别保留两侧依据，再检查接口是否改变含义。不要把「公开依据、制度语境与判断层次」中不同条件直接合并。","纸面目标、执行层次与未受益者记录，注明「公共风险沟通」的来源、课题版本、已查项与未决项。","https://www.moe.gov.cn/srcsite/A22/moe_833/202209/t20220914_660828.html"
"national-security-studies-4","national-security-studies","组织协作制度","公开依据、制度语境与判断层次","governance","组织协作制度：两门学科的同名指标，是否测量了同一种对象？","组织协作制度：新的协作或数字治理能否缩小执行差距，并保留申诉和责任接口？","两侧对象定义、资料单位与方法接口","本方向具体检查：分别保留两侧依据，再检查接口是否改变含义。不要把「公开依据、制度语境与判断层次」中不同条件直接合并。","纸面目标、执行层次与未受益者记录，注明「组织协作制度」的来源、课题版本、已查项与未决项。","https://www.moe.gov.cn/srcsite/A22/moe_833/202209/t20220914_660828.html"
"national-security-studies-5","national-security-studies","社会韧性资料","公开依据、制度语境与判断层次","fieldwork","社会韧性资料：两门学科的同名指标，是否测量了同一种对象？","社会韧性资料：多地点或数字材料能否保留不同声音、沉默和研究者位置？","两侧对象定义、资料单位与方法接口","本方向具体检查：分别保留两侧依据，再检查接口是否改变含义。不要把「公开依据、制度语境与判断层次」中不同条件直接合并。","进入关系、访谈情境与叙述者位置记录，注明「社会韧性资料」的来源、课题版本、已查项与未决项。","https://www.moe.gov.cn/srcsite/A22/moe_833/202209/t20220914_660828.html"
"national-security-studies-6","national-security-studies","安全治理","公开依据、制度语境与判断层次","governance","安全治理：两门学科的同名指标，是否测量了同一种对象？","安全治理：新的协作或数字治理能否缩小执行差距，并保留申诉和责任接口？","两侧对象定义、资料单位与方法接口","本方向具体检查：分别保留两侧依据，再检查接口是否改变含义。不要把「公开依据、制度语境与判断层次」中不同条件直接合并。","纸面目标、执行层次与未受益者记录，注明「安全治理」的来源、课题版本、已查项与未决项。","https://www.moe.gov.cn/srcsite/A22/moe_833/202209/t20220914_660828.html"
"national-security-studies-7","national-security-studies","国际安全文献","公开依据、制度语境与判断层次","cross","国际安全文献：两门学科的同名指标，是否测量了同一种对象？","国际安全文献：新的证据接口能否同时满足两侧约束，而不以一侧高分替代共同问题？","两侧对象定义、资料单位与方法接口","本方向具体检查：分别保留两侧依据，再检查接口是否改变含义。不要把「公开依据、制度语境与判断层次」中不同条件直接合并。","双方对象、术语与资料接口对照页，注明「国际安全文献」的来源、课题版本、已查项与未决项。","https://www.moe.gov.cn/srcsite/A22/moe_833/202209/t20220914_660828.html"
"national-security-studies-8","national-security-studies","安全教育","公开依据、制度语境与判断层次","cross","安全教育：参与更积极，为什么不等于目标知识掌握更好？","安全教育：新的证据接口能否同时满足两侧约束，而不以一侧高分替代共同问题？","课堂目标、活动记录与学习过程材料","本方向具体检查：让任务、教学目标与评价对应，保留班级差异。不要把「公开依据、制度语境与判断层次」中不同条件直接合并。","双方对象、术语与资料接口对照页，注明「安全教育」的来源、课题版本、已查项与未决项。","https://cter.bnu.edu.cn/docs/2024-05/e0d9749ec02e425eb45aa96fefdadc2a.pdf"
"national-security-studies-9","national-security-studies","安全伦理","公开依据、制度语境与判断层次","cross","安全伦理：两门学科的同名指标，是否测量了同一种对象？","安全伦理：新的证据接口能否同时满足两侧约束，而不以一侧高分替代共同问题？","两侧对象定义、资料单位与方法接口","本方向具体检查：分别保留两侧依据，再检查接口是否改变含义。不要把「公开依据、制度语境与判断层次」中不同条件直接合并。","双方对象、术语与资料接口对照页，注明「安全伦理」的来源、课题版本、已查项与未决项。","https://www.moe.gov.cn/srcsite/A22/moe_833/202209/t20220914_660828.html"
"national-security-studies-10","national-security-studies","文化与安全","公开依据、制度语境与判断层次","cross","文化与安全：两门学科的同名指标，是否测量了同一种对象？","文化与安全：新的证据接口能否同时满足两侧约束，而不以一侧高分替代共同问题？","两侧对象定义、资料单位与方法接口","本方向具体检查：分别保留两侧依据，再检查接口是否改变含义。不要把「公开依据、制度语境与判断层次」中不同条件直接合并。","双方对象、术语与资料接口对照页，注明「文化与安全」的来源、课题版本、已查项与未决项。","https://www.moe.gov.cn/srcsite/A22/moe_833/202209/t20220914_660828.html"
"national-security-studies-11","national-security-studies","公开资料质量","公开依据、制度语境与判断层次","evidence-cross","公开资料质量：两门学科的同名指标，是否测量了同一种对象？","公开资料质量：跨尺度、跨模态方法怎样形成双方都能核对的新问题？","两侧对象定义、资料单位与方法接口","本方向具体检查：分别保留两侧依据，再检查接口是否改变含义。不要把「公开依据、制度语境与判断层次」中不同条件直接合并。","两侧对象定义、资料单位与方法接口的来源与比较条件记录，注明「公开资料质量」的来源、课题版本、已查项与未决项。","https://www.moe.gov.cn/srcsite/A22/moe_833/202209/t20220914_660828.html"
"national-security-studies-12","national-security-studies","比较安全制度","公开依据、制度语境与判断层次","governance","比较安全制度：两门学科的同名指标，是否测量了同一种对象？","比较安全制度：新的协作或数字治理能否缩小执行差距，并保留申诉和责任接口？","两侧对象定义、资料单位与方法接口","本方向具体检查：分别保留两侧依据，再检查接口是否改变含义。不要把「公开依据、制度语境与判断层次」中不同条件直接合并。","纸面目标、执行层次与未受益者记录，注明「比较安全制度」的来源、课题版本、已查项与未决项。","https://www.moe.gov.cn/srcsite/A22/moe_833/202209/t20220914_660828.html"
"intelligent-science-1","intelligent-science","智能理论","任务定义、训练评价边界与交互情境","subject-ml","智能理论：你已经根据这个评估结果改过几次模型？","智能理论：分布迁移下怎样检验校准、拒答与少见情境？","对象索引、时间划分与模型选择记录","分开训练、选择与最终评估","对象索引、时间划分与模型选择记录的比较与解释记录","https://www.cs.tsinghua.edu.cn/kxyj/kyfx.htm"
"intelligent-science-2","intelligent-science","认知计算资料","任务定义、训练评价边界与交互情境","nlp","认知计算资料：一个模型在评估集高分，怎样检查是否真正学到可迁移规律？","认知计算资料：新语境中的生成或检索能否同时保留出处、任务完成和事实核对？","数据来源、对象划分与外部评估记录","本方向具体检查：检查训练与评估是否共享对象，核对时间边界。不要把「任务定义、训练评价边界与交互情境」中不同条件直接合并。","语料体裁、人工核对与错误来源表，注明「认知计算资料」的来源、课题版本、已查项与未决项。","https://www.cs.tsinghua.edu.cn/kxyj/kyfx.htm"
"intelligent-science-3","intelligent-science","机器学习评价","任务定义、训练评价边界与交互情境","subject-ml","机器学习评价：你已经根据这个评估结果改过几次模型？","机器学习评价：分布迁移下怎样检验校准、拒答与少见情境？","对象索引、时间划分与模型选择记录","分开训练、选择与最终评估","对象索引、时间划分与模型选择记录的比较与解释记录","https://www.cs.tsinghua.edu.cn/kxyj/kyfx.htm"
"intelligent-science-4","intelligent-science","智能系统建模","任务定义、训练评价边界与交互情境","subject-ml","智能系统建模：你已经根据这个评估结果改过几次模型？","智能系统建模：分布迁移下怎样检验校准、拒答与少见情境？","对象索引、时间划分与模型选择记录","分开训练、选择与最终评估","对象索引、时间划分与模型选择记录的比较与解释记录","https://www.cs.tsinghua.edu.cn/kxyj/kyfx.htm"
"intelligent-science-5","intelligent-science","智能交互","任务定义、训练评价边界与交互情境","subject-ml","智能交互：你已经根据这个评估结果改过几次模型？","智能交互：分布迁移下怎样检验校准、拒答与少见情境？","对象索引、时间划分与模型选择记录","分开训练、选择与最终评估","对象索引、时间划分与模型选择记录的比较与解释记录","https://www.cs.tsinghua.edu.cn/kxyj/kyfx.htm"
"intelligent-science-6","intelligent-science","智能感知评价","任务定义、训练评价边界与交互情境","subject-ml","智能感知评价：你已经根据这个评估结果改过几次模型？","智能感知评价：分布迁移下怎样检验校准、拒答与少见情境？","对象索引、时间划分与模型选择记录","分开训练、选择与最终评估","对象索引、时间划分与模型选择记录的比较与解释记录","https://www.cs.tsinghua.edu.cn/kxyj/kyfx.htm"
"intelligent-science-7","intelligent-science","智能决策资料","任务定义、训练评价边界与交互情境","subject-ml","智能决策资料：你已经根据这个评估结果改过几次模型？","智能决策资料：分布迁移下怎样检验校准、拒答与少见情境？","对象索引、时间划分与模型选择记录","分开训练、选择与最终评估","对象索引、时间划分与模型选择记录的比较与解释记录","https://www.cs.tsinghua.edu.cn/kxyj/kyfx.htm"
"intelligent-science-8","intelligent-science","智能系统可靠性","任务定义、训练评价边界与交互情境","subject-ml","智能系统可靠性：你已经根据这个评估结果改过几次模型？","智能系统可靠性：分布迁移下怎样检验校准、拒答与少见情境？","对象索引、时间划分与模型选择记录","分开训练、选择与最终评估","对象索引、时间划分与模型选择记录的比较与解释记录","https://www.cs.tsinghua.edu.cn/kxyj/kyfx.htm"
"intelligent-science-9","intelligent-science","智能伦理","任务定义、训练评价边界与交互情境","subject-ml","智能伦理：你已经根据这个评估结果改过几次模型？","智能伦理：分布迁移下怎样检验校准、拒答与少见情境？","对象索引、时间划分与模型选择记录","分开训练、选择与最终评估","对象索引、时间划分与模型选择记录的比较与解释记录","https://www.cs.tsinghua.edu.cn/kxyj/kyfx.htm"
"intelligent-science-10","intelligent-science","多模态资料","任务定义、训练评价边界与交互情境","evidence-computing","多模态资料：一个模型在评估集高分，怎样检查是否真正学到可迁移规律？","多模态资料：基础模型与推理系统怎样在新任务中保留可靠性和成本优势？","数据来源、对象划分与外部评估记录","本方向具体检查：检查训练与评估是否共享对象，核对时间边界。不要把「任务定义、训练评价边界与交互情境」中不同条件直接合并。","数据来源、对象划分与外部评估记录的来源与比较条件记录，注明「多模态资料」的来源、课题版本、已查项与未决项。","https://www.cs.tsinghua.edu.cn/kxyj/kyfx.htm"
"intelligent-science-11","intelligent-science","智能科学史","任务定义、训练评价边界与交互情境","subject-ml","智能科学史：你已经根据这个评估结果改过几次模型？","智能科学史：分布迁移下怎样检验校准、拒答与少见情境？","对象索引、时间划分与模型选择记录","分开训练、选择与最终评估","对象索引、时间划分与模型选择记录的比较与解释记录","https://www.cs.tsinghua.edu.cn/kxyj/kyfx.htm"
"intelligent-science-12","intelligent-science","智能教育","任务定义、训练评价边界与交互情境","subject-ml","智能教育：你已经根据这个评估结果改过几次模型？","智能教育：分布迁移下怎样检验校准、拒答与少见情境？","对象索引、时间划分与模型选择记录","分开训练、选择与最终评估","对象索引、时间划分与模型选择记录的比较与解释记录","https://cter.bnu.edu.cn/docs/2024-05/e0d9749ec02e425eb45aa96fefdadc2a.pdf"
"nano-science-1","nano-science","纳米材料资料","尺度、批次与表征条件","subject-condensed","纳米材料资料：哪个可观察预测能区分你提出的两种机制？","纳米材料资料：多尺度观测怎样约束相变或输运的竞争解释？","结构表征、响应曲线与有限尺寸记录","区分结构关联、仪器背景与机制预测","结构表征、响应曲线与有限尺寸记录的比较与解释记录","https://www.moe.gov.cn/srcsite/A22/moe_833/202209/t20220914_660828.html"
"nano-science-2","nano-science","纳米结构测量","尺度、批次与表征条件","subject-condensed","纳米结构测量：哪个可观察预测能区分你提出的两种机制？","纳米结构测量：多尺度观测怎样约束相变或输运的竞争解释？","结构表征、响应曲线与有限尺寸记录","区分结构关联、仪器背景与机制预测","结构表征、响应曲线与有限尺寸记录的比较与解释记录","https://www.moe.gov.cn/srcsite/A22/moe_833/202209/t20220914_660828.html"
"nano-science-3","nano-science","纳米光学","尺度、批次与表征条件","subject-condensed","纳米光学：哪个可观察预测能区分你提出的两种机制？","纳米光学：多尺度观测怎样约束相变或输运的竞争解释？","结构表征、响应曲线与有限尺寸记录","区分结构关联、仪器背景与机制预测","结构表征、响应曲线与有限尺寸记录的比较与解释记录","https://www.moe.gov.cn/srcsite/A22/moe_833/202209/t20220914_660828.html"
"nano-science-4","nano-science","纳米电子资料","尺度、批次与表征条件","subject-condensed","纳米电子资料：哪个可观察预测能区分你提出的两种机制？","纳米电子资料：多尺度观测怎样约束相变或输运的竞争解释？","结构表征、响应曲线与有限尺寸记录","区分结构关联、仪器背景与机制预测","结构表征、响应曲线与有限尺寸记录的比较与解释记录","https://www.moe.gov.cn/srcsite/A22/moe_833/202209/t20220914_660828.html"
"nano-science-5","nano-science","纳米力学","尺度、批次与表征条件","subject-condensed","纳米力学：哪个可观察预测能区分你提出的两种机制？","纳米力学：多尺度观测怎样约束相变或输运的竞争解释？","结构表征、响应曲线与有限尺寸记录","区分结构关联、仪器背景与机制预测","结构表征、响应曲线与有限尺寸记录的比较与解释记录","https://www.moe.gov.cn/srcsite/A22/moe_833/202209/t20220914_660828.html"
"nano-science-6","nano-science","纳米界面","尺度、批次与表征条件","subject-condensed","纳米界面：哪个可观察预测能区分你提出的两种机制？","纳米界面：多尺度观测怎样约束相变或输运的竞争解释？","结构表征、响应曲线与有限尺寸记录","区分结构关联、仪器背景与机制预测","结构表征、响应曲线与有限尺寸记录的比较与解释记录","https://www.moe.gov.cn/srcsite/A22/moe_833/202209/t20220914_660828.html"
"nano-science-7","nano-science","纳米能源资料","尺度、批次与表征条件","subject-condensed","纳米能源资料：哪个可观察预测能区分你提出的两种机制？","纳米能源资料：多尺度观测怎样约束相变或输运的竞争解释？","结构表征、响应曲线与有限尺寸记录","区分结构关联、仪器背景与机制预测","结构表征、响应曲线与有限尺寸记录的比较与解释记录","https://www.moe.gov.cn/srcsite/A22/moe_833/202209/t20220914_660828.html"
"nano-science-8","nano-science","纳米生物资料","尺度、批次与表征条件","subject-condensed","纳米生物资料：哪个可观察预测能区分你提出的两种机制？","纳米生物资料：多尺度观测怎样约束相变或输运的竞争解释？","结构表征、响应曲线与有限尺寸记录","区分结构关联、仪器背景与机制预测","结构表征、响应曲线与有限尺寸记录的比较与解释记录","https://www.moe.gov.cn/srcsite/A22/moe_833/202209/t20220914_660828.html"
"nano-science-9","nano-science","纳米材料评价","尺度、批次与表征条件","subject-condensed","纳米材料评价：哪个可观察预测能区分你提出的两种机制？","纳米材料评价：多尺度观测怎样约束相变或输运的竞争解释？","结构表征、响应曲线与有限尺寸记录","区分结构关联、仪器背景与机制预测","结构表征、响应曲线与有限尺寸记录的比较与解释记录","https://www.moe.gov.cn/srcsite/A22/moe_833/202209/t20220914_660828.html"
"nano-science-10","nano-science","尺度效应","尺度、批次与表征条件","evidence-cross","尺度效应：两门学科的同名指标，是否测量了同一种对象？","尺度效应：跨尺度、跨模态方法怎样形成双方都能核对的新问题？","两侧对象定义、资料单位与方法接口","本方向具体检查：分别保留两侧依据，再检查接口是否改变含义。不要把「尺度、批次与表征条件」中不同条件直接合并。","两侧对象定义、资料单位与方法接口的来源与比较条件记录，注明「尺度效应」的来源、课题版本、已查项与未决项。","https://www.moe.gov.cn/srcsite/A22/moe_833/202209/t20220914_660828.html"
"nano-science-11","nano-science","纳米科学史","尺度、批次与表征条件","subject-condensed","纳米科学史：哪个可观察预测能区分你提出的两种机制？","纳米科学史：多尺度观测怎样约束相变或输运的竞争解释？","结构表征、响应曲线与有限尺寸记录","区分结构关联、仪器背景与机制预测","结构表征、响应曲线与有限尺寸记录的比较与解释记录","https://www.moe.gov.cn/srcsite/A22/moe_833/202209/t20220914_660828.html"
"nano-science-12","nano-science","纳米测量质量","尺度、批次与表征条件","subject-condensed","纳米测量质量：哪个可观察预测能区分你提出的两种机制？","纳米测量质量：多尺度观测怎样约束相变或输运的竞争解释？","结构表征、响应曲线与有限尺寸记录","区分结构关联、仪器背景与机制预测","结构表征、响应曲线与有限尺寸记录的比较与解释记录","https://www.moe.gov.cn/srcsite/A22/moe_833/202209/t20220914_660828.html"
"area-studies-1","area-studies","区域历史","语言语境、比较单位与材料范围","subject-cross-culture","区域历史：转换成这个标签时，哪些当地含义消失了？","区域历史：跨语言数字资料怎样保留缺席者和无法对译的概念？","当地术语、数字编码与不同来源叙述","保留两侧对象定义和编码时丢失的语境","当地术语、数字编码与不同来源叙述的比较与解释记录","https://www.moe.gov.cn/srcsite/A22/moe_833/202209/t20220914_660828.html"
"area-studies-2","area-studies","国别政治资料","语言语境、比较单位与材料范围","subject-cross-culture","国别政治资料：转换成这个标签时，哪些当地含义消失了？","国别政治资料：跨语言数字资料怎样保留缺席者和无法对译的概念？","当地术语、数字编码与不同来源叙述","保留两侧对象定义和编码时丢失的语境","当地术语、数字编码与不同来源叙述的比较与解释记录","https://www.moe.gov.cn/srcsite/A22/moe_833/202209/t20220914_660828.html"
"area-studies-3","area-studies","区域经济","语言语境、比较单位与材料范围","subject-cross-culture","区域经济：转换成这个标签时，哪些当地含义消失了？","区域经济：跨语言数字资料怎样保留缺席者和无法对译的概念？","当地术语、数字编码与不同来源叙述","保留两侧对象定义和编码时丢失的语境","当地术语、数字编码与不同来源叙述的比较与解释记录","https://www.moe.gov.cn/srcsite/A22/moe_833/202209/t20220914_660828.html"
"area-studies-4","area-studies","区域文化","语言语境、比较单位与材料范围","subject-cross-culture","区域文化：转换成这个标签时，哪些当地含义消失了？","区域文化：跨语言数字资料怎样保留缺席者和无法对译的概念？","当地术语、数字编码与不同来源叙述","保留两侧对象定义和编码时丢失的语境","当地术语、数字编码与不同来源叙述的比较与解释记录","https://www.moe.gov.cn/srcsite/A22/moe_833/202209/t20220914_660828.html"
"area-studies-5","area-studies","区域语言","语言语境、比较单位与材料范围","subject-cross-culture","区域语言：转换成这个标签时，哪些当地含义消失了？","区域语言：跨语言数字资料怎样保留缺席者和无法对译的概念？","当地术语、数字编码与不同来源叙述","保留两侧对象定义和编码时丢失的语境","当地术语、数字编码与不同来源叙述的比较与解释记录","https://www.moe.gov.cn/srcsite/A22/moe_833/202209/t20220914_660828.html"
"area-studies-6","area-studies","区域社会","语言语境、比较单位与材料范围","subject-cross-culture","区域社会：转换成这个标签时，哪些当地含义消失了？","区域社会：跨语言数字资料怎样保留缺席者和无法对译的概念？","当地术语、数字编码与不同来源叙述","保留两侧对象定义和编码时丢失的语境","当地术语、数字编码与不同来源叙述的比较与解释记录","https://www.moe.gov.cn/srcsite/A22/moe_833/202209/t20220914_660828.html"
"area-studies-7","area-studies","国别文献","语言语境、比较单位与材料范围","subject-cross-culture","国别文献：转换成这个标签时，哪些当地含义消失了？","国别文献：跨语言数字资料怎样保留缺席者和无法对译的概念？","当地术语、数字编码与不同来源叙述","保留两侧对象定义和编码时丢失的语境","当地术语、数字编码与不同来源叙述的比较与解释记录","https://www.moe.gov.cn/srcsite/A22/moe_833/202209/t20220914_660828.html"
"area-studies-8","area-studies","跨区域比较","语言语境、比较单位与材料范围","subject-cross-culture","跨区域比较：转换成这个标签时，哪些当地含义消失了？","跨区域比较：跨语言数字资料怎样保留缺席者和无法对译的概念？","当地术语、数字编码与不同来源叙述","保留两侧对象定义和编码时丢失的语境","当地术语、数字编码与不同来源叙述的比较与解释记录","https://www.moe.gov.cn/srcsite/A22/moe_833/202209/t20220914_660828.html"
"area-studies-9","area-studies","区域组织","语言语境、比较单位与材料范围","subject-cross-culture","区域组织：转换成这个标签时，哪些当地含义消失了？","区域组织：跨语言数字资料怎样保留缺席者和无法对译的概念？","当地术语、数字编码与不同来源叙述","保留两侧对象定义和编码时丢失的语境","当地术语、数字编码与不同来源叙述的比较与解释记录","https://www.moe.gov.cn/srcsite/A22/moe_833/202209/t20220914_660828.html"
"area-studies-10","area-studies","地区教育","语言语境、比较单位与材料范围","evidence-education","地区教育：参与更积极，为什么不等于目标知识掌握更好？","地区教育：智能助教怎样支持撤去辅助后的独立学习与延迟迁移？","课堂目标、活动记录与学习过程材料","本方向具体检查：让任务、教学目标与评价对应，保留班级差异。不要把「语言语境、比较单位与材料范围」中不同条件直接合并。","课堂目标、活动记录与学习过程材料的来源与比较条件记录，注明「地区教育」的来源、课题版本、已查项与未决项。","https://cter.bnu.edu.cn/docs/2024-05/e0d9749ec02e425eb45aa96fefdadc2a.pdf"
"area-studies-11","area-studies","区域档案","语言语境、比较单位与材料范围","subject-cross-culture","区域档案：转换成这个标签时，哪些当地含义消失了？","区域档案：跨语言数字资料怎样保留缺席者和无法对译的概念？","当地术语、数字编码与不同来源叙述","保留两侧对象定义和编码时丢失的语境","当地术语、数字编码与不同来源叙述的比较与解释记录","https://www.moe.gov.cn/srcsite/A22/moe_833/202209/t20220914_660828.html"
"area-studies-12","area-studies","区域研究方法","语言语境、比较单位与材料范围","subject-cross-culture","区域研究方法：转换成这个标签时，哪些当地含义消失了？","区域研究方法：跨语言数字资料怎样保留缺席者和无法对译的概念？","当地术语、数字编码与不同来源叙述","保留两侧对象定义和编码时丢失的语境","当地术语、数字编码与不同来源叙述的比较与解释记录","https://www.moe.gov.cn/srcsite/A22/moe_833/202209/t20220914_660828.html"
"cryptography-studies-1","cryptography-studies","密码数学","安全模型、数学前提与公开评价条件","crypto","密码数学：一个安全性结论，究竟针对怎样的威胁模型？","密码数学：新协议或迁移方案能否保留形式承诺与真实部署条件之间的接口？","安全定义、攻击者假设与证明步骤","本方向具体检查：逐项核对安全游戏和归约所需条件。不要把「安全模型、数学前提与公开评价条件」中不同条件直接合并。","安全定义、假设与证明步骤对照页，注明「密码数学」的来源、课题版本、已查项与未决项。","https://www.cs.tsinghua.edu.cn/kxyj/kyfx.htm；https://www.ocw.mit.edu/courses/18-100c-real-analysis-fall-2012/"
"cryptography-studies-2","cryptography-studies","密码协议形式分析","安全模型、数学前提与公开评价条件","crypto","密码协议形式分析：一个安全性结论，究竟针对怎样的威胁模型？","密码协议形式分析：新协议或迁移方案能否保留形式承诺与真实部署条件之间的接口？","安全定义、攻击者假设与证明步骤","本方向具体检查：逐项核对安全游戏和归约所需条件。不要把「安全模型、数学前提与公开评价条件」中不同条件直接合并。","安全定义、假设与证明步骤对照页，注明「密码协议形式分析」的来源、课题版本、已查项与未决项。","https://www.cs.tsinghua.edu.cn/kxyj/kyfx.htm；https://www.ocw.mit.edu/courses/18-100c-real-analysis-fall-2012/"
"cryptography-studies-3","cryptography-studies","密码模型","安全模型、数学前提与公开评价条件","crypto","密码模型：一个安全性结论，究竟针对怎样的威胁模型？","密码模型：新协议或迁移方案能否保留形式承诺与真实部署条件之间的接口？","安全定义、攻击者假设与证明步骤","本方向具体检查：逐项核对安全游戏和归约所需条件。不要把「安全模型、数学前提与公开评价条件」中不同条件直接合并。","安全定义、假设与证明步骤对照页，注明「密码模型」的来源、课题版本、已查项与未决项。","https://www.cs.tsinghua.edu.cn/kxyj/kyfx.htm；https://www.ocw.mit.edu/courses/18-100c-real-analysis-fall-2012/"
"cryptography-studies-4","cryptography-studies","密码标准史","安全模型、数学前提与公开评价条件","crypto","密码标准史：一个安全性结论，究竟针对怎样的威胁模型？","密码标准史：新协议或迁移方案能否保留形式承诺与真实部署条件之间的接口？","安全定义、攻击者假设与证明步骤","本方向具体检查：逐项核对安全游戏和归约所需条件。不要把「安全模型、数学前提与公开评价条件」中不同条件直接合并。","安全定义、假设与证明步骤对照页，注明「密码标准史」的来源、课题版本、已查项与未决项。","https://www.cs.tsinghua.edu.cn/kxyj/kyfx.htm；https://www.ocw.mit.edu/courses/18-100c-real-analysis-fall-2012/"
"cryptography-studies-5","cryptography-studies","密码算法公开评价","安全模型、数学前提与公开评价条件","crypto","密码算法公开评价：一个安全性结论，究竟针对怎样的威胁模型？","密码算法公开评价：新协议或迁移方案能否保留形式承诺与真实部署条件之间的接口？","安全定义、攻击者假设与证明步骤","本方向具体检查：逐项核对安全游戏和归约所需条件。不要把「安全模型、数学前提与公开评价条件」中不同条件直接合并。","安全定义、假设与证明步骤对照页，注明「密码算法公开评价」的来源、课题版本、已查项与未决项。","https://www.cs.tsinghua.edu.cn/kxyj/kyfx.htm；https://www.ocw.mit.edu/courses/18-100c-real-analysis-fall-2012/"
"cryptography-studies-6","cryptography-studies","密码工程资料","安全模型、数学前提与公开评价条件","crypto","密码工程资料：一个安全性结论，究竟针对怎样的威胁模型？","密码工程资料：新协议或迁移方案能否保留形式承诺与真实部署条件之间的接口？","安全定义、攻击者假设与证明步骤","本方向具体检查：逐项核对安全游戏和归约所需条件。不要把「安全模型、数学前提与公开评价条件」中不同条件直接合并。","安全定义、假设与证明步骤对照页，注明「密码工程资料」的来源、课题版本、已查项与未决项。","https://www.cs.tsinghua.edu.cn/kxyj/kyfx.htm；https://www.ocw.mit.edu/courses/18-100c-real-analysis-fall-2012/"
"cryptography-studies-7","cryptography-studies","密码可用性","安全模型、数学前提与公开评价条件","crypto","密码可用性：一个安全性结论，究竟针对怎样的威胁模型？","密码可用性：新协议或迁移方案能否保留形式承诺与真实部署条件之间的接口？","安全定义、攻击者假设与证明步骤","本方向具体检查：逐项核对安全游戏和归约所需条件。不要把「安全模型、数学前提与公开评价条件」中不同条件直接合并。","安全定义、假设与证明步骤对照页，注明「密码可用性」的来源、课题版本、已查项与未决项。","https://www.cs.tsinghua.edu.cn/kxyj/kyfx.htm；https://www.ocw.mit.edu/courses/18-100c-real-analysis-fall-2012/"
"cryptography-studies-8","cryptography-studies","密码教育","安全模型、数学前提与公开评价条件","crypto","密码教育：参与更积极，为什么不等于目标知识掌握更好？","密码教育：新协议或迁移方案能否保留形式承诺与真实部署条件之间的接口？","课堂目标、活动记录与学习过程材料","本方向具体检查：让任务、教学目标与评价对应，保留班级差异。不要把「安全模型、数学前提与公开评价条件」中不同条件直接合并。","安全定义、假设与证明步骤对照页，注明「密码教育」的来源、课题版本、已查项与未决项。","https://cter.bnu.edu.cn/docs/2024-05/e0d9749ec02e425eb45aa96fefdadc2a.pdf"
"cryptography-studies-9","cryptography-studies","密码伦理","安全模型、数学前提与公开评价条件","crypto","密码伦理：一个安全性结论，究竟针对怎样的威胁模型？","密码伦理：新协议或迁移方案能否保留形式承诺与真实部署条件之间的接口？","安全定义、攻击者假设与证明步骤","本方向具体检查：逐项核对安全游戏和归约所需条件。不要把「安全模型、数学前提与公开评价条件」中不同条件直接合并。","安全定义、假设与证明步骤对照页，注明「密码伦理」的来源、课题版本、已查项与未决项。","https://www.cs.tsinghua.edu.cn/kxyj/kyfx.htm；https://www.ocw.mit.edu/courses/18-100c-real-analysis-fall-2012/"
"cryptography-studies-10","cryptography-studies","隐私保护理论","安全模型、数学前提与公开评价条件","crypto","隐私保护理论：保存一种文化实践，究竟是在保存什么？","隐私保护理论：新协议或迁移方案能否保留形式承诺与真实部署条件之间的接口？","对象来源、保存状态与展示解释","本方向具体检查：区分保存目标、展示叙事与使用者理解。不要把「安全模型、数学前提与公开评价条件」中不同条件直接合并。","安全定义、假设与证明步骤对照页，注明「隐私保护理论」的来源、课题版本、已查项与未决项。","https://archaeology.pku.edu.cn/szdw/jxky1/jys/kjkgjys.htm；https://www.cafa.edu.cn/sp/nljg/?j=151"
"cryptography-studies-11","cryptography-studies","密码资料复现","安全模型、数学前提与公开评价条件","crypto","密码资料复现：一个安全性结论，究竟针对怎样的威胁模型？","密码资料复现：新协议或迁移方案能否保留形式承诺与真实部署条件之间的接口？","安全定义、攻击者假设与证明步骤","本方向具体检查：逐项核对安全游戏和归约所需条件。不要把「安全模型、数学前提与公开评价条件」中不同条件直接合并。","安全定义、假设与证明步骤对照页，注明「密码资料复现」的来源、课题版本、已查项与未决项。","https://www.cs.tsinghua.edu.cn/kxyj/kyfx.htm；https://www.ocw.mit.edu/courses/18-100c-real-analysis-fall-2012/"
"cryptography-studies-12","cryptography-studies","密码史","安全模型、数学前提与公开评价条件","crypto","密码史：一个安全性结论，究竟针对怎样的威胁模型？","密码史：新协议或迁移方案能否保留形式承诺与真实部署条件之间的接口？","安全定义、攻击者假设与证明步骤","本方向具体检查：逐项核对安全游戏和归约所需条件。不要把「安全模型、数学前提与公开评价条件」中不同条件直接合并。","安全定义、假设与证明步骤对照页，注明「密码史」的来源、课题版本、已查项与未决项。","https://www.cs.tsinghua.edu.cn/kxyj/kyfx.htm；https://www.ocw.mit.edu/courses/18-100c-real-analysis-fall-2012/"
"heritage-conservation-1","heritage-conservation","文物材料资料","材料年代、保存条件与保护记录","materials","文物材料资料：保存一种文化实践，究竟是在保存什么？","文物材料资料：新的材料或循环方案能否在多批次、老化与实际使用中保留性能？","对象来源、保存状态与展示解释","本方向具体检查：区分保存目标、展示叙事与使用者理解。不要把「材料年代、保存条件与保护记录」中不同条件直接合并。","结构、批次、测量状态与使用条件表，注明「文物材料资料」的来源、课题版本、已查项与未决项。","https://archaeology.pku.edu.cn/szdw/jxky1/jys/kjkgjys.htm；https://www.cafa.edu.cn/sp/nljg/?j=151"
"heritage-conservation-2","heritage-conservation","文物病害记录","材料年代、保存条件与保护记录","evidence-heritage","文物病害记录：保存一种文化实践，究竟是在保存什么？","文物病害记录：数字再现与旅游传播怎样改变遗产的解释权？","对象来源、保存状态与展示解释","本方向具体检查：区分保存目标、展示叙事与使用者理解。不要把「材料年代、保存条件与保护记录」中不同条件直接合并。","对象来源、保存状态与展示解释的来源与比较条件记录，注明「文物病害记录」的来源、课题版本、已查项与未决项。","https://archaeology.pku.edu.cn/szdw/jxky1/jys/kjkgjys.htm；https://www.cafa.edu.cn/sp/nljg/?j=151"
"heritage-conservation-3","heritage-conservation","文物保护史","材料年代、保存条件与保护记录","subject-museum","文物保护史：展签里的哪一部分来自原物，哪一部分是复原？","文物保护史：数字复原怎样让观众看到不确定性与替代解释？","藏品来源、修复记录与展签版本","区分原物、后加修复与展示推测","藏品来源、修复记录与展签版本的比较与解释记录","https://archaeology.pku.edu.cn/szdw/jxky1/jys/kjkgjys.htm；https://www.cafa.edu.cn/sp/nljg/?j=151"
"heritage-conservation-4","heritage-conservation","文物展示","材料年代、保存条件与保护记录","evidence-heritage","文物展示：保存一种文化实践，究竟是在保存什么？","文物展示：数字再现与旅游传播怎样改变遗产的解释权？","对象来源、保存状态与展示解释","本方向具体检查：区分保存目标、展示叙事与使用者理解。不要把「材料年代、保存条件与保护记录」中不同条件直接合并。","对象来源、保存状态与展示解释的来源与比较条件记录，注明「文物展示」的来源、课题版本、已查项与未决项。","https://archaeology.pku.edu.cn/szdw/jxky1/jys/kjkgjys.htm；https://www.cafa.edu.cn/sp/nljg/?j=151"
"heritage-conservation-5","heritage-conservation","文物数字记录","材料年代、保存条件与保护记录","evidence-heritage","文物数字记录：保存一种文化实践，究竟是在保存什么？","文物数字记录：数字再现与旅游传播怎样改变遗产的解释权？","对象来源、保存状态与展示解释","本方向具体检查：区分保存目标、展示叙事与使用者理解。不要把「材料年代、保存条件与保护记录」中不同条件直接合并。","对象来源、保存状态与展示解释的来源与比较条件记录，注明「文物数字记录」的来源、课题版本、已查项与未决项。","https://archaeology.pku.edu.cn/szdw/jxky1/jys/kjkgjys.htm；https://www.cafa.edu.cn/sp/nljg/?j=151"
"heritage-conservation-6","heritage-conservation","保护评价","材料年代、保存条件与保护记录","subject-museum","保护评价：展签里的哪一部分来自原物，哪一部分是复原？","保护评价：数字复原怎样让观众看到不确定性与替代解释？","藏品来源、修复记录与展签版本","区分原物、后加修复与展示推测","藏品来源、修复记录与展签版本的比较与解释记录","https://archaeology.pku.edu.cn/szdw/jxky1/jys/kjkgjys.htm；https://www.cafa.edu.cn/sp/nljg/?j=151"
"heritage-conservation-7","heritage-conservation","文物来源","材料年代、保存条件与保护记录","evidence-heritage","文物来源：保存一种文化实践，究竟是在保存什么？","文物来源：数字再现与旅游传播怎样改变遗产的解释权？","对象来源、保存状态与展示解释","本方向具体检查：区分保存目标、展示叙事与使用者理解。不要把「材料年代、保存条件与保护记录」中不同条件直接合并。","对象来源、保存状态与展示解释的来源与比较条件记录，注明「文物来源」的来源、课题版本、已查项与未决项。","https://archaeology.pku.edu.cn/szdw/jxky1/jys/kjkgjys.htm；https://www.cafa.edu.cn/sp/nljg/?j=151"
"heritage-conservation-8","heritage-conservation","文物环境资料","材料年代、保存条件与保护记录","evidence-heritage","文物环境资料：保存一种文化实践，究竟是在保存什么？","文物环境资料：数字再现与旅游传播怎样改变遗产的解释权？","对象来源、保存状态与展示解释","本方向具体检查：区分保存目标、展示叙事与使用者理解。不要把「材料年代、保存条件与保护记录」中不同条件直接合并。","对象来源、保存状态与展示解释的来源与比较条件记录，注明「文物环境资料」的来源、课题版本、已查项与未决项。","https://archaeology.pku.edu.cn/szdw/jxky1/jys/kjkgjys.htm；https://www.cafa.edu.cn/sp/nljg/?j=151"
"heritage-conservation-9","heritage-conservation","文物管理","材料年代、保存条件与保护记录","evidence-heritage","文物管理：保存一种文化实践，究竟是在保存什么？","文物管理：数字再现与旅游传播怎样改变遗产的解释权？","对象来源、保存状态与展示解释","本方向具体检查：区分保存目标、展示叙事与使用者理解。不要把「材料年代、保存条件与保护记录」中不同条件直接合并。","对象来源、保存状态与展示解释的来源与比较条件记录，注明「文物管理」的来源、课题版本、已查项与未决项。","https://archaeology.pku.edu.cn/szdw/jxky1/jys/kjkgjys.htm；https://www.cafa.edu.cn/sp/nljg/?j=151"
"heritage-conservation-10","heritage-conservation","文物伦理","材料年代、保存条件与保护记录","evidence-heritage","文物伦理：保存一种文化实践，究竟是在保存什么？","文物伦理：数字再现与旅游传播怎样改变遗产的解释权？","对象来源、保存状态与展示解释","本方向具体检查：区分保存目标、展示叙事与使用者理解。不要把「材料年代、保存条件与保护记录」中不同条件直接合并。","对象来源、保存状态与展示解释的来源与比较条件记录，注明「文物伦理」的来源、课题版本、已查项与未决项。","https://archaeology.pku.edu.cn/szdw/jxky1/jys/kjkgjys.htm；https://www.cafa.edu.cn/sp/nljg/?j=151"
"heritage-conservation-11","heritage-conservation","文物教育","材料年代、保存条件与保护记录","evidence-education","文物教育：参与更积极，为什么不等于目标知识掌握更好？","文物教育：智能助教怎样支持撤去辅助后的独立学习与延迟迁移？","课堂目标、活动记录与学习过程材料","本方向具体检查：让任务、教学目标与评价对应，保留班级差异。不要把「材料年代、保存条件与保护记录」中不同条件直接合并。","课堂目标、活动记录与学习过程材料的来源与比较条件记录，注明「文物教育」的来源、课题版本、已查项与未决项。","https://cter.bnu.edu.cn/docs/2024-05/e0d9749ec02e425eb45aa96fefdadc2a.pdf"
"heritage-conservation-12","heritage-conservation","文物跨学科比较","材料年代、保存条件与保护记录","cross","文物跨学科比较：保存一种文化实践，究竟是在保存什么？","文物跨学科比较：新的证据接口能否同时满足两侧约束，而不以一侧高分替代共同问题？","对象来源、保存状态与展示解释","本方向具体检查：区分保存目标、展示叙事与使用者理解。不要把「材料年代、保存条件与保护记录」中不同条件直接合并。","双方对象、术语与资料接口对照页，注明「文物跨学科比较」的来源、课题版本、已查项与未决项。","https://archaeology.pku.edu.cn/szdw/jxky1/jys/kjkgjys.htm；https://www.cafa.edu.cn/sp/nljg/?j=151"
"pharmacy-10","pharmacy","心血管药理学","心脏收缩、血管张力与药物作用","specialty-pharmacy-10","心血管药理学：候选作用究竟发生在心肌、血管，还是由负荷改变间接造成？","心血管药理学：细胞与器官层面的作用差异，能否解释相同暴露下的不同功能反应？","心脏与血管功能记录、受体作用资料和暴露信息","区分直接心肌作用、血管作用与负荷改变","心脏与血管功能记录、受体作用资料和暴露信息的比较与解释记录","https://www.aspet.org/docs/default-source/education-files/pharmacology-knowledge-objectives-2022-final.pdf"
"pharmacy-11","pharmacy","肾脏药理学","肾脏转运、功能状态与药物处置","specialty-pharmacy-11","肾脏药理学：反应变强来自清除降低，还是作用系统本身的变化？","肾脏药理学：肾功能与转运过程的联合解释能否区分暴露差异和药效差异？","肾功能时序、转运体资料与药物暴露记录","把肾功能变化、药物清除改变和药效分开比较","肾功能时序、转运体资料与药物暴露记录的比较与解释记录","https://www.aspet.org/docs/default-source/education-files/pharmacology-knowledge-objectives-2022-final.pdf"
"pharmacy-12","pharmacy","神经药理学","中枢作用、行为表现与脑内暴露","specialty-pharmacy-12","神经药理学：任务表现改变是否只是运动能力或警觉性变化？","神经药理学：脑内暴露与受体参与证据能否解释不同任务中的反应差异？","脑内暴露资料、受体证据与行为任务记录","分开目标行为、运动能力和镇静表现","脑内暴露资料、受体证据与行为任务记录的比较与解释记录","https://www.aspet.org/docs/default-source/education-files/pharmacology-knowledge-objectives-2022-final.pdf"
"pharmacy-13","pharmacy","内分泌与代谢药理学","激素反馈、代谢状态与药物反应","specialty-pharmacy-13","内分泌与代谢药理学：代谢指标改变来自直接作用，还是摄食和体重变化？","内分泌与代谢药理学：多时段反馈信息能否区分短期反应与持续的代谢调节？","激素时序、代谢指标与进食和体重记录","比较指标变化与摄食、体重及反馈状态","激素时序、代谢指标与进食和体重记录的比较与解释记录","https://www.aspet.org/docs/default-source/education-files/pharmacology-knowledge-objectives-2022-final.pdf"
"pharmacy-14","pharmacy","肿瘤药理学","药物响应、细胞状态与模型外推","specialty-pharmacy-14","肿瘤药理学：观察到的抑制是否具有目标与模型依赖性？","肿瘤药理学：不同模型的响应差异能否由目标参与和暴露条件共同解释？","模型来源、药物暴露与生长反应资料","分开一般毒性、目标作用和不同模型的敏感性","模型来源、药物暴露与生长反应资料的比较与解释记录","https://www.aspet.org/docs/default-source/education-files/pharmacology-knowledge-objectives-2022-final.pdf"
"pharmacy-15","pharmacy","免疫药理学","免疫状态、细胞组成与药物作用","specialty-pharmacy-15","免疫药理学：总体信号下降是细胞构成改变还是功能受到调节？","免疫药理学：状态与细胞类型分层能否解释同一作用在不同免疫背景中的差异？","免疫细胞构成、功能指标与作用证据","区分细胞数量变化与单个细胞功能变化","免疫细胞构成、功能指标与作用证据的比较与解释记录","https://www.aspet.org/docs/default-source/education-files/pharmacology-knowledge-objectives-2022-final.pdf"
"pharmacy-16","pharmacy","炎症与镇痛药理学","炎症反应、疼痛表现与运动状态","specialty-pharmacy-16","炎症与镇痛药理学：疼痛任务反应降低是否同时伴随活动能力降低？","炎症与镇痛药理学：不同疼痛状态中的反应差异能否由作用部位与功能状态解释？","疼痛行为、炎症指标和运动状态记录","分别评价疼痛、炎症和活动能力","疼痛行为、炎症指标和运动状态记录的比较与解释记录","https://www.aspet.org/docs/default-source/education-files/pharmacology-knowledge-objectives-2022-final.pdf"
"pharmacy-17","pharmacy","呼吸药理学","气道反应、炎症状态与呼吸功能","specialty-pharmacy-17","呼吸药理学：气道功能改善来自舒张作用，还是炎症状态改变？","呼吸药理学：不同炎症背景与气道反应能否解释响应的异质性？","气道功能、炎症资料和观察条件","分开气道舒张、炎症变化与肺结构改变","气道功能、炎症资料和观察条件的比较与解释记录","https://www.aspet.org/docs/default-source/education-files/pharmacology-knowledge-objectives-2022-final.pdf"
"pharmacy-18","pharmacy","消化药理学","胃肠动力、分泌与症状表现","specialty-pharmacy-18","消化药理学：症状变化和动力指标为何不一致？","消化药理学：动力、分泌与感觉的联合观察能否解释不一致的药物反应？","动力和分泌指标、进食资料与症状记录","核对作用时段并区分动力、分泌与症状","动力和分泌指标、进食资料与症状记录的比较与解释记录","https://www.aspet.org/docs/default-source/education-files/pharmacology-knowledge-objectives-2022-final.pdf"
"pharmacy-19","pharmacy","自主神经药理学","受体选择性、效能与器官反应","specialty-pharmacy-19","自主神经药理学：组织反应差异来自受体作用，还是组织背景不同？","自主神经药理学：受体表达与功能耦联差异能否解释同一作用的器官依赖性？","受体作用资料、器官功能与背景张力记录","分开亲和力、效能和组织背景","受体作用资料、器官功能与背景张力记录的比较与解释记录","https://www.aspet.org/docs/default-source/education-files/pharmacology-knowledge-objectives-2022-final.pdf"
"pharmacy-20","pharmacy","血栓与止血药理学","血小板、凝血与出血风险","specialty-pharmacy-20","血栓与止血药理学：血小板与凝血资料支持的是同一作用环节吗？","血栓与止血药理学：多维功能证据能否解释作用增强与安全性变化不一致？","血小板功能、凝血资料和安全性观察","分别解释血小板作用、凝血过程和出血表现","血小板功能、凝血资料和安全性观察的比较与解释记录","https://www.aspet.org/docs/default-source/education-files/pharmacology-knowledge-objectives-2022-final.pdf"
"pharmacy-21","pharmacy","分子与受体药理学","亲和力、效能与信号通路","specialty-pharmacy-21","分子与受体药理学：结合强弱为什么不能直接回答功能作用强弱？","分子与受体药理学：多条功能信号的差异是否来自偏向作用，还是表达与测量情境？","结合信息、功能反应与受体表达资料","区分结合、功能和下游信号","结合信息、功能反应与受体表达资料的比较与解释记录","https://www.aspet.org/docs/default-source/education-files/pharmacology-knowledge-objectives-2022-final.pdf"
"pharmacy-22","pharmacy","药代与药效关系","暴露时间过程与功能反应","specialty-pharmacy-22","药代与药效关系：反应延迟来自作用过程，还是资料时点没有对齐？","药代与药效关系：能够预测未见时段的模型是否也能区分竞争性的延迟解释？","浓度时间资料、反应时序与模型假设","检查暴露与反应时点并区分延迟和基线变化","浓度时间资料、反应时序与模型假设的比较与解释记录","https://www.aspet.org/docs/default-source/education-files/pharmacology-knowledge-objectives-2022-final.pdf"
"pharmacy-23","pharmacy","药物毒理与安全药理学","目标作用与非目标功能风险","specialty-pharmacy-23","药物毒理与安全药理学：有用作用与功能损害是否出现在相同暴露范围？","药物毒理与安全药理学：不同器官的功能资料能否解释风险窗口，而不把无记录当成无风险？","目标作用资料、非目标功能记录与暴露范围","把目标有效信号与功能损害分别记录","目标作用资料、非目标功能记录与暴露范围的比较与解释记录","https://www.aspet.org/docs/default-source/education-files/pharmacology-knowledge-objectives-2022-final.pdf"
"pharmacy-24","pharmacy","发育与衰老药理学","生命阶段、作用系统与药物处置","specialty-pharmacy-24","发育与衰老药理学：阶段差异来自药物处置还是作用系统变化？","发育与衰老药理学：连续阶段资料能否解释年龄分组掩盖的非线性变化？","阶段信息、功能状态和暴露资料","区分处置变化与作用系统的阶段差异","阶段信息、功能状态和暴露资料的比较与解释记录","https://www.aspet.org/docs/default-source/education-files/pharmacology-knowledge-objectives-2022-final.pdf"
"pharmacy-25","pharmacy","生殖与性别相关药理学","激素状态、性别变量与药物响应","specialty-pharmacy-25","生殖与性别相关药理学：组间反应差异由什么可观察的条件解释？","生殖与性别相关药理学：状态与暴露分层能否解释组内差异而避免简单二分外推？","激素状态、性别变量和暴露反应记录","检查激素状态与暴露差异并保留个体变异","激素状态、性别变量和暴露反应记录的比较与解释记录","https://www.aspet.org/docs/default-source/education-files/pharmacology-knowledge-objectives-2022-final.pdf"