"方向ID","路线","方向","共享主题模块","匹配依据","问题数","故事阶段"
"classic-1","classic","分子与细胞","biomedical","direction","5","3"
"classic-2","classic","生理与病理","anatomy","direction","5","3"
"classic-3","classic","组学与系统生物学","biomedical","direction","5","3"
"data-1","data","机器学习","computing","direction","5","3"
"data-2","data","软件与系统","software","direction","5","3"
"data-3","data","人机交互","interaction","method","5","3"
"theory-1","theory","分析与微分方程","math","host-discipline","5","3"
"theory-2","theory","概率与数理统计","math","host-discipline","5","3"
"theory-3","theory","离散数学与优化","optimization","host-discipline","5","3"
"field-1","field","社会调查","society","direction","5","3"
"field-2","field","文化人类学","society","direction","5","3"
"field-3","field","社会网络","society","direction","5","3"
"clinical-1","clinical","临床研究设计","review-study","direction","5","3"
"clinical-2","clinical","医学影像","imaging","method","5","3"
"clinical-3","clinical","健康服务研究","health-services","direction","5","3"
"physics-1","physics","凝聚态物理","physics","host-discipline","5","3"
"physics-2","physics","理论与计算物理","physics","host-discipline","5","3"
"physics-3","physics","光学与测量","physics","host-discipline","5","3"
"chemistry-1","chemistry","分析化学","chemistry","host-discipline","5","3"
"chemistry-2","chemistry","物理化学","chemistry","host-discipline","5","3"
"chemistry-3","chemistry","高分子与软材料","chemistry","host-discipline","5","3"
"economics-1","economics","微观与行为经济","economics","direction","5","3"
"economics-2","economics","宏观与发展经济","macro","direction","5","3"
"economics-3","economics","环境与公共经济","economics","direction","5","3"
"humanities-1","humanities","文学史","literature","direction","5","3"
"humanities-2","humanities","比较文学","literature","direction","5","3"
"humanities-3","humanities","数字人文","digital-humanities","direction","5","3"
"art-1","art","视觉与传达","arts","direction","5","3"
"art-2","art","产品与交互","interaction","method","5","3"
"art-3","art","艺术史与策展","heritage","direction","5","3"
"philosophy-1","philosophy","逻辑与科学哲学","logic","direction","5","3"
"philosophy-2","philosophy","伦理与政治哲学","ethics","direction","5","3"
"philosophy-3","philosophy","美学与解释学","aesthetic","direction","5","3"
"law-1","law","民商法","law","direction","5","3"
"law-2","law","公法与治理","policy","direction","5","3"
"law-3","law","法与科技","law","direction","5","3"
"politics-1","politics","比较政治","policy","direction","5","3"
"politics-2","politics","国际关系","policy","direction","5","3"
"politics-3","politics","公共政策","policy","direction","5","3"
"education-1","education","学习科学","education","direction","5","3"
"education-2","education","课程与教学","education","method","5","3"
"education-3","education","教育技术","education","method","5","3"
"sports-1","sports","运动生理","sport","direction","5","3"
"sports-2","sports","运动训练","sport","direction","5","3"
"sports-3","sports","运动心理","psychology","direction","5","3"
"psychology-1","psychology","认知心理","psychology","direction","5","3"
"psychology-2","psychology","社会心理","psychology","direction","5","3"
"psychology-3","psychology","心理测量","measurement-scale","direction","5","3"
"languages-1","languages","语言学","language","direction","5","3"
"languages-2","languages","翻译研究","translation","direction","5","3"
"languages-3","languages","第二语言习得","language-learning","direction","5","3"
"journalism-1","journalism","新闻研究","media","direction","5","3"
"journalism-2","journalism","传播与媒介","media","direction","5","3"
"journalism-3","journalism","计算传播","media","direction","5","3"
"history-1","history","社会与文化史","history","host-discipline","5","3"
"history-2","history","历史地理","historical-geography","host-discipline","5","3"
"history-3","history","考古与物质文化","archaeology","host-discipline","5","3"
"earth-1","earth","自然地理","ecology","direction","5","3"
"earth-2","earth","地质与地球物理","ecology","direction","5","3"
"earth-3","earth","气象与气候","ecology","direction","5","3"
"environment-1","environment","生态学","ecology","host-discipline","5","3"
"environment-2","environment","环境科学","ecology","host-discipline","5","3"
"environment-3","environment","环境治理","ecology","host-discipline","5","3"
"electrical-1","electrical","电子与传感","electronics","direction","5","3"
"electrical-2","electrical","信号处理","electronics","direction","5","3"
"electrical-3","electrical","通信与网络","software","direction","5","3"
"mechanical-1","mechanical","机械设计","mechanical","direction","5","3"
"mechanical-2","mechanical","制造与工艺","mechanical","route","5","3"
"mechanical-3","mechanical","控制与机器人","mechanical","method","5","3"
"civil-1","civil","结构工程","construction","direction","5","3"
"civil-2","civil","交通与城市","mechanical","direction","5","3"
"civil-3","civil","建筑与环境","ecology","direction","5","3"
"energy-1","energy","热能与动力","mechanical","direction","5","3"
"energy-2","energy","电力与储能","mechanical","route","5","3"
"energy-3","energy","能源与环境","ecology","direction","5","3"
"aerospace-1","aerospace","飞行器设计","mechanical","host-discipline","5","3"
"aerospace-2","aerospace","导航与控制","mechanical","host-discipline","5","3"
"aerospace-3","aerospace","空间任务与观测","mechanical","host-discipline","5","3"
"agriculture-1","agriculture","作物与栽培","crop","direction","5","3"
"agriculture-2","agriculture","土壤与资源","ecology","direction","5","3"
"agriculture-3","agriculture","林业与生态","ecology","direction","5","3"
"veterinary-1","veterinary","动物生理","animal-science","direction","5","3"
"veterinary-2","veterinary","动物健康","animal-science","direction","5","3"
"veterinary-3","veterinary","行为与福利","animal-science","route","5","3"
"food-1","food","食品科学","food","direction","5","3"
"food-2","food","营养研究","food","direction","5","3"
"food-3","food","食品安全与管理","food","direction","5","3"
"pharmacy-1","pharmacy","药理学基础与作用机制","pharma","host-discipline","5","3"
"pharmacy-2","pharmacy","药物分析","pharma","host-discipline","5","3"
"pharmacy-3","pharmacy","药事与使用研究","pharma","host-discipline","5","3"
"nursing-1","nursing","护理实践研究","nursing","host-discipline","5","3"
"nursing-2","nursing","护理教育","education","method","5","3"
"nursing-3","nursing","社区与公共健康","nursing","host-discipline","5","3"
"management-1","management","组织与行为","organization","direction","5","3"
"management-2","management","会计与财务","accounting","direction","5","3"
"management-3","management","运营与管理科学","organization","direction","5","3"
"publicadmin-1","publicadmin","公共政策","policy","direction","5","3"
"publicadmin-2","publicadmin","公共服务","policy","direction","5","3"
"publicadmin-3","publicadmin","资源与应急管理","organization","direction","5","3"
"music-1","music","音乐与表演","performance","direction","5","3"
"music-2","music","戏剧与影视","media","direction","5","3"
"music-3","music","声音与媒介技术","media","direction","5","3"
"military-1","military","战略与国际安全","military","family","5","3"
"military-2","military","军事历史","military","family","5","3"
"military-3","military","组织与保障","military","family","5","3"
"interdisciplinary-1","interdisciplinary","共同问题设计","cross","family","5","3"
"interdisciplinary-2","interdisciplinary","跨学科方法","cross","family","5","3"
"interdisciplinary-3","interdisciplinary","跨学科应用","cross","family","5","3"
"statistics-1","statistics","统计推断","statistics","host-discipline","5","3"
"statistics-2","statistics","统计学习","statistics","host-discipline","5","3"
"statistics-3","statistics","空间与时间统计","statistics","host-discipline","5","3"
"astronomy-1","astronomy","恒星与星系","physics","host-discipline","5","3"
"astronomy-2","astronomy","宇宙学","physics","host-discipline","5","3"
"astronomy-3","astronomy","时域与观测技术","physics","host-discipline","5","3"
"sociology-1","sociology","社会分层","society","direction","5","3"
"sociology-2","sociology","组织与网络","society","route","5","3"
"sociology-3","sociology","城市与社区","society","route","5","3"
"anthropology-1","anthropology","文化人类学","society","direction","5","3"
"anthropology-2","anthropology","社会人类学","society","direction","5","3"
"anthropology-3","anthropology","环境与技术人类学","society","direction","5","3"
"archaeology-1","archaeology","田野考古","archaeology","direction","5","3"
"archaeology-2","archaeology","科技考古","archaeometry","direction","5","3"
"archaeology-3","archaeology","公共与文化遗产","heritage","direction","5","3"
"geography-1","geography","空间分析与地理信息","remote-sensing","host-discipline","5","3"
"geography-2","geography","人文地理","human-geography","host-discipline","5","3"
"geography-3","geography","自然地理","ecology","host-discipline","5","3"
"materials-1","materials","功能材料","chemistry","direction","5","3"
"materials-2","materials","软材料与界面","chemistry","direction","5","3"
"materials-3","materials","计算材料","chemistry","direction","5","3"
"automation-1","automation","控制理论","mechanical","method","5","3"
"automation-2","automation","机器人与感知","mechanical","method","5","3"
"automation-3","automation","智能系统与协同","computing","direction","5","3"
"communications-1","communications","信息与编码","electronics","host-discipline","5","3"
"communications-2","communications","无线与网络","electronics","host-discipline","5","3"
"communications-3","communications","通信感知融合","electronics","host-discipline","5","3"
"architecture-1","architecture","建筑设计","construction","direction","5","3"
"architecture-2","architecture","城乡规划","construction","direction","5","3"
"architecture-3","architecture","建筑技术与环境","ecology","direction","5","3"
"design-1","design","交互设计","interaction","method","5","3"
"design-2","design","服务设计","interaction","direction","5","3"
"design-3","design","视觉与信息设计","arts","direction","5","3"
"publichealth-1","publichealth","流行病学","population","direction","5","3"
"publichealth-2","publichealth","卫生政策与管理","health-services","direction","5","3"
"publichealth-3","publichealth","环境与职业健康","population","route","5","3"
"classic-4","classic","发育生物学","anatomy","direction","5","3"
"classic-5","classic","神经科学","biomedical","route","5","3"
"classic-6","classic","免疫研究","biomedical","direction","5","3"
"classic-7","classic","遗传学","genetic-association","direction","5","3"
"classic-8","classic","微生物与宿主","biomedical","direction","5","3"
"classic-9","classic","生物信息学","biomedical","direction","5","3"
"data-4","data","计算机视觉","vision","direction","5","3"
"data-5","data","自然语言处理","nlp","direction","5","3"
"data-6","data","数据库与数据工程","database","direction","5","3"
"data-7","data","计算机安全","software","direction","5","3"
"data-8","data","分布式计算","software","direction","5","3"
"data-9","data","因果与可信人工智能","computing","direction","5","3"
"theory-4","theory","代数与数论","math","host-discipline","5","3"
"theory-5","theory","几何与拓扑","math","host-discipline","5","3"
"theory-6","theory","计算数学","numerical","host-discipline","5","3"
"theory-7","theory","运筹学","optimization","host-discipline","5","3"
"theory-8","theory","动力系统","math","host-discipline","5","3"
"theory-9","theory","组合与图论","math","host-discipline","5","3"
"field-4","field","劳动与组织调查","society","direction","5","3"
"field-5","field","城市田野","society","direction","5","3"
"field-6","field","数字社会田野","society","direction","5","3"
"field-7","field","迁移与流动","society","route","5","3"
"field-8","field","家庭与亲属研究","society","route","5","3"
"field-9","field","民族志写作","society","direction","5","3"
"clinical-4","clinical","心血管研究","cardiac","direction","5","3"
"clinical-5","clinical","神经与精神研究","neuro","direction","5","3"
"clinical-6","clinical","肿瘤研究","oncology","direction","5","3"
"clinical-7","clinical","感染与免疫相关研究","infection","direction","5","3"
"clinical-8","clinical","康复研究","rehab","direction","5","3"
"clinical-9","clinical","临床信息研究","health-services","direction","5","3"
"physics-4","physics","粒子与核物理","physics","host-discipline","5","3"
"physics-5","physics","统计物理","physics","host-discipline","5","3"
"physics-6","physics","原子与分子物理","physics","host-discipline","5","3"
"physics-7","physics","量子信息","physics","host-discipline","5","3"
"physics-8","physics","等离子体与流体","physics","host-discipline","5","3"
"physics-9","physics","计算与数据物理","physics","host-discipline","5","3"
"chemistry-4","chemistry","有机化学","chemistry","host-discipline","5","3"
"chemistry-5","chemistry","无机化学","chemistry","host-discipline","5","3"
"chemistry-6","chemistry","理论与计算化学","chemistry","host-discipline","5","3"
"chemistry-7","chemistry","电化学","chemistry","host-discipline","5","3"
"chemistry-8","chemistry","环境化学","chemistry","host-discipline","5","3"
"chemistry-9","chemistry","化学生物学","chemistry","host-discipline","5","3"
"economics-4","economics","劳动经济","labor","direction","5","3"
"economics-5","economics","金融经济","economics","direction","5","3"
"economics-6","economics","产业组织","economics","direction","5","3"
"economics-7","economics","国际贸易","economics","direction","5","3"
"economics-8","economics","计量经济","statistics","direction","5","3"
"economics-9","economics","数字经济","economics","direction","5","3"
"humanities-4","humanities","古典文学","literature","direction","5","3"
"humanities-5","humanities","现当代文学","literature","direction","5","3"
"humanities-6","humanities","文艺理论","literature","direction","5","3"
"humanities-7","humanities","叙事与文体","literature","direction","5","3"
"humanities-8","humanities","书籍与阅读史","literature","route","5","3"
"humanities-9","humanities","文学与媒介","literature","direction","5","3"
"art-4","art","绘画与图像","arts","direction","5","3"
"art-5","art","雕塑与装置","arts","direction","5","3"
"art-6","art","摄影与影像","arts","route","5","3"
"art-7","art","公共艺术","arts","direction","5","3"
"art-8","art","工艺与材料艺术","arts","direction","5","3"
"art-9","art","艺术与数字媒介","media","direction","5","3"
"philosophy-4","philosophy","认识论","epistemic","direction","5","3"
"philosophy-5","philosophy","形而上学","ontology","direction","5","3"
"philosophy-6","philosophy","心灵哲学","mind","direction","5","3"
"philosophy-7","philosophy","技术哲学","philosophy","family","5","3"
"philosophy-8","philosophy","中国哲学","philosophical-history","direction","5","3"
"philosophy-9","philosophy","跨文化哲学","philosophy","family","5","3"
"law-4","law","刑法","law","direction","5","3"
"law-5","law","诉讼与证据","law","direction","5","3"
"law-6","law","国际法","law","direction","5","3"
"law-7","law","知识产权","law","route","5","3"
"law-8","law","环境法","law","direction","5","3"
"law-9","law","劳动与社会保障法","law","direction","5","3"
"politics-4","politics","政治思想","policy","direction","5","3"
"politics-5","politics","政治行为","policy","direction","5","3"
"politics-6","politics","政治制度","policy","direction","5","3"
"politics-7","politics","区域与国别研究","policy","route","5","3"
"politics-8","politics","全球治理","policy","direction","5","3"
"politics-9","politics","政治传播","policy","direction","5","3"
"education-4","education","高等教育","education","method","5","3"
"education-5","education","特殊与融合教育","education","method","5","3"
"education-6","education","学前教育","education","method","5","3"
"education-7","education","教育评价","education","method","5","3"
"education-8","education","教师发展","education","direction","5","3"
"education-9","education","比较与国际教育","education","method","5","3"
"sports-4","sports","运动生物力学","sport","direction","5","3"
"sports-5","sports","体育教育","education","method","5","3"
"sports-6","sports","体育社会研究","sport","direction","5","3"
"sports-7","sports","体育管理","sport","direction","5","3"
"sports-8","sports","运动康复","sport","direction","5","3"
"sports-9","sports","运动数据分析","sport","direction","5","3"
"psychology-4","psychology","发展心理","psychology","direction","5","3"
"psychology-5","psychology","教育心理","education","method","5","3"
"psychology-6","psychology","人格与个体差异","psychology","route","5","3"
"psychology-7","psychology","健康心理","psychology","direction","5","3"
"psychology-8","psychology","组织心理","psychology","direction","5","3"
"psychology-9","psychology","心理方法与开放实践","psychology","direction","5","3"
"languages-4","languages","语音与音系","language","direction","5","3"
"languages-5","languages","语法与句法","language","direction","5","3"
"languages-6","languages","语义与语用","language","direction","5","3"
"languages-7","languages","社会语言学","language","direction","5","3"
"languages-8","languages","计算语言学","language","direction","5","3"
"languages-9","languages","跨文化沟通","translation","route","5","3"
"journalism-4","journalism","受众研究","media","route","5","3"
"journalism-5","journalism","平台与算法传播","media","direction","5","3"
"journalism-6","journalism","健康传播","media","direction","5","3"
"journalism-7","journalism","公共与政治传播","media","direction","5","3"
"journalism-8","journalism","视觉与叙事传播","literature","direction","5","3"
"journalism-9","journalism","新闻伦理与事实核查","media","direction","5","3"
"history-4","history","古代史","history","host-discipline","5","3"
"history-5","history","近现代史","history","host-discipline","5","3"
"history-6","history","世界与全球史","history","host-discipline","5","3"
"history-7","history","经济史","history","host-discipline","5","3"
"history-8","history","科技史","history","host-discipline","5","3"
"history-9","history","口述与公众史","history","host-discipline","5","3"
"earth-4","earth","水文与水资源","ecology","direction","5","3"
"earth-5","earth","海洋科学","ecology","direction","5","3"
"earth-6","earth","遥感与地球观测","remote-sensing","direction","5","3"
"earth-7","earth","地球化学","chemistry","direction","5","3"
"earth-8","earth","地球系统建模","software","direction","5","3"
"earth-9","earth","地质灾害与风险","ecology","direction","5","3"
"environment-4","environment","保护生物学","ecology","host-discipline","5","3"
"environment-5","environment","环境监测","ecology","host-discipline","5","3"
"environment-6","environment","水与流域生态","ecology","host-discipline","5","3"
"environment-7","environment","恢复生态","ecology","host-discipline","5","3"
"environment-8","environment","城市环境","ecology","host-discipline","5","3"
"environment-9","environment","可持续与资源研究","ecology","host-discipline","5","3"
"electrical-4","electrical","微电子与器件","electronics","direction","5","3"
"electrical-5","electrical","电路与系统","software","direction","5","3"
"electrical-6","electrical","嵌入式系统","software","direction","5","3"
"electrical-7","electrical","电磁与天线","electronics","direction","5","3"
"electrical-8","electrical","光电信息","electronics","route","5","3"
"electrical-9","electrical","电子系统可靠性","software","direction","5","3"
"mechanical-4","mechanical","动力与振动","mechanical","direction","5","3"
"mechanical-5","mechanical","精密机械","mechanical","direction","5","3"
"mechanical-6","mechanical","流体机械","mechanical","direction","5","3"
"mechanical-7","mechanical","机电系统","mechanical","method","5","3"
"mechanical-8","mechanical","数字制造","mechanical","route","5","3"
"mechanical-9","mechanical","人因与工程使用","mechanical","route","5","3"
"civil-4","civil","岩土工程","mechanical","route","5","3"
"civil-5","civil","水利与水环境","ecology","direction","5","3"
"civil-6","civil","市政与基础设施","mechanical","route","5","3"
"civil-7","civil","工程管理","mechanical","route","5","3"
"civil-8","civil","城市交通分析","math","direction","5","3"
"civil-9","civil","灾害与韧性","mechanical","route","5","3"
"energy-4","energy","能源系统建模","software","direction","5","3"
"energy-5","energy","新能源与转换","mechanical","direction","5","3"
"energy-6","energy","建筑能源","mechanical","direction","5","3"
"energy-7","energy","能源调度","optimization","direction","5","3"
"energy-8","energy","能源经济","mechanical","direction","5","3"
"energy-9","energy","低碳与全周期评价","mechanical","route","5","3"
"aerospace-4","aerospace","空气动力学","mechanical","host-discipline","5","3"
"aerospace-5","aerospace","结构与轻量化","mechanical","host-discipline","5","3"
"aerospace-6","aerospace","推进与动力","mechanical","host-discipline","5","3"
"aerospace-7","aerospace","航空电子","electronics","host-discipline","5","3"
"aerospace-8","aerospace","任务规划","mechanical","host-discipline","5","3"
"aerospace-9","aerospace","空间环境","physics","host-discipline","5","3"
"agriculture-4","agriculture","作物遗传与育种","crop-breeding","direction","5","3"
"agriculture-5","agriculture","植物保护","protection","direction","5","3"
"agriculture-6","agriculture","园艺","crop","direction","5","3"
"agriculture-7","agriculture","农业工程","mechanical","method","5","3"
"agriculture-8","agriculture","农业经济","economics","method","5","3"
"agriculture-9","agriculture","森林经营","ecology","direction","5","3"
"veterinary-4","veterinary","动物营养","animal-science","direction","5","3"
"veterinary-5","veterinary","群体动物健康","animal-science","direction","5","3"
"veterinary-6","veterinary","兽医影像","vet","direction","5","3"
"veterinary-7","veterinary","动物遗传","animal-science","direction","5","3"
"veterinary-8","veterinary","人兽共处研究","vet","direction","5","3"
"veterinary-9","veterinary","兽医公共卫生","vet","direction","5","3"
"food-4","food","食品加工与过程","food","direction","5","3"
"food-5","food","食品分析","food","direction","5","3"
"food-6","food","食品感官研究","food","direction","5","3"
"food-7","food","食品供应链","food","direction","5","3"
"food-8","food","膳食与行为","food","route","5","3"
"food-9","food","营养政策","food","direction","5","3"
"pharmacy-4","pharmacy","药剂学与递送研究","pharma","host-discipline","5","3"
"pharmacy-5","pharmacy","天然产物研究","pharma","host-discipline","5","3"
"pharmacy-6","pharmacy","计算药学","pharma","host-discipline","5","3"
"pharmacy-7","pharmacy","药物安全性研究","pharma","host-discipline","5","3"
"pharmacy-8","pharmacy","药物经济学","pharma","host-discipline","5","3"
"pharmacy-9","pharmacy","药学服务","pharma","host-discipline","5","3"
"nursing-4","nursing","慢病照护","nursing","host-discipline","5","3"
"nursing-5","nursing","老年护理","nursing","host-discipline","5","3"
"nursing-6","nursing","心理与精神护理","nursing","host-discipline","5","3"
"nursing-7","nursing","护理管理","nursing","host-discipline","5","3"
"nursing-8","nursing","护理信息","nursing","host-discipline","5","3"
"nursing-9","nursing","护理质量与评价","nursing","host-discipline","5","3"
"management-4","management","战略管理","organization","direction","5","3"
"management-5","management","市场营销","accounting","route","5","3"
"management-6","management","人力与组织发展","organization","direction","5","3"
"management-7","management","信息管理","library-science","direction","5","3"
"management-8","management","供应链管理","organization","direction","5","3"
"management-9","management","创新与创业","organization","direction","5","3"
"publicadmin-4","publicadmin","城市治理","policy","direction","5","3"
"publicadmin-5","publicadmin","数字治理","policy","direction","5","3"
"publicadmin-6","publicadmin","社会保障","organization","route","5","3"
"publicadmin-7","publicadmin","公共财政","policy","direction","5","3"
"publicadmin-8","publicadmin","非营利组织","organization","direction","5","3"
"publicadmin-9","publicadmin","政策评价","policy","direction","5","3"
"music-4","music","作曲与声音创作","performance","direction","5","3"
"music-5","music","音乐教育","education","method","5","3"
"music-6","music","民族音乐研究","performance","direction","5","3"
"music-7","music","戏剧表演","performance","direction","5","3"
"music-8","music","影视制作与叙事","media","direction","5","3"
"music-9","music","媒介艺术与声音设计","media","direction","5","3"
"military-4","military","安全政策研究","military","family","5","3"
"military-5","military","战略思想史","military","family","5","3"
"military-6","military","组织决策研究","military","family","5","3"
"military-7","military","保障与资源评价","military","family","5","3"
"military-8","military","安全与社会研究","military","family","5","3"
"military-9","military","科技与战略治理","military","family","5","3"
"interdisciplinary-4","interdisciplinary","计算与领域研究","cross","family","5","3"
"interdisciplinary-5","interdisciplinary","数据与社会研究","cross","family","5","3"
"interdisciplinary-6","interdisciplinary","健康与技术研究","cross","family","5","3"
"interdisciplinary-7","interdisciplinary","环境与设计研究","cross","family","5","3"
"interdisciplinary-8","interdisciplinary","文化与数字研究","cross","family","5","3"
"interdisciplinary-9","interdisciplinary","系统与资源研究","cross","family","5","3"
"statistics-4","statistics","贝叶斯统计","statistics","host-discipline","5","3"
"statistics-5","statistics","因果推断","statistics","host-discipline","5","3"
"statistics-6","statistics","实验与调查设计","statistics","host-discipline","5","3"
"statistics-7","statistics","生物统计","statistics","host-discipline","5","3"
"statistics-8","statistics","稳健与非参数方法","statistics","host-discipline","5","3"
"statistics-9","statistics","计算统计","statistics","host-discipline","5","3"
"astronomy-4","astronomy","太阳与空间环境","physics","host-discipline","5","3"
"astronomy-5","astronomy","行星与系外行星","physics","host-discipline","5","3"
"astronomy-6","astronomy","星际介质","physics","host-discipline","5","3"
"astronomy-7","astronomy","高能与多信使观测","physics","host-discipline","5","3"
"astronomy-8","astronomy","天文数据分析","physics","host-discipline","5","3"
"astronomy-9","astronomy","望远镜与观测系统","physics","host-discipline","5","3"
"sociology-4","sociology","人口与家庭","society","direction","5","3"
"sociology-5","sociology","劳动与职业","society","route","5","3"
"sociology-6","sociology","健康与医学社会学","society","direction","5","3"
"sociology-7","sociology","数字社会学","society","direction","5","3"
"sociology-8","sociology","文化社会学","society","direction","5","3"
"sociology-9","sociology","社会方法研究","law","direction","5","3"
"anthropology-4","anthropology","城市人类学","society","direction","5","3"
"anthropology-5","anthropology","医学人类学","society","direction","5","3"
"anthropology-6","anthropology","数字人类学","society","direction","5","3"
"anthropology-7","anthropology","经济人类学","society","direction","5","3"
"anthropology-8","anthropology","语言人类学","society","direction","5","3"
"anthropology-9","anthropology","遗产与公众人类学","society","direction","5","3"
"archaeology-4","archaeology","史前考古","archaeology","direction","5","3"
"archaeology-5","archaeology","历史考古","archaeology","direction","5","3"
"archaeology-6","archaeology","环境考古","archaeology","direction","5","3"
"archaeology-7","archaeology","动物与植物考古","archaeology","direction","5","3"
"archaeology-8","archaeology","数字与空间考古","archaeology","direction","5","3"
"archaeology-9","archaeology","遗产保护与管理","heritage","direction","5","3"
"geography-4","geography","经济地理","human-geography","host-discipline","5","3"
"geography-5","geography","城市地理","human-geography","host-discipline","5","3"
"geography-6","geography","旅游与文化地理","human-geography","host-discipline","5","3"
"geography-7","geography","遥感地理","remote-sensing","host-discipline","5","3"
"geography-8","geography","地理建模","ecology","host-discipline","5","3"
"geography-9","geography","地理教育与公众地图","education","method","5","3"
"materials-4","materials","金属与合金","chemistry","route","5","3"
"materials-5","materials","陶瓷与无机材料","chemistry","direction","5","3"
"materials-6","materials","聚合物材料","chemistry","direction","5","3"
"materials-7","materials","电子与光电材料","chemistry","direction","5","3"
"materials-8","materials","能源材料","chemistry","direction","5","3"
"materials-9","materials","材料可靠性与评价","chemistry","direction","5","3"
"automation-4","automation","过程控制","mechanical","method","5","3"
"automation-5","automation","嵌入式与实时系统","software","direction","5","3"
"automation-6","automation","无人系统研究","software","direction","5","3"
"automation-7","automation","系统辨识","software","direction","5","3"
"automation-8","automation","人机协同","interaction","method","5","3"
"automation-9","automation","工业智能","computing","direction","5","3"
"communications-4","communications","光通信","electronics","host-discipline","5","3"
"communications-5","communications","卫星与空间通信","electronics","host-discipline","5","3"
"communications-6","communications","网络协议与系统","electronics","host-discipline","5","3"
"communications-7","communications","通信安全与隐私","electronics","host-discipline","5","3"
"communications-8","communications","语音与多媒体信号","electronics","host-discipline","5","3"
"communications-9","communications","通信系统评价","electronics","host-discipline","5","3"
"architecture-4","architecture","建筑历史与理论","construction","direction","5","3"
"architecture-5","architecture","景观与公共空间","construction","route","5","3"
"architecture-6","architecture","住房与社区","construction","route","5","3"
"architecture-7","architecture","建筑数字技术","construction","direction","5","3"
"architecture-8","architecture","遗产更新","construction","route","5","3"
"architecture-9","architecture","建筑评价与人因","construction","direction","5","3"
"design-4","design","工业与产品设计","interaction","direction","5","3"
"design-5","design","体验与用户研究","interaction","direction","5","3"
"design-6","design","社会创新设计","arts","direction","5","3"
"design-7","design","可持续设计","arts","direction","5","3"
"design-8","design","设计史与理论","arts","direction","5","3"
"design-9","design","数字与沉浸设计","arts","direction","5","3"
"publichealth-4","publichealth","健康行为与促进","psychology","direction","5","3"
"publichealth-5","publichealth","生物统计与方法","biomedical","direction","5","3"
"publichealth-6","publichealth","传染病群体研究","infection","direction","5","3"
"publichealth-7","publichealth","慢病群体研究","population","route","5","3"
"publichealth-8","publichealth","健康公平","population","route","5","3"
"publichealth-9","publichealth","全球与社区健康","population","route","5","3"
"cardiology-1","cardiology","心力衰竭","heart-failure","direction","5","3"
"cardiology-2","cardiology","冠心病","cardiac","direction","5","3"
"cardiology-3","cardiology","心律失常","rhythm","direction","5","3"
"cardiology-4","cardiology","高血压","cardiac","route","5","3"
"cardiology-5","cardiology","心肌病","heart-failure","direction","5","3"
"cardiology-6","cardiology","心脏影像","imaging","method","5","3"
"cardiology-7","cardiology","心脏康复","cardiac","direction","5","3"
"cardiology-8","cardiology","结构性心脏病","cardiac","direction","5","3"
"cardiology-9","cardiology","心血管遗传","genetic-association","direction","5","3"
"cardiology-10","cardiology","心血管代谢","cardiac","direction","5","3"
"cardiology-11","cardiology","血管生物学","biomedical","direction","5","3"
"cardiology-12","cardiology","心血管结局研究","cardiac","direction","5","3"
"respiratory-1","respiratory","慢性气道疾病","respiratory","direction","5","3"
"respiratory-2","respiratory","间质性肺疾病","respiratory","direction","5","3"
"respiratory-3","respiratory","肺血管疾病","respiratory","direction","5","3"
"respiratory-4","respiratory","呼吸影像","imaging","method","5","3"
"respiratory-5","respiratory","肺功能研究","respiratory","direction","5","3"
"respiratory-6","respiratory","睡眠呼吸","respiratory","direction","5","3"
"respiratory-7","respiratory","呼吸康复","respiratory","direction","5","3"
"respiratory-8","respiratory","环境与呼吸健康","respiratory","direction","5","3"
"respiratory-9","respiratory","呼吸系统肿瘤","respiratory","direction","5","3"
"respiratory-10","respiratory","呼吸症状量表","measurement-scale","direction","5","3"
"respiratory-11","respiratory","长期氧疗结局","respiratory","route","5","3"
"respiratory-12","respiratory","呼吸疾病队列","respiratory","direction","5","3"
"gastroenterology-1","gastroenterology","胃肠动力","digestive","direction","5","3"
"gastroenterology-2","gastroenterology","炎症性肠病","digestive","direction","5","3"
"gastroenterology-3","gastroenterology","肝病与肝纤维化","digestive","direction","5","3"
"gastroenterology-4","gastroenterology","消化内镜质控","digestive","direction","5","3"
"gastroenterology-5","gastroenterology","胰腺疾病","digestive","direction","5","3"
"gastroenterology-6","gastroenterology","肠道生态","digestive","direction","5","3"
"gastroenterology-7","gastroenterology","营养与消化","digestive","direction","5","3"
"gastroenterology-8","gastroenterology","消化道肿瘤","digestive","direction","5","3"
"gastroenterology-9","gastroenterology","胃食管反流","digestive","direction","5","3"
"gastroenterology-10","gastroenterology","功能性胃肠病","digestive","direction","5","3"
"gastroenterology-11","gastroenterology","胆道疾病","digestive","direction","5","3"
"gastroenterology-12","gastroenterology","消化疾病结局","digestive","direction","5","3"
"endocrinology-1","endocrinology","糖尿病","metabolic","direction","5","3"
"endocrinology-2","endocrinology","肥胖研究","metabolic","direction","5","3"
"endocrinology-3","endocrinology","甲状腺疾病","metabolic","direction","5","3"
"endocrinology-4","endocrinology","骨代谢","metabolic","direction","5","3"
"endocrinology-5","endocrinology","肾上腺疾病","metabolic","direction","5","3"
"endocrinology-6","endocrinology","垂体疾病","metabolic","direction","5","3"
"endocrinology-7","endocrinology","生殖内分泌","metabolic","direction","5","3"
"endocrinology-8","endocrinology","代谢综合征","metabolic","direction","5","3"
"endocrinology-9","endocrinology","内分泌遗传","genetic-association","direction","5","3"
"endocrinology-10","endocrinology","连续代谢监测","metabolic","direction","5","3"
"endocrinology-11","endocrinology","代谢与衰老","metabolic","direction","5","3"
"endocrinology-12","endocrinology","内分泌结局","metabolic","direction","5","3"
"nephrology-1","nephrology","慢性肾病","renal","direction","5","3"
"nephrology-2","nephrology","急性肾损伤","renal","direction","5","3"
"nephrology-3","nephrology","肾小球疾病","renal","direction","5","3"
"nephrology-4","nephrology","肾脏病理","imaging","method","5","3"
"nephrology-5","nephrology","透析结局","renal","direction","5","3"
"nephrology-6","nephrology","肾移植随访","renal","direction","5","3"
"nephrology-7","nephrology","肾脏遗传","genetic-association","direction","5","3"
"nephrology-8","nephrology","水盐平衡","renal","direction","5","3"
"nephrology-9","nephrology","肾脏影像","imaging","method","5","3"
"nephrology-10","nephrology","肾病营养","renal","direction","5","3"
"nephrology-11","nephrology","肾脏与心血管","cardiac","direction","5","3"
"nephrology-12","nephrology","肾脏疾病队列","renal","direction","5","3"
"hematology-1","hematology","造血与干细胞","hematology","direction","5","3"
"hematology-2","hematology","贫血研究","hematology","direction","5","3"
"hematology-3","hematology","凝血与血栓","hematology","direction","5","3"
"hematology-4","hematology","血液肿瘤","hematology","direction","5","3"
"hematology-5","hematology","血液形态学","hematology","direction","5","3"
"hematology-6","hematology","造血移植结局","hematology","direction","5","3"
"hematology-7","hematology","血液遗传","genetic-association","direction","5","3"
"hematology-8","hematology","血液免疫","hematology","direction","5","3"
"hematology-9","hematology","输血质量","hematology","direction","5","3"
"hematology-10","hematology","血小板研究","hematology","direction","5","3"
"hematology-11","hematology","血液疾病队列","hematology","direction","5","3"
"hematology-12","hematology","血液组学","hematology","direction","5","3"
"rheumatology-1","rheumatology","系统性自身免疫","rheumatic","host-discipline","5","3"
"rheumatology-2","rheumatology","炎性关节病","rheumatic","host-discipline","5","3"
"rheumatology-3","rheumatology","结缔组织病","rheumatic","host-discipline","5","3"
"rheumatology-4","rheumatology","风湿影像","rheumatic","host-discipline","5","3"
"rheumatology-5","rheumatology","自身抗体研究","rheumatic","host-discipline","5","3"
"rheumatology-6","rheumatology","疾病活动度","rheumatic","host-discipline","5","3"
"rheumatology-7","rheumatology","风湿病康复","rheumatic","host-discipline","5","3"
"rheumatology-8","rheumatology","免疫相关结局","rheumatic","host-discipline","5","3"
"rheumatology-9","rheumatology","生活质量","rheumatic","host-discipline","5","3"
"rheumatology-10","rheumatology","风湿遗传","rheumatic","host-discipline","5","3"
"rheumatology-11","rheumatology","风湿病队列","rheumatic","host-discipline","5","3"
"rheumatology-12","rheumatology","患者报告结局","rheumatic","host-discipline","5","3"
"neurology-1","neurology","脑血管病","neuro","direction","5","3"
"neurology-2","neurology","神经退行性疾病","neuro","direction","5","3"
"neurology-3","neurology","癫痫研究","neuro","direction","5","3"
"neurology-4","neurology","认知障碍","neuro","direction","5","3"
"neurology-5","neurology","运动障碍","neuro","route","5","3"
"neurology-6","neurology","神经影像","imaging","method","5","3"
"neurology-7","neurology","神经电生理","rhythm","direction","5","3"
"neurology-8","neurology","神经遗传","genetic-association","direction","5","3"
"neurology-9","neurology","头痛研究","neuro","direction","5","3"
"neurology-10","neurology","睡眠神经科学","neuro","direction","5","3"
"neurology-11","neurology","神经康复","neuro","direction","5","3"
"neurology-12","neurology","神经疾病队列","neuro","direction","5","3"
"infectious-1","infectious","感染疾病队列","infection","direction","5","3"
"infectious-2","infectious","宿主反应","infection","direction","5","3"
"infectious-3","infectious","感染疾病影像","imaging","method","5","3"
"infectious-4","infectious","感染结局","infection","direction","5","3"
"infectious-5","infectious","抗感染药物结局","infection","direction","5","3"
"infectious-6","infectious","诊断资料评价","infection","route","5","3"
"infectious-7","infectious","院内质量改进","infection","route","5","3"
"infectious-8","infectious","长期随访","infection","route","5","3"
"infectious-9","infectious","感染与慢性病","infection","direction","5","3"
"infectious-10","infectious","公共卫生协作","population","direction","5","3"
"infectious-11","infectious","健康传播","population","direction","5","3"
"infectious-12","infectious","医疗服务评价","health-services","direction","5","3"
"geriatrics-1","geriatrics","衰弱研究","life-course","direction","5","3"
"geriatrics-2","geriatrics","多病共存","life-course","route","5","3"
"geriatrics-3","geriatrics","认知与功能","psychology","direction","5","3"
"geriatrics-4","geriatrics","老年营养","life-course","direction","5","3"
"geriatrics-5","geriatrics","老年药物结局","life-course","direction","5","3"
"geriatrics-6","geriatrics","长期照护","nursing","direction","5","3"
"geriatrics-7","geriatrics","跌倒风险研究","life-course","route","5","3"
"geriatrics-8","geriatrics","老年康复","life-course","direction","5","3"
"geriatrics-9","geriatrics","生活质量","measurement-scale","direction","5","3"
"geriatrics-10","geriatrics","健康寿命","life-course","route","5","3"
"geriatrics-11","geriatrics","家庭照护","nursing","direction","5","3"
"geriatrics-12","geriatrics","老年疾病队列","life-course","direction","5","3"
"general-surgery-1","general-surgery","胃肠外科结局","digestive","direction","5","3"
"general-surgery-2","general-surgery","肝胆外科结局","digestive","direction","5","3"
"general-surgery-3","general-surgery","胰腺外科研究","digestive","direction","5","3"
"general-surgery-4","general-surgery","甲状腺外科","metabolic","direction","5","3"
"general-surgery-5","general-surgery","乳腺外科","surgery","direction","5","3"
"general-surgery-6","general-surgery","疝与腹壁","surgery","route","5","3"
"general-surgery-7","general-surgery","围术期质量","surgery","route","5","3"
"general-surgery-8","general-surgery","外科营养","surgery","direction","5","3"
"general-surgery-9","general-surgery","外科影像","imaging","method","5","3"
"general-surgery-10","general-surgery","外科随访","surgery","direction","5","3"
"general-surgery-11","general-surgery","外科器械评价","surgery","direction","5","3"
"general-surgery-12","general-surgery","手术登记研究","surgery","direction","5","3"
"cardiac-surgery-1","cardiac-surgery","心脏外科结局","cardiac","direction","5","3"
"cardiac-surgery-2","cardiac-surgery","瓣膜疾病研究","surgery","route","5","3"
"cardiac-surgery-3","cardiac-surgery","主动脉疾病研究","surgery","route","5","3"
"cardiac-surgery-4","cardiac-surgery","先心病随访","surgery","route","5","3"
"cardiac-surgery-5","cardiac-surgery","胸部肿瘤研究","oncology","direction","5","3"
"cardiac-surgery-6","cardiac-surgery","围术期照护","nursing","direction","5","3"
"cardiac-surgery-7","cardiac-surgery","术后康复","rehab","direction","5","3"
"cardiac-surgery-8","cardiac-surgery","心胸影像","imaging","method","5","3"
"cardiac-surgery-9","cardiac-surgery","登记与质控","surgery","route","5","3"
"cardiac-surgery-10","cardiac-surgery","患者报告结局","measurement-scale","direction","5","3"
"cardiac-surgery-11","cardiac-surgery","器械评价","surgery","route","5","3"
"cardiac-surgery-12","cardiac-surgery","长期结局","surgery","route","5","3"
"neurosurgery-1","neurosurgery","神经肿瘤研究","neuro","direction","5","3"
"neurosurgery-2","neurosurgery","脑血管外科结局","neuro","direction","5","3"
"neurosurgery-3","neurosurgery","功能神经外科","neuro","direction","5","3"
"neurosurgery-4","neurosurgery","脊柱脊髓研究","orthopedic","direction","5","3"
"neurosurgery-5","neurosurgery","神经创伤结局","neuro","direction","5","3"
"neurosurgery-6","neurosurgery","神经外科影像","imaging","method","5","3"
"neurosurgery-7","neurosurgery","神经导航评价","neuro","direction","5","3"
"neurosurgery-8","neurosurgery","神经外科康复","neuro","direction","5","3"
"neurosurgery-9","neurosurgery","认知结局","psychology","direction","5","3"
"neurosurgery-10","neurosurgery","随访登记","neuro","route","5","3"
"neurosurgery-11","neurosurgery","器械与界面","neuro","route","5","3"
"neurosurgery-12","neurosurgery","患者报告结局","measurement-scale","direction","5","3"
"orthopedics-1","orthopedics","关节研究","orthopedic","host-discipline","5","3"
"orthopedics-2","orthopedics","脊柱研究","orthopedic","host-discipline","5","3"
"orthopedics-3","orthopedics","骨创伤结局","orthopedic","host-discipline","5","3"
"orthopedics-4","orthopedics","骨肿瘤研究","orthopedic","host-discipline","5","3"
"orthopedics-5","orthopedics","运动损伤","orthopedic","host-discipline","5","3"
"orthopedics-6","orthopedics","骨科生物力学","orthopedic","host-discipline","5","3"
"orthopedics-7","orthopedics","骨科影像","orthopedic","host-discipline","5","3"
"orthopedics-8","orthopedics","骨与软骨修复","orthopedic","host-discipline","5","3"
"orthopedics-9","orthopedics","步态分析","orthopedic","host-discipline","5","3"
"orthopedics-10","orthopedics","植入物评价","orthopedic","host-discipline","5","3"
"orthopedics-11","orthopedics","骨科康复","orthopedic","host-discipline","5","3"
"orthopedics-12","orthopedics","患者报告结局","orthopedic","host-discipline","5","3"
"urology-1","urology","泌尿肿瘤研究","urologic","host-discipline","5","3"
"urology-2","urology","排尿功能","urologic","host-discipline","5","3"
"urology-3","urology","结石结局","urologic","host-discipline","5","3"
"urology-4","urology","肾脏外科研究","urologic","host-discipline","5","3"
"urology-5","urology","男性健康","urologic","host-discipline","5","3"
"urology-6","urology","泌尿影像","urologic","host-discipline","5","3"
"urology-7","urology","盆底功能","urologic","host-discipline","5","3"
"urology-8","urology","泌尿器械评价","urologic","host-discipline","5","3"
"urology-9","urology","泌尿遗传","urologic","host-discipline","5","3"
"urology-10","urology","随访质量","urologic","host-discipline","5","3"
"urology-11","urology","患者报告结局","urologic","host-discipline","5","3"
"urology-12","urology","泌尿疾病登记","urologic","host-discipline","5","3"
"plastic-surgery-1","plastic-surgery","创面修复研究","skin","host-discipline","5","3"
"plastic-surgery-2","plastic-surgery","瘢痕评价","skin","host-discipline","5","3"
"plastic-surgery-3","plastic-surgery","组织修复结局","skin","host-discipline","5","3"
"plastic-surgery-4","plastic-surgery","修复材料评价","skin","host-discipline","5","3"
"plastic-surgery-5","plastic-surgery","功能重建结局","skin","host-discipline","5","3"
"plastic-surgery-6","plastic-surgery","患者体验","skin","host-discipline","5","3"
"plastic-surgery-7","plastic-surgery","三维形态记录","skin","host-discipline","5","3"
"plastic-surgery-8","plastic-surgery","外观评价量表","skin","host-discipline","5","3"
"plastic-surgery-9","plastic-surgery","手功能研究","skin","host-discipline","5","3"
"plastic-surgery-10","plastic-surgery","修复康复","skin","host-discipline","5","3"
"plastic-surgery-11","plastic-surgery","设计与人机界面","skin","host-discipline","5","3"
"plastic-surgery-12","plastic-surgery","长期质量随访","skin","host-discipline","5","3"
"obgyn-1","obgyn","生殖健康","life-course","direction","5","3"
"obgyn-2","obgyn","妊娠结局","life-course","route","5","3"
"obgyn-3","obgyn","围产研究","life-course","direction","5","3"
"obgyn-4","obgyn","妇科肿瘤","oncology","direction","5","3"
"obgyn-5","obgyn","盆底功能","urologic","direction","5","3"
"obgyn-6","obgyn","生殖内分泌","metabolic","direction","5","3"
"obgyn-7","obgyn","妇产影像","imaging","method","5","3"
"obgyn-8","obgyn","生命历程队列","life-course","route","5","3"
"obgyn-9","obgyn","孕产照护","life-course","direction","5","3"
"obgyn-10","obgyn","患者报告结局","measurement-scale","direction","5","3"
"obgyn-11","obgyn","妇女健康公平","life-course","direction","5","3"
"obgyn-12","obgyn","妇产质量评价","life-course","direction","5","3"
"pediatrics-1","pediatrics","儿童心血管","cardiac","direction","5","3"
"pediatrics-2","pediatrics","儿童呼吸","respiratory","direction","5","3"
"pediatrics-3","pediatrics","儿童神经","neuro","direction","5","3"
"pediatrics-4","pediatrics","儿童内分泌","metabolic","direction","5","3"
"pediatrics-5","pediatrics","儿童肾脏","renal","direction","5","3"
"pediatrics-6","pediatrics","儿童血液","hematology","direction","5","3"
"pediatrics-7","pediatrics","新生儿研究","life-course","route","5","3"
"pediatrics-8","pediatrics","儿童营养","life-course","direction","5","3"
"pediatrics-9","pediatrics","儿童发育","anatomy","direction","5","3"
"pediatrics-10","pediatrics","儿童遗传","genetic-association","direction","5","3"
"pediatrics-11","pediatrics","儿童影像","imaging","method","5","3"
"pediatrics-12","pediatrics","儿童长期随访","life-course","direction","5","3"
"ophthalmology-1","ophthalmology","视网膜研究","sensory","route","5","3"
"ophthalmology-2","ophthalmology","青光眼研究","sensory","direction","5","3"
"ophthalmology-3","ophthalmology","角膜研究","sensory","route","5","3"
"ophthalmology-4","ophthalmology","白内障结局","sensory","route","5","3"
"ophthalmology-5","ophthalmology","视觉功能","sensory","route","5","3"
"ophthalmology-6","ophthalmology","近视与屈光","sensory","route","5","3"
"ophthalmology-7","ophthalmology","眼科影像","imaging","method","5","3"
"ophthalmology-8","ophthalmology","眼科遗传","genetic-association","direction","5","3"
"ophthalmology-9","ophthalmology","眼表研究","sensory","direction","5","3"
"ophthalmology-10","ophthalmology","低视力康复","sensory","direction","5","3"
"ophthalmology-11","ophthalmology","视觉心理物理","psychology","direction","5","3"
"ophthalmology-12","ophthalmology","眼科器械评价","sensory","direction","5","3"
"ent-1","ent","听觉科学","medical-device","direction","5","3"
"ent-2","ent","前庭功能","medical-device","route","5","3"
"ent-3","ent","耳科影像","imaging","method","5","3"
"ent-4","ent","鼻部疾病研究","sensory","direction","5","3"
"ent-5","ent","嗅觉研究","medical-device","route","5","3"
"ent-6","ent","咽喉功能","sensory","direction","5","3"
"ent-7","ent","声音与言语","medical-device","route","5","3"
"ent-8","ent","头颈肿瘤","oncology","direction","5","3"
"ent-9","ent","睡眠与气道","respiratory","direction","5","3"
"ent-10","ent","听觉康复","medical-device","direction","5","3"
"ent-11","ent","听觉设备评价","medical-device","direction","5","3"
"ent-12","ent","患者报告结局","measurement-scale","direction","5","3"
"dermatology-1","dermatology","炎症性皮肤病","skin","host-discipline","5","3"
"dermatology-2","dermatology","皮肤免疫","skin","host-discipline","5","3"
"dermatology-3","dermatology","皮肤肿瘤","skin","host-discipline","5","3"
"dermatology-4","dermatology","皮肤影像","skin","host-discipline","5","3"
"dermatology-5","dermatology","皮肤遗传","skin","host-discipline","5","3"
"dermatology-6","dermatology","皮肤屏障","skin","host-discipline","5","3"
"dermatology-7","dermatology","毛发研究","skin","host-discipline","5","3"
"dermatology-8","dermatology","皮肤量表","skin","host-discipline","5","3"
"dermatology-9","dermatology","光与皮肤","skin","host-discipline","5","3"
"dermatology-10","dermatology","创面结局","skin","host-discipline","5","3"
"dermatology-11","dermatology","生活质量","skin","host-discipline","5","3"
"dermatology-12","dermatology","皮肤疾病队列","skin","host-discipline","5","3"
"oncology-1","oncology","肿瘤结局","oncology","direction","5","3"
"oncology-2","oncology","肿瘤遗传","genetic-association","direction","5","3"
"oncology-3","oncology","肿瘤影像","imaging","method","5","3"
"oncology-4","oncology","肿瘤微环境","oncology","direction","5","3"
"oncology-5","oncology","肿瘤代谢","metabolic","direction","5","3"
"oncology-6","oncology","肿瘤免疫","oncology","direction","5","3"
"oncology-7","oncology","肿瘤病理","imaging","method","5","3"
"oncology-8","oncology","生存质量","oncology","route","5","3"
"oncology-9","oncology","癌症登记","oncology","direction","5","3"
"oncology-10","oncology","肿瘤康复","oncology","direction","5","3"
"oncology-11","oncology","肿瘤资料整合","oncology","direction","5","3"
"oncology-12","oncology","长期随访","oncology","route","5","3"
"emergency-1","emergency","急诊流程","surgery","direction","5","3"
"emergency-2","emergency","分诊研究","surgery","route","5","3"
"emergency-3","emergency","急诊质量","surgery","direction","5","3"
"emergency-4","emergency","急诊影像","imaging","method","5","3"
"emergency-5","emergency","时间记录","surgery","route","5","3"
"emergency-6","emergency","急诊服务需求","surgery","direction","5","3"
"emergency-7","emergency","急诊信息系统","surgery","direction","5","3"
"emergency-8","emergency","急诊患者体验","surgery","direction","5","3"
"emergency-9","emergency","急诊队列","surgery","direction","5","3"
"emergency-10","emergency","院前院内衔接","surgery","route","5","3"
"emergency-11","emergency","急诊负荷","surgery","direction","5","3"
"emergency-12","emergency","突发需求管理","surgery","route","5","3"
"critical-care-1","critical-care","重症结局","surgery","direction","5","3"
"critical-care-2","critical-care","器官功能记录","surgery","route","5","3"
"critical-care-3","critical-care","重症监测资料","surgery","direction","5","3"
"critical-care-4","critical-care","重症影像","imaging","method","5","3"
"critical-care-5","critical-care","重症营养","surgery","direction","5","3"
"critical-care-6","critical-care","重症康复","surgery","direction","5","3"
"critical-care-7","critical-care","长期功能结局","surgery","route","5","3"
"critical-care-8","critical-care","重症照护","surgery","direction","5","3"
"critical-care-9","critical-care","重症信息系统","surgery","direction","5","3"
"critical-care-10","critical-care","重症队列","surgery","direction","5","3"
"critical-care-11","critical-care","患者与家属体验","surgery","route","5","3"
"critical-care-12","critical-care","资源与质量","surgery","route","5","3"
"anesthesiology-1","anesthesiology","围术期结局","surgery","route","5","3"
"anesthesiology-2","anesthesiology","疼痛量表","measurement-scale","direction","5","3"
"anesthesiology-3","anesthesiology","慢性疼痛","surgery","route","5","3"
"anesthesiology-4","anesthesiology","麻醉信息系统","surgery","direction","5","3"
"anesthesiology-5","anesthesiology","围术期认知","psychology","direction","5","3"
"anesthesiology-6","anesthesiology","围术期质量","surgery","route","5","3"
"anesthesiology-7","anesthesiology","围术期监测","surgery","route","5","3"
"anesthesiology-8","anesthesiology","疼痛康复","rehab","direction","5","3"
"anesthesiology-9","anesthesiology","患者体验","surgery","route","5","3"
"anesthesiology-10","anesthesiology","设备评价","medical-device","direction","5","3"
"anesthesiology-11","anesthesiology","麻醉服务研究","surgery","direction","5","3"
"anesthesiology-12","anesthesiology","围术期资料整合","surgery","route","5","3"
"radiology-1","radiology","磁共振影像","imaging","host-discipline","5","3"
"radiology-2","radiology","CT影像","imaging","host-discipline","5","3"
"radiology-3","radiology","神经影像","imaging","host-discipline","5","3"
"radiology-4","radiology","心血管影像","imaging","host-discipline","5","3"
"radiology-5","radiology","腹部影像","imaging","host-discipline","5","3"
"radiology-6","radiology","骨关节影像","imaging","host-discipline","5","3"
"radiology-7","radiology","儿童影像","imaging","host-discipline","5","3"
"radiology-8","radiology","肿瘤影像","imaging","host-discipline","5","3"
"radiology-9","radiology","影像组学","imaging","host-discipline","5","3"
"radiology-10","radiology","影像人工智能","imaging","host-discipline","5","3"
"radiology-11","radiology","影像一致性","imaging","host-discipline","5","3"
"radiology-12","radiology","成像质量评价","imaging","host-discipline","5","3"
"ultrasound-1","ultrasound","心脏超声","imaging","method","5","3"
"ultrasound-2","ultrasound","血管超声","imaging","method","5","3"
"ultrasound-3","ultrasound","腹部超声","imaging","method","5","3"
"ultrasound-4","ultrasound","肌骨超声","imaging","method","5","3"
"ultrasound-5","ultrasound","妇产超声","imaging","method","5","3"
"ultrasound-6","ultrasound","儿童超声","imaging","method","5","3"
"ultrasound-7","ultrasound","弹性成像","imaging","route","5","3"
"ultrasound-8","ultrasound","超声定量","imaging","method","5","3"
"ultrasound-9","ultrasound","超声图像分析","imaging","method","5","3"
"ultrasound-10","ultrasound","超声一致性","imaging","method","5","3"
"ultrasound-11","ultrasound","设备评价","medical-device","direction","5","3"
"ultrasound-12","ultrasound","超声质控","imaging","method","5","3"
"pathology-1","pathology","组织病理","imaging","host-discipline","5","3"
"pathology-2","pathology","细胞病理","imaging","host-discipline","5","3"
"pathology-3","pathology","数字病理","imaging","host-discipline","5","3"
"pathology-4","pathology","肿瘤病理","imaging","host-discipline","5","3"
"pathology-5","pathology","肾脏病理","imaging","host-discipline","5","3"
"pathology-6","pathology","神经病理","imaging","host-discipline","5","3"
"pathology-7","pathology","分子病理","imaging","host-discipline","5","3"
"pathology-8","pathology","病理图像分析","imaging","host-discipline","5","3"
"pathology-9","pathology","病理一致性","imaging","host-discipline","5","3"
"pathology-10","pathology","病理档案","imaging","host-discipline","5","3"
"pathology-11","pathology","病理质量","imaging","host-discipline","5","3"
"pathology-12","pathology","病理教学研究","education","method","5","3"
"lab-medicine-1","lab-medicine","临床生化","imaging","host-discipline","5","3"
"lab-medicine-2","lab-medicine","临床血液检验","imaging","host-discipline","5","3"
"lab-medicine-3","lab-medicine","临床免疫检验","imaging","host-discipline","5","3"
"lab-medicine-4","lab-medicine","分子诊断资料","imaging","host-discipline","5","3"
"lab-medicine-5","lab-medicine","检验质量管理","imaging","host-discipline","5","3"
"lab-medicine-6","lab-medicine","检验参考范围","imaging","host-discipline","5","3"
"lab-medicine-7","lab-medicine","检验信息系统","imaging","host-discipline","5","3"
"lab-medicine-8","lab-medicine","检测一致性","imaging","host-discipline","5","3"
"lab-medicine-9","lab-medicine","检验结果解释","imaging","host-discipline","5","3"
"lab-medicine-10","lab-medicine","检验资料标准化","imaging","host-discipline","5","3"
"lab-medicine-11","lab-medicine","检验服务评价","imaging","host-discipline","5","3"
"lab-medicine-12","lab-medicine","诊断准确性研究","imaging","host-discipline","5","3"
"nuclear-medicine-1","nuclear-medicine","分子影像","imaging","host-discipline","5","3"
"nuclear-medicine-2","nuclear-medicine","PET影像","imaging","host-discipline","5","3"
"nuclear-medicine-3","nuclear-medicine","SPECT影像","imaging","host-discipline","5","3"
"nuclear-medicine-4","nuclear-medicine","多模态影像","imaging","host-discipline","5","3"
"nuclear-medicine-5","nuclear-medicine","心脏核医学","imaging","host-discipline","5","3"
"nuclear-medicine-6","nuclear-medicine","肿瘤核医学","imaging","host-discipline","5","3"
"nuclear-medicine-7","nuclear-medicine","神经核医学","imaging","host-discipline","5","3"
"nuclear-medicine-8","nuclear-medicine","定量成像","imaging","host-discipline","5","3"
"nuclear-medicine-9","nuclear-medicine","图像重建","imaging","host-discipline","5","3"
"nuclear-medicine-10","nuclear-medicine","影像资料质控","imaging","host-discipline","5","3"
"nuclear-medicine-11","nuclear-medicine","成像一致性","imaging","host-discipline","5","3"
"nuclear-medicine-12","nuclear-medicine","设备与软件评价","imaging","host-discipline","5","3"
"rehabilitation-1","rehabilitation","神经康复","rehab","host-discipline","5","3"
"rehabilitation-2","rehabilitation","心肺康复","rehab","host-discipline","5","3"
"rehabilitation-3","rehabilitation","肌骨康复","rehab","host-discipline","5","3"
"rehabilitation-4","rehabilitation","运动功能","rehab","host-discipline","5","3"
"rehabilitation-5","rehabilitation","作业与生活功能","rehab","host-discipline","5","3"
"rehabilitation-6","rehabilitation","语言与吞咽研究","rehab","host-discipline","5","3"
"rehabilitation-7","rehabilitation","辅助技术","rehab","host-discipline","5","3"
"rehabilitation-8","rehabilitation","康复机器人","rehab","host-discipline","5","3"
"rehabilitation-9","rehabilitation","远程康复","rehab","host-discipline","5","3"
"rehabilitation-10","rehabilitation","康复量表","rehab","host-discipline","5","3"
"rehabilitation-11","rehabilitation","参与与生活质量","rehab","host-discipline","5","3"
"rehabilitation-12","rehabilitation","康复服务","rehab","host-discipline","5","3"
"oral-medicine-1","oral-medicine","口腔内科","oral","direction","5","3"
"oral-medicine-2","oral-medicine","牙周研究","oral-function","direction","5","3"
"oral-medicine-3","oral-medicine","口腔修复","oral-function","direction","5","3"
"oral-medicine-4","oral-medicine","口腔正畸","oral-function","direction","5","3"
"oral-medicine-5","oral-medicine","口腔颌面结局","oral","direction","5","3"
"oral-medicine-6","oral-medicine","儿童口腔","life-course","direction","5","3"
"oral-medicine-7","oral-medicine","口腔影像","imaging","method","5","3"
"oral-medicine-8","oral-medicine","口腔材料","oral","direction","5","3"
"oral-medicine-9","oral-medicine","口腔微生态","oral","direction","5","3"
"oral-medicine-10","oral-medicine","口腔公共卫生","oral","direction","5","3"
"oral-medicine-11","oral-medicine","数字口腔","oral","direction","5","3"
"oral-medicine-12","oral-medicine","口腔生活质量","measurement-scale","direction","5","3"
"traditional-medicine-1","traditional-medicine","中医基础文献","traditional","direction","5","3"
"traditional-medicine-2","traditional-medicine","中医临床结局","traditional","direction","5","3"
"traditional-medicine-3","traditional-medicine","中医内科研究","traditional","direction","5","3"
"traditional-medicine-4","traditional-medicine","中医妇儿研究","life-course","direction","5","3"
"traditional-medicine-5","traditional-medicine","中医老年健康","life-course","direction","5","3"
"traditional-medicine-6","traditional-medicine","中医康复","rehab","direction","5","3"
"traditional-medicine-7","traditional-medicine","针灸研究方法","traditional","direction","5","3"
"traditional-medicine-8","traditional-medicine","中药资料研究","pharma","direction","5","3"
"traditional-medicine-9","traditional-medicine","传统知识整理","traditional","route","5","3"
"traditional-medicine-10","traditional-medicine","中西医结合评价","traditional","route","5","3"
"traditional-medicine-11","traditional-medicine","中医健康服务","health-services","direction","5","3"
"traditional-medicine-12","traditional-medicine","中医证候一致性","traditional","direction","5","3"
"medical-genetics-1","medical-genetics","罕见病资料","genetic-association","route","5","3"
"medical-genetics-2","medical-genetics","心血管遗传","genetic-association","direction","5","3"
"medical-genetics-3","medical-genetics","神经遗传","genetic-association","direction","5","3"
"medical-genetics-4","medical-genetics","肿瘤遗传","genetic-association","direction","5","3"
"medical-genetics-5","medical-genetics","代谢遗传","genetic-association","direction","5","3"
"medical-genetics-6","medical-genetics","儿童遗传","genetic-association","direction","5","3"
"medical-genetics-7","medical-genetics","遗传变异解释","genetic-association","direction","5","3"
"medical-genetics-8","medical-genetics","家系资料整理","genetic-association","route","5","3"
"medical-genetics-9","medical-genetics","遗传资料质量","genetic-association","direction","5","3"
"medical-genetics-10","medical-genetics","群体遗传","genetic-association","direction","5","3"
"medical-genetics-11","medical-genetics","遗传与环境","genetic-association","direction","5","3"
"medical-genetics-12","medical-genetics","遗传咨询体验","genetic-association","direction","5","3"
"anatomy-physiology-1","anatomy-physiology","人体解剖","anatomy","host-discipline","5","3"
"anatomy-physiology-2","anatomy-physiology","组织与发育","anatomy","host-discipline","5","3"
"anatomy-physiology-3","anatomy-physiology","心血管生理","anatomy","host-discipline","5","3"
"anatomy-physiology-4","anatomy-physiology","呼吸生理","anatomy","host-discipline","5","3"
"anatomy-physiology-5","anatomy-physiology","神经生理","anatomy","host-discipline","5","3"
"anatomy-physiology-6","anatomy-physiology","内分泌生理","anatomy","host-discipline","5","3"
"anatomy-physiology-7","anatomy-physiology","肾脏生理","anatomy","host-discipline","5","3"
"anatomy-physiology-8","anatomy-physiology","消化生理","anatomy","host-discipline","5","3"
"anatomy-physiology-9","anatomy-physiology","运动生理","anatomy","host-discipline","5","3"
"anatomy-physiology-10","anatomy-physiology","系统生理","anatomy","host-discipline","5","3"
"anatomy-physiology-11","anatomy-physiology","生理测量","anatomy","host-discipline","5","3"
"anatomy-physiology-12","anatomy-physiology","医学教学研究","education","method","5","3"
"health-policy-1","health-policy","医疗服务政策","health-services","host-discipline","5","3"
"health-policy-2","health-policy","医疗质量","health-services","host-discipline","5","3"
"health-policy-3","health-policy","医院管理","health-services","host-discipline","5","3"
"health-policy-4","health-policy","基层健康服务","health-services","host-discipline","5","3"
"health-policy-5","health-policy","卫生人力","health-services","host-discipline","5","3"
"health-policy-6","health-policy","健康公平","health-services","host-discipline","5","3"
"health-policy-7","health-policy","数字健康治理","health-services","host-discipline","5","3"
"health-policy-8","health-policy","医疗保障","health-services","host-discipline","5","3"
"health-policy-9","health-policy","卫生服务评价","health-services","host-discipline","5","3"
"health-policy-10","health-policy","患者体验","health-services","host-discipline","5","3"
"health-policy-11","health-policy","照护整合","health-services","host-discipline","5","3"
"health-policy-12","health-policy","政策执行研究","health-services","host-discipline","5","3"
"medical-immunology-1","medical-immunology","免疫细胞资料","biomedical","direction","5","3"
"medical-immunology-2","medical-immunology","免疫与衰老","biomedical","direction","5","3"
"medical-immunology-3","medical-immunology","自身免疫资料","biomedical","direction","5","3"
"medical-immunology-4","medical-immunology","肿瘤免疫资料","oncology","direction","5","3"
"medical-immunology-5","medical-immunology","组织免疫","biomedical","direction","5","3"
"medical-immunology-6","medical-immunology","免疫代谢","metabolic","direction","5","3"
"medical-immunology-7","medical-immunology","免疫遗传","genetic-association","direction","5","3"
"medical-immunology-8","medical-immunology","免疫组学","biomedical","direction","5","3"
"medical-immunology-9","medical-immunology","免疫测量一致性","biomedical","direction","5","3"
"medical-immunology-10","medical-immunology","免疫相关队列","biomedical","direction","5","3"
"medical-immunology-11","medical-immunology","免疫资料整合","biomedical","direction","5","3"
"medical-immunology-12","medical-immunology","免疫教学研究","education","method","5","3"
"medical-microbiology-1","medical-microbiology","公开微生物组资料","biomedical","direction","5","3"
"medical-microbiology-2","medical-microbiology","微生物生态","biomedical","direction","5","3"
"medical-microbiology-3","medical-microbiology","宿主关联资料","biomedical","route","5","3"
"medical-microbiology-4","medical-microbiology","微生物组统计","biomedical","direction","5","3"
"medical-microbiology-5","medical-microbiology","微生物组质量","biomedical","direction","5","3"
"medical-microbiology-6","medical-microbiology","微生物组与营养","population","direction","5","3"
"medical-microbiology-7","medical-microbiology","微生物组与慢性病","biomedical","direction","5","3"
"medical-microbiology-8","medical-microbiology","数据库注释比较","biomedical","route","5","3"
"medical-microbiology-9","medical-microbiology","资料版本管理","biomedical","route","5","3"
"medical-microbiology-10","medical-microbiology","公开数据复现","biomedical","route","5","3"
"medical-microbiology-11","medical-microbiology","群落结构解释","biomedical","route","5","3"
"medical-microbiology-12","medical-microbiology","微生物学教学","education","method","5","3"
"medical-biochemistry-1","medical-biochemistry","代谢通路资料","metabolic","direction","5","3"
"medical-biochemistry-2","medical-biochemistry","蛋白质资料","biomedical","direction","5","3"
"medical-biochemistry-3","medical-biochemistry","分子测量一致性","biomedical","direction","5","3"
"medical-biochemistry-4","medical-biochemistry","代谢组资料","metabolic","direction","5","3"
"medical-biochemistry-5","medical-biochemistry","蛋白组资料","biomedical","direction","5","3"
"medical-biochemistry-6","medical-biochemistry","分子结构解释","biomedical","direction","5","3"
"medical-biochemistry-7","medical-biochemistry","分子与疾病关联","biomedical","direction","5","3"
"medical-biochemistry-8","medical-biochemistry","生化数据库","biomedical","route","5","3"
"medical-biochemistry-9","medical-biochemistry","生化影像资料","imaging","method","5","3"
"medical-biochemistry-10","medical-biochemistry","公开资料复现","biomedical","route","5","3"
"medical-biochemistry-11","medical-biochemistry","生化研究设计","biomedical","route","5","3"
"medical-biochemistry-12","medical-biochemistry","生化教学研究","education","method","5","3"
"epidemiology-1","epidemiology","慢性病流行病学","population","direction","5","3"
"epidemiology-2","epidemiology","心血管流行病学","cardiac","direction","5","3"
"epidemiology-3","epidemiology","肿瘤流行病学","oncology","direction","5","3"
"epidemiology-4","epidemiology","环境流行病学","population","direction","5","3"
"epidemiology-5","epidemiology","营养流行病学","population","direction","5","3"
"epidemiology-6","epidemiology","生命历程","population","route","5","3"
"epidemiology-7","epidemiology","遗传流行病学","genetic-association","direction","5","3"
"epidemiology-8","epidemiology","临床流行病学","population","direction","5","3"
"epidemiology-9","epidemiology","社会流行病学","population","direction","5","3"
"epidemiology-10","epidemiology","药物流行病学","population","direction","5","3"
"epidemiology-11","epidemiology","因果推断方法","statistics","direction","5","3"
"epidemiology-12","epidemiology","队列与登记","population","route","5","3"
"health-economics-1","health-economics","成本效果研究","health-services","host-discipline","5","3"
"health-economics-2","health-economics","卫生资源配置","health-services","host-discipline","5","3"
"health-economics-3","health-economics","健康效用","health-services","host-discipline","5","3"
"health-economics-4","health-economics","医疗支付","health-services","host-discipline","5","3"
"health-economics-5","health-economics","医疗保障评价","health-services","host-discipline","5","3"
"health-economics-6","health-economics","药物经济学","health-services","host-discipline","5","3"
"health-economics-7","health-economics","照护经济学","health-services","host-discipline","5","3"
"health-economics-8","health-economics","健康公平与经济","health-services","host-discipline","5","3"
"health-economics-9","health-economics","预算影响","health-services","host-discipline","5","3"
"health-economics-10","health-economics","卫生服务需求","health-services","host-discipline","5","3"
"health-economics-11","health-economics","长期经济结局","health-services","host-discipline","5","3"
"health-economics-12","health-economics","决策模型","health-services","host-discipline","5","3"
"clinical-pharmacology-1","clinical-pharmacology","药物结局研究","pharma","host-discipline","5","3"
"clinical-pharmacology-2","clinical-pharmacology","真实世界药物资料","pharma","host-discipline","5","3"
"clinical-pharmacology-3","clinical-pharmacology","药物安全资料","pharma","host-discipline","5","3"
"clinical-pharmacology-4","clinical-pharmacology","药物使用评价","pharma","host-discipline","5","3"
"clinical-pharmacology-5","clinical-pharmacology","临床药代动力学","pharma","host-discipline","5","3"
"clinical-pharmacology-6","clinical-pharmacology","药物基因组学","pharma","host-discipline","5","3"
"clinical-pharmacology-7","clinical-pharmacology","药物相互作用研究","pharma","host-discipline","5","3"
"clinical-pharmacology-8","clinical-pharmacology","特殊人群临床药理","pharma","host-discipline","5","3"
"clinical-pharmacology-9","clinical-pharmacology","药物经济评价","pharma","host-discipline","5","3"
"clinical-pharmacology-10","clinical-pharmacology","患者用药体验","pharma","host-discipline","5","3"
"clinical-pharmacology-11","clinical-pharmacology","临床药理研究设计","pharma","host-discipline","5","3"
"clinical-pharmacology-12","clinical-pharmacology","药物资料质控","pharma","host-discipline","5","3"
"forensic-medicine-1","forensic-medicine","法医病理资料","forensic","host-discipline","5","3"
"forensic-medicine-2","forensic-medicine","法医临床资料","forensic","host-discipline","5","3"
"forensic-medicine-3","forensic-medicine","法医毒理资料","forensic","host-discipline","5","3"
"forensic-medicine-4","forensic-medicine","法医遗传资料","forensic","host-discipline","5","3"
"forensic-medicine-5","forensic-medicine","法医物证资料","forensic","host-discipline","5","3"
"forensic-medicine-6","forensic-medicine","法医精神资料","forensic","host-discipline","5","3"
"forensic-medicine-7","forensic-medicine","证据来源核对","forensic","host-discipline","5","3"
"forensic-medicine-8","forensic-medicine","鉴定意见表达","forensic","host-discipline","5","3"
"forensic-medicine-9","forensic-medicine","法医记录质量","forensic","host-discipline","5","3"
"forensic-medicine-10","forensic-medicine","法医统计评价","forensic","host-discipline","5","3"
"forensic-medicine-11","forensic-medicine","法医学教育","education","method","5","3"
"forensic-medicine-12","forensic-medicine","法医伦理研究","forensic","host-discipline","5","3"
"chinese-materia-medica-1","chinese-materia-medica","本草文献","traditional","host-discipline","5","3"
"chinese-materia-medica-2","chinese-materia-medica","中药资源资料","traditional","host-discipline","5","3"
"chinese-materia-medica-3","chinese-materia-medica","生药鉴别资料","traditional","host-discipline","5","3"
"chinese-materia-medica-4","chinese-materia-medica","中药化学资料","traditional","host-discipline","5","3"
"chinese-materia-medica-5","chinese-materia-medica","中药分析资料","traditional","host-discipline","5","3"
"chinese-materia-medica-6","chinese-materia-medica","中药药理资料","traditional","host-discipline","5","3"
"chinese-materia-medica-7","chinese-materia-medica","中药制剂资料","traditional","host-discipline","5","3"
"chinese-materia-medica-8","chinese-materia-medica","中药质量评价","traditional","host-discipline","5","3"
"chinese-materia-medica-9","chinese-materia-medica","中药使用结局","traditional","host-discipline","5","3"
"chinese-materia-medica-10","chinese-materia-medica","药材来源研究","traditional","host-discipline","5","3"
"chinese-materia-medica-11","chinese-materia-medica","中药标准史","traditional","host-discipline","5","3"
"chinese-materia-medica-12","chinese-materia-medica","中药资料复现","traditional","host-discipline","5","3"
"integrated-medicine-1","integrated-medicine","中西医结合理论","traditional","host-discipline","5","3"
"integrated-medicine-2","integrated-medicine","结合医学设计","traditional","host-discipline","5","3"
"integrated-medicine-3","integrated-medicine","结合医学临床结局","traditional","host-discipline","5","3"
"integrated-medicine-4","integrated-medicine","证候一致性","traditional","host-discipline","5","3"
"integrated-medicine-5","integrated-medicine","多种照护记录","traditional","host-discipline","5","3"
"integrated-medicine-6","integrated-medicine","患者报告结局","traditional","host-discipline","5","3"
"integrated-medicine-7","integrated-medicine","康复与生活质量","traditional","host-discipline","5","3"
"integrated-medicine-8","integrated-medicine","研究指标对应","traditional","host-discipline","5","3"
"integrated-medicine-9","integrated-medicine","结合医学文献","traditional","host-discipline","5","3"
"integrated-medicine-10","integrated-medicine","解释边界研究","traditional","host-discipline","5","3"
"integrated-medicine-11","integrated-medicine","长期随访质量","traditional","host-discipline","5","3"
"integrated-medicine-12","integrated-medicine","结合医学教学","education","method","5","3"
"special-medicine-1","special-medicine","航空航天健康资料","population","host-discipline","5","3"
"special-medicine-2","special-medicine","环境适应资料","population","host-discipline","5","3"
"special-medicine-3","special-medicine","航海健康资料","population","host-discipline","5","3"
"special-medicine-4","special-medicine","高原健康资料","population","host-discipline","5","3"
"special-medicine-5","special-medicine","运动环境与健康","population","host-discipline","5","3"
"special-medicine-6","special-medicine","极端环境体验","population","host-discipline","5","3"
"special-medicine-7","special-medicine","放射健康资料","population","host-discipline","5","3"
"special-medicine-8","special-medicine","职业健康记录","population","host-discipline","5","3"
"special-medicine-9","special-medicine","环境测量质量","population","host-discipline","5","3"
"special-medicine-10","special-medicine","特种环境随访","population","host-discipline","5","3"
"special-medicine-11","special-medicine","健康服务评价","population","host-discipline","5","3"
"special-medicine-12","special-medicine","特种医学史","population","host-discipline","5","3"
"medical-technology-1","medical-technology","医学影像技术","imaging","method","5","3"
"medical-technology-2","medical-technology","医学检验技术","imaging","method","5","3"
"medical-technology-3","medical-technology","康复治疗技术","rehab","direction","5","3"
"medical-technology-4","medical-technology","听觉与言语技术","medical-device","direction","5","3"
"medical-technology-5","medical-technology","眼视光技术","sensory","direction","5","3"
"medical-technology-6","medical-technology","口腔技术资料","oral","direction","5","3"
"medical-technology-7","medical-technology","病理技术资料","imaging","method","5","3"
"medical-technology-8","medical-technology","辅助器具评价","rehab","direction","5","3"
"medical-technology-9","medical-technology","医学技术质控","medical-device","direction","5","3"
"medical-technology-10","medical-technology","技术使用反馈","medical-device","route","5","3"
"medical-technology-11","medical-technology","技术教育研究","education","method","5","3"
"medical-technology-12","medical-technology","设备与软件版本","medical-device","direction","5","3"
"metaphysics-1","metaphysics","存在论","ontology","direction","5","3"
"metaphysics-2","metaphysics","模态问题","ontology","direction","5","3"
"metaphysics-3","metaphysics","时间哲学","ontology","direction","5","3"
"metaphysics-4","metaphysics","因果概念","ontology","route","5","3"
"metaphysics-5","metaphysics","对象同一性","ontology","direction","5","3"
"metaphysics-6","metaphysics","属性理论","ontology","direction","5","3"
"metaphysics-7","metaphysics","可能世界","ontology","direction","5","3"
"metaphysics-8","metaphysics","身心问题","mind","direction","5","3"
"metaphysics-9","metaphysics","社会本体论","ontology","direction","5","3"
"metaphysics-10","metaphysics","过程哲学","ontology","direction","5","3"
"metaphysics-11","metaphysics","分析形而上学","ontology","direction","5","3"
"metaphysics-12","metaphysics","传统形而上学","ontology","direction","5","3"
"epistemology-1","epistemology","知识分析","epistemic","direction","5","3"
"epistemology-2","epistemology","怀疑论","epistemic","direction","5","3"
"epistemology-3","epistemology","证成理论","epistemic","direction","5","3"
"epistemology-4","epistemology","社会认识论","epistemic","direction","5","3"
"epistemology-5","epistemology","科学解释","epistemic","direction","5","3"
"epistemology-6","epistemology","科学实在论","epistemic","route","5","3"
"epistemology-7","epistemology","归纳问题","epistemic","route","5","3"
"epistemology-8","epistemology","模型与理想化","epistemic","route","5","3"
"epistemology-9","epistemology","测量哲学","epistemic","route","5","3"
"epistemology-10","epistemology","专家知识","epistemic","direction","5","3"
"epistemology-11","epistemology","证言研究","epistemic","direction","5","3"
"epistemology-12","epistemology","技术知识","epistemic","direction","5","3"
"logic-studies-1","logic-studies","数理逻辑","logic","direction","5","3"
"logic-studies-2","logic-studies","哲学逻辑","logic","direction","5","3"
"logic-studies-3","logic-studies","模态逻辑","ontology","direction","5","3"
"logic-studies-4","logic-studies","非经典逻辑","logic","direction","5","3"
"logic-studies-5","logic-studies","论证理论","logic","route","5","3"
"logic-studies-6","logic-studies","逻辑史","logic","direction","5","3"
"logic-studies-7","logic-studies","语义理论","logic","direction","5","3"
"logic-studies-8","logic-studies","证明理论","logic","route","5","3"
"logic-studies-9","logic-studies","模型论","logic","direction","5","3"
"logic-studies-10","logic-studies","计算逻辑","logic","direction","5","3"
"logic-studies-11","logic-studies","规范逻辑","logic","direction","5","3"
"logic-studies-12","logic-studies","逻辑教育","education","method","5","3"
"ethics-studies-1","ethics-studies","规范伦理","ethics","direction","5","3"
"ethics-studies-2","ethics-studies","元伦理","ethics","direction","5","3"
"ethics-studies-3","ethics-studies","应用伦理","ethics","direction","5","3"
"ethics-studies-4","ethics-studies","生命伦理","ethics","direction","5","3"
"ethics-studies-5","ethics-studies","技术伦理","ethics","direction","5","3"
"ethics-studies-6","ethics-studies","环境伦理","ethics","direction","5","3"
"ethics-studies-7","ethics-studies","职业伦理","ethics","direction","5","3"
"ethics-studies-8","ethics-studies","公共伦理","ethics","direction","5","3"
"ethics-studies-9","ethics-studies","道德心理哲学","ethics","direction","5","3"
"ethics-studies-10","ethics-studies","伦理思想史","ethics","direction","5","3"
"ethics-studies-11","ethics-studies","价值冲突","ethics","direction","5","3"
"ethics-studies-12","ethics-studies","责任与行动","ethics","direction","5","3"
"religion-studies-1","religion-studies","宗教史","religion","direction","5","3"
"religion-studies-2","religion-studies","宗教哲学","religion","direction","5","3"
"religion-studies-3","religion-studies","宗教社会学","religion","direction","5","3"
"religion-studies-4","religion-studies","宗教人类学","religion","direction","5","3"
"religion-studies-5","religion-studies","宗教文本","religion","direction","5","3"
"religion-studies-6","religion-studies","宗教艺术","religion","direction","5","3"
"religion-studies-7","religion-studies","仪式研究","religion","route","5","3"
"religion-studies-8","religion-studies","比较宗教","religion","direction","5","3"
"religion-studies-9","religion-studies","宗教与现代性","religion","direction","5","3"
"religion-studies-10","religion-studies","宗教与地方社会","religion","direction","5","3"
"religion-studies-11","religion-studies","宗教与伦理","religion","direction","5","3"
"religion-studies-12","religion-studies","宗教数字资料","religion","direction","5","3"
"economic-theory-1","economic-theory","微观理论","game-theory","direction","5","3"
"economic-theory-2","economic-theory","宏观理论","macro","direction","5","3"
"economic-theory-3","economic-theory","博弈论","game-theory","direction","5","3"
"economic-theory-4","economic-theory","信息经济","game-theory","direction","5","3"
"economic-theory-5","economic-theory","行为经济","economics","direction","5","3"
"economic-theory-6","economic-theory","实验经济","economics","direction","5","3"
"economic-theory-7","economic-theory","制度经济","economics","direction","5","3"
"economic-theory-8","economic-theory","政治经济","economics","direction","5","3"
"economic-theory-9","economic-theory","经济思想史","economics","direction","5","3"
"economic-theory-10","economic-theory","不确定性决策","economics","route","5","3"
"economic-theory-11","economic-theory","匹配与市场设计","optimization","direction","5","3"
"economic-theory-12","economic-theory","经济网络","game-theory","direction","5","3"
"development-econ-1","development-econ","发展经济","macro","direction","5","3"
"development-econ-2","development-econ","劳动市场","labor","direction","5","3"
"development-econ-3","development-econ","教育经济","education","method","5","3"
"development-econ-4","development-econ","人口经济","economics","direction","5","3"
"development-econ-5","development-econ","城乡发展","economics","direction","5","3"
"development-econ-6","development-econ","迁移与收入","labor","direction","5","3"
"development-econ-7","development-econ","贫困与不平等","labor","route","5","3"
"development-econ-8","development-econ","家庭经济","economics","direction","5","3"
"development-econ-9","development-econ","健康与劳动","labor","direction","5","3"
"development-econ-10","development-econ","职业流动","labor","direction","5","3"
"development-econ-11","development-econ","区域发展","economics","direction","5","3"
"development-econ-12","development-econ","政策评价","labor","route","5","3"
"finance-studies-1","finance-studies","资产定价","asset-pricing","direction","5","3"
"finance-studies-2","finance-studies","公司金融","finance","direction","5","3"
"finance-studies-3","finance-studies","金融市场","economics","direction","5","3"
"finance-studies-4","finance-studies","银行研究","finance","direction","5","3"
"finance-studies-5","finance-studies","保险经济","economics","direction","5","3"
"finance-studies-6","finance-studies","风险度量","asset-pricing","direction","5","3"
"finance-studies-7","finance-studies","金融计量","asset-pricing","direction","5","3"
"finance-studies-8","finance-studies","行为金融","finance","direction","5","3"
"finance-studies-9","finance-studies","金融科技","finance","direction","5","3"
"finance-studies-10","finance-studies","国际金融","finance","direction","5","3"
"finance-studies-11","finance-studies","家庭金融","economics","direction","5","3"
"finance-studies-12","finance-studies","金融史","finance","direction","5","3"
"trade-econ-1","trade-econ","国际贸易","economics","direction","5","3"
"trade-econ-2","trade-econ","国际投资","finance","direction","5","3"
"trade-econ-3","trade-econ","产业组织","economics","direction","5","3"
"trade-econ-4","trade-econ","企业生产率","economics","route","5","3"
"trade-econ-5","trade-econ","全球价值链","economics","route","5","3"
"trade-econ-6","trade-econ","数字贸易","economics","direction","5","3"
"trade-econ-7","trade-econ","服务贸易","economics","direction","5","3"
"trade-econ-8","trade-econ","竞争与监管","economics","route","5","3"
"trade-econ-9","trade-econ","技术创新","economics","route","5","3"
"trade-econ-10","trade-econ","产业转型","economics","direction","5","3"
"trade-econ-11","trade-econ","贸易史","economics","direction","5","3"
"trade-econ-12","trade-econ","开放与就业","labor","direction","5","3"
"resource-econ-1","resource-econ","财政与税收","economics","direction","5","3"
"resource-econ-2","resource-econ","公共支出","economics","direction","5","3"
"resource-econ-3","resource-econ","环境经济","economics","direction","5","3"
"resource-econ-4","resource-econ","资源经济","economics","direction","5","3"
"resource-econ-5","resource-econ","能源经济","economics","direction","5","3"
"resource-econ-6","resource-econ","农业经济","economics","direction","5","3"
"resource-econ-7","resource-econ","城市经济","economics","direction","5","3"
"resource-econ-8","resource-econ","交通经济","economics","direction","5","3"
"resource-econ-9","resource-econ","气候政策评价","economics","route","5","3"
"resource-econ-10","resource-econ","公共服务需求","economics","direction","5","3"
"resource-econ-11","resource-econ","外部性研究","economics","route","5","3"
"resource-econ-12","resource-econ","公共选择","economics","direction","5","3"
"civil-law-1","civil-law","民法总论","law","direction","5","3"
"civil-law-2","civil-law","合同法","law","direction","5","3"
"civil-law-3","civil-law","物权法","law","direction","5","3"
"civil-law-4","civil-law","侵权责任","law","route","5","3"
"civil-law-5","civil-law","公司法","law","direction","5","3"
"civil-law-6","civil-law","证券法研究","law","direction","5","3"
"civil-law-7","civil-law","破产法","law","direction","5","3"
"civil-law-8","civil-law","保险法研究","law","direction","5","3"
"civil-law-9","civil-law","知识产权","law","route","5","3"
"civil-law-10","civil-law","家庭与继承","law","route","5","3"
"civil-law-11","civil-law","消费者保护","law","route","5","3"
"civil-law-12","civil-law","数字交易法","law","direction","5","3"
"criminal-law-1","criminal-law","刑法理论","law","direction","5","3"
"criminal-law-2","criminal-law","刑法史","law","direction","5","3"
"criminal-law-3","criminal-law","刑事政策","policy","direction","5","3"
"criminal-law-4","criminal-law","刑事诉讼","law","direction","5","3"
"criminal-law-5","criminal-law","证据研究","law","direction","5","3"
"criminal-law-6","criminal-law","犯罪学","law","route","5","3"
"criminal-law-7","criminal-law","少年司法","law","direction","5","3"
"criminal-law-8","criminal-law","刑罚理论","law","direction","5","3"
"criminal-law-9","criminal-law","司法案例","law","direction","5","3"
"criminal-law-10","criminal-law","比较刑法","law","direction","5","3"
"criminal-law-11","criminal-law","刑事司法治理","policy","direction","5","3"
"criminal-law-12","criminal-law","刑事法教育","education","method","5","3"
"constitutional-law-1","constitutional-law","宪法理论","law","direction","5","3"
"constitutional-law-2","constitutional-law","基本权利","law","direction","5","3"
"constitutional-law-3","constitutional-law","行政法理论","policy","direction","5","3"
"constitutional-law-4","constitutional-law","行政程序","policy","direction","5","3"
"constitutional-law-5","constitutional-law","行政诉讼","policy","direction","5","3"
"constitutional-law-6","constitutional-law","公共机构治理","policy","direction","5","3"
"constitutional-law-7","constitutional-law","地方制度","policy","route","5","3"
"constitutional-law-8","constitutional-law","比较宪法","law","direction","5","3"
"constitutional-law-9","constitutional-law","法治评价","law","direction","5","3"
"constitutional-law-10","constitutional-law","信息公开研究","policy","route","5","3"
"constitutional-law-11","constitutional-law","公共服务法","policy","direction","5","3"
"constitutional-law-12","constitutional-law","数字行政","policy","direction","5","3"
"international-law-1","international-law","国际公法","law","direction","5","3"
"international-law-2","international-law","国际私法","law","direction","5","3"
"international-law-3","international-law","国际经济法","law","direction","5","3"
"international-law-4","international-law","国际组织法","law","direction","5","3"
"international-law-5","international-law","国际环境法","law","direction","5","3"
"international-law-6","international-law","国际争端研究","law","route","5","3"
"international-law-7","international-law","比较民法","law","direction","5","3"
"international-law-8","international-law","比较公法","law","direction","5","3"
"international-law-9","international-law","跨境法律关系","law","direction","5","3"
"international-law-10","international-law","区域法律制度","law","direction","5","3"
"international-law-11","international-law","国际法史","law","direction","5","3"
"international-law-12","international-law","法律翻译","law","direction","5","3"
"law-society-1","law-society","法律经验研究","law","direction","5","3"
"law-society-2","law-society","司法社会学","law","direction","5","3"
"law-society-3","law-society","法律职业","law","direction","5","3"
"law-society-4","law-society","法律意识","law","direction","5","3"
"law-society-5","law-society","法制史","law","direction","5","3"
"law-society-6","law-society","法哲学","law","direction","5","3"
"law-society-7","law-society","法律解释","law","direction","5","3"
"law-society-8","law-society","法律与技术","law","direction","5","3"
"law-society-9","law-society","纠纷解决","law","route","5","3"
"law-society-10","law-society","法律服务","law","direction","5","3"
"law-society-11","law-society","法学文献方法","law","direction","5","3"
"law-society-12","law-society","法律教育","education","method","5","3"
"education-theory-1","education-theory","教育哲学","education","method","5","3"
"education-theory-2","education-theory","教育社会学","education","method","5","3"
"education-theory-3","education-theory","教育史","education","direction","5","3"
"education-theory-4","education-theory","比较教育","education","method","5","3"
"education-theory-5","education-theory","教育制度","education","method","5","3"
"education-theory-6","education-theory","教育公平","education","method","5","3"
"education-theory-7","education-theory","教育伦理","education","method","5","3"
"education-theory-8","education-theory","家庭教育","education","method","5","3"
"education-theory-9","education-theory","学校文化","education","direction","5","3"
"education-theory-10","education-theory","教育思想史","education","method","5","3"
"education-theory-11","education-theory","教育政策史","education","method","5","3"
"education-theory-12","education-theory","教育知识论","education","method","5","3"
"curriculum-studies-1","curriculum-studies","课程理论","education","method","5","3"
"curriculum-studies-2","curriculum-studies","教学设计","education","method","5","3"
"curriculum-studies-3","curriculum-studies","课堂研究","education","route","5","3"
"curriculum-studies-4","curriculum-studies","学科教学","education","method","5","3"
"curriculum-studies-5","curriculum-studies","教材分析","education","route","5","3"
"curriculum-studies-6","curriculum-studies","教师反馈","education","direction","5","3"
"curriculum-studies-7","curriculum-studies","学习评价","education","direction","5","3"
"curriculum-studies-8","curriculum-studies","项目学习","education","direction","5","3"
"curriculum-studies-9","curriculum-studies","探究教学","education","method","5","3"
"curriculum-studies-10","curriculum-studies","跨学科课程","education","method","5","3"
"curriculum-studies-11","curriculum-studies","课程实施","education","method","5","3"
"curriculum-studies-12","curriculum-studies","教学反思","education","method","5","3"
"early-education-1","early-education","儿童发展","education","route","5","3"
"early-education-2","early-education","游戏与学习","education","direction","5","3"
"early-education-3","early-education","幼儿园课程","education","method","5","3"
"early-education-4","early-education","家庭协作","education","route","5","3"
"early-education-5","early-education","融合教育","education","method","5","3"
"early-education-6","early-education","特殊教育评价","education","method","5","3"
"early-education-7","early-education","语言发展教育","education","method","5","3"
"early-education-8","early-education","感知与运动支持","sport","direction","5","3"
"early-education-9","early-education","支持技术","education","route","5","3"
"early-education-10","early-education","教育参与","education","method","5","3"
"early-education-11","early-education","早期教育环境","education","method","5","3"
"early-education-12","early-education","教育服务","education","method","5","3"
"higher-education-1","higher-education","大学治理","education","route","5","3"
"higher-education-2","higher-education","研究生教育","education","method","5","3"
"higher-education-3","higher-education","高等教育评价","education","method","5","3"
"higher-education-4","higher-education","职业教育","education","method","5","3"
"higher-education-5","higher-education","专业与课程","education","method","5","3"
"higher-education-6","higher-education","大学生发展","education","route","5","3"
"higher-education-7","higher-education","学术职业","education","route","5","3"
"higher-education-8","higher-education","产教合作","education","route","5","3"
"higher-education-9","higher-education","继续教育","education","method","5","3"
"higher-education-10","higher-education","教育与就业","education","method","5","3"
"higher-education-11","higher-education","国际教育","education","method","5","3"
"higher-education-12","higher-education","校园支持","education","route","5","3"
"education-technology-1","education-technology","学习分析","education","direction","5","3"
"education-technology-2","education-technology","数字学习环境","education","direction","5","3"
"education-technology-3","education-technology","在线协作","education","route","5","3"
"education-technology-4","education-technology","教学媒体","education","method","5","3"
"education-technology-5","education-technology","教育游戏","education","method","5","3"
"education-technology-6","education-technology","智能辅导评价","education","route","5","3"
"education-technology-7","education-technology","资源设计","education","route","5","3"
"education-technology-8","education-technology","教师数字实践","education","direction","5","3"
"education-technology-9","education-technology","学习可及性","education","direction","5","3"
"education-technology-10","education-technology","教育技术伦理","education","method","5","3"
"education-technology-11","education-technology","沉浸学习","education","direction","5","3"
"education-technology-12","education-technology","技术整合","education","route","5","3"
"chinese-language-1","chinese-language","古代文学","literature","direction","5","3"
"chinese-language-2","chinese-language","现代文学","literature","direction","5","3"
"chinese-language-3","chinese-language","当代文学","literature","direction","5","3"
"chinese-language-4","chinese-language","文艺理论","literature","direction","5","3"
"chinese-language-5","chinese-language","汉语语法","language","direction","5","3"
"chinese-language-6","chinese-language","汉语词汇","language","direction","5","3"
"chinese-language-7","chinese-language","汉语方言","language","route","5","3"
"chinese-language-8","chinese-language","古典文献","language","route","5","3"
"chinese-language-9","chinese-language","文学批评","literature","direction","5","3"
"chinese-language-10","chinese-language","文学与媒介","literature","direction","5","3"
"chinese-language-11","chinese-language","地域文学","literature","direction","5","3"
"chinese-language-12","chinese-language","文学教育","education","method","5","3"
"foreign-literatures-1","foreign-literatures","英语文学","literature","direction","5","3"
"foreign-literatures-2","foreign-literatures","法语文学","literature","direction","5","3"
"foreign-literatures-3","foreign-literatures","德语文学","literature","direction","5","3"
"foreign-literatures-4","foreign-literatures","俄语文学","literature","direction","5","3"
"foreign-literatures-5","foreign-literatures","日本文学","literature","direction","5","3"
"foreign-literatures-6","foreign-literatures","韩国文学","literature","direction","5","3"
"foreign-literatures-7","foreign-literatures","跨文化比较","literature","direction","5","3"
"foreign-literatures-8","foreign-literatures","世界文学","literature","direction","5","3"
"foreign-literatures-9","foreign-literatures","文学翻译","translation","direction","5","3"
"foreign-literatures-10","foreign-literatures","后殖民研究","literature","route","5","3"
"foreign-literatures-11","foreign-literatures","文学与迁移","literature","direction","5","3"
"foreign-literatures-12","foreign-literatures","比较诗学","literature","direction","5","3"
"linguistics-studies-1","linguistics-studies","语音学","language","direction","5","3"
"linguistics-studies-2","linguistics-studies","音系学","language","route","5","3"
"linguistics-studies-3","linguistics-studies","句法学","language","route","5","3"
"linguistics-studies-4","linguistics-studies","语义学","language","direction","5","3"
"linguistics-studies-5","linguistics-studies","语用学","language","direction","5","3"
"linguistics-studies-6","linguistics-studies","社会语言学","language","direction","5","3"
"linguistics-studies-7","linguistics-studies","心理语言学","language","direction","5","3"
"linguistics-studies-8","linguistics-studies","语料库语言学","language","direction","5","3"
"linguistics-studies-9","linguistics-studies","语言接触","language","direction","5","3"
"linguistics-studies-10","linguistics-studies","语言习得","language-learning","direction","5","3"
"linguistics-studies-11","linguistics-studies","语言政策","language","direction","5","3"
"linguistics-studies-12","linguistics-studies","语言技术评价","language","direction","5","3"
"translation-studies-1","translation-studies","翻译理论","translation","direction","5","3"
"translation-studies-2","translation-studies","翻译史","translation","direction","5","3"
"translation-studies-3","translation-studies","文学翻译","translation","direction","5","3"
"translation-studies-4","translation-studies","口译研究","translation","route","5","3"
"translation-studies-5","translation-studies","专业翻译","translation","direction","5","3"
"translation-studies-6","translation-studies","视听翻译","translation","direction","5","3"
"translation-studies-7","translation-studies","机器翻译评价","translation","direction","5","3"
"translation-studies-8","translation-studies","翻译技术","translation","direction","5","3"
"translation-studies-9","translation-studies","译者研究","translation","route","5","3"
"translation-studies-10","translation-studies","翻译教育","education","method","5","3"
"translation-studies-11","translation-studies","跨文化交流","translation","route","5","3"
"translation-studies-12","translation-studies","翻译伦理","translation","direction","5","3"
"media-studies-1","media-studies","新闻史","media","direction","5","3"
"media-studies-2","media-studies","新闻生产","media","direction","5","3"
"media-studies-3","media-studies","传播理论","media","direction","5","3"
"media-studies-4","media-studies","受众研究","media","route","5","3"
"media-studies-5","media-studies","平台传播","media","direction","5","3"
"media-studies-6","media-studies","视觉传播","media","direction","5","3"
"media-studies-7","media-studies","健康传播","media","direction","5","3"
"media-studies-8","media-studies","科学传播","media","direction","5","3"
"media-studies-9","media-studies","公共传播","media","direction","5","3"
"media-studies-10","media-studies","媒介伦理","media","direction","5","3"
"media-studies-11","media-studies","数字新闻","media","direction","5","3"
"media-studies-12","media-studies","媒介档案","media","direction","5","3"
"chinese-history-1","chinese-history","中国古代史","history","family","5","3"
"chinese-history-2","chinese-history","中国近现代史","history","family","5","3"
"chinese-history-3","chinese-history","制度史","history","family","5","3"
"chinese-history-4","chinese-history","经济史","history","family","5","3"
"chinese-history-5","chinese-history","社会史","history","family","5","3"
"chinese-history-6","chinese-history","文化史","history","family","5","3"
"chinese-history-7","chinese-history","思想史","history","family","5","3"
"chinese-history-8","chinese-history","地方史","history","family","5","3"
"chinese-history-9","chinese-history","人口史","history","family","5","3"
"chinese-history-10","chinese-history","交通与交流史","history","family","5","3"
"chinese-history-11","chinese-history","中国史学史","history","family","5","3"
"chinese-history-12","chinese-history","中国历史地理","historical-geography","direction","5","3"
"world-history-1","world-history","古代世界史","history","family","5","3"
"world-history-2","world-history","中世纪史","history","family","5","3"
"world-history-3","world-history","世界近代史","history","family","5","3"
"world-history-4","world-history","世界现代史","history","family","5","3"
"world-history-5","world-history","区域史","history","family","5","3"
"world-history-6","world-history","全球史","history","family","5","3"
"world-history-7","world-history","国际关系史","history","family","5","3"
"world-history-8","world-history","殖民与帝国史","history","family","5","3"
"world-history-9","world-history","跨国史","history","family","5","3"
"world-history-10","world-history","世界经济史","history","family","5","3"
"world-history-11","world-history","环境史","history","family","5","3"
"world-history-12","world-history","世界史学史","history","family","5","3"
"historical-documents-1","historical-documents","版本学","history","family","5","3"
"historical-documents-2","historical-documents","目录学","history","family","5","3"
"historical-documents-3","historical-documents","校勘学","history","family","5","3"
"historical-documents-4","historical-documents","文献整理","history","family","5","3"
"historical-documents-5","historical-documents","手稿研究","history","family","5","3"
"historical-documents-6","historical-documents","碑刻文献","history","family","5","3"
"historical-documents-7","historical-documents","简牍文献","history","family","5","3"
"historical-documents-8","historical-documents","地方志","history","family","5","3"
"historical-documents-9","historical-documents","历史地图","historical-geography","direction","5","3"
"historical-documents-10","historical-documents","古籍数字化","history","family","5","3"
"historical-documents-11","historical-documents","文本传承","history","family","5","3"
"historical-documents-12","historical-documents","文献收藏史","history","family","5","3"
"heritage-studies-1","heritage-studies","聚落考古","archaeology","direction","5","3"
"heritage-studies-2","heritage-studies","城市考古","archaeology","direction","5","3"
"heritage-studies-3","heritage-studies","墓葬资料","heritage","route","5","3"
"heritage-studies-4","heritage-studies","陶瓷考古","archaeology","direction","5","3"
"heritage-studies-5","heritage-studies","建筑考古","archaeology","direction","5","3"
"heritage-studies-6","heritage-studies","水下考古资料","archaeology","direction","5","3"
"heritage-studies-7","heritage-studies","年代资料评价","heritage","route","5","3"
"heritage-studies-8","heritage-studies","遗产展示","heritage","direction","5","3"
"heritage-studies-9","heritage-studies","遗产公众参与","heritage","direction","5","3"
"heritage-studies-10","heritage-studies","保护史","heritage","direction","5","3"
"heritage-studies-11","heritage-studies","博物馆史","heritage","direction","5","3"
"heritage-studies-12","heritage-studies","考古档案","archaeology","direction","5","3"
"public-history-1","public-history","口述历史","history","family","5","3"
"public-history-2","public-history","社区记忆","history","family","5","3"
"public-history-3","public-history","历史展览","history","family","5","3"
"public-history-4","public-history","数字公众史","history","family","5","3"
"public-history-5","public-history","历史影像","history","family","5","3"
"public-history-6","public-history","历史教育","history","family","5","3"
"public-history-7","public-history","纪念与记忆","history","family","5","3"
"public-history-8","public-history","地方博物馆","heritage","direction","5","3"
"public-history-9","public-history","历史写作","history","family","5","3"
"public-history-10","public-history","公众档案","history","family","5","3"
"public-history-11","public-history","历史游戏评价","history","family","5","3"
"public-history-12","public-history","公共史学伦理","history","family","5","3"
"geophysics-studies-1","geophysics-studies","固体地球物理","physics","direction","5","3"
"geophysics-studies-2","geophysics-studies","地球动力学","physics","route","5","3"
"geophysics-studies-3","geophysics-studies","地震观测","physics","route","5","3"
"geophysics-studies-4","geophysics-studies","地磁观测","physics","route","5","3"
"geophysics-studies-5","geophysics-studies","重力资料","physics","route","5","3"
"geophysics-studies-6","geophysics-studies","地球物理反演","physics","direction","5","3"
"geophysics-studies-7","geophysics-studies","岩石物理","physics","direction","5","3"
"geophysics-studies-8","geophysics-studies","地球化学资料","chemistry","direction","5","3"
"geophysics-studies-9","geophysics-studies","构造研究","physics","route","5","3"
"geophysics-studies-10","geophysics-studies","地球系统模型","software","direction","5","3"
"geophysics-studies-11","geophysics-studies","地球观测质控","remote-sensing","direction","5","3"
"geophysics-studies-12","geophysics-studies","地学数据复现","physics","route","5","3"
"ocean-science-1","ocean-science","物理海洋","ecology","direction","5","3"
"ocean-science-2","ocean-science","海洋化学","ecology","direction","5","3"
"ocean-science-3","ocean-science","海洋生态","ecology","direction","5","3"
"ocean-science-4","ocean-science","海洋地质","ecology","direction","5","3"
"ocean-science-5","ocean-science","海气相互作用","ecology","route","5","3"
"ocean-science-6","ocean-science","海洋遥感","remote-sensing","direction","5","3"
"ocean-science-7","ocean-science","近岸过程","ecology","route","5","3"
"ocean-science-8","ocean-science","海洋观测","ecology","direction","5","3"
"ocean-science-9","ocean-science","海洋时间序列","ecology","direction","5","3"
"ocean-science-10","ocean-science","海洋模型","ecology","direction","5","3"
"ocean-science-11","ocean-science","海洋数据质量","ecology","direction","5","3"
"ocean-science-12","ocean-science","海洋环境史","ecology","direction","5","3"
"mechanics-science-1","mechanics-science","理论力学","mechanical","direction","5","3"
"mechanics-science-2","mechanics-science","固体力学","mechanical","direction","5","3"
"mechanics-science-3","mechanics-science","流体力学","mechanical","direction","5","3"
"mechanics-science-4","mechanics-science","计算力学","mechanical","direction","5","3"
"mechanics-science-5","mechanics-science","实验力学","mechanical","direction","5","3"
"mechanics-science-6","mechanics-science","多尺度力学","mechanical","direction","5","3"
"mechanics-science-7","mechanics-science","非线性动力学","mechanical","direction","5","3"
"mechanics-science-8","mechanics-science","材料力学","chemistry","direction","5","3"
"mechanics-science-9","mechanics-science","结构稳定","construction","direction","5","3"
"mechanics-science-10","mechanics-science","生物力学","mechanical","direction","5","3"
"mechanics-science-11","mechanics-science","力学测量","mechanical","direction","5","3"
"mechanics-science-12","mechanics-science","力学模型验证","mechanical","direction","5","3"
"photonics-1","photonics","几何光学","physics","host-discipline","5","3"
"photonics-2","photonics","物理光学","physics","host-discipline","5","3"
"photonics-3","photonics","量子光学理论","physics","host-discipline","5","3"
"photonics-4","photonics","光谱研究","physics","host-discipline","5","3"
"photonics-5","photonics","成像科学","physics","host-discipline","5","3"
"photonics-6","photonics","光学材料","physics","host-discipline","5","3"
"photonics-7","photonics","光电测量","physics","host-discipline","5","3"
"photonics-8","photonics","光学仪器","physics","host-discipline","5","3"
"photonics-9","photonics","计算成像","physics","host-discipline","5","3"
"photonics-10","photonics","光学噪声","physics","host-discipline","5","3"
"photonics-11","photonics","光学标定","physics","host-discipline","5","3"
"photonics-12","photonics","光学数据复现","physics","host-discipline","5","3"
"systems-biology-1","systems-biology","系统生物学","biomedical","direction","5","3"
"systems-biology-2","systems-biology","生物信息学","biomedical","direction","5","3"
"systems-biology-3","systems-biology","计算生态","ecology","direction","5","3"
"systems-biology-4","systems-biology","群体遗传资料","genetic-association","direction","5","3"
"systems-biology-5","systems-biology","发育资料比较","anatomy","direction","5","3"
"systems-biology-6","systems-biology","进化资料研究","ecology","route","5","3"
"systems-biology-7","systems-biology","公共组学资料","biomedical","direction","5","3"
"systems-biology-8","systems-biology","网络生物学","biomedical","direction","5","3"
"systems-biology-9","systems-biology","生命系统模型","software","direction","5","3"
"systems-biology-10","systems-biology","生态时间序列","ecology","direction","5","3"
"systems-biology-11","systems-biology","生物资料质控","biomedical","direction","5","3"
"systems-biology-12","systems-biology","生命科学教学","education","method","5","3"
"software-engineering-1","software-engineering","软件需求","software","direction","5","3"
"software-engineering-2","software-engineering","软件架构","software","direction","5","3"
"software-engineering-3","software-engineering","软件测试","software","direction","5","3"
"software-engineering-4","software-engineering","程序分析","math","direction","5","3"
"software-engineering-5","software-engineering","软件维护","software","direction","5","3"
"software-engineering-6","software-engineering","软件可靠性","software","direction","5","3"
"software-engineering-7","software-engineering","软件工程教育","education","method","5","3"
"software-engineering-8","software-engineering","开源协作","software","route","5","3"
"software-engineering-9","software-engineering","开发工具","software","route","5","3"
"software-engineering-10","software-engineering","软件可用性","interaction","method","5","3"
"software-engineering-11","software-engineering","软件度量","software","direction","5","3"
"software-engineering-12","software-engineering","软件复现","software","direction","5","3"
"electrical-engineering-1","electrical-engineering","电机研究","mechanical","route","5","3"
"electrical-engineering-2","electrical-engineering","电力系统","software","direction","5","3"
"electrical-engineering-3","electrical-engineering","电力电子","electronics","direction","5","3"
"electrical-engineering-4","electrical-engineering","绝缘与可靠性","mechanical","route","5","3"
"electrical-engineering-5","electrical-engineering","电气测量","mechanical","direction","5","3"
"electrical-engineering-6","electrical-engineering","可再生能源接入","mechanical","direction","5","3"
"electrical-engineering-7","electrical-engineering","电网运行评价","mechanical","route","5","3"
"electrical-engineering-8","electrical-engineering","电能质量","mechanical","route","5","3"
"electrical-engineering-9","electrical-engineering","电气设备诊断","mechanical","direction","5","3"
"electrical-engineering-10","electrical-engineering","电气自动化","mechanical","direction","5","3"
"electrical-engineering-11","electrical-engineering","储能系统评价","software","direction","5","3"
"electrical-engineering-12","electrical-engineering","电气工程教育","education","method","5","3"
"hydro-marine-1","hydro-marine","水文资料","ecology","direction","5","3"
"hydro-marine-2","hydro-marine","水资源系统","software","direction","5","3"
"hydro-marine-3","hydro-marine","水工结构","construction","direction","5","3"
"hydro-marine-4","hydro-marine","河流工程","ecology","route","5","3"
"hydro-marine-5","hydro-marine","海岸工程","ecology","route","5","3"
"hydro-marine-6","hydro-marine","港口工程","ecology","route","5","3"
"hydro-marine-7","hydro-marine","海洋结构","ecology","direction","5","3"
"hydro-marine-8","hydro-marine","工程数值模型","ecology","route","5","3"
"hydro-marine-9","hydro-marine","工程监测","ecology","route","5","3"
"hydro-marine-10","hydro-marine","泥沙资料","ecology","route","5","3"
"hydro-marine-11","hydro-marine","工程环境评价","ecology","direction","5","3"
"hydro-marine-12","hydro-marine","水利工程史","construction","direction","5","3"
"geomatics-engineering-1","geomatics-engineering","大地测量","remote-sensing","route","5","3"
"geomatics-engineering-2","geomatics-engineering","工程测量","remote-sensing","route","5","3"
"geomatics-engineering-3","geomatics-engineering","摄影测量","remote-sensing","route","5","3"
"geomatics-engineering-4","geomatics-engineering","遥感信息","remote-sensing","direction","5","3"
"geomatics-engineering-5","geomatics-engineering","地理信息工程","ecology","direction","5","3"
"geomatics-engineering-6","geomatics-engineering","导航资料评价","remote-sensing","route","5","3"
"geomatics-engineering-7","geomatics-engineering","地图表达","remote-sensing","route","5","3"
"geomatics-engineering-8","geomatics-engineering","点云处理","software","direction","5","3"
"geomatics-engineering-9","geomatics-engineering","时空数据","remote-sensing","route","5","3"
"geomatics-engineering-10","geomatics-engineering","测绘质量","construction","direction","5","3"
"geomatics-engineering-11","geomatics-engineering","多源资料配准","remote-sensing","route","5","3"
"geomatics-engineering-12","geomatics-engineering","测绘工程教育","education","method","5","3"
"process-engineering-1","process-engineering","化工热力学","process","direction","5","3"
"process-engineering-2","process-engineering","传递过程","process","direction","5","3"
"process-engineering-3","process-engineering","反应工程理论","process","direction","5","3"
"process-engineering-4","process-engineering","过程系统","software","direction","5","3"
"process-engineering-5","process-engineering","分离过程理论","process","direction","5","3"
"process-engineering-6","process-engineering","过程控制","mechanical","direction","5","3"
"process-engineering-7","process-engineering","过程强化评价","process","direction","5","3"
"process-engineering-8","process-engineering","资源循环","process","route","5","3"
"process-engineering-9","process-engineering","过程模拟","process","route","5","3"
"process-engineering-10","process-engineering","过程测量","process","route","5","3"
"process-engineering-11","process-engineering","工况可靠性","process","direction","5","3"
"process-engineering-12","process-engineering","化工工程教育","education","method","5","3"
"crop-science-1","crop-science","作物栽培","crop","direction","5","3"
"crop-science-2","crop-science","作物生理","crop","direction","5","3"
"crop-science-3","crop-science","作物遗传资料","biomedical","direction","5","3"
"crop-science-4","crop-science","作物育种评价","crop-breeding","direction","5","3"
"crop-science-5","crop-science","种质资料","crop-breeding","direction","5","3"
"crop-science-6","crop-science","作物品质","crop","direction","5","3"
"crop-science-7","crop-science","农田管理","crop","route","5","3"
"crop-science-8","crop-science","农艺试验设计","crop","direction","5","3"
"crop-science-9","crop-science","农业气候","ecology","direction","5","3"
"crop-science-10","crop-science","作物模型","crop","direction","5","3"
"crop-science-11","crop-science","作物表型资料","crop","direction","5","3"
"crop-science-12","crop-science","作物生产系统","crop","direction","5","3"
"horticulture-studies-1","horticulture-studies","果树研究","crop","direction","5","3"
"horticulture-studies-2","horticulture-studies","蔬菜研究","crop","direction","5","3"
"horticulture-studies-3","horticulture-studies","花卉研究","crop","route","5","3"
"horticulture-studies-4","horticulture-studies","设施园艺","crop","direction","5","3"
"horticulture-studies-5","horticulture-studies","园艺品质","crop","direction","5","3"
"horticulture-studies-6","horticulture-studies","园艺生理","crop","direction","5","3"
"horticulture-studies-7","horticulture-studies","园艺资源资料","crop","direction","5","3"
"horticulture-studies-8","horticulture-studies","园艺生态","crop","direction","5","3"
"horticulture-studies-9","horticulture-studies","采后评价","crop","route","5","3"
"horticulture-studies-10","horticulture-studies","园艺生产系统","crop","direction","5","3"
"horticulture-studies-11","horticulture-studies","园艺表型","crop","direction","5","3"
"horticulture-studies-12","horticulture-studies","城市园艺","crop","direction","5","3"
"soil-resources-1","soil-resources","土壤学","ecology","direction","5","3"
"soil-resources-2","soil-resources","植物营养资料","food","direction","5","3"
"soil-resources-3","soil-resources","农业资源","ecology","route","5","3"
"soil-resources-4","soil-resources","土壤生态","ecology","direction","5","3"
"soil-resources-5","soil-resources","农田环境","ecology","direction","5","3"
"soil-resources-6","soil-resources","土壤空间分析","ecology","direction","5","3"
"soil-resources-7","soil-resources","土壤水分","ecology","direction","5","3"
"soil-resources-8","soil-resources","土地利用","ecology","route","5","3"
"soil-resources-9","soil-resources","资源循环","ecology","route","5","3"
"soil-resources-10","soil-resources","土壤测量","ecology","direction","5","3"
"soil-resources-11","soil-resources","农业资源评价","ecology","route","5","3"
"soil-resources-12","soil-resources","农业环境史","ecology","direction","5","3"
"forest-science-1","forest-science","森林生态","ecology","direction","5","3"
"forest-science-2","forest-science","森林培育","ecology","direction","5","3"
"forest-science-3","forest-science","森林资源","ecology","direction","5","3"
"forest-science-4","forest-science","森林经营","ecology","direction","5","3"
"forest-science-5","forest-science","林木资料","ecology","direction","5","3"
"forest-science-6","forest-science","森林土壤","ecology","direction","5","3"
"forest-science-7","forest-science","林业遥感","ecology","direction","5","3"
"forest-science-8","forest-science","森林碳资料","ecology","direction","5","3"
"forest-science-9","forest-science","城市林业","ecology","direction","5","3"
"forest-science-10","forest-science","林产品评价","ecology","direction","5","3"
"forest-science-11","forest-science","森林健康资料","ecology","direction","5","3"
"forest-science-12","forest-science","林业社会研究","ecology","direction","5","3"
"aquatic-science-1","aquatic-science","水产生态","aquatic","host-discipline","5","3"
"aquatic-science-2","aquatic-science","渔业资源","aquatic","host-discipline","5","3"
"aquatic-science-3","aquatic-science","水产营养资料","aquatic","host-discipline","5","3"
"aquatic-science-4","aquatic-science","水产遗传资料","aquatic","host-discipline","5","3"
"aquatic-science-5","aquatic-science","养殖环境评价","aquatic","host-discipline","5","3"
"aquatic-science-6","aquatic-science","水产品质量","aquatic","host-discipline","5","3"
"aquatic-science-7","aquatic-science","水产动物福利","aquatic","host-discipline","5","3"
"aquatic-science-8","aquatic-science","渔业管理","aquatic","host-discipline","5","3"
"aquatic-science-9","aquatic-science","渔业社会研究","aquatic","host-discipline","5","3"
"aquatic-science-10","aquatic-science","水产生产系统","aquatic","host-discipline","5","3"
"aquatic-science-11","aquatic-science","渔业统计","aquatic","host-discipline","5","3"
"aquatic-science-12","aquatic-science","水域观测","aquatic","host-discipline","5","3"
"strategic-studies-1","strategic-studies","战略思想史","military","family","5","3"
"strategic-studies-2","strategic-studies","安全理论","military","family","5","3"
"strategic-studies-3","strategic-studies","公开战略文本","military","family","5","3"
"strategic-studies-4","strategic-studies","区域安全研究","military","family","5","3"
"strategic-studies-5","strategic-studies","国际安全机制","military","family","5","3"
"strategic-studies-6","strategic-studies","安全伦理","military","family","5","3"
"strategic-studies-7","strategic-studies","危机叙事研究","military","family","5","3"
"strategic-studies-8","strategic-studies","战略传播史","military","family","5","3"
"strategic-studies-9","strategic-studies","公共安全政策","military","family","5","3"
"strategic-studies-10","strategic-studies","比较安全制度","military","family","5","3"
"strategic-studies-11","strategic-studies","战略文化","military","family","5","3"
"strategic-studies-12","strategic-studies","安全教育","military","family","5","3"
"military-history-1","military-history","军事思想史","military","family","5","3"
"military-history-2","military-history","军制史","military","family","5","3"
"military-history-3","military-history","军事社会史","military","family","5","3"
"military-history-4","military-history","战争记忆","military","family","5","3"
"military-history-5","military-history","军事教育史","military","family","5","3"
"military-history-6","military-history","军史文献","military","family","5","3"
"military-history-7","military-history","军事博物馆","military","family","5","3"
"military-history-8","military-history","军史口述资料","military","family","5","3"
"military-history-9","military-history","军事文化","military","family","5","3"
"military-history-10","military-history","和平研究史","military","family","5","3"
"military-history-11","military-history","军事史学史","military","family","5","3"
"military-history-12","military-history","军事人物资料","military","family","5","3"
"defense-management-1","defense-management","国防经济公开资料","military","family","5","3"
"defense-management-2","defense-management","国防教育","military","family","5","3"
"defense-management-3","defense-management","组织管理研究","military","family","5","3"
"defense-management-4","defense-management","人力培养研究","military","family","5","3"
"defense-management-5","defense-management","资源配置公开资料","military","family","5","3"
"defense-management-6","defense-management","公共事务协作","military","family","5","3"
"defense-management-7","defense-management","国防政策史","military","family","5","3"
"defense-management-8","defense-management","管理制度比较","military","family","5","3"
"defense-management-9","defense-management","项目评价方法","military","family","5","3"
"defense-management-10","defense-management","国防文化传播","military","family","5","3"
"defense-management-11","defense-management","教育成效评价","military","family","5","3"
"defense-management-12","defense-management","公开资料质量","military","family","5","3"
"military-technology-history-1","military-technology-history","技术发展史","military","host-discipline","5","3"
"military-technology-history-2","military-technology-history","装备史公开资料","military","host-discipline","5","3"
"military-technology-history-3","military-technology-history","标准史","military","host-discipline","5","3"
"military-technology-history-4","military-technology-history","技术组织史","military","host-discipline","5","3"
"military-technology-history-5","military-technology-history","科技政策史","military","host-discipline","5","3"
"military-technology-history-6","military-technology-history","技术伦理","military","host-discipline","5","3"
"military-technology-history-7","military-technology-history","公共技术展示","military","host-discipline","5","3"
"military-technology-history-8","military-technology-history","技术叙事","military","host-discipline","5","3"
"military-technology-history-9","military-technology-history","创新制度比较","military","host-discipline","5","3"
"military-technology-history-10","military-technology-history","科技教育史","military","host-discipline","5","3"
"military-technology-history-11","military-technology-history","技术档案","military","host-discipline","5","3"
"military-technology-history-12","military-technology-history","技术资料评价","military","host-discipline","5","3"
"peace-conflict-1","peace-conflict","和平理论","military","family","5","3"
"peace-conflict-2","peace-conflict","冲突叙事","military","family","5","3"
"peace-conflict-3","peace-conflict","协商制度研究","military","family","5","3"
"peace-conflict-4","peace-conflict","国际组织资料","military","family","5","3"
"peace-conflict-5","peace-conflict","和平教育","military","family","5","3"
"peace-conflict-6","peace-conflict","记忆与和解","military","family","5","3"
"peace-conflict-7","peace-conflict","公众安全感","military","family","5","3"
"peace-conflict-8","peace-conflict","冲突数据质量","military","family","5","3"
"peace-conflict-9","peace-conflict","文化与和平","military","family","5","3"
"peace-conflict-10","peace-conflict","迁移与冲突资料","military","family","5","3"
"peace-conflict-11","peace-conflict","公共政策比较","military","family","5","3"
"peace-conflict-12","peace-conflict","和平传播","military","family","5","3"
"business-management-1","business-management","企业战略","organization","direction","5","3"
"business-management-2","business-management","组织行为","organization","direction","5","3"
"business-management-3","business-management","人力资源","organization","direction","5","3"
"business-management-4","business-management","创新管理","organization","direction","5","3"
"business-management-5","business-management","创业研究","organization","direction","5","3"
"business-management-6","business-management","企业治理","policy","direction","5","3"
"business-management-7","business-management","组织文化","organization","direction","5","3"
"business-management-8","business-management","管理案例","organization","direction","5","3"
"business-management-9","business-management","服务管理","organization","direction","5","3"
"business-management-10","business-management","团队协作","organization","route","5","3"
"business-management-11","business-management","管理伦理","organization","direction","5","3"
"business-management-12","business-management","管理教育","education","method","5","3"
"accounting-studies-1","accounting-studies","财务会计","accounting","direction","5","3"
"accounting-studies-2","accounting-studies","管理会计","accounting","direction","5","3"
"accounting-studies-3","accounting-studies","审计研究","accounting","direction","5","3"
"accounting-studies-4","accounting-studies","信息披露","accounting","route","5","3"
"accounting-studies-5","accounting-studies","公司治理","policy","direction","5","3"
"accounting-studies-6","accounting-studies","会计史","accounting","direction","5","3"
"accounting-studies-7","accounting-studies","公共部门会计","accounting","direction","5","3"
"accounting-studies-8","accounting-studies","非财务报告","accounting","direction","5","3"
"accounting-studies-9","accounting-studies","审计数据","accounting","direction","5","3"
"accounting-studies-10","accounting-studies","会计规范","accounting","direction","5","3"
"accounting-studies-11","accounting-studies","职业判断","accounting","route","5","3"
"accounting-studies-12","accounting-studies","会计教育","education","method","5","3"
"information-management-1","information-management","图书馆学","library-science","host-discipline","5","3"
"information-management-2","information-management","情报学","library-science","host-discipline","5","3"
"information-management-3","information-management","档案管理","library-science","host-discipline","5","3"
"information-management-4","information-management","知识组织","library-science","host-discipline","5","3"
"information-management-5","information-management","信息检索","library-science","host-discipline","5","3"
"information-management-6","information-management","科学计量","library-science","host-discipline","5","3"
"information-management-7","information-management","用户信息行为","library-science","host-discipline","5","3"
"information-management-8","information-management","数字保存","library-science","host-discipline","5","3"
"information-management-9","information-management","公共信息服务","library-science","host-discipline","5","3"
"information-management-10","information-management","知识管理","library-science","host-discipline","5","3"
"information-management-11","information-management","数据治理","library-science","host-discipline","5","3"
"information-management-12","information-management","信息伦理","library-science","host-discipline","5","3"
"operations-management-1","operations-management","生产系统","organization","route","5","3"
"operations-management-2","operations-management","运营研究","organization","direction","5","3"
"operations-management-3","operations-management","质量管理","organization","direction","5","3"
"operations-management-4","operations-management","供应链","organization","direction","5","3"
"operations-management-5","operations-management","服务运营","organization","direction","5","3"
"operations-management-6","operations-management","人因工程","organization","route","5","3"
"operations-management-7","operations-management","项目管理","organization","direction","5","3"
"operations-management-8","operations-management","可靠性管理","organization","direction","5","3"
"operations-management-9","operations-management","流程改进","organization","route","5","3"
"operations-management-10","operations-management","运营模型","organization","direction","5","3"
"operations-management-11","operations-management","库存评价","organization","route","5","3"
"operations-management-12","operations-management","工业工程教育","education","method","5","3"
"public-governance-1","public-governance","行政管理","organization","direction","5","3"
"public-governance-2","public-governance","社会保障","policy","route","5","3"
"public-governance-3","public-governance","社会政策","policy","direction","5","3"
"public-governance-4","public-governance","公共预算","policy","direction","5","3"
"public-governance-5","public-governance","公共服务","policy","direction","5","3"
"public-governance-6","public-governance","应急管理研究","organization","direction","5","3"
"public-governance-7","public-governance","基层治理","policy","direction","5","3"
"public-governance-8","public-governance","非营利组织","organization","direction","5","3"
"public-governance-9","public-governance","数字治理","policy","direction","5","3"
"public-governance-10","public-governance","政策执行","policy","direction","5","3"
"public-governance-11","public-governance","公众参与","policy","route","5","3"
"public-governance-12","public-governance","治理评价","policy","direction","5","3"
"fine-art-studies-1","fine-art-studies","绘画研究","arts","direction","5","3"
"fine-art-studies-2","fine-art-studies","雕塑研究","arts","direction","5","3"
"fine-art-studies-3","fine-art-studies","版画研究","arts","route","5","3"
"fine-art-studies-4","fine-art-studies","书法研究","arts","route","5","3"
"fine-art-studies-5","fine-art-studies","视觉材料","arts","direction","5","3"
"fine-art-studies-6","fine-art-studies","美术史","arts","direction","5","3"
"fine-art-studies-7","fine-art-studies","美术理论","arts","direction","5","3"
"fine-art-studies-8","fine-art-studies","当代艺术","arts","direction","5","3"
"fine-art-studies-9","fine-art-studies","公共艺术","arts","direction","5","3"
"fine-art-studies-10","fine-art-studies","美术教育","education","method","5","3"
"fine-art-studies-11","fine-art-studies","材料表达","arts","route","5","3"
"fine-art-studies-12","fine-art-studies","展览研究","arts","route","5","3"
"musicology-studies-1","musicology-studies","音乐史","performance","direction","5","3"
"musicology-studies-2","musicology-studies","民族音乐学","performance","direction","5","3"
"musicology-studies-3","musicology-studies","音乐分析","performance","direction","5","3"
"musicology-studies-4","musicology-studies","作曲研究","performance","direction","5","3"
"musicology-studies-5","musicology-studies","演奏实践","performance","route","5","3"
"musicology-studies-6","musicology-studies","声乐研究","performance","direction","5","3"
"musicology-studies-7","musicology-studies","音乐教育","education","method","5","3"
"musicology-studies-8","musicology-studies","音乐技术","performance","direction","5","3"
"musicology-studies-9","musicology-studies","录音评价","performance","route","5","3"
"musicology-studies-10","musicology-studies","音乐心理资料","performance","direction","5","3"
"musicology-studies-11","musicology-studies","音乐与社会","performance","direction","5","3"
"musicology-studies-12","musicology-studies","音乐文献","performance","direction","5","3"
"film-studies-1","film-studies","电影史","media","host-discipline","5","3"
"film-studies-2","film-studies","电影理论","media","host-discipline","5","3"
"film-studies-3","film-studies","影像叙事","media","host-discipline","5","3"
"film-studies-4","film-studies","纪录片研究","media","host-discipline","5","3"
"film-studies-5","film-studies","视听语言","media","host-discipline","5","3"
"film-studies-6","film-studies","影像档案","media","host-discipline","5","3"
"film-studies-7","film-studies","影视制作研究","media","host-discipline","5","3"
"film-studies-8","film-studies","观众研究","media","host-discipline","5","3"
"film-studies-9","film-studies","电影文化","media","host-discipline","5","3"
"film-studies-10","film-studies","数字影像","media","host-discipline","5","3"
"film-studies-11","film-studies","影像教育","education","method","5","3"
"film-studies-12","film-studies","跨媒介影像","media","host-discipline","5","3"
"theatre-studies-1","theatre-studies","戏剧史","performance","direction","5","3"
"theatre-studies-2","theatre-studies","剧本研究","performance","route","5","3"
"theatre-studies-3","theatre-studies","舞台设计","arts","direction","5","3"
"theatre-studies-4","theatre-studies","表演实践","performance","direction","5","3"
"theatre-studies-5","theatre-studies","戏曲研究","performance","direction","5","3"
"theatre-studies-6","theatre-studies","舞蹈研究","performance","direction","5","3"
"theatre-studies-7","theatre-studies","戏剧教育","education","method","5","3"
"theatre-studies-8","theatre-studies","剧场观众","performance","route","5","3"
"theatre-studies-9","theatre-studies","排练过程","performance","route","5","3"
"theatre-studies-10","theatre-studies","剧场技术评价","performance","route","5","3"
"theatre-studies-11","theatre-studies","表演档案","performance","direction","5","3"
"theatre-studies-12","theatre-studies","参与式表演","performance","direction","5","3"
"art-design-theory-1","art-design-theory","艺术哲学","arts","direction","5","3"
"art-design-theory-2","art-design-theory","设计史","arts","direction","5","3"
"art-design-theory-3","art-design-theory","艺术制度","arts","direction","5","3"
"art-design-theory-4","art-design-theory","策展理论","heritage","direction","5","3"
"art-design-theory-5","art-design-theory","艺术批评","arts","direction","5","3"
"art-design-theory-6","art-design-theory","视觉文化","arts","direction","5","3"
"art-design-theory-7","art-design-theory","艺术社会学","arts","direction","5","3"
"art-design-theory-8","art-design-theory","艺术与科技","arts","direction","5","3"
"art-design-theory-9","art-design-theory","工艺史","arts","direction","5","3"
"art-design-theory-10","art-design-theory","艺术收藏史","arts","direction","5","3"
"art-design-theory-11","art-design-theory","设计伦理","arts","direction","5","3"
"art-design-theory-12","art-design-theory","艺术教育史","arts","direction","5","3"
"interdisciplinary-design-1","interdisciplinary-design","设计理论","cross","family","5","3"
"interdisciplinary-design-2","interdisciplinary-design","设计方法","cross","family","5","3"
"interdisciplinary-design-3","interdisciplinary-design","设计认知","cross","family","5","3"
"interdisciplinary-design-4","interdisciplinary-design","工程设计","cross","family","5","3"
"interdisciplinary-design-5","interdisciplinary-design","艺术与设计","cross","family","5","3"
"interdisciplinary-design-6","interdisciplinary-design","设计管理","cross","family","5","3"
"interdisciplinary-design-7","interdisciplinary-design","设计信息","cross","family","5","3"
"interdisciplinary-design-8","interdisciplinary-design","设计伦理","cross","family","5","3"
"interdisciplinary-design-9","interdisciplinary-design","设计与社会","cross","family","5","3"
"interdisciplinary-design-10","interdisciplinary-design","设计评价","cross","family","5","3"
"interdisciplinary-design-11","interdisciplinary-design","设计史","cross","family","5","3"
"interdisciplinary-design-12","interdisciplinary-design","跨学科设计协作","cross","family","5","3"
"remote-sensing-1","remote-sensing","遥感物理","remote-sensing","direction","5","3"
"remote-sensing-2","remote-sensing","遥感信息获取","remote-sensing","direction","5","3"
"remote-sensing-3","remote-sensing","遥感信息处理","remote-sensing","direction","5","3"
"remote-sensing-4","remote-sensing","遥感应用","remote-sensing","direction","5","3"
"remote-sensing-5","remote-sensing","遥感标定","remote-sensing","direction","5","3"
"remote-sensing-6","remote-sensing","遥感反演","remote-sensing","direction","5","3"
"remote-sensing-7","remote-sensing","遥感时序","remote-sensing","direction","5","3"
"remote-sensing-8","remote-sensing","多源遥感","remote-sensing","direction","5","3"
"remote-sensing-9","remote-sensing","遥感精度评价","remote-sensing","direction","5","3"
"remote-sensing-10","remote-sensing","遥感资料质量","remote-sensing","direction","5","3"
"remote-sensing-11","remote-sensing","遥感与社会","remote-sensing","direction","5","3"
"remote-sensing-12","remote-sensing","遥感科学史","remote-sensing","direction","5","3"
"vehicle-engineering-1","vehicle-engineering","车辆结构","mechanical","direction","5","3"
"vehicle-engineering-2","vehicle-engineering","车辆动力学","mechanical","direction","5","3"
"vehicle-engineering-3","vehicle-engineering","车辆可靠性","mechanical","direction","5","3"
"vehicle-engineering-4","vehicle-engineering","车辆人因","mechanical","direction","5","3"
"vehicle-engineering-5","vehicle-engineering","车辆电子","electronics","direction","5","3"
"vehicle-engineering-6","vehicle-engineering","车辆能源评价","mechanical","direction","5","3"
"vehicle-engineering-7","vehicle-engineering","车辆制造评价","mechanical","direction","5","3"
"vehicle-engineering-8","vehicle-engineering","车辆交通协作","mechanical","direction","5","3"
"vehicle-engineering-9","vehicle-engineering","车辆测试资料","mechanical","direction","5","3"
"vehicle-engineering-10","vehicle-engineering","车辆数字模型","mechanical","direction","5","3"
"vehicle-engineering-11","vehicle-engineering","车辆工程史","mechanical","direction","5","3"
"vehicle-engineering-12","vehicle-engineering","车辆可及性","mechanical","direction","5","3"
"chinese-philosophy-1","chinese-philosophy","先秦哲学","philosophical-history","route","5","3"
"chinese-philosophy-2","chinese-philosophy","经学哲学","philosophical-history","route","5","3"
"chinese-philosophy-3","chinese-philosophy","宋明理学","philosophical-history","route","5","3"
"chinese-philosophy-4","chinese-philosophy","中国近代哲学","philosophical-history","route","5","3"
"chinese-philosophy-5","chinese-philosophy","中国现代哲学","philosophical-history","route","5","3"
"chinese-philosophy-6","chinese-philosophy","道家哲学","philosophical-history","direction","5","3"
"chinese-philosophy-7","chinese-philosophy","佛教哲学","philosophical-history","direction","5","3"
"chinese-philosophy-8","chinese-philosophy","儒家伦理","ethics","direction","5","3"
"chinese-philosophy-9","chinese-philosophy","中国逻辑史","logic","direction","5","3"
"chinese-philosophy-10","chinese-philosophy","经典诠释","philosophical-history","route","5","3"
"chinese-philosophy-11","chinese-philosophy","中西哲学比较","philosophical-history","route","5","3"
"chinese-philosophy-12","chinese-philosophy","中国哲学文献","philosophical-history","direction","5","3"
"western-philosophy-1","western-philosophy","古希腊哲学","aesthetic","route","5","3"
"western-philosophy-2","western-philosophy","中世纪哲学","aesthetic","route","5","3"
"western-philosophy-3","western-philosophy","近代哲学","aesthetic","route","5","3"
"western-philosophy-4","western-philosophy","德国古典哲学","aesthetic","route","5","3"
"western-philosophy-5","western-philosophy","现象学","aesthetic","route","5","3"
"western-philosophy-6","western-philosophy","解释学","aesthetic","direction","5","3"
"western-philosophy-7","western-philosophy","实用主义","aesthetic","route","5","3"
"western-philosophy-8","western-philosophy","分析哲学","aesthetic","route","5","3"
"western-philosophy-9","western-philosophy","美学原理","aesthetic","direction","5","3"
"western-philosophy-10","western-philosophy","艺术哲学","aesthetic","direction","5","3"
"western-philosophy-11","western-philosophy","审美经验","aesthetic","route","5","3"
"western-philosophy-12","western-philosophy","技术哲学","aesthetic","route","5","3"
"tax-studies-1","tax-studies","税制比较","economics","direction","5","3"
"tax-studies-2","tax-studies","企业税收资料","economics","direction","5","3"
"tax-studies-3","tax-studies","个人税收资料","economics","direction","5","3"
"tax-studies-4","tax-studies","税收遵从","economics","direction","5","3"
"tax-studies-5","tax-studies","税收公平","economics","direction","5","3"
"tax-studies-6","tax-studies","税收归宿","economics","direction","5","3"
"tax-studies-7","tax-studies","地方财政","economics","direction","5","3"
"tax-studies-8","tax-studies","公共预算","economics","direction","5","3"
"tax-studies-9","tax-studies","税收数字化","economics","direction","5","3"
"tax-studies-10","tax-studies","税务服务评价","economics","direction","5","3"
"tax-studies-11","tax-studies","跨境税制资料","economics","direction","5","3"
"tax-studies-12","tax-studies","税收史","economics","direction","5","3"
"insurance-studies-1","insurance-studies","寿险模型","finance","route","5","3"
"insurance-studies-2","insurance-studies","非寿险模型","finance","route","5","3"
"insurance-studies-3","insurance-studies","健康保险资料","finance","direction","5","3"
"insurance-studies-4","insurance-studies","再保险研究","finance","direction","5","3"
"insurance-studies-5","insurance-studies","保险需求","finance","direction","5","3"
"insurance-studies-6","insurance-studies","保险定价资料","finance","direction","5","3"
"insurance-studies-7","insurance-studies","赔付资料","finance","route","5","3"
"insurance-studies-8","insurance-studies","保险风险","finance","direction","5","3"
"insurance-studies-9","insurance-studies","精算模型评价","finance","route","5","3"
"insurance-studies-10","insurance-studies","保险制度史","finance","direction","5","3"
"insurance-studies-11","insurance-studies","保险服务","finance","direction","5","3"
"insurance-studies-12","insurance-studies","长期照护保险","finance","direction","5","3"
"asset-valuation-1","asset-valuation","企业价值评价","finance","route","5","3"
"asset-valuation-2","asset-valuation","无形资产评价","finance","direction","5","3"
"asset-valuation-3","asset-valuation","房地产评价","finance","route","5","3"
"asset-valuation-4","asset-valuation","机器设备评价","finance","route","5","3"
"asset-valuation-5","asset-valuation","金融资产评价","finance","direction","5","3"
"asset-valuation-6","asset-valuation","文化资产评价","finance","direction","5","3"
"asset-valuation-7","asset-valuation","评估方法比较","finance","route","5","3"
"asset-valuation-8","asset-valuation","价值时点","finance","route","5","3"
"asset-valuation-9","asset-valuation","评估报告研究","finance","route","5","3"
"asset-valuation-10","asset-valuation","市场比较资料","economics","direction","5","3"
"asset-valuation-11","asset-valuation","评估不确定性","finance","route","5","3"
"asset-valuation-12","asset-valuation","评估职业研究","finance","route","5","3"
"digital-economy-1","digital-economy","平台经济","economics","direction","5","3"
"digital-economy-2","digital-economy","数据要素研究","economics","route","5","3"
"digital-economy-3","digital-economy","数字劳动","labor","direction","5","3"
"digital-economy-4","digital-economy","数字贸易","economics","direction","5","3"
"digital-economy-5","digital-economy","数字金融资料","finance","direction","5","3"
"digital-economy-6","digital-economy","数字基础设施","economics","route","5","3"
"digital-economy-7","digital-economy","算法与市场","economics","direction","5","3"
"digital-economy-8","digital-economy","数字消费","economics","route","5","3"
"digital-economy-9","digital-economy","企业数字化","economics","route","5","3"
"digital-economy-10","digital-economy","数字经济测度","economics","direction","5","3"
"digital-economy-11","digital-economy","平台竞争","economics","route","5","3"
"digital-economy-12","digital-economy","数字鸿沟","economics","route","5","3"
"ethnology-studies-1","ethnology-studies","民族理论","society","direction","5","3"
"ethnology-studies-2","ethnology-studies","民族历史","society","direction","5","3"
"ethnology-studies-3","ethnology-studies","民族社会","society","direction","5","3"
"ethnology-studies-4","ethnology-studies","民族文化","society","direction","5","3"
"ethnology-studies-5","ethnology-studies","民族经济","society","direction","5","3"
"ethnology-studies-6","ethnology-studies","族群关系","society","direction","5","3"
"ethnology-studies-7","ethnology-studies","语言与社会","society","direction","5","3"
"ethnology-studies-8","ethnology-studies","民族地区教育","education","method","5","3"
"ethnology-studies-9","ethnology-studies","社区记忆","society","route","5","3"
"ethnology-studies-10","ethnology-studies","文化传承","society","route","5","3"
"ethnology-studies-11","ethnology-studies","民族志方法","law","direction","5","3"
"ethnology-studies-12","ethnology-studies","民族学文献","society","direction","5","3"
"marxism-studies-1","marxism-studies","马克思主义基本原理","society","family","5","3"
"marxism-studies-2","marxism-studies","马克思主义发展史","society","family","5","3"
"marxism-studies-3","marxism-studies","马克思主义中国化研究","society","family","5","3"
"marxism-studies-4","marxism-studies","国外马克思主义研究","society","family","5","3"
"marxism-studies-5","marxism-studies","思想政治教育","education","method","5","3"
"marxism-studies-6","marxism-studies","中国近现代史基本问题","society","family","5","3"
"marxism-studies-7","marxism-studies","经典文本研究","society","family","5","3"
"marxism-studies-8","marxism-studies","劳动与社会理论","society","direction","5","3"
"marxism-studies-9","marxism-studies","意识形态理论史","society","family","5","3"
"marxism-studies-10","marxism-studies","理论传播","media","direction","5","3"
"marxism-studies-11","marxism-studies","比较理论文本","society","family","5","3"
"marxism-studies-12","marxism-studies","理论教育研究","education","method","5","3"
"police-studies-1","police-studies","公安学基础","society","family","5","3"
"police-studies-2","police-studies","警务组织史","society","family","5","3"
"police-studies-3","police-studies","社区警务研究","society","family","5","3"
"police-studies-4","police-studies","警务公共服务","policy","direction","5","3"
"police-studies-5","police-studies","警务伦理","society","family","5","3"
"police-studies-6","police-studies","公共安全感","policy","direction","5","3"
"police-studies-7","police-studies","公安教育","education","method","5","3"
"police-studies-8","police-studies","警务协作制度","society","family","5","3"
"police-studies-9","police-studies","警务社会学","society","direction","5","3"
"police-studies-10","police-studies","警务资料质量","society","family","5","3"
"police-studies-11","police-studies","警务政策史","policy","direction","5","3"
"police-studies-12","police-studies","警民沟通研究","society","family","5","3"
"party-history-studies-1","party-history-studies","党史文献","society","family","5","3"
"party-history-studies-2","party-history-studies","组织制度史","society","family","5","3"
"party-history-studies-3","party-history-studies","地方党史","society","family","5","3"
"party-history-studies-4","party-history-studies","党建理论","society","family","5","3"
"party-history-studies-5","party-history-studies","基层组织研究","society","family","5","3"
"party-history-studies-6","party-history-studies","党史人物资料","society","family","5","3"
"party-history-studies-7","party-history-studies","党史口述资料","society","family","5","3"
"party-history-studies-8","party-history-studies","党史教育","education","method","5","3"
"party-history-studies-9","party-history-studies","党建传播","media","direction","5","3"
"party-history-studies-10","party-history-studies","制度比较资料","society","family","5","3"
"party-history-studies-11","party-history-studies","党史档案整理","society","family","5","3"
"party-history-studies-12","party-history-studies","党史学方法","law","direction","5","3"
"discipline-supervision-1","discipline-supervision","纪检监察理论","society","family","5","3"
"discipline-supervision-2","discipline-supervision","监察制度史","society","family","5","3"
"discipline-supervision-3","discipline-supervision","监察法学","law","direction","5","3"
"discipline-supervision-4","discipline-supervision","监督制度比较","society","family","5","3"
"discipline-supervision-5","discipline-supervision","廉洁教育","education","method","5","3"
"discipline-supervision-6","discipline-supervision","监督组织研究","society","family","5","3"
"discipline-supervision-7","discipline-supervision","公开案例研究","society","family","5","3"
"discipline-supervision-8","discipline-supervision","监察程序研究","society","family","5","3"
"discipline-supervision-9","discipline-supervision","监督评价资料","society","family","5","3"
"discipline-supervision-10","discipline-supervision","制度执行研究","society","family","5","3"
"discipline-supervision-11","discipline-supervision","廉洁文化","society","family","5","3"
"discipline-supervision-12","discipline-supervision","纪检监察文献","society","family","5","3"
"social-work-studies-1","social-work-studies","社会工作理论","society","direction","5","3"
"social-work-studies-2","social-work-studies","个案工作研究","society","route","5","3"
"social-work-studies-3","social-work-studies","小组工作研究","society","route","5","3"
"social-work-studies-4","social-work-studies","社区工作研究","society","route","5","3"
"social-work-studies-5","social-work-studies","儿童与家庭服务","society","route","5","3"
"social-work-studies-6","social-work-studies","老年社会服务","society","direction","5","3"
"social-work-studies-7","social-work-studies","社会工作教育","education","method","5","3"
"social-work-studies-8","social-work-studies","社会服务评价","society","direction","5","3"
"social-work-studies-9","social-work-studies","社会工作伦理","society","direction","5","3"
"social-work-studies-10","social-work-studies","社会组织协作","society","direction","5","3"
"social-work-studies-11","social-work-studies","社会工作史","society","direction","5","3"
"social-work-studies-12","social-work-studies","服务可及性","society","route","5","3"
"intellectual-property-1","intellectual-property","专利法研究","law","direction","5","3"
"intellectual-property-2","intellectual-property","著作权研究","society","family","5","3"
"intellectual-property-3","intellectual-property","商标法研究","law","direction","5","3"
"intellectual-property-4","intellectual-property","商业秘密制度","society","family","5","3"
"intellectual-property-5","intellectual-property","知识产权史","society","family","5","3"
"intellectual-property-6","intellectual-property","技术许可研究","society","family","5","3"
"intellectual-property-7","intellectual-property","文化版权研究","society","family","5","3"
"intellectual-property-8","intellectual-property","数字版权","society","family","5","3"
"intellectual-property-9","intellectual-property","知识产权评价","society","family","5","3"
"intellectual-property-10","intellectual-property","国际知识产权","society","family","5","3"
"intellectual-property-11","intellectual-property","公共领域研究","policy","direction","5","3"
"intellectual-property-12","intellectual-property","知识产权教育","education","method","5","3"
"psychology-studies-1","psychology-studies","基础心理学","psychology","direction","5","3"
"psychology-studies-2","psychology-studies","认知心理学","psychology","direction","5","3"
"psychology-studies-3","psychology-studies","发展心理学","psychology","direction","5","3"
"psychology-studies-4","psychology-studies","教育心理学","education","method","5","3"
"psychology-studies-5","psychology-studies","社会心理学","psychology","direction","5","3"
"psychology-studies-6","psychology-studies","人格心理学","psychology","direction","5","3"
"psychology-studies-7","psychology-studies","心理测量","measurement-scale","direction","5","3"
"psychology-studies-8","psychology-studies","心理统计","psychology","direction","5","3"
"psychology-studies-9","psychology-studies","组织心理学","psychology","direction","5","3"
"psychology-studies-10","psychology-studies","健康心理资料","psychology","direction","5","3"
"psychology-studies-11","psychology-studies","咨询过程研究","psychology","route","5","3"
"psychology-studies-12","psychology-studies","心理学史","psychology","direction","5","3"
"sport-studies-1","sport-studies","体育人文社会学","sport","direction","5","3"
"sport-studies-2","sport-studies","运动人体科学","sport","direction","5","3"
"sport-studies-3","sport-studies","体育教育训练学","education","method","5","3"
"sport-studies-4","sport-studies","民族传统体育学","sport","direction","5","3"
"sport-studies-5","sport-studies","运动学习","education","direction","5","3"
"sport-studies-6","sport-studies","运动心理资料","psychology","direction","5","3"
"sport-studies-7","sport-studies","体育课程","education","method","5","3"
"sport-studies-8","sport-studies","大众体育","sport","direction","5","3"
"sport-studies-9","sport-studies","适应体育","sport","direction","5","3"
"sport-studies-10","sport-studies","体育赛事研究","sport","direction","5","3"
"sport-studies-11","sport-studies","运动测量","sport","direction","5","3"
"sport-studies-12","sport-studies","体育史","sport","direction","5","3"
"chinese-education-1","chinese-education","中文作为第二语言","education","route","5","3"
"chinese-education-2","chinese-education","中文教学设计","education","method","5","3"
"chinese-education-3","chinese-education","国际中文教材","education","route","5","3"
"chinese-education-4","chinese-education","汉字学习","education","direction","5","3"
"chinese-education-5","chinese-education","中文语音教学","education","method","5","3"
"chinese-education-6","chinese-education","课堂互动","education","route","5","3"
"chinese-education-7","chinese-education","中文学习评价","education","direction","5","3"
"chinese-education-8","chinese-education","跨文化教学","education","method","5","3"
"chinese-education-9","chinese-education","中文教师发展","education","direction","5","3"
"chinese-education-10","chinese-education","在线中文教育","education","method","5","3"
"chinese-education-11","chinese-education","学习者语料","education","direction","5","3"
"chinese-education-12","chinese-education","国际中文教育史","education","direction","5","3"
"publishing-studies-1","publishing-studies","出版史","media","direction","5","3"
"publishing-studies-2","publishing-studies","编辑学","media","route","5","3"
"publishing-studies-3","publishing-studies","学术出版","media","direction","5","3"
"publishing-studies-4","publishing-studies","数字出版","media","direction","5","3"
"publishing-studies-5","publishing-studies","出版版权","media","direction","5","3"
"publishing-studies-6","publishing-studies","出版经营资料","media","direction","5","3"
"publishing-studies-7","publishing-studies","读者研究","media","route","5","3"
"publishing-studies-8","publishing-studies","出版伦理","media","direction","5","3"
"publishing-studies-9","publishing-studies","图书设计研究","media","route","5","3"
"publishing-studies-10","publishing-studies","出版技术评价","media","direction","5","3"
"publishing-studies-11","publishing-studies","出版教育","education","method","5","3"
"publishing-studies-12","publishing-studies","出版公共服务","media","direction","5","3"
"museum-studies-1","museum-studies","博物馆学","heritage","direction","5","3"
"museum-studies-2","museum-studies","藏品研究","heritage","route","5","3"
"museum-studies-3","museum-studies","展览策划","heritage","route","5","3"
"museum-studies-4","museum-studies","博物馆教育","heritage","direction","5","3"
"museum-studies-5","museum-studies","藏品文献","heritage","route","5","3"
"museum-studies-6","museum-studies","博物馆史","heritage","direction","5","3"
"museum-studies-7","museum-studies","数字博物馆","heritage","direction","5","3"
"museum-studies-8","museum-studies","观众研究","heritage","route","5","3"
"museum-studies-9","museum-studies","社区博物馆","heritage","direction","5","3"
"museum-studies-10","museum-studies","藏品来源研究","heritage","route","5","3"
"museum-studies-11","museum-studies","展签写作","heritage","route","5","3"
"museum-studies-12","museum-studies","博物馆伦理","heritage","direction","5","3"
"atmospheric-science-1","atmospheric-science","气象学","physics","family","5","3"
"atmospheric-science-2","atmospheric-science","大气物理","physics","direction","5","3"
"atmospheric-science-3","atmospheric-science","大气化学","chemistry","direction","5","3"
"atmospheric-science-4","atmospheric-science","气候学","ecology","direction","5","3"
"atmospheric-science-5","atmospheric-science","天气观测","physics","family","5","3"
"atmospheric-science-6","atmospheric-science","气候变化资料","ecology","direction","5","3"
"atmospheric-science-7","atmospheric-science","大气遥感","remote-sensing","direction","5","3"
"atmospheric-science-8","atmospheric-science","气象资料同化","physics","family","5","3"
"atmospheric-science-9","atmospheric-science","气象模式评价","computing","direction","5","3"
"atmospheric-science-10","atmospheric-science","城市气候","ecology","direction","5","3"
"atmospheric-science-11","atmospheric-science","农业气象","physics","family","5","3"
"atmospheric-science-12","atmospheric-science","气象服务评价","physics","family","5","3"
"geology-studies-1","geology-studies","矿物学","ecology","route","5","3"
"geology-studies-2","geology-studies","岩石学","ecology","route","5","3"
"geology-studies-3","geology-studies","矿床学","ecology","route","5","3"
"geology-studies-4","geology-studies","地球化学","chemistry","direction","5","3"
"geology-studies-5","geology-studies","构造地质学","ecology","direction","5","3"
"geology-studies-6","geology-studies","古生物学","biomedical","direction","5","3"
"geology-studies-7","geology-studies","地层学","ecology","route","5","3"
"geology-studies-8","geology-studies","第四纪地质","ecology","direction","5","3"
"geology-studies-9","geology-studies","水文地质","ecology","direction","5","3"
"geology-studies-10","geology-studies","工程地质资料","ecology","direction","5","3"
"geology-studies-11","geology-studies","地质年代资料","ecology","direction","5","3"
"geology-studies-12","geology-studies","地质调查史","ecology","direction","5","3"
"system-science-1","system-science","系统理论","software","direction","5","3"
"system-science-2","system-science","系统分析","math","direction","5","3"
"system-science-3","system-science","复杂系统","software","direction","5","3"
"system-science-4","system-science","网络动力学","software","direction","5","3"
"system-science-5","system-science","非线性系统","software","direction","5","3"
"system-science-6","system-science","系统演化","software","direction","5","3"
"system-science-7","system-science","自组织理论","software","route","5","3"
"system-science-8","system-science","系统建模","software","direction","5","3"
"system-science-9","system-science","系统决策资料","software","direction","5","3"
"system-science-10","system-science","多尺度系统","software","direction","5","3"
"system-science-11","system-science","系统仿真评价","software","direction","5","3"
"system-science-12","system-science","系统科学史","software","direction","5","3"
"science-history-1","science-history","数学史","history","host-discipline","5","3"
"science-history-2","science-history","物理学史","history","host-discipline","5","3"
"science-history-3","science-history","化学史","history","host-discipline","5","3"
"science-history-4","science-history","生物学史","history","host-discipline","5","3"
"science-history-5","science-history","医学科技史","history","host-discipline","5","3"
"science-history-6","science-history","农学科技史","history","host-discipline","5","3"
"science-history-7","science-history","工程技术史","history","host-discipline","5","3"
"science-history-8","science-history","科学仪器史","history","host-discipline","5","3"
"science-history-9","science-history","科学制度史","history","host-discipline","5","3"
"science-history-10","science-history","科学知识传播史","history","host-discipline","5","3"
"science-history-11","science-history","技术档案","history","host-discipline","5","3"
"science-history-12","science-history","科技史口述","history","host-discipline","5","3"
"ecology-studies-1","ecology-studies","植物生态","ecology","host-discipline","5","3"
"ecology-studies-2","ecology-studies","动物生态","ecology","host-discipline","5","3"
"ecology-studies-3","ecology-studies","微生物生态资料","ecology","host-discipline","5","3"
"ecology-studies-4","ecology-studies","群落生态","ecology","host-discipline","5","3"
"ecology-studies-5","ecology-studies","生态系统生态","ecology","host-discipline","5","3"
"ecology-studies-6","ecology-studies","景观生态","ecology","host-discipline","5","3"
"ecology-studies-7","ecology-studies","生态模型","ecology","host-discipline","5","3"
"ecology-studies-8","ecology-studies","城市生态","ecology","host-discipline","5","3"
"ecology-studies-9","ecology-studies","保护生态","ecology","host-discipline","5","3"
"ecology-studies-10","ecology-studies","恢复生态","ecology","host-discipline","5","3"
"ecology-studies-11","ecology-studies","生态统计","ecology","host-discipline","5","3"
"ecology-studies-12","ecology-studies","生态观测史","ecology","host-discipline","5","3"
"instruments-engineering-1","instruments-engineering","精密仪器","electronics","host-discipline","5","3"
"instruments-engineering-2","instruments-engineering","测试计量","electronics","host-discipline","5","3"
"instruments-engineering-3","instruments-engineering","传感器评价","electronics","host-discipline","5","3"
"instruments-engineering-4","instruments-engineering","仪器标定","electronics","host-discipline","5","3"
"instruments-engineering-5","instruments-engineering","测量不确定性","electronics","host-discipline","5","3"
"instruments-engineering-6","instruments-engineering","光电仪器","electronics","host-discipline","5","3"
"instruments-engineering-7","instruments-engineering","智能仪器","electronics","host-discipline","5","3"
"instruments-engineering-8","instruments-engineering","测量系统","electronics","host-discipline","5","3"
"instruments-engineering-9","instruments-engineering","仪器可靠性","electronics","host-discipline","5","3"
"instruments-engineering-10","instruments-engineering","信号调理评价","electronics","host-discipline","5","3"
"instruments-engineering-11","instruments-engineering","仪器软件","electronics","host-discipline","5","3"
"instruments-engineering-12","instruments-engineering","仪器史","electronics","host-discipline","5","3"
"metallurgy-engineering-1","metallurgy-engineering","冶金物理化学","chemistry","direction","5","3"
"metallurgy-engineering-2","metallurgy-engineering","钢铁冶金资料","mechanical","family","5","3"
"metallurgy-engineering-3","metallurgy-engineering","有色冶金资料","mechanical","family","5","3"
"metallurgy-engineering-4","metallurgy-engineering","冶金过程模型","mechanical","family","5","3"
"metallurgy-engineering-5","metallurgy-engineering","冶金资源评价","mechanical","family","5","3"
"metallurgy-engineering-6","metallurgy-engineering","冶金测量","mechanical","family","5","3"
"metallurgy-engineering-7","metallurgy-engineering","冶金材料性能","chemistry","direction","5","3"
"metallurgy-engineering-8","metallurgy-engineering","冶金过程控制","mechanical","direction","5","3"
"metallurgy-engineering-9","metallurgy-engineering","冶金环保评价","mechanical","family","5","3"
"metallurgy-engineering-10","metallurgy-engineering","冶金能耗评价","mechanical","family","5","3"
"metallurgy-engineering-11","metallurgy-engineering","冶金质量管理","mechanical","family","5","3"
"metallurgy-engineering-12","metallurgy-engineering","冶金史","mechanical","family","5","3"
"geological-engineering-1","geological-engineering","地质工程资料","ecology","direction","5","3"
"geological-engineering-2","geological-engineering","地质勘查史","ecology","direction","5","3"
"geological-engineering-3","geological-engineering","工程地质评价","ecology","direction","5","3"
"geological-engineering-4","geological-engineering","地球探测资料","ecology","route","5","3"
"geological-engineering-5","geological-engineering","地质资源评价","ecology","direction","5","3"
"geological-engineering-6","geological-engineering","地质模型","ecology","direction","5","3"
"geological-engineering-7","geological-engineering","地下水资料","ecology","route","5","3"
"geological-engineering-8","geological-engineering","地质信息","ecology","direction","5","3"
"geological-engineering-9","geological-engineering","环境地质评价","ecology","direction","5","3"
"geological-engineering-10","geological-engineering","地质监测","ecology","direction","5","3"
"geological-engineering-11","geological-engineering","地质不确定性","ecology","direction","5","3"
"geological-engineering-12","geological-engineering","地质工程教育","education","method","5","3"
"mining-engineering-1","mining-engineering","矿业工程史","construction","direction","5","3"
"mining-engineering-2","mining-engineering","矿产资源评价","construction","direction","5","3"
"mining-engineering-3","mining-engineering","矿业系统模型","software","direction","5","3"
"mining-engineering-4","mining-engineering","矿业组织研究","construction","direction","5","3"
"mining-engineering-5","mining-engineering","矿业测量资料","construction","direction","5","3"
"mining-engineering-6","mining-engineering","矿业环境评价","ecology","direction","5","3"
"mining-engineering-7","mining-engineering","资源利用评价","construction","route","5","3"
"mining-engineering-8","mining-engineering","矿业装备可靠性","construction","direction","5","3"
"mining-engineering-9","mining-engineering","矿业信息系统","software","direction","5","3"
"mining-engineering-10","mining-engineering","矿业安全文化","software","direction","5","3"
"mining-engineering-11","mining-engineering","矿业教育","education","method","5","3"
"mining-engineering-12","mining-engineering","矿业公共资料","construction","direction","5","3"
"petroleum-engineering-1","petroleum-engineering","油气地质资料","ecology","direction","5","3"
"petroleum-engineering-2","petroleum-engineering","油气资源评价","mechanical","family","5","3"
"petroleum-engineering-3","petroleum-engineering","储层模型","mechanical","family","5","3"
"petroleum-engineering-4","petroleum-engineering","能源流体资料","mechanical","direction","5","3"
"petroleum-engineering-5","petroleum-engineering","油气测量","mechanical","family","5","3"
"petroleum-engineering-6","petroleum-engineering","油气工程史","mechanical","family","5","3"
"petroleum-engineering-7","petroleum-engineering","油气生产系统评价","software","direction","5","3"
"petroleum-engineering-8","petroleum-engineering","油气环境评价","ecology","direction","5","3"
"petroleum-engineering-9","petroleum-engineering","油气装备可靠性","mechanical","family","5","3"
"petroleum-engineering-10","petroleum-engineering","油气数据质量","mechanical","family","5","3"
"petroleum-engineering-11","petroleum-engineering","天然气系统评价","software","direction","5","3"
"petroleum-engineering-12","petroleum-engineering","能源转型资料","mechanical","direction","5","3"
"textile-engineering-1","textile-engineering","纺织材料","chemistry","direction","5","3"
"textile-engineering-2","textile-engineering","纺织工艺评价","mechanical","family","5","3"
"textile-engineering-3","textile-engineering","纺织化学资料","chemistry","direction","5","3"
"textile-engineering-4","textile-engineering","服装设计与工程","mechanical","family","5","3"
"textile-engineering-5","textile-engineering","纺织测量","mechanical","family","5","3"
"textile-engineering-6","textile-engineering","纺织舒适性","mechanical","family","5","3"
"textile-engineering-7","textile-engineering","纺织结构","construction","direction","5","3"
"textile-engineering-8","textile-engineering","纺织质量管理","mechanical","family","5","3"
"textile-engineering-9","textile-engineering","纺织资源循环","mechanical","family","5","3"
"textile-engineering-10","textile-engineering","纺织数字化","mechanical","family","5","3"
"textile-engineering-11","textile-engineering","纺织史","mechanical","family","5","3"
"textile-engineering-12","textile-engineering","纺织教育","education","method","5","3"
"light-industry-1","light-industry","制浆造纸资料","mechanical","family","5","3"
"light-industry-2","light-industry","制革材料资料","chemistry","direction","5","3"
"light-industry-3","light-industry","包装工程","mechanical","family","5","3"
"light-industry-4","light-industry","印刷工程","mechanical","family","5","3"
"light-industry-5","light-industry","轻工过程评价","mechanical","family","5","3"
"light-industry-6","light-industry","轻工资源循环","mechanical","family","5","3"
"light-industry-7","light-industry","轻工产品设计","interaction","direction","5","3"
"light-industry-8","light-industry","轻工质量管理","mechanical","family","5","3"
"light-industry-9","light-industry","轻工材料测量","chemistry","direction","5","3"
"light-industry-10","light-industry","轻工环境评价","ecology","direction","5","3"
"light-industry-11","light-industry","轻工数字化","mechanical","family","5","3"
"light-industry-12","light-industry","轻工史","mechanical","family","5","3"
"transportation-engineering-1","transportation-engineering","道路与铁道工程资料","mechanical","route","5","3"
"transportation-engineering-2","transportation-engineering","交通信息工程","electronics","direction","5","3"
"transportation-engineering-3","transportation-engineering","交通运输规划","mechanical","direction","5","3"
"transportation-engineering-4","transportation-engineering","交通运载工具评价","mechanical","direction","5","3"
"transportation-engineering-5","transportation-engineering","交通组织","mechanical","direction","5","3"
"transportation-engineering-6","transportation-engineering","出行行为","mechanical","route","5","3"
"transportation-engineering-7","transportation-engineering","公共交通","mechanical","direction","5","3"
"transportation-engineering-8","transportation-engineering","交通测量","mechanical","direction","5","3"
"transportation-engineering-9","transportation-engineering","交通可靠性","mechanical","direction","5","3"
"transportation-engineering-10","transportation-engineering","交通环境评价","ecology","direction","5","3"
"transportation-engineering-11","transportation-engineering","交通工程史","mechanical","direction","5","3"
"transportation-engineering-12","transportation-engineering","交通可及性","mechanical","direction","5","3"
"ship-engineering-1","ship-engineering","船舶结构评价","mechanical","direction","5","3"
"ship-engineering-2","ship-engineering","船舶流体模型","mechanical","direction","5","3"
"ship-engineering-3","ship-engineering","海洋结构","ecology","direction","5","3"
"ship-engineering-4","ship-engineering","船舶动力资料","mechanical","direction","5","3"
"ship-engineering-5","ship-engineering","海洋工程测量","ecology","direction","5","3"
"ship-engineering-6","ship-engineering","海洋装备可靠性","ecology","direction","5","3"
"ship-engineering-7","ship-engineering","港口协作资料","ecology","route","5","3"
"ship-engineering-8","ship-engineering","海洋环境工况","process","direction","5","3"
"ship-engineering-9","ship-engineering","船舶工程史","mechanical","direction","5","3"
"ship-engineering-10","ship-engineering","海洋工程材料","ecology","direction","5","3"
"ship-engineering-11","ship-engineering","船舶数字化","mechanical","direction","5","3"
"ship-engineering-12","ship-engineering","海洋工程教育","education","method","5","3"
"armament-history-1","armament-history","兵器技术史","military","host-discipline","5","3"
"armament-history-2","armament-history","装备博物馆资料","military","host-discipline","5","3"
"armament-history-3","armament-history","装备标准史","military","host-discipline","5","3"
"armament-history-4","armament-history","技术档案评价","military","host-discipline","5","3"
"armament-history-5","armament-history","公开技术叙事","military","host-discipline","5","3"
"armament-history-6","armament-history","材料史","military","host-discipline","5","3"
"armament-history-7","armament-history","工业组织史","military","host-discipline","5","3"
"armament-history-8","armament-history","科技伦理","military","host-discipline","5","3"
"armament-history-9","armament-history","装备展示研究","military","host-discipline","5","3"
"armament-history-10","armament-history","技术教育史","military","host-discipline","5","3"
"armament-history-11","armament-history","文物技术资料","military","host-discipline","5","3"
"armament-history-12","armament-history","技术文献校勘","military","host-discipline","5","3"
"nuclear-engineering-1","nuclear-engineering","核工程史","mechanical","family","5","3"
"nuclear-engineering-2","nuclear-engineering","核能系统评价","software","direction","5","3"
"nuclear-engineering-3","nuclear-engineering","辐射测量资料","mechanical","family","5","3"
"nuclear-engineering-4","nuclear-engineering","核仪器史","mechanical","family","5","3"
"nuclear-engineering-5","nuclear-engineering","核材料公开资料","chemistry","direction","5","3"
"nuclear-engineering-6","nuclear-engineering","核能环境评价","ecology","direction","5","3"
"nuclear-engineering-7","nuclear-engineering","核能政策","mechanical","family","5","3"
"nuclear-engineering-8","nuclear-engineering","核数据质量","mechanical","family","5","3"
"nuclear-engineering-9","nuclear-engineering","核工程教育","education","method","5","3"
"nuclear-engineering-10","nuclear-engineering","公共风险沟通","mechanical","family","5","3"
"nuclear-engineering-11","nuclear-engineering","核能经济评价","mechanical","family","5","3"
"nuclear-engineering-12","nuclear-engineering","公开模型复现","mechanical","family","5","3"
"agricultural-engineering-1","agricultural-engineering","农业机械评价","mechanical","direction","5","3"
"agricultural-engineering-2","agricultural-engineering","农业水土工程","mechanical","method","5","3"
"agricultural-engineering-3","agricultural-engineering","农业生物环境工程","mechanical","method","5","3"
"agricultural-engineering-4","agricultural-engineering","农业电气化","mechanical","direction","5","3"
"agricultural-engineering-5","agricultural-engineering","农业信息化","mechanical","family","5","3"
"agricultural-engineering-6","agricultural-engineering","农业装备可靠性","mechanical","family","5","3"
"agricultural-engineering-7","agricultural-engineering","农业能源评价","mechanical","direction","5","3"
"agricultural-engineering-8","agricultural-engineering","设施农业工程","mechanical","method","5","3"
"agricultural-engineering-9","agricultural-engineering","农业工程测量","mechanical","method","5","3"
"agricultural-engineering-10","agricultural-engineering","农业工程史","mechanical","method","5","3"
"agricultural-engineering-11","agricultural-engineering","农业机器人评价","mechanical","direction","5","3"
"agricultural-engineering-12","agricultural-engineering","农业工程教育","education","method","5","3"
"forest-engineering-1","forest-engineering","森林工程资料","ecology","direction","5","3"
"forest-engineering-2","forest-engineering","木材科学","ecology","route","5","3"
"forest-engineering-3","forest-engineering","林产化学资料","ecology","direction","5","3"
"forest-engineering-4","forest-engineering","木材结构","construction","direction","5","3"
"forest-engineering-5","forest-engineering","林业装备评价","ecology","direction","5","3"
"forest-engineering-6","forest-engineering","木材测量","ecology","route","5","3"
"forest-engineering-7","forest-engineering","林产品设计","ecology","direction","5","3"
"forest-engineering-8","forest-engineering","林产资源循环","ecology","direction","5","3"
"forest-engineering-9","forest-engineering","林业工程质量","ecology","direction","5","3"
"forest-engineering-10","forest-engineering","林业工程史","ecology","direction","5","3"
"forest-engineering-11","forest-engineering","木材数字化","ecology","route","5","3"
"forest-engineering-12","forest-engineering","林业工程教育","education","method","5","3"
"biomedical-engineering-1","biomedical-engineering","生物医学仪器","mechanical","family","5","3"
"biomedical-engineering-2","biomedical-engineering","生物医学信号","electronics","direction","5","3"
"biomedical-engineering-3","biomedical-engineering","医学成像评价","mechanical","family","5","3"
"biomedical-engineering-4","biomedical-engineering","生物材料评价","chemistry","direction","5","3"
"biomedical-engineering-5","biomedical-engineering","康复工程","mechanical","family","5","3"
"biomedical-engineering-6","biomedical-engineering","生物力学","mechanical","direction","5","3"
"biomedical-engineering-7","biomedical-engineering","医学信息工程","mechanical","family","5","3"
"biomedical-engineering-8","biomedical-engineering","医疗器械可用性","interaction","method","5","3"
"biomedical-engineering-9","biomedical-engineering","辅助技术","mechanical","family","5","3"
"biomedical-engineering-10","biomedical-engineering","生物医学测量","mechanical","family","5","3"
"biomedical-engineering-11","biomedical-engineering","工程伦理","mechanical","family","5","3"
"biomedical-engineering-12","biomedical-engineering","医学工程史","mechanical","family","5","3"
"urban-planning-1","urban-planning","城市规划理论","construction","direction","5","3"
"urban-planning-2","urban-planning","城乡空间","construction","direction","5","3"
"urban-planning-3","urban-planning","区域规划","construction","direction","5","3"
"urban-planning-4","urban-planning","城市设计","construction","route","5","3"
"urban-planning-5","urban-planning","社区规划","construction","direction","5","3"
"urban-planning-6","urban-planning","交通与空间","mechanical","direction","5","3"
"urban-planning-7","urban-planning","历史空间保护","construction","route","5","3"
"urban-planning-8","urban-planning","规划实施评价","construction","direction","5","3"
"urban-planning-9","urban-planning","规划公众参与","construction","direction","5","3"
"urban-planning-10","urban-planning","城乡规划史","construction","direction","5","3"
"urban-planning-11","urban-planning","规划数字工具","construction","direction","5","3"
"urban-planning-12","urban-planning","城乡公平","construction","direction","5","3"
"bio-engineering-1","bio-engineering","生物过程模型","mechanical","family","5","3"
"bio-engineering-2","bio-engineering","生物工程测量","mechanical","family","5","3"
"bio-engineering-3","bio-engineering","生物材料资料","chemistry","direction","5","3"
"bio-engineering-4","bio-engineering","生物制造公开资料","mechanical","family","5","3"
"bio-engineering-5","bio-engineering","生物工程信息","mechanical","family","5","3"
"bio-engineering-6","bio-engineering","过程质量评价","mechanical","family","5","3"
"bio-engineering-7","bio-engineering","生物资源评价","mechanical","family","5","3"
"bio-engineering-8","bio-engineering","工程批次资料","mechanical","family","5","3"
"bio-engineering-9","bio-engineering","生物工程伦理","mechanical","family","5","3"
"bio-engineering-10","bio-engineering","生物工程史","mechanical","family","5","3"
"bio-engineering-11","bio-engineering","工程环境评价","ecology","direction","5","3"
"bio-engineering-12","bio-engineering","工程教育","education","method","5","3"
"safety-engineering-1","safety-engineering","安全系统评价","software","direction","5","3"
"safety-engineering-2","safety-engineering","安全管理","software","direction","5","3"
"safety-engineering-3","safety-engineering","人因与安全","software","direction","5","3"
"safety-engineering-4","safety-engineering","安全文化","software","direction","5","3"
"safety-engineering-5","safety-engineering","应急组织研究","industrial-safety","direction","5","3"
"safety-engineering-6","safety-engineering","风险沟通","software","route","5","3"
"safety-engineering-7","safety-engineering","安全测量资料","software","direction","5","3"
"safety-engineering-8","safety-engineering","事故史料","industrial-safety","direction","5","3"
"safety-engineering-9","safety-engineering","职业安全教育","education","method","5","3"
"safety-engineering-10","safety-engineering","安全信息质量","software","direction","5","3"
"safety-engineering-11","safety-engineering","安全政策","software","direction","5","3"
"safety-engineering-12","safety-engineering","安全工程史","industrial-safety","direction","5","3"
"police-technology-1","police-technology","公开物证资料评价","mechanical","family","5","3"
"police-technology-2","police-technology","公安技术史","mechanical","family","5","3"
"police-technology-3","police-technology","公共安全信息","software","direction","5","3"
"police-technology-4","police-technology","技术标准史","mechanical","family","5","3"
"police-technology-5","police-technology","技术展示研究","mechanical","family","5","3"
"police-technology-6","police-technology","图像资料质量","mechanical","family","5","3"
"police-technology-7","police-technology","公开数据标注","mechanical","family","5","3"
"police-technology-8","police-technology","技术伦理","mechanical","family","5","3"
"police-technology-9","police-technology","技术教育","education","method","5","3"
"police-technology-10","police-technology","公开模型评价","mechanical","family","5","3"
"police-technology-11","police-technology","数字资料保全研究","mechanical","family","5","3"
"police-technology-12","police-technology","技术文献","mechanical","family","5","3"
"cybersecurity-studies-1","cybersecurity-studies","安全治理","software","direction","5","3"
"cybersecurity-studies-2","cybersecurity-studies","隐私保护评价","software","route","5","3"
"cybersecurity-studies-3","cybersecurity-studies","密码学理论","cryptography","direction","5","3"
"cybersecurity-studies-4","cybersecurity-studies","可信计算资料","software","route","5","3"
"cybersecurity-studies-5","cybersecurity-studies","软件安全测试研究","software","direction","5","3"
"cybersecurity-studies-6","cybersecurity-studies","安全可用性","interaction","method","5","3"
"cybersecurity-studies-7","cybersecurity-studies","安全协议形式分析","math","direction","5","3"
"cybersecurity-studies-8","cybersecurity-studies","安全教育","education","method","5","3"
"cybersecurity-studies-9","cybersecurity-studies","网络安全史","software","direction","5","3"
"cybersecurity-studies-10","cybersecurity-studies","公开漏洞资料评价","software","route","5","3"
"cybersecurity-studies-11","cybersecurity-studies","安全测量","software","direction","5","3"
"cybersecurity-studies-12","cybersecurity-studies","安全伦理","software","direction","5","3"
"landscape-studies-1","landscape-studies","风景园林历史","ecology","direction","5","3"
"landscape-studies-2","landscape-studies","园林设计","ecology","direction","5","3"
"landscape-studies-3","landscape-studies","景观规划","construction","direction","5","3"
"landscape-studies-4","landscape-studies","景观生态设计","ecology","direction","5","3"
"landscape-studies-5","landscape-studies","风景资源评价","ecology","route","5","3"
"landscape-studies-6","landscape-studies","园林植物应用","ecology","direction","5","3"
"landscape-studies-7","landscape-studies","公共空间","ecology","route","5","3"
"landscape-studies-8","landscape-studies","景观使用评价","ecology","route","5","3"
"landscape-studies-9","landscape-studies","园林遗产","ecology","direction","5","3"
"landscape-studies-10","landscape-studies","景观工程评价","ecology","route","5","3"
"landscape-studies-11","landscape-studies","风景园林教育","education","method","5","3"
"landscape-studies-12","landscape-studies","景观可及性","ecology","route","5","3"
"plant-protection-1","plant-protection","植物病理资料","protection","host-discipline","5","3"
"plant-protection-2","plant-protection","农业昆虫学资料","protection","host-discipline","5","3"
"plant-protection-3","plant-protection","植物检疫制度史","protection","host-discipline","5","3"
"plant-protection-4","plant-protection","植保生态","protection","host-discipline","5","3"
"plant-protection-5","plant-protection","作物健康观测","protection","host-discipline","5","3"
"plant-protection-6","plant-protection","植保预警评价","protection","host-discipline","5","3"
"plant-protection-7","plant-protection","农业生物多样性","protection","host-discipline","5","3"
"plant-protection-8","plant-protection","植保资料质量","protection","host-discipline","5","3"
"plant-protection-9","plant-protection","植保资源评价","protection","host-discipline","5","3"
"plant-protection-10","plant-protection","植保教育","education","method","5","3"
"plant-protection-11","plant-protection","植保史","protection","host-discipline","5","3"
"plant-protection-12","plant-protection","农田健康管理","protection","host-discipline","5","3"
"animal-science-1","animal-science","动物遗传资料","animal-science","host-discipline","5","3"
"animal-science-2","animal-science","动物营养资料","animal-science","host-discipline","5","3"
"animal-science-3","animal-science","动物生产系统","animal-science","host-discipline","5","3"
"animal-science-4","animal-science","动物福利","animal-science","host-discipline","5","3"
"animal-science-5","animal-science","饲料评价","animal-science","host-discipline","5","3"
"animal-science-6","animal-science","畜牧生态","animal-science","host-discipline","5","3"
"animal-science-7","animal-science","动物行为","animal-science","host-discipline","5","3"
"animal-science-8","animal-science","畜产品质量","animal-science","host-discipline","5","3"
"animal-science-9","animal-science","牧场资源评价","animal-science","host-discipline","5","3"
"animal-science-10","animal-science","畜牧统计","animal-science","host-discipline","5","3"
"animal-science-11","animal-science","畜牧史","animal-science","host-discipline","5","3"
"animal-science-12","animal-science","动物科学教育","education","method","5","3"
"grass-science-1","grass-science","草地生态","ecology","direction","5","3"
"grass-science-2","grass-science","牧草资料","crop","family","5","3"
"grass-science-3","grass-science","草地资源","crop","family","5","3"
"grass-science-4","grass-science","草地管理","crop","family","5","3"
"grass-science-5","grass-science","草坪研究","crop","family","5","3"
"grass-science-6","grass-science","草地恢复","crop","family","5","3"
"grass-science-7","grass-science","草地遥感","crop","family","5","3"
"grass-science-8","grass-science","草地土壤","ecology","direction","5","3"
"grass-science-9","grass-science","草地水分","crop","family","5","3"
"grass-science-10","grass-science","草地统计","crop","family","5","3"
"grass-science-11","grass-science","草学史","crop","family","5","3"
"grass-science-12","grass-science","草地社会研究","crop","family","5","3"
"soil-water-conservation-1","soil-water-conservation","水土保持原理","crop","family","5","3"
"soil-water-conservation-2","soil-water-conservation","土壤侵蚀资料","ecology","direction","5","3"
"soil-water-conservation-3","soil-water-conservation","流域资料","crop","family","5","3"
"soil-water-conservation-4","soil-water-conservation","荒漠生态","ecology","direction","5","3"
"soil-water-conservation-5","soil-water-conservation","防护林评价","ecology","direction","5","3"
"soil-water-conservation-6","soil-water-conservation","恢复过程","crop","family","5","3"
"soil-water-conservation-7","soil-water-conservation","坡面观测","crop","family","5","3"
"soil-water-conservation-8","soil-water-conservation","土地退化","crop","family","5","3"
"soil-water-conservation-9","soil-water-conservation","水土保持政策","crop","family","5","3"
"soil-water-conservation-10","soil-water-conservation","空间资料质量","crop","family","5","3"
"soil-water-conservation-11","soil-water-conservation","治理成效评价","crop","family","5","3"
"soil-water-conservation-12","soil-water-conservation","水土保持史","crop","family","5","3"
"food-nutrition-1","food-nutrition","食品组成资料","food","direction","5","3"
"food-nutrition-2","food-nutrition","营养调查","food","direction","5","3"
"food-nutrition-3","food-nutrition","膳食模式","food","route","5","3"
"food-nutrition-4","food-nutrition","食品感官评价","food","direction","5","3"
"food-nutrition-5","food-nutrition","食品质量","food","direction","5","3"
"food-nutrition-6","food-nutrition","营养教育","education","method","5","3"
"food-nutrition-7","food-nutrition","食品消费","food","direction","5","3"
"food-nutrition-8","food-nutrition","食品资源评价","food","direction","5","3"
"food-nutrition-9","food-nutrition","食品文化","food","direction","5","3"
"food-nutrition-10","food-nutrition","食品服务评价","food","direction","5","3"
"food-nutrition-11","food-nutrition","营养资料质量","food","direction","5","3"
"food-nutrition-12","food-nutrition","食品营养史","food","direction","5","3"
"military-organization-1","military-organization","联合作战制度史","military","family","5","3"
"military-organization-2","military-organization","军兵种组织史","military","family","5","3"
"military-organization-3","military-organization","军事指挥史","military","family","5","3"
"military-organization-4","military-organization","军队政治工作史","military","family","5","3"
"military-organization-5","military-organization","军事后勤史","military","family","5","3"
"military-organization-6","military-organization","军事装备管理史","military","family","5","3"
"military-organization-7","military-organization","军事管理制度","military","family","5","3"
"military-organization-8","military-organization","军事训练教育史","military","family","5","3"
"military-organization-9","military-organization","军事智能公开文献","military","family","5","3"
"military-organization-10","military-organization","协作制度比较","military","family","5","3"
"military-organization-11","military-organization","公开军事资料质量","military","family","5","3"
"military-organization-12","military-organization","军事教育伦理","military","family","5","3"
"agri-economics-1","agri-economics","农业经济管理","economics","method","5","3"
"agri-economics-2","agri-economics","林业经济管理","economics","method","5","3"
"agri-economics-3","agri-economics","农村发展","organization","route","5","3"
"agri-economics-4","agri-economics","农户行为","organization","route","5","3"
"agri-economics-5","agri-economics","农业组织","organization","direction","5","3"
"agri-economics-6","agri-economics","农产品市场","organization","route","5","3"
"agri-economics-7","agri-economics","林业资源经济","economics","method","5","3"
"agri-economics-8","agri-economics","农村公共服务","policy","direction","5","3"
"agri-economics-9","agri-economics","农业政策评价","policy","direction","5","3"
"agri-economics-10","agri-economics","农林经营史","organization","route","5","3"
"agri-economics-11","agri-economics","农林资源配置","organization","route","5","3"
"agri-economics-12","agri-economics","乡村产业","organization","route","5","3"
"tourism-management-1","tourism-management","旅游行为","tourism","host-discipline","5","3"
"tourism-management-2","tourism-management","旅游目的地","tourism","host-discipline","5","3"
"tourism-management-3","tourism-management","酒店管理研究","tourism","host-discipline","5","3"
"tourism-management-4","tourism-management","旅游服务","tourism","host-discipline","5","3"
"tourism-management-5","tourism-management","文化旅游","tourism","host-discipline","5","3"
"tourism-management-6","tourism-management","旅游资源评价","tourism","host-discipline","5","3"
"tourism-management-7","tourism-management","旅游环境","tourism","host-discipline","5","3"
"tourism-management-8","tourism-management","旅游组织","tourism","host-discipline","5","3"
"tourism-management-9","tourism-management","旅游数字化","tourism","host-discipline","5","3"
"tourism-management-10","tourism-management","旅游体验","tourism","host-discipline","5","3"
"tourism-management-11","tourism-management","旅游管理史","tourism","host-discipline","5","3"
"tourism-management-12","tourism-management","旅游可及性","tourism","host-discipline","5","3"
"audit-studies-1","audit-studies","财务审计研究","accounting","direction","5","3"
"audit-studies-2","audit-studies","绩效审计研究","accounting","direction","5","3"
"audit-studies-3","audit-studies","内部审计","accounting","direction","5","3"
"audit-studies-4","audit-studies","审计证据","accounting","direction","5","3"
"audit-studies-5","audit-studies","审计制度史","accounting","direction","5","3"
"audit-studies-6","audit-studies","审计质量","accounting","direction","5","3"
"audit-studies-7","audit-studies","审计数据评价","accounting","direction","5","3"
"audit-studies-8","audit-studies","审计职业判断","accounting","direction","5","3"
"audit-studies-9","audit-studies","公共审计资料","accounting","direction","5","3"
"audit-studies-10","audit-studies","审计沟通","accounting","direction","5","3"
"audit-studies-11","audit-studies","数字审计研究","accounting","direction","5","3"
"audit-studies-12","audit-studies","审计教育","education","method","5","3"
"dance-studies-1","dance-studies","舞蹈史","performance","direction","5","3"
"dance-studies-2","dance-studies","舞蹈理论","performance","direction","5","3"
"dance-studies-3","dance-studies","舞蹈编创","performance","direction","5","3"
"dance-studies-4","dance-studies","舞蹈表演","performance","direction","5","3"
"dance-studies-5","dance-studies","舞蹈教育","education","method","5","3"
"dance-studies-6","dance-studies","民族民间舞研究","performance","route","5","3"
"dance-studies-7","dance-studies","舞蹈记录","performance","direction","5","3"
"dance-studies-8","dance-studies","舞蹈影像","performance","direction","5","3"
"dance-studies-9","dance-studies","舞蹈身体经验","performance","direction","5","3"
"dance-studies-10","dance-studies","舞蹈观众","performance","direction","5","3"
"dance-studies-11","dance-studies","舞蹈与技术","performance","direction","5","3"
"dance-studies-12","dance-studies","舞蹈文献","performance","direction","5","3"
"opera-studies-1","opera-studies","戏曲史","performance","direction","5","3"
"opera-studies-2","opera-studies","曲艺史","performance","direction","5","3"
"opera-studies-3","opera-studies","戏曲文本","performance","direction","5","3"
"opera-studies-4","opera-studies","曲艺文本","performance","direction","5","3"
"opera-studies-5","opera-studies","戏曲表演","performance","direction","5","3"
"opera-studies-6","opera-studies","曲艺表演","performance","direction","5","3"
"opera-studies-7","opera-studies","唱腔资料","performance","route","5","3"
"opera-studies-8","opera-studies","程式研究","performance","route","5","3"
"opera-studies-9","opera-studies","地方剧种","performance","route","5","3"
"opera-studies-10","opera-studies","戏曲教育","education","method","5","3"
"opera-studies-11","opera-studies","演出档案","performance","route","5","3"
"opera-studies-12","opera-studies","戏曲观众","performance","direction","5","3"
"integrated-circuits-1","integrated-circuits","集成电路理论","cross","family","5","3"
"integrated-circuits-2","integrated-circuits","芯片设计资料","cross","family","5","3"
"integrated-circuits-3","integrated-circuits","器件模型评价","cross","family","5","3"
"integrated-circuits-4","integrated-circuits","电路仿真","cross","family","5","3"
"integrated-circuits-5","integrated-circuits","集成电路测量","cross","family","5","3"
"integrated-circuits-6","integrated-circuits","芯片可靠性","cross","family","5","3"
"integrated-circuits-7","integrated-circuits","设计自动化","cross","family","5","3"
"integrated-circuits-8","integrated-circuits","芯片架构评价","cross","family","5","3"
"integrated-circuits-9","integrated-circuits","工艺资料比较","cross","family","5","3"
"integrated-circuits-10","integrated-circuits","芯片能耗评价","cross","family","5","3"
"integrated-circuits-11","integrated-circuits","集成电路史","cross","family","5","3"
"integrated-circuits-12","integrated-circuits","芯片教育","education","method","5","3"
"national-security-studies-1","national-security-studies","国家安全理论","cross","family","5","3"
"national-security-studies-2","national-security-studies","安全政策史","cross","family","5","3"
"national-security-studies-3","national-security-studies","公共风险沟通","cross","family","5","3"
"national-security-studies-4","national-security-studies","组织协作制度","cross","family","5","3"
"national-security-studies-5","national-security-studies","社会韧性资料","cross","family","5","3"
"national-security-studies-6","national-security-studies","安全治理","cross","family","5","3"
"national-security-studies-7","national-security-studies","国际安全文献","cross","family","5","3"
"national-security-studies-8","national-security-studies","安全教育","education","method","5","3"
"national-security-studies-9","national-security-studies","安全伦理","cross","family","5","3"
"national-security-studies-10","national-security-studies","文化与安全","cross","family","5","3"
"national-security-studies-11","national-security-studies","公开资料质量","cross","family","5","3"
"national-security-studies-12","national-security-studies","比较安全制度","cross","family","5","3"
"intelligent-science-1","intelligent-science","智能理论","computing","direction","5","3"
"intelligent-science-2","intelligent-science","认知计算资料","computing","route","5","3"
"intelligent-science-3","intelligent-science","机器学习评价","computing","direction","5","3"
"intelligent-science-4","intelligent-science","智能系统建模","computing","direction","5","3"
"intelligent-science-5","intelligent-science","智能交互","computing","direction","5","3"
"intelligent-science-6","intelligent-science","智能感知评价","computing","direction","5","3"
"intelligent-science-7","intelligent-science","智能决策资料","computing","direction","5","3"
"intelligent-science-8","intelligent-science","智能系统可靠性","computing","direction","5","3"
"intelligent-science-9","intelligent-science","智能伦理","computing","direction","5","3"
"intelligent-science-10","intelligent-science","多模态资料","computing","route","5","3"
"intelligent-science-11","intelligent-science","智能科学史","computing","direction","5","3"
"intelligent-science-12","intelligent-science","智能教育","education","method","5","3"
"nano-science-1","nano-science","纳米材料资料","cross","family","5","3"
"nano-science-2","nano-science","纳米结构测量","cross","family","5","3"
"nano-science-3","nano-science","纳米光学","cross","family","5","3"
"nano-science-4","nano-science","纳米电子资料","cross","family","5","3"
"nano-science-5","nano-science","纳米力学","cross","family","5","3"
"nano-science-6","nano-science","纳米界面","cross","family","5","3"
"nano-science-7","nano-science","纳米能源资料","cross","family","5","3"
"nano-science-8","nano-science","纳米生物资料","cross","family","5","3"
"nano-science-9","nano-science","纳米材料评价","cross","family","5","3"
"nano-science-10","nano-science","尺度效应","cross","family","5","3"
"nano-science-11","nano-science","纳米科学史","cross","family","5","3"
"nano-science-12","nano-science","纳米测量质量","cross","family","5","3"
"area-studies-1","area-studies","区域历史","area-studies","route","5","3"
"area-studies-2","area-studies","国别政治资料","area-studies","direction","5","3"
"area-studies-3","area-studies","区域经济","area-studies","route","5","3"
"area-studies-4","area-studies","区域文化","area-studies","route","5","3"
"area-studies-5","area-studies","区域语言","area-studies","route","5","3"
"area-studies-6","area-studies","区域社会","area-studies","route","5","3"
"area-studies-7","area-studies","国别文献","area-studies","direction","5","3"
"area-studies-8","area-studies","跨区域比较","area-studies","route","5","3"
"area-studies-9","area-studies","区域组织","area-studies","route","5","3"
"area-studies-10","area-studies","地区教育","education","method","5","3"
"area-studies-11","area-studies","区域档案","area-studies","route","5","3"
"area-studies-12","area-studies","区域研究方法","area-studies","direction","5","3"
"cryptography-studies-1","cryptography-studies","密码数学","cryptography","direction","5","3"
"cryptography-studies-2","cryptography-studies","密码协议形式分析","cryptography","direction","5","3"
"cryptography-studies-3","cryptography-studies","密码模型","cryptography","direction","5","3"
"cryptography-studies-4","cryptography-studies","密码标准史","cryptography","direction","5","3"
"cryptography-studies-5","cryptography-studies","密码算法公开评价","cryptography","direction","5","3"
"cryptography-studies-6","cryptography-studies","密码工程资料","cryptography","direction","5","3"
"cryptography-studies-7","cryptography-studies","密码可用性","cryptography","direction","5","3"
"cryptography-studies-8","cryptography-studies","密码教育","education","method","5","3"
"cryptography-studies-9","cryptography-studies","密码伦理","cryptography","direction","5","3"
"cryptography-studies-10","cryptography-studies","隐私保护理论","heritage","direction","5","3"
"cryptography-studies-11","cryptography-studies","密码资料复现","cryptography","direction","5","3"
"cryptography-studies-12","cryptography-studies","密码史","cryptography","direction","5","3"
"heritage-conservation-1","heritage-conservation","文物材料资料","heritage","route","5","3"
"heritage-conservation-2","heritage-conservation","文物病害记录","heritage","route","5","3"
"heritage-conservation-3","heritage-conservation","文物保护史","heritage","direction","5","3"
"heritage-conservation-4","heritage-conservation","文物展示","heritage","route","5","3"
"heritage-conservation-5","heritage-conservation","文物数字记录","heritage","route","5","3"
"heritage-conservation-6","heritage-conservation","保护评价","heritage","direction","5","3"
"heritage-conservation-7","heritage-conservation","文物来源","heritage","route","5","3"
"heritage-conservation-8","heritage-conservation","文物环境资料","heritage","route","5","3"
"heritage-conservation-9","heritage-conservation","文物管理","heritage","route","5","3"
"heritage-conservation-10","heritage-conservation","文物伦理","heritage","route","5","3"
"heritage-conservation-11","heritage-conservation","文物教育","education","method","5","3"
"heritage-conservation-12","heritage-conservation","文物跨学科比较","heritage","route","5","3"
"pharmacy-10","pharmacy","心血管药理学","pharma","host-discipline","5","3"
"pharmacy-11","pharmacy","肾脏药理学","pharma","host-discipline","5","3"
"pharmacy-12","pharmacy","神经药理学","pharma","host-discipline","5","3"
"pharmacy-13","pharmacy","内分泌与代谢药理学","pharma","host-discipline","5","3"
"pharmacy-14","pharmacy","肿瘤药理学","pharma","host-discipline","5","3"
"pharmacy-15","pharmacy","免疫药理学","pharma","host-discipline","5","3"
"pharmacy-16","pharmacy","炎症与镇痛药理学","pharma","host-discipline","5","3"
"pharmacy-17","pharmacy","呼吸药理学","pharma","host-discipline","5","3"
"pharmacy-18","pharmacy","消化药理学","pharma","host-discipline","5","3"
"pharmacy-19","pharmacy","自主神经药理学","pharma","host-discipline","5","3"
"pharmacy-20","pharmacy","血栓与止血药理学","pharma","host-discipline","5","3"
"pharmacy-21","pharmacy","分子与受体药理学","pharma","host-discipline","5","3"
"pharmacy-22","pharmacy","药代与药效关系","pharma","host-discipline","5","3"
"pharmacy-23","pharmacy","药物毒理与安全药理学","pharma","host-discipline","5","3"
"pharmacy-24","pharmacy","发育与衰老药理学","pharma","host-discipline","5","3"
"pharmacy-25","pharmacy","生殖与性别相关药理学","pharma","host-discipline","5","3"
"epistemology-knowledge-social","epistemology","社会认识论","epistemic","direction","5","3"
"ethics-studies-knowledge-moral","ethics-studies","道德责任与运气","ethics","direction","5","3"
"logic-studies-knowledge-modal","logic-studies","模态逻辑与可能世界","ontology","direction","5","3"
"development-econ-knowledge-migration","development-econ","迁移与劳动匹配","optimization","direction","5","3"
"finance-studies-knowledge-liquidity","finance-studies","资产流动性与交易成本","finance","direction","5","3"
"tax-studies-knowledge-incidence","tax-studies","税收归宿与行为反应","economics","direction","5","3"
"intellectual-property-knowledge-patent","intellectual-property","专利权利要求与技术范围","law","direction","5","3"
"constitutional-law-knowledge-proportionality","constitutional-law","行政裁量与比例原则","policy","direction","5","3"
"international-law-knowledge-treaty","international-law","条约解释与多语文本","law","route","5","3"
"curriculum-studies-knowledge-inquiry","curriculum-studies","探究学习与概念转变","education","direction","5","3"
"education-technology-knowledge-feedback","education-technology","学习反馈与自我调节","education","direction","5","3"
"higher-education-knowledge-supervision","higher-education","研究生指导与学术社会化","education","route","5","3"
"linguistics-studies-knowledge-pragmatics","linguistics-studies","语用学与会话含义","language","direction","5","3"
"translation-studies-knowledge-localization","translation-studies","软件本地化与功能对等","translation","route","5","3"
"chinese-language-knowledge-philology","chinese-language","古籍异文与校勘","language","route","5","3"
"archaeology-knowledge-stratigraphy","archaeology","地层关系与遗址形成","archaeology","route","5","3"
"historical-documents-knowledge-epigraphy","historical-documents","碑刻文献与地方记忆","history","family","5","3"
"museum-studies-knowledge-provenance","museum-studies","藏品来源与展示叙事","heritage","route","5","3"
"design-knowledge-accessibility","design","无障碍界面与非视觉交互","interaction","method","5","3"
"musicology-studies-knowledge-performance","musicology-studies","历史演奏实践与版本","performance","route","5","3"
"theatre-studies-knowledge-dramaturgy","theatre-studies","戏剧构作与排演文本","performance","direction","5","3"
"theory-knowledge-spectral","theory","谱理论与算子近似","math","host-discipline","5","3"
"statistics-knowledge-causal","statistics","因果估计与目标试验","statistics","host-discipline","5","3"
"physics-knowledge-phase","physics","相变与有限尺寸标度","physics","host-discipline","5","3"
"mechanical-knowledge-fatigue","mechanical","疲劳寿命与载荷谱","mechanical","route","5","3"
"communications-knowledge-channel","communications","信道估计与时变链路","electronics","host-discipline","5","3"
"materials-knowledge-fracture","materials","断裂韧性与微结构","construction","direction","5","3"
"soil-resources-knowledge-aggregation","soil-resources","土壤团聚体与有机碳","ecology","direction","5","3"
"forest-science-knowledge-demography","forest-science","森林更新与种群动态","ecology","direction","5","3"
"horticulture-studies-knowledge-postharvest","horticulture-studies","园艺采后品质与成熟","crop","direction","5","3"
"nephrology-knowledge-albuminuria","nephrology","肾功能轨迹与白蛋白尿","renal","direction","5","3"
"publichealth-knowledge-screening","publichealth","筛查评价与提前诊断","population","route","5","3"
"rehabilitation-knowledge-participation","rehabilitation","康复参与与环境支持","rehab","host-discipline","5","3"
"strategic-studies-knowledge-deterrence","strategic-studies","威慑理论与公开信号","military","family","5","3"
"peace-conflict-knowledge-mediation","peace-conflict","和平调解与协议执行","military","family","5","3"
"defense-management-knowledge-governance","defense-management","公共项目问责与组织学习","military","family","5","3"
"accounting-studies-knowledge-audit","accounting-studies","审计抽样与证据覆盖","accounting","direction","5","3"
"operations-management-knowledge-queue","operations-management","排队系统与服务波动","organization","route","5","3"
"information-management-knowledge-retrieval","information-management","信息检索与相关性评价","library-science","host-discipline","5","3"
"interdisciplinary-design-knowledge-service","interdisciplinary-design","服务设计与照护协作","cross","family","5","3"
"remote-sensing-knowledge-crop","remote-sensing","遥感物候与农业验证","remote-sensing","direction","5","3"
"intelligent-science-knowledge-humanai","intelligent-science","人机决策与自动化依赖","computing","route","5","3"