"ID","所属路线","专业研究分支","审核后的问题焦点","示例问题","方向类型","连接标签","同路线相邻数","跨路线相邻数","内容检查","机制检查","名称重叠说明"
"classic-1","生物 · 基础医学","分子与细胞","细胞状态与功能解释","这一研究问题的对象、条件和判断依据怎样对应？","literature","life;measurement","8","586","编辑审核完成；游戏分支，非专业资格目录","当前分支准备及新版本失效检查通过","本目录中名称唯一"
"classic-2","生物 · 基础医学","生理与病理","组织功能与研究条件","这一研究问题的对象、条件和判断依据怎样对应？","method","life;health","8","593","编辑审核完成；游戏分支，非专业资格目录","当前分支准备及新版本失效检查通过","本目录中名称唯一"
"classic-3","生物 · 基础医学","组学与系统生物学","高维资料与独立样本","这一研究问题的对象、条件和判断依据怎样对应？","record","life;inference","8","636","编辑审核完成；游戏分支，非专业资格目录","当前分支准备及新版本失效检查通过","本目录中名称唯一"
"data-1","计算机 · AI","机器学习","模型泛化与数据划分","这一研究问题的对象、条件和判断依据怎样对应？","literature","model;inference","8","565","编辑审核完成；游戏分支，非专业资格目录","当前分支准备及新版本失效检查通过","本目录中名称唯一"
"data-2","计算机 · AI","软件与系统","运行边界与故障记录","这一研究问题的对象、条件和判断依据怎样对应？","method","systems;networks","8","173","编辑审核完成；游戏分支，非专业资格目录","当前分支准备及新版本失效检查通过","本目录中名称唯一"
"data-3","计算机 · AI","人机交互","用户任务与使用反馈","这一研究问题的对象、条件和判断依据怎样对应？","record","interaction;learning","8","74","编辑审核完成；游戏分支，非专业资格目录","当前分支准备及新版本失效检查通过","本目录中名称唯一"
"theory-1","数学","分析与微分方程","解的条件与适用范围","今天采用哪些定义和前提，结论具体成立到哪里？","literature","model;systems","8","117","编辑审核完成；游戏分支，非专业资格目录","当前分支准备及新版本失效检查通过","本目录中名称唯一"
"theory-2","数学","概率与数理统计","随机性与推断条件","今天采用哪些定义和前提，结论具体成立到哪里？","method","inference;model","8","132","编辑审核完成；游戏分支，非专业资格目录","当前分支准备及新版本失效检查通过","本目录中名称唯一"
"theory-3","数学","离散数学与优化","结构约束与可行方案","今天采用哪些定义和前提，结论具体成立到哪里？","record","networks;resources","8","21","编辑审核完成；游戏分支，非专业资格目录","当前分支准备及新版本失效检查通过","本目录中名称唯一"
"field-1","社会 · 人类学","社会调查","抽样范围与社会情境","这份材料形成于什么语境，你的解释与材料本身如何区分？","literature","inference;governance","8","101","编辑审核完成；游戏分支，非专业资格目录","当前分支准备及新版本失效检查通过","本目录中名称唯一"
"field-2","社会 · 人类学","文化人类学","参与关系与语境解释","这份材料形成于什么语境，你的解释与材料本身如何区分？","method","culture;text","8","96","编辑审核完成；游戏分支，非专业资格目录","当前分支准备及新版本失效检查通过","共享主题，分属路线：field-2;anthropology-1"
"field-3","社会 · 人类学","社会网络","关系结构与连接含义","这份材料形成于什么语境，你的解释与材料本身如何区分？","record","networks;interaction","8","47","编辑审核完成；游戏分支，非专业资格目录","当前分支准备及新版本失效检查通过","本目录中名称唯一"
"clinical-1","临床医学","临床研究设计","比较对象与结局口径","这一研究问题的对象、条件和判断依据怎样对应？","literature","health;inference","8","600","编辑审核完成；游戏分支，非专业资格目录","当前分支准备及新版本失效检查通过","本目录中名称唯一"
"clinical-2","临床医学","医学影像","图像记录与个体边界","这一研究问题的对象、条件和判断依据怎样对应？","method","health;measurement","8","571","编辑审核完成；游戏分支，非专业资格目录","当前分支准备及新版本失效检查通过","本目录中名称唯一"
"clinical-3","临床医学","健康服务研究","就医过程与执行条件","这一研究问题的对象、条件和判断依据怎样对应？","record","health;governance","8","564","编辑审核完成；游戏分支，非专业资格目录","当前分支准备及新版本失效检查通过","本目录中名称唯一"
"physics-1","物理","凝聚态物理","微观结构与宏观性质","这一研究问题的对象、条件和判断依据怎样对应？","literature","materials;measurement","8","87","编辑审核完成；游戏分支，非专业资格目录","当前分支准备及新版本失效检查通过","本目录中名称唯一"
"physics-2","物理","理论与计算物理","模型假设与近似条件","这一研究问题的对象、条件和判断依据怎样对应？","method","model;systems","8","82","编辑审核完成；游戏分支，非专业资格目录","当前分支准备及新版本失效检查通过","本目录中名称唯一"
"physics-3","物理","光学与测量","信号、背景与标定","这一研究问题的对象、条件和判断依据怎样对应？","record","measurement;networks","8","76","编辑审核完成；游戏分支，非专业资格目录","当前分支准备及新版本失效检查通过","本目录中名称唯一"
"chemistry-1","化学 · 材料","分析化学","信号来源与测量条件","这一研究问题的对象、条件和判断依据怎样对应？","literature","measurement;materials","8","83","编辑审核完成；游戏分支，非专业资格目录","当前分支准备及新版本失效检查通过","本目录中名称唯一"
"chemistry-2","化学 · 材料","物理化学","结构、能量与条件解释","这一研究问题的对象、条件和判断依据怎样对应？","method","energy;model","8","70","编辑审核完成；游戏分支，非专业资格目录","当前分支准备及新版本失效检查通过","本目录中名称唯一"
"chemistry-3","化学 · 材料","高分子与软材料","材料状态与使用环境","这一研究问题的对象、条件和判断依据怎样对应？","record","materials;life","8","21","编辑审核完成；游戏分支，非专业资格目录","当前分支准备及新版本失效检查通过","本目录中名称唯一"
"economics-1","经济学","微观与行为经济","个体选择与识别条件","这一研究问题的对象、条件和判断依据怎样对应？","literature","inference;interaction","8","83","编辑审核完成；游戏分支，非专业资格目录","当前分支准备及新版本失效检查通过","本目录中名称唯一"
"economics-2","经济学","宏观与发展经济","时间变化与资源分配","这一研究问题的对象、条件和判断依据怎样对应？","method","resources;governance","8","81","编辑审核完成；游戏分支，非专业资格目录","当前分支准备及新版本失效检查通过","本目录中名称唯一"
"economics-3","经济学","环境与公共经济","外部影响与政策比较","这一研究问题的对象、条件和判断依据怎样对应？","record","environment;governance","8","75","编辑审核完成；游戏分支，非专业资格目录","当前分支准备及新版本失效检查通过","本目录中名称唯一"
"humanities-1","文学 · 文本研究","文学史","作品版本与时代语境","这份材料形成于什么语境，你的解释与材料本身如何区分？","literature","text;culture","8","240","编辑审核完成；游戏分支，非专业资格目录","当前分支准备及新版本失效检查通过","本目录中名称唯一"
"humanities-2","文学 · 文本研究","比较文学","跨文化材料的可比性","这份材料形成于什么语境，你的解释与材料本身如何区分？","method","culture;text","8","240","编辑审核完成；游戏分支，非专业资格目录","当前分支准备及新版本失效检查通过","本目录中名称唯一"
"humanities-3","文学 · 文本研究","数字人文","文本编码与解释边界","这份材料形成于什么语境，你的解释与材料本身如何区分？","record","text;inference","8","260","编辑审核完成；游戏分支，非专业资格目录","当前分支准备及新版本失效检查通过","本目录中名称唯一"
"art-1","艺术 · 设计","视觉与传达","表达形式与受众理解","这份材料形成于什么语境，你的解释与材料本身如何区分？","literature","creative;interaction","8","77","编辑审核完成；游戏分支，非专业资格目录","当前分支准备及新版本失效检查通过","本目录中名称唯一"
"art-2","艺术 · 设计","产品与交互","使用任务与原型反馈","这份材料形成于什么语境，你的解释与材料本身如何区分？","method","interaction;systems","8","74","编辑审核完成；游戏分支，非专业资格目录","当前分支准备及新版本失效检查通过","本目录中名称唯一"
"art-3","艺术 · 设计","艺术史与策展","作品出处与展示语境","这份材料形成于什么语境，你的解释与材料本身如何区分？","record","culture;creative","8","75","编辑审核完成；游戏分支，非专业资格目录","当前分支准备及新版本失效检查通过","本目录中名称唯一"
"philosophy-1","哲学","逻辑与科学哲学","概念定义与推理前提","今天采用哪些定义和前提，结论具体成立到哪里？","literature","model;ethics","8","75","编辑审核完成；游戏分支，非专业资格目录","当前分支准备及新版本失效检查通过","本目录中名称唯一"
"philosophy-2","哲学","伦理与政治哲学","规范理由与行动边界","今天采用哪些定义和前提，结论具体成立到哪里？","method","ethics;governance","8","72","编辑审核完成；游戏分支，非专业资格目录","当前分支准备及新版本失效检查通过","本目录中名称唯一"
"philosophy-3","哲学","美学与解释学","经验表达与解释语境","今天采用哪些定义和前提，结论具体成立到哪里？","record","creative;text","8","71","编辑审核完成；游戏分支，非专业资格目录","当前分支准备及新版本失效检查通过","本目录中名称唯一"
"law-1","法学","民商法","交易关系与规范解释","这一研究问题的对象、条件和判断依据怎样对应？","literature","resources;governance","8","75","编辑审核完成；游戏分支，非专业资格目录","当前分支准备及新版本失效检查通过","本目录中名称唯一"
"law-2","法学","公法与治理","权力边界与执行条件","这一研究问题的对象、条件和判断依据怎样对应？","method","governance;ethics","8","82","编辑审核完成；游戏分支，非专业资格目录","当前分支准备及新版本失效检查通过","本目录中名称唯一"
"law-3","法学","法与科技","技术使用与责任范围","这一研究问题的对象、条件和判断依据怎样对应？","record","systems;ethics","8","78","编辑审核完成；游戏分支，非专业资格目录","当前分支准备及新版本失效检查通过","本目录中名称唯一"
"politics-1","政治 · 国际关系","比较政治","比较对象与制度情境","这一研究问题的对象、条件和判断依据怎样对应？","literature","governance;inference","8","85","编辑审核完成；游戏分支，非专业资格目录","当前分支准备及新版本失效检查通过","本目录中名称唯一"
"politics-2","政治 · 国际关系","国际关系","互动结构与战略条件","这一研究问题的对象、条件和判断依据怎样对应？","method","networks;governance","8","82","编辑审核完成；游戏分支，非专业资格目录","当前分支准备及新版本失效检查通过","本目录中名称唯一"
"politics-3","政治 · 国际关系","公共政策","政策目标与执行反馈","这一研究问题的对象、条件和判断依据怎样对应？","record","governance;resources","8","85","编辑审核完成；游戏分支，非专业资格目录","当前分支准备及新版本失效检查通过","共享主题，分属路线：politics-3;publicadmin-1"
"education-1","教育 · 教学","学习科学","学习任务与过程证据","这一研究问题的对象、条件和判断依据怎样对应？","literature","learning;inference","8","79","编辑审核完成；游戏分支，非专业资格目录","当前分支准备及新版本失效检查通过","本目录中名称唯一"
"education-2","教育 · 教学","课程与教学","目标、活动与课堂反馈","这一研究问题的对象、条件和判断依据怎样对应？","method","learning;interaction","8","81","编辑审核完成；游戏分支，非专业资格目录","当前分支准备及新版本失效检查通过","本目录中名称唯一"
"education-3","教育 · 教学","教育技术","工具使用与教学情境","这一研究问题的对象、条件和判断依据怎样对应？","record","systems;learning","8","74","编辑审核完成；游戏分支，非专业资格目录","当前分支准备及新版本失效检查通过","本目录中名称唯一"
"sports-1","体育 · 运动科学","运动生理","身体状态与训练条件","这一研究问题的对象、条件和判断依据怎样对应？","literature","life;health","8","19","编辑审核完成；游戏分支，非专业资格目录","当前分支准备及新版本失效检查通过","共享主题，分属路线：sports-1;anatomy-physiology-9"
"sports-2","体育 · 运动科学","运动训练","负荷安排与表现记录","这一研究问题的对象、条件和判断依据怎样对应？","method","measurement;learning","8","78","编辑审核完成；游戏分支，非专业资格目录","当前分支准备及新版本失效检查通过","本目录中名称唯一"
"sports-3","体育 · 运动科学","运动心理","目标、体验与个体差异","这一研究问题的对象、条件和判断依据怎样对应？","record","interaction;health","8","83","编辑审核完成；游戏分支，非专业资格目录","当前分支准备及新版本失效检查通过","本目录中名称唯一"
"psychology-1","心理学","认知心理","任务条件与心理过程","这一研究问题的对象、条件和判断依据怎样对应？","literature","learning;model","8","79","编辑审核完成；游戏分支，非专业资格目录","当前分支准备及新版本失效检查通过","本目录中名称唯一"
"psychology-2","心理学","社会心理","互动情境与比较设计","这一研究问题的对象、条件和判断依据怎样对应？","method","interaction;inference","8","74","编辑审核完成；游戏分支，非专业资格目录","当前分支准备及新版本失效检查通过","本目录中名称唯一"
"psychology-3","心理学","心理测量","构念、量表与测量边界","这一研究问题的对象、条件和判断依据怎样对应？","record","measurement;inference","8","74","编辑审核完成；游戏分支，非专业资格目录","当前分支准备及新版本失效检查通过","本目录中名称唯一"
"languages-1","外语 · 翻译","语言学","语言材料与结构解释","这份材料形成于什么语境，你的解释与材料本身如何区分？","literature","text;model","8","68","编辑审核完成；游戏分支，非专业资格目录","当前分支准备及新版本失效检查通过","本目录中名称唯一"
"languages-2","外语 · 翻译","翻译研究","目的、语境与译文取舍","这份材料形成于什么语境，你的解释与材料本身如何区分？","method","culture;text","8","69","编辑审核完成；游戏分支，非专业资格目录","当前分支准备及新版本失效检查通过","本目录中名称唯一"
"languages-3","外语 · 翻译","第二语言习得","学习过程与任务条件","这份材料形成于什么语境，你的解释与材料本身如何区分？","record","learning;interaction","8","68","编辑审核完成；游戏分支，非专业资格目录","当前分支准备及新版本失效检查通过","本目录中名称唯一"
"journalism-1","新闻 · 传播","新闻研究","来源核实与叙事范围","这一研究问题的对象、条件和判断依据怎样对应？","literature","text;ethics","8","77","编辑审核完成；游戏分支，非专业资格目录","当前分支准备及新版本失效检查通过","本目录中名称唯一"
"journalism-2","新闻 · 传播","传播与媒介","信息路径与受众情境","这一研究问题的对象、条件和判断依据怎样对应？","method","networks;interaction","8","75","编辑审核完成；游戏分支，非专业资格目录","当前分支准备及新版本失效检查通过","本目录中名称唯一"
"journalism-3","新闻 · 传播","计算传播","平台记录与传播比较","这一研究问题的对象、条件和判断依据怎样对应？","record","networks;inference","8","20","编辑审核完成；游戏分支，非专业资格目录","当前分支准备及新版本失效检查通过","本目录中名称唯一"
"history-1","历史 · 考古","社会与文化史","史料出处与时代经验","这份材料形成于什么语境，你的解释与材料本身如何区分？","literature","culture;text","8","80","编辑审核完成；游戏分支，非专业资格目录","当前分支准备及新版本失效检查通过","本目录中名称唯一"
"history-2","历史 · 考古","历史地理","空间变迁与材料年代","这份材料形成于什么语境，你的解释与材料本身如何区分？","method","space;culture","8","84","编辑审核完成；游戏分支，非专业资格目录","当前分支准备及新版本失效检查通过","本目录中名称唯一"
"history-3","历史 · 考古","考古与物质文化","器物、层位与解释链","这份材料形成于什么语境，你的解释与材料本身如何区分？","record","materials;culture","8","78","编辑审核完成；游戏分支，非专业资格目录","当前分支准备及新版本失效检查通过","本目录中名称唯一"
"earth-1","地理 · 地质 · 气象","自然地理","空间尺度与环境过程","这一研究问题的对象、条件和判断依据怎样对应？","literature","space;environment","8","21","编辑审核完成；游戏分支，非专业资格目录","当前分支准备及新版本失效检查通过","共享主题，分属路线：earth-1;geography-3"
"earth-2","地理 · 地质 · 气象","地质与地球物理","结构记录与观测条件","这一研究问题的对象、条件和判断依据怎样对应？","method","materials;measurement","8","69","编辑审核完成；游戏分支，非专业资格目录","当前分支准备及新版本失效检查通过","本目录中名称唯一"
"earth-3","地理 · 地质 · 气象","气象与气候","时间变化与模型边界","这一研究问题的对象、条件和判断依据怎样对应？","record","environment;model","8","71","编辑审核完成；游戏分支，非专业资格目录","当前分支准备及新版本失效检查通过","本目录中名称唯一"
"environment-1","生态 · 环境","生态学","系统边界与观察尺度","这一研究问题的对象、条件和判断依据怎样对应？","literature","life;environment","8","79","编辑审核完成；游戏分支，非专业资格目录","当前分支准备及新版本失效检查通过","本目录中名称唯一"
"environment-2","生态 · 环境","环境科学","来源、暴露与比较条件","这一研究问题的对象、条件和判断依据怎样对应？","method","environment;measurement","8","142","编辑审核完成；游戏分支，非专业资格目录","当前分支准备及新版本失效检查通过","本目录中名称唯一"
"environment-3","生态 · 环境","环境治理","执行资源与反馈口径","这一研究问题的对象、条件和判断依据怎样对应？","record","environment;governance","8","85","编辑审核完成；游戏分支，非专业资格目录","当前分支准备及新版本失效检查通过","本目录中名称唯一"
"electrical-1","电子 · 通信","电子与传感","测量信号与硬件条件","这一研究问题的对象、条件和判断依据怎样对应？","literature","measurement;systems","8","78","编辑审核完成；游戏分支，非专业资格目录","当前分支准备及新版本失效检查通过","本目录中名称唯一"
"electrical-2","电子 · 通信","信号处理","信号结构与噪声边界","这一研究问题的对象、条件和判断依据怎样对应？","method","measurement;model","8","71","编辑审核完成；游戏分支，非专业资格目录","当前分支准备及新版本失效检查通过","本目录中名称唯一"
"electrical-3","电子 · 通信","通信与网络","传输任务与资源约束","这一研究问题的对象、条件和判断依据怎样对应？","record","networks;resources","8","74","编辑审核完成；游戏分支，非专业资格目录","当前分支准备及新版本失效检查通过","本目录中名称唯一"
"mechanical-1","机械 · 自动化","机械设计","结构约束与使用条件","这一研究问题的对象、条件和判断依据怎样对应？","literature","systems;materials","8","83","编辑审核完成；游戏分支，非专业资格目录","当前分支准备及新版本失效检查通过","本目录中名称唯一"
"mechanical-2","机械 · 自动化","制造与工艺","过程记录与批次差异","这一研究问题的对象、条件和判断依据怎样对应？","method","materials;measurement","8","77","编辑审核完成；游戏分支，非专业资格目录","当前分支准备及新版本失效检查通过","本目录中名称唯一"
"mechanical-3","机械 · 自动化","控制与机器人","反馈、扰动与运行边界","这一研究问题的对象、条件和判断依据怎样对应？","record","systems;model","8","75","编辑审核完成；游戏分支，非专业资格目录","当前分支准备及新版本失效检查通过","本目录中名称唯一"
"civil-1","土木 · 建筑 · 交通","结构工程","模型简化与承载条件","这一研究问题的对象、条件和判断依据怎样对应？","literature","materials;model","8","10","编辑审核完成；游戏分支，非专业资格目录","当前分支准备及新版本失效检查通过","本目录中名称唯一"
"civil-2","土木 · 建筑 · 交通","交通与城市","出行记录与空间需求","这一研究问题的对象、条件和判断依据怎样对应？","method","space;networks","8","13","编辑审核完成；游戏分支，非专业资格目录","当前分支准备及新版本失效检查通过","本目录中名称唯一"
"civil-3","土木 · 建筑 · 交通","建筑与环境","使用情境与空间反馈","这一研究问题的对象、条件和判断依据怎样对应？","record","space;environment","8","16","编辑审核完成；游戏分支，非专业资格目录","当前分支准备及新版本失效检查通过","本目录中名称唯一"
"energy-1","能源 · 动力","热能与动力","能量边界与工况记录","这一研究问题的对象、条件和判断依据怎样对应？","literature","energy;systems","8","78","编辑审核完成；游戏分支，非专业资格目录","当前分支准备及新版本失效检查通过","本目录中名称唯一"
"energy-2","能源 · 动力","电力与储能","资源调度与运行条件","这一研究问题的对象、条件和判断依据怎样对应？","method","energy;resources","8","71","编辑审核完成；游戏分支，非专业资格目录","当前分支准备及新版本失效检查通过","本目录中名称唯一"
"energy-3","能源 · 动力","能源与环境","效率解释与环境范围","这一研究问题的对象、条件和判断依据怎样对应？","record","energy;environment","8","17","编辑审核完成；游戏分支，非专业资格目录","当前分支准备及新版本失效检查通过","本目录中名称唯一"
"aerospace-1","航空 · 航天","飞行器设计","约束、工况与结构假设","这一研究问题的对象、条件和判断依据怎样对应？","literature","systems;materials","8","83","编辑审核完成；游戏分支，非专业资格目录","当前分支准备及新版本失效检查通过","本目录中名称唯一"
"aerospace-2","航空 · 航天","导航与控制","轨迹误差与反馈条件","这一研究问题的对象、条件和判断依据怎样对应？","method","space;model","8","16","编辑审核完成；游戏分支，非专业资格目录","当前分支准备及新版本失效检查通过","本目录中名称唯一"
"aerospace-3","航空 · 航天","空间任务与观测","任务窗口与信号记录","这一研究问题的对象、条件和判断依据怎样对应？","record","space;measurement","8","82","编辑审核完成；游戏分支，非专业资格目录","当前分支准备及新版本失效检查通过","本目录中名称唯一"
"agriculture-1","农学 · 林学","作物与栽培","生长条件与观察范围","这一研究问题的对象、条件和判断依据怎样对应？","literature","life;environment","8","76","编辑审核完成；游戏分支，非专业资格目录","当前分支准备及新版本失效检查通过","本目录中名称唯一"
"agriculture-2","农学 · 林学","土壤与资源","环境记录与资源条件","这一研究问题的对象、条件和判断依据怎样对应？","method","environment;resources","8","67","编辑审核完成；游戏分支，非专业资格目录","当前分支准备及新版本失效检查通过","本目录中名称唯一"
"agriculture-3","农学 · 林学","林业与生态","空间尺度与群落解释","这一研究问题的对象、条件和判断依据怎样对应？","record","space;life","8","74","编辑审核完成；游戏分支，非专业资格目录","当前分支准备及新版本失效检查通过","本目录中名称唯一"
"veterinary-1","动物 · 兽医","动物生理","对象状态与观察条件","这一研究问题的对象、条件和判断依据怎样对应？","literature","life;health","8","72","编辑审核完成；游戏分支，非专业资格目录","当前分支准备及新版本失效检查通过","本目录中名称唯一"
"veterinary-2","动物 · 兽医","动物健康","比较对象与健康记录","这一研究问题的对象、条件和判断依据怎样对应？","method","health;inference","8","8","编辑审核完成；游戏分支，非专业资格目录","当前分支准备及新版本失效检查通过","本目录中名称唯一"
"veterinary-3","动物 · 兽医","行为与福利","行为情境与照护边界","这一研究问题的对象、条件和判断依据怎样对应？","record","interaction;ethics","8","2","编辑审核完成；游戏分支，非专业资格目录","当前分支准备及新版本失效检查通过","本目录中名称唯一"
"food-1","食品 · 营养","食品科学","加工条件与评价指标","这一研究问题的对象、条件和判断依据怎样对应？","literature","materials;measurement","8","74","编辑审核完成；游戏分支，非专业资格目录","当前分支准备及新版本失效检查通过","本目录中名称唯一"
"food-2","食品 · 营养","营养研究","饮食记录与健康比较","这一研究问题的对象、条件和判断依据怎样对应？","method","health;inference","8","26","编辑审核完成；游戏分支，非专业资格目录","当前分支准备及新版本失效检查通过","本目录中名称唯一"
"food-3","食品 · 营养","食品安全与管理","来源追溯与执行范围","这一研究问题的对象、条件和判断依据怎样对应？","record","health;governance","8","24","编辑审核完成；游戏分支，非专业资格目录","当前分支准备及新版本失效检查通过","本目录中名称唯一"
"pharmacy-1","药学","药理与作用研究","作用解释与条件范围","这一研究问题的对象、条件和判断依据怎样对应？","literature","life;health","8","579","编辑审核完成；游戏分支，非专业资格目录","当前分支准备及新版本失效检查通过","本目录中名称唯一"
"pharmacy-2","药学","药物分析","材料来源与测量记录","这一研究问题的对象、条件和判断依据怎样对应？","method","measurement;materials","8","457","编辑审核完成；游戏分支，非专业资格目录","当前分支准备及新版本失效检查通过","本目录中名称唯一"
"pharmacy-3","药学","药事与使用研究","使用情境与资源安排","这一研究问题的对象、条件和判断依据怎样对应？","record","health;resources","8","541","编辑审核完成；游戏分支，非专业资格目录","当前分支准备及新版本失效检查通过","本目录中名称唯一"
"nursing-1","护理 · 公共卫生","护理实践研究","照护过程与个体需要","这一研究问题的对象、条件和判断依据怎样对应？","literature","health;interaction","8","554","编辑审核完成；游戏分支，非专业资格目录","当前分支准备及新版本失效检查通过","本目录中名称唯一"
"nursing-2","护理 · 公共卫生","护理教育","学习任务与实践反馈","这一研究问题的对象、条件和判断依据怎样对应？","method","health;learning","8","559","编辑审核完成；游戏分支，非专业资格目录","当前分支准备及新版本失效检查通过","本目录中名称唯一"
"nursing-3","护理 · 公共卫生","社区与公共健康","服务范围与执行条件","这一研究问题的对象、条件和判断依据怎样对应？","record","health;governance","8","554","编辑审核完成；游戏分支，非专业资格目录","当前分支准备及新版本失效检查通过","本目录中名称唯一"
"management-1","管理 · 会计","组织与行为","组织情境与协作范围","这一研究问题的对象、条件和判断依据怎样对应？","literature","interaction;governance","8","80","编辑审核完成；游戏分支，非专业资格目录","当前分支准备及新版本失效检查通过","本目录中名称唯一"
"management-2","管理 · 会计","会计与财务","数据口径与资源关系","这一研究问题的对象、条件和判断依据怎样对应？","method","resources;inference","8","79","编辑审核完成；游戏分支，非专业资格目录","当前分支准备及新版本失效检查通过","本目录中名称唯一"
"management-3","管理 · 会计","运营与管理科学","过程约束与优化目标","这一研究问题的对象、条件和判断依据怎样对应？","record","systems;resources","8","71","编辑审核完成；游戏分支，非专业资格目录","当前分支准备及新版本失效检查通过","本目录中名称唯一"
"publicadmin-1","公共管理","公共政策","比较目标与实施条件","这一研究问题的对象、条件和判断依据怎样对应？","literature","governance;inference","8","87","编辑审核完成；游戏分支，非专业资格目录","当前分支准备及新版本失效检查通过","共享主题，分属路线：politics-3;publicadmin-1"
"publicadmin-2","公共管理","公共服务","服务过程与使用反馈","这一研究问题的对象、条件和判断依据怎样对应？","method","governance;interaction","8","85","编辑审核完成；游戏分支，非专业资格目录","当前分支准备及新版本失效检查通过","共享主题，分属路线：publicadmin-2;public-governance-5"
"publicadmin-3","公共管理","资源与应急管理","资源余量与协作边界","这一研究问题的对象、条件和判断依据怎样对应？","record","resources;systems","8","77","编辑审核完成；游戏分支，非专业资格目录","当前分支准备及新版本失效检查通过","本目录中名称唯一"
"music-1","音乐 · 戏剧 · 影视","音乐与表演","表达版本与现场体验","这份材料形成于什么语境，你的解释与材料本身如何区分？","literature","creative;interaction","8","77","编辑审核完成；游戏分支，非专业资格目录","当前分支准备及新版本失效检查通过","本目录中名称唯一"
"music-2","音乐 · 戏剧 · 影视","戏剧与影视","叙事结构与受众语境","这份材料形成于什么语境，你的解释与材料本身如何区分？","method","creative;text","8","78","编辑审核完成；游戏分支，非专业资格目录","当前分支准备及新版本失效检查通过","本目录中名称唯一"
"music-3","音乐 · 戏剧 · 影视","声音与媒介技术","声音信号、录音条件与表达判断","这份材料形成于什么语境，你的解释与材料本身如何区分？","record","creative;measurement","8","73","编辑审核完成；游戏分支，非专业资格目录","当前分支准备及新版本失效检查通过","本目录中名称唯一"
"military-1","军事 · 战略研究","战略与国际安全","推演范围与互动条件","这一研究问题的对象、条件和判断依据怎样对应？","literature","governance;networks","8","67","编辑审核完成；游戏分支，非专业资格目录","当前分支准备及新版本失效检查通过","本目录中名称唯一"
"military-2","军事 · 战略研究","军事历史","材料出处与时序解释","这一研究问题的对象、条件和判断依据怎样对应？","method","text;culture","8","70","编辑审核完成；游戏分支，非专业资格目录","当前分支准备及新版本失效检查通过","本目录中名称唯一"
"military-3","军事 · 战略研究","组织与保障","资源安排与系统约束","这一研究问题的对象、条件和判断依据怎样对应？","record","resources;systems","8","4","编辑审核完成；游戏分支，非专业资格目录","当前分支准备及新版本失效检查通过","本目录中名称唯一"
"interdisciplinary-1","交叉学科","共同问题设计","两边的对象与定义","这一研究问题的对象、条件和判断依据怎样对应？","literature","model;interaction","8","0","编辑审核完成；游戏分支，非专业资格目录","交叉方向由两侧实际记录分别判定","本目录中名称唯一"
"interdisciplinary-2","交叉学科","跨学科方法","两侧条件与证据接口","这一研究问题的对象、条件和判断依据怎样对应？","method","inference;systems","8","0","编辑审核完成；游戏分支，非专业资格目录","交叉方向由两侧实际记录分别判定","本目录中名称唯一"
"interdisciplinary-3","交叉学科","跨学科应用","使用情境与执行边界","这一研究问题的对象、条件和判断依据怎样对应？","record","health;governance","8","0","编辑审核完成；游戏分支，非专业资格目录","交叉方向由两侧实际记录分别判定","本目录中名称唯一"
"statistics-1","统计学","统计推断","估计目标、抽样条件与不确定性","这一研究问题的对象、条件和判断依据怎样对应？","literature","inference;model","8","666","编辑审核完成；游戏分支，非专业资格目录","当前分支准备及新版本失效检查通过","本目录中名称唯一"
"statistics-2","统计学","统计学习","预测、划分与泛化范围","这一研究问题的对象、条件和判断依据怎样对应？","method","model;inference","8","666","编辑审核完成；游戏分支，非专业资格目录","当前分支准备及新版本失效检查通过","本目录中名称唯一"
"statistics-3","统计学","空间与时间统计","依赖结构与观测尺度","这一研究问题的对象、条件和判断依据怎样对应？","record","space;measurement","8","510","编辑审核完成；游戏分支，非专业资格目录","当前分支准备及新版本失效检查通过","本目录中名称唯一"
"astronomy-1","天文与空间观测","恒星与星系","信号、背景与距离解释","这一研究问题的对象、条件和判断依据怎样对应？","literature","space;measurement","8","74","编辑审核完成；游戏分支，非专业资格目录","当前分支准备及新版本失效检查通过","本目录中名称唯一"
"astronomy-2","天文与空间观测","宇宙学","模型假设与观测约束","这一研究问题的对象、条件和判断依据怎样对应？","method","space;model","8","75","编辑审核完成；游戏分支，非专业资格目录","当前分支准备及新版本失效检查通过","本目录中名称唯一"
"astronomy-3","天文与空间观测","时域与观测技术","观测窗口与标定记录","这一研究问题的对象、条件和判断依据怎样对应？","record","measurement;systems","8","74","编辑审核完成；游戏分支，非专业资格目录","当前分支准备及新版本失效检查通过","本目录中名称唯一"
"sociology-1","社会学","社会分层","群体差异与比较范围","这一研究问题的对象、条件和判断依据怎样对应？","literature","inference;governance","8","83","编辑审核完成；游戏分支，非专业资格目录","当前分支准备及新版本失效检查通过","本目录中名称唯一"
"sociology-2","社会学","组织与网络","关系结构与互动情境","这一研究问题的对象、条件和判断依据怎样对应？","method","networks;interaction","8","22","编辑审核完成；游戏分支，非专业资格目录","当前分支准备及新版本失效检查通过","本目录中名称唯一"
"sociology-3","社会学","城市与社区","空间资源与生活经验","这一研究问题的对象、条件和判断依据怎样对应？","record","space;governance","8","77","编辑审核完成；游戏分支，非专业资格目录","当前分支准备及新版本失效检查通过","本目录中名称唯一"
"anthropology-1","人类学","文化人类学","参与关系与语境记录","这份材料形成于什么语境，你的解释与材料本身如何区分？","literature","culture;text","8","72","编辑审核完成；游戏分支，非专业资格目录","当前分支准备及新版本失效检查通过","共享主题，分属路线：field-2;anthropology-1"
"anthropology-2","人类学","社会人类学","社会关系与研究者位置","这份材料形成于什么语境，你的解释与材料本身如何区分？","method","interaction;governance","8","67","编辑审核完成；游戏分支，非专业资格目录","当前分支准备及新版本失效检查通过","本目录中名称唯一"
"anthropology-3","人类学","环境与技术人类学","技术使用与地方经验","这份材料形成于什么语境，你的解释与材料本身如何区分？","record","environment;systems","8","1","编辑审核完成；游戏分支，非专业资格目录","当前分支准备及新版本失效检查通过","本目录中名称唯一"
"archaeology-1","考古学","田野考古","层位、出处与记录链","这份材料形成于什么语境，你的解释与材料本身如何区分？","literature","space;measurement","8","66","编辑审核完成；游戏分支，非专业资格目录","当前分支准备及新版本失效检查通过","本目录中名称唯一"
"archaeology-2","考古学","科技考古","材料属性与测量条件","这份材料形成于什么语境，你的解释与材料本身如何区分？","method","materials;measurement","8","5","编辑审核完成；游戏分支，非专业资格目录","当前分支准备及新版本失效检查通过","本目录中名称唯一"
"archaeology-3","考古学","公共与文化遗产","展示语境与公众解释","这份材料形成于什么语境，你的解释与材料本身如何区分？","record","culture;governance","8","70","编辑审核完成；游戏分支，非专业资格目录","当前分支准备及新版本失效检查通过","本目录中名称唯一"
"geography-1","地理与空间分析","空间分析与地理信息","投影、邻接与尺度","这一研究问题的对象、条件和判断依据怎样对应？","literature","space;inference","8","73","编辑审核完成；游戏分支，非专业资格目录","当前分支准备及新版本失效检查通过","本目录中名称唯一"
"geography-2","地理与空间分析","人文地理","空间资源与社会情境","这一研究问题的对象、条件和判断依据怎样对应？","method","space;governance","8","16","编辑审核完成；游戏分支，非专业资格目录","当前分支准备及新版本失效检查通过","本目录中名称唯一"
"geography-3","地理与空间分析","自然地理","环境过程与观察边界","这一研究问题的对象、条件和判断依据怎样对应？","record","space;environment","8","15","编辑审核完成；游戏分支，非专业资格目录","当前分支准备及新版本失效检查通过","共享主题，分属路线：earth-1;geography-3"
"materials-1","材料科学","功能材料","结构、性能与批次","这一研究问题的对象、条件和判断依据怎样对应？","literature","materials;measurement","8","78","编辑审核完成；游戏分支，非专业资格目录","当前分支准备及新版本失效检查通过","本目录中名称唯一"
"materials-2","材料科学","软材料与界面","材料状态与环境作用","这一研究问题的对象、条件和判断依据怎样对应？","method","materials;life","8","20","编辑审核完成；游戏分支，非专业资格目录","当前分支准备及新版本失效检查通过","本目录中名称唯一"
"materials-3","材料科学","计算材料","模型假设与条件范围","这一研究问题的对象、条件和判断依据怎样对应？","record","materials;model","8","22","编辑审核完成；游戏分支，非专业资格目录","当前分支准备及新版本失效检查通过","本目录中名称唯一"
"automation-1","控制与自动化","控制理论","反馈条件与稳定范围","这一研究问题的对象、条件和判断依据怎样对应？","literature","systems;model","8","93","编辑审核完成；游戏分支，非专业资格目录","当前分支准备及新版本失效检查通过","本目录中名称唯一"
"automation-2","控制与自动化","机器人与感知","任务环境与观测记录","这一研究问题的对象、条件和判断依据怎样对应？","method","systems;measurement","8","91","编辑审核完成；游戏分支，非专业资格目录","当前分支准备及新版本失效检查通过","本目录中名称唯一"
"automation-3","控制与自动化","智能系统与协同","资源约束与多方互动","这一研究问题的对象、条件和判断依据怎样对应？","record","networks;resources","8","77","编辑审核完成；游戏分支，非专业资格目录","当前分支准备及新版本失效检查通过","本目录中名称唯一"
"communications-1","通信与信息工程","信息与编码","编码条件与误差口径","这一研究问题的对象、条件和判断依据怎样对应？","literature","model;networks","8","17","编辑审核完成；游戏分支，非专业资格目录","当前分支准备及新版本失效检查通过","本目录中名称唯一"
"communications-2","通信与信息工程","无线与网络","信道变化与资源安排","这一研究问题的对象、条件和判断依据怎样对应？","method","networks;resources","8","73","编辑审核完成；游戏分支，非专业资格目录","当前分支准备及新版本失效检查通过","本目录中名称唯一"
"communications-3","通信与信息工程","通信感知融合","信号来源与测量边界","这一研究问题的对象、条件和判断依据怎样对应？","record","measurement;systems","8","82","编辑审核完成；游戏分支，非专业资格目录","当前分支准备及新版本失效检查通过","本目录中名称唯一"
"architecture-1","建筑与城乡空间","建筑设计","空间需求与使用反馈","这一研究问题的对象、条件和判断依据怎样对应？","literature","space;interaction","8","7","编辑审核完成；游戏分支，非专业资格目录","当前分支准备及新版本失效检查通过","本目录中名称唯一"
"architecture-2","建筑与城乡空间","城乡规划","资源、尺度与生活情境","这一研究问题的对象、条件和判断依据怎样对应？","method","space;governance","8","7","编辑审核完成；游戏分支，非专业资格目录","当前分支准备及新版本失效检查通过","本目录中名称唯一"
"architecture-3","建筑与城乡空间","建筑技术与环境","工况、性能与环境范围","这一研究问题的对象、条件和判断依据怎样对应？","record","environment;materials","8","7","编辑审核完成；游戏分支，非专业资格目录","当前分支准备及新版本失效检查通过","本目录中名称唯一"
"design-1","设计与交互","交互设计","用户任务与反馈来源","这一研究问题的对象、条件和判断依据怎样对应？","literature","interaction;learning","8","89","编辑审核完成；游戏分支，非专业资格目录","当前分支准备及新版本失效检查通过","本目录中名称唯一"
"design-2","设计与交互","服务设计","协作流程与使用情境","这一研究问题的对象、条件和判断依据怎样对应？","method","interaction;governance","8","87","编辑审核完成；游戏分支，非专业资格目录","当前分支准备及新版本失效检查通过","本目录中名称唯一"
"design-3","设计与交互","视觉与信息设计","表达结构与受众理解","这一研究问题的对象、条件和判断依据怎样对应？","record","creative;networks","8","76","编辑审核完成；游戏分支，非专业资格目录","当前分支准备及新版本失效检查通过","本目录中名称唯一"
"publichealth-1","公共卫生","流行病学","群体、比较与偏差边界","这一研究问题的对象、条件和判断依据怎样对应？","literature","health;inference","8","588","编辑审核完成；游戏分支，非专业资格目录","当前分支准备及新版本失效检查通过","本目录中名称唯一"
"publichealth-2","公共卫生","卫生政策与管理","资源条件与执行反馈","这一研究问题的对象、条件和判断依据怎样对应？","method","health;governance","8","559","编辑审核完成；游戏分支，非专业资格目录","当前分支准备及新版本失效检查通过","本目录中名称唯一"
"publichealth-3","公共卫生","环境与职业健康","环境记录与群体差异","这一研究问题的对象、条件和判断依据怎样对应？","record","health;environment","8","560","编辑审核完成；游戏分支，非专业资格目录","当前分支准备及新版本失效检查通过","本目录中名称唯一"
"classic-4","生物 · 基础医学","发育生物学","发育阶段与观察时间","这一研究问题的对象、条件和判断依据怎样对应？","literature","life;measurement","8","586","编辑审核完成；游戏分支，非专业资格目录","当前分支准备及新版本失效检查通过","本目录中名称唯一"
"classic-5","生物 · 基础医学","神经科学","功能过程与行为解释","这一研究问题的对象、条件和判断依据怎样对应？","method","life;learning","8","144","编辑审核完成；游戏分支，非专业资格目录","当前分支准备及新版本失效检查通过","本目录中名称唯一"
"classic-6","生物 · 基础医学","免疫研究","状态差异与解释边界","这一研究问题的对象、条件和判断依据怎样对应？","record","life;health","8","593","编辑审核完成；游戏分支，非专业资格目录","当前分支准备及新版本失效检查通过","本目录中名称唯一"
"classic-7","生物 · 基础医学","遗传学","变异信息与比较范围","这一研究问题的对象、条件和判断依据怎样对应？","literature","life;inference","8","636","编辑审核完成；游戏分支，非专业资格目录","当前分支准备及新版本失效检查通过","本目录中名称唯一"
"classic-8","生物 · 基础医学","微生物与宿主","对象差异与环境条件","这一研究问题的对象、条件和判断依据怎样对应？","method","life;environment","8","146","编辑审核完成；游戏分支，非专业资格目录","当前分支准备及新版本失效检查通过","本目录中名称唯一"
"classic-9","生物 · 基础医学","生物信息学","资料整合与推断前提","这一研究问题的对象、条件和判断依据怎样对应？","record","life;model","8","210","编辑审核完成；游戏分支，非专业资格目录","当前分支准备及新版本失效检查通过","共享主题，分属路线：classic-9;systems-biology-2"
"data-4","计算机 · AI","计算机视觉","图像来源与迁移条件","这一研究问题的对象、条件和判断依据怎样对应？","literature","measurement;model","8","599","编辑审核完成；游戏分支，非专业资格目录","当前分支准备及新版本失效检查通过","本目录中名称唯一"
"data-5","计算机 · AI","自然语言处理","语言任务与语境偏差","这一研究问题的对象、条件和判断依据怎样对应？","method","text;model","8","111","编辑审核完成；游戏分支，非专业资格目录","当前分支准备及新版本失效检查通过","本目录中名称唯一"
"data-6","计算机 · AI","数据库与数据工程","资料流转与一致性","这一研究问题的对象、条件和判断依据怎样对应？","record","systems;resources","8","527","编辑审核完成；游戏分支，非专业资格目录","当前分支准备及新版本失效检查通过","本目录中名称唯一"
"data-7","计算机 · AI","计算机安全","威胁假设与责任边界","这一研究问题的对象、条件和判断依据怎样对应？","literature","systems;ethics","8","169","编辑审核完成；游戏分支，非专业资格目录","当前分支准备及新版本失效检查通过","本目录中名称唯一"
"data-8","计算机 · AI","分布式计算","协同条件与故障传播","这一研究问题的对象、条件和判断依据怎样对应？","method","systems;networks","8","173","编辑审核完成；游戏分支，非专业资格目录","当前分支准备及新版本失效检查通过","本目录中名称唯一"
"data-9","计算机 · AI","因果与可信人工智能","推断边界与使用责任","这一研究问题的对象、条件和判断依据怎样对应？","record","inference;ethics","8","566","编辑审核完成；游戏分支，非专业资格目录","当前分支准备及新版本失效检查通过","本目录中名称唯一"
"theory-4","数学","代数与数论","结构定义与命题条件","今天采用哪些定义和前提，结论具体成立到哪里？","literature","model;text","8","112","编辑审核完成；游戏分支，非专业资格目录","当前分支准备及新版本失效检查通过","本目录中名称唯一"
"theory-5","数学","几何与拓扑","空间结构与连续变化","今天采用哪些定义和前提，结论具体成立到哪里？","method","space;model","8","112","编辑审核完成；游戏分支，非专业资格目录","当前分支准备及新版本失效检查通过","本目录中名称唯一"
"theory-6","数学","计算数学","数值近似与误差来源","今天采用哪些定义和前提，结论具体成立到哪里？","record","model;measurement","8","118","编辑审核完成；游戏分支，非专业资格目录","当前分支准备及新版本失效检查通过","本目录中名称唯一"
"theory-7","数学","运筹学","目标冲突与资源约束","今天采用哪些定义和前提，结论具体成立到哪里？","literature","resources;systems","8","27","编辑审核完成；游戏分支，非专业资格目录","当前分支准备及新版本失效检查通过","本目录中名称唯一"
"theory-8","数学","动力系统","时间演化与稳定条件","今天采用哪些定义和前提，结论具体成立到哪里？","method","systems;model","8","117","编辑审核完成；游戏分支，非专业资格目录","当前分支准备及新版本失效检查通过","本目录中名称唯一"
"theory-9","数学","组合与图论","连接结构与计数范围","今天采用哪些定义和前提，结论具体成立到哪里？","record","networks;model","8","114","编辑审核完成；游戏分支，非专业资格目录","当前分支准备及新版本失效检查通过","本目录中名称唯一"
"field-4","社会 · 人类学","劳动与组织调查","工作经验与组织条件","这份材料形成于什么语境，你的解释与材料本身如何区分？","literature","interaction;governance","8","114","编辑审核完成；游戏分支，非专业资格目录","当前分支准备及新版本失效检查通过","本目录中名称唯一"
"field-5","社会 · 人类学","城市田野","日常生活与空间资源","这份材料形成于什么语境，你的解释与材料本身如何区分？","method","space;culture","8","41","编辑审核完成；游戏分支，非专业资格目录","当前分支准备及新版本失效检查通过","本目录中名称唯一"
"field-6","社会 · 人类学","数字社会田野","线上记录与参与关系","这份材料形成于什么语境，你的解释与材料本身如何区分？","record","networks;culture","8","39","编辑审核完成；游戏分支，非专业资格目录","当前分支准备及新版本失效检查通过","本目录中名称唯一"
"field-7","社会 · 人类学","迁移与流动","地方经验与制度边界","这份材料形成于什么语境，你的解释与材料本身如何区分？","literature","space;governance","8","91","编辑审核完成；游戏分支，非专业资格目录","当前分支准备及新版本失效检查通过","本目录中名称唯一"
"field-8","社会 · 人类学","家庭与亲属研究","关系叙述与文化语境","这份材料形成于什么语境，你的解释与材料本身如何区分？","method","culture;interaction","8","63","编辑审核完成；游戏分支，非专业资格目录","当前分支准备及新版本失效检查通过","本目录中名称唯一"
"field-9","社会 · 人类学","民族志写作","材料取舍与研究者声音","这份材料形成于什么语境，你的解释与材料本身如何区分？","record","text;ethics","8","89","编辑审核完成；游戏分支，非专业资格目录","当前分支准备及新版本失效检查通过","本目录中名称唯一"
"clinical-4","临床医学","心血管研究","个体比较与功能指标","这一研究问题的对象、条件和判断依据怎样对应？","literature","health;measurement","8","571","编辑审核完成；游戏分支，非专业资格目录","当前分支准备及新版本失效检查通过","本目录中名称唯一"
"clinical-5","临床医学","神经与精神研究","症状记录与解释范围","这一研究问题的对象、条件和判断依据怎样对应？","method","health;learning","8","568","编辑审核完成；游戏分支，非专业资格目录","当前分支准备及新版本失效检查通过","本目录中名称唯一"
"clinical-6","临床医学","肿瘤研究","对象异质性与比较边界","这一研究问题的对象、条件和判断依据怎样对应？","record","health;inference","8","600","编辑审核完成；游戏分支，非专业资格目录","当前分支准备及新版本失效检查通过","本目录中名称唯一"
"clinical-7","临床医学","感染与免疫相关研究","状态变化与对象条件","这一研究问题的对象、条件和判断依据怎样对应？","literature","health;life","8","600","编辑审核完成；游戏分支，非专业资格目录","当前分支准备及新版本失效检查通过","本目录中名称唯一"
"clinical-8","临床医学","康复研究","恢复过程与生活情境","这一研究问题的对象、条件和判断依据怎样对应？","method","health;interaction","8","567","编辑审核完成；游戏分支，非专业资格目录","当前分支准备及新版本失效检查通过","本目录中名称唯一"
"clinical-9","临床医学","临床信息研究","记录口径与缺失机制","这一研究问题的对象、条件和判断依据怎样对应？","record","health;systems","8","594","编辑审核完成；游戏分支，非专业资格目录","当前分支准备及新版本失效检查通过","本目录中名称唯一"
"physics-4","物理","粒子与核物理","信号识别与模型约束","这一研究问题的对象、条件和判断依据怎样对应？","literature","measurement;model","8","87","编辑审核完成；游戏分支，非专业资格目录","当前分支准备及新版本失效检查通过","本目录中名称唯一"
"physics-5","物理","统计物理","集体行为与近似条件","这一研究问题的对象、条件和判断依据怎样对应？","method","model;inference","8","79","编辑审核完成；游戏分支，非专业资格目录","当前分支准备及新版本失效检查通过","本目录中名称唯一"
"physics-6","物理","原子与分子物理","状态变化与测量边界","这一研究问题的对象、条件和判断依据怎样对应？","record","materials;measurement","8","87","编辑审核完成；游戏分支，非专业资格目录","当前分支准备及新版本失效检查通过","本目录中名称唯一"
"physics-7","物理","量子信息","信息任务与物理约束","这一研究问题的对象、条件和判断依据怎样对应？","literature","networks;model","8","79","编辑审核完成；游戏分支，非专业资格目录","当前分支准备及新版本失效检查通过","本目录中名称唯一"
"physics-8","物理","等离子体与流体","非线性过程与工况解释","这一研究问题的对象、条件和判断依据怎样对应？","method","energy;systems","8","20","编辑审核完成；游戏分支，非专业资格目录","当前分支准备及新版本失效检查通过","本目录中名称唯一"
"physics-9","物理","计算与数据物理","数值记录与推断条件","这一研究问题的对象、条件和判断依据怎样对应？","record","model;inference","8","79","编辑审核完成；游戏分支，非专业资格目录","当前分支准备及新版本失效检查通过","本目录中名称唯一"
"chemistry-4","化学 · 材料","有机化学","结构关系与材料记录","这一研究问题的对象、条件和判断依据怎样对应？","literature","materials;measurement","8","83","编辑审核完成；游戏分支，非专业资格目录","当前分支准备及新版本失效检查通过","本目录中名称唯一"
"chemistry-5","化学 · 材料","无机化学","组成、结构与条件范围","这一研究问题的对象、条件和判断依据怎样对应？","method","materials;model","8","82","编辑审核完成；游戏分支，非专业资格目录","当前分支准备及新版本失效检查通过","本目录中名称唯一"
"chemistry-6","化学 · 材料","理论与计算化学","近似方法与结果解释","这一研究问题的对象、条件和判断依据怎样对应？","record","model;energy","8","70","编辑审核完成；游戏分支，非专业资格目录","当前分支准备及新版本失效检查通过","本目录中名称唯一"
"chemistry-7","化学 · 材料","电化学","界面过程与信号条件","这一研究问题的对象、条件和判断依据怎样对应？","literature","energy;measurement","8","76","编辑审核完成；游戏分支，非专业资格目录","当前分支准备及新版本失效检查通过","本目录中名称唯一"
"chemistry-8","化学 · 材料","环境化学","来源记录与环境范围","这一研究问题的对象、条件和判断依据怎样对应？","method","environment;measurement","8","76","编辑审核完成；游戏分支，非专业资格目录","当前分支准备及新版本失效检查通过","本目录中名称唯一"
"chemistry-9","化学 · 材料","化学生物学","分子观察与功能解释","这一研究问题的对象、条件和判断依据怎样对应？","record","life;materials","8","21","编辑审核完成；游戏分支，非专业资格目录","当前分支准备及新版本失效检查通过","本目录中名称唯一"
"economics-4","经济学","劳动经济","劳动比较与选择偏差","这一研究问题的对象、条件和判断依据怎样对应？","literature","inference;governance","8","87","编辑审核完成；游戏分支，非专业资格目录","当前分支准备及新版本失效检查通过","本目录中名称唯一"
"economics-5","经济学","金融经济","风险口径与时间变化","这一研究问题的对象、条件和判断依据怎样对应？","method","resources;inference","8","87","编辑审核完成；游戏分支，非专业资格目录","当前分支准备及新版本失效检查通过","本目录中名称唯一"
"economics-6","经济学","产业组织","竞争结构与互动条件","这一研究问题的对象、条件和判断依据怎样对应？","record","networks;resources","8","76","编辑审核完成；游戏分支，非专业资格目录","当前分支准备及新版本失效检查通过","共享主题，分属路线：economics-6;trade-econ-3"
"economics-7","经济学","国际贸易","流动、制度与比较单位","这一研究问题的对象、条件和判断依据怎样对应？","literature","governance;resources","8","81","编辑审核完成；游戏分支，非专业资格目录","当前分支准备及新版本失效检查通过","共享主题，分属路线：economics-7;trade-econ-1"
"economics-8","经济学","计量经济","识别条件与资料质量","这一研究问题的对象、条件和判断依据怎样对应？","method","inference;measurement","8","82","编辑审核完成；游戏分支，非专业资格目录","当前分支准备及新版本失效检查通过","本目录中名称唯一"
"economics-9","经济学","数字经济","平台规则与行为记录","这一研究问题的对象、条件和判断依据怎样对应？","record","networks;interaction","8","13","编辑审核完成；游戏分支，非专业资格目录","当前分支准备及新版本失效检查通过","本目录中名称唯一"
"humanities-4","文学 · 文本研究","古典文学","版本、注释与时代语境","这份材料形成于什么语境，你的解释与材料本身如何区分？","literature","text;culture","8","240","编辑审核完成；游戏分支，非专业资格目录","当前分支准备及新版本失效检查通过","本目录中名称唯一"
"humanities-5","文学 · 文本研究","现当代文学","作品传播与历史经验","这份材料形成于什么语境，你的解释与材料本身如何区分？","method","culture;text","8","240","编辑审核完成；游戏分支，非专业资格目录","当前分支准备及新版本失效检查通过","本目录中名称唯一"
"humanities-6","文学 · 文本研究","文艺理论","概念前提与解读取舍","这份材料形成于什么语境，你的解释与材料本身如何区分？","record","creative;model","8","50","编辑审核完成；游戏分支，非专业资格目录","当前分支准备及新版本失效检查通过","共享主题，分属路线：humanities-6;chinese-language-4"
"humanities-7","文学 · 文本研究","叙事与文体","表达结构与材料选择","这份材料形成于什么语境，你的解释与材料本身如何区分？","literature","text;creative","8","237","编辑审核完成；游戏分支，非专业资格目录","当前分支准备及新版本失效检查通过","本目录中名称唯一"
"humanities-8","文学 · 文本研究","书籍与阅读史","出版材料与读者经验","这份材料形成于什么语境，你的解释与材料本身如何区分？","method","culture;interaction","8","141","编辑审核完成；游戏分支，非专业资格目录","当前分支准备及新版本失效检查通过","本目录中名称唯一"
"humanities-9","文学 · 文本研究","文学与媒介","文本转换与平台条件","这份材料形成于什么语境，你的解释与材料本身如何区分？","record","text;networks","8","224","编辑审核完成；游戏分支，非专业资格目录","当前分支准备及新版本失效检查通过","共享主题，分属路线：humanities-9;chinese-language-10"
"art-4","艺术 · 设计","绘画与图像","视觉材料与表达语境","这份材料形成于什么语境，你的解释与材料本身如何区分？","literature","creative;measurement","8","74","编辑审核完成；游戏分支，非专业资格目录","当前分支准备及新版本失效检查通过","本目录中名称唯一"
"art-5","艺术 · 设计","雕塑与装置","材料状态与空间体验","这份材料形成于什么语境，你的解释与材料本身如何区分？","method","materials;space","8","13","编辑审核完成；游戏分支，非专业资格目录","当前分支准备及新版本失效检查通过","本目录中名称唯一"
"art-6","艺术 · 设计","摄影与影像","取景条件与记录范围","这份材料形成于什么语境，你的解释与材料本身如何区分？","record","measurement;creative","8","74","编辑审核完成；游戏分支，非专业资格目录","当前分支准备及新版本失效检查通过","本目录中名称唯一"
"art-7","艺术 · 设计","公共艺术","空间使用与公众反馈","这份材料形成于什么语境，你的解释与材料本身如何区分？","literature","space;governance","8","10","编辑审核完成；游戏分支，非专业资格目录","当前分支准备及新版本失效检查通过","共享主题，分属路线：art-7;fine-art-studies-9"
"art-8","艺术 · 设计","工艺与材料艺术","材料取舍与制作语境","这份材料形成于什么语境，你的解释与材料本身如何区分？","method","materials;culture","8","71","编辑审核完成；游戏分支，非专业资格目录","当前分支准备及新版本失效检查通过","本目录中名称唯一"
"art-9","艺术 · 设计","艺术与数字媒介","工具条件与表达边界","这份材料形成于什么语境，你的解释与材料本身如何区分？","record","systems;creative","8","73","编辑审核完成；游戏分支，非专业资格目录","当前分支准备及新版本失效检查通过","本目录中名称唯一"
"philosophy-4","哲学","认识论","理由来源与知识范围","今天采用哪些定义和前提，结论具体成立到哪里？","literature","inference;ethics","8","74","编辑审核完成；游戏分支，非专业资格目录","当前分支准备及新版本失效检查通过","本目录中名称唯一"
"philosophy-5","哲学","形而上学","对象定义与论证条件","今天采用哪些定义和前提，结论具体成立到哪里？","method","model;text","8","77","编辑审核完成；游戏分支，非专业资格目录","当前分支准备及新版本失效检查通过","本目录中名称唯一"
"philosophy-6","哲学","心灵哲学","体验概念与解释边界","今天采用哪些定义和前提，结论具体成立到哪里？","record","learning;model","8","78","编辑审核完成；游戏分支，非专业资格目录","当前分支准备及新版本失效检查通过","本目录中名称唯一"
"philosophy-7","哲学","技术哲学","工具使用与行动条件","今天采用哪些定义和前提，结论具体成立到哪里？","literature","systems;ethics","8","70","编辑审核完成；游戏分支，非专业资格目录","当前分支准备及新版本失效检查通过","本目录中名称唯一"
"philosophy-8","哲学","中国哲学","概念材料与历史语境","今天采用哪些定义和前提，结论具体成立到哪里？","method","culture;text","8","71","编辑审核完成；游戏分支，非专业资格目录","当前分支准备及新版本失效检查通过","本目录中名称唯一"
"philosophy-9","哲学","跨文化哲学","解释语言与比较前提","今天采用哪些定义和前提，结论具体成立到哪里？","record","culture;ethics","8","72","编辑审核完成；游戏分支，非专业资格目录","当前分支准备及新版本失效检查通过","本目录中名称唯一"
"law-4","法学","刑法","责任判断与事实范围","这一研究问题的对象、条件和判断依据怎样对应？","literature","ethics;governance","8","82","编辑审核完成；游戏分支，非专业资格目录","当前分支准备及新版本失效检查通过","本目录中名称唯一"
"law-5","法学","诉讼与证据","材料来源与程序边界","这一研究问题的对象、条件和判断依据怎样对应？","method","inference;text","8","79","编辑审核完成；游戏分支，非专业资格目录","当前分支准备及新版本失效检查通过","本目录中名称唯一"
"law-6","法学","国际法","规则适用与制度情境","这一研究问题的对象、条件和判断依据怎样对应？","record","governance;networks","8","77","编辑审核完成；游戏分支，非专业资格目录","当前分支准备及新版本失效检查通过","本目录中名称唯一"
"law-7","法学","知识产权","创作、使用与权利范围","这一研究问题的对象、条件和判断依据怎样对应？","literature","creative;resources","8","7","编辑审核完成；游戏分支，非专业资格目录","当前分支准备及新版本失效检查通过","共享主题，分属路线：law-7;civil-law-9"
"law-8","法学","环境法","环境问题与执行条件","这一研究问题的对象、条件和判断依据怎样对应？","method","environment;governance","8","71","编辑审核完成；游戏分支，非专业资格目录","当前分支准备及新版本失效检查通过","本目录中名称唯一"
"law-9","法学","劳动与社会保障法","资源条件与权利解释","这一研究问题的对象、条件和判断依据怎样对应？","record","resources;ethics","8","76","编辑审核完成；游戏分支，非专业资格目录","当前分支准备及新版本失效检查通过","本目录中名称唯一"
"politics-4","政治 · 国际关系","政治思想","概念来源与规范理由","这一研究问题的对象、条件和判断依据怎样对应？","literature","text;ethics","8","74","编辑审核完成；游戏分支，非专业资格目录","当前分支准备及新版本失效检查通过","本目录中名称唯一"
"politics-5","政治 · 国际关系","政治行为","选择记录与比较前提","这一研究问题的对象、条件和判断依据怎样对应？","method","interaction;inference","8","17","编辑审核完成；游戏分支，非专业资格目录","当前分支准备及新版本失效检查通过","本目录中名称唯一"
"politics-6","政治 · 国际关系","政治制度","制度边界与执行过程","这一研究问题的对象、条件和判断依据怎样对应？","record","governance;systems","8","83","编辑审核完成；游戏分支，非专业资格目录","当前分支准备及新版本失效检查通过","本目录中名称唯一"
"politics-7","政治 · 国际关系","区域与国别研究","地方材料与历史语境","这一研究问题的对象、条件和判断依据怎样对应？","literature","space;culture","8","11","编辑审核完成；游戏分支，非专业资格目录","当前分支准备及新版本失效检查通过","本目录中名称唯一"
"politics-8","政治 · 国际关系","全球治理","互动网络与规则范围","这一研究问题的对象、条件和判断依据怎样对应？","method","networks;governance","8","82","编辑审核完成；游戏分支，非专业资格目录","当前分支准备及新版本失效检查通过","本目录中名称唯一"
"politics-9","政治 · 国际关系","政治传播","信息流动与受众情境","这一研究问题的对象、条件和判断依据怎样对应？","record","networks;text","8","72","编辑审核完成；游戏分支，非专业资格目录","当前分支准备及新版本失效检查通过","本目录中名称唯一"
"education-4","教育 · 教学","高等教育","组织资源与学习经验","这一研究问题的对象、条件和判断依据怎样对应？","literature","governance;learning","8","76","编辑审核完成；游戏分支，非专业资格目录","当前分支准备及新版本失效检查通过","本目录中名称唯一"
"education-5","教育 · 教学","特殊与融合教育","个体需要与支持条件","这一研究问题的对象、条件和判断依据怎样对应？","method","learning;ethics","8","78","编辑审核完成；游戏分支，非专业资格目录","当前分支准备及新版本失效检查通过","本目录中名称唯一"
"education-6","教育 · 教学","学前教育","发展过程与活动记录","这一研究问题的对象、条件和判断依据怎样对应？","record","learning;life","8","71","编辑审核完成；游戏分支，非专业资格目录","当前分支准备及新版本失效检查通过","本目录中名称唯一"
"education-7","教育 · 教学","教育评价","评价目标与测量边界","这一研究问题的对象、条件和判断依据怎样对应？","literature","measurement;inference","8","73","编辑审核完成；游戏分支，非专业资格目录","当前分支准备及新版本失效检查通过","本目录中名称唯一"
"education-8","教育 · 教学","教师发展","实践反馈与协作安排","这一研究问题的对象、条件和判断依据怎样对应？","method","interaction;learning","8","81","编辑审核完成；游戏分支，非专业资格目录","当前分支准备及新版本失效检查通过","本目录中名称唯一"
"education-9","教育 · 教学","比较与国际教育","制度情境与比较单位","这一研究问题的对象、条件和判断依据怎样对应？","record","governance;culture","8","12","编辑审核完成；游戏分支，非专业资格目录","当前分支准备及新版本失效检查通过","本目录中名称唯一"
"sports-4","体育 · 运动科学","运动生物力学","动作记录与模型条件","这一研究问题的对象、条件和判断依据怎样对应？","literature","measurement;model","8","8","编辑审核完成；游戏分支，非专业资格目录","当前分支准备及新版本失效检查通过","本目录中名称唯一"
"sports-5","体育 · 运动科学","体育教育","学习目标与活动反馈","这一研究问题的对象、条件和判断依据怎样对应？","method","learning;interaction","8","77","编辑审核完成；游戏分支，非专业资格目录","当前分支准备及新版本失效检查通过","本目录中名称唯一"
"sports-6","体育 · 运动科学","体育社会研究","参与经验与资源差异","这一研究问题的对象、条件和判断依据怎样对应？","record","governance;culture","8","5","编辑审核完成；游戏分支，非专业资格目录","当前分支准备及新版本失效检查通过","本目录中名称唯一"
"sports-7","体育 · 运动科学","体育管理","组织过程与资源安排","这一研究问题的对象、条件和判断依据怎样对应？","literature","resources;systems","8","2","编辑审核完成；游戏分支，非专业资格目录","当前分支准备及新版本失效检查通过","本目录中名称唯一"
"sports-8","体育 · 运动科学","运动康复","恢复记录与使用情境","这一研究问题的对象、条件和判断依据怎样对应？","method","health;measurement","8","19","编辑审核完成；游戏分支，非专业资格目录","当前分支准备及新版本失效检查通过","本目录中名称唯一"
"sports-9","体育 · 运动科学","运动数据分析","表现口径与推断边界","这一研究问题的对象、条件和判断依据怎样对应？","record","inference;model","8","72","编辑审核完成；游戏分支，非专业资格目录","当前分支准备及新版本失效检查通过","本目录中名称唯一"
"psychology-4","心理学","发展心理","发展阶段与观察条件","这一研究问题的对象、条件和判断依据怎样对应？","literature","life;learning","8","14","编辑审核完成；游戏分支，非专业资格目录","当前分支准备及新版本失效检查通过","本目录中名称唯一"
"psychology-5","心理学","教育心理","学习过程与任务反馈","这一研究问题的对象、条件和判断依据怎样对应？","method","learning;interaction","8","14","编辑审核完成；游戏分支，非专业资格目录","当前分支准备及新版本失效检查通过","本目录中名称唯一"
"psychology-6","心理学","人格与个体差异","构念解释与比较范围","这一研究问题的对象、条件和判断依据怎样对应？","record","inference;measurement","8","74","编辑审核完成；游戏分支，非专业资格目录","当前分支准备及新版本失效检查通过","本目录中名称唯一"
"psychology-7","心理学","健康心理","生活情境与健康行为","这一研究问题的对象、条件和判断依据怎样对应？","literature","health;interaction","8","16","编辑审核完成；游戏分支，非专业资格目录","当前分支准备及新版本失效检查通过","本目录中名称唯一"
"psychology-8","心理学","组织心理","协作经验与工作条件","这一研究问题的对象、条件和判断依据怎样对应？","method","interaction;governance","8","11","编辑审核完成；游戏分支，非专业资格目录","当前分支准备及新版本失效检查通过","本目录中名称唯一"
"psychology-9","心理学","心理方法与开放实践","来源追溯与推断前提","这一研究问题的对象、条件和判断依据怎样对应？","record","inference;ethics","8","74","编辑审核完成；游戏分支，非专业资格目录","当前分支准备及新版本失效检查通过","本目录中名称唯一"
"languages-4","外语 · 翻译","语音与音系","语音记录与结构条件","这份材料形成于什么语境，你的解释与材料本身如何区分？","literature","measurement;model","8","2","编辑审核完成；游戏分支，非专业资格目录","当前分支准备及新版本失效检查通过","本目录中名称唯一"
"languages-5","外语 · 翻译","语法与句法","结构判断与材料范围","这份材料形成于什么语境，你的解释与材料本身如何区分？","method","text;model","8","68","编辑审核完成；游戏分支，非专业资格目录","当前分支准备及新版本失效检查通过","本目录中名称唯一"
"languages-6","外语 · 翻译","语义与语用","意义解释与交际情境","这份材料形成于什么语境，你的解释与材料本身如何区分？","record","text;interaction","8","70","编辑审核完成；游戏分支，非专业资格目录","当前分支准备及新版本失效检查通过","本目录中名称唯一"
"languages-7","外语 · 翻译","社会语言学","语言使用与社会关系","这份材料形成于什么语境，你的解释与材料本身如何区分？","literature","culture;interaction","8","68","编辑审核完成；游戏分支，非专业资格目录","当前分支准备及新版本失效检查通过","共享主题，分属路线：languages-7;linguistics-studies-6"
"languages-8","外语 · 翻译","计算语言学","语言标注与模型边界","这份材料形成于什么语境，你的解释与材料本身如何区分？","method","text;inference","8","69","编辑审核完成；游戏分支，非专业资格目录","当前分支准备及新版本失效检查通过","本目录中名称唯一"
"languages-9","外语 · 翻译","跨文化沟通","交际目的与解释差异","这份材料形成于什么语境，你的解释与材料本身如何区分？","record","culture;ethics","8","67","编辑审核完成；游戏分支，非专业资格目录","当前分支准备及新版本失效检查通过","本目录中名称唯一"
"journalism-4","新闻 · 传播","受众研究","使用经验与抽样范围","这一研究问题的对象、条件和判断依据怎样对应？","literature","interaction;inference","8","72","编辑审核完成；游戏分支，非专业资格目录","当前分支准备及新版本失效检查通过","共享主题，分属路线：journalism-4;media-studies-4"
"journalism-5","新闻 · 传播","平台与算法传播","推荐条件与信息路径","这一研究问题的对象、条件和判断依据怎样对应？","method","systems;networks","8","16","编辑审核完成；游戏分支，非专业资格目录","当前分支准备及新版本失效检查通过","本目录中名称唯一"
"journalism-6","新闻 · 传播","健康传播","健康信息与理解情境","这一研究问题的对象、条件和判断依据怎样对应？","record","health;interaction","8","65","编辑审核完成；游戏分支，非专业资格目录","当前分支准备及新版本失效检查通过","共享主题，分属路线：journalism-6;infectious-11;media-studies-7"
"journalism-7","新闻 · 传播","公共与政治传播","议题流动与治理边界","这一研究问题的对象、条件和判断依据怎样对应？","literature","governance;networks","8","19","编辑审核完成；游戏分支，非专业资格目录","当前分支准备及新版本失效检查通过","本目录中名称唯一"
"journalism-8","新闻 · 传播","视觉与叙事传播","表达结构与材料取舍","这一研究问题的对象、条件和判断依据怎样对应？","method","creative;text","8","73","编辑审核完成；游戏分支，非专业资格目录","当前分支准备及新版本失效检查通过","本目录中名称唯一"
"journalism-9","新闻 · 传播","新闻伦理与事实核查","来源链与责任范围","这一研究问题的对象、条件和判断依据怎样对应？","record","text;ethics","8","77","编辑审核完成；游戏分支，非专业资格目录","当前分支准备及新版本失效检查通过","本目录中名称唯一"
"history-4","历史 · 考古","古代史","年代判断与史料语境","这份材料形成于什么语境，你的解释与材料本身如何区分？","literature","text;culture","8","80","编辑审核完成；游戏分支，非专业资格目录","当前分支准备及新版本失效检查通过","本目录中名称唯一"
"history-5","历史 · 考古","近现代史","制度变化与材料出处","这份材料形成于什么语境，你的解释与材料本身如何区分？","method","governance;text","8","81","编辑审核完成；游戏分支，非专业资格目录","当前分支准备及新版本失效检查通过","本目录中名称唯一"
"history-6","历史 · 考古","世界与全球史","跨区域材料的可比性","这份材料形成于什么语境，你的解释与材料本身如何区分？","record","space;culture","8","84","编辑审核完成；游戏分支，非专业资格目录","当前分支准备及新版本失效检查通过","本目录中名称唯一"
"history-7","历史 · 考古","经济史","资源记录与制度条件","这份材料形成于什么语境，你的解释与材料本身如何区分？","literature","resources;inference","8","8","编辑审核完成；游戏分支，非专业资格目录","当前分支准备及新版本失效检查通过","共享主题，分属路线：history-7;chinese-history-4"
"history-8","历史 · 考古","科技史","技术实践与解释语言","这份材料形成于什么语境，你的解释与材料本身如何区分？","method","systems;culture","8","79","编辑审核完成；游戏分支，非专业资格目录","当前分支准备及新版本失效检查通过","本目录中名称唯一"
"history-9","历史 · 考古","口述与公众史","叙述关系与展示边界","这份材料形成于什么语境，你的解释与材料本身如何区分？","record","interaction;ethics","8","8","编辑审核完成；游戏分支，非专业资格目录","当前分支准备及新版本失效检查通过","本目录中名称唯一"
"earth-4","地理 · 地质 · 气象","水文与水资源","流域范围与资源记录","这一研究问题的对象、条件和判断依据怎样对应？","literature","environment;resources","8","14","编辑审核完成；游戏分支，非专业资格目录","当前分支准备及新版本失效检查通过","本目录中名称唯一"
"earth-5","地理 · 地质 · 气象","海洋科学","观测尺度与系统条件","这一研究问题的对象、条件和判断依据怎样对应？","method","space;environment","8","21","编辑审核完成；游戏分支，非专业资格目录","当前分支准备及新版本失效检查通过","本目录中名称唯一"
"earth-6","地理 · 地质 · 气象","遥感与地球观测","信号来源与地面比较","这一研究问题的对象、条件和判断依据怎样对应？","record","measurement;space","8","80","编辑审核完成；游戏分支，非专业资格目录","当前分支准备及新版本失效检查通过","本目录中名称唯一"
"earth-7","地理 · 地质 · 气象","地球化学","材料记录与过程解释","这一研究问题的对象、条件和判断依据怎样对应？","literature","materials;environment","8","10","编辑审核完成；游戏分支，非专业资格目录","当前分支准备及新版本失效检查通过","本目录中名称唯一"
"earth-8","地理 · 地质 · 气象","地球系统建模","模型接口与尺度变化","这一研究问题的对象、条件和判断依据怎样对应？","method","model;systems","8","67","编辑审核完成；游戏分支，非专业资格目录","当前分支准备及新版本失效检查通过","本目录中名称唯一"
"earth-9","地理 · 地质 · 气象","地质灾害与风险","观测条件与行动边界","这一研究问题的对象、条件和判断依据怎样对应？","record","measurement;governance","8","73","编辑审核完成；游戏分支，非专业资格目录","当前分支准备及新版本失效检查通过","本目录中名称唯一"
"environment-4","生态 · 环境","保护生物学","对象范围与保护情境","这一研究问题的对象、条件和判断依据怎样对应？","literature","life;governance","8","81","编辑审核完成；游戏分支，非专业资格目录","当前分支准备及新版本失效检查通过","本目录中名称唯一"
"environment-5","生态 · 环境","环境监测","来源口径与测量条件","这一研究问题的对象、条件和判断依据怎样对应？","method","environment;measurement","8","142","编辑审核完成；游戏分支，非专业资格目录","当前分支准备及新版本失效检查通过","本目录中名称唯一"
"environment-6","生态 · 环境","水与流域生态","空间联系与系统边界","这一研究问题的对象、条件和判断依据怎样对应？","record","space;life","8","74","编辑审核完成；游戏分支，非专业资格目录","当前分支准备及新版本失效检查通过","本目录中名称唯一"
"environment-7","生态 · 环境","恢复生态","时间过程与比较基线","这一研究问题的对象、条件和判断依据怎样对应？","literature","life;inference","8","138","编辑审核完成；游戏分支，非专业资格目录","当前分支准备及新版本失效检查通过","本目录中名称唯一"
"environment-8","生态 · 环境","城市环境","空间资源与使用反馈","这一研究问题的对象、条件和判断依据怎样对应？","method","space;interaction","8","13","编辑审核完成；游戏分支，非专业资格目录","当前分支准备及新版本失效检查通过","本目录中名称唯一"
"environment-9","生态 · 环境","可持续与资源研究","目标冲突与执行余量","这一研究问题的对象、条件和判断依据怎样对应？","record","resources;governance","8","24","编辑审核完成；游戏分支，非专业资格目录","当前分支准备及新版本失效检查通过","本目录中名称唯一"
"electrical-4","电子 · 通信","微电子与器件","器件条件与测量记录","这一研究问题的对象、条件和判断依据怎样对应？","literature","materials;measurement","8","68","编辑审核完成；游戏分支，非专业资格目录","当前分支准备及新版本失效检查通过","本目录中名称唯一"
"electrical-5","电子 · 通信","电路与系统","输入边界与运行反馈","这一研究问题的对象、条件和判断依据怎样对应？","method","systems;model","8","79","编辑审核完成；游戏分支，非专业资格目录","当前分支准备及新版本失效检查通过","本目录中名称唯一"
"electrical-6","电子 · 通信","嵌入式系统","资源限制与故障条件","这一研究问题的对象、条件和判断依据怎样对应？","record","systems;resources","8","78","编辑审核完成；游戏分支，非专业资格目录","当前分支准备及新版本失效检查通过","本目录中名称唯一"
"electrical-7","电子 · 通信","电磁与天线","传播条件与空间边界","这一研究问题的对象、条件和判断依据怎样对应？","literature","space;measurement","8","69","编辑审核完成；游戏分支，非专业资格目录","当前分支准备及新版本失效检查通过","本目录中名称唯一"
"electrical-8","电子 · 通信","光电信息","信号转换与背景解释","这一研究问题的对象、条件和判断依据怎样对应？","method","measurement;networks","8","75","编辑审核完成；游戏分支，非专业资格目录","当前分支准备及新版本失效检查通过","本目录中名称唯一"
"electrical-9","电子 · 通信","电子系统可靠性","重复运行与故障来源","这一研究问题的对象、条件和判断依据怎样对应？","record","systems;inference","8","79","编辑审核完成；游戏分支，非专业资格目录","当前分支准备及新版本失效检查通过","本目录中名称唯一"
"mechanical-4","机械 · 自动化","动力与振动","响应记录与模型假设","这一研究问题的对象、条件和判断依据怎样对应？","literature","model;measurement","8","71","编辑审核完成；游戏分支，非专业资格目录","当前分支准备及新版本失效检查通过","本目录中名称唯一"
"mechanical-5","机械 · 自动化","精密机械","误差预算与测量条件","这一研究问题的对象、条件和判断依据怎样对应？","method","measurement;materials","8","77","编辑审核完成；游戏分支，非专业资格目录","当前分支准备及新版本失效检查通过","本目录中名称唯一"
"mechanical-6","机械 · 自动化","流体机械","工况变化与过程边界","这一研究问题的对象、条件和判断依据怎样对应？","record","energy;systems","8","74","编辑审核完成；游戏分支，非专业资格目录","当前分支准备及新版本失效检查通过","本目录中名称唯一"
"mechanical-7","机械 · 自动化","机电系统","接口条件与反馈记录","这一研究问题的对象、条件和判断依据怎样对应？","literature","systems;networks","8","76","编辑审核完成；游戏分支，非专业资格目录","当前分支准备及新版本失效检查通过","本目录中名称唯一"
"mechanical-8","机械 · 自动化","数字制造","资料流转与生产约束","这一研究问题的对象、条件和判断依据怎样对应？","method","systems;resources","8","87","编辑审核完成；游戏分支，非专业资格目录","当前分支准备及新版本失效检查通过","本目录中名称唯一"
"mechanical-9","机械 · 自动化","人因与工程使用","操作任务与使用反馈","这一研究问题的对象、条件和判断依据怎样对应？","record","interaction;ethics","8","1","编辑审核完成；游戏分支，非专业资格目录","当前分支准备及新版本失效检查通过","本目录中名称唯一"
"civil-4","土木 · 建筑 · 交通","岩土工程","材料条件与空间结构","这一研究问题的对象、条件和判断依据怎样对应？","literature","materials;space","8","18","编辑审核完成；游戏分支，非专业资格目录","当前分支准备及新版本失效检查通过","本目录中名称唯一"
"civil-5","土木 · 建筑 · 交通","水利与水环境","流域范围与运行条件","这一研究问题的对象、条件和判断依据怎样对应？","method","environment;systems","8","73","编辑审核完成；游戏分支，非专业资格目录","当前分支准备及新版本失效检查通过","本目录中名称唯一"
"civil-6","土木 · 建筑 · 交通","市政与基础设施","服务过程与资源安排","这一研究问题的对象、条件和判断依据怎样对应？","record","governance;systems","8","72","编辑审核完成；游戏分支，非专业资格目录","当前分支准备及新版本失效检查通过","本目录中名称唯一"
"civil-7","土木 · 建筑 · 交通","工程管理","协作流程与约束变化","这一研究问题的对象、条件和判断依据怎样对应？","literature","resources;governance","8","69","编辑审核完成；游戏分支，非专业资格目录","当前分支准备及新版本失效检查通过","本目录中名称唯一"
"civil-8","土木 · 建筑 · 交通","城市交通分析","出行单位与网络边界","这一研究问题的对象、条件和判断依据怎样对应？","method","networks;inference","8","3","编辑审核完成；游戏分支，非专业资格目录","当前分支准备及新版本失效检查通过","本目录中名称唯一"
"civil-9","土木 · 建筑 · 交通","灾害与韧性","系统余量与使用情境","这一研究问题的对象、条件和判断依据怎样对应？","record","systems;environment","8","73","编辑审核完成；游戏分支，非专业资格目录","当前分支准备及新版本失效检查通过","本目录中名称唯一"
"energy-4","能源 · 动力","能源系统建模","系统边界与近似条件","这一研究问题的对象、条件和判断依据怎样对应？","literature","model;energy","8","16","编辑审核完成；游戏分支，非专业资格目录","当前分支准备及新版本失效检查通过","本目录中名称唯一"
"energy-5","能源 · 动力","新能源与转换","工况变化与效率口径","这一研究问题的对象、条件和判断依据怎样对应？","method","energy;materials","8","18","编辑审核完成；游戏分支，非专业资格目录","当前分支准备及新版本失效检查通过","本目录中名称唯一"
"energy-6","能源 · 动力","建筑能源","空间使用与负荷记录","这一研究问题的对象、条件和判断依据怎样对应？","record","energy;space","8","14","编辑审核完成；游戏分支，非专业资格目录","当前分支准备及新版本失效检查通过","本目录中名称唯一"
"energy-7","能源 · 动力","能源调度","时间约束与资源余量","这一研究问题的对象、条件和判断依据怎样对应？","literature","resources;systems","8","81","编辑审核完成；游戏分支，非专业资格目录","当前分支准备及新版本失效检查通过","本目录中名称唯一"
"energy-8","能源 · 动力","能源经济","资源比较与制度情境","这一研究问题的对象、条件和判断依据怎样对应？","method","resources;governance","8","71","编辑审核完成；游戏分支，非专业资格目录","当前分支准备及新版本失效检查通过","共享主题，分属路线：energy-8;resource-econ-5"
"energy-9","能源 · 动力","低碳与全周期评价","评价边界与资料来源","这一研究问题的对象、条件和判断依据怎样对应？","record","environment;inference","8","21","编辑审核完成；游戏分支，非专业资格目录","当前分支准备及新版本失效检查通过","本目录中名称唯一"
"aerospace-4","航空 · 航天","空气动力学","流动模型与工况边界","这一研究问题的对象、条件和判断依据怎样对应？","literature","model;energy","8","13","编辑审核完成；游戏分支，非专业资格目录","当前分支准备及新版本失效检查通过","本目录中名称唯一"
"aerospace-5","航空 · 航天","结构与轻量化","材料取舍与约束条件","这一研究问题的对象、条件和判断依据怎样对应？","method","materials;resources","8","72","编辑审核完成；游戏分支，非专业资格目录","当前分支准备及新版本失效检查通过","本目录中名称唯一"
"aerospace-6","航空 · 航天","推进与动力","能量边界与运行反馈","这一研究问题的对象、条件和判断依据怎样对应？","record","energy;systems","8","77","编辑审核完成；游戏分支，非专业资格目录","当前分支准备及新版本失效检查通过","本目录中名称唯一"
"aerospace-7","航空 · 航天","航空电子","信息接口与信号记录","这一研究问题的对象、条件和判断依据怎样对应？","literature","networks;measurement","8","85","编辑审核完成；游戏分支，非专业资格目录","当前分支准备及新版本失效检查通过","本目录中名称唯一"
"aerospace-8","航空 · 航天","任务规划","时间窗口与资源约束","这一研究问题的对象、条件和判断依据怎样对应？","method","space;resources","8","72","编辑审核完成；游戏分支，非专业资格目录","当前分支准备及新版本失效检查通过","本目录中名称唯一"
"aerospace-9","航空 · 航天","空间环境","观测资料与环境变化","这一研究问题的对象、条件和判断依据怎样对应？","record","space;environment","8","7","编辑审核完成；游戏分支，非专业资格目录","当前分支准备及新版本失效检查通过","本目录中名称唯一"
"agriculture-4","农学 · 林学","作物遗传与育种","对象差异与比较条件","这一研究问题的对象、条件和判断依据怎样对应？","literature","life;inference","8","75","编辑审核完成；游戏分支，非专业资格目录","当前分支准备及新版本失效检查通过","本目录中名称唯一"
"agriculture-5","农学 · 林学","植物保护","对象记录与环境联系","这一研究问题的对象、条件和判断依据怎样对应？","method","life;environment","8","76","编辑审核完成；游戏分支，非专业资格目录","当前分支准备及新版本失效检查通过","本目录中名称唯一"
"agriculture-6","农学 · 林学","园艺","生长阶段与使用情境","这一研究问题的对象、条件和判断依据怎样对应？","record","life;interaction","8","76","编辑审核完成；游戏分支，非专业资格目录","当前分支准备及新版本失效检查通过","本目录中名称唯一"
"agriculture-7","农学 · 林学","农业工程","系统约束与作业条件","这一研究问题的对象、条件和判断依据怎样对应？","literature","systems;resources","8","3","编辑审核完成；游戏分支，非专业资格目录","当前分支准备及新版本失效检查通过","本目录中名称唯一"
"agriculture-8","农学 · 林学","农业经济","资源配置与制度范围","这一研究问题的对象、条件和判断依据怎样对应？","method","resources;governance","8","6","编辑审核完成；游戏分支，非专业资格目录","当前分支准备及新版本失效检查通过","共享主题，分属路线：agriculture-8;resource-econ-6"
"agriculture-9","农学 · 林学","森林经营","空间记录与长期安排","这一研究问题的对象、条件和判断依据怎样对应？","record","space;resources","8","4","编辑审核完成；游戏分支，非专业资格目录","当前分支准备及新版本失效检查通过","共享主题，分属路线：agriculture-9;forest-science-4"
"veterinary-4","动物 · 兽医","动物营养","记录条件与健康比较","这一研究问题的对象、条件和判断依据怎样对应？","literature","health;measurement","8","69","编辑审核完成；游戏分支，非专业资格目录","当前分支准备及新版本失效检查通过","本目录中名称唯一"
"veterinary-5","动物 · 兽医","群体动物健康","群体单位与比较范围","这一研究问题的对象、条件和判断依据怎样对应？","method","health;inference","8","8","编辑审核完成；游戏分支，非专业资格目录","当前分支准备及新版本失效检查通过","本目录中名称唯一"
"veterinary-6","动物 · 兽医","兽医影像","图像来源与对象边界","这一研究问题的对象、条件和判断依据怎样对应？","record","measurement;health","8","69","编辑审核完成；游戏分支，非专业资格目录","当前分支准备及新版本失效检查通过","本目录中名称唯一"
"veterinary-7","动物 · 兽医","动物遗传","差异来源与解释条件","这一研究问题的对象、条件和判断依据怎样对应？","literature","life;inference","8","71","编辑审核完成；游戏分支，非专业资格目录","当前分支准备及新版本失效检查通过","本目录中名称唯一"
"veterinary-8","动物 · 兽医","人兽共处研究","照护经验与环境情境","这一研究问题的对象、条件和判断依据怎样对应？","method","interaction;environment","8","63","编辑审核完成；游戏分支，非专业资格目录","当前分支准备及新版本失效检查通过","本目录中名称唯一"
"veterinary-9","动物 · 兽医","兽医公共卫生","群体记录与执行边界","这一研究问题的对象、条件和判断依据怎样对应？","record","health;governance","8","6","编辑审核完成；游戏分支，非专业资格目录","当前分支准备及新版本失效检查通过","本目录中名称唯一"
"food-4","食品 · 营养","食品加工与过程","过程条件与批次差异","这一研究问题的对象、条件和判断依据怎样对应？","literature","materials;systems","8","70","编辑审核完成；游戏分支，非专业资格目录","当前分支准备及新版本失效检查通过","本目录中名称唯一"
"food-5","食品 · 营养","食品分析","测量来源与评价口径","这一研究问题的对象、条件和判断依据怎样对应？","method","measurement;inference","8","76","编辑审核完成；游戏分支，非专业资格目录","当前分支准备及新版本失效检查通过","本目录中名称唯一"
"food-6","食品 · 营养","食品感官研究","体验条件与对象差异","这一研究问题的对象、条件和判断依据怎样对应？","record","interaction;measurement","8","73","编辑审核完成；游戏分支，非专业资格目录","当前分支准备及新版本失效检查通过","本目录中名称唯一"
"food-7","食品 · 营养","食品供应链","来源追溯与资源安排","这一研究问题的对象、条件和判断依据怎样对应？","literature","networks;resources","8","66","编辑审核完成；游戏分支，非专业资格目录","当前分支准备及新版本失效检查通过","本目录中名称唯一"
"food-8","食品 · 营养","膳食与行为","饮食经验与生活情境","这一研究问题的对象、条件和判断依据怎样对应？","method","health;interaction","8","24","编辑审核完成；游戏分支，非专业资格目录","当前分支准备及新版本失效检查通过","本目录中名称唯一"
"food-9","食品 · 营养","营养政策","群体目标与执行余量","这一研究问题的对象、条件和判断依据怎样对应？","record","health;governance","8","24","编辑审核完成；游戏分支，非专业资格目录","当前分支准备及新版本失效检查通过","本目录中名称唯一"
"pharmacy-4","药学","药剂学与递送研究","材料状态与使用条件","这一研究问题的对象、条件和判断依据怎样对应？","literature","materials;health","8","547","编辑审核完成；游戏分支，非专业资格目录","当前分支准备及新版本失效检查通过","本目录中名称唯一"
"pharmacy-5","药学","天然产物研究","材料出处与解释范围","这一研究问题的对象、条件和判断依据怎样对应？","method","materials;life","8","148","编辑审核完成；游戏分支，非专业资格目录","当前分支准备及新版本失效检查通过","本目录中名称唯一"
"pharmacy-6","药学","计算药学","模型假设与资料边界","这一研究问题的对象、条件和判断依据怎样对应？","record","model;inference","8","524","编辑审核完成；游戏分支，非专业资格目录","当前分支准备及新版本失效检查通过","本目录中名称唯一"
"pharmacy-7","药学","药物安全性研究","记录口径与比较条件","这一研究问题的对象、条件和判断依据怎样对应？","literature","health;measurement","8","549","编辑审核完成；游戏分支，非专业资格目录","当前分支准备及新版本失效检查通过","本目录中名称唯一"
"pharmacy-8","药学","药物经济学","资源目标与评价范围","这一研究问题的对象、条件和判断依据怎样对应？","method","resources;inference","8","521","编辑审核完成；游戏分支，非专业资格目录","当前分支准备及新版本失效检查通过","共享主题，分属路线：pharmacy-8;health-economics-6"
"pharmacy-9","药学","药学服务","使用经验与沟通条件","这一研究问题的对象、条件和判断依据怎样对应？","record","health;interaction","8","541","编辑审核完成；游戏分支，非专业资格目录","当前分支准备及新版本失效检查通过","本目录中名称唯一"
"nursing-4","护理 · 公共卫生","慢病照护","生活经验与长期记录","这一研究问题的对象、条件和判断依据怎样对应？","literature","health;interaction","8","554","编辑审核完成；游戏分支，非专业资格目录","当前分支准备及新版本失效检查通过","本目录中名称唯一"
"nursing-5","护理 · 公共卫生","老年护理","个体需要与支持余量","这一研究问题的对象、条件和判断依据怎样对应？","method","health;ethics","8","553","编辑审核完成；游戏分支，非专业资格目录","当前分支准备及新版本失效检查通过","本目录中名称唯一"
"nursing-6","护理 · 公共卫生","心理与精神护理","体验记录与照护边界","这一研究问题的对象、条件和判断依据怎样对应？","record","health;learning","8","559","编辑审核完成；游戏分支，非专业资格目录","当前分支准备及新版本失效检查通过","本目录中名称唯一"
"nursing-7","护理 · 公共卫生","护理管理","人员安排与资源条件","这一研究问题的对象、条件和判断依据怎样对应？","literature","health;resources","8","552","编辑审核完成；游戏分支，非专业资格目录","当前分支准备及新版本失效检查通过","本目录中名称唯一"
"nursing-8","护理 · 公共卫生","护理信息","记录结构与资料流转","这一研究问题的对象、条件和判断依据怎样对应？","method","health;systems","8","583","编辑审核完成；游戏分支，非专业资格目录","当前分支准备及新版本失效检查通过","本目录中名称唯一"
"nursing-9","护理 · 公共卫生","护理质量与评价","评价口径与比较边界","这一研究问题的对象、条件和判断依据怎样对应？","record","health;inference","8","584","编辑审核完成；游戏分支，非专业资格目录","当前分支准备及新版本失效检查通过","本目录中名称唯一"
"management-4","管理 · 会计","战略管理","目标冲突与组织条件","这一研究问题的对象、条件和判断依据怎样对应？","literature","resources;governance","8","79","编辑审核完成；游戏分支，非专业资格目录","当前分支准备及新版本失效检查通过","本目录中名称唯一"
"management-5","管理 · 会计","市场营销","受众经验与比较设计","这一研究问题的对象、条件和判断依据怎样对应？","method","interaction;inference","8","79","编辑审核完成；游戏分支，非专业资格目录","当前分支准备及新版本失效检查通过","本目录中名称唯一"
"management-6","管理 · 会计","人力与组织发展","工作体验与学习安排","这一研究问题的对象、条件和判断依据怎样对应？","record","interaction;learning","8","10","编辑审核完成；游戏分支，非专业资格目录","当前分支准备及新版本失效检查通过","本目录中名称唯一"
"management-7","管理 · 会计","信息管理","资料结构与使用流程","这一研究问题的对象、条件和判断依据怎样对应？","literature","systems;networks","8","8","编辑审核完成；游戏分支，非专业资格目录","当前分支准备及新版本失效检查通过","本目录中名称唯一"
"management-8","管理 · 会计","供应链管理","协作关系与资源约束","这一研究问题的对象、条件和判断依据怎样对应？","method","networks;resources","8","73","编辑审核完成；游戏分支，非专业资格目录","当前分支准备及新版本失效检查通过","本目录中名称唯一"
"management-9","管理 · 会计","创新与创业","不确定目标与行动范围","这一研究问题的对象、条件和判断依据怎样对应？","record","creative;resources","8","72","编辑审核完成；游戏分支，非专业资格目录","当前分支准备及新版本失效检查通过","本目录中名称唯一"
"publicadmin-4","公共管理","城市治理","空间资源与服务条件","这一研究问题的对象、条件和判断依据怎样对应？","literature","space;governance","8","82","编辑审核完成；游戏分支，非专业资格目录","当前分支准备及新版本失效检查通过","本目录中名称唯一"
"publicadmin-5","公共管理","数字治理","系统使用与责任边界","这一研究问题的对象、条件和判断依据怎样对应？","method","systems;ethics","8","8","编辑审核完成；游戏分支，非专业资格目录","当前分支准备及新版本失效检查通过","共享主题，分属路线：publicadmin-5;public-governance-9"
"publicadmin-6","公共管理","社会保障","需要差异与资源范围","这一研究问题的对象、条件和判断依据怎样对应？","record","resources;ethics","8","78","编辑审核完成；游戏分支，非专业资格目录","当前分支准备及新版本失效检查通过","共享主题，分属路线：publicadmin-6;public-governance-2"
"publicadmin-7","公共管理","公共财政","支出口径与目标取舍","这一研究问题的对象、条件和判断依据怎样对应？","literature","resources;inference","8","82","编辑审核完成；游戏分支，非专业资格目录","当前分支准备及新版本失效检查通过","本目录中名称唯一"
"publicadmin-8","公共管理","非营利组织","协作经验与公众情境","这一研究问题的对象、条件和判断依据怎样对应？","method","interaction;governance","8","85","编辑审核完成；游戏分支，非专业资格目录","当前分支准备及新版本失效检查通过","共享主题，分属路线：publicadmin-8;public-governance-8"
"publicadmin-9","公共管理","政策评价","比较条件与反馈资料","这一研究问题的对象、条件和判断依据怎样对应？","record","inference;measurement","8","72","编辑审核完成；游戏分支，非专业资格目录","当前分支准备及新版本失效检查通过","共享主题，分属路线：publicadmin-9;development-econ-12"
"music-4","音乐 · 戏剧 · 影视","作曲与声音创作","形式取舍与版本记录","这份材料形成于什么语境，你的解释与材料本身如何区分？","literature","creative;model","8","72","编辑审核完成；游戏分支，非专业资格目录","当前分支准备及新版本失效检查通过","本目录中名称唯一"
"music-5","音乐 · 戏剧 · 影视","音乐教育","学习经验与表演反馈","这份材料形成于什么语境，你的解释与材料本身如何区分？","method","learning;creative","8","72","编辑审核完成；游戏分支，非专业资格目录","当前分支准备及新版本失效检查通过","共享主题，分属路线：music-5;musicology-studies-7"
"music-6","音乐 · 戏剧 · 影视","民族音乐研究","声音材料与文化语境","这份材料形成于什么语境，你的解释与材料本身如何区分？","record","culture;measurement","8","73","编辑审核完成；游戏分支，非专业资格目录","当前分支准备及新版本失效检查通过","本目录中名称唯一"
"music-7","音乐 · 戏剧 · 影视","戏剧表演","现场互动与表达边界","这份材料形成于什么语境，你的解释与材料本身如何区分？","literature","interaction;creative","8","77","编辑审核完成；游戏分支，非专业资格目录","当前分支准备及新版本失效检查通过","本目录中名称唯一"
"music-8","音乐 · 戏剧 · 影视","影视制作与叙事","素材来源与叙事结构","这份材料形成于什么语境，你的解释与材料本身如何区分？","method","text;systems","8","13","编辑审核完成；游戏分支，非专业资格目录","当前分支准备及新版本失效检查通过","本目录中名称唯一"
"music-9","音乐 · 戏剧 · 影视","媒介艺术与声音设计","工具条件与受众体验","这份材料形成于什么语境，你的解释与材料本身如何区分？","record","systems;interaction","8","71","编辑审核完成；游戏分支，非专业资格目录","当前分支准备及新版本失效检查通过","本目录中名称唯一"
"military-4","军事 · 战略研究","安全政策研究","规范目标与制度情境","这一研究问题的对象、条件和判断依据怎样对应？","literature","governance;ethics","8","68","编辑审核完成；游戏分支，非专业资格目录","当前分支准备及新版本失效检查通过","本目录中名称唯一"
"military-5","军事 · 战略研究","战略思想史","概念来源与时代材料","这一研究问题的对象、条件和判断依据怎样对应？","method","text;culture","8","70","编辑审核完成；游戏分支，非专业资格目录","当前分支准备及新版本失效检查通过","共享主题，分属路线：military-5;strategic-studies-1"
"military-6","军事 · 战略研究","组织决策研究","信息条件与行动边界","这一研究问题的对象、条件和判断依据怎样对应？","record","inference;governance","8","68","编辑审核完成；游戏分支，非专业资格目录","当前分支准备及新版本失效检查通过","本目录中名称唯一"
"military-7","军事 · 战略研究","保障与资源评价","评价口径与系统余量","这一研究问题的对象、条件和判断依据怎样对应？","literature","resources;measurement","8","2","编辑审核完成；游戏分支，非专业资格目录","当前分支准备及新版本失效检查通过","本目录中名称唯一"
"military-8","军事 · 战略研究","安全与社会研究","群体经验与比较范围","这一研究问题的对象、条件和判断依据怎样对应？","method","interaction;inference","8","4","编辑审核完成；游戏分支，非专业资格目录","当前分支准备及新版本失效检查通过","本目录中名称唯一"
"military-9","军事 · 战略研究","科技与战略治理","工具使用与责任范围","这一研究问题的对象、条件和判断依据怎样对应？","record","systems;ethics","8","64","编辑审核完成；游戏分支，非专业资格目录","当前分支准备及新版本失效检查通过","本目录中名称唯一"
"interdisciplinary-4","交叉学科","计算与领域研究","模型语言与领域定义","这一研究问题的对象、条件和判断依据怎样对应？","literature","model;text","8","0","编辑审核完成；游戏分支，非专业资格目录","交叉方向由两侧实际记录分别判定","本目录中名称唯一"
"interdisciplinary-5","交叉学科","数据与社会研究","记录单位与社会情境","这一研究问题的对象、条件和判断依据怎样对应？","method","inference;governance","8","0","编辑审核完成；游戏分支，非专业资格目录","交叉方向由两侧实际记录分别判定","本目录中名称唯一"
"interdisciplinary-6","交叉学科","健康与技术研究","使用任务与健康边界","这一研究问题的对象、条件和判断依据怎样对应？","record","health;systems","8","0","编辑审核完成；游戏分支，非专业资格目录","交叉方向由两侧实际记录分别判定","本目录中名称唯一"
"interdisciplinary-7","交叉学科","环境与设计研究","环境条件与使用反馈","这一研究问题的对象、条件和判断依据怎样对应？","literature","environment;interaction","8","0","编辑审核完成；游戏分支，非专业资格目录","交叉方向由两侧实际记录分别判定","本目录中名称唯一"
"interdisciplinary-8","交叉学科","文化与数字研究","材料语境与资料结构","这一研究问题的对象、条件和判断依据怎样对应？","method","culture;systems","8","0","编辑审核完成；游戏分支，非专业资格目录","交叉方向由两侧实际记录分别判定","本目录中名称唯一"
"interdisciplinary-9","交叉学科","系统与资源研究","系统目标与资源约束","这一研究问题的对象、条件和判断依据怎样对应？","record","systems;resources","8","0","编辑审核完成；游戏分支，非专业资格目录","交叉方向由两侧实际记录分别判定","本目录中名称唯一"
"statistics-4","统计学","贝叶斯统计","先验信息与更新条件","这一研究问题的对象、条件和判断依据怎样对应？","literature","inference;model","8","666","编辑审核完成；游戏分支，非专业资格目录","当前分支准备及新版本失效检查通过","本目录中名称唯一"
"statistics-5","统计学","因果推断","比较条件与识别边界","这一研究问题的对象、条件和判断依据怎样对应？","method","inference;ethics","8","682","编辑审核完成；游戏分支，非专业资格目录","当前分支准备及新版本失效检查通过","本目录中名称唯一"
"statistics-6","统计学","实验与调查设计","观察单位与资料来源","这一研究问题的对象、条件和判断依据怎样对应？","record","measurement;inference","8","709","编辑审核完成；游戏分支，非专业资格目录","当前分支准备及新版本失效检查通过","本目录中名称唯一"
"statistics-7","统计学","生物统计","健康结局与群体差异","这一研究问题的对象、条件和判断依据怎样对应？","literature","health;inference","8","707","编辑审核完成；游戏分支，非专业资格目录","当前分支准备及新版本失效检查通过","本目录中名称唯一"
"statistics-8","统计学","稳健与非参数方法","假设变化与评价范围","这一研究问题的对象、条件和判断依据怎样对应？","method","model;measurement","8","578","编辑审核完成；游戏分支，非专业资格目录","当前分支准备及新版本失效检查通过","本目录中名称唯一"
"statistics-9","统计学","计算统计","数值过程与近似误差","这一研究问题的对象、条件和判断依据怎样对应？","record","systems;model","8","160","编辑审核完成；游戏分支，非专业资格目录","当前分支准备及新版本失效检查通过","本目录中名称唯一"
"astronomy-4","天文与空间观测","太阳与空间环境","时间变化与观测条件","这一研究问题的对象、条件和判断依据怎样对应？","literature","space;environment","8","10","编辑审核完成；游戏分支，非专业资格目录","当前分支准备及新版本失效检查通过","本目录中名称唯一"
"astronomy-5","天文与空间观测","行星与系外行星","信号解释与对象差异","这一研究问题的对象、条件和判断依据怎样对应？","method","space;inference","8","69","编辑审核完成；游戏分支，非专业资格目录","当前分支准备及新版本失效检查通过","本目录中名称唯一"
"astronomy-6","天文与空间观测","星际介质","材料过程与测量范围","这一研究问题的对象、条件和判断依据怎样对应？","record","materials;space","8","13","编辑审核完成；游戏分支，非专业资格目录","当前分支准备及新版本失效检查通过","本目录中名称唯一"
"astronomy-7","天文与空间观测","高能与多信使观测","来源联系与信号边界","这一研究问题的对象、条件和判断依据怎样对应？","literature","measurement;networks","8","70","编辑审核完成；游戏分支，非专业资格目录","当前分支准备及新版本失效检查通过","本目录中名称唯一"
"astronomy-8","天文与空间观测","天文数据分析","标定、缺失与推断条件","这一研究问题的对象、条件和判断依据怎样对应？","method","measurement;inference","8","71","编辑审核完成；游戏分支，非专业资格目录","当前分支准备及新版本失效检查通过","本目录中名称唯一"
"astronomy-9","天文与空间观测","望远镜与观测系统","资源窗口与运行条件","这一研究问题的对象、条件和判断依据怎样对应？","record","systems;resources","8","8","编辑审核完成；游戏分支，非专业资格目录","当前分支准备及新版本失效检查通过","本目录中名称唯一"
"sociology-4","社会学","人口与家庭","群体单位与生活经验","这一研究问题的对象、条件和判断依据怎样对应？","literature","inference;interaction","8","19","编辑审核完成；游戏分支，非专业资格目录","当前分支准备及新版本失效检查通过","本目录中名称唯一"
"sociology-5","社会学","劳动与职业","工作条件与组织边界","这一研究问题的对象、条件和判断依据怎样对应？","method","resources;governance","8","81","编辑审核完成；游戏分支，非专业资格目录","当前分支准备及新版本失效检查通过","本目录中名称唯一"
"sociology-6","社会学","健康与医学社会学","健康体验与制度情境","这一研究问题的对象、条件和判断依据怎样对应？","record","health;culture","8","6","编辑审核完成；游戏分支，非专业资格目录","当前分支准备及新版本失效检查通过","本目录中名称唯一"
"sociology-7","社会学","数字社会学","平台记录与互动结构","这一研究问题的对象、条件和判断依据怎样对应？","literature","networks;inference","8","23","编辑审核完成；游戏分支，非专业资格目录","当前分支准备及新版本失效检查通过","本目录中名称唯一"
"sociology-8","社会学","文化社会学","文化材料与意义解释","这一研究问题的对象、条件和判断依据怎样对应？","method","culture;text","8","71","编辑审核完成；游戏分支，非专业资格目录","当前分支准备及新版本失效检查通过","本目录中名称唯一"
"sociology-9","社会学","社会方法研究","测量口径与推断前提","这一研究问题的对象、条件和判断依据怎样对应？","record","measurement;inference","8","11","编辑审核完成；游戏分支，非专业资格目录","当前分支准备及新版本失效检查通过","本目录中名称唯一"
"anthropology-4","人类学","城市人类学","地方经验与空间关系","这份材料形成于什么语境，你的解释与材料本身如何区分？","literature","space;culture","8","11","编辑审核完成；游戏分支，非专业资格目录","当前分支准备及新版本失效检查通过","本目录中名称唯一"
"anthropology-5","人类学","医学人类学","健康叙述与照护语境","这份材料形成于什么语境，你的解释与材料本身如何区分？","method","health;culture","8","10","编辑审核完成；游戏分支，非专业资格目录","当前分支准备及新版本失效检查通过","本目录中名称唯一"
"anthropology-6","人类学","数字人类学","媒介参与与互动条件","这份材料形成于什么语境，你的解释与材料本身如何区分？","record","networks;interaction","8","5","编辑审核完成；游戏分支，非专业资格目录","当前分支准备及新版本失效检查通过","本目录中名称唯一"
"anthropology-7","人类学","经济人类学","资源交换与地方价值","这份材料形成于什么语境，你的解释与材料本身如何区分？","literature","resources;culture","8","11","编辑审核完成；游戏分支，非专业资格目录","当前分支准备及新版本失效检查通过","本目录中名称唯一"
"anthropology-8","人类学","语言人类学","交际材料与社会关系","这份材料形成于什么语境，你的解释与材料本身如何区分？","method","text;interaction","8","69","编辑审核完成；游戏分支，非专业资格目录","当前分支准备及新版本失效检查通过","本目录中名称唯一"
"anthropology-9","人类学","遗产与公众人类学","展示语境与参与边界","这份材料形成于什么语境，你的解释与材料本身如何区分？","record","culture;governance","8","74","编辑审核完成；游戏分支，非专业资格目录","当前分支准备及新版本失效检查通过","本目录中名称唯一"
"archaeology-4","考古学","史前考古","年代条件与材料序列","这份材料形成于什么语境，你的解释与材料本身如何区分？","literature","materials;text","8","66","编辑审核完成；游戏分支，非专业资格目录","当前分支准备及新版本失效检查通过","本目录中名称唯一"
"archaeology-5","考古学","历史考古","物质记录与史料联系","这份材料形成于什么语境，你的解释与材料本身如何区分？","method","materials;culture","8","69","编辑审核完成；游戏分支，非专业资格目录","当前分支准备及新版本失效检查通过","本目录中名称唯一"
"archaeology-6","考古学","环境考古","环境资料与生活条件","这份材料形成于什么语境，你的解释与材料本身如何区分？","record","environment;life","8","0","编辑审核完成；游戏分支，非专业资格目录","当前分支准备及新版本失效检查通过","本目录中名称唯一"
"archaeology-7","考古学","动物与植物考古","对象记录与材料解释","这份材料形成于什么语境，你的解释与材料本身如何区分？","literature","life;measurement","8","2","编辑审核完成；游戏分支，非专业资格目录","当前分支准备及新版本失效检查通过","本目录中名称唯一"
"archaeology-8","考古学","数字与空间考古","空间记录与资料结构","这份材料形成于什么语境，你的解释与材料本身如何区分？","method","space;systems","8","67","编辑审核完成；游戏分支，非专业资格目录","当前分支准备及新版本失效检查通过","本目录中名称唯一"
"archaeology-9","考古学","遗产保护与管理","材料状态与公众使用","这份材料形成于什么语境，你的解释与材料本身如何区分？","record","materials;governance","8","5","编辑审核完成；游戏分支，非专业资格目录","当前分支准备及新版本失效检查通过","本目录中名称唯一"
"geography-4","地理与空间分析","经济地理","空间资源与流动结构","这一研究问题的对象、条件和判断依据怎样对应？","literature","space;resources","8","13","编辑审核完成；游戏分支，非专业资格目录","当前分支准备及新版本失效检查通过","本目录中名称唯一"
"geography-5","地理与空间分析","城市地理","空间经验与治理条件","这一研究问题的对象、条件和判断依据怎样对应？","method","space;governance","8","16","编辑审核完成；游戏分支，非专业资格目录","当前分支准备及新版本失效检查通过","本目录中名称唯一"
"geography-6","地理与空间分析","旅游与文化地理","地方意义与使用反馈","这一研究问题的对象、条件和判断依据怎样对应？","record","culture;interaction","8","13","编辑审核完成；游戏分支，非专业资格目录","当前分支准备及新版本失效检查通过","本目录中名称唯一"
"geography-7","地理与空间分析","遥感地理","信号来源与观测尺度","这一研究问题的对象、条件和判断依据怎样对应？","literature","space;measurement","8","72","编辑审核完成；游戏分支，非专业资格目录","当前分支准备及新版本失效检查通过","本目录中名称唯一"
"geography-8","地理与空间分析","地理建模","空间关系与模型边界","这一研究问题的对象、条件和判断依据怎样对应？","method","space;model","8","73","编辑审核完成；游戏分支，非专业资格目录","当前分支准备及新版本失效检查通过","本目录中名称唯一"
"geography-9","地理与空间分析","地理教育与公众地图","表达口径与受众理解","这一研究问题的对象、条件和判断依据怎样对应？","record","learning;creative","8","0","编辑审核完成；游戏分支，非专业资格目录","当前分支准备及新版本失效检查通过","本目录中名称唯一"
"materials-4","材料科学","金属与合金","结构变化与批次性能","这一研究问题的对象、条件和判断依据怎样对应？","literature","materials;measurement","8","78","编辑审核完成；游戏分支，非专业资格目录","当前分支准备及新版本失效检查通过","本目录中名称唯一"
"materials-5","材料科学","陶瓷与无机材料","组成条件与使用范围","这一研究问题的对象、条件和判断依据怎样对应？","method","materials;energy","8","21","编辑审核完成；游戏分支，非专业资格目录","当前分支准备及新版本失效检查通过","本目录中名称唯一"
"materials-6","材料科学","聚合物材料","状态变化与环境关系","这一研究问题的对象、条件和判断依据怎样对应？","record","materials;environment","8","15","编辑审核完成；游戏分支，非专业资格目录","当前分支准备及新版本失效检查通过","本目录中名称唯一"
"materials-7","材料科学","电子与光电材料","结构信号与测量条件","这一研究问题的对象、条件和判断依据怎样对应？","literature","materials;networks","8","14","编辑审核完成；游戏分支，非专业资格目录","当前分支准备及新版本失效检查通过","本目录中名称唯一"
"materials-8","材料科学","能源材料","性能口径与工况边界","这一研究问题的对象、条件和判断依据怎样对应？","method","materials;energy","8","21","编辑审核完成；游戏分支，非专业资格目录","当前分支准备及新版本失效检查通过","本目录中名称唯一"
"materials-9","材料科学","材料可靠性与评价","重复记录与失效解释","这一研究问题的对象、条件和判断依据怎样对应？","record","materials;inference","8","16","编辑审核完成；游戏分支，非专业资格目录","当前分支准备及新版本失效检查通过","本目录中名称唯一"
"automation-4","控制与自动化","过程控制","过程模型与工况反馈","这一研究问题的对象、条件和判断依据怎样对应？","literature","systems;energy","8","86","编辑审核完成；游戏分支，非专业资格目录","当前分支准备及新版本失效检查通过","共享主题，分属路线：automation-4;process-engineering-6"
"automation-5","控制与自动化","嵌入式与实时系统","时间约束与资源条件","这一研究问题的对象、条件和判断依据怎样对应？","method","systems;resources","8","86","编辑审核完成；游戏分支，非专业资格目录","当前分支准备及新版本失效检查通过","本目录中名称唯一"
"automation-6","控制与自动化","无人系统研究","任务场景与协作范围","这一研究问题的对象、条件和判断依据怎样对应？","record","space;systems","8","87","编辑审核完成；游戏分支，非专业资格目录","当前分支准备及新版本失效检查通过","本目录中名称唯一"
"automation-7","控制与自动化","系统辨识","观测记录与模型条件","这一研究问题的对象、条件和判断依据怎样对应？","literature","measurement;inference","8","77","编辑审核完成；游戏分支，非专业资格目录","当前分支准备及新版本失效检查通过","本目录中名称唯一"
"automation-8","控制与自动化","人机协同","互动任务与责任边界","这一研究问题的对象、条件和判断依据怎样对应？","method","interaction;ethics","8","4","编辑审核完成；游戏分支，非专业资格目录","当前分支准备及新版本失效检查通过","本目录中名称唯一"
"automation-9","控制与自动化","工业智能","生产资料与运行范围","这一研究问题的对象、条件和判断依据怎样对应？","record","systems;inference","8","84","编辑审核完成；游戏分支，非专业资格目录","当前分支准备及新版本失效检查通过","本目录中名称唯一"
"communications-4","通信与信息工程","光通信","信号传输与器件条件","这一研究问题的对象、条件和判断依据怎样对应？","literature","networks;materials","8","12","编辑审核完成；游戏分支，非专业资格目录","当前分支准备及新版本失效检查通过","本目录中名称唯一"
"communications-5","通信与信息工程","卫星与空间通信","空间窗口与资源约束","这一研究问题的对象、条件和判断依据怎样对应？","method","space;networks","8","14","编辑审核完成；游戏分支，非专业资格目录","当前分支准备及新版本失效检查通过","本目录中名称唯一"
"communications-6","通信与信息工程","网络协议与系统","运行状态与接口边界","这一研究问题的对象、条件和判断依据怎样对应？","record","systems;networks","8","79","编辑审核完成；游戏分支，非专业资格目录","当前分支准备及新版本失效检查通过","本目录中名称唯一"
"communications-7","通信与信息工程","通信安全与隐私","使用情境与责任范围","这一研究问题的对象、条件和判断依据怎样对应？","literature","networks;ethics","8","13","编辑审核完成；游戏分支，非专业资格目录","当前分支准备及新版本失效检查通过","本目录中名称唯一"
"communications-8","通信与信息工程","语音与多媒体信号","信号结构与表达条件","这一研究问题的对象、条件和判断依据怎样对应？","method","measurement;creative","8","76","编辑审核完成；游戏分支，非专业资格目录","当前分支准备及新版本失效检查通过","本目录中名称唯一"
"communications-9","通信与信息工程","通信系统评价","误差口径与比较前提","这一研究问题的对象、条件和判断依据怎样对应？","record","measurement;inference","8","75","编辑审核完成；游戏分支，非专业资格目录","当前分支准备及新版本失效检查通过","本目录中名称唯一"
"architecture-4","建筑与城乡空间","建筑历史与理论","空间材料与时代语境","这一研究问题的对象、条件和判断依据怎样对应？","literature","culture;text","8","2","编辑审核完成；游戏分支，非专业资格目录","当前分支准备及新版本失效检查通过","本目录中名称唯一"
"architecture-5","建筑与城乡空间","景观与公共空间","环境联系与使用体验","这一研究问题的对象、条件和判断依据怎样对应？","method","environment;interaction","8","5","编辑审核完成；游戏分支，非专业资格目录","当前分支准备及新版本失效检查通过","本目录中名称唯一"
"architecture-6","建筑与城乡空间","住房与社区","生活需要与空间资源","这一研究问题的对象、条件和判断依据怎样对应？","record","space;resources","8","66","编辑审核完成；游戏分支，非专业资格目录","当前分支准备及新版本失效检查通过","本目录中名称唯一"
"architecture-7","建筑与城乡空间","建筑数字技术","模型结构与资料流转","这一研究问题的对象、条件和判断依据怎样对应？","literature","space;systems","8","70","编辑审核完成；游戏分支，非专业资格目录","当前分支准备及新版本失效检查通过","本目录中名称唯一"
"architecture-8","建筑与城乡空间","遗产更新","历史材料与使用边界","这一研究问题的对象、条件和判断依据怎样对应？","method","culture;materials","8","5","编辑审核完成；游戏分支，非专业资格目录","当前分支准备及新版本失效检查通过","本目录中名称唯一"
"architecture-9","建筑与城乡空间","建筑评价与人因","环境记录与使用反馈","这一研究问题的对象、条件和判断依据怎样对应？","record","measurement;interaction","8","64","编辑审核完成；游戏分支，非专业资格目录","当前分支准备及新版本失效检查通过","本目录中名称唯一"
"design-4","设计与交互","工业与产品设计","结构取舍与使用任务","这一研究问题的对象、条件和判断依据怎样对应？","literature","materials;interaction","8","85","编辑审核完成；游戏分支，非专业资格目录","当前分支准备及新版本失效检查通过","本目录中名称唯一"
"design-5","设计与交互","体验与用户研究","情境资料与个体差异","这一研究问题的对象、条件和判断依据怎样对应？","method","interaction;inference","8","88","编辑审核完成；游戏分支，非专业资格目录","当前分支准备及新版本失效检查通过","本目录中名称唯一"
"design-6","设计与交互","社会创新设计","公众需要与协作范围","这一研究问题的对象、条件和判断依据怎样对应？","record","governance;creative","8","77","编辑审核完成；游戏分支，非专业资格目录","当前分支准备及新版本失效检查通过","本目录中名称唯一"
"design-7","设计与交互","可持续设计","环境目标与资源条件","这一研究问题的对象、条件和判断依据怎样对应？","literature","environment;resources","8","6","编辑审核完成；游戏分支，非专业资格目录","当前分支准备及新版本失效检查通过","本目录中名称唯一"
"design-8","设计与交互","设计史与理论","表达概念与文化材料","这一研究问题的对象、条件和判断依据怎样对应？","method","culture;text","8","79","编辑审核完成；游戏分支，非专业资格目录","当前分支准备及新版本失效检查通过","本目录中名称唯一"
"design-9","设计与交互","数字与沉浸设计","工具边界与体验反馈","这一研究问题的对象、条件和判断依据怎样对应？","record","systems;creative","8","82","编辑审核完成；游戏分支，非专业资格目录","当前分支准备及新版本失效检查通过","本目录中名称唯一"
"publichealth-4","公共卫生","健康行为与促进","生活情境与行动条件","这一研究问题的对象、条件和判断依据怎样对应？","literature","health;interaction","8","558","编辑审核完成；游戏分支，非专业资格目录","当前分支准备及新版本失效检查通过","本目录中名称唯一"
"publichealth-5","公共卫生","生物统计与方法","群体指标与推断前提","这一研究问题的对象、条件和判断依据怎样对应？","method","health;inference","8","588","编辑审核完成；游戏分支，非专业资格目录","当前分支准备及新版本失效检查通过","本目录中名称唯一"
"publichealth-6","公共卫生","传染病群体研究","时间记录与比较范围","这一研究问题的对象、条件和判断依据怎样对应？","record","health;life","8","590","编辑审核完成；游戏分支，非专业资格目录","当前分支准备及新版本失效检查通过","本目录中名称唯一"
"publichealth-7","公共卫生","慢病群体研究","长期资料与结局口径","这一研究问题的对象、条件和判断依据怎样对应？","literature","health;measurement","8","561","编辑审核完成；游戏分支，非专业资格目录","当前分支准备及新版本失效检查通过","本目录中名称唯一"
"publichealth-8","公共卫生","健康公平","资源差异与制度情境","这一研究问题的对象、条件和判断依据怎样对应？","method","health;ethics","8","556","编辑审核完成；游戏分支，非专业资格目录","当前分支准备及新版本失效检查通过","共享主题，分属路线：publichealth-8;health-policy-6"
"publichealth-9","公共卫生","全球与社区健康","地方需要与服务条件","这一研究问题的对象、条件和判断依据怎样对应？","record","health;governance","8","559","编辑审核完成；游戏分支，非专业资格目录","当前分支准备及新版本失效检查通过","本目录中名称唯一"
"cardiology-1","心血管医学","心力衰竭","心力衰竭：研究对象、观察窗口与资料比较条件","这一研究问题的对象、条件和判断依据怎样对应？","method","health;measurement;inference;resources;inference","11","89","编辑审核完成；游戏分支，非专业资格目录","当前分支准备及新版本失效检查通过","本目录中名称唯一"
"cardiology-2","心血管医学","冠心病","冠心病：研究对象、观察窗口与资料比较条件","这一研究问题的对象、条件和判断依据怎样对应？","record","health;measurement;inference;resources;health","11","89","编辑审核完成；游戏分支，非专业资格目录","当前分支准备及新版本失效检查通过","本目录中名称唯一"
"cardiology-3","心血管医学","心律失常","心律失常：研究对象、观察窗口与资料比较条件","这一研究问题的对象、条件和判断依据怎样对应？","boundary","health;measurement;inference;resources;inference","11","89","编辑审核完成；游戏分支，非专业资格目录","当前分支准备及新版本失效检查通过","本目录中名称唯一"
"cardiology-4","心血管医学","高血压","高血压：研究对象、观察窗口与资料比较条件","这一研究问题的对象、条件和判断依据怎样对应？","method","health;measurement;inference;resources;health","11","89","编辑审核完成；游戏分支，非专业资格目录","当前分支准备及新版本失效检查通过","本目录中名称唯一"
"cardiology-5","心血管医学","心肌病","心肌病：研究对象、观察窗口与资料比较条件","这一研究问题的对象、条件和判断依据怎样对应？","record","health;measurement;inference;resources;inference","11","89","编辑审核完成；游戏分支，非专业资格目录","当前分支准备及新版本失效检查通过","本目录中名称唯一"
"cardiology-6","心血管医学","心脏影像","心脏影像：对象内重复、平台版本与图像质量","重复图像属于多少个对象，平台差异怎样处理？","boundary","health;measurement;inference;resources;health","11","89","编辑审核完成；游戏分支，非专业资格目录","当前分支准备及新版本失效检查通过","本目录中名称唯一"
"cardiology-7","心血管医学","心脏康复","心脏康复：阶段、生活条件与功能或体验变化","年龄或生活条件改变后，这个指标还是同一含义吗？","method","health;measurement;inference;resources;inference","11","89","编辑审核完成；游戏分支，非专业资格目录","当前分支准备及新版本失效检查通过","本目录中名称唯一"
"cardiology-8","心血管医学","结构性心脏病","结构性心脏病：研究对象、观察窗口与资料比较条件","这一研究问题的对象、条件和判断依据怎样对应？","record","health;measurement;inference;resources;health","11","89","编辑审核完成；游戏分支，非专业资格目录","当前分支准备及新版本失效检查通过","本目录中名称唯一"
"cardiology-9","心血管医学","心血管遗传","心血管遗传：对象关系、参考版本与变异解释","参考版本改变后，哪些解释仍然成立？","boundary","health;measurement;inference;resources;inference","11","89","编辑审核完成；游戏分支，非专业资格目录","当前分支准备及新版本失效检查通过","共享主题，分属路线：cardiology-9;medical-genetics-2"
"cardiology-10","心血管医学","心血管代谢","心血管代谢：研究对象、观察窗口与资料比较条件","这一研究问题的对象、条件和判断依据怎样对应？","method","health;measurement;inference;resources;health","11","89","编辑审核完成；游戏分支，非专业资格目录","当前分支准备及新版本失效检查通过","本目录中名称唯一"
"cardiology-11","心血管医学","血管生物学","血管生物学：研究对象、观察窗口与资料比较条件","这一研究问题的对象、条件和判断依据怎样对应？","record","health;measurement;inference;resources;inference","11","89","编辑审核完成；游戏分支，非专业资格目录","当前分支准备及新版本失效检查通过","本目录中名称唯一"
"cardiology-12","心血管医学","心血管结局研究","心血管结局研究：入组范围、观察时间与未完成随访","没有完成随访的人去了哪里，观察时间是否一致？","boundary","health;measurement;inference;resources;health","11","89","编辑审核完成；游戏分支，非专业资格目录","当前分支准备及新版本失效检查通过","本目录中名称唯一"
"respiratory-1","呼吸医学","慢性气道疾病","慢性气道疾病：研究对象、观察窗口与资料比较条件","这一研究问题的对象、条件和判断依据怎样对应？","method","health;measurement;inference;resources;inference","11","65","编辑审核完成；游戏分支，非专业资格目录","当前分支准备及新版本失效检查通过","本目录中名称唯一"
"respiratory-2","呼吸医学","间质性肺疾病","间质性肺疾病：研究对象、观察窗口与资料比较条件","这一研究问题的对象、条件和判断依据怎样对应？","record","health;measurement;inference;resources;health","11","65","编辑审核完成；游戏分支，非专业资格目录","当前分支准备及新版本失效检查通过","本目录中名称唯一"
"respiratory-3","呼吸医学","肺血管疾病","肺血管疾病：研究对象、观察窗口与资料比较条件","这一研究问题的对象、条件和判断依据怎样对应？","boundary","health;measurement;inference;resources;inference","11","65","编辑审核完成；游戏分支，非专业资格目录","当前分支准备及新版本失效检查通过","本目录中名称唯一"
"respiratory-4","呼吸医学","呼吸影像","呼吸影像：对象内重复、平台版本与图像质量","重复图像属于多少个对象，平台差异怎样处理？","method","health;measurement;inference;resources;health","11","65","编辑审核完成；游戏分支，非专业资格目录","当前分支准备及新版本失效检查通过","本目录中名称唯一"
"respiratory-5","呼吸医学","肺功能研究","肺功能研究：任务或测量条件、重复记录与时间","同一对象的重复记录怎样对应条件与时间？","record","health;measurement;inference;resources;inference","11","65","编辑审核完成；游戏分支，非专业资格目录","当前分支准备及新版本失效检查通过","本目录中名称唯一"
"respiratory-6","呼吸医学","睡眠呼吸","睡眠呼吸：研究对象、观察窗口与资料比较条件","这一研究问题的对象、条件和判断依据怎样对应？","boundary","health;measurement;inference;resources;health","11","65","编辑审核完成；游戏分支，非专业资格目录","当前分支准备及新版本失效检查通过","本目录中名称唯一"
"respiratory-7","呼吸医学","呼吸康复","呼吸康复：阶段、生活条件与功能或体验变化","年龄或生活条件改变后，这个指标还是同一含义吗？","method","health;measurement;inference;resources;inference","11","65","编辑审核完成；游戏分支，非专业资格目录","当前分支准备及新版本失效检查通过","本目录中名称唯一"
"respiratory-8","呼吸医学","环境与呼吸健康","环境与呼吸健康：研究对象、观察窗口与资料比较条件","这一研究问题的对象、条件和判断依据怎样对应？","record","health;measurement;inference;resources;health","11","65","编辑审核完成；游戏分支，非专业资格目录","当前分支准备及新版本失效检查通过","本目录中名称唯一"
"respiratory-9","呼吸医学","呼吸系统肿瘤","呼吸系统肿瘤：研究对象、观察窗口与资料比较条件","这一研究问题的对象、条件和判断依据怎样对应？","boundary","health;measurement;inference;resources;inference","11","65","编辑审核完成；游戏分支，非专业资格目录","当前分支准备及新版本失效检查通过","本目录中名称唯一"
"respiratory-10","呼吸医学","呼吸症状量表","呼吸症状量表：测量含义、填答者与时间窗口","这个回答由谁给出，测到的是哪一种体验？","method","health;measurement;inference;resources;health","11","65","编辑审核完成；游戏分支，非专业资格目录","当前分支准备及新版本失效检查通过","本目录中名称唯一"
"respiratory-11","呼吸医学","长期氧疗结局","长期氧疗结局：入组范围、观察时间与未完成随访","没有完成随访的人去了哪里，观察时间是否一致？","record","health;measurement;inference;resources;inference","11","65","编辑审核完成；游戏分支，非专业资格目录","当前分支准备及新版本失效检查通过","本目录中名称唯一"
"respiratory-12","呼吸医学","呼吸疾病队列","呼吸疾病队列：入组范围、观察时间与未完成随访","没有完成随访的人去了哪里，观察时间是否一致？","boundary","health;measurement;inference;resources;health","11","65","编辑审核完成；游戏分支，非专业资格目录","当前分支准备及新版本失效检查通过","本目录中名称唯一"
"gastroenterology-1","消化医学","胃肠动力","胃肠动力：研究对象、观察窗口与资料比较条件","这一研究问题的对象、条件和判断依据怎样对应？","method","health;measurement;inference;resources;inference","11","65","编辑审核完成；游戏分支，非专业资格目录","当前分支准备及新版本失效检查通过","本目录中名称唯一"
"gastroenterology-2","消化医学","炎症性肠病","炎症性肠病：研究对象、观察窗口与资料比较条件","这一研究问题的对象、条件和判断依据怎样对应？","record","health;measurement;inference;resources;health","11","65","编辑审核完成；游戏分支，非专业资格目录","当前分支准备及新版本失效检查通过","本目录中名称唯一"
"gastroenterology-3","消化医学","肝病与肝纤维化","肝病与肝纤维化：研究对象、观察窗口与资料比较条件","这一研究问题的对象、条件和判断依据怎样对应？","boundary","health;measurement;inference;resources;inference","11","65","编辑审核完成；游戏分支，非专业资格目录","当前分支准备及新版本失效检查通过","本目录中名称唯一"
"gastroenterology-4","消化医学","消化内镜质控","消化内镜质控：研究对象、观察窗口与资料比较条件","这一研究问题的对象、条件和判断依据怎样对应？","method","health;measurement;inference;resources;health","11","65","编辑审核完成；游戏分支，非专业资格目录","当前分支准备及新版本失效检查通过","本目录中名称唯一"
"gastroenterology-5","消化医学","胰腺疾病","胰腺疾病：研究对象、观察窗口与资料比较条件","这一研究问题的对象、条件和判断依据怎样对应？","record","health;measurement;inference;resources;inference","11","65","编辑审核完成；游戏分支，非专业资格目录","当前分支准备及新版本失效检查通过","本目录中名称唯一"
"gastroenterology-6","消化医学","肠道生态","肠道生态：研究对象、观察窗口与资料比较条件","这一研究问题的对象、条件和判断依据怎样对应？","boundary","health;measurement;inference;resources;health","11","65","编辑审核完成；游戏分支，非专业资格目录","当前分支准备及新版本失效检查通过","本目录中名称唯一"
"gastroenterology-7","消化医学","营养与消化","营养与消化：阶段、生活条件与功能或体验变化","年龄或生活条件改变后，这个指标还是同一含义吗？","method","health;measurement;inference;resources;inference","11","65","编辑审核完成；游戏分支，非专业资格目录","当前分支准备及新版本失效检查通过","本目录中名称唯一"
"gastroenterology-8","消化医学","消化道肿瘤","消化道肿瘤：研究对象、观察窗口与资料比较条件","这一研究问题的对象、条件和判断依据怎样对应？","record","health;measurement;inference;resources;health","11","65","编辑审核完成；游戏分支，非专业资格目录","当前分支准备及新版本失效检查通过","本目录中名称唯一"
"gastroenterology-9","消化医学","胃食管反流","胃食管反流：研究对象、观察窗口与资料比较条件","这一研究问题的对象、条件和判断依据怎样对应？","boundary","health;measurement;inference;resources;inference","11","65","编辑审核完成；游戏分支，非专业资格目录","当前分支准备及新版本失效检查通过","本目录中名称唯一"
"gastroenterology-10","消化医学","功能性胃肠病","功能性胃肠病：任务或测量条件、重复记录与时间","同一对象的重复记录怎样对应条件与时间？","method","health;measurement;inference;resources;health","11","65","编辑审核完成；游戏分支，非专业资格目录","当前分支准备及新版本失效检查通过","本目录中名称唯一"
"gastroenterology-11","消化医学","胆道疾病","胆道疾病：研究对象、观察窗口与资料比较条件","这一研究问题的对象、条件和判断依据怎样对应？","record","health;measurement;inference;resources;inference","11","65","编辑审核完成；游戏分支，非专业资格目录","当前分支准备及新版本失效检查通过","本目录中名称唯一"
"gastroenterology-12","消化医学","消化疾病结局","消化疾病结局：入组范围、观察时间与未完成随访","没有完成随访的人去了哪里，观察时间是否一致？","boundary","health;measurement;inference;resources;health","11","65","编辑审核完成；游戏分支，非专业资格目录","当前分支准备及新版本失效检查通过","本目录中名称唯一"
"endocrinology-1","内分泌与代谢","糖尿病","糖尿病：研究对象、观察窗口与资料比较条件","这一研究问题的对象、条件和判断依据怎样对应？","method","health;measurement;inference;resources;inference","11","65","编辑审核完成；游戏分支，非专业资格目录","当前分支准备及新版本失效检查通过","本目录中名称唯一"
"endocrinology-2","内分泌与代谢","肥胖研究","肥胖研究：研究对象、观察窗口与资料比较条件","这一研究问题的对象、条件和判断依据怎样对应？","record","health;measurement;inference;resources;health","11","65","编辑审核完成；游戏分支，非专业资格目录","当前分支准备及新版本失效检查通过","本目录中名称唯一"
"endocrinology-3","内分泌与代谢","甲状腺疾病","甲状腺疾病：研究对象、观察窗口与资料比较条件","这一研究问题的对象、条件和判断依据怎样对应？","boundary","health;measurement;inference;resources;inference","11","65","编辑审核完成；游戏分支，非专业资格目录","当前分支准备及新版本失效检查通过","本目录中名称唯一"
"endocrinology-4","内分泌与代谢","骨代谢","骨代谢：研究对象、观察窗口与资料比较条件","这一研究问题的对象、条件和判断依据怎样对应？","method","health;measurement;inference;resources;health","11","65","编辑审核完成；游戏分支，非专业资格目录","当前分支准备及新版本失效检查通过","本目录中名称唯一"
"endocrinology-5","内分泌与代谢","肾上腺疾病","肾上腺疾病：研究对象、观察窗口与资料比较条件","这一研究问题的对象、条件和判断依据怎样对应？","record","health;measurement;inference;resources;inference","11","65","编辑审核完成；游戏分支，非专业资格目录","当前分支准备及新版本失效检查通过","本目录中名称唯一"
"endocrinology-6","内分泌与代谢","垂体疾病","垂体疾病：研究对象、观察窗口与资料比较条件","这一研究问题的对象、条件和判断依据怎样对应？","boundary","health;measurement;inference;resources;health","11","65","编辑审核完成；游戏分支，非专业资格目录","当前分支准备及新版本失效检查通过","本目录中名称唯一"
"endocrinology-7","内分泌与代谢","生殖内分泌","生殖内分泌：研究对象、观察窗口与资料比较条件","这一研究问题的对象、条件和判断依据怎样对应？","method","health;measurement;inference;resources;inference","11","65","编辑审核完成；游戏分支，非专业资格目录","当前分支准备及新版本失效检查通过","共享主题，分属路线：endocrinology-7;obgyn-6"
"endocrinology-8","内分泌与代谢","代谢综合征","代谢综合征：研究对象、观察窗口与资料比较条件","这一研究问题的对象、条件和判断依据怎样对应？","record","health;measurement;inference;resources;health","11","65","编辑审核完成；游戏分支，非专业资格目录","当前分支准备及新版本失效检查通过","本目录中名称唯一"
"endocrinology-9","内分泌与代谢","内分泌遗传","内分泌遗传：对象关系、参考版本与变异解释","参考版本改变后，哪些解释仍然成立？","boundary","health;measurement;inference;resources;inference","11","65","编辑审核完成；游戏分支，非专业资格目录","当前分支准备及新版本失效检查通过","本目录中名称唯一"
"endocrinology-10","内分泌与代谢","连续代谢监测","连续代谢监测：任务或测量条件、重复记录与时间","同一对象的重复记录怎样对应条件与时间？","method","health;measurement;inference;resources;health","11","65","编辑审核完成；游戏分支，非专业资格目录","当前分支准备及新版本失效检查通过","本目录中名称唯一"
"endocrinology-11","内分泌与代谢","代谢与衰老","代谢与衰老：阶段、生活条件与功能或体验变化","年龄或生活条件改变后，这个指标还是同一含义吗？","record","health;measurement;inference;resources;inference","11","65","编辑审核完成；游戏分支，非专业资格目录","当前分支准备及新版本失效检查通过","本目录中名称唯一"
"endocrinology-12","内分泌与代谢","内分泌结局","内分泌结局：入组范围、观察时间与未完成随访","没有完成随访的人去了哪里，观察时间是否一致？","boundary","health;measurement;inference;resources;health","11","65","编辑审核完成；游戏分支，非专业资格目录","当前分支准备及新版本失效检查通过","本目录中名称唯一"
"nephrology-1","肾脏医学","慢性肾病","慢性肾病：研究对象、观察窗口与资料比较条件","这一研究问题的对象、条件和判断依据怎样对应？","method","health;measurement;inference;resources;inference","11","65","编辑审核完成；游戏分支，非专业资格目录","当前分支准备及新版本失效检查通过","本目录中名称唯一"
"nephrology-2","肾脏医学","急性肾损伤","急性肾损伤：研究对象、观察窗口与资料比较条件","这一研究问题的对象、条件和判断依据怎样对应？","record","health;measurement;inference;resources;health","11","65","编辑审核完成；游戏分支，非专业资格目录","当前分支准备及新版本失效检查通过","本目录中名称唯一"
"nephrology-3","肾脏医学","肾小球疾病","肾小球疾病：研究对象、观察窗口与资料比较条件","这一研究问题的对象、条件和判断依据怎样对应？","boundary","health;measurement;inference;resources;inference","11","65","编辑审核完成；游戏分支，非专业资格目录","当前分支准备及新版本失效检查通过","本目录中名称唯一"
"nephrology-4","肾脏医学","肾脏病理","肾脏病理：测量口径、平台或读者差异","换一个平台或复核者，哪一项判断仍能保留？","method","health;measurement;inference;resources;health","11","65","编辑审核完成；游戏分支，非专业资格目录","当前分支准备及新版本失效检查通过","共享主题，分属路线：nephrology-4;pathology-5"
"nephrology-5","肾脏医学","透析结局","透析结局：入组范围、观察时间与未完成随访","没有完成随访的人去了哪里，观察时间是否一致？","record","health;measurement;inference;resources;inference","11","65","编辑审核完成；游戏分支，非专业资格目录","当前分支准备及新版本失效检查通过","本目录中名称唯一"
"nephrology-6","肾脏医学","肾移植随访","肾移植随访：入组范围、观察时间与未完成随访","没有完成随访的人去了哪里，观察时间是否一致？","boundary","health;measurement;inference;resources;health","11","65","编辑审核完成；游戏分支，非专业资格目录","当前分支准备及新版本失效检查通过","本目录中名称唯一"
"nephrology-7","肾脏医学","肾脏遗传","肾脏遗传：对象关系、参考版本与变异解释","参考版本改变后，哪些解释仍然成立？","method","health;measurement;inference;resources;inference","11","65","编辑审核完成；游戏分支，非专业资格目录","当前分支准备及新版本失效检查通过","本目录中名称唯一"
"nephrology-8","肾脏医学","水盐平衡","水盐平衡：研究对象、观察窗口与资料比较条件","这一研究问题的对象、条件和判断依据怎样对应？","record","health;measurement;inference;resources;health","11","65","编辑审核完成；游戏分支，非专业资格目录","当前分支准备及新版本失效检查通过","本目录中名称唯一"
"nephrology-9","肾脏医学","肾脏影像","肾脏影像：对象内重复、平台版本与图像质量","重复图像属于多少个对象，平台差异怎样处理？","boundary","health;measurement;inference;resources;inference","11","65","编辑审核完成；游戏分支，非专业资格目录","当前分支准备及新版本失效检查通过","本目录中名称唯一"
"nephrology-10","肾脏医学","肾病营养","肾病营养：阶段、生活条件与功能或体验变化","年龄或生活条件改变后，这个指标还是同一含义吗？","method","health;measurement;inference;resources;health","11","65","编辑审核完成；游戏分支，非专业资格目录","当前分支准备及新版本失效检查通过","本目录中名称唯一"
"nephrology-11","肾脏医学","肾脏与心血管","肾脏与心血管：研究对象、观察窗口与资料比较条件","这一研究问题的对象、条件和判断依据怎样对应？","record","health;measurement;inference;resources;inference","11","65","编辑审核完成；游戏分支，非专业资格目录","当前分支准备及新版本失效检查通过","本目录中名称唯一"
"nephrology-12","肾脏医学","肾脏疾病队列","肾脏疾病队列：入组范围、观察时间与未完成随访","没有完成随访的人去了哪里，观察时间是否一致？","boundary","health;measurement;inference;resources;health","11","65","编辑审核完成；游戏分支，非专业资格目录","当前分支准备及新版本失效检查通过","本目录中名称唯一"
"hematology-1","血液医学","造血与干细胞","造血与干细胞：资料来源、批次与模型范围","来源与批次如何对应，模型中看到的现象能解释到哪一步？","method","health;measurement;inference;resources;inference","11","65","编辑审核完成；游戏分支，非专业资格目录","当前分支准备及新版本失效检查通过","本目录中名称唯一"
"hematology-2","血液医学","贫血研究","贫血研究：研究对象、观察窗口与资料比较条件","这一研究问题的对象、条件和判断依据怎样对应？","record","health;measurement;inference;resources;health","11","65","编辑审核完成；游戏分支，非专业资格目录","当前分支准备及新版本失效检查通过","本目录中名称唯一"
"hematology-3","血液医学","凝血与血栓","凝血与血栓：研究对象、观察窗口与资料比较条件","这一研究问题的对象、条件和判断依据怎样对应？","boundary","health;measurement;inference;resources;inference","11","65","编辑审核完成；游戏分支，非专业资格目录","当前分支准备及新版本失效检查通过","本目录中名称唯一"
"hematology-4","血液医学","血液肿瘤","血液肿瘤：研究对象、观察窗口与资料比较条件","这一研究问题的对象、条件和判断依据怎样对应？","method","health;measurement;inference;resources;health","11","65","编辑审核完成；游戏分支，非专业资格目录","当前分支准备及新版本失效检查通过","本目录中名称唯一"
"hematology-5","血液医学","血液形态学","血液形态学：研究对象、观察窗口与资料比较条件","这一研究问题的对象、条件和判断依据怎样对应？","record","health;measurement;inference;resources;inference","11","65","编辑审核完成；游戏分支，非专业资格目录","当前分支准备及新版本失效检查通过","本目录中名称唯一"
"hematology-6","血液医学","造血移植结局","造血移植结局：入组范围、观察时间与未完成随访","没有完成随访的人去了哪里，观察时间是否一致？","boundary","health;measurement;inference;resources;health","11","65","编辑审核完成；游戏分支，非专业资格目录","当前分支准备及新版本失效检查通过","本目录中名称唯一"
"hematology-7","血液医学","血液遗传","血液遗传：对象关系、参考版本与变异解释","参考版本改变后，哪些解释仍然成立？","method","health;measurement;inference;resources;inference","11","65","编辑审核完成；游戏分支，非专业资格目录","当前分支准备及新版本失效检查通过","本目录中名称唯一"
"hematology-8","血液医学","血液免疫","血液免疫：资料来源、批次与模型范围","来源与批次如何对应，模型中看到的现象能解释到哪一步？","record","health;measurement;inference;resources;health","11","65","编辑审核完成；游戏分支，非专业资格目录","当前分支准备及新版本失效检查通过","本目录中名称唯一"
"hematology-9","血液医学","输血质量","输血质量：研究对象、观察窗口与资料比较条件","这一研究问题的对象、条件和判断依据怎样对应？","boundary","health;measurement;inference;resources;inference","11","65","编辑审核完成；游戏分支，非专业资格目录","当前分支准备及新版本失效检查通过","本目录中名称唯一"
"hematology-10","血液医学","血小板研究","血小板研究：研究对象、观察窗口与资料比较条件","这一研究问题的对象、条件和判断依据怎样对应？","method","health;measurement;inference;resources;health","11","65","编辑审核完成；游戏分支，非专业资格目录","当前分支准备及新版本失效检查通过","本目录中名称唯一"
"hematology-11","血液医学","血液疾病队列","血液疾病队列：入组范围、观察时间与未完成随访","没有完成随访的人去了哪里，观察时间是否一致？","record","health;measurement;inference;resources;inference","11","65","编辑审核完成；游戏分支，非专业资格目录","当前分支准备及新版本失效检查通过","本目录中名称唯一"
"hematology-12","血液医学","血液组学","血液组学：来源、批次与独立对象","不同来源和批次对上了什么对象，重复资料有没有分开？","boundary","health;measurement;inference;resources;health","11","65","编辑审核完成；游戏分支，非专业资格目录","当前分支准备及新版本失效检查通过","本目录中名称唯一"
"rheumatology-1","风湿免疫医学","系统性自身免疫","系统性自身免疫：资料来源、批次与模型范围","来源与批次如何对应，模型中看到的现象能解释到哪一步？","method","health;measurement;inference;resources;inference","11","53","编辑审核完成；游戏分支，非专业资格目录","当前分支准备及新版本失效检查通过","本目录中名称唯一"
"rheumatology-2","风湿免疫医学","炎性关节病","炎性关节病：研究对象、观察窗口与资料比较条件","这一研究问题的对象、条件和判断依据怎样对应？","record","health;measurement;inference;resources;health","11","53","编辑审核完成；游戏分支，非专业资格目录","当前分支准备及新版本失效检查通过","本目录中名称唯一"
"rheumatology-3","风湿免疫医学","结缔组织病","结缔组织病：资料来源、批次与模型范围","来源与批次如何对应，模型中看到的现象能解释到哪一步？","boundary","health;measurement;inference;resources;inference","11","53","编辑审核完成；游戏分支，非专业资格目录","当前分支准备及新版本失效检查通过","本目录中名称唯一"
"rheumatology-4","风湿免疫医学","风湿影像","风湿影像：对象内重复、平台版本与图像质量","重复图像属于多少个对象，平台差异怎样处理？","method","health;measurement;inference;resources;health","11","53","编辑审核完成；游戏分支，非专业资格目录","当前分支准备及新版本失效检查通过","本目录中名称唯一"
"rheumatology-5","风湿免疫医学","自身抗体研究","自身抗体研究：研究对象、观察窗口与资料比较条件","这一研究问题的对象、条件和判断依据怎样对应？","record","health;measurement;inference;resources;inference","11","53","编辑审核完成；游戏分支，非专业资格目录","当前分支准备及新版本失效检查通过","本目录中名称唯一"
"rheumatology-6","风湿免疫医学","疾病活动度","疾病活动度：研究对象、观察窗口与资料比较条件","这一研究问题的对象、条件和判断依据怎样对应？","boundary","health;measurement;inference;resources;health","11","53","编辑审核完成；游戏分支，非专业资格目录","当前分支准备及新版本失效检查通过","本目录中名称唯一"
"rheumatology-7","风湿免疫医学","风湿病康复","风湿病康复：阶段、生活条件与功能或体验变化","年龄或生活条件改变后，这个指标还是同一含义吗？","method","health;measurement;inference;resources;inference","11","53","编辑审核完成；游戏分支，非专业资格目录","当前分支准备及新版本失效检查通过","本目录中名称唯一"
"rheumatology-8","风湿免疫医学","免疫相关结局","免疫相关结局：入组范围、观察时间与未完成随访","没有完成随访的人去了哪里，观察时间是否一致？","record","health;measurement;inference;resources;health","11","53","编辑审核完成；游戏分支，非专业资格目录","当前分支准备及新版本失效检查通过","本目录中名称唯一"
"rheumatology-9","风湿免疫医学","生活质量","生活质量：测量含义、填答者与时间窗口","这个回答由谁给出，测到的是哪一种体验？","boundary","health;measurement;inference;resources;inference","11","53","编辑审核完成；游戏分支，非专业资格目录","当前分支准备及新版本失效检查通过","共享主题，分属路线：rheumatology-9;geriatrics-9;dermatology-11"
"rheumatology-10","风湿免疫医学","风湿遗传","风湿遗传：对象关系、参考版本与变异解释","参考版本改变后，哪些解释仍然成立？","method","health;measurement;inference;resources;health","11","53","编辑审核完成；游戏分支，非专业资格目录","当前分支准备及新版本失效检查通过","本目录中名称唯一"
"rheumatology-11","风湿免疫医学","风湿病队列","风湿病队列：入组范围、观察时间与未完成随访","没有完成随访的人去了哪里，观察时间是否一致？","record","health;measurement;inference;resources;inference","11","53","编辑审核完成；游戏分支，非专业资格目录","当前分支准备及新版本失效检查通过","本目录中名称唯一"
"rheumatology-12","风湿免疫医学","患者报告结局","患者报告结局：入组范围、观察时间与未完成随访","没有完成随访的人去了哪里，观察时间是否一致？","boundary","health;measurement;inference;resources;health","11","53","编辑审核完成；游戏分支，非专业资格目录","当前分支准备及新版本失效检查通过","共享主题，分属路线：rheumatology-12;cardiac-surgery-10;neurosurgery-12;orthopedics-12;urology-11;obgyn-10;ent-12;integrated-medicine-6"
"neurology-1","神经医学","脑血管病","脑血管病：研究对象、观察窗口与资料比较条件","这一研究问题的对象、条件和判断依据怎样对应？","method","health;measurement;inference;resources;inference","11","77","编辑审核完成；游戏分支，非专业资格目录","当前分支准备及新版本失效检查通过","本目录中名称唯一"
"neurology-2","神经医学","神经退行性疾病","神经退行性疾病：研究对象、观察窗口与资料比较条件","这一研究问题的对象、条件和判断依据怎样对应？","record","health;measurement;inference;resources;health","11","77","编辑审核完成；游戏分支，非专业资格目录","当前分支准备及新版本失效检查通过","本目录中名称唯一"
"neurology-3","神经医学","癫痫研究","癫痫研究：研究对象、观察窗口与资料比较条件","这一研究问题的对象、条件和判断依据怎样对应？","boundary","health;measurement;inference;resources;inference","11","77","编辑审核完成；游戏分支，非专业资格目录","当前分支准备及新版本失效检查通过","本目录中名称唯一"
"neurology-4","神经医学","认知障碍","认知障碍：研究对象、观察窗口与资料比较条件","这一研究问题的对象、条件和判断依据怎样对应？","method","health;measurement;inference;resources;health","11","77","编辑审核完成；游戏分支，非专业资格目录","当前分支准备及新版本失效检查通过","本目录中名称唯一"
"neurology-5","神经医学","运动障碍","运动障碍：研究对象、观察窗口与资料比较条件","这一研究问题的对象、条件和判断依据怎样对应？","record","health;measurement;inference;resources;inference","11","77","编辑审核完成；游戏分支，非专业资格目录","当前分支准备及新版本失效检查通过","本目录中名称唯一"
"neurology-6","神经医学","神经影像","神经影像：对象内重复、平台版本与图像质量","重复图像属于多少个对象，平台差异怎样处理？","boundary","health;measurement;inference;resources;health","11","77","编辑审核完成；游戏分支，非专业资格目录","当前分支准备及新版本失效检查通过","共享主题，分属路线：neurology-6;radiology-3"
"neurology-7","神经医学","神经电生理","神经电生理：任务或测量条件、重复记录与时间","同一对象的重复记录怎样对应条件与时间？","method","health;measurement;inference;resources;inference","11","77","编辑审核完成；游戏分支，非专业资格目录","当前分支准备及新版本失效检查通过","本目录中名称唯一"
"neurology-8","神经医学","神经遗传","神经遗传：对象关系、参考版本与变异解释","参考版本改变后，哪些解释仍然成立？","record","health;measurement;inference;resources;health","11","77","编辑审核完成；游戏分支，非专业资格目录","当前分支准备及新版本失效检查通过","共享主题，分属路线：neurology-8;medical-genetics-3"
"neurology-9","神经医学","头痛研究","头痛研究：研究对象、观察窗口与资料比较条件","这一研究问题的对象、条件和判断依据怎样对应？","boundary","health;measurement;inference;resources;inference","11","77","编辑审核完成；游戏分支，非专业资格目录","当前分支准备及新版本失效检查通过","本目录中名称唯一"
"neurology-10","神经医学","睡眠神经科学","睡眠神经科学：研究对象、观察窗口与资料比较条件","这一研究问题的对象、条件和判断依据怎样对应？","method","health;measurement;inference;resources;health","11","77","编辑审核完成；游戏分支，非专业资格目录","当前分支准备及新版本失效检查通过","本目录中名称唯一"
"neurology-11","神经医学","神经康复","神经康复：阶段、生活条件与功能或体验变化","年龄或生活条件改变后，这个指标还是同一含义吗？","record","health;measurement;inference;resources;inference","11","77","编辑审核完成；游戏分支，非专业资格目录","当前分支准备及新版本失效检查通过","共享主题，分属路线：neurology-11;rehabilitation-1"
"neurology-12","神经医学","神经疾病队列","神经疾病队列：入组范围、观察时间与未完成随访","没有完成随访的人去了哪里，观察时间是否一致？","boundary","health;measurement;inference;resources;health","11","77","编辑审核完成；游戏分支，非专业资格目录","当前分支准备及新版本失效检查通过","本目录中名称唯一"
"infectious-1","感染性疾病研究","感染疾病队列","感染疾病队列：入组范围、观察时间与未完成随访","没有完成随访的人去了哪里，观察时间是否一致？","method","health;measurement;inference;resources;inference","11","53","编辑审核完成；游戏分支，非专业资格目录","当前分支准备及新版本失效检查通过","本目录中名称唯一"
"infectious-2","感染性疾病研究","宿主反应","宿主反应：研究对象、观察窗口与资料比较条件","这一研究问题的对象、条件和判断依据怎样对应？","record","health;measurement;inference;resources;health","11","53","编辑审核完成；游戏分支，非专业资格目录","当前分支准备及新版本失效检查通过","本目录中名称唯一"
"infectious-3","感染性疾病研究","感染疾病影像","感染疾病影像：对象内重复、平台版本与图像质量","重复图像属于多少个对象，平台差异怎样处理？","boundary","health;measurement;inference;resources;inference","11","53","编辑审核完成；游戏分支，非专业资格目录","当前分支准备及新版本失效检查通过","本目录中名称唯一"
"infectious-4","感染性疾病研究","感染结局","感染结局：入组范围、观察时间与未完成随访","没有完成随访的人去了哪里，观察时间是否一致？","method","health;measurement;inference;resources;health","11","53","编辑审核完成；游戏分支，非专业资格目录","当前分支准备及新版本失效检查通过","本目录中名称唯一"
"infectious-5","感染性疾病研究","抗感染药物结局","抗感染药物结局：入组范围、观察时间与未完成随访","没有完成随访的人去了哪里，观察时间是否一致？","record","health;measurement;inference;resources;inference","11","53","编辑审核完成；游戏分支，非专业资格目录","当前分支准备及新版本失效检查通过","本目录中名称唯一"
"infectious-6","感染性疾病研究","诊断资料评价","诊断资料评价：研究对象、观察窗口与资料比较条件","这一研究问题的对象、条件和判断依据怎样对应？","boundary","health;measurement;inference;resources;health","11","53","编辑审核完成；游戏分支，非专业资格目录","当前分支准备及新版本失效检查通过","本目录中名称唯一"
"infectious-7","感染性疾病研究","院内质量改进","院内质量改进：研究对象、观察窗口与资料比较条件","这一研究问题的对象、条件和判断依据怎样对应？","method","health;measurement;inference;resources;inference","11","53","编辑审核完成；游戏分支，非专业资格目录","当前分支准备及新版本失效检查通过","本目录中名称唯一"
"infectious-8","感染性疾病研究","长期随访","长期随访：入组范围、观察时间与未完成随访","没有完成随访的人去了哪里，观察时间是否一致？","record","health;measurement;inference;resources;health","11","53","编辑审核完成；游戏分支，非专业资格目录","当前分支准备及新版本失效检查通过","共享主题，分属路线：infectious-8;oncology-12"
"infectious-9","感染性疾病研究","感染与慢性病","感染与慢性病：研究对象、观察窗口与资料比较条件","这一研究问题的对象、条件和判断依据怎样对应？","boundary","health;measurement;inference;resources;inference","11","53","编辑审核完成；游戏分支，非专业资格目录","当前分支准备及新版本失效检查通过","本目录中名称唯一"
"infectious-10","感染性疾病研究","公共卫生协作","公共卫生协作：群体范围、信息来源与比较条件","谁进入了材料，谁没有被观察到，比较条件怎样对齐？","method","health;measurement;inference;resources;health","11","53","编辑审核完成；游戏分支，非专业资格目录","当前分支准备及新版本失效检查通过","本目录中名称唯一"
"infectious-11","感染性疾病研究","健康传播","健康传播：群体范围、信息来源与比较条件","谁进入了材料，谁没有被观察到，比较条件怎样对齐？","record","health;measurement;inference;resources;inference","11","53","编辑审核完成；游戏分支，非专业资格目录","当前分支准备及新版本失效检查通过","共享主题，分属路线：journalism-6;infectious-11;media-studies-7"
"infectious-12","感染性疾病研究","医疗服务评价","医疗服务评价：目标、执行层次与受益差异","纸面目标和实际执行哪里不同，哪些人没有受益？","boundary","health;measurement;inference;resources;health","11","53","编辑审核完成；游戏分支，非专业资格目录","当前分支准备及新版本失效检查通过","本目录中名称唯一"
"geriatrics-1","老年医学","衰弱研究","衰弱研究：研究对象、观察窗口与资料比较条件","这一研究问题的对象、条件和判断依据怎样对应？","method","health;measurement;inference;resources;inference","11","65","编辑审核完成；游戏分支，非专业资格目录","当前分支准备及新版本失效检查通过","本目录中名称唯一"
"geriatrics-2","老年医学","多病共存","多病共存：研究对象、观察窗口与资料比较条件","这一研究问题的对象、条件和判断依据怎样对应？","record","health;measurement;inference;resources;health","11","65","编辑审核完成；游戏分支，非专业资格目录","当前分支准备及新版本失效检查通过","本目录中名称唯一"
"geriatrics-3","老年医学","认知与功能","认知与功能：任务或测量条件、重复记录与时间","同一对象的重复记录怎样对应条件与时间？","boundary","health;measurement;inference;resources;inference","11","65","编辑审核完成；游戏分支，非专业资格目录","当前分支准备及新版本失效检查通过","本目录中名称唯一"
"geriatrics-4","老年医学","老年营养","老年营养：阶段、生活条件与功能或体验变化","年龄或生活条件改变后，这个指标还是同一含义吗？","method","health;measurement;inference;resources;health","11","65","编辑审核完成；游戏分支，非专业资格目录","当前分支准备及新版本失效检查通过","本目录中名称唯一"
"geriatrics-5","老年医学","老年药物结局","老年药物结局：入组范围、观察时间与未完成随访","没有完成随访的人去了哪里，观察时间是否一致？","record","health;measurement;inference;resources;inference","11","65","编辑审核完成；游戏分支，非专业资格目录","当前分支准备及新版本失效检查通过","本目录中名称唯一"
"geriatrics-6","老年医学","长期照护","长期照护：入组范围、观察时间与未完成随访","没有完成随访的人去了哪里，观察时间是否一致？","boundary","health;measurement;inference;resources;health","11","65","编辑审核完成；游戏分支，非专业资格目录","当前分支准备及新版本失效检查通过","本目录中名称唯一"
"geriatrics-7","老年医学","跌倒风险研究","跌倒风险研究：研究对象、观察窗口与资料比较条件","这一研究问题的对象、条件和判断依据怎样对应？","method","health;measurement;inference;resources;inference","11","65","编辑审核完成；游戏分支，非专业资格目录","当前分支准备及新版本失效检查通过","本目录中名称唯一"
"geriatrics-8","老年医学","老年康复","老年康复：阶段、生活条件与功能或体验变化","年龄或生活条件改变后，这个指标还是同一含义吗？","record","health;measurement;inference;resources;health","11","65","编辑审核完成；游戏分支，非专业资格目录","当前分支准备及新版本失效检查通过","本目录中名称唯一"
"geriatrics-9","老年医学","生活质量","生活质量：测量含义、填答者与时间窗口","这个回答由谁给出，测到的是哪一种体验？","boundary","health;measurement;inference;resources;inference","11","65","编辑审核完成；游戏分支，非专业资格目录","当前分支准备及新版本失效检查通过","共享主题，分属路线：rheumatology-9;geriatrics-9;dermatology-11"
"geriatrics-10","老年医学","健康寿命","健康寿命：阶段、生活条件与功能或体验变化","年龄或生活条件改变后，这个指标还是同一含义吗？","method","health;measurement;inference;resources;health","11","65","编辑审核完成；游戏分支，非专业资格目录","当前分支准备及新版本失效检查通过","本目录中名称唯一"
"geriatrics-11","老年医学","家庭照护","家庭照护：研究对象、观察窗口与资料比较条件","这一研究问题的对象、条件和判断依据怎样对应？","record","health;measurement;inference;resources;inference","11","65","编辑审核完成；游戏分支，非专业资格目录","当前分支准备及新版本失效检查通过","本目录中名称唯一"
"geriatrics-12","老年医学","老年疾病队列","老年疾病队列：入组范围、观察时间与未完成随访","没有完成随访的人去了哪里，观察时间是否一致？","boundary","health;measurement;inference;resources;health","11","65","编辑审核完成；游戏分支，非专业资格目录","当前分支准备及新版本失效检查通过","本目录中名称唯一"
"general-surgery-1","普通外科学","胃肠外科结局","胃肠外科结局：入组范围、观察时间与未完成随访","没有完成随访的人去了哪里，观察时间是否一致？","method","health;measurement;inference;resources;inference","11","65","编辑审核完成；游戏分支，非专业资格目录","当前分支准备及新版本失效检查通过","本目录中名称唯一"
"general-surgery-2","普通外科学","肝胆外科结局","肝胆外科结局：入组范围、观察时间与未完成随访","没有完成随访的人去了哪里，观察时间是否一致？","record","health;measurement;inference;resources;health","11","65","编辑审核完成；游戏分支，非专业资格目录","当前分支准备及新版本失效检查通过","本目录中名称唯一"
"general-surgery-3","普通外科学","胰腺外科研究","胰腺外科研究：研究对象、观察窗口与资料比较条件","这一研究问题的对象、条件和判断依据怎样对应？","boundary","health;measurement;inference;resources;inference","11","65","编辑审核完成；游戏分支，非专业资格目录","当前分支准备及新版本失效检查通过","本目录中名称唯一"
"general-surgery-4","普通外科学","甲状腺外科","甲状腺外科：研究对象、观察窗口与资料比较条件","这一研究问题的对象、条件和判断依据怎样对应？","method","health;measurement;inference;resources;health","11","65","编辑审核完成；游戏分支，非专业资格目录","当前分支准备及新版本失效检查通过","本目录中名称唯一"
"general-surgery-5","普通外科学","乳腺外科","乳腺外科：研究对象、观察窗口与资料比较条件","这一研究问题的对象、条件和判断依据怎样对应？","record","health;measurement;inference;resources;inference","11","65","编辑审核完成；游戏分支，非专业资格目录","当前分支准备及新版本失效检查通过","本目录中名称唯一"
"general-surgery-6","普通外科学","疝与腹壁","疝与腹壁：研究对象、观察窗口与资料比较条件","这一研究问题的对象、条件和判断依据怎样对应？","boundary","health;measurement;inference;resources;health","11","65","编辑审核完成；游戏分支，非专业资格目录","当前分支准备及新版本失效检查通过","本目录中名称唯一"
"general-surgery-7","普通外科学","围术期质量","围术期质量：研究对象、观察窗口与资料比较条件","这一研究问题的对象、条件和判断依据怎样对应？","method","health;measurement;inference;resources;inference","11","65","编辑审核完成；游戏分支，非专业资格目录","当前分支准备及新版本失效检查通过","共享主题，分属路线：general-surgery-7;anesthesiology-6"
"general-surgery-8","普通外科学","外科营养","外科营养：阶段、生活条件与功能或体验变化","年龄或生活条件改变后，这个指标还是同一含义吗？","record","health;measurement;inference;resources;health","11","65","编辑审核完成；游戏分支，非专业资格目录","当前分支准备及新版本失效检查通过","本目录中名称唯一"
"general-surgery-9","普通外科学","外科影像","外科影像：对象内重复、平台版本与图像质量","重复图像属于多少个对象，平台差异怎样处理？","boundary","health;measurement;inference;resources;inference","11","65","编辑审核完成；游戏分支，非专业资格目录","当前分支准备及新版本失效检查通过","本目录中名称唯一"
"general-surgery-10","普通外科学","外科随访","外科随访：入组范围、观察时间与未完成随访","没有完成随访的人去了哪里，观察时间是否一致？","method","health;measurement;inference;resources;health","11","65","编辑审核完成；游戏分支，非专业资格目录","当前分支准备及新版本失效检查通过","本目录中名称唯一"
"general-surgery-11","普通外科学","外科器械评价","外科器械评价：原型版本、使用任务与失败反馈","这一版能完成哪种实际任务，没完成的人留下了什么反馈？","record","health;measurement;inference;resources;inference","11","65","编辑审核完成；游戏分支，非专业资格目录","当前分支准备及新版本失效检查通过","本目录中名称唯一"
"general-surgery-12","普通外科学","手术登记研究","手术登记研究：入组范围、观察时间与未完成随访","没有完成随访的人去了哪里，观察时间是否一致？","boundary","health;measurement;inference;resources;health","11","65","编辑审核完成；游戏分支，非专业资格目录","当前分支准备及新版本失效检查通过","本目录中名称唯一"
"cardiac-surgery-1","心胸外科学","心脏外科结局","心脏外科结局：入组范围、观察时间与未完成随访","没有完成随访的人去了哪里，观察时间是否一致？","method","health;measurement;inference;resources;inference","11","65","编辑审核完成；游戏分支，非专业资格目录","当前分支准备及新版本失效检查通过","本目录中名称唯一"
"cardiac-surgery-2","心胸外科学","瓣膜疾病研究","瓣膜疾病研究：研究对象、观察窗口与资料比较条件","这一研究问题的对象、条件和判断依据怎样对应？","record","health;measurement;inference;resources;health","11","65","编辑审核完成；游戏分支，非专业资格目录","当前分支准备及新版本失效检查通过","本目录中名称唯一"
"cardiac-surgery-3","心胸外科学","主动脉疾病研究","主动脉疾病研究：研究对象、观察窗口与资料比较条件","这一研究问题的对象、条件和判断依据怎样对应？","boundary","health;measurement;inference;resources;inference","11","65","编辑审核完成；游戏分支，非专业资格目录","当前分支准备及新版本失效检查通过","本目录中名称唯一"
"cardiac-surgery-4","心胸外科学","先心病随访","先心病随访：入组范围、观察时间与未完成随访","没有完成随访的人去了哪里，观察时间是否一致？","method","health;measurement;inference;resources;health","11","65","编辑审核完成；游戏分支，非专业资格目录","当前分支准备及新版本失效检查通过","本目录中名称唯一"
"cardiac-surgery-5","心胸外科学","胸部肿瘤研究","胸部肿瘤研究：研究对象、观察窗口与资料比较条件","这一研究问题的对象、条件和判断依据怎样对应？","record","health;measurement;inference;resources;inference","11","65","编辑审核完成；游戏分支，非专业资格目录","当前分支准备及新版本失效检查通过","本目录中名称唯一"
"cardiac-surgery-6","心胸外科学","围术期照护","围术期照护：研究对象、观察窗口与资料比较条件","这一研究问题的对象、条件和判断依据怎样对应？","boundary","health;measurement;inference;resources;health","11","65","编辑审核完成；游戏分支，非专业资格目录","当前分支准备及新版本失效检查通过","本目录中名称唯一"
"cardiac-surgery-7","心胸外科学","术后康复","术后康复：阶段、生活条件与功能或体验变化","年龄或生活条件改变后，这个指标还是同一含义吗？","method","health;measurement;inference;resources;inference","11","65","编辑审核完成；游戏分支，非专业资格目录","当前分支准备及新版本失效检查通过","本目录中名称唯一"
"cardiac-surgery-8","心胸外科学","心胸影像","心胸影像：对象内重复、平台版本与图像质量","重复图像属于多少个对象，平台差异怎样处理？","record","health;measurement;inference;resources;health","11","65","编辑审核完成；游戏分支，非专业资格目录","当前分支准备及新版本失效检查通过","本目录中名称唯一"
"cardiac-surgery-9","心胸外科学","登记与质控","登记与质控：入组范围、观察时间与未完成随访","没有完成随访的人去了哪里，观察时间是否一致？","boundary","health;measurement;inference;resources;inference","11","65","编辑审核完成；游戏分支，非专业资格目录","当前分支准备及新版本失效检查通过","本目录中名称唯一"
"cardiac-surgery-10","心胸外科学","患者报告结局","患者报告结局：入组范围、观察时间与未完成随访","没有完成随访的人去了哪里，观察时间是否一致？","method","health;measurement;inference;resources;health","11","65","编辑审核完成；游戏分支，非专业资格目录","当前分支准备及新版本失效检查通过","共享主题，分属路线：rheumatology-12;cardiac-surgery-10;neurosurgery-12;orthopedics-12;urology-11;obgyn-10;ent-12;integrated-medicine-6"
"cardiac-surgery-11","心胸外科学","器械评价","器械评价：原型版本、使用任务与失败反馈","这一版能完成哪种实际任务，没完成的人留下了什么反馈？","record","health;measurement;inference;resources;inference","11","65","编辑审核完成；游戏分支，非专业资格目录","当前分支准备及新版本失效检查通过","本目录中名称唯一"
"cardiac-surgery-12","心胸外科学","长期结局","长期结局：入组范围、观察时间与未完成随访","没有完成随访的人去了哪里，观察时间是否一致？","boundary","health;measurement;inference;resources;health","11","65","编辑审核完成；游戏分支，非专业资格目录","当前分支准备及新版本失效检查通过","本目录中名称唯一"
"neurosurgery-1","神经外科学","神经肿瘤研究","神经肿瘤研究：研究对象、观察窗口与资料比较条件","这一研究问题的对象、条件和判断依据怎样对应？","method","health;measurement;inference;resources;inference","11","65","编辑审核完成；游戏分支，非专业资格目录","当前分支准备及新版本失效检查通过","本目录中名称唯一"
"neurosurgery-2","神经外科学","脑血管外科结局","脑血管外科结局：入组范围、观察时间与未完成随访","没有完成随访的人去了哪里，观察时间是否一致？","record","health;measurement;inference;resources;health","11","65","编辑审核完成；游戏分支，非专业资格目录","当前分支准备及新版本失效检查通过","本目录中名称唯一"
"neurosurgery-3","神经外科学","功能神经外科","功能神经外科：任务或测量条件、重复记录与时间","同一对象的重复记录怎样对应条件与时间？","boundary","health;measurement;inference;resources;inference","11","65","编辑审核完成；游戏分支，非专业资格目录","当前分支准备及新版本失效检查通过","本目录中名称唯一"
"neurosurgery-4","神经外科学","脊柱脊髓研究","脊柱脊髓研究：研究对象、观察窗口与资料比较条件","这一研究问题的对象、条件和判断依据怎样对应？","method","health;measurement;inference;resources;health","11","65","编辑审核完成；游戏分支，非专业资格目录","当前分支准备及新版本失效检查通过","本目录中名称唯一"
"neurosurgery-5","神经外科学","神经创伤结局","神经创伤结局：入组范围、观察时间与未完成随访","没有完成随访的人去了哪里，观察时间是否一致？","record","health;measurement;inference;resources;inference","11","65","编辑审核完成；游戏分支，非专业资格目录","当前分支准备及新版本失效检查通过","本目录中名称唯一"
"neurosurgery-6","神经外科学","神经外科影像","神经外科影像：对象内重复、平台版本与图像质量","重复图像属于多少个对象，平台差异怎样处理？","boundary","health;measurement;inference;resources;health","11","65","编辑审核完成；游戏分支，非专业资格目录","当前分支准备及新版本失效检查通过","本目录中名称唯一"
"neurosurgery-7","神经外科学","神经导航评价","神经导航评价：研究对象、观察窗口与资料比较条件","这一研究问题的对象、条件和判断依据怎样对应？","method","health;measurement;inference;resources;inference","11","65","编辑审核完成；游戏分支，非专业资格目录","当前分支准备及新版本失效检查通过","本目录中名称唯一"
"neurosurgery-8","神经外科学","神经外科康复","神经外科康复：阶段、生活条件与功能或体验变化","年龄或生活条件改变后，这个指标还是同一含义吗？","record","health;measurement;inference;resources;health","11","65","编辑审核完成；游戏分支，非专业资格目录","当前分支准备及新版本失效检查通过","本目录中名称唯一"
"neurosurgery-9","神经外科学","认知结局","认知结局：入组范围、观察时间与未完成随访","没有完成随访的人去了哪里，观察时间是否一致？","boundary","health;measurement;inference;resources;inference","11","65","编辑审核完成；游戏分支，非专业资格目录","当前分支准备及新版本失效检查通过","本目录中名称唯一"
"neurosurgery-10","神经外科学","随访登记","随访登记：入组范围、观察时间与未完成随访","没有完成随访的人去了哪里，观察时间是否一致？","method","health;measurement;inference;resources;health","11","65","编辑审核完成；游戏分支，非专业资格目录","当前分支准备及新版本失效检查通过","本目录中名称唯一"
"neurosurgery-11","神经外科学","器械与界面","器械与界面：原型版本、使用任务与失败反馈","这一版能完成哪种实际任务，没完成的人留下了什么反馈？","record","health;measurement;inference;resources;inference","11","65","编辑审核完成；游戏分支，非专业资格目录","当前分支准备及新版本失效检查通过","本目录中名称唯一"
"neurosurgery-12","神经外科学","患者报告结局","患者报告结局：入组范围、观察时间与未完成随访","没有完成随访的人去了哪里，观察时间是否一致？","boundary","health;measurement;inference;resources;health","11","65","编辑审核完成；游戏分支，非专业资格目录","当前分支准备及新版本失效检查通过","共享主题，分属路线：rheumatology-12;cardiac-surgery-10;neurosurgery-12;orthopedics-12;urology-11;obgyn-10;ent-12;integrated-medicine-6"
"orthopedics-1","骨科与运动医学","关节研究","关节研究：研究对象、观察窗口与资料比较条件","这一研究问题的对象、条件和判断依据怎样对应？","method","health;measurement;inference;resources;inference","11","65","编辑审核完成；游戏分支，非专业资格目录","当前分支准备及新版本失效检查通过","本目录中名称唯一"
"orthopedics-2","骨科与运动医学","脊柱研究","脊柱研究：研究对象、观察窗口与资料比较条件","这一研究问题的对象、条件和判断依据怎样对应？","record","health;measurement;inference;resources;health","11","65","编辑审核完成；游戏分支，非专业资格目录","当前分支准备及新版本失效检查通过","本目录中名称唯一"
"orthopedics-3","骨科与运动医学","骨创伤结局","骨创伤结局：入组范围、观察时间与未完成随访","没有完成随访的人去了哪里，观察时间是否一致？","boundary","health;measurement;inference;resources;inference","11","65","编辑审核完成；游戏分支，非专业资格目录","当前分支准备及新版本失效检查通过","本目录中名称唯一"
"orthopedics-4","骨科与运动医学","骨肿瘤研究","骨肿瘤研究：研究对象、观察窗口与资料比较条件","这一研究问题的对象、条件和判断依据怎样对应？","method","health;measurement;inference;resources;health","11","65","编辑审核完成；游戏分支，非专业资格目录","当前分支准备及新版本失效检查通过","本目录中名称唯一"
"orthopedics-5","骨科与运动医学","运动损伤","运动损伤：研究对象、观察窗口与资料比较条件","这一研究问题的对象、条件和判断依据怎样对应？","record","health;measurement;inference;resources;inference","11","65","编辑审核完成；游戏分支，非专业资格目录","当前分支准备及新版本失效检查通过","本目录中名称唯一"
"orthopedics-6","骨科与运动医学","骨科生物力学","骨科生物力学：任务或测量条件、重复记录与时间","同一对象的重复记录怎样对应条件与时间？","boundary","health;measurement;inference;resources;health","11","65","编辑审核完成；游戏分支，非专业资格目录","当前分支准备及新版本失效检查通过","本目录中名称唯一"
"orthopedics-7","骨科与运动医学","骨科影像","骨科影像：对象内重复、平台版本与图像质量","重复图像属于多少个对象，平台差异怎样处理？","method","health;measurement;inference;resources;inference","11","65","编辑审核完成；游戏分支，非专业资格目录","当前分支准备及新版本失效检查通过","本目录中名称唯一"
"orthopedics-8","骨科与运动医学","骨与软骨修复","骨与软骨修复：研究对象、观察窗口与资料比较条件","这一研究问题的对象、条件和判断依据怎样对应？","record","health;measurement;inference;resources;health","11","65","编辑审核完成；游戏分支，非专业资格目录","当前分支准备及新版本失效检查通过","本目录中名称唯一"
"orthopedics-9","骨科与运动医学","步态分析","步态分析：任务或测量条件、重复记录与时间","同一对象的重复记录怎样对应条件与时间？","boundary","health;measurement;inference;resources;inference","11","65","编辑审核完成；游戏分支，非专业资格目录","当前分支准备及新版本失效检查通过","本目录中名称唯一"
"orthopedics-10","骨科与运动医学","植入物评价","植入物评价：研究对象、观察窗口与资料比较条件","这一研究问题的对象、条件和判断依据怎样对应？","method","health;measurement;inference;resources;health","11","65","编辑审核完成；游戏分支，非专业资格目录","当前分支准备及新版本失效检查通过","本目录中名称唯一"
"orthopedics-11","骨科与运动医学","骨科康复","骨科康复：阶段、生活条件与功能或体验变化","年龄或生活条件改变后，这个指标还是同一含义吗？","record","health;measurement;inference;resources;inference","11","65","编辑审核完成；游戏分支，非专业资格目录","当前分支准备及新版本失效检查通过","本目录中名称唯一"
"orthopedics-12","骨科与运动医学","患者报告结局","患者报告结局：入组范围、观察时间与未完成随访","没有完成随访的人去了哪里，观察时间是否一致？","boundary","health;measurement;inference;resources;health","11","65","编辑审核完成；游戏分支，非专业资格目录","当前分支准备及新版本失效检查通过","共享主题，分属路线：rheumatology-12;cardiac-surgery-10;neurosurgery-12;orthopedics-12;urology-11;obgyn-10;ent-12;integrated-medicine-6"
"urology-1","泌尿医学","泌尿肿瘤研究","泌尿肿瘤研究：研究对象、观察窗口与资料比较条件","这一研究问题的对象、条件和判断依据怎样对应？","method","health;measurement;inference;resources;inference","11","53","编辑审核完成；游戏分支，非专业资格目录","当前分支准备及新版本失效检查通过","本目录中名称唯一"
"urology-2","泌尿医学","排尿功能","排尿功能：任务或测量条件、重复记录与时间","同一对象的重复记录怎样对应条件与时间？","record","health;measurement;inference;resources;health","11","53","编辑审核完成；游戏分支，非专业资格目录","当前分支准备及新版本失效检查通过","本目录中名称唯一"
"urology-3","泌尿医学","结石结局","结石结局：入组范围、观察时间与未完成随访","没有完成随访的人去了哪里，观察时间是否一致？","boundary","health;measurement;inference;resources;inference","11","53","编辑审核完成；游戏分支，非专业资格目录","当前分支准备及新版本失效检查通过","本目录中名称唯一"
"urology-4","泌尿医学","肾脏外科研究","肾脏外科研究：研究对象、观察窗口与资料比较条件","这一研究问题的对象、条件和判断依据怎样对应？","method","health;measurement;inference;resources;health","11","53","编辑审核完成；游戏分支，非专业资格目录","当前分支准备及新版本失效检查通过","本目录中名称唯一"
"urology-5","泌尿医学","男性健康","男性健康：研究对象、观察窗口与资料比较条件","这一研究问题的对象、条件和判断依据怎样对应？","record","health;measurement;inference;resources;inference","11","53","编辑审核完成；游戏分支，非专业资格目录","当前分支准备及新版本失效检查通过","本目录中名称唯一"
"urology-6","泌尿医学","泌尿影像","泌尿影像：对象内重复、平台版本与图像质量","重复图像属于多少个对象，平台差异怎样处理？","boundary","health;measurement;inference;resources;health","11","53","编辑审核完成；游戏分支，非专业资格目录","当前分支准备及新版本失效检查通过","本目录中名称唯一"
"urology-7","泌尿医学","盆底功能","盆底功能：任务或测量条件、重复记录与时间","同一对象的重复记录怎样对应条件与时间？","method","health;measurement;inference;resources;inference","11","53","编辑审核完成；游戏分支，非专业资格目录","当前分支准备及新版本失效检查通过","共享主题，分属路线：urology-7;obgyn-5"
"urology-8","泌尿医学","泌尿器械评价","泌尿器械评价：原型版本、使用任务与失败反馈","这一版能完成哪种实际任务，没完成的人留下了什么反馈？","record","health;measurement;inference;resources;health","11","53","编辑审核完成；游戏分支，非专业资格目录","当前分支准备及新版本失效检查通过","本目录中名称唯一"
"urology-9","泌尿医学","泌尿遗传","泌尿遗传：对象关系、参考版本与变异解释","参考版本改变后，哪些解释仍然成立？","boundary","health;measurement;inference;resources;inference","11","53","编辑审核完成；游戏分支，非专业资格目录","当前分支准备及新版本失效检查通过","本目录中名称唯一"
"urology-10","泌尿医学","随访质量","随访质量：入组范围、观察时间与未完成随访","没有完成随访的人去了哪里，观察时间是否一致？","method","health;measurement;inference;resources;health","11","53","编辑审核完成；游戏分支，非专业资格目录","当前分支准备及新版本失效检查通过","本目录中名称唯一"
"urology-11","泌尿医学","患者报告结局","患者报告结局：入组范围、观察时间与未完成随访","没有完成随访的人去了哪里，观察时间是否一致？","record","health;measurement;inference;resources;inference","11","53","编辑审核完成；游戏分支，非专业资格目录","当前分支准备及新版本失效检查通过","共享主题，分属路线：rheumatology-12;cardiac-surgery-10;neurosurgery-12;orthopedics-12;urology-11;obgyn-10;ent-12;integrated-medicine-6"
"urology-12","泌尿医学","泌尿疾病登记","泌尿疾病登记：入组范围、观察时间与未完成随访","没有完成随访的人去了哪里，观察时间是否一致？","boundary","health;measurement;inference;resources;health","11","53","编辑审核完成；游戏分支，非专业资格目录","当前分支准备及新版本失效检查通过","本目录中名称唯一"
"plastic-surgery-1","整形与修复研究","创面修复研究","创面修复研究：研究对象、观察窗口与资料比较条件","这一研究问题的对象、条件和判断依据怎样对应？","method","interaction;systems;health;measurement;inference","11","70","编辑审核完成；游戏分支，非专业资格目录","当前分支准备及新版本失效检查通过","本目录中名称唯一"
"plastic-surgery-2","整形与修复研究","瘢痕评价","瘢痕评价：研究对象、观察窗口与资料比较条件","这一研究问题的对象、条件和判断依据怎样对应？","record","interaction;systems;health;measurement;health","11","60","编辑审核完成；游戏分支，非专业资格目录","当前分支准备及新版本失效检查通过","本目录中名称唯一"
"plastic-surgery-3","整形与修复研究","组织修复结局","组织修复结局：入组范围、观察时间与未完成随访","没有完成随访的人去了哪里，观察时间是否一致？","boundary","interaction;systems;health;measurement;inference","11","70","编辑审核完成；游戏分支，非专业资格目录","当前分支准备及新版本失效检查通过","本目录中名称唯一"
"plastic-surgery-4","整形与修复研究","修复材料评价","修复材料评价：研究对象、观察窗口与资料比较条件","这一研究问题的对象、条件和判断依据怎样对应？","method","interaction;systems;health;measurement;health","11","60","编辑审核完成；游戏分支，非专业资格目录","当前分支准备及新版本失效检查通过","本目录中名称唯一"
"plastic-surgery-5","整形与修复研究","功能重建结局","功能重建结局：入组范围、观察时间与未完成随访","没有完成随访的人去了哪里，观察时间是否一致？","record","interaction;systems;health;measurement;inference","11","70","编辑审核完成；游戏分支，非专业资格目录","当前分支准备及新版本失效检查通过","本目录中名称唯一"
"plastic-surgery-6","整形与修复研究","患者体验","患者体验：测量含义、填答者与时间窗口","这个回答由谁给出，测到的是哪一种体验？","boundary","interaction;systems;health;measurement;health","11","60","编辑审核完成；游戏分支，非专业资格目录","当前分支准备及新版本失效检查通过","共享主题，分属路线：plastic-surgery-6;anesthesiology-9;health-policy-10"
"plastic-surgery-7","整形与修复研究","三维形态记录","三维形态记录：研究对象、观察窗口与资料比较条件","这一研究问题的对象、条件和判断依据怎样对应？","method","interaction;systems;health;measurement;inference","11","70","编辑审核完成；游戏分支，非专业资格目录","当前分支准备及新版本失效检查通过","本目录中名称唯一"
"plastic-surgery-8","整形与修复研究","外观评价量表","外观评价量表：测量含义、填答者与时间窗口","这个回答由谁给出，测到的是哪一种体验？","record","interaction;systems;health;measurement;health","11","60","编辑审核完成；游戏分支，非专业资格目录","当前分支准备及新版本失效检查通过","本目录中名称唯一"
"plastic-surgery-9","整形与修复研究","手功能研究","手功能研究：任务或测量条件、重复记录与时间","同一对象的重复记录怎样对应条件与时间？","boundary","interaction;systems;health;measurement;inference","11","70","编辑审核完成；游戏分支，非专业资格目录","当前分支准备及新版本失效检查通过","本目录中名称唯一"
"plastic-surgery-10","整形与修复研究","修复康复","修复康复：阶段、生活条件与功能或体验变化","年龄或生活条件改变后，这个指标还是同一含义吗？","method","interaction;systems;health;measurement;health","11","60","编辑审核完成；游戏分支，非专业资格目录","当前分支准备及新版本失效检查通过","本目录中名称唯一"
"plastic-surgery-11","整形与修复研究","设计与人机界面","设计与人机界面：原型版本、使用任务与失败反馈","这一版能完成哪种实际任务，没完成的人留下了什么反馈？","record","interaction;systems;health;measurement;inference","11","70","编辑审核完成；游戏分支，非专业资格目录","当前分支准备及新版本失效检查通过","本目录中名称唯一"
"plastic-surgery-12","整形与修复研究","长期质量随访","长期质量随访：入组范围、观察时间与未完成随访","没有完成随访的人去了哪里，观察时间是否一致？","boundary","interaction;systems;health;measurement;health","11","60","编辑审核完成；游戏分支，非专业资格目录","当前分支准备及新版本失效检查通过","本目录中名称唯一"
"obgyn-1","妇产科学","生殖健康","生殖健康：研究对象、观察窗口与资料比较条件","这一研究问题的对象、条件和判断依据怎样对应？","method","health;measurement;inference;resources;inference","11","65","编辑审核完成；游戏分支，非专业资格目录","当前分支准备及新版本失效检查通过","本目录中名称唯一"
"obgyn-2","妇产科学","妊娠结局","妊娠结局：入组范围、观察时间与未完成随访","没有完成随访的人去了哪里，观察时间是否一致？","record","health;measurement;inference;resources;health","11","65","编辑审核完成；游戏分支，非专业资格目录","当前分支准备及新版本失效检查通过","本目录中名称唯一"
"obgyn-3","妇产科学","围产研究","围产研究：研究对象、观察窗口与资料比较条件","这一研究问题的对象、条件和判断依据怎样对应？","boundary","health;measurement;inference;resources;inference","11","65","编辑审核完成；游戏分支，非专业资格目录","当前分支准备及新版本失效检查通过","本目录中名称唯一"
"obgyn-4","妇产科学","妇科肿瘤","妇科肿瘤：研究对象、观察窗口与资料比较条件","这一研究问题的对象、条件和判断依据怎样对应？","method","health;measurement;inference;resources;health","11","65","编辑审核完成；游戏分支，非专业资格目录","当前分支准备及新版本失效检查通过","本目录中名称唯一"
"obgyn-5","妇产科学","盆底功能","盆底功能：任务或测量条件、重复记录与时间","同一对象的重复记录怎样对应条件与时间？","record","health;measurement;inference;resources;inference","11","65","编辑审核完成；游戏分支，非专业资格目录","当前分支准备及新版本失效检查通过","共享主题，分属路线：urology-7;obgyn-5"
"obgyn-6","妇产科学","生殖内分泌","生殖内分泌：研究对象、观察窗口与资料比较条件","这一研究问题的对象、条件和判断依据怎样对应？","boundary","health;measurement;inference;resources;health","11","65","编辑审核完成；游戏分支，非专业资格目录","当前分支准备及新版本失效检查通过","共享主题，分属路线：endocrinology-7;obgyn-6"
"obgyn-7","妇产科学","妇产影像","妇产影像：对象内重复、平台版本与图像质量","重复图像属于多少个对象，平台差异怎样处理？","method","health;measurement;inference;resources;inference","11","65","编辑审核完成；游戏分支，非专业资格目录","当前分支准备及新版本失效检查通过","本目录中名称唯一"
"obgyn-8","妇产科学","生命历程队列","生命历程队列：入组范围、观察时间与未完成随访","没有完成随访的人去了哪里，观察时间是否一致？","record","health;measurement;inference;resources;health","11","65","编辑审核完成；游戏分支，非专业资格目录","当前分支准备及新版本失效检查通过","本目录中名称唯一"
"obgyn-9","妇产科学","孕产照护","孕产照护：研究对象、观察窗口与资料比较条件","这一研究问题的对象、条件和判断依据怎样对应？","boundary","health;measurement;inference;resources;inference","11","65","编辑审核完成；游戏分支，非专业资格目录","当前分支准备及新版本失效检查通过","本目录中名称唯一"
"obgyn-10","妇产科学","患者报告结局","患者报告结局：入组范围、观察时间与未完成随访","没有完成随访的人去了哪里，观察时间是否一致？","method","health;measurement;inference;resources;health","11","65","编辑审核完成；游戏分支，非专业资格目录","当前分支准备及新版本失效检查通过","共享主题，分属路线：rheumatology-12;cardiac-surgery-10;neurosurgery-12;orthopedics-12;urology-11;obgyn-10;ent-12;integrated-medicine-6"
"obgyn-11","妇产科学","妇女健康公平","妇女健康公平：目标、执行层次与受益差异","纸面目标和实际执行哪里不同，哪些人没有受益？","record","health;measurement;inference;resources;inference","11","65","编辑审核完成；游戏分支，非专业资格目录","当前分支准备及新版本失效检查通过","本目录中名称唯一"
"obgyn-12","妇产科学","妇产质量评价","妇产质量评价：研究对象、观察窗口与资料比较条件","这一研究问题的对象、条件和判断依据怎样对应？","boundary","health;measurement;inference;resources;health","11","65","编辑审核完成；游戏分支，非专业资格目录","当前分支准备及新版本失效检查通过","本目录中名称唯一"
"pediatrics-1","儿科学","儿童心血管","儿童心血管：研究对象、观察窗口与资料比较条件","这一研究问题的对象、条件和判断依据怎样对应？","method","health;measurement;inference;resources;inference","11","65","编辑审核完成；游戏分支，非专业资格目录","当前分支准备及新版本失效检查通过","本目录中名称唯一"
"pediatrics-2","儿科学","儿童呼吸","儿童呼吸：研究对象、观察窗口与资料比较条件","这一研究问题的对象、条件和判断依据怎样对应？","record","health;measurement;inference;resources;health","11","65","编辑审核完成；游戏分支，非专业资格目录","当前分支准备及新版本失效检查通过","本目录中名称唯一"
"pediatrics-3","儿科学","儿童神经","儿童神经：研究对象、观察窗口与资料比较条件","这一研究问题的对象、条件和判断依据怎样对应？","boundary","health;measurement;inference;resources;inference","11","65","编辑审核完成；游戏分支，非专业资格目录","当前分支准备及新版本失效检查通过","本目录中名称唯一"
"pediatrics-4","儿科学","儿童内分泌","儿童内分泌：研究对象、观察窗口与资料比较条件","这一研究问题的对象、条件和判断依据怎样对应？","method","health;measurement;inference;resources;health","11","65","编辑审核完成；游戏分支，非专业资格目录","当前分支准备及新版本失效检查通过","本目录中名称唯一"
"pediatrics-5","儿科学","儿童肾脏","儿童肾脏：研究对象、观察窗口与资料比较条件","这一研究问题的对象、条件和判断依据怎样对应？","record","health;measurement;inference;resources;inference","11","65","编辑审核完成；游戏分支，非专业资格目录","当前分支准备及新版本失效检查通过","本目录中名称唯一"
"pediatrics-6","儿科学","儿童血液","儿童血液：研究对象、观察窗口与资料比较条件","这一研究问题的对象、条件和判断依据怎样对应？","boundary","health;measurement;inference;resources;health","11","65","编辑审核完成；游戏分支，非专业资格目录","当前分支准备及新版本失效检查通过","本目录中名称唯一"
"pediatrics-7","儿科学","新生儿研究","新生儿研究：研究对象、观察窗口与资料比较条件","这一研究问题的对象、条件和判断依据怎样对应？","method","health;measurement;inference;resources;inference","11","65","编辑审核完成；游戏分支，非专业资格目录","当前分支准备及新版本失效检查通过","本目录中名称唯一"
"pediatrics-8","儿科学","儿童营养","儿童营养：阶段、生活条件与功能或体验变化","年龄或生活条件改变后，这个指标还是同一含义吗？","record","health;measurement;inference;resources;health","11","65","编辑审核完成；游戏分支，非专业资格目录","当前分支准备及新版本失效检查通过","本目录中名称唯一"
"pediatrics-9","儿科学","儿童发育","儿童发育：阶段、生活条件与功能或体验变化","年龄或生活条件改变后，这个指标还是同一含义吗？","boundary","health;measurement;inference;resources;inference","11","65","编辑审核完成；游戏分支，非专业资格目录","当前分支准备及新版本失效检查通过","本目录中名称唯一"
"pediatrics-10","儿科学","儿童遗传","儿童遗传：对象关系、参考版本与变异解释","参考版本改变后，哪些解释仍然成立？","method","health;measurement;inference;resources;health","11","65","编辑审核完成；游戏分支，非专业资格目录","当前分支准备及新版本失效检查通过","共享主题，分属路线：pediatrics-10;medical-genetics-6"
"pediatrics-11","儿科学","儿童影像","儿童影像：对象内重复、平台版本与图像质量","重复图像属于多少个对象，平台差异怎样处理？","record","health;measurement;inference;resources;inference","11","65","编辑审核完成；游戏分支，非专业资格目录","当前分支准备及新版本失效检查通过","共享主题，分属路线：pediatrics-11;radiology-7"
"pediatrics-12","儿科学","儿童长期随访","儿童长期随访：入组范围、观察时间与未完成随访","没有完成随访的人去了哪里，观察时间是否一致？","boundary","health;measurement;inference;resources;health","11","65","编辑审核完成；游戏分支，非专业资格目录","当前分支准备及新版本失效检查通过","本目录中名称唯一"
"ophthalmology-1","眼科学","视网膜研究","视网膜研究：研究对象、观察窗口与资料比较条件","这一研究问题的对象、条件和判断依据怎样对应？","method","health;measurement;inference;resources;inference","11","65","编辑审核完成；游戏分支，非专业资格目录","当前分支准备及新版本失效检查通过","本目录中名称唯一"
"ophthalmology-2","眼科学","青光眼研究","青光眼研究：研究对象、观察窗口与资料比较条件","这一研究问题的对象、条件和判断依据怎样对应？","record","health;measurement;inference;resources;health","11","65","编辑审核完成；游戏分支，非专业资格目录","当前分支准备及新版本失效检查通过","本目录中名称唯一"
"ophthalmology-3","眼科学","角膜研究","角膜研究：研究对象、观察窗口与资料比较条件","这一研究问题的对象、条件和判断依据怎样对应？","boundary","health;measurement;inference;resources;inference","11","65","编辑审核完成；游戏分支，非专业资格目录","当前分支准备及新版本失效检查通过","本目录中名称唯一"
"ophthalmology-4","眼科学","白内障结局","白内障结局：入组范围、观察时间与未完成随访","没有完成随访的人去了哪里，观察时间是否一致？","method","health;measurement;inference;resources;health","11","65","编辑审核完成；游戏分支，非专业资格目录","当前分支准备及新版本失效检查通过","本目录中名称唯一"
"ophthalmology-5","眼科学","视觉功能","视觉功能：任务或测量条件、重复记录与时间","同一对象的重复记录怎样对应条件与时间？","record","health;measurement;inference;resources;inference","11","65","编辑审核完成；游戏分支，非专业资格目录","当前分支准备及新版本失效检查通过","本目录中名称唯一"
"ophthalmology-6","眼科学","近视与屈光","近视与屈光：研究对象、观察窗口与资料比较条件","这一研究问题的对象、条件和判断依据怎样对应？","boundary","health;measurement;inference;resources;health","11","65","编辑审核完成；游戏分支，非专业资格目录","当前分支准备及新版本失效检查通过","本目录中名称唯一"
"ophthalmology-7","眼科学","眼科影像","眼科影像：对象内重复、平台版本与图像质量","重复图像属于多少个对象，平台差异怎样处理？","method","health;measurement;inference;resources;inference","11","65","编辑审核完成；游戏分支，非专业资格目录","当前分支准备及新版本失效检查通过","本目录中名称唯一"
"ophthalmology-8","眼科学","眼科遗传","眼科遗传：对象关系、参考版本与变异解释","参考版本改变后，哪些解释仍然成立？","record","health;measurement;inference;resources;health","11","65","编辑审核完成；游戏分支，非专业资格目录","当前分支准备及新版本失效检查通过","本目录中名称唯一"
"ophthalmology-9","眼科学","眼表研究","眼表研究：研究对象、观察窗口与资料比较条件","这一研究问题的对象、条件和判断依据怎样对应？","boundary","health;measurement;inference;resources;inference","11","65","编辑审核完成；游戏分支，非专业资格目录","当前分支准备及新版本失效检查通过","本目录中名称唯一"
"ophthalmology-10","眼科学","低视力康复","低视力康复：阶段、生活条件与功能或体验变化","年龄或生活条件改变后，这个指标还是同一含义吗？","method","health;measurement;inference;resources;health","11","65","编辑审核完成；游戏分支，非专业资格目录","当前分支准备及新版本失效检查通过","本目录中名称唯一"
"ophthalmology-11","眼科学","视觉心理物理","视觉心理物理：研究对象、观察窗口与资料比较条件","这一研究问题的对象、条件和判断依据怎样对应？","record","health;measurement;inference;resources;inference","11","65","编辑审核完成；游戏分支，非专业资格目录","当前分支准备及新版本失效检查通过","本目录中名称唯一"
"ophthalmology-12","眼科学","眼科器械评价","眼科器械评价：原型版本、使用任务与失败反馈","这一版能完成哪种实际任务，没完成的人留下了什么反馈？","boundary","health;measurement;inference;resources;health","11","65","编辑审核完成；游戏分支，非专业资格目录","当前分支准备及新版本失效检查通过","本目录中名称唯一"
"ent-1","耳鼻咽喉与听觉","听觉科学","听觉科学：研究对象、观察窗口与资料比较条件","这一研究问题的对象、条件和判断依据怎样对应？","method","health;measurement;inference;resources;inference","11","65","编辑审核完成；游戏分支，非专业资格目录","当前分支准备及新版本失效检查通过","本目录中名称唯一"
"ent-2","耳鼻咽喉与听觉","前庭功能","前庭功能：任务或测量条件、重复记录与时间","同一对象的重复记录怎样对应条件与时间？","record","health;measurement;inference;resources;health","11","65","编辑审核完成；游戏分支，非专业资格目录","当前分支准备及新版本失效检查通过","本目录中名称唯一"
"ent-3","耳鼻咽喉与听觉","耳科影像","耳科影像：对象内重复、平台版本与图像质量","重复图像属于多少个对象，平台差异怎样处理？","boundary","health;measurement;inference;resources;inference","11","65","编辑审核完成；游戏分支，非专业资格目录","当前分支准备及新版本失效检查通过","本目录中名称唯一"
"ent-4","耳鼻咽喉与听觉","鼻部疾病研究","鼻部疾病研究：研究对象、观察窗口与资料比较条件","这一研究问题的对象、条件和判断依据怎样对应？","method","health;measurement;inference;resources;health","11","65","编辑审核完成；游戏分支，非专业资格目录","当前分支准备及新版本失效检查通过","本目录中名称唯一"
"ent-5","耳鼻咽喉与听觉","嗅觉研究","嗅觉研究：研究对象、观察窗口与资料比较条件","这一研究问题的对象、条件和判断依据怎样对应？","record","health;measurement;inference;resources;inference","11","65","编辑审核完成；游戏分支，非专业资格目录","当前分支准备及新版本失效检查通过","本目录中名称唯一"
"ent-6","耳鼻咽喉与听觉","咽喉功能","咽喉功能：任务或测量条件、重复记录与时间","同一对象的重复记录怎样对应条件与时间？","boundary","health;measurement;inference;resources;health","11","65","编辑审核完成；游戏分支，非专业资格目录","当前分支准备及新版本失效检查通过","本目录中名称唯一"
"ent-7","耳鼻咽喉与听觉","声音与言语","声音与言语：研究对象、观察窗口与资料比较条件","这一研究问题的对象、条件和判断依据怎样对应？","method","health;measurement;inference;resources;inference","11","65","编辑审核完成；游戏分支，非专业资格目录","当前分支准备及新版本失效检查通过","本目录中名称唯一"
"ent-8","耳鼻咽喉与听觉","头颈肿瘤","头颈肿瘤：研究对象、观察窗口与资料比较条件","这一研究问题的对象、条件和判断依据怎样对应？","record","health;measurement;inference;resources;health","11","65","编辑审核完成；游戏分支，非专业资格目录","当前分支准备及新版本失效检查通过","本目录中名称唯一"
"ent-9","耳鼻咽喉与听觉","睡眠与气道","睡眠与气道：研究对象、观察窗口与资料比较条件","这一研究问题的对象、条件和判断依据怎样对应？","boundary","health;measurement;inference;resources;inference","11","65","编辑审核完成；游戏分支，非专业资格目录","当前分支准备及新版本失效检查通过","本目录中名称唯一"
"ent-10","耳鼻咽喉与听觉","听觉康复","听觉康复：阶段、生活条件与功能或体验变化","年龄或生活条件改变后，这个指标还是同一含义吗？","method","health;measurement;inference;resources;health","11","65","编辑审核完成；游戏分支，非专业资格目录","当前分支准备及新版本失效检查通过","本目录中名称唯一"
"ent-11","耳鼻咽喉与听觉","听觉设备评价","听觉设备评价：原型版本、使用任务与失败反馈","这一版能完成哪种实际任务，没完成的人留下了什么反馈？","record","health;measurement;inference;resources;inference","11","65","编辑审核完成；游戏分支，非专业资格目录","当前分支准备及新版本失效检查通过","本目录中名称唯一"
"ent-12","耳鼻咽喉与听觉","患者报告结局","患者报告结局：入组范围、观察时间与未完成随访","没有完成随访的人去了哪里，观察时间是否一致？","boundary","health;measurement;inference;resources;health","11","65","编辑审核完成；游戏分支，非专业资格目录","当前分支准备及新版本失效检查通过","共享主题，分属路线：rheumatology-12;cardiac-surgery-10;neurosurgery-12;orthopedics-12;urology-11;obgyn-10;ent-12;integrated-medicine-6"
"dermatology-1","皮肤医学","炎症性皮肤病","炎症性皮肤病：研究对象、观察窗口与资料比较条件","这一研究问题的对象、条件和判断依据怎样对应？","method","health;measurement;inference;resources;inference","11","53","编辑审核完成；游戏分支，非专业资格目录","当前分支准备及新版本失效检查通过","本目录中名称唯一"
"dermatology-2","皮肤医学","皮肤免疫","皮肤免疫：资料来源、批次与模型范围","来源与批次如何对应，模型中看到的现象能解释到哪一步？","record","health;measurement;inference;resources;health","11","53","编辑审核完成；游戏分支，非专业资格目录","当前分支准备及新版本失效检查通过","本目录中名称唯一"
"dermatology-3","皮肤医学","皮肤肿瘤","皮肤肿瘤：研究对象、观察窗口与资料比较条件","这一研究问题的对象、条件和判断依据怎样对应？","boundary","health;measurement;inference;resources;inference","11","53","编辑审核完成；游戏分支，非专业资格目录","当前分支准备及新版本失效检查通过","本目录中名称唯一"
"dermatology-4","皮肤医学","皮肤影像","皮肤影像：对象内重复、平台版本与图像质量","重复图像属于多少个对象，平台差异怎样处理？","method","health;measurement;inference;resources;health","11","53","编辑审核完成；游戏分支，非专业资格目录","当前分支准备及新版本失效检查通过","本目录中名称唯一"
"dermatology-5","皮肤医学","皮肤遗传","皮肤遗传：对象关系、参考版本与变异解释","参考版本改变后，哪些解释仍然成立？","record","health;measurement;inference;resources;inference","11","53","编辑审核完成；游戏分支，非专业资格目录","当前分支准备及新版本失效检查通过","本目录中名称唯一"
"dermatology-6","皮肤医学","皮肤屏障","皮肤屏障：研究对象、观察窗口与资料比较条件","这一研究问题的对象、条件和判断依据怎样对应？","boundary","health;measurement;inference;resources;health","11","53","编辑审核完成；游戏分支，非专业资格目录","当前分支准备及新版本失效检查通过","本目录中名称唯一"
"dermatology-7","皮肤医学","毛发研究","毛发研究：研究对象、观察窗口与资料比较条件","这一研究问题的对象、条件和判断依据怎样对应？","method","health;measurement;inference;resources;inference","11","53","编辑审核完成；游戏分支，非专业资格目录","当前分支准备及新版本失效检查通过","本目录中名称唯一"
"dermatology-8","皮肤医学","皮肤量表","皮肤量表：测量含义、填答者与时间窗口","这个回答由谁给出，测到的是哪一种体验？","record","health;measurement;inference;resources;health","11","53","编辑审核完成；游戏分支，非专业资格目录","当前分支准备及新版本失效检查通过","本目录中名称唯一"
"dermatology-9","皮肤医学","光与皮肤","光与皮肤：研究对象、观察窗口与资料比较条件","这一研究问题的对象、条件和判断依据怎样对应？","boundary","health;measurement;inference;resources;inference","11","53","编辑审核完成；游戏分支，非专业资格目录","当前分支准备及新版本失效检查通过","本目录中名称唯一"
"dermatology-10","皮肤医学","创面结局","创面结局：入组范围、观察时间与未完成随访","没有完成随访的人去了哪里，观察时间是否一致？","method","health;measurement;inference;resources;health","11","53","编辑审核完成；游戏分支，非专业资格目录","当前分支准备及新版本失效检查通过","本目录中名称唯一"
"dermatology-11","皮肤医学","生活质量","生活质量：测量含义、填答者与时间窗口","这个回答由谁给出，测到的是哪一种体验？","record","health;measurement;inference;resources;inference","11","53","编辑审核完成；游戏分支，非专业资格目录","当前分支准备及新版本失效检查通过","共享主题，分属路线：rheumatology-9;geriatrics-9;dermatology-11"
"dermatology-12","皮肤医学","皮肤疾病队列","皮肤疾病队列：入组范围、观察时间与未完成随访","没有完成随访的人去了哪里，观察时间是否一致？","boundary","health;measurement;inference;resources;health","11","53","编辑审核完成；游戏分支，非专业资格目录","当前分支准备及新版本失效检查通过","本目录中名称唯一"
"oncology-1","肿瘤医学","肿瘤结局","肿瘤结局：入组范围、观察时间与未完成随访","没有完成随访的人去了哪里，观察时间是否一致？","method","health;measurement;inference;resources;inference","11","77","编辑审核完成；游戏分支，非专业资格目录","当前分支准备及新版本失效检查通过","本目录中名称唯一"
"oncology-2","肿瘤医学","肿瘤遗传","肿瘤遗传：对象关系、参考版本与变异解释","参考版本改变后，哪些解释仍然成立？","record","health;measurement;inference;resources;health","11","77","编辑审核完成；游戏分支，非专业资格目录","当前分支准备及新版本失效检查通过","共享主题，分属路线：oncology-2;medical-genetics-4"
"oncology-3","肿瘤医学","肿瘤影像","肿瘤影像：对象内重复、平台版本与图像质量","重复图像属于多少个对象，平台差异怎样处理？","boundary","health;measurement;inference;resources;inference","11","77","编辑审核完成；游戏分支，非专业资格目录","当前分支准备及新版本失效检查通过","共享主题，分属路线：oncology-3;radiology-8"
"oncology-4","肿瘤医学","肿瘤微环境","肿瘤微环境：研究对象、观察窗口与资料比较条件","这一研究问题的对象、条件和判断依据怎样对应？","method","health;measurement;inference;resources;health","11","77","编辑审核完成；游戏分支，非专业资格目录","当前分支准备及新版本失效检查通过","本目录中名称唯一"
"oncology-5","肿瘤医学","肿瘤代谢","肿瘤代谢：研究对象、观察窗口与资料比较条件","这一研究问题的对象、条件和判断依据怎样对应？","record","health;measurement;inference;resources;inference","11","77","编辑审核完成；游戏分支，非专业资格目录","当前分支准备及新版本失效检查通过","本目录中名称唯一"
"oncology-6","肿瘤医学","肿瘤免疫","肿瘤免疫：资料来源、批次与模型范围","来源与批次如何对应，模型中看到的现象能解释到哪一步？","boundary","health;measurement;inference;resources;health","11","77","编辑审核完成；游戏分支，非专业资格目录","当前分支准备及新版本失效检查通过","本目录中名称唯一"
"oncology-7","肿瘤医学","肿瘤病理","肿瘤病理：测量口径、平台或读者差异","换一个平台或复核者，哪一项判断仍能保留？","method","health;measurement;inference;resources;inference","11","77","编辑审核完成；游戏分支，非专业资格目录","当前分支准备及新版本失效检查通过","共享主题，分属路线：oncology-7;pathology-4"
"oncology-8","肿瘤医学","生存质量","生存质量：入组范围、观察时间与未完成随访","没有完成随访的人去了哪里，观察时间是否一致？","record","health;measurement;inference;resources;health","11","77","编辑审核完成；游戏分支，非专业资格目录","当前分支准备及新版本失效检查通过","本目录中名称唯一"
"oncology-9","肿瘤医学","癌症登记","癌症登记：入组范围、观察时间与未完成随访","没有完成随访的人去了哪里，观察时间是否一致？","boundary","health;measurement;inference;resources;inference","11","77","编辑审核完成；游戏分支，非专业资格目录","当前分支准备及新版本失效检查通过","本目录中名称唯一"
"oncology-10","肿瘤医学","肿瘤康复","肿瘤康复：阶段、生活条件与功能或体验变化","年龄或生活条件改变后，这个指标还是同一含义吗？","method","health;measurement;inference;resources;health","11","77","编辑审核完成；游戏分支，非专业资格目录","当前分支准备及新版本失效检查通过","本目录中名称唯一"
"oncology-11","肿瘤医学","肿瘤资料整合","肿瘤资料整合：来源、批次与独立对象","不同来源和批次对上了什么对象，重复资料有没有分开？","record","health;measurement;inference;resources;inference","11","77","编辑审核完成；游戏分支，非专业资格目录","当前分支准备及新版本失效检查通过","本目录中名称唯一"
"oncology-12","肿瘤医学","长期随访","长期随访：入组范围、观察时间与未完成随访","没有完成随访的人去了哪里，观察时间是否一致？","boundary","health;measurement;inference;resources;health","11","77","编辑审核完成；游戏分支，非专业资格目录","当前分支准备及新版本失效检查通过","共享主题，分属路线：infectious-8;oncology-12"
"emergency-1","急诊医学","急诊流程","急诊流程：研究对象、观察窗口与资料比较条件","这一研究问题的对象、条件和判断依据怎样对应？","method","health;measurement;inference;resources;inference","11","65","编辑审核完成；游戏分支，非专业资格目录","当前分支准备及新版本失效检查通过","本目录中名称唯一"
"emergency-2","急诊医学","分诊研究","分诊研究：研究对象、观察窗口与资料比较条件","这一研究问题的对象、条件和判断依据怎样对应？","record","health;measurement;inference;resources;health","11","65","编辑审核完成；游戏分支，非专业资格目录","当前分支准备及新版本失效检查通过","本目录中名称唯一"
"emergency-3","急诊医学","急诊质量","急诊质量：研究对象、观察窗口与资料比较条件","这一研究问题的对象、条件和判断依据怎样对应？","boundary","health;measurement;inference;resources;inference","11","65","编辑审核完成；游戏分支，非专业资格目录","当前分支准备及新版本失效检查通过","本目录中名称唯一"
"emergency-4","急诊医学","急诊影像","急诊影像：对象内重复、平台版本与图像质量","重复图像属于多少个对象，平台差异怎样处理？","method","health;measurement;inference;resources;health","11","65","编辑审核完成；游戏分支，非专业资格目录","当前分支准备及新版本失效检查通过","本目录中名称唯一"
"emergency-5","急诊医学","时间记录","时间记录：研究对象、观察窗口与资料比较条件","这一研究问题的对象、条件和判断依据怎样对应？","record","health;measurement;inference;resources;inference","11","65","编辑审核完成；游戏分支，非专业资格目录","当前分支准备及新版本失效检查通过","本目录中名称唯一"
"emergency-6","急诊医学","急诊服务需求","急诊服务需求：目标、执行层次与受益差异","纸面目标和实际执行哪里不同，哪些人没有受益？","boundary","health;measurement;inference;resources;health","11","65","编辑审核完成；游戏分支，非专业资格目录","当前分支准备及新版本失效检查通过","本目录中名称唯一"
"emergency-7","急诊医学","急诊信息系统","急诊信息系统：研究对象、观察窗口与资料比较条件","这一研究问题的对象、条件和判断依据怎样对应？","method","health;measurement;inference;resources;inference","11","65","编辑审核完成；游戏分支，非专业资格目录","当前分支准备及新版本失效检查通过","本目录中名称唯一"
"emergency-8","急诊医学","急诊患者体验","急诊患者体验：测量含义、填答者与时间窗口","这个回答由谁给出，测到的是哪一种体验？","record","health;measurement;inference;resources;health","11","65","编辑审核完成；游戏分支，非专业资格目录","当前分支准备及新版本失效检查通过","本目录中名称唯一"
"emergency-9","急诊医学","急诊队列","急诊队列：入组范围、观察时间与未完成随访","没有完成随访的人去了哪里，观察时间是否一致？","boundary","health;measurement;inference;resources;inference","11","65","编辑审核完成；游戏分支，非专业资格目录","当前分支准备及新版本失效检查通过","本目录中名称唯一"
"emergency-10","急诊医学","院前院内衔接","院前院内衔接：研究对象、观察窗口与资料比较条件","这一研究问题的对象、条件和判断依据怎样对应？","method","health;measurement;inference;resources;health","11","65","编辑审核完成；游戏分支，非专业资格目录","当前分支准备及新版本失效检查通过","本目录中名称唯一"
"emergency-11","急诊医学","急诊负荷","急诊负荷：研究对象、观察窗口与资料比较条件","这一研究问题的对象、条件和判断依据怎样对应？","record","health;measurement;inference;resources;inference","11","65","编辑审核完成；游戏分支，非专业资格目录","当前分支准备及新版本失效检查通过","本目录中名称唯一"
"emergency-12","急诊医学","突发需求管理","突发需求管理：目标、执行层次与受益差异","纸面目标和实际执行哪里不同，哪些人没有受益？","boundary","health;measurement;inference;resources;health","11","65","编辑审核完成；游戏分支，非专业资格目录","当前分支准备及新版本失效检查通过","本目录中名称唯一"
"critical-care-1","重症医学","重症结局","重症结局：入组范围、观察时间与未完成随访","没有完成随访的人去了哪里，观察时间是否一致？","method","health;measurement;inference;resources;inference","11","77","编辑审核完成；游戏分支，非专业资格目录","当前分支准备及新版本失效检查通过","本目录中名称唯一"
"critical-care-2","重症医学","器官功能记录","器官功能记录：任务或测量条件、重复记录与时间","同一对象的重复记录怎样对应条件与时间？","record","health;measurement;inference;resources;health","11","77","编辑审核完成；游戏分支，非专业资格目录","当前分支准备及新版本失效检查通过","本目录中名称唯一"
"critical-care-3","重症医学","重症监测资料","重症监测资料：任务或测量条件、重复记录与时间","同一对象的重复记录怎样对应条件与时间？","boundary","health;measurement;inference;resources;inference","11","77","编辑审核完成；游戏分支，非专业资格目录","当前分支准备及新版本失效检查通过","本目录中名称唯一"
"critical-care-4","重症医学","重症影像","重症影像：对象内重复、平台版本与图像质量","重复图像属于多少个对象，平台差异怎样处理？","method","health;measurement;inference;resources;health","11","77","编辑审核完成；游戏分支，非专业资格目录","当前分支准备及新版本失效检查通过","本目录中名称唯一"
"critical-care-5","重症医学","重症营养","重症营养：阶段、生活条件与功能或体验变化","年龄或生活条件改变后，这个指标还是同一含义吗？","record","health;measurement;inference;resources;inference","11","77","编辑审核完成；游戏分支，非专业资格目录","当前分支准备及新版本失效检查通过","本目录中名称唯一"
"critical-care-6","重症医学","重症康复","重症康复：阶段、生活条件与功能或体验变化","年龄或生活条件改变后，这个指标还是同一含义吗？","boundary","health;measurement;inference;resources;health","11","77","编辑审核完成；游戏分支，非专业资格目录","当前分支准备及新版本失效检查通过","本目录中名称唯一"
"critical-care-7","重症医学","长期功能结局","长期功能结局：入组范围、观察时间与未完成随访","没有完成随访的人去了哪里，观察时间是否一致？","method","health;measurement;inference;resources;inference","11","77","编辑审核完成；游戏分支，非专业资格目录","当前分支准备及新版本失效检查通过","本目录中名称唯一"
"critical-care-8","重症医学","重症照护","重症照护：研究对象、观察窗口与资料比较条件","这一研究问题的对象、条件和判断依据怎样对应？","record","health;measurement;inference;resources;health","11","77","编辑审核完成；游戏分支，非专业资格目录","当前分支准备及新版本失效检查通过","本目录中名称唯一"
"critical-care-9","重症医学","重症信息系统","重症信息系统：研究对象、观察窗口与资料比较条件","这一研究问题的对象、条件和判断依据怎样对应？","boundary","health;measurement;inference;resources;inference","11","77","编辑审核完成；游戏分支，非专业资格目录","当前分支准备及新版本失效检查通过","本目录中名称唯一"
"critical-care-10","重症医学","重症队列","重症队列：入组范围、观察时间与未完成随访","没有完成随访的人去了哪里，观察时间是否一致？","method","health;measurement;inference;resources;health","11","77","编辑审核完成；游戏分支，非专业资格目录","当前分支准备及新版本失效检查通过","本目录中名称唯一"
"critical-care-11","重症医学","患者与家属体验","患者与家属体验：测量含义、填答者与时间窗口","这个回答由谁给出，测到的是哪一种体验？","record","health;measurement;inference;resources;inference","11","77","编辑审核完成；游戏分支，非专业资格目录","当前分支准备及新版本失效检查通过","本目录中名称唯一"
"critical-care-12","重症医学","资源与质量","资源与质量：研究对象、观察窗口与资料比较条件","这一研究问题的对象、条件和判断依据怎样对应？","boundary","health;measurement;inference;resources;health","11","77","编辑审核完成；游戏分支，非专业资格目录","当前分支准备及新版本失效检查通过","本目录中名称唯一"
"anesthesiology-1","麻醉与疼痛研究","围术期结局","围术期结局：入组范围、观察时间与未完成随访","没有完成随访的人去了哪里，观察时间是否一致？","method","health;measurement;inference;resources;inference","11","65","编辑审核完成；游戏分支，非专业资格目录","当前分支准备及新版本失效检查通过","本目录中名称唯一"
"anesthesiology-2","麻醉与疼痛研究","疼痛量表","疼痛量表：测量含义、填答者与时间窗口","这个回答由谁给出，测到的是哪一种体验？","record","health;measurement;inference;resources;health","11","65","编辑审核完成；游戏分支，非专业资格目录","当前分支准备及新版本失效检查通过","本目录中名称唯一"
"anesthesiology-3","麻醉与疼痛研究","慢性疼痛","慢性疼痛：研究对象、观察窗口与资料比较条件","这一研究问题的对象、条件和判断依据怎样对应？","boundary","health;measurement;inference;resources;inference","11","65","编辑审核完成；游戏分支，非专业资格目录","当前分支准备及新版本失效检查通过","本目录中名称唯一"
"anesthesiology-4","麻醉与疼痛研究","麻醉信息系统","麻醉信息系统：研究对象、观察窗口与资料比较条件","这一研究问题的对象、条件和判断依据怎样对应？","method","health;measurement;inference;resources;health","11","65","编辑审核完成；游戏分支，非专业资格目录","当前分支准备及新版本失效检查通过","本目录中名称唯一"
"anesthesiology-5","麻醉与疼痛研究","围术期认知","围术期认知：研究对象、观察窗口与资料比较条件","这一研究问题的对象、条件和判断依据怎样对应？","record","health;measurement;inference;resources;inference","11","65","编辑审核完成；游戏分支，非专业资格目录","当前分支准备及新版本失效检查通过","本目录中名称唯一"
"anesthesiology-6","麻醉与疼痛研究","围术期质量","围术期质量：研究对象、观察窗口与资料比较条件","这一研究问题的对象、条件和判断依据怎样对应？","boundary","health;measurement;inference;resources;health","11","65","编辑审核完成；游戏分支，非专业资格目录","当前分支准备及新版本失效检查通过","共享主题，分属路线：general-surgery-7;anesthesiology-6"
"anesthesiology-7","麻醉与疼痛研究","围术期监测","围术期监测：任务或测量条件、重复记录与时间","同一对象的重复记录怎样对应条件与时间？","method","health;measurement;inference;resources;inference","11","65","编辑审核完成；游戏分支，非专业资格目录","当前分支准备及新版本失效检查通过","本目录中名称唯一"
"anesthesiology-8","麻醉与疼痛研究","疼痛康复","疼痛康复：阶段、生活条件与功能或体验变化","年龄或生活条件改变后，这个指标还是同一含义吗？","record","health;measurement;inference;resources;health","11","65","编辑审核完成；游戏分支，非专业资格目录","当前分支准备及新版本失效检查通过","本目录中名称唯一"
"anesthesiology-9","麻醉与疼痛研究","患者体验","患者体验：测量含义、填答者与时间窗口","这个回答由谁给出，测到的是哪一种体验？","boundary","health;measurement;inference;resources;inference","11","65","编辑审核完成；游戏分支，非专业资格目录","当前分支准备及新版本失效检查通过","共享主题，分属路线：plastic-surgery-6;anesthesiology-9;health-policy-10"
"anesthesiology-10","麻醉与疼痛研究","设备评价","设备评价：原型版本、使用任务与失败反馈","这一版能完成哪种实际任务，没完成的人留下了什么反馈？","method","health;measurement;inference;resources;health","11","65","编辑审核完成；游戏分支，非专业资格目录","当前分支准备及新版本失效检查通过","共享主题，分属路线：anesthesiology-10;ultrasound-11"
"anesthesiology-11","麻醉与疼痛研究","麻醉服务研究","麻醉服务研究：目标、执行层次与受益差异","纸面目标和实际执行哪里不同，哪些人没有受益？","record","health;measurement;inference;resources;inference","11","65","编辑审核完成；游戏分支，非专业资格目录","当前分支准备及新版本失效检查通过","本目录中名称唯一"
"anesthesiology-12","麻醉与疼痛研究","围术期资料整合","围术期资料整合：来源、批次与独立对象","不同来源和批次对上了什么对象，重复资料有没有分开？","boundary","health;measurement;inference;resources;health","11","65","编辑审核完成；游戏分支，非专业资格目录","当前分支准备及新版本失效检查通过","本目录中名称唯一"
"radiology-1","放射影像医学","磁共振影像","磁共振影像：对象内重复、平台版本与图像质量","重复图像属于多少个对象，平台差异怎样处理？","method","model;inference;systems;life;inference","11","74","编辑审核完成；游戏分支，非专业资格目录","当前分支准备及新版本失效检查通过","本目录中名称唯一"
"radiology-2","放射影像医学","CT影像","CT影像：对象内重复、平台版本与图像质量","重复图像属于多少个对象，平台差异怎样处理？","record","model;inference;systems;life;health","11","96","编辑审核完成；游戏分支，非专业资格目录","当前分支准备及新版本失效检查通过","本目录中名称唯一"
"radiology-3","放射影像医学","神经影像","神经影像：对象内重复、平台版本与图像质量","重复图像属于多少个对象，平台差异怎样处理？","boundary","model;inference;systems;life;inference","11","74","编辑审核完成；游戏分支，非专业资格目录","当前分支准备及新版本失效检查通过","共享主题，分属路线：neurology-6;radiology-3"
"radiology-4","放射影像医学","心血管影像","心血管影像：对象内重复、平台版本与图像质量","重复图像属于多少个对象，平台差异怎样处理？","method","model;inference;systems;life;health","11","96","编辑审核完成；游戏分支，非专业资格目录","当前分支准备及新版本失效检查通过","本目录中名称唯一"
"radiology-5","放射影像医学","腹部影像","腹部影像：对象内重复、平台版本与图像质量","重复图像属于多少个对象，平台差异怎样处理？","record","model;inference;systems;life;inference","11","74","编辑审核完成；游戏分支，非专业资格目录","当前分支准备及新版本失效检查通过","本目录中名称唯一"
"radiology-6","放射影像医学","骨关节影像","骨关节影像：对象内重复、平台版本与图像质量","重复图像属于多少个对象，平台差异怎样处理？","boundary","model;inference;systems;life;health","11","96","编辑审核完成；游戏分支，非专业资格目录","当前分支准备及新版本失效检查通过","本目录中名称唯一"
"radiology-7","放射影像医学","儿童影像","儿童影像：对象内重复、平台版本与图像质量","重复图像属于多少个对象，平台差异怎样处理？","method","model;inference;systems;life;inference","11","74","编辑审核完成；游戏分支，非专业资格目录","当前分支准备及新版本失效检查通过","共享主题，分属路线：pediatrics-11;radiology-7"
"radiology-8","放射影像医学","肿瘤影像","肿瘤影像：对象内重复、平台版本与图像质量","重复图像属于多少个对象，平台差异怎样处理？","record","model;inference;systems;life;health","11","96","编辑审核完成；游戏分支，非专业资格目录","当前分支准备及新版本失效检查通过","共享主题，分属路线：oncology-3;radiology-8"
"radiology-9","放射影像医学","影像组学","影像组学：对象内重复、平台版本与图像质量","重复图像属于多少个对象，平台差异怎样处理？","boundary","model;inference;systems;life;inference","11","74","编辑审核完成；游戏分支，非专业资格目录","当前分支准备及新版本失效检查通过","本目录中名称唯一"
"radiology-10","放射影像医学","影像人工智能","影像人工智能：对象内重复、平台版本与图像质量","重复图像属于多少个对象，平台差异怎样处理？","method","model;inference;systems;life;health","11","96","编辑审核完成；游戏分支，非专业资格目录","当前分支准备及新版本失效检查通过","本目录中名称唯一"
"radiology-11","放射影像医学","影像一致性","影像一致性：对象内重复、平台版本与图像质量","重复图像属于多少个对象，平台差异怎样处理？","record","model;inference;systems;life;inference","11","74","编辑审核完成；游戏分支，非专业资格目录","当前分支准备及新版本失效检查通过","本目录中名称唯一"
"radiology-12","放射影像医学","成像质量评价","成像质量评价：对象内重复、平台版本与图像质量","重复图像属于多少个对象，平台差异怎样处理？","boundary","model;inference;systems;life;health","11","96","编辑审核完成；游戏分支，非专业资格目录","当前分支准备及新版本失效检查通过","本目录中名称唯一"
"ultrasound-1","超声医学","心脏超声","心脏超声：对象内重复、平台版本与图像质量","重复图像属于多少个对象，平台差异怎样处理？","method","health;measurement;inference;resources;inference","11","53","编辑审核完成；游戏分支，非专业资格目录","当前分支准备及新版本失效检查通过","本目录中名称唯一"
"ultrasound-2","超声医学","血管超声","血管超声：对象内重复、平台版本与图像质量","重复图像属于多少个对象，平台差异怎样处理？","record","health;measurement;inference;resources;health","11","53","编辑审核完成；游戏分支，非专业资格目录","当前分支准备及新版本失效检查通过","本目录中名称唯一"
"ultrasound-3","超声医学","腹部超声","腹部超声：对象内重复、平台版本与图像质量","重复图像属于多少个对象，平台差异怎样处理？","boundary","health;measurement;inference;resources;inference","11","53","编辑审核完成；游戏分支，非专业资格目录","当前分支准备及新版本失效检查通过","本目录中名称唯一"
"ultrasound-4","超声医学","肌骨超声","肌骨超声：对象内重复、平台版本与图像质量","重复图像属于多少个对象，平台差异怎样处理？","method","health;measurement;inference;resources;health","11","53","编辑审核完成；游戏分支，非专业资格目录","当前分支准备及新版本失效检查通过","本目录中名称唯一"
"ultrasound-5","超声医学","妇产超声","妇产超声：对象内重复、平台版本与图像质量","重复图像属于多少个对象，平台差异怎样处理？","record","health;measurement;inference;resources;inference","11","53","编辑审核完成；游戏分支，非专业资格目录","当前分支准备及新版本失效检查通过","本目录中名称唯一"
"ultrasound-6","超声医学","儿童超声","儿童超声：对象内重复、平台版本与图像质量","重复图像属于多少个对象，平台差异怎样处理？","boundary","health;measurement;inference;resources;health","11","53","编辑审核完成；游戏分支，非专业资格目录","当前分支准备及新版本失效检查通过","本目录中名称唯一"
"ultrasound-7","超声医学","弹性成像","弹性成像：对象内重复、平台版本与图像质量","重复图像属于多少个对象，平台差异怎样处理？","method","health;measurement;inference;resources;inference","11","53","编辑审核完成；游戏分支，非专业资格目录","当前分支准备及新版本失效检查通过","本目录中名称唯一"
"ultrasound-8","超声医学","超声定量","超声定量：对象内重复、平台版本与图像质量","重复图像属于多少个对象，平台差异怎样处理？","record","health;measurement;inference;resources;health","11","53","编辑审核完成；游戏分支，非专业资格目录","当前分支准备及新版本失效检查通过","本目录中名称唯一"
"ultrasound-9","超声医学","超声图像分析","超声图像分析：对象内重复、平台版本与图像质量","重复图像属于多少个对象，平台差异怎样处理？","boundary","health;measurement;inference;resources;inference","11","53","编辑审核完成；游戏分支，非专业资格目录","当前分支准备及新版本失效检查通过","本目录中名称唯一"
"ultrasound-10","超声医学","超声一致性","超声一致性：对象内重复、平台版本与图像质量","重复图像属于多少个对象，平台差异怎样处理？","method","health;measurement;inference;resources;health","11","53","编辑审核完成；游戏分支，非专业资格目录","当前分支准备及新版本失效检查通过","本目录中名称唯一"
"ultrasound-11","超声医学","设备评价","设备评价：原型版本、使用任务与失败反馈","这一版能完成哪种实际任务，没完成的人留下了什么反馈？","record","health;measurement;inference;resources;inference","11","53","编辑审核完成；游戏分支，非专业资格目录","当前分支准备及新版本失效检查通过","共享主题，分属路线：anesthesiology-10;ultrasound-11"
"ultrasound-12","超声医学","超声质控","超声质控：对象内重复、平台版本与图像质量","重复图像属于多少个对象，平台差异怎样处理？","boundary","health;measurement;inference;resources;health","11","53","编辑审核完成；游戏分支，非专业资格目录","当前分支准备及新版本失效检查通过","本目录中名称唯一"
"pathology-1","病理学","组织病理","组织病理：测量口径、平台或读者差异","换一个平台或复核者，哪一项判断仍能保留？","method","measurement;materials;life;health;inference","11","80","编辑审核完成；游戏分支，非专业资格目录","当前分支准备及新版本失效检查通过","本目录中名称唯一"
"pathology-2","病理学","细胞病理","细胞病理：测量口径、平台或读者差异","换一个平台或复核者，哪一项判断仍能保留？","record","measurement;materials;life;health;health","11","72","编辑审核完成；游戏分支，非专业资格目录","当前分支准备及新版本失效检查通过","本目录中名称唯一"
"pathology-3","病理学","数字病理","数字病理：对象内重复、平台版本与图像质量","重复图像属于多少个对象，平台差异怎样处理？","boundary","measurement;materials;life;health;inference","11","80","编辑审核完成；游戏分支，非专业资格目录","当前分支准备及新版本失效检查通过","本目录中名称唯一"
"pathology-4","病理学","肿瘤病理","肿瘤病理：测量口径、平台或读者差异","换一个平台或复核者，哪一项判断仍能保留？","method","measurement;materials;life;health;health","11","72","编辑审核完成；游戏分支，非专业资格目录","当前分支准备及新版本失效检查通过","共享主题，分属路线：oncology-7;pathology-4"
"pathology-5","病理学","肾脏病理","肾脏病理：测量口径、平台或读者差异","换一个平台或复核者，哪一项判断仍能保留？","record","measurement;materials;life;health;inference","11","80","编辑审核完成；游戏分支，非专业资格目录","当前分支准备及新版本失效检查通过","共享主题，分属路线：nephrology-4;pathology-5"
"pathology-6","病理学","神经病理","神经病理：测量口径、平台或读者差异","换一个平台或复核者，哪一项判断仍能保留？","boundary","measurement;materials;life;health;health","11","72","编辑审核完成；游戏分支，非专业资格目录","当前分支准备及新版本失效检查通过","本目录中名称唯一"
"pathology-7","病理学","分子病理","分子病理：测量口径、平台或读者差异","换一个平台或复核者，哪一项判断仍能保留？","method","measurement;materials;life;health;inference","11","80","编辑审核完成；游戏分支，非专业资格目录","当前分支准备及新版本失效检查通过","本目录中名称唯一"
"pathology-8","病理学","病理图像分析","病理图像分析：对象内重复、平台版本与图像质量","重复图像属于多少个对象，平台差异怎样处理？","record","measurement;materials;life;health;health","11","72","编辑审核完成；游戏分支，非专业资格目录","当前分支准备及新版本失效检查通过","本目录中名称唯一"
"pathology-9","病理学","病理一致性","病理一致性：测量口径、平台或读者差异","换一个平台或复核者，哪一项判断仍能保留？","boundary","measurement;materials;life;health;inference","11","80","编辑审核完成；游戏分支，非专业资格目录","当前分支准备及新版本失效检查通过","本目录中名称唯一"
"pathology-10","病理学","病理档案","病理档案：出处、整理版本与术语语境","原件、整理本和后来的解释各自来自哪里？","method","measurement;materials;life;health;health","11","72","编辑审核完成；游戏分支，非专业资格目录","当前分支准备及新版本失效检查通过","本目录中名称唯一"
"pathology-11","病理学","病理质量","病理质量：测量口径、平台或读者差异","换一个平台或复核者，哪一项判断仍能保留？","record","measurement;materials;life;health;inference","11","80","编辑审核完成；游戏分支，非专业资格目录","当前分支准备及新版本失效检查通过","本目录中名称唯一"
"pathology-12","病理学","病理教学研究","病理教学研究：测量口径、平台或读者差异","换一个平台或复核者，哪一项判断仍能保留？","boundary","measurement;materials;life;health;health","11","72","编辑审核完成；游戏分支，非专业资格目录","当前分支准备及新版本失效检查通过","本目录中名称唯一"
"lab-medicine-1","医学检验","临床生化","临床生化：测量口径、平台或读者差异","换一个平台或复核者，哪一项判断仍能保留？","method","measurement;materials;life;health;inference","11","68","编辑审核完成；游戏分支，非专业资格目录","当前分支准备及新版本失效检查通过","本目录中名称唯一"
"lab-medicine-2","医学检验","临床血液检验","临床血液检验：测量口径、平台或读者差异","换一个平台或复核者，哪一项判断仍能保留？","record","measurement;materials;life;health;health","11","60","编辑审核完成；游戏分支，非专业资格目录","当前分支准备及新版本失效检查通过","本目录中名称唯一"
"lab-medicine-3","医学检验","临床免疫检验","临床免疫检验：测量口径、平台或读者差异","换一个平台或复核者，哪一项判断仍能保留？","boundary","measurement;materials;life;health;inference","11","68","编辑审核完成；游戏分支，非专业资格目录","当前分支准备及新版本失效检查通过","本目录中名称唯一"
"lab-medicine-4","医学检验","分子诊断资料","分子诊断资料：资料来源、批次与模型范围","来源与批次如何对应，模型中看到的现象能解释到哪一步？","method","measurement;materials;life;health;health","11","60","编辑审核完成；游戏分支，非专业资格目录","当前分支准备及新版本失效检查通过","本目录中名称唯一"
"lab-medicine-5","医学检验","检验质量管理","检验质量管理：目标、执行层次与受益差异","纸面目标和实际执行哪里不同，哪些人没有受益？","record","measurement;materials;life;health;inference","11","68","编辑审核完成；游戏分支，非专业资格目录","当前分支准备及新版本失效检查通过","本目录中名称唯一"
"lab-medicine-6","医学检验","检验参考范围","检验参考范围：测量口径、平台或读者差异","换一个平台或复核者，哪一项判断仍能保留？","boundary","measurement;materials;life;health;health","11","60","编辑审核完成；游戏分支，非专业资格目录","当前分支准备及新版本失效检查通过","本目录中名称唯一"
"lab-medicine-7","医学检验","检验信息系统","检验信息系统：测量口径、平台或读者差异","换一个平台或复核者，哪一项判断仍能保留？","method","measurement;materials;life;health;inference","11","68","编辑审核完成；游戏分支，非专业资格目录","当前分支准备及新版本失效检查通过","本目录中名称唯一"
"lab-medicine-8","医学检验","检测一致性","检测一致性：测量口径、平台或读者差异","换一个平台或复核者，哪一项判断仍能保留？","record","measurement;materials;life;health;health","11","60","编辑审核完成；游戏分支，非专业资格目录","当前分支准备及新版本失效检查通过","本目录中名称唯一"
"lab-medicine-9","医学检验","检验结果解释","检验结果解释：测量口径、平台或读者差异","换一个平台或复核者，哪一项判断仍能保留？","boundary","measurement;materials;life;health;inference","11","68","编辑审核完成；游戏分支，非专业资格目录","当前分支准备及新版本失效检查通过","本目录中名称唯一"
"lab-medicine-10","医学检验","检验资料标准化","检验资料标准化：测量口径、平台或读者差异","换一个平台或复核者，哪一项判断仍能保留？","method","measurement;materials;life;health;health","11","60","编辑审核完成；游戏分支，非专业资格目录","当前分支准备及新版本失效检查通过","本目录中名称唯一"
"lab-medicine-11","医学检验","检验服务评价","检验服务评价：目标、执行层次与受益差异","纸面目标和实际执行哪里不同，哪些人没有受益？","record","measurement;materials;life;health;inference","11","68","编辑审核完成；游戏分支，非专业资格目录","当前分支准备及新版本失效检查通过","本目录中名称唯一"
"lab-medicine-12","医学检验","诊断准确性研究","诊断准确性研究：研究对象、观察窗口与资料比较条件","这一研究问题的对象、条件和判断依据怎样对应？","boundary","measurement;materials;life;health;health","11","60","编辑审核完成；游戏分支，非专业资格目录","当前分支准备及新版本失效检查通过","本目录中名称唯一"
"nuclear-medicine-1","核医学","分子影像","分子影像：对象内重复、平台版本与图像质量","重复图像属于多少个对象，平台差异怎样处理？","method","model;inference;systems;life;inference","11","50","编辑审核完成；游戏分支，非专业资格目录","当前分支准备及新版本失效检查通过","本目录中名称唯一"
"nuclear-medicine-2","核医学","PET影像","PET影像：对象内重复、平台版本与图像质量","重复图像属于多少个对象，平台差异怎样处理？","record","model;inference;systems;life;health","11","72","编辑审核完成；游戏分支，非专业资格目录","当前分支准备及新版本失效检查通过","本目录中名称唯一"
"nuclear-medicine-3","核医学","SPECT影像","SPECT影像：对象内重复、平台版本与图像质量","重复图像属于多少个对象，平台差异怎样处理？","boundary","model;inference;systems;life;inference","11","50","编辑审核完成；游戏分支，非专业资格目录","当前分支准备及新版本失效检查通过","本目录中名称唯一"
"nuclear-medicine-4","核医学","多模态影像","多模态影像：对象内重复、平台版本与图像质量","重复图像属于多少个对象，平台差异怎样处理？","method","model;inference;systems;life;health","11","72","编辑审核完成；游戏分支，非专业资格目录","当前分支准备及新版本失效检查通过","本目录中名称唯一"
"nuclear-medicine-5","核医学","心脏核医学","心脏核医学：研究对象、观察窗口与资料比较条件","这一研究问题的对象、条件和判断依据怎样对应？","record","model;inference;systems;life;inference","11","50","编辑审核完成；游戏分支，非专业资格目录","当前分支准备及新版本失效检查通过","本目录中名称唯一"
"nuclear-medicine-6","核医学","肿瘤核医学","肿瘤核医学：研究对象、观察窗口与资料比较条件","这一研究问题的对象、条件和判断依据怎样对应？","boundary","model;inference;systems;life;health","11","72","编辑审核完成；游戏分支，非专业资格目录","当前分支准备及新版本失效检查通过","本目录中名称唯一"
"nuclear-medicine-7","核医学","神经核医学","神经核医学：研究对象、观察窗口与资料比较条件","这一研究问题的对象、条件和判断依据怎样对应？","method","model;inference;systems;life;inference","11","50","编辑审核完成；游戏分支，非专业资格目录","当前分支准备及新版本失效检查通过","本目录中名称唯一"
"nuclear-medicine-8","核医学","定量成像","定量成像：对象内重复、平台版本与图像质量","重复图像属于多少个对象，平台差异怎样处理？","record","model;inference;systems;life;health","11","72","编辑审核完成；游戏分支，非专业资格目录","当前分支准备及新版本失效检查通过","本目录中名称唯一"
"nuclear-medicine-9","核医学","图像重建","图像重建：对象内重复、平台版本与图像质量","重复图像属于多少个对象，平台差异怎样处理？","boundary","model;inference;systems;life;inference","11","50","编辑审核完成；游戏分支，非专业资格目录","当前分支准备及新版本失效检查通过","本目录中名称唯一"
"nuclear-medicine-10","核医学","影像资料质控","影像资料质控：对象内重复、平台版本与图像质量","重复图像属于多少个对象，平台差异怎样处理？","method","model;inference;systems;life;health","11","72","编辑审核完成；游戏分支，非专业资格目录","当前分支准备及新版本失效检查通过","本目录中名称唯一"
"nuclear-medicine-11","核医学","成像一致性","成像一致性：对象内重复、平台版本与图像质量","重复图像属于多少个对象，平台差异怎样处理？","record","model;inference;systems;life;inference","11","50","编辑审核完成；游戏分支，非专业资格目录","当前分支准备及新版本失效检查通过","本目录中名称唯一"
"nuclear-medicine-12","核医学","设备与软件评价","设备与软件评价：原型版本、使用任务与失败反馈","这一版能完成哪种实际任务，没完成的人留下了什么反馈？","boundary","model;inference;systems;life;health","11","72","编辑审核完成；游戏分支，非专业资格目录","当前分支准备及新版本失效检查通过","本目录中名称唯一"
"rehabilitation-1","康复医学","神经康复","神经康复：阶段、生活条件与功能或体验变化","年龄或生活条件改变后，这个指标还是同一含义吗？","method","interaction;systems;health;measurement;inference","11","106","编辑审核完成；游戏分支，非专业资格目录","当前分支准备及新版本失效检查通过","共享主题，分属路线：neurology-11;rehabilitation-1"
"rehabilitation-2","康复医学","心肺康复","心肺康复：阶段、生活条件与功能或体验变化","年龄或生活条件改变后，这个指标还是同一含义吗？","record","interaction;systems;health;measurement;health","11","96","编辑审核完成；游戏分支，非专业资格目录","当前分支准备及新版本失效检查通过","本目录中名称唯一"
"rehabilitation-3","康复医学","肌骨康复","肌骨康复：阶段、生活条件与功能或体验变化","年龄或生活条件改变后，这个指标还是同一含义吗？","boundary","interaction;systems;health;measurement;inference","11","106","编辑审核完成；游戏分支，非专业资格目录","当前分支准备及新版本失效检查通过","本目录中名称唯一"
"rehabilitation-4","康复医学","运动功能","运动功能：任务或测量条件、重复记录与时间","同一对象的重复记录怎样对应条件与时间？","method","interaction;systems;health;measurement;health","11","96","编辑审核完成；游戏分支，非专业资格目录","当前分支准备及新版本失效检查通过","本目录中名称唯一"
"rehabilitation-5","康复医学","作业与生活功能","作业与生活功能：任务或测量条件、重复记录与时间","同一对象的重复记录怎样对应条件与时间？","record","interaction;systems;health;measurement;inference","11","106","编辑审核完成；游戏分支，非专业资格目录","当前分支准备及新版本失效检查通过","本目录中名称唯一"
"rehabilitation-6","康复医学","语言与吞咽研究","语言与吞咽研究：研究对象、观察窗口与资料比较条件","这一研究问题的对象、条件和判断依据怎样对应？","boundary","interaction;systems;health;measurement;health","11","96","编辑审核完成；游戏分支，非专业资格目录","当前分支准备及新版本失效检查通过","本目录中名称唯一"
"rehabilitation-7","康复医学","辅助技术","辅助技术：原型版本、使用任务与失败反馈","这一版能完成哪种实际任务，没完成的人留下了什么反馈？","method","interaction;systems;health;measurement;inference","11","106","编辑审核完成；游戏分支，非专业资格目录","当前分支准备及新版本失效检查通过","本目录中名称唯一"
"rehabilitation-8","康复医学","康复机器人","康复机器人：原型版本、使用任务与失败反馈","这一版能完成哪种实际任务，没完成的人留下了什么反馈？","record","interaction;systems;health;measurement;health","11","96","编辑审核完成；游戏分支，非专业资格目录","当前分支准备及新版本失效检查通过","本目录中名称唯一"
"rehabilitation-9","康复医学","远程康复","远程康复：阶段、生活条件与功能或体验变化","年龄或生活条件改变后，这个指标还是同一含义吗？","boundary","interaction;systems;health;measurement;inference","11","106","编辑审核完成；游戏分支，非专业资格目录","当前分支准备及新版本失效检查通过","本目录中名称唯一"
"rehabilitation-10","康复医学","康复量表","康复量表：测量含义、填答者与时间窗口","这个回答由谁给出，测到的是哪一种体验？","method","interaction;systems;health;measurement;health","11","96","编辑审核完成；游戏分支，非专业资格目录","当前分支准备及新版本失效检查通过","本目录中名称唯一"
"rehabilitation-11","康复医学","参与与生活质量","参与与生活质量：测量含义、填答者与时间窗口","这个回答由谁给出，测到的是哪一种体验？","record","interaction;systems;health;measurement;inference","11","106","编辑审核完成；游戏分支，非专业资格目录","当前分支准备及新版本失效检查通过","本目录中名称唯一"
"rehabilitation-12","康复医学","康复服务","康复服务：目标、执行层次与受益差异","纸面目标和实际执行哪里不同，哪些人没有受益？","boundary","interaction;systems;health;measurement;health","11","96","编辑审核完成；游戏分支，非专业资格目录","当前分支准备及新版本失效检查通过","本目录中名称唯一"
"oral-medicine-1","口腔医学","口腔内科","口腔内科：研究对象、观察窗口与资料比较条件","这一研究问题的对象、条件和判断依据怎样对应？","method","health;measurement;inference;resources;inference","11","65","编辑审核完成；游戏分支，非专业资格目录","当前分支准备及新版本失效检查通过","本目录中名称唯一"
"oral-medicine-2","口腔医学","牙周研究","牙周研究：研究对象、观察窗口与资料比较条件","这一研究问题的对象、条件和判断依据怎样对应？","record","health;measurement;inference;resources;health","11","65","编辑审核完成；游戏分支，非专业资格目录","当前分支准备及新版本失效检查通过","本目录中名称唯一"
"oral-medicine-3","口腔医学","口腔修复","口腔修复：研究对象、观察窗口与资料比较条件","这一研究问题的对象、条件和判断依据怎样对应？","boundary","health;measurement;inference;resources;inference","11","65","编辑审核完成；游戏分支，非专业资格目录","当前分支准备及新版本失效检查通过","本目录中名称唯一"
"oral-medicine-4","口腔医学","口腔正畸","口腔正畸：研究对象、观察窗口与资料比较条件","这一研究问题的对象、条件和判断依据怎样对应？","method","health;measurement;inference;resources;health","11","65","编辑审核完成；游戏分支，非专业资格目录","当前分支准备及新版本失效检查通过","本目录中名称唯一"
"oral-medicine-5","口腔医学","口腔颌面结局","口腔颌面结局：入组范围、观察时间与未完成随访","没有完成随访的人去了哪里，观察时间是否一致？","record","health;measurement;inference;resources;inference","11","65","编辑审核完成；游戏分支，非专业资格目录","当前分支准备及新版本失效检查通过","本目录中名称唯一"
"oral-medicine-6","口腔医学","儿童口腔","儿童口腔：研究对象、观察窗口与资料比较条件","这一研究问题的对象、条件和判断依据怎样对应？","boundary","health;measurement;inference;resources;health","11","65","编辑审核完成；游戏分支，非专业资格目录","当前分支准备及新版本失效检查通过","本目录中名称唯一"
"oral-medicine-7","口腔医学","口腔影像","口腔影像：对象内重复、平台版本与图像质量","重复图像属于多少个对象，平台差异怎样处理？","method","health;measurement;inference;resources;inference","11","65","编辑审核完成；游戏分支，非专业资格目录","当前分支准备及新版本失效检查通过","本目录中名称唯一"
"oral-medicine-8","口腔医学","口腔材料","口腔材料：研究对象、观察窗口与资料比较条件","这一研究问题的对象、条件和判断依据怎样对应？","record","health;measurement;inference;resources;health","11","65","编辑审核完成；游戏分支，非专业资格目录","当前分支准备及新版本失效检查通过","本目录中名称唯一"
"oral-medicine-9","口腔医学","口腔微生态","口腔微生态：研究对象、观察窗口与资料比较条件","这一研究问题的对象、条件和判断依据怎样对应？","boundary","health;measurement;inference;resources;inference","11","65","编辑审核完成；游戏分支，非专业资格目录","当前分支准备及新版本失效检查通过","本目录中名称唯一"
"oral-medicine-10","口腔医学","口腔公共卫生","口腔公共卫生：群体范围、信息来源与比较条件","谁进入了材料，谁没有被观察到，比较条件怎样对齐？","method","health;measurement;inference;resources;health","11","65","编辑审核完成；游戏分支，非专业资格目录","当前分支准备及新版本失效检查通过","本目录中名称唯一"
"oral-medicine-11","口腔医学","数字口腔","数字口腔：研究对象、观察窗口与资料比较条件","这一研究问题的对象、条件和判断依据怎样对应？","record","health;measurement;inference;resources;inference","11","65","编辑审核完成；游戏分支，非专业资格目录","当前分支准备及新版本失效检查通过","本目录中名称唯一"
"oral-medicine-12","口腔医学","口腔生活质量","口腔生活质量：测量含义、填答者与时间窗口","这个回答由谁给出，测到的是哪一种体验？","boundary","health;measurement;inference;resources;health","11","65","编辑审核完成；游戏分支，非专业资格目录","当前分支准备及新版本失效检查通过","本目录中名称唯一"
"traditional-medicine-1","中医与中西医结合研究","中医基础文献","中医基础文献：出处、整理版本与术语语境","原件、整理本和后来的解释各自来自哪里？","method","text;culture;health;inference;inference","11","47","编辑审核完成；游戏分支，非专业资格目录","当前分支准备及新版本失效检查通过","本目录中名称唯一"
"traditional-medicine-2","中医与中西医结合研究","中医临床结局","中医临床结局：入组范围、观察时间与未完成随访","没有完成随访的人去了哪里，观察时间是否一致？","record","text;culture;health;inference;health","11","47","编辑审核完成；游戏分支，非专业资格目录","当前分支准备及新版本失效检查通过","本目录中名称唯一"
"traditional-medicine-3","中医与中西医结合研究","中医内科研究","中医内科研究：研究对象、观察窗口与资料比较条件","这一研究问题的对象、条件和判断依据怎样对应？","boundary","text;culture;health;inference;inference","11","47","编辑审核完成；游戏分支，非专业资格目录","当前分支准备及新版本失效检查通过","本目录中名称唯一"
"traditional-medicine-4","中医与中西医结合研究","中医妇儿研究","中医妇儿研究：研究对象、观察窗口与资料比较条件","这一研究问题的对象、条件和判断依据怎样对应？","method","text;culture;health;inference;health","11","47","编辑审核完成；游戏分支，非专业资格目录","当前分支准备及新版本失效检查通过","本目录中名称唯一"
"traditional-medicine-5","中医与中西医结合研究","中医老年健康","中医老年健康：阶段、生活条件与功能或体验变化","年龄或生活条件改变后，这个指标还是同一含义吗？","record","text;culture;health;inference;inference","11","47","编辑审核完成；游戏分支，非专业资格目录","当前分支准备及新版本失效检查通过","本目录中名称唯一"
"traditional-medicine-6","中医与中西医结合研究","中医康复","中医康复：阶段、生活条件与功能或体验变化","年龄或生活条件改变后，这个指标还是同一含义吗？","boundary","text;culture;health;inference;health","11","47","编辑审核完成；游戏分支，非专业资格目录","当前分支准备及新版本失效检查通过","本目录中名称唯一"
"traditional-medicine-7","中医与中西医结合研究","针灸研究方法","针灸研究方法：研究对象、观察窗口与资料比较条件","这一研究问题的对象、条件和判断依据怎样对应？","method","text;culture;health;inference;inference","11","47","编辑审核完成；游戏分支，非专业资格目录","当前分支准备及新版本失效检查通过","本目录中名称唯一"
"traditional-medicine-8","中医与中西医结合研究","中药资料研究","中药资料研究：研究对象、观察窗口与资料比较条件","这一研究问题的对象、条件和判断依据怎样对应？","record","text;culture;health;inference;health","11","47","编辑审核完成；游戏分支，非专业资格目录","当前分支准备及新版本失效检查通过","本目录中名称唯一"
"traditional-medicine-9","中医与中西医结合研究","传统知识整理","传统知识整理：出处、整理版本与术语语境","原件、整理本和后来的解释各自来自哪里？","boundary","text;culture;health;inference;inference","11","47","编辑审核完成；游戏分支，非专业资格目录","当前分支准备及新版本失效检查通过","本目录中名称唯一"
"traditional-medicine-10","中医与中西医结合研究","中西医结合评价","中西医结合评价：研究对象、观察窗口与资料比较条件","这一研究问题的对象、条件和判断依据怎样对应？","method","text;culture;health;inference;health","11","47","编辑审核完成；游戏分支，非专业资格目录","当前分支准备及新版本失效检查通过","本目录中名称唯一"
"traditional-medicine-11","中医与中西医结合研究","中医健康服务","中医健康服务：目标、执行层次与受益差异","纸面目标和实际执行哪里不同，哪些人没有受益？","record","text;culture;health;inference;inference","11","47","编辑审核完成；游戏分支，非专业资格目录","当前分支准备及新版本失效检查通过","本目录中名称唯一"
"traditional-medicine-12","中医与中西医结合研究","中医证候一致性","中医证候一致性：测量口径、平台或读者差异","换一个平台或复核者，哪一项判断仍能保留？","boundary","text;culture;health;inference;health","11","47","编辑审核完成；游戏分支，非专业资格目录","当前分支准备及新版本失效检查通过","本目录中名称唯一"
"medical-genetics-1","医学遗传学","罕见病资料","罕见病资料：研究对象、观察窗口与资料比较条件","这一研究问题的对象、条件和判断依据怎样对应？","method","model;inference;systems;life;inference","11","50","编辑审核完成；游戏分支，非专业资格目录","当前分支准备及新版本失效检查通过","本目录中名称唯一"
"medical-genetics-2","医学遗传学","心血管遗传","心血管遗传：对象关系、参考版本与变异解释","参考版本改变后，哪些解释仍然成立？","record","model;inference;systems;life;health","11","72","编辑审核完成；游戏分支，非专业资格目录","当前分支准备及新版本失效检查通过","共享主题，分属路线：cardiology-9;medical-genetics-2"
"medical-genetics-3","医学遗传学","神经遗传","神经遗传：对象关系、参考版本与变异解释","参考版本改变后，哪些解释仍然成立？","boundary","model;inference;systems;life;inference","11","50","编辑审核完成；游戏分支，非专业资格目录","当前分支准备及新版本失效检查通过","共享主题，分属路线：neurology-8;medical-genetics-3"
"medical-genetics-4","医学遗传学","肿瘤遗传","肿瘤遗传：对象关系、参考版本与变异解释","参考版本改变后，哪些解释仍然成立？","method","model;inference;systems;life;health","11","72","编辑审核完成；游戏分支，非专业资格目录","当前分支准备及新版本失效检查通过","共享主题，分属路线：oncology-2;medical-genetics-4"
"medical-genetics-5","医学遗传学","代谢遗传","代谢遗传：对象关系、参考版本与变异解释","参考版本改变后，哪些解释仍然成立？","record","model;inference;systems;life;inference","11","50","编辑审核完成；游戏分支，非专业资格目录","当前分支准备及新版本失效检查通过","本目录中名称唯一"
"medical-genetics-6","医学遗传学","儿童遗传","儿童遗传：对象关系、参考版本与变异解释","参考版本改变后，哪些解释仍然成立？","boundary","model;inference;systems;life;health","11","72","编辑审核完成；游戏分支，非专业资格目录","当前分支准备及新版本失效检查通过","共享主题，分属路线：pediatrics-10;medical-genetics-6"
"medical-genetics-7","医学遗传学","遗传变异解释","遗传变异解释：对象关系、参考版本与变异解释","参考版本改变后，哪些解释仍然成立？","method","model;inference;systems;life;inference","11","50","编辑审核完成；游戏分支，非专业资格目录","当前分支准备及新版本失效检查通过","本目录中名称唯一"
"medical-genetics-8","医学遗传学","家系资料整理","家系资料整理：对象关系、参考版本与变异解释","参考版本改变后，哪些解释仍然成立？","record","model;inference;systems;life;health","11","72","编辑审核完成；游戏分支，非专业资格目录","当前分支准备及新版本失效检查通过","本目录中名称唯一"
"medical-genetics-9","医学遗传学","遗传资料质量","遗传资料质量：对象关系、参考版本与变异解释","参考版本改变后，哪些解释仍然成立？","boundary","model;inference;systems;life;inference","11","50","编辑审核完成；游戏分支，非专业资格目录","当前分支准备及新版本失效检查通过","本目录中名称唯一"
"medical-genetics-10","医学遗传学","群体遗传","群体遗传：对象关系、参考版本与变异解释","参考版本改变后，哪些解释仍然成立？","method","model;inference;systems;life;health","11","72","编辑审核完成；游戏分支，非专业资格目录","当前分支准备及新版本失效检查通过","本目录中名称唯一"
"medical-genetics-11","医学遗传学","遗传与环境","遗传与环境：对象关系、参考版本与变异解释","参考版本改变后，哪些解释仍然成立？","record","model;inference;systems;life;inference","11","50","编辑审核完成；游戏分支，非专业资格目录","当前分支准备及新版本失效检查通过","本目录中名称唯一"
"medical-genetics-12","医学遗传学","遗传咨询体验","遗传咨询体验：对象关系、参考版本与变异解释","参考版本改变后，哪些解释仍然成立？","boundary","model;inference;systems;life;health","11","72","编辑审核完成；游戏分支，非专业资格目录","当前分支准备及新版本失效检查通过","本目录中名称唯一"
"anatomy-physiology-1","人体结构与生理","人体解剖","人体解剖：研究对象、观察窗口与资料比较条件","这一研究问题的对象、条件和判断依据怎样对应？","method","measurement;materials;life;health;inference","11","56","编辑审核完成；游戏分支，非专业资格目录","当前分支准备及新版本失效检查通过","本目录中名称唯一"
"anatomy-physiology-2","人体结构与生理","组织与发育","组织与发育：资料来源、批次与模型范围","来源与批次如何对应，模型中看到的现象能解释到哪一步？","record","measurement;materials;life;health;health","11","48","编辑审核完成；游戏分支，非专业资格目录","当前分支准备及新版本失效检查通过","本目录中名称唯一"
"anatomy-physiology-3","人体结构与生理","心血管生理","心血管生理：任务或测量条件、重复记录与时间","同一对象的重复记录怎样对应条件与时间？","boundary","measurement;materials;life;health;inference","11","56","编辑审核完成；游戏分支，非专业资格目录","当前分支准备及新版本失效检查通过","本目录中名称唯一"
"anatomy-physiology-4","人体结构与生理","呼吸生理","呼吸生理：任务或测量条件、重复记录与时间","同一对象的重复记录怎样对应条件与时间？","method","measurement;materials;life;health;health","11","48","编辑审核完成；游戏分支，非专业资格目录","当前分支准备及新版本失效检查通过","本目录中名称唯一"
"anatomy-physiology-5","人体结构与生理","神经生理","神经生理：任务或测量条件、重复记录与时间","同一对象的重复记录怎样对应条件与时间？","record","measurement;materials;life;health;inference","11","56","编辑审核完成；游戏分支，非专业资格目录","当前分支准备及新版本失效检查通过","本目录中名称唯一"
"anatomy-physiology-6","人体结构与生理","内分泌生理","内分泌生理：任务或测量条件、重复记录与时间","同一对象的重复记录怎样对应条件与时间？","boundary","measurement;materials;life;health;health","11","48","编辑审核完成；游戏分支，非专业资格目录","当前分支准备及新版本失效检查通过","本目录中名称唯一"
"anatomy-physiology-7","人体结构与生理","肾脏生理","肾脏生理：任务或测量条件、重复记录与时间","同一对象的重复记录怎样对应条件与时间？","method","measurement;materials;life;health;inference","11","56","编辑审核完成；游戏分支，非专业资格目录","当前分支准备及新版本失效检查通过","本目录中名称唯一"
"anatomy-physiology-8","人体结构与生理","消化生理","消化生理：任务或测量条件、重复记录与时间","同一对象的重复记录怎样对应条件与时间？","record","measurement;materials;life;health;health","11","48","编辑审核完成；游戏分支，非专业资格目录","当前分支准备及新版本失效检查通过","本目录中名称唯一"
"anatomy-physiology-9","人体结构与生理","运动生理","运动生理：任务或测量条件、重复记录与时间","同一对象的重复记录怎样对应条件与时间？","boundary","measurement;materials;life;health;inference","11","56","编辑审核完成；游戏分支，非专业资格目录","当前分支准备及新版本失效检查通过","共享主题，分属路线：sports-1;anatomy-physiology-9"
"anatomy-physiology-10","人体结构与生理","系统生理","系统生理：任务或测量条件、重复记录与时间","同一对象的重复记录怎样对应条件与时间？","method","measurement;materials;life;health;health","11","48","编辑审核完成；游戏分支，非专业资格目录","当前分支准备及新版本失效检查通过","本目录中名称唯一"
"anatomy-physiology-11","人体结构与生理","生理测量","生理测量：任务或测量条件、重复记录与时间","同一对象的重复记录怎样对应条件与时间？","record","measurement;materials;life;health;inference","11","56","编辑审核完成；游戏分支，非专业资格目录","当前分支准备及新版本失效检查通过","本目录中名称唯一"
"anatomy-physiology-12","人体结构与生理","医学教学研究","医学教学研究：研究对象、观察窗口与资料比较条件","这一研究问题的对象、条件和判断依据怎样对应？","boundary","measurement;materials;life;health;health","11","48","编辑审核完成；游戏分支，非专业资格目录","当前分支准备及新版本失效检查通过","本目录中名称唯一"
"health-policy-1","卫生政策与管理","医疗服务政策","医疗服务政策：目标、执行层次与受益差异","纸面目标和实际执行哪里不同，哪些人没有受益？","method","health;governance;inference;interaction;inference","11","71","编辑审核完成；游戏分支，非专业资格目录","当前分支准备及新版本失效检查通过","本目录中名称唯一"
"health-policy-2","卫生政策与管理","医疗质量","医疗质量：研究对象、观察窗口与资料比较条件","这一研究问题的对象、条件和判断依据怎样对应？","record","health;governance;inference;interaction;health","11","71","编辑审核完成；游戏分支，非专业资格目录","当前分支准备及新版本失效检查通过","本目录中名称唯一"
"health-policy-3","卫生政策与管理","医院管理","医院管理：目标、执行层次与受益差异","纸面目标和实际执行哪里不同，哪些人没有受益？","boundary","health;governance;inference;interaction;inference","11","71","编辑审核完成；游戏分支，非专业资格目录","当前分支准备及新版本失效检查通过","本目录中名称唯一"
"health-policy-4","卫生政策与管理","基层健康服务","基层健康服务：目标、执行层次与受益差异","纸面目标和实际执行哪里不同，哪些人没有受益？","method","health;governance;inference;interaction;health","11","71","编辑审核完成；游戏分支，非专业资格目录","当前分支准备及新版本失效检查通过","本目录中名称唯一"
"health-policy-5","卫生政策与管理","卫生人力","卫生人力：目标、执行层次与受益差异","纸面目标和实际执行哪里不同，哪些人没有受益？","record","health;governance;inference;interaction;inference","11","71","编辑审核完成；游戏分支，非专业资格目录","当前分支准备及新版本失效检查通过","本目录中名称唯一"
"health-policy-6","卫生政策与管理","健康公平","健康公平：目标、执行层次与受益差异","纸面目标和实际执行哪里不同，哪些人没有受益？","boundary","health;governance;inference;interaction;health","11","71","编辑审核完成；游戏分支，非专业资格目录","当前分支准备及新版本失效检查通过","共享主题，分属路线：publichealth-8;health-policy-6"
"health-policy-7","卫生政策与管理","数字健康治理","数字健康治理：研究对象、观察窗口与资料比较条件","这一研究问题的对象、条件和判断依据怎样对应？","method","health;governance;inference;interaction;inference","11","71","编辑审核完成；游戏分支，非专业资格目录","当前分支准备及新版本失效检查通过","本目录中名称唯一"
"health-policy-8","卫生政策与管理","医疗保障","医疗保障：研究对象、观察窗口与资料比较条件","这一研究问题的对象、条件和判断依据怎样对应？","record","health;governance;inference;interaction;health","11","71","编辑审核完成；游戏分支，非专业资格目录","当前分支准备及新版本失效检查通过","本目录中名称唯一"
"health-policy-9","卫生政策与管理","卫生服务评价","卫生服务评价：目标、执行层次与受益差异","纸面目标和实际执行哪里不同，哪些人没有受益？","boundary","health;governance;inference;interaction;inference","11","71","编辑审核完成；游戏分支，非专业资格目录","当前分支准备及新版本失效检查通过","本目录中名称唯一"
"health-policy-10","卫生政策与管理","患者体验","患者体验：测量含义、填答者与时间窗口","这个回答由谁给出，测到的是哪一种体验？","method","health;governance;inference;interaction;health","11","71","编辑审核完成；游戏分支，非专业资格目录","当前分支准备及新版本失效检查通过","共享主题，分属路线：plastic-surgery-6;anesthesiology-9;health-policy-10"
"health-policy-11","卫生政策与管理","照护整合","照护整合：目标、执行层次与受益差异","纸面目标和实际执行哪里不同，哪些人没有受益？","record","health;governance;inference;interaction;inference","11","71","编辑审核完成；游戏分支，非专业资格目录","当前分支准备及新版本失效检查通过","本目录中名称唯一"
"health-policy-12","卫生政策与管理","政策执行研究","政策执行研究：目标、执行层次与受益差异","纸面目标和实际执行哪里不同，哪些人没有受益？","boundary","health;governance;inference;interaction;health","11","71","编辑审核完成；游戏分支，非专业资格目录","当前分支准备及新版本失效检查通过","本目录中名称唯一"
"medical-immunology-1","医学免疫学","免疫细胞资料","免疫细胞资料：资料来源、批次与模型范围","来源与批次如何对应，模型中看到的现象能解释到哪一步？","method","measurement;materials;life;health;inference","11","68","编辑审核完成；游戏分支，非专业资格目录","当前分支准备及新版本失效检查通过","本目录中名称唯一"
"medical-immunology-2","医学免疫学","免疫与衰老","免疫与衰老：资料来源、批次与模型范围","来源与批次如何对应，模型中看到的现象能解释到哪一步？","record","measurement;materials;life;health;health","11","60","编辑审核完成；游戏分支，非专业资格目录","当前分支准备及新版本失效检查通过","本目录中名称唯一"
"medical-immunology-3","医学免疫学","自身免疫资料","自身免疫资料：资料来源、批次与模型范围","来源与批次如何对应，模型中看到的现象能解释到哪一步？","boundary","measurement;materials;life;health;inference","11","68","编辑审核完成；游戏分支，非专业资格目录","当前分支准备及新版本失效检查通过","本目录中名称唯一"
"medical-immunology-4","医学免疫学","肿瘤免疫资料","肿瘤免疫资料：资料来源、批次与模型范围","来源与批次如何对应，模型中看到的现象能解释到哪一步？","method","measurement;materials;life;health;health","11","60","编辑审核完成；游戏分支，非专业资格目录","当前分支准备及新版本失效检查通过","本目录中名称唯一"
"medical-immunology-5","医学免疫学","组织免疫","组织免疫：资料来源、批次与模型范围","来源与批次如何对应，模型中看到的现象能解释到哪一步？","record","measurement;materials;life;health;inference","11","68","编辑审核完成；游戏分支，非专业资格目录","当前分支准备及新版本失效检查通过","本目录中名称唯一"
"medical-immunology-6","医学免疫学","免疫代谢","免疫代谢：资料来源、批次与模型范围","来源与批次如何对应，模型中看到的现象能解释到哪一步？","boundary","measurement;materials;life;health;health","11","60","编辑审核完成；游戏分支，非专业资格目录","当前分支准备及新版本失效检查通过","本目录中名称唯一"
"medical-immunology-7","医学免疫学","免疫遗传","免疫遗传：对象关系、参考版本与变异解释","参考版本改变后，哪些解释仍然成立？","method","measurement;materials;life;health;inference","11","68","编辑审核完成；游戏分支，非专业资格目录","当前分支准备及新版本失效检查通过","本目录中名称唯一"
"medical-immunology-8","医学免疫学","免疫组学","免疫组学：来源、批次与独立对象","不同来源和批次对上了什么对象，重复资料有没有分开？","record","measurement;materials;life;health;health","11","60","编辑审核完成；游戏分支，非专业资格目录","当前分支准备及新版本失效检查通过","本目录中名称唯一"
"medical-immunology-9","医学免疫学","免疫测量一致性","免疫测量一致性：测量口径、平台或读者差异","换一个平台或复核者，哪一项判断仍能保留？","boundary","measurement;materials;life;health;inference","11","68","编辑审核完成；游戏分支，非专业资格目录","当前分支准备及新版本失效检查通过","本目录中名称唯一"
"medical-immunology-10","医学免疫学","免疫相关队列","免疫相关队列：入组范围、观察时间与未完成随访","没有完成随访的人去了哪里，观察时间是否一致？","method","measurement;materials;life;health;health","11","60","编辑审核完成；游戏分支，非专业资格目录","当前分支准备及新版本失效检查通过","本目录中名称唯一"
"medical-immunology-11","医学免疫学","免疫资料整合","免疫资料整合：来源、批次与独立对象","不同来源和批次对上了什么对象，重复资料有没有分开？","record","measurement;materials;life;health;inference","11","68","编辑审核完成；游戏分支，非专业资格目录","当前分支准备及新版本失效检查通过","本目录中名称唯一"
"medical-immunology-12","医学免疫学","免疫教学研究","免疫教学研究：资料来源、批次与模型范围","来源与批次如何对应，模型中看到的现象能解释到哪一步？","boundary","measurement;materials;life;health;health","11","60","编辑审核完成；游戏分支，非专业资格目录","当前分支准备及新版本失效检查通过","本目录中名称唯一"
"medical-microbiology-1","医学微生物学","公开微生物组资料","公开微生物组资料：研究对象、观察窗口与资料比较条件","这一研究问题的对象、条件和判断依据怎样对应？","method","model;inference;systems;life;inference","11","50","编辑审核完成；游戏分支，非专业资格目录","当前分支准备及新版本失效检查通过","本目录中名称唯一"
"medical-microbiology-2","医学微生物学","微生物生态","微生物生态：研究对象、观察窗口与资料比较条件","这一研究问题的对象、条件和判断依据怎样对应？","record","model;inference;systems;life;health","11","72","编辑审核完成；游戏分支，非专业资格目录","当前分支准备及新版本失效检查通过","本目录中名称唯一"
"medical-microbiology-3","医学微生物学","宿主关联资料","宿主关联资料：研究对象、观察窗口与资料比较条件","这一研究问题的对象、条件和判断依据怎样对应？","boundary","model;inference;systems;life;inference","11","50","编辑审核完成；游戏分支，非专业资格目录","当前分支准备及新版本失效检查通过","本目录中名称唯一"
"medical-microbiology-4","医学微生物学","微生物组统计","微生物组统计：研究对象、观察窗口与资料比较条件","这一研究问题的对象、条件和判断依据怎样对应？","method","model;inference;systems;life;health","11","72","编辑审核完成；游戏分支，非专业资格目录","当前分支准备及新版本失效检查通过","本目录中名称唯一"
"medical-microbiology-5","医学微生物学","微生物组质量","微生物组质量：研究对象、观察窗口与资料比较条件","这一研究问题的对象、条件和判断依据怎样对应？","record","model;inference;systems;life;inference","11","50","编辑审核完成；游戏分支，非专业资格目录","当前分支准备及新版本失效检查通过","本目录中名称唯一"
"medical-microbiology-6","医学微生物学","微生物组与营养","微生物组与营养：阶段、生活条件与功能或体验变化","年龄或生活条件改变后，这个指标还是同一含义吗？","boundary","model;inference;systems;life;health","11","72","编辑审核完成；游戏分支，非专业资格目录","当前分支准备及新版本失效检查通过","本目录中名称唯一"
"medical-microbiology-7","医学微生物学","微生物组与慢性病","微生物组与慢性病：研究对象、观察窗口与资料比较条件","这一研究问题的对象、条件和判断依据怎样对应？","method","model;inference;systems;life;inference","11","50","编辑审核完成；游戏分支，非专业资格目录","当前分支准备及新版本失效检查通过","本目录中名称唯一"
"medical-microbiology-8","医学微生物学","数据库注释比较","数据库注释比较：研究对象、观察窗口与资料比较条件","这一研究问题的对象、条件和判断依据怎样对应？","record","model;inference;systems;life;health","11","72","编辑审核完成；游戏分支，非专业资格目录","当前分支准备及新版本失效检查通过","本目录中名称唯一"
"medical-microbiology-9","医学微生物学","资料版本管理","资料版本管理：目标、执行层次与受益差异","纸面目标和实际执行哪里不同，哪些人没有受益？","boundary","model;inference;systems;life;inference","11","50","编辑审核完成；游戏分支，非专业资格目录","当前分支准备及新版本失效检查通过","本目录中名称唯一"
"medical-microbiology-10","医学微生物学","公开数据复现","公开数据复现：研究对象、观察窗口与资料比较条件","这一研究问题的对象、条件和判断依据怎样对应？","method","model;inference;systems;life;health","11","72","编辑审核完成；游戏分支，非专业资格目录","当前分支准备及新版本失效检查通过","本目录中名称唯一"
"medical-microbiology-11","医学微生物学","群落结构解释","群落结构解释：研究对象、观察窗口与资料比较条件","这一研究问题的对象、条件和判断依据怎样对应？","record","model;inference;systems;life;inference","11","50","编辑审核完成；游戏分支，非专业资格目录","当前分支准备及新版本失效检查通过","本目录中名称唯一"
"medical-microbiology-12","医学微生物学","微生物学教学","微生物学教学：研究对象、观察窗口与资料比较条件","这一研究问题的对象、条件和判断依据怎样对应？","boundary","model;inference;systems;life;health","11","72","编辑审核完成；游戏分支，非专业资格目录","当前分支准备及新版本失效检查通过","本目录中名称唯一"
"medical-biochemistry-1","医学生物化学","代谢通路资料","代谢通路资料：研究对象、观察窗口与资料比较条件","这一研究问题的对象、条件和判断依据怎样对应？","method","measurement;materials;life;health;inference","11","68","编辑审核完成；游戏分支，非专业资格目录","当前分支准备及新版本失效检查通过","本目录中名称唯一"
"medical-biochemistry-2","医学生物化学","蛋白质资料","蛋白质资料：研究对象、观察窗口与资料比较条件","这一研究问题的对象、条件和判断依据怎样对应？","record","measurement;materials;life;health;health","11","60","编辑审核完成；游戏分支，非专业资格目录","当前分支准备及新版本失效检查通过","本目录中名称唯一"
"medical-biochemistry-3","医学生物化学","分子测量一致性","分子测量一致性：测量口径、平台或读者差异","换一个平台或复核者，哪一项判断仍能保留？","boundary","measurement;materials;life;health;inference","11","68","编辑审核完成；游戏分支，非专业资格目录","当前分支准备及新版本失效检查通过","本目录中名称唯一"
"medical-biochemistry-4","医学生物化学","代谢组资料","代谢组资料：来源、批次与独立对象","不同来源和批次对上了什么对象，重复资料有没有分开？","method","measurement;materials;life;health;health","11","60","编辑审核完成；游戏分支，非专业资格目录","当前分支准备及新版本失效检查通过","本目录中名称唯一"
"medical-biochemistry-5","医学生物化学","蛋白组资料","蛋白组资料：来源、批次与独立对象","不同来源和批次对上了什么对象，重复资料有没有分开？","record","measurement;materials;life;health;inference","11","68","编辑审核完成；游戏分支，非专业资格目录","当前分支准备及新版本失效检查通过","本目录中名称唯一"
"medical-biochemistry-6","医学生物化学","分子结构解释","分子结构解释：资料来源、批次与模型范围","来源与批次如何对应，模型中看到的现象能解释到哪一步？","boundary","measurement;materials;life;health;health","11","60","编辑审核完成；游戏分支，非专业资格目录","当前分支准备及新版本失效检查通过","本目录中名称唯一"
"medical-biochemistry-7","医学生物化学","分子与疾病关联","分子与疾病关联：资料来源、批次与模型范围","来源与批次如何对应，模型中看到的现象能解释到哪一步？","method","measurement;materials;life;health;inference","11","68","编辑审核完成；游戏分支，非专业资格目录","当前分支准备及新版本失效检查通过","本目录中名称唯一"
"medical-biochemistry-8","医学生物化学","生化数据库","生化数据库：测量口径、平台或读者差异","换一个平台或复核者，哪一项判断仍能保留？","record","measurement;materials;life;health;health","11","60","编辑审核完成；游戏分支，非专业资格目录","当前分支准备及新版本失效检查通过","本目录中名称唯一"
"medical-biochemistry-9","医学生物化学","生化影像资料","生化影像资料：对象内重复、平台版本与图像质量","重复图像属于多少个对象，平台差异怎样处理？","boundary","measurement;materials;life;health;inference","11","68","编辑审核完成；游戏分支，非专业资格目录","当前分支准备及新版本失效检查通过","本目录中名称唯一"
"medical-biochemistry-10","医学生物化学","公开资料复现","公开资料复现：研究对象、观察窗口与资料比较条件","这一研究问题的对象、条件和判断依据怎样对应？","method","measurement;materials;life;health;health","11","60","编辑审核完成；游戏分支，非专业资格目录","当前分支准备及新版本失效检查通过","本目录中名称唯一"
"medical-biochemistry-11","医学生物化学","生化研究设计","生化研究设计：测量口径、平台或读者差异","换一个平台或复核者，哪一项判断仍能保留？","record","measurement;materials;life;health;inference","11","68","编辑审核完成；游戏分支，非专业资格目录","当前分支准备及新版本失效检查通过","本目录中名称唯一"
"medical-biochemistry-12","医学生物化学","生化教学研究","生化教学研究：测量口径、平台或读者差异","换一个平台或复核者，哪一项判断仍能保留？","boundary","measurement;materials;life;health;health","11","60","编辑审核完成；游戏分支，非专业资格目录","当前分支准备及新版本失效检查通过","本目录中名称唯一"
"epidemiology-1","流行病学","慢性病流行病学","慢性病流行病学：群体范围、信息来源与比较条件","谁进入了材料，谁没有被观察到，比较条件怎样对齐？","method","health;governance;inference;interaction;inference","11","71","编辑审核完成；游戏分支，非专业资格目录","当前分支准备及新版本失效检查通过","本目录中名称唯一"
"epidemiology-2","流行病学","心血管流行病学","心血管流行病学：群体范围、信息来源与比较条件","谁进入了材料，谁没有被观察到，比较条件怎样对齐？","record","health;governance;inference;interaction;health","11","71","编辑审核完成；游戏分支，非专业资格目录","当前分支准备及新版本失效检查通过","本目录中名称唯一"
"epidemiology-3","流行病学","肿瘤流行病学","肿瘤流行病学：群体范围、信息来源与比较条件","谁进入了材料，谁没有被观察到，比较条件怎样对齐？","boundary","health;governance;inference;interaction;inference","11","71","编辑审核完成；游戏分支，非专业资格目录","当前分支准备及新版本失效检查通过","本目录中名称唯一"
"epidemiology-4","流行病学","环境流行病学","环境流行病学：群体范围、信息来源与比较条件","谁进入了材料，谁没有被观察到，比较条件怎样对齐？","method","health;governance;inference;interaction;health","11","71","编辑审核完成；游戏分支，非专业资格目录","当前分支准备及新版本失效检查通过","本目录中名称唯一"
"epidemiology-5","流行病学","营养流行病学","营养流行病学：群体范围、信息来源与比较条件","谁进入了材料，谁没有被观察到，比较条件怎样对齐？","record","health;governance;inference;interaction;inference","11","71","编辑审核完成；游戏分支，非专业资格目录","当前分支准备及新版本失效检查通过","本目录中名称唯一"
"epidemiology-6","流行病学","生命历程","生命历程：研究对象、观察窗口与资料比较条件","这一研究问题的对象、条件和判断依据怎样对应？","boundary","health;governance;inference;interaction;health","11","71","编辑审核完成；游戏分支，非专业资格目录","当前分支准备及新版本失效检查通过","本目录中名称唯一"
"epidemiology-7","流行病学","遗传流行病学","遗传流行病学：对象关系、参考版本与变异解释","参考版本改变后，哪些解释仍然成立？","method","health;governance;inference;interaction;inference","11","71","编辑审核完成；游戏分支，非专业资格目录","当前分支准备及新版本失效检查通过","本目录中名称唯一"
"epidemiology-8","流行病学","临床流行病学","临床流行病学：群体范围、信息来源与比较条件","谁进入了材料，谁没有被观察到，比较条件怎样对齐？","record","health;governance;inference;interaction;health","11","71","编辑审核完成；游戏分支，非专业资格目录","当前分支准备及新版本失效检查通过","本目录中名称唯一"
"epidemiology-9","流行病学","社会流行病学","社会流行病学：群体范围、信息来源与比较条件","谁进入了材料，谁没有被观察到，比较条件怎样对齐？","boundary","health;governance;inference;interaction;inference","11","71","编辑审核完成；游戏分支，非专业资格目录","当前分支准备及新版本失效检查通过","本目录中名称唯一"
"epidemiology-10","流行病学","药物流行病学","药物流行病学：群体范围、信息来源与比较条件","谁进入了材料，谁没有被观察到，比较条件怎样对齐？","method","health;governance;inference;interaction;health","11","71","编辑审核完成；游戏分支，非专业资格目录","当前分支准备及新版本失效检查通过","本目录中名称唯一"
"epidemiology-11","流行病学","因果推断方法","因果推断方法：研究对象、观察窗口与资料比较条件","这一研究问题的对象、条件和判断依据怎样对应？","record","health;governance;inference;interaction;inference","11","71","编辑审核完成；游戏分支，非专业资格目录","当前分支准备及新版本失效检查通过","本目录中名称唯一"
"epidemiology-12","流行病学","队列与登记","队列与登记：入组范围、观察时间与未完成随访","没有完成随访的人去了哪里，观察时间是否一致？","boundary","health;governance;inference;interaction;health","11","71","编辑审核完成；游戏分支，非专业资格目录","当前分支准备及新版本失效检查通过","本目录中名称唯一"
"health-economics-1","卫生经济学","成本效果研究","成本效果研究：评价边界、价格年份与资源取舍","这份成本计入了哪些范围，价格来自哪一年？","method","health;governance;inference;interaction;inference","11","59","编辑审核完成；游戏分支，非专业资格目录","当前分支准备及新版本失效检查通过","本目录中名称唯一"
"health-economics-2","卫生经济学","卫生资源配置","卫生资源配置：评价边界、价格年份与资源取舍","这份成本计入了哪些范围，价格来自哪一年？","record","health;governance;inference;interaction;health","11","59","编辑审核完成；游戏分支，非专业资格目录","当前分支准备及新版本失效检查通过","本目录中名称唯一"
"health-economics-3","卫生经济学","健康效用","健康效用：评价边界、价格年份与资源取舍","这份成本计入了哪些范围，价格来自哪一年？","boundary","health;governance;inference;interaction;inference","11","59","编辑审核完成；游戏分支，非专业资格目录","当前分支准备及新版本失效检查通过","本目录中名称唯一"
"health-economics-4","卫生经济学","医疗支付","医疗支付：评价边界、价格年份与资源取舍","这份成本计入了哪些范围，价格来自哪一年？","method","health;governance;inference;interaction;health","11","59","编辑审核完成；游戏分支，非专业资格目录","当前分支准备及新版本失效检查通过","本目录中名称唯一"
"health-economics-5","卫生经济学","医疗保障评价","医疗保障评价：研究对象、观察窗口与资料比较条件","这一研究问题的对象、条件和判断依据怎样对应？","record","health;governance;inference;interaction;inference","11","59","编辑审核完成；游戏分支，非专业资格目录","当前分支准备及新版本失效检查通过","本目录中名称唯一"
"health-economics-6","卫生经济学","药物经济学","药物经济学：评价边界、价格年份与资源取舍","这份成本计入了哪些范围，价格来自哪一年？","boundary","health;governance;inference;interaction;health","11","59","编辑审核完成；游戏分支，非专业资格目录","当前分支准备及新版本失效检查通过","共享主题，分属路线：pharmacy-8;health-economics-6"
"health-economics-7","卫生经济学","照护经济学","照护经济学：评价边界、价格年份与资源取舍","这份成本计入了哪些范围，价格来自哪一年？","method","health;governance;inference;interaction;inference","11","59","编辑审核完成；游戏分支，非专业资格目录","当前分支准备及新版本失效检查通过","本目录中名称唯一"
"health-economics-8","卫生经济学","健康公平与经济","健康公平与经济：目标、执行层次与受益差异","纸面目标和实际执行哪里不同，哪些人没有受益？","record","health;governance;inference;interaction;health","11","59","编辑审核完成；游戏分支，非专业资格目录","当前分支准备及新版本失效检查通过","本目录中名称唯一"
"health-economics-9","卫生经济学","预算影响","预算影响：评价边界、价格年份与资源取舍","这份成本计入了哪些范围，价格来自哪一年？","boundary","health;governance;inference;interaction;inference","11","59","编辑审核完成；游戏分支，非专业资格目录","当前分支准备及新版本失效检查通过","本目录中名称唯一"
"health-economics-10","卫生经济学","卫生服务需求","卫生服务需求：目标、执行层次与受益差异","纸面目标和实际执行哪里不同，哪些人没有受益？","method","health;governance;inference;interaction;health","11","59","编辑审核完成；游戏分支，非专业资格目录","当前分支准备及新版本失效检查通过","本目录中名称唯一"
"health-economics-11","卫生经济学","长期经济结局","长期经济结局：入组范围、观察时间与未完成随访","没有完成随访的人去了哪里，观察时间是否一致？","record","health;governance;inference;interaction;inference","11","59","编辑审核完成；游戏分支，非专业资格目录","当前分支准备及新版本失效检查通过","本目录中名称唯一"
"health-economics-12","卫生经济学","决策模型","决策模型：研究对象、观察窗口与资料比较条件","这一研究问题的对象、条件和判断依据怎样对应？","boundary","health;governance;inference;interaction;health","11","59","编辑审核完成；游戏分支，非专业资格目录","当前分支准备及新版本失效检查通过","本目录中名称唯一"
"clinical-pharmacology-1","临床药理学","药物结局研究","药物结局研究：入组范围、观察时间与未完成随访","没有完成随访的人去了哪里，观察时间是否一致？","method","health;measurement;inference;resources;inference","11","65","编辑审核完成；游戏分支，非专业资格目录","当前分支准备及新版本失效检查通过","本目录中名称唯一"
"clinical-pharmacology-2","临床药理学","真实世界药物资料","真实世界药物资料：模型或使用情境、暴露记录与解释","这些记录来自什么使用情境，关联与作用判断如何区分？","record","health;measurement;inference;resources;health","11","65","编辑审核完成；游戏分支，非专业资格目录","当前分支准备及新版本失效检查通过","本目录中名称唯一"
"clinical-pharmacology-3","临床药理学","药物安全资料","药物安全资料：模型或使用情境、暴露记录与解释","这些记录来自什么使用情境，关联与作用判断如何区分？","boundary","health;measurement;inference;resources;inference","11","65","编辑审核完成；游戏分支，非专业资格目录","当前分支准备及新版本失效检查通过","本目录中名称唯一"
"clinical-pharmacology-4","临床药理学","药物使用评价","药物使用评价：模型或使用情境、暴露记录与解释","这些记录来自什么使用情境，关联与作用判断如何区分？","method","health;measurement;inference;resources;health","11","65","编辑审核完成；游戏分支，非专业资格目录","当前分支准备及新版本失效检查通过","本目录中名称唯一"
"clinical-pharmacology-5","临床药理学","药代资料分析","药代资料分析：模型或使用情境、暴露记录与解释","这些记录来自什么使用情境，关联与作用判断如何区分？","record","health;measurement;inference;resources;inference","11","65","编辑审核完成；游戏分支，非专业资格目录","当前分支准备及新版本失效检查通过","本目录中名称唯一"
"clinical-pharmacology-6","临床药理学","药物遗传","药物遗传：对象关系、参考版本与变异解释","参考版本改变后，哪些解释仍然成立？","boundary","health;measurement;inference;resources;health","11","65","编辑审核完成；游戏分支，非专业资格目录","当前分支准备及新版本失效检查通过","本目录中名称唯一"
"clinical-pharmacology-7","临床药理学","药物相互作用资料","药物相互作用资料：模型或使用情境、暴露记录与解释","这些记录来自什么使用情境，关联与作用判断如何区分？","method","health;measurement;inference;resources;inference","11","65","编辑审核完成；游戏分支，非专业资格目录","当前分支准备及新版本失效检查通过","本目录中名称唯一"
"clinical-pharmacology-8","临床药理学","特殊人群药物结局","特殊人群药物结局：入组范围、观察时间与未完成随访","没有完成随访的人去了哪里，观察时间是否一致？","record","health;measurement;inference;resources;health","11","65","编辑审核完成；游戏分支，非专业资格目录","当前分支准备及新版本失效检查通过","本目录中名称唯一"
"clinical-pharmacology-9","临床药理学","药物经济评价","药物经济评价：评价边界、价格年份与资源取舍","这份成本计入了哪些范围，价格来自哪一年？","boundary","health;measurement;inference;resources;inference","11","65","编辑审核完成；游戏分支，非专业资格目录","当前分支准备及新版本失效检查通过","本目录中名称唯一"
"clinical-pharmacology-10","临床药理学","患者用药体验","患者用药体验：测量含义、填答者与时间窗口","这个回答由谁给出，测到的是哪一种体验？","method","health;measurement;inference;resources;health","11","65","编辑审核完成；游戏分支，非专业资格目录","当前分支准备及新版本失效检查通过","本目录中名称唯一"
"clinical-pharmacology-11","临床药理学","药物研究设计","药物研究设计：模型或使用情境、暴露记录与解释","这些记录来自什么使用情境，关联与作用判断如何区分？","record","health;measurement;inference;resources;inference","11","65","编辑审核完成；游戏分支，非专业资格目录","当前分支准备及新版本失效检查通过","本目录中名称唯一"
"clinical-pharmacology-12","临床药理学","药物资料质控","药物资料质控：模型或使用情境、暴露记录与解释","这些记录来自什么使用情境，关联与作用判断如何区分？","boundary","health;measurement;inference;resources;health","11","65","编辑审核完成；游戏分支，非专业资格目录","当前分支准备及新版本失效检查通过","本目录中名称唯一"
"forensic-medicine-1","法医学研究","法医病理资料","法医病理资料：测量口径、平台或读者差异","换一个平台或复核者，哪一项判断仍能保留？","method","measurement;materials;life;health;inference","11","56","编辑审核完成；游戏分支，非专业资格目录","当前分支准备及新版本失效检查通过","本目录中名称唯一"
"forensic-medicine-2","法医学研究","法医临床资料","法医临床资料：研究对象、观察窗口与资料比较条件","这一研究问题的对象、条件和判断依据怎样对应？","record","measurement;materials;life;health;health","11","48","编辑审核完成；游戏分支，非专业资格目录","当前分支准备及新版本失效检查通过","本目录中名称唯一"
"forensic-medicine-3","法医学研究","法医毒理资料","法医毒理资料：研究对象、观察窗口与资料比较条件","这一研究问题的对象、条件和判断依据怎样对应？","boundary","measurement;materials;life;health;inference","11","56","编辑审核完成；游戏分支，非专业资格目录","当前分支准备及新版本失效检查通过","本目录中名称唯一"
"forensic-medicine-4","法医学研究","法医遗传资料","法医遗传资料：对象关系、参考版本与变异解释","参考版本改变后，哪些解释仍然成立？","method","measurement;materials;life;health;health","11","48","编辑审核完成；游戏分支，非专业资格目录","当前分支准备及新版本失效检查通过","本目录中名称唯一"
"forensic-medicine-5","法医学研究","法医物证资料","法医物证资料：研究对象、观察窗口与资料比较条件","这一研究问题的对象、条件和判断依据怎样对应？","record","measurement;materials;life;health;inference","11","56","编辑审核完成；游戏分支，非专业资格目录","当前分支准备及新版本失效检查通过","本目录中名称唯一"
"forensic-medicine-6","法医学研究","法医精神资料","法医精神资料：研究对象、观察窗口与资料比较条件","这一研究问题的对象、条件和判断依据怎样对应？","boundary","measurement;materials;life;health;health","11","48","编辑审核完成；游戏分支，非专业资格目录","当前分支准备及新版本失效检查通过","本目录中名称唯一"
"forensic-medicine-7","法医学研究","证据来源核对","证据来源核对：研究对象、观察窗口与资料比较条件","这一研究问题的对象、条件和判断依据怎样对应？","method","measurement;materials;life;health;inference","11","56","编辑审核完成；游戏分支，非专业资格目录","当前分支准备及新版本失效检查通过","本目录中名称唯一"
"forensic-medicine-8","法医学研究","鉴定意见表达","鉴定意见表达：研究对象、观察窗口与资料比较条件","这一研究问题的对象、条件和判断依据怎样对应？","record","measurement;materials;life;health;health","11","48","编辑审核完成；游戏分支，非专业资格目录","当前分支准备及新版本失效检查通过","本目录中名称唯一"
"forensic-medicine-9","法医学研究","法医记录质量","法医记录质量：研究对象、观察窗口与资料比较条件","这一研究问题的对象、条件和判断依据怎样对应？","boundary","measurement;materials;life;health;inference","11","56","编辑审核完成；游戏分支，非专业资格目录","当前分支准备及新版本失效检查通过","本目录中名称唯一"
"forensic-medicine-10","法医学研究","法医统计评价","法医统计评价：研究对象、观察窗口与资料比较条件","这一研究问题的对象、条件和判断依据怎样对应？","method","measurement;materials;life;health;health","11","48","编辑审核完成；游戏分支，非专业资格目录","当前分支准备及新版本失效检查通过","本目录中名称唯一"
"forensic-medicine-11","法医学研究","法医学教育","法医学教育：研究对象、观察窗口与资料比较条件","这一研究问题的对象、条件和判断依据怎样对应？","record","measurement;materials;life;health;inference","11","56","编辑审核完成；游戏分支，非专业资格目录","当前分支准备及新版本失效检查通过","本目录中名称唯一"
"forensic-medicine-12","法医学研究","法医伦理研究","法医伦理研究：研究对象、观察窗口与资料比较条件","这一研究问题的对象、条件和判断依据怎样对应？","boundary","measurement;materials;life;health;health","11","48","编辑审核完成；游戏分支，非专业资格目录","当前分支准备及新版本失效检查通过","本目录中名称唯一"
"chinese-materia-medica-1","中药学研究","本草文献","本草文献：出处、整理版本与术语语境","原件、整理本和后来的解释各自来自哪里？","method","text;culture;health;inference;inference","11","47","编辑审核完成；游戏分支，非专业资格目录","当前分支准备及新版本失效检查通过","本目录中名称唯一"
"chinese-materia-medica-2","中药学研究","中药资源资料","中药资源资料：研究对象、观察窗口与资料比较条件","这一研究问题的对象、条件和判断依据怎样对应？","record","text;culture;health;inference;health","11","47","编辑审核完成；游戏分支，非专业资格目录","当前分支准备及新版本失效检查通过","本目录中名称唯一"
"chinese-materia-medica-3","中药学研究","生药鉴别资料","生药鉴别资料：研究对象、观察窗口与资料比较条件","这一研究问题的对象、条件和判断依据怎样对应？","boundary","text;culture;health;inference;inference","11","47","编辑审核完成；游戏分支，非专业资格目录","当前分支准备及新版本失效检查通过","本目录中名称唯一"
"chinese-materia-medica-4","中药学研究","中药化学资料","中药化学资料：研究对象、观察窗口与资料比较条件","这一研究问题的对象、条件和判断依据怎样对应？","method","text;culture;health;inference;health","11","47","编辑审核完成；游戏分支，非专业资格目录","当前分支准备及新版本失效检查通过","本目录中名称唯一"
"chinese-materia-medica-5","中药学研究","中药分析资料","中药分析资料：研究对象、观察窗口与资料比较条件","这一研究问题的对象、条件和判断依据怎样对应？","record","text;culture;health;inference;inference","11","47","编辑审核完成；游戏分支，非专业资格目录","当前分支准备及新版本失效检查通过","本目录中名称唯一"
"chinese-materia-medica-6","中药学研究","中药药理资料","中药药理资料：模型或使用情境、暴露记录与解释","这些记录来自什么使用情境，关联与作用判断如何区分？","boundary","text;culture;health;inference;health","11","47","编辑审核完成；游戏分支，非专业资格目录","当前分支准备及新版本失效检查通过","本目录中名称唯一"
"chinese-materia-medica-7","中药学研究","中药制剂资料","中药制剂资料：研究对象、观察窗口与资料比较条件","这一研究问题的对象、条件和判断依据怎样对应？","method","text;culture;health;inference;inference","11","47","编辑审核完成；游戏分支，非专业资格目录","当前分支准备及新版本失效检查通过","本目录中名称唯一"
"chinese-materia-medica-8","中药学研究","中药质量评价","中药质量评价：研究对象、观察窗口与资料比较条件","这一研究问题的对象、条件和判断依据怎样对应？","record","text;culture;health;inference;health","11","47","编辑审核完成；游戏分支，非专业资格目录","当前分支准备及新版本失效检查通过","本目录中名称唯一"
"chinese-materia-medica-9","中药学研究","中药使用结局","中药使用结局：入组范围、观察时间与未完成随访","没有完成随访的人去了哪里，观察时间是否一致？","boundary","text;culture;health;inference;inference","11","47","编辑审核完成；游戏分支，非专业资格目录","当前分支准备及新版本失效检查通过","本目录中名称唯一"
"chinese-materia-medica-10","中药学研究","药材来源研究","药材来源研究：研究对象、观察窗口与资料比较条件","这一研究问题的对象、条件和判断依据怎样对应？","method","text;culture;health;inference;health","11","47","编辑审核完成；游戏分支，非专业资格目录","当前分支准备及新版本失效检查通过","本目录中名称唯一"
"chinese-materia-medica-11","中药学研究","中药标准史","中药标准史：研究对象、观察窗口与资料比较条件","这一研究问题的对象、条件和判断依据怎样对应？","record","text;culture;health;inference;inference","11","47","编辑审核完成；游戏分支，非专业资格目录","当前分支准备及新版本失效检查通过","本目录中名称唯一"
"chinese-materia-medica-12","中药学研究","中药资料复现","中药资料复现：研究对象、观察窗口与资料比较条件","这一研究问题的对象、条件和判断依据怎样对应？","boundary","text;culture;health;inference;health","11","47","编辑审核完成；游戏分支，非专业资格目录","当前分支准备及新版本失效检查通过","本目录中名称唯一"
"integrated-medicine-1","中西医结合研究","中西医结合理论","中西医结合理论：研究对象、观察窗口与资料比较条件","这一研究问题的对象、条件和判断依据怎样对应？","method","health;measurement;inference;resources;inference","11","53","编辑审核完成；游戏分支，非专业资格目录","当前分支准备及新版本失效检查通过","本目录中名称唯一"
"integrated-medicine-2","中西医结合研究","结合医学设计","结合医学设计：研究对象、观察窗口与资料比较条件","这一研究问题的对象、条件和判断依据怎样对应？","record","health;measurement;inference;resources;health","11","53","编辑审核完成；游戏分支，非专业资格目录","当前分支准备及新版本失效检查通过","本目录中名称唯一"
"integrated-medicine-3","中西医结合研究","结合医学临床结局","结合医学临床结局：入组范围、观察时间与未完成随访","没有完成随访的人去了哪里，观察时间是否一致？","boundary","health;measurement;inference;resources;inference","11","53","编辑审核完成；游戏分支，非专业资格目录","当前分支准备及新版本失效检查通过","本目录中名称唯一"
"integrated-medicine-4","中西医结合研究","证候一致性","证候一致性：测量口径、平台或读者差异","换一个平台或复核者，哪一项判断仍能保留？","method","health;measurement;inference;resources;health","11","53","编辑审核完成；游戏分支，非专业资格目录","当前分支准备及新版本失效检查通过","本目录中名称唯一"
"integrated-medicine-5","中西医结合研究","多种照护记录","多种照护记录：研究对象、观察窗口与资料比较条件","这一研究问题的对象、条件和判断依据怎样对应？","record","health;measurement;inference;resources;inference","11","53","编辑审核完成；游戏分支，非专业资格目录","当前分支准备及新版本失效检查通过","本目录中名称唯一"
"integrated-medicine-6","中西医结合研究","患者报告结局","患者报告结局：入组范围、观察时间与未完成随访","没有完成随访的人去了哪里，观察时间是否一致？","boundary","health;measurement;inference;resources;health","11","53","编辑审核完成；游戏分支，非专业资格目录","当前分支准备及新版本失效检查通过","共享主题，分属路线：rheumatology-12;cardiac-surgery-10;neurosurgery-12;orthopedics-12;urology-11;obgyn-10;ent-12;integrated-medicine-6"
"integrated-medicine-7","中西医结合研究","康复与生活质量","康复与生活质量：测量含义、填答者与时间窗口","这个回答由谁给出，测到的是哪一种体验？","method","health;measurement;inference;resources;inference","11","53","编辑审核完成；游戏分支，非专业资格目录","当前分支准备及新版本失效检查通过","本目录中名称唯一"
"integrated-medicine-8","中西医结合研究","研究指标对应","研究指标对应：研究对象、观察窗口与资料比较条件","这一研究问题的对象、条件和判断依据怎样对应？","record","health;measurement;inference;resources;health","11","53","编辑审核完成；游戏分支，非专业资格目录","当前分支准备及新版本失效检查通过","本目录中名称唯一"
"integrated-medicine-9","中西医结合研究","结合医学文献","结合医学文献：出处、整理版本与术语语境","原件、整理本和后来的解释各自来自哪里？","boundary","health;measurement;inference;resources;inference","11","53","编辑审核完成；游戏分支，非专业资格目录","当前分支准备及新版本失效检查通过","本目录中名称唯一"
"integrated-medicine-10","中西医结合研究","解释边界研究","解释边界研究：研究对象、观察窗口与资料比较条件","这一研究问题的对象、条件和判断依据怎样对应？","method","health;measurement;inference;resources;health","11","53","编辑审核完成；游戏分支，非专业资格目录","当前分支准备及新版本失效检查通过","本目录中名称唯一"
"integrated-medicine-11","中西医结合研究","长期随访质量","长期随访质量：入组范围、观察时间与未完成随访","没有完成随访的人去了哪里，观察时间是否一致？","record","health;measurement;inference;resources;inference","11","53","编辑审核完成；游戏分支，非专业资格目录","当前分支准备及新版本失效检查通过","本目录中名称唯一"
"integrated-medicine-12","中西医结合研究","结合医学教学","结合医学教学：研究对象、观察窗口与资料比较条件","这一研究问题的对象、条件和判断依据怎样对应？","boundary","health;measurement;inference;resources;health","11","53","编辑审核完成；游戏分支，非专业资格目录","当前分支准备及新版本失效检查通过","本目录中名称唯一"
"special-medicine-1","特种医学研究","航空航天健康资料","航空航天健康资料：研究对象、观察窗口与资料比较条件","这一研究问题的对象、条件和判断依据怎样对应？","method","health;measurement;inference;resources;inference","11","53","编辑审核完成；游戏分支，非专业资格目录","当前分支准备及新版本失效检查通过","本目录中名称唯一"
"special-medicine-2","特种医学研究","环境适应资料","环境适应资料：研究对象、观察窗口与资料比较条件","这一研究问题的对象、条件和判断依据怎样对应？","record","health;measurement;inference;resources;health","11","53","编辑审核完成；游戏分支，非专业资格目录","当前分支准备及新版本失效检查通过","本目录中名称唯一"
"special-medicine-3","特种医学研究","航海健康资料","航海健康资料：研究对象、观察窗口与资料比较条件","这一研究问题的对象、条件和判断依据怎样对应？","boundary","health;measurement;inference;resources;inference","11","53","编辑审核完成；游戏分支，非专业资格目录","当前分支准备及新版本失效检查通过","本目录中名称唯一"
"special-medicine-4","特种医学研究","高原健康资料","高原健康资料：研究对象、观察窗口与资料比较条件","这一研究问题的对象、条件和判断依据怎样对应？","method","health;measurement;inference;resources;health","11","53","编辑审核完成；游戏分支，非专业资格目录","当前分支准备及新版本失效检查通过","本目录中名称唯一"
"special-medicine-5","特种医学研究","运动环境与健康","运动环境与健康：研究对象、观察窗口与资料比较条件","这一研究问题的对象、条件和判断依据怎样对应？","record","health;measurement;inference;resources;inference","11","53","编辑审核完成；游戏分支，非专业资格目录","当前分支准备及新版本失效检查通过","本目录中名称唯一"
"special-medicine-6","特种医学研究","极端环境体验","极端环境体验：测量含义、填答者与时间窗口","这个回答由谁给出，测到的是哪一种体验？","boundary","health;measurement;inference;resources;health","11","53","编辑审核完成；游戏分支，非专业资格目录","当前分支准备及新版本失效检查通过","本目录中名称唯一"
"special-medicine-7","特种医学研究","放射健康资料","放射健康资料：研究对象、观察窗口与资料比较条件","这一研究问题的对象、条件和判断依据怎样对应？","method","health;measurement;inference;resources;inference","11","53","编辑审核完成；游戏分支，非专业资格目录","当前分支准备及新版本失效检查通过","本目录中名称唯一"
"special-medicine-8","特种医学研究","职业健康记录","职业健康记录：研究对象、观察窗口与资料比较条件","这一研究问题的对象、条件和判断依据怎样对应？","record","health;measurement;inference;resources;health","11","53","编辑审核完成；游戏分支，非专业资格目录","当前分支准备及新版本失效检查通过","本目录中名称唯一"
"special-medicine-9","特种医学研究","环境测量质量","环境测量质量：测量口径、平台或读者差异","换一个平台或复核者，哪一项判断仍能保留？","boundary","health;measurement;inference;resources;inference","11","53","编辑审核完成；游戏分支，非专业资格目录","当前分支准备及新版本失效检查通过","本目录中名称唯一"
"special-medicine-10","特种医学研究","特种环境随访","特种环境随访：入组范围、观察时间与未完成随访","没有完成随访的人去了哪里，观察时间是否一致？","method","health;measurement;inference;resources;health","11","53","编辑审核完成；游戏分支，非专业资格目录","当前分支准备及新版本失效检查通过","本目录中名称唯一"
"special-medicine-11","特种医学研究","健康服务评价","健康服务评价：目标、执行层次与受益差异","纸面目标和实际执行哪里不同，哪些人没有受益？","record","health;measurement;inference;resources;inference","11","53","编辑审核完成；游戏分支，非专业资格目录","当前分支准备及新版本失效检查通过","本目录中名称唯一"
"special-medicine-12","特种医学研究","特种医学史","特种医学史：研究对象、观察窗口与资料比较条件","这一研究问题的对象、条件和判断依据怎样对应？","boundary","health;measurement;inference;resources;health","11","53","编辑审核完成；游戏分支，非专业资格目录","当前分支准备及新版本失效检查通过","本目录中名称唯一"
"medical-technology-1","医学技术研究","医学影像技术","医学影像技术：对象内重复、平台版本与图像质量","重复图像属于多少个对象，平台差异怎样处理？","method","model;inference;systems;life;inference","11","38","编辑审核完成；游戏分支，非专业资格目录","当前分支准备及新版本失效检查通过","本目录中名称唯一"
"medical-technology-2","医学技术研究","医学检验技术","医学检验技术：测量口径、平台或读者差异","换一个平台或复核者，哪一项判断仍能保留？","record","model;inference;systems;life;health","11","60","编辑审核完成；游戏分支，非专业资格目录","当前分支准备及新版本失效检查通过","本目录中名称唯一"
"medical-technology-3","医学技术研究","康复治疗技术","康复治疗技术：阶段、生活条件与功能或体验变化","年龄或生活条件改变后，这个指标还是同一含义吗？","boundary","model;inference;systems;life;inference","11","38","编辑审核完成；游戏分支，非专业资格目录","当前分支准备及新版本失效检查通过","本目录中名称唯一"
"medical-technology-4","医学技术研究","听觉与言语技术","听觉与言语技术：研究对象、观察窗口与资料比较条件","这一研究问题的对象、条件和判断依据怎样对应？","method","model;inference;systems;life;health","11","60","编辑审核完成；游戏分支，非专业资格目录","当前分支准备及新版本失效检查通过","本目录中名称唯一"
"medical-technology-5","医学技术研究","眼视光技术","眼视光技术：研究对象、观察窗口与资料比较条件","这一研究问题的对象、条件和判断依据怎样对应？","record","model;inference;systems;life;inference","11","38","编辑审核完成；游戏分支，非专业资格目录","当前分支准备及新版本失效检查通过","本目录中名称唯一"
"medical-technology-6","医学技术研究","口腔技术资料","口腔技术资料：研究对象、观察窗口与资料比较条件","这一研究问题的对象、条件和判断依据怎样对应？","boundary","model;inference;systems;life;health","11","60","编辑审核完成；游戏分支，非专业资格目录","当前分支准备及新版本失效检查通过","本目录中名称唯一"
"medical-technology-7","医学技术研究","病理技术资料","病理技术资料：测量口径、平台或读者差异","换一个平台或复核者，哪一项判断仍能保留？","method","model;inference;systems;life;inference","11","38","编辑审核完成；游戏分支，非专业资格目录","当前分支准备及新版本失效检查通过","本目录中名称唯一"
"medical-technology-8","医学技术研究","辅助器具评价","辅助器具评价：研究对象、观察窗口与资料比较条件","这一研究问题的对象、条件和判断依据怎样对应？","record","model;inference;systems;life;health","11","60","编辑审核完成；游戏分支，非专业资格目录","当前分支准备及新版本失效检查通过","本目录中名称唯一"
"medical-technology-9","医学技术研究","医学技术质控","医学技术质控：研究对象、观察窗口与资料比较条件","这一研究问题的对象、条件和判断依据怎样对应？","boundary","model;inference;systems;life;inference","11","38","编辑审核完成；游戏分支，非专业资格目录","当前分支准备及新版本失效检查通过","本目录中名称唯一"
"medical-technology-10","医学技术研究","技术使用反馈","技术使用反馈：研究对象、观察窗口与资料比较条件","这一研究问题的对象、条件和判断依据怎样对应？","method","model;inference;systems;life;health","11","60","编辑审核完成；游戏分支，非专业资格目录","当前分支准备及新版本失效检查通过","本目录中名称唯一"
"medical-technology-11","医学技术研究","技术教育研究","技术教育研究：研究对象、观察窗口与资料比较条件","这一研究问题的对象、条件和判断依据怎样对应？","record","model;inference;systems;life;inference","11","38","编辑审核完成；游戏分支，非专业资格目录","当前分支准备及新版本失效检查通过","本目录中名称唯一"
"medical-technology-12","医学技术研究","设备与软件版本","设备与软件版本：原型版本、使用任务与失败反馈","这一版能完成哪种实际任务，没完成的人留下了什么反馈？","boundary","model;inference;systems;life;health","11","60","编辑审核完成；游戏分支，非专业资格目录","当前分支准备及新版本失效检查通过","本目录中名称唯一"
"metaphysics-1","形而上学与本体论","存在论","存在论：概念承诺、论证前提与反例","「存在论」中，概念承诺、论证前提与反例怎样对应本周的实际材料？","literature","model;ethics;text","11","64","编辑审核完成；游戏分支，非专业资格目录","当前分支准备及新版本失效检查通过","本目录中名称唯一"
"metaphysics-2","形而上学与本体论","模态问题","模态问题：概念承诺、论证前提与反例","「模态问题」中，概念承诺、论证前提与反例怎样对应本周的实际材料？","method","model;ethics;text","11","64","编辑审核完成；游戏分支，非专业资格目录","当前分支准备及新版本失效检查通过","本目录中名称唯一"
"metaphysics-3","形而上学与本体论","时间哲学","时间哲学：概念承诺、论证前提与反例","「时间哲学」中，概念承诺、论证前提与反例怎样对应本周的实际材料？","record","model;ethics;text","11","64","编辑审核完成；游戏分支，非专业资格目录","当前分支准备及新版本失效检查通过","本目录中名称唯一"
"metaphysics-4","形而上学与本体论","因果概念","因果概念：概念承诺、论证前提与反例","「因果概念」中，概念承诺、论证前提与反例怎样对应本周的实际材料？","boundary","model;ethics;text","11","64","编辑审核完成；游戏分支，非专业资格目录","当前分支准备及新版本失效检查通过","本目录中名称唯一"
"metaphysics-5","形而上学与本体论","对象同一性","对象同一性：概念承诺、论证前提与反例","「对象同一性」中，概念承诺、论证前提与反例怎样对应本周的实际材料？","literature","model;ethics;text","11","64","编辑审核完成；游戏分支，非专业资格目录","当前分支准备及新版本失效检查通过","本目录中名称唯一"
"metaphysics-6","形而上学与本体论","属性理论","属性理论：概念承诺、论证前提与反例","「属性理论」中，概念承诺、论证前提与反例怎样对应本周的实际材料？","method","model;ethics;text","11","64","编辑审核完成；游戏分支，非专业资格目录","当前分支准备及新版本失效检查通过","本目录中名称唯一"
"metaphysics-7","形而上学与本体论","可能世界","可能世界：概念承诺、论证前提与反例","「可能世界」中，概念承诺、论证前提与反例怎样对应本周的实际材料？","record","model;ethics;text","11","64","编辑审核完成；游戏分支，非专业资格目录","当前分支准备及新版本失效检查通过","本目录中名称唯一"
"metaphysics-8","形而上学与本体论","身心问题","身心问题：概念承诺、论证前提与反例","「身心问题」中，概念承诺、论证前提与反例怎样对应本周的实际材料？","boundary","model;ethics;text","11","64","编辑审核完成；游戏分支，非专业资格目录","当前分支准备及新版本失效检查通过","本目录中名称唯一"
"metaphysics-9","形而上学与本体论","社会本体论","社会本体论：概念承诺、论证前提与反例","「社会本体论」中，概念承诺、论证前提与反例怎样对应本周的实际材料？","literature","model;ethics;text","11","64","编辑审核完成；游戏分支，非专业资格目录","当前分支准备及新版本失效检查通过","本目录中名称唯一"
"metaphysics-10","形而上学与本体论","过程哲学","过程哲学：概念承诺、论证前提与反例","「过程哲学」中，概念承诺、论证前提与反例怎样对应本周的实际材料？","method","model;ethics;text","11","64","编辑审核完成；游戏分支，非专业资格目录","当前分支准备及新版本失效检查通过","本目录中名称唯一"
"metaphysics-11","形而上学与本体论","分析形而上学","分析形而上学：概念承诺、论证前提与反例","「分析形而上学」中，概念承诺、论证前提与反例怎样对应本周的实际材料？","record","model;ethics;text","11","64","编辑审核完成；游戏分支，非专业资格目录","当前分支准备及新版本失效检查通过","本目录中名称唯一"
"metaphysics-12","形而上学与本体论","传统形而上学","传统形而上学：概念承诺、论证前提与反例","「传统形而上学」中，概念承诺、论证前提与反例怎样对应本周的实际材料？","boundary","model;ethics;text","11","64","编辑审核完成；游戏分支，非专业资格目录","当前分支准备及新版本失效检查通过","本目录中名称唯一"
"epistemology-1","认识论与科学哲学","知识分析","知识分析：知识主张的依据与适用条件","「知识分析」中，知识主张的依据与适用条件怎样对应本周的实际材料？","literature","model;ethics;text","11","64","编辑审核完成；游戏分支，非专业资格目录","当前分支准备及新版本失效检查通过","本目录中名称唯一"
"epistemology-2","认识论与科学哲学","怀疑论","怀疑论：知识主张的依据与适用条件","「怀疑论」中，知识主张的依据与适用条件怎样对应本周的实际材料？","method","model;ethics;text","11","64","编辑审核完成；游戏分支，非专业资格目录","当前分支准备及新版本失效检查通过","本目录中名称唯一"
"epistemology-3","认识论与科学哲学","证成理论","证成理论：知识主张的依据与适用条件","「证成理论」中，知识主张的依据与适用条件怎样对应本周的实际材料？","record","model;ethics;text","11","64","编辑审核完成；游戏分支，非专业资格目录","当前分支准备及新版本失效检查通过","本目录中名称唯一"
"epistemology-4","认识论与科学哲学","社会认识论","社会认识论：知识主张的依据与适用条件","「社会认识论」中，知识主张的依据与适用条件怎样对应本周的实际材料？","boundary","model;ethics;text","11","64","编辑审核完成；游戏分支，非专业资格目录","当前分支准备及新版本失效检查通过","本目录中名称唯一"
"epistemology-5","认识论与科学哲学","科学解释","科学解释：知识主张的依据与适用条件","「科学解释」中，知识主张的依据与适用条件怎样对应本周的实际材料？","literature","model;ethics;text","11","64","编辑审核完成；游戏分支，非专业资格目录","当前分支准备及新版本失效检查通过","本目录中名称唯一"
"epistemology-6","认识论与科学哲学","科学实在论","科学实在论：知识主张的依据与适用条件","「科学实在论」中，知识主张的依据与适用条件怎样对应本周的实际材料？","method","model;ethics;text","11","64","编辑审核完成；游戏分支，非专业资格目录","当前分支准备及新版本失效检查通过","本目录中名称唯一"
"epistemology-7","认识论与科学哲学","归纳问题","归纳问题：知识主张的依据与适用条件","「归纳问题」中，知识主张的依据与适用条件怎样对应本周的实际材料？","record","model;ethics;text","11","64","编辑审核完成；游戏分支，非专业资格目录","当前分支准备及新版本失效检查通过","本目录中名称唯一"
"epistemology-8","认识论与科学哲学","模型与理想化","模型与理想化：知识主张的依据与适用条件","「模型与理想化」中，知识主张的依据与适用条件怎样对应本周的实际材料？","boundary","model;ethics;text","11","64","编辑审核完成；游戏分支，非专业资格目录","当前分支准备及新版本失效检查通过","本目录中名称唯一"
"epistemology-9","认识论与科学哲学","测量哲学","测量哲学：知识主张的依据与适用条件","「测量哲学」中，知识主张的依据与适用条件怎样对应本周的实际材料？","literature","model;ethics;text","11","64","编辑审核完成；游戏分支，非专业资格目录","当前分支准备及新版本失效检查通过","本目录中名称唯一"
"epistemology-10","认识论与科学哲学","专家知识","专家知识：知识主张的依据与适用条件","「专家知识」中，知识主张的依据与适用条件怎样对应本周的实际材料？","method","model;ethics;text","11","64","编辑审核完成；游戏分支，非专业资格目录","当前分支准备及新版本失效检查通过","本目录中名称唯一"
"epistemology-11","认识论与科学哲学","证言研究","证言研究：知识主张的依据与适用条件","「证言研究」中，知识主张的依据与适用条件怎样对应本周的实际材料？","record","model;ethics;text","11","64","编辑审核完成；游戏分支，非专业资格目录","当前分支准备及新版本失效检查通过","本目录中名称唯一"
"epistemology-12","认识论与科学哲学","技术知识","技术知识：知识主张的依据与适用条件","「技术知识」中，知识主张的依据与适用条件怎样对应本周的实际材料？","boundary","model;ethics;text","11","64","编辑审核完成；游戏分支，非专业资格目录","当前分支准备及新版本失效检查通过","本目录中名称唯一"
"logic-studies-1","逻辑学","数理逻辑","数理逻辑：形式语言、推理规则与语义条件","「数理逻辑」中，形式语言、推理规则与语义条件怎样对应本周的实际材料？","literature","model;ethics;text","11","64","编辑审核完成；游戏分支，非专业资格目录","当前分支准备及新版本失效检查通过","本目录中名称唯一"
"logic-studies-2","逻辑学","哲学逻辑","哲学逻辑：形式语言、推理规则与语义条件","「哲学逻辑」中，形式语言、推理规则与语义条件怎样对应本周的实际材料？","method","model;ethics;text","11","64","编辑审核完成；游戏分支，非专业资格目录","当前分支准备及新版本失效检查通过","本目录中名称唯一"
"logic-studies-3","逻辑学","模态逻辑","模态逻辑：形式语言、推理规则与语义条件","「模态逻辑」中，形式语言、推理规则与语义条件怎样对应本周的实际材料？","record","model;ethics;text","11","64","编辑审核完成；游戏分支，非专业资格目录","当前分支准备及新版本失效检查通过","本目录中名称唯一"
"logic-studies-4","逻辑学","非经典逻辑","非经典逻辑：形式语言、推理规则与语义条件","「非经典逻辑」中，形式语言、推理规则与语义条件怎样对应本周的实际材料？","boundary","model;ethics;text","11","64","编辑审核完成；游戏分支，非专业资格目录","当前分支准备及新版本失效检查通过","本目录中名称唯一"
"logic-studies-5","逻辑学","论证理论","论证理论：形式语言、推理规则与语义条件","「论证理论」中，形式语言、推理规则与语义条件怎样对应本周的实际材料？","literature","model;ethics;text","11","64","编辑审核完成；游戏分支，非专业资格目录","当前分支准备及新版本失效检查通过","本目录中名称唯一"
"logic-studies-6","逻辑学","逻辑史","逻辑史：形式语言、推理规则与语义条件","「逻辑史」中，形式语言、推理规则与语义条件怎样对应本周的实际材料？","method","model;ethics;text","11","64","编辑审核完成；游戏分支，非专业资格目录","当前分支准备及新版本失效检查通过","本目录中名称唯一"
"logic-studies-7","逻辑学","语义理论","语义理论：形式语言、推理规则与语义条件","「语义理论」中，形式语言、推理规则与语义条件怎样对应本周的实际材料？","record","model;ethics;text","11","64","编辑审核完成；游戏分支，非专业资格目录","当前分支准备及新版本失效检查通过","本目录中名称唯一"
"logic-studies-8","逻辑学","证明理论","证明理论：形式语言、推理规则与语义条件","「证明理论」中，形式语言、推理规则与语义条件怎样对应本周的实际材料？","boundary","model;ethics;text","11","64","编辑审核完成；游戏分支，非专业资格目录","当前分支准备及新版本失效检查通过","本目录中名称唯一"
"logic-studies-9","逻辑学","模型论","模型论：形式语言、推理规则与语义条件","「模型论」中，形式语言、推理规则与语义条件怎样对应本周的实际材料？","literature","model;ethics;text","11","64","编辑审核完成；游戏分支，非专业资格目录","当前分支准备及新版本失效检查通过","本目录中名称唯一"
"logic-studies-10","逻辑学","计算逻辑","计算逻辑：形式语言、推理规则与语义条件","「计算逻辑」中，形式语言、推理规则与语义条件怎样对应本周的实际材料？","method","model;ethics;text","11","64","编辑审核完成；游戏分支，非专业资格目录","当前分支准备及新版本失效检查通过","本目录中名称唯一"
"logic-studies-11","逻辑学","规范逻辑","规范逻辑：形式语言、推理规则与语义条件","「规范逻辑」中，形式语言、推理规则与语义条件怎样对应本周的实际材料？","record","model;ethics;text","11","64","编辑审核完成；游戏分支，非专业资格目录","当前分支准备及新版本失效检查通过","本目录中名称唯一"
"logic-studies-12","逻辑学","逻辑教育","逻辑教育：形式语言、推理规则与语义条件","「逻辑教育」中，形式语言、推理规则与语义条件怎样对应本周的实际材料？","boundary","model;ethics;text","11","64","编辑审核完成；游戏分支，非专业资格目录","当前分支准备及新版本失效检查通过","本目录中名称唯一"
"ethics-studies-1","伦理学与价值研究","规范伦理","规范伦理：规范理由与经验陈述的区别","「规范伦理」中，规范理由与经验陈述的区别怎样对应本周的实际材料？","literature","model;ethics;text","11","65","编辑审核完成；游戏分支，非专业资格目录","当前分支准备及新版本失效检查通过","本目录中名称唯一"
"ethics-studies-2","伦理学与价值研究","元伦理","元伦理：规范理由与经验陈述的区别","「元伦理」中，规范理由与经验陈述的区别怎样对应本周的实际材料？","method","model;ethics;text","11","65","编辑审核完成；游戏分支，非专业资格目录","当前分支准备及新版本失效检查通过","本目录中名称唯一"
"ethics-studies-3","伦理学与价值研究","应用伦理","应用伦理：规范理由与经验陈述的区别","「应用伦理」中，规范理由与经验陈述的区别怎样对应本周的实际材料？","record","model;ethics;text","11","65","编辑审核完成；游戏分支，非专业资格目录","当前分支准备及新版本失效检查通过","本目录中名称唯一"
"ethics-studies-4","伦理学与价值研究","生命伦理","生命伦理：规范理由与经验陈述的区别","「生命伦理」中，规范理由与经验陈述的区别怎样对应本周的实际材料？","boundary","model;ethics;text","11","65","编辑审核完成；游戏分支，非专业资格目录","当前分支准备及新版本失效检查通过","本目录中名称唯一"
"ethics-studies-5","伦理学与价值研究","技术伦理","技术伦理：规范理由与经验陈述的区别","「技术伦理」中，规范理由与经验陈述的区别怎样对应本周的实际材料？","literature","model;ethics;text","11","65","编辑审核完成；游戏分支，非专业资格目录","当前分支准备及新版本失效检查通过","共享主题，分属路线：ethics-studies-5;military-technology-history-6"
"ethics-studies-6","伦理学与价值研究","环境伦理","环境伦理：规范理由与经验陈述的区别","「环境伦理」中，规范理由与经验陈述的区别怎样对应本周的实际材料？","method","model;ethics;text","11","65","编辑审核完成；游戏分支，非专业资格目录","当前分支准备及新版本失效检查通过","本目录中名称唯一"
"ethics-studies-7","伦理学与价值研究","职业伦理","职业伦理：规范理由与经验陈述的区别","「职业伦理」中，规范理由与经验陈述的区别怎样对应本周的实际材料？","record","model;ethics;text","11","65","编辑审核完成；游戏分支，非专业资格目录","当前分支准备及新版本失效检查通过","本目录中名称唯一"
"ethics-studies-8","伦理学与价值研究","公共伦理","公共伦理：规范理由与经验陈述的区别","「公共伦理」中，规范理由与经验陈述的区别怎样对应本周的实际材料？","boundary","model;ethics;text","11","65","编辑审核完成；游戏分支，非专业资格目录","当前分支准备及新版本失效检查通过","本目录中名称唯一"
"ethics-studies-9","伦理学与价值研究","道德心理哲学","道德心理哲学：规范理由与经验陈述的区别","「道德心理哲学」中，规范理由与经验陈述的区别怎样对应本周的实际材料？","literature","model;ethics;text","11","65","编辑审核完成；游戏分支，非专业资格目录","当前分支准备及新版本失效检查通过","本目录中名称唯一"
"ethics-studies-10","伦理学与价值研究","伦理思想史","伦理思想史：规范理由与经验陈述的区别","「伦理思想史」中，规范理由与经验陈述的区别怎样对应本周的实际材料？","method","model;ethics;text","11","65","编辑审核完成；游戏分支，非专业资格目录","当前分支准备及新版本失效检查通过","本目录中名称唯一"
"ethics-studies-11","伦理学与价值研究","价值冲突","价值冲突：规范理由与经验陈述的区别","「价值冲突」中，规范理由与经验陈述的区别怎样对应本周的实际材料？","record","model;ethics;text","11","65","编辑审核完成；游戏分支，非专业资格目录","当前分支准备及新版本失效检查通过","本目录中名称唯一"
"ethics-studies-12","伦理学与价值研究","责任与行动","责任与行动：规范理由与经验陈述的区别","「责任与行动」中，规范理由与经验陈述的区别怎样对应本周的实际材料？","boundary","model;ethics;text","11","65","编辑审核完成；游戏分支，非专业资格目录","当前分支准备及新版本失效检查通过","本目录中名称唯一"
"religion-studies-1","宗教学","宗教史","宗教史：文本、实践与历史语境","「宗教史」中，文本、实践与历史语境怎样对应本周的实际材料？","literature","model;ethics;text","11","65","编辑审核完成；游戏分支，非专业资格目录","当前分支准备及新版本失效检查通过","本目录中名称唯一"
"religion-studies-2","宗教学","宗教哲学","宗教哲学：文本、实践与历史语境","「宗教哲学」中，文本、实践与历史语境怎样对应本周的实际材料？","method","model;ethics;text","11","65","编辑审核完成；游戏分支，非专业资格目录","当前分支准备及新版本失效检查通过","本目录中名称唯一"
"religion-studies-3","宗教学","宗教社会学","宗教社会学：文本、实践与历史语境","「宗教社会学」中，文本、实践与历史语境怎样对应本周的实际材料？","record","model;ethics;text","11","65","编辑审核完成；游戏分支，非专业资格目录","当前分支准备及新版本失效检查通过","本目录中名称唯一"
"religion-studies-4","宗教学","宗教人类学","宗教人类学：文本、实践与历史语境","「宗教人类学」中，文本、实践与历史语境怎样对应本周的实际材料？","boundary","model;ethics;text","11","65","编辑审核完成；游戏分支，非专业资格目录","当前分支准备及新版本失效检查通过","本目录中名称唯一"
"religion-studies-5","宗教学","宗教文本","宗教文本：文本、实践与历史语境","「宗教文本」中，文本、实践与历史语境怎样对应本周的实际材料？","literature","model;ethics;text","11","65","编辑审核完成；游戏分支，非专业资格目录","当前分支准备及新版本失效检查通过","本目录中名称唯一"
"religion-studies-6","宗教学","宗教艺术","宗教艺术：文本、实践与历史语境","「宗教艺术」中，文本、实践与历史语境怎样对应本周的实际材料？","method","model;ethics;text","11","65","编辑审核完成；游戏分支，非专业资格目录","当前分支准备及新版本失效检查通过","本目录中名称唯一"
"religion-studies-7","宗教学","仪式研究","仪式研究：文本、实践与历史语境","「仪式研究」中，文本、实践与历史语境怎样对应本周的实际材料？","record","model;ethics;text","11","65","编辑审核完成；游戏分支，非专业资格目录","当前分支准备及新版本失效检查通过","本目录中名称唯一"
"religion-studies-8","宗教学","比较宗教","比较宗教：文本、实践与历史语境","「比较宗教」中，文本、实践与历史语境怎样对应本周的实际材料？","boundary","model;ethics;text","11","65","编辑审核完成；游戏分支，非专业资格目录","当前分支准备及新版本失效检查通过","本目录中名称唯一"
"religion-studies-9","宗教学","宗教与现代性","宗教与现代性：文本、实践与历史语境","「宗教与现代性」中，文本、实践与历史语境怎样对应本周的实际材料？","literature","model;ethics;text","11","65","编辑审核完成；游戏分支，非专业资格目录","当前分支准备及新版本失效检查通过","本目录中名称唯一"
"religion-studies-10","宗教学","宗教与地方社会","宗教与地方社会：文本、实践与历史语境","「宗教与地方社会」中，文本、实践与历史语境怎样对应本周的实际材料？","method","model;ethics;text","11","65","编辑审核完成；游戏分支，非专业资格目录","当前分支准备及新版本失效检查通过","本目录中名称唯一"
"religion-studies-11","宗教学","宗教与伦理","宗教与伦理：文本、实践与历史语境","「宗教与伦理」中，文本、实践与历史语境怎样对应本周的实际材料？","record","model;ethics;text","11","65","编辑审核完成；游戏分支，非专业资格目录","当前分支准备及新版本失效检查通过","本目录中名称唯一"
"religion-studies-12","宗教学","宗教数字资料","宗教数字资料：文本、实践与历史语境","「宗教数字资料」中，文本、实践与历史语境怎样对应本周的实际材料？","boundary","model;ethics;text","11","65","编辑审核完成；游戏分支，非专业资格目录","当前分支准备及新版本失效检查通过","本目录中名称唯一"
"economic-theory-1","经济理论与行为","微观理论","微观理论：模型均衡、假设与行为资料","「微观理论」中，模型均衡、假设与行为资料怎样对应本周的实际材料？","literature","inference;resources;governance","11","59","编辑审核完成；游戏分支，非专业资格目录","当前分支准备及新版本失效检查通过","本目录中名称唯一"
"economic-theory-2","经济理论与行为","宏观理论","宏观理论：模型均衡、假设与行为资料","「宏观理论」中，模型均衡、假设与行为资料怎样对应本周的实际材料？","method","inference;resources;governance","11","59","编辑审核完成；游戏分支，非专业资格目录","当前分支准备及新版本失效检查通过","本目录中名称唯一"
"economic-theory-3","经济理论与行为","博弈论","博弈论：模型均衡、假设与行为资料","「博弈论」中，模型均衡、假设与行为资料怎样对应本周的实际材料？","record","inference;resources;governance","11","59","编辑审核完成；游戏分支，非专业资格目录","当前分支准备及新版本失效检查通过","本目录中名称唯一"
"economic-theory-4","经济理论与行为","信息经济","信息经济：模型均衡、假设与行为资料","「信息经济」中，模型均衡、假设与行为资料怎样对应本周的实际材料？","boundary","inference;resources;governance","11","59","编辑审核完成；游戏分支，非专业资格目录","当前分支准备及新版本失效检查通过","本目录中名称唯一"
"economic-theory-5","经济理论与行为","行为经济","行为经济：模型均衡、假设与行为资料","「行为经济」中，模型均衡、假设与行为资料怎样对应本周的实际材料？","literature","inference;resources;governance","11","59","编辑审核完成；游戏分支，非专业资格目录","当前分支准备及新版本失效检查通过","本目录中名称唯一"
"economic-theory-6","经济理论与行为","实验经济","实验经济：模型均衡、假设与行为资料","「实验经济」中，模型均衡、假设与行为资料怎样对应本周的实际材料？","method","inference;resources;governance","11","59","编辑审核完成；游戏分支，非专业资格目录","当前分支准备及新版本失效检查通过","本目录中名称唯一"
"economic-theory-7","经济理论与行为","制度经济","制度经济：模型均衡、假设与行为资料","「制度经济」中，模型均衡、假设与行为资料怎样对应本周的实际材料？","record","inference;resources;governance","11","59","编辑审核完成；游戏分支，非专业资格目录","当前分支准备及新版本失效检查通过","本目录中名称唯一"
"economic-theory-8","经济理论与行为","政治经济","政治经济：模型均衡、假设与行为资料","「政治经济」中，模型均衡、假设与行为资料怎样对应本周的实际材料？","boundary","inference;resources;governance","11","59","编辑审核完成；游戏分支，非专业资格目录","当前分支准备及新版本失效检查通过","本目录中名称唯一"
"economic-theory-9","经济理论与行为","经济思想史","经济思想史：模型均衡、假设与行为资料","「经济思想史」中，模型均衡、假设与行为资料怎样对应本周的实际材料？","literature","inference;resources;governance","11","59","编辑审核完成；游戏分支，非专业资格目录","当前分支准备及新版本失效检查通过","本目录中名称唯一"
"economic-theory-10","经济理论与行为","不确定性决策","不确定性决策：模型均衡、假设与行为资料","「不确定性决策」中，模型均衡、假设与行为资料怎样对应本周的实际材料？","method","inference;resources;governance","11","59","编辑审核完成；游戏分支，非专业资格目录","当前分支准备及新版本失效检查通过","本目录中名称唯一"
"economic-theory-11","经济理论与行为","匹配与市场设计","匹配与市场设计：模型均衡、假设与行为资料","「匹配与市场设计」中，模型均衡、假设与行为资料怎样对应本周的实际材料？","record","inference;resources;governance","11","59","编辑审核完成；游戏分支，非专业资格目录","当前分支准备及新版本失效检查通过","本目录中名称唯一"
"economic-theory-12","经济理论与行为","经济网络","经济网络：模型均衡、假设与行为资料","「经济网络」中，模型均衡、假设与行为资料怎样对应本周的实际材料？","boundary","inference;resources;governance","11","59","编辑审核完成；游戏分支，非专业资格目录","当前分支准备及新版本失效检查通过","本目录中名称唯一"
"development-econ-1","发展与劳动经济","发展经济","发展经济：政策分配、样本范围与识别条件","「发展经济」中，政策分配、样本范围与识别条件怎样对应本周的实际材料？","literature","inference;resources;governance","11","62","编辑审核完成；游戏分支，非专业资格目录","当前分支准备及新版本失效检查通过","本目录中名称唯一"
"development-econ-2","发展与劳动经济","劳动市场","劳动市场：政策分配、样本范围与识别条件","「劳动市场」中，政策分配、样本范围与识别条件怎样对应本周的实际材料？","method","inference;resources;governance","11","62","编辑审核完成；游戏分支，非专业资格目录","当前分支准备及新版本失效检查通过","本目录中名称唯一"
"development-econ-3","发展与劳动经济","教育经济","教育经济：政策分配、样本范围与识别条件","「教育经济」中，政策分配、样本范围与识别条件怎样对应本周的实际材料？","record","inference;resources;governance","11","62","编辑审核完成；游戏分支，非专业资格目录","当前分支准备及新版本失效检查通过","本目录中名称唯一"
"development-econ-4","发展与劳动经济","人口经济","人口经济：政策分配、样本范围与识别条件","「人口经济」中，政策分配、样本范围与识别条件怎样对应本周的实际材料？","boundary","inference;resources;governance","11","62","编辑审核完成；游戏分支，非专业资格目录","当前分支准备及新版本失效检查通过","本目录中名称唯一"
"development-econ-5","发展与劳动经济","城乡发展","城乡发展：政策分配、样本范围与识别条件","「城乡发展」中，政策分配、样本范围与识别条件怎样对应本周的实际材料？","literature","inference;resources;governance","11","62","编辑审核完成；游戏分支，非专业资格目录","当前分支准备及新版本失效检查通过","本目录中名称唯一"
"development-econ-6","发展与劳动经济","迁移与收入","迁移与收入：政策分配、样本范围与识别条件","「迁移与收入」中，政策分配、样本范围与识别条件怎样对应本周的实际材料？","method","inference;resources;governance","11","62","编辑审核完成；游戏分支，非专业资格目录","当前分支准备及新版本失效检查通过","本目录中名称唯一"
"development-econ-7","发展与劳动经济","贫困与不平等","贫困与不平等：政策分配、样本范围与识别条件","「贫困与不平等」中，政策分配、样本范围与识别条件怎样对应本周的实际材料？","record","inference;resources;governance","11","62","编辑审核完成；游戏分支，非专业资格目录","当前分支准备及新版本失效检查通过","本目录中名称唯一"
"development-econ-8","发展与劳动经济","家庭经济","家庭经济：政策分配、样本范围与识别条件","「家庭经济」中，政策分配、样本范围与识别条件怎样对应本周的实际材料？","boundary","inference;resources;governance","11","62","编辑审核完成；游戏分支，非专业资格目录","当前分支准备及新版本失效检查通过","本目录中名称唯一"
"development-econ-9","发展与劳动经济","健康与劳动","健康与劳动：政策分配、样本范围与识别条件","「健康与劳动」中，政策分配、样本范围与识别条件怎样对应本周的实际材料？","literature","inference;resources;governance","11","62","编辑审核完成；游戏分支，非专业资格目录","当前分支准备及新版本失效检查通过","本目录中名称唯一"
"development-econ-10","发展与劳动经济","职业流动","职业流动：政策分配、样本范围与识别条件","「职业流动」中，政策分配、样本范围与识别条件怎样对应本周的实际材料？","method","inference;resources;governance","11","62","编辑审核完成；游戏分支，非专业资格目录","当前分支准备及新版本失效检查通过","本目录中名称唯一"
"development-econ-11","发展与劳动经济","区域发展","区域发展：政策分配、样本范围与识别条件","「区域发展」中，政策分配、样本范围与识别条件怎样对应本周的实际材料？","record","inference;resources;governance","11","62","编辑审核完成；游戏分支，非专业资格目录","当前分支准备及新版本失效检查通过","本目录中名称唯一"
"development-econ-12","发展与劳动经济","政策评价","政策评价：政策分配、样本范围与识别条件","「政策评价」中，政策分配、样本范围与识别条件怎样对应本周的实际材料？","boundary","inference;resources;governance","11","62","编辑审核完成；游戏分支，非专业资格目录","当前分支准备及新版本失效检查通过","共享主题，分属路线：publicadmin-9;development-econ-12"
"finance-studies-1","金融学","资产定价","资产定价：信息时间、风险口径与评价样本","「资产定价」中，信息时间、风险口径与评价样本怎样对应本周的实际材料？","literature","inference;resources;governance","11","59","编辑审核完成；游戏分支，非专业资格目录","当前分支准备及新版本失效检查通过","本目录中名称唯一"
"finance-studies-2","金融学","公司金融","公司金融：信息时间、风险口径与评价样本","「公司金融」中，信息时间、风险口径与评价样本怎样对应本周的实际材料？","method","inference;resources;governance","11","59","编辑审核完成；游戏分支，非专业资格目录","当前分支准备及新版本失效检查通过","本目录中名称唯一"
"finance-studies-3","金融学","金融市场","金融市场：信息时间、风险口径与评价样本","「金融市场」中，信息时间、风险口径与评价样本怎样对应本周的实际材料？","record","inference;resources;governance","11","59","编辑审核完成；游戏分支，非专业资格目录","当前分支准备及新版本失效检查通过","本目录中名称唯一"
"finance-studies-4","金融学","银行研究","银行研究：信息时间、风险口径与评价样本","「银行研究」中，信息时间、风险口径与评价样本怎样对应本周的实际材料？","boundary","inference;resources;governance","11","59","编辑审核完成；游戏分支，非专业资格目录","当前分支准备及新版本失效检查通过","本目录中名称唯一"
"finance-studies-5","金融学","保险经济","保险经济：信息时间、风险口径与评价样本","「保险经济」中，信息时间、风险口径与评价样本怎样对应本周的实际材料？","literature","inference;resources;governance","11","59","编辑审核完成；游戏分支，非专业资格目录","当前分支准备及新版本失效检查通过","本目录中名称唯一"
"finance-studies-6","金融学","风险度量","风险度量：信息时间、风险口径与评价样本","「风险度量」中，信息时间、风险口径与评价样本怎样对应本周的实际材料？","method","inference;resources;governance","11","59","编辑审核完成；游戏分支，非专业资格目录","当前分支准备及新版本失效检查通过","本目录中名称唯一"
"finance-studies-7","金融学","金融计量","金融计量：信息时间、风险口径与评价样本","「金融计量」中，信息时间、风险口径与评价样本怎样对应本周的实际材料？","record","inference;resources;governance","11","59","编辑审核完成；游戏分支，非专业资格目录","当前分支准备及新版本失效检查通过","本目录中名称唯一"
"finance-studies-8","金融学","行为金融","行为金融：信息时间、风险口径与评价样本","「行为金融」中，信息时间、风险口径与评价样本怎样对应本周的实际材料？","boundary","inference;resources;governance","11","59","编辑审核完成；游戏分支，非专业资格目录","当前分支准备及新版本失效检查通过","本目录中名称唯一"
"finance-studies-9","金融学","金融科技","金融科技：信息时间、风险口径与评价样本","「金融科技」中，信息时间、风险口径与评价样本怎样对应本周的实际材料？","literature","inference;resources;governance","11","59","编辑审核完成；游戏分支，非专业资格目录","当前分支准备及新版本失效检查通过","本目录中名称唯一"
"finance-studies-10","金融学","国际金融","国际金融：信息时间、风险口径与评价样本","「国际金融」中，信息时间、风险口径与评价样本怎样对应本周的实际材料？","method","inference;resources;governance","11","59","编辑审核完成；游戏分支，非专业资格目录","当前分支准备及新版本失效检查通过","本目录中名称唯一"
"finance-studies-11","金融学","家庭金融","家庭金融：信息时间、风险口径与评价样本","「家庭金融」中，信息时间、风险口径与评价样本怎样对应本周的实际材料？","record","inference;resources;governance","11","59","编辑审核完成；游戏分支，非专业资格目录","当前分支准备及新版本失效检查通过","本目录中名称唯一"
"finance-studies-12","金融学","金融史","金融史：信息时间、风险口径与评价样本","「金融史」中，信息时间、风险口径与评价样本怎样对应本周的实际材料？","boundary","inference;resources;governance","11","59","编辑审核完成；游戏分支，非专业资格目录","当前分支准备及新版本失效检查通过","本目录中名称唯一"
"trade-econ-1","国际与产业经济","国际贸易","国际贸易：企业层次、市场范围与比较条件","「国际贸易」中，企业层次、市场范围与比较条件怎样对应本周的实际材料？","literature","inference;resources;governance","11","62","编辑审核完成；游戏分支，非专业资格目录","当前分支准备及新版本失效检查通过","共享主题，分属路线：economics-7;trade-econ-1"
"trade-econ-2","国际与产业经济","国际投资","国际投资：企业层次、市场范围与比较条件","「国际投资」中，企业层次、市场范围与比较条件怎样对应本周的实际材料？","method","inference;resources;governance","11","62","编辑审核完成；游戏分支，非专业资格目录","当前分支准备及新版本失效检查通过","本目录中名称唯一"
"trade-econ-3","国际与产业经济","产业组织","产业组织：企业层次、市场范围与比较条件","「产业组织」中，企业层次、市场范围与比较条件怎样对应本周的实际材料？","record","inference;resources;governance","11","62","编辑审核完成；游戏分支，非专业资格目录","当前分支准备及新版本失效检查通过","共享主题，分属路线：economics-6;trade-econ-3"
"trade-econ-4","国际与产业经济","企业生产率","企业生产率：企业层次、市场范围与比较条件","「企业生产率」中，企业层次、市场范围与比较条件怎样对应本周的实际材料？","boundary","inference;resources;governance","11","62","编辑审核完成；游戏分支，非专业资格目录","当前分支准备及新版本失效检查通过","本目录中名称唯一"
"trade-econ-5","国际与产业经济","全球价值链","全球价值链：企业层次、市场范围与比较条件","「全球价值链」中，企业层次、市场范围与比较条件怎样对应本周的实际材料？","literature","inference;resources;governance","11","62","编辑审核完成；游戏分支，非专业资格目录","当前分支准备及新版本失效检查通过","本目录中名称唯一"
"trade-econ-6","国际与产业经济","数字贸易","数字贸易：企业层次、市场范围与比较条件","「数字贸易」中，企业层次、市场范围与比较条件怎样对应本周的实际材料？","method","inference;resources;governance","11","62","编辑审核完成；游戏分支，非专业资格目录","当前分支准备及新版本失效检查通过","本目录中名称唯一"
"trade-econ-7","国际与产业经济","服务贸易","服务贸易：企业层次、市场范围与比较条件","「服务贸易」中，企业层次、市场范围与比较条件怎样对应本周的实际材料？","record","inference;resources;governance","11","62","编辑审核完成；游戏分支，非专业资格目录","当前分支准备及新版本失效检查通过","本目录中名称唯一"
"trade-econ-8","国际与产业经济","竞争与监管","竞争与监管：企业层次、市场范围与比较条件","「竞争与监管」中，企业层次、市场范围与比较条件怎样对应本周的实际材料？","boundary","inference;resources;governance","11","62","编辑审核完成；游戏分支，非专业资格目录","当前分支准备及新版本失效检查通过","本目录中名称唯一"
"trade-econ-9","国际与产业经济","技术创新","技术创新：企业层次、市场范围与比较条件","「技术创新」中，企业层次、市场范围与比较条件怎样对应本周的实际材料？","literature","inference;resources;governance","11","62","编辑审核完成；游戏分支，非专业资格目录","当前分支准备及新版本失效检查通过","本目录中名称唯一"
"trade-econ-10","国际与产业经济","产业转型","产业转型：企业层次、市场范围与比较条件","「产业转型」中，企业层次、市场范围与比较条件怎样对应本周的实际材料？","method","inference;resources;governance","11","62","编辑审核完成；游戏分支，非专业资格目录","当前分支准备及新版本失效检查通过","本目录中名称唯一"
"trade-econ-11","国际与产业经济","贸易史","贸易史：企业层次、市场范围与比较条件","「贸易史」中，企业层次、市场范围与比较条件怎样对应本周的实际材料？","record","inference;resources;governance","11","62","编辑审核完成；游戏分支，非专业资格目录","当前分支准备及新版本失效检查通过","本目录中名称唯一"
"trade-econ-12","国际与产业经济","开放与就业","开放与就业：企业层次、市场范围与比较条件","「开放与就业」中，企业层次、市场范围与比较条件怎样对应本周的实际材料？","boundary","inference;resources;governance","11","62","编辑审核完成；游戏分支，非专业资格目录","当前分支准备及新版本失效检查通过","本目录中名称唯一"
"resource-econ-1","公共与资源经济","财政与税收","财政与税收：评价边界、资源取舍与受益差异","「财政与税收」中，评价边界、资源取舍与受益差异怎样对应本周的实际材料？","literature","inference;resources;governance","11","62","编辑审核完成；游戏分支，非专业资格目录","当前分支准备及新版本失效检查通过","本目录中名称唯一"
"resource-econ-2","公共与资源经济","公共支出","公共支出：评价边界、资源取舍与受益差异","「公共支出」中，评价边界、资源取舍与受益差异怎样对应本周的实际材料？","method","inference;resources;governance","11","62","编辑审核完成；游戏分支，非专业资格目录","当前分支准备及新版本失效检查通过","本目录中名称唯一"
"resource-econ-3","公共与资源经济","环境经济","环境经济：评价边界、资源取舍与受益差异","「环境经济」中，评价边界、资源取舍与受益差异怎样对应本周的实际材料？","record","inference;resources;governance","11","62","编辑审核完成；游戏分支，非专业资格目录","当前分支准备及新版本失效检查通过","本目录中名称唯一"
"resource-econ-4","公共与资源经济","资源经济","资源经济：评价边界、资源取舍与受益差异","「资源经济」中，评价边界、资源取舍与受益差异怎样对应本周的实际材料？","boundary","inference;resources;governance","11","62","编辑审核完成；游戏分支，非专业资格目录","当前分支准备及新版本失效检查通过","本目录中名称唯一"
"resource-econ-5","公共与资源经济","能源经济","能源经济：评价边界、资源取舍与受益差异","「能源经济」中，评价边界、资源取舍与受益差异怎样对应本周的实际材料？","literature","inference;resources;governance","11","62","编辑审核完成；游戏分支，非专业资格目录","当前分支准备及新版本失效检查通过","共享主题，分属路线：energy-8;resource-econ-5"
"resource-econ-6","公共与资源经济","农业经济","农业经济：评价边界、资源取舍与受益差异","「农业经济」中，评价边界、资源取舍与受益差异怎样对应本周的实际材料？","method","inference;resources;governance","11","62","编辑审核完成；游戏分支，非专业资格目录","当前分支准备及新版本失效检查通过","共享主题，分属路线：agriculture-8;resource-econ-6"
"resource-econ-7","公共与资源经济","城市经济","城市经济：评价边界、资源取舍与受益差异","「城市经济」中，评价边界、资源取舍与受益差异怎样对应本周的实际材料？","record","inference;resources;governance","11","62","编辑审核完成；游戏分支，非专业资格目录","当前分支准备及新版本失效检查通过","本目录中名称唯一"
"resource-econ-8","公共与资源经济","交通经济","交通经济：评价边界、资源取舍与受益差异","「交通经济」中，评价边界、资源取舍与受益差异怎样对应本周的实际材料？","boundary","inference;resources;governance","11","62","编辑审核完成；游戏分支，非专业资格目录","当前分支准备及新版本失效检查通过","本目录中名称唯一"
"resource-econ-9","公共与资源经济","气候政策评价","气候政策评价：评价边界、资源取舍与受益差异","「气候政策评价」中，评价边界、资源取舍与受益差异怎样对应本周的实际材料？","literature","inference;resources;governance","11","62","编辑审核完成；游戏分支，非专业资格目录","当前分支准备及新版本失效检查通过","本目录中名称唯一"
"resource-econ-10","公共与资源经济","公共服务需求","公共服务需求：评价边界、资源取舍与受益差异","「公共服务需求」中，评价边界、资源取舍与受益差异怎样对应本周的实际材料？","method","inference;resources;governance","11","62","编辑审核完成；游戏分支，非专业资格目录","当前分支准备及新版本失效检查通过","本目录中名称唯一"
"resource-econ-11","公共与资源经济","外部性研究","外部性研究：评价边界、资源取舍与受益差异","「外部性研究」中，评价边界、资源取舍与受益差异怎样对应本周的实际材料？","record","inference;resources;governance","11","62","编辑审核完成；游戏分支，非专业资格目录","当前分支准备及新版本失效检查通过","本目录中名称唯一"
"resource-econ-12","公共与资源经济","公共选择","公共选择：评价边界、资源取舍与受益差异","「公共选择」中，评价边界、资源取舍与受益差异怎样对应本周的实际材料？","boundary","inference;resources;governance","11","62","编辑审核完成；游戏分支，非专业资格目录","当前分支准备及新版本失效检查通过","本目录中名称唯一"
"civil-law-1","民商法学","民法总论","民法总论：事实关系、规范效力与适用范围","「民法总论」中，事实关系、规范效力与适用范围怎样对应本周的实际材料？","literature","governance;ethics;text","11","83","编辑审核完成；游戏分支，非专业资格目录","当前分支准备及新版本失效检查通过","本目录中名称唯一"
"civil-law-2","民商法学","合同法","合同法：事实关系、规范效力与适用范围","「合同法」中，事实关系、规范效力与适用范围怎样对应本周的实际材料？","method","governance;ethics;text","11","83","编辑审核完成；游戏分支，非专业资格目录","当前分支准备及新版本失效检查通过","本目录中名称唯一"
"civil-law-3","民商法学","物权法","物权法：事实关系、规范效力与适用范围","「物权法」中，事实关系、规范效力与适用范围怎样对应本周的实际材料？","record","governance;ethics;text","11","83","编辑审核完成；游戏分支，非专业资格目录","当前分支准备及新版本失效检查通过","本目录中名称唯一"
"civil-law-4","民商法学","侵权责任","侵权责任：事实关系、规范效力与适用范围","「侵权责任」中，事实关系、规范效力与适用范围怎样对应本周的实际材料？","boundary","governance;ethics;text","11","83","编辑审核完成；游戏分支，非专业资格目录","当前分支准备及新版本失效检查通过","本目录中名称唯一"
"civil-law-5","民商法学","公司法","公司法：事实关系、规范效力与适用范围","「公司法」中，事实关系、规范效力与适用范围怎样对应本周的实际材料？","literature","governance;ethics;text","11","83","编辑审核完成；游戏分支，非专业资格目录","当前分支准备及新版本失效检查通过","本目录中名称唯一"
"civil-law-6","民商法学","证券法研究","证券法研究：事实关系、规范效力与适用范围","「证券法研究」中，事实关系、规范效力与适用范围怎样对应本周的实际材料？","method","governance;ethics;text","11","83","编辑审核完成；游戏分支，非专业资格目录","当前分支准备及新版本失效检查通过","本目录中名称唯一"
"civil-law-7","民商法学","破产法","破产法：事实关系、规范效力与适用范围","「破产法」中，事实关系、规范效力与适用范围怎样对应本周的实际材料？","record","governance;ethics;text","11","83","编辑审核完成；游戏分支，非专业资格目录","当前分支准备及新版本失效检查通过","本目录中名称唯一"
"civil-law-8","民商法学","保险法研究","保险法研究：事实关系、规范效力与适用范围","「保险法研究」中，事实关系、规范效力与适用范围怎样对应本周的实际材料？","boundary","governance;ethics;text","11","83","编辑审核完成；游戏分支，非专业资格目录","当前分支准备及新版本失效检查通过","本目录中名称唯一"
"civil-law-9","民商法学","知识产权","知识产权：事实关系、规范效力与适用范围","「知识产权」中，事实关系、规范效力与适用范围怎样对应本周的实际材料？","literature","governance;ethics;text","11","83","编辑审核完成；游戏分支，非专业资格目录","当前分支准备及新版本失效检查通过","共享主题，分属路线：law-7;civil-law-9"
"civil-law-10","民商法学","家庭与继承","家庭与继承：事实关系、规范效力与适用范围","「家庭与继承」中，事实关系、规范效力与适用范围怎样对应本周的实际材料？","method","governance;ethics;text","11","83","编辑审核完成；游戏分支，非专业资格目录","当前分支准备及新版本失效检查通过","本目录中名称唯一"
"civil-law-11","民商法学","消费者保护","消费者保护：事实关系、规范效力与适用范围","「消费者保护」中，事实关系、规范效力与适用范围怎样对应本周的实际材料？","record","governance;ethics;text","11","83","编辑审核完成；游戏分支，非专业资格目录","当前分支准备及新版本失效检查通过","本目录中名称唯一"
"civil-law-12","民商法学","数字交易法","数字交易法：事实关系、规范效力与适用范围","「数字交易法」中，事实关系、规范效力与适用范围怎样对应本周的实际材料？","boundary","governance;ethics;text","11","83","编辑审核完成；游戏分支，非专业资格目录","当前分支准备及新版本失效检查通过","本目录中名称唯一"
"criminal-law-1","刑事法学","刑法理论","刑法理论：规范论证、案件事实与程序条件","「刑法理论」中，规范论证、案件事实与程序条件怎样对应本周的实际材料？","literature","governance;ethics;text","11","83","编辑审核完成；游戏分支，非专业资格目录","当前分支准备及新版本失效检查通过","本目录中名称唯一"
"criminal-law-2","刑事法学","刑法史","刑法史：规范论证、案件事实与程序条件","「刑法史」中，规范论证、案件事实与程序条件怎样对应本周的实际材料？","method","governance;ethics;text","11","83","编辑审核完成；游戏分支，非专业资格目录","当前分支准备及新版本失效检查通过","本目录中名称唯一"
"criminal-law-3","刑事法学","刑事政策","刑事政策：规范论证、案件事实与程序条件","「刑事政策」中，规范论证、案件事实与程序条件怎样对应本周的实际材料？","record","governance;ethics;text","11","83","编辑审核完成；游戏分支，非专业资格目录","当前分支准备及新版本失效检查通过","本目录中名称唯一"
"criminal-law-4","刑事法学","刑事诉讼","刑事诉讼：规范论证、案件事实与程序条件","「刑事诉讼」中，规范论证、案件事实与程序条件怎样对应本周的实际材料？","boundary","governance;ethics;text","11","83","编辑审核完成；游戏分支，非专业资格目录","当前分支准备及新版本失效检查通过","本目录中名称唯一"
"criminal-law-5","刑事法学","证据研究","证据研究：规范论证、案件事实与程序条件","「证据研究」中，规范论证、案件事实与程序条件怎样对应本周的实际材料？","literature","governance;ethics;text","11","83","编辑审核完成；游戏分支，非专业资格目录","当前分支准备及新版本失效检查通过","本目录中名称唯一"
"criminal-law-6","刑事法学","犯罪学","犯罪学：规范论证、案件事实与程序条件","「犯罪学」中，规范论证、案件事实与程序条件怎样对应本周的实际材料？","method","governance;ethics;text","11","83","编辑审核完成；游戏分支，非专业资格目录","当前分支准备及新版本失效检查通过","本目录中名称唯一"
"criminal-law-7","刑事法学","少年司法","少年司法：规范论证、案件事实与程序条件","「少年司法」中，规范论证、案件事实与程序条件怎样对应本周的实际材料？","record","governance;ethics;text","11","83","编辑审核完成；游戏分支，非专业资格目录","当前分支准备及新版本失效检查通过","本目录中名称唯一"
"criminal-law-8","刑事法学","刑罚理论","刑罚理论：规范论证、案件事实与程序条件","「刑罚理论」中，规范论证、案件事实与程序条件怎样对应本周的实际材料？","boundary","governance;ethics;text","11","83","编辑审核完成；游戏分支，非专业资格目录","当前分支准备及新版本失效检查通过","本目录中名称唯一"
"criminal-law-9","刑事法学","司法案例","司法案例：规范论证、案件事实与程序条件","「司法案例」中，规范论证、案件事实与程序条件怎样对应本周的实际材料？","literature","governance;ethics;text","11","83","编辑审核完成；游戏分支，非专业资格目录","当前分支准备及新版本失效检查通过","本目录中名称唯一"
"criminal-law-10","刑事法学","比较刑法","比较刑法：规范论证、案件事实与程序条件","「比较刑法」中，规范论证、案件事实与程序条件怎样对应本周的实际材料？","method","governance;ethics;text","11","83","编辑审核完成；游戏分支，非专业资格目录","当前分支准备及新版本失效检查通过","本目录中名称唯一"
"criminal-law-11","刑事法学","刑事司法治理","刑事司法治理：规范论证、案件事实与程序条件","「刑事司法治理」中，规范论证、案件事实与程序条件怎样对应本周的实际材料？","record","governance;ethics;text","11","83","编辑审核完成；游戏分支，非专业资格目录","当前分支准备及新版本失效检查通过","本目录中名称唯一"
"criminal-law-12","刑事法学","刑事法教育","刑事法教育：规范论证、案件事实与程序条件","「刑事法教育」中，规范论证、案件事实与程序条件怎样对应本周的实际材料？","boundary","governance;ethics;text","11","83","编辑审核完成；游戏分支，非专业资格目录","当前分支准备及新版本失效检查通过","本目录中名称唯一"
"constitutional-law-1","宪法与行政法","宪法理论","宪法理论：权力依据、程序与权利边界","「宪法理论」中，权力依据、程序与权利边界怎样对应本周的实际材料？","literature","governance;ethics;text","11","83","编辑审核完成；游戏分支，非专业资格目录","当前分支准备及新版本失效检查通过","本目录中名称唯一"
"constitutional-law-2","宪法与行政法","基本权利","基本权利：权力依据、程序与权利边界","「基本权利」中，权力依据、程序与权利边界怎样对应本周的实际材料？","method","governance;ethics;text","11","83","编辑审核完成；游戏分支，非专业资格目录","当前分支准备及新版本失效检查通过","本目录中名称唯一"
"constitutional-law-3","宪法与行政法","行政法理论","行政法理论：权力依据、程序与权利边界","「行政法理论」中，权力依据、程序与权利边界怎样对应本周的实际材料？","record","governance;ethics;text","11","83","编辑审核完成；游戏分支，非专业资格目录","当前分支准备及新版本失效检查通过","本目录中名称唯一"
"constitutional-law-4","宪法与行政法","行政程序","行政程序：权力依据、程序与权利边界","「行政程序」中，权力依据、程序与权利边界怎样对应本周的实际材料？","boundary","governance;ethics;text","11","83","编辑审核完成；游戏分支，非专业资格目录","当前分支准备及新版本失效检查通过","本目录中名称唯一"
"constitutional-law-5","宪法与行政法","行政诉讼","行政诉讼：权力依据、程序与权利边界","「行政诉讼」中，权力依据、程序与权利边界怎样对应本周的实际材料？","literature","governance;ethics;text","11","83","编辑审核完成；游戏分支，非专业资格目录","当前分支准备及新版本失效检查通过","本目录中名称唯一"
"constitutional-law-6","宪法与行政法","公共机构治理","公共机构治理：权力依据、程序与权利边界","「公共机构治理」中，权力依据、程序与权利边界怎样对应本周的实际材料？","method","governance;ethics;text","11","83","编辑审核完成；游戏分支，非专业资格目录","当前分支准备及新版本失效检查通过","本目录中名称唯一"
"constitutional-law-7","宪法与行政法","地方制度","地方制度：权力依据、程序与权利边界","「地方制度」中，权力依据、程序与权利边界怎样对应本周的实际材料？","record","governance;ethics;text","11","83","编辑审核完成；游戏分支，非专业资格目录","当前分支准备及新版本失效检查通过","本目录中名称唯一"
"constitutional-law-8","宪法与行政法","比较宪法","比较宪法：权力依据、程序与权利边界","「比较宪法」中，权力依据、程序与权利边界怎样对应本周的实际材料？","boundary","governance;ethics;text","11","83","编辑审核完成；游戏分支，非专业资格目录","当前分支准备及新版本失效检查通过","本目录中名称唯一"
"constitutional-law-9","宪法与行政法","法治评价","法治评价：权力依据、程序与权利边界","「法治评价」中，权力依据、程序与权利边界怎样对应本周的实际材料？","literature","governance;ethics;text","11","83","编辑审核完成；游戏分支，非专业资格目录","当前分支准备及新版本失效检查通过","本目录中名称唯一"
"constitutional-law-10","宪法与行政法","信息公开研究","信息公开研究：权力依据、程序与权利边界","「信息公开研究」中，权力依据、程序与权利边界怎样对应本周的实际材料？","method","governance;ethics;text","11","83","编辑审核完成；游戏分支，非专业资格目录","当前分支准备及新版本失效检查通过","本目录中名称唯一"
"constitutional-law-11","宪法与行政法","公共服务法","公共服务法：权力依据、程序与权利边界","「公共服务法」中，权力依据、程序与权利边界怎样对应本周的实际材料？","record","governance;ethics;text","11","83","编辑审核完成；游戏分支，非专业资格目录","当前分支准备及新版本失效检查通过","本目录中名称唯一"
"constitutional-law-12","宪法与行政法","数字行政","数字行政：权力依据、程序与权利边界","「数字行政」中，权力依据、程序与权利边界怎样对应本周的实际材料？","boundary","governance;ethics;text","11","83","编辑审核完成；游戏分支，非专业资格目录","当前分支准备及新版本失效检查通过","本目录中名称唯一"
"international-law-1","国际与比较法","国际公法","国际公法：法域、适用规则与材料出处","「国际公法」中，法域、适用规则与材料出处怎样对应本周的实际材料？","literature","governance;ethics;text","11","83","编辑审核完成；游戏分支，非专业资格目录","当前分支准备及新版本失效检查通过","本目录中名称唯一"
"international-law-2","国际与比较法","国际私法","国际私法：法域、适用规则与材料出处","「国际私法」中，法域、适用规则与材料出处怎样对应本周的实际材料？","method","governance;ethics;text","11","83","编辑审核完成；游戏分支，非专业资格目录","当前分支准备及新版本失效检查通过","本目录中名称唯一"
"international-law-3","国际与比较法","国际经济法","国际经济法：法域、适用规则与材料出处","「国际经济法」中，法域、适用规则与材料出处怎样对应本周的实际材料？","record","governance;ethics;text","11","83","编辑审核完成；游戏分支，非专业资格目录","当前分支准备及新版本失效检查通过","本目录中名称唯一"
"international-law-4","国际与比较法","国际组织法","国际组织法：法域、适用规则与材料出处","「国际组织法」中，法域、适用规则与材料出处怎样对应本周的实际材料？","boundary","governance;ethics;text","11","83","编辑审核完成；游戏分支，非专业资格目录","当前分支准备及新版本失效检查通过","本目录中名称唯一"
"international-law-5","国际与比较法","国际环境法","国际环境法：法域、适用规则与材料出处","「国际环境法」中，法域、适用规则与材料出处怎样对应本周的实际材料？","literature","governance;ethics;text","11","83","编辑审核完成；游戏分支，非专业资格目录","当前分支准备及新版本失效检查通过","本目录中名称唯一"
"international-law-6","国际与比较法","国际争端研究","国际争端研究：法域、适用规则与材料出处","「国际争端研究」中，法域、适用规则与材料出处怎样对应本周的实际材料？","method","governance;ethics;text","11","83","编辑审核完成；游戏分支，非专业资格目录","当前分支准备及新版本失效检查通过","本目录中名称唯一"
"international-law-7","国际与比较法","比较民法","比较民法：法域、适用规则与材料出处","「比较民法」中，法域、适用规则与材料出处怎样对应本周的实际材料？","record","governance;ethics;text","11","83","编辑审核完成；游戏分支，非专业资格目录","当前分支准备及新版本失效检查通过","本目录中名称唯一"
"international-law-8","国际与比较法","比较公法","比较公法：法域、适用规则与材料出处","「比较公法」中，法域、适用规则与材料出处怎样对应本周的实际材料？","boundary","governance;ethics;text","11","83","编辑审核完成；游戏分支，非专业资格目录","当前分支准备及新版本失效检查通过","本目录中名称唯一"
"international-law-9","国际与比较法","跨境法律关系","跨境法律关系：法域、适用规则与材料出处","「跨境法律关系」中，法域、适用规则与材料出处怎样对应本周的实际材料？","literature","governance;ethics;text","11","83","编辑审核完成；游戏分支，非专业资格目录","当前分支准备及新版本失效检查通过","本目录中名称唯一"
"international-law-10","国际与比较法","区域法律制度","区域法律制度：法域、适用规则与材料出处","「区域法律制度」中，法域、适用规则与材料出处怎样对应本周的实际材料？","method","governance;ethics;text","11","83","编辑审核完成；游戏分支，非专业资格目录","当前分支准备及新版本失效检查通过","本目录中名称唯一"
"international-law-11","国际与比较法","国际法史","国际法史：法域、适用规则与材料出处","「国际法史」中，法域、适用规则与材料出处怎样对应本周的实际材料？","record","governance;ethics;text","11","83","编辑审核完成；游戏分支，非专业资格目录","当前分支准备及新版本失效检查通过","本目录中名称唯一"
"international-law-12","国际与比较法","法律翻译","法律翻译：法域、适用规则与材料出处","「法律翻译」中，法域、适用规则与材料出处怎样对应本周的实际材料？","boundary","governance;ethics;text","11","83","编辑审核完成；游戏分支，非专业资格目录","当前分支准备及新版本失效检查通过","本目录中名称唯一"
"law-society-1","法社会学与法学方法","法律经验研究","法律经验研究：规范判断与经验材料分别论证","「法律经验研究」中，规范判断与经验材料分别论证怎样对应本周的实际材料？","literature","governance;ethics;text","11","76","编辑审核完成；游戏分支，非专业资格目录","当前分支准备及新版本失效检查通过","本目录中名称唯一"
"law-society-2","法社会学与法学方法","司法社会学","司法社会学：规范判断与经验材料分别论证","「司法社会学」中，规范判断与经验材料分别论证怎样对应本周的实际材料？","method","governance;ethics;text","11","76","编辑审核完成；游戏分支，非专业资格目录","当前分支准备及新版本失效检查通过","本目录中名称唯一"
"law-society-3","法社会学与法学方法","法律职业","法律职业：规范判断与经验材料分别论证","「法律职业」中，规范判断与经验材料分别论证怎样对应本周的实际材料？","record","governance;ethics;text","11","76","编辑审核完成；游戏分支，非专业资格目录","当前分支准备及新版本失效检查通过","本目录中名称唯一"
"law-society-4","法社会学与法学方法","法律意识","法律意识：规范判断与经验材料分别论证","「法律意识」中，规范判断与经验材料分别论证怎样对应本周的实际材料？","boundary","governance;ethics;text","11","76","编辑审核完成；游戏分支，非专业资格目录","当前分支准备及新版本失效检查通过","本目录中名称唯一"
"law-society-5","法社会学与法学方法","法制史","法制史：规范判断与经验材料分别论证","「法制史」中，规范判断与经验材料分别论证怎样对应本周的实际材料？","literature","governance;ethics;text","11","76","编辑审核完成；游戏分支，非专业资格目录","当前分支准备及新版本失效检查通过","本目录中名称唯一"
"law-society-6","法社会学与法学方法","法哲学","法哲学：规范判断与经验材料分别论证","「法哲学」中，规范判断与经验材料分别论证怎样对应本周的实际材料？","method","governance;ethics;text","11","76","编辑审核完成；游戏分支，非专业资格目录","当前分支准备及新版本失效检查通过","本目录中名称唯一"
"law-society-7","法社会学与法学方法","法律解释","法律解释：规范判断与经验材料分别论证","「法律解释」中，规范判断与经验材料分别论证怎样对应本周的实际材料？","record","governance;ethics;text","11","76","编辑审核完成；游戏分支，非专业资格目录","当前分支准备及新版本失效检查通过","本目录中名称唯一"
"law-society-8","法社会学与法学方法","法律与技术","法律与技术：规范判断与经验材料分别论证","「法律与技术」中，规范判断与经验材料分别论证怎样对应本周的实际材料？","boundary","governance;ethics;text","11","76","编辑审核完成；游戏分支，非专业资格目录","当前分支准备及新版本失效检查通过","本目录中名称唯一"
"law-society-9","法社会学与法学方法","纠纷解决","纠纷解决：规范判断与经验材料分别论证","「纠纷解决」中，规范判断与经验材料分别论证怎样对应本周的实际材料？","literature","governance;ethics;text","11","76","编辑审核完成；游戏分支，非专业资格目录","当前分支准备及新版本失效检查通过","本目录中名称唯一"
"law-society-10","法社会学与法学方法","法律服务","法律服务：规范判断与经验材料分别论证","「法律服务」中，规范判断与经验材料分别论证怎样对应本周的实际材料？","method","governance;ethics;text","11","76","编辑审核完成；游戏分支，非专业资格目录","当前分支准备及新版本失效检查通过","本目录中名称唯一"
"law-society-11","法社会学与法学方法","法学文献方法","法学文献方法：规范判断与经验材料分别论证","「法学文献方法」中，规范判断与经验材料分别论证怎样对应本周的实际材料？","record","governance;ethics;text","11","76","编辑审核完成；游戏分支，非专业资格目录","当前分支准备及新版本失效检查通过","本目录中名称唯一"
"law-society-12","法社会学与法学方法","法律教育","法律教育：规范判断与经验材料分别论证","「法律教育」中，规范判断与经验材料分别论证怎样对应本周的实际材料？","boundary","governance;ethics;text","11","76","编辑审核完成；游戏分支，非专业资格目录","当前分支准备及新版本失效检查通过","本目录中名称唯一"
"education-theory-1","教育学原理与教育史","教育哲学","教育哲学：教育目标、历史语境与制度条件","「教育哲学」中，教育目标、历史语境与制度条件怎样对应本周的实际材料？","literature","learning;interaction;inference","11","62","编辑审核完成；游戏分支，非专业资格目录","当前分支准备及新版本失效检查通过","本目录中名称唯一"
"education-theory-2","教育学原理与教育史","教育社会学","教育社会学：教育目标、历史语境与制度条件","「教育社会学」中，教育目标、历史语境与制度条件怎样对应本周的实际材料？","method","learning;interaction;inference","11","62","编辑审核完成；游戏分支，非专业资格目录","当前分支准备及新版本失效检查通过","本目录中名称唯一"
"education-theory-3","教育学原理与教育史","教育史","教育史：教育目标、历史语境与制度条件","「教育史」中，教育目标、历史语境与制度条件怎样对应本周的实际材料？","record","learning;interaction;inference","11","62","编辑审核完成；游戏分支，非专业资格目录","当前分支准备及新版本失效检查通过","本目录中名称唯一"
"education-theory-4","教育学原理与教育史","比较教育","比较教育：教育目标、历史语境与制度条件","「比较教育」中，教育目标、历史语境与制度条件怎样对应本周的实际材料？","boundary","learning;interaction;inference","11","62","编辑审核完成；游戏分支，非专业资格目录","当前分支准备及新版本失效检查通过","本目录中名称唯一"
"education-theory-5","教育学原理与教育史","教育制度","教育制度：教育目标、历史语境与制度条件","「教育制度」中，教育目标、历史语境与制度条件怎样对应本周的实际材料？","literature","learning;interaction;inference","11","62","编辑审核完成；游戏分支，非专业资格目录","当前分支准备及新版本失效检查通过","本目录中名称唯一"
"education-theory-6","教育学原理与教育史","教育公平","教育公平：教育目标、历史语境与制度条件","「教育公平」中，教育目标、历史语境与制度条件怎样对应本周的实际材料？","method","learning;interaction;inference","11","62","编辑审核完成；游戏分支，非专业资格目录","当前分支准备及新版本失效检查通过","本目录中名称唯一"
"education-theory-7","教育学原理与教育史","教育伦理","教育伦理：教育目标、历史语境与制度条件","「教育伦理」中，教育目标、历史语境与制度条件怎样对应本周的实际材料？","record","learning;interaction;inference","11","62","编辑审核完成；游戏分支，非专业资格目录","当前分支准备及新版本失效检查通过","本目录中名称唯一"
"education-theory-8","教育学原理与教育史","家庭教育","家庭教育：教育目标、历史语境与制度条件","「家庭教育」中，教育目标、历史语境与制度条件怎样对应本周的实际材料？","boundary","learning;interaction;inference","11","62","编辑审核完成；游戏分支，非专业资格目录","当前分支准备及新版本失效检查通过","本目录中名称唯一"
"education-theory-9","教育学原理与教育史","学校文化","学校文化：教育目标、历史语境与制度条件","「学校文化」中，教育目标、历史语境与制度条件怎样对应本周的实际材料？","literature","learning;interaction;inference","11","62","编辑审核完成；游戏分支，非专业资格目录","当前分支准备及新版本失效检查通过","本目录中名称唯一"
"education-theory-10","教育学原理与教育史","教育思想史","教育思想史：教育目标、历史语境与制度条件","「教育思想史」中，教育目标、历史语境与制度条件怎样对应本周的实际材料？","method","learning;interaction;inference","11","62","编辑审核完成；游戏分支，非专业资格目录","当前分支准备及新版本失效检查通过","本目录中名称唯一"
"education-theory-11","教育学原理与教育史","教育政策史","教育政策史：教育目标、历史语境与制度条件","「教育政策史」中，教育目标、历史语境与制度条件怎样对应本周的实际材料？","record","learning;interaction;inference","11","62","编辑审核完成；游戏分支，非专业资格目录","当前分支准备及新版本失效检查通过","本目录中名称唯一"
"education-theory-12","教育学原理与教育史","教育知识论","教育知识论：教育目标、历史语境与制度条件","「教育知识论」中，教育目标、历史语境与制度条件怎样对应本周的实际材料？","boundary","learning;interaction;inference","11","62","编辑审核完成；游戏分支，非专业资格目录","当前分支准备及新版本失效检查通过","本目录中名称唯一"
"curriculum-studies-1","课程与教学论","课程理论","课程理论：教学目标与实际课堂证据","「课程理论」中，教学目标与实际课堂证据怎样对应本周的实际材料？","literature","learning;interaction;inference","11","64","编辑审核完成；游戏分支，非专业资格目录","当前分支准备及新版本失效检查通过","本目录中名称唯一"
"curriculum-studies-2","课程与教学论","教学设计","教学设计：教学目标与实际课堂证据","「教学设计」中，教学目标与实际课堂证据怎样对应本周的实际材料？","method","learning;interaction;inference","11","64","编辑审核完成；游戏分支，非专业资格目录","当前分支准备及新版本失效检查通过","本目录中名称唯一"
"curriculum-studies-3","课程与教学论","课堂研究","课堂研究：教学目标与实际课堂证据","「课堂研究」中，教学目标与实际课堂证据怎样对应本周的实际材料？","record","learning;interaction;inference","11","64","编辑审核完成；游戏分支，非专业资格目录","当前分支准备及新版本失效检查通过","本目录中名称唯一"
"curriculum-studies-4","课程与教学论","学科教学","学科教学：教学目标与实际课堂证据","「学科教学」中，教学目标与实际课堂证据怎样对应本周的实际材料？","boundary","learning;interaction;inference","11","64","编辑审核完成；游戏分支，非专业资格目录","当前分支准备及新版本失效检查通过","本目录中名称唯一"
"curriculum-studies-5","课程与教学论","教材分析","教材分析：教学目标与实际课堂证据","「教材分析」中，教学目标与实际课堂证据怎样对应本周的实际材料？","literature","learning;interaction;inference","11","64","编辑审核完成；游戏分支，非专业资格目录","当前分支准备及新版本失效检查通过","本目录中名称唯一"
"curriculum-studies-6","课程与教学论","教师反馈","教师反馈：教学目标与实际课堂证据","「教师反馈」中，教学目标与实际课堂证据怎样对应本周的实际材料？","method","learning;interaction;inference","11","64","编辑审核完成；游戏分支，非专业资格目录","当前分支准备及新版本失效检查通过","本目录中名称唯一"
"curriculum-studies-7","课程与教学论","学习评价","学习评价：教学目标与实际课堂证据","「学习评价」中，教学目标与实际课堂证据怎样对应本周的实际材料？","record","learning;interaction;inference","11","64","编辑审核完成；游戏分支，非专业资格目录","当前分支准备及新版本失效检查通过","本目录中名称唯一"
"curriculum-studies-8","课程与教学论","项目学习","项目学习：教学目标与实际课堂证据","「项目学习」中，教学目标与实际课堂证据怎样对应本周的实际材料？","boundary","learning;interaction;inference","11","64","编辑审核完成；游戏分支，非专业资格目录","当前分支准备及新版本失效检查通过","本目录中名称唯一"
"curriculum-studies-9","课程与教学论","探究教学","探究教学：教学目标与实际课堂证据","「探究教学」中，教学目标与实际课堂证据怎样对应本周的实际材料？","literature","learning;interaction;inference","11","64","编辑审核完成；游戏分支，非专业资格目录","当前分支准备及新版本失效检查通过","本目录中名称唯一"
"curriculum-studies-10","课程与教学论","跨学科课程","跨学科课程：教学目标与实际课堂证据","「跨学科课程」中，教学目标与实际课堂证据怎样对应本周的实际材料？","method","learning;interaction;inference","11","64","编辑审核完成；游戏分支，非专业资格目录","当前分支准备及新版本失效检查通过","本目录中名称唯一"
"curriculum-studies-11","课程与教学论","课程实施","课程实施：教学目标与实际课堂证据","「课程实施」中，教学目标与实际课堂证据怎样对应本周的实际材料？","record","learning;interaction;inference","11","64","编辑审核完成；游戏分支，非专业资格目录","当前分支准备及新版本失效检查通过","本目录中名称唯一"
"curriculum-studies-12","课程与教学论","教学反思","教学反思：教学目标与实际课堂证据","「教学反思」中，教学目标与实际课堂证据怎样对应本周的实际材料？","boundary","learning;interaction;inference","11","64","编辑审核完成；游戏分支，非专业资格目录","当前分支准备及新版本失效检查通过","本目录中名称唯一"
"early-education-1","学前与特殊教育","儿童发展","儿童发展：儿童经验、任务条件与支持需要","「儿童发展」中，儿童经验、任务条件与支持需要怎样对应本周的实际材料？","literature","learning;interaction;inference","11","64","编辑审核完成；游戏分支，非专业资格目录","当前分支准备及新版本失效检查通过","本目录中名称唯一"
"early-education-2","学前与特殊教育","游戏与学习","游戏与学习：儿童经验、任务条件与支持需要","「游戏与学习」中，儿童经验、任务条件与支持需要怎样对应本周的实际材料？","method","learning;interaction;inference","11","64","编辑审核完成；游戏分支，非专业资格目录","当前分支准备及新版本失效检查通过","本目录中名称唯一"
"early-education-3","学前与特殊教育","幼儿园课程","幼儿园课程：儿童经验、任务条件与支持需要","「幼儿园课程」中，儿童经验、任务条件与支持需要怎样对应本周的实际材料？","record","learning;interaction;inference","11","64","编辑审核完成；游戏分支，非专业资格目录","当前分支准备及新版本失效检查通过","本目录中名称唯一"
"early-education-4","学前与特殊教育","家庭协作","家庭协作：儿童经验、任务条件与支持需要","「家庭协作」中，儿童经验、任务条件与支持需要怎样对应本周的实际材料？","boundary","learning;interaction;inference","11","64","编辑审核完成；游戏分支，非专业资格目录","当前分支准备及新版本失效检查通过","本目录中名称唯一"
"early-education-5","学前与特殊教育","融合教育","融合教育：儿童经验、任务条件与支持需要","「融合教育」中，儿童经验、任务条件与支持需要怎样对应本周的实际材料？","literature","learning;interaction;inference","11","64","编辑审核完成；游戏分支，非专业资格目录","当前分支准备及新版本失效检查通过","本目录中名称唯一"
"early-education-6","学前与特殊教育","特殊教育评价","特殊教育评价：儿童经验、任务条件与支持需要","「特殊教育评价」中，儿童经验、任务条件与支持需要怎样对应本周的实际材料？","method","learning;interaction;inference","11","64","编辑审核完成；游戏分支，非专业资格目录","当前分支准备及新版本失效检查通过","本目录中名称唯一"
"early-education-7","学前与特殊教育","语言发展教育","语言发展教育：儿童经验、任务条件与支持需要","「语言发展教育」中，儿童经验、任务条件与支持需要怎样对应本周的实际材料？","record","learning;interaction;inference","11","64","编辑审核完成；游戏分支，非专业资格目录","当前分支准备及新版本失效检查通过","本目录中名称唯一"
"early-education-8","学前与特殊教育","感知与运动支持","感知与运动支持：儿童经验、任务条件与支持需要","「感知与运动支持」中，儿童经验、任务条件与支持需要怎样对应本周的实际材料？","boundary","learning;interaction;inference","11","64","编辑审核完成；游戏分支，非专业资格目录","当前分支准备及新版本失效检查通过","本目录中名称唯一"
"early-education-9","学前与特殊教育","支持技术","支持技术：儿童经验、任务条件与支持需要","「支持技术」中，儿童经验、任务条件与支持需要怎样对应本周的实际材料？","literature","learning;interaction;inference","11","64","编辑审核完成；游戏分支，非专业资格目录","当前分支准备及新版本失效检查通过","本目录中名称唯一"
"early-education-10","学前与特殊教育","教育参与","教育参与：儿童经验、任务条件与支持需要","「教育参与」中，儿童经验、任务条件与支持需要怎样对应本周的实际材料？","method","learning;interaction;inference","11","64","编辑审核完成；游戏分支，非专业资格目录","当前分支准备及新版本失效检查通过","本目录中名称唯一"
"early-education-11","学前与特殊教育","早期教育环境","早期教育环境：儿童经验、任务条件与支持需要","「早期教育环境」中，儿童经验、任务条件与支持需要怎样对应本周的实际材料？","record","learning;interaction;inference","11","64","编辑审核完成；游戏分支，非专业资格目录","当前分支准备及新版本失效检查通过","本目录中名称唯一"
"early-education-12","学前与特殊教育","教育服务","教育服务：儿童经验、任务条件与支持需要","「教育服务」中，儿童经验、任务条件与支持需要怎样对应本周的实际材料？","boundary","learning;interaction;inference","11","64","编辑审核完成；游戏分支，非专业资格目录","当前分支准备及新版本失效检查通过","本目录中名称唯一"
"higher-education-1","高等与职业教育","大学治理","大学治理：机构制度与学生经历的层次","「大学治理」中，机构制度与学生经历的层次怎样对应本周的实际材料？","literature","learning;interaction;inference","11","66","编辑审核完成；游戏分支，非专业资格目录","当前分支准备及新版本失效检查通过","本目录中名称唯一"
"higher-education-2","高等与职业教育","研究生教育","研究生教育：机构制度与学生经历的层次","「研究生教育」中，机构制度与学生经历的层次怎样对应本周的实际材料？","method","learning;interaction;inference","11","66","编辑审核完成；游戏分支，非专业资格目录","当前分支准备及新版本失效检查通过","本目录中名称唯一"
"higher-education-3","高等与职业教育","高等教育评价","高等教育评价：机构制度与学生经历的层次","「高等教育评价」中，机构制度与学生经历的层次怎样对应本周的实际材料？","record","learning;interaction;inference","11","66","编辑审核完成；游戏分支，非专业资格目录","当前分支准备及新版本失效检查通过","本目录中名称唯一"
"higher-education-4","高等与职业教育","职业教育","职业教育：机构制度与学生经历的层次","「职业教育」中，机构制度与学生经历的层次怎样对应本周的实际材料？","boundary","learning;interaction;inference","11","66","编辑审核完成；游戏分支，非专业资格目录","当前分支准备及新版本失效检查通过","本目录中名称唯一"
"higher-education-5","高等与职业教育","专业与课程","专业与课程：机构制度与学生经历的层次","「专业与课程」中，机构制度与学生经历的层次怎样对应本周的实际材料？","literature","learning;interaction;inference","11","66","编辑审核完成；游戏分支，非专业资格目录","当前分支准备及新版本失效检查通过","本目录中名称唯一"
"higher-education-6","高等与职业教育","大学生发展","大学生发展：机构制度与学生经历的层次","「大学生发展」中，机构制度与学生经历的层次怎样对应本周的实际材料？","method","learning;interaction;inference","11","66","编辑审核完成；游戏分支，非专业资格目录","当前分支准备及新版本失效检查通过","本目录中名称唯一"
"higher-education-7","高等与职业教育","学术职业","学术职业：机构制度与学生经历的层次","「学术职业」中，机构制度与学生经历的层次怎样对应本周的实际材料？","record","learning;interaction;inference","11","66","编辑审核完成；游戏分支，非专业资格目录","当前分支准备及新版本失效检查通过","本目录中名称唯一"
"higher-education-8","高等与职业教育","产教合作","产教合作：机构制度与学生经历的层次","「产教合作」中，机构制度与学生经历的层次怎样对应本周的实际材料？","boundary","learning;interaction;inference","11","66","编辑审核完成；游戏分支，非专业资格目录","当前分支准备及新版本失效检查通过","本目录中名称唯一"
"higher-education-9","高等与职业教育","继续教育","继续教育：机构制度与学生经历的层次","「继续教育」中，机构制度与学生经历的层次怎样对应本周的实际材料？","literature","learning;interaction;inference","11","66","编辑审核完成；游戏分支，非专业资格目录","当前分支准备及新版本失效检查通过","本目录中名称唯一"
"higher-education-10","高等与职业教育","教育与就业","教育与就业：机构制度与学生经历的层次","「教育与就业」中，机构制度与学生经历的层次怎样对应本周的实际材料？","method","learning;interaction;inference","11","66","编辑审核完成；游戏分支，非专业资格目录","当前分支准备及新版本失效检查通过","本目录中名称唯一"
"higher-education-11","高等与职业教育","国际教育","国际教育：机构制度与学生经历的层次","「国际教育」中，机构制度与学生经历的层次怎样对应本周的实际材料？","record","learning;interaction;inference","11","66","编辑审核完成；游戏分支，非专业资格目录","当前分支准备及新版本失效检查通过","本目录中名称唯一"
"higher-education-12","高等与职业教育","校园支持","校园支持：机构制度与学生经历的层次","「校园支持」中，机构制度与学生经历的层次怎样对应本周的实际材料？","boundary","learning;interaction;inference","11","66","编辑审核完成；游戏分支，非专业资格目录","当前分支准备及新版本失效检查通过","本目录中名称唯一"
"education-technology-1","教育技术与学习设计","学习分析","学习分析：工具版本、学习任务与效果边界","「学习分析」中，工具版本、学习任务与效果边界怎样对应本周的实际材料？","literature","learning;interaction;inference","11","64","编辑审核完成；游戏分支，非专业资格目录","当前分支准备及新版本失效检查通过","本目录中名称唯一"
"education-technology-2","教育技术与学习设计","数字学习环境","数字学习环境：工具版本、学习任务与效果边界","「数字学习环境」中，工具版本、学习任务与效果边界怎样对应本周的实际材料？","method","learning;interaction;inference","11","64","编辑审核完成；游戏分支，非专业资格目录","当前分支准备及新版本失效检查通过","本目录中名称唯一"
"education-technology-3","教育技术与学习设计","在线协作","在线协作：工具版本、学习任务与效果边界","「在线协作」中，工具版本、学习任务与效果边界怎样对应本周的实际材料？","record","learning;interaction;inference","11","64","编辑审核完成；游戏分支，非专业资格目录","当前分支准备及新版本失效检查通过","本目录中名称唯一"
"education-technology-4","教育技术与学习设计","教学媒体","教学媒体：工具版本、学习任务与效果边界","「教学媒体」中，工具版本、学习任务与效果边界怎样对应本周的实际材料？","boundary","learning;interaction;inference","11","64","编辑审核完成；游戏分支，非专业资格目录","当前分支准备及新版本失效检查通过","本目录中名称唯一"
"education-technology-5","教育技术与学习设计","教育游戏","教育游戏：工具版本、学习任务与效果边界","「教育游戏」中，工具版本、学习任务与效果边界怎样对应本周的实际材料？","literature","learning;interaction;inference","11","64","编辑审核完成；游戏分支，非专业资格目录","当前分支准备及新版本失效检查通过","本目录中名称唯一"
"education-technology-6","教育技术与学习设计","智能辅导评价","智能辅导评价：工具版本、学习任务与效果边界","「智能辅导评价」中，工具版本、学习任务与效果边界怎样对应本周的实际材料？","method","learning;interaction;inference","11","64","编辑审核完成；游戏分支，非专业资格目录","当前分支准备及新版本失效检查通过","本目录中名称唯一"
"education-technology-7","教育技术与学习设计","资源设计","资源设计：工具版本、学习任务与效果边界","「资源设计」中，工具版本、学习任务与效果边界怎样对应本周的实际材料？","record","learning;interaction;inference","11","64","编辑审核完成；游戏分支，非专业资格目录","当前分支准备及新版本失效检查通过","本目录中名称唯一"
"education-technology-8","教育技术与学习设计","教师数字实践","教师数字实践：工具版本、学习任务与效果边界","「教师数字实践」中，工具版本、学习任务与效果边界怎样对应本周的实际材料？","boundary","learning;interaction;inference","11","64","编辑审核完成；游戏分支，非专业资格目录","当前分支准备及新版本失效检查通过","本目录中名称唯一"
"education-technology-9","教育技术与学习设计","学习可及性","学习可及性：工具版本、学习任务与效果边界","「学习可及性」中，工具版本、学习任务与效果边界怎样对应本周的实际材料？","literature","learning;interaction;inference","11","64","编辑审核完成；游戏分支，非专业资格目录","当前分支准备及新版本失效检查通过","本目录中名称唯一"
"education-technology-10","教育技术与学习设计","教育技术伦理","教育技术伦理：工具版本、学习任务与效果边界","「教育技术伦理」中，工具版本、学习任务与效果边界怎样对应本周的实际材料？","method","learning;interaction;inference","11","64","编辑审核完成；游戏分支，非专业资格目录","当前分支准备及新版本失效检查通过","本目录中名称唯一"
"education-technology-11","教育技术与学习设计","沉浸学习","沉浸学习：工具版本、学习任务与效果边界","「沉浸学习」中，工具版本、学习任务与效果边界怎样对应本周的实际材料？","record","learning;interaction;inference","11","64","编辑审核完成；游戏分支，非专业资格目录","当前分支准备及新版本失效检查通过","本目录中名称唯一"
"education-technology-12","教育技术与学习设计","技术整合","技术整合：工具版本、学习任务与效果边界","「技术整合」中，工具版本、学习任务与效果边界怎样对应本周的实际材料？","boundary","learning;interaction;inference","11","64","编辑审核完成；游戏分支，非专业资格目录","当前分支准备及新版本失效检查通过","本目录中名称唯一"
"chinese-language-1","中国语言文学","古代文学","古代文学：作品版本、语言材料与解释语境","「古代文学」中，作品版本、语言材料与解释语境怎样对应本周的实际材料？","literature","text;culture;interaction","11","70","编辑审核完成；游戏分支，非专业资格目录","当前分支准备及新版本失效检查通过","本目录中名称唯一"
"chinese-language-2","中国语言文学","现代文学","现代文学：作品版本、语言材料与解释语境","「现代文学」中，作品版本、语言材料与解释语境怎样对应本周的实际材料？","method","text;culture;interaction","11","70","编辑审核完成；游戏分支，非专业资格目录","当前分支准备及新版本失效检查通过","本目录中名称唯一"
"chinese-language-3","中国语言文学","当代文学","当代文学：作品版本、语言材料与解释语境","「当代文学」中，作品版本、语言材料与解释语境怎样对应本周的实际材料？","record","text;culture;interaction","11","70","编辑审核完成；游戏分支，非专业资格目录","当前分支准备及新版本失效检查通过","本目录中名称唯一"
"chinese-language-4","中国语言文学","文艺理论","文艺理论：作品版本、语言材料与解释语境","「文艺理论」中，作品版本、语言材料与解释语境怎样对应本周的实际材料？","boundary","text;culture;interaction","11","70","编辑审核完成；游戏分支，非专业资格目录","当前分支准备及新版本失效检查通过","共享主题，分属路线：humanities-6;chinese-language-4"
"chinese-language-5","中国语言文学","汉语语法","汉语语法：作品版本、语言材料与解释语境","「汉语语法」中，作品版本、语言材料与解释语境怎样对应本周的实际材料？","literature","text;culture;interaction","11","70","编辑审核完成；游戏分支，非专业资格目录","当前分支准备及新版本失效检查通过","本目录中名称唯一"
"chinese-language-6","中国语言文学","汉语词汇","汉语词汇：作品版本、语言材料与解释语境","「汉语词汇」中，作品版本、语言材料与解释语境怎样对应本周的实际材料？","method","text;culture;interaction","11","70","编辑审核完成；游戏分支，非专业资格目录","当前分支准备及新版本失效检查通过","本目录中名称唯一"
"chinese-language-7","中国语言文学","汉语方言","汉语方言：作品版本、语言材料与解释语境","「汉语方言」中，作品版本、语言材料与解释语境怎样对应本周的实际材料？","record","text;culture;interaction","11","70","编辑审核完成；游戏分支，非专业资格目录","当前分支准备及新版本失效检查通过","本目录中名称唯一"
"chinese-language-8","中国语言文学","古典文献","古典文献：作品版本、语言材料与解释语境","「古典文献」中，作品版本、语言材料与解释语境怎样对应本周的实际材料？","boundary","text;culture;interaction","11","70","编辑审核完成；游戏分支，非专业资格目录","当前分支准备及新版本失效检查通过","本目录中名称唯一"
"chinese-language-9","中国语言文学","文学批评","文学批评：作品版本、语言材料与解释语境","「文学批评」中，作品版本、语言材料与解释语境怎样对应本周的实际材料？","literature","text;culture;interaction","11","70","编辑审核完成；游戏分支，非专业资格目录","当前分支准备及新版本失效检查通过","本目录中名称唯一"
"chinese-language-10","中国语言文学","文学与媒介","文学与媒介：作品版本、语言材料与解释语境","「文学与媒介」中，作品版本、语言材料与解释语境怎样对应本周的实际材料？","method","text;culture;interaction","11","70","编辑审核完成；游戏分支，非专业资格目录","当前分支准备及新版本失效检查通过","共享主题，分属路线：humanities-9;chinese-language-10"
"chinese-language-11","中国语言文学","地域文学","地域文学：作品版本、语言材料与解释语境","「地域文学」中，作品版本、语言材料与解释语境怎样对应本周的实际材料？","record","text;culture;interaction","11","70","编辑审核完成；游戏分支，非专业资格目录","当前分支准备及新版本失效检查通过","本目录中名称唯一"
"chinese-language-12","中国语言文学","文学教育","文学教育：作品版本、语言材料与解释语境","「文学教育」中，作品版本、语言材料与解释语境怎样对应本周的实际材料？","boundary","text;culture;interaction","11","70","编辑审核完成；游戏分支，非专业资格目录","当前分支准备及新版本失效检查通过","本目录中名称唯一"
"foreign-literatures-1","外国文学与比较文学","英语文学","英语文学：语种、译本与比较范围","「英语文学」中，语种、译本与比较范围怎样对应本周的实际材料？","literature","text;culture;interaction","11","70","编辑审核完成；游戏分支，非专业资格目录","当前分支准备及新版本失效检查通过","本目录中名称唯一"
"foreign-literatures-2","外国文学与比较文学","法语文学","法语文学：语种、译本与比较范围","「法语文学」中，语种、译本与比较范围怎样对应本周的实际材料？","method","text;culture;interaction","11","70","编辑审核完成；游戏分支，非专业资格目录","当前分支准备及新版本失效检查通过","本目录中名称唯一"
"foreign-literatures-3","外国文学与比较文学","德语文学","德语文学：语种、译本与比较范围","「德语文学」中，语种、译本与比较范围怎样对应本周的实际材料？","record","text;culture;interaction","11","70","编辑审核完成；游戏分支，非专业资格目录","当前分支准备及新版本失效检查通过","本目录中名称唯一"
"foreign-literatures-4","外国文学与比较文学","俄语文学","俄语文学：语种、译本与比较范围","「俄语文学」中，语种、译本与比较范围怎样对应本周的实际材料？","boundary","text;culture;interaction","11","70","编辑审核完成；游戏分支，非专业资格目录","当前分支准备及新版本失效检查通过","本目录中名称唯一"
"foreign-literatures-5","外国文学与比较文学","日本文学","日本文学：语种、译本与比较范围","「日本文学」中，语种、译本与比较范围怎样对应本周的实际材料？","literature","text;culture;interaction","11","70","编辑审核完成；游戏分支，非专业资格目录","当前分支准备及新版本失效检查通过","本目录中名称唯一"
"foreign-literatures-6","外国文学与比较文学","韩国文学","韩国文学：语种、译本与比较范围","「韩国文学」中，语种、译本与比较范围怎样对应本周的实际材料？","method","text;culture;interaction","11","70","编辑审核完成；游戏分支，非专业资格目录","当前分支准备及新版本失效检查通过","本目录中名称唯一"
"foreign-literatures-7","外国文学与比较文学","跨文化比较","跨文化比较：语种、译本与比较范围","「跨文化比较」中，语种、译本与比较范围怎样对应本周的实际材料？","record","text;culture;interaction","11","70","编辑审核完成；游戏分支，非专业资格目录","当前分支准备及新版本失效检查通过","本目录中名称唯一"
"foreign-literatures-8","外国文学与比较文学","世界文学","世界文学：语种、译本与比较范围","「世界文学」中，语种、译本与比较范围怎样对应本周的实际材料？","boundary","text;culture;interaction","11","70","编辑审核完成；游戏分支，非专业资格目录","当前分支准备及新版本失效检查通过","本目录中名称唯一"
"foreign-literatures-9","外国文学与比较文学","文学翻译","文学翻译：语种、译本与比较范围","「文学翻译」中，语种、译本与比较范围怎样对应本周的实际材料？","literature","text;culture;interaction","11","70","编辑审核完成；游戏分支，非专业资格目录","当前分支准备及新版本失效检查通过","共享主题，分属路线：foreign-literatures-9;translation-studies-3"
"foreign-literatures-10","外国文学与比较文学","后殖民研究","后殖民研究：语种、译本与比较范围","「后殖民研究」中，语种、译本与比较范围怎样对应本周的实际材料？","method","text;culture;interaction","11","70","编辑审核完成；游戏分支，非专业资格目录","当前分支准备及新版本失效检查通过","本目录中名称唯一"
"foreign-literatures-11","外国文学与比较文学","文学与迁移","文学与迁移：语种、译本与比较范围","「文学与迁移」中，语种、译本与比较范围怎样对应本周的实际材料？","record","text;culture;interaction","11","70","编辑审核完成；游戏分支，非专业资格目录","当前分支准备及新版本失效检查通过","本目录中名称唯一"
"foreign-literatures-12","外国文学与比较文学","比较诗学","比较诗学：语种、译本与比较范围","「比较诗学」中，语种、译本与比较范围怎样对应本周的实际材料？","boundary","text;culture;interaction","11","70","编辑审核完成；游戏分支，非专业资格目录","当前分支准备及新版本失效检查通过","本目录中名称唯一"
"linguistics-studies-1","语言学与应用语言","语音学","语音学：语言单位、语料条件与使用情境","「语音学」中，语言单位、语料条件与使用情境怎样对应本周的实际材料？","literature","text;culture;interaction","11","77","编辑审核完成；游戏分支，非专业资格目录","当前分支准备及新版本失效检查通过","本目录中名称唯一"
"linguistics-studies-2","语言学与应用语言","音系学","音系学：语言单位、语料条件与使用情境","「音系学」中，语言单位、语料条件与使用情境怎样对应本周的实际材料？","method","text;culture;interaction","11","77","编辑审核完成；游戏分支，非专业资格目录","当前分支准备及新版本失效检查通过","本目录中名称唯一"
"linguistics-studies-3","语言学与应用语言","句法学","句法学：语言单位、语料条件与使用情境","「句法学」中，语言单位、语料条件与使用情境怎样对应本周的实际材料？","record","text;culture;interaction","11","77","编辑审核完成；游戏分支，非专业资格目录","当前分支准备及新版本失效检查通过","本目录中名称唯一"
"linguistics-studies-4","语言学与应用语言","语义学","语义学：语言单位、语料条件与使用情境","「语义学」中，语言单位、语料条件与使用情境怎样对应本周的实际材料？","boundary","text;culture;interaction","11","77","编辑审核完成；游戏分支，非专业资格目录","当前分支准备及新版本失效检查通过","本目录中名称唯一"
"linguistics-studies-5","语言学与应用语言","语用学","语用学：语言单位、语料条件与使用情境","「语用学」中，语言单位、语料条件与使用情境怎样对应本周的实际材料？","literature","text;culture;interaction","11","77","编辑审核完成；游戏分支，非专业资格目录","当前分支准备及新版本失效检查通过","本目录中名称唯一"
"linguistics-studies-6","语言学与应用语言","社会语言学","社会语言学：语言单位、语料条件与使用情境","「社会语言学」中，语言单位、语料条件与使用情境怎样对应本周的实际材料？","method","text;culture;interaction","11","77","编辑审核完成；游戏分支，非专业资格目录","当前分支准备及新版本失效检查通过","共享主题，分属路线：languages-7;linguistics-studies-6"
"linguistics-studies-7","语言学与应用语言","心理语言学","心理语言学：语言单位、语料条件与使用情境","「心理语言学」中，语言单位、语料条件与使用情境怎样对应本周的实际材料？","record","text;culture;interaction","11","77","编辑审核完成；游戏分支，非专业资格目录","当前分支准备及新版本失效检查通过","本目录中名称唯一"
"linguistics-studies-8","语言学与应用语言","语料库语言学","语料库语言学：语言单位、语料条件与使用情境","「语料库语言学」中，语言单位、语料条件与使用情境怎样对应本周的实际材料？","boundary","text;culture;interaction","11","77","编辑审核完成；游戏分支，非专业资格目录","当前分支准备及新版本失效检查通过","本目录中名称唯一"
"linguistics-studies-9","语言学与应用语言","语言接触","语言接触：语言单位、语料条件与使用情境","「语言接触」中，语言单位、语料条件与使用情境怎样对应本周的实际材料？","literature","text;culture;interaction","11","77","编辑审核完成；游戏分支，非专业资格目录","当前分支准备及新版本失效检查通过","本目录中名称唯一"
"linguistics-studies-10","语言学与应用语言","语言习得","语言习得：语言单位、语料条件与使用情境","「语言习得」中，语言单位、语料条件与使用情境怎样对应本周的实际材料？","method","text;culture;interaction","11","77","编辑审核完成；游戏分支，非专业资格目录","当前分支准备及新版本失效检查通过","本目录中名称唯一"
"linguistics-studies-11","语言学与应用语言","语言政策","语言政策：语言单位、语料条件与使用情境","「语言政策」中，语言单位、语料条件与使用情境怎样对应本周的实际材料？","record","text;culture;interaction","11","77","编辑审核完成；游戏分支，非专业资格目录","当前分支准备及新版本失效检查通过","本目录中名称唯一"
"linguistics-studies-12","语言学与应用语言","语言技术评价","语言技术评价：语言单位、语料条件与使用情境","「语言技术评价」中，语言单位、语料条件与使用情境怎样对应本周的实际材料？","boundary","text;culture;interaction","11","77","编辑审核完成；游戏分支，非专业资格目录","当前分支准备及新版本失效检查通过","本目录中名称唯一"
"translation-studies-1","翻译与跨文化传播","翻译理论","翻译理论：翻译目的、文本版本与取舍依据","「翻译理论」中，翻译目的、文本版本与取舍依据怎样对应本周的实际材料？","literature","text;culture;interaction","11","70","编辑审核完成；游戏分支，非专业资格目录","当前分支准备及新版本失效检查通过","本目录中名称唯一"
"translation-studies-2","翻译与跨文化传播","翻译史","翻译史：翻译目的、文本版本与取舍依据","「翻译史」中，翻译目的、文本版本与取舍依据怎样对应本周的实际材料？","method","text;culture;interaction","11","70","编辑审核完成；游戏分支，非专业资格目录","当前分支准备及新版本失效检查通过","本目录中名称唯一"
"translation-studies-3","翻译与跨文化传播","文学翻译","文学翻译：翻译目的、文本版本与取舍依据","「文学翻译」中，翻译目的、文本版本与取舍依据怎样对应本周的实际材料？","record","text;culture;interaction","11","70","编辑审核完成；游戏分支，非专业资格目录","当前分支准备及新版本失效检查通过","共享主题，分属路线：foreign-literatures-9;translation-studies-3"
"translation-studies-4","翻译与跨文化传播","口译研究","口译研究：翻译目的、文本版本与取舍依据","「口译研究」中，翻译目的、文本版本与取舍依据怎样对应本周的实际材料？","boundary","text;culture;interaction","11","70","编辑审核完成；游戏分支，非专业资格目录","当前分支准备及新版本失效检查通过","本目录中名称唯一"
"translation-studies-5","翻译与跨文化传播","专业翻译","专业翻译：翻译目的、文本版本与取舍依据","「专业翻译」中，翻译目的、文本版本与取舍依据怎样对应本周的实际材料？","literature","text;culture;interaction","11","70","编辑审核完成；游戏分支，非专业资格目录","当前分支准备及新版本失效检查通过","本目录中名称唯一"
"translation-studies-6","翻译与跨文化传播","视听翻译","视听翻译：翻译目的、文本版本与取舍依据","「视听翻译」中，翻译目的、文本版本与取舍依据怎样对应本周的实际材料？","method","text;culture;interaction","11","70","编辑审核完成；游戏分支，非专业资格目录","当前分支准备及新版本失效检查通过","本目录中名称唯一"
"translation-studies-7","翻译与跨文化传播","机器翻译评价","机器翻译评价：翻译目的、文本版本与取舍依据","「机器翻译评价」中，翻译目的、文本版本与取舍依据怎样对应本周的实际材料？","record","text;culture;interaction","11","70","编辑审核完成；游戏分支，非专业资格目录","当前分支准备及新版本失效检查通过","本目录中名称唯一"
"translation-studies-8","翻译与跨文化传播","翻译技术","翻译技术：翻译目的、文本版本与取舍依据","「翻译技术」中，翻译目的、文本版本与取舍依据怎样对应本周的实际材料？","boundary","text;culture;interaction","11","70","编辑审核完成；游戏分支，非专业资格目录","当前分支准备及新版本失效检查通过","本目录中名称唯一"
"translation-studies-9","翻译与跨文化传播","译者研究","译者研究：翻译目的、文本版本与取舍依据","「译者研究」中，翻译目的、文本版本与取舍依据怎样对应本周的实际材料？","literature","text;culture;interaction","11","70","编辑审核完成；游戏分支，非专业资格目录","当前分支准备及新版本失效检查通过","本目录中名称唯一"
"translation-studies-10","翻译与跨文化传播","翻译教育","翻译教育：翻译目的、文本版本与取舍依据","「翻译教育」中，翻译目的、文本版本与取舍依据怎样对应本周的实际材料？","method","text;culture;interaction","11","70","编辑审核完成；游戏分支，非专业资格目录","当前分支准备及新版本失效检查通过","本目录中名称唯一"
"translation-studies-11","翻译与跨文化传播","跨文化交流","跨文化交流：翻译目的、文本版本与取舍依据","「跨文化交流」中，翻译目的、文本版本与取舍依据怎样对应本周的实际材料？","record","text;culture;interaction","11","70","编辑审核完成；游戏分支，非专业资格目录","当前分支准备及新版本失效检查通过","本目录中名称唯一"
"translation-studies-12","翻译与跨文化传播","翻译伦理","翻译伦理：翻译目的、文本版本与取舍依据","「翻译伦理」中，翻译目的、文本版本与取舍依据怎样对应本周的实际材料？","boundary","text;culture;interaction","11","70","编辑审核完成；游戏分支，非专业资格目录","当前分支准备及新版本失效检查通过","本目录中名称唯一"
"media-studies-1","新闻与媒介研究","新闻史","新闻史：消息来源、传播过程与受众范围","「新闻史」中，消息来源、传播过程与受众范围怎样对应本周的实际材料？","literature","text;culture;interaction","11","70","编辑审核完成；游戏分支，非专业资格目录","当前分支准备及新版本失效检查通过","本目录中名称唯一"
"media-studies-2","新闻与媒介研究","新闻生产","新闻生产：消息来源、传播过程与受众范围","「新闻生产」中，消息来源、传播过程与受众范围怎样对应本周的实际材料？","method","text;culture;interaction","11","70","编辑审核完成；游戏分支，非专业资格目录","当前分支准备及新版本失效检查通过","本目录中名称唯一"
"media-studies-3","新闻与媒介研究","传播理论","传播理论：消息来源、传播过程与受众范围","「传播理论」中，消息来源、传播过程与受众范围怎样对应本周的实际材料？","record","text;culture;interaction","11","70","编辑审核完成；游戏分支，非专业资格目录","当前分支准备及新版本失效检查通过","本目录中名称唯一"
"media-studies-4","新闻与媒介研究","受众研究","受众研究：消息来源、传播过程与受众范围","「受众研究」中，消息来源、传播过程与受众范围怎样对应本周的实际材料？","boundary","text;culture;interaction","11","70","编辑审核完成；游戏分支，非专业资格目录","当前分支准备及新版本失效检查通过","共享主题，分属路线：journalism-4;media-studies-4"
"media-studies-5","新闻与媒介研究","平台传播","平台传播：消息来源、传播过程与受众范围","「平台传播」中，消息来源、传播过程与受众范围怎样对应本周的实际材料？","literature","text;culture;interaction","11","70","编辑审核完成；游戏分支，非专业资格目录","当前分支准备及新版本失效检查通过","本目录中名称唯一"
"media-studies-6","新闻与媒介研究","视觉传播","视觉传播：消息来源、传播过程与受众范围","「视觉传播」中，消息来源、传播过程与受众范围怎样对应本周的实际材料？","method","text;culture;interaction","11","70","编辑审核完成；游戏分支，非专业资格目录","当前分支准备及新版本失效检查通过","本目录中名称唯一"
"media-studies-7","新闻与媒介研究","健康传播","健康传播：消息来源、传播过程与受众范围","「健康传播」中，消息来源、传播过程与受众范围怎样对应本周的实际材料？","record","text;culture;interaction","11","70","编辑审核完成；游戏分支，非专业资格目录","当前分支准备及新版本失效检查通过","共享主题，分属路线：journalism-6;infectious-11;media-studies-7"
"media-studies-8","新闻与媒介研究","科学传播","科学传播：消息来源、传播过程与受众范围","「科学传播」中，消息来源、传播过程与受众范围怎样对应本周的实际材料？","boundary","text;culture;interaction","11","70","编辑审核完成；游戏分支，非专业资格目录","当前分支准备及新版本失效检查通过","本目录中名称唯一"
"media-studies-9","新闻与媒介研究","公共传播","公共传播：消息来源、传播过程与受众范围","「公共传播」中，消息来源、传播过程与受众范围怎样对应本周的实际材料？","literature","text;culture;interaction","11","70","编辑审核完成；游戏分支，非专业资格目录","当前分支准备及新版本失效检查通过","本目录中名称唯一"
"media-studies-10","新闻与媒介研究","媒介伦理","媒介伦理：消息来源、传播过程与受众范围","「媒介伦理」中，消息来源、传播过程与受众范围怎样对应本周的实际材料？","method","text;culture;interaction","11","70","编辑审核完成；游戏分支，非专业资格目录","当前分支准备及新版本失效检查通过","本目录中名称唯一"
"media-studies-11","新闻与媒介研究","数字新闻","数字新闻：消息来源、传播过程与受众范围","「数字新闻」中，消息来源、传播过程与受众范围怎样对应本周的实际材料？","record","text;culture;interaction","11","70","编辑审核完成；游戏分支，非专业资格目录","当前分支准备及新版本失效检查通过","本目录中名称唯一"
"media-studies-12","新闻与媒介研究","媒介档案","媒介档案：消息来源、传播过程与受众范围","「媒介档案」中，消息来源、传播过程与受众范围怎样对应本周的实际材料？","boundary","text;culture;interaction","11","70","编辑审核完成；游戏分支，非专业资格目录","当前分支准备及新版本失效检查通过","本目录中名称唯一"
"chinese-history-1","中国史","中国古代史","中国古代史：史料年代、地域与史家解释","「中国古代史」中，史料年代、地域与史家解释怎样对应本周的实际材料？","literature","text;culture;space","11","68","编辑审核完成；游戏分支，非专业资格目录","当前分支准备及新版本失效检查通过","本目录中名称唯一"
"chinese-history-2","中国史","中国近现代史","中国近现代史：史料年代、地域与史家解释","「中国近现代史」中，史料年代、地域与史家解释怎样对应本周的实际材料？","method","text;culture;space","11","68","编辑审核完成；游戏分支，非专业资格目录","当前分支准备及新版本失效检查通过","本目录中名称唯一"
"chinese-history-3","中国史","制度史","制度史：史料年代、地域与史家解释","「制度史」中，史料年代、地域与史家解释怎样对应本周的实际材料？","record","text;culture;space","11","68","编辑审核完成；游戏分支，非专业资格目录","当前分支准备及新版本失效检查通过","本目录中名称唯一"
"chinese-history-4","中国史","经济史","经济史：史料年代、地域与史家解释","「经济史」中，史料年代、地域与史家解释怎样对应本周的实际材料？","boundary","text;culture;space","11","68","编辑审核完成；游戏分支，非专业资格目录","当前分支准备及新版本失效检查通过","共享主题，分属路线：history-7;chinese-history-4"
"chinese-history-5","中国史","社会史","社会史：史料年代、地域与史家解释","「社会史」中，史料年代、地域与史家解释怎样对应本周的实际材料？","literature","text;culture;space","11","68","编辑审核完成；游戏分支，非专业资格目录","当前分支准备及新版本失效检查通过","本目录中名称唯一"
"chinese-history-6","中国史","文化史","文化史：史料年代、地域与史家解释","「文化史」中，史料年代、地域与史家解释怎样对应本周的实际材料？","method","text;culture;space","11","68","编辑审核完成；游戏分支，非专业资格目录","当前分支准备及新版本失效检查通过","本目录中名称唯一"
"chinese-history-7","中国史","思想史","思想史：史料年代、地域与史家解释","「思想史」中，史料年代、地域与史家解释怎样对应本周的实际材料？","record","text;culture;space","11","68","编辑审核完成；游戏分支，非专业资格目录","当前分支准备及新版本失效检查通过","本目录中名称唯一"
"chinese-history-8","中国史","地方史","地方史：史料年代、地域与史家解释","「地方史」中，史料年代、地域与史家解释怎样对应本周的实际材料？","boundary","text;culture;space","11","68","编辑审核完成；游戏分支，非专业资格目录","当前分支准备及新版本失效检查通过","本目录中名称唯一"
"chinese-history-9","中国史","人口史","人口史：史料年代、地域与史家解释","「人口史」中，史料年代、地域与史家解释怎样对应本周的实际材料？","literature","text;culture;space","11","68","编辑审核完成；游戏分支，非专业资格目录","当前分支准备及新版本失效检查通过","本目录中名称唯一"
"chinese-history-10","中国史","交通与交流史","交通与交流史：史料年代、地域与史家解释","「交通与交流史」中，史料年代、地域与史家解释怎样对应本周的实际材料？","method","text;culture;space","11","68","编辑审核完成；游戏分支，非专业资格目录","当前分支准备及新版本失效检查通过","本目录中名称唯一"
"chinese-history-11","中国史","中国史学史","中国史学史：史料年代、地域与史家解释","「中国史学史」中，史料年代、地域与史家解释怎样对应本周的实际材料？","record","text;culture;space","11","68","编辑审核完成；游戏分支，非专业资格目录","当前分支准备及新版本失效检查通过","本目录中名称唯一"
"chinese-history-12","中国史","中国历史地理","中国历史地理：史料年代、地域与史家解释","「中国历史地理」中，史料年代、地域与史家解释怎样对应本周的实际材料？","boundary","text;culture;space","11","68","编辑审核完成；游戏分支，非专业资格目录","当前分支准备及新版本失效检查通过","本目录中名称唯一"
"world-history-1","世界史","古代世界史","古代世界史：跨地区资料与历史比较","「古代世界史」中，跨地区资料与历史比较怎样对应本周的实际材料？","literature","text;culture;space","11","68","编辑审核完成；游戏分支，非专业资格目录","当前分支准备及新版本失效检查通过","本目录中名称唯一"
"world-history-2","世界史","中世纪史","中世纪史：跨地区资料与历史比较","「中世纪史」中，跨地区资料与历史比较怎样对应本周的实际材料？","method","text;culture;space","11","68","编辑审核完成；游戏分支，非专业资格目录","当前分支准备及新版本失效检查通过","本目录中名称唯一"
"world-history-3","世界史","世界近代史","世界近代史：跨地区资料与历史比较","「世界近代史」中，跨地区资料与历史比较怎样对应本周的实际材料？","record","text;culture;space","11","68","编辑审核完成；游戏分支，非专业资格目录","当前分支准备及新版本失效检查通过","本目录中名称唯一"
"world-history-4","世界史","世界现代史","世界现代史：跨地区资料与历史比较","「世界现代史」中，跨地区资料与历史比较怎样对应本周的实际材料？","boundary","text;culture;space","11","68","编辑审核完成；游戏分支，非专业资格目录","当前分支准备及新版本失效检查通过","本目录中名称唯一"
"world-history-5","世界史","区域史","区域史：跨地区资料与历史比较","「区域史」中，跨地区资料与历史比较怎样对应本周的实际材料？","literature","text;culture;space","11","68","编辑审核完成；游戏分支，非专业资格目录","当前分支准备及新版本失效检查通过","本目录中名称唯一"
"world-history-6","世界史","全球史","全球史：跨地区资料与历史比较","「全球史」中，跨地区资料与历史比较怎样对应本周的实际材料？","method","text;culture;space","11","68","编辑审核完成；游戏分支，非专业资格目录","当前分支准备及新版本失效检查通过","本目录中名称唯一"
"world-history-7","世界史","国际关系史","国际关系史：跨地区资料与历史比较","「国际关系史」中，跨地区资料与历史比较怎样对应本周的实际材料？","record","text;culture;space","11","68","编辑审核完成；游戏分支，非专业资格目录","当前分支准备及新版本失效检查通过","本目录中名称唯一"
"world-history-8","世界史","殖民与帝国史","殖民与帝国史：跨地区资料与历史比较","「殖民与帝国史」中，跨地区资料与历史比较怎样对应本周的实际材料？","boundary","text;culture;space","11","68","编辑审核完成；游戏分支，非专业资格目录","当前分支准备及新版本失效检查通过","本目录中名称唯一"
"world-history-9","世界史","跨国史","跨国史：跨地区资料与历史比较","「跨国史」中，跨地区资料与历史比较怎样对应本周的实际材料？","literature","text;culture;space","11","68","编辑审核完成；游戏分支，非专业资格目录","当前分支准备及新版本失效检查通过","本目录中名称唯一"
"world-history-10","世界史","世界经济史","世界经济史：跨地区资料与历史比较","「世界经济史」中，跨地区资料与历史比较怎样对应本周的实际材料？","method","text;culture;space","11","68","编辑审核完成；游戏分支，非专业资格目录","当前分支准备及新版本失效检查通过","本目录中名称唯一"
"world-history-11","世界史","环境史","环境史：跨地区资料与历史比较","「环境史」中，跨地区资料与历史比较怎样对应本周的实际材料？","record","text;culture;space","11","68","编辑审核完成；游戏分支，非专业资格目录","当前分支准备及新版本失效检查通过","本目录中名称唯一"
"world-history-12","世界史","世界史学史","世界史学史：跨地区资料与历史比较","「世界史学史」中，跨地区资料与历史比较怎样对应本周的实际材料？","boundary","text;culture;space","11","68","编辑审核完成；游戏分支，非专业资格目录","当前分支准备及新版本失效检查通过","本目录中名称唯一"
"historical-documents-1","历史文献与古籍","版本学","版本学：原件、整理本与传承链","「版本学」中，原件、整理本与传承链怎样对应本周的实际材料？","literature","text;culture;space","11","68","编辑审核完成；游戏分支，非专业资格目录","当前分支准备及新版本失效检查通过","本目录中名称唯一"
"historical-documents-2","历史文献与古籍","目录学","目录学：原件、整理本与传承链","「目录学」中，原件、整理本与传承链怎样对应本周的实际材料？","method","text;culture;space","11","68","编辑审核完成；游戏分支，非专业资格目录","当前分支准备及新版本失效检查通过","本目录中名称唯一"
"historical-documents-3","历史文献与古籍","校勘学","校勘学：原件、整理本与传承链","「校勘学」中，原件、整理本与传承链怎样对应本周的实际材料？","record","text;culture;space","11","68","编辑审核完成；游戏分支，非专业资格目录","当前分支准备及新版本失效检查通过","本目录中名称唯一"
"historical-documents-4","历史文献与古籍","文献整理","文献整理：原件、整理本与传承链","「文献整理」中，原件、整理本与传承链怎样对应本周的实际材料？","boundary","text;culture;space","11","68","编辑审核完成；游戏分支，非专业资格目录","当前分支准备及新版本失效检查通过","本目录中名称唯一"
"historical-documents-5","历史文献与古籍","手稿研究","手稿研究：原件、整理本与传承链","「手稿研究」中，原件、整理本与传承链怎样对应本周的实际材料？","literature","text;culture;space","11","68","编辑审核完成；游戏分支，非专业资格目录","当前分支准备及新版本失效检查通过","本目录中名称唯一"
"historical-documents-6","历史文献与古籍","碑刻文献","碑刻文献：原件、整理本与传承链","「碑刻文献」中，原件、整理本与传承链怎样对应本周的实际材料？","method","text;culture;space","11","68","编辑审核完成；游戏分支，非专业资格目录","当前分支准备及新版本失效检查通过","本目录中名称唯一"
"historical-documents-7","历史文献与古籍","简牍文献","简牍文献：原件、整理本与传承链","「简牍文献」中，原件、整理本与传承链怎样对应本周的实际材料？","record","text;culture;space","11","68","编辑审核完成；游戏分支，非专业资格目录","当前分支准备及新版本失效检查通过","本目录中名称唯一"
"historical-documents-8","历史文献与古籍","地方志","地方志：原件、整理本与传承链","「地方志」中，原件、整理本与传承链怎样对应本周的实际材料？","boundary","text;culture;space","11","68","编辑审核完成；游戏分支，非专业资格目录","当前分支准备及新版本失效检查通过","本目录中名称唯一"
"historical-documents-9","历史文献与古籍","历史地图","历史地图：原件、整理本与传承链","「历史地图」中，原件、整理本与传承链怎样对应本周的实际材料？","literature","text;culture;space","11","68","编辑审核完成；游戏分支，非专业资格目录","当前分支准备及新版本失效检查通过","本目录中名称唯一"
"historical-documents-10","历史文献与古籍","古籍数字化","古籍数字化：原件、整理本与传承链","「古籍数字化」中，原件、整理本与传承链怎样对应本周的实际材料？","method","text;culture;space","11","68","编辑审核完成；游戏分支，非专业资格目录","当前分支准备及新版本失效检查通过","本目录中名称唯一"
"historical-documents-11","历史文献与古籍","文本传承","文本传承：原件、整理本与传承链","「文本传承」中，原件、整理本与传承链怎样对应本周的实际材料？","record","text;culture;space","11","68","编辑审核完成；游戏分支，非专业资格目录","当前分支准备及新版本失效检查通过","本目录中名称唯一"
"historical-documents-12","历史文献与古籍","文献收藏史","文献收藏史：原件、整理本与传承链","「文献收藏史」中，原件、整理本与传承链怎样对应本周的实际材料？","boundary","text;culture;space","11","68","编辑审核完成；游戏分支，非专业资格目录","当前分支准备及新版本失效检查通过","本目录中名称唯一"
"heritage-studies-1","考古与文化遗产","聚落考古","聚落考古：出处、层位与复原中的未知","「聚落考古」中，出处、层位与复原中的未知怎样对应本周的实际材料？","literature","text;culture;space","11","66","编辑审核完成；游戏分支，非专业资格目录","当前分支准备及新版本失效检查通过","本目录中名称唯一"
"heritage-studies-2","考古与文化遗产","城市考古","城市考古：出处、层位与复原中的未知","「城市考古」中，出处、层位与复原中的未知怎样对应本周的实际材料？","method","text;culture;space","11","66","编辑审核完成；游戏分支，非专业资格目录","当前分支准备及新版本失效检查通过","本目录中名称唯一"
"heritage-studies-3","考古与文化遗产","墓葬资料","墓葬资料：出处、层位与复原中的未知","「墓葬资料」中，出处、层位与复原中的未知怎样对应本周的实际材料？","record","text;culture;space","11","66","编辑审核完成；游戏分支，非专业资格目录","当前分支准备及新版本失效检查通过","本目录中名称唯一"
"heritage-studies-4","考古与文化遗产","陶瓷考古","陶瓷考古：出处、层位与复原中的未知","「陶瓷考古」中，出处、层位与复原中的未知怎样对应本周的实际材料？","boundary","text;culture;space","11","66","编辑审核完成；游戏分支，非专业资格目录","当前分支准备及新版本失效检查通过","本目录中名称唯一"
"heritage-studies-5","考古与文化遗产","建筑考古","建筑考古：出处、层位与复原中的未知","「建筑考古」中，出处、层位与复原中的未知怎样对应本周的实际材料？","literature","text;culture;space","11","66","编辑审核完成；游戏分支，非专业资格目录","当前分支准备及新版本失效检查通过","本目录中名称唯一"
"heritage-studies-6","考古与文化遗产","水下考古资料","水下考古资料：出处、层位与复原中的未知","「水下考古资料」中，出处、层位与复原中的未知怎样对应本周的实际材料？","method","text;culture;space","11","66","编辑审核完成；游戏分支，非专业资格目录","当前分支准备及新版本失效检查通过","本目录中名称唯一"
"heritage-studies-7","考古与文化遗产","年代资料评价","年代资料评价：出处、层位与复原中的未知","「年代资料评价」中，出处、层位与复原中的未知怎样对应本周的实际材料？","record","text;culture;space","11","66","编辑审核完成；游戏分支，非专业资格目录","当前分支准备及新版本失效检查通过","本目录中名称唯一"
"heritage-studies-8","考古与文化遗产","遗产展示","遗产展示：出处、层位与复原中的未知","「遗产展示」中，出处、层位与复原中的未知怎样对应本周的实际材料？","boundary","text;culture;space","11","66","编辑审核完成；游戏分支，非专业资格目录","当前分支准备及新版本失效检查通过","本目录中名称唯一"
"heritage-studies-9","考古与文化遗产","遗产公众参与","遗产公众参与：出处、层位与复原中的未知","「遗产公众参与」中，出处、层位与复原中的未知怎样对应本周的实际材料？","literature","text;culture;space","11","66","编辑审核完成；游戏分支，非专业资格目录","当前分支准备及新版本失效检查通过","本目录中名称唯一"
"heritage-studies-10","考古与文化遗产","保护史","保护史：出处、层位与复原中的未知","「保护史」中，出处、层位与复原中的未知怎样对应本周的实际材料？","method","text;culture;space","11","66","编辑审核完成；游戏分支，非专业资格目录","当前分支准备及新版本失效检查通过","本目录中名称唯一"
"heritage-studies-11","考古与文化遗产","博物馆史","博物馆史：出处、层位与复原中的未知","「博物馆史」中，出处、层位与复原中的未知怎样对应本周的实际材料？","record","text;culture;space","11","66","编辑审核完成；游戏分支，非专业资格目录","当前分支准备及新版本失效检查通过","本目录中名称唯一"
"heritage-studies-12","考古与文化遗产","考古档案","考古档案：出处、层位与复原中的未知","「考古档案」中，出处、层位与复原中的未知怎样对应本周的实际材料？","boundary","text;culture;space","11","66","编辑审核完成；游戏分支，非专业资格目录","当前分支准备及新版本失效检查通过","本目录中名称唯一"
"public-history-1","公众史学与历史表达","口述历史","口述历史：讲述者位置、材料权限与受众理解","「口述历史」中，讲述者位置、材料权限与受众理解怎样对应本周的实际材料？","literature","text;culture;space","11","61","编辑审核完成；游戏分支，非专业资格目录","当前分支准备及新版本失效检查通过","本目录中名称唯一"
"public-history-2","公众史学与历史表达","社区记忆","社区记忆：讲述者位置、材料权限与受众理解","「社区记忆」中，讲述者位置、材料权限与受众理解怎样对应本周的实际材料？","method","text;culture;space","11","61","编辑审核完成；游戏分支，非专业资格目录","当前分支准备及新版本失效检查通过","本目录中名称唯一"
"public-history-3","公众史学与历史表达","历史展览","历史展览：讲述者位置、材料权限与受众理解","「历史展览」中，讲述者位置、材料权限与受众理解怎样对应本周的实际材料？","record","text;culture;space","11","61","编辑审核完成；游戏分支，非专业资格目录","当前分支准备及新版本失效检查通过","本目录中名称唯一"
"public-history-4","公众史学与历史表达","数字公众史","数字公众史：讲述者位置、材料权限与受众理解","「数字公众史」中，讲述者位置、材料权限与受众理解怎样对应本周的实际材料？","boundary","text;culture;space","11","61","编辑审核完成；游戏分支，非专业资格目录","当前分支准备及新版本失效检查通过","本目录中名称唯一"
"public-history-5","公众史学与历史表达","历史影像","历史影像：讲述者位置、材料权限与受众理解","「历史影像」中，讲述者位置、材料权限与受众理解怎样对应本周的实际材料？","literature","text;culture;space","11","61","编辑审核完成；游戏分支，非专业资格目录","当前分支准备及新版本失效检查通过","本目录中名称唯一"
"public-history-6","公众史学与历史表达","历史教育","历史教育：讲述者位置、材料权限与受众理解","「历史教育」中，讲述者位置、材料权限与受众理解怎样对应本周的实际材料？","method","text;culture;space","11","61","编辑审核完成；游戏分支，非专业资格目录","当前分支准备及新版本失效检查通过","本目录中名称唯一"
"public-history-7","公众史学与历史表达","纪念与记忆","纪念与记忆：讲述者位置、材料权限与受众理解","「纪念与记忆」中，讲述者位置、材料权限与受众理解怎样对应本周的实际材料？","record","text;culture;space","11","61","编辑审核完成；游戏分支，非专业资格目录","当前分支准备及新版本失效检查通过","本目录中名称唯一"
"public-history-8","公众史学与历史表达","地方博物馆","地方博物馆：讲述者位置、材料权限与受众理解","「地方博物馆」中，讲述者位置、材料权限与受众理解怎样对应本周的实际材料？","boundary","text;culture;space","11","61","编辑审核完成；游戏分支，非专业资格目录","当前分支准备及新版本失效检查通过","本目录中名称唯一"
"public-history-9","公众史学与历史表达","历史写作","历史写作：讲述者位置、材料权限与受众理解","「历史写作」中，讲述者位置、材料权限与受众理解怎样对应本周的实际材料？","literature","text;culture;space","11","61","编辑审核完成；游戏分支，非专业资格目录","当前分支准备及新版本失效检查通过","本目录中名称唯一"
"public-history-10","公众史学与历史表达","公众档案","公众档案：讲述者位置、材料权限与受众理解","「公众档案」中，讲述者位置、材料权限与受众理解怎样对应本周的实际材料？","method","text;culture;space","11","61","编辑审核完成；游戏分支，非专业资格目录","当前分支准备及新版本失效检查通过","本目录中名称唯一"
"public-history-11","公众史学与历史表达","历史游戏评价","历史游戏评价：讲述者位置、材料权限与受众理解","「历史游戏评价」中，讲述者位置、材料权限与受众理解怎样对应本周的实际材料？","record","text;culture;space","11","61","编辑审核完成；游戏分支，非专业资格目录","当前分支准备及新版本失效检查通过","本目录中名称唯一"
"public-history-12","公众史学与历史表达","公共史学伦理","公共史学伦理：讲述者位置、材料权限与受众理解","「公共史学伦理」中，讲述者位置、材料权限与受众理解怎样对应本周的实际材料？","boundary","text;culture;space","11","61","编辑审核完成；游戏分支，非专业资格目录","当前分支准备及新版本失效检查通过","本目录中名称唯一"
"geophysics-studies-1","地球物理与地球系统","固体地球物理","固体地球物理：观测标定、尺度与反演假设","「固体地球物理」中，观测标定、尺度与反演假设怎样对应本周的实际材料？","literature","measurement;model;inference","11","106","编辑审核完成；游戏分支，非专业资格目录","当前分支准备及新版本失效检查通过","本目录中名称唯一"
"geophysics-studies-2","地球物理与地球系统","地球动力学","地球动力学：观测标定、尺度与反演假设","「地球动力学」中，观测标定、尺度与反演假设怎样对应本周的实际材料？","method","measurement;model;inference","11","106","编辑审核完成；游戏分支，非专业资格目录","当前分支准备及新版本失效检查通过","本目录中名称唯一"
"geophysics-studies-3","地球物理与地球系统","地震观测","地震观测：观测标定、尺度与反演假设","「地震观测」中，观测标定、尺度与反演假设怎样对应本周的实际材料？","record","measurement;model;inference","11","106","编辑审核完成；游戏分支，非专业资格目录","当前分支准备及新版本失效检查通过","本目录中名称唯一"
"geophysics-studies-4","地球物理与地球系统","地磁观测","地磁观测：观测标定、尺度与反演假设","「地磁观测」中，观测标定、尺度与反演假设怎样对应本周的实际材料？","boundary","measurement;model;inference","11","106","编辑审核完成；游戏分支，非专业资格目录","当前分支准备及新版本失效检查通过","本目录中名称唯一"
"geophysics-studies-5","地球物理与地球系统","重力资料","重力资料：观测标定、尺度与反演假设","「重力资料」中，观测标定、尺度与反演假设怎样对应本周的实际材料？","literature","measurement;model;inference","11","106","编辑审核完成；游戏分支，非专业资格目录","当前分支准备及新版本失效检查通过","本目录中名称唯一"
"geophysics-studies-6","地球物理与地球系统","地球物理反演","地球物理反演：观测标定、尺度与反演假设","「地球物理反演」中，观测标定、尺度与反演假设怎样对应本周的实际材料？","method","measurement;model;inference","11","106","编辑审核完成；游戏分支，非专业资格目录","当前分支准备及新版本失效检查通过","本目录中名称唯一"
"geophysics-studies-7","地球物理与地球系统","岩石物理","岩石物理：观测标定、尺度与反演假设","「岩石物理」中，观测标定、尺度与反演假设怎样对应本周的实际材料？","record","measurement;model;inference","11","106","编辑审核完成；游戏分支，非专业资格目录","当前分支准备及新版本失效检查通过","本目录中名称唯一"
"geophysics-studies-8","地球物理与地球系统","地球化学资料","地球化学资料：观测标定、尺度与反演假设","「地球化学资料」中，观测标定、尺度与反演假设怎样对应本周的实际材料？","boundary","measurement;model;inference","11","106","编辑审核完成；游戏分支，非专业资格目录","当前分支准备及新版本失效检查通过","本目录中名称唯一"
"geophysics-studies-9","地球物理与地球系统","构造研究","构造研究：观测标定、尺度与反演假设","「构造研究」中，观测标定、尺度与反演假设怎样对应本周的实际材料？","literature","measurement;model;inference","11","106","编辑审核完成；游戏分支，非专业资格目录","当前分支准备及新版本失效检查通过","本目录中名称唯一"
"geophysics-studies-10","地球物理与地球系统","地球系统模型","地球系统模型：观测标定、尺度与反演假设","「地球系统模型」中，观测标定、尺度与反演假设怎样对应本周的实际材料？","method","measurement;model;inference","11","106","编辑审核完成；游戏分支，非专业资格目录","当前分支准备及新版本失效检查通过","本目录中名称唯一"
"geophysics-studies-11","地球物理与地球系统","地球观测质控","地球观测质控：观测标定、尺度与反演假设","「地球观测质控」中，观测标定、尺度与反演假设怎样对应本周的实际材料？","record","measurement;model;inference","11","106","编辑审核完成；游戏分支，非专业资格目录","当前分支准备及新版本失效检查通过","本目录中名称唯一"
"geophysics-studies-12","地球物理与地球系统","地学数据复现","地学数据复现：观测标定、尺度与反演假设","「地学数据复现」中，观测标定、尺度与反演假设怎样对应本周的实际材料？","boundary","measurement;model;inference","11","106","编辑审核完成；游戏分支，非专业资格目录","当前分支准备及新版本失效检查通过","本目录中名称唯一"
"ocean-science-1","海洋科学","物理海洋","物理海洋：航次窗口、空间范围与观测条件","「物理海洋」中，航次窗口、空间范围与观测条件怎样对应本周的实际材料？","literature","measurement;model;inference","11","106","编辑审核完成；游戏分支，非专业资格目录","当前分支准备及新版本失效检查通过","本目录中名称唯一"
"ocean-science-2","海洋科学","海洋化学","海洋化学：航次窗口、空间范围与观测条件","「海洋化学」中，航次窗口、空间范围与观测条件怎样对应本周的实际材料？","method","measurement;model;inference","11","106","编辑审核完成；游戏分支，非专业资格目录","当前分支准备及新版本失效检查通过","本目录中名称唯一"
"ocean-science-3","海洋科学","海洋生态","海洋生态：航次窗口、空间范围与观测条件","「海洋生态」中，航次窗口、空间范围与观测条件怎样对应本周的实际材料？","record","measurement;model;inference","11","106","编辑审核完成；游戏分支，非专业资格目录","当前分支准备及新版本失效检查通过","本目录中名称唯一"
"ocean-science-4","海洋科学","海洋地质","海洋地质：航次窗口、空间范围与观测条件","「海洋地质」中，航次窗口、空间范围与观测条件怎样对应本周的实际材料？","boundary","measurement;model;inference","11","106","编辑审核完成；游戏分支，非专业资格目录","当前分支准备及新版本失效检查通过","本目录中名称唯一"
"ocean-science-5","海洋科学","海气相互作用","海气相互作用：航次窗口、空间范围与观测条件","「海气相互作用」中，航次窗口、空间范围与观测条件怎样对应本周的实际材料？","literature","measurement;model;inference","11","106","编辑审核完成；游戏分支，非专业资格目录","当前分支准备及新版本失效检查通过","本目录中名称唯一"
"ocean-science-6","海洋科学","海洋遥感","海洋遥感：航次窗口、空间范围与观测条件","「海洋遥感」中，航次窗口、空间范围与观测条件怎样对应本周的实际材料？","method","measurement;model;inference","11","106","编辑审核完成；游戏分支，非专业资格目录","当前分支准备及新版本失效检查通过","本目录中名称唯一"
"ocean-science-7","海洋科学","近岸过程","近岸过程：航次窗口、空间范围与观测条件","「近岸过程」中，航次窗口、空间范围与观测条件怎样对应本周的实际材料？","record","measurement;model;inference","11","106","编辑审核完成；游戏分支，非专业资格目录","当前分支准备及新版本失效检查通过","本目录中名称唯一"
"ocean-science-8","海洋科学","海洋观测","海洋观测：航次窗口、空间范围与观测条件","「海洋观测」中，航次窗口、空间范围与观测条件怎样对应本周的实际材料？","boundary","measurement;model;inference","11","106","编辑审核完成；游戏分支，非专业资格目录","当前分支准备及新版本失效检查通过","本目录中名称唯一"
"ocean-science-9","海洋科学","海洋时间序列","海洋时间序列：航次窗口、空间范围与观测条件","「海洋时间序列」中，航次窗口、空间范围与观测条件怎样对应本周的实际材料？","literature","measurement;model;inference","11","106","编辑审核完成；游戏分支，非专业资格目录","当前分支准备及新版本失效检查通过","本目录中名称唯一"
"ocean-science-10","海洋科学","海洋模型","海洋模型：航次窗口、空间范围与观测条件","「海洋模型」中，航次窗口、空间范围与观测条件怎样对应本周的实际材料？","method","measurement;model;inference","11","106","编辑审核完成；游戏分支，非专业资格目录","当前分支准备及新版本失效检查通过","本目录中名称唯一"
"ocean-science-11","海洋科学","海洋数据质量","海洋数据质量：航次窗口、空间范围与观测条件","「海洋数据质量」中，航次窗口、空间范围与观测条件怎样对应本周的实际材料？","record","measurement;model;inference","11","106","编辑审核完成；游戏分支，非专业资格目录","当前分支准备及新版本失效检查通过","本目录中名称唯一"
"ocean-science-12","海洋科学","海洋环境史","海洋环境史：航次窗口、空间范围与观测条件","「海洋环境史」中，航次窗口、空间范围与观测条件怎样对应本周的实际材料？","boundary","measurement;model;inference","11","106","编辑审核完成；游戏分支，非专业资格目录","当前分支准备及新版本失效检查通过","本目录中名称唯一"
"mechanics-science-1","力学","理论力学","理论力学：边界条件、尺度与守恒关系","「理论力学」中，边界条件、尺度与守恒关系怎样对应本周的实际材料？","literature","measurement;model;inference","11","106","编辑审核完成；游戏分支，非专业资格目录","当前分支准备及新版本失效检查通过","本目录中名称唯一"
"mechanics-science-2","力学","固体力学","固体力学：边界条件、尺度与守恒关系","「固体力学」中，边界条件、尺度与守恒关系怎样对应本周的实际材料？","method","measurement;model;inference","11","106","编辑审核完成；游戏分支，非专业资格目录","当前分支准备及新版本失效检查通过","本目录中名称唯一"
"mechanics-science-3","力学","流体力学","流体力学：边界条件、尺度与守恒关系","「流体力学」中，边界条件、尺度与守恒关系怎样对应本周的实际材料？","record","measurement;model;inference","11","106","编辑审核完成；游戏分支，非专业资格目录","当前分支准备及新版本失效检查通过","本目录中名称唯一"
"mechanics-science-4","力学","计算力学","计算力学：边界条件、尺度与守恒关系","「计算力学」中，边界条件、尺度与守恒关系怎样对应本周的实际材料？","boundary","measurement;model;inference","11","106","编辑审核完成；游戏分支，非专业资格目录","当前分支准备及新版本失效检查通过","本目录中名称唯一"
"mechanics-science-5","力学","实验力学","实验力学：边界条件、尺度与守恒关系","「实验力学」中，边界条件、尺度与守恒关系怎样对应本周的实际材料？","literature","measurement;model;inference","11","106","编辑审核完成；游戏分支，非专业资格目录","当前分支准备及新版本失效检查通过","本目录中名称唯一"
"mechanics-science-6","力学","多尺度力学","多尺度力学：边界条件、尺度与守恒关系","「多尺度力学」中，边界条件、尺度与守恒关系怎样对应本周的实际材料？","method","measurement;model;inference","11","106","编辑审核完成；游戏分支，非专业资格目录","当前分支准备及新版本失效检查通过","本目录中名称唯一"
"mechanics-science-7","力学","非线性动力学","非线性动力学：边界条件、尺度与守恒关系","「非线性动力学」中，边界条件、尺度与守恒关系怎样对应本周的实际材料？","record","measurement;model;inference","11","106","编辑审核完成；游戏分支，非专业资格目录","当前分支准备及新版本失效检查通过","本目录中名称唯一"
"mechanics-science-8","力学","材料力学","材料力学：边界条件、尺度与守恒关系","「材料力学」中，边界条件、尺度与守恒关系怎样对应本周的实际材料？","boundary","measurement;model;inference","11","106","编辑审核完成；游戏分支，非专业资格目录","当前分支准备及新版本失效检查通过","本目录中名称唯一"
"mechanics-science-9","力学","结构稳定","结构稳定：边界条件、尺度与守恒关系","「结构稳定」中，边界条件、尺度与守恒关系怎样对应本周的实际材料？","literature","measurement;model;inference","11","106","编辑审核完成；游戏分支，非专业资格目录","当前分支准备及新版本失效检查通过","本目录中名称唯一"
"mechanics-science-10","力学","生物力学","生物力学：边界条件、尺度与守恒关系","「生物力学」中，边界条件、尺度与守恒关系怎样对应本周的实际材料？","method","measurement;model;inference","11","106","编辑审核完成；游戏分支，非专业资格目录","当前分支准备及新版本失效检查通过","本目录中名称唯一"
"mechanics-science-11","力学","力学测量","力学测量：边界条件、尺度与守恒关系","「力学测量」中，边界条件、尺度与守恒关系怎样对应本周的实际材料？","record","measurement;model;inference","11","106","编辑审核完成；游戏分支，非专业资格目录","当前分支准备及新版本失效检查通过","本目录中名称唯一"
"mechanics-science-12","力学","力学模型验证","力学模型验证：边界条件、尺度与守恒关系","「力学模型验证」中，边界条件、尺度与守恒关系怎样对应本周的实际材料？","boundary","measurement;model;inference","11","106","编辑审核完成；游戏分支，非专业资格目录","当前分支准备及新版本失效检查通过","本目录中名称唯一"
"photonics-1","光学与光子科学","几何光学","几何光学：光路条件、信号与背景","「几何光学」中，光路条件、信号与背景怎样对应本周的实际材料？","literature","measurement;model;inference","11","106","编辑审核完成；游戏分支，非专业资格目录","当前分支准备及新版本失效检查通过","本目录中名称唯一"
"photonics-2","光学与光子科学","物理光学","物理光学：光路条件、信号与背景","「物理光学」中，光路条件、信号与背景怎样对应本周的实际材料？","method","measurement;model;inference","11","106","编辑审核完成；游戏分支，非专业资格目录","当前分支准备及新版本失效检查通过","本目录中名称唯一"
"photonics-3","光学与光子科学","量子光学理论","量子光学理论：光路条件、信号与背景","「量子光学理论」中，光路条件、信号与背景怎样对应本周的实际材料？","record","measurement;model;inference","11","106","编辑审核完成；游戏分支，非专业资格目录","当前分支准备及新版本失效检查通过","本目录中名称唯一"
"photonics-4","光学与光子科学","光谱研究","光谱研究：光路条件、信号与背景","「光谱研究」中，光路条件、信号与背景怎样对应本周的实际材料？","boundary","measurement;model;inference","11","106","编辑审核完成；游戏分支，非专业资格目录","当前分支准备及新版本失效检查通过","本目录中名称唯一"
"photonics-5","光学与光子科学","成像科学","成像科学：光路条件、信号与背景","「成像科学」中，光路条件、信号与背景怎样对应本周的实际材料？","literature","measurement;model;inference","11","106","编辑审核完成；游戏分支，非专业资格目录","当前分支准备及新版本失效检查通过","本目录中名称唯一"
"photonics-6","光学与光子科学","光学材料","光学材料：光路条件、信号与背景","「光学材料」中，光路条件、信号与背景怎样对应本周的实际材料？","method","measurement;model;inference","11","106","编辑审核完成；游戏分支，非专业资格目录","当前分支准备及新版本失效检查通过","本目录中名称唯一"
"photonics-7","光学与光子科学","光电测量","光电测量：光路条件、信号与背景","「光电测量」中，光路条件、信号与背景怎样对应本周的实际材料？","record","measurement;model;inference","11","106","编辑审核完成；游戏分支，非专业资格目录","当前分支准备及新版本失效检查通过","本目录中名称唯一"
"photonics-8","光学与光子科学","光学仪器","光学仪器：光路条件、信号与背景","「光学仪器」中，光路条件、信号与背景怎样对应本周的实际材料？","boundary","measurement;model;inference","11","106","编辑审核完成；游戏分支，非专业资格目录","当前分支准备及新版本失效检查通过","本目录中名称唯一"
"photonics-9","光学与光子科学","计算成像","计算成像：光路条件、信号与背景","「计算成像」中，光路条件、信号与背景怎样对应本周的实际材料？","literature","measurement;model;inference","11","106","编辑审核完成；游戏分支，非专业资格目录","当前分支准备及新版本失效检查通过","本目录中名称唯一"
"photonics-10","光学与光子科学","光学噪声","光学噪声：光路条件、信号与背景","「光学噪声」中，光路条件、信号与背景怎样对应本周的实际材料？","method","measurement;model;inference","11","106","编辑审核完成；游戏分支，非专业资格目录","当前分支准备及新版本失效检查通过","本目录中名称唯一"
"photonics-11","光学与光子科学","光学标定","光学标定：光路条件、信号与背景","「光学标定」中，光路条件、信号与背景怎样对应本周的实际材料？","record","measurement;model;inference","11","106","编辑审核完成；游戏分支，非专业资格目录","当前分支准备及新版本失效检查通过","本目录中名称唯一"
"photonics-12","光学与光子科学","光学数据复现","光学数据复现：光路条件、信号与背景","「光学数据复现」中，光路条件、信号与背景怎样对应本周的实际材料？","boundary","measurement;model;inference","11","106","编辑审核完成；游戏分支，非专业资格目录","当前分支准备及新版本失效检查通过","本目录中名称唯一"
"systems-biology-1","生命系统与生态资料","系统生物学","系统生物学：独立对象、来源批次与模型范围","「系统生物学」中，独立对象、来源批次与模型范围怎样对应本周的实际材料？","literature","measurement;model;inference","11","110","编辑审核完成；游戏分支，非专业资格目录","当前分支准备及新版本失效检查通过","本目录中名称唯一"
"systems-biology-2","生命系统与生态资料","生物信息学","生物信息学：独立对象、来源批次与模型范围","「生物信息学」中，独立对象、来源批次与模型范围怎样对应本周的实际材料？","method","measurement;model;inference","11","110","编辑审核完成；游戏分支，非专业资格目录","当前分支准备及新版本失效检查通过","共享主题，分属路线：classic-9;systems-biology-2"
"systems-biology-3","生命系统与生态资料","计算生态","计算生态：独立对象、来源批次与模型范围","「计算生态」中，独立对象、来源批次与模型范围怎样对应本周的实际材料？","record","measurement;model;inference","11","110","编辑审核完成；游戏分支，非专业资格目录","当前分支准备及新版本失效检查通过","本目录中名称唯一"
"systems-biology-4","生命系统与生态资料","群体遗传资料","群体遗传资料：独立对象、来源批次与模型范围","「群体遗传资料」中，独立对象、来源批次与模型范围怎样对应本周的实际材料？","boundary","measurement;model;inference","11","110","编辑审核完成；游戏分支，非专业资格目录","当前分支准备及新版本失效检查通过","本目录中名称唯一"
"systems-biology-5","生命系统与生态资料","发育资料比较","发育资料比较：独立对象、来源批次与模型范围","「发育资料比较」中，独立对象、来源批次与模型范围怎样对应本周的实际材料？","literature","measurement;model;inference","11","110","编辑审核完成；游戏分支，非专业资格目录","当前分支准备及新版本失效检查通过","本目录中名称唯一"
"systems-biology-6","生命系统与生态资料","进化资料研究","进化资料研究：独立对象、来源批次与模型范围","「进化资料研究」中，独立对象、来源批次与模型范围怎样对应本周的实际材料？","method","measurement;model;inference","11","110","编辑审核完成；游戏分支，非专业资格目录","当前分支准备及新版本失效检查通过","本目录中名称唯一"
"systems-biology-7","生命系统与生态资料","公共组学资料","公共组学资料：独立对象、来源批次与模型范围","「公共组学资料」中，独立对象、来源批次与模型范围怎样对应本周的实际材料？","record","measurement;model;inference","11","110","编辑审核完成；游戏分支，非专业资格目录","当前分支准备及新版本失效检查通过","本目录中名称唯一"
"systems-biology-8","生命系统与生态资料","网络生物学","网络生物学：独立对象、来源批次与模型范围","「网络生物学」中，独立对象、来源批次与模型范围怎样对应本周的实际材料？","boundary","measurement;model;inference","11","110","编辑审核完成；游戏分支，非专业资格目录","当前分支准备及新版本失效检查通过","本目录中名称唯一"
"systems-biology-9","生命系统与生态资料","生命系统模型","生命系统模型：独立对象、来源批次与模型范围","「生命系统模型」中，独立对象、来源批次与模型范围怎样对应本周的实际材料？","literature","measurement;model;inference","11","110","编辑审核完成；游戏分支，非专业资格目录","当前分支准备及新版本失效检查通过","本目录中名称唯一"
"systems-biology-10","生命系统与生态资料","生态时间序列","生态时间序列：独立对象、来源批次与模型范围","「生态时间序列」中，独立对象、来源批次与模型范围怎样对应本周的实际材料？","method","measurement;model;inference","11","110","编辑审核完成；游戏分支，非专业资格目录","当前分支准备及新版本失效检查通过","本目录中名称唯一"
"systems-biology-11","生命系统与生态资料","生物资料质控","生物资料质控：独立对象、来源批次与模型范围","「生物资料质控」中，独立对象、来源批次与模型范围怎样对应本周的实际材料？","record","measurement;model;inference","11","110","编辑审核完成；游戏分支，非专业资格目录","当前分支准备及新版本失效检查通过","本目录中名称唯一"
"systems-biology-12","生命系统与生态资料","生命科学教学","生命科学教学：独立对象、来源批次与模型范围","「生命科学教学」中，独立对象、来源批次与模型范围怎样对应本周的实际材料？","boundary","measurement;model;inference","11","110","编辑审核完成；游戏分支，非专业资格目录","当前分支准备及新版本失效检查通过","本目录中名称唯一"
"software-engineering-1","软件工程","软件需求","软件需求：版本、任务与可重现故障","「软件需求」中，版本、任务与可重现故障怎样对应本周的实际材料？","literature","systems;measurement;resources","11","107","编辑审核完成；游戏分支，非专业资格目录","当前分支准备及新版本失效检查通过","本目录中名称唯一"
"software-engineering-2","软件工程","软件架构","软件架构：版本、任务与可重现故障","「软件架构」中，版本、任务与可重现故障怎样对应本周的实际材料？","method","systems;measurement;resources","11","107","编辑审核完成；游戏分支，非专业资格目录","当前分支准备及新版本失效检查通过","本目录中名称唯一"
"software-engineering-3","软件工程","软件测试","软件测试：版本、任务与可重现故障","「软件测试」中，版本、任务与可重现故障怎样对应本周的实际材料？","record","systems;measurement;resources","11","107","编辑审核完成；游戏分支，非专业资格目录","当前分支准备及新版本失效检查通过","本目录中名称唯一"
"software-engineering-4","软件工程","程序分析","程序分析：版本、任务与可重现故障","「程序分析」中，版本、任务与可重现故障怎样对应本周的实际材料？","boundary","systems;measurement;resources","11","107","编辑审核完成；游戏分支，非专业资格目录","当前分支准备及新版本失效检查通过","本目录中名称唯一"
"software-engineering-5","软件工程","软件维护","软件维护：版本、任务与可重现故障","「软件维护」中，版本、任务与可重现故障怎样对应本周的实际材料？","literature","systems;measurement;resources","11","107","编辑审核完成；游戏分支，非专业资格目录","当前分支准备及新版本失效检查通过","本目录中名称唯一"
"software-engineering-6","软件工程","软件可靠性","软件可靠性：版本、任务与可重现故障","「软件可靠性」中，版本、任务与可重现故障怎样对应本周的实际材料？","method","systems;measurement;resources","11","107","编辑审核完成；游戏分支，非专业资格目录","当前分支准备及新版本失效检查通过","本目录中名称唯一"
"software-engineering-7","软件工程","软件工程教育","软件工程教育：版本、任务与可重现故障","「软件工程教育」中，版本、任务与可重现故障怎样对应本周的实际材料？","record","systems;measurement;resources","11","107","编辑审核完成；游戏分支，非专业资格目录","当前分支准备及新版本失效检查通过","本目录中名称唯一"
"software-engineering-8","软件工程","开源协作","开源协作：版本、任务与可重现故障","「开源协作」中，版本、任务与可重现故障怎样对应本周的实际材料？","boundary","systems;measurement;resources","11","107","编辑审核完成；游戏分支，非专业资格目录","当前分支准备及新版本失效检查通过","本目录中名称唯一"
"software-engineering-9","软件工程","开发工具","开发工具：版本、任务与可重现故障","「开发工具」中，版本、任务与可重现故障怎样对应本周的实际材料？","literature","systems;measurement;resources","11","107","编辑审核完成；游戏分支，非专业资格目录","当前分支准备及新版本失效检查通过","本目录中名称唯一"
"software-engineering-10","软件工程","软件可用性","软件可用性：版本、任务与可重现故障","「软件可用性」中，版本、任务与可重现故障怎样对应本周的实际材料？","method","systems;measurement;resources","11","107","编辑审核完成；游戏分支，非专业资格目录","当前分支准备及新版本失效检查通过","本目录中名称唯一"
"software-engineering-11","软件工程","软件度量","软件度量：版本、任务与可重现故障","「软件度量」中，版本、任务与可重现故障怎样对应本周的实际材料？","record","systems;measurement;resources","11","107","编辑审核完成；游戏分支，非专业资格目录","当前分支准备及新版本失效检查通过","本目录中名称唯一"
"software-engineering-12","软件工程","软件复现","软件复现：版本、任务与可重现故障","「软件复现」中，版本、任务与可重现故障怎样对应本周的实际材料？","boundary","systems;measurement;resources","11","107","编辑审核完成；游戏分支，非专业资格目录","当前分支准备及新版本失效检查通过","本目录中名称唯一"
"electrical-engineering-1","电气工程","电机研究","电机研究：运行工况、接口与安全边界","「电机研究」中，运行工况、接口与安全边界怎样对应本周的实际材料？","literature","systems;measurement;resources","11","107","编辑审核完成；游戏分支，非专业资格目录","当前分支准备及新版本失效检查通过","本目录中名称唯一"
"electrical-engineering-2","电气工程","电力系统","电力系统：运行工况、接口与安全边界","「电力系统」中，运行工况、接口与安全边界怎样对应本周的实际材料？","method","systems;measurement;resources","11","107","编辑审核完成；游戏分支，非专业资格目录","当前分支准备及新版本失效检查通过","本目录中名称唯一"
"electrical-engineering-3","电气工程","电力电子","电力电子：运行工况、接口与安全边界","「电力电子」中，运行工况、接口与安全边界怎样对应本周的实际材料？","record","systems;measurement;resources","11","107","编辑审核完成；游戏分支，非专业资格目录","当前分支准备及新版本失效检查通过","本目录中名称唯一"
"electrical-engineering-4","电气工程","绝缘与可靠性","绝缘与可靠性：运行工况、接口与安全边界","「绝缘与可靠性」中，运行工况、接口与安全边界怎样对应本周的实际材料？","boundary","systems;measurement;resources","11","107","编辑审核完成；游戏分支，非专业资格目录","当前分支准备及新版本失效检查通过","本目录中名称唯一"
"electrical-engineering-5","电气工程","电气测量","电气测量：运行工况、接口与安全边界","「电气测量」中，运行工况、接口与安全边界怎样对应本周的实际材料？","literature","systems;measurement;resources","11","107","编辑审核完成；游戏分支，非专业资格目录","当前分支准备及新版本失效检查通过","本目录中名称唯一"
"electrical-engineering-6","电气工程","可再生能源接入","可再生能源接入：运行工况、接口与安全边界","「可再生能源接入」中，运行工况、接口与安全边界怎样对应本周的实际材料？","method","systems;measurement;resources","11","107","编辑审核完成；游戏分支，非专业资格目录","当前分支准备及新版本失效检查通过","本目录中名称唯一"
"electrical-engineering-7","电气工程","电网运行评价","电网运行评价：运行工况、接口与安全边界","「电网运行评价」中，运行工况、接口与安全边界怎样对应本周的实际材料？","record","systems;measurement;resources","11","107","编辑审核完成；游戏分支，非专业资格目录","当前分支准备及新版本失效检查通过","本目录中名称唯一"
"electrical-engineering-8","电气工程","电能质量","电能质量：运行工况、接口与安全边界","「电能质量」中，运行工况、接口与安全边界怎样对应本周的实际材料？","boundary","systems;measurement;resources","11","107","编辑审核完成；游戏分支，非专业资格目录","当前分支准备及新版本失效检查通过","本目录中名称唯一"
"electrical-engineering-9","电气工程","电气设备诊断","电气设备诊断：运行工况、接口与安全边界","「电气设备诊断」中，运行工况、接口与安全边界怎样对应本周的实际材料？","literature","systems;measurement;resources","11","107","编辑审核完成；游戏分支，非专业资格目录","当前分支准备及新版本失效检查通过","本目录中名称唯一"
"electrical-engineering-10","电气工程","电气自动化","电气自动化：运行工况、接口与安全边界","「电气自动化」中，运行工况、接口与安全边界怎样对应本周的实际材料？","method","systems;measurement;resources","11","107","编辑审核完成；游戏分支，非专业资格目录","当前分支准备及新版本失效检查通过","本目录中名称唯一"
"electrical-engineering-11","电气工程","储能系统评价","储能系统评价：运行工况、接口与安全边界","「储能系统评价」中，运行工况、接口与安全边界怎样对应本周的实际材料？","record","systems;measurement;resources","11","107","编辑审核完成；游戏分支，非专业资格目录","当前分支准备及新版本失效检查通过","本目录中名称唯一"
"electrical-engineering-12","电气工程","电气工程教育","电气工程教育：运行工况、接口与安全边界","「电气工程教育」中，运行工况、接口与安全边界怎样对应本周的实际材料？","boundary","systems;measurement;resources","11","107","编辑审核完成；游戏分支，非专业资格目录","当前分支准备及新版本失效检查通过","本目录中名称唯一"
"hydro-marine-1","水利与海洋工程","水文资料","水文资料：边界输入、观测窗口与模型比例","「水文资料」中，边界输入、观测窗口与模型比例怎样对应本周的实际材料？","literature","systems;measurement;resources","11","107","编辑审核完成；游戏分支，非专业资格目录","当前分支准备及新版本失效检查通过","本目录中名称唯一"
"hydro-marine-2","水利与海洋工程","水资源系统","水资源系统：边界输入、观测窗口与模型比例","「水资源系统」中，边界输入、观测窗口与模型比例怎样对应本周的实际材料？","method","systems;measurement;resources","11","107","编辑审核完成；游戏分支，非专业资格目录","当前分支准备及新版本失效检查通过","本目录中名称唯一"
"hydro-marine-3","水利与海洋工程","水工结构","水工结构：边界输入、观测窗口与模型比例","「水工结构」中，边界输入、观测窗口与模型比例怎样对应本周的实际材料？","record","systems;measurement;resources","11","107","编辑审核完成；游戏分支，非专业资格目录","当前分支准备及新版本失效检查通过","本目录中名称唯一"
"hydro-marine-4","水利与海洋工程","河流工程","河流工程：边界输入、观测窗口与模型比例","「河流工程」中，边界输入、观测窗口与模型比例怎样对应本周的实际材料？","boundary","systems;measurement;resources","11","107","编辑审核完成；游戏分支，非专业资格目录","当前分支准备及新版本失效检查通过","本目录中名称唯一"
"hydro-marine-5","水利与海洋工程","海岸工程","海岸工程：边界输入、观测窗口与模型比例","「海岸工程」中，边界输入、观测窗口与模型比例怎样对应本周的实际材料？","literature","systems;measurement;resources","11","107","编辑审核完成；游戏分支，非专业资格目录","当前分支准备及新版本失效检查通过","本目录中名称唯一"
"hydro-marine-6","水利与海洋工程","港口工程","港口工程：边界输入、观测窗口与模型比例","「港口工程」中，边界输入、观测窗口与模型比例怎样对应本周的实际材料？","method","systems;measurement;resources","11","107","编辑审核完成；游戏分支，非专业资格目录","当前分支准备及新版本失效检查通过","本目录中名称唯一"
"hydro-marine-7","水利与海洋工程","海洋结构","海洋结构：边界输入、观测窗口与模型比例","「海洋结构」中，边界输入、观测窗口与模型比例怎样对应本周的实际材料？","record","systems;measurement;resources","11","107","编辑审核完成；游戏分支，非专业资格目录","当前分支准备及新版本失效检查通过","本目录中名称唯一"
"hydro-marine-8","水利与海洋工程","工程数值模型","工程数值模型：边界输入、观测窗口与模型比例","「工程数值模型」中，边界输入、观测窗口与模型比例怎样对应本周的实际材料？","boundary","systems;measurement;resources","11","107","编辑审核完成；游戏分支，非专业资格目录","当前分支准备及新版本失效检查通过","本目录中名称唯一"
"hydro-marine-9","水利与海洋工程","工程监测","工程监测：边界输入、观测窗口与模型比例","「工程监测」中，边界输入、观测窗口与模型比例怎样对应本周的实际材料？","literature","systems;measurement;resources","11","107","编辑审核完成；游戏分支，非专业资格目录","当前分支准备及新版本失效检查通过","本目录中名称唯一"
"hydro-marine-10","水利与海洋工程","泥沙资料","泥沙资料：边界输入、观测窗口与模型比例","「泥沙资料」中，边界输入、观测窗口与模型比例怎样对应本周的实际材料？","method","systems;measurement;resources","11","107","编辑审核完成；游戏分支，非专业资格目录","当前分支准备及新版本失效检查通过","本目录中名称唯一"
"hydro-marine-11","水利与海洋工程","工程环境评价","工程环境评价：边界输入、观测窗口与模型比例","「工程环境评价」中，边界输入、观测窗口与模型比例怎样对应本周的实际材料？","record","systems;measurement;resources","11","107","编辑审核完成；游戏分支，非专业资格目录","当前分支准备及新版本失效检查通过","本目录中名称唯一"
"hydro-marine-12","水利与海洋工程","水利工程史","水利工程史：边界输入、观测窗口与模型比例","「水利工程史」中，边界输入、观测窗口与模型比例怎样对应本周的实际材料？","boundary","systems;measurement;resources","11","107","编辑审核完成；游戏分支，非专业资格目录","当前分支准备及新版本失效检查通过","本目录中名称唯一"
"geomatics-engineering-1","测绘与遥感工程","大地测量","大地测量：坐标基准、精度口径与配准版本","「大地测量」中，坐标基准、精度口径与配准版本怎样对应本周的实际材料？","literature","systems;measurement;resources","11","107","编辑审核完成；游戏分支，非专业资格目录","当前分支准备及新版本失效检查通过","本目录中名称唯一"
"geomatics-engineering-2","测绘与遥感工程","工程测量","工程测量：坐标基准、精度口径与配准版本","「工程测量」中，坐标基准、精度口径与配准版本怎样对应本周的实际材料？","method","systems;measurement;resources","11","107","编辑审核完成；游戏分支，非专业资格目录","当前分支准备及新版本失效检查通过","本目录中名称唯一"
"geomatics-engineering-3","测绘与遥感工程","摄影测量","摄影测量：坐标基准、精度口径与配准版本","「摄影测量」中，坐标基准、精度口径与配准版本怎样对应本周的实际材料？","record","systems;measurement;resources","11","107","编辑审核完成；游戏分支，非专业资格目录","当前分支准备及新版本失效检查通过","本目录中名称唯一"
"geomatics-engineering-4","测绘与遥感工程","遥感信息","遥感信息：坐标基准、精度口径与配准版本","「遥感信息」中，坐标基准、精度口径与配准版本怎样对应本周的实际材料？","boundary","systems;measurement;resources","11","107","编辑审核完成；游戏分支，非专业资格目录","当前分支准备及新版本失效检查通过","本目录中名称唯一"
"geomatics-engineering-5","测绘与遥感工程","地理信息工程","地理信息工程：坐标基准、精度口径与配准版本","「地理信息工程」中，坐标基准、精度口径与配准版本怎样对应本周的实际材料？","literature","systems;measurement;resources","11","107","编辑审核完成；游戏分支，非专业资格目录","当前分支准备及新版本失效检查通过","本目录中名称唯一"
"geomatics-engineering-6","测绘与遥感工程","导航资料评价","导航资料评价：坐标基准、精度口径与配准版本","「导航资料评价」中，坐标基准、精度口径与配准版本怎样对应本周的实际材料？","method","systems;measurement;resources","11","107","编辑审核完成；游戏分支，非专业资格目录","当前分支准备及新版本失效检查通过","本目录中名称唯一"
"geomatics-engineering-7","测绘与遥感工程","地图表达","地图表达：坐标基准、精度口径与配准版本","「地图表达」中，坐标基准、精度口径与配准版本怎样对应本周的实际材料？","record","systems;measurement;resources","11","107","编辑审核完成；游戏分支，非专业资格目录","当前分支准备及新版本失效检查通过","本目录中名称唯一"
"geomatics-engineering-8","测绘与遥感工程","点云处理","点云处理：坐标基准、精度口径与配准版本","「点云处理」中，坐标基准、精度口径与配准版本怎样对应本周的实际材料？","boundary","systems;measurement;resources","11","107","编辑审核完成；游戏分支，非专业资格目录","当前分支准备及新版本失效检查通过","本目录中名称唯一"
"geomatics-engineering-9","测绘与遥感工程","时空数据","时空数据：坐标基准、精度口径与配准版本","「时空数据」中，坐标基准、精度口径与配准版本怎样对应本周的实际材料？","literature","systems;measurement;resources","11","107","编辑审核完成；游戏分支，非专业资格目录","当前分支准备及新版本失效检查通过","本目录中名称唯一"
"geomatics-engineering-10","测绘与遥感工程","测绘质量","测绘质量：坐标基准、精度口径与配准版本","「测绘质量」中，坐标基准、精度口径与配准版本怎样对应本周的实际材料？","method","systems;measurement;resources","11","107","编辑审核完成；游戏分支，非专业资格目录","当前分支准备及新版本失效检查通过","本目录中名称唯一"
"geomatics-engineering-11","测绘与遥感工程","多源资料配准","多源资料配准：坐标基准、精度口径与配准版本","「多源资料配准」中，坐标基准、精度口径与配准版本怎样对应本周的实际材料？","record","systems;measurement;resources","11","107","编辑审核完成；游戏分支，非专业资格目录","当前分支准备及新版本失效检查通过","本目录中名称唯一"
"geomatics-engineering-12","测绘与遥感工程","测绘工程教育","测绘工程教育：坐标基准、精度口径与配准版本","「测绘工程教育」中，坐标基准、精度口径与配准版本怎样对应本周的实际材料？","boundary","systems;measurement;resources","11","107","编辑审核完成；游戏分支，非专业资格目录","当前分支准备及新版本失效检查通过","本目录中名称唯一"
"process-engineering-1","化工与过程工程","化工热力学","化工热力学：物料边界、工况与模型前提","「化工热力学」中，物料边界、工况与模型前提怎样对应本周的实际材料？","literature","systems;measurement;resources","11","107","编辑审核完成；游戏分支，非专业资格目录","当前分支准备及新版本失效检查通过","本目录中名称唯一"
"process-engineering-2","化工与过程工程","传递过程","传递过程：物料边界、工况与模型前提","「传递过程」中，物料边界、工况与模型前提怎样对应本周的实际材料？","method","systems;measurement;resources","11","107","编辑审核完成；游戏分支，非专业资格目录","当前分支准备及新版本失效检查通过","本目录中名称唯一"
"process-engineering-3","化工与过程工程","反应工程理论","反应工程理论：物料边界、工况与模型前提","「反应工程理论」中，物料边界、工况与模型前提怎样对应本周的实际材料？","record","systems;measurement;resources","11","107","编辑审核完成；游戏分支，非专业资格目录","当前分支准备及新版本失效检查通过","本目录中名称唯一"
"process-engineering-4","化工与过程工程","过程系统","过程系统：物料边界、工况与模型前提","「过程系统」中，物料边界、工况与模型前提怎样对应本周的实际材料？","boundary","systems;measurement;resources","11","107","编辑审核完成；游戏分支，非专业资格目录","当前分支准备及新版本失效检查通过","本目录中名称唯一"
"process-engineering-5","化工与过程工程","分离过程理论","分离过程理论：物料边界、工况与模型前提","「分离过程理论」中，物料边界、工况与模型前提怎样对应本周的实际材料？","literature","systems;measurement;resources","11","107","编辑审核完成；游戏分支，非专业资格目录","当前分支准备及新版本失效检查通过","本目录中名称唯一"
"process-engineering-6","化工与过程工程","过程控制","过程控制：物料边界、工况与模型前提","「过程控制」中，物料边界、工况与模型前提怎样对应本周的实际材料？","method","systems;measurement;resources","11","107","编辑审核完成；游戏分支，非专业资格目录","当前分支准备及新版本失效检查通过","共享主题，分属路线：automation-4;process-engineering-6"
"process-engineering-7","化工与过程工程","过程强化评价","过程强化评价：物料边界、工况与模型前提","「过程强化评价」中，物料边界、工况与模型前提怎样对应本周的实际材料？","record","systems;measurement;resources","11","107","编辑审核完成；游戏分支，非专业资格目录","当前分支准备及新版本失效检查通过","本目录中名称唯一"
"process-engineering-8","化工与过程工程","资源循环","资源循环：物料边界、工况与模型前提","「资源循环」中，物料边界、工况与模型前提怎样对应本周的实际材料？","boundary","systems;measurement;resources","11","107","编辑审核完成；游戏分支，非专业资格目录","当前分支准备及新版本失效检查通过","共享主题，分属路线：process-engineering-8;soil-resources-9"
"process-engineering-9","化工与过程工程","过程模拟","过程模拟：物料边界、工况与模型前提","「过程模拟」中，物料边界、工况与模型前提怎样对应本周的实际材料？","literature","systems;measurement;resources","11","107","编辑审核完成；游戏分支，非专业资格目录","当前分支准备及新版本失效检查通过","本目录中名称唯一"
"process-engineering-10","化工与过程工程","过程测量","过程测量：物料边界、工况与模型前提","「过程测量」中，物料边界、工况与模型前提怎样对应本周的实际材料？","method","systems;measurement;resources","11","107","编辑审核完成；游戏分支，非专业资格目录","当前分支准备及新版本失效检查通过","本目录中名称唯一"
"process-engineering-11","化工与过程工程","工况可靠性","工况可靠性：物料边界、工况与模型前提","「工况可靠性」中，物料边界、工况与模型前提怎样对应本周的实际材料？","record","systems;measurement;resources","11","107","编辑审核完成；游戏分支，非专业资格目录","当前分支准备及新版本失效检查通过","本目录中名称唯一"
"process-engineering-12","化工与过程工程","化工工程教育","化工工程教育：物料边界、工况与模型前提","「化工工程教育」中，物料边界、工况与模型前提怎样对应本周的实际材料？","boundary","systems;measurement;resources","11","107","编辑审核完成；游戏分支，非专业资格目录","当前分支准备及新版本失效检查通过","本目录中名称唯一"
"crop-science-1","作物科学","作物栽培","作物栽培：地块、季节与重复测量","「作物栽培」中，地块、季节与重复测量怎样对应本周的实际材料？","literature","environment;life;measurement","11","66","编辑审核完成；游戏分支，非专业资格目录","当前分支准备及新版本失效检查通过","本目录中名称唯一"
"crop-science-2","作物科学","作物生理","作物生理：地块、季节与重复测量","「作物生理」中，地块、季节与重复测量怎样对应本周的实际材料？","method","environment;life;measurement","11","66","编辑审核完成；游戏分支，非专业资格目录","当前分支准备及新版本失效检查通过","本目录中名称唯一"
"crop-science-3","作物科学","作物遗传资料","作物遗传资料：地块、季节与重复测量","「作物遗传资料」中，地块、季节与重复测量怎样对应本周的实际材料？","record","environment;life;measurement","11","66","编辑审核完成；游戏分支，非专业资格目录","当前分支准备及新版本失效检查通过","本目录中名称唯一"
"crop-science-4","作物科学","作物育种评价","作物育种评价：地块、季节与重复测量","「作物育种评价」中，地块、季节与重复测量怎样对应本周的实际材料？","boundary","environment;life;measurement","11","66","编辑审核完成；游戏分支，非专业资格目录","当前分支准备及新版本失效检查通过","本目录中名称唯一"
"crop-science-5","作物科学","种质资料","种质资料：地块、季节与重复测量","「种质资料」中，地块、季节与重复测量怎样对应本周的实际材料？","literature","environment;life;measurement","11","66","编辑审核完成；游戏分支，非专业资格目录","当前分支准备及新版本失效检查通过","本目录中名称唯一"
"crop-science-6","作物科学","作物品质","作物品质：地块、季节与重复测量","「作物品质」中，地块、季节与重复测量怎样对应本周的实际材料？","method","environment;life;measurement","11","66","编辑审核完成；游戏分支，非专业资格目录","当前分支准备及新版本失效检查通过","本目录中名称唯一"
"crop-science-7","作物科学","农田管理","农田管理：地块、季节与重复测量","「农田管理」中，地块、季节与重复测量怎样对应本周的实际材料？","record","environment;life;measurement","11","66","编辑审核完成；游戏分支，非专业资格目录","当前分支准备及新版本失效检查通过","本目录中名称唯一"
"crop-science-8","作物科学","农艺试验设计","农艺试验设计：地块、季节与重复测量","「农艺试验设计」中，地块、季节与重复测量怎样对应本周的实际材料？","boundary","environment;life;measurement","11","66","编辑审核完成；游戏分支，非专业资格目录","当前分支准备及新版本失效检查通过","本目录中名称唯一"
"crop-science-9","作物科学","农业气候","农业气候：地块、季节与重复测量","「农业气候」中，地块、季节与重复测量怎样对应本周的实际材料？","literature","environment;life;measurement","11","66","编辑审核完成；游戏分支，非专业资格目录","当前分支准备及新版本失效检查通过","本目录中名称唯一"
"crop-science-10","作物科学","作物模型","作物模型：地块、季节与重复测量","「作物模型」中，地块、季节与重复测量怎样对应本周的实际材料？","method","environment;life;measurement","11","66","编辑审核完成；游戏分支，非专业资格目录","当前分支准备及新版本失效检查通过","本目录中名称唯一"
"crop-science-11","作物科学","作物表型资料","作物表型资料：地块、季节与重复测量","「作物表型资料」中，地块、季节与重复测量怎样对应本周的实际材料？","record","environment;life;measurement","11","66","编辑审核完成；游戏分支，非专业资格目录","当前分支准备及新版本失效检查通过","本目录中名称唯一"
"crop-science-12","作物科学","作物生产系统","作物生产系统：地块、季节与重复测量","「作物生产系统」中，地块、季节与重复测量怎样对应本周的实际材料？","boundary","environment;life;measurement","11","66","编辑审核完成；游戏分支，非专业资格目录","当前分支准备及新版本失效检查通过","本目录中名称唯一"
"horticulture-studies-1","园艺学","果树研究","果树研究：生长阶段、环境与评价窗口","「果树研究」中，生长阶段、环境与评价窗口怎样对应本周的实际材料？","literature","environment;life;measurement","11","66","编辑审核完成；游戏分支，非专业资格目录","当前分支准备及新版本失效检查通过","本目录中名称唯一"
"horticulture-studies-2","园艺学","蔬菜研究","蔬菜研究：生长阶段、环境与评价窗口","「蔬菜研究」中，生长阶段、环境与评价窗口怎样对应本周的实际材料？","method","environment;life;measurement","11","66","编辑审核完成；游戏分支，非专业资格目录","当前分支准备及新版本失效检查通过","本目录中名称唯一"
"horticulture-studies-3","园艺学","花卉研究","花卉研究：生长阶段、环境与评价窗口","「花卉研究」中，生长阶段、环境与评价窗口怎样对应本周的实际材料？","record","environment;life;measurement","11","66","编辑审核完成；游戏分支，非专业资格目录","当前分支准备及新版本失效检查通过","本目录中名称唯一"
"horticulture-studies-4","园艺学","设施园艺","设施园艺：生长阶段、环境与评价窗口","「设施园艺」中，生长阶段、环境与评价窗口怎样对应本周的实际材料？","boundary","environment;life;measurement","11","66","编辑审核完成；游戏分支，非专业资格目录","当前分支准备及新版本失效检查通过","本目录中名称唯一"
"horticulture-studies-5","园艺学","园艺品质","园艺品质：生长阶段、环境与评价窗口","「园艺品质」中，生长阶段、环境与评价窗口怎样对应本周的实际材料？","literature","environment;life;measurement","11","66","编辑审核完成；游戏分支，非专业资格目录","当前分支准备及新版本失效检查通过","本目录中名称唯一"
"horticulture-studies-6","园艺学","园艺生理","园艺生理：生长阶段、环境与评价窗口","「园艺生理」中，生长阶段、环境与评价窗口怎样对应本周的实际材料？","method","environment;life;measurement","11","66","编辑审核完成；游戏分支，非专业资格目录","当前分支准备及新版本失效检查通过","本目录中名称唯一"
"horticulture-studies-7","园艺学","园艺资源资料","园艺资源资料：生长阶段、环境与评价窗口","「园艺资源资料」中，生长阶段、环境与评价窗口怎样对应本周的实际材料？","record","environment;life;measurement","11","66","编辑审核完成；游戏分支，非专业资格目录","当前分支准备及新版本失效检查通过","本目录中名称唯一"
"horticulture-studies-8","园艺学","园艺生态","园艺生态：生长阶段、环境与评价窗口","「园艺生态」中，生长阶段、环境与评价窗口怎样对应本周的实际材料？","boundary","environment;life;measurement","11","66","编辑审核完成；游戏分支，非专业资格目录","当前分支准备及新版本失效检查通过","本目录中名称唯一"
"horticulture-studies-9","园艺学","采后评价","采后评价：生长阶段、环境与评价窗口","「采后评价」中，生长阶段、环境与评价窗口怎样对应本周的实际材料？","literature","environment;life;measurement","11","66","编辑审核完成；游戏分支，非专业资格目录","当前分支准备及新版本失效检查通过","本目录中名称唯一"
"horticulture-studies-10","园艺学","园艺生产系统","园艺生产系统：生长阶段、环境与评价窗口","「园艺生产系统」中，生长阶段、环境与评价窗口怎样对应本周的实际材料？","method","environment;life;measurement","11","66","编辑审核完成；游戏分支，非专业资格目录","当前分支准备及新版本失效检查通过","本目录中名称唯一"
"horticulture-studies-11","园艺学","园艺表型","园艺表型：生长阶段、环境与评价窗口","「园艺表型」中，生长阶段、环境与评价窗口怎样对应本周的实际材料？","record","environment;life;measurement","11","66","编辑审核完成；游戏分支，非专业资格目录","当前分支准备及新版本失效检查通过","本目录中名称唯一"
"horticulture-studies-12","园艺学","城市园艺","城市园艺：生长阶段、环境与评价窗口","「城市园艺」中，生长阶段、环境与评价窗口怎样对应本周的实际材料？","boundary","environment;life;measurement","11","66","编辑审核完成；游戏分支，非专业资格目录","当前分支准备及新版本失效检查通过","本目录中名称唯一"
"soil-resources-1","农业资源与土壤","土壤学","土壤学：地块层次、测量批次与尺度","「土壤学」中，地块层次、测量批次与尺度怎样对应本周的实际材料？","literature","environment;life;measurement","11","66","编辑审核完成；游戏分支，非专业资格目录","当前分支准备及新版本失效检查通过","本目录中名称唯一"
"soil-resources-2","农业资源与土壤","植物营养资料","植物营养资料：地块层次、测量批次与尺度","「植物营养资料」中，地块层次、测量批次与尺度怎样对应本周的实际材料？","method","environment;life;measurement","11","66","编辑审核完成；游戏分支，非专业资格目录","当前分支准备及新版本失效检查通过","本目录中名称唯一"
"soil-resources-3","农业资源与土壤","农业资源","农业资源：地块层次、测量批次与尺度","「农业资源」中，地块层次、测量批次与尺度怎样对应本周的实际材料？","record","environment;life;measurement","11","66","编辑审核完成；游戏分支，非专业资格目录","当前分支准备及新版本失效检查通过","本目录中名称唯一"
"soil-resources-4","农业资源与土壤","土壤生态","土壤生态：地块层次、测量批次与尺度","「土壤生态」中，地块层次、测量批次与尺度怎样对应本周的实际材料？","boundary","environment;life;measurement","11","66","编辑审核完成；游戏分支，非专业资格目录","当前分支准备及新版本失效检查通过","本目录中名称唯一"
"soil-resources-5","农业资源与土壤","农田环境","农田环境：地块层次、测量批次与尺度","「农田环境」中，地块层次、测量批次与尺度怎样对应本周的实际材料？","literature","environment;life;measurement","11","66","编辑审核完成；游戏分支，非专业资格目录","当前分支准备及新版本失效检查通过","本目录中名称唯一"
"soil-resources-6","农业资源与土壤","土壤空间分析","土壤空间分析：地块层次、测量批次与尺度","「土壤空间分析」中，地块层次、测量批次与尺度怎样对应本周的实际材料？","method","environment;life;measurement","11","66","编辑审核完成；游戏分支，非专业资格目录","当前分支准备及新版本失效检查通过","本目录中名称唯一"
"soil-resources-7","农业资源与土壤","土壤水分","土壤水分：地块层次、测量批次与尺度","「土壤水分」中，地块层次、测量批次与尺度怎样对应本周的实际材料？","record","environment;life;measurement","11","66","编辑审核完成；游戏分支，非专业资格目录","当前分支准备及新版本失效检查通过","本目录中名称唯一"
"soil-resources-8","农业资源与土壤","土地利用","土地利用：地块层次、测量批次与尺度","「土地利用」中，地块层次、测量批次与尺度怎样对应本周的实际材料？","boundary","environment;life;measurement","11","66","编辑审核完成；游戏分支，非专业资格目录","当前分支准备及新版本失效检查通过","本目录中名称唯一"
"soil-resources-9","农业资源与土壤","资源循环","资源循环：地块层次、测量批次与尺度","「资源循环」中，地块层次、测量批次与尺度怎样对应本周的实际材料？","literature","environment;life;measurement","11","66","编辑审核完成；游戏分支，非专业资格目录","当前分支准备及新版本失效检查通过","共享主题，分属路线：process-engineering-8;soil-resources-9"
"soil-resources-10","农业资源与土壤","土壤测量","土壤测量：地块层次、测量批次与尺度","「土壤测量」中，地块层次、测量批次与尺度怎样对应本周的实际材料？","method","environment;life;measurement","11","66","编辑审核完成；游戏分支，非专业资格目录","当前分支准备及新版本失效检查通过","本目录中名称唯一"
"soil-resources-11","农业资源与土壤","农业资源评价","农业资源评价：地块层次、测量批次与尺度","「农业资源评价」中，地块层次、测量批次与尺度怎样对应本周的实际材料？","record","environment;life;measurement","11","66","编辑审核完成；游戏分支，非专业资格目录","当前分支准备及新版本失效检查通过","本目录中名称唯一"
"soil-resources-12","农业资源与土壤","农业环境史","农业环境史：地块层次、测量批次与尺度","「农业环境史」中，地块层次、测量批次与尺度怎样对应本周的实际材料？","boundary","environment;life;measurement","11","66","编辑审核完成；游戏分支，非专业资格目录","当前分支准备及新版本失效检查通过","本目录中名称唯一"
"forest-science-1","林学与林业研究","森林生态","森林生态：林分层次、长期观测与经营情境","「森林生态」中，林分层次、长期观测与经营情境怎样对应本周的实际材料？","literature","environment;life;measurement","11","66","编辑审核完成；游戏分支，非专业资格目录","当前分支准备及新版本失效检查通过","本目录中名称唯一"
"forest-science-2","林学与林业研究","森林培育","森林培育：林分层次、长期观测与经营情境","「森林培育」中，林分层次、长期观测与经营情境怎样对应本周的实际材料？","method","environment;life;measurement","11","66","编辑审核完成；游戏分支，非专业资格目录","当前分支准备及新版本失效检查通过","本目录中名称唯一"
"forest-science-3","林学与林业研究","森林资源","森林资源：林分层次、长期观测与经营情境","「森林资源」中，林分层次、长期观测与经营情境怎样对应本周的实际材料？","record","environment;life;measurement","11","66","编辑审核完成；游戏分支，非专业资格目录","当前分支准备及新版本失效检查通过","本目录中名称唯一"
"forest-science-4","林学与林业研究","森林经营","森林经营：林分层次、长期观测与经营情境","「森林经营」中，林分层次、长期观测与经营情境怎样对应本周的实际材料？","boundary","environment;life;measurement","11","66","编辑审核完成；游戏分支，非专业资格目录","当前分支准备及新版本失效检查通过","共享主题，分属路线：agriculture-9;forest-science-4"
"forest-science-5","林学与林业研究","林木资料","林木资料：林分层次、长期观测与经营情境","「林木资料」中，林分层次、长期观测与经营情境怎样对应本周的实际材料？","literature","environment;life;measurement","11","66","编辑审核完成；游戏分支，非专业资格目录","当前分支准备及新版本失效检查通过","本目录中名称唯一"
"forest-science-6","林学与林业研究","森林土壤","森林土壤：林分层次、长期观测与经营情境","「森林土壤」中，林分层次、长期观测与经营情境怎样对应本周的实际材料？","method","environment;life;measurement","11","66","编辑审核完成；游戏分支，非专业资格目录","当前分支准备及新版本失效检查通过","本目录中名称唯一"
"forest-science-7","林学与林业研究","林业遥感","林业遥感：林分层次、长期观测与经营情境","「林业遥感」中，林分层次、长期观测与经营情境怎样对应本周的实际材料？","record","environment;life;measurement","11","66","编辑审核完成；游戏分支，非专业资格目录","当前分支准备及新版本失效检查通过","本目录中名称唯一"
"forest-science-8","林学与林业研究","森林碳资料","森林碳资料：林分层次、长期观测与经营情境","「森林碳资料」中，林分层次、长期观测与经营情境怎样对应本周的实际材料？","boundary","environment;life;measurement","11","66","编辑审核完成；游戏分支，非专业资格目录","当前分支准备及新版本失效检查通过","本目录中名称唯一"
"forest-science-9","林学与林业研究","城市林业","城市林业：林分层次、长期观测与经营情境","「城市林业」中，林分层次、长期观测与经营情境怎样对应本周的实际材料？","literature","environment;life;measurement","11","66","编辑审核完成；游戏分支，非专业资格目录","当前分支准备及新版本失效检查通过","本目录中名称唯一"
"forest-science-10","林学与林业研究","林产品评价","林产品评价：林分层次、长期观测与经营情境","「林产品评价」中，林分层次、长期观测与经营情境怎样对应本周的实际材料？","method","environment;life;measurement","11","66","编辑审核完成；游戏分支，非专业资格目录","当前分支准备及新版本失效检查通过","本目录中名称唯一"
"forest-science-11","林学与林业研究","森林健康资料","森林健康资料：林分层次、长期观测与经营情境","「森林健康资料」中，林分层次、长期观测与经营情境怎样对应本周的实际材料？","record","environment;life;measurement","11","66","编辑审核完成；游戏分支，非专业资格目录","当前分支准备及新版本失效检查通过","本目录中名称唯一"
"forest-science-12","林学与林业研究","林业社会研究","林业社会研究：林分层次、长期观测与经营情境","「林业社会研究」中，林分层次、长期观测与经营情境怎样对应本周的实际材料？","boundary","environment;life;measurement","11","66","编辑审核完成；游戏分支，非专业资格目录","当前分支准备及新版本失效检查通过","本目录中名称唯一"
"aquatic-science-1","水产与渔业科学","水产生态","水产生态：池塘或水域单位、季节与观察条件","「水产生态」中，池塘或水域单位、季节与观察条件怎样对应本周的实际材料？","literature","environment;life;measurement","11","66","编辑审核完成；游戏分支，非专业资格目录","当前分支准备及新版本失效检查通过","本目录中名称唯一"
"aquatic-science-2","水产与渔业科学","渔业资源","渔业资源：池塘或水域单位、季节与观察条件","「渔业资源」中，池塘或水域单位、季节与观察条件怎样对应本周的实际材料？","method","environment;life;measurement","11","66","编辑审核完成；游戏分支，非专业资格目录","当前分支准备及新版本失效检查通过","本目录中名称唯一"
"aquatic-science-3","水产与渔业科学","水产营养资料","水产营养资料：池塘或水域单位、季节与观察条件","「水产营养资料」中，池塘或水域单位、季节与观察条件怎样对应本周的实际材料？","record","environment;life;measurement","11","66","编辑审核完成；游戏分支，非专业资格目录","当前分支准备及新版本失效检查通过","本目录中名称唯一"
"aquatic-science-4","水产与渔业科学","水产遗传资料","水产遗传资料：池塘或水域单位、季节与观察条件","「水产遗传资料」中，池塘或水域单位、季节与观察条件怎样对应本周的实际材料？","boundary","environment;life;measurement","11","66","编辑审核完成；游戏分支，非专业资格目录","当前分支准备及新版本失效检查通过","本目录中名称唯一"
"aquatic-science-5","水产与渔业科学","养殖环境评价","养殖环境评价：池塘或水域单位、季节与观察条件","「养殖环境评价」中，池塘或水域单位、季节与观察条件怎样对应本周的实际材料？","literature","environment;life;measurement","11","66","编辑审核完成；游戏分支，非专业资格目录","当前分支准备及新版本失效检查通过","本目录中名称唯一"
"aquatic-science-6","水产与渔业科学","水产品质量","水产品质量：池塘或水域单位、季节与观察条件","「水产品质量」中，池塘或水域单位、季节与观察条件怎样对应本周的实际材料？","method","environment;life;measurement","11","66","编辑审核完成；游戏分支，非专业资格目录","当前分支准备及新版本失效检查通过","本目录中名称唯一"
"aquatic-science-7","水产与渔业科学","水产动物福利","水产动物福利：池塘或水域单位、季节与观察条件","「水产动物福利」中，池塘或水域单位、季节与观察条件怎样对应本周的实际材料？","record","environment;life;measurement","11","66","编辑审核完成；游戏分支，非专业资格目录","当前分支准备及新版本失效检查通过","本目录中名称唯一"
"aquatic-science-8","水产与渔业科学","渔业管理","渔业管理：池塘或水域单位、季节与观察条件","「渔业管理」中，池塘或水域单位、季节与观察条件怎样对应本周的实际材料？","boundary","environment;life;measurement","11","66","编辑审核完成；游戏分支，非专业资格目录","当前分支准备及新版本失效检查通过","本目录中名称唯一"
"aquatic-science-9","水产与渔业科学","渔业社会研究","渔业社会研究：池塘或水域单位、季节与观察条件","「渔业社会研究」中，池塘或水域单位、季节与观察条件怎样对应本周的实际材料？","literature","environment;life;measurement","11","66","编辑审核完成；游戏分支，非专业资格目录","当前分支准备及新版本失效检查通过","本目录中名称唯一"
"aquatic-science-10","水产与渔业科学","水产生产系统","水产生产系统：池塘或水域单位、季节与观察条件","「水产生产系统」中，池塘或水域单位、季节与观察条件怎样对应本周的实际材料？","method","environment;life;measurement","11","66","编辑审核完成；游戏分支，非专业资格目录","当前分支准备及新版本失效检查通过","本目录中名称唯一"
"aquatic-science-11","水产与渔业科学","渔业统计","渔业统计：池塘或水域单位、季节与观察条件","「渔业统计」中，池塘或水域单位、季节与观察条件怎样对应本周的实际材料？","record","environment;life;measurement","11","66","编辑审核完成；游戏分支，非专业资格目录","当前分支准备及新版本失效检查通过","本目录中名称唯一"
"aquatic-science-12","水产与渔业科学","水域观测","水域观测：池塘或水域单位、季节与观察条件","「水域观测」中，池塘或水域单位、季节与观察条件怎样对应本周的实际材料？","boundary","environment;life;measurement","11","66","编辑审核完成；游戏分支，非专业资格目录","当前分支准备及新版本失效检查通过","本目录中名称唯一"
"strategic-studies-1","战略与安全研究","战略思想史","战略思想史：公开材料、情境设定与判断层次","「战略思想史」中，公开材料、情境设定与判断层次怎样对应本周的实际材料？","literature","text;governance;ethics","11","61","编辑审核完成；游戏分支，非专业资格目录","当前分支准备及新版本失效检查通过","共享主题，分属路线：military-5;strategic-studies-1"
"strategic-studies-2","战略与安全研究","安全理论","安全理论：公开材料、情境设定与判断层次","「安全理论」中，公开材料、情境设定与判断层次怎样对应本周的实际材料？","method","text;governance;ethics","11","61","编辑审核完成；游戏分支，非专业资格目录","当前分支准备及新版本失效检查通过","本目录中名称唯一"
"strategic-studies-3","战略与安全研究","公开战略文本","公开战略文本：公开材料、情境设定与判断层次","「公开战略文本」中，公开材料、情境设定与判断层次怎样对应本周的实际材料？","record","text;governance;ethics","11","61","编辑审核完成；游戏分支，非专业资格目录","当前分支准备及新版本失效检查通过","本目录中名称唯一"
"strategic-studies-4","战略与安全研究","区域安全研究","区域安全研究：公开材料、情境设定与判断层次","「区域安全研究」中，公开材料、情境设定与判断层次怎样对应本周的实际材料？","boundary","text;governance;ethics","11","61","编辑审核完成；游戏分支，非专业资格目录","当前分支准备及新版本失效检查通过","本目录中名称唯一"
"strategic-studies-5","战略与安全研究","国际安全机制","国际安全机制：公开材料、情境设定与判断层次","「国际安全机制」中，公开材料、情境设定与判断层次怎样对应本周的实际材料？","literature","text;governance;ethics","11","61","编辑审核完成；游戏分支，非专业资格目录","当前分支准备及新版本失效检查通过","本目录中名称唯一"
"strategic-studies-6","战略与安全研究","安全伦理","安全伦理：公开材料、情境设定与判断层次","「安全伦理」中，公开材料、情境设定与判断层次怎样对应本周的实际材料？","method","text;governance;ethics","11","61","编辑审核完成；游戏分支，非专业资格目录","当前分支准备及新版本失效检查通过","本目录中名称唯一"
"strategic-studies-7","战略与安全研究","危机叙事研究","危机叙事研究：公开材料、情境设定与判断层次","「危机叙事研究」中，公开材料、情境设定与判断层次怎样对应本周的实际材料？","record","text;governance;ethics","11","61","编辑审核完成；游戏分支，非专业资格目录","当前分支准备及新版本失效检查通过","本目录中名称唯一"
"strategic-studies-8","战略与安全研究","战略传播史","战略传播史：公开材料、情境设定与判断层次","「战略传播史」中，公开材料、情境设定与判断层次怎样对应本周的实际材料？","boundary","text;governance;ethics","11","61","编辑审核完成；游戏分支，非专业资格目录","当前分支准备及新版本失效检查通过","本目录中名称唯一"
"strategic-studies-9","战略与安全研究","公共安全政策","公共安全政策：公开材料、情境设定与判断层次","「公共安全政策」中，公开材料、情境设定与判断层次怎样对应本周的实际材料？","literature","text;governance;ethics","11","61","编辑审核完成；游戏分支，非专业资格目录","当前分支准备及新版本失效检查通过","本目录中名称唯一"
"strategic-studies-10","战略与安全研究","比较安全制度","比较安全制度：公开材料、情境设定与判断层次","「比较安全制度」中，公开材料、情境设定与判断层次怎样对应本周的实际材料？","method","text;governance;ethics","11","61","编辑审核完成；游戏分支，非专业资格目录","当前分支准备及新版本失效检查通过","本目录中名称唯一"
"strategic-studies-11","战略与安全研究","战略文化","战略文化：公开材料、情境设定与判断层次","「战略文化」中，公开材料、情境设定与判断层次怎样对应本周的实际材料？","record","text;governance;ethics","11","61","编辑审核完成；游戏分支，非专业资格目录","当前分支准备及新版本失效检查通过","本目录中名称唯一"
"strategic-studies-12","战略与安全研究","安全教育","安全教育：公开材料、情境设定与判断层次","「安全教育」中，公开材料、情境设定与判断层次怎样对应本周的实际材料？","boundary","text;governance;ethics","11","61","编辑审核完成；游戏分支，非专业资格目录","当前分支准备及新版本失效检查通过","本目录中名称唯一"
"military-history-1","军事历史与文化","军事思想史","军事思想史：史料出处、年代与叙述立场","「军事思想史」中，史料出处、年代与叙述立场怎样对应本周的实际材料？","literature","text;governance;ethics","11","61","编辑审核完成；游戏分支，非专业资格目录","当前分支准备及新版本失效检查通过","本目录中名称唯一"
"military-history-2","军事历史与文化","军制史","军制史：史料出处、年代与叙述立场","「军制史」中，史料出处、年代与叙述立场怎样对应本周的实际材料？","method","text;governance;ethics","11","61","编辑审核完成；游戏分支，非专业资格目录","当前分支准备及新版本失效检查通过","本目录中名称唯一"
"military-history-3","军事历史与文化","军事社会史","军事社会史：史料出处、年代与叙述立场","「军事社会史」中，史料出处、年代与叙述立场怎样对应本周的实际材料？","record","text;governance;ethics","11","61","编辑审核完成；游戏分支，非专业资格目录","当前分支准备及新版本失效检查通过","本目录中名称唯一"
"military-history-4","军事历史与文化","战争记忆","战争记忆：史料出处、年代与叙述立场","「战争记忆」中，史料出处、年代与叙述立场怎样对应本周的实际材料？","boundary","text;governance;ethics","11","61","编辑审核完成；游戏分支，非专业资格目录","当前分支准备及新版本失效检查通过","本目录中名称唯一"
"military-history-5","军事历史与文化","军事教育史","军事教育史：史料出处、年代与叙述立场","「军事教育史」中，史料出处、年代与叙述立场怎样对应本周的实际材料？","literature","text;governance;ethics","11","61","编辑审核完成；游戏分支，非专业资格目录","当前分支准备及新版本失效检查通过","本目录中名称唯一"
"military-history-6","军事历史与文化","军史文献","军史文献：史料出处、年代与叙述立场","「军史文献」中，史料出处、年代与叙述立场怎样对应本周的实际材料？","method","text;governance;ethics","11","61","编辑审核完成；游戏分支，非专业资格目录","当前分支准备及新版本失效检查通过","本目录中名称唯一"
"military-history-7","军事历史与文化","军事博物馆","军事博物馆：史料出处、年代与叙述立场","「军事博物馆」中，史料出处、年代与叙述立场怎样对应本周的实际材料？","record","text;governance;ethics","11","61","编辑审核完成；游戏分支，非专业资格目录","当前分支准备及新版本失效检查通过","本目录中名称唯一"
"military-history-8","军事历史与文化","军史口述资料","军史口述资料：史料出处、年代与叙述立场","「军史口述资料」中，史料出处、年代与叙述立场怎样对应本周的实际材料？","boundary","text;governance;ethics","11","61","编辑审核完成；游戏分支，非专业资格目录","当前分支准备及新版本失效检查通过","本目录中名称唯一"
"military-history-9","军事历史与文化","军事文化","军事文化：史料出处、年代与叙述立场","「军事文化」中，史料出处、年代与叙述立场怎样对应本周的实际材料？","literature","text;governance;ethics","11","61","编辑审核完成；游戏分支，非专业资格目录","当前分支准备及新版本失效检查通过","本目录中名称唯一"
"military-history-10","军事历史与文化","和平研究史","和平研究史：史料出处、年代与叙述立场","「和平研究史」中，史料出处、年代与叙述立场怎样对应本周的实际材料？","method","text;governance;ethics","11","61","编辑审核完成；游戏分支，非专业资格目录","当前分支准备及新版本失效检查通过","本目录中名称唯一"
"military-history-11","军事历史与文化","军事史学史","军事史学史：史料出处、年代与叙述立场","「军事史学史」中，史料出处、年代与叙述立场怎样对应本周的实际材料？","record","text;governance;ethics","11","61","编辑审核完成；游戏分支，非专业资格目录","当前分支准备及新版本失效检查通过","本目录中名称唯一"
"military-history-12","军事历史与文化","军事人物资料","军事人物资料：史料出处、年代与叙述立场","「军事人物资料」中，史料出处、年代与叙述立场怎样对应本周的实际材料？","boundary","text;governance;ethics","11","61","编辑审核完成；游戏分支，非专业资格目录","当前分支准备及新版本失效检查通过","本目录中名称唯一"
"defense-management-1","国防管理与公共事务","国防经济公开资料","国防经济公开资料：组织层次、资源口径与公开证据","「国防经济公开资料」中，组织层次、资源口径与公开证据怎样对应本周的实际材料？","literature","text;governance;ethics","11","55","编辑审核完成；游戏分支，非专业资格目录","当前分支准备及新版本失效检查通过","本目录中名称唯一"
"defense-management-2","国防管理与公共事务","国防教育","国防教育：组织层次、资源口径与公开证据","「国防教育」中，组织层次、资源口径与公开证据怎样对应本周的实际材料？","method","text;governance;ethics","11","55","编辑审核完成；游戏分支，非专业资格目录","当前分支准备及新版本失效检查通过","本目录中名称唯一"
"defense-management-3","国防管理与公共事务","组织管理研究","组织管理研究：组织层次、资源口径与公开证据","「组织管理研究」中，组织层次、资源口径与公开证据怎样对应本周的实际材料？","record","text;governance;ethics","11","55","编辑审核完成；游戏分支，非专业资格目录","当前分支准备及新版本失效检查通过","本目录中名称唯一"
"defense-management-4","国防管理与公共事务","人力培养研究","人力培养研究：组织层次、资源口径与公开证据","「人力培养研究」中，组织层次、资源口径与公开证据怎样对应本周的实际材料？","boundary","text;governance;ethics","11","55","编辑审核完成；游戏分支，非专业资格目录","当前分支准备及新版本失效检查通过","本目录中名称唯一"
"defense-management-5","国防管理与公共事务","资源配置公开资料","资源配置公开资料：组织层次、资源口径与公开证据","「资源配置公开资料」中，组织层次、资源口径与公开证据怎样对应本周的实际材料？","literature","text;governance;ethics","11","55","编辑审核完成；游戏分支，非专业资格目录","当前分支准备及新版本失效检查通过","本目录中名称唯一"
"defense-management-6","国防管理与公共事务","公共事务协作","公共事务协作：组织层次、资源口径与公开证据","「公共事务协作」中，组织层次、资源口径与公开证据怎样对应本周的实际材料？","method","text;governance;ethics","11","55","编辑审核完成；游戏分支，非专业资格目录","当前分支准备及新版本失效检查通过","本目录中名称唯一"
"defense-management-7","国防管理与公共事务","国防政策史","国防政策史：组织层次、资源口径与公开证据","「国防政策史」中，组织层次、资源口径与公开证据怎样对应本周的实际材料？","record","text;governance;ethics","11","55","编辑审核完成；游戏分支，非专业资格目录","当前分支准备及新版本失效检查通过","本目录中名称唯一"
"defense-management-8","国防管理与公共事务","管理制度比较","管理制度比较：组织层次、资源口径与公开证据","「管理制度比较」中，组织层次、资源口径与公开证据怎样对应本周的实际材料？","boundary","text;governance;ethics","11","55","编辑审核完成；游戏分支，非专业资格目录","当前分支准备及新版本失效检查通过","本目录中名称唯一"
"defense-management-9","国防管理与公共事务","项目评价方法","项目评价方法：组织层次、资源口径与公开证据","「项目评价方法」中，组织层次、资源口径与公开证据怎样对应本周的实际材料？","literature","text;governance;ethics","11","55","编辑审核完成；游戏分支，非专业资格目录","当前分支准备及新版本失效检查通过","本目录中名称唯一"
"defense-management-10","国防管理与公共事务","国防文化传播","国防文化传播：组织层次、资源口径与公开证据","「国防文化传播」中，组织层次、资源口径与公开证据怎样对应本周的实际材料？","method","text;governance;ethics","11","55","编辑审核完成；游戏分支，非专业资格目录","当前分支准备及新版本失效检查通过","本目录中名称唯一"
"defense-management-11","国防管理与公共事务","教育成效评价","教育成效评价：组织层次、资源口径与公开证据","「教育成效评价」中，组织层次、资源口径与公开证据怎样对应本周的实际材料？","record","text;governance;ethics","11","55","编辑审核完成；游戏分支，非专业资格目录","当前分支准备及新版本失效检查通过","本目录中名称唯一"
"defense-management-12","国防管理与公共事务","公开资料质量","公开资料质量：组织层次、资源口径与公开证据","「公开资料质量」中，组织层次、资源口径与公开证据怎样对应本周的实际材料？","boundary","text;governance;ethics","11","55","编辑审核完成；游戏分支，非专业资格目录","当前分支准备及新版本失效检查通过","本目录中名称唯一"
"military-technology-history-1","军事科技史与技术评价","技术发展史","技术发展史：公开技术描述与可验证资料","「技术发展史」中，公开技术描述与可验证资料怎样对应本周的实际材料？","literature","text;governance;ethics","11","61","编辑审核完成；游戏分支，非专业资格目录","当前分支准备及新版本失效检查通过","本目录中名称唯一"
"military-technology-history-2","军事科技史与技术评价","装备史公开资料","装备史公开资料：公开技术描述与可验证资料","「装备史公开资料」中，公开技术描述与可验证资料怎样对应本周的实际材料？","method","text;governance;ethics","11","61","编辑审核完成；游戏分支，非专业资格目录","当前分支准备及新版本失效检查通过","本目录中名称唯一"
"military-technology-history-3","军事科技史与技术评价","标准史","标准史：公开技术描述与可验证资料","「标准史」中，公开技术描述与可验证资料怎样对应本周的实际材料？","record","text;governance;ethics","11","61","编辑审核完成；游戏分支，非专业资格目录","当前分支准备及新版本失效检查通过","本目录中名称唯一"
"military-technology-history-4","军事科技史与技术评价","技术组织史","技术组织史：公开技术描述与可验证资料","「技术组织史」中，公开技术描述与可验证资料怎样对应本周的实际材料？","boundary","text;governance;ethics","11","61","编辑审核完成；游戏分支，非专业资格目录","当前分支准备及新版本失效检查通过","本目录中名称唯一"
"military-technology-history-5","军事科技史与技术评价","科技政策史","科技政策史：公开技术描述与可验证资料","「科技政策史」中，公开技术描述与可验证资料怎样对应本周的实际材料？","literature","text;governance;ethics","11","61","编辑审核完成；游戏分支，非专业资格目录","当前分支准备及新版本失效检查通过","本目录中名称唯一"
"military-technology-history-6","军事科技史与技术评价","技术伦理","技术伦理：公开技术描述与可验证资料","「技术伦理」中，公开技术描述与可验证资料怎样对应本周的实际材料？","method","text;governance;ethics","11","61","编辑审核完成；游戏分支，非专业资格目录","当前分支准备及新版本失效检查通过","共享主题，分属路线：ethics-studies-5;military-technology-history-6"
"military-technology-history-7","军事科技史与技术评价","公共技术展示","公共技术展示：公开技术描述与可验证资料","「公共技术展示」中，公开技术描述与可验证资料怎样对应本周的实际材料？","record","text;governance;ethics","11","61","编辑审核完成；游戏分支，非专业资格目录","当前分支准备及新版本失效检查通过","本目录中名称唯一"
"military-technology-history-8","军事科技史与技术评价","技术叙事","技术叙事：公开技术描述与可验证资料","「技术叙事」中，公开技术描述与可验证资料怎样对应本周的实际材料？","boundary","text;governance;ethics","11","61","编辑审核完成；游戏分支，非专业资格目录","当前分支准备及新版本失效检查通过","本目录中名称唯一"
"military-technology-history-9","军事科技史与技术评价","创新制度比较","创新制度比较：公开技术描述与可验证资料","「创新制度比较」中，公开技术描述与可验证资料怎样对应本周的实际材料？","literature","text;governance;ethics","11","61","编辑审核完成；游戏分支，非专业资格目录","当前分支准备及新版本失效检查通过","本目录中名称唯一"
"military-technology-history-10","军事科技史与技术评价","科技教育史","科技教育史：公开技术描述与可验证资料","「科技教育史」中，公开技术描述与可验证资料怎样对应本周的实际材料？","method","text;governance;ethics","11","61","编辑审核完成；游戏分支，非专业资格目录","当前分支准备及新版本失效检查通过","本目录中名称唯一"
"military-technology-history-11","军事科技史与技术评价","技术档案","技术档案：公开技术描述与可验证资料","「技术档案」中，公开技术描述与可验证资料怎样对应本周的实际材料？","record","text;governance;ethics","11","61","编辑审核完成；游戏分支，非专业资格目录","当前分支准备及新版本失效检查通过","本目录中名称唯一"
"military-technology-history-12","军事科技史与技术评价","技术资料评价","技术资料评价：公开技术描述与可验证资料","「技术资料评价」中，公开技术描述与可验证资料怎样对应本周的实际材料？","boundary","text;governance;ethics","11","61","编辑审核完成；游戏分支，非专业资格目录","当前分支准备及新版本失效检查通过","本目录中名称唯一"
"peace-conflict-1","和平与冲突研究","和平理论","和平理论：记录范围、概念定义与比较条件","「和平理论」中，记录范围、概念定义与比较条件怎样对应本周的实际材料？","literature","text;governance;ethics","11","55","编辑审核完成；游戏分支，非专业资格目录","当前分支准备及新版本失效检查通过","本目录中名称唯一"
"peace-conflict-2","和平与冲突研究","冲突叙事","冲突叙事：记录范围、概念定义与比较条件","「冲突叙事」中，记录范围、概念定义与比较条件怎样对应本周的实际材料？","method","text;governance;ethics","11","55","编辑审核完成；游戏分支，非专业资格目录","当前分支准备及新版本失效检查通过","本目录中名称唯一"
"peace-conflict-3","和平与冲突研究","协商制度研究","协商制度研究：记录范围、概念定义与比较条件","「协商制度研究」中，记录范围、概念定义与比较条件怎样对应本周的实际材料？","record","text;governance;ethics","11","55","编辑审核完成；游戏分支，非专业资格目录","当前分支准备及新版本失效检查通过","本目录中名称唯一"
"peace-conflict-4","和平与冲突研究","国际组织资料","国际组织资料：记录范围、概念定义与比较条件","「国际组织资料」中，记录范围、概念定义与比较条件怎样对应本周的实际材料？","boundary","text;governance;ethics","11","55","编辑审核完成；游戏分支，非专业资格目录","当前分支准备及新版本失效检查通过","本目录中名称唯一"
"peace-conflict-5","和平与冲突研究","和平教育","和平教育：记录范围、概念定义与比较条件","「和平教育」中，记录范围、概念定义与比较条件怎样对应本周的实际材料？","literature","text;governance;ethics","11","55","编辑审核完成；游戏分支，非专业资格目录","当前分支准备及新版本失效检查通过","本目录中名称唯一"
"peace-conflict-6","和平与冲突研究","记忆与和解","记忆与和解：记录范围、概念定义与比较条件","「记忆与和解」中，记录范围、概念定义与比较条件怎样对应本周的实际材料？","method","text;governance;ethics","11","55","编辑审核完成；游戏分支，非专业资格目录","当前分支准备及新版本失效检查通过","本目录中名称唯一"
"peace-conflict-7","和平与冲突研究","公众安全感","公众安全感：记录范围、概念定义与比较条件","「公众安全感」中，记录范围、概念定义与比较条件怎样对应本周的实际材料？","record","text;governance;ethics","11","55","编辑审核完成；游戏分支，非专业资格目录","当前分支准备及新版本失效检查通过","本目录中名称唯一"
"peace-conflict-8","和平与冲突研究","冲突数据质量","冲突数据质量：记录范围、概念定义与比较条件","「冲突数据质量」中，记录范围、概念定义与比较条件怎样对应本周的实际材料？","boundary","text;governance;ethics","11","55","编辑审核完成；游戏分支，非专业资格目录","当前分支准备及新版本失效检查通过","本目录中名称唯一"
"peace-conflict-9","和平与冲突研究","文化与和平","文化与和平：记录范围、概念定义与比较条件","「文化与和平」中，记录范围、概念定义与比较条件怎样对应本周的实际材料？","literature","text;governance;ethics","11","55","编辑审核完成；游戏分支，非专业资格目录","当前分支准备及新版本失效检查通过","本目录中名称唯一"
"peace-conflict-10","和平与冲突研究","迁移与冲突资料","迁移与冲突资料：记录范围、概念定义与比较条件","「迁移与冲突资料」中，记录范围、概念定义与比较条件怎样对应本周的实际材料？","method","text;governance;ethics","11","55","编辑审核完成；游戏分支，非专业资格目录","当前分支准备及新版本失效检查通过","本目录中名称唯一"
"peace-conflict-11","和平与冲突研究","公共政策比较","公共政策比较：记录范围、概念定义与比较条件","「公共政策比较」中，记录范围、概念定义与比较条件怎样对应本周的实际材料？","record","text;governance;ethics","11","55","编辑审核完成；游戏分支，非专业资格目录","当前分支准备及新版本失效检查通过","本目录中名称唯一"
"peace-conflict-12","和平与冲突研究","和平传播","和平传播：记录范围、概念定义与比较条件","「和平传播」中，记录范围、概念定义与比较条件怎样对应本周的实际材料？","boundary","text;governance;ethics","11","55","编辑审核完成；游戏分支，非专业资格目录","当前分支准备及新版本失效检查通过","本目录中名称唯一"
"business-management-1","工商管理与组织","企业战略","企业战略：组织与个体层次、案例选择","「企业战略」中，组织与个体层次、案例选择怎样对应本周的实际材料？","literature","resources;governance;inference","11","69","编辑审核完成；游戏分支，非专业资格目录","当前分支准备及新版本失效检查通过","本目录中名称唯一"
"business-management-2","工商管理与组织","组织行为","组织行为：组织与个体层次、案例选择","「组织行为」中，组织与个体层次、案例选择怎样对应本周的实际材料？","method","resources;governance;inference","11","69","编辑审核完成；游戏分支，非专业资格目录","当前分支准备及新版本失效检查通过","本目录中名称唯一"
"business-management-3","工商管理与组织","人力资源","人力资源：组织与个体层次、案例选择","「人力资源」中，组织与个体层次、案例选择怎样对应本周的实际材料？","record","resources;governance;inference","11","69","编辑审核完成；游戏分支，非专业资格目录","当前分支准备及新版本失效检查通过","本目录中名称唯一"
"business-management-4","工商管理与组织","创新管理","创新管理：组织与个体层次、案例选择","「创新管理」中，组织与个体层次、案例选择怎样对应本周的实际材料？","boundary","resources;governance;inference","11","69","编辑审核完成；游戏分支，非专业资格目录","当前分支准备及新版本失效检查通过","本目录中名称唯一"
"business-management-5","工商管理与组织","创业研究","创业研究：组织与个体层次、案例选择","「创业研究」中，组织与个体层次、案例选择怎样对应本周的实际材料？","literature","resources;governance;inference","11","69","编辑审核完成；游戏分支，非专业资格目录","当前分支准备及新版本失效检查通过","本目录中名称唯一"
"business-management-6","工商管理与组织","企业治理","企业治理：组织与个体层次、案例选择","「企业治理」中，组织与个体层次、案例选择怎样对应本周的实际材料？","method","resources;governance;inference","11","69","编辑审核完成；游戏分支，非专业资格目录","当前分支准备及新版本失效检查通过","本目录中名称唯一"
"business-management-7","工商管理与组织","组织文化","组织文化：组织与个体层次、案例选择","「组织文化」中，组织与个体层次、案例选择怎样对应本周的实际材料？","record","resources;governance;inference","11","69","编辑审核完成；游戏分支，非专业资格目录","当前分支准备及新版本失效检查通过","本目录中名称唯一"
"business-management-8","工商管理与组织","管理案例","管理案例：组织与个体层次、案例选择","「管理案例」中，组织与个体层次、案例选择怎样对应本周的实际材料？","boundary","resources;governance;inference","11","69","编辑审核完成；游戏分支，非专业资格目录","当前分支准备及新版本失效检查通过","本目录中名称唯一"
"business-management-9","工商管理与组织","服务管理","服务管理：组织与个体层次、案例选择","「服务管理」中，组织与个体层次、案例选择怎样对应本周的实际材料？","literature","resources;governance;inference","11","69","编辑审核完成；游戏分支，非专业资格目录","当前分支准备及新版本失效检查通过","本目录中名称唯一"
"business-management-10","工商管理与组织","团队协作","团队协作：组织与个体层次、案例选择","「团队协作」中，组织与个体层次、案例选择怎样对应本周的实际材料？","method","resources;governance;inference","11","69","编辑审核完成；游戏分支，非专业资格目录","当前分支准备及新版本失效检查通过","本目录中名称唯一"
"business-management-11","工商管理与组织","管理伦理","管理伦理：组织与个体层次、案例选择","「管理伦理」中，组织与个体层次、案例选择怎样对应本周的实际材料？","record","resources;governance;inference","11","69","编辑审核完成；游戏分支，非专业资格目录","当前分支准备及新版本失效检查通过","本目录中名称唯一"
"business-management-12","工商管理与组织","管理教育","管理教育：组织与个体层次、案例选择","「管理教育」中，组织与个体层次、案例选择怎样对应本周的实际材料？","boundary","resources;governance;inference","11","69","编辑审核完成；游戏分支，非专业资格目录","当前分支准备及新版本失效检查通过","本目录中名称唯一"
"accounting-studies-1","会计与审计研究","财务会计","财务会计：报告口径、时期与资料来源","「财务会计」中，报告口径、时期与资料来源怎样对应本周的实际材料？","literature","resources;governance;inference","11","64","编辑审核完成；游戏分支，非专业资格目录","当前分支准备及新版本失效检查通过","本目录中名称唯一"
"accounting-studies-2","会计与审计研究","管理会计","管理会计：报告口径、时期与资料来源","「管理会计」中，报告口径、时期与资料来源怎样对应本周的实际材料？","method","resources;governance;inference","11","64","编辑审核完成；游戏分支，非专业资格目录","当前分支准备及新版本失效检查通过","本目录中名称唯一"
"accounting-studies-3","会计与审计研究","审计研究","审计研究：报告口径、时期与资料来源","「审计研究」中，报告口径、时期与资料来源怎样对应本周的实际材料？","record","resources;governance;inference","11","64","编辑审核完成；游戏分支，非专业资格目录","当前分支准备及新版本失效检查通过","本目录中名称唯一"
"accounting-studies-4","会计与审计研究","信息披露","信息披露：报告口径、时期与资料来源","「信息披露」中，报告口径、时期与资料来源怎样对应本周的实际材料？","boundary","resources;governance;inference","11","64","编辑审核完成；游戏分支，非专业资格目录","当前分支准备及新版本失效检查通过","本目录中名称唯一"
"accounting-studies-5","会计与审计研究","公司治理","公司治理：报告口径、时期与资料来源","「公司治理」中，报告口径、时期与资料来源怎样对应本周的实际材料？","literature","resources;governance;inference","11","64","编辑审核完成；游戏分支，非专业资格目录","当前分支准备及新版本失效检查通过","本目录中名称唯一"
"accounting-studies-6","会计与审计研究","会计史","会计史：报告口径、时期与资料来源","「会计史」中，报告口径、时期与资料来源怎样对应本周的实际材料？","method","resources;governance;inference","11","64","编辑审核完成；游戏分支，非专业资格目录","当前分支准备及新版本失效检查通过","本目录中名称唯一"
"accounting-studies-7","会计与审计研究","公共部门会计","公共部门会计：报告口径、时期与资料来源","「公共部门会计」中，报告口径、时期与资料来源怎样对应本周的实际材料？","record","resources;governance;inference","11","64","编辑审核完成；游戏分支，非专业资格目录","当前分支准备及新版本失效检查通过","本目录中名称唯一"
"accounting-studies-8","会计与审计研究","非财务报告","非财务报告：报告口径、时期与资料来源","「非财务报告」中，报告口径、时期与资料来源怎样对应本周的实际材料？","boundary","resources;governance;inference","11","64","编辑审核完成；游戏分支，非专业资格目录","当前分支准备及新版本失效检查通过","本目录中名称唯一"
"accounting-studies-9","会计与审计研究","审计数据","审计数据：报告口径、时期与资料来源","「审计数据」中，报告口径、时期与资料来源怎样对应本周的实际材料？","literature","resources;governance;inference","11","64","编辑审核完成；游戏分支，非专业资格目录","当前分支准备及新版本失效检查通过","本目录中名称唯一"
"accounting-studies-10","会计与审计研究","会计规范","会计规范：报告口径、时期与资料来源","「会计规范」中，报告口径、时期与资料来源怎样对应本周的实际材料？","method","resources;governance;inference","11","64","编辑审核完成；游戏分支，非专业资格目录","当前分支准备及新版本失效检查通过","本目录中名称唯一"
"accounting-studies-11","会计与审计研究","职业判断","职业判断：报告口径、时期与资料来源","「职业判断」中，报告口径、时期与资料来源怎样对应本周的实际材料？","record","resources;governance;inference","11","64","编辑审核完成；游戏分支，非专业资格目录","当前分支准备及新版本失效检查通过","本目录中名称唯一"
"accounting-studies-12","会计与审计研究","会计教育","会计教育：报告口径、时期与资料来源","「会计教育」中，报告口径、时期与资料来源怎样对应本周的实际材料？","boundary","resources;governance;inference","11","64","编辑审核完成；游戏分支，非专业资格目录","当前分支准备及新版本失效检查通过","本目录中名称唯一"
"information-management-1","信息资源与图书情报","图书馆学","图书馆学：信息来源、检索覆盖与记录版本","「图书馆学」中，信息来源、检索覆盖与记录版本怎样对应本周的实际材料？","literature","resources;governance;inference","11","64","编辑审核完成；游戏分支，非专业资格目录","当前分支准备及新版本失效检查通过","本目录中名称唯一"
"information-management-2","信息资源与图书情报","情报学","情报学：信息来源、检索覆盖与记录版本","「情报学」中，信息来源、检索覆盖与记录版本怎样对应本周的实际材料？","method","resources;governance;inference","11","64","编辑审核完成；游戏分支，非专业资格目录","当前分支准备及新版本失效检查通过","本目录中名称唯一"
"information-management-3","信息资源与图书情报","档案管理","档案管理：信息来源、检索覆盖与记录版本","「档案管理」中，信息来源、检索覆盖与记录版本怎样对应本周的实际材料？","record","resources;governance;inference","11","64","编辑审核完成；游戏分支，非专业资格目录","当前分支准备及新版本失效检查通过","本目录中名称唯一"
"information-management-4","信息资源与图书情报","知识组织","知识组织：信息来源、检索覆盖与记录版本","「知识组织」中，信息来源、检索覆盖与记录版本怎样对应本周的实际材料？","boundary","resources;governance;inference","11","64","编辑审核完成；游戏分支，非专业资格目录","当前分支准备及新版本失效检查通过","本目录中名称唯一"
"information-management-5","信息资源与图书情报","信息检索","信息检索：信息来源、检索覆盖与记录版本","「信息检索」中，信息来源、检索覆盖与记录版本怎样对应本周的实际材料？","literature","resources;governance;inference","11","64","编辑审核完成；游戏分支，非专业资格目录","当前分支准备及新版本失效检查通过","本目录中名称唯一"
"information-management-6","信息资源与图书情报","科学计量","科学计量：信息来源、检索覆盖与记录版本","「科学计量」中，信息来源、检索覆盖与记录版本怎样对应本周的实际材料？","method","resources;governance;inference","11","64","编辑审核完成；游戏分支，非专业资格目录","当前分支准备及新版本失效检查通过","本目录中名称唯一"
"information-management-7","信息资源与图书情报","用户信息行为","用户信息行为：信息来源、检索覆盖与记录版本","「用户信息行为」中，信息来源、检索覆盖与记录版本怎样对应本周的实际材料？","record","resources;governance;inference","11","64","编辑审核完成；游戏分支，非专业资格目录","当前分支准备及新版本失效检查通过","本目录中名称唯一"
"information-management-8","信息资源与图书情报","数字保存","数字保存：信息来源、检索覆盖与记录版本","「数字保存」中，信息来源、检索覆盖与记录版本怎样对应本周的实际材料？","boundary","resources;governance;inference","11","64","编辑审核完成；游戏分支，非专业资格目录","当前分支准备及新版本失效检查通过","本目录中名称唯一"
"information-management-9","信息资源与图书情报","公共信息服务","公共信息服务：信息来源、检索覆盖与记录版本","「公共信息服务」中，信息来源、检索覆盖与记录版本怎样对应本周的实际材料？","literature","resources;governance;inference","11","64","编辑审核完成；游戏分支，非专业资格目录","当前分支准备及新版本失效检查通过","本目录中名称唯一"
"information-management-10","信息资源与图书情报","知识管理","知识管理：信息来源、检索覆盖与记录版本","「知识管理」中，信息来源、检索覆盖与记录版本怎样对应本周的实际材料？","method","resources;governance;inference","11","64","编辑审核完成；游戏分支，非专业资格目录","当前分支准备及新版本失效检查通过","本目录中名称唯一"
"information-management-11","信息资源与图书情报","数据治理","数据治理：信息来源、检索覆盖与记录版本","「数据治理」中，信息来源、检索覆盖与记录版本怎样对应本周的实际材料？","record","resources;governance;inference","11","64","编辑审核完成；游戏分支，非专业资格目录","当前分支准备及新版本失效检查通过","本目录中名称唯一"
"information-management-12","信息资源与图书情报","信息伦理","信息伦理：信息来源、检索覆盖与记录版本","「信息伦理」中，信息来源、检索覆盖与记录版本怎样对应本周的实际材料？","boundary","resources;governance;inference","11","64","编辑审核完成；游戏分支，非专业资格目录","当前分支准备及新版本失效检查通过","本目录中名称唯一"
"operations-management-1","工业工程与运营管理","生产系统","生产系统：流程单位、资源约束与评价周期","「生产系统」中，流程单位、资源约束与评价周期怎样对应本周的实际材料？","literature","resources;governance;inference","11","64","编辑审核完成；游戏分支，非专业资格目录","当前分支准备及新版本失效检查通过","本目录中名称唯一"
"operations-management-2","工业工程与运营管理","运营研究","运营研究：流程单位、资源约束与评价周期","「运营研究」中，流程单位、资源约束与评价周期怎样对应本周的实际材料？","method","resources;governance;inference","11","64","编辑审核完成；游戏分支，非专业资格目录","当前分支准备及新版本失效检查通过","本目录中名称唯一"
"operations-management-3","工业工程与运营管理","质量管理","质量管理：流程单位、资源约束与评价周期","「质量管理」中，流程单位、资源约束与评价周期怎样对应本周的实际材料？","record","resources;governance;inference","11","64","编辑审核完成；游戏分支，非专业资格目录","当前分支准备及新版本失效检查通过","本目录中名称唯一"
"operations-management-4","工业工程与运营管理","供应链","供应链：流程单位、资源约束与评价周期","「供应链」中，流程单位、资源约束与评价周期怎样对应本周的实际材料？","boundary","resources;governance;inference","11","64","编辑审核完成；游戏分支，非专业资格目录","当前分支准备及新版本失效检查通过","本目录中名称唯一"
"operations-management-5","工业工程与运营管理","服务运营","服务运营：流程单位、资源约束与评价周期","「服务运营」中，流程单位、资源约束与评价周期怎样对应本周的实际材料？","literature","resources;governance;inference","11","64","编辑审核完成；游戏分支，非专业资格目录","当前分支准备及新版本失效检查通过","本目录中名称唯一"
"operations-management-6","工业工程与运营管理","人因工程","人因工程：流程单位、资源约束与评价周期","「人因工程」中，流程单位、资源约束与评价周期怎样对应本周的实际材料？","method","resources;governance;inference","11","64","编辑审核完成；游戏分支，非专业资格目录","当前分支准备及新版本失效检查通过","本目录中名称唯一"
"operations-management-7","工业工程与运营管理","项目管理","项目管理：流程单位、资源约束与评价周期","「项目管理」中，流程单位、资源约束与评价周期怎样对应本周的实际材料？","record","resources;governance;inference","11","64","编辑审核完成；游戏分支，非专业资格目录","当前分支准备及新版本失效检查通过","本目录中名称唯一"
"operations-management-8","工业工程与运营管理","可靠性管理","可靠性管理：流程单位、资源约束与评价周期","「可靠性管理」中，流程单位、资源约束与评价周期怎样对应本周的实际材料？","boundary","resources;governance;inference","11","64","编辑审核完成；游戏分支，非专业资格目录","当前分支准备及新版本失效检查通过","本目录中名称唯一"
"operations-management-9","工业工程与运营管理","流程改进","流程改进：流程单位、资源约束与评价周期","「流程改进」中，流程单位、资源约束与评价周期怎样对应本周的实际材料？","literature","resources;governance;inference","11","64","编辑审核完成；游戏分支，非专业资格目录","当前分支准备及新版本失效检查通过","本目录中名称唯一"
"operations-management-10","工业工程与运营管理","运营模型","运营模型：流程单位、资源约束与评价周期","「运营模型」中，流程单位、资源约束与评价周期怎样对应本周的实际材料？","method","resources;governance;inference","11","64","编辑审核完成；游戏分支，非专业资格目录","当前分支准备及新版本失效检查通过","本目录中名称唯一"
"operations-management-11","工业工程与运营管理","库存评价","库存评价：流程单位、资源约束与评价周期","「库存评价」中，流程单位、资源约束与评价周期怎样对应本周的实际材料？","record","resources;governance;inference","11","64","编辑审核完成；游戏分支，非专业资格目录","当前分支准备及新版本失效检查通过","本目录中名称唯一"
"operations-management-12","工业工程与运营管理","工业工程教育","工业工程教育：流程单位、资源约束与评价周期","「工业工程教育」中，流程单位、资源约束与评价周期怎样对应本周的实际材料？","boundary","resources;governance;inference","11","64","编辑审核完成；游戏分支，非专业资格目录","当前分支准备及新版本失效检查通过","本目录中名称唯一"
"public-governance-1","公共治理与社会保障","行政管理","行政管理：执行层次、公众范围与制度情境","「行政管理」中，执行层次、公众范围与制度情境怎样对应本周的实际材料？","literature","resources;governance;inference","11","69","编辑审核完成；游戏分支，非专业资格目录","当前分支准备及新版本失效检查通过","本目录中名称唯一"
"public-governance-2","公共治理与社会保障","社会保障","社会保障：执行层次、公众范围与制度情境","「社会保障」中，执行层次、公众范围与制度情境怎样对应本周的实际材料？","method","resources;governance;inference","11","69","编辑审核完成；游戏分支，非专业资格目录","当前分支准备及新版本失效检查通过","共享主题，分属路线：publicadmin-6;public-governance-2"
"public-governance-3","公共治理与社会保障","社会政策","社会政策：执行层次、公众范围与制度情境","「社会政策」中，执行层次、公众范围与制度情境怎样对应本周的实际材料？","record","resources;governance;inference","11","69","编辑审核完成；游戏分支，非专业资格目录","当前分支准备及新版本失效检查通过","本目录中名称唯一"
"public-governance-4","公共治理与社会保障","公共预算","公共预算：执行层次、公众范围与制度情境","「公共预算」中，执行层次、公众范围与制度情境怎样对应本周的实际材料？","boundary","resources;governance;inference","11","69","编辑审核完成；游戏分支，非专业资格目录","当前分支准备及新版本失效检查通过","本目录中名称唯一"
"public-governance-5","公共治理与社会保障","公共服务","公共服务：执行层次、公众范围与制度情境","「公共服务」中，执行层次、公众范围与制度情境怎样对应本周的实际材料？","literature","resources;governance;inference","11","69","编辑审核完成；游戏分支，非专业资格目录","当前分支准备及新版本失效检查通过","共享主题，分属路线：publicadmin-2;public-governance-5"
"public-governance-6","公共治理与社会保障","应急管理研究","应急管理研究：执行层次、公众范围与制度情境","「应急管理研究」中，执行层次、公众范围与制度情境怎样对应本周的实际材料？","method","resources;governance;inference","11","69","编辑审核完成；游戏分支，非专业资格目录","当前分支准备及新版本失效检查通过","本目录中名称唯一"
"public-governance-7","公共治理与社会保障","基层治理","基层治理：执行层次、公众范围与制度情境","「基层治理」中，执行层次、公众范围与制度情境怎样对应本周的实际材料？","record","resources;governance;inference","11","69","编辑审核完成；游戏分支，非专业资格目录","当前分支准备及新版本失效检查通过","本目录中名称唯一"
"public-governance-8","公共治理与社会保障","非营利组织","非营利组织：执行层次、公众范围与制度情境","「非营利组织」中，执行层次、公众范围与制度情境怎样对应本周的实际材料？","boundary","resources;governance;inference","11","69","编辑审核完成；游戏分支，非专业资格目录","当前分支准备及新版本失效检查通过","共享主题，分属路线：publicadmin-8;public-governance-8"
"public-governance-9","公共治理与社会保障","数字治理","数字治理：执行层次、公众范围与制度情境","「数字治理」中，执行层次、公众范围与制度情境怎样对应本周的实际材料？","literature","resources;governance;inference","11","69","编辑审核完成；游戏分支，非专业资格目录","当前分支准备及新版本失效检查通过","共享主题，分属路线：publicadmin-5;public-governance-9"
"public-governance-10","公共治理与社会保障","政策执行","政策执行：执行层次、公众范围与制度情境","「政策执行」中，执行层次、公众范围与制度情境怎样对应本周的实际材料？","method","resources;governance;inference","11","69","编辑审核完成；游戏分支，非专业资格目录","当前分支准备及新版本失效检查通过","本目录中名称唯一"
"public-governance-11","公共治理与社会保障","公众参与","公众参与：执行层次、公众范围与制度情境","「公众参与」中，执行层次、公众范围与制度情境怎样对应本周的实际材料？","record","resources;governance;inference","11","69","编辑审核完成；游戏分支，非专业资格目录","当前分支准备及新版本失效检查通过","本目录中名称唯一"
"public-governance-12","公共治理与社会保障","治理评价","治理评价：执行层次、公众范围与制度情境","「治理评价」中，执行层次、公众范围与制度情境怎样对应本周的实际材料？","boundary","resources;governance;inference","11","69","编辑审核完成；游戏分支，非专业资格目录","当前分支准备及新版本失效检查通过","本目录中名称唯一"
"fine-art-studies-1","美术学与视觉实践","绘画研究","绘画研究：作品过程、材料与解释依据","「绘画研究」中，作品过程、材料与解释依据怎样对应本周的实际材料？","literature","creative;culture;interaction","11","71","编辑审核完成；游戏分支，非专业资格目录","当前分支准备及新版本失效检查通过","本目录中名称唯一"
"fine-art-studies-2","美术学与视觉实践","雕塑研究","雕塑研究：作品过程、材料与解释依据","「雕塑研究」中，作品过程、材料与解释依据怎样对应本周的实际材料？","method","creative;culture;interaction","11","71","编辑审核完成；游戏分支，非专业资格目录","当前分支准备及新版本失效检查通过","本目录中名称唯一"
"fine-art-studies-3","美术学与视觉实践","版画研究","版画研究：作品过程、材料与解释依据","「版画研究」中，作品过程、材料与解释依据怎样对应本周的实际材料？","record","creative;culture;interaction","11","71","编辑审核完成；游戏分支，非专业资格目录","当前分支准备及新版本失效检查通过","本目录中名称唯一"
"fine-art-studies-4","美术学与视觉实践","书法研究","书法研究：作品过程、材料与解释依据","「书法研究」中，作品过程、材料与解释依据怎样对应本周的实际材料？","boundary","creative;culture;interaction","11","71","编辑审核完成；游戏分支，非专业资格目录","当前分支准备及新版本失效检查通过","本目录中名称唯一"
"fine-art-studies-5","美术学与视觉实践","视觉材料","视觉材料：作品过程、材料与解释依据","「视觉材料」中，作品过程、材料与解释依据怎样对应本周的实际材料？","literature","creative;culture;interaction","11","71","编辑审核完成；游戏分支，非专业资格目录","当前分支准备及新版本失效检查通过","本目录中名称唯一"
"fine-art-studies-6","美术学与视觉实践","美术史","美术史：作品过程、材料与解释依据","「美术史」中，作品过程、材料与解释依据怎样对应本周的实际材料？","method","creative;culture;interaction","11","71","编辑审核完成；游戏分支，非专业资格目录","当前分支准备及新版本失效检查通过","本目录中名称唯一"
"fine-art-studies-7","美术学与视觉实践","美术理论","美术理论：作品过程、材料与解释依据","「美术理论」中，作品过程、材料与解释依据怎样对应本周的实际材料？","record","creative;culture;interaction","11","71","编辑审核完成；游戏分支，非专业资格目录","当前分支准备及新版本失效检查通过","本目录中名称唯一"
"fine-art-studies-8","美术学与视觉实践","当代艺术","当代艺术：作品过程、材料与解释依据","「当代艺术」中，作品过程、材料与解释依据怎样对应本周的实际材料？","boundary","creative;culture;interaction","11","71","编辑审核完成；游戏分支，非专业资格目录","当前分支准备及新版本失效检查通过","本目录中名称唯一"
"fine-art-studies-9","美术学与视觉实践","公共艺术","公共艺术：作品过程、材料与解释依据","「公共艺术」中，作品过程、材料与解释依据怎样对应本周的实际材料？","literature","creative;culture;interaction","11","71","编辑审核完成；游戏分支，非专业资格目录","当前分支准备及新版本失效检查通过","共享主题，分属路线：art-7;fine-art-studies-9"
"fine-art-studies-10","美术学与视觉实践","美术教育","美术教育：作品过程、材料与解释依据","「美术教育」中，作品过程、材料与解释依据怎样对应本周的实际材料？","method","creative;culture;interaction","11","71","编辑审核完成；游戏分支，非专业资格目录","当前分支准备及新版本失效检查通过","本目录中名称唯一"
"fine-art-studies-11","美术学与视觉实践","材料表达","材料表达：作品过程、材料与解释依据","「材料表达」中，作品过程、材料与解释依据怎样对应本周的实际材料？","record","creative;culture;interaction","11","71","编辑审核完成；游戏分支，非专业资格目录","当前分支准备及新版本失效检查通过","本目录中名称唯一"
"fine-art-studies-12","美术学与视觉实践","展览研究","展览研究：作品过程、材料与解释依据","「展览研究」中，作品过程、材料与解释依据怎样对应本周的实际材料？","boundary","creative;culture;interaction","11","71","编辑审核完成；游戏分支，非专业资格目录","当前分支准备及新版本失效检查通过","本目录中名称唯一"
"musicology-studies-1","音乐学与音乐实践","音乐史","音乐史：谱面、表演版本与听觉条件","「音乐史」中，谱面、表演版本与听觉条件怎样对应本周的实际材料？","literature","creative;culture;interaction","11","71","编辑审核完成；游戏分支，非专业资格目录","当前分支准备及新版本失效检查通过","本目录中名称唯一"
"musicology-studies-2","音乐学与音乐实践","民族音乐学","民族音乐学：谱面、表演版本与听觉条件","「民族音乐学」中，谱面、表演版本与听觉条件怎样对应本周的实际材料？","method","creative;culture;interaction","11","71","编辑审核完成；游戏分支，非专业资格目录","当前分支准备及新版本失效检查通过","本目录中名称唯一"
"musicology-studies-3","音乐学与音乐实践","音乐分析","音乐分析：谱面、表演版本与听觉条件","「音乐分析」中，谱面、表演版本与听觉条件怎样对应本周的实际材料？","record","creative;culture;interaction","11","71","编辑审核完成；游戏分支，非专业资格目录","当前分支准备及新版本失效检查通过","本目录中名称唯一"
"musicology-studies-4","音乐学与音乐实践","作曲研究","作曲研究：谱面、表演版本与听觉条件","「作曲研究」中，谱面、表演版本与听觉条件怎样对应本周的实际材料？","boundary","creative;culture;interaction","11","71","编辑审核完成；游戏分支，非专业资格目录","当前分支准备及新版本失效检查通过","本目录中名称唯一"
"musicology-studies-5","音乐学与音乐实践","演奏实践","演奏实践：谱面、表演版本与听觉条件","「演奏实践」中，谱面、表演版本与听觉条件怎样对应本周的实际材料？","literature","creative;culture;interaction","11","71","编辑审核完成；游戏分支，非专业资格目录","当前分支准备及新版本失效检查通过","本目录中名称唯一"
"musicology-studies-6","音乐学与音乐实践","声乐研究","声乐研究：谱面、表演版本与听觉条件","「声乐研究」中，谱面、表演版本与听觉条件怎样对应本周的实际材料？","method","creative;culture;interaction","11","71","编辑审核完成；游戏分支，非专业资格目录","当前分支准备及新版本失效检查通过","本目录中名称唯一"
"musicology-studies-7","音乐学与音乐实践","音乐教育","音乐教育：谱面、表演版本与听觉条件","「音乐教育」中，谱面、表演版本与听觉条件怎样对应本周的实际材料？","record","creative;culture;interaction","11","71","编辑审核完成；游戏分支，非专业资格目录","当前分支准备及新版本失效检查通过","共享主题，分属路线：music-5;musicology-studies-7"
"musicology-studies-8","音乐学与音乐实践","音乐技术","音乐技术：谱面、表演版本与听觉条件","「音乐技术」中，谱面、表演版本与听觉条件怎样对应本周的实际材料？","boundary","creative;culture;interaction","11","71","编辑审核完成；游戏分支，非专业资格目录","当前分支准备及新版本失效检查通过","本目录中名称唯一"
"musicology-studies-9","音乐学与音乐实践","录音评价","录音评价：谱面、表演版本与听觉条件","「录音评价」中，谱面、表演版本与听觉条件怎样对应本周的实际材料？","literature","creative;culture;interaction","11","71","编辑审核完成；游戏分支，非专业资格目录","当前分支准备及新版本失效检查通过","本目录中名称唯一"
"musicology-studies-10","音乐学与音乐实践","音乐心理资料","音乐心理资料：谱面、表演版本与听觉条件","「音乐心理资料」中，谱面、表演版本与听觉条件怎样对应本周的实际材料？","method","creative;culture;interaction","11","71","编辑审核完成；游戏分支，非专业资格目录","当前分支准备及新版本失效检查通过","本目录中名称唯一"
"musicology-studies-11","音乐学与音乐实践","音乐与社会","音乐与社会：谱面、表演版本与听觉条件","「音乐与社会」中，谱面、表演版本与听觉条件怎样对应本周的实际材料？","record","creative;culture;interaction","11","71","编辑审核完成；游戏分支，非专业资格目录","当前分支准备及新版本失效检查通过","本目录中名称唯一"
"musicology-studies-12","音乐学与音乐实践","音乐文献","音乐文献：谱面、表演版本与听觉条件","「音乐文献」中，谱面、表演版本与听觉条件怎样对应本周的实际材料？","boundary","creative;culture;interaction","11","71","编辑审核完成；游戏分支，非专业资格目录","当前分支准备及新版本失效检查通过","本目录中名称唯一"
"film-studies-1","电影与影像研究","电影史","电影史：镜头材料、制作过程与观看语境","「电影史」中，镜头材料、制作过程与观看语境怎样对应本周的实际材料？","literature","creative;culture;interaction","11","71","编辑审核完成；游戏分支，非专业资格目录","当前分支准备及新版本失效检查通过","本目录中名称唯一"
"film-studies-2","电影与影像研究","电影理论","电影理论：镜头材料、制作过程与观看语境","「电影理论」中，镜头材料、制作过程与观看语境怎样对应本周的实际材料？","method","creative;culture;interaction","11","71","编辑审核完成；游戏分支，非专业资格目录","当前分支准备及新版本失效检查通过","本目录中名称唯一"
"film-studies-3","电影与影像研究","影像叙事","影像叙事：镜头材料、制作过程与观看语境","「影像叙事」中，镜头材料、制作过程与观看语境怎样对应本周的实际材料？","record","creative;culture;interaction","11","71","编辑审核完成；游戏分支，非专业资格目录","当前分支准备及新版本失效检查通过","本目录中名称唯一"
"film-studies-4","电影与影像研究","纪录片研究","纪录片研究：镜头材料、制作过程与观看语境","「纪录片研究」中，镜头材料、制作过程与观看语境怎样对应本周的实际材料？","boundary","creative;culture;interaction","11","71","编辑审核完成；游戏分支，非专业资格目录","当前分支准备及新版本失效检查通过","本目录中名称唯一"
"film-studies-5","电影与影像研究","视听语言","视听语言：镜头材料、制作过程与观看语境","「视听语言」中，镜头材料、制作过程与观看语境怎样对应本周的实际材料？","literature","creative;culture;interaction","11","71","编辑审核完成；游戏分支，非专业资格目录","当前分支准备及新版本失效检查通过","本目录中名称唯一"
"film-studies-6","电影与影像研究","影像档案","影像档案：镜头材料、制作过程与观看语境","「影像档案」中，镜头材料、制作过程与观看语境怎样对应本周的实际材料？","method","creative;culture;interaction","11","71","编辑审核完成；游戏分支，非专业资格目录","当前分支准备及新版本失效检查通过","本目录中名称唯一"
"film-studies-7","电影与影像研究","影视制作研究","影视制作研究：镜头材料、制作过程与观看语境","「影视制作研究」中，镜头材料、制作过程与观看语境怎样对应本周的实际材料？","record","creative;culture;interaction","11","71","编辑审核完成；游戏分支，非专业资格目录","当前分支准备及新版本失效检查通过","本目录中名称唯一"
"film-studies-8","电影与影像研究","观众研究","观众研究：镜头材料、制作过程与观看语境","「观众研究」中，镜头材料、制作过程与观看语境怎样对应本周的实际材料？","boundary","creative;culture;interaction","11","71","编辑审核完成；游戏分支，非专业资格目录","当前分支准备及新版本失效检查通过","本目录中名称唯一"
"film-studies-9","电影与影像研究","电影文化","电影文化：镜头材料、制作过程与观看语境","「电影文化」中，镜头材料、制作过程与观看语境怎样对应本周的实际材料？","literature","creative;culture;interaction","11","71","编辑审核完成；游戏分支，非专业资格目录","当前分支准备及新版本失效检查通过","本目录中名称唯一"
"film-studies-10","电影与影像研究","数字影像","数字影像：镜头材料、制作过程与观看语境","「数字影像」中，镜头材料、制作过程与观看语境怎样对应本周的实际材料？","method","creative;culture;interaction","11","71","编辑审核完成；游戏分支，非专业资格目录","当前分支准备及新版本失效检查通过","本目录中名称唯一"
"film-studies-11","电影与影像研究","影像教育","影像教育：镜头材料、制作过程与观看语境","「影像教育」中，镜头材料、制作过程与观看语境怎样对应本周的实际材料？","record","creative;culture;interaction","11","71","编辑审核完成；游戏分支，非专业资格目录","当前分支准备及新版本失效检查通过","本目录中名称唯一"
"film-studies-12","电影与影像研究","跨媒介影像","跨媒介影像：镜头材料、制作过程与观看语境","「跨媒介影像」中，镜头材料、制作过程与观看语境怎样对应本周的实际材料？","boundary","creative;culture;interaction","11","71","编辑审核完成；游戏分支，非专业资格目录","当前分支准备及新版本失效检查通过","本目录中名称唯一"
"theatre-studies-1","戏剧与表演研究","戏剧史","戏剧史：剧本、排练与具体场次","「戏剧史」中，剧本、排练与具体场次怎样对应本周的实际材料？","literature","creative;culture;interaction","11","71","编辑审核完成；游戏分支，非专业资格目录","当前分支准备及新版本失效检查通过","本目录中名称唯一"
"theatre-studies-2","戏剧与表演研究","剧本研究","剧本研究：剧本、排练与具体场次","「剧本研究」中，剧本、排练与具体场次怎样对应本周的实际材料？","method","creative;culture;interaction","11","71","编辑审核完成；游戏分支，非专业资格目录","当前分支准备及新版本失效检查通过","本目录中名称唯一"
"theatre-studies-3","戏剧与表演研究","舞台设计","舞台设计：剧本、排练与具体场次","「舞台设计」中，剧本、排练与具体场次怎样对应本周的实际材料？","record","creative;culture;interaction","11","71","编辑审核完成；游戏分支，非专业资格目录","当前分支准备及新版本失效检查通过","本目录中名称唯一"
"theatre-studies-4","戏剧与表演研究","表演实践","表演实践：剧本、排练与具体场次","「表演实践」中，剧本、排练与具体场次怎样对应本周的实际材料？","boundary","creative;culture;interaction","11","71","编辑审核完成；游戏分支，非专业资格目录","当前分支准备及新版本失效检查通过","本目录中名称唯一"
"theatre-studies-5","戏剧与表演研究","戏曲研究","戏曲研究：剧本、排练与具体场次","「戏曲研究」中，剧本、排练与具体场次怎样对应本周的实际材料？","literature","creative;culture;interaction","11","71","编辑审核完成；游戏分支，非专业资格目录","当前分支准备及新版本失效检查通过","本目录中名称唯一"
"theatre-studies-6","戏剧与表演研究","舞蹈研究","舞蹈研究：剧本、排练与具体场次","「舞蹈研究」中，剧本、排练与具体场次怎样对应本周的实际材料？","method","creative;culture;interaction","11","71","编辑审核完成；游戏分支，非专业资格目录","当前分支准备及新版本失效检查通过","本目录中名称唯一"
"theatre-studies-7","戏剧与表演研究","戏剧教育","戏剧教育：剧本、排练与具体场次","「戏剧教育」中，剧本、排练与具体场次怎样对应本周的实际材料？","record","creative;culture;interaction","11","71","编辑审核完成；游戏分支，非专业资格目录","当前分支准备及新版本失效检查通过","本目录中名称唯一"
"theatre-studies-8","戏剧与表演研究","剧场观众","剧场观众：剧本、排练与具体场次","「剧场观众」中，剧本、排练与具体场次怎样对应本周的实际材料？","boundary","creative;culture;interaction","11","71","编辑审核完成；游戏分支，非专业资格目录","当前分支准备及新版本失效检查通过","本目录中名称唯一"
"theatre-studies-9","戏剧与表演研究","排练过程","排练过程：剧本、排练与具体场次","「排练过程」中，剧本、排练与具体场次怎样对应本周的实际材料？","literature","creative;culture;interaction","11","71","编辑审核完成；游戏分支，非专业资格目录","当前分支准备及新版本失效检查通过","本目录中名称唯一"
"theatre-studies-10","戏剧与表演研究","剧场技术评价","剧场技术评价：剧本、排练与具体场次","「剧场技术评价」中，剧本、排练与具体场次怎样对应本周的实际材料？","method","creative;culture;interaction","11","71","编辑审核完成；游戏分支，非专业资格目录","当前分支准备及新版本失效检查通过","本目录中名称唯一"
"theatre-studies-11","戏剧与表演研究","表演档案","表演档案：剧本、排练与具体场次","「表演档案」中，剧本、排练与具体场次怎样对应本周的实际材料？","record","creative;culture;interaction","11","71","编辑审核完成；游戏分支，非专业资格目录","当前分支准备及新版本失效检查通过","本目录中名称唯一"
"theatre-studies-12","戏剧与表演研究","参与式表演","参与式表演：剧本、排练与具体场次","「参与式表演」中，剧本、排练与具体场次怎样对应本周的实际材料？","boundary","creative;culture;interaction","11","71","编辑审核完成；游戏分支，非专业资格目录","当前分支准备及新版本失效检查通过","本目录中名称唯一"
"art-design-theory-1","艺术理论与设计史","艺术哲学","艺术哲学：作品出处、展示语境与价值判断","「艺术哲学」中，作品出处、展示语境与价值判断怎样对应本周的实际材料？","literature","creative;culture;interaction","11","78","编辑审核完成；游戏分支，非专业资格目录","当前分支准备及新版本失效检查通过","本目录中名称唯一"
"art-design-theory-2","艺术理论与设计史","设计史","设计史：作品出处、展示语境与价值判断","「设计史」中，作品出处、展示语境与价值判断怎样对应本周的实际材料？","method","creative;culture;interaction","11","78","编辑审核完成；游戏分支，非专业资格目录","当前分支准备及新版本失效检查通过","本目录中名称唯一"
"art-design-theory-3","艺术理论与设计史","艺术制度","艺术制度：作品出处、展示语境与价值判断","「艺术制度」中，作品出处、展示语境与价值判断怎样对应本周的实际材料？","record","creative;culture;interaction","11","78","编辑审核完成；游戏分支，非专业资格目录","当前分支准备及新版本失效检查通过","本目录中名称唯一"
"art-design-theory-4","艺术理论与设计史","策展理论","策展理论：作品出处、展示语境与价值判断","「策展理论」中，作品出处、展示语境与价值判断怎样对应本周的实际材料？","boundary","creative;culture;interaction","11","78","编辑审核完成；游戏分支，非专业资格目录","当前分支准备及新版本失效检查通过","本目录中名称唯一"
"art-design-theory-5","艺术理论与设计史","艺术批评","艺术批评：作品出处、展示语境与价值判断","「艺术批评」中，作品出处、展示语境与价值判断怎样对应本周的实际材料？","literature","creative;culture;interaction","11","78","编辑审核完成；游戏分支，非专业资格目录","当前分支准备及新版本失效检查通过","本目录中名称唯一"
"art-design-theory-6","艺术理论与设计史","视觉文化","视觉文化：作品出处、展示语境与价值判断","「视觉文化」中，作品出处、展示语境与价值判断怎样对应本周的实际材料？","method","creative;culture;interaction","11","78","编辑审核完成；游戏分支，非专业资格目录","当前分支准备及新版本失效检查通过","本目录中名称唯一"
"art-design-theory-7","艺术理论与设计史","艺术社会学","艺术社会学：作品出处、展示语境与价值判断","「艺术社会学」中，作品出处、展示语境与价值判断怎样对应本周的实际材料？","record","creative;culture;interaction","11","78","编辑审核完成；游戏分支，非专业资格目录","当前分支准备及新版本失效检查通过","本目录中名称唯一"
"art-design-theory-8","艺术理论与设计史","艺术与科技","艺术与科技：作品出处、展示语境与价值判断","「艺术与科技」中，作品出处、展示语境与价值判断怎样对应本周的实际材料？","boundary","creative;culture;interaction","11","78","编辑审核完成；游戏分支，非专业资格目录","当前分支准备及新版本失效检查通过","本目录中名称唯一"
"art-design-theory-9","艺术理论与设计史","工艺史","工艺史：作品出处、展示语境与价值判断","「工艺史」中，作品出处、展示语境与价值判断怎样对应本周的实际材料？","literature","creative;culture;interaction","11","78","编辑审核完成；游戏分支，非专业资格目录","当前分支准备及新版本失效检查通过","本目录中名称唯一"
"art-design-theory-10","艺术理论与设计史","艺术收藏史","艺术收藏史：作品出处、展示语境与价值判断","「艺术收藏史」中，作品出处、展示语境与价值判断怎样对应本周的实际材料？","method","creative;culture;interaction","11","78","编辑审核完成；游戏分支，非专业资格目录","当前分支准备及新版本失效检查通过","本目录中名称唯一"
"art-design-theory-11","艺术理论与设计史","设计伦理","设计伦理：作品出处、展示语境与价值判断","「设计伦理」中，作品出处、展示语境与价值判断怎样对应本周的实际材料？","record","creative;culture;interaction","11","78","编辑审核完成；游戏分支，非专业资格目录","当前分支准备及新版本失效检查通过","本目录中名称唯一"
"art-design-theory-12","艺术理论与设计史","艺术教育史","艺术教育史：作品出处、展示语境与价值判断","「艺术教育史」中，作品出处、展示语境与价值判断怎样对应本周的实际材料？","boundary","creative;culture;interaction","11","78","编辑审核完成；游戏分支，非专业资格目录","当前分支准备及新版本失效检查通过","本目录中名称唯一"