"方向ID","路线","方向","问题焦点","共享主题","细分核对","材料","核对思路","典型疑点","解释边界","参考标题与范围","参考链接","查阅日期","审核范围"
"classic-1","classic","分子与细胞","细胞状态与功能解释","biomedical","共享主题模块","样本来源、批次索引与注释版本","区分生物对象与重复测量，核对批次构成","最强的一组差异恰好全部来自同一批次","高维差异或数据库关联不能独立证明机制","NHLBI：研究质量评估工具 [研究方法资料]；OpenStax：解剖与生理教材说明 [基础教材入口]","https://www.nhlbi.nih.gov/health-topics/study-quality-assessment-tools；https://openstax.org/books/anatomy-and-physiology-2e/pages/preface","2026-10-04","内容编辑与机制审核，未获逐方向专家签审"
"classic-2","classic","生理与病理","组织功能与研究条件","anatomy","共享主题模块","结构图谱、发育阶段与功能观察记录","对应结构、阶段与观察条件，不用形态代替功能","不同发育阶段的记录被排成同一个正常基线","结构相似不自动证明功能相同","OpenStax：解剖与生理教材说明 [基础教材入口]","https://openstax.org/books/anatomy-and-physiology-2e/pages/preface","2026-10-04","内容编辑与机制审核，未获逐方向专家签审"
"classic-3","classic","组学与系统生物学","高维资料与独立样本","biomedical","共享主题模块","样本来源、批次索引与注释版本","区分生物对象与重复测量，核对批次构成","最强的一组差异恰好全部来自同一批次","高维差异或数据库关联不能独立证明机制","NHLBI：研究质量评估工具 [研究方法资料]；OpenStax：解剖与生理教材说明 [基础教材入口]","https://www.nhlbi.nih.gov/health-topics/study-quality-assessment-tools；https://openstax.org/books/anatomy-and-physiology-2e/pages/preface","2026-10-04","内容编辑与机制审核，未获逐方向专家签审"
"data-1","data","机器学习","模型泛化与数据划分","computing","细分核对","对象索引、时间划分与模型选择记录","分开训练、选择与最终评估","反复用于调参的数据仍被称为独立评估","开发集上的提高不独立证明泛化","清华计算机系：科研方向 [学科范围]","https://www.cs.tsinghua.edu.cn/kxyj/kyfx.htm","2026-10-04","内容编辑与机制审核，未获逐方向专家签审"
"data-2","data","软件与系统","运行边界与故障记录","software","细分核对","行为约定、失败输入与测试覆盖记录","区分规范满足、测试通过与一般正确性","基准测试全通过被写成所有输入都正确","有限测试不能独立证明一般正确性","清华计算机系：软件研究所 [学科范围]","https://www.cs.tsinghua.edu.cn/jgsz/yjssys/jsjkxyjsxrjyjs.htm","2026-10-04","内容编辑与机制审核，未获逐方向专家签审"
"data-3","data","人机交互","用户任务与使用反馈","interaction","细分核对","目标用户、任务脚本与失败路径","区分喜欢程度与任务完成，保留求助、放弃和误操作","熟练测试者的顺利操作被当成新人也能完成","熟练度与场景影响需要保留，可用性不能只数好评","清华计算机系：科研方向 [学科范围]；中央美术学院：人文学院 [相邻学科范围]","https://www.cs.tsinghua.edu.cn/kxyj/kyfx.htm；https://www.cafa.edu.cn/sp/nljg/?j=151","2026-10-04","内容编辑与机制审核，未获逐方向专家签审"
"theory-1","theory","分析与微分方程","解的条件与适用范围","math","细分核对","收敛类型、参数范围与反例序列","核对交换极限、积分或期望所需的条件","逐点收敛被直接当成可以交换积分","收敛方式不同，能交换的运算也不同","MIT开放课程：实分析与证明训练 [基础方法课程]","https://www.ocw.mit.edu/courses/18-100c-real-analysis-fall-2012/","2026-10-04","内容编辑与机制审核，未获逐方向专家签审"
"theory-2","theory","概率与数理统计","随机性与推断条件","math","细分核对","收敛类型、参数范围与反例序列","核对交换极限、积分或期望所需的条件","逐点收敛被直接当成可以交换积分","收敛方式不同，能交换的运算也不同","MIT开放课程：实分析与证明训练 [基础方法课程]","https://www.ocw.mit.edu/courses/18-100c-real-analysis-fall-2012/","2026-10-04","内容编辑与机制审核，未获逐方向专家签审"
"theory-3","theory","离散数学与优化","结构约束与可行方案","optimization","共享主题模块","目标函数、可行约束与对照方案","先确认可行性，再比较目标值与资源取舍","目标值更好的一组其实放宽了约束","目标更优不等于在同一约束下更优","MIT开放课程：实分析与证明训练 [基础方法课程]；清华统计与数据科学：科研领域 [学科范围]","https://www.ocw.mit.edu/courses/18-100c-real-analysis-fall-2012/；https://www.stat.tsinghua.edu.cn/kxyj/kylyy.htm","2026-10-04","内容编辑与机制审核，未获逐方向专家签审"
"field-1","field","社会调查","抽样范围与社会情境","society","细分核对","进入田野的关系、访谈场景与沉默者记录","标明谁愿意谈、谁无法接触以及研究者的位置","最容易接触到的人替整个群体发言","便于访谈不意味着经验具有代表性","北京大学社会学系：专业介绍 [学科范围]","https://bkzs.pku.edu.cn/xkzy/xy/shkxxb/sxkxxy_31/sxkxxyzszy_31/index.htm","2026-10-04","内容编辑与机制审核，未获逐方向专家签审"
"field-2","field","文化人类学","参与关系与语境解释","society","细分核对","进入田野的关系、访谈场景与沉默者记录","标明谁愿意谈、谁无法接触以及研究者的位置","最容易接触到的人替整个群体发言","便于访谈不意味着经验具有代表性","北京大学社会学系：专业介绍 [学科范围]","https://bkzs.pku.edu.cn/xkzy/xy/shkxxb/sxkxxy_31/sxkxxyzszy_31/index.htm","2026-10-04","内容编辑与机制审核，未获逐方向专家签审"
"field-3","field","社会网络","关系结构与连接含义","society","细分核对","进入田野的关系、访谈场景与沉默者记录","标明谁愿意谈、谁无法接触以及研究者的位置","最容易接触到的人替整个群体发言","便于访谈不意味着经验具有代表性","北京大学社会学系：专业介绍 [学科范围]","https://bkzs.pku.edu.cn/xkzy/xy/shkxxb/sxkxxy_31/sxkxxyzszy_31/index.htm","2026-10-04","内容编辑与机制审核，未获逐方向专家签审"
"clinical-1","clinical","临床研究设计","比较对象与结局口径","review-study","共享主题模块","研究设计、纳入标准与结局定义","比较对象与设计后再合并证据，保留不一致","同名结局来自不同测量窗口却被合成同一个结果","合并更多研究不自动提高证据可比性","NHLBI：研究质量评估工具 [研究方法资料]","https://www.nhlbi.nih.gov/health-topics/study-quality-assessment-tools","2026-10-04","内容编辑与机制审核，未获逐方向专家签审"
"clinical-2","clinical","医学影像","图像记录与个体边界","imaging","共享主题模块","设备平台、读者判断与个体索引","按个体划分记录，保留平台版本和读者分歧","一人的多张图像同时进入开发和评估资料","图像数量不能代替独立个体和外部评估","NIH：认识临床研究 [研究方法入门]；NHLBI：研究质量评估工具 [研究方法资料]","https://www.nih.gov/about-nih/science-health-public-trust/tools/understanding-clinical-studies；https://www.nhlbi.nih.gov/health-topics/study-quality-assessment-tools","2026-10-04","内容编辑与机制审核，未获逐方向专家签审"
"clinical-3","clinical","健康服务研究","就医过程与执行条件","health-services","共享主题模块","服务路径、支付口径与使用者反馈","分开服务可及、使用与结果，核对就医选择","使用服务的人原本就更容易获得后续随访","服务使用差异不能直接视作服务效果","NINR：护理研究优先领域 [学科范围]；NHLBI：研究质量评估工具 [研究方法资料]","https://www.ninr.nih.gov/research/priority-areas；https://www.nhlbi.nih.gov/health-topics/study-quality-assessment-tools","2026-10-04","内容编辑与机制审核，未获逐方向专家签审"
"physics-1","physics","凝聚态物理","微观结构与宏观性质","physics","细分核对","结构表征、响应曲线与有限尺寸记录","区分结构关联、仪器背景与机制预测","一条响应曲线被当成唯一机制的证明","同一响应可能有多个微观解释","北京大学物理学院：研究领域 [学科范围]","https://english.phy.pku.edu.cn/Research/Research_Areas.htm","2026-10-04","内容编辑与机制审核，未获逐方向专家签审"
"physics-2","physics","理论与计算物理","模型假设与近似条件","physics","细分核对","网格序列、误差指标与参考解","区分离散误差、求解误差与模型误差","迭代残差小被写成物理模型误差也小","残差不独立证明与目标真实过程接近","北京大学物理学院：研究领域 [学科范围]","https://english.phy.pku.edu.cn/Research/Research_Areas.htm","2026-10-04","内容编辑与机制审核，未获逐方向专家签审"
"physics-3","physics","光学与测量","信号、背景与标定","physics","共享主题模块","标定、背景信号与模型近似记录","对照背景与测量条件，说明近似成立的范围","修正背景的方法恰好抹掉了想解释的差异","曲线拟合相似不等于物理解释唯一","北京大学物理学院：研究领域 [学科范围]","https://english.phy.pku.edu.cn/Research/Research_Areas.htm","2026-10-04","内容编辑与机制审核，未获逐方向专家签审"
"chemistry-1","chemistry","分析化学","信号来源与测量条件","chemistry","细分核对","校准范围、基体差异与检出定量记录","分开检出限、定量限与未报告的条目","未达到报告阈值的条目被全部写成不存在","未检出不等于不存在，定量需要校准与不确定性","北京大学化学学院：研究主题 [学科范围]","https://www.chem.pku.edu.cn/en/Research/ResearchTheme/index.htm","2026-10-04","内容编辑与机制审核，未获逐方向专家签审"
"chemistry-2","chemistry","物理化学","结构、能量与条件解释","chemistry","细分核对","校准记录、谱图归属与独立表征","把检测信号、结构归属与性质解释分开","一个重叠峰被当成唯一结构的特征峰","单一信号不独立确定完整结构或功能","北京大学化学学院：研究主题 [学科范围]","https://www.chem.pku.edu.cn/en/Research/ResearchTheme/index.htm","2026-10-04","内容编辑与机制审核，未获逐方向专家签审"
"chemistry-3","chemistry","高分子与软材料","材料状态与使用环境","chemistry","细分核对","校准记录、谱图归属与独立表征","把检测信号、结构归属与性质解释分开","一个重叠峰被当成唯一结构的特征峰","单一信号不独立确定完整结构或功能","北京大学化学学院：研究主题 [学科范围]","https://www.chem.pku.edu.cn/en/Research/ResearchTheme/index.htm","2026-10-04","内容编辑与机制审核，未获逐方向专家签审"
"economics-1","economics","微观与行为经济","个体选择与识别条件","economics","共享主题模块","分配规则、样本来源与比较组记录","核对选择过程与政策时点，区分描述和识别","参与者原本就与未参与者不同","相关关系不能直接写成政策因果效果","北京大学经济学院：学科专业 [学科范围]","https://econ.pku.edu.cn/xkzy/index.htm","2026-10-04","内容编辑与机制审核，未获逐方向专家签审"
"economics-2","economics","宏观与发展经济","时间变化与资源分配","macro","共享主题模块","统计修订版本、时期与总量口径","区分名义变化、实际变化与统计修订","历史序列修订后被当成当时就可见的数据","后来的修订资料不能倒填进当时的信息集","北京大学经济学院：学科专业 [学科范围]","https://econ.pku.edu.cn/xkzy/index.htm","2026-10-04","内容编辑与机制审核，未获逐方向专家签审"
"economics-3","economics","环境与公共经济","外部影响与政策比较","economics","共享主题模块","分配规则、样本来源与比较组记录","核对选择过程与政策时点，区分描述和识别","参与者原本就与未参与者不同","相关关系不能直接写成政策因果效果","北京大学经济学院：学科专业 [学科范围]","https://econ.pku.edu.cn/xkzy/index.htm","2026-10-04","内容编辑与机制审核，未获逐方向专家签审"
"humanities-1","humanities","文学史","作品版本与时代语境","literature","细分核对","叙述者段落、视角切换与作品版本","区分人物发言、叙述者评价与作者立场","反讽人物的台词被直接当成作者主张","叙述声音不独立代表作者立场","北京大学中文系：学科介绍 [相邻学科范围]","https://chinese.pku.edu.cn/yxgk/bxjj/index.htm","2026-10-04","内容编辑与机制审核，未获逐方向专家签审"
"humanities-2","humanities","比较文学","跨文化材料的可比性","literature","细分核对","叙述者段落、视角切换与作品版本","区分人物发言、叙述者评价与作者立场","反讽人物的台词被直接当成作者主张","叙述声音不独立代表作者立场","北京大学中文系：学科介绍 [相邻学科范围]","https://chinese.pku.edu.cn/yxgk/bxjj/index.htm","2026-10-04","内容编辑与机制审核，未获逐方向专家签审"
"humanities-3","humanities","数字人文","文本编码与解释边界","digital-humanities","共享主题模块","文本版本、识别误差与编码规则","抽查数字化误差，保留文本到指标的转换","识别错误集中在旧版字体，词频变化被误写成思想变化","文本计数必须回到版本和语境检验解释","北京大学中文系：学科介绍 [相邻学科范围]；北京大学历史学系：学科介绍 [学科范围]","https://chinese.pku.edu.cn/yxgk/bxjj/index.htm；https://history.pku.edu.cn/bxgk/xkjj/index.htm","2026-10-04","内容编辑与机制审核，未获逐方向专家签审"
"art-1","art","视觉与传达","表达形式与受众理解","arts","细分核对","作品版本、制作取舍与展示语境","分开形式分析、作者意图与接受评价","熟人预展的好评被用来代表公众接受","意图与评价不能互相替代","中央美术学院：人文学院 [相邻学科范围]","https://www.cafa.edu.cn/sp/nljg/?j=151","2026-10-04","内容编辑与机制审核，未获逐方向专家签审"
"art-2","art","产品与交互","使用任务与原型反馈","interaction","细分核对","原型版本、用户任务与失败路径","保留误操作、求助、放弃与完成记录","熟练测试者的成功被当成新手同样能完成","喜欢程度不能代替任务完成与使用条件","清华计算机系：科研方向 [学科范围]；中央美术学院：人文学院 [相邻学科范围]","https://www.cs.tsinghua.edu.cn/kxyj/kyfx.htm；https://www.cafa.edu.cn/sp/nljg/?j=151","2026-10-04","内容编辑与机制审核，未获逐方向专家签审"
"art-3","art","艺术史与策展","作品出处与展示语境","heritage","细分核对","作品版本、制作取舍与展示语境","分开形式分析、作者意图与接受评价","熟人预展的好评被用来代表公众接受","意图与评价不能互相替代","北京大学：科技考古教研室 [学科范围]；中央美术学院：人文学院 [相邻学科范围]","https://archaeology.pku.edu.cn/szdw/jxky1/jys/kjkgjys.htm；https://www.cafa.edu.cn/sp/nljg/?j=151","2026-10-04","内容编辑与机制审核，未获逐方向专家签审"
"philosophy-1","philosophy","逻辑与科学哲学","概念定义与推理前提","logic","共享主题模块","形式语言、语义结构与推导树","分清语法推导与语义有效性，核对所用系统","一个规则从另一套逻辑系统借来，前提却没跟过来","在一套系统中成立不等于在所有逻辑中成立","北京大学逻辑学：研究生课程 [课程范围]","https://logic.pku.edu.cn/rcpy/courses/yjskc/index.htm","2026-10-04","内容编辑与机制审核，未获逐方向专家签审"
"philosophy-2","philosophy","伦理与政治哲学","规范理由与行动边界","ethics","细分核对","利益冲突案例、行动者立场与规范理由","分别写出受益、负担和支持规范的理由","支持者人数被当成规范正当性的全部依据","偏好统计与规范证成回答不同问题","北京大学哲学系：招生专业及方向 [学科范围]","https://admission.pku.edu.cn/zsxx/lxszs/lxszyml/2026/ss/zsml_ss_lxs_cn_00023.pdf","2026-10-04","内容编辑与机制审核，未获逐方向专家签审"
"philosophy-3","philosophy","美学与解释学","经验表达与解释语境","aesthetic","共享主题模块","作品语境、评价语汇与解释文本","区分作品特征、解释依据与价值判断","一位评论者的评价被当成了作品唯一的意义","流行程度不能独立决定审美价值或解释成立","北京大学哲学系：招生专业及方向 [学科范围]；中央美术学院：人文学院 [相邻学科范围]","https://admission.pku.edu.cn/zsxx/lxszs/lxszyml/2026/ss/zsml_ss_lxs_cn_00023.pdf；https://www.cafa.edu.cn/sp/nljg/?j=151","2026-10-04","内容编辑与机制审核，未获逐方向专家签审"
"law-1","law","民商法","交易关系与规范解释","law","细分核对","约定条款、履行时间线与争议事实","分开条款解释、效力判断与履行事实","存在约定被当成约定在所有情境下有效","约定内容不独立解决效力和适用范围","北京大学法学院：培养方向 [学科范围]","https://www.law.pku.edu.cn/xwzx/ggtz/zsjx/870508d182464f118ae55b9473a4c4f3.htm","2026-10-04","内容编辑与机制审核，未获逐方向专家签审"
"law-2","law","公法与治理","权力边界与执行条件","policy","共享主题模块","制度文本、执行材料与对象反馈","比较制度情境，保留执行层次与时间","两个地方用了同名制度，执行条件却不同","制度名称相同不保证比较对象相同","北京大学法学院：培养方向 [学科范围]；北京大学社会学系：专业介绍 [学科范围]","https://www.law.pku.edu.cn/xwzx/ggtz/zsjx/870508d182464f118ae55b9473a4c4f3.htm；https://bkzs.pku.edu.cn/xkzy/xy/shkxxb/sxkxxy_31/sxkxxyzszy_31/index.htm","2026-10-04","内容编辑与机制审核，未获逐方向专家签审"
"law-3","law","法与科技","技术使用与责任范围","law","共享主题模块","规范版本、案件事实与裁判理由","区分效力、事实认定与规范推论","援引的条文版本与案例发生时期不对应","案例数量不能独立证明规范应如何解释","北京大学法学院：培养方向 [学科范围]","https://www.law.pku.edu.cn/xwzx/ggtz/zsjx/870508d182464f118ae55b9473a4c4f3.htm","2026-10-04","内容编辑与机制审核，未获逐方向专家签审"
"politics-1","politics","比较政治","比较对象与制度情境","policy","共享主题模块","制度文本、执行材料与对象反馈","比较制度情境，保留执行层次与时间","两个地方用了同名制度，执行条件却不同","制度名称相同不保证比较对象相同","北京大学法学院：培养方向 [学科范围]；北京大学社会学系：专业介绍 [学科范围]","https://www.law.pku.edu.cn/xwzx/ggtz/zsjx/870508d182464f118ae55b9473a4c4f3.htm；https://bkzs.pku.edu.cn/xkzy/xy/shkxxb/sxkxxy_31/sxkxxyzszy_31/index.htm","2026-10-04","内容编辑与机制审核，未获逐方向专家签审"
"politics-2","politics","国际关系","互动结构与战略条件","policy","共享主题模块","制度文本、执行材料与对象反馈","比较制度情境，保留执行层次与时间","两个地方用了同名制度，执行条件却不同","制度名称相同不保证比较对象相同","北京大学法学院：培养方向 [学科范围]；北京大学社会学系：专业介绍 [学科范围]","https://www.law.pku.edu.cn/xwzx/ggtz/zsjx/870508d182464f118ae55b9473a4c4f3.htm；https://bkzs.pku.edu.cn/xkzy/xy/shkxxb/sxkxxy_31/sxkxxyzszy_31/index.htm","2026-10-04","内容编辑与机制审核，未获逐方向专家签审"
"politics-3","politics","公共政策","政策目标与执行反馈","policy","共享主题模块","制度文本、执行材料与对象反馈","比较制度情境，保留执行层次与时间","两个地方用了同名制度，执行条件却不同","制度名称相同不保证比较对象相同","北京大学法学院：培养方向 [学科范围]；北京大学社会学系：专业介绍 [学科范围]","https://www.law.pku.edu.cn/xwzx/ggtz/zsjx/870508d182464f118ae55b9473a4c4f3.htm；https://bkzs.pku.edu.cn/xkzy/xy/shkxxb/sxkxxy_31/sxkxxyzszy_31/index.htm","2026-10-04","内容编辑与机制审核，未获逐方向专家签审"
"education-1","education","学习科学","学习任务与过程证据","education","细分核对","学习目标、撤去辅助后的作业与延迟测试","区分辅助完成、独立掌握与迁移","工具帮助做对被直接写成学生已经学会","辅助成绩不能独立证明撤去辅助后的能力","北京师范大学：课程与教学研究方向 [学科范围]","https://cter.bnu.edu.cn/docs/2024-05/e0d9749ec02e425eb45aa96fefdadc2a.pdf","2026-10-04","内容编辑与机制审核，未获逐方向专家签审"
"education-2","education","课程与教学","目标、活动与课堂反馈","education","细分核对","学习目标、撤去辅助后的作业与延迟测试","区分辅助完成、独立掌握与迁移","工具帮助做对被直接写成学生已经学会","辅助成绩不能独立证明撤去辅助后的能力","北京师范大学：课程与教学研究方向 [学科范围]","https://cter.bnu.edu.cn/docs/2024-05/e0d9749ec02e425eb45aa96fefdadc2a.pdf","2026-10-04","内容编辑与机制审核，未获逐方向专家签审"
"education-3","education","教育技术","工具使用与教学情境","education","共享主题模块","课堂目标、活动记录与学习过程材料","让任务、教学目标与评价对应，保留班级差异","换了老师也换了活动，改善却全归到工具上","课后高分不能独立证明某项教学设计有效","北京师范大学：课程与教学研究方向 [学科范围]","https://cter.bnu.edu.cn/docs/2024-05/e0d9749ec02e425eb45aa96fefdadc2a.pdf","2026-10-04","内容编辑与机制审核，未获逐方向专家签审"
"sports-1","sports","运动生理","身体状态与训练条件","sport","细分核对","标准任务、日常活动与参与记录","分开测试改善、实际功能与生活参与","练熟测试被当成所有生活任务都改善","测试任务不能覆盖全部生活参与","北京师范大学：课程与教学研究方向 [学科范围]","https://cter.bnu.edu.cn/docs/2024-05/e0d9749ec02e425eb45aa96fefdadc2a.pdf","2026-10-04","内容编辑与机制审核，未获逐方向专家签审"
"sports-2","sports","运动训练","负荷安排与表现记录","sport","细分核对","标准任务、日常活动与参与记录","分开测试改善、实际功能与生活参与","练熟测试被当成所有生活任务都改善","测试任务不能覆盖全部生活参与","北京师范大学：课程与教学研究方向 [学科范围]","https://cter.bnu.edu.cn/docs/2024-05/e0d9749ec02e425eb45aa96fefdadc2a.pdf","2026-10-04","内容编辑与机制审核，未获逐方向专家签审"
"sports-3","sports","运动心理","目标、体验与个体差异","psychology","细分核对","标准任务、日常活动与参与记录","分开测试改善、实际功能与生活参与","练熟测试被当成所有生活任务都改善","测试任务不能覆盖全部生活参与","北京师范大学：课程与教学研究方向 [学科范围]；NHLBI：研究质量评估工具 [研究方法资料]","https://cter.bnu.edu.cn/docs/2024-05/e0d9749ec02e425eb45aa96fefdadc2a.pdf；https://www.nhlbi.nih.gov/health-topics/study-quality-assessment-tools","2026-10-04","内容编辑与机制审核，未获逐方向专家签审"
"psychology-1","psychology","认知心理","任务条件与心理过程","psychology","细分核对","任务版本、反应分布与构念定义","区分任务熟悉、测量误差与构念变化","练熟一道任务被当成心理构念整体改善","任务分数不能独立覆盖整个心理构念","北京师范大学：课程与教学研究方向 [学科范围]；NHLBI：研究质量评估工具 [研究方法资料]","https://cter.bnu.edu.cn/docs/2024-05/e0d9749ec02e425eb45aa96fefdadc2a.pdf；https://www.nhlbi.nih.gov/health-topics/study-quality-assessment-tools","2026-10-04","内容编辑与机制审核，未获逐方向专家签审"
"psychology-2","psychology","社会心理","互动情境与比较设计","psychology","细分核对","任务版本、反应分布与构念定义","区分任务熟悉、测量误差与构念变化","练熟一道任务被当成心理构念整体改善","任务分数不能独立覆盖整个心理构念","北京师范大学：课程与教学研究方向 [学科范围]；NHLBI：研究质量评估工具 [研究方法资料]","https://cter.bnu.edu.cn/docs/2024-05/e0d9749ec02e425eb45aa96fefdadc2a.pdf；https://www.nhlbi.nih.gov/health-topics/study-quality-assessment-tools","2026-10-04","内容编辑与机制审核，未获逐方向专家签审"
"psychology-3","psychology","心理测量","构念、量表与测量边界","measurement-scale","细分核对","任务版本、反应分布与构念定义","区分任务熟悉、测量误差与构念变化","练熟一道任务被当成心理构念整体改善","任务分数不能独立覆盖整个心理构念","NHLBI：研究质量评估工具 [研究方法资料]","https://www.nhlbi.nih.gov/health-topics/study-quality-assessment-tools","2026-10-04","内容编辑与机制审核，未获逐方向专家签审"
"languages-1","languages","语言学","语言材料与结构解释","language","共享主题模块","语料出处、体裁、语境与标注记录","保留语境与标注分歧，再比较表达功能","反问句在自动标注里全被计为普通陈述","频率差异不能脱离体裁和语境解释","北京大学中文系：学科介绍 [相邻学科范围]","https://chinese.pku.edu.cn/yxgk/bxjj/index.htm","2026-10-04","内容编辑与机制审核，未获逐方向专家签审"
"languages-2","languages","翻译研究","目的、语境与译文取舍","translation","细分核对","原文段落、译者取舍与目标读者任务","分别评价信息、文体与翻译目的","为读者调整的段落只按逐词相似评价","译文评价必须说明用途与语境","北京大学中文系：学科介绍 [相邻学科范围]","https://chinese.pku.edu.cn/yxgk/bxjj/index.htm","2026-10-04","内容编辑与机制审核，未获逐方向专家签审"
"languages-3","languages","第二语言习得","学习过程与任务条件","language-learning","共享主题模块","学习阶段、任务条件与学习者反应","区分语言知识、任务熟悉和实际使用表现","练熟同一套题的提高被写成普遍语言能力提高","练习题表现不能独立代表新情境下的语言运用","北京大学中文系：学科介绍 [相邻学科范围]；北京师范大学：课程与教学研究方向 [学科范围]","https://chinese.pku.edu.cn/yxgk/bxjj/index.htm；https://cter.bnu.edu.cn/docs/2024-05/e0d9749ec02e425eb45aa96fefdadc2a.pdf","2026-10-04","内容编辑与机制审核，未获逐方向专家签审"
"journalism-1","journalism","新闻研究","来源核实与叙事范围","media","细分核对","发布记录、推荐入口与受众接触路径","区分曝光、接触、理解与态度变化","推荐规则变化被写成受众兴趣突然转向","平台互动不独立代表全部受众态度","北京大学中文系：学科介绍 [相邻学科范围]","https://chinese.pku.edu.cn/yxgk/bxjj/index.htm","2026-10-04","内容编辑与机制审核，未获逐方向专家签审"
"journalism-2","journalism","传播与媒介","信息路径与受众情境","media","细分核对","发布记录、推荐入口与受众接触路径","区分曝光、接触、理解与态度变化","推荐规则变化被写成受众兴趣突然转向","平台互动不独立代表全部受众态度","北京大学中文系：学科介绍 [相邻学科范围]","https://chinese.pku.edu.cn/yxgk/bxjj/index.htm","2026-10-04","内容编辑与机制审核，未获逐方向专家签审"
"journalism-3","journalism","计算传播","平台记录与传播比较","media","细分核对","发布记录、推荐入口与受众接触路径","区分曝光、接触、理解与态度变化","推荐规则变化被写成受众兴趣突然转向","平台互动不独立代表全部受众态度","北京大学中文系：学科介绍 [相邻学科范围]","https://chinese.pku.edu.cn/yxgk/bxjj/index.htm","2026-10-04","内容编辑与机制审核，未获逐方向专家签审"
"history-1","history","社会与文化史","史料出处与时代经验","history","细分核对","档案原件、成文日期与编纂版本","区分事件发生、材料写成与后来编辑的时间","多年后的回忆进入事件当天的信息集","后人知道的结果不能倒填给当时的人","北京大学历史学系：学科介绍 [学科范围]","https://history.pku.edu.cn/bxgk/xkjj/index.htm","2026-10-04","内容编辑与机制审核，未获逐方向专家签审"
"history-2","history","历史地理","空间变迁与材料年代","historical-geography","细分核对","档案原件、成文日期与编纂版本","区分事件发生、材料写成与后来编辑的时间","多年后的回忆进入事件当天的信息集","后人知道的结果不能倒填给当时的人","北京大学历史学系：学科介绍 [学科范围]","https://history.pku.edu.cn/bxgk/xkjj/index.htm","2026-10-04","内容编辑与机制审核，未获逐方向专家签审"
"history-3","history","考古与物质文化","器物、层位与解释链","archaeology","细分核对","档案原件、成文日期与编纂版本","区分事件发生、材料写成与后来编辑的时间","多年后的回忆进入事件当天的信息集","后人知道的结果不能倒填给当时的人","北京大学：科技考古教研室 [学科范围]","https://archaeology.pku.edu.cn/szdw/jxky1/jys/kjkgjys.htm","2026-10-04","内容编辑与机制审核，未获逐方向专家签审"
"earth-1","earth","自然地理","空间尺度与环境过程","ecology","细分核对","像元、样地对应与观测时段","区分空间分辨率、实际覆盖与地面对应，保留云遮和缺测","缺测区域被写成了没有变化","像元不是天然独立样本，覆盖缺口也不是零变化","北京大学：自然地理与自然资源系 [相邻学科范围]","https://www.ues.pku.edu.cn/ztlm/zrdlyzrzyx/index.htm","2026-10-04","内容编辑与机制审核，未获逐方向专家签审"
"earth-2","earth","地质与地球物理","结构记录与观测条件","ecology","共享主题模块","采样位置、时间窗口与环境背景记录","画出实际覆盖范围，保留天气与缺测时段","雨后未能到达的点被填成没有变化","缺测不是零，局部观察不能代替整个区域","北京大学：自然地理与自然资源系 [相邻学科范围]","https://www.ues.pku.edu.cn/ztlm/zrdlyzrzyx/index.htm","2026-10-04","内容编辑与机制审核，未获逐方向专家签审"
"earth-3","earth","气象与气候","时间变化与模型边界","ecology","细分核对","预报起报时点、验证窗口与气候基准","分开短期预报技巧与长期气候解释","事后资料被当成起报时可用的输入","短期预测优势不能代替长期气候归因","北京大学：自然地理与自然资源系 [相邻学科范围]","https://www.ues.pku.edu.cn/ztlm/zrdlyzrzyx/index.htm","2026-10-04","内容编辑与机制审核，未获逐方向专家签审"
"environment-1","environment","生态学","系统边界与观察尺度","ecology","细分核对","样地边界、观测季节与物种可探测性","区分没观察到、真的缺席与观察机会不同","调查次数减少被写成物种数量减少","可见记录需要观察机会与尺度解释","北京大学：自然地理与自然资源系 [相邻学科范围]","https://www.ues.pku.edu.cn/ztlm/zrdlyzrzyx/index.htm","2026-10-04","内容编辑与机制审核，未获逐方向专家签审"
"environment-2","environment","环境科学","来源、暴露与比较条件","ecology","共享主题模块","采样位置、时间窗口与环境背景记录","画出实际覆盖范围，保留天气与缺测时段","雨后未能到达的点被填成没有变化","缺测不是零，局部观察不能代替整个区域","北京大学：自然地理与自然资源系 [相邻学科范围]","https://www.ues.pku.edu.cn/ztlm/zrdlyzrzyx/index.htm","2026-10-04","内容编辑与机制审核，未获逐方向专家签审"
"environment-3","environment","环境治理","执行资源与反馈口径","ecology","共享主题模块","采样位置、时间窗口与环境背景记录","画出实际覆盖范围，保留天气与缺测时段","雨后未能到达的点被填成没有变化","缺测不是零，局部观察不能代替整个区域","北京大学：自然地理与自然资源系 [相邻学科范围]","https://www.ues.pku.edu.cn/ztlm/zrdlyzrzyx/index.htm","2026-10-04","内容编辑与机制审核，未获逐方向专家签审"
"electrical-1","electrical","电子与传感","测量信号与硬件条件","electronics","细分核对","输入带宽、噪声谱与测量链路","区分器件响应、测量链路与信号处理","滤波后的漂亮曲线被当成器件原始响应","处理后的信号需要保留处理条件","清华计算机系：科研方向 [学科范围]；北京大学物理学院：研究领域 [学科范围]","https://www.cs.tsinghua.edu.cn/kxyj/kyfx.htm；https://english.phy.pku.edu.cn/Research/Research_Areas.htm","2026-10-04","内容编辑与机制审核，未获逐方向专家签审"
"electrical-2","electrical","信号处理","信号结构与噪声边界","electronics","细分核对","输入带宽、噪声谱与测量链路","区分器件响应、测量链路与信号处理","滤波后的漂亮曲线被当成器件原始响应","处理后的信号需要保留处理条件","清华计算机系：科研方向 [学科范围]；北京大学物理学院：研究领域 [学科范围]","https://www.cs.tsinghua.edu.cn/kxyj/kyfx.htm；https://english.phy.pku.edu.cn/Research/Research_Areas.htm","2026-10-04","内容编辑与机制审核，未获逐方向专家签审"
"electrical-3","electrical","通信与网络","传输任务与资源约束","software","细分核对","输入带宽、噪声谱与测量链路","区分器件响应、测量链路与信号处理","滤波后的漂亮曲线被当成器件原始响应","处理后的信号需要保留处理条件","清华计算机系：软件研究所 [学科范围]","https://www.cs.tsinghua.edu.cn/jgsz/yjssys/jsjkxyjsxrjyjs.htm","2026-10-04","内容编辑与机制审核，未获逐方向专家签审"
"mechanical-1","mechanical","机械设计","结构约束与使用条件","mechanical","细分核对","荷载边界、模型简化与失效记录","分开模型假设、边界条件与响应评价","简化模型的边界被直接当成实际使用边界","局部响应符合不证明所有失效模式被排除","MIT开放课程：力学与材料教学大纲 [基础方法课程]","https://ocw.mit.edu/courses/2-001-mechanics-materials-i-fall-2006/pages/syllabus/","2026-10-04","内容编辑与机制审核，未获逐方向专家签审"
"mechanical-2","mechanical","制造与工艺","过程记录与批次差异","mechanical","共享主题模块","工况、台架日志与接口版本","对照载荷范围、控制条件和实际接口","新接口下的失败被归到原来的模型上","演示通过不能证明所有工况下有效","MIT开放课程：力学与材料教学大纲 [基础方法课程]","https://ocw.mit.edu/courses/2-001-mechanics-materials-i-fall-2006/pages/syllabus/","2026-10-04","内容编辑与机制审核，未获逐方向专家签审"
"mechanical-3","mechanical","控制与机器人","反馈、扰动与运行边界","mechanical","细分核对","闭环响应、扰动记录与执行器约束","区分名义稳定、扰动鲁棒性与约束下表现","未触及饱和的演示被写成所有工况都稳定","名义工况不能覆盖全部扰动和约束","MIT开放课程：力学与材料教学大纲 [基础方法课程]","https://ocw.mit.edu/courses/2-001-mechanics-materials-i-fall-2006/pages/syllabus/","2026-10-04","内容编辑与机制审核，未获逐方向专家签审"
"civil-1","civil","结构工程","模型简化与承载条件","construction","细分核对","荷载边界、模型简化与失效记录","分开模型假设、边界条件与响应评价","简化模型的边界被直接当成实际使用边界","局部响应符合不证明所有失效模式被排除","MIT开放课程：力学与材料教学大纲 [基础方法课程]","https://ocw.mit.edu/courses/2-001-mechanics-materials-i-fall-2006/pages/syllabus/","2026-10-04","内容编辑与机制审核，未获逐方向专家签审"
"civil-2","civil","交通与城市","出行记录与空间需求","mechanical","共享主题模块","工况、台架日志与接口版本","对照载荷范围、控制条件和实际接口","新接口下的失败被归到原来的模型上","演示通过不能证明所有工况下有效","MIT开放课程：力学与材料教学大纲 [基础方法课程]","https://ocw.mit.edu/courses/2-001-mechanics-materials-i-fall-2006/pages/syllabus/","2026-10-04","内容编辑与机制审核，未获逐方向专家签审"
"civil-3","civil","建筑与环境","使用情境与空间反馈","ecology","细分核对","空间方案、实际使用路径与不同时段观察","比较设计意图、进入机会与实际使用","漂亮平面图被当成所有人使用都方便","设计意图需要实际任务与使用者检验","北京大学：自然地理与自然资源系 [相邻学科范围]","https://www.ues.pku.edu.cn/ztlm/zrdlyzrzyx/index.htm","2026-10-04","内容编辑与机制审核，未获逐方向专家签审"
"energy-1","energy","热能与动力","能量边界与工况记录","mechanical","细分核对","工况、辅助能耗与完整系统边界","在同一边界下比较转换、等待与维护成本","局部效率没有计入辅助系统的消耗","部件效率不直接代表全系统效益","MIT开放课程：力学与材料教学大纲 [基础方法课程]","https://ocw.mit.edu/courses/2-001-mechanics-materials-i-fall-2006/pages/syllabus/","2026-10-04","内容编辑与机制审核，未获逐方向专家签审"
"energy-2","energy","电力与储能","资源调度与运行条件","mechanical","细分核对","工况、辅助能耗与完整系统边界","在同一边界下比较转换、等待与维护成本","局部效率没有计入辅助系统的消耗","部件效率不直接代表全系统效益","MIT开放课程：力学与材料教学大纲 [基础方法课程]","https://ocw.mit.edu/courses/2-001-mechanics-materials-i-fall-2006/pages/syllabus/","2026-10-04","内容编辑与机制审核，未获逐方向专家签审"
"energy-3","energy","能源与环境","效率解释与环境范围","ecology","细分核对","工况、辅助能耗与完整系统边界","在同一边界下比较转换、等待与维护成本","局部效率没有计入辅助系统的消耗","部件效率不直接代表全系统效益","北京大学：自然地理与自然资源系 [相邻学科范围]","https://www.ues.pku.edu.cn/ztlm/zrdlyzrzyx/index.htm","2026-10-04","内容编辑与机制审核，未获逐方向专家签审"
"aerospace-1","aerospace","飞行器设计","约束、工况与结构假设","mechanical","共享主题模块","工况、台架日志与接口版本","对照载荷范围、控制条件和实际接口","新接口下的失败被归到原来的模型上","演示通过不能证明所有工况下有效","MIT开放课程：力学与材料教学大纲 [基础方法课程]","https://ocw.mit.edu/courses/2-001-mechanics-materials-i-fall-2006/pages/syllabus/","2026-10-04","内容编辑与机制审核，未获逐方向专家签审"
"aerospace-2","aerospace","导航与控制","轨迹误差与反馈条件","mechanical","共享主题模块","工况、台架日志与接口版本","对照载荷范围、控制条件和实际接口","新接口下的失败被归到原来的模型上","演示通过不能证明所有工况下有效","MIT开放课程：力学与材料教学大纲 [基础方法课程]","https://ocw.mit.edu/courses/2-001-mechanics-materials-i-fall-2006/pages/syllabus/","2026-10-04","内容编辑与机制审核，未获逐方向专家签审"
"aerospace-3","aerospace","空间任务与观测","任务窗口与信号记录","mechanical","共享主题模块","工况、台架日志与接口版本","对照载荷范围、控制条件和实际接口","新接口下的失败被归到原来的模型上","演示通过不能证明所有工况下有效","MIT开放课程：力学与材料教学大纲 [基础方法课程]","https://ocw.mit.edu/courses/2-001-mechanics-materials-i-fall-2006/pages/syllabus/","2026-10-04","内容编辑与机制审核，未获逐方向专家签审"
"agriculture-1","agriculture","作物与栽培","生长条件与观察范围","crop","细分核对","地块、管理措施与生育期记录","对齐地块条件、生育期与管理差异，说明季节限制","管理措施不同的地块被全部归为品种差异","品种、环境与管理需要分别说明，单季结果不代替多环境表现","中国农业大学：作物研究介绍 [相邻学科范围]","https://sanya.cau.edu.cn/art/2022/8/2/art_47257_889299.html","2026-10-04","内容编辑与机制审核，未获逐方向专家签审"
"agriculture-2","agriculture","土壤与资源","环境记录与资源条件","ecology","细分核对","采样深度、含水状态与地块管理历史","分开空间异质性、测量状态与管理影响","不同深度样品被直接用来比较管理效果","土层和状态不同不能无条件归因于管理","北京大学：自然地理与自然资源系 [相邻学科范围]","https://www.ues.pku.edu.cn/ztlm/zrdlyzrzyx/index.htm","2026-10-04","内容编辑与机制审核，未获逐方向专家签审"
"agriculture-3","agriculture","林业与生态","空间尺度与群落解释","ecology","细分核对","样地年龄结构、更新记录与管理周期","区分短期生长、更新成功与长期维持","当年长势好被直接写成长期更新成功","短期生长不能替代更新与长期维持","北京大学：自然地理与自然资源系 [相邻学科范围]","https://www.ues.pku.edu.cn/ztlm/zrdlyzrzyx/index.htm","2026-10-04","内容编辑与机制审核，未获逐方向专家签审"
"veterinary-1","veterinary","动物生理","对象状态与观察条件","animal-science","细分核对","个体索引、养殖场背景与生长窗口","保留个体、群体环境与观察时期","同一养殖场的多次记录被当成独立场间重复","记录次数不能代替独立个体或独立场","中国农业大学：作物研究介绍 [相邻学科范围]","https://sanya.cau.edu.cn/art/2022/8/2/art_47257_889299.html","2026-10-04","内容编辑与机制审核，未获逐方向专家签审"
"veterinary-2","veterinary","动物健康","比较对象与健康记录","animal-science","细分核对","个体索引、养殖场背景与生长窗口","保留个体、群体环境与观察时期","同一养殖场的多次记录被当成独立场间重复","记录次数不能代替独立个体或独立场","中国农业大学：作物研究介绍 [相邻学科范围]","https://sanya.cau.edu.cn/art/2022/8/2/art_47257_889299.html","2026-10-04","内容编辑与机制审核，未获逐方向专家签审"
"veterinary-3","veterinary","行为与福利","行为情境与照护边界","animal-science","细分核对","个体索引、养殖场背景与生长窗口","保留个体、群体环境与观察时期","同一养殖场的多次记录被当成独立场间重复","记录次数不能代替独立个体或独立场","中国农业大学：作物研究介绍 [相邻学科范围]","https://sanya.cau.edu.cn/art/2022/8/2/art_47257_889299.html","2026-10-04","内容编辑与机制审核，未获逐方向专家签审"
"food-1","food","食品科学","加工条件与评价指标","food","共享主题模块","批次来源、评价条件与保存时间记录","把批次与评价顺序分开，保留原始口径","同一批次重复评价被当作不同来源","评价信号不直接证明实际消费情境的效果","清华计算机系：科研方向 [学科范围]；MIT开放课程：力学与材料教学大纲 [基础方法课程]","https://www.cs.tsinghua.edu.cn/kxyj/kyfx.htm；https://ocw.mit.edu/courses/2-001-mechanics-materials-i-fall-2006/pages/syllabus/","2026-10-04","内容编辑与机制审核，未获逐方向专家签审"
"food-2","food","营养研究","饮食记录与健康比较","food","共享主题模块","批次来源、评价条件与保存时间记录","把批次与评价顺序分开，保留原始口径","同一批次重复评价被当作不同来源","评价信号不直接证明实际消费情境的效果","清华计算机系：科研方向 [学科范围]；MIT开放课程：力学与材料教学大纲 [基础方法课程]","https://www.cs.tsinghua.edu.cn/kxyj/kyfx.htm；https://ocw.mit.edu/courses/2-001-mechanics-materials-i-fall-2006/pages/syllabus/","2026-10-04","内容编辑与机制审核，未获逐方向专家签审"
"food-3","food","食品安全与管理","来源追溯与执行范围","food","共享主题模块","批次来源、评价条件与保存时间记录","把批次与评价顺序分开，保留原始口径","同一批次重复评价被当作不同来源","评价信号不直接证明实际消费情境的效果","清华计算机系：科研方向 [学科范围]；MIT开放课程：力学与材料教学大纲 [基础方法课程]","https://www.cs.tsinghua.edu.cn/kxyj/kyfx.htm；https://ocw.mit.edu/courses/2-001-mechanics-materials-i-fall-2006/pages/syllabus/","2026-10-04","内容编辑与机制审核，未获逐方向专家签审"
"pharmacy-1","pharmacy","药理学基础与作用机制","药物作用、效能与评价层次","pharma","细分核对","受体或靶点证据、功能反应和暴露资料","区分靶点参与、功能变化与临床获益","功能信号改变被写成靶点和治疗效果均已确定","靶点、功能与临床结局需要不同证据","ASPET：药理学知识目标（2022） [研究领域与基础概念背景；不验证游戏虚构案例]","https://www.aspet.org/docs/default-source/education-files/pharmacology-knowledge-objectives-2022-final.pdf","2026-10-05","内容编辑与机制审核，未获逐方向专家签审"
"pharmacy-2","pharmacy","药物分析","定量可靠性与复杂基质","pharma","细分核对","校准、基质影响、稳定性与定量记录","核对基质影响和测量范围而不只比较峰面积","不同基质的响应差异被当成浓度差异","测量信号不经可靠定量不能直接代表暴露","ASPET：药理学知识目标（2022） [研究领域与基础概念背景；不验证游戏虚构案例]","https://www.aspet.org/docs/default-source/education-files/pharmacology-knowledge-objectives-2022-final.pdf","2026-10-05","内容编辑与机制审核，未获逐方向专家签审"
"pharmacy-3","pharmacy","药事与使用研究","用药过程、制度安排与实施差异","pharma","细分核对","处方流程、药品可及性与服务记录","区分制度要求、实际执行和患者使用","制度已经发布被写成患者已经改变用药","制度存在不能证明实际执行或患者获益","ASPET：药理学知识目标（2022） [研究领域与基础概念背景；不验证游戏虚构案例]","https://www.aspet.org/docs/default-source/education-files/pharmacology-knowledge-objectives-2022-final.pdf","2026-10-05","内容编辑与机制审核，未获逐方向专家签审"
"nursing-1","nursing","护理实践研究","照护过程与个体需要","nursing","细分核对","照护实施、本人报告与交接时间轴","分开文书完成、信息传达与实际落实","完整表单被当成关键事项都已经落实","文书齐全不独立证明照护质量","NINR：护理研究优先领域 [学科范围]；NHLBI：研究质量评估工具 [研究方法资料]","https://www.ninr.nih.gov/research/priority-areas；https://www.nhlbi.nih.gov/health-topics/study-quality-assessment-tools","2026-10-04","内容编辑与机制审核，未获逐方向专家签审"
"nursing-2","nursing","护理教育","学习任务与实践反馈","education","细分核对","照护实施、本人报告与交接时间轴","分开文书完成、信息传达与实际落实","完整表单被当成关键事项都已经落实","文书齐全不独立证明照护质量","北京师范大学：课程与教学研究方向 [学科范围]","https://cter.bnu.edu.cn/docs/2024-05/e0d9749ec02e425eb45aa96fefdadc2a.pdf","2026-10-04","内容编辑与机制审核，未获逐方向专家签审"
"nursing-3","nursing","社区与公共健康","服务范围与执行条件","nursing","细分核对","照护实施、本人报告与交接时间轴","分开文书完成、信息传达与实际落实","完整表单被当成关键事项都已经落实","文书齐全不独立证明照护质量","NINR：护理研究优先领域 [学科范围]；NHLBI：研究质量评估工具 [研究方法资料]","https://www.ninr.nih.gov/research/priority-areas；https://www.nhlbi.nih.gov/health-topics/study-quality-assessment-tools","2026-10-04","内容编辑与机制审核，未获逐方向专家签审"
"management-1","management","组织与行为","组织情境与协作范围","organization","细分核对","正式流程、实际协作与未受益者记录","比较纸面目标、落实条件与参与负担","完成流程被直接当成目标已经实现","过程合规不独立证明全部成效","浙江大学管理学院：研究介绍 [学科范围]","https://www.som.zju.edu.cn/2025/0506/c63512a3045953/page.htm","2026-10-04","内容编辑与机制审核，未获逐方向专家签审"
"management-2","management","会计与财务","数据口径与资源关系","accounting","细分核对","确认时点、合并边界与核对底稿","区分经营变化、口径调整与合并变化","合并范围扩大被当成原业务增长","报表变动需要确认和范围背景","浙江大学管理学院：研究介绍 [学科范围]","https://www.som.zju.edu.cn/2025/0506/c63512a3045953/page.htm","2026-10-04","内容编辑与机制审核，未获逐方向专家签审"
"management-3","management","运营与管理科学","过程约束与优化目标","organization","细分核对","流程等待、交付记录与需求波动","同时比较局部周转与端到端交付","局部处理加速却把等待转移给了下一环节","局部效率不独立代表全链绩效","浙江大学管理学院：研究介绍 [学科范围]","https://www.som.zju.edu.cn/2025/0506/c63512a3045953/page.htm","2026-10-04","内容编辑与机制审核，未获逐方向专家签审"
"publicadmin-1","publicadmin","公共政策","比较目标与实施条件","policy","共享主题模块","制度文本、执行材料与对象反馈","比较制度情境，保留执行层次与时间","两个地方用了同名制度，执行条件却不同","制度名称相同不保证比较对象相同","北京大学法学院：培养方向 [学科范围]；北京大学社会学系：专业介绍 [学科范围]","https://www.law.pku.edu.cn/xwzx/ggtz/zsjx/870508d182464f118ae55b9473a4c4f3.htm；https://bkzs.pku.edu.cn/xkzy/xy/shkxxb/sxkxxy_31/sxkxxyzszy_31/index.htm","2026-10-04","内容编辑与机制审核，未获逐方向专家签审"
"publicadmin-2","publicadmin","公共服务","服务过程与使用反馈","policy","共享主题模块","制度文本、执行材料与对象反馈","比较制度情境，保留执行层次与时间","两个地方用了同名制度，执行条件却不同","制度名称相同不保证比较对象相同","北京大学法学院：培养方向 [学科范围]；北京大学社会学系：专业介绍 [学科范围]","https://www.law.pku.edu.cn/xwzx/ggtz/zsjx/870508d182464f118ae55b9473a4c4f3.htm；https://bkzs.pku.edu.cn/xkzy/xy/shkxxb/sxkxxy_31/sxkxxyzszy_31/index.htm","2026-10-04","内容编辑与机制审核，未获逐方向专家签审"
"publicadmin-3","publicadmin","资源与应急管理","资源余量与协作边界","organization","细分核对","正式流程、实际协作与未受益者记录","比较纸面目标、落实条件与参与负担","完成流程被直接当成目标已经实现","过程合规不独立证明全部成效","浙江大学管理学院：研究介绍 [学科范围]","https://www.som.zju.edu.cn/2025/0506/c63512a3045953/page.htm","2026-10-04","内容编辑与机制审核，未获逐方向专家签审"
"music-1","music","音乐与表演","表达版本与现场体验","performance","细分核对","乐谱或脚本版本、演出场次与声场记录","分开作品结构、演绎取舍与现场条件","录音后期处理被当成现场的实际表现","录音成品不能独立代表现场条件","中央美术学院：人文学院 [相邻学科范围]","https://www.cafa.edu.cn/sp/nljg/?j=151","2026-10-04","内容编辑与机制审核，未获逐方向专家签审"
"music-2","music","戏剧与影视","叙事结构与受众语境","media","细分核对","镜头段落、剪辑版本与放映条件","区分拍摄素材、剪辑叙事与观众解释","剪辑制造的因果顺序被当成事件本身的顺序","视听组织不能独立证明真实事件的因果","中央美术学院：人文学院 [相邻学科范围]","https://www.cafa.edu.cn/sp/nljg/?j=151","2026-10-04","内容编辑与机制审核，未获逐方向专家签审"
"music-3","music","声音与媒介技术","声音信号、录音条件与表达判断","media","共享主题模块","传播时间、平台机制与受众资料","分开内容、推荐入口与实际触达","平台推荐规则改变，被写成受众兴趣突然转向","可见互动不能代替全部受众的态度","中央美术学院：人文学院 [相邻学科范围]","https://www.cafa.edu.cn/sp/nljg/?j=151","2026-10-04","内容编辑与机制审核，未获逐方向专家签审"
"military-1","military","战略与国际安全","推演范围与互动条件","military","细分核对","公开史料、当时信息与组织约束","限制在公开历史解释，保留行动者当时能知道的内容","历史结局被提前交给抽象案例中的决策者","历史解释与抽象组织案例不等于现实预测","教育部：研究生教育学科专业目录（2022） [分类背景]；北京大学历史学系：学科介绍 [学科范围]","https://www.moe.gov.cn/srcsite/A22/moe_833/202209/t20220914_660828.html；https://history.pku.edu.cn/bxgk/xkjj/index.htm","2026-10-04","内容编辑与机制审核，未获逐方向专家签审"
"military-2","military","军事历史","材料出处与时序解释","military","细分核对","公开史料、当时信息与组织约束","限制在公开历史解释，保留行动者当时能知道的内容","历史结局被提前交给抽象案例中的决策者","历史解释与抽象组织案例不等于现实预测","教育部：研究生教育学科专业目录（2022） [分类背景]；北京大学历史学系：学科介绍 [学科范围]","https://www.moe.gov.cn/srcsite/A22/moe_833/202209/t20220914_660828.html；https://history.pku.edu.cn/bxgk/xkjj/index.htm","2026-10-04","内容编辑与机制审核，未获逐方向专家签审"
"military-3","military","组织与保障","资源安排与系统约束","military","细分核对","公开史料、当时信息与组织约束","限制在公开历史解释，保留行动者当时能知道的内容","历史结局被提前交给抽象案例中的决策者","历史解释与抽象组织案例不等于现实预测","教育部：研究生教育学科专业目录（2022） [分类背景]；北京大学历史学系：学科介绍 [学科范围]","https://www.moe.gov.cn/srcsite/A22/moe_833/202209/t20220914_660828.html；https://history.pku.edu.cn/bxgk/xkjj/index.htm","2026-10-04","内容编辑与机制审核，未获逐方向专家签审"
"interdisciplinary-1","interdisciplinary","共同问题设计","两边的对象与定义","cross","共享主题模块","两侧对象定义、资料单位与方法接口","分别保留两侧依据，再检查接口是否改变含义","两边同名的指标实际测量不同对象","组合两种方法不自动形成跨学科证据","教育部：研究生教育学科专业目录（2022） [分类背景]","https://www.moe.gov.cn/srcsite/A22/moe_833/202209/t20220914_660828.html","2026-10-04","内容编辑与机制审核，未获逐方向专家签审"
"interdisciplinary-2","interdisciplinary","跨学科方法","两侧条件与证据接口","cross","共享主题模块","两侧对象定义、资料单位与方法接口","分别保留两侧依据，再检查接口是否改变含义","两边同名的指标实际测量不同对象","组合两种方法不自动形成跨学科证据","教育部：研究生教育学科专业目录（2022） [分类背景]","https://www.moe.gov.cn/srcsite/A22/moe_833/202209/t20220914_660828.html","2026-10-04","内容编辑与机制审核，未获逐方向专家签审"
"interdisciplinary-3","interdisciplinary","跨学科应用","使用情境与执行边界","cross","共享主题模块","两侧对象定义、资料单位与方法接口","分别保留两侧依据，再检查接口是否改变含义","两边同名的指标实际测量不同对象","组合两种方法不自动形成跨学科证据","教育部：研究生教育学科专业目录（2022） [分类背景]","https://www.moe.gov.cn/srcsite/A22/moe_833/202209/t20220914_660828.html","2026-10-04","内容编辑与机制审核，未获逐方向专家签审"
"statistics-1","statistics","统计推断","估计目标、抽样条件与不确定性","statistics","共享主题模块","独立对象索引、缺失模式与模型诊断","先说明估计目标和独立单位，再看不确定性","同一对象的多次记录被当成更多独立证据","显著性与精度不能替代设计和识别条件","清华统计与数据科学：科研领域 [学科范围]；NHLBI：研究质量评估工具 [研究方法资料]","https://www.stat.tsinghua.edu.cn/kxyj/kylyy.htm；https://www.nhlbi.nih.gov/health-topics/study-quality-assessment-tools","2026-10-04","内容编辑与机制审核，未获逐方向专家签审"
"statistics-2","statistics","统计学习","预测、划分与泛化范围","statistics","细分核对","对象索引、时间划分与模型选择记录","分开训练、选择与最终评估","反复用于调参的数据仍被称为独立评估","开发集上的提高不独立证明泛化","清华统计与数据科学：科研领域 [学科范围]；NHLBI：研究质量评估工具 [研究方法资料]","https://www.stat.tsinghua.edu.cn/kxyj/kylyy.htm；https://www.nhlbi.nih.gov/health-topics/study-quality-assessment-tools","2026-10-04","内容编辑与机制审核，未获逐方向专家签审"
"statistics-3","statistics","空间与时间统计","依赖结构与观测尺度","statistics","共享主题模块","独立对象索引、缺失模式与模型诊断","先说明估计目标和独立单位，再看不确定性","同一对象的多次记录被当成更多独立证据","显著性与精度不能替代设计和识别条件","清华统计与数据科学：科研领域 [学科范围]；NHLBI：研究质量评估工具 [研究方法资料]","https://www.stat.tsinghua.edu.cn/kxyj/kylyy.htm；https://www.nhlbi.nih.gov/health-topics/study-quality-assessment-tools","2026-10-04","内容编辑与机制审核，未获逐方向专家签审"
"astronomy-1","astronomy","恒星与星系","信号、背景与距离解释","physics","共享主题模块","标定、背景信号与模型近似记录","对照背景与测量条件，说明近似成立的范围","修正背景的方法恰好抹掉了想解释的差异","曲线拟合相似不等于物理解释唯一","北京大学物理学院：研究领域 [学科范围]","https://english.phy.pku.edu.cn/Research/Research_Areas.htm","2026-10-04","内容编辑与机制审核，未获逐方向专家签审"
"astronomy-2","astronomy","宇宙学","模型假设与观测约束","physics","共享主题模块","标定、背景信号与模型近似记录","对照背景与测量条件，说明近似成立的范围","修正背景的方法恰好抹掉了想解释的差异","曲线拟合相似不等于物理解释唯一","北京大学物理学院：研究领域 [学科范围]","https://english.phy.pku.edu.cn/Research/Research_Areas.htm","2026-10-04","内容编辑与机制审核，未获逐方向专家签审"
"astronomy-3","astronomy","时域与观测技术","观测窗口与标定记录","physics","共享主题模块","标定、背景信号与模型近似记录","对照背景与测量条件，说明近似成立的范围","修正背景的方法恰好抹掉了想解释的差异","曲线拟合相似不等于物理解释唯一","北京大学物理学院：研究领域 [学科范围]","https://english.phy.pku.edu.cn/Research/Research_Areas.htm","2026-10-04","内容编辑与机制审核，未获逐方向专家签审"
"sociology-1","sociology","社会分层","群体差异与比较范围","society","细分核对","进入田野的关系、访谈场景与沉默者记录","标明谁愿意谈、谁无法接触以及研究者的位置","最容易接触到的人替整个群体发言","便于访谈不意味着经验具有代表性","北京大学社会学系：专业介绍 [学科范围]","https://bkzs.pku.edu.cn/xkzy/xy/shkxxb/sxkxxy_31/sxkxxyzszy_31/index.htm","2026-10-04","内容编辑与机制审核，未获逐方向专家签审"
"sociology-2","sociology","组织与网络","关系结构与互动情境","society","细分核对","进入田野的关系、访谈场景与沉默者记录","标明谁愿意谈、谁无法接触以及研究者的位置","最容易接触到的人替整个群体发言","便于访谈不意味着经验具有代表性","北京大学社会学系：专业介绍 [学科范围]","https://bkzs.pku.edu.cn/xkzy/xy/shkxxb/sxkxxy_31/sxkxxyzszy_31/index.htm","2026-10-04","内容编辑与机制审核，未获逐方向专家签审"
"sociology-3","sociology","城市与社区","空间资源与生活经验","society","细分核对","进入田野的关系、访谈场景与沉默者记录","标明谁愿意谈、谁无法接触以及研究者的位置","最容易接触到的人替整个群体发言","便于访谈不意味着经验具有代表性","北京大学社会学系：专业介绍 [学科范围]","https://bkzs.pku.edu.cn/xkzy/xy/shkxxb/sxkxxy_31/sxkxxyzszy_31/index.htm","2026-10-04","内容编辑与机制审核，未获逐方向专家签审"
"anthropology-1","anthropology","文化人类学","参与关系与语境记录","society","细分核对","进入田野的关系、访谈场景与沉默者记录","标明谁愿意谈、谁无法接触以及研究者的位置","最容易接触到的人替整个群体发言","便于访谈不意味着经验具有代表性","北京大学社会学系：专业介绍 [学科范围]","https://bkzs.pku.edu.cn/xkzy/xy/shkxxb/sxkxxy_31/sxkxxyzszy_31/index.htm","2026-10-04","内容编辑与机制审核，未获逐方向专家签审"
"anthropology-2","anthropology","社会人类学","社会关系与研究者位置","society","细分核对","进入田野的关系、访谈场景与沉默者记录","标明谁愿意谈、谁无法接触以及研究者的位置","最容易接触到的人替整个群体发言","便于访谈不意味着经验具有代表性","北京大学社会学系：专业介绍 [学科范围]","https://bkzs.pku.edu.cn/xkzy/xy/shkxxb/sxkxxy_31/sxkxxyzszy_31/index.htm","2026-10-04","内容编辑与机制审核，未获逐方向专家签审"
"anthropology-3","anthropology","环境与技术人类学","技术使用与地方经验","society","细分核对","进入田野的关系、访谈场景与沉默者记录","标明谁愿意谈、谁无法接触以及研究者的位置","最容易接触到的人替整个群体发言","便于访谈不意味着经验具有代表性","北京大学社会学系：专业介绍 [学科范围]","https://bkzs.pku.edu.cn/xkzy/xy/shkxxb/sxkxxy_31/sxkxxyzszy_31/index.htm","2026-10-04","内容编辑与机制审核，未获逐方向专家签审"
"archaeology-1","archaeology","田野考古","层位、出处与记录链","archaeology","细分核对","出土位置、层位关系与样品年代分布","把材料年代、沉积过程与活动年代分开","一件混入物被用来给整层活动定年","样品日期需要与考古语境建立联系","北京大学：科技考古教研室 [学科范围]","https://archaeology.pku.edu.cn/szdw/jxky1/jys/kjkgjys.htm","2026-10-04","内容编辑与机制审核，未获逐方向专家签审"
"archaeology-2","archaeology","科技考古","材料属性与测量条件","archaeometry","细分核对","出土位置、层位关系与样品年代分布","把材料年代、沉积过程与活动年代分开","一件混入物被用来给整层活动定年","样品日期需要与考古语境建立联系","北京大学：科技考古教研室 [学科范围]","https://archaeology.pku.edu.cn/szdw/jxky1/jys/kjkgjys.htm","2026-10-04","内容编辑与机制审核，未获逐方向专家签审"
"archaeology-3","archaeology","公共与文化遗产","展示语境与公众解释","heritage","共享主题模块","对象来源、保存状态与展示解释","区分保存目标、展示叙事与使用者理解","展示采用的复原想象被游客当成确定历史","复原与展示解释需要标明依据和不确定性","北京大学：科技考古教研室 [学科范围]；中央美术学院：人文学院 [相邻学科范围]","https://archaeology.pku.edu.cn/szdw/jxky1/jys/kjkgjys.htm；https://www.cafa.edu.cn/sp/nljg/?j=151","2026-10-04","内容编辑与机制审核，未获逐方向专家签审"
"geography-1","geography","空间分析与地理信息","投影、邻接与尺度","remote-sensing","共享主题模块","影像日期、空间分辨率与地面参照","对齐时间与尺度，保留未能观测的区域","云遮挡区域被当成地表没有变化","影像缺测不等于地表状态没有变化","北京大学：自然地理与自然资源系 [相邻学科范围]","https://www.ues.pku.edu.cn/ztlm/zrdlyzrzyx/index.htm","2026-10-04","内容编辑与机制审核，未获逐方向专家签审"
"geography-2","geography","人文地理","空间资源与社会情境","human-geography","细分核对","空间单元、人口流动与制度背景","核对空间尺度、边界与流动选择，区分区域和个人关系","一个区域的平均关系被解释成所有居民的个人选择","区域比较需要尺度与制度语境，不能直接推到个人","北京大学：城市与经济地理系 [学科范围]","https://www.ues.pku.edu.cn/Geography/","2026-10-04","内容编辑与机制审核，未获逐方向专家签审"
"geography-3","geography","自然地理","环境过程与观察边界","ecology","细分核对","样地边界、观测季节与物种可探测性","区分没观察到、真的缺席与观察机会不同","调查次数减少被写成物种数量减少","可见记录需要观察机会与尺度解释","北京大学：自然地理与自然资源系 [相邻学科范围]","https://www.ues.pku.edu.cn/ztlm/zrdlyzrzyx/index.htm","2026-10-04","内容编辑与机制审核，未获逐方向专家签审"
"materials-1","materials","功能材料","结构、性能与批次","chemistry","细分核对","校准记录、谱图归属与独立表征","把检测信号、结构归属与性质解释分开","一个重叠峰被当成唯一结构的特征峰","单一信号不独立确定完整结构或功能","北京大学化学学院：研究主题 [学科范围]","https://www.chem.pku.edu.cn/en/Research/ResearchTheme/index.htm","2026-10-04","内容编辑与机制审核，未获逐方向专家签审"
"materials-2","materials","软材料与界面","材料状态与环境作用","chemistry","细分核对","校准记录、谱图归属与独立表征","把检测信号、结构归属与性质解释分开","一个重叠峰被当成唯一结构的特征峰","单一信号不独立确定完整结构或功能","北京大学化学学院：研究主题 [学科范围]","https://www.chem.pku.edu.cn/en/Research/ResearchTheme/index.htm","2026-10-04","内容编辑与机制审核，未获逐方向专家签审"
"materials-3","materials","计算材料","模型假设与条件范围","chemistry","细分核对","校准记录、谱图归属与独立表征","把检测信号、结构归属与性质解释分开","一个重叠峰被当成唯一结构的特征峰","单一信号不独立确定完整结构或功能","北京大学化学学院：研究主题 [学科范围]","https://www.chem.pku.edu.cn/en/Research/ResearchTheme/index.htm","2026-10-04","内容编辑与机制审核，未获逐方向专家签审"
"automation-1","automation","控制理论","反馈条件与稳定范围","mechanical","细分核对","闭环响应、扰动记录与执行器约束","区分名义稳定、扰动鲁棒性与约束下表现","未触及饱和的演示被写成所有工况都稳定","名义工况不能覆盖全部扰动和约束","MIT开放课程：力学与材料教学大纲 [基础方法课程]","https://ocw.mit.edu/courses/2-001-mechanics-materials-i-fall-2006/pages/syllabus/","2026-10-04","内容编辑与机制审核，未获逐方向专家签审"
"automation-2","automation","机器人与感知","任务环境与观测记录","mechanical","细分核对","闭环响应、扰动记录与执行器约束","区分名义稳定、扰动鲁棒性与约束下表现","未触及饱和的演示被写成所有工况都稳定","名义工况不能覆盖全部扰动和约束","MIT开放课程：力学与材料教学大纲 [基础方法课程]","https://ocw.mit.edu/courses/2-001-mechanics-materials-i-fall-2006/pages/syllabus/","2026-10-04","内容编辑与机制审核，未获逐方向专家签审"
"automation-3","automation","智能系统与协同","资源约束与多方互动","computing","细分核对","样本来源、时间划分与模型选择记录","区分训练、选择和最终评估，检查对象与时间信息泄漏","反复试过的评估集仍被写成未见过的独立评估","反复选择会改变评估含义，内部高分不保证外部泛化","清华计算机系：科研方向 [学科范围]","https://www.cs.tsinghua.edu.cn/kxyj/kyfx.htm","2026-10-04","内容编辑与机制审核，未获逐方向专家签审"
"communications-1","communications","信息与编码","编码条件与误差口径","electronics","细分核对","输入带宽、噪声谱与测量链路","区分器件响应、测量链路与信号处理","滤波后的漂亮曲线被当成器件原始响应","处理后的信号需要保留处理条件","清华计算机系：科研方向 [学科范围]；北京大学物理学院：研究领域 [学科范围]","https://www.cs.tsinghua.edu.cn/kxyj/kyfx.htm；https://english.phy.pku.edu.cn/Research/Research_Areas.htm","2026-10-04","内容编辑与机制审核，未获逐方向专家签审"
"communications-2","communications","无线与网络","信道变化与资源安排","electronics","细分核对","输入带宽、噪声谱与测量链路","区分器件响应、测量链路与信号处理","滤波后的漂亮曲线被当成器件原始响应","处理后的信号需要保留处理条件","清华计算机系：科研方向 [学科范围]；北京大学物理学院：研究领域 [学科范围]","https://www.cs.tsinghua.edu.cn/kxyj/kyfx.htm；https://english.phy.pku.edu.cn/Research/Research_Areas.htm","2026-10-04","内容编辑与机制审核，未获逐方向专家签审"
"communications-3","communications","通信感知融合","信号来源与测量边界","electronics","细分核对","输入带宽、噪声谱与测量链路","区分器件响应、测量链路与信号处理","滤波后的漂亮曲线被当成器件原始响应","处理后的信号需要保留处理条件","清华计算机系：科研方向 [学科范围]；北京大学物理学院：研究领域 [学科范围]","https://www.cs.tsinghua.edu.cn/kxyj/kyfx.htm；https://english.phy.pku.edu.cn/Research/Research_Areas.htm","2026-10-04","内容编辑与机制审核，未获逐方向专家签审"
"architecture-1","architecture","建筑设计","空间需求与使用反馈","construction","细分核对","空间方案、实际使用路径与不同时段观察","比较设计意图、进入机会与实际使用","漂亮平面图被当成所有人使用都方便","设计意图需要实际任务与使用者检验","MIT开放课程：力学与材料教学大纲 [基础方法课程]","https://ocw.mit.edu/courses/2-001-mechanics-materials-i-fall-2006/pages/syllabus/","2026-10-04","内容编辑与机制审核，未获逐方向专家签审"
"architecture-2","architecture","城乡规划","资源、尺度与生活情境","construction","细分核对","空间方案、实际使用路径与不同时段观察","比较设计意图、进入机会与实际使用","漂亮平面图被当成所有人使用都方便","设计意图需要实际任务与使用者检验","MIT开放课程：力学与材料教学大纲 [基础方法课程]","https://ocw.mit.edu/courses/2-001-mechanics-materials-i-fall-2006/pages/syllabus/","2026-10-04","内容编辑与机制审核，未获逐方向专家签审"
"architecture-3","architecture","建筑技术与环境","工况、性能与环境范围","ecology","细分核对","空间方案、实际使用路径与不同时段观察","比较设计意图、进入机会与实际使用","漂亮平面图被当成所有人使用都方便","设计意图需要实际任务与使用者检验","北京大学：自然地理与自然资源系 [相邻学科范围]","https://www.ues.pku.edu.cn/ztlm/zrdlyzrzyx/index.htm","2026-10-04","内容编辑与机制审核，未获逐方向专家签审"
"design-1","design","交互设计","用户任务与反馈来源","interaction","细分核对","原型版本、用户任务与失败路径","保留误操作、求助、放弃与完成记录","熟练测试者的成功被当成新手同样能完成","喜欢程度不能代替任务完成与使用条件","清华计算机系：科研方向 [学科范围]；中央美术学院：人文学院 [相邻学科范围]","https://www.cs.tsinghua.edu.cn/kxyj/kyfx.htm；https://www.cafa.edu.cn/sp/nljg/?j=151","2026-10-04","内容编辑与机制审核，未获逐方向专家签审"
"design-2","design","服务设计","协作流程与使用情境","interaction","细分核对","原型版本、用户任务与失败路径","保留误操作、求助、放弃与完成记录","熟练测试者的成功被当成新手同样能完成","喜欢程度不能代替任务完成与使用条件","清华计算机系：科研方向 [学科范围]；中央美术学院：人文学院 [相邻学科范围]","https://www.cs.tsinghua.edu.cn/kxyj/kyfx.htm；https://www.cafa.edu.cn/sp/nljg/?j=151","2026-10-04","内容编辑与机制审核，未获逐方向专家签审"
"design-3","design","视觉与信息设计","表达结构与受众理解","arts","细分核对","原型版本、用户任务与失败路径","保留误操作、求助、放弃与完成记录","熟练测试者的成功被当成新手同样能完成","喜欢程度不能代替任务完成与使用条件","中央美术学院：人文学院 [相邻学科范围]","https://www.cafa.edu.cn/sp/nljg/?j=151","2026-10-04","内容编辑与机制审核，未获逐方向专家签审"
"publichealth-1","publichealth","流行病学","群体、比较与偏差边界","population","共享主题模块","登记分母、调查框与健康服务记录","先核对覆盖人口与时期，再比较比例","宣传活动后登记入口增加，被误写成风险突然升高","登记或问卷结果需要覆盖范围和选择过程的限定","NIH：认识临床研究 [研究方法入门]；NHLBI：研究质量评估工具 [研究方法资料]","https://www.nih.gov/about-nih/science-health-public-trust/tools/understanding-clinical-studies；https://www.nhlbi.nih.gov/health-topics/study-quality-assessment-tools","2026-10-04","内容编辑与机制审核，未获逐方向专家签审"
"publichealth-2","publichealth","卫生政策与管理","资源条件与执行反馈","health-services","共享主题模块","服务路径、支付口径与使用者反馈","分开服务可及、使用与结果，核对就医选择","使用服务的人原本就更容易获得后续随访","服务使用差异不能直接视作服务效果","NINR：护理研究优先领域 [学科范围]；NHLBI：研究质量评估工具 [研究方法资料]","https://www.ninr.nih.gov/research/priority-areas；https://www.nhlbi.nih.gov/health-topics/study-quality-assessment-tools","2026-10-04","内容编辑与机制审核，未获逐方向专家签审"
"publichealth-3","publichealth","环境与职业健康","环境记录与群体差异","population","共享主题模块","登记分母、调查框与健康服务记录","先核对覆盖人口与时期，再比较比例","宣传活动后登记入口增加，被误写成风险突然升高","登记或问卷结果需要覆盖范围和选择过程的限定","NIH：认识临床研究 [研究方法入门]；NHLBI：研究质量评估工具 [研究方法资料]","https://www.nih.gov/about-nih/science-health-public-trust/tools/understanding-clinical-studies；https://www.nhlbi.nih.gov/health-topics/study-quality-assessment-tools","2026-10-04","内容编辑与机制审核，未获逐方向专家签审"
"classic-4","classic","发育生物学","发育阶段与观察时间","anatomy","共享主题模块","结构图谱、发育阶段与功能观察记录","对应结构、阶段与观察条件，不用形态代替功能","不同发育阶段的记录被排成同一个正常基线","结构相似不自动证明功能相同","OpenStax：解剖与生理教材说明 [基础教材入口]","https://openstax.org/books/anatomy-and-physiology-2e/pages/preface","2026-10-04","内容编辑与机制审核，未获逐方向专家签审"
"classic-5","classic","神经科学","功能过程与行为解释","biomedical","共享主题模块","样本来源、批次索引与注释版本","区分生物对象与重复测量，核对批次构成","最强的一组差异恰好全部来自同一批次","高维差异或数据库关联不能独立证明机制","NHLBI：研究质量评估工具 [研究方法资料]；OpenStax：解剖与生理教材说明 [基础教材入口]","https://www.nhlbi.nih.gov/health-topics/study-quality-assessment-tools；https://openstax.org/books/anatomy-and-physiology-2e/pages/preface","2026-10-04","内容编辑与机制审核，未获逐方向专家签审"
"classic-6","classic","免疫研究","状态差异与解释边界","biomedical","共享主题模块","样本来源、批次索引与注释版本","区分生物对象与重复测量，核对批次构成","最强的一组差异恰好全部来自同一批次","高维差异或数据库关联不能独立证明机制","NHLBI：研究质量评估工具 [研究方法资料]；OpenStax：解剖与生理教材说明 [基础教材入口]","https://www.nhlbi.nih.gov/health-topics/study-quality-assessment-tools；https://openstax.org/books/anatomy-and-physiology-2e/pages/preface","2026-10-04","内容编辑与机制审核，未获逐方向专家签审"
"classic-7","classic","遗传学","变异信息与比较范围","genetic-association","细分核对","变异标识、效应等位基因与祖源构成","对齐等位基因、效应方向和研究人群，区分关联与机制","效应等位基因不同的结果被写成方向冲突","标识和方向核对先于生物学解释，关联不独立证明机制","清华统计与数据科学：科研领域 [学科范围]；NHLBI：研究质量评估工具 [研究方法资料]","https://www.stat.tsinghua.edu.cn/kxyj/kylyy.htm；https://www.nhlbi.nih.gov/health-topics/study-quality-assessment-tools","2026-10-04","内容编辑与机制审核，未获逐方向专家签审"
"classic-8","classic","微生物与宿主","对象差异与环境条件","biomedical","共享主题模块","样本来源、批次索引与注释版本","区分生物对象与重复测量，核对批次构成","最强的一组差异恰好全部来自同一批次","高维差异或数据库关联不能独立证明机制","NHLBI：研究质量评估工具 [研究方法资料]；OpenStax：解剖与生理教材说明 [基础教材入口]","https://www.nhlbi.nih.gov/health-topics/study-quality-assessment-tools；https://openstax.org/books/anatomy-and-physiology-2e/pages/preface","2026-10-04","内容编辑与机制审核，未获逐方向专家签审"
"classic-9","classic","生物信息学","资料整合与推断前提","biomedical","共享主题模块","样本来源、批次索引与注释版本","区分生物对象与重复测量，核对批次构成","最强的一组差异恰好全部来自同一批次","高维差异或数据库关联不能独立证明机制","NHLBI：研究质量评估工具 [研究方法资料]；OpenStax：解剖与生理教材说明 [基础教材入口]","https://www.nhlbi.nih.gov/health-topics/study-quality-assessment-tools；https://openstax.org/books/anatomy-and-physiology-2e/pages/preface","2026-10-04","内容编辑与机制审核，未获逐方向专家签审"
"data-4","data","计算机视觉","图像来源与迁移条件","vision","细分核对","图像来源、场景划分与标注版本","按对象或来源核对划分，记录遮挡与场景变化","相邻帧被随机分到开发与评估两边","相邻图像不是独立场景，内部评估不代替换场景表现","清华计算机系：科研方向 [学科范围]","https://www.cs.tsinghua.edu.cn/kxyj/kyfx.htm","2026-10-04","内容编辑与机制审核，未获逐方向专家签审"
"data-5","data","自然语言处理","语言任务与语境偏差","nlp","细分核对","语料来源、标注规范与任务定义","区分文本重叠、标注分歧与任务表现，保留语言和语域条件","同源改写文本同时出现在开发和评估中","任务分数需要语料、语言与标注条件，不等于理解能力的全部","清华计算机系：科研方向 [学科范围]","https://www.cs.tsinghua.edu.cn/kxyj/kyfx.htm","2026-10-04","内容编辑与机制审核，未获逐方向专家签审"
"data-6","data","数据库与数据工程","资料流转与一致性","database","细分核对","并发事务历史、工作负载与隔离级别","先比较隔离承诺与允许的异常，再比较延迟和吞吐量","较弱隔离获得的吞吐量被写成无条件性能优势","不同隔离语义下的性能不能无条件排名","PostgreSQL：事务隔离 [具体系统方法资料]；清华计算机系：软件研究所 [学科范围]","https://www.postgresql.org/docs/16/transaction-iso.html；https://www.cs.tsinghua.edu.cn/jgsz/yjssys/jsjkxyjsxrjyjs.htm","2026-10-04","内容编辑与机制审核，未获逐方向专家签审"
"data-7","data","计算机安全","威胁假设与责任边界","software","共享主题模块","运行版本、依赖清单与故障日志","在同一条件下复查，区分环境与功能变化","演示机上的默认参数与实际使用环境不同","一次运行成功不等于稳定性或可复现性","清华计算机系：软件研究所 [学科范围]","https://www.cs.tsinghua.edu.cn/jgsz/yjssys/jsjkxyjsxrjyjs.htm","2026-10-04","内容编辑与机制审核，未获逐方向专家签审"
"data-8","data","分布式计算","协同条件与故障传播","software","细分核对","操作历史、故障窗口与一致性承诺","对照读写顺序、隔离语义与失效行为","正常时期的吞吐量被当成故障时的保证","不同一致性承诺下的分数不能无条件排名","清华计算机系：软件研究所 [学科范围]","https://www.cs.tsinghua.edu.cn/jgsz/yjssys/jsjkxyjsxrjyjs.htm","2026-10-04","内容编辑与机制审核，未获逐方向专家签审"
"data-9","data","因果与可信人工智能","推断边界与使用责任","computing","细分核对","对象索引、时间划分与模型选择记录","分开训练、选择与最终评估","反复用于调参的数据仍被称为独立评估","开发集上的提高不独立证明泛化","清华计算机系：科研方向 [学科范围]","https://www.cs.tsinghua.edu.cn/kxyj/kyfx.htm","2026-10-04","内容编辑与机制审核，未获逐方向专家签审"
"theory-4","theory","代数与数论","结构定义与命题条件","math","细分核对","对象定义、映射类别与候选不变量","先确定映射保留什么，再检查分类条件","只证明必要条件却写成完整分类","必要条件不能代替充分性证明","MIT开放课程：实分析与证明训练 [基础方法课程]","https://www.ocw.mit.edu/courses/18-100c-real-analysis-fall-2012/","2026-10-04","内容编辑与机制审核，未获逐方向专家签审"
"theory-5","theory","几何与拓扑","空间结构与连续变化","math","细分核对","对象定义、映射类别与候选不变量","先确定映射保留什么，再检查分类条件","只证明必要条件却写成完整分类","必要条件不能代替充分性证明","MIT开放课程：实分析与证明训练 [基础方法课程]","https://www.ocw.mit.edu/courses/18-100c-real-analysis-fall-2012/","2026-10-04","内容编辑与机制审核，未获逐方向专家签审"
"theory-6","theory","计算数学","数值近似与误差来源","numerical","细分核对","网格序列、误差指标与参考解","区分离散误差、求解误差与模型误差","迭代残差小被写成物理模型误差也小","残差不独立证明与目标真实过程接近","MIT开放课程：实分析与证明训练 [基础方法课程]","https://www.ocw.mit.edu/courses/18-100c-real-analysis-fall-2012/","2026-10-04","内容编辑与机制审核，未获逐方向专家签审"
"theory-7","theory","运筹学","目标冲突与资源约束","optimization","共享主题模块","目标函数、可行约束与对照方案","先确认可行性，再比较目标值与资源取舍","目标值更好的一组其实放宽了约束","目标更优不等于在同一约束下更优","MIT开放课程：实分析与证明训练 [基础方法课程]；清华统计与数据科学：科研领域 [学科范围]","https://www.ocw.mit.edu/courses/18-100c-real-analysis-fall-2012/；https://www.stat.tsinghua.edu.cn/kxyj/kylyy.htm","2026-10-04","内容编辑与机制审核，未获逐方向专家签审"
"theory-8","theory","动力系统","时间演化与稳定条件","math","细分核对","相空间、初值集合与稳定性定义","区分单条轨道有界、局部稳定与全局吸引","一条轨道收敛被当成所有初值都收敛","单条数值轨道不独立证明全局稳定","MIT开放课程：实分析与证明训练 [基础方法课程]","https://www.ocw.mit.edu/courses/18-100c-real-analysis-fall-2012/","2026-10-04","内容编辑与机制审核，未获逐方向专家签审"
"theory-9","theory","组合与图论","连接结构与计数范围","math","共享主题模块","定义、引理依赖与边界例子","逐步标出用到的条件，再检验退化情形","证明中途用了命题开头没有写的条件","算例不能替代证明，也不能替缺失条件背书","MIT开放课程：实分析与证明训练 [基础方法课程]","https://www.ocw.mit.edu/courses/18-100c-real-analysis-fall-2012/","2026-10-04","内容编辑与机制审核，未获逐方向专家签审"
"field-4","field","劳动与组织调查","工作经验与组织条件","society","细分核对","进入田野的关系、访谈场景与沉默者记录","标明谁愿意谈、谁无法接触以及研究者的位置","最容易接触到的人替整个群体发言","便于访谈不意味着经验具有代表性","北京大学社会学系：专业介绍 [学科范围]","https://bkzs.pku.edu.cn/xkzy/xy/shkxxb/sxkxxy_31/sxkxxyzszy_31/index.htm","2026-10-04","内容编辑与机制审核，未获逐方向专家签审"
"field-5","field","城市田野","日常生活与空间资源","society","细分核对","进入田野的关系、访谈场景与沉默者记录","标明谁愿意谈、谁无法接触以及研究者的位置","最容易接触到的人替整个群体发言","便于访谈不意味着经验具有代表性","北京大学社会学系：专业介绍 [学科范围]","https://bkzs.pku.edu.cn/xkzy/xy/shkxxb/sxkxxy_31/sxkxxyzszy_31/index.htm","2026-10-04","内容编辑与机制审核，未获逐方向专家签审"
"field-6","field","数字社会田野","线上记录与参与关系","society","细分核对","进入田野的关系、访谈场景与沉默者记录","标明谁愿意谈、谁无法接触以及研究者的位置","最容易接触到的人替整个群体发言","便于访谈不意味着经验具有代表性","北京大学社会学系：专业介绍 [学科范围]","https://bkzs.pku.edu.cn/xkzy/xy/shkxxb/sxkxxy_31/sxkxxyzszy_31/index.htm","2026-10-04","内容编辑与机制审核，未获逐方向专家签审"
"field-7","field","迁移与流动","地方经验与制度边界","society","细分核对","进入田野的关系、访谈场景与沉默者记录","标明谁愿意谈、谁无法接触以及研究者的位置","最容易接触到的人替整个群体发言","便于访谈不意味着经验具有代表性","北京大学社会学系：专业介绍 [学科范围]","https://bkzs.pku.edu.cn/xkzy/xy/shkxxb/sxkxxy_31/sxkxxyzszy_31/index.htm","2026-10-04","内容编辑与机制审核，未获逐方向专家签审"
"field-8","field","家庭与亲属研究","关系叙述与文化语境","society","细分核对","进入田野的关系、访谈场景与沉默者记录","标明谁愿意谈、谁无法接触以及研究者的位置","最容易接触到的人替整个群体发言","便于访谈不意味着经验具有代表性","北京大学社会学系：专业介绍 [学科范围]","https://bkzs.pku.edu.cn/xkzy/xy/shkxxb/sxkxxy_31/sxkxxyzszy_31/index.htm","2026-10-04","内容编辑与机制审核，未获逐方向专家签审"
"field-9","field","民族志写作","材料取舍与研究者声音","society","细分核对","进入田野的关系、访谈场景与沉默者记录","标明谁愿意谈、谁无法接触以及研究者的位置","最容易接触到的人替整个群体发言","便于访谈不意味着经验具有代表性","北京大学社会学系：专业介绍 [学科范围]","https://bkzs.pku.edu.cn/xkzy/xy/shkxxb/sxkxxy_31/sxkxxyzszy_31/index.htm","2026-10-04","内容编辑与机制审核，未获逐方向专家签审"
"clinical-4","clinical","心血管研究","个体比较与功能指标","cardiac","细分核对","测量场景、风险分层与随访时点","区分一次测量、稳定暴露与长期结局，保留人群分层","随访期间条件改变仍按最初状态解释全部结果","初始状态不独立代表整个观察期","NIH：认识临床研究 [研究方法入门]；NHLBI：研究质量评估工具 [研究方法资料]","https://www.nih.gov/about-nih/science-health-public-trust/tools/understanding-clinical-studies；https://www.nhlbi.nih.gov/health-topics/study-quality-assessment-tools","2026-10-04","内容编辑与机制审核，未获逐方向专家签审"
"clinical-5","clinical","神经与精神研究","症状记录与解释范围","neuro","共享主题模块","影像分区版本、任务记录与功能量表","按个体核对时点，区分软件变化和练习效应","重复评估后的熟悉度被当成认知改善","量表变化不能独立定位神经机制","NIH：认识临床研究 [研究方法入门]；NHLBI：研究质量评估工具 [研究方法资料]","https://www.nih.gov/about-nih/science-health-public-trust/tools/understanding-clinical-studies；https://www.nhlbi.nih.gov/health-topics/study-quality-assessment-tools","2026-10-04","内容编辑与机制审核，未获逐方向专家签审"
"clinical-6","clinical","肿瘤研究","对象异质性与比较边界","oncology","共享主题模块","分期版本、随访截止与后续处置记录","区分结局定义、随访时长与后续处理","短随访组与长随访组被直接比较","观察关联不能承诺个体疗效","NIH：认识临床研究 [研究方法入门]；NHLBI：研究质量评估工具 [研究方法资料]","https://www.nih.gov/about-nih/science-health-public-trust/tools/understanding-clinical-studies；https://www.nhlbi.nih.gov/health-topics/study-quality-assessment-tools","2026-10-04","内容编辑与机制审核，未获逐方向专家签审"
"clinical-7","clinical","感染与免疫相关研究","状态变化与对象条件","infection","共享主题模块","转诊构成、编码版本与公开队列记录","核对登记定义与入组时期，不把编码变化当趋势","编码规则改变却没有留在时间轴上","病例登记变化不直接等于真实发生率变化","NIH：认识临床研究 [研究方法入门]；NHLBI：研究质量评估工具 [研究方法资料]","https://www.nih.gov/about-nih/science-health-public-trust/tools/understanding-clinical-studies；https://www.nhlbi.nih.gov/health-topics/study-quality-assessment-tools","2026-10-04","内容编辑与机制审核，未获逐方向专家签审"
"clinical-8","clinical","康复研究","恢复过程与生活情境","rehab","共享主题模块","功能任务、量表版本与家庭参与记录","对照任务目标、评估者和真实使用情境","训练场上的表现被直接写成日常功能恢复","受控任务表现不能代替生活参与结局","NIH：认识临床研究 [研究方法入门]；NHLBI：研究质量评估工具 [研究方法资料]","https://www.nih.gov/about-nih/science-health-public-trust/tools/understanding-clinical-studies；https://www.nhlbi.nih.gov/health-topics/study-quality-assessment-tools","2026-10-04","内容编辑与机制审核，未获逐方向专家签审"
"clinical-9","clinical","临床信息研究","记录口径与缺失机制","health-services","共享主题模块","服务路径、支付口径与使用者反馈","分开服务可及、使用与结果，核对就医选择","使用服务的人原本就更容易获得后续随访","服务使用差异不能直接视作服务效果","NINR：护理研究优先领域 [学科范围]；NHLBI：研究质量评估工具 [研究方法资料]","https://www.ninr.nih.gov/research/priority-areas；https://www.nhlbi.nih.gov/health-topics/study-quality-assessment-tools","2026-10-04","内容编辑与机制审核，未获逐方向专家签审"
"physics-4","physics","粒子与核物理","信号识别与模型约束","physics","共享主题模块","标定、背景信号与模型近似记录","对照背景与测量条件，说明近似成立的范围","修正背景的方法恰好抹掉了想解释的差异","曲线拟合相似不等于物理解释唯一","北京大学物理学院：研究领域 [学科范围]","https://english.phy.pku.edu.cn/Research/Research_Areas.htm","2026-10-04","内容编辑与机制审核，未获逐方向专家签审"
"physics-5","physics","统计物理","集体行为与近似条件","physics","细分核对","模型状态、系综假设与观测量对应","区分系综中的量、有限系统和实际观测条件","模型极限下的结果被直接当成有限系统必然表现","极限结果需要说明逼近条件，不能省掉系统尺度","北京大学物理学院：研究领域 [学科范围]","https://english.phy.pku.edu.cn/Research/Research_Areas.htm","2026-10-04","内容编辑与机制审核，未获逐方向专家签审"
"physics-6","physics","原子与分子物理","状态变化与测量边界","physics","共享主题模块","标定、背景信号与模型近似记录","对照背景与测量条件，说明近似成立的范围","修正背景的方法恰好抹掉了想解释的差异","曲线拟合相似不等于物理解释唯一","北京大学物理学院：研究领域 [学科范围]","https://english.phy.pku.edu.cn/Research/Research_Areas.htm","2026-10-04","内容编辑与机制审核，未获逐方向专家签审"
"physics-7","physics","量子信息","信息任务与物理约束","physics","细分核对","结构表征、响应曲线与有限尺寸记录","区分结构关联、仪器背景与机制预测","一条响应曲线被当成唯一机制的证明","同一响应可能有多个微观解释","北京大学物理学院：研究领域 [学科范围]","https://english.phy.pku.edu.cn/Research/Research_Areas.htm","2026-10-04","内容编辑与机制审核，未获逐方向专家签审"
"physics-8","physics","等离子体与流体","非线性过程与工况解释","physics","共享主题模块","标定、背景信号与模型近似记录","对照背景与测量条件，说明近似成立的范围","修正背景的方法恰好抹掉了想解释的差异","曲线拟合相似不等于物理解释唯一","北京大学物理学院：研究领域 [学科范围]","https://english.phy.pku.edu.cn/Research/Research_Areas.htm","2026-10-04","内容编辑与机制审核，未获逐方向专家签审"
"physics-9","physics","计算与数据物理","数值记录与推断条件","physics","细分核对","网格序列、误差指标与参考解","区分离散误差、求解误差与模型误差","迭代残差小被写成物理模型误差也小","残差不独立证明与目标真实过程接近","北京大学物理学院：研究领域 [学科范围]","https://english.phy.pku.edu.cn/Research/Research_Areas.htm","2026-10-04","内容编辑与机制审核，未获逐方向专家签审"
"chemistry-4","chemistry","有机化学","结构关系与材料记录","chemistry","细分核对","校准记录、谱图归属与独立表征","把检测信号、结构归属与性质解释分开","一个重叠峰被当成唯一结构的特征峰","单一信号不独立确定完整结构或功能","北京大学化学学院：研究主题 [学科范围]","https://www.chem.pku.edu.cn/en/Research/ResearchTheme/index.htm","2026-10-04","内容编辑与机制审核，未获逐方向专家签审"
"chemistry-5","chemistry","无机化学","组成、结构与条件范围","chemistry","细分核对","校准记录、谱图归属与独立表征","把检测信号、结构归属与性质解释分开","一个重叠峰被当成唯一结构的特征峰","单一信号不独立确定完整结构或功能","北京大学化学学院：研究主题 [学科范围]","https://www.chem.pku.edu.cn/en/Research/ResearchTheme/index.htm","2026-10-04","内容编辑与机制审核，未获逐方向专家签审"
"chemistry-6","chemistry","理论与计算化学","近似方法与结果解释","chemistry","细分核对","校准记录、谱图归属与独立表征","把检测信号、结构归属与性质解释分开","一个重叠峰被当成唯一结构的特征峰","单一信号不独立确定完整结构或功能","北京大学化学学院：研究主题 [学科范围]","https://www.chem.pku.edu.cn/en/Research/ResearchTheme/index.htm","2026-10-04","内容编辑与机制审核，未获逐方向专家签审"
"chemistry-7","chemistry","电化学","界面过程与信号条件","chemistry","细分核对","校准记录、谱图归属与独立表征","把检测信号、结构归属与性质解释分开","一个重叠峰被当成唯一结构的特征峰","单一信号不独立确定完整结构或功能","北京大学化学学院：研究主题 [学科范围]","https://www.chem.pku.edu.cn/en/Research/ResearchTheme/index.htm","2026-10-04","内容编辑与机制审核，未获逐方向专家签审"
"chemistry-8","chemistry","环境化学","来源记录与环境范围","chemistry","细分核对","校准记录、谱图归属与独立表征","把检测信号、结构归属与性质解释分开","一个重叠峰被当成唯一结构的特征峰","单一信号不独立确定完整结构或功能","北京大学化学学院：研究主题 [学科范围]","https://www.chem.pku.edu.cn/en/Research/ResearchTheme/index.htm","2026-10-04","内容编辑与机制审核，未获逐方向专家签审"
"chemistry-9","chemistry","化学生物学","分子观察与功能解释","chemistry","细分核对","校准记录、谱图归属与独立表征","把检测信号、结构归属与性质解释分开","一个重叠峰被当成唯一结构的特征峰","单一信号不独立确定完整结构或功能","北京大学化学学院：研究主题 [学科范围]","https://www.chem.pku.edu.cn/en/Research/ResearchTheme/index.htm","2026-10-04","内容编辑与机制审核，未获逐方向专家签审"
"economics-4","economics","劳动经济","劳动比较与选择偏差","labor","细分核对","就业状态、退出者记录与工时收入分布","把是否就业、工时和时薪三个变化分开","平均收入上涨来自低收入者退出样本","留在就业中的人不能代表所有受影响者","北京大学经济学院：学科专业 [学科范围]","https://econ.pku.edu.cn/xkzy/index.htm","2026-10-04","内容编辑与机制审核，未获逐方向专家签审"
"economics-5","economics","金融经济","风险口径与时间变化","economics","细分核对","信息发布时间、交易成本与收益区间","只使用决策当时可见的信息比较净表现","修订后的历史数据进入了事前预测","回看拟合与可执行预测需要分别评价","北京大学经济学院：学科专业 [学科范围]","https://econ.pku.edu.cn/xkzy/index.htm","2026-10-04","内容编辑与机制审核，未获逐方向专家签审"
"economics-6","economics","产业组织","竞争结构与互动条件","economics","细分核对","贸易流向、价格数量与行业进入退出记录","区分价格变化、数量变化与企业构成变化","出口金额增长被直接当成实物产量增长","名义金额不能独立说明实际贸易量","北京大学经济学院：学科专业 [学科范围]","https://econ.pku.edu.cn/xkzy/index.htm","2026-10-04","内容编辑与机制审核，未获逐方向专家签审"
"economics-7","economics","国际贸易","流动、制度与比较单位","economics","细分核对","贸易流向、价格数量与行业进入退出记录","区分价格变化、数量变化与企业构成变化","出口金额增长被直接当成实物产量增长","名义金额不能独立说明实际贸易量","北京大学经济学院：学科专业 [学科范围]","https://econ.pku.edu.cn/xkzy/index.htm","2026-10-04","内容编辑与机制审核，未获逐方向专家签审"
"economics-8","economics","计量经济","识别条件与资料质量","statistics","细分核对","估计目标、处理分配与比较组记录","先说明目标比较和识别条件，再看模型与不确定性","模型更复杂被当成识别条件已经成立","模型拟合不能替代识别条件，关联本身不能证明因果","清华统计与数据科学：科研领域 [学科范围]；NHLBI：研究质量评估工具 [研究方法资料]","https://www.stat.tsinghua.edu.cn/kxyj/kylyy.htm；https://www.nhlbi.nih.gov/health-topics/study-quality-assessment-tools","2026-10-04","内容编辑与机制审核，未获逐方向专家签审"
"economics-9","economics","数字经济","平台规则与行为记录","economics","共享主题模块","分配规则、样本来源与比较组记录","核对选择过程与政策时点，区分描述和识别","参与者原本就与未参与者不同","相关关系不能直接写成政策因果效果","北京大学经济学院：学科专业 [学科范围]","https://econ.pku.edu.cn/xkzy/index.htm","2026-10-04","内容编辑与机制审核，未获逐方向专家签审"
"humanities-4","humanities","古典文学","版本、注释与时代语境","literature","细分核对","叙述者段落、视角切换与作品版本","区分人物发言、叙述者评价与作者立场","反讽人物的台词被直接当成作者主张","叙述声音不独立代表作者立场","北京大学中文系：学科介绍 [相邻学科范围]","https://chinese.pku.edu.cn/yxgk/bxjj/index.htm","2026-10-04","内容编辑与机制审核，未获逐方向专家签审"
"humanities-5","humanities","现当代文学","作品传播与历史经验","literature","细分核对","叙述者段落、视角切换与作品版本","区分人物发言、叙述者评价与作者立场","反讽人物的台词被直接当成作者主张","叙述声音不独立代表作者立场","北京大学中文系：学科介绍 [相邻学科范围]","https://chinese.pku.edu.cn/yxgk/bxjj/index.htm","2026-10-04","内容编辑与机制审核，未获逐方向专家签审"
"humanities-6","humanities","文艺理论","概念前提与解读取舍","literature","共享主题模块","作品版本、发表语境与引文出处","对照版本差异，区分人物话语与作者判断","后来的删改本被当成作品初刊的原貌","局部引文不能独立支撑整段时代或作者判断","北京大学中文系：学科介绍 [相邻学科范围]","https://chinese.pku.edu.cn/yxgk/bxjj/index.htm","2026-10-04","内容编辑与机制审核，未获逐方向专家签审"
"humanities-7","humanities","叙事与文体","表达结构与材料选择","literature","细分核对","作品版本、叙述层次与引文位置","区分叙述者、人物与作者，回到具体段落和版本","人物说的一句话被写成作者的直接主张","人物话语不独立代表作者判断，解释需要文本层次","北京大学中文系：学科介绍 [相邻学科范围]","https://chinese.pku.edu.cn/yxgk/bxjj/index.htm","2026-10-04","内容编辑与机制审核，未获逐方向专家签审"
"humanities-8","humanities","书籍与阅读史","出版材料与读者经验","literature","共享主题模块","作品版本、发表语境与引文出处","对照版本差异，区分人物话语与作者判断","后来的删改本被当成作品初刊的原貌","局部引文不能独立支撑整段时代或作者判断","北京大学中文系：学科介绍 [相邻学科范围]","https://chinese.pku.edu.cn/yxgk/bxjj/index.htm","2026-10-04","内容编辑与机制审核，未获逐方向专家签审"
"humanities-9","humanities","文学与媒介","文本转换与平台条件","literature","细分核对","叙述者段落、视角切换与作品版本","区分人物发言、叙述者评价与作者立场","反讽人物的台词被直接当成作者主张","叙述声音不独立代表作者立场","北京大学中文系：学科介绍 [相邻学科范围]","https://chinese.pku.edu.cn/yxgk/bxjj/index.htm","2026-10-04","内容编辑与机制审核，未获逐方向专家签审"
"art-4","art","绘画与图像","视觉材料与表达语境","arts","细分核对","作品版本、制作取舍与展示语境","分开形式分析、作者意图与接受评价","熟人预展的好评被用来代表公众接受","意图与评价不能互相替代","中央美术学院：人文学院 [相邻学科范围]","https://www.cafa.edu.cn/sp/nljg/?j=151","2026-10-04","内容编辑与机制审核，未获逐方向专家签审"
"art-5","art","雕塑与装置","材料状态与空间体验","arts","细分核对","作品版本、制作取舍与展示语境","分开形式分析、作者意图与接受评价","熟人预展的好评被用来代表公众接受","意图与评价不能互相替代","中央美术学院：人文学院 [相邻学科范围]","https://www.cafa.edu.cn/sp/nljg/?j=151","2026-10-04","内容编辑与机制审核，未获逐方向专家签审"
"art-6","art","摄影与影像","取景条件与记录范围","arts","共享主题模块","创作版本、展示语境与观众反馈","对照创作意图、形式变化与实际观看经验","预展熟人的反馈被用来代表公众观看","表达意图不能直接等同于观众理解","中央美术学院：人文学院 [相邻学科范围]","https://www.cafa.edu.cn/sp/nljg/?j=151","2026-10-04","内容编辑与机制审核，未获逐方向专家签审"
"art-7","art","公共艺术","空间使用与公众反馈","arts","细分核对","作品版本、制作取舍与展示语境","分开形式分析、作者意图与接受评价","熟人预展的好评被用来代表公众接受","意图与评价不能互相替代","中央美术学院：人文学院 [相邻学科范围]","https://www.cafa.edu.cn/sp/nljg/?j=151","2026-10-04","内容编辑与机制审核，未获逐方向专家签审"
"art-8","art","工艺与材料艺术","材料取舍与制作语境","arts","细分核对","作品版本、制作取舍与展示语境","分开形式分析、作者意图与接受评价","熟人预展的好评被用来代表公众接受","意图与评价不能互相替代","中央美术学院：人文学院 [相邻学科范围]","https://www.cafa.edu.cn/sp/nljg/?j=151","2026-10-04","内容编辑与机制审核，未获逐方向专家签审"
"art-9","art","艺术与数字媒介","工具条件与表达边界","media","细分核对","作品版本、制作取舍与展示语境","分开形式分析、作者意图与接受评价","熟人预展的好评被用来代表公众接受","意图与评价不能互相替代","中央美术学院：人文学院 [相邻学科范围]","https://www.cafa.edu.cn/sp/nljg/?j=151","2026-10-04","内容编辑与机制审核，未获逐方向专家签审"
"philosophy-4","philosophy","认识论","理由来源与知识范围","epistemic","细分核对","证言来源、可靠性理由与幸运猜中的对照案例","区分主张为真、相信主张和证成主张","结论碰巧正确，但提供的理由与结论无关","正确答案本身不解释知识怎样成立","北京大学哲学系：招生专业及方向 [学科范围]；北京大学逻辑学：研究生课程 [课程范围]","https://admission.pku.edu.cn/zsxx/lxszs/lxszyml/2026/ss/zsml_ss_lxs_cn_00023.pdf；https://logic.pku.edu.cn/rcpy/courses/yjskc/index.htm","2026-10-04","内容编辑与机制审核，未获逐方向专家签审"
"philosophy-5","philosophy","形而上学","对象定义与论证条件","ontology","细分核对","可能世界的定义与反例中的可及关系","核对反例是否满足原来的可及关系与量词范围","反例临时增加了原模型不允许的世界","反例必须在同一套语义条件下成立","北京大学哲学系：招生专业及方向 [学科范围]；北京大学逻辑学：研究生课程 [课程范围]","https://admission.pku.edu.cn/zsxx/lxszs/lxszyml/2026/ss/zsml_ss_lxs_cn_00023.pdf；https://logic.pku.edu.cn/rcpy/courses/yjskc/index.htm","2026-10-04","内容编辑与机制审核，未获逐方向专家签审"
"philosophy-6","philosophy","心灵哲学","体验概念与解释边界","mind","共享主题模块","思想实验、意识概念与经验研究的原文","分开第一人称描述、功能解释与实验指标","任务表现被直接写成了主观体验本身","解释功能与解释体验可能是不同的论证目标","北京大学哲学系：招生专业及方向 [学科范围]","https://admission.pku.edu.cn/zsxx/lxszs/lxszyml/2026/ss/zsml_ss_lxs_cn_00023.pdf","2026-10-04","内容编辑与机制审核，未获逐方向专家签审"
"philosophy-7","philosophy","技术哲学","工具使用与行动条件","philosophy","共享主题模块","原文段落、概念定义与论证前提","把作者原意、解释与自己的推论分开","关键术语在两位作者那里承担不同作用","经验例子不能独立解决规范或概念争议","北京大学哲学系：招生专业及方向 [学科范围]","https://admission.pku.edu.cn/zsxx/lxszs/lxszyml/2026/ss/zsml_ss_lxs_cn_00023.pdf","2026-10-04","内容编辑与机制审核，未获逐方向专家签审"
"philosophy-8","philosophy","中国哲学","概念材料与历史语境","philosophical-history","细分核对","原典段落、注疏年代与译词对照","区分原典用法、后世注疏与现代重构","现代同一译词覆盖了两种不同的历史用法","译词相同不能证明概念或实践相同","北京大学哲学系：招生专业及方向 [学科范围]；北京大学历史学系：学科介绍 [学科范围]","https://admission.pku.edu.cn/zsxx/lxszs/lxszyml/2026/ss/zsml_ss_lxs_cn_00023.pdf；https://history.pku.edu.cn/bxgk/xkjj/index.htm","2026-10-04","内容编辑与机制审核，未获逐方向专家签审"
"philosophy-9","philosophy","跨文化哲学","解释语言与比较前提","philosophy","细分核对","原典段落、注疏年代与译词对照","区分原典用法、后世注疏与现代重构","现代同一译词覆盖了两种不同的历史用法","译词相同不能证明概念或实践相同","北京大学哲学系：招生专业及方向 [学科范围]","https://admission.pku.edu.cn/zsxx/lxszs/lxszyml/2026/ss/zsml_ss_lxs_cn_00023.pdf","2026-10-04","内容编辑与机制审核，未获逐方向专家签审"
"law-4","law","刑法","责任判断与事实范围","law","细分核对","行为时间线、主观要素争议与证据链","把客观行为、主观要素和证明程度分开","事后结果被当成当时主观认识的直接证据","结果不能单独替代要素证明","北京大学法学院：培养方向 [学科范围]","https://www.law.pku.edu.cn/xwzx/ggtz/zsjx/870508d182464f118ae55b9473a4c4f3.htm","2026-10-04","内容编辑与机制审核，未获逐方向专家签审"
"law-5","law","诉讼与证据","材料来源与程序边界","law","细分核对","来源链、程序阶段与异议处理记录","分开可提交、可采纳与足以证明","准许提交被当成事实已经得到证明","材料进入程序不等于证明成立","北京大学法学院：培养方向 [学科范围]","https://www.law.pku.edu.cn/xwzx/ggtz/zsjx/870508d182464f118ae55b9473a4c4f3.htm","2026-10-04","内容编辑与机制审核，未获逐方向专家签审"
"law-6","law","国际法","规则适用与制度情境","law","共享主题模块","规范版本、案件事实与裁判理由","区分效力、事实认定与规范推论","援引的条文版本与案例发生时期不对应","案例数量不能独立证明规范应如何解释","北京大学法学院：培养方向 [学科范围]","https://www.law.pku.edu.cn/xwzx/ggtz/zsjx/870508d182464f118ae55b9473a4c4f3.htm","2026-10-04","内容编辑与机制审核，未获逐方向专家签审"
"law-7","law","知识产权","创作、使用与权利范围","law","细分核对","创作时间、权利主张与使用方式对照","分开权利对象、权属与受限制的使用行为","作品相似被当成所有权利要件都满足","相似性不独立证明权属与侵权","北京大学法学院：培养方向 [学科范围]","https://www.law.pku.edu.cn/xwzx/ggtz/zsjx/870508d182464f118ae55b9473a4c4f3.htm","2026-10-04","内容编辑与机制审核，未获逐方向专家签审"
"law-8","law","环境法","环境问题与执行条件","law","共享主题模块","规范版本、案件事实与裁判理由","区分效力、事实认定与规范推论","援引的条文版本与案例发生时期不对应","案例数量不能独立证明规范应如何解释","北京大学法学院：培养方向 [学科范围]","https://www.law.pku.edu.cn/xwzx/ggtz/zsjx/870508d182464f118ae55b9473a4c4f3.htm","2026-10-04","内容编辑与机制审核，未获逐方向专家签审"
"law-9","law","劳动与社会保障法","资源条件与权利解释","law","共享主题模块","规范版本、案件事实与裁判理由","区分效力、事实认定与规范推论","援引的条文版本与案例发生时期不对应","案例数量不能独立证明规范应如何解释","北京大学法学院：培养方向 [学科范围]","https://www.law.pku.edu.cn/xwzx/ggtz/zsjx/870508d182464f118ae55b9473a4c4f3.htm","2026-10-04","内容编辑与机制审核，未获逐方向专家签审"
"politics-4","politics","政治思想","概念来源与规范理由","policy","共享主题模块","制度文本、执行材料与对象反馈","比较制度情境，保留执行层次与时间","两个地方用了同名制度，执行条件却不同","制度名称相同不保证比较对象相同","北京大学法学院：培养方向 [学科范围]；北京大学社会学系：专业介绍 [学科范围]","https://www.law.pku.edu.cn/xwzx/ggtz/zsjx/870508d182464f118ae55b9473a4c4f3.htm；https://bkzs.pku.edu.cn/xkzy/xy/shkxxb/sxkxxy_31/sxkxxyzszy_31/index.htm","2026-10-04","内容编辑与机制审核，未获逐方向专家签审"
"politics-5","politics","政治行为","选择记录与比较前提","policy","共享主题模块","制度文本、执行材料与对象反馈","比较制度情境，保留执行层次与时间","两个地方用了同名制度，执行条件却不同","制度名称相同不保证比较对象相同","北京大学法学院：培养方向 [学科范围]；北京大学社会学系：专业介绍 [学科范围]","https://www.law.pku.edu.cn/xwzx/ggtz/zsjx/870508d182464f118ae55b9473a4c4f3.htm；https://bkzs.pku.edu.cn/xkzy/xy/shkxxb/sxkxxy_31/sxkxxyzszy_31/index.htm","2026-10-04","内容编辑与机制审核，未获逐方向专家签审"
"politics-6","politics","政治制度","制度边界与执行过程","policy","共享主题模块","制度文本、执行材料与对象反馈","比较制度情境，保留执行层次与时间","两个地方用了同名制度，执行条件却不同","制度名称相同不保证比较对象相同","北京大学法学院：培养方向 [学科范围]；北京大学社会学系：专业介绍 [学科范围]","https://www.law.pku.edu.cn/xwzx/ggtz/zsjx/870508d182464f118ae55b9473a4c4f3.htm；https://bkzs.pku.edu.cn/xkzy/xy/shkxxb/sxkxxy_31/sxkxxyzszy_31/index.htm","2026-10-04","内容编辑与机制审核，未获逐方向专家签审"
"politics-7","politics","区域与国别研究","地方材料与历史语境","policy","共享主题模块","制度文本、执行材料与对象反馈","比较制度情境，保留执行层次与时间","两个地方用了同名制度，执行条件却不同","制度名称相同不保证比较对象相同","北京大学法学院：培养方向 [学科范围]；北京大学社会学系：专业介绍 [学科范围]","https://www.law.pku.edu.cn/xwzx/ggtz/zsjx/870508d182464f118ae55b9473a4c4f3.htm；https://bkzs.pku.edu.cn/xkzy/xy/shkxxb/sxkxxy_31/sxkxxyzszy_31/index.htm","2026-10-04","内容编辑与机制审核，未获逐方向专家签审"
"politics-8","politics","全球治理","互动网络与规则范围","policy","共享主题模块","制度文本、执行材料与对象反馈","比较制度情境，保留执行层次与时间","两个地方用了同名制度，执行条件却不同","制度名称相同不保证比较对象相同","北京大学法学院：培养方向 [学科范围]；北京大学社会学系：专业介绍 [学科范围]","https://www.law.pku.edu.cn/xwzx/ggtz/zsjx/870508d182464f118ae55b9473a4c4f3.htm；https://bkzs.pku.edu.cn/xkzy/xy/shkxxb/sxkxxy_31/sxkxxyzszy_31/index.htm","2026-10-04","内容编辑与机制审核，未获逐方向专家签审"
"politics-9","politics","政治传播","信息流动与受众情境","policy","共享主题模块","制度文本、执行材料与对象反馈","比较制度情境，保留执行层次与时间","两个地方用了同名制度，执行条件却不同","制度名称相同不保证比较对象相同","北京大学法学院：培养方向 [学科范围]；北京大学社会学系：专业介绍 [学科范围]","https://www.law.pku.edu.cn/xwzx/ggtz/zsjx/870508d182464f118ae55b9473a4c4f3.htm；https://bkzs.pku.edu.cn/xkzy/xy/shkxxb/sxkxxy_31/sxkxxyzszy_31/index.htm","2026-10-04","内容编辑与机制审核，未获逐方向专家签审"
"education-4","education","高等教育","组织资源与学习经验","education","共享主题模块","课堂目标、活动记录与学习过程材料","让任务、教学目标与评价对应，保留班级差异","换了老师也换了活动，改善却全归到工具上","课后高分不能独立证明某项教学设计有效","北京师范大学：课程与教学研究方向 [学科范围]","https://cter.bnu.edu.cn/docs/2024-05/e0d9749ec02e425eb45aa96fefdadc2a.pdf","2026-10-04","内容编辑与机制审核，未获逐方向专家签审"
"education-5","education","特殊与融合教育","个体需要与支持条件","education","细分核对","活动参与、支持条件与未参与原因","保留适配需求和进入活动的机会","需要额外支持的人被排除后平均成绩提高","排除后的平均数不证明包容性提高","北京师范大学：课程与教学研究方向 [学科范围]","https://cter.bnu.edu.cn/docs/2024-05/e0d9749ec02e425eb45aa96fefdadc2a.pdf","2026-10-04","内容编辑与机制审核，未获逐方向专家签审"
"education-6","education","学前教育","发展过程与活动记录","education","细分核对","活动参与、支持条件与未参与原因","保留适配需求和进入活动的机会","需要额外支持的人被排除后平均成绩提高","排除后的平均数不证明包容性提高","北京师范大学：课程与教学研究方向 [学科范围]","https://cter.bnu.edu.cn/docs/2024-05/e0d9749ec02e425eb45aa96fefdadc2a.pdf","2026-10-04","内容编辑与机制审核，未获逐方向专家签审"
"education-7","education","教育评价","评价目标与测量边界","education","细分核对","学习目标、撤去辅助后的作业与延迟测试","区分辅助完成、独立掌握与迁移","工具帮助做对被直接写成学生已经学会","辅助成绩不能独立证明撤去辅助后的能力","北京师范大学：课程与教学研究方向 [学科范围]","https://cter.bnu.edu.cn/docs/2024-05/e0d9749ec02e425eb45aa96fefdadc2a.pdf","2026-10-04","内容编辑与机制审核，未获逐方向专家签审"
"education-8","education","教师发展","实践反馈与协作安排","education","共享主题模块","课堂目标、活动记录与学习过程材料","让任务、教学目标与评价对应，保留班级差异","换了老师也换了活动，改善却全归到工具上","课后高分不能独立证明某项教学设计有效","北京师范大学：课程与教学研究方向 [学科范围]","https://cter.bnu.edu.cn/docs/2024-05/e0d9749ec02e425eb45aa96fefdadc2a.pdf","2026-10-04","内容编辑与机制审核，未获逐方向专家签审"
"education-9","education","比较与国际教育","制度情境与比较单位","education","共享主题模块","课堂目标、活动记录与学习过程材料","让任务、教学目标与评价对应，保留班级差异","换了老师也换了活动，改善却全归到工具上","课后高分不能独立证明某项教学设计有效","北京师范大学：课程与教学研究方向 [学科范围]","https://cter.bnu.edu.cn/docs/2024-05/e0d9749ec02e425eb45aa96fefdadc2a.pdf","2026-10-04","内容编辑与机制审核，未获逐方向专家签审"
"sports-4","sports","运动生物力学","动作记录与模型条件","sport","细分核对","标准任务、日常活动与参与记录","分开测试改善、实际功能与生活参与","练熟测试被当成所有生活任务都改善","测试任务不能覆盖全部生活参与","北京师范大学：课程与教学研究方向 [学科范围]","https://cter.bnu.edu.cn/docs/2024-05/e0d9749ec02e425eb45aa96fefdadc2a.pdf","2026-10-04","内容编辑与机制审核，未获逐方向专家签审"
"sports-5","sports","体育教育","学习目标与活动反馈","education","共享主题模块","课堂目标、活动记录与学习过程材料","让任务、教学目标与评价对应，保留班级差异","换了老师也换了活动，改善却全归到工具上","课后高分不能独立证明某项教学设计有效","北京师范大学：课程与教学研究方向 [学科范围]","https://cter.bnu.edu.cn/docs/2024-05/e0d9749ec02e425eb45aa96fefdadc2a.pdf","2026-10-04","内容编辑与机制审核，未获逐方向专家签审"
"sports-6","sports","体育社会研究","参与经验与资源差异","sport","共享主题模块","训练负荷、测试环境与恢复记录","对照负荷与恢复时间，区分熟悉任务与真实进步","状态最好的同学恰好都在较充分休息后测试","一次成绩不能代表长期训练效应","北京师范大学：课程与教学研究方向 [学科范围]","https://cter.bnu.edu.cn/docs/2024-05/e0d9749ec02e425eb45aa96fefdadc2a.pdf","2026-10-04","内容编辑与机制审核，未获逐方向专家签审"
"sports-7","sports","体育管理","组织过程与资源安排","sport","共享主题模块","训练负荷、测试环境与恢复记录","对照负荷与恢复时间，区分熟悉任务与真实进步","状态最好的同学恰好都在较充分休息后测试","一次成绩不能代表长期训练效应","北京师范大学：课程与教学研究方向 [学科范围]","https://cter.bnu.edu.cn/docs/2024-05/e0d9749ec02e425eb45aa96fefdadc2a.pdf","2026-10-04","内容编辑与机制审核，未获逐方向专家签审"
"sports-8","sports","运动康复","恢复记录与使用情境","sport","细分核对","标准任务、日常活动与参与记录","分开测试改善、实际功能与生活参与","练熟测试被当成所有生活任务都改善","测试任务不能覆盖全部生活参与","北京师范大学：课程与教学研究方向 [学科范围]","https://cter.bnu.edu.cn/docs/2024-05/e0d9749ec02e425eb45aa96fefdadc2a.pdf","2026-10-04","内容编辑与机制审核，未获逐方向专家签审"
"sports-9","sports","运动数据分析","表现口径与推断边界","sport","细分核对","标准任务、日常活动与参与记录","分开测试改善、实际功能与生活参与","练熟测试被当成所有生活任务都改善","测试任务不能覆盖全部生活参与","北京师范大学：课程与教学研究方向 [学科范围]","https://cter.bnu.edu.cn/docs/2024-05/e0d9749ec02e425eb45aa96fefdadc2a.pdf","2026-10-04","内容编辑与机制审核，未获逐方向专家签审"
"psychology-4","psychology","发展心理","发展阶段与观察条件","psychology","细分核对","任务版本、反应分布与构念定义","区分任务熟悉、测量误差与构念变化","练熟一道任务被当成心理构念整体改善","任务分数不能独立覆盖整个心理构念","北京师范大学：课程与教学研究方向 [学科范围]；NHLBI：研究质量评估工具 [研究方法资料]","https://cter.bnu.edu.cn/docs/2024-05/e0d9749ec02e425eb45aa96fefdadc2a.pdf；https://www.nhlbi.nih.gov/health-topics/study-quality-assessment-tools","2026-10-04","内容编辑与机制审核，未获逐方向专家签审"
"psychology-5","psychology","教育心理","学习过程与任务反馈","education","细分核对","任务版本、反应分布与构念定义","区分任务熟悉、测量误差与构念变化","练熟一道任务被当成心理构念整体改善","任务分数不能独立覆盖整个心理构念","北京师范大学：课程与教学研究方向 [学科范围]","https://cter.bnu.edu.cn/docs/2024-05/e0d9749ec02e425eb45aa96fefdadc2a.pdf","2026-10-04","内容编辑与机制审核，未获逐方向专家签审"
"psychology-6","psychology","人格与个体差异","构念解释与比较范围","psychology","细分核对","任务版本、反应分布与构念定义","区分任务熟悉、测量误差与构念变化","练熟一道任务被当成心理构念整体改善","任务分数不能独立覆盖整个心理构念","北京师范大学：课程与教学研究方向 [学科范围]；NHLBI：研究质量评估工具 [研究方法资料]","https://cter.bnu.edu.cn/docs/2024-05/e0d9749ec02e425eb45aa96fefdadc2a.pdf；https://www.nhlbi.nih.gov/health-topics/study-quality-assessment-tools","2026-10-04","内容编辑与机制审核，未获逐方向专家签审"
"psychology-7","psychology","健康心理","生活情境与健康行为","psychology","细分核对","任务版本、反应分布与构念定义","区分任务熟悉、测量误差与构念变化","练熟一道任务被当成心理构念整体改善","任务分数不能独立覆盖整个心理构念","北京师范大学：课程与教学研究方向 [学科范围]；NHLBI：研究质量评估工具 [研究方法资料]","https://cter.bnu.edu.cn/docs/2024-05/e0d9749ec02e425eb45aa96fefdadc2a.pdf；https://www.nhlbi.nih.gov/health-topics/study-quality-assessment-tools","2026-10-04","内容编辑与机制审核，未获逐方向专家签审"
"psychology-8","psychology","组织心理","协作经验与工作条件","psychology","细分核对","任务版本、反应分布与构念定义","区分任务熟悉、测量误差与构念变化","练熟一道任务被当成心理构念整体改善","任务分数不能独立覆盖整个心理构念","北京师范大学：课程与教学研究方向 [学科范围]；NHLBI：研究质量评估工具 [研究方法资料]","https://cter.bnu.edu.cn/docs/2024-05/e0d9749ec02e425eb45aa96fefdadc2a.pdf；https://www.nhlbi.nih.gov/health-topics/study-quality-assessment-tools","2026-10-04","内容编辑与机制审核，未获逐方向专家签审"
"psychology-9","psychology","心理方法与开放实践","来源追溯与推断前提","psychology","细分核对","任务版本、反应分布与构念定义","区分任务熟悉、测量误差与构念变化","练熟一道任务被当成心理构念整体改善","任务分数不能独立覆盖整个心理构念","北京师范大学：课程与教学研究方向 [学科范围]；NHLBI：研究质量评估工具 [研究方法资料]","https://cter.bnu.edu.cn/docs/2024-05/e0d9749ec02e425eb45aa96fefdadc2a.pdf；https://www.nhlbi.nih.gov/health-topics/study-quality-assessment-tools","2026-10-04","内容编辑与机制审核，未获逐方向专家签审"
"languages-4","languages","语音与音系","语音记录与结构条件","language","细分核对","语音片段、说话人背景与音位对立材料","区分声学差异、音系对立与语境变体","音高差异被直接当成两个不同音位","声学距离不独立证明音系地位","北京大学中文系：学科介绍 [相邻学科范围]","https://chinese.pku.edu.cn/yxgk/bxjj/index.htm","2026-10-04","内容编辑与机制审核，未获逐方向专家签审"
"languages-5","languages","语法与句法","结构判断与材料范围","language","细分核对","最小对立句、判断任务与说话人分布","分开结构限制、加工负担与语境适切性","不自然的语境被当成句法结构不合法","接受度不能脱离任务和语境解释","北京大学中文系：学科介绍 [相邻学科范围]","https://chinese.pku.edu.cn/yxgk/bxjj/index.htm","2026-10-04","内容编辑与机制审核，未获逐方向专家签审"
"languages-6","languages","语义与语用","意义解释与交际情境","language","共享主题模块","语料出处、体裁、语境与标注记录","保留语境与标注分歧，再比较表达功能","反问句在自动标注里全被计为普通陈述","频率差异不能脱离体裁和语境解释","北京大学中文系：学科介绍 [相邻学科范围]","https://chinese.pku.edu.cn/yxgk/bxjj/index.htm","2026-10-04","内容编辑与机制审核，未获逐方向专家签审"
"languages-7","languages","社会语言学","语言使用与社会关系","language","共享主题模块","语料出处、体裁、语境与标注记录","保留语境与标注分歧，再比较表达功能","反问句在自动标注里全被计为普通陈述","频率差异不能脱离体裁和语境解释","北京大学中文系：学科介绍 [相邻学科范围]","https://chinese.pku.edu.cn/yxgk/bxjj/index.htm","2026-10-04","内容编辑与机制审核，未获逐方向专家签审"
"languages-8","languages","计算语言学","语言标注与模型边界","language","共享主题模块","语料出处、体裁、语境与标注记录","保留语境与标注分歧，再比较表达功能","反问句在自动标注里全被计为普通陈述","频率差异不能脱离体裁和语境解释","北京大学中文系：学科介绍 [相邻学科范围]","https://chinese.pku.edu.cn/yxgk/bxjj/index.htm","2026-10-04","内容编辑与机制审核，未获逐方向专家签审"
"languages-9","languages","跨文化沟通","交际目的与解释差异","translation","细分核对","原文段落、译者取舍与目标读者任务","分别评价信息、文体与翻译目的","为读者调整的段落只按逐词相似评价","译文评价必须说明用途与语境","北京大学中文系：学科介绍 [相邻学科范围]","https://chinese.pku.edu.cn/yxgk/bxjj/index.htm","2026-10-04","内容编辑与机制审核，未获逐方向专家签审"
"journalism-4","journalism","受众研究","使用经验与抽样范围","media","细分核对","发布记录、推荐入口与受众接触路径","区分曝光、接触、理解与态度变化","推荐规则变化被写成受众兴趣突然转向","平台互动不独立代表全部受众态度","北京大学中文系：学科介绍 [相邻学科范围]","https://chinese.pku.edu.cn/yxgk/bxjj/index.htm","2026-10-04","内容编辑与机制审核，未获逐方向专家签审"
"journalism-5","journalism","平台与算法传播","推荐条件与信息路径","media","细分核对","发布记录、推荐入口与受众接触路径","区分曝光、接触、理解与态度变化","推荐规则变化被写成受众兴趣突然转向","平台互动不独立代表全部受众态度","北京大学中文系：学科介绍 [相邻学科范围]","https://chinese.pku.edu.cn/yxgk/bxjj/index.htm","2026-10-04","内容编辑与机制审核，未获逐方向专家签审"
"journalism-6","journalism","健康传播","健康信息与理解情境","media","细分核对","发布记录、推荐入口与受众接触路径","区分曝光、接触、理解与态度变化","推荐规则变化被写成受众兴趣突然转向","平台互动不独立代表全部受众态度","北京大学中文系：学科介绍 [相邻学科范围]","https://chinese.pku.edu.cn/yxgk/bxjj/index.htm","2026-10-04","内容编辑与机制审核，未获逐方向专家签审"
"journalism-7","journalism","公共与政治传播","议题流动与治理边界","media","细分核对","发布记录、推荐入口与受众接触路径","区分曝光、接触、理解与态度变化","推荐规则变化被写成受众兴趣突然转向","平台互动不独立代表全部受众态度","北京大学中文系：学科介绍 [相邻学科范围]","https://chinese.pku.edu.cn/yxgk/bxjj/index.htm","2026-10-04","内容编辑与机制审核，未获逐方向专家签审"
"journalism-8","journalism","视觉与叙事传播","表达结构与材料取舍","literature","细分核对","发布记录、推荐入口与受众接触路径","区分曝光、接触、理解与态度变化","推荐规则变化被写成受众兴趣突然转向","平台互动不独立代表全部受众态度","北京大学中文系：学科介绍 [相邻学科范围]","https://chinese.pku.edu.cn/yxgk/bxjj/index.htm","2026-10-04","内容编辑与机制审核，未获逐方向专家签审"
"journalism-9","journalism","新闻伦理与事实核查","来源链与责任范围","media","细分核对","发布记录、推荐入口与受众接触路径","区分曝光、接触、理解与态度变化","推荐规则变化被写成受众兴趣突然转向","平台互动不独立代表全部受众态度","北京大学中文系：学科介绍 [相邻学科范围]","https://chinese.pku.edu.cn/yxgk/bxjj/index.htm","2026-10-04","内容编辑与机制审核，未获逐方向专家签审"
"history-4","history","古代史","年代判断与史料语境","history","细分核对","档案原件、成文日期与编纂版本","区分事件发生、材料写成与后来编辑的时间","多年后的回忆进入事件当天的信息集","后人知道的结果不能倒填给当时的人","北京大学历史学系：学科介绍 [学科范围]","https://history.pku.edu.cn/bxgk/xkjj/index.htm","2026-10-04","内容编辑与机制审核，未获逐方向专家签审"
"history-5","history","近现代史","制度变化与材料出处","history","细分核对","档案原件、成文日期与编纂版本","区分事件发生、材料写成与后来编辑的时间","多年后的回忆进入事件当天的信息集","后人知道的结果不能倒填给当时的人","北京大学历史学系：学科介绍 [学科范围]","https://history.pku.edu.cn/bxgk/xkjj/index.htm","2026-10-04","内容编辑与机制审核，未获逐方向专家签审"
"history-6","history","世界与全球史","跨区域材料的可比性","history","细分核对","档案原件、成文日期与编纂版本","区分事件发生、材料写成与后来编辑的时间","多年后的回忆进入事件当天的信息集","后人知道的结果不能倒填给当时的人","北京大学历史学系：学科介绍 [学科范围]","https://history.pku.edu.cn/bxgk/xkjj/index.htm","2026-10-04","内容编辑与机制审核，未获逐方向专家签审"
"history-7","history","经济史","资源记录与制度条件","history","细分核对","档案原件、成文日期与编纂版本","区分事件发生、材料写成与后来编辑的时间","多年后的回忆进入事件当天的信息集","后人知道的结果不能倒填给当时的人","北京大学历史学系：学科介绍 [学科范围]","https://history.pku.edu.cn/bxgk/xkjj/index.htm","2026-10-04","内容编辑与机制审核，未获逐方向专家签审"
"history-8","history","科技史","技术实践与解释语言","history","细分核对","档案原件、成文日期与编纂版本","区分事件发生、材料写成与后来编辑的时间","多年后的回忆进入事件当天的信息集","后人知道的结果不能倒填给当时的人","北京大学历史学系：学科介绍 [学科范围]","https://history.pku.edu.cn/bxgk/xkjj/index.htm","2026-10-04","内容编辑与机制审核，未获逐方向专家签审"
"history-9","history","口述与公众史","叙述关系与展示边界","history","细分核对","档案原件、成文日期与编纂版本","区分事件发生、材料写成与后来编辑的时间","多年后的回忆进入事件当天的信息集","后人知道的结果不能倒填给当时的人","北京大学历史学系：学科介绍 [学科范围]","https://history.pku.edu.cn/bxgk/xkjj/index.htm","2026-10-04","内容编辑与机制审核，未获逐方向专家签审"
"earth-4","earth","水文与水资源","流域范围与资源记录","ecology","共享主题模块","采样位置、时间窗口与环境背景记录","画出实际覆盖范围，保留天气与缺测时段","雨后未能到达的点被填成没有变化","缺测不是零，局部观察不能代替整个区域","北京大学：自然地理与自然资源系 [相邻学科范围]","https://www.ues.pku.edu.cn/ztlm/zrdlyzrzyx/index.htm","2026-10-04","内容编辑与机制审核，未获逐方向专家签审"
"earth-5","earth","海洋科学","观测尺度与系统条件","ecology","共享主题模块","采样位置、时间窗口与环境背景记录","画出实际覆盖范围，保留天气与缺测时段","雨后未能到达的点被填成没有变化","缺测不是零，局部观察不能代替整个区域","北京大学：自然地理与自然资源系 [相邻学科范围]","https://www.ues.pku.edu.cn/ztlm/zrdlyzrzyx/index.htm","2026-10-04","内容编辑与机制审核，未获逐方向专家签审"
"earth-6","earth","遥感与地球观测","信号来源与地面比较","remote-sensing","共享主题模块","影像日期、空间分辨率与地面参照","对齐时间与尺度，保留未能观测的区域","云遮挡区域被当成地表没有变化","影像缺测不等于地表状态没有变化","北京大学：自然地理与自然资源系 [相邻学科范围]","https://www.ues.pku.edu.cn/ztlm/zrdlyzrzyx/index.htm","2026-10-04","内容编辑与机制审核，未获逐方向专家签审"
"earth-7","earth","地球化学","材料记录与过程解释","chemistry","共享主题模块","材料批次、表征条件与使用环境记录","比较结构描述、测量设置和状态变化","最漂亮的表征来自没有进入其他评价的批次","单项表征不能直接代表稳定性与使用表现","北京大学化学学院：研究主题 [学科范围]","https://www.chem.pku.edu.cn/en/Research/ResearchTheme/index.htm","2026-10-04","内容编辑与机制审核，未获逐方向专家签审"
"earth-8","earth","地球系统建模","模型接口与尺度变化","software","共享主题模块","运行版本、依赖清单与故障日志","在同一条件下复查，区分环境与功能变化","演示机上的默认参数与实际使用环境不同","一次运行成功不等于稳定性或可复现性","清华计算机系：软件研究所 [学科范围]","https://www.cs.tsinghua.edu.cn/jgsz/yjssys/jsjkxyjsxrjyjs.htm","2026-10-04","内容编辑与机制审核，未获逐方向专家签审"
"earth-9","earth","地质灾害与风险","观测条件与行动边界","ecology","共享主题模块","采样位置、时间窗口与环境背景记录","画出实际覆盖范围，保留天气与缺测时段","雨后未能到达的点被填成没有变化","缺测不是零，局部观察不能代替整个区域","北京大学：自然地理与自然资源系 [相邻学科范围]","https://www.ues.pku.edu.cn/ztlm/zrdlyzrzyx/index.htm","2026-10-04","内容编辑与机制审核，未获逐方向专家签审"
"environment-4","environment","保护生物学","对象范围与保护情境","ecology","细分核对","样地边界、观测季节与物种可探测性","区分没观察到、真的缺席与观察机会不同","调查次数减少被写成物种数量减少","可见记录需要观察机会与尺度解释","北京大学：自然地理与自然资源系 [相邻学科范围]","https://www.ues.pku.edu.cn/ztlm/zrdlyzrzyx/index.htm","2026-10-04","内容编辑与机制审核，未获逐方向专家签审"
"environment-5","environment","环境监测","来源口径与测量条件","ecology","共享主题模块","采样位置、时间窗口与环境背景记录","画出实际覆盖范围，保留天气与缺测时段","雨后未能到达的点被填成没有变化","缺测不是零，局部观察不能代替整个区域","北京大学：自然地理与自然资源系 [相邻学科范围]","https://www.ues.pku.edu.cn/ztlm/zrdlyzrzyx/index.htm","2026-10-04","内容编辑与机制审核，未获逐方向专家签审"
"environment-6","environment","水与流域生态","空间联系与系统边界","ecology","细分核对","样地边界、观测季节与物种可探测性","区分没观察到、真的缺席与观察机会不同","调查次数减少被写成物种数量减少","可见记录需要观察机会与尺度解释","北京大学：自然地理与自然资源系 [相邻学科范围]","https://www.ues.pku.edu.cn/ztlm/zrdlyzrzyx/index.htm","2026-10-04","内容编辑与机制审核，未获逐方向专家签审"
"environment-7","environment","恢复生态","时间过程与比较基线","ecology","细分核对","样地边界、观测季节与物种可探测性","区分没观察到、真的缺席与观察机会不同","调查次数减少被写成物种数量减少","可见记录需要观察机会与尺度解释","北京大学：自然地理与自然资源系 [相邻学科范围]","https://www.ues.pku.edu.cn/ztlm/zrdlyzrzyx/index.htm","2026-10-04","内容编辑与机制审核，未获逐方向专家签审"
"environment-8","environment","城市环境","空间资源与使用反馈","ecology","共享主题模块","采样位置、时间窗口与环境背景记录","画出实际覆盖范围，保留天气与缺测时段","雨后未能到达的点被填成没有变化","缺测不是零，局部观察不能代替整个区域","北京大学：自然地理与自然资源系 [相邻学科范围]","https://www.ues.pku.edu.cn/ztlm/zrdlyzrzyx/index.htm","2026-10-04","内容编辑与机制审核，未获逐方向专家签审"
"environment-9","environment","可持续与资源研究","目标冲突与执行余量","ecology","共享主题模块","采样位置、时间窗口与环境背景记录","画出实际覆盖范围，保留天气与缺测时段","雨后未能到达的点被填成没有变化","缺测不是零，局部观察不能代替整个区域","北京大学：自然地理与自然资源系 [相邻学科范围]","https://www.ues.pku.edu.cn/ztlm/zrdlyzrzyx/index.htm","2026-10-04","内容编辑与机制审核，未获逐方向专家签审"
"electrical-4","electrical","微电子与器件","器件条件与测量记录","electronics","细分核对","输入带宽、噪声谱与测量链路","区分器件响应、测量链路与信号处理","滤波后的漂亮曲线被当成器件原始响应","处理后的信号需要保留处理条件","清华计算机系：科研方向 [学科范围]；北京大学物理学院：研究领域 [学科范围]","https://www.cs.tsinghua.edu.cn/kxyj/kyfx.htm；https://english.phy.pku.edu.cn/Research/Research_Areas.htm","2026-10-04","内容编辑与机制审核，未获逐方向专家签审"
"electrical-5","electrical","电路与系统","输入边界与运行反馈","software","细分核对","输入带宽、噪声谱与测量链路","区分器件响应、测量链路与信号处理","滤波后的漂亮曲线被当成器件原始响应","处理后的信号需要保留处理条件","清华计算机系：软件研究所 [学科范围]","https://www.cs.tsinghua.edu.cn/jgsz/yjssys/jsjkxyjsxrjyjs.htm","2026-10-04","内容编辑与机制审核，未获逐方向专家签审"
"electrical-6","electrical","嵌入式系统","资源限制与故障条件","software","细分核对","输入带宽、噪声谱与测量链路","区分器件响应、测量链路与信号处理","滤波后的漂亮曲线被当成器件原始响应","处理后的信号需要保留处理条件","清华计算机系：软件研究所 [学科范围]","https://www.cs.tsinghua.edu.cn/jgsz/yjssys/jsjkxyjsxrjyjs.htm","2026-10-04","内容编辑与机制审核，未获逐方向专家签审"
"electrical-7","electrical","电磁与天线","传播条件与空间边界","electronics","细分核对","输入带宽、噪声谱与测量链路","区分器件响应、测量链路与信号处理","滤波后的漂亮曲线被当成器件原始响应","处理后的信号需要保留处理条件","清华计算机系：科研方向 [学科范围]；北京大学物理学院：研究领域 [学科范围]","https://www.cs.tsinghua.edu.cn/kxyj/kyfx.htm；https://english.phy.pku.edu.cn/Research/Research_Areas.htm","2026-10-04","内容编辑与机制审核，未获逐方向专家签审"
"electrical-8","electrical","光电信息","信号转换与背景解释","electronics","细分核对","输入带宽、噪声谱与测量链路","区分器件响应、测量链路与信号处理","滤波后的漂亮曲线被当成器件原始响应","处理后的信号需要保留处理条件","清华计算机系：科研方向 [学科范围]；北京大学物理学院：研究领域 [学科范围]","https://www.cs.tsinghua.edu.cn/kxyj/kyfx.htm；https://english.phy.pku.edu.cn/Research/Research_Areas.htm","2026-10-04","内容编辑与机制审核，未获逐方向专家签审"
"electrical-9","electrical","电子系统可靠性","重复运行与故障来源","software","细分核对","输入带宽、噪声谱与测量链路","区分器件响应、测量链路与信号处理","滤波后的漂亮曲线被当成器件原始响应","处理后的信号需要保留处理条件","清华计算机系：软件研究所 [学科范围]","https://www.cs.tsinghua.edu.cn/jgsz/yjssys/jsjkxyjsxrjyjs.htm","2026-10-04","内容编辑与机制审核，未获逐方向专家签审"
"mechanical-4","mechanical","动力与振动","响应记录与模型假设","mechanical","细分核对","荷载边界、模型简化与失效记录","分开模型假设、边界条件与响应评价","简化模型的边界被直接当成实际使用边界","局部响应符合不证明所有失效模式被排除","MIT开放课程：力学与材料教学大纲 [基础方法课程]","https://ocw.mit.edu/courses/2-001-mechanics-materials-i-fall-2006/pages/syllabus/","2026-10-04","内容编辑与机制审核，未获逐方向专家签审"
"mechanical-5","mechanical","精密机械","误差预算与测量条件","mechanical","共享主题模块","工况、台架日志与接口版本","对照载荷范围、控制条件和实际接口","新接口下的失败被归到原来的模型上","演示通过不能证明所有工况下有效","MIT开放课程：力学与材料教学大纲 [基础方法课程]","https://ocw.mit.edu/courses/2-001-mechanics-materials-i-fall-2006/pages/syllabus/","2026-10-04","内容编辑与机制审核，未获逐方向专家签审"
"mechanical-6","mechanical","流体机械","工况变化与过程边界","mechanical","共享主题模块","工况、台架日志与接口版本","对照载荷范围、控制条件和实际接口","新接口下的失败被归到原来的模型上","演示通过不能证明所有工况下有效","MIT开放课程：力学与材料教学大纲 [基础方法课程]","https://ocw.mit.edu/courses/2-001-mechanics-materials-i-fall-2006/pages/syllabus/","2026-10-04","内容编辑与机制审核，未获逐方向专家签审"
"mechanical-7","mechanical","机电系统","接口条件与反馈记录","mechanical","细分核对","闭环响应、扰动记录与执行器约束","区分名义稳定、扰动鲁棒性与约束下表现","未触及饱和的演示被写成所有工况都稳定","名义工况不能覆盖全部扰动和约束","MIT开放课程：力学与材料教学大纲 [基础方法课程]","https://ocw.mit.edu/courses/2-001-mechanics-materials-i-fall-2006/pages/syllabus/","2026-10-04","内容编辑与机制审核，未获逐方向专家签审"
"mechanical-8","mechanical","数字制造","资料流转与生产约束","mechanical","共享主题模块","工况、台架日志与接口版本","对照载荷范围、控制条件和实际接口","新接口下的失败被归到原来的模型上","演示通过不能证明所有工况下有效","MIT开放课程：力学与材料教学大纲 [基础方法课程]","https://ocw.mit.edu/courses/2-001-mechanics-materials-i-fall-2006/pages/syllabus/","2026-10-04","内容编辑与机制审核，未获逐方向专家签审"
"mechanical-9","mechanical","人因与工程使用","操作任务与使用反馈","mechanical","共享主题模块","工况、台架日志与接口版本","对照载荷范围、控制条件和实际接口","新接口下的失败被归到原来的模型上","演示通过不能证明所有工况下有效","MIT开放课程：力学与材料教学大纲 [基础方法课程]","https://ocw.mit.edu/courses/2-001-mechanics-materials-i-fall-2006/pages/syllabus/","2026-10-04","内容编辑与机制审核，未获逐方向专家签审"
"civil-4","civil","岩土工程","材料条件与空间结构","mechanical","细分核对","荷载边界、模型简化与失效记录","分开模型假设、边界条件与响应评价","简化模型的边界被直接当成实际使用边界","局部响应符合不证明所有失效模式被排除","MIT开放课程：力学与材料教学大纲 [基础方法课程]","https://ocw.mit.edu/courses/2-001-mechanics-materials-i-fall-2006/pages/syllabus/","2026-10-04","内容编辑与机制审核，未获逐方向专家签审"
"civil-5","civil","水利与水环境","流域范围与运行条件","ecology","共享主题模块","采样位置、时间窗口与环境背景记录","画出实际覆盖范围，保留天气与缺测时段","雨后未能到达的点被填成没有变化","缺测不是零，局部观察不能代替整个区域","北京大学：自然地理与自然资源系 [相邻学科范围]","https://www.ues.pku.edu.cn/ztlm/zrdlyzrzyx/index.htm","2026-10-04","内容编辑与机制审核，未获逐方向专家签审"
"civil-6","civil","市政与基础设施","服务过程与资源安排","mechanical","共享主题模块","工况、台架日志与接口版本","对照载荷范围、控制条件和实际接口","新接口下的失败被归到原来的模型上","演示通过不能证明所有工况下有效","MIT开放课程：力学与材料教学大纲 [基础方法课程]","https://ocw.mit.edu/courses/2-001-mechanics-materials-i-fall-2006/pages/syllabus/","2026-10-04","内容编辑与机制审核，未获逐方向专家签审"
"civil-7","civil","工程管理","协作流程与约束变化","mechanical","共享主题模块","工况、台架日志与接口版本","对照载荷范围、控制条件和实际接口","新接口下的失败被归到原来的模型上","演示通过不能证明所有工况下有效","MIT开放课程：力学与材料教学大纲 [基础方法课程]","https://ocw.mit.edu/courses/2-001-mechanics-materials-i-fall-2006/pages/syllabus/","2026-10-04","内容编辑与机制审核，未获逐方向专家签审"
"civil-8","civil","城市交通分析","出行单位与网络边界","math","共享主题模块","定义、引理依赖与边界例子","逐步标出用到的条件，再检验退化情形","证明中途用了命题开头没有写的条件","算例不能替代证明，也不能替缺失条件背书","MIT开放课程：实分析与证明训练 [基础方法课程]","https://www.ocw.mit.edu/courses/18-100c-real-analysis-fall-2012/","2026-10-04","内容编辑与机制审核，未获逐方向专家签审"
"civil-9","civil","灾害与韧性","系统余量与使用情境","mechanical","共享主题模块","工况、台架日志与接口版本","对照载荷范围、控制条件和实际接口","新接口下的失败被归到原来的模型上","演示通过不能证明所有工况下有效","MIT开放课程：力学与材料教学大纲 [基础方法课程]","https://ocw.mit.edu/courses/2-001-mechanics-materials-i-fall-2006/pages/syllabus/","2026-10-04","内容编辑与机制审核，未获逐方向专家签审"
"energy-4","energy","能源系统建模","系统边界与近似条件","software","细分核对","工况、辅助能耗与完整系统边界","在同一边界下比较转换、等待与维护成本","局部效率没有计入辅助系统的消耗","部件效率不直接代表全系统效益","清华计算机系：软件研究所 [学科范围]","https://www.cs.tsinghua.edu.cn/jgsz/yjssys/jsjkxyjsxrjyjs.htm","2026-10-04","内容编辑与机制审核，未获逐方向专家签审"
"energy-5","energy","新能源与转换","工况变化与效率口径","mechanical","细分核对","工况、辅助能耗与完整系统边界","在同一边界下比较转换、等待与维护成本","局部效率没有计入辅助系统的消耗","部件效率不直接代表全系统效益","MIT开放课程：力学与材料教学大纲 [基础方法课程]","https://ocw.mit.edu/courses/2-001-mechanics-materials-i-fall-2006/pages/syllabus/","2026-10-04","内容编辑与机制审核，未获逐方向专家签审"
"energy-6","energy","建筑能源","空间使用与负荷记录","mechanical","细分核对","工况、辅助能耗与完整系统边界","在同一边界下比较转换、等待与维护成本","局部效率没有计入辅助系统的消耗","部件效率不直接代表全系统效益","MIT开放课程：力学与材料教学大纲 [基础方法课程]","https://ocw.mit.edu/courses/2-001-mechanics-materials-i-fall-2006/pages/syllabus/","2026-10-04","内容编辑与机制审核，未获逐方向专家签审"
"energy-7","energy","能源调度","时间约束与资源余量","optimization","细分核对","工况、辅助能耗与完整系统边界","在同一边界下比较转换、等待与维护成本","局部效率没有计入辅助系统的消耗","部件效率不直接代表全系统效益","MIT开放课程：实分析与证明训练 [基础方法课程]；清华统计与数据科学：科研领域 [学科范围]","https://www.ocw.mit.edu/courses/18-100c-real-analysis-fall-2012/；https://www.stat.tsinghua.edu.cn/kxyj/kylyy.htm","2026-10-04","内容编辑与机制审核，未获逐方向专家签审"
"energy-8","energy","能源经济","资源比较与制度情境","mechanical","细分核对","工况、辅助能耗与完整系统边界","在同一边界下比较转换、等待与维护成本","局部效率没有计入辅助系统的消耗","部件效率不直接代表全系统效益","MIT开放课程：力学与材料教学大纲 [基础方法课程]","https://ocw.mit.edu/courses/2-001-mechanics-materials-i-fall-2006/pages/syllabus/","2026-10-04","内容编辑与机制审核，未获逐方向专家签审"
"energy-9","energy","低碳与全周期评价","评价边界与资料来源","mechanical","细分核对","工况、辅助能耗与完整系统边界","在同一边界下比较转换、等待与维护成本","局部效率没有计入辅助系统的消耗","部件效率不直接代表全系统效益","MIT开放课程：力学与材料教学大纲 [基础方法课程]","https://ocw.mit.edu/courses/2-001-mechanics-materials-i-fall-2006/pages/syllabus/","2026-10-04","内容编辑与机制审核，未获逐方向专家签审"
"aerospace-4","aerospace","空气动力学","流动模型与工况边界","mechanical","共享主题模块","工况、台架日志与接口版本","对照载荷范围、控制条件和实际接口","新接口下的失败被归到原来的模型上","演示通过不能证明所有工况下有效","MIT开放课程：力学与材料教学大纲 [基础方法课程]","https://ocw.mit.edu/courses/2-001-mechanics-materials-i-fall-2006/pages/syllabus/","2026-10-04","内容编辑与机制审核，未获逐方向专家签审"
"aerospace-5","aerospace","结构与轻量化","材料取舍与约束条件","mechanical","共享主题模块","工况、台架日志与接口版本","对照载荷范围、控制条件和实际接口","新接口下的失败被归到原来的模型上","演示通过不能证明所有工况下有效","MIT开放课程：力学与材料教学大纲 [基础方法课程]","https://ocw.mit.edu/courses/2-001-mechanics-materials-i-fall-2006/pages/syllabus/","2026-10-04","内容编辑与机制审核，未获逐方向专家签审"
"aerospace-6","aerospace","推进与动力","能量边界与运行反馈","mechanical","共享主题模块","工况、台架日志与接口版本","对照载荷范围、控制条件和实际接口","新接口下的失败被归到原来的模型上","演示通过不能证明所有工况下有效","MIT开放课程：力学与材料教学大纲 [基础方法课程]","https://ocw.mit.edu/courses/2-001-mechanics-materials-i-fall-2006/pages/syllabus/","2026-10-04","内容编辑与机制审核，未获逐方向专家签审"
"aerospace-7","aerospace","航空电子","信息接口与信号记录","electronics","共享主题模块","信号标定、器件状态与测试条件","把仿真参数与实际测量条件逐项对应","两次测量的信号差异来自标定版本","仿真和台架表现不能直接代替现场可靠性","清华计算机系：科研方向 [学科范围]；北京大学物理学院：研究领域 [学科范围]","https://www.cs.tsinghua.edu.cn/kxyj/kyfx.htm；https://english.phy.pku.edu.cn/Research/Research_Areas.htm","2026-10-04","内容编辑与机制审核，未获逐方向专家签审"
"aerospace-8","aerospace","任务规划","时间窗口与资源约束","mechanical","共享主题模块","工况、台架日志与接口版本","对照载荷范围、控制条件和实际接口","新接口下的失败被归到原来的模型上","演示通过不能证明所有工况下有效","MIT开放课程：力学与材料教学大纲 [基础方法课程]","https://ocw.mit.edu/courses/2-001-mechanics-materials-i-fall-2006/pages/syllabus/","2026-10-04","内容编辑与机制审核，未获逐方向专家签审"
"aerospace-9","aerospace","空间环境","观测资料与环境变化","physics","共享主题模块","标定、背景信号与模型近似记录","对照背景与测量条件，说明近似成立的范围","修正背景的方法恰好抹掉了想解释的差异","曲线拟合相似不等于物理解释唯一","北京大学物理学院：研究领域 [学科范围]","https://english.phy.pku.edu.cn/Research/Research_Areas.htm","2026-10-04","内容编辑与机制审核，未获逐方向专家签审"
"agriculture-4","agriculture","作物遗传与育种","对象差异与比较条件","crop-breeding","细分核对","种质背景、目标性状与多环境表现","区分遗传背景、环境效应与性状取舍","单地点优势被写成所有环境下更优","单环境表现不能替代稳定性比较","中国农业大学：作物研究介绍 [相邻学科范围]","https://sanya.cau.edu.cn/art/2022/8/2/art_47257_889299.html","2026-10-04","内容编辑与机制审核，未获逐方向专家签审"
"agriculture-5","agriculture","植物保护","对象记录与环境联系","protection","共享主题模块","受损记录、发生时期与管理背景","核对观察窗口、地块和受损定义","观察只覆盖可达地块，未到的地方被填成无受损","覆盖不足不能直接证明全区域的发生程度","中国农业大学植物保护学院：学科介绍 [学科范围]","https://cpp.cau.edu.cn/col/col21978/index.html","2026-10-04","内容编辑与机制审核，未获逐方向专家签审"
"agriculture-6","agriculture","园艺","生长阶段与使用情境","crop","共享主题模块","地块、品种、季节与管理记录","比较时同时核对地块条件和管理差异","看似较好的品种恰好都在同一块地","品种差异与地块、季节效应不能混在一起","中国农业大学：作物研究介绍 [相邻学科范围]","https://sanya.cau.edu.cn/art/2022/8/2/art_47257_889299.html","2026-10-04","内容编辑与机制审核，未获逐方向专家签审"
"agriculture-7","agriculture","农业工程","系统约束与作业条件","mechanical","共享主题模块","工况、台架日志与接口版本","对照载荷范围、控制条件和实际接口","新接口下的失败被归到原来的模型上","演示通过不能证明所有工况下有效","MIT开放课程：力学与材料教学大纲 [基础方法课程]","https://ocw.mit.edu/courses/2-001-mechanics-materials-i-fall-2006/pages/syllabus/","2026-10-04","内容编辑与机制审核，未获逐方向专家签审"
"agriculture-8","agriculture","农业经济","资源配置与制度范围","economics","共享主题模块","分配规则、样本来源与比较组记录","核对选择过程与政策时点，区分描述和识别","参与者原本就与未参与者不同","相关关系不能直接写成政策因果效果","北京大学经济学院：学科专业 [学科范围]","https://econ.pku.edu.cn/xkzy/index.htm","2026-10-04","内容编辑与机制审核，未获逐方向专家签审"
"agriculture-9","agriculture","森林经营","空间记录与长期安排","ecology","细分核对","样地年龄结构、更新记录与管理周期","区分短期生长、更新成功与长期维持","当年长势好被直接写成长期更新成功","短期生长不能替代更新与长期维持","北京大学：自然地理与自然资源系 [相邻学科范围]","https://www.ues.pku.edu.cn/ztlm/zrdlyzrzyx/index.htm","2026-10-04","内容编辑与机制审核，未获逐方向专家签审"
"veterinary-4","veterinary","动物营养","记录条件与健康比较","animal-science","细分核对","个体索引、养殖场背景与生长窗口","保留个体、群体环境与观察时期","同一养殖场的多次记录被当成独立场间重复","记录次数不能代替独立个体或独立场","中国农业大学：作物研究介绍 [相邻学科范围]","https://sanya.cau.edu.cn/art/2022/8/2/art_47257_889299.html","2026-10-04","内容编辑与机制审核，未获逐方向专家签审"
"veterinary-5","veterinary","群体动物健康","群体单位与比较范围","animal-science","细分核对","个体索引、养殖场背景与生长窗口","保留个体、群体环境与观察时期","同一养殖场的多次记录被当成独立场间重复","记录次数不能代替独立个体或独立场","中国农业大学：作物研究介绍 [相邻学科范围]","https://sanya.cau.edu.cn/art/2022/8/2/art_47257_889299.html","2026-10-04","内容编辑与机制审核，未获逐方向专家签审"
"veterinary-6","veterinary","兽医影像","图像来源与对象边界","vet","细分核对","个体索引、养殖场背景与生长窗口","保留个体、群体环境与观察时期","同一养殖场的多次记录被当成独立场间重复","记录次数不能代替独立个体或独立场","中国农业大学：作物研究介绍 [相邻学科范围]","https://sanya.cau.edu.cn/art/2022/8/2/art_47257_889299.html","2026-10-04","内容编辑与机制审核，未获逐方向专家签审"
"veterinary-7","veterinary","动物遗传","差异来源与解释条件","animal-science","细分核对","个体索引、养殖场背景与生长窗口","保留个体、群体环境与观察时期","同一养殖场的多次记录被当成独立场间重复","记录次数不能代替独立个体或独立场","中国农业大学：作物研究介绍 [相邻学科范围]","https://sanya.cau.edu.cn/art/2022/8/2/art_47257_889299.html","2026-10-04","内容编辑与机制审核，未获逐方向专家签审"
"veterinary-8","veterinary","人兽共处研究","照护经验与环境情境","vet","细分核对","个体索引、养殖场背景与生长窗口","保留个体、群体环境与观察时期","同一养殖场的多次记录被当成独立场间重复","记录次数不能代替独立个体或独立场","中国农业大学：作物研究介绍 [相邻学科范围]","https://sanya.cau.edu.cn/art/2022/8/2/art_47257_889299.html","2026-10-04","内容编辑与机制审核，未获逐方向专家签审"
"veterinary-9","veterinary","兽医公共卫生","群体记录与执行边界","vet","细分核对","个体索引、养殖场背景与生长窗口","保留个体、群体环境与观察时期","同一养殖场的多次记录被当成独立场间重复","记录次数不能代替独立个体或独立场","中国农业大学：作物研究介绍 [相邻学科范围]","https://sanya.cau.edu.cn/art/2022/8/2/art_47257_889299.html","2026-10-04","内容编辑与机制审核，未获逐方向专家签审"
"food-4","food","食品加工与过程","过程条件与批次差异","food","共享主题模块","批次来源、评价条件与保存时间记录","把批次与评价顺序分开，保留原始口径","同一批次重复评价被当作不同来源","评价信号不直接证明实际消费情境的效果","清华计算机系：科研方向 [学科范围]；MIT开放课程：力学与材料教学大纲 [基础方法课程]","https://www.cs.tsinghua.edu.cn/kxyj/kyfx.htm；https://ocw.mit.edu/courses/2-001-mechanics-materials-i-fall-2006/pages/syllabus/","2026-10-04","内容编辑与机制审核，未获逐方向专家签审"
"food-5","food","食品分析","测量来源与评价口径","food","共享主题模块","批次来源、评价条件与保存时间记录","把批次与评价顺序分开，保留原始口径","同一批次重复评价被当作不同来源","评价信号不直接证明实际消费情境的效果","清华计算机系：科研方向 [学科范围]；MIT开放课程：力学与材料教学大纲 [基础方法课程]","https://www.cs.tsinghua.edu.cn/kxyj/kyfx.htm；https://ocw.mit.edu/courses/2-001-mechanics-materials-i-fall-2006/pages/syllabus/","2026-10-04","内容编辑与机制审核，未获逐方向专家签审"
"food-6","food","食品感官研究","体验条件与对象差异","food","共享主题模块","批次来源、评价条件与保存时间记录","把批次与评价顺序分开，保留原始口径","同一批次重复评价被当作不同来源","评价信号不直接证明实际消费情境的效果","清华计算机系：科研方向 [学科范围]；MIT开放课程：力学与材料教学大纲 [基础方法课程]","https://www.cs.tsinghua.edu.cn/kxyj/kyfx.htm；https://ocw.mit.edu/courses/2-001-mechanics-materials-i-fall-2006/pages/syllabus/","2026-10-04","内容编辑与机制审核，未获逐方向专家签审"
"food-7","food","食品供应链","来源追溯与资源安排","food","共享主题模块","批次来源、评价条件与保存时间记录","把批次与评价顺序分开，保留原始口径","同一批次重复评价被当作不同来源","评价信号不直接证明实际消费情境的效果","清华计算机系：科研方向 [学科范围]；MIT开放课程：力学与材料教学大纲 [基础方法课程]","https://www.cs.tsinghua.edu.cn/kxyj/kyfx.htm；https://ocw.mit.edu/courses/2-001-mechanics-materials-i-fall-2006/pages/syllabus/","2026-10-04","内容编辑与机制审核，未获逐方向专家签审"
"food-8","food","膳食与行为","饮食经验与生活情境","food","共享主题模块","批次来源、评价条件与保存时间记录","把批次与评价顺序分开，保留原始口径","同一批次重复评价被当作不同来源","评价信号不直接证明实际消费情境的效果","清华计算机系：科研方向 [学科范围]；MIT开放课程：力学与材料教学大纲 [基础方法课程]","https://www.cs.tsinghua.edu.cn/kxyj/kyfx.htm；https://ocw.mit.edu/courses/2-001-mechanics-materials-i-fall-2006/pages/syllabus/","2026-10-04","内容编辑与机制审核，未获逐方向专家签审"
"food-9","food","营养政策","群体目标与执行余量","food","共享主题模块","批次来源、评价条件与保存时间记录","把批次与评价顺序分开，保留原始口径","同一批次重复评价被当作不同来源","评价信号不直接证明实际消费情境的效果","清华计算机系：科研方向 [学科范围]；MIT开放课程：力学与材料教学大纲 [基础方法课程]","https://www.cs.tsinghua.edu.cn/kxyj/kyfx.htm；https://ocw.mit.edu/courses/2-001-mechanics-materials-i-fall-2006/pages/syllabus/","2026-10-04","内容编辑与机制审核，未获逐方向专家签审"
"pharmacy-4","pharmacy","药剂学与递送研究","释放、稳定性与可达暴露","pharma","细分核对","制剂性质、释放资料和暴露信息","分开制剂释放、体内处置与目标部位可达性","释放更慢被直接写成体内作用更持久","体外释放不能替代体内暴露与效果","ASPET：药理学知识目标（2022） [研究领域与基础概念背景；不验证游戏虚构案例]","https://www.aspet.org/docs/default-source/education-files/pharmacology-knowledge-objectives-2022-final.pdf","2026-10-05","内容编辑与机制审核，未获逐方向专家签审"
"pharmacy-5","pharmacy","天然产物研究","成分来源、混合物与作用归属","pharma","细分核对","来源批次、成分谱与功能资料","区分混合物整体反应与单成分解释","不同批次反应被归给同一未核对成分","来源或传统用途不能独立证明作用成分与效果","ASPET：药理学知识目标（2022） [研究领域与基础概念背景；不验证游戏虚构案例]","https://www.aspet.org/docs/default-source/education-files/pharmacology-knowledge-objectives-2022-final.pdf","2026-10-05","内容编辑与机制审核，未获逐方向专家签审"
"pharmacy-6","pharmacy","计算药学","计算假设与作用证据","pharma","细分核对","模型输入、评分基线与独立验证资料","比较预测与独立作用资料并检查信息泄漏","对接评分较高被写成药效较好","预测构象与评分不能证明结合、选择性或疗效","ASPET：药理学知识目标（2022） [研究领域与基础概念背景；不验证游戏虚构案例]","https://www.aspet.org/docs/default-source/education-files/pharmacology-knowledge-objectives-2022-final.pdf","2026-10-05","内容编辑与机制审核，未获逐方向专家签审"
"pharmacy-7","pharmacy","药物安全性研究","安全信号与风险评价","pharma","细分核对","暴露人群、事件定义与报告来源","区分报告信号、发生率与混杂","报告多被直接写成风险发生率更高","报告比例不是发生率，安全信号需要继续核验","ASPET：药理学知识目标（2022） [研究领域与基础概念背景；不验证游戏虚构案例]","https://www.aspet.org/docs/default-source/education-files/pharmacology-knowledge-objectives-2022-final.pdf","2026-10-05","内容编辑与机制审核，未获逐方向专家签审"
"pharmacy-8","pharmacy","药物经济学","价值比较、视角与不确定性","pharma","细分核对","成本口径、效用来源与时间范围","先说明评价视角并核对比较方案","不同年份价格和不同评价视角被合并","成本效益结果依赖比较方案、视角和模型假设","ASPET：药理学知识目标（2022） [研究领域与基础概念背景；不验证游戏虚构案例]","https://www.aspet.org/docs/default-source/education-files/pharmacology-knowledge-objectives-2022-final.pdf","2026-10-05","内容编辑与机制审核，未获逐方向专家签审"
"pharmacy-9","pharmacy","药学服务","药物沟通、执行与患者体验","pharma","细分核对","沟通记录、理解程度与实际执行资料","分开解释过、理解了和做到了","完成宣教登记被当成患者已经理解","登记完成不能替代理解、执行或健康结局","ASPET：药理学知识目标（2022） [研究领域与基础概念背景；不验证游戏虚构案例]","https://www.aspet.org/docs/default-source/education-files/pharmacology-knowledge-objectives-2022-final.pdf","2026-10-05","内容编辑与机制审核，未获逐方向专家签审"
"nursing-4","nursing","慢病照护","生活经验与长期记录","nursing","细分核对","照护实施、本人报告与交接时间轴","分开文书完成、信息传达与实际落实","完整表单被当成关键事项都已经落实","文书齐全不独立证明照护质量","NINR：护理研究优先领域 [学科范围]；NHLBI：研究质量评估工具 [研究方法资料]","https://www.ninr.nih.gov/research/priority-areas；https://www.nhlbi.nih.gov/health-topics/study-quality-assessment-tools","2026-10-04","内容编辑与机制审核，未获逐方向专家签审"
"nursing-5","nursing","老年护理","个体需要与支持余量","nursing","细分核对","照护实施、本人报告与交接时间轴","分开文书完成、信息传达与实际落实","完整表单被当成关键事项都已经落实","文书齐全不独立证明照护质量","NINR：护理研究优先领域 [学科范围]；NHLBI：研究质量评估工具 [研究方法资料]","https://www.ninr.nih.gov/research/priority-areas；https://www.nhlbi.nih.gov/health-topics/study-quality-assessment-tools","2026-10-04","内容编辑与机制审核，未获逐方向专家签审"
"nursing-6","nursing","心理与精神护理","体验记录与照护边界","nursing","细分核对","照护实施、本人报告与交接时间轴","分开文书完成、信息传达与实际落实","完整表单被当成关键事项都已经落实","文书齐全不独立证明照护质量","NINR：护理研究优先领域 [学科范围]；NHLBI：研究质量评估工具 [研究方法资料]","https://www.ninr.nih.gov/research/priority-areas；https://www.nhlbi.nih.gov/health-topics/study-quality-assessment-tools","2026-10-04","内容编辑与机制审核，未获逐方向专家签审"
"nursing-7","nursing","护理管理","人员安排与资源条件","nursing","细分核对","照护实施、本人报告与交接时间轴","分开文书完成、信息传达与实际落实","完整表单被当成关键事项都已经落实","文书齐全不独立证明照护质量","NINR：护理研究优先领域 [学科范围]；NHLBI：研究质量评估工具 [研究方法资料]","https://www.ninr.nih.gov/research/priority-areas；https://www.nhlbi.nih.gov/health-topics/study-quality-assessment-tools","2026-10-04","内容编辑与机制审核，未获逐方向专家签审"
"nursing-8","nursing","护理信息","记录结构与资料流转","nursing","细分核对","照护实施、本人报告与交接时间轴","分开文书完成、信息传达与实际落实","完整表单被当成关键事项都已经落实","文书齐全不独立证明照护质量","NINR：护理研究优先领域 [学科范围]；NHLBI：研究质量评估工具 [研究方法资料]","https://www.ninr.nih.gov/research/priority-areas；https://www.nhlbi.nih.gov/health-topics/study-quality-assessment-tools","2026-10-04","内容编辑与机制审核，未获逐方向专家签审"
"nursing-9","nursing","护理质量与评价","评价口径与比较边界","nursing","细分核对","照护实施、本人报告与交接时间轴","分开文书完成、信息传达与实际落实","完整表单被当成关键事项都已经落实","文书齐全不独立证明照护质量","NINR：护理研究优先领域 [学科范围]；NHLBI：研究质量评估工具 [研究方法资料]","https://www.ninr.nih.gov/research/priority-areas；https://www.nhlbi.nih.gov/health-topics/study-quality-assessment-tools","2026-10-04","内容编辑与机制审核，未获逐方向专家签审"
"management-4","management","战略管理","目标冲突与组织条件","organization","细分核对","正式流程、实际协作与未受益者记录","比较纸面目标、落实条件与参与负担","完成流程被直接当成目标已经实现","过程合规不独立证明全部成效","浙江大学管理学院：研究介绍 [学科范围]","https://www.som.zju.edu.cn/2025/0506/c63512a3045953/page.htm","2026-10-04","内容编辑与机制审核，未获逐方向专家签审"
"management-5","management","市场营销","受众经验与比较设计","accounting","共享主题模块","确认时点、报表口径与审计证据","对齐会计期间与合并范围，保留口径变动","合并范围扩大，被直接写成原业务增长","报表变化需要区分业务变化与确认口径变化","浙江大学管理学院：研究介绍 [学科范围]","https://www.som.zju.edu.cn/2025/0506/c63512a3045953/page.htm","2026-10-04","内容编辑与机制审核，未获逐方向专家签审"
"management-6","management","人力与组织发展","工作体验与学习安排","organization","细分核对","正式流程、实际协作与未受益者记录","比较纸面目标、落实条件与参与负担","完成流程被直接当成目标已经实现","过程合规不独立证明全部成效","浙江大学管理学院：研究介绍 [学科范围]","https://www.som.zju.edu.cn/2025/0506/c63512a3045953/page.htm","2026-10-04","内容编辑与机制审核，未获逐方向专家签审"
"management-7","management","信息管理","资料结构与使用流程","library-science","细分核对","正式流程、实际协作与未受益者记录","比较纸面目标、落实条件与参与负担","完成流程被直接当成目标已经实现","过程合规不独立证明全部成效","浙江大学管理学院：研究介绍 [学科范围]","https://www.som.zju.edu.cn/2025/0506/c63512a3045953/page.htm","2026-10-04","内容编辑与机制审核，未获逐方向专家签审"
"management-8","management","供应链管理","协作关系与资源约束","organization","细分核对","流程等待、交付记录与需求波动","同时比较局部周转与端到端交付","局部处理加速却把等待转移给了下一环节","局部效率不独立代表全链绩效","浙江大学管理学院：研究介绍 [学科范围]","https://www.som.zju.edu.cn/2025/0506/c63512a3045953/page.htm","2026-10-04","内容编辑与机制审核，未获逐方向专家签审"
"management-9","management","创新与创业","不确定目标与行动范围","organization","共享主题模块","流程文件、岗位访谈与交付记录","分开正式规定与实际执行，再核对责任接口","文件上已经交接，执行者却没有收到材料","制度设计不等于实际执行或组织绩效","浙江大学管理学院：研究介绍 [学科范围]","https://www.som.zju.edu.cn/2025/0506/c63512a3045953/page.htm","2026-10-04","内容编辑与机制审核，未获逐方向专家签审"
"publicadmin-4","publicadmin","城市治理","空间资源与服务条件","policy","细分核对","正式流程、实际协作与未受益者记录","比较纸面目标、落实条件与参与负担","完成流程被直接当成目标已经实现","过程合规不独立证明全部成效","北京大学法学院：培养方向 [学科范围]；北京大学社会学系：专业介绍 [学科范围]","https://www.law.pku.edu.cn/xwzx/ggtz/zsjx/870508d182464f118ae55b9473a4c4f3.htm；https://bkzs.pku.edu.cn/xkzy/xy/shkxxb/sxkxxy_31/sxkxxyzszy_31/index.htm","2026-10-04","内容编辑与机制审核，未获逐方向专家签审"
"publicadmin-5","publicadmin","数字治理","系统使用与责任边界","policy","细分核对","正式流程、实际协作与未受益者记录","比较纸面目标、落实条件与参与负担","完成流程被直接当成目标已经实现","过程合规不独立证明全部成效","北京大学法学院：培养方向 [学科范围]；北京大学社会学系：专业介绍 [学科范围]","https://www.law.pku.edu.cn/xwzx/ggtz/zsjx/870508d182464f118ae55b9473a4c4f3.htm；https://bkzs.pku.edu.cn/xkzy/xy/shkxxb/sxkxxy_31/sxkxxyzszy_31/index.htm","2026-10-04","内容编辑与机制审核，未获逐方向专家签审"
"publicadmin-6","publicadmin","社会保障","需要差异与资源范围","organization","细分核对","正式流程、实际协作与未受益者记录","比较纸面目标、落实条件与参与负担","完成流程被直接当成目标已经实现","过程合规不独立证明全部成效","浙江大学管理学院：研究介绍 [学科范围]","https://www.som.zju.edu.cn/2025/0506/c63512a3045953/page.htm","2026-10-04","内容编辑与机制审核，未获逐方向专家签审"
"publicadmin-7","publicadmin","公共财政","支出口径与目标取舍","policy","共享主题模块","制度文本、执行材料与对象反馈","比较制度情境，保留执行层次与时间","两个地方用了同名制度，执行条件却不同","制度名称相同不保证比较对象相同","北京大学法学院：培养方向 [学科范围]；北京大学社会学系：专业介绍 [学科范围]","https://www.law.pku.edu.cn/xwzx/ggtz/zsjx/870508d182464f118ae55b9473a4c4f3.htm；https://bkzs.pku.edu.cn/xkzy/xy/shkxxb/sxkxxy_31/sxkxxyzszy_31/index.htm","2026-10-04","内容编辑与机制审核，未获逐方向专家签审"
"publicadmin-8","publicadmin","非营利组织","协作经验与公众情境","organization","细分核对","正式流程、实际协作与未受益者记录","比较纸面目标、落实条件与参与负担","完成流程被直接当成目标已经实现","过程合规不独立证明全部成效","浙江大学管理学院：研究介绍 [学科范围]","https://www.som.zju.edu.cn/2025/0506/c63512a3045953/page.htm","2026-10-04","内容编辑与机制审核，未获逐方向专家签审"
"publicadmin-9","publicadmin","政策评价","比较条件与反馈资料","policy","共享主题模块","制度文本、执行材料与对象反馈","比较制度情境，保留执行层次与时间","两个地方用了同名制度，执行条件却不同","制度名称相同不保证比较对象相同","北京大学法学院：培养方向 [学科范围]；北京大学社会学系：专业介绍 [学科范围]","https://www.law.pku.edu.cn/xwzx/ggtz/zsjx/870508d182464f118ae55b9473a4c4f3.htm；https://bkzs.pku.edu.cn/xkzy/xy/shkxxb/sxkxxy_31/sxkxxyzszy_31/index.htm","2026-10-04","内容编辑与机制审核，未获逐方向专家签审"
"music-4","music","作曲与声音创作","形式取舍与版本记录","performance","共享主题模块","排练版本、演出条件与听众反馈","区分练习状态、现场条件与审美判断","试演场地和正式演出场地的声音条件不同","一次演出反馈不能代表作品全部接受史","中央美术学院：人文学院 [相邻学科范围]","https://www.cafa.edu.cn/sp/nljg/?j=151","2026-10-04","内容编辑与机制审核，未获逐方向专家签审"
"music-5","music","音乐教育","学习经验与表演反馈","education","细分核对","乐谱或脚本版本、演出场次与声场记录","分开作品结构、演绎取舍与现场条件","录音后期处理被当成现场的实际表现","录音成品不能独立代表现场条件","北京师范大学：课程与教学研究方向 [学科范围]","https://cter.bnu.edu.cn/docs/2024-05/e0d9749ec02e425eb45aa96fefdadc2a.pdf","2026-10-04","内容编辑与机制审核，未获逐方向专家签审"
"music-6","music","民族音乐研究","声音材料与文化语境","performance","细分核对","乐谱或脚本版本、演出场次与声场记录","分开作品结构、演绎取舍与现场条件","录音后期处理被当成现场的实际表现","录音成品不能独立代表现场条件","中央美术学院：人文学院 [相邻学科范围]","https://www.cafa.edu.cn/sp/nljg/?j=151","2026-10-04","内容编辑与机制审核，未获逐方向专家签审"
"music-7","music","戏剧表演","现场互动与表达边界","performance","细分核对","乐谱或脚本版本、演出场次与声场记录","分开作品结构、演绎取舍与现场条件","录音后期处理被当成现场的实际表现","录音成品不能独立代表现场条件","中央美术学院：人文学院 [相邻学科范围]","https://www.cafa.edu.cn/sp/nljg/?j=151","2026-10-04","内容编辑与机制审核，未获逐方向专家签审"
"music-8","music","影视制作与叙事","素材来源与叙事结构","media","细分核对","镜头段落、剪辑版本与放映条件","区分拍摄素材、剪辑叙事与观众解释","剪辑制造的因果顺序被当成事件本身的顺序","视听组织不能独立证明真实事件的因果","中央美术学院：人文学院 [相邻学科范围]","https://www.cafa.edu.cn/sp/nljg/?j=151","2026-10-04","内容编辑与机制审核，未获逐方向专家签审"
"music-9","music","媒介艺术与声音设计","工具条件与受众体验","media","共享主题模块","传播时间、平台机制与受众资料","分开内容、推荐入口与实际触达","平台推荐规则改变，被写成受众兴趣突然转向","可见互动不能代替全部受众的态度","中央美术学院：人文学院 [相邻学科范围]","https://www.cafa.edu.cn/sp/nljg/?j=151","2026-10-04","内容编辑与机制审核，未获逐方向专家签审"
"military-4","military","安全政策研究","规范目标与制度情境","military","细分核对","公开史料、当时信息与组织约束","限制在公开历史解释，保留行动者当时能知道的内容","历史结局被提前交给抽象案例中的决策者","历史解释与抽象组织案例不等于现实预测","教育部：研究生教育学科专业目录（2022） [分类背景]；北京大学历史学系：学科介绍 [学科范围]","https://www.moe.gov.cn/srcsite/A22/moe_833/202209/t20220914_660828.html；https://history.pku.edu.cn/bxgk/xkjj/index.htm","2026-10-04","内容编辑与机制审核，未获逐方向专家签审"
"military-5","military","战略思想史","概念来源与时代材料","military","细分核对","公开史料、当时信息与组织约束","限制在公开历史解释，保留行动者当时能知道的内容","历史结局被提前交给抽象案例中的决策者","历史解释与抽象组织案例不等于现实预测","教育部：研究生教育学科专业目录（2022） [分类背景]；北京大学历史学系：学科介绍 [学科范围]","https://www.moe.gov.cn/srcsite/A22/moe_833/202209/t20220914_660828.html；https://history.pku.edu.cn/bxgk/xkjj/index.htm","2026-10-04","内容编辑与机制审核，未获逐方向专家签审"
"military-6","military","组织决策研究","信息条件与行动边界","military","细分核对","公开史料、当时信息与组织约束","限制在公开历史解释，保留行动者当时能知道的内容","历史结局被提前交给抽象案例中的决策者","历史解释与抽象组织案例不等于现实预测","教育部：研究生教育学科专业目录（2022） [分类背景]；北京大学历史学系：学科介绍 [学科范围]","https://www.moe.gov.cn/srcsite/A22/moe_833/202209/t20220914_660828.html；https://history.pku.edu.cn/bxgk/xkjj/index.htm","2026-10-04","内容编辑与机制审核，未获逐方向专家签审"
"military-7","military","保障与资源评价","评价口径与系统余量","military","细分核对","公开史料、当时信息与组织约束","限制在公开历史解释，保留行动者当时能知道的内容","历史结局被提前交给抽象案例中的决策者","历史解释与抽象组织案例不等于现实预测","教育部：研究生教育学科专业目录（2022） [分类背景]；北京大学历史学系：学科介绍 [学科范围]","https://www.moe.gov.cn/srcsite/A22/moe_833/202209/t20220914_660828.html；https://history.pku.edu.cn/bxgk/xkjj/index.htm","2026-10-04","内容编辑与机制审核，未获逐方向专家签审"
"military-8","military","安全与社会研究","群体经验与比较范围","military","细分核对","公开史料、当时信息与组织约束","限制在公开历史解释，保留行动者当时能知道的内容","历史结局被提前交给抽象案例中的决策者","历史解释与抽象组织案例不等于现实预测","教育部：研究生教育学科专业目录（2022） [分类背景]；北京大学历史学系：学科介绍 [学科范围]","https://www.moe.gov.cn/srcsite/A22/moe_833/202209/t20220914_660828.html；https://history.pku.edu.cn/bxgk/xkjj/index.htm","2026-10-04","内容编辑与机制审核，未获逐方向专家签审"
"military-9","military","科技与战略治理","工具使用与责任范围","military","细分核对","公开史料、当时信息与组织约束","限制在公开历史解释，保留行动者当时能知道的内容","历史结局被提前交给抽象案例中的决策者","历史解释与抽象组织案例不等于现实预测","教育部：研究生教育学科专业目录（2022） [分类背景]；北京大学历史学系：学科介绍 [学科范围]","https://www.moe.gov.cn/srcsite/A22/moe_833/202209/t20220914_660828.html；https://history.pku.edu.cn/bxgk/xkjj/index.htm","2026-10-04","内容编辑与机制审核，未获逐方向专家签审"
"interdisciplinary-4","interdisciplinary","计算与领域研究","模型语言与领域定义","cross","共享主题模块","两侧对象定义、资料单位与方法接口","分别保留两侧依据，再检查接口是否改变含义","两边同名的指标实际测量不同对象","组合两种方法不自动形成跨学科证据","教育部：研究生教育学科专业目录（2022） [分类背景]","https://www.moe.gov.cn/srcsite/A22/moe_833/202209/t20220914_660828.html","2026-10-04","内容编辑与机制审核，未获逐方向专家签审"
"interdisciplinary-5","interdisciplinary","数据与社会研究","记录单位与社会情境","cross","细分核对","当地术语、数字编码与不同来源叙述","保留两侧对象定义和编码时丢失的语境","同一编码覆盖了当地含义不同的经验","可计算的同名标签不证明对象相同","教育部：研究生教育学科专业目录（2022） [分类背景]","https://www.moe.gov.cn/srcsite/A22/moe_833/202209/t20220914_660828.html","2026-10-04","内容编辑与机制审核，未获逐方向专家签审"
"interdisciplinary-6","interdisciplinary","健康与技术研究","使用任务与健康边界","cross","细分核对","技术指标、使用任务与健康结局的接口表","分别保留技术验证、实际使用与健康评价","设备准确率被直接写成健康结局改善","技术性能不能跨过使用环节直接证明健康获益","教育部：研究生教育学科专业目录（2022） [分类背景]","https://www.moe.gov.cn/srcsite/A22/moe_833/202209/t20220914_660828.html","2026-10-04","内容编辑与机制审核，未获逐方向专家签审"
"interdisciplinary-7","interdisciplinary","环境与设计研究","环境条件与使用反馈","cross","细分核对","空间分辨率、地面参照与使用目标","分别核对测量尺度、生态对象与决策边界","像元变化被直接当成同尺度的生态机制","观测尺度与过程尺度需要独立连接","教育部：研究生教育学科专业目录（2022） [分类背景]","https://www.moe.gov.cn/srcsite/A22/moe_833/202209/t20220914_660828.html","2026-10-04","内容编辑与机制审核，未获逐方向专家签审"
"interdisciplinary-8","interdisciplinary","文化与数字研究","材料语境与资料结构","cross","细分核对","当地术语、数字编码与不同来源叙述","保留两侧对象定义和编码时丢失的语境","同一编码覆盖了当地含义不同的经验","可计算的同名标签不证明对象相同","教育部：研究生教育学科专业目录（2022） [分类背景]","https://www.moe.gov.cn/srcsite/A22/moe_833/202209/t20220914_660828.html","2026-10-04","内容编辑与机制审核，未获逐方向专家签审"
"interdisciplinary-9","interdisciplinary","系统与资源研究","系统目标与资源约束","cross","细分核对","空间分辨率、地面参照与使用目标","分别核对测量尺度、生态对象与决策边界","像元变化被直接当成同尺度的生态机制","观测尺度与过程尺度需要独立连接","教育部：研究生教育学科专业目录（2022） [分类背景]","https://www.moe.gov.cn/srcsite/A22/moe_833/202209/t20220914_660828.html","2026-10-04","内容编辑与机制审核，未获逐方向专家签审"
"statistics-4","statistics","贝叶斯统计","先验信息与更新条件","statistics","共享主题模块","独立对象索引、缺失模式与模型诊断","先说明估计目标和独立单位，再看不确定性","同一对象的多次记录被当成更多独立证据","显著性与精度不能替代设计和识别条件","清华统计与数据科学：科研领域 [学科范围]；NHLBI：研究质量评估工具 [研究方法资料]","https://www.stat.tsinghua.edu.cn/kxyj/kylyy.htm；https://www.nhlbi.nih.gov/health-topics/study-quality-assessment-tools","2026-10-04","内容编辑与机制审核，未获逐方向专家签审"
"statistics-5","statistics","因果推断","比较条件与识别边界","statistics","细分核对","估计目标、处理分配与比较组记录","先说明目标比较和识别条件，再看模型与不确定性","模型更复杂被当成识别条件已经成立","模型拟合不能替代识别条件，关联本身不能证明因果","清华统计与数据科学：科研领域 [学科范围]；NHLBI：研究质量评估工具 [研究方法资料]","https://www.stat.tsinghua.edu.cn/kxyj/kylyy.htm；https://www.nhlbi.nih.gov/health-topics/study-quality-assessment-tools","2026-10-04","内容编辑与机制审核，未获逐方向专家签审"
"statistics-6","statistics","实验与调查设计","观察单位与资料来源","statistics","共享主题模块","独立对象索引、缺失模式与模型诊断","先说明估计目标和独立单位，再看不确定性","同一对象的多次记录被当成更多独立证据","显著性与精度不能替代设计和识别条件","清华统计与数据科学：科研领域 [学科范围]；NHLBI：研究质量评估工具 [研究方法资料]","https://www.stat.tsinghua.edu.cn/kxyj/kylyy.htm；https://www.nhlbi.nih.gov/health-topics/study-quality-assessment-tools","2026-10-04","内容编辑与机制审核，未获逐方向专家签审"
"statistics-7","statistics","生物统计","健康结局与群体差异","statistics","共享主题模块","独立对象索引、缺失模式与模型诊断","先说明估计目标和独立单位，再看不确定性","同一对象的多次记录被当成更多独立证据","显著性与精度不能替代设计和识别条件","清华统计与数据科学：科研领域 [学科范围]；NHLBI：研究质量评估工具 [研究方法资料]","https://www.stat.tsinghua.edu.cn/kxyj/kylyy.htm；https://www.nhlbi.nih.gov/health-topics/study-quality-assessment-tools","2026-10-04","内容编辑与机制审核，未获逐方向专家签审"
"statistics-8","statistics","稳健与非参数方法","假设变化与评价范围","statistics","共享主题模块","独立对象索引、缺失模式与模型诊断","先说明估计目标和独立单位，再看不确定性","同一对象的多次记录被当成更多独立证据","显著性与精度不能替代设计和识别条件","清华统计与数据科学：科研领域 [学科范围]；NHLBI：研究质量评估工具 [研究方法资料]","https://www.stat.tsinghua.edu.cn/kxyj/kylyy.htm；https://www.nhlbi.nih.gov/health-topics/study-quality-assessment-tools","2026-10-04","内容编辑与机制审核，未获逐方向专家签审"
"statistics-9","statistics","计算统计","数值过程与近似误差","statistics","共享主题模块","独立对象索引、缺失模式与模型诊断","先说明估计目标和独立单位，再看不确定性","同一对象的多次记录被当成更多独立证据","显著性与精度不能替代设计和识别条件","清华统计与数据科学：科研领域 [学科范围]；NHLBI：研究质量评估工具 [研究方法资料]","https://www.stat.tsinghua.edu.cn/kxyj/kylyy.htm；https://www.nhlbi.nih.gov/health-topics/study-quality-assessment-tools","2026-10-04","内容编辑与机制审核，未获逐方向专家签审"
"astronomy-4","astronomy","太阳与空间环境","时间变化与观测条件","physics","共享主题模块","标定、背景信号与模型近似记录","对照背景与测量条件，说明近似成立的范围","修正背景的方法恰好抹掉了想解释的差异","曲线拟合相似不等于物理解释唯一","北京大学物理学院：研究领域 [学科范围]","https://english.phy.pku.edu.cn/Research/Research_Areas.htm","2026-10-04","内容编辑与机制审核，未获逐方向专家签审"
"astronomy-5","astronomy","行星与系外行星","信号解释与对象差异","physics","共享主题模块","标定、背景信号与模型近似记录","对照背景与测量条件，说明近似成立的范围","修正背景的方法恰好抹掉了想解释的差异","曲线拟合相似不等于物理解释唯一","北京大学物理学院：研究领域 [学科范围]","https://english.phy.pku.edu.cn/Research/Research_Areas.htm","2026-10-04","内容编辑与机制审核，未获逐方向专家签审"
"astronomy-6","astronomy","星际介质","材料过程与测量范围","physics","共享主题模块","标定、背景信号与模型近似记录","对照背景与测量条件，说明近似成立的范围","修正背景的方法恰好抹掉了想解释的差异","曲线拟合相似不等于物理解释唯一","北京大学物理学院：研究领域 [学科范围]","https://english.phy.pku.edu.cn/Research/Research_Areas.htm","2026-10-04","内容编辑与机制审核，未获逐方向专家签审"
"astronomy-7","astronomy","高能与多信使观测","来源联系与信号边界","physics","共享主题模块","标定、背景信号与模型近似记录","对照背景与测量条件，说明近似成立的范围","修正背景的方法恰好抹掉了想解释的差异","曲线拟合相似不等于物理解释唯一","北京大学物理学院：研究领域 [学科范围]","https://english.phy.pku.edu.cn/Research/Research_Areas.htm","2026-10-04","内容编辑与机制审核，未获逐方向专家签审"
"astronomy-8","astronomy","天文数据分析","标定、缺失与推断条件","physics","共享主题模块","标定、背景信号与模型近似记录","对照背景与测量条件，说明近似成立的范围","修正背景的方法恰好抹掉了想解释的差异","曲线拟合相似不等于物理解释唯一","北京大学物理学院：研究领域 [学科范围]","https://english.phy.pku.edu.cn/Research/Research_Areas.htm","2026-10-04","内容编辑与机制审核，未获逐方向专家签审"
"astronomy-9","astronomy","望远镜与观测系统","资源窗口与运行条件","physics","共享主题模块","标定、背景信号与模型近似记录","对照背景与测量条件，说明近似成立的范围","修正背景的方法恰好抹掉了想解释的差异","曲线拟合相似不等于物理解释唯一","北京大学物理学院：研究领域 [学科范围]","https://english.phy.pku.edu.cn/Research/Research_Areas.htm","2026-10-04","内容编辑与机制审核，未获逐方向专家签审"
"sociology-4","sociology","人口与家庭","群体单位与生活经验","society","细分核对","进入田野的关系、访谈场景与沉默者记录","标明谁愿意谈、谁无法接触以及研究者的位置","最容易接触到的人替整个群体发言","便于访谈不意味着经验具有代表性","北京大学社会学系：专业介绍 [学科范围]","https://bkzs.pku.edu.cn/xkzy/xy/shkxxb/sxkxxy_31/sxkxxyzszy_31/index.htm","2026-10-04","内容编辑与机制审核，未获逐方向专家签审"
"sociology-5","sociology","劳动与职业","工作条件与组织边界","society","细分核对","进入田野的关系、访谈场景与沉默者记录","标明谁愿意谈、谁无法接触以及研究者的位置","最容易接触到的人替整个群体发言","便于访谈不意味着经验具有代表性","北京大学社会学系：专业介绍 [学科范围]","https://bkzs.pku.edu.cn/xkzy/xy/shkxxb/sxkxxy_31/sxkxxyzszy_31/index.htm","2026-10-04","内容编辑与机制审核，未获逐方向专家签审"
"sociology-6","sociology","健康与医学社会学","健康体验与制度情境","society","细分核对","进入田野的关系、访谈场景与沉默者记录","标明谁愿意谈、谁无法接触以及研究者的位置","最容易接触到的人替整个群体发言","便于访谈不意味着经验具有代表性","北京大学社会学系：专业介绍 [学科范围]","https://bkzs.pku.edu.cn/xkzy/xy/shkxxb/sxkxxy_31/sxkxxyzszy_31/index.htm","2026-10-04","内容编辑与机制审核，未获逐方向专家签审"
"sociology-7","sociology","数字社会学","平台记录与互动结构","society","细分核对","进入田野的关系、访谈场景与沉默者记录","标明谁愿意谈、谁无法接触以及研究者的位置","最容易接触到的人替整个群体发言","便于访谈不意味着经验具有代表性","北京大学社会学系：专业介绍 [学科范围]","https://bkzs.pku.edu.cn/xkzy/xy/shkxxb/sxkxxy_31/sxkxxyzszy_31/index.htm","2026-10-04","内容编辑与机制审核，未获逐方向专家签审"
"sociology-8","sociology","文化社会学","文化材料与意义解释","society","细分核对","进入田野的关系、访谈场景与沉默者记录","标明谁愿意谈、谁无法接触以及研究者的位置","最容易接触到的人替整个群体发言","便于访谈不意味着经验具有代表性","北京大学社会学系：专业介绍 [学科范围]","https://bkzs.pku.edu.cn/xkzy/xy/shkxxb/sxkxxy_31/sxkxxyzszy_31/index.htm","2026-10-04","内容编辑与机制审核，未获逐方向专家签审"
"sociology-9","sociology","社会方法研究","测量口径与推断前提","law","细分核对","进入田野的关系、访谈场景与沉默者记录","标明谁愿意谈、谁无法接触以及研究者的位置","最容易接触到的人替整个群体发言","便于访谈不意味着经验具有代表性","北京大学法学院：培养方向 [学科范围]","https://www.law.pku.edu.cn/xwzx/ggtz/zsjx/870508d182464f118ae55b9473a4c4f3.htm","2026-10-04","内容编辑与机制审核，未获逐方向专家签审"
"anthropology-4","anthropology","城市人类学","地方经验与空间关系","society","细分核对","进入田野的关系、访谈场景与沉默者记录","标明谁愿意谈、谁无法接触以及研究者的位置","最容易接触到的人替整个群体发言","便于访谈不意味着经验具有代表性","北京大学社会学系：专业介绍 [学科范围]","https://bkzs.pku.edu.cn/xkzy/xy/shkxxb/sxkxxy_31/sxkxxyzszy_31/index.htm","2026-10-04","内容编辑与机制审核，未获逐方向专家签审"
"anthropology-5","anthropology","医学人类学","健康叙述与照护语境","society","细分核对","进入田野的关系、访谈场景与沉默者记录","标明谁愿意谈、谁无法接触以及研究者的位置","最容易接触到的人替整个群体发言","便于访谈不意味着经验具有代表性","北京大学社会学系：专业介绍 [学科范围]","https://bkzs.pku.edu.cn/xkzy/xy/shkxxb/sxkxxy_31/sxkxxyzszy_31/index.htm","2026-10-04","内容编辑与机制审核，未获逐方向专家签审"
"anthropology-6","anthropology","数字人类学","媒介参与与互动条件","society","细分核对","进入田野的关系、访谈场景与沉默者记录","标明谁愿意谈、谁无法接触以及研究者的位置","最容易接触到的人替整个群体发言","便于访谈不意味着经验具有代表性","北京大学社会学系：专业介绍 [学科范围]","https://bkzs.pku.edu.cn/xkzy/xy/shkxxb/sxkxxy_31/sxkxxyzszy_31/index.htm","2026-10-04","内容编辑与机制审核，未获逐方向专家签审"
"anthropology-7","anthropology","经济人类学","资源交换与地方价值","society","细分核对","进入田野的关系、访谈场景与沉默者记录","标明谁愿意谈、谁无法接触以及研究者的位置","最容易接触到的人替整个群体发言","便于访谈不意味着经验具有代表性","北京大学社会学系：专业介绍 [学科范围]","https://bkzs.pku.edu.cn/xkzy/xy/shkxxb/sxkxxy_31/sxkxxyzszy_31/index.htm","2026-10-04","内容编辑与机制审核，未获逐方向专家签审"
"anthropology-8","anthropology","语言人类学","交际材料与社会关系","society","细分核对","进入田野的关系、访谈场景与沉默者记录","标明谁愿意谈、谁无法接触以及研究者的位置","最容易接触到的人替整个群体发言","便于访谈不意味着经验具有代表性","北京大学社会学系：专业介绍 [学科范围]","https://bkzs.pku.edu.cn/xkzy/xy/shkxxb/sxkxxy_31/sxkxxyzszy_31/index.htm","2026-10-04","内容编辑与机制审核，未获逐方向专家签审"
"anthropology-9","anthropology","遗产与公众人类学","展示语境与参与边界","society","细分核对","进入田野的关系、访谈场景与沉默者记录","标明谁愿意谈、谁无法接触以及研究者的位置","最容易接触到的人替整个群体发言","便于访谈不意味着经验具有代表性","北京大学社会学系：专业介绍 [学科范围]","https://bkzs.pku.edu.cn/xkzy/xy/shkxxb/sxkxxy_31/sxkxxyzszy_31/index.htm","2026-10-04","内容编辑与机制审核，未获逐方向专家签审"
"archaeology-4","archaeology","史前考古","年代条件与材料序列","archaeology","细分核对","出土位置、层位关系与样品年代分布","把材料年代、沉积过程与活动年代分开","一件混入物被用来给整层活动定年","样品日期需要与考古语境建立联系","北京大学：科技考古教研室 [学科范围]","https://archaeology.pku.edu.cn/szdw/jxky1/jys/kjkgjys.htm","2026-10-04","内容编辑与机制审核，未获逐方向专家签审"
"archaeology-5","archaeology","历史考古","物质记录与史料联系","archaeology","细分核对","出土位置、层位关系与样品年代分布","把材料年代、沉积过程与活动年代分开","一件混入物被用来给整层活动定年","样品日期需要与考古语境建立联系","北京大学：科技考古教研室 [学科范围]","https://archaeology.pku.edu.cn/szdw/jxky1/jys/kjkgjys.htm","2026-10-04","内容编辑与机制审核，未获逐方向专家签审"
"archaeology-6","archaeology","环境考古","环境资料与生活条件","archaeology","细分核对","出土位置、层位关系与样品年代分布","把材料年代、沉积过程与活动年代分开","一件混入物被用来给整层活动定年","样品日期需要与考古语境建立联系","北京大学：科技考古教研室 [学科范围]","https://archaeology.pku.edu.cn/szdw/jxky1/jys/kjkgjys.htm","2026-10-04","内容编辑与机制审核，未获逐方向专家签审"
"archaeology-7","archaeology","动物与植物考古","对象记录与材料解释","archaeology","细分核对","出土位置、层位关系与样品年代分布","把材料年代、沉积过程与活动年代分开","一件混入物被用来给整层活动定年","样品日期需要与考古语境建立联系","北京大学：科技考古教研室 [学科范围]","https://archaeology.pku.edu.cn/szdw/jxky1/jys/kjkgjys.htm","2026-10-04","内容编辑与机制审核，未获逐方向专家签审"
"archaeology-8","archaeology","数字与空间考古","空间记录与资料结构","archaeology","细分核对","出土位置、层位关系与样品年代分布","把材料年代、沉积过程与活动年代分开","一件混入物被用来给整层活动定年","样品日期需要与考古语境建立联系","北京大学：科技考古教研室 [学科范围]","https://archaeology.pku.edu.cn/szdw/jxky1/jys/kjkgjys.htm","2026-10-04","内容编辑与机制审核，未获逐方向专家签审"
"archaeology-9","archaeology","遗产保护与管理","材料状态与公众使用","heritage","共享主题模块","对象来源、保存状态与展示解释","区分保存目标、展示叙事与使用者理解","展示采用的复原想象被游客当成确定历史","复原与展示解释需要标明依据和不确定性","北京大学：科技考古教研室 [学科范围]；中央美术学院：人文学院 [相邻学科范围]","https://archaeology.pku.edu.cn/szdw/jxky1/jys/kjkgjys.htm；https://www.cafa.edu.cn/sp/nljg/?j=151","2026-10-04","内容编辑与机制审核，未获逐方向专家签审"
"geography-4","geography","经济地理","空间资源与流动结构","human-geography","细分核对","空间单元、人口流动与制度背景","核对空间尺度、边界与流动选择，区分区域和个人关系","一个区域的平均关系被解释成所有居民的个人选择","区域比较需要尺度与制度语境，不能直接推到个人","北京大学：城市与经济地理系 [学科范围]","https://www.ues.pku.edu.cn/Geography/","2026-10-04","内容编辑与机制审核，未获逐方向专家签审"
"geography-5","geography","城市地理","空间经验与治理条件","human-geography","细分核对","空间单元、人口流动与制度背景","核对空间尺度、边界与流动选择，区分区域和个人关系","一个区域的平均关系被解释成所有居民的个人选择","区域比较需要尺度与制度语境，不能直接推到个人","北京大学：城市与经济地理系 [学科范围]","https://www.ues.pku.edu.cn/Geography/","2026-10-04","内容编辑与机制审核，未获逐方向专家签审"
"geography-6","geography","旅游与文化地理","地方意义与使用反馈","human-geography","细分核对","空间单元、人口流动与制度背景","核对空间尺度、边界与流动选择，区分区域和个人关系","一个区域的平均关系被解释成所有居民的个人选择","区域比较需要尺度与制度语境，不能直接推到个人","北京大学：城市与经济地理系 [学科范围]","https://www.ues.pku.edu.cn/Geography/","2026-10-04","内容编辑与机制审核，未获逐方向专家签审"
"geography-7","geography","遥感地理","信号来源与观测尺度","remote-sensing","共享主题模块","影像日期、空间分辨率与地面参照","对齐时间与尺度，保留未能观测的区域","云遮挡区域被当成地表没有变化","影像缺测不等于地表状态没有变化","北京大学：自然地理与自然资源系 [相邻学科范围]","https://www.ues.pku.edu.cn/ztlm/zrdlyzrzyx/index.htm","2026-10-04","内容编辑与机制审核，未获逐方向专家签审"
"geography-8","geography","地理建模","空间关系与模型边界","ecology","细分核对","像元、样地对应与观测时段","区分空间分辨率、实际覆盖与地面对应，保留云遮和缺测","缺测区域被写成了没有变化","像元不是天然独立样本，覆盖缺口也不是零变化","北京大学：自然地理与自然资源系 [相邻学科范围]","https://www.ues.pku.edu.cn/ztlm/zrdlyzrzyx/index.htm","2026-10-04","内容编辑与机制审核，未获逐方向专家签审"
"geography-9","geography","地理教育与公众地图","表达口径与受众理解","education","共享主题模块","课堂目标、活动记录与学习过程材料","让任务、教学目标与评价对应，保留班级差异","换了老师也换了活动，改善却全归到工具上","课后高分不能独立证明某项教学设计有效","北京师范大学：课程与教学研究方向 [学科范围]","https://cter.bnu.edu.cn/docs/2024-05/e0d9749ec02e425eb45aa96fefdadc2a.pdf","2026-10-04","内容编辑与机制审核，未获逐方向专家签审"
"materials-4","materials","金属与合金","结构变化与批次性能","chemistry","共享主题模块","材料批次、表征条件与使用环境记录","比较结构描述、测量设置和状态变化","最漂亮的表征来自没有进入其他评价的批次","单项表征不能直接代表稳定性与使用表现","北京大学化学学院：研究主题 [学科范围]","https://www.chem.pku.edu.cn/en/Research/ResearchTheme/index.htm","2026-10-04","内容编辑与机制审核，未获逐方向专家签审"
"materials-5","materials","陶瓷与无机材料","组成条件与使用范围","chemistry","细分核对","校准记录、谱图归属与独立表征","把检测信号、结构归属与性质解释分开","一个重叠峰被当成唯一结构的特征峰","单一信号不独立确定完整结构或功能","北京大学化学学院：研究主题 [学科范围]","https://www.chem.pku.edu.cn/en/Research/ResearchTheme/index.htm","2026-10-04","内容编辑与机制审核，未获逐方向专家签审"
"materials-6","materials","聚合物材料","状态变化与环境关系","chemistry","细分核对","校准记录、谱图归属与独立表征","把检测信号、结构归属与性质解释分开","一个重叠峰被当成唯一结构的特征峰","单一信号不独立确定完整结构或功能","北京大学化学学院：研究主题 [学科范围]","https://www.chem.pku.edu.cn/en/Research/ResearchTheme/index.htm","2026-10-04","内容编辑与机制审核，未获逐方向专家签审"
"materials-7","materials","电子与光电材料","结构信号与测量条件","chemistry","细分核对","校准记录、谱图归属与独立表征","把检测信号、结构归属与性质解释分开","一个重叠峰被当成唯一结构的特征峰","单一信号不独立确定完整结构或功能","北京大学化学学院：研究主题 [学科范围]","https://www.chem.pku.edu.cn/en/Research/ResearchTheme/index.htm","2026-10-04","内容编辑与机制审核，未获逐方向专家签审"
"materials-8","materials","能源材料","性能口径与工况边界","chemistry","细分核对","校准记录、谱图归属与独立表征","把检测信号、结构归属与性质解释分开","一个重叠峰被当成唯一结构的特征峰","单一信号不独立确定完整结构或功能","北京大学化学学院：研究主题 [学科范围]","https://www.chem.pku.edu.cn/en/Research/ResearchTheme/index.htm","2026-10-04","内容编辑与机制审核，未获逐方向专家签审"
"materials-9","materials","材料可靠性与评价","重复记录与失效解释","chemistry","细分核对","校准记录、谱图归属与独立表征","把检测信号、结构归属与性质解释分开","一个重叠峰被当成唯一结构的特征峰","单一信号不独立确定完整结构或功能","北京大学化学学院：研究主题 [学科范围]","https://www.chem.pku.edu.cn/en/Research/ResearchTheme/index.htm","2026-10-04","内容编辑与机制审核，未获逐方向专家签审"
"automation-4","automation","过程控制","过程模型与工况反馈","mechanical","细分核对","闭环响应、扰动记录与执行器约束","区分名义稳定、扰动鲁棒性与约束下表现","未触及饱和的演示被写成所有工况都稳定","名义工况不能覆盖全部扰动和约束","MIT开放课程：力学与材料教学大纲 [基础方法课程]","https://ocw.mit.edu/courses/2-001-mechanics-materials-i-fall-2006/pages/syllabus/","2026-10-04","内容编辑与机制审核，未获逐方向专家签审"
"automation-5","automation","嵌入式与实时系统","时间约束与资源条件","software","共享主题模块","运行版本、依赖清单与故障日志","在同一条件下复查，区分环境与功能变化","演示机上的默认参数与实际使用环境不同","一次运行成功不等于稳定性或可复现性","清华计算机系：软件研究所 [学科范围]","https://www.cs.tsinghua.edu.cn/jgsz/yjssys/jsjkxyjsxrjyjs.htm","2026-10-04","内容编辑与机制审核，未获逐方向专家签审"
"automation-6","automation","无人系统研究","任务场景与协作范围","software","共享主题模块","运行版本、依赖清单与故障日志","在同一条件下复查，区分环境与功能变化","演示机上的默认参数与实际使用环境不同","一次运行成功不等于稳定性或可复现性","清华计算机系：软件研究所 [学科范围]","https://www.cs.tsinghua.edu.cn/jgsz/yjssys/jsjkxyjsxrjyjs.htm","2026-10-04","内容编辑与机制审核，未获逐方向专家签审"
"automation-7","automation","系统辨识","观测记录与模型条件","software","共享主题模块","运行版本、依赖清单与故障日志","在同一条件下复查，区分环境与功能变化","演示机上的默认参数与实际使用环境不同","一次运行成功不等于稳定性或可复现性","清华计算机系：软件研究所 [学科范围]","https://www.cs.tsinghua.edu.cn/jgsz/yjssys/jsjkxyjsxrjyjs.htm","2026-10-04","内容编辑与机制审核，未获逐方向专家签审"
"automation-8","automation","人机协同","互动任务与责任边界","interaction","共享主题模块","任务脚本、原型版本与用户反馈","对照用户目标与任务完成，保留失败路径","熟人试玩的评价被当作目标用户反馈","喜欢作品与完成任务不是同一个结局","清华计算机系：科研方向 [学科范围]；中央美术学院：人文学院 [相邻学科范围]","https://www.cs.tsinghua.edu.cn/kxyj/kyfx.htm；https://www.cafa.edu.cn/sp/nljg/?j=151","2026-10-04","内容编辑与机制审核，未获逐方向专家签审"
"automation-9","automation","工业智能","生产资料与运行范围","computing","细分核对","样本来源、时间划分与模型选择记录","区分训练、选择和最终评估，检查对象与时间信息泄漏","反复试过的评估集仍被写成未见过的独立评估","反复选择会改变评估含义，内部高分不保证外部泛化","清华计算机系：科研方向 [学科范围]","https://www.cs.tsinghua.edu.cn/kxyj/kyfx.htm","2026-10-04","内容编辑与机制审核，未获逐方向专家签审"
"communications-4","communications","光通信","信号传输与器件条件","electronics","细分核对","输入带宽、噪声谱与测量链路","区分器件响应、测量链路与信号处理","滤波后的漂亮曲线被当成器件原始响应","处理后的信号需要保留处理条件","清华计算机系：科研方向 [学科范围]；北京大学物理学院：研究领域 [学科范围]","https://www.cs.tsinghua.edu.cn/kxyj/kyfx.htm；https://english.phy.pku.edu.cn/Research/Research_Areas.htm","2026-10-04","内容编辑与机制审核，未获逐方向专家签审"
"communications-5","communications","卫星与空间通信","空间窗口与资源约束","electronics","细分核对","输入带宽、噪声谱与测量链路","区分器件响应、测量链路与信号处理","滤波后的漂亮曲线被当成器件原始响应","处理后的信号需要保留处理条件","清华计算机系：科研方向 [学科范围]；北京大学物理学院：研究领域 [学科范围]","https://www.cs.tsinghua.edu.cn/kxyj/kyfx.htm；https://english.phy.pku.edu.cn/Research/Research_Areas.htm","2026-10-04","内容编辑与机制审核，未获逐方向专家签审"
"communications-6","communications","网络协议与系统","运行状态与接口边界","electronics","细分核对","输入带宽、噪声谱与测量链路","区分器件响应、测量链路与信号处理","滤波后的漂亮曲线被当成器件原始响应","处理后的信号需要保留处理条件","清华计算机系：科研方向 [学科范围]；北京大学物理学院：研究领域 [学科范围]","https://www.cs.tsinghua.edu.cn/kxyj/kyfx.htm；https://english.phy.pku.edu.cn/Research/Research_Areas.htm","2026-10-04","内容编辑与机制审核，未获逐方向专家签审"
"communications-7","communications","通信安全与隐私","使用情境与责任范围","electronics","细分核对","输入带宽、噪声谱与测量链路","区分器件响应、测量链路与信号处理","滤波后的漂亮曲线被当成器件原始响应","处理后的信号需要保留处理条件","清华计算机系：科研方向 [学科范围]；北京大学物理学院：研究领域 [学科范围]","https://www.cs.tsinghua.edu.cn/kxyj/kyfx.htm；https://english.phy.pku.edu.cn/Research/Research_Areas.htm","2026-10-04","内容编辑与机制审核，未获逐方向专家签审"
"communications-8","communications","语音与多媒体信号","信号结构与表达条件","electronics","细分核对","输入带宽、噪声谱与测量链路","区分器件响应、测量链路与信号处理","滤波后的漂亮曲线被当成器件原始响应","处理后的信号需要保留处理条件","清华计算机系：科研方向 [学科范围]；北京大学物理学院：研究领域 [学科范围]","https://www.cs.tsinghua.edu.cn/kxyj/kyfx.htm；https://english.phy.pku.edu.cn/Research/Research_Areas.htm","2026-10-04","内容编辑与机制审核，未获逐方向专家签审"
"communications-9","communications","通信系统评价","误差口径与比较前提","electronics","细分核对","输入带宽、噪声谱与测量链路","区分器件响应、测量链路与信号处理","滤波后的漂亮曲线被当成器件原始响应","处理后的信号需要保留处理条件","清华计算机系：科研方向 [学科范围]；北京大学物理学院：研究领域 [学科范围]","https://www.cs.tsinghua.edu.cn/kxyj/kyfx.htm；https://english.phy.pku.edu.cn/Research/Research_Areas.htm","2026-10-04","内容编辑与机制审核，未获逐方向专家签审"
"architecture-4","architecture","建筑历史与理论","空间材料与时代语境","construction","细分核对","空间方案、实际使用路径与不同时段观察","比较设计意图、进入机会与实际使用","漂亮平面图被当成所有人使用都方便","设计意图需要实际任务与使用者检验","MIT开放课程：力学与材料教学大纲 [基础方法课程]","https://ocw.mit.edu/courses/2-001-mechanics-materials-i-fall-2006/pages/syllabus/","2026-10-04","内容编辑与机制审核，未获逐方向专家签审"
"architecture-5","architecture","景观与公共空间","环境联系与使用体验","construction","细分核对","空间方案、实际使用路径与不同时段观察","比较设计意图、进入机会与实际使用","漂亮平面图被当成所有人使用都方便","设计意图需要实际任务与使用者检验","MIT开放课程：力学与材料教学大纲 [基础方法课程]","https://ocw.mit.edu/courses/2-001-mechanics-materials-i-fall-2006/pages/syllabus/","2026-10-04","内容编辑与机制审核，未获逐方向专家签审"
"architecture-6","architecture","住房与社区","生活需要与空间资源","construction","共享主题模块","场地资料、设计版本与约束清单","让方案与场地、规范假设和反馈对应","委托方改了用途，旧方案仍按原指标验收","方案可行性要对应具体场地与用途","MIT开放课程：力学与材料教学大纲 [基础方法课程]","https://ocw.mit.edu/courses/2-001-mechanics-materials-i-fall-2006/pages/syllabus/","2026-10-04","内容编辑与机制审核，未获逐方向专家签审"
"architecture-7","architecture","建筑数字技术","模型结构与资料流转","construction","细分核对","空间方案、实际使用路径与不同时段观察","比较设计意图、进入机会与实际使用","漂亮平面图被当成所有人使用都方便","设计意图需要实际任务与使用者检验","MIT开放课程：力学与材料教学大纲 [基础方法课程]","https://ocw.mit.edu/courses/2-001-mechanics-materials-i-fall-2006/pages/syllabus/","2026-10-04","内容编辑与机制审核，未获逐方向专家签审"
"architecture-8","architecture","遗产更新","历史材料与使用边界","construction","共享主题模块","场地资料、设计版本与约束清单","让方案与场地、规范假设和反馈对应","委托方改了用途，旧方案仍按原指标验收","方案可行性要对应具体场地与用途","MIT开放课程：力学与材料教学大纲 [基础方法课程]","https://ocw.mit.edu/courses/2-001-mechanics-materials-i-fall-2006/pages/syllabus/","2026-10-04","内容编辑与机制审核，未获逐方向专家签审"
"architecture-9","architecture","建筑评价与人因","环境记录与使用反馈","construction","细分核对","空间方案、实际使用路径与不同时段观察","比较设计意图、进入机会与实际使用","漂亮平面图被当成所有人使用都方便","设计意图需要实际任务与使用者检验","MIT开放课程：力学与材料教学大纲 [基础方法课程]","https://ocw.mit.edu/courses/2-001-mechanics-materials-i-fall-2006/pages/syllabus/","2026-10-04","内容编辑与机制审核，未获逐方向专家签审"
"design-4","design","工业与产品设计","结构取舍与使用任务","interaction","细分核对","原型版本、用户任务与失败路径","保留误操作、求助、放弃与完成记录","熟练测试者的成功被当成新手同样能完成","喜欢程度不能代替任务完成与使用条件","清华计算机系：科研方向 [学科范围]；中央美术学院：人文学院 [相邻学科范围]","https://www.cs.tsinghua.edu.cn/kxyj/kyfx.htm；https://www.cafa.edu.cn/sp/nljg/?j=151","2026-10-04","内容编辑与机制审核，未获逐方向专家签审"
"design-5","design","体验与用户研究","情境资料与个体差异","interaction","细分核对","原型版本、用户任务与失败路径","保留误操作、求助、放弃与完成记录","熟练测试者的成功被当成新手同样能完成","喜欢程度不能代替任务完成与使用条件","清华计算机系：科研方向 [学科范围]；中央美术学院：人文学院 [相邻学科范围]","https://www.cs.tsinghua.edu.cn/kxyj/kyfx.htm；https://www.cafa.edu.cn/sp/nljg/?j=151","2026-10-04","内容编辑与机制审核，未获逐方向专家签审"
"design-6","design","社会创新设计","公众需要与协作范围","arts","细分核对","原型版本、用户任务与失败路径","保留误操作、求助、放弃与完成记录","熟练测试者的成功被当成新手同样能完成","喜欢程度不能代替任务完成与使用条件","中央美术学院：人文学院 [相邻学科范围]","https://www.cafa.edu.cn/sp/nljg/?j=151","2026-10-04","内容编辑与机制审核，未获逐方向专家签审"
"design-7","design","可持续设计","环境目标与资源条件","arts","细分核对","原型版本、用户任务与失败路径","保留误操作、求助、放弃与完成记录","熟练测试者的成功被当成新手同样能完成","喜欢程度不能代替任务完成与使用条件","中央美术学院：人文学院 [相邻学科范围]","https://www.cafa.edu.cn/sp/nljg/?j=151","2026-10-04","内容编辑与机制审核，未获逐方向专家签审"
"design-8","design","设计史与理论","表达概念与文化材料","arts","细分核对","原型版本、用户任务与失败路径","保留误操作、求助、放弃与完成记录","熟练测试者的成功被当成新手同样能完成","喜欢程度不能代替任务完成与使用条件","中央美术学院：人文学院 [相邻学科范围]","https://www.cafa.edu.cn/sp/nljg/?j=151","2026-10-04","内容编辑与机制审核，未获逐方向专家签审"
"design-9","design","数字与沉浸设计","工具边界与体验反馈","arts","细分核对","原型版本、用户任务与失败路径","保留误操作、求助、放弃与完成记录","熟练测试者的成功被当成新手同样能完成","喜欢程度不能代替任务完成与使用条件","中央美术学院：人文学院 [相邻学科范围]","https://www.cafa.edu.cn/sp/nljg/?j=151","2026-10-04","内容编辑与机制审核，未获逐方向专家签审"
"publichealth-4","publichealth","健康行为与促进","生活情境与行动条件","psychology","共享主题模块","任务说明、构念定义与被试反应记录","核对任务操纵与测量含义，保留练习顺序","中途改过指导语，却把前后得分直接合并","任务指标不能直接等同于完整心理构念","北京师范大学：课程与教学研究方向 [学科范围]；NHLBI：研究质量评估工具 [研究方法资料]","https://cter.bnu.edu.cn/docs/2024-05/e0d9749ec02e425eb45aa96fefdadc2a.pdf；https://www.nhlbi.nih.gov/health-topics/study-quality-assessment-tools","2026-10-04","内容编辑与机制审核，未获逐方向专家签审"
"publichealth-5","publichealth","生物统计与方法","群体指标与推断前提","biomedical","共享主题模块","样本来源、批次索引与注释版本","区分生物对象与重复测量，核对批次构成","最强的一组差异恰好全部来自同一批次","高维差异或数据库关联不能独立证明机制","NHLBI：研究质量评估工具 [研究方法资料]；OpenStax：解剖与生理教材说明 [基础教材入口]","https://www.nhlbi.nih.gov/health-topics/study-quality-assessment-tools；https://openstax.org/books/anatomy-and-physiology-2e/pages/preface","2026-10-04","内容编辑与机制审核，未获逐方向专家签审"
"publichealth-6","publichealth","传染病群体研究","时间记录与比较范围","infection","共享主题模块","转诊构成、编码版本与公开队列记录","核对登记定义与入组时期，不把编码变化当趋势","编码规则改变却没有留在时间轴上","病例登记变化不直接等于真实发生率变化","NIH：认识临床研究 [研究方法入门]；NHLBI：研究质量评估工具 [研究方法资料]","https://www.nih.gov/about-nih/science-health-public-trust/tools/understanding-clinical-studies；https://www.nhlbi.nih.gov/health-topics/study-quality-assessment-tools","2026-10-04","内容编辑与机制审核，未获逐方向专家签审"
"publichealth-7","publichealth","慢病群体研究","长期资料与结局口径","population","共享主题模块","登记分母、调查框与健康服务记录","先核对覆盖人口与时期，再比较比例","宣传活动后登记入口增加，被误写成风险突然升高","登记或问卷结果需要覆盖范围和选择过程的限定","NIH：认识临床研究 [研究方法入门]；NHLBI：研究质量评估工具 [研究方法资料]","https://www.nih.gov/about-nih/science-health-public-trust/tools/understanding-clinical-studies；https://www.nhlbi.nih.gov/health-topics/study-quality-assessment-tools","2026-10-04","内容编辑与机制审核，未获逐方向专家签审"
"publichealth-8","publichealth","健康公平","资源差异与制度情境","population","共享主题模块","登记分母、调查框与健康服务记录","先核对覆盖人口与时期，再比较比例","宣传活动后登记入口增加，被误写成风险突然升高","登记或问卷结果需要覆盖范围和选择过程的限定","NIH：认识临床研究 [研究方法入门]；NHLBI：研究质量评估工具 [研究方法资料]","https://www.nih.gov/about-nih/science-health-public-trust/tools/understanding-clinical-studies；https://www.nhlbi.nih.gov/health-topics/study-quality-assessment-tools","2026-10-04","内容编辑与机制审核，未获逐方向专家签审"
"publichealth-9","publichealth","全球与社区健康","地方需要与服务条件","population","细分核对","照护实施、本人报告与交接时间轴","分开文书完成、信息传达与实际落实","完整表单被当成关键事项都已经落实","文书齐全不独立证明照护质量","NIH：认识临床研究 [研究方法入门]；NHLBI：研究质量评估工具 [研究方法资料]","https://www.nih.gov/about-nih/science-health-public-trust/tools/understanding-clinical-studies；https://www.nhlbi.nih.gov/health-topics/study-quality-assessment-tools","2026-10-04","内容编辑与机制审核，未获逐方向专家签审"
"cardiology-1","cardiology","心力衰竭","研究对象、观察窗口与资料比较条件","heart-failure","细分核对","心功能分型、活动耐量记录与再住院随访","对齐分型、基线病情和随访窗口，区分功能指标与再住院结局","再住院随访未完成的人被写成没有再住院","随访缺失不能当作没有结局，功能指标也不能替代长期结局","NIH：认识临床研究 [研究方法入门]；NHLBI：研究质量评估工具 [研究方法资料]","https://www.nih.gov/about-nih/science-health-public-trust/tools/understanding-clinical-studies；https://www.nhlbi.nih.gov/health-topics/study-quality-assessment-tools","2026-10-04","内容编辑与机制审核，未获逐方向专家签审"
"cardiology-2","cardiology","冠心病","研究对象、观察窗口与资料比较条件","cardiac","细分核对","测量场景、风险分层与随访时点","区分一次测量、稳定暴露与长期结局，保留人群分层","随访期间条件改变仍按最初状态解释全部结果","初始状态不独立代表整个观察期","NIH：认识临床研究 [研究方法入门]；NHLBI：研究质量评估工具 [研究方法资料]","https://www.nih.gov/about-nih/science-health-public-trust/tools/understanding-clinical-studies；https://www.nhlbi.nih.gov/health-topics/study-quality-assessment-tools","2026-10-04","内容编辑与机制审核，未获逐方向专家签审"
"cardiology-3","cardiology","心律失常","研究对象、观察窗口与资料比较条件","rhythm","细分核对","监测时长、事件判定规则与症状日记","分别核对监测覆盖、事件判定与症状出现时间","症状日记中的不适被直接计作已经捕获的心律事件","主观症状、仪器捕获与临床解释需要分别对应","NIH：认识临床研究 [研究方法入门]；NHLBI：研究质量评估工具 [研究方法资料]","https://www.nih.gov/about-nih/science-health-public-trust/tools/understanding-clinical-studies；https://www.nhlbi.nih.gov/health-topics/study-quality-assessment-tools","2026-10-04","内容编辑与机制审核，未获逐方向专家签审"
"cardiology-4","cardiology","高血压","研究对象、观察窗口与资料比较条件","cardiac","细分核对","测量场景、风险分层与随访时点","区分一次测量、稳定暴露与长期结局，保留人群分层","随访期间条件改变仍按最初状态解释全部结果","初始状态不独立代表整个观察期","NIH：认识临床研究 [研究方法入门]；NHLBI：研究质量评估工具 [研究方法资料]","https://www.nih.gov/about-nih/science-health-public-trust/tools/understanding-clinical-studies；https://www.nhlbi.nih.gov/health-topics/study-quality-assessment-tools","2026-10-04","内容编辑与机制审核，未获逐方向专家签审"
"cardiology-5","cardiology","心肌病","研究对象、观察窗口与资料比较条件","heart-failure","细分核对","心功能分型、活动耐量记录与再住院随访","对齐分型、基线病情和随访窗口，区分功能指标与再住院结局","再住院随访未完成的人被写成没有再住院","随访缺失不能当作没有结局，功能指标也不能替代长期结局","NIH：认识临床研究 [研究方法入门]；NHLBI：研究质量评估工具 [研究方法资料]","https://www.nih.gov/about-nih/science-health-public-trust/tools/understanding-clinical-studies；https://www.nhlbi.nih.gov/health-topics/study-quality-assessment-tools","2026-10-04","内容编辑与机制审核，未获逐方向专家签审"
"cardiology-6","cardiology","心脏影像","对象内重复、平台版本与图像质量","imaging","共享主题模块","设备平台、读者判断与个体索引","按个体划分记录，保留平台版本和读者分歧","一人的多张图像同时进入开发和评估资料","图像数量不能代替独立个体和外部评估","NIH：认识临床研究 [研究方法入门]；NHLBI：研究质量评估工具 [研究方法资料]","https://www.nih.gov/about-nih/science-health-public-trust/tools/understanding-clinical-studies；https://www.nhlbi.nih.gov/health-topics/study-quality-assessment-tools","2026-10-04","内容编辑与机制审核，未获逐方向专家签审"
"cardiology-7","cardiology","心脏康复","阶段、生活条件与功能或体验变化","cardiac","共享主题模块","随访时点与心功能记录","对齐基线与复查窗口，单列未复查者","复查者的基线状态与未复查者不同","复查改善不能代表所有入组者，也不能直接解释治疗作用","NIH：认识临床研究 [研究方法入门]；NHLBI：研究质量评估工具 [研究方法资料]","https://www.nih.gov/about-nih/science-health-public-trust/tools/understanding-clinical-studies；https://www.nhlbi.nih.gov/health-topics/study-quality-assessment-tools","2026-10-04","内容编辑与机制审核，未获逐方向专家签审"
"cardiology-8","cardiology","结构性心脏病","研究对象、观察窗口与资料比较条件","cardiac","共享主题模块","随访时点与心功能记录","对齐基线与复查窗口，单列未复查者","复查者的基线状态与未复查者不同","复查改善不能代表所有入组者，也不能直接解释治疗作用","NIH：认识临床研究 [研究方法入门]；NHLBI：研究质量评估工具 [研究方法资料]","https://www.nih.gov/about-nih/science-health-public-trust/tools/understanding-clinical-studies；https://www.nhlbi.nih.gov/health-topics/study-quality-assessment-tools","2026-10-04","内容编辑与机制审核，未获逐方向专家签审"
"cardiology-9","cardiology","心血管遗传","对象关系、参考版本与变异解释","genetic-association","细分核对","变异标识、效应等位基因与祖源构成","对齐等位基因、效应方向和研究人群，区分关联与机制","效应等位基因不同的结果被写成方向冲突","标识和方向核对先于生物学解释，关联不独立证明机制","清华统计与数据科学：科研领域 [学科范围]；NHLBI：研究质量评估工具 [研究方法资料]","https://www.stat.tsinghua.edu.cn/kxyj/kylyy.htm；https://www.nhlbi.nih.gov/health-topics/study-quality-assessment-tools","2026-10-04","内容编辑与机制审核，未获逐方向专家签审"
"cardiology-10","cardiology","心血管代谢","研究对象、观察窗口与资料比较条件","cardiac","细分核对","测量场景、风险分层与随访时点","区分一次测量、稳定暴露与长期结局，保留人群分层","随访期间条件改变仍按最初状态解释全部结果","初始状态不独立代表整个观察期","NIH：认识临床研究 [研究方法入门]；NHLBI：研究质量评估工具 [研究方法资料]","https://www.nih.gov/about-nih/science-health-public-trust/tools/understanding-clinical-studies；https://www.nhlbi.nih.gov/health-topics/study-quality-assessment-tools","2026-10-04","内容编辑与机制审核，未获逐方向专家签审"
"cardiology-11","cardiology","血管生物学","研究对象、观察窗口与资料比较条件","biomedical","共享主题模块","样本来源、批次索引与注释版本","区分生物对象与重复测量，核对批次构成","最强的一组差异恰好全部来自同一批次","高维差异或数据库关联不能独立证明机制","NHLBI：研究质量评估工具 [研究方法资料]；OpenStax：解剖与生理教材说明 [基础教材入口]","https://www.nhlbi.nih.gov/health-topics/study-quality-assessment-tools；https://openstax.org/books/anatomy-and-physiology-2e/pages/preface","2026-10-04","内容编辑与机制审核，未获逐方向专家签审"
"cardiology-12","cardiology","心血管结局研究","入组范围、观察时间与未完成随访","cardiac","细分核对","测量场景、风险分层与随访时点","区分一次测量、稳定暴露与长期结局，保留人群分层","随访期间条件改变仍按最初状态解释全部结果","初始状态不独立代表整个观察期","NIH：认识临床研究 [研究方法入门]；NHLBI：研究质量评估工具 [研究方法资料]","https://www.nih.gov/about-nih/science-health-public-trust/tools/understanding-clinical-studies；https://www.nhlbi.nih.gov/health-topics/study-quality-assessment-tools","2026-10-04","内容编辑与机制审核，未获逐方向专家签审"
"respiratory-1","respiratory","慢性气道疾病","研究对象、观察窗口与资料比较条件","respiratory","共享主题模块","肺功能版本、症状记录与复查日期","分开仪器版本与观察窗口，再核对失访","新版设备上线恰好碰到随访间隔改变","测量变化与疾病变化要分别讨论","NIH：认识临床研究 [研究方法入门]；NHLBI：研究质量评估工具 [研究方法资料]","https://www.nih.gov/about-nih/science-health-public-trust/tools/understanding-clinical-studies；https://www.nhlbi.nih.gov/health-topics/study-quality-assessment-tools","2026-10-04","内容编辑与机制审核，未获逐方向专家签审"
"respiratory-2","respiratory","间质性肺疾病","研究对象、观察窗口与资料比较条件","respiratory","共享主题模块","肺功能版本、症状记录与复查日期","分开仪器版本与观察窗口，再核对失访","新版设备上线恰好碰到随访间隔改变","测量变化与疾病变化要分别讨论","NIH：认识临床研究 [研究方法入门]；NHLBI：研究质量评估工具 [研究方法资料]","https://www.nih.gov/about-nih/science-health-public-trust/tools/understanding-clinical-studies；https://www.nhlbi.nih.gov/health-topics/study-quality-assessment-tools","2026-10-04","内容编辑与机制审核，未获逐方向专家签审"
"respiratory-3","respiratory","肺血管疾病","研究对象、观察窗口与资料比较条件","respiratory","共享主题模块","肺功能版本、症状记录与复查日期","分开仪器版本与观察窗口，再核对失访","新版设备上线恰好碰到随访间隔改变","测量变化与疾病变化要分别讨论","NIH：认识临床研究 [研究方法入门]；NHLBI：研究质量评估工具 [研究方法资料]","https://www.nih.gov/about-nih/science-health-public-trust/tools/understanding-clinical-studies；https://www.nhlbi.nih.gov/health-topics/study-quality-assessment-tools","2026-10-04","内容编辑与机制审核，未获逐方向专家签审"
"respiratory-4","respiratory","呼吸影像","对象内重复、平台版本与图像质量","imaging","共享主题模块","设备平台、读者判断与个体索引","按个体划分记录，保留平台版本和读者分歧","一人的多张图像同时进入开发和评估资料","图像数量不能代替独立个体和外部评估","NIH：认识临床研究 [研究方法入门]；NHLBI：研究质量评估工具 [研究方法资料]","https://www.nih.gov/about-nih/science-health-public-trust/tools/understanding-clinical-studies；https://www.nhlbi.nih.gov/health-topics/study-quality-assessment-tools","2026-10-04","内容编辑与机制审核，未获逐方向专家签审"
"respiratory-5","respiratory","肺功能研究","任务或测量条件、重复记录与时间","respiratory","共享主题模块","肺功能版本、症状记录与复查日期","分开仪器版本与观察窗口，再核对失访","新版设备上线恰好碰到随访间隔改变","测量变化与疾病变化要分别讨论","NIH：认识临床研究 [研究方法入门]；NHLBI：研究质量评估工具 [研究方法资料]","https://www.nih.gov/about-nih/science-health-public-trust/tools/understanding-clinical-studies；https://www.nhlbi.nih.gov/health-topics/study-quality-assessment-tools","2026-10-04","内容编辑与机制审核，未获逐方向专家签审"
"respiratory-6","respiratory","睡眠呼吸","研究对象、观察窗口与资料比较条件","respiratory","共享主题模块","肺功能版本、症状记录与复查日期","分开仪器版本与观察窗口，再核对失访","新版设备上线恰好碰到随访间隔改变","测量变化与疾病变化要分别讨论","NIH：认识临床研究 [研究方法入门]；NHLBI：研究质量评估工具 [研究方法资料]","https://www.nih.gov/about-nih/science-health-public-trust/tools/understanding-clinical-studies；https://www.nhlbi.nih.gov/health-topics/study-quality-assessment-tools","2026-10-04","内容编辑与机制审核，未获逐方向专家签审"
"respiratory-7","respiratory","呼吸康复","阶段、生活条件与功能或体验变化","respiratory","共享主题模块","肺功能版本、症状记录与复查日期","分开仪器版本与观察窗口，再核对失访","新版设备上线恰好碰到随访间隔改变","测量变化与疾病变化要分别讨论","NIH：认识临床研究 [研究方法入门]；NHLBI：研究质量评估工具 [研究方法资料]","https://www.nih.gov/about-nih/science-health-public-trust/tools/understanding-clinical-studies；https://www.nhlbi.nih.gov/health-topics/study-quality-assessment-tools","2026-10-04","内容编辑与机制审核，未获逐方向专家签审"
"respiratory-8","respiratory","环境与呼吸健康","研究对象、观察窗口与资料比较条件","respiratory","共享主题模块","肺功能版本、症状记录与复查日期","分开仪器版本与观察窗口，再核对失访","新版设备上线恰好碰到随访间隔改变","测量变化与疾病变化要分别讨论","NIH：认识临床研究 [研究方法入门]；NHLBI：研究质量评估工具 [研究方法资料]","https://www.nih.gov/about-nih/science-health-public-trust/tools/understanding-clinical-studies；https://www.nhlbi.nih.gov/health-topics/study-quality-assessment-tools","2026-10-04","内容编辑与机制审核，未获逐方向专家签审"
"respiratory-9","respiratory","呼吸系统肿瘤","研究对象、观察窗口与资料比较条件","respiratory","共享主题模块","肺功能版本、症状记录与复查日期","分开仪器版本与观察窗口，再核对失访","新版设备上线恰好碰到随访间隔改变","测量变化与疾病变化要分别讨论","NIH：认识临床研究 [研究方法入门]；NHLBI：研究质量评估工具 [研究方法资料]","https://www.nih.gov/about-nih/science-health-public-trust/tools/understanding-clinical-studies；https://www.nhlbi.nih.gov/health-topics/study-quality-assessment-tools","2026-10-04","内容编辑与机制审核，未获逐方向专家签审"
"respiratory-10","respiratory","呼吸症状量表","测量含义、填答者与时间窗口","measurement-scale","共享主题模块","条目版本、填答者与缺失条目","先确认量表含义和适用对象，再比较总分","删去不同条目后仍沿用原来总分的解释","总分相同不保证测量的内容相同","NHLBI：研究质量评估工具 [研究方法资料]","https://www.nhlbi.nih.gov/health-topics/study-quality-assessment-tools","2026-10-04","内容编辑与机制审核，未获逐方向专家签审"
"respiratory-11","respiratory","长期氧疗结局","入组范围、观察时间与未完成随访","respiratory","共享主题模块","肺功能版本、症状记录与复查日期","分开仪器版本与观察窗口，再核对失访","新版设备上线恰好碰到随访间隔改变","测量变化与疾病变化要分别讨论","NIH：认识临床研究 [研究方法入门]；NHLBI：研究质量评估工具 [研究方法资料]","https://www.nih.gov/about-nih/science-health-public-trust/tools/understanding-clinical-studies；https://www.nhlbi.nih.gov/health-topics/study-quality-assessment-tools","2026-10-04","内容编辑与机制审核，未获逐方向专家签审"
"respiratory-12","respiratory","呼吸疾病队列","入组范围、观察时间与未完成随访","respiratory","共享主题模块","肺功能版本、症状记录与复查日期","分开仪器版本与观察窗口，再核对失访","新版设备上线恰好碰到随访间隔改变","测量变化与疾病变化要分别讨论","NIH：认识临床研究 [研究方法入门]；NHLBI：研究质量评估工具 [研究方法资料]","https://www.nih.gov/about-nih/science-health-public-trust/tools/understanding-clinical-studies；https://www.nhlbi.nih.gov/health-topics/study-quality-assessment-tools","2026-10-04","内容编辑与机制审核，未获逐方向专家签审"
"gastroenterology-1","gastroenterology","胃肠动力","研究对象、观察窗口与资料比较条件","digestive","共享主题模块","内镜描述、病理索引与饮食记录","保留同一人的不同检查日期，核对报告术语","饮食记录漏了周末，检查报告也换过模板","一次检查和一段生活记录不能共同证明长期过程","NIH：认识临床研究 [研究方法入门]；NHLBI：研究质量评估工具 [研究方法资料]","https://www.nih.gov/about-nih/science-health-public-trust/tools/understanding-clinical-studies；https://www.nhlbi.nih.gov/health-topics/study-quality-assessment-tools","2026-10-04","内容编辑与机制审核，未获逐方向专家签审"
"gastroenterology-2","gastroenterology","炎症性肠病","研究对象、观察窗口与资料比较条件","digestive","共享主题模块","内镜描述、病理索引与饮食记录","保留同一人的不同检查日期，核对报告术语","饮食记录漏了周末，检查报告也换过模板","一次检查和一段生活记录不能共同证明长期过程","NIH：认识临床研究 [研究方法入门]；NHLBI：研究质量评估工具 [研究方法资料]","https://www.nih.gov/about-nih/science-health-public-trust/tools/understanding-clinical-studies；https://www.nhlbi.nih.gov/health-topics/study-quality-assessment-tools","2026-10-04","内容编辑与机制审核，未获逐方向专家签审"
"gastroenterology-3","gastroenterology","肝病与肝纤维化","研究对象、观察窗口与资料比较条件","digestive","共享主题模块","内镜描述、病理索引与饮食记录","保留同一人的不同检查日期，核对报告术语","饮食记录漏了周末，检查报告也换过模板","一次检查和一段生活记录不能共同证明长期过程","NIH：认识临床研究 [研究方法入门]；NHLBI：研究质量评估工具 [研究方法资料]","https://www.nih.gov/about-nih/science-health-public-trust/tools/understanding-clinical-studies；https://www.nhlbi.nih.gov/health-topics/study-quality-assessment-tools","2026-10-04","内容编辑与机制审核，未获逐方向专家签审"
"gastroenterology-4","gastroenterology","消化内镜质控","研究对象、观察窗口与资料比较条件","digestive","共享主题模块","内镜描述、病理索引与饮食记录","保留同一人的不同检查日期，核对报告术语","饮食记录漏了周末，检查报告也换过模板","一次检查和一段生活记录不能共同证明长期过程","NIH：认识临床研究 [研究方法入门]；NHLBI：研究质量评估工具 [研究方法资料]","https://www.nih.gov/about-nih/science-health-public-trust/tools/understanding-clinical-studies；https://www.nhlbi.nih.gov/health-topics/study-quality-assessment-tools","2026-10-04","内容编辑与机制审核，未获逐方向专家签审"
"gastroenterology-5","gastroenterology","胰腺疾病","研究对象、观察窗口与资料比较条件","digestive","共享主题模块","内镜描述、病理索引与饮食记录","保留同一人的不同检查日期，核对报告术语","饮食记录漏了周末，检查报告也换过模板","一次检查和一段生活记录不能共同证明长期过程","NIH：认识临床研究 [研究方法入门]；NHLBI：研究质量评估工具 [研究方法资料]","https://www.nih.gov/about-nih/science-health-public-trust/tools/understanding-clinical-studies；https://www.nhlbi.nih.gov/health-topics/study-quality-assessment-tools","2026-10-04","内容编辑与机制审核，未获逐方向专家签审"
"gastroenterology-6","gastroenterology","肠道生态","研究对象、观察窗口与资料比较条件","digestive","共享主题模块","内镜描述、病理索引与饮食记录","保留同一人的不同检查日期，核对报告术语","饮食记录漏了周末，检查报告也换过模板","一次检查和一段生活记录不能共同证明长期过程","NIH：认识临床研究 [研究方法入门]；NHLBI：研究质量评估工具 [研究方法资料]","https://www.nih.gov/about-nih/science-health-public-trust/tools/understanding-clinical-studies；https://www.nhlbi.nih.gov/health-topics/study-quality-assessment-tools","2026-10-04","内容编辑与机制审核，未获逐方向专家签审"
"gastroenterology-7","gastroenterology","营养与消化","阶段、生活条件与功能或体验变化","digestive","共享主题模块","内镜描述、病理索引与饮食记录","保留同一人的不同检查日期，核对报告术语","饮食记录漏了周末，检查报告也换过模板","一次检查和一段生活记录不能共同证明长期过程","NIH：认识临床研究 [研究方法入门]；NHLBI：研究质量评估工具 [研究方法资料]","https://www.nih.gov/about-nih/science-health-public-trust/tools/understanding-clinical-studies；https://www.nhlbi.nih.gov/health-topics/study-quality-assessment-tools","2026-10-04","内容编辑与机制审核，未获逐方向专家签审"
"gastroenterology-8","gastroenterology","消化道肿瘤","研究对象、观察窗口与资料比较条件","digestive","共享主题模块","内镜描述、病理索引与饮食记录","保留同一人的不同检查日期，核对报告术语","饮食记录漏了周末，检查报告也换过模板","一次检查和一段生活记录不能共同证明长期过程","NIH：认识临床研究 [研究方法入门]；NHLBI：研究质量评估工具 [研究方法资料]","https://www.nih.gov/about-nih/science-health-public-trust/tools/understanding-clinical-studies；https://www.nhlbi.nih.gov/health-topics/study-quality-assessment-tools","2026-10-04","内容编辑与机制审核，未获逐方向专家签审"
"gastroenterology-9","gastroenterology","胃食管反流","研究对象、观察窗口与资料比较条件","digestive","共享主题模块","内镜描述、病理索引与饮食记录","保留同一人的不同检查日期，核对报告术语","饮食记录漏了周末，检查报告也换过模板","一次检查和一段生活记录不能共同证明长期过程","NIH：认识临床研究 [研究方法入门]；NHLBI：研究质量评估工具 [研究方法资料]","https://www.nih.gov/about-nih/science-health-public-trust/tools/understanding-clinical-studies；https://www.nhlbi.nih.gov/health-topics/study-quality-assessment-tools","2026-10-04","内容编辑与机制审核，未获逐方向专家签审"
"gastroenterology-10","gastroenterology","功能性胃肠病","任务或测量条件、重复记录与时间","digestive","共享主题模块","内镜描述、病理索引与饮食记录","保留同一人的不同检查日期，核对报告术语","饮食记录漏了周末，检查报告也换过模板","一次检查和一段生活记录不能共同证明长期过程","NIH：认识临床研究 [研究方法入门]；NHLBI：研究质量评估工具 [研究方法资料]","https://www.nih.gov/about-nih/science-health-public-trust/tools/understanding-clinical-studies；https://www.nhlbi.nih.gov/health-topics/study-quality-assessment-tools","2026-10-04","内容编辑与机制审核，未获逐方向专家签审"
"gastroenterology-11","gastroenterology","胆道疾病","研究对象、观察窗口与资料比较条件","digestive","共享主题模块","内镜描述、病理索引与饮食记录","保留同一人的不同检查日期，核对报告术语","饮食记录漏了周末，检查报告也换过模板","一次检查和一段生活记录不能共同证明长期过程","NIH：认识临床研究 [研究方法入门]；NHLBI：研究质量评估工具 [研究方法资料]","https://www.nih.gov/about-nih/science-health-public-trust/tools/understanding-clinical-studies；https://www.nhlbi.nih.gov/health-topics/study-quality-assessment-tools","2026-10-04","内容编辑与机制审核，未获逐方向专家签审"
"gastroenterology-12","gastroenterology","消化疾病结局","入组范围、观察时间与未完成随访","digestive","共享主题模块","内镜描述、病理索引与饮食记录","保留同一人的不同检查日期，核对报告术语","饮食记录漏了周末，检查报告也换过模板","一次检查和一段生活记录不能共同证明长期过程","NIH：认识临床研究 [研究方法入门]；NHLBI：研究质量评估工具 [研究方法资料]","https://www.nih.gov/about-nih/science-health-public-trust/tools/understanding-clinical-studies；https://www.nhlbi.nih.gov/health-topics/study-quality-assessment-tools","2026-10-04","内容编辑与机制审核，未获逐方向专家签审"
"endocrinology-1","endocrinology","糖尿病","研究对象、观察窗口与资料比较条件","metabolic","共享主题模块","代谢测量单位、设备版本与生活方式记录","对照原始单位和记录时段，标明设备更换","连续监测与门诊单次记录被合成了一个指标","不同记录方式不能直接视作同一个暴露","NIH：认识临床研究 [研究方法入门]；NHLBI：研究质量评估工具 [研究方法资料]","https://www.nih.gov/about-nih/science-health-public-trust/tools/understanding-clinical-studies；https://www.nhlbi.nih.gov/health-topics/study-quality-assessment-tools","2026-10-04","内容编辑与机制审核，未获逐方向专家签审"
"endocrinology-2","endocrinology","肥胖研究","研究对象、观察窗口与资料比较条件","metabolic","共享主题模块","代谢测量单位、设备版本与生活方式记录","对照原始单位和记录时段，标明设备更换","连续监测与门诊单次记录被合成了一个指标","不同记录方式不能直接视作同一个暴露","NIH：认识临床研究 [研究方法入门]；NHLBI：研究质量评估工具 [研究方法资料]","https://www.nih.gov/about-nih/science-health-public-trust/tools/understanding-clinical-studies；https://www.nhlbi.nih.gov/health-topics/study-quality-assessment-tools","2026-10-04","内容编辑与机制审核，未获逐方向专家签审"
"endocrinology-3","endocrinology","甲状腺疾病","研究对象、观察窗口与资料比较条件","metabolic","共享主题模块","代谢测量单位、设备版本与生活方式记录","对照原始单位和记录时段，标明设备更换","连续监测与门诊单次记录被合成了一个指标","不同记录方式不能直接视作同一个暴露","NIH：认识临床研究 [研究方法入门]；NHLBI：研究质量评估工具 [研究方法资料]","https://www.nih.gov/about-nih/science-health-public-trust/tools/understanding-clinical-studies；https://www.nhlbi.nih.gov/health-topics/study-quality-assessment-tools","2026-10-04","内容编辑与机制审核，未获逐方向专家签审"
"endocrinology-4","endocrinology","骨代谢","研究对象、观察窗口与资料比较条件","metabolic","共享主题模块","代谢测量单位、设备版本与生活方式记录","对照原始单位和记录时段，标明设备更换","连续监测与门诊单次记录被合成了一个指标","不同记录方式不能直接视作同一个暴露","NIH：认识临床研究 [研究方法入门]；NHLBI：研究质量评估工具 [研究方法资料]","https://www.nih.gov/about-nih/science-health-public-trust/tools/understanding-clinical-studies；https://www.nhlbi.nih.gov/health-topics/study-quality-assessment-tools","2026-10-04","内容编辑与机制审核，未获逐方向专家签审"
"endocrinology-5","endocrinology","肾上腺疾病","研究对象、观察窗口与资料比较条件","metabolic","共享主题模块","代谢测量单位、设备版本与生活方式记录","对照原始单位和记录时段，标明设备更换","连续监测与门诊单次记录被合成了一个指标","不同记录方式不能直接视作同一个暴露","NIH：认识临床研究 [研究方法入门]；NHLBI：研究质量评估工具 [研究方法资料]","https://www.nih.gov/about-nih/science-health-public-trust/tools/understanding-clinical-studies；https://www.nhlbi.nih.gov/health-topics/study-quality-assessment-tools","2026-10-04","内容编辑与机制审核，未获逐方向专家签审"
"endocrinology-6","endocrinology","垂体疾病","研究对象、观察窗口与资料比较条件","metabolic","共享主题模块","代谢测量单位、设备版本与生活方式记录","对照原始单位和记录时段，标明设备更换","连续监测与门诊单次记录被合成了一个指标","不同记录方式不能直接视作同一个暴露","NIH：认识临床研究 [研究方法入门]；NHLBI：研究质量评估工具 [研究方法资料]","https://www.nih.gov/about-nih/science-health-public-trust/tools/understanding-clinical-studies；https://www.nhlbi.nih.gov/health-topics/study-quality-assessment-tools","2026-10-04","内容编辑与机制审核，未获逐方向专家签审"
"endocrinology-7","endocrinology","生殖内分泌","研究对象、观察窗口与资料比较条件","metabolic","共享主题模块","代谢测量单位、设备版本与生活方式记录","对照原始单位和记录时段，标明设备更换","连续监测与门诊单次记录被合成了一个指标","不同记录方式不能直接视作同一个暴露","NIH：认识临床研究 [研究方法入门]；NHLBI：研究质量评估工具 [研究方法资料]","https://www.nih.gov/about-nih/science-health-public-trust/tools/understanding-clinical-studies；https://www.nhlbi.nih.gov/health-topics/study-quality-assessment-tools","2026-10-04","内容编辑与机制审核，未获逐方向专家签审"
"endocrinology-8","endocrinology","代谢综合征","研究对象、观察窗口与资料比较条件","metabolic","共享主题模块","代谢测量单位、设备版本与生活方式记录","对照原始单位和记录时段，标明设备更换","连续监测与门诊单次记录被合成了一个指标","不同记录方式不能直接视作同一个暴露","NIH：认识临床研究 [研究方法入门]；NHLBI：研究质量评估工具 [研究方法资料]","https://www.nih.gov/about-nih/science-health-public-trust/tools/understanding-clinical-studies；https://www.nhlbi.nih.gov/health-topics/study-quality-assessment-tools","2026-10-04","内容编辑与机制审核，未获逐方向专家签审"
"endocrinology-9","endocrinology","内分泌遗传","对象关系、参考版本与变异解释","genetic-association","细分核对","变异标识、效应等位基因与祖源构成","对齐等位基因、效应方向和研究人群，区分关联与机制","效应等位基因不同的结果被写成方向冲突","标识和方向核对先于生物学解释，关联不独立证明机制","清华统计与数据科学：科研领域 [学科范围]；NHLBI：研究质量评估工具 [研究方法资料]","https://www.stat.tsinghua.edu.cn/kxyj/kylyy.htm；https://www.nhlbi.nih.gov/health-topics/study-quality-assessment-tools","2026-10-04","内容编辑与机制审核，未获逐方向专家签审"
"endocrinology-10","endocrinology","连续代谢监测","任务或测量条件、重复记录与时间","metabolic","共享主题模块","代谢测量单位、设备版本与生活方式记录","对照原始单位和记录时段，标明设备更换","连续监测与门诊单次记录被合成了一个指标","不同记录方式不能直接视作同一个暴露","NIH：认识临床研究 [研究方法入门]；NHLBI：研究质量评估工具 [研究方法资料]","https://www.nih.gov/about-nih/science-health-public-trust/tools/understanding-clinical-studies；https://www.nhlbi.nih.gov/health-topics/study-quality-assessment-tools","2026-10-04","内容编辑与机制审核，未获逐方向专家签审"
"endocrinology-11","endocrinology","代谢与衰老","阶段、生活条件与功能或体验变化","metabolic","共享主题模块","代谢测量单位、设备版本与生活方式记录","对照原始单位和记录时段，标明设备更换","连续监测与门诊单次记录被合成了一个指标","不同记录方式不能直接视作同一个暴露","NIH：认识临床研究 [研究方法入门]；NHLBI：研究质量评估工具 [研究方法资料]","https://www.nih.gov/about-nih/science-health-public-trust/tools/understanding-clinical-studies；https://www.nhlbi.nih.gov/health-topics/study-quality-assessment-tools","2026-10-04","内容编辑与机制审核，未获逐方向专家签审"
"endocrinology-12","endocrinology","内分泌结局","入组范围、观察时间与未完成随访","metabolic","共享主题模块","代谢测量单位、设备版本与生活方式记录","对照原始单位和记录时段，标明设备更换","连续监测与门诊单次记录被合成了一个指标","不同记录方式不能直接视作同一个暴露","NIH：认识临床研究 [研究方法入门]；NHLBI：研究质量评估工具 [研究方法资料]","https://www.nih.gov/about-nih/science-health-public-trust/tools/understanding-clinical-studies；https://www.nhlbi.nih.gov/health-topics/study-quality-assessment-tools","2026-10-04","内容编辑与机制审核，未获逐方向专家签审"
"nephrology-1","nephrology","慢性肾病","研究对象、观察窗口与资料比较条件","renal","共享主题模块","估计公式、检验时点与转院随访记录","保留公式版本，检查转院后的结局是否缺失","公式更新后，旧值和新值直接连成趋势","公式造成的差异不能写成病程加速","NIH：认识临床研究 [研究方法入门]；NHLBI：研究质量评估工具 [研究方法资料]","https://www.nih.gov/about-nih/science-health-public-trust/tools/understanding-clinical-studies；https://www.nhlbi.nih.gov/health-topics/study-quality-assessment-tools","2026-10-04","内容编辑与机制审核，未获逐方向专家签审"
"nephrology-2","nephrology","急性肾损伤","研究对象、观察窗口与资料比较条件","renal","共享主题模块","估计公式、检验时点与转院随访记录","保留公式版本，检查转院后的结局是否缺失","公式更新后，旧值和新值直接连成趋势","公式造成的差异不能写成病程加速","NIH：认识临床研究 [研究方法入门]；NHLBI：研究质量评估工具 [研究方法资料]","https://www.nih.gov/about-nih/science-health-public-trust/tools/understanding-clinical-studies；https://www.nhlbi.nih.gov/health-topics/study-quality-assessment-tools","2026-10-04","内容编辑与机制审核，未获逐方向专家签审"
"nephrology-3","nephrology","肾小球疾病","研究对象、观察窗口与资料比较条件","renal","共享主题模块","估计公式、检验时点与转院随访记录","保留公式版本，检查转院后的结局是否缺失","公式更新后，旧值和新值直接连成趋势","公式造成的差异不能写成病程加速","NIH：认识临床研究 [研究方法入门]；NHLBI：研究质量评估工具 [研究方法资料]","https://www.nih.gov/about-nih/science-health-public-trust/tools/understanding-clinical-studies；https://www.nhlbi.nih.gov/health-topics/study-quality-assessment-tools","2026-10-04","内容编辑与机制审核，未获逐方向专家签审"
"nephrology-4","nephrology","肾脏病理","测量口径、平台或读者差异","imaging","细分核对","切片来源、个体索引与判读分歧","区分同一个体的多个切片与独立个体，并保留判读分歧","一人的多个切片被当作多位患者评估","切片层面的表现不能直接代表独立患者层面的表现","NIH：认识临床研究 [研究方法入门]；NHLBI：研究质量评估工具 [研究方法资料]","https://www.nih.gov/about-nih/science-health-public-trust/tools/understanding-clinical-studies；https://www.nhlbi.nih.gov/health-topics/study-quality-assessment-tools","2026-10-04","内容编辑与机制审核，未获逐方向专家签审"
"nephrology-5","nephrology","透析结局","入组范围、观察时间与未完成随访","renal","共享主题模块","估计公式、检验时点与转院随访记录","保留公式版本，检查转院后的结局是否缺失","公式更新后，旧值和新值直接连成趋势","公式造成的差异不能写成病程加速","NIH：认识临床研究 [研究方法入门]；NHLBI：研究质量评估工具 [研究方法资料]","https://www.nih.gov/about-nih/science-health-public-trust/tools/understanding-clinical-studies；https://www.nhlbi.nih.gov/health-topics/study-quality-assessment-tools","2026-10-04","内容编辑与机制审核，未获逐方向专家签审"
"nephrology-6","nephrology","肾移植随访","入组范围、观察时间与未完成随访","renal","共享主题模块","估计公式、检验时点与转院随访记录","保留公式版本，检查转院后的结局是否缺失","公式更新后，旧值和新值直接连成趋势","公式造成的差异不能写成病程加速","NIH：认识临床研究 [研究方法入门]；NHLBI：研究质量评估工具 [研究方法资料]","https://www.nih.gov/about-nih/science-health-public-trust/tools/understanding-clinical-studies；https://www.nhlbi.nih.gov/health-topics/study-quality-assessment-tools","2026-10-04","内容编辑与机制审核，未获逐方向专家签审"
"nephrology-7","nephrology","肾脏遗传","对象关系、参考版本与变异解释","genetic-association","细分核对","变异标识、效应等位基因与祖源构成","对齐等位基因、效应方向和研究人群，区分关联与机制","效应等位基因不同的结果被写成方向冲突","标识和方向核对先于生物学解释，关联不独立证明机制","清华统计与数据科学：科研领域 [学科范围]；NHLBI：研究质量评估工具 [研究方法资料]","https://www.stat.tsinghua.edu.cn/kxyj/kylyy.htm；https://www.nhlbi.nih.gov/health-topics/study-quality-assessment-tools","2026-10-04","内容编辑与机制审核，未获逐方向专家签审"
"nephrology-8","nephrology","水盐平衡","研究对象、观察窗口与资料比较条件","renal","共享主题模块","估计公式、检验时点与转院随访记录","保留公式版本，检查转院后的结局是否缺失","公式更新后，旧值和新值直接连成趋势","公式造成的差异不能写成病程加速","NIH：认识临床研究 [研究方法入门]；NHLBI：研究质量评估工具 [研究方法资料]","https://www.nih.gov/about-nih/science-health-public-trust/tools/understanding-clinical-studies；https://www.nhlbi.nih.gov/health-topics/study-quality-assessment-tools","2026-10-04","内容编辑与机制审核，未获逐方向专家签审"
"nephrology-9","nephrology","肾脏影像","对象内重复、平台版本与图像质量","imaging","共享主题模块","设备平台、读者判断与个体索引","按个体划分记录，保留平台版本和读者分歧","一人的多张图像同时进入开发和评估资料","图像数量不能代替独立个体和外部评估","NIH：认识临床研究 [研究方法入门]；NHLBI：研究质量评估工具 [研究方法资料]","https://www.nih.gov/about-nih/science-health-public-trust/tools/understanding-clinical-studies；https://www.nhlbi.nih.gov/health-topics/study-quality-assessment-tools","2026-10-04","内容编辑与机制审核，未获逐方向专家签审"
"nephrology-10","nephrology","肾病营养","阶段、生活条件与功能或体验变化","renal","共享主题模块","估计公式、检验时点与转院随访记录","保留公式版本，检查转院后的结局是否缺失","公式更新后，旧值和新值直接连成趋势","公式造成的差异不能写成病程加速","NIH：认识临床研究 [研究方法入门]；NHLBI：研究质量评估工具 [研究方法资料]","https://www.nih.gov/about-nih/science-health-public-trust/tools/understanding-clinical-studies；https://www.nhlbi.nih.gov/health-topics/study-quality-assessment-tools","2026-10-04","内容编辑与机制审核，未获逐方向专家签审"
"nephrology-11","nephrology","肾脏与心血管","研究对象、观察窗口与资料比较条件","cardiac","细分核对","测量场景、风险分层与随访时点","区分一次测量、稳定暴露与长期结局，保留人群分层","随访期间条件改变仍按最初状态解释全部结果","初始状态不独立代表整个观察期","NIH：认识临床研究 [研究方法入门]；NHLBI：研究质量评估工具 [研究方法资料]","https://www.nih.gov/about-nih/science-health-public-trust/tools/understanding-clinical-studies；https://www.nhlbi.nih.gov/health-topics/study-quality-assessment-tools","2026-10-04","内容编辑与机制审核，未获逐方向专家签审"
"nephrology-12","nephrology","肾脏疾病队列","入组范围、观察时间与未完成随访","renal","共享主题模块","估计公式、检验时点与转院随访记录","保留公式版本，检查转院后的结局是否缺失","公式更新后，旧值和新值直接连成趋势","公式造成的差异不能写成病程加速","NIH：认识临床研究 [研究方法入门]；NHLBI：研究质量评估工具 [研究方法资料]","https://www.nih.gov/about-nih/science-health-public-trust/tools/understanding-clinical-studies；https://www.nhlbi.nih.gov/health-topics/study-quality-assessment-tools","2026-10-04","内容编辑与机制审核，未获逐方向专家签审"
"hematology-1","hematology","造血与干细胞","资料来源、批次与模型范围","hematology","共享主题模块","分型版本、形态复核意见与转诊来源","保留分型更新前后对应表及读者分歧","新转诊来源改变了分型构成","来源构成变化不等于疾病发生变化","NIH：认识临床研究 [研究方法入门]；NHLBI：研究质量评估工具 [研究方法资料]","https://www.nih.gov/about-nih/science-health-public-trust/tools/understanding-clinical-studies；https://www.nhlbi.nih.gov/health-topics/study-quality-assessment-tools","2026-10-04","内容编辑与机制审核，未获逐方向专家签审"
"hematology-2","hematology","贫血研究","研究对象、观察窗口与资料比较条件","hematology","共享主题模块","分型版本、形态复核意见与转诊来源","保留分型更新前后对应表及读者分歧","新转诊来源改变了分型构成","来源构成变化不等于疾病发生变化","NIH：认识临床研究 [研究方法入门]；NHLBI：研究质量评估工具 [研究方法资料]","https://www.nih.gov/about-nih/science-health-public-trust/tools/understanding-clinical-studies；https://www.nhlbi.nih.gov/health-topics/study-quality-assessment-tools","2026-10-04","内容编辑与机制审核，未获逐方向专家签审"
"hematology-3","hematology","凝血与血栓","研究对象、观察窗口与资料比较条件","hematology","共享主题模块","分型版本、形态复核意见与转诊来源","保留分型更新前后对应表及读者分歧","新转诊来源改变了分型构成","来源构成变化不等于疾病发生变化","NIH：认识临床研究 [研究方法入门]；NHLBI：研究质量评估工具 [研究方法资料]","https://www.nih.gov/about-nih/science-health-public-trust/tools/understanding-clinical-studies；https://www.nhlbi.nih.gov/health-topics/study-quality-assessment-tools","2026-10-04","内容编辑与机制审核，未获逐方向专家签审"
"hematology-4","hematology","血液肿瘤","研究对象、观察窗口与资料比较条件","hematology","细分核对","入组条件、分层记录与结局时间轴","区分反应指标、持续时间与患者相关结局","短期指标变化被当成长期获益","替代指标不能无条件代替长期结局","NIH：认识临床研究 [研究方法入门]；NHLBI：研究质量评估工具 [研究方法资料]","https://www.nih.gov/about-nih/science-health-public-trust/tools/understanding-clinical-studies；https://www.nhlbi.nih.gov/health-topics/study-quality-assessment-tools","2026-10-04","内容编辑与机制审核，未获逐方向专家签审"
"hematology-5","hematology","血液形态学","研究对象、观察窗口与资料比较条件","hematology","共享主题模块","分型版本、形态复核意见与转诊来源","保留分型更新前后对应表及读者分歧","新转诊来源改变了分型构成","来源构成变化不等于疾病发生变化","NIH：认识临床研究 [研究方法入门]；NHLBI：研究质量评估工具 [研究方法资料]","https://www.nih.gov/about-nih/science-health-public-trust/tools/understanding-clinical-studies；https://www.nhlbi.nih.gov/health-topics/study-quality-assessment-tools","2026-10-04","内容编辑与机制审核，未获逐方向专家签审"
"hematology-6","hematology","造血移植结局","入组范围、观察时间与未完成随访","hematology","共享主题模块","分型版本、形态复核意见与转诊来源","保留分型更新前后对应表及读者分歧","新转诊来源改变了分型构成","来源构成变化不等于疾病发生变化","NIH：认识临床研究 [研究方法入门]；NHLBI：研究质量评估工具 [研究方法资料]","https://www.nih.gov/about-nih/science-health-public-trust/tools/understanding-clinical-studies；https://www.nhlbi.nih.gov/health-topics/study-quality-assessment-tools","2026-10-04","内容编辑与机制审核，未获逐方向专家签审"
"hematology-7","hematology","血液遗传","对象关系、参考版本与变异解释","genetic-association","细分核对","变异标识、效应等位基因与祖源构成","对齐等位基因、效应方向和研究人群，区分关联与机制","效应等位基因不同的结果被写成方向冲突","标识和方向核对先于生物学解释，关联不独立证明机制","清华统计与数据科学：科研领域 [学科范围]；NHLBI：研究质量评估工具 [研究方法资料]","https://www.stat.tsinghua.edu.cn/kxyj/kylyy.htm；https://www.nhlbi.nih.gov/health-topics/study-quality-assessment-tools","2026-10-04","内容编辑与机制审核，未获逐方向专家签审"
"hematology-8","hematology","血液免疫","资料来源、批次与模型范围","hematology","共享主题模块","分型版本、形态复核意见与转诊来源","保留分型更新前后对应表及读者分歧","新转诊来源改变了分型构成","来源构成变化不等于疾病发生变化","NIH：认识临床研究 [研究方法入门]；NHLBI：研究质量评估工具 [研究方法资料]","https://www.nih.gov/about-nih/science-health-public-trust/tools/understanding-clinical-studies；https://www.nhlbi.nih.gov/health-topics/study-quality-assessment-tools","2026-10-04","内容编辑与机制审核，未获逐方向专家签审"
"hematology-9","hematology","输血质量","研究对象、观察窗口与资料比较条件","hematology","共享主题模块","分型版本、形态复核意见与转诊来源","保留分型更新前后对应表及读者分歧","新转诊来源改变了分型构成","来源构成变化不等于疾病发生变化","NIH：认识临床研究 [研究方法入门]；NHLBI：研究质量评估工具 [研究方法资料]","https://www.nih.gov/about-nih/science-health-public-trust/tools/understanding-clinical-studies；https://www.nhlbi.nih.gov/health-topics/study-quality-assessment-tools","2026-10-04","内容编辑与机制审核，未获逐方向专家签审"
"hematology-10","hematology","血小板研究","研究对象、观察窗口与资料比较条件","hematology","共享主题模块","分型版本、形态复核意见与转诊来源","保留分型更新前后对应表及读者分歧","新转诊来源改变了分型构成","来源构成变化不等于疾病发生变化","NIH：认识临床研究 [研究方法入门]；NHLBI：研究质量评估工具 [研究方法资料]","https://www.nih.gov/about-nih/science-health-public-trust/tools/understanding-clinical-studies；https://www.nhlbi.nih.gov/health-topics/study-quality-assessment-tools","2026-10-04","内容编辑与机制审核，未获逐方向专家签审"
"hematology-11","hematology","血液疾病队列","入组范围、观察时间与未完成随访","hematology","共享主题模块","分型版本、形态复核意见与转诊来源","保留分型更新前后对应表及读者分歧","新转诊来源改变了分型构成","来源构成变化不等于疾病发生变化","NIH：认识临床研究 [研究方法入门]；NHLBI：研究质量评估工具 [研究方法资料]","https://www.nih.gov/about-nih/science-health-public-trust/tools/understanding-clinical-studies；https://www.nhlbi.nih.gov/health-topics/study-quality-assessment-tools","2026-10-04","内容编辑与机制审核，未获逐方向专家签审"
"hematology-12","hematology","血液组学","来源、批次与独立对象","hematology","共享主题模块","分型版本、形态复核意见与转诊来源","保留分型更新前后对应表及读者分歧","新转诊来源改变了分型构成","来源构成变化不等于疾病发生变化","NIH：认识临床研究 [研究方法入门]；NHLBI：研究质量评估工具 [研究方法资料]","https://www.nih.gov/about-nih/science-health-public-trust/tools/understanding-clinical-studies；https://www.nhlbi.nih.gov/health-topics/study-quality-assessment-tools","2026-10-04","内容编辑与机制审核，未获逐方向专家签审"
"rheumatology-1","rheumatology","系统性自身免疫","资料来源、批次与模型范围","rheumatic","共享主题模块","活动度量表、复诊时点与患者报告","区分评分者、症状时段与患者体验","活动度只在复诊时记录，缺诊者的状态未知","复诊记录不能代表所有时段与所有患者","NIH：认识临床研究 [研究方法入门]；NHLBI：研究质量评估工具 [研究方法资料]","https://www.nih.gov/about-nih/science-health-public-trust/tools/understanding-clinical-studies；https://www.nhlbi.nih.gov/health-topics/study-quality-assessment-tools","2026-10-04","内容编辑与机制审核，未获逐方向专家签审"
"rheumatology-2","rheumatology","炎性关节病","研究对象、观察窗口与资料比较条件","rheumatic","共享主题模块","活动度量表、复诊时点与患者报告","区分评分者、症状时段与患者体验","活动度只在复诊时记录，缺诊者的状态未知","复诊记录不能代表所有时段与所有患者","NIH：认识临床研究 [研究方法入门]；NHLBI：研究质量评估工具 [研究方法资料]","https://www.nih.gov/about-nih/science-health-public-trust/tools/understanding-clinical-studies；https://www.nhlbi.nih.gov/health-topics/study-quality-assessment-tools","2026-10-04","内容编辑与机制审核，未获逐方向专家签审"
"rheumatology-3","rheumatology","结缔组织病","资料来源、批次与模型范围","rheumatic","共享主题模块","活动度量表、复诊时点与患者报告","区分评分者、症状时段与患者体验","活动度只在复诊时记录，缺诊者的状态未知","复诊记录不能代表所有时段与所有患者","NIH：认识临床研究 [研究方法入门]；NHLBI：研究质量评估工具 [研究方法资料]","https://www.nih.gov/about-nih/science-health-public-trust/tools/understanding-clinical-studies；https://www.nhlbi.nih.gov/health-topics/study-quality-assessment-tools","2026-10-04","内容编辑与机制审核，未获逐方向专家签审"
"rheumatology-4","rheumatology","风湿影像","对象内重复、平台版本与图像质量","rheumatic","共享主题模块","活动度量表、复诊时点与患者报告","区分评分者、症状时段与患者体验","活动度只在复诊时记录，缺诊者的状态未知","复诊记录不能代表所有时段与所有患者","NIH：认识临床研究 [研究方法入门]；NHLBI：研究质量评估工具 [研究方法资料]","https://www.nih.gov/about-nih/science-health-public-trust/tools/understanding-clinical-studies；https://www.nhlbi.nih.gov/health-topics/study-quality-assessment-tools","2026-10-04","内容编辑与机制审核，未获逐方向专家签审"
"rheumatology-5","rheumatology","自身抗体研究","研究对象、观察窗口与资料比较条件","rheumatic","共享主题模块","活动度量表、复诊时点与患者报告","区分评分者、症状时段与患者体验","活动度只在复诊时记录，缺诊者的状态未知","复诊记录不能代表所有时段与所有患者","NIH：认识临床研究 [研究方法入门]；NHLBI：研究质量评估工具 [研究方法资料]","https://www.nih.gov/about-nih/science-health-public-trust/tools/understanding-clinical-studies；https://www.nhlbi.nih.gov/health-topics/study-quality-assessment-tools","2026-10-04","内容编辑与机制审核，未获逐方向专家签审"
"rheumatology-6","rheumatology","疾病活动度","研究对象、观察窗口与资料比较条件","rheumatic","共享主题模块","活动度量表、复诊时点与患者报告","区分评分者、症状时段与患者体验","活动度只在复诊时记录，缺诊者的状态未知","复诊记录不能代表所有时段与所有患者","NIH：认识临床研究 [研究方法入门]；NHLBI：研究质量评估工具 [研究方法资料]","https://www.nih.gov/about-nih/science-health-public-trust/tools/understanding-clinical-studies；https://www.nhlbi.nih.gov/health-topics/study-quality-assessment-tools","2026-10-04","内容编辑与机制审核，未获逐方向专家签审"
"rheumatology-7","rheumatology","风湿病康复","阶段、生活条件与功能或体验变化","rheumatic","共享主题模块","活动度量表、复诊时点与患者报告","区分评分者、症状时段与患者体验","活动度只在复诊时记录，缺诊者的状态未知","复诊记录不能代表所有时段与所有患者","NIH：认识临床研究 [研究方法入门]；NHLBI：研究质量评估工具 [研究方法资料]","https://www.nih.gov/about-nih/science-health-public-trust/tools/understanding-clinical-studies；https://www.nhlbi.nih.gov/health-topics/study-quality-assessment-tools","2026-10-04","内容编辑与机制审核，未获逐方向专家签审"
"rheumatology-8","rheumatology","免疫相关结局","入组范围、观察时间与未完成随访","rheumatic","共享主题模块","活动度量表、复诊时点与患者报告","区分评分者、症状时段与患者体验","活动度只在复诊时记录，缺诊者的状态未知","复诊记录不能代表所有时段与所有患者","NIH：认识临床研究 [研究方法入门]；NHLBI：研究质量评估工具 [研究方法资料]","https://www.nih.gov/about-nih/science-health-public-trust/tools/understanding-clinical-studies；https://www.nhlbi.nih.gov/health-topics/study-quality-assessment-tools","2026-10-04","内容编辑与机制审核，未获逐方向专家签审"
"rheumatology-9","rheumatology","生活质量","测量含义、填答者与时间窗口","rheumatic","共享主题模块","活动度量表、复诊时点与患者报告","区分评分者、症状时段与患者体验","活动度只在复诊时记录，缺诊者的状态未知","复诊记录不能代表所有时段与所有患者","NIH：认识临床研究 [研究方法入门]；NHLBI：研究质量评估工具 [研究方法资料]","https://www.nih.gov/about-nih/science-health-public-trust/tools/understanding-clinical-studies；https://www.nhlbi.nih.gov/health-topics/study-quality-assessment-tools","2026-10-04","内容编辑与机制审核，未获逐方向专家签审"
"rheumatology-10","rheumatology","风湿遗传","对象关系、参考版本与变异解释","rheumatic","共享主题模块","活动度量表、复诊时点与患者报告","区分评分者、症状时段与患者体验","活动度只在复诊时记录，缺诊者的状态未知","复诊记录不能代表所有时段与所有患者","NIH：认识临床研究 [研究方法入门]；NHLBI：研究质量评估工具 [研究方法资料]","https://www.nih.gov/about-nih/science-health-public-trust/tools/understanding-clinical-studies；https://www.nhlbi.nih.gov/health-topics/study-quality-assessment-tools","2026-10-04","内容编辑与机制审核，未获逐方向专家签审"
"rheumatology-11","rheumatology","风湿病队列","入组范围、观察时间与未完成随访","rheumatic","共享主题模块","活动度量表、复诊时点与患者报告","区分评分者、症状时段与患者体验","活动度只在复诊时记录，缺诊者的状态未知","复诊记录不能代表所有时段与所有患者","NIH：认识临床研究 [研究方法入门]；NHLBI：研究质量评估工具 [研究方法资料]","https://www.nih.gov/about-nih/science-health-public-trust/tools/understanding-clinical-studies；https://www.nhlbi.nih.gov/health-topics/study-quality-assessment-tools","2026-10-04","内容编辑与机制审核，未获逐方向专家签审"
"rheumatology-12","rheumatology","患者报告结局","入组范围、观察时间与未完成随访","rheumatic","共享主题模块","活动度量表、复诊时点与患者报告","区分评分者、症状时段与患者体验","活动度只在复诊时记录，缺诊者的状态未知","复诊记录不能代表所有时段与所有患者","NIH：认识临床研究 [研究方法入门]；NHLBI：研究质量评估工具 [研究方法资料]","https://www.nih.gov/about-nih/science-health-public-trust/tools/understanding-clinical-studies；https://www.nhlbi.nih.gov/health-topics/study-quality-assessment-tools","2026-10-04","内容编辑与机制审核，未获逐方向专家签审"
"neurology-1","neurology","脑血管病","研究对象、观察窗口与资料比较条件","neuro","共享主题模块","影像分区版本、任务记录与功能量表","按个体核对时点，区分软件变化和练习效应","重复评估后的熟悉度被当成认知改善","量表变化不能独立定位神经机制","NIH：认识临床研究 [研究方法入门]；NHLBI：研究质量评估工具 [研究方法资料]","https://www.nih.gov/about-nih/science-health-public-trust/tools/understanding-clinical-studies；https://www.nhlbi.nih.gov/health-topics/study-quality-assessment-tools","2026-10-04","内容编辑与机制审核，未获逐方向专家签审"
"neurology-2","neurology","神经退行性疾病","研究对象、观察窗口与资料比较条件","neuro","共享主题模块","影像分区版本、任务记录与功能量表","按个体核对时点，区分软件变化和练习效应","重复评估后的熟悉度被当成认知改善","量表变化不能独立定位神经机制","NIH：认识临床研究 [研究方法入门]；NHLBI：研究质量评估工具 [研究方法资料]","https://www.nih.gov/about-nih/science-health-public-trust/tools/understanding-clinical-studies；https://www.nhlbi.nih.gov/health-topics/study-quality-assessment-tools","2026-10-04","内容编辑与机制审核，未获逐方向专家签审"
"neurology-3","neurology","癫痫研究","研究对象、观察窗口与资料比较条件","neuro","共享主题模块","影像分区版本、任务记录与功能量表","按个体核对时点，区分软件变化和练习效应","重复评估后的熟悉度被当成认知改善","量表变化不能独立定位神经机制","NIH：认识临床研究 [研究方法入门]；NHLBI：研究质量评估工具 [研究方法资料]","https://www.nih.gov/about-nih/science-health-public-trust/tools/understanding-clinical-studies；https://www.nhlbi.nih.gov/health-topics/study-quality-assessment-tools","2026-10-04","内容编辑与机制审核，未获逐方向专家签审"
"neurology-4","neurology","认知障碍","研究对象、观察窗口与资料比较条件","neuro","共享主题模块","影像分区版本、任务记录与功能量表","按个体核对时点，区分软件变化和练习效应","重复评估后的熟悉度被当成认知改善","量表变化不能独立定位神经机制","NIH：认识临床研究 [研究方法入门]；NHLBI：研究质量评估工具 [研究方法资料]","https://www.nih.gov/about-nih/science-health-public-trust/tools/understanding-clinical-studies；https://www.nhlbi.nih.gov/health-topics/study-quality-assessment-tools","2026-10-04","内容编辑与机制审核，未获逐方向专家签审"
"neurology-5","neurology","运动障碍","研究对象、观察窗口与资料比较条件","neuro","共享主题模块","影像分区版本、任务记录与功能量表","按个体核对时点，区分软件变化和练习效应","重复评估后的熟悉度被当成认知改善","量表变化不能独立定位神经机制","NIH：认识临床研究 [研究方法入门]；NHLBI：研究质量评估工具 [研究方法资料]","https://www.nih.gov/about-nih/science-health-public-trust/tools/understanding-clinical-studies；https://www.nhlbi.nih.gov/health-topics/study-quality-assessment-tools","2026-10-04","内容编辑与机制审核，未获逐方向专家签审"
"neurology-6","neurology","神经影像","对象内重复、平台版本与图像质量","imaging","共享主题模块","设备平台、读者判断与个体索引","按个体划分记录，保留平台版本和读者分歧","一人的多张图像同时进入开发和评估资料","图像数量不能代替独立个体和外部评估","NIH：认识临床研究 [研究方法入门]；NHLBI：研究质量评估工具 [研究方法资料]","https://www.nih.gov/about-nih/science-health-public-trust/tools/understanding-clinical-studies；https://www.nhlbi.nih.gov/health-topics/study-quality-assessment-tools","2026-10-04","内容编辑与机制审核，未获逐方向专家签审"
"neurology-7","neurology","神经电生理","任务或测量条件、重复记录与时间","rhythm","细分核对","监测时长、事件判定规则与症状日记","分别核对监测覆盖、事件判定与症状出现时间","症状日记中的不适被直接计作已经捕获的心律事件","主观症状、仪器捕获与临床解释需要分别对应","NIH：认识临床研究 [研究方法入门]；NHLBI：研究质量评估工具 [研究方法资料]","https://www.nih.gov/about-nih/science-health-public-trust/tools/understanding-clinical-studies；https://www.nhlbi.nih.gov/health-topics/study-quality-assessment-tools","2026-10-04","内容编辑与机制审核，未获逐方向专家签审"
"neurology-8","neurology","神经遗传","对象关系、参考版本与变异解释","genetic-association","细分核对","变异标识、效应等位基因与祖源构成","对齐等位基因、效应方向和研究人群，区分关联与机制","效应等位基因不同的结果被写成方向冲突","标识和方向核对先于生物学解释，关联不独立证明机制","清华统计与数据科学：科研领域 [学科范围]；NHLBI：研究质量评估工具 [研究方法资料]","https://www.stat.tsinghua.edu.cn/kxyj/kylyy.htm；https://www.nhlbi.nih.gov/health-topics/study-quality-assessment-tools","2026-10-04","内容编辑与机制审核，未获逐方向专家签审"
"neurology-9","neurology","头痛研究","研究对象、观察窗口与资料比较条件","neuro","共享主题模块","影像分区版本、任务记录与功能量表","按个体核对时点，区分软件变化和练习效应","重复评估后的熟悉度被当成认知改善","量表变化不能独立定位神经机制","NIH：认识临床研究 [研究方法入门]；NHLBI：研究质量评估工具 [研究方法资料]","https://www.nih.gov/about-nih/science-health-public-trust/tools/understanding-clinical-studies；https://www.nhlbi.nih.gov/health-topics/study-quality-assessment-tools","2026-10-04","内容编辑与机制审核，未获逐方向专家签审"
"neurology-10","neurology","睡眠神经科学","研究对象、观察窗口与资料比较条件","neuro","共享主题模块","影像分区版本、任务记录与功能量表","按个体核对时点，区分软件变化和练习效应","重复评估后的熟悉度被当成认知改善","量表变化不能独立定位神经机制","NIH：认识临床研究 [研究方法入门]；NHLBI：研究质量评估工具 [研究方法资料]","https://www.nih.gov/about-nih/science-health-public-trust/tools/understanding-clinical-studies；https://www.nhlbi.nih.gov/health-topics/study-quality-assessment-tools","2026-10-04","内容编辑与机制审核，未获逐方向专家签审"
"neurology-11","neurology","神经康复","阶段、生活条件与功能或体验变化","neuro","共享主题模块","影像分区版本、任务记录与功能量表","按个体核对时点，区分软件变化和练习效应","重复评估后的熟悉度被当成认知改善","量表变化不能独立定位神经机制","NIH：认识临床研究 [研究方法入门]；NHLBI：研究质量评估工具 [研究方法资料]","https://www.nih.gov/about-nih/science-health-public-trust/tools/understanding-clinical-studies；https://www.nhlbi.nih.gov/health-topics/study-quality-assessment-tools","2026-10-04","内容编辑与机制审核，未获逐方向专家签审"
"neurology-12","neurology","神经疾病队列","入组范围、观察时间与未完成随访","neuro","共享主题模块","影像分区版本、任务记录与功能量表","按个体核对时点，区分软件变化和练习效应","重复评估后的熟悉度被当成认知改善","量表变化不能独立定位神经机制","NIH：认识临床研究 [研究方法入门]；NHLBI：研究质量评估工具 [研究方法资料]","https://www.nih.gov/about-nih/science-health-public-trust/tools/understanding-clinical-studies；https://www.nhlbi.nih.gov/health-topics/study-quality-assessment-tools","2026-10-04","内容编辑与机制审核，未获逐方向专家签审"
"infectious-1","infectious","感染疾病队列","入组范围、观察时间与未完成随访","infection","共享主题模块","转诊构成、编码版本与公开队列记录","核对登记定义与入组时期，不把编码变化当趋势","编码规则改变却没有留在时间轴上","病例登记变化不直接等于真实发生率变化","NIH：认识临床研究 [研究方法入门]；NHLBI：研究质量评估工具 [研究方法资料]","https://www.nih.gov/about-nih/science-health-public-trust/tools/understanding-clinical-studies；https://www.nhlbi.nih.gov/health-topics/study-quality-assessment-tools","2026-10-04","内容编辑与机制审核，未获逐方向专家签审"
"infectious-2","infectious","宿主反应","研究对象、观察窗口与资料比较条件","infection","共享主题模块","转诊构成、编码版本与公开队列记录","核对登记定义与入组时期，不把编码变化当趋势","编码规则改变却没有留在时间轴上","病例登记变化不直接等于真实发生率变化","NIH：认识临床研究 [研究方法入门]；NHLBI：研究质量评估工具 [研究方法资料]","https://www.nih.gov/about-nih/science-health-public-trust/tools/understanding-clinical-studies；https://www.nhlbi.nih.gov/health-topics/study-quality-assessment-tools","2026-10-04","内容编辑与机制审核，未获逐方向专家签审"
"infectious-3","infectious","感染疾病影像","对象内重复、平台版本与图像质量","imaging","共享主题模块","设备平台、读者判断与个体索引","按个体划分记录，保留平台版本和读者分歧","一人的多张图像同时进入开发和评估资料","图像数量不能代替独立个体和外部评估","NIH：认识临床研究 [研究方法入门]；NHLBI：研究质量评估工具 [研究方法资料]","https://www.nih.gov/about-nih/science-health-public-trust/tools/understanding-clinical-studies；https://www.nhlbi.nih.gov/health-topics/study-quality-assessment-tools","2026-10-04","内容编辑与机制审核，未获逐方向专家签审"
"infectious-4","infectious","感染结局","入组范围、观察时间与未完成随访","infection","共享主题模块","转诊构成、编码版本与公开队列记录","核对登记定义与入组时期，不把编码变化当趋势","编码规则改变却没有留在时间轴上","病例登记变化不直接等于真实发生率变化","NIH：认识临床研究 [研究方法入门]；NHLBI：研究质量评估工具 [研究方法资料]","https://www.nih.gov/about-nih/science-health-public-trust/tools/understanding-clinical-studies；https://www.nhlbi.nih.gov/health-topics/study-quality-assessment-tools","2026-10-04","内容编辑与机制审核，未获逐方向专家签审"
"infectious-5","infectious","抗感染药物结局","入组范围、观察时间与未完成随访","infection","共享主题模块","转诊构成、编码版本与公开队列记录","核对登记定义与入组时期，不把编码变化当趋势","编码规则改变却没有留在时间轴上","病例登记变化不直接等于真实发生率变化","NIH：认识临床研究 [研究方法入门]；NHLBI：研究质量评估工具 [研究方法资料]","https://www.nih.gov/about-nih/science-health-public-trust/tools/understanding-clinical-studies；https://www.nhlbi.nih.gov/health-topics/study-quality-assessment-tools","2026-10-04","内容编辑与机制审核，未获逐方向专家签审"
"infectious-6","infectious","诊断资料评价","研究对象、观察窗口与资料比较条件","infection","共享主题模块","转诊构成、编码版本与公开队列记录","核对登记定义与入组时期，不把编码变化当趋势","编码规则改变却没有留在时间轴上","病例登记变化不直接等于真实发生率变化","NIH：认识临床研究 [研究方法入门]；NHLBI：研究质量评估工具 [研究方法资料]","https://www.nih.gov/about-nih/science-health-public-trust/tools/understanding-clinical-studies；https://www.nhlbi.nih.gov/health-topics/study-quality-assessment-tools","2026-10-04","内容编辑与机制审核，未获逐方向专家签审"
"infectious-7","infectious","院内质量改进","研究对象、观察窗口与资料比较条件","infection","共享主题模块","转诊构成、编码版本与公开队列记录","核对登记定义与入组时期，不把编码变化当趋势","编码规则改变却没有留在时间轴上","病例登记变化不直接等于真实发生率变化","NIH：认识临床研究 [研究方法入门]；NHLBI：研究质量评估工具 [研究方法资料]","https://www.nih.gov/about-nih/science-health-public-trust/tools/understanding-clinical-studies；https://www.nhlbi.nih.gov/health-topics/study-quality-assessment-tools","2026-10-04","内容编辑与机制审核，未获逐方向专家签审"
"infectious-8","infectious","长期随访","入组范围、观察时间与未完成随访","infection","共享主题模块","转诊构成、编码版本与公开队列记录","核对登记定义与入组时期，不把编码变化当趋势","编码规则改变却没有留在时间轴上","病例登记变化不直接等于真实发生率变化","NIH：认识临床研究 [研究方法入门]；NHLBI：研究质量评估工具 [研究方法资料]","https://www.nih.gov/about-nih/science-health-public-trust/tools/understanding-clinical-studies；https://www.nhlbi.nih.gov/health-topics/study-quality-assessment-tools","2026-10-04","内容编辑与机制审核，未获逐方向专家签审"
"infectious-9","infectious","感染与慢性病","研究对象、观察窗口与资料比较条件","infection","共享主题模块","转诊构成、编码版本与公开队列记录","核对登记定义与入组时期，不把编码变化当趋势","编码规则改变却没有留在时间轴上","病例登记变化不直接等于真实发生率变化","NIH：认识临床研究 [研究方法入门]；NHLBI：研究质量评估工具 [研究方法资料]","https://www.nih.gov/about-nih/science-health-public-trust/tools/understanding-clinical-studies；https://www.nhlbi.nih.gov/health-topics/study-quality-assessment-tools","2026-10-04","内容编辑与机制审核，未获逐方向专家签审"
"infectious-10","infectious","公共卫生协作","群体范围、信息来源与比较条件","population","共享主题模块","登记分母、调查框与健康服务记录","先核对覆盖人口与时期，再比较比例","宣传活动后登记入口增加，被误写成风险突然升高","登记或问卷结果需要覆盖范围和选择过程的限定","NIH：认识临床研究 [研究方法入门]；NHLBI：研究质量评估工具 [研究方法资料]","https://www.nih.gov/about-nih/science-health-public-trust/tools/understanding-clinical-studies；https://www.nhlbi.nih.gov/health-topics/study-quality-assessment-tools","2026-10-04","内容编辑与机制审核，未获逐方向专家签审"
"infectious-11","infectious","健康传播","群体范围、信息来源与比较条件","population","共享主题模块","登记分母、调查框与健康服务记录","先核对覆盖人口与时期，再比较比例","宣传活动后登记入口增加，被误写成风险突然升高","登记或问卷结果需要覆盖范围和选择过程的限定","NIH：认识临床研究 [研究方法入门]；NHLBI：研究质量评估工具 [研究方法资料]","https://www.nih.gov/about-nih/science-health-public-trust/tools/understanding-clinical-studies；https://www.nhlbi.nih.gov/health-topics/study-quality-assessment-tools","2026-10-04","内容编辑与机制审核，未获逐方向专家签审"
"infectious-12","infectious","医疗服务评价","目标、执行层次与受益差异","health-services","共享主题模块","服务路径、支付口径与使用者反馈","分开服务可及、使用与结果，核对就医选择","使用服务的人原本就更容易获得后续随访","服务使用差异不能直接视作服务效果","NINR：护理研究优先领域 [学科范围]；NHLBI：研究质量评估工具 [研究方法资料]","https://www.ninr.nih.gov/research/priority-areas；https://www.nhlbi.nih.gov/health-topics/study-quality-assessment-tools","2026-10-04","内容编辑与机制审核，未获逐方向专家签审"
"geriatrics-1","geriatrics","衰弱研究","研究对象、观察窗口与资料比较条件","life-course","共享主题模块","年龄窗口、照护者填答与阶段随访记录","按年龄和填答者区分量表，核对阶段转换","照护者代填与本人填答被混为同一体验","跨年龄或跨填答者比较需要另外说明可比性","NIH：认识临床研究 [研究方法入门]；NHLBI：研究质量评估工具 [研究方法资料]","https://www.nih.gov/about-nih/science-health-public-trust/tools/understanding-clinical-studies；https://www.nhlbi.nih.gov/health-topics/study-quality-assessment-tools","2026-10-04","内容编辑与机制审核，未获逐方向专家签审"
"geriatrics-2","geriatrics","多病共存","研究对象、观察窗口与资料比较条件","life-course","共享主题模块","年龄窗口、照护者填答与阶段随访记录","按年龄和填答者区分量表，核对阶段转换","照护者代填与本人填答被混为同一体验","跨年龄或跨填答者比较需要另外说明可比性","NIH：认识临床研究 [研究方法入门]；NHLBI：研究质量评估工具 [研究方法资料]","https://www.nih.gov/about-nih/science-health-public-trust/tools/understanding-clinical-studies；https://www.nhlbi.nih.gov/health-topics/study-quality-assessment-tools","2026-10-04","内容编辑与机制审核，未获逐方向专家签审"
"geriatrics-3","geriatrics","认知与功能","任务或测量条件、重复记录与时间","psychology","共享主题模块","任务说明、构念定义与被试反应记录","核对任务操纵与测量含义，保留练习顺序","中途改过指导语，却把前后得分直接合并","任务指标不能直接等同于完整心理构念","北京师范大学：课程与教学研究方向 [学科范围]；NHLBI：研究质量评估工具 [研究方法资料]","https://cter.bnu.edu.cn/docs/2024-05/e0d9749ec02e425eb45aa96fefdadc2a.pdf；https://www.nhlbi.nih.gov/health-topics/study-quality-assessment-tools","2026-10-04","内容编辑与机制审核，未获逐方向专家签审"
"geriatrics-4","geriatrics","老年营养","阶段、生活条件与功能或体验变化","life-course","共享主题模块","年龄窗口、照护者填答与阶段随访记录","按年龄和填答者区分量表，核对阶段转换","照护者代填与本人填答被混为同一体验","跨年龄或跨填答者比较需要另外说明可比性","NIH：认识临床研究 [研究方法入门]；NHLBI：研究质量评估工具 [研究方法资料]","https://www.nih.gov/about-nih/science-health-public-trust/tools/understanding-clinical-studies；https://www.nhlbi.nih.gov/health-topics/study-quality-assessment-tools","2026-10-04","内容编辑与机制审核，未获逐方向专家签审"
"geriatrics-5","geriatrics","老年药物结局","入组范围、观察时间与未完成随访","life-course","共享主题模块","年龄窗口、照护者填答与阶段随访记录","按年龄和填答者区分量表，核对阶段转换","照护者代填与本人填答被混为同一体验","跨年龄或跨填答者比较需要另外说明可比性","NIH：认识临床研究 [研究方法入门]；NHLBI：研究质量评估工具 [研究方法资料]","https://www.nih.gov/about-nih/science-health-public-trust/tools/understanding-clinical-studies；https://www.nhlbi.nih.gov/health-topics/study-quality-assessment-tools","2026-10-04","内容编辑与机制审核，未获逐方向专家签审"
"geriatrics-6","geriatrics","长期照护","入组范围、观察时间与未完成随访","nursing","共享主题模块","班次交接表、护理过程与患者体验记录","区分护理实施、交班记录和患者报告","交班表写了完成，患者记录却没有同一时段的反馈","流程完成不等于患者体验改善","NINR：护理研究优先领域 [学科范围]；NHLBI：研究质量评估工具 [研究方法资料]","https://www.ninr.nih.gov/research/priority-areas；https://www.nhlbi.nih.gov/health-topics/study-quality-assessment-tools","2026-10-04","内容编辑与机制审核，未获逐方向专家签审"
"geriatrics-7","geriatrics","跌倒风险研究","研究对象、观察窗口与资料比较条件","life-course","共享主题模块","年龄窗口、照护者填答与阶段随访记录","按年龄和填答者区分量表，核对阶段转换","照护者代填与本人填答被混为同一体验","跨年龄或跨填答者比较需要另外说明可比性","NIH：认识临床研究 [研究方法入门]；NHLBI：研究质量评估工具 [研究方法资料]","https://www.nih.gov/about-nih/science-health-public-trust/tools/understanding-clinical-studies；https://www.nhlbi.nih.gov/health-topics/study-quality-assessment-tools","2026-10-04","内容编辑与机制审核，未获逐方向专家签审"
"geriatrics-8","geriatrics","老年康复","阶段、生活条件与功能或体验变化","life-course","共享主题模块","年龄窗口、照护者填答与阶段随访记录","按年龄和填答者区分量表，核对阶段转换","照护者代填与本人填答被混为同一体验","跨年龄或跨填答者比较需要另外说明可比性","NIH：认识临床研究 [研究方法入门]；NHLBI：研究质量评估工具 [研究方法资料]","https://www.nih.gov/about-nih/science-health-public-trust/tools/understanding-clinical-studies；https://www.nhlbi.nih.gov/health-topics/study-quality-assessment-tools","2026-10-04","内容编辑与机制审核，未获逐方向专家签审"
"geriatrics-9","geriatrics","生活质量","测量含义、填答者与时间窗口","measurement-scale","共享主题模块","条目版本、填答者与缺失条目","先确认量表含义和适用对象，再比较总分","删去不同条目后仍沿用原来总分的解释","总分相同不保证测量的内容相同","NHLBI：研究质量评估工具 [研究方法资料]","https://www.nhlbi.nih.gov/health-topics/study-quality-assessment-tools","2026-10-04","内容编辑与机制审核，未获逐方向专家签审"
"geriatrics-10","geriatrics","健康寿命","阶段、生活条件与功能或体验变化","life-course","共享主题模块","年龄窗口、照护者填答与阶段随访记录","按年龄和填答者区分量表，核对阶段转换","照护者代填与本人填答被混为同一体验","跨年龄或跨填答者比较需要另外说明可比性","NIH：认识临床研究 [研究方法入门]；NHLBI：研究质量评估工具 [研究方法资料]","https://www.nih.gov/about-nih/science-health-public-trust/tools/understanding-clinical-studies；https://www.nhlbi.nih.gov/health-topics/study-quality-assessment-tools","2026-10-04","内容编辑与机制审核，未获逐方向专家签审"
"geriatrics-11","geriatrics","家庭照护","研究对象、观察窗口与资料比较条件","nursing","细分核对","照护场景、家庭支持与患者报告记录","对照照护实际实施、家庭条件和报告人的身份","家属代填的感受被直接当成患者本人体验","代理报告和本人报告不能无说明地混为同一结局","NINR：护理研究优先领域 [学科范围]；NHLBI：研究质量评估工具 [研究方法资料]","https://www.ninr.nih.gov/research/priority-areas；https://www.nhlbi.nih.gov/health-topics/study-quality-assessment-tools","2026-10-04","内容编辑与机制审核，未获逐方向专家签审"
"geriatrics-12","geriatrics","老年疾病队列","入组范围、观察时间与未完成随访","life-course","共享主题模块","年龄窗口、照护者填答与阶段随访记录","按年龄和填答者区分量表，核对阶段转换","照护者代填与本人填答被混为同一体验","跨年龄或跨填答者比较需要另外说明可比性","NIH：认识临床研究 [研究方法入门]；NHLBI：研究质量评估工具 [研究方法资料]","https://www.nih.gov/about-nih/science-health-public-trust/tools/understanding-clinical-studies；https://www.nhlbi.nih.gov/health-topics/study-quality-assessment-tools","2026-10-04","内容编辑与机制审核，未获逐方向专家签审"
"general-surgery-1","general-surgery","胃肠外科结局","入组范围、观察时间与未完成随访","digestive","共享主题模块","内镜描述、病理索引与饮食记录","保留同一人的不同检查日期，核对报告术语","饮食记录漏了周末，检查报告也换过模板","一次检查和一段生活记录不能共同证明长期过程","NIH：认识临床研究 [研究方法入门]；NHLBI：研究质量评估工具 [研究方法资料]","https://www.nih.gov/about-nih/science-health-public-trust/tools/understanding-clinical-studies；https://www.nhlbi.nih.gov/health-topics/study-quality-assessment-tools","2026-10-04","内容编辑与机制审核，未获逐方向专家签审"
"general-surgery-2","general-surgery","肝胆外科结局","入组范围、观察时间与未完成随访","digestive","共享主题模块","内镜描述、病理索引与饮食记录","保留同一人的不同检查日期，核对报告术语","饮食记录漏了周末，检查报告也换过模板","一次检查和一段生活记录不能共同证明长期过程","NIH：认识临床研究 [研究方法入门]；NHLBI：研究质量评估工具 [研究方法资料]","https://www.nih.gov/about-nih/science-health-public-trust/tools/understanding-clinical-studies；https://www.nhlbi.nih.gov/health-topics/study-quality-assessment-tools","2026-10-04","内容编辑与机制审核，未获逐方向专家签审"
"general-surgery-3","general-surgery","胰腺外科研究","研究对象、观察窗口与资料比较条件","digestive","共享主题模块","内镜描述、病理索引与饮食记录","保留同一人的不同检查日期，核对报告术语","饮食记录漏了周末，检查报告也换过模板","一次检查和一段生活记录不能共同证明长期过程","NIH：认识临床研究 [研究方法入门]；NHLBI：研究质量评估工具 [研究方法资料]","https://www.nih.gov/about-nih/science-health-public-trust/tools/understanding-clinical-studies；https://www.nhlbi.nih.gov/health-topics/study-quality-assessment-tools","2026-10-04","内容编辑与机制审核，未获逐方向专家签审"
"general-surgery-4","general-surgery","甲状腺外科","研究对象、观察窗口与资料比较条件","metabolic","共享主题模块","代谢测量单位、设备版本与生活方式记录","对照原始单位和记录时段，标明设备更换","连续监测与门诊单次记录被合成了一个指标","不同记录方式不能直接视作同一个暴露","NIH：认识临床研究 [研究方法入门]；NHLBI：研究质量评估工具 [研究方法资料]","https://www.nih.gov/about-nih/science-health-public-trust/tools/understanding-clinical-studies；https://www.nhlbi.nih.gov/health-topics/study-quality-assessment-tools","2026-10-04","内容编辑与机制审核，未获逐方向专家签审"
"general-surgery-5","general-surgery","乳腺外科","研究对象、观察窗口与资料比较条件","surgery","共享主题模块","过程记录、处置时间轴与结局定义","区分术前状态、过程环节与术后观察","同一个并发事件在两个表里用了不同定义","过程先后不能独立证明某个环节造成结局","NIH：认识临床研究 [研究方法入门]；NHLBI：研究质量评估工具 [研究方法资料]","https://www.nih.gov/about-nih/science-health-public-trust/tools/understanding-clinical-studies；https://www.nhlbi.nih.gov/health-topics/study-quality-assessment-tools","2026-10-04","内容编辑与机制审核，未获逐方向专家签审"
"general-surgery-6","general-surgery","疝与腹壁","研究对象、观察窗口与资料比较条件","surgery","共享主题模块","过程记录、处置时间轴与结局定义","区分术前状态、过程环节与术后观察","同一个并发事件在两个表里用了不同定义","过程先后不能独立证明某个环节造成结局","NIH：认识临床研究 [研究方法入门]；NHLBI：研究质量评估工具 [研究方法资料]","https://www.nih.gov/about-nih/science-health-public-trust/tools/understanding-clinical-studies；https://www.nhlbi.nih.gov/health-topics/study-quality-assessment-tools","2026-10-04","内容编辑与机制审核，未获逐方向专家签审"
"general-surgery-7","general-surgery","围术期质量","研究对象、观察窗口与资料比较条件","surgery","共享主题模块","过程记录、处置时间轴与结局定义","区分术前状态、过程环节与术后观察","同一个并发事件在两个表里用了不同定义","过程先后不能独立证明某个环节造成结局","NIH：认识临床研究 [研究方法入门]；NHLBI：研究质量评估工具 [研究方法资料]","https://www.nih.gov/about-nih/science-health-public-trust/tools/understanding-clinical-studies；https://www.nhlbi.nih.gov/health-topics/study-quality-assessment-tools","2026-10-04","内容编辑与机制审核，未获逐方向专家签审"
"general-surgery-8","general-surgery","外科营养","阶段、生活条件与功能或体验变化","surgery","共享主题模块","过程记录、处置时间轴与结局定义","区分术前状态、过程环节与术后观察","同一个并发事件在两个表里用了不同定义","过程先后不能独立证明某个环节造成结局","NIH：认识临床研究 [研究方法入门]；NHLBI：研究质量评估工具 [研究方法资料]","https://www.nih.gov/about-nih/science-health-public-trust/tools/understanding-clinical-studies；https://www.nhlbi.nih.gov/health-topics/study-quality-assessment-tools","2026-10-04","内容编辑与机制审核，未获逐方向专家签审"
"general-surgery-9","general-surgery","外科影像","对象内重复、平台版本与图像质量","imaging","共享主题模块","设备平台、读者判断与个体索引","按个体划分记录，保留平台版本和读者分歧","一人的多张图像同时进入开发和评估资料","图像数量不能代替独立个体和外部评估","NIH：认识临床研究 [研究方法入门]；NHLBI：研究质量评估工具 [研究方法资料]","https://www.nih.gov/about-nih/science-health-public-trust/tools/understanding-clinical-studies；https://www.nhlbi.nih.gov/health-topics/study-quality-assessment-tools","2026-10-04","内容编辑与机制审核，未获逐方向专家签审"
"general-surgery-10","general-surgery","外科随访","入组范围、观察时间与未完成随访","surgery","共享主题模块","过程记录、处置时间轴与结局定义","区分术前状态、过程环节与术后观察","同一个并发事件在两个表里用了不同定义","过程先后不能独立证明某个环节造成结局","NIH：认识临床研究 [研究方法入门]；NHLBI：研究质量评估工具 [研究方法资料]","https://www.nih.gov/about-nih/science-health-public-trust/tools/understanding-clinical-studies；https://www.nhlbi.nih.gov/health-topics/study-quality-assessment-tools","2026-10-04","内容编辑与机制审核，未获逐方向专家签审"
"general-surgery-11","general-surgery","外科器械评价","原型版本、使用任务与失败反馈","surgery","共享主题模块","过程记录、处置时间轴与结局定义","区分术前状态、过程环节与术后观察","同一个并发事件在两个表里用了不同定义","过程先后不能独立证明某个环节造成结局","NIH：认识临床研究 [研究方法入门]；NHLBI：研究质量评估工具 [研究方法资料]","https://www.nih.gov/about-nih/science-health-public-trust/tools/understanding-clinical-studies；https://www.nhlbi.nih.gov/health-topics/study-quality-assessment-tools","2026-10-04","内容编辑与机制审核，未获逐方向专家签审"
"general-surgery-12","general-surgery","手术登记研究","入组范围、观察时间与未完成随访","surgery","共享主题模块","过程记录、处置时间轴与结局定义","区分术前状态、过程环节与术后观察","同一个并发事件在两个表里用了不同定义","过程先后不能独立证明某个环节造成结局","NIH：认识临床研究 [研究方法入门]；NHLBI：研究质量评估工具 [研究方法资料]","https://www.nih.gov/about-nih/science-health-public-trust/tools/understanding-clinical-studies；https://www.nhlbi.nih.gov/health-topics/study-quality-assessment-tools","2026-10-04","内容编辑与机制审核，未获逐方向专家签审"
"cardiac-surgery-1","cardiac-surgery","心脏外科结局","入组范围、观察时间与未完成随访","cardiac","共享主题模块","随访时点与心功能记录","对齐基线与复查窗口，单列未复查者","复查者的基线状态与未复查者不同","复查改善不能代表所有入组者，也不能直接解释治疗作用","NIH：认识临床研究 [研究方法入门]；NHLBI：研究质量评估工具 [研究方法资料]","https://www.nih.gov/about-nih/science-health-public-trust/tools/understanding-clinical-studies；https://www.nhlbi.nih.gov/health-topics/study-quality-assessment-tools","2026-10-04","内容编辑与机制审核，未获逐方向专家签审"
"cardiac-surgery-2","cardiac-surgery","瓣膜疾病研究","研究对象、观察窗口与资料比较条件","surgery","共享主题模块","过程记录、处置时间轴与结局定义","区分术前状态、过程环节与术后观察","同一个并发事件在两个表里用了不同定义","过程先后不能独立证明某个环节造成结局","NIH：认识临床研究 [研究方法入门]；NHLBI：研究质量评估工具 [研究方法资料]","https://www.nih.gov/about-nih/science-health-public-trust/tools/understanding-clinical-studies；https://www.nhlbi.nih.gov/health-topics/study-quality-assessment-tools","2026-10-04","内容编辑与机制审核，未获逐方向专家签审"
"cardiac-surgery-3","cardiac-surgery","主动脉疾病研究","研究对象、观察窗口与资料比较条件","surgery","共享主题模块","过程记录、处置时间轴与结局定义","区分术前状态、过程环节与术后观察","同一个并发事件在两个表里用了不同定义","过程先后不能独立证明某个环节造成结局","NIH：认识临床研究 [研究方法入门]；NHLBI：研究质量评估工具 [研究方法资料]","https://www.nih.gov/about-nih/science-health-public-trust/tools/understanding-clinical-studies；https://www.nhlbi.nih.gov/health-topics/study-quality-assessment-tools","2026-10-04","内容编辑与机制审核，未获逐方向专家签审"
"cardiac-surgery-4","cardiac-surgery","先心病随访","入组范围、观察时间与未完成随访","surgery","共享主题模块","过程记录、处置时间轴与结局定义","区分术前状态、过程环节与术后观察","同一个并发事件在两个表里用了不同定义","过程先后不能独立证明某个环节造成结局","NIH：认识临床研究 [研究方法入门]；NHLBI：研究质量评估工具 [研究方法资料]","https://www.nih.gov/about-nih/science-health-public-trust/tools/understanding-clinical-studies；https://www.nhlbi.nih.gov/health-topics/study-quality-assessment-tools","2026-10-04","内容编辑与机制审核，未获逐方向专家签审"
"cardiac-surgery-5","cardiac-surgery","胸部肿瘤研究","研究对象、观察窗口与资料比较条件","oncology","共享主题模块","分期版本、随访截止与后续处置记录","区分结局定义、随访时长与后续处理","短随访组与长随访组被直接比较","观察关联不能承诺个体疗效","NIH：认识临床研究 [研究方法入门]；NHLBI：研究质量评估工具 [研究方法资料]","https://www.nih.gov/about-nih/science-health-public-trust/tools/understanding-clinical-studies；https://www.nhlbi.nih.gov/health-topics/study-quality-assessment-tools","2026-10-04","内容编辑与机制审核，未获逐方向专家签审"
"cardiac-surgery-6","cardiac-surgery","围术期照护","研究对象、观察窗口与资料比较条件","nursing","共享主题模块","班次交接表、护理过程与患者体验记录","区分护理实施、交班记录和患者报告","交班表写了完成，患者记录却没有同一时段的反馈","流程完成不等于患者体验改善","NINR：护理研究优先领域 [学科范围]；NHLBI：研究质量评估工具 [研究方法资料]","https://www.ninr.nih.gov/research/priority-areas；https://www.nhlbi.nih.gov/health-topics/study-quality-assessment-tools","2026-10-04","内容编辑与机制审核，未获逐方向专家签审"
"cardiac-surgery-7","cardiac-surgery","术后康复","阶段、生活条件与功能或体验变化","rehab","共享主题模块","功能任务、量表版本与家庭参与记录","对照任务目标、评估者和真实使用情境","训练场上的表现被直接写成日常功能恢复","受控任务表现不能代替生活参与结局","NIH：认识临床研究 [研究方法入门]；NHLBI：研究质量评估工具 [研究方法资料]","https://www.nih.gov/about-nih/science-health-public-trust/tools/understanding-clinical-studies；https://www.nhlbi.nih.gov/health-topics/study-quality-assessment-tools","2026-10-04","内容编辑与机制审核，未获逐方向专家签审"
"cardiac-surgery-8","cardiac-surgery","心胸影像","对象内重复、平台版本与图像质量","imaging","共享主题模块","设备平台、读者判断与个体索引","按个体划分记录，保留平台版本和读者分歧","一人的多张图像同时进入开发和评估资料","图像数量不能代替独立个体和外部评估","NIH：认识临床研究 [研究方法入门]；NHLBI：研究质量评估工具 [研究方法资料]","https://www.nih.gov/about-nih/science-health-public-trust/tools/understanding-clinical-studies；https://www.nhlbi.nih.gov/health-topics/study-quality-assessment-tools","2026-10-04","内容编辑与机制审核，未获逐方向专家签审"
"cardiac-surgery-9","cardiac-surgery","登记与质控","入组范围、观察时间与未完成随访","surgery","共享主题模块","过程记录、处置时间轴与结局定义","区分术前状态、过程环节与术后观察","同一个并发事件在两个表里用了不同定义","过程先后不能独立证明某个环节造成结局","NIH：认识临床研究 [研究方法入门]；NHLBI：研究质量评估工具 [研究方法资料]","https://www.nih.gov/about-nih/science-health-public-trust/tools/understanding-clinical-studies；https://www.nhlbi.nih.gov/health-topics/study-quality-assessment-tools","2026-10-04","内容编辑与机制审核，未获逐方向专家签审"
"cardiac-surgery-10","cardiac-surgery","患者报告结局","入组范围、观察时间与未完成随访","measurement-scale","共享主题模块","条目版本、填答者与缺失条目","先确认量表含义和适用对象，再比较总分","删去不同条目后仍沿用原来总分的解释","总分相同不保证测量的内容相同","NHLBI：研究质量评估工具 [研究方法资料]","https://www.nhlbi.nih.gov/health-topics/study-quality-assessment-tools","2026-10-04","内容编辑与机制审核，未获逐方向专家签审"
"cardiac-surgery-11","cardiac-surgery","器械评价","原型版本、使用任务与失败反馈","surgery","共享主题模块","过程记录、处置时间轴与结局定义","区分术前状态、过程环节与术后观察","同一个并发事件在两个表里用了不同定义","过程先后不能独立证明某个环节造成结局","NIH：认识临床研究 [研究方法入门]；NHLBI：研究质量评估工具 [研究方法资料]","https://www.nih.gov/about-nih/science-health-public-trust/tools/understanding-clinical-studies；https://www.nhlbi.nih.gov/health-topics/study-quality-assessment-tools","2026-10-04","内容编辑与机制审核，未获逐方向专家签审"
"cardiac-surgery-12","cardiac-surgery","长期结局","入组范围、观察时间与未完成随访","surgery","共享主题模块","过程记录、处置时间轴与结局定义","区分术前状态、过程环节与术后观察","同一个并发事件在两个表里用了不同定义","过程先后不能独立证明某个环节造成结局","NIH：认识临床研究 [研究方法入门]；NHLBI：研究质量评估工具 [研究方法资料]","https://www.nih.gov/about-nih/science-health-public-trust/tools/understanding-clinical-studies；https://www.nhlbi.nih.gov/health-topics/study-quality-assessment-tools","2026-10-04","内容编辑与机制审核，未获逐方向专家签审"
"neurosurgery-1","neurosurgery","神经肿瘤研究","研究对象、观察窗口与资料比较条件","neuro","共享主题模块","影像分区版本、任务记录与功能量表","按个体核对时点，区分软件变化和练习效应","重复评估后的熟悉度被当成认知改善","量表变化不能独立定位神经机制","NIH：认识临床研究 [研究方法入门]；NHLBI：研究质量评估工具 [研究方法资料]","https://www.nih.gov/about-nih/science-health-public-trust/tools/understanding-clinical-studies；https://www.nhlbi.nih.gov/health-topics/study-quality-assessment-tools","2026-10-04","内容编辑与机制审核，未获逐方向专家签审"
"neurosurgery-2","neurosurgery","脑血管外科结局","入组范围、观察时间与未完成随访","neuro","共享主题模块","影像分区版本、任务记录与功能量表","按个体核对时点，区分软件变化和练习效应","重复评估后的熟悉度被当成认知改善","量表变化不能独立定位神经机制","NIH：认识临床研究 [研究方法入门]；NHLBI：研究质量评估工具 [研究方法资料]","https://www.nih.gov/about-nih/science-health-public-trust/tools/understanding-clinical-studies；https://www.nhlbi.nih.gov/health-topics/study-quality-assessment-tools","2026-10-04","内容编辑与机制审核，未获逐方向专家签审"
"neurosurgery-3","neurosurgery","功能神经外科","任务或测量条件、重复记录与时间","neuro","共享主题模块","影像分区版本、任务记录与功能量表","按个体核对时点，区分软件变化和练习效应","重复评估后的熟悉度被当成认知改善","量表变化不能独立定位神经机制","NIH：认识临床研究 [研究方法入门]；NHLBI：研究质量评估工具 [研究方法资料]","https://www.nih.gov/about-nih/science-health-public-trust/tools/understanding-clinical-studies；https://www.nhlbi.nih.gov/health-topics/study-quality-assessment-tools","2026-10-04","内容编辑与机制审核，未获逐方向专家签审"
"neurosurgery-4","neurosurgery","脊柱脊髓研究","研究对象、观察窗口与资料比较条件","orthopedic","共享主题模块","影像随访、步态任务与功能评价记录","区分结构变化、疼痛报告与功能表现","影像评分变好了，日常活动的记录却没有变化","结构表现不能直接替代患者功能结局","NIH：认识临床研究 [研究方法入门]；NHLBI：研究质量评估工具 [研究方法资料]","https://www.nih.gov/about-nih/science-health-public-trust/tools/understanding-clinical-studies；https://www.nhlbi.nih.gov/health-topics/study-quality-assessment-tools","2026-10-04","内容编辑与机制审核，未获逐方向专家签审"
"neurosurgery-5","neurosurgery","神经创伤结局","入组范围、观察时间与未完成随访","neuro","共享主题模块","影像分区版本、任务记录与功能量表","按个体核对时点，区分软件变化和练习效应","重复评估后的熟悉度被当成认知改善","量表变化不能独立定位神经机制","NIH：认识临床研究 [研究方法入门]；NHLBI：研究质量评估工具 [研究方法资料]","https://www.nih.gov/about-nih/science-health-public-trust/tools/understanding-clinical-studies；https://www.nhlbi.nih.gov/health-topics/study-quality-assessment-tools","2026-10-04","内容编辑与机制审核，未获逐方向专家签审"
"neurosurgery-6","neurosurgery","神经外科影像","对象内重复、平台版本与图像质量","imaging","共享主题模块","设备平台、读者判断与个体索引","按个体划分记录，保留平台版本和读者分歧","一人的多张图像同时进入开发和评估资料","图像数量不能代替独立个体和外部评估","NIH：认识临床研究 [研究方法入门]；NHLBI：研究质量评估工具 [研究方法资料]","https://www.nih.gov/about-nih/science-health-public-trust/tools/understanding-clinical-studies；https://www.nhlbi.nih.gov/health-topics/study-quality-assessment-tools","2026-10-04","内容编辑与机制审核，未获逐方向专家签审"
"neurosurgery-7","neurosurgery","神经导航评价","研究对象、观察窗口与资料比较条件","neuro","共享主题模块","影像分区版本、任务记录与功能量表","按个体核对时点，区分软件变化和练习效应","重复评估后的熟悉度被当成认知改善","量表变化不能独立定位神经机制","NIH：认识临床研究 [研究方法入门]；NHLBI：研究质量评估工具 [研究方法资料]","https://www.nih.gov/about-nih/science-health-public-trust/tools/understanding-clinical-studies；https://www.nhlbi.nih.gov/health-topics/study-quality-assessment-tools","2026-10-04","内容编辑与机制审核，未获逐方向专家签审"
"neurosurgery-8","neurosurgery","神经外科康复","阶段、生活条件与功能或体验变化","neuro","共享主题模块","影像分区版本、任务记录与功能量表","按个体核对时点，区分软件变化和练习效应","重复评估后的熟悉度被当成认知改善","量表变化不能独立定位神经机制","NIH：认识临床研究 [研究方法入门]；NHLBI：研究质量评估工具 [研究方法资料]","https://www.nih.gov/about-nih/science-health-public-trust/tools/understanding-clinical-studies；https://www.nhlbi.nih.gov/health-topics/study-quality-assessment-tools","2026-10-04","内容编辑与机制审核，未获逐方向专家签审"
"neurosurgery-9","neurosurgery","认知结局","入组范围、观察时间与未完成随访","psychology","共享主题模块","任务说明、构念定义与被试反应记录","核对任务操纵与测量含义，保留练习顺序","中途改过指导语，却把前后得分直接合并","任务指标不能直接等同于完整心理构念","北京师范大学：课程与教学研究方向 [学科范围]；NHLBI：研究质量评估工具 [研究方法资料]","https://cter.bnu.edu.cn/docs/2024-05/e0d9749ec02e425eb45aa96fefdadc2a.pdf；https://www.nhlbi.nih.gov/health-topics/study-quality-assessment-tools","2026-10-04","内容编辑与机制审核，未获逐方向专家签审"
"neurosurgery-10","neurosurgery","随访登记","入组范围、观察时间与未完成随访","neuro","共享主题模块","影像分区版本、任务记录与功能量表","按个体核对时点，区分软件变化和练习效应","重复评估后的熟悉度被当成认知改善","量表变化不能独立定位神经机制","NIH：认识临床研究 [研究方法入门]；NHLBI：研究质量评估工具 [研究方法资料]","https://www.nih.gov/about-nih/science-health-public-trust/tools/understanding-clinical-studies；https://www.nhlbi.nih.gov/health-topics/study-quality-assessment-tools","2026-10-04","内容编辑与机制审核，未获逐方向专家签审"
"neurosurgery-11","neurosurgery","器械与界面","原型版本、使用任务与失败反馈","neuro","共享主题模块","影像分区版本、任务记录与功能量表","按个体核对时点，区分软件变化和练习效应","重复评估后的熟悉度被当成认知改善","量表变化不能独立定位神经机制","NIH：认识临床研究 [研究方法入门]；NHLBI：研究质量评估工具 [研究方法资料]","https://www.nih.gov/about-nih/science-health-public-trust/tools/understanding-clinical-studies；https://www.nhlbi.nih.gov/health-topics/study-quality-assessment-tools","2026-10-04","内容编辑与机制审核，未获逐方向专家签审"
"neurosurgery-12","neurosurgery","患者报告结局","入组范围、观察时间与未完成随访","measurement-scale","共享主题模块","条目版本、填答者与缺失条目","先确认量表含义和适用对象，再比较总分","删去不同条目后仍沿用原来总分的解释","总分相同不保证测量的内容相同","NHLBI：研究质量评估工具 [研究方法资料]","https://www.nhlbi.nih.gov/health-topics/study-quality-assessment-tools","2026-10-04","内容编辑与机制审核，未获逐方向专家签审"
"orthopedics-1","orthopedics","关节研究","研究对象、观察窗口与资料比较条件","orthopedic","共享主题模块","影像随访、步态任务与功能评价记录","区分结构变化、疼痛报告与功能表现","影像评分变好了，日常活动的记录却没有变化","结构表现不能直接替代患者功能结局","NIH：认识临床研究 [研究方法入门]；NHLBI：研究质量评估工具 [研究方法资料]","https://www.nih.gov/about-nih/science-health-public-trust/tools/understanding-clinical-studies；https://www.nhlbi.nih.gov/health-topics/study-quality-assessment-tools","2026-10-04","内容编辑与机制审核，未获逐方向专家签审"
"orthopedics-2","orthopedics","脊柱研究","研究对象、观察窗口与资料比较条件","orthopedic","共享主题模块","影像随访、步态任务与功能评价记录","区分结构变化、疼痛报告与功能表现","影像评分变好了，日常活动的记录却没有变化","结构表现不能直接替代患者功能结局","NIH：认识临床研究 [研究方法入门]；NHLBI：研究质量评估工具 [研究方法资料]","https://www.nih.gov/about-nih/science-health-public-trust/tools/understanding-clinical-studies；https://www.nhlbi.nih.gov/health-topics/study-quality-assessment-tools","2026-10-04","内容编辑与机制审核，未获逐方向专家签审"
"orthopedics-3","orthopedics","骨创伤结局","入组范围、观察时间与未完成随访","orthopedic","共享主题模块","影像随访、步态任务与功能评价记录","区分结构变化、疼痛报告与功能表现","影像评分变好了，日常活动的记录却没有变化","结构表现不能直接替代患者功能结局","NIH：认识临床研究 [研究方法入门]；NHLBI：研究质量评估工具 [研究方法资料]","https://www.nih.gov/about-nih/science-health-public-trust/tools/understanding-clinical-studies；https://www.nhlbi.nih.gov/health-topics/study-quality-assessment-tools","2026-10-04","内容编辑与机制审核，未获逐方向专家签审"
"orthopedics-4","orthopedics","骨肿瘤研究","研究对象、观察窗口与资料比较条件","orthopedic","共享主题模块","影像随访、步态任务与功能评价记录","区分结构变化、疼痛报告与功能表现","影像评分变好了，日常活动的记录却没有变化","结构表现不能直接替代患者功能结局","NIH：认识临床研究 [研究方法入门]；NHLBI：研究质量评估工具 [研究方法资料]","https://www.nih.gov/about-nih/science-health-public-trust/tools/understanding-clinical-studies；https://www.nhlbi.nih.gov/health-topics/study-quality-assessment-tools","2026-10-04","内容编辑与机制审核，未获逐方向专家签审"
"orthopedics-5","orthopedics","运动损伤","研究对象、观察窗口与资料比较条件","orthopedic","共享主题模块","影像随访、步态任务与功能评价记录","区分结构变化、疼痛报告与功能表现","影像评分变好了，日常活动的记录却没有变化","结构表现不能直接替代患者功能结局","NIH：认识临床研究 [研究方法入门]；NHLBI：研究质量评估工具 [研究方法资料]","https://www.nih.gov/about-nih/science-health-public-trust/tools/understanding-clinical-studies；https://www.nhlbi.nih.gov/health-topics/study-quality-assessment-tools","2026-10-04","内容编辑与机制审核，未获逐方向专家签审"
"orthopedics-6","orthopedics","骨科生物力学","任务或测量条件、重复记录与时间","orthopedic","共享主题模块","影像随访、步态任务与功能评价记录","区分结构变化、疼痛报告与功能表现","影像评分变好了，日常活动的记录却没有变化","结构表现不能直接替代患者功能结局","NIH：认识临床研究 [研究方法入门]；NHLBI：研究质量评估工具 [研究方法资料]","https://www.nih.gov/about-nih/science-health-public-trust/tools/understanding-clinical-studies；https://www.nhlbi.nih.gov/health-topics/study-quality-assessment-tools","2026-10-04","内容编辑与机制审核，未获逐方向专家签审"
"orthopedics-7","orthopedics","骨科影像","对象内重复、平台版本与图像质量","orthopedic","共享主题模块","影像随访、步态任务与功能评价记录","区分结构变化、疼痛报告与功能表现","影像评分变好了，日常活动的记录却没有变化","结构表现不能直接替代患者功能结局","NIH：认识临床研究 [研究方法入门]；NHLBI：研究质量评估工具 [研究方法资料]","https://www.nih.gov/about-nih/science-health-public-trust/tools/understanding-clinical-studies；https://www.nhlbi.nih.gov/health-topics/study-quality-assessment-tools","2026-10-04","内容编辑与机制审核，未获逐方向专家签审"
"orthopedics-8","orthopedics","骨与软骨修复","研究对象、观察窗口与资料比较条件","orthopedic","共享主题模块","影像随访、步态任务与功能评价记录","区分结构变化、疼痛报告与功能表现","影像评分变好了，日常活动的记录却没有变化","结构表现不能直接替代患者功能结局","NIH：认识临床研究 [研究方法入门]；NHLBI：研究质量评估工具 [研究方法资料]","https://www.nih.gov/about-nih/science-health-public-trust/tools/understanding-clinical-studies；https://www.nhlbi.nih.gov/health-topics/study-quality-assessment-tools","2026-10-04","内容编辑与机制审核，未获逐方向专家签审"
"orthopedics-9","orthopedics","步态分析","任务或测量条件、重复记录与时间","orthopedic","共享主题模块","影像随访、步态任务与功能评价记录","区分结构变化、疼痛报告与功能表现","影像评分变好了，日常活动的记录却没有变化","结构表现不能直接替代患者功能结局","NIH：认识临床研究 [研究方法入门]；NHLBI：研究质量评估工具 [研究方法资料]","https://www.nih.gov/about-nih/science-health-public-trust/tools/understanding-clinical-studies；https://www.nhlbi.nih.gov/health-topics/study-quality-assessment-tools","2026-10-04","内容编辑与机制审核，未获逐方向专家签审"
"orthopedics-10","orthopedics","植入物评价","研究对象、观察窗口与资料比较条件","orthopedic","共享主题模块","影像随访、步态任务与功能评价记录","区分结构变化、疼痛报告与功能表现","影像评分变好了，日常活动的记录却没有变化","结构表现不能直接替代患者功能结局","NIH：认识临床研究 [研究方法入门]；NHLBI：研究质量评估工具 [研究方法资料]","https://www.nih.gov/about-nih/science-health-public-trust/tools/understanding-clinical-studies；https://www.nhlbi.nih.gov/health-topics/study-quality-assessment-tools","2026-10-04","内容编辑与机制审核，未获逐方向专家签审"
"orthopedics-11","orthopedics","骨科康复","阶段、生活条件与功能或体验变化","orthopedic","共享主题模块","影像随访、步态任务与功能评价记录","区分结构变化、疼痛报告与功能表现","影像评分变好了，日常活动的记录却没有变化","结构表现不能直接替代患者功能结局","NIH：认识临床研究 [研究方法入门]；NHLBI：研究质量评估工具 [研究方法资料]","https://www.nih.gov/about-nih/science-health-public-trust/tools/understanding-clinical-studies；https://www.nhlbi.nih.gov/health-topics/study-quality-assessment-tools","2026-10-04","内容编辑与机制审核，未获逐方向专家签审"
"orthopedics-12","orthopedics","患者报告结局","入组范围、观察时间与未完成随访","orthopedic","共享主题模块","影像随访、步态任务与功能评价记录","区分结构变化、疼痛报告与功能表现","影像评分变好了，日常活动的记录却没有变化","结构表现不能直接替代患者功能结局","NIH：认识临床研究 [研究方法入门]；NHLBI：研究质量评估工具 [研究方法资料]","https://www.nih.gov/about-nih/science-health-public-trust/tools/understanding-clinical-studies；https://www.nhlbi.nih.gov/health-topics/study-quality-assessment-tools","2026-10-04","内容编辑与机制审核，未获逐方向专家签审"
"urology-1","urology","泌尿肿瘤研究","研究对象、观察窗口与资料比较条件","urologic","共享主题模块","症状日记、检查日期与生活质量记录","对齐症状记录窗口与功能评价条件","症状日记只填了工作日，遗漏最不方便的时段","部分时段的体验不能代表完整生活质量","NIH：认识临床研究 [研究方法入门]；NHLBI：研究质量评估工具 [研究方法资料]","https://www.nih.gov/about-nih/science-health-public-trust/tools/understanding-clinical-studies；https://www.nhlbi.nih.gov/health-topics/study-quality-assessment-tools","2026-10-04","内容编辑与机制审核，未获逐方向专家签审"
"urology-2","urology","排尿功能","任务或测量条件、重复记录与时间","urologic","共享主题模块","症状日记、检查日期与生活质量记录","对齐症状记录窗口与功能评价条件","症状日记只填了工作日，遗漏最不方便的时段","部分时段的体验不能代表完整生活质量","NIH：认识临床研究 [研究方法入门]；NHLBI：研究质量评估工具 [研究方法资料]","https://www.nih.gov/about-nih/science-health-public-trust/tools/understanding-clinical-studies；https://www.nhlbi.nih.gov/health-topics/study-quality-assessment-tools","2026-10-04","内容编辑与机制审核，未获逐方向专家签审"
"urology-3","urology","结石结局","入组范围、观察时间与未完成随访","urologic","共享主题模块","症状日记、检查日期与生活质量记录","对齐症状记录窗口与功能评价条件","症状日记只填了工作日，遗漏最不方便的时段","部分时段的体验不能代表完整生活质量","NIH：认识临床研究 [研究方法入门]；NHLBI：研究质量评估工具 [研究方法资料]","https://www.nih.gov/about-nih/science-health-public-trust/tools/understanding-clinical-studies；https://www.nhlbi.nih.gov/health-topics/study-quality-assessment-tools","2026-10-04","内容编辑与机制审核，未获逐方向专家签审"
"urology-4","urology","肾脏外科研究","研究对象、观察窗口与资料比较条件","urologic","共享主题模块","症状日记、检查日期与生活质量记录","对齐症状记录窗口与功能评价条件","症状日记只填了工作日，遗漏最不方便的时段","部分时段的体验不能代表完整生活质量","NIH：认识临床研究 [研究方法入门]；NHLBI：研究质量评估工具 [研究方法资料]","https://www.nih.gov/about-nih/science-health-public-trust/tools/understanding-clinical-studies；https://www.nhlbi.nih.gov/health-topics/study-quality-assessment-tools","2026-10-04","内容编辑与机制审核，未获逐方向专家签审"
"urology-5","urology","男性健康","研究对象、观察窗口与资料比较条件","urologic","共享主题模块","症状日记、检查日期与生活质量记录","对齐症状记录窗口与功能评价条件","症状日记只填了工作日，遗漏最不方便的时段","部分时段的体验不能代表完整生活质量","NIH：认识临床研究 [研究方法入门]；NHLBI：研究质量评估工具 [研究方法资料]","https://www.nih.gov/about-nih/science-health-public-trust/tools/understanding-clinical-studies；https://www.nhlbi.nih.gov/health-topics/study-quality-assessment-tools","2026-10-04","内容编辑与机制审核，未获逐方向专家签审"
"urology-6","urology","泌尿影像","对象内重复、平台版本与图像质量","urologic","共享主题模块","症状日记、检查日期与生活质量记录","对齐症状记录窗口与功能评价条件","症状日记只填了工作日，遗漏最不方便的时段","部分时段的体验不能代表完整生活质量","NIH：认识临床研究 [研究方法入门]；NHLBI：研究质量评估工具 [研究方法资料]","https://www.nih.gov/about-nih/science-health-public-trust/tools/understanding-clinical-studies；https://www.nhlbi.nih.gov/health-topics/study-quality-assessment-tools","2026-10-04","内容编辑与机制审核，未获逐方向专家签审"
"urology-7","urology","盆底功能","任务或测量条件、重复记录与时间","urologic","共享主题模块","症状日记、检查日期与生活质量记录","对齐症状记录窗口与功能评价条件","症状日记只填了工作日，遗漏最不方便的时段","部分时段的体验不能代表完整生活质量","NIH：认识临床研究 [研究方法入门]；NHLBI：研究质量评估工具 [研究方法资料]","https://www.nih.gov/about-nih/science-health-public-trust/tools/understanding-clinical-studies；https://www.nhlbi.nih.gov/health-topics/study-quality-assessment-tools","2026-10-04","内容编辑与机制审核，未获逐方向专家签审"
"urology-8","urology","泌尿器械评价","原型版本、使用任务与失败反馈","urologic","共享主题模块","症状日记、检查日期与生活质量记录","对齐症状记录窗口与功能评价条件","症状日记只填了工作日，遗漏最不方便的时段","部分时段的体验不能代表完整生活质量","NIH：认识临床研究 [研究方法入门]；NHLBI：研究质量评估工具 [研究方法资料]","https://www.nih.gov/about-nih/science-health-public-trust/tools/understanding-clinical-studies；https://www.nhlbi.nih.gov/health-topics/study-quality-assessment-tools","2026-10-04","内容编辑与机制审核，未获逐方向专家签审"
"urology-9","urology","泌尿遗传","对象关系、参考版本与变异解释","urologic","共享主题模块","症状日记、检查日期与生活质量记录","对齐症状记录窗口与功能评价条件","症状日记只填了工作日，遗漏最不方便的时段","部分时段的体验不能代表完整生活质量","NIH：认识临床研究 [研究方法入门]；NHLBI：研究质量评估工具 [研究方法资料]","https://www.nih.gov/about-nih/science-health-public-trust/tools/understanding-clinical-studies；https://www.nhlbi.nih.gov/health-topics/study-quality-assessment-tools","2026-10-04","内容编辑与机制审核，未获逐方向专家签审"
"urology-10","urology","随访质量","入组范围、观察时间与未完成随访","urologic","共享主题模块","症状日记、检查日期与生活质量记录","对齐症状记录窗口与功能评价条件","症状日记只填了工作日，遗漏最不方便的时段","部分时段的体验不能代表完整生活质量","NIH：认识临床研究 [研究方法入门]；NHLBI：研究质量评估工具 [研究方法资料]","https://www.nih.gov/about-nih/science-health-public-trust/tools/understanding-clinical-studies；https://www.nhlbi.nih.gov/health-topics/study-quality-assessment-tools","2026-10-04","内容编辑与机制审核，未获逐方向专家签审"
"urology-11","urology","患者报告结局","入组范围、观察时间与未完成随访","urologic","共享主题模块","症状日记、检查日期与生活质量记录","对齐症状记录窗口与功能评价条件","症状日记只填了工作日，遗漏最不方便的时段","部分时段的体验不能代表完整生活质量","NIH：认识临床研究 [研究方法入门]；NHLBI：研究质量评估工具 [研究方法资料]","https://www.nih.gov/about-nih/science-health-public-trust/tools/understanding-clinical-studies；https://www.nhlbi.nih.gov/health-topics/study-quality-assessment-tools","2026-10-04","内容编辑与机制审核，未获逐方向专家签审"
"urology-12","urology","泌尿疾病登记","入组范围、观察时间与未完成随访","urologic","共享主题模块","症状日记、检查日期与生活质量记录","对齐症状记录窗口与功能评价条件","症状日记只填了工作日，遗漏最不方便的时段","部分时段的体验不能代表完整生活质量","NIH：认识临床研究 [研究方法入门]；NHLBI：研究质量评估工具 [研究方法资料]","https://www.nih.gov/about-nih/science-health-public-trust/tools/understanding-clinical-studies；https://www.nhlbi.nih.gov/health-topics/study-quality-assessment-tools","2026-10-04","内容编辑与机制审核，未获逐方向专家签审"
"plastic-surgery-1","plastic-surgery","创面修复研究","研究对象、观察窗口与资料比较条件","skin","共享主题模块","拍摄条件、分级意见与患者体验记录","保留照明、评分者和填答时点的差异","前后照片光线不同，外观改善被写得过满","外观照片不能独立证明功能或生活质量改善","NIH：认识临床研究 [研究方法入门]；NHLBI：研究质量评估工具 [研究方法资料]","https://www.nih.gov/about-nih/science-health-public-trust/tools/understanding-clinical-studies；https://www.nhlbi.nih.gov/health-topics/study-quality-assessment-tools","2026-10-04","内容编辑与机制审核，未获逐方向专家签审"
"plastic-surgery-2","plastic-surgery","瘢痕评价","研究对象、观察窗口与资料比较条件","skin","共享主题模块","拍摄条件、分级意见与患者体验记录","保留照明、评分者和填答时点的差异","前后照片光线不同，外观改善被写得过满","外观照片不能独立证明功能或生活质量改善","NIH：认识临床研究 [研究方法入门]；NHLBI：研究质量评估工具 [研究方法资料]","https://www.nih.gov/about-nih/science-health-public-trust/tools/understanding-clinical-studies；https://www.nhlbi.nih.gov/health-topics/study-quality-assessment-tools","2026-10-04","内容编辑与机制审核，未获逐方向专家签审"
"plastic-surgery-3","plastic-surgery","组织修复结局","入组范围、观察时间与未完成随访","skin","共享主题模块","拍摄条件、分级意见与患者体验记录","保留照明、评分者和填答时点的差异","前后照片光线不同，外观改善被写得过满","外观照片不能独立证明功能或生活质量改善","NIH：认识临床研究 [研究方法入门]；NHLBI：研究质量评估工具 [研究方法资料]","https://www.nih.gov/about-nih/science-health-public-trust/tools/understanding-clinical-studies；https://www.nhlbi.nih.gov/health-topics/study-quality-assessment-tools","2026-10-04","内容编辑与机制审核，未获逐方向专家签审"
"plastic-surgery-4","plastic-surgery","修复材料评价","研究对象、观察窗口与资料比较条件","skin","共享主题模块","拍摄条件、分级意见与患者体验记录","保留照明、评分者和填答时点的差异","前后照片光线不同，外观改善被写得过满","外观照片不能独立证明功能或生活质量改善","NIH：认识临床研究 [研究方法入门]；NHLBI：研究质量评估工具 [研究方法资料]","https://www.nih.gov/about-nih/science-health-public-trust/tools/understanding-clinical-studies；https://www.nhlbi.nih.gov/health-topics/study-quality-assessment-tools","2026-10-04","内容编辑与机制审核，未获逐方向专家签审"
"plastic-surgery-5","plastic-surgery","功能重建结局","入组范围、观察时间与未完成随访","skin","共享主题模块","拍摄条件、分级意见与患者体验记录","保留照明、评分者和填答时点的差异","前后照片光线不同，外观改善被写得过满","外观照片不能独立证明功能或生活质量改善","NIH：认识临床研究 [研究方法入门]；NHLBI：研究质量评估工具 [研究方法资料]","https://www.nih.gov/about-nih/science-health-public-trust/tools/understanding-clinical-studies；https://www.nhlbi.nih.gov/health-topics/study-quality-assessment-tools","2026-10-04","内容编辑与机制审核，未获逐方向专家签审"
"plastic-surgery-6","plastic-surgery","患者体验","测量含义、填答者与时间窗口","skin","共享主题模块","拍摄条件、分级意见与患者体验记录","保留照明、评分者和填答时点的差异","前后照片光线不同，外观改善被写得过满","外观照片不能独立证明功能或生活质量改善","NIH：认识临床研究 [研究方法入门]；NHLBI：研究质量评估工具 [研究方法资料]","https://www.nih.gov/about-nih/science-health-public-trust/tools/understanding-clinical-studies；https://www.nhlbi.nih.gov/health-topics/study-quality-assessment-tools","2026-10-04","内容编辑与机制审核，未获逐方向专家签审"
"plastic-surgery-7","plastic-surgery","三维形态记录","研究对象、观察窗口与资料比较条件","skin","共享主题模块","拍摄条件、分级意见与患者体验记录","保留照明、评分者和填答时点的差异","前后照片光线不同，外观改善被写得过满","外观照片不能独立证明功能或生活质量改善","NIH：认识临床研究 [研究方法入门]；NHLBI：研究质量评估工具 [研究方法资料]","https://www.nih.gov/about-nih/science-health-public-trust/tools/understanding-clinical-studies；https://www.nhlbi.nih.gov/health-topics/study-quality-assessment-tools","2026-10-04","内容编辑与机制审核，未获逐方向专家签审"
"plastic-surgery-8","plastic-surgery","外观评价量表","测量含义、填答者与时间窗口","skin","共享主题模块","拍摄条件、分级意见与患者体验记录","保留照明、评分者和填答时点的差异","前后照片光线不同，外观改善被写得过满","外观照片不能独立证明功能或生活质量改善","NIH：认识临床研究 [研究方法入门]；NHLBI：研究质量评估工具 [研究方法资料]","https://www.nih.gov/about-nih/science-health-public-trust/tools/understanding-clinical-studies；https://www.nhlbi.nih.gov/health-topics/study-quality-assessment-tools","2026-10-04","内容编辑与机制审核，未获逐方向专家签审"
"plastic-surgery-9","plastic-surgery","手功能研究","任务或测量条件、重复记录与时间","skin","共享主题模块","拍摄条件、分级意见与患者体验记录","保留照明、评分者和填答时点的差异","前后照片光线不同，外观改善被写得过满","外观照片不能独立证明功能或生活质量改善","NIH：认识临床研究 [研究方法入门]；NHLBI：研究质量评估工具 [研究方法资料]","https://www.nih.gov/about-nih/science-health-public-trust/tools/understanding-clinical-studies；https://www.nhlbi.nih.gov/health-topics/study-quality-assessment-tools","2026-10-04","内容编辑与机制审核，未获逐方向专家签审"
"plastic-surgery-10","plastic-surgery","修复康复","阶段、生活条件与功能或体验变化","skin","共享主题模块","拍摄条件、分级意见与患者体验记录","保留照明、评分者和填答时点的差异","前后照片光线不同，外观改善被写得过满","外观照片不能独立证明功能或生活质量改善","NIH：认识临床研究 [研究方法入门]；NHLBI：研究质量评估工具 [研究方法资料]","https://www.nih.gov/about-nih/science-health-public-trust/tools/understanding-clinical-studies；https://www.nhlbi.nih.gov/health-topics/study-quality-assessment-tools","2026-10-04","内容编辑与机制审核，未获逐方向专家签审"
"plastic-surgery-11","plastic-surgery","设计与人机界面","原型版本、使用任务与失败反馈","skin","共享主题模块","拍摄条件、分级意见与患者体验记录","保留照明、评分者和填答时点的差异","前后照片光线不同，外观改善被写得过满","外观照片不能独立证明功能或生活质量改善","NIH：认识临床研究 [研究方法入门]；NHLBI：研究质量评估工具 [研究方法资料]","https://www.nih.gov/about-nih/science-health-public-trust/tools/understanding-clinical-studies；https://www.nhlbi.nih.gov/health-topics/study-quality-assessment-tools","2026-10-04","内容编辑与机制审核，未获逐方向专家签审"
"plastic-surgery-12","plastic-surgery","长期质量随访","入组范围、观察时间与未完成随访","skin","共享主题模块","拍摄条件、分级意见与患者体验记录","保留照明、评分者和填答时点的差异","前后照片光线不同，外观改善被写得过满","外观照片不能独立证明功能或生活质量改善","NIH：认识临床研究 [研究方法入门]；NHLBI：研究质量评估工具 [研究方法资料]","https://www.nih.gov/about-nih/science-health-public-trust/tools/understanding-clinical-studies；https://www.nhlbi.nih.gov/health-topics/study-quality-assessment-tools","2026-10-04","内容编辑与机制审核，未获逐方向专家签审"
"obgyn-1","obgyn","生殖健康","研究对象、观察窗口与资料比较条件","life-course","细分核对","母婴或儿童索引、发育阶段与随访窗口","保留配对关系、年龄阶段与缺失随访","不同发育阶段的差异被当成同一阶段的变化","阶段差异不能直接替代纵向变化","NIH：认识临床研究 [研究方法入门]；NHLBI：研究质量评估工具 [研究方法资料]","https://www.nih.gov/about-nih/science-health-public-trust/tools/understanding-clinical-studies；https://www.nhlbi.nih.gov/health-topics/study-quality-assessment-tools","2026-10-04","内容编辑与机制审核，未获逐方向专家签审"
"obgyn-2","obgyn","妊娠结局","入组范围、观察时间与未完成随访","life-course","细分核对","母婴或儿童索引、发育阶段与随访窗口","保留配对关系、年龄阶段与缺失随访","不同发育阶段的差异被当成同一阶段的变化","阶段差异不能直接替代纵向变化","NIH：认识临床研究 [研究方法入门]；NHLBI：研究质量评估工具 [研究方法资料]","https://www.nih.gov/about-nih/science-health-public-trust/tools/understanding-clinical-studies；https://www.nhlbi.nih.gov/health-topics/study-quality-assessment-tools","2026-10-04","内容编辑与机制审核，未获逐方向专家签审"
"obgyn-3","obgyn","围产研究","研究对象、观察窗口与资料比较条件","life-course","细分核对","母婴或儿童索引、发育阶段与随访窗口","保留配对关系、年龄阶段与缺失随访","不同发育阶段的差异被当成同一阶段的变化","阶段差异不能直接替代纵向变化","NIH：认识临床研究 [研究方法入门]；NHLBI：研究质量评估工具 [研究方法资料]","https://www.nih.gov/about-nih/science-health-public-trust/tools/understanding-clinical-studies；https://www.nhlbi.nih.gov/health-topics/study-quality-assessment-tools","2026-10-04","内容编辑与机制审核，未获逐方向专家签审"
"obgyn-4","obgyn","妇科肿瘤","研究对象、观察窗口与资料比较条件","oncology","细分核对","母婴或儿童索引、发育阶段与随访窗口","保留配对关系、年龄阶段与缺失随访","不同发育阶段的差异被当成同一阶段的变化","阶段差异不能直接替代纵向变化","NIH：认识临床研究 [研究方法入门]；NHLBI：研究质量评估工具 [研究方法资料]","https://www.nih.gov/about-nih/science-health-public-trust/tools/understanding-clinical-studies；https://www.nhlbi.nih.gov/health-topics/study-quality-assessment-tools","2026-10-04","内容编辑与机制审核，未获逐方向专家签审"
"obgyn-5","obgyn","盆底功能","任务或测量条件、重复记录与时间","urologic","细分核对","母婴或儿童索引、发育阶段与随访窗口","保留配对关系、年龄阶段与缺失随访","不同发育阶段的差异被当成同一阶段的变化","阶段差异不能直接替代纵向变化","NIH：认识临床研究 [研究方法入门]；NHLBI：研究质量评估工具 [研究方法资料]","https://www.nih.gov/about-nih/science-health-public-trust/tools/understanding-clinical-studies；https://www.nhlbi.nih.gov/health-topics/study-quality-assessment-tools","2026-10-04","内容编辑与机制审核，未获逐方向专家签审"
"obgyn-6","obgyn","生殖内分泌","研究对象、观察窗口与资料比较条件","metabolic","细分核对","母婴或儿童索引、发育阶段与随访窗口","保留配对关系、年龄阶段与缺失随访","不同发育阶段的差异被当成同一阶段的变化","阶段差异不能直接替代纵向变化","NIH：认识临床研究 [研究方法入门]；NHLBI：研究质量评估工具 [研究方法资料]","https://www.nih.gov/about-nih/science-health-public-trust/tools/understanding-clinical-studies；https://www.nhlbi.nih.gov/health-topics/study-quality-assessment-tools","2026-10-04","内容编辑与机制审核，未获逐方向专家签审"
"obgyn-7","obgyn","妇产影像","对象内重复、平台版本与图像质量","imaging","细分核对","母婴或儿童索引、发育阶段与随访窗口","保留配对关系、年龄阶段与缺失随访","不同发育阶段的差异被当成同一阶段的变化","阶段差异不能直接替代纵向变化","NIH：认识临床研究 [研究方法入门]；NHLBI：研究质量评估工具 [研究方法资料]","https://www.nih.gov/about-nih/science-health-public-trust/tools/understanding-clinical-studies；https://www.nhlbi.nih.gov/health-topics/study-quality-assessment-tools","2026-10-04","内容编辑与机制审核，未获逐方向专家签审"
"obgyn-8","obgyn","生命历程队列","入组范围、观察时间与未完成随访","life-course","细分核对","母婴或儿童索引、发育阶段与随访窗口","保留配对关系、年龄阶段与缺失随访","不同发育阶段的差异被当成同一阶段的变化","阶段差异不能直接替代纵向变化","NIH：认识临床研究 [研究方法入门]；NHLBI：研究质量评估工具 [研究方法资料]","https://www.nih.gov/about-nih/science-health-public-trust/tools/understanding-clinical-studies；https://www.nhlbi.nih.gov/health-topics/study-quality-assessment-tools","2026-10-04","内容编辑与机制审核，未获逐方向专家签审"
"obgyn-9","obgyn","孕产照护","研究对象、观察窗口与资料比较条件","life-course","细分核对","母婴或儿童索引、发育阶段与随访窗口","保留配对关系、年龄阶段与缺失随访","不同发育阶段的差异被当成同一阶段的变化","阶段差异不能直接替代纵向变化","NIH：认识临床研究 [研究方法入门]；NHLBI：研究质量评估工具 [研究方法资料]","https://www.nih.gov/about-nih/science-health-public-trust/tools/understanding-clinical-studies；https://www.nhlbi.nih.gov/health-topics/study-quality-assessment-tools","2026-10-04","内容编辑与机制审核，未获逐方向专家签审"
"obgyn-10","obgyn","患者报告结局","入组范围、观察时间与未完成随访","measurement-scale","细分核对","母婴或儿童索引、发育阶段与随访窗口","保留配对关系、年龄阶段与缺失随访","不同发育阶段的差异被当成同一阶段的变化","阶段差异不能直接替代纵向变化","NHLBI：研究质量评估工具 [研究方法资料]","https://www.nhlbi.nih.gov/health-topics/study-quality-assessment-tools","2026-10-04","内容编辑与机制审核，未获逐方向专家签审"
"obgyn-11","obgyn","妇女健康公平","目标、执行层次与受益差异","life-course","细分核对","母婴或儿童索引、发育阶段与随访窗口","保留配对关系、年龄阶段与缺失随访","不同发育阶段的差异被当成同一阶段的变化","阶段差异不能直接替代纵向变化","NIH：认识临床研究 [研究方法入门]；NHLBI：研究质量评估工具 [研究方法资料]","https://www.nih.gov/about-nih/science-health-public-trust/tools/understanding-clinical-studies；https://www.nhlbi.nih.gov/health-topics/study-quality-assessment-tools","2026-10-04","内容编辑与机制审核，未获逐方向专家签审"
"obgyn-12","obgyn","妇产质量评价","研究对象、观察窗口与资料比较条件","life-course","细分核对","母婴或儿童索引、发育阶段与随访窗口","保留配对关系、年龄阶段与缺失随访","不同发育阶段的差异被当成同一阶段的变化","阶段差异不能直接替代纵向变化","NIH：认识临床研究 [研究方法入门]；NHLBI：研究质量评估工具 [研究方法资料]","https://www.nih.gov/about-nih/science-health-public-trust/tools/understanding-clinical-studies；https://www.nhlbi.nih.gov/health-topics/study-quality-assessment-tools","2026-10-04","内容编辑与机制审核，未获逐方向专家签审"
"pediatrics-1","pediatrics","儿童心血管","研究对象、观察窗口与资料比较条件","cardiac","细分核对","母婴或儿童索引、发育阶段与随访窗口","保留配对关系、年龄阶段与缺失随访","不同发育阶段的差异被当成同一阶段的变化","阶段差异不能直接替代纵向变化","NIH：认识临床研究 [研究方法入门]；NHLBI：研究质量评估工具 [研究方法资料]","https://www.nih.gov/about-nih/science-health-public-trust/tools/understanding-clinical-studies；https://www.nhlbi.nih.gov/health-topics/study-quality-assessment-tools","2026-10-04","内容编辑与机制审核，未获逐方向专家签审"
"pediatrics-2","pediatrics","儿童呼吸","研究对象、观察窗口与资料比较条件","respiratory","细分核对","母婴或儿童索引、发育阶段与随访窗口","保留配对关系、年龄阶段与缺失随访","不同发育阶段的差异被当成同一阶段的变化","阶段差异不能直接替代纵向变化","NIH：认识临床研究 [研究方法入门]；NHLBI：研究质量评估工具 [研究方法资料]","https://www.nih.gov/about-nih/science-health-public-trust/tools/understanding-clinical-studies；https://www.nhlbi.nih.gov/health-topics/study-quality-assessment-tools","2026-10-04","内容编辑与机制审核，未获逐方向专家签审"
"pediatrics-3","pediatrics","儿童神经","研究对象、观察窗口与资料比较条件","neuro","细分核对","母婴或儿童索引、发育阶段与随访窗口","保留配对关系、年龄阶段与缺失随访","不同发育阶段的差异被当成同一阶段的变化","阶段差异不能直接替代纵向变化","NIH：认识临床研究 [研究方法入门]；NHLBI：研究质量评估工具 [研究方法资料]","https://www.nih.gov/about-nih/science-health-public-trust/tools/understanding-clinical-studies；https://www.nhlbi.nih.gov/health-topics/study-quality-assessment-tools","2026-10-04","内容编辑与机制审核，未获逐方向专家签审"
"pediatrics-4","pediatrics","儿童内分泌","研究对象、观察窗口与资料比较条件","metabolic","细分核对","母婴或儿童索引、发育阶段与随访窗口","保留配对关系、年龄阶段与缺失随访","不同发育阶段的差异被当成同一阶段的变化","阶段差异不能直接替代纵向变化","NIH：认识临床研究 [研究方法入门]；NHLBI：研究质量评估工具 [研究方法资料]","https://www.nih.gov/about-nih/science-health-public-trust/tools/understanding-clinical-studies；https://www.nhlbi.nih.gov/health-topics/study-quality-assessment-tools","2026-10-04","内容编辑与机制审核，未获逐方向专家签审"
"pediatrics-5","pediatrics","儿童肾脏","研究对象、观察窗口与资料比较条件","renal","细分核对","母婴或儿童索引、发育阶段与随访窗口","保留配对关系、年龄阶段与缺失随访","不同发育阶段的差异被当成同一阶段的变化","阶段差异不能直接替代纵向变化","NIH：认识临床研究 [研究方法入门]；NHLBI：研究质量评估工具 [研究方法资料]","https://www.nih.gov/about-nih/science-health-public-trust/tools/understanding-clinical-studies；https://www.nhlbi.nih.gov/health-topics/study-quality-assessment-tools","2026-10-04","内容编辑与机制审核，未获逐方向专家签审"
"pediatrics-6","pediatrics","儿童血液","研究对象、观察窗口与资料比较条件","hematology","细分核对","母婴或儿童索引、发育阶段与随访窗口","保留配对关系、年龄阶段与缺失随访","不同发育阶段的差异被当成同一阶段的变化","阶段差异不能直接替代纵向变化","NIH：认识临床研究 [研究方法入门]；NHLBI：研究质量评估工具 [研究方法资料]","https://www.nih.gov/about-nih/science-health-public-trust/tools/understanding-clinical-studies；https://www.nhlbi.nih.gov/health-topics/study-quality-assessment-tools","2026-10-04","内容编辑与机制审核，未获逐方向专家签审"
"pediatrics-7","pediatrics","新生儿研究","研究对象、观察窗口与资料比较条件","life-course","细分核对","母婴或儿童索引、发育阶段与随访窗口","保留配对关系、年龄阶段与缺失随访","不同发育阶段的差异被当成同一阶段的变化","阶段差异不能直接替代纵向变化","NIH：认识临床研究 [研究方法入门]；NHLBI：研究质量评估工具 [研究方法资料]","https://www.nih.gov/about-nih/science-health-public-trust/tools/understanding-clinical-studies；https://www.nhlbi.nih.gov/health-topics/study-quality-assessment-tools","2026-10-04","内容编辑与机制审核，未获逐方向专家签审"
"pediatrics-8","pediatrics","儿童营养","阶段、生活条件与功能或体验变化","life-course","细分核对","母婴或儿童索引、发育阶段与随访窗口","保留配对关系、年龄阶段与缺失随访","不同发育阶段的差异被当成同一阶段的变化","阶段差异不能直接替代纵向变化","NIH：认识临床研究 [研究方法入门]；NHLBI：研究质量评估工具 [研究方法资料]","https://www.nih.gov/about-nih/science-health-public-trust/tools/understanding-clinical-studies；https://www.nhlbi.nih.gov/health-topics/study-quality-assessment-tools","2026-10-04","内容编辑与机制审核，未获逐方向专家签审"
"pediatrics-9","pediatrics","儿童发育","阶段、生活条件与功能或体验变化","anatomy","细分核对","母婴或儿童索引、发育阶段与随访窗口","保留配对关系、年龄阶段与缺失随访","不同发育阶段的差异被当成同一阶段的变化","阶段差异不能直接替代纵向变化","OpenStax：解剖与生理教材说明 [基础教材入口]","https://openstax.org/books/anatomy-and-physiology-2e/pages/preface","2026-10-04","内容编辑与机制审核，未获逐方向专家签审"
"pediatrics-10","pediatrics","儿童遗传","对象关系、参考版本与变异解释","genetic-association","细分核对","母婴或儿童索引、发育阶段与随访窗口","保留配对关系、年龄阶段与缺失随访","不同发育阶段的差异被当成同一阶段的变化","阶段差异不能直接替代纵向变化","清华统计与数据科学：科研领域 [学科范围]；NHLBI：研究质量评估工具 [研究方法资料]","https://www.stat.tsinghua.edu.cn/kxyj/kylyy.htm；https://www.nhlbi.nih.gov/health-topics/study-quality-assessment-tools","2026-10-04","内容编辑与机制审核，未获逐方向专家签审"
"pediatrics-11","pediatrics","儿童影像","对象内重复、平台版本与图像质量","imaging","细分核对","母婴或儿童索引、发育阶段与随访窗口","保留配对关系、年龄阶段与缺失随访","不同发育阶段的差异被当成同一阶段的变化","阶段差异不能直接替代纵向变化","NIH：认识临床研究 [研究方法入门]；NHLBI：研究质量评估工具 [研究方法资料]","https://www.nih.gov/about-nih/science-health-public-trust/tools/understanding-clinical-studies；https://www.nhlbi.nih.gov/health-topics/study-quality-assessment-tools","2026-10-04","内容编辑与机制审核，未获逐方向专家签审"
"pediatrics-12","pediatrics","儿童长期随访","入组范围、观察时间与未完成随访","life-course","细分核对","母婴或儿童索引、发育阶段与随访窗口","保留配对关系、年龄阶段与缺失随访","不同发育阶段的差异被当成同一阶段的变化","阶段差异不能直接替代纵向变化","NIH：认识临床研究 [研究方法入门]；NHLBI：研究质量评估工具 [研究方法资料]","https://www.nih.gov/about-nih/science-health-public-trust/tools/understanding-clinical-studies；https://www.nhlbi.nih.gov/health-topics/study-quality-assessment-tools","2026-10-04","内容编辑与机制审核，未获逐方向专家签审"
"ophthalmology-1","ophthalmology","视网膜研究","研究对象、观察窗口与资料比较条件","sensory","共享主题模块","功能测试条件、侧别与重复评估记录","把侧别与个体对应，核对测试环境","两侧测量与同一人的复测被摊成独立样本","重复测量增多不等于独立对象增多","NIH：认识临床研究 [研究方法入门]；NHLBI：研究质量评估工具 [研究方法资料]","https://www.nih.gov/about-nih/science-health-public-trust/tools/understanding-clinical-studies；https://www.nhlbi.nih.gov/health-topics/study-quality-assessment-tools","2026-10-04","内容编辑与机制审核，未获逐方向专家签审"
"ophthalmology-2","ophthalmology","青光眼研究","研究对象、观察窗口与资料比较条件","sensory","共享主题模块","功能测试条件、侧别与重复评估记录","把侧别与个体对应，核对测试环境","两侧测量与同一人的复测被摊成独立样本","重复测量增多不等于独立对象增多","NIH：认识临床研究 [研究方法入门]；NHLBI：研究质量评估工具 [研究方法资料]","https://www.nih.gov/about-nih/science-health-public-trust/tools/understanding-clinical-studies；https://www.nhlbi.nih.gov/health-topics/study-quality-assessment-tools","2026-10-04","内容编辑与机制审核，未获逐方向专家签审"
"ophthalmology-3","ophthalmology","角膜研究","研究对象、观察窗口与资料比较条件","sensory","共享主题模块","功能测试条件、侧别与重复评估记录","把侧别与个体对应，核对测试环境","两侧测量与同一人的复测被摊成独立样本","重复测量增多不等于独立对象增多","NIH：认识临床研究 [研究方法入门]；NHLBI：研究质量评估工具 [研究方法资料]","https://www.nih.gov/about-nih/science-health-public-trust/tools/understanding-clinical-studies；https://www.nhlbi.nih.gov/health-topics/study-quality-assessment-tools","2026-10-04","内容编辑与机制审核，未获逐方向专家签审"
"ophthalmology-4","ophthalmology","白内障结局","入组范围、观察时间与未完成随访","sensory","共享主题模块","功能测试条件、侧别与重复评估记录","把侧别与个体对应，核对测试环境","两侧测量与同一人的复测被摊成独立样本","重复测量增多不等于独立对象增多","NIH：认识临床研究 [研究方法入门]；NHLBI：研究质量评估工具 [研究方法资料]","https://www.nih.gov/about-nih/science-health-public-trust/tools/understanding-clinical-studies；https://www.nhlbi.nih.gov/health-topics/study-quality-assessment-tools","2026-10-04","内容编辑与机制审核，未获逐方向专家签审"
"ophthalmology-5","ophthalmology","视觉功能","任务或测量条件、重复记录与时间","sensory","共享主题模块","功能测试条件、侧别与重复评估记录","把侧别与个体对应，核对测试环境","两侧测量与同一人的复测被摊成独立样本","重复测量增多不等于独立对象增多","NIH：认识临床研究 [研究方法入门]；NHLBI：研究质量评估工具 [研究方法资料]","https://www.nih.gov/about-nih/science-health-public-trust/tools/understanding-clinical-studies；https://www.nhlbi.nih.gov/health-topics/study-quality-assessment-tools","2026-10-04","内容编辑与机制审核，未获逐方向专家签审"
"ophthalmology-6","ophthalmology","近视与屈光","研究对象、观察窗口与资料比较条件","sensory","共享主题模块","功能测试条件、侧别与重复评估记录","把侧别与个体对应，核对测试环境","两侧测量与同一人的复测被摊成独立样本","重复测量增多不等于独立对象增多","NIH：认识临床研究 [研究方法入门]；NHLBI：研究质量评估工具 [研究方法资料]","https://www.nih.gov/about-nih/science-health-public-trust/tools/understanding-clinical-studies；https://www.nhlbi.nih.gov/health-topics/study-quality-assessment-tools","2026-10-04","内容编辑与机制审核，未获逐方向专家签审"
"ophthalmology-7","ophthalmology","眼科影像","对象内重复、平台版本与图像质量","imaging","共享主题模块","设备平台、读者判断与个体索引","按个体划分记录，保留平台版本和读者分歧","一人的多张图像同时进入开发和评估资料","图像数量不能代替独立个体和外部评估","NIH：认识临床研究 [研究方法入门]；NHLBI：研究质量评估工具 [研究方法资料]","https://www.nih.gov/about-nih/science-health-public-trust/tools/understanding-clinical-studies；https://www.nhlbi.nih.gov/health-topics/study-quality-assessment-tools","2026-10-04","内容编辑与机制审核，未获逐方向专家签审"
"ophthalmology-8","ophthalmology","眼科遗传","对象关系、参考版本与变异解释","genetic-association","细分核对","变异标识、效应等位基因与祖源构成","对齐等位基因、效应方向和研究人群，区分关联与机制","效应等位基因不同的结果被写成方向冲突","标识和方向核对先于生物学解释，关联不独立证明机制","清华统计与数据科学：科研领域 [学科范围]；NHLBI：研究质量评估工具 [研究方法资料]","https://www.stat.tsinghua.edu.cn/kxyj/kylyy.htm；https://www.nhlbi.nih.gov/health-topics/study-quality-assessment-tools","2026-10-04","内容编辑与机制审核，未获逐方向专家签审"
"ophthalmology-9","ophthalmology","眼表研究","研究对象、观察窗口与资料比较条件","sensory","共享主题模块","功能测试条件、侧别与重复评估记录","把侧别与个体对应，核对测试环境","两侧测量与同一人的复测被摊成独立样本","重复测量增多不等于独立对象增多","NIH：认识临床研究 [研究方法入门]；NHLBI：研究质量评估工具 [研究方法资料]","https://www.nih.gov/about-nih/science-health-public-trust/tools/understanding-clinical-studies；https://www.nhlbi.nih.gov/health-topics/study-quality-assessment-tools","2026-10-04","内容编辑与机制审核，未获逐方向专家签审"
"ophthalmology-10","ophthalmology","低视力康复","阶段、生活条件与功能或体验变化","sensory","共享主题模块","功能测试条件、侧别与重复评估记录","把侧别与个体对应，核对测试环境","两侧测量与同一人的复测被摊成独立样本","重复测量增多不等于独立对象增多","NIH：认识临床研究 [研究方法入门]；NHLBI：研究质量评估工具 [研究方法资料]","https://www.nih.gov/about-nih/science-health-public-trust/tools/understanding-clinical-studies；https://www.nhlbi.nih.gov/health-topics/study-quality-assessment-tools","2026-10-04","内容编辑与机制审核，未获逐方向专家签审"
"ophthalmology-11","ophthalmology","视觉心理物理","研究对象、观察窗口与资料比较条件","psychology","共享主题模块","任务说明、构念定义与被试反应记录","核对任务操纵与测量含义，保留练习顺序","中途改过指导语，却把前后得分直接合并","任务指标不能直接等同于完整心理构念","北京师范大学：课程与教学研究方向 [学科范围]；NHLBI：研究质量评估工具 [研究方法资料]","https://cter.bnu.edu.cn/docs/2024-05/e0d9749ec02e425eb45aa96fefdadc2a.pdf；https://www.nhlbi.nih.gov/health-topics/study-quality-assessment-tools","2026-10-04","内容编辑与机制审核，未获逐方向专家签审"
"ophthalmology-12","ophthalmology","眼科器械评价","原型版本、使用任务与失败反馈","sensory","共享主题模块","功能测试条件、侧别与重复评估记录","把侧别与个体对应，核对测试环境","两侧测量与同一人的复测被摊成独立样本","重复测量增多不等于独立对象增多","NIH：认识临床研究 [研究方法入门]；NHLBI：研究质量评估工具 [研究方法资料]","https://www.nih.gov/about-nih/science-health-public-trust/tools/understanding-clinical-studies；https://www.nhlbi.nih.gov/health-topics/study-quality-assessment-tools","2026-10-04","内容编辑与机制审核，未获逐方向专家签审"
"ent-1","ent","听觉科学","研究对象、观察窗口与资料比较条件","medical-device","共享主题模块","使用任务、设备版本与技术评价记录","区分设备测量性能、使用反馈与临床结局","设备读数更稳定被直接写成患者结局改善","技术性能不能代替患者相关结局和使用条件","NIH：认识临床研究 [研究方法入门]；NHLBI：研究质量评估工具 [研究方法资料]","https://www.nih.gov/about-nih/science-health-public-trust/tools/understanding-clinical-studies；https://www.nhlbi.nih.gov/health-topics/study-quality-assessment-tools","2026-10-04","内容编辑与机制审核，未获逐方向专家签审"
"ent-2","ent","前庭功能","任务或测量条件、重复记录与时间","medical-device","共享主题模块","使用任务、设备版本与技术评价记录","区分设备测量性能、使用反馈与临床结局","设备读数更稳定被直接写成患者结局改善","技术性能不能代替患者相关结局和使用条件","NIH：认识临床研究 [研究方法入门]；NHLBI：研究质量评估工具 [研究方法资料]","https://www.nih.gov/about-nih/science-health-public-trust/tools/understanding-clinical-studies；https://www.nhlbi.nih.gov/health-topics/study-quality-assessment-tools","2026-10-04","内容编辑与机制审核，未获逐方向专家签审"
"ent-3","ent","耳科影像","对象内重复、平台版本与图像质量","imaging","共享主题模块","设备平台、读者判断与个体索引","按个体划分记录，保留平台版本和读者分歧","一人的多张图像同时进入开发和评估资料","图像数量不能代替独立个体和外部评估","NIH：认识临床研究 [研究方法入门]；NHLBI：研究质量评估工具 [研究方法资料]","https://www.nih.gov/about-nih/science-health-public-trust/tools/understanding-clinical-studies；https://www.nhlbi.nih.gov/health-topics/study-quality-assessment-tools","2026-10-04","内容编辑与机制审核，未获逐方向专家签审"
"ent-4","ent","鼻部疾病研究","研究对象、观察窗口与资料比较条件","sensory","共享主题模块","功能测试条件、侧别与重复评估记录","把侧别与个体对应，核对测试环境","两侧测量与同一人的复测被摊成独立样本","重复测量增多不等于独立对象增多","NIH：认识临床研究 [研究方法入门]；NHLBI：研究质量评估工具 [研究方法资料]","https://www.nih.gov/about-nih/science-health-public-trust/tools/understanding-clinical-studies；https://www.nhlbi.nih.gov/health-topics/study-quality-assessment-tools","2026-10-04","内容编辑与机制审核，未获逐方向专家签审"
"ent-5","ent","嗅觉研究","研究对象、观察窗口与资料比较条件","medical-device","共享主题模块","使用任务、设备版本与技术评价记录","区分设备测量性能、使用反馈与临床结局","设备读数更稳定被直接写成患者结局改善","技术性能不能代替患者相关结局和使用条件","NIH：认识临床研究 [研究方法入门]；NHLBI：研究质量评估工具 [研究方法资料]","https://www.nih.gov/about-nih/science-health-public-trust/tools/understanding-clinical-studies；https://www.nhlbi.nih.gov/health-topics/study-quality-assessment-tools","2026-10-04","内容编辑与机制审核，未获逐方向专家签审"
"ent-6","ent","咽喉功能","任务或测量条件、重复记录与时间","sensory","共享主题模块","功能测试条件、侧别与重复评估记录","把侧别与个体对应，核对测试环境","两侧测量与同一人的复测被摊成独立样本","重复测量增多不等于独立对象增多","NIH：认识临床研究 [研究方法入门]；NHLBI：研究质量评估工具 [研究方法资料]","https://www.nih.gov/about-nih/science-health-public-trust/tools/understanding-clinical-studies；https://www.nhlbi.nih.gov/health-topics/study-quality-assessment-tools","2026-10-04","内容编辑与机制审核，未获逐方向专家签审"
"ent-7","ent","声音与言语","研究对象、观察窗口与资料比较条件","medical-device","共享主题模块","使用任务、设备版本与技术评价记录","区分设备测量性能、使用反馈与临床结局","设备读数更稳定被直接写成患者结局改善","技术性能不能代替患者相关结局和使用条件","NIH：认识临床研究 [研究方法入门]；NHLBI：研究质量评估工具 [研究方法资料]","https://www.nih.gov/about-nih/science-health-public-trust/tools/understanding-clinical-studies；https://www.nhlbi.nih.gov/health-topics/study-quality-assessment-tools","2026-10-04","内容编辑与机制审核，未获逐方向专家签审"
"ent-8","ent","头颈肿瘤","研究对象、观察窗口与资料比较条件","oncology","共享主题模块","分期版本、随访截止与后续处置记录","区分结局定义、随访时长与后续处理","短随访组与长随访组被直接比较","观察关联不能承诺个体疗效","NIH：认识临床研究 [研究方法入门]；NHLBI：研究质量评估工具 [研究方法资料]","https://www.nih.gov/about-nih/science-health-public-trust/tools/understanding-clinical-studies；https://www.nhlbi.nih.gov/health-topics/study-quality-assessment-tools","2026-10-04","内容编辑与机制审核，未获逐方向专家签审"
"ent-9","ent","睡眠与气道","研究对象、观察窗口与资料比较条件","respiratory","共享主题模块","肺功能版本、症状记录与复查日期","分开仪器版本与观察窗口，再核对失访","新版设备上线恰好碰到随访间隔改变","测量变化与疾病变化要分别讨论","NIH：认识临床研究 [研究方法入门]；NHLBI：研究质量评估工具 [研究方法资料]","https://www.nih.gov/about-nih/science-health-public-trust/tools/understanding-clinical-studies；https://www.nhlbi.nih.gov/health-topics/study-quality-assessment-tools","2026-10-04","内容编辑与机制审核，未获逐方向专家签审"
"ent-10","ent","听觉康复","阶段、生活条件与功能或体验变化","medical-device","共享主题模块","使用任务、设备版本与技术评价记录","区分设备测量性能、使用反馈与临床结局","设备读数更稳定被直接写成患者结局改善","技术性能不能代替患者相关结局和使用条件","NIH：认识临床研究 [研究方法入门]；NHLBI：研究质量评估工具 [研究方法资料]","https://www.nih.gov/about-nih/science-health-public-trust/tools/understanding-clinical-studies；https://www.nhlbi.nih.gov/health-topics/study-quality-assessment-tools","2026-10-04","内容编辑与机制审核，未获逐方向专家签审"
"ent-11","ent","听觉设备评价","原型版本、使用任务与失败反馈","medical-device","共享主题模块","使用任务、设备版本与技术评价记录","区分设备测量性能、使用反馈与临床结局","设备读数更稳定被直接写成患者结局改善","技术性能不能代替患者相关结局和使用条件","NIH：认识临床研究 [研究方法入门]；NHLBI：研究质量评估工具 [研究方法资料]","https://www.nih.gov/about-nih/science-health-public-trust/tools/understanding-clinical-studies；https://www.nhlbi.nih.gov/health-topics/study-quality-assessment-tools","2026-10-04","内容编辑与机制审核，未获逐方向专家签审"
"ent-12","ent","患者报告结局","入组范围、观察时间与未完成随访","measurement-scale","共享主题模块","条目版本、填答者与缺失条目","先确认量表含义和适用对象，再比较总分","删去不同条目后仍沿用原来总分的解释","总分相同不保证测量的内容相同","NHLBI：研究质量评估工具 [研究方法资料]","https://www.nhlbi.nih.gov/health-topics/study-quality-assessment-tools","2026-10-04","内容编辑与机制审核，未获逐方向专家签审"
"dermatology-1","dermatology","炎症性皮肤病","研究对象、观察窗口与资料比较条件","skin","共享主题模块","拍摄条件、分级意见与患者体验记录","保留照明、评分者和填答时点的差异","前后照片光线不同，外观改善被写得过满","外观照片不能独立证明功能或生活质量改善","NIH：认识临床研究 [研究方法入门]；NHLBI：研究质量评估工具 [研究方法资料]","https://www.nih.gov/about-nih/science-health-public-trust/tools/understanding-clinical-studies；https://www.nhlbi.nih.gov/health-topics/study-quality-assessment-tools","2026-10-04","内容编辑与机制审核，未获逐方向专家签审"
"dermatology-2","dermatology","皮肤免疫","资料来源、批次与模型范围","skin","共享主题模块","拍摄条件、分级意见与患者体验记录","保留照明、评分者和填答时点的差异","前后照片光线不同，外观改善被写得过满","外观照片不能独立证明功能或生活质量改善","NIH：认识临床研究 [研究方法入门]；NHLBI：研究质量评估工具 [研究方法资料]","https://www.nih.gov/about-nih/science-health-public-trust/tools/understanding-clinical-studies；https://www.nhlbi.nih.gov/health-topics/study-quality-assessment-tools","2026-10-04","内容编辑与机制审核，未获逐方向专家签审"
"dermatology-3","dermatology","皮肤肿瘤","研究对象、观察窗口与资料比较条件","skin","共享主题模块","拍摄条件、分级意见与患者体验记录","保留照明、评分者和填答时点的差异","前后照片光线不同，外观改善被写得过满","外观照片不能独立证明功能或生活质量改善","NIH：认识临床研究 [研究方法入门]；NHLBI：研究质量评估工具 [研究方法资料]","https://www.nih.gov/about-nih/science-health-public-trust/tools/understanding-clinical-studies；https://www.nhlbi.nih.gov/health-topics/study-quality-assessment-tools","2026-10-04","内容编辑与机制审核，未获逐方向专家签审"
"dermatology-4","dermatology","皮肤影像","对象内重复、平台版本与图像质量","skin","共享主题模块","拍摄条件、分级意见与患者体验记录","保留照明、评分者和填答时点的差异","前后照片光线不同，外观改善被写得过满","外观照片不能独立证明功能或生活质量改善","NIH：认识临床研究 [研究方法入门]；NHLBI：研究质量评估工具 [研究方法资料]","https://www.nih.gov/about-nih/science-health-public-trust/tools/understanding-clinical-studies；https://www.nhlbi.nih.gov/health-topics/study-quality-assessment-tools","2026-10-04","内容编辑与机制审核，未获逐方向专家签审"
"dermatology-5","dermatology","皮肤遗传","对象关系、参考版本与变异解释","skin","共享主题模块","拍摄条件、分级意见与患者体验记录","保留照明、评分者和填答时点的差异","前后照片光线不同，外观改善被写得过满","外观照片不能独立证明功能或生活质量改善","NIH：认识临床研究 [研究方法入门]；NHLBI：研究质量评估工具 [研究方法资料]","https://www.nih.gov/about-nih/science-health-public-trust/tools/understanding-clinical-studies；https://www.nhlbi.nih.gov/health-topics/study-quality-assessment-tools","2026-10-04","内容编辑与机制审核，未获逐方向专家签审"
"dermatology-6","dermatology","皮肤屏障","研究对象、观察窗口与资料比较条件","skin","共享主题模块","拍摄条件、分级意见与患者体验记录","保留照明、评分者和填答时点的差异","前后照片光线不同，外观改善被写得过满","外观照片不能独立证明功能或生活质量改善","NIH：认识临床研究 [研究方法入门]；NHLBI：研究质量评估工具 [研究方法资料]","https://www.nih.gov/about-nih/science-health-public-trust/tools/understanding-clinical-studies；https://www.nhlbi.nih.gov/health-topics/study-quality-assessment-tools","2026-10-04","内容编辑与机制审核，未获逐方向专家签审"
"dermatology-7","dermatology","毛发研究","研究对象、观察窗口与资料比较条件","skin","共享主题模块","拍摄条件、分级意见与患者体验记录","保留照明、评分者和填答时点的差异","前后照片光线不同，外观改善被写得过满","外观照片不能独立证明功能或生活质量改善","NIH：认识临床研究 [研究方法入门]；NHLBI：研究质量评估工具 [研究方法资料]","https://www.nih.gov/about-nih/science-health-public-trust/tools/understanding-clinical-studies；https://www.nhlbi.nih.gov/health-topics/study-quality-assessment-tools","2026-10-04","内容编辑与机制审核，未获逐方向专家签审"
"dermatology-8","dermatology","皮肤量表","测量含义、填答者与时间窗口","skin","共享主题模块","拍摄条件、分级意见与患者体验记录","保留照明、评分者和填答时点的差异","前后照片光线不同，外观改善被写得过满","外观照片不能独立证明功能或生活质量改善","NIH：认识临床研究 [研究方法入门]；NHLBI：研究质量评估工具 [研究方法资料]","https://www.nih.gov/about-nih/science-health-public-trust/tools/understanding-clinical-studies；https://www.nhlbi.nih.gov/health-topics/study-quality-assessment-tools","2026-10-04","内容编辑与机制审核，未获逐方向专家签审"
"dermatology-9","dermatology","光与皮肤","研究对象、观察窗口与资料比较条件","skin","共享主题模块","拍摄条件、分级意见与患者体验记录","保留照明、评分者和填答时点的差异","前后照片光线不同，外观改善被写得过满","外观照片不能独立证明功能或生活质量改善","NIH：认识临床研究 [研究方法入门]；NHLBI：研究质量评估工具 [研究方法资料]","https://www.nih.gov/about-nih/science-health-public-trust/tools/understanding-clinical-studies；https://www.nhlbi.nih.gov/health-topics/study-quality-assessment-tools","2026-10-04","内容编辑与机制审核，未获逐方向专家签审"
"dermatology-10","dermatology","创面结局","入组范围、观察时间与未完成随访","skin","共享主题模块","拍摄条件、分级意见与患者体验记录","保留照明、评分者和填答时点的差异","前后照片光线不同，外观改善被写得过满","外观照片不能独立证明功能或生活质量改善","NIH：认识临床研究 [研究方法入门]；NHLBI：研究质量评估工具 [研究方法资料]","https://www.nih.gov/about-nih/science-health-public-trust/tools/understanding-clinical-studies；https://www.nhlbi.nih.gov/health-topics/study-quality-assessment-tools","2026-10-04","内容编辑与机制审核，未获逐方向专家签审"
"dermatology-11","dermatology","生活质量","测量含义、填答者与时间窗口","skin","共享主题模块","拍摄条件、分级意见与患者体验记录","保留照明、评分者和填答时点的差异","前后照片光线不同，外观改善被写得过满","外观照片不能独立证明功能或生活质量改善","NIH：认识临床研究 [研究方法入门]；NHLBI：研究质量评估工具 [研究方法资料]","https://www.nih.gov/about-nih/science-health-public-trust/tools/understanding-clinical-studies；https://www.nhlbi.nih.gov/health-topics/study-quality-assessment-tools","2026-10-04","内容编辑与机制审核，未获逐方向专家签审"
"dermatology-12","dermatology","皮肤疾病队列","入组范围、观察时间与未完成随访","skin","共享主题模块","拍摄条件、分级意见与患者体验记录","保留照明、评分者和填答时点的差异","前后照片光线不同，外观改善被写得过满","外观照片不能独立证明功能或生活质量改善","NIH：认识临床研究 [研究方法入门]；NHLBI：研究质量评估工具 [研究方法资料]","https://www.nih.gov/about-nih/science-health-public-trust/tools/understanding-clinical-studies；https://www.nhlbi.nih.gov/health-topics/study-quality-assessment-tools","2026-10-04","内容编辑与机制审核，未获逐方向专家签审"
"oncology-1","oncology","肿瘤结局","入组范围、观察时间与未完成随访","oncology","细分核对","入组条件、分层记录与结局时间轴","区分反应指标、持续时间与患者相关结局","短期指标变化被当成长期获益","替代指标不能无条件代替长期结局","NIH：认识临床研究 [研究方法入门]；NHLBI：研究质量评估工具 [研究方法资料]","https://www.nih.gov/about-nih/science-health-public-trust/tools/understanding-clinical-studies；https://www.nhlbi.nih.gov/health-topics/study-quality-assessment-tools","2026-10-04","内容编辑与机制审核，未获逐方向专家签审"
"oncology-2","oncology","肿瘤遗传","对象关系、参考版本与变异解释","genetic-association","细分核对","入组条件、分层记录与结局时间轴","区分反应指标、持续时间与患者相关结局","短期指标变化被当成长期获益","替代指标不能无条件代替长期结局","清华统计与数据科学：科研领域 [学科范围]；NHLBI：研究质量评估工具 [研究方法资料]","https://www.stat.tsinghua.edu.cn/kxyj/kylyy.htm；https://www.nhlbi.nih.gov/health-topics/study-quality-assessment-tools","2026-10-04","内容编辑与机制审核，未获逐方向专家签审"
"oncology-3","oncology","肿瘤影像","对象内重复、平台版本与图像质量","imaging","细分核对","入组条件、分层记录与结局时间轴","区分反应指标、持续时间与患者相关结局","短期指标变化被当成长期获益","替代指标不能无条件代替长期结局","NIH：认识临床研究 [研究方法入门]；NHLBI：研究质量评估工具 [研究方法资料]","https://www.nih.gov/about-nih/science-health-public-trust/tools/understanding-clinical-studies；https://www.nhlbi.nih.gov/health-topics/study-quality-assessment-tools","2026-10-04","内容编辑与机制审核，未获逐方向专家签审"
"oncology-4","oncology","肿瘤微环境","研究对象、观察窗口与资料比较条件","oncology","细分核对","入组条件、分层记录与结局时间轴","区分反应指标、持续时间与患者相关结局","短期指标变化被当成长期获益","替代指标不能无条件代替长期结局","NIH：认识临床研究 [研究方法入门]；NHLBI：研究质量评估工具 [研究方法资料]","https://www.nih.gov/about-nih/science-health-public-trust/tools/understanding-clinical-studies；https://www.nhlbi.nih.gov/health-topics/study-quality-assessment-tools","2026-10-04","内容编辑与机制审核，未获逐方向专家签审"
"oncology-5","oncology","肿瘤代谢","研究对象、观察窗口与资料比较条件","metabolic","细分核对","入组条件、分层记录与结局时间轴","区分反应指标、持续时间与患者相关结局","短期指标变化被当成长期获益","替代指标不能无条件代替长期结局","NIH：认识临床研究 [研究方法入门]；NHLBI：研究质量评估工具 [研究方法资料]","https://www.nih.gov/about-nih/science-health-public-trust/tools/understanding-clinical-studies；https://www.nhlbi.nih.gov/health-topics/study-quality-assessment-tools","2026-10-04","内容编辑与机制审核，未获逐方向专家签审"
"oncology-6","oncology","肿瘤免疫","资料来源、批次与模型范围","oncology","细分核对","入组条件、分层记录与结局时间轴","区分反应指标、持续时间与患者相关结局","短期指标变化被当成长期获益","替代指标不能无条件代替长期结局","NIH：认识临床研究 [研究方法入门]；NHLBI：研究质量评估工具 [研究方法资料]","https://www.nih.gov/about-nih/science-health-public-trust/tools/understanding-clinical-studies；https://www.nhlbi.nih.gov/health-topics/study-quality-assessment-tools","2026-10-04","内容编辑与机制审核，未获逐方向专家签审"
"oncology-7","oncology","肿瘤病理","测量口径、平台或读者差异","imaging","细分核对","入组条件、分层记录与结局时间轴","区分反应指标、持续时间与患者相关结局","短期指标变化被当成长期获益","替代指标不能无条件代替长期结局","NIH：认识临床研究 [研究方法入门]；NHLBI：研究质量评估工具 [研究方法资料]","https://www.nih.gov/about-nih/science-health-public-trust/tools/understanding-clinical-studies；https://www.nhlbi.nih.gov/health-topics/study-quality-assessment-tools","2026-10-04","内容编辑与机制审核，未获逐方向专家签审"
"oncology-8","oncology","生存质量","入组范围、观察时间与未完成随访","oncology","共享主题模块","分期版本、随访截止与后续处置记录","区分结局定义、随访时长与后续处理","短随访组与长随访组被直接比较","观察关联不能承诺个体疗效","NIH：认识临床研究 [研究方法入门]；NHLBI：研究质量评估工具 [研究方法资料]","https://www.nih.gov/about-nih/science-health-public-trust/tools/understanding-clinical-studies；https://www.nhlbi.nih.gov/health-topics/study-quality-assessment-tools","2026-10-04","内容编辑与机制审核，未获逐方向专家签审"
"oncology-9","oncology","癌症登记","入组范围、观察时间与未完成随访","oncology","细分核对","入组条件、分层记录与结局时间轴","区分反应指标、持续时间与患者相关结局","短期指标变化被当成长期获益","替代指标不能无条件代替长期结局","NIH：认识临床研究 [研究方法入门]；NHLBI：研究质量评估工具 [研究方法资料]","https://www.nih.gov/about-nih/science-health-public-trust/tools/understanding-clinical-studies；https://www.nhlbi.nih.gov/health-topics/study-quality-assessment-tools","2026-10-04","内容编辑与机制审核，未获逐方向专家签审"
"oncology-10","oncology","肿瘤康复","阶段、生活条件与功能或体验变化","oncology","细分核对","入组条件、分层记录与结局时间轴","区分反应指标、持续时间与患者相关结局","短期指标变化被当成长期获益","替代指标不能无条件代替长期结局","NIH：认识临床研究 [研究方法入门]；NHLBI：研究质量评估工具 [研究方法资料]","https://www.nih.gov/about-nih/science-health-public-trust/tools/understanding-clinical-studies；https://www.nhlbi.nih.gov/health-topics/study-quality-assessment-tools","2026-10-04","内容编辑与机制审核，未获逐方向专家签审"
"oncology-11","oncology","肿瘤资料整合","来源、批次与独立对象","oncology","细分核对","入组条件、分层记录与结局时间轴","区分反应指标、持续时间与患者相关结局","短期指标变化被当成长期获益","替代指标不能无条件代替长期结局","NIH：认识临床研究 [研究方法入门]；NHLBI：研究质量评估工具 [研究方法资料]","https://www.nih.gov/about-nih/science-health-public-trust/tools/understanding-clinical-studies；https://www.nhlbi.nih.gov/health-topics/study-quality-assessment-tools","2026-10-04","内容编辑与机制审核，未获逐方向专家签审"
"oncology-12","oncology","长期随访","入组范围、观察时间与未完成随访","oncology","共享主题模块","分期版本、随访截止与后续处置记录","区分结局定义、随访时长与后续处理","短随访组与长随访组被直接比较","观察关联不能承诺个体疗效","NIH：认识临床研究 [研究方法入门]；NHLBI：研究质量评估工具 [研究方法资料]","https://www.nih.gov/about-nih/science-health-public-trust/tools/understanding-clinical-studies；https://www.nhlbi.nih.gov/health-topics/study-quality-assessment-tools","2026-10-04","内容编辑与机制审核，未获逐方向专家签审"
"emergency-1","emergency","急诊流程","研究对象、观察窗口与资料比较条件","surgery","共享主题模块","过程记录、处置时间轴与结局定义","区分术前状态、过程环节与术后观察","同一个并发事件在两个表里用了不同定义","过程先后不能独立证明某个环节造成结局","NIH：认识临床研究 [研究方法入门]；NHLBI：研究质量评估工具 [研究方法资料]","https://www.nih.gov/about-nih/science-health-public-trust/tools/understanding-clinical-studies；https://www.nhlbi.nih.gov/health-topics/study-quality-assessment-tools","2026-10-04","内容编辑与机制审核，未获逐方向专家签审"
"emergency-2","emergency","分诊研究","研究对象、观察窗口与资料比较条件","surgery","共享主题模块","过程记录、处置时间轴与结局定义","区分术前状态、过程环节与术后观察","同一个并发事件在两个表里用了不同定义","过程先后不能独立证明某个环节造成结局","NIH：认识临床研究 [研究方法入门]；NHLBI：研究质量评估工具 [研究方法资料]","https://www.nih.gov/about-nih/science-health-public-trust/tools/understanding-clinical-studies；https://www.nhlbi.nih.gov/health-topics/study-quality-assessment-tools","2026-10-04","内容编辑与机制审核，未获逐方向专家签审"
"emergency-3","emergency","急诊质量","研究对象、观察窗口与资料比较条件","surgery","共享主题模块","过程记录、处置时间轴与结局定义","区分术前状态、过程环节与术后观察","同一个并发事件在两个表里用了不同定义","过程先后不能独立证明某个环节造成结局","NIH：认识临床研究 [研究方法入门]；NHLBI：研究质量评估工具 [研究方法资料]","https://www.nih.gov/about-nih/science-health-public-trust/tools/understanding-clinical-studies；https://www.nhlbi.nih.gov/health-topics/study-quality-assessment-tools","2026-10-04","内容编辑与机制审核，未获逐方向专家签审"
"emergency-4","emergency","急诊影像","对象内重复、平台版本与图像质量","imaging","共享主题模块","设备平台、读者判断与个体索引","按个体划分记录，保留平台版本和读者分歧","一人的多张图像同时进入开发和评估资料","图像数量不能代替独立个体和外部评估","NIH：认识临床研究 [研究方法入门]；NHLBI：研究质量评估工具 [研究方法资料]","https://www.nih.gov/about-nih/science-health-public-trust/tools/understanding-clinical-studies；https://www.nhlbi.nih.gov/health-topics/study-quality-assessment-tools","2026-10-04","内容编辑与机制审核，未获逐方向专家签审"
"emergency-5","emergency","时间记录","研究对象、观察窗口与资料比较条件","surgery","共享主题模块","过程记录、处置时间轴与结局定义","区分术前状态、过程环节与术后观察","同一个并发事件在两个表里用了不同定义","过程先后不能独立证明某个环节造成结局","NIH：认识临床研究 [研究方法入门]；NHLBI：研究质量评估工具 [研究方法资料]","https://www.nih.gov/about-nih/science-health-public-trust/tools/understanding-clinical-studies；https://www.nhlbi.nih.gov/health-topics/study-quality-assessment-tools","2026-10-04","内容编辑与机制审核，未获逐方向专家签审"
"emergency-6","emergency","急诊服务需求","目标、执行层次与受益差异","surgery","共享主题模块","过程记录、处置时间轴与结局定义","区分术前状态、过程环节与术后观察","同一个并发事件在两个表里用了不同定义","过程先后不能独立证明某个环节造成结局","NIH：认识临床研究 [研究方法入门]；NHLBI：研究质量评估工具 [研究方法资料]","https://www.nih.gov/about-nih/science-health-public-trust/tools/understanding-clinical-studies；https://www.nhlbi.nih.gov/health-topics/study-quality-assessment-tools","2026-10-04","内容编辑与机制审核，未获逐方向专家签审"
"emergency-7","emergency","急诊信息系统","研究对象、观察窗口与资料比较条件","surgery","共享主题模块","过程记录、处置时间轴与结局定义","区分术前状态、过程环节与术后观察","同一个并发事件在两个表里用了不同定义","过程先后不能独立证明某个环节造成结局","NIH：认识临床研究 [研究方法入门]；NHLBI：研究质量评估工具 [研究方法资料]","https://www.nih.gov/about-nih/science-health-public-trust/tools/understanding-clinical-studies；https://www.nhlbi.nih.gov/health-topics/study-quality-assessment-tools","2026-10-04","内容编辑与机制审核，未获逐方向专家签审"
"emergency-8","emergency","急诊患者体验","测量含义、填答者与时间窗口","surgery","共享主题模块","过程记录、处置时间轴与结局定义","区分术前状态、过程环节与术后观察","同一个并发事件在两个表里用了不同定义","过程先后不能独立证明某个环节造成结局","NIH：认识临床研究 [研究方法入门]；NHLBI：研究质量评估工具 [研究方法资料]","https://www.nih.gov/about-nih/science-health-public-trust/tools/understanding-clinical-studies；https://www.nhlbi.nih.gov/health-topics/study-quality-assessment-tools","2026-10-04","内容编辑与机制审核，未获逐方向专家签审"
"emergency-9","emergency","急诊队列","入组范围、观察时间与未完成随访","surgery","共享主题模块","过程记录、处置时间轴与结局定义","区分术前状态、过程环节与术后观察","同一个并发事件在两个表里用了不同定义","过程先后不能独立证明某个环节造成结局","NIH：认识临床研究 [研究方法入门]；NHLBI：研究质量评估工具 [研究方法资料]","https://www.nih.gov/about-nih/science-health-public-trust/tools/understanding-clinical-studies；https://www.nhlbi.nih.gov/health-topics/study-quality-assessment-tools","2026-10-04","内容编辑与机制审核，未获逐方向专家签审"
"emergency-10","emergency","院前院内衔接","研究对象、观察窗口与资料比较条件","surgery","共享主题模块","过程记录、处置时间轴与结局定义","区分术前状态、过程环节与术后观察","同一个并发事件在两个表里用了不同定义","过程先后不能独立证明某个环节造成结局","NIH：认识临床研究 [研究方法入门]；NHLBI：研究质量评估工具 [研究方法资料]","https://www.nih.gov/about-nih/science-health-public-trust/tools/understanding-clinical-studies；https://www.nhlbi.nih.gov/health-topics/study-quality-assessment-tools","2026-10-04","内容编辑与机制审核，未获逐方向专家签审"
"emergency-11","emergency","急诊负荷","研究对象、观察窗口与资料比较条件","surgery","共享主题模块","过程记录、处置时间轴与结局定义","区分术前状态、过程环节与术后观察","同一个并发事件在两个表里用了不同定义","过程先后不能独立证明某个环节造成结局","NIH：认识临床研究 [研究方法入门]；NHLBI：研究质量评估工具 [研究方法资料]","https://www.nih.gov/about-nih/science-health-public-trust/tools/understanding-clinical-studies；https://www.nhlbi.nih.gov/health-topics/study-quality-assessment-tools","2026-10-04","内容编辑与机制审核，未获逐方向专家签审"
"emergency-12","emergency","突发需求管理","目标、执行层次与受益差异","surgery","共享主题模块","过程记录、处置时间轴与结局定义","区分术前状态、过程环节与术后观察","同一个并发事件在两个表里用了不同定义","过程先后不能独立证明某个环节造成结局","NIH：认识临床研究 [研究方法入门]；NHLBI：研究质量评估工具 [研究方法资料]","https://www.nih.gov/about-nih/science-health-public-trust/tools/understanding-clinical-studies；https://www.nhlbi.nih.gov/health-topics/study-quality-assessment-tools","2026-10-04","内容编辑与机制审核，未获逐方向专家签审"
"critical-care-1","critical-care","重症结局","入组范围、观察时间与未完成随访","surgery","共享主题模块","过程记录、处置时间轴与结局定义","区分术前状态、过程环节与术后观察","同一个并发事件在两个表里用了不同定义","过程先后不能独立证明某个环节造成结局","NIH：认识临床研究 [研究方法入门]；NHLBI：研究质量评估工具 [研究方法资料]","https://www.nih.gov/about-nih/science-health-public-trust/tools/understanding-clinical-studies；https://www.nhlbi.nih.gov/health-topics/study-quality-assessment-tools","2026-10-04","内容编辑与机制审核，未获逐方向专家签审"
"critical-care-2","critical-care","器官功能记录","任务或测量条件、重复记录与时间","surgery","共享主题模块","过程记录、处置时间轴与结局定义","区分术前状态、过程环节与术后观察","同一个并发事件在两个表里用了不同定义","过程先后不能独立证明某个环节造成结局","NIH：认识临床研究 [研究方法入门]；NHLBI：研究质量评估工具 [研究方法资料]","https://www.nih.gov/about-nih/science-health-public-trust/tools/understanding-clinical-studies；https://www.nhlbi.nih.gov/health-topics/study-quality-assessment-tools","2026-10-04","内容编辑与机制审核，未获逐方向专家签审"
"critical-care-3","critical-care","重症监测资料","任务或测量条件、重复记录与时间","surgery","共享主题模块","过程记录、处置时间轴与结局定义","区分术前状态、过程环节与术后观察","同一个并发事件在两个表里用了不同定义","过程先后不能独立证明某个环节造成结局","NIH：认识临床研究 [研究方法入门]；NHLBI：研究质量评估工具 [研究方法资料]","https://www.nih.gov/about-nih/science-health-public-trust/tools/understanding-clinical-studies；https://www.nhlbi.nih.gov/health-topics/study-quality-assessment-tools","2026-10-04","内容编辑与机制审核，未获逐方向专家签审"
"critical-care-4","critical-care","重症影像","对象内重复、平台版本与图像质量","imaging","共享主题模块","设备平台、读者判断与个体索引","按个体划分记录，保留平台版本和读者分歧","一人的多张图像同时进入开发和评估资料","图像数量不能代替独立个体和外部评估","NIH：认识临床研究 [研究方法入门]；NHLBI：研究质量评估工具 [研究方法资料]","https://www.nih.gov/about-nih/science-health-public-trust/tools/understanding-clinical-studies；https://www.nhlbi.nih.gov/health-topics/study-quality-assessment-tools","2026-10-04","内容编辑与机制审核，未获逐方向专家签审"
"critical-care-5","critical-care","重症营养","阶段、生活条件与功能或体验变化","surgery","共享主题模块","过程记录、处置时间轴与结局定义","区分术前状态、过程环节与术后观察","同一个并发事件在两个表里用了不同定义","过程先后不能独立证明某个环节造成结局","NIH：认识临床研究 [研究方法入门]；NHLBI：研究质量评估工具 [研究方法资料]","https://www.nih.gov/about-nih/science-health-public-trust/tools/understanding-clinical-studies；https://www.nhlbi.nih.gov/health-topics/study-quality-assessment-tools","2026-10-04","内容编辑与机制审核，未获逐方向专家签审"
"critical-care-6","critical-care","重症康复","阶段、生活条件与功能或体验变化","surgery","共享主题模块","过程记录、处置时间轴与结局定义","区分术前状态、过程环节与术后观察","同一个并发事件在两个表里用了不同定义","过程先后不能独立证明某个环节造成结局","NIH：认识临床研究 [研究方法入门]；NHLBI：研究质量评估工具 [研究方法资料]","https://www.nih.gov/about-nih/science-health-public-trust/tools/understanding-clinical-studies；https://www.nhlbi.nih.gov/health-topics/study-quality-assessment-tools","2026-10-04","内容编辑与机制审核，未获逐方向专家签审"
"critical-care-7","critical-care","长期功能结局","入组范围、观察时间与未完成随访","surgery","共享主题模块","过程记录、处置时间轴与结局定义","区分术前状态、过程环节与术后观察","同一个并发事件在两个表里用了不同定义","过程先后不能独立证明某个环节造成结局","NIH：认识临床研究 [研究方法入门]；NHLBI：研究质量评估工具 [研究方法资料]","https://www.nih.gov/about-nih/science-health-public-trust/tools/understanding-clinical-studies；https://www.nhlbi.nih.gov/health-topics/study-quality-assessment-tools","2026-10-04","内容编辑与机制审核，未获逐方向专家签审"
"critical-care-8","critical-care","重症照护","研究对象、观察窗口与资料比较条件","surgery","共享主题模块","过程记录、处置时间轴与结局定义","区分术前状态、过程环节与术后观察","同一个并发事件在两个表里用了不同定义","过程先后不能独立证明某个环节造成结局","NIH：认识临床研究 [研究方法入门]；NHLBI：研究质量评估工具 [研究方法资料]","https://www.nih.gov/about-nih/science-health-public-trust/tools/understanding-clinical-studies；https://www.nhlbi.nih.gov/health-topics/study-quality-assessment-tools","2026-10-04","内容编辑与机制审核，未获逐方向专家签审"
"critical-care-9","critical-care","重症信息系统","研究对象、观察窗口与资料比较条件","surgery","共享主题模块","过程记录、处置时间轴与结局定义","区分术前状态、过程环节与术后观察","同一个并发事件在两个表里用了不同定义","过程先后不能独立证明某个环节造成结局","NIH：认识临床研究 [研究方法入门]；NHLBI：研究质量评估工具 [研究方法资料]","https://www.nih.gov/about-nih/science-health-public-trust/tools/understanding-clinical-studies；https://www.nhlbi.nih.gov/health-topics/study-quality-assessment-tools","2026-10-04","内容编辑与机制审核，未获逐方向专家签审"
"critical-care-10","critical-care","重症队列","入组范围、观察时间与未完成随访","surgery","共享主题模块","过程记录、处置时间轴与结局定义","区分术前状态、过程环节与术后观察","同一个并发事件在两个表里用了不同定义","过程先后不能独立证明某个环节造成结局","NIH：认识临床研究 [研究方法入门]；NHLBI：研究质量评估工具 [研究方法资料]","https://www.nih.gov/about-nih/science-health-public-trust/tools/understanding-clinical-studies；https://www.nhlbi.nih.gov/health-topics/study-quality-assessment-tools","2026-10-04","内容编辑与机制审核，未获逐方向专家签审"
"critical-care-11","critical-care","患者与家属体验","测量含义、填答者与时间窗口","surgery","共享主题模块","过程记录、处置时间轴与结局定义","区分术前状态、过程环节与术后观察","同一个并发事件在两个表里用了不同定义","过程先后不能独立证明某个环节造成结局","NIH：认识临床研究 [研究方法入门]；NHLBI：研究质量评估工具 [研究方法资料]","https://www.nih.gov/about-nih/science-health-public-trust/tools/understanding-clinical-studies；https://www.nhlbi.nih.gov/health-topics/study-quality-assessment-tools","2026-10-04","内容编辑与机制审核，未获逐方向专家签审"
"critical-care-12","critical-care","资源与质量","研究对象、观察窗口与资料比较条件","surgery","共享主题模块","过程记录、处置时间轴与结局定义","区分术前状态、过程环节与术后观察","同一个并发事件在两个表里用了不同定义","过程先后不能独立证明某个环节造成结局","NIH：认识临床研究 [研究方法入门]；NHLBI：研究质量评估工具 [研究方法资料]","https://www.nih.gov/about-nih/science-health-public-trust/tools/understanding-clinical-studies；https://www.nhlbi.nih.gov/health-topics/study-quality-assessment-tools","2026-10-04","内容编辑与机制审核，未获逐方向专家签审"
"anesthesiology-1","anesthesiology","围术期结局","入组范围、观察时间与未完成随访","surgery","共享主题模块","过程记录、处置时间轴与结局定义","区分术前状态、过程环节与术后观察","同一个并发事件在两个表里用了不同定义","过程先后不能独立证明某个环节造成结局","NIH：认识临床研究 [研究方法入门]；NHLBI：研究质量评估工具 [研究方法资料]","https://www.nih.gov/about-nih/science-health-public-trust/tools/understanding-clinical-studies；https://www.nhlbi.nih.gov/health-topics/study-quality-assessment-tools","2026-10-04","内容编辑与机制审核，未获逐方向专家签审"
"anesthesiology-2","anesthesiology","疼痛量表","测量含义、填答者与时间窗口","measurement-scale","共享主题模块","条目版本、填答者与缺失条目","先确认量表含义和适用对象，再比较总分","删去不同条目后仍沿用原来总分的解释","总分相同不保证测量的内容相同","NHLBI：研究质量评估工具 [研究方法资料]","https://www.nhlbi.nih.gov/health-topics/study-quality-assessment-tools","2026-10-04","内容编辑与机制审核，未获逐方向专家签审"
"anesthesiology-3","anesthesiology","慢性疼痛","研究对象、观察窗口与资料比较条件","surgery","共享主题模块","过程记录、处置时间轴与结局定义","区分术前状态、过程环节与术后观察","同一个并发事件在两个表里用了不同定义","过程先后不能独立证明某个环节造成结局","NIH：认识临床研究 [研究方法入门]；NHLBI：研究质量评估工具 [研究方法资料]","https://www.nih.gov/about-nih/science-health-public-trust/tools/understanding-clinical-studies；https://www.nhlbi.nih.gov/health-topics/study-quality-assessment-tools","2026-10-04","内容编辑与机制审核，未获逐方向专家签审"
"anesthesiology-4","anesthesiology","麻醉信息系统","研究对象、观察窗口与资料比较条件","surgery","共享主题模块","过程记录、处置时间轴与结局定义","区分术前状态、过程环节与术后观察","同一个并发事件在两个表里用了不同定义","过程先后不能独立证明某个环节造成结局","NIH：认识临床研究 [研究方法入门]；NHLBI：研究质量评估工具 [研究方法资料]","https://www.nih.gov/about-nih/science-health-public-trust/tools/understanding-clinical-studies；https://www.nhlbi.nih.gov/health-topics/study-quality-assessment-tools","2026-10-04","内容编辑与机制审核，未获逐方向专家签审"
"anesthesiology-5","anesthesiology","围术期认知","研究对象、观察窗口与资料比较条件","psychology","共享主题模块","任务说明、构念定义与被试反应记录","核对任务操纵与测量含义，保留练习顺序","中途改过指导语，却把前后得分直接合并","任务指标不能直接等同于完整心理构念","北京师范大学：课程与教学研究方向 [学科范围]；NHLBI：研究质量评估工具 [研究方法资料]","https://cter.bnu.edu.cn/docs/2024-05/e0d9749ec02e425eb45aa96fefdadc2a.pdf；https://www.nhlbi.nih.gov/health-topics/study-quality-assessment-tools","2026-10-04","内容编辑与机制审核，未获逐方向专家签审"
"anesthesiology-6","anesthesiology","围术期质量","研究对象、观察窗口与资料比较条件","surgery","共享主题模块","过程记录、处置时间轴与结局定义","区分术前状态、过程环节与术后观察","同一个并发事件在两个表里用了不同定义","过程先后不能独立证明某个环节造成结局","NIH：认识临床研究 [研究方法入门]；NHLBI：研究质量评估工具 [研究方法资料]","https://www.nih.gov/about-nih/science-health-public-trust/tools/understanding-clinical-studies；https://www.nhlbi.nih.gov/health-topics/study-quality-assessment-tools","2026-10-04","内容编辑与机制审核，未获逐方向专家签审"
"anesthesiology-7","anesthesiology","围术期监测","任务或测量条件、重复记录与时间","surgery","共享主题模块","过程记录、处置时间轴与结局定义","区分术前状态、过程环节与术后观察","同一个并发事件在两个表里用了不同定义","过程先后不能独立证明某个环节造成结局","NIH：认识临床研究 [研究方法入门]；NHLBI：研究质量评估工具 [研究方法资料]","https://www.nih.gov/about-nih/science-health-public-trust/tools/understanding-clinical-studies；https://www.nhlbi.nih.gov/health-topics/study-quality-assessment-tools","2026-10-04","内容编辑与机制审核，未获逐方向专家签审"
"anesthesiology-8","anesthesiology","疼痛康复","阶段、生活条件与功能或体验变化","rehab","共享主题模块","功能任务、量表版本与家庭参与记录","对照任务目标、评估者和真实使用情境","训练场上的表现被直接写成日常功能恢复","受控任务表现不能代替生活参与结局","NIH：认识临床研究 [研究方法入门]；NHLBI：研究质量评估工具 [研究方法资料]","https://www.nih.gov/about-nih/science-health-public-trust/tools/understanding-clinical-studies；https://www.nhlbi.nih.gov/health-topics/study-quality-assessment-tools","2026-10-04","内容编辑与机制审核，未获逐方向专家签审"
"anesthesiology-9","anesthesiology","患者体验","测量含义、填答者与时间窗口","surgery","共享主题模块","过程记录、处置时间轴与结局定义","区分术前状态、过程环节与术后观察","同一个并发事件在两个表里用了不同定义","过程先后不能独立证明某个环节造成结局","NIH：认识临床研究 [研究方法入门]；NHLBI：研究质量评估工具 [研究方法资料]","https://www.nih.gov/about-nih/science-health-public-trust/tools/understanding-clinical-studies；https://www.nhlbi.nih.gov/health-topics/study-quality-assessment-tools","2026-10-04","内容编辑与机制审核，未获逐方向专家签审"
"anesthesiology-10","anesthesiology","设备评价","原型版本、使用任务与失败反馈","medical-device","共享主题模块","使用任务、设备版本与技术评价记录","区分设备测量性能、使用反馈与临床结局","设备读数更稳定被直接写成患者结局改善","技术性能不能代替患者相关结局和使用条件","NIH：认识临床研究 [研究方法入门]；NHLBI：研究质量评估工具 [研究方法资料]","https://www.nih.gov/about-nih/science-health-public-trust/tools/understanding-clinical-studies；https://www.nhlbi.nih.gov/health-topics/study-quality-assessment-tools","2026-10-04","内容编辑与机制审核，未获逐方向专家签审"
"anesthesiology-11","anesthesiology","麻醉服务研究","目标、执行层次与受益差异","surgery","共享主题模块","过程记录、处置时间轴与结局定义","区分术前状态、过程环节与术后观察","同一个并发事件在两个表里用了不同定义","过程先后不能独立证明某个环节造成结局","NIH：认识临床研究 [研究方法入门]；NHLBI：研究质量评估工具 [研究方法资料]","https://www.nih.gov/about-nih/science-health-public-trust/tools/understanding-clinical-studies；https://www.nhlbi.nih.gov/health-topics/study-quality-assessment-tools","2026-10-04","内容编辑与机制审核，未获逐方向专家签审"
"anesthesiology-12","anesthesiology","围术期资料整合","来源、批次与独立对象","surgery","共享主题模块","过程记录、处置时间轴与结局定义","区分术前状态、过程环节与术后观察","同一个并发事件在两个表里用了不同定义","过程先后不能独立证明某个环节造成结局","NIH：认识临床研究 [研究方法入门]；NHLBI：研究质量评估工具 [研究方法资料]","https://www.nih.gov/about-nih/science-health-public-trust/tools/understanding-clinical-studies；https://www.nhlbi.nih.gov/health-topics/study-quality-assessment-tools","2026-10-04","内容编辑与机制审核，未获逐方向专家签审"
"radiology-1","radiology","磁共振影像","对象内重复、平台版本与图像质量","imaging","共享主题模块","设备平台、读者判断与个体索引","按个体划分记录，保留平台版本和读者分歧","一人的多张图像同时进入开发和评估资料","图像数量不能代替独立个体和外部评估","NIH：认识临床研究 [研究方法入门]；NHLBI：研究质量评估工具 [研究方法资料]","https://www.nih.gov/about-nih/science-health-public-trust/tools/understanding-clinical-studies；https://www.nhlbi.nih.gov/health-topics/study-quality-assessment-tools","2026-10-04","内容编辑与机制审核，未获逐方向专家签审"
"radiology-2","radiology","CT影像","对象内重复、平台版本与图像质量","imaging","共享主题模块","设备平台、读者判断与个体索引","按个体划分记录，保留平台版本和读者分歧","一人的多张图像同时进入开发和评估资料","图像数量不能代替独立个体和外部评估","NIH：认识临床研究 [研究方法入门]；NHLBI：研究质量评估工具 [研究方法资料]","https://www.nih.gov/about-nih/science-health-public-trust/tools/understanding-clinical-studies；https://www.nhlbi.nih.gov/health-topics/study-quality-assessment-tools","2026-10-04","内容编辑与机制审核，未获逐方向专家签审"
"radiology-3","radiology","神经影像","对象内重复、平台版本与图像质量","imaging","共享主题模块","设备平台、读者判断与个体索引","按个体划分记录，保留平台版本和读者分歧","一人的多张图像同时进入开发和评估资料","图像数量不能代替独立个体和外部评估","NIH：认识临床研究 [研究方法入门]；NHLBI：研究质量评估工具 [研究方法资料]","https://www.nih.gov/about-nih/science-health-public-trust/tools/understanding-clinical-studies；https://www.nhlbi.nih.gov/health-topics/study-quality-assessment-tools","2026-10-04","内容编辑与机制审核，未获逐方向专家签审"
"radiology-4","radiology","心血管影像","对象内重复、平台版本与图像质量","imaging","共享主题模块","设备平台、读者判断与个体索引","按个体划分记录，保留平台版本和读者分歧","一人的多张图像同时进入开发和评估资料","图像数量不能代替独立个体和外部评估","NIH：认识临床研究 [研究方法入门]；NHLBI：研究质量评估工具 [研究方法资料]","https://www.nih.gov/about-nih/science-health-public-trust/tools/understanding-clinical-studies；https://www.nhlbi.nih.gov/health-topics/study-quality-assessment-tools","2026-10-04","内容编辑与机制审核，未获逐方向专家签审"
"radiology-5","radiology","腹部影像","对象内重复、平台版本与图像质量","imaging","共享主题模块","设备平台、读者判断与个体索引","按个体划分记录，保留平台版本和读者分歧","一人的多张图像同时进入开发和评估资料","图像数量不能代替独立个体和外部评估","NIH：认识临床研究 [研究方法入门]；NHLBI：研究质量评估工具 [研究方法资料]","https://www.nih.gov/about-nih/science-health-public-trust/tools/understanding-clinical-studies；https://www.nhlbi.nih.gov/health-topics/study-quality-assessment-tools","2026-10-04","内容编辑与机制审核，未获逐方向专家签审"
"radiology-6","radiology","骨关节影像","对象内重复、平台版本与图像质量","imaging","共享主题模块","设备平台、读者判断与个体索引","按个体划分记录，保留平台版本和读者分歧","一人的多张图像同时进入开发和评估资料","图像数量不能代替独立个体和外部评估","NIH：认识临床研究 [研究方法入门]；NHLBI：研究质量评估工具 [研究方法资料]","https://www.nih.gov/about-nih/science-health-public-trust/tools/understanding-clinical-studies；https://www.nhlbi.nih.gov/health-topics/study-quality-assessment-tools","2026-10-04","内容编辑与机制审核，未获逐方向专家签审"
"radiology-7","radiology","儿童影像","对象内重复、平台版本与图像质量","imaging","共享主题模块","设备平台、读者判断与个体索引","按个体划分记录，保留平台版本和读者分歧","一人的多张图像同时进入开发和评估资料","图像数量不能代替独立个体和外部评估","NIH：认识临床研究 [研究方法入门]；NHLBI：研究质量评估工具 [研究方法资料]","https://www.nih.gov/about-nih/science-health-public-trust/tools/understanding-clinical-studies；https://www.nhlbi.nih.gov/health-topics/study-quality-assessment-tools","2026-10-04","内容编辑与机制审核，未获逐方向专家签审"
"radiology-8","radiology","肿瘤影像","对象内重复、平台版本与图像质量","imaging","共享主题模块","设备平台、读者判断与个体索引","按个体划分记录，保留平台版本和读者分歧","一人的多张图像同时进入开发和评估资料","图像数量不能代替独立个体和外部评估","NIH：认识临床研究 [研究方法入门]；NHLBI：研究质量评估工具 [研究方法资料]","https://www.nih.gov/about-nih/science-health-public-trust/tools/understanding-clinical-studies；https://www.nhlbi.nih.gov/health-topics/study-quality-assessment-tools","2026-10-04","内容编辑与机制审核，未获逐方向专家签审"
"radiology-9","radiology","影像组学","对象内重复、平台版本与图像质量","imaging","共享主题模块","设备平台、读者判断与个体索引","按个体划分记录，保留平台版本和读者分歧","一人的多张图像同时进入开发和评估资料","图像数量不能代替独立个体和外部评估","NIH：认识临床研究 [研究方法入门]；NHLBI：研究质量评估工具 [研究方法资料]","https://www.nih.gov/about-nih/science-health-public-trust/tools/understanding-clinical-studies；https://www.nhlbi.nih.gov/health-topics/study-quality-assessment-tools","2026-10-04","内容编辑与机制审核，未获逐方向专家签审"
"radiology-10","radiology","影像人工智能","对象内重复、平台版本与图像质量","imaging","共享主题模块","设备平台、读者判断与个体索引","按个体划分记录，保留平台版本和读者分歧","一人的多张图像同时进入开发和评估资料","图像数量不能代替独立个体和外部评估","NIH：认识临床研究 [研究方法入门]；NHLBI：研究质量评估工具 [研究方法资料]","https://www.nih.gov/about-nih/science-health-public-trust/tools/understanding-clinical-studies；https://www.nhlbi.nih.gov/health-topics/study-quality-assessment-tools","2026-10-04","内容编辑与机制审核，未获逐方向专家签审"
"radiology-11","radiology","影像一致性","对象内重复、平台版本与图像质量","imaging","共享主题模块","设备平台、读者判断与个体索引","按个体划分记录，保留平台版本和读者分歧","一人的多张图像同时进入开发和评估资料","图像数量不能代替独立个体和外部评估","NIH：认识临床研究 [研究方法入门]；NHLBI：研究质量评估工具 [研究方法资料]","https://www.nih.gov/about-nih/science-health-public-trust/tools/understanding-clinical-studies；https://www.nhlbi.nih.gov/health-topics/study-quality-assessment-tools","2026-10-04","内容编辑与机制审核，未获逐方向专家签审"
"radiology-12","radiology","成像质量评价","对象内重复、平台版本与图像质量","imaging","共享主题模块","设备平台、读者判断与个体索引","按个体划分记录，保留平台版本和读者分歧","一人的多张图像同时进入开发和评估资料","图像数量不能代替独立个体和外部评估","NIH：认识临床研究 [研究方法入门]；NHLBI：研究质量评估工具 [研究方法资料]","https://www.nih.gov/about-nih/science-health-public-trust/tools/understanding-clinical-studies；https://www.nhlbi.nih.gov/health-topics/study-quality-assessment-tools","2026-10-04","内容编辑与机制审核，未获逐方向专家签审"
"ultrasound-1","ultrasound","心脏超声","对象内重复、平台版本与图像质量","imaging","共享主题模块","设备平台、读者判断与个体索引","按个体划分记录，保留平台版本和读者分歧","一人的多张图像同时进入开发和评估资料","图像数量不能代替独立个体和外部评估","NIH：认识临床研究 [研究方法入门]；NHLBI：研究质量评估工具 [研究方法资料]","https://www.nih.gov/about-nih/science-health-public-trust/tools/understanding-clinical-studies；https://www.nhlbi.nih.gov/health-topics/study-quality-assessment-tools","2026-10-04","内容编辑与机制审核，未获逐方向专家签审"
"ultrasound-2","ultrasound","血管超声","对象内重复、平台版本与图像质量","imaging","共享主题模块","设备平台、读者判断与个体索引","按个体划分记录，保留平台版本和读者分歧","一人的多张图像同时进入开发和评估资料","图像数量不能代替独立个体和外部评估","NIH：认识临床研究 [研究方法入门]；NHLBI：研究质量评估工具 [研究方法资料]","https://www.nih.gov/about-nih/science-health-public-trust/tools/understanding-clinical-studies；https://www.nhlbi.nih.gov/health-topics/study-quality-assessment-tools","2026-10-04","内容编辑与机制审核，未获逐方向专家签审"
"ultrasound-3","ultrasound","腹部超声","对象内重复、平台版本与图像质量","imaging","共享主题模块","设备平台、读者判断与个体索引","按个体划分记录，保留平台版本和读者分歧","一人的多张图像同时进入开发和评估资料","图像数量不能代替独立个体和外部评估","NIH：认识临床研究 [研究方法入门]；NHLBI：研究质量评估工具 [研究方法资料]","https://www.nih.gov/about-nih/science-health-public-trust/tools/understanding-clinical-studies；https://www.nhlbi.nih.gov/health-topics/study-quality-assessment-tools","2026-10-04","内容编辑与机制审核，未获逐方向专家签审"
"ultrasound-4","ultrasound","肌骨超声","对象内重复、平台版本与图像质量","imaging","共享主题模块","设备平台、读者判断与个体索引","按个体划分记录，保留平台版本和读者分歧","一人的多张图像同时进入开发和评估资料","图像数量不能代替独立个体和外部评估","NIH：认识临床研究 [研究方法入门]；NHLBI：研究质量评估工具 [研究方法资料]","https://www.nih.gov/about-nih/science-health-public-trust/tools/understanding-clinical-studies；https://www.nhlbi.nih.gov/health-topics/study-quality-assessment-tools","2026-10-04","内容编辑与机制审核，未获逐方向专家签审"
"ultrasound-5","ultrasound","妇产超声","对象内重复、平台版本与图像质量","imaging","共享主题模块","设备平台、读者判断与个体索引","按个体划分记录，保留平台版本和读者分歧","一人的多张图像同时进入开发和评估资料","图像数量不能代替独立个体和外部评估","NIH：认识临床研究 [研究方法入门]；NHLBI：研究质量评估工具 [研究方法资料]","https://www.nih.gov/about-nih/science-health-public-trust/tools/understanding-clinical-studies；https://www.nhlbi.nih.gov/health-topics/study-quality-assessment-tools","2026-10-04","内容编辑与机制审核，未获逐方向专家签审"
"ultrasound-6","ultrasound","儿童超声","对象内重复、平台版本与图像质量","imaging","共享主题模块","设备平台、读者判断与个体索引","按个体划分记录，保留平台版本和读者分歧","一人的多张图像同时进入开发和评估资料","图像数量不能代替独立个体和外部评估","NIH：认识临床研究 [研究方法入门]；NHLBI：研究质量评估工具 [研究方法资料]","https://www.nih.gov/about-nih/science-health-public-trust/tools/understanding-clinical-studies；https://www.nhlbi.nih.gov/health-topics/study-quality-assessment-tools","2026-10-04","内容编辑与机制审核，未获逐方向专家签审"
"ultrasound-7","ultrasound","弹性成像","对象内重复、平台版本与图像质量","imaging","共享主题模块","设备平台、读者判断与个体索引","按个体划分记录，保留平台版本和读者分歧","一人的多张图像同时进入开发和评估资料","图像数量不能代替独立个体和外部评估","NIH：认识临床研究 [研究方法入门]；NHLBI：研究质量评估工具 [研究方法资料]","https://www.nih.gov/about-nih/science-health-public-trust/tools/understanding-clinical-studies；https://www.nhlbi.nih.gov/health-topics/study-quality-assessment-tools","2026-10-04","内容编辑与机制审核，未获逐方向专家签审"
"ultrasound-8","ultrasound","超声定量","对象内重复、平台版本与图像质量","imaging","共享主题模块","设备平台、读者判断与个体索引","按个体划分记录，保留平台版本和读者分歧","一人的多张图像同时进入开发和评估资料","图像数量不能代替独立个体和外部评估","NIH：认识临床研究 [研究方法入门]；NHLBI：研究质量评估工具 [研究方法资料]","https://www.nih.gov/about-nih/science-health-public-trust/tools/understanding-clinical-studies；https://www.nhlbi.nih.gov/health-topics/study-quality-assessment-tools","2026-10-04","内容编辑与机制审核，未获逐方向专家签审"
"ultrasound-9","ultrasound","超声图像分析","对象内重复、平台版本与图像质量","imaging","共享主题模块","设备平台、读者判断与个体索引","按个体划分记录，保留平台版本和读者分歧","一人的多张图像同时进入开发和评估资料","图像数量不能代替独立个体和外部评估","NIH：认识临床研究 [研究方法入门]；NHLBI：研究质量评估工具 [研究方法资料]","https://www.nih.gov/about-nih/science-health-public-trust/tools/understanding-clinical-studies；https://www.nhlbi.nih.gov/health-topics/study-quality-assessment-tools","2026-10-04","内容编辑与机制审核，未获逐方向专家签审"
"ultrasound-10","ultrasound","超声一致性","对象内重复、平台版本与图像质量","imaging","共享主题模块","设备平台、读者判断与个体索引","按个体划分记录，保留平台版本和读者分歧","一人的多张图像同时进入开发和评估资料","图像数量不能代替独立个体和外部评估","NIH：认识临床研究 [研究方法入门]；NHLBI：研究质量评估工具 [研究方法资料]","https://www.nih.gov/about-nih/science-health-public-trust/tools/understanding-clinical-studies；https://www.nhlbi.nih.gov/health-topics/study-quality-assessment-tools","2026-10-04","内容编辑与机制审核，未获逐方向专家签审"
"ultrasound-11","ultrasound","设备评价","原型版本、使用任务与失败反馈","medical-device","共享主题模块","使用任务、设备版本与技术评价记录","区分设备测量性能、使用反馈与临床结局","设备读数更稳定被直接写成患者结局改善","技术性能不能代替患者相关结局和使用条件","NIH：认识临床研究 [研究方法入门]；NHLBI：研究质量评估工具 [研究方法资料]","https://www.nih.gov/about-nih/science-health-public-trust/tools/understanding-clinical-studies；https://www.nhlbi.nih.gov/health-topics/study-quality-assessment-tools","2026-10-04","内容编辑与机制审核，未获逐方向专家签审"
"ultrasound-12","ultrasound","超声质控","对象内重复、平台版本与图像质量","imaging","共享主题模块","设备平台、读者判断与个体索引","按个体划分记录，保留平台版本和读者分歧","一人的多张图像同时进入开发和评估资料","图像数量不能代替独立个体和外部评估","NIH：认识临床研究 [研究方法入门]；NHLBI：研究质量评估工具 [研究方法资料]","https://www.nih.gov/about-nih/science-health-public-trust/tools/understanding-clinical-studies；https://www.nhlbi.nih.gov/health-topics/study-quality-assessment-tools","2026-10-04","内容编辑与机制审核，未获逐方向专家签审"
"pathology-1","pathology","组织病理","测量口径、平台或读者差异","imaging","细分核对","切片来源、个体索引与判读分歧","区分同一个体的多个切片与独立个体，并保留判读分歧","一人的多个切片被当作多位患者评估","切片层面的表现不能直接代表独立患者层面的表现","NIH：认识临床研究 [研究方法入门]；NHLBI：研究质量评估工具 [研究方法资料]","https://www.nih.gov/about-nih/science-health-public-trust/tools/understanding-clinical-studies；https://www.nhlbi.nih.gov/health-topics/study-quality-assessment-tools","2026-10-04","内容编辑与机制审核，未获逐方向专家签审"
"pathology-2","pathology","细胞病理","测量口径、平台或读者差异","imaging","细分核对","切片来源、个体索引与判读分歧","区分同一个体的多个切片与独立个体，并保留判读分歧","一人的多个切片被当作多位患者评估","切片层面的表现不能直接代表独立患者层面的表现","NIH：认识临床研究 [研究方法入门]；NHLBI：研究质量评估工具 [研究方法资料]","https://www.nih.gov/about-nih/science-health-public-trust/tools/understanding-clinical-studies；https://www.nhlbi.nih.gov/health-topics/study-quality-assessment-tools","2026-10-04","内容编辑与机制审核，未获逐方向专家签审"
"pathology-3","pathology","数字病理","对象内重复、平台版本与图像质量","imaging","细分核对","切片来源、个体索引与判读分歧","区分同一个体的多个切片与独立个体，并保留判读分歧","一人的多个切片被当作多位患者评估","切片层面的表现不能直接代表独立患者层面的表现","NIH：认识临床研究 [研究方法入门]；NHLBI：研究质量评估工具 [研究方法资料]","https://www.nih.gov/about-nih/science-health-public-trust/tools/understanding-clinical-studies；https://www.nhlbi.nih.gov/health-topics/study-quality-assessment-tools","2026-10-04","内容编辑与机制审核，未获逐方向专家签审"
"pathology-4","pathology","肿瘤病理","测量口径、平台或读者差异","imaging","细分核对","切片来源、个体索引与判读分歧","区分同一个体的多个切片与独立个体，并保留判读分歧","一人的多个切片被当作多位患者评估","切片层面的表现不能直接代表独立患者层面的表现","NIH：认识临床研究 [研究方法入门]；NHLBI：研究质量评估工具 [研究方法资料]","https://www.nih.gov/about-nih/science-health-public-trust/tools/understanding-clinical-studies；https://www.nhlbi.nih.gov/health-topics/study-quality-assessment-tools","2026-10-04","内容编辑与机制审核，未获逐方向专家签审"
"pathology-5","pathology","肾脏病理","测量口径、平台或读者差异","imaging","细分核对","切片来源、个体索引与判读分歧","区分同一个体的多个切片与独立个体，并保留判读分歧","一人的多个切片被当作多位患者评估","切片层面的表现不能直接代表独立患者层面的表现","NIH：认识临床研究 [研究方法入门]；NHLBI：研究质量评估工具 [研究方法资料]","https://www.nih.gov/about-nih/science-health-public-trust/tools/understanding-clinical-studies；https://www.nhlbi.nih.gov/health-topics/study-quality-assessment-tools","2026-10-04","内容编辑与机制审核，未获逐方向专家签审"
"pathology-6","pathology","神经病理","测量口径、平台或读者差异","imaging","细分核对","切片来源、个体索引与判读分歧","区分同一个体的多个切片与独立个体，并保留判读分歧","一人的多个切片被当作多位患者评估","切片层面的表现不能直接代表独立患者层面的表现","NIH：认识临床研究 [研究方法入门]；NHLBI：研究质量评估工具 [研究方法资料]","https://www.nih.gov/about-nih/science-health-public-trust/tools/understanding-clinical-studies；https://www.nhlbi.nih.gov/health-topics/study-quality-assessment-tools","2026-10-04","内容编辑与机制审核，未获逐方向专家签审"
"pathology-7","pathology","分子病理","测量口径、平台或读者差异","imaging","细分核对","切片来源、个体索引与判读分歧","区分同一个体的多个切片与独立个体，并保留判读分歧","一人的多个切片被当作多位患者评估","切片层面的表现不能直接代表独立患者层面的表现","NIH：认识临床研究 [研究方法入门]；NHLBI：研究质量评估工具 [研究方法资料]","https://www.nih.gov/about-nih/science-health-public-trust/tools/understanding-clinical-studies；https://www.nhlbi.nih.gov/health-topics/study-quality-assessment-tools","2026-10-04","内容编辑与机制审核，未获逐方向专家签审"
"pathology-8","pathology","病理图像分析","对象内重复、平台版本与图像质量","imaging","细分核对","切片来源、个体索引与判读分歧","区分同一个体的多个切片与独立个体，并保留判读分歧","一人的多个切片被当作多位患者评估","切片层面的表现不能直接代表独立患者层面的表现","NIH：认识临床研究 [研究方法入门]；NHLBI：研究质量评估工具 [研究方法资料]","https://www.nih.gov/about-nih/science-health-public-trust/tools/understanding-clinical-studies；https://www.nhlbi.nih.gov/health-topics/study-quality-assessment-tools","2026-10-04","内容编辑与机制审核，未获逐方向专家签审"
"pathology-9","pathology","病理一致性","测量口径、平台或读者差异","imaging","细分核对","切片来源、个体索引与判读分歧","区分同一个体的多个切片与独立个体，并保留判读分歧","一人的多个切片被当作多位患者评估","切片层面的表现不能直接代表独立患者层面的表现","NIH：认识临床研究 [研究方法入门]；NHLBI：研究质量评估工具 [研究方法资料]","https://www.nih.gov/about-nih/science-health-public-trust/tools/understanding-clinical-studies；https://www.nhlbi.nih.gov/health-topics/study-quality-assessment-tools","2026-10-04","内容编辑与机制审核，未获逐方向专家签审"
"pathology-10","pathology","病理档案","出处、整理版本与术语语境","imaging","细分核对","切片来源、个体索引与判读分歧","区分同一个体的多个切片与独立个体，并保留判读分歧","一人的多个切片被当作多位患者评估","切片层面的表现不能直接代表独立患者层面的表现","NIH：认识临床研究 [研究方法入门]；NHLBI：研究质量评估工具 [研究方法资料]","https://www.nih.gov/about-nih/science-health-public-trust/tools/understanding-clinical-studies；https://www.nhlbi.nih.gov/health-topics/study-quality-assessment-tools","2026-10-04","内容编辑与机制审核，未获逐方向专家签审"
"pathology-11","pathology","病理质量","测量口径、平台或读者差异","imaging","细分核对","切片来源、个体索引与判读分歧","区分同一个体的多个切片与独立个体，并保留判读分歧","一人的多个切片被当作多位患者评估","切片层面的表现不能直接代表独立患者层面的表现","NIH：认识临床研究 [研究方法入门]；NHLBI：研究质量评估工具 [研究方法资料]","https://www.nih.gov/about-nih/science-health-public-trust/tools/understanding-clinical-studies；https://www.nhlbi.nih.gov/health-topics/study-quality-assessment-tools","2026-10-04","内容编辑与机制审核，未获逐方向专家签审"
"pathology-12","pathology","病理教学研究","测量口径、平台或读者差异","education","细分核对","学习目标、任务作品与课堂实施记录","对齐学习目标和评价任务，区分实施变化与工具作用","参与更积极被直接写成目标知识掌握更好","参与、满意与掌握是不同结局，需要分别评价","北京师范大学：课程与教学研究方向 [学科范围]","https://cter.bnu.edu.cn/docs/2024-05/e0d9749ec02e425eb45aa96fefdadc2a.pdf","2026-10-04","内容编辑与机制审核，未获逐方向专家签审"
"lab-medicine-1","lab-medicine","临床生化","测量口径、平台或读者差异","imaging","共享主题模块","设备平台、读者判断与个体索引","按个体划分记录，保留平台版本和读者分歧","一人的多张图像同时进入开发和评估资料","图像数量不能代替独立个体和外部评估","NIH：认识临床研究 [研究方法入门]；NHLBI：研究质量评估工具 [研究方法资料]","https://www.nih.gov/about-nih/science-health-public-trust/tools/understanding-clinical-studies；https://www.nhlbi.nih.gov/health-topics/study-quality-assessment-tools","2026-10-04","内容编辑与机制审核，未获逐方向专家签审"
"lab-medicine-2","lab-medicine","临床血液检验","测量口径、平台或读者差异","imaging","细分核对","个体索引、平台版本与测量口径","核对平台、测量单位与参考口径，区分技术差异和生物差异","平台升级前后的差异被全部解释为对象变化","测量口径变化需要单独说明，不能替代对象变化证据","NIH：认识临床研究 [研究方法入门]；NHLBI：研究质量评估工具 [研究方法资料]","https://www.nih.gov/about-nih/science-health-public-trust/tools/understanding-clinical-studies；https://www.nhlbi.nih.gov/health-topics/study-quality-assessment-tools","2026-10-04","内容编辑与机制审核，未获逐方向专家签审"
"lab-medicine-3","lab-medicine","临床免疫检验","测量口径、平台或读者差异","imaging","细分核对","个体索引、平台版本与测量口径","核对平台、测量单位与参考口径，区分技术差异和生物差异","平台升级前后的差异被全部解释为对象变化","测量口径变化需要单独说明，不能替代对象变化证据","NIH：认识临床研究 [研究方法入门]；NHLBI：研究质量评估工具 [研究方法资料]","https://www.nih.gov/about-nih/science-health-public-trust/tools/understanding-clinical-studies；https://www.nhlbi.nih.gov/health-topics/study-quality-assessment-tools","2026-10-04","内容编辑与机制审核，未获逐方向专家签审"
"lab-medicine-4","lab-medicine","分子诊断资料","资料来源、批次与模型范围","imaging","共享主题模块","设备平台、读者判断与个体索引","按个体划分记录，保留平台版本和读者分歧","一人的多张图像同时进入开发和评估资料","图像数量不能代替独立个体和外部评估","NIH：认识临床研究 [研究方法入门]；NHLBI：研究质量评估工具 [研究方法资料]","https://www.nih.gov/about-nih/science-health-public-trust/tools/understanding-clinical-studies；https://www.nhlbi.nih.gov/health-topics/study-quality-assessment-tools","2026-10-04","内容编辑与机制审核，未获逐方向专家签审"
"lab-medicine-5","lab-medicine","检验质量管理","目标、执行层次与受益差异","imaging","细分核对","个体索引、平台版本与测量口径","核对平台、测量单位与参考口径，区分技术差异和生物差异","平台升级前后的差异被全部解释为对象变化","测量口径变化需要单独说明，不能替代对象变化证据","NIH：认识临床研究 [研究方法入门]；NHLBI：研究质量评估工具 [研究方法资料]","https://www.nih.gov/about-nih/science-health-public-trust/tools/understanding-clinical-studies；https://www.nhlbi.nih.gov/health-topics/study-quality-assessment-tools","2026-10-04","内容编辑与机制审核，未获逐方向专家签审"
"lab-medicine-6","lab-medicine","检验参考范围","测量口径、平台或读者差异","imaging","细分核对","个体索引、平台版本与测量口径","核对平台、测量单位与参考口径，区分技术差异和生物差异","平台升级前后的差异被全部解释为对象变化","测量口径变化需要单独说明，不能替代对象变化证据","NIH：认识临床研究 [研究方法入门]；NHLBI：研究质量评估工具 [研究方法资料]","https://www.nih.gov/about-nih/science-health-public-trust/tools/understanding-clinical-studies；https://www.nhlbi.nih.gov/health-topics/study-quality-assessment-tools","2026-10-04","内容编辑与机制审核，未获逐方向专家签审"
"lab-medicine-7","lab-medicine","检验信息系统","测量口径、平台或读者差异","imaging","细分核对","个体索引、平台版本与测量口径","核对平台、测量单位与参考口径，区分技术差异和生物差异","平台升级前后的差异被全部解释为对象变化","测量口径变化需要单独说明，不能替代对象变化证据","NIH：认识临床研究 [研究方法入门]；NHLBI：研究质量评估工具 [研究方法资料]","https://www.nih.gov/about-nih/science-health-public-trust/tools/understanding-clinical-studies；https://www.nhlbi.nih.gov/health-topics/study-quality-assessment-tools","2026-10-04","内容编辑与机制审核，未获逐方向专家签审"
"lab-medicine-8","lab-medicine","检测一致性","测量口径、平台或读者差异","imaging","共享主题模块","设备平台、读者判断与个体索引","按个体划分记录，保留平台版本和读者分歧","一人的多张图像同时进入开发和评估资料","图像数量不能代替独立个体和外部评估","NIH：认识临床研究 [研究方法入门]；NHLBI：研究质量评估工具 [研究方法资料]","https://www.nih.gov/about-nih/science-health-public-trust/tools/understanding-clinical-studies；https://www.nhlbi.nih.gov/health-topics/study-quality-assessment-tools","2026-10-04","内容编辑与机制审核，未获逐方向专家签审"
"lab-medicine-9","lab-medicine","检验结果解释","测量口径、平台或读者差异","imaging","细分核对","个体索引、平台版本与测量口径","核对平台、测量单位与参考口径，区分技术差异和生物差异","平台升级前后的差异被全部解释为对象变化","测量口径变化需要单独说明，不能替代对象变化证据","NIH：认识临床研究 [研究方法入门]；NHLBI：研究质量评估工具 [研究方法资料]","https://www.nih.gov/about-nih/science-health-public-trust/tools/understanding-clinical-studies；https://www.nhlbi.nih.gov/health-topics/study-quality-assessment-tools","2026-10-04","内容编辑与机制审核，未获逐方向专家签审"
"lab-medicine-10","lab-medicine","检验资料标准化","测量口径、平台或读者差异","imaging","细分核对","个体索引、平台版本与测量口径","核对平台、测量单位与参考口径，区分技术差异和生物差异","平台升级前后的差异被全部解释为对象变化","测量口径变化需要单独说明，不能替代对象变化证据","NIH：认识临床研究 [研究方法入门]；NHLBI：研究质量评估工具 [研究方法资料]","https://www.nih.gov/about-nih/science-health-public-trust/tools/understanding-clinical-studies；https://www.nhlbi.nih.gov/health-topics/study-quality-assessment-tools","2026-10-04","内容编辑与机制审核，未获逐方向专家签审"
"lab-medicine-11","lab-medicine","检验服务评价","目标、执行层次与受益差异","imaging","细分核对","个体索引、平台版本与测量口径","核对平台、测量单位与参考口径，区分技术差异和生物差异","平台升级前后的差异被全部解释为对象变化","测量口径变化需要单独说明，不能替代对象变化证据","NIH：认识临床研究 [研究方法入门]；NHLBI：研究质量评估工具 [研究方法资料]","https://www.nih.gov/about-nih/science-health-public-trust/tools/understanding-clinical-studies；https://www.nhlbi.nih.gov/health-topics/study-quality-assessment-tools","2026-10-04","内容编辑与机制审核，未获逐方向专家签审"
"lab-medicine-12","lab-medicine","诊断准确性研究","研究对象、观察窗口与资料比较条件","imaging","共享主题模块","设备平台、读者判断与个体索引","按个体划分记录，保留平台版本和读者分歧","一人的多张图像同时进入开发和评估资料","图像数量不能代替独立个体和外部评估","NIH：认识临床研究 [研究方法入门]；NHLBI：研究质量评估工具 [研究方法资料]","https://www.nih.gov/about-nih/science-health-public-trust/tools/understanding-clinical-studies；https://www.nhlbi.nih.gov/health-topics/study-quality-assessment-tools","2026-10-04","内容编辑与机制审核，未获逐方向专家签审"
"nuclear-medicine-1","nuclear-medicine","分子影像","对象内重复、平台版本与图像质量","imaging","共享主题模块","设备平台、读者判断与个体索引","按个体划分记录，保留平台版本和读者分歧","一人的多张图像同时进入开发和评估资料","图像数量不能代替独立个体和外部评估","NIH：认识临床研究 [研究方法入门]；NHLBI：研究质量评估工具 [研究方法资料]","https://www.nih.gov/about-nih/science-health-public-trust/tools/understanding-clinical-studies；https://www.nhlbi.nih.gov/health-topics/study-quality-assessment-tools","2026-10-04","内容编辑与机制审核，未获逐方向专家签审"
"nuclear-medicine-2","nuclear-medicine","PET影像","对象内重复、平台版本与图像质量","imaging","共享主题模块","设备平台、读者判断与个体索引","按个体划分记录，保留平台版本和读者分歧","一人的多张图像同时进入开发和评估资料","图像数量不能代替独立个体和外部评估","NIH：认识临床研究 [研究方法入门]；NHLBI：研究质量评估工具 [研究方法资料]","https://www.nih.gov/about-nih/science-health-public-trust/tools/understanding-clinical-studies；https://www.nhlbi.nih.gov/health-topics/study-quality-assessment-tools","2026-10-04","内容编辑与机制审核，未获逐方向专家签审"
"nuclear-medicine-3","nuclear-medicine","SPECT影像","对象内重复、平台版本与图像质量","imaging","共享主题模块","设备平台、读者判断与个体索引","按个体划分记录，保留平台版本和读者分歧","一人的多张图像同时进入开发和评估资料","图像数量不能代替独立个体和外部评估","NIH：认识临床研究 [研究方法入门]；NHLBI：研究质量评估工具 [研究方法资料]","https://www.nih.gov/about-nih/science-health-public-trust/tools/understanding-clinical-studies；https://www.nhlbi.nih.gov/health-topics/study-quality-assessment-tools","2026-10-04","内容编辑与机制审核，未获逐方向专家签审"
"nuclear-medicine-4","nuclear-medicine","多模态影像","对象内重复、平台版本与图像质量","imaging","共享主题模块","设备平台、读者判断与个体索引","按个体划分记录，保留平台版本和读者分歧","一人的多张图像同时进入开发和评估资料","图像数量不能代替独立个体和外部评估","NIH：认识临床研究 [研究方法入门]；NHLBI：研究质量评估工具 [研究方法资料]","https://www.nih.gov/about-nih/science-health-public-trust/tools/understanding-clinical-studies；https://www.nhlbi.nih.gov/health-topics/study-quality-assessment-tools","2026-10-04","内容编辑与机制审核，未获逐方向专家签审"
"nuclear-medicine-5","nuclear-medicine","心脏核医学","研究对象、观察窗口与资料比较条件","imaging","共享主题模块","设备平台、读者判断与个体索引","按个体划分记录，保留平台版本和读者分歧","一人的多张图像同时进入开发和评估资料","图像数量不能代替独立个体和外部评估","NIH：认识临床研究 [研究方法入门]；NHLBI：研究质量评估工具 [研究方法资料]","https://www.nih.gov/about-nih/science-health-public-trust/tools/understanding-clinical-studies；https://www.nhlbi.nih.gov/health-topics/study-quality-assessment-tools","2026-10-04","内容编辑与机制审核，未获逐方向专家签审"
"nuclear-medicine-6","nuclear-medicine","肿瘤核医学","研究对象、观察窗口与资料比较条件","imaging","共享主题模块","设备平台、读者判断与个体索引","按个体划分记录，保留平台版本和读者分歧","一人的多张图像同时进入开发和评估资料","图像数量不能代替独立个体和外部评估","NIH：认识临床研究 [研究方法入门]；NHLBI：研究质量评估工具 [研究方法资料]","https://www.nih.gov/about-nih/science-health-public-trust/tools/understanding-clinical-studies；https://www.nhlbi.nih.gov/health-topics/study-quality-assessment-tools","2026-10-04","内容编辑与机制审核，未获逐方向专家签审"
"nuclear-medicine-7","nuclear-medicine","神经核医学","研究对象、观察窗口与资料比较条件","imaging","共享主题模块","设备平台、读者判断与个体索引","按个体划分记录，保留平台版本和读者分歧","一人的多张图像同时进入开发和评估资料","图像数量不能代替独立个体和外部评估","NIH：认识临床研究 [研究方法入门]；NHLBI：研究质量评估工具 [研究方法资料]","https://www.nih.gov/about-nih/science-health-public-trust/tools/understanding-clinical-studies；https://www.nhlbi.nih.gov/health-topics/study-quality-assessment-tools","2026-10-04","内容编辑与机制审核，未获逐方向专家签审"
"nuclear-medicine-8","nuclear-medicine","定量成像","对象内重复、平台版本与图像质量","imaging","共享主题模块","设备平台、读者判断与个体索引","按个体划分记录，保留平台版本和读者分歧","一人的多张图像同时进入开发和评估资料","图像数量不能代替独立个体和外部评估","NIH：认识临床研究 [研究方法入门]；NHLBI：研究质量评估工具 [研究方法资料]","https://www.nih.gov/about-nih/science-health-public-trust/tools/understanding-clinical-studies；https://www.nhlbi.nih.gov/health-topics/study-quality-assessment-tools","2026-10-04","内容编辑与机制审核，未获逐方向专家签审"
"nuclear-medicine-9","nuclear-medicine","图像重建","对象内重复、平台版本与图像质量","imaging","共享主题模块","设备平台、读者判断与个体索引","按个体划分记录，保留平台版本和读者分歧","一人的多张图像同时进入开发和评估资料","图像数量不能代替独立个体和外部评估","NIH：认识临床研究 [研究方法入门]；NHLBI：研究质量评估工具 [研究方法资料]","https://www.nih.gov/about-nih/science-health-public-trust/tools/understanding-clinical-studies；https://www.nhlbi.nih.gov/health-topics/study-quality-assessment-tools","2026-10-04","内容编辑与机制审核，未获逐方向专家签审"
"nuclear-medicine-10","nuclear-medicine","影像资料质控","对象内重复、平台版本与图像质量","imaging","共享主题模块","设备平台、读者判断与个体索引","按个体划分记录，保留平台版本和读者分歧","一人的多张图像同时进入开发和评估资料","图像数量不能代替独立个体和外部评估","NIH：认识临床研究 [研究方法入门]；NHLBI：研究质量评估工具 [研究方法资料]","https://www.nih.gov/about-nih/science-health-public-trust/tools/understanding-clinical-studies；https://www.nhlbi.nih.gov/health-topics/study-quality-assessment-tools","2026-10-04","内容编辑与机制审核，未获逐方向专家签审"
"nuclear-medicine-11","nuclear-medicine","成像一致性","对象内重复、平台版本与图像质量","imaging","共享主题模块","设备平台、读者判断与个体索引","按个体划分记录，保留平台版本和读者分歧","一人的多张图像同时进入开发和评估资料","图像数量不能代替独立个体和外部评估","NIH：认识临床研究 [研究方法入门]；NHLBI：研究质量评估工具 [研究方法资料]","https://www.nih.gov/about-nih/science-health-public-trust/tools/understanding-clinical-studies；https://www.nhlbi.nih.gov/health-topics/study-quality-assessment-tools","2026-10-04","内容编辑与机制审核，未获逐方向专家签审"
"nuclear-medicine-12","nuclear-medicine","设备与软件评价","原型版本、使用任务与失败反馈","imaging","共享主题模块","设备平台、读者判断与个体索引","按个体划分记录，保留平台版本和读者分歧","一人的多张图像同时进入开发和评估资料","图像数量不能代替独立个体和外部评估","NIH：认识临床研究 [研究方法入门]；NHLBI：研究质量评估工具 [研究方法资料]","https://www.nih.gov/about-nih/science-health-public-trust/tools/understanding-clinical-studies；https://www.nhlbi.nih.gov/health-topics/study-quality-assessment-tools","2026-10-04","内容编辑与机制审核，未获逐方向专家签审"
"rehabilitation-1","rehabilitation","神经康复","阶段、生活条件与功能或体验变化","rehab","细分核对","标准任务、日常活动与参与记录","分开测试改善、实际功能与生活参与","练熟测试被当成所有生活任务都改善","测试任务不能覆盖全部生活参与","NIH：认识临床研究 [研究方法入门]；NHLBI：研究质量评估工具 [研究方法资料]","https://www.nih.gov/about-nih/science-health-public-trust/tools/understanding-clinical-studies；https://www.nhlbi.nih.gov/health-topics/study-quality-assessment-tools","2026-10-04","内容编辑与机制审核，未获逐方向专家签审"
"rehabilitation-2","rehabilitation","心肺康复","阶段、生活条件与功能或体验变化","rehab","细分核对","标准任务、日常活动与参与记录","分开测试改善、实际功能与生活参与","练熟测试被当成所有生活任务都改善","测试任务不能覆盖全部生活参与","NIH：认识临床研究 [研究方法入门]；NHLBI：研究质量评估工具 [研究方法资料]","https://www.nih.gov/about-nih/science-health-public-trust/tools/understanding-clinical-studies；https://www.nhlbi.nih.gov/health-topics/study-quality-assessment-tools","2026-10-04","内容编辑与机制审核，未获逐方向专家签审"
"rehabilitation-3","rehabilitation","肌骨康复","阶段、生活条件与功能或体验变化","rehab","细分核对","标准任务、日常活动与参与记录","分开测试改善、实际功能与生活参与","练熟测试被当成所有生活任务都改善","测试任务不能覆盖全部生活参与","NIH：认识临床研究 [研究方法入门]；NHLBI：研究质量评估工具 [研究方法资料]","https://www.nih.gov/about-nih/science-health-public-trust/tools/understanding-clinical-studies；https://www.nhlbi.nih.gov/health-topics/study-quality-assessment-tools","2026-10-04","内容编辑与机制审核，未获逐方向专家签审"
"rehabilitation-4","rehabilitation","运动功能","任务或测量条件、重复记录与时间","rehab","细分核对","标准任务、日常活动与参与记录","分开测试改善、实际功能与生活参与","练熟测试被当成所有生活任务都改善","测试任务不能覆盖全部生活参与","NIH：认识临床研究 [研究方法入门]；NHLBI：研究质量评估工具 [研究方法资料]","https://www.nih.gov/about-nih/science-health-public-trust/tools/understanding-clinical-studies；https://www.nhlbi.nih.gov/health-topics/study-quality-assessment-tools","2026-10-04","内容编辑与机制审核，未获逐方向专家签审"
"rehabilitation-5","rehabilitation","作业与生活功能","任务或测量条件、重复记录与时间","rehab","细分核对","标准任务、日常活动与参与记录","分开测试改善、实际功能与生活参与","练熟测试被当成所有生活任务都改善","测试任务不能覆盖全部生活参与","NIH：认识临床研究 [研究方法入门]；NHLBI：研究质量评估工具 [研究方法资料]","https://www.nih.gov/about-nih/science-health-public-trust/tools/understanding-clinical-studies；https://www.nhlbi.nih.gov/health-topics/study-quality-assessment-tools","2026-10-04","内容编辑与机制审核，未获逐方向专家签审"
"rehabilitation-6","rehabilitation","语言与吞咽研究","研究对象、观察窗口与资料比较条件","rehab","共享主题模块","功能任务、量表版本与家庭参与记录","对照任务目标、评估者和真实使用情境","训练场上的表现被直接写成日常功能恢复","受控任务表现不能代替生活参与结局","NIH：认识临床研究 [研究方法入门]；NHLBI：研究质量评估工具 [研究方法资料]","https://www.nih.gov/about-nih/science-health-public-trust/tools/understanding-clinical-studies；https://www.nhlbi.nih.gov/health-topics/study-quality-assessment-tools","2026-10-04","内容编辑与机制审核，未获逐方向专家签审"
"rehabilitation-7","rehabilitation","辅助技术","原型版本、使用任务与失败反馈","rehab","共享主题模块","功能任务、量表版本与家庭参与记录","对照任务目标、评估者和真实使用情境","训练场上的表现被直接写成日常功能恢复","受控任务表现不能代替生活参与结局","NIH：认识临床研究 [研究方法入门]；NHLBI：研究质量评估工具 [研究方法资料]","https://www.nih.gov/about-nih/science-health-public-trust/tools/understanding-clinical-studies；https://www.nhlbi.nih.gov/health-topics/study-quality-assessment-tools","2026-10-04","内容编辑与机制审核，未获逐方向专家签审"
"rehabilitation-8","rehabilitation","康复机器人","原型版本、使用任务与失败反馈","rehab","细分核对","标准任务、日常活动与参与记录","分开测试改善、实际功能与生活参与","练熟测试被当成所有生活任务都改善","测试任务不能覆盖全部生活参与","NIH：认识临床研究 [研究方法入门]；NHLBI：研究质量评估工具 [研究方法资料]","https://www.nih.gov/about-nih/science-health-public-trust/tools/understanding-clinical-studies；https://www.nhlbi.nih.gov/health-topics/study-quality-assessment-tools","2026-10-04","内容编辑与机制审核，未获逐方向专家签审"
"rehabilitation-9","rehabilitation","远程康复","阶段、生活条件与功能或体验变化","rehab","细分核对","标准任务、日常活动与参与记录","分开测试改善、实际功能与生活参与","练熟测试被当成所有生活任务都改善","测试任务不能覆盖全部生活参与","NIH：认识临床研究 [研究方法入门]；NHLBI：研究质量评估工具 [研究方法资料]","https://www.nih.gov/about-nih/science-health-public-trust/tools/understanding-clinical-studies；https://www.nhlbi.nih.gov/health-topics/study-quality-assessment-tools","2026-10-04","内容编辑与机制审核，未获逐方向专家签审"
"rehabilitation-10","rehabilitation","康复量表","测量含义、填答者与时间窗口","rehab","细分核对","标准任务、日常活动与参与记录","分开测试改善、实际功能与生活参与","练熟测试被当成所有生活任务都改善","测试任务不能覆盖全部生活参与","NIH：认识临床研究 [研究方法入门]；NHLBI：研究质量评估工具 [研究方法资料]","https://www.nih.gov/about-nih/science-health-public-trust/tools/understanding-clinical-studies；https://www.nhlbi.nih.gov/health-topics/study-quality-assessment-tools","2026-10-04","内容编辑与机制审核，未获逐方向专家签审"
"rehabilitation-11","rehabilitation","参与与生活质量","测量含义、填答者与时间窗口","rehab","共享主题模块","功能任务、量表版本与家庭参与记录","对照任务目标、评估者和真实使用情境","训练场上的表现被直接写成日常功能恢复","受控任务表现不能代替生活参与结局","NIH：认识临床研究 [研究方法入门]；NHLBI：研究质量评估工具 [研究方法资料]","https://www.nih.gov/about-nih/science-health-public-trust/tools/understanding-clinical-studies；https://www.nhlbi.nih.gov/health-topics/study-quality-assessment-tools","2026-10-04","内容编辑与机制审核，未获逐方向专家签审"
"rehabilitation-12","rehabilitation","康复服务","目标、执行层次与受益差异","rehab","细分核对","标准任务、日常活动与参与记录","分开测试改善、实际功能与生活参与","练熟测试被当成所有生活任务都改善","测试任务不能覆盖全部生活参与","NIH：认识临床研究 [研究方法入门]；NHLBI：研究质量评估工具 [研究方法资料]","https://www.nih.gov/about-nih/science-health-public-trust/tools/understanding-clinical-studies；https://www.nhlbi.nih.gov/health-topics/study-quality-assessment-tools","2026-10-04","内容编辑与机制审核，未获逐方向专家签审"
"oral-medicine-1","oral-medicine","口腔内科","研究对象、观察窗口与资料比较条件","oral","共享主题模块","检查部位索引、影像与评分者意见","区分牙位、个体和评分者，保留不同判断","多个牙位被当成多个互不相关的人","部位差异不能直接推广为人群差异","NIH：认识临床研究 [研究方法入门]；NHLBI：研究质量评估工具 [研究方法资料]","https://www.nih.gov/about-nih/science-health-public-trust/tools/understanding-clinical-studies；https://www.nhlbi.nih.gov/health-topics/study-quality-assessment-tools","2026-10-04","内容编辑与机制审核，未获逐方向专家签审"
"oral-medicine-2","oral-medicine","牙周研究","研究对象、观察窗口与资料比较条件","oral-function","共享主题模块","牙位索引、功能任务与患者体验","比较结构评价与真实任务表现，保留个体对应","影像上的结构改善被当成咀嚼体验已经改善","结构指标不能独立替代功能和患者体验","NIH：认识临床研究 [研究方法入门]；NHLBI：研究质量评估工具 [研究方法资料]","https://www.nih.gov/about-nih/science-health-public-trust/tools/understanding-clinical-studies；https://www.nhlbi.nih.gov/health-topics/study-quality-assessment-tools","2026-10-04","内容编辑与机制审核，未获逐方向专家签审"
"oral-medicine-3","oral-medicine","口腔修复","研究对象、观察窗口与资料比较条件","oral-function","共享主题模块","牙位索引、功能任务与患者体验","比较结构评价与真实任务表现，保留个体对应","影像上的结构改善被当成咀嚼体验已经改善","结构指标不能独立替代功能和患者体验","NIH：认识临床研究 [研究方法入门]；NHLBI：研究质量评估工具 [研究方法资料]","https://www.nih.gov/about-nih/science-health-public-trust/tools/understanding-clinical-studies；https://www.nhlbi.nih.gov/health-topics/study-quality-assessment-tools","2026-10-04","内容编辑与机制审核，未获逐方向专家签审"
"oral-medicine-4","oral-medicine","口腔正畸","研究对象、观察窗口与资料比较条件","oral-function","共享主题模块","牙位索引、功能任务与患者体验","比较结构评价与真实任务表现，保留个体对应","影像上的结构改善被当成咀嚼体验已经改善","结构指标不能独立替代功能和患者体验","NIH：认识临床研究 [研究方法入门]；NHLBI：研究质量评估工具 [研究方法资料]","https://www.nih.gov/about-nih/science-health-public-trust/tools/understanding-clinical-studies；https://www.nhlbi.nih.gov/health-topics/study-quality-assessment-tools","2026-10-04","内容编辑与机制审核，未获逐方向专家签审"
"oral-medicine-5","oral-medicine","口腔颌面结局","入组范围、观察时间与未完成随访","oral","共享主题模块","检查部位索引、影像与评分者意见","区分牙位、个体和评分者，保留不同判断","多个牙位被当成多个互不相关的人","部位差异不能直接推广为人群差异","NIH：认识临床研究 [研究方法入门]；NHLBI：研究质量评估工具 [研究方法资料]","https://www.nih.gov/about-nih/science-health-public-trust/tools/understanding-clinical-studies；https://www.nhlbi.nih.gov/health-topics/study-quality-assessment-tools","2026-10-04","内容编辑与机制审核，未获逐方向专家签审"
"oral-medicine-6","oral-medicine","儿童口腔","研究对象、观察窗口与资料比较条件","life-course","共享主题模块","年龄窗口、照护者填答与阶段随访记录","按年龄和填答者区分量表，核对阶段转换","照护者代填与本人填答被混为同一体验","跨年龄或跨填答者比较需要另外说明可比性","NIH：认识临床研究 [研究方法入门]；NHLBI：研究质量评估工具 [研究方法资料]","https://www.nih.gov/about-nih/science-health-public-trust/tools/understanding-clinical-studies；https://www.nhlbi.nih.gov/health-topics/study-quality-assessment-tools","2026-10-04","内容编辑与机制审核，未获逐方向专家签审"
"oral-medicine-7","oral-medicine","口腔影像","对象内重复、平台版本与图像质量","imaging","共享主题模块","设备平台、读者判断与个体索引","按个体划分记录，保留平台版本和读者分歧","一人的多张图像同时进入开发和评估资料","图像数量不能代替独立个体和外部评估","NIH：认识临床研究 [研究方法入门]；NHLBI：研究质量评估工具 [研究方法资料]","https://www.nih.gov/about-nih/science-health-public-trust/tools/understanding-clinical-studies；https://www.nhlbi.nih.gov/health-topics/study-quality-assessment-tools","2026-10-04","内容编辑与机制审核，未获逐方向专家签审"
"oral-medicine-8","oral-medicine","口腔材料","研究对象、观察窗口与资料比较条件","oral","共享主题模块","检查部位索引、影像与评分者意见","区分牙位、个体和评分者，保留不同判断","多个牙位被当成多个互不相关的人","部位差异不能直接推广为人群差异","NIH：认识临床研究 [研究方法入门]；NHLBI：研究质量评估工具 [研究方法资料]","https://www.nih.gov/about-nih/science-health-public-trust/tools/understanding-clinical-studies；https://www.nhlbi.nih.gov/health-topics/study-quality-assessment-tools","2026-10-04","内容编辑与机制审核，未获逐方向专家签审"
"oral-medicine-9","oral-medicine","口腔微生态","研究对象、观察窗口与资料比较条件","oral","共享主题模块","检查部位索引、影像与评分者意见","区分牙位、个体和评分者，保留不同判断","多个牙位被当成多个互不相关的人","部位差异不能直接推广为人群差异","NIH：认识临床研究 [研究方法入门]；NHLBI：研究质量评估工具 [研究方法资料]","https://www.nih.gov/about-nih/science-health-public-trust/tools/understanding-clinical-studies；https://www.nhlbi.nih.gov/health-topics/study-quality-assessment-tools","2026-10-04","内容编辑与机制审核，未获逐方向专家签审"
"oral-medicine-10","oral-medicine","口腔公共卫生","群体范围、信息来源与比较条件","oral","共享主题模块","检查部位索引、影像与评分者意见","区分牙位、个体和评分者，保留不同判断","多个牙位被当成多个互不相关的人","部位差异不能直接推广为人群差异","NIH：认识临床研究 [研究方法入门]；NHLBI：研究质量评估工具 [研究方法资料]","https://www.nih.gov/about-nih/science-health-public-trust/tools/understanding-clinical-studies；https://www.nhlbi.nih.gov/health-topics/study-quality-assessment-tools","2026-10-04","内容编辑与机制审核，未获逐方向专家签审"
"oral-medicine-11","oral-medicine","数字口腔","研究对象、观察窗口与资料比较条件","oral","共享主题模块","检查部位索引、影像与评分者意见","区分牙位、个体和评分者，保留不同判断","多个牙位被当成多个互不相关的人","部位差异不能直接推广为人群差异","NIH：认识临床研究 [研究方法入门]；NHLBI：研究质量评估工具 [研究方法资料]","https://www.nih.gov/about-nih/science-health-public-trust/tools/understanding-clinical-studies；https://www.nhlbi.nih.gov/health-topics/study-quality-assessment-tools","2026-10-04","内容编辑与机制审核，未获逐方向专家签审"
"oral-medicine-12","oral-medicine","口腔生活质量","测量含义、填答者与时间窗口","measurement-scale","共享主题模块","条目版本、填答者与缺失条目","先确认量表含义和适用对象，再比较总分","删去不同条目后仍沿用原来总分的解释","总分相同不保证测量的内容相同","NHLBI：研究质量评估工具 [研究方法资料]","https://www.nhlbi.nih.gov/health-topics/study-quality-assessment-tools","2026-10-04","内容编辑与机制审核，未获逐方向专家签审"
"traditional-medicine-1","traditional-medicine","中医基础文献","出处、整理版本与术语语境","traditional","共享主题模块","术语来源、辨识规则与研究记录","把历史解释、现代观察与具体评价分别记下","不同文献中的同名分类被直接合并","传统解释与现代评价之间需要明确证据接口","NIH：认识临床研究 [研究方法入门]；NHLBI：研究质量评估工具 [研究方法资料]","https://www.nih.gov/about-nih/science-health-public-trust/tools/understanding-clinical-studies；https://www.nhlbi.nih.gov/health-topics/study-quality-assessment-tools","2026-10-04","内容编辑与机制审核，未获逐方向专家签审"
"traditional-medicine-2","traditional-medicine","中医临床结局","入组范围、观察时间与未完成随访","traditional","共享主题模块","术语来源、辨识规则与研究记录","把历史解释、现代观察与具体评价分别记下","不同文献中的同名分类被直接合并","传统解释与现代评价之间需要明确证据接口","NIH：认识临床研究 [研究方法入门]；NHLBI：研究质量评估工具 [研究方法资料]","https://www.nih.gov/about-nih/science-health-public-trust/tools/understanding-clinical-studies；https://www.nhlbi.nih.gov/health-topics/study-quality-assessment-tools","2026-10-04","内容编辑与机制审核，未获逐方向专家签审"
"traditional-medicine-3","traditional-medicine","中医内科研究","研究对象、观察窗口与资料比较条件","traditional","共享主题模块","术语来源、辨识规则与研究记录","把历史解释、现代观察与具体评价分别记下","不同文献中的同名分类被直接合并","传统解释与现代评价之间需要明确证据接口","NIH：认识临床研究 [研究方法入门]；NHLBI：研究质量评估工具 [研究方法资料]","https://www.nih.gov/about-nih/science-health-public-trust/tools/understanding-clinical-studies；https://www.nhlbi.nih.gov/health-topics/study-quality-assessment-tools","2026-10-04","内容编辑与机制审核，未获逐方向专家签审"
"traditional-medicine-4","traditional-medicine","中医妇儿研究","研究对象、观察窗口与资料比较条件","life-course","共享主题模块","年龄窗口、照护者填答与阶段随访记录","按年龄和填答者区分量表，核对阶段转换","照护者代填与本人填答被混为同一体验","跨年龄或跨填答者比较需要另外说明可比性","NIH：认识临床研究 [研究方法入门]；NHLBI：研究质量评估工具 [研究方法资料]","https://www.nih.gov/about-nih/science-health-public-trust/tools/understanding-clinical-studies；https://www.nhlbi.nih.gov/health-topics/study-quality-assessment-tools","2026-10-04","内容编辑与机制审核，未获逐方向专家签审"
"traditional-medicine-5","traditional-medicine","中医老年健康","阶段、生活条件与功能或体验变化","life-course","共享主题模块","年龄窗口、照护者填答与阶段随访记录","按年龄和填答者区分量表，核对阶段转换","照护者代填与本人填答被混为同一体验","跨年龄或跨填答者比较需要另外说明可比性","NIH：认识临床研究 [研究方法入门]；NHLBI：研究质量评估工具 [研究方法资料]","https://www.nih.gov/about-nih/science-health-public-trust/tools/understanding-clinical-studies；https://www.nhlbi.nih.gov/health-topics/study-quality-assessment-tools","2026-10-04","内容编辑与机制审核，未获逐方向专家签审"
"traditional-medicine-6","traditional-medicine","中医康复","阶段、生活条件与功能或体验变化","rehab","共享主题模块","功能任务、量表版本与家庭参与记录","对照任务目标、评估者和真实使用情境","训练场上的表现被直接写成日常功能恢复","受控任务表现不能代替生活参与结局","NIH：认识临床研究 [研究方法入门]；NHLBI：研究质量评估工具 [研究方法资料]","https://www.nih.gov/about-nih/science-health-public-trust/tools/understanding-clinical-studies；https://www.nhlbi.nih.gov/health-topics/study-quality-assessment-tools","2026-10-04","内容编辑与机制审核，未获逐方向专家签审"
"traditional-medicine-7","traditional-medicine","针灸研究方法","研究对象、观察窗口与资料比较条件","traditional","共享主题模块","术语来源、辨识规则与研究记录","把历史解释、现代观察与具体评价分别记下","不同文献中的同名分类被直接合并","传统解释与现代评价之间需要明确证据接口","NIH：认识临床研究 [研究方法入门]；NHLBI：研究质量评估工具 [研究方法资料]","https://www.nih.gov/about-nih/science-health-public-trust/tools/understanding-clinical-studies；https://www.nhlbi.nih.gov/health-topics/study-quality-assessment-tools","2026-10-04","内容编辑与机制审核，未获逐方向专家签审"
"traditional-medicine-8","traditional-medicine","中药资料研究","研究对象、观察窗口与资料比较条件","pharma","共享主题模块","药物来源、测量单位与作用评价记录","分开作用信号、暴露条件与安全性记录","不同来源的作用指标换算后看似一致，原口径却不同","一个作用指标不等于有效、安全或可用于临床","FDA：药物开发流程 [转化研究背景]；NHLBI：研究质量评估工具 [研究方法资料]","https://www.fda.gov/patients/learn-about-drug-and-device-approvals/drug-development-process；https://www.nhlbi.nih.gov/health-topics/study-quality-assessment-tools","2026-10-04","内容编辑与机制审核，未获逐方向专家签审"
"traditional-medicine-9","traditional-medicine","传统知识整理","出处、整理版本与术语语境","traditional","共享主题模块","术语来源、辨识规则与研究记录","把历史解释、现代观察与具体评价分别记下","不同文献中的同名分类被直接合并","传统解释与现代评价之间需要明确证据接口","NIH：认识临床研究 [研究方法入门]；NHLBI：研究质量评估工具 [研究方法资料]","https://www.nih.gov/about-nih/science-health-public-trust/tools/understanding-clinical-studies；https://www.nhlbi.nih.gov/health-topics/study-quality-assessment-tools","2026-10-04","内容编辑与机制审核，未获逐方向专家签审"
"traditional-medicine-10","traditional-medicine","中西医结合评价","研究对象、观察窗口与资料比较条件","traditional","共享主题模块","术语来源、辨识规则与研究记录","把历史解释、现代观察与具体评价分别记下","不同文献中的同名分类被直接合并","传统解释与现代评价之间需要明确证据接口","NIH：认识临床研究 [研究方法入门]；NHLBI：研究质量评估工具 [研究方法资料]","https://www.nih.gov/about-nih/science-health-public-trust/tools/understanding-clinical-studies；https://www.nhlbi.nih.gov/health-topics/study-quality-assessment-tools","2026-10-04","内容编辑与机制审核，未获逐方向专家签审"
"traditional-medicine-11","traditional-medicine","中医健康服务","目标、执行层次与受益差异","health-services","共享主题模块","服务路径、支付口径与使用者反馈","分开服务可及、使用与结果，核对就医选择","使用服务的人原本就更容易获得后续随访","服务使用差异不能直接视作服务效果","NINR：护理研究优先领域 [学科范围]；NHLBI：研究质量评估工具 [研究方法资料]","https://www.ninr.nih.gov/research/priority-areas；https://www.nhlbi.nih.gov/health-topics/study-quality-assessment-tools","2026-10-04","内容编辑与机制审核，未获逐方向专家签审"
"traditional-medicine-12","traditional-medicine","中医证候一致性","测量口径、平台或读者差异","traditional","共享主题模块","术语来源、辨识规则与研究记录","把历史解释、现代观察与具体评价分别记下","不同文献中的同名分类被直接合并","传统解释与现代评价之间需要明确证据接口","NIH：认识临床研究 [研究方法入门]；NHLBI：研究质量评估工具 [研究方法资料]","https://www.nih.gov/about-nih/science-health-public-trust/tools/understanding-clinical-studies；https://www.nhlbi.nih.gov/health-topics/study-quality-assessment-tools","2026-10-04","内容编辑与机制审核，未获逐方向专家签审"
"medical-genetics-1","medical-genetics","罕见病资料","研究对象、观察窗口与资料比较条件","genetic-association","共享主题模块","变异注释版本、来源群体与表型定义","对照群体背景、注释与表型，区分关联和功能解释","关联的变异被直接说成已经找到致病机制","关联位点、作用基因与机制是不同层次的证据","清华统计与数据科学：科研领域 [学科范围]；NHLBI：研究质量评估工具 [研究方法资料]","https://www.stat.tsinghua.edu.cn/kxyj/kylyy.htm；https://www.nhlbi.nih.gov/health-topics/study-quality-assessment-tools","2026-10-04","内容编辑与机制审核，未获逐方向专家签审"
"medical-genetics-2","medical-genetics","心血管遗传","对象关系、参考版本与变异解释","genetic-association","细分核对","变异标识、效应等位基因与祖源构成","对齐等位基因、效应方向和研究人群，区分关联与机制","效应等位基因不同的结果被写成方向冲突","标识和方向核对先于生物学解释，关联不独立证明机制","清华统计与数据科学：科研领域 [学科范围]；NHLBI：研究质量评估工具 [研究方法资料]","https://www.stat.tsinghua.edu.cn/kxyj/kylyy.htm；https://www.nhlbi.nih.gov/health-topics/study-quality-assessment-tools","2026-10-04","内容编辑与机制审核，未获逐方向专家签审"
"medical-genetics-3","medical-genetics","神经遗传","对象关系、参考版本与变异解释","genetic-association","细分核对","变异标识、效应等位基因与祖源构成","对齐等位基因、效应方向和研究人群，区分关联与机制","效应等位基因不同的结果被写成方向冲突","标识和方向核对先于生物学解释，关联不独立证明机制","清华统计与数据科学：科研领域 [学科范围]；NHLBI：研究质量评估工具 [研究方法资料]","https://www.stat.tsinghua.edu.cn/kxyj/kylyy.htm；https://www.nhlbi.nih.gov/health-topics/study-quality-assessment-tools","2026-10-04","内容编辑与机制审核，未获逐方向专家签审"
"medical-genetics-4","medical-genetics","肿瘤遗传","对象关系、参考版本与变异解释","genetic-association","细分核对","变异标识、效应等位基因与祖源构成","对齐等位基因、效应方向和研究人群，区分关联与机制","效应等位基因不同的结果被写成方向冲突","标识和方向核对先于生物学解释，关联不独立证明机制","清华统计与数据科学：科研领域 [学科范围]；NHLBI：研究质量评估工具 [研究方法资料]","https://www.stat.tsinghua.edu.cn/kxyj/kylyy.htm；https://www.nhlbi.nih.gov/health-topics/study-quality-assessment-tools","2026-10-04","内容编辑与机制审核，未获逐方向专家签审"
"medical-genetics-5","medical-genetics","代谢遗传","对象关系、参考版本与变异解释","genetic-association","细分核对","变异标识、效应等位基因与祖源构成","对齐等位基因、效应方向和研究人群，区分关联与机制","效应等位基因不同的结果被写成方向冲突","标识和方向核对先于生物学解释，关联不独立证明机制","清华统计与数据科学：科研领域 [学科范围]；NHLBI：研究质量评估工具 [研究方法资料]","https://www.stat.tsinghua.edu.cn/kxyj/kylyy.htm；https://www.nhlbi.nih.gov/health-topics/study-quality-assessment-tools","2026-10-04","内容编辑与机制审核，未获逐方向专家签审"
"medical-genetics-6","medical-genetics","儿童遗传","对象关系、参考版本与变异解释","genetic-association","细分核对","变异标识、效应等位基因与祖源构成","对齐等位基因、效应方向和研究人群，区分关联与机制","效应等位基因不同的结果被写成方向冲突","标识和方向核对先于生物学解释，关联不独立证明机制","清华统计与数据科学：科研领域 [学科范围]；NHLBI：研究质量评估工具 [研究方法资料]","https://www.stat.tsinghua.edu.cn/kxyj/kylyy.htm；https://www.nhlbi.nih.gov/health-topics/study-quality-assessment-tools","2026-10-04","内容编辑与机制审核，未获逐方向专家签审"
"medical-genetics-7","medical-genetics","遗传变异解释","对象关系、参考版本与变异解释","genetic-association","细分核对","变异标识、效应等位基因与祖源构成","对齐等位基因、效应方向和研究人群，区分关联与机制","效应等位基因不同的结果被写成方向冲突","标识和方向核对先于生物学解释，关联不独立证明机制","清华统计与数据科学：科研领域 [学科范围]；NHLBI：研究质量评估工具 [研究方法资料]","https://www.stat.tsinghua.edu.cn/kxyj/kylyy.htm；https://www.nhlbi.nih.gov/health-topics/study-quality-assessment-tools","2026-10-04","内容编辑与机制审核，未获逐方向专家签审"
"medical-genetics-8","medical-genetics","家系资料整理","对象关系、参考版本与变异解释","genetic-association","共享主题模块","变异注释版本、来源群体与表型定义","对照群体背景、注释与表型，区分关联和功能解释","关联的变异被直接说成已经找到致病机制","关联位点、作用基因与机制是不同层次的证据","清华统计与数据科学：科研领域 [学科范围]；NHLBI：研究质量评估工具 [研究方法资料]","https://www.stat.tsinghua.edu.cn/kxyj/kylyy.htm；https://www.nhlbi.nih.gov/health-topics/study-quality-assessment-tools","2026-10-04","内容编辑与机制审核，未获逐方向专家签审"
"medical-genetics-9","medical-genetics","遗传资料质量","对象关系、参考版本与变异解释","genetic-association","细分核对","变异标识、效应等位基因与祖源构成","对齐等位基因、效应方向和研究人群，区分关联与机制","效应等位基因不同的结果被写成方向冲突","标识和方向核对先于生物学解释，关联不独立证明机制","清华统计与数据科学：科研领域 [学科范围]；NHLBI：研究质量评估工具 [研究方法资料]","https://www.stat.tsinghua.edu.cn/kxyj/kylyy.htm；https://www.nhlbi.nih.gov/health-topics/study-quality-assessment-tools","2026-10-04","内容编辑与机制审核，未获逐方向专家签审"
"medical-genetics-10","medical-genetics","群体遗传","对象关系、参考版本与变异解释","genetic-association","细分核对","变异标识、效应等位基因与祖源构成","对齐等位基因、效应方向和研究人群，区分关联与机制","效应等位基因不同的结果被写成方向冲突","标识和方向核对先于生物学解释，关联不独立证明机制","清华统计与数据科学：科研领域 [学科范围]；NHLBI：研究质量评估工具 [研究方法资料]","https://www.stat.tsinghua.edu.cn/kxyj/kylyy.htm；https://www.nhlbi.nih.gov/health-topics/study-quality-assessment-tools","2026-10-04","内容编辑与机制审核，未获逐方向专家签审"
"medical-genetics-11","medical-genetics","遗传与环境","对象关系、参考版本与变异解释","genetic-association","细分核对","变异标识、效应等位基因与祖源构成","对齐等位基因、效应方向和研究人群，区分关联与机制","效应等位基因不同的结果被写成方向冲突","标识和方向核对先于生物学解释，关联不独立证明机制","清华统计与数据科学：科研领域 [学科范围]；NHLBI：研究质量评估工具 [研究方法资料]","https://www.stat.tsinghua.edu.cn/kxyj/kylyy.htm；https://www.nhlbi.nih.gov/health-topics/study-quality-assessment-tools","2026-10-04","内容编辑与机制审核，未获逐方向专家签审"
"medical-genetics-12","medical-genetics","遗传咨询体验","对象关系、参考版本与变异解释","genetic-association","细分核对","变异标识、效应等位基因与祖源构成","对齐等位基因、效应方向和研究人群，区分关联与机制","效应等位基因不同的结果被写成方向冲突","标识和方向核对先于生物学解释，关联不独立证明机制","清华统计与数据科学：科研领域 [学科范围]；NHLBI：研究质量评估工具 [研究方法资料]","https://www.stat.tsinghua.edu.cn/kxyj/kylyy.htm；https://www.nhlbi.nih.gov/health-topics/study-quality-assessment-tools","2026-10-04","内容编辑与机制审核，未获逐方向专家签审"
"anatomy-physiology-1","anatomy-physiology","人体解剖","研究对象、观察窗口与资料比较条件","anatomy","共享主题模块","结构图谱、发育阶段与功能观察记录","对应结构、阶段与观察条件，不用形态代替功能","不同发育阶段的记录被排成同一个正常基线","结构相似不自动证明功能相同","OpenStax：解剖与生理教材说明 [基础教材入口]","https://openstax.org/books/anatomy-and-physiology-2e/pages/preface","2026-10-04","内容编辑与机制审核，未获逐方向专家签审"
"anatomy-physiology-2","anatomy-physiology","组织与发育","资料来源、批次与模型范围","anatomy","共享主题模块","结构图谱、发育阶段与功能观察记录","对应结构、阶段与观察条件，不用形态代替功能","不同发育阶段的记录被排成同一个正常基线","结构相似不自动证明功能相同","OpenStax：解剖与生理教材说明 [基础教材入口]","https://openstax.org/books/anatomy-and-physiology-2e/pages/preface","2026-10-04","内容编辑与机制审核，未获逐方向专家签审"
"anatomy-physiology-3","anatomy-physiology","心血管生理","任务或测量条件、重复记录与时间","anatomy","共享主题模块","结构图谱、发育阶段与功能观察记录","对应结构、阶段与观察条件，不用形态代替功能","不同发育阶段的记录被排成同一个正常基线","结构相似不自动证明功能相同","OpenStax：解剖与生理教材说明 [基础教材入口]","https://openstax.org/books/anatomy-and-physiology-2e/pages/preface","2026-10-04","内容编辑与机制审核，未获逐方向专家签审"
"anatomy-physiology-4","anatomy-physiology","呼吸生理","任务或测量条件、重复记录与时间","anatomy","共享主题模块","结构图谱、发育阶段与功能观察记录","对应结构、阶段与观察条件，不用形态代替功能","不同发育阶段的记录被排成同一个正常基线","结构相似不自动证明功能相同","OpenStax：解剖与生理教材说明 [基础教材入口]","https://openstax.org/books/anatomy-and-physiology-2e/pages/preface","2026-10-04","内容编辑与机制审核，未获逐方向专家签审"
"anatomy-physiology-5","anatomy-physiology","神经生理","任务或测量条件、重复记录与时间","anatomy","共享主题模块","结构图谱、发育阶段与功能观察记录","对应结构、阶段与观察条件，不用形态代替功能","不同发育阶段的记录被排成同一个正常基线","结构相似不自动证明功能相同","OpenStax：解剖与生理教材说明 [基础教材入口]","https://openstax.org/books/anatomy-and-physiology-2e/pages/preface","2026-10-04","内容编辑与机制审核，未获逐方向专家签审"
"anatomy-physiology-6","anatomy-physiology","内分泌生理","任务或测量条件、重复记录与时间","anatomy","共享主题模块","结构图谱、发育阶段与功能观察记录","对应结构、阶段与观察条件，不用形态代替功能","不同发育阶段的记录被排成同一个正常基线","结构相似不自动证明功能相同","OpenStax：解剖与生理教材说明 [基础教材入口]","https://openstax.org/books/anatomy-and-physiology-2e/pages/preface","2026-10-04","内容编辑与机制审核，未获逐方向专家签审"
"anatomy-physiology-7","anatomy-physiology","肾脏生理","任务或测量条件、重复记录与时间","anatomy","共享主题模块","结构图谱、发育阶段与功能观察记录","对应结构、阶段与观察条件，不用形态代替功能","不同发育阶段的记录被排成同一个正常基线","结构相似不自动证明功能相同","OpenStax：解剖与生理教材说明 [基础教材入口]","https://openstax.org/books/anatomy-and-physiology-2e/pages/preface","2026-10-04","内容编辑与机制审核，未获逐方向专家签审"
"anatomy-physiology-8","anatomy-physiology","消化生理","任务或测量条件、重复记录与时间","anatomy","共享主题模块","结构图谱、发育阶段与功能观察记录","对应结构、阶段与观察条件，不用形态代替功能","不同发育阶段的记录被排成同一个正常基线","结构相似不自动证明功能相同","OpenStax：解剖与生理教材说明 [基础教材入口]","https://openstax.org/books/anatomy-and-physiology-2e/pages/preface","2026-10-04","内容编辑与机制审核，未获逐方向专家签审"
"anatomy-physiology-9","anatomy-physiology","运动生理","任务或测量条件、重复记录与时间","anatomy","共享主题模块","结构图谱、发育阶段与功能观察记录","对应结构、阶段与观察条件，不用形态代替功能","不同发育阶段的记录被排成同一个正常基线","结构相似不自动证明功能相同","OpenStax：解剖与生理教材说明 [基础教材入口]","https://openstax.org/books/anatomy-and-physiology-2e/pages/preface","2026-10-04","内容编辑与机制审核，未获逐方向专家签审"
"anatomy-physiology-10","anatomy-physiology","系统生理","任务或测量条件、重复记录与时间","anatomy","共享主题模块","结构图谱、发育阶段与功能观察记录","对应结构、阶段与观察条件，不用形态代替功能","不同发育阶段的记录被排成同一个正常基线","结构相似不自动证明功能相同","OpenStax：解剖与生理教材说明 [基础教材入口]","https://openstax.org/books/anatomy-and-physiology-2e/pages/preface","2026-10-04","内容编辑与机制审核，未获逐方向专家签审"
"anatomy-physiology-11","anatomy-physiology","生理测量","任务或测量条件、重复记录与时间","anatomy","共享主题模块","结构图谱、发育阶段与功能观察记录","对应结构、阶段与观察条件，不用形态代替功能","不同发育阶段的记录被排成同一个正常基线","结构相似不自动证明功能相同","OpenStax：解剖与生理教材说明 [基础教材入口]","https://openstax.org/books/anatomy-and-physiology-2e/pages/preface","2026-10-04","内容编辑与机制审核，未获逐方向专家签审"
"anatomy-physiology-12","anatomy-physiology","医学教学研究","研究对象、观察窗口与资料比较条件","education","细分核对","学习目标、任务作品与课堂实施记录","对齐学习目标和评价任务，区分实施变化与工具作用","参与更积极被直接写成目标知识掌握更好","参与、满意与掌握是不同结局，需要分别评价","北京师范大学：课程与教学研究方向 [学科范围]","https://cter.bnu.edu.cn/docs/2024-05/e0d9749ec02e425eb45aa96fefdadc2a.pdf","2026-10-04","内容编辑与机制审核，未获逐方向专家签审"
"health-policy-1","health-policy","医疗服务政策","目标、执行层次与受益差异","health-services","共享主题模块","服务路径、支付口径与使用者反馈","分开服务可及、使用与结果，核对就医选择","使用服务的人原本就更容易获得后续随访","服务使用差异不能直接视作服务效果","NINR：护理研究优先领域 [学科范围]；NHLBI：研究质量评估工具 [研究方法资料]","https://www.ninr.nih.gov/research/priority-areas；https://www.nhlbi.nih.gov/health-topics/study-quality-assessment-tools","2026-10-04","内容编辑与机制审核，未获逐方向专家签审"
"health-policy-2","health-policy","医疗质量","研究对象、观察窗口与资料比较条件","health-services","共享主题模块","服务路径、支付口径与使用者反馈","分开服务可及、使用与结果，核对就医选择","使用服务的人原本就更容易获得后续随访","服务使用差异不能直接视作服务效果","NINR：护理研究优先领域 [学科范围]；NHLBI：研究质量评估工具 [研究方法资料]","https://www.ninr.nih.gov/research/priority-areas；https://www.nhlbi.nih.gov/health-topics/study-quality-assessment-tools","2026-10-04","内容编辑与机制审核，未获逐方向专家签审"
"health-policy-3","health-policy","医院管理","目标、执行层次与受益差异","health-services","共享主题模块","服务路径、支付口径与使用者反馈","分开服务可及、使用与结果，核对就医选择","使用服务的人原本就更容易获得后续随访","服务使用差异不能直接视作服务效果","NINR：护理研究优先领域 [学科范围]；NHLBI：研究质量评估工具 [研究方法资料]","https://www.ninr.nih.gov/research/priority-areas；https://www.nhlbi.nih.gov/health-topics/study-quality-assessment-tools","2026-10-04","内容编辑与机制审核，未获逐方向专家签审"
"health-policy-4","health-policy","基层健康服务","目标、执行层次与受益差异","health-services","共享主题模块","服务路径、支付口径与使用者反馈","分开服务可及、使用与结果，核对就医选择","使用服务的人原本就更容易获得后续随访","服务使用差异不能直接视作服务效果","NINR：护理研究优先领域 [学科范围]；NHLBI：研究质量评估工具 [研究方法资料]","https://www.ninr.nih.gov/research/priority-areas；https://www.nhlbi.nih.gov/health-topics/study-quality-assessment-tools","2026-10-04","内容编辑与机制审核，未获逐方向专家签审"
"health-policy-5","health-policy","卫生人力","目标、执行层次与受益差异","health-services","共享主题模块","服务路径、支付口径与使用者反馈","分开服务可及、使用与结果，核对就医选择","使用服务的人原本就更容易获得后续随访","服务使用差异不能直接视作服务效果","NINR：护理研究优先领域 [学科范围]；NHLBI：研究质量评估工具 [研究方法资料]","https://www.ninr.nih.gov/research/priority-areas；https://www.nhlbi.nih.gov/health-topics/study-quality-assessment-tools","2026-10-04","内容编辑与机制审核，未获逐方向专家签审"
"health-policy-6","health-policy","健康公平","目标、执行层次与受益差异","health-services","共享主题模块","服务路径、支付口径与使用者反馈","分开服务可及、使用与结果，核对就医选择","使用服务的人原本就更容易获得后续随访","服务使用差异不能直接视作服务效果","NINR：护理研究优先领域 [学科范围]；NHLBI：研究质量评估工具 [研究方法资料]","https://www.ninr.nih.gov/research/priority-areas；https://www.nhlbi.nih.gov/health-topics/study-quality-assessment-tools","2026-10-04","内容编辑与机制审核，未获逐方向专家签审"
"health-policy-7","health-policy","数字健康治理","研究对象、观察窗口与资料比较条件","health-services","共享主题模块","服务路径、支付口径与使用者反馈","分开服务可及、使用与结果，核对就医选择","使用服务的人原本就更容易获得后续随访","服务使用差异不能直接视作服务效果","NINR：护理研究优先领域 [学科范围]；NHLBI：研究质量评估工具 [研究方法资料]","https://www.ninr.nih.gov/research/priority-areas；https://www.nhlbi.nih.gov/health-topics/study-quality-assessment-tools","2026-10-04","内容编辑与机制审核，未获逐方向专家签审"
"health-policy-8","health-policy","医疗保障","研究对象、观察窗口与资料比较条件","health-services","共享主题模块","服务路径、支付口径与使用者反馈","分开服务可及、使用与结果，核对就医选择","使用服务的人原本就更容易获得后续随访","服务使用差异不能直接视作服务效果","NINR：护理研究优先领域 [学科范围]；NHLBI：研究质量评估工具 [研究方法资料]","https://www.ninr.nih.gov/research/priority-areas；https://www.nhlbi.nih.gov/health-topics/study-quality-assessment-tools","2026-10-04","内容编辑与机制审核，未获逐方向专家签审"
"health-policy-9","health-policy","卫生服务评价","目标、执行层次与受益差异","health-services","共享主题模块","服务路径、支付口径与使用者反馈","分开服务可及、使用与结果，核对就医选择","使用服务的人原本就更容易获得后续随访","服务使用差异不能直接视作服务效果","NINR：护理研究优先领域 [学科范围]；NHLBI：研究质量评估工具 [研究方法资料]","https://www.ninr.nih.gov/research/priority-areas；https://www.nhlbi.nih.gov/health-topics/study-quality-assessment-tools","2026-10-04","内容编辑与机制审核，未获逐方向专家签审"
"health-policy-10","health-policy","患者体验","测量含义、填答者与时间窗口","health-services","共享主题模块","服务路径、支付口径与使用者反馈","分开服务可及、使用与结果，核对就医选择","使用服务的人原本就更容易获得后续随访","服务使用差异不能直接视作服务效果","NINR：护理研究优先领域 [学科范围]；NHLBI：研究质量评估工具 [研究方法资料]","https://www.ninr.nih.gov/research/priority-areas；https://www.nhlbi.nih.gov/health-topics/study-quality-assessment-tools","2026-10-04","内容编辑与机制审核，未获逐方向专家签审"
"health-policy-11","health-policy","照护整合","目标、执行层次与受益差异","health-services","细分核对","照护实施、本人报告与交接时间轴","分开文书完成、信息传达与实际落实","完整表单被当成关键事项都已经落实","文书齐全不独立证明照护质量","NINR：护理研究优先领域 [学科范围]；NHLBI：研究质量评估工具 [研究方法资料]","https://www.ninr.nih.gov/research/priority-areas；https://www.nhlbi.nih.gov/health-topics/study-quality-assessment-tools","2026-10-04","内容编辑与机制审核，未获逐方向专家签审"
"health-policy-12","health-policy","政策执行研究","目标、执行层次与受益差异","health-services","共享主题模块","服务路径、支付口径与使用者反馈","分开服务可及、使用与结果，核对就医选择","使用服务的人原本就更容易获得后续随访","服务使用差异不能直接视作服务效果","NINR：护理研究优先领域 [学科范围]；NHLBI：研究质量评估工具 [研究方法资料]","https://www.ninr.nih.gov/research/priority-areas；https://www.nhlbi.nih.gov/health-topics/study-quality-assessment-tools","2026-10-04","内容编辑与机制审核，未获逐方向专家签审"
"medical-immunology-1","medical-immunology","免疫细胞资料","资料来源、批次与模型范围","biomedical","共享主题模块","样本来源、批次索引与注释版本","区分生物对象与重复测量，核对批次构成","最强的一组差异恰好全部来自同一批次","高维差异或数据库关联不能独立证明机制","NHLBI：研究质量评估工具 [研究方法资料]；OpenStax：解剖与生理教材说明 [基础教材入口]","https://www.nhlbi.nih.gov/health-topics/study-quality-assessment-tools；https://openstax.org/books/anatomy-and-physiology-2e/pages/preface","2026-10-04","内容编辑与机制审核，未获逐方向专家签审"
"medical-immunology-2","medical-immunology","免疫与衰老","资料来源、批次与模型范围","biomedical","共享主题模块","样本来源、批次索引与注释版本","区分生物对象与重复测量，核对批次构成","最强的一组差异恰好全部来自同一批次","高维差异或数据库关联不能独立证明机制","NHLBI：研究质量评估工具 [研究方法资料]；OpenStax：解剖与生理教材说明 [基础教材入口]","https://www.nhlbi.nih.gov/health-topics/study-quality-assessment-tools；https://openstax.org/books/anatomy-and-physiology-2e/pages/preface","2026-10-04","内容编辑与机制审核，未获逐方向专家签审"
"medical-immunology-3","medical-immunology","自身免疫资料","资料来源、批次与模型范围","biomedical","共享主题模块","样本来源、批次索引与注释版本","区分生物对象与重复测量，核对批次构成","最强的一组差异恰好全部来自同一批次","高维差异或数据库关联不能独立证明机制","NHLBI：研究质量评估工具 [研究方法资料]；OpenStax：解剖与生理教材说明 [基础教材入口]","https://www.nhlbi.nih.gov/health-topics/study-quality-assessment-tools；https://openstax.org/books/anatomy-and-physiology-2e/pages/preface","2026-10-04","内容编辑与机制审核，未获逐方向专家签审"
"medical-immunology-4","medical-immunology","肿瘤免疫资料","资料来源、批次与模型范围","oncology","共享主题模块","分期版本、随访截止与后续处置记录","区分结局定义、随访时长与后续处理","短随访组与长随访组被直接比较","观察关联不能承诺个体疗效","NIH：认识临床研究 [研究方法入门]；NHLBI：研究质量评估工具 [研究方法资料]","https://www.nih.gov/about-nih/science-health-public-trust/tools/understanding-clinical-studies；https://www.nhlbi.nih.gov/health-topics/study-quality-assessment-tools","2026-10-04","内容编辑与机制审核，未获逐方向专家签审"
"medical-immunology-5","medical-immunology","组织免疫","资料来源、批次与模型范围","biomedical","共享主题模块","样本来源、批次索引与注释版本","区分生物对象与重复测量，核对批次构成","最强的一组差异恰好全部来自同一批次","高维差异或数据库关联不能独立证明机制","NHLBI：研究质量评估工具 [研究方法资料]；OpenStax：解剖与生理教材说明 [基础教材入口]","https://www.nhlbi.nih.gov/health-topics/study-quality-assessment-tools；https://openstax.org/books/anatomy-and-physiology-2e/pages/preface","2026-10-04","内容编辑与机制审核，未获逐方向专家签审"
"medical-immunology-6","medical-immunology","免疫代谢","资料来源、批次与模型范围","metabolic","共享主题模块","代谢测量单位、设备版本与生活方式记录","对照原始单位和记录时段，标明设备更换","连续监测与门诊单次记录被合成了一个指标","不同记录方式不能直接视作同一个暴露","NIH：认识临床研究 [研究方法入门]；NHLBI：研究质量评估工具 [研究方法资料]","https://www.nih.gov/about-nih/science-health-public-trust/tools/understanding-clinical-studies；https://www.nhlbi.nih.gov/health-topics/study-quality-assessment-tools","2026-10-04","内容编辑与机制审核，未获逐方向专家签审"
"medical-immunology-7","medical-immunology","免疫遗传","对象关系、参考版本与变异解释","genetic-association","细分核对","变异标识、效应等位基因与祖源构成","对齐等位基因、效应方向和研究人群，区分关联与机制","效应等位基因不同的结果被写成方向冲突","标识和方向核对先于生物学解释，关联不独立证明机制","清华统计与数据科学：科研领域 [学科范围]；NHLBI：研究质量评估工具 [研究方法资料]","https://www.stat.tsinghua.edu.cn/kxyj/kylyy.htm；https://www.nhlbi.nih.gov/health-topics/study-quality-assessment-tools","2026-10-04","内容编辑与机制审核，未获逐方向专家签审"
"medical-immunology-8","medical-immunology","免疫组学","来源、批次与独立对象","biomedical","共享主题模块","样本来源、批次索引与注释版本","区分生物对象与重复测量，核对批次构成","最强的一组差异恰好全部来自同一批次","高维差异或数据库关联不能独立证明机制","NHLBI：研究质量评估工具 [研究方法资料]；OpenStax：解剖与生理教材说明 [基础教材入口]","https://www.nhlbi.nih.gov/health-topics/study-quality-assessment-tools；https://openstax.org/books/anatomy-and-physiology-2e/pages/preface","2026-10-04","内容编辑与机制审核，未获逐方向专家签审"
"medical-immunology-9","medical-immunology","免疫测量一致性","测量口径、平台或读者差异","biomedical","共享主题模块","样本来源、批次索引与注释版本","区分生物对象与重复测量，核对批次构成","最强的一组差异恰好全部来自同一批次","高维差异或数据库关联不能独立证明机制","NHLBI：研究质量评估工具 [研究方法资料]；OpenStax：解剖与生理教材说明 [基础教材入口]","https://www.nhlbi.nih.gov/health-topics/study-quality-assessment-tools；https://openstax.org/books/anatomy-and-physiology-2e/pages/preface","2026-10-04","内容编辑与机制审核，未获逐方向专家签审"
"medical-immunology-10","medical-immunology","免疫相关队列","入组范围、观察时间与未完成随访","biomedical","共享主题模块","样本来源、批次索引与注释版本","区分生物对象与重复测量，核对批次构成","最强的一组差异恰好全部来自同一批次","高维差异或数据库关联不能独立证明机制","NHLBI：研究质量评估工具 [研究方法资料]；OpenStax：解剖与生理教材说明 [基础教材入口]","https://www.nhlbi.nih.gov/health-topics/study-quality-assessment-tools；https://openstax.org/books/anatomy-and-physiology-2e/pages/preface","2026-10-04","内容编辑与机制审核，未获逐方向专家签审"
"medical-immunology-11","medical-immunology","免疫资料整合","来源、批次与独立对象","biomedical","共享主题模块","样本来源、批次索引与注释版本","区分生物对象与重复测量，核对批次构成","最强的一组差异恰好全部来自同一批次","高维差异或数据库关联不能独立证明机制","NHLBI：研究质量评估工具 [研究方法资料]；OpenStax：解剖与生理教材说明 [基础教材入口]","https://www.nhlbi.nih.gov/health-topics/study-quality-assessment-tools；https://openstax.org/books/anatomy-and-physiology-2e/pages/preface","2026-10-04","内容编辑与机制审核，未获逐方向专家签审"
"medical-immunology-12","medical-immunology","免疫教学研究","资料来源、批次与模型范围","education","细分核对","学习目标、任务作品与课堂实施记录","对齐学习目标和评价任务，区分实施变化与工具作用","参与更积极被直接写成目标知识掌握更好","参与、满意与掌握是不同结局，需要分别评价","北京师范大学：课程与教学研究方向 [学科范围]","https://cter.bnu.edu.cn/docs/2024-05/e0d9749ec02e425eb45aa96fefdadc2a.pdf","2026-10-04","内容编辑与机制审核，未获逐方向专家签审"
"medical-microbiology-1","medical-microbiology","公开微生物组资料","研究对象、观察窗口与资料比较条件","biomedical","共享主题模块","样本来源、批次索引与注释版本","区分生物对象与重复测量，核对批次构成","最强的一组差异恰好全部来自同一批次","高维差异或数据库关联不能独立证明机制","NHLBI：研究质量评估工具 [研究方法资料]；OpenStax：解剖与生理教材说明 [基础教材入口]","https://www.nhlbi.nih.gov/health-topics/study-quality-assessment-tools；https://openstax.org/books/anatomy-and-physiology-2e/pages/preface","2026-10-04","内容编辑与机制审核，未获逐方向专家签审"
"medical-microbiology-2","medical-microbiology","微生物生态","研究对象、观察窗口与资料比较条件","biomedical","共享主题模块","样本来源、批次索引与注释版本","区分生物对象与重复测量，核对批次构成","最强的一组差异恰好全部来自同一批次","高维差异或数据库关联不能独立证明机制","NHLBI：研究质量评估工具 [研究方法资料]；OpenStax：解剖与生理教材说明 [基础教材入口]","https://www.nhlbi.nih.gov/health-topics/study-quality-assessment-tools；https://openstax.org/books/anatomy-and-physiology-2e/pages/preface","2026-10-04","内容编辑与机制审核，未获逐方向专家签审"
"medical-microbiology-3","medical-microbiology","宿主关联资料","研究对象、观察窗口与资料比较条件","biomedical","共享主题模块","样本来源、批次索引与注释版本","区分生物对象与重复测量，核对批次构成","最强的一组差异恰好全部来自同一批次","高维差异或数据库关联不能独立证明机制","NHLBI：研究质量评估工具 [研究方法资料]；OpenStax：解剖与生理教材说明 [基础教材入口]","https://www.nhlbi.nih.gov/health-topics/study-quality-assessment-tools；https://openstax.org/books/anatomy-and-physiology-2e/pages/preface","2026-10-04","内容编辑与机制审核，未获逐方向专家签审"
"medical-microbiology-4","medical-microbiology","微生物组统计","研究对象、观察窗口与资料比较条件","biomedical","共享主题模块","样本来源、批次索引与注释版本","区分生物对象与重复测量，核对批次构成","最强的一组差异恰好全部来自同一批次","高维差异或数据库关联不能独立证明机制","NHLBI：研究质量评估工具 [研究方法资料]；OpenStax：解剖与生理教材说明 [基础教材入口]","https://www.nhlbi.nih.gov/health-topics/study-quality-assessment-tools；https://openstax.org/books/anatomy-and-physiology-2e/pages/preface","2026-10-04","内容编辑与机制审核，未获逐方向专家签审"
"medical-microbiology-5","medical-microbiology","微生物组质量","研究对象、观察窗口与资料比较条件","biomedical","共享主题模块","样本来源、批次索引与注释版本","区分生物对象与重复测量，核对批次构成","最强的一组差异恰好全部来自同一批次","高维差异或数据库关联不能独立证明机制","NHLBI：研究质量评估工具 [研究方法资料]；OpenStax：解剖与生理教材说明 [基础教材入口]","https://www.nhlbi.nih.gov/health-topics/study-quality-assessment-tools；https://openstax.org/books/anatomy-and-physiology-2e/pages/preface","2026-10-04","内容编辑与机制审核，未获逐方向专家签审"
"medical-microbiology-6","medical-microbiology","微生物组与营养","阶段、生活条件与功能或体验变化","population","共享主题模块","登记分母、调查框与健康服务记录","先核对覆盖人口与时期，再比较比例","宣传活动后登记入口增加，被误写成风险突然升高","登记或问卷结果需要覆盖范围和选择过程的限定","NIH：认识临床研究 [研究方法入门]；NHLBI：研究质量评估工具 [研究方法资料]","https://www.nih.gov/about-nih/science-health-public-trust/tools/understanding-clinical-studies；https://www.nhlbi.nih.gov/health-topics/study-quality-assessment-tools","2026-10-04","内容编辑与机制审核，未获逐方向专家签审"
"medical-microbiology-7","medical-microbiology","微生物组与慢性病","研究对象、观察窗口与资料比较条件","biomedical","共享主题模块","样本来源、批次索引与注释版本","区分生物对象与重复测量，核对批次构成","最强的一组差异恰好全部来自同一批次","高维差异或数据库关联不能独立证明机制","NHLBI：研究质量评估工具 [研究方法资料]；OpenStax：解剖与生理教材说明 [基础教材入口]","https://www.nhlbi.nih.gov/health-topics/study-quality-assessment-tools；https://openstax.org/books/anatomy-and-physiology-2e/pages/preface","2026-10-04","内容编辑与机制审核，未获逐方向专家签审"
"medical-microbiology-8","medical-microbiology","数据库注释比较","研究对象、观察窗口与资料比较条件","biomedical","共享主题模块","样本来源、批次索引与注释版本","区分生物对象与重复测量，核对批次构成","最强的一组差异恰好全部来自同一批次","高维差异或数据库关联不能独立证明机制","NHLBI：研究质量评估工具 [研究方法资料]；OpenStax：解剖与生理教材说明 [基础教材入口]","https://www.nhlbi.nih.gov/health-topics/study-quality-assessment-tools；https://openstax.org/books/anatomy-and-physiology-2e/pages/preface","2026-10-04","内容编辑与机制审核，未获逐方向专家签审"
"medical-microbiology-9","medical-microbiology","资料版本管理","目标、执行层次与受益差异","biomedical","共享主题模块","样本来源、批次索引与注释版本","区分生物对象与重复测量，核对批次构成","最强的一组差异恰好全部来自同一批次","高维差异或数据库关联不能独立证明机制","NHLBI：研究质量评估工具 [研究方法资料]；OpenStax：解剖与生理教材说明 [基础教材入口]","https://www.nhlbi.nih.gov/health-topics/study-quality-assessment-tools；https://openstax.org/books/anatomy-and-physiology-2e/pages/preface","2026-10-04","内容编辑与机制审核，未获逐方向专家签审"
"medical-microbiology-10","medical-microbiology","公开数据复现","研究对象、观察窗口与资料比较条件","biomedical","共享主题模块","样本来源、批次索引与注释版本","区分生物对象与重复测量，核对批次构成","最强的一组差异恰好全部来自同一批次","高维差异或数据库关联不能独立证明机制","NHLBI：研究质量评估工具 [研究方法资料]；OpenStax：解剖与生理教材说明 [基础教材入口]","https://www.nhlbi.nih.gov/health-topics/study-quality-assessment-tools；https://openstax.org/books/anatomy-and-physiology-2e/pages/preface","2026-10-04","内容编辑与机制审核，未获逐方向专家签审"
"medical-microbiology-11","medical-microbiology","群落结构解释","研究对象、观察窗口与资料比较条件","biomedical","共享主题模块","样本来源、批次索引与注释版本","区分生物对象与重复测量，核对批次构成","最强的一组差异恰好全部来自同一批次","高维差异或数据库关联不能独立证明机制","NHLBI：研究质量评估工具 [研究方法资料]；OpenStax：解剖与生理教材说明 [基础教材入口]","https://www.nhlbi.nih.gov/health-topics/study-quality-assessment-tools；https://openstax.org/books/anatomy-and-physiology-2e/pages/preface","2026-10-04","内容编辑与机制审核，未获逐方向专家签审"
"medical-microbiology-12","medical-microbiology","微生物学教学","研究对象、观察窗口与资料比较条件","education","细分核对","学习目标、任务作品与课堂实施记录","对齐学习目标和评价任务，区分实施变化与工具作用","参与更积极被直接写成目标知识掌握更好","参与、满意与掌握是不同结局，需要分别评价","北京师范大学：课程与教学研究方向 [学科范围]","https://cter.bnu.edu.cn/docs/2024-05/e0d9749ec02e425eb45aa96fefdadc2a.pdf","2026-10-04","内容编辑与机制审核，未获逐方向专家签审"
"medical-biochemistry-1","medical-biochemistry","代谢通路资料","研究对象、观察窗口与资料比较条件","metabolic","共享主题模块","代谢测量单位、设备版本与生活方式记录","对照原始单位和记录时段，标明设备更换","连续监测与门诊单次记录被合成了一个指标","不同记录方式不能直接视作同一个暴露","NIH：认识临床研究 [研究方法入门]；NHLBI：研究质量评估工具 [研究方法资料]","https://www.nih.gov/about-nih/science-health-public-trust/tools/understanding-clinical-studies；https://www.nhlbi.nih.gov/health-topics/study-quality-assessment-tools","2026-10-04","内容编辑与机制审核，未获逐方向专家签审"
"medical-biochemistry-2","medical-biochemistry","蛋白质资料","研究对象、观察窗口与资料比较条件","biomedical","细分核对","样本来源、鉴定置信度与批次索引","区分被检测到、丰度变化与功能作用，核对鉴定口径","检测不到的条目被全部写成真正不存在","未检出与不存在不同，丰度变化不独立证明功能机制","NHLBI：研究质量评估工具 [研究方法资料]；OpenStax：解剖与生理教材说明 [基础教材入口]","https://www.nhlbi.nih.gov/health-topics/study-quality-assessment-tools；https://openstax.org/books/anatomy-and-physiology-2e/pages/preface","2026-10-04","内容编辑与机制审核，未获逐方向专家签审"
"medical-biochemistry-3","medical-biochemistry","分子测量一致性","测量口径、平台或读者差异","biomedical","共享主题模块","样本来源、批次索引与注释版本","区分生物对象与重复测量，核对批次构成","最强的一组差异恰好全部来自同一批次","高维差异或数据库关联不能独立证明机制","NHLBI：研究质量评估工具 [研究方法资料]；OpenStax：解剖与生理教材说明 [基础教材入口]","https://www.nhlbi.nih.gov/health-topics/study-quality-assessment-tools；https://openstax.org/books/anatomy-and-physiology-2e/pages/preface","2026-10-04","内容编辑与机制审核，未获逐方向专家签审"
"medical-biochemistry-4","medical-biochemistry","代谢组资料","来源、批次与独立对象","metabolic","共享主题模块","代谢测量单位、设备版本与生活方式记录","对照原始单位和记录时段，标明设备更换","连续监测与门诊单次记录被合成了一个指标","不同记录方式不能直接视作同一个暴露","NIH：认识临床研究 [研究方法入门]；NHLBI：研究质量评估工具 [研究方法资料]","https://www.nih.gov/about-nih/science-health-public-trust/tools/understanding-clinical-studies；https://www.nhlbi.nih.gov/health-topics/study-quality-assessment-tools","2026-10-04","内容编辑与机制审核，未获逐方向专家签审"
"medical-biochemistry-5","medical-biochemistry","蛋白组资料","来源、批次与独立对象","biomedical","细分核对","样本来源、鉴定置信度与批次索引","区分被检测到、丰度变化与功能作用，核对鉴定口径","检测不到的条目被全部写成真正不存在","未检出与不存在不同，丰度变化不独立证明功能机制","NHLBI：研究质量评估工具 [研究方法资料]；OpenStax：解剖与生理教材说明 [基础教材入口]","https://www.nhlbi.nih.gov/health-topics/study-quality-assessment-tools；https://openstax.org/books/anatomy-and-physiology-2e/pages/preface","2026-10-04","内容编辑与机制审核，未获逐方向专家签审"
"medical-biochemistry-6","medical-biochemistry","分子结构解释","资料来源、批次与模型范围","biomedical","共享主题模块","样本来源、批次索引与注释版本","区分生物对象与重复测量，核对批次构成","最强的一组差异恰好全部来自同一批次","高维差异或数据库关联不能独立证明机制","NHLBI：研究质量评估工具 [研究方法资料]；OpenStax：解剖与生理教材说明 [基础教材入口]","https://www.nhlbi.nih.gov/health-topics/study-quality-assessment-tools；https://openstax.org/books/anatomy-and-physiology-2e/pages/preface","2026-10-04","内容编辑与机制审核，未获逐方向专家签审"
"medical-biochemistry-7","medical-biochemistry","分子与疾病关联","资料来源、批次与模型范围","biomedical","共享主题模块","样本来源、批次索引与注释版本","区分生物对象与重复测量，核对批次构成","最强的一组差异恰好全部来自同一批次","高维差异或数据库关联不能独立证明机制","NHLBI：研究质量评估工具 [研究方法资料]；OpenStax：解剖与生理教材说明 [基础教材入口]","https://www.nhlbi.nih.gov/health-topics/study-quality-assessment-tools；https://openstax.org/books/anatomy-and-physiology-2e/pages/preface","2026-10-04","内容编辑与机制审核，未获逐方向专家签审"
"medical-biochemistry-8","medical-biochemistry","生化数据库","测量口径、平台或读者差异","biomedical","共享主题模块","样本来源、批次索引与注释版本","区分生物对象与重复测量，核对批次构成","最强的一组差异恰好全部来自同一批次","高维差异或数据库关联不能独立证明机制","NHLBI：研究质量评估工具 [研究方法资料]；OpenStax：解剖与生理教材说明 [基础教材入口]","https://www.nhlbi.nih.gov/health-topics/study-quality-assessment-tools；https://openstax.org/books/anatomy-and-physiology-2e/pages/preface","2026-10-04","内容编辑与机制审核，未获逐方向专家签审"
"medical-biochemistry-9","medical-biochemistry","生化影像资料","对象内重复、平台版本与图像质量","imaging","共享主题模块","设备平台、读者判断与个体索引","按个体划分记录，保留平台版本和读者分歧","一人的多张图像同时进入开发和评估资料","图像数量不能代替独立个体和外部评估","NIH：认识临床研究 [研究方法入门]；NHLBI：研究质量评估工具 [研究方法资料]","https://www.nih.gov/about-nih/science-health-public-trust/tools/understanding-clinical-studies；https://www.nhlbi.nih.gov/health-topics/study-quality-assessment-tools","2026-10-04","内容编辑与机制审核，未获逐方向专家签审"
"medical-biochemistry-10","medical-biochemistry","公开资料复现","研究对象、观察窗口与资料比较条件","biomedical","共享主题模块","样本来源、批次索引与注释版本","区分生物对象与重复测量，核对批次构成","最强的一组差异恰好全部来自同一批次","高维差异或数据库关联不能独立证明机制","NHLBI：研究质量评估工具 [研究方法资料]；OpenStax：解剖与生理教材说明 [基础教材入口]","https://www.nhlbi.nih.gov/health-topics/study-quality-assessment-tools；https://openstax.org/books/anatomy-and-physiology-2e/pages/preface","2026-10-04","内容编辑与机制审核，未获逐方向专家签审"
"medical-biochemistry-11","medical-biochemistry","生化研究设计","测量口径、平台或读者差异","biomedical","共享主题模块","样本来源、批次索引与注释版本","区分生物对象与重复测量，核对批次构成","最强的一组差异恰好全部来自同一批次","高维差异或数据库关联不能独立证明机制","NHLBI：研究质量评估工具 [研究方法资料]；OpenStax：解剖与生理教材说明 [基础教材入口]","https://www.nhlbi.nih.gov/health-topics/study-quality-assessment-tools；https://openstax.org/books/anatomy-and-physiology-2e/pages/preface","2026-10-04","内容编辑与机制审核，未获逐方向专家签审"
"medical-biochemistry-12","medical-biochemistry","生化教学研究","测量口径、平台或读者差异","education","细分核对","学习目标、任务作品与课堂实施记录","对齐学习目标和评价任务，区分实施变化与工具作用","参与更积极被直接写成目标知识掌握更好","参与、满意与掌握是不同结局，需要分别评价","北京师范大学：课程与教学研究方向 [学科范围]","https://cter.bnu.edu.cn/docs/2024-05/e0d9749ec02e425eb45aa96fefdadc2a.pdf","2026-10-04","内容编辑与机制审核，未获逐方向专家签审"
"epidemiology-1","epidemiology","慢性病流行病学","群体范围、信息来源与比较条件","population","共享主题模块","登记分母、调查框与健康服务记录","先核对覆盖人口与时期，再比较比例","宣传活动后登记入口增加，被误写成风险突然升高","登记或问卷结果需要覆盖范围和选择过程的限定","NIH：认识临床研究 [研究方法入门]；NHLBI：研究质量评估工具 [研究方法资料]","https://www.nih.gov/about-nih/science-health-public-trust/tools/understanding-clinical-studies；https://www.nhlbi.nih.gov/health-topics/study-quality-assessment-tools","2026-10-04","内容编辑与机制审核，未获逐方向专家签审"
"epidemiology-2","epidemiology","心血管流行病学","群体范围、信息来源与比较条件","cardiac","细分核对","测量场景、风险分层与随访时点","区分一次测量、稳定暴露与长期结局，保留人群分层","随访期间条件改变仍按最初状态解释全部结果","初始状态不独立代表整个观察期","NIH：认识临床研究 [研究方法入门]；NHLBI：研究质量评估工具 [研究方法资料]","https://www.nih.gov/about-nih/science-health-public-trust/tools/understanding-clinical-studies；https://www.nhlbi.nih.gov/health-topics/study-quality-assessment-tools","2026-10-04","内容编辑与机制审核，未获逐方向专家签审"
"epidemiology-3","epidemiology","肿瘤流行病学","群体范围、信息来源与比较条件","oncology","共享主题模块","分期版本、随访截止与后续处置记录","区分结局定义、随访时长与后续处理","短随访组与长随访组被直接比较","观察关联不能承诺个体疗效","NIH：认识临床研究 [研究方法入门]；NHLBI：研究质量评估工具 [研究方法资料]","https://www.nih.gov/about-nih/science-health-public-trust/tools/understanding-clinical-studies；https://www.nhlbi.nih.gov/health-topics/study-quality-assessment-tools","2026-10-04","内容编辑与机制审核，未获逐方向专家签审"
"epidemiology-4","epidemiology","环境流行病学","群体范围、信息来源与比较条件","population","共享主题模块","登记分母、调查框与健康服务记录","先核对覆盖人口与时期，再比较比例","宣传活动后登记入口增加，被误写成风险突然升高","登记或问卷结果需要覆盖范围和选择过程的限定","NIH：认识临床研究 [研究方法入门]；NHLBI：研究质量评估工具 [研究方法资料]","https://www.nih.gov/about-nih/science-health-public-trust/tools/understanding-clinical-studies；https://www.nhlbi.nih.gov/health-topics/study-quality-assessment-tools","2026-10-04","内容编辑与机制审核，未获逐方向专家签审"
"epidemiology-5","epidemiology","营养流行病学","群体范围、信息来源与比较条件","population","共享主题模块","登记分母、调查框与健康服务记录","先核对覆盖人口与时期，再比较比例","宣传活动后登记入口增加，被误写成风险突然升高","登记或问卷结果需要覆盖范围和选择过程的限定","NIH：认识临床研究 [研究方法入门]；NHLBI：研究质量评估工具 [研究方法资料]","https://www.nih.gov/about-nih/science-health-public-trust/tools/understanding-clinical-studies；https://www.nhlbi.nih.gov/health-topics/study-quality-assessment-tools","2026-10-04","内容编辑与机制审核，未获逐方向专家签审"
"epidemiology-6","epidemiology","生命历程","研究对象、观察窗口与资料比较条件","population","共享主题模块","登记分母、调查框与健康服务记录","先核对覆盖人口与时期，再比较比例","宣传活动后登记入口增加，被误写成风险突然升高","登记或问卷结果需要覆盖范围和选择过程的限定","NIH：认识临床研究 [研究方法入门]；NHLBI：研究质量评估工具 [研究方法资料]","https://www.nih.gov/about-nih/science-health-public-trust/tools/understanding-clinical-studies；https://www.nhlbi.nih.gov/health-topics/study-quality-assessment-tools","2026-10-04","内容编辑与机制审核，未获逐方向专家签审"
"epidemiology-7","epidemiology","遗传流行病学","对象关系、参考版本与变异解释","genetic-association","细分核对","变异标识、效应等位基因与祖源构成","对齐等位基因、效应方向和研究人群，区分关联与机制","效应等位基因不同的结果被写成方向冲突","标识和方向核对先于生物学解释，关联不独立证明机制","清华统计与数据科学：科研领域 [学科范围]；NHLBI：研究质量评估工具 [研究方法资料]","https://www.stat.tsinghua.edu.cn/kxyj/kylyy.htm；https://www.nhlbi.nih.gov/health-topics/study-quality-assessment-tools","2026-10-04","内容编辑与机制审核，未获逐方向专家签审"
"epidemiology-8","epidemiology","临床流行病学","群体范围、信息来源与比较条件","population","共享主题模块","登记分母、调查框与健康服务记录","先核对覆盖人口与时期，再比较比例","宣传活动后登记入口增加，被误写成风险突然升高","登记或问卷结果需要覆盖范围和选择过程的限定","NIH：认识临床研究 [研究方法入门]；NHLBI：研究质量评估工具 [研究方法资料]","https://www.nih.gov/about-nih/science-health-public-trust/tools/understanding-clinical-studies；https://www.nhlbi.nih.gov/health-topics/study-quality-assessment-tools","2026-10-04","内容编辑与机制审核，未获逐方向专家签审"
"epidemiology-9","epidemiology","社会流行病学","群体范围、信息来源与比较条件","population","共享主题模块","登记分母、调查框与健康服务记录","先核对覆盖人口与时期，再比较比例","宣传活动后登记入口增加，被误写成风险突然升高","登记或问卷结果需要覆盖范围和选择过程的限定","NIH：认识临床研究 [研究方法入门]；NHLBI：研究质量评估工具 [研究方法资料]","https://www.nih.gov/about-nih/science-health-public-trust/tools/understanding-clinical-studies；https://www.nhlbi.nih.gov/health-topics/study-quality-assessment-tools","2026-10-04","内容编辑与机制审核，未获逐方向专家签审"
"epidemiology-10","epidemiology","药物流行病学","群体范围、信息来源与比较条件","population","共享主题模块","登记分母、调查框与健康服务记录","先核对覆盖人口与时期，再比较比例","宣传活动后登记入口增加，被误写成风险突然升高","登记或问卷结果需要覆盖范围和选择过程的限定","NIH：认识临床研究 [研究方法入门]；NHLBI：研究质量评估工具 [研究方法资料]","https://www.nih.gov/about-nih/science-health-public-trust/tools/understanding-clinical-studies；https://www.nhlbi.nih.gov/health-topics/study-quality-assessment-tools","2026-10-04","内容编辑与机制审核，未获逐方向专家签审"
"epidemiology-11","epidemiology","因果推断方法","研究对象、观察窗口与资料比较条件","statistics","细分核对","估计目标、处理分配与比较组记录","先说明目标比较和识别条件，再看模型与不确定性","模型更复杂被当成识别条件已经成立","模型拟合不能替代识别条件，关联本身不能证明因果","清华统计与数据科学：科研领域 [学科范围]；NHLBI：研究质量评估工具 [研究方法资料]","https://www.stat.tsinghua.edu.cn/kxyj/kylyy.htm；https://www.nhlbi.nih.gov/health-topics/study-quality-assessment-tools","2026-10-04","内容编辑与机制审核，未获逐方向专家签审"
"epidemiology-12","epidemiology","队列与登记","入组范围、观察时间与未完成随访","population","细分核对","目标人群、覆盖分母与登记入口","区分接受筛查、被登记与总体风险，说明谁没有进入资料","登记入口扩大以后病例数增加被写成总体风险升高","被发现或登记的数量需要覆盖分母和选择过程","NIH：认识临床研究 [研究方法入门]；NHLBI：研究质量评估工具 [研究方法资料]","https://www.nih.gov/about-nih/science-health-public-trust/tools/understanding-clinical-studies；https://www.nhlbi.nih.gov/health-topics/study-quality-assessment-tools","2026-10-04","内容编辑与机制审核，未获逐方向专家签审"
"health-economics-1","health-economics","成本效果研究","评价边界、价格年份与资源取舍","health-services","共享主题模块","服务路径、支付口径与使用者反馈","分开服务可及、使用与结果，核对就医选择","使用服务的人原本就更容易获得后续随访","服务使用差异不能直接视作服务效果","NINR：护理研究优先领域 [学科范围]；NHLBI：研究质量评估工具 [研究方法资料]","https://www.ninr.nih.gov/research/priority-areas；https://www.nhlbi.nih.gov/health-topics/study-quality-assessment-tools","2026-10-04","内容编辑与机制审核，未获逐方向专家签审"
"health-economics-2","health-economics","卫生资源配置","评价边界、价格年份与资源取舍","health-services","共享主题模块","服务路径、支付口径与使用者反馈","分开服务可及、使用与结果，核对就医选择","使用服务的人原本就更容易获得后续随访","服务使用差异不能直接视作服务效果","NINR：护理研究优先领域 [学科范围]；NHLBI：研究质量评估工具 [研究方法资料]","https://www.ninr.nih.gov/research/priority-areas；https://www.nhlbi.nih.gov/health-topics/study-quality-assessment-tools","2026-10-04","内容编辑与机制审核，未获逐方向专家签审"
"health-economics-3","health-economics","健康效用","评价边界、价格年份与资源取舍","health-services","共享主题模块","服务路径、支付口径与使用者反馈","分开服务可及、使用与结果，核对就医选择","使用服务的人原本就更容易获得后续随访","服务使用差异不能直接视作服务效果","NINR：护理研究优先领域 [学科范围]；NHLBI：研究质量评估工具 [研究方法资料]","https://www.ninr.nih.gov/research/priority-areas；https://www.nhlbi.nih.gov/health-topics/study-quality-assessment-tools","2026-10-04","内容编辑与机制审核，未获逐方向专家签审"
"health-economics-4","health-economics","医疗支付","评价边界、价格年份与资源取舍","health-services","共享主题模块","服务路径、支付口径与使用者反馈","分开服务可及、使用与结果，核对就医选择","使用服务的人原本就更容易获得后续随访","服务使用差异不能直接视作服务效果","NINR：护理研究优先领域 [学科范围]；NHLBI：研究质量评估工具 [研究方法资料]","https://www.ninr.nih.gov/research/priority-areas；https://www.nhlbi.nih.gov/health-topics/study-quality-assessment-tools","2026-10-04","内容编辑与机制审核，未获逐方向专家签审"
"health-economics-5","health-economics","医疗保障评价","研究对象、观察窗口与资料比较条件","health-services","共享主题模块","服务路径、支付口径与使用者反馈","分开服务可及、使用与结果，核对就医选择","使用服务的人原本就更容易获得后续随访","服务使用差异不能直接视作服务效果","NINR：护理研究优先领域 [学科范围]；NHLBI：研究质量评估工具 [研究方法资料]","https://www.ninr.nih.gov/research/priority-areas；https://www.nhlbi.nih.gov/health-topics/study-quality-assessment-tools","2026-10-04","内容编辑与机制审核，未获逐方向专家签审"
"health-economics-6","health-economics","药物经济学","评价边界、价格年份与资源取舍","health-services","共享主题模块","服务路径、支付口径与使用者反馈","分开服务可及、使用与结果，核对就医选择","使用服务的人原本就更容易获得后续随访","服务使用差异不能直接视作服务效果","NINR：护理研究优先领域 [学科范围]；NHLBI：研究质量评估工具 [研究方法资料]","https://www.ninr.nih.gov/research/priority-areas；https://www.nhlbi.nih.gov/health-topics/study-quality-assessment-tools","2026-10-04","内容编辑与机制审核，未获逐方向专家签审"
"health-economics-7","health-economics","照护经济学","评价边界、价格年份与资源取舍","health-services","共享主题模块","服务路径、支付口径与使用者反馈","分开服务可及、使用与结果，核对就医选择","使用服务的人原本就更容易获得后续随访","服务使用差异不能直接视作服务效果","NINR：护理研究优先领域 [学科范围]；NHLBI：研究质量评估工具 [研究方法资料]","https://www.ninr.nih.gov/research/priority-areas；https://www.nhlbi.nih.gov/health-topics/study-quality-assessment-tools","2026-10-04","内容编辑与机制审核，未获逐方向专家签审"
"health-economics-8","health-economics","健康公平与经济","目标、执行层次与受益差异","health-services","共享主题模块","服务路径、支付口径与使用者反馈","分开服务可及、使用与结果，核对就医选择","使用服务的人原本就更容易获得后续随访","服务使用差异不能直接视作服务效果","NINR：护理研究优先领域 [学科范围]；NHLBI：研究质量评估工具 [研究方法资料]","https://www.ninr.nih.gov/research/priority-areas；https://www.nhlbi.nih.gov/health-topics/study-quality-assessment-tools","2026-10-04","内容编辑与机制审核，未获逐方向专家签审"
"health-economics-9","health-economics","预算影响","评价边界、价格年份与资源取舍","health-services","共享主题模块","服务路径、支付口径与使用者反馈","分开服务可及、使用与结果，核对就医选择","使用服务的人原本就更容易获得后续随访","服务使用差异不能直接视作服务效果","NINR：护理研究优先领域 [学科范围]；NHLBI：研究质量评估工具 [研究方法资料]","https://www.ninr.nih.gov/research/priority-areas；https://www.nhlbi.nih.gov/health-topics/study-quality-assessment-tools","2026-10-04","内容编辑与机制审核，未获逐方向专家签审"
"health-economics-10","health-economics","卫生服务需求","目标、执行层次与受益差异","health-services","共享主题模块","服务路径、支付口径与使用者反馈","分开服务可及、使用与结果，核对就医选择","使用服务的人原本就更容易获得后续随访","服务使用差异不能直接视作服务效果","NINR：护理研究优先领域 [学科范围]；NHLBI：研究质量评估工具 [研究方法资料]","https://www.ninr.nih.gov/research/priority-areas；https://www.nhlbi.nih.gov/health-topics/study-quality-assessment-tools","2026-10-04","内容编辑与机制审核，未获逐方向专家签审"
"health-economics-11","health-economics","长期经济结局","入组范围、观察时间与未完成随访","health-services","共享主题模块","服务路径、支付口径与使用者反馈","分开服务可及、使用与结果，核对就医选择","使用服务的人原本就更容易获得后续随访","服务使用差异不能直接视作服务效果","NINR：护理研究优先领域 [学科范围]；NHLBI：研究质量评估工具 [研究方法资料]","https://www.ninr.nih.gov/research/priority-areas；https://www.nhlbi.nih.gov/health-topics/study-quality-assessment-tools","2026-10-04","内容编辑与机制审核，未获逐方向专家签审"
"health-economics-12","health-economics","决策模型","研究对象、观察窗口与资料比较条件","health-services","共享主题模块","服务路径、支付口径与使用者反馈","分开服务可及、使用与结果，核对就医选择","使用服务的人原本就更容易获得后续随访","服务使用差异不能直接视作服务效果","NINR：护理研究优先领域 [学科范围]；NHLBI：研究质量评估工具 [研究方法资料]","https://www.ninr.nih.gov/research/priority-areas；https://www.nhlbi.nih.gov/health-topics/study-quality-assessment-tools","2026-10-04","内容编辑与机制审核，未获逐方向专家签审"
"clinical-pharmacology-1","clinical-pharmacology","药物结局研究","使用比较与患者结局","pharma","细分核对","比较人群、用药起点和结局随访","对齐入组条件和时间起点","先活到用药时点的人才进入用药组","观察关联不能直接解释药物因果作用","ASPET：药理学知识目标（2022） [研究领域与基础概念背景；不验证游戏虚构案例]","https://www.aspet.org/docs/default-source/education-files/pharmacology-knowledge-objectives-2022-final.pdf","2026-10-05","内容编辑与机制审核，未获逐方向专家签审"
"clinical-pharmacology-2","clinical-pharmacology","真实世界药物资料","用药记录、适应证与混杂","pharma","细分核对","处方、配药、使用与适应证资料","分开处方记录和实际暴露并核对适应证","处方出现被当成持续服药","记录可得性不等于实际暴露准确","ASPET：药理学知识目标（2022） [研究领域与基础概念背景；不验证游戏虚构案例]","https://www.aspet.org/docs/default-source/education-files/pharmacology-knowledge-objectives-2022-final.pdf","2026-10-05","内容编辑与机制审核，未获逐方向专家签审"
"clinical-pharmacology-3","clinical-pharmacology","药物安全资料","事件时序与风险信号","pharma","细分核对","事件定义、暴露窗口和报告来源","区分时间关联、报告倾向和比较风险","事件发生在用药后被直接归因为药物","时间先后不能独立证明因果","ASPET：药理学知识目标（2022） [研究领域与基础概念背景；不验证游戏虚构案例]","https://www.aspet.org/docs/default-source/education-files/pharmacology-knowledge-objectives-2022-final.pdf","2026-10-05","内容编辑与机制审核，未获逐方向专家签审"
"clinical-pharmacology-4","clinical-pharmacology","药物使用评价","评价标准与实际使用","pharma","细分核对","适应证、使用流程与评价标准版本","分别记录符合标准与可观察结果","标准升级后旧记录仍按新标准计为不合格","标准一致性不是个体疗效","ASPET：药理学知识目标（2022） [研究领域与基础概念背景；不验证游戏虚构案例]","https://www.aspet.org/docs/default-source/education-files/pharmacology-knowledge-objectives-2022-final.pdf","2026-10-05","内容编辑与机制审核，未获逐方向专家签审"
"clinical-pharmacology-5","clinical-pharmacology","临床药代动力学","个体暴露与处置差异","pharma","细分核对","采样时点、暴露资料和协变量","核对时点与模型假设并保留个体差异","不同采样时点的浓度被直接比较","浓度差异不能脱离时点解释为清除差异","ASPET：药理学知识目标（2022） [研究领域与基础概念背景；不验证游戏虚构案例]","https://www.aspet.org/docs/default-source/education-files/pharmacology-knowledge-objectives-2022-final.pdf","2026-10-05","内容编辑与机制审核，未获逐方向专家签审"
"clinical-pharmacology-6","clinical-pharmacology","药物基因组学","遗传差异与药物反应","pharma","细分核对","基因型、祖源、暴露和反应资料","区分遗传关联与暴露或人群构成差异","祖源与用药方案同时变化却只解释为遗传效应","遗传关联不能直接给出个体用药结论","ASPET：药理学知识目标（2022） [研究领域与基础概念背景；不验证游戏虚构案例]","https://www.aspet.org/docs/default-source/education-files/pharmacology-knowledge-objectives-2022-final.pdf","2026-10-05","内容编辑与机制审核，未获逐方向专家签审"
"clinical-pharmacology-7","clinical-pharmacology","药物相互作用研究","合并使用与暴露或反应变化","pharma","细分核对","合并使用时间、处置信息和反应资料","分开药代相互作用与药效相互作用","合并用药者疾病更重却把差异全归给相互作用","合并使用的关联不是相互作用机制证据","ASPET：药理学知识目标（2022） [研究领域与基础概念背景；不验证游戏虚构案例]","https://www.aspet.org/docs/default-source/education-files/pharmacology-knowledge-objectives-2022-final.pdf","2026-10-05","内容编辑与机制审核，未获逐方向专家签审"
"clinical-pharmacology-8","clinical-pharmacology","特殊人群临床药理","人群状态与外推范围","pharma","细分核对","人群状态、暴露与可观察结局","说明人群定义与不能外推的条件","少量完成随访者被当成整个特殊人群","特殊人群标签不能代替个体功能与资料边界","ASPET：药理学知识目标（2022） [研究领域与基础概念背景；不验证游戏虚构案例]","https://www.aspet.org/docs/default-source/education-files/pharmacology-knowledge-objectives-2022-final.pdf","2026-10-05","内容编辑与机制审核，未获逐方向专家签审"
"clinical-pharmacology-9","clinical-pharmacology","药物经济评价","临床资料到经济模型的转换","pharma","细分核对","临床效果来源、成本与效用假设","区分观察到的效果与模型外推","短期观察被无说明地延长为长期效果","长期经济结论依赖外推而非全部实际观察","ASPET：药理学知识目标（2022） [研究领域与基础概念背景；不验证游戏虚构案例]","https://www.aspet.org/docs/default-source/education-files/pharmacology-knowledge-objectives-2022-final.pdf","2026-10-05","内容编辑与机制审核，未获逐方向专家签审"
"clinical-pharmacology-10","clinical-pharmacology","患者用药体验","用药负担、理解与实际使用","pharma","细分核对","患者原话、报告者与用药过程","区分体验、依从行为与健康结局","照护者代填被当成患者自己的体验","体验评分不能替代实际行为或疗效","ASPET：药理学知识目标（2022） [研究领域与基础概念背景；不验证游戏虚构案例]","https://www.aspet.org/docs/default-source/education-files/pharmacology-knowledge-objectives-2022-final.pdf","2026-10-05","内容编辑与机制审核，未获逐方向专家签审"
"clinical-pharmacology-11","clinical-pharmacology","临床药理研究设计","问题、比较方案与可识别作用","pharma","细分核对","研究对象、比较方案和终点定义","明确目标问题和主要替代解释","探索性比较被写成预先确定的主要结论","设计能回答的范围决定解释范围","ASPET：药理学知识目标（2022） [研究领域与基础概念背景；不验证游戏虚构案例]","https://www.aspet.org/docs/default-source/education-files/pharmacology-knowledge-objectives-2022-final.pdf","2026-10-05","内容编辑与机制审核，未获逐方向专家签审"
"clinical-pharmacology-12","clinical-pharmacology","药物资料质控","记录语义与可用暴露信息","pharma","细分核对","来源字典、时间轴与缺失原因","核对字段含义并追踪缺失来源","不同系统的同名字段被当成同一种暴露","字段一致不等于临床含义一致","ASPET：药理学知识目标（2022） [研究领域与基础概念背景；不验证游戏虚构案例]","https://www.aspet.org/docs/default-source/education-files/pharmacology-knowledge-objectives-2022-final.pdf","2026-10-05","内容编辑与机制审核，未获逐方向专家签审"
"forensic-medicine-1","forensic-medicine","法医病理资料","测量口径、平台或读者差异","forensic","共享主题模块","材料来源链、鉴定问题与意见版本","核对材料如何进入分析，区分观察与鉴定推论","转交资料只保留摘录，关键上下文没有随附","结论必须受材料来源和委托问题的限制","NIH：认识临床研究 [研究方法入门]；NHLBI：研究质量评估工具 [研究方法资料]","https://www.nih.gov/about-nih/science-health-public-trust/tools/understanding-clinical-studies；https://www.nhlbi.nih.gov/health-topics/study-quality-assessment-tools","2026-10-04","内容编辑与机制审核，未获逐方向专家签审"
"forensic-medicine-2","forensic-medicine","法医临床资料","研究对象、观察窗口与资料比较条件","forensic","共享主题模块","材料来源链、鉴定问题与意见版本","核对材料如何进入分析，区分观察与鉴定推论","转交资料只保留摘录，关键上下文没有随附","结论必须受材料来源和委托问题的限制","NIH：认识临床研究 [研究方法入门]；NHLBI：研究质量评估工具 [研究方法资料]","https://www.nih.gov/about-nih/science-health-public-trust/tools/understanding-clinical-studies；https://www.nhlbi.nih.gov/health-topics/study-quality-assessment-tools","2026-10-04","内容编辑与机制审核，未获逐方向专家签审"
"forensic-medicine-3","forensic-medicine","法医毒理资料","研究对象、观察窗口与资料比较条件","forensic","共享主题模块","材料来源链、鉴定问题与意见版本","核对材料如何进入分析，区分观察与鉴定推论","转交资料只保留摘录，关键上下文没有随附","结论必须受材料来源和委托问题的限制","NIH：认识临床研究 [研究方法入门]；NHLBI：研究质量评估工具 [研究方法资料]","https://www.nih.gov/about-nih/science-health-public-trust/tools/understanding-clinical-studies；https://www.nhlbi.nih.gov/health-topics/study-quality-assessment-tools","2026-10-04","内容编辑与机制审核，未获逐方向专家签审"
"forensic-medicine-4","forensic-medicine","法医遗传资料","对象关系、参考版本与变异解释","forensic","共享主题模块","材料来源链、鉴定问题与意见版本","核对材料如何进入分析，区分观察与鉴定推论","转交资料只保留摘录，关键上下文没有随附","结论必须受材料来源和委托问题的限制","NIH：认识临床研究 [研究方法入门]；NHLBI：研究质量评估工具 [研究方法资料]","https://www.nih.gov/about-nih/science-health-public-trust/tools/understanding-clinical-studies；https://www.nhlbi.nih.gov/health-topics/study-quality-assessment-tools","2026-10-04","内容编辑与机制审核，未获逐方向专家签审"
"forensic-medicine-5","forensic-medicine","法医物证资料","研究对象、观察窗口与资料比较条件","forensic","共享主题模块","材料来源链、鉴定问题与意见版本","核对材料如何进入分析，区分观察与鉴定推论","转交资料只保留摘录，关键上下文没有随附","结论必须受材料来源和委托问题的限制","NIH：认识临床研究 [研究方法入门]；NHLBI：研究质量评估工具 [研究方法资料]","https://www.nih.gov/about-nih/science-health-public-trust/tools/understanding-clinical-studies；https://www.nhlbi.nih.gov/health-topics/study-quality-assessment-tools","2026-10-04","内容编辑与机制审核，未获逐方向专家签审"
"forensic-medicine-6","forensic-medicine","法医精神资料","研究对象、观察窗口与资料比较条件","forensic","共享主题模块","材料来源链、鉴定问题与意见版本","核对材料如何进入分析，区分观察与鉴定推论","转交资料只保留摘录，关键上下文没有随附","结论必须受材料来源和委托问题的限制","NIH：认识临床研究 [研究方法入门]；NHLBI：研究质量评估工具 [研究方法资料]","https://www.nih.gov/about-nih/science-health-public-trust/tools/understanding-clinical-studies；https://www.nhlbi.nih.gov/health-topics/study-quality-assessment-tools","2026-10-04","内容编辑与机制审核，未获逐方向专家签审"
"forensic-medicine-7","forensic-medicine","证据来源核对","研究对象、观察窗口与资料比较条件","forensic","共享主题模块","材料来源链、鉴定问题与意见版本","核对材料如何进入分析，区分观察与鉴定推论","转交资料只保留摘录，关键上下文没有随附","结论必须受材料来源和委托问题的限制","NIH：认识临床研究 [研究方法入门]；NHLBI：研究质量评估工具 [研究方法资料]","https://www.nih.gov/about-nih/science-health-public-trust/tools/understanding-clinical-studies；https://www.nhlbi.nih.gov/health-topics/study-quality-assessment-tools","2026-10-04","内容编辑与机制审核，未获逐方向专家签审"
"forensic-medicine-8","forensic-medicine","鉴定意见表达","研究对象、观察窗口与资料比较条件","forensic","共享主题模块","材料来源链、鉴定问题与意见版本","核对材料如何进入分析，区分观察与鉴定推论","转交资料只保留摘录，关键上下文没有随附","结论必须受材料来源和委托问题的限制","NIH：认识临床研究 [研究方法入门]；NHLBI：研究质量评估工具 [研究方法资料]","https://www.nih.gov/about-nih/science-health-public-trust/tools/understanding-clinical-studies；https://www.nhlbi.nih.gov/health-topics/study-quality-assessment-tools","2026-10-04","内容编辑与机制审核，未获逐方向专家签审"
"forensic-medicine-9","forensic-medicine","法医记录质量","研究对象、观察窗口与资料比较条件","forensic","共享主题模块","材料来源链、鉴定问题与意见版本","核对材料如何进入分析，区分观察与鉴定推论","转交资料只保留摘录，关键上下文没有随附","结论必须受材料来源和委托问题的限制","NIH：认识临床研究 [研究方法入门]；NHLBI：研究质量评估工具 [研究方法资料]","https://www.nih.gov/about-nih/science-health-public-trust/tools/understanding-clinical-studies；https://www.nhlbi.nih.gov/health-topics/study-quality-assessment-tools","2026-10-04","内容编辑与机制审核，未获逐方向专家签审"
"forensic-medicine-10","forensic-medicine","法医统计评价","研究对象、观察窗口与资料比较条件","forensic","共享主题模块","材料来源链、鉴定问题与意见版本","核对材料如何进入分析，区分观察与鉴定推论","转交资料只保留摘录，关键上下文没有随附","结论必须受材料来源和委托问题的限制","NIH：认识临床研究 [研究方法入门]；NHLBI：研究质量评估工具 [研究方法资料]","https://www.nih.gov/about-nih/science-health-public-trust/tools/understanding-clinical-studies；https://www.nhlbi.nih.gov/health-topics/study-quality-assessment-tools","2026-10-04","内容编辑与机制审核，未获逐方向专家签审"
"forensic-medicine-11","forensic-medicine","法医学教育","研究对象、观察窗口与资料比较条件","education","共享主题模块","课堂目标、活动记录与学习过程材料","让任务、教学目标与评价对应，保留班级差异","换了老师也换了活动，改善却全归到工具上","课后高分不能独立证明某项教学设计有效","北京师范大学：课程与教学研究方向 [学科范围]","https://cter.bnu.edu.cn/docs/2024-05/e0d9749ec02e425eb45aa96fefdadc2a.pdf","2026-10-04","内容编辑与机制审核，未获逐方向专家签审"
"forensic-medicine-12","forensic-medicine","法医伦理研究","研究对象、观察窗口与资料比较条件","forensic","共享主题模块","材料来源链、鉴定问题与意见版本","核对材料如何进入分析，区分观察与鉴定推论","转交资料只保留摘录，关键上下文没有随附","结论必须受材料来源和委托问题的限制","NIH：认识临床研究 [研究方法入门]；NHLBI：研究质量评估工具 [研究方法资料]","https://www.nih.gov/about-nih/science-health-public-trust/tools/understanding-clinical-studies；https://www.nhlbi.nih.gov/health-topics/study-quality-assessment-tools","2026-10-04","内容编辑与机制审核，未获逐方向专家签审"
"chinese-materia-medica-1","chinese-materia-medica","本草文献","出处、整理版本与术语语境","traditional","共享主题模块","术语来源、辨识规则与研究记录","把历史解释、现代观察与具体评价分别记下","不同文献中的同名分类被直接合并","传统解释与现代评价之间需要明确证据接口","NIH：认识临床研究 [研究方法入门]；NHLBI：研究质量评估工具 [研究方法资料]","https://www.nih.gov/about-nih/science-health-public-trust/tools/understanding-clinical-studies；https://www.nhlbi.nih.gov/health-topics/study-quality-assessment-tools","2026-10-04","内容编辑与机制审核，未获逐方向专家签审"
"chinese-materia-medica-2","chinese-materia-medica","中药资源资料","研究对象、观察窗口与资料比较条件","traditional","共享主题模块","术语来源、辨识规则与研究记录","把历史解释、现代观察与具体评价分别记下","不同文献中的同名分类被直接合并","传统解释与现代评价之间需要明确证据接口","NIH：认识临床研究 [研究方法入门]；NHLBI：研究质量评估工具 [研究方法资料]","https://www.nih.gov/about-nih/science-health-public-trust/tools/understanding-clinical-studies；https://www.nhlbi.nih.gov/health-topics/study-quality-assessment-tools","2026-10-04","内容编辑与机制审核，未获逐方向专家签审"
"chinese-materia-medica-3","chinese-materia-medica","生药鉴别资料","研究对象、观察窗口与资料比较条件","traditional","共享主题模块","术语来源、辨识规则与研究记录","把历史解释、现代观察与具体评价分别记下","不同文献中的同名分类被直接合并","传统解释与现代评价之间需要明确证据接口","NIH：认识临床研究 [研究方法入门]；NHLBI：研究质量评估工具 [研究方法资料]","https://www.nih.gov/about-nih/science-health-public-trust/tools/understanding-clinical-studies；https://www.nhlbi.nih.gov/health-topics/study-quality-assessment-tools","2026-10-04","内容编辑与机制审核，未获逐方向专家签审"
"chinese-materia-medica-4","chinese-materia-medica","中药化学资料","研究对象、观察窗口与资料比较条件","traditional","共享主题模块","术语来源、辨识规则与研究记录","把历史解释、现代观察与具体评价分别记下","不同文献中的同名分类被直接合并","传统解释与现代评价之间需要明确证据接口","NIH：认识临床研究 [研究方法入门]；NHLBI：研究质量评估工具 [研究方法资料]","https://www.nih.gov/about-nih/science-health-public-trust/tools/understanding-clinical-studies；https://www.nhlbi.nih.gov/health-topics/study-quality-assessment-tools","2026-10-04","内容编辑与机制审核，未获逐方向专家签审"
"chinese-materia-medica-5","chinese-materia-medica","中药分析资料","研究对象、观察窗口与资料比较条件","traditional","共享主题模块","术语来源、辨识规则与研究记录","把历史解释、现代观察与具体评价分别记下","不同文献中的同名分类被直接合并","传统解释与现代评价之间需要明确证据接口","NIH：认识临床研究 [研究方法入门]；NHLBI：研究质量评估工具 [研究方法资料]","https://www.nih.gov/about-nih/science-health-public-trust/tools/understanding-clinical-studies；https://www.nhlbi.nih.gov/health-topics/study-quality-assessment-tools","2026-10-04","内容编辑与机制审核，未获逐方向专家签审"
"chinese-materia-medica-6","chinese-materia-medica","中药药理资料","模型或使用情境、暴露记录与解释","traditional","共享主题模块","术语来源、辨识规则与研究记录","把历史解释、现代观察与具体评价分别记下","不同文献中的同名分类被直接合并","传统解释与现代评价之间需要明确证据接口","NIH：认识临床研究 [研究方法入门]；NHLBI：研究质量评估工具 [研究方法资料]","https://www.nih.gov/about-nih/science-health-public-trust/tools/understanding-clinical-studies；https://www.nhlbi.nih.gov/health-topics/study-quality-assessment-tools","2026-10-04","内容编辑与机制审核，未获逐方向专家签审"
"chinese-materia-medica-7","chinese-materia-medica","中药制剂资料","研究对象、观察窗口与资料比较条件","traditional","共享主题模块","术语来源、辨识规则与研究记录","把历史解释、现代观察与具体评价分别记下","不同文献中的同名分类被直接合并","传统解释与现代评价之间需要明确证据接口","NIH：认识临床研究 [研究方法入门]；NHLBI：研究质量评估工具 [研究方法资料]","https://www.nih.gov/about-nih/science-health-public-trust/tools/understanding-clinical-studies；https://www.nhlbi.nih.gov/health-topics/study-quality-assessment-tools","2026-10-04","内容编辑与机制审核，未获逐方向专家签审"
"chinese-materia-medica-8","chinese-materia-medica","中药质量评价","研究对象、观察窗口与资料比较条件","traditional","共享主题模块","术语来源、辨识规则与研究记录","把历史解释、现代观察与具体评价分别记下","不同文献中的同名分类被直接合并","传统解释与现代评价之间需要明确证据接口","NIH：认识临床研究 [研究方法入门]；NHLBI：研究质量评估工具 [研究方法资料]","https://www.nih.gov/about-nih/science-health-public-trust/tools/understanding-clinical-studies；https://www.nhlbi.nih.gov/health-topics/study-quality-assessment-tools","2026-10-04","内容编辑与机制审核，未获逐方向专家签审"
"chinese-materia-medica-9","chinese-materia-medica","中药使用结局","入组范围、观察时间与未完成随访","traditional","共享主题模块","术语来源、辨识规则与研究记录","把历史解释、现代观察与具体评价分别记下","不同文献中的同名分类被直接合并","传统解释与现代评价之间需要明确证据接口","NIH：认识临床研究 [研究方法入门]；NHLBI：研究质量评估工具 [研究方法资料]","https://www.nih.gov/about-nih/science-health-public-trust/tools/understanding-clinical-studies；https://www.nhlbi.nih.gov/health-topics/study-quality-assessment-tools","2026-10-04","内容编辑与机制审核，未获逐方向专家签审"
"chinese-materia-medica-10","chinese-materia-medica","药材来源研究","研究对象、观察窗口与资料比较条件","traditional","共享主题模块","术语来源、辨识规则与研究记录","把历史解释、现代观察与具体评价分别记下","不同文献中的同名分类被直接合并","传统解释与现代评价之间需要明确证据接口","NIH：认识临床研究 [研究方法入门]；NHLBI：研究质量评估工具 [研究方法资料]","https://www.nih.gov/about-nih/science-health-public-trust/tools/understanding-clinical-studies；https://www.nhlbi.nih.gov/health-topics/study-quality-assessment-tools","2026-10-04","内容编辑与机制审核，未获逐方向专家签审"
"chinese-materia-medica-11","chinese-materia-medica","中药标准史","研究对象、观察窗口与资料比较条件","traditional","共享主题模块","术语来源、辨识规则与研究记录","把历史解释、现代观察与具体评价分别记下","不同文献中的同名分类被直接合并","传统解释与现代评价之间需要明确证据接口","NIH：认识临床研究 [研究方法入门]；NHLBI：研究质量评估工具 [研究方法资料]","https://www.nih.gov/about-nih/science-health-public-trust/tools/understanding-clinical-studies；https://www.nhlbi.nih.gov/health-topics/study-quality-assessment-tools","2026-10-04","内容编辑与机制审核，未获逐方向专家签审"
"chinese-materia-medica-12","chinese-materia-medica","中药资料复现","研究对象、观察窗口与资料比较条件","traditional","共享主题模块","术语来源、辨识规则与研究记录","把历史解释、现代观察与具体评价分别记下","不同文献中的同名分类被直接合并","传统解释与现代评价之间需要明确证据接口","NIH：认识临床研究 [研究方法入门]；NHLBI：研究质量评估工具 [研究方法资料]","https://www.nih.gov/about-nih/science-health-public-trust/tools/understanding-clinical-studies；https://www.nhlbi.nih.gov/health-topics/study-quality-assessment-tools","2026-10-04","内容编辑与机制审核，未获逐方向专家签审"
"integrated-medicine-1","integrated-medicine","中西医结合理论","研究对象、观察窗口与资料比较条件","traditional","共享主题模块","术语来源、辨识规则与研究记录","把历史解释、现代观察与具体评价分别记下","不同文献中的同名分类被直接合并","传统解释与现代评价之间需要明确证据接口","NIH：认识临床研究 [研究方法入门]；NHLBI：研究质量评估工具 [研究方法资料]","https://www.nih.gov/about-nih/science-health-public-trust/tools/understanding-clinical-studies；https://www.nhlbi.nih.gov/health-topics/study-quality-assessment-tools","2026-10-04","内容编辑与机制审核，未获逐方向专家签审"
"integrated-medicine-2","integrated-medicine","结合医学设计","研究对象、观察窗口与资料比较条件","traditional","共享主题模块","术语来源、辨识规则与研究记录","把历史解释、现代观察与具体评价分别记下","不同文献中的同名分类被直接合并","传统解释与现代评价之间需要明确证据接口","NIH：认识临床研究 [研究方法入门]；NHLBI：研究质量评估工具 [研究方法资料]","https://www.nih.gov/about-nih/science-health-public-trust/tools/understanding-clinical-studies；https://www.nhlbi.nih.gov/health-topics/study-quality-assessment-tools","2026-10-04","内容编辑与机制审核，未获逐方向专家签审"
"integrated-medicine-3","integrated-medicine","结合医学临床结局","入组范围、观察时间与未完成随访","traditional","共享主题模块","术语来源、辨识规则与研究记录","把历史解释、现代观察与具体评价分别记下","不同文献中的同名分类被直接合并","传统解释与现代评价之间需要明确证据接口","NIH：认识临床研究 [研究方法入门]；NHLBI：研究质量评估工具 [研究方法资料]","https://www.nih.gov/about-nih/science-health-public-trust/tools/understanding-clinical-studies；https://www.nhlbi.nih.gov/health-topics/study-quality-assessment-tools","2026-10-04","内容编辑与机制审核，未获逐方向专家签审"
"integrated-medicine-4","integrated-medicine","证候一致性","测量口径、平台或读者差异","traditional","共享主题模块","术语来源、辨识规则与研究记录","把历史解释、现代观察与具体评价分别记下","不同文献中的同名分类被直接合并","传统解释与现代评价之间需要明确证据接口","NIH：认识临床研究 [研究方法入门]；NHLBI：研究质量评估工具 [研究方法资料]","https://www.nih.gov/about-nih/science-health-public-trust/tools/understanding-clinical-studies；https://www.nhlbi.nih.gov/health-topics/study-quality-assessment-tools","2026-10-04","内容编辑与机制审核，未获逐方向专家签审"
"integrated-medicine-5","integrated-medicine","多种照护记录","研究对象、观察窗口与资料比较条件","traditional","共享主题模块","术语来源、辨识规则与研究记录","把历史解释、现代观察与具体评价分别记下","不同文献中的同名分类被直接合并","传统解释与现代评价之间需要明确证据接口","NIH：认识临床研究 [研究方法入门]；NHLBI：研究质量评估工具 [研究方法资料]","https://www.nih.gov/about-nih/science-health-public-trust/tools/understanding-clinical-studies；https://www.nhlbi.nih.gov/health-topics/study-quality-assessment-tools","2026-10-04","内容编辑与机制审核，未获逐方向专家签审"
"integrated-medicine-6","integrated-medicine","患者报告结局","入组范围、观察时间与未完成随访","traditional","共享主题模块","术语来源、辨识规则与研究记录","把历史解释、现代观察与具体评价分别记下","不同文献中的同名分类被直接合并","传统解释与现代评价之间需要明确证据接口","NIH：认识临床研究 [研究方法入门]；NHLBI：研究质量评估工具 [研究方法资料]","https://www.nih.gov/about-nih/science-health-public-trust/tools/understanding-clinical-studies；https://www.nhlbi.nih.gov/health-topics/study-quality-assessment-tools","2026-10-04","内容编辑与机制审核，未获逐方向专家签审"
"integrated-medicine-7","integrated-medicine","康复与生活质量","测量含义、填答者与时间窗口","traditional","共享主题模块","术语来源、辨识规则与研究记录","把历史解释、现代观察与具体评价分别记下","不同文献中的同名分类被直接合并","传统解释与现代评价之间需要明确证据接口","NIH：认识临床研究 [研究方法入门]；NHLBI：研究质量评估工具 [研究方法资料]","https://www.nih.gov/about-nih/science-health-public-trust/tools/understanding-clinical-studies；https://www.nhlbi.nih.gov/health-topics/study-quality-assessment-tools","2026-10-04","内容编辑与机制审核，未获逐方向专家签审"
"integrated-medicine-8","integrated-medicine","研究指标对应","研究对象、观察窗口与资料比较条件","traditional","共享主题模块","术语来源、辨识规则与研究记录","把历史解释、现代观察与具体评价分别记下","不同文献中的同名分类被直接合并","传统解释与现代评价之间需要明确证据接口","NIH：认识临床研究 [研究方法入门]；NHLBI：研究质量评估工具 [研究方法资料]","https://www.nih.gov/about-nih/science-health-public-trust/tools/understanding-clinical-studies；https://www.nhlbi.nih.gov/health-topics/study-quality-assessment-tools","2026-10-04","内容编辑与机制审核，未获逐方向专家签审"
"integrated-medicine-9","integrated-medicine","结合医学文献","出处、整理版本与术语语境","traditional","共享主题模块","术语来源、辨识规则与研究记录","把历史解释、现代观察与具体评价分别记下","不同文献中的同名分类被直接合并","传统解释与现代评价之间需要明确证据接口","NIH：认识临床研究 [研究方法入门]；NHLBI：研究质量评估工具 [研究方法资料]","https://www.nih.gov/about-nih/science-health-public-trust/tools/understanding-clinical-studies；https://www.nhlbi.nih.gov/health-topics/study-quality-assessment-tools","2026-10-04","内容编辑与机制审核，未获逐方向专家签审"
"integrated-medicine-10","integrated-medicine","解释边界研究","研究对象、观察窗口与资料比较条件","traditional","共享主题模块","术语来源、辨识规则与研究记录","把历史解释、现代观察与具体评价分别记下","不同文献中的同名分类被直接合并","传统解释与现代评价之间需要明确证据接口","NIH：认识临床研究 [研究方法入门]；NHLBI：研究质量评估工具 [研究方法资料]","https://www.nih.gov/about-nih/science-health-public-trust/tools/understanding-clinical-studies；https://www.nhlbi.nih.gov/health-topics/study-quality-assessment-tools","2026-10-04","内容编辑与机制审核，未获逐方向专家签审"
"integrated-medicine-11","integrated-medicine","长期随访质量","入组范围、观察时间与未完成随访","traditional","共享主题模块","术语来源、辨识规则与研究记录","把历史解释、现代观察与具体评价分别记下","不同文献中的同名分类被直接合并","传统解释与现代评价之间需要明确证据接口","NIH：认识临床研究 [研究方法入门]；NHLBI：研究质量评估工具 [研究方法资料]","https://www.nih.gov/about-nih/science-health-public-trust/tools/understanding-clinical-studies；https://www.nhlbi.nih.gov/health-topics/study-quality-assessment-tools","2026-10-04","内容编辑与机制审核，未获逐方向专家签审"
"integrated-medicine-12","integrated-medicine","结合医学教学","研究对象、观察窗口与资料比较条件","education","细分核对","学习目标、任务作品与课堂实施记录","对齐学习目标和评价任务，区分实施变化与工具作用","参与更积极被直接写成目标知识掌握更好","参与、满意与掌握是不同结局，需要分别评价","北京师范大学：课程与教学研究方向 [学科范围]","https://cter.bnu.edu.cn/docs/2024-05/e0d9749ec02e425eb45aa96fefdadc2a.pdf","2026-10-04","内容编辑与机制审核，未获逐方向专家签审"
"special-medicine-1","special-medicine","航空航天健康资料","研究对象、观察窗口与资料比较条件","population","共享主题模块","登记分母、调查框与健康服务记录","先核对覆盖人口与时期，再比较比例","宣传活动后登记入口增加，被误写成风险突然升高","登记或问卷结果需要覆盖范围和选择过程的限定","NIH：认识临床研究 [研究方法入门]；NHLBI：研究质量评估工具 [研究方法资料]","https://www.nih.gov/about-nih/science-health-public-trust/tools/understanding-clinical-studies；https://www.nhlbi.nih.gov/health-topics/study-quality-assessment-tools","2026-10-04","内容编辑与机制审核，未获逐方向专家签审"
"special-medicine-2","special-medicine","环境适应资料","研究对象、观察窗口与资料比较条件","population","共享主题模块","登记分母、调查框与健康服务记录","先核对覆盖人口与时期，再比较比例","宣传活动后登记入口增加，被误写成风险突然升高","登记或问卷结果需要覆盖范围和选择过程的限定","NIH：认识临床研究 [研究方法入门]；NHLBI：研究质量评估工具 [研究方法资料]","https://www.nih.gov/about-nih/science-health-public-trust/tools/understanding-clinical-studies；https://www.nhlbi.nih.gov/health-topics/study-quality-assessment-tools","2026-10-04","内容编辑与机制审核，未获逐方向专家签审"
"special-medicine-3","special-medicine","航海健康资料","研究对象、观察窗口与资料比较条件","population","共享主题模块","登记分母、调查框与健康服务记录","先核对覆盖人口与时期，再比较比例","宣传活动后登记入口增加，被误写成风险突然升高","登记或问卷结果需要覆盖范围和选择过程的限定","NIH：认识临床研究 [研究方法入门]；NHLBI：研究质量评估工具 [研究方法资料]","https://www.nih.gov/about-nih/science-health-public-trust/tools/understanding-clinical-studies；https://www.nhlbi.nih.gov/health-topics/study-quality-assessment-tools","2026-10-04","内容编辑与机制审核，未获逐方向专家签审"
"special-medicine-4","special-medicine","高原健康资料","研究对象、观察窗口与资料比较条件","population","共享主题模块","登记分母、调查框与健康服务记录","先核对覆盖人口与时期，再比较比例","宣传活动后登记入口增加，被误写成风险突然升高","登记或问卷结果需要覆盖范围和选择过程的限定","NIH：认识临床研究 [研究方法入门]；NHLBI：研究质量评估工具 [研究方法资料]","https://www.nih.gov/about-nih/science-health-public-trust/tools/understanding-clinical-studies；https://www.nhlbi.nih.gov/health-topics/study-quality-assessment-tools","2026-10-04","内容编辑与机制审核，未获逐方向专家签审"
"special-medicine-5","special-medicine","运动环境与健康","研究对象、观察窗口与资料比较条件","population","共享主题模块","登记分母、调查框与健康服务记录","先核对覆盖人口与时期，再比较比例","宣传活动后登记入口增加，被误写成风险突然升高","登记或问卷结果需要覆盖范围和选择过程的限定","NIH：认识临床研究 [研究方法入门]；NHLBI：研究质量评估工具 [研究方法资料]","https://www.nih.gov/about-nih/science-health-public-trust/tools/understanding-clinical-studies；https://www.nhlbi.nih.gov/health-topics/study-quality-assessment-tools","2026-10-04","内容编辑与机制审核，未获逐方向专家签审"
"special-medicine-6","special-medicine","极端环境体验","测量含义、填答者与时间窗口","population","共享主题模块","登记分母、调查框与健康服务记录","先核对覆盖人口与时期，再比较比例","宣传活动后登记入口增加，被误写成风险突然升高","登记或问卷结果需要覆盖范围和选择过程的限定","NIH：认识临床研究 [研究方法入门]；NHLBI：研究质量评估工具 [研究方法资料]","https://www.nih.gov/about-nih/science-health-public-trust/tools/understanding-clinical-studies；https://www.nhlbi.nih.gov/health-topics/study-quality-assessment-tools","2026-10-04","内容编辑与机制审核，未获逐方向专家签审"
"special-medicine-7","special-medicine","放射健康资料","研究对象、观察窗口与资料比较条件","population","共享主题模块","登记分母、调查框与健康服务记录","先核对覆盖人口与时期，再比较比例","宣传活动后登记入口增加，被误写成风险突然升高","登记或问卷结果需要覆盖范围和选择过程的限定","NIH：认识临床研究 [研究方法入门]；NHLBI：研究质量评估工具 [研究方法资料]","https://www.nih.gov/about-nih/science-health-public-trust/tools/understanding-clinical-studies；https://www.nhlbi.nih.gov/health-topics/study-quality-assessment-tools","2026-10-04","内容编辑与机制审核，未获逐方向专家签审"
"special-medicine-8","special-medicine","职业健康记录","研究对象、观察窗口与资料比较条件","population","共享主题模块","登记分母、调查框与健康服务记录","先核对覆盖人口与时期，再比较比例","宣传活动后登记入口增加，被误写成风险突然升高","登记或问卷结果需要覆盖范围和选择过程的限定","NIH：认识临床研究 [研究方法入门]；NHLBI：研究质量评估工具 [研究方法资料]","https://www.nih.gov/about-nih/science-health-public-trust/tools/understanding-clinical-studies；https://www.nhlbi.nih.gov/health-topics/study-quality-assessment-tools","2026-10-04","内容编辑与机制审核，未获逐方向专家签审"
"special-medicine-9","special-medicine","环境测量质量","测量口径、平台或读者差异","population","共享主题模块","登记分母、调查框与健康服务记录","先核对覆盖人口与时期，再比较比例","宣传活动后登记入口增加，被误写成风险突然升高","登记或问卷结果需要覆盖范围和选择过程的限定","NIH：认识临床研究 [研究方法入门]；NHLBI：研究质量评估工具 [研究方法资料]","https://www.nih.gov/about-nih/science-health-public-trust/tools/understanding-clinical-studies；https://www.nhlbi.nih.gov/health-topics/study-quality-assessment-tools","2026-10-04","内容编辑与机制审核，未获逐方向专家签审"
"special-medicine-10","special-medicine","特种环境随访","入组范围、观察时间与未完成随访","population","共享主题模块","登记分母、调查框与健康服务记录","先核对覆盖人口与时期，再比较比例","宣传活动后登记入口增加，被误写成风险突然升高","登记或问卷结果需要覆盖范围和选择过程的限定","NIH：认识临床研究 [研究方法入门]；NHLBI：研究质量评估工具 [研究方法资料]","https://www.nih.gov/about-nih/science-health-public-trust/tools/understanding-clinical-studies；https://www.nhlbi.nih.gov/health-topics/study-quality-assessment-tools","2026-10-04","内容编辑与机制审核，未获逐方向专家签审"
"special-medicine-11","special-medicine","健康服务评价","目标、执行层次与受益差异","population","共享主题模块","登记分母、调查框与健康服务记录","先核对覆盖人口与时期，再比较比例","宣传活动后登记入口增加，被误写成风险突然升高","登记或问卷结果需要覆盖范围和选择过程的限定","NIH：认识临床研究 [研究方法入门]；NHLBI：研究质量评估工具 [研究方法资料]","https://www.nih.gov/about-nih/science-health-public-trust/tools/understanding-clinical-studies；https://www.nhlbi.nih.gov/health-topics/study-quality-assessment-tools","2026-10-04","内容编辑与机制审核，未获逐方向专家签审"
"special-medicine-12","special-medicine","特种医学史","研究对象、观察窗口与资料比较条件","population","共享主题模块","登记分母、调查框与健康服务记录","先核对覆盖人口与时期，再比较比例","宣传活动后登记入口增加，被误写成风险突然升高","登记或问卷结果需要覆盖范围和选择过程的限定","NIH：认识临床研究 [研究方法入门]；NHLBI：研究质量评估工具 [研究方法资料]","https://www.nih.gov/about-nih/science-health-public-trust/tools/understanding-clinical-studies；https://www.nhlbi.nih.gov/health-topics/study-quality-assessment-tools","2026-10-04","内容编辑与机制审核，未获逐方向专家签审"
"medical-technology-1","medical-technology","医学影像技术","对象内重复、平台版本与图像质量","imaging","共享主题模块","设备平台、读者判断与个体索引","按个体划分记录，保留平台版本和读者分歧","一人的多张图像同时进入开发和评估资料","图像数量不能代替独立个体和外部评估","NIH：认识临床研究 [研究方法入门]；NHLBI：研究质量评估工具 [研究方法资料]","https://www.nih.gov/about-nih/science-health-public-trust/tools/understanding-clinical-studies；https://www.nhlbi.nih.gov/health-topics/study-quality-assessment-tools","2026-10-04","内容编辑与机制审核，未获逐方向专家签审"
"medical-technology-2","medical-technology","医学检验技术","测量口径、平台或读者差异","imaging","细分核对","个体索引、平台版本与测量口径","核对平台、测量单位与参考口径，区分技术差异和生物差异","平台升级前后的差异被全部解释为对象变化","测量口径变化需要单独说明，不能替代对象变化证据","NIH：认识临床研究 [研究方法入门]；NHLBI：研究质量评估工具 [研究方法资料]","https://www.nih.gov/about-nih/science-health-public-trust/tools/understanding-clinical-studies；https://www.nhlbi.nih.gov/health-topics/study-quality-assessment-tools","2026-10-04","内容编辑与机制审核，未获逐方向专家签审"
"medical-technology-3","medical-technology","康复治疗技术","阶段、生活条件与功能或体验变化","rehab","共享主题模块","功能任务、量表版本与家庭参与记录","对照任务目标、评估者和真实使用情境","训练场上的表现被直接写成日常功能恢复","受控任务表现不能代替生活参与结局","NIH：认识临床研究 [研究方法入门]；NHLBI：研究质量评估工具 [研究方法资料]","https://www.nih.gov/about-nih/science-health-public-trust/tools/understanding-clinical-studies；https://www.nhlbi.nih.gov/health-topics/study-quality-assessment-tools","2026-10-04","内容编辑与机制审核，未获逐方向专家签审"
"medical-technology-4","medical-technology","听觉与言语技术","研究对象、观察窗口与资料比较条件","medical-device","共享主题模块","使用任务、设备版本与技术评价记录","区分设备测量性能、使用反馈与临床结局","设备读数更稳定被直接写成患者结局改善","技术性能不能代替患者相关结局和使用条件","NIH：认识临床研究 [研究方法入门]；NHLBI：研究质量评估工具 [研究方法资料]","https://www.nih.gov/about-nih/science-health-public-trust/tools/understanding-clinical-studies；https://www.nhlbi.nih.gov/health-topics/study-quality-assessment-tools","2026-10-04","内容编辑与机制审核，未获逐方向专家签审"
"medical-technology-5","medical-technology","眼视光技术","研究对象、观察窗口与资料比较条件","sensory","共享主题模块","功能测试条件、侧别与重复评估记录","把侧别与个体对应，核对测试环境","两侧测量与同一人的复测被摊成独立样本","重复测量增多不等于独立对象增多","NIH：认识临床研究 [研究方法入门]；NHLBI：研究质量评估工具 [研究方法资料]","https://www.nih.gov/about-nih/science-health-public-trust/tools/understanding-clinical-studies；https://www.nhlbi.nih.gov/health-topics/study-quality-assessment-tools","2026-10-04","内容编辑与机制审核，未获逐方向专家签审"
"medical-technology-6","medical-technology","口腔技术资料","研究对象、观察窗口与资料比较条件","oral","共享主题模块","检查部位索引、影像与评分者意见","区分牙位、个体和评分者，保留不同判断","多个牙位被当成多个互不相关的人","部位差异不能直接推广为人群差异","NIH：认识临床研究 [研究方法入门]；NHLBI：研究质量评估工具 [研究方法资料]","https://www.nih.gov/about-nih/science-health-public-trust/tools/understanding-clinical-studies；https://www.nhlbi.nih.gov/health-topics/study-quality-assessment-tools","2026-10-04","内容编辑与机制审核，未获逐方向专家签审"
"medical-technology-7","medical-technology","病理技术资料","测量口径、平台或读者差异","imaging","细分核对","切片来源、个体索引与判读分歧","区分同一个体的多个切片与独立个体，并保留判读分歧","一人的多个切片被当作多位患者评估","切片层面的表现不能直接代表独立患者层面的表现","NIH：认识临床研究 [研究方法入门]；NHLBI：研究质量评估工具 [研究方法资料]","https://www.nih.gov/about-nih/science-health-public-trust/tools/understanding-clinical-studies；https://www.nhlbi.nih.gov/health-topics/study-quality-assessment-tools","2026-10-04","内容编辑与机制审核，未获逐方向专家签审"
"medical-technology-8","medical-technology","辅助器具评价","研究对象、观察窗口与资料比较条件","rehab","共享主题模块","功能任务、量表版本与家庭参与记录","对照任务目标、评估者和真实使用情境","训练场上的表现被直接写成日常功能恢复","受控任务表现不能代替生活参与结局","NIH：认识临床研究 [研究方法入门]；NHLBI：研究质量评估工具 [研究方法资料]","https://www.nih.gov/about-nih/science-health-public-trust/tools/understanding-clinical-studies；https://www.nhlbi.nih.gov/health-topics/study-quality-assessment-tools","2026-10-04","内容编辑与机制审核，未获逐方向专家签审"
"medical-technology-9","medical-technology","医学技术质控","研究对象、观察窗口与资料比较条件","medical-device","共享主题模块","使用任务、设备版本与技术评价记录","区分设备测量性能、使用反馈与临床结局","设备读数更稳定被直接写成患者结局改善","技术性能不能代替患者相关结局和使用条件","NIH：认识临床研究 [研究方法入门]；NHLBI：研究质量评估工具 [研究方法资料]","https://www.nih.gov/about-nih/science-health-public-trust/tools/understanding-clinical-studies；https://www.nhlbi.nih.gov/health-topics/study-quality-assessment-tools","2026-10-04","内容编辑与机制审核，未获逐方向专家签审"
"medical-technology-10","medical-technology","技术使用反馈","研究对象、观察窗口与资料比较条件","medical-device","共享主题模块","使用任务、设备版本与技术评价记录","区分设备测量性能、使用反馈与临床结局","设备读数更稳定被直接写成患者结局改善","技术性能不能代替患者相关结局和使用条件","NIH：认识临床研究 [研究方法入门]；NHLBI：研究质量评估工具 [研究方法资料]","https://www.nih.gov/about-nih/science-health-public-trust/tools/understanding-clinical-studies；https://www.nhlbi.nih.gov/health-topics/study-quality-assessment-tools","2026-10-04","内容编辑与机制审核，未获逐方向专家签审"
"medical-technology-11","medical-technology","技术教育研究","研究对象、观察窗口与资料比较条件","education","共享主题模块","课堂目标、活动记录与学习过程材料","让任务、教学目标与评价对应，保留班级差异","换了老师也换了活动，改善却全归到工具上","课后高分不能独立证明某项教学设计有效","北京师范大学：课程与教学研究方向 [学科范围]","https://cter.bnu.edu.cn/docs/2024-05/e0d9749ec02e425eb45aa96fefdadc2a.pdf","2026-10-04","内容编辑与机制审核，未获逐方向专家签审"
"medical-technology-12","medical-technology","设备与软件版本","原型版本、使用任务与失败反馈","medical-device","共享主题模块","使用任务、设备版本与技术评价记录","区分设备测量性能、使用反馈与临床结局","设备读数更稳定被直接写成患者结局改善","技术性能不能代替患者相关结局和使用条件","NIH：认识临床研究 [研究方法入门]；NHLBI：研究质量评估工具 [研究方法资料]","https://www.nih.gov/about-nih/science-health-public-trust/tools/understanding-clinical-studies；https://www.nhlbi.nih.gov/health-topics/study-quality-assessment-tools","2026-10-04","内容编辑与机制审核，未获逐方向专家签审"
"metaphysics-1","metaphysics","存在论","概念承诺、论证前提与反例","ontology","细分核对","可能世界的定义与反例中的可及关系","核对反例是否满足原来的可及关系与量词范围","反例临时增加了原模型不允许的世界","反例必须在同一套语义条件下成立","北京大学哲学系：招生专业及方向 [学科范围]；北京大学逻辑学：研究生课程 [课程范围]","https://admission.pku.edu.cn/zsxx/lxszs/lxszyml/2026/ss/zsml_ss_lxs_cn_00023.pdf；https://logic.pku.edu.cn/rcpy/courses/yjskc/index.htm","2026-10-04","内容编辑与机制审核，未获逐方向专家签审"
"metaphysics-2","metaphysics","模态问题","概念承诺、论证前提与反例","ontology","细分核对","可能世界的定义与反例中的可及关系","核对反例是否满足原来的可及关系与量词范围","反例临时增加了原模型不允许的世界","反例必须在同一套语义条件下成立","北京大学哲学系：招生专业及方向 [学科范围]；北京大学逻辑学：研究生课程 [课程范围]","https://admission.pku.edu.cn/zsxx/lxszs/lxszyml/2026/ss/zsml_ss_lxs_cn_00023.pdf；https://logic.pku.edu.cn/rcpy/courses/yjskc/index.htm","2026-10-04","内容编辑与机制审核，未获逐方向专家签审"
"metaphysics-3","metaphysics","时间哲学","概念承诺、论证前提与反例","ontology","共享主题模块","概念定义、论证前提与反例","区分逻辑可能、理论设定和经验事实","用来支持结论的反例已经预设了有争议的前提","想象得出一个情形不独立证明它在理论上可能","北京大学哲学系：招生专业及方向 [学科范围]；北京大学逻辑学：研究生课程 [课程范围]","https://admission.pku.edu.cn/zsxx/lxszs/lxszyml/2026/ss/zsml_ss_lxs_cn_00023.pdf；https://logic.pku.edu.cn/rcpy/courses/yjskc/index.htm","2026-10-04","内容编辑与机制审核，未获逐方向专家签审"
"metaphysics-4","metaphysics","因果概念","概念承诺、论证前提与反例","ontology","共享主题模块","概念定义、论证前提与反例","区分逻辑可能、理论设定和经验事实","用来支持结论的反例已经预设了有争议的前提","想象得出一个情形不独立证明它在理论上可能","北京大学哲学系：招生专业及方向 [学科范围]；北京大学逻辑学：研究生课程 [课程范围]","https://admission.pku.edu.cn/zsxx/lxszs/lxszyml/2026/ss/zsml_ss_lxs_cn_00023.pdf；https://logic.pku.edu.cn/rcpy/courses/yjskc/index.htm","2026-10-04","内容编辑与机制审核，未获逐方向专家签审"
"metaphysics-5","metaphysics","对象同一性","概念承诺、论证前提与反例","ontology","共享主题模块","概念定义、论证前提与反例","区分逻辑可能、理论设定和经验事实","用来支持结论的反例已经预设了有争议的前提","想象得出一个情形不独立证明它在理论上可能","北京大学哲学系：招生专业及方向 [学科范围]；北京大学逻辑学：研究生课程 [课程范围]","https://admission.pku.edu.cn/zsxx/lxszs/lxszyml/2026/ss/zsml_ss_lxs_cn_00023.pdf；https://logic.pku.edu.cn/rcpy/courses/yjskc/index.htm","2026-10-04","内容编辑与机制审核，未获逐方向专家签审"
"metaphysics-6","metaphysics","属性理论","概念承诺、论证前提与反例","ontology","共享主题模块","概念定义、论证前提与反例","区分逻辑可能、理论设定和经验事实","用来支持结论的反例已经预设了有争议的前提","想象得出一个情形不独立证明它在理论上可能","北京大学哲学系：招生专业及方向 [学科范围]；北京大学逻辑学：研究生课程 [课程范围]","https://admission.pku.edu.cn/zsxx/lxszs/lxszyml/2026/ss/zsml_ss_lxs_cn_00023.pdf；https://logic.pku.edu.cn/rcpy/courses/yjskc/index.htm","2026-10-04","内容编辑与机制审核，未获逐方向专家签审"
"metaphysics-7","metaphysics","可能世界","概念承诺、论证前提与反例","ontology","细分核对","可能世界的定义与反例中的可及关系","核对反例是否满足原来的可及关系与量词范围","反例临时增加了原模型不允许的世界","反例必须在同一套语义条件下成立","北京大学哲学系：招生专业及方向 [学科范围]；北京大学逻辑学：研究生课程 [课程范围]","https://admission.pku.edu.cn/zsxx/lxszs/lxszyml/2026/ss/zsml_ss_lxs_cn_00023.pdf；https://logic.pku.edu.cn/rcpy/courses/yjskc/index.htm","2026-10-04","内容编辑与机制审核，未获逐方向专家签审"
"metaphysics-8","metaphysics","身心问题","概念承诺、论证前提与反例","mind","共享主题模块","思想实验、意识概念与经验研究的原文","分开第一人称描述、功能解释与实验指标","任务表现被直接写成了主观体验本身","解释功能与解释体验可能是不同的论证目标","北京大学哲学系：招生专业及方向 [学科范围]","https://admission.pku.edu.cn/zsxx/lxszs/lxszyml/2026/ss/zsml_ss_lxs_cn_00023.pdf","2026-10-04","内容编辑与机制审核，未获逐方向专家签审"
"metaphysics-9","metaphysics","社会本体论","概念承诺、论证前提与反例","ontology","共享主题模块","概念定义、论证前提与反例","区分逻辑可能、理论设定和经验事实","用来支持结论的反例已经预设了有争议的前提","想象得出一个情形不独立证明它在理论上可能","北京大学哲学系：招生专业及方向 [学科范围]；北京大学逻辑学：研究生课程 [课程范围]","https://admission.pku.edu.cn/zsxx/lxszs/lxszyml/2026/ss/zsml_ss_lxs_cn_00023.pdf；https://logic.pku.edu.cn/rcpy/courses/yjskc/index.htm","2026-10-04","内容编辑与机制审核，未获逐方向专家签审"
"metaphysics-10","metaphysics","过程哲学","概念承诺、论证前提与反例","ontology","共享主题模块","概念定义、论证前提与反例","区分逻辑可能、理论设定和经验事实","用来支持结论的反例已经预设了有争议的前提","想象得出一个情形不独立证明它在理论上可能","北京大学哲学系：招生专业及方向 [学科范围]；北京大学逻辑学：研究生课程 [课程范围]","https://admission.pku.edu.cn/zsxx/lxszs/lxszyml/2026/ss/zsml_ss_lxs_cn_00023.pdf；https://logic.pku.edu.cn/rcpy/courses/yjskc/index.htm","2026-10-04","内容编辑与机制审核，未获逐方向专家签审"
"metaphysics-11","metaphysics","分析形而上学","概念承诺、论证前提与反例","ontology","细分核对","可能世界的定义与反例中的可及关系","核对反例是否满足原来的可及关系与量词范围","反例临时增加了原模型不允许的世界","反例必须在同一套语义条件下成立","北京大学哲学系：招生专业及方向 [学科范围]；北京大学逻辑学：研究生课程 [课程范围]","https://admission.pku.edu.cn/zsxx/lxszs/lxszyml/2026/ss/zsml_ss_lxs_cn_00023.pdf；https://logic.pku.edu.cn/rcpy/courses/yjskc/index.htm","2026-10-04","内容编辑与机制审核，未获逐方向专家签审"
"metaphysics-12","metaphysics","传统形而上学","概念承诺、论证前提与反例","ontology","细分核对","可能世界的定义与反例中的可及关系","核对反例是否满足原来的可及关系与量词范围","反例临时增加了原模型不允许的世界","反例必须在同一套语义条件下成立","北京大学哲学系：招生专业及方向 [学科范围]；北京大学逻辑学：研究生课程 [课程范围]","https://admission.pku.edu.cn/zsxx/lxszs/lxszyml/2026/ss/zsml_ss_lxs_cn_00023.pdf；https://logic.pku.edu.cn/rcpy/courses/yjskc/index.htm","2026-10-04","内容编辑与机制审核，未获逐方向专家签审"
"epistemology-1","epistemology","知识分析","知识主张的依据与适用条件","epistemic","细分核对","证言来源、可靠性理由与幸运猜中的对照案例","区分主张为真、相信主张和证成主张","结论碰巧正确，但提供的理由与结论无关","正确答案本身不解释知识怎样成立","北京大学哲学系：招生专业及方向 [学科范围]；北京大学逻辑学：研究生课程 [课程范围]","https://admission.pku.edu.cn/zsxx/lxszs/lxszyml/2026/ss/zsml_ss_lxs_cn_00023.pdf；https://logic.pku.edu.cn/rcpy/courses/yjskc/index.htm","2026-10-04","内容编辑与机制审核，未获逐方向专家签审"
"epistemology-2","epistemology","怀疑论","知识主张的依据与适用条件","epistemic","细分核对","证言来源、可靠性理由与幸运猜中的对照案例","区分主张为真、相信主张和证成主张","结论碰巧正确，但提供的理由与结论无关","正确答案本身不解释知识怎样成立","北京大学哲学系：招生专业及方向 [学科范围]；北京大学逻辑学：研究生课程 [课程范围]","https://admission.pku.edu.cn/zsxx/lxszs/lxszyml/2026/ss/zsml_ss_lxs_cn_00023.pdf；https://logic.pku.edu.cn/rcpy/courses/yjskc/index.htm","2026-10-04","内容编辑与机制审核，未获逐方向专家签审"
"epistemology-3","epistemology","证成理论","知识主张的依据与适用条件","epistemic","共享主题模块","知识主张、证成理由与反例","区分相信、为真与有理由相信，核对论证对象","一个幸运猜中的例子被当成可靠知识","碰巧为真不等于已解释知识何以成立","北京大学哲学系：招生专业及方向 [学科范围]；北京大学逻辑学：研究生课程 [课程范围]","https://admission.pku.edu.cn/zsxx/lxszs/lxszyml/2026/ss/zsml_ss_lxs_cn_00023.pdf；https://logic.pku.edu.cn/rcpy/courses/yjskc/index.htm","2026-10-04","内容编辑与机制审核，未获逐方向专家签审"
"epistemology-4","epistemology","社会认识论","知识主张的依据与适用条件","epistemic","细分核对","证言来源、可靠性理由与幸运猜中的对照案例","区分主张为真、相信主张和证成主张","结论碰巧正确，但提供的理由与结论无关","正确答案本身不解释知识怎样成立","北京大学哲学系：招生专业及方向 [学科范围]；北京大学逻辑学：研究生课程 [课程范围]","https://admission.pku.edu.cn/zsxx/lxszs/lxszyml/2026/ss/zsml_ss_lxs_cn_00023.pdf；https://logic.pku.edu.cn/rcpy/courses/yjskc/index.htm","2026-10-04","内容编辑与机制审核，未获逐方向专家签审"
"epistemology-5","epistemology","科学解释","知识主张的依据与适用条件","epistemic","共享主题模块","知识主张、证成理由与反例","区分相信、为真与有理由相信，核对论证对象","一个幸运猜中的例子被当成可靠知识","碰巧为真不等于已解释知识何以成立","北京大学哲学系：招生专业及方向 [学科范围]；北京大学逻辑学：研究生课程 [课程范围]","https://admission.pku.edu.cn/zsxx/lxszs/lxszyml/2026/ss/zsml_ss_lxs_cn_00023.pdf；https://logic.pku.edu.cn/rcpy/courses/yjskc/index.htm","2026-10-04","内容编辑与机制审核，未获逐方向专家签审"
"epistemology-6","epistemology","科学实在论","知识主张的依据与适用条件","epistemic","共享主题模块","知识主张、证成理由与反例","区分相信、为真与有理由相信，核对论证对象","一个幸运猜中的例子被当成可靠知识","碰巧为真不等于已解释知识何以成立","北京大学哲学系：招生专业及方向 [学科范围]；北京大学逻辑学：研究生课程 [课程范围]","https://admission.pku.edu.cn/zsxx/lxszs/lxszyml/2026/ss/zsml_ss_lxs_cn_00023.pdf；https://logic.pku.edu.cn/rcpy/courses/yjskc/index.htm","2026-10-04","内容编辑与机制审核，未获逐方向专家签审"
"epistemology-7","epistemology","归纳问题","知识主张的依据与适用条件","epistemic","共享主题模块","知识主张、证成理由与反例","区分相信、为真与有理由相信，核对论证对象","一个幸运猜中的例子被当成可靠知识","碰巧为真不等于已解释知识何以成立","北京大学哲学系：招生专业及方向 [学科范围]；北京大学逻辑学：研究生课程 [课程范围]","https://admission.pku.edu.cn/zsxx/lxszs/lxszyml/2026/ss/zsml_ss_lxs_cn_00023.pdf；https://logic.pku.edu.cn/rcpy/courses/yjskc/index.htm","2026-10-04","内容编辑与机制审核，未获逐方向专家签审"
"epistemology-8","epistemology","模型与理想化","知识主张的依据与适用条件","epistemic","共享主题模块","知识主张、证成理由与反例","区分相信、为真与有理由相信，核对论证对象","一个幸运猜中的例子被当成可靠知识","碰巧为真不等于已解释知识何以成立","北京大学哲学系：招生专业及方向 [学科范围]；北京大学逻辑学：研究生课程 [课程范围]","https://admission.pku.edu.cn/zsxx/lxszs/lxszyml/2026/ss/zsml_ss_lxs_cn_00023.pdf；https://logic.pku.edu.cn/rcpy/courses/yjskc/index.htm","2026-10-04","内容编辑与机制审核，未获逐方向专家签审"
"epistemology-9","epistemology","测量哲学","知识主张的依据与适用条件","epistemic","共享主题模块","知识主张、证成理由与反例","区分相信、为真与有理由相信，核对论证对象","一个幸运猜中的例子被当成可靠知识","碰巧为真不等于已解释知识何以成立","北京大学哲学系：招生专业及方向 [学科范围]；北京大学逻辑学：研究生课程 [课程范围]","https://admission.pku.edu.cn/zsxx/lxszs/lxszyml/2026/ss/zsml_ss_lxs_cn_00023.pdf；https://logic.pku.edu.cn/rcpy/courses/yjskc/index.htm","2026-10-04","内容编辑与机制审核，未获逐方向专家签审"
"epistemology-10","epistemology","专家知识","知识主张的依据与适用条件","epistemic","细分核对","证言来源、可靠性理由与幸运猜中的对照案例","区分主张为真、相信主张和证成主张","结论碰巧正确，但提供的理由与结论无关","正确答案本身不解释知识怎样成立","北京大学哲学系：招生专业及方向 [学科范围]；北京大学逻辑学：研究生课程 [课程范围]","https://admission.pku.edu.cn/zsxx/lxszs/lxszyml/2026/ss/zsml_ss_lxs_cn_00023.pdf；https://logic.pku.edu.cn/rcpy/courses/yjskc/index.htm","2026-10-04","内容编辑与机制审核，未获逐方向专家签审"
"epistemology-11","epistemology","证言研究","知识主张的依据与适用条件","epistemic","细分核对","证言来源、可靠性理由与幸运猜中的对照案例","区分主张为真、相信主张和证成主张","结论碰巧正确，但提供的理由与结论无关","正确答案本身不解释知识怎样成立","北京大学哲学系：招生专业及方向 [学科范围]；北京大学逻辑学：研究生课程 [课程范围]","https://admission.pku.edu.cn/zsxx/lxszs/lxszyml/2026/ss/zsml_ss_lxs_cn_00023.pdf；https://logic.pku.edu.cn/rcpy/courses/yjskc/index.htm","2026-10-04","内容编辑与机制审核，未获逐方向专家签审"
"epistemology-12","epistemology","技术知识","知识主张的依据与适用条件","epistemic","细分核对","证言来源、可靠性理由与幸运猜中的对照案例","区分主张为真、相信主张和证成主张","结论碰巧正确，但提供的理由与结论无关","正确答案本身不解释知识怎样成立","北京大学哲学系：招生专业及方向 [学科范围]；北京大学逻辑学：研究生课程 [课程范围]","https://admission.pku.edu.cn/zsxx/lxszs/lxszyml/2026/ss/zsml_ss_lxs_cn_00023.pdf；https://logic.pku.edu.cn/rcpy/courses/yjskc/index.htm","2026-10-04","内容编辑与机制审核，未获逐方向专家签审"
"logic-studies-1","logic-studies","数理逻辑","形式语言、推理规则与语义条件","logic","共享主题模块","形式语言、语义结构与推导树","分清语法推导与语义有效性，核对所用系统","一个规则从另一套逻辑系统借来，前提却没跟过来","在一套系统中成立不等于在所有逻辑中成立","北京大学逻辑学：研究生课程 [课程范围]","https://logic.pku.edu.cn/rcpy/courses/yjskc/index.htm","2026-10-04","内容编辑与机制审核，未获逐方向专家签审"
"logic-studies-2","logic-studies","哲学逻辑","形式语言、推理规则与语义条件","logic","共享主题模块","形式语言、语义结构与推导树","分清语法推导与语义有效性，核对所用系统","一个规则从另一套逻辑系统借来，前提却没跟过来","在一套系统中成立不等于在所有逻辑中成立","北京大学逻辑学：研究生课程 [课程范围]","https://logic.pku.edu.cn/rcpy/courses/yjskc/index.htm","2026-10-04","内容编辑与机制审核，未获逐方向专家签审"
"logic-studies-3","logic-studies","模态逻辑","形式语言、推理规则与语义条件","ontology","共享主题模块","概念定义、论证前提与反例","区分逻辑可能、理论设定和经验事实","用来支持结论的反例已经预设了有争议的前提","想象得出一个情形不独立证明它在理论上可能","北京大学哲学系：招生专业及方向 [学科范围]；北京大学逻辑学：研究生课程 [课程范围]","https://admission.pku.edu.cn/zsxx/lxszs/lxszyml/2026/ss/zsml_ss_lxs_cn_00023.pdf；https://logic.pku.edu.cn/rcpy/courses/yjskc/index.htm","2026-10-04","内容编辑与机制审核，未获逐方向专家签审"
"logic-studies-4","logic-studies","非经典逻辑","形式语言、推理规则与语义条件","logic","共享主题模块","形式语言、语义结构与推导树","分清语法推导与语义有效性，核对所用系统","一个规则从另一套逻辑系统借来，前提却没跟过来","在一套系统中成立不等于在所有逻辑中成立","北京大学逻辑学：研究生课程 [课程范围]","https://logic.pku.edu.cn/rcpy/courses/yjskc/index.htm","2026-10-04","内容编辑与机制审核，未获逐方向专家签审"
"logic-studies-5","logic-studies","论证理论","形式语言、推理规则与语义条件","logic","共享主题模块","形式语言、语义结构与推导树","分清语法推导与语义有效性，核对所用系统","一个规则从另一套逻辑系统借来，前提却没跟过来","在一套系统中成立不等于在所有逻辑中成立","北京大学逻辑学：研究生课程 [课程范围]","https://logic.pku.edu.cn/rcpy/courses/yjskc/index.htm","2026-10-04","内容编辑与机制审核，未获逐方向专家签审"
"logic-studies-6","logic-studies","逻辑史","形式语言、推理规则与语义条件","logic","共享主题模块","形式语言、语义结构与推导树","分清语法推导与语义有效性，核对所用系统","一个规则从另一套逻辑系统借来，前提却没跟过来","在一套系统中成立不等于在所有逻辑中成立","北京大学逻辑学：研究生课程 [课程范围]","https://logic.pku.edu.cn/rcpy/courses/yjskc/index.htm","2026-10-04","内容编辑与机制审核，未获逐方向专家签审"
"logic-studies-7","logic-studies","语义理论","形式语言、推理规则与语义条件","logic","共享主题模块","形式语言、语义结构与推导树","分清语法推导与语义有效性，核对所用系统","一个规则从另一套逻辑系统借来，前提却没跟过来","在一套系统中成立不等于在所有逻辑中成立","北京大学逻辑学：研究生课程 [课程范围]","https://logic.pku.edu.cn/rcpy/courses/yjskc/index.htm","2026-10-04","内容编辑与机制审核，未获逐方向专家签审"
"logic-studies-8","logic-studies","证明理论","形式语言、推理规则与语义条件","logic","共享主题模块","形式语言、语义结构与推导树","分清语法推导与语义有效性，核对所用系统","一个规则从另一套逻辑系统借来，前提却没跟过来","在一套系统中成立不等于在所有逻辑中成立","北京大学逻辑学：研究生课程 [课程范围]","https://logic.pku.edu.cn/rcpy/courses/yjskc/index.htm","2026-10-04","内容编辑与机制审核，未获逐方向专家签审"
"logic-studies-9","logic-studies","模型论","形式语言、推理规则与语义条件","logic","共享主题模块","形式语言、语义结构与推导树","分清语法推导与语义有效性，核对所用系统","一个规则从另一套逻辑系统借来，前提却没跟过来","在一套系统中成立不等于在所有逻辑中成立","北京大学逻辑学：研究生课程 [课程范围]","https://logic.pku.edu.cn/rcpy/courses/yjskc/index.htm","2026-10-04","内容编辑与机制审核，未获逐方向专家签审"
"logic-studies-10","logic-studies","计算逻辑","形式语言、推理规则与语义条件","logic","共享主题模块","形式语言、语义结构与推导树","分清语法推导与语义有效性，核对所用系统","一个规则从另一套逻辑系统借来，前提却没跟过来","在一套系统中成立不等于在所有逻辑中成立","北京大学逻辑学：研究生课程 [课程范围]","https://logic.pku.edu.cn/rcpy/courses/yjskc/index.htm","2026-10-04","内容编辑与机制审核，未获逐方向专家签审"
"logic-studies-11","logic-studies","规范逻辑","形式语言、推理规则与语义条件","logic","共享主题模块","形式语言、语义结构与推导树","分清语法推导与语义有效性，核对所用系统","一个规则从另一套逻辑系统借来，前提却没跟过来","在一套系统中成立不等于在所有逻辑中成立","北京大学逻辑学：研究生课程 [课程范围]","https://logic.pku.edu.cn/rcpy/courses/yjskc/index.htm","2026-10-04","内容编辑与机制审核，未获逐方向专家签审"
"logic-studies-12","logic-studies","逻辑教育","形式语言、推理规则与语义条件","education","共享主题模块","课堂目标、活动记录与学习过程材料","让任务、教学目标与评价对应，保留班级差异","换了老师也换了活动，改善却全归到工具上","课后高分不能独立证明某项教学设计有效","北京师范大学：课程与教学研究方向 [学科范围]","https://cter.bnu.edu.cn/docs/2024-05/e0d9749ec02e425eb45aa96fefdadc2a.pdf","2026-10-04","内容编辑与机制审核，未获逐方向专家签审"
"ethics-studies-1","ethics-studies","规范伦理","规范理由与经验陈述的区别","ethics","细分核对","利益冲突案例、行动者立场与规范理由","分别写出受益、负担和支持规范的理由","支持者人数被当成规范正当性的全部依据","偏好统计与规范证成回答不同问题","北京大学哲学系：招生专业及方向 [学科范围]","https://admission.pku.edu.cn/zsxx/lxszs/lxszyml/2026/ss/zsml_ss_lxs_cn_00023.pdf","2026-10-04","内容编辑与机制审核，未获逐方向专家签审"
"ethics-studies-2","ethics-studies","元伦理","规范理由与经验陈述的区别","ethics","细分核对","利益冲突案例、行动者立场与规范理由","分别写出受益、负担和支持规范的理由","支持者人数被当成规范正当性的全部依据","偏好统计与规范证成回答不同问题","北京大学哲学系：招生专业及方向 [学科范围]","https://admission.pku.edu.cn/zsxx/lxszs/lxszyml/2026/ss/zsml_ss_lxs_cn_00023.pdf","2026-10-04","内容编辑与机制审核，未获逐方向专家签审"
"ethics-studies-3","ethics-studies","应用伦理","规范理由与经验陈述的区别","ethics","细分核对","利益冲突案例、行动者立场与规范理由","分别写出受益、负担和支持规范的理由","支持者人数被当成规范正当性的全部依据","偏好统计与规范证成回答不同问题","北京大学哲学系：招生专业及方向 [学科范围]","https://admission.pku.edu.cn/zsxx/lxszs/lxszyml/2026/ss/zsml_ss_lxs_cn_00023.pdf","2026-10-04","内容编辑与机制审核，未获逐方向专家签审"
"ethics-studies-4","ethics-studies","生命伦理","规范理由与经验陈述的区别","ethics","细分核对","利益冲突案例、行动者立场与规范理由","分别写出受益、负担和支持规范的理由","支持者人数被当成规范正当性的全部依据","偏好统计与规范证成回答不同问题","北京大学哲学系：招生专业及方向 [学科范围]","https://admission.pku.edu.cn/zsxx/lxszs/lxszyml/2026/ss/zsml_ss_lxs_cn_00023.pdf","2026-10-04","内容编辑与机制审核，未获逐方向专家签审"
"ethics-studies-5","ethics-studies","技术伦理","规范理由与经验陈述的区别","ethics","细分核对","利益冲突案例、行动者立场与规范理由","分别写出受益、负担和支持规范的理由","支持者人数被当成规范正当性的全部依据","偏好统计与规范证成回答不同问题","北京大学哲学系：招生专业及方向 [学科范围]","https://admission.pku.edu.cn/zsxx/lxszs/lxszyml/2026/ss/zsml_ss_lxs_cn_00023.pdf","2026-10-04","内容编辑与机制审核，未获逐方向专家签审"
"ethics-studies-6","ethics-studies","环境伦理","规范理由与经验陈述的区别","ethics","细分核对","利益冲突案例、行动者立场与规范理由","分别写出受益、负担和支持规范的理由","支持者人数被当成规范正当性的全部依据","偏好统计与规范证成回答不同问题","北京大学哲学系：招生专业及方向 [学科范围]","https://admission.pku.edu.cn/zsxx/lxszs/lxszyml/2026/ss/zsml_ss_lxs_cn_00023.pdf","2026-10-04","内容编辑与机制审核，未获逐方向专家签审"
"ethics-studies-7","ethics-studies","职业伦理","规范理由与经验陈述的区别","ethics","细分核对","利益冲突案例、行动者立场与规范理由","分别写出受益、负担和支持规范的理由","支持者人数被当成规范正当性的全部依据","偏好统计与规范证成回答不同问题","北京大学哲学系：招生专业及方向 [学科范围]","https://admission.pku.edu.cn/zsxx/lxszs/lxszyml/2026/ss/zsml_ss_lxs_cn_00023.pdf","2026-10-04","内容编辑与机制审核，未获逐方向专家签审"
"ethics-studies-8","ethics-studies","公共伦理","规范理由与经验陈述的区别","ethics","细分核对","利益冲突案例、行动者立场与规范理由","分别写出受益、负担和支持规范的理由","支持者人数被当成规范正当性的全部依据","偏好统计与规范证成回答不同问题","北京大学哲学系：招生专业及方向 [学科范围]","https://admission.pku.edu.cn/zsxx/lxszs/lxszyml/2026/ss/zsml_ss_lxs_cn_00023.pdf","2026-10-04","内容编辑与机制审核，未获逐方向专家签审"
"ethics-studies-9","ethics-studies","道德心理哲学","规范理由与经验陈述的区别","ethics","细分核对","利益冲突案例、行动者立场与规范理由","分别写出受益、负担和支持规范的理由","支持者人数被当成规范正当性的全部依据","偏好统计与规范证成回答不同问题","北京大学哲学系：招生专业及方向 [学科范围]","https://admission.pku.edu.cn/zsxx/lxszs/lxszyml/2026/ss/zsml_ss_lxs_cn_00023.pdf","2026-10-04","内容编辑与机制审核，未获逐方向专家签审"
"ethics-studies-10","ethics-studies","伦理思想史","规范理由与经验陈述的区别","ethics","细分核对","利益冲突案例、行动者立场与规范理由","分别写出受益、负担和支持规范的理由","支持者人数被当成规范正当性的全部依据","偏好统计与规范证成回答不同问题","北京大学哲学系：招生专业及方向 [学科范围]","https://admission.pku.edu.cn/zsxx/lxszs/lxszyml/2026/ss/zsml_ss_lxs_cn_00023.pdf","2026-10-04","内容编辑与机制审核，未获逐方向专家签审"
"ethics-studies-11","ethics-studies","价值冲突","规范理由与经验陈述的区别","ethics","细分核对","利益冲突案例、行动者立场与规范理由","分别写出受益、负担和支持规范的理由","支持者人数被当成规范正当性的全部依据","偏好统计与规范证成回答不同问题","北京大学哲学系：招生专业及方向 [学科范围]","https://admission.pku.edu.cn/zsxx/lxszs/lxszyml/2026/ss/zsml_ss_lxs_cn_00023.pdf","2026-10-04","内容编辑与机制审核，未获逐方向专家签审"
"ethics-studies-12","ethics-studies","责任与行动","规范理由与经验陈述的区别","ethics","共享主题模块","价值理由、冲突案例与行动者立场","说明理由如何支持规范判断，检查反例是否公平","支持率最高的做法被写成道德上最正当","事实上的偏好不能独立推出应当如何行动","北京大学哲学系：招生专业及方向 [学科范围]","https://admission.pku.edu.cn/zsxx/lxszs/lxszyml/2026/ss/zsml_ss_lxs_cn_00023.pdf","2026-10-04","内容编辑与机制审核，未获逐方向专家签审"
"religion-studies-1","religion-studies","宗教史","文本、实践与历史语境","religion","细分核对","原典段落、注疏年代与译词对照","区分原典用法、后世注疏与现代重构","现代同一译词覆盖了两种不同的历史用法","译词相同不能证明概念或实践相同","北京大学哲学系：招生专业及方向 [学科范围]","https://admission.pku.edu.cn/zsxx/lxszs/lxszyml/2026/ss/zsml_ss_lxs_cn_00023.pdf","2026-10-04","内容编辑与机制审核，未获逐方向专家签审"
"religion-studies-2","religion-studies","宗教哲学","文本、实践与历史语境","religion","细分核对","原典段落、注疏年代与译词对照","区分原典用法、后世注疏与现代重构","现代同一译词覆盖了两种不同的历史用法","译词相同不能证明概念或实践相同","北京大学哲学系：招生专业及方向 [学科范围]","https://admission.pku.edu.cn/zsxx/lxszs/lxszyml/2026/ss/zsml_ss_lxs_cn_00023.pdf","2026-10-04","内容编辑与机制审核，未获逐方向专家签审"
"religion-studies-3","religion-studies","宗教社会学","文本、实践与历史语境","religion","细分核对","原典段落、注疏年代与译词对照","区分原典用法、后世注疏与现代重构","现代同一译词覆盖了两种不同的历史用法","译词相同不能证明概念或实践相同","北京大学哲学系：招生专业及方向 [学科范围]","https://admission.pku.edu.cn/zsxx/lxszs/lxszyml/2026/ss/zsml_ss_lxs_cn_00023.pdf","2026-10-04","内容编辑与机制审核，未获逐方向专家签审"
"religion-studies-4","religion-studies","宗教人类学","文本、实践与历史语境","religion","细分核对","原典段落、注疏年代与译词对照","区分原典用法、后世注疏与现代重构","现代同一译词覆盖了两种不同的历史用法","译词相同不能证明概念或实践相同","北京大学哲学系：招生专业及方向 [学科范围]","https://admission.pku.edu.cn/zsxx/lxszs/lxszyml/2026/ss/zsml_ss_lxs_cn_00023.pdf","2026-10-04","内容编辑与机制审核，未获逐方向专家签审"
"religion-studies-5","religion-studies","宗教文本","文本、实践与历史语境","religion","细分核对","原典段落、注疏年代与译词对照","区分原典用法、后世注疏与现代重构","现代同一译词覆盖了两种不同的历史用法","译词相同不能证明概念或实践相同","北京大学哲学系：招生专业及方向 [学科范围]","https://admission.pku.edu.cn/zsxx/lxszs/lxszyml/2026/ss/zsml_ss_lxs_cn_00023.pdf","2026-10-04","内容编辑与机制审核，未获逐方向专家签审"
"religion-studies-6","religion-studies","宗教艺术","文本、实践与历史语境","religion","细分核对","原典段落、注疏年代与译词对照","区分原典用法、后世注疏与现代重构","现代同一译词覆盖了两种不同的历史用法","译词相同不能证明概念或实践相同","北京大学哲学系：招生专业及方向 [学科范围]","https://admission.pku.edu.cn/zsxx/lxszs/lxszyml/2026/ss/zsml_ss_lxs_cn_00023.pdf","2026-10-04","内容编辑与机制审核，未获逐方向专家签审"
"religion-studies-7","religion-studies","仪式研究","文本、实践与历史语境","religion","共享主题模块","经文本、仪式语境与不同传统的释义","核对译词与历史语境，区分内部论证和外部描述","不同传统中相似的译词被当成同一概念","同名译词不能保证信仰实践和概念相同","北京大学哲学系：招生专业及方向 [学科范围]","https://admission.pku.edu.cn/zsxx/lxszs/lxszyml/2026/ss/zsml_ss_lxs_cn_00023.pdf","2026-10-04","内容编辑与机制审核，未获逐方向专家签审"
"religion-studies-8","religion-studies","比较宗教","文本、实践与历史语境","religion","细分核对","原典段落、注疏年代与译词对照","区分原典用法、后世注疏与现代重构","现代同一译词覆盖了两种不同的历史用法","译词相同不能证明概念或实践相同","北京大学哲学系：招生专业及方向 [学科范围]","https://admission.pku.edu.cn/zsxx/lxszs/lxszyml/2026/ss/zsml_ss_lxs_cn_00023.pdf","2026-10-04","内容编辑与机制审核，未获逐方向专家签审"
"religion-studies-9","religion-studies","宗教与现代性","文本、实践与历史语境","religion","细分核对","原典段落、注疏年代与译词对照","区分原典用法、后世注疏与现代重构","现代同一译词覆盖了两种不同的历史用法","译词相同不能证明概念或实践相同","北京大学哲学系：招生专业及方向 [学科范围]","https://admission.pku.edu.cn/zsxx/lxszs/lxszyml/2026/ss/zsml_ss_lxs_cn_00023.pdf","2026-10-04","内容编辑与机制审核，未获逐方向专家签审"
"religion-studies-10","religion-studies","宗教与地方社会","文本、实践与历史语境","religion","细分核对","原典段落、注疏年代与译词对照","区分原典用法、后世注疏与现代重构","现代同一译词覆盖了两种不同的历史用法","译词相同不能证明概念或实践相同","北京大学哲学系：招生专业及方向 [学科范围]","https://admission.pku.edu.cn/zsxx/lxszs/lxszyml/2026/ss/zsml_ss_lxs_cn_00023.pdf","2026-10-04","内容编辑与机制审核，未获逐方向专家签审"
"religion-studies-11","religion-studies","宗教与伦理","文本、实践与历史语境","religion","细分核对","原典段落、注疏年代与译词对照","区分原典用法、后世注疏与现代重构","现代同一译词覆盖了两种不同的历史用法","译词相同不能证明概念或实践相同","北京大学哲学系：招生专业及方向 [学科范围]","https://admission.pku.edu.cn/zsxx/lxszs/lxszyml/2026/ss/zsml_ss_lxs_cn_00023.pdf","2026-10-04","内容编辑与机制审核，未获逐方向专家签审"
"religion-studies-12","religion-studies","宗教数字资料","文本、实践与历史语境","religion","细分核对","原典段落、注疏年代与译词对照","区分原典用法、后世注疏与现代重构","现代同一译词覆盖了两种不同的历史用法","译词相同不能证明概念或实践相同","北京大学哲学系：招生专业及方向 [学科范围]","https://admission.pku.edu.cn/zsxx/lxszs/lxszyml/2026/ss/zsml_ss_lxs_cn_00023.pdf","2026-10-04","内容编辑与机制审核，未获逐方向专家签审"
"economic-theory-1","economic-theory","微观理论","模型均衡、假设与行为资料","game-theory","共享主题模块","参与者信息、策略集合与均衡条件","说明信息何时可见，核对解的条件","推导时让参与者知道了模型原本没有提供的信息","一个均衡存在不保证现实一定出现该结果","北京大学经济学院：学科专业 [学科范围]","https://econ.pku.edu.cn/xkzy/index.htm","2026-10-04","内容编辑与机制审核，未获逐方向专家签审"
"economic-theory-2","economic-theory","宏观理论","模型均衡、假设与行为资料","macro","共享主题模块","统计修订版本、时期与总量口径","区分名义变化、实际变化与统计修订","历史序列修订后被当成当时就可见的数据","后来的修订资料不能倒填进当时的信息集","北京大学经济学院：学科专业 [学科范围]","https://econ.pku.edu.cn/xkzy/index.htm","2026-10-04","内容编辑与机制审核，未获逐方向专家签审"
"economic-theory-3","economic-theory","博弈论","模型均衡、假设与行为资料","game-theory","共享主题模块","参与者信息、策略集合与均衡条件","说明信息何时可见，核对解的条件","推导时让参与者知道了模型原本没有提供的信息","一个均衡存在不保证现实一定出现该结果","北京大学经济学院：学科专业 [学科范围]","https://econ.pku.edu.cn/xkzy/index.htm","2026-10-04","内容编辑与机制审核，未获逐方向专家签审"
"economic-theory-4","economic-theory","信息经济","模型均衡、假设与行为资料","game-theory","共享主题模块","参与者信息、策略集合与均衡条件","说明信息何时可见，核对解的条件","推导时让参与者知道了模型原本没有提供的信息","一个均衡存在不保证现实一定出现该结果","北京大学经济学院：学科专业 [学科范围]","https://econ.pku.edu.cn/xkzy/index.htm","2026-10-04","内容编辑与机制审核，未获逐方向专家签审"
"economic-theory-5","economic-theory","行为经济","模型均衡、假设与行为资料","economics","共享主题模块","分配规则、样本来源与比较组记录","核对选择过程与政策时点，区分描述和识别","参与者原本就与未参与者不同","相关关系不能直接写成政策因果效果","北京大学经济学院：学科专业 [学科范围]","https://econ.pku.edu.cn/xkzy/index.htm","2026-10-04","内容编辑与机制审核，未获逐方向专家签审"
"economic-theory-6","economic-theory","实验经济","模型均衡、假设与行为资料","economics","共享主题模块","分配规则、样本来源与比较组记录","核对选择过程与政策时点，区分描述和识别","参与者原本就与未参与者不同","相关关系不能直接写成政策因果效果","北京大学经济学院：学科专业 [学科范围]","https://econ.pku.edu.cn/xkzy/index.htm","2026-10-04","内容编辑与机制审核，未获逐方向专家签审"
"economic-theory-7","economic-theory","制度经济","模型均衡、假设与行为资料","economics","共享主题模块","分配规则、样本来源与比较组记录","核对选择过程与政策时点，区分描述和识别","参与者原本就与未参与者不同","相关关系不能直接写成政策因果效果","北京大学经济学院：学科专业 [学科范围]","https://econ.pku.edu.cn/xkzy/index.htm","2026-10-04","内容编辑与机制审核，未获逐方向专家签审"
"economic-theory-8","economic-theory","政治经济","模型均衡、假设与行为资料","economics","共享主题模块","分配规则、样本来源与比较组记录","核对选择过程与政策时点，区分描述和识别","参与者原本就与未参与者不同","相关关系不能直接写成政策因果效果","北京大学经济学院：学科专业 [学科范围]","https://econ.pku.edu.cn/xkzy/index.htm","2026-10-04","内容编辑与机制审核，未获逐方向专家签审"
"economic-theory-9","economic-theory","经济思想史","模型均衡、假设与行为资料","economics","共享主题模块","分配规则、样本来源与比较组记录","核对选择过程与政策时点，区分描述和识别","参与者原本就与未参与者不同","相关关系不能直接写成政策因果效果","北京大学经济学院：学科专业 [学科范围]","https://econ.pku.edu.cn/xkzy/index.htm","2026-10-04","内容编辑与机制审核，未获逐方向专家签审"
"economic-theory-10","economic-theory","不确定性决策","模型均衡、假设与行为资料","economics","共享主题模块","分配规则、样本来源与比较组记录","核对选择过程与政策时点，区分描述和识别","参与者原本就与未参与者不同","相关关系不能直接写成政策因果效果","北京大学经济学院：学科专业 [学科范围]","https://econ.pku.edu.cn/xkzy/index.htm","2026-10-04","内容编辑与机制审核，未获逐方向专家签审"
"economic-theory-11","economic-theory","匹配与市场设计","模型均衡、假设与行为资料","optimization","共享主题模块","目标函数、可行约束与对照方案","先确认可行性，再比较目标值与资源取舍","目标值更好的一组其实放宽了约束","目标更优不等于在同一约束下更优","MIT开放课程：实分析与证明训练 [基础方法课程]；清华统计与数据科学：科研领域 [学科范围]","https://www.ocw.mit.edu/courses/18-100c-real-analysis-fall-2012/；https://www.stat.tsinghua.edu.cn/kxyj/kylyy.htm","2026-10-04","内容编辑与机制审核，未获逐方向专家签审"
"economic-theory-12","economic-theory","经济网络","模型均衡、假设与行为资料","game-theory","共享主题模块","参与者信息、策略集合与均衡条件","说明信息何时可见，核对解的条件","推导时让参与者知道了模型原本没有提供的信息","一个均衡存在不保证现实一定出现该结果","北京大学经济学院：学科专业 [学科范围]","https://econ.pku.edu.cn/xkzy/index.htm","2026-10-04","内容编辑与机制审核，未获逐方向专家签审"
"development-econ-1","development-econ","发展经济","政策分配、样本范围与识别条件","macro","共享主题模块","统计修订版本、时期与总量口径","区分名义变化、实际变化与统计修订","历史序列修订后被当成当时就可见的数据","后来的修订资料不能倒填进当时的信息集","北京大学经济学院：学科专业 [学科范围]","https://econ.pku.edu.cn/xkzy/index.htm","2026-10-04","内容编辑与机制审核，未获逐方向专家签审"
"development-econ-2","development-econ","劳动市场","政策分配、样本范围与识别条件","labor","细分核对","就业状态、退出者记录与工时收入分布","把是否就业、工时和时薪三个变化分开","平均收入上涨来自低收入者退出样本","留在就业中的人不能代表所有受影响者","北京大学经济学院：学科专业 [学科范围]","https://econ.pku.edu.cn/xkzy/index.htm","2026-10-04","内容编辑与机制审核，未获逐方向专家签审"
"development-econ-3","development-econ","教育经济","政策分配、样本范围与识别条件","education","细分核对","就业状态、退出者记录与工时收入分布","把是否就业、工时和时薪三个变化分开","平均收入上涨来自低收入者退出样本","留在就业中的人不能代表所有受影响者","北京师范大学：课程与教学研究方向 [学科范围]","https://cter.bnu.edu.cn/docs/2024-05/e0d9749ec02e425eb45aa96fefdadc2a.pdf","2026-10-04","内容编辑与机制审核，未获逐方向专家签审"
"development-econ-4","development-econ","人口经济","政策分配、样本范围与识别条件","economics","共享主题模块","分配规则、样本来源与比较组记录","核对选择过程与政策时点，区分描述和识别","参与者原本就与未参与者不同","相关关系不能直接写成政策因果效果","北京大学经济学院：学科专业 [学科范围]","https://econ.pku.edu.cn/xkzy/index.htm","2026-10-04","内容编辑与机制审核，未获逐方向专家签审"
"development-econ-5","development-econ","城乡发展","政策分配、样本范围与识别条件","economics","共享主题模块","分配规则、样本来源与比较组记录","核对选择过程与政策时点，区分描述和识别","参与者原本就与未参与者不同","相关关系不能直接写成政策因果效果","北京大学经济学院：学科专业 [学科范围]","https://econ.pku.edu.cn/xkzy/index.htm","2026-10-04","内容编辑与机制审核，未获逐方向专家签审"
"development-econ-6","development-econ","迁移与收入","政策分配、样本范围与识别条件","labor","细分核对","就业状态、退出者记录与工时收入分布","把是否就业、工时和时薪三个变化分开","平均收入上涨来自低收入者退出样本","留在就业中的人不能代表所有受影响者","北京大学经济学院：学科专业 [学科范围]","https://econ.pku.edu.cn/xkzy/index.htm","2026-10-04","内容编辑与机制审核，未获逐方向专家签审"
"development-econ-7","development-econ","贫困与不平等","政策分配、样本范围与识别条件","labor","共享主题模块","劳动参与、工作时长与来源样本","分开是否就业、收入和时长，检查样本进入方式","只比较仍有工作的人，退出者被完全遗漏","就业者之间的差异不能代表所有人的政策效果","北京大学经济学院：学科专业 [学科范围]","https://econ.pku.edu.cn/xkzy/index.htm","2026-10-04","内容编辑与机制审核，未获逐方向专家签审"
"development-econ-8","development-econ","家庭经济","政策分配、样本范围与识别条件","economics","共享主题模块","分配规则、样本来源与比较组记录","核对选择过程与政策时点，区分描述和识别","参与者原本就与未参与者不同","相关关系不能直接写成政策因果效果","北京大学经济学院：学科专业 [学科范围]","https://econ.pku.edu.cn/xkzy/index.htm","2026-10-04","内容编辑与机制审核，未获逐方向专家签审"
"development-econ-9","development-econ","健康与劳动","政策分配、样本范围与识别条件","labor","细分核对","就业状态、退出者记录与工时收入分布","把是否就业、工时和时薪三个变化分开","平均收入上涨来自低收入者退出样本","留在就业中的人不能代表所有受影响者","北京大学经济学院：学科专业 [学科范围]","https://econ.pku.edu.cn/xkzy/index.htm","2026-10-04","内容编辑与机制审核，未获逐方向专家签审"
"development-econ-10","development-econ","职业流动","政策分配、样本范围与识别条件","labor","共享主题模块","劳动参与、工作时长与来源样本","分开是否就业、收入和时长，检查样本进入方式","只比较仍有工作的人，退出者被完全遗漏","就业者之间的差异不能代表所有人的政策效果","北京大学经济学院：学科专业 [学科范围]","https://econ.pku.edu.cn/xkzy/index.htm","2026-10-04","内容编辑与机制审核，未获逐方向专家签审"
"development-econ-11","development-econ","区域发展","政策分配、样本范围与识别条件","economics","共享主题模块","分配规则、样本来源与比较组记录","核对选择过程与政策时点，区分描述和识别","参与者原本就与未参与者不同","相关关系不能直接写成政策因果效果","北京大学经济学院：学科专业 [学科范围]","https://econ.pku.edu.cn/xkzy/index.htm","2026-10-04","内容编辑与机制审核，未获逐方向专家签审"
"development-econ-12","development-econ","政策评价","政策分配、样本范围与识别条件","labor","共享主题模块","劳动参与、工作时长与来源样本","分开是否就业、收入和时长，检查样本进入方式","只比较仍有工作的人，退出者被完全遗漏","就业者之间的差异不能代表所有人的政策效果","北京大学经济学院：学科专业 [学科范围]","https://econ.pku.edu.cn/xkzy/index.htm","2026-10-04","内容编辑与机制审核，未获逐方向专家签审"
"finance-studies-1","finance-studies","资产定价","信息时间、风险口径与评价样本","asset-pricing","细分核对","信息发布时间、交易成本与收益区间","只使用决策当时可见的信息比较净表现","修订后的历史数据进入了事前预测","回看拟合与可执行预测需要分别评价","北京大学经济学院：学科专业 [学科范围]","https://econ.pku.edu.cn/xkzy/index.htm","2026-10-04","内容编辑与机制审核，未获逐方向专家签审"
"finance-studies-2","finance-studies","公司金融","信息时间、风险口径与评价样本","finance","细分核对","信息发布时间、交易成本与收益区间","只使用决策当时可见的信息比较净表现","修订后的历史数据进入了事前预测","回看拟合与可执行预测需要分别评价","北京大学经济学院：学科专业 [学科范围]；浙江大学管理学院：研究介绍 [学科范围]","https://econ.pku.edu.cn/xkzy/index.htm；https://www.som.zju.edu.cn/2025/0506/c63512a3045953/page.htm","2026-10-04","内容编辑与机制审核，未获逐方向专家签审"
"finance-studies-3","finance-studies","金融市场","信息时间、风险口径与评价样本","economics","细分核对","信息发布时间、交易成本与收益区间","只使用决策当时可见的信息比较净表现","修订后的历史数据进入了事前预测","回看拟合与可执行预测需要分别评价","北京大学经济学院：学科专业 [学科范围]","https://econ.pku.edu.cn/xkzy/index.htm","2026-10-04","内容编辑与机制审核，未获逐方向专家签审"
"finance-studies-4","finance-studies","银行研究","信息时间、风险口径与评价样本","finance","共享主题模块","信息发布时间、风险口径与会计定义","对齐信息可获得时间，保留口径变化","评价用了当时尚未公开的信息","回看表现不等于事前决策能达到同样结果","北京大学经济学院：学科专业 [学科范围]；浙江大学管理学院：研究介绍 [学科范围]","https://econ.pku.edu.cn/xkzy/index.htm；https://www.som.zju.edu.cn/2025/0506/c63512a3045953/page.htm","2026-10-04","内容编辑与机制审核，未获逐方向专家签审"
"finance-studies-5","finance-studies","保险经济","信息时间、风险口径与评价样本","economics","细分核对","投保选择、赔付时点与删失记录","区分风险进入、赔付发展与观察不足","尚未报出的赔付被记作最终没有赔付","当前报出金额不等于最终赔付","北京大学经济学院：学科专业 [学科范围]","https://econ.pku.edu.cn/xkzy/index.htm","2026-10-04","内容编辑与机制审核，未获逐方向专家签审"
"finance-studies-6","finance-studies","风险度量","信息时间、风险口径与评价样本","asset-pricing","细分核对","信息发布时间、交易成本与收益区间","只使用决策当时可见的信息比较净表现","修订后的历史数据进入了事前预测","回看拟合与可执行预测需要分别评价","北京大学经济学院：学科专业 [学科范围]","https://econ.pku.edu.cn/xkzy/index.htm","2026-10-04","内容编辑与机制审核，未获逐方向专家签审"
"finance-studies-7","finance-studies","金融计量","信息时间、风险口径与评价样本","asset-pricing","细分核对","信息发布时间、交易成本与收益区间","只使用决策当时可见的信息比较净表现","修订后的历史数据进入了事前预测","回看拟合与可执行预测需要分别评价","北京大学经济学院：学科专业 [学科范围]","https://econ.pku.edu.cn/xkzy/index.htm","2026-10-04","内容编辑与机制审核，未获逐方向专家签审"
"finance-studies-8","finance-studies","行为金融","信息时间、风险口径与评价样本","finance","细分核对","信息发布时间、交易成本与收益区间","只使用决策当时可见的信息比较净表现","修订后的历史数据进入了事前预测","回看拟合与可执行预测需要分别评价","北京大学经济学院：学科专业 [学科范围]；浙江大学管理学院：研究介绍 [学科范围]","https://econ.pku.edu.cn/xkzy/index.htm；https://www.som.zju.edu.cn/2025/0506/c63512a3045953/page.htm","2026-10-04","内容编辑与机制审核，未获逐方向专家签审"
"finance-studies-9","finance-studies","金融科技","信息时间、风险口径与评价样本","finance","细分核对","信息发布时间、交易成本与收益区间","只使用决策当时可见的信息比较净表现","修订后的历史数据进入了事前预测","回看拟合与可执行预测需要分别评价","北京大学经济学院：学科专业 [学科范围]；浙江大学管理学院：研究介绍 [学科范围]","https://econ.pku.edu.cn/xkzy/index.htm；https://www.som.zju.edu.cn/2025/0506/c63512a3045953/page.htm","2026-10-04","内容编辑与机制审核，未获逐方向专家签审"
"finance-studies-10","finance-studies","国际金融","信息时间、风险口径与评价样本","finance","细分核对","信息发布时间、交易成本与收益区间","只使用决策当时可见的信息比较净表现","修订后的历史数据进入了事前预测","回看拟合与可执行预测需要分别评价","北京大学经济学院：学科专业 [学科范围]；浙江大学管理学院：研究介绍 [学科范围]","https://econ.pku.edu.cn/xkzy/index.htm；https://www.som.zju.edu.cn/2025/0506/c63512a3045953/page.htm","2026-10-04","内容编辑与机制审核，未获逐方向专家签审"
"finance-studies-11","finance-studies","家庭金融","信息时间、风险口径与评价样本","economics","细分核对","信息发布时间、交易成本与收益区间","只使用决策当时可见的信息比较净表现","修订后的历史数据进入了事前预测","回看拟合与可执行预测需要分别评价","北京大学经济学院：学科专业 [学科范围]","https://econ.pku.edu.cn/xkzy/index.htm","2026-10-04","内容编辑与机制审核，未获逐方向专家签审"
"finance-studies-12","finance-studies","金融史","信息时间、风险口径与评价样本","finance","细分核对","信息发布时间、交易成本与收益区间","只使用决策当时可见的信息比较净表现","修订后的历史数据进入了事前预测","回看拟合与可执行预测需要分别评价","北京大学经济学院：学科专业 [学科范围]；浙江大学管理学院：研究介绍 [学科范围]","https://econ.pku.edu.cn/xkzy/index.htm；https://www.som.zju.edu.cn/2025/0506/c63512a3045953/page.htm","2026-10-04","内容编辑与机制审核，未获逐方向专家签审"
"trade-econ-1","trade-econ","国际贸易","企业层次、市场范围与比较条件","economics","细分核对","贸易流向、价格数量与行业进入退出记录","区分价格变化、数量变化与企业构成变化","出口金额增长被直接当成实物产量增长","名义金额不能独立说明实际贸易量","北京大学经济学院：学科专业 [学科范围]","https://econ.pku.edu.cn/xkzy/index.htm","2026-10-04","内容编辑与机制审核，未获逐方向专家签审"
"trade-econ-2","trade-econ","国际投资","企业层次、市场范围与比较条件","finance","细分核对","贸易流向、价格数量与行业进入退出记录","区分价格变化、数量变化与企业构成变化","出口金额增长被直接当成实物产量增长","名义金额不能独立说明实际贸易量","北京大学经济学院：学科专业 [学科范围]；浙江大学管理学院：研究介绍 [学科范围]","https://econ.pku.edu.cn/xkzy/index.htm；https://www.som.zju.edu.cn/2025/0506/c63512a3045953/page.htm","2026-10-04","内容编辑与机制审核，未获逐方向专家签审"
"trade-econ-3","trade-econ","产业组织","企业层次、市场范围与比较条件","economics","细分核对","贸易流向、价格数量与行业进入退出记录","区分价格变化、数量变化与企业构成变化","出口金额增长被直接当成实物产量增长","名义金额不能独立说明实际贸易量","北京大学经济学院：学科专业 [学科范围]","https://econ.pku.edu.cn/xkzy/index.htm","2026-10-04","内容编辑与机制审核，未获逐方向专家签审"
"trade-econ-4","trade-econ","企业生产率","企业层次、市场范围与比较条件","economics","共享主题模块","分配规则、样本来源与比较组记录","核对选择过程与政策时点，区分描述和识别","参与者原本就与未参与者不同","相关关系不能直接写成政策因果效果","北京大学经济学院：学科专业 [学科范围]","https://econ.pku.edu.cn/xkzy/index.htm","2026-10-04","内容编辑与机制审核，未获逐方向专家签审"
"trade-econ-5","trade-econ","全球价值链","企业层次、市场范围与比较条件","economics","共享主题模块","分配规则、样本来源与比较组记录","核对选择过程与政策时点，区分描述和识别","参与者原本就与未参与者不同","相关关系不能直接写成政策因果效果","北京大学经济学院：学科专业 [学科范围]","https://econ.pku.edu.cn/xkzy/index.htm","2026-10-04","内容编辑与机制审核，未获逐方向专家签审"
"trade-econ-6","trade-econ","数字贸易","企业层次、市场范围与比较条件","economics","细分核对","贸易流向、价格数量与行业进入退出记录","区分价格变化、数量变化与企业构成变化","出口金额增长被直接当成实物产量增长","名义金额不能独立说明实际贸易量","北京大学经济学院：学科专业 [学科范围]","https://econ.pku.edu.cn/xkzy/index.htm","2026-10-04","内容编辑与机制审核，未获逐方向专家签审"
"trade-econ-7","trade-econ","服务贸易","企业层次、市场范围与比较条件","economics","细分核对","贸易流向、价格数量与行业进入退出记录","区分价格变化、数量变化与企业构成变化","出口金额增长被直接当成实物产量增长","名义金额不能独立说明实际贸易量","北京大学经济学院：学科专业 [学科范围]","https://econ.pku.edu.cn/xkzy/index.htm","2026-10-04","内容编辑与机制审核，未获逐方向专家签审"
"trade-econ-8","trade-econ","竞争与监管","企业层次、市场范围与比较条件","economics","共享主题模块","分配规则、样本来源与比较组记录","核对选择过程与政策时点，区分描述和识别","参与者原本就与未参与者不同","相关关系不能直接写成政策因果效果","北京大学经济学院：学科专业 [学科范围]","https://econ.pku.edu.cn/xkzy/index.htm","2026-10-04","内容编辑与机制审核，未获逐方向专家签审"
"trade-econ-9","trade-econ","技术创新","企业层次、市场范围与比较条件","economics","共享主题模块","分配规则、样本来源与比较组记录","核对选择过程与政策时点，区分描述和识别","参与者原本就与未参与者不同","相关关系不能直接写成政策因果效果","北京大学经济学院：学科专业 [学科范围]","https://econ.pku.edu.cn/xkzy/index.htm","2026-10-04","内容编辑与机制审核，未获逐方向专家签审"
"trade-econ-10","trade-econ","产业转型","企业层次、市场范围与比较条件","economics","细分核对","贸易流向、价格数量与行业进入退出记录","区分价格变化、数量变化与企业构成变化","出口金额增长被直接当成实物产量增长","名义金额不能独立说明实际贸易量","北京大学经济学院：学科专业 [学科范围]","https://econ.pku.edu.cn/xkzy/index.htm","2026-10-04","内容编辑与机制审核，未获逐方向专家签审"
"trade-econ-11","trade-econ","贸易史","企业层次、市场范围与比较条件","economics","细分核对","贸易流向、价格数量与行业进入退出记录","区分价格变化、数量变化与企业构成变化","出口金额增长被直接当成实物产量增长","名义金额不能独立说明实际贸易量","北京大学经济学院：学科专业 [学科范围]","https://econ.pku.edu.cn/xkzy/index.htm","2026-10-04","内容编辑与机制审核，未获逐方向专家签审"
"trade-econ-12","trade-econ","开放与就业","企业层次、市场范围与比较条件","labor","共享主题模块","劳动参与、工作时长与来源样本","分开是否就业、收入和时长，检查样本进入方式","只比较仍有工作的人，退出者被完全遗漏","就业者之间的差异不能代表所有人的政策效果","北京大学经济学院：学科专业 [学科范围]","https://econ.pku.edu.cn/xkzy/index.htm","2026-10-04","内容编辑与机制审核，未获逐方向专家签审"
"resource-econ-1","resource-econ","财政与税收","评价边界、资源取舍与受益差异","economics","细分核对","税前税后价格、纳税主体与消费构成","分开法定纳税义务与实际经济负担","谁缴税被直接写成谁承担全部成本","税负归宿需要价格和行为证据","北京大学经济学院：学科专业 [学科范围]","https://econ.pku.edu.cn/xkzy/index.htm","2026-10-04","内容编辑与机制审核，未获逐方向专家签审"
"resource-econ-2","resource-econ","公共支出","评价边界、资源取舍与受益差异","economics","共享主题模块","分配规则、样本来源与比较组记录","核对选择过程与政策时点，区分描述和识别","参与者原本就与未参与者不同","相关关系不能直接写成政策因果效果","北京大学经济学院：学科专业 [学科范围]","https://econ.pku.edu.cn/xkzy/index.htm","2026-10-04","内容编辑与机制审核，未获逐方向专家签审"
"resource-econ-3","resource-econ","环境经济","评价边界、资源取舍与受益差异","economics","共享主题模块","分配规则、样本来源与比较组记录","核对选择过程与政策时点，区分描述和识别","参与者原本就与未参与者不同","相关关系不能直接写成政策因果效果","北京大学经济学院：学科专业 [学科范围]","https://econ.pku.edu.cn/xkzy/index.htm","2026-10-04","内容编辑与机制审核，未获逐方向专家签审"
"resource-econ-4","resource-econ","资源经济","评价边界、资源取舍与受益差异","economics","共享主题模块","分配规则、样本来源与比较组记录","核对选择过程与政策时点，区分描述和识别","参与者原本就与未参与者不同","相关关系不能直接写成政策因果效果","北京大学经济学院：学科专业 [学科范围]","https://econ.pku.edu.cn/xkzy/index.htm","2026-10-04","内容编辑与机制审核，未获逐方向专家签审"
"resource-econ-5","resource-econ","能源经济","评价边界、资源取舍与受益差异","economics","共享主题模块","分配规则、样本来源与比较组记录","核对选择过程与政策时点，区分描述和识别","参与者原本就与未参与者不同","相关关系不能直接写成政策因果效果","北京大学经济学院：学科专业 [学科范围]","https://econ.pku.edu.cn/xkzy/index.htm","2026-10-04","内容编辑与机制审核，未获逐方向专家签审"
"resource-econ-6","resource-econ","农业经济","评价边界、资源取舍与受益差异","economics","共享主题模块","分配规则、样本来源与比较组记录","核对选择过程与政策时点，区分描述和识别","参与者原本就与未参与者不同","相关关系不能直接写成政策因果效果","北京大学经济学院：学科专业 [学科范围]","https://econ.pku.edu.cn/xkzy/index.htm","2026-10-04","内容编辑与机制审核，未获逐方向专家签审"
"resource-econ-7","resource-econ","城市经济","评价边界、资源取舍与受益差异","economics","共享主题模块","分配规则、样本来源与比较组记录","核对选择过程与政策时点，区分描述和识别","参与者原本就与未参与者不同","相关关系不能直接写成政策因果效果","北京大学经济学院：学科专业 [学科范围]","https://econ.pku.edu.cn/xkzy/index.htm","2026-10-04","内容编辑与机制审核，未获逐方向专家签审"
"resource-econ-8","resource-econ","交通经济","评价边界、资源取舍与受益差异","economics","共享主题模块","分配规则、样本来源与比较组记录","核对选择过程与政策时点，区分描述和识别","参与者原本就与未参与者不同","相关关系不能直接写成政策因果效果","北京大学经济学院：学科专业 [学科范围]","https://econ.pku.edu.cn/xkzy/index.htm","2026-10-04","内容编辑与机制审核，未获逐方向专家签审"
"resource-econ-9","resource-econ","气候政策评价","评价边界、资源取舍与受益差异","economics","共享主题模块","分配规则、样本来源与比较组记录","核对选择过程与政策时点，区分描述和识别","参与者原本就与未参与者不同","相关关系不能直接写成政策因果效果","北京大学经济学院：学科专业 [学科范围]","https://econ.pku.edu.cn/xkzy/index.htm","2026-10-04","内容编辑与机制审核，未获逐方向专家签审"
"resource-econ-10","resource-econ","公共服务需求","评价边界、资源取舍与受益差异","economics","共享主题模块","分配规则、样本来源与比较组记录","核对选择过程与政策时点，区分描述和识别","参与者原本就与未参与者不同","相关关系不能直接写成政策因果效果","北京大学经济学院：学科专业 [学科范围]","https://econ.pku.edu.cn/xkzy/index.htm","2026-10-04","内容编辑与机制审核，未获逐方向专家签审"
"resource-econ-11","resource-econ","外部性研究","评价边界、资源取舍与受益差异","economics","共享主题模块","分配规则、样本来源与比较组记录","核对选择过程与政策时点，区分描述和识别","参与者原本就与未参与者不同","相关关系不能直接写成政策因果效果","北京大学经济学院：学科专业 [学科范围]","https://econ.pku.edu.cn/xkzy/index.htm","2026-10-04","内容编辑与机制审核，未获逐方向专家签审"
"resource-econ-12","resource-econ","公共选择","评价边界、资源取舍与受益差异","economics","共享主题模块","分配规则、样本来源与比较组记录","核对选择过程与政策时点，区分描述和识别","参与者原本就与未参与者不同","相关关系不能直接写成政策因果效果","北京大学经济学院：学科专业 [学科范围]","https://econ.pku.edu.cn/xkzy/index.htm","2026-10-04","内容编辑与机制审核，未获逐方向专家签审"
"civil-law-1","civil-law","民法总论","事实关系、规范效力与适用范围","law","细分核对","约定条款、履行时间线与争议事实","分开条款解释、效力判断与履行事实","存在约定被当成约定在所有情境下有效","约定内容不独立解决效力和适用范围","北京大学法学院：培养方向 [学科范围]","https://www.law.pku.edu.cn/xwzx/ggtz/zsjx/870508d182464f118ae55b9473a4c4f3.htm","2026-10-04","内容编辑与机制审核，未获逐方向专家签审"
"civil-law-2","civil-law","合同法","事实关系、规范效力与适用范围","law","细分核对","约定条款、履行时间线与争议事实","分开条款解释、效力判断与履行事实","存在约定被当成约定在所有情境下有效","约定内容不独立解决效力和适用范围","北京大学法学院：培养方向 [学科范围]","https://www.law.pku.edu.cn/xwzx/ggtz/zsjx/870508d182464f118ae55b9473a4c4f3.htm","2026-10-04","内容编辑与机制审核，未获逐方向专家签审"
"civil-law-3","civil-law","物权法","事实关系、规范效力与适用范围","law","共享主题模块","规范版本、案件事实与裁判理由","区分效力、事实认定与规范推论","援引的条文版本与案例发生时期不对应","案例数量不能独立证明规范应如何解释","北京大学法学院：培养方向 [学科范围]","https://www.law.pku.edu.cn/xwzx/ggtz/zsjx/870508d182464f118ae55b9473a4c4f3.htm","2026-10-04","内容编辑与机制审核，未获逐方向专家签审"
"civil-law-4","civil-law","侵权责任","事实关系、规范效力与适用范围","law","共享主题模块","规范版本、案件事实与裁判理由","区分效力、事实认定与规范推论","援引的条文版本与案例发生时期不对应","案例数量不能独立证明规范应如何解释","北京大学法学院：培养方向 [学科范围]","https://www.law.pku.edu.cn/xwzx/ggtz/zsjx/870508d182464f118ae55b9473a4c4f3.htm","2026-10-04","内容编辑与机制审核，未获逐方向专家签审"
"civil-law-5","civil-law","公司法","事实关系、规范效力与适用范围","law","细分核对","约定条款、履行时间线与争议事实","分开条款解释、效力判断与履行事实","存在约定被当成约定在所有情境下有效","约定内容不独立解决效力和适用范围","北京大学法学院：培养方向 [学科范围]","https://www.law.pku.edu.cn/xwzx/ggtz/zsjx/870508d182464f118ae55b9473a4c4f3.htm","2026-10-04","内容编辑与机制审核，未获逐方向专家签审"
"civil-law-6","civil-law","证券法研究","事实关系、规范效力与适用范围","law","共享主题模块","规范版本、案件事实与裁判理由","区分效力、事实认定与规范推论","援引的条文版本与案例发生时期不对应","案例数量不能独立证明规范应如何解释","北京大学法学院：培养方向 [学科范围]","https://www.law.pku.edu.cn/xwzx/ggtz/zsjx/870508d182464f118ae55b9473a4c4f3.htm","2026-10-04","内容编辑与机制审核，未获逐方向专家签审"
"civil-law-7","civil-law","破产法","事实关系、规范效力与适用范围","law","共享主题模块","规范版本、案件事实与裁判理由","区分效力、事实认定与规范推论","援引的条文版本与案例发生时期不对应","案例数量不能独立证明规范应如何解释","北京大学法学院：培养方向 [学科范围]","https://www.law.pku.edu.cn/xwzx/ggtz/zsjx/870508d182464f118ae55b9473a4c4f3.htm","2026-10-04","内容编辑与机制审核，未获逐方向专家签审"
"civil-law-8","civil-law","保险法研究","事实关系、规范效力与适用范围","law","共享主题模块","规范版本、案件事实与裁判理由","区分效力、事实认定与规范推论","援引的条文版本与案例发生时期不对应","案例数量不能独立证明规范应如何解释","北京大学法学院：培养方向 [学科范围]","https://www.law.pku.edu.cn/xwzx/ggtz/zsjx/870508d182464f118ae55b9473a4c4f3.htm","2026-10-04","内容编辑与机制审核，未获逐方向专家签审"
"civil-law-9","civil-law","知识产权","事实关系、规范效力与适用范围","law","共享主题模块","规范版本、案件事实与裁判理由","区分效力、事实认定与规范推论","援引的条文版本与案例发生时期不对应","案例数量不能独立证明规范应如何解释","北京大学法学院：培养方向 [学科范围]","https://www.law.pku.edu.cn/xwzx/ggtz/zsjx/870508d182464f118ae55b9473a4c4f3.htm","2026-10-04","内容编辑与机制审核，未获逐方向专家签审"
"civil-law-10","civil-law","家庭与继承","事实关系、规范效力与适用范围","law","共享主题模块","规范版本、案件事实与裁判理由","区分效力、事实认定与规范推论","援引的条文版本与案例发生时期不对应","案例数量不能独立证明规范应如何解释","北京大学法学院：培养方向 [学科范围]","https://www.law.pku.edu.cn/xwzx/ggtz/zsjx/870508d182464f118ae55b9473a4c4f3.htm","2026-10-04","内容编辑与机制审核，未获逐方向专家签审"
"civil-law-11","civil-law","消费者保护","事实关系、规范效力与适用范围","law","共享主题模块","规范版本、案件事实与裁判理由","区分效力、事实认定与规范推论","援引的条文版本与案例发生时期不对应","案例数量不能独立证明规范应如何解释","北京大学法学院：培养方向 [学科范围]","https://www.law.pku.edu.cn/xwzx/ggtz/zsjx/870508d182464f118ae55b9473a4c4f3.htm","2026-10-04","内容编辑与机制审核，未获逐方向专家签审"
"civil-law-12","civil-law","数字交易法","事实关系、规范效力与适用范围","law","共享主题模块","规范版本、案件事实与裁判理由","区分效力、事实认定与规范推论","援引的条文版本与案例发生时期不对应","案例数量不能独立证明规范应如何解释","北京大学法学院：培养方向 [学科范围]","https://www.law.pku.edu.cn/xwzx/ggtz/zsjx/870508d182464f118ae55b9473a4c4f3.htm","2026-10-04","内容编辑与机制审核，未获逐方向专家签审"
"criminal-law-1","criminal-law","刑法理论","规范论证、案件事实与程序条件","law","细分核对","行为时间线、主观要素争议与证据链","把客观行为、主观要素和证明程度分开","事后结果被当成当时主观认识的直接证据","结果不能单独替代要素证明","北京大学法学院：培养方向 [学科范围]","https://www.law.pku.edu.cn/xwzx/ggtz/zsjx/870508d182464f118ae55b9473a4c4f3.htm","2026-10-04","内容编辑与机制审核，未获逐方向专家签审"
"criminal-law-2","criminal-law","刑法史","规范论证、案件事实与程序条件","law","细分核对","行为时间线、主观要素争议与证据链","把客观行为、主观要素和证明程度分开","事后结果被当成当时主观认识的直接证据","结果不能单独替代要素证明","北京大学法学院：培养方向 [学科范围]","https://www.law.pku.edu.cn/xwzx/ggtz/zsjx/870508d182464f118ae55b9473a4c4f3.htm","2026-10-04","内容编辑与机制审核，未获逐方向专家签审"
"criminal-law-3","criminal-law","刑事政策","规范论证、案件事实与程序条件","policy","细分核对","行为时间线、主观要素争议与证据链","把客观行为、主观要素和证明程度分开","事后结果被当成当时主观认识的直接证据","结果不能单独替代要素证明","北京大学法学院：培养方向 [学科范围]；北京大学社会学系：专业介绍 [学科范围]","https://www.law.pku.edu.cn/xwzx/ggtz/zsjx/870508d182464f118ae55b9473a4c4f3.htm；https://bkzs.pku.edu.cn/xkzy/xy/shkxxb/sxkxxy_31/sxkxxyzszy_31/index.htm","2026-10-04","内容编辑与机制审核，未获逐方向专家签审"
"criminal-law-4","criminal-law","刑事诉讼","规范论证、案件事实与程序条件","law","细分核对","行为时间线、主观要素争议与证据链","把客观行为、主观要素和证明程度分开","事后结果被当成当时主观认识的直接证据","结果不能单独替代要素证明","北京大学法学院：培养方向 [学科范围]","https://www.law.pku.edu.cn/xwzx/ggtz/zsjx/870508d182464f118ae55b9473a4c4f3.htm","2026-10-04","内容编辑与机制审核，未获逐方向专家签审"
"criminal-law-5","criminal-law","证据研究","规范论证、案件事实与程序条件","law","细分核对","来源链、程序阶段与异议处理记录","分开可提交、可采纳与足以证明","准许提交被当成事实已经得到证明","材料进入程序不等于证明成立","北京大学法学院：培养方向 [学科范围]","https://www.law.pku.edu.cn/xwzx/ggtz/zsjx/870508d182464f118ae55b9473a4c4f3.htm","2026-10-04","内容编辑与机制审核，未获逐方向专家签审"
"criminal-law-6","criminal-law","犯罪学","规范论证、案件事实与程序条件","law","共享主题模块","规范版本、案件事实与裁判理由","区分效力、事实认定与规范推论","援引的条文版本与案例发生时期不对应","案例数量不能独立证明规范应如何解释","北京大学法学院：培养方向 [学科范围]","https://www.law.pku.edu.cn/xwzx/ggtz/zsjx/870508d182464f118ae55b9473a4c4f3.htm","2026-10-04","内容编辑与机制审核，未获逐方向专家签审"
"criminal-law-7","criminal-law","少年司法","规范论证、案件事实与程序条件","law","共享主题模块","规范版本、案件事实与裁判理由","区分效力、事实认定与规范推论","援引的条文版本与案例发生时期不对应","案例数量不能独立证明规范应如何解释","北京大学法学院：培养方向 [学科范围]","https://www.law.pku.edu.cn/xwzx/ggtz/zsjx/870508d182464f118ae55b9473a4c4f3.htm","2026-10-04","内容编辑与机制审核，未获逐方向专家签审"
"criminal-law-8","criminal-law","刑罚理论","规范论证、案件事实与程序条件","law","细分核对","行为时间线、主观要素争议与证据链","把客观行为、主观要素和证明程度分开","事后结果被当成当时主观认识的直接证据","结果不能单独替代要素证明","北京大学法学院：培养方向 [学科范围]","https://www.law.pku.edu.cn/xwzx/ggtz/zsjx/870508d182464f118ae55b9473a4c4f3.htm","2026-10-04","内容编辑与机制审核，未获逐方向专家签审"
"criminal-law-9","criminal-law","司法案例","规范论证、案件事实与程序条件","law","共享主题模块","规范版本、案件事实与裁判理由","区分效力、事实认定与规范推论","援引的条文版本与案例发生时期不对应","案例数量不能独立证明规范应如何解释","北京大学法学院：培养方向 [学科范围]","https://www.law.pku.edu.cn/xwzx/ggtz/zsjx/870508d182464f118ae55b9473a4c4f3.htm","2026-10-04","内容编辑与机制审核，未获逐方向专家签审"
"criminal-law-10","criminal-law","比较刑法","规范论证、案件事实与程序条件","law","细分核对","行为时间线、主观要素争议与证据链","把客观行为、主观要素和证明程度分开","事后结果被当成当时主观认识的直接证据","结果不能单独替代要素证明","北京大学法学院：培养方向 [学科范围]","https://www.law.pku.edu.cn/xwzx/ggtz/zsjx/870508d182464f118ae55b9473a4c4f3.htm","2026-10-04","内容编辑与机制审核，未获逐方向专家签审"
"criminal-law-11","criminal-law","刑事司法治理","规范论证、案件事实与程序条件","policy","细分核对","行为时间线、主观要素争议与证据链","把客观行为、主观要素和证明程度分开","事后结果被当成当时主观认识的直接证据","结果不能单独替代要素证明","北京大学法学院：培养方向 [学科范围]；北京大学社会学系：专业介绍 [学科范围]","https://www.law.pku.edu.cn/xwzx/ggtz/zsjx/870508d182464f118ae55b9473a4c4f3.htm；https://bkzs.pku.edu.cn/xkzy/xy/shkxxb/sxkxxy_31/sxkxxyzszy_31/index.htm","2026-10-04","内容编辑与机制审核，未获逐方向专家签审"
"criminal-law-12","criminal-law","刑事法教育","规范论证、案件事实与程序条件","education","细分核对","行为时间线、主观要素争议与证据链","把客观行为、主观要素和证明程度分开","事后结果被当成当时主观认识的直接证据","结果不能单独替代要素证明","北京师范大学：课程与教学研究方向 [学科范围]","https://cter.bnu.edu.cn/docs/2024-05/e0d9749ec02e425eb45aa96fefdadc2a.pdf","2026-10-04","内容编辑与机制审核，未获逐方向专家签审"
"constitutional-law-1","constitutional-law","宪法理论","权力依据、程序与权利边界","law","共享主题模块","规范版本、案件事实与裁判理由","区分效力、事实认定与规范推论","援引的条文版本与案例发生时期不对应","案例数量不能独立证明规范应如何解释","北京大学法学院：培养方向 [学科范围]","https://www.law.pku.edu.cn/xwzx/ggtz/zsjx/870508d182464f118ae55b9473a4c4f3.htm","2026-10-04","内容编辑与机制审核，未获逐方向专家签审"
"constitutional-law-2","constitutional-law","基本权利","权力依据、程序与权利边界","law","共享主题模块","规范版本、案件事实与裁判理由","区分效力、事实认定与规范推论","援引的条文版本与案例发生时期不对应","案例数量不能独立证明规范应如何解释","北京大学法学院：培养方向 [学科范围]","https://www.law.pku.edu.cn/xwzx/ggtz/zsjx/870508d182464f118ae55b9473a4c4f3.htm","2026-10-04","内容编辑与机制审核，未获逐方向专家签审"
"constitutional-law-3","constitutional-law","行政法理论","权力依据、程序与权利边界","policy","细分核对","来源链、程序阶段与异议处理记录","分开可提交、可采纳与足以证明","准许提交被当成事实已经得到证明","材料进入程序不等于证明成立","北京大学法学院：培养方向 [学科范围]；北京大学社会学系：专业介绍 [学科范围]","https://www.law.pku.edu.cn/xwzx/ggtz/zsjx/870508d182464f118ae55b9473a4c4f3.htm；https://bkzs.pku.edu.cn/xkzy/xy/shkxxb/sxkxxy_31/sxkxxyzszy_31/index.htm","2026-10-04","内容编辑与机制审核，未获逐方向专家签审"
"constitutional-law-4","constitutional-law","行政程序","权力依据、程序与权利边界","policy","细分核对","来源链、程序阶段与异议处理记录","分开可提交、可采纳与足以证明","准许提交被当成事实已经得到证明","材料进入程序不等于证明成立","北京大学法学院：培养方向 [学科范围]；北京大学社会学系：专业介绍 [学科范围]","https://www.law.pku.edu.cn/xwzx/ggtz/zsjx/870508d182464f118ae55b9473a4c4f3.htm；https://bkzs.pku.edu.cn/xkzy/xy/shkxxb/sxkxxy_31/sxkxxyzszy_31/index.htm","2026-10-04","内容编辑与机制审核，未获逐方向专家签审"
"constitutional-law-5","constitutional-law","行政诉讼","权力依据、程序与权利边界","policy","细分核对","来源链、程序阶段与异议处理记录","分开可提交、可采纳与足以证明","准许提交被当成事实已经得到证明","材料进入程序不等于证明成立","北京大学法学院：培养方向 [学科范围]；北京大学社会学系：专业介绍 [学科范围]","https://www.law.pku.edu.cn/xwzx/ggtz/zsjx/870508d182464f118ae55b9473a4c4f3.htm；https://bkzs.pku.edu.cn/xkzy/xy/shkxxb/sxkxxy_31/sxkxxyzszy_31/index.htm","2026-10-04","内容编辑与机制审核，未获逐方向专家签审"
"constitutional-law-6","constitutional-law","公共机构治理","权力依据、程序与权利边界","policy","共享主题模块","制度文本、执行材料与对象反馈","比较制度情境，保留执行层次与时间","两个地方用了同名制度，执行条件却不同","制度名称相同不保证比较对象相同","北京大学法学院：培养方向 [学科范围]；北京大学社会学系：专业介绍 [学科范围]","https://www.law.pku.edu.cn/xwzx/ggtz/zsjx/870508d182464f118ae55b9473a4c4f3.htm；https://bkzs.pku.edu.cn/xkzy/xy/shkxxb/sxkxxy_31/sxkxxyzszy_31/index.htm","2026-10-04","内容编辑与机制审核，未获逐方向专家签审"
"constitutional-law-7","constitutional-law","地方制度","权力依据、程序与权利边界","policy","共享主题模块","制度文本、执行材料与对象反馈","比较制度情境，保留执行层次与时间","两个地方用了同名制度，执行条件却不同","制度名称相同不保证比较对象相同","北京大学法学院：培养方向 [学科范围]；北京大学社会学系：专业介绍 [学科范围]","https://www.law.pku.edu.cn/xwzx/ggtz/zsjx/870508d182464f118ae55b9473a4c4f3.htm；https://bkzs.pku.edu.cn/xkzy/xy/shkxxb/sxkxxy_31/sxkxxyzszy_31/index.htm","2026-10-04","内容编辑与机制审核，未获逐方向专家签审"
"constitutional-law-8","constitutional-law","比较宪法","权力依据、程序与权利边界","law","共享主题模块","规范版本、案件事实与裁判理由","区分效力、事实认定与规范推论","援引的条文版本与案例发生时期不对应","案例数量不能独立证明规范应如何解释","北京大学法学院：培养方向 [学科范围]","https://www.law.pku.edu.cn/xwzx/ggtz/zsjx/870508d182464f118ae55b9473a4c4f3.htm","2026-10-04","内容编辑与机制审核，未获逐方向专家签审"
"constitutional-law-9","constitutional-law","法治评价","权力依据、程序与权利边界","law","共享主题模块","规范版本、案件事实与裁判理由","区分效力、事实认定与规范推论","援引的条文版本与案例发生时期不对应","案例数量不能独立证明规范应如何解释","北京大学法学院：培养方向 [学科范围]","https://www.law.pku.edu.cn/xwzx/ggtz/zsjx/870508d182464f118ae55b9473a4c4f3.htm","2026-10-04","内容编辑与机制审核，未获逐方向专家签审"
"constitutional-law-10","constitutional-law","信息公开研究","权力依据、程序与权利边界","policy","共享主题模块","制度文本、执行材料与对象反馈","比较制度情境，保留执行层次与时间","两个地方用了同名制度，执行条件却不同","制度名称相同不保证比较对象相同","北京大学法学院：培养方向 [学科范围]；北京大学社会学系：专业介绍 [学科范围]","https://www.law.pku.edu.cn/xwzx/ggtz/zsjx/870508d182464f118ae55b9473a4c4f3.htm；https://bkzs.pku.edu.cn/xkzy/xy/shkxxb/sxkxxy_31/sxkxxyzszy_31/index.htm","2026-10-04","内容编辑与机制审核，未获逐方向专家签审"
"constitutional-law-11","constitutional-law","公共服务法","权力依据、程序与权利边界","policy","共享主题模块","制度文本、执行材料与对象反馈","比较制度情境，保留执行层次与时间","两个地方用了同名制度，执行条件却不同","制度名称相同不保证比较对象相同","北京大学法学院：培养方向 [学科范围]；北京大学社会学系：专业介绍 [学科范围]","https://www.law.pku.edu.cn/xwzx/ggtz/zsjx/870508d182464f118ae55b9473a4c4f3.htm；https://bkzs.pku.edu.cn/xkzy/xy/shkxxb/sxkxxy_31/sxkxxyzszy_31/index.htm","2026-10-04","内容编辑与机制审核，未获逐方向专家签审"
"constitutional-law-12","constitutional-law","数字行政","权力依据、程序与权利边界","policy","细分核对","来源链、程序阶段与异议处理记录","分开可提交、可采纳与足以证明","准许提交被当成事实已经得到证明","材料进入程序不等于证明成立","北京大学法学院：培养方向 [学科范围]；北京大学社会学系：专业介绍 [学科范围]","https://www.law.pku.edu.cn/xwzx/ggtz/zsjx/870508d182464f118ae55b9473a4c4f3.htm；https://bkzs.pku.edu.cn/xkzy/xy/shkxxb/sxkxxy_31/sxkxxyzszy_31/index.htm","2026-10-04","内容编辑与机制审核，未获逐方向专家签审"
"international-law-1","international-law","国际公法","法域、适用规则与材料出处","law","共享主题模块","规范版本、案件事实与裁判理由","区分效力、事实认定与规范推论","援引的条文版本与案例发生时期不对应","案例数量不能独立证明规范应如何解释","北京大学法学院：培养方向 [学科范围]","https://www.law.pku.edu.cn/xwzx/ggtz/zsjx/870508d182464f118ae55b9473a4c4f3.htm","2026-10-04","内容编辑与机制审核，未获逐方向专家签审"
"international-law-2","international-law","国际私法","法域、适用规则与材料出处","law","共享主题模块","规范版本、案件事实与裁判理由","区分效力、事实认定与规范推论","援引的条文版本与案例发生时期不对应","案例数量不能独立证明规范应如何解释","北京大学法学院：培养方向 [学科范围]","https://www.law.pku.edu.cn/xwzx/ggtz/zsjx/870508d182464f118ae55b9473a4c4f3.htm","2026-10-04","内容编辑与机制审核，未获逐方向专家签审"
"international-law-3","international-law","国际经济法","法域、适用规则与材料出处","law","共享主题模块","规范版本、案件事实与裁判理由","区分效力、事实认定与规范推论","援引的条文版本与案例发生时期不对应","案例数量不能独立证明规范应如何解释","北京大学法学院：培养方向 [学科范围]","https://www.law.pku.edu.cn/xwzx/ggtz/zsjx/870508d182464f118ae55b9473a4c4f3.htm","2026-10-04","内容编辑与机制审核，未获逐方向专家签审"
"international-law-4","international-law","国际组织法","法域、适用规则与材料出处","law","共享主题模块","规范版本、案件事实与裁判理由","区分效力、事实认定与规范推论","援引的条文版本与案例发生时期不对应","案例数量不能独立证明规范应如何解释","北京大学法学院：培养方向 [学科范围]","https://www.law.pku.edu.cn/xwzx/ggtz/zsjx/870508d182464f118ae55b9473a4c4f3.htm","2026-10-04","内容编辑与机制审核，未获逐方向专家签审"
"international-law-5","international-law","国际环境法","法域、适用规则与材料出处","law","共享主题模块","规范版本、案件事实与裁判理由","区分效力、事实认定与规范推论","援引的条文版本与案例发生时期不对应","案例数量不能独立证明规范应如何解释","北京大学法学院：培养方向 [学科范围]","https://www.law.pku.edu.cn/xwzx/ggtz/zsjx/870508d182464f118ae55b9473a4c4f3.htm","2026-10-04","内容编辑与机制审核，未获逐方向专家签审"
"international-law-6","international-law","国际争端研究","法域、适用规则与材料出处","law","共享主题模块","规范版本、案件事实与裁判理由","区分效力、事实认定与规范推论","援引的条文版本与案例发生时期不对应","案例数量不能独立证明规范应如何解释","北京大学法学院：培养方向 [学科范围]","https://www.law.pku.edu.cn/xwzx/ggtz/zsjx/870508d182464f118ae55b9473a4c4f3.htm","2026-10-04","内容编辑与机制审核，未获逐方向专家签审"
"international-law-7","international-law","比较民法","法域、适用规则与材料出处","law","细分核对","关系类型、约定文本与争议事实","区分文本解释、履行事实与规范适用，核对时期和制度","合同中的约定被当作所有情境下当然有效的规则","约定文本不独立解决效力与具体适用问题","北京大学法学院：培养方向 [学科范围]","https://www.law.pku.edu.cn/xwzx/ggtz/zsjx/870508d182464f118ae55b9473a4c4f3.htm","2026-10-04","内容编辑与机制审核，未获逐方向专家签审"
"international-law-8","international-law","比较公法","法域、适用规则与材料出处","law","共享主题模块","规范版本、案件事实与裁判理由","区分效力、事实认定与规范推论","援引的条文版本与案例发生时期不对应","案例数量不能独立证明规范应如何解释","北京大学法学院：培养方向 [学科范围]","https://www.law.pku.edu.cn/xwzx/ggtz/zsjx/870508d182464f118ae55b9473a4c4f3.htm","2026-10-04","内容编辑与机制审核，未获逐方向专家签审"
"international-law-9","international-law","跨境法律关系","法域、适用规则与材料出处","law","共享主题模块","规范版本、案件事实与裁判理由","区分效力、事实认定与规范推论","援引的条文版本与案例发生时期不对应","案例数量不能独立证明规范应如何解释","北京大学法学院：培养方向 [学科范围]","https://www.law.pku.edu.cn/xwzx/ggtz/zsjx/870508d182464f118ae55b9473a4c4f3.htm","2026-10-04","内容编辑与机制审核，未获逐方向专家签审"
"international-law-10","international-law","区域法律制度","法域、适用规则与材料出处","law","共享主题模块","规范版本、案件事实与裁判理由","区分效力、事实认定与规范推论","援引的条文版本与案例发生时期不对应","案例数量不能独立证明规范应如何解释","北京大学法学院：培养方向 [学科范围]","https://www.law.pku.edu.cn/xwzx/ggtz/zsjx/870508d182464f118ae55b9473a4c4f3.htm","2026-10-04","内容编辑与机制审核，未获逐方向专家签审"
"international-law-11","international-law","国际法史","法域、适用规则与材料出处","law","共享主题模块","规范版本、案件事实与裁判理由","区分效力、事实认定与规范推论","援引的条文版本与案例发生时期不对应","案例数量不能独立证明规范应如何解释","北京大学法学院：培养方向 [学科范围]","https://www.law.pku.edu.cn/xwzx/ggtz/zsjx/870508d182464f118ae55b9473a4c4f3.htm","2026-10-04","内容编辑与机制审核，未获逐方向专家签审"
"international-law-12","international-law","法律翻译","法域、适用规则与材料出处","law","共享主题模块","规范版本、案件事实与裁判理由","区分效力、事实认定与规范推论","援引的条文版本与案例发生时期不对应","案例数量不能独立证明规范应如何解释","北京大学法学院：培养方向 [学科范围]","https://www.law.pku.edu.cn/xwzx/ggtz/zsjx/870508d182464f118ae55b9473a4c4f3.htm","2026-10-04","内容编辑与机制审核，未获逐方向专家签审"
"law-society-1","law-society","法律经验研究","规范判断与经验材料分别论证","law","共享主题模块","规范版本、案件事实与裁判理由","区分效力、事实认定与规范推论","援引的条文版本与案例发生时期不对应","案例数量不能独立证明规范应如何解释","北京大学法学院：培养方向 [学科范围]","https://www.law.pku.edu.cn/xwzx/ggtz/zsjx/870508d182464f118ae55b9473a4c4f3.htm","2026-10-04","内容编辑与机制审核，未获逐方向专家签审"
"law-society-2","law-society","司法社会学","规范判断与经验材料分别论证","law","共享主题模块","规范版本、案件事实与裁判理由","区分效力、事实认定与规范推论","援引的条文版本与案例发生时期不对应","案例数量不能独立证明规范应如何解释","北京大学法学院：培养方向 [学科范围]","https://www.law.pku.edu.cn/xwzx/ggtz/zsjx/870508d182464f118ae55b9473a4c4f3.htm","2026-10-04","内容编辑与机制审核，未获逐方向专家签审"
"law-society-3","law-society","法律职业","规范判断与经验材料分别论证","law","共享主题模块","规范版本、案件事实与裁判理由","区分效力、事实认定与规范推论","援引的条文版本与案例发生时期不对应","案例数量不能独立证明规范应如何解释","北京大学法学院：培养方向 [学科范围]","https://www.law.pku.edu.cn/xwzx/ggtz/zsjx/870508d182464f118ae55b9473a4c4f3.htm","2026-10-04","内容编辑与机制审核，未获逐方向专家签审"
"law-society-4","law-society","法律意识","规范判断与经验材料分别论证","law","共享主题模块","规范版本、案件事实与裁判理由","区分效力、事实认定与规范推论","援引的条文版本与案例发生时期不对应","案例数量不能独立证明规范应如何解释","北京大学法学院：培养方向 [学科范围]","https://www.law.pku.edu.cn/xwzx/ggtz/zsjx/870508d182464f118ae55b9473a4c4f3.htm","2026-10-04","内容编辑与机制审核，未获逐方向专家签审"
"law-society-5","law-society","法制史","规范判断与经验材料分别论证","law","共享主题模块","规范版本、案件事实与裁判理由","区分效力、事实认定与规范推论","援引的条文版本与案例发生时期不对应","案例数量不能独立证明规范应如何解释","北京大学法学院：培养方向 [学科范围]","https://www.law.pku.edu.cn/xwzx/ggtz/zsjx/870508d182464f118ae55b9473a4c4f3.htm","2026-10-04","内容编辑与机制审核，未获逐方向专家签审"
"law-society-6","law-society","法哲学","规范判断与经验材料分别论证","law","共享主题模块","规范版本、案件事实与裁判理由","区分效力、事实认定与规范推论","援引的条文版本与案例发生时期不对应","案例数量不能独立证明规范应如何解释","北京大学法学院：培养方向 [学科范围]","https://www.law.pku.edu.cn/xwzx/ggtz/zsjx/870508d182464f118ae55b9473a4c4f3.htm","2026-10-04","内容编辑与机制审核，未获逐方向专家签审"
"law-society-7","law-society","法律解释","规范判断与经验材料分别论证","law","共享主题模块","规范版本、案件事实与裁判理由","区分效力、事实认定与规范推论","援引的条文版本与案例发生时期不对应","案例数量不能独立证明规范应如何解释","北京大学法学院：培养方向 [学科范围]","https://www.law.pku.edu.cn/xwzx/ggtz/zsjx/870508d182464f118ae55b9473a4c4f3.htm","2026-10-04","内容编辑与机制审核，未获逐方向专家签审"
"law-society-8","law-society","法律与技术","规范判断与经验材料分别论证","law","共享主题模块","规范版本、案件事实与裁判理由","区分效力、事实认定与规范推论","援引的条文版本与案例发生时期不对应","案例数量不能独立证明规范应如何解释","北京大学法学院：培养方向 [学科范围]","https://www.law.pku.edu.cn/xwzx/ggtz/zsjx/870508d182464f118ae55b9473a4c4f3.htm","2026-10-04","内容编辑与机制审核，未获逐方向专家签审"
"law-society-9","law-society","纠纷解决","规范判断与经验材料分别论证","law","共享主题模块","规范版本、案件事实与裁判理由","区分效力、事实认定与规范推论","援引的条文版本与案例发生时期不对应","案例数量不能独立证明规范应如何解释","北京大学法学院：培养方向 [学科范围]","https://www.law.pku.edu.cn/xwzx/ggtz/zsjx/870508d182464f118ae55b9473a4c4f3.htm","2026-10-04","内容编辑与机制审核，未获逐方向专家签审"
"law-society-10","law-society","法律服务","规范判断与经验材料分别论证","law","共享主题模块","规范版本、案件事实与裁判理由","区分效力、事实认定与规范推论","援引的条文版本与案例发生时期不对应","案例数量不能独立证明规范应如何解释","北京大学法学院：培养方向 [学科范围]","https://www.law.pku.edu.cn/xwzx/ggtz/zsjx/870508d182464f118ae55b9473a4c4f3.htm","2026-10-04","内容编辑与机制审核，未获逐方向专家签审"
"law-society-11","law-society","法学文献方法","规范判断与经验材料分别论证","law","共享主题模块","规范版本、案件事实与裁判理由","区分效力、事实认定与规范推论","援引的条文版本与案例发生时期不对应","案例数量不能独立证明规范应如何解释","北京大学法学院：培养方向 [学科范围]","https://www.law.pku.edu.cn/xwzx/ggtz/zsjx/870508d182464f118ae55b9473a4c4f3.htm","2026-10-04","内容编辑与机制审核，未获逐方向专家签审"
"law-society-12","law-society","法律教育","规范判断与经验材料分别论证","education","共享主题模块","课堂目标、活动记录与学习过程材料","让任务、教学目标与评价对应，保留班级差异","换了老师也换了活动，改善却全归到工具上","课后高分不能独立证明某项教学设计有效","北京师范大学：课程与教学研究方向 [学科范围]","https://cter.bnu.edu.cn/docs/2024-05/e0d9749ec02e425eb45aa96fefdadc2a.pdf","2026-10-04","内容编辑与机制审核，未获逐方向专家签审"
"education-theory-1","education-theory","教育哲学","教育目标、历史语境与制度条件","education","共享主题模块","课堂目标、活动记录与学习过程材料","让任务、教学目标与评价对应，保留班级差异","换了老师也换了活动，改善却全归到工具上","课后高分不能独立证明某项教学设计有效","北京师范大学：课程与教学研究方向 [学科范围]","https://cter.bnu.edu.cn/docs/2024-05/e0d9749ec02e425eb45aa96fefdadc2a.pdf","2026-10-04","内容编辑与机制审核，未获逐方向专家签审"
"education-theory-2","education-theory","教育社会学","教育目标、历史语境与制度条件","education","共享主题模块","课堂目标、活动记录与学习过程材料","让任务、教学目标与评价对应，保留班级差异","换了老师也换了活动，改善却全归到工具上","课后高分不能独立证明某项教学设计有效","北京师范大学：课程与教学研究方向 [学科范围]","https://cter.bnu.edu.cn/docs/2024-05/e0d9749ec02e425eb45aa96fefdadc2a.pdf","2026-10-04","内容编辑与机制审核，未获逐方向专家签审"
"education-theory-3","education-theory","教育史","教育目标、历史语境与制度条件","education","共享主题模块","课堂目标、活动记录与学习过程材料","让任务、教学目标与评价对应，保留班级差异","换了老师也换了活动，改善却全归到工具上","课后高分不能独立证明某项教学设计有效","北京师范大学：课程与教学研究方向 [学科范围]","https://cter.bnu.edu.cn/docs/2024-05/e0d9749ec02e425eb45aa96fefdadc2a.pdf","2026-10-04","内容编辑与机制审核，未获逐方向专家签审"
"education-theory-4","education-theory","比较教育","教育目标、历史语境与制度条件","education","共享主题模块","课堂目标、活动记录与学习过程材料","让任务、教学目标与评价对应，保留班级差异","换了老师也换了活动，改善却全归到工具上","课后高分不能独立证明某项教学设计有效","北京师范大学：课程与教学研究方向 [学科范围]","https://cter.bnu.edu.cn/docs/2024-05/e0d9749ec02e425eb45aa96fefdadc2a.pdf","2026-10-04","内容编辑与机制审核，未获逐方向专家签审"
"education-theory-5","education-theory","教育制度","教育目标、历史语境与制度条件","education","共享主题模块","课堂目标、活动记录与学习过程材料","让任务、教学目标与评价对应，保留班级差异","换了老师也换了活动，改善却全归到工具上","课后高分不能独立证明某项教学设计有效","北京师范大学：课程与教学研究方向 [学科范围]","https://cter.bnu.edu.cn/docs/2024-05/e0d9749ec02e425eb45aa96fefdadc2a.pdf","2026-10-04","内容编辑与机制审核，未获逐方向专家签审"
"education-theory-6","education-theory","教育公平","教育目标、历史语境与制度条件","education","细分核对","活动参与、支持条件与未参与原因","保留适配需求和进入活动的机会","需要额外支持的人被排除后平均成绩提高","排除后的平均数不证明包容性提高","北京师范大学：课程与教学研究方向 [学科范围]","https://cter.bnu.edu.cn/docs/2024-05/e0d9749ec02e425eb45aa96fefdadc2a.pdf","2026-10-04","内容编辑与机制审核，未获逐方向专家签审"
"education-theory-7","education-theory","教育伦理","教育目标、历史语境与制度条件","education","共享主题模块","课堂目标、活动记录与学习过程材料","让任务、教学目标与评价对应，保留班级差异","换了老师也换了活动，改善却全归到工具上","课后高分不能独立证明某项教学设计有效","北京师范大学：课程与教学研究方向 [学科范围]","https://cter.bnu.edu.cn/docs/2024-05/e0d9749ec02e425eb45aa96fefdadc2a.pdf","2026-10-04","内容编辑与机制审核，未获逐方向专家签审"
"education-theory-8","education-theory","家庭教育","教育目标、历史语境与制度条件","education","共享主题模块","课堂目标、活动记录与学习过程材料","让任务、教学目标与评价对应，保留班级差异","换了老师也换了活动，改善却全归到工具上","课后高分不能独立证明某项教学设计有效","北京师范大学：课程与教学研究方向 [学科范围]","https://cter.bnu.edu.cn/docs/2024-05/e0d9749ec02e425eb45aa96fefdadc2a.pdf","2026-10-04","内容编辑与机制审核，未获逐方向专家签审"
"education-theory-9","education-theory","学校文化","教育目标、历史语境与制度条件","education","共享主题模块","课堂目标、活动记录与学习过程材料","让任务、教学目标与评价对应，保留班级差异","换了老师也换了活动，改善却全归到工具上","课后高分不能独立证明某项教学设计有效","北京师范大学：课程与教学研究方向 [学科范围]","https://cter.bnu.edu.cn/docs/2024-05/e0d9749ec02e425eb45aa96fefdadc2a.pdf","2026-10-04","内容编辑与机制审核，未获逐方向专家签审"
"education-theory-10","education-theory","教育思想史","教育目标、历史语境与制度条件","education","共享主题模块","课堂目标、活动记录与学习过程材料","让任务、教学目标与评价对应，保留班级差异","换了老师也换了活动，改善却全归到工具上","课后高分不能独立证明某项教学设计有效","北京师范大学：课程与教学研究方向 [学科范围]","https://cter.bnu.edu.cn/docs/2024-05/e0d9749ec02e425eb45aa96fefdadc2a.pdf","2026-10-04","内容编辑与机制审核，未获逐方向专家签审"
"education-theory-11","education-theory","教育政策史","教育目标、历史语境与制度条件","education","共享主题模块","课堂目标、活动记录与学习过程材料","让任务、教学目标与评价对应，保留班级差异","换了老师也换了活动，改善却全归到工具上","课后高分不能独立证明某项教学设计有效","北京师范大学：课程与教学研究方向 [学科范围]","https://cter.bnu.edu.cn/docs/2024-05/e0d9749ec02e425eb45aa96fefdadc2a.pdf","2026-10-04","内容编辑与机制审核，未获逐方向专家签审"
"education-theory-12","education-theory","教育知识论","教育目标、历史语境与制度条件","education","共享主题模块","课堂目标、活动记录与学习过程材料","让任务、教学目标与评价对应，保留班级差异","换了老师也换了活动，改善却全归到工具上","课后高分不能独立证明某项教学设计有效","北京师范大学：课程与教学研究方向 [学科范围]","https://cter.bnu.edu.cn/docs/2024-05/e0d9749ec02e425eb45aa96fefdadc2a.pdf","2026-10-04","内容编辑与机制审核，未获逐方向专家签审"
"curriculum-studies-1","curriculum-studies","课程理论","教学目标与实际课堂证据","education","细分核对","学习目标、撤去辅助后的作业与延迟测试","区分辅助完成、独立掌握与迁移","工具帮助做对被直接写成学生已经学会","辅助成绩不能独立证明撤去辅助后的能力","北京师范大学：课程与教学研究方向 [学科范围]","https://cter.bnu.edu.cn/docs/2024-05/e0d9749ec02e425eb45aa96fefdadc2a.pdf","2026-10-04","内容编辑与机制审核，未获逐方向专家签审"
"curriculum-studies-2","curriculum-studies","教学设计","教学目标与实际课堂证据","education","细分核对","学习目标、撤去辅助后的作业与延迟测试","区分辅助完成、独立掌握与迁移","工具帮助做对被直接写成学生已经学会","辅助成绩不能独立证明撤去辅助后的能力","北京师范大学：课程与教学研究方向 [学科范围]","https://cter.bnu.edu.cn/docs/2024-05/e0d9749ec02e425eb45aa96fefdadc2a.pdf","2026-10-04","内容编辑与机制审核，未获逐方向专家签审"
"curriculum-studies-3","curriculum-studies","课堂研究","教学目标与实际课堂证据","education","细分核对","学习目标、任务作品与课堂实施记录","对齐学习目标和评价任务，区分实施变化与工具作用","参与更积极被直接写成目标知识掌握更好","参与、满意与掌握是不同结局，需要分别评价","北京师范大学：课程与教学研究方向 [学科范围]","https://cter.bnu.edu.cn/docs/2024-05/e0d9749ec02e425eb45aa96fefdadc2a.pdf","2026-10-04","内容编辑与机制审核，未获逐方向专家签审"
"curriculum-studies-4","curriculum-studies","学科教学","教学目标与实际课堂证据","education","细分核对","学习目标、撤去辅助后的作业与延迟测试","区分辅助完成、独立掌握与迁移","工具帮助做对被直接写成学生已经学会","辅助成绩不能独立证明撤去辅助后的能力","北京师范大学：课程与教学研究方向 [学科范围]","https://cter.bnu.edu.cn/docs/2024-05/e0d9749ec02e425eb45aa96fefdadc2a.pdf","2026-10-04","内容编辑与机制审核，未获逐方向专家签审"
"curriculum-studies-5","curriculum-studies","教材分析","教学目标与实际课堂证据","education","共享主题模块","课堂目标、活动记录与学习过程材料","让任务、教学目标与评价对应，保留班级差异","换了老师也换了活动，改善却全归到工具上","课后高分不能独立证明某项教学设计有效","北京师范大学：课程与教学研究方向 [学科范围]","https://cter.bnu.edu.cn/docs/2024-05/e0d9749ec02e425eb45aa96fefdadc2a.pdf","2026-10-04","内容编辑与机制审核，未获逐方向专家签审"
"curriculum-studies-6","curriculum-studies","教师反馈","教学目标与实际课堂证据","education","共享主题模块","课堂目标、活动记录与学习过程材料","让任务、教学目标与评价对应，保留班级差异","换了老师也换了活动，改善却全归到工具上","课后高分不能独立证明某项教学设计有效","北京师范大学：课程与教学研究方向 [学科范围]","https://cter.bnu.edu.cn/docs/2024-05/e0d9749ec02e425eb45aa96fefdadc2a.pdf","2026-10-04","内容编辑与机制审核，未获逐方向专家签审"
"curriculum-studies-7","curriculum-studies","学习评价","教学目标与实际课堂证据","education","细分核对","学习目标、撤去辅助后的作业与延迟测试","区分辅助完成、独立掌握与迁移","工具帮助做对被直接写成学生已经学会","辅助成绩不能独立证明撤去辅助后的能力","北京师范大学：课程与教学研究方向 [学科范围]","https://cter.bnu.edu.cn/docs/2024-05/e0d9749ec02e425eb45aa96fefdadc2a.pdf","2026-10-04","内容编辑与机制审核，未获逐方向专家签审"
"curriculum-studies-8","curriculum-studies","项目学习","教学目标与实际课堂证据","education","细分核对","学习目标、撤去辅助后的作业与延迟测试","区分辅助完成、独立掌握与迁移","工具帮助做对被直接写成学生已经学会","辅助成绩不能独立证明撤去辅助后的能力","北京师范大学：课程与教学研究方向 [学科范围]","https://cter.bnu.edu.cn/docs/2024-05/e0d9749ec02e425eb45aa96fefdadc2a.pdf","2026-10-04","内容编辑与机制审核，未获逐方向专家签审"
"curriculum-studies-9","curriculum-studies","探究教学","教学目标与实际课堂证据","education","细分核对","学习目标、撤去辅助后的作业与延迟测试","区分辅助完成、独立掌握与迁移","工具帮助做对被直接写成学生已经学会","辅助成绩不能独立证明撤去辅助后的能力","北京师范大学：课程与教学研究方向 [学科范围]","https://cter.bnu.edu.cn/docs/2024-05/e0d9749ec02e425eb45aa96fefdadc2a.pdf","2026-10-04","内容编辑与机制审核，未获逐方向专家签审"
"curriculum-studies-10","curriculum-studies","跨学科课程","教学目标与实际课堂证据","education","细分核对","学习目标、撤去辅助后的作业与延迟测试","区分辅助完成、独立掌握与迁移","工具帮助做对被直接写成学生已经学会","辅助成绩不能独立证明撤去辅助后的能力","北京师范大学：课程与教学研究方向 [学科范围]","https://cter.bnu.edu.cn/docs/2024-05/e0d9749ec02e425eb45aa96fefdadc2a.pdf","2026-10-04","内容编辑与机制审核，未获逐方向专家签审"
"curriculum-studies-11","curriculum-studies","课程实施","教学目标与实际课堂证据","education","细分核对","学习目标、撤去辅助后的作业与延迟测试","区分辅助完成、独立掌握与迁移","工具帮助做对被直接写成学生已经学会","辅助成绩不能独立证明撤去辅助后的能力","北京师范大学：课程与教学研究方向 [学科范围]","https://cter.bnu.edu.cn/docs/2024-05/e0d9749ec02e425eb45aa96fefdadc2a.pdf","2026-10-04","内容编辑与机制审核，未获逐方向专家签审"
"curriculum-studies-12","curriculum-studies","教学反思","教学目标与实际课堂证据","education","细分核对","学习目标、撤去辅助后的作业与延迟测试","区分辅助完成、独立掌握与迁移","工具帮助做对被直接写成学生已经学会","辅助成绩不能独立证明撤去辅助后的能力","北京师范大学：课程与教学研究方向 [学科范围]","https://cter.bnu.edu.cn/docs/2024-05/e0d9749ec02e425eb45aa96fefdadc2a.pdf","2026-10-04","内容编辑与机制审核，未获逐方向专家签审"
"early-education-1","early-education","儿童发展","儿童经验、任务条件与支持需要","education","共享主题模块","课堂目标、活动记录与学习过程材料","让任务、教学目标与评价对应，保留班级差异","换了老师也换了活动，改善却全归到工具上","课后高分不能独立证明某项教学设计有效","北京师范大学：课程与教学研究方向 [学科范围]","https://cter.bnu.edu.cn/docs/2024-05/e0d9749ec02e425eb45aa96fefdadc2a.pdf","2026-10-04","内容编辑与机制审核，未获逐方向专家签审"
"early-education-2","early-education","游戏与学习","儿童经验、任务条件与支持需要","education","共享主题模块","课堂目标、活动记录与学习过程材料","让任务、教学目标与评价对应，保留班级差异","换了老师也换了活动，改善却全归到工具上","课后高分不能独立证明某项教学设计有效","北京师范大学：课程与教学研究方向 [学科范围]","https://cter.bnu.edu.cn/docs/2024-05/e0d9749ec02e425eb45aa96fefdadc2a.pdf","2026-10-04","内容编辑与机制审核，未获逐方向专家签审"
"early-education-3","early-education","幼儿园课程","儿童经验、任务条件与支持需要","education","细分核对","学习目标、任务作品与课堂实施记录","对齐学习目标和评价任务，区分实施变化与工具作用","参与更积极被直接写成目标知识掌握更好","参与、满意与掌握是不同结局，需要分别评价","北京师范大学：课程与教学研究方向 [学科范围]","https://cter.bnu.edu.cn/docs/2024-05/e0d9749ec02e425eb45aa96fefdadc2a.pdf","2026-10-04","内容编辑与机制审核，未获逐方向专家签审"
"early-education-4","early-education","家庭协作","儿童经验、任务条件与支持需要","education","共享主题模块","课堂目标、活动记录与学习过程材料","让任务、教学目标与评价对应，保留班级差异","换了老师也换了活动，改善却全归到工具上","课后高分不能独立证明某项教学设计有效","北京师范大学：课程与教学研究方向 [学科范围]","https://cter.bnu.edu.cn/docs/2024-05/e0d9749ec02e425eb45aa96fefdadc2a.pdf","2026-10-04","内容编辑与机制审核，未获逐方向专家签审"
"early-education-5","early-education","融合教育","儿童经验、任务条件与支持需要","education","细分核对","活动参与、支持条件与未参与原因","保留适配需求和进入活动的机会","需要额外支持的人被排除后平均成绩提高","排除后的平均数不证明包容性提高","北京师范大学：课程与教学研究方向 [学科范围]","https://cter.bnu.edu.cn/docs/2024-05/e0d9749ec02e425eb45aa96fefdadc2a.pdf","2026-10-04","内容编辑与机制审核，未获逐方向专家签审"
"early-education-6","early-education","特殊教育评价","儿童经验、任务条件与支持需要","education","细分核对","活动参与、支持条件与未参与原因","保留适配需求和进入活动的机会","需要额外支持的人被排除后平均成绩提高","排除后的平均数不证明包容性提高","北京师范大学：课程与教学研究方向 [学科范围]","https://cter.bnu.edu.cn/docs/2024-05/e0d9749ec02e425eb45aa96fefdadc2a.pdf","2026-10-04","内容编辑与机制审核，未获逐方向专家签审"
"early-education-7","early-education","语言发展教育","儿童经验、任务条件与支持需要","education","共享主题模块","课堂目标、活动记录与学习过程材料","让任务、教学目标与评价对应，保留班级差异","换了老师也换了活动，改善却全归到工具上","课后高分不能独立证明某项教学设计有效","北京师范大学：课程与教学研究方向 [学科范围]","https://cter.bnu.edu.cn/docs/2024-05/e0d9749ec02e425eb45aa96fefdadc2a.pdf","2026-10-04","内容编辑与机制审核，未获逐方向专家签审"
"early-education-8","early-education","感知与运动支持","儿童经验、任务条件与支持需要","sport","共享主题模块","训练负荷、测试环境与恢复记录","对照负荷与恢复时间，区分熟悉任务与真实进步","状态最好的同学恰好都在较充分休息后测试","一次成绩不能代表长期训练效应","北京师范大学：课程与教学研究方向 [学科范围]","https://cter.bnu.edu.cn/docs/2024-05/e0d9749ec02e425eb45aa96fefdadc2a.pdf","2026-10-04","内容编辑与机制审核，未获逐方向专家签审"
"early-education-9","early-education","支持技术","儿童经验、任务条件与支持需要","education","共享主题模块","课堂目标、活动记录与学习过程材料","让任务、教学目标与评价对应，保留班级差异","换了老师也换了活动，改善却全归到工具上","课后高分不能独立证明某项教学设计有效","北京师范大学：课程与教学研究方向 [学科范围]","https://cter.bnu.edu.cn/docs/2024-05/e0d9749ec02e425eb45aa96fefdadc2a.pdf","2026-10-04","内容编辑与机制审核，未获逐方向专家签审"
"early-education-10","early-education","教育参与","儿童经验、任务条件与支持需要","education","共享主题模块","课堂目标、活动记录与学习过程材料","让任务、教学目标与评价对应，保留班级差异","换了老师也换了活动，改善却全归到工具上","课后高分不能独立证明某项教学设计有效","北京师范大学：课程与教学研究方向 [学科范围]","https://cter.bnu.edu.cn/docs/2024-05/e0d9749ec02e425eb45aa96fefdadc2a.pdf","2026-10-04","内容编辑与机制审核，未获逐方向专家签审"
"early-education-11","early-education","早期教育环境","儿童经验、任务条件与支持需要","education","共享主题模块","课堂目标、活动记录与学习过程材料","让任务、教学目标与评价对应，保留班级差异","换了老师也换了活动，改善却全归到工具上","课后高分不能独立证明某项教学设计有效","北京师范大学：课程与教学研究方向 [学科范围]","https://cter.bnu.edu.cn/docs/2024-05/e0d9749ec02e425eb45aa96fefdadc2a.pdf","2026-10-04","内容编辑与机制审核，未获逐方向专家签审"
"early-education-12","early-education","教育服务","儿童经验、任务条件与支持需要","education","共享主题模块","课堂目标、活动记录与学习过程材料","让任务、教学目标与评价对应，保留班级差异","换了老师也换了活动，改善却全归到工具上","课后高分不能独立证明某项教学设计有效","北京师范大学：课程与教学研究方向 [学科范围]","https://cter.bnu.edu.cn/docs/2024-05/e0d9749ec02e425eb45aa96fefdadc2a.pdf","2026-10-04","内容编辑与机制审核，未获逐方向专家签审"
"higher-education-1","higher-education","大学治理","机构制度与学生经历的层次","education","共享主题模块","课堂目标、活动记录与学习过程材料","让任务、教学目标与评价对应，保留班级差异","换了老师也换了活动，改善却全归到工具上","课后高分不能独立证明某项教学设计有效","北京师范大学：课程与教学研究方向 [学科范围]","https://cter.bnu.edu.cn/docs/2024-05/e0d9749ec02e425eb45aa96fefdadc2a.pdf","2026-10-04","内容编辑与机制审核，未获逐方向专家签审"
"higher-education-2","higher-education","研究生教育","机构制度与学生经历的层次","education","共享主题模块","课堂目标、活动记录与学习过程材料","让任务、教学目标与评价对应，保留班级差异","换了老师也换了活动，改善却全归到工具上","课后高分不能独立证明某项教学设计有效","北京师范大学：课程与教学研究方向 [学科范围]","https://cter.bnu.edu.cn/docs/2024-05/e0d9749ec02e425eb45aa96fefdadc2a.pdf","2026-10-04","内容编辑与机制审核，未获逐方向专家签审"
"higher-education-3","higher-education","高等教育评价","机构制度与学生经历的层次","education","细分核对","学习目标、撤去辅助后的作业与延迟测试","区分辅助完成、独立掌握与迁移","工具帮助做对被直接写成学生已经学会","辅助成绩不能独立证明撤去辅助后的能力","北京师范大学：课程与教学研究方向 [学科范围]","https://cter.bnu.edu.cn/docs/2024-05/e0d9749ec02e425eb45aa96fefdadc2a.pdf","2026-10-04","内容编辑与机制审核，未获逐方向专家签审"
"higher-education-4","higher-education","职业教育","机构制度与学生经历的层次","education","共享主题模块","课堂目标、活动记录与学习过程材料","让任务、教学目标与评价对应，保留班级差异","换了老师也换了活动，改善却全归到工具上","课后高分不能独立证明某项教学设计有效","北京师范大学：课程与教学研究方向 [学科范围]","https://cter.bnu.edu.cn/docs/2024-05/e0d9749ec02e425eb45aa96fefdadc2a.pdf","2026-10-04","内容编辑与机制审核，未获逐方向专家签审"
"higher-education-5","higher-education","专业与课程","机构制度与学生经历的层次","education","细分核对","学习目标、撤去辅助后的作业与延迟测试","区分辅助完成、独立掌握与迁移","工具帮助做对被直接写成学生已经学会","辅助成绩不能独立证明撤去辅助后的能力","北京师范大学：课程与教学研究方向 [学科范围]","https://cter.bnu.edu.cn/docs/2024-05/e0d9749ec02e425eb45aa96fefdadc2a.pdf","2026-10-04","内容编辑与机制审核，未获逐方向专家签审"
"higher-education-6","higher-education","大学生发展","机构制度与学生经历的层次","education","共享主题模块","课堂目标、活动记录与学习过程材料","让任务、教学目标与评价对应，保留班级差异","换了老师也换了活动，改善却全归到工具上","课后高分不能独立证明某项教学设计有效","北京师范大学：课程与教学研究方向 [学科范围]","https://cter.bnu.edu.cn/docs/2024-05/e0d9749ec02e425eb45aa96fefdadc2a.pdf","2026-10-04","内容编辑与机制审核，未获逐方向专家签审"
"higher-education-7","higher-education","学术职业","机构制度与学生经历的层次","education","共享主题模块","课堂目标、活动记录与学习过程材料","让任务、教学目标与评价对应，保留班级差异","换了老师也换了活动，改善却全归到工具上","课后高分不能独立证明某项教学设计有效","北京师范大学：课程与教学研究方向 [学科范围]","https://cter.bnu.edu.cn/docs/2024-05/e0d9749ec02e425eb45aa96fefdadc2a.pdf","2026-10-04","内容编辑与机制审核，未获逐方向专家签审"
"higher-education-8","higher-education","产教合作","机构制度与学生经历的层次","education","共享主题模块","课堂目标、活动记录与学习过程材料","让任务、教学目标与评价对应，保留班级差异","换了老师也换了活动，改善却全归到工具上","课后高分不能独立证明某项教学设计有效","北京师范大学：课程与教学研究方向 [学科范围]","https://cter.bnu.edu.cn/docs/2024-05/e0d9749ec02e425eb45aa96fefdadc2a.pdf","2026-10-04","内容编辑与机制审核，未获逐方向专家签审"
"higher-education-9","higher-education","继续教育","机构制度与学生经历的层次","education","共享主题模块","课堂目标、活动记录与学习过程材料","让任务、教学目标与评价对应，保留班级差异","换了老师也换了活动，改善却全归到工具上","课后高分不能独立证明某项教学设计有效","北京师范大学：课程与教学研究方向 [学科范围]","https://cter.bnu.edu.cn/docs/2024-05/e0d9749ec02e425eb45aa96fefdadc2a.pdf","2026-10-04","内容编辑与机制审核，未获逐方向专家签审"
"higher-education-10","higher-education","教育与就业","机构制度与学生经历的层次","education","共享主题模块","课堂目标、活动记录与学习过程材料","让任务、教学目标与评价对应，保留班级差异","换了老师也换了活动，改善却全归到工具上","课后高分不能独立证明某项教学设计有效","北京师范大学：课程与教学研究方向 [学科范围]","https://cter.bnu.edu.cn/docs/2024-05/e0d9749ec02e425eb45aa96fefdadc2a.pdf","2026-10-04","内容编辑与机制审核，未获逐方向专家签审"
"higher-education-11","higher-education","国际教育","机构制度与学生经历的层次","education","共享主题模块","课堂目标、活动记录与学习过程材料","让任务、教学目标与评价对应，保留班级差异","换了老师也换了活动，改善却全归到工具上","课后高分不能独立证明某项教学设计有效","北京师范大学：课程与教学研究方向 [学科范围]","https://cter.bnu.edu.cn/docs/2024-05/e0d9749ec02e425eb45aa96fefdadc2a.pdf","2026-10-04","内容编辑与机制审核，未获逐方向专家签审"
"higher-education-12","higher-education","校园支持","机构制度与学生经历的层次","education","共享主题模块","课堂目标、活动记录与学习过程材料","让任务、教学目标与评价对应，保留班级差异","换了老师也换了活动，改善却全归到工具上","课后高分不能独立证明某项教学设计有效","北京师范大学：课程与教学研究方向 [学科范围]","https://cter.bnu.edu.cn/docs/2024-05/e0d9749ec02e425eb45aa96fefdadc2a.pdf","2026-10-04","内容编辑与机制审核，未获逐方向专家签审"
"education-technology-1","education-technology","学习分析","工具版本、学习任务与效果边界","education","细分核对","学习目标、撤去辅助后的作业与延迟测试","区分辅助完成、独立掌握与迁移","工具帮助做对被直接写成学生已经学会","辅助成绩不能独立证明撤去辅助后的能力","北京师范大学：课程与教学研究方向 [学科范围]","https://cter.bnu.edu.cn/docs/2024-05/e0d9749ec02e425eb45aa96fefdadc2a.pdf","2026-10-04","内容编辑与机制审核，未获逐方向专家签审"
"education-technology-2","education-technology","数字学习环境","工具版本、学习任务与效果边界","education","细分核对","学习目标、撤去辅助后的作业与延迟测试","区分辅助完成、独立掌握与迁移","工具帮助做对被直接写成学生已经学会","辅助成绩不能独立证明撤去辅助后的能力","北京师范大学：课程与教学研究方向 [学科范围]","https://cter.bnu.edu.cn/docs/2024-05/e0d9749ec02e425eb45aa96fefdadc2a.pdf","2026-10-04","内容编辑与机制审核，未获逐方向专家签审"
"education-technology-3","education-technology","在线协作","工具版本、学习任务与效果边界","education","共享主题模块","课堂目标、活动记录与学习过程材料","让任务、教学目标与评价对应，保留班级差异","换了老师也换了活动，改善却全归到工具上","课后高分不能独立证明某项教学设计有效","北京师范大学：课程与教学研究方向 [学科范围]","https://cter.bnu.edu.cn/docs/2024-05/e0d9749ec02e425eb45aa96fefdadc2a.pdf","2026-10-04","内容编辑与机制审核，未获逐方向专家签审"
"education-technology-4","education-technology","教学媒体","工具版本、学习任务与效果边界","education","细分核对","学习目标、撤去辅助后的作业与延迟测试","区分辅助完成、独立掌握与迁移","工具帮助做对被直接写成学生已经学会","辅助成绩不能独立证明撤去辅助后的能力","北京师范大学：课程与教学研究方向 [学科范围]","https://cter.bnu.edu.cn/docs/2024-05/e0d9749ec02e425eb45aa96fefdadc2a.pdf","2026-10-04","内容编辑与机制审核，未获逐方向专家签审"
"education-technology-5","education-technology","教育游戏","工具版本、学习任务与效果边界","education","共享主题模块","课堂目标、活动记录与学习过程材料","让任务、教学目标与评价对应，保留班级差异","换了老师也换了活动，改善却全归到工具上","课后高分不能独立证明某项教学设计有效","北京师范大学：课程与教学研究方向 [学科范围]","https://cter.bnu.edu.cn/docs/2024-05/e0d9749ec02e425eb45aa96fefdadc2a.pdf","2026-10-04","内容编辑与机制审核，未获逐方向专家签审"
"education-technology-6","education-technology","智能辅导评价","工具版本、学习任务与效果边界","education","细分核对","学习目标、撤去辅助后的作业与延迟测试","区分辅助完成、独立掌握与迁移","工具帮助做对被直接写成学生已经学会","辅助成绩不能独立证明撤去辅助后的能力","北京师范大学：课程与教学研究方向 [学科范围]","https://cter.bnu.edu.cn/docs/2024-05/e0d9749ec02e425eb45aa96fefdadc2a.pdf","2026-10-04","内容编辑与机制审核，未获逐方向专家签审"
"education-technology-7","education-technology","资源设计","工具版本、学习任务与效果边界","education","共享主题模块","课堂目标、活动记录与学习过程材料","让任务、教学目标与评价对应，保留班级差异","换了老师也换了活动，改善却全归到工具上","课后高分不能独立证明某项教学设计有效","北京师范大学：课程与教学研究方向 [学科范围]","https://cter.bnu.edu.cn/docs/2024-05/e0d9749ec02e425eb45aa96fefdadc2a.pdf","2026-10-04","内容编辑与机制审核，未获逐方向专家签审"
"education-technology-8","education-technology","教师数字实践","工具版本、学习任务与效果边界","education","共享主题模块","课堂目标、活动记录与学习过程材料","让任务、教学目标与评价对应，保留班级差异","换了老师也换了活动，改善却全归到工具上","课后高分不能独立证明某项教学设计有效","北京师范大学：课程与教学研究方向 [学科范围]","https://cter.bnu.edu.cn/docs/2024-05/e0d9749ec02e425eb45aa96fefdadc2a.pdf","2026-10-04","内容编辑与机制审核，未获逐方向专家签审"
"education-technology-9","education-technology","学习可及性","工具版本、学习任务与效果边界","education","细分核对","学习目标、撤去辅助后的作业与延迟测试","区分辅助完成、独立掌握与迁移","工具帮助做对被直接写成学生已经学会","辅助成绩不能独立证明撤去辅助后的能力","北京师范大学：课程与教学研究方向 [学科范围]","https://cter.bnu.edu.cn/docs/2024-05/e0d9749ec02e425eb45aa96fefdadc2a.pdf","2026-10-04","内容编辑与机制审核，未获逐方向专家签审"
"education-technology-10","education-technology","教育技术伦理","工具版本、学习任务与效果边界","education","共享主题模块","课堂目标、活动记录与学习过程材料","让任务、教学目标与评价对应，保留班级差异","换了老师也换了活动，改善却全归到工具上","课后高分不能独立证明某项教学设计有效","北京师范大学：课程与教学研究方向 [学科范围]","https://cter.bnu.edu.cn/docs/2024-05/e0d9749ec02e425eb45aa96fefdadc2a.pdf","2026-10-04","内容编辑与机制审核，未获逐方向专家签审"
"education-technology-11","education-technology","沉浸学习","工具版本、学习任务与效果边界","education","细分核对","学习目标、撤去辅助后的作业与延迟测试","区分辅助完成、独立掌握与迁移","工具帮助做对被直接写成学生已经学会","辅助成绩不能独立证明撤去辅助后的能力","北京师范大学：课程与教学研究方向 [学科范围]","https://cter.bnu.edu.cn/docs/2024-05/e0d9749ec02e425eb45aa96fefdadc2a.pdf","2026-10-04","内容编辑与机制审核，未获逐方向专家签审"
"education-technology-12","education-technology","技术整合","工具版本、学习任务与效果边界","education","共享主题模块","课堂目标、活动记录与学习过程材料","让任务、教学目标与评价对应，保留班级差异","换了老师也换了活动，改善却全归到工具上","课后高分不能独立证明某项教学设计有效","北京师范大学：课程与教学研究方向 [学科范围]","https://cter.bnu.edu.cn/docs/2024-05/e0d9749ec02e425eb45aa96fefdadc2a.pdf","2026-10-04","内容编辑与机制审核，未获逐方向专家签审"
"chinese-language-1","chinese-language","古代文学","作品版本、语言材料与解释语境","literature","细分核对","叙述者段落、视角切换与作品版本","区分人物发言、叙述者评价与作者立场","反讽人物的台词被直接当成作者主张","叙述声音不独立代表作者立场","北京大学中文系：学科介绍 [相邻学科范围]","https://chinese.pku.edu.cn/yxgk/bxjj/index.htm","2026-10-04","内容编辑与机制审核，未获逐方向专家签审"
"chinese-language-2","chinese-language","现代文学","作品版本、语言材料与解释语境","literature","细分核对","叙述者段落、视角切换与作品版本","区分人物发言、叙述者评价与作者立场","反讽人物的台词被直接当成作者主张","叙述声音不独立代表作者立场","北京大学中文系：学科介绍 [相邻学科范围]","https://chinese.pku.edu.cn/yxgk/bxjj/index.htm","2026-10-04","内容编辑与机制审核，未获逐方向专家签审"
"chinese-language-3","chinese-language","当代文学","作品版本、语言材料与解释语境","literature","细分核对","叙述者段落、视角切换与作品版本","区分人物发言、叙述者评价与作者立场","反讽人物的台词被直接当成作者主张","叙述声音不独立代表作者立场","北京大学中文系：学科介绍 [相邻学科范围]","https://chinese.pku.edu.cn/yxgk/bxjj/index.htm","2026-10-04","内容编辑与机制审核，未获逐方向专家签审"
"chinese-language-4","chinese-language","文艺理论","作品版本、语言材料与解释语境","literature","共享主题模块","作品版本、发表语境与引文出处","对照版本差异，区分人物话语与作者判断","后来的删改本被当成作品初刊的原貌","局部引文不能独立支撑整段时代或作者判断","北京大学中文系：学科介绍 [相邻学科范围]","https://chinese.pku.edu.cn/yxgk/bxjj/index.htm","2026-10-04","内容编辑与机制审核，未获逐方向专家签审"
"chinese-language-5","chinese-language","汉语语法","作品版本、语言材料与解释语境","language","细分核对","最小对立句、判断任务与说话人分布","分开结构限制、加工负担与语境适切性","不自然的语境被当成句法结构不合法","接受度不能脱离任务和语境解释","北京大学中文系：学科介绍 [相邻学科范围]","https://chinese.pku.edu.cn/yxgk/bxjj/index.htm","2026-10-04","内容编辑与机制审核，未获逐方向专家签审"
"chinese-language-6","chinese-language","汉语词汇","作品版本、语言材料与解释语境","language","共享主题模块","语料出处、体裁、语境与标注记录","保留语境与标注分歧，再比较表达功能","反问句在自动标注里全被计为普通陈述","频率差异不能脱离体裁和语境解释","北京大学中文系：学科介绍 [相邻学科范围]","https://chinese.pku.edu.cn/yxgk/bxjj/index.htm","2026-10-04","内容编辑与机制审核，未获逐方向专家签审"
"chinese-language-7","chinese-language","汉语方言","作品版本、语言材料与解释语境","language","共享主题模块","语料出处、体裁、语境与标注记录","保留语境与标注分歧，再比较表达功能","反问句在自动标注里全被计为普通陈述","频率差异不能脱离体裁和语境解释","北京大学中文系：学科介绍 [相邻学科范围]","https://chinese.pku.edu.cn/yxgk/bxjj/index.htm","2026-10-04","内容编辑与机制审核，未获逐方向专家签审"
"chinese-language-8","chinese-language","古典文献","作品版本、语言材料与解释语境","language","共享主题模块","语料出处、体裁、语境与标注记录","保留语境与标注分歧，再比较表达功能","反问句在自动标注里全被计为普通陈述","频率差异不能脱离体裁和语境解释","北京大学中文系：学科介绍 [相邻学科范围]","https://chinese.pku.edu.cn/yxgk/bxjj/index.htm","2026-10-04","内容编辑与机制审核，未获逐方向专家签审"
"chinese-language-9","chinese-language","文学批评","作品版本、语言材料与解释语境","literature","细分核对","叙述者段落、视角切换与作品版本","区分人物发言、叙述者评价与作者立场","反讽人物的台词被直接当成作者主张","叙述声音不独立代表作者立场","北京大学中文系：学科介绍 [相邻学科范围]","https://chinese.pku.edu.cn/yxgk/bxjj/index.htm","2026-10-04","内容编辑与机制审核，未获逐方向专家签审"
"chinese-language-10","chinese-language","文学与媒介","作品版本、语言材料与解释语境","literature","细分核对","叙述者段落、视角切换与作品版本","区分人物发言、叙述者评价与作者立场","反讽人物的台词被直接当成作者主张","叙述声音不独立代表作者立场","北京大学中文系：学科介绍 [相邻学科范围]","https://chinese.pku.edu.cn/yxgk/bxjj/index.htm","2026-10-04","内容编辑与机制审核，未获逐方向专家签审"
"chinese-language-11","chinese-language","地域文学","作品版本、语言材料与解释语境","literature","细分核对","叙述者段落、视角切换与作品版本","区分人物发言、叙述者评价与作者立场","反讽人物的台词被直接当成作者主张","叙述声音不独立代表作者立场","北京大学中文系：学科介绍 [相邻学科范围]","https://chinese.pku.edu.cn/yxgk/bxjj/index.htm","2026-10-04","内容编辑与机制审核，未获逐方向专家签审"
"chinese-language-12","chinese-language","文学教育","作品版本、语言材料与解释语境","education","细分核对","叙述者段落、视角切换与作品版本","区分人物发言、叙述者评价与作者立场","反讽人物的台词被直接当成作者主张","叙述声音不独立代表作者立场","北京师范大学：课程与教学研究方向 [学科范围]","https://cter.bnu.edu.cn/docs/2024-05/e0d9749ec02e425eb45aa96fefdadc2a.pdf","2026-10-04","内容编辑与机制审核，未获逐方向专家签审"
"foreign-literatures-1","foreign-literatures","英语文学","语种、译本与比较范围","literature","细分核对","叙述者段落、视角切换与作品版本","区分人物发言、叙述者评价与作者立场","反讽人物的台词被直接当成作者主张","叙述声音不独立代表作者立场","北京大学中文系：学科介绍 [相邻学科范围]","https://chinese.pku.edu.cn/yxgk/bxjj/index.htm","2026-10-04","内容编辑与机制审核，未获逐方向专家签审"
"foreign-literatures-2","foreign-literatures","法语文学","语种、译本与比较范围","literature","细分核对","叙述者段落、视角切换与作品版本","区分人物发言、叙述者评价与作者立场","反讽人物的台词被直接当成作者主张","叙述声音不独立代表作者立场","北京大学中文系：学科介绍 [相邻学科范围]","https://chinese.pku.edu.cn/yxgk/bxjj/index.htm","2026-10-04","内容编辑与机制审核，未获逐方向专家签审"
"foreign-literatures-3","foreign-literatures","德语文学","语种、译本与比较范围","literature","细分核对","叙述者段落、视角切换与作品版本","区分人物发言、叙述者评价与作者立场","反讽人物的台词被直接当成作者主张","叙述声音不独立代表作者立场","北京大学中文系：学科介绍 [相邻学科范围]","https://chinese.pku.edu.cn/yxgk/bxjj/index.htm","2026-10-04","内容编辑与机制审核，未获逐方向专家签审"
"foreign-literatures-4","foreign-literatures","俄语文学","语种、译本与比较范围","literature","细分核对","叙述者段落、视角切换与作品版本","区分人物发言、叙述者评价与作者立场","反讽人物的台词被直接当成作者主张","叙述声音不独立代表作者立场","北京大学中文系：学科介绍 [相邻学科范围]","https://chinese.pku.edu.cn/yxgk/bxjj/index.htm","2026-10-04","内容编辑与机制审核，未获逐方向专家签审"
"foreign-literatures-5","foreign-literatures","日本文学","语种、译本与比较范围","literature","细分核对","叙述者段落、视角切换与作品版本","区分人物发言、叙述者评价与作者立场","反讽人物的台词被直接当成作者主张","叙述声音不独立代表作者立场","北京大学中文系：学科介绍 [相邻学科范围]","https://chinese.pku.edu.cn/yxgk/bxjj/index.htm","2026-10-04","内容编辑与机制审核，未获逐方向专家签审"
"foreign-literatures-6","foreign-literatures","韩国文学","语种、译本与比较范围","literature","细分核对","叙述者段落、视角切换与作品版本","区分人物发言、叙述者评价与作者立场","反讽人物的台词被直接当成作者主张","叙述声音不独立代表作者立场","北京大学中文系：学科介绍 [相邻学科范围]","https://chinese.pku.edu.cn/yxgk/bxjj/index.htm","2026-10-04","内容编辑与机制审核，未获逐方向专家签审"
"foreign-literatures-7","foreign-literatures","跨文化比较","语种、译本与比较范围","literature","细分核对","叙述者段落、视角切换与作品版本","区分人物发言、叙述者评价与作者立场","反讽人物的台词被直接当成作者主张","叙述声音不独立代表作者立场","北京大学中文系：学科介绍 [相邻学科范围]","https://chinese.pku.edu.cn/yxgk/bxjj/index.htm","2026-10-04","内容编辑与机制审核，未获逐方向专家签审"
"foreign-literatures-8","foreign-literatures","世界文学","语种、译本与比较范围","literature","细分核对","叙述者段落、视角切换与作品版本","区分人物发言、叙述者评价与作者立场","反讽人物的台词被直接当成作者主张","叙述声音不独立代表作者立场","北京大学中文系：学科介绍 [相邻学科范围]","https://chinese.pku.edu.cn/yxgk/bxjj/index.htm","2026-10-04","内容编辑与机制审核，未获逐方向专家签审"
"foreign-literatures-9","foreign-literatures","文学翻译","语种、译本与比较范围","translation","细分核对","叙述者段落、视角切换与作品版本","区分人物发言、叙述者评价与作者立场","反讽人物的台词被直接当成作者主张","叙述声音不独立代表作者立场","北京大学中文系：学科介绍 [相邻学科范围]","https://chinese.pku.edu.cn/yxgk/bxjj/index.htm","2026-10-04","内容编辑与机制审核，未获逐方向专家签审"
"foreign-literatures-10","foreign-literatures","后殖民研究","语种、译本与比较范围","literature","共享主题模块","作品版本、发表语境与引文出处","对照版本差异，区分人物话语与作者判断","后来的删改本被当成作品初刊的原貌","局部引文不能独立支撑整段时代或作者判断","北京大学中文系：学科介绍 [相邻学科范围]","https://chinese.pku.edu.cn/yxgk/bxjj/index.htm","2026-10-04","内容编辑与机制审核，未获逐方向专家签审"
"foreign-literatures-11","foreign-literatures","文学与迁移","语种、译本与比较范围","literature","细分核对","叙述者段落、视角切换与作品版本","区分人物发言、叙述者评价与作者立场","反讽人物的台词被直接当成作者主张","叙述声音不独立代表作者立场","北京大学中文系：学科介绍 [相邻学科范围]","https://chinese.pku.edu.cn/yxgk/bxjj/index.htm","2026-10-04","内容编辑与机制审核，未获逐方向专家签审"
"foreign-literatures-12","foreign-literatures","比较诗学","语种、译本与比较范围","literature","细分核对","叙述者段落、视角切换与作品版本","区分人物发言、叙述者评价与作者立场","反讽人物的台词被直接当成作者主张","叙述声音不独立代表作者立场","北京大学中文系：学科介绍 [相邻学科范围]","https://chinese.pku.edu.cn/yxgk/bxjj/index.htm","2026-10-04","内容编辑与机制审核，未获逐方向专家签审"
"linguistics-studies-1","linguistics-studies","语音学","语言单位、语料条件与使用情境","language","细分核对","语音片段、说话人背景与音位对立材料","区分声学差异、音系对立与语境变体","音高差异被直接当成两个不同音位","声学距离不独立证明音系地位","北京大学中文系：学科介绍 [相邻学科范围]","https://chinese.pku.edu.cn/yxgk/bxjj/index.htm","2026-10-04","内容编辑与机制审核，未获逐方向专家签审"
"linguistics-studies-2","linguistics-studies","音系学","语言单位、语料条件与使用情境","language","细分核对","语音片段、说话人背景与音位对立材料","区分声学差异、音系对立与语境变体","音高差异被直接当成两个不同音位","声学距离不独立证明音系地位","北京大学中文系：学科介绍 [相邻学科范围]","https://chinese.pku.edu.cn/yxgk/bxjj/index.htm","2026-10-04","内容编辑与机制审核，未获逐方向专家签审"
"linguistics-studies-3","linguistics-studies","句法学","语言单位、语料条件与使用情境","language","细分核对","最小对立句、判断任务与说话人分布","分开结构限制、加工负担与语境适切性","不自然的语境被当成句法结构不合法","接受度不能脱离任务和语境解释","北京大学中文系：学科介绍 [相邻学科范围]","https://chinese.pku.edu.cn/yxgk/bxjj/index.htm","2026-10-04","内容编辑与机制审核，未获逐方向专家签审"
"linguistics-studies-4","linguistics-studies","语义学","语言单位、语料条件与使用情境","language","共享主题模块","语料出处、体裁、语境与标注记录","保留语境与标注分歧，再比较表达功能","反问句在自动标注里全被计为普通陈述","频率差异不能脱离体裁和语境解释","北京大学中文系：学科介绍 [相邻学科范围]","https://chinese.pku.edu.cn/yxgk/bxjj/index.htm","2026-10-04","内容编辑与机制审核，未获逐方向专家签审"
"linguistics-studies-5","linguistics-studies","语用学","语言单位、语料条件与使用情境","language","共享主题模块","语料出处、体裁、语境与标注记录","保留语境与标注分歧，再比较表达功能","反问句在自动标注里全被计为普通陈述","频率差异不能脱离体裁和语境解释","北京大学中文系：学科介绍 [相邻学科范围]","https://chinese.pku.edu.cn/yxgk/bxjj/index.htm","2026-10-04","内容编辑与机制审核，未获逐方向专家签审"
"linguistics-studies-6","linguistics-studies","社会语言学","语言单位、语料条件与使用情境","language","共享主题模块","语料出处、体裁、语境与标注记录","保留语境与标注分歧，再比较表达功能","反问句在自动标注里全被计为普通陈述","频率差异不能脱离体裁和语境解释","北京大学中文系：学科介绍 [相邻学科范围]","https://chinese.pku.edu.cn/yxgk/bxjj/index.htm","2026-10-04","内容编辑与机制审核，未获逐方向专家签审"
"linguistics-studies-7","linguistics-studies","心理语言学","语言单位、语料条件与使用情境","language","共享主题模块","语料出处、体裁、语境与标注记录","保留语境与标注分歧，再比较表达功能","反问句在自动标注里全被计为普通陈述","频率差异不能脱离体裁和语境解释","北京大学中文系：学科介绍 [相邻学科范围]","https://chinese.pku.edu.cn/yxgk/bxjj/index.htm","2026-10-04","内容编辑与机制审核，未获逐方向专家签审"
"linguistics-studies-8","linguistics-studies","语料库语言学","语言单位、语料条件与使用情境","language","共享主题模块","语料出处、体裁、语境与标注记录","保留语境与标注分歧，再比较表达功能","反问句在自动标注里全被计为普通陈述","频率差异不能脱离体裁和语境解释","北京大学中文系：学科介绍 [相邻学科范围]","https://chinese.pku.edu.cn/yxgk/bxjj/index.htm","2026-10-04","内容编辑与机制审核，未获逐方向专家签审"
"linguistics-studies-9","linguistics-studies","语言接触","语言单位、语料条件与使用情境","language","共享主题模块","语料出处、体裁、语境与标注记录","保留语境与标注分歧，再比较表达功能","反问句在自动标注里全被计为普通陈述","频率差异不能脱离体裁和语境解释","北京大学中文系：学科介绍 [相邻学科范围]","https://chinese.pku.edu.cn/yxgk/bxjj/index.htm","2026-10-04","内容编辑与机制审核，未获逐方向专家签审"
"linguistics-studies-10","linguistics-studies","语言习得","语言单位、语料条件与使用情境","language-learning","共享主题模块","学习阶段、任务条件与学习者反应","区分语言知识、任务熟悉和实际使用表现","练熟同一套题的提高被写成普遍语言能力提高","练习题表现不能独立代表新情境下的语言运用","北京大学中文系：学科介绍 [相邻学科范围]；北京师范大学：课程与教学研究方向 [学科范围]","https://chinese.pku.edu.cn/yxgk/bxjj/index.htm；https://cter.bnu.edu.cn/docs/2024-05/e0d9749ec02e425eb45aa96fefdadc2a.pdf","2026-10-04","内容编辑与机制审核，未获逐方向专家签审"
"linguistics-studies-11","linguistics-studies","语言政策","语言单位、语料条件与使用情境","language","共享主题模块","语料出处、体裁、语境与标注记录","保留语境与标注分歧，再比较表达功能","反问句在自动标注里全被计为普通陈述","频率差异不能脱离体裁和语境解释","北京大学中文系：学科介绍 [相邻学科范围]","https://chinese.pku.edu.cn/yxgk/bxjj/index.htm","2026-10-04","内容编辑与机制审核，未获逐方向专家签审"
"linguistics-studies-12","linguistics-studies","语言技术评价","语言单位、语料条件与使用情境","language","共享主题模块","语料出处、体裁、语境与标注记录","保留语境与标注分歧，再比较表达功能","反问句在自动标注里全被计为普通陈述","频率差异不能脱离体裁和语境解释","北京大学中文系：学科介绍 [相邻学科范围]","https://chinese.pku.edu.cn/yxgk/bxjj/index.htm","2026-10-04","内容编辑与机制审核，未获逐方向专家签审"
"translation-studies-1","translation-studies","翻译理论","翻译目的、文本版本与取舍依据","translation","细分核对","原文段落、译者取舍与目标读者任务","分别评价信息、文体与翻译目的","为读者调整的段落只按逐词相似评价","译文评价必须说明用途与语境","北京大学中文系：学科介绍 [相邻学科范围]","https://chinese.pku.edu.cn/yxgk/bxjj/index.htm","2026-10-04","内容编辑与机制审核，未获逐方向专家签审"
"translation-studies-2","translation-studies","翻译史","翻译目的、文本版本与取舍依据","translation","细分核对","原文段落、译者取舍与目标读者任务","分别评价信息、文体与翻译目的","为读者调整的段落只按逐词相似评价","译文评价必须说明用途与语境","北京大学中文系：学科介绍 [相邻学科范围]","https://chinese.pku.edu.cn/yxgk/bxjj/index.htm","2026-10-04","内容编辑与机制审核，未获逐方向专家签审"
"translation-studies-3","translation-studies","文学翻译","翻译目的、文本版本与取舍依据","translation","细分核对","原文段落、译者取舍与目标读者任务","分别评价信息、文体与翻译目的","为读者调整的段落只按逐词相似评价","译文评价必须说明用途与语境","北京大学中文系：学科介绍 [相邻学科范围]","https://chinese.pku.edu.cn/yxgk/bxjj/index.htm","2026-10-04","内容编辑与机制审核，未获逐方向专家签审"
"translation-studies-4","translation-studies","口译研究","翻译目的、文本版本与取舍依据","translation","细分核对","原文段落、译者取舍与目标读者任务","分别评价信息、文体与翻译目的","为读者调整的段落只按逐词相似评价","译文评价必须说明用途与语境","北京大学中文系：学科介绍 [相邻学科范围]","https://chinese.pku.edu.cn/yxgk/bxjj/index.htm","2026-10-04","内容编辑与机制审核，未获逐方向专家签审"
"translation-studies-5","translation-studies","专业翻译","翻译目的、文本版本与取舍依据","translation","细分核对","原文段落、译者取舍与目标读者任务","分别评价信息、文体与翻译目的","为读者调整的段落只按逐词相似评价","译文评价必须说明用途与语境","北京大学中文系：学科介绍 [相邻学科范围]","https://chinese.pku.edu.cn/yxgk/bxjj/index.htm","2026-10-04","内容编辑与机制审核，未获逐方向专家签审"
"translation-studies-6","translation-studies","视听翻译","翻译目的、文本版本与取舍依据","translation","细分核对","原文段落、译者取舍与目标读者任务","分别评价信息、文体与翻译目的","为读者调整的段落只按逐词相似评价","译文评价必须说明用途与语境","北京大学中文系：学科介绍 [相邻学科范围]","https://chinese.pku.edu.cn/yxgk/bxjj/index.htm","2026-10-04","内容编辑与机制审核，未获逐方向专家签审"
"translation-studies-7","translation-studies","机器翻译评价","翻译目的、文本版本与取舍依据","translation","细分核对","原文段落、译者取舍与目标读者任务","分别评价信息、文体与翻译目的","为读者调整的段落只按逐词相似评价","译文评价必须说明用途与语境","北京大学中文系：学科介绍 [相邻学科范围]","https://chinese.pku.edu.cn/yxgk/bxjj/index.htm","2026-10-04","内容编辑与机制审核，未获逐方向专家签审"
"translation-studies-8","translation-studies","翻译技术","翻译目的、文本版本与取舍依据","translation","细分核对","原文段落、译者取舍与目标读者任务","分别评价信息、文体与翻译目的","为读者调整的段落只按逐词相似评价","译文评价必须说明用途与语境","北京大学中文系：学科介绍 [相邻学科范围]","https://chinese.pku.edu.cn/yxgk/bxjj/index.htm","2026-10-04","内容编辑与机制审核，未获逐方向专家签审"
"translation-studies-9","translation-studies","译者研究","翻译目的、文本版本与取舍依据","translation","细分核对","原文段落、译者取舍与目标读者任务","分别评价信息、文体与翻译目的","为读者调整的段落只按逐词相似评价","译文评价必须说明用途与语境","北京大学中文系：学科介绍 [相邻学科范围]","https://chinese.pku.edu.cn/yxgk/bxjj/index.htm","2026-10-04","内容编辑与机制审核，未获逐方向专家签审"
"translation-studies-10","translation-studies","翻译教育","翻译目的、文本版本与取舍依据","education","细分核对","原文段落、译者取舍与目标读者任务","分别评价信息、文体与翻译目的","为读者调整的段落只按逐词相似评价","译文评价必须说明用途与语境","北京师范大学：课程与教学研究方向 [学科范围]","https://cter.bnu.edu.cn/docs/2024-05/e0d9749ec02e425eb45aa96fefdadc2a.pdf","2026-10-04","内容编辑与机制审核，未获逐方向专家签审"
"translation-studies-11","translation-studies","跨文化交流","翻译目的、文本版本与取舍依据","translation","细分核对","原文段落、译者取舍与目标读者任务","分别评价信息、文体与翻译目的","为读者调整的段落只按逐词相似评价","译文评价必须说明用途与语境","北京大学中文系：学科介绍 [相邻学科范围]","https://chinese.pku.edu.cn/yxgk/bxjj/index.htm","2026-10-04","内容编辑与机制审核，未获逐方向专家签审"
"translation-studies-12","translation-studies","翻译伦理","翻译目的、文本版本与取舍依据","translation","细分核对","原文段落、译者取舍与目标读者任务","分别评价信息、文体与翻译目的","为读者调整的段落只按逐词相似评价","译文评价必须说明用途与语境","北京大学中文系：学科介绍 [相邻学科范围]","https://chinese.pku.edu.cn/yxgk/bxjj/index.htm","2026-10-04","内容编辑与机制审核，未获逐方向专家签审"
"media-studies-1","media-studies","新闻史","消息来源、传播过程与受众范围","media","细分核对","发布记录、推荐入口与受众接触路径","区分曝光、接触、理解与态度变化","推荐规则变化被写成受众兴趣突然转向","平台互动不独立代表全部受众态度","北京大学中文系：学科介绍 [相邻学科范围]","https://chinese.pku.edu.cn/yxgk/bxjj/index.htm","2026-10-04","内容编辑与机制审核，未获逐方向专家签审"
"media-studies-2","media-studies","新闻生产","消息来源、传播过程与受众范围","media","细分核对","发布记录、推荐入口与受众接触路径","区分曝光、接触、理解与态度变化","推荐规则变化被写成受众兴趣突然转向","平台互动不独立代表全部受众态度","北京大学中文系：学科介绍 [相邻学科范围]","https://chinese.pku.edu.cn/yxgk/bxjj/index.htm","2026-10-04","内容编辑与机制审核，未获逐方向专家签审"
"media-studies-3","media-studies","传播理论","消息来源、传播过程与受众范围","media","细分核对","发布记录、推荐入口与受众接触路径","区分曝光、接触、理解与态度变化","推荐规则变化被写成受众兴趣突然转向","平台互动不独立代表全部受众态度","北京大学中文系：学科介绍 [相邻学科范围]","https://chinese.pku.edu.cn/yxgk/bxjj/index.htm","2026-10-04","内容编辑与机制审核，未获逐方向专家签审"
"media-studies-4","media-studies","受众研究","消息来源、传播过程与受众范围","media","细分核对","发布记录、推荐入口与受众接触路径","区分曝光、接触、理解与态度变化","推荐规则变化被写成受众兴趣突然转向","平台互动不独立代表全部受众态度","北京大学中文系：学科介绍 [相邻学科范围]","https://chinese.pku.edu.cn/yxgk/bxjj/index.htm","2026-10-04","内容编辑与机制审核，未获逐方向专家签审"
"media-studies-5","media-studies","平台传播","消息来源、传播过程与受众范围","media","细分核对","发布记录、推荐入口与受众接触路径","区分曝光、接触、理解与态度变化","推荐规则变化被写成受众兴趣突然转向","平台互动不独立代表全部受众态度","北京大学中文系：学科介绍 [相邻学科范围]","https://chinese.pku.edu.cn/yxgk/bxjj/index.htm","2026-10-04","内容编辑与机制审核，未获逐方向专家签审"
"media-studies-6","media-studies","视觉传播","消息来源、传播过程与受众范围","media","细分核对","发布记录、推荐入口与受众接触路径","区分曝光、接触、理解与态度变化","推荐规则变化被写成受众兴趣突然转向","平台互动不独立代表全部受众态度","北京大学中文系：学科介绍 [相邻学科范围]","https://chinese.pku.edu.cn/yxgk/bxjj/index.htm","2026-10-04","内容编辑与机制审核，未获逐方向专家签审"
"media-studies-7","media-studies","健康传播","消息来源、传播过程与受众范围","media","细分核对","发布记录、推荐入口与受众接触路径","区分曝光、接触、理解与态度变化","推荐规则变化被写成受众兴趣突然转向","平台互动不独立代表全部受众态度","北京大学中文系：学科介绍 [相邻学科范围]","https://chinese.pku.edu.cn/yxgk/bxjj/index.htm","2026-10-04","内容编辑与机制审核，未获逐方向专家签审"
"media-studies-8","media-studies","科学传播","消息来源、传播过程与受众范围","media","细分核对","发布记录、推荐入口与受众接触路径","区分曝光、接触、理解与态度变化","推荐规则变化被写成受众兴趣突然转向","平台互动不独立代表全部受众态度","北京大学中文系：学科介绍 [相邻学科范围]","https://chinese.pku.edu.cn/yxgk/bxjj/index.htm","2026-10-04","内容编辑与机制审核，未获逐方向专家签审"
"media-studies-9","media-studies","公共传播","消息来源、传播过程与受众范围","media","细分核对","发布记录、推荐入口与受众接触路径","区分曝光、接触、理解与态度变化","推荐规则变化被写成受众兴趣突然转向","平台互动不独立代表全部受众态度","北京大学中文系：学科介绍 [相邻学科范围]","https://chinese.pku.edu.cn/yxgk/bxjj/index.htm","2026-10-04","内容编辑与机制审核，未获逐方向专家签审"
"media-studies-10","media-studies","媒介伦理","消息来源、传播过程与受众范围","media","细分核对","发布记录、推荐入口与受众接触路径","区分曝光、接触、理解与态度变化","推荐规则变化被写成受众兴趣突然转向","平台互动不独立代表全部受众态度","北京大学中文系：学科介绍 [相邻学科范围]","https://chinese.pku.edu.cn/yxgk/bxjj/index.htm","2026-10-04","内容编辑与机制审核，未获逐方向专家签审"
"media-studies-11","media-studies","数字新闻","消息来源、传播过程与受众范围","media","细分核对","发布记录、推荐入口与受众接触路径","区分曝光、接触、理解与态度变化","推荐规则变化被写成受众兴趣突然转向","平台互动不独立代表全部受众态度","北京大学中文系：学科介绍 [相邻学科范围]","https://chinese.pku.edu.cn/yxgk/bxjj/index.htm","2026-10-04","内容编辑与机制审核，未获逐方向专家签审"
"media-studies-12","media-studies","媒介档案","消息来源、传播过程与受众范围","media","细分核对","发布记录、推荐入口与受众接触路径","区分曝光、接触、理解与态度变化","推荐规则变化被写成受众兴趣突然转向","平台互动不独立代表全部受众态度","北京大学中文系：学科介绍 [相邻学科范围]","https://chinese.pku.edu.cn/yxgk/bxjj/index.htm","2026-10-04","内容编辑与机制审核，未获逐方向专家签审"
"chinese-history-1","chinese-history","中国古代史","史料年代、地域与史家解释","history","细分核对","档案原件、成文日期与编纂版本","区分事件发生、材料写成与后来编辑的时间","多年后的回忆进入事件当天的信息集","后人知道的结果不能倒填给当时的人","北京大学历史学系：学科介绍 [学科范围]","https://history.pku.edu.cn/bxgk/xkjj/index.htm","2026-10-04","内容编辑与机制审核，未获逐方向专家签审"
"chinese-history-2","chinese-history","中国近现代史","史料年代、地域与史家解释","history","细分核对","档案原件、成文日期与编纂版本","区分事件发生、材料写成与后来编辑的时间","多年后的回忆进入事件当天的信息集","后人知道的结果不能倒填给当时的人","北京大学历史学系：学科介绍 [学科范围]","https://history.pku.edu.cn/bxgk/xkjj/index.htm","2026-10-04","内容编辑与机制审核，未获逐方向专家签审"
"chinese-history-3","chinese-history","制度史","史料年代、地域与史家解释","history","细分核对","档案原件、成文日期与编纂版本","区分事件发生、材料写成与后来编辑的时间","多年后的回忆进入事件当天的信息集","后人知道的结果不能倒填给当时的人","北京大学历史学系：学科介绍 [学科范围]","https://history.pku.edu.cn/bxgk/xkjj/index.htm","2026-10-04","内容编辑与机制审核，未获逐方向专家签审"
"chinese-history-4","chinese-history","经济史","史料年代、地域与史家解释","history","细分核对","档案原件、成文日期与编纂版本","区分事件发生、材料写成与后来编辑的时间","多年后的回忆进入事件当天的信息集","后人知道的结果不能倒填给当时的人","北京大学历史学系：学科介绍 [学科范围]","https://history.pku.edu.cn/bxgk/xkjj/index.htm","2026-10-04","内容编辑与机制审核，未获逐方向专家签审"
"chinese-history-5","chinese-history","社会史","史料年代、地域与史家解释","history","细分核对","档案原件、成文日期与编纂版本","区分事件发生、材料写成与后来编辑的时间","多年后的回忆进入事件当天的信息集","后人知道的结果不能倒填给当时的人","北京大学历史学系：学科介绍 [学科范围]","https://history.pku.edu.cn/bxgk/xkjj/index.htm","2026-10-04","内容编辑与机制审核，未获逐方向专家签审"
"chinese-history-6","chinese-history","文化史","史料年代、地域与史家解释","history","细分核对","档案原件、成文日期与编纂版本","区分事件发生、材料写成与后来编辑的时间","多年后的回忆进入事件当天的信息集","后人知道的结果不能倒填给当时的人","北京大学历史学系：学科介绍 [学科范围]","https://history.pku.edu.cn/bxgk/xkjj/index.htm","2026-10-04","内容编辑与机制审核，未获逐方向专家签审"
"chinese-history-7","chinese-history","思想史","史料年代、地域与史家解释","history","细分核对","档案原件、成文日期与编纂版本","区分事件发生、材料写成与后来编辑的时间","多年后的回忆进入事件当天的信息集","后人知道的结果不能倒填给当时的人","北京大学历史学系：学科介绍 [学科范围]","https://history.pku.edu.cn/bxgk/xkjj/index.htm","2026-10-04","内容编辑与机制审核，未获逐方向专家签审"
"chinese-history-8","chinese-history","地方史","史料年代、地域与史家解释","history","细分核对","档案原件、成文日期与编纂版本","区分事件发生、材料写成与后来编辑的时间","多年后的回忆进入事件当天的信息集","后人知道的结果不能倒填给当时的人","北京大学历史学系：学科介绍 [学科范围]","https://history.pku.edu.cn/bxgk/xkjj/index.htm","2026-10-04","内容编辑与机制审核，未获逐方向专家签审"
"chinese-history-9","chinese-history","人口史","史料年代、地域与史家解释","history","细分核对","档案原件、成文日期与编纂版本","区分事件发生、材料写成与后来编辑的时间","多年后的回忆进入事件当天的信息集","后人知道的结果不能倒填给当时的人","北京大学历史学系：学科介绍 [学科范围]","https://history.pku.edu.cn/bxgk/xkjj/index.htm","2026-10-04","内容编辑与机制审核，未获逐方向专家签审"
"chinese-history-10","chinese-history","交通与交流史","史料年代、地域与史家解释","history","细分核对","档案原件、成文日期与编纂版本","区分事件发生、材料写成与后来编辑的时间","多年后的回忆进入事件当天的信息集","后人知道的结果不能倒填给当时的人","北京大学历史学系：学科介绍 [学科范围]","https://history.pku.edu.cn/bxgk/xkjj/index.htm","2026-10-04","内容编辑与机制审核，未获逐方向专家签审"
"chinese-history-11","chinese-history","中国史学史","史料年代、地域与史家解释","history","细分核对","档案原件、成文日期与编纂版本","区分事件发生、材料写成与后来编辑的时间","多年后的回忆进入事件当天的信息集","后人知道的结果不能倒填给当时的人","北京大学历史学系：学科介绍 [学科范围]","https://history.pku.edu.cn/bxgk/xkjj/index.htm","2026-10-04","内容编辑与机制审核，未获逐方向专家签审"
"chinese-history-12","chinese-history","中国历史地理","史料年代、地域与史家解释","historical-geography","细分核对","档案原件、成文日期与编纂版本","区分事件发生、材料写成与后来编辑的时间","多年后的回忆进入事件当天的信息集","后人知道的结果不能倒填给当时的人","北京大学历史学系：学科介绍 [学科范围]","https://history.pku.edu.cn/bxgk/xkjj/index.htm","2026-10-04","内容编辑与机制审核，未获逐方向专家签审"
"world-history-1","world-history","古代世界史","跨地区资料与历史比较","history","细分核对","档案原件、成文日期与编纂版本","区分事件发生、材料写成与后来编辑的时间","多年后的回忆进入事件当天的信息集","后人知道的结果不能倒填给当时的人","北京大学历史学系：学科介绍 [学科范围]","https://history.pku.edu.cn/bxgk/xkjj/index.htm","2026-10-04","内容编辑与机制审核，未获逐方向专家签审"
"world-history-2","world-history","中世纪史","跨地区资料与历史比较","history","细分核对","档案原件、成文日期与编纂版本","区分事件发生、材料写成与后来编辑的时间","多年后的回忆进入事件当天的信息集","后人知道的结果不能倒填给当时的人","北京大学历史学系：学科介绍 [学科范围]","https://history.pku.edu.cn/bxgk/xkjj/index.htm","2026-10-04","内容编辑与机制审核，未获逐方向专家签审"
"world-history-3","world-history","世界近代史","跨地区资料与历史比较","history","细分核对","档案原件、成文日期与编纂版本","区分事件发生、材料写成与后来编辑的时间","多年后的回忆进入事件当天的信息集","后人知道的结果不能倒填给当时的人","北京大学历史学系：学科介绍 [学科范围]","https://history.pku.edu.cn/bxgk/xkjj/index.htm","2026-10-04","内容编辑与机制审核，未获逐方向专家签审"
"world-history-4","world-history","世界现代史","跨地区资料与历史比较","history","细分核对","档案原件、成文日期与编纂版本","区分事件发生、材料写成与后来编辑的时间","多年后的回忆进入事件当天的信息集","后人知道的结果不能倒填给当时的人","北京大学历史学系：学科介绍 [学科范围]","https://history.pku.edu.cn/bxgk/xkjj/index.htm","2026-10-04","内容编辑与机制审核，未获逐方向专家签审"
"world-history-5","world-history","区域史","跨地区资料与历史比较","history","细分核对","档案原件、成文日期与编纂版本","区分事件发生、材料写成与后来编辑的时间","多年后的回忆进入事件当天的信息集","后人知道的结果不能倒填给当时的人","北京大学历史学系：学科介绍 [学科范围]","https://history.pku.edu.cn/bxgk/xkjj/index.htm","2026-10-04","内容编辑与机制审核，未获逐方向专家签审"
"world-history-6","world-history","全球史","跨地区资料与历史比较","history","细分核对","档案原件、成文日期与编纂版本","区分事件发生、材料写成与后来编辑的时间","多年后的回忆进入事件当天的信息集","后人知道的结果不能倒填给当时的人","北京大学历史学系：学科介绍 [学科范围]","https://history.pku.edu.cn/bxgk/xkjj/index.htm","2026-10-04","内容编辑与机制审核，未获逐方向专家签审"
"world-history-7","world-history","国际关系史","跨地区资料与历史比较","history","细分核对","档案原件、成文日期与编纂版本","区分事件发生、材料写成与后来编辑的时间","多年后的回忆进入事件当天的信息集","后人知道的结果不能倒填给当时的人","北京大学历史学系：学科介绍 [学科范围]","https://history.pku.edu.cn/bxgk/xkjj/index.htm","2026-10-04","内容编辑与机制审核，未获逐方向专家签审"
"world-history-8","world-history","殖民与帝国史","跨地区资料与历史比较","history","细分核对","档案原件、成文日期与编纂版本","区分事件发生、材料写成与后来编辑的时间","多年后的回忆进入事件当天的信息集","后人知道的结果不能倒填给当时的人","北京大学历史学系：学科介绍 [学科范围]","https://history.pku.edu.cn/bxgk/xkjj/index.htm","2026-10-04","内容编辑与机制审核，未获逐方向专家签审"
"world-history-9","world-history","跨国史","跨地区资料与历史比较","history","细分核对","档案原件、成文日期与编纂版本","区分事件发生、材料写成与后来编辑的时间","多年后的回忆进入事件当天的信息集","后人知道的结果不能倒填给当时的人","北京大学历史学系：学科介绍 [学科范围]","https://history.pku.edu.cn/bxgk/xkjj/index.htm","2026-10-04","内容编辑与机制审核，未获逐方向专家签审"
"world-history-10","world-history","世界经济史","跨地区资料与历史比较","history","细分核对","档案原件、成文日期与编纂版本","区分事件发生、材料写成与后来编辑的时间","多年后的回忆进入事件当天的信息集","后人知道的结果不能倒填给当时的人","北京大学历史学系：学科介绍 [学科范围]","https://history.pku.edu.cn/bxgk/xkjj/index.htm","2026-10-04","内容编辑与机制审核，未获逐方向专家签审"
"world-history-11","world-history","环境史","跨地区资料与历史比较","history","细分核对","档案原件、成文日期与编纂版本","区分事件发生、材料写成与后来编辑的时间","多年后的回忆进入事件当天的信息集","后人知道的结果不能倒填给当时的人","北京大学历史学系：学科介绍 [学科范围]","https://history.pku.edu.cn/bxgk/xkjj/index.htm","2026-10-04","内容编辑与机制审核，未获逐方向专家签审"
"world-history-12","world-history","世界史学史","跨地区资料与历史比较","history","细分核对","档案原件、成文日期与编纂版本","区分事件发生、材料写成与后来编辑的时间","多年后的回忆进入事件当天的信息集","后人知道的结果不能倒填给当时的人","北京大学历史学系：学科介绍 [学科范围]","https://history.pku.edu.cn/bxgk/xkjj/index.htm","2026-10-04","内容编辑与机制审核，未获逐方向专家签审"
"historical-documents-1","historical-documents","版本学","原件、整理本与传承链","history","细分核对","档案原件、成文日期与编纂版本","区分事件发生、材料写成与后来编辑的时间","多年后的回忆进入事件当天的信息集","后人知道的结果不能倒填给当时的人","北京大学历史学系：学科介绍 [学科范围]","https://history.pku.edu.cn/bxgk/xkjj/index.htm","2026-10-04","内容编辑与机制审核，未获逐方向专家签审"
"historical-documents-2","historical-documents","目录学","原件、整理本与传承链","history","细分核对","档案原件、成文日期与编纂版本","区分事件发生、材料写成与后来编辑的时间","多年后的回忆进入事件当天的信息集","后人知道的结果不能倒填给当时的人","北京大学历史学系：学科介绍 [学科范围]","https://history.pku.edu.cn/bxgk/xkjj/index.htm","2026-10-04","内容编辑与机制审核，未获逐方向专家签审"
"historical-documents-3","historical-documents","校勘学","原件、整理本与传承链","history","细分核对","档案原件、成文日期与编纂版本","区分事件发生、材料写成与后来编辑的时间","多年后的回忆进入事件当天的信息集","后人知道的结果不能倒填给当时的人","北京大学历史学系：学科介绍 [学科范围]","https://history.pku.edu.cn/bxgk/xkjj/index.htm","2026-10-04","内容编辑与机制审核，未获逐方向专家签审"
"historical-documents-4","historical-documents","文献整理","原件、整理本与传承链","history","细分核对","档案原件、成文日期与编纂版本","区分事件发生、材料写成与后来编辑的时间","多年后的回忆进入事件当天的信息集","后人知道的结果不能倒填给当时的人","北京大学历史学系：学科介绍 [学科范围]","https://history.pku.edu.cn/bxgk/xkjj/index.htm","2026-10-04","内容编辑与机制审核，未获逐方向专家签审"
"historical-documents-5","historical-documents","手稿研究","原件、整理本与传承链","history","细分核对","档案原件、成文日期与编纂版本","区分事件发生、材料写成与后来编辑的时间","多年后的回忆进入事件当天的信息集","后人知道的结果不能倒填给当时的人","北京大学历史学系：学科介绍 [学科范围]","https://history.pku.edu.cn/bxgk/xkjj/index.htm","2026-10-04","内容编辑与机制审核，未获逐方向专家签审"
"historical-documents-6","historical-documents","碑刻文献","原件、整理本与传承链","history","细分核对","档案原件、成文日期与编纂版本","区分事件发生、材料写成与后来编辑的时间","多年后的回忆进入事件当天的信息集","后人知道的结果不能倒填给当时的人","北京大学历史学系：学科介绍 [学科范围]","https://history.pku.edu.cn/bxgk/xkjj/index.htm","2026-10-04","内容编辑与机制审核，未获逐方向专家签审"
"historical-documents-7","historical-documents","简牍文献","原件、整理本与传承链","history","细分核对","档案原件、成文日期与编纂版本","区分事件发生、材料写成与后来编辑的时间","多年后的回忆进入事件当天的信息集","后人知道的结果不能倒填给当时的人","北京大学历史学系：学科介绍 [学科范围]","https://history.pku.edu.cn/bxgk/xkjj/index.htm","2026-10-04","内容编辑与机制审核，未获逐方向专家签审"
"historical-documents-8","historical-documents","地方志","原件、整理本与传承链","history","细分核对","档案原件、成文日期与编纂版本","区分事件发生、材料写成与后来编辑的时间","多年后的回忆进入事件当天的信息集","后人知道的结果不能倒填给当时的人","北京大学历史学系：学科介绍 [学科范围]","https://history.pku.edu.cn/bxgk/xkjj/index.htm","2026-10-04","内容编辑与机制审核，未获逐方向专家签审"
"historical-documents-9","historical-documents","历史地图","原件、整理本与传承链","historical-geography","细分核对","档案原件、成文日期与编纂版本","区分事件发生、材料写成与后来编辑的时间","多年后的回忆进入事件当天的信息集","后人知道的结果不能倒填给当时的人","北京大学历史学系：学科介绍 [学科范围]","https://history.pku.edu.cn/bxgk/xkjj/index.htm","2026-10-04","内容编辑与机制审核，未获逐方向专家签审"
"historical-documents-10","historical-documents","古籍数字化","原件、整理本与传承链","history","细分核对","档案原件、成文日期与编纂版本","区分事件发生、材料写成与后来编辑的时间","多年后的回忆进入事件当天的信息集","后人知道的结果不能倒填给当时的人","北京大学历史学系：学科介绍 [学科范围]","https://history.pku.edu.cn/bxgk/xkjj/index.htm","2026-10-04","内容编辑与机制审核，未获逐方向专家签审"
"historical-documents-11","historical-documents","文本传承","原件、整理本与传承链","history","细分核对","档案原件、成文日期与编纂版本","区分事件发生、材料写成与后来编辑的时间","多年后的回忆进入事件当天的信息集","后人知道的结果不能倒填给当时的人","北京大学历史学系：学科介绍 [学科范围]","https://history.pku.edu.cn/bxgk/xkjj/index.htm","2026-10-04","内容编辑与机制审核，未获逐方向专家签审"
"historical-documents-12","historical-documents","文献收藏史","原件、整理本与传承链","history","细分核对","档案原件、成文日期与编纂版本","区分事件发生、材料写成与后来编辑的时间","多年后的回忆进入事件当天的信息集","后人知道的结果不能倒填给当时的人","北京大学历史学系：学科介绍 [学科范围]","https://history.pku.edu.cn/bxgk/xkjj/index.htm","2026-10-04","内容编辑与机制审核，未获逐方向专家签审"
"heritage-studies-1","heritage-studies","聚落考古","出处、层位与复原中的未知","archaeology","细分核对","出土位置、层位关系与样品年代分布","把材料年代、沉积过程与活动年代分开","一件混入物被用来给整层活动定年","样品日期需要与考古语境建立联系","北京大学：科技考古教研室 [学科范围]","https://archaeology.pku.edu.cn/szdw/jxky1/jys/kjkgjys.htm","2026-10-04","内容编辑与机制审核，未获逐方向专家签审"
"heritage-studies-2","heritage-studies","城市考古","出处、层位与复原中的未知","archaeology","细分核对","出土位置、层位关系与样品年代分布","把材料年代、沉积过程与活动年代分开","一件混入物被用来给整层活动定年","样品日期需要与考古语境建立联系","北京大学：科技考古教研室 [学科范围]","https://archaeology.pku.edu.cn/szdw/jxky1/jys/kjkgjys.htm","2026-10-04","内容编辑与机制审核，未获逐方向专家签审"
"heritage-studies-3","heritage-studies","墓葬资料","出处、层位与复原中的未知","heritage","共享主题模块","对象来源、保存状态与展示解释","区分保存目标、展示叙事与使用者理解","展示采用的复原想象被游客当成确定历史","复原与展示解释需要标明依据和不确定性","北京大学：科技考古教研室 [学科范围]；中央美术学院：人文学院 [相邻学科范围]","https://archaeology.pku.edu.cn/szdw/jxky1/jys/kjkgjys.htm；https://www.cafa.edu.cn/sp/nljg/?j=151","2026-10-04","内容编辑与机制审核，未获逐方向专家签审"
"heritage-studies-4","heritage-studies","陶瓷考古","出处、层位与复原中的未知","archaeology","细分核对","出土位置、层位关系与样品年代分布","把材料年代、沉积过程与活动年代分开","一件混入物被用来给整层活动定年","样品日期需要与考古语境建立联系","北京大学：科技考古教研室 [学科范围]","https://archaeology.pku.edu.cn/szdw/jxky1/jys/kjkgjys.htm","2026-10-04","内容编辑与机制审核，未获逐方向专家签审"
"heritage-studies-5","heritage-studies","建筑考古","出处、层位与复原中的未知","archaeology","细分核对","出土位置、层位关系与样品年代分布","把材料年代、沉积过程与活动年代分开","一件混入物被用来给整层活动定年","样品日期需要与考古语境建立联系","北京大学：科技考古教研室 [学科范围]","https://archaeology.pku.edu.cn/szdw/jxky1/jys/kjkgjys.htm","2026-10-04","内容编辑与机制审核，未获逐方向专家签审"
"heritage-studies-6","heritage-studies","水下考古资料","出处、层位与复原中的未知","archaeology","细分核对","出土位置、层位关系与样品年代分布","把材料年代、沉积过程与活动年代分开","一件混入物被用来给整层活动定年","样品日期需要与考古语境建立联系","北京大学：科技考古教研室 [学科范围]","https://archaeology.pku.edu.cn/szdw/jxky1/jys/kjkgjys.htm","2026-10-04","内容编辑与机制审核，未获逐方向专家签审"
"heritage-studies-7","heritage-studies","年代资料评价","出处、层位与复原中的未知","heritage","细分核对","出土位置、层位关系与样品年代分布","把材料年代、沉积过程与活动年代分开","一件混入物被用来给整层活动定年","样品日期需要与考古语境建立联系","北京大学：科技考古教研室 [学科范围]；中央美术学院：人文学院 [相邻学科范围]","https://archaeology.pku.edu.cn/szdw/jxky1/jys/kjkgjys.htm；https://www.cafa.edu.cn/sp/nljg/?j=151","2026-10-04","内容编辑与机制审核，未获逐方向专家签审"
"heritage-studies-8","heritage-studies","遗产展示","出处、层位与复原中的未知","heritage","细分核对","藏品来源、修复记录与展签版本","区分原物、后加修复与展示推测","现代修复的部件被当成原有结构","展示完整性不等于历史证据完整性","北京大学：科技考古教研室 [学科范围]；中央美术学院：人文学院 [相邻学科范围]","https://archaeology.pku.edu.cn/szdw/jxky1/jys/kjkgjys.htm；https://www.cafa.edu.cn/sp/nljg/?j=151","2026-10-04","内容编辑与机制审核，未获逐方向专家签审"
"heritage-studies-9","heritage-studies","遗产公众参与","出处、层位与复原中的未知","heritage","细分核对","藏品来源、修复记录与展签版本","区分原物、后加修复与展示推测","现代修复的部件被当成原有结构","展示完整性不等于历史证据完整性","北京大学：科技考古教研室 [学科范围]；中央美术学院：人文学院 [相邻学科范围]","https://archaeology.pku.edu.cn/szdw/jxky1/jys/kjkgjys.htm；https://www.cafa.edu.cn/sp/nljg/?j=151","2026-10-04","内容编辑与机制审核，未获逐方向专家签审"
"heritage-studies-10","heritage-studies","保护史","出处、层位与复原中的未知","heritage","细分核对","藏品来源、修复记录与展签版本","区分原物、后加修复与展示推测","现代修复的部件被当成原有结构","展示完整性不等于历史证据完整性","北京大学：科技考古教研室 [学科范围]；中央美术学院：人文学院 [相邻学科范围]","https://archaeology.pku.edu.cn/szdw/jxky1/jys/kjkgjys.htm；https://www.cafa.edu.cn/sp/nljg/?j=151","2026-10-04","内容编辑与机制审核，未获逐方向专家签审"
"heritage-studies-11","heritage-studies","博物馆史","出处、层位与复原中的未知","heritage","细分核对","藏品来源、修复记录与展签版本","区分原物、后加修复与展示推测","现代修复的部件被当成原有结构","展示完整性不等于历史证据完整性","北京大学：科技考古教研室 [学科范围]；中央美术学院：人文学院 [相邻学科范围]","https://archaeology.pku.edu.cn/szdw/jxky1/jys/kjkgjys.htm；https://www.cafa.edu.cn/sp/nljg/?j=151","2026-10-04","内容编辑与机制审核，未获逐方向专家签审"
"heritage-studies-12","heritage-studies","考古档案","出处、层位与复原中的未知","archaeology","细分核对","出土位置、层位关系与样品年代分布","把材料年代、沉积过程与活动年代分开","一件混入物被用来给整层活动定年","样品日期需要与考古语境建立联系","北京大学：科技考古教研室 [学科范围]","https://archaeology.pku.edu.cn/szdw/jxky1/jys/kjkgjys.htm","2026-10-04","内容编辑与机制审核，未获逐方向专家签审"
"public-history-1","public-history","口述历史","讲述者位置、材料权限与受众理解","history","细分核对","档案原件、成文日期与编纂版本","区分事件发生、材料写成与后来编辑的时间","多年后的回忆进入事件当天的信息集","后人知道的结果不能倒填给当时的人","北京大学历史学系：学科介绍 [学科范围]","https://history.pku.edu.cn/bxgk/xkjj/index.htm","2026-10-04","内容编辑与机制审核，未获逐方向专家签审"
"public-history-2","public-history","社区记忆","讲述者位置、材料权限与受众理解","history","细分核对","档案原件、成文日期与编纂版本","区分事件发生、材料写成与后来编辑的时间","多年后的回忆进入事件当天的信息集","后人知道的结果不能倒填给当时的人","北京大学历史学系：学科介绍 [学科范围]","https://history.pku.edu.cn/bxgk/xkjj/index.htm","2026-10-04","内容编辑与机制审核，未获逐方向专家签审"
"public-history-3","public-history","历史展览","讲述者位置、材料权限与受众理解","history","细分核对","档案原件、成文日期与编纂版本","区分事件发生、材料写成与后来编辑的时间","多年后的回忆进入事件当天的信息集","后人知道的结果不能倒填给当时的人","北京大学历史学系：学科介绍 [学科范围]","https://history.pku.edu.cn/bxgk/xkjj/index.htm","2026-10-04","内容编辑与机制审核，未获逐方向专家签审"
"public-history-4","public-history","数字公众史","讲述者位置、材料权限与受众理解","history","细分核对","档案原件、成文日期与编纂版本","区分事件发生、材料写成与后来编辑的时间","多年后的回忆进入事件当天的信息集","后人知道的结果不能倒填给当时的人","北京大学历史学系：学科介绍 [学科范围]","https://history.pku.edu.cn/bxgk/xkjj/index.htm","2026-10-04","内容编辑与机制审核，未获逐方向专家签审"
"public-history-5","public-history","历史影像","讲述者位置、材料权限与受众理解","history","细分核对","档案原件、成文日期与编纂版本","区分事件发生、材料写成与后来编辑的时间","多年后的回忆进入事件当天的信息集","后人知道的结果不能倒填给当时的人","北京大学历史学系：学科介绍 [学科范围]","https://history.pku.edu.cn/bxgk/xkjj/index.htm","2026-10-04","内容编辑与机制审核，未获逐方向专家签审"
"public-history-6","public-history","历史教育","讲述者位置、材料权限与受众理解","history","细分核对","档案原件、成文日期与编纂版本","区分事件发生、材料写成与后来编辑的时间","多年后的回忆进入事件当天的信息集","后人知道的结果不能倒填给当时的人","北京大学历史学系：学科介绍 [学科范围]","https://history.pku.edu.cn/bxgk/xkjj/index.htm","2026-10-04","内容编辑与机制审核，未获逐方向专家签审"
"public-history-7","public-history","纪念与记忆","讲述者位置、材料权限与受众理解","history","细分核对","档案原件、成文日期与编纂版本","区分事件发生、材料写成与后来编辑的时间","多年后的回忆进入事件当天的信息集","后人知道的结果不能倒填给当时的人","北京大学历史学系：学科介绍 [学科范围]","https://history.pku.edu.cn/bxgk/xkjj/index.htm","2026-10-04","内容编辑与机制审核，未获逐方向专家签审"
"public-history-8","public-history","地方博物馆","讲述者位置、材料权限与受众理解","heritage","细分核对","档案原件、成文日期与编纂版本","区分事件发生、材料写成与后来编辑的时间","多年后的回忆进入事件当天的信息集","后人知道的结果不能倒填给当时的人","北京大学：科技考古教研室 [学科范围]；中央美术学院：人文学院 [相邻学科范围]","https://archaeology.pku.edu.cn/szdw/jxky1/jys/kjkgjys.htm；https://www.cafa.edu.cn/sp/nljg/?j=151","2026-10-04","内容编辑与机制审核，未获逐方向专家签审"
"public-history-9","public-history","历史写作","讲述者位置、材料权限与受众理解","history","细分核对","档案原件、成文日期与编纂版本","区分事件发生、材料写成与后来编辑的时间","多年后的回忆进入事件当天的信息集","后人知道的结果不能倒填给当时的人","北京大学历史学系：学科介绍 [学科范围]","https://history.pku.edu.cn/bxgk/xkjj/index.htm","2026-10-04","内容编辑与机制审核，未获逐方向专家签审"
"public-history-10","public-history","公众档案","讲述者位置、材料权限与受众理解","history","细分核对","档案原件、成文日期与编纂版本","区分事件发生、材料写成与后来编辑的时间","多年后的回忆进入事件当天的信息集","后人知道的结果不能倒填给当时的人","北京大学历史学系：学科介绍 [学科范围]","https://history.pku.edu.cn/bxgk/xkjj/index.htm","2026-10-04","内容编辑与机制审核，未获逐方向专家签审"
"public-history-11","public-history","历史游戏评价","讲述者位置、材料权限与受众理解","history","细分核对","档案原件、成文日期与编纂版本","区分事件发生、材料写成与后来编辑的时间","多年后的回忆进入事件当天的信息集","后人知道的结果不能倒填给当时的人","北京大学历史学系：学科介绍 [学科范围]","https://history.pku.edu.cn/bxgk/xkjj/index.htm","2026-10-04","内容编辑与机制审核，未获逐方向专家签审"
"public-history-12","public-history","公共史学伦理","讲述者位置、材料权限与受众理解","history","细分核对","档案原件、成文日期与编纂版本","区分事件发生、材料写成与后来编辑的时间","多年后的回忆进入事件当天的信息集","后人知道的结果不能倒填给当时的人","北京大学历史学系：学科介绍 [学科范围]","https://history.pku.edu.cn/bxgk/xkjj/index.htm","2026-10-04","内容编辑与机制审核，未获逐方向专家签审"
"geophysics-studies-1","geophysics-studies","固体地球物理","观测标定、尺度与反演假设","physics","共享主题模块","标定、背景信号与模型近似记录","对照背景与测量条件，说明近似成立的范围","修正背景的方法恰好抹掉了想解释的差异","曲线拟合相似不等于物理解释唯一","北京大学物理学院：研究领域 [学科范围]","https://english.phy.pku.edu.cn/Research/Research_Areas.htm","2026-10-04","内容编辑与机制审核，未获逐方向专家签审"
"geophysics-studies-2","geophysics-studies","地球动力学","观测标定、尺度与反演假设","physics","共享主题模块","标定、背景信号与模型近似记录","对照背景与测量条件，说明近似成立的范围","修正背景的方法恰好抹掉了想解释的差异","曲线拟合相似不等于物理解释唯一","北京大学物理学院：研究领域 [学科范围]","https://english.phy.pku.edu.cn/Research/Research_Areas.htm","2026-10-04","内容编辑与机制审核，未获逐方向专家签审"
"geophysics-studies-3","geophysics-studies","地震观测","观测标定、尺度与反演假设","physics","共享主题模块","标定、背景信号与模型近似记录","对照背景与测量条件，说明近似成立的范围","修正背景的方法恰好抹掉了想解释的差异","曲线拟合相似不等于物理解释唯一","北京大学物理学院：研究领域 [学科范围]","https://english.phy.pku.edu.cn/Research/Research_Areas.htm","2026-10-04","内容编辑与机制审核，未获逐方向专家签审"
"geophysics-studies-4","geophysics-studies","地磁观测","观测标定、尺度与反演假设","physics","共享主题模块","标定、背景信号与模型近似记录","对照背景与测量条件，说明近似成立的范围","修正背景的方法恰好抹掉了想解释的差异","曲线拟合相似不等于物理解释唯一","北京大学物理学院：研究领域 [学科范围]","https://english.phy.pku.edu.cn/Research/Research_Areas.htm","2026-10-04","内容编辑与机制审核，未获逐方向专家签审"
"geophysics-studies-5","geophysics-studies","重力资料","观测标定、尺度与反演假设","physics","共享主题模块","标定、背景信号与模型近似记录","对照背景与测量条件，说明近似成立的范围","修正背景的方法恰好抹掉了想解释的差异","曲线拟合相似不等于物理解释唯一","北京大学物理学院：研究领域 [学科范围]","https://english.phy.pku.edu.cn/Research/Research_Areas.htm","2026-10-04","内容编辑与机制审核，未获逐方向专家签审"
"geophysics-studies-6","geophysics-studies","地球物理反演","观测标定、尺度与反演假设","physics","共享主题模块","标定、背景信号与模型近似记录","对照背景与测量条件，说明近似成立的范围","修正背景的方法恰好抹掉了想解释的差异","曲线拟合相似不等于物理解释唯一","北京大学物理学院：研究领域 [学科范围]","https://english.phy.pku.edu.cn/Research/Research_Areas.htm","2026-10-04","内容编辑与机制审核，未获逐方向专家签审"
"geophysics-studies-7","geophysics-studies","岩石物理","观测标定、尺度与反演假设","physics","共享主题模块","标定、背景信号与模型近似记录","对照背景与测量条件，说明近似成立的范围","修正背景的方法恰好抹掉了想解释的差异","曲线拟合相似不等于物理解释唯一","北京大学物理学院：研究领域 [学科范围]","https://english.phy.pku.edu.cn/Research/Research_Areas.htm","2026-10-04","内容编辑与机制审核，未获逐方向专家签审"
"geophysics-studies-8","geophysics-studies","地球化学资料","观测标定、尺度与反演假设","chemistry","共享主题模块","材料批次、表征条件与使用环境记录","比较结构描述、测量设置和状态变化","最漂亮的表征来自没有进入其他评价的批次","单项表征不能直接代表稳定性与使用表现","北京大学化学学院：研究主题 [学科范围]","https://www.chem.pku.edu.cn/en/Research/ResearchTheme/index.htm","2026-10-04","内容编辑与机制审核，未获逐方向专家签审"
"geophysics-studies-9","geophysics-studies","构造研究","观测标定、尺度与反演假设","physics","共享主题模块","标定、背景信号与模型近似记录","对照背景与测量条件，说明近似成立的范围","修正背景的方法恰好抹掉了想解释的差异","曲线拟合相似不等于物理解释唯一","北京大学物理学院：研究领域 [学科范围]","https://english.phy.pku.edu.cn/Research/Research_Areas.htm","2026-10-04","内容编辑与机制审核，未获逐方向专家签审"
"geophysics-studies-10","geophysics-studies","地球系统模型","观测标定、尺度与反演假设","software","共享主题模块","运行版本、依赖清单与故障日志","在同一条件下复查，区分环境与功能变化","演示机上的默认参数与实际使用环境不同","一次运行成功不等于稳定性或可复现性","清华计算机系：软件研究所 [学科范围]","https://www.cs.tsinghua.edu.cn/jgsz/yjssys/jsjkxyjsxrjyjs.htm","2026-10-04","内容编辑与机制审核，未获逐方向专家签审"
"geophysics-studies-11","geophysics-studies","地球观测质控","观测标定、尺度与反演假设","remote-sensing","共享主题模块","影像日期、空间分辨率与地面参照","对齐时间与尺度，保留未能观测的区域","云遮挡区域被当成地表没有变化","影像缺测不等于地表状态没有变化","北京大学：自然地理与自然资源系 [相邻学科范围]","https://www.ues.pku.edu.cn/ztlm/zrdlyzrzyx/index.htm","2026-10-04","内容编辑与机制审核，未获逐方向专家签审"
"geophysics-studies-12","geophysics-studies","地学数据复现","观测标定、尺度与反演假设","physics","共享主题模块","标定、背景信号与模型近似记录","对照背景与测量条件，说明近似成立的范围","修正背景的方法恰好抹掉了想解释的差异","曲线拟合相似不等于物理解释唯一","北京大学物理学院：研究领域 [学科范围]","https://english.phy.pku.edu.cn/Research/Research_Areas.htm","2026-10-04","内容编辑与机制审核，未获逐方向专家签审"
"ocean-science-1","ocean-science","物理海洋","航次窗口、空间范围与观测条件","ecology","共享主题模块","采样位置、时间窗口与环境背景记录","画出实际覆盖范围，保留天气与缺测时段","雨后未能到达的点被填成没有变化","缺测不是零，局部观察不能代替整个区域","北京大学：自然地理与自然资源系 [相邻学科范围]","https://www.ues.pku.edu.cn/ztlm/zrdlyzrzyx/index.htm","2026-10-04","内容编辑与机制审核，未获逐方向专家签审"
"ocean-science-2","ocean-science","海洋化学","航次窗口、空间范围与观测条件","ecology","共享主题模块","采样位置、时间窗口与环境背景记录","画出实际覆盖范围，保留天气与缺测时段","雨后未能到达的点被填成没有变化","缺测不是零，局部观察不能代替整个区域","北京大学：自然地理与自然资源系 [相邻学科范围]","https://www.ues.pku.edu.cn/ztlm/zrdlyzrzyx/index.htm","2026-10-04","内容编辑与机制审核，未获逐方向专家签审"
"ocean-science-3","ocean-science","海洋生态","航次窗口、空间范围与观测条件","ecology","共享主题模块","采样位置、时间窗口与环境背景记录","画出实际覆盖范围，保留天气与缺测时段","雨后未能到达的点被填成没有变化","缺测不是零，局部观察不能代替整个区域","北京大学：自然地理与自然资源系 [相邻学科范围]","https://www.ues.pku.edu.cn/ztlm/zrdlyzrzyx/index.htm","2026-10-04","内容编辑与机制审核，未获逐方向专家签审"
"ocean-science-4","ocean-science","海洋地质","航次窗口、空间范围与观测条件","ecology","共享主题模块","采样位置、时间窗口与环境背景记录","画出实际覆盖范围，保留天气与缺测时段","雨后未能到达的点被填成没有变化","缺测不是零，局部观察不能代替整个区域","北京大学：自然地理与自然资源系 [相邻学科范围]","https://www.ues.pku.edu.cn/ztlm/zrdlyzrzyx/index.htm","2026-10-04","内容编辑与机制审核，未获逐方向专家签审"
"ocean-science-5","ocean-science","海气相互作用","航次窗口、空间范围与观测条件","ecology","共享主题模块","采样位置、时间窗口与环境背景记录","画出实际覆盖范围，保留天气与缺测时段","雨后未能到达的点被填成没有变化","缺测不是零，局部观察不能代替整个区域","北京大学：自然地理与自然资源系 [相邻学科范围]","https://www.ues.pku.edu.cn/ztlm/zrdlyzrzyx/index.htm","2026-10-04","内容编辑与机制审核，未获逐方向专家签审"
"ocean-science-6","ocean-science","海洋遥感","航次窗口、空间范围与观测条件","remote-sensing","共享主题模块","影像日期、空间分辨率与地面参照","对齐时间与尺度，保留未能观测的区域","云遮挡区域被当成地表没有变化","影像缺测不等于地表状态没有变化","北京大学：自然地理与自然资源系 [相邻学科范围]","https://www.ues.pku.edu.cn/ztlm/zrdlyzrzyx/index.htm","2026-10-04","内容编辑与机制审核，未获逐方向专家签审"
"ocean-science-7","ocean-science","近岸过程","航次窗口、空间范围与观测条件","ecology","共享主题模块","采样位置、时间窗口与环境背景记录","画出实际覆盖范围，保留天气与缺测时段","雨后未能到达的点被填成没有变化","缺测不是零，局部观察不能代替整个区域","北京大学：自然地理与自然资源系 [相邻学科范围]","https://www.ues.pku.edu.cn/ztlm/zrdlyzrzyx/index.htm","2026-10-04","内容编辑与机制审核，未获逐方向专家签审"
"ocean-science-8","ocean-science","海洋观测","航次窗口、空间范围与观测条件","ecology","共享主题模块","采样位置、时间窗口与环境背景记录","画出实际覆盖范围，保留天气与缺测时段","雨后未能到达的点被填成没有变化","缺测不是零，局部观察不能代替整个区域","北京大学：自然地理与自然资源系 [相邻学科范围]","https://www.ues.pku.edu.cn/ztlm/zrdlyzrzyx/index.htm","2026-10-04","内容编辑与机制审核，未获逐方向专家签审"
"ocean-science-9","ocean-science","海洋时间序列","航次窗口、空间范围与观测条件","ecology","共享主题模块","采样位置、时间窗口与环境背景记录","画出实际覆盖范围，保留天气与缺测时段","雨后未能到达的点被填成没有变化","缺测不是零，局部观察不能代替整个区域","北京大学：自然地理与自然资源系 [相邻学科范围]","https://www.ues.pku.edu.cn/ztlm/zrdlyzrzyx/index.htm","2026-10-04","内容编辑与机制审核，未获逐方向专家签审"
"ocean-science-10","ocean-science","海洋模型","航次窗口、空间范围与观测条件","ecology","共享主题模块","采样位置、时间窗口与环境背景记录","画出实际覆盖范围，保留天气与缺测时段","雨后未能到达的点被填成没有变化","缺测不是零，局部观察不能代替整个区域","北京大学：自然地理与自然资源系 [相邻学科范围]","https://www.ues.pku.edu.cn/ztlm/zrdlyzrzyx/index.htm","2026-10-04","内容编辑与机制审核，未获逐方向专家签审"
"ocean-science-11","ocean-science","海洋数据质量","航次窗口、空间范围与观测条件","ecology","共享主题模块","采样位置、时间窗口与环境背景记录","画出实际覆盖范围，保留天气与缺测时段","雨后未能到达的点被填成没有变化","缺测不是零，局部观察不能代替整个区域","北京大学：自然地理与自然资源系 [相邻学科范围]","https://www.ues.pku.edu.cn/ztlm/zrdlyzrzyx/index.htm","2026-10-04","内容编辑与机制审核，未获逐方向专家签审"
"ocean-science-12","ocean-science","海洋环境史","航次窗口、空间范围与观测条件","ecology","共享主题模块","采样位置、时间窗口与环境背景记录","画出实际覆盖范围，保留天气与缺测时段","雨后未能到达的点被填成没有变化","缺测不是零，局部观察不能代替整个区域","北京大学：自然地理与自然资源系 [相邻学科范围]","https://www.ues.pku.edu.cn/ztlm/zrdlyzrzyx/index.htm","2026-10-04","内容编辑与机制审核，未获逐方向专家签审"
"mechanics-science-1","mechanics-science","理论力学","边界条件、尺度与守恒关系","mechanical","细分核对","荷载边界、模型简化与失效记录","分开模型假设、边界条件与响应评价","简化模型的边界被直接当成实际使用边界","局部响应符合不证明所有失效模式被排除","MIT开放课程：力学与材料教学大纲 [基础方法课程]","https://ocw.mit.edu/courses/2-001-mechanics-materials-i-fall-2006/pages/syllabus/","2026-10-04","内容编辑与机制审核，未获逐方向专家签审"
"mechanics-science-2","mechanics-science","固体力学","边界条件、尺度与守恒关系","mechanical","细分核对","荷载边界、模型简化与失效记录","分开模型假设、边界条件与响应评价","简化模型的边界被直接当成实际使用边界","局部响应符合不证明所有失效模式被排除","MIT开放课程：力学与材料教学大纲 [基础方法课程]","https://ocw.mit.edu/courses/2-001-mechanics-materials-i-fall-2006/pages/syllabus/","2026-10-04","内容编辑与机制审核，未获逐方向专家签审"
"mechanics-science-3","mechanics-science","流体力学","边界条件、尺度与守恒关系","mechanical","细分核对","荷载边界、模型简化与失效记录","分开模型假设、边界条件与响应评价","简化模型的边界被直接当成实际使用边界","局部响应符合不证明所有失效模式被排除","MIT开放课程：力学与材料教学大纲 [基础方法课程]","https://ocw.mit.edu/courses/2-001-mechanics-materials-i-fall-2006/pages/syllabus/","2026-10-04","内容编辑与机制审核，未获逐方向专家签审"
"mechanics-science-4","mechanics-science","计算力学","边界条件、尺度与守恒关系","mechanical","细分核对","网格序列、误差指标与参考解","区分离散误差、求解误差与模型误差","迭代残差小被写成物理模型误差也小","残差不独立证明与目标真实过程接近","MIT开放课程：力学与材料教学大纲 [基础方法课程]","https://ocw.mit.edu/courses/2-001-mechanics-materials-i-fall-2006/pages/syllabus/","2026-10-04","内容编辑与机制审核，未获逐方向专家签审"
"mechanics-science-5","mechanics-science","实验力学","边界条件、尺度与守恒关系","mechanical","细分核对","荷载边界、模型简化与失效记录","分开模型假设、边界条件与响应评价","简化模型的边界被直接当成实际使用边界","局部响应符合不证明所有失效模式被排除","MIT开放课程：力学与材料教学大纲 [基础方法课程]","https://ocw.mit.edu/courses/2-001-mechanics-materials-i-fall-2006/pages/syllabus/","2026-10-04","内容编辑与机制审核，未获逐方向专家签审"
"mechanics-science-6","mechanics-science","多尺度力学","边界条件、尺度与守恒关系","mechanical","细分核对","荷载边界、模型简化与失效记录","分开模型假设、边界条件与响应评价","简化模型的边界被直接当成实际使用边界","局部响应符合不证明所有失效模式被排除","MIT开放课程：力学与材料教学大纲 [基础方法课程]","https://ocw.mit.edu/courses/2-001-mechanics-materials-i-fall-2006/pages/syllabus/","2026-10-04","内容编辑与机制审核，未获逐方向专家签审"
"mechanics-science-7","mechanics-science","非线性动力学","边界条件、尺度与守恒关系","mechanical","细分核对","荷载边界、模型简化与失效记录","分开模型假设、边界条件与响应评价","简化模型的边界被直接当成实际使用边界","局部响应符合不证明所有失效模式被排除","MIT开放课程：力学与材料教学大纲 [基础方法课程]","https://ocw.mit.edu/courses/2-001-mechanics-materials-i-fall-2006/pages/syllabus/","2026-10-04","内容编辑与机制审核，未获逐方向专家签审"
"mechanics-science-8","mechanics-science","材料力学","边界条件、尺度与守恒关系","chemistry","细分核对","荷载边界、模型简化与失效记录","分开模型假设、边界条件与响应评价","简化模型的边界被直接当成实际使用边界","局部响应符合不证明所有失效模式被排除","北京大学化学学院：研究主题 [学科范围]","https://www.chem.pku.edu.cn/en/Research/ResearchTheme/index.htm","2026-10-04","内容编辑与机制审核，未获逐方向专家签审"
"mechanics-science-9","mechanics-science","结构稳定","边界条件、尺度与守恒关系","construction","细分核对","荷载边界、模型简化与失效记录","分开模型假设、边界条件与响应评价","简化模型的边界被直接当成实际使用边界","局部响应符合不证明所有失效模式被排除","MIT开放课程：力学与材料教学大纲 [基础方法课程]","https://ocw.mit.edu/courses/2-001-mechanics-materials-i-fall-2006/pages/syllabus/","2026-10-04","内容编辑与机制审核，未获逐方向专家签审"
"mechanics-science-10","mechanics-science","生物力学","边界条件、尺度与守恒关系","mechanical","细分核对","荷载边界、模型简化与失效记录","分开模型假设、边界条件与响应评价","简化模型的边界被直接当成实际使用边界","局部响应符合不证明所有失效模式被排除","MIT开放课程：力学与材料教学大纲 [基础方法课程]","https://ocw.mit.edu/courses/2-001-mechanics-materials-i-fall-2006/pages/syllabus/","2026-10-04","内容编辑与机制审核，未获逐方向专家签审"
"mechanics-science-11","mechanics-science","力学测量","边界条件、尺度与守恒关系","mechanical","细分核对","荷载边界、模型简化与失效记录","分开模型假设、边界条件与响应评价","简化模型的边界被直接当成实际使用边界","局部响应符合不证明所有失效模式被排除","MIT开放课程：力学与材料教学大纲 [基础方法课程]","https://ocw.mit.edu/courses/2-001-mechanics-materials-i-fall-2006/pages/syllabus/","2026-10-04","内容编辑与机制审核，未获逐方向专家签审"
"mechanics-science-12","mechanics-science","力学模型验证","边界条件、尺度与守恒关系","mechanical","细分核对","荷载边界、模型简化与失效记录","分开模型假设、边界条件与响应评价","简化模型的边界被直接当成实际使用边界","局部响应符合不证明所有失效模式被排除","MIT开放课程：力学与材料教学大纲 [基础方法课程]","https://ocw.mit.edu/courses/2-001-mechanics-materials-i-fall-2006/pages/syllabus/","2026-10-04","内容编辑与机制审核，未获逐方向专家签审"
"photonics-1","photonics","几何光学","光路条件、信号与背景","physics","共享主题模块","标定、背景信号与模型近似记录","对照背景与测量条件，说明近似成立的范围","修正背景的方法恰好抹掉了想解释的差异","曲线拟合相似不等于物理解释唯一","北京大学物理学院：研究领域 [学科范围]","https://english.phy.pku.edu.cn/Research/Research_Areas.htm","2026-10-04","内容编辑与机制审核，未获逐方向专家签审"
"photonics-2","photonics","物理光学","光路条件、信号与背景","physics","共享主题模块","标定、背景信号与模型近似记录","对照背景与测量条件，说明近似成立的范围","修正背景的方法恰好抹掉了想解释的差异","曲线拟合相似不等于物理解释唯一","北京大学物理学院：研究领域 [学科范围]","https://english.phy.pku.edu.cn/Research/Research_Areas.htm","2026-10-04","内容编辑与机制审核，未获逐方向专家签审"
"photonics-3","photonics","量子光学理论","光路条件、信号与背景","physics","细分核对","状态制备的研究描述、可观测量与模型近似","区分模型中的量、测量对应与近似条件","模型量的变化被直接当成仪器测到的变化","理论量与测量结果需要对应规则，拟合不保证解释唯一","北京大学物理学院：研究领域 [学科范围]","https://english.phy.pku.edu.cn/Research/Research_Areas.htm","2026-10-04","内容编辑与机制审核，未获逐方向专家签审"
"photonics-4","photonics","光谱研究","光路条件、信号与背景","physics","共享主题模块","标定、背景信号与模型近似记录","对照背景与测量条件，说明近似成立的范围","修正背景的方法恰好抹掉了想解释的差异","曲线拟合相似不等于物理解释唯一","北京大学物理学院：研究领域 [学科范围]","https://english.phy.pku.edu.cn/Research/Research_Areas.htm","2026-10-04","内容编辑与机制审核，未获逐方向专家签审"
"photonics-5","photonics","成像科学","光路条件、信号与背景","physics","共享主题模块","标定、背景信号与模型近似记录","对照背景与测量条件，说明近似成立的范围","修正背景的方法恰好抹掉了想解释的差异","曲线拟合相似不等于物理解释唯一","北京大学物理学院：研究领域 [学科范围]","https://english.phy.pku.edu.cn/Research/Research_Areas.htm","2026-10-04","内容编辑与机制审核，未获逐方向专家签审"
"photonics-6","photonics","光学材料","光路条件、信号与背景","physics","共享主题模块","标定、背景信号与模型近似记录","对照背景与测量条件，说明近似成立的范围","修正背景的方法恰好抹掉了想解释的差异","曲线拟合相似不等于物理解释唯一","北京大学物理学院：研究领域 [学科范围]","https://english.phy.pku.edu.cn/Research/Research_Areas.htm","2026-10-04","内容编辑与机制审核，未获逐方向专家签审"
"photonics-7","photonics","光电测量","光路条件、信号与背景","physics","共享主题模块","标定、背景信号与模型近似记录","对照背景与测量条件，说明近似成立的范围","修正背景的方法恰好抹掉了想解释的差异","曲线拟合相似不等于物理解释唯一","北京大学物理学院：研究领域 [学科范围]","https://english.phy.pku.edu.cn/Research/Research_Areas.htm","2026-10-04","内容编辑与机制审核，未获逐方向专家签审"
"photonics-8","photonics","光学仪器","光路条件、信号与背景","physics","共享主题模块","标定、背景信号与模型近似记录","对照背景与测量条件，说明近似成立的范围","修正背景的方法恰好抹掉了想解释的差异","曲线拟合相似不等于物理解释唯一","北京大学物理学院：研究领域 [学科范围]","https://english.phy.pku.edu.cn/Research/Research_Areas.htm","2026-10-04","内容编辑与机制审核，未获逐方向专家签审"
"photonics-9","photonics","计算成像","光路条件、信号与背景","physics","共享主题模块","标定、背景信号与模型近似记录","对照背景与测量条件，说明近似成立的范围","修正背景的方法恰好抹掉了想解释的差异","曲线拟合相似不等于物理解释唯一","北京大学物理学院：研究领域 [学科范围]","https://english.phy.pku.edu.cn/Research/Research_Areas.htm","2026-10-04","内容编辑与机制审核，未获逐方向专家签审"
"photonics-10","photonics","光学噪声","光路条件、信号与背景","physics","共享主题模块","标定、背景信号与模型近似记录","对照背景与测量条件，说明近似成立的范围","修正背景的方法恰好抹掉了想解释的差异","曲线拟合相似不等于物理解释唯一","北京大学物理学院：研究领域 [学科范围]","https://english.phy.pku.edu.cn/Research/Research_Areas.htm","2026-10-04","内容编辑与机制审核，未获逐方向专家签审"
"photonics-11","photonics","光学标定","光路条件、信号与背景","physics","共享主题模块","标定、背景信号与模型近似记录","对照背景与测量条件，说明近似成立的范围","修正背景的方法恰好抹掉了想解释的差异","曲线拟合相似不等于物理解释唯一","北京大学物理学院：研究领域 [学科范围]","https://english.phy.pku.edu.cn/Research/Research_Areas.htm","2026-10-04","内容编辑与机制审核，未获逐方向专家签审"
"photonics-12","photonics","光学数据复现","光路条件、信号与背景","physics","共享主题模块","标定、背景信号与模型近似记录","对照背景与测量条件，说明近似成立的范围","修正背景的方法恰好抹掉了想解释的差异","曲线拟合相似不等于物理解释唯一","北京大学物理学院：研究领域 [学科范围]","https://english.phy.pku.edu.cn/Research/Research_Areas.htm","2026-10-04","内容编辑与机制审核，未获逐方向专家签审"
"systems-biology-1","systems-biology","系统生物学","独立对象、来源批次与模型范围","biomedical","细分核对","样地边界、观测季节与物种可探测性","区分没观察到、真的缺席与观察机会不同","调查次数减少被写成物种数量减少","可见记录需要观察机会与尺度解释","NHLBI：研究质量评估工具 [研究方法资料]；OpenStax：解剖与生理教材说明 [基础教材入口]","https://www.nhlbi.nih.gov/health-topics/study-quality-assessment-tools；https://openstax.org/books/anatomy-and-physiology-2e/pages/preface","2026-10-04","内容编辑与机制审核，未获逐方向专家签审"
"systems-biology-2","systems-biology","生物信息学","独立对象、来源批次与模型范围","biomedical","细分核对","样地边界、观测季节与物种可探测性","区分没观察到、真的缺席与观察机会不同","调查次数减少被写成物种数量减少","可见记录需要观察机会与尺度解释","NHLBI：研究质量评估工具 [研究方法资料]；OpenStax：解剖与生理教材说明 [基础教材入口]","https://www.nhlbi.nih.gov/health-topics/study-quality-assessment-tools；https://openstax.org/books/anatomy-and-physiology-2e/pages/preface","2026-10-04","内容编辑与机制审核，未获逐方向专家签审"
"systems-biology-3","systems-biology","计算生态","独立对象、来源批次与模型范围","ecology","细分核对","样地边界、观测季节与物种可探测性","区分没观察到、真的缺席与观察机会不同","调查次数减少被写成物种数量减少","可见记录需要观察机会与尺度解释","北京大学：自然地理与自然资源系 [相邻学科范围]","https://www.ues.pku.edu.cn/ztlm/zrdlyzrzyx/index.htm","2026-10-04","内容编辑与机制审核，未获逐方向专家签审"
"systems-biology-4","systems-biology","群体遗传资料","独立对象、来源批次与模型范围","genetic-association","细分核对","变异标识、效应等位基因与祖源构成","对齐等位基因、效应方向和研究人群，区分关联与机制","效应等位基因不同的结果被写成方向冲突","标识和方向核对先于生物学解释，关联不独立证明机制","清华统计与数据科学：科研领域 [学科范围]；NHLBI：研究质量评估工具 [研究方法资料]","https://www.stat.tsinghua.edu.cn/kxyj/kylyy.htm；https://www.nhlbi.nih.gov/health-topics/study-quality-assessment-tools","2026-10-04","内容编辑与机制审核，未获逐方向专家签审"
"systems-biology-5","systems-biology","发育资料比较","独立对象、来源批次与模型范围","anatomy","共享主题模块","结构图谱、发育阶段与功能观察记录","对应结构、阶段与观察条件，不用形态代替功能","不同发育阶段的记录被排成同一个正常基线","结构相似不自动证明功能相同","OpenStax：解剖与生理教材说明 [基础教材入口]","https://openstax.org/books/anatomy-and-physiology-2e/pages/preface","2026-10-04","内容编辑与机制审核，未获逐方向专家签审"
"systems-biology-6","systems-biology","进化资料研究","独立对象、来源批次与模型范围","ecology","共享主题模块","采样位置、时间窗口与环境背景记录","画出实际覆盖范围，保留天气与缺测时段","雨后未能到达的点被填成没有变化","缺测不是零，局部观察不能代替整个区域","北京大学：自然地理与自然资源系 [相邻学科范围]","https://www.ues.pku.edu.cn/ztlm/zrdlyzrzyx/index.htm","2026-10-04","内容编辑与机制审核，未获逐方向专家签审"
"systems-biology-7","systems-biology","公共组学资料","独立对象、来源批次与模型范围","biomedical","共享主题模块","样本来源、批次索引与注释版本","区分生物对象与重复测量，核对批次构成","最强的一组差异恰好全部来自同一批次","高维差异或数据库关联不能独立证明机制","NHLBI：研究质量评估工具 [研究方法资料]；OpenStax：解剖与生理教材说明 [基础教材入口]","https://www.nhlbi.nih.gov/health-topics/study-quality-assessment-tools；https://openstax.org/books/anatomy-and-physiology-2e/pages/preface","2026-10-04","内容编辑与机制审核，未获逐方向专家签审"
"systems-biology-8","systems-biology","网络生物学","独立对象、来源批次与模型范围","biomedical","细分核对","样地边界、观测季节与物种可探测性","区分没观察到、真的缺席与观察机会不同","调查次数减少被写成物种数量减少","可见记录需要观察机会与尺度解释","NHLBI：研究质量评估工具 [研究方法资料]；OpenStax：解剖与生理教材说明 [基础教材入口]","https://www.nhlbi.nih.gov/health-topics/study-quality-assessment-tools；https://openstax.org/books/anatomy-and-physiology-2e/pages/preface","2026-10-04","内容编辑与机制审核，未获逐方向专家签审"
"systems-biology-9","systems-biology","生命系统模型","独立对象、来源批次与模型范围","software","共享主题模块","运行版本、依赖清单与故障日志","在同一条件下复查，区分环境与功能变化","演示机上的默认参数与实际使用环境不同","一次运行成功不等于稳定性或可复现性","清华计算机系：软件研究所 [学科范围]","https://www.cs.tsinghua.edu.cn/jgsz/yjssys/jsjkxyjsxrjyjs.htm","2026-10-04","内容编辑与机制审核，未获逐方向专家签审"
"systems-biology-10","systems-biology","生态时间序列","独立对象、来源批次与模型范围","ecology","细分核对","样地边界、观测季节与物种可探测性","区分没观察到、真的缺席与观察机会不同","调查次数减少被写成物种数量减少","可见记录需要观察机会与尺度解释","北京大学：自然地理与自然资源系 [相邻学科范围]","https://www.ues.pku.edu.cn/ztlm/zrdlyzrzyx/index.htm","2026-10-04","内容编辑与机制审核，未获逐方向专家签审"
"systems-biology-11","systems-biology","生物资料质控","独立对象、来源批次与模型范围","biomedical","细分核对","样地边界、观测季节与物种可探测性","区分没观察到、真的缺席与观察机会不同","调查次数减少被写成物种数量减少","可见记录需要观察机会与尺度解释","NHLBI：研究质量评估工具 [研究方法资料]；OpenStax：解剖与生理教材说明 [基础教材入口]","https://www.nhlbi.nih.gov/health-topics/study-quality-assessment-tools；https://openstax.org/books/anatomy-and-physiology-2e/pages/preface","2026-10-04","内容编辑与机制审核，未获逐方向专家签审"
"systems-biology-12","systems-biology","生命科学教学","独立对象、来源批次与模型范围","education","细分核对","学习目标、任务作品与课堂实施记录","对齐学习目标和评价任务，区分实施变化与工具作用","参与更积极被直接写成目标知识掌握更好","参与、满意与掌握是不同结局，需要分别评价","北京师范大学：课程与教学研究方向 [学科范围]","https://cter.bnu.edu.cn/docs/2024-05/e0d9749ec02e425eb45aa96fefdadc2a.pdf","2026-10-04","内容编辑与机制审核，未获逐方向专家签审"
"software-engineering-1","software-engineering","软件需求","版本、任务与可重现故障","software","细分核对","行为约定、失败输入与测试覆盖记录","区分规范满足、测试通过与一般正确性","基准测试全通过被写成所有输入都正确","有限测试不能独立证明一般正确性","清华计算机系：软件研究所 [学科范围]","https://www.cs.tsinghua.edu.cn/jgsz/yjssys/jsjkxyjsxrjyjs.htm","2026-10-04","内容编辑与机制审核，未获逐方向专家签审"
"software-engineering-2","software-engineering","软件架构","版本、任务与可重现故障","software","细分核对","行为约定、失败输入与测试覆盖记录","区分规范满足、测试通过与一般正确性","基准测试全通过被写成所有输入都正确","有限测试不能独立证明一般正确性","清华计算机系：软件研究所 [学科范围]","https://www.cs.tsinghua.edu.cn/jgsz/yjssys/jsjkxyjsxrjyjs.htm","2026-10-04","内容编辑与机制审核，未获逐方向专家签审"
"software-engineering-3","software-engineering","软件测试","版本、任务与可重现故障","software","细分核对","行为约定、失败输入与测试覆盖记录","区分规范满足、测试通过与一般正确性","基准测试全通过被写成所有输入都正确","有限测试不能独立证明一般正确性","清华计算机系：软件研究所 [学科范围]","https://www.cs.tsinghua.edu.cn/jgsz/yjssys/jsjkxyjsxrjyjs.htm","2026-10-04","内容编辑与机制审核，未获逐方向专家签审"
"software-engineering-4","software-engineering","程序分析","版本、任务与可重现故障","math","细分核对","行为约定、失败输入与测试覆盖记录","区分规范满足、测试通过与一般正确性","基准测试全通过被写成所有输入都正确","有限测试不能独立证明一般正确性","MIT开放课程：实分析与证明训练 [基础方法课程]","https://www.ocw.mit.edu/courses/18-100c-real-analysis-fall-2012/","2026-10-04","内容编辑与机制审核，未获逐方向专家签审"
"software-engineering-5","software-engineering","软件维护","版本、任务与可重现故障","software","细分核对","行为约定、失败输入与测试覆盖记录","区分规范满足、测试通过与一般正确性","基准测试全通过被写成所有输入都正确","有限测试不能独立证明一般正确性","清华计算机系：软件研究所 [学科范围]","https://www.cs.tsinghua.edu.cn/jgsz/yjssys/jsjkxyjsxrjyjs.htm","2026-10-04","内容编辑与机制审核，未获逐方向专家签审"
"software-engineering-6","software-engineering","软件可靠性","版本、任务与可重现故障","software","细分核对","行为约定、失败输入与测试覆盖记录","区分规范满足、测试通过与一般正确性","基准测试全通过被写成所有输入都正确","有限测试不能独立证明一般正确性","清华计算机系：软件研究所 [学科范围]","https://www.cs.tsinghua.edu.cn/jgsz/yjssys/jsjkxyjsxrjyjs.htm","2026-10-04","内容编辑与机制审核，未获逐方向专家签审"
"software-engineering-7","software-engineering","软件工程教育","版本、任务与可重现故障","education","细分核对","行为约定、失败输入与测试覆盖记录","区分规范满足、测试通过与一般正确性","基准测试全通过被写成所有输入都正确","有限测试不能独立证明一般正确性","北京师范大学：课程与教学研究方向 [学科范围]","https://cter.bnu.edu.cn/docs/2024-05/e0d9749ec02e425eb45aa96fefdadc2a.pdf","2026-10-04","内容编辑与机制审核，未获逐方向专家签审"
"software-engineering-8","software-engineering","开源协作","版本、任务与可重现故障","software","共享主题模块","运行版本、依赖清单与故障日志","在同一条件下复查，区分环境与功能变化","演示机上的默认参数与实际使用环境不同","一次运行成功不等于稳定性或可复现性","清华计算机系：软件研究所 [学科范围]","https://www.cs.tsinghua.edu.cn/jgsz/yjssys/jsjkxyjsxrjyjs.htm","2026-10-04","内容编辑与机制审核，未获逐方向专家签审"
"software-engineering-9","software-engineering","开发工具","版本、任务与可重现故障","software","共享主题模块","运行版本、依赖清单与故障日志","在同一条件下复查，区分环境与功能变化","演示机上的默认参数与实际使用环境不同","一次运行成功不等于稳定性或可复现性","清华计算机系：软件研究所 [学科范围]","https://www.cs.tsinghua.edu.cn/jgsz/yjssys/jsjkxyjsxrjyjs.htm","2026-10-04","内容编辑与机制审核，未获逐方向专家签审"
"software-engineering-10","software-engineering","软件可用性","版本、任务与可重现故障","interaction","细分核对","行为约定、失败输入与测试覆盖记录","区分规范满足、测试通过与一般正确性","基准测试全通过被写成所有输入都正确","有限测试不能独立证明一般正确性","清华计算机系：科研方向 [学科范围]；中央美术学院：人文学院 [相邻学科范围]","https://www.cs.tsinghua.edu.cn/kxyj/kyfx.htm；https://www.cafa.edu.cn/sp/nljg/?j=151","2026-10-04","内容编辑与机制审核，未获逐方向专家签审"
"software-engineering-11","software-engineering","软件度量","版本、任务与可重现故障","software","细分核对","行为约定、失败输入与测试覆盖记录","区分规范满足、测试通过与一般正确性","基准测试全通过被写成所有输入都正确","有限测试不能独立证明一般正确性","清华计算机系：软件研究所 [学科范围]","https://www.cs.tsinghua.edu.cn/jgsz/yjssys/jsjkxyjsxrjyjs.htm","2026-10-04","内容编辑与机制审核，未获逐方向专家签审"
"software-engineering-12","software-engineering","软件复现","版本、任务与可重现故障","software","细分核对","行为约定、失败输入与测试覆盖记录","区分规范满足、测试通过与一般正确性","基准测试全通过被写成所有输入都正确","有限测试不能独立证明一般正确性","清华计算机系：软件研究所 [学科范围]","https://www.cs.tsinghua.edu.cn/jgsz/yjssys/jsjkxyjsxrjyjs.htm","2026-10-04","内容编辑与机制审核，未获逐方向专家签审"
"electrical-engineering-1","electrical-engineering","电机研究","运行工况、接口与安全边界","mechanical","共享主题模块","工况、台架日志与接口版本","对照载荷范围、控制条件和实际接口","新接口下的失败被归到原来的模型上","演示通过不能证明所有工况下有效","MIT开放课程：力学与材料教学大纲 [基础方法课程]","https://ocw.mit.edu/courses/2-001-mechanics-materials-i-fall-2006/pages/syllabus/","2026-10-04","内容编辑与机制审核，未获逐方向专家签审"
"electrical-engineering-2","electrical-engineering","电力系统","运行工况、接口与安全边界","software","共享主题模块","运行版本、依赖清单与故障日志","在同一条件下复查，区分环境与功能变化","演示机上的默认参数与实际使用环境不同","一次运行成功不等于稳定性或可复现性","清华计算机系：软件研究所 [学科范围]","https://www.cs.tsinghua.edu.cn/jgsz/yjssys/jsjkxyjsxrjyjs.htm","2026-10-04","内容编辑与机制审核，未获逐方向专家签审"
"electrical-engineering-3","electrical-engineering","电力电子","运行工况、接口与安全边界","electronics","共享主题模块","信号标定、器件状态与测试条件","把仿真参数与实际测量条件逐项对应","两次测量的信号差异来自标定版本","仿真和台架表现不能直接代替现场可靠性","清华计算机系：科研方向 [学科范围]；北京大学物理学院：研究领域 [学科范围]","https://www.cs.tsinghua.edu.cn/kxyj/kyfx.htm；https://english.phy.pku.edu.cn/Research/Research_Areas.htm","2026-10-04","内容编辑与机制审核，未获逐方向专家签审"
"electrical-engineering-4","electrical-engineering","绝缘与可靠性","运行工况、接口与安全边界","mechanical","共享主题模块","工况、台架日志与接口版本","对照载荷范围、控制条件和实际接口","新接口下的失败被归到原来的模型上","演示通过不能证明所有工况下有效","MIT开放课程：力学与材料教学大纲 [基础方法课程]","https://ocw.mit.edu/courses/2-001-mechanics-materials-i-fall-2006/pages/syllabus/","2026-10-04","内容编辑与机制审核，未获逐方向专家签审"
"electrical-engineering-5","electrical-engineering","电气测量","运行工况、接口与安全边界","mechanical","共享主题模块","工况、台架日志与接口版本","对照载荷范围、控制条件和实际接口","新接口下的失败被归到原来的模型上","演示通过不能证明所有工况下有效","MIT开放课程：力学与材料教学大纲 [基础方法课程]","https://ocw.mit.edu/courses/2-001-mechanics-materials-i-fall-2006/pages/syllabus/","2026-10-04","内容编辑与机制审核，未获逐方向专家签审"
"electrical-engineering-6","electrical-engineering","可再生能源接入","运行工况、接口与安全边界","mechanical","共享主题模块","工况、台架日志与接口版本","对照载荷范围、控制条件和实际接口","新接口下的失败被归到原来的模型上","演示通过不能证明所有工况下有效","MIT开放课程：力学与材料教学大纲 [基础方法课程]","https://ocw.mit.edu/courses/2-001-mechanics-materials-i-fall-2006/pages/syllabus/","2026-10-04","内容编辑与机制审核，未获逐方向专家签审"
"electrical-engineering-7","electrical-engineering","电网运行评价","运行工况、接口与安全边界","mechanical","共享主题模块","工况、台架日志与接口版本","对照载荷范围、控制条件和实际接口","新接口下的失败被归到原来的模型上","演示通过不能证明所有工况下有效","MIT开放课程：力学与材料教学大纲 [基础方法课程]","https://ocw.mit.edu/courses/2-001-mechanics-materials-i-fall-2006/pages/syllabus/","2026-10-04","内容编辑与机制审核，未获逐方向专家签审"
"electrical-engineering-8","electrical-engineering","电能质量","运行工况、接口与安全边界","mechanical","共享主题模块","工况、台架日志与接口版本","对照载荷范围、控制条件和实际接口","新接口下的失败被归到原来的模型上","演示通过不能证明所有工况下有效","MIT开放课程：力学与材料教学大纲 [基础方法课程]","https://ocw.mit.edu/courses/2-001-mechanics-materials-i-fall-2006/pages/syllabus/","2026-10-04","内容编辑与机制审核，未获逐方向专家签审"
"electrical-engineering-9","electrical-engineering","电气设备诊断","运行工况、接口与安全边界","mechanical","共享主题模块","工况、台架日志与接口版本","对照载荷范围、控制条件和实际接口","新接口下的失败被归到原来的模型上","演示通过不能证明所有工况下有效","MIT开放课程：力学与材料教学大纲 [基础方法课程]","https://ocw.mit.edu/courses/2-001-mechanics-materials-i-fall-2006/pages/syllabus/","2026-10-04","内容编辑与机制审核，未获逐方向专家签审"
"electrical-engineering-10","electrical-engineering","电气自动化","运行工况、接口与安全边界","mechanical","共享主题模块","工况、台架日志与接口版本","对照载荷范围、控制条件和实际接口","新接口下的失败被归到原来的模型上","演示通过不能证明所有工况下有效","MIT开放课程：力学与材料教学大纲 [基础方法课程]","https://ocw.mit.edu/courses/2-001-mechanics-materials-i-fall-2006/pages/syllabus/","2026-10-04","内容编辑与机制审核，未获逐方向专家签审"
"electrical-engineering-11","electrical-engineering","储能系统评价","运行工况、接口与安全边界","software","共享主题模块","运行版本、依赖清单与故障日志","在同一条件下复查，区分环境与功能变化","演示机上的默认参数与实际使用环境不同","一次运行成功不等于稳定性或可复现性","清华计算机系：软件研究所 [学科范围]","https://www.cs.tsinghua.edu.cn/jgsz/yjssys/jsjkxyjsxrjyjs.htm","2026-10-04","内容编辑与机制审核，未获逐方向专家签审"
"electrical-engineering-12","electrical-engineering","电气工程教育","运行工况、接口与安全边界","education","共享主题模块","课堂目标、活动记录与学习过程材料","让任务、教学目标与评价对应，保留班级差异","换了老师也换了活动，改善却全归到工具上","课后高分不能独立证明某项教学设计有效","北京师范大学：课程与教学研究方向 [学科范围]","https://cter.bnu.edu.cn/docs/2024-05/e0d9749ec02e425eb45aa96fefdadc2a.pdf","2026-10-04","内容编辑与机制审核，未获逐方向专家签审"
"hydro-marine-1","hydro-marine","水文资料","边界输入、观测窗口与模型比例","ecology","细分核对","工况、辅助能耗与完整系统边界","在同一边界下比较转换、等待与维护成本","局部效率没有计入辅助系统的消耗","部件效率不直接代表全系统效益","北京大学：自然地理与自然资源系 [相邻学科范围]","https://www.ues.pku.edu.cn/ztlm/zrdlyzrzyx/index.htm","2026-10-04","内容编辑与机制审核，未获逐方向专家签审"
"hydro-marine-2","hydro-marine","水资源系统","边界输入、观测窗口与模型比例","software","细分核对","工况、辅助能耗与完整系统边界","在同一边界下比较转换、等待与维护成本","局部效率没有计入辅助系统的消耗","部件效率不直接代表全系统效益","清华计算机系：软件研究所 [学科范围]","https://www.cs.tsinghua.edu.cn/jgsz/yjssys/jsjkxyjsxrjyjs.htm","2026-10-04","内容编辑与机制审核，未获逐方向专家签审"
"hydro-marine-3","hydro-marine","水工结构","边界输入、观测窗口与模型比例","construction","细分核对","工况、辅助能耗与完整系统边界","在同一边界下比较转换、等待与维护成本","局部效率没有计入辅助系统的消耗","部件效率不直接代表全系统效益","MIT开放课程：力学与材料教学大纲 [基础方法课程]","https://ocw.mit.edu/courses/2-001-mechanics-materials-i-fall-2006/pages/syllabus/","2026-10-04","内容编辑与机制审核，未获逐方向专家签审"
"hydro-marine-4","hydro-marine","河流工程","边界输入、观测窗口与模型比例","ecology","细分核对","工况、辅助能耗与完整系统边界","在同一边界下比较转换、等待与维护成本","局部效率没有计入辅助系统的消耗","部件效率不直接代表全系统效益","北京大学：自然地理与自然资源系 [相邻学科范围]","https://www.ues.pku.edu.cn/ztlm/zrdlyzrzyx/index.htm","2026-10-04","内容编辑与机制审核，未获逐方向专家签审"
"hydro-marine-5","hydro-marine","海岸工程","边界输入、观测窗口与模型比例","ecology","细分核对","工况、辅助能耗与完整系统边界","在同一边界下比较转换、等待与维护成本","局部效率没有计入辅助系统的消耗","部件效率不直接代表全系统效益","北京大学：自然地理与自然资源系 [相邻学科范围]","https://www.ues.pku.edu.cn/ztlm/zrdlyzrzyx/index.htm","2026-10-04","内容编辑与机制审核，未获逐方向专家签审"
"hydro-marine-6","hydro-marine","港口工程","边界输入、观测窗口与模型比例","ecology","细分核对","工况、辅助能耗与完整系统边界","在同一边界下比较转换、等待与维护成本","局部效率没有计入辅助系统的消耗","部件效率不直接代表全系统效益","北京大学：自然地理与自然资源系 [相邻学科范围]","https://www.ues.pku.edu.cn/ztlm/zrdlyzrzyx/index.htm","2026-10-04","内容编辑与机制审核，未获逐方向专家签审"
"hydro-marine-7","hydro-marine","海洋结构","边界输入、观测窗口与模型比例","ecology","细分核对","工况、辅助能耗与完整系统边界","在同一边界下比较转换、等待与维护成本","局部效率没有计入辅助系统的消耗","部件效率不直接代表全系统效益","北京大学：自然地理与自然资源系 [相邻学科范围]","https://www.ues.pku.edu.cn/ztlm/zrdlyzrzyx/index.htm","2026-10-04","内容编辑与机制审核，未获逐方向专家签审"
"hydro-marine-8","hydro-marine","工程数值模型","边界输入、观测窗口与模型比例","ecology","细分核对","工况、辅助能耗与完整系统边界","在同一边界下比较转换、等待与维护成本","局部效率没有计入辅助系统的消耗","部件效率不直接代表全系统效益","北京大学：自然地理与自然资源系 [相邻学科范围]","https://www.ues.pku.edu.cn/ztlm/zrdlyzrzyx/index.htm","2026-10-04","内容编辑与机制审核，未获逐方向专家签审"
"hydro-marine-9","hydro-marine","工程监测","边界输入、观测窗口与模型比例","ecology","细分核对","工况、辅助能耗与完整系统边界","在同一边界下比较转换、等待与维护成本","局部效率没有计入辅助系统的消耗","部件效率不直接代表全系统效益","北京大学：自然地理与自然资源系 [相邻学科范围]","https://www.ues.pku.edu.cn/ztlm/zrdlyzrzyx/index.htm","2026-10-04","内容编辑与机制审核，未获逐方向专家签审"
"hydro-marine-10","hydro-marine","泥沙资料","边界输入、观测窗口与模型比例","ecology","细分核对","工况、辅助能耗与完整系统边界","在同一边界下比较转换、等待与维护成本","局部效率没有计入辅助系统的消耗","部件效率不直接代表全系统效益","北京大学：自然地理与自然资源系 [相邻学科范围]","https://www.ues.pku.edu.cn/ztlm/zrdlyzrzyx/index.htm","2026-10-04","内容编辑与机制审核，未获逐方向专家签审"
"hydro-marine-11","hydro-marine","工程环境评价","边界输入、观测窗口与模型比例","ecology","细分核对","工况、辅助能耗与完整系统边界","在同一边界下比较转换、等待与维护成本","局部效率没有计入辅助系统的消耗","部件效率不直接代表全系统效益","北京大学：自然地理与自然资源系 [相邻学科范围]","https://www.ues.pku.edu.cn/ztlm/zrdlyzrzyx/index.htm","2026-10-04","内容编辑与机制审核，未获逐方向专家签审"
"hydro-marine-12","hydro-marine","水利工程史","边界输入、观测窗口与模型比例","construction","细分核对","工况、辅助能耗与完整系统边界","在同一边界下比较转换、等待与维护成本","局部效率没有计入辅助系统的消耗","部件效率不直接代表全系统效益","MIT开放课程：力学与材料教学大纲 [基础方法课程]","https://ocw.mit.edu/courses/2-001-mechanics-materials-i-fall-2006/pages/syllabus/","2026-10-04","内容编辑与机制审核，未获逐方向专家签审"
"geomatics-engineering-1","geomatics-engineering","大地测量","坐标基准、精度口径与配准版本","remote-sensing","共享主题模块","影像日期、空间分辨率与地面参照","对齐时间与尺度，保留未能观测的区域","云遮挡区域被当成地表没有变化","影像缺测不等于地表状态没有变化","北京大学：自然地理与自然资源系 [相邻学科范围]","https://www.ues.pku.edu.cn/ztlm/zrdlyzrzyx/index.htm","2026-10-04","内容编辑与机制审核，未获逐方向专家签审"
"geomatics-engineering-2","geomatics-engineering","工程测量","坐标基准、精度口径与配准版本","remote-sensing","共享主题模块","影像日期、空间分辨率与地面参照","对齐时间与尺度，保留未能观测的区域","云遮挡区域被当成地表没有变化","影像缺测不等于地表状态没有变化","北京大学：自然地理与自然资源系 [相邻学科范围]","https://www.ues.pku.edu.cn/ztlm/zrdlyzrzyx/index.htm","2026-10-04","内容编辑与机制审核，未获逐方向专家签审"
"geomatics-engineering-3","geomatics-engineering","摄影测量","坐标基准、精度口径与配准版本","remote-sensing","共享主题模块","影像日期、空间分辨率与地面参照","对齐时间与尺度，保留未能观测的区域","云遮挡区域被当成地表没有变化","影像缺测不等于地表状态没有变化","北京大学：自然地理与自然资源系 [相邻学科范围]","https://www.ues.pku.edu.cn/ztlm/zrdlyzrzyx/index.htm","2026-10-04","内容编辑与机制审核，未获逐方向专家签审"
"geomatics-engineering-4","geomatics-engineering","遥感信息","坐标基准、精度口径与配准版本","remote-sensing","细分核对","空间分辨率、地面参照与使用目标","分别核对测量尺度、生态对象与决策边界","像元变化被直接当成同尺度的生态机制","观测尺度与过程尺度需要独立连接","北京大学：自然地理与自然资源系 [相邻学科范围]","https://www.ues.pku.edu.cn/ztlm/zrdlyzrzyx/index.htm","2026-10-04","内容编辑与机制审核，未获逐方向专家签审"
"geomatics-engineering-5","geomatics-engineering","地理信息工程","坐标基准、精度口径与配准版本","ecology","细分核对","像元、样地对应与观测时段","区分空间分辨率、实际覆盖与地面对应，保留云遮和缺测","缺测区域被写成了没有变化","像元不是天然独立样本，覆盖缺口也不是零变化","北京大学：自然地理与自然资源系 [相邻学科范围]","https://www.ues.pku.edu.cn/ztlm/zrdlyzrzyx/index.htm","2026-10-04","内容编辑与机制审核，未获逐方向专家签审"
"geomatics-engineering-6","geomatics-engineering","导航资料评价","坐标基准、精度口径与配准版本","remote-sensing","共享主题模块","影像日期、空间分辨率与地面参照","对齐时间与尺度，保留未能观测的区域","云遮挡区域被当成地表没有变化","影像缺测不等于地表状态没有变化","北京大学：自然地理与自然资源系 [相邻学科范围]","https://www.ues.pku.edu.cn/ztlm/zrdlyzrzyx/index.htm","2026-10-04","内容编辑与机制审核，未获逐方向专家签审"
"geomatics-engineering-7","geomatics-engineering","地图表达","坐标基准、精度口径与配准版本","remote-sensing","共享主题模块","影像日期、空间分辨率与地面参照","对齐时间与尺度，保留未能观测的区域","云遮挡区域被当成地表没有变化","影像缺测不等于地表状态没有变化","北京大学：自然地理与自然资源系 [相邻学科范围]","https://www.ues.pku.edu.cn/ztlm/zrdlyzrzyx/index.htm","2026-10-04","内容编辑与机制审核，未获逐方向专家签审"
"geomatics-engineering-8","geomatics-engineering","点云处理","坐标基准、精度口径与配准版本","software","细分核对","节点状态、故障窗口与一致性承诺","把正常运行与故障期间的行为分开，对齐系统承诺","正常时期的成功运行被当成故障时期的保证","正常表现不能代替故障条件下的语义与可用性说明","清华计算机系：软件研究所 [学科范围]","https://www.cs.tsinghua.edu.cn/jgsz/yjssys/jsjkxyjsxrjyjs.htm","2026-10-04","内容编辑与机制审核，未获逐方向专家签审"
"geomatics-engineering-9","geomatics-engineering","时空数据","坐标基准、精度口径与配准版本","remote-sensing","共享主题模块","影像日期、空间分辨率与地面参照","对齐时间与尺度，保留未能观测的区域","云遮挡区域被当成地表没有变化","影像缺测不等于地表状态没有变化","北京大学：自然地理与自然资源系 [相邻学科范围]","https://www.ues.pku.edu.cn/ztlm/zrdlyzrzyx/index.htm","2026-10-04","内容编辑与机制审核，未获逐方向专家签审"
"geomatics-engineering-10","geomatics-engineering","测绘质量","坐标基准、精度口径与配准版本","construction","共享主题模块","场地资料、设计版本与约束清单","让方案与场地、规范假设和反馈对应","委托方改了用途，旧方案仍按原指标验收","方案可行性要对应具体场地与用途","MIT开放课程：力学与材料教学大纲 [基础方法课程]","https://ocw.mit.edu/courses/2-001-mechanics-materials-i-fall-2006/pages/syllabus/","2026-10-04","内容编辑与机制审核，未获逐方向专家签审"
"geomatics-engineering-11","geomatics-engineering","多源资料配准","坐标基准、精度口径与配准版本","remote-sensing","共享主题模块","影像日期、空间分辨率与地面参照","对齐时间与尺度，保留未能观测的区域","云遮挡区域被当成地表没有变化","影像缺测不等于地表状态没有变化","北京大学：自然地理与自然资源系 [相邻学科范围]","https://www.ues.pku.edu.cn/ztlm/zrdlyzrzyx/index.htm","2026-10-04","内容编辑与机制审核，未获逐方向专家签审"
"geomatics-engineering-12","geomatics-engineering","测绘工程教育","坐标基准、精度口径与配准版本","education","共享主题模块","课堂目标、活动记录与学习过程材料","让任务、教学目标与评价对应，保留班级差异","换了老师也换了活动，改善却全归到工具上","课后高分不能独立证明某项教学设计有效","北京师范大学：课程与教学研究方向 [学科范围]","https://cter.bnu.edu.cn/docs/2024-05/e0d9749ec02e425eb45aa96fefdadc2a.pdf","2026-10-04","内容编辑与机制审核，未获逐方向专家签审"
"process-engineering-1","process-engineering","化工热力学","物料边界、工况与模型前提","process","细分核对","工况、辅助能耗与完整系统边界","在同一边界下比较转换、等待与维护成本","局部效率没有计入辅助系统的消耗","部件效率不直接代表全系统效益","北京大学化学学院：研究主题 [学科范围]；MIT开放课程：力学与材料教学大纲 [基础方法课程]","https://www.chem.pku.edu.cn/en/Research/ResearchTheme/index.htm；https://ocw.mit.edu/courses/2-001-mechanics-materials-i-fall-2006/pages/syllabus/","2026-10-04","内容编辑与机制审核，未获逐方向专家签审"
"process-engineering-2","process-engineering","传递过程","物料边界、工况与模型前提","process","细分核对","工况、辅助能耗与完整系统边界","在同一边界下比较转换、等待与维护成本","局部效率没有计入辅助系统的消耗","部件效率不直接代表全系统效益","北京大学化学学院：研究主题 [学科范围]；MIT开放课程：力学与材料教学大纲 [基础方法课程]","https://www.chem.pku.edu.cn/en/Research/ResearchTheme/index.htm；https://ocw.mit.edu/courses/2-001-mechanics-materials-i-fall-2006/pages/syllabus/","2026-10-04","内容编辑与机制审核，未获逐方向专家签审"
"process-engineering-3","process-engineering","反应工程理论","物料边界、工况与模型前提","process","细分核对","工况、辅助能耗与完整系统边界","在同一边界下比较转换、等待与维护成本","局部效率没有计入辅助系统的消耗","部件效率不直接代表全系统效益","北京大学化学学院：研究主题 [学科范围]；MIT开放课程：力学与材料教学大纲 [基础方法课程]","https://www.chem.pku.edu.cn/en/Research/ResearchTheme/index.htm；https://ocw.mit.edu/courses/2-001-mechanics-materials-i-fall-2006/pages/syllabus/","2026-10-04","内容编辑与机制审核，未获逐方向专家签审"
"process-engineering-4","process-engineering","过程系统","物料边界、工况与模型前提","software","细分核对","工况、辅助能耗与完整系统边界","在同一边界下比较转换、等待与维护成本","局部效率没有计入辅助系统的消耗","部件效率不直接代表全系统效益","清华计算机系：软件研究所 [学科范围]","https://www.cs.tsinghua.edu.cn/jgsz/yjssys/jsjkxyjsxrjyjs.htm","2026-10-04","内容编辑与机制审核，未获逐方向专家签审"
"process-engineering-5","process-engineering","分离过程理论","物料边界、工况与模型前提","process","细分核对","工况、辅助能耗与完整系统边界","在同一边界下比较转换、等待与维护成本","局部效率没有计入辅助系统的消耗","部件效率不直接代表全系统效益","北京大学化学学院：研究主题 [学科范围]；MIT开放课程：力学与材料教学大纲 [基础方法课程]","https://www.chem.pku.edu.cn/en/Research/ResearchTheme/index.htm；https://ocw.mit.edu/courses/2-001-mechanics-materials-i-fall-2006/pages/syllabus/","2026-10-04","内容编辑与机制审核，未获逐方向专家签审"
"process-engineering-6","process-engineering","过程控制","物料边界、工况与模型前提","mechanical","细分核对","工况、辅助能耗与完整系统边界","在同一边界下比较转换、等待与维护成本","局部效率没有计入辅助系统的消耗","部件效率不直接代表全系统效益","MIT开放课程：力学与材料教学大纲 [基础方法课程]","https://ocw.mit.edu/courses/2-001-mechanics-materials-i-fall-2006/pages/syllabus/","2026-10-04","内容编辑与机制审核，未获逐方向专家签审"
"process-engineering-7","process-engineering","过程强化评价","物料边界、工况与模型前提","process","细分核对","工况、辅助能耗与完整系统边界","在同一边界下比较转换、等待与维护成本","局部效率没有计入辅助系统的消耗","部件效率不直接代表全系统效益","北京大学化学学院：研究主题 [学科范围]；MIT开放课程：力学与材料教学大纲 [基础方法课程]","https://www.chem.pku.edu.cn/en/Research/ResearchTheme/index.htm；https://ocw.mit.edu/courses/2-001-mechanics-materials-i-fall-2006/pages/syllabus/","2026-10-04","内容编辑与机制审核，未获逐方向专家签审"
"process-engineering-8","process-engineering","资源循环","物料边界、工况与模型前提","process","细分核对","工况、辅助能耗与完整系统边界","在同一边界下比较转换、等待与维护成本","局部效率没有计入辅助系统的消耗","部件效率不直接代表全系统效益","北京大学化学学院：研究主题 [学科范围]；MIT开放课程：力学与材料教学大纲 [基础方法课程]","https://www.chem.pku.edu.cn/en/Research/ResearchTheme/index.htm；https://ocw.mit.edu/courses/2-001-mechanics-materials-i-fall-2006/pages/syllabus/","2026-10-04","内容编辑与机制审核，未获逐方向专家签审"
"process-engineering-9","process-engineering","过程模拟","物料边界、工况与模型前提","process","细分核对","工况、辅助能耗与完整系统边界","在同一边界下比较转换、等待与维护成本","局部效率没有计入辅助系统的消耗","部件效率不直接代表全系统效益","北京大学化学学院：研究主题 [学科范围]；MIT开放课程：力学与材料教学大纲 [基础方法课程]","https://www.chem.pku.edu.cn/en/Research/ResearchTheme/index.htm；https://ocw.mit.edu/courses/2-001-mechanics-materials-i-fall-2006/pages/syllabus/","2026-10-04","内容编辑与机制审核，未获逐方向专家签审"
"process-engineering-10","process-engineering","过程测量","物料边界、工况与模型前提","process","细分核对","工况、辅助能耗与完整系统边界","在同一边界下比较转换、等待与维护成本","局部效率没有计入辅助系统的消耗","部件效率不直接代表全系统效益","北京大学化学学院：研究主题 [学科范围]；MIT开放课程：力学与材料教学大纲 [基础方法课程]","https://www.chem.pku.edu.cn/en/Research/ResearchTheme/index.htm；https://ocw.mit.edu/courses/2-001-mechanics-materials-i-fall-2006/pages/syllabus/","2026-10-04","内容编辑与机制审核，未获逐方向专家签审"
"process-engineering-11","process-engineering","工况可靠性","物料边界、工况与模型前提","process","细分核对","工况、辅助能耗与完整系统边界","在同一边界下比较转换、等待与维护成本","局部效率没有计入辅助系统的消耗","部件效率不直接代表全系统效益","北京大学化学学院：研究主题 [学科范围]；MIT开放课程：力学与材料教学大纲 [基础方法课程]","https://www.chem.pku.edu.cn/en/Research/ResearchTheme/index.htm；https://ocw.mit.edu/courses/2-001-mechanics-materials-i-fall-2006/pages/syllabus/","2026-10-04","内容编辑与机制审核，未获逐方向专家签审"
"process-engineering-12","process-engineering","化工工程教育","物料边界、工况与模型前提","education","细分核对","工况、辅助能耗与完整系统边界","在同一边界下比较转换、等待与维护成本","局部效率没有计入辅助系统的消耗","部件效率不直接代表全系统效益","北京师范大学：课程与教学研究方向 [学科范围]","https://cter.bnu.edu.cn/docs/2024-05/e0d9749ec02e425eb45aa96fefdadc2a.pdf","2026-10-04","内容编辑与机制审核，未获逐方向专家签审"
"crop-science-1","crop-science","作物栽培","地块、季节与重复测量","crop","细分核对","地块、管理措施与生育期记录","对齐地块条件、生育期与管理差异，说明季节限制","管理措施不同的地块被全部归为品种差异","品种、环境与管理需要分别说明，单季结果不代替多环境表现","中国农业大学：作物研究介绍 [相邻学科范围]","https://sanya.cau.edu.cn/art/2022/8/2/art_47257_889299.html","2026-10-04","内容编辑与机制审核，未获逐方向专家签审"
"crop-science-2","crop-science","作物生理","地块、季节与重复测量","crop","共享主题模块","地块、品种、季节与管理记录","比较时同时核对地块条件和管理差异","看似较好的品种恰好都在同一块地","品种差异与地块、季节效应不能混在一起","中国农业大学：作物研究介绍 [相邻学科范围]","https://sanya.cau.edu.cn/art/2022/8/2/art_47257_889299.html","2026-10-04","内容编辑与机制审核，未获逐方向专家签审"
"crop-science-3","crop-science","作物遗传资料","地块、季节与重复测量","biomedical","细分核对","种质背景、目标性状与多环境表现","区分遗传背景、环境效应与性状取舍","单地点优势被写成所有环境下更优","单环境表现不能替代稳定性比较","NHLBI：研究质量评估工具 [研究方法资料]；OpenStax：解剖与生理教材说明 [基础教材入口]","https://www.nhlbi.nih.gov/health-topics/study-quality-assessment-tools；https://openstax.org/books/anatomy-and-physiology-2e/pages/preface","2026-10-04","内容编辑与机制审核，未获逐方向专家签审"
"crop-science-4","crop-science","作物育种评价","地块、季节与重复测量","crop-breeding","细分核对","种质背景、目标性状与多环境表现","区分遗传背景、环境效应与性状取舍","单地点优势被写成所有环境下更优","单环境表现不能替代稳定性比较","中国农业大学：作物研究介绍 [相邻学科范围]","https://sanya.cau.edu.cn/art/2022/8/2/art_47257_889299.html","2026-10-04","内容编辑与机制审核，未获逐方向专家签审"
"crop-science-5","crop-science","种质资料","地块、季节与重复测量","crop-breeding","细分核对","种质背景、目标性状与多环境表现","区分遗传背景、环境效应与性状取舍","单地点优势被写成所有环境下更优","单环境表现不能替代稳定性比较","中国农业大学：作物研究介绍 [相邻学科范围]","https://sanya.cau.edu.cn/art/2022/8/2/art_47257_889299.html","2026-10-04","内容编辑与机制审核，未获逐方向专家签审"
"crop-science-6","crop-science","作物品质","地块、季节与重复测量","crop","共享主题模块","地块、品种、季节与管理记录","比较时同时核对地块条件和管理差异","看似较好的品种恰好都在同一块地","品种差异与地块、季节效应不能混在一起","中国农业大学：作物研究介绍 [相邻学科范围]","https://sanya.cau.edu.cn/art/2022/8/2/art_47257_889299.html","2026-10-04","内容编辑与机制审核，未获逐方向专家签审"
"crop-science-7","crop-science","农田管理","地块、季节与重复测量","crop","共享主题模块","地块、品种、季节与管理记录","比较时同时核对地块条件和管理差异","看似较好的品种恰好都在同一块地","品种差异与地块、季节效应不能混在一起","中国农业大学：作物研究介绍 [相邻学科范围]","https://sanya.cau.edu.cn/art/2022/8/2/art_47257_889299.html","2026-10-04","内容编辑与机制审核，未获逐方向专家签审"
"crop-science-8","crop-science","农艺试验设计","地块、季节与重复测量","crop","细分核对","地块、管理措施与生育期记录","对齐地块条件、生育期与管理差异，说明季节限制","管理措施不同的地块被全部归为品种差异","品种、环境与管理需要分别说明，单季结果不代替多环境表现","中国农业大学：作物研究介绍 [相邻学科范围]","https://sanya.cau.edu.cn/art/2022/8/2/art_47257_889299.html","2026-10-04","内容编辑与机制审核，未获逐方向专家签审"
"crop-science-9","crop-science","农业气候","地块、季节与重复测量","ecology","共享主题模块","采样位置、时间窗口与环境背景记录","画出实际覆盖范围，保留天气与缺测时段","雨后未能到达的点被填成没有变化","缺测不是零，局部观察不能代替整个区域","北京大学：自然地理与自然资源系 [相邻学科范围]","https://www.ues.pku.edu.cn/ztlm/zrdlyzrzyx/index.htm","2026-10-04","内容编辑与机制审核，未获逐方向专家签审"
"crop-science-10","crop-science","作物模型","地块、季节与重复测量","crop","共享主题模块","地块、品种、季节与管理记录","比较时同时核对地块条件和管理差异","看似较好的品种恰好都在同一块地","品种差异与地块、季节效应不能混在一起","中国农业大学：作物研究介绍 [相邻学科范围]","https://sanya.cau.edu.cn/art/2022/8/2/art_47257_889299.html","2026-10-04","内容编辑与机制审核，未获逐方向专家签审"
"crop-science-11","crop-science","作物表型资料","地块、季节与重复测量","crop","共享主题模块","地块、品种、季节与管理记录","比较时同时核对地块条件和管理差异","看似较好的品种恰好都在同一块地","品种差异与地块、季节效应不能混在一起","中国农业大学：作物研究介绍 [相邻学科范围]","https://sanya.cau.edu.cn/art/2022/8/2/art_47257_889299.html","2026-10-04","内容编辑与机制审核，未获逐方向专家签审"
"crop-science-12","crop-science","作物生产系统","地块、季节与重复测量","crop","共享主题模块","地块、品种、季节与管理记录","比较时同时核对地块条件和管理差异","看似较好的品种恰好都在同一块地","品种差异与地块、季节效应不能混在一起","中国农业大学：作物研究介绍 [相邻学科范围]","https://sanya.cau.edu.cn/art/2022/8/2/art_47257_889299.html","2026-10-04","内容编辑与机制审核，未获逐方向专家签审"
"horticulture-studies-1","horticulture-studies","果树研究","生长阶段、环境与评价窗口","crop","共享主题模块","地块、品种、季节与管理记录","比较时同时核对地块条件和管理差异","看似较好的品种恰好都在同一块地","品种差异与地块、季节效应不能混在一起","中国农业大学：作物研究介绍 [相邻学科范围]","https://sanya.cau.edu.cn/art/2022/8/2/art_47257_889299.html","2026-10-04","内容编辑与机制审核，未获逐方向专家签审"
"horticulture-studies-2","horticulture-studies","蔬菜研究","生长阶段、环境与评价窗口","crop","共享主题模块","地块、品种、季节与管理记录","比较时同时核对地块条件和管理差异","看似较好的品种恰好都在同一块地","品种差异与地块、季节效应不能混在一起","中国农业大学：作物研究介绍 [相邻学科范围]","https://sanya.cau.edu.cn/art/2022/8/2/art_47257_889299.html","2026-10-04","内容编辑与机制审核，未获逐方向专家签审"
"horticulture-studies-3","horticulture-studies","花卉研究","生长阶段、环境与评价窗口","crop","共享主题模块","地块、品种、季节与管理记录","比较时同时核对地块条件和管理差异","看似较好的品种恰好都在同一块地","品种差异与地块、季节效应不能混在一起","中国农业大学：作物研究介绍 [相邻学科范围]","https://sanya.cau.edu.cn/art/2022/8/2/art_47257_889299.html","2026-10-04","内容编辑与机制审核，未获逐方向专家签审"
"horticulture-studies-4","horticulture-studies","设施园艺","生长阶段、环境与评价窗口","crop","共享主题模块","地块、品种、季节与管理记录","比较时同时核对地块条件和管理差异","看似较好的品种恰好都在同一块地","品种差异与地块、季节效应不能混在一起","中国农业大学：作物研究介绍 [相邻学科范围]","https://sanya.cau.edu.cn/art/2022/8/2/art_47257_889299.html","2026-10-04","内容编辑与机制审核，未获逐方向专家签审"
"horticulture-studies-5","horticulture-studies","园艺品质","生长阶段、环境与评价窗口","crop","共享主题模块","地块、品种、季节与管理记录","比较时同时核对地块条件和管理差异","看似较好的品种恰好都在同一块地","品种差异与地块、季节效应不能混在一起","中国农业大学：作物研究介绍 [相邻学科范围]","https://sanya.cau.edu.cn/art/2022/8/2/art_47257_889299.html","2026-10-04","内容编辑与机制审核，未获逐方向专家签审"
"horticulture-studies-6","horticulture-studies","园艺生理","生长阶段、环境与评价窗口","crop","共享主题模块","地块、品种、季节与管理记录","比较时同时核对地块条件和管理差异","看似较好的品种恰好都在同一块地","品种差异与地块、季节效应不能混在一起","中国农业大学：作物研究介绍 [相邻学科范围]","https://sanya.cau.edu.cn/art/2022/8/2/art_47257_889299.html","2026-10-04","内容编辑与机制审核，未获逐方向专家签审"
"horticulture-studies-7","horticulture-studies","园艺资源资料","生长阶段、环境与评价窗口","crop","共享主题模块","地块、品种、季节与管理记录","比较时同时核对地块条件和管理差异","看似较好的品种恰好都在同一块地","品种差异与地块、季节效应不能混在一起","中国农业大学：作物研究介绍 [相邻学科范围]","https://sanya.cau.edu.cn/art/2022/8/2/art_47257_889299.html","2026-10-04","内容编辑与机制审核，未获逐方向专家签审"
"horticulture-studies-8","horticulture-studies","园艺生态","生长阶段、环境与评价窗口","crop","共享主题模块","地块、品种、季节与管理记录","比较时同时核对地块条件和管理差异","看似较好的品种恰好都在同一块地","品种差异与地块、季节效应不能混在一起","中国农业大学：作物研究介绍 [相邻学科范围]","https://sanya.cau.edu.cn/art/2022/8/2/art_47257_889299.html","2026-10-04","内容编辑与机制审核，未获逐方向专家签审"
"horticulture-studies-9","horticulture-studies","采后评价","生长阶段、环境与评价窗口","crop","共享主题模块","地块、品种、季节与管理记录","比较时同时核对地块条件和管理差异","看似较好的品种恰好都在同一块地","品种差异与地块、季节效应不能混在一起","中国农业大学：作物研究介绍 [相邻学科范围]","https://sanya.cau.edu.cn/art/2022/8/2/art_47257_889299.html","2026-10-04","内容编辑与机制审核，未获逐方向专家签审"
"horticulture-studies-10","horticulture-studies","园艺生产系统","生长阶段、环境与评价窗口","crop","共享主题模块","地块、品种、季节与管理记录","比较时同时核对地块条件和管理差异","看似较好的品种恰好都在同一块地","品种差异与地块、季节效应不能混在一起","中国农业大学：作物研究介绍 [相邻学科范围]","https://sanya.cau.edu.cn/art/2022/8/2/art_47257_889299.html","2026-10-04","内容编辑与机制审核，未获逐方向专家签审"
"horticulture-studies-11","horticulture-studies","园艺表型","生长阶段、环境与评价窗口","crop","共享主题模块","地块、品种、季节与管理记录","比较时同时核对地块条件和管理差异","看似较好的品种恰好都在同一块地","品种差异与地块、季节效应不能混在一起","中国农业大学：作物研究介绍 [相邻学科范围]","https://sanya.cau.edu.cn/art/2022/8/2/art_47257_889299.html","2026-10-04","内容编辑与机制审核，未获逐方向专家签审"
"horticulture-studies-12","horticulture-studies","城市园艺","生长阶段、环境与评价窗口","crop","共享主题模块","地块、品种、季节与管理记录","比较时同时核对地块条件和管理差异","看似较好的品种恰好都在同一块地","品种差异与地块、季节效应不能混在一起","中国农业大学：作物研究介绍 [相邻学科范围]","https://sanya.cau.edu.cn/art/2022/8/2/art_47257_889299.html","2026-10-04","内容编辑与机制审核，未获逐方向专家签审"
"soil-resources-1","soil-resources","土壤学","地块层次、测量批次与尺度","ecology","细分核对","采样深度、含水状态与地块管理历史","分开空间异质性、测量状态与管理影响","不同深度样品被直接用来比较管理效果","土层和状态不同不能无条件归因于管理","北京大学：自然地理与自然资源系 [相邻学科范围]","https://www.ues.pku.edu.cn/ztlm/zrdlyzrzyx/index.htm","2026-10-04","内容编辑与机制审核，未获逐方向专家签审"
"soil-resources-2","soil-resources","植物营养资料","地块层次、测量批次与尺度","food","共享主题模块","批次来源、评价条件与保存时间记录","把批次与评价顺序分开，保留原始口径","同一批次重复评价被当作不同来源","评价信号不直接证明实际消费情境的效果","中国农业大学：作物研究介绍 [相邻学科范围]","https://sanya.cau.edu.cn/art/2022/8/2/art_47257_889299.html","2026-10-04","内容编辑与机制审核，未获逐方向专家签审"
"soil-resources-3","soil-resources","农业资源","地块层次、测量批次与尺度","ecology","细分核对","采样深度、含水状态与地块管理历史","分开空间异质性、测量状态与管理影响","不同深度样品被直接用来比较管理效果","土层和状态不同不能无条件归因于管理","北京大学：自然地理与自然资源系 [相邻学科范围]","https://www.ues.pku.edu.cn/ztlm/zrdlyzrzyx/index.htm","2026-10-04","内容编辑与机制审核，未获逐方向专家签审"
"soil-resources-4","soil-resources","土壤生态","地块层次、测量批次与尺度","ecology","细分核对","采样深度、含水状态与地块管理历史","分开空间异质性、测量状态与管理影响","不同深度样品被直接用来比较管理效果","土层和状态不同不能无条件归因于管理","北京大学：自然地理与自然资源系 [相邻学科范围]","https://www.ues.pku.edu.cn/ztlm/zrdlyzrzyx/index.htm","2026-10-04","内容编辑与机制审核，未获逐方向专家签审"
"soil-resources-5","soil-resources","农田环境","地块层次、测量批次与尺度","ecology","共享主题模块","采样位置、时间窗口与环境背景记录","画出实际覆盖范围，保留天气与缺测时段","雨后未能到达的点被填成没有变化","缺测不是零，局部观察不能代替整个区域","北京大学：自然地理与自然资源系 [相邻学科范围]","https://www.ues.pku.edu.cn/ztlm/zrdlyzrzyx/index.htm","2026-10-04","内容编辑与机制审核，未获逐方向专家签审"
"soil-resources-6","soil-resources","土壤空间分析","地块层次、测量批次与尺度","ecology","细分核对","采样深度、含水状态与地块管理历史","分开空间异质性、测量状态与管理影响","不同深度样品被直接用来比较管理效果","土层和状态不同不能无条件归因于管理","北京大学：自然地理与自然资源系 [相邻学科范围]","https://www.ues.pku.edu.cn/ztlm/zrdlyzrzyx/index.htm","2026-10-04","内容编辑与机制审核，未获逐方向专家签审"
"soil-resources-7","soil-resources","土壤水分","地块层次、测量批次与尺度","ecology","细分核对","采样深度、含水状态与地块管理历史","分开空间异质性、测量状态与管理影响","不同深度样品被直接用来比较管理效果","土层和状态不同不能无条件归因于管理","北京大学：自然地理与自然资源系 [相邻学科范围]","https://www.ues.pku.edu.cn/ztlm/zrdlyzrzyx/index.htm","2026-10-04","内容编辑与机制审核，未获逐方向专家签审"
"soil-resources-8","soil-resources","土地利用","地块层次、测量批次与尺度","ecology","共享主题模块","采样位置、时间窗口与环境背景记录","画出实际覆盖范围，保留天气与缺测时段","雨后未能到达的点被填成没有变化","缺测不是零，局部观察不能代替整个区域","北京大学：自然地理与自然资源系 [相邻学科范围]","https://www.ues.pku.edu.cn/ztlm/zrdlyzrzyx/index.htm","2026-10-04","内容编辑与机制审核，未获逐方向专家签审"
"soil-resources-9","soil-resources","资源循环","地块层次、测量批次与尺度","ecology","细分核对","采样深度、含水状态与地块管理历史","分开空间异质性、测量状态与管理影响","不同深度样品被直接用来比较管理效果","土层和状态不同不能无条件归因于管理","北京大学：自然地理与自然资源系 [相邻学科范围]","https://www.ues.pku.edu.cn/ztlm/zrdlyzrzyx/index.htm","2026-10-04","内容编辑与机制审核，未获逐方向专家签审"
"soil-resources-10","soil-resources","土壤测量","地块层次、测量批次与尺度","ecology","细分核对","采样深度、含水状态与地块管理历史","分开空间异质性、测量状态与管理影响","不同深度样品被直接用来比较管理效果","土层和状态不同不能无条件归因于管理","北京大学：自然地理与自然资源系 [相邻学科范围]","https://www.ues.pku.edu.cn/ztlm/zrdlyzrzyx/index.htm","2026-10-04","内容编辑与机制审核，未获逐方向专家签审"
"soil-resources-11","soil-resources","农业资源评价","地块层次、测量批次与尺度","ecology","细分核对","采样深度、含水状态与地块管理历史","分开空间异质性、测量状态与管理影响","不同深度样品被直接用来比较管理效果","土层和状态不同不能无条件归因于管理","北京大学：自然地理与自然资源系 [相邻学科范围]","https://www.ues.pku.edu.cn/ztlm/zrdlyzrzyx/index.htm","2026-10-04","内容编辑与机制审核，未获逐方向专家签审"
"soil-resources-12","soil-resources","农业环境史","地块层次、测量批次与尺度","ecology","共享主题模块","采样位置、时间窗口与环境背景记录","画出实际覆盖范围，保留天气与缺测时段","雨后未能到达的点被填成没有变化","缺测不是零，局部观察不能代替整个区域","北京大学：自然地理与自然资源系 [相邻学科范围]","https://www.ues.pku.edu.cn/ztlm/zrdlyzrzyx/index.htm","2026-10-04","内容编辑与机制审核，未获逐方向专家签审"
"forest-science-1","forest-science","森林生态","林分层次、长期观测与经营情境","ecology","细分核对","样地年龄结构、更新记录与管理周期","区分短期生长、更新成功与长期维持","当年长势好被直接写成长期更新成功","短期生长不能替代更新与长期维持","北京大学：自然地理与自然资源系 [相邻学科范围]","https://www.ues.pku.edu.cn/ztlm/zrdlyzrzyx/index.htm","2026-10-04","内容编辑与机制审核，未获逐方向专家签审"
"forest-science-2","forest-science","森林培育","林分层次、长期观测与经营情境","ecology","细分核对","样地年龄结构、更新记录与管理周期","区分短期生长、更新成功与长期维持","当年长势好被直接写成长期更新成功","短期生长不能替代更新与长期维持","北京大学：自然地理与自然资源系 [相邻学科范围]","https://www.ues.pku.edu.cn/ztlm/zrdlyzrzyx/index.htm","2026-10-04","内容编辑与机制审核，未获逐方向专家签审"
"forest-science-3","forest-science","森林资源","林分层次、长期观测与经营情境","ecology","细分核对","样地年龄结构、更新记录与管理周期","区分短期生长、更新成功与长期维持","当年长势好被直接写成长期更新成功","短期生长不能替代更新与长期维持","北京大学：自然地理与自然资源系 [相邻学科范围]","https://www.ues.pku.edu.cn/ztlm/zrdlyzrzyx/index.htm","2026-10-04","内容编辑与机制审核，未获逐方向专家签审"
"forest-science-4","forest-science","森林经营","林分层次、长期观测与经营情境","ecology","细分核对","样地年龄结构、更新记录与管理周期","区分短期生长、更新成功与长期维持","当年长势好被直接写成长期更新成功","短期生长不能替代更新与长期维持","北京大学：自然地理与自然资源系 [相邻学科范围]","https://www.ues.pku.edu.cn/ztlm/zrdlyzrzyx/index.htm","2026-10-04","内容编辑与机制审核，未获逐方向专家签审"
"forest-science-5","forest-science","林木资料","林分层次、长期观测与经营情境","ecology","细分核对","样地年龄结构、更新记录与管理周期","区分短期生长、更新成功与长期维持","当年长势好被直接写成长期更新成功","短期生长不能替代更新与长期维持","北京大学：自然地理与自然资源系 [相邻学科范围]","https://www.ues.pku.edu.cn/ztlm/zrdlyzrzyx/index.htm","2026-10-04","内容编辑与机制审核，未获逐方向专家签审"
"forest-science-6","forest-science","森林土壤","林分层次、长期观测与经营情境","ecology","细分核对","样地年龄结构、更新记录与管理周期","区分短期生长、更新成功与长期维持","当年长势好被直接写成长期更新成功","短期生长不能替代更新与长期维持","北京大学：自然地理与自然资源系 [相邻学科范围]","https://www.ues.pku.edu.cn/ztlm/zrdlyzrzyx/index.htm","2026-10-04","内容编辑与机制审核，未获逐方向专家签审"
"forest-science-7","forest-science","林业遥感","林分层次、长期观测与经营情境","ecology","细分核对","样地年龄结构、更新记录与管理周期","区分短期生长、更新成功与长期维持","当年长势好被直接写成长期更新成功","短期生长不能替代更新与长期维持","北京大学：自然地理与自然资源系 [相邻学科范围]","https://www.ues.pku.edu.cn/ztlm/zrdlyzrzyx/index.htm","2026-10-04","内容编辑与机制审核，未获逐方向专家签审"
"forest-science-8","forest-science","森林碳资料","林分层次、长期观测与经营情境","ecology","细分核对","样地年龄结构、更新记录与管理周期","区分短期生长、更新成功与长期维持","当年长势好被直接写成长期更新成功","短期生长不能替代更新与长期维持","北京大学：自然地理与自然资源系 [相邻学科范围]","https://www.ues.pku.edu.cn/ztlm/zrdlyzrzyx/index.htm","2026-10-04","内容编辑与机制审核，未获逐方向专家签审"
"forest-science-9","forest-science","城市林业","林分层次、长期观测与经营情境","ecology","细分核对","样地年龄结构、更新记录与管理周期","区分短期生长、更新成功与长期维持","当年长势好被直接写成长期更新成功","短期生长不能替代更新与长期维持","北京大学：自然地理与自然资源系 [相邻学科范围]","https://www.ues.pku.edu.cn/ztlm/zrdlyzrzyx/index.htm","2026-10-04","内容编辑与机制审核，未获逐方向专家签审"
"forest-science-10","forest-science","林产品评价","林分层次、长期观测与经营情境","ecology","细分核对","样地年龄结构、更新记录与管理周期","区分短期生长、更新成功与长期维持","当年长势好被直接写成长期更新成功","短期生长不能替代更新与长期维持","北京大学：自然地理与自然资源系 [相邻学科范围]","https://www.ues.pku.edu.cn/ztlm/zrdlyzrzyx/index.htm","2026-10-04","内容编辑与机制审核，未获逐方向专家签审"
"forest-science-11","forest-science","森林健康资料","林分层次、长期观测与经营情境","ecology","细分核对","样地年龄结构、更新记录与管理周期","区分短期生长、更新成功与长期维持","当年长势好被直接写成长期更新成功","短期生长不能替代更新与长期维持","北京大学：自然地理与自然资源系 [相邻学科范围]","https://www.ues.pku.edu.cn/ztlm/zrdlyzrzyx/index.htm","2026-10-04","内容编辑与机制审核，未获逐方向专家签审"
"forest-science-12","forest-science","林业社会研究","林分层次、长期观测与经营情境","ecology","细分核对","样地年龄结构、更新记录与管理周期","区分短期生长、更新成功与长期维持","当年长势好被直接写成长期更新成功","短期生长不能替代更新与长期维持","北京大学：自然地理与自然资源系 [相邻学科范围]","https://www.ues.pku.edu.cn/ztlm/zrdlyzrzyx/index.htm","2026-10-04","内容编辑与机制审核，未获逐方向专家签审"
"aquatic-science-1","aquatic-science","水产生态","池塘或水域单位、季节与观察条件","aquatic","细分核对","个体索引、养殖场背景与生长窗口","保留个体、群体环境与观察时期","同一养殖场的多次记录被当成独立场间重复","记录次数不能代替独立个体或独立场","中国农业大学：作物研究介绍 [相邻学科范围]","https://sanya.cau.edu.cn/art/2022/8/2/art_47257_889299.html","2026-10-04","内容编辑与机制审核，未获逐方向专家签审"
"aquatic-science-2","aquatic-science","渔业资源","池塘或水域单位、季节与观察条件","aquatic","细分核对","个体索引、养殖场背景与生长窗口","保留个体、群体环境与观察时期","同一养殖场的多次记录被当成独立场间重复","记录次数不能代替独立个体或独立场","中国农业大学：作物研究介绍 [相邻学科范围]","https://sanya.cau.edu.cn/art/2022/8/2/art_47257_889299.html","2026-10-04","内容编辑与机制审核，未获逐方向专家签审"
"aquatic-science-3","aquatic-science","水产营养资料","池塘或水域单位、季节与观察条件","aquatic","细分核对","个体索引、养殖场背景与生长窗口","保留个体、群体环境与观察时期","同一养殖场的多次记录被当成独立场间重复","记录次数不能代替独立个体或独立场","中国农业大学：作物研究介绍 [相邻学科范围]","https://sanya.cau.edu.cn/art/2022/8/2/art_47257_889299.html","2026-10-04","内容编辑与机制审核，未获逐方向专家签审"
"aquatic-science-4","aquatic-science","水产遗传资料","池塘或水域单位、季节与观察条件","aquatic","细分核对","个体索引、养殖场背景与生长窗口","保留个体、群体环境与观察时期","同一养殖场的多次记录被当成独立场间重复","记录次数不能代替独立个体或独立场","中国农业大学：作物研究介绍 [相邻学科范围]","https://sanya.cau.edu.cn/art/2022/8/2/art_47257_889299.html","2026-10-04","内容编辑与机制审核，未获逐方向专家签审"
"aquatic-science-5","aquatic-science","养殖环境评价","池塘或水域单位、季节与观察条件","aquatic","细分核对","个体索引、养殖场背景与生长窗口","保留个体、群体环境与观察时期","同一养殖场的多次记录被当成独立场间重复","记录次数不能代替独立个体或独立场","中国农业大学：作物研究介绍 [相邻学科范围]","https://sanya.cau.edu.cn/art/2022/8/2/art_47257_889299.html","2026-10-04","内容编辑与机制审核，未获逐方向专家签审"
"aquatic-science-6","aquatic-science","水产品质量","池塘或水域单位、季节与观察条件","aquatic","细分核对","个体索引、养殖场背景与生长窗口","保留个体、群体环境与观察时期","同一养殖场的多次记录被当成独立场间重复","记录次数不能代替独立个体或独立场","中国农业大学：作物研究介绍 [相邻学科范围]","https://sanya.cau.edu.cn/art/2022/8/2/art_47257_889299.html","2026-10-04","内容编辑与机制审核，未获逐方向专家签审"
"aquatic-science-7","aquatic-science","水产动物福利","池塘或水域单位、季节与观察条件","aquatic","细分核对","个体索引、养殖场背景与生长窗口","保留个体、群体环境与观察时期","同一养殖场的多次记录被当成独立场间重复","记录次数不能代替独立个体或独立场","中国农业大学：作物研究介绍 [相邻学科范围]","https://sanya.cau.edu.cn/art/2022/8/2/art_47257_889299.html","2026-10-04","内容编辑与机制审核，未获逐方向专家签审"
"aquatic-science-8","aquatic-science","渔业管理","池塘或水域单位、季节与观察条件","aquatic","细分核对","个体索引、养殖场背景与生长窗口","保留个体、群体环境与观察时期","同一养殖场的多次记录被当成独立场间重复","记录次数不能代替独立个体或独立场","中国农业大学：作物研究介绍 [相邻学科范围]","https://sanya.cau.edu.cn/art/2022/8/2/art_47257_889299.html","2026-10-04","内容编辑与机制审核，未获逐方向专家签审"
"aquatic-science-9","aquatic-science","渔业社会研究","池塘或水域单位、季节与观察条件","aquatic","细分核对","个体索引、养殖场背景与生长窗口","保留个体、群体环境与观察时期","同一养殖场的多次记录被当成独立场间重复","记录次数不能代替独立个体或独立场","中国农业大学：作物研究介绍 [相邻学科范围]","https://sanya.cau.edu.cn/art/2022/8/2/art_47257_889299.html","2026-10-04","内容编辑与机制审核，未获逐方向专家签审"
"aquatic-science-10","aquatic-science","水产生产系统","池塘或水域单位、季节与观察条件","aquatic","细分核对","个体索引、养殖场背景与生长窗口","保留个体、群体环境与观察时期","同一养殖场的多次记录被当成独立场间重复","记录次数不能代替独立个体或独立场","中国农业大学：作物研究介绍 [相邻学科范围]","https://sanya.cau.edu.cn/art/2022/8/2/art_47257_889299.html","2026-10-04","内容编辑与机制审核，未获逐方向专家签审"
"aquatic-science-11","aquatic-science","渔业统计","池塘或水域单位、季节与观察条件","aquatic","细分核对","个体索引、养殖场背景与生长窗口","保留个体、群体环境与观察时期","同一养殖场的多次记录被当成独立场间重复","记录次数不能代替独立个体或独立场","中国农业大学：作物研究介绍 [相邻学科范围]","https://sanya.cau.edu.cn/art/2022/8/2/art_47257_889299.html","2026-10-04","内容编辑与机制审核，未获逐方向专家签审"
"aquatic-science-12","aquatic-science","水域观测","池塘或水域单位、季节与观察条件","aquatic","细分核对","个体索引、养殖场背景与生长窗口","保留个体、群体环境与观察时期","同一养殖场的多次记录被当成独立场间重复","记录次数不能代替独立个体或独立场","中国农业大学：作物研究介绍 [相邻学科范围]","https://sanya.cau.edu.cn/art/2022/8/2/art_47257_889299.html","2026-10-04","内容编辑与机制审核，未获逐方向专家签审"
"strategic-studies-1","strategic-studies","战略思想史","公开材料、情境设定与判断层次","military","细分核对","公开史料、当时信息与组织约束","限制在公开历史解释，保留行动者当时能知道的内容","历史结局被提前交给抽象案例中的决策者","历史解释与抽象组织案例不等于现实预测","教育部：研究生教育学科专业目录（2022） [分类背景]；北京大学历史学系：学科介绍 [学科范围]","https://www.moe.gov.cn/srcsite/A22/moe_833/202209/t20220914_660828.html；https://history.pku.edu.cn/bxgk/xkjj/index.htm","2026-10-04","内容编辑与机制审核，未获逐方向专家签审"
"strategic-studies-2","strategic-studies","安全理论","公开材料、情境设定与判断层次","military","细分核对","公开史料、当时信息与组织约束","限制在公开历史解释，保留行动者当时能知道的内容","历史结局被提前交给抽象案例中的决策者","历史解释与抽象组织案例不等于现实预测","教育部：研究生教育学科专业目录（2022） [分类背景]；北京大学历史学系：学科介绍 [学科范围]","https://www.moe.gov.cn/srcsite/A22/moe_833/202209/t20220914_660828.html；https://history.pku.edu.cn/bxgk/xkjj/index.htm","2026-10-04","内容编辑与机制审核，未获逐方向专家签审"
"strategic-studies-3","strategic-studies","公开战略文本","公开材料、情境设定与判断层次","military","细分核对","公开史料、当时信息与组织约束","限制在公开历史解释，保留行动者当时能知道的内容","历史结局被提前交给抽象案例中的决策者","历史解释与抽象组织案例不等于现实预测","教育部：研究生教育学科专业目录（2022） [分类背景]；北京大学历史学系：学科介绍 [学科范围]","https://www.moe.gov.cn/srcsite/A22/moe_833/202209/t20220914_660828.html；https://history.pku.edu.cn/bxgk/xkjj/index.htm","2026-10-04","内容编辑与机制审核，未获逐方向专家签审"
"strategic-studies-4","strategic-studies","区域安全研究","公开材料、情境设定与判断层次","military","细分核对","公开史料、当时信息与组织约束","限制在公开历史解释，保留行动者当时能知道的内容","历史结局被提前交给抽象案例中的决策者","历史解释与抽象组织案例不等于现实预测","教育部：研究生教育学科专业目录（2022） [分类背景]；北京大学历史学系：学科介绍 [学科范围]","https://www.moe.gov.cn/srcsite/A22/moe_833/202209/t20220914_660828.html；https://history.pku.edu.cn/bxgk/xkjj/index.htm","2026-10-04","内容编辑与机制审核，未获逐方向专家签审"
"strategic-studies-5","strategic-studies","国际安全机制","公开材料、情境设定与判断层次","military","细分核对","公开史料、当时信息与组织约束","限制在公开历史解释，保留行动者当时能知道的内容","历史结局被提前交给抽象案例中的决策者","历史解释与抽象组织案例不等于现实预测","教育部：研究生教育学科专业目录（2022） [分类背景]；北京大学历史学系：学科介绍 [学科范围]","https://www.moe.gov.cn/srcsite/A22/moe_833/202209/t20220914_660828.html；https://history.pku.edu.cn/bxgk/xkjj/index.htm","2026-10-04","内容编辑与机制审核，未获逐方向专家签审"
"strategic-studies-6","strategic-studies","安全伦理","公开材料、情境设定与判断层次","military","细分核对","公开史料、当时信息与组织约束","限制在公开历史解释，保留行动者当时能知道的内容","历史结局被提前交给抽象案例中的决策者","历史解释与抽象组织案例不等于现实预测","教育部：研究生教育学科专业目录（2022） [分类背景]；北京大学历史学系：学科介绍 [学科范围]","https://www.moe.gov.cn/srcsite/A22/moe_833/202209/t20220914_660828.html；https://history.pku.edu.cn/bxgk/xkjj/index.htm","2026-10-04","内容编辑与机制审核，未获逐方向专家签审"
"strategic-studies-7","strategic-studies","危机叙事研究","公开材料、情境设定与判断层次","military","细分核对","公开史料、当时信息与组织约束","限制在公开历史解释，保留行动者当时能知道的内容","历史结局被提前交给抽象案例中的决策者","历史解释与抽象组织案例不等于现实预测","教育部：研究生教育学科专业目录（2022） [分类背景]；北京大学历史学系：学科介绍 [学科范围]","https://www.moe.gov.cn/srcsite/A22/moe_833/202209/t20220914_660828.html；https://history.pku.edu.cn/bxgk/xkjj/index.htm","2026-10-04","内容编辑与机制审核，未获逐方向专家签审"
"strategic-studies-8","strategic-studies","战略传播史","公开材料、情境设定与判断层次","military","细分核对","公开史料、当时信息与组织约束","限制在公开历史解释，保留行动者当时能知道的内容","历史结局被提前交给抽象案例中的决策者","历史解释与抽象组织案例不等于现实预测","教育部：研究生教育学科专业目录（2022） [分类背景]；北京大学历史学系：学科介绍 [学科范围]","https://www.moe.gov.cn/srcsite/A22/moe_833/202209/t20220914_660828.html；https://history.pku.edu.cn/bxgk/xkjj/index.htm","2026-10-04","内容编辑与机制审核，未获逐方向专家签审"
"strategic-studies-9","strategic-studies","公共安全政策","公开材料、情境设定与判断层次","military","细分核对","公开史料、当时信息与组织约束","限制在公开历史解释，保留行动者当时能知道的内容","历史结局被提前交给抽象案例中的决策者","历史解释与抽象组织案例不等于现实预测","教育部：研究生教育学科专业目录（2022） [分类背景]；北京大学历史学系：学科介绍 [学科范围]","https://www.moe.gov.cn/srcsite/A22/moe_833/202209/t20220914_660828.html；https://history.pku.edu.cn/bxgk/xkjj/index.htm","2026-10-04","内容编辑与机制审核，未获逐方向专家签审"
"strategic-studies-10","strategic-studies","比较安全制度","公开材料、情境设定与判断层次","military","细分核对","公开史料、当时信息与组织约束","限制在公开历史解释，保留行动者当时能知道的内容","历史结局被提前交给抽象案例中的决策者","历史解释与抽象组织案例不等于现实预测","教育部：研究生教育学科专业目录（2022） [分类背景]；北京大学历史学系：学科介绍 [学科范围]","https://www.moe.gov.cn/srcsite/A22/moe_833/202209/t20220914_660828.html；https://history.pku.edu.cn/bxgk/xkjj/index.htm","2026-10-04","内容编辑与机制审核，未获逐方向专家签审"
"strategic-studies-11","strategic-studies","战略文化","公开材料、情境设定与判断层次","military","细分核对","公开史料、当时信息与组织约束","限制在公开历史解释，保留行动者当时能知道的内容","历史结局被提前交给抽象案例中的决策者","历史解释与抽象组织案例不等于现实预测","教育部：研究生教育学科专业目录（2022） [分类背景]；北京大学历史学系：学科介绍 [学科范围]","https://www.moe.gov.cn/srcsite/A22/moe_833/202209/t20220914_660828.html；https://history.pku.edu.cn/bxgk/xkjj/index.htm","2026-10-04","内容编辑与机制审核，未获逐方向专家签审"
"strategic-studies-12","strategic-studies","安全教育","公开材料、情境设定与判断层次","military","细分核对","公开史料、当时信息与组织约束","限制在公开历史解释，保留行动者当时能知道的内容","历史结局被提前交给抽象案例中的决策者","历史解释与抽象组织案例不等于现实预测","教育部：研究生教育学科专业目录（2022） [分类背景]；北京大学历史学系：学科介绍 [学科范围]","https://www.moe.gov.cn/srcsite/A22/moe_833/202209/t20220914_660828.html；https://history.pku.edu.cn/bxgk/xkjj/index.htm","2026-10-04","内容编辑与机制审核，未获逐方向专家签审"
"military-history-1","military-history","军事思想史","史料出处、年代与叙述立场","military","细分核对","公开史料、当时信息与组织约束","限制在公开历史解释，保留行动者当时能知道的内容","历史结局被提前交给抽象案例中的决策者","历史解释与抽象组织案例不等于现实预测","教育部：研究生教育学科专业目录（2022） [分类背景]；北京大学历史学系：学科介绍 [学科范围]","https://www.moe.gov.cn/srcsite/A22/moe_833/202209/t20220914_660828.html；https://history.pku.edu.cn/bxgk/xkjj/index.htm","2026-10-04","内容编辑与机制审核，未获逐方向专家签审"
"military-history-2","military-history","军制史","史料出处、年代与叙述立场","military","细分核对","公开史料、当时信息与组织约束","限制在公开历史解释，保留行动者当时能知道的内容","历史结局被提前交给抽象案例中的决策者","历史解释与抽象组织案例不等于现实预测","教育部：研究生教育学科专业目录（2022） [分类背景]；北京大学历史学系：学科介绍 [学科范围]","https://www.moe.gov.cn/srcsite/A22/moe_833/202209/t20220914_660828.html；https://history.pku.edu.cn/bxgk/xkjj/index.htm","2026-10-04","内容编辑与机制审核，未获逐方向专家签审"
"military-history-3","military-history","军事社会史","史料出处、年代与叙述立场","military","细分核对","公开史料、当时信息与组织约束","限制在公开历史解释，保留行动者当时能知道的内容","历史结局被提前交给抽象案例中的决策者","历史解释与抽象组织案例不等于现实预测","教育部：研究生教育学科专业目录（2022） [分类背景]；北京大学历史学系：学科介绍 [学科范围]","https://www.moe.gov.cn/srcsite/A22/moe_833/202209/t20220914_660828.html；https://history.pku.edu.cn/bxgk/xkjj/index.htm","2026-10-04","内容编辑与机制审核，未获逐方向专家签审"
"military-history-4","military-history","战争记忆","史料出处、年代与叙述立场","military","细分核对","公开史料、当时信息与组织约束","限制在公开历史解释，保留行动者当时能知道的内容","历史结局被提前交给抽象案例中的决策者","历史解释与抽象组织案例不等于现实预测","教育部：研究生教育学科专业目录（2022） [分类背景]；北京大学历史学系：学科介绍 [学科范围]","https://www.moe.gov.cn/srcsite/A22/moe_833/202209/t20220914_660828.html；https://history.pku.edu.cn/bxgk/xkjj/index.htm","2026-10-04","内容编辑与机制审核，未获逐方向专家签审"
"military-history-5","military-history","军事教育史","史料出处、年代与叙述立场","military","细分核对","公开史料、当时信息与组织约束","限制在公开历史解释，保留行动者当时能知道的内容","历史结局被提前交给抽象案例中的决策者","历史解释与抽象组织案例不等于现实预测","教育部：研究生教育学科专业目录（2022） [分类背景]；北京大学历史学系：学科介绍 [学科范围]","https://www.moe.gov.cn/srcsite/A22/moe_833/202209/t20220914_660828.html；https://history.pku.edu.cn/bxgk/xkjj/index.htm","2026-10-04","内容编辑与机制审核，未获逐方向专家签审"
"military-history-6","military-history","军史文献","史料出处、年代与叙述立场","military","细分核对","公开史料、当时信息与组织约束","限制在公开历史解释，保留行动者当时能知道的内容","历史结局被提前交给抽象案例中的决策者","历史解释与抽象组织案例不等于现实预测","教育部：研究生教育学科专业目录（2022） [分类背景]；北京大学历史学系：学科介绍 [学科范围]","https://www.moe.gov.cn/srcsite/A22/moe_833/202209/t20220914_660828.html；https://history.pku.edu.cn/bxgk/xkjj/index.htm","2026-10-04","内容编辑与机制审核，未获逐方向专家签审"
"military-history-7","military-history","军事博物馆","史料出处、年代与叙述立场","military","细分核对","公开史料、当时信息与组织约束","限制在公开历史解释，保留行动者当时能知道的内容","历史结局被提前交给抽象案例中的决策者","历史解释与抽象组织案例不等于现实预测","教育部：研究生教育学科专业目录（2022） [分类背景]；北京大学历史学系：学科介绍 [学科范围]","https://www.moe.gov.cn/srcsite/A22/moe_833/202209/t20220914_660828.html；https://history.pku.edu.cn/bxgk/xkjj/index.htm","2026-10-04","内容编辑与机制审核，未获逐方向专家签审"
"military-history-8","military-history","军史口述资料","史料出处、年代与叙述立场","military","细分核对","公开史料、当时信息与组织约束","限制在公开历史解释，保留行动者当时能知道的内容","历史结局被提前交给抽象案例中的决策者","历史解释与抽象组织案例不等于现实预测","教育部：研究生教育学科专业目录（2022） [分类背景]；北京大学历史学系：学科介绍 [学科范围]","https://www.moe.gov.cn/srcsite/A22/moe_833/202209/t20220914_660828.html；https://history.pku.edu.cn/bxgk/xkjj/index.htm","2026-10-04","内容编辑与机制审核，未获逐方向专家签审"
"military-history-9","military-history","军事文化","史料出处、年代与叙述立场","military","细分核对","公开史料、当时信息与组织约束","限制在公开历史解释，保留行动者当时能知道的内容","历史结局被提前交给抽象案例中的决策者","历史解释与抽象组织案例不等于现实预测","教育部：研究生教育学科专业目录（2022） [分类背景]；北京大学历史学系：学科介绍 [学科范围]","https://www.moe.gov.cn/srcsite/A22/moe_833/202209/t20220914_660828.html；https://history.pku.edu.cn/bxgk/xkjj/index.htm","2026-10-04","内容编辑与机制审核，未获逐方向专家签审"
"military-history-10","military-history","和平研究史","史料出处、年代与叙述立场","military","细分核对","公开史料、当时信息与组织约束","限制在公开历史解释，保留行动者当时能知道的内容","历史结局被提前交给抽象案例中的决策者","历史解释与抽象组织案例不等于现实预测","教育部：研究生教育学科专业目录（2022） [分类背景]；北京大学历史学系：学科介绍 [学科范围]","https://www.moe.gov.cn/srcsite/A22/moe_833/202209/t20220914_660828.html；https://history.pku.edu.cn/bxgk/xkjj/index.htm","2026-10-04","内容编辑与机制审核，未获逐方向专家签审"
"military-history-11","military-history","军事史学史","史料出处、年代与叙述立场","military","细分核对","公开史料、当时信息与组织约束","限制在公开历史解释，保留行动者当时能知道的内容","历史结局被提前交给抽象案例中的决策者","历史解释与抽象组织案例不等于现实预测","教育部：研究生教育学科专业目录（2022） [分类背景]；北京大学历史学系：学科介绍 [学科范围]","https://www.moe.gov.cn/srcsite/A22/moe_833/202209/t20220914_660828.html；https://history.pku.edu.cn/bxgk/xkjj/index.htm","2026-10-04","内容编辑与机制审核，未获逐方向专家签审"
"military-history-12","military-history","军事人物资料","史料出处、年代与叙述立场","military","细分核对","公开史料、当时信息与组织约束","限制在公开历史解释，保留行动者当时能知道的内容","历史结局被提前交给抽象案例中的决策者","历史解释与抽象组织案例不等于现实预测","教育部：研究生教育学科专业目录（2022） [分类背景]；北京大学历史学系：学科介绍 [学科范围]","https://www.moe.gov.cn/srcsite/A22/moe_833/202209/t20220914_660828.html；https://history.pku.edu.cn/bxgk/xkjj/index.htm","2026-10-04","内容编辑与机制审核，未获逐方向专家签审"
"defense-management-1","defense-management","国防经济公开资料","组织层次、资源口径与公开证据","military","细分核对","公开史料、当时信息与组织约束","限制在公开历史解释，保留行动者当时能知道的内容","历史结局被提前交给抽象案例中的决策者","历史解释与抽象组织案例不等于现实预测","教育部：研究生教育学科专业目录（2022） [分类背景]；北京大学历史学系：学科介绍 [学科范围]","https://www.moe.gov.cn/srcsite/A22/moe_833/202209/t20220914_660828.html；https://history.pku.edu.cn/bxgk/xkjj/index.htm","2026-10-04","内容编辑与机制审核，未获逐方向专家签审"
"defense-management-2","defense-management","国防教育","组织层次、资源口径与公开证据","military","细分核对","公开史料、当时信息与组织约束","限制在公开历史解释，保留行动者当时能知道的内容","历史结局被提前交给抽象案例中的决策者","历史解释与抽象组织案例不等于现实预测","教育部：研究生教育学科专业目录（2022） [分类背景]；北京大学历史学系：学科介绍 [学科范围]","https://www.moe.gov.cn/srcsite/A22/moe_833/202209/t20220914_660828.html；https://history.pku.edu.cn/bxgk/xkjj/index.htm","2026-10-04","内容编辑与机制审核，未获逐方向专家签审"
"defense-management-3","defense-management","组织管理研究","组织层次、资源口径与公开证据","military","细分核对","公开史料、当时信息与组织约束","限制在公开历史解释，保留行动者当时能知道的内容","历史结局被提前交给抽象案例中的决策者","历史解释与抽象组织案例不等于现实预测","教育部：研究生教育学科专业目录（2022） [分类背景]；北京大学历史学系：学科介绍 [学科范围]","https://www.moe.gov.cn/srcsite/A22/moe_833/202209/t20220914_660828.html；https://history.pku.edu.cn/bxgk/xkjj/index.htm","2026-10-04","内容编辑与机制审核，未获逐方向专家签审"
"defense-management-4","defense-management","人力培养研究","组织层次、资源口径与公开证据","military","细分核对","公开史料、当时信息与组织约束","限制在公开历史解释，保留行动者当时能知道的内容","历史结局被提前交给抽象案例中的决策者","历史解释与抽象组织案例不等于现实预测","教育部：研究生教育学科专业目录（2022） [分类背景]；北京大学历史学系：学科介绍 [学科范围]","https://www.moe.gov.cn/srcsite/A22/moe_833/202209/t20220914_660828.html；https://history.pku.edu.cn/bxgk/xkjj/index.htm","2026-10-04","内容编辑与机制审核，未获逐方向专家签审"
"defense-management-5","defense-management","资源配置公开资料","组织层次、资源口径与公开证据","military","细分核对","公开史料、当时信息与组织约束","限制在公开历史解释，保留行动者当时能知道的内容","历史结局被提前交给抽象案例中的决策者","历史解释与抽象组织案例不等于现实预测","教育部：研究生教育学科专业目录（2022） [分类背景]；北京大学历史学系：学科介绍 [学科范围]","https://www.moe.gov.cn/srcsite/A22/moe_833/202209/t20220914_660828.html；https://history.pku.edu.cn/bxgk/xkjj/index.htm","2026-10-04","内容编辑与机制审核，未获逐方向专家签审"
"defense-management-6","defense-management","公共事务协作","组织层次、资源口径与公开证据","military","细分核对","公开史料、当时信息与组织约束","限制在公开历史解释，保留行动者当时能知道的内容","历史结局被提前交给抽象案例中的决策者","历史解释与抽象组织案例不等于现实预测","教育部：研究生教育学科专业目录（2022） [分类背景]；北京大学历史学系：学科介绍 [学科范围]","https://www.moe.gov.cn/srcsite/A22/moe_833/202209/t20220914_660828.html；https://history.pku.edu.cn/bxgk/xkjj/index.htm","2026-10-04","内容编辑与机制审核，未获逐方向专家签审"
"defense-management-7","defense-management","国防政策史","组织层次、资源口径与公开证据","military","细分核对","公开史料、当时信息与组织约束","限制在公开历史解释，保留行动者当时能知道的内容","历史结局被提前交给抽象案例中的决策者","历史解释与抽象组织案例不等于现实预测","教育部：研究生教育学科专业目录（2022） [分类背景]；北京大学历史学系：学科介绍 [学科范围]","https://www.moe.gov.cn/srcsite/A22/moe_833/202209/t20220914_660828.html；https://history.pku.edu.cn/bxgk/xkjj/index.htm","2026-10-04","内容编辑与机制审核，未获逐方向专家签审"
"defense-management-8","defense-management","管理制度比较","组织层次、资源口径与公开证据","military","细分核对","公开史料、当时信息与组织约束","限制在公开历史解释，保留行动者当时能知道的内容","历史结局被提前交给抽象案例中的决策者","历史解释与抽象组织案例不等于现实预测","教育部：研究生教育学科专业目录（2022） [分类背景]；北京大学历史学系：学科介绍 [学科范围]","https://www.moe.gov.cn/srcsite/A22/moe_833/202209/t20220914_660828.html；https://history.pku.edu.cn/bxgk/xkjj/index.htm","2026-10-04","内容编辑与机制审核，未获逐方向专家签审"
"defense-management-9","defense-management","项目评价方法","组织层次、资源口径与公开证据","military","细分核对","公开史料、当时信息与组织约束","限制在公开历史解释，保留行动者当时能知道的内容","历史结局被提前交给抽象案例中的决策者","历史解释与抽象组织案例不等于现实预测","教育部：研究生教育学科专业目录（2022） [分类背景]；北京大学历史学系：学科介绍 [学科范围]","https://www.moe.gov.cn/srcsite/A22/moe_833/202209/t20220914_660828.html；https://history.pku.edu.cn/bxgk/xkjj/index.htm","2026-10-04","内容编辑与机制审核，未获逐方向专家签审"
"defense-management-10","defense-management","国防文化传播","组织层次、资源口径与公开证据","military","细分核对","公开史料、当时信息与组织约束","限制在公开历史解释，保留行动者当时能知道的内容","历史结局被提前交给抽象案例中的决策者","历史解释与抽象组织案例不等于现实预测","教育部：研究生教育学科专业目录（2022） [分类背景]；北京大学历史学系：学科介绍 [学科范围]","https://www.moe.gov.cn/srcsite/A22/moe_833/202209/t20220914_660828.html；https://history.pku.edu.cn/bxgk/xkjj/index.htm","2026-10-04","内容编辑与机制审核，未获逐方向专家签审"
"defense-management-11","defense-management","教育成效评价","组织层次、资源口径与公开证据","military","细分核对","公开史料、当时信息与组织约束","限制在公开历史解释，保留行动者当时能知道的内容","历史结局被提前交给抽象案例中的决策者","历史解释与抽象组织案例不等于现实预测","教育部：研究生教育学科专业目录（2022） [分类背景]；北京大学历史学系：学科介绍 [学科范围]","https://www.moe.gov.cn/srcsite/A22/moe_833/202209/t20220914_660828.html；https://history.pku.edu.cn/bxgk/xkjj/index.htm","2026-10-04","内容编辑与机制审核，未获逐方向专家签审"
"defense-management-12","defense-management","公开资料质量","组织层次、资源口径与公开证据","military","细分核对","公开史料、当时信息与组织约束","限制在公开历史解释，保留行动者当时能知道的内容","历史结局被提前交给抽象案例中的决策者","历史解释与抽象组织案例不等于现实预测","教育部：研究生教育学科专业目录（2022） [分类背景]；北京大学历史学系：学科介绍 [学科范围]","https://www.moe.gov.cn/srcsite/A22/moe_833/202209/t20220914_660828.html；https://history.pku.edu.cn/bxgk/xkjj/index.htm","2026-10-04","内容编辑与机制审核，未获逐方向专家签审"
"military-technology-history-1","military-technology-history","技术发展史","公开技术描述与可验证资料","military","细分核对","公开史料、当时信息与组织约束","限制在公开历史解释，保留行动者当时能知道的内容","历史结局被提前交给抽象案例中的决策者","历史解释与抽象组织案例不等于现实预测","教育部：研究生教育学科专业目录（2022） [分类背景]；北京大学历史学系：学科介绍 [学科范围]","https://www.moe.gov.cn/srcsite/A22/moe_833/202209/t20220914_660828.html；https://history.pku.edu.cn/bxgk/xkjj/index.htm","2026-10-04","内容编辑与机制审核，未获逐方向专家签审"
"military-technology-history-2","military-technology-history","装备史公开资料","公开技术描述与可验证资料","military","细分核对","公开史料、当时信息与组织约束","限制在公开历史解释，保留行动者当时能知道的内容","历史结局被提前交给抽象案例中的决策者","历史解释与抽象组织案例不等于现实预测","教育部：研究生教育学科专业目录（2022） [分类背景]；北京大学历史学系：学科介绍 [学科范围]","https://www.moe.gov.cn/srcsite/A22/moe_833/202209/t20220914_660828.html；https://history.pku.edu.cn/bxgk/xkjj/index.htm","2026-10-04","内容编辑与机制审核，未获逐方向专家签审"
"military-technology-history-3","military-technology-history","标准史","公开技术描述与可验证资料","military","细分核对","公开史料、当时信息与组织约束","限制在公开历史解释，保留行动者当时能知道的内容","历史结局被提前交给抽象案例中的决策者","历史解释与抽象组织案例不等于现实预测","教育部：研究生教育学科专业目录（2022） [分类背景]；北京大学历史学系：学科介绍 [学科范围]","https://www.moe.gov.cn/srcsite/A22/moe_833/202209/t20220914_660828.html；https://history.pku.edu.cn/bxgk/xkjj/index.htm","2026-10-04","内容编辑与机制审核，未获逐方向专家签审"
"military-technology-history-4","military-technology-history","技术组织史","公开技术描述与可验证资料","military","细分核对","公开史料、当时信息与组织约束","限制在公开历史解释，保留行动者当时能知道的内容","历史结局被提前交给抽象案例中的决策者","历史解释与抽象组织案例不等于现实预测","教育部：研究生教育学科专业目录（2022） [分类背景]；北京大学历史学系：学科介绍 [学科范围]","https://www.moe.gov.cn/srcsite/A22/moe_833/202209/t20220914_660828.html；https://history.pku.edu.cn/bxgk/xkjj/index.htm","2026-10-04","内容编辑与机制审核，未获逐方向专家签审"
"military-technology-history-5","military-technology-history","科技政策史","公开技术描述与可验证资料","military","细分核对","公开史料、当时信息与组织约束","限制在公开历史解释，保留行动者当时能知道的内容","历史结局被提前交给抽象案例中的决策者","历史解释与抽象组织案例不等于现实预测","教育部：研究生教育学科专业目录（2022） [分类背景]；北京大学历史学系：学科介绍 [学科范围]","https://www.moe.gov.cn/srcsite/A22/moe_833/202209/t20220914_660828.html；https://history.pku.edu.cn/bxgk/xkjj/index.htm","2026-10-04","内容编辑与机制审核，未获逐方向专家签审"
"military-technology-history-6","military-technology-history","技术伦理","公开技术描述与可验证资料","military","细分核对","公开史料、当时信息与组织约束","限制在公开历史解释，保留行动者当时能知道的内容","历史结局被提前交给抽象案例中的决策者","历史解释与抽象组织案例不等于现实预测","教育部：研究生教育学科专业目录（2022） [分类背景]；北京大学历史学系：学科介绍 [学科范围]","https://www.moe.gov.cn/srcsite/A22/moe_833/202209/t20220914_660828.html；https://history.pku.edu.cn/bxgk/xkjj/index.htm","2026-10-04","内容编辑与机制审核，未获逐方向专家签审"
"military-technology-history-7","military-technology-history","公共技术展示","公开技术描述与可验证资料","military","细分核对","公开史料、当时信息与组织约束","限制在公开历史解释，保留行动者当时能知道的内容","历史结局被提前交给抽象案例中的决策者","历史解释与抽象组织案例不等于现实预测","教育部：研究生教育学科专业目录（2022） [分类背景]；北京大学历史学系：学科介绍 [学科范围]","https://www.moe.gov.cn/srcsite/A22/moe_833/202209/t20220914_660828.html；https://history.pku.edu.cn/bxgk/xkjj/index.htm","2026-10-04","内容编辑与机制审核，未获逐方向专家签审"
"military-technology-history-8","military-technology-history","技术叙事","公开技术描述与可验证资料","military","细分核对","公开史料、当时信息与组织约束","限制在公开历史解释，保留行动者当时能知道的内容","历史结局被提前交给抽象案例中的决策者","历史解释与抽象组织案例不等于现实预测","教育部：研究生教育学科专业目录（2022） [分类背景]；北京大学历史学系：学科介绍 [学科范围]","https://www.moe.gov.cn/srcsite/A22/moe_833/202209/t20220914_660828.html；https://history.pku.edu.cn/bxgk/xkjj/index.htm","2026-10-04","内容编辑与机制审核，未获逐方向专家签审"
"military-technology-history-9","military-technology-history","创新制度比较","公开技术描述与可验证资料","military","细分核对","公开史料、当时信息与组织约束","限制在公开历史解释，保留行动者当时能知道的内容","历史结局被提前交给抽象案例中的决策者","历史解释与抽象组织案例不等于现实预测","教育部：研究生教育学科专业目录（2022） [分类背景]；北京大学历史学系：学科介绍 [学科范围]","https://www.moe.gov.cn/srcsite/A22/moe_833/202209/t20220914_660828.html；https://history.pku.edu.cn/bxgk/xkjj/index.htm","2026-10-04","内容编辑与机制审核，未获逐方向专家签审"
"military-technology-history-10","military-technology-history","科技教育史","公开技术描述与可验证资料","military","细分核对","公开史料、当时信息与组织约束","限制在公开历史解释，保留行动者当时能知道的内容","历史结局被提前交给抽象案例中的决策者","历史解释与抽象组织案例不等于现实预测","教育部：研究生教育学科专业目录（2022） [分类背景]；北京大学历史学系：学科介绍 [学科范围]","https://www.moe.gov.cn/srcsite/A22/moe_833/202209/t20220914_660828.html；https://history.pku.edu.cn/bxgk/xkjj/index.htm","2026-10-04","内容编辑与机制审核，未获逐方向专家签审"
"military-technology-history-11","military-technology-history","技术档案","公开技术描述与可验证资料","military","细分核对","公开史料、当时信息与组织约束","限制在公开历史解释，保留行动者当时能知道的内容","历史结局被提前交给抽象案例中的决策者","历史解释与抽象组织案例不等于现实预测","教育部：研究生教育学科专业目录（2022） [分类背景]；北京大学历史学系：学科介绍 [学科范围]","https://www.moe.gov.cn/srcsite/A22/moe_833/202209/t20220914_660828.html；https://history.pku.edu.cn/bxgk/xkjj/index.htm","2026-10-04","内容编辑与机制审核，未获逐方向专家签审"
"military-technology-history-12","military-technology-history","技术资料评价","公开技术描述与可验证资料","military","细分核对","公开史料、当时信息与组织约束","限制在公开历史解释，保留行动者当时能知道的内容","历史结局被提前交给抽象案例中的决策者","历史解释与抽象组织案例不等于现实预测","教育部：研究生教育学科专业目录（2022） [分类背景]；北京大学历史学系：学科介绍 [学科范围]","https://www.moe.gov.cn/srcsite/A22/moe_833/202209/t20220914_660828.html；https://history.pku.edu.cn/bxgk/xkjj/index.htm","2026-10-04","内容编辑与机制审核，未获逐方向专家签审"
"peace-conflict-1","peace-conflict","和平理论","记录范围、概念定义与比较条件","military","细分核对","公开史料、当时信息与组织约束","限制在公开历史解释，保留行动者当时能知道的内容","历史结局被提前交给抽象案例中的决策者","历史解释与抽象组织案例不等于现实预测","教育部：研究生教育学科专业目录（2022） [分类背景]；北京大学历史学系：学科介绍 [学科范围]","https://www.moe.gov.cn/srcsite/A22/moe_833/202209/t20220914_660828.html；https://history.pku.edu.cn/bxgk/xkjj/index.htm","2026-10-04","内容编辑与机制审核，未获逐方向专家签审"
"peace-conflict-2","peace-conflict","冲突叙事","记录范围、概念定义与比较条件","military","细分核对","公开史料、当时信息与组织约束","限制在公开历史解释，保留行动者当时能知道的内容","历史结局被提前交给抽象案例中的决策者","历史解释与抽象组织案例不等于现实预测","教育部：研究生教育学科专业目录（2022） [分类背景]；北京大学历史学系：学科介绍 [学科范围]","https://www.moe.gov.cn/srcsite/A22/moe_833/202209/t20220914_660828.html；https://history.pku.edu.cn/bxgk/xkjj/index.htm","2026-10-04","内容编辑与机制审核，未获逐方向专家签审"
"peace-conflict-3","peace-conflict","协商制度研究","记录范围、概念定义与比较条件","military","细分核对","公开史料、当时信息与组织约束","限制在公开历史解释，保留行动者当时能知道的内容","历史结局被提前交给抽象案例中的决策者","历史解释与抽象组织案例不等于现实预测","教育部：研究生教育学科专业目录（2022） [分类背景]；北京大学历史学系：学科介绍 [学科范围]","https://www.moe.gov.cn/srcsite/A22/moe_833/202209/t20220914_660828.html；https://history.pku.edu.cn/bxgk/xkjj/index.htm","2026-10-04","内容编辑与机制审核，未获逐方向专家签审"
"peace-conflict-4","peace-conflict","国际组织资料","记录范围、概念定义与比较条件","military","细分核对","公开史料、当时信息与组织约束","限制在公开历史解释，保留行动者当时能知道的内容","历史结局被提前交给抽象案例中的决策者","历史解释与抽象组织案例不等于现实预测","教育部：研究生教育学科专业目录（2022） [分类背景]；北京大学历史学系：学科介绍 [学科范围]","https://www.moe.gov.cn/srcsite/A22/moe_833/202209/t20220914_660828.html；https://history.pku.edu.cn/bxgk/xkjj/index.htm","2026-10-04","内容编辑与机制审核，未获逐方向专家签审"
"peace-conflict-5","peace-conflict","和平教育","记录范围、概念定义与比较条件","military","细分核对","公开史料、当时信息与组织约束","限制在公开历史解释，保留行动者当时能知道的内容","历史结局被提前交给抽象案例中的决策者","历史解释与抽象组织案例不等于现实预测","教育部：研究生教育学科专业目录（2022） [分类背景]；北京大学历史学系：学科介绍 [学科范围]","https://www.moe.gov.cn/srcsite/A22/moe_833/202209/t20220914_660828.html；https://history.pku.edu.cn/bxgk/xkjj/index.htm","2026-10-04","内容编辑与机制审核，未获逐方向专家签审"
"peace-conflict-6","peace-conflict","记忆与和解","记录范围、概念定义与比较条件","military","细分核对","公开史料、当时信息与组织约束","限制在公开历史解释，保留行动者当时能知道的内容","历史结局被提前交给抽象案例中的决策者","历史解释与抽象组织案例不等于现实预测","教育部：研究生教育学科专业目录（2022） [分类背景]；北京大学历史学系：学科介绍 [学科范围]","https://www.moe.gov.cn/srcsite/A22/moe_833/202209/t20220914_660828.html；https://history.pku.edu.cn/bxgk/xkjj/index.htm","2026-10-04","内容编辑与机制审核，未获逐方向专家签审"
"peace-conflict-7","peace-conflict","公众安全感","记录范围、概念定义与比较条件","military","细分核对","公开史料、当时信息与组织约束","限制在公开历史解释，保留行动者当时能知道的内容","历史结局被提前交给抽象案例中的决策者","历史解释与抽象组织案例不等于现实预测","教育部：研究生教育学科专业目录（2022） [分类背景]；北京大学历史学系：学科介绍 [学科范围]","https://www.moe.gov.cn/srcsite/A22/moe_833/202209/t20220914_660828.html；https://history.pku.edu.cn/bxgk/xkjj/index.htm","2026-10-04","内容编辑与机制审核，未获逐方向专家签审"
"peace-conflict-8","peace-conflict","冲突数据质量","记录范围、概念定义与比较条件","military","细分核对","公开史料、当时信息与组织约束","限制在公开历史解释，保留行动者当时能知道的内容","历史结局被提前交给抽象案例中的决策者","历史解释与抽象组织案例不等于现实预测","教育部：研究生教育学科专业目录（2022） [分类背景]；北京大学历史学系：学科介绍 [学科范围]","https://www.moe.gov.cn/srcsite/A22/moe_833/202209/t20220914_660828.html；https://history.pku.edu.cn/bxgk/xkjj/index.htm","2026-10-04","内容编辑与机制审核，未获逐方向专家签审"
"peace-conflict-9","peace-conflict","文化与和平","记录范围、概念定义与比较条件","military","细分核对","公开史料、当时信息与组织约束","限制在公开历史解释，保留行动者当时能知道的内容","历史结局被提前交给抽象案例中的决策者","历史解释与抽象组织案例不等于现实预测","教育部：研究生教育学科专业目录（2022） [分类背景]；北京大学历史学系：学科介绍 [学科范围]","https://www.moe.gov.cn/srcsite/A22/moe_833/202209/t20220914_660828.html；https://history.pku.edu.cn/bxgk/xkjj/index.htm","2026-10-04","内容编辑与机制审核，未获逐方向专家签审"
"peace-conflict-10","peace-conflict","迁移与冲突资料","记录范围、概念定义与比较条件","military","细分核对","公开史料、当时信息与组织约束","限制在公开历史解释，保留行动者当时能知道的内容","历史结局被提前交给抽象案例中的决策者","历史解释与抽象组织案例不等于现实预测","教育部：研究生教育学科专业目录（2022） [分类背景]；北京大学历史学系：学科介绍 [学科范围]","https://www.moe.gov.cn/srcsite/A22/moe_833/202209/t20220914_660828.html；https://history.pku.edu.cn/bxgk/xkjj/index.htm","2026-10-04","内容编辑与机制审核，未获逐方向专家签审"
"peace-conflict-11","peace-conflict","公共政策比较","记录范围、概念定义与比较条件","military","细分核对","公开史料、当时信息与组织约束","限制在公开历史解释，保留行动者当时能知道的内容","历史结局被提前交给抽象案例中的决策者","历史解释与抽象组织案例不等于现实预测","教育部：研究生教育学科专业目录（2022） [分类背景]；北京大学历史学系：学科介绍 [学科范围]","https://www.moe.gov.cn/srcsite/A22/moe_833/202209/t20220914_660828.html；https://history.pku.edu.cn/bxgk/xkjj/index.htm","2026-10-04","内容编辑与机制审核，未获逐方向专家签审"
"peace-conflict-12","peace-conflict","和平传播","记录范围、概念定义与比较条件","military","细分核对","公开史料、当时信息与组织约束","限制在公开历史解释，保留行动者当时能知道的内容","历史结局被提前交给抽象案例中的决策者","历史解释与抽象组织案例不等于现实预测","教育部：研究生教育学科专业目录（2022） [分类背景]；北京大学历史学系：学科介绍 [学科范围]","https://www.moe.gov.cn/srcsite/A22/moe_833/202209/t20220914_660828.html；https://history.pku.edu.cn/bxgk/xkjj/index.htm","2026-10-04","内容编辑与机制审核，未获逐方向专家签审"
"business-management-1","business-management","企业战略","组织与个体层次、案例选择","organization","共享主题模块","流程文件、岗位访谈与交付记录","分开正式规定与实际执行，再核对责任接口","文件上已经交接，执行者却没有收到材料","制度设计不等于实际执行或组织绩效","浙江大学管理学院：研究介绍 [学科范围]","https://www.som.zju.edu.cn/2025/0506/c63512a3045953/page.htm","2026-10-04","内容编辑与机制审核，未获逐方向专家签审"
"business-management-2","business-management","组织行为","组织与个体层次、案例选择","organization","细分核对","正式流程、实际协作与未受益者记录","比较纸面目标、落实条件与参与负担","完成流程被直接当成目标已经实现","过程合规不独立证明全部成效","浙江大学管理学院：研究介绍 [学科范围]","https://www.som.zju.edu.cn/2025/0506/c63512a3045953/page.htm","2026-10-04","内容编辑与机制审核，未获逐方向专家签审"
"business-management-3","business-management","人力资源","组织与个体层次、案例选择","organization","细分核对","正式流程、实际协作与未受益者记录","比较纸面目标、落实条件与参与负担","完成流程被直接当成目标已经实现","过程合规不独立证明全部成效","浙江大学管理学院：研究介绍 [学科范围]","https://www.som.zju.edu.cn/2025/0506/c63512a3045953/page.htm","2026-10-04","内容编辑与机制审核，未获逐方向专家签审"
"business-management-4","business-management","创新管理","组织与个体层次、案例选择","organization","细分核对","正式流程、实际协作与未受益者记录","比较纸面目标、落实条件与参与负担","完成流程被直接当成目标已经实现","过程合规不独立证明全部成效","浙江大学管理学院：研究介绍 [学科范围]","https://www.som.zju.edu.cn/2025/0506/c63512a3045953/page.htm","2026-10-04","内容编辑与机制审核，未获逐方向专家签审"
"business-management-5","business-management","创业研究","组织与个体层次、案例选择","organization","共享主题模块","流程文件、岗位访谈与交付记录","分开正式规定与实际执行，再核对责任接口","文件上已经交接，执行者却没有收到材料","制度设计不等于实际执行或组织绩效","浙江大学管理学院：研究介绍 [学科范围]","https://www.som.zju.edu.cn/2025/0506/c63512a3045953/page.htm","2026-10-04","内容编辑与机制审核，未获逐方向专家签审"
"business-management-6","business-management","企业治理","组织与个体层次、案例选择","policy","细分核对","正式流程、实际协作与未受益者记录","比较纸面目标、落实条件与参与负担","完成流程被直接当成目标已经实现","过程合规不独立证明全部成效","北京大学法学院：培养方向 [学科范围]；北京大学社会学系：专业介绍 [学科范围]","https://www.law.pku.edu.cn/xwzx/ggtz/zsjx/870508d182464f118ae55b9473a4c4f3.htm；https://bkzs.pku.edu.cn/xkzy/xy/shkxxb/sxkxxy_31/sxkxxyzszy_31/index.htm","2026-10-04","内容编辑与机制审核，未获逐方向专家签审"
"business-management-7","business-management","组织文化","组织与个体层次、案例选择","organization","细分核对","正式流程、实际协作与未受益者记录","比较纸面目标、落实条件与参与负担","完成流程被直接当成目标已经实现","过程合规不独立证明全部成效","浙江大学管理学院：研究介绍 [学科范围]","https://www.som.zju.edu.cn/2025/0506/c63512a3045953/page.htm","2026-10-04","内容编辑与机制审核，未获逐方向专家签审"
"business-management-8","business-management","管理案例","组织与个体层次、案例选择","organization","细分核对","正式流程、实际协作与未受益者记录","比较纸面目标、落实条件与参与负担","完成流程被直接当成目标已经实现","过程合规不独立证明全部成效","浙江大学管理学院：研究介绍 [学科范围]","https://www.som.zju.edu.cn/2025/0506/c63512a3045953/page.htm","2026-10-04","内容编辑与机制审核，未获逐方向专家签审"
"business-management-9","business-management","服务管理","组织与个体层次、案例选择","organization","细分核对","正式流程、实际协作与未受益者记录","比较纸面目标、落实条件与参与负担","完成流程被直接当成目标已经实现","过程合规不独立证明全部成效","浙江大学管理学院：研究介绍 [学科范围]","https://www.som.zju.edu.cn/2025/0506/c63512a3045953/page.htm","2026-10-04","内容编辑与机制审核，未获逐方向专家签审"
"business-management-10","business-management","团队协作","组织与个体层次、案例选择","organization","共享主题模块","流程文件、岗位访谈与交付记录","分开正式规定与实际执行，再核对责任接口","文件上已经交接，执行者却没有收到材料","制度设计不等于实际执行或组织绩效","浙江大学管理学院：研究介绍 [学科范围]","https://www.som.zju.edu.cn/2025/0506/c63512a3045953/page.htm","2026-10-04","内容编辑与机制审核，未获逐方向专家签审"
"business-management-11","business-management","管理伦理","组织与个体层次、案例选择","organization","细分核对","正式流程、实际协作与未受益者记录","比较纸面目标、落实条件与参与负担","完成流程被直接当成目标已经实现","过程合规不独立证明全部成效","浙江大学管理学院：研究介绍 [学科范围]","https://www.som.zju.edu.cn/2025/0506/c63512a3045953/page.htm","2026-10-04","内容编辑与机制审核，未获逐方向专家签审"
"business-management-12","business-management","管理教育","组织与个体层次、案例选择","education","细分核对","正式流程、实际协作与未受益者记录","比较纸面目标、落实条件与参与负担","完成流程被直接当成目标已经实现","过程合规不独立证明全部成效","北京师范大学：课程与教学研究方向 [学科范围]","https://cter.bnu.edu.cn/docs/2024-05/e0d9749ec02e425eb45aa96fefdadc2a.pdf","2026-10-04","内容编辑与机制审核，未获逐方向专家签审"
"accounting-studies-1","accounting-studies","财务会计","报告口径、时期与资料来源","accounting","细分核对","确认时点、合并边界与核对底稿","区分经营变化、口径调整与合并变化","合并范围扩大被当成原业务增长","报表变动需要确认和范围背景","浙江大学管理学院：研究介绍 [学科范围]","https://www.som.zju.edu.cn/2025/0506/c63512a3045953/page.htm","2026-10-04","内容编辑与机制审核，未获逐方向专家签审"
"accounting-studies-2","accounting-studies","管理会计","报告口径、时期与资料来源","accounting","细分核对","确认时点、合并边界与核对底稿","区分经营变化、口径调整与合并变化","合并范围扩大被当成原业务增长","报表变动需要确认和范围背景","浙江大学管理学院：研究介绍 [学科范围]","https://www.som.zju.edu.cn/2025/0506/c63512a3045953/page.htm","2026-10-04","内容编辑与机制审核，未获逐方向专家签审"
"accounting-studies-3","accounting-studies","审计研究","报告口径、时期与资料来源","accounting","细分核对","确认时点、合并边界与核对底稿","区分经营变化、口径调整与合并变化","合并范围扩大被当成原业务增长","报表变动需要确认和范围背景","浙江大学管理学院：研究介绍 [学科范围]","https://www.som.zju.edu.cn/2025/0506/c63512a3045953/page.htm","2026-10-04","内容编辑与机制审核，未获逐方向专家签审"
"accounting-studies-4","accounting-studies","信息披露","报告口径、时期与资料来源","accounting","共享主题模块","确认时点、报表口径与审计证据","对齐会计期间与合并范围，保留口径变动","合并范围扩大，被直接写成原业务增长","报表变化需要区分业务变化与确认口径变化","浙江大学管理学院：研究介绍 [学科范围]","https://www.som.zju.edu.cn/2025/0506/c63512a3045953/page.htm","2026-10-04","内容编辑与机制审核，未获逐方向专家签审"
"accounting-studies-5","accounting-studies","公司治理","报告口径、时期与资料来源","policy","共享主题模块","制度文本、执行材料与对象反馈","比较制度情境，保留执行层次与时间","两个地方用了同名制度，执行条件却不同","制度名称相同不保证比较对象相同","北京大学法学院：培养方向 [学科范围]；北京大学社会学系：专业介绍 [学科范围]","https://www.law.pku.edu.cn/xwzx/ggtz/zsjx/870508d182464f118ae55b9473a4c4f3.htm；https://bkzs.pku.edu.cn/xkzy/xy/shkxxb/sxkxxy_31/sxkxxyzszy_31/index.htm","2026-10-04","内容编辑与机制审核，未获逐方向专家签审"
"accounting-studies-6","accounting-studies","会计史","报告口径、时期与资料来源","accounting","细分核对","确认时点、合并边界与核对底稿","区分经营变化、口径调整与合并变化","合并范围扩大被当成原业务增长","报表变动需要确认和范围背景","浙江大学管理学院：研究介绍 [学科范围]","https://www.som.zju.edu.cn/2025/0506/c63512a3045953/page.htm","2026-10-04","内容编辑与机制审核，未获逐方向专家签审"
"accounting-studies-7","accounting-studies","公共部门会计","报告口径、时期与资料来源","accounting","细分核对","确认时点、合并边界与核对底稿","区分经营变化、口径调整与合并变化","合并范围扩大被当成原业务增长","报表变动需要确认和范围背景","浙江大学管理学院：研究介绍 [学科范围]","https://www.som.zju.edu.cn/2025/0506/c63512a3045953/page.htm","2026-10-04","内容编辑与机制审核，未获逐方向专家签审"
"accounting-studies-8","accounting-studies","非财务报告","报告口径、时期与资料来源","accounting","细分核对","确认时点、合并边界与核对底稿","区分经营变化、口径调整与合并变化","合并范围扩大被当成原业务增长","报表变动需要确认和范围背景","浙江大学管理学院：研究介绍 [学科范围]","https://www.som.zju.edu.cn/2025/0506/c63512a3045953/page.htm","2026-10-04","内容编辑与机制审核，未获逐方向专家签审"
"accounting-studies-9","accounting-studies","审计数据","报告口径、时期与资料来源","accounting","细分核对","确认时点、合并边界与核对底稿","区分经营变化、口径调整与合并变化","合并范围扩大被当成原业务增长","报表变动需要确认和范围背景","浙江大学管理学院：研究介绍 [学科范围]","https://www.som.zju.edu.cn/2025/0506/c63512a3045953/page.htm","2026-10-04","内容编辑与机制审核，未获逐方向专家签审"
"accounting-studies-10","accounting-studies","会计规范","报告口径、时期与资料来源","accounting","细分核对","确认时点、合并边界与核对底稿","区分经营变化、口径调整与合并变化","合并范围扩大被当成原业务增长","报表变动需要确认和范围背景","浙江大学管理学院：研究介绍 [学科范围]","https://www.som.zju.edu.cn/2025/0506/c63512a3045953/page.htm","2026-10-04","内容编辑与机制审核，未获逐方向专家签审"
"accounting-studies-11","accounting-studies","职业判断","报告口径、时期与资料来源","accounting","共享主题模块","确认时点、报表口径与审计证据","对齐会计期间与合并范围，保留口径变动","合并范围扩大，被直接写成原业务增长","报表变化需要区分业务变化与确认口径变化","浙江大学管理学院：研究介绍 [学科范围]","https://www.som.zju.edu.cn/2025/0506/c63512a3045953/page.htm","2026-10-04","内容编辑与机制审核，未获逐方向专家签审"
"accounting-studies-12","accounting-studies","会计教育","报告口径、时期与资料来源","education","细分核对","确认时点、合并边界与核对底稿","区分经营变化、口径调整与合并变化","合并范围扩大被当成原业务增长","报表变动需要确认和范围背景","北京师范大学：课程与教学研究方向 [学科范围]","https://cter.bnu.edu.cn/docs/2024-05/e0d9749ec02e425eb45aa96fefdadc2a.pdf","2026-10-04","内容编辑与机制审核，未获逐方向专家签审"
"information-management-1","information-management","图书馆学","信息来源、检索覆盖与记录版本","library-science","共享主题模块","目录字段、检索任务与版本保存记录","比较检索目标、相关性判断与来源完整性","检索到了更多条目，但相同文献的副本占了大半","条目数量不等于有效资料或长期可读性","浙江大学管理学院：研究介绍 [学科范围]","https://www.som.zju.edu.cn/2025/0506/c63512a3045953/page.htm","2026-10-04","内容编辑与机制审核，未获逐方向专家签审"
"information-management-2","information-management","情报学","信息来源、检索覆盖与记录版本","library-science","共享主题模块","目录字段、检索任务与版本保存记录","比较检索目标、相关性判断与来源完整性","检索到了更多条目，但相同文献的副本占了大半","条目数量不等于有效资料或长期可读性","浙江大学管理学院：研究介绍 [学科范围]","https://www.som.zju.edu.cn/2025/0506/c63512a3045953/page.htm","2026-10-04","内容编辑与机制审核，未获逐方向专家签审"
"information-management-3","information-management","档案管理","信息来源、检索覆盖与记录版本","library-science","共享主题模块","目录字段、检索任务与版本保存记录","比较检索目标、相关性判断与来源完整性","检索到了更多条目，但相同文献的副本占了大半","条目数量不等于有效资料或长期可读性","浙江大学管理学院：研究介绍 [学科范围]","https://www.som.zju.edu.cn/2025/0506/c63512a3045953/page.htm","2026-10-04","内容编辑与机制审核，未获逐方向专家签审"
"information-management-4","information-management","知识组织","信息来源、检索覆盖与记录版本","library-science","共享主题模块","目录字段、检索任务与版本保存记录","比较检索目标、相关性判断与来源完整性","检索到了更多条目，但相同文献的副本占了大半","条目数量不等于有效资料或长期可读性","浙江大学管理学院：研究介绍 [学科范围]","https://www.som.zju.edu.cn/2025/0506/c63512a3045953/page.htm","2026-10-04","内容编辑与机制审核，未获逐方向专家签审"
"information-management-5","information-management","信息检索","信息来源、检索覆盖与记录版本","library-science","共享主题模块","目录字段、检索任务与版本保存记录","比较检索目标、相关性判断与来源完整性","检索到了更多条目，但相同文献的副本占了大半","条目数量不等于有效资料或长期可读性","浙江大学管理学院：研究介绍 [学科范围]","https://www.som.zju.edu.cn/2025/0506/c63512a3045953/page.htm","2026-10-04","内容编辑与机制审核，未获逐方向专家签审"
"information-management-6","information-management","科学计量","信息来源、检索覆盖与记录版本","library-science","共享主题模块","目录字段、检索任务与版本保存记录","比较检索目标、相关性判断与来源完整性","检索到了更多条目，但相同文献的副本占了大半","条目数量不等于有效资料或长期可读性","浙江大学管理学院：研究介绍 [学科范围]","https://www.som.zju.edu.cn/2025/0506/c63512a3045953/page.htm","2026-10-04","内容编辑与机制审核，未获逐方向专家签审"
"information-management-7","information-management","用户信息行为","信息来源、检索覆盖与记录版本","library-science","共享主题模块","目录字段、检索任务与版本保存记录","比较检索目标、相关性判断与来源完整性","检索到了更多条目，但相同文献的副本占了大半","条目数量不等于有效资料或长期可读性","浙江大学管理学院：研究介绍 [学科范围]","https://www.som.zju.edu.cn/2025/0506/c63512a3045953/page.htm","2026-10-04","内容编辑与机制审核，未获逐方向专家签审"
"information-management-8","information-management","数字保存","信息来源、检索覆盖与记录版本","library-science","共享主题模块","目录字段、检索任务与版本保存记录","比较检索目标、相关性判断与来源完整性","检索到了更多条目，但相同文献的副本占了大半","条目数量不等于有效资料或长期可读性","浙江大学管理学院：研究介绍 [学科范围]","https://www.som.zju.edu.cn/2025/0506/c63512a3045953/page.htm","2026-10-04","内容编辑与机制审核，未获逐方向专家签审"
"information-management-9","information-management","公共信息服务","信息来源、检索覆盖与记录版本","library-science","共享主题模块","目录字段、检索任务与版本保存记录","比较检索目标、相关性判断与来源完整性","检索到了更多条目，但相同文献的副本占了大半","条目数量不等于有效资料或长期可读性","浙江大学管理学院：研究介绍 [学科范围]","https://www.som.zju.edu.cn/2025/0506/c63512a3045953/page.htm","2026-10-04","内容编辑与机制审核，未获逐方向专家签审"
"information-management-10","information-management","知识管理","信息来源、检索覆盖与记录版本","library-science","共享主题模块","目录字段、检索任务与版本保存记录","比较检索目标、相关性判断与来源完整性","检索到了更多条目，但相同文献的副本占了大半","条目数量不等于有效资料或长期可读性","浙江大学管理学院：研究介绍 [学科范围]","https://www.som.zju.edu.cn/2025/0506/c63512a3045953/page.htm","2026-10-04","内容编辑与机制审核，未获逐方向专家签审"
"information-management-11","information-management","数据治理","信息来源、检索覆盖与记录版本","library-science","共享主题模块","目录字段、检索任务与版本保存记录","比较检索目标、相关性判断与来源完整性","检索到了更多条目，但相同文献的副本占了大半","条目数量不等于有效资料或长期可读性","浙江大学管理学院：研究介绍 [学科范围]","https://www.som.zju.edu.cn/2025/0506/c63512a3045953/page.htm","2026-10-04","内容编辑与机制审核，未获逐方向专家签审"
"information-management-12","information-management","信息伦理","信息来源、检索覆盖与记录版本","library-science","共享主题模块","目录字段、检索任务与版本保存记录","比较检索目标、相关性判断与来源完整性","检索到了更多条目，但相同文献的副本占了大半","条目数量不等于有效资料或长期可读性","浙江大学管理学院：研究介绍 [学科范围]","https://www.som.zju.edu.cn/2025/0506/c63512a3045953/page.htm","2026-10-04","内容编辑与机制审核，未获逐方向专家签审"
"operations-management-1","operations-management","生产系统","流程单位、资源约束与评价周期","organization","共享主题模块","流程文件、岗位访谈与交付记录","分开正式规定与实际执行，再核对责任接口","文件上已经交接，执行者却没有收到材料","制度设计不等于实际执行或组织绩效","浙江大学管理学院：研究介绍 [学科范围]","https://www.som.zju.edu.cn/2025/0506/c63512a3045953/page.htm","2026-10-04","内容编辑与机制审核，未获逐方向专家签审"
"operations-management-2","operations-management","运营研究","流程单位、资源约束与评价周期","organization","细分核对","流程等待、交付记录与需求波动","同时比较局部周转与端到端交付","局部处理加速却把等待转移给了下一环节","局部效率不独立代表全链绩效","浙江大学管理学院：研究介绍 [学科范围]","https://www.som.zju.edu.cn/2025/0506/c63512a3045953/page.htm","2026-10-04","内容编辑与机制审核，未获逐方向专家签审"
"operations-management-3","operations-management","质量管理","流程单位、资源约束与评价周期","organization","共享主题模块","流程文件、岗位访谈与交付记录","分开正式规定与实际执行，再核对责任接口","文件上已经交接，执行者却没有收到材料","制度设计不等于实际执行或组织绩效","浙江大学管理学院：研究介绍 [学科范围]","https://www.som.zju.edu.cn/2025/0506/c63512a3045953/page.htm","2026-10-04","内容编辑与机制审核，未获逐方向专家签审"
"operations-management-4","operations-management","供应链","流程单位、资源约束与评价周期","organization","细分核对","流程等待、交付记录与需求波动","同时比较局部周转与端到端交付","局部处理加速却把等待转移给了下一环节","局部效率不独立代表全链绩效","浙江大学管理学院：研究介绍 [学科范围]","https://www.som.zju.edu.cn/2025/0506/c63512a3045953/page.htm","2026-10-04","内容编辑与机制审核，未获逐方向专家签审"
"operations-management-5","operations-management","服务运营","流程单位、资源约束与评价周期","organization","细分核对","流程等待、交付记录与需求波动","同时比较局部周转与端到端交付","局部处理加速却把等待转移给了下一环节","局部效率不独立代表全链绩效","浙江大学管理学院：研究介绍 [学科范围]","https://www.som.zju.edu.cn/2025/0506/c63512a3045953/page.htm","2026-10-04","内容编辑与机制审核，未获逐方向专家签审"
"operations-management-6","operations-management","人因工程","流程单位、资源约束与评价周期","organization","共享主题模块","流程文件、岗位访谈与交付记录","分开正式规定与实际执行，再核对责任接口","文件上已经交接，执行者却没有收到材料","制度设计不等于实际执行或组织绩效","浙江大学管理学院：研究介绍 [学科范围]","https://www.som.zju.edu.cn/2025/0506/c63512a3045953/page.htm","2026-10-04","内容编辑与机制审核，未获逐方向专家签审"
"operations-management-7","operations-management","项目管理","流程单位、资源约束与评价周期","organization","共享主题模块","流程文件、岗位访谈与交付记录","分开正式规定与实际执行，再核对责任接口","文件上已经交接，执行者却没有收到材料","制度设计不等于实际执行或组织绩效","浙江大学管理学院：研究介绍 [学科范围]","https://www.som.zju.edu.cn/2025/0506/c63512a3045953/page.htm","2026-10-04","内容编辑与机制审核，未获逐方向专家签审"
"operations-management-8","operations-management","可靠性管理","流程单位、资源约束与评价周期","organization","共享主题模块","流程文件、岗位访谈与交付记录","分开正式规定与实际执行，再核对责任接口","文件上已经交接，执行者却没有收到材料","制度设计不等于实际执行或组织绩效","浙江大学管理学院：研究介绍 [学科范围]","https://www.som.zju.edu.cn/2025/0506/c63512a3045953/page.htm","2026-10-04","内容编辑与机制审核，未获逐方向专家签审"
"operations-management-9","operations-management","流程改进","流程单位、资源约束与评价周期","organization","共享主题模块","流程文件、岗位访谈与交付记录","分开正式规定与实际执行，再核对责任接口","文件上已经交接，执行者却没有收到材料","制度设计不等于实际执行或组织绩效","浙江大学管理学院：研究介绍 [学科范围]","https://www.som.zju.edu.cn/2025/0506/c63512a3045953/page.htm","2026-10-04","内容编辑与机制审核，未获逐方向专家签审"
"operations-management-10","operations-management","运营模型","流程单位、资源约束与评价周期","organization","细分核对","流程等待、交付记录与需求波动","同时比较局部周转与端到端交付","局部处理加速却把等待转移给了下一环节","局部效率不独立代表全链绩效","浙江大学管理学院：研究介绍 [学科范围]","https://www.som.zju.edu.cn/2025/0506/c63512a3045953/page.htm","2026-10-04","内容编辑与机制审核，未获逐方向专家签审"
"operations-management-11","operations-management","库存评价","流程单位、资源约束与评价周期","organization","共享主题模块","流程文件、岗位访谈与交付记录","分开正式规定与实际执行，再核对责任接口","文件上已经交接，执行者却没有收到材料","制度设计不等于实际执行或组织绩效","浙江大学管理学院：研究介绍 [学科范围]","https://www.som.zju.edu.cn/2025/0506/c63512a3045953/page.htm","2026-10-04","内容编辑与机制审核，未获逐方向专家签审"
"operations-management-12","operations-management","工业工程教育","流程单位、资源约束与评价周期","education","共享主题模块","课堂目标、活动记录与学习过程材料","让任务、教学目标与评价对应，保留班级差异","换了老师也换了活动，改善却全归到工具上","课后高分不能独立证明某项教学设计有效","北京师范大学：课程与教学研究方向 [学科范围]","https://cter.bnu.edu.cn/docs/2024-05/e0d9749ec02e425eb45aa96fefdadc2a.pdf","2026-10-04","内容编辑与机制审核，未获逐方向专家签审"
"public-governance-1","public-governance","行政管理","执行层次、公众范围与制度情境","organization","细分核对","正式流程、实际协作与未受益者记录","比较纸面目标、落实条件与参与负担","完成流程被直接当成目标已经实现","过程合规不独立证明全部成效","浙江大学管理学院：研究介绍 [学科范围]","https://www.som.zju.edu.cn/2025/0506/c63512a3045953/page.htm","2026-10-04","内容编辑与机制审核，未获逐方向专家签审"
"public-governance-2","public-governance","社会保障","执行层次、公众范围与制度情境","policy","细分核对","正式流程、实际协作与未受益者记录","比较纸面目标、落实条件与参与负担","完成流程被直接当成目标已经实现","过程合规不独立证明全部成效","北京大学法学院：培养方向 [学科范围]；北京大学社会学系：专业介绍 [学科范围]","https://www.law.pku.edu.cn/xwzx/ggtz/zsjx/870508d182464f118ae55b9473a4c4f3.htm；https://bkzs.pku.edu.cn/xkzy/xy/shkxxb/sxkxxy_31/sxkxxyzszy_31/index.htm","2026-10-04","内容编辑与机制审核，未获逐方向专家签审"
"public-governance-3","public-governance","社会政策","执行层次、公众范围与制度情境","policy","共享主题模块","制度文本、执行材料与对象反馈","比较制度情境，保留执行层次与时间","两个地方用了同名制度，执行条件却不同","制度名称相同不保证比较对象相同","北京大学法学院：培养方向 [学科范围]；北京大学社会学系：专业介绍 [学科范围]","https://www.law.pku.edu.cn/xwzx/ggtz/zsjx/870508d182464f118ae55b9473a4c4f3.htm；https://bkzs.pku.edu.cn/xkzy/xy/shkxxb/sxkxxy_31/sxkxxyzszy_31/index.htm","2026-10-04","内容编辑与机制审核，未获逐方向专家签审"
"public-governance-4","public-governance","公共预算","执行层次、公众范围与制度情境","policy","共享主题模块","制度文本、执行材料与对象反馈","比较制度情境，保留执行层次与时间","两个地方用了同名制度，执行条件却不同","制度名称相同不保证比较对象相同","北京大学法学院：培养方向 [学科范围]；北京大学社会学系：专业介绍 [学科范围]","https://www.law.pku.edu.cn/xwzx/ggtz/zsjx/870508d182464f118ae55b9473a4c4f3.htm；https://bkzs.pku.edu.cn/xkzy/xy/shkxxb/sxkxxy_31/sxkxxyzszy_31/index.htm","2026-10-04","内容编辑与机制审核，未获逐方向专家签审"
"public-governance-5","public-governance","公共服务","执行层次、公众范围与制度情境","policy","共享主题模块","制度文本、执行材料与对象反馈","比较制度情境，保留执行层次与时间","两个地方用了同名制度，执行条件却不同","制度名称相同不保证比较对象相同","北京大学法学院：培养方向 [学科范围]；北京大学社会学系：专业介绍 [学科范围]","https://www.law.pku.edu.cn/xwzx/ggtz/zsjx/870508d182464f118ae55b9473a4c4f3.htm；https://bkzs.pku.edu.cn/xkzy/xy/shkxxb/sxkxxy_31/sxkxxyzszy_31/index.htm","2026-10-04","内容编辑与机制审核，未获逐方向专家签审"
"public-governance-6","public-governance","应急管理研究","执行层次、公众范围与制度情境","organization","细分核对","正式流程、实际协作与未受益者记录","比较纸面目标、落实条件与参与负担","完成流程被直接当成目标已经实现","过程合规不独立证明全部成效","浙江大学管理学院：研究介绍 [学科范围]","https://www.som.zju.edu.cn/2025/0506/c63512a3045953/page.htm","2026-10-04","内容编辑与机制审核，未获逐方向专家签审"
"public-governance-7","public-governance","基层治理","执行层次、公众范围与制度情境","policy","细分核对","正式流程、实际协作与未受益者记录","比较纸面目标、落实条件与参与负担","完成流程被直接当成目标已经实现","过程合规不独立证明全部成效","北京大学法学院：培养方向 [学科范围]；北京大学社会学系：专业介绍 [学科范围]","https://www.law.pku.edu.cn/xwzx/ggtz/zsjx/870508d182464f118ae55b9473a4c4f3.htm；https://bkzs.pku.edu.cn/xkzy/xy/shkxxb/sxkxxy_31/sxkxxyzszy_31/index.htm","2026-10-04","内容编辑与机制审核，未获逐方向专家签审"
"public-governance-8","public-governance","非营利组织","执行层次、公众范围与制度情境","organization","细分核对","正式流程、实际协作与未受益者记录","比较纸面目标、落实条件与参与负担","完成流程被直接当成目标已经实现","过程合规不独立证明全部成效","浙江大学管理学院：研究介绍 [学科范围]","https://www.som.zju.edu.cn/2025/0506/c63512a3045953/page.htm","2026-10-04","内容编辑与机制审核，未获逐方向专家签审"
"public-governance-9","public-governance","数字治理","执行层次、公众范围与制度情境","policy","细分核对","正式流程、实际协作与未受益者记录","比较纸面目标、落实条件与参与负担","完成流程被直接当成目标已经实现","过程合规不独立证明全部成效","北京大学法学院：培养方向 [学科范围]；北京大学社会学系：专业介绍 [学科范围]","https://www.law.pku.edu.cn/xwzx/ggtz/zsjx/870508d182464f118ae55b9473a4c4f3.htm；https://bkzs.pku.edu.cn/xkzy/xy/shkxxb/sxkxxy_31/sxkxxyzszy_31/index.htm","2026-10-04","内容编辑与机制审核，未获逐方向专家签审"
"public-governance-10","public-governance","政策执行","执行层次、公众范围与制度情境","policy","共享主题模块","制度文本、执行材料与对象反馈","比较制度情境，保留执行层次与时间","两个地方用了同名制度，执行条件却不同","制度名称相同不保证比较对象相同","北京大学法学院：培养方向 [学科范围]；北京大学社会学系：专业介绍 [学科范围]","https://www.law.pku.edu.cn/xwzx/ggtz/zsjx/870508d182464f118ae55b9473a4c4f3.htm；https://bkzs.pku.edu.cn/xkzy/xy/shkxxb/sxkxxy_31/sxkxxyzszy_31/index.htm","2026-10-04","内容编辑与机制审核，未获逐方向专家签审"
"public-governance-11","public-governance","公众参与","执行层次、公众范围与制度情境","policy","共享主题模块","制度文本、执行材料与对象反馈","比较制度情境，保留执行层次与时间","两个地方用了同名制度，执行条件却不同","制度名称相同不保证比较对象相同","北京大学法学院：培养方向 [学科范围]；北京大学社会学系：专业介绍 [学科范围]","https://www.law.pku.edu.cn/xwzx/ggtz/zsjx/870508d182464f118ae55b9473a4c4f3.htm；https://bkzs.pku.edu.cn/xkzy/xy/shkxxb/sxkxxy_31/sxkxxyzszy_31/index.htm","2026-10-04","内容编辑与机制审核，未获逐方向专家签审"
"public-governance-12","public-governance","治理评价","执行层次、公众范围与制度情境","policy","细分核对","正式流程、实际协作与未受益者记录","比较纸面目标、落实条件与参与负担","完成流程被直接当成目标已经实现","过程合规不独立证明全部成效","北京大学法学院：培养方向 [学科范围]；北京大学社会学系：专业介绍 [学科范围]","https://www.law.pku.edu.cn/xwzx/ggtz/zsjx/870508d182464f118ae55b9473a4c4f3.htm；https://bkzs.pku.edu.cn/xkzy/xy/shkxxb/sxkxxy_31/sxkxxyzszy_31/index.htm","2026-10-04","内容编辑与机制审核，未获逐方向专家签审"
"fine-art-studies-1","fine-art-studies","绘画研究","作品过程、材料与解释依据","arts","细分核对","作品版本、制作取舍与展示语境","分开形式分析、作者意图与接受评价","熟人预展的好评被用来代表公众接受","意图与评价不能互相替代","中央美术学院：人文学院 [相邻学科范围]","https://www.cafa.edu.cn/sp/nljg/?j=151","2026-10-04","内容编辑与机制审核，未获逐方向专家签审"
"fine-art-studies-2","fine-art-studies","雕塑研究","作品过程、材料与解释依据","arts","细分核对","作品版本、制作取舍与展示语境","分开形式分析、作者意图与接受评价","熟人预展的好评被用来代表公众接受","意图与评价不能互相替代","中央美术学院：人文学院 [相邻学科范围]","https://www.cafa.edu.cn/sp/nljg/?j=151","2026-10-04","内容编辑与机制审核，未获逐方向专家签审"
"fine-art-studies-3","fine-art-studies","版画研究","作品过程、材料与解释依据","arts","共享主题模块","创作版本、展示语境与观众反馈","对照创作意图、形式变化与实际观看经验","预展熟人的反馈被用来代表公众观看","表达意图不能直接等同于观众理解","中央美术学院：人文学院 [相邻学科范围]","https://www.cafa.edu.cn/sp/nljg/?j=151","2026-10-04","内容编辑与机制审核，未获逐方向专家签审"
"fine-art-studies-4","fine-art-studies","书法研究","作品过程、材料与解释依据","arts","共享主题模块","创作版本、展示语境与观众反馈","对照创作意图、形式变化与实际观看经验","预展熟人的反馈被用来代表公众观看","表达意图不能直接等同于观众理解","中央美术学院：人文学院 [相邻学科范围]","https://www.cafa.edu.cn/sp/nljg/?j=151","2026-10-04","内容编辑与机制审核，未获逐方向专家签审"
"fine-art-studies-5","fine-art-studies","视觉材料","作品过程、材料与解释依据","arts","细分核对","作品版本、制作取舍与展示语境","分开形式分析、作者意图与接受评价","熟人预展的好评被用来代表公众接受","意图与评价不能互相替代","中央美术学院：人文学院 [相邻学科范围]","https://www.cafa.edu.cn/sp/nljg/?j=151","2026-10-04","内容编辑与机制审核，未获逐方向专家签审"
"fine-art-studies-6","fine-art-studies","美术史","作品过程、材料与解释依据","arts","细分核对","作品版本、制作取舍与展示语境","分开形式分析、作者意图与接受评价","熟人预展的好评被用来代表公众接受","意图与评价不能互相替代","中央美术学院：人文学院 [相邻学科范围]","https://www.cafa.edu.cn/sp/nljg/?j=151","2026-10-04","内容编辑与机制审核，未获逐方向专家签审"
"fine-art-studies-7","fine-art-studies","美术理论","作品过程、材料与解释依据","arts","细分核对","作品版本、制作取舍与展示语境","分开形式分析、作者意图与接受评价","熟人预展的好评被用来代表公众接受","意图与评价不能互相替代","中央美术学院：人文学院 [相邻学科范围]","https://www.cafa.edu.cn/sp/nljg/?j=151","2026-10-04","内容编辑与机制审核，未获逐方向专家签审"
"fine-art-studies-8","fine-art-studies","当代艺术","作品过程、材料与解释依据","arts","细分核对","作品版本、制作取舍与展示语境","分开形式分析、作者意图与接受评价","熟人预展的好评被用来代表公众接受","意图与评价不能互相替代","中央美术学院：人文学院 [相邻学科范围]","https://www.cafa.edu.cn/sp/nljg/?j=151","2026-10-04","内容编辑与机制审核，未获逐方向专家签审"
"fine-art-studies-9","fine-art-studies","公共艺术","作品过程、材料与解释依据","arts","细分核对","作品版本、制作取舍与展示语境","分开形式分析、作者意图与接受评价","熟人预展的好评被用来代表公众接受","意图与评价不能互相替代","中央美术学院：人文学院 [相邻学科范围]","https://www.cafa.edu.cn/sp/nljg/?j=151","2026-10-04","内容编辑与机制审核，未获逐方向专家签审"
"fine-art-studies-10","fine-art-studies","美术教育","作品过程、材料与解释依据","education","细分核对","作品版本、制作取舍与展示语境","分开形式分析、作者意图与接受评价","熟人预展的好评被用来代表公众接受","意图与评价不能互相替代","北京师范大学：课程与教学研究方向 [学科范围]","https://cter.bnu.edu.cn/docs/2024-05/e0d9749ec02e425eb45aa96fefdadc2a.pdf","2026-10-04","内容编辑与机制审核，未获逐方向专家签审"
"fine-art-studies-11","fine-art-studies","材料表达","作品过程、材料与解释依据","arts","共享主题模块","创作版本、展示语境与观众反馈","对照创作意图、形式变化与实际观看经验","预展熟人的反馈被用来代表公众观看","表达意图不能直接等同于观众理解","中央美术学院：人文学院 [相邻学科范围]","https://www.cafa.edu.cn/sp/nljg/?j=151","2026-10-04","内容编辑与机制审核，未获逐方向专家签审"
"fine-art-studies-12","fine-art-studies","展览研究","作品过程、材料与解释依据","arts","共享主题模块","创作版本、展示语境与观众反馈","对照创作意图、形式变化与实际观看经验","预展熟人的反馈被用来代表公众观看","表达意图不能直接等同于观众理解","中央美术学院：人文学院 [相邻学科范围]","https://www.cafa.edu.cn/sp/nljg/?j=151","2026-10-04","内容编辑与机制审核，未获逐方向专家签审"
"musicology-studies-1","musicology-studies","音乐史","谱面、表演版本与听觉条件","performance","细分核对","乐谱或脚本版本、演出场次与声场记录","分开作品结构、演绎取舍与现场条件","录音后期处理被当成现场的实际表现","录音成品不能独立代表现场条件","中央美术学院：人文学院 [相邻学科范围]","https://www.cafa.edu.cn/sp/nljg/?j=151","2026-10-04","内容编辑与机制审核，未获逐方向专家签审"
"musicology-studies-2","musicology-studies","民族音乐学","谱面、表演版本与听觉条件","performance","细分核对","乐谱或脚本版本、演出场次与声场记录","分开作品结构、演绎取舍与现场条件","录音后期处理被当成现场的实际表现","录音成品不能独立代表现场条件","中央美术学院：人文学院 [相邻学科范围]","https://www.cafa.edu.cn/sp/nljg/?j=151","2026-10-04","内容编辑与机制审核，未获逐方向专家签审"
"musicology-studies-3","musicology-studies","音乐分析","谱面、表演版本与听觉条件","performance","细分核对","乐谱或脚本版本、演出场次与声场记录","分开作品结构、演绎取舍与现场条件","录音后期处理被当成现场的实际表现","录音成品不能独立代表现场条件","中央美术学院：人文学院 [相邻学科范围]","https://www.cafa.edu.cn/sp/nljg/?j=151","2026-10-04","内容编辑与机制审核，未获逐方向专家签审"
"musicology-studies-4","musicology-studies","作曲研究","谱面、表演版本与听觉条件","performance","共享主题模块","排练版本、演出条件与听众反馈","区分练习状态、现场条件与审美判断","试演场地和正式演出场地的声音条件不同","一次演出反馈不能代表作品全部接受史","中央美术学院：人文学院 [相邻学科范围]","https://www.cafa.edu.cn/sp/nljg/?j=151","2026-10-04","内容编辑与机制审核，未获逐方向专家签审"
"musicology-studies-5","musicology-studies","演奏实践","谱面、表演版本与听觉条件","performance","共享主题模块","排练版本、演出条件与听众反馈","区分练习状态、现场条件与审美判断","试演场地和正式演出场地的声音条件不同","一次演出反馈不能代表作品全部接受史","中央美术学院：人文学院 [相邻学科范围]","https://www.cafa.edu.cn/sp/nljg/?j=151","2026-10-04","内容编辑与机制审核，未获逐方向专家签审"
"musicology-studies-6","musicology-studies","声乐研究","谱面、表演版本与听觉条件","performance","细分核对","乐谱或脚本版本、演出场次与声场记录","分开作品结构、演绎取舍与现场条件","录音后期处理被当成现场的实际表现","录音成品不能独立代表现场条件","中央美术学院：人文学院 [相邻学科范围]","https://www.cafa.edu.cn/sp/nljg/?j=151","2026-10-04","内容编辑与机制审核，未获逐方向专家签审"
"musicology-studies-7","musicology-studies","音乐教育","谱面、表演版本与听觉条件","education","细分核对","乐谱或脚本版本、演出场次与声场记录","分开作品结构、演绎取舍与现场条件","录音后期处理被当成现场的实际表现","录音成品不能独立代表现场条件","北京师范大学：课程与教学研究方向 [学科范围]","https://cter.bnu.edu.cn/docs/2024-05/e0d9749ec02e425eb45aa96fefdadc2a.pdf","2026-10-04","内容编辑与机制审核，未获逐方向专家签审"
"musicology-studies-8","musicology-studies","音乐技术","谱面、表演版本与听觉条件","performance","细分核对","乐谱或脚本版本、演出场次与声场记录","分开作品结构、演绎取舍与现场条件","录音后期处理被当成现场的实际表现","录音成品不能独立代表现场条件","中央美术学院：人文学院 [相邻学科范围]","https://www.cafa.edu.cn/sp/nljg/?j=151","2026-10-04","内容编辑与机制审核，未获逐方向专家签审"
"musicology-studies-9","musicology-studies","录音评价","谱面、表演版本与听觉条件","performance","细分核对","乐谱或脚本版本、演出场次与声场记录","分开作品结构、演绎取舍与现场条件","录音后期处理被当成现场的实际表现","录音成品不能独立代表现场条件","中央美术学院：人文学院 [相邻学科范围]","https://www.cafa.edu.cn/sp/nljg/?j=151","2026-10-04","内容编辑与机制审核，未获逐方向专家签审"
"musicology-studies-10","musicology-studies","音乐心理资料","谱面、表演版本与听觉条件","performance","细分核对","乐谱或脚本版本、演出场次与声场记录","分开作品结构、演绎取舍与现场条件","录音后期处理被当成现场的实际表现","录音成品不能独立代表现场条件","中央美术学院：人文学院 [相邻学科范围]","https://www.cafa.edu.cn/sp/nljg/?j=151","2026-10-04","内容编辑与机制审核，未获逐方向专家签审"
"musicology-studies-11","musicology-studies","音乐与社会","谱面、表演版本与听觉条件","performance","细分核对","乐谱或脚本版本、演出场次与声场记录","分开作品结构、演绎取舍与现场条件","录音后期处理被当成现场的实际表现","录音成品不能独立代表现场条件","中央美术学院：人文学院 [相邻学科范围]","https://www.cafa.edu.cn/sp/nljg/?j=151","2026-10-04","内容编辑与机制审核，未获逐方向专家签审"
"musicology-studies-12","musicology-studies","音乐文献","谱面、表演版本与听觉条件","performance","细分核对","乐谱或脚本版本、演出场次与声场记录","分开作品结构、演绎取舍与现场条件","录音后期处理被当成现场的实际表现","录音成品不能独立代表现场条件","中央美术学院：人文学院 [相邻学科范围]","https://www.cafa.edu.cn/sp/nljg/?j=151","2026-10-04","内容编辑与机制审核，未获逐方向专家签审"
"film-studies-1","film-studies","电影史","镜头材料、制作过程与观看语境","media","细分核对","镜头段落、剪辑版本与放映条件","区分拍摄素材、剪辑叙事与观众解释","剪辑制造的因果顺序被当成事件本身的顺序","视听组织不能独立证明真实事件的因果","中央美术学院：人文学院 [相邻学科范围]","https://www.cafa.edu.cn/sp/nljg/?j=151","2026-10-04","内容编辑与机制审核，未获逐方向专家签审"
"film-studies-2","film-studies","电影理论","镜头材料、制作过程与观看语境","media","细分核对","镜头段落、剪辑版本与放映条件","区分拍摄素材、剪辑叙事与观众解释","剪辑制造的因果顺序被当成事件本身的顺序","视听组织不能独立证明真实事件的因果","中央美术学院：人文学院 [相邻学科范围]","https://www.cafa.edu.cn/sp/nljg/?j=151","2026-10-04","内容编辑与机制审核，未获逐方向专家签审"
"film-studies-3","film-studies","影像叙事","镜头材料、制作过程与观看语境","media","细分核对","镜头段落、剪辑版本与放映条件","区分拍摄素材、剪辑叙事与观众解释","剪辑制造的因果顺序被当成事件本身的顺序","视听组织不能独立证明真实事件的因果","中央美术学院：人文学院 [相邻学科范围]","https://www.cafa.edu.cn/sp/nljg/?j=151","2026-10-04","内容编辑与机制审核，未获逐方向专家签审"
"film-studies-4","film-studies","纪录片研究","镜头材料、制作过程与观看语境","media","细分核对","镜头段落、剪辑版本与放映条件","区分拍摄素材、剪辑叙事与观众解释","剪辑制造的因果顺序被当成事件本身的顺序","视听组织不能独立证明真实事件的因果","中央美术学院：人文学院 [相邻学科范围]","https://www.cafa.edu.cn/sp/nljg/?j=151","2026-10-04","内容编辑与机制审核，未获逐方向专家签审"
"film-studies-5","film-studies","视听语言","镜头材料、制作过程与观看语境","media","细分核对","镜头段落、剪辑版本与放映条件","区分拍摄素材、剪辑叙事与观众解释","剪辑制造的因果顺序被当成事件本身的顺序","视听组织不能独立证明真实事件的因果","中央美术学院：人文学院 [相邻学科范围]","https://www.cafa.edu.cn/sp/nljg/?j=151","2026-10-04","内容编辑与机制审核，未获逐方向专家签审"
"film-studies-6","film-studies","影像档案","镜头材料、制作过程与观看语境","media","细分核对","镜头段落、剪辑版本与放映条件","区分拍摄素材、剪辑叙事与观众解释","剪辑制造的因果顺序被当成事件本身的顺序","视听组织不能独立证明真实事件的因果","中央美术学院：人文学院 [相邻学科范围]","https://www.cafa.edu.cn/sp/nljg/?j=151","2026-10-04","内容编辑与机制审核，未获逐方向专家签审"
"film-studies-7","film-studies","影视制作研究","镜头材料、制作过程与观看语境","media","细分核对","镜头段落、剪辑版本与放映条件","区分拍摄素材、剪辑叙事与观众解释","剪辑制造的因果顺序被当成事件本身的顺序","视听组织不能独立证明真实事件的因果","中央美术学院：人文学院 [相邻学科范围]","https://www.cafa.edu.cn/sp/nljg/?j=151","2026-10-04","内容编辑与机制审核，未获逐方向专家签审"
"film-studies-8","film-studies","观众研究","镜头材料、制作过程与观看语境","media","共享主题模块","传播时间、平台机制与受众资料","分开内容、推荐入口与实际触达","平台推荐规则改变，被写成受众兴趣突然转向","可见互动不能代替全部受众的态度","中央美术学院：人文学院 [相邻学科范围]","https://www.cafa.edu.cn/sp/nljg/?j=151","2026-10-04","内容编辑与机制审核，未获逐方向专家签审"
"film-studies-9","film-studies","电影文化","镜头材料、制作过程与观看语境","media","细分核对","镜头段落、剪辑版本与放映条件","区分拍摄素材、剪辑叙事与观众解释","剪辑制造的因果顺序被当成事件本身的顺序","视听组织不能独立证明真实事件的因果","中央美术学院：人文学院 [相邻学科范围]","https://www.cafa.edu.cn/sp/nljg/?j=151","2026-10-04","内容编辑与机制审核，未获逐方向专家签审"
"film-studies-10","film-studies","数字影像","镜头材料、制作过程与观看语境","media","细分核对","镜头段落、剪辑版本与放映条件","区分拍摄素材、剪辑叙事与观众解释","剪辑制造的因果顺序被当成事件本身的顺序","视听组织不能独立证明真实事件的因果","中央美术学院：人文学院 [相邻学科范围]","https://www.cafa.edu.cn/sp/nljg/?j=151","2026-10-04","内容编辑与机制审核，未获逐方向专家签审"
"film-studies-11","film-studies","影像教育","镜头材料、制作过程与观看语境","education","细分核对","镜头段落、剪辑版本与放映条件","区分拍摄素材、剪辑叙事与观众解释","剪辑制造的因果顺序被当成事件本身的顺序","视听组织不能独立证明真实事件的因果","北京师范大学：课程与教学研究方向 [学科范围]","https://cter.bnu.edu.cn/docs/2024-05/e0d9749ec02e425eb45aa96fefdadc2a.pdf","2026-10-04","内容编辑与机制审核，未获逐方向专家签审"
"film-studies-12","film-studies","跨媒介影像","镜头材料、制作过程与观看语境","media","细分核对","镜头段落、剪辑版本与放映条件","区分拍摄素材、剪辑叙事与观众解释","剪辑制造的因果顺序被当成事件本身的顺序","视听组织不能独立证明真实事件的因果","中央美术学院：人文学院 [相邻学科范围]","https://www.cafa.edu.cn/sp/nljg/?j=151","2026-10-04","内容编辑与机制审核，未获逐方向专家签审"
"theatre-studies-1","theatre-studies","戏剧史","剧本、排练与具体场次","performance","细分核对","乐谱或脚本版本、演出场次与声场记录","分开作品结构、演绎取舍与现场条件","录音后期处理被当成现场的实际表现","录音成品不能独立代表现场条件","中央美术学院：人文学院 [相邻学科范围]","https://www.cafa.edu.cn/sp/nljg/?j=151","2026-10-04","内容编辑与机制审核，未获逐方向专家签审"
"theatre-studies-2","theatre-studies","剧本研究","剧本、排练与具体场次","performance","共享主题模块","排练版本、演出条件与听众反馈","区分练习状态、现场条件与审美判断","试演场地和正式演出场地的声音条件不同","一次演出反馈不能代表作品全部接受史","中央美术学院：人文学院 [相邻学科范围]","https://www.cafa.edu.cn/sp/nljg/?j=151","2026-10-04","内容编辑与机制审核，未获逐方向专家签审"
"theatre-studies-3","theatre-studies","舞台设计","剧本、排练与具体场次","arts","细分核对","作品版本、展示语境与观看反馈","区分作品意图、形式特征与观看者解释","作者意图被直接写成所有观众的实际感受","意图、作品和接受之间需要材料对应，不能相互替代","中央美术学院：人文学院 [相邻学科范围]","https://www.cafa.edu.cn/sp/nljg/?j=151","2026-10-04","内容编辑与机制审核，未获逐方向专家签审"
"theatre-studies-4","theatre-studies","表演实践","剧本、排练与具体场次","performance","细分核对","乐谱或脚本版本、演出场次与声场记录","分开作品结构、演绎取舍与现场条件","录音后期处理被当成现场的实际表现","录音成品不能独立代表现场条件","中央美术学院：人文学院 [相邻学科范围]","https://www.cafa.edu.cn/sp/nljg/?j=151","2026-10-04","内容编辑与机制审核，未获逐方向专家签审"
"theatre-studies-5","theatre-studies","戏曲研究","剧本、排练与具体场次","performance","细分核对","乐谱或脚本版本、演出场次与声场记录","分开作品结构、演绎取舍与现场条件","录音后期处理被当成现场的实际表现","录音成品不能独立代表现场条件","中央美术学院：人文学院 [相邻学科范围]","https://www.cafa.edu.cn/sp/nljg/?j=151","2026-10-04","内容编辑与机制审核，未获逐方向专家签审"
"theatre-studies-6","theatre-studies","舞蹈研究","剧本、排练与具体场次","performance","细分核对","排练版本、现场条件与观演记录","区分技法描述、具体场次与接受评价，保留版本变动","一场演出的反应被当作作品在所有场景的表现","现场条件与版本影响需要说明，一场记录不代表全部接受","中央美术学院：人文学院 [相邻学科范围]","https://www.cafa.edu.cn/sp/nljg/?j=151","2026-10-04","内容编辑与机制审核，未获逐方向专家签审"
"theatre-studies-7","theatre-studies","戏剧教育","剧本、排练与具体场次","education","细分核对","乐谱或脚本版本、演出场次与声场记录","分开作品结构、演绎取舍与现场条件","录音后期处理被当成现场的实际表现","录音成品不能独立代表现场条件","北京师范大学：课程与教学研究方向 [学科范围]","https://cter.bnu.edu.cn/docs/2024-05/e0d9749ec02e425eb45aa96fefdadc2a.pdf","2026-10-04","内容编辑与机制审核，未获逐方向专家签审"
"theatre-studies-8","theatre-studies","剧场观众","剧本、排练与具体场次","performance","共享主题模块","排练版本、演出条件与听众反馈","区分练习状态、现场条件与审美判断","试演场地和正式演出场地的声音条件不同","一次演出反馈不能代表作品全部接受史","中央美术学院：人文学院 [相邻学科范围]","https://www.cafa.edu.cn/sp/nljg/?j=151","2026-10-04","内容编辑与机制审核，未获逐方向专家签审"
"theatre-studies-9","theatre-studies","排练过程","剧本、排练与具体场次","performance","共享主题模块","排练版本、演出条件与听众反馈","区分练习状态、现场条件与审美判断","试演场地和正式演出场地的声音条件不同","一次演出反馈不能代表作品全部接受史","中央美术学院：人文学院 [相邻学科范围]","https://www.cafa.edu.cn/sp/nljg/?j=151","2026-10-04","内容编辑与机制审核，未获逐方向专家签审"
"theatre-studies-10","theatre-studies","剧场技术评价","剧本、排练与具体场次","performance","共享主题模块","排练版本、演出条件与听众反馈","区分练习状态、现场条件与审美判断","试演场地和正式演出场地的声音条件不同","一次演出反馈不能代表作品全部接受史","中央美术学院：人文学院 [相邻学科范围]","https://www.cafa.edu.cn/sp/nljg/?j=151","2026-10-04","内容编辑与机制审核，未获逐方向专家签审"
"theatre-studies-11","theatre-studies","表演档案","剧本、排练与具体场次","performance","细分核对","乐谱或脚本版本、演出场次与声场记录","分开作品结构、演绎取舍与现场条件","录音后期处理被当成现场的实际表现","录音成品不能独立代表现场条件","中央美术学院：人文学院 [相邻学科范围]","https://www.cafa.edu.cn/sp/nljg/?j=151","2026-10-04","内容编辑与机制审核，未获逐方向专家签审"
"theatre-studies-12","theatre-studies","参与式表演","剧本、排练与具体场次","performance","细分核对","乐谱或脚本版本、演出场次与声场记录","分开作品结构、演绎取舍与现场条件","录音后期处理被当成现场的实际表现","录音成品不能独立代表现场条件","中央美术学院：人文学院 [相邻学科范围]","https://www.cafa.edu.cn/sp/nljg/?j=151","2026-10-04","内容编辑与机制审核，未获逐方向专家签审"
"art-design-theory-1","art-design-theory","艺术哲学","作品出处、展示语境与价值判断","arts","细分核对","作品版本、制作取舍与展示语境","分开形式分析、作者意图与接受评价","熟人预展的好评被用来代表公众接受","意图与评价不能互相替代","中央美术学院：人文学院 [相邻学科范围]","https://www.cafa.edu.cn/sp/nljg/?j=151","2026-10-04","内容编辑与机制审核，未获逐方向专家签审"
"art-design-theory-2","art-design-theory","设计史","作品出处、展示语境与价值判断","arts","细分核对","作品版本、展示语境与观看反馈","区分作品意图、形式特征与观看者解释","作者意图被直接写成所有观众的实际感受","意图、作品和接受之间需要材料对应，不能相互替代","中央美术学院：人文学院 [相邻学科范围]","https://www.cafa.edu.cn/sp/nljg/?j=151","2026-10-04","内容编辑与机制审核，未获逐方向专家签审"
"art-design-theory-3","art-design-theory","艺术制度","作品出处、展示语境与价值判断","arts","细分核对","作品版本、制作取舍与展示语境","分开形式分析、作者意图与接受评价","熟人预展的好评被用来代表公众接受","意图与评价不能互相替代","中央美术学院：人文学院 [相邻学科范围]","https://www.cafa.edu.cn/sp/nljg/?j=151","2026-10-04","内容编辑与机制审核，未获逐方向专家签审"
"art-design-theory-4","art-design-theory","策展理论","作品出处、展示语境与价值判断","heritage","共享主题模块","对象来源、保存状态与展示解释","区分保存目标、展示叙事与使用者理解","展示采用的复原想象被游客当成确定历史","复原与展示解释需要标明依据和不确定性","北京大学：科技考古教研室 [学科范围]；中央美术学院：人文学院 [相邻学科范围]","https://archaeology.pku.edu.cn/szdw/jxky1/jys/kjkgjys.htm；https://www.cafa.edu.cn/sp/nljg/?j=151","2026-10-04","内容编辑与机制审核，未获逐方向专家签审"
"art-design-theory-5","art-design-theory","艺术批评","作品出处、展示语境与价值判断","arts","细分核对","作品版本、制作取舍与展示语境","分开形式分析、作者意图与接受评价","熟人预展的好评被用来代表公众接受","意图与评价不能互相替代","中央美术学院：人文学院 [相邻学科范围]","https://www.cafa.edu.cn/sp/nljg/?j=151","2026-10-04","内容编辑与机制审核，未获逐方向专家签审"
"art-design-theory-6","art-design-theory","视觉文化","作品出处、展示语境与价值判断","arts","细分核对","作品版本、制作取舍与展示语境","分开形式分析、作者意图与接受评价","熟人预展的好评被用来代表公众接受","意图与评价不能互相替代","中央美术学院：人文学院 [相邻学科范围]","https://www.cafa.edu.cn/sp/nljg/?j=151","2026-10-04","内容编辑与机制审核，未获逐方向专家签审"
"art-design-theory-7","art-design-theory","艺术社会学","作品出处、展示语境与价值判断","arts","细分核对","作品版本、制作取舍与展示语境","分开形式分析、作者意图与接受评价","熟人预展的好评被用来代表公众接受","意图与评价不能互相替代","中央美术学院：人文学院 [相邻学科范围]","https://www.cafa.edu.cn/sp/nljg/?j=151","2026-10-04","内容编辑与机制审核，未获逐方向专家签审"
"art-design-theory-8","art-design-theory","艺术与科技","作品出处、展示语境与价值判断","arts","细分核对","作品版本、制作取舍与展示语境","分开形式分析、作者意图与接受评价","熟人预展的好评被用来代表公众接受","意图与评价不能互相替代","中央美术学院：人文学院 [相邻学科范围]","https://www.cafa.edu.cn/sp/nljg/?j=151","2026-10-04","内容编辑与机制审核，未获逐方向专家签审"
"art-design-theory-9","art-design-theory","工艺史","作品出处、展示语境与价值判断","arts","细分核对","作品版本、制作取舍与展示语境","分开形式分析、作者意图与接受评价","熟人预展的好评被用来代表公众接受","意图与评价不能互相替代","中央美术学院：人文学院 [相邻学科范围]","https://www.cafa.edu.cn/sp/nljg/?j=151","2026-10-04","内容编辑与机制审核，未获逐方向专家签审"
"art-design-theory-10","art-design-theory","艺术收藏史","作品出处、展示语境与价值判断","arts","细分核对","作品版本、制作取舍与展示语境","分开形式分析、作者意图与接受评价","熟人预展的好评被用来代表公众接受","意图与评价不能互相替代","中央美术学院：人文学院 [相邻学科范围]","https://www.cafa.edu.cn/sp/nljg/?j=151","2026-10-04","内容编辑与机制审核，未获逐方向专家签审"
"art-design-theory-11","art-design-theory","设计伦理","作品出处、展示语境与价值判断","arts","细分核对","作品版本、展示语境与观看反馈","区分作品意图、形式特征与观看者解释","作者意图被直接写成所有观众的实际感受","意图、作品和接受之间需要材料对应，不能相互替代","中央美术学院：人文学院 [相邻学科范围]","https://www.cafa.edu.cn/sp/nljg/?j=151","2026-10-04","内容编辑与机制审核，未获逐方向专家签审"
"art-design-theory-12","art-design-theory","艺术教育史","作品出处、展示语境与价值判断","arts","细分核对","作品版本、制作取舍与展示语境","分开形式分析、作者意图与接受评价","熟人预展的好评被用来代表公众接受","意图与评价不能互相替代","中央美术学院：人文学院 [相邻学科范围]","https://www.cafa.edu.cn/sp/nljg/?j=151","2026-10-04","内容编辑与机制审核，未获逐方向专家签审"
"interdisciplinary-design-1","interdisciplinary-design","设计理论","工程约束、表达目标与使用者经验","cross","细分核对","原型版本、用户任务与失败路径","保留误操作、求助、放弃与完成记录","熟练测试者的成功被当成新手同样能完成","喜欢程度不能代替任务完成与使用条件","教育部：研究生教育学科专业目录（2022） [分类背景]","https://www.moe.gov.cn/srcsite/A22/moe_833/202209/t20220914_660828.html","2026-10-04","内容编辑与机制审核，未获逐方向专家签审"
"interdisciplinary-design-2","interdisciplinary-design","设计方法","工程约束、表达目标与使用者经验","cross","细分核对","原型版本、用户任务与失败路径","保留误操作、求助、放弃与完成记录","熟练测试者的成功被当成新手同样能完成","喜欢程度不能代替任务完成与使用条件","教育部：研究生教育学科专业目录（2022） [分类背景]","https://www.moe.gov.cn/srcsite/A22/moe_833/202209/t20220914_660828.html","2026-10-04","内容编辑与机制审核，未获逐方向专家签审"
"interdisciplinary-design-3","interdisciplinary-design","设计认知","工程约束、表达目标与使用者经验","cross","细分核对","原型版本、用户任务与失败路径","保留误操作、求助、放弃与完成记录","熟练测试者的成功被当成新手同样能完成","喜欢程度不能代替任务完成与使用条件","教育部：研究生教育学科专业目录（2022） [分类背景]","https://www.moe.gov.cn/srcsite/A22/moe_833/202209/t20220914_660828.html","2026-10-04","内容编辑与机制审核，未获逐方向专家签审"
"interdisciplinary-design-4","interdisciplinary-design","工程设计","工程约束、表达目标与使用者经验","cross","细分核对","原型版本、用户任务与失败路径","保留误操作、求助、放弃与完成记录","熟练测试者的成功被当成新手同样能完成","喜欢程度不能代替任务完成与使用条件","教育部：研究生教育学科专业目录（2022） [分类背景]","https://www.moe.gov.cn/srcsite/A22/moe_833/202209/t20220914_660828.html","2026-10-04","内容编辑与机制审核，未获逐方向专家签审"
"interdisciplinary-design-5","interdisciplinary-design","艺术与设计","工程约束、表达目标与使用者经验","cross","细分核对","原型版本、用户任务与失败路径","保留误操作、求助、放弃与完成记录","熟练测试者的成功被当成新手同样能完成","喜欢程度不能代替任务完成与使用条件","教育部：研究生教育学科专业目录（2022） [分类背景]","https://www.moe.gov.cn/srcsite/A22/moe_833/202209/t20220914_660828.html","2026-10-04","内容编辑与机制审核，未获逐方向专家签审"
"interdisciplinary-design-6","interdisciplinary-design","设计管理","工程约束、表达目标与使用者经验","cross","细分核对","原型版本、用户任务与失败路径","保留误操作、求助、放弃与完成记录","熟练测试者的成功被当成新手同样能完成","喜欢程度不能代替任务完成与使用条件","教育部：研究生教育学科专业目录（2022） [分类背景]","https://www.moe.gov.cn/srcsite/A22/moe_833/202209/t20220914_660828.html","2026-10-04","内容编辑与机制审核，未获逐方向专家签审"
"interdisciplinary-design-7","interdisciplinary-design","设计信息","工程约束、表达目标与使用者经验","cross","细分核对","原型版本、用户任务与失败路径","保留误操作、求助、放弃与完成记录","熟练测试者的成功被当成新手同样能完成","喜欢程度不能代替任务完成与使用条件","教育部：研究生教育学科专业目录（2022） [分类背景]","https://www.moe.gov.cn/srcsite/A22/moe_833/202209/t20220914_660828.html","2026-10-04","内容编辑与机制审核，未获逐方向专家签审"
"interdisciplinary-design-8","interdisciplinary-design","设计伦理","工程约束、表达目标与使用者经验","cross","细分核对","原型版本、用户任务与失败路径","保留误操作、求助、放弃与完成记录","熟练测试者的成功被当成新手同样能完成","喜欢程度不能代替任务完成与使用条件","教育部：研究生教育学科专业目录（2022） [分类背景]","https://www.moe.gov.cn/srcsite/A22/moe_833/202209/t20220914_660828.html","2026-10-04","内容编辑与机制审核，未获逐方向专家签审"
"interdisciplinary-design-9","interdisciplinary-design","设计与社会","工程约束、表达目标与使用者经验","cross","细分核对","原型版本、用户任务与失败路径","保留误操作、求助、放弃与完成记录","熟练测试者的成功被当成新手同样能完成","喜欢程度不能代替任务完成与使用条件","教育部：研究生教育学科专业目录（2022） [分类背景]","https://www.moe.gov.cn/srcsite/A22/moe_833/202209/t20220914_660828.html","2026-10-04","内容编辑与机制审核，未获逐方向专家签审"
"interdisciplinary-design-10","interdisciplinary-design","设计评价","工程约束、表达目标与使用者经验","cross","细分核对","原型版本、用户任务与失败路径","保留误操作、求助、放弃与完成记录","熟练测试者的成功被当成新手同样能完成","喜欢程度不能代替任务完成与使用条件","教育部：研究生教育学科专业目录（2022） [分类背景]","https://www.moe.gov.cn/srcsite/A22/moe_833/202209/t20220914_660828.html","2026-10-04","内容编辑与机制审核，未获逐方向专家签审"
"interdisciplinary-design-11","interdisciplinary-design","设计史","工程约束、表达目标与使用者经验","cross","细分核对","原型版本、用户任务与失败路径","保留误操作、求助、放弃与完成记录","熟练测试者的成功被当成新手同样能完成","喜欢程度不能代替任务完成与使用条件","教育部：研究生教育学科专业目录（2022） [分类背景]","https://www.moe.gov.cn/srcsite/A22/moe_833/202209/t20220914_660828.html","2026-10-04","内容编辑与机制审核，未获逐方向专家签审"
"interdisciplinary-design-12","interdisciplinary-design","跨学科设计协作","工程约束、表达目标与使用者经验","cross","细分核对","原型版本、用户任务与失败路径","保留误操作、求助、放弃与完成记录","熟练测试者的成功被当成新手同样能完成","喜欢程度不能代替任务完成与使用条件","教育部：研究生教育学科专业目录（2022） [分类背景]","https://www.moe.gov.cn/srcsite/A22/moe_833/202209/t20220914_660828.html","2026-10-04","内容编辑与机制审核，未获逐方向专家签审"
"remote-sensing-1","remote-sensing","遥感物理","空间分辨率、获取时点与参考资料","remote-sensing","细分核对","空间分辨率、地面参照与使用目标","分别核对测量尺度、生态对象与决策边界","像元变化被直接当成同尺度的生态机制","观测尺度与过程尺度需要独立连接","北京大学：自然地理与自然资源系 [相邻学科范围]","https://www.ues.pku.edu.cn/ztlm/zrdlyzrzyx/index.htm","2026-10-04","内容编辑与机制审核，未获逐方向专家签审"
"remote-sensing-2","remote-sensing","遥感信息获取","空间分辨率、获取时点与参考资料","remote-sensing","细分核对","空间分辨率、地面参照与使用目标","分别核对测量尺度、生态对象与决策边界","像元变化被直接当成同尺度的生态机制","观测尺度与过程尺度需要独立连接","北京大学：自然地理与自然资源系 [相邻学科范围]","https://www.ues.pku.edu.cn/ztlm/zrdlyzrzyx/index.htm","2026-10-04","内容编辑与机制审核，未获逐方向专家签审"
"remote-sensing-3","remote-sensing","遥感信息处理","空间分辨率、获取时点与参考资料","remote-sensing","细分核对","空间分辨率、地面参照与使用目标","分别核对测量尺度、生态对象与决策边界","像元变化被直接当成同尺度的生态机制","观测尺度与过程尺度需要独立连接","北京大学：自然地理与自然资源系 [相邻学科范围]","https://www.ues.pku.edu.cn/ztlm/zrdlyzrzyx/index.htm","2026-10-04","内容编辑与机制审核，未获逐方向专家签审"
"remote-sensing-4","remote-sensing","遥感应用","空间分辨率、获取时点与参考资料","remote-sensing","细分核对","空间分辨率、地面参照与使用目标","分别核对测量尺度、生态对象与决策边界","像元变化被直接当成同尺度的生态机制","观测尺度与过程尺度需要独立连接","北京大学：自然地理与自然资源系 [相邻学科范围]","https://www.ues.pku.edu.cn/ztlm/zrdlyzrzyx/index.htm","2026-10-04","内容编辑与机制审核，未获逐方向专家签审"
"remote-sensing-5","remote-sensing","遥感标定","空间分辨率、获取时点与参考资料","remote-sensing","细分核对","空间分辨率、地面参照与使用目标","分别核对测量尺度、生态对象与决策边界","像元变化被直接当成同尺度的生态机制","观测尺度与过程尺度需要独立连接","北京大学：自然地理与自然资源系 [相邻学科范围]","https://www.ues.pku.edu.cn/ztlm/zrdlyzrzyx/index.htm","2026-10-04","内容编辑与机制审核，未获逐方向专家签审"
"remote-sensing-6","remote-sensing","遥感反演","空间分辨率、获取时点与参考资料","remote-sensing","细分核对","空间分辨率、地面参照与使用目标","分别核对测量尺度、生态对象与决策边界","像元变化被直接当成同尺度的生态机制","观测尺度与过程尺度需要独立连接","北京大学：自然地理与自然资源系 [相邻学科范围]","https://www.ues.pku.edu.cn/ztlm/zrdlyzrzyx/index.htm","2026-10-04","内容编辑与机制审核，未获逐方向专家签审"
"remote-sensing-7","remote-sensing","遥感时序","空间分辨率、获取时点与参考资料","remote-sensing","细分核对","空间分辨率、地面参照与使用目标","分别核对测量尺度、生态对象与决策边界","像元变化被直接当成同尺度的生态机制","观测尺度与过程尺度需要独立连接","北京大学：自然地理与自然资源系 [相邻学科范围]","https://www.ues.pku.edu.cn/ztlm/zrdlyzrzyx/index.htm","2026-10-04","内容编辑与机制审核，未获逐方向专家签审"
"remote-sensing-8","remote-sensing","多源遥感","空间分辨率、获取时点与参考资料","remote-sensing","细分核对","空间分辨率、地面参照与使用目标","分别核对测量尺度、生态对象与决策边界","像元变化被直接当成同尺度的生态机制","观测尺度与过程尺度需要独立连接","北京大学：自然地理与自然资源系 [相邻学科范围]","https://www.ues.pku.edu.cn/ztlm/zrdlyzrzyx/index.htm","2026-10-04","内容编辑与机制审核，未获逐方向专家签审"
"remote-sensing-9","remote-sensing","遥感精度评价","空间分辨率、获取时点与参考资料","remote-sensing","细分核对","空间分辨率、地面参照与使用目标","分别核对测量尺度、生态对象与决策边界","像元变化被直接当成同尺度的生态机制","观测尺度与过程尺度需要独立连接","北京大学：自然地理与自然资源系 [相邻学科范围]","https://www.ues.pku.edu.cn/ztlm/zrdlyzrzyx/index.htm","2026-10-04","内容编辑与机制审核，未获逐方向专家签审"
"remote-sensing-10","remote-sensing","遥感资料质量","空间分辨率、获取时点与参考资料","remote-sensing","细分核对","空间分辨率、地面参照与使用目标","分别核对测量尺度、生态对象与决策边界","像元变化被直接当成同尺度的生态机制","观测尺度与过程尺度需要独立连接","北京大学：自然地理与自然资源系 [相邻学科范围]","https://www.ues.pku.edu.cn/ztlm/zrdlyzrzyx/index.htm","2026-10-04","内容编辑与机制审核，未获逐方向专家签审"
"remote-sensing-11","remote-sensing","遥感与社会","空间分辨率、获取时点与参考资料","remote-sensing","细分核对","空间分辨率、地面参照与使用目标","分别核对测量尺度、生态对象与决策边界","像元变化被直接当成同尺度的生态机制","观测尺度与过程尺度需要独立连接","北京大学：自然地理与自然资源系 [相邻学科范围]","https://www.ues.pku.edu.cn/ztlm/zrdlyzrzyx/index.htm","2026-10-04","内容编辑与机制审核，未获逐方向专家签审"
"remote-sensing-12","remote-sensing","遥感科学史","空间分辨率、获取时点与参考资料","remote-sensing","细分核对","空间分辨率、地面参照与使用目标","分别核对测量尺度、生态对象与决策边界","像元变化被直接当成同尺度的生态机制","观测尺度与过程尺度需要独立连接","北京大学：自然地理与自然资源系 [相邻学科范围]","https://www.ues.pku.edu.cn/ztlm/zrdlyzrzyx/index.htm","2026-10-04","内容编辑与机制审核，未获逐方向专家签审"
"vehicle-engineering-1","vehicle-engineering","车辆结构","使用工况、车辆版本与测试范围","mechanical","共享主题模块","工况、台架日志与接口版本","对照载荷范围、控制条件和实际接口","新接口下的失败被归到原来的模型上","演示通过不能证明所有工况下有效","MIT开放课程：力学与材料教学大纲 [基础方法课程]","https://ocw.mit.edu/courses/2-001-mechanics-materials-i-fall-2006/pages/syllabus/","2026-10-04","内容编辑与机制审核，未获逐方向专家签审"
"vehicle-engineering-2","vehicle-engineering","车辆动力学","使用工况、车辆版本与测试范围","mechanical","共享主题模块","工况、台架日志与接口版本","对照载荷范围、控制条件和实际接口","新接口下的失败被归到原来的模型上","演示通过不能证明所有工况下有效","MIT开放课程：力学与材料教学大纲 [基础方法课程]","https://ocw.mit.edu/courses/2-001-mechanics-materials-i-fall-2006/pages/syllabus/","2026-10-04","内容编辑与机制审核，未获逐方向专家签审"
"vehicle-engineering-3","vehicle-engineering","车辆可靠性","使用工况、车辆版本与测试范围","mechanical","共享主题模块","工况、台架日志与接口版本","对照载荷范围、控制条件和实际接口","新接口下的失败被归到原来的模型上","演示通过不能证明所有工况下有效","MIT开放课程：力学与材料教学大纲 [基础方法课程]","https://ocw.mit.edu/courses/2-001-mechanics-materials-i-fall-2006/pages/syllabus/","2026-10-04","内容编辑与机制审核，未获逐方向专家签审"
"vehicle-engineering-4","vehicle-engineering","车辆人因","使用工况、车辆版本与测试范围","mechanical","共享主题模块","工况、台架日志与接口版本","对照载荷范围、控制条件和实际接口","新接口下的失败被归到原来的模型上","演示通过不能证明所有工况下有效","MIT开放课程：力学与材料教学大纲 [基础方法课程]","https://ocw.mit.edu/courses/2-001-mechanics-materials-i-fall-2006/pages/syllabus/","2026-10-04","内容编辑与机制审核，未获逐方向专家签审"
"vehicle-engineering-5","vehicle-engineering","车辆电子","使用工况、车辆版本与测试范围","electronics","共享主题模块","信号标定、器件状态与测试条件","把仿真参数与实际测量条件逐项对应","两次测量的信号差异来自标定版本","仿真和台架表现不能直接代替现场可靠性","清华计算机系：科研方向 [学科范围]；北京大学物理学院：研究领域 [学科范围]","https://www.cs.tsinghua.edu.cn/kxyj/kyfx.htm；https://english.phy.pku.edu.cn/Research/Research_Areas.htm","2026-10-04","内容编辑与机制审核，未获逐方向专家签审"
"vehicle-engineering-6","vehicle-engineering","车辆能源评价","使用工况、车辆版本与测试范围","mechanical","共享主题模块","工况、台架日志与接口版本","对照载荷范围、控制条件和实际接口","新接口下的失败被归到原来的模型上","演示通过不能证明所有工况下有效","MIT开放课程：力学与材料教学大纲 [基础方法课程]","https://ocw.mit.edu/courses/2-001-mechanics-materials-i-fall-2006/pages/syllabus/","2026-10-04","内容编辑与机制审核，未获逐方向专家签审"
"vehicle-engineering-7","vehicle-engineering","车辆制造评价","使用工况、车辆版本与测试范围","mechanical","共享主题模块","工况、台架日志与接口版本","对照载荷范围、控制条件和实际接口","新接口下的失败被归到原来的模型上","演示通过不能证明所有工况下有效","MIT开放课程：力学与材料教学大纲 [基础方法课程]","https://ocw.mit.edu/courses/2-001-mechanics-materials-i-fall-2006/pages/syllabus/","2026-10-04","内容编辑与机制审核，未获逐方向专家签审"
"vehicle-engineering-8","vehicle-engineering","车辆交通协作","使用工况、车辆版本与测试范围","mechanical","共享主题模块","工况、台架日志与接口版本","对照载荷范围、控制条件和实际接口","新接口下的失败被归到原来的模型上","演示通过不能证明所有工况下有效","MIT开放课程：力学与材料教学大纲 [基础方法课程]","https://ocw.mit.edu/courses/2-001-mechanics-materials-i-fall-2006/pages/syllabus/","2026-10-04","内容编辑与机制审核，未获逐方向专家签审"
"vehicle-engineering-9","vehicle-engineering","车辆测试资料","使用工况、车辆版本与测试范围","mechanical","共享主题模块","工况、台架日志与接口版本","对照载荷范围、控制条件和实际接口","新接口下的失败被归到原来的模型上","演示通过不能证明所有工况下有效","MIT开放课程：力学与材料教学大纲 [基础方法课程]","https://ocw.mit.edu/courses/2-001-mechanics-materials-i-fall-2006/pages/syllabus/","2026-10-04","内容编辑与机制审核，未获逐方向专家签审"
"vehicle-engineering-10","vehicle-engineering","车辆数字模型","使用工况、车辆版本与测试范围","mechanical","共享主题模块","工况、台架日志与接口版本","对照载荷范围、控制条件和实际接口","新接口下的失败被归到原来的模型上","演示通过不能证明所有工况下有效","MIT开放课程：力学与材料教学大纲 [基础方法课程]","https://ocw.mit.edu/courses/2-001-mechanics-materials-i-fall-2006/pages/syllabus/","2026-10-04","内容编辑与机制审核，未获逐方向专家签审"
"vehicle-engineering-11","vehicle-engineering","车辆工程史","使用工况、车辆版本与测试范围","mechanical","共享主题模块","工况、台架日志与接口版本","对照载荷范围、控制条件和实际接口","新接口下的失败被归到原来的模型上","演示通过不能证明所有工况下有效","MIT开放课程：力学与材料教学大纲 [基础方法课程]","https://ocw.mit.edu/courses/2-001-mechanics-materials-i-fall-2006/pages/syllabus/","2026-10-04","内容编辑与机制审核，未获逐方向专家签审"
"vehicle-engineering-12","vehicle-engineering","车辆可及性","使用工况、车辆版本与测试范围","mechanical","共享主题模块","工况、台架日志与接口版本","对照载荷范围、控制条件和实际接口","新接口下的失败被归到原来的模型上","演示通过不能证明所有工况下有效","MIT开放课程：力学与材料教学大纲 [基础方法课程]","https://ocw.mit.edu/courses/2-001-mechanics-materials-i-fall-2006/pages/syllabus/","2026-10-04","内容编辑与机制审核，未获逐方向专家签审"
"chinese-philosophy-1","chinese-philosophy","先秦哲学","原典版本、概念语境与论证关系","philosophical-history","共享主题模块","原典版本、术语译法与思想语境","分开原典用词、后世解释与现代重构","现代译词让两段原典看起来讨论同一个概念","译词相同不能独立证明概念连续或立场相同","北京大学哲学系：招生专业及方向 [学科范围]；北京大学历史学系：学科介绍 [学科范围]","https://admission.pku.edu.cn/zsxx/lxszs/lxszyml/2026/ss/zsml_ss_lxs_cn_00023.pdf；https://history.pku.edu.cn/bxgk/xkjj/index.htm","2026-10-04","内容编辑与机制审核，未获逐方向专家签审"
"chinese-philosophy-2","chinese-philosophy","经学哲学","原典版本、概念语境与论证关系","philosophical-history","共享主题模块","原典版本、术语译法与思想语境","分开原典用词、后世解释与现代重构","现代译词让两段原典看起来讨论同一个概念","译词相同不能独立证明概念连续或立场相同","北京大学哲学系：招生专业及方向 [学科范围]；北京大学历史学系：学科介绍 [学科范围]","https://admission.pku.edu.cn/zsxx/lxszs/lxszyml/2026/ss/zsml_ss_lxs_cn_00023.pdf；https://history.pku.edu.cn/bxgk/xkjj/index.htm","2026-10-04","内容编辑与机制审核，未获逐方向专家签审"
"chinese-philosophy-3","chinese-philosophy","宋明理学","原典版本、概念语境与论证关系","philosophical-history","共享主题模块","原典版本、术语译法与思想语境","分开原典用词、后世解释与现代重构","现代译词让两段原典看起来讨论同一个概念","译词相同不能独立证明概念连续或立场相同","北京大学哲学系：招生专业及方向 [学科范围]；北京大学历史学系：学科介绍 [学科范围]","https://admission.pku.edu.cn/zsxx/lxszs/lxszyml/2026/ss/zsml_ss_lxs_cn_00023.pdf；https://history.pku.edu.cn/bxgk/xkjj/index.htm","2026-10-04","内容编辑与机制审核，未获逐方向专家签审"
"chinese-philosophy-4","chinese-philosophy","中国近代哲学","原典版本、概念语境与论证关系","philosophical-history","细分核对","原典段落、注疏年代与译词对照","区分原典用法、后世注疏与现代重构","现代同一译词覆盖了两种不同的历史用法","译词相同不能证明概念或实践相同","北京大学哲学系：招生专业及方向 [学科范围]；北京大学历史学系：学科介绍 [学科范围]","https://admission.pku.edu.cn/zsxx/lxszs/lxszyml/2026/ss/zsml_ss_lxs_cn_00023.pdf；https://history.pku.edu.cn/bxgk/xkjj/index.htm","2026-10-04","内容编辑与机制审核，未获逐方向专家签审"
"chinese-philosophy-5","chinese-philosophy","中国现代哲学","原典版本、概念语境与论证关系","philosophical-history","细分核对","原典段落、注疏年代与译词对照","区分原典用法、后世注疏与现代重构","现代同一译词覆盖了两种不同的历史用法","译词相同不能证明概念或实践相同","北京大学哲学系：招生专业及方向 [学科范围]；北京大学历史学系：学科介绍 [学科范围]","https://admission.pku.edu.cn/zsxx/lxszs/lxszyml/2026/ss/zsml_ss_lxs_cn_00023.pdf；https://history.pku.edu.cn/bxgk/xkjj/index.htm","2026-10-04","内容编辑与机制审核，未获逐方向专家签审"
"chinese-philosophy-6","chinese-philosophy","道家哲学","原典版本、概念语境与论证关系","philosophical-history","细分核对","原典段落、注疏年代与译词对照","区分原典用法、后世注疏与现代重构","现代同一译词覆盖了两种不同的历史用法","译词相同不能证明概念或实践相同","北京大学哲学系：招生专业及方向 [学科范围]；北京大学历史学系：学科介绍 [学科范围]","https://admission.pku.edu.cn/zsxx/lxszs/lxszyml/2026/ss/zsml_ss_lxs_cn_00023.pdf；https://history.pku.edu.cn/bxgk/xkjj/index.htm","2026-10-04","内容编辑与机制审核，未获逐方向专家签审"
"chinese-philosophy-7","chinese-philosophy","佛教哲学","原典版本、概念语境与论证关系","philosophical-history","细分核对","原典段落、注疏年代与译词对照","区分原典用法、后世注疏与现代重构","现代同一译词覆盖了两种不同的历史用法","译词相同不能证明概念或实践相同","北京大学哲学系：招生专业及方向 [学科范围]；北京大学历史学系：学科介绍 [学科范围]","https://admission.pku.edu.cn/zsxx/lxszs/lxszyml/2026/ss/zsml_ss_lxs_cn_00023.pdf；https://history.pku.edu.cn/bxgk/xkjj/index.htm","2026-10-04","内容编辑与机制审核，未获逐方向专家签审"
"chinese-philosophy-8","chinese-philosophy","儒家伦理","原典版本、概念语境与论证关系","ethics","细分核对","原典段落、注疏年代与译词对照","区分原典用法、后世注疏与现代重构","现代同一译词覆盖了两种不同的历史用法","译词相同不能证明概念或实践相同","北京大学哲学系：招生专业及方向 [学科范围]","https://admission.pku.edu.cn/zsxx/lxszs/lxszyml/2026/ss/zsml_ss_lxs_cn_00023.pdf","2026-10-04","内容编辑与机制审核，未获逐方向专家签审"
"chinese-philosophy-9","chinese-philosophy","中国逻辑史","原典版本、概念语境与论证关系","logic","细分核对","原典段落、注疏年代与译词对照","区分原典用法、后世注疏与现代重构","现代同一译词覆盖了两种不同的历史用法","译词相同不能证明概念或实践相同","北京大学逻辑学：研究生课程 [课程范围]","https://logic.pku.edu.cn/rcpy/courses/yjskc/index.htm","2026-10-04","内容编辑与机制审核，未获逐方向专家签审"
"chinese-philosophy-10","chinese-philosophy","经典诠释","原典版本、概念语境与论证关系","philosophical-history","共享主题模块","原典版本、术语译法与思想语境","分开原典用词、后世解释与现代重构","现代译词让两段原典看起来讨论同一个概念","译词相同不能独立证明概念连续或立场相同","北京大学哲学系：招生专业及方向 [学科范围]；北京大学历史学系：学科介绍 [学科范围]","https://admission.pku.edu.cn/zsxx/lxszs/lxszyml/2026/ss/zsml_ss_lxs_cn_00023.pdf；https://history.pku.edu.cn/bxgk/xkjj/index.htm","2026-10-04","内容编辑与机制审核，未获逐方向专家签审"
"chinese-philosophy-11","chinese-philosophy","中西哲学比较","原典版本、概念语境与论证关系","philosophical-history","共享主题模块","原典版本、术语译法与思想语境","分开原典用词、后世解释与现代重构","现代译词让两段原典看起来讨论同一个概念","译词相同不能独立证明概念连续或立场相同","北京大学哲学系：招生专业及方向 [学科范围]；北京大学历史学系：学科介绍 [学科范围]","https://admission.pku.edu.cn/zsxx/lxszs/lxszyml/2026/ss/zsml_ss_lxs_cn_00023.pdf；https://history.pku.edu.cn/bxgk/xkjj/index.htm","2026-10-04","内容编辑与机制审核，未获逐方向专家签审"
"chinese-philosophy-12","chinese-philosophy","中国哲学文献","原典版本、概念语境与论证关系","philosophical-history","细分核对","原典段落、注疏年代与译词对照","区分原典用法、后世注疏与现代重构","现代同一译词覆盖了两种不同的历史用法","译词相同不能证明概念或实践相同","北京大学哲学系：招生专业及方向 [学科范围]；北京大学历史学系：学科介绍 [学科范围]","https://admission.pku.edu.cn/zsxx/lxszs/lxszyml/2026/ss/zsml_ss_lxs_cn_00023.pdf；https://history.pku.edu.cn/bxgk/xkjj/index.htm","2026-10-04","内容编辑与机制审核，未获逐方向专家签审"
"western-philosophy-1","western-philosophy","古希腊哲学","原语术语、思想脉络与解释分歧","aesthetic","共享主题模块","作品语境、评价语汇与解释文本","区分作品特征、解释依据与价值判断","一位评论者的评价被当成了作品唯一的意义","流行程度不能独立决定审美价值或解释成立","北京大学哲学系：招生专业及方向 [学科范围]；中央美术学院：人文学院 [相邻学科范围]","https://admission.pku.edu.cn/zsxx/lxszs/lxszyml/2026/ss/zsml_ss_lxs_cn_00023.pdf；https://www.cafa.edu.cn/sp/nljg/?j=151","2026-10-04","内容编辑与机制审核，未获逐方向专家签审"
"western-philosophy-2","western-philosophy","中世纪哲学","原语术语、思想脉络与解释分歧","aesthetic","共享主题模块","作品语境、评价语汇与解释文本","区分作品特征、解释依据与价值判断","一位评论者的评价被当成了作品唯一的意义","流行程度不能独立决定审美价值或解释成立","北京大学哲学系：招生专业及方向 [学科范围]；中央美术学院：人文学院 [相邻学科范围]","https://admission.pku.edu.cn/zsxx/lxszs/lxszyml/2026/ss/zsml_ss_lxs_cn_00023.pdf；https://www.cafa.edu.cn/sp/nljg/?j=151","2026-10-04","内容编辑与机制审核，未获逐方向专家签审"
"western-philosophy-3","western-philosophy","近代哲学","原语术语、思想脉络与解释分歧","aesthetic","共享主题模块","作品语境、评价语汇与解释文本","区分作品特征、解释依据与价值判断","一位评论者的评价被当成了作品唯一的意义","流行程度不能独立决定审美价值或解释成立","北京大学哲学系：招生专业及方向 [学科范围]；中央美术学院：人文学院 [相邻学科范围]","https://admission.pku.edu.cn/zsxx/lxszs/lxszyml/2026/ss/zsml_ss_lxs_cn_00023.pdf；https://www.cafa.edu.cn/sp/nljg/?j=151","2026-10-04","内容编辑与机制审核，未获逐方向专家签审"
"western-philosophy-4","western-philosophy","德国古典哲学","原语术语、思想脉络与解释分歧","aesthetic","共享主题模块","作品语境、评价语汇与解释文本","区分作品特征、解释依据与价值判断","一位评论者的评价被当成了作品唯一的意义","流行程度不能独立决定审美价值或解释成立","北京大学哲学系：招生专业及方向 [学科范围]；中央美术学院：人文学院 [相邻学科范围]","https://admission.pku.edu.cn/zsxx/lxszs/lxszyml/2026/ss/zsml_ss_lxs_cn_00023.pdf；https://www.cafa.edu.cn/sp/nljg/?j=151","2026-10-04","内容编辑与机制审核，未获逐方向专家签审"
"western-philosophy-5","western-philosophy","现象学","原语术语、思想脉络与解释分歧","aesthetic","共享主题模块","作品语境、评价语汇与解释文本","区分作品特征、解释依据与价值判断","一位评论者的评价被当成了作品唯一的意义","流行程度不能独立决定审美价值或解释成立","北京大学哲学系：招生专业及方向 [学科范围]；中央美术学院：人文学院 [相邻学科范围]","https://admission.pku.edu.cn/zsxx/lxszs/lxszyml/2026/ss/zsml_ss_lxs_cn_00023.pdf；https://www.cafa.edu.cn/sp/nljg/?j=151","2026-10-04","内容编辑与机制审核，未获逐方向专家签审"
"western-philosophy-6","western-philosophy","解释学","原语术语、思想脉络与解释分歧","aesthetic","共享主题模块","作品语境、评价语汇与解释文本","区分作品特征、解释依据与价值判断","一位评论者的评价被当成了作品唯一的意义","流行程度不能独立决定审美价值或解释成立","北京大学哲学系：招生专业及方向 [学科范围]；中央美术学院：人文学院 [相邻学科范围]","https://admission.pku.edu.cn/zsxx/lxszs/lxszyml/2026/ss/zsml_ss_lxs_cn_00023.pdf；https://www.cafa.edu.cn/sp/nljg/?j=151","2026-10-04","内容编辑与机制审核，未获逐方向专家签审"
"western-philosophy-7","western-philosophy","实用主义","原语术语、思想脉络与解释分歧","aesthetic","共享主题模块","作品语境、评价语汇与解释文本","区分作品特征、解释依据与价值判断","一位评论者的评价被当成了作品唯一的意义","流行程度不能独立决定审美价值或解释成立","北京大学哲学系：招生专业及方向 [学科范围]；中央美术学院：人文学院 [相邻学科范围]","https://admission.pku.edu.cn/zsxx/lxszs/lxszyml/2026/ss/zsml_ss_lxs_cn_00023.pdf；https://www.cafa.edu.cn/sp/nljg/?j=151","2026-10-04","内容编辑与机制审核，未获逐方向专家签审"
"western-philosophy-8","western-philosophy","分析哲学","原语术语、思想脉络与解释分歧","aesthetic","共享主题模块","作品语境、评价语汇与解释文本","区分作品特征、解释依据与价值判断","一位评论者的评价被当成了作品唯一的意义","流行程度不能独立决定审美价值或解释成立","北京大学哲学系：招生专业及方向 [学科范围]；中央美术学院：人文学院 [相邻学科范围]","https://admission.pku.edu.cn/zsxx/lxszs/lxszyml/2026/ss/zsml_ss_lxs_cn_00023.pdf；https://www.cafa.edu.cn/sp/nljg/?j=151","2026-10-04","内容编辑与机制审核，未获逐方向专家签审"
"western-philosophy-9","western-philosophy","美学原理","原语术语、思想脉络与解释分歧","aesthetic","共享主题模块","作品语境、评价语汇与解释文本","区分作品特征、解释依据与价值判断","一位评论者的评价被当成了作品唯一的意义","流行程度不能独立决定审美价值或解释成立","北京大学哲学系：招生专业及方向 [学科范围]；中央美术学院：人文学院 [相邻学科范围]","https://admission.pku.edu.cn/zsxx/lxszs/lxszyml/2026/ss/zsml_ss_lxs_cn_00023.pdf；https://www.cafa.edu.cn/sp/nljg/?j=151","2026-10-04","内容编辑与机制审核，未获逐方向专家签审"
"western-philosophy-10","western-philosophy","艺术哲学","原语术语、思想脉络与解释分歧","aesthetic","共享主题模块","作品语境、评价语汇与解释文本","区分作品特征、解释依据与价值判断","一位评论者的评价被当成了作品唯一的意义","流行程度不能独立决定审美价值或解释成立","北京大学哲学系：招生专业及方向 [学科范围]；中央美术学院：人文学院 [相邻学科范围]","https://admission.pku.edu.cn/zsxx/lxszs/lxszyml/2026/ss/zsml_ss_lxs_cn_00023.pdf；https://www.cafa.edu.cn/sp/nljg/?j=151","2026-10-04","内容编辑与机制审核，未获逐方向专家签审"
"western-philosophy-11","western-philosophy","审美经验","原语术语、思想脉络与解释分歧","aesthetic","共享主题模块","作品语境、评价语汇与解释文本","区分作品特征、解释依据与价值判断","一位评论者的评价被当成了作品唯一的意义","流行程度不能独立决定审美价值或解释成立","北京大学哲学系：招生专业及方向 [学科范围]；中央美术学院：人文学院 [相邻学科范围]","https://admission.pku.edu.cn/zsxx/lxszs/lxszyml/2026/ss/zsml_ss_lxs_cn_00023.pdf；https://www.cafa.edu.cn/sp/nljg/?j=151","2026-10-04","内容编辑与机制审核，未获逐方向专家签审"
"western-philosophy-12","western-philosophy","技术哲学","原语术语、思想脉络与解释分歧","aesthetic","共享主题模块","作品语境、评价语汇与解释文本","区分作品特征、解释依据与价值判断","一位评论者的评价被当成了作品唯一的意义","流行程度不能独立决定审美价值或解释成立","北京大学哲学系：招生专业及方向 [学科范围]；中央美术学院：人文学院 [相邻学科范围]","https://admission.pku.edu.cn/zsxx/lxszs/lxszyml/2026/ss/zsml_ss_lxs_cn_00023.pdf；https://www.cafa.edu.cn/sp/nljg/?j=151","2026-10-04","内容编辑与机制审核，未获逐方向专家签审"
"tax-studies-1","tax-studies","税制比较","制度时点、税基口径与归宿假设","economics","细分核对","税前税后价格、纳税主体与消费构成","分开法定纳税义务与实际经济负担","谁缴税被直接写成谁承担全部成本","税负归宿需要价格和行为证据","北京大学经济学院：学科专业 [学科范围]","https://econ.pku.edu.cn/xkzy/index.htm","2026-10-04","内容编辑与机制审核，未获逐方向专家签审"
"tax-studies-2","tax-studies","企业税收资料","制度时点、税基口径与归宿假设","economics","细分核对","税前税后价格、纳税主体与消费构成","分开法定纳税义务与实际经济负担","谁缴税被直接写成谁承担全部成本","税负归宿需要价格和行为证据","北京大学经济学院：学科专业 [学科范围]","https://econ.pku.edu.cn/xkzy/index.htm","2026-10-04","内容编辑与机制审核，未获逐方向专家签审"
"tax-studies-3","tax-studies","个人税收资料","制度时点、税基口径与归宿假设","economics","细分核对","税前税后价格、纳税主体与消费构成","分开法定纳税义务与实际经济负担","谁缴税被直接写成谁承担全部成本","税负归宿需要价格和行为证据","北京大学经济学院：学科专业 [学科范围]","https://econ.pku.edu.cn/xkzy/index.htm","2026-10-04","内容编辑与机制审核，未获逐方向专家签审"
"tax-studies-4","tax-studies","税收遵从","制度时点、税基口径与归宿假设","economics","细分核对","税前税后价格、纳税主体与消费构成","分开法定纳税义务与实际经济负担","谁缴税被直接写成谁承担全部成本","税负归宿需要价格和行为证据","北京大学经济学院：学科专业 [学科范围]","https://econ.pku.edu.cn/xkzy/index.htm","2026-10-04","内容编辑与机制审核，未获逐方向专家签审"
"tax-studies-5","tax-studies","税收公平","制度时点、税基口径与归宿假设","economics","细分核对","税前税后价格、纳税主体与消费构成","分开法定纳税义务与实际经济负担","谁缴税被直接写成谁承担全部成本","税负归宿需要价格和行为证据","北京大学经济学院：学科专业 [学科范围]","https://econ.pku.edu.cn/xkzy/index.htm","2026-10-04","内容编辑与机制审核，未获逐方向专家签审"
"tax-studies-6","tax-studies","税收归宿","制度时点、税基口径与归宿假设","economics","细分核对","税前税后价格、纳税主体与消费构成","分开法定纳税义务与实际经济负担","谁缴税被直接写成谁承担全部成本","税负归宿需要价格和行为证据","北京大学经济学院：学科专业 [学科范围]","https://econ.pku.edu.cn/xkzy/index.htm","2026-10-04","内容编辑与机制审核，未获逐方向专家签审"
"tax-studies-7","tax-studies","地方财政","制度时点、税基口径与归宿假设","economics","细分核对","税前税后价格、纳税主体与消费构成","分开法定纳税义务与实际经济负担","谁缴税被直接写成谁承担全部成本","税负归宿需要价格和行为证据","北京大学经济学院：学科专业 [学科范围]","https://econ.pku.edu.cn/xkzy/index.htm","2026-10-04","内容编辑与机制审核，未获逐方向专家签审"
"tax-studies-8","tax-studies","公共预算","制度时点、税基口径与归宿假设","economics","共享主题模块","分配规则、样本来源与比较组记录","核对选择过程与政策时点，区分描述和识别","参与者原本就与未参与者不同","相关关系不能直接写成政策因果效果","北京大学经济学院：学科专业 [学科范围]","https://econ.pku.edu.cn/xkzy/index.htm","2026-10-04","内容编辑与机制审核，未获逐方向专家签审"
"tax-studies-9","tax-studies","税收数字化","制度时点、税基口径与归宿假设","economics","细分核对","税前税后价格、纳税主体与消费构成","分开法定纳税义务与实际经济负担","谁缴税被直接写成谁承担全部成本","税负归宿需要价格和行为证据","北京大学经济学院：学科专业 [学科范围]","https://econ.pku.edu.cn/xkzy/index.htm","2026-10-04","内容编辑与机制审核，未获逐方向专家签审"
"tax-studies-10","tax-studies","税务服务评价","制度时点、税基口径与归宿假设","economics","细分核对","税前税后价格、纳税主体与消费构成","分开法定纳税义务与实际经济负担","谁缴税被直接写成谁承担全部成本","税负归宿需要价格和行为证据","北京大学经济学院：学科专业 [学科范围]","https://econ.pku.edu.cn/xkzy/index.htm","2026-10-04","内容编辑与机制审核，未获逐方向专家签审"
"tax-studies-11","tax-studies","跨境税制资料","制度时点、税基口径与归宿假设","economics","细分核对","税前税后价格、纳税主体与消费构成","分开法定纳税义务与实际经济负担","谁缴税被直接写成谁承担全部成本","税负归宿需要价格和行为证据","北京大学经济学院：学科专业 [学科范围]","https://econ.pku.edu.cn/xkzy/index.htm","2026-10-04","内容编辑与机制审核，未获逐方向专家签审"
"tax-studies-12","tax-studies","税收史","制度时点、税基口径与归宿假设","economics","细分核对","税前税后价格、纳税主体与消费构成","分开法定纳税义务与实际经济负担","谁缴税被直接写成谁承担全部成本","税负归宿需要价格和行为证据","北京大学经济学院：学科专业 [学科范围]","https://econ.pku.edu.cn/xkzy/index.htm","2026-10-04","内容编辑与机制审核，未获逐方向专家签审"
"insurance-studies-1","insurance-studies","寿险模型","风险暴露、赔付窗口与模型假设","finance","共享主题模块","信息发布时间、风险口径与会计定义","对齐信息可获得时间，保留口径变化","评价用了当时尚未公开的信息","回看表现不等于事前决策能达到同样结果","北京大学经济学院：学科专业 [学科范围]；浙江大学管理学院：研究介绍 [学科范围]","https://econ.pku.edu.cn/xkzy/index.htm；https://www.som.zju.edu.cn/2025/0506/c63512a3045953/page.htm","2026-10-04","内容编辑与机制审核，未获逐方向专家签审"
"insurance-studies-2","insurance-studies","非寿险模型","风险暴露、赔付窗口与模型假设","finance","共享主题模块","信息发布时间、风险口径与会计定义","对齐信息可获得时间，保留口径变化","评价用了当时尚未公开的信息","回看表现不等于事前决策能达到同样结果","北京大学经济学院：学科专业 [学科范围]；浙江大学管理学院：研究介绍 [学科范围]","https://econ.pku.edu.cn/xkzy/index.htm；https://www.som.zju.edu.cn/2025/0506/c63512a3045953/page.htm","2026-10-04","内容编辑与机制审核，未获逐方向专家签审"
"insurance-studies-3","insurance-studies","健康保险资料","风险暴露、赔付窗口与模型假设","finance","细分核对","投保选择、赔付时点与删失记录","区分风险进入、赔付发展与观察不足","尚未报出的赔付被记作最终没有赔付","当前报出金额不等于最终赔付","北京大学经济学院：学科专业 [学科范围]；浙江大学管理学院：研究介绍 [学科范围]","https://econ.pku.edu.cn/xkzy/index.htm；https://www.som.zju.edu.cn/2025/0506/c63512a3045953/page.htm","2026-10-04","内容编辑与机制审核，未获逐方向专家签审"
"insurance-studies-4","insurance-studies","再保险研究","风险暴露、赔付窗口与模型假设","finance","细分核对","投保选择、赔付时点与删失记录","区分风险进入、赔付发展与观察不足","尚未报出的赔付被记作最终没有赔付","当前报出金额不等于最终赔付","北京大学经济学院：学科专业 [学科范围]；浙江大学管理学院：研究介绍 [学科范围]","https://econ.pku.edu.cn/xkzy/index.htm；https://www.som.zju.edu.cn/2025/0506/c63512a3045953/page.htm","2026-10-04","内容编辑与机制审核，未获逐方向专家签审"
"insurance-studies-5","insurance-studies","保险需求","风险暴露、赔付窗口与模型假设","finance","细分核对","投保选择、赔付时点与删失记录","区分风险进入、赔付发展与观察不足","尚未报出的赔付被记作最终没有赔付","当前报出金额不等于最终赔付","北京大学经济学院：学科专业 [学科范围]；浙江大学管理学院：研究介绍 [学科范围]","https://econ.pku.edu.cn/xkzy/index.htm；https://www.som.zju.edu.cn/2025/0506/c63512a3045953/page.htm","2026-10-04","内容编辑与机制审核，未获逐方向专家签审"
"insurance-studies-6","insurance-studies","保险定价资料","风险暴露、赔付窗口与模型假设","finance","细分核对","投保选择、赔付时点与删失记录","区分风险进入、赔付发展与观察不足","尚未报出的赔付被记作最终没有赔付","当前报出金额不等于最终赔付","北京大学经济学院：学科专业 [学科范围]；浙江大学管理学院：研究介绍 [学科范围]","https://econ.pku.edu.cn/xkzy/index.htm；https://www.som.zju.edu.cn/2025/0506/c63512a3045953/page.htm","2026-10-04","内容编辑与机制审核，未获逐方向专家签审"
"insurance-studies-7","insurance-studies","赔付资料","风险暴露、赔付窗口与模型假设","finance","共享主题模块","信息发布时间、风险口径与会计定义","对齐信息可获得时间，保留口径变化","评价用了当时尚未公开的信息","回看表现不等于事前决策能达到同样结果","北京大学经济学院：学科专业 [学科范围]；浙江大学管理学院：研究介绍 [学科范围]","https://econ.pku.edu.cn/xkzy/index.htm；https://www.som.zju.edu.cn/2025/0506/c63512a3045953/page.htm","2026-10-04","内容编辑与机制审核，未获逐方向专家签审"
"insurance-studies-8","insurance-studies","保险风险","风险暴露、赔付窗口与模型假设","finance","细分核对","投保选择、赔付时点与删失记录","区分风险进入、赔付发展与观察不足","尚未报出的赔付被记作最终没有赔付","当前报出金额不等于最终赔付","北京大学经济学院：学科专业 [学科范围]；浙江大学管理学院：研究介绍 [学科范围]","https://econ.pku.edu.cn/xkzy/index.htm；https://www.som.zju.edu.cn/2025/0506/c63512a3045953/page.htm","2026-10-04","内容编辑与机制审核，未获逐方向专家签审"
"insurance-studies-9","insurance-studies","精算模型评价","风险暴露、赔付窗口与模型假设","finance","细分核对","投保选择、赔付时点与删失记录","区分风险进入、赔付发展与观察不足","尚未报出的赔付被记作最终没有赔付","当前报出金额不等于最终赔付","北京大学经济学院：学科专业 [学科范围]；浙江大学管理学院：研究介绍 [学科范围]","https://econ.pku.edu.cn/xkzy/index.htm；https://www.som.zju.edu.cn/2025/0506/c63512a3045953/page.htm","2026-10-04","内容编辑与机制审核，未获逐方向专家签审"
"insurance-studies-10","insurance-studies","保险制度史","风险暴露、赔付窗口与模型假设","finance","细分核对","投保选择、赔付时点与删失记录","区分风险进入、赔付发展与观察不足","尚未报出的赔付被记作最终没有赔付","当前报出金额不等于最终赔付","北京大学经济学院：学科专业 [学科范围]；浙江大学管理学院：研究介绍 [学科范围]","https://econ.pku.edu.cn/xkzy/index.htm；https://www.som.zju.edu.cn/2025/0506/c63512a3045953/page.htm","2026-10-04","内容编辑与机制审核，未获逐方向专家签审"
"insurance-studies-11","insurance-studies","保险服务","风险暴露、赔付窗口与模型假设","finance","细分核对","投保选择、赔付时点与删失记录","区分风险进入、赔付发展与观察不足","尚未报出的赔付被记作最终没有赔付","当前报出金额不等于最终赔付","北京大学经济学院：学科专业 [学科范围]；浙江大学管理学院：研究介绍 [学科范围]","https://econ.pku.edu.cn/xkzy/index.htm；https://www.som.zju.edu.cn/2025/0506/c63512a3045953/page.htm","2026-10-04","内容编辑与机制审核，未获逐方向专家签审"
"insurance-studies-12","insurance-studies","长期照护保险","风险暴露、赔付窗口与模型假设","finance","细分核对","投保选择、赔付时点与删失记录","区分风险进入、赔付发展与观察不足","尚未报出的赔付被记作最终没有赔付","当前报出金额不等于最终赔付","北京大学经济学院：学科专业 [学科范围]；浙江大学管理学院：研究介绍 [学科范围]","https://econ.pku.edu.cn/xkzy/index.htm；https://www.som.zju.edu.cn/2025/0506/c63512a3045953/page.htm","2026-10-04","内容编辑与机制审核，未获逐方向专家签审"
"asset-valuation-1","asset-valuation","企业价值评价","价值时点、用途与可比对象","finance","共享主题模块","信息发布时间、风险口径与会计定义","对齐信息可获得时间，保留口径变化","评价用了当时尚未公开的信息","回看表现不等于事前决策能达到同样结果","北京大学经济学院：学科专业 [学科范围]；浙江大学管理学院：研究介绍 [学科范围]","https://econ.pku.edu.cn/xkzy/index.htm；https://www.som.zju.edu.cn/2025/0506/c63512a3045953/page.htm","2026-10-04","内容编辑与机制审核，未获逐方向专家签审"
"asset-valuation-2","asset-valuation","无形资产评价","价值时点、用途与可比对象","finance","细分核对","信息发布时间、交易成本与收益区间","只使用决策当时可见的信息比较净表现","修订后的历史数据进入了事前预测","回看拟合与可执行预测需要分别评价","北京大学经济学院：学科专业 [学科范围]；浙江大学管理学院：研究介绍 [学科范围]","https://econ.pku.edu.cn/xkzy/index.htm；https://www.som.zju.edu.cn/2025/0506/c63512a3045953/page.htm","2026-10-04","内容编辑与机制审核，未获逐方向专家签审"
"asset-valuation-3","asset-valuation","房地产评价","价值时点、用途与可比对象","finance","共享主题模块","信息发布时间、风险口径与会计定义","对齐信息可获得时间，保留口径变化","评价用了当时尚未公开的信息","回看表现不等于事前决策能达到同样结果","北京大学经济学院：学科专业 [学科范围]；浙江大学管理学院：研究介绍 [学科范围]","https://econ.pku.edu.cn/xkzy/index.htm；https://www.som.zju.edu.cn/2025/0506/c63512a3045953/page.htm","2026-10-04","内容编辑与机制审核，未获逐方向专家签审"
"asset-valuation-4","asset-valuation","机器设备评价","价值时点、用途与可比对象","finance","共享主题模块","信息发布时间、风险口径与会计定义","对齐信息可获得时间，保留口径变化","评价用了当时尚未公开的信息","回看表现不等于事前决策能达到同样结果","北京大学经济学院：学科专业 [学科范围]；浙江大学管理学院：研究介绍 [学科范围]","https://econ.pku.edu.cn/xkzy/index.htm；https://www.som.zju.edu.cn/2025/0506/c63512a3045953/page.htm","2026-10-04","内容编辑与机制审核，未获逐方向专家签审"
"asset-valuation-5","asset-valuation","金融资产评价","价值时点、用途与可比对象","finance","细分核对","信息发布时间、交易成本与收益区间","只使用决策当时可见的信息比较净表现","修订后的历史数据进入了事前预测","回看拟合与可执行预测需要分别评价","北京大学经济学院：学科专业 [学科范围]；浙江大学管理学院：研究介绍 [学科范围]","https://econ.pku.edu.cn/xkzy/index.htm；https://www.som.zju.edu.cn/2025/0506/c63512a3045953/page.htm","2026-10-04","内容编辑与机制审核，未获逐方向专家签审"
"asset-valuation-6","asset-valuation","文化资产评价","价值时点、用途与可比对象","finance","细分核对","信息发布时间、交易成本与收益区间","只使用决策当时可见的信息比较净表现","修订后的历史数据进入了事前预测","回看拟合与可执行预测需要分别评价","北京大学经济学院：学科专业 [学科范围]；浙江大学管理学院：研究介绍 [学科范围]","https://econ.pku.edu.cn/xkzy/index.htm；https://www.som.zju.edu.cn/2025/0506/c63512a3045953/page.htm","2026-10-04","内容编辑与机制审核，未获逐方向专家签审"
"asset-valuation-7","asset-valuation","评估方法比较","价值时点、用途与可比对象","finance","共享主题模块","信息发布时间、风险口径与会计定义","对齐信息可获得时间，保留口径变化","评价用了当时尚未公开的信息","回看表现不等于事前决策能达到同样结果","北京大学经济学院：学科专业 [学科范围]；浙江大学管理学院：研究介绍 [学科范围]","https://econ.pku.edu.cn/xkzy/index.htm；https://www.som.zju.edu.cn/2025/0506/c63512a3045953/page.htm","2026-10-04","内容编辑与机制审核，未获逐方向专家签审"
"asset-valuation-8","asset-valuation","价值时点","价值时点、用途与可比对象","finance","共享主题模块","信息发布时间、风险口径与会计定义","对齐信息可获得时间，保留口径变化","评价用了当时尚未公开的信息","回看表现不等于事前决策能达到同样结果","北京大学经济学院：学科专业 [学科范围]；浙江大学管理学院：研究介绍 [学科范围]","https://econ.pku.edu.cn/xkzy/index.htm；https://www.som.zju.edu.cn/2025/0506/c63512a3045953/page.htm","2026-10-04","内容编辑与机制审核，未获逐方向专家签审"
"asset-valuation-9","asset-valuation","评估报告研究","价值时点、用途与可比对象","finance","共享主题模块","信息发布时间、风险口径与会计定义","对齐信息可获得时间，保留口径变化","评价用了当时尚未公开的信息","回看表现不等于事前决策能达到同样结果","北京大学经济学院：学科专业 [学科范围]；浙江大学管理学院：研究介绍 [学科范围]","https://econ.pku.edu.cn/xkzy/index.htm；https://www.som.zju.edu.cn/2025/0506/c63512a3045953/page.htm","2026-10-04","内容编辑与机制审核，未获逐方向专家签审"
"asset-valuation-10","asset-valuation","市场比较资料","价值时点、用途与可比对象","economics","共享主题模块","分配规则、样本来源与比较组记录","核对选择过程与政策时点，区分描述和识别","参与者原本就与未参与者不同","相关关系不能直接写成政策因果效果","北京大学经济学院：学科专业 [学科范围]","https://econ.pku.edu.cn/xkzy/index.htm","2026-10-04","内容编辑与机制审核，未获逐方向专家签审"
"asset-valuation-11","asset-valuation","评估不确定性","价值时点、用途与可比对象","finance","共享主题模块","信息发布时间、风险口径与会计定义","对齐信息可获得时间，保留口径变化","评价用了当时尚未公开的信息","回看表现不等于事前决策能达到同样结果","北京大学经济学院：学科专业 [学科范围]；浙江大学管理学院：研究介绍 [学科范围]","https://econ.pku.edu.cn/xkzy/index.htm；https://www.som.zju.edu.cn/2025/0506/c63512a3045953/page.htm","2026-10-04","内容编辑与机制审核，未获逐方向专家签审"
"asset-valuation-12","asset-valuation","评估职业研究","价值时点、用途与可比对象","finance","共享主题模块","信息发布时间、风险口径与会计定义","对齐信息可获得时间，保留口径变化","评价用了当时尚未公开的信息","回看表现不等于事前决策能达到同样结果","北京大学经济学院：学科专业 [学科范围]；浙江大学管理学院：研究介绍 [学科范围]","https://econ.pku.edu.cn/xkzy/index.htm；https://www.som.zju.edu.cn/2025/0506/c63512a3045953/page.htm","2026-10-04","内容编辑与机制审核，未获逐方向专家签审"
"digital-economy-1","digital-economy","平台经济","平台规则、统计边界与时间变化","economics","共享主题模块","分配规则、样本来源与比较组记录","核对选择过程与政策时点，区分描述和识别","参与者原本就与未参与者不同","相关关系不能直接写成政策因果效果","北京大学经济学院：学科专业 [学科范围]","https://econ.pku.edu.cn/xkzy/index.htm","2026-10-04","内容编辑与机制审核，未获逐方向专家签审"
"digital-economy-2","digital-economy","数据要素研究","平台规则、统计边界与时间变化","economics","共享主题模块","分配规则、样本来源与比较组记录","核对选择过程与政策时点，区分描述和识别","参与者原本就与未参与者不同","相关关系不能直接写成政策因果效果","北京大学经济学院：学科专业 [学科范围]","https://econ.pku.edu.cn/xkzy/index.htm","2026-10-04","内容编辑与机制审核，未获逐方向专家签审"
"digital-economy-3","digital-economy","数字劳动","平台规则、统计边界与时间变化","labor","共享主题模块","劳动参与、工作时长与来源样本","分开是否就业、收入和时长，检查样本进入方式","只比较仍有工作的人，退出者被完全遗漏","就业者之间的差异不能代表所有人的政策效果","北京大学经济学院：学科专业 [学科范围]","https://econ.pku.edu.cn/xkzy/index.htm","2026-10-04","内容编辑与机制审核，未获逐方向专家签审"
"digital-economy-4","digital-economy","数字贸易","平台规则、统计边界与时间变化","economics","共享主题模块","分配规则、样本来源与比较组记录","核对选择过程与政策时点，区分描述和识别","参与者原本就与未参与者不同","相关关系不能直接写成政策因果效果","北京大学经济学院：学科专业 [学科范围]","https://econ.pku.edu.cn/xkzy/index.htm","2026-10-04","内容编辑与机制审核，未获逐方向专家签审"
"digital-economy-5","digital-economy","数字金融资料","平台规则、统计边界与时间变化","finance","细分核对","信息发布时间、交易成本与收益区间","只使用决策当时可见的信息比较净表现","修订后的历史数据进入了事前预测","回看拟合与可执行预测需要分别评价","北京大学经济学院：学科专业 [学科范围]；浙江大学管理学院：研究介绍 [学科范围]","https://econ.pku.edu.cn/xkzy/index.htm；https://www.som.zju.edu.cn/2025/0506/c63512a3045953/page.htm","2026-10-04","内容编辑与机制审核，未获逐方向专家签审"
"digital-economy-6","digital-economy","数字基础设施","平台规则、统计边界与时间变化","economics","共享主题模块","分配规则、样本来源与比较组记录","核对选择过程与政策时点，区分描述和识别","参与者原本就与未参与者不同","相关关系不能直接写成政策因果效果","北京大学经济学院：学科专业 [学科范围]","https://econ.pku.edu.cn/xkzy/index.htm","2026-10-04","内容编辑与机制审核，未获逐方向专家签审"
"digital-economy-7","digital-economy","算法与市场","平台规则、统计边界与时间变化","economics","共享主题模块","分配规则、样本来源与比较组记录","核对选择过程与政策时点，区分描述和识别","参与者原本就与未参与者不同","相关关系不能直接写成政策因果效果","北京大学经济学院：学科专业 [学科范围]","https://econ.pku.edu.cn/xkzy/index.htm","2026-10-04","内容编辑与机制审核，未获逐方向专家签审"
"digital-economy-8","digital-economy","数字消费","平台规则、统计边界与时间变化","economics","共享主题模块","分配规则、样本来源与比较组记录","核对选择过程与政策时点，区分描述和识别","参与者原本就与未参与者不同","相关关系不能直接写成政策因果效果","北京大学经济学院：学科专业 [学科范围]","https://econ.pku.edu.cn/xkzy/index.htm","2026-10-04","内容编辑与机制审核，未获逐方向专家签审"
"digital-economy-9","digital-economy","企业数字化","平台规则、统计边界与时间变化","economics","共享主题模块","分配规则、样本来源与比较组记录","核对选择过程与政策时点，区分描述和识别","参与者原本就与未参与者不同","相关关系不能直接写成政策因果效果","北京大学经济学院：学科专业 [学科范围]","https://econ.pku.edu.cn/xkzy/index.htm","2026-10-04","内容编辑与机制审核，未获逐方向专家签审"
"digital-economy-10","digital-economy","数字经济测度","平台规则、统计边界与时间变化","economics","共享主题模块","分配规则、样本来源与比较组记录","核对选择过程与政策时点，区分描述和识别","参与者原本就与未参与者不同","相关关系不能直接写成政策因果效果","北京大学经济学院：学科专业 [学科范围]","https://econ.pku.edu.cn/xkzy/index.htm","2026-10-04","内容编辑与机制审核，未获逐方向专家签审"
"digital-economy-11","digital-economy","平台竞争","平台规则、统计边界与时间变化","economics","共享主题模块","分配规则、样本来源与比较组记录","核对选择过程与政策时点，区分描述和识别","参与者原本就与未参与者不同","相关关系不能直接写成政策因果效果","北京大学经济学院：学科专业 [学科范围]","https://econ.pku.edu.cn/xkzy/index.htm","2026-10-04","内容编辑与机制审核，未获逐方向专家签审"
"digital-economy-12","digital-economy","数字鸿沟","平台规则、统计边界与时间变化","economics","共享主题模块","分配规则、样本来源与比较组记录","核对选择过程与政策时点，区分描述和识别","参与者原本就与未参与者不同","相关关系不能直接写成政策因果效果","北京大学经济学院：学科专业 [学科范围]","https://econ.pku.edu.cn/xkzy/index.htm","2026-10-04","内容编辑与机制审核，未获逐方向专家签审"
"ethnology-studies-1","ethnology-studies","民族理论","自我认同、地域语境与研究者位置","society","细分核对","进入田野的关系、访谈场景与沉默者记录","标明谁愿意谈、谁无法接触以及研究者的位置","最容易接触到的人替整个群体发言","便于访谈不意味着经验具有代表性","北京大学社会学系：专业介绍 [学科范围]","https://bkzs.pku.edu.cn/xkzy/xy/shkxxb/sxkxxy_31/sxkxxyzszy_31/index.htm","2026-10-04","内容编辑与机制审核，未获逐方向专家签审"
"ethnology-studies-2","ethnology-studies","民族历史","自我认同、地域语境与研究者位置","society","细分核对","进入田野的关系、访谈场景与沉默者记录","标明谁愿意谈、谁无法接触以及研究者的位置","最容易接触到的人替整个群体发言","便于访谈不意味着经验具有代表性","北京大学社会学系：专业介绍 [学科范围]","https://bkzs.pku.edu.cn/xkzy/xy/shkxxb/sxkxxy_31/sxkxxyzszy_31/index.htm","2026-10-04","内容编辑与机制审核，未获逐方向专家签审"
"ethnology-studies-3","ethnology-studies","民族社会","自我认同、地域语境与研究者位置","society","细分核对","进入田野的关系、访谈场景与沉默者记录","标明谁愿意谈、谁无法接触以及研究者的位置","最容易接触到的人替整个群体发言","便于访谈不意味着经验具有代表性","北京大学社会学系：专业介绍 [学科范围]","https://bkzs.pku.edu.cn/xkzy/xy/shkxxb/sxkxxy_31/sxkxxyzszy_31/index.htm","2026-10-04","内容编辑与机制审核，未获逐方向专家签审"
"ethnology-studies-4","ethnology-studies","民族文化","自我认同、地域语境与研究者位置","society","细分核对","进入田野的关系、访谈场景与沉默者记录","标明谁愿意谈、谁无法接触以及研究者的位置","最容易接触到的人替整个群体发言","便于访谈不意味着经验具有代表性","北京大学社会学系：专业介绍 [学科范围]","https://bkzs.pku.edu.cn/xkzy/xy/shkxxb/sxkxxy_31/sxkxxyzszy_31/index.htm","2026-10-04","内容编辑与机制审核，未获逐方向专家签审"
"ethnology-studies-5","ethnology-studies","民族经济","自我认同、地域语境与研究者位置","society","细分核对","进入田野的关系、访谈场景与沉默者记录","标明谁愿意谈、谁无法接触以及研究者的位置","最容易接触到的人替整个群体发言","便于访谈不意味着经验具有代表性","北京大学社会学系：专业介绍 [学科范围]","https://bkzs.pku.edu.cn/xkzy/xy/shkxxb/sxkxxy_31/sxkxxyzszy_31/index.htm","2026-10-04","内容编辑与机制审核，未获逐方向专家签审"
"ethnology-studies-6","ethnology-studies","族群关系","自我认同、地域语境与研究者位置","society","细分核对","进入田野的关系、访谈场景与沉默者记录","标明谁愿意谈、谁无法接触以及研究者的位置","最容易接触到的人替整个群体发言","便于访谈不意味着经验具有代表性","北京大学社会学系：专业介绍 [学科范围]","https://bkzs.pku.edu.cn/xkzy/xy/shkxxb/sxkxxy_31/sxkxxyzszy_31/index.htm","2026-10-04","内容编辑与机制审核，未获逐方向专家签审"
"ethnology-studies-7","ethnology-studies","语言与社会","自我认同、地域语境与研究者位置","society","细分核对","进入田野的关系、访谈场景与沉默者记录","标明谁愿意谈、谁无法接触以及研究者的位置","最容易接触到的人替整个群体发言","便于访谈不意味着经验具有代表性","北京大学社会学系：专业介绍 [学科范围]","https://bkzs.pku.edu.cn/xkzy/xy/shkxxb/sxkxxy_31/sxkxxyzszy_31/index.htm","2026-10-04","内容编辑与机制审核，未获逐方向专家签审"
"ethnology-studies-8","ethnology-studies","民族地区教育","自我认同、地域语境与研究者位置","education","细分核对","进入田野的关系、访谈场景与沉默者记录","标明谁愿意谈、谁无法接触以及研究者的位置","最容易接触到的人替整个群体发言","便于访谈不意味着经验具有代表性","北京师范大学：课程与教学研究方向 [学科范围]","https://cter.bnu.edu.cn/docs/2024-05/e0d9749ec02e425eb45aa96fefdadc2a.pdf","2026-10-04","内容编辑与机制审核，未获逐方向专家签审"
"ethnology-studies-9","ethnology-studies","社区记忆","自我认同、地域语境与研究者位置","society","细分核对","进入田野的关系、访谈场景与沉默者记录","标明谁愿意谈、谁无法接触以及研究者的位置","最容易接触到的人替整个群体发言","便于访谈不意味着经验具有代表性","北京大学社会学系：专业介绍 [学科范围]","https://bkzs.pku.edu.cn/xkzy/xy/shkxxb/sxkxxy_31/sxkxxyzszy_31/index.htm","2026-10-04","内容编辑与机制审核，未获逐方向专家签审"
"ethnology-studies-10","ethnology-studies","文化传承","自我认同、地域语境与研究者位置","society","细分核对","进入田野的关系、访谈场景与沉默者记录","标明谁愿意谈、谁无法接触以及研究者的位置","最容易接触到的人替整个群体发言","便于访谈不意味着经验具有代表性","北京大学社会学系：专业介绍 [学科范围]","https://bkzs.pku.edu.cn/xkzy/xy/shkxxb/sxkxxy_31/sxkxxyzszy_31/index.htm","2026-10-04","内容编辑与机制审核，未获逐方向专家签审"
"ethnology-studies-11","ethnology-studies","民族志方法","自我认同、地域语境与研究者位置","law","细分核对","进入田野的关系、访谈场景与沉默者记录","标明谁愿意谈、谁无法接触以及研究者的位置","最容易接触到的人替整个群体发言","便于访谈不意味着经验具有代表性","北京大学法学院：培养方向 [学科范围]","https://www.law.pku.edu.cn/xwzx/ggtz/zsjx/870508d182464f118ae55b9473a4c4f3.htm","2026-10-04","内容编辑与机制审核，未获逐方向专家签审"
"ethnology-studies-12","ethnology-studies","民族学文献","自我认同、地域语境与研究者位置","society","细分核对","进入田野的关系、访谈场景与沉默者记录","标明谁愿意谈、谁无法接触以及研究者的位置","最容易接触到的人替整个群体发言","便于访谈不意味着经验具有代表性","北京大学社会学系：专业介绍 [学科范围]","https://bkzs.pku.edu.cn/xkzy/xy/shkxxb/sxkxxy_31/sxkxxyzszy_31/index.htm","2026-10-04","内容编辑与机制审核，未获逐方向专家签审"
"marxism-studies-1","marxism-studies","马克思主义基本原理","文本出处、历史条件与理论论证","society","共享主题模块","抽样框、访谈语境与参与关系记录","保留访问条件、研究者位置与沉默的对象","愿意受访的人恰好集中在同一种关系网络","受访叙述不能直接代表所有群体","北京大学社会学系：专业介绍 [学科范围]","https://bkzs.pku.edu.cn/xkzy/xy/shkxxb/sxkxxy_31/sxkxxyzszy_31/index.htm","2026-10-04","内容编辑与机制审核，未获逐方向专家签审"
"marxism-studies-2","marxism-studies","马克思主义发展史","文本出处、历史条件与理论论证","society","共享主题模块","抽样框、访谈语境与参与关系记录","保留访问条件、研究者位置与沉默的对象","愿意受访的人恰好集中在同一种关系网络","受访叙述不能直接代表所有群体","北京大学社会学系：专业介绍 [学科范围]","https://bkzs.pku.edu.cn/xkzy/xy/shkxxb/sxkxxy_31/sxkxxyzszy_31/index.htm","2026-10-04","内容编辑与机制审核，未获逐方向专家签审"
"marxism-studies-3","marxism-studies","马克思主义中国化研究","文本出处、历史条件与理论论证","society","共享主题模块","抽样框、访谈语境与参与关系记录","保留访问条件、研究者位置与沉默的对象","愿意受访的人恰好集中在同一种关系网络","受访叙述不能直接代表所有群体","北京大学社会学系：专业介绍 [学科范围]","https://bkzs.pku.edu.cn/xkzy/xy/shkxxb/sxkxxy_31/sxkxxyzszy_31/index.htm","2026-10-04","内容编辑与机制审核，未获逐方向专家签审"
"marxism-studies-4","marxism-studies","国外马克思主义研究","文本出处、历史条件与理论论证","society","共享主题模块","抽样框、访谈语境与参与关系记录","保留访问条件、研究者位置与沉默的对象","愿意受访的人恰好集中在同一种关系网络","受访叙述不能直接代表所有群体","北京大学社会学系：专业介绍 [学科范围]","https://bkzs.pku.edu.cn/xkzy/xy/shkxxb/sxkxxy_31/sxkxxyzszy_31/index.htm","2026-10-04","内容编辑与机制审核，未获逐方向专家签审"
"marxism-studies-5","marxism-studies","思想政治教育","文本出处、历史条件与理论论证","education","共享主题模块","课堂目标、活动记录与学习过程材料","让任务、教学目标与评价对应，保留班级差异","换了老师也换了活动，改善却全归到工具上","课后高分不能独立证明某项教学设计有效","北京师范大学：课程与教学研究方向 [学科范围]","https://cter.bnu.edu.cn/docs/2024-05/e0d9749ec02e425eb45aa96fefdadc2a.pdf","2026-10-04","内容编辑与机制审核，未获逐方向专家签审"
"marxism-studies-6","marxism-studies","中国近现代史基本问题","文本出处、历史条件与理论论证","society","共享主题模块","抽样框、访谈语境与参与关系记录","保留访问条件、研究者位置与沉默的对象","愿意受访的人恰好集中在同一种关系网络","受访叙述不能直接代表所有群体","北京大学社会学系：专业介绍 [学科范围]","https://bkzs.pku.edu.cn/xkzy/xy/shkxxb/sxkxxy_31/sxkxxyzszy_31/index.htm","2026-10-04","内容编辑与机制审核，未获逐方向专家签审"
"marxism-studies-7","marxism-studies","经典文本研究","文本出处、历史条件与理论论证","society","共享主题模块","抽样框、访谈语境与参与关系记录","保留访问条件、研究者位置与沉默的对象","愿意受访的人恰好集中在同一种关系网络","受访叙述不能直接代表所有群体","北京大学社会学系：专业介绍 [学科范围]","https://bkzs.pku.edu.cn/xkzy/xy/shkxxb/sxkxxy_31/sxkxxyzszy_31/index.htm","2026-10-04","内容编辑与机制审核，未获逐方向专家签审"
"marxism-studies-8","marxism-studies","劳动与社会理论","文本出处、历史条件与理论论证","society","共享主题模块","抽样框、访谈语境与参与关系记录","保留访问条件、研究者位置与沉默的对象","愿意受访的人恰好集中在同一种关系网络","受访叙述不能直接代表所有群体","北京大学社会学系：专业介绍 [学科范围]","https://bkzs.pku.edu.cn/xkzy/xy/shkxxb/sxkxxy_31/sxkxxyzszy_31/index.htm","2026-10-04","内容编辑与机制审核，未获逐方向专家签审"
"marxism-studies-9","marxism-studies","意识形态理论史","文本出处、历史条件与理论论证","society","共享主题模块","抽样框、访谈语境与参与关系记录","保留访问条件、研究者位置与沉默的对象","愿意受访的人恰好集中在同一种关系网络","受访叙述不能直接代表所有群体","北京大学社会学系：专业介绍 [学科范围]","https://bkzs.pku.edu.cn/xkzy/xy/shkxxb/sxkxxy_31/sxkxxyzszy_31/index.htm","2026-10-04","内容编辑与机制审核，未获逐方向专家签审"
"marxism-studies-10","marxism-studies","理论传播","文本出处、历史条件与理论论证","media","共享主题模块","传播时间、平台机制与受众资料","分开内容、推荐入口与实际触达","平台推荐规则改变，被写成受众兴趣突然转向","可见互动不能代替全部受众的态度","北京大学法学院：培养方向 [学科范围]；北京大学社会学系：专业介绍 [学科范围]","https://www.law.pku.edu.cn/xwzx/ggtz/zsjx/870508d182464f118ae55b9473a4c4f3.htm；https://bkzs.pku.edu.cn/xkzy/xy/shkxxb/sxkxxy_31/sxkxxyzszy_31/index.htm","2026-10-04","内容编辑与机制审核，未获逐方向专家签审"
"marxism-studies-11","marxism-studies","比较理论文本","文本出处、历史条件与理论论证","society","共享主题模块","抽样框、访谈语境与参与关系记录","保留访问条件、研究者位置与沉默的对象","愿意受访的人恰好集中在同一种关系网络","受访叙述不能直接代表所有群体","北京大学社会学系：专业介绍 [学科范围]","https://bkzs.pku.edu.cn/xkzy/xy/shkxxb/sxkxxy_31/sxkxxyzszy_31/index.htm","2026-10-04","内容编辑与机制审核，未获逐方向专家签审"
"marxism-studies-12","marxism-studies","理论教育研究","文本出处、历史条件与理论论证","education","共享主题模块","课堂目标、活动记录与学习过程材料","让任务、教学目标与评价对应，保留班级差异","换了老师也换了活动，改善却全归到工具上","课后高分不能独立证明某项教学设计有效","北京师范大学：课程与教学研究方向 [学科范围]","https://cter.bnu.edu.cn/docs/2024-05/e0d9749ec02e425eb45aa96fefdadc2a.pdf","2026-10-04","内容编辑与机制审核，未获逐方向专家签审"
"police-studies-1","police-studies","公安学基础","公开资料、服务层次与调查对象","society","共享主题模块","抽样框、访谈语境与参与关系记录","保留访问条件、研究者位置与沉默的对象","愿意受访的人恰好集中在同一种关系网络","受访叙述不能直接代表所有群体","北京大学社会学系：专业介绍 [学科范围]","https://bkzs.pku.edu.cn/xkzy/xy/shkxxb/sxkxxy_31/sxkxxyzszy_31/index.htm","2026-10-04","内容编辑与机制审核，未获逐方向专家签审"
"police-studies-2","police-studies","警务组织史","公开资料、服务层次与调查对象","society","共享主题模块","抽样框、访谈语境与参与关系记录","保留访问条件、研究者位置与沉默的对象","愿意受访的人恰好集中在同一种关系网络","受访叙述不能直接代表所有群体","北京大学社会学系：专业介绍 [学科范围]","https://bkzs.pku.edu.cn/xkzy/xy/shkxxb/sxkxxy_31/sxkxxyzszy_31/index.htm","2026-10-04","内容编辑与机制审核，未获逐方向专家签审"
"police-studies-3","police-studies","社区警务研究","公开资料、服务层次与调查对象","society","共享主题模块","抽样框、访谈语境与参与关系记录","保留访问条件、研究者位置与沉默的对象","愿意受访的人恰好集中在同一种关系网络","受访叙述不能直接代表所有群体","北京大学社会学系：专业介绍 [学科范围]","https://bkzs.pku.edu.cn/xkzy/xy/shkxxb/sxkxxy_31/sxkxxyzszy_31/index.htm","2026-10-04","内容编辑与机制审核，未获逐方向专家签审"
"police-studies-4","police-studies","警务公共服务","公开资料、服务层次与调查对象","policy","共享主题模块","制度文本、执行材料与对象反馈","比较制度情境，保留执行层次与时间","两个地方用了同名制度，执行条件却不同","制度名称相同不保证比较对象相同","北京大学法学院：培养方向 [学科范围]；北京大学社会学系：专业介绍 [学科范围]","https://www.law.pku.edu.cn/xwzx/ggtz/zsjx/870508d182464f118ae55b9473a4c4f3.htm；https://bkzs.pku.edu.cn/xkzy/xy/shkxxb/sxkxxy_31/sxkxxyzszy_31/index.htm","2026-10-04","内容编辑与机制审核，未获逐方向专家签审"
"police-studies-5","police-studies","警务伦理","公开资料、服务层次与调查对象","society","共享主题模块","抽样框、访谈语境与参与关系记录","保留访问条件、研究者位置与沉默的对象","愿意受访的人恰好集中在同一种关系网络","受访叙述不能直接代表所有群体","北京大学社会学系：专业介绍 [学科范围]","https://bkzs.pku.edu.cn/xkzy/xy/shkxxb/sxkxxy_31/sxkxxyzszy_31/index.htm","2026-10-04","内容编辑与机制审核，未获逐方向专家签审"
"police-studies-6","police-studies","公共安全感","公开资料、服务层次与调查对象","policy","共享主题模块","制度文本、执行材料与对象反馈","比较制度情境，保留执行层次与时间","两个地方用了同名制度，执行条件却不同","制度名称相同不保证比较对象相同","北京大学法学院：培养方向 [学科范围]；北京大学社会学系：专业介绍 [学科范围]","https://www.law.pku.edu.cn/xwzx/ggtz/zsjx/870508d182464f118ae55b9473a4c4f3.htm；https://bkzs.pku.edu.cn/xkzy/xy/shkxxb/sxkxxy_31/sxkxxyzszy_31/index.htm","2026-10-04","内容编辑与机制审核，未获逐方向专家签审"
"police-studies-7","police-studies","公安教育","公开资料、服务层次与调查对象","education","共享主题模块","课堂目标、活动记录与学习过程材料","让任务、教学目标与评价对应，保留班级差异","换了老师也换了活动，改善却全归到工具上","课后高分不能独立证明某项教学设计有效","北京师范大学：课程与教学研究方向 [学科范围]","https://cter.bnu.edu.cn/docs/2024-05/e0d9749ec02e425eb45aa96fefdadc2a.pdf","2026-10-04","内容编辑与机制审核，未获逐方向专家签审"
"police-studies-8","police-studies","警务协作制度","公开资料、服务层次与调查对象","society","共享主题模块","抽样框、访谈语境与参与关系记录","保留访问条件、研究者位置与沉默的对象","愿意受访的人恰好集中在同一种关系网络","受访叙述不能直接代表所有群体","北京大学社会学系：专业介绍 [学科范围]","https://bkzs.pku.edu.cn/xkzy/xy/shkxxb/sxkxxy_31/sxkxxyzszy_31/index.htm","2026-10-04","内容编辑与机制审核，未获逐方向专家签审"
"police-studies-9","police-studies","警务社会学","公开资料、服务层次与调查对象","society","共享主题模块","抽样框、访谈语境与参与关系记录","保留访问条件、研究者位置与沉默的对象","愿意受访的人恰好集中在同一种关系网络","受访叙述不能直接代表所有群体","北京大学社会学系：专业介绍 [学科范围]","https://bkzs.pku.edu.cn/xkzy/xy/shkxxb/sxkxxy_31/sxkxxyzszy_31/index.htm","2026-10-04","内容编辑与机制审核，未获逐方向专家签审"
"police-studies-10","police-studies","警务资料质量","公开资料、服务层次与调查对象","society","共享主题模块","抽样框、访谈语境与参与关系记录","保留访问条件、研究者位置与沉默的对象","愿意受访的人恰好集中在同一种关系网络","受访叙述不能直接代表所有群体","北京大学社会学系：专业介绍 [学科范围]","https://bkzs.pku.edu.cn/xkzy/xy/shkxxb/sxkxxy_31/sxkxxyzszy_31/index.htm","2026-10-04","内容编辑与机制审核，未获逐方向专家签审"
"police-studies-11","police-studies","警务政策史","公开资料、服务层次与调查对象","policy","共享主题模块","制度文本、执行材料与对象反馈","比较制度情境，保留执行层次与时间","两个地方用了同名制度，执行条件却不同","制度名称相同不保证比较对象相同","北京大学法学院：培养方向 [学科范围]；北京大学社会学系：专业介绍 [学科范围]","https://www.law.pku.edu.cn/xwzx/ggtz/zsjx/870508d182464f118ae55b9473a4c4f3.htm；https://bkzs.pku.edu.cn/xkzy/xy/shkxxb/sxkxxy_31/sxkxxyzszy_31/index.htm","2026-10-04","内容编辑与机制审核，未获逐方向专家签审"
"police-studies-12","police-studies","警民沟通研究","公开资料、服务层次与调查对象","society","共享主题模块","抽样框、访谈语境与参与关系记录","保留访问条件、研究者位置与沉默的对象","愿意受访的人恰好集中在同一种关系网络","受访叙述不能直接代表所有群体","北京大学社会学系：专业介绍 [学科范围]","https://bkzs.pku.edu.cn/xkzy/xy/shkxxb/sxkxxy_31/sxkxxyzszy_31/index.htm","2026-10-04","内容编辑与机制审核，未获逐方向专家签审"
"party-history-studies-1","party-history-studies","党史文献","档案形成时间、组织层次与史料互证","society","共享主题模块","抽样框、访谈语境与参与关系记录","保留访问条件、研究者位置与沉默的对象","愿意受访的人恰好集中在同一种关系网络","受访叙述不能直接代表所有群体","北京大学社会学系：专业介绍 [学科范围]","https://bkzs.pku.edu.cn/xkzy/xy/shkxxb/sxkxxy_31/sxkxxyzszy_31/index.htm","2026-10-04","内容编辑与机制审核，未获逐方向专家签审"
"party-history-studies-2","party-history-studies","组织制度史","档案形成时间、组织层次与史料互证","society","共享主题模块","抽样框、访谈语境与参与关系记录","保留访问条件、研究者位置与沉默的对象","愿意受访的人恰好集中在同一种关系网络","受访叙述不能直接代表所有群体","北京大学社会学系：专业介绍 [学科范围]","https://bkzs.pku.edu.cn/xkzy/xy/shkxxb/sxkxxy_31/sxkxxyzszy_31/index.htm","2026-10-04","内容编辑与机制审核，未获逐方向专家签审"
"party-history-studies-3","party-history-studies","地方党史","档案形成时间、组织层次与史料互证","society","共享主题模块","抽样框、访谈语境与参与关系记录","保留访问条件、研究者位置与沉默的对象","愿意受访的人恰好集中在同一种关系网络","受访叙述不能直接代表所有群体","北京大学社会学系：专业介绍 [学科范围]","https://bkzs.pku.edu.cn/xkzy/xy/shkxxb/sxkxxy_31/sxkxxyzszy_31/index.htm","2026-10-04","内容编辑与机制审核，未获逐方向专家签审"
"party-history-studies-4","party-history-studies","党建理论","档案形成时间、组织层次与史料互证","society","共享主题模块","抽样框、访谈语境与参与关系记录","保留访问条件、研究者位置与沉默的对象","愿意受访的人恰好集中在同一种关系网络","受访叙述不能直接代表所有群体","北京大学社会学系：专业介绍 [学科范围]","https://bkzs.pku.edu.cn/xkzy/xy/shkxxb/sxkxxy_31/sxkxxyzszy_31/index.htm","2026-10-04","内容编辑与机制审核，未获逐方向专家签审"
"party-history-studies-5","party-history-studies","基层组织研究","档案形成时间、组织层次与史料互证","society","共享主题模块","抽样框、访谈语境与参与关系记录","保留访问条件、研究者位置与沉默的对象","愿意受访的人恰好集中在同一种关系网络","受访叙述不能直接代表所有群体","北京大学社会学系：专业介绍 [学科范围]","https://bkzs.pku.edu.cn/xkzy/xy/shkxxb/sxkxxy_31/sxkxxyzszy_31/index.htm","2026-10-04","内容编辑与机制审核，未获逐方向专家签审"
"party-history-studies-6","party-history-studies","党史人物资料","档案形成时间、组织层次与史料互证","society","共享主题模块","抽样框、访谈语境与参与关系记录","保留访问条件、研究者位置与沉默的对象","愿意受访的人恰好集中在同一种关系网络","受访叙述不能直接代表所有群体","北京大学社会学系：专业介绍 [学科范围]","https://bkzs.pku.edu.cn/xkzy/xy/shkxxb/sxkxxy_31/sxkxxyzszy_31/index.htm","2026-10-04","内容编辑与机制审核，未获逐方向专家签审"
"party-history-studies-7","party-history-studies","党史口述资料","档案形成时间、组织层次与史料互证","society","共享主题模块","抽样框、访谈语境与参与关系记录","保留访问条件、研究者位置与沉默的对象","愿意受访的人恰好集中在同一种关系网络","受访叙述不能直接代表所有群体","北京大学社会学系：专业介绍 [学科范围]","https://bkzs.pku.edu.cn/xkzy/xy/shkxxb/sxkxxy_31/sxkxxyzszy_31/index.htm","2026-10-04","内容编辑与机制审核，未获逐方向专家签审"
"party-history-studies-8","party-history-studies","党史教育","档案形成时间、组织层次与史料互证","education","共享主题模块","课堂目标、活动记录与学习过程材料","让任务、教学目标与评价对应，保留班级差异","换了老师也换了活动，改善却全归到工具上","课后高分不能独立证明某项教学设计有效","北京师范大学：课程与教学研究方向 [学科范围]","https://cter.bnu.edu.cn/docs/2024-05/e0d9749ec02e425eb45aa96fefdadc2a.pdf","2026-10-04","内容编辑与机制审核，未获逐方向专家签审"
"party-history-studies-9","party-history-studies","党建传播","档案形成时间、组织层次与史料互证","media","共享主题模块","传播时间、平台机制与受众资料","分开内容、推荐入口与实际触达","平台推荐规则改变，被写成受众兴趣突然转向","可见互动不能代替全部受众的态度","北京大学法学院：培养方向 [学科范围]；北京大学社会学系：专业介绍 [学科范围]","https://www.law.pku.edu.cn/xwzx/ggtz/zsjx/870508d182464f118ae55b9473a4c4f3.htm；https://bkzs.pku.edu.cn/xkzy/xy/shkxxb/sxkxxy_31/sxkxxyzszy_31/index.htm","2026-10-04","内容编辑与机制审核，未获逐方向专家签审"
"party-history-studies-10","party-history-studies","制度比较资料","档案形成时间、组织层次与史料互证","society","共享主题模块","抽样框、访谈语境与参与关系记录","保留访问条件、研究者位置与沉默的对象","愿意受访的人恰好集中在同一种关系网络","受访叙述不能直接代表所有群体","北京大学社会学系：专业介绍 [学科范围]","https://bkzs.pku.edu.cn/xkzy/xy/shkxxb/sxkxxy_31/sxkxxyzszy_31/index.htm","2026-10-04","内容编辑与机制审核，未获逐方向专家签审"
"party-history-studies-11","party-history-studies","党史档案整理","档案形成时间、组织层次与史料互证","society","共享主题模块","抽样框、访谈语境与参与关系记录","保留访问条件、研究者位置与沉默的对象","愿意受访的人恰好集中在同一种关系网络","受访叙述不能直接代表所有群体","北京大学社会学系：专业介绍 [学科范围]","https://bkzs.pku.edu.cn/xkzy/xy/shkxxb/sxkxxy_31/sxkxxyzszy_31/index.htm","2026-10-04","内容编辑与机制审核，未获逐方向专家签审"
"party-history-studies-12","party-history-studies","党史学方法","档案形成时间、组织层次与史料互证","law","共享主题模块","规范版本、案件事实与裁判理由","区分效力、事实认定与规范推论","援引的条文版本与案例发生时期不对应","案例数量不能独立证明规范应如何解释","北京大学法学院：培养方向 [学科范围]","https://www.law.pku.edu.cn/xwzx/ggtz/zsjx/870508d182464f118ae55b9473a4c4f3.htm","2026-10-04","内容编辑与机制审核，未获逐方向专家签审"
"discipline-supervision-1","discipline-supervision","纪检监察理论","规范版本、程序条件与公开案例范围","society","共享主题模块","抽样框、访谈语境与参与关系记录","保留访问条件、研究者位置与沉默的对象","愿意受访的人恰好集中在同一种关系网络","受访叙述不能直接代表所有群体","北京大学社会学系：专业介绍 [学科范围]","https://bkzs.pku.edu.cn/xkzy/xy/shkxxb/sxkxxy_31/sxkxxyzszy_31/index.htm","2026-10-04","内容编辑与机制审核，未获逐方向专家签审"
"discipline-supervision-2","discipline-supervision","监察制度史","规范版本、程序条件与公开案例范围","society","共享主题模块","抽样框、访谈语境与参与关系记录","保留访问条件、研究者位置与沉默的对象","愿意受访的人恰好集中在同一种关系网络","受访叙述不能直接代表所有群体","北京大学社会学系：专业介绍 [学科范围]","https://bkzs.pku.edu.cn/xkzy/xy/shkxxb/sxkxxy_31/sxkxxyzszy_31/index.htm","2026-10-04","内容编辑与机制审核，未获逐方向专家签审"
"discipline-supervision-3","discipline-supervision","监察法学","规范版本、程序条件与公开案例范围","law","共享主题模块","规范版本、案件事实与裁判理由","区分效力、事实认定与规范推论","援引的条文版本与案例发生时期不对应","案例数量不能独立证明规范应如何解释","北京大学法学院：培养方向 [学科范围]","https://www.law.pku.edu.cn/xwzx/ggtz/zsjx/870508d182464f118ae55b9473a4c4f3.htm","2026-10-04","内容编辑与机制审核，未获逐方向专家签审"
"discipline-supervision-4","discipline-supervision","监督制度比较","规范版本、程序条件与公开案例范围","society","共享主题模块","抽样框、访谈语境与参与关系记录","保留访问条件、研究者位置与沉默的对象","愿意受访的人恰好集中在同一种关系网络","受访叙述不能直接代表所有群体","北京大学社会学系：专业介绍 [学科范围]","https://bkzs.pku.edu.cn/xkzy/xy/shkxxb/sxkxxy_31/sxkxxyzszy_31/index.htm","2026-10-04","内容编辑与机制审核，未获逐方向专家签审"
"discipline-supervision-5","discipline-supervision","廉洁教育","规范版本、程序条件与公开案例范围","education","共享主题模块","课堂目标、活动记录与学习过程材料","让任务、教学目标与评价对应，保留班级差异","换了老师也换了活动，改善却全归到工具上","课后高分不能独立证明某项教学设计有效","北京师范大学：课程与教学研究方向 [学科范围]","https://cter.bnu.edu.cn/docs/2024-05/e0d9749ec02e425eb45aa96fefdadc2a.pdf","2026-10-04","内容编辑与机制审核，未获逐方向专家签审"
"discipline-supervision-6","discipline-supervision","监督组织研究","规范版本、程序条件与公开案例范围","society","共享主题模块","抽样框、访谈语境与参与关系记录","保留访问条件、研究者位置与沉默的对象","愿意受访的人恰好集中在同一种关系网络","受访叙述不能直接代表所有群体","北京大学社会学系：专业介绍 [学科范围]","https://bkzs.pku.edu.cn/xkzy/xy/shkxxb/sxkxxy_31/sxkxxyzszy_31/index.htm","2026-10-04","内容编辑与机制审核，未获逐方向专家签审"
"discipline-supervision-7","discipline-supervision","公开案例研究","规范版本、程序条件与公开案例范围","society","共享主题模块","抽样框、访谈语境与参与关系记录","保留访问条件、研究者位置与沉默的对象","愿意受访的人恰好集中在同一种关系网络","受访叙述不能直接代表所有群体","北京大学社会学系：专业介绍 [学科范围]","https://bkzs.pku.edu.cn/xkzy/xy/shkxxb/sxkxxy_31/sxkxxyzszy_31/index.htm","2026-10-04","内容编辑与机制审核，未获逐方向专家签审"
"discipline-supervision-8","discipline-supervision","监察程序研究","规范版本、程序条件与公开案例范围","society","共享主题模块","抽样框、访谈语境与参与关系记录","保留访问条件、研究者位置与沉默的对象","愿意受访的人恰好集中在同一种关系网络","受访叙述不能直接代表所有群体","北京大学社会学系：专业介绍 [学科范围]","https://bkzs.pku.edu.cn/xkzy/xy/shkxxb/sxkxxy_31/sxkxxyzszy_31/index.htm","2026-10-04","内容编辑与机制审核，未获逐方向专家签审"
"discipline-supervision-9","discipline-supervision","监督评价资料","规范版本、程序条件与公开案例范围","society","共享主题模块","抽样框、访谈语境与参与关系记录","保留访问条件、研究者位置与沉默的对象","愿意受访的人恰好集中在同一种关系网络","受访叙述不能直接代表所有群体","北京大学社会学系：专业介绍 [学科范围]","https://bkzs.pku.edu.cn/xkzy/xy/shkxxb/sxkxxy_31/sxkxxyzszy_31/index.htm","2026-10-04","内容编辑与机制审核，未获逐方向专家签审"
"discipline-supervision-10","discipline-supervision","制度执行研究","规范版本、程序条件与公开案例范围","society","共享主题模块","抽样框、访谈语境与参与关系记录","保留访问条件、研究者位置与沉默的对象","愿意受访的人恰好集中在同一种关系网络","受访叙述不能直接代表所有群体","北京大学社会学系：专业介绍 [学科范围]","https://bkzs.pku.edu.cn/xkzy/xy/shkxxb/sxkxxy_31/sxkxxyzszy_31/index.htm","2026-10-04","内容编辑与机制审核，未获逐方向专家签审"
"discipline-supervision-11","discipline-supervision","廉洁文化","规范版本、程序条件与公开案例范围","society","共享主题模块","抽样框、访谈语境与参与关系记录","保留访问条件、研究者位置与沉默的对象","愿意受访的人恰好集中在同一种关系网络","受访叙述不能直接代表所有群体","北京大学社会学系：专业介绍 [学科范围]","https://bkzs.pku.edu.cn/xkzy/xy/shkxxb/sxkxxy_31/sxkxxyzszy_31/index.htm","2026-10-04","内容编辑与机制审核，未获逐方向专家签审"
"discipline-supervision-12","discipline-supervision","纪检监察文献","规范版本、程序条件与公开案例范围","society","共享主题模块","抽样框、访谈语境与参与关系记录","保留访问条件、研究者位置与沉默的对象","愿意受访的人恰好集中在同一种关系网络","受访叙述不能直接代表所有群体","北京大学社会学系：专业介绍 [学科范围]","https://bkzs.pku.edu.cn/xkzy/xy/shkxxb/sxkxxy_31/sxkxxyzszy_31/index.htm","2026-10-04","内容编辑与机制审核，未获逐方向专家签审"
"social-work-studies-1","social-work-studies","社会工作理论","服务目标、参与过程与授权范围","society","细分核对","进入田野的关系、访谈场景与沉默者记录","标明谁愿意谈、谁无法接触以及研究者的位置","最容易接触到的人替整个群体发言","便于访谈不意味着经验具有代表性","北京大学社会学系：专业介绍 [学科范围]","https://bkzs.pku.edu.cn/xkzy/xy/shkxxb/sxkxxy_31/sxkxxyzszy_31/index.htm","2026-10-04","内容编辑与机制审核，未获逐方向专家签审"
"social-work-studies-2","social-work-studies","个案工作研究","服务目标、参与过程与授权范围","society","细分核对","进入田野的关系、访谈场景与沉默者记录","标明谁愿意谈、谁无法接触以及研究者的位置","最容易接触到的人替整个群体发言","便于访谈不意味着经验具有代表性","北京大学社会学系：专业介绍 [学科范围]","https://bkzs.pku.edu.cn/xkzy/xy/shkxxb/sxkxxy_31/sxkxxyzszy_31/index.htm","2026-10-04","内容编辑与机制审核，未获逐方向专家签审"
"social-work-studies-3","social-work-studies","小组工作研究","服务目标、参与过程与授权范围","society","细分核对","进入田野的关系、访谈场景与沉默者记录","标明谁愿意谈、谁无法接触以及研究者的位置","最容易接触到的人替整个群体发言","便于访谈不意味着经验具有代表性","北京大学社会学系：专业介绍 [学科范围]","https://bkzs.pku.edu.cn/xkzy/xy/shkxxb/sxkxxy_31/sxkxxyzszy_31/index.htm","2026-10-04","内容编辑与机制审核，未获逐方向专家签审"
"social-work-studies-4","social-work-studies","社区工作研究","服务目标、参与过程与授权范围","society","细分核对","进入田野的关系、访谈场景与沉默者记录","标明谁愿意谈、谁无法接触以及研究者的位置","最容易接触到的人替整个群体发言","便于访谈不意味着经验具有代表性","北京大学社会学系：专业介绍 [学科范围]","https://bkzs.pku.edu.cn/xkzy/xy/shkxxb/sxkxxy_31/sxkxxyzszy_31/index.htm","2026-10-04","内容编辑与机制审核，未获逐方向专家签审"
"social-work-studies-5","social-work-studies","儿童与家庭服务","服务目标、参与过程与授权范围","society","细分核对","进入田野的关系、访谈场景与沉默者记录","标明谁愿意谈、谁无法接触以及研究者的位置","最容易接触到的人替整个群体发言","便于访谈不意味着经验具有代表性","北京大学社会学系：专业介绍 [学科范围]","https://bkzs.pku.edu.cn/xkzy/xy/shkxxb/sxkxxy_31/sxkxxyzszy_31/index.htm","2026-10-04","内容编辑与机制审核，未获逐方向专家签审"
"social-work-studies-6","social-work-studies","老年社会服务","服务目标、参与过程与授权范围","society","细分核对","进入田野的关系、访谈场景与沉默者记录","标明谁愿意谈、谁无法接触以及研究者的位置","最容易接触到的人替整个群体发言","便于访谈不意味着经验具有代表性","北京大学社会学系：专业介绍 [学科范围]","https://bkzs.pku.edu.cn/xkzy/xy/shkxxb/sxkxxy_31/sxkxxyzszy_31/index.htm","2026-10-04","内容编辑与机制审核，未获逐方向专家签审"
"social-work-studies-7","social-work-studies","社会工作教育","服务目标、参与过程与授权范围","education","细分核对","进入田野的关系、访谈场景与沉默者记录","标明谁愿意谈、谁无法接触以及研究者的位置","最容易接触到的人替整个群体发言","便于访谈不意味着经验具有代表性","北京师范大学：课程与教学研究方向 [学科范围]","https://cter.bnu.edu.cn/docs/2024-05/e0d9749ec02e425eb45aa96fefdadc2a.pdf","2026-10-04","内容编辑与机制审核，未获逐方向专家签审"
"social-work-studies-8","social-work-studies","社会服务评价","服务目标、参与过程与授权范围","society","细分核对","进入田野的关系、访谈场景与沉默者记录","标明谁愿意谈、谁无法接触以及研究者的位置","最容易接触到的人替整个群体发言","便于访谈不意味着经验具有代表性","北京大学社会学系：专业介绍 [学科范围]","https://bkzs.pku.edu.cn/xkzy/xy/shkxxb/sxkxxy_31/sxkxxyzszy_31/index.htm","2026-10-04","内容编辑与机制审核，未获逐方向专家签审"
"social-work-studies-9","social-work-studies","社会工作伦理","服务目标、参与过程与授权范围","society","细分核对","进入田野的关系、访谈场景与沉默者记录","标明谁愿意谈、谁无法接触以及研究者的位置","最容易接触到的人替整个群体发言","便于访谈不意味着经验具有代表性","北京大学社会学系：专业介绍 [学科范围]","https://bkzs.pku.edu.cn/xkzy/xy/shkxxb/sxkxxy_31/sxkxxyzszy_31/index.htm","2026-10-04","内容编辑与机制审核，未获逐方向专家签审"
"social-work-studies-10","social-work-studies","社会组织协作","服务目标、参与过程与授权范围","society","细分核对","进入田野的关系、访谈场景与沉默者记录","标明谁愿意谈、谁无法接触以及研究者的位置","最容易接触到的人替整个群体发言","便于访谈不意味着经验具有代表性","北京大学社会学系：专业介绍 [学科范围]","https://bkzs.pku.edu.cn/xkzy/xy/shkxxb/sxkxxy_31/sxkxxyzszy_31/index.htm","2026-10-04","内容编辑与机制审核，未获逐方向专家签审"
"social-work-studies-11","social-work-studies","社会工作史","服务目标、参与过程与授权范围","society","细分核对","进入田野的关系、访谈场景与沉默者记录","标明谁愿意谈、谁无法接触以及研究者的位置","最容易接触到的人替整个群体发言","便于访谈不意味着经验具有代表性","北京大学社会学系：专业介绍 [学科范围]","https://bkzs.pku.edu.cn/xkzy/xy/shkxxb/sxkxxy_31/sxkxxyzszy_31/index.htm","2026-10-04","内容编辑与机制审核，未获逐方向专家签审"
"social-work-studies-12","social-work-studies","服务可及性","服务目标、参与过程与授权范围","society","细分核对","进入田野的关系、访谈场景与沉默者记录","标明谁愿意谈、谁无法接触以及研究者的位置","最容易接触到的人替整个群体发言","便于访谈不意味着经验具有代表性","北京大学社会学系：专业介绍 [学科范围]","https://bkzs.pku.edu.cn/xkzy/xy/shkxxb/sxkxxy_31/sxkxxyzszy_31/index.htm","2026-10-04","内容编辑与机制审核，未获逐方向专家签审"
"intellectual-property-1","intellectual-property","专利法研究","权利范围、事实情境与规则版本","law","细分核对","创作时间、权利主张与使用方式对照","分开权利对象、权属与受限制的使用行为","作品相似被当成所有权利要件都满足","相似性不独立证明权属与侵权","北京大学法学院：培养方向 [学科范围]","https://www.law.pku.edu.cn/xwzx/ggtz/zsjx/870508d182464f118ae55b9473a4c4f3.htm","2026-10-04","内容编辑与机制审核，未获逐方向专家签审"
"intellectual-property-2","intellectual-property","著作权研究","权利范围、事实情境与规则版本","society","细分核对","创作时间、权利主张与使用方式对照","分开权利对象、权属与受限制的使用行为","作品相似被当成所有权利要件都满足","相似性不独立证明权属与侵权","北京大学社会学系：专业介绍 [学科范围]","https://bkzs.pku.edu.cn/xkzy/xy/shkxxb/sxkxxy_31/sxkxxyzszy_31/index.htm","2026-10-04","内容编辑与机制审核，未获逐方向专家签审"
"intellectual-property-3","intellectual-property","商标法研究","权利范围、事实情境与规则版本","law","细分核对","关系类型、约定文本与争议事实","区分文本解释、履行事实与规范适用，核对时期和制度","合同中的约定被当作所有情境下当然有效的规则","约定文本不独立解决效力与具体适用问题","北京大学法学院：培养方向 [学科范围]","https://www.law.pku.edu.cn/xwzx/ggtz/zsjx/870508d182464f118ae55b9473a4c4f3.htm","2026-10-04","内容编辑与机制审核，未获逐方向专家签审"
"intellectual-property-4","intellectual-property","商业秘密制度","权利范围、事实情境与规则版本","society","共享主题模块","抽样框、访谈语境与参与关系记录","保留访问条件、研究者位置与沉默的对象","愿意受访的人恰好集中在同一种关系网络","受访叙述不能直接代表所有群体","北京大学社会学系：专业介绍 [学科范围]","https://bkzs.pku.edu.cn/xkzy/xy/shkxxb/sxkxxy_31/sxkxxyzszy_31/index.htm","2026-10-04","内容编辑与机制审核，未获逐方向专家签审"
"intellectual-property-5","intellectual-property","知识产权史","权利范围、事实情境与规则版本","society","细分核对","创作时间、权利主张与使用方式对照","分开权利对象、权属与受限制的使用行为","作品相似被当成所有权利要件都满足","相似性不独立证明权属与侵权","北京大学社会学系：专业介绍 [学科范围]","https://bkzs.pku.edu.cn/xkzy/xy/shkxxb/sxkxxy_31/sxkxxyzszy_31/index.htm","2026-10-04","内容编辑与机制审核，未获逐方向专家签审"
"intellectual-property-6","intellectual-property","技术许可研究","权利范围、事实情境与规则版本","society","共享主题模块","抽样框、访谈语境与参与关系记录","保留访问条件、研究者位置与沉默的对象","愿意受访的人恰好集中在同一种关系网络","受访叙述不能直接代表所有群体","北京大学社会学系：专业介绍 [学科范围]","https://bkzs.pku.edu.cn/xkzy/xy/shkxxb/sxkxxy_31/sxkxxyzszy_31/index.htm","2026-10-04","内容编辑与机制审核，未获逐方向专家签审"
"intellectual-property-7","intellectual-property","文化版权研究","权利范围、事实情境与规则版本","society","共享主题模块","抽样框、访谈语境与参与关系记录","保留访问条件、研究者位置与沉默的对象","愿意受访的人恰好集中在同一种关系网络","受访叙述不能直接代表所有群体","北京大学社会学系：专业介绍 [学科范围]","https://bkzs.pku.edu.cn/xkzy/xy/shkxxb/sxkxxy_31/sxkxxyzszy_31/index.htm","2026-10-04","内容编辑与机制审核，未获逐方向专家签审"
"intellectual-property-8","intellectual-property","数字版权","权利范围、事实情境与规则版本","society","共享主题模块","抽样框、访谈语境与参与关系记录","保留访问条件、研究者位置与沉默的对象","愿意受访的人恰好集中在同一种关系网络","受访叙述不能直接代表所有群体","北京大学社会学系：专业介绍 [学科范围]","https://bkzs.pku.edu.cn/xkzy/xy/shkxxb/sxkxxy_31/sxkxxyzszy_31/index.htm","2026-10-04","内容编辑与机制审核，未获逐方向专家签审"
"intellectual-property-9","intellectual-property","知识产权评价","权利范围、事实情境与规则版本","society","细分核对","创作时间、权利主张与使用方式对照","分开权利对象、权属与受限制的使用行为","作品相似被当成所有权利要件都满足","相似性不独立证明权属与侵权","北京大学社会学系：专业介绍 [学科范围]","https://bkzs.pku.edu.cn/xkzy/xy/shkxxb/sxkxxy_31/sxkxxyzszy_31/index.htm","2026-10-04","内容编辑与机制审核，未获逐方向专家签审"
"intellectual-property-10","intellectual-property","国际知识产权","权利范围、事实情境与规则版本","society","细分核对","创作时间、权利主张与使用方式对照","分开权利对象、权属与受限制的使用行为","作品相似被当成所有权利要件都满足","相似性不独立证明权属与侵权","北京大学社会学系：专业介绍 [学科范围]","https://bkzs.pku.edu.cn/xkzy/xy/shkxxb/sxkxxy_31/sxkxxyzszy_31/index.htm","2026-10-04","内容编辑与机制审核，未获逐方向专家签审"
"intellectual-property-11","intellectual-property","公共领域研究","权利范围、事实情境与规则版本","policy","共享主题模块","制度文本、执行材料与对象反馈","比较制度情境，保留执行层次与时间","两个地方用了同名制度，执行条件却不同","制度名称相同不保证比较对象相同","北京大学法学院：培养方向 [学科范围]；北京大学社会学系：专业介绍 [学科范围]","https://www.law.pku.edu.cn/xwzx/ggtz/zsjx/870508d182464f118ae55b9473a4c4f3.htm；https://bkzs.pku.edu.cn/xkzy/xy/shkxxb/sxkxxy_31/sxkxxyzszy_31/index.htm","2026-10-04","内容编辑与机制审核，未获逐方向专家签审"
"intellectual-property-12","intellectual-property","知识产权教育","权利范围、事实情境与规则版本","education","细分核对","创作时间、权利主张与使用方式对照","分开权利对象、权属与受限制的使用行为","作品相似被当成所有权利要件都满足","相似性不独立证明权属与侵权","北京师范大学：课程与教学研究方向 [学科范围]","https://cter.bnu.edu.cn/docs/2024-05/e0d9749ec02e425eb45aa96fefdadc2a.pdf","2026-10-04","内容编辑与机制审核，未获逐方向专家签审"
"psychology-studies-1","psychology-studies","基础心理学","测量构念、任务条件与参与者层次","psychology","细分核对","任务版本、反应分布与构念定义","区分任务熟悉、测量误差与构念变化","练熟一道任务被当成心理构念整体改善","任务分数不能独立覆盖整个心理构念","北京师范大学：课程与教学研究方向 [学科范围]；NHLBI：研究质量评估工具 [研究方法资料]","https://cter.bnu.edu.cn/docs/2024-05/e0d9749ec02e425eb45aa96fefdadc2a.pdf；https://www.nhlbi.nih.gov/health-topics/study-quality-assessment-tools","2026-10-04","内容编辑与机制审核，未获逐方向专家签审"
"psychology-studies-2","psychology-studies","认知心理学","测量构念、任务条件与参与者层次","psychology","细分核对","任务版本、反应分布与构念定义","区分任务熟悉、测量误差与构念变化","练熟一道任务被当成心理构念整体改善","任务分数不能独立覆盖整个心理构念","北京师范大学：课程与教学研究方向 [学科范围]；NHLBI：研究质量评估工具 [研究方法资料]","https://cter.bnu.edu.cn/docs/2024-05/e0d9749ec02e425eb45aa96fefdadc2a.pdf；https://www.nhlbi.nih.gov/health-topics/study-quality-assessment-tools","2026-10-04","内容编辑与机制审核，未获逐方向专家签审"
"psychology-studies-3","psychology-studies","发展心理学","测量构念、任务条件与参与者层次","psychology","细分核对","任务版本、反应分布与构念定义","区分任务熟悉、测量误差与构念变化","练熟一道任务被当成心理构念整体改善","任务分数不能独立覆盖整个心理构念","北京师范大学：课程与教学研究方向 [学科范围]；NHLBI：研究质量评估工具 [研究方法资料]","https://cter.bnu.edu.cn/docs/2024-05/e0d9749ec02e425eb45aa96fefdadc2a.pdf；https://www.nhlbi.nih.gov/health-topics/study-quality-assessment-tools","2026-10-04","内容编辑与机制审核，未获逐方向专家签审"
"psychology-studies-4","psychology-studies","教育心理学","测量构念、任务条件与参与者层次","education","细分核对","任务版本、反应分布与构念定义","区分任务熟悉、测量误差与构念变化","练熟一道任务被当成心理构念整体改善","任务分数不能独立覆盖整个心理构念","北京师范大学：课程与教学研究方向 [学科范围]","https://cter.bnu.edu.cn/docs/2024-05/e0d9749ec02e425eb45aa96fefdadc2a.pdf","2026-10-04","内容编辑与机制审核，未获逐方向专家签审"
"psychology-studies-5","psychology-studies","社会心理学","测量构念、任务条件与参与者层次","psychology","细分核对","任务版本、反应分布与构念定义","区分任务熟悉、测量误差与构念变化","练熟一道任务被当成心理构念整体改善","任务分数不能独立覆盖整个心理构念","北京师范大学：课程与教学研究方向 [学科范围]；NHLBI：研究质量评估工具 [研究方法资料]","https://cter.bnu.edu.cn/docs/2024-05/e0d9749ec02e425eb45aa96fefdadc2a.pdf；https://www.nhlbi.nih.gov/health-topics/study-quality-assessment-tools","2026-10-04","内容编辑与机制审核，未获逐方向专家签审"
"psychology-studies-6","psychology-studies","人格心理学","测量构念、任务条件与参与者层次","psychology","细分核对","任务版本、反应分布与构念定义","区分任务熟悉、测量误差与构念变化","练熟一道任务被当成心理构念整体改善","任务分数不能独立覆盖整个心理构念","北京师范大学：课程与教学研究方向 [学科范围]；NHLBI：研究质量评估工具 [研究方法资料]","https://cter.bnu.edu.cn/docs/2024-05/e0d9749ec02e425eb45aa96fefdadc2a.pdf；https://www.nhlbi.nih.gov/health-topics/study-quality-assessment-tools","2026-10-04","内容编辑与机制审核，未获逐方向专家签审"
"psychology-studies-7","psychology-studies","心理测量","测量构念、任务条件与参与者层次","measurement-scale","细分核对","任务版本、反应分布与构念定义","区分任务熟悉、测量误差与构念变化","练熟一道任务被当成心理构念整体改善","任务分数不能独立覆盖整个心理构念","NHLBI：研究质量评估工具 [研究方法资料]","https://www.nhlbi.nih.gov/health-topics/study-quality-assessment-tools","2026-10-04","内容编辑与机制审核，未获逐方向专家签审"
"psychology-studies-8","psychology-studies","心理统计","测量构念、任务条件与参与者层次","psychology","细分核对","任务版本、反应分布与构念定义","区分任务熟悉、测量误差与构念变化","练熟一道任务被当成心理构念整体改善","任务分数不能独立覆盖整个心理构念","北京师范大学：课程与教学研究方向 [学科范围]；NHLBI：研究质量评估工具 [研究方法资料]","https://cter.bnu.edu.cn/docs/2024-05/e0d9749ec02e425eb45aa96fefdadc2a.pdf；https://www.nhlbi.nih.gov/health-topics/study-quality-assessment-tools","2026-10-04","内容编辑与机制审核，未获逐方向专家签审"
"psychology-studies-9","psychology-studies","组织心理学","测量构念、任务条件与参与者层次","psychology","细分核对","任务版本、反应分布与构念定义","区分任务熟悉、测量误差与构念变化","练熟一道任务被当成心理构念整体改善","任务分数不能独立覆盖整个心理构念","北京师范大学：课程与教学研究方向 [学科范围]；NHLBI：研究质量评估工具 [研究方法资料]","https://cter.bnu.edu.cn/docs/2024-05/e0d9749ec02e425eb45aa96fefdadc2a.pdf；https://www.nhlbi.nih.gov/health-topics/study-quality-assessment-tools","2026-10-04","内容编辑与机制审核，未获逐方向专家签审"
"psychology-studies-10","psychology-studies","健康心理资料","测量构念、任务条件与参与者层次","psychology","细分核对","任务版本、反应分布与构念定义","区分任务熟悉、测量误差与构念变化","练熟一道任务被当成心理构念整体改善","任务分数不能独立覆盖整个心理构念","北京师范大学：课程与教学研究方向 [学科范围]；NHLBI：研究质量评估工具 [研究方法资料]","https://cter.bnu.edu.cn/docs/2024-05/e0d9749ec02e425eb45aa96fefdadc2a.pdf；https://www.nhlbi.nih.gov/health-topics/study-quality-assessment-tools","2026-10-04","内容编辑与机制审核，未获逐方向专家签审"
"psychology-studies-11","psychology-studies","咨询过程研究","测量构念、任务条件与参与者层次","psychology","细分核对","任务版本、反应分布与构念定义","区分任务熟悉、测量误差与构念变化","练熟一道任务被当成心理构念整体改善","任务分数不能独立覆盖整个心理构念","北京师范大学：课程与教学研究方向 [学科范围]；NHLBI：研究质量评估工具 [研究方法资料]","https://cter.bnu.edu.cn/docs/2024-05/e0d9749ec02e425eb45aa96fefdadc2a.pdf；https://www.nhlbi.nih.gov/health-topics/study-quality-assessment-tools","2026-10-04","内容编辑与机制审核，未获逐方向专家签审"
"psychology-studies-12","psychology-studies","心理学史","测量构念、任务条件与参与者层次","psychology","细分核对","任务版本、反应分布与构念定义","区分任务熟悉、测量误差与构念变化","练熟一道任务被当成心理构念整体改善","任务分数不能独立覆盖整个心理构念","北京师范大学：课程与教学研究方向 [学科范围]；NHLBI：研究质量评估工具 [研究方法资料]","https://cter.bnu.edu.cn/docs/2024-05/e0d9749ec02e425eb45aa96fefdadc2a.pdf；https://www.nhlbi.nih.gov/health-topics/study-quality-assessment-tools","2026-10-04","内容编辑与机制审核，未获逐方向专家签审"
"sport-studies-1","sport-studies","体育人文社会学","训练暴露、测量时点与活动情境","sport","共享主题模块","训练负荷、测试环境与恢复记录","对照负荷与恢复时间，区分熟悉任务与真实进步","状态最好的同学恰好都在较充分休息后测试","一次成绩不能代表长期训练效应","北京师范大学：课程与教学研究方向 [学科范围]","https://cter.bnu.edu.cn/docs/2024-05/e0d9749ec02e425eb45aa96fefdadc2a.pdf","2026-10-04","内容编辑与机制审核，未获逐方向专家签审"
"sport-studies-2","sport-studies","运动人体科学","训练暴露、测量时点与活动情境","sport","细分核对","标准任务、日常活动与参与记录","分开测试改善、实际功能与生活参与","练熟测试被当成所有生活任务都改善","测试任务不能覆盖全部生活参与","北京师范大学：课程与教学研究方向 [学科范围]","https://cter.bnu.edu.cn/docs/2024-05/e0d9749ec02e425eb45aa96fefdadc2a.pdf","2026-10-04","内容编辑与机制审核，未获逐方向专家签审"
"sport-studies-3","sport-studies","体育教育训练学","训练暴露、测量时点与活动情境","education","细分核对","标准任务、日常活动与参与记录","分开测试改善、实际功能与生活参与","练熟测试被当成所有生活任务都改善","测试任务不能覆盖全部生活参与","北京师范大学：课程与教学研究方向 [学科范围]","https://cter.bnu.edu.cn/docs/2024-05/e0d9749ec02e425eb45aa96fefdadc2a.pdf","2026-10-04","内容编辑与机制审核，未获逐方向专家签审"
"sport-studies-4","sport-studies","民族传统体育学","训练暴露、测量时点与活动情境","sport","共享主题模块","训练负荷、测试环境与恢复记录","对照负荷与恢复时间，区分熟悉任务与真实进步","状态最好的同学恰好都在较充分休息后测试","一次成绩不能代表长期训练效应","北京师范大学：课程与教学研究方向 [学科范围]","https://cter.bnu.edu.cn/docs/2024-05/e0d9749ec02e425eb45aa96fefdadc2a.pdf","2026-10-04","内容编辑与机制审核，未获逐方向专家签审"
"sport-studies-5","sport-studies","运动学习","训练暴露、测量时点与活动情境","education","细分核对","标准任务、日常活动与参与记录","分开测试改善、实际功能与生活参与","练熟测试被当成所有生活任务都改善","测试任务不能覆盖全部生活参与","北京师范大学：课程与教学研究方向 [学科范围]","https://cter.bnu.edu.cn/docs/2024-05/e0d9749ec02e425eb45aa96fefdadc2a.pdf","2026-10-04","内容编辑与机制审核，未获逐方向专家签审"
"sport-studies-6","sport-studies","运动心理资料","训练暴露、测量时点与活动情境","psychology","细分核对","标准任务、日常活动与参与记录","分开测试改善、实际功能与生活参与","练熟测试被当成所有生活任务都改善","测试任务不能覆盖全部生活参与","北京师范大学：课程与教学研究方向 [学科范围]；NHLBI：研究质量评估工具 [研究方法资料]","https://cter.bnu.edu.cn/docs/2024-05/e0d9749ec02e425eb45aa96fefdadc2a.pdf；https://www.nhlbi.nih.gov/health-topics/study-quality-assessment-tools","2026-10-04","内容编辑与机制审核，未获逐方向专家签审"
"sport-studies-7","sport-studies","体育课程","训练暴露、测量时点与活动情境","education","细分核对","学习目标、任务作品与课堂实施记录","对齐学习目标和评价任务，区分实施变化与工具作用","参与更积极被直接写成目标知识掌握更好","参与、满意与掌握是不同结局，需要分别评价","北京师范大学：课程与教学研究方向 [学科范围]","https://cter.bnu.edu.cn/docs/2024-05/e0d9749ec02e425eb45aa96fefdadc2a.pdf","2026-10-04","内容编辑与机制审核，未获逐方向专家签审"
"sport-studies-8","sport-studies","大众体育","训练暴露、测量时点与活动情境","sport","共享主题模块","训练负荷、测试环境与恢复记录","对照负荷与恢复时间，区分熟悉任务与真实进步","状态最好的同学恰好都在较充分休息后测试","一次成绩不能代表长期训练效应","北京师范大学：课程与教学研究方向 [学科范围]","https://cter.bnu.edu.cn/docs/2024-05/e0d9749ec02e425eb45aa96fefdadc2a.pdf","2026-10-04","内容编辑与机制审核，未获逐方向专家签审"
"sport-studies-9","sport-studies","适应体育","训练暴露、测量时点与活动情境","sport","共享主题模块","训练负荷、测试环境与恢复记录","对照负荷与恢复时间，区分熟悉任务与真实进步","状态最好的同学恰好都在较充分休息后测试","一次成绩不能代表长期训练效应","北京师范大学：课程与教学研究方向 [学科范围]","https://cter.bnu.edu.cn/docs/2024-05/e0d9749ec02e425eb45aa96fefdadc2a.pdf","2026-10-04","内容编辑与机制审核，未获逐方向专家签审"
"sport-studies-10","sport-studies","体育赛事研究","训练暴露、测量时点与活动情境","sport","共享主题模块","训练负荷、测试环境与恢复记录","对照负荷与恢复时间，区分熟悉任务与真实进步","状态最好的同学恰好都在较充分休息后测试","一次成绩不能代表长期训练效应","北京师范大学：课程与教学研究方向 [学科范围]","https://cter.bnu.edu.cn/docs/2024-05/e0d9749ec02e425eb45aa96fefdadc2a.pdf","2026-10-04","内容编辑与机制审核，未获逐方向专家签审"
"sport-studies-11","sport-studies","运动测量","训练暴露、测量时点与活动情境","sport","细分核对","标准任务、日常活动与参与记录","分开测试改善、实际功能与生活参与","练熟测试被当成所有生活任务都改善","测试任务不能覆盖全部生活参与","北京师范大学：课程与教学研究方向 [学科范围]","https://cter.bnu.edu.cn/docs/2024-05/e0d9749ec02e425eb45aa96fefdadc2a.pdf","2026-10-04","内容编辑与机制审核，未获逐方向专家签审"
"sport-studies-12","sport-studies","体育史","训练暴露、测量时点与活动情境","sport","共享主题模块","训练负荷、测试环境与恢复记录","对照负荷与恢复时间，区分熟悉任务与真实进步","状态最好的同学恰好都在较充分休息后测试","一次成绩不能代表长期训练效应","北京师范大学：课程与教学研究方向 [学科范围]","https://cter.bnu.edu.cn/docs/2024-05/e0d9749ec02e425eb45aa96fefdadc2a.pdf","2026-10-04","内容编辑与机制审核，未获逐方向专家签审"
"chinese-education-1","chinese-education","中文作为第二语言","学习阶段、语言背景与课堂任务","education","共享主题模块","课堂目标、活动记录与学习过程材料","让任务、教学目标与评价对应，保留班级差异","换了老师也换了活动，改善却全归到工具上","课后高分不能独立证明某项教学设计有效","北京师范大学：课程与教学研究方向 [学科范围]","https://cter.bnu.edu.cn/docs/2024-05/e0d9749ec02e425eb45aa96fefdadc2a.pdf","2026-10-04","内容编辑与机制审核，未获逐方向专家签审"
"chinese-education-2","chinese-education","中文教学设计","学习阶段、语言背景与课堂任务","education","细分核对","学习目标、任务作品与课堂实施记录","对齐学习目标和评价任务，区分实施变化与工具作用","参与更积极被直接写成目标知识掌握更好","参与、满意与掌握是不同结局，需要分别评价","北京师范大学：课程与教学研究方向 [学科范围]","https://cter.bnu.edu.cn/docs/2024-05/e0d9749ec02e425eb45aa96fefdadc2a.pdf","2026-10-04","内容编辑与机制审核，未获逐方向专家签审"
"chinese-education-3","chinese-education","国际中文教材","学习阶段、语言背景与课堂任务","education","共享主题模块","课堂目标、活动记录与学习过程材料","让任务、教学目标与评价对应，保留班级差异","换了老师也换了活动，改善却全归到工具上","课后高分不能独立证明某项教学设计有效","北京师范大学：课程与教学研究方向 [学科范围]","https://cter.bnu.edu.cn/docs/2024-05/e0d9749ec02e425eb45aa96fefdadc2a.pdf","2026-10-04","内容编辑与机制审核，未获逐方向专家签审"
"chinese-education-4","chinese-education","汉字学习","学习阶段、语言背景与课堂任务","education","共享主题模块","课堂目标、活动记录与学习过程材料","让任务、教学目标与评价对应，保留班级差异","换了老师也换了活动，改善却全归到工具上","课后高分不能独立证明某项教学设计有效","北京师范大学：课程与教学研究方向 [学科范围]","https://cter.bnu.edu.cn/docs/2024-05/e0d9749ec02e425eb45aa96fefdadc2a.pdf","2026-10-04","内容编辑与机制审核，未获逐方向专家签审"
"chinese-education-5","chinese-education","中文语音教学","学习阶段、语言背景与课堂任务","education","细分核对","学习目标、任务作品与课堂实施记录","对齐学习目标和评价任务，区分实施变化与工具作用","参与更积极被直接写成目标知识掌握更好","参与、满意与掌握是不同结局，需要分别评价","北京师范大学：课程与教学研究方向 [学科范围]","https://cter.bnu.edu.cn/docs/2024-05/e0d9749ec02e425eb45aa96fefdadc2a.pdf","2026-10-04","内容编辑与机制审核，未获逐方向专家签审"
"chinese-education-6","chinese-education","课堂互动","学习阶段、语言背景与课堂任务","education","细分核对","学习目标、任务作品与课堂实施记录","对齐学习目标和评价任务，区分实施变化与工具作用","参与更积极被直接写成目标知识掌握更好","参与、满意与掌握是不同结局，需要分别评价","北京师范大学：课程与教学研究方向 [学科范围]","https://cter.bnu.edu.cn/docs/2024-05/e0d9749ec02e425eb45aa96fefdadc2a.pdf","2026-10-04","内容编辑与机制审核，未获逐方向专家签审"
"chinese-education-7","chinese-education","中文学习评价","学习阶段、语言背景与课堂任务","education","共享主题模块","课堂目标、活动记录与学习过程材料","让任务、教学目标与评价对应，保留班级差异","换了老师也换了活动，改善却全归到工具上","课后高分不能独立证明某项教学设计有效","北京师范大学：课程与教学研究方向 [学科范围]","https://cter.bnu.edu.cn/docs/2024-05/e0d9749ec02e425eb45aa96fefdadc2a.pdf","2026-10-04","内容编辑与机制审核，未获逐方向专家签审"
"chinese-education-8","chinese-education","跨文化教学","学习阶段、语言背景与课堂任务","education","细分核对","学习目标、任务作品与课堂实施记录","对齐学习目标和评价任务，区分实施变化与工具作用","参与更积极被直接写成目标知识掌握更好","参与、满意与掌握是不同结局，需要分别评价","北京师范大学：课程与教学研究方向 [学科范围]","https://cter.bnu.edu.cn/docs/2024-05/e0d9749ec02e425eb45aa96fefdadc2a.pdf","2026-10-04","内容编辑与机制审核，未获逐方向专家签审"
"chinese-education-9","chinese-education","中文教师发展","学习阶段、语言背景与课堂任务","education","共享主题模块","课堂目标、活动记录与学习过程材料","让任务、教学目标与评价对应，保留班级差异","换了老师也换了活动，改善却全归到工具上","课后高分不能独立证明某项教学设计有效","北京师范大学：课程与教学研究方向 [学科范围]","https://cter.bnu.edu.cn/docs/2024-05/e0d9749ec02e425eb45aa96fefdadc2a.pdf","2026-10-04","内容编辑与机制审核，未获逐方向专家签审"
"chinese-education-10","chinese-education","在线中文教育","学习阶段、语言背景与课堂任务","education","共享主题模块","课堂目标、活动记录与学习过程材料","让任务、教学目标与评价对应，保留班级差异","换了老师也换了活动，改善却全归到工具上","课后高分不能独立证明某项教学设计有效","北京师范大学：课程与教学研究方向 [学科范围]","https://cter.bnu.edu.cn/docs/2024-05/e0d9749ec02e425eb45aa96fefdadc2a.pdf","2026-10-04","内容编辑与机制审核，未获逐方向专家签审"
"chinese-education-11","chinese-education","学习者语料","学习阶段、语言背景与课堂任务","education","共享主题模块","课堂目标、活动记录与学习过程材料","让任务、教学目标与评价对应，保留班级差异","换了老师也换了活动，改善却全归到工具上","课后高分不能独立证明某项教学设计有效","北京师范大学：课程与教学研究方向 [学科范围]","https://cter.bnu.edu.cn/docs/2024-05/e0d9749ec02e425eb45aa96fefdadc2a.pdf","2026-10-04","内容编辑与机制审核，未获逐方向专家签审"
"chinese-education-12","chinese-education","国际中文教育史","学习阶段、语言背景与课堂任务","education","共享主题模块","课堂目标、活动记录与学习过程材料","让任务、教学目标与评价对应，保留班级差异","换了老师也换了活动，改善却全归到工具上","课后高分不能独立证明某项教学设计有效","北京师范大学：课程与教学研究方向 [学科范围]","https://cter.bnu.edu.cn/docs/2024-05/e0d9749ec02e425eb45aa96fefdadc2a.pdf","2026-10-04","内容编辑与机制审核，未获逐方向专家签审"
"publishing-studies-1","publishing-studies","出版史","文本版本、编辑过程与传播授权","media","细分核对","发布记录、推荐入口与受众接触路径","区分曝光、接触、理解与态度变化","推荐规则变化被写成受众兴趣突然转向","平台互动不独立代表全部受众态度","北京大学中文系：学科介绍 [相邻学科范围]","https://chinese.pku.edu.cn/yxgk/bxjj/index.htm","2026-10-04","内容编辑与机制审核，未获逐方向专家签审"
"publishing-studies-2","publishing-studies","编辑学","文本版本、编辑过程与传播授权","media","细分核对","发布记录、推荐入口与受众接触路径","区分曝光、接触、理解与态度变化","推荐规则变化被写成受众兴趣突然转向","平台互动不独立代表全部受众态度","北京大学中文系：学科介绍 [相邻学科范围]","https://chinese.pku.edu.cn/yxgk/bxjj/index.htm","2026-10-04","内容编辑与机制审核，未获逐方向专家签审"
"publishing-studies-3","publishing-studies","学术出版","文本版本、编辑过程与传播授权","media","细分核对","发布记录、推荐入口与受众接触路径","区分曝光、接触、理解与态度变化","推荐规则变化被写成受众兴趣突然转向","平台互动不独立代表全部受众态度","北京大学中文系：学科介绍 [相邻学科范围]","https://chinese.pku.edu.cn/yxgk/bxjj/index.htm","2026-10-04","内容编辑与机制审核，未获逐方向专家签审"
"publishing-studies-4","publishing-studies","数字出版","文本版本、编辑过程与传播授权","media","细分核对","发布记录、推荐入口与受众接触路径","区分曝光、接触、理解与态度变化","推荐规则变化被写成受众兴趣突然转向","平台互动不独立代表全部受众态度","北京大学中文系：学科介绍 [相邻学科范围]","https://chinese.pku.edu.cn/yxgk/bxjj/index.htm","2026-10-04","内容编辑与机制审核，未获逐方向专家签审"
"publishing-studies-5","publishing-studies","出版版权","文本版本、编辑过程与传播授权","media","细分核对","发布记录、推荐入口与受众接触路径","区分曝光、接触、理解与态度变化","推荐规则变化被写成受众兴趣突然转向","平台互动不独立代表全部受众态度","北京大学中文系：学科介绍 [相邻学科范围]","https://chinese.pku.edu.cn/yxgk/bxjj/index.htm","2026-10-04","内容编辑与机制审核，未获逐方向专家签审"
"publishing-studies-6","publishing-studies","出版经营资料","文本版本、编辑过程与传播授权","media","细分核对","发布记录、推荐入口与受众接触路径","区分曝光、接触、理解与态度变化","推荐规则变化被写成受众兴趣突然转向","平台互动不独立代表全部受众态度","北京大学中文系：学科介绍 [相邻学科范围]","https://chinese.pku.edu.cn/yxgk/bxjj/index.htm","2026-10-04","内容编辑与机制审核，未获逐方向专家签审"
"publishing-studies-7","publishing-studies","读者研究","文本版本、编辑过程与传播授权","media","细分核对","发布记录、推荐入口与受众接触路径","区分曝光、接触、理解与态度变化","推荐规则变化被写成受众兴趣突然转向","平台互动不独立代表全部受众态度","北京大学中文系：学科介绍 [相邻学科范围]","https://chinese.pku.edu.cn/yxgk/bxjj/index.htm","2026-10-04","内容编辑与机制审核，未获逐方向专家签审"
"publishing-studies-8","publishing-studies","出版伦理","文本版本、编辑过程与传播授权","media","细分核对","发布记录、推荐入口与受众接触路径","区分曝光、接触、理解与态度变化","推荐规则变化被写成受众兴趣突然转向","平台互动不独立代表全部受众态度","北京大学中文系：学科介绍 [相邻学科范围]","https://chinese.pku.edu.cn/yxgk/bxjj/index.htm","2026-10-04","内容编辑与机制审核，未获逐方向专家签审"
"publishing-studies-9","publishing-studies","图书设计研究","文本版本、编辑过程与传播授权","media","细分核对","发布记录、推荐入口与受众接触路径","区分曝光、接触、理解与态度变化","推荐规则变化被写成受众兴趣突然转向","平台互动不独立代表全部受众态度","北京大学中文系：学科介绍 [相邻学科范围]","https://chinese.pku.edu.cn/yxgk/bxjj/index.htm","2026-10-04","内容编辑与机制审核，未获逐方向专家签审"
"publishing-studies-10","publishing-studies","出版技术评价","文本版本、编辑过程与传播授权","media","细分核对","发布记录、推荐入口与受众接触路径","区分曝光、接触、理解与态度变化","推荐规则变化被写成受众兴趣突然转向","平台互动不独立代表全部受众态度","北京大学中文系：学科介绍 [相邻学科范围]","https://chinese.pku.edu.cn/yxgk/bxjj/index.htm","2026-10-04","内容编辑与机制审核，未获逐方向专家签审"
"publishing-studies-11","publishing-studies","出版教育","文本版本、编辑过程与传播授权","education","细分核对","发布记录、推荐入口与受众接触路径","区分曝光、接触、理解与态度变化","推荐规则变化被写成受众兴趣突然转向","平台互动不独立代表全部受众态度","北京师范大学：课程与教学研究方向 [学科范围]","https://cter.bnu.edu.cn/docs/2024-05/e0d9749ec02e425eb45aa96fefdadc2a.pdf","2026-10-04","内容编辑与机制审核，未获逐方向专家签审"
"publishing-studies-12","publishing-studies","出版公共服务","文本版本、编辑过程与传播授权","media","细分核对","发布记录、推荐入口与受众接触路径","区分曝光、接触、理解与态度变化","推荐规则变化被写成受众兴趣突然转向","平台互动不独立代表全部受众态度","北京大学中文系：学科介绍 [相邻学科范围]","https://chinese.pku.edu.cn/yxgk/bxjj/index.htm","2026-10-04","内容编辑与机制审核，未获逐方向专家签审"
"museum-studies-1","museum-studies","博物馆学","藏品出处、展示语境与观众经验","heritage","细分核对","藏品来源、修复记录与展签版本","区分原物、后加修复与展示推测","现代修复的部件被当成原有结构","展示完整性不等于历史证据完整性","北京大学：科技考古教研室 [学科范围]；中央美术学院：人文学院 [相邻学科范围]","https://archaeology.pku.edu.cn/szdw/jxky1/jys/kjkgjys.htm；https://www.cafa.edu.cn/sp/nljg/?j=151","2026-10-04","内容编辑与机制审核，未获逐方向专家签审"
"museum-studies-2","museum-studies","藏品研究","藏品出处、展示语境与观众经验","heritage","共享主题模块","对象来源、保存状态与展示解释","区分保存目标、展示叙事与使用者理解","展示采用的复原想象被游客当成确定历史","复原与展示解释需要标明依据和不确定性","北京大学：科技考古教研室 [学科范围]；中央美术学院：人文学院 [相邻学科范围]","https://archaeology.pku.edu.cn/szdw/jxky1/jys/kjkgjys.htm；https://www.cafa.edu.cn/sp/nljg/?j=151","2026-10-04","内容编辑与机制审核，未获逐方向专家签审"
"museum-studies-3","museum-studies","展览策划","藏品出处、展示语境与观众经验","heritage","共享主题模块","对象来源、保存状态与展示解释","区分保存目标、展示叙事与使用者理解","展示采用的复原想象被游客当成确定历史","复原与展示解释需要标明依据和不确定性","北京大学：科技考古教研室 [学科范围]；中央美术学院：人文学院 [相邻学科范围]","https://archaeology.pku.edu.cn/szdw/jxky1/jys/kjkgjys.htm；https://www.cafa.edu.cn/sp/nljg/?j=151","2026-10-04","内容编辑与机制审核，未获逐方向专家签审"
"museum-studies-4","museum-studies","博物馆教育","藏品出处、展示语境与观众经验","heritage","细分核对","藏品来源、修复记录与展签版本","区分原物、后加修复与展示推测","现代修复的部件被当成原有结构","展示完整性不等于历史证据完整性","北京大学：科技考古教研室 [学科范围]；中央美术学院：人文学院 [相邻学科范围]","https://archaeology.pku.edu.cn/szdw/jxky1/jys/kjkgjys.htm；https://www.cafa.edu.cn/sp/nljg/?j=151","2026-10-04","内容编辑与机制审核，未获逐方向专家签审"
"museum-studies-5","museum-studies","藏品文献","藏品出处、展示语境与观众经验","heritage","共享主题模块","对象来源、保存状态与展示解释","区分保存目标、展示叙事与使用者理解","展示采用的复原想象被游客当成确定历史","复原与展示解释需要标明依据和不确定性","北京大学：科技考古教研室 [学科范围]；中央美术学院：人文学院 [相邻学科范围]","https://archaeology.pku.edu.cn/szdw/jxky1/jys/kjkgjys.htm；https://www.cafa.edu.cn/sp/nljg/?j=151","2026-10-04","内容编辑与机制审核，未获逐方向专家签审"
"museum-studies-6","museum-studies","博物馆史","藏品出处、展示语境与观众经验","heritage","细分核对","藏品来源、修复记录与展签版本","区分原物、后加修复与展示推测","现代修复的部件被当成原有结构","展示完整性不等于历史证据完整性","北京大学：科技考古教研室 [学科范围]；中央美术学院：人文学院 [相邻学科范围]","https://archaeology.pku.edu.cn/szdw/jxky1/jys/kjkgjys.htm；https://www.cafa.edu.cn/sp/nljg/?j=151","2026-10-04","内容编辑与机制审核，未获逐方向专家签审"
"museum-studies-7","museum-studies","数字博物馆","藏品出处、展示语境与观众经验","heritage","细分核对","藏品来源、修复记录与展签版本","区分原物、后加修复与展示推测","现代修复的部件被当成原有结构","展示完整性不等于历史证据完整性","北京大学：科技考古教研室 [学科范围]；中央美术学院：人文学院 [相邻学科范围]","https://archaeology.pku.edu.cn/szdw/jxky1/jys/kjkgjys.htm；https://www.cafa.edu.cn/sp/nljg/?j=151","2026-10-04","内容编辑与机制审核，未获逐方向专家签审"
"museum-studies-8","museum-studies","观众研究","藏品出处、展示语境与观众经验","heritage","共享主题模块","对象来源、保存状态与展示解释","区分保存目标、展示叙事与使用者理解","展示采用的复原想象被游客当成确定历史","复原与展示解释需要标明依据和不确定性","北京大学：科技考古教研室 [学科范围]；中央美术学院：人文学院 [相邻学科范围]","https://archaeology.pku.edu.cn/szdw/jxky1/jys/kjkgjys.htm；https://www.cafa.edu.cn/sp/nljg/?j=151","2026-10-04","内容编辑与机制审核，未获逐方向专家签审"
"museum-studies-9","museum-studies","社区博物馆","藏品出处、展示语境与观众经验","heritage","细分核对","藏品来源、修复记录与展签版本","区分原物、后加修复与展示推测","现代修复的部件被当成原有结构","展示完整性不等于历史证据完整性","北京大学：科技考古教研室 [学科范围]；中央美术学院：人文学院 [相邻学科范围]","https://archaeology.pku.edu.cn/szdw/jxky1/jys/kjkgjys.htm；https://www.cafa.edu.cn/sp/nljg/?j=151","2026-10-04","内容编辑与机制审核，未获逐方向专家签审"
"museum-studies-10","museum-studies","藏品来源研究","藏品出处、展示语境与观众经验","heritage","共享主题模块","对象来源、保存状态与展示解释","区分保存目标、展示叙事与使用者理解","展示采用的复原想象被游客当成确定历史","复原与展示解释需要标明依据和不确定性","北京大学：科技考古教研室 [学科范围]；中央美术学院：人文学院 [相邻学科范围]","https://archaeology.pku.edu.cn/szdw/jxky1/jys/kjkgjys.htm；https://www.cafa.edu.cn/sp/nljg/?j=151","2026-10-04","内容编辑与机制审核，未获逐方向专家签审"
"museum-studies-11","museum-studies","展签写作","藏品出处、展示语境与观众经验","heritage","共享主题模块","对象来源、保存状态与展示解释","区分保存目标、展示叙事与使用者理解","展示采用的复原想象被游客当成确定历史","复原与展示解释需要标明依据和不确定性","北京大学：科技考古教研室 [学科范围]；中央美术学院：人文学院 [相邻学科范围]","https://archaeology.pku.edu.cn/szdw/jxky1/jys/kjkgjys.htm；https://www.cafa.edu.cn/sp/nljg/?j=151","2026-10-04","内容编辑与机制审核，未获逐方向专家签审"
"museum-studies-12","museum-studies","博物馆伦理","藏品出处、展示语境与观众经验","heritage","细分核对","藏品来源、修复记录与展签版本","区分原物、后加修复与展示推测","现代修复的部件被当成原有结构","展示完整性不等于历史证据完整性","北京大学：科技考古教研室 [学科范围]；中央美术学院：人文学院 [相邻学科范围]","https://archaeology.pku.edu.cn/szdw/jxky1/jys/kjkgjys.htm；https://www.cafa.edu.cn/sp/nljg/?j=151","2026-10-04","内容编辑与机制审核，未获逐方向专家签审"
"atmospheric-science-1","atmospheric-science","气象学","观测站点、时间尺度与模式条件","physics","细分核对","预报起报时点、验证窗口与气候基准","分开短期预报技巧与长期气候解释","事后资料被当成起报时可用的输入","短期预测优势不能代替长期气候归因","北京大学物理学院：研究领域 [学科范围]","https://english.phy.pku.edu.cn/Research/Research_Areas.htm","2026-10-04","内容编辑与机制审核，未获逐方向专家签审"
"atmospheric-science-2","atmospheric-science","大气物理","观测站点、时间尺度与模式条件","physics","细分核对","预报起报时点、验证窗口与气候基准","分开短期预报技巧与长期气候解释","事后资料被当成起报时可用的输入","短期预测优势不能代替长期气候归因","北京大学物理学院：研究领域 [学科范围]","https://english.phy.pku.edu.cn/Research/Research_Areas.htm","2026-10-04","内容编辑与机制审核，未获逐方向专家签审"
"atmospheric-science-3","atmospheric-science","大气化学","观测站点、时间尺度与模式条件","chemistry","细分核对","预报起报时点、验证窗口与气候基准","分开短期预报技巧与长期气候解释","事后资料被当成起报时可用的输入","短期预测优势不能代替长期气候归因","北京大学化学学院：研究主题 [学科范围]","https://www.chem.pku.edu.cn/en/Research/ResearchTheme/index.htm","2026-10-04","内容编辑与机制审核，未获逐方向专家签审"
"atmospheric-science-4","atmospheric-science","气候学","观测站点、时间尺度与模式条件","ecology","细分核对","预报起报时点、验证窗口与气候基准","分开短期预报技巧与长期气候解释","事后资料被当成起报时可用的输入","短期预测优势不能代替长期气候归因","北京大学：自然地理与自然资源系 [相邻学科范围]","https://www.ues.pku.edu.cn/ztlm/zrdlyzrzyx/index.htm","2026-10-04","内容编辑与机制审核，未获逐方向专家签审"
"atmospheric-science-5","atmospheric-science","天气观测","观测站点、时间尺度与模式条件","physics","细分核对","预报起报时点、验证窗口与气候基准","分开短期预报技巧与长期气候解释","事后资料被当成起报时可用的输入","短期预测优势不能代替长期气候归因","北京大学物理学院：研究领域 [学科范围]","https://english.phy.pku.edu.cn/Research/Research_Areas.htm","2026-10-04","内容编辑与机制审核，未获逐方向专家签审"
"atmospheric-science-6","atmospheric-science","气候变化资料","观测站点、时间尺度与模式条件","ecology","细分核对","预报起报时点、验证窗口与气候基准","分开短期预报技巧与长期气候解释","事后资料被当成起报时可用的输入","短期预测优势不能代替长期气候归因","北京大学：自然地理与自然资源系 [相邻学科范围]","https://www.ues.pku.edu.cn/ztlm/zrdlyzrzyx/index.htm","2026-10-04","内容编辑与机制审核，未获逐方向专家签审"
"atmospheric-science-7","atmospheric-science","大气遥感","观测站点、时间尺度与模式条件","remote-sensing","细分核对","预报起报时点、验证窗口与气候基准","分开短期预报技巧与长期气候解释","事后资料被当成起报时可用的输入","短期预测优势不能代替长期气候归因","北京大学：自然地理与自然资源系 [相邻学科范围]","https://www.ues.pku.edu.cn/ztlm/zrdlyzrzyx/index.htm","2026-10-04","内容编辑与机制审核，未获逐方向专家签审"
"atmospheric-science-8","atmospheric-science","气象资料同化","观测站点、时间尺度与模式条件","physics","细分核对","预报起报时点、验证窗口与气候基准","分开短期预报技巧与长期气候解释","事后资料被当成起报时可用的输入","短期预测优势不能代替长期气候归因","北京大学物理学院：研究领域 [学科范围]","https://english.phy.pku.edu.cn/Research/Research_Areas.htm","2026-10-04","内容编辑与机制审核，未获逐方向专家签审"
"atmospheric-science-9","atmospheric-science","气象模式评价","观测站点、时间尺度与模式条件","computing","细分核对","预报起报时点、验证窗口与气候基准","分开短期预报技巧与长期气候解释","事后资料被当成起报时可用的输入","短期预测优势不能代替长期气候归因","清华计算机系：科研方向 [学科范围]","https://www.cs.tsinghua.edu.cn/kxyj/kyfx.htm","2026-10-04","内容编辑与机制审核，未获逐方向专家签审"
"atmospheric-science-10","atmospheric-science","城市气候","观测站点、时间尺度与模式条件","ecology","细分核对","预报起报时点、验证窗口与气候基准","分开短期预报技巧与长期气候解释","事后资料被当成起报时可用的输入","短期预测优势不能代替长期气候归因","北京大学：自然地理与自然资源系 [相邻学科范围]","https://www.ues.pku.edu.cn/ztlm/zrdlyzrzyx/index.htm","2026-10-04","内容编辑与机制审核，未获逐方向专家签审"
"atmospheric-science-11","atmospheric-science","农业气象","观测站点、时间尺度与模式条件","physics","细分核对","预报起报时点、验证窗口与气候基准","分开短期预报技巧与长期气候解释","事后资料被当成起报时可用的输入","短期预测优势不能代替长期气候归因","北京大学物理学院：研究领域 [学科范围]","https://english.phy.pku.edu.cn/Research/Research_Areas.htm","2026-10-04","内容编辑与机制审核，未获逐方向专家签审"
"atmospheric-science-12","atmospheric-science","气象服务评价","观测站点、时间尺度与模式条件","physics","细分核对","预报起报时点、验证窗口与气候基准","分开短期预报技巧与长期气候解释","事后资料被当成起报时可用的输入","短期预测优势不能代替长期气候归因","北京大学物理学院：研究领域 [学科范围]","https://english.phy.pku.edu.cn/Research/Research_Areas.htm","2026-10-04","内容编辑与机制审核，未获逐方向专家签审"
"geology-studies-1","geology-studies","矿物学","层位、样品出处与形成过程","ecology","共享主题模块","采样位置、时间窗口与环境背景记录","画出实际覆盖范围，保留天气与缺测时段","雨后未能到达的点被填成没有变化","缺测不是零，局部观察不能代替整个区域","北京大学：自然地理与自然资源系 [相邻学科范围]","https://www.ues.pku.edu.cn/ztlm/zrdlyzrzyx/index.htm","2026-10-04","内容编辑与机制审核，未获逐方向专家签审"
"geology-studies-2","geology-studies","岩石学","层位、样品出处与形成过程","ecology","共享主题模块","采样位置、时间窗口与环境背景记录","画出实际覆盖范围，保留天气与缺测时段","雨后未能到达的点被填成没有变化","缺测不是零，局部观察不能代替整个区域","北京大学：自然地理与自然资源系 [相邻学科范围]","https://www.ues.pku.edu.cn/ztlm/zrdlyzrzyx/index.htm","2026-10-04","内容编辑与机制审核，未获逐方向专家签审"
"geology-studies-3","geology-studies","矿床学","层位、样品出处与形成过程","ecology","共享主题模块","采样位置、时间窗口与环境背景记录","画出实际覆盖范围，保留天气与缺测时段","雨后未能到达的点被填成没有变化","缺测不是零，局部观察不能代替整个区域","北京大学：自然地理与自然资源系 [相邻学科范围]","https://www.ues.pku.edu.cn/ztlm/zrdlyzrzyx/index.htm","2026-10-04","内容编辑与机制审核，未获逐方向专家签审"
"geology-studies-4","geology-studies","地球化学","层位、样品出处与形成过程","chemistry","共享主题模块","材料批次、表征条件与使用环境记录","比较结构描述、测量设置和状态变化","最漂亮的表征来自没有进入其他评价的批次","单项表征不能直接代表稳定性与使用表现","北京大学化学学院：研究主题 [学科范围]","https://www.chem.pku.edu.cn/en/Research/ResearchTheme/index.htm","2026-10-04","内容编辑与机制审核，未获逐方向专家签审"
"geology-studies-5","geology-studies","构造地质学","层位、样品出处与形成过程","ecology","共享主题模块","采样位置、时间窗口与环境背景记录","画出实际覆盖范围，保留天气与缺测时段","雨后未能到达的点被填成没有变化","缺测不是零，局部观察不能代替整个区域","北京大学：自然地理与自然资源系 [相邻学科范围]","https://www.ues.pku.edu.cn/ztlm/zrdlyzrzyx/index.htm","2026-10-04","内容编辑与机制审核，未获逐方向专家签审"
"geology-studies-6","geology-studies","古生物学","层位、样品出处与形成过程","biomedical","共享主题模块","样本来源、批次索引与注释版本","区分生物对象与重复测量，核对批次构成","最强的一组差异恰好全部来自同一批次","高维差异或数据库关联不能独立证明机制","NHLBI：研究质量评估工具 [研究方法资料]；OpenStax：解剖与生理教材说明 [基础教材入口]","https://www.nhlbi.nih.gov/health-topics/study-quality-assessment-tools；https://openstax.org/books/anatomy-and-physiology-2e/pages/preface","2026-10-04","内容编辑与机制审核，未获逐方向专家签审"
"geology-studies-7","geology-studies","地层学","层位、样品出处与形成过程","ecology","共享主题模块","采样位置、时间窗口与环境背景记录","画出实际覆盖范围，保留天气与缺测时段","雨后未能到达的点被填成没有变化","缺测不是零，局部观察不能代替整个区域","北京大学：自然地理与自然资源系 [相邻学科范围]","https://www.ues.pku.edu.cn/ztlm/zrdlyzrzyx/index.htm","2026-10-04","内容编辑与机制审核，未获逐方向专家签审"
"geology-studies-8","geology-studies","第四纪地质","层位、样品出处与形成过程","ecology","共享主题模块","采样位置、时间窗口与环境背景记录","画出实际覆盖范围，保留天气与缺测时段","雨后未能到达的点被填成没有变化","缺测不是零，局部观察不能代替整个区域","北京大学：自然地理与自然资源系 [相邻学科范围]","https://www.ues.pku.edu.cn/ztlm/zrdlyzrzyx/index.htm","2026-10-04","内容编辑与机制审核，未获逐方向专家签审"
"geology-studies-9","geology-studies","水文地质","层位、样品出处与形成过程","ecology","共享主题模块","采样位置、时间窗口与环境背景记录","画出实际覆盖范围，保留天气与缺测时段","雨后未能到达的点被填成没有变化","缺测不是零，局部观察不能代替整个区域","北京大学：自然地理与自然资源系 [相邻学科范围]","https://www.ues.pku.edu.cn/ztlm/zrdlyzrzyx/index.htm","2026-10-04","内容编辑与机制审核，未获逐方向专家签审"
"geology-studies-10","geology-studies","工程地质资料","层位、样品出处与形成过程","ecology","共享主题模块","采样位置、时间窗口与环境背景记录","画出实际覆盖范围，保留天气与缺测时段","雨后未能到达的点被填成没有变化","缺测不是零，局部观察不能代替整个区域","北京大学：自然地理与自然资源系 [相邻学科范围]","https://www.ues.pku.edu.cn/ztlm/zrdlyzrzyx/index.htm","2026-10-04","内容编辑与机制审核，未获逐方向专家签审"
"geology-studies-11","geology-studies","地质年代资料","层位、样品出处与形成过程","ecology","共享主题模块","采样位置、时间窗口与环境背景记录","画出实际覆盖范围，保留天气与缺测时段","雨后未能到达的点被填成没有变化","缺测不是零，局部观察不能代替整个区域","北京大学：自然地理与自然资源系 [相邻学科范围]","https://www.ues.pku.edu.cn/ztlm/zrdlyzrzyx/index.htm","2026-10-04","内容编辑与机制审核，未获逐方向专家签审"
"geology-studies-12","geology-studies","地质调查史","层位、样品出处与形成过程","ecology","共享主题模块","采样位置、时间窗口与环境背景记录","画出实际覆盖范围，保留天气与缺测时段","雨后未能到达的点被填成没有变化","缺测不是零，局部观察不能代替整个区域","北京大学：自然地理与自然资源系 [相邻学科范围]","https://www.ues.pku.edu.cn/ztlm/zrdlyzrzyx/index.htm","2026-10-04","内容编辑与机制审核，未获逐方向专家签审"
"system-science-1","system-science","系统理论","系统边界、层次与动态假设","software","共享主题模块","运行版本、依赖清单与故障日志","在同一条件下复查，区分环境与功能变化","演示机上的默认参数与实际使用环境不同","一次运行成功不等于稳定性或可复现性","清华计算机系：软件研究所 [学科范围]","https://www.cs.tsinghua.edu.cn/jgsz/yjssys/jsjkxyjsxrjyjs.htm","2026-10-04","内容编辑与机制审核，未获逐方向专家签审"
"system-science-2","system-science","系统分析","系统边界、层次与动态假设","math","共享主题模块","定义、引理依赖与边界例子","逐步标出用到的条件，再检验退化情形","证明中途用了命题开头没有写的条件","算例不能替代证明，也不能替缺失条件背书","MIT开放课程：实分析与证明训练 [基础方法课程]","https://www.ocw.mit.edu/courses/18-100c-real-analysis-fall-2012/","2026-10-04","内容编辑与机制审核，未获逐方向专家签审"
"system-science-3","system-science","复杂系统","系统边界、层次与动态假设","software","共享主题模块","运行版本、依赖清单与故障日志","在同一条件下复查，区分环境与功能变化","演示机上的默认参数与实际使用环境不同","一次运行成功不等于稳定性或可复现性","清华计算机系：软件研究所 [学科范围]","https://www.cs.tsinghua.edu.cn/jgsz/yjssys/jsjkxyjsxrjyjs.htm","2026-10-04","内容编辑与机制审核，未获逐方向专家签审"
"system-science-4","system-science","网络动力学","系统边界、层次与动态假设","software","细分核对","相空间、初值集合与稳定性定义","区分单条轨道有界、局部稳定与全局吸引","一条轨道收敛被当成所有初值都收敛","单条数值轨道不独立证明全局稳定","清华计算机系：软件研究所 [学科范围]","https://www.cs.tsinghua.edu.cn/jgsz/yjssys/jsjkxyjsxrjyjs.htm","2026-10-04","内容编辑与机制审核，未获逐方向专家签审"
"system-science-5","system-science","非线性系统","系统边界、层次与动态假设","software","共享主题模块","运行版本、依赖清单与故障日志","在同一条件下复查，区分环境与功能变化","演示机上的默认参数与实际使用环境不同","一次运行成功不等于稳定性或可复现性","清华计算机系：软件研究所 [学科范围]","https://www.cs.tsinghua.edu.cn/jgsz/yjssys/jsjkxyjsxrjyjs.htm","2026-10-04","内容编辑与机制审核，未获逐方向专家签审"
"system-science-6","system-science","系统演化","系统边界、层次与动态假设","software","共享主题模块","运行版本、依赖清单与故障日志","在同一条件下复查，区分环境与功能变化","演示机上的默认参数与实际使用环境不同","一次运行成功不等于稳定性或可复现性","清华计算机系：软件研究所 [学科范围]","https://www.cs.tsinghua.edu.cn/jgsz/yjssys/jsjkxyjsxrjyjs.htm","2026-10-04","内容编辑与机制审核，未获逐方向专家签审"
"system-science-7","system-science","自组织理论","系统边界、层次与动态假设","software","共享主题模块","运行版本、依赖清单与故障日志","在同一条件下复查，区分环境与功能变化","演示机上的默认参数与实际使用环境不同","一次运行成功不等于稳定性或可复现性","清华计算机系：软件研究所 [学科范围]","https://www.cs.tsinghua.edu.cn/jgsz/yjssys/jsjkxyjsxrjyjs.htm","2026-10-04","内容编辑与机制审核，未获逐方向专家签审"
"system-science-8","system-science","系统建模","系统边界、层次与动态假设","software","共享主题模块","运行版本、依赖清单与故障日志","在同一条件下复查，区分环境与功能变化","演示机上的默认参数与实际使用环境不同","一次运行成功不等于稳定性或可复现性","清华计算机系：软件研究所 [学科范围]","https://www.cs.tsinghua.edu.cn/jgsz/yjssys/jsjkxyjsxrjyjs.htm","2026-10-04","内容编辑与机制审核，未获逐方向专家签审"
"system-science-9","system-science","系统决策资料","系统边界、层次与动态假设","software","共享主题模块","运行版本、依赖清单与故障日志","在同一条件下复查，区分环境与功能变化","演示机上的默认参数与实际使用环境不同","一次运行成功不等于稳定性或可复现性","清华计算机系：软件研究所 [学科范围]","https://www.cs.tsinghua.edu.cn/jgsz/yjssys/jsjkxyjsxrjyjs.htm","2026-10-04","内容编辑与机制审核，未获逐方向专家签审"
"system-science-10","system-science","多尺度系统","系统边界、层次与动态假设","software","共享主题模块","运行版本、依赖清单与故障日志","在同一条件下复查，区分环境与功能变化","演示机上的默认参数与实际使用环境不同","一次运行成功不等于稳定性或可复现性","清华计算机系：软件研究所 [学科范围]","https://www.cs.tsinghua.edu.cn/jgsz/yjssys/jsjkxyjsxrjyjs.htm","2026-10-04","内容编辑与机制审核，未获逐方向专家签审"
"system-science-11","system-science","系统仿真评价","系统边界、层次与动态假设","software","共享主题模块","运行版本、依赖清单与故障日志","在同一条件下复查，区分环境与功能变化","演示机上的默认参数与实际使用环境不同","一次运行成功不等于稳定性或可复现性","清华计算机系：软件研究所 [学科范围]","https://www.cs.tsinghua.edu.cn/jgsz/yjssys/jsjkxyjsxrjyjs.htm","2026-10-04","内容编辑与机制审核，未获逐方向专家签审"
"system-science-12","system-science","系统科学史","系统边界、层次与动态假设","software","共享主题模块","运行版本、依赖清单与故障日志","在同一条件下复查，区分环境与功能变化","演示机上的默认参数与实际使用环境不同","一次运行成功不等于稳定性或可复现性","清华计算机系：软件研究所 [学科范围]","https://www.cs.tsinghua.edu.cn/jgsz/yjssys/jsjkxyjsxrjyjs.htm","2026-10-04","内容编辑与机制审核，未获逐方向专家签审"
"science-history-1","science-history","数学史","技术语境、同期资料与后见解释","history","细分核对","档案原件、成文日期与编纂版本","区分事件发生、材料写成与后来编辑的时间","多年后的回忆进入事件当天的信息集","后人知道的结果不能倒填给当时的人","北京大学历史学系：学科介绍 [学科范围]","https://history.pku.edu.cn/bxgk/xkjj/index.htm","2026-10-04","内容编辑与机制审核，未获逐方向专家签审"
"science-history-2","science-history","物理学史","技术语境、同期资料与后见解释","history","细分核对","档案原件、成文日期与编纂版本","区分事件发生、材料写成与后来编辑的时间","多年后的回忆进入事件当天的信息集","后人知道的结果不能倒填给当时的人","北京大学历史学系：学科介绍 [学科范围]","https://history.pku.edu.cn/bxgk/xkjj/index.htm","2026-10-04","内容编辑与机制审核，未获逐方向专家签审"
"science-history-3","science-history","化学史","技术语境、同期资料与后见解释","history","细分核对","档案原件、成文日期与编纂版本","区分事件发生、材料写成与后来编辑的时间","多年后的回忆进入事件当天的信息集","后人知道的结果不能倒填给当时的人","北京大学历史学系：学科介绍 [学科范围]","https://history.pku.edu.cn/bxgk/xkjj/index.htm","2026-10-04","内容编辑与机制审核，未获逐方向专家签审"
"science-history-4","science-history","生物学史","技术语境、同期资料与后见解释","history","细分核对","档案原件、成文日期与编纂版本","区分事件发生、材料写成与后来编辑的时间","多年后的回忆进入事件当天的信息集","后人知道的结果不能倒填给当时的人","北京大学历史学系：学科介绍 [学科范围]","https://history.pku.edu.cn/bxgk/xkjj/index.htm","2026-10-04","内容编辑与机制审核，未获逐方向专家签审"
"science-history-5","science-history","医学科技史","技术语境、同期资料与后见解释","history","细分核对","档案原件、成文日期与编纂版本","区分事件发生、材料写成与后来编辑的时间","多年后的回忆进入事件当天的信息集","后人知道的结果不能倒填给当时的人","北京大学历史学系：学科介绍 [学科范围]","https://history.pku.edu.cn/bxgk/xkjj/index.htm","2026-10-04","内容编辑与机制审核，未获逐方向专家签审"
"science-history-6","science-history","农学科技史","技术语境、同期资料与后见解释","history","细分核对","档案原件、成文日期与编纂版本","区分事件发生、材料写成与后来编辑的时间","多年后的回忆进入事件当天的信息集","后人知道的结果不能倒填给当时的人","北京大学历史学系：学科介绍 [学科范围]","https://history.pku.edu.cn/bxgk/xkjj/index.htm","2026-10-04","内容编辑与机制审核，未获逐方向专家签审"
"science-history-7","science-history","工程技术史","技术语境、同期资料与后见解释","history","细分核对","档案原件、成文日期与编纂版本","区分事件发生、材料写成与后来编辑的时间","多年后的回忆进入事件当天的信息集","后人知道的结果不能倒填给当时的人","北京大学历史学系：学科介绍 [学科范围]","https://history.pku.edu.cn/bxgk/xkjj/index.htm","2026-10-04","内容编辑与机制审核，未获逐方向专家签审"
"science-history-8","science-history","科学仪器史","技术语境、同期资料与后见解释","history","细分核对","档案原件、成文日期与编纂版本","区分事件发生、材料写成与后来编辑的时间","多年后的回忆进入事件当天的信息集","后人知道的结果不能倒填给当时的人","北京大学历史学系：学科介绍 [学科范围]","https://history.pku.edu.cn/bxgk/xkjj/index.htm","2026-10-04","内容编辑与机制审核，未获逐方向专家签审"
"science-history-9","science-history","科学制度史","技术语境、同期资料与后见解释","history","细分核对","档案原件、成文日期与编纂版本","区分事件发生、材料写成与后来编辑的时间","多年后的回忆进入事件当天的信息集","后人知道的结果不能倒填给当时的人","北京大学历史学系：学科介绍 [学科范围]","https://history.pku.edu.cn/bxgk/xkjj/index.htm","2026-10-04","内容编辑与机制审核，未获逐方向专家签审"
"science-history-10","science-history","科学知识传播史","技术语境、同期资料与后见解释","history","细分核对","档案原件、成文日期与编纂版本","区分事件发生、材料写成与后来编辑的时间","多年后的回忆进入事件当天的信息集","后人知道的结果不能倒填给当时的人","北京大学历史学系：学科介绍 [学科范围]","https://history.pku.edu.cn/bxgk/xkjj/index.htm","2026-10-04","内容编辑与机制审核，未获逐方向专家签审"
"science-history-11","science-history","技术档案","技术语境、同期资料与后见解释","history","细分核对","档案原件、成文日期与编纂版本","区分事件发生、材料写成与后来编辑的时间","多年后的回忆进入事件当天的信息集","后人知道的结果不能倒填给当时的人","北京大学历史学系：学科介绍 [学科范围]","https://history.pku.edu.cn/bxgk/xkjj/index.htm","2026-10-04","内容编辑与机制审核，未获逐方向专家签审"
"science-history-12","science-history","科技史口述","技术语境、同期资料与后见解释","history","细分核对","档案原件、成文日期与编纂版本","区分事件发生、材料写成与后来编辑的时间","多年后的回忆进入事件当天的信息集","后人知道的结果不能倒填给当时的人","北京大学历史学系：学科介绍 [学科范围]","https://history.pku.edu.cn/bxgk/xkjj/index.htm","2026-10-04","内容编辑与机制审核，未获逐方向专家签审"
"ecology-studies-1","ecology-studies","植物生态","样地、观测季节与尺度","ecology","细分核对","样地边界、观测季节与物种可探测性","区分没观察到、真的缺席与观察机会不同","调查次数减少被写成物种数量减少","可见记录需要观察机会与尺度解释","北京大学：自然地理与自然资源系 [相邻学科范围]","https://www.ues.pku.edu.cn/ztlm/zrdlyzrzyx/index.htm","2026-10-04","内容编辑与机制审核，未获逐方向专家签审"
"ecology-studies-2","ecology-studies","动物生态","样地、观测季节与尺度","ecology","细分核对","样地边界、观测季节与物种可探测性","区分没观察到、真的缺席与观察机会不同","调查次数减少被写成物种数量减少","可见记录需要观察机会与尺度解释","北京大学：自然地理与自然资源系 [相邻学科范围]","https://www.ues.pku.edu.cn/ztlm/zrdlyzrzyx/index.htm","2026-10-04","内容编辑与机制审核，未获逐方向专家签审"
"ecology-studies-3","ecology-studies","微生物生态资料","样地、观测季节与尺度","ecology","细分核对","样地边界、观测季节与物种可探测性","区分没观察到、真的缺席与观察机会不同","调查次数减少被写成物种数量减少","可见记录需要观察机会与尺度解释","北京大学：自然地理与自然资源系 [相邻学科范围]","https://www.ues.pku.edu.cn/ztlm/zrdlyzrzyx/index.htm","2026-10-04","内容编辑与机制审核，未获逐方向专家签审"
"ecology-studies-4","ecology-studies","群落生态","样地、观测季节与尺度","ecology","细分核对","样地边界、观测季节与物种可探测性","区分没观察到、真的缺席与观察机会不同","调查次数减少被写成物种数量减少","可见记录需要观察机会与尺度解释","北京大学：自然地理与自然资源系 [相邻学科范围]","https://www.ues.pku.edu.cn/ztlm/zrdlyzrzyx/index.htm","2026-10-04","内容编辑与机制审核，未获逐方向专家签审"
"ecology-studies-5","ecology-studies","生态系统生态","样地、观测季节与尺度","ecology","细分核对","样地边界、观测季节与物种可探测性","区分没观察到、真的缺席与观察机会不同","调查次数减少被写成物种数量减少","可见记录需要观察机会与尺度解释","北京大学：自然地理与自然资源系 [相邻学科范围]","https://www.ues.pku.edu.cn/ztlm/zrdlyzrzyx/index.htm","2026-10-04","内容编辑与机制审核，未获逐方向专家签审"
"ecology-studies-6","ecology-studies","景观生态","样地、观测季节与尺度","ecology","细分核对","样地边界、观测季节与物种可探测性","区分没观察到、真的缺席与观察机会不同","调查次数减少被写成物种数量减少","可见记录需要观察机会与尺度解释","北京大学：自然地理与自然资源系 [相邻学科范围]","https://www.ues.pku.edu.cn/ztlm/zrdlyzrzyx/index.htm","2026-10-04","内容编辑与机制审核，未获逐方向专家签审"
"ecology-studies-7","ecology-studies","生态模型","样地、观测季节与尺度","ecology","细分核对","样地边界、观测季节与物种可探测性","区分没观察到、真的缺席与观察机会不同","调查次数减少被写成物种数量减少","可见记录需要观察机会与尺度解释","北京大学：自然地理与自然资源系 [相邻学科范围]","https://www.ues.pku.edu.cn/ztlm/zrdlyzrzyx/index.htm","2026-10-04","内容编辑与机制审核，未获逐方向专家签审"
"ecology-studies-8","ecology-studies","城市生态","样地、观测季节与尺度","ecology","细分核对","样地边界、观测季节与物种可探测性","区分没观察到、真的缺席与观察机会不同","调查次数减少被写成物种数量减少","可见记录需要观察机会与尺度解释","北京大学：自然地理与自然资源系 [相邻学科范围]","https://www.ues.pku.edu.cn/ztlm/zrdlyzrzyx/index.htm","2026-10-04","内容编辑与机制审核，未获逐方向专家签审"
"ecology-studies-9","ecology-studies","保护生态","样地、观测季节与尺度","ecology","细分核对","样地边界、观测季节与物种可探测性","区分没观察到、真的缺席与观察机会不同","调查次数减少被写成物种数量减少","可见记录需要观察机会与尺度解释","北京大学：自然地理与自然资源系 [相邻学科范围]","https://www.ues.pku.edu.cn/ztlm/zrdlyzrzyx/index.htm","2026-10-04","内容编辑与机制审核，未获逐方向专家签审"
"ecology-studies-10","ecology-studies","恢复生态","样地、观测季节与尺度","ecology","细分核对","样地边界、观测季节与物种可探测性","区分没观察到、真的缺席与观察机会不同","调查次数减少被写成物种数量减少","可见记录需要观察机会与尺度解释","北京大学：自然地理与自然资源系 [相邻学科范围]","https://www.ues.pku.edu.cn/ztlm/zrdlyzrzyx/index.htm","2026-10-04","内容编辑与机制审核，未获逐方向专家签审"
"ecology-studies-11","ecology-studies","生态统计","样地、观测季节与尺度","ecology","细分核对","样地边界、观测季节与物种可探测性","区分没观察到、真的缺席与观察机会不同","调查次数减少被写成物种数量减少","可见记录需要观察机会与尺度解释","北京大学：自然地理与自然资源系 [相邻学科范围]","https://www.ues.pku.edu.cn/ztlm/zrdlyzrzyx/index.htm","2026-10-04","内容编辑与机制审核，未获逐方向专家签审"
"ecology-studies-12","ecology-studies","生态观测史","样地、观测季节与尺度","ecology","细分核对","样地边界、观测季节与物种可探测性","区分没观察到、真的缺席与观察机会不同","调查次数减少被写成物种数量减少","可见记录需要观察机会与尺度解释","北京大学：自然地理与自然资源系 [相邻学科范围]","https://www.ues.pku.edu.cn/ztlm/zrdlyzrzyx/index.htm","2026-10-04","内容编辑与机制审核，未获逐方向专家签审"
"instruments-engineering-1","instruments-engineering","精密仪器","量值来源、标定版本与误差预算","electronics","细分核对","输入带宽、噪声谱与测量链路","区分器件响应、测量链路与信号处理","滤波后的漂亮曲线被当成器件原始响应","处理后的信号需要保留处理条件","清华计算机系：科研方向 [学科范围]；北京大学物理学院：研究领域 [学科范围]","https://www.cs.tsinghua.edu.cn/kxyj/kyfx.htm；https://english.phy.pku.edu.cn/Research/Research_Areas.htm","2026-10-04","内容编辑与机制审核，未获逐方向专家签审"
"instruments-engineering-2","instruments-engineering","测试计量","量值来源、标定版本与误差预算","electronics","细分核对","输入带宽、噪声谱与测量链路","区分器件响应、测量链路与信号处理","滤波后的漂亮曲线被当成器件原始响应","处理后的信号需要保留处理条件","清华计算机系：科研方向 [学科范围]；北京大学物理学院：研究领域 [学科范围]","https://www.cs.tsinghua.edu.cn/kxyj/kyfx.htm；https://english.phy.pku.edu.cn/Research/Research_Areas.htm","2026-10-04","内容编辑与机制审核，未获逐方向专家签审"
"instruments-engineering-3","instruments-engineering","传感器评价","量值来源、标定版本与误差预算","electronics","细分核对","输入带宽、噪声谱与测量链路","区分器件响应、测量链路与信号处理","滤波后的漂亮曲线被当成器件原始响应","处理后的信号需要保留处理条件","清华计算机系：科研方向 [学科范围]；北京大学物理学院：研究领域 [学科范围]","https://www.cs.tsinghua.edu.cn/kxyj/kyfx.htm；https://english.phy.pku.edu.cn/Research/Research_Areas.htm","2026-10-04","内容编辑与机制审核，未获逐方向专家签审"
"instruments-engineering-4","instruments-engineering","仪器标定","量值来源、标定版本与误差预算","electronics","细分核对","输入带宽、噪声谱与测量链路","区分器件响应、测量链路与信号处理","滤波后的漂亮曲线被当成器件原始响应","处理后的信号需要保留处理条件","清华计算机系：科研方向 [学科范围]；北京大学物理学院：研究领域 [学科范围]","https://www.cs.tsinghua.edu.cn/kxyj/kyfx.htm；https://english.phy.pku.edu.cn/Research/Research_Areas.htm","2026-10-04","内容编辑与机制审核，未获逐方向专家签审"
"instruments-engineering-5","instruments-engineering","测量不确定性","量值来源、标定版本与误差预算","electronics","细分核对","输入带宽、噪声谱与测量链路","区分器件响应、测量链路与信号处理","滤波后的漂亮曲线被当成器件原始响应","处理后的信号需要保留处理条件","清华计算机系：科研方向 [学科范围]；北京大学物理学院：研究领域 [学科范围]","https://www.cs.tsinghua.edu.cn/kxyj/kyfx.htm；https://english.phy.pku.edu.cn/Research/Research_Areas.htm","2026-10-04","内容编辑与机制审核，未获逐方向专家签审"
"instruments-engineering-6","instruments-engineering","光电仪器","量值来源、标定版本与误差预算","electronics","细分核对","输入带宽、噪声谱与测量链路","区分器件响应、测量链路与信号处理","滤波后的漂亮曲线被当成器件原始响应","处理后的信号需要保留处理条件","清华计算机系：科研方向 [学科范围]；北京大学物理学院：研究领域 [学科范围]","https://www.cs.tsinghua.edu.cn/kxyj/kyfx.htm；https://english.phy.pku.edu.cn/Research/Research_Areas.htm","2026-10-04","内容编辑与机制审核，未获逐方向专家签审"
"instruments-engineering-7","instruments-engineering","智能仪器","量值来源、标定版本与误差预算","electronics","细分核对","输入带宽、噪声谱与测量链路","区分器件响应、测量链路与信号处理","滤波后的漂亮曲线被当成器件原始响应","处理后的信号需要保留处理条件","清华计算机系：科研方向 [学科范围]；北京大学物理学院：研究领域 [学科范围]","https://www.cs.tsinghua.edu.cn/kxyj/kyfx.htm；https://english.phy.pku.edu.cn/Research/Research_Areas.htm","2026-10-04","内容编辑与机制审核，未获逐方向专家签审"
"instruments-engineering-8","instruments-engineering","测量系统","量值来源、标定版本与误差预算","electronics","细分核对","输入带宽、噪声谱与测量链路","区分器件响应、测量链路与信号处理","滤波后的漂亮曲线被当成器件原始响应","处理后的信号需要保留处理条件","清华计算机系：科研方向 [学科范围]；北京大学物理学院：研究领域 [学科范围]","https://www.cs.tsinghua.edu.cn/kxyj/kyfx.htm；https://english.phy.pku.edu.cn/Research/Research_Areas.htm","2026-10-04","内容编辑与机制审核，未获逐方向专家签审"
"instruments-engineering-9","instruments-engineering","仪器可靠性","量值来源、标定版本与误差预算","electronics","细分核对","输入带宽、噪声谱与测量链路","区分器件响应、测量链路与信号处理","滤波后的漂亮曲线被当成器件原始响应","处理后的信号需要保留处理条件","清华计算机系：科研方向 [学科范围]；北京大学物理学院：研究领域 [学科范围]","https://www.cs.tsinghua.edu.cn/kxyj/kyfx.htm；https://english.phy.pku.edu.cn/Research/Research_Areas.htm","2026-10-04","内容编辑与机制审核，未获逐方向专家签审"
"instruments-engineering-10","instruments-engineering","信号调理评价","量值来源、标定版本与误差预算","electronics","细分核对","输入带宽、噪声谱与测量链路","区分器件响应、测量链路与信号处理","滤波后的漂亮曲线被当成器件原始响应","处理后的信号需要保留处理条件","清华计算机系：科研方向 [学科范围]；北京大学物理学院：研究领域 [学科范围]","https://www.cs.tsinghua.edu.cn/kxyj/kyfx.htm；https://english.phy.pku.edu.cn/Research/Research_Areas.htm","2026-10-04","内容编辑与机制审核，未获逐方向专家签审"
"instruments-engineering-11","instruments-engineering","仪器软件","量值来源、标定版本与误差预算","electronics","细分核对","输入带宽、噪声谱与测量链路","区分器件响应、测量链路与信号处理","滤波后的漂亮曲线被当成器件原始响应","处理后的信号需要保留处理条件","清华计算机系：科研方向 [学科范围]；北京大学物理学院：研究领域 [学科范围]","https://www.cs.tsinghua.edu.cn/kxyj/kyfx.htm；https://english.phy.pku.edu.cn/Research/Research_Areas.htm","2026-10-04","内容编辑与机制审核，未获逐方向专家签审"
"instruments-engineering-12","instruments-engineering","仪器史","量值来源、标定版本与误差预算","electronics","细分核对","输入带宽、噪声谱与测量链路","区分器件响应、测量链路与信号处理","滤波后的漂亮曲线被当成器件原始响应","处理后的信号需要保留处理条件","清华计算机系：科研方向 [学科范围]；北京大学物理学院：研究领域 [学科范围]","https://www.cs.tsinghua.edu.cn/kxyj/kyfx.htm；https://english.phy.pku.edu.cn/Research/Research_Areas.htm","2026-10-04","内容编辑与机制审核，未获逐方向专家签审"
"metallurgy-engineering-1","metallurgy-engineering","冶金物理化学","物料口径、工况与过程模型","chemistry","共享主题模块","材料批次、表征条件与使用环境记录","比较结构描述、测量设置和状态变化","最漂亮的表征来自没有进入其他评价的批次","单项表征不能直接代表稳定性与使用表现","北京大学化学学院：研究主题 [学科范围]","https://www.chem.pku.edu.cn/en/Research/ResearchTheme/index.htm","2026-10-04","内容编辑与机制审核，未获逐方向专家签审"
"metallurgy-engineering-2","metallurgy-engineering","钢铁冶金资料","物料口径、工况与过程模型","mechanical","共享主题模块","工况、台架日志与接口版本","对照载荷范围、控制条件和实际接口","新接口下的失败被归到原来的模型上","演示通过不能证明所有工况下有效","MIT开放课程：力学与材料教学大纲 [基础方法课程]","https://ocw.mit.edu/courses/2-001-mechanics-materials-i-fall-2006/pages/syllabus/","2026-10-04","内容编辑与机制审核，未获逐方向专家签审"
"metallurgy-engineering-3","metallurgy-engineering","有色冶金资料","物料口径、工况与过程模型","mechanical","共享主题模块","工况、台架日志与接口版本","对照载荷范围、控制条件和实际接口","新接口下的失败被归到原来的模型上","演示通过不能证明所有工况下有效","MIT开放课程：力学与材料教学大纲 [基础方法课程]","https://ocw.mit.edu/courses/2-001-mechanics-materials-i-fall-2006/pages/syllabus/","2026-10-04","内容编辑与机制审核，未获逐方向专家签审"
"metallurgy-engineering-4","metallurgy-engineering","冶金过程模型","物料口径、工况与过程模型","mechanical","共享主题模块","工况、台架日志与接口版本","对照载荷范围、控制条件和实际接口","新接口下的失败被归到原来的模型上","演示通过不能证明所有工况下有效","MIT开放课程：力学与材料教学大纲 [基础方法课程]","https://ocw.mit.edu/courses/2-001-mechanics-materials-i-fall-2006/pages/syllabus/","2026-10-04","内容编辑与机制审核，未获逐方向专家签审"
"metallurgy-engineering-5","metallurgy-engineering","冶金资源评价","物料口径、工况与过程模型","mechanical","共享主题模块","工况、台架日志与接口版本","对照载荷范围、控制条件和实际接口","新接口下的失败被归到原来的模型上","演示通过不能证明所有工况下有效","MIT开放课程：力学与材料教学大纲 [基础方法课程]","https://ocw.mit.edu/courses/2-001-mechanics-materials-i-fall-2006/pages/syllabus/","2026-10-04","内容编辑与机制审核，未获逐方向专家签审"
"metallurgy-engineering-6","metallurgy-engineering","冶金测量","物料口径、工况与过程模型","mechanical","共享主题模块","工况、台架日志与接口版本","对照载荷范围、控制条件和实际接口","新接口下的失败被归到原来的模型上","演示通过不能证明所有工况下有效","MIT开放课程：力学与材料教学大纲 [基础方法课程]","https://ocw.mit.edu/courses/2-001-mechanics-materials-i-fall-2006/pages/syllabus/","2026-10-04","内容编辑与机制审核，未获逐方向专家签审"
"metallurgy-engineering-7","metallurgy-engineering","冶金材料性能","物料口径、工况与过程模型","chemistry","细分核对","样品批次、表征状态与使用评价","核对表征与评价是否来自同一批次和状态","表征时的状态被当成实际使用时一直保持的状态","表征描述不独立代表使用稳定性与表现","北京大学化学学院：研究主题 [学科范围]","https://www.chem.pku.edu.cn/en/Research/ResearchTheme/index.htm","2026-10-04","内容编辑与机制审核，未获逐方向专家签审"
"metallurgy-engineering-8","metallurgy-engineering","冶金过程控制","物料口径、工况与过程模型","mechanical","共享主题模块","工况、台架日志与接口版本","对照载荷范围、控制条件和实际接口","新接口下的失败被归到原来的模型上","演示通过不能证明所有工况下有效","MIT开放课程：力学与材料教学大纲 [基础方法课程]","https://ocw.mit.edu/courses/2-001-mechanics-materials-i-fall-2006/pages/syllabus/","2026-10-04","内容编辑与机制审核，未获逐方向专家签审"
"metallurgy-engineering-9","metallurgy-engineering","冶金环保评价","物料口径、工况与过程模型","mechanical","共享主题模块","工况、台架日志与接口版本","对照载荷范围、控制条件和实际接口","新接口下的失败被归到原来的模型上","演示通过不能证明所有工况下有效","MIT开放课程：力学与材料教学大纲 [基础方法课程]","https://ocw.mit.edu/courses/2-001-mechanics-materials-i-fall-2006/pages/syllabus/","2026-10-04","内容编辑与机制审核，未获逐方向专家签审"
"metallurgy-engineering-10","metallurgy-engineering","冶金能耗评价","物料口径、工况与过程模型","mechanical","共享主题模块","工况、台架日志与接口版本","对照载荷范围、控制条件和实际接口","新接口下的失败被归到原来的模型上","演示通过不能证明所有工况下有效","MIT开放课程：力学与材料教学大纲 [基础方法课程]","https://ocw.mit.edu/courses/2-001-mechanics-materials-i-fall-2006/pages/syllabus/","2026-10-04","内容编辑与机制审核，未获逐方向专家签审"
"metallurgy-engineering-11","metallurgy-engineering","冶金质量管理","物料口径、工况与过程模型","mechanical","共享主题模块","工况、台架日志与接口版本","对照载荷范围、控制条件和实际接口","新接口下的失败被归到原来的模型上","演示通过不能证明所有工况下有效","MIT开放课程：力学与材料教学大纲 [基础方法课程]","https://ocw.mit.edu/courses/2-001-mechanics-materials-i-fall-2006/pages/syllabus/","2026-10-04","内容编辑与机制审核，未获逐方向专家签审"
"metallurgy-engineering-12","metallurgy-engineering","冶金史","物料口径、工况与过程模型","mechanical","共享主题模块","工况、台架日志与接口版本","对照载荷范围、控制条件和实际接口","新接口下的失败被归到原来的模型上","演示通过不能证明所有工况下有效","MIT开放课程：力学与材料教学大纲 [基础方法课程]","https://ocw.mit.edu/courses/2-001-mechanics-materials-i-fall-2006/pages/syllabus/","2026-10-04","内容编辑与机制审核，未获逐方向专家签审"
"geological-engineering-1","geological-engineering","地质工程资料","调查尺度、样点位置与工程假设","ecology","共享主题模块","采样位置、时间窗口与环境背景记录","画出实际覆盖范围，保留天气与缺测时段","雨后未能到达的点被填成没有变化","缺测不是零，局部观察不能代替整个区域","北京大学：自然地理与自然资源系 [相邻学科范围]","https://www.ues.pku.edu.cn/ztlm/zrdlyzrzyx/index.htm","2026-10-04","内容编辑与机制审核，未获逐方向专家签审"
"geological-engineering-2","geological-engineering","地质勘查史","调查尺度、样点位置与工程假设","ecology","共享主题模块","采样位置、时间窗口与环境背景记录","画出实际覆盖范围，保留天气与缺测时段","雨后未能到达的点被填成没有变化","缺测不是零，局部观察不能代替整个区域","北京大学：自然地理与自然资源系 [相邻学科范围]","https://www.ues.pku.edu.cn/ztlm/zrdlyzrzyx/index.htm","2026-10-04","内容编辑与机制审核，未获逐方向专家签审"
"geological-engineering-3","geological-engineering","工程地质评价","调查尺度、样点位置与工程假设","ecology","共享主题模块","采样位置、时间窗口与环境背景记录","画出实际覆盖范围，保留天气与缺测时段","雨后未能到达的点被填成没有变化","缺测不是零，局部观察不能代替整个区域","北京大学：自然地理与自然资源系 [相邻学科范围]","https://www.ues.pku.edu.cn/ztlm/zrdlyzrzyx/index.htm","2026-10-04","内容编辑与机制审核，未获逐方向专家签审"
"geological-engineering-4","geological-engineering","地球探测资料","调查尺度、样点位置与工程假设","ecology","共享主题模块","采样位置、时间窗口与环境背景记录","画出实际覆盖范围，保留天气与缺测时段","雨后未能到达的点被填成没有变化","缺测不是零，局部观察不能代替整个区域","北京大学：自然地理与自然资源系 [相邻学科范围]","https://www.ues.pku.edu.cn/ztlm/zrdlyzrzyx/index.htm","2026-10-04","内容编辑与机制审核，未获逐方向专家签审"
"geological-engineering-5","geological-engineering","地质资源评价","调查尺度、样点位置与工程假设","ecology","共享主题模块","采样位置、时间窗口与环境背景记录","画出实际覆盖范围，保留天气与缺测时段","雨后未能到达的点被填成没有变化","缺测不是零，局部观察不能代替整个区域","北京大学：自然地理与自然资源系 [相邻学科范围]","https://www.ues.pku.edu.cn/ztlm/zrdlyzrzyx/index.htm","2026-10-04","内容编辑与机制审核，未获逐方向专家签审"
"geological-engineering-6","geological-engineering","地质模型","调查尺度、样点位置与工程假设","ecology","共享主题模块","采样位置、时间窗口与环境背景记录","画出实际覆盖范围，保留天气与缺测时段","雨后未能到达的点被填成没有变化","缺测不是零，局部观察不能代替整个区域","北京大学：自然地理与自然资源系 [相邻学科范围]","https://www.ues.pku.edu.cn/ztlm/zrdlyzrzyx/index.htm","2026-10-04","内容编辑与机制审核，未获逐方向专家签审"
"geological-engineering-7","geological-engineering","地下水资料","调查尺度、样点位置与工程假设","ecology","共享主题模块","采样位置、时间窗口与环境背景记录","画出实际覆盖范围，保留天气与缺测时段","雨后未能到达的点被填成没有变化","缺测不是零，局部观察不能代替整个区域","北京大学：自然地理与自然资源系 [相邻学科范围]","https://www.ues.pku.edu.cn/ztlm/zrdlyzrzyx/index.htm","2026-10-04","内容编辑与机制审核，未获逐方向专家签审"
"geological-engineering-8","geological-engineering","地质信息","调查尺度、样点位置与工程假设","ecology","共享主题模块","采样位置、时间窗口与环境背景记录","画出实际覆盖范围，保留天气与缺测时段","雨后未能到达的点被填成没有变化","缺测不是零，局部观察不能代替整个区域","北京大学：自然地理与自然资源系 [相邻学科范围]","https://www.ues.pku.edu.cn/ztlm/zrdlyzrzyx/index.htm","2026-10-04","内容编辑与机制审核，未获逐方向专家签审"
"geological-engineering-9","geological-engineering","环境地质评价","调查尺度、样点位置与工程假设","ecology","共享主题模块","采样位置、时间窗口与环境背景记录","画出实际覆盖范围，保留天气与缺测时段","雨后未能到达的点被填成没有变化","缺测不是零，局部观察不能代替整个区域","北京大学：自然地理与自然资源系 [相邻学科范围]","https://www.ues.pku.edu.cn/ztlm/zrdlyzrzyx/index.htm","2026-10-04","内容编辑与机制审核，未获逐方向专家签审"
"geological-engineering-10","geological-engineering","地质监测","调查尺度、样点位置与工程假设","ecology","共享主题模块","采样位置、时间窗口与环境背景记录","画出实际覆盖范围，保留天气与缺测时段","雨后未能到达的点被填成没有变化","缺测不是零，局部观察不能代替整个区域","北京大学：自然地理与自然资源系 [相邻学科范围]","https://www.ues.pku.edu.cn/ztlm/zrdlyzrzyx/index.htm","2026-10-04","内容编辑与机制审核，未获逐方向专家签审"
"geological-engineering-11","geological-engineering","地质不确定性","调查尺度、样点位置与工程假设","ecology","共享主题模块","采样位置、时间窗口与环境背景记录","画出实际覆盖范围，保留天气与缺测时段","雨后未能到达的点被填成没有变化","缺测不是零，局部观察不能代替整个区域","北京大学：自然地理与自然资源系 [相邻学科范围]","https://www.ues.pku.edu.cn/ztlm/zrdlyzrzyx/index.htm","2026-10-04","内容编辑与机制审核，未获逐方向专家签审"
"geological-engineering-12","geological-engineering","地质工程教育","调查尺度、样点位置与工程假设","education","共享主题模块","课堂目标、活动记录与学习过程材料","让任务、教学目标与评价对应，保留班级差异","换了老师也换了活动，改善却全归到工具上","课后高分不能独立证明某项教学设计有效","北京师范大学：课程与教学研究方向 [学科范围]","https://cter.bnu.edu.cn/docs/2024-05/e0d9749ec02e425eb45aa96fefdadc2a.pdf","2026-10-04","内容编辑与机制审核，未获逐方向专家签审"
"mining-engineering-1","mining-engineering","矿业工程史","资源边界、工况与公开记录","construction","共享主题模块","场地资料、设计版本与约束清单","让方案与场地、规范假设和反馈对应","委托方改了用途，旧方案仍按原指标验收","方案可行性要对应具体场地与用途","MIT开放课程：力学与材料教学大纲 [基础方法课程]","https://ocw.mit.edu/courses/2-001-mechanics-materials-i-fall-2006/pages/syllabus/","2026-10-04","内容编辑与机制审核，未获逐方向专家签审"
"mining-engineering-2","mining-engineering","矿产资源评价","资源边界、工况与公开记录","construction","共享主题模块","场地资料、设计版本与约束清单","让方案与场地、规范假设和反馈对应","委托方改了用途，旧方案仍按原指标验收","方案可行性要对应具体场地与用途","MIT开放课程：力学与材料教学大纲 [基础方法课程]","https://ocw.mit.edu/courses/2-001-mechanics-materials-i-fall-2006/pages/syllabus/","2026-10-04","内容编辑与机制审核，未获逐方向专家签审"
"mining-engineering-3","mining-engineering","矿业系统模型","资源边界、工况与公开记录","software","共享主题模块","运行版本、依赖清单与故障日志","在同一条件下复查，区分环境与功能变化","演示机上的默认参数与实际使用环境不同","一次运行成功不等于稳定性或可复现性","清华计算机系：软件研究所 [学科范围]","https://www.cs.tsinghua.edu.cn/jgsz/yjssys/jsjkxyjsxrjyjs.htm","2026-10-04","内容编辑与机制审核，未获逐方向专家签审"
"mining-engineering-4","mining-engineering","矿业组织研究","资源边界、工况与公开记录","construction","共享主题模块","场地资料、设计版本与约束清单","让方案与场地、规范假设和反馈对应","委托方改了用途，旧方案仍按原指标验收","方案可行性要对应具体场地与用途","MIT开放课程：力学与材料教学大纲 [基础方法课程]","https://ocw.mit.edu/courses/2-001-mechanics-materials-i-fall-2006/pages/syllabus/","2026-10-04","内容编辑与机制审核，未获逐方向专家签审"
"mining-engineering-5","mining-engineering","矿业测量资料","资源边界、工况与公开记录","construction","共享主题模块","场地资料、设计版本与约束清单","让方案与场地、规范假设和反馈对应","委托方改了用途，旧方案仍按原指标验收","方案可行性要对应具体场地与用途","MIT开放课程：力学与材料教学大纲 [基础方法课程]","https://ocw.mit.edu/courses/2-001-mechanics-materials-i-fall-2006/pages/syllabus/","2026-10-04","内容编辑与机制审核，未获逐方向专家签审"
"mining-engineering-6","mining-engineering","矿业环境评价","资源边界、工况与公开记录","ecology","共享主题模块","采样位置、时间窗口与环境背景记录","画出实际覆盖范围，保留天气与缺测时段","雨后未能到达的点被填成没有变化","缺测不是零，局部观察不能代替整个区域","北京大学：自然地理与自然资源系 [相邻学科范围]","https://www.ues.pku.edu.cn/ztlm/zrdlyzrzyx/index.htm","2026-10-04","内容编辑与机制审核，未获逐方向专家签审"
"mining-engineering-7","mining-engineering","资源利用评价","资源边界、工况与公开记录","construction","共享主题模块","场地资料、设计版本与约束清单","让方案与场地、规范假设和反馈对应","委托方改了用途，旧方案仍按原指标验收","方案可行性要对应具体场地与用途","MIT开放课程：力学与材料教学大纲 [基础方法课程]","https://ocw.mit.edu/courses/2-001-mechanics-materials-i-fall-2006/pages/syllabus/","2026-10-04","内容编辑与机制审核，未获逐方向专家签审"
"mining-engineering-8","mining-engineering","矿业装备可靠性","资源边界、工况与公开记录","construction","共享主题模块","场地资料、设计版本与约束清单","让方案与场地、规范假设和反馈对应","委托方改了用途，旧方案仍按原指标验收","方案可行性要对应具体场地与用途","MIT开放课程：力学与材料教学大纲 [基础方法课程]","https://ocw.mit.edu/courses/2-001-mechanics-materials-i-fall-2006/pages/syllabus/","2026-10-04","内容编辑与机制审核，未获逐方向专家签审"
"mining-engineering-9","mining-engineering","矿业信息系统","资源边界、工况与公开记录","software","共享主题模块","运行版本、依赖清单与故障日志","在同一条件下复查，区分环境与功能变化","演示机上的默认参数与实际使用环境不同","一次运行成功不等于稳定性或可复现性","清华计算机系：软件研究所 [学科范围]","https://www.cs.tsinghua.edu.cn/jgsz/yjssys/jsjkxyjsxrjyjs.htm","2026-10-04","内容编辑与机制审核，未获逐方向专家签审"
"mining-engineering-10","mining-engineering","矿业安全文化","资源边界、工况与公开记录","software","共享主题模块","运行版本、依赖清单与故障日志","在同一条件下复查，区分环境与功能变化","演示机上的默认参数与实际使用环境不同","一次运行成功不等于稳定性或可复现性","清华计算机系：软件研究所 [学科范围]","https://www.cs.tsinghua.edu.cn/jgsz/yjssys/jsjkxyjsxrjyjs.htm","2026-10-04","内容编辑与机制审核，未获逐方向专家签审"
"mining-engineering-11","mining-engineering","矿业教育","资源边界、工况与公开记录","education","共享主题模块","课堂目标、活动记录与学习过程材料","让任务、教学目标与评价对应，保留班级差异","换了老师也换了活动，改善却全归到工具上","课后高分不能独立证明某项教学设计有效","北京师范大学：课程与教学研究方向 [学科范围]","https://cter.bnu.edu.cn/docs/2024-05/e0d9749ec02e425eb45aa96fefdadc2a.pdf","2026-10-04","内容编辑与机制审核，未获逐方向专家签审"
"mining-engineering-12","mining-engineering","矿业公共资料","资源边界、工况与公开记录","construction","共享主题模块","场地资料、设计版本与约束清单","让方案与场地、规范假设和反馈对应","委托方改了用途，旧方案仍按原指标验收","方案可行性要对应具体场地与用途","MIT开放课程：力学与材料教学大纲 [基础方法课程]","https://ocw.mit.edu/courses/2-001-mechanics-materials-i-fall-2006/pages/syllabus/","2026-10-04","内容编辑与机制审核，未获逐方向专家签审"
"petroleum-engineering-1","petroleum-engineering","油气地质资料","地层尺度、工况与资料来源","ecology","共享主题模块","采样位置、时间窗口与环境背景记录","画出实际覆盖范围，保留天气与缺测时段","雨后未能到达的点被填成没有变化","缺测不是零，局部观察不能代替整个区域","北京大学：自然地理与自然资源系 [相邻学科范围]","https://www.ues.pku.edu.cn/ztlm/zrdlyzrzyx/index.htm","2026-10-04","内容编辑与机制审核，未获逐方向专家签审"
"petroleum-engineering-2","petroleum-engineering","油气资源评价","地层尺度、工况与资料来源","mechanical","共享主题模块","工况、台架日志与接口版本","对照载荷范围、控制条件和实际接口","新接口下的失败被归到原来的模型上","演示通过不能证明所有工况下有效","MIT开放课程：力学与材料教学大纲 [基础方法课程]","https://ocw.mit.edu/courses/2-001-mechanics-materials-i-fall-2006/pages/syllabus/","2026-10-04","内容编辑与机制审核，未获逐方向专家签审"
"petroleum-engineering-3","petroleum-engineering","储层模型","地层尺度、工况与资料来源","mechanical","共享主题模块","工况、台架日志与接口版本","对照载荷范围、控制条件和实际接口","新接口下的失败被归到原来的模型上","演示通过不能证明所有工况下有效","MIT开放课程：力学与材料教学大纲 [基础方法课程]","https://ocw.mit.edu/courses/2-001-mechanics-materials-i-fall-2006/pages/syllabus/","2026-10-04","内容编辑与机制审核，未获逐方向专家签审"
"petroleum-engineering-4","petroleum-engineering","能源流体资料","地层尺度、工况与资料来源","mechanical","共享主题模块","工况、台架日志与接口版本","对照载荷范围、控制条件和实际接口","新接口下的失败被归到原来的模型上","演示通过不能证明所有工况下有效","MIT开放课程：力学与材料教学大纲 [基础方法课程]","https://ocw.mit.edu/courses/2-001-mechanics-materials-i-fall-2006/pages/syllabus/","2026-10-04","内容编辑与机制审核，未获逐方向专家签审"
"petroleum-engineering-5","petroleum-engineering","油气测量","地层尺度、工况与资料来源","mechanical","共享主题模块","工况、台架日志与接口版本","对照载荷范围、控制条件和实际接口","新接口下的失败被归到原来的模型上","演示通过不能证明所有工况下有效","MIT开放课程：力学与材料教学大纲 [基础方法课程]","https://ocw.mit.edu/courses/2-001-mechanics-materials-i-fall-2006/pages/syllabus/","2026-10-04","内容编辑与机制审核，未获逐方向专家签审"
"petroleum-engineering-6","petroleum-engineering","油气工程史","地层尺度、工况与资料来源","mechanical","共享主题模块","工况、台架日志与接口版本","对照载荷范围、控制条件和实际接口","新接口下的失败被归到原来的模型上","演示通过不能证明所有工况下有效","MIT开放课程：力学与材料教学大纲 [基础方法课程]","https://ocw.mit.edu/courses/2-001-mechanics-materials-i-fall-2006/pages/syllabus/","2026-10-04","内容编辑与机制审核，未获逐方向专家签审"
"petroleum-engineering-7","petroleum-engineering","油气生产系统评价","地层尺度、工况与资料来源","software","共享主题模块","运行版本、依赖清单与故障日志","在同一条件下复查，区分环境与功能变化","演示机上的默认参数与实际使用环境不同","一次运行成功不等于稳定性或可复现性","清华计算机系：软件研究所 [学科范围]","https://www.cs.tsinghua.edu.cn/jgsz/yjssys/jsjkxyjsxrjyjs.htm","2026-10-04","内容编辑与机制审核，未获逐方向专家签审"
"petroleum-engineering-8","petroleum-engineering","油气环境评价","地层尺度、工况与资料来源","ecology","共享主题模块","采样位置、时间窗口与环境背景记录","画出实际覆盖范围，保留天气与缺测时段","雨后未能到达的点被填成没有变化","缺测不是零，局部观察不能代替整个区域","北京大学：自然地理与自然资源系 [相邻学科范围]","https://www.ues.pku.edu.cn/ztlm/zrdlyzrzyx/index.htm","2026-10-04","内容编辑与机制审核，未获逐方向专家签审"
"petroleum-engineering-9","petroleum-engineering","油气装备可靠性","地层尺度、工况与资料来源","mechanical","共享主题模块","工况、台架日志与接口版本","对照载荷范围、控制条件和实际接口","新接口下的失败被归到原来的模型上","演示通过不能证明所有工况下有效","MIT开放课程：力学与材料教学大纲 [基础方法课程]","https://ocw.mit.edu/courses/2-001-mechanics-materials-i-fall-2006/pages/syllabus/","2026-10-04","内容编辑与机制审核，未获逐方向专家签审"
"petroleum-engineering-10","petroleum-engineering","油气数据质量","地层尺度、工况与资料来源","mechanical","共享主题模块","工况、台架日志与接口版本","对照载荷范围、控制条件和实际接口","新接口下的失败被归到原来的模型上","演示通过不能证明所有工况下有效","MIT开放课程：力学与材料教学大纲 [基础方法课程]","https://ocw.mit.edu/courses/2-001-mechanics-materials-i-fall-2006/pages/syllabus/","2026-10-04","内容编辑与机制审核，未获逐方向专家签审"
"petroleum-engineering-11","petroleum-engineering","天然气系统评价","地层尺度、工况与资料来源","software","共享主题模块","运行版本、依赖清单与故障日志","在同一条件下复查，区分环境与功能变化","演示机上的默认参数与实际使用环境不同","一次运行成功不等于稳定性或可复现性","清华计算机系：软件研究所 [学科范围]","https://www.cs.tsinghua.edu.cn/jgsz/yjssys/jsjkxyjsxrjyjs.htm","2026-10-04","内容编辑与机制审核，未获逐方向专家签审"
"petroleum-engineering-12","petroleum-engineering","能源转型资料","地层尺度、工况与资料来源","mechanical","共享主题模块","工况、台架日志与接口版本","对照载荷范围、控制条件和实际接口","新接口下的失败被归到原来的模型上","演示通过不能证明所有工况下有效","MIT开放课程：力学与材料教学大纲 [基础方法课程]","https://ocw.mit.edu/courses/2-001-mechanics-materials-i-fall-2006/pages/syllabus/","2026-10-04","内容编辑与机制审核，未获逐方向专家签审"
"textile-engineering-1","textile-engineering","纺织材料","材料批次、使用条件与性能评价","chemistry","细分核对","样品批次、表征状态与使用评价","核对表征与评价是否来自同一批次和状态","表征时的状态被当成实际使用时一直保持的状态","表征描述不独立代表使用稳定性与表现","北京大学化学学院：研究主题 [学科范围]","https://www.chem.pku.edu.cn/en/Research/ResearchTheme/index.htm","2026-10-04","内容编辑与机制审核，未获逐方向专家签审"
"textile-engineering-2","textile-engineering","纺织工艺评价","材料批次、使用条件与性能评价","mechanical","共享主题模块","工况、台架日志与接口版本","对照载荷范围、控制条件和实际接口","新接口下的失败被归到原来的模型上","演示通过不能证明所有工况下有效","MIT开放课程：力学与材料教学大纲 [基础方法课程]","https://ocw.mit.edu/courses/2-001-mechanics-materials-i-fall-2006/pages/syllabus/","2026-10-04","内容编辑与机制审核，未获逐方向专家签审"
"textile-engineering-3","textile-engineering","纺织化学资料","材料批次、使用条件与性能评价","chemistry","共享主题模块","材料批次、表征条件与使用环境记录","比较结构描述、测量设置和状态变化","最漂亮的表征来自没有进入其他评价的批次","单项表征不能直接代表稳定性与使用表现","北京大学化学学院：研究主题 [学科范围]","https://www.chem.pku.edu.cn/en/Research/ResearchTheme/index.htm","2026-10-04","内容编辑与机制审核，未获逐方向专家签审"
"textile-engineering-4","textile-engineering","服装设计与工程","材料批次、使用条件与性能评价","mechanical","共享主题模块","工况、台架日志与接口版本","对照载荷范围、控制条件和实际接口","新接口下的失败被归到原来的模型上","演示通过不能证明所有工况下有效","MIT开放课程：力学与材料教学大纲 [基础方法课程]","https://ocw.mit.edu/courses/2-001-mechanics-materials-i-fall-2006/pages/syllabus/","2026-10-04","内容编辑与机制审核，未获逐方向专家签审"
"textile-engineering-5","textile-engineering","纺织测量","材料批次、使用条件与性能评价","mechanical","共享主题模块","工况、台架日志与接口版本","对照载荷范围、控制条件和实际接口","新接口下的失败被归到原来的模型上","演示通过不能证明所有工况下有效","MIT开放课程：力学与材料教学大纲 [基础方法课程]","https://ocw.mit.edu/courses/2-001-mechanics-materials-i-fall-2006/pages/syllabus/","2026-10-04","内容编辑与机制审核，未获逐方向专家签审"
"textile-engineering-6","textile-engineering","纺织舒适性","材料批次、使用条件与性能评价","mechanical","共享主题模块","工况、台架日志与接口版本","对照载荷范围、控制条件和实际接口","新接口下的失败被归到原来的模型上","演示通过不能证明所有工况下有效","MIT开放课程：力学与材料教学大纲 [基础方法课程]","https://ocw.mit.edu/courses/2-001-mechanics-materials-i-fall-2006/pages/syllabus/","2026-10-04","内容编辑与机制审核，未获逐方向专家签审"
"textile-engineering-7","textile-engineering","纺织结构","材料批次、使用条件与性能评价","construction","共享主题模块","场地资料、设计版本与约束清单","让方案与场地、规范假设和反馈对应","委托方改了用途，旧方案仍按原指标验收","方案可行性要对应具体场地与用途","MIT开放课程：力学与材料教学大纲 [基础方法课程]","https://ocw.mit.edu/courses/2-001-mechanics-materials-i-fall-2006/pages/syllabus/","2026-10-04","内容编辑与机制审核，未获逐方向专家签审"
"textile-engineering-8","textile-engineering","纺织质量管理","材料批次、使用条件与性能评价","mechanical","共享主题模块","工况、台架日志与接口版本","对照载荷范围、控制条件和实际接口","新接口下的失败被归到原来的模型上","演示通过不能证明所有工况下有效","MIT开放课程：力学与材料教学大纲 [基础方法课程]","https://ocw.mit.edu/courses/2-001-mechanics-materials-i-fall-2006/pages/syllabus/","2026-10-04","内容编辑与机制审核，未获逐方向专家签审"
"textile-engineering-9","textile-engineering","纺织资源循环","材料批次、使用条件与性能评价","mechanical","共享主题模块","工况、台架日志与接口版本","对照载荷范围、控制条件和实际接口","新接口下的失败被归到原来的模型上","演示通过不能证明所有工况下有效","MIT开放课程：力学与材料教学大纲 [基础方法课程]","https://ocw.mit.edu/courses/2-001-mechanics-materials-i-fall-2006/pages/syllabus/","2026-10-04","内容编辑与机制审核，未获逐方向专家签审"
"textile-engineering-10","textile-engineering","纺织数字化","材料批次、使用条件与性能评价","mechanical","共享主题模块","工况、台架日志与接口版本","对照载荷范围、控制条件和实际接口","新接口下的失败被归到原来的模型上","演示通过不能证明所有工况下有效","MIT开放课程：力学与材料教学大纲 [基础方法课程]","https://ocw.mit.edu/courses/2-001-mechanics-materials-i-fall-2006/pages/syllabus/","2026-10-04","内容编辑与机制审核，未获逐方向专家签审"
"textile-engineering-11","textile-engineering","纺织史","材料批次、使用条件与性能评价","mechanical","共享主题模块","工况、台架日志与接口版本","对照载荷范围、控制条件和实际接口","新接口下的失败被归到原来的模型上","演示通过不能证明所有工况下有效","MIT开放课程：力学与材料教学大纲 [基础方法课程]","https://ocw.mit.edu/courses/2-001-mechanics-materials-i-fall-2006/pages/syllabus/","2026-10-04","内容编辑与机制审核，未获逐方向专家签审"
"textile-engineering-12","textile-engineering","纺织教育","材料批次、使用条件与性能评价","education","共享主题模块","课堂目标、活动记录与学习过程材料","让任务、教学目标与评价对应，保留班级差异","换了老师也换了活动，改善却全归到工具上","课后高分不能独立证明某项教学设计有效","北京师范大学：课程与教学研究方向 [学科范围]","https://cter.bnu.edu.cn/docs/2024-05/e0d9749ec02e425eb45aa96fefdadc2a.pdf","2026-10-04","内容编辑与机制审核，未获逐方向专家签审"
"light-industry-1","light-industry","制浆造纸资料","材料来源、过程边界与使用需求","mechanical","共享主题模块","工况、台架日志与接口版本","对照载荷范围、控制条件和实际接口","新接口下的失败被归到原来的模型上","演示通过不能证明所有工况下有效","MIT开放课程：力学与材料教学大纲 [基础方法课程]","https://ocw.mit.edu/courses/2-001-mechanics-materials-i-fall-2006/pages/syllabus/","2026-10-04","内容编辑与机制审核，未获逐方向专家签审"
"light-industry-2","light-industry","制革材料资料","材料来源、过程边界与使用需求","chemistry","细分核对","样品批次、表征状态与使用评价","核对表征与评价是否来自同一批次和状态","表征时的状态被当成实际使用时一直保持的状态","表征描述不独立代表使用稳定性与表现","北京大学化学学院：研究主题 [学科范围]","https://www.chem.pku.edu.cn/en/Research/ResearchTheme/index.htm","2026-10-04","内容编辑与机制审核，未获逐方向专家签审"
"light-industry-3","light-industry","包装工程","材料来源、过程边界与使用需求","mechanical","共享主题模块","工况、台架日志与接口版本","对照载荷范围、控制条件和实际接口","新接口下的失败被归到原来的模型上","演示通过不能证明所有工况下有效","MIT开放课程：力学与材料教学大纲 [基础方法课程]","https://ocw.mit.edu/courses/2-001-mechanics-materials-i-fall-2006/pages/syllabus/","2026-10-04","内容编辑与机制审核，未获逐方向专家签审"
"light-industry-4","light-industry","印刷工程","材料来源、过程边界与使用需求","mechanical","共享主题模块","工况、台架日志与接口版本","对照载荷范围、控制条件和实际接口","新接口下的失败被归到原来的模型上","演示通过不能证明所有工况下有效","MIT开放课程：力学与材料教学大纲 [基础方法课程]","https://ocw.mit.edu/courses/2-001-mechanics-materials-i-fall-2006/pages/syllabus/","2026-10-04","内容编辑与机制审核，未获逐方向专家签审"
"light-industry-5","light-industry","轻工过程评价","材料来源、过程边界与使用需求","mechanical","共享主题模块","工况、台架日志与接口版本","对照载荷范围、控制条件和实际接口","新接口下的失败被归到原来的模型上","演示通过不能证明所有工况下有效","MIT开放课程：力学与材料教学大纲 [基础方法课程]","https://ocw.mit.edu/courses/2-001-mechanics-materials-i-fall-2006/pages/syllabus/","2026-10-04","内容编辑与机制审核，未获逐方向专家签审"
"light-industry-6","light-industry","轻工资源循环","材料来源、过程边界与使用需求","mechanical","共享主题模块","工况、台架日志与接口版本","对照载荷范围、控制条件和实际接口","新接口下的失败被归到原来的模型上","演示通过不能证明所有工况下有效","MIT开放课程：力学与材料教学大纲 [基础方法课程]","https://ocw.mit.edu/courses/2-001-mechanics-materials-i-fall-2006/pages/syllabus/","2026-10-04","内容编辑与机制审核，未获逐方向专家签审"
"light-industry-7","light-industry","轻工产品设计","材料来源、过程边界与使用需求","interaction","共享主题模块","任务脚本、原型版本与用户反馈","对照用户目标与任务完成，保留失败路径","熟人试玩的评价被当作目标用户反馈","喜欢作品与完成任务不是同一个结局","清华计算机系：科研方向 [学科范围]；中央美术学院：人文学院 [相邻学科范围]","https://www.cs.tsinghua.edu.cn/kxyj/kyfx.htm；https://www.cafa.edu.cn/sp/nljg/?j=151","2026-10-04","内容编辑与机制审核，未获逐方向专家签审"
"light-industry-8","light-industry","轻工质量管理","材料来源、过程边界与使用需求","mechanical","共享主题模块","工况、台架日志与接口版本","对照载荷范围、控制条件和实际接口","新接口下的失败被归到原来的模型上","演示通过不能证明所有工况下有效","MIT开放课程：力学与材料教学大纲 [基础方法课程]","https://ocw.mit.edu/courses/2-001-mechanics-materials-i-fall-2006/pages/syllabus/","2026-10-04","内容编辑与机制审核，未获逐方向专家签审"
"light-industry-9","light-industry","轻工材料测量","材料来源、过程边界与使用需求","chemistry","细分核对","样品批次、表征状态与使用评价","核对表征与评价是否来自同一批次和状态","表征时的状态被当成实际使用时一直保持的状态","表征描述不独立代表使用稳定性与表现","北京大学化学学院：研究主题 [学科范围]","https://www.chem.pku.edu.cn/en/Research/ResearchTheme/index.htm","2026-10-04","内容编辑与机制审核，未获逐方向专家签审"
"light-industry-10","light-industry","轻工环境评价","材料来源、过程边界与使用需求","ecology","共享主题模块","采样位置、时间窗口与环境背景记录","画出实际覆盖范围，保留天气与缺测时段","雨后未能到达的点被填成没有变化","缺测不是零，局部观察不能代替整个区域","北京大学：自然地理与自然资源系 [相邻学科范围]","https://www.ues.pku.edu.cn/ztlm/zrdlyzrzyx/index.htm","2026-10-04","内容编辑与机制审核，未获逐方向专家签审"
"light-industry-11","light-industry","轻工数字化","材料来源、过程边界与使用需求","mechanical","共享主题模块","工况、台架日志与接口版本","对照载荷范围、控制条件和实际接口","新接口下的失败被归到原来的模型上","演示通过不能证明所有工况下有效","MIT开放课程：力学与材料教学大纲 [基础方法课程]","https://ocw.mit.edu/courses/2-001-mechanics-materials-i-fall-2006/pages/syllabus/","2026-10-04","内容编辑与机制审核，未获逐方向专家签审"
"light-industry-12","light-industry","轻工史","材料来源、过程边界与使用需求","mechanical","共享主题模块","工况、台架日志与接口版本","对照载荷范围、控制条件和实际接口","新接口下的失败被归到原来的模型上","演示通过不能证明所有工况下有效","MIT开放课程：力学与材料教学大纲 [基础方法课程]","https://ocw.mit.edu/courses/2-001-mechanics-materials-i-fall-2006/pages/syllabus/","2026-10-04","内容编辑与机制审核，未获逐方向专家签审"
"transportation-engineering-1","transportation-engineering","道路与铁道工程资料","出行时间、系统边界与评价对象","mechanical","共享主题模块","工况、台架日志与接口版本","对照载荷范围、控制条件和实际接口","新接口下的失败被归到原来的模型上","演示通过不能证明所有工况下有效","MIT开放课程：力学与材料教学大纲 [基础方法课程]","https://ocw.mit.edu/courses/2-001-mechanics-materials-i-fall-2006/pages/syllabus/","2026-10-04","内容编辑与机制审核，未获逐方向专家签审"
"transportation-engineering-2","transportation-engineering","交通信息工程","出行时间、系统边界与评价对象","electronics","共享主题模块","信号标定、器件状态与测试条件","把仿真参数与实际测量条件逐项对应","两次测量的信号差异来自标定版本","仿真和台架表现不能直接代替现场可靠性","清华计算机系：科研方向 [学科范围]；北京大学物理学院：研究领域 [学科范围]","https://www.cs.tsinghua.edu.cn/kxyj/kyfx.htm；https://english.phy.pku.edu.cn/Research/Research_Areas.htm","2026-10-04","内容编辑与机制审核，未获逐方向专家签审"
"transportation-engineering-3","transportation-engineering","交通运输规划","出行时间、系统边界与评价对象","mechanical","共享主题模块","工况、台架日志与接口版本","对照载荷范围、控制条件和实际接口","新接口下的失败被归到原来的模型上","演示通过不能证明所有工况下有效","MIT开放课程：力学与材料教学大纲 [基础方法课程]","https://ocw.mit.edu/courses/2-001-mechanics-materials-i-fall-2006/pages/syllabus/","2026-10-04","内容编辑与机制审核，未获逐方向专家签审"
"transportation-engineering-4","transportation-engineering","交通运载工具评价","出行时间、系统边界与评价对象","mechanical","共享主题模块","工况、台架日志与接口版本","对照载荷范围、控制条件和实际接口","新接口下的失败被归到原来的模型上","演示通过不能证明所有工况下有效","MIT开放课程：力学与材料教学大纲 [基础方法课程]","https://ocw.mit.edu/courses/2-001-mechanics-materials-i-fall-2006/pages/syllabus/","2026-10-04","内容编辑与机制审核，未获逐方向专家签审"
"transportation-engineering-5","transportation-engineering","交通组织","出行时间、系统边界与评价对象","mechanical","共享主题模块","工况、台架日志与接口版本","对照载荷范围、控制条件和实际接口","新接口下的失败被归到原来的模型上","演示通过不能证明所有工况下有效","MIT开放课程：力学与材料教学大纲 [基础方法课程]","https://ocw.mit.edu/courses/2-001-mechanics-materials-i-fall-2006/pages/syllabus/","2026-10-04","内容编辑与机制审核，未获逐方向专家签审"
"transportation-engineering-6","transportation-engineering","出行行为","出行时间、系统边界与评价对象","mechanical","共享主题模块","工况、台架日志与接口版本","对照载荷范围、控制条件和实际接口","新接口下的失败被归到原来的模型上","演示通过不能证明所有工况下有效","MIT开放课程：力学与材料教学大纲 [基础方法课程]","https://ocw.mit.edu/courses/2-001-mechanics-materials-i-fall-2006/pages/syllabus/","2026-10-04","内容编辑与机制审核，未获逐方向专家签审"
"transportation-engineering-7","transportation-engineering","公共交通","出行时间、系统边界与评价对象","mechanical","共享主题模块","工况、台架日志与接口版本","对照载荷范围、控制条件和实际接口","新接口下的失败被归到原来的模型上","演示通过不能证明所有工况下有效","MIT开放课程：力学与材料教学大纲 [基础方法课程]","https://ocw.mit.edu/courses/2-001-mechanics-materials-i-fall-2006/pages/syllabus/","2026-10-04","内容编辑与机制审核，未获逐方向专家签审"
"transportation-engineering-8","transportation-engineering","交通测量","出行时间、系统边界与评价对象","mechanical","共享主题模块","工况、台架日志与接口版本","对照载荷范围、控制条件和实际接口","新接口下的失败被归到原来的模型上","演示通过不能证明所有工况下有效","MIT开放课程：力学与材料教学大纲 [基础方法课程]","https://ocw.mit.edu/courses/2-001-mechanics-materials-i-fall-2006/pages/syllabus/","2026-10-04","内容编辑与机制审核，未获逐方向专家签审"
"transportation-engineering-9","transportation-engineering","交通可靠性","出行时间、系统边界与评价对象","mechanical","共享主题模块","工况、台架日志与接口版本","对照载荷范围、控制条件和实际接口","新接口下的失败被归到原来的模型上","演示通过不能证明所有工况下有效","MIT开放课程：力学与材料教学大纲 [基础方法课程]","https://ocw.mit.edu/courses/2-001-mechanics-materials-i-fall-2006/pages/syllabus/","2026-10-04","内容编辑与机制审核，未获逐方向专家签审"
"transportation-engineering-10","transportation-engineering","交通环境评价","出行时间、系统边界与评价对象","ecology","共享主题模块","采样位置、时间窗口与环境背景记录","画出实际覆盖范围，保留天气与缺测时段","雨后未能到达的点被填成没有变化","缺测不是零，局部观察不能代替整个区域","北京大学：自然地理与自然资源系 [相邻学科范围]","https://www.ues.pku.edu.cn/ztlm/zrdlyzrzyx/index.htm","2026-10-04","内容编辑与机制审核，未获逐方向专家签审"
"transportation-engineering-11","transportation-engineering","交通工程史","出行时间、系统边界与评价对象","mechanical","共享主题模块","工况、台架日志与接口版本","对照载荷范围、控制条件和实际接口","新接口下的失败被归到原来的模型上","演示通过不能证明所有工况下有效","MIT开放课程：力学与材料教学大纲 [基础方法课程]","https://ocw.mit.edu/courses/2-001-mechanics-materials-i-fall-2006/pages/syllabus/","2026-10-04","内容编辑与机制审核，未获逐方向专家签审"
"transportation-engineering-12","transportation-engineering","交通可及性","出行时间、系统边界与评价对象","mechanical","共享主题模块","工况、台架日志与接口版本","对照载荷范围、控制条件和实际接口","新接口下的失败被归到原来的模型上","演示通过不能证明所有工况下有效","MIT开放课程：力学与材料教学大纲 [基础方法课程]","https://ocw.mit.edu/courses/2-001-mechanics-materials-i-fall-2006/pages/syllabus/","2026-10-04","内容编辑与机制审核，未获逐方向专家签审"
"ship-engineering-1","ship-engineering","船舶结构评价","尺度效应、海况与模型边界","mechanical","细分核对","荷载边界、模型简化与失效记录","分开模型假设、边界条件与响应评价","简化模型的边界被直接当成实际使用边界","局部响应符合不证明所有失效模式被排除","MIT开放课程：力学与材料教学大纲 [基础方法课程]","https://ocw.mit.edu/courses/2-001-mechanics-materials-i-fall-2006/pages/syllabus/","2026-10-04","内容编辑与机制审核，未获逐方向专家签审"
"ship-engineering-2","ship-engineering","船舶流体模型","尺度效应、海况与模型边界","mechanical","共享主题模块","工况、台架日志与接口版本","对照载荷范围、控制条件和实际接口","新接口下的失败被归到原来的模型上","演示通过不能证明所有工况下有效","MIT开放课程：力学与材料教学大纲 [基础方法课程]","https://ocw.mit.edu/courses/2-001-mechanics-materials-i-fall-2006/pages/syllabus/","2026-10-04","内容编辑与机制审核，未获逐方向专家签审"
"ship-engineering-3","ship-engineering","海洋结构","尺度效应、海况与模型边界","ecology","细分核对","荷载边界、模型简化与失效记录","分开模型假设、边界条件与响应评价","简化模型的边界被直接当成实际使用边界","局部响应符合不证明所有失效模式被排除","北京大学：自然地理与自然资源系 [相邻学科范围]","https://www.ues.pku.edu.cn/ztlm/zrdlyzrzyx/index.htm","2026-10-04","内容编辑与机制审核，未获逐方向专家签审"
"ship-engineering-4","ship-engineering","船舶动力资料","尺度效应、海况与模型边界","mechanical","共享主题模块","工况、台架日志与接口版本","对照载荷范围、控制条件和实际接口","新接口下的失败被归到原来的模型上","演示通过不能证明所有工况下有效","MIT开放课程：力学与材料教学大纲 [基础方法课程]","https://ocw.mit.edu/courses/2-001-mechanics-materials-i-fall-2006/pages/syllabus/","2026-10-04","内容编辑与机制审核，未获逐方向专家签审"
"ship-engineering-5","ship-engineering","海洋工程测量","尺度效应、海况与模型边界","ecology","共享主题模块","采样位置、时间窗口与环境背景记录","画出实际覆盖范围，保留天气与缺测时段","雨后未能到达的点被填成没有变化","缺测不是零，局部观察不能代替整个区域","北京大学：自然地理与自然资源系 [相邻学科范围]","https://www.ues.pku.edu.cn/ztlm/zrdlyzrzyx/index.htm","2026-10-04","内容编辑与机制审核，未获逐方向专家签审"
"ship-engineering-6","ship-engineering","海洋装备可靠性","尺度效应、海况与模型边界","ecology","共享主题模块","采样位置、时间窗口与环境背景记录","画出实际覆盖范围，保留天气与缺测时段","雨后未能到达的点被填成没有变化","缺测不是零，局部观察不能代替整个区域","北京大学：自然地理与自然资源系 [相邻学科范围]","https://www.ues.pku.edu.cn/ztlm/zrdlyzrzyx/index.htm","2026-10-04","内容编辑与机制审核，未获逐方向专家签审"
"ship-engineering-7","ship-engineering","港口协作资料","尺度效应、海况与模型边界","ecology","共享主题模块","采样位置、时间窗口与环境背景记录","画出实际覆盖范围，保留天气与缺测时段","雨后未能到达的点被填成没有变化","缺测不是零，局部观察不能代替整个区域","北京大学：自然地理与自然资源系 [相邻学科范围]","https://www.ues.pku.edu.cn/ztlm/zrdlyzrzyx/index.htm","2026-10-04","内容编辑与机制审核，未获逐方向专家签审"
"ship-engineering-8","ship-engineering","海洋环境工况","尺度效应、海况与模型边界","process","共享主题模块","系统边界、物料衡算与工况记录","在同一系统边界下核对衡算与工况差异","一组评价遗漏了辅助环节的资源消耗","局部效率改善不能直接写成全系统效益提高","北京大学化学学院：研究主题 [学科范围]；MIT开放课程：力学与材料教学大纲 [基础方法课程]","https://www.chem.pku.edu.cn/en/Research/ResearchTheme/index.htm；https://ocw.mit.edu/courses/2-001-mechanics-materials-i-fall-2006/pages/syllabus/","2026-10-04","内容编辑与机制审核，未获逐方向专家签审"
"ship-engineering-9","ship-engineering","船舶工程史","尺度效应、海况与模型边界","mechanical","共享主题模块","工况、台架日志与接口版本","对照载荷范围、控制条件和实际接口","新接口下的失败被归到原来的模型上","演示通过不能证明所有工况下有效","MIT开放课程：力学与材料教学大纲 [基础方法课程]","https://ocw.mit.edu/courses/2-001-mechanics-materials-i-fall-2006/pages/syllabus/","2026-10-04","内容编辑与机制审核，未获逐方向专家签审"
"ship-engineering-10","ship-engineering","海洋工程材料","尺度效应、海况与模型边界","ecology","共享主题模块","采样位置、时间窗口与环境背景记录","画出实际覆盖范围，保留天气与缺测时段","雨后未能到达的点被填成没有变化","缺测不是零，局部观察不能代替整个区域","北京大学：自然地理与自然资源系 [相邻学科范围]","https://www.ues.pku.edu.cn/ztlm/zrdlyzrzyx/index.htm","2026-10-04","内容编辑与机制审核，未获逐方向专家签审"
"ship-engineering-11","ship-engineering","船舶数字化","尺度效应、海况与模型边界","mechanical","共享主题模块","工况、台架日志与接口版本","对照载荷范围、控制条件和实际接口","新接口下的失败被归到原来的模型上","演示通过不能证明所有工况下有效","MIT开放课程：力学与材料教学大纲 [基础方法课程]","https://ocw.mit.edu/courses/2-001-mechanics-materials-i-fall-2006/pages/syllabus/","2026-10-04","内容编辑与机制审核，未获逐方向专家签审"
"ship-engineering-12","ship-engineering","海洋工程教育","尺度效应、海况与模型边界","education","共享主题模块","课堂目标、活动记录与学习过程材料","让任务、教学目标与评价对应，保留班级差异","换了老师也换了活动，改善却全归到工具上","课后高分不能独立证明某项教学设计有效","北京师范大学：课程与教学研究方向 [学科范围]","https://cter.bnu.edu.cn/docs/2024-05/e0d9749ec02e425eb45aa96fefdadc2a.pdf","2026-10-04","内容编辑与机制审核，未获逐方向专家签审"
"armament-history-1","armament-history","兵器技术史","公开史料出处、历史工况与解释范围","military","细分核对","公开史料、当时信息与组织约束","限制在公开历史解释，保留行动者当时能知道的内容","历史结局被提前交给抽象案例中的决策者","历史解释与抽象组织案例不等于现实预测","教育部：研究生教育学科专业目录（2022） [分类背景]；北京大学历史学系：学科介绍 [学科范围]","https://www.moe.gov.cn/srcsite/A22/moe_833/202209/t20220914_660828.html；https://history.pku.edu.cn/bxgk/xkjj/index.htm","2026-10-04","内容编辑与机制审核，未获逐方向专家签审"
"armament-history-2","armament-history","装备博物馆资料","公开史料出处、历史工况与解释范围","military","细分核对","公开史料、当时信息与组织约束","限制在公开历史解释，保留行动者当时能知道的内容","历史结局被提前交给抽象案例中的决策者","历史解释与抽象组织案例不等于现实预测","教育部：研究生教育学科专业目录（2022） [分类背景]；北京大学历史学系：学科介绍 [学科范围]","https://www.moe.gov.cn/srcsite/A22/moe_833/202209/t20220914_660828.html；https://history.pku.edu.cn/bxgk/xkjj/index.htm","2026-10-04","内容编辑与机制审核，未获逐方向专家签审"
"armament-history-3","armament-history","装备标准史","公开史料出处、历史工况与解释范围","military","细分核对","公开史料、当时信息与组织约束","限制在公开历史解释，保留行动者当时能知道的内容","历史结局被提前交给抽象案例中的决策者","历史解释与抽象组织案例不等于现实预测","教育部：研究生教育学科专业目录（2022） [分类背景]；北京大学历史学系：学科介绍 [学科范围]","https://www.moe.gov.cn/srcsite/A22/moe_833/202209/t20220914_660828.html；https://history.pku.edu.cn/bxgk/xkjj/index.htm","2026-10-04","内容编辑与机制审核，未获逐方向专家签审"
"armament-history-4","armament-history","技术档案评价","公开史料出处、历史工况与解释范围","military","细分核对","公开史料、当时信息与组织约束","限制在公开历史解释，保留行动者当时能知道的内容","历史结局被提前交给抽象案例中的决策者","历史解释与抽象组织案例不等于现实预测","教育部：研究生教育学科专业目录（2022） [分类背景]；北京大学历史学系：学科介绍 [学科范围]","https://www.moe.gov.cn/srcsite/A22/moe_833/202209/t20220914_660828.html；https://history.pku.edu.cn/bxgk/xkjj/index.htm","2026-10-04","内容编辑与机制审核，未获逐方向专家签审"
"armament-history-5","armament-history","公开技术叙事","公开史料出处、历史工况与解释范围","military","细分核对","公开史料、当时信息与组织约束","限制在公开历史解释，保留行动者当时能知道的内容","历史结局被提前交给抽象案例中的决策者","历史解释与抽象组织案例不等于现实预测","教育部：研究生教育学科专业目录（2022） [分类背景]；北京大学历史学系：学科介绍 [学科范围]","https://www.moe.gov.cn/srcsite/A22/moe_833/202209/t20220914_660828.html；https://history.pku.edu.cn/bxgk/xkjj/index.htm","2026-10-04","内容编辑与机制审核，未获逐方向专家签审"
"armament-history-6","armament-history","材料史","公开史料出处、历史工况与解释范围","military","细分核对","公开史料、当时信息与组织约束","限制在公开历史解释，保留行动者当时能知道的内容","历史结局被提前交给抽象案例中的决策者","历史解释与抽象组织案例不等于现实预测","教育部：研究生教育学科专业目录（2022） [分类背景]；北京大学历史学系：学科介绍 [学科范围]","https://www.moe.gov.cn/srcsite/A22/moe_833/202209/t20220914_660828.html；https://history.pku.edu.cn/bxgk/xkjj/index.htm","2026-10-04","内容编辑与机制审核，未获逐方向专家签审"
"armament-history-7","armament-history","工业组织史","公开史料出处、历史工况与解释范围","military","细分核对","公开史料、当时信息与组织约束","限制在公开历史解释，保留行动者当时能知道的内容","历史结局被提前交给抽象案例中的决策者","历史解释与抽象组织案例不等于现实预测","教育部：研究生教育学科专业目录（2022） [分类背景]；北京大学历史学系：学科介绍 [学科范围]","https://www.moe.gov.cn/srcsite/A22/moe_833/202209/t20220914_660828.html；https://history.pku.edu.cn/bxgk/xkjj/index.htm","2026-10-04","内容编辑与机制审核，未获逐方向专家签审"
"armament-history-8","armament-history","科技伦理","公开史料出处、历史工况与解释范围","military","细分核对","公开史料、当时信息与组织约束","限制在公开历史解释，保留行动者当时能知道的内容","历史结局被提前交给抽象案例中的决策者","历史解释与抽象组织案例不等于现实预测","教育部：研究生教育学科专业目录（2022） [分类背景]；北京大学历史学系：学科介绍 [学科范围]","https://www.moe.gov.cn/srcsite/A22/moe_833/202209/t20220914_660828.html；https://history.pku.edu.cn/bxgk/xkjj/index.htm","2026-10-04","内容编辑与机制审核，未获逐方向专家签审"
"armament-history-9","armament-history","装备展示研究","公开史料出处、历史工况与解释范围","military","细分核对","公开史料、当时信息与组织约束","限制在公开历史解释，保留行动者当时能知道的内容","历史结局被提前交给抽象案例中的决策者","历史解释与抽象组织案例不等于现实预测","教育部：研究生教育学科专业目录（2022） [分类背景]；北京大学历史学系：学科介绍 [学科范围]","https://www.moe.gov.cn/srcsite/A22/moe_833/202209/t20220914_660828.html；https://history.pku.edu.cn/bxgk/xkjj/index.htm","2026-10-04","内容编辑与机制审核，未获逐方向专家签审"
"armament-history-10","armament-history","技术教育史","公开史料出处、历史工况与解释范围","military","细分核对","公开史料、当时信息与组织约束","限制在公开历史解释，保留行动者当时能知道的内容","历史结局被提前交给抽象案例中的决策者","历史解释与抽象组织案例不等于现实预测","教育部：研究生教育学科专业目录（2022） [分类背景]；北京大学历史学系：学科介绍 [学科范围]","https://www.moe.gov.cn/srcsite/A22/moe_833/202209/t20220914_660828.html；https://history.pku.edu.cn/bxgk/xkjj/index.htm","2026-10-04","内容编辑与机制审核，未获逐方向专家签审"
"armament-history-11","armament-history","文物技术资料","公开史料出处、历史工况与解释范围","military","细分核对","公开史料、当时信息与组织约束","限制在公开历史解释，保留行动者当时能知道的内容","历史结局被提前交给抽象案例中的决策者","历史解释与抽象组织案例不等于现实预测","教育部：研究生教育学科专业目录（2022） [分类背景]；北京大学历史学系：学科介绍 [学科范围]","https://www.moe.gov.cn/srcsite/A22/moe_833/202209/t20220914_660828.html；https://history.pku.edu.cn/bxgk/xkjj/index.htm","2026-10-04","内容编辑与机制审核，未获逐方向专家签审"
"armament-history-12","armament-history","技术文献校勘","公开史料出处、历史工况与解释范围","military","细分核对","公开史料、当时信息与组织约束","限制在公开历史解释，保留行动者当时能知道的内容","历史结局被提前交给抽象案例中的决策者","历史解释与抽象组织案例不等于现实预测","教育部：研究生教育学科专业目录（2022） [分类背景]；北京大学历史学系：学科介绍 [学科范围]","https://www.moe.gov.cn/srcsite/A22/moe_833/202209/t20220914_660828.html；https://history.pku.edu.cn/bxgk/xkjj/index.htm","2026-10-04","内容编辑与机制审核，未获逐方向专家签审"
"nuclear-engineering-1","nuclear-engineering","核工程史","公开资料口径、评价边界与不确定性","mechanical","细分核对","工况、辅助能耗与完整系统边界","在同一边界下比较转换、等待与维护成本","局部效率没有计入辅助系统的消耗","部件效率不直接代表全系统效益","MIT开放课程：力学与材料教学大纲 [基础方法课程]","https://ocw.mit.edu/courses/2-001-mechanics-materials-i-fall-2006/pages/syllabus/","2026-10-04","内容编辑与机制审核，未获逐方向专家签审"
"nuclear-engineering-2","nuclear-engineering","核能系统评价","公开资料口径、评价边界与不确定性","software","细分核对","工况、辅助能耗与完整系统边界","在同一边界下比较转换、等待与维护成本","局部效率没有计入辅助系统的消耗","部件效率不直接代表全系统效益","清华计算机系：软件研究所 [学科范围]","https://www.cs.tsinghua.edu.cn/jgsz/yjssys/jsjkxyjsxrjyjs.htm","2026-10-04","内容编辑与机制审核，未获逐方向专家签审"
"nuclear-engineering-3","nuclear-engineering","辐射测量资料","公开资料口径、评价边界与不确定性","mechanical","细分核对","工况、辅助能耗与完整系统边界","在同一边界下比较转换、等待与维护成本","局部效率没有计入辅助系统的消耗","部件效率不直接代表全系统效益","MIT开放课程：力学与材料教学大纲 [基础方法课程]","https://ocw.mit.edu/courses/2-001-mechanics-materials-i-fall-2006/pages/syllabus/","2026-10-04","内容编辑与机制审核，未获逐方向专家签审"
"nuclear-engineering-4","nuclear-engineering","核仪器史","公开资料口径、评价边界与不确定性","mechanical","细分核对","工况、辅助能耗与完整系统边界","在同一边界下比较转换、等待与维护成本","局部效率没有计入辅助系统的消耗","部件效率不直接代表全系统效益","MIT开放课程：力学与材料教学大纲 [基础方法课程]","https://ocw.mit.edu/courses/2-001-mechanics-materials-i-fall-2006/pages/syllabus/","2026-10-04","内容编辑与机制审核，未获逐方向专家签审"
"nuclear-engineering-5","nuclear-engineering","核材料公开资料","公开资料口径、评价边界与不确定性","chemistry","细分核对","工况、辅助能耗与完整系统边界","在同一边界下比较转换、等待与维护成本","局部效率没有计入辅助系统的消耗","部件效率不直接代表全系统效益","北京大学化学学院：研究主题 [学科范围]","https://www.chem.pku.edu.cn/en/Research/ResearchTheme/index.htm","2026-10-04","内容编辑与机制审核，未获逐方向专家签审"
"nuclear-engineering-6","nuclear-engineering","核能环境评价","公开资料口径、评价边界与不确定性","ecology","细分核对","工况、辅助能耗与完整系统边界","在同一边界下比较转换、等待与维护成本","局部效率没有计入辅助系统的消耗","部件效率不直接代表全系统效益","北京大学：自然地理与自然资源系 [相邻学科范围]","https://www.ues.pku.edu.cn/ztlm/zrdlyzrzyx/index.htm","2026-10-04","内容编辑与机制审核，未获逐方向专家签审"
"nuclear-engineering-7","nuclear-engineering","核能政策","公开资料口径、评价边界与不确定性","mechanical","细分核对","工况、辅助能耗与完整系统边界","在同一边界下比较转换、等待与维护成本","局部效率没有计入辅助系统的消耗","部件效率不直接代表全系统效益","MIT开放课程：力学与材料教学大纲 [基础方法课程]","https://ocw.mit.edu/courses/2-001-mechanics-materials-i-fall-2006/pages/syllabus/","2026-10-04","内容编辑与机制审核，未获逐方向专家签审"
"nuclear-engineering-8","nuclear-engineering","核数据质量","公开资料口径、评价边界与不确定性","mechanical","细分核对","工况、辅助能耗与完整系统边界","在同一边界下比较转换、等待与维护成本","局部效率没有计入辅助系统的消耗","部件效率不直接代表全系统效益","MIT开放课程：力学与材料教学大纲 [基础方法课程]","https://ocw.mit.edu/courses/2-001-mechanics-materials-i-fall-2006/pages/syllabus/","2026-10-04","内容编辑与机制审核，未获逐方向专家签审"
"nuclear-engineering-9","nuclear-engineering","核工程教育","公开资料口径、评价边界与不确定性","education","细分核对","工况、辅助能耗与完整系统边界","在同一边界下比较转换、等待与维护成本","局部效率没有计入辅助系统的消耗","部件效率不直接代表全系统效益","北京师范大学：课程与教学研究方向 [学科范围]","https://cter.bnu.edu.cn/docs/2024-05/e0d9749ec02e425eb45aa96fefdadc2a.pdf","2026-10-04","内容编辑与机制审核，未获逐方向专家签审"
"nuclear-engineering-10","nuclear-engineering","公共风险沟通","公开资料口径、评价边界与不确定性","mechanical","细分核对","工况、辅助能耗与完整系统边界","在同一边界下比较转换、等待与维护成本","局部效率没有计入辅助系统的消耗","部件效率不直接代表全系统效益","MIT开放课程：力学与材料教学大纲 [基础方法课程]","https://ocw.mit.edu/courses/2-001-mechanics-materials-i-fall-2006/pages/syllabus/","2026-10-04","内容编辑与机制审核，未获逐方向专家签审"
"nuclear-engineering-11","nuclear-engineering","核能经济评价","公开资料口径、评价边界与不确定性","mechanical","细分核对","工况、辅助能耗与完整系统边界","在同一边界下比较转换、等待与维护成本","局部效率没有计入辅助系统的消耗","部件效率不直接代表全系统效益","MIT开放课程：力学与材料教学大纲 [基础方法课程]","https://ocw.mit.edu/courses/2-001-mechanics-materials-i-fall-2006/pages/syllabus/","2026-10-04","内容编辑与机制审核，未获逐方向专家签审"
"nuclear-engineering-12","nuclear-engineering","公开模型复现","公开资料口径、评价边界与不确定性","mechanical","细分核对","工况、辅助能耗与完整系统边界","在同一边界下比较转换、等待与维护成本","局部效率没有计入辅助系统的消耗","部件效率不直接代表全系统效益","MIT开放课程：力学与材料教学大纲 [基础方法课程]","https://ocw.mit.edu/courses/2-001-mechanics-materials-i-fall-2006/pages/syllabus/","2026-10-04","内容编辑与机制审核，未获逐方向专家签审"
"agricultural-engineering-1","agricultural-engineering","农业机械评价","作业工况、地块条件与设备版本","mechanical","共享主题模块","工况、台架日志与接口版本","对照载荷范围、控制条件和实际接口","新接口下的失败被归到原来的模型上","演示通过不能证明所有工况下有效","MIT开放课程：力学与材料教学大纲 [基础方法课程]","https://ocw.mit.edu/courses/2-001-mechanics-materials-i-fall-2006/pages/syllabus/","2026-10-04","内容编辑与机制审核，未获逐方向专家签审"
"agricultural-engineering-2","agricultural-engineering","农业水土工程","作业工况、地块条件与设备版本","mechanical","共享主题模块","工况、台架日志与接口版本","对照载荷范围、控制条件和实际接口","新接口下的失败被归到原来的模型上","演示通过不能证明所有工况下有效","MIT开放课程：力学与材料教学大纲 [基础方法课程]","https://ocw.mit.edu/courses/2-001-mechanics-materials-i-fall-2006/pages/syllabus/","2026-10-04","内容编辑与机制审核，未获逐方向专家签审"
"agricultural-engineering-3","agricultural-engineering","农业生物环境工程","作业工况、地块条件与设备版本","mechanical","共享主题模块","工况、台架日志与接口版本","对照载荷范围、控制条件和实际接口","新接口下的失败被归到原来的模型上","演示通过不能证明所有工况下有效","MIT开放课程：力学与材料教学大纲 [基础方法课程]","https://ocw.mit.edu/courses/2-001-mechanics-materials-i-fall-2006/pages/syllabus/","2026-10-04","内容编辑与机制审核，未获逐方向专家签审"
"agricultural-engineering-4","agricultural-engineering","农业电气化","作业工况、地块条件与设备版本","mechanical","共享主题模块","工况、台架日志与接口版本","对照载荷范围、控制条件和实际接口","新接口下的失败被归到原来的模型上","演示通过不能证明所有工况下有效","MIT开放课程：力学与材料教学大纲 [基础方法课程]","https://ocw.mit.edu/courses/2-001-mechanics-materials-i-fall-2006/pages/syllabus/","2026-10-04","内容编辑与机制审核，未获逐方向专家签审"
"agricultural-engineering-5","agricultural-engineering","农业信息化","作业工况、地块条件与设备版本","mechanical","共享主题模块","工况、台架日志与接口版本","对照载荷范围、控制条件和实际接口","新接口下的失败被归到原来的模型上","演示通过不能证明所有工况下有效","MIT开放课程：力学与材料教学大纲 [基础方法课程]","https://ocw.mit.edu/courses/2-001-mechanics-materials-i-fall-2006/pages/syllabus/","2026-10-04","内容编辑与机制审核，未获逐方向专家签审"
"agricultural-engineering-6","agricultural-engineering","农业装备可靠性","作业工况、地块条件与设备版本","mechanical","共享主题模块","工况、台架日志与接口版本","对照载荷范围、控制条件和实际接口","新接口下的失败被归到原来的模型上","演示通过不能证明所有工况下有效","MIT开放课程：力学与材料教学大纲 [基础方法课程]","https://ocw.mit.edu/courses/2-001-mechanics-materials-i-fall-2006/pages/syllabus/","2026-10-04","内容编辑与机制审核，未获逐方向专家签审"
"agricultural-engineering-7","agricultural-engineering","农业能源评价","作业工况、地块条件与设备版本","mechanical","共享主题模块","工况、台架日志与接口版本","对照载荷范围、控制条件和实际接口","新接口下的失败被归到原来的模型上","演示通过不能证明所有工况下有效","MIT开放课程：力学与材料教学大纲 [基础方法课程]","https://ocw.mit.edu/courses/2-001-mechanics-materials-i-fall-2006/pages/syllabus/","2026-10-04","内容编辑与机制审核，未获逐方向专家签审"
"agricultural-engineering-8","agricultural-engineering","设施农业工程","作业工况、地块条件与设备版本","mechanical","共享主题模块","工况、台架日志与接口版本","对照载荷范围、控制条件和实际接口","新接口下的失败被归到原来的模型上","演示通过不能证明所有工况下有效","MIT开放课程：力学与材料教学大纲 [基础方法课程]","https://ocw.mit.edu/courses/2-001-mechanics-materials-i-fall-2006/pages/syllabus/","2026-10-04","内容编辑与机制审核，未获逐方向专家签审"
"agricultural-engineering-9","agricultural-engineering","农业工程测量","作业工况、地块条件与设备版本","mechanical","共享主题模块","工况、台架日志与接口版本","对照载荷范围、控制条件和实际接口","新接口下的失败被归到原来的模型上","演示通过不能证明所有工况下有效","MIT开放课程：力学与材料教学大纲 [基础方法课程]","https://ocw.mit.edu/courses/2-001-mechanics-materials-i-fall-2006/pages/syllabus/","2026-10-04","内容编辑与机制审核，未获逐方向专家签审"
"agricultural-engineering-10","agricultural-engineering","农业工程史","作业工况、地块条件与设备版本","mechanical","共享主题模块","工况、台架日志与接口版本","对照载荷范围、控制条件和实际接口","新接口下的失败被归到原来的模型上","演示通过不能证明所有工况下有效","MIT开放课程：力学与材料教学大纲 [基础方法课程]","https://ocw.mit.edu/courses/2-001-mechanics-materials-i-fall-2006/pages/syllabus/","2026-10-04","内容编辑与机制审核，未获逐方向专家签审"
"agricultural-engineering-11","agricultural-engineering","农业机器人评价","作业工况、地块条件与设备版本","mechanical","共享主题模块","工况、台架日志与接口版本","对照载荷范围、控制条件和实际接口","新接口下的失败被归到原来的模型上","演示通过不能证明所有工况下有效","MIT开放课程：力学与材料教学大纲 [基础方法课程]","https://ocw.mit.edu/courses/2-001-mechanics-materials-i-fall-2006/pages/syllabus/","2026-10-04","内容编辑与机制审核，未获逐方向专家签审"
"agricultural-engineering-12","agricultural-engineering","农业工程教育","作业工况、地块条件与设备版本","education","共享主题模块","课堂目标、活动记录与学习过程材料","让任务、教学目标与评价对应，保留班级差异","换了老师也换了活动，改善却全归到工具上","课后高分不能独立证明某项教学设计有效","北京师范大学：课程与教学研究方向 [学科范围]","https://cter.bnu.edu.cn/docs/2024-05/e0d9749ec02e425eb45aa96fefdadc2a.pdf","2026-10-04","内容编辑与机制审核，未获逐方向专家签审"
"forest-engineering-1","forest-engineering","森林工程资料","木材批次、含水状态与性能尺度","ecology","共享主题模块","采样位置、时间窗口与环境背景记录","画出实际覆盖范围，保留天气与缺测时段","雨后未能到达的点被填成没有变化","缺测不是零，局部观察不能代替整个区域","北京大学：自然地理与自然资源系 [相邻学科范围]","https://www.ues.pku.edu.cn/ztlm/zrdlyzrzyx/index.htm","2026-10-04","内容编辑与机制审核，未获逐方向专家签审"
"forest-engineering-2","forest-engineering","木材科学","木材批次、含水状态与性能尺度","ecology","共享主题模块","采样位置、时间窗口与环境背景记录","画出实际覆盖范围，保留天气与缺测时段","雨后未能到达的点被填成没有变化","缺测不是零，局部观察不能代替整个区域","北京大学：自然地理与自然资源系 [相邻学科范围]","https://www.ues.pku.edu.cn/ztlm/zrdlyzrzyx/index.htm","2026-10-04","内容编辑与机制审核，未获逐方向专家签审"
"forest-engineering-3","forest-engineering","林产化学资料","木材批次、含水状态与性能尺度","ecology","共享主题模块","采样位置、时间窗口与环境背景记录","画出实际覆盖范围，保留天气与缺测时段","雨后未能到达的点被填成没有变化","缺测不是零，局部观察不能代替整个区域","北京大学：自然地理与自然资源系 [相邻学科范围]","https://www.ues.pku.edu.cn/ztlm/zrdlyzrzyx/index.htm","2026-10-04","内容编辑与机制审核，未获逐方向专家签审"
"forest-engineering-4","forest-engineering","木材结构","木材批次、含水状态与性能尺度","construction","共享主题模块","场地资料、设计版本与约束清单","让方案与场地、规范假设和反馈对应","委托方改了用途，旧方案仍按原指标验收","方案可行性要对应具体场地与用途","MIT开放课程：力学与材料教学大纲 [基础方法课程]","https://ocw.mit.edu/courses/2-001-mechanics-materials-i-fall-2006/pages/syllabus/","2026-10-04","内容编辑与机制审核，未获逐方向专家签审"
"forest-engineering-5","forest-engineering","林业装备评价","木材批次、含水状态与性能尺度","ecology","共享主题模块","采样位置、时间窗口与环境背景记录","画出实际覆盖范围，保留天气与缺测时段","雨后未能到达的点被填成没有变化","缺测不是零，局部观察不能代替整个区域","北京大学：自然地理与自然资源系 [相邻学科范围]","https://www.ues.pku.edu.cn/ztlm/zrdlyzrzyx/index.htm","2026-10-04","内容编辑与机制审核，未获逐方向专家签审"
"forest-engineering-6","forest-engineering","木材测量","木材批次、含水状态与性能尺度","ecology","共享主题模块","采样位置、时间窗口与环境背景记录","画出实际覆盖范围，保留天气与缺测时段","雨后未能到达的点被填成没有变化","缺测不是零，局部观察不能代替整个区域","北京大学：自然地理与自然资源系 [相邻学科范围]","https://www.ues.pku.edu.cn/ztlm/zrdlyzrzyx/index.htm","2026-10-04","内容编辑与机制审核，未获逐方向专家签审"
"forest-engineering-7","forest-engineering","林产品设计","木材批次、含水状态与性能尺度","ecology","共享主题模块","采样位置、时间窗口与环境背景记录","画出实际覆盖范围，保留天气与缺测时段","雨后未能到达的点被填成没有变化","缺测不是零，局部观察不能代替整个区域","北京大学：自然地理与自然资源系 [相邻学科范围]","https://www.ues.pku.edu.cn/ztlm/zrdlyzrzyx/index.htm","2026-10-04","内容编辑与机制审核，未获逐方向专家签审"
"forest-engineering-8","forest-engineering","林产资源循环","木材批次、含水状态与性能尺度","ecology","共享主题模块","采样位置、时间窗口与环境背景记录","画出实际覆盖范围，保留天气与缺测时段","雨后未能到达的点被填成没有变化","缺测不是零，局部观察不能代替整个区域","北京大学：自然地理与自然资源系 [相邻学科范围]","https://www.ues.pku.edu.cn/ztlm/zrdlyzrzyx/index.htm","2026-10-04","内容编辑与机制审核，未获逐方向专家签审"
"forest-engineering-9","forest-engineering","林业工程质量","木材批次、含水状态与性能尺度","ecology","共享主题模块","采样位置、时间窗口与环境背景记录","画出实际覆盖范围，保留天气与缺测时段","雨后未能到达的点被填成没有变化","缺测不是零，局部观察不能代替整个区域","北京大学：自然地理与自然资源系 [相邻学科范围]","https://www.ues.pku.edu.cn/ztlm/zrdlyzrzyx/index.htm","2026-10-04","内容编辑与机制审核，未获逐方向专家签审"
"forest-engineering-10","forest-engineering","林业工程史","木材批次、含水状态与性能尺度","ecology","共享主题模块","采样位置、时间窗口与环境背景记录","画出实际覆盖范围，保留天气与缺测时段","雨后未能到达的点被填成没有变化","缺测不是零，局部观察不能代替整个区域","北京大学：自然地理与自然资源系 [相邻学科范围]","https://www.ues.pku.edu.cn/ztlm/zrdlyzrzyx/index.htm","2026-10-04","内容编辑与机制审核，未获逐方向专家签审"
"forest-engineering-11","forest-engineering","木材数字化","木材批次、含水状态与性能尺度","ecology","共享主题模块","采样位置、时间窗口与环境背景记录","画出实际覆盖范围，保留天气与缺测时段","雨后未能到达的点被填成没有变化","缺测不是零，局部观察不能代替整个区域","北京大学：自然地理与自然资源系 [相邻学科范围]","https://www.ues.pku.edu.cn/ztlm/zrdlyzrzyx/index.htm","2026-10-04","内容编辑与机制审核，未获逐方向专家签审"
"forest-engineering-12","forest-engineering","林业工程教育","木材批次、含水状态与性能尺度","education","共享主题模块","课堂目标、活动记录与学习过程材料","让任务、教学目标与评价对应，保留班级差异","换了老师也换了活动，改善却全归到工具上","课后高分不能独立证明某项教学设计有效","北京师范大学：课程与教学研究方向 [学科范围]","https://cter.bnu.edu.cn/docs/2024-05/e0d9749ec02e425eb45aa96fefdadc2a.pdf","2026-10-04","内容编辑与机制审核，未获逐方向专家签审"
"biomedical-engineering-1","biomedical-engineering","生物医学仪器","使用任务、对象差异与工程指标","mechanical","细分核对","技术指标、使用任务与健康结局的接口表","分别保留技术验证、实际使用与健康评价","设备准确率被直接写成健康结局改善","技术性能不能跨过使用环节直接证明健康获益","MIT开放课程：力学与材料教学大纲 [基础方法课程]","https://ocw.mit.edu/courses/2-001-mechanics-materials-i-fall-2006/pages/syllabus/","2026-10-04","内容编辑与机制审核，未获逐方向专家签审"
"biomedical-engineering-2","biomedical-engineering","生物医学信号","使用任务、对象差异与工程指标","electronics","细分核对","技术指标、使用任务与健康结局的接口表","分别保留技术验证、实际使用与健康评价","设备准确率被直接写成健康结局改善","技术性能不能跨过使用环节直接证明健康获益","清华计算机系：科研方向 [学科范围]；北京大学物理学院：研究领域 [学科范围]","https://www.cs.tsinghua.edu.cn/kxyj/kyfx.htm；https://english.phy.pku.edu.cn/Research/Research_Areas.htm","2026-10-04","内容编辑与机制审核，未获逐方向专家签审"
"biomedical-engineering-3","biomedical-engineering","医学成像评价","使用任务、对象差异与工程指标","mechanical","细分核对","技术指标、使用任务与健康结局的接口表","分别保留技术验证、实际使用与健康评价","设备准确率被直接写成健康结局改善","技术性能不能跨过使用环节直接证明健康获益","MIT开放课程：力学与材料教学大纲 [基础方法课程]","https://ocw.mit.edu/courses/2-001-mechanics-materials-i-fall-2006/pages/syllabus/","2026-10-04","内容编辑与机制审核，未获逐方向专家签审"
"biomedical-engineering-4","biomedical-engineering","生物材料评价","使用任务、对象差异与工程指标","chemistry","细分核对","技术指标、使用任务与健康结局的接口表","分别保留技术验证、实际使用与健康评价","设备准确率被直接写成健康结局改善","技术性能不能跨过使用环节直接证明健康获益","北京大学化学学院：研究主题 [学科范围]","https://www.chem.pku.edu.cn/en/Research/ResearchTheme/index.htm","2026-10-04","内容编辑与机制审核，未获逐方向专家签审"
"biomedical-engineering-5","biomedical-engineering","康复工程","使用任务、对象差异与工程指标","mechanical","共享主题模块","工况、台架日志与接口版本","对照载荷范围、控制条件和实际接口","新接口下的失败被归到原来的模型上","演示通过不能证明所有工况下有效","MIT开放课程：力学与材料教学大纲 [基础方法课程]","https://ocw.mit.edu/courses/2-001-mechanics-materials-i-fall-2006/pages/syllabus/","2026-10-04","内容编辑与机制审核，未获逐方向专家签审"
"biomedical-engineering-6","biomedical-engineering","生物力学","使用任务、对象差异与工程指标","mechanical","细分核对","技术指标、使用任务与健康结局的接口表","分别保留技术验证、实际使用与健康评价","设备准确率被直接写成健康结局改善","技术性能不能跨过使用环节直接证明健康获益","MIT开放课程：力学与材料教学大纲 [基础方法课程]","https://ocw.mit.edu/courses/2-001-mechanics-materials-i-fall-2006/pages/syllabus/","2026-10-04","内容编辑与机制审核，未获逐方向专家签审"
"biomedical-engineering-7","biomedical-engineering","医学信息工程","使用任务、对象差异与工程指标","mechanical","细分核对","技术指标、使用任务与健康结局的接口表","分别保留技术验证、实际使用与健康评价","设备准确率被直接写成健康结局改善","技术性能不能跨过使用环节直接证明健康获益","MIT开放课程：力学与材料教学大纲 [基础方法课程]","https://ocw.mit.edu/courses/2-001-mechanics-materials-i-fall-2006/pages/syllabus/","2026-10-04","内容编辑与机制审核，未获逐方向专家签审"
"biomedical-engineering-8","biomedical-engineering","医疗器械可用性","使用任务、对象差异与工程指标","interaction","细分核对","目标用户、任务脚本与失败路径","区分喜欢程度与任务完成，保留求助、放弃和误操作","熟练测试者的顺利操作被当成新人也能完成","熟练度与场景影响需要保留，可用性不能只数好评","清华计算机系：科研方向 [学科范围]；中央美术学院：人文学院 [相邻学科范围]","https://www.cs.tsinghua.edu.cn/kxyj/kyfx.htm；https://www.cafa.edu.cn/sp/nljg/?j=151","2026-10-04","内容编辑与机制审核，未获逐方向专家签审"
"biomedical-engineering-9","biomedical-engineering","辅助技术","使用任务、对象差异与工程指标","mechanical","细分核对","技术指标、使用任务与健康结局的接口表","分别保留技术验证、实际使用与健康评价","设备准确率被直接写成健康结局改善","技术性能不能跨过使用环节直接证明健康获益","MIT开放课程：力学与材料教学大纲 [基础方法课程]","https://ocw.mit.edu/courses/2-001-mechanics-materials-i-fall-2006/pages/syllabus/","2026-10-04","内容编辑与机制审核，未获逐方向专家签审"
"biomedical-engineering-10","biomedical-engineering","生物医学测量","使用任务、对象差异与工程指标","mechanical","细分核对","技术指标、使用任务与健康结局的接口表","分别保留技术验证、实际使用与健康评价","设备准确率被直接写成健康结局改善","技术性能不能跨过使用环节直接证明健康获益","MIT开放课程：力学与材料教学大纲 [基础方法课程]","https://ocw.mit.edu/courses/2-001-mechanics-materials-i-fall-2006/pages/syllabus/","2026-10-04","内容编辑与机制审核，未获逐方向专家签审"
"biomedical-engineering-11","biomedical-engineering","工程伦理","使用任务、对象差异与工程指标","mechanical","共享主题模块","工况、台架日志与接口版本","对照载荷范围、控制条件和实际接口","新接口下的失败被归到原来的模型上","演示通过不能证明所有工况下有效","MIT开放课程：力学与材料教学大纲 [基础方法课程]","https://ocw.mit.edu/courses/2-001-mechanics-materials-i-fall-2006/pages/syllabus/","2026-10-04","内容编辑与机制审核，未获逐方向专家签审"
"biomedical-engineering-12","biomedical-engineering","医学工程史","使用任务、对象差异与工程指标","mechanical","细分核对","技术指标、使用任务与健康结局的接口表","分别保留技术验证、实际使用与健康评价","设备准确率被直接写成健康结局改善","技术性能不能跨过使用环节直接证明健康获益","MIT开放课程：力学与材料教学大纲 [基础方法课程]","https://ocw.mit.edu/courses/2-001-mechanics-materials-i-fall-2006/pages/syllabus/","2026-10-04","内容编辑与机制审核，未获逐方向专家签审"
"urban-planning-1","urban-planning","城市规划理论","空间范围、实施阶段与使用者需求","construction","细分核对","空间方案、实际使用路径与不同时段观察","比较设计意图、进入机会与实际使用","漂亮平面图被当成所有人使用都方便","设计意图需要实际任务与使用者检验","MIT开放课程：力学与材料教学大纲 [基础方法课程]","https://ocw.mit.edu/courses/2-001-mechanics-materials-i-fall-2006/pages/syllabus/","2026-10-04","内容编辑与机制审核，未获逐方向专家签审"
"urban-planning-2","urban-planning","城乡空间","空间范围、实施阶段与使用者需求","construction","细分核对","空间方案、实际使用路径与不同时段观察","比较设计意图、进入机会与实际使用","漂亮平面图被当成所有人使用都方便","设计意图需要实际任务与使用者检验","MIT开放课程：力学与材料教学大纲 [基础方法课程]","https://ocw.mit.edu/courses/2-001-mechanics-materials-i-fall-2006/pages/syllabus/","2026-10-04","内容编辑与机制审核，未获逐方向专家签审"
"urban-planning-3","urban-planning","区域规划","空间范围、实施阶段与使用者需求","construction","细分核对","空间方案、实际使用路径与不同时段观察","比较设计意图、进入机会与实际使用","漂亮平面图被当成所有人使用都方便","设计意图需要实际任务与使用者检验","MIT开放课程：力学与材料教学大纲 [基础方法课程]","https://ocw.mit.edu/courses/2-001-mechanics-materials-i-fall-2006/pages/syllabus/","2026-10-04","内容编辑与机制审核，未获逐方向专家签审"
"urban-planning-4","urban-planning","城市设计","空间范围、实施阶段与使用者需求","construction","共享主题模块","场地资料、设计版本与约束清单","让方案与场地、规范假设和反馈对应","委托方改了用途，旧方案仍按原指标验收","方案可行性要对应具体场地与用途","MIT开放课程：力学与材料教学大纲 [基础方法课程]","https://ocw.mit.edu/courses/2-001-mechanics-materials-i-fall-2006/pages/syllabus/","2026-10-04","内容编辑与机制审核，未获逐方向专家签审"
"urban-planning-5","urban-planning","社区规划","空间范围、实施阶段与使用者需求","construction","细分核对","空间方案、实际使用路径与不同时段观察","比较设计意图、进入机会与实际使用","漂亮平面图被当成所有人使用都方便","设计意图需要实际任务与使用者检验","MIT开放课程：力学与材料教学大纲 [基础方法课程]","https://ocw.mit.edu/courses/2-001-mechanics-materials-i-fall-2006/pages/syllabus/","2026-10-04","内容编辑与机制审核，未获逐方向专家签审"
"urban-planning-6","urban-planning","交通与空间","空间范围、实施阶段与使用者需求","mechanical","细分核对","空间方案、实际使用路径与不同时段观察","比较设计意图、进入机会与实际使用","漂亮平面图被当成所有人使用都方便","设计意图需要实际任务与使用者检验","MIT开放课程：力学与材料教学大纲 [基础方法课程]","https://ocw.mit.edu/courses/2-001-mechanics-materials-i-fall-2006/pages/syllabus/","2026-10-04","内容编辑与机制审核，未获逐方向专家签审"
"urban-planning-7","urban-planning","历史空间保护","空间范围、实施阶段与使用者需求","construction","细分核对","空间方案、实际使用路径与不同时段观察","比较设计意图、进入机会与实际使用","漂亮平面图被当成所有人使用都方便","设计意图需要实际任务与使用者检验","MIT开放课程：力学与材料教学大纲 [基础方法课程]","https://ocw.mit.edu/courses/2-001-mechanics-materials-i-fall-2006/pages/syllabus/","2026-10-04","内容编辑与机制审核，未获逐方向专家签审"
"urban-planning-8","urban-planning","规划实施评价","空间范围、实施阶段与使用者需求","construction","细分核对","空间方案、实际使用路径与不同时段观察","比较设计意图、进入机会与实际使用","漂亮平面图被当成所有人使用都方便","设计意图需要实际任务与使用者检验","MIT开放课程：力学与材料教学大纲 [基础方法课程]","https://ocw.mit.edu/courses/2-001-mechanics-materials-i-fall-2006/pages/syllabus/","2026-10-04","内容编辑与机制审核，未获逐方向专家签审"
"urban-planning-9","urban-planning","规划公众参与","空间范围、实施阶段与使用者需求","construction","细分核对","空间方案、实际使用路径与不同时段观察","比较设计意图、进入机会与实际使用","漂亮平面图被当成所有人使用都方便","设计意图需要实际任务与使用者检验","MIT开放课程：力学与材料教学大纲 [基础方法课程]","https://ocw.mit.edu/courses/2-001-mechanics-materials-i-fall-2006/pages/syllabus/","2026-10-04","内容编辑与机制审核，未获逐方向专家签审"
"urban-planning-10","urban-planning","城乡规划史","空间范围、实施阶段与使用者需求","construction","细分核对","空间方案、实际使用路径与不同时段观察","比较设计意图、进入机会与实际使用","漂亮平面图被当成所有人使用都方便","设计意图需要实际任务与使用者检验","MIT开放课程：力学与材料教学大纲 [基础方法课程]","https://ocw.mit.edu/courses/2-001-mechanics-materials-i-fall-2006/pages/syllabus/","2026-10-04","内容编辑与机制审核，未获逐方向专家签审"
"urban-planning-11","urban-planning","规划数字工具","空间范围、实施阶段与使用者需求","construction","细分核对","空间方案、实际使用路径与不同时段观察","比较设计意图、进入机会与实际使用","漂亮平面图被当成所有人使用都方便","设计意图需要实际任务与使用者检验","MIT开放课程：力学与材料教学大纲 [基础方法课程]","https://ocw.mit.edu/courses/2-001-mechanics-materials-i-fall-2006/pages/syllabus/","2026-10-04","内容编辑与机制审核，未获逐方向专家签审"
"urban-planning-12","urban-planning","城乡公平","空间范围、实施阶段与使用者需求","construction","共享主题模块","场地资料、设计版本与约束清单","让方案与场地、规范假设和反馈对应","委托方改了用途，旧方案仍按原指标验收","方案可行性要对应具体场地与用途","MIT开放课程：力学与材料教学大纲 [基础方法课程]","https://ocw.mit.edu/courses/2-001-mechanics-materials-i-fall-2006/pages/syllabus/","2026-10-04","内容编辑与机制审核，未获逐方向专家签审"
"bio-engineering-1","bio-engineering","生物过程模型","公开资料来源、过程边界与批次比较","mechanical","共享主题模块","工况、台架日志与接口版本","对照载荷范围、控制条件和实际接口","新接口下的失败被归到原来的模型上","演示通过不能证明所有工况下有效","MIT开放课程：力学与材料教学大纲 [基础方法课程]","https://ocw.mit.edu/courses/2-001-mechanics-materials-i-fall-2006/pages/syllabus/","2026-10-04","内容编辑与机制审核，未获逐方向专家签审"
"bio-engineering-2","bio-engineering","生物工程测量","公开资料来源、过程边界与批次比较","mechanical","共享主题模块","工况、台架日志与接口版本","对照载荷范围、控制条件和实际接口","新接口下的失败被归到原来的模型上","演示通过不能证明所有工况下有效","MIT开放课程：力学与材料教学大纲 [基础方法课程]","https://ocw.mit.edu/courses/2-001-mechanics-materials-i-fall-2006/pages/syllabus/","2026-10-04","内容编辑与机制审核，未获逐方向专家签审"
"bio-engineering-3","bio-engineering","生物材料资料","公开资料来源、过程边界与批次比较","chemistry","细分核对","样品批次、表征状态与使用评价","核对表征与评价是否来自同一批次和状态","表征时的状态被当成实际使用时一直保持的状态","表征描述不独立代表使用稳定性与表现","北京大学化学学院：研究主题 [学科范围]","https://www.chem.pku.edu.cn/en/Research/ResearchTheme/index.htm","2026-10-04","内容编辑与机制审核，未获逐方向专家签审"
"bio-engineering-4","bio-engineering","生物制造公开资料","公开资料来源、过程边界与批次比较","mechanical","共享主题模块","工况、台架日志与接口版本","对照载荷范围、控制条件和实际接口","新接口下的失败被归到原来的模型上","演示通过不能证明所有工况下有效","MIT开放课程：力学与材料教学大纲 [基础方法课程]","https://ocw.mit.edu/courses/2-001-mechanics-materials-i-fall-2006/pages/syllabus/","2026-10-04","内容编辑与机制审核，未获逐方向专家签审"
"bio-engineering-5","bio-engineering","生物工程信息","公开资料来源、过程边界与批次比较","mechanical","共享主题模块","工况、台架日志与接口版本","对照载荷范围、控制条件和实际接口","新接口下的失败被归到原来的模型上","演示通过不能证明所有工况下有效","MIT开放课程：力学与材料教学大纲 [基础方法课程]","https://ocw.mit.edu/courses/2-001-mechanics-materials-i-fall-2006/pages/syllabus/","2026-10-04","内容编辑与机制审核，未获逐方向专家签审"
"bio-engineering-6","bio-engineering","过程质量评价","公开资料来源、过程边界与批次比较","mechanical","共享主题模块","工况、台架日志与接口版本","对照载荷范围、控制条件和实际接口","新接口下的失败被归到原来的模型上","演示通过不能证明所有工况下有效","MIT开放课程：力学与材料教学大纲 [基础方法课程]","https://ocw.mit.edu/courses/2-001-mechanics-materials-i-fall-2006/pages/syllabus/","2026-10-04","内容编辑与机制审核，未获逐方向专家签审"
"bio-engineering-7","bio-engineering","生物资源评价","公开资料来源、过程边界与批次比较","mechanical","共享主题模块","工况、台架日志与接口版本","对照载荷范围、控制条件和实际接口","新接口下的失败被归到原来的模型上","演示通过不能证明所有工况下有效","MIT开放课程：力学与材料教学大纲 [基础方法课程]","https://ocw.mit.edu/courses/2-001-mechanics-materials-i-fall-2006/pages/syllabus/","2026-10-04","内容编辑与机制审核，未获逐方向专家签审"
"bio-engineering-8","bio-engineering","工程批次资料","公开资料来源、过程边界与批次比较","mechanical","共享主题模块","工况、台架日志与接口版本","对照载荷范围、控制条件和实际接口","新接口下的失败被归到原来的模型上","演示通过不能证明所有工况下有效","MIT开放课程：力学与材料教学大纲 [基础方法课程]","https://ocw.mit.edu/courses/2-001-mechanics-materials-i-fall-2006/pages/syllabus/","2026-10-04","内容编辑与机制审核，未获逐方向专家签审"
"bio-engineering-9","bio-engineering","生物工程伦理","公开资料来源、过程边界与批次比较","mechanical","共享主题模块","工况、台架日志与接口版本","对照载荷范围、控制条件和实际接口","新接口下的失败被归到原来的模型上","演示通过不能证明所有工况下有效","MIT开放课程：力学与材料教学大纲 [基础方法课程]","https://ocw.mit.edu/courses/2-001-mechanics-materials-i-fall-2006/pages/syllabus/","2026-10-04","内容编辑与机制审核，未获逐方向专家签审"
"bio-engineering-10","bio-engineering","生物工程史","公开资料来源、过程边界与批次比较","mechanical","共享主题模块","工况、台架日志与接口版本","对照载荷范围、控制条件和实际接口","新接口下的失败被归到原来的模型上","演示通过不能证明所有工况下有效","MIT开放课程：力学与材料教学大纲 [基础方法课程]","https://ocw.mit.edu/courses/2-001-mechanics-materials-i-fall-2006/pages/syllabus/","2026-10-04","内容编辑与机制审核，未获逐方向专家签审"
"bio-engineering-11","bio-engineering","工程环境评价","公开资料来源、过程边界与批次比较","ecology","共享主题模块","采样位置、时间窗口与环境背景记录","画出实际覆盖范围，保留天气与缺测时段","雨后未能到达的点被填成没有变化","缺测不是零，局部观察不能代替整个区域","北京大学：自然地理与自然资源系 [相邻学科范围]","https://www.ues.pku.edu.cn/ztlm/zrdlyzrzyx/index.htm","2026-10-04","内容编辑与机制审核，未获逐方向专家签审"
"bio-engineering-12","bio-engineering","工程教育","公开资料来源、过程边界与批次比较","education","共享主题模块","课堂目标、活动记录与学习过程材料","让任务、教学目标与评价对应，保留班级差异","换了老师也换了活动，改善却全归到工具上","课后高分不能独立证明某项教学设计有效","北京师范大学：课程与教学研究方向 [学科范围]","https://cter.bnu.edu.cn/docs/2024-05/e0d9749ec02e425eb45aa96fefdadc2a.pdf","2026-10-04","内容编辑与机制审核，未获逐方向专家签审"
"safety-engineering-1","safety-engineering","安全系统评价","暴露口径、组织条件与报告完整性","software","共享主题模块","运行版本、依赖清单与故障日志","在同一条件下复查，区分环境与功能变化","演示机上的默认参数与实际使用环境不同","一次运行成功不等于稳定性或可复现性","清华计算机系：软件研究所 [学科范围]","https://www.cs.tsinghua.edu.cn/jgsz/yjssys/jsjkxyjsxrjyjs.htm","2026-10-04","内容编辑与机制审核，未获逐方向专家签审"
"safety-engineering-2","safety-engineering","安全管理","暴露口径、组织条件与报告完整性","software","共享主题模块","运行版本、依赖清单与故障日志","在同一条件下复查，区分环境与功能变化","演示机上的默认参数与实际使用环境不同","一次运行成功不等于稳定性或可复现性","清华计算机系：软件研究所 [学科范围]","https://www.cs.tsinghua.edu.cn/jgsz/yjssys/jsjkxyjsxrjyjs.htm","2026-10-04","内容编辑与机制审核，未获逐方向专家签审"
"safety-engineering-3","safety-engineering","人因与安全","暴露口径、组织条件与报告完整性","software","共享主题模块","运行版本、依赖清单与故障日志","在同一条件下复查，区分环境与功能变化","演示机上的默认参数与实际使用环境不同","一次运行成功不等于稳定性或可复现性","清华计算机系：软件研究所 [学科范围]","https://www.cs.tsinghua.edu.cn/jgsz/yjssys/jsjkxyjsxrjyjs.htm","2026-10-04","内容编辑与机制审核，未获逐方向专家签审"
"safety-engineering-4","safety-engineering","安全文化","暴露口径、组织条件与报告完整性","software","共享主题模块","运行版本、依赖清单与故障日志","在同一条件下复查，区分环境与功能变化","演示机上的默认参数与实际使用环境不同","一次运行成功不等于稳定性或可复现性","清华计算机系：软件研究所 [学科范围]","https://www.cs.tsinghua.edu.cn/jgsz/yjssys/jsjkxyjsxrjyjs.htm","2026-10-04","内容编辑与机制审核，未获逐方向专家签审"
"safety-engineering-5","safety-engineering","应急组织研究","暴露口径、组织条件与报告完整性","industrial-safety","共享主题模块","事故时间线、暴露条件与报告覆盖范围","区分危险源、暴露机会与报告制度变化","报告渠道改善后事故记录增加被写成风险必然上升","记录数量需要暴露分母和报告条件才能比较","清华计算机系：科研方向 [学科范围]；MIT开放课程：力学与材料教学大纲 [基础方法课程]","https://www.cs.tsinghua.edu.cn/kxyj/kyfx.htm；https://ocw.mit.edu/courses/2-001-mechanics-materials-i-fall-2006/pages/syllabus/","2026-10-04","内容编辑与机制审核，未获逐方向专家签审"
"safety-engineering-6","safety-engineering","风险沟通","暴露口径、组织条件与报告完整性","software","共享主题模块","运行版本、依赖清单与故障日志","在同一条件下复查，区分环境与功能变化","演示机上的默认参数与实际使用环境不同","一次运行成功不等于稳定性或可复现性","清华计算机系：软件研究所 [学科范围]","https://www.cs.tsinghua.edu.cn/jgsz/yjssys/jsjkxyjsxrjyjs.htm","2026-10-04","内容编辑与机制审核，未获逐方向专家签审"
"safety-engineering-7","safety-engineering","安全测量资料","暴露口径、组织条件与报告完整性","software","共享主题模块","运行版本、依赖清单与故障日志","在同一条件下复查，区分环境与功能变化","演示机上的默认参数与实际使用环境不同","一次运行成功不等于稳定性或可复现性","清华计算机系：软件研究所 [学科范围]","https://www.cs.tsinghua.edu.cn/jgsz/yjssys/jsjkxyjsxrjyjs.htm","2026-10-04","内容编辑与机制审核，未获逐方向专家签审"
"safety-engineering-8","safety-engineering","事故史料","暴露口径、组织条件与报告完整性","industrial-safety","共享主题模块","事故时间线、暴露条件与报告覆盖范围","区分危险源、暴露机会与报告制度变化","报告渠道改善后事故记录增加被写成风险必然上升","记录数量需要暴露分母和报告条件才能比较","清华计算机系：科研方向 [学科范围]；MIT开放课程：力学与材料教学大纲 [基础方法课程]","https://www.cs.tsinghua.edu.cn/kxyj/kyfx.htm；https://ocw.mit.edu/courses/2-001-mechanics-materials-i-fall-2006/pages/syllabus/","2026-10-04","内容编辑与机制审核，未获逐方向专家签审"
"safety-engineering-9","safety-engineering","职业安全教育","暴露口径、组织条件与报告完整性","education","共享主题模块","课堂目标、活动记录与学习过程材料","让任务、教学目标与评价对应，保留班级差异","换了老师也换了活动，改善却全归到工具上","课后高分不能独立证明某项教学设计有效","北京师范大学：课程与教学研究方向 [学科范围]","https://cter.bnu.edu.cn/docs/2024-05/e0d9749ec02e425eb45aa96fefdadc2a.pdf","2026-10-04","内容编辑与机制审核，未获逐方向专家签审"
"safety-engineering-10","safety-engineering","安全信息质量","暴露口径、组织条件与报告完整性","software","共享主题模块","运行版本、依赖清单与故障日志","在同一条件下复查，区分环境与功能变化","演示机上的默认参数与实际使用环境不同","一次运行成功不等于稳定性或可复现性","清华计算机系：软件研究所 [学科范围]","https://www.cs.tsinghua.edu.cn/jgsz/yjssys/jsjkxyjsxrjyjs.htm","2026-10-04","内容编辑与机制审核，未获逐方向专家签审"
"safety-engineering-11","safety-engineering","安全政策","暴露口径、组织条件与报告完整性","software","共享主题模块","运行版本、依赖清单与故障日志","在同一条件下复查，区分环境与功能变化","演示机上的默认参数与实际使用环境不同","一次运行成功不等于稳定性或可复现性","清华计算机系：软件研究所 [学科范围]","https://www.cs.tsinghua.edu.cn/jgsz/yjssys/jsjkxyjsxrjyjs.htm","2026-10-04","内容编辑与机制审核，未获逐方向专家签审"
"safety-engineering-12","safety-engineering","安全工程史","暴露口径、组织条件与报告完整性","industrial-safety","共享主题模块","事故时间线、暴露条件与报告覆盖范围","区分危险源、暴露机会与报告制度变化","报告渠道改善后事故记录增加被写成风险必然上升","记录数量需要暴露分母和报告条件才能比较","清华计算机系：科研方向 [学科范围]；MIT开放课程：力学与材料教学大纲 [基础方法课程]","https://www.cs.tsinghua.edu.cn/kxyj/kyfx.htm；https://ocw.mit.edu/courses/2-001-mechanics-materials-i-fall-2006/pages/syllabus/","2026-10-04","内容编辑与机制审核，未获逐方向专家签审"
"police-technology-1","police-technology","公开物证资料评价","公开资料来源、标注条件与推断范围","mechanical","共享主题模块","工况、台架日志与接口版本","对照载荷范围、控制条件和实际接口","新接口下的失败被归到原来的模型上","演示通过不能证明所有工况下有效","MIT开放课程：力学与材料教学大纲 [基础方法课程]","https://ocw.mit.edu/courses/2-001-mechanics-materials-i-fall-2006/pages/syllabus/","2026-10-04","内容编辑与机制审核，未获逐方向专家签审"
"police-technology-2","police-technology","公安技术史","公开资料来源、标注条件与推断范围","mechanical","共享主题模块","工况、台架日志与接口版本","对照载荷范围、控制条件和实际接口","新接口下的失败被归到原来的模型上","演示通过不能证明所有工况下有效","MIT开放课程：力学与材料教学大纲 [基础方法课程]","https://ocw.mit.edu/courses/2-001-mechanics-materials-i-fall-2006/pages/syllabus/","2026-10-04","内容编辑与机制审核，未获逐方向专家签审"
"police-technology-3","police-technology","公共安全信息","公开资料来源、标注条件与推断范围","software","共享主题模块","运行版本、依赖清单与故障日志","在同一条件下复查，区分环境与功能变化","演示机上的默认参数与实际使用环境不同","一次运行成功不等于稳定性或可复现性","清华计算机系：软件研究所 [学科范围]","https://www.cs.tsinghua.edu.cn/jgsz/yjssys/jsjkxyjsxrjyjs.htm","2026-10-04","内容编辑与机制审核，未获逐方向专家签审"
"police-technology-4","police-technology","技术标准史","公开资料来源、标注条件与推断范围","mechanical","共享主题模块","工况、台架日志与接口版本","对照载荷范围、控制条件和实际接口","新接口下的失败被归到原来的模型上","演示通过不能证明所有工况下有效","MIT开放课程：力学与材料教学大纲 [基础方法课程]","https://ocw.mit.edu/courses/2-001-mechanics-materials-i-fall-2006/pages/syllabus/","2026-10-04","内容编辑与机制审核，未获逐方向专家签审"
"police-technology-5","police-technology","技术展示研究","公开资料来源、标注条件与推断范围","mechanical","共享主题模块","工况、台架日志与接口版本","对照载荷范围、控制条件和实际接口","新接口下的失败被归到原来的模型上","演示通过不能证明所有工况下有效","MIT开放课程：力学与材料教学大纲 [基础方法课程]","https://ocw.mit.edu/courses/2-001-mechanics-materials-i-fall-2006/pages/syllabus/","2026-10-04","内容编辑与机制审核，未获逐方向专家签审"
"police-technology-6","police-technology","图像资料质量","公开资料来源、标注条件与推断范围","mechanical","共享主题模块","工况、台架日志与接口版本","对照载荷范围、控制条件和实际接口","新接口下的失败被归到原来的模型上","演示通过不能证明所有工况下有效","MIT开放课程：力学与材料教学大纲 [基础方法课程]","https://ocw.mit.edu/courses/2-001-mechanics-materials-i-fall-2006/pages/syllabus/","2026-10-04","内容编辑与机制审核，未获逐方向专家签审"
"police-technology-7","police-technology","公开数据标注","公开资料来源、标注条件与推断范围","mechanical","共享主题模块","工况、台架日志与接口版本","对照载荷范围、控制条件和实际接口","新接口下的失败被归到原来的模型上","演示通过不能证明所有工况下有效","MIT开放课程：力学与材料教学大纲 [基础方法课程]","https://ocw.mit.edu/courses/2-001-mechanics-materials-i-fall-2006/pages/syllabus/","2026-10-04","内容编辑与机制审核，未获逐方向专家签审"
"police-technology-8","police-technology","技术伦理","公开资料来源、标注条件与推断范围","mechanical","共享主题模块","工况、台架日志与接口版本","对照载荷范围、控制条件和实际接口","新接口下的失败被归到原来的模型上","演示通过不能证明所有工况下有效","MIT开放课程：力学与材料教学大纲 [基础方法课程]","https://ocw.mit.edu/courses/2-001-mechanics-materials-i-fall-2006/pages/syllabus/","2026-10-04","内容编辑与机制审核，未获逐方向专家签审"
"police-technology-9","police-technology","技术教育","公开资料来源、标注条件与推断范围","education","共享主题模块","课堂目标、活动记录与学习过程材料","让任务、教学目标与评价对应，保留班级差异","换了老师也换了活动，改善却全归到工具上","课后高分不能独立证明某项教学设计有效","北京师范大学：课程与教学研究方向 [学科范围]","https://cter.bnu.edu.cn/docs/2024-05/e0d9749ec02e425eb45aa96fefdadc2a.pdf","2026-10-04","内容编辑与机制审核，未获逐方向专家签审"
"police-technology-10","police-technology","公开模型评价","公开资料来源、标注条件与推断范围","mechanical","共享主题模块","工况、台架日志与接口版本","对照载荷范围、控制条件和实际接口","新接口下的失败被归到原来的模型上","演示通过不能证明所有工况下有效","MIT开放课程：力学与材料教学大纲 [基础方法课程]","https://ocw.mit.edu/courses/2-001-mechanics-materials-i-fall-2006/pages/syllabus/","2026-10-04","内容编辑与机制审核，未获逐方向专家签审"
"police-technology-11","police-technology","数字资料保全研究","公开资料来源、标注条件与推断范围","mechanical","共享主题模块","工况、台架日志与接口版本","对照载荷范围、控制条件和实际接口","新接口下的失败被归到原来的模型上","演示通过不能证明所有工况下有效","MIT开放课程：力学与材料教学大纲 [基础方法课程]","https://ocw.mit.edu/courses/2-001-mechanics-materials-i-fall-2006/pages/syllabus/","2026-10-04","内容编辑与机制审核，未获逐方向专家签审"
"police-technology-12","police-technology","技术文献","公开资料来源、标注条件与推断范围","mechanical","共享主题模块","工况、台架日志与接口版本","对照载荷范围、控制条件和实际接口","新接口下的失败被归到原来的模型上","演示通过不能证明所有工况下有效","MIT开放课程：力学与材料教学大纲 [基础方法课程]","https://ocw.mit.edu/courses/2-001-mechanics-materials-i-fall-2006/pages/syllabus/","2026-10-04","内容编辑与机制审核，未获逐方向专家签审"
"cybersecurity-studies-1","cybersecurity-studies","安全治理","授权范围、版本与威胁模型","software","共享主题模块","运行版本、依赖清单与故障日志","在同一条件下复查，区分环境与功能变化","演示机上的默认参数与实际使用环境不同","一次运行成功不等于稳定性或可复现性","清华计算机系：软件研究所 [学科范围]","https://www.cs.tsinghua.edu.cn/jgsz/yjssys/jsjkxyjsxrjyjs.htm","2026-10-04","内容编辑与机制审核，未获逐方向专家签审"
"cybersecurity-studies-2","cybersecurity-studies","隐私保护评价","授权范围、版本与威胁模型","software","共享主题模块","运行版本、依赖清单与故障日志","在同一条件下复查，区分环境与功能变化","演示机上的默认参数与实际使用环境不同","一次运行成功不等于稳定性或可复现性","清华计算机系：软件研究所 [学科范围]","https://www.cs.tsinghua.edu.cn/jgsz/yjssys/jsjkxyjsxrjyjs.htm","2026-10-04","内容编辑与机制审核，未获逐方向专家签审"
"cybersecurity-studies-3","cybersecurity-studies","密码学理论","授权范围、版本与威胁模型","cryptography","共享主题模块","安全定义、攻击者假设与证明步骤","逐项核对安全游戏和归约所需条件","结论用了比开头更弱的攻击者模型","某个安全模型下的证明不能直接保证所有部署情境","清华计算机系：科研方向 [学科范围]；MIT开放课程：实分析与证明训练 [基础方法课程]","https://www.cs.tsinghua.edu.cn/kxyj/kyfx.htm；https://www.ocw.mit.edu/courses/18-100c-real-analysis-fall-2012/","2026-10-04","内容编辑与机制审核，未获逐方向专家签审"
"cybersecurity-studies-4","cybersecurity-studies","可信计算资料","授权范围、版本与威胁模型","software","共享主题模块","运行版本、依赖清单与故障日志","在同一条件下复查，区分环境与功能变化","演示机上的默认参数与实际使用环境不同","一次运行成功不等于稳定性或可复现性","清华计算机系：软件研究所 [学科范围]","https://www.cs.tsinghua.edu.cn/jgsz/yjssys/jsjkxyjsxrjyjs.htm","2026-10-04","内容编辑与机制审核，未获逐方向专家签审"
"cybersecurity-studies-5","cybersecurity-studies","软件安全测试研究","授权范围、版本与威胁模型","software","共享主题模块","运行版本、依赖清单与故障日志","在同一条件下复查，区分环境与功能变化","演示机上的默认参数与实际使用环境不同","一次运行成功不等于稳定性或可复现性","清华计算机系：软件研究所 [学科范围]","https://www.cs.tsinghua.edu.cn/jgsz/yjssys/jsjkxyjsxrjyjs.htm","2026-10-04","内容编辑与机制审核，未获逐方向专家签审"
"cybersecurity-studies-6","cybersecurity-studies","安全可用性","授权范围、版本与威胁模型","interaction","细分核对","目标用户、任务脚本与失败路径","区分喜欢程度与任务完成，保留求助、放弃和误操作","熟练测试者的顺利操作被当成新人也能完成","熟练度与场景影响需要保留，可用性不能只数好评","清华计算机系：科研方向 [学科范围]；中央美术学院：人文学院 [相邻学科范围]","https://www.cs.tsinghua.edu.cn/kxyj/kyfx.htm；https://www.cafa.edu.cn/sp/nljg/?j=151","2026-10-04","内容编辑与机制审核，未获逐方向专家签审"
"cybersecurity-studies-7","cybersecurity-studies","安全协议形式分析","授权范围、版本与威胁模型","math","共享主题模块","定义、引理依赖与边界例子","逐步标出用到的条件，再检验退化情形","证明中途用了命题开头没有写的条件","算例不能替代证明，也不能替缺失条件背书","MIT开放课程：实分析与证明训练 [基础方法课程]","https://www.ocw.mit.edu/courses/18-100c-real-analysis-fall-2012/","2026-10-04","内容编辑与机制审核，未获逐方向专家签审"
"cybersecurity-studies-8","cybersecurity-studies","安全教育","授权范围、版本与威胁模型","education","共享主题模块","课堂目标、活动记录与学习过程材料","让任务、教学目标与评价对应，保留班级差异","换了老师也换了活动，改善却全归到工具上","课后高分不能独立证明某项教学设计有效","北京师范大学：课程与教学研究方向 [学科范围]","https://cter.bnu.edu.cn/docs/2024-05/e0d9749ec02e425eb45aa96fefdadc2a.pdf","2026-10-04","内容编辑与机制审核，未获逐方向专家签审"
"cybersecurity-studies-9","cybersecurity-studies","网络安全史","授权范围、版本与威胁模型","software","共享主题模块","运行版本、依赖清单与故障日志","在同一条件下复查，区分环境与功能变化","演示机上的默认参数与实际使用环境不同","一次运行成功不等于稳定性或可复现性","清华计算机系：软件研究所 [学科范围]","https://www.cs.tsinghua.edu.cn/jgsz/yjssys/jsjkxyjsxrjyjs.htm","2026-10-04","内容编辑与机制审核，未获逐方向专家签审"
"cybersecurity-studies-10","cybersecurity-studies","公开漏洞资料评价","授权范围、版本与威胁模型","software","共享主题模块","运行版本、依赖清单与故障日志","在同一条件下复查，区分环境与功能变化","演示机上的默认参数与实际使用环境不同","一次运行成功不等于稳定性或可复现性","清华计算机系：软件研究所 [学科范围]","https://www.cs.tsinghua.edu.cn/jgsz/yjssys/jsjkxyjsxrjyjs.htm","2026-10-04","内容编辑与机制审核，未获逐方向专家签审"
"cybersecurity-studies-11","cybersecurity-studies","安全测量","授权范围、版本与威胁模型","software","共享主题模块","运行版本、依赖清单与故障日志","在同一条件下复查，区分环境与功能变化","演示机上的默认参数与实际使用环境不同","一次运行成功不等于稳定性或可复现性","清华计算机系：软件研究所 [学科范围]","https://www.cs.tsinghua.edu.cn/jgsz/yjssys/jsjkxyjsxrjyjs.htm","2026-10-04","内容编辑与机制审核，未获逐方向专家签审"
"cybersecurity-studies-12","cybersecurity-studies","安全伦理","授权范围、版本与威胁模型","software","共享主题模块","运行版本、依赖清单与故障日志","在同一条件下复查，区分环境与功能变化","演示机上的默认参数与实际使用环境不同","一次运行成功不等于稳定性或可复现性","清华计算机系：软件研究所 [学科范围]","https://www.cs.tsinghua.edu.cn/jgsz/yjssys/jsjkxyjsxrjyjs.htm","2026-10-04","内容编辑与机制审核，未获逐方向专家签审"
"landscape-studies-1","landscape-studies","风景园林历史","场地季节、使用者与设计实施","ecology","共享主题模块","采样位置、时间窗口与环境背景记录","画出实际覆盖范围，保留天气与缺测时段","雨后未能到达的点被填成没有变化","缺测不是零，局部观察不能代替整个区域","北京大学：自然地理与自然资源系 [相邻学科范围]","https://www.ues.pku.edu.cn/ztlm/zrdlyzrzyx/index.htm","2026-10-04","内容编辑与机制审核，未获逐方向专家签审"
"landscape-studies-2","landscape-studies","园林设计","场地季节、使用者与设计实施","ecology","共享主题模块","采样位置、时间窗口与环境背景记录","画出实际覆盖范围，保留天气与缺测时段","雨后未能到达的点被填成没有变化","缺测不是零，局部观察不能代替整个区域","北京大学：自然地理与自然资源系 [相邻学科范围]","https://www.ues.pku.edu.cn/ztlm/zrdlyzrzyx/index.htm","2026-10-04","内容编辑与机制审核，未获逐方向专家签审"
"landscape-studies-3","landscape-studies","景观规划","场地季节、使用者与设计实施","construction","细分核对","空间方案、实际使用路径与不同时段观察","比较设计意图、进入机会与实际使用","漂亮平面图被当成所有人使用都方便","设计意图需要实际任务与使用者检验","MIT开放课程：力学与材料教学大纲 [基础方法课程]","https://ocw.mit.edu/courses/2-001-mechanics-materials-i-fall-2006/pages/syllabus/","2026-10-04","内容编辑与机制审核，未获逐方向专家签审"
"landscape-studies-4","landscape-studies","景观生态设计","场地季节、使用者与设计实施","ecology","细分核对","空间方案、实际使用路径与不同时段观察","比较设计意图、进入机会与实际使用","漂亮平面图被当成所有人使用都方便","设计意图需要实际任务与使用者检验","北京大学：自然地理与自然资源系 [相邻学科范围]","https://www.ues.pku.edu.cn/ztlm/zrdlyzrzyx/index.htm","2026-10-04","内容编辑与机制审核，未获逐方向专家签审"
"landscape-studies-5","landscape-studies","风景资源评价","场地季节、使用者与设计实施","ecology","共享主题模块","采样位置、时间窗口与环境背景记录","画出实际覆盖范围，保留天气与缺测时段","雨后未能到达的点被填成没有变化","缺测不是零，局部观察不能代替整个区域","北京大学：自然地理与自然资源系 [相邻学科范围]","https://www.ues.pku.edu.cn/ztlm/zrdlyzrzyx/index.htm","2026-10-04","内容编辑与机制审核，未获逐方向专家签审"
"landscape-studies-6","landscape-studies","园林植物应用","场地季节、使用者与设计实施","ecology","共享主题模块","采样位置、时间窗口与环境背景记录","画出实际覆盖范围，保留天气与缺测时段","雨后未能到达的点被填成没有变化","缺测不是零，局部观察不能代替整个区域","北京大学：自然地理与自然资源系 [相邻学科范围]","https://www.ues.pku.edu.cn/ztlm/zrdlyzrzyx/index.htm","2026-10-04","内容编辑与机制审核，未获逐方向专家签审"
"landscape-studies-7","landscape-studies","公共空间","场地季节、使用者与设计实施","ecology","细分核对","空间方案、实际使用路径与不同时段观察","比较设计意图、进入机会与实际使用","漂亮平面图被当成所有人使用都方便","设计意图需要实际任务与使用者检验","北京大学：自然地理与自然资源系 [相邻学科范围]","https://www.ues.pku.edu.cn/ztlm/zrdlyzrzyx/index.htm","2026-10-04","内容编辑与机制审核，未获逐方向专家签审"
"landscape-studies-8","landscape-studies","景观使用评价","场地季节、使用者与设计实施","ecology","细分核对","空间方案、实际使用路径与不同时段观察","比较设计意图、进入机会与实际使用","漂亮平面图被当成所有人使用都方便","设计意图需要实际任务与使用者检验","北京大学：自然地理与自然资源系 [相邻学科范围]","https://www.ues.pku.edu.cn/ztlm/zrdlyzrzyx/index.htm","2026-10-04","内容编辑与机制审核，未获逐方向专家签审"
"landscape-studies-9","landscape-studies","园林遗产","场地季节、使用者与设计实施","ecology","共享主题模块","采样位置、时间窗口与环境背景记录","画出实际覆盖范围，保留天气与缺测时段","雨后未能到达的点被填成没有变化","缺测不是零，局部观察不能代替整个区域","北京大学：自然地理与自然资源系 [相邻学科范围]","https://www.ues.pku.edu.cn/ztlm/zrdlyzrzyx/index.htm","2026-10-04","内容编辑与机制审核，未获逐方向专家签审"
"landscape-studies-10","landscape-studies","景观工程评价","场地季节、使用者与设计实施","ecology","细分核对","空间方案、实际使用路径与不同时段观察","比较设计意图、进入机会与实际使用","漂亮平面图被当成所有人使用都方便","设计意图需要实际任务与使用者检验","北京大学：自然地理与自然资源系 [相邻学科范围]","https://www.ues.pku.edu.cn/ztlm/zrdlyzrzyx/index.htm","2026-10-04","内容编辑与机制审核，未获逐方向专家签审"
"landscape-studies-11","landscape-studies","风景园林教育","场地季节、使用者与设计实施","education","共享主题模块","课堂目标、活动记录与学习过程材料","让任务、教学目标与评价对应，保留班级差异","换了老师也换了活动，改善却全归到工具上","课后高分不能独立证明某项教学设计有效","北京师范大学：课程与教学研究方向 [学科范围]","https://cter.bnu.edu.cn/docs/2024-05/e0d9749ec02e425eb45aa96fefdadc2a.pdf","2026-10-04","内容编辑与机制审核，未获逐方向专家签审"
"landscape-studies-12","landscape-studies","景观可及性","场地季节、使用者与设计实施","ecology","细分核对","空间方案、实际使用路径与不同时段观察","比较设计意图、进入机会与实际使用","漂亮平面图被当成所有人使用都方便","设计意图需要实际任务与使用者检验","北京大学：自然地理与自然资源系 [相邻学科范围]","https://www.ues.pku.edu.cn/ztlm/zrdlyzrzyx/index.htm","2026-10-04","内容编辑与机制审核，未获逐方向专家签审"
"plant-protection-1","plant-protection","植物病理资料","地块、季节与观测单位","protection","共享主题模块","受损记录、发生时期与管理背景","核对观察窗口、地块和受损定义","观察只覆盖可达地块，未到的地方被填成无受损","覆盖不足不能直接证明全区域的发生程度","中国农业大学植物保护学院：学科介绍 [学科范围]","https://cpp.cau.edu.cn/col/col21978/index.html","2026-10-04","内容编辑与机制审核，未获逐方向专家签审"
"plant-protection-2","plant-protection","农业昆虫学资料","地块、季节与观测单位","protection","共享主题模块","受损记录、发生时期与管理背景","核对观察窗口、地块和受损定义","观察只覆盖可达地块，未到的地方被填成无受损","覆盖不足不能直接证明全区域的发生程度","中国农业大学植物保护学院：学科介绍 [学科范围]","https://cpp.cau.edu.cn/col/col21978/index.html","2026-10-04","内容编辑与机制审核，未获逐方向专家签审"
"plant-protection-3","plant-protection","植物检疫制度史","地块、季节与观测单位","protection","共享主题模块","受损记录、发生时期与管理背景","核对观察窗口、地块和受损定义","观察只覆盖可达地块，未到的地方被填成无受损","覆盖不足不能直接证明全区域的发生程度","中国农业大学植物保护学院：学科介绍 [学科范围]","https://cpp.cau.edu.cn/col/col21978/index.html","2026-10-04","内容编辑与机制审核，未获逐方向专家签审"
"plant-protection-4","plant-protection","植保生态","地块、季节与观测单位","protection","共享主题模块","受损记录、发生时期与管理背景","核对观察窗口、地块和受损定义","观察只覆盖可达地块，未到的地方被填成无受损","覆盖不足不能直接证明全区域的发生程度","中国农业大学植物保护学院：学科介绍 [学科范围]","https://cpp.cau.edu.cn/col/col21978/index.html","2026-10-04","内容编辑与机制审核，未获逐方向专家签审"
"plant-protection-5","plant-protection","作物健康观测","地块、季节与观测单位","protection","共享主题模块","受损记录、发生时期与管理背景","核对观察窗口、地块和受损定义","观察只覆盖可达地块，未到的地方被填成无受损","覆盖不足不能直接证明全区域的发生程度","中国农业大学植物保护学院：学科介绍 [学科范围]","https://cpp.cau.edu.cn/col/col21978/index.html","2026-10-04","内容编辑与机制审核，未获逐方向专家签审"
"plant-protection-6","plant-protection","植保预警评价","地块、季节与观测单位","protection","共享主题模块","受损记录、发生时期与管理背景","核对观察窗口、地块和受损定义","观察只覆盖可达地块，未到的地方被填成无受损","覆盖不足不能直接证明全区域的发生程度","中国农业大学植物保护学院：学科介绍 [学科范围]","https://cpp.cau.edu.cn/col/col21978/index.html","2026-10-04","内容编辑与机制审核，未获逐方向专家签审"
"plant-protection-7","plant-protection","农业生物多样性","地块、季节与观测单位","protection","共享主题模块","受损记录、发生时期与管理背景","核对观察窗口、地块和受损定义","观察只覆盖可达地块，未到的地方被填成无受损","覆盖不足不能直接证明全区域的发生程度","中国农业大学植物保护学院：学科介绍 [学科范围]","https://cpp.cau.edu.cn/col/col21978/index.html","2026-10-04","内容编辑与机制审核，未获逐方向专家签审"
"plant-protection-8","plant-protection","植保资料质量","地块、季节与观测单位","protection","共享主题模块","受损记录、发生时期与管理背景","核对观察窗口、地块和受损定义","观察只覆盖可达地块，未到的地方被填成无受损","覆盖不足不能直接证明全区域的发生程度","中国农业大学植物保护学院：学科介绍 [学科范围]","https://cpp.cau.edu.cn/col/col21978/index.html","2026-10-04","内容编辑与机制审核，未获逐方向专家签审"
"plant-protection-9","plant-protection","植保资源评价","地块、季节与观测单位","protection","共享主题模块","受损记录、发生时期与管理背景","核对观察窗口、地块和受损定义","观察只覆盖可达地块，未到的地方被填成无受损","覆盖不足不能直接证明全区域的发生程度","中国农业大学植物保护学院：学科介绍 [学科范围]","https://cpp.cau.edu.cn/col/col21978/index.html","2026-10-04","内容编辑与机制审核，未获逐方向专家签审"
"plant-protection-10","plant-protection","植保教育","地块、季节与观测单位","education","共享主题模块","课堂目标、活动记录与学习过程材料","让任务、教学目标与评价对应，保留班级差异","换了老师也换了活动，改善却全归到工具上","课后高分不能独立证明某项教学设计有效","北京师范大学：课程与教学研究方向 [学科范围]","https://cter.bnu.edu.cn/docs/2024-05/e0d9749ec02e425eb45aa96fefdadc2a.pdf","2026-10-04","内容编辑与机制审核，未获逐方向专家签审"
"plant-protection-11","plant-protection","植保史","地块、季节与观测单位","protection","共享主题模块","受损记录、发生时期与管理背景","核对观察窗口、地块和受损定义","观察只覆盖可达地块，未到的地方被填成无受损","覆盖不足不能直接证明全区域的发生程度","中国农业大学植物保护学院：学科介绍 [学科范围]","https://cpp.cau.edu.cn/col/col21978/index.html","2026-10-04","内容编辑与机制审核，未获逐方向专家签审"
"plant-protection-12","plant-protection","农田健康管理","地块、季节与观测单位","protection","共享主题模块","受损记录、发生时期与管理背景","核对观察窗口、地块和受损定义","观察只覆盖可达地块，未到的地方被填成无受损","覆盖不足不能直接证明全区域的发生程度","中国农业大学植物保护学院：学科介绍 [学科范围]","https://cpp.cau.edu.cn/col/col21978/index.html","2026-10-04","内容编辑与机制审核，未获逐方向专家签审"
"animal-science-1","animal-science","动物遗传资料","种属、群体层次与照护条件","animal-science","细分核对","个体索引、养殖场背景与生长窗口","保留个体、群体环境与观察时期","同一养殖场的多次记录被当成独立场间重复","记录次数不能代替独立个体或独立场","中国农业大学：作物研究介绍 [相邻学科范围]","https://sanya.cau.edu.cn/art/2022/8/2/art_47257_889299.html","2026-10-04","内容编辑与机制审核，未获逐方向专家签审"
"animal-science-2","animal-science","动物营养资料","种属、群体层次与照护条件","animal-science","细分核对","个体索引、养殖场背景与生长窗口","保留个体、群体环境与观察时期","同一养殖场的多次记录被当成独立场间重复","记录次数不能代替独立个体或独立场","中国农业大学：作物研究介绍 [相邻学科范围]","https://sanya.cau.edu.cn/art/2022/8/2/art_47257_889299.html","2026-10-04","内容编辑与机制审核，未获逐方向专家签审"
"animal-science-3","animal-science","动物生产系统","种属、群体层次与照护条件","animal-science","细分核对","个体索引、养殖场背景与生长窗口","保留个体、群体环境与观察时期","同一养殖场的多次记录被当成独立场间重复","记录次数不能代替独立个体或独立场","中国农业大学：作物研究介绍 [相邻学科范围]","https://sanya.cau.edu.cn/art/2022/8/2/art_47257_889299.html","2026-10-04","内容编辑与机制审核，未获逐方向专家签审"
"animal-science-4","animal-science","动物福利","种属、群体层次与照护条件","animal-science","细分核对","个体索引、养殖场背景与生长窗口","保留个体、群体环境与观察时期","同一养殖场的多次记录被当成独立场间重复","记录次数不能代替独立个体或独立场","中国农业大学：作物研究介绍 [相邻学科范围]","https://sanya.cau.edu.cn/art/2022/8/2/art_47257_889299.html","2026-10-04","内容编辑与机制审核，未获逐方向专家签审"
"animal-science-5","animal-science","饲料评价","种属、群体层次与照护条件","animal-science","细分核对","个体索引、养殖场背景与生长窗口","保留个体、群体环境与观察时期","同一养殖场的多次记录被当成独立场间重复","记录次数不能代替独立个体或独立场","中国农业大学：作物研究介绍 [相邻学科范围]","https://sanya.cau.edu.cn/art/2022/8/2/art_47257_889299.html","2026-10-04","内容编辑与机制审核，未获逐方向专家签审"
"animal-science-6","animal-science","畜牧生态","种属、群体层次与照护条件","animal-science","细分核对","个体索引、养殖场背景与生长窗口","保留个体、群体环境与观察时期","同一养殖场的多次记录被当成独立场间重复","记录次数不能代替独立个体或独立场","中国农业大学：作物研究介绍 [相邻学科范围]","https://sanya.cau.edu.cn/art/2022/8/2/art_47257_889299.html","2026-10-04","内容编辑与机制审核，未获逐方向专家签审"
"animal-science-7","animal-science","动物行为","种属、群体层次与照护条件","animal-science","细分核对","个体索引、养殖场背景与生长窗口","保留个体、群体环境与观察时期","同一养殖场的多次记录被当成独立场间重复","记录次数不能代替独立个体或独立场","中国农业大学：作物研究介绍 [相邻学科范围]","https://sanya.cau.edu.cn/art/2022/8/2/art_47257_889299.html","2026-10-04","内容编辑与机制审核，未获逐方向专家签审"
"animal-science-8","animal-science","畜产品质量","种属、群体层次与照护条件","animal-science","细分核对","个体索引、养殖场背景与生长窗口","保留个体、群体环境与观察时期","同一养殖场的多次记录被当成独立场间重复","记录次数不能代替独立个体或独立场","中国农业大学：作物研究介绍 [相邻学科范围]","https://sanya.cau.edu.cn/art/2022/8/2/art_47257_889299.html","2026-10-04","内容编辑与机制审核，未获逐方向专家签审"
"animal-science-9","animal-science","牧场资源评价","种属、群体层次与照护条件","animal-science","细分核对","个体索引、养殖场背景与生长窗口","保留个体、群体环境与观察时期","同一养殖场的多次记录被当成独立场间重复","记录次数不能代替独立个体或独立场","中国农业大学：作物研究介绍 [相邻学科范围]","https://sanya.cau.edu.cn/art/2022/8/2/art_47257_889299.html","2026-10-04","内容编辑与机制审核，未获逐方向专家签审"
"animal-science-10","animal-science","畜牧统计","种属、群体层次与照护条件","animal-science","细分核对","个体索引、养殖场背景与生长窗口","保留个体、群体环境与观察时期","同一养殖场的多次记录被当成独立场间重复","记录次数不能代替独立个体或独立场","中国农业大学：作物研究介绍 [相邻学科范围]","https://sanya.cau.edu.cn/art/2022/8/2/art_47257_889299.html","2026-10-04","内容编辑与机制审核，未获逐方向专家签审"
"animal-science-11","animal-science","畜牧史","种属、群体层次与照护条件","animal-science","细分核对","个体索引、养殖场背景与生长窗口","保留个体、群体环境与观察时期","同一养殖场的多次记录被当成独立场间重复","记录次数不能代替独立个体或独立场","中国农业大学：作物研究介绍 [相邻学科范围]","https://sanya.cau.edu.cn/art/2022/8/2/art_47257_889299.html","2026-10-04","内容编辑与机制审核，未获逐方向专家签审"
"animal-science-12","animal-science","动物科学教育","种属、群体层次与照护条件","education","细分核对","个体索引、养殖场背景与生长窗口","保留个体、群体环境与观察时期","同一养殖场的多次记录被当成独立场间重复","记录次数不能代替独立个体或独立场","北京师范大学：课程与教学研究方向 [学科范围]","https://cter.bnu.edu.cn/docs/2024-05/e0d9749ec02e425eb45aa96fefdadc2a.pdf","2026-10-04","内容编辑与机制审核，未获逐方向专家签审"
"grass-science-1","grass-science","草地生态","样地、季节与利用条件","ecology","细分核对","样地年龄结构、更新记录与管理周期","区分短期生长、更新成功与长期维持","当年长势好被直接写成长期更新成功","短期生长不能替代更新与长期维持","北京大学：自然地理与自然资源系 [相邻学科范围]","https://www.ues.pku.edu.cn/ztlm/zrdlyzrzyx/index.htm","2026-10-04","内容编辑与机制审核，未获逐方向专家签审"
"grass-science-2","grass-science","牧草资料","样地、季节与利用条件","crop","细分核对","样地年龄结构、更新记录与管理周期","区分短期生长、更新成功与长期维持","当年长势好被直接写成长期更新成功","短期生长不能替代更新与长期维持","中国农业大学：作物研究介绍 [相邻学科范围]","https://sanya.cau.edu.cn/art/2022/8/2/art_47257_889299.html","2026-10-04","内容编辑与机制审核，未获逐方向专家签审"
"grass-science-3","grass-science","草地资源","样地、季节与利用条件","crop","细分核对","样地年龄结构、更新记录与管理周期","区分短期生长、更新成功与长期维持","当年长势好被直接写成长期更新成功","短期生长不能替代更新与长期维持","中国农业大学：作物研究介绍 [相邻学科范围]","https://sanya.cau.edu.cn/art/2022/8/2/art_47257_889299.html","2026-10-04","内容编辑与机制审核，未获逐方向专家签审"
"grass-science-4","grass-science","草地管理","样地、季节与利用条件","crop","细分核对","样地年龄结构、更新记录与管理周期","区分短期生长、更新成功与长期维持","当年长势好被直接写成长期更新成功","短期生长不能替代更新与长期维持","中国农业大学：作物研究介绍 [相邻学科范围]","https://sanya.cau.edu.cn/art/2022/8/2/art_47257_889299.html","2026-10-04","内容编辑与机制审核，未获逐方向专家签审"
"grass-science-5","grass-science","草坪研究","样地、季节与利用条件","crop","细分核对","样地年龄结构、更新记录与管理周期","区分短期生长、更新成功与长期维持","当年长势好被直接写成长期更新成功","短期生长不能替代更新与长期维持","中国农业大学：作物研究介绍 [相邻学科范围]","https://sanya.cau.edu.cn/art/2022/8/2/art_47257_889299.html","2026-10-04","内容编辑与机制审核，未获逐方向专家签审"
"grass-science-6","grass-science","草地恢复","样地、季节与利用条件","crop","细分核对","样地年龄结构、更新记录与管理周期","区分短期生长、更新成功与长期维持","当年长势好被直接写成长期更新成功","短期生长不能替代更新与长期维持","中国农业大学：作物研究介绍 [相邻学科范围]","https://sanya.cau.edu.cn/art/2022/8/2/art_47257_889299.html","2026-10-04","内容编辑与机制审核，未获逐方向专家签审"
"grass-science-7","grass-science","草地遥感","样地、季节与利用条件","crop","细分核对","样地年龄结构、更新记录与管理周期","区分短期生长、更新成功与长期维持","当年长势好被直接写成长期更新成功","短期生长不能替代更新与长期维持","中国农业大学：作物研究介绍 [相邻学科范围]","https://sanya.cau.edu.cn/art/2022/8/2/art_47257_889299.html","2026-10-04","内容编辑与机制审核，未获逐方向专家签审"
"grass-science-8","grass-science","草地土壤","样地、季节与利用条件","ecology","细分核对","样地年龄结构、更新记录与管理周期","区分短期生长、更新成功与长期维持","当年长势好被直接写成长期更新成功","短期生长不能替代更新与长期维持","北京大学：自然地理与自然资源系 [相邻学科范围]","https://www.ues.pku.edu.cn/ztlm/zrdlyzrzyx/index.htm","2026-10-04","内容编辑与机制审核，未获逐方向专家签审"
"grass-science-9","grass-science","草地水分","样地、季节与利用条件","crop","细分核对","样地年龄结构、更新记录与管理周期","区分短期生长、更新成功与长期维持","当年长势好被直接写成长期更新成功","短期生长不能替代更新与长期维持","中国农业大学：作物研究介绍 [相邻学科范围]","https://sanya.cau.edu.cn/art/2022/8/2/art_47257_889299.html","2026-10-04","内容编辑与机制审核，未获逐方向专家签审"
"grass-science-10","grass-science","草地统计","样地、季节与利用条件","crop","细分核对","样地年龄结构、更新记录与管理周期","区分短期生长、更新成功与长期维持","当年长势好被直接写成长期更新成功","短期生长不能替代更新与长期维持","中国农业大学：作物研究介绍 [相邻学科范围]","https://sanya.cau.edu.cn/art/2022/8/2/art_47257_889299.html","2026-10-04","内容编辑与机制审核，未获逐方向专家签审"
"grass-science-11","grass-science","草学史","样地、季节与利用条件","crop","细分核对","样地年龄结构、更新记录与管理周期","区分短期生长、更新成功与长期维持","当年长势好被直接写成长期更新成功","短期生长不能替代更新与长期维持","中国农业大学：作物研究介绍 [相邻学科范围]","https://sanya.cau.edu.cn/art/2022/8/2/art_47257_889299.html","2026-10-04","内容编辑与机制审核，未获逐方向专家签审"
"grass-science-12","grass-science","草地社会研究","样地、季节与利用条件","crop","细分核对","样地年龄结构、更新记录与管理周期","区分短期生长、更新成功与长期维持","当年长势好被直接写成长期更新成功","短期生长不能替代更新与长期维持","中国农业大学：作物研究介绍 [相邻学科范围]","https://sanya.cau.edu.cn/art/2022/8/2/art_47257_889299.html","2026-10-04","内容编辑与机制审核，未获逐方向专家签审"
"soil-water-conservation-1","soil-water-conservation","水土保持原理","坡面与流域层次、时间尺度与观测完整性","crop","细分核对","采样深度、含水状态与地块管理历史","分开空间异质性、测量状态与管理影响","不同深度样品被直接用来比较管理效果","土层和状态不同不能无条件归因于管理","中国农业大学：作物研究介绍 [相邻学科范围]","https://sanya.cau.edu.cn/art/2022/8/2/art_47257_889299.html","2026-10-04","内容编辑与机制审核，未获逐方向专家签审"
"soil-water-conservation-2","soil-water-conservation","土壤侵蚀资料","坡面与流域层次、时间尺度与观测完整性","ecology","细分核对","采样深度、含水状态与地块管理历史","分开空间异质性、测量状态与管理影响","不同深度样品被直接用来比较管理效果","土层和状态不同不能无条件归因于管理","北京大学：自然地理与自然资源系 [相邻学科范围]","https://www.ues.pku.edu.cn/ztlm/zrdlyzrzyx/index.htm","2026-10-04","内容编辑与机制审核，未获逐方向专家签审"
"soil-water-conservation-3","soil-water-conservation","流域资料","坡面与流域层次、时间尺度与观测完整性","crop","共享主题模块","地块、品种、季节与管理记录","比较时同时核对地块条件和管理差异","看似较好的品种恰好都在同一块地","品种差异与地块、季节效应不能混在一起","中国农业大学：作物研究介绍 [相邻学科范围]","https://sanya.cau.edu.cn/art/2022/8/2/art_47257_889299.html","2026-10-04","内容编辑与机制审核，未获逐方向专家签审"
"soil-water-conservation-4","soil-water-conservation","荒漠生态","坡面与流域层次、时间尺度与观测完整性","ecology","共享主题模块","采样位置、时间窗口与环境背景记录","画出实际覆盖范围，保留天气与缺测时段","雨后未能到达的点被填成没有变化","缺测不是零，局部观察不能代替整个区域","北京大学：自然地理与自然资源系 [相邻学科范围]","https://www.ues.pku.edu.cn/ztlm/zrdlyzrzyx/index.htm","2026-10-04","内容编辑与机制审核，未获逐方向专家签审"
"soil-water-conservation-5","soil-water-conservation","防护林评价","坡面与流域层次、时间尺度与观测完整性","ecology","共享主题模块","采样位置、时间窗口与环境背景记录","画出实际覆盖范围，保留天气与缺测时段","雨后未能到达的点被填成没有变化","缺测不是零，局部观察不能代替整个区域","北京大学：自然地理与自然资源系 [相邻学科范围]","https://www.ues.pku.edu.cn/ztlm/zrdlyzrzyx/index.htm","2026-10-04","内容编辑与机制审核，未获逐方向专家签审"
"soil-water-conservation-6","soil-water-conservation","恢复过程","坡面与流域层次、时间尺度与观测完整性","crop","共享主题模块","地块、品种、季节与管理记录","比较时同时核对地块条件和管理差异","看似较好的品种恰好都在同一块地","品种差异与地块、季节效应不能混在一起","中国农业大学：作物研究介绍 [相邻学科范围]","https://sanya.cau.edu.cn/art/2022/8/2/art_47257_889299.html","2026-10-04","内容编辑与机制审核，未获逐方向专家签审"
"soil-water-conservation-7","soil-water-conservation","坡面观测","坡面与流域层次、时间尺度与观测完整性","crop","共享主题模块","地块、品种、季节与管理记录","比较时同时核对地块条件和管理差异","看似较好的品种恰好都在同一块地","品种差异与地块、季节效应不能混在一起","中国农业大学：作物研究介绍 [相邻学科范围]","https://sanya.cau.edu.cn/art/2022/8/2/art_47257_889299.html","2026-10-04","内容编辑与机制审核，未获逐方向专家签审"
"soil-water-conservation-8","soil-water-conservation","土地退化","坡面与流域层次、时间尺度与观测完整性","crop","共享主题模块","地块、品种、季节与管理记录","比较时同时核对地块条件和管理差异","看似较好的品种恰好都在同一块地","品种差异与地块、季节效应不能混在一起","中国农业大学：作物研究介绍 [相邻学科范围]","https://sanya.cau.edu.cn/art/2022/8/2/art_47257_889299.html","2026-10-04","内容编辑与机制审核，未获逐方向专家签审"
"soil-water-conservation-9","soil-water-conservation","水土保持政策","坡面与流域层次、时间尺度与观测完整性","crop","细分核对","采样深度、含水状态与地块管理历史","分开空间异质性、测量状态与管理影响","不同深度样品被直接用来比较管理效果","土层和状态不同不能无条件归因于管理","中国农业大学：作物研究介绍 [相邻学科范围]","https://sanya.cau.edu.cn/art/2022/8/2/art_47257_889299.html","2026-10-04","内容编辑与机制审核，未获逐方向专家签审"
"soil-water-conservation-10","soil-water-conservation","空间资料质量","坡面与流域层次、时间尺度与观测完整性","crop","共享主题模块","地块、品种、季节与管理记录","比较时同时核对地块条件和管理差异","看似较好的品种恰好都在同一块地","品种差异与地块、季节效应不能混在一起","中国农业大学：作物研究介绍 [相邻学科范围]","https://sanya.cau.edu.cn/art/2022/8/2/art_47257_889299.html","2026-10-04","内容编辑与机制审核，未获逐方向专家签审"
"soil-water-conservation-11","soil-water-conservation","治理成效评价","坡面与流域层次、时间尺度与观测完整性","crop","共享主题模块","地块、品种、季节与管理记录","比较时同时核对地块条件和管理差异","看似较好的品种恰好都在同一块地","品种差异与地块、季节效应不能混在一起","中国农业大学：作物研究介绍 [相邻学科范围]","https://sanya.cau.edu.cn/art/2022/8/2/art_47257_889299.html","2026-10-04","内容编辑与机制审核，未获逐方向专家签审"
"soil-water-conservation-12","soil-water-conservation","水土保持史","坡面与流域层次、时间尺度与观测完整性","crop","细分核对","采样深度、含水状态与地块管理历史","分开空间异质性、测量状态与管理影响","不同深度样品被直接用来比较管理效果","土层和状态不同不能无条件归因于管理","中国农业大学：作物研究介绍 [相邻学科范围]","https://sanya.cau.edu.cn/art/2022/8/2/art_47257_889299.html","2026-10-04","内容编辑与机制审核，未获逐方向专家签审"
"food-nutrition-1","food-nutrition","食品组成资料","组成、实际摄入与人群结局的区别","food","共享主题模块","批次来源、评价条件与保存时间记录","把批次与评价顺序分开，保留原始口径","同一批次重复评价被当作不同来源","评价信号不直接证明实际消费情境的效果","中国农业大学：作物研究介绍 [相邻学科范围]","https://sanya.cau.edu.cn/art/2022/8/2/art_47257_889299.html","2026-10-04","内容编辑与机制审核，未获逐方向专家签审"
"food-nutrition-2","food-nutrition","营养调查","组成、实际摄入与人群结局的区别","food","共享主题模块","批次来源、评价条件与保存时间记录","把批次与评价顺序分开，保留原始口径","同一批次重复评价被当作不同来源","评价信号不直接证明实际消费情境的效果","中国农业大学：作物研究介绍 [相邻学科范围]","https://sanya.cau.edu.cn/art/2022/8/2/art_47257_889299.html","2026-10-04","内容编辑与机制审核，未获逐方向专家签审"
"food-nutrition-3","food-nutrition","膳食模式","组成、实际摄入与人群结局的区别","food","共享主题模块","批次来源、评价条件与保存时间记录","把批次与评价顺序分开，保留原始口径","同一批次重复评价被当作不同来源","评价信号不直接证明实际消费情境的效果","中国农业大学：作物研究介绍 [相邻学科范围]","https://sanya.cau.edu.cn/art/2022/8/2/art_47257_889299.html","2026-10-04","内容编辑与机制审核，未获逐方向专家签审"
"food-nutrition-4","food-nutrition","食品感官评价","组成、实际摄入与人群结局的区别","food","共享主题模块","批次来源、评价条件与保存时间记录","把批次与评价顺序分开，保留原始口径","同一批次重复评价被当作不同来源","评价信号不直接证明实际消费情境的效果","中国农业大学：作物研究介绍 [相邻学科范围]","https://sanya.cau.edu.cn/art/2022/8/2/art_47257_889299.html","2026-10-04","内容编辑与机制审核，未获逐方向专家签审"
"food-nutrition-5","food-nutrition","食品质量","组成、实际摄入与人群结局的区别","food","共享主题模块","批次来源、评价条件与保存时间记录","把批次与评价顺序分开，保留原始口径","同一批次重复评价被当作不同来源","评价信号不直接证明实际消费情境的效果","中国农业大学：作物研究介绍 [相邻学科范围]","https://sanya.cau.edu.cn/art/2022/8/2/art_47257_889299.html","2026-10-04","内容编辑与机制审核，未获逐方向专家签审"
"food-nutrition-6","food-nutrition","营养教育","组成、实际摄入与人群结局的区别","education","共享主题模块","课堂目标、活动记录与学习过程材料","让任务、教学目标与评价对应，保留班级差异","换了老师也换了活动，改善却全归到工具上","课后高分不能独立证明某项教学设计有效","北京师范大学：课程与教学研究方向 [学科范围]","https://cter.bnu.edu.cn/docs/2024-05/e0d9749ec02e425eb45aa96fefdadc2a.pdf","2026-10-04","内容编辑与机制审核，未获逐方向专家签审"
"food-nutrition-7","food-nutrition","食品消费","组成、实际摄入与人群结局的区别","food","共享主题模块","批次来源、评价条件与保存时间记录","把批次与评价顺序分开，保留原始口径","同一批次重复评价被当作不同来源","评价信号不直接证明实际消费情境的效果","中国农业大学：作物研究介绍 [相邻学科范围]","https://sanya.cau.edu.cn/art/2022/8/2/art_47257_889299.html","2026-10-04","内容编辑与机制审核，未获逐方向专家签审"
"food-nutrition-8","food-nutrition","食品资源评价","组成、实际摄入与人群结局的区别","food","共享主题模块","批次来源、评价条件与保存时间记录","把批次与评价顺序分开，保留原始口径","同一批次重复评价被当作不同来源","评价信号不直接证明实际消费情境的效果","中国农业大学：作物研究介绍 [相邻学科范围]","https://sanya.cau.edu.cn/art/2022/8/2/art_47257_889299.html","2026-10-04","内容编辑与机制审核，未获逐方向专家签审"
"food-nutrition-9","food-nutrition","食品文化","组成、实际摄入与人群结局的区别","food","共享主题模块","批次来源、评价条件与保存时间记录","把批次与评价顺序分开，保留原始口径","同一批次重复评价被当作不同来源","评价信号不直接证明实际消费情境的效果","中国农业大学：作物研究介绍 [相邻学科范围]","https://sanya.cau.edu.cn/art/2022/8/2/art_47257_889299.html","2026-10-04","内容编辑与机制审核，未获逐方向专家签审"
"food-nutrition-10","food-nutrition","食品服务评价","组成、实际摄入与人群结局的区别","food","共享主题模块","批次来源、评价条件与保存时间记录","把批次与评价顺序分开，保留原始口径","同一批次重复评价被当作不同来源","评价信号不直接证明实际消费情境的效果","中国农业大学：作物研究介绍 [相邻学科范围]","https://sanya.cau.edu.cn/art/2022/8/2/art_47257_889299.html","2026-10-04","内容编辑与机制审核，未获逐方向专家签审"
"food-nutrition-11","food-nutrition","营养资料质量","组成、实际摄入与人群结局的区别","food","共享主题模块","批次来源、评价条件与保存时间记录","把批次与评价顺序分开，保留原始口径","同一批次重复评价被当作不同来源","评价信号不直接证明实际消费情境的效果","中国农业大学：作物研究介绍 [相邻学科范围]","https://sanya.cau.edu.cn/art/2022/8/2/art_47257_889299.html","2026-10-04","内容编辑与机制审核，未获逐方向专家签审"
"food-nutrition-12","food-nutrition","食品营养史","组成、实际摄入与人群结局的区别","food","共享主题模块","批次来源、评价条件与保存时间记录","把批次与评价顺序分开，保留原始口径","同一批次重复评价被当作不同来源","评价信号不直接证明实际消费情境的效果","中国农业大学：作物研究介绍 [相邻学科范围]","https://sanya.cau.edu.cn/art/2022/8/2/art_47257_889299.html","2026-10-04","内容编辑与机制审核，未获逐方向专家签审"
"military-organization-1","military-organization","联合作战制度史","公开史料、组织层次与情境假设","military","细分核对","公开史料、当时信息与组织约束","限制在公开历史解释，保留行动者当时能知道的内容","历史结局被提前交给抽象案例中的决策者","历史解释与抽象组织案例不等于现实预测","教育部：研究生教育学科专业目录（2022） [分类背景]；北京大学历史学系：学科介绍 [学科范围]","https://www.moe.gov.cn/srcsite/A22/moe_833/202209/t20220914_660828.html；https://history.pku.edu.cn/bxgk/xkjj/index.htm","2026-10-04","内容编辑与机制审核，未获逐方向专家签审"
"military-organization-2","military-organization","军兵种组织史","公开史料、组织层次与情境假设","military","细分核对","公开史料、当时信息与组织约束","限制在公开历史解释，保留行动者当时能知道的内容","历史结局被提前交给抽象案例中的决策者","历史解释与抽象组织案例不等于现实预测","教育部：研究生教育学科专业目录（2022） [分类背景]；北京大学历史学系：学科介绍 [学科范围]","https://www.moe.gov.cn/srcsite/A22/moe_833/202209/t20220914_660828.html；https://history.pku.edu.cn/bxgk/xkjj/index.htm","2026-10-04","内容编辑与机制审核，未获逐方向专家签审"
"military-organization-3","military-organization","军事指挥史","公开史料、组织层次与情境假设","military","细分核对","公开史料、当时信息与组织约束","限制在公开历史解释，保留行动者当时能知道的内容","历史结局被提前交给抽象案例中的决策者","历史解释与抽象组织案例不等于现实预测","教育部：研究生教育学科专业目录（2022） [分类背景]；北京大学历史学系：学科介绍 [学科范围]","https://www.moe.gov.cn/srcsite/A22/moe_833/202209/t20220914_660828.html；https://history.pku.edu.cn/bxgk/xkjj/index.htm","2026-10-04","内容编辑与机制审核，未获逐方向专家签审"
"military-organization-4","military-organization","军队政治工作史","公开史料、组织层次与情境假设","military","细分核对","公开史料、当时信息与组织约束","限制在公开历史解释，保留行动者当时能知道的内容","历史结局被提前交给抽象案例中的决策者","历史解释与抽象组织案例不等于现实预测","教育部：研究生教育学科专业目录（2022） [分类背景]；北京大学历史学系：学科介绍 [学科范围]","https://www.moe.gov.cn/srcsite/A22/moe_833/202209/t20220914_660828.html；https://history.pku.edu.cn/bxgk/xkjj/index.htm","2026-10-04","内容编辑与机制审核，未获逐方向专家签审"
"military-organization-5","military-organization","军事后勤史","公开史料、组织层次与情境假设","military","细分核对","公开史料、当时信息与组织约束","限制在公开历史解释，保留行动者当时能知道的内容","历史结局被提前交给抽象案例中的决策者","历史解释与抽象组织案例不等于现实预测","教育部：研究生教育学科专业目录（2022） [分类背景]；北京大学历史学系：学科介绍 [学科范围]","https://www.moe.gov.cn/srcsite/A22/moe_833/202209/t20220914_660828.html；https://history.pku.edu.cn/bxgk/xkjj/index.htm","2026-10-04","内容编辑与机制审核，未获逐方向专家签审"
"military-organization-6","military-organization","军事装备管理史","公开史料、组织层次与情境假设","military","细分核对","公开史料、当时信息与组织约束","限制在公开历史解释，保留行动者当时能知道的内容","历史结局被提前交给抽象案例中的决策者","历史解释与抽象组织案例不等于现实预测","教育部：研究生教育学科专业目录（2022） [分类背景]；北京大学历史学系：学科介绍 [学科范围]","https://www.moe.gov.cn/srcsite/A22/moe_833/202209/t20220914_660828.html；https://history.pku.edu.cn/bxgk/xkjj/index.htm","2026-10-04","内容编辑与机制审核，未获逐方向专家签审"
"military-organization-7","military-organization","军事管理制度","公开史料、组织层次与情境假设","military","细分核对","公开史料、当时信息与组织约束","限制在公开历史解释，保留行动者当时能知道的内容","历史结局被提前交给抽象案例中的决策者","历史解释与抽象组织案例不等于现实预测","教育部：研究生教育学科专业目录（2022） [分类背景]；北京大学历史学系：学科介绍 [学科范围]","https://www.moe.gov.cn/srcsite/A22/moe_833/202209/t20220914_660828.html；https://history.pku.edu.cn/bxgk/xkjj/index.htm","2026-10-04","内容编辑与机制审核，未获逐方向专家签审"
"military-organization-8","military-organization","军事训练教育史","公开史料、组织层次与情境假设","military","细分核对","公开史料、当时信息与组织约束","限制在公开历史解释，保留行动者当时能知道的内容","历史结局被提前交给抽象案例中的决策者","历史解释与抽象组织案例不等于现实预测","教育部：研究生教育学科专业目录（2022） [分类背景]；北京大学历史学系：学科介绍 [学科范围]","https://www.moe.gov.cn/srcsite/A22/moe_833/202209/t20220914_660828.html；https://history.pku.edu.cn/bxgk/xkjj/index.htm","2026-10-04","内容编辑与机制审核，未获逐方向专家签审"
"military-organization-9","military-organization","军事智能公开文献","公开史料、组织层次与情境假设","military","细分核对","公开史料、当时信息与组织约束","限制在公开历史解释，保留行动者当时能知道的内容","历史结局被提前交给抽象案例中的决策者","历史解释与抽象组织案例不等于现实预测","教育部：研究生教育学科专业目录（2022） [分类背景]；北京大学历史学系：学科介绍 [学科范围]","https://www.moe.gov.cn/srcsite/A22/moe_833/202209/t20220914_660828.html；https://history.pku.edu.cn/bxgk/xkjj/index.htm","2026-10-04","内容编辑与机制审核，未获逐方向专家签审"
"military-organization-10","military-organization","协作制度比较","公开史料、组织层次与情境假设","military","细分核对","公开史料、当时信息与组织约束","限制在公开历史解释，保留行动者当时能知道的内容","历史结局被提前交给抽象案例中的决策者","历史解释与抽象组织案例不等于现实预测","教育部：研究生教育学科专业目录（2022） [分类背景]；北京大学历史学系：学科介绍 [学科范围]","https://www.moe.gov.cn/srcsite/A22/moe_833/202209/t20220914_660828.html；https://history.pku.edu.cn/bxgk/xkjj/index.htm","2026-10-04","内容编辑与机制审核，未获逐方向专家签审"
"military-organization-11","military-organization","公开军事资料质量","公开史料、组织层次与情境假设","military","细分核对","公开史料、当时信息与组织约束","限制在公开历史解释，保留行动者当时能知道的内容","历史结局被提前交给抽象案例中的决策者","历史解释与抽象组织案例不等于现实预测","教育部：研究生教育学科专业目录（2022） [分类背景]；北京大学历史学系：学科介绍 [学科范围]","https://www.moe.gov.cn/srcsite/A22/moe_833/202209/t20220914_660828.html；https://history.pku.edu.cn/bxgk/xkjj/index.htm","2026-10-04","内容编辑与机制审核，未获逐方向专家签审"
"military-organization-12","military-organization","军事教育伦理","公开史料、组织层次与情境假设","military","细分核对","公开史料、当时信息与组织约束","限制在公开历史解释，保留行动者当时能知道的内容","历史结局被提前交给抽象案例中的决策者","历史解释与抽象组织案例不等于现实预测","教育部：研究生教育学科专业目录（2022） [分类背景]；北京大学历史学系：学科介绍 [学科范围]","https://www.moe.gov.cn/srcsite/A22/moe_833/202209/t20220914_660828.html；https://history.pku.edu.cn/bxgk/xkjj/index.htm","2026-10-04","内容编辑与机制审核，未获逐方向专家签审"
"agri-economics-1","agri-economics","农业经济管理","农户与地区层次、季节与资源约束","economics","共享主题模块","分配规则、样本来源与比较组记录","核对选择过程与政策时点，区分描述和识别","参与者原本就与未参与者不同","相关关系不能直接写成政策因果效果","北京大学经济学院：学科专业 [学科范围]","https://econ.pku.edu.cn/xkzy/index.htm","2026-10-04","内容编辑与机制审核，未获逐方向专家签审"
"agri-economics-2","agri-economics","林业经济管理","农户与地区层次、季节与资源约束","economics","共享主题模块","分配规则、样本来源与比较组记录","核对选择过程与政策时点，区分描述和识别","参与者原本就与未参与者不同","相关关系不能直接写成政策因果效果","北京大学经济学院：学科专业 [学科范围]","https://econ.pku.edu.cn/xkzy/index.htm","2026-10-04","内容编辑与机制审核，未获逐方向专家签审"
"agri-economics-3","agri-economics","农村发展","农户与地区层次、季节与资源约束","organization","共享主题模块","流程文件、岗位访谈与交付记录","分开正式规定与实际执行，再核对责任接口","文件上已经交接，执行者却没有收到材料","制度设计不等于实际执行或组织绩效","浙江大学管理学院：研究介绍 [学科范围]","https://www.som.zju.edu.cn/2025/0506/c63512a3045953/page.htm","2026-10-04","内容编辑与机制审核，未获逐方向专家签审"
"agri-economics-4","agri-economics","农户行为","农户与地区层次、季节与资源约束","organization","共享主题模块","流程文件、岗位访谈与交付记录","分开正式规定与实际执行，再核对责任接口","文件上已经交接，执行者却没有收到材料","制度设计不等于实际执行或组织绩效","浙江大学管理学院：研究介绍 [学科范围]","https://www.som.zju.edu.cn/2025/0506/c63512a3045953/page.htm","2026-10-04","内容编辑与机制审核，未获逐方向专家签审"
"agri-economics-5","agri-economics","农业组织","农户与地区层次、季节与资源约束","organization","共享主题模块","流程文件、岗位访谈与交付记录","分开正式规定与实际执行，再核对责任接口","文件上已经交接，执行者却没有收到材料","制度设计不等于实际执行或组织绩效","浙江大学管理学院：研究介绍 [学科范围]","https://www.som.zju.edu.cn/2025/0506/c63512a3045953/page.htm","2026-10-04","内容编辑与机制审核，未获逐方向专家签审"
"agri-economics-6","agri-economics","农产品市场","农户与地区层次、季节与资源约束","organization","共享主题模块","流程文件、岗位访谈与交付记录","分开正式规定与实际执行，再核对责任接口","文件上已经交接，执行者却没有收到材料","制度设计不等于实际执行或组织绩效","浙江大学管理学院：研究介绍 [学科范围]","https://www.som.zju.edu.cn/2025/0506/c63512a3045953/page.htm","2026-10-04","内容编辑与机制审核，未获逐方向专家签审"
"agri-economics-7","agri-economics","林业资源经济","农户与地区层次、季节与资源约束","economics","共享主题模块","分配规则、样本来源与比较组记录","核对选择过程与政策时点，区分描述和识别","参与者原本就与未参与者不同","相关关系不能直接写成政策因果效果","北京大学经济学院：学科专业 [学科范围]","https://econ.pku.edu.cn/xkzy/index.htm","2026-10-04","内容编辑与机制审核，未获逐方向专家签审"
"agri-economics-8","agri-economics","农村公共服务","农户与地区层次、季节与资源约束","policy","共享主题模块","制度文本、执行材料与对象反馈","比较制度情境，保留执行层次与时间","两个地方用了同名制度，执行条件却不同","制度名称相同不保证比较对象相同","北京大学法学院：培养方向 [学科范围]；北京大学社会学系：专业介绍 [学科范围]","https://www.law.pku.edu.cn/xwzx/ggtz/zsjx/870508d182464f118ae55b9473a4c4f3.htm；https://bkzs.pku.edu.cn/xkzy/xy/shkxxb/sxkxxy_31/sxkxxyzszy_31/index.htm","2026-10-04","内容编辑与机制审核，未获逐方向专家签审"
"agri-economics-9","agri-economics","农业政策评价","农户与地区层次、季节与资源约束","policy","共享主题模块","制度文本、执行材料与对象反馈","比较制度情境，保留执行层次与时间","两个地方用了同名制度，执行条件却不同","制度名称相同不保证比较对象相同","北京大学法学院：培养方向 [学科范围]；北京大学社会学系：专业介绍 [学科范围]","https://www.law.pku.edu.cn/xwzx/ggtz/zsjx/870508d182464f118ae55b9473a4c4f3.htm；https://bkzs.pku.edu.cn/xkzy/xy/shkxxb/sxkxxy_31/sxkxxyzszy_31/index.htm","2026-10-04","内容编辑与机制审核，未获逐方向专家签审"
"agri-economics-10","agri-economics","农林经营史","农户与地区层次、季节与资源约束","organization","共享主题模块","流程文件、岗位访谈与交付记录","分开正式规定与实际执行，再核对责任接口","文件上已经交接，执行者却没有收到材料","制度设计不等于实际执行或组织绩效","浙江大学管理学院：研究介绍 [学科范围]","https://www.som.zju.edu.cn/2025/0506/c63512a3045953/page.htm","2026-10-04","内容编辑与机制审核，未获逐方向专家签审"
"agri-economics-11","agri-economics","农林资源配置","农户与地区层次、季节与资源约束","organization","共享主题模块","流程文件、岗位访谈与交付记录","分开正式规定与实际执行，再核对责任接口","文件上已经交接，执行者却没有收到材料","制度设计不等于实际执行或组织绩效","浙江大学管理学院：研究介绍 [学科范围]","https://www.som.zju.edu.cn/2025/0506/c63512a3045953/page.htm","2026-10-04","内容编辑与机制审核，未获逐方向专家签审"
"agri-economics-12","agri-economics","乡村产业","农户与地区层次、季节与资源约束","organization","共享主题模块","流程文件、岗位访谈与交付记录","分开正式规定与实际执行，再核对责任接口","文件上已经交接，执行者却没有收到材料","制度设计不等于实际执行或组织绩效","浙江大学管理学院：研究介绍 [学科范围]","https://www.som.zju.edu.cn/2025/0506/c63512a3045953/page.htm","2026-10-04","内容编辑与机制审核，未获逐方向专家签审"
"tourism-management-1","tourism-management","旅游行为","旺淡季、服务情境与游客构成","tourism","细分核对","流程等待、交付记录与需求波动","同时比较局部周转与端到端交付","局部处理加速却把等待转移给了下一环节","局部效率不独立代表全链绩效","浙江大学管理学院：研究介绍 [学科范围]","https://www.som.zju.edu.cn/2025/0506/c63512a3045953/page.htm","2026-10-04","内容编辑与机制审核，未获逐方向专家签审"
"tourism-management-2","tourism-management","旅游目的地","旺淡季、服务情境与游客构成","tourism","细分核对","流程等待、交付记录与需求波动","同时比较局部周转与端到端交付","局部处理加速却把等待转移给了下一环节","局部效率不独立代表全链绩效","浙江大学管理学院：研究介绍 [学科范围]","https://www.som.zju.edu.cn/2025/0506/c63512a3045953/page.htm","2026-10-04","内容编辑与机制审核，未获逐方向专家签审"
"tourism-management-3","tourism-management","酒店管理研究","旺淡季、服务情境与游客构成","tourism","共享主题模块","访问季节、游客行为与服务体验记录","区分游客群体、季节与目的地条件","节庆游客的评价被推广为全年居民体验","短期游客反馈不能代表所有使用者或全年状态","浙江大学管理学院：研究介绍 [学科范围]","https://www.som.zju.edu.cn/2025/0506/c63512a3045953/page.htm","2026-10-04","内容编辑与机制审核，未获逐方向专家签审"
"tourism-management-4","tourism-management","旅游服务","旺淡季、服务情境与游客构成","tourism","细分核对","流程等待、交付记录与需求波动","同时比较局部周转与端到端交付","局部处理加速却把等待转移给了下一环节","局部效率不独立代表全链绩效","浙江大学管理学院：研究介绍 [学科范围]","https://www.som.zju.edu.cn/2025/0506/c63512a3045953/page.htm","2026-10-04","内容编辑与机制审核，未获逐方向专家签审"
"tourism-management-5","tourism-management","文化旅游","旺淡季、服务情境与游客构成","tourism","细分核对","流程等待、交付记录与需求波动","同时比较局部周转与端到端交付","局部处理加速却把等待转移给了下一环节","局部效率不独立代表全链绩效","浙江大学管理学院：研究介绍 [学科范围]","https://www.som.zju.edu.cn/2025/0506/c63512a3045953/page.htm","2026-10-04","内容编辑与机制审核，未获逐方向专家签审"
"tourism-management-6","tourism-management","旅游资源评价","旺淡季、服务情境与游客构成","tourism","细分核对","流程等待、交付记录与需求波动","同时比较局部周转与端到端交付","局部处理加速却把等待转移给了下一环节","局部效率不独立代表全链绩效","浙江大学管理学院：研究介绍 [学科范围]","https://www.som.zju.edu.cn/2025/0506/c63512a3045953/page.htm","2026-10-04","内容编辑与机制审核，未获逐方向专家签审"
"tourism-management-7","tourism-management","旅游环境","旺淡季、服务情境与游客构成","tourism","细分核对","流程等待、交付记录与需求波动","同时比较局部周转与端到端交付","局部处理加速却把等待转移给了下一环节","局部效率不独立代表全链绩效","浙江大学管理学院：研究介绍 [学科范围]","https://www.som.zju.edu.cn/2025/0506/c63512a3045953/page.htm","2026-10-04","内容编辑与机制审核，未获逐方向专家签审"
"tourism-management-8","tourism-management","旅游组织","旺淡季、服务情境与游客构成","tourism","细分核对","流程等待、交付记录与需求波动","同时比较局部周转与端到端交付","局部处理加速却把等待转移给了下一环节","局部效率不独立代表全链绩效","浙江大学管理学院：研究介绍 [学科范围]","https://www.som.zju.edu.cn/2025/0506/c63512a3045953/page.htm","2026-10-04","内容编辑与机制审核，未获逐方向专家签审"
"tourism-management-9","tourism-management","旅游数字化","旺淡季、服务情境与游客构成","tourism","细分核对","流程等待、交付记录与需求波动","同时比较局部周转与端到端交付","局部处理加速却把等待转移给了下一环节","局部效率不独立代表全链绩效","浙江大学管理学院：研究介绍 [学科范围]","https://www.som.zju.edu.cn/2025/0506/c63512a3045953/page.htm","2026-10-04","内容编辑与机制审核，未获逐方向专家签审"
"tourism-management-10","tourism-management","旅游体验","旺淡季、服务情境与游客构成","tourism","细分核对","流程等待、交付记录与需求波动","同时比较局部周转与端到端交付","局部处理加速却把等待转移给了下一环节","局部效率不独立代表全链绩效","浙江大学管理学院：研究介绍 [学科范围]","https://www.som.zju.edu.cn/2025/0506/c63512a3045953/page.htm","2026-10-04","内容编辑与机制审核，未获逐方向专家签审"
"tourism-management-11","tourism-management","旅游管理史","旺淡季、服务情境与游客构成","tourism","细分核对","流程等待、交付记录与需求波动","同时比较局部周转与端到端交付","局部处理加速却把等待转移给了下一环节","局部效率不独立代表全链绩效","浙江大学管理学院：研究介绍 [学科范围]","https://www.som.zju.edu.cn/2025/0506/c63512a3045953/page.htm","2026-10-04","内容编辑与机制审核，未获逐方向专家签审"
"tourism-management-12","tourism-management","旅游可及性","旺淡季、服务情境与游客构成","tourism","细分核对","流程等待、交付记录与需求波动","同时比较局部周转与端到端交付","局部处理加速却把等待转移给了下一环节","局部效率不独立代表全链绩效","浙江大学管理学院：研究介绍 [学科范围]","https://www.som.zju.edu.cn/2025/0506/c63512a3045953/page.htm","2026-10-04","内容编辑与机制审核，未获逐方向专家签审"
"audit-studies-1","audit-studies","财务审计研究","资料完整性、评价范围与证据链","accounting","细分核对","确认时点、合并边界与核对底稿","区分经营变化、口径调整与合并变化","合并范围扩大被当成原业务增长","报表变动需要确认和范围背景","浙江大学管理学院：研究介绍 [学科范围]","https://www.som.zju.edu.cn/2025/0506/c63512a3045953/page.htm","2026-10-04","内容编辑与机制审核，未获逐方向专家签审"
"audit-studies-2","audit-studies","绩效审计研究","资料完整性、评价范围与证据链","accounting","细分核对","确认时点、合并边界与核对底稿","区分经营变化、口径调整与合并变化","合并范围扩大被当成原业务增长","报表变动需要确认和范围背景","浙江大学管理学院：研究介绍 [学科范围]","https://www.som.zju.edu.cn/2025/0506/c63512a3045953/page.htm","2026-10-04","内容编辑与机制审核，未获逐方向专家签审"
"audit-studies-3","audit-studies","内部审计","资料完整性、评价范围与证据链","accounting","细分核对","确认时点、合并边界与核对底稿","区分经营变化、口径调整与合并变化","合并范围扩大被当成原业务增长","报表变动需要确认和范围背景","浙江大学管理学院：研究介绍 [学科范围]","https://www.som.zju.edu.cn/2025/0506/c63512a3045953/page.htm","2026-10-04","内容编辑与机制审核，未获逐方向专家签审"
"audit-studies-4","audit-studies","审计证据","资料完整性、评价范围与证据链","accounting","细分核对","确认时点、合并边界与核对底稿","区分经营变化、口径调整与合并变化","合并范围扩大被当成原业务增长","报表变动需要确认和范围背景","浙江大学管理学院：研究介绍 [学科范围]","https://www.som.zju.edu.cn/2025/0506/c63512a3045953/page.htm","2026-10-04","内容编辑与机制审核，未获逐方向专家签审"
"audit-studies-5","audit-studies","审计制度史","资料完整性、评价范围与证据链","accounting","细分核对","确认时点、合并边界与核对底稿","区分经营变化、口径调整与合并变化","合并范围扩大被当成原业务增长","报表变动需要确认和范围背景","浙江大学管理学院：研究介绍 [学科范围]","https://www.som.zju.edu.cn/2025/0506/c63512a3045953/page.htm","2026-10-04","内容编辑与机制审核，未获逐方向专家签审"
"audit-studies-6","audit-studies","审计质量","资料完整性、评价范围与证据链","accounting","细分核对","确认时点、合并边界与核对底稿","区分经营变化、口径调整与合并变化","合并范围扩大被当成原业务增长","报表变动需要确认和范围背景","浙江大学管理学院：研究介绍 [学科范围]","https://www.som.zju.edu.cn/2025/0506/c63512a3045953/page.htm","2026-10-04","内容编辑与机制审核，未获逐方向专家签审"
"audit-studies-7","audit-studies","审计数据评价","资料完整性、评价范围与证据链","accounting","细分核对","确认时点、合并边界与核对底稿","区分经营变化、口径调整与合并变化","合并范围扩大被当成原业务增长","报表变动需要确认和范围背景","浙江大学管理学院：研究介绍 [学科范围]","https://www.som.zju.edu.cn/2025/0506/c63512a3045953/page.htm","2026-10-04","内容编辑与机制审核，未获逐方向专家签审"
"audit-studies-8","audit-studies","审计职业判断","资料完整性、评价范围与证据链","accounting","细分核对","确认时点、合并边界与核对底稿","区分经营变化、口径调整与合并变化","合并范围扩大被当成原业务增长","报表变动需要确认和范围背景","浙江大学管理学院：研究介绍 [学科范围]","https://www.som.zju.edu.cn/2025/0506/c63512a3045953/page.htm","2026-10-04","内容编辑与机制审核，未获逐方向专家签审"
"audit-studies-9","audit-studies","公共审计资料","资料完整性、评价范围与证据链","accounting","细分核对","确认时点、合并边界与核对底稿","区分经营变化、口径调整与合并变化","合并范围扩大被当成原业务增长","报表变动需要确认和范围背景","浙江大学管理学院：研究介绍 [学科范围]","https://www.som.zju.edu.cn/2025/0506/c63512a3045953/page.htm","2026-10-04","内容编辑与机制审核，未获逐方向专家签审"
"audit-studies-10","audit-studies","审计沟通","资料完整性、评价范围与证据链","accounting","细分核对","确认时点、合并边界与核对底稿","区分经营变化、口径调整与合并变化","合并范围扩大被当成原业务增长","报表变动需要确认和范围背景","浙江大学管理学院：研究介绍 [学科范围]","https://www.som.zju.edu.cn/2025/0506/c63512a3045953/page.htm","2026-10-04","内容编辑与机制审核，未获逐方向专家签审"
"audit-studies-11","audit-studies","数字审计研究","资料完整性、评价范围与证据链","accounting","细分核对","确认时点、合并边界与核对底稿","区分经营变化、口径调整与合并变化","合并范围扩大被当成原业务增长","报表变动需要确认和范围背景","浙江大学管理学院：研究介绍 [学科范围]","https://www.som.zju.edu.cn/2025/0506/c63512a3045953/page.htm","2026-10-04","内容编辑与机制审核，未获逐方向专家签审"
"audit-studies-12","audit-studies","审计教育","资料完整性、评价范围与证据链","education","细分核对","确认时点、合并边界与核对底稿","区分经营变化、口径调整与合并变化","合并范围扩大被当成原业务增长","报表变动需要确认和范围背景","北京师范大学：课程与教学研究方向 [学科范围]","https://cter.bnu.edu.cn/docs/2024-05/e0d9749ec02e425eb45aa96fefdadc2a.pdf","2026-10-04","内容编辑与机制审核，未获逐方向专家签审"
"dance-studies-1","dance-studies","舞蹈史","具体场次、记录方式与身体经验","performance","细分核对","排练版本、现场条件与观演记录","区分技法描述、具体场次与接受评价，保留版本变动","一场演出的反应被当作作品在所有场景的表现","现场条件与版本影响需要说明，一场记录不代表全部接受","中央美术学院：人文学院 [相邻学科范围]","https://www.cafa.edu.cn/sp/nljg/?j=151","2026-10-04","内容编辑与机制审核，未获逐方向专家签审"
"dance-studies-2","dance-studies","舞蹈理论","具体场次、记录方式与身体经验","performance","细分核对","排练版本、现场条件与观演记录","区分技法描述、具体场次与接受评价，保留版本变动","一场演出的反应被当作作品在所有场景的表现","现场条件与版本影响需要说明，一场记录不代表全部接受","中央美术学院：人文学院 [相邻学科范围]","https://www.cafa.edu.cn/sp/nljg/?j=151","2026-10-04","内容编辑与机制审核，未获逐方向专家签审"
"dance-studies-3","dance-studies","舞蹈编创","具体场次、记录方式与身体经验","performance","细分核对","排练版本、现场条件与观演记录","区分技法描述、具体场次与接受评价，保留版本变动","一场演出的反应被当作作品在所有场景的表现","现场条件与版本影响需要说明，一场记录不代表全部接受","中央美术学院：人文学院 [相邻学科范围]","https://www.cafa.edu.cn/sp/nljg/?j=151","2026-10-04","内容编辑与机制审核，未获逐方向专家签审"
"dance-studies-4","dance-studies","舞蹈表演","具体场次、记录方式与身体经验","performance","细分核对","排练版本、现场条件与观演记录","区分技法描述、具体场次与接受评价，保留版本变动","一场演出的反应被当作作品在所有场景的表现","现场条件与版本影响需要说明，一场记录不代表全部接受","中央美术学院：人文学院 [相邻学科范围]","https://www.cafa.edu.cn/sp/nljg/?j=151","2026-10-04","内容编辑与机制审核，未获逐方向专家签审"
"dance-studies-5","dance-studies","舞蹈教育","具体场次、记录方式与身体经验","education","共享主题模块","课堂目标、活动记录与学习过程材料","让任务、教学目标与评价对应，保留班级差异","换了老师也换了活动，改善却全归到工具上","课后高分不能独立证明某项教学设计有效","北京师范大学：课程与教学研究方向 [学科范围]","https://cter.bnu.edu.cn/docs/2024-05/e0d9749ec02e425eb45aa96fefdadc2a.pdf","2026-10-04","内容编辑与机制审核，未获逐方向专家签审"
"dance-studies-6","dance-studies","民族民间舞研究","具体场次、记录方式与身体经验","performance","细分核对","排练版本、现场条件与观演记录","区分技法描述、具体场次与接受评价，保留版本变动","一场演出的反应被当作作品在所有场景的表现","现场条件与版本影响需要说明，一场记录不代表全部接受","中央美术学院：人文学院 [相邻学科范围]","https://www.cafa.edu.cn/sp/nljg/?j=151","2026-10-04","内容编辑与机制审核，未获逐方向专家签审"
"dance-studies-7","dance-studies","舞蹈记录","具体场次、记录方式与身体经验","performance","细分核对","排练版本、现场条件与观演记录","区分技法描述、具体场次与接受评价，保留版本变动","一场演出的反应被当作作品在所有场景的表现","现场条件与版本影响需要说明，一场记录不代表全部接受","中央美术学院：人文学院 [相邻学科范围]","https://www.cafa.edu.cn/sp/nljg/?j=151","2026-10-04","内容编辑与机制审核，未获逐方向专家签审"
"dance-studies-8","dance-studies","舞蹈影像","具体场次、记录方式与身体经验","performance","细分核对","排练版本、现场条件与观演记录","区分技法描述、具体场次与接受评价，保留版本变动","一场演出的反应被当作作品在所有场景的表现","现场条件与版本影响需要说明，一场记录不代表全部接受","中央美术学院：人文学院 [相邻学科范围]","https://www.cafa.edu.cn/sp/nljg/?j=151","2026-10-04","内容编辑与机制审核，未获逐方向专家签审"
"dance-studies-9","dance-studies","舞蹈身体经验","具体场次、记录方式与身体经验","performance","细分核对","排练版本、现场条件与观演记录","区分技法描述、具体场次与接受评价，保留版本变动","一场演出的反应被当作作品在所有场景的表现","现场条件与版本影响需要说明，一场记录不代表全部接受","中央美术学院：人文学院 [相邻学科范围]","https://www.cafa.edu.cn/sp/nljg/?j=151","2026-10-04","内容编辑与机制审核，未获逐方向专家签审"
"dance-studies-10","dance-studies","舞蹈观众","具体场次、记录方式与身体经验","performance","细分核对","排练版本、现场条件与观演记录","区分技法描述、具体场次与接受评价，保留版本变动","一场演出的反应被当作作品在所有场景的表现","现场条件与版本影响需要说明，一场记录不代表全部接受","中央美术学院：人文学院 [相邻学科范围]","https://www.cafa.edu.cn/sp/nljg/?j=151","2026-10-04","内容编辑与机制审核，未获逐方向专家签审"
"dance-studies-11","dance-studies","舞蹈与技术","具体场次、记录方式与身体经验","performance","细分核对","排练版本、现场条件与观演记录","区分技法描述、具体场次与接受评价，保留版本变动","一场演出的反应被当作作品在所有场景的表现","现场条件与版本影响需要说明，一场记录不代表全部接受","中央美术学院：人文学院 [相邻学科范围]","https://www.cafa.edu.cn/sp/nljg/?j=151","2026-10-04","内容编辑与机制审核，未获逐方向专家签审"
"dance-studies-12","dance-studies","舞蹈文献","具体场次、记录方式与身体经验","performance","细分核对","排练版本、现场条件与观演记录","区分技法描述、具体场次与接受评价，保留版本变动","一场演出的反应被当作作品在所有场景的表现","现场条件与版本影响需要说明，一场记录不代表全部接受","中央美术学院：人文学院 [相邻学科范围]","https://www.cafa.edu.cn/sp/nljg/?j=151","2026-10-04","内容编辑与机制审核，未获逐方向专家签审"
"opera-studies-1","opera-studies","戏曲史","剧种、场次与传承版本","performance","细分核对","乐谱或脚本版本、演出场次与声场记录","分开作品结构、演绎取舍与现场条件","录音后期处理被当成现场的实际表现","录音成品不能独立代表现场条件","中央美术学院：人文学院 [相邻学科范围]","https://www.cafa.edu.cn/sp/nljg/?j=151","2026-10-04","内容编辑与机制审核，未获逐方向专家签审"
"opera-studies-2","opera-studies","曲艺史","剧种、场次与传承版本","performance","共享主题模块","排练版本、演出条件与听众反馈","区分练习状态、现场条件与审美判断","试演场地和正式演出场地的声音条件不同","一次演出反馈不能代表作品全部接受史","中央美术学院：人文学院 [相邻学科范围]","https://www.cafa.edu.cn/sp/nljg/?j=151","2026-10-04","内容编辑与机制审核，未获逐方向专家签审"
"opera-studies-3","opera-studies","戏曲文本","剧种、场次与传承版本","performance","细分核对","乐谱或脚本版本、演出场次与声场记录","分开作品结构、演绎取舍与现场条件","录音后期处理被当成现场的实际表现","录音成品不能独立代表现场条件","中央美术学院：人文学院 [相邻学科范围]","https://www.cafa.edu.cn/sp/nljg/?j=151","2026-10-04","内容编辑与机制审核，未获逐方向专家签审"
"opera-studies-4","opera-studies","曲艺文本","剧种、场次与传承版本","performance","共享主题模块","排练版本、演出条件与听众反馈","区分练习状态、现场条件与审美判断","试演场地和正式演出场地的声音条件不同","一次演出反馈不能代表作品全部接受史","中央美术学院：人文学院 [相邻学科范围]","https://www.cafa.edu.cn/sp/nljg/?j=151","2026-10-04","内容编辑与机制审核，未获逐方向专家签审"
"opera-studies-5","opera-studies","戏曲表演","剧种、场次与传承版本","performance","细分核对","乐谱或脚本版本、演出场次与声场记录","分开作品结构、演绎取舍与现场条件","录音后期处理被当成现场的实际表现","录音成品不能独立代表现场条件","中央美术学院：人文学院 [相邻学科范围]","https://www.cafa.edu.cn/sp/nljg/?j=151","2026-10-04","内容编辑与机制审核，未获逐方向专家签审"
"opera-studies-6","opera-studies","曲艺表演","剧种、场次与传承版本","performance","细分核对","乐谱或脚本版本、演出场次与声场记录","分开作品结构、演绎取舍与现场条件","录音后期处理被当成现场的实际表现","录音成品不能独立代表现场条件","中央美术学院：人文学院 [相邻学科范围]","https://www.cafa.edu.cn/sp/nljg/?j=151","2026-10-04","内容编辑与机制审核，未获逐方向专家签审"
"opera-studies-7","opera-studies","唱腔资料","剧种、场次与传承版本","performance","共享主题模块","排练版本、演出条件与听众反馈","区分练习状态、现场条件与审美判断","试演场地和正式演出场地的声音条件不同","一次演出反馈不能代表作品全部接受史","中央美术学院：人文学院 [相邻学科范围]","https://www.cafa.edu.cn/sp/nljg/?j=151","2026-10-04","内容编辑与机制审核，未获逐方向专家签审"
"opera-studies-8","opera-studies","程式研究","剧种、场次与传承版本","performance","共享主题模块","排练版本、演出条件与听众反馈","区分练习状态、现场条件与审美判断","试演场地和正式演出场地的声音条件不同","一次演出反馈不能代表作品全部接受史","中央美术学院：人文学院 [相邻学科范围]","https://www.cafa.edu.cn/sp/nljg/?j=151","2026-10-04","内容编辑与机制审核，未获逐方向专家签审"
"opera-studies-9","opera-studies","地方剧种","剧种、场次与传承版本","performance","共享主题模块","排练版本、演出条件与听众反馈","区分练习状态、现场条件与审美判断","试演场地和正式演出场地的声音条件不同","一次演出反馈不能代表作品全部接受史","中央美术学院：人文学院 [相邻学科范围]","https://www.cafa.edu.cn/sp/nljg/?j=151","2026-10-04","内容编辑与机制审核，未获逐方向专家签审"
"opera-studies-10","opera-studies","戏曲教育","剧种、场次与传承版本","education","细分核对","乐谱或脚本版本、演出场次与声场记录","分开作品结构、演绎取舍与现场条件","录音后期处理被当成现场的实际表现","录音成品不能独立代表现场条件","北京师范大学：课程与教学研究方向 [学科范围]","https://cter.bnu.edu.cn/docs/2024-05/e0d9749ec02e425eb45aa96fefdadc2a.pdf","2026-10-04","内容编辑与机制审核，未获逐方向专家签审"
"opera-studies-11","opera-studies","演出档案","剧种、场次与传承版本","performance","共享主题模块","排练版本、演出条件与听众反馈","区分练习状态、现场条件与审美判断","试演场地和正式演出场地的声音条件不同","一次演出反馈不能代表作品全部接受史","中央美术学院：人文学院 [相邻学科范围]","https://www.cafa.edu.cn/sp/nljg/?j=151","2026-10-04","内容编辑与机制审核，未获逐方向专家签审"
"opera-studies-12","opera-studies","戏曲观众","剧种、场次与传承版本","performance","细分核对","乐谱或脚本版本、演出场次与声场记录","分开作品结构、演绎取舍与现场条件","录音后期处理被当成现场的实际表现","录音成品不能独立代表现场条件","中央美术学院：人文学院 [相邻学科范围]","https://www.cafa.edu.cn/sp/nljg/?j=151","2026-10-04","内容编辑与机制审核，未获逐方向专家签审"
"integrated-circuits-1","integrated-circuits","集成电路理论","器件尺度、设计版本与评价工况","cross","细分核对","输入带宽、噪声谱与测量链路","区分器件响应、测量链路与信号处理","滤波后的漂亮曲线被当成器件原始响应","处理后的信号需要保留处理条件","教育部：研究生教育学科专业目录（2022） [分类背景]","https://www.moe.gov.cn/srcsite/A22/moe_833/202209/t20220914_660828.html","2026-10-04","内容编辑与机制审核，未获逐方向专家签审"
"integrated-circuits-2","integrated-circuits","芯片设计资料","器件尺度、设计版本与评价工况","cross","细分核对","输入带宽、噪声谱与测量链路","区分器件响应、测量链路与信号处理","滤波后的漂亮曲线被当成器件原始响应","处理后的信号需要保留处理条件","教育部：研究生教育学科专业目录（2022） [分类背景]","https://www.moe.gov.cn/srcsite/A22/moe_833/202209/t20220914_660828.html","2026-10-04","内容编辑与机制审核，未获逐方向专家签审"
"integrated-circuits-3","integrated-circuits","器件模型评价","器件尺度、设计版本与评价工况","cross","细分核对","输入带宽、噪声谱与测量链路","区分器件响应、测量链路与信号处理","滤波后的漂亮曲线被当成器件原始响应","处理后的信号需要保留处理条件","教育部：研究生教育学科专业目录（2022） [分类背景]","https://www.moe.gov.cn/srcsite/A22/moe_833/202209/t20220914_660828.html","2026-10-04","内容编辑与机制审核，未获逐方向专家签审"
"integrated-circuits-4","integrated-circuits","电路仿真","器件尺度、设计版本与评价工况","cross","细分核对","输入带宽、噪声谱与测量链路","区分器件响应、测量链路与信号处理","滤波后的漂亮曲线被当成器件原始响应","处理后的信号需要保留处理条件","教育部：研究生教育学科专业目录（2022） [分类背景]","https://www.moe.gov.cn/srcsite/A22/moe_833/202209/t20220914_660828.html","2026-10-04","内容编辑与机制审核，未获逐方向专家签审"
"integrated-circuits-5","integrated-circuits","集成电路测量","器件尺度、设计版本与评价工况","cross","细分核对","输入带宽、噪声谱与测量链路","区分器件响应、测量链路与信号处理","滤波后的漂亮曲线被当成器件原始响应","处理后的信号需要保留处理条件","教育部：研究生教育学科专业目录（2022） [分类背景]","https://www.moe.gov.cn/srcsite/A22/moe_833/202209/t20220914_660828.html","2026-10-04","内容编辑与机制审核，未获逐方向专家签审"
"integrated-circuits-6","integrated-circuits","芯片可靠性","器件尺度、设计版本与评价工况","cross","细分核对","输入带宽、噪声谱与测量链路","区分器件响应、测量链路与信号处理","滤波后的漂亮曲线被当成器件原始响应","处理后的信号需要保留处理条件","教育部：研究生教育学科专业目录（2022） [分类背景]","https://www.moe.gov.cn/srcsite/A22/moe_833/202209/t20220914_660828.html","2026-10-04","内容编辑与机制审核，未获逐方向专家签审"
"integrated-circuits-7","integrated-circuits","设计自动化","器件尺度、设计版本与评价工况","cross","细分核对","输入带宽、噪声谱与测量链路","区分器件响应、测量链路与信号处理","滤波后的漂亮曲线被当成器件原始响应","处理后的信号需要保留处理条件","教育部：研究生教育学科专业目录（2022） [分类背景]","https://www.moe.gov.cn/srcsite/A22/moe_833/202209/t20220914_660828.html","2026-10-04","内容编辑与机制审核，未获逐方向专家签审"
"integrated-circuits-8","integrated-circuits","芯片架构评价","器件尺度、设计版本与评价工况","cross","细分核对","输入带宽、噪声谱与测量链路","区分器件响应、测量链路与信号处理","滤波后的漂亮曲线被当成器件原始响应","处理后的信号需要保留处理条件","教育部：研究生教育学科专业目录（2022） [分类背景]","https://www.moe.gov.cn/srcsite/A22/moe_833/202209/t20220914_660828.html","2026-10-04","内容编辑与机制审核，未获逐方向专家签审"
"integrated-circuits-9","integrated-circuits","工艺资料比较","器件尺度、设计版本与评价工况","cross","细分核对","输入带宽、噪声谱与测量链路","区分器件响应、测量链路与信号处理","滤波后的漂亮曲线被当成器件原始响应","处理后的信号需要保留处理条件","教育部：研究生教育学科专业目录（2022） [分类背景]","https://www.moe.gov.cn/srcsite/A22/moe_833/202209/t20220914_660828.html","2026-10-04","内容编辑与机制审核，未获逐方向专家签审"
"integrated-circuits-10","integrated-circuits","芯片能耗评价","器件尺度、设计版本与评价工况","cross","细分核对","输入带宽、噪声谱与测量链路","区分器件响应、测量链路与信号处理","滤波后的漂亮曲线被当成器件原始响应","处理后的信号需要保留处理条件","教育部：研究生教育学科专业目录（2022） [分类背景]","https://www.moe.gov.cn/srcsite/A22/moe_833/202209/t20220914_660828.html","2026-10-04","内容编辑与机制审核，未获逐方向专家签审"
"integrated-circuits-11","integrated-circuits","集成电路史","器件尺度、设计版本与评价工况","cross","细分核对","输入带宽、噪声谱与测量链路","区分器件响应、测量链路与信号处理","滤波后的漂亮曲线被当成器件原始响应","处理后的信号需要保留处理条件","教育部：研究生教育学科专业目录（2022） [分类背景]","https://www.moe.gov.cn/srcsite/A22/moe_833/202209/t20220914_660828.html","2026-10-04","内容编辑与机制审核，未获逐方向专家签审"
"integrated-circuits-12","integrated-circuits","芯片教育","器件尺度、设计版本与评价工况","education","细分核对","输入带宽、噪声谱与测量链路","区分器件响应、测量链路与信号处理","滤波后的漂亮曲线被当成器件原始响应","处理后的信号需要保留处理条件","北京师范大学：课程与教学研究方向 [学科范围]","https://cter.bnu.edu.cn/docs/2024-05/e0d9749ec02e425eb45aa96fefdadc2a.pdf","2026-10-04","内容编辑与机制审核，未获逐方向专家签审"
"national-security-studies-1","national-security-studies","国家安全理论","公开依据、制度语境与判断层次","cross","共享主题模块","两侧对象定义、资料单位与方法接口","分别保留两侧依据，再检查接口是否改变含义","两边同名的指标实际测量不同对象","组合两种方法不自动形成跨学科证据","教育部：研究生教育学科专业目录（2022） [分类背景]","https://www.moe.gov.cn/srcsite/A22/moe_833/202209/t20220914_660828.html","2026-10-04","内容编辑与机制审核，未获逐方向专家签审"
"national-security-studies-2","national-security-studies","安全政策史","公开依据、制度语境与判断层次","cross","共享主题模块","两侧对象定义、资料单位与方法接口","分别保留两侧依据，再检查接口是否改变含义","两边同名的指标实际测量不同对象","组合两种方法不自动形成跨学科证据","教育部：研究生教育学科专业目录（2022） [分类背景]","https://www.moe.gov.cn/srcsite/A22/moe_833/202209/t20220914_660828.html","2026-10-04","内容编辑与机制审核，未获逐方向专家签审"
"national-security-studies-3","national-security-studies","公共风险沟通","公开依据、制度语境与判断层次","cross","共享主题模块","两侧对象定义、资料单位与方法接口","分别保留两侧依据，再检查接口是否改变含义","两边同名的指标实际测量不同对象","组合两种方法不自动形成跨学科证据","教育部：研究生教育学科专业目录（2022） [分类背景]","https://www.moe.gov.cn/srcsite/A22/moe_833/202209/t20220914_660828.html","2026-10-04","内容编辑与机制审核，未获逐方向专家签审"
"national-security-studies-4","national-security-studies","组织协作制度","公开依据、制度语境与判断层次","cross","共享主题模块","两侧对象定义、资料单位与方法接口","分别保留两侧依据，再检查接口是否改变含义","两边同名的指标实际测量不同对象","组合两种方法不自动形成跨学科证据","教育部：研究生教育学科专业目录（2022） [分类背景]","https://www.moe.gov.cn/srcsite/A22/moe_833/202209/t20220914_660828.html","2026-10-04","内容编辑与机制审核，未获逐方向专家签审"
"national-security-studies-5","national-security-studies","社会韧性资料","公开依据、制度语境与判断层次","cross","共享主题模块","两侧对象定义、资料单位与方法接口","分别保留两侧依据，再检查接口是否改变含义","两边同名的指标实际测量不同对象","组合两种方法不自动形成跨学科证据","教育部：研究生教育学科专业目录（2022） [分类背景]","https://www.moe.gov.cn/srcsite/A22/moe_833/202209/t20220914_660828.html","2026-10-04","内容编辑与机制审核，未获逐方向专家签审"
"national-security-studies-6","national-security-studies","安全治理","公开依据、制度语境与判断层次","cross","共享主题模块","两侧对象定义、资料单位与方法接口","分别保留两侧依据，再检查接口是否改变含义","两边同名的指标实际测量不同对象","组合两种方法不自动形成跨学科证据","教育部：研究生教育学科专业目录（2022） [分类背景]","https://www.moe.gov.cn/srcsite/A22/moe_833/202209/t20220914_660828.html","2026-10-04","内容编辑与机制审核，未获逐方向专家签审"
"national-security-studies-7","national-security-studies","国际安全文献","公开依据、制度语境与判断层次","cross","共享主题模块","两侧对象定义、资料单位与方法接口","分别保留两侧依据，再检查接口是否改变含义","两边同名的指标实际测量不同对象","组合两种方法不自动形成跨学科证据","教育部：研究生教育学科专业目录（2022） [分类背景]","https://www.moe.gov.cn/srcsite/A22/moe_833/202209/t20220914_660828.html","2026-10-04","内容编辑与机制审核，未获逐方向专家签审"
"national-security-studies-8","national-security-studies","安全教育","公开依据、制度语境与判断层次","education","共享主题模块","课堂目标、活动记录与学习过程材料","让任务、教学目标与评价对应，保留班级差异","换了老师也换了活动，改善却全归到工具上","课后高分不能独立证明某项教学设计有效","北京师范大学：课程与教学研究方向 [学科范围]","https://cter.bnu.edu.cn/docs/2024-05/e0d9749ec02e425eb45aa96fefdadc2a.pdf","2026-10-04","内容编辑与机制审核，未获逐方向专家签审"
"national-security-studies-9","national-security-studies","安全伦理","公开依据、制度语境与判断层次","cross","共享主题模块","两侧对象定义、资料单位与方法接口","分别保留两侧依据，再检查接口是否改变含义","两边同名的指标实际测量不同对象","组合两种方法不自动形成跨学科证据","教育部：研究生教育学科专业目录（2022） [分类背景]","https://www.moe.gov.cn/srcsite/A22/moe_833/202209/t20220914_660828.html","2026-10-04","内容编辑与机制审核，未获逐方向专家签审"
"national-security-studies-10","national-security-studies","文化与安全","公开依据、制度语境与判断层次","cross","共享主题模块","两侧对象定义、资料单位与方法接口","分别保留两侧依据，再检查接口是否改变含义","两边同名的指标实际测量不同对象","组合两种方法不自动形成跨学科证据","教育部：研究生教育学科专业目录（2022） [分类背景]","https://www.moe.gov.cn/srcsite/A22/moe_833/202209/t20220914_660828.html","2026-10-04","内容编辑与机制审核，未获逐方向专家签审"
"national-security-studies-11","national-security-studies","公开资料质量","公开依据、制度语境与判断层次","cross","共享主题模块","两侧对象定义、资料单位与方法接口","分别保留两侧依据，再检查接口是否改变含义","两边同名的指标实际测量不同对象","组合两种方法不自动形成跨学科证据","教育部：研究生教育学科专业目录（2022） [分类背景]","https://www.moe.gov.cn/srcsite/A22/moe_833/202209/t20220914_660828.html","2026-10-04","内容编辑与机制审核，未获逐方向专家签审"
"national-security-studies-12","national-security-studies","比较安全制度","公开依据、制度语境与判断层次","cross","共享主题模块","两侧对象定义、资料单位与方法接口","分别保留两侧依据，再检查接口是否改变含义","两边同名的指标实际测量不同对象","组合两种方法不自动形成跨学科证据","教育部：研究生教育学科专业目录（2022） [分类背景]","https://www.moe.gov.cn/srcsite/A22/moe_833/202209/t20220914_660828.html","2026-10-04","内容编辑与机制审核，未获逐方向专家签审"
"intelligent-science-1","intelligent-science","智能理论","任务定义、训练评价边界与交互情境","computing","细分核对","对象索引、时间划分与模型选择记录","分开训练、选择与最终评估","反复用于调参的数据仍被称为独立评估","开发集上的提高不独立证明泛化","清华计算机系：科研方向 [学科范围]","https://www.cs.tsinghua.edu.cn/kxyj/kyfx.htm","2026-10-04","内容编辑与机制审核，未获逐方向专家签审"
"intelligent-science-2","intelligent-science","认知计算资料","任务定义、训练评价边界与交互情境","computing","共享主题模块","数据来源、对象划分与外部评估记录","检查训练与评估是否共享对象，核对时间边界","随机划分把同一来源的信息带进了评估","内部高分不等于换场景后仍然可靠","清华计算机系：科研方向 [学科范围]","https://www.cs.tsinghua.edu.cn/kxyj/kyfx.htm","2026-10-04","内容编辑与机制审核，未获逐方向专家签审"
"intelligent-science-3","intelligent-science","机器学习评价","任务定义、训练评价边界与交互情境","computing","细分核对","对象索引、时间划分与模型选择记录","分开训练、选择与最终评估","反复用于调参的数据仍被称为独立评估","开发集上的提高不独立证明泛化","清华计算机系：科研方向 [学科范围]","https://www.cs.tsinghua.edu.cn/kxyj/kyfx.htm","2026-10-04","内容编辑与机制审核，未获逐方向专家签审"
"intelligent-science-4","intelligent-science","智能系统建模","任务定义、训练评价边界与交互情境","computing","细分核对","对象索引、时间划分与模型选择记录","分开训练、选择与最终评估","反复用于调参的数据仍被称为独立评估","开发集上的提高不独立证明泛化","清华计算机系：科研方向 [学科范围]","https://www.cs.tsinghua.edu.cn/kxyj/kyfx.htm","2026-10-04","内容编辑与机制审核，未获逐方向专家签审"
"intelligent-science-5","intelligent-science","智能交互","任务定义、训练评价边界与交互情境","computing","细分核对","对象索引、时间划分与模型选择记录","分开训练、选择与最终评估","反复用于调参的数据仍被称为独立评估","开发集上的提高不独立证明泛化","清华计算机系：科研方向 [学科范围]","https://www.cs.tsinghua.edu.cn/kxyj/kyfx.htm","2026-10-04","内容编辑与机制审核，未获逐方向专家签审"
"intelligent-science-6","intelligent-science","智能感知评价","任务定义、训练评价边界与交互情境","computing","细分核对","对象索引、时间划分与模型选择记录","分开训练、选择与最终评估","反复用于调参的数据仍被称为独立评估","开发集上的提高不独立证明泛化","清华计算机系：科研方向 [学科范围]","https://www.cs.tsinghua.edu.cn/kxyj/kyfx.htm","2026-10-04","内容编辑与机制审核，未获逐方向专家签审"
"intelligent-science-7","intelligent-science","智能决策资料","任务定义、训练评价边界与交互情境","computing","细分核对","对象索引、时间划分与模型选择记录","分开训练、选择与最终评估","反复用于调参的数据仍被称为独立评估","开发集上的提高不独立证明泛化","清华计算机系：科研方向 [学科范围]","https://www.cs.tsinghua.edu.cn/kxyj/kyfx.htm","2026-10-04","内容编辑与机制审核，未获逐方向专家签审"
"intelligent-science-8","intelligent-science","智能系统可靠性","任务定义、训练评价边界与交互情境","computing","细分核对","对象索引、时间划分与模型选择记录","分开训练、选择与最终评估","反复用于调参的数据仍被称为独立评估","开发集上的提高不独立证明泛化","清华计算机系：科研方向 [学科范围]","https://www.cs.tsinghua.edu.cn/kxyj/kyfx.htm","2026-10-04","内容编辑与机制审核，未获逐方向专家签审"
"intelligent-science-9","intelligent-science","智能伦理","任务定义、训练评价边界与交互情境","computing","细分核对","对象索引、时间划分与模型选择记录","分开训练、选择与最终评估","反复用于调参的数据仍被称为独立评估","开发集上的提高不独立证明泛化","清华计算机系：科研方向 [学科范围]","https://www.cs.tsinghua.edu.cn/kxyj/kyfx.htm","2026-10-04","内容编辑与机制审核，未获逐方向专家签审"
"intelligent-science-10","intelligent-science","多模态资料","任务定义、训练评价边界与交互情境","computing","共享主题模块","数据来源、对象划分与外部评估记录","检查训练与评估是否共享对象，核对时间边界","随机划分把同一来源的信息带进了评估","内部高分不等于换场景后仍然可靠","清华计算机系：科研方向 [学科范围]","https://www.cs.tsinghua.edu.cn/kxyj/kyfx.htm","2026-10-04","内容编辑与机制审核，未获逐方向专家签审"
"intelligent-science-11","intelligent-science","智能科学史","任务定义、训练评价边界与交互情境","computing","细分核对","对象索引、时间划分与模型选择记录","分开训练、选择与最终评估","反复用于调参的数据仍被称为独立评估","开发集上的提高不独立证明泛化","清华计算机系：科研方向 [学科范围]","https://www.cs.tsinghua.edu.cn/kxyj/kyfx.htm","2026-10-04","内容编辑与机制审核，未获逐方向专家签审"
"intelligent-science-12","intelligent-science","智能教育","任务定义、训练评价边界与交互情境","education","细分核对","对象索引、时间划分与模型选择记录","分开训练、选择与最终评估","反复用于调参的数据仍被称为独立评估","开发集上的提高不独立证明泛化","北京师范大学：课程与教学研究方向 [学科范围]","https://cter.bnu.edu.cn/docs/2024-05/e0d9749ec02e425eb45aa96fefdadc2a.pdf","2026-10-04","内容编辑与机制审核，未获逐方向专家签审"
"nano-science-1","nano-science","纳米材料资料","尺度、批次与表征条件","cross","细分核对","结构表征、响应曲线与有限尺寸记录","区分结构关联、仪器背景与机制预测","一条响应曲线被当成唯一机制的证明","同一响应可能有多个微观解释","教育部：研究生教育学科专业目录（2022） [分类背景]","https://www.moe.gov.cn/srcsite/A22/moe_833/202209/t20220914_660828.html","2026-10-04","内容编辑与机制审核，未获逐方向专家签审"
"nano-science-2","nano-science","纳米结构测量","尺度、批次与表征条件","cross","细分核对","结构表征、响应曲线与有限尺寸记录","区分结构关联、仪器背景与机制预测","一条响应曲线被当成唯一机制的证明","同一响应可能有多个微观解释","教育部：研究生教育学科专业目录（2022） [分类背景]","https://www.moe.gov.cn/srcsite/A22/moe_833/202209/t20220914_660828.html","2026-10-04","内容编辑与机制审核，未获逐方向专家签审"
"nano-science-3","nano-science","纳米光学","尺度、批次与表征条件","cross","细分核对","结构表征、响应曲线与有限尺寸记录","区分结构关联、仪器背景与机制预测","一条响应曲线被当成唯一机制的证明","同一响应可能有多个微观解释","教育部：研究生教育学科专业目录（2022） [分类背景]","https://www.moe.gov.cn/srcsite/A22/moe_833/202209/t20220914_660828.html","2026-10-04","内容编辑与机制审核，未获逐方向专家签审"
"nano-science-4","nano-science","纳米电子资料","尺度、批次与表征条件","cross","细分核对","结构表征、响应曲线与有限尺寸记录","区分结构关联、仪器背景与机制预测","一条响应曲线被当成唯一机制的证明","同一响应可能有多个微观解释","教育部：研究生教育学科专业目录（2022） [分类背景]","https://www.moe.gov.cn/srcsite/A22/moe_833/202209/t20220914_660828.html","2026-10-04","内容编辑与机制审核，未获逐方向专家签审"
"nano-science-5","nano-science","纳米力学","尺度、批次与表征条件","cross","细分核对","结构表征、响应曲线与有限尺寸记录","区分结构关联、仪器背景与机制预测","一条响应曲线被当成唯一机制的证明","同一响应可能有多个微观解释","教育部：研究生教育学科专业目录（2022） [分类背景]","https://www.moe.gov.cn/srcsite/A22/moe_833/202209/t20220914_660828.html","2026-10-04","内容编辑与机制审核，未获逐方向专家签审"
"nano-science-6","nano-science","纳米界面","尺度、批次与表征条件","cross","细分核对","结构表征、响应曲线与有限尺寸记录","区分结构关联、仪器背景与机制预测","一条响应曲线被当成唯一机制的证明","同一响应可能有多个微观解释","教育部：研究生教育学科专业目录（2022） [分类背景]","https://www.moe.gov.cn/srcsite/A22/moe_833/202209/t20220914_660828.html","2026-10-04","内容编辑与机制审核，未获逐方向专家签审"
"nano-science-7","nano-science","纳米能源资料","尺度、批次与表征条件","cross","细分核对","结构表征、响应曲线与有限尺寸记录","区分结构关联、仪器背景与机制预测","一条响应曲线被当成唯一机制的证明","同一响应可能有多个微观解释","教育部：研究生教育学科专业目录（2022） [分类背景]","https://www.moe.gov.cn/srcsite/A22/moe_833/202209/t20220914_660828.html","2026-10-04","内容编辑与机制审核，未获逐方向专家签审"
"nano-science-8","nano-science","纳米生物资料","尺度、批次与表征条件","cross","细分核对","结构表征、响应曲线与有限尺寸记录","区分结构关联、仪器背景与机制预测","一条响应曲线被当成唯一机制的证明","同一响应可能有多个微观解释","教育部：研究生教育学科专业目录（2022） [分类背景]","https://www.moe.gov.cn/srcsite/A22/moe_833/202209/t20220914_660828.html","2026-10-04","内容编辑与机制审核，未获逐方向专家签审"
"nano-science-9","nano-science","纳米材料评价","尺度、批次与表征条件","cross","细分核对","结构表征、响应曲线与有限尺寸记录","区分结构关联、仪器背景与机制预测","一条响应曲线被当成唯一机制的证明","同一响应可能有多个微观解释","教育部：研究生教育学科专业目录（2022） [分类背景]","https://www.moe.gov.cn/srcsite/A22/moe_833/202209/t20220914_660828.html","2026-10-04","内容编辑与机制审核，未获逐方向专家签审"
"nano-science-10","nano-science","尺度效应","尺度、批次与表征条件","cross","共享主题模块","两侧对象定义、资料单位与方法接口","分别保留两侧依据，再检查接口是否改变含义","两边同名的指标实际测量不同对象","组合两种方法不自动形成跨学科证据","教育部：研究生教育学科专业目录（2022） [分类背景]","https://www.moe.gov.cn/srcsite/A22/moe_833/202209/t20220914_660828.html","2026-10-04","内容编辑与机制审核，未获逐方向专家签审"
"nano-science-11","nano-science","纳米科学史","尺度、批次与表征条件","cross","细分核对","结构表征、响应曲线与有限尺寸记录","区分结构关联、仪器背景与机制预测","一条响应曲线被当成唯一机制的证明","同一响应可能有多个微观解释","教育部：研究生教育学科专业目录（2022） [分类背景]","https://www.moe.gov.cn/srcsite/A22/moe_833/202209/t20220914_660828.html","2026-10-04","内容编辑与机制审核，未获逐方向专家签审"
"nano-science-12","nano-science","纳米测量质量","尺度、批次与表征条件","cross","细分核对","结构表征、响应曲线与有限尺寸记录","区分结构关联、仪器背景与机制预测","一条响应曲线被当成唯一机制的证明","同一响应可能有多个微观解释","教育部：研究生教育学科专业目录（2022） [分类背景]","https://www.moe.gov.cn/srcsite/A22/moe_833/202209/t20220914_660828.html","2026-10-04","内容编辑与机制审核，未获逐方向专家签审"
"area-studies-1","area-studies","区域历史","语言语境、比较单位与材料范围","area-studies","细分核对","当地术语、数字编码与不同来源叙述","保留两侧对象定义和编码时丢失的语境","同一编码覆盖了当地含义不同的经验","可计算的同名标签不证明对象相同","教育部：研究生教育学科专业目录（2022） [分类背景]","https://www.moe.gov.cn/srcsite/A22/moe_833/202209/t20220914_660828.html","2026-10-04","内容编辑与机制审核，未获逐方向专家签审"
"area-studies-2","area-studies","国别政治资料","语言语境、比较单位与材料范围","area-studies","细分核对","当地术语、数字编码与不同来源叙述","保留两侧对象定义和编码时丢失的语境","同一编码覆盖了当地含义不同的经验","可计算的同名标签不证明对象相同","教育部：研究生教育学科专业目录（2022） [分类背景]","https://www.moe.gov.cn/srcsite/A22/moe_833/202209/t20220914_660828.html","2026-10-04","内容编辑与机制审核，未获逐方向专家签审"
"area-studies-3","area-studies","区域经济","语言语境、比较单位与材料范围","area-studies","细分核对","当地术语、数字编码与不同来源叙述","保留两侧对象定义和编码时丢失的语境","同一编码覆盖了当地含义不同的经验","可计算的同名标签不证明对象相同","教育部：研究生教育学科专业目录（2022） [分类背景]","https://www.moe.gov.cn/srcsite/A22/moe_833/202209/t20220914_660828.html","2026-10-04","内容编辑与机制审核，未获逐方向专家签审"
"area-studies-4","area-studies","区域文化","语言语境、比较单位与材料范围","area-studies","细分核对","当地术语、数字编码与不同来源叙述","保留两侧对象定义和编码时丢失的语境","同一编码覆盖了当地含义不同的经验","可计算的同名标签不证明对象相同","教育部：研究生教育学科专业目录（2022） [分类背景]","https://www.moe.gov.cn/srcsite/A22/moe_833/202209/t20220914_660828.html","2026-10-04","内容编辑与机制审核，未获逐方向专家签审"
"area-studies-5","area-studies","区域语言","语言语境、比较单位与材料范围","area-studies","细分核对","当地术语、数字编码与不同来源叙述","保留两侧对象定义和编码时丢失的语境","同一编码覆盖了当地含义不同的经验","可计算的同名标签不证明对象相同","教育部：研究生教育学科专业目录（2022） [分类背景]","https://www.moe.gov.cn/srcsite/A22/moe_833/202209/t20220914_660828.html","2026-10-04","内容编辑与机制审核，未获逐方向专家签审"
"area-studies-6","area-studies","区域社会","语言语境、比较单位与材料范围","area-studies","细分核对","当地术语、数字编码与不同来源叙述","保留两侧对象定义和编码时丢失的语境","同一编码覆盖了当地含义不同的经验","可计算的同名标签不证明对象相同","教育部：研究生教育学科专业目录（2022） [分类背景]","https://www.moe.gov.cn/srcsite/A22/moe_833/202209/t20220914_660828.html","2026-10-04","内容编辑与机制审核，未获逐方向专家签审"
"area-studies-7","area-studies","国别文献","语言语境、比较单位与材料范围","area-studies","细分核对","当地术语、数字编码与不同来源叙述","保留两侧对象定义和编码时丢失的语境","同一编码覆盖了当地含义不同的经验","可计算的同名标签不证明对象相同","教育部：研究生教育学科专业目录（2022） [分类背景]","https://www.moe.gov.cn/srcsite/A22/moe_833/202209/t20220914_660828.html","2026-10-04","内容编辑与机制审核，未获逐方向专家签审"
"area-studies-8","area-studies","跨区域比较","语言语境、比较单位与材料范围","area-studies","细分核对","当地术语、数字编码与不同来源叙述","保留两侧对象定义和编码时丢失的语境","同一编码覆盖了当地含义不同的经验","可计算的同名标签不证明对象相同","教育部：研究生教育学科专业目录（2022） [分类背景]","https://www.moe.gov.cn/srcsite/A22/moe_833/202209/t20220914_660828.html","2026-10-04","内容编辑与机制审核，未获逐方向专家签审"
"area-studies-9","area-studies","区域组织","语言语境、比较单位与材料范围","area-studies","细分核对","当地术语、数字编码与不同来源叙述","保留两侧对象定义和编码时丢失的语境","同一编码覆盖了当地含义不同的经验","可计算的同名标签不证明对象相同","教育部：研究生教育学科专业目录（2022） [分类背景]","https://www.moe.gov.cn/srcsite/A22/moe_833/202209/t20220914_660828.html","2026-10-04","内容编辑与机制审核，未获逐方向专家签审"
"area-studies-10","area-studies","地区教育","语言语境、比较单位与材料范围","education","共享主题模块","课堂目标、活动记录与学习过程材料","让任务、教学目标与评价对应，保留班级差异","换了老师也换了活动，改善却全归到工具上","课后高分不能独立证明某项教学设计有效","北京师范大学：课程与教学研究方向 [学科范围]","https://cter.bnu.edu.cn/docs/2024-05/e0d9749ec02e425eb45aa96fefdadc2a.pdf","2026-10-04","内容编辑与机制审核，未获逐方向专家签审"
"area-studies-11","area-studies","区域档案","语言语境、比较单位与材料范围","area-studies","细分核对","当地术语、数字编码与不同来源叙述","保留两侧对象定义和编码时丢失的语境","同一编码覆盖了当地含义不同的经验","可计算的同名标签不证明对象相同","教育部：研究生教育学科专业目录（2022） [分类背景]","https://www.moe.gov.cn/srcsite/A22/moe_833/202209/t20220914_660828.html","2026-10-04","内容编辑与机制审核，未获逐方向专家签审"
"area-studies-12","area-studies","区域研究方法","语言语境、比较单位与材料范围","area-studies","细分核对","当地术语、数字编码与不同来源叙述","保留两侧对象定义和编码时丢失的语境","同一编码覆盖了当地含义不同的经验","可计算的同名标签不证明对象相同","教育部：研究生教育学科专业目录（2022） [分类背景]","https://www.moe.gov.cn/srcsite/A22/moe_833/202209/t20220914_660828.html","2026-10-04","内容编辑与机制审核，未获逐方向专家签审"
"cryptography-studies-1","cryptography-studies","密码数学","安全模型、数学前提与公开评价条件","cryptography","共享主题模块","安全定义、攻击者假设与证明步骤","逐项核对安全游戏和归约所需条件","结论用了比开头更弱的攻击者模型","某个安全模型下的证明不能直接保证所有部署情境","清华计算机系：科研方向 [学科范围]；MIT开放课程：实分析与证明训练 [基础方法课程]","https://www.cs.tsinghua.edu.cn/kxyj/kyfx.htm；https://www.ocw.mit.edu/courses/18-100c-real-analysis-fall-2012/","2026-10-04","内容编辑与机制审核，未获逐方向专家签审"
"cryptography-studies-2","cryptography-studies","密码协议形式分析","安全模型、数学前提与公开评价条件","cryptography","共享主题模块","安全定义、攻击者假设与证明步骤","逐项核对安全游戏和归约所需条件","结论用了比开头更弱的攻击者模型","某个安全模型下的证明不能直接保证所有部署情境","清华计算机系：科研方向 [学科范围]；MIT开放课程：实分析与证明训练 [基础方法课程]","https://www.cs.tsinghua.edu.cn/kxyj/kyfx.htm；https://www.ocw.mit.edu/courses/18-100c-real-analysis-fall-2012/","2026-10-04","内容编辑与机制审核，未获逐方向专家签审"
"cryptography-studies-3","cryptography-studies","密码模型","安全模型、数学前提与公开评价条件","cryptography","共享主题模块","安全定义、攻击者假设与证明步骤","逐项核对安全游戏和归约所需条件","结论用了比开头更弱的攻击者模型","某个安全模型下的证明不能直接保证所有部署情境","清华计算机系：科研方向 [学科范围]；MIT开放课程：实分析与证明训练 [基础方法课程]","https://www.cs.tsinghua.edu.cn/kxyj/kyfx.htm；https://www.ocw.mit.edu/courses/18-100c-real-analysis-fall-2012/","2026-10-04","内容编辑与机制审核，未获逐方向专家签审"
"cryptography-studies-4","cryptography-studies","密码标准史","安全模型、数学前提与公开评价条件","cryptography","共享主题模块","安全定义、攻击者假设与证明步骤","逐项核对安全游戏和归约所需条件","结论用了比开头更弱的攻击者模型","某个安全模型下的证明不能直接保证所有部署情境","清华计算机系：科研方向 [学科范围]；MIT开放课程：实分析与证明训练 [基础方法课程]","https://www.cs.tsinghua.edu.cn/kxyj/kyfx.htm；https://www.ocw.mit.edu/courses/18-100c-real-analysis-fall-2012/","2026-10-04","内容编辑与机制审核，未获逐方向专家签审"
"cryptography-studies-5","cryptography-studies","密码算法公开评价","安全模型、数学前提与公开评价条件","cryptography","共享主题模块","安全定义、攻击者假设与证明步骤","逐项核对安全游戏和归约所需条件","结论用了比开头更弱的攻击者模型","某个安全模型下的证明不能直接保证所有部署情境","清华计算机系：科研方向 [学科范围]；MIT开放课程：实分析与证明训练 [基础方法课程]","https://www.cs.tsinghua.edu.cn/kxyj/kyfx.htm；https://www.ocw.mit.edu/courses/18-100c-real-analysis-fall-2012/","2026-10-04","内容编辑与机制审核，未获逐方向专家签审"
"cryptography-studies-6","cryptography-studies","密码工程资料","安全模型、数学前提与公开评价条件","cryptography","共享主题模块","安全定义、攻击者假设与证明步骤","逐项核对安全游戏和归约所需条件","结论用了比开头更弱的攻击者模型","某个安全模型下的证明不能直接保证所有部署情境","清华计算机系：科研方向 [学科范围]；MIT开放课程：实分析与证明训练 [基础方法课程]","https://www.cs.tsinghua.edu.cn/kxyj/kyfx.htm；https://www.ocw.mit.edu/courses/18-100c-real-analysis-fall-2012/","2026-10-04","内容编辑与机制审核，未获逐方向专家签审"
"cryptography-studies-7","cryptography-studies","密码可用性","安全模型、数学前提与公开评价条件","cryptography","共享主题模块","安全定义、攻击者假设与证明步骤","逐项核对安全游戏和归约所需条件","结论用了比开头更弱的攻击者模型","某个安全模型下的证明不能直接保证所有部署情境","清华计算机系：科研方向 [学科范围]；MIT开放课程：实分析与证明训练 [基础方法课程]","https://www.cs.tsinghua.edu.cn/kxyj/kyfx.htm；https://www.ocw.mit.edu/courses/18-100c-real-analysis-fall-2012/","2026-10-04","内容编辑与机制审核，未获逐方向专家签审"
"cryptography-studies-8","cryptography-studies","密码教育","安全模型、数学前提与公开评价条件","education","共享主题模块","课堂目标、活动记录与学习过程材料","让任务、教学目标与评价对应，保留班级差异","换了老师也换了活动，改善却全归到工具上","课后高分不能独立证明某项教学设计有效","北京师范大学：课程与教学研究方向 [学科范围]","https://cter.bnu.edu.cn/docs/2024-05/e0d9749ec02e425eb45aa96fefdadc2a.pdf","2026-10-04","内容编辑与机制审核，未获逐方向专家签审"
"cryptography-studies-9","cryptography-studies","密码伦理","安全模型、数学前提与公开评价条件","cryptography","共享主题模块","安全定义、攻击者假设与证明步骤","逐项核对安全游戏和归约所需条件","结论用了比开头更弱的攻击者模型","某个安全模型下的证明不能直接保证所有部署情境","清华计算机系：科研方向 [学科范围]；MIT开放课程：实分析与证明训练 [基础方法课程]","https://www.cs.tsinghua.edu.cn/kxyj/kyfx.htm；https://www.ocw.mit.edu/courses/18-100c-real-analysis-fall-2012/","2026-10-04","内容编辑与机制审核，未获逐方向专家签审"
"cryptography-studies-10","cryptography-studies","隐私保护理论","安全模型、数学前提与公开评价条件","heritage","共享主题模块","对象来源、保存状态与展示解释","区分保存目标、展示叙事与使用者理解","展示采用的复原想象被游客当成确定历史","复原与展示解释需要标明依据和不确定性","北京大学：科技考古教研室 [学科范围]；中央美术学院：人文学院 [相邻学科范围]","https://archaeology.pku.edu.cn/szdw/jxky1/jys/kjkgjys.htm；https://www.cafa.edu.cn/sp/nljg/?j=151","2026-10-04","内容编辑与机制审核，未获逐方向专家签审"
"cryptography-studies-11","cryptography-studies","密码资料复现","安全模型、数学前提与公开评价条件","cryptography","共享主题模块","安全定义、攻击者假设与证明步骤","逐项核对安全游戏和归约所需条件","结论用了比开头更弱的攻击者模型","某个安全模型下的证明不能直接保证所有部署情境","清华计算机系：科研方向 [学科范围]；MIT开放课程：实分析与证明训练 [基础方法课程]","https://www.cs.tsinghua.edu.cn/kxyj/kyfx.htm；https://www.ocw.mit.edu/courses/18-100c-real-analysis-fall-2012/","2026-10-04","内容编辑与机制审核，未获逐方向专家签审"
"cryptography-studies-12","cryptography-studies","密码史","安全模型、数学前提与公开评价条件","cryptography","共享主题模块","安全定义、攻击者假设与证明步骤","逐项核对安全游戏和归约所需条件","结论用了比开头更弱的攻击者模型","某个安全模型下的证明不能直接保证所有部署情境","清华计算机系：科研方向 [学科范围]；MIT开放课程：实分析与证明训练 [基础方法课程]","https://www.cs.tsinghua.edu.cn/kxyj/kyfx.htm；https://www.ocw.mit.edu/courses/18-100c-real-analysis-fall-2012/","2026-10-04","内容编辑与机制审核，未获逐方向专家签审"
"heritage-conservation-1","heritage-conservation","文物材料资料","材料年代、保存条件与保护记录","heritage","共享主题模块","对象来源、保存状态与展示解释","区分保存目标、展示叙事与使用者理解","展示采用的复原想象被游客当成确定历史","复原与展示解释需要标明依据和不确定性","北京大学：科技考古教研室 [学科范围]；中央美术学院：人文学院 [相邻学科范围]","https://archaeology.pku.edu.cn/szdw/jxky1/jys/kjkgjys.htm；https://www.cafa.edu.cn/sp/nljg/?j=151","2026-10-04","内容编辑与机制审核，未获逐方向专家签审"
"heritage-conservation-2","heritage-conservation","文物病害记录","材料年代、保存条件与保护记录","heritage","共享主题模块","对象来源、保存状态与展示解释","区分保存目标、展示叙事与使用者理解","展示采用的复原想象被游客当成确定历史","复原与展示解释需要标明依据和不确定性","北京大学：科技考古教研室 [学科范围]；中央美术学院：人文学院 [相邻学科范围]","https://archaeology.pku.edu.cn/szdw/jxky1/jys/kjkgjys.htm；https://www.cafa.edu.cn/sp/nljg/?j=151","2026-10-04","内容编辑与机制审核，未获逐方向专家签审"
"heritage-conservation-3","heritage-conservation","文物保护史","材料年代、保存条件与保护记录","heritage","细分核对","藏品来源、修复记录与展签版本","区分原物、后加修复与展示推测","现代修复的部件被当成原有结构","展示完整性不等于历史证据完整性","北京大学：科技考古教研室 [学科范围]；中央美术学院：人文学院 [相邻学科范围]","https://archaeology.pku.edu.cn/szdw/jxky1/jys/kjkgjys.htm；https://www.cafa.edu.cn/sp/nljg/?j=151","2026-10-04","内容编辑与机制审核，未获逐方向专家签审"
"heritage-conservation-4","heritage-conservation","文物展示","材料年代、保存条件与保护记录","heritage","共享主题模块","对象来源、保存状态与展示解释","区分保存目标、展示叙事与使用者理解","展示采用的复原想象被游客当成确定历史","复原与展示解释需要标明依据和不确定性","北京大学：科技考古教研室 [学科范围]；中央美术学院：人文学院 [相邻学科范围]","https://archaeology.pku.edu.cn/szdw/jxky1/jys/kjkgjys.htm；https://www.cafa.edu.cn/sp/nljg/?j=151","2026-10-04","内容编辑与机制审核，未获逐方向专家签审"
"heritage-conservation-5","heritage-conservation","文物数字记录","材料年代、保存条件与保护记录","heritage","共享主题模块","对象来源、保存状态与展示解释","区分保存目标、展示叙事与使用者理解","展示采用的复原想象被游客当成确定历史","复原与展示解释需要标明依据和不确定性","北京大学：科技考古教研室 [学科范围]；中央美术学院：人文学院 [相邻学科范围]","https://archaeology.pku.edu.cn/szdw/jxky1/jys/kjkgjys.htm；https://www.cafa.edu.cn/sp/nljg/?j=151","2026-10-04","内容编辑与机制审核，未获逐方向专家签审"
"heritage-conservation-6","heritage-conservation","保护评价","材料年代、保存条件与保护记录","heritage","细分核对","藏品来源、修复记录与展签版本","区分原物、后加修复与展示推测","现代修复的部件被当成原有结构","展示完整性不等于历史证据完整性","北京大学：科技考古教研室 [学科范围]；中央美术学院：人文学院 [相邻学科范围]","https://archaeology.pku.edu.cn/szdw/jxky1/jys/kjkgjys.htm；https://www.cafa.edu.cn/sp/nljg/?j=151","2026-10-04","内容编辑与机制审核，未获逐方向专家签审"
"heritage-conservation-7","heritage-conservation","文物来源","材料年代、保存条件与保护记录","heritage","共享主题模块","对象来源、保存状态与展示解释","区分保存目标、展示叙事与使用者理解","展示采用的复原想象被游客当成确定历史","复原与展示解释需要标明依据和不确定性","北京大学：科技考古教研室 [学科范围]；中央美术学院：人文学院 [相邻学科范围]","https://archaeology.pku.edu.cn/szdw/jxky1/jys/kjkgjys.htm；https://www.cafa.edu.cn/sp/nljg/?j=151","2026-10-04","内容编辑与机制审核，未获逐方向专家签审"
"heritage-conservation-8","heritage-conservation","文物环境资料","材料年代、保存条件与保护记录","heritage","共享主题模块","对象来源、保存状态与展示解释","区分保存目标、展示叙事与使用者理解","展示采用的复原想象被游客当成确定历史","复原与展示解释需要标明依据和不确定性","北京大学：科技考古教研室 [学科范围]；中央美术学院：人文学院 [相邻学科范围]","https://archaeology.pku.edu.cn/szdw/jxky1/jys/kjkgjys.htm；https://www.cafa.edu.cn/sp/nljg/?j=151","2026-10-04","内容编辑与机制审核，未获逐方向专家签审"
"heritage-conservation-9","heritage-conservation","文物管理","材料年代、保存条件与保护记录","heritage","共享主题模块","对象来源、保存状态与展示解释","区分保存目标、展示叙事与使用者理解","展示采用的复原想象被游客当成确定历史","复原与展示解释需要标明依据和不确定性","北京大学：科技考古教研室 [学科范围]；中央美术学院：人文学院 [相邻学科范围]","https://archaeology.pku.edu.cn/szdw/jxky1/jys/kjkgjys.htm；https://www.cafa.edu.cn/sp/nljg/?j=151","2026-10-04","内容编辑与机制审核，未获逐方向专家签审"
"heritage-conservation-10","heritage-conservation","文物伦理","材料年代、保存条件与保护记录","heritage","共享主题模块","对象来源、保存状态与展示解释","区分保存目标、展示叙事与使用者理解","展示采用的复原想象被游客当成确定历史","复原与展示解释需要标明依据和不确定性","北京大学：科技考古教研室 [学科范围]；中央美术学院：人文学院 [相邻学科范围]","https://archaeology.pku.edu.cn/szdw/jxky1/jys/kjkgjys.htm；https://www.cafa.edu.cn/sp/nljg/?j=151","2026-10-04","内容编辑与机制审核，未获逐方向专家签审"
"heritage-conservation-11","heritage-conservation","文物教育","材料年代、保存条件与保护记录","education","共享主题模块","课堂目标、活动记录与学习过程材料","让任务、教学目标与评价对应，保留班级差异","换了老师也换了活动，改善却全归到工具上","课后高分不能独立证明某项教学设计有效","北京师范大学：课程与教学研究方向 [学科范围]","https://cter.bnu.edu.cn/docs/2024-05/e0d9749ec02e425eb45aa96fefdadc2a.pdf","2026-10-04","内容编辑与机制审核，未获逐方向专家签审"
"heritage-conservation-12","heritage-conservation","文物跨学科比较","材料年代、保存条件与保护记录","heritage","共享主题模块","对象来源、保存状态与展示解释","区分保存目标、展示叙事与使用者理解","展示采用的复原想象被游客当成确定历史","复原与展示解释需要标明依据和不确定性","北京大学：科技考古教研室 [学科范围]；中央美术学院：人文学院 [相邻学科范围]","https://archaeology.pku.edu.cn/szdw/jxky1/jys/kjkgjys.htm；https://www.cafa.edu.cn/sp/nljg/?j=151","2026-10-04","内容编辑与机制审核，未获逐方向专家签审"
"pharmacy-10","pharmacy","心血管药理学","心脏收缩、血管张力与药物作用","pharma","细分核对","心脏与血管功能记录、受体作用资料和暴露信息","区分直接心肌作用、血管作用与负荷改变","血压下降被直接写成心肌功能改善","血流动力学变化不能单独证明心肌保护或长期获益","ASPET：药理学知识目标（2022） [研究领域与基础概念背景；不验证游戏虚构案例]","https://www.aspet.org/docs/default-source/education-files/pharmacology-knowledge-objectives-2022-final.pdf","2026-10-05","内容编辑与机制审核，未获逐方向专家签审"
"pharmacy-11","pharmacy","肾脏药理学","肾脏转运、功能状态与药物处置","pharma","细分核对","肾功能时序、转运体资料与药物暴露记录","把肾功能变化、药物清除改变和药效分开比较","暴露升高引起的反应增强被写成靶点更加敏感","清除下降不等于作用靶点改变，短期指标变化不等于肾脏保护","ASPET：药理学知识目标（2022） [研究领域与基础概念背景；不验证游戏虚构案例]","https://www.aspet.org/docs/default-source/education-files/pharmacology-knowledge-objectives-2022-final.pdf","2026-10-05","内容编辑与机制审核，未获逐方向专家签审"
"pharmacy-12","pharmacy","神经药理学","中枢作用、行为表现与脑内暴露","pharma","细分核对","脑内暴露资料、受体证据与行为任务记录","分开目标行为、运动能力和镇静表现","运动减少被当成目标症状改善","行为变化不能独立定位受体机制，也不能把镇静等同治疗获益","ASPET：药理学知识目标（2022） [研究领域与基础概念背景；不验证游戏虚构案例]","https://www.aspet.org/docs/default-source/education-files/pharmacology-knowledge-objectives-2022-final.pdf","2026-10-05","内容编辑与机制审核，未获逐方向专家签审"
"pharmacy-13","pharmacy","内分泌与代谢药理学","激素反馈、代谢状态与药物反应","pharma","细分核对","激素时序、代谢指标与进食和体重记录","比较指标变化与摄食、体重及反馈状态","摄食减少后出现的指标改善全部归给直接代谢作用","单个代谢指标不能代表完整代谢改善或长期安全","ASPET：药理学知识目标（2022） [研究领域与基础概念背景；不验证游戏虚构案例]","https://www.aspet.org/docs/default-source/education-files/pharmacology-knowledge-objectives-2022-final.pdf","2026-10-05","内容编辑与机制审核，未获逐方向专家签审"
"pharmacy-14","pharmacy","肿瘤药理学","药物响应、细胞状态与模型外推","pharma","细分核对","模型来源、药物暴露与生长反应资料","分开一般毒性、目标作用和不同模型的敏感性","所有细胞生长下降都被称为肿瘤选择性作用","生长抑制不独立证明靶向性，也不能替代患者疗效","ASPET：药理学知识目标（2022） [研究领域与基础概念背景；不验证游戏虚构案例]","https://www.aspet.org/docs/default-source/education-files/pharmacology-knowledge-objectives-2022-final.pdf","2026-10-05","内容编辑与机制审核，未获逐方向专家签审"
"pharmacy-15","pharmacy","免疫药理学","免疫状态、细胞组成与药物作用","pharma","细分核对","免疫细胞构成、功能指标与作用证据","区分细胞数量变化与单个细胞功能变化","细胞构成改变造成的信号下降被写成单细胞功能抑制","总信号变化不能直接代表每类细胞的功能改变","ASPET：药理学知识目标（2022） [研究领域与基础概念背景；不验证游戏虚构案例]","https://www.aspet.org/docs/default-source/education-files/pharmacology-knowledge-objectives-2022-final.pdf","2026-10-05","内容编辑与机制审核，未获逐方向专家签审"
"pharmacy-16","pharmacy","炎症与镇痛药理学","炎症反应、疼痛表现与运动状态","pharma","细分核对","疼痛行为、炎症指标和运动状态记录","分别评价疼痛、炎症和活动能力","活动减少同时降低了疼痛任务反应却被写成镇痛","疼痛表现、炎症变化与功能恢复是不同评价层次","ASPET：药理学知识目标（2022） [研究领域与基础概念背景；不验证游戏虚构案例]","https://www.aspet.org/docs/default-source/education-files/pharmacology-knowledge-objectives-2022-final.pdf","2026-10-05","内容编辑与机制审核，未获逐方向专家签审"
"pharmacy-17","pharmacy","呼吸药理学","气道反应、炎症状态与呼吸功能","pharma","细分核对","气道功能、炎症资料和观察条件","分开气道舒张、炎症变化与肺结构改变","短期气道舒张被写成肺结构已经恢复","短期气道功能改变不能代表结构恢复或长期结局","ASPET：药理学知识目标（2022） [研究领域与基础概念背景；不验证游戏虚构案例]","https://www.aspet.org/docs/default-source/education-files/pharmacology-knowledge-objectives-2022-final.pdf","2026-10-05","内容编辑与机制审核，未获逐方向专家签审"
"pharmacy-18","pharmacy","消化药理学","胃肠动力、分泌与症状表现","pharma","细分核对","动力和分泌指标、进食资料与症状记录","核对作用时段并区分动力、分泌与症状","进食改变造成的症状差异被归给直接动力作用","症状改善不能独立证明动力或分泌机制","ASPET：药理学知识目标（2022） [研究领域与基础概念背景；不验证游戏虚构案例]","https://www.aspet.org/docs/default-source/education-files/pharmacology-knowledge-objectives-2022-final.pdf","2026-10-05","内容编辑与机制审核，未获逐方向专家签审"
"pharmacy-19","pharmacy","自主神经药理学","受体选择性、效能与器官反应","pharma","细分核对","受体作用资料、器官功能与背景张力记录","分开亲和力、效能和组织背景","一个组织反应较强被称为更高受体亲和力","组织效应大小不能直接替代亲和力或选择性","ASPET：药理学知识目标（2022） [研究领域与基础概念背景；不验证游戏虚构案例]","https://www.aspet.org/docs/default-source/education-files/pharmacology-knowledge-objectives-2022-final.pdf","2026-10-05","内容编辑与机制审核，未获逐方向专家签审"
"pharmacy-20","pharmacy","血栓与止血药理学","血小板、凝血与出血风险","pharma","细分核对","血小板功能、凝血资料和安全性观察","分别解释血小板作用、凝血过程和出血表现","一个凝血指标改变被写成所有抗栓作用均成立","抗栓信号与出血风险必须分别评价","ASPET：药理学知识目标（2022） [研究领域与基础概念背景；不验证游戏虚构案例]","https://www.aspet.org/docs/default-source/education-files/pharmacology-knowledge-objectives-2022-final.pdf","2026-10-05","内容编辑与机制审核，未获逐方向专家签审"
"pharmacy-21","pharmacy","分子与受体药理学","亲和力、效能与信号通路","pharma","细分核对","结合信息、功能反应与受体表达资料","区分结合、功能和下游信号","较强结合被直接写成较高功能效能","结合信息不独立证明激动、拮抗或体内有效性","ASPET：药理学知识目标（2022） [研究领域与基础概念背景；不验证游戏虚构案例]","https://www.aspet.org/docs/default-source/education-files/pharmacology-knowledge-objectives-2022-final.pdf","2026-10-05","内容编辑与机制审核，未获逐方向专家签审"
"pharmacy-22","pharmacy","药代与药效关系","暴露时间过程与功能反应","pharma","细分核对","浓度时间资料、反应时序与模型假设","检查暴露与反应时点并区分延迟和基线变化","只用一个时点的浓度解释全部反应过程","拟合良好不意味着机制已经识别","ASPET：药理学知识目标（2022） [研究领域与基础概念背景；不验证游戏虚构案例]","https://www.aspet.org/docs/default-source/education-files/pharmacology-knowledge-objectives-2022-final.pdf","2026-10-05","内容编辑与机制审核，未获逐方向专家签审"
"pharmacy-23","pharmacy","药物毒理与安全药理学","目标作用与非目标功能风险","pharma","细分核对","目标作用资料、非目标功能记录与暴露范围","把目标有效信号与功能损害分别记录","目标指标改善掩盖了另一器官的功能损害","一个安全性指标正常不能证明整体安全","ASPET：药理学知识目标（2022） [研究领域与基础概念背景；不验证游戏虚构案例]","https://www.aspet.org/docs/default-source/education-files/pharmacology-knowledge-objectives-2022-final.pdf","2026-10-05","内容编辑与机制审核，未获逐方向专家签审"
"pharmacy-24","pharmacy","发育与衰老药理学","生命阶段、作用系统与药物处置","pharma","细分核对","阶段信息、功能状态和暴露资料","区分处置变化与作用系统的阶段差异","不同年龄的反应差异全部归给受体变化","年龄标签不能替代发育状态、暴露与功能背景","ASPET：药理学知识目标（2022） [研究领域与基础概念背景；不验证游戏虚构案例]","https://www.aspet.org/docs/default-source/education-files/pharmacology-knowledge-objectives-2022-final.pdf","2026-10-05","内容编辑与机制审核，未获逐方向专家签审"
"pharmacy-25","pharmacy","生殖与性别相关药理学","激素状态、性别变量与药物响应","pharma","细分核对","激素状态、性别变量和暴露反应记录","检查激素状态与暴露差异并保留个体变异","组间均值差异被写成所有个体都有同一反应","性别分组不能代替激素、暴露或个体背景","ASPET：药理学知识目标（2022） [研究领域与基础概念背景；不验证游戏虚构案例]","https://www.aspet.org/docs/default-source/education-files/pharmacology-knowledge-objectives-2022-final.pdf","2026-10-05","内容编辑与机制审核，未获逐方向专家签审"