family,primary_code,primary_name,field_name,route,direction,faculty_count,levels
"philosophy","0101","哲学","中国哲学 · 先秦哲学等研究领域","chinese-philosophy","先秦哲学","6","young|associate|senior"
"philosophy","0101","哲学","中国哲学 · 先秦哲学等研究领域","chinese-philosophy","经学哲学","6","young|associate|senior"
"philosophy","0101","哲学","中国哲学 · 先秦哲学等研究领域","chinese-philosophy","宋明理学","6","young|associate|senior"
"philosophy","0101","哲学","中国哲学 · 先秦哲学等研究领域","chinese-philosophy","中国近代哲学","6","associate|young|senior"
"philosophy","0101","哲学","中国哲学 · 中国现代哲学等研究领域","chinese-philosophy","中国现代哲学","6","associate|young|senior"
"philosophy","0101","哲学","中国哲学 · 中国现代哲学等研究领域","chinese-philosophy","道家哲学","6","associate|young|senior"
"philosophy","0101","哲学","中国哲学 · 中国现代哲学等研究领域","chinese-philosophy","佛教哲学","6","senior|young|associate"
"philosophy","0101","哲学","中国哲学 · 中国现代哲学等研究领域","chinese-philosophy","儒家伦理","6","senior|young|associate"
"philosophy","0101","哲学","中国哲学 · 中国逻辑史等研究领域","chinese-philosophy","中国逻辑史","6","senior|young|associate"
"philosophy","0101","哲学","中国哲学 · 中国逻辑史等研究领域","chinese-philosophy","经典诠释","6","young|associate|senior"
"philosophy","0101","哲学","中国哲学 · 中国逻辑史等研究领域","chinese-philosophy","中西哲学比较","6","young|associate|senior"
"philosophy","0101","哲学","中国哲学 · 中国逻辑史等研究领域","chinese-philosophy","中国哲学文献","6","young|associate|senior"
"philosophy","0101","哲学","外国哲学与美学 · 古希腊哲学等研究领域","western-philosophy","古希腊哲学","6","young|associate|senior"
"philosophy","0101","哲学","外国哲学与美学 · 古希腊哲学等研究领域","western-philosophy","中世纪哲学","6","young|associate|senior"
"philosophy","0101","哲学","外国哲学与美学 · 古希腊哲学等研究领域","western-philosophy","近代哲学","6","young|associate|senior"
"philosophy","0101","哲学","外国哲学与美学 · 古希腊哲学等研究领域","western-philosophy","德国古典哲学","6","associate|young|senior"
"philosophy","0101","哲学","外国哲学与美学 · 现象学等研究领域","western-philosophy","现象学","6","associate|young|senior"
"philosophy","0101","哲学","外国哲学与美学 · 现象学等研究领域","western-philosophy","解释学","6","associate|young|senior"
"philosophy","0101","哲学","外国哲学与美学 · 现象学等研究领域","western-philosophy","实用主义","6","senior|young|associate"
"philosophy","0101","哲学","外国哲学与美学 · 现象学等研究领域","western-philosophy","分析哲学","6","senior|young|associate"
"philosophy","0101","哲学","外国哲学与美学 · 美学原理等研究领域","western-philosophy","美学原理","6","senior|young|associate"
"philosophy","0101","哲学","外国哲学与美学 · 美学原理等研究领域","western-philosophy","艺术哲学","6","young|associate|senior"
"philosophy","0101","哲学","外国哲学与美学 · 美学原理等研究领域","western-philosophy","审美经验","6","young|associate|senior"
"philosophy","0101","哲学","外国哲学与美学 · 美学原理等研究领域","western-philosophy","技术哲学","6","young|associate|senior"
"philosophy","0101","哲学","逻辑学 · 数理逻辑等研究领域","logic-studies","数理逻辑","6","young|associate|senior"
"philosophy","0101","哲学","逻辑学 · 数理逻辑等研究领域","logic-studies","哲学逻辑","6","young|associate|senior"
"philosophy","0101","哲学","逻辑学 · 数理逻辑等研究领域","logic-studies","模态逻辑","6","young|associate|senior"
"philosophy","0101","哲学","逻辑学 · 数理逻辑等研究领域","logic-studies","非经典逻辑","6","associate|young|senior"
"philosophy","0101","哲学","逻辑学 · 数理逻辑等研究领域","logic-studies","论证理论","6","associate|young|senior"
"philosophy","0101","哲学","逻辑学 · 逻辑史等研究领域","logic-studies","逻辑史","6","associate|young|senior"
"philosophy","0101","哲学","逻辑学 · 逻辑史等研究领域","logic-studies","语义理论","6","senior|young|associate"
"philosophy","0101","哲学","逻辑学 · 逻辑史等研究领域","logic-studies","证明理论","6","senior|young|associate"
"philosophy","0101","哲学","逻辑学 · 逻辑史等研究领域","logic-studies","模型论","6","senior|young|associate"
"philosophy","0101","哲学","逻辑学 · 逻辑史等研究领域","logic-studies","计算逻辑","6","young|associate|senior"
"philosophy","0101","哲学","逻辑学 · 规范逻辑等研究领域","logic-studies","规范逻辑","6","young|associate|senior"
"philosophy","0101","哲学","逻辑学 · 规范逻辑等研究领域","logic-studies","逻辑教育","6","young|associate|senior"
"philosophy","0101","哲学","逻辑学 · 规范逻辑等研究领域","logic-studies","模态逻辑与可能世界","6","young|associate|senior"
"philosophy","0101","哲学","伦理学 · 规范伦理等研究领域","ethics-studies","规范伦理","6","young|associate|senior"
"philosophy","0101","哲学","伦理学 · 规范伦理等研究领域","ethics-studies","元伦理","6","young|associate|senior"
"philosophy","0101","哲学","伦理学 · 规范伦理等研究领域","ethics-studies","应用伦理","6","young|associate|senior"
"philosophy","0101","哲学","伦理学 · 规范伦理等研究领域","ethics-studies","生命伦理","6","associate|young|senior"
"philosophy","0101","哲学","伦理学 · 规范伦理等研究领域","ethics-studies","技术伦理","6","associate|young|senior"
"philosophy","0101","哲学","伦理学 · 环境伦理等研究领域","ethics-studies","环境伦理","6","associate|young|senior"
"philosophy","0101","哲学","伦理学 · 环境伦理等研究领域","ethics-studies","职业伦理","6","senior|young|associate"
"philosophy","0101","哲学","伦理学 · 环境伦理等研究领域","ethics-studies","公共伦理","6","senior|young|associate"
"philosophy","0101","哲学","伦理学 · 环境伦理等研究领域","ethics-studies","道德心理哲学","6","senior|young|associate"
"philosophy","0101","哲学","伦理学 · 环境伦理等研究领域","ethics-studies","伦理思想史","6","young|associate|senior"
"philosophy","0101","哲学","伦理学 · 价值冲突等研究领域","ethics-studies","价值冲突","6","young|associate|senior"
"philosophy","0101","哲学","伦理学 · 价值冲突等研究领域","ethics-studies","责任与行动","6","young|associate|senior"
"philosophy","0101","哲学","伦理学 · 价值冲突等研究领域","ethics-studies","道德责任与运气","6","young|associate|senior"
"philosophy","0101","哲学","宗教学 · 宗教史等研究领域","religion-studies","宗教史","6","young|associate|senior"
"philosophy","0101","哲学","宗教学 · 宗教史等研究领域","religion-studies","宗教哲学","6","young|associate|senior"
"philosophy","0101","哲学","宗教学 · 宗教史等研究领域","religion-studies","宗教社会学","6","young|associate|senior"
"philosophy","0101","哲学","宗教学 · 宗教史等研究领域","religion-studies","宗教人类学","6","associate|young|senior"
"philosophy","0101","哲学","宗教学 · 宗教文本等研究领域","religion-studies","宗教文本","6","associate|young|senior"
"philosophy","0101","哲学","宗教学 · 宗教文本等研究领域","religion-studies","宗教艺术","6","associate|young|senior"
"philosophy","0101","哲学","宗教学 · 宗教文本等研究领域","religion-studies","仪式研究","6","senior|young|associate"
"philosophy","0101","哲学","宗教学 · 宗教文本等研究领域","religion-studies","比较宗教","6","senior|young|associate"
"philosophy","0101","哲学","宗教学 · 宗教与现代性等研究领域","religion-studies","宗教与现代性","6","senior|young|associate"
"philosophy","0101","哲学","宗教学 · 宗教与现代性等研究领域","religion-studies","宗教与地方社会","6","young|associate|senior"
"philosophy","0101","哲学","宗教学 · 宗教与现代性等研究领域","religion-studies","宗教与伦理","6","young|associate|senior"
"philosophy","0101","哲学","宗教学 · 宗教与现代性等研究领域","religion-studies","宗教数字资料","6","young|associate|senior"
"philosophy","0101","哲学","形而上学 · 存在论等研究领域","metaphysics","存在论","6","young|associate|senior"
"philosophy","0101","哲学","形而上学 · 存在论等研究领域","metaphysics","模态问题","6","young|associate|senior"
"philosophy","0101","哲学","形而上学 · 存在论等研究领域","metaphysics","时间哲学","6","young|associate|senior"
"philosophy","0101","哲学","形而上学 · 存在论等研究领域","metaphysics","因果概念","6","associate|young|senior"
"philosophy","0101","哲学","形而上学 · 对象同一性等研究领域","metaphysics","对象同一性","6","associate|young|senior"
"philosophy","0101","哲学","形而上学 · 对象同一性等研究领域","metaphysics","属性理论","6","associate|young|senior"
"philosophy","0101","哲学","形而上学 · 对象同一性等研究领域","metaphysics","可能世界","6","senior|young|associate"
"philosophy","0101","哲学","形而上学 · 对象同一性等研究领域","metaphysics","身心问题","6","senior|young|associate"
"philosophy","0101","哲学","形而上学 · 社会本体论等研究领域","metaphysics","社会本体论","6","senior|young|associate"
"philosophy","0101","哲学","形而上学 · 社会本体论等研究领域","metaphysics","过程哲学","6","young|associate|senior"
"philosophy","0101","哲学","形而上学 · 社会本体论等研究领域","metaphysics","分析形而上学","6","young|associate|senior"
"philosophy","0101","哲学","形而上学 · 社会本体论等研究领域","metaphysics","传统形而上学","6","young|associate|senior"
"philosophy","0101","哲学","认识论与科学哲学 · 知识分析等研究领域","epistemology","知识分析","6","young|associate|senior"
"philosophy","0101","哲学","认识论与科学哲学 · 知识分析等研究领域","epistemology","怀疑论","6","young|associate|senior"
"philosophy","0101","哲学","认识论与科学哲学 · 知识分析等研究领域","epistemology","证成理论","6","young|associate|senior"
"philosophy","0101","哲学","认识论与科学哲学 · 知识分析等研究领域","epistemology","社会认识论","6","associate|young|senior"
"philosophy","0101","哲学","认识论与科学哲学 · 知识分析等研究领域","epistemology","科学解释","6","associate|young|senior"
"philosophy","0101","哲学","认识论与科学哲学 · 科学实在论等研究领域","epistemology","科学实在论","6","associate|young|senior"
"philosophy","0101","哲学","认识论与科学哲学 · 科学实在论等研究领域","epistemology","归纳问题","6","senior|young|associate"
"philosophy","0101","哲学","认识论与科学哲学 · 科学实在论等研究领域","epistemology","模型与理想化","6","senior|young|associate"
"philosophy","0101","哲学","认识论与科学哲学 · 科学实在论等研究领域","epistemology","测量哲学","6","senior|young|associate"
"philosophy","0101","哲学","认识论与科学哲学 · 科学实在论等研究领域","epistemology","专家知识","6","young|associate|senior"
"philosophy","0101","哲学","认识论与科学哲学 · 证言研究等研究领域","epistemology","证言研究","6","young|associate|senior"
"philosophy","0101","哲学","认识论与科学哲学 · 证言研究等研究领域","epistemology","技术知识","6","young|associate|senior"
"philosophy","0101","哲学","认识论与科学哲学 · 证言研究等研究领域","epistemology","社会认识论","6","young|associate|senior"
"philosophy","0101","哲学","哲学综合 · 逻辑与科学哲学等研究领域","philosophy","逻辑与科学哲学","7","senior|young|associate"
"philosophy","0101","哲学","哲学综合 · 逻辑与科学哲学等研究领域","philosophy","伦理与政治哲学","7","senior|young|associate"
"philosophy","0101","哲学","哲学综合 · 逻辑与科学哲学等研究领域","philosophy","美学与解释学","6","young|associate|senior"
"philosophy","0101","哲学","哲学综合 · 认识论等研究领域","philosophy","认识论","6","associate|young|senior"
"philosophy","0101","哲学","哲学综合 · 认识论等研究领域","philosophy","形而上学","6","associate|young|senior"
"philosophy","0101","哲学","哲学综合 · 认识论等研究领域","philosophy","心灵哲学","6","associate|young|senior"
"philosophy","0101","哲学","哲学综合 · 技术哲学等研究领域","philosophy","技术哲学","6","senior|young|associate"
"philosophy","0101","哲学","哲学综合 · 技术哲学等研究领域","philosophy","中国哲学","6","senior|young|associate"
"philosophy","0101","哲学","哲学综合 · 技术哲学等研究领域","philosophy","跨文化哲学","6","senior|young|associate"
"philosophy","0151","应用伦理","应用伦理研究 · 应用伦理等研究领域","ethics-studies","应用伦理","6","young|associate|senior"
"philosophy","0151","应用伦理","应用伦理研究 · 应用伦理等研究领域","ethics-studies","生命伦理","6","associate|young|senior"
"philosophy","0151","应用伦理","应用伦理研究 · 应用伦理等研究领域","ethics-studies","技术伦理","6","associate|young|senior"
"philosophy","0151","应用伦理","应用伦理研究 · 环境伦理等研究领域","ethics-studies","环境伦理","6","associate|young|senior"
"philosophy","0151","应用伦理","应用伦理研究 · 环境伦理等研究领域","ethics-studies","职业伦理","6","senior|young|associate"
"philosophy","0151","应用伦理","应用伦理研究 · 环境伦理等研究领域","ethics-studies","公共伦理","6","senior|young|associate"
"philosophy","0151","应用伦理","应用伦理研究 · 价值冲突等研究领域","ethics-studies","价值冲突","6","young|associate|senior"
"philosophy","0151","应用伦理","应用伦理研究 · 价值冲突等研究领域","ethics-studies","责任与行动","6","young|associate|senior"
"economics","0201","理论经济学","经济理论 · 微观理论等研究领域","economic-theory","微观理论","6","young|associate|senior"
"economics","0201","理论经济学","经济理论 · 微观理论等研究领域","economic-theory","宏观理论","6","young|associate|senior"
"economics","0201","理论经济学","经济理论 · 微观理论等研究领域","economic-theory","博弈论","6","young|associate|senior"
"economics","0201","理论经济学","经济理论 · 微观理论等研究领域","economic-theory","信息经济","6","associate|young|senior"
"economics","0201","理论经济学","经济理论 · 行为经济等研究领域","economic-theory","行为经济","6","associate|young|senior"
"economics","0201","理论经济学","经济理论 · 行为经济等研究领域","economic-theory","实验经济","6","associate|young|senior"
"economics","0201","理论经济学","经济理论 · 行为经济等研究领域","economic-theory","制度经济","6","senior|young|associate"
"economics","0201","理论经济学","经济理论 · 行为经济等研究领域","economic-theory","政治经济","6","senior|young|associate"
"economics","0201","理论经济学","经济理论 · 经济思想史等研究领域","economic-theory","经济思想史","6","senior|young|associate"
"economics","0201","理论经济学","经济理论 · 经济思想史等研究领域","economic-theory","不确定性决策","6","young|associate|senior"
"economics","0201","理论经济学","经济理论 · 经济思想史等研究领域","economic-theory","匹配与市场设计","6","young|associate|senior"
"economics","0201","理论经济学","经济理论 · 经济思想史等研究领域","economic-theory","经济网络","6","young|associate|senior"
"economics","0201","理论经济学","经济思想与方法综合","economics","微观与行为经济","6","young|associate|senior"
"economics","0201","理论经济学","经济思想与方法综合","economics","宏观与发展经济","7","senior|young|associate"
"economics","0201","理论经济学","经济思想与方法综合","economics","计量经济","6","senior|young|associate"
"economics","0202","应用经济学","发展与劳动经济 · 发展经济等研究领域","development-econ","发展经济","6","young|associate|senior"
"economics","0202","应用经济学","发展与劳动经济 · 发展经济等研究领域","development-econ","劳动市场","6","young|associate|senior"
"economics","0202","应用经济学","发展与劳动经济 · 发展经济等研究领域","development-econ","教育经济","6","young|associate|senior"
"economics","0202","应用经济学","发展与劳动经济 · 发展经济等研究领域","development-econ","人口经济","6","associate|young|senior"
"economics","0202","应用经济学","发展与劳动经济 · 发展经济等研究领域","development-econ","城乡发展","6","associate|young|senior"
"economics","0202","应用经济学","发展与劳动经济 · 迁移与收入等研究领域","development-econ","迁移与收入","6","associate|young|senior"
"economics","0202","应用经济学","发展与劳动经济 · 迁移与收入等研究领域","development-econ","贫困与不平等","6","senior|young|associate"
"economics","0202","应用经济学","发展与劳动经济 · 迁移与收入等研究领域","development-econ","家庭经济","6","senior|young|associate"
"economics","0202","应用经济学","发展与劳动经济 · 迁移与收入等研究领域","development-econ","健康与劳动","6","senior|young|associate"
"economics","0202","应用经济学","发展与劳动经济 · 迁移与收入等研究领域","development-econ","职业流动","6","young|associate|senior"
"economics","0202","应用经济学","发展与劳动经济 · 区域发展等研究领域","development-econ","区域发展","6","young|associate|senior"
"economics","0202","应用经济学","发展与劳动经济 · 区域发展等研究领域","development-econ","政策评价","6","young|associate|senior"
"economics","0202","应用经济学","发展与劳动经济 · 区域发展等研究领域","development-econ","迁移与劳动匹配","6","young|associate|senior"
"economics","0202","应用经济学","金融学 · 市场与价格","finance-studies","资产定价","6","young|associate|senior"
"economics","0202","应用经济学","金融学 · 市场与价格","finance-studies","金融市场","6","young|associate|senior"
"economics","0202","应用经济学","金融学 · 市场与价格","finance-studies","金融计量","6","senior|young|associate"
"economics","0202","应用经济学","金融学 · 市场与价格","finance-studies","行为金融","6","senior|young|associate"
"economics","0202","应用经济学","金融学 · 市场与价格","finance-studies","国际金融","6","young|associate|senior"
"economics","0202","应用经济学","金融学 · 市场与价格","finance-studies","资产流动性与交易成本","6","young|associate|senior"
"economics","0202","应用经济学","金融学 · 组织与金融机构","finance-studies","公司金融","6","young|associate|senior"
"economics","0202","应用经济学","金融学 · 组织与金融机构","finance-studies","银行研究","6","associate|young|senior"
"economics","0202","应用经济学","金融学 · 组织与金融机构","finance-studies","保险经济","6","associate|young|senior"
"economics","0202","应用经济学","金融学 · 方法与家庭情境","finance-studies","风险度量","6","associate|young|senior"
"economics","0202","应用经济学","金融学 · 方法与家庭情境","finance-studies","金融科技","6","senior|young|associate"
"economics","0202","应用经济学","金融学 · 方法与家庭情境","finance-studies","家庭金融","6","young|associate|senior"
"economics","0202","应用经济学","金融学 · 方法与家庭情境","finance-studies","金融史","6","young|associate|senior"
"economics","0202","应用经济学","产业与国际经济 · 国际贸易等研究领域","trade-econ","国际贸易","6","young|associate|senior"
"economics","0202","应用经济学","产业与国际经济 · 国际贸易等研究领域","trade-econ","国际投资","6","young|associate|senior"
"economics","0202","应用经济学","产业与国际经济 · 国际贸易等研究领域","trade-econ","产业组织","6","young|associate|senior"
"economics","0202","应用经济学","产业与国际经济 · 国际贸易等研究领域","trade-econ","企业生产率","6","associate|young|senior"
"economics","0202","应用经济学","产业与国际经济 · 全球价值链等研究领域","trade-econ","全球价值链","6","associate|young|senior"
"economics","0202","应用经济学","产业与国际经济 · 全球价值链等研究领域","trade-econ","数字贸易","6","associate|young|senior"
"economics","0202","应用经济学","产业与国际经济 · 全球价值链等研究领域","trade-econ","服务贸易","6","senior|young|associate"
"economics","0202","应用经济学","产业与国际经济 · 全球价值链等研究领域","trade-econ","竞争与监管","6","senior|young|associate"
"economics","0202","应用经济学","产业与国际经济 · 技术创新等研究领域","trade-econ","技术创新","6","senior|young|associate"
"economics","0202","应用经济学","产业与国际经济 · 技术创新等研究领域","trade-econ","产业转型","6","young|associate|senior"
"economics","0202","应用经济学","产业与国际经济 · 技术创新等研究领域","trade-econ","贸易史","6","young|associate|senior"
"economics","0202","应用经济学","产业与国际经济 · 技术创新等研究领域","trade-econ","开放与就业","6","young|associate|senior"
"economics","0202","应用经济学","公共与资源经济 · 财政与税收等研究领域","resource-econ","财政与税收","6","young|associate|senior"
"economics","0202","应用经济学","公共与资源经济 · 财政与税收等研究领域","resource-econ","公共支出","6","young|associate|senior"
"economics","0202","应用经济学","公共与资源经济 · 财政与税收等研究领域","resource-econ","环境经济","6","young|associate|senior"
"economics","0202","应用经济学","公共与资源经济 · 财政与税收等研究领域","resource-econ","资源经济","6","associate|young|senior"
"economics","0202","应用经济学","公共与资源经济 · 能源经济等研究领域","resource-econ","能源经济","6","associate|young|senior"
"economics","0202","应用经济学","公共与资源经济 · 能源经济等研究领域","resource-econ","农业经济","6","associate|young|senior"
"economics","0202","应用经济学","公共与资源经济 · 能源经济等研究领域","resource-econ","城市经济","6","senior|young|associate"
"economics","0202","应用经济学","公共与资源经济 · 能源经济等研究领域","resource-econ","交通经济","6","senior|young|associate"
"economics","0202","应用经济学","公共与资源经济 · 气候政策评价等研究领域","resource-econ","气候政策评价","6","senior|young|associate"
"economics","0202","应用经济学","公共与资源经济 · 气候政策评价等研究领域","resource-econ","公共服务需求","6","young|associate|senior"
"economics","0202","应用经济学","公共与资源经济 · 气候政策评价等研究领域","resource-econ","外部性研究","6","young|associate|senior"
"economics","0202","应用经济学","公共与资源经济 · 气候政策评价等研究领域","resource-econ","公共选择","6","young|associate|senior"
"economics","0202","应用经济学","数字经济 · 平台经济等研究领域","digital-economy","平台经济","6","young|associate|senior"
"economics","0202","应用经济学","数字经济 · 平台经济等研究领域","digital-economy","数据要素研究","6","young|associate|senior"
"economics","0202","应用经济学","数字经济 · 平台经济等研究领域","digital-economy","数字劳动","6","young|associate|senior"
"economics","0202","应用经济学","数字经济 · 平台经济等研究领域","digital-economy","数字贸易","6","associate|young|senior"
"economics","0202","应用经济学","数字经济 · 数字金融资料等研究领域","digital-economy","数字金融资料","6","associate|young|senior"
"economics","0202","应用经济学","数字经济 · 数字金融资料等研究领域","digital-economy","数字基础设施","6","associate|young|senior"
"economics","0202","应用经济学","数字经济 · 数字金融资料等研究领域","digital-economy","算法与市场","6","senior|young|associate"
"economics","0202","应用经济学","数字经济 · 数字金融资料等研究领域","digital-economy","数字消费","6","senior|young|associate"
"economics","0202","应用经济学","数字经济 · 企业数字化等研究领域","digital-economy","企业数字化","6","senior|young|associate"
"economics","0202","应用经济学","数字经济 · 企业数字化等研究领域","digital-economy","数字经济测度","6","young|associate|senior"
"economics","0202","应用经济学","数字经济 · 企业数字化等研究领域","digital-economy","平台竞争","6","young|associate|senior"
"economics","0202","应用经济学","数字经济 · 企业数字化等研究领域","digital-economy","数字鸿沟","6","young|associate|senior"
"economics","0202","应用经济学","应用经济综合","economics","环境与公共经济","6","young|associate|senior"
"economics","0202","应用经济学","应用经济综合","economics","劳动经济","6","associate|young|senior"
"economics","0202","应用经济学","应用经济综合","economics","金融经济","6","associate|young|senior"
"economics","0202","应用经济学","应用经济综合","economics","产业组织","7","young|associate|senior"
"economics","0202","应用经济学","应用经济综合","economics","国际贸易","6","senior|young|associate"
"economics","0202","应用经济学","应用经济综合","economics","数字经济","6","senior|young|associate"
"economics","0251","金融","金融市场与机构 · 市场与价格","finance-studies","资产定价","6","young|associate|senior"
"economics","0251","金融","金融市场与机构 · 市场与价格","finance-studies","金融市场","6","young|associate|senior"
"economics","0251","金融","金融市场与机构 · 市场与价格","finance-studies","金融计量","6","senior|young|associate"
"economics","0251","金融","金融市场与机构 · 市场与价格","finance-studies","行为金融","6","senior|young|associate"
"economics","0251","金融","金融市场与机构 · 市场与价格","finance-studies","国际金融","6","young|associate|senior"
"economics","0251","金融","金融市场与机构 · 市场与价格","finance-studies","资产流动性与交易成本","6","young|associate|senior"
"economics","0251","金融","金融市场与机构 · 组织与金融机构","finance-studies","公司金融","6","young|associate|senior"
"economics","0251","金融","金融市场与机构 · 组织与金融机构","finance-studies","银行研究","6","associate|young|senior"
"economics","0251","金融","金融市场与机构 · 组织与金融机构","finance-studies","保险经济","6","associate|young|senior"
"economics","0251","金融","金融市场与机构 · 方法与家庭情境","finance-studies","风险度量","6","associate|young|senior"
"economics","0251","金融","金融市场与机构 · 方法与家庭情境","finance-studies","金融科技","6","senior|young|associate"
"economics","0251","金融","金融市场与机构 · 方法与家庭情境","finance-studies","家庭金融","6","young|associate|senior"
"economics","0251","金融","金融市场与机构 · 方法与家庭情境","finance-studies","金融史","6","young|associate|senior"
"economics","0252","应用统计","经济资料与统计评价","economics","计量经济","6","senior|young|associate"
"economics","0252","应用统计","金融计量","finance-studies","金融计量","6","senior|young|associate"
"economics","0252","应用统计","数字经济测度","digital-economy","数字经济测度","6","young|associate|senior"
"economics","0253","税务","税务实务与政策评价 · 税制比较等研究领域","tax-studies","税制比较","6","young|associate|senior"
"economics","0253","税务","税务实务与政策评价 · 税制比较等研究领域","tax-studies","企业税收资料","6","young|associate|senior"
"economics","0253","税务","税务实务与政策评价 · 税制比较等研究领域","tax-studies","个人税收资料","6","young|associate|senior"
"economics","0253","税务","税务实务与政策评价 · 税制比较等研究领域","tax-studies","税收遵从","6","associate|young|senior"
"economics","0253","税务","税务实务与政策评价 · 税制比较等研究领域","tax-studies","税收公平","6","associate|young|senior"
"economics","0253","税务","税务实务与政策评价 · 税收归宿等研究领域","tax-studies","税收归宿","6","associate|young|senior"
"economics","0253","税务","税务实务与政策评价 · 税收归宿等研究领域","tax-studies","地方财政","6","senior|young|associate"
"economics","0253","税务","税务实务与政策评价 · 税收归宿等研究领域","tax-studies","公共预算","6","senior|young|associate"
"economics","0253","税务","税务实务与政策评价 · 税收归宿等研究领域","tax-studies","税收数字化","6","senior|young|associate"
"economics","0253","税务","税务实务与政策评价 · 税收归宿等研究领域","tax-studies","税务服务评价","6","young|associate|senior"
"economics","0253","税务","税务实务与政策评价 · 跨境税制资料等研究领域","tax-studies","跨境税制资料","6","young|associate|senior"
"economics","0253","税务","税务实务与政策评价 · 跨境税制资料等研究领域","tax-studies","税收史","6","young|associate|senior"
"economics","0253","税务","税务实务与政策评价 · 跨境税制资料等研究领域","tax-studies","税收归宿与行为反应","6","young|associate|senior"
"economics","0254","国际商务","国际贸易与商务","trade-econ","国际贸易","6","young|associate|senior"
"economics","0254","国际商务","国际贸易与商务","trade-econ","国际投资","6","young|associate|senior"
"economics","0254","国际商务","国际贸易与商务","trade-econ","企业生产率","6","associate|young|senior"
"economics","0254","国际商务","国际贸易与商务","trade-econ","数字贸易","6","associate|young|senior"
"economics","0254","国际商务","国际贸易与商务","trade-econ","服务贸易","6","senior|young|associate"
"economics","0254","国际商务","国际贸易与商务","trade-econ","开放与就业","6","young|associate|senior"
"economics","0255","保险","保险与精算 · 寿险模型等研究领域","insurance-studies","寿险模型","6","young|associate|senior"
"economics","0255","保险","保险与精算 · 寿险模型等研究领域","insurance-studies","非寿险模型","6","young|associate|senior"
"economics","0255","保险","保险与精算 · 寿险模型等研究领域","insurance-studies","健康保险资料","6","young|associate|senior"
"economics","0255","保险","保险与精算 · 寿险模型等研究领域","insurance-studies","再保险研究","6","associate|young|senior"
"economics","0255","保险","保险与精算 · 保险需求等研究领域","insurance-studies","保险需求","6","associate|young|senior"
"economics","0255","保险","保险与精算 · 保险需求等研究领域","insurance-studies","保险定价资料","6","associate|young|senior"
"economics","0255","保险","保险与精算 · 保险需求等研究领域","insurance-studies","赔付资料","6","senior|young|associate"
"economics","0255","保险","保险与精算 · 保险需求等研究领域","insurance-studies","保险风险","6","senior|young|associate"
"economics","0255","保险","保险与精算 · 精算模型评价等研究领域","insurance-studies","精算模型评价","6","senior|young|associate"
"economics","0255","保险","保险与精算 · 精算模型评价等研究领域","insurance-studies","保险制度史","6","young|associate|senior"
"economics","0255","保险","保险与精算 · 精算模型评价等研究领域","insurance-studies","保险服务","6","young|associate|senior"
"economics","0255","保险","保险与精算 · 精算模型评价等研究领域","insurance-studies","长期照护保险","6","young|associate|senior"
"economics","0256","资产评估","价值评价 · 企业价值评价等研究领域","asset-valuation","企业价值评价","6","young|associate|senior"
"economics","0256","资产评估","价值评价 · 企业价值评价等研究领域","asset-valuation","无形资产评价","6","young|associate|senior"
"economics","0256","资产评估","价值评价 · 企业价值评价等研究领域","asset-valuation","房地产评价","6","young|associate|senior"
"economics","0256","资产评估","价值评价 · 企业价值评价等研究领域","asset-valuation","机器设备评价","6","associate|young|senior"
"economics","0256","资产评估","价值评价 · 金融资产评价等研究领域","asset-valuation","金融资产评价","6","associate|young|senior"
"economics","0256","资产评估","价值评价 · 金融资产评价等研究领域","asset-valuation","文化资产评价","6","associate|young|senior"
"economics","0256","资产评估","价值评价 · 金融资产评价等研究领域","asset-valuation","评估方法比较","6","senior|young|associate"
"economics","0256","资产评估","价值评价 · 金融资产评价等研究领域","asset-valuation","价值时点","6","senior|young|associate"
"economics","0256","资产评估","价值评价 · 评估报告研究等研究领域","asset-valuation","评估报告研究","6","senior|young|associate"
"economics","0256","资产评估","价值评价 · 评估报告研究等研究领域","asset-valuation","市场比较资料","6","young|associate|senior"
"economics","0256","资产评估","价值评价 · 评估报告研究等研究领域","asset-valuation","评估不确定性","6","young|associate|senior"
"economics","0256","资产评估","价值评价 · 评估报告研究等研究领域","asset-valuation","评估职业研究","6","young|associate|senior"
"economics","0258","数字经济","平台与数字资源 · 平台经济等研究领域","digital-economy","平台经济","6","young|associate|senior"
"economics","0258","数字经济","平台与数字资源 · 平台经济等研究领域","digital-economy","数据要素研究","6","young|associate|senior"
"economics","0258","数字经济","平台与数字资源 · 平台经济等研究领域","digital-economy","数字劳动","6","young|associate|senior"
"economics","0258","数字经济","平台与数字资源 · 平台经济等研究领域","digital-economy","数字贸易","6","associate|young|senior"
"economics","0258","数字经济","平台与数字资源 · 数字金融资料等研究领域","digital-economy","数字金融资料","6","associate|young|senior"
"economics","0258","数字经济","平台与数字资源 · 数字金融资料等研究领域","digital-economy","数字基础设施","6","associate|young|senior"
"economics","0258","数字经济","平台与数字资源 · 数字金融资料等研究领域","digital-economy","算法与市场","6","senior|young|associate"
"economics","0258","数字经济","平台与数字资源 · 数字金融资料等研究领域","digital-economy","数字消费","6","senior|young|associate"
"economics","0258","数字经济","平台与数字资源 · 企业数字化等研究领域","digital-economy","企业数字化","6","senior|young|associate"
"economics","0258","数字经济","平台与数字资源 · 企业数字化等研究领域","digital-economy","数字经济测度","6","young|associate|senior"
"economics","0258","数字经济","平台与数字资源 · 企业数字化等研究领域","digital-economy","平台竞争","6","young|associate|senior"
"economics","0258","数字经济","平台与数字资源 · 企业数字化等研究领域","digital-economy","数字鸿沟","6","young|associate|senior"
"law","0301","法学","民商法学 · 民法与生活关系","civil-law","民法总论","6","young|associate|senior"
"law","0301","法学","民商法学 · 民法与生活关系","civil-law","合同法","6","young|associate|senior"
"law","0301","法学","民商法学 · 民法与生活关系","civil-law","物权法","6","young|associate|senior"
"law","0301","法学","民商法学 · 民法与生活关系","civil-law","侵权责任","6","associate|young|senior"
"law","0301","法学","民商法学 · 民法与生活关系","civil-law","家庭与继承","6","young|associate|senior"
"law","0301","法学","民商法学 · 商法与组织关系","civil-law","公司法","6","associate|young|senior"
"law","0301","法学","民商法学 · 商法与组织关系","civil-law","证券法研究","6","associate|young|senior"
"law","0301","法学","民商法学 · 商法与组织关系","civil-law","破产法","6","senior|young|associate"
"law","0301","法学","民商法学 · 商法与组织关系","civil-law","保险法研究","6","senior|young|associate"
"law","0301","法学","民商法学 · 知识与数字交易","civil-law","知识产权","6","senior|young|associate"
"law","0301","法学","民商法学 · 知识与数字交易","civil-law","消费者保护","6","young|associate|senior"
"law","0301","法学","民商法学 · 知识与数字交易","civil-law","数字交易法","6","young|associate|senior"
"law","0301","法学","刑事法学 · 规范与刑事政策","criminal-law","刑法理论","6","young|associate|senior"
"law","0301","法学","刑事法学 · 规范与刑事政策","criminal-law","刑法史","6","young|associate|senior"
"law","0301","法学","刑事法学 · 规范与刑事政策","criminal-law","刑事政策","6","young|associate|senior"
"law","0301","法学","刑事法学 · 规范与刑事政策","criminal-law","刑罚理论","6","senior|young|associate"
"law","0301","法学","刑事法学 · 规范与刑事政策","criminal-law","比较刑法","6","young|associate|senior"
"law","0301","法学","刑事法学 · 程序与司法材料","criminal-law","刑事诉讼","6","associate|young|senior"
"law","0301","法学","刑事法学 · 程序与司法材料","criminal-law","证据研究","6","associate|young|senior"
"law","0301","法学","刑事法学 · 程序与司法材料","criminal-law","司法案例","6","senior|young|associate"
"law","0301","法学","刑事法学 · 程序与司法材料","criminal-law","刑事司法治理","6","young|associate|senior"
"law","0301","法学","刑事法学 · 犯罪与教育研究","criminal-law","犯罪学","6","associate|young|senior"
"law","0301","法学","刑事法学 · 犯罪与教育研究","criminal-law","少年司法","6","senior|young|associate"
"law","0301","法学","刑事法学 · 犯罪与教育研究","criminal-law","刑事法教育","6","young|associate|senior"
"law","0301","法学","宪法与行政法 · 宪法理论等研究领域","constitutional-law","宪法理论","6","young|associate|senior"
"law","0301","法学","宪法与行政法 · 宪法理论等研究领域","constitutional-law","基本权利","6","young|associate|senior"
"law","0301","法学","宪法与行政法 · 宪法理论等研究领域","constitutional-law","行政法理论","6","young|associate|senior"
"law","0301","法学","宪法与行政法 · 宪法理论等研究领域","constitutional-law","行政程序","6","associate|young|senior"
"law","0301","法学","宪法与行政法 · 宪法理论等研究领域","constitutional-law","行政诉讼","6","associate|young|senior"
"law","0301","法学","宪法与行政法 · 公共机构治理等研究领域","constitutional-law","公共机构治理","6","associate|young|senior"
"law","0301","法学","宪法与行政法 · 公共机构治理等研究领域","constitutional-law","地方制度","6","senior|young|associate"
"law","0301","法学","宪法与行政法 · 公共机构治理等研究领域","constitutional-law","比较宪法","6","senior|young|associate"
"law","0301","法学","宪法与行政法 · 公共机构治理等研究领域","constitutional-law","法治评价","6","senior|young|associate"
"law","0301","法学","宪法与行政法 · 公共机构治理等研究领域","constitutional-law","信息公开研究","6","young|associate|senior"
"law","0301","法学","宪法与行政法 · 公共服务法等研究领域","constitutional-law","公共服务法","6","young|associate|senior"
"law","0301","法学","宪法与行政法 · 公共服务法等研究领域","constitutional-law","数字行政","6","young|associate|senior"
"law","0301","法学","宪法与行政法 · 公共服务法等研究领域","constitutional-law","行政裁量与比例原则","6","young|associate|senior"
"law","0301","法学","国际与比较法 · 国际公法等研究领域","international-law","国际公法","6","young|associate|senior"
"law","0301","法学","国际与比较法 · 国际公法等研究领域","international-law","国际私法","6","young|associate|senior"
"law","0301","法学","国际与比较法 · 国际公法等研究领域","international-law","国际经济法","6","young|associate|senior"
"law","0301","法学","国际与比较法 · 国际公法等研究领域","international-law","国际组织法","6","associate|young|senior"
"law","0301","法学","国际与比较法 · 国际公法等研究领域","international-law","国际环境法","6","associate|young|senior"
"law","0301","法学","国际与比较法 · 国际争端研究等研究领域","international-law","国际争端研究","6","associate|young|senior"
"law","0301","法学","国际与比较法 · 国际争端研究等研究领域","international-law","比较民法","6","senior|young|associate"
"law","0301","法学","国际与比较法 · 国际争端研究等研究领域","international-law","比较公法","6","senior|young|associate"
"law","0301","法学","国际与比较法 · 国际争端研究等研究领域","international-law","跨境法律关系","6","senior|young|associate"
"law","0301","法学","国际与比较法 · 国际争端研究等研究领域","international-law","区域法律制度","6","young|associate|senior"
"law","0301","法学","国际与比较法 · 国际法史等研究领域","international-law","国际法史","6","young|associate|senior"
"law","0301","法学","国际与比较法 · 国际法史等研究领域","international-law","法律翻译","6","young|associate|senior"
"law","0301","法学","国际与比较法 · 国际法史等研究领域","international-law","条约解释与多语文本","6","young|associate|senior"
"law","0301","法学","法学方法与法社会学 · 法律经验研究等研究领域","law-society","法律经验研究","6","young|associate|senior"
"law","0301","法学","法学方法与法社会学 · 法律经验研究等研究领域","law-society","司法社会学","6","young|associate|senior"
"law","0301","法学","法学方法与法社会学 · 法律经验研究等研究领域","law-society","法律职业","6","young|associate|senior"
"law","0301","法学","法学方法与法社会学 · 法律经验研究等研究领域","law-society","法律意识","6","associate|young|senior"
"law","0301","法学","法学方法与法社会学 · 法制史等研究领域","law-society","法制史","6","associate|young|senior"
"law","0301","法学","法学方法与法社会学 · 法制史等研究领域","law-society","法哲学","6","associate|young|senior"
"law","0301","法学","法学方法与法社会学 · 法制史等研究领域","law-society","法律解释","6","senior|young|associate"
"law","0301","法学","法学方法与法社会学 · 法制史等研究领域","law-society","法律与技术","6","senior|young|associate"
"law","0301","法学","法学方法与法社会学 · 纠纷解决等研究领域","law-society","纠纷解决","6","senior|young|associate"
"law","0301","法学","法学方法与法社会学 · 纠纷解决等研究领域","law-society","法律服务","6","young|associate|senior"
"law","0301","法学","法学方法与法社会学 · 纠纷解决等研究领域","law-society","法学文献方法","6","young|associate|senior"
"law","0301","法学","法学方法与法社会学 · 纠纷解决等研究领域","law-society","法律教育","6","young|associate|senior"
"law","0301","法学","知识产权 · 专利法研究等研究领域","intellectual-property","专利法研究","6","young|associate|senior"
"law","0301","法学","知识产权 · 专利法研究等研究领域","intellectual-property","著作权研究","6","young|associate|senior"
"law","0301","法学","知识产权 · 专利法研究等研究领域","intellectual-property","商标法研究","6","young|associate|senior"
"law","0301","法学","知识产权 · 专利法研究等研究领域","intellectual-property","商业秘密制度","6","associate|young|senior"
"law","0301","法学","知识产权 · 专利法研究等研究领域","intellectual-property","知识产权史","6","associate|young|senior"
"law","0301","法学","知识产权 · 技术许可研究等研究领域","intellectual-property","技术许可研究","6","associate|young|senior"
"law","0301","法学","知识产权 · 技术许可研究等研究领域","intellectual-property","文化版权研究","6","senior|young|associate"
"law","0301","法学","知识产权 · 技术许可研究等研究领域","intellectual-property","数字版权","6","senior|young|associate"
"law","0301","法学","知识产权 · 技术许可研究等研究领域","intellectual-property","知识产权评价","6","senior|young|associate"
"law","0301","法学","知识产权 · 技术许可研究等研究领域","intellectual-property","国际知识产权","6","young|associate|senior"
"law","0301","法学","知识产权 · 公共领域研究等研究领域","intellectual-property","公共领域研究","6","young|associate|senior"
"law","0301","法学","知识产权 · 公共领域研究等研究领域","intellectual-property","知识产权教育","6","young|associate|senior"
"law","0301","法学","知识产权 · 公共领域研究等研究领域","intellectual-property","专利权利要求与技术范围","6","young|associate|senior"
"law","0301","法学","法学综合 · 民商法等研究领域","law","民商法","6","young|associate|senior"
"law","0301","法学","法学综合 · 民商法等研究领域","law","公法与治理","7","senior|young|associate"
"law","0301","法学","法学综合 · 民商法等研究领域","law","法与科技","6","young|associate|senior"
"law","0301","法学","法学综合 · 刑法等研究领域","law","刑法","6","associate|young|senior"
"law","0301","法学","法学综合 · 刑法等研究领域","law","诉讼与证据","6","associate|young|senior"
"law","0301","法学","法学综合 · 刑法等研究领域","law","国际法","6","associate|young|senior"
"law","0301","法学","法学综合 · 知识产权等研究领域","law","知识产权","6","senior|young|associate"
"law","0301","法学","法学综合 · 知识产权等研究领域","law","环境法","6","senior|young|associate"
"law","0301","法学","法学综合 · 知识产权等研究领域","law","劳动与社会保障法","6","senior|young|associate"
"law","0302","政治学","政治理论与制度","politics","比较政治","6","young|associate|senior"
"law","0302","政治学","政治理论与制度","politics","政治思想","6","associate|young|senior"
"law","0302","政治学","政治理论与制度","politics","政治行为","6","associate|young|senior"
"law","0302","政治学","政治理论与制度","politics","政治制度","6","associate|young|senior"
"law","0302","政治学","政治理论与制度","politics","政治传播","6","senior|young|associate"
"law","0302","政治学","国际政治与关系","politics","国际关系","6","young|associate|senior"
"law","0302","政治学","国际政治与关系","politics","区域与国别研究","6","senior|young|associate"
"law","0302","政治学","国际政治与关系","politics","全球治理","6","senior|young|associate"
"law","0302","政治学","公共政策","politics","公共政策","6","young|associate|senior"
"law","0303","社会学","社会学研究 · 社会分层等研究领域","sociology","社会分层","7","senior|young|associate"
"law","0303","社会学","社会学研究 · 社会分层等研究领域","sociology","组织与网络","6","young|associate|senior"
"law","0303","社会学","社会学研究 · 社会分层等研究领域","sociology","城市与社区","6","young|associate|senior"
"law","0303","社会学","社会学研究 · 人口与家庭等研究领域","sociology","人口与家庭","6","associate|young|senior"
"law","0303","社会学","社会学研究 · 人口与家庭等研究领域","sociology","劳动与职业","6","associate|young|senior"
"law","0303","社会学","社会学研究 · 人口与家庭等研究领域","sociology","健康与医学社会学","6","associate|young|senior"
"law","0303","社会学","社会学研究 · 数字社会学等研究领域","sociology","数字社会学","6","senior|young|associate"
"law","0303","社会学","社会学研究 · 数字社会学等研究领域","sociology","文化社会学","6","senior|young|associate"
"law","0303","社会学","社会学研究 · 数字社会学等研究领域","sociology","社会方法研究","6","senior|young|associate"
"law","0303","社会学","人类学 · 文化人类学等研究领域","anthropology","文化人类学","7","senior|young|associate"
"law","0303","社会学","人类学 · 文化人类学等研究领域","anthropology","社会人类学","6","young|associate|senior"
"law","0303","社会学","人类学 · 文化人类学等研究领域","anthropology","环境与技术人类学","6","young|associate|senior"
"law","0303","社会学","人类学 · 城市人类学等研究领域","anthropology","城市人类学","6","associate|young|senior"
"law","0303","社会学","人类学 · 城市人类学等研究领域","anthropology","医学人类学","6","associate|young|senior"
"law","0303","社会学","人类学 · 城市人类学等研究领域","anthropology","数字人类学","6","associate|young|senior"
"law","0303","社会学","人类学 · 经济人类学等研究领域","anthropology","经济人类学","6","senior|young|associate"
"law","0303","社会学","人类学 · 经济人类学等研究领域","anthropology","语言人类学","6","senior|young|associate"
"law","0303","社会学","人类学 · 经济人类学等研究领域","anthropology","遗产与公众人类学","6","senior|young|associate"
"law","0303","社会学","社会调查与民族志 · 社会调查等研究领域","field","社会调查","6","young|associate|senior"
"law","0303","社会学","社会调查与民族志 · 社会调查等研究领域","field","文化人类学","7","senior|young|associate"
"law","0303","社会学","社会调查与民族志 · 社会调查等研究领域","field","社会网络","6","young|associate|senior"
"law","0303","社会学","社会调查与民族志 · 劳动与组织调查等研究领域","field","劳动与组织调查","6","associate|young|senior"
"law","0303","社会学","社会调查与民族志 · 劳动与组织调查等研究领域","field","城市田野","6","associate|young|senior"
"law","0303","社会学","社会调查与民族志 · 劳动与组织调查等研究领域","field","数字社会田野","6","associate|young|senior"
"law","0303","社会学","社会调查与民族志 · 迁移与流动等研究领域","field","迁移与流动","6","senior|young|associate"
"law","0303","社会学","社会调查与民族志 · 迁移与流动等研究领域","field","家庭与亲属研究","6","senior|young|associate"
"law","0303","社会学","社会调查与民族志 · 迁移与流动等研究领域","field","民族志写作","6","senior|young|associate"
"law","0304","民族学","民族理论与文化 · 民族理论等研究领域","ethnology-studies","民族理论","6","young|associate|senior"
"law","0304","民族学","民族理论与文化 · 民族理论等研究领域","ethnology-studies","民族历史","6","young|associate|senior"
"law","0304","民族学","民族理论与文化 · 民族理论等研究领域","ethnology-studies","民族社会","6","young|associate|senior"
"law","0304","民族学","民族理论与文化 · 民族理论等研究领域","ethnology-studies","民族文化","6","associate|young|senior"
"law","0304","民族学","民族理论与文化 · 民族经济等研究领域","ethnology-studies","民族经济","6","associate|young|senior"
"law","0304","民族学","民族理论与文化 · 民族经济等研究领域","ethnology-studies","族群关系","6","associate|young|senior"
"law","0304","民族学","民族理论与文化 · 民族经济等研究领域","ethnology-studies","语言与社会","6","senior|young|associate"
"law","0304","民族学","民族理论与文化 · 民族经济等研究领域","ethnology-studies","民族地区教育","6","senior|young|associate"
"law","0304","民族学","民族理论与文化 · 社区记忆等研究领域","ethnology-studies","社区记忆","6","senior|young|associate"
"law","0304","民族学","民族理论与文化 · 社区记忆等研究领域","ethnology-studies","文化传承","6","young|associate|senior"
"law","0304","民族学","民族理论与文化 · 社区记忆等研究领域","ethnology-studies","民族志方法","6","young|associate|senior"
"law","0304","民族学","民族理论与文化 · 社区记忆等研究领域","ethnology-studies","民族学文献","6","young|associate|senior"
"law","0305","马克思主义理论","理论文本与教育 · 马克思主义基本原理等研究领域","marxism-studies","马克思主义基本原理","6","young|associate|senior"
"law","0305","马克思主义理论","理论文本与教育 · 马克思主义基本原理等研究领域","marxism-studies","马克思主义发展史","6","young|associate|senior"
"law","0305","马克思主义理论","理论文本与教育 · 马克思主义基本原理等研究领域","marxism-studies","马克思主义中国化研究","6","young|associate|senior"
"law","0305","马克思主义理论","理论文本与教育 · 马克思主义基本原理等研究领域","marxism-studies","国外马克思主义研究","6","associate|young|senior"
"law","0305","马克思主义理论","理论文本与教育 · 思想政治教育等研究领域","marxism-studies","思想政治教育","6","associate|young|senior"
"law","0305","马克思主义理论","理论文本与教育 · 思想政治教育等研究领域","marxism-studies","中国近现代史基本问题","6","associate|young|senior"
"law","0305","马克思主义理论","理论文本与教育 · 思想政治教育等研究领域","marxism-studies","经典文本研究","6","senior|young|associate"
"law","0305","马克思主义理论","理论文本与教育 · 思想政治教育等研究领域","marxism-studies","劳动与社会理论","6","senior|young|associate"
"law","0305","马克思主义理论","理论文本与教育 · 意识形态理论史等研究领域","marxism-studies","意识形态理论史","6","senior|young|associate"
"law","0305","马克思主义理论","理论文本与教育 · 意识形态理论史等研究领域","marxism-studies","理论传播","6","young|associate|senior"
"law","0305","马克思主义理论","理论文本与教育 · 意识形态理论史等研究领域","marxism-studies","比较理论文本","6","young|associate|senior"
"law","0305","马克思主义理论","理论文本与教育 · 意识形态理论史等研究领域","marxism-studies","理论教育研究","6","young|associate|senior"
"law","0306","公安学","公安组织与公共服务 · 公安学基础等研究领域","police-studies","公安学基础","6","young|associate|senior"
"law","0306","公安学","公安组织与公共服务 · 公安学基础等研究领域","police-studies","警务组织史","6","young|associate|senior"
"law","0306","公安学","公安组织与公共服务 · 公安学基础等研究领域","police-studies","社区警务研究","6","young|associate|senior"
"law","0306","公安学","公安组织与公共服务 · 公安学基础等研究领域","police-studies","警务公共服务","6","associate|young|senior"
"law","0306","公安学","公安组织与公共服务 · 警务伦理等研究领域","police-studies","警务伦理","6","associate|young|senior"
"law","0306","公安学","公安组织与公共服务 · 警务伦理等研究领域","police-studies","公共安全感","6","associate|young|senior"
"law","0306","公安学","公安组织与公共服务 · 警务伦理等研究领域","police-studies","公安教育","6","senior|young|associate"
"law","0306","公安学","公安组织与公共服务 · 警务伦理等研究领域","police-studies","警务协作制度","6","senior|young|associate"
"law","0306","公安学","公安组织与公共服务 · 警务社会学等研究领域","police-studies","警务社会学","6","senior|young|associate"
"law","0306","公安学","公安组织与公共服务 · 警务社会学等研究领域","police-studies","警务资料质量","6","young|associate|senior"
"law","0306","公安学","公安组织与公共服务 · 警务社会学等研究领域","police-studies","警务政策史","6","young|associate|senior"
"law","0306","公安学","公安组织与公共服务 · 警务社会学等研究领域","police-studies","警民沟通研究","6","young|associate|senior"
"law","0307","中共党史党建学","党史与组织制度 · 党史文献等研究领域","party-history-studies","党史文献","6","young|associate|senior"
"law","0307","中共党史党建学","党史与组织制度 · 党史文献等研究领域","party-history-studies","组织制度史","6","young|associate|senior"
"law","0307","中共党史党建学","党史与组织制度 · 党史文献等研究领域","party-history-studies","地方党史","6","young|associate|senior"
"law","0307","中共党史党建学","党史与组织制度 · 党史文献等研究领域","party-history-studies","党建理论","6","associate|young|senior"
"law","0307","中共党史党建学","党史与组织制度 · 基层组织研究等研究领域","party-history-studies","基层组织研究","6","associate|young|senior"
"law","0307","中共党史党建学","党史与组织制度 · 基层组织研究等研究领域","party-history-studies","党史人物资料","6","associate|young|senior"
"law","0307","中共党史党建学","党史与组织制度 · 基层组织研究等研究领域","party-history-studies","党史口述资料","6","senior|young|associate"
"law","0307","中共党史党建学","党史与组织制度 · 基层组织研究等研究领域","party-history-studies","党史教育","6","senior|young|associate"
"law","0307","中共党史党建学","党史与组织制度 · 党建传播等研究领域","party-history-studies","党建传播","6","senior|young|associate"
"law","0307","中共党史党建学","党史与组织制度 · 党建传播等研究领域","party-history-studies","制度比较资料","6","young|associate|senior"
"law","0307","中共党史党建学","党史与组织制度 · 党建传播等研究领域","party-history-studies","党史档案整理","6","young|associate|senior"
"law","0307","中共党史党建学","党史与组织制度 · 党建传播等研究领域","party-history-studies","党史学方法","6","young|associate|senior"
"law","0308","纪检监察学","制度与监督评价 · 纪检监察理论等研究领域","discipline-supervision","纪检监察理论","6","young|associate|senior"
"law","0308","纪检监察学","制度与监督评价 · 纪检监察理论等研究领域","discipline-supervision","监察制度史","6","young|associate|senior"
"law","0308","纪检监察学","制度与监督评价 · 纪检监察理论等研究领域","discipline-supervision","监察法学","6","young|associate|senior"
"law","0308","纪检监察学","制度与监督评价 · 纪检监察理论等研究领域","discipline-supervision","监督制度比较","6","associate|young|senior"
"law","0308","纪检监察学","制度与监督评价 · 廉洁教育等研究领域","discipline-supervision","廉洁教育","6","associate|young|senior"
"law","0308","纪检监察学","制度与监督评价 · 廉洁教育等研究领域","discipline-supervision","监督组织研究","6","associate|young|senior"
"law","0308","纪检监察学","制度与监督评价 · 廉洁教育等研究领域","discipline-supervision","公开案例研究","6","senior|young|associate"
"law","0308","纪检监察学","制度与监督评价 · 廉洁教育等研究领域","discipline-supervision","监察程序研究","6","senior|young|associate"
"law","0308","纪检监察学","制度与监督评价 · 监督评价资料等研究领域","discipline-supervision","监督评价资料","6","senior|young|associate"
"law","0308","纪检监察学","制度与监督评价 · 监督评价资料等研究领域","discipline-supervision","制度执行研究","6","young|associate|senior"
"law","0308","纪检监察学","制度与监督评价 · 监督评价资料等研究领域","discipline-supervision","廉洁文化","6","young|associate|senior"
"law","0308","纪检监察学","制度与监督评价 · 监督评价资料等研究领域","discipline-supervision","纪检监察文献","6","young|associate|senior"
"law","0351","法律","民商法律实务 · 民法与生活关系","civil-law","民法总论","6","young|associate|senior"
"law","0351","法律","民商法律实务 · 民法与生活关系","civil-law","合同法","6","young|associate|senior"
"law","0351","法律","民商法律实务 · 民法与生活关系","civil-law","物权法","6","young|associate|senior"
"law","0351","法律","民商法律实务 · 民法与生活关系","civil-law","侵权责任","6","associate|young|senior"
"law","0351","法律","民商法律实务 · 民法与生活关系","civil-law","家庭与继承","6","young|associate|senior"
"law","0351","法律","民商法律实务 · 商法与组织关系","civil-law","公司法","6","associate|young|senior"
"law","0351","法律","民商法律实务 · 商法与组织关系","civil-law","证券法研究","6","associate|young|senior"
"law","0351","法律","民商法律实务 · 商法与组织关系","civil-law","破产法","6","senior|young|associate"
"law","0351","法律","民商法律实务 · 商法与组织关系","civil-law","保险法研究","6","senior|young|associate"
"law","0351","法律","民商法律实务 · 知识与数字交易","civil-law","知识产权","6","senior|young|associate"
"law","0351","法律","民商法律实务 · 知识与数字交易","civil-law","消费者保护","6","young|associate|senior"
"law","0351","法律","民商法律实务 · 知识与数字交易","civil-law","数字交易法","6","young|associate|senior"
"law","0351","法律","刑事法律实务 · 规范与刑事政策","criminal-law","刑法理论","6","young|associate|senior"
"law","0351","法律","刑事法律实务 · 规范与刑事政策","criminal-law","刑法史","6","young|associate|senior"
"law","0351","法律","刑事法律实务 · 规范与刑事政策","criminal-law","刑事政策","6","young|associate|senior"
"law","0351","法律","刑事法律实务 · 规范与刑事政策","criminal-law","刑罚理论","6","senior|young|associate"
"law","0351","法律","刑事法律实务 · 规范与刑事政策","criminal-law","比较刑法","6","young|associate|senior"
"law","0351","法律","刑事法律实务 · 程序与司法材料","criminal-law","刑事诉讼","6","associate|young|senior"
"law","0351","法律","刑事法律实务 · 程序与司法材料","criminal-law","证据研究","6","associate|young|senior"
"law","0351","法律","刑事法律实务 · 程序与司法材料","criminal-law","司法案例","6","senior|young|associate"
"law","0351","法律","刑事法律实务 · 程序与司法材料","criminal-law","刑事司法治理","6","young|associate|senior"
"law","0351","法律","刑事法律实务 · 犯罪与教育研究","criminal-law","犯罪学","6","associate|young|senior"
"law","0351","法律","刑事法律实务 · 犯罪与教育研究","criminal-law","少年司法","6","senior|young|associate"
"law","0351","法律","刑事法律实务 · 犯罪与教育研究","criminal-law","刑事法教育","6","young|associate|senior"
"law","0351","法律","行政法律实务 · 宪法理论等研究领域","constitutional-law","宪法理论","6","young|associate|senior"
"law","0351","法律","行政法律实务 · 宪法理论等研究领域","constitutional-law","基本权利","6","young|associate|senior"
"law","0351","法律","行政法律实务 · 宪法理论等研究领域","constitutional-law","行政法理论","6","young|associate|senior"
"law","0351","法律","行政法律实务 · 宪法理论等研究领域","constitutional-law","行政程序","6","associate|young|senior"
"law","0351","法律","行政法律实务 · 宪法理论等研究领域","constitutional-law","行政诉讼","6","associate|young|senior"
"law","0351","法律","行政法律实务 · 公共机构治理等研究领域","constitutional-law","公共机构治理","6","associate|young|senior"
"law","0351","法律","行政法律实务 · 公共机构治理等研究领域","constitutional-law","地方制度","6","senior|young|associate"
"law","0351","法律","行政法律实务 · 公共机构治理等研究领域","constitutional-law","比较宪法","6","senior|young|associate"
"law","0351","法律","行政法律实务 · 公共机构治理等研究领域","constitutional-law","法治评价","6","senior|young|associate"
"law","0351","法律","行政法律实务 · 公共机构治理等研究领域","constitutional-law","信息公开研究","6","young|associate|senior"
"law","0351","法律","行政法律实务 · 公共服务法等研究领域","constitutional-law","公共服务法","6","young|associate|senior"
"law","0351","法律","行政法律实务 · 公共服务法等研究领域","constitutional-law","数字行政","6","young|associate|senior"
"law","0351","法律","行政法律实务 · 公共服务法等研究领域","constitutional-law","行政裁量与比例原则","6","young|associate|senior"
"law","0351","法律","涉外法律实务 · 国际公法等研究领域","international-law","国际公法","6","young|associate|senior"
"law","0351","法律","涉外法律实务 · 国际公法等研究领域","international-law","国际私法","6","young|associate|senior"
"law","0351","法律","涉外法律实务 · 国际公法等研究领域","international-law","国际经济法","6","young|associate|senior"
"law","0351","法律","涉外法律实务 · 国际公法等研究领域","international-law","国际组织法","6","associate|young|senior"
"law","0351","法律","涉外法律实务 · 国际公法等研究领域","international-law","国际环境法","6","associate|young|senior"
"law","0351","法律","涉外法律实务 · 国际争端研究等研究领域","international-law","国际争端研究","6","associate|young|senior"
"law","0351","法律","涉外法律实务 · 国际争端研究等研究领域","international-law","比较民法","6","senior|young|associate"
"law","0351","法律","涉外法律实务 · 国际争端研究等研究领域","international-law","比较公法","6","senior|young|associate"
"law","0351","法律","涉外法律实务 · 国际争端研究等研究领域","international-law","跨境法律关系","6","senior|young|associate"
"law","0351","法律","涉外法律实务 · 国际争端研究等研究领域","international-law","区域法律制度","6","young|associate|senior"
"law","0351","法律","涉外法律实务 · 国际法史等研究领域","international-law","国际法史","6","young|associate|senior"
"law","0351","法律","涉外法律实务 · 国际法史等研究领域","international-law","法律翻译","6","young|associate|senior"
"law","0351","法律","涉外法律实务 · 国际法史等研究领域","international-law","条约解释与多语文本","6","young|associate|senior"
"law","0352","社会工作","个案小组与社区服务 · 工作方法与社区","social-work-studies","社会工作理论","6","young|associate|senior"
"law","0352","社会工作","个案小组与社区服务 · 工作方法与社区","social-work-studies","个案工作研究","6","young|associate|senior"
"law","0352","社会工作","个案小组与社区服务 · 工作方法与社区","social-work-studies","小组工作研究","6","young|associate|senior"
"law","0352","社会工作","个案小组与社区服务 · 工作方法与社区","social-work-studies","社区工作研究","6","associate|young|senior"
"law","0352","社会工作","个案小组与社区服务 · 家庭老年与服务评价","social-work-studies","儿童与家庭服务","6","associate|young|senior"
"law","0352","社会工作","个案小组与社区服务 · 家庭老年与服务评价","social-work-studies","老年社会服务","6","associate|young|senior"
"law","0352","社会工作","个案小组与社区服务 · 家庭老年与服务评价","social-work-studies","社会工作教育","6","senior|young|associate"
"law","0352","社会工作","个案小组与社区服务 · 家庭老年与服务评价","social-work-studies","社会服务评价","6","senior|young|associate"
"law","0352","社会工作","个案小组与社区服务 · 伦理协作与服务可及性","social-work-studies","社会工作伦理","6","senior|young|associate"
"law","0352","社会工作","个案小组与社区服务 · 伦理协作与服务可及性","social-work-studies","社会组织协作","6","young|associate|senior"
"law","0352","社会工作","个案小组与社区服务 · 伦理协作与服务可及性","social-work-studies","社会工作史","6","young|associate|senior"
"law","0352","社会工作","个案小组与社区服务 · 伦理协作与服务可及性","social-work-studies","服务可及性","6","young|associate|senior"
"law","0353","警务","警务服务与教育 · 公安学基础等研究领域","police-studies","公安学基础","6","young|associate|senior"
"law","0353","警务","警务服务与教育 · 公安学基础等研究领域","police-studies","警务组织史","6","young|associate|senior"
"law","0353","警务","警务服务与教育 · 公安学基础等研究领域","police-studies","社区警务研究","6","young|associate|senior"
"law","0353","警务","警务服务与教育 · 公安学基础等研究领域","police-studies","警务公共服务","6","associate|young|senior"
"law","0353","警务","警务服务与教育 · 警务伦理等研究领域","police-studies","警务伦理","6","associate|young|senior"
"law","0353","警务","警务服务与教育 · 警务伦理等研究领域","police-studies","公共安全感","6","associate|young|senior"
"law","0353","警务","警务服务与教育 · 警务伦理等研究领域","police-studies","公安教育","6","senior|young|associate"
"law","0353","警务","警务服务与教育 · 警务伦理等研究领域","police-studies","警务协作制度","6","senior|young|associate"
"law","0353","警务","警务服务与教育 · 警务社会学等研究领域","police-studies","警务社会学","6","senior|young|associate"
"law","0353","警务","警务服务与教育 · 警务社会学等研究领域","police-studies","警务资料质量","6","young|associate|senior"
"law","0353","警务","警务服务与教育 · 警务社会学等研究领域","police-studies","警务政策史","6","young|associate|senior"
"law","0353","警务","警务服务与教育 · 警务社会学等研究领域","police-studies","警民沟通研究","6","young|associate|senior"
"law","0354","知识产权","权利与创新研究 · 专利法研究等研究领域","intellectual-property","专利法研究","6","young|associate|senior"
"law","0354","知识产权","权利与创新研究 · 专利法研究等研究领域","intellectual-property","著作权研究","6","young|associate|senior"
"law","0354","知识产权","权利与创新研究 · 专利法研究等研究领域","intellectual-property","商标法研究","6","young|associate|senior"
"law","0354","知识产权","权利与创新研究 · 专利法研究等研究领域","intellectual-property","商业秘密制度","6","associate|young|senior"
"law","0354","知识产权","权利与创新研究 · 专利法研究等研究领域","intellectual-property","知识产权史","6","associate|young|senior"
"law","0354","知识产权","权利与创新研究 · 技术许可研究等研究领域","intellectual-property","技术许可研究","6","associate|young|senior"
"law","0354","知识产权","权利与创新研究 · 技术许可研究等研究领域","intellectual-property","文化版权研究","6","senior|young|associate"
"law","0354","知识产权","权利与创新研究 · 技术许可研究等研究领域","intellectual-property","数字版权","6","senior|young|associate"
"law","0354","知识产权","权利与创新研究 · 技术许可研究等研究领域","intellectual-property","知识产权评价","6","senior|young|associate"
"law","0354","知识产权","权利与创新研究 · 技术许可研究等研究领域","intellectual-property","国际知识产权","6","young|associate|senior"
"law","0354","知识产权","权利与创新研究 · 公共领域研究等研究领域","intellectual-property","公共领域研究","6","young|associate|senior"
"law","0354","知识产权","权利与创新研究 · 公共领域研究等研究领域","intellectual-property","知识产权教育","6","young|associate|senior"
"law","0354","知识产权","权利与创新研究 · 公共领域研究等研究领域","intellectual-property","专利权利要求与技术范围","6","young|associate|senior"
"law","0355","国际事务","国际关系","politics","国际关系","6","young|associate|senior"
"law","0355","国际事务","国际关系","politics","区域与国别研究","6","senior|young|associate"
"law","0355","国际事务","国际关系","politics","全球治理","6","senior|young|associate"
"law","0355","国际事务","涉外制度 · 国际公法等研究领域","international-law","国际公法","6","young|associate|senior"
"law","0355","国际事务","涉外制度 · 国际公法等研究领域","international-law","国际私法","6","young|associate|senior"
"law","0355","国际事务","涉外制度 · 国际公法等研究领域","international-law","国际经济法","6","young|associate|senior"
"law","0355","国际事务","涉外制度 · 国际公法等研究领域","international-law","国际组织法","6","associate|young|senior"
"law","0355","国际事务","涉外制度 · 国际公法等研究领域","international-law","国际环境法","6","associate|young|senior"
"law","0355","国际事务","涉外制度 · 国际争端研究等研究领域","international-law","国际争端研究","6","associate|young|senior"
"law","0355","国际事务","涉外制度 · 国际争端研究等研究领域","international-law","比较民法","6","senior|young|associate"
"law","0355","国际事务","涉外制度 · 国际争端研究等研究领域","international-law","比较公法","6","senior|young|associate"
"law","0355","国际事务","涉外制度 · 国际争端研究等研究领域","international-law","跨境法律关系","6","senior|young|associate"
"law","0355","国际事务","涉外制度 · 国际争端研究等研究领域","international-law","区域法律制度","6","young|associate|senior"
"law","0355","国际事务","涉外制度 · 国际法史等研究领域","international-law","国际法史","6","young|associate|senior"
"law","0355","国际事务","涉外制度 · 国际法史等研究领域","international-law","法律翻译","6","young|associate|senior"
"law","0355","国际事务","涉外制度 · 国际法史等研究领域","international-law","条约解释与多语文本","6","young|associate|senior"
"education","0401","教育学","教育学原理与教育史 · 教育哲学等研究领域","education-theory","教育哲学","6","young|associate|senior"
"education","0401","教育学","教育学原理与教育史 · 教育哲学等研究领域","education-theory","教育社会学","6","young|associate|senior"
"education","0401","教育学","教育学原理与教育史 · 教育哲学等研究领域","education-theory","教育史","6","young|associate|senior"
"education","0401","教育学","教育学原理与教育史 · 教育哲学等研究领域","education-theory","比较教育","6","associate|young|senior"
"education","0401","教育学","教育学原理与教育史 · 教育制度等研究领域","education-theory","教育制度","6","associate|young|senior"
"education","0401","教育学","教育学原理与教育史 · 教育制度等研究领域","education-theory","教育公平","6","associate|young|senior"
"education","0401","教育学","教育学原理与教育史 · 教育制度等研究领域","education-theory","教育伦理","6","senior|young|associate"
"education","0401","教育学","教育学原理与教育史 · 教育制度等研究领域","education-theory","家庭教育","6","senior|young|associate"
"education","0401","教育学","教育学原理与教育史 · 学校文化等研究领域","education-theory","学校文化","6","senior|young|associate"
"education","0401","教育学","教育学原理与教育史 · 学校文化等研究领域","education-theory","教育思想史","6","young|associate|senior"
"education","0401","教育学","教育学原理与教育史 · 学校文化等研究领域","education-theory","教育政策史","6","young|associate|senior"
"education","0401","教育学","教育学原理与教育史 · 学校文化等研究领域","education-theory","教育知识论","6","young|associate|senior"
"education","0401","教育学","课程与教学论 · 课程与教学设计","curriculum-studies","课程理论","6","young|associate|senior"
"education","0401","教育学","课程与教学论 · 课程与教学设计","curriculum-studies","教学设计","6","young|associate|senior"
"education","0401","教育学","课程与教学论 · 课程与教学设计","curriculum-studies","学科教学","6","associate|young|senior"
"education","0401","教育学","课程与教学论 · 课程与教学设计","curriculum-studies","教材分析","6","associate|young|senior"
"education","0401","教育学","课程与教学论 · 课程与教学设计","curriculum-studies","跨学科课程","6","young|associate|senior"
"education","0401","教育学","课程与教学论 · 课堂与学习过程","curriculum-studies","课堂研究","6","young|associate|senior"
"education","0401","教育学","课程与教学论 · 课堂与学习过程","curriculum-studies","项目学习","6","senior|young|associate"
"education","0401","教育学","课程与教学论 · 课堂与学习过程","curriculum-studies","探究教学","6","senior|young|associate"
"education","0401","教育学","课程与教学论 · 课堂与学习过程","curriculum-studies","课程实施","6","young|associate|senior"
"education","0401","教育学","课程与教学论 · 课堂与学习过程","curriculum-studies","探究学习与概念转变","6","young|associate|senior"
"education","0401","教育学","课程与教学论 · 反馈与评价","curriculum-studies","教师反馈","6","associate|young|senior"
"education","0401","教育学","课程与教学论 · 反馈与评价","curriculum-studies","学习评价","6","senior|young|associate"
"education","0401","教育学","课程与教学论 · 反馈与评价","curriculum-studies","教学反思","6","young|associate|senior"
"education","0401","教育学","学前与特殊教育 · 儿童发展等研究领域","early-education","儿童发展","6","young|associate|senior"
"education","0401","教育学","学前与特殊教育 · 儿童发展等研究领域","early-education","游戏与学习","6","young|associate|senior"
"education","0401","教育学","学前与特殊教育 · 儿童发展等研究领域","early-education","幼儿园课程","6","young|associate|senior"
"education","0401","教育学","学前与特殊教育 · 儿童发展等研究领域","early-education","家庭协作","6","associate|young|senior"
"education","0401","教育学","学前与特殊教育 · 融合教育等研究领域","early-education","融合教育","6","associate|young|senior"
"education","0401","教育学","学前与特殊教育 · 融合教育等研究领域","early-education","特殊教育评价","6","associate|young|senior"
"education","0401","教育学","学前与特殊教育 · 融合教育等研究领域","early-education","语言发展教育","6","senior|young|associate"
"education","0401","教育学","学前与特殊教育 · 融合教育等研究领域","early-education","感知与运动支持","6","senior|young|associate"
"education","0401","教育学","学前与特殊教育 · 支持技术等研究领域","early-education","支持技术","6","senior|young|associate"
"education","0401","教育学","学前与特殊教育 · 支持技术等研究领域","early-education","教育参与","6","young|associate|senior"
"education","0401","教育学","学前与特殊教育 · 支持技术等研究领域","early-education","早期教育环境","6","young|associate|senior"
"education","0401","教育学","学前与特殊教育 · 支持技术等研究领域","early-education","教育服务","6","young|associate|senior"
"education","0401","教育学","高等与职业教育 · 大学治理等研究领域","higher-education","大学治理","6","young|associate|senior"
"education","0401","教育学","高等与职业教育 · 大学治理等研究领域","higher-education","研究生教育","6","young|associate|senior"
"education","0401","教育学","高等与职业教育 · 大学治理等研究领域","higher-education","高等教育评价","6","young|associate|senior"
"education","0401","教育学","高等与职业教育 · 大学治理等研究领域","higher-education","职业教育","6","associate|young|senior"
"education","0401","教育学","高等与职业教育 · 大学治理等研究领域","higher-education","专业与课程","6","associate|young|senior"
"education","0401","教育学","高等与职业教育 · 大学生发展等研究领域","higher-education","大学生发展","6","associate|young|senior"
"education","0401","教育学","高等与职业教育 · 大学生发展等研究领域","higher-education","学术职业","6","senior|young|associate"
"education","0401","教育学","高等与职业教育 · 大学生发展等研究领域","higher-education","产教合作","6","senior|young|associate"
"education","0401","教育学","高等与职业教育 · 大学生发展等研究领域","higher-education","继续教育","6","senior|young|associate"
"education","0401","教育学","高等与职业教育 · 大学生发展等研究领域","higher-education","教育与就业","6","young|associate|senior"
"education","0401","教育学","高等与职业教育 · 国际教育等研究领域","higher-education","国际教育","6","young|associate|senior"
"education","0401","教育学","高等与职业教育 · 国际教育等研究领域","higher-education","校园支持","6","young|associate|senior"
"education","0401","教育学","高等与职业教育 · 国际教育等研究领域","higher-education","研究生指导与学术社会化","6","young|associate|senior"
"education","0401","教育学","教育技术 · 学习分析等研究领域","education-technology","学习分析","6","young|associate|senior"
"education","0401","教育学","教育技术 · 学习分析等研究领域","education-technology","数字学习环境","6","young|associate|senior"
"education","0401","教育学","教育技术 · 学习分析等研究领域","education-technology","在线协作","6","young|associate|senior"
"education","0401","教育学","教育技术 · 学习分析等研究领域","education-technology","教学媒体","6","associate|young|senior"
"education","0401","教育学","教育技术 · 学习分析等研究领域","education-technology","教育游戏","6","associate|young|senior"
"education","0401","教育学","教育技术 · 智能辅导评价等研究领域","education-technology","智能辅导评价","6","associate|young|senior"
"education","0401","教育学","教育技术 · 智能辅导评价等研究领域","education-technology","资源设计","6","senior|young|associate"
"education","0401","教育学","教育技术 · 智能辅导评价等研究领域","education-technology","教师数字实践","6","senior|young|associate"
"education","0401","教育学","教育技术 · 智能辅导评价等研究领域","education-technology","学习可及性","6","senior|young|associate"
"education","0401","教育学","教育技术 · 智能辅导评价等研究领域","education-technology","教育技术伦理","6","young|associate|senior"
"education","0401","教育学","教育技术 · 沉浸学习等研究领域","education-technology","沉浸学习","6","young|associate|senior"
"education","0401","教育学","教育技术 · 沉浸学习等研究领域","education-technology","技术整合","6","young|associate|senior"
"education","0401","教育学","教育技术 · 沉浸学习等研究领域","education-technology","学习反馈与自我调节","6","young|associate|senior"
"education","0401","教育学","教育综合 · 学习科学等研究领域","education","学习科学","7","young|associate|senior"
"education","0401","教育学","教育综合 · 学习科学等研究领域","education","课程与教学","6","young|associate|senior"
"education","0401","教育学","教育综合 · 学习科学等研究领域","education","教育技术","6","young|associate|senior"
"education","0401","教育学","教育综合 · 高等教育等研究领域","education","高等教育","6","associate|young|senior"
"education","0401","教育学","教育综合 · 高等教育等研究领域","education","特殊与融合教育","6","associate|young|senior"
"education","0401","教育学","教育综合 · 高等教育等研究领域","education","学前教育","6","associate|young|senior"
"education","0401","教育学","教育综合 · 教育评价等研究领域","education","教育评价","6","senior|young|associate"
"education","0401","教育学","教育综合 · 教育评价等研究领域","education","教师发展","6","senior|young|associate"
"education","0401","教育学","教育综合 · 教育评价等研究领域","education","比较与国际教育","6","senior|young|associate"
"education","0402","心理学","基础心理学","psychology-studies","基础心理学","6","young|associate|senior"
"education","0402","心理学","基础心理学","psychology-studies","认知心理学","6","young|associate|senior"
"education","0402","心理学","基础心理学","psychology-studies","社会心理学","6","associate|young|senior"
"education","0402","心理学","基础心理学","psychology-studies","人格心理学","6","associate|young|senior"
"education","0402","心理学","基础心理学","psychology-studies","心理学史","6","young|associate|senior"
"education","0402","心理学","发展与教育心理学","psychology-studies","发展心理学","6","young|associate|senior"
"education","0402","心理学","发展与教育心理学","psychology-studies","教育心理学","6","associate|young|senior"
"education","0402","心理学","应用心理学","psychology-studies","心理测量","6","senior|young|associate"
"education","0402","心理学","应用心理学","psychology-studies","心理统计","6","senior|young|associate"
"education","0402","心理学","应用心理学","psychology-studies","组织心理学","6","senior|young|associate"
"education","0402","心理学","应用心理学","psychology-studies","健康心理资料","6","young|associate|senior"
"education","0402","心理学","应用心理学","psychology-studies","咨询过程研究","6","young|associate|senior"
"education","0402","心理学","心理学综合 · 认知心理等研究领域","psychology","认知心理","6","young|associate|senior"
"education","0402","心理学","心理学综合 · 认知心理等研究领域","psychology","社会心理","7","young|associate|senior"
"education","0402","心理学","心理学综合 · 认知心理等研究领域","psychology","心理测量","6","young|associate|senior"
"education","0402","心理学","心理学综合 · 发展心理等研究领域","psychology","发展心理","6","associate|young|senior"
"education","0402","心理学","心理学综合 · 发展心理等研究领域","psychology","教育心理","6","associate|young|senior"
"education","0402","心理学","心理学综合 · 发展心理等研究领域","psychology","人格与个体差异","6","associate|young|senior"
"education","0402","心理学","心理学综合 · 健康心理等研究领域","psychology","健康心理","6","senior|young|associate"
"education","0402","心理学","心理学综合 · 健康心理等研究领域","psychology","组织心理","6","senior|young|associate"
"education","0402","心理学","心理学综合 · 健康心理等研究领域","psychology","心理方法与开放实践","6","senior|young|associate"
"education","0403","体育学","体育人文社会学","sport-studies","体育人文社会学","6","young|associate|senior"
"education","0403","体育学","体育人文社会学","sport-studies","大众体育","6","senior|young|associate"
"education","0403","体育学","体育人文社会学","sport-studies","体育赛事研究","6","young|associate|senior"
"education","0403","体育学","体育人文社会学","sport-studies","体育史","6","young|associate|senior"
"education","0403","体育学","运动人体科学","sport-studies","运动人体科学","6","young|associate|senior"
"education","0403","体育学","运动人体科学","sport-studies","运动学习","6","associate|young|senior"
"education","0403","体育学","运动人体科学","sport-studies","运动心理资料","6","associate|young|senior"
"education","0403","体育学","运动人体科学","sport-studies","运动测量","6","young|associate|senior"
"education","0403","体育学","体育教育训练学","sport-studies","体育教育训练学","6","young|associate|senior"
"education","0403","体育学","体育教育训练学","sport-studies","体育课程","6","senior|young|associate"
"education","0403","体育学","体育教育训练学","sport-studies","适应体育","6","senior|young|associate"
"education","0403","体育学","民族传统体育学","sport-studies","民族传统体育学","6","associate|young|senior"
"education","0403","体育学","运动研究综合 · 运动生理等研究领域","sports","运动生理","6","young|associate|senior"
"education","0403","体育学","运动研究综合 · 运动生理等研究领域","sports","运动训练","6","young|associate|senior"
"education","0403","体育学","运动研究综合 · 运动生理等研究领域","sports","运动心理","6","young|associate|senior"
"education","0403","体育学","运动研究综合 · 运动生物力学等研究领域","sports","运动生物力学","6","associate|young|senior"
"education","0403","体育学","运动研究综合 · 运动生物力学等研究领域","sports","体育教育","6","associate|young|senior"
"education","0403","体育学","运动研究综合 · 运动生物力学等研究领域","sports","体育社会研究","6","associate|young|senior"
"education","0403","体育学","运动研究综合 · 体育管理等研究领域","sports","体育管理","6","senior|young|associate"
"education","0403","体育学","运动研究综合 · 体育管理等研究领域","sports","运动康复","6","senior|young|associate"
"education","0403","体育学","运动研究综合 · 体育管理等研究领域","sports","运动数据分析","6","senior|young|associate"
"education","0451","教育","学科教学与课程 · 课程与教学设计","curriculum-studies","课程理论","6","young|associate|senior"
"education","0451","教育","学科教学与课程 · 课程与教学设计","curriculum-studies","教学设计","6","young|associate|senior"
"education","0451","教育","学科教学与课程 · 课程与教学设计","curriculum-studies","学科教学","6","associate|young|senior"
"education","0451","教育","学科教学与课程 · 课程与教学设计","curriculum-studies","教材分析","6","associate|young|senior"
"education","0451","教育","学科教学与课程 · 课程与教学设计","curriculum-studies","跨学科课程","6","young|associate|senior"
"education","0451","教育","学科教学与课程 · 课堂与学习过程","curriculum-studies","课堂研究","6","young|associate|senior"
"education","0451","教育","学科教学与课程 · 课堂与学习过程","curriculum-studies","项目学习","6","senior|young|associate"
"education","0451","教育","学科教学与课程 · 课堂与学习过程","curriculum-studies","探究教学","6","senior|young|associate"
"education","0451","教育","学科教学与课程 · 课堂与学习过程","curriculum-studies","课程实施","6","young|associate|senior"
"education","0451","教育","学科教学与课程 · 课堂与学习过程","curriculum-studies","探究学习与概念转变","6","young|associate|senior"
"education","0451","教育","学科教学与课程 · 反馈与评价","curriculum-studies","教师反馈","6","associate|young|senior"
"education","0451","教育","学科教学与课程 · 反馈与评价","curriculum-studies","学习评价","6","senior|young|associate"
"education","0451","教育","学科教学与课程 · 反馈与评价","curriculum-studies","教学反思","6","young|associate|senior"
"education","0451","教育","教育技术应用 · 学习分析等研究领域","education-technology","学习分析","6","young|associate|senior"
"education","0451","教育","教育技术应用 · 学习分析等研究领域","education-technology","数字学习环境","6","young|associate|senior"
"education","0451","教育","教育技术应用 · 学习分析等研究领域","education-technology","在线协作","6","young|associate|senior"
"education","0451","教育","教育技术应用 · 学习分析等研究领域","education-technology","教学媒体","6","associate|young|senior"
"education","0451","教育","教育技术应用 · 学习分析等研究领域","education-technology","教育游戏","6","associate|young|senior"
"education","0451","教育","教育技术应用 · 智能辅导评价等研究领域","education-technology","智能辅导评价","6","associate|young|senior"
"education","0451","教育","教育技术应用 · 智能辅导评价等研究领域","education-technology","资源设计","6","senior|young|associate"
"education","0451","教育","教育技术应用 · 智能辅导评价等研究领域","education-technology","教师数字实践","6","senior|young|associate"
"education","0451","教育","教育技术应用 · 智能辅导评价等研究领域","education-technology","学习可及性","6","senior|young|associate"
"education","0451","教育","教育技术应用 · 智能辅导评价等研究领域","education-technology","教育技术伦理","6","young|associate|senior"
"education","0451","教育","教育技术应用 · 沉浸学习等研究领域","education-technology","沉浸学习","6","young|associate|senior"
"education","0451","教育","教育技术应用 · 沉浸学习等研究领域","education-technology","技术整合","6","young|associate|senior"
"education","0451","教育","教育技术应用 · 沉浸学习等研究领域","education-technology","学习反馈与自我调节","6","young|associate|senior"
"education","0451","教育","高等与职业教育实务 · 大学治理等研究领域","higher-education","大学治理","6","young|associate|senior"
"education","0451","教育","高等与职业教育实务 · 大学治理等研究领域","higher-education","研究生教育","6","young|associate|senior"
"education","0451","教育","高等与职业教育实务 · 大学治理等研究领域","higher-education","高等教育评价","6","young|associate|senior"
"education","0451","教育","高等与职业教育实务 · 大学治理等研究领域","higher-education","职业教育","6","associate|young|senior"
"education","0451","教育","高等与职业教育实务 · 大学治理等研究领域","higher-education","专业与课程","6","associate|young|senior"
"education","0451","教育","高等与职业教育实务 · 大学生发展等研究领域","higher-education","大学生发展","6","associate|young|senior"
"education","0451","教育","高等与职业教育实务 · 大学生发展等研究领域","higher-education","学术职业","6","senior|young|associate"
"education","0451","教育","高等与职业教育实务 · 大学生发展等研究领域","higher-education","产教合作","6","senior|young|associate"
"education","0451","教育","高等与职业教育实务 · 大学生发展等研究领域","higher-education","继续教育","6","senior|young|associate"
"education","0451","教育","高等与职业教育实务 · 大学生发展等研究领域","higher-education","教育与就业","6","young|associate|senior"
"education","0451","教育","高等与职业教育实务 · 国际教育等研究领域","higher-education","国际教育","6","young|associate|senior"
"education","0451","教育","高等与职业教育实务 · 国际教育等研究领域","higher-education","校园支持","6","young|associate|senior"
"education","0451","教育","高等与职业教育实务 · 国际教育等研究领域","higher-education","研究生指导与学术社会化","6","young|associate|senior"
"education","0451","教育","学前与特殊教育实务 · 儿童发展等研究领域","early-education","儿童发展","6","young|associate|senior"
"education","0451","教育","学前与特殊教育实务 · 儿童发展等研究领域","early-education","游戏与学习","6","young|associate|senior"
"education","0451","教育","学前与特殊教育实务 · 儿童发展等研究领域","early-education","幼儿园课程","6","young|associate|senior"
"education","0451","教育","学前与特殊教育实务 · 儿童发展等研究领域","early-education","家庭协作","6","associate|young|senior"
"education","0451","教育","学前与特殊教育实务 · 融合教育等研究领域","early-education","融合教育","6","associate|young|senior"
"education","0451","教育","学前与特殊教育实务 · 融合教育等研究领域","early-education","特殊教育评价","6","associate|young|senior"
"education","0451","教育","学前与特殊教育实务 · 融合教育等研究领域","early-education","语言发展教育","6","senior|young|associate"
"education","0451","教育","学前与特殊教育实务 · 融合教育等研究领域","early-education","感知与运动支持","6","senior|young|associate"
"education","0451","教育","学前与特殊教育实务 · 支持技术等研究领域","early-education","支持技术","6","senior|young|associate"
"education","0451","教育","学前与特殊教育实务 · 支持技术等研究领域","early-education","教育参与","6","young|associate|senior"
"education","0451","教育","学前与特殊教育实务 · 支持技术等研究领域","early-education","早期教育环境","6","young|associate|senior"
"education","0451","教育","学前与特殊教育实务 · 支持技术等研究领域","early-education","教育服务","6","young|associate|senior"
"education","0452","体育","体育教育与活动评价 · 体育理论与专门学科","sport-studies","体育人文社会学","6","young|associate|senior"
"education","0452","体育","体育教育与活动评价 · 体育理论与专门学科","sport-studies","运动人体科学","6","young|associate|senior"
"education","0452","体育","体育教育与活动评价 · 体育理论与专门学科","sport-studies","体育教育训练学","6","young|associate|senior"
"education","0452","体育","体育教育与活动评价 · 体育理论与专门学科","sport-studies","民族传统体育学","6","associate|young|senior"
"education","0452","体育","体育教育与活动评价 · 运动学习与课程活动","sport-studies","运动学习","6","associate|young|senior"
"education","0452","体育","体育教育与活动评价 · 运动学习与课程活动","sport-studies","运动心理资料","6","associate|young|senior"
"education","0452","体育","体育教育与活动评价 · 运动学习与课程活动","sport-studies","体育课程","6","senior|young|associate"
"education","0452","体育","体育教育与活动评价 · 运动学习与课程活动","sport-studies","大众体育","6","senior|young|associate"
"education","0452","体育","体育教育与活动评价 · 赛事测量与体育史","sport-studies","适应体育","6","senior|young|associate"
"education","0452","体育","体育教育与活动评价 · 赛事测量与体育史","sport-studies","体育赛事研究","6","young|associate|senior"
"education","0452","体育","体育教育与活动评价 · 赛事测量与体育史","sport-studies","运动测量","6","young|associate|senior"
"education","0452","体育","体育教育与活动评价 · 赛事测量与体育史","sport-studies","体育史","6","young|associate|senior"
"education","0453","国际中文教育","中文学习与跨文化教学 · 中文作为第二语言等研究领域","chinese-education","中文作为第二语言","6","young|associate|senior"
"education","0453","国际中文教育","中文学习与跨文化教学 · 中文作为第二语言等研究领域","chinese-education","中文教学设计","6","young|associate|senior"
"education","0453","国际中文教育","中文学习与跨文化教学 · 中文作为第二语言等研究领域","chinese-education","国际中文教材","6","young|associate|senior"
"education","0453","国际中文教育","中文学习与跨文化教学 · 中文作为第二语言等研究领域","chinese-education","汉字学习","6","associate|young|senior"
"education","0453","国际中文教育","中文学习与跨文化教学 · 中文语音教学等研究领域","chinese-education","中文语音教学","6","associate|young|senior"
"education","0453","国际中文教育","中文学习与跨文化教学 · 中文语音教学等研究领域","chinese-education","课堂互动","6","associate|young|senior"
"education","0453","国际中文教育","中文学习与跨文化教学 · 中文语音教学等研究领域","chinese-education","中文学习评价","6","senior|young|associate"
"education","0453","国际中文教育","中文学习与跨文化教学 · 中文语音教学等研究领域","chinese-education","跨文化教学","6","senior|young|associate"
"education","0453","国际中文教育","中文学习与跨文化教学 · 中文教师发展等研究领域","chinese-education","中文教师发展","6","senior|young|associate"
"education","0453","国际中文教育","中文学习与跨文化教学 · 中文教师发展等研究领域","chinese-education","在线中文教育","6","young|associate|senior"
"education","0453","国际中文教育","中文学习与跨文化教学 · 中文教师发展等研究领域","chinese-education","学习者语料","6","young|associate|senior"
"education","0453","国际中文教育","中文学习与跨文化教学 · 中文教师发展等研究领域","chinese-education","国际中文教育史","6","young|associate|senior"
"education","0454","应用心理","测量与心理服务研究 · 基础认知与发展教育","psychology-studies","社会心理学","6","associate|young|senior"
"education","0454","应用心理","测量与心理服务研究 · 基础认知与发展教育","psychology-studies","人格心理学","6","associate|young|senior"
"education","0454","应用心理","测量与心理服务研究 · 基础认知与发展教育","psychology-studies","心理测量","6","senior|young|associate"
"education","0454","应用心理","测量与心理服务研究 · 社会人格与测量统计","psychology-studies","心理统计","6","senior|young|associate"
"education","0454","应用心理","测量与心理服务研究 · 社会人格与测量统计","psychology-studies","组织心理学","6","senior|young|associate"
"education","0454","应用心理","测量与心理服务研究 · 社会人格与测量统计","psychology-studies","健康心理资料","6","young|associate|senior"
"education","0454","应用心理","测量与心理服务研究 · 组织健康与服务研究","psychology-studies","咨询过程研究","6","young|associate|senior"
"literature","0501","中国语言文学","语言与古典文献","chinese-language","汉语语法","6","associate|young|senior"
"literature","0501","中国语言文学","语言与古典文献","chinese-language","汉语词汇","6","associate|young|senior"
"literature","0501","中国语言文学","语言与古典文献","chinese-language","汉语方言","6","senior|young|associate"
"literature","0501","中国语言文学","语言与古典文献","chinese-language","古典文献","6","senior|young|associate"
"literature","0501","中国语言文学","语言与古典文献","chinese-language","古籍异文与校勘","6","young|associate|senior"
"literature","0501","中国语言文学","文学史与理论 · 文学史与作品","chinese-language","古代文学","6","young|associate|senior"
"literature","0501","中国语言文学","文学史与理论 · 文学史与作品","chinese-language","现代文学","6","young|associate|senior"
"literature","0501","中国语言文学","文学史与理论 · 文学史与作品","chinese-language","当代文学","6","young|associate|senior"
"literature","0501","中国语言文学","文学史与理论 · 文学史与作品","chinese-language","地域文学","6","young|associate|senior"
"literature","0501","中国语言文学","文学史与理论 · 理论与表达","chinese-language","文艺理论","6","associate|young|senior"
"literature","0501","中国语言文学","文学史与理论 · 理论与表达","chinese-language","文学批评","6","senior|young|associate"
"literature","0501","中国语言文学","文学史与理论 · 理论与表达","chinese-language","文学与媒介","6","young|associate|senior"
"literature","0501","中国语言文学","文学史与理论 · 理论与表达","chinese-language","文学教育","6","young|associate|senior"
"literature","0501","中国语言文学","中国文学综合 · 文学史等研究领域","humanities","文学史","7","senior|young|associate"
"literature","0501","中国语言文学","中国文学综合 · 文学史等研究领域","humanities","比较文学","6","young|associate|senior"
"literature","0501","中国语言文学","中国文学综合 · 文学史等研究领域","humanities","数字人文","6","young|associate|senior"
"literature","0501","中国语言文学","中国文学综合 · 古典文学等研究领域","humanities","古典文学","6","associate|young|senior"
"literature","0501","中国语言文学","中国文学综合 · 古典文学等研究领域","humanities","现当代文学","6","associate|young|senior"
"literature","0501","中国语言文学","中国文学综合 · 古典文学等研究领域","humanities","文艺理论","6","associate|young|senior"
"literature","0501","中国语言文学","中国文学综合 · 叙事与文体等研究领域","humanities","叙事与文体","6","senior|young|associate"
"literature","0501","中国语言文学","中国文学综合 · 叙事与文体等研究领域","humanities","书籍与阅读史","6","senior|young|associate"
"literature","0501","中国语言文学","中国文学综合 · 叙事与文体等研究领域","humanities","文学与媒介","6","senior|young|associate"
"literature","0502","外国语言文学","外国文学与比较文学 · 英语文学等研究领域","foreign-literatures","英语文学","6","young|associate|senior"
"literature","0502","外国语言文学","外国文学与比较文学 · 英语文学等研究领域","foreign-literatures","法语文学","6","young|associate|senior"
"literature","0502","外国语言文学","外国文学与比较文学 · 英语文学等研究领域","foreign-literatures","德语文学","6","young|associate|senior"
"literature","0502","外国语言文学","外国文学与比较文学 · 英语文学等研究领域","foreign-literatures","俄语文学","6","associate|young|senior"
"literature","0502","外国语言文学","外国文学与比较文学 · 日本文学等研究领域","foreign-literatures","日本文学","6","associate|young|senior"
"literature","0502","外国语言文学","外国文学与比较文学 · 日本文学等研究领域","foreign-literatures","韩国文学","6","associate|young|senior"
"literature","0502","外国语言文学","外国文学与比较文学 · 日本文学等研究领域","foreign-literatures","跨文化比较","6","senior|young|associate"
"literature","0502","外国语言文学","外国文学与比较文学 · 日本文学等研究领域","foreign-literatures","世界文学","6","senior|young|associate"
"literature","0502","外国语言文学","外国文学与比较文学 · 文学翻译等研究领域","foreign-literatures","文学翻译","6","senior|young|associate"
"literature","0502","外国语言文学","外国文学与比较文学 · 文学翻译等研究领域","foreign-literatures","后殖民研究","6","young|associate|senior"
"literature","0502","外国语言文学","外国文学与比较文学 · 文学翻译等研究领域","foreign-literatures","文学与迁移","6","young|associate|senior"
"literature","0502","外国语言文学","外国文学与比较文学 · 文学翻译等研究领域","foreign-literatures","比较诗学","6","young|associate|senior"
"literature","0502","外国语言文学","语言学与应用语言学 · 语言结构","linguistics-studies","语音学","6","young|associate|senior"
"literature","0502","外国语言文学","语言学与应用语言学 · 语言结构","linguistics-studies","音系学","6","young|associate|senior"
"literature","0502","外国语言文学","语言学与应用语言学 · 语言结构","linguistics-studies","句法学","6","young|associate|senior"
"literature","0502","外国语言文学","语言学与应用语言学 · 语言结构","linguistics-studies","语义学","6","associate|young|senior"
"literature","0502","外国语言文学","语言学与应用语言学 · 使用与社会情境","linguistics-studies","语用学","6","associate|young|senior"
"literature","0502","外国语言文学","语言学与应用语言学 · 使用与社会情境","linguistics-studies","社会语言学","6","associate|young|senior"
"literature","0502","外国语言文学","语言学与应用语言学 · 使用与社会情境","linguistics-studies","语言接触","6","senior|young|associate"
"literature","0502","外国语言文学","语言学与应用语言学 · 使用与社会情境","linguistics-studies","语言政策","6","young|associate|senior"
"literature","0502","外国语言文学","语言学与应用语言学 · 使用与社会情境","linguistics-studies","语用学与会话含义","6","young|associate|senior"
"literature","0502","外国语言文学","语言学与应用语言学 · 学习与资料方法","linguistics-studies","心理语言学","6","senior|young|associate"
"literature","0502","外国语言文学","语言学与应用语言学 · 学习与资料方法","linguistics-studies","语料库语言学","6","senior|young|associate"
"literature","0502","外国语言文学","语言学与应用语言学 · 学习与资料方法","linguistics-studies","语言习得","6","young|associate|senior"
"literature","0502","外国语言文学","语言学与应用语言学 · 学习与资料方法","linguistics-studies","语言技术评价","6","young|associate|senior"
"literature","0502","外国语言文学","语言与翻译综合 · 语言学等研究领域","languages","语言学","6","young|associate|senior"
"literature","0502","外国语言文学","语言与翻译综合 · 语言学等研究领域","languages","翻译研究","7","associate|young|senior"
"literature","0502","外国语言文学","语言与翻译综合 · 语言学等研究领域","languages","第二语言习得","6","young|associate|senior"
"literature","0502","外国语言文学","语言与翻译综合 · 语音与音系等研究领域","languages","语音与音系","6","associate|young|senior"
"literature","0502","外国语言文学","语言与翻译综合 · 语音与音系等研究领域","languages","语法与句法","6","associate|young|senior"
"literature","0502","外国语言文学","语言与翻译综合 · 语音与音系等研究领域","languages","语义与语用","6","associate|young|senior"
"literature","0502","外国语言文学","语言与翻译综合 · 社会语言学等研究领域","languages","社会语言学","6","senior|young|associate"
"literature","0502","外国语言文学","语言与翻译综合 · 社会语言学等研究领域","languages","计算语言学","6","senior|young|associate"
"literature","0502","外国语言文学","语言与翻译综合 · 社会语言学等研究领域","languages","跨文化沟通","6","senior|young|associate"
"literature","0503","新闻传播学","新闻与传播理论 · 新闻史等研究领域","media-studies","新闻史","6","young|associate|senior"
"literature","0503","新闻传播学","新闻与传播理论 · 新闻史等研究领域","media-studies","新闻生产","6","young|associate|senior"
"literature","0503","新闻传播学","新闻与传播理论 · 新闻史等研究领域","media-studies","传播理论","6","young|associate|senior"
"literature","0503","新闻传播学","新闻与传播理论 · 新闻史等研究领域","media-studies","受众研究","6","associate|young|senior"
"literature","0503","新闻传播学","新闻与传播理论 · 平台传播等研究领域","media-studies","平台传播","6","associate|young|senior"
"literature","0503","新闻传播学","新闻与传播理论 · 平台传播等研究领域","media-studies","视觉传播","6","associate|young|senior"
"literature","0503","新闻传播学","新闻与传播理论 · 平台传播等研究领域","media-studies","健康传播","6","senior|young|associate"
"literature","0503","新闻传播学","新闻与传播理论 · 平台传播等研究领域","media-studies","科学传播","6","senior|young|associate"
"literature","0503","新闻传播学","新闻与传播理论 · 公共传播等研究领域","media-studies","公共传播","6","senior|young|associate"
"literature","0503","新闻传播学","新闻与传播理论 · 公共传播等研究领域","media-studies","媒介伦理","6","young|associate|senior"
"literature","0503","新闻传播学","新闻与传播理论 · 公共传播等研究领域","media-studies","数字新闻","6","young|associate|senior"
"literature","0503","新闻传播学","新闻与传播理论 · 公共传播等研究领域","media-studies","媒介档案","6","young|associate|senior"
"literature","0503","新闻传播学","新闻传播综合 · 新闻研究等研究领域","journalism","新闻研究","6","young|associate|senior"
"literature","0503","新闻传播学","新闻传播综合 · 新闻研究等研究领域","journalism","传播与媒介","7","senior|young|associate"
"literature","0503","新闻传播学","新闻传播综合 · 新闻研究等研究领域","journalism","计算传播","6","young|associate|senior"
"literature","0503","新闻传播学","新闻传播综合 · 受众研究等研究领域","journalism","受众研究","6","associate|young|senior"
"literature","0503","新闻传播学","新闻传播综合 · 受众研究等研究领域","journalism","平台与算法传播","6","associate|young|senior"
"literature","0503","新闻传播学","新闻传播综合 · 受众研究等研究领域","journalism","健康传播","6","associate|young|senior"
"literature","0503","新闻传播学","新闻传播综合 · 公共与政治传播等研究领域","journalism","公共与政治传播","6","senior|young|associate"
"literature","0503","新闻传播学","新闻传播综合 · 公共与政治传播等研究领域","journalism","视觉与叙事传播","6","senior|young|associate"
"literature","0503","新闻传播学","新闻传播综合 · 公共与政治传播等研究领域","journalism","新闻伦理与事实核查","6","senior|young|associate"
"literature","0551","翻译","翻译理论与专业实践 · 翻译理论等研究领域","translation-studies","翻译理论","6","young|associate|senior"
"literature","0551","翻译","翻译理论与专业实践 · 翻译理论等研究领域","translation-studies","翻译史","6","young|associate|senior"
"literature","0551","翻译","翻译理论与专业实践 · 翻译理论等研究领域","translation-studies","文学翻译","6","young|associate|senior"
"literature","0551","翻译","翻译理论与专业实践 · 翻译理论等研究领域","translation-studies","口译研究","6","associate|young|senior"
"literature","0551","翻译","翻译理论与专业实践 · 翻译理论等研究领域","translation-studies","专业翻译","6","associate|young|senior"
"literature","0551","翻译","翻译理论与专业实践 · 视听翻译等研究领域","translation-studies","视听翻译","6","associate|young|senior"
"literature","0551","翻译","翻译理论与专业实践 · 视听翻译等研究领域","translation-studies","机器翻译评价","6","senior|young|associate"
"literature","0551","翻译","翻译理论与专业实践 · 视听翻译等研究领域","translation-studies","翻译技术","6","senior|young|associate"
"literature","0551","翻译","翻译理论与专业实践 · 视听翻译等研究领域","translation-studies","译者研究","6","senior|young|associate"
"literature","0551","翻译","翻译理论与专业实践 · 视听翻译等研究领域","translation-studies","翻译教育","6","young|associate|senior"
"literature","0551","翻译","翻译理论与专业实践 · 跨文化交流等研究领域","translation-studies","跨文化交流","6","young|associate|senior"
"literature","0551","翻译","翻译理论与专业实践 · 跨文化交流等研究领域","translation-studies","翻译伦理","6","young|associate|senior"
"literature","0551","翻译","翻译理论与专业实践 · 跨文化交流等研究领域","translation-studies","软件本地化与功能对等","6","young|associate|senior"
"literature","0552","新闻与传播","新闻生产与传播评价 · 新闻史等研究领域","media-studies","新闻史","6","young|associate|senior"
"literature","0552","新闻与传播","新闻生产与传播评价 · 新闻史等研究领域","media-studies","新闻生产","6","young|associate|senior"
"literature","0552","新闻与传播","新闻生产与传播评价 · 新闻史等研究领域","media-studies","传播理论","6","young|associate|senior"
"literature","0552","新闻与传播","新闻生产与传播评价 · 新闻史等研究领域","media-studies","受众研究","6","associate|young|senior"
"literature","0552","新闻与传播","新闻生产与传播评价 · 平台传播等研究领域","media-studies","平台传播","6","associate|young|senior"
"literature","0552","新闻与传播","新闻生产与传播评价 · 平台传播等研究领域","media-studies","视觉传播","6","associate|young|senior"
"literature","0552","新闻与传播","新闻生产与传播评价 · 平台传播等研究领域","media-studies","健康传播","6","senior|young|associate"
"literature","0552","新闻与传播","新闻生产与传播评价 · 平台传播等研究领域","media-studies","科学传播","6","senior|young|associate"
"literature","0552","新闻与传播","新闻生产与传播评价 · 公共传播等研究领域","media-studies","公共传播","6","senior|young|associate"
"literature","0552","新闻与传播","新闻生产与传播评价 · 公共传播等研究领域","media-studies","媒介伦理","6","young|associate|senior"
"literature","0552","新闻与传播","新闻生产与传播评价 · 公共传播等研究领域","media-studies","数字新闻","6","young|associate|senior"
"literature","0552","新闻与传播","新闻生产与传播评价 · 公共传播等研究领域","media-studies","媒介档案","6","young|associate|senior"
"literature","0552","新闻与传播","传播实务综合 · 新闻研究等研究领域","journalism","新闻研究","6","young|associate|senior"
"literature","0552","新闻与传播","传播实务综合 · 新闻研究等研究领域","journalism","传播与媒介","7","senior|young|associate"
"literature","0552","新闻与传播","传播实务综合 · 新闻研究等研究领域","journalism","计算传播","6","young|associate|senior"
"literature","0552","新闻与传播","传播实务综合 · 受众研究等研究领域","journalism","受众研究","6","associate|young|senior"
"literature","0552","新闻与传播","传播实务综合 · 受众研究等研究领域","journalism","平台与算法传播","6","associate|young|senior"
"literature","0552","新闻与传播","传播实务综合 · 受众研究等研究领域","journalism","健康传播","6","associate|young|senior"
"literature","0552","新闻与传播","传播实务综合 · 公共与政治传播等研究领域","journalism","公共与政治传播","6","senior|young|associate"
"literature","0552","新闻与传播","传播实务综合 · 公共与政治传播等研究领域","journalism","视觉与叙事传播","6","senior|young|associate"
"literature","0552","新闻与传播","传播实务综合 · 公共与政治传播等研究领域","journalism","新闻伦理与事实核查","6","senior|young|associate"
"literature","0553","出版","编辑与出版实务 · 出版史与编辑","publishing-studies","出版史","6","young|associate|senior"
"literature","0553","出版","编辑与出版实务 · 出版史与编辑","publishing-studies","编辑学","6","young|associate|senior"
"literature","0553","出版","编辑与出版实务 · 出版史与编辑","publishing-studies","学术出版","6","young|associate|senior"
"literature","0553","出版","编辑与出版实务 · 出版史与编辑","publishing-studies","数字出版","6","associate|young|senior"
"literature","0553","出版","编辑与出版实务 · 版权经营与读者","publishing-studies","出版版权","6","associate|young|senior"
"literature","0553","出版","编辑与出版实务 · 版权经营与读者","publishing-studies","出版经营资料","6","associate|young|senior"
"literature","0553","出版","编辑与出版实务 · 版权经营与读者","publishing-studies","读者研究","6","senior|young|associate"
"literature","0553","出版","编辑与出版实务 · 版权经营与读者","publishing-studies","出版伦理","6","senior|young|associate"
"literature","0553","出版","编辑与出版实务 · 设计技术与公共服务","publishing-studies","图书设计研究","6","senior|young|associate"
"literature","0553","出版","编辑与出版实务 · 设计技术与公共服务","publishing-studies","出版技术评价","6","young|associate|senior"
"literature","0553","出版","编辑与出版实务 · 设计技术与公共服务","publishing-studies","出版教育","6","young|associate|senior"
"literature","0553","出版","编辑与出版实务 · 设计技术与公共服务","publishing-studies","出版公共服务","6","young|associate|senior"
"history","0601","考古学","考古与遗产 · 聚落考古等研究领域","heritage-studies","聚落考古","6","young|associate|senior"
"history","0601","考古学","考古与遗产 · 聚落考古等研究领域","heritage-studies","城市考古","6","young|associate|senior"
"history","0601","考古学","考古与遗产 · 聚落考古等研究领域","heritage-studies","墓葬资料","6","young|associate|senior"
"history","0601","考古学","考古与遗产 · 聚落考古等研究领域","heritage-studies","陶瓷考古","6","associate|young|senior"
"history","0601","考古学","考古与遗产 · 建筑考古等研究领域","heritage-studies","建筑考古","6","associate|young|senior"
"history","0601","考古学","考古与遗产 · 建筑考古等研究领域","heritage-studies","水下考古资料","6","associate|young|senior"
"history","0601","考古学","考古与遗产 · 建筑考古等研究领域","heritage-studies","年代资料评价","6","senior|young|associate"
"history","0601","考古学","考古与遗产 · 建筑考古等研究领域","heritage-studies","遗产展示","6","senior|young|associate"
"history","0601","考古学","考古与遗产 · 遗产公众参与等研究领域","heritage-studies","遗产公众参与","6","senior|young|associate"
"history","0601","考古学","考古与遗产 · 遗产公众参与等研究领域","heritage-studies","保护史","6","young|associate|senior"
"history","0601","考古学","考古与遗产 · 遗产公众参与等研究领域","heritage-studies","博物馆史","6","young|associate|senior"
"history","0601","考古学","考古与遗产 · 遗产公众参与等研究领域","heritage-studies","考古档案","6","young|associate|senior"
"history","0601","考古学","考古学综合 · 田野考古等研究领域","archaeology","田野考古","7","associate|young|senior"
"history","0601","考古学","考古学综合 · 田野考古等研究领域","archaeology","科技考古","6","young|associate|senior"
"history","0601","考古学","考古学综合 · 田野考古等研究领域","archaeology","公共与文化遗产","6","young|associate|senior"
"history","0601","考古学","考古学综合 · 田野考古等研究领域","archaeology","史前考古","6","associate|young|senior"
"history","0601","考古学","考古学综合 · 历史考古等研究领域","archaeology","历史考古","6","associate|young|senior"
"history","0601","考古学","考古学综合 · 历史考古等研究领域","archaeology","环境考古","6","associate|young|senior"
"history","0601","考古学","考古学综合 · 历史考古等研究领域","archaeology","动物与植物考古","6","senior|young|associate"
"history","0601","考古学","考古学综合 · 历史考古等研究领域","archaeology","数字与空间考古","6","senior|young|associate"
"history","0601","考古学","考古学综合 · 遗产保护与管理等研究领域","archaeology","遗产保护与管理","6","senior|young|associate"
"history","0601","考古学","考古学综合 · 遗产保护与管理等研究领域","archaeology","地层关系与遗址形成","6","young|associate|senior"
"history","0602","中国史","中国历史研究 · 时期与地域","chinese-history","中国古代史","6","young|associate|senior"
"history","0602","中国史","中国历史研究 · 时期与地域","chinese-history","中国近现代史","6","young|associate|senior"
"history","0602","中国史","中国历史研究 · 时期与地域","chinese-history","地方史","6","senior|young|associate"
"history","0602","中国史","中国历史研究 · 时期与地域","chinese-history","中国历史地理","6","young|associate|senior"
"history","0602","中国史","中国历史研究 · 制度与社会过程","chinese-history","制度史","6","young|associate|senior"
"history","0602","中国史","中国历史研究 · 制度与社会过程","chinese-history","经济史","6","associate|young|senior"
"history","0602","中国史","中国历史研究 · 制度与社会过程","chinese-history","社会史","6","associate|young|senior"
"history","0602","中国史","中国历史研究 · 制度与社会过程","chinese-history","人口史","6","senior|young|associate"
"history","0602","中国史","中国历史研究 · 制度与社会过程","chinese-history","交通与交流史","6","young|associate|senior"
"history","0602","中国史","中国历史研究 · 思想文化与史学","chinese-history","文化史","6","associate|young|senior"
"history","0602","中国史","中国历史研究 · 思想文化与史学","chinese-history","思想史","6","senior|young|associate"
"history","0602","中国史","中国历史研究 · 思想文化与史学","chinese-history","中国史学史","6","young|associate|senior"
"history","0602","中国史","历史文献学 · 版本学等研究领域","historical-documents","版本学","6","young|associate|senior"
"history","0602","中国史","历史文献学 · 版本学等研究领域","historical-documents","目录学","6","young|associate|senior"
"history","0602","中国史","历史文献学 · 版本学等研究领域","historical-documents","校勘学","6","young|associate|senior"
"history","0602","中国史","历史文献学 · 版本学等研究领域","historical-documents","文献整理","6","associate|young|senior"
"history","0602","中国史","历史文献学 · 版本学等研究领域","historical-documents","手稿研究","6","associate|young|senior"
"history","0602","中国史","历史文献学 · 碑刻文献等研究领域","historical-documents","碑刻文献","6","associate|young|senior"
"history","0602","中国史","历史文献学 · 碑刻文献等研究领域","historical-documents","简牍文献","6","senior|young|associate"
"history","0602","中国史","历史文献学 · 碑刻文献等研究领域","historical-documents","地方志","6","senior|young|associate"
"history","0602","中国史","历史文献学 · 碑刻文献等研究领域","historical-documents","历史地图","6","senior|young|associate"
"history","0602","中国史","历史文献学 · 碑刻文献等研究领域","historical-documents","古籍数字化","6","young|associate|senior"
"history","0602","中国史","历史文献学 · 文本传承等研究领域","historical-documents","文本传承","6","young|associate|senior"
"history","0602","中国史","历史文献学 · 文本传承等研究领域","historical-documents","文献收藏史","6","young|associate|senior"
"history","0602","中国史","历史文献学 · 文本传承等研究领域","historical-documents","碑刻文献与地方记忆","6","young|associate|senior"
"history","0602","中国史","公众史学 · 口述历史等研究领域","public-history","口述历史","6","young|associate|senior"
"history","0602","中国史","公众史学 · 口述历史等研究领域","public-history","社区记忆","6","young|associate|senior"
"history","0602","中国史","公众史学 · 口述历史等研究领域","public-history","历史展览","6","young|associate|senior"
"history","0602","中国史","公众史学 · 口述历史等研究领域","public-history","数字公众史","6","associate|young|senior"
"history","0602","中国史","公众史学 · 历史影像等研究领域","public-history","历史影像","6","associate|young|senior"
"history","0602","中国史","公众史学 · 历史影像等研究领域","public-history","历史教育","6","associate|young|senior"
"history","0602","中国史","公众史学 · 历史影像等研究领域","public-history","纪念与记忆","6","senior|young|associate"
"history","0602","中国史","公众史学 · 历史影像等研究领域","public-history","地方博物馆","6","senior|young|associate"
"history","0602","中国史","公众史学 · 历史写作等研究领域","public-history","历史写作","6","senior|young|associate"
"history","0602","中国史","公众史学 · 历史写作等研究领域","public-history","公众档案","6","young|associate|senior"
"history","0602","中国史","公众史学 · 历史写作等研究领域","public-history","历史游戏评价","6","young|associate|senior"
"history","0602","中国史","公众史学 · 历史写作等研究领域","public-history","公共史学伦理","6","young|associate|senior"
"history","0602","中国史","历史研究综合 · 社会与文化史等研究领域","history","社会与文化史","7","associate|young|senior"
"history","0602","中国史","历史研究综合 · 社会与文化史等研究领域","history","历史地理","6","young|associate|senior"
"history","0602","中国史","历史研究综合 · 社会与文化史等研究领域","history","考古与物质文化","6","young|associate|senior"
"history","0602","中国史","历史研究综合 · 古代史等研究领域","history","古代史","6","associate|young|senior"
"history","0602","中国史","历史研究综合 · 古代史等研究领域","history","近现代史","6","associate|young|senior"
"history","0602","中国史","历史研究综合 · 古代史等研究领域","history","世界与全球史","6","associate|young|senior"
"history","0602","中国史","历史研究综合 · 经济史等研究领域","history","经济史","6","senior|young|associate"
"history","0602","中国史","历史研究综合 · 经济史等研究领域","history","科技史","6","senior|young|associate"
"history","0602","中国史","历史研究综合 · 经济史等研究领域","history","口述与公众史","6","senior|young|associate"
"history","0603","世界史","世界与区域历史 · 古代世界史等研究领域","world-history","古代世界史","6","young|associate|senior"
"history","0603","世界史","世界与区域历史 · 古代世界史等研究领域","world-history","中世纪史","6","young|associate|senior"
"history","0603","世界史","世界与区域历史 · 古代世界史等研究领域","world-history","世界近代史","6","young|associate|senior"
"history","0603","世界史","世界与区域历史 · 古代世界史等研究领域","world-history","世界现代史","6","associate|young|senior"
"history","0603","世界史","世界与区域历史 · 区域史等研究领域","world-history","区域史","6","associate|young|senior"
"history","0603","世界史","世界与区域历史 · 区域史等研究领域","world-history","全球史","6","associate|young|senior"
"history","0603","世界史","世界与区域历史 · 区域史等研究领域","world-history","国际关系史","6","senior|young|associate"
"history","0603","世界史","世界与区域历史 · 区域史等研究领域","world-history","殖民与帝国史","6","senior|young|associate"
"history","0603","世界史","世界与区域历史 · 跨国史等研究领域","world-history","跨国史","6","senior|young|associate"
"history","0603","世界史","世界与区域历史 · 跨国史等研究领域","world-history","世界经济史","6","young|associate|senior"
"history","0603","世界史","世界与区域历史 · 跨国史等研究领域","world-history","环境史","6","young|associate|senior"
"history","0603","世界史","世界与区域历史 · 跨国史等研究领域","world-history","世界史学史","6","young|associate|senior"
"history","0651","博物馆","收藏与展览研究 · 博物馆学等研究领域","museum-studies","博物馆学","6","young|associate|senior"
"history","0651","博物馆","收藏与展览研究 · 博物馆学等研究领域","museum-studies","藏品研究","6","young|associate|senior"
"history","0651","博物馆","收藏与展览研究 · 博物馆学等研究领域","museum-studies","展览策划","6","young|associate|senior"
"history","0651","博物馆","收藏与展览研究 · 博物馆学等研究领域","museum-studies","博物馆教育","6","associate|young|senior"
"history","0651","博物馆","收藏与展览研究 · 博物馆学等研究领域","museum-studies","藏品文献","6","associate|young|senior"
"history","0651","博物馆","收藏与展览研究 · 博物馆史等研究领域","museum-studies","博物馆史","6","associate|young|senior"
"history","0651","博物馆","收藏与展览研究 · 博物馆史等研究领域","museum-studies","数字博物馆","6","senior|young|associate"
"history","0651","博物馆","收藏与展览研究 · 博物馆史等研究领域","museum-studies","观众研究","6","senior|young|associate"
"history","0651","博物馆","收藏与展览研究 · 博物馆史等研究领域","museum-studies","社区博物馆","6","senior|young|associate"
"history","0651","博物馆","收藏与展览研究 · 博物馆史等研究领域","museum-studies","藏品来源研究","6","young|associate|senior"
"history","0651","博物馆","收藏与展览研究 · 展签写作等研究领域","museum-studies","展签写作","6","young|associate|senior"
"history","0651","博物馆","收藏与展览研究 · 展签写作等研究领域","museum-studies","博物馆伦理","6","young|associate|senior"
"history","0651","博物馆","收藏与展览研究 · 展签写作等研究领域","museum-studies","藏品来源与展示叙事","6","young|associate|senior"
"history","0651","博物馆","遗产公众参与","heritage-studies","遗产展示","6","senior|young|associate"
"history","0651","博物馆","遗产公众参与","heritage-studies","遗产公众参与","6","senior|young|associate"
"history","0651","博物馆","遗产公众参与","heritage-studies","保护史","6","young|associate|senior"
"history","0651","博物馆","遗产公众参与","heritage-studies","博物馆史","6","young|associate|senior"
"history","0651","博物馆","遗产公众参与","heritage-studies","考古档案","6","young|associate|senior"
"science","0701","数学","基础数学","theory","分析与微分方程","7","senior|young|associate"
"science","0701","数学","基础数学","theory","代数与数论","6","associate|young|senior"
"science","0701","数学","基础数学","theory","几何与拓扑","6","associate|young|senior"
"science","0701","数学","基础数学","theory","谱理论与算子近似","6","young|associate|senior"
"science","0701","数学","概率论与数理统计","theory","概率与数理统计","6","young|associate|senior"
"science","0701","数学","计算数学","theory","计算数学","6","associate|young|senior"
"science","0701","数学","应用数学","theory","动力系统","6","senior|young|associate"
"science","0701","数学","运筹学与控制论","theory","离散数学与优化","6","young|associate|senior"
"science","0701","数学","运筹学与控制论","theory","运筹学","6","senior|young|associate"
"science","0701","数学","运筹学与控制论","theory","组合与图论","6","senior|young|associate"
"science","0702","物理学","理论与统计物理","physics","理论与计算物理","7","young|associate|senior"
"science","0702","物理学","理论与统计物理","physics","统计物理","6","associate|young|senior"
"science","0702","物理学","理论与统计物理","physics","计算与数据物理","6","senior|young|associate"
"science","0702","物理学","理论与统计物理","physics","相变与有限尺寸标度","6","young|associate|senior"
"science","0702","物理学","凝聚态物理","physics","凝聚态物理","6","young|associate|senior"
"science","0702","物理学","原子分子与量子信息","physics","原子与分子物理","6","associate|young|senior"
"science","0702","物理学","原子分子与量子信息","physics","量子信息","6","senior|young|associate"
"science","0702","物理学","粒子核与等离子体资料","physics","粒子与核物理","6","associate|young|senior"
"science","0702","物理学","粒子核与等离子体资料","physics","等离子体与流体","6","senior|young|associate"
"science","0702","物理学","光学 · 几何光学等研究领域","photonics","几何光学","6","young|associate|senior"
"science","0702","物理学","光学 · 几何光学等研究领域","photonics","物理光学","6","young|associate|senior"
"science","0702","物理学","光学 · 几何光学等研究领域","photonics","量子光学理论","6","young|associate|senior"
"science","0702","物理学","光学 · 几何光学等研究领域","photonics","光谱研究","6","associate|young|senior"
"science","0702","物理学","光学 · 成像科学等研究领域","photonics","成像科学","6","associate|young|senior"
"science","0702","物理学","光学 · 成像科学等研究领域","photonics","光学材料","6","associate|young|senior"
"science","0702","物理学","光学 · 成像科学等研究领域","photonics","光电测量","6","senior|young|associate"
"science","0702","物理学","光学 · 成像科学等研究领域","photonics","光学仪器","6","senior|young|associate"
"science","0702","物理学","光学 · 计算成像等研究领域","photonics","计算成像","6","senior|young|associate"
"science","0702","物理学","光学 · 计算成像等研究领域","photonics","光学噪声","6","young|associate|senior"
"science","0702","物理学","光学 · 计算成像等研究领域","photonics","光学标定","6","young|associate|senior"
"science","0702","物理学","光学 · 计算成像等研究领域","photonics","光学数据复现","6","young|associate|senior"
"science","0702","物理学","光学与测量综合","physics","光学与测量","6","young|associate|senior"
"science","0703","化学","无机化学","chemistry","无机化学","6","associate|young|senior"
"science","0703","化学","有机化学","chemistry","有机化学","6","associate|young|senior"
"science","0703","化学","分析化学","chemistry","分析化学","7","senior|young|associate"
"science","0703","化学","物理与理论化学","chemistry","物理化学","6","young|associate|senior"
"science","0703","化学","物理与理论化学","chemistry","理论与计算化学","6","associate|young|senior"
"science","0703","化学","物理与理论化学","chemistry","电化学","6","senior|young|associate"
"science","0703","化学","高分子与交叉化学资料","chemistry","高分子与软材料","6","young|associate|senior"
"science","0703","化学","高分子与交叉化学资料","chemistry","环境化学","6","senior|young|associate"
"science","0703","化学","高分子与交叉化学资料","chemistry","化学生物学","6","senior|young|associate"
"science","0704","天文学","天体物理与观测 · 恒星与星系等研究领域","astronomy","恒星与星系","6","young|associate|senior"
"science","0704","天文学","天体物理与观测 · 恒星与星系等研究领域","astronomy","宇宙学","6","young|associate|senior"
"science","0704","天文学","天体物理与观测 · 恒星与星系等研究领域","astronomy","时域与观测技术","6","young|associate|senior"
"science","0704","天文学","天体物理与观测 · 太阳与空间环境等研究领域","astronomy","太阳与空间环境","6","associate|young|senior"
"science","0704","天文学","天体物理与观测 · 太阳与空间环境等研究领域","astronomy","行星与系外行星","6","associate|young|senior"
"science","0704","天文学","天体物理与观测 · 太阳与空间环境等研究领域","astronomy","星际介质","6","associate|young|senior"
"science","0704","天文学","天体物理与观测 · 高能与多信使观测等研究领域","astronomy","高能与多信使观测","6","senior|young|associate"
"science","0704","天文学","天体物理与观测 · 高能与多信使观测等研究领域","astronomy","天文数据分析","6","senior|young|associate"
"science","0704","天文学","天体物理与观测 · 高能与多信使观测等研究领域","astronomy","望远镜与观测系统","6","senior|young|associate"
"science","0705","地理学","人文地理与空间分析 · 空间分析与地理信息等研究领域","geography","空间分析与地理信息","7","associate|young|senior"
"science","0705","地理学","人文地理与空间分析 · 空间分析与地理信息等研究领域","geography","人文地理","6","young|associate|senior"
"science","0705","地理学","人文地理与空间分析 · 空间分析与地理信息等研究领域","geography","自然地理","6","young|associate|senior"
"science","0705","地理学","人文地理与空间分析 · 经济地理等研究领域","geography","经济地理","6","associate|young|senior"
"science","0705","地理学","人文地理与空间分析 · 经济地理等研究领域","geography","城市地理","6","associate|young|senior"
"science","0705","地理学","人文地理与空间分析 · 经济地理等研究领域","geography","旅游与文化地理","6","associate|young|senior"
"science","0705","地理学","人文地理与空间分析 · 遥感地理等研究领域","geography","遥感地理","6","senior|young|associate"
"science","0705","地理学","人文地理与空间分析 · 遥感地理等研究领域","geography","地理建模","6","senior|young|associate"
"science","0705","地理学","人文地理与空间分析 · 遥感地理等研究领域","geography","地理教育与公众地图","6","senior|young|associate"
"science","0705","地理学","自然地理与地球观察","earth","自然地理","6","young|associate|senior"
"science","0705","地理学","自然地理与地球观察","earth","水文与水资源","6","associate|young|senior"
"science","0705","地理学","自然地理与地球观察","earth","遥感与地球观测","6","associate|young|senior"
"science","0705","地理学","自然地理与地球观察","earth","地球系统建模","6","senior|young|associate"
"science","0705","地理学","自然地理与地球观察","earth","地质灾害与风险","6","senior|young|associate"
"science","0706","大气科学","气象与气候 · 大气物理化学与气候","atmospheric-science","气象学","6","young|associate|senior"
"science","0706","大气科学","气象与气候 · 大气物理化学与气候","atmospheric-science","大气物理","6","young|associate|senior"
"science","0706","大气科学","气象与气候 · 大气物理化学与气候","atmospheric-science","大气化学","6","young|associate|senior"
"science","0706","大气科学","气象与气候 · 大气物理化学与气候","atmospheric-science","气候学","6","associate|young|senior"
"science","0706","大气科学","气象与气候 · 观测遥感与资料同化","atmospheric-science","天气观测","6","associate|young|senior"
"science","0706","大气科学","气象与气候 · 观测遥感与资料同化","atmospheric-science","气候变化资料","6","associate|young|senior"
"science","0706","大气科学","气象与气候 · 观测遥感与资料同化","atmospheric-science","大气遥感","6","senior|young|associate"
"science","0706","大气科学","气象与气候 · 观测遥感与资料同化","atmospheric-science","气象资料同化","6","senior|young|associate"
"science","0706","大气科学","气象与气候 · 模式与气象服务","atmospheric-science","气象模式评价","6","senior|young|associate"
"science","0706","大气科学","气象与气候 · 模式与气象服务","atmospheric-science","城市气候","6","young|associate|senior"
"science","0706","大气科学","气象与气候 · 模式与气象服务","atmospheric-science","农业气象","6","young|associate|senior"
"science","0706","大气科学","气象与气候 · 模式与气象服务","atmospheric-science","气象服务评价","6","young|associate|senior"
"science","0706","大气科学","气象地球资料综合","earth","气象与气候","6","young|associate|senior"
"science","0707","海洋科学","海洋观察与模型 · 物理海洋等研究领域","ocean-science","物理海洋","6","young|associate|senior"
"science","0707","海洋科学","海洋观察与模型 · 物理海洋等研究领域","ocean-science","海洋化学","6","young|associate|senior"
"science","0707","海洋科学","海洋观察与模型 · 物理海洋等研究领域","ocean-science","海洋生态","6","young|associate|senior"
"science","0707","海洋科学","海洋观察与模型 · 物理海洋等研究领域","ocean-science","海洋地质","6","associate|young|senior"
"science","0707","海洋科学","海洋观察与模型 · 海气相互作用等研究领域","ocean-science","海气相互作用","6","associate|young|senior"
"science","0707","海洋科学","海洋观察与模型 · 海气相互作用等研究领域","ocean-science","海洋遥感","6","associate|young|senior"
"science","0707","海洋科学","海洋观察与模型 · 海气相互作用等研究领域","ocean-science","近岸过程","6","senior|young|associate"
"science","0707","海洋科学","海洋观察与模型 · 海气相互作用等研究领域","ocean-science","海洋观测","6","senior|young|associate"
"science","0707","海洋科学","海洋观察与模型 · 海洋时间序列等研究领域","ocean-science","海洋时间序列","6","senior|young|associate"
"science","0707","海洋科学","海洋观察与模型 · 海洋时间序列等研究领域","ocean-science","海洋模型","6","young|associate|senior"
"science","0707","海洋科学","海洋观察与模型 · 海洋时间序列等研究领域","ocean-science","海洋数据质量","6","young|associate|senior"
"science","0707","海洋科学","海洋观察与模型 · 海洋时间序列等研究领域","ocean-science","海洋环境史","6","young|associate|senior"
"science","0707","海洋科学","海洋地球资料综合","earth","海洋科学","6","associate|young|senior"
"science","0708","地球物理学","地球物理观察与反演 · 固体地球物理等研究领域","geophysics-studies","固体地球物理","6","young|associate|senior"
"science","0708","地球物理学","地球物理观察与反演 · 固体地球物理等研究领域","geophysics-studies","地球动力学","6","young|associate|senior"
"science","0708","地球物理学","地球物理观察与反演 · 固体地球物理等研究领域","geophysics-studies","地震观测","6","young|associate|senior"
"science","0708","地球物理学","地球物理观察与反演 · 固体地球物理等研究领域","geophysics-studies","地磁观测","6","associate|young|senior"
"science","0708","地球物理学","地球物理观察与反演 · 重力资料等研究领域","geophysics-studies","重力资料","6","associate|young|senior"
"science","0708","地球物理学","地球物理观察与反演 · 重力资料等研究领域","geophysics-studies","地球物理反演","6","associate|young|senior"
"science","0708","地球物理学","地球物理观察与反演 · 重力资料等研究领域","geophysics-studies","岩石物理","6","senior|young|associate"
"science","0708","地球物理学","地球物理观察与反演 · 重力资料等研究领域","geophysics-studies","地球化学资料","6","senior|young|associate"
"science","0708","地球物理学","地球物理观察与反演 · 构造研究等研究领域","geophysics-studies","构造研究","6","senior|young|associate"
"science","0708","地球物理学","地球物理观察与反演 · 构造研究等研究领域","geophysics-studies","地球系统模型","6","young|associate|senior"
"science","0708","地球物理学","地球物理观察与反演 · 构造研究等研究领域","geophysics-studies","地球观测质控","6","young|associate|senior"
"science","0708","地球物理学","地球物理观察与反演 · 构造研究等研究领域","geophysics-studies","地学数据复现","6","young|associate|senior"
"science","0709","地质学","地质材料与形成过程 · 矿物岩石与地球化学","geology-studies","矿物学","6","young|associate|senior"
"science","0709","地质学","地质材料与形成过程 · 矿物岩石与地球化学","geology-studies","岩石学","6","young|associate|senior"
"science","0709","地质学","地质材料与形成过程 · 矿物岩石与地球化学","geology-studies","矿床学","6","young|associate|senior"
"science","0709","地质学","地质材料与形成过程 · 矿物岩石与地球化学","geology-studies","地球化学","6","associate|young|senior"
"science","0709","地质学","地质材料与形成过程 · 构造地层与古生物","geology-studies","构造地质学","6","associate|young|senior"
"science","0709","地质学","地质材料与形成过程 · 构造地层与古生物","geology-studies","古生物学","6","associate|young|senior"
"science","0709","地质学","地质材料与形成过程 · 构造地层与古生物","geology-studies","地层学","6","senior|young|associate"
"science","0709","地质学","地质材料与形成过程 · 构造地层与古生物","geology-studies","第四纪地质","6","senior|young|associate"
"science","0709","地质学","地质材料与形成过程 · 水文工程与年代资料","geology-studies","水文地质","6","senior|young|associate"
"science","0709","地质学","地质材料与形成过程 · 水文工程与年代资料","geology-studies","工程地质资料","6","young|associate|senior"
"science","0709","地质学","地质材料与形成过程 · 水文工程与年代资料","geology-studies","地质年代资料","6","young|associate|senior"
"science","0709","地质学","地质材料与形成过程 · 水文工程与年代资料","geology-studies","地质调查史","6","young|associate|senior"
"science","0709","地质学","地球资料综合","earth","地质与地球物理","6","young|associate|senior"
"science","0709","地质学","地球资料综合","earth","地球化学","6","senior|young|associate"
"science","0710","生物学","生命资料与系统 · 系统与公共资料","systems-biology","系统生物学","6","young|associate|senior"
"science","0710","生物学","生命资料与系统 · 系统与公共资料","systems-biology","生物信息学","6","young|associate|senior"
"science","0710","生物学","生命资料与系统 · 系统与公共资料","systems-biology","公共组学资料","6","senior|young|associate"
"science","0710","生物学","生命资料与系统 · 系统与公共资料","systems-biology","网络生物学","6","senior|young|associate"
"science","0710","生物学","生命资料与系统 · 生态与演化资料","systems-biology","计算生态","6","young|associate|senior"
"science","0710","生物学","生命资料与系统 · 生态与演化资料","systems-biology","群体遗传资料","6","associate|young|senior"
"science","0710","生物学","生命资料与系统 · 生态与演化资料","systems-biology","进化资料研究","6","associate|young|senior"
"science","0710","生物学","生命资料与系统 · 生态与演化资料","systems-biology","生态时间序列","6","young|associate|senior"
"science","0710","生物学","生命资料与系统 · 发育与资料评价","systems-biology","发育资料比较","6","associate|young|senior"
"science","0710","生物学","生命资料与系统 · 发育与资料评价","systems-biology","生命系统模型","6","senior|young|associate"
"science","0710","生物学","生命资料与系统 · 发育与资料评价","systems-biology","生物资料质控","6","young|associate|senior"
"science","0710","生物学","生命资料与系统 · 发育与资料评价","systems-biology","生命科学教学","6","young|associate|senior"
"science","0710","生物学","基础生命研究综合 · 分子与细胞等研究领域","classic","分子与细胞","7","senior|young|associate"
"science","0710","生物学","基础生命研究综合 · 分子与细胞等研究领域","classic","生理与病理","7","senior|young|associate"
"science","0710","生物学","基础生命研究综合 · 分子与细胞等研究领域","classic","组学与系统生物学","6","young|associate|senior"
"science","0710","生物学","基础生命研究综合 · 发育生物学等研究领域","classic","发育生物学","6","associate|young|senior"
"science","0710","生物学","基础生命研究综合 · 发育生物学等研究领域","classic","神经科学","6","associate|young|senior"
"science","0710","生物学","基础生命研究综合 · 发育生物学等研究领域","classic","免疫研究","6","associate|young|senior"
"science","0710","生物学","基础生命研究综合 · 遗传学等研究领域","classic","遗传学","6","senior|young|associate"
"science","0710","生物学","基础生命研究综合 · 遗传学等研究领域","classic","微生物与宿主","6","senior|young|associate"
"science","0710","生物学","基础生命研究综合 · 遗传学等研究领域","classic","生物信息学","6","senior|young|associate"
"science","0711","系统科学","系统理论与模型 · 理论与复杂系统","system-science","系统理论","6","young|associate|senior"
"science","0711","系统科学","系统理论与模型 · 理论与复杂系统","system-science","系统分析","6","young|associate|senior"
"science","0711","系统科学","系统理论与模型 · 理论与复杂系统","system-science","复杂系统","6","young|associate|senior"
"science","0711","系统科学","系统理论与模型 · 理论与复杂系统","system-science","网络动力学","6","associate|young|senior"
"science","0711","系统科学","系统理论与模型 · 演化与系统建模","system-science","非线性系统","6","associate|young|senior"
"science","0711","系统科学","系统理论与模型 · 演化与系统建模","system-science","系统演化","6","associate|young|senior"
"science","0711","系统科学","系统理论与模型 · 演化与系统建模","system-science","自组织理论","6","senior|young|associate"
"science","0711","系统科学","系统理论与模型 · 演化与系统建模","system-science","系统建模","6","senior|young|associate"
"science","0711","系统科学","系统理论与模型 · 决策与多尺度评价","system-science","系统决策资料","6","senior|young|associate"
"science","0711","系统科学","系统理论与模型 · 决策与多尺度评价","system-science","多尺度系统","6","young|associate|senior"
"science","0711","系统科学","系统理论与模型 · 决策与多尺度评价","system-science","系统仿真评价","6","young|associate|senior"
"science","0711","系统科学","系统理论与模型 · 决策与多尺度评价","system-science","系统科学史","6","young|associate|senior"
"science","0712","科学技术史","科技史与制度史 · 数学史等研究领域","science-history","数学史","6","young|associate|senior"
"science","0712","科学技术史","科技史与制度史 · 数学史等研究领域","science-history","物理学史","6","young|associate|senior"
"science","0712","科学技术史","科技史与制度史 · 数学史等研究领域","science-history","化学史","6","young|associate|senior"
"science","0712","科学技术史","科技史与制度史 · 数学史等研究领域","science-history","生物学史","6","associate|young|senior"
"science","0712","科学技术史","科技史与制度史 · 医学科技史等研究领域","science-history","医学科技史","6","associate|young|senior"
"science","0712","科学技术史","科技史与制度史 · 医学科技史等研究领域","science-history","农学科技史","6","associate|young|senior"
"science","0712","科学技术史","科技史与制度史 · 医学科技史等研究领域","science-history","工程技术史","6","senior|young|associate"
"science","0712","科学技术史","科技史与制度史 · 医学科技史等研究领域","science-history","科学仪器史","6","senior|young|associate"
"science","0712","科学技术史","科技史与制度史 · 科学制度史等研究领域","science-history","科学制度史","6","senior|young|associate"
"science","0712","科学技术史","科技史与制度史 · 科学制度史等研究领域","science-history","科学知识传播史","6","young|associate|senior"
"science","0712","科学技术史","科技史与制度史 · 科学制度史等研究领域","science-history","技术档案","6","young|associate|senior"
"science","0712","科学技术史","科技史与制度史 · 科学制度史等研究领域","science-history","科技史口述","6","young|associate|senior"
"science","0713","生态学","生态观察与模型 · 生物与群落生态","ecology-studies","植物生态","6","young|associate|senior"
"science","0713","生态学","生态观察与模型 · 生物与群落生态","ecology-studies","动物生态","6","young|associate|senior"
"science","0713","生态学","生态观察与模型 · 生物与群落生态","ecology-studies","微生物生态资料","6","young|associate|senior"
"science","0713","生态学","生态观察与模型 · 生物与群落生态","ecology-studies","群落生态","6","associate|young|senior"
"science","0713","生态学","生态观察与模型 · 生态系统与景观","ecology-studies","生态系统生态","6","associate|young|senior"
"science","0713","生态学","生态观察与模型 · 生态系统与景观","ecology-studies","景观生态","6","associate|young|senior"
"science","0713","生态学","生态观察与模型 · 生态系统与景观","ecology-studies","生态模型","6","senior|young|associate"
"science","0713","生态学","生态观察与模型 · 生态系统与景观","ecology-studies","城市生态","6","senior|young|associate"
"science","0713","生态学","生态观察与模型 · 保护恢复与观测方法","ecology-studies","保护生态","6","senior|young|associate"
"science","0713","生态学","生态观察与模型 · 保护恢复与观测方法","ecology-studies","恢复生态","6","young|associate|senior"
"science","0713","生态学","生态观察与模型 · 保护恢复与观测方法","ecology-studies","生态统计","6","young|associate|senior"
"science","0713","生态学","生态观察与模型 · 保护恢复与观测方法","ecology-studies","生态观测史","6","young|associate|senior"
"science","0713","生态学","环境与生态综合 · 生态学等研究领域","environment","生态学","7","associate|young|senior"
"science","0713","生态学","环境与生态综合 · 生态学等研究领域","environment","环境科学","6","young|associate|senior"
"science","0713","生态学","环境与生态综合 · 生态学等研究领域","environment","环境治理","6","young|associate|senior"
"science","0713","生态学","环境与生态综合 · 保护生物学等研究领域","environment","保护生物学","6","associate|young|senior"
"science","0713","生态学","环境与生态综合 · 保护生物学等研究领域","environment","环境监测","6","associate|young|senior"
"science","0713","生态学","环境与生态综合 · 保护生物学等研究领域","environment","水与流域生态","6","associate|young|senior"
"science","0713","生态学","环境与生态综合 · 恢复生态等研究领域","environment","恢复生态","6","senior|young|associate"
"science","0713","生态学","环境与生态综合 · 恢复生态等研究领域","environment","城市环境","6","senior|young|associate"
"science","0713","生态学","环境与生态综合 · 恢复生态等研究领域","environment","可持续与资源研究","6","senior|young|associate"
"science","0714","统计学","统计理论与资料分析 · 统计推断等研究领域","statistics","统计推断","7","associate|young|senior"
"science","0714","统计学","统计理论与资料分析 · 统计推断等研究领域","statistics","统计学习","7","senior|young|associate"
"science","0714","统计学","统计理论与资料分析 · 统计推断等研究领域","statistics","空间与时间统计","6","young|associate|senior"
"science","0714","统计学","统计理论与资料分析 · 统计推断等研究领域","statistics","贝叶斯统计","6","associate|young|senior"
"science","0714","统计学","统计理论与资料分析 · 因果推断等研究领域","statistics","因果推断","6","associate|young|senior"
"science","0714","统计学","统计理论与资料分析 · 因果推断等研究领域","statistics","实验与调查设计","6","associate|young|senior"
"science","0714","统计学","统计理论与资料分析 · 因果推断等研究领域","statistics","生物统计","6","senior|young|associate"
"science","0714","统计学","统计理论与资料分析 · 因果推断等研究领域","statistics","稳健与非参数方法","6","senior|young|associate"
"science","0714","统计学","统计理论与资料分析 · 计算统计等研究领域","statistics","计算统计","6","senior|young|associate"
"science","0714","统计学","统计理论与资料分析 · 计算统计等研究领域","statistics","因果估计与目标试验","6","young|associate|senior"
"science","0751","气象","气象观察与服务评价 · 大气物理化学与气候","atmospheric-science","气象学","6","young|associate|senior"
"science","0751","气象","气象观察与服务评价 · 大气物理化学与气候","atmospheric-science","大气物理","6","young|associate|senior"
"science","0751","气象","气象观察与服务评价 · 大气物理化学与气候","atmospheric-science","大气化学","6","young|associate|senior"
"science","0751","气象","气象观察与服务评价 · 大气物理化学与气候","atmospheric-science","气候学","6","associate|young|senior"
"science","0751","气象","气象观察与服务评价 · 观测遥感与资料同化","atmospheric-science","天气观测","6","associate|young|senior"
"science","0751","气象","气象观察与服务评价 · 观测遥感与资料同化","atmospheric-science","气候变化资料","6","associate|young|senior"
"science","0751","气象","气象观察与服务评价 · 观测遥感与资料同化","atmospheric-science","大气遥感","6","senior|young|associate"
"science","0751","气象","气象观察与服务评价 · 观测遥感与资料同化","atmospheric-science","气象资料同化","6","senior|young|associate"
"science","0751","气象","气象观察与服务评价 · 模式与气象服务","atmospheric-science","气象模式评价","6","senior|young|associate"
"science","0751","气象","气象观察与服务评价 · 模式与气象服务","atmospheric-science","城市气候","6","young|associate|senior"
"science","0751","气象","气象观察与服务评价 · 模式与气象服务","atmospheric-science","农业气象","6","young|associate|senior"
"science","0751","气象","气象观察与服务评价 · 模式与气象服务","atmospheric-science","气象服务评价","6","young|associate|senior"
"engineering","0801","力学","理论与计算力学","mechanics-science","理论力学","6","young|associate|senior"
"engineering","0801","力学","理论与计算力学","mechanics-science","计算力学","6","associate|young|senior"
"engineering","0801","力学","理论与计算力学","mechanics-science","多尺度力学","6","associate|young|senior"
"engineering","0801","力学","理论与计算力学","mechanics-science","非线性动力学","6","senior|young|associate"
"engineering","0801","力学","固体与结构力学","mechanics-science","固体力学","6","young|associate|senior"
"engineering","0801","力学","固体与结构力学","mechanics-science","材料力学","6","senior|young|associate"
"engineering","0801","力学","固体与结构力学","mechanics-science","结构稳定","6","senior|young|associate"
"engineering","0801","力学","流体力学","mechanics-science","流体力学","6","young|associate|senior"
"engineering","0801","力学","实验与交叉力学","mechanics-science","实验力学","6","associate|young|senior"
"engineering","0801","力学","实验与交叉力学","mechanics-science","生物力学","6","young|associate|senior"
"engineering","0801","力学","实验与交叉力学","mechanics-science","力学测量","6","young|associate|senior"
"engineering","0801","力学","实验与交叉力学","mechanics-science","力学模型验证","6","young|associate|senior"
"engineering","0802","机械工程","机械设计及理论","mechanical","机械设计","7","senior|young|associate"
"engineering","0802","机械工程","机械设计及理论","mechanical","动力与振动","6","associate|young|senior"
"engineering","0802","机械工程","机械设计及理论","mechanical","精密机械","6","associate|young|senior"
"engineering","0802","机械工程","机械设计及理论","mechanical","流体机械","6","associate|young|senior"
"engineering","0802","机械工程","机械设计及理论","mechanical","人因与工程使用","6","senior|young|associate"
"engineering","0802","机械工程","机械设计及理论","mechanical","疲劳寿命与载荷谱","6","young|associate|senior"
"engineering","0802","机械工程","机械制造及其自动化","mechanical","制造与工艺","6","young|associate|senior"
"engineering","0802","机械工程","机械制造及其自动化","mechanical","数字制造","6","senior|young|associate"
"engineering","0802","机械工程","机械电子工程","mechanical","控制与机器人","6","young|associate|senior"
"engineering","0802","机械工程","机械电子工程","mechanical","机电系统","6","senior|young|associate"
"engineering","0802","机械工程","车辆工程 · 车辆结构等研究领域","vehicle-engineering","车辆结构","6","young|associate|senior"
"engineering","0802","机械工程","车辆工程 · 车辆结构等研究领域","vehicle-engineering","车辆动力学","6","young|associate|senior"
"engineering","0802","机械工程","车辆工程 · 车辆结构等研究领域","vehicle-engineering","车辆可靠性","6","young|associate|senior"
"engineering","0802","机械工程","车辆工程 · 车辆结构等研究领域","vehicle-engineering","车辆人因","6","associate|young|senior"
"engineering","0802","机械工程","车辆工程 · 车辆电子等研究领域","vehicle-engineering","车辆电子","6","associate|young|senior"
"engineering","0802","机械工程","车辆工程 · 车辆电子等研究领域","vehicle-engineering","车辆能源评价","6","associate|young|senior"
"engineering","0802","机械工程","车辆工程 · 车辆电子等研究领域","vehicle-engineering","车辆制造评价","6","senior|young|associate"
"engineering","0802","机械工程","车辆工程 · 车辆电子等研究领域","vehicle-engineering","车辆交通协作","6","senior|young|associate"
"engineering","0802","机械工程","车辆工程 · 车辆测试资料等研究领域","vehicle-engineering","车辆测试资料","6","senior|young|associate"
"engineering","0802","机械工程","车辆工程 · 车辆测试资料等研究领域","vehicle-engineering","车辆数字模型","6","young|associate|senior"
"engineering","0802","机械工程","车辆工程 · 车辆测试资料等研究领域","vehicle-engineering","车辆工程史","6","young|associate|senior"
"engineering","0802","机械工程","车辆工程 · 车辆测试资料等研究领域","vehicle-engineering","车辆可及性","6","young|associate|senior"
"engineering","0803","光学工程","光电与成像工程","electrical","电子与传感","6","young|associate|senior"
"engineering","0803","光学工程","光电与成像工程","electrical","光电信息","6","senior|young|associate"
"engineering","0804","仪器科学与技术","仪器与测试计量 · 精密仪器与标定","instruments-engineering","精密仪器","6","young|associate|senior"
"engineering","0804","仪器科学与技术","仪器与测试计量 · 精密仪器与标定","instruments-engineering","测试计量","6","young|associate|senior"
"engineering","0804","仪器科学与技术","仪器与测试计量 · 精密仪器与标定","instruments-engineering","传感器评价","6","young|associate|senior"
"engineering","0804","仪器科学与技术","仪器与测试计量 · 精密仪器与标定","instruments-engineering","仪器标定","6","associate|young|senior"
"engineering","0804","仪器科学与技术","仪器与测试计量 · 测量系统与可靠性","instruments-engineering","测量不确定性","6","associate|young|senior"
"engineering","0804","仪器科学与技术","仪器与测试计量 · 测量系统与可靠性","instruments-engineering","光电仪器","6","associate|young|senior"
"engineering","0804","仪器科学与技术","仪器与测试计量 · 测量系统与可靠性","instruments-engineering","智能仪器","6","senior|young|associate"
"engineering","0804","仪器科学与技术","仪器与测试计量 · 测量系统与可靠性","instruments-engineering","测量系统","6","senior|young|associate"
"engineering","0804","仪器科学与技术","仪器与测试计量 · 信号软件与仪器史","instruments-engineering","仪器可靠性","6","senior|young|associate"
"engineering","0804","仪器科学与技术","仪器与测试计量 · 信号软件与仪器史","instruments-engineering","信号调理评价","6","young|associate|senior"
"engineering","0804","仪器科学与技术","仪器与测试计量 · 信号软件与仪器史","instruments-engineering","仪器软件","6","young|associate|senior"
"engineering","0804","仪器科学与技术","仪器与测试计量 · 信号软件与仪器史","instruments-engineering","仪器史","6","young|associate|senior"
"engineering","0805","材料科学与工程","材料物理与化学","materials","功能材料","7","senior|young|associate"
"engineering","0805","材料科学与工程","材料物理与化学","materials","软材料与界面","6","young|associate|senior"
"engineering","0805","材料科学与工程","材料物理与化学","materials","计算材料","6","young|associate|senior"
"engineering","0805","材料科学与工程","材料物理与化学","materials","电子与光电材料","6","senior|young|associate"
"engineering","0805","材料科学与工程","材料物理与化学","materials","能源材料","6","senior|young|associate"
"engineering","0805","材料科学与工程","材料物理与化学","materials","断裂韧性与微结构","6","young|associate|senior"
"engineering","0805","材料科学与工程","材料学与性能评价","materials","金属与合金","6","associate|young|senior"
"engineering","0805","材料科学与工程","材料学与性能评价","materials","陶瓷与无机材料","6","associate|young|senior"
"engineering","0805","材料科学与工程","材料学与性能评价","materials","聚合物材料","6","associate|young|senior"
"engineering","0805","材料科学与工程","材料学与性能评价","materials","材料可靠性与评价","6","senior|young|associate"
"engineering","0806","冶金工程","冶金过程与资源评价 · 冶金理论与过程","metallurgy-engineering","冶金物理化学","6","young|associate|senior"
"engineering","0806","冶金工程","冶金过程与资源评价 · 冶金理论与过程","metallurgy-engineering","钢铁冶金资料","6","young|associate|senior"
"engineering","0806","冶金工程","冶金过程与资源评价 · 冶金理论与过程","metallurgy-engineering","有色冶金资料","6","young|associate|senior"
"engineering","0806","冶金工程","冶金过程与资源评价 · 冶金理论与过程","metallurgy-engineering","冶金过程模型","6","associate|young|senior"
"engineering","0806","冶金工程","冶金过程与资源评价 · 资源测量与材料","metallurgy-engineering","冶金资源评价","6","associate|young|senior"
"engineering","0806","冶金工程","冶金过程与资源评价 · 资源测量与材料","metallurgy-engineering","冶金测量","6","associate|young|senior"
"engineering","0806","冶金工程","冶金过程与资源评价 · 资源测量与材料","metallurgy-engineering","冶金材料性能","6","senior|young|associate"
"engineering","0806","冶金工程","冶金过程与资源评价 · 资源测量与材料","metallurgy-engineering","冶金过程控制","6","senior|young|associate"
"engineering","0806","冶金工程","冶金过程与资源评价 · 过程控制与质量评价","metallurgy-engineering","冶金环保评价","6","senior|young|associate"
"engineering","0806","冶金工程","冶金过程与资源评价 · 过程控制与质量评价","metallurgy-engineering","冶金能耗评价","6","young|associate|senior"
"engineering","0806","冶金工程","冶金过程与资源评价 · 过程控制与质量评价","metallurgy-engineering","冶金质量管理","6","young|associate|senior"
"engineering","0806","冶金工程","冶金过程与资源评价 · 过程控制与质量评价","metallurgy-engineering","冶金史","6","young|associate|senior"
"engineering","0807","动力工程及工程热物理","热能与动力系统 · 热能与动力等研究领域","energy","热能与动力","6","young|associate|senior"
"engineering","0807","动力工程及工程热物理","热能与动力系统 · 热能与动力等研究领域","energy","能源与环境","6","young|associate|senior"
"engineering","0807","动力工程及工程热物理","热能与动力系统 · 热能与动力等研究领域","energy","能源系统建模","6","associate|young|senior"
"engineering","0807","动力工程及工程热物理","热能与动力系统 · 新能源与转换等研究领域","energy","新能源与转换","6","associate|young|senior"
"engineering","0807","动力工程及工程热物理","热能与动力系统 · 新能源与转换等研究领域","energy","建筑能源","6","associate|young|senior"
"engineering","0807","动力工程及工程热物理","热能与动力系统 · 新能源与转换等研究领域","energy","能源调度","6","senior|young|associate"
"engineering","0807","动力工程及工程热物理","热能与动力系统 · 能源经济等研究领域","energy","能源经济","6","senior|young|associate"
"engineering","0807","动力工程及工程热物理","热能与动力系统 · 能源经济等研究领域","energy","低碳与全周期评价","6","senior|young|associate"
"engineering","0808","电气工程","电气系统与设备 · 设备与测量","electrical-engineering","电机研究","6","young|associate|senior"
"engineering","0808","电气工程","电气系统与设备 · 设备与测量","electrical-engineering","绝缘与可靠性","6","associate|young|senior"
"engineering","0808","电气工程","电气系统与设备 · 设备与测量","electrical-engineering","电气测量","6","associate|young|senior"
"engineering","0808","电气工程","电气系统与设备 · 设备与测量","electrical-engineering","电气设备诊断","6","senior|young|associate"
"engineering","0808","电气工程","电气系统与设备 · 系统与能源","electrical-engineering","电力系统","6","young|associate|senior"
"engineering","0808","电气工程","电气系统与设备 · 系统与能源","electrical-engineering","可再生能源接入","6","associate|young|senior"
"engineering","0808","电气工程","电气系统与设备 · 系统与能源","electrical-engineering","电网运行评价","6","senior|young|associate"
"engineering","0808","电气工程","电气系统与设备 · 系统与能源","electrical-engineering","电能质量","6","senior|young|associate"
"engineering","0808","电气工程","电气系统与设备 · 系统与能源","electrical-engineering","储能系统评价","6","young|associate|senior"
"engineering","0808","电气工程","电气系统与设备 · 转换与自动化","electrical-engineering","电力电子","6","young|associate|senior"
"engineering","0808","电气工程","电气系统与设备 · 转换与自动化","electrical-engineering","电气自动化","6","young|associate|senior"
"engineering","0808","电气工程","电气系统与设备 · 转换与自动化","electrical-engineering","电气工程教育","6","young|associate|senior"
"engineering","0809","电子科学与技术","电路与器件","electrical","电子与传感","6","young|associate|senior"
"engineering","0809","电子科学与技术","电路与器件","electrical","微电子与器件","6","associate|young|senior"
"engineering","0809","电子科学与技术","电路与器件","electrical","电路与系统","6","associate|young|senior"
"engineering","0809","电子科学与技术","电路与器件","electrical","嵌入式系统","6","associate|young|senior"
"engineering","0809","电子科学与技术","电磁与光电","electrical","电磁与天线","6","senior|young|associate"
"engineering","0809","电子科学与技术","电磁与光电","electrical","光电信息","6","senior|young|associate"
"engineering","0809","电子科学与技术","电子可靠性","electrical","电子系统可靠性","6","senior|young|associate"
"engineering","0810","信息与通信工程","通信系统与信息处理 · 信息与编码等研究领域","communications","信息与编码","6","young|associate|senior"
"engineering","0810","信息与通信工程","通信系统与信息处理 · 信息与编码等研究领域","communications","无线与网络","6","young|associate|senior"
"engineering","0810","信息与通信工程","通信系统与信息处理 · 信息与编码等研究领域","communications","通信感知融合","6","young|associate|senior"
"engineering","0810","信息与通信工程","通信系统与信息处理 · 信息与编码等研究领域","communications","光通信","6","associate|young|senior"
"engineering","0810","信息与通信工程","通信系统与信息处理 · 卫星与空间通信等研究领域","communications","卫星与空间通信","6","associate|young|senior"
"engineering","0810","信息与通信工程","通信系统与信息处理 · 卫星与空间通信等研究领域","communications","网络协议与系统","6","associate|young|senior"
"engineering","0810","信息与通信工程","通信系统与信息处理 · 卫星与空间通信等研究领域","communications","通信安全与隐私","6","senior|young|associate"
"engineering","0810","信息与通信工程","通信系统与信息处理 · 卫星与空间通信等研究领域","communications","语音与多媒体信号","6","senior|young|associate"
"engineering","0810","信息与通信工程","通信系统与信息处理 · 通信系统评价等研究领域","communications","通信系统评价","6","senior|young|associate"
"engineering","0810","信息与通信工程","通信系统与信息处理 · 通信系统评价等研究领域","communications","信道估计与时变链路","6","young|associate|senior"
"engineering","0810","信息与通信工程","信号与网络综合","electrical","信号处理","6","young|associate|senior"
"engineering","0810","信息与通信工程","信号与网络综合","electrical","通信与网络","6","young|associate|senior"
"engineering","0811","控制科学与工程","控制理论与系统 · 控制理论等研究领域","automation","控制理论","7","senior|young|associate"
"engineering","0811","控制科学与工程","控制理论与系统 · 控制理论等研究领域","automation","机器人与感知","6","young|associate|senior"
"engineering","0811","控制科学与工程","控制理论与系统 · 控制理论等研究领域","automation","智能系统与协同","6","young|associate|senior"
"engineering","0811","控制科学与工程","控制理论与系统 · 过程控制等研究领域","automation","过程控制","6","associate|young|senior"
"engineering","0811","控制科学与工程","控制理论与系统 · 过程控制等研究领域","automation","嵌入式与实时系统","6","associate|young|senior"
"engineering","0811","控制科学与工程","控制理论与系统 · 过程控制等研究领域","automation","无人系统研究","6","associate|young|senior"
"engineering","0811","控制科学与工程","控制理论与系统 · 系统辨识等研究领域","automation","系统辨识","6","senior|young|associate"
"engineering","0811","控制科学与工程","控制理论与系统 · 系统辨识等研究领域","automation","人机协同","6","senior|young|associate"
"engineering","0811","控制科学与工程","控制理论与系统 · 系统辨识等研究领域","automation","工业智能","6","senior|young|associate"
"engineering","0812","计算机科学与技术","计算机软件与系统","data","软件与系统","7","associate|young|senior"
"engineering","0812","计算机科学与技术","计算机软件与系统","data","数据库与数据工程","6","associate|young|senior"
"engineering","0812","计算机科学与技术","计算机软件与系统","data","计算机安全","6","senior|young|associate"
"engineering","0812","计算机科学与技术","计算机软件与系统","data","分布式计算","7","associate|senior|young"
"engineering","0812","计算机科学与技术","人工智能与交互","data","机器学习","7","young|associate|senior"
"engineering","0812","计算机科学与技术","人工智能与交互","data","人机交互","6","young|associate|senior"
"engineering","0812","计算机科学与技术","人工智能与交互","data","计算机视觉","6","associate|young|senior"
"engineering","0812","计算机科学与技术","人工智能与交互","data","自然语言处理","6","associate|young|senior"
"engineering","0812","计算机科学与技术","人工智能与交互","data","因果与可信人工智能","6","senior|young|associate"
"engineering","0813","建筑学","建筑设计与理论","architecture","建筑设计","6","young|associate|senior"
"engineering","0813","建筑学","建筑设计与理论","architecture","建筑历史与理论","6","associate|young|senior"
"engineering","0813","建筑学","建筑设计与理论","architecture","住房与社区","6","associate|young|senior"
"engineering","0813","建筑学","建筑设计与理论","architecture","遗产更新","6","senior|young|associate"
"engineering","0813","建筑学","建筑技术与评价","architecture","建筑技术与环境","6","young|associate|senior"
"engineering","0813","建筑学","建筑技术与评价","architecture","建筑数字技术","6","senior|young|associate"
"engineering","0813","建筑学","建筑技术与评价","architecture","建筑评价与人因","6","senior|young|associate"
"engineering","0814","土木工程","结构与岩土工程","civil","结构工程","6","young|associate|senior"
"engineering","0814","土木工程","结构与岩土工程","civil","岩土工程","6","associate|young|senior"
"engineering","0814","土木工程","结构与岩土工程","civil","灾害与韧性","6","senior|young|associate"
"engineering","0814","土木工程","市政与工程管理","civil","建筑与环境","6","young|associate|senior"
"engineering","0814","土木工程","市政与工程管理","civil","市政与基础设施","6","associate|young|senior"
"engineering","0814","土木工程","市政与工程管理","civil","工程管理","6","senior|young|associate"
"engineering","0815","水利工程","水文与水资源 · 水文资料等研究领域","hydro-marine","水文资料","6","young|associate|senior"
"engineering","0815","水利工程","水文与水资源 · 水文资料等研究领域","hydro-marine","水资源系统","6","young|associate|senior"
"engineering","0815","水利工程","水文与水资源 · 水文资料等研究领域","hydro-marine","工程数值模型","6","senior|young|associate"
"engineering","0815","水利工程","水文与水资源 · 工程监测等研究领域","hydro-marine","工程监测","6","senior|young|associate"
"engineering","0815","水利工程","水文与水资源 · 工程监测等研究领域","hydro-marine","泥沙资料","6","young|associate|senior"
"engineering","0815","水利工程","水文与水资源 · 工程监测等研究领域","hydro-marine","工程环境评价","6","young|associate|senior"
"engineering","0815","水利工程","水文与水资源 · 水利工程史等研究领域","hydro-marine","水利工程史","6","young|associate|senior"
"engineering","0815","水利工程","水工与河流工程","hydro-marine","水工结构","6","young|associate|senior"
"engineering","0815","水利工程","水工与河流工程","hydro-marine","河流工程","6","associate|young|senior"
"engineering","0815","水利工程","水利综合","civil","水利与水环境","6","associate|young|senior"
"engineering","0816","测绘科学与技术","测量遥感与地理信息 · 大地测量等研究领域","geomatics-engineering","大地测量","6","young|associate|senior"
"engineering","0816","测绘科学与技术","测量遥感与地理信息 · 大地测量等研究领域","geomatics-engineering","工程测量","6","young|associate|senior"
"engineering","0816","测绘科学与技术","测量遥感与地理信息 · 大地测量等研究领域","geomatics-engineering","摄影测量","6","young|associate|senior"
"engineering","0816","测绘科学与技术","测量遥感与地理信息 · 大地测量等研究领域","geomatics-engineering","遥感信息","6","associate|young|senior"
"engineering","0816","测绘科学与技术","测量遥感与地理信息 · 地理信息工程等研究领域","geomatics-engineering","地理信息工程","6","associate|young|senior"
"engineering","0816","测绘科学与技术","测量遥感与地理信息 · 地理信息工程等研究领域","geomatics-engineering","导航资料评价","6","associate|young|senior"
"engineering","0816","测绘科学与技术","测量遥感与地理信息 · 地理信息工程等研究领域","geomatics-engineering","地图表达","6","senior|young|associate"
"engineering","0816","测绘科学与技术","测量遥感与地理信息 · 地理信息工程等研究领域","geomatics-engineering","点云处理","6","senior|young|associate"
"engineering","0816","测绘科学与技术","测量遥感与地理信息 · 时空数据等研究领域","geomatics-engineering","时空数据","6","senior|young|associate"
"engineering","0816","测绘科学与技术","测量遥感与地理信息 · 时空数据等研究领域","geomatics-engineering","测绘质量","6","young|associate|senior"
"engineering","0816","测绘科学与技术","测量遥感与地理信息 · 时空数据等研究领域","geomatics-engineering","多源资料配准","6","young|associate|senior"
"engineering","0816","测绘科学与技术","测量遥感与地理信息 · 时空数据等研究领域","geomatics-engineering","测绘工程教育","6","young|associate|senior"
"engineering","0817","化学工程与技术","化工过程与工况评价 · 化工热力学等研究领域","process-engineering","化工热力学","6","young|associate|senior"
"engineering","0817","化学工程与技术","化工过程与工况评价 · 化工热力学等研究领域","process-engineering","传递过程","6","young|associate|senior"
"engineering","0817","化学工程与技术","化工过程与工况评价 · 化工热力学等研究领域","process-engineering","反应工程理论","6","young|associate|senior"
"engineering","0817","化学工程与技术","化工过程与工况评价 · 化工热力学等研究领域","process-engineering","过程系统","6","associate|young|senior"
"engineering","0817","化学工程与技术","化工过程与工况评价 · 分离过程理论等研究领域","process-engineering","分离过程理论","6","associate|young|senior"
"engineering","0817","化学工程与技术","化工过程与工况评价 · 分离过程理论等研究领域","process-engineering","过程控制","6","associate|young|senior"
"engineering","0817","化学工程与技术","化工过程与工况评价 · 分离过程理论等研究领域","process-engineering","过程强化评价","6","senior|young|associate"
"engineering","0817","化学工程与技术","化工过程与工况评价 · 分离过程理论等研究领域","process-engineering","资源循环","6","senior|young|associate"
"engineering","0817","化学工程与技术","化工过程与工况评价 · 过程模拟等研究领域","process-engineering","过程模拟","6","senior|young|associate"
"engineering","0817","化学工程与技术","化工过程与工况评价 · 过程模拟等研究领域","process-engineering","过程测量","6","young|associate|senior"
"engineering","0817","化学工程与技术","化工过程与工况评价 · 过程模拟等研究领域","process-engineering","工况可靠性","6","young|associate|senior"
"engineering","0817","化学工程与技术","化工过程与工况评价 · 过程模拟等研究领域","process-engineering","化工工程教育","6","young|associate|senior"
"engineering","0818","地质资源与地质工程","地质调查与工程评价 · 地质工程资料等研究领域","geological-engineering","地质工程资料","6","young|associate|senior"
"engineering","0818","地质资源与地质工程","地质调查与工程评价 · 地质工程资料等研究领域","geological-engineering","地质勘查史","6","young|associate|senior"
"engineering","0818","地质资源与地质工程","地质调查与工程评价 · 地质工程资料等研究领域","geological-engineering","工程地质评价","6","young|associate|senior"
"engineering","0818","地质资源与地质工程","地质调查与工程评价 · 地质工程资料等研究领域","geological-engineering","地球探测资料","6","associate|young|senior"
"engineering","0818","地质资源与地质工程","地质调查与工程评价 · 地质资源评价等研究领域","geological-engineering","地质资源评价","6","associate|young|senior"
"engineering","0818","地质资源与地质工程","地质调查与工程评价 · 地质资源评价等研究领域","geological-engineering","地质模型","6","associate|young|senior"
"engineering","0818","地质资源与地质工程","地质调查与工程评价 · 地质资源评价等研究领域","geological-engineering","地下水资料","6","senior|young|associate"
"engineering","0818","地质资源与地质工程","地质调查与工程评价 · 地质资源评价等研究领域","geological-engineering","地质信息","6","senior|young|associate"
"engineering","0818","地质资源与地质工程","地质调查与工程评价 · 环境地质评价等研究领域","geological-engineering","环境地质评价","6","senior|young|associate"
"engineering","0818","地质资源与地质工程","地质调查与工程评价 · 环境地质评价等研究领域","geological-engineering","地质监测","6","young|associate|senior"
"engineering","0818","地质资源与地质工程","地质调查与工程评价 · 环境地质评价等研究领域","geological-engineering","地质不确定性","6","young|associate|senior"
"engineering","0818","地质资源与地质工程","地质调查与工程评价 · 环境地质评价等研究领域","geological-engineering","地质工程教育","6","young|associate|senior"
"engineering","0819","矿业工程","矿业公开资料与系统评价 · 矿业工程史等研究领域","mining-engineering","矿业工程史","6","young|associate|senior"
"engineering","0819","矿业工程","矿业公开资料与系统评价 · 矿业工程史等研究领域","mining-engineering","矿产资源评价","6","young|associate|senior"
"engineering","0819","矿业工程","矿业公开资料与系统评价 · 矿业工程史等研究领域","mining-engineering","矿业系统模型","6","young|associate|senior"
"engineering","0819","矿业工程","矿业公开资料与系统评价 · 矿业工程史等研究领域","mining-engineering","矿业组织研究","6","associate|young|senior"
"engineering","0819","矿业工程","矿业公开资料与系统评价 · 矿业测量资料等研究领域","mining-engineering","矿业测量资料","6","associate|young|senior"
"engineering","0819","矿业工程","矿业公开资料与系统评价 · 矿业测量资料等研究领域","mining-engineering","矿业环境评价","6","associate|young|senior"
"engineering","0819","矿业工程","矿业公开资料与系统评价 · 矿业测量资料等研究领域","mining-engineering","资源利用评价","6","senior|young|associate"
"engineering","0819","矿业工程","矿业公开资料与系统评价 · 矿业测量资料等研究领域","mining-engineering","矿业装备可靠性","6","senior|young|associate"
"engineering","0819","矿业工程","矿业公开资料与系统评价 · 矿业信息系统等研究领域","mining-engineering","矿业信息系统","6","senior|young|associate"
"engineering","0819","矿业工程","矿业公开资料与系统评价 · 矿业信息系统等研究领域","mining-engineering","矿业安全文化","6","young|associate|senior"
"engineering","0819","矿业工程","矿业公开资料与系统评价 · 矿业信息系统等研究领域","mining-engineering","矿业教育","6","young|associate|senior"
"engineering","0819","矿业工程","矿业公开资料与系统评价 · 矿业信息系统等研究领域","mining-engineering","矿业公共资料","6","young|associate|senior"
"engineering","0820","石油与天然气工程","油气资料与系统评价 · 油气地质资料等研究领域","petroleum-engineering","油气地质资料","6","young|associate|senior"
"engineering","0820","石油与天然气工程","油气资料与系统评价 · 油气地质资料等研究领域","petroleum-engineering","油气资源评价","6","young|associate|senior"
"engineering","0820","石油与天然气工程","油气资料与系统评价 · 油气地质资料等研究领域","petroleum-engineering","储层模型","6","young|associate|senior"
"engineering","0820","石油与天然气工程","油气资料与系统评价 · 油气地质资料等研究领域","petroleum-engineering","能源流体资料","6","associate|young|senior"
"engineering","0820","石油与天然气工程","油气资料与系统评价 · 油气测量等研究领域","petroleum-engineering","油气测量","6","associate|young|senior"
"engineering","0820","石油与天然气工程","油气资料与系统评价 · 油气测量等研究领域","petroleum-engineering","油气工程史","6","associate|young|senior"
"engineering","0820","石油与天然气工程","油气资料与系统评价 · 油气测量等研究领域","petroleum-engineering","油气生产系统评价","6","senior|young|associate"
"engineering","0820","石油与天然气工程","油气资料与系统评价 · 油气测量等研究领域","petroleum-engineering","油气环境评价","6","senior|young|associate"
"engineering","0820","石油与天然气工程","油气资料与系统评价 · 油气装备可靠性等研究领域","petroleum-engineering","油气装备可靠性","6","senior|young|associate"
"engineering","0820","石油与天然气工程","油气资料与系统评价 · 油气装备可靠性等研究领域","petroleum-engineering","油气数据质量","6","young|associate|senior"
"engineering","0820","石油与天然气工程","油气资料与系统评价 · 油气装备可靠性等研究领域","petroleum-engineering","天然气系统评价","6","young|associate|senior"
"engineering","0820","石油与天然气工程","油气资料与系统评价 · 油气装备可靠性等研究领域","petroleum-engineering","能源转型资料","6","young|associate|senior"
"engineering","0821","纺织科学与工程","纺织材料与工程评价 · 纺织材料等研究领域","textile-engineering","纺织材料","6","young|associate|senior"
"engineering","0821","纺织科学与工程","纺织材料与工程评价 · 纺织材料等研究领域","textile-engineering","纺织工艺评价","6","young|associate|senior"
"engineering","0821","纺织科学与工程","纺织材料与工程评价 · 纺织材料等研究领域","textile-engineering","纺织化学资料","6","young|associate|senior"
"engineering","0821","纺织科学与工程","纺织材料与工程评价 · 纺织材料等研究领域","textile-engineering","服装设计与工程","6","associate|young|senior"
"engineering","0821","纺织科学与工程","纺织材料与工程评价 · 纺织测量等研究领域","textile-engineering","纺织测量","6","associate|young|senior"
"engineering","0821","纺织科学与工程","纺织材料与工程评价 · 纺织测量等研究领域","textile-engineering","纺织舒适性","6","associate|young|senior"
"engineering","0821","纺织科学与工程","纺织材料与工程评价 · 纺织测量等研究领域","textile-engineering","纺织结构","6","senior|young|associate"
"engineering","0821","纺织科学与工程","纺织材料与工程评价 · 纺织测量等研究领域","textile-engineering","纺织质量管理","6","senior|young|associate"
"engineering","0821","纺织科学与工程","纺织材料与工程评价 · 纺织资源循环等研究领域","textile-engineering","纺织资源循环","6","senior|young|associate"
"engineering","0821","纺织科学与工程","纺织材料与工程评价 · 纺织资源循环等研究领域","textile-engineering","纺织数字化","6","young|associate|senior"
"engineering","0821","纺织科学与工程","纺织材料与工程评价 · 纺织资源循环等研究领域","textile-engineering","纺织史","6","young|associate|senior"
"engineering","0821","纺织科学与工程","纺织材料与工程评价 · 纺织资源循环等研究领域","textile-engineering","纺织教育","6","young|associate|senior"
"engineering","0822","轻工技术与工程","轻工材料与过程评价 · 制浆造纸资料等研究领域","light-industry","制浆造纸资料","6","young|associate|senior"
"engineering","0822","轻工技术与工程","轻工材料与过程评价 · 制浆造纸资料等研究领域","light-industry","制革材料资料","6","young|associate|senior"
"engineering","0822","轻工技术与工程","轻工材料与过程评价 · 制浆造纸资料等研究领域","light-industry","包装工程","6","young|associate|senior"
"engineering","0822","轻工技术与工程","轻工材料与过程评价 · 制浆造纸资料等研究领域","light-industry","印刷工程","6","associate|young|senior"
"engineering","0822","轻工技术与工程","轻工材料与过程评价 · 轻工过程评价等研究领域","light-industry","轻工过程评价","6","associate|young|senior"
"engineering","0822","轻工技术与工程","轻工材料与过程评价 · 轻工过程评价等研究领域","light-industry","轻工资源循环","6","associate|young|senior"
"engineering","0822","轻工技术与工程","轻工材料与过程评价 · 轻工过程评价等研究领域","light-industry","轻工产品设计","6","senior|young|associate"
"engineering","0822","轻工技术与工程","轻工材料与过程评价 · 轻工过程评价等研究领域","light-industry","轻工质量管理","6","senior|young|associate"
"engineering","0822","轻工技术与工程","轻工材料与过程评价 · 轻工材料测量等研究领域","light-industry","轻工材料测量","6","senior|young|associate"
"engineering","0822","轻工技术与工程","轻工材料与过程评价 · 轻工材料测量等研究领域","light-industry","轻工环境评价","6","young|associate|senior"
"engineering","0822","轻工技术与工程","轻工材料与过程评价 · 轻工材料测量等研究领域","light-industry","轻工数字化","6","young|associate|senior"
"engineering","0822","轻工技术与工程","轻工材料与过程评价 · 轻工材料测量等研究领域","light-industry","轻工史","6","young|associate|senior"
"engineering","0823","交通运输工程","交通系统与使用评价 · 道路与铁道工程资料等研究领域","transportation-engineering","道路与铁道工程资料","6","young|associate|senior"
"engineering","0823","交通运输工程","交通系统与使用评价 · 道路与铁道工程资料等研究领域","transportation-engineering","交通信息工程","6","young|associate|senior"
"engineering","0823","交通运输工程","交通系统与使用评价 · 道路与铁道工程资料等研究领域","transportation-engineering","交通运输规划","6","young|associate|senior"
"engineering","0823","交通运输工程","交通系统与使用评价 · 道路与铁道工程资料等研究领域","transportation-engineering","交通运载工具评价","6","associate|young|senior"
"engineering","0823","交通运输工程","交通系统与使用评价 · 交通组织等研究领域","transportation-engineering","交通组织","6","associate|young|senior"
"engineering","0823","交通运输工程","交通系统与使用评价 · 交通组织等研究领域","transportation-engineering","出行行为","6","associate|young|senior"
"engineering","0823","交通运输工程","交通系统与使用评价 · 交通组织等研究领域","transportation-engineering","公共交通","6","senior|young|associate"
"engineering","0823","交通运输工程","交通系统与使用评价 · 交通组织等研究领域","transportation-engineering","交通测量","6","senior|young|associate"
"engineering","0823","交通运输工程","交通系统与使用评价 · 交通可靠性等研究领域","transportation-engineering","交通可靠性","6","senior|young|associate"
"engineering","0823","交通运输工程","交通系统与使用评价 · 交通可靠性等研究领域","transportation-engineering","交通环境评价","6","young|associate|senior"
"engineering","0823","交通运输工程","交通系统与使用评价 · 交通可靠性等研究领域","transportation-engineering","交通工程史","6","young|associate|senior"
"engineering","0823","交通运输工程","交通系统与使用评价 · 交通可靠性等研究领域","transportation-engineering","交通可及性","6","young|associate|senior"
"engineering","0823","交通运输工程","交通工程综合","civil","交通与城市","6","young|associate|senior"
"engineering","0823","交通运输工程","交通工程综合","civil","城市交通分析","6","senior|young|associate"
"engineering","0824","船舶与海洋工程","船海系统与结构 · 船舶结构评价等研究领域","ship-engineering","船舶结构评价","6","young|associate|senior"
"engineering","0824","船舶与海洋工程","船海系统与结构 · 船舶结构评价等研究领域","ship-engineering","船舶流体模型","6","young|associate|senior"
"engineering","0824","船舶与海洋工程","船海系统与结构 · 船舶结构评价等研究领域","ship-engineering","海洋结构","6","young|associate|senior"
"engineering","0824","船舶与海洋工程","船海系统与结构 · 船舶结构评价等研究领域","ship-engineering","船舶动力资料","6","associate|young|senior"
"engineering","0824","船舶与海洋工程","船海系统与结构 · 海洋工程测量等研究领域","ship-engineering","海洋工程测量","6","associate|young|senior"
"engineering","0824","船舶与海洋工程","船海系统与结构 · 海洋工程测量等研究领域","ship-engineering","海洋装备可靠性","6","associate|young|senior"
"engineering","0824","船舶与海洋工程","船海系统与结构 · 海洋工程测量等研究领域","ship-engineering","港口协作资料","6","senior|young|associate"
"engineering","0824","船舶与海洋工程","船海系统与结构 · 海洋工程测量等研究领域","ship-engineering","海洋环境工况","6","senior|young|associate"
"engineering","0824","船舶与海洋工程","船海系统与结构 · 船舶工程史等研究领域","ship-engineering","船舶工程史","6","senior|young|associate"
"engineering","0824","船舶与海洋工程","船海系统与结构 · 船舶工程史等研究领域","ship-engineering","海洋工程材料","6","young|associate|senior"
"engineering","0824","船舶与海洋工程","船海系统与结构 · 船舶工程史等研究领域","ship-engineering","船舶数字化","6","young|associate|senior"
"engineering","0824","船舶与海洋工程","船海系统与结构 · 船舶工程史等研究领域","ship-engineering","海洋工程教育","6","young|associate|senior"
"engineering","0824","船舶与海洋工程","海岸港口工程","hydro-marine","海岸工程","6","associate|young|senior"
"engineering","0824","船舶与海洋工程","海岸港口工程","hydro-marine","港口工程","6","associate|young|senior"
"engineering","0824","船舶与海洋工程","海岸港口工程","hydro-marine","海洋结构","6","senior|young|associate"
"engineering","0825","航空宇航科学与技术","航空与空间研究 · 飞行器设计等研究领域","aerospace","飞行器设计","7","senior|young|associate"
"engineering","0825","航空宇航科学与技术","航空与空间研究 · 飞行器设计等研究领域","aerospace","导航与控制","6","young|associate|senior"
"engineering","0825","航空宇航科学与技术","航空与空间研究 · 飞行器设计等研究领域","aerospace","空间任务与观测","6","young|associate|senior"
"engineering","0825","航空宇航科学与技术","航空与空间研究 · 空气动力学等研究领域","aerospace","空气动力学","6","associate|young|senior"
"engineering","0825","航空宇航科学与技术","航空与空间研究 · 空气动力学等研究领域","aerospace","结构与轻量化","6","associate|young|senior"
"engineering","0825","航空宇航科学与技术","航空与空间研究 · 空气动力学等研究领域","aerospace","推进与动力","6","associate|young|senior"
"engineering","0825","航空宇航科学与技术","航空与空间研究 · 航空电子等研究领域","aerospace","航空电子","6","senior|young|associate"
"engineering","0825","航空宇航科学与技术","航空与空间研究 · 航空电子等研究领域","aerospace","任务规划","6","senior|young|associate"
"engineering","0825","航空宇航科学与技术","航空与空间研究 · 航空电子等研究领域","aerospace","空间环境","6","senior|young|associate"
"engineering","0826","兵器科学与技术","公开技术史与文献研究 · 兵器技术史等研究领域","armament-history","兵器技术史","6","young|associate|senior"
"engineering","0826","兵器科学与技术","公开技术史与文献研究 · 兵器技术史等研究领域","armament-history","装备博物馆资料","6","young|associate|senior"
"engineering","0826","兵器科学与技术","公开技术史与文献研究 · 兵器技术史等研究领域","armament-history","装备标准史","6","young|associate|senior"
"engineering","0826","兵器科学与技术","公开技术史与文献研究 · 兵器技术史等研究领域","armament-history","技术档案评价","6","associate|young|senior"
"engineering","0826","兵器科学与技术","公开技术史与文献研究 · 公开技术叙事等研究领域","armament-history","公开技术叙事","6","associate|young|senior"
"engineering","0826","兵器科学与技术","公开技术史与文献研究 · 公开技术叙事等研究领域","armament-history","材料史","6","associate|young|senior"
"engineering","0826","兵器科学与技术","公开技术史与文献研究 · 公开技术叙事等研究领域","armament-history","工业组织史","6","senior|young|associate"
"engineering","0826","兵器科学与技术","公开技术史与文献研究 · 公开技术叙事等研究领域","armament-history","科技伦理","6","senior|young|associate"
"engineering","0826","兵器科学与技术","公开技术史与文献研究 · 装备展示研究等研究领域","armament-history","装备展示研究","6","senior|young|associate"
"engineering","0826","兵器科学与技术","公开技术史与文献研究 · 装备展示研究等研究领域","armament-history","技术教育史","6","young|associate|senior"
"engineering","0826","兵器科学与技术","公开技术史与文献研究 · 装备展示研究等研究领域","armament-history","文物技术资料","6","young|associate|senior"
"engineering","0826","兵器科学与技术","公开技术史与文献研究 · 装备展示研究等研究领域","armament-history","技术文献校勘","6","young|associate|senior"
"engineering","0827","核科学与技术","公开资料与系统评价 · 核工程史等研究领域","nuclear-engineering","核工程史","6","young|associate|senior"
"engineering","0827","核科学与技术","公开资料与系统评价 · 核工程史等研究领域","nuclear-engineering","核能系统评价","6","young|associate|senior"
"engineering","0827","核科学与技术","公开资料与系统评价 · 核工程史等研究领域","nuclear-engineering","辐射测量资料","6","young|associate|senior"
"engineering","0827","核科学与技术","公开资料与系统评价 · 核工程史等研究领域","nuclear-engineering","核仪器史","6","associate|young|senior"
"engineering","0827","核科学与技术","公开资料与系统评价 · 核材料公开资料等研究领域","nuclear-engineering","核材料公开资料","6","associate|young|senior"
"engineering","0827","核科学与技术","公开资料与系统评价 · 核材料公开资料等研究领域","nuclear-engineering","核能环境评价","6","associate|young|senior"
"engineering","0827","核科学与技术","公开资料与系统评价 · 核材料公开资料等研究领域","nuclear-engineering","核能政策","6","senior|young|associate"
"engineering","0827","核科学与技术","公开资料与系统评价 · 核材料公开资料等研究领域","nuclear-engineering","核数据质量","6","senior|young|associate"
"engineering","0827","核科学与技术","公开资料与系统评价 · 核工程教育等研究领域","nuclear-engineering","核工程教育","6","senior|young|associate"
"engineering","0827","核科学与技术","公开资料与系统评价 · 核工程教育等研究领域","nuclear-engineering","公共风险沟通","6","young|associate|senior"
"engineering","0827","核科学与技术","公开资料与系统评价 · 核工程教育等研究领域","nuclear-engineering","核能经济评价","6","young|associate|senior"
"engineering","0827","核科学与技术","公开资料与系统评价 · 核工程教育等研究领域","nuclear-engineering","公开模型复现","6","young|associate|senior"
"engineering","0828","农业工程","农业设备与工况评价 · 农业机械评价等研究领域","agricultural-engineering","农业机械评价","6","young|associate|senior"
"engineering","0828","农业工程","农业设备与工况评价 · 农业机械评价等研究领域","agricultural-engineering","农业水土工程","6","young|associate|senior"
"engineering","0828","农业工程","农业设备与工况评价 · 农业机械评价等研究领域","agricultural-engineering","农业生物环境工程","6","young|associate|senior"
"engineering","0828","农业工程","农业设备与工况评价 · 农业机械评价等研究领域","agricultural-engineering","农业电气化","6","associate|young|senior"
"engineering","0828","农业工程","农业设备与工况评价 · 农业信息化等研究领域","agricultural-engineering","农业信息化","6","associate|young|senior"
"engineering","0828","农业工程","农业设备与工况评价 · 农业信息化等研究领域","agricultural-engineering","农业装备可靠性","6","associate|young|senior"
"engineering","0828","农业工程","农业设备与工况评价 · 农业信息化等研究领域","agricultural-engineering","农业能源评价","6","senior|young|associate"
"engineering","0828","农业工程","农业设备与工况评价 · 农业信息化等研究领域","agricultural-engineering","设施农业工程","6","senior|young|associate"
"engineering","0828","农业工程","农业设备与工况评价 · 农业工程测量等研究领域","agricultural-engineering","农业工程测量","6","senior|young|associate"
"engineering","0828","农业工程","农业设备与工况评价 · 农业工程测量等研究领域","agricultural-engineering","农业工程史","6","young|associate|senior"
"engineering","0828","农业工程","农业设备与工况评价 · 农业工程测量等研究领域","agricultural-engineering","农业机器人评价","6","young|associate|senior"
"engineering","0828","农业工程","农业设备与工况评价 · 农业工程测量等研究领域","agricultural-engineering","农业工程教育","6","young|associate|senior"
"engineering","0829","林业工程","木材与林业工程评价 · 森林工程资料等研究领域","forest-engineering","森林工程资料","6","young|associate|senior"
"engineering","0829","林业工程","木材与林业工程评价 · 森林工程资料等研究领域","forest-engineering","木材科学","6","young|associate|senior"
"engineering","0829","林业工程","木材与林业工程评价 · 森林工程资料等研究领域","forest-engineering","林产化学资料","6","young|associate|senior"
"engineering","0829","林业工程","木材与林业工程评价 · 森林工程资料等研究领域","forest-engineering","木材结构","6","associate|young|senior"
"engineering","0829","林业工程","木材与林业工程评价 · 林业装备评价等研究领域","forest-engineering","林业装备评价","6","associate|young|senior"
"engineering","0829","林业工程","木材与林业工程评价 · 林业装备评价等研究领域","forest-engineering","木材测量","6","associate|young|senior"
"engineering","0829","林业工程","木材与林业工程评价 · 林业装备评价等研究领域","forest-engineering","林产品设计","6","senior|young|associate"
"engineering","0829","林业工程","木材与林业工程评价 · 林业装备评价等研究领域","forest-engineering","林产资源循环","6","senior|young|associate"
"engineering","0829","林业工程","木材与林业工程评价 · 林业工程质量等研究领域","forest-engineering","林业工程质量","6","senior|young|associate"
"engineering","0829","林业工程","木材与林业工程评价 · 林业工程质量等研究领域","forest-engineering","林业工程史","6","young|associate|senior"
"engineering","0829","林业工程","木材与林业工程评价 · 林业工程质量等研究领域","forest-engineering","木材数字化","6","young|associate|senior"
"engineering","0829","林业工程","木材与林业工程评价 · 林业工程质量等研究领域","forest-engineering","林业工程教育","6","young|associate|senior"
"engineering","0830","环境科学与工程","工程资源与环境评价","process-engineering","资源循环","6","senior|young|associate"
"engineering","0830","环境科学与工程","工程资源与环境评价","process-engineering","工况可靠性","6","young|associate|senior"
"engineering","0830","环境科学与工程","能源环境评价","energy","能源与环境","6","young|associate|senior"
"engineering","0830","环境科学与工程","能源环境评价","energy","低碳与全周期评价","6","senior|young|associate"
"engineering","0831","生物医学工程","生物医学信号与原型评价 · 仪器信号与材料评价","biomedical-engineering","生物医学仪器","6","young|associate|senior"
"engineering","0831","生物医学工程","生物医学信号与原型评价 · 仪器信号与材料评价","biomedical-engineering","生物医学信号","6","young|associate|senior"
"engineering","0831","生物医学工程","生物医学信号与原型评价 · 仪器信号与材料评价","biomedical-engineering","医学成像评价","6","young|associate|senior"
"engineering","0831","生物医学工程","生物医学信号与原型评价 · 仪器信号与材料评价","biomedical-engineering","生物材料评价","6","associate|young|senior"
"engineering","0831","生物医学工程","生物医学信号与原型评价 · 康复生物力学与信息","biomedical-engineering","康复工程","6","associate|young|senior"
"engineering","0831","生物医学工程","生物医学信号与原型评价 · 康复生物力学与信息","biomedical-engineering","生物力学","6","associate|young|senior"
"engineering","0831","生物医学工程","生物医学信号与原型评价 · 康复生物力学与信息","biomedical-engineering","医学信息工程","6","senior|young|associate"
"engineering","0831","生物医学工程","生物医学信号与原型评价 · 康复生物力学与信息","biomedical-engineering","医疗器械可用性","6","senior|young|associate"
"engineering","0831","生物医学工程","生物医学信号与原型评价 · 辅助技术与工程伦理","biomedical-engineering","辅助技术","6","senior|young|associate"
"engineering","0831","生物医学工程","生物医学信号与原型评价 · 辅助技术与工程伦理","biomedical-engineering","生物医学测量","6","young|associate|senior"
"engineering","0831","生物医学工程","生物医学信号与原型评价 · 辅助技术与工程伦理","biomedical-engineering","工程伦理","6","young|associate|senior"
"engineering","0831","生物医学工程","生物医学信号与原型评价 · 辅助技术与工程伦理","biomedical-engineering","医学工程史","6","young|associate|senior"
"engineering","0832","食品科学与工程","食品资料与过程评价 · 食品科学等研究领域","food","食品科学","6","young|associate|senior"
"engineering","0832","食品科学与工程","食品资料与过程评价 · 食品科学等研究领域","food","营养研究","6","young|associate|senior"
"engineering","0832","食品科学与工程","食品资料与过程评价 · 食品科学等研究领域","food","食品安全与管理","6","young|associate|senior"
"engineering","0832","食品科学与工程","食品资料与过程评价 · 食品加工与过程等研究领域","food","食品加工与过程","6","associate|young|senior"
"engineering","0832","食品科学与工程","食品资料与过程评价 · 食品加工与过程等研究领域","food","食品分析","6","associate|young|senior"
"engineering","0832","食品科学与工程","食品资料与过程评价 · 食品加工与过程等研究领域","food","食品感官研究","6","associate|young|senior"
"engineering","0832","食品科学与工程","食品资料与过程评价 · 食品供应链等研究领域","food","食品供应链","6","senior|young|associate"
"engineering","0832","食品科学与工程","食品资料与过程评价 · 食品供应链等研究领域","food","膳食与行为","6","senior|young|associate"
"engineering","0832","食品科学与工程","食品资料与过程评价 · 食品供应链等研究领域","food","营养政策","6","senior|young|associate"
"engineering","0833","城乡规划学","城乡空间与规划实施 · 规划理论与空间设计","urban-planning","城市规划理论","6","young|associate|senior"
"engineering","0833","城乡规划学","城乡空间与规划实施 · 规划理论与空间设计","urban-planning","城乡空间","6","young|associate|senior"
"engineering","0833","城乡规划学","城乡空间与规划实施 · 规划理论与空间设计","urban-planning","区域规划","6","young|associate|senior"
"engineering","0833","城乡规划学","城乡空间与规划实施 · 规划理论与空间设计","urban-planning","城市设计","6","associate|young|senior"
"engineering","0833","城乡规划学","城乡空间与规划实施 · 社区交通与实施","urban-planning","社区规划","6","associate|young|senior"
"engineering","0833","城乡规划学","城乡空间与规划实施 · 社区交通与实施","urban-planning","交通与空间","6","associate|young|senior"
"engineering","0833","城乡规划学","城乡空间与规划实施 · 社区交通与实施","urban-planning","历史空间保护","6","senior|young|associate"
"engineering","0833","城乡规划学","城乡空间与规划实施 · 社区交通与实施","urban-planning","规划实施评价","6","senior|young|associate"
"engineering","0833","城乡规划学","城乡空间与规划实施 · 公众参与与城乡公平","urban-planning","规划公众参与","6","senior|young|associate"
"engineering","0833","城乡规划学","城乡空间与规划实施 · 公众参与与城乡公平","urban-planning","城乡规划史","6","young|associate|senior"
"engineering","0833","城乡规划学","城乡空间与规划实施 · 公众参与与城乡公平","urban-planning","规划数字工具","6","young|associate|senior"
"engineering","0833","城乡规划学","城乡空间与规划实施 · 公众参与与城乡公平","urban-planning","城乡公平","6","young|associate|senior"
"engineering","0833","城乡规划学","规划与公共空间综合","architecture","城乡规划","6","young|associate|senior"
"engineering","0833","城乡规划学","规划与公共空间综合","architecture","景观与公共空间","6","associate|young|senior"
"engineering","0835","软件工程","软件需求与质量 · 需求与架构","software-engineering","软件需求","6","young|associate|senior"
"engineering","0835","软件工程","软件需求与质量 · 需求与架构","software-engineering","软件架构","6","young|associate|senior"
"engineering","0835","软件工程","软件需求与质量 · 需求与架构","software-engineering","软件可用性","6","young|associate|senior"
"engineering","0835","软件工程","软件需求与质量 · 测试与质量","software-engineering","软件测试","6","young|associate|senior"
"engineering","0835","软件工程","软件需求与质量 · 测试与质量","software-engineering","程序分析","6","associate|young|senior"
"engineering","0835","软件工程","软件需求与质量 · 测试与质量","software-engineering","软件可靠性","6","associate|young|senior"
"engineering","0835","软件工程","软件需求与质量 · 测试与质量","software-engineering","软件度量","6","young|associate|senior"
"engineering","0835","软件工程","软件需求与质量 · 开发与维护","software-engineering","软件维护","6","associate|young|senior"
"engineering","0835","软件工程","软件需求与质量 · 开发与维护","software-engineering","软件工程教育","6","senior|young|associate"
"engineering","0835","软件工程","软件需求与质量 · 开发与维护","software-engineering","开源协作","6","senior|young|associate"
"engineering","0835","软件工程","软件需求与质量 · 开发与维护","software-engineering","开发工具","6","senior|young|associate"
"engineering","0835","软件工程","软件需求与质量 · 开发与维护","software-engineering","软件复现","6","young|associate|senior"
"engineering","0836","生物工程","生物过程资料与评价 · 生物过程模型等研究领域","bio-engineering","生物过程模型","6","young|associate|senior"
"engineering","0836","生物工程","生物过程资料与评价 · 生物过程模型等研究领域","bio-engineering","生物工程测量","6","young|associate|senior"
"engineering","0836","生物工程","生物过程资料与评价 · 生物过程模型等研究领域","bio-engineering","生物材料资料","6","young|associate|senior"
"engineering","0836","生物工程","生物过程资料与评价 · 生物过程模型等研究领域","bio-engineering","生物制造公开资料","6","associate|young|senior"
"engineering","0836","生物工程","生物过程资料与评价 · 生物工程信息等研究领域","bio-engineering","生物工程信息","6","associate|young|senior"
"engineering","0836","生物工程","生物过程资料与评价 · 生物工程信息等研究领域","bio-engineering","过程质量评价","6","associate|young|senior"
"engineering","0836","生物工程","生物过程资料与评价 · 生物工程信息等研究领域","bio-engineering","生物资源评价","6","senior|young|associate"
"engineering","0836","生物工程","生物过程资料与评价 · 生物工程信息等研究领域","bio-engineering","工程批次资料","6","senior|young|associate"
"engineering","0836","生物工程","生物过程资料与评价 · 生物工程伦理等研究领域","bio-engineering","生物工程伦理","6","senior|young|associate"
"engineering","0836","生物工程","生物过程资料与评价 · 生物工程伦理等研究领域","bio-engineering","生物工程史","6","young|associate|senior"
"engineering","0836","生物工程","生物过程资料与评价 · 生物工程伦理等研究领域","bio-engineering","工程环境评价","6","young|associate|senior"
"engineering","0836","生物工程","生物过程资料与评价 · 生物工程伦理等研究领域","bio-engineering","工程教育","6","young|associate|senior"
"engineering","0837","安全科学与工程","安全组织与风险评价 · 安全系统评价等研究领域","safety-engineering","安全系统评价","6","young|associate|senior"
"engineering","0837","安全科学与工程","安全组织与风险评价 · 安全系统评价等研究领域","safety-engineering","安全管理","6","young|associate|senior"
"engineering","0837","安全科学与工程","安全组织与风险评价 · 安全系统评价等研究领域","safety-engineering","人因与安全","6","young|associate|senior"
"engineering","0837","安全科学与工程","安全组织与风险评价 · 安全系统评价等研究领域","safety-engineering","安全文化","6","associate|young|senior"
"engineering","0837","安全科学与工程","安全组织与风险评价 · 应急组织研究等研究领域","safety-engineering","应急组织研究","6","associate|young|senior"
"engineering","0837","安全科学与工程","安全组织与风险评价 · 应急组织研究等研究领域","safety-engineering","风险沟通","6","associate|young|senior"
"engineering","0837","安全科学与工程","安全组织与风险评价 · 应急组织研究等研究领域","safety-engineering","安全测量资料","6","senior|young|associate"
"engineering","0837","安全科学与工程","安全组织与风险评价 · 应急组织研究等研究领域","safety-engineering","事故史料","6","senior|young|associate"
"engineering","0837","安全科学与工程","安全组织与风险评价 · 职业安全教育等研究领域","safety-engineering","职业安全教育","6","senior|young|associate"
"engineering","0837","安全科学与工程","安全组织与风险评价 · 职业安全教育等研究领域","safety-engineering","安全信息质量","6","young|associate|senior"
"engineering","0837","安全科学与工程","安全组织与风险评价 · 职业安全教育等研究领域","safety-engineering","安全政策","6","young|associate|senior"
"engineering","0837","安全科学与工程","安全组织与风险评价 · 职业安全教育等研究领域","safety-engineering","安全工程史","6","young|associate|senior"
"engineering","0838","公安技术","公开技术资料评价 · 公开物证资料评价等研究领域","police-technology","公开物证资料评价","6","young|associate|senior"
"engineering","0838","公安技术","公开技术资料评价 · 公开物证资料评价等研究领域","police-technology","公安技术史","6","young|associate|senior"
"engineering","0838","公安技术","公开技术资料评价 · 公开物证资料评价等研究领域","police-technology","公共安全信息","6","young|associate|senior"
"engineering","0838","公安技术","公开技术资料评价 · 公开物证资料评价等研究领域","police-technology","技术标准史","6","associate|young|senior"
"engineering","0838","公安技术","公开技术资料评价 · 技术展示研究等研究领域","police-technology","技术展示研究","6","associate|young|senior"
"engineering","0838","公安技术","公开技术资料评价 · 技术展示研究等研究领域","police-technology","图像资料质量","6","associate|young|senior"
"engineering","0838","公安技术","公开技术资料评价 · 技术展示研究等研究领域","police-technology","公开数据标注","6","senior|young|associate"
"engineering","0838","公安技术","公开技术资料评价 · 技术展示研究等研究领域","police-technology","技术伦理","6","senior|young|associate"
"engineering","0838","公安技术","公开技术资料评价 · 技术教育等研究领域","police-technology","技术教育","6","senior|young|associate"
"engineering","0838","公安技术","公开技术资料评价 · 技术教育等研究领域","police-technology","公开模型评价","6","young|associate|senior"
"engineering","0838","公安技术","公开技术资料评价 · 技术教育等研究领域","police-technology","数字资料保全研究","6","young|associate|senior"
"engineering","0838","公安技术","公开技术资料评价 · 技术教育等研究领域","police-technology","技术文献","6","young|associate|senior"
"engineering","0839","网络空间安全","安全治理与授权评价 · 安全治理与密码理论","cybersecurity-studies","安全治理","6","young|associate|senior"
"engineering","0839","网络空间安全","安全治理与授权评价 · 安全治理与密码理论","cybersecurity-studies","隐私保护评价","6","young|associate|senior"
"engineering","0839","网络空间安全","安全治理与授权评价 · 安全治理与密码理论","cybersecurity-studies","密码学理论","6","young|associate|senior"
"engineering","0839","网络空间安全","安全治理与授权评价 · 安全治理与密码理论","cybersecurity-studies","可信计算资料","6","associate|young|senior"
"engineering","0839","网络空间安全","安全治理与授权评价 · 软件协议与可用性","cybersecurity-studies","软件安全测试研究","6","associate|young|senior"
"engineering","0839","网络空间安全","安全治理与授权评价 · 软件协议与可用性","cybersecurity-studies","安全可用性","6","associate|young|senior"
"engineering","0839","网络空间安全","安全治理与授权评价 · 软件协议与可用性","cybersecurity-studies","安全协议形式分析","6","senior|young|associate"
"engineering","0839","网络空间安全","安全治理与授权评价 · 软件协议与可用性","cybersecurity-studies","安全教育","6","senior|young|associate"
"engineering","0839","网络空间安全","安全治理与授权评价 · 公开资料与安全教育","cybersecurity-studies","网络安全史","6","senior|young|associate"
"engineering","0839","网络空间安全","安全治理与授权评价 · 公开资料与安全教育","cybersecurity-studies","公开漏洞资料评价","6","young|associate|senior"
"engineering","0839","网络空间安全","安全治理与授权评价 · 公开资料与安全教育","cybersecurity-studies","安全测量","6","young|associate|senior"
"engineering","0839","网络空间安全","安全治理与授权评价 · 公开资料与安全教育","cybersecurity-studies","安全伦理","6","young|associate|senior"
"engineering","0851","建筑","建筑设计实务 · 建筑设计等研究领域","architecture","建筑设计","6","young|associate|senior"
"engineering","0851","建筑","建筑设计实务 · 建筑设计等研究领域","architecture","城乡规划","6","young|associate|senior"
"engineering","0851","建筑","建筑设计实务 · 建筑设计等研究领域","architecture","建筑技术与环境","6","young|associate|senior"
"engineering","0851","建筑","建筑设计实务 · 建筑历史与理论等研究领域","architecture","建筑历史与理论","6","associate|young|senior"
"engineering","0851","建筑","建筑设计实务 · 建筑历史与理论等研究领域","architecture","景观与公共空间","6","associate|young|senior"
"engineering","0851","建筑","建筑设计实务 · 建筑历史与理论等研究领域","architecture","住房与社区","6","associate|young|senior"
"engineering","0851","建筑","建筑设计实务 · 建筑数字技术等研究领域","architecture","建筑数字技术","6","senior|young|associate"
"engineering","0851","建筑","建筑设计实务 · 建筑数字技术等研究领域","architecture","遗产更新","6","senior|young|associate"
"engineering","0851","建筑","建筑设计实务 · 建筑数字技术等研究领域","architecture","建筑评价与人因","6","senior|young|associate"
"engineering","0853","城乡规划","规划设计与实施 · 规划理论与空间设计","urban-planning","城市规划理论","6","young|associate|senior"
"engineering","0853","城乡规划","规划设计与实施 · 规划理论与空间设计","urban-planning","城乡空间","6","young|associate|senior"
"engineering","0853","城乡规划","规划设计与实施 · 规划理论与空间设计","urban-planning","区域规划","6","young|associate|senior"
"engineering","0853","城乡规划","规划设计与实施 · 规划理论与空间设计","urban-planning","城市设计","6","associate|young|senior"
"engineering","0853","城乡规划","规划设计与实施 · 社区交通与实施","urban-planning","社区规划","6","associate|young|senior"
"engineering","0853","城乡规划","规划设计与实施 · 社区交通与实施","urban-planning","交通与空间","6","associate|young|senior"
"engineering","0853","城乡规划","规划设计与实施 · 社区交通与实施","urban-planning","历史空间保护","6","senior|young|associate"
"engineering","0853","城乡规划","规划设计与实施 · 社区交通与实施","urban-planning","规划实施评价","6","senior|young|associate"
"engineering","0853","城乡规划","规划设计与实施 · 公众参与与城乡公平","urban-planning","规划公众参与","6","senior|young|associate"
"engineering","0853","城乡规划","规划设计与实施 · 公众参与与城乡公平","urban-planning","城乡规划史","6","young|associate|senior"
"engineering","0853","城乡规划","规划设计与实施 · 公众参与与城乡公平","urban-planning","规划数字工具","6","young|associate|senior"
"engineering","0853","城乡规划","规划设计与实施 · 公众参与与城乡公平","urban-planning","城乡公平","6","young|associate|senior"
"engineering","0854","电子信息","计算机与软件","data","机器学习","7","young|associate|senior"
"engineering","0854","电子信息","计算机与软件","data","软件与系统","7","associate|young|senior"
"engineering","0854","电子信息","计算机与软件","data","人机交互","6","young|associate|senior"
"engineering","0854","电子信息","计算机与软件","data","计算机视觉","6","associate|young|senior"
"engineering","0854","电子信息","计算机与软件","data","自然语言处理","6","associate|young|senior"
"engineering","0854","电子信息","计算机与软件","data","数据库与数据工程","6","associate|young|senior"
"engineering","0854","电子信息","计算机与软件","data","计算机安全","6","senior|young|associate"
"engineering","0854","电子信息","计算机与软件","data","分布式计算","7","associate|senior|young"
"engineering","0854","电子信息","计算机与软件","data","因果与可信人工智能","6","senior|young|associate"
"engineering","0854","电子信息","计算机与软件","software-engineering","软件需求","6","young|associate|senior"
"engineering","0854","电子信息","计算机与软件","software-engineering","软件架构","6","young|associate|senior"
"engineering","0854","电子信息","计算机与软件","software-engineering","软件测试","6","young|associate|senior"
"engineering","0854","电子信息","计算机与软件","software-engineering","程序分析","6","associate|young|senior"
"engineering","0854","电子信息","计算机与软件","software-engineering","软件维护","6","associate|young|senior"
"engineering","0854","电子信息","计算机与软件","software-engineering","软件可靠性","6","associate|young|senior"
"engineering","0854","电子信息","计算机与软件","software-engineering","软件工程教育","6","senior|young|associate"
"engineering","0854","电子信息","计算机与软件","software-engineering","开源协作","6","senior|young|associate"
"engineering","0854","电子信息","计算机与软件","software-engineering","开发工具","6","senior|young|associate"
"engineering","0854","电子信息","计算机与软件","software-engineering","软件可用性","6","young|associate|senior"
"engineering","0854","电子信息","计算机与软件","software-engineering","软件度量","6","young|associate|senior"
"engineering","0854","电子信息","计算机与软件","software-engineering","软件复现","6","young|associate|senior"
"engineering","0854","电子信息","电子通信与控制","electrical","电子与传感","6","young|associate|senior"
"engineering","0854","电子信息","电子通信与控制","electrical","信号处理","6","young|associate|senior"
"engineering","0854","电子信息","电子通信与控制","electrical","通信与网络","6","young|associate|senior"
"engineering","0854","电子信息","电子通信与控制","electrical","微电子与器件","6","associate|young|senior"
"engineering","0854","电子信息","电子通信与控制","electrical","电路与系统","6","associate|young|senior"
"engineering","0854","电子信息","电子通信与控制","electrical","嵌入式系统","6","associate|young|senior"
"engineering","0854","电子信息","电子通信与控制","electrical","电磁与天线","6","senior|young|associate"
"engineering","0854","电子信息","电子通信与控制","electrical","光电信息","6","senior|young|associate"
"engineering","0854","电子信息","电子通信与控制","electrical","电子系统可靠性","6","senior|young|associate"
"engineering","0854","电子信息","电子通信与控制","communications","信息与编码","6","young|associate|senior"
"engineering","0854","电子信息","电子通信与控制","communications","无线与网络","6","young|associate|senior"
"engineering","0854","电子信息","电子通信与控制","communications","通信感知融合","6","young|associate|senior"
"engineering","0854","电子信息","电子通信与控制","communications","光通信","6","associate|young|senior"
"engineering","0854","电子信息","电子通信与控制","communications","卫星与空间通信","6","associate|young|senior"
"engineering","0854","电子信息","电子通信与控制","communications","网络协议与系统","6","associate|young|senior"
"engineering","0854","电子信息","电子通信与控制","communications","通信安全与隐私","6","senior|young|associate"
"engineering","0854","电子信息","电子通信与控制","communications","语音与多媒体信号","6","senior|young|associate"
"engineering","0854","电子信息","电子通信与控制","communications","通信系统评价","6","senior|young|associate"
"engineering","0854","电子信息","电子通信与控制","communications","信道估计与时变链路","6","young|associate|senior"
"engineering","0854","电子信息","电子通信与控制","automation","控制理论","7","senior|young|associate"
"engineering","0854","电子信息","电子通信与控制","automation","机器人与感知","6","young|associate|senior"
"engineering","0854","电子信息","电子通信与控制","automation","智能系统与协同","6","young|associate|senior"
"engineering","0854","电子信息","电子通信与控制","automation","过程控制","6","associate|young|senior"
"engineering","0854","电子信息","电子通信与控制","automation","嵌入式与实时系统","6","associate|young|senior"
"engineering","0854","电子信息","电子通信与控制","automation","无人系统研究","6","associate|young|senior"
"engineering","0854","电子信息","电子通信与控制","automation","系统辨识","6","senior|young|associate"
"engineering","0854","电子信息","电子通信与控制","automation","人机协同","6","senior|young|associate"
"engineering","0854","电子信息","电子通信与控制","automation","工业智能","6","senior|young|associate"
"engineering","0854","电子信息","仪器与安全","instruments-engineering","精密仪器","6","young|associate|senior"
"engineering","0854","电子信息","仪器与安全","instruments-engineering","测试计量","6","young|associate|senior"
"engineering","0854","电子信息","仪器与安全","instruments-engineering","传感器评价","6","young|associate|senior"
"engineering","0854","电子信息","仪器与安全","instruments-engineering","仪器标定","6","associate|young|senior"
"engineering","0854","电子信息","仪器与安全","instruments-engineering","测量不确定性","6","associate|young|senior"
"engineering","0854","电子信息","仪器与安全","instruments-engineering","光电仪器","6","associate|young|senior"
"engineering","0854","电子信息","仪器与安全","instruments-engineering","智能仪器","6","senior|young|associate"
"engineering","0854","电子信息","仪器与安全","instruments-engineering","测量系统","6","senior|young|associate"
"engineering","0854","电子信息","仪器与安全","instruments-engineering","仪器可靠性","6","senior|young|associate"
"engineering","0854","电子信息","仪器与安全","instruments-engineering","信号调理评价","6","young|associate|senior"
"engineering","0854","电子信息","仪器与安全","instruments-engineering","仪器软件","6","young|associate|senior"
"engineering","0854","电子信息","仪器与安全","instruments-engineering","仪器史","6","young|associate|senior"
"engineering","0854","电子信息","仪器与安全","cybersecurity-studies","安全治理","6","young|associate|senior"
"engineering","0854","电子信息","仪器与安全","cybersecurity-studies","隐私保护评价","6","young|associate|senior"
"engineering","0854","电子信息","仪器与安全","cybersecurity-studies","密码学理论","6","young|associate|senior"
"engineering","0854","电子信息","仪器与安全","cybersecurity-studies","可信计算资料","6","associate|young|senior"
"engineering","0854","电子信息","仪器与安全","cybersecurity-studies","软件安全测试研究","6","associate|young|senior"
"engineering","0854","电子信息","仪器与安全","cybersecurity-studies","安全可用性","6","associate|young|senior"
"engineering","0854","电子信息","仪器与安全","cybersecurity-studies","安全协议形式分析","6","senior|young|associate"
"engineering","0854","电子信息","仪器与安全","cybersecurity-studies","安全教育","6","senior|young|associate"
"engineering","0854","电子信息","仪器与安全","cybersecurity-studies","网络安全史","6","senior|young|associate"
"engineering","0854","电子信息","仪器与安全","cybersecurity-studies","公开漏洞资料评价","6","young|associate|senior"
"engineering","0854","电子信息","仪器与安全","cybersecurity-studies","安全测量","6","young|associate|senior"
"engineering","0854","电子信息","仪器与安全","cybersecurity-studies","安全伦理","6","young|associate|senior"
"engineering","0855","机械","机械与车辆","mechanical","机械设计","7","senior|young|associate"
"engineering","0855","机械","机械与车辆","mechanical","制造与工艺","6","young|associate|senior"
"engineering","0855","机械","机械与车辆","mechanical","控制与机器人","6","young|associate|senior"
"engineering","0855","机械","机械与车辆","mechanical","动力与振动","6","associate|young|senior"
"engineering","0855","机械","机械与车辆","mechanical","精密机械","6","associate|young|senior"
"engineering","0855","机械","机械与车辆","mechanical","流体机械","6","associate|young|senior"
"engineering","0855","机械","机械与车辆","mechanical","机电系统","6","senior|young|associate"
"engineering","0855","机械","机械与车辆","mechanical","数字制造","6","senior|young|associate"
"engineering","0855","机械","机械与车辆","mechanical","人因与工程使用","6","senior|young|associate"
"engineering","0855","机械","机械与车辆","mechanical","疲劳寿命与载荷谱","6","young|associate|senior"
"engineering","0855","机械","机械与车辆","vehicle-engineering","车辆结构","6","young|associate|senior"
"engineering","0855","机械","机械与车辆","vehicle-engineering","车辆动力学","6","young|associate|senior"
"engineering","0855","机械","机械与车辆","vehicle-engineering","车辆可靠性","6","young|associate|senior"
"engineering","0855","机械","机械与车辆","vehicle-engineering","车辆人因","6","associate|young|senior"
"engineering","0855","机械","机械与车辆","vehicle-engineering","车辆电子","6","associate|young|senior"
"engineering","0855","机械","机械与车辆","vehicle-engineering","车辆能源评价","6","associate|young|senior"
"engineering","0855","机械","机械与车辆","vehicle-engineering","车辆制造评价","6","senior|young|associate"
"engineering","0855","机械","机械与车辆","vehicle-engineering","车辆交通协作","6","senior|young|associate"
"engineering","0855","机械","机械与车辆","vehicle-engineering","车辆测试资料","6","senior|young|associate"
"engineering","0855","机械","机械与车辆","vehicle-engineering","车辆数字模型","6","young|associate|senior"
"engineering","0855","机械","机械与车辆","vehicle-engineering","车辆工程史","6","young|associate|senior"
"engineering","0855","机械","机械与车辆","vehicle-engineering","车辆可及性","6","young|associate|senior"
"engineering","0855","机械","航空与船海","aerospace","飞行器设计","7","senior|young|associate"
"engineering","0855","机械","航空与船海","aerospace","导航与控制","6","young|associate|senior"
"engineering","0855","机械","航空与船海","aerospace","空间任务与观测","6","young|associate|senior"
"engineering","0855","机械","航空与船海","aerospace","空气动力学","6","associate|young|senior"
"engineering","0855","机械","航空与船海","aerospace","结构与轻量化","6","associate|young|senior"
"engineering","0855","机械","航空与船海","aerospace","推进与动力","6","associate|young|senior"
"engineering","0855","机械","航空与船海","aerospace","航空电子","6","senior|young|associate"
"engineering","0855","机械","航空与船海","aerospace","任务规划","6","senior|young|associate"
"engineering","0855","机械","航空与船海","aerospace","空间环境","6","senior|young|associate"
"engineering","0855","机械","航空与船海","ship-engineering","船舶结构评价","6","young|associate|senior"
"engineering","0855","机械","航空与船海","ship-engineering","船舶流体模型","6","young|associate|senior"
"engineering","0855","机械","航空与船海","ship-engineering","海洋结构","6","young|associate|senior"
"engineering","0855","机械","航空与船海","ship-engineering","船舶动力资料","6","associate|young|senior"
"engineering","0855","机械","航空与船海","ship-engineering","海洋工程测量","6","associate|young|senior"
"engineering","0855","机械","航空与船海","ship-engineering","海洋装备可靠性","6","associate|young|senior"
"engineering","0855","机械","航空与船海","ship-engineering","港口协作资料","6","senior|young|associate"
"engineering","0855","机械","航空与船海","ship-engineering","海洋环境工况","6","senior|young|associate"
"engineering","0855","机械","航空与船海","ship-engineering","船舶工程史","6","senior|young|associate"
"engineering","0855","机械","航空与船海","ship-engineering","海洋工程材料","6","young|associate|senior"
"engineering","0855","机械","航空与船海","ship-engineering","船舶数字化","6","young|associate|senior"
"engineering","0855","机械","航空与船海","ship-engineering","海洋工程教育","6","young|associate|senior"
"engineering","0856","材料与化工","材料与冶金","materials","功能材料","7","senior|young|associate"
"engineering","0856","材料与化工","材料与冶金","materials","软材料与界面","6","young|associate|senior"
"engineering","0856","材料与化工","材料与冶金","materials","计算材料","6","young|associate|senior"
"engineering","0856","材料与化工","材料与冶金","materials","金属与合金","6","associate|young|senior"
"engineering","0856","材料与化工","材料与冶金","materials","陶瓷与无机材料","6","associate|young|senior"
"engineering","0856","材料与化工","材料与冶金","materials","聚合物材料","6","associate|young|senior"
"engineering","0856","材料与化工","材料与冶金","materials","电子与光电材料","6","senior|young|associate"
"engineering","0856","材料与化工","材料与冶金","materials","能源材料","6","senior|young|associate"
"engineering","0856","材料与化工","材料与冶金","materials","材料可靠性与评价","6","senior|young|associate"
"engineering","0856","材料与化工","材料与冶金","materials","断裂韧性与微结构","6","young|associate|senior"
"engineering","0856","材料与化工","材料与冶金","metallurgy-engineering","冶金物理化学","6","young|associate|senior"
"engineering","0856","材料与化工","材料与冶金","metallurgy-engineering","钢铁冶金资料","6","young|associate|senior"
"engineering","0856","材料与化工","材料与冶金","metallurgy-engineering","有色冶金资料","6","young|associate|senior"
"engineering","0856","材料与化工","材料与冶金","metallurgy-engineering","冶金过程模型","6","associate|young|senior"
"engineering","0856","材料与化工","材料与冶金","metallurgy-engineering","冶金资源评价","6","associate|young|senior"
"engineering","0856","材料与化工","材料与冶金","metallurgy-engineering","冶金测量","6","associate|young|senior"
"engineering","0856","材料与化工","材料与冶金","metallurgy-engineering","冶金材料性能","6","senior|young|associate"
"engineering","0856","材料与化工","材料与冶金","metallurgy-engineering","冶金过程控制","6","senior|young|associate"
"engineering","0856","材料与化工","材料与冶金","metallurgy-engineering","冶金环保评价","6","senior|young|associate"
"engineering","0856","材料与化工","材料与冶金","metallurgy-engineering","冶金能耗评价","6","young|associate|senior"
"engineering","0856","材料与化工","材料与冶金","metallurgy-engineering","冶金质量管理","6","young|associate|senior"
"engineering","0856","材料与化工","材料与冶金","metallurgy-engineering","冶金史","6","young|associate|senior"
"engineering","0856","材料与化工","化工与轻纺","process-engineering","化工热力学","6","young|associate|senior"
"engineering","0856","材料与化工","化工与轻纺","process-engineering","传递过程","6","young|associate|senior"
"engineering","0856","材料与化工","化工与轻纺","process-engineering","反应工程理论","6","young|associate|senior"
"engineering","0856","材料与化工","化工与轻纺","process-engineering","过程系统","6","associate|young|senior"
"engineering","0856","材料与化工","化工与轻纺","process-engineering","分离过程理论","6","associate|young|senior"
"engineering","0856","材料与化工","化工与轻纺","process-engineering","过程控制","6","associate|young|senior"
"engineering","0856","材料与化工","化工与轻纺","process-engineering","过程强化评价","6","senior|young|associate"
"engineering","0856","材料与化工","化工与轻纺","process-engineering","资源循环","6","senior|young|associate"
"engineering","0856","材料与化工","化工与轻纺","process-engineering","过程模拟","6","senior|young|associate"
"engineering","0856","材料与化工","化工与轻纺","process-engineering","过程测量","6","young|associate|senior"
"engineering","0856","材料与化工","化工与轻纺","process-engineering","工况可靠性","6","young|associate|senior"
"engineering","0856","材料与化工","化工与轻纺","process-engineering","化工工程教育","6","young|associate|senior"
"engineering","0856","材料与化工","化工与轻纺","textile-engineering","纺织材料","6","young|associate|senior"
"engineering","0856","材料与化工","化工与轻纺","textile-engineering","纺织工艺评价","6","young|associate|senior"
"engineering","0856","材料与化工","化工与轻纺","textile-engineering","纺织化学资料","6","young|associate|senior"
"engineering","0856","材料与化工","化工与轻纺","textile-engineering","服装设计与工程","6","associate|young|senior"
"engineering","0856","材料与化工","化工与轻纺","textile-engineering","纺织测量","6","associate|young|senior"
"engineering","0856","材料与化工","化工与轻纺","textile-engineering","纺织舒适性","6","associate|young|senior"
"engineering","0856","材料与化工","化工与轻纺","textile-engineering","纺织结构","6","senior|young|associate"
"engineering","0856","材料与化工","化工与轻纺","textile-engineering","纺织质量管理","6","senior|young|associate"
"engineering","0856","材料与化工","化工与轻纺","textile-engineering","纺织资源循环","6","senior|young|associate"
"engineering","0856","材料与化工","化工与轻纺","textile-engineering","纺织数字化","6","young|associate|senior"
"engineering","0856","材料与化工","化工与轻纺","textile-engineering","纺织史","6","young|associate|senior"
"engineering","0856","材料与化工","化工与轻纺","textile-engineering","纺织教育","6","young|associate|senior"
"engineering","0856","材料与化工","化工与轻纺","light-industry","制浆造纸资料","6","young|associate|senior"
"engineering","0856","材料与化工","化工与轻纺","light-industry","制革材料资料","6","young|associate|senior"
"engineering","0856","材料与化工","化工与轻纺","light-industry","包装工程","6","young|associate|senior"
"engineering","0856","材料与化工","化工与轻纺","light-industry","印刷工程","6","associate|young|senior"
"engineering","0856","材料与化工","化工与轻纺","light-industry","轻工过程评价","6","associate|young|senior"
"engineering","0856","材料与化工","化工与轻纺","light-industry","轻工资源循环","6","associate|young|senior"
"engineering","0856","材料与化工","化工与轻纺","light-industry","轻工产品设计","6","senior|young|associate"
"engineering","0856","材料与化工","化工与轻纺","light-industry","轻工质量管理","6","senior|young|associate"
"engineering","0856","材料与化工","化工与轻纺","light-industry","轻工材料测量","6","senior|young|associate"
"engineering","0856","材料与化工","化工与轻纺","light-industry","轻工环境评价","6","young|associate|senior"
"engineering","0856","材料与化工","化工与轻纺","light-industry","轻工数字化","6","young|associate|senior"
"engineering","0856","材料与化工","化工与轻纺","light-industry","轻工史","6","young|associate|senior"
"engineering","0857","资源与环境","地质矿业与油气","geological-engineering","地质工程资料","6","young|associate|senior"
"engineering","0857","资源与环境","地质矿业与油气","geological-engineering","地质勘查史","6","young|associate|senior"
"engineering","0857","资源与环境","地质矿业与油气","geological-engineering","工程地质评价","6","young|associate|senior"
"engineering","0857","资源与环境","地质矿业与油气","geological-engineering","地球探测资料","6","associate|young|senior"
"engineering","0857","资源与环境","地质矿业与油气","geological-engineering","地质资源评价","6","associate|young|senior"
"engineering","0857","资源与环境","地质矿业与油气","geological-engineering","地质模型","6","associate|young|senior"
"engineering","0857","资源与环境","地质矿业与油气","geological-engineering","地下水资料","6","senior|young|associate"
"engineering","0857","资源与环境","地质矿业与油气","geological-engineering","地质信息","6","senior|young|associate"
"engineering","0857","资源与环境","地质矿业与油气","geological-engineering","环境地质评价","6","senior|young|associate"
"engineering","0857","资源与环境","地质矿业与油气","geological-engineering","地质监测","6","young|associate|senior"
"engineering","0857","资源与环境","地质矿业与油气","geological-engineering","地质不确定性","6","young|associate|senior"
"engineering","0857","资源与环境","地质矿业与油气","geological-engineering","地质工程教育","6","young|associate|senior"
"engineering","0857","资源与环境","地质矿业与油气","mining-engineering","矿业工程史","6","young|associate|senior"
"engineering","0857","资源与环境","地质矿业与油气","mining-engineering","矿产资源评价","6","young|associate|senior"
"engineering","0857","资源与环境","地质矿业与油气","mining-engineering","矿业系统模型","6","young|associate|senior"
"engineering","0857","资源与环境","地质矿业与油气","mining-engineering","矿业组织研究","6","associate|young|senior"
"engineering","0857","资源与环境","地质矿业与油气","mining-engineering","矿业测量资料","6","associate|young|senior"
"engineering","0857","资源与环境","地质矿业与油气","mining-engineering","矿业环境评价","6","associate|young|senior"
"engineering","0857","资源与环境","地质矿业与油气","mining-engineering","资源利用评价","6","senior|young|associate"
"engineering","0857","资源与环境","地质矿业与油气","mining-engineering","矿业装备可靠性","6","senior|young|associate"
"engineering","0857","资源与环境","地质矿业与油气","mining-engineering","矿业信息系统","6","senior|young|associate"
"engineering","0857","资源与环境","地质矿业与油气","mining-engineering","矿业安全文化","6","young|associate|senior"
"engineering","0857","资源与环境","地质矿业与油气","mining-engineering","矿业教育","6","young|associate|senior"
"engineering","0857","资源与环境","地质矿业与油气","mining-engineering","矿业公共资料","6","young|associate|senior"
"engineering","0857","资源与环境","地质矿业与油气","petroleum-engineering","油气地质资料","6","young|associate|senior"
"engineering","0857","资源与环境","地质矿业与油气","petroleum-engineering","油气资源评价","6","young|associate|senior"
"engineering","0857","资源与环境","地质矿业与油气","petroleum-engineering","储层模型","6","young|associate|senior"
"engineering","0857","资源与环境","地质矿业与油气","petroleum-engineering","能源流体资料","6","associate|young|senior"
"engineering","0857","资源与环境","地质矿业与油气","petroleum-engineering","油气测量","6","associate|young|senior"
"engineering","0857","资源与环境","地质矿业与油气","petroleum-engineering","油气工程史","6","associate|young|senior"
"engineering","0857","资源与环境","地质矿业与油气","petroleum-engineering","油气生产系统评价","6","senior|young|associate"
"engineering","0857","资源与环境","地质矿业与油气","petroleum-engineering","油气环境评价","6","senior|young|associate"
"engineering","0857","资源与环境","地质矿业与油气","petroleum-engineering","油气装备可靠性","6","senior|young|associate"
"engineering","0857","资源与环境","地质矿业与油气","petroleum-engineering","油气数据质量","6","young|associate|senior"
"engineering","0857","资源与环境","地质矿业与油气","petroleum-engineering","天然气系统评价","6","young|associate|senior"
"engineering","0857","资源与环境","地质矿业与油气","petroleum-engineering","能源转型资料","6","young|associate|senior"
"engineering","0857","资源与环境","测绘与安全","geomatics-engineering","大地测量","6","young|associate|senior"
"engineering","0857","资源与环境","测绘与安全","geomatics-engineering","工程测量","6","young|associate|senior"
"engineering","0857","资源与环境","测绘与安全","geomatics-engineering","摄影测量","6","young|associate|senior"
"engineering","0857","资源与环境","测绘与安全","geomatics-engineering","遥感信息","6","associate|young|senior"
"engineering","0857","资源与环境","测绘与安全","geomatics-engineering","地理信息工程","6","associate|young|senior"
"engineering","0857","资源与环境","测绘与安全","geomatics-engineering","导航资料评价","6","associate|young|senior"
"engineering","0857","资源与环境","测绘与安全","geomatics-engineering","地图表达","6","senior|young|associate"
"engineering","0857","资源与环境","测绘与安全","geomatics-engineering","点云处理","6","senior|young|associate"
"engineering","0857","资源与环境","测绘与安全","geomatics-engineering","时空数据","6","senior|young|associate"
"engineering","0857","资源与环境","测绘与安全","geomatics-engineering","测绘质量","6","young|associate|senior"
"engineering","0857","资源与环境","测绘与安全","geomatics-engineering","多源资料配准","6","young|associate|senior"
"engineering","0857","资源与环境","测绘与安全","geomatics-engineering","测绘工程教育","6","young|associate|senior"
"engineering","0857","资源与环境","测绘与安全","safety-engineering","安全系统评价","6","young|associate|senior"
"engineering","0857","资源与环境","测绘与安全","safety-engineering","安全管理","6","young|associate|senior"
"engineering","0857","资源与环境","测绘与安全","safety-engineering","人因与安全","6","young|associate|senior"
"engineering","0857","资源与环境","测绘与安全","safety-engineering","安全文化","6","associate|young|senior"
"engineering","0857","资源与环境","测绘与安全","safety-engineering","应急组织研究","6","associate|young|senior"
"engineering","0857","资源与环境","测绘与安全","safety-engineering","风险沟通","6","associate|young|senior"
"engineering","0857","资源与环境","测绘与安全","safety-engineering","安全测量资料","6","senior|young|associate"
"engineering","0857","资源与环境","测绘与安全","safety-engineering","事故史料","6","senior|young|associate"
"engineering","0857","资源与环境","测绘与安全","safety-engineering","职业安全教育","6","senior|young|associate"
"engineering","0857","资源与环境","测绘与安全","safety-engineering","安全信息质量","6","young|associate|senior"
"engineering","0857","资源与环境","测绘与安全","safety-engineering","安全政策","6","young|associate|senior"
"engineering","0857","资源与环境","测绘与安全","safety-engineering","安全工程史","6","young|associate|senior"
"engineering","0858","能源动力","能源系统 · 热能与动力等研究领域","energy","热能与动力","6","young|associate|senior"
"engineering","0858","能源动力","能源系统 · 热能与动力等研究领域","energy","电力与储能","6","young|associate|senior"
"engineering","0858","能源动力","能源系统 · 热能与动力等研究领域","energy","能源与环境","6","young|associate|senior"
"engineering","0858","能源动力","能源系统 · 能源系统建模等研究领域","energy","能源系统建模","6","associate|young|senior"
"engineering","0858","能源动力","能源系统 · 能源系统建模等研究领域","energy","新能源与转换","6","associate|young|senior"
"engineering","0858","能源动力","能源系统 · 能源系统建模等研究领域","energy","建筑能源","6","associate|young|senior"
"engineering","0858","能源动力","能源系统 · 能源调度等研究领域","energy","能源调度","6","senior|young|associate"
"engineering","0858","能源动力","能源系统 · 能源调度等研究领域","energy","能源经济","6","senior|young|associate"
"engineering","0858","能源动力","能源系统 · 能源调度等研究领域","energy","低碳与全周期评价","6","senior|young|associate"
"engineering","0858","能源动力","电气工程 · 设备与测量","electrical-engineering","电机研究","6","young|associate|senior"
"engineering","0858","能源动力","电气工程 · 设备与测量","electrical-engineering","绝缘与可靠性","6","associate|young|senior"
"engineering","0858","能源动力","电气工程 · 设备与测量","electrical-engineering","电气测量","6","associate|young|senior"
"engineering","0858","能源动力","电气工程 · 设备与测量","electrical-engineering","电气设备诊断","6","senior|young|associate"
"engineering","0858","能源动力","电气工程 · 系统与能源","electrical-engineering","电力系统","6","young|associate|senior"
"engineering","0858","能源动力","电气工程 · 系统与能源","electrical-engineering","可再生能源接入","6","associate|young|senior"
"engineering","0858","能源动力","电气工程 · 系统与能源","electrical-engineering","电网运行评价","6","senior|young|associate"
"engineering","0858","能源动力","电气工程 · 系统与能源","electrical-engineering","电能质量","6","senior|young|associate"
"engineering","0858","能源动力","电气工程 · 系统与能源","electrical-engineering","储能系统评价","6","young|associate|senior"
"engineering","0858","能源动力","电气工程 · 转换与自动化","electrical-engineering","电力电子","6","young|associate|senior"
"engineering","0858","能源动力","电气工程 · 转换与自动化","electrical-engineering","电气自动化","6","young|associate|senior"
"engineering","0858","能源动力","电气工程 · 转换与自动化","electrical-engineering","电气工程教育","6","young|associate|senior"
"engineering","0858","能源动力","核能公开评价 · 核工程史等研究领域","nuclear-engineering","核工程史","6","young|associate|senior"
"engineering","0858","能源动力","核能公开评价 · 核工程史等研究领域","nuclear-engineering","核能系统评价","6","young|associate|senior"
"engineering","0858","能源动力","核能公开评价 · 核工程史等研究领域","nuclear-engineering","辐射测量资料","6","young|associate|senior"
"engineering","0858","能源动力","核能公开评价 · 核工程史等研究领域","nuclear-engineering","核仪器史","6","associate|young|senior"
"engineering","0858","能源动力","核能公开评价 · 核材料公开资料等研究领域","nuclear-engineering","核材料公开资料","6","associate|young|senior"
"engineering","0858","能源动力","核能公开评价 · 核材料公开资料等研究领域","nuclear-engineering","核能环境评价","6","associate|young|senior"
"engineering","0858","能源动力","核能公开评价 · 核材料公开资料等研究领域","nuclear-engineering","核能政策","6","senior|young|associate"
"engineering","0858","能源动力","核能公开评价 · 核材料公开资料等研究领域","nuclear-engineering","核数据质量","6","senior|young|associate"
"engineering","0858","能源动力","核能公开评价 · 核工程教育等研究领域","nuclear-engineering","核工程教育","6","senior|young|associate"
"engineering","0858","能源动力","核能公开评价 · 核工程教育等研究领域","nuclear-engineering","公共风险沟通","6","young|associate|senior"
"engineering","0858","能源动力","核能公开评价 · 核工程教育等研究领域","nuclear-engineering","核能经济评价","6","young|associate|senior"
"engineering","0858","能源动力","核能公开评价 · 核工程教育等研究领域","nuclear-engineering","公开模型复现","6","young|associate|senior"
"engineering","0859","土木水利","土木与水利","civil","结构工程","6","young|associate|senior"
"engineering","0859","土木水利","土木与水利","civil","交通与城市","6","young|associate|senior"
"engineering","0859","土木水利","土木与水利","civil","建筑与环境","6","young|associate|senior"
"engineering","0859","土木水利","土木与水利","civil","岩土工程","6","associate|young|senior"
"engineering","0859","土木水利","土木与水利","civil","水利与水环境","6","associate|young|senior"
"engineering","0859","土木水利","土木与水利","civil","市政与基础设施","6","associate|young|senior"
"engineering","0859","土木水利","土木与水利","civil","工程管理","6","senior|young|associate"
"engineering","0859","土木水利","土木与水利","civil","城市交通分析","6","senior|young|associate"
"engineering","0859","土木水利","土木与水利","civil","灾害与韧性","6","senior|young|associate"
"engineering","0859","土木水利","土木与水利","hydro-marine","水文资料","6","young|associate|senior"
"engineering","0859","土木水利","土木与水利","hydro-marine","水资源系统","6","young|associate|senior"
"engineering","0859","土木水利","土木与水利","hydro-marine","水工结构","6","young|associate|senior"
"engineering","0859","土木水利","土木与水利","hydro-marine","河流工程","6","associate|young|senior"
"engineering","0859","土木水利","土木与水利","hydro-marine","海岸工程","6","associate|young|senior"
"engineering","0859","土木水利","土木与水利","hydro-marine","港口工程","6","associate|young|senior"
"engineering","0859","土木水利","土木与水利","hydro-marine","海洋结构","6","senior|young|associate"
"engineering","0859","土木水利","土木与水利","hydro-marine","工程数值模型","6","senior|young|associate"
"engineering","0859","土木水利","土木与水利","hydro-marine","工程监测","6","senior|young|associate"
"engineering","0859","土木水利","土木与水利","hydro-marine","泥沙资料","6","young|associate|senior"
"engineering","0859","土木水利","土木与水利","hydro-marine","工程环境评价","6","young|associate|senior"
"engineering","0859","土木水利","土木与水利","hydro-marine","水利工程史","6","young|associate|senior"
"engineering","0859","土木水利","船舶海洋 · 船舶结构评价等研究领域","ship-engineering","船舶结构评价","6","young|associate|senior"
"engineering","0859","土木水利","船舶海洋 · 船舶结构评价等研究领域","ship-engineering","船舶流体模型","6","young|associate|senior"
"engineering","0859","土木水利","船舶海洋 · 船舶结构评价等研究领域","ship-engineering","海洋结构","6","young|associate|senior"
"engineering","0859","土木水利","船舶海洋 · 船舶结构评价等研究领域","ship-engineering","船舶动力资料","6","associate|young|senior"
"engineering","0859","土木水利","船舶海洋 · 海洋工程测量等研究领域","ship-engineering","海洋工程测量","6","associate|young|senior"
"engineering","0859","土木水利","船舶海洋 · 海洋工程测量等研究领域","ship-engineering","海洋装备可靠性","6","associate|young|senior"
"engineering","0859","土木水利","船舶海洋 · 海洋工程测量等研究领域","ship-engineering","港口协作资料","6","senior|young|associate"
"engineering","0859","土木水利","船舶海洋 · 海洋工程测量等研究领域","ship-engineering","海洋环境工况","6","senior|young|associate"
"engineering","0859","土木水利","船舶海洋 · 船舶工程史等研究领域","ship-engineering","船舶工程史","6","senior|young|associate"
"engineering","0859","土木水利","船舶海洋 · 船舶工程史等研究领域","ship-engineering","海洋工程材料","6","young|associate|senior"
"engineering","0859","土木水利","船舶海洋 · 船舶工程史等研究领域","ship-engineering","船舶数字化","6","young|associate|senior"
"engineering","0859","土木水利","船舶海洋 · 船舶工程史等研究领域","ship-engineering","海洋工程教育","6","young|associate|senior"
"engineering","0860","生物与医药","生物过程与资料 · 生物过程模型等研究领域","bio-engineering","生物过程模型","6","young|associate|senior"
"engineering","0860","生物与医药","生物过程与资料 · 生物过程模型等研究领域","bio-engineering","生物工程测量","6","young|associate|senior"
"engineering","0860","生物与医药","生物过程与资料 · 生物过程模型等研究领域","bio-engineering","生物材料资料","6","young|associate|senior"
"engineering","0860","生物与医药","生物过程与资料 · 生物过程模型等研究领域","bio-engineering","生物制造公开资料","6","associate|young|senior"
"engineering","0860","生物与医药","生物过程与资料 · 生物工程信息等研究领域","bio-engineering","生物工程信息","6","associate|young|senior"
"engineering","0860","生物与医药","生物过程与资料 · 生物工程信息等研究领域","bio-engineering","过程质量评价","6","associate|young|senior"
"engineering","0860","生物与医药","生物过程与资料 · 生物工程信息等研究领域","bio-engineering","生物资源评价","6","senior|young|associate"
"engineering","0860","生物与医药","生物过程与资料 · 生物工程信息等研究领域","bio-engineering","工程批次资料","6","senior|young|associate"
"engineering","0860","生物与医药","生物过程与资料 · 生物工程伦理等研究领域","bio-engineering","生物工程伦理","6","senior|young|associate"
"engineering","0860","生物与医药","生物过程与资料 · 生物工程伦理等研究领域","bio-engineering","生物工程史","6","young|associate|senior"
"engineering","0860","生物与医药","生物过程与资料 · 生物工程伦理等研究领域","bio-engineering","工程环境评价","6","young|associate|senior"
"engineering","0860","生物与医药","生物过程与资料 · 生物工程伦理等研究领域","bio-engineering","工程教育","6","young|associate|senior"
"engineering","0860","生物与医药","医学工程与原型 · 仪器信号与材料评价","biomedical-engineering","生物医学仪器","6","young|associate|senior"
"engineering","0860","生物与医药","医学工程与原型 · 仪器信号与材料评价","biomedical-engineering","生物医学信号","6","young|associate|senior"
"engineering","0860","生物与医药","医学工程与原型 · 仪器信号与材料评价","biomedical-engineering","医学成像评价","6","young|associate|senior"
"engineering","0860","生物与医药","医学工程与原型 · 仪器信号与材料评价","biomedical-engineering","生物材料评价","6","associate|young|senior"
"engineering","0860","生物与医药","医学工程与原型 · 康复生物力学与信息","biomedical-engineering","康复工程","6","associate|young|senior"
"engineering","0860","生物与医药","医学工程与原型 · 康复生物力学与信息","biomedical-engineering","生物力学","6","associate|young|senior"
"engineering","0860","生物与医药","医学工程与原型 · 康复生物力学与信息","biomedical-engineering","医学信息工程","6","senior|young|associate"
"engineering","0860","生物与医药","医学工程与原型 · 康复生物力学与信息","biomedical-engineering","医疗器械可用性","6","senior|young|associate"
"engineering","0860","生物与医药","医学工程与原型 · 辅助技术与工程伦理","biomedical-engineering","辅助技术","6","senior|young|associate"
"engineering","0860","生物与医药","医学工程与原型 · 辅助技术与工程伦理","biomedical-engineering","生物医学测量","6","young|associate|senior"
"engineering","0860","生物与医药","医学工程与原型 · 辅助技术与工程伦理","biomedical-engineering","工程伦理","6","young|associate|senior"
"engineering","0860","生物与医药","医学工程与原型 · 辅助技术与工程伦理","biomedical-engineering","医学工程史","6","young|associate|senior"
"engineering","0860","生物与医药","食品过程 · 食品科学等研究领域","food","食品科学","6","young|associate|senior"
"engineering","0860","生物与医药","食品过程 · 食品科学等研究领域","food","营养研究","6","young|associate|senior"
"engineering","0860","生物与医药","食品过程 · 食品科学等研究领域","food","食品安全与管理","6","young|associate|senior"
"engineering","0860","生物与医药","食品过程 · 食品加工与过程等研究领域","food","食品加工与过程","6","associate|young|senior"
"engineering","0860","生物与医药","食品过程 · 食品加工与过程等研究领域","food","食品分析","6","associate|young|senior"
"engineering","0860","生物与医药","食品过程 · 食品加工与过程等研究领域","food","食品感官研究","6","associate|young|senior"
"engineering","0860","生物与医药","食品过程 · 食品供应链等研究领域","food","食品供应链","6","senior|young|associate"
"engineering","0860","生物与医药","食品过程 · 食品供应链等研究领域","food","膳食与行为","6","senior|young|associate"
"engineering","0860","生物与医药","食品过程 · 食品供应链等研究领域","food","营养政策","6","senior|young|associate"
"engineering","0861","交通运输","交通系统实务 · 道路与铁道工程资料等研究领域","transportation-engineering","道路与铁道工程资料","6","young|associate|senior"
"engineering","0861","交通运输","交通系统实务 · 道路与铁道工程资料等研究领域","transportation-engineering","交通信息工程","6","young|associate|senior"
"engineering","0861","交通运输","交通系统实务 · 道路与铁道工程资料等研究领域","transportation-engineering","交通运输规划","6","young|associate|senior"
"engineering","0861","交通运输","交通系统实务 · 道路与铁道工程资料等研究领域","transportation-engineering","交通运载工具评价","6","associate|young|senior"
"engineering","0861","交通运输","交通系统实务 · 交通组织等研究领域","transportation-engineering","交通组织","6","associate|young|senior"
"engineering","0861","交通运输","交通系统实务 · 交通组织等研究领域","transportation-engineering","出行行为","6","associate|young|senior"
"engineering","0861","交通运输","交通系统实务 · 交通组织等研究领域","transportation-engineering","公共交通","6","senior|young|associate"
"engineering","0861","交通运输","交通系统实务 · 交通组织等研究领域","transportation-engineering","交通测量","6","senior|young|associate"
"engineering","0861","交通运输","交通系统实务 · 交通可靠性等研究领域","transportation-engineering","交通可靠性","6","senior|young|associate"
"engineering","0861","交通运输","交通系统实务 · 交通可靠性等研究领域","transportation-engineering","交通环境评价","6","young|associate|senior"
"engineering","0861","交通运输","交通系统实务 · 交通可靠性等研究领域","transportation-engineering","交通工程史","6","young|associate|senior"
"engineering","0861","交通运输","交通系统实务 · 交通可靠性等研究领域","transportation-engineering","交通可及性","6","young|associate|senior"
"engineering","0862","风景园林","景观规划与设计 · 风景园林历史等研究领域","landscape-studies","风景园林历史","6","young|associate|senior"
"engineering","0862","风景园林","景观规划与设计 · 风景园林历史等研究领域","landscape-studies","园林设计","6","young|associate|senior"
"engineering","0862","风景园林","景观规划与设计 · 风景园林历史等研究领域","landscape-studies","景观规划","6","young|associate|senior"
"engineering","0862","风景园林","景观规划与设计 · 风景园林历史等研究领域","landscape-studies","景观生态设计","6","associate|young|senior"
"engineering","0862","风景园林","景观规划与设计 · 风景资源评价等研究领域","landscape-studies","风景资源评价","6","associate|young|senior"
"engineering","0862","风景园林","景观规划与设计 · 风景资源评价等研究领域","landscape-studies","园林植物应用","6","associate|young|senior"
"engineering","0862","风景园林","景观规划与设计 · 风景资源评价等研究领域","landscape-studies","公共空间","6","senior|young|associate"
"engineering","0862","风景园林","景观规划与设计 · 风景资源评价等研究领域","landscape-studies","景观使用评价","6","senior|young|associate"
"engineering","0862","风景园林","景观规划与设计 · 园林遗产等研究领域","landscape-studies","园林遗产","6","senior|young|associate"
"engineering","0862","风景园林","景观规划与设计 · 园林遗产等研究领域","landscape-studies","景观工程评价","6","young|associate|senior"
"engineering","0862","风景园林","景观规划与设计 · 园林遗产等研究领域","landscape-studies","风景园林教育","6","young|associate|senior"
"engineering","0862","风景园林","景观规划与设计 · 园林遗产等研究领域","landscape-studies","景观可及性","6","young|associate|senior"
"agriculture","0901","作物学","栽培与育种评价 · 生长与生产条件","crop-science","作物栽培","6","young|associate|senior"
"agriculture","0901","作物学","栽培与育种评价 · 生长与生产条件","crop-science","作物生理","6","young|associate|senior"
"agriculture","0901","作物学","栽培与育种评价 · 生长与生产条件","crop-science","农田管理","6","senior|young|associate"
"agriculture","0901","作物学","栽培与育种评价 · 生长与生产条件","crop-science","农业气候","6","senior|young|associate"
"agriculture","0901","作物学","栽培与育种评价 · 生长与生产条件","crop-science","作物生产系统","6","young|associate|senior"
"agriculture","0901","作物学","栽培与育种评价 · 遗传与资源资料","crop-science","作物遗传资料","6","young|associate|senior"
"agriculture","0901","作物学","栽培与育种评价 · 遗传与资源资料","crop-science","作物育种评价","6","associate|young|senior"
"agriculture","0901","作物学","栽培与育种评价 · 遗传与资源资料","crop-science","种质资料","6","associate|young|senior"
"agriculture","0901","作物学","栽培与育种评价 · 品质与资料方法","crop-science","作物品质","6","associate|young|senior"
"agriculture","0901","作物学","栽培与育种评价 · 品质与资料方法","crop-science","农艺试验设计","6","senior|young|associate"
"agriculture","0901","作物学","栽培与育种评价 · 品质与资料方法","crop-science","作物模型","6","young|associate|senior"
"agriculture","0901","作物学","栽培与育种评价 · 品质与资料方法","crop-science","作物表型资料","6","young|associate|senior"
"agriculture","0901","作物学","作物综合","agriculture","作物与栽培","7","senior|young|associate"
"agriculture","0901","作物学","作物综合","agriculture","作物遗传与育种","6","associate|young|senior"
"agriculture","0902","园艺学","园艺资源与生产 · 果树研究等研究领域","horticulture-studies","果树研究","6","young|associate|senior"
"agriculture","0902","园艺学","园艺资源与生产 · 果树研究等研究领域","horticulture-studies","蔬菜研究","6","young|associate|senior"
"agriculture","0902","园艺学","园艺资源与生产 · 果树研究等研究领域","horticulture-studies","花卉研究","6","young|associate|senior"
"agriculture","0902","园艺学","园艺资源与生产 · 果树研究等研究领域","horticulture-studies","设施园艺","6","associate|young|senior"
"agriculture","0902","园艺学","园艺资源与生产 · 果树研究等研究领域","horticulture-studies","园艺品质","6","associate|young|senior"
"agriculture","0902","园艺学","园艺资源与生产 · 园艺生理等研究领域","horticulture-studies","园艺生理","6","associate|young|senior"
"agriculture","0902","园艺学","园艺资源与生产 · 园艺生理等研究领域","horticulture-studies","园艺资源资料","6","senior|young|associate"
"agriculture","0902","园艺学","园艺资源与生产 · 园艺生理等研究领域","horticulture-studies","园艺生态","6","senior|young|associate"
"agriculture","0902","园艺学","园艺资源与生产 · 园艺生理等研究领域","horticulture-studies","采后评价","6","senior|young|associate"
"agriculture","0902","园艺学","园艺资源与生产 · 园艺生理等研究领域","horticulture-studies","园艺生产系统","6","young|associate|senior"
"agriculture","0902","园艺学","园艺资源与生产 · 园艺表型等研究领域","horticulture-studies","园艺表型","6","young|associate|senior"
"agriculture","0902","园艺学","园艺资源与生产 · 园艺表型等研究领域","horticulture-studies","城市园艺","6","young|associate|senior"
"agriculture","0902","园艺学","园艺资源与生产 · 园艺表型等研究领域","horticulture-studies","园艺采后品质与成熟","6","young|associate|senior"
"agriculture","0902","园艺学","园艺综合","agriculture","园艺","6","associate|young|senior"
"agriculture","0903","农业资源与环境","土壤与资源 · 土壤学等研究领域","soil-resources","土壤学","6","young|associate|senior"
"agriculture","0903","农业资源与环境","土壤与资源 · 土壤学等研究领域","soil-resources","植物营养资料","6","young|associate|senior"
"agriculture","0903","农业资源与环境","土壤与资源 · 土壤学等研究领域","soil-resources","农业资源","6","young|associate|senior"
"agriculture","0903","农业资源与环境","土壤与资源 · 土壤学等研究领域","soil-resources","土壤生态","6","associate|young|senior"
"agriculture","0903","农业资源与环境","土壤与资源 · 土壤学等研究领域","soil-resources","农田环境","6","associate|young|senior"
"agriculture","0903","农业资源与环境","土壤与资源 · 土壤空间分析等研究领域","soil-resources","土壤空间分析","6","associate|young|senior"
"agriculture","0903","农业资源与环境","土壤与资源 · 土壤空间分析等研究领域","soil-resources","土壤水分","6","senior|young|associate"
"agriculture","0903","农业资源与环境","土壤与资源 · 土壤空间分析等研究领域","soil-resources","土地利用","6","senior|young|associate"
"agriculture","0903","农业资源与环境","土壤与资源 · 土壤空间分析等研究领域","soil-resources","资源循环","6","senior|young|associate"
"agriculture","0903","农业资源与环境","土壤与资源 · 土壤空间分析等研究领域","soil-resources","土壤测量","6","young|associate|senior"
"agriculture","0903","农业资源与环境","土壤与资源 · 农业资源评价等研究领域","soil-resources","农业资源评价","6","young|associate|senior"
"agriculture","0903","农业资源与环境","土壤与资源 · 农业资源评价等研究领域","soil-resources","农业环境史","6","young|associate|senior"
"agriculture","0903","农业资源与环境","土壤与资源 · 农业资源评价等研究领域","soil-resources","土壤团聚体与有机碳","6","young|associate|senior"
"agriculture","0903","农业资源与环境","农业资源综合","agriculture","土壤与资源","6","young|associate|senior"
"agriculture","0904","植物保护","农田健康与观察 · 病理昆虫与植保生态","plant-protection","植物病理资料","6","young|associate|senior"
"agriculture","0904","植物保护","农田健康与观察 · 病理昆虫与植保生态","plant-protection","农业昆虫学资料","6","young|associate|senior"
"agriculture","0904","植物保护","农田健康与观察 · 病理昆虫与植保生态","plant-protection","植物检疫制度史","6","young|associate|senior"
"agriculture","0904","植物保护","农田健康与观察 · 病理昆虫与植保生态","plant-protection","植保生态","6","associate|young|senior"
"agriculture","0904","植物保护","农田健康与观察 · 观测与资料评价","plant-protection","作物健康观测","6","associate|young|senior"
"agriculture","0904","植物保护","农田健康与观察 · 观测与资料评价","plant-protection","植保预警评价","6","associate|young|senior"
"agriculture","0904","植物保护","农田健康与观察 · 观测与资料评价","plant-protection","农业生物多样性","6","senior|young|associate"
"agriculture","0904","植物保护","农田健康与观察 · 观测与资料评价","plant-protection","植保资料质量","6","senior|young|associate"
"agriculture","0904","植物保护","农田健康与观察 · 资源教育与农田管理","plant-protection","植保资源评价","6","senior|young|associate"
"agriculture","0904","植物保护","农田健康与观察 · 资源教育与农田管理","plant-protection","植保教育","6","young|associate|senior"
"agriculture","0904","植物保护","农田健康与观察 · 资源教育与农田管理","plant-protection","植保史","6","young|associate|senior"
"agriculture","0904","植物保护","农田健康与观察 · 资源教育与农田管理","plant-protection","农田健康管理","6","young|associate|senior"
"agriculture","0904","植物保护","植保综合","agriculture","植物保护","6","associate|young|senior"
"agriculture","0905","畜牧学","动物生产与福利 · 遗传营养与生产","animal-science","动物遗传资料","6","young|associate|senior"
"agriculture","0905","畜牧学","动物生产与福利 · 遗传营养与生产","animal-science","动物营养资料","6","young|associate|senior"
"agriculture","0905","畜牧学","动物生产与福利 · 遗传营养与生产","animal-science","动物生产系统","6","young|associate|senior"
"agriculture","0905","畜牧学","动物生产与福利 · 遗传营养与生产","animal-science","动物福利","6","associate|young|senior"
"agriculture","0905","畜牧学","动物生产与福利 · 生态行为与产品","animal-science","饲料评价","6","associate|young|senior"
"agriculture","0905","畜牧学","动物生产与福利 · 生态行为与产品","animal-science","畜牧生态","6","associate|young|senior"
"agriculture","0905","畜牧学","动物生产与福利 · 生态行为与产品","animal-science","动物行为","6","senior|young|associate"
"agriculture","0905","畜牧学","动物生产与福利 · 生态行为与产品","animal-science","畜产品质量","6","senior|young|associate"
"agriculture","0905","畜牧学","动物生产与福利 · 资源统计与动物科学史","animal-science","牧场资源评价","6","senior|young|associate"
"agriculture","0905","畜牧学","动物生产与福利 · 资源统计与动物科学史","animal-science","畜牧统计","6","young|associate|senior"
"agriculture","0905","畜牧学","动物生产与福利 · 资源统计与动物科学史","animal-science","畜牧史","6","young|associate|senior"
"agriculture","0905","畜牧学","动物生产与福利 · 资源统计与动物科学史","animal-science","动物科学教育","6","young|associate|senior"
"agriculture","0906","兽医学","动物健康与照护 · 动物生理等研究领域","veterinary","动物生理","6","young|associate|senior"
"agriculture","0906","兽医学","动物健康与照护 · 动物生理等研究领域","veterinary","动物健康","6","young|associate|senior"
"agriculture","0906","兽医学","动物健康与照护 · 动物生理等研究领域","veterinary","行为与福利","6","young|associate|senior"
"agriculture","0906","兽医学","动物健康与照护 · 动物营养等研究领域","veterinary","动物营养","6","associate|young|senior"
"agriculture","0906","兽医学","动物健康与照护 · 动物营养等研究领域","veterinary","群体动物健康","6","associate|young|senior"
"agriculture","0906","兽医学","动物健康与照护 · 动物营养等研究领域","veterinary","兽医影像","6","associate|young|senior"
"agriculture","0906","兽医学","动物健康与照护 · 动物遗传等研究领域","veterinary","动物遗传","6","senior|young|associate"
"agriculture","0906","兽医学","动物健康与照护 · 动物遗传等研究领域","veterinary","人兽共处研究","6","senior|young|associate"
"agriculture","0906","兽医学","动物健康与照护 · 动物遗传等研究领域","veterinary","兽医公共卫生","6","senior|young|associate"
"agriculture","0907","林学","森林生态与经营 · 森林生态等研究领域","forest-science","森林生态","6","young|associate|senior"
"agriculture","0907","林学","森林生态与经营 · 森林生态等研究领域","forest-science","森林培育","6","young|associate|senior"
"agriculture","0907","林学","森林生态与经营 · 森林生态等研究领域","forest-science","森林资源","6","young|associate|senior"
"agriculture","0907","林学","森林生态与经营 · 森林生态等研究领域","forest-science","森林经营","6","associate|young|senior"
"agriculture","0907","林学","森林生态与经营 · 森林生态等研究领域","forest-science","林木资料","6","associate|young|senior"
"agriculture","0907","林学","森林生态与经营 · 森林土壤等研究领域","forest-science","森林土壤","6","associate|young|senior"
"agriculture","0907","林学","森林生态与经营 · 森林土壤等研究领域","forest-science","林业遥感","6","senior|young|associate"
"agriculture","0907","林学","森林生态与经营 · 森林土壤等研究领域","forest-science","森林碳资料","6","senior|young|associate"
"agriculture","0907","林学","森林生态与经营 · 森林土壤等研究领域","forest-science","城市林业","6","senior|young|associate"
"agriculture","0907","林学","森林生态与经营 · 森林土壤等研究领域","forest-science","林产品评价","6","young|associate|senior"
"agriculture","0907","林学","森林生态与经营 · 森林健康资料等研究领域","forest-science","森林健康资料","6","young|associate|senior"
"agriculture","0907","林学","森林生态与经营 · 森林健康资料等研究领域","forest-science","林业社会研究","6","young|associate|senior"
"agriculture","0907","林学","森林生态与经营 · 森林健康资料等研究领域","forest-science","森林更新与种群动态","6","young|associate|senior"
"agriculture","0907","林学","林业综合","agriculture","林业与生态","7","associate|young|senior"
"agriculture","0907","林学","林业综合","agriculture","森林经营","6","senior|young|associate"
"agriculture","0908","水产","渔业资源与养殖环境 · 水产生态等研究领域","aquatic-science","水产生态","6","young|associate|senior"
"agriculture","0908","水产","渔业资源与养殖环境 · 水产生态等研究领域","aquatic-science","渔业资源","6","young|associate|senior"
"agriculture","0908","水产","渔业资源与养殖环境 · 水产生态等研究领域","aquatic-science","水产营养资料","6","young|associate|senior"
"agriculture","0908","水产","渔业资源与养殖环境 · 水产生态等研究领域","aquatic-science","水产遗传资料","6","associate|young|senior"
"agriculture","0908","水产","渔业资源与养殖环境 · 养殖环境评价等研究领域","aquatic-science","养殖环境评价","6","associate|young|senior"
"agriculture","0908","水产","渔业资源与养殖环境 · 养殖环境评价等研究领域","aquatic-science","水产品质量","6","associate|young|senior"
"agriculture","0908","水产","渔业资源与养殖环境 · 养殖环境评价等研究领域","aquatic-science","水产动物福利","6","senior|young|associate"
"agriculture","0908","水产","渔业资源与养殖环境 · 养殖环境评价等研究领域","aquatic-science","渔业管理","6","senior|young|associate"
"agriculture","0908","水产","渔业资源与养殖环境 · 渔业社会研究等研究领域","aquatic-science","渔业社会研究","6","senior|young|associate"
"agriculture","0908","水产","渔业资源与养殖环境 · 渔业社会研究等研究领域","aquatic-science","水产生产系统","6","young|associate|senior"
"agriculture","0908","水产","渔业资源与养殖环境 · 渔业社会研究等研究领域","aquatic-science","渔业统计","6","young|associate|senior"
"agriculture","0908","水产","渔业资源与养殖环境 · 渔业社会研究等研究领域","aquatic-science","水域观测","6","young|associate|senior"
"agriculture","0909","草学","草地与资源利用 · 草地生态与管理","grass-science","草地生态","6","young|associate|senior"
"agriculture","0909","草学","草地与资源利用 · 草地生态与管理","grass-science","牧草资料","6","young|associate|senior"
"agriculture","0909","草学","草地与资源利用 · 草地生态与管理","grass-science","草地资源","6","young|associate|senior"
"agriculture","0909","草学","草地与资源利用 · 草地生态与管理","grass-science","草地管理","6","associate|young|senior"
"agriculture","0909","草学","草地与资源利用 · 草地恢复与空间观察","grass-science","草坪研究","6","associate|young|senior"
"agriculture","0909","草学","草地与资源利用 · 草地恢复与空间观察","grass-science","草地恢复","6","associate|young|senior"
"agriculture","0909","草学","草地与资源利用 · 草地恢复与空间观察","grass-science","草地遥感","6","senior|young|associate"
"agriculture","0909","草学","草地与资源利用 · 草地恢复与空间观察","grass-science","草地土壤","6","senior|young|associate"
"agriculture","0909","草学","草地与资源利用 · 水分统计与社会研究","grass-science","草地水分","6","senior|young|associate"
"agriculture","0909","草学","草地与资源利用 · 水分统计与社会研究","grass-science","草地统计","6","young|associate|senior"
"agriculture","0909","草学","草地与资源利用 · 水分统计与社会研究","grass-science","草学史","6","young|associate|senior"
"agriculture","0909","草学","草地与资源利用 · 水分统计与社会研究","grass-science","草地社会研究","6","young|associate|senior"
"agriculture","0910","水土保持与荒漠化防治学","流域与荒漠资料 · 水土保持原理等研究领域","soil-water-conservation","水土保持原理","6","young|associate|senior"
"agriculture","0910","水土保持与荒漠化防治学","流域与荒漠资料 · 水土保持原理等研究领域","soil-water-conservation","土壤侵蚀资料","6","young|associate|senior"
"agriculture","0910","水土保持与荒漠化防治学","流域与荒漠资料 · 水土保持原理等研究领域","soil-water-conservation","流域资料","6","young|associate|senior"
"agriculture","0910","水土保持与荒漠化防治学","流域与荒漠资料 · 水土保持原理等研究领域","soil-water-conservation","荒漠生态","6","associate|young|senior"
"agriculture","0910","水土保持与荒漠化防治学","流域与荒漠资料 · 防护林评价等研究领域","soil-water-conservation","防护林评价","6","associate|young|senior"
"agriculture","0910","水土保持与荒漠化防治学","流域与荒漠资料 · 防护林评价等研究领域","soil-water-conservation","恢复过程","6","associate|young|senior"
"agriculture","0910","水土保持与荒漠化防治学","流域与荒漠资料 · 防护林评价等研究领域","soil-water-conservation","坡面观测","6","senior|young|associate"
"agriculture","0910","水土保持与荒漠化防治学","流域与荒漠资料 · 防护林评价等研究领域","soil-water-conservation","土地退化","6","senior|young|associate"
"agriculture","0910","水土保持与荒漠化防治学","流域与荒漠资料 · 水土保持政策等研究领域","soil-water-conservation","水土保持政策","6","senior|young|associate"
"agriculture","0910","水土保持与荒漠化防治学","流域与荒漠资料 · 水土保持政策等研究领域","soil-water-conservation","空间资料质量","6","young|associate|senior"
"agriculture","0910","水土保持与荒漠化防治学","流域与荒漠资料 · 水土保持政策等研究领域","soil-water-conservation","治理成效评价","6","young|associate|senior"
"agriculture","0910","水土保持与荒漠化防治学","流域与荒漠资料 · 水土保持政策等研究领域","soil-water-conservation","水土保持史","6","young|associate|senior"
"agriculture","0951","农业","农艺与种业 · 生长与生产条件","crop-science","作物栽培","6","young|associate|senior"
"agriculture","0951","农业","农艺与种业 · 生长与生产条件","crop-science","作物生理","6","young|associate|senior"
"agriculture","0951","农业","农艺与种业 · 生长与生产条件","crop-science","农田管理","6","senior|young|associate"
"agriculture","0951","农业","农艺与种业 · 生长与生产条件","crop-science","农业气候","6","senior|young|associate"
"agriculture","0951","农业","农艺与种业 · 生长与生产条件","crop-science","作物生产系统","6","young|associate|senior"
"agriculture","0951","农业","农艺与种业 · 遗传与资源资料","crop-science","作物遗传资料","6","young|associate|senior"
"agriculture","0951","农业","农艺与种业 · 遗传与资源资料","crop-science","作物育种评价","6","associate|young|senior"
"agriculture","0951","农业","农艺与种业 · 遗传与资源资料","crop-science","种质资料","6","associate|young|senior"
"agriculture","0951","农业","农艺与种业 · 品质与资料方法","crop-science","作物品质","6","associate|young|senior"
"agriculture","0951","农业","农艺与种业 · 品质与资料方法","crop-science","农艺试验设计","6","senior|young|associate"
"agriculture","0951","农业","农艺与种业 · 品质与资料方法","crop-science","作物模型","6","young|associate|senior"
"agriculture","0951","农业","农艺与种业 · 品质与资料方法","crop-science","作物表型资料","6","young|associate|senior"
"agriculture","0951","农业","资源利用与植物保护","soil-resources","土壤学","6","young|associate|senior"
"agriculture","0951","农业","资源利用与植物保护","soil-resources","植物营养资料","6","young|associate|senior"
"agriculture","0951","农业","资源利用与植物保护","soil-resources","农业资源","6","young|associate|senior"
"agriculture","0951","农业","资源利用与植物保护","soil-resources","土壤生态","6","associate|young|senior"
"agriculture","0951","农业","资源利用与植物保护","soil-resources","农田环境","6","associate|young|senior"
"agriculture","0951","农业","资源利用与植物保护","soil-resources","土壤空间分析","6","associate|young|senior"
"agriculture","0951","农业","资源利用与植物保护","soil-resources","土壤水分","6","senior|young|associate"
"agriculture","0951","农业","资源利用与植物保护","soil-resources","土地利用","6","senior|young|associate"
"agriculture","0951","农业","资源利用与植物保护","soil-resources","资源循环","6","senior|young|associate"
"agriculture","0951","农业","资源利用与植物保护","soil-resources","土壤测量","6","young|associate|senior"
"agriculture","0951","农业","资源利用与植物保护","soil-resources","农业资源评价","6","young|associate|senior"
"agriculture","0951","农业","资源利用与植物保护","soil-resources","农业环境史","6","young|associate|senior"
"agriculture","0951","农业","资源利用与植物保护","soil-resources","土壤团聚体与有机碳","6","young|associate|senior"
"agriculture","0951","农业","资源利用与植物保护","plant-protection","植物病理资料","6","young|associate|senior"
"agriculture","0951","农业","资源利用与植物保护","plant-protection","农业昆虫学资料","6","young|associate|senior"
"agriculture","0951","农业","资源利用与植物保护","plant-protection","植物检疫制度史","6","young|associate|senior"
"agriculture","0951","农业","资源利用与植物保护","plant-protection","植保生态","6","associate|young|senior"
"agriculture","0951","农业","资源利用与植物保护","plant-protection","作物健康观测","6","associate|young|senior"
"agriculture","0951","农业","资源利用与植物保护","plant-protection","植保预警评价","6","associate|young|senior"
"agriculture","0951","农业","资源利用与植物保护","plant-protection","农业生物多样性","6","senior|young|associate"
"agriculture","0951","农业","资源利用与植物保护","plant-protection","植保资料质量","6","senior|young|associate"
"agriculture","0951","农业","资源利用与植物保护","plant-protection","植保资源评价","6","senior|young|associate"
"agriculture","0951","农业","资源利用与植物保护","plant-protection","植保教育","6","young|associate|senior"
"agriculture","0951","农业","资源利用与植物保护","plant-protection","植保史","6","young|associate|senior"
"agriculture","0951","农业","资源利用与植物保护","plant-protection","农田健康管理","6","young|associate|senior"
"agriculture","0951","农业","畜牧与渔业","animal-science","动物遗传资料","6","young|associate|senior"
"agriculture","0951","农业","畜牧与渔业","animal-science","动物营养资料","6","young|associate|senior"
"agriculture","0951","农业","畜牧与渔业","animal-science","动物生产系统","6","young|associate|senior"
"agriculture","0951","农业","畜牧与渔业","animal-science","动物福利","6","associate|young|senior"
"agriculture","0951","农业","畜牧与渔业","animal-science","饲料评价","6","associate|young|senior"
"agriculture","0951","农业","畜牧与渔业","animal-science","畜牧生态","6","associate|young|senior"
"agriculture","0951","农业","畜牧与渔业","animal-science","动物行为","6","senior|young|associate"
"agriculture","0951","农业","畜牧与渔业","animal-science","畜产品质量","6","senior|young|associate"
"agriculture","0951","农业","畜牧与渔业","animal-science","牧场资源评价","6","senior|young|associate"
"agriculture","0951","农业","畜牧与渔业","animal-science","畜牧统计","6","young|associate|senior"
"agriculture","0951","农业","畜牧与渔业","animal-science","畜牧史","6","young|associate|senior"
"agriculture","0951","农业","畜牧与渔业","animal-science","动物科学教育","6","young|associate|senior"
"agriculture","0951","农业","畜牧与渔业","aquatic-science","水产生态","6","young|associate|senior"
"agriculture","0951","农业","畜牧与渔业","aquatic-science","渔业资源","6","young|associate|senior"
"agriculture","0951","农业","畜牧与渔业","aquatic-science","水产营养资料","6","young|associate|senior"
"agriculture","0951","农业","畜牧与渔业","aquatic-science","水产遗传资料","6","associate|young|senior"
"agriculture","0951","农业","畜牧与渔业","aquatic-science","养殖环境评价","6","associate|young|senior"
"agriculture","0951","农业","畜牧与渔业","aquatic-science","水产品质量","6","associate|young|senior"
"agriculture","0951","农业","畜牧与渔业","aquatic-science","水产动物福利","6","senior|young|associate"
"agriculture","0951","农业","畜牧与渔业","aquatic-science","渔业管理","6","senior|young|associate"
"agriculture","0951","农业","畜牧与渔业","aquatic-science","渔业社会研究","6","senior|young|associate"
"agriculture","0951","农业","畜牧与渔业","aquatic-science","水产生产系统","6","young|associate|senior"
"agriculture","0951","农业","畜牧与渔业","aquatic-science","渔业统计","6","young|associate|senior"
"agriculture","0951","农业","畜牧与渔业","aquatic-science","水域观测","6","young|associate|senior"
"agriculture","0951","农业","农业发展与综合","agriculture","农业工程","6","senior|young|associate"
"agriculture","0951","农业","农业发展与综合","agriculture","农业经济","6","senior|young|associate"
"agriculture","0952","兽医","动物健康实务 · 动物生理等研究领域","veterinary","动物生理","6","young|associate|senior"
"agriculture","0952","兽医","动物健康实务 · 动物生理等研究领域","veterinary","动物健康","6","young|associate|senior"
"agriculture","0952","兽医","动物健康实务 · 动物生理等研究领域","veterinary","行为与福利","6","young|associate|senior"
"agriculture","0952","兽医","动物健康实务 · 动物营养等研究领域","veterinary","动物营养","6","associate|young|senior"
"agriculture","0952","兽医","动物健康实务 · 动物营养等研究领域","veterinary","群体动物健康","6","associate|young|senior"
"agriculture","0952","兽医","动物健康实务 · 动物营养等研究领域","veterinary","兽医影像","6","associate|young|senior"
"agriculture","0952","兽医","动物健康实务 · 动物遗传等研究领域","veterinary","动物遗传","6","senior|young|associate"
"agriculture","0952","兽医","动物健康实务 · 动物遗传等研究领域","veterinary","人兽共处研究","6","senior|young|associate"
"agriculture","0952","兽医","动物健康实务 · 动物遗传等研究领域","veterinary","兽医公共卫生","6","senior|young|associate"
"agriculture","0954","林业","森林经营实务 · 森林生态等研究领域","forest-science","森林生态","6","young|associate|senior"
"agriculture","0954","林业","森林经营实务 · 森林生态等研究领域","forest-science","森林培育","6","young|associate|senior"
"agriculture","0954","林业","森林经营实务 · 森林生态等研究领域","forest-science","森林资源","6","young|associate|senior"
"agriculture","0954","林业","森林经营实务 · 森林生态等研究领域","forest-science","森林经营","6","associate|young|senior"
"agriculture","0954","林业","森林经营实务 · 森林生态等研究领域","forest-science","林木资料","6","associate|young|senior"
"agriculture","0954","林业","森林经营实务 · 森林土壤等研究领域","forest-science","森林土壤","6","associate|young|senior"
"agriculture","0954","林业","森林经营实务 · 森林土壤等研究领域","forest-science","林业遥感","6","senior|young|associate"
"agriculture","0954","林业","森林经营实务 · 森林土壤等研究领域","forest-science","森林碳资料","6","senior|young|associate"
"agriculture","0954","林业","森林经营实务 · 森林土壤等研究领域","forest-science","城市林业","6","senior|young|associate"
"agriculture","0954","林业","森林经营实务 · 森林土壤等研究领域","forest-science","林产品评价","6","young|associate|senior"
"agriculture","0954","林业","森林经营实务 · 森林健康资料等研究领域","forest-science","森林健康资料","6","young|associate|senior"
"agriculture","0954","林业","森林经营实务 · 森林健康资料等研究领域","forest-science","林业社会研究","6","young|associate|senior"
"agriculture","0954","林业","森林经营实务 · 森林健康资料等研究领域","forest-science","森林更新与种群动态","6","young|associate|senior"
"agriculture","0955","食品与营养","食品与营养资料评价 · 食品组成资料等研究领域","food-nutrition","食品组成资料","6","young|associate|senior"
"agriculture","0955","食品与营养","食品与营养资料评价 · 食品组成资料等研究领域","food-nutrition","营养调查","6","young|associate|senior"
"agriculture","0955","食品与营养","食品与营养资料评价 · 食品组成资料等研究领域","food-nutrition","膳食模式","6","young|associate|senior"
"agriculture","0955","食品与营养","食品与营养资料评价 · 食品组成资料等研究领域","food-nutrition","食品感官评价","6","associate|young|senior"
"agriculture","0955","食品与营养","食品与营养资料评价 · 食品质量等研究领域","food-nutrition","食品质量","6","associate|young|senior"
"agriculture","0955","食品与营养","食品与营养资料评价 · 食品质量等研究领域","food-nutrition","营养教育","6","associate|young|senior"
"agriculture","0955","食品与营养","食品与营养资料评价 · 食品质量等研究领域","food-nutrition","食品消费","6","senior|young|associate"
"agriculture","0955","食品与营养","食品与营养资料评价 · 食品质量等研究领域","food-nutrition","食品资源评价","6","senior|young|associate"
"agriculture","0955","食品与营养","食品与营养资料评价 · 食品文化等研究领域","food-nutrition","食品文化","6","senior|young|associate"
"agriculture","0955","食品与营养","食品与营养资料评价 · 食品文化等研究领域","food-nutrition","食品服务评价","6","young|associate|senior"
"agriculture","0955","食品与营养","食品与营养资料评价 · 食品文化等研究领域","food-nutrition","营养资料质量","6","young|associate|senior"
"agriculture","0955","食品与营养","食品与营养资料评价 · 食品文化等研究领域","food-nutrition","食品营养史","6","young|associate|senior"
"military","1101","军事思想与军事历史","军事历史 · 军事思想史等研究领域","military-history","军事思想史","6","young|associate|senior"
"military","1101","军事思想与军事历史","军事历史 · 军事思想史等研究领域","military-history","军制史","6","young|associate|senior"
"military","1101","军事思想与军事历史","军事历史 · 军事思想史等研究领域","military-history","军事社会史","6","young|associate|senior"
"military","1101","军事思想与军事历史","军事历史 · 军事思想史等研究领域","military-history","战争记忆","6","associate|young|senior"
"military","1101","军事思想与军事历史","军事历史 · 军事教育史等研究领域","military-history","军事教育史","6","associate|young|senior"
"military","1101","军事思想与军事历史","军事历史 · 军事教育史等研究领域","military-history","军史文献","6","associate|young|senior"
"military","1101","军事思想与军事历史","军事历史 · 军事教育史等研究领域","military-history","军事博物馆","6","senior|young|associate"
"military","1101","军事思想与军事历史","军事历史 · 军事教育史等研究领域","military-history","军史口述资料","6","senior|young|associate"
"military","1101","军事思想与军事历史","军事历史 · 军事文化等研究领域","military-history","军事文化","6","senior|young|associate"
"military","1101","军事思想与军事历史","军事历史 · 军事文化等研究领域","military-history","和平研究史","6","young|associate|senior"
"military","1101","军事思想与军事历史","军事历史 · 军事文化等研究领域","military-history","军事史学史","6","young|associate|senior"
"military","1101","军事思想与军事历史","军事历史 · 军事文化等研究领域","military-history","军事人物资料","6","young|associate|senior"
"military","1101","军事思想与军事历史","公开军事思想","military","军事历史","6","young|associate|senior"
"military","1101","军事思想与军事历史","公开军事思想","military","战略思想史","6","associate|young|senior"
"military","1102","战略学","战略思想与安全 · 战略思想史等研究领域","strategic-studies","战略思想史","6","young|associate|senior"
"military","1102","战略学","战略思想与安全 · 战略思想史等研究领域","strategic-studies","安全理论","6","young|associate|senior"
"military","1102","战略学","战略思想与安全 · 战略思想史等研究领域","strategic-studies","公开战略文本","6","young|associate|senior"
"military","1102","战略学","战略思想与安全 · 战略思想史等研究领域","strategic-studies","区域安全研究","6","associate|young|senior"
"military","1102","战略学","战略思想与安全 · 战略思想史等研究领域","strategic-studies","国际安全机制","6","associate|young|senior"
"military","1102","战略学","战略思想与安全 · 安全伦理等研究领域","strategic-studies","安全伦理","6","associate|young|senior"
"military","1102","战略学","战略思想与安全 · 安全伦理等研究领域","strategic-studies","危机叙事研究","6","senior|young|associate"
"military","1102","战略学","战略思想与安全 · 安全伦理等研究领域","strategic-studies","战略传播史","6","senior|young|associate"
"military","1102","战略学","战略思想与安全 · 安全伦理等研究领域","strategic-studies","公共安全政策","6","senior|young|associate"
"military","1102","战略学","战略思想与安全 · 安全伦理等研究领域","strategic-studies","比较安全制度","6","young|associate|senior"
"military","1102","战略学","战略思想与安全 · 战略文化等研究领域","strategic-studies","战略文化","6","young|associate|senior"
"military","1102","战略学","战略思想与安全 · 战略文化等研究领域","strategic-studies","安全教育","6","young|associate|senior"
"military","1102","战略学","战略思想与安全 · 战略文化等研究领域","strategic-studies","威慑理论与公开信号","6","young|associate|senior"
"military","1102","战略学","和平与冲突 · 和平理论等研究领域","peace-conflict","和平理论","6","young|associate|senior"
"military","1102","战略学","和平与冲突 · 和平理论等研究领域","peace-conflict","冲突叙事","6","young|associate|senior"
"military","1102","战略学","和平与冲突 · 和平理论等研究领域","peace-conflict","协商制度研究","6","young|associate|senior"
"military","1102","战略学","和平与冲突 · 和平理论等研究领域","peace-conflict","国际组织资料","6","associate|young|senior"
"military","1102","战略学","和平与冲突 · 和平理论等研究领域","peace-conflict","和平教育","6","associate|young|senior"
"military","1102","战略学","和平与冲突 · 记忆与和解等研究领域","peace-conflict","记忆与和解","6","associate|young|senior"
"military","1102","战略学","和平与冲突 · 记忆与和解等研究领域","peace-conflict","公众安全感","6","senior|young|associate"
"military","1102","战略学","和平与冲突 · 记忆与和解等研究领域","peace-conflict","冲突数据质量","6","senior|young|associate"
"military","1102","战略学","和平与冲突 · 记忆与和解等研究领域","peace-conflict","文化与和平","6","senior|young|associate"
"military","1102","战略学","和平与冲突 · 记忆与和解等研究领域","peace-conflict","迁移与冲突资料","6","young|associate|senior"
"military","1102","战略学","和平与冲突 · 公共政策比较等研究领域","peace-conflict","公共政策比较","6","young|associate|senior"
"military","1102","战略学","和平与冲突 · 公共政策比较等研究领域","peace-conflict","和平传播","6","young|associate|senior"
"military","1102","战略学","和平与冲突 · 公共政策比较等研究领域","peace-conflict","和平调解与协议执行","6","young|associate|senior"
"military","1102","战略学","公开战略综合","military","战略与国际安全","7","senior|young|associate"
"military","1102","战略学","公开战略综合","military","安全政策研究","6","associate|young|senior"
"military","1102","战略学","公开战略综合","military","安全与社会研究","6","senior|young|associate"
"military","1102","战略学","公开战略综合","military","科技与战略治理","6","senior|young|associate"
"military","1103","联合作战学","公开联合制度史","military-organization","联合作战制度史","6","young|associate|senior"
"military","1103","联合作战学","公开联合制度史","military-organization","协作制度比较","6","young|associate|senior"
"military","1103","联合作战学","公开联合制度史","military-organization","公开军事资料质量","6","young|associate|senior"
"military","1104","军兵种作战学","公开组织史","military-organization","军兵种组织史","6","young|associate|senior"
"military","1104","军兵种作战学","公开组织史","military-organization","协作制度比较","6","young|associate|senior"
"military","1104","军兵种作战学","公开组织史","military-organization","公开军事资料质量","6","young|associate|senior"
"military","1105","军队指挥学","公开指挥史与组织","military-organization","军事指挥史","6","young|associate|senior"
"military","1105","军队指挥学","公开指挥史与组织","military-organization","协作制度比较","6","young|associate|senior"
"military","1105","军队指挥学","公开指挥史与组织","military-organization","公开军事资料质量","6","young|associate|senior"
"military","1105","军队指挥学","组织决策综合","military","组织决策研究","6","associate|young|senior"
"military","1106","军队政治工作学","公开政治工作史与教育","military-organization","军队政治工作史","6","associate|young|senior"
"military","1106","军队政治工作学","公开政治工作史与教育","military-organization","军事教育伦理","6","young|associate|senior"
"military","1107","军事后勤学","公开后勤史与资源","military-organization","军事后勤史","6","associate|young|senior"
"military","1107","军事后勤学","保障资料综合","military","组织与保障","6","young|associate|senior"
"military","1107","军事后勤学","保障资料综合","military","保障与资源评价","6","senior|young|associate"
"military","1108","军事装备学","公开装备史与制度","military-organization","军事装备管理史","6","associate|young|senior"
"military","1108","军事装备学","军事科技史 · 技术发展史等研究领域","military-technology-history","技术发展史","6","young|associate|senior"
"military","1108","军事装备学","军事科技史 · 技术发展史等研究领域","military-technology-history","装备史公开资料","6","young|associate|senior"
"military","1108","军事装备学","军事科技史 · 技术发展史等研究领域","military-technology-history","标准史","6","young|associate|senior"
"military","1108","军事装备学","军事科技史 · 技术发展史等研究领域","military-technology-history","技术组织史","6","associate|young|senior"
"military","1108","军事装备学","军事科技史 · 科技政策史等研究领域","military-technology-history","科技政策史","6","associate|young|senior"
"military","1108","军事装备学","军事科技史 · 科技政策史等研究领域","military-technology-history","技术伦理","6","associate|young|senior"
"military","1108","军事装备学","军事科技史 · 科技政策史等研究领域","military-technology-history","公共技术展示","6","senior|young|associate"
"military","1108","军事装备学","军事科技史 · 科技政策史等研究领域","military-technology-history","技术叙事","6","senior|young|associate"
"military","1108","军事装备学","军事科技史 · 创新制度比较等研究领域","military-technology-history","创新制度比较","6","senior|young|associate"
"military","1108","军事装备学","军事科技史 · 创新制度比较等研究领域","military-technology-history","科技教育史","6","young|associate|senior"
"military","1108","军事装备学","军事科技史 · 创新制度比较等研究领域","military-technology-history","技术档案","6","young|associate|senior"
"military","1108","军事装备学","军事科技史 · 创新制度比较等研究领域","military-technology-history","技术资料评价","6","young|associate|senior"
"military","1109","军事管理学","公开国防管理 · 国防经济公开资料等研究领域","defense-management","国防经济公开资料","6","young|associate|senior"
"military","1109","军事管理学","公开国防管理 · 国防经济公开资料等研究领域","defense-management","国防教育","6","young|associate|senior"
"military","1109","军事管理学","公开国防管理 · 国防经济公开资料等研究领域","defense-management","组织管理研究","6","young|associate|senior"
"military","1109","军事管理学","公开国防管理 · 国防经济公开资料等研究领域","defense-management","人力培养研究","6","associate|young|senior"
"military","1109","军事管理学","公开国防管理 · 国防经济公开资料等研究领域","defense-management","资源配置公开资料","6","associate|young|senior"
"military","1109","军事管理学","公开国防管理 · 公共事务协作等研究领域","defense-management","公共事务协作","6","associate|young|senior"
"military","1109","军事管理学","公开国防管理 · 公共事务协作等研究领域","defense-management","国防政策史","6","senior|young|associate"
"military","1109","军事管理学","公开国防管理 · 公共事务协作等研究领域","defense-management","管理制度比较","6","senior|young|associate"
"military","1109","军事管理学","公开国防管理 · 公共事务协作等研究领域","defense-management","项目评价方法","6","senior|young|associate"
"military","1109","军事管理学","公开国防管理 · 公共事务协作等研究领域","defense-management","国防文化传播","6","young|associate|senior"
"military","1109","军事管理学","公开国防管理 · 教育成效评价等研究领域","defense-management","教育成效评价","6","young|associate|senior"
"military","1109","军事管理学","公开国防管理 · 教育成效评价等研究领域","defense-management","公开资料质量","6","young|associate|senior"
"military","1109","军事管理学","公开国防管理 · 教育成效评价等研究领域","defense-management","公共项目问责与组织学习","6","young|associate|senior"
"military","1109","军事管理学","公开管理制度","military-organization","军事管理制度","6","senior|young|associate"
"military","1110","军事训练学","公开训练教育史","military-organization","军事训练教育史","6","senior|young|associate"
"military","1110","军事训练学","公开训练教育史","military-organization","军事教育伦理","6","young|associate|senior"
"military","1111","军事智能","公开智能文献评价","military-organization","军事智能公开文献","6","senior|young|associate"
"military","1111","军事智能","公开智能文献评价","military-organization","公开军事资料质量","6","young|associate|senior"
"military","1152","联合作战指挥","公开联合协作制度研究","military-organization","联合作战制度史","6","young|associate|senior"
"military","1152","联合作战指挥","公开联合协作制度研究","military-organization","军事指挥史","6","young|associate|senior"
"military","1152","联合作战指挥","公开联合协作制度研究","military-organization","协作制度比较","6","young|associate|senior"
"military","1152","联合作战指挥","公开联合协作制度研究","military-organization","公开军事资料质量","6","young|associate|senior"
"military","1153","军兵种作战指挥","公开组织与指挥史研究","military-organization","军兵种组织史","6","young|associate|senior"
"military","1153","军兵种作战指挥","公开组织与指挥史研究","military-organization","军事指挥史","6","young|associate|senior"
"military","1153","军兵种作战指挥","公开组织与指挥史研究","military-organization","协作制度比较","6","young|associate|senior"
"military","1153","军兵种作战指挥","公开组织与指挥史研究","military-organization","公开军事资料质量","6","young|associate|senior"
"military","1154","作战指挥保障","公开组织与保障史研究","military-organization","军事指挥史","6","young|associate|senior"
"military","1154","作战指挥保障","公开组织与保障史研究","military-organization","军事后勤史","6","associate|young|senior"
"military","1154","作战指挥保障","公开组织与保障史研究","military-organization","协作制度比较","6","young|associate|senior"
"military","1154","作战指挥保障","公开组织与保障史研究","military-organization","公开军事资料质量","6","young|associate|senior"
"military","1155","战时政治工作","公开制度与教育史研究","military-organization","军队政治工作史","6","associate|young|senior"
"military","1155","战时政治工作","公开制度与教育史研究","military-organization","军事教育伦理","6","young|associate|senior"
"military","1156","后勤与装备保障","公开后勤与装备史研究","military-organization","军事后勤史","6","associate|young|senior"
"military","1156","后勤与装备保障","公开后勤与装备史研究","military-organization","军事装备管理史","6","associate|young|senior"
"military","1156","后勤与装备保障","公开后勤与装备史研究","military-organization","公开军事资料质量","6","young|associate|senior"
"military","1157","军事训练与管理","公开教育与管理研究","military-organization","军事管理制度","6","senior|young|associate"
"military","1157","军事训练与管理","公开教育与管理研究","military-organization","军事训练教育史","6","senior|young|associate"
"military","1157","军事训练与管理","公开教育与管理研究","military-organization","军事教育伦理","6","young|associate|senior"
"management","1201","管理科学与工程","运营与管理科学 · 生产系统等研究领域","operations-management","生产系统","6","young|associate|senior"
"management","1201","管理科学与工程","运营与管理科学 · 生产系统等研究领域","operations-management","运营研究","6","young|associate|senior"
"management","1201","管理科学与工程","运营与管理科学 · 生产系统等研究领域","operations-management","质量管理","6","young|associate|senior"
"management","1201","管理科学与工程","运营与管理科学 · 生产系统等研究领域","operations-management","供应链","6","associate|young|senior"
"management","1201","管理科学与工程","运营与管理科学 · 生产系统等研究领域","operations-management","服务运营","6","associate|young|senior"
"management","1201","管理科学与工程","运营与管理科学 · 人因工程等研究领域","operations-management","人因工程","6","associate|young|senior"
"management","1201","管理科学与工程","运营与管理科学 · 人因工程等研究领域","operations-management","项目管理","6","senior|young|associate"
"management","1201","管理科学与工程","运营与管理科学 · 人因工程等研究领域","operations-management","可靠性管理","6","senior|young|associate"
"management","1201","管理科学与工程","运营与管理科学 · 人因工程等研究领域","operations-management","流程改进","6","senior|young|associate"
"management","1201","管理科学与工程","运营与管理科学 · 人因工程等研究领域","operations-management","运营模型","6","young|associate|senior"
"management","1201","管理科学与工程","运营与管理科学 · 库存评价等研究领域","operations-management","库存评价","6","young|associate|senior"
"management","1201","管理科学与工程","运营与管理科学 · 库存评价等研究领域","operations-management","工业工程教育","6","young|associate|senior"
"management","1201","管理科学与工程","运营与管理科学 · 库存评价等研究领域","operations-management","排队系统与服务波动","6","young|associate|senior"
"management","1201","管理科学与工程","管理综合","management","运营与管理科学","6","young|associate|senior"
"management","1201","管理科学与工程","管理综合","management","信息管理","6","senior|young|associate"
"management","1201","管理科学与工程","管理综合","management","供应链管理","6","senior|young|associate"
"management","1202","工商管理学","组织与工商管理 · 企业战略等研究领域","business-management","企业战略","6","young|associate|senior"
"management","1202","工商管理学","组织与工商管理 · 企业战略等研究领域","business-management","组织行为","6","young|associate|senior"
"management","1202","工商管理学","组织与工商管理 · 企业战略等研究领域","business-management","人力资源","6","young|associate|senior"
"management","1202","工商管理学","组织与工商管理 · 企业战略等研究领域","business-management","创新管理","6","associate|young|senior"
"management","1202","工商管理学","组织与工商管理 · 创业研究等研究领域","business-management","创业研究","6","associate|young|senior"
"management","1202","工商管理学","组织与工商管理 · 创业研究等研究领域","business-management","企业治理","6","associate|young|senior"
"management","1202","工商管理学","组织与工商管理 · 创业研究等研究领域","business-management","组织文化","6","senior|young|associate"
"management","1202","工商管理学","组织与工商管理 · 创业研究等研究领域","business-management","管理案例","6","senior|young|associate"
"management","1202","工商管理学","组织与工商管理 · 服务管理等研究领域","business-management","服务管理","6","senior|young|associate"
"management","1202","工商管理学","组织与工商管理 · 服务管理等研究领域","business-management","团队协作","6","young|associate|senior"
"management","1202","工商管理学","组织与工商管理 · 服务管理等研究领域","business-management","管理伦理","6","young|associate|senior"
"management","1202","工商管理学","组织与工商管理 · 服务管理等研究领域","business-management","管理教育","6","young|associate|senior"
"management","1202","工商管理学","会计研究 · 财务会计等研究领域","accounting-studies","财务会计","6","young|associate|senior"
"management","1202","工商管理学","会计研究 · 财务会计等研究领域","accounting-studies","管理会计","6","young|associate|senior"
"management","1202","工商管理学","会计研究 · 财务会计等研究领域","accounting-studies","审计研究","6","young|associate|senior"
"management","1202","工商管理学","会计研究 · 财务会计等研究领域","accounting-studies","信息披露","6","associate|young|senior"
"management","1202","工商管理学","会计研究 · 财务会计等研究领域","accounting-studies","公司治理","6","associate|young|senior"
"management","1202","工商管理学","会计研究 · 会计史等研究领域","accounting-studies","会计史","6","associate|young|senior"
"management","1202","工商管理学","会计研究 · 会计史等研究领域","accounting-studies","公共部门会计","6","senior|young|associate"
"management","1202","工商管理学","会计研究 · 会计史等研究领域","accounting-studies","非财务报告","6","senior|young|associate"
"management","1202","工商管理学","会计研究 · 会计史等研究领域","accounting-studies","审计数据","6","senior|young|associate"
"management","1202","工商管理学","会计研究 · 会计史等研究领域","accounting-studies","会计规范","6","young|associate|senior"
"management","1202","工商管理学","会计研究 · 职业判断等研究领域","accounting-studies","职业判断","6","young|associate|senior"
"management","1202","工商管理学","会计研究 · 职业判断等研究领域","accounting-studies","会计教育","6","young|associate|senior"
"management","1202","工商管理学","会计研究 · 职业判断等研究领域","accounting-studies","审计抽样与证据覆盖","6","young|associate|senior"
"management","1202","工商管理学","管理综合","management","组织与行为","7","senior|young|associate"
"management","1202","工商管理学","管理综合","management","会计与财务","6","young|associate|senior"
"management","1202","工商管理学","管理综合","management","战略管理","6","associate|young|senior"
"management","1202","工商管理学","管理综合","management","市场营销","6","associate|young|senior"
"management","1202","工商管理学","管理综合","management","人力与组织发展","6","associate|young|senior"
"management","1202","工商管理学","管理综合","management","创新与创业","6","senior|young|associate"
"management","1203","农林经济管理","农业与林业经济 · 农业经济管理等研究领域","agri-economics","农业经济管理","6","young|associate|senior"
"management","1203","农林经济管理","农业与林业经济 · 农业经济管理等研究领域","agri-economics","林业经济管理","6","young|associate|senior"
"management","1203","农林经济管理","农业与林业经济 · 农业经济管理等研究领域","agri-economics","农村发展","6","young|associate|senior"
"management","1203","农林经济管理","农业与林业经济 · 农业经济管理等研究领域","agri-economics","农户行为","6","associate|young|senior"
"management","1203","农林经济管理","农业与林业经济 · 农业组织等研究领域","agri-economics","农业组织","6","associate|young|senior"
"management","1203","农林经济管理","农业与林业经济 · 农业组织等研究领域","agri-economics","农产品市场","6","associate|young|senior"
"management","1203","农林经济管理","农业与林业经济 · 农业组织等研究领域","agri-economics","林业资源经济","6","senior|young|associate"
"management","1203","农林经济管理","农业与林业经济 · 农业组织等研究领域","agri-economics","农村公共服务","6","senior|young|associate"
"management","1203","农林经济管理","农业与林业经济 · 农业政策评价等研究领域","agri-economics","农业政策评价","6","senior|young|associate"
"management","1203","农林经济管理","农业与林业经济 · 农业政策评价等研究领域","agri-economics","农林经营史","6","young|associate|senior"
"management","1203","农林经济管理","农业与林业经济 · 农业政策评价等研究领域","agri-economics","农林资源配置","6","young|associate|senior"
"management","1203","农林经济管理","农业与林业经济 · 农业政策评价等研究领域","agri-economics","乡村产业","6","young|associate|senior"
"management","1204","公共管理学","公共治理与社会保障 · 行政管理等研究领域","public-governance","行政管理","6","young|associate|senior"
"management","1204","公共管理学","公共治理与社会保障 · 行政管理等研究领域","public-governance","社会保障","6","young|associate|senior"
"management","1204","公共管理学","公共治理与社会保障 · 行政管理等研究领域","public-governance","社会政策","6","young|associate|senior"
"management","1204","公共管理学","公共治理与社会保障 · 行政管理等研究领域","public-governance","公共预算","6","associate|young|senior"
"management","1204","公共管理学","公共治理与社会保障 · 公共服务等研究领域","public-governance","公共服务","6","associate|young|senior"
"management","1204","公共管理学","公共治理与社会保障 · 公共服务等研究领域","public-governance","应急管理研究","6","associate|young|senior"
"management","1204","公共管理学","公共治理与社会保障 · 公共服务等研究领域","public-governance","基层治理","6","senior|young|associate"
"management","1204","公共管理学","公共治理与社会保障 · 公共服务等研究领域","public-governance","非营利组织","6","senior|young|associate"
"management","1204","公共管理学","公共治理与社会保障 · 数字治理等研究领域","public-governance","数字治理","6","senior|young|associate"
"management","1204","公共管理学","公共治理与社会保障 · 数字治理等研究领域","public-governance","政策执行","6","young|associate|senior"
"management","1204","公共管理学","公共治理与社会保障 · 数字治理等研究领域","public-governance","公众参与","6","young|associate|senior"
"management","1204","公共管理学","公共治理与社会保障 · 数字治理等研究领域","public-governance","治理评价","6","young|associate|senior"
"management","1204","公共管理学","公共管理综合 · 公共政策等研究领域","publicadmin","公共政策","7","senior|young|associate"
"management","1204","公共管理学","公共管理综合 · 公共政策等研究领域","publicadmin","公共服务","6","young|associate|senior"
"management","1204","公共管理学","公共管理综合 · 公共政策等研究领域","publicadmin","资源与应急管理","6","young|associate|senior"
"management","1204","公共管理学","公共管理综合 · 城市治理等研究领域","publicadmin","城市治理","6","associate|young|senior"
"management","1204","公共管理学","公共管理综合 · 城市治理等研究领域","publicadmin","数字治理","6","associate|young|senior"
"management","1204","公共管理学","公共管理综合 · 城市治理等研究领域","publicadmin","社会保障","6","associate|young|senior"
"management","1204","公共管理学","公共管理综合 · 公共财政等研究领域","publicadmin","公共财政","6","senior|young|associate"
"management","1204","公共管理学","公共管理综合 · 公共财政等研究领域","publicadmin","非营利组织","6","senior|young|associate"
"management","1204","公共管理学","公共管理综合 · 公共财政等研究领域","publicadmin","政策评价","6","senior|young|associate"
"management","1205","信息资源管理","图书情报与档案 · 图书情报与服务","information-management","图书馆学","6","young|associate|senior"
"management","1205","信息资源管理","图书情报与档案 · 图书情报与服务","information-management","情报学","6","young|associate|senior"
"management","1205","信息资源管理","图书情报与档案 · 图书情报与服务","information-management","信息检索","6","associate|young|senior"
"management","1205","信息资源管理","图书情报与档案 · 图书情报与服务","information-management","用户信息行为","6","senior|young|associate"
"management","1205","信息资源管理","图书情报与档案 · 图书情报与服务","information-management","公共信息服务","6","senior|young|associate"
"management","1205","信息资源管理","图书情报与档案 · 图书情报与服务","information-management","信息检索与相关性评价","6","young|associate|senior"
"management","1205","信息资源管理","图书情报与档案 · 档案与数字保存","information-management","档案管理","6","young|associate|senior"
"management","1205","信息资源管理","图书情报与档案 · 档案与数字保存","information-management","数字保存","6","senior|young|associate"
"management","1205","信息资源管理","图书情报与档案 · 档案与数字保存","information-management","数据治理","6","young|associate|senior"
"management","1205","信息资源管理","图书情报与档案 · 知识组织与伦理","information-management","知识组织","6","associate|young|senior"
"management","1205","信息资源管理","图书情报与档案 · 知识组织与伦理","information-management","科学计量","6","associate|young|senior"
"management","1205","信息资源管理","图书情报与档案 · 知识组织与伦理","information-management","知识管理","6","young|associate|senior"
"management","1205","信息资源管理","图书情报与档案 · 知识组织与伦理","information-management","信息伦理","6","young|associate|senior"
"management","1251","工商管理","企业与组织实务 · 企业战略等研究领域","business-management","企业战略","6","young|associate|senior"
"management","1251","工商管理","企业与组织实务 · 企业战略等研究领域","business-management","组织行为","6","young|associate|senior"
"management","1251","工商管理","企业与组织实务 · 企业战略等研究领域","business-management","人力资源","6","young|associate|senior"
"management","1251","工商管理","企业与组织实务 · 企业战略等研究领域","business-management","创新管理","6","associate|young|senior"
"management","1251","工商管理","企业与组织实务 · 创业研究等研究领域","business-management","创业研究","6","associate|young|senior"
"management","1251","工商管理","企业与组织实务 · 创业研究等研究领域","business-management","企业治理","6","associate|young|senior"
"management","1251","工商管理","企业与组织实务 · 创业研究等研究领域","business-management","组织文化","6","senior|young|associate"
"management","1251","工商管理","企业与组织实务 · 创业研究等研究领域","business-management","管理案例","6","senior|young|associate"
"management","1251","工商管理","企业与组织实务 · 服务管理等研究领域","business-management","服务管理","6","senior|young|associate"
"management","1251","工商管理","企业与组织实务 · 服务管理等研究领域","business-management","团队协作","6","young|associate|senior"
"management","1251","工商管理","企业与组织实务 · 服务管理等研究领域","business-management","管理伦理","6","young|associate|senior"
"management","1251","工商管理","企业与组织实务 · 服务管理等研究领域","business-management","管理教育","6","young|associate|senior"
"management","1252","公共管理","公共服务实务 · 行政管理等研究领域","public-governance","行政管理","6","young|associate|senior"
"management","1252","公共管理","公共服务实务 · 行政管理等研究领域","public-governance","社会保障","6","young|associate|senior"
"management","1252","公共管理","公共服务实务 · 行政管理等研究领域","public-governance","社会政策","6","young|associate|senior"
"management","1252","公共管理","公共服务实务 · 行政管理等研究领域","public-governance","公共预算","6","associate|young|senior"
"management","1252","公共管理","公共服务实务 · 公共服务等研究领域","public-governance","公共服务","6","associate|young|senior"
"management","1252","公共管理","公共服务实务 · 公共服务等研究领域","public-governance","应急管理研究","6","associate|young|senior"
"management","1252","公共管理","公共服务实务 · 公共服务等研究领域","public-governance","基层治理","6","senior|young|associate"
"management","1252","公共管理","公共服务实务 · 公共服务等研究领域","public-governance","非营利组织","6","senior|young|associate"
"management","1252","公共管理","公共服务实务 · 数字治理等研究领域","public-governance","数字治理","6","senior|young|associate"
"management","1252","公共管理","公共服务实务 · 数字治理等研究领域","public-governance","政策执行","6","young|associate|senior"
"management","1252","公共管理","公共服务实务 · 数字治理等研究领域","public-governance","公众参与","6","young|associate|senior"
"management","1252","公共管理","公共服务实务 · 数字治理等研究领域","public-governance","治理评价","6","young|associate|senior"
"management","1253","会计","会计报告与评价 · 财务会计等研究领域","accounting-studies","财务会计","6","young|associate|senior"
"management","1253","会计","会计报告与评价 · 财务会计等研究领域","accounting-studies","管理会计","6","young|associate|senior"
"management","1253","会计","会计报告与评价 · 财务会计等研究领域","accounting-studies","审计研究","6","young|associate|senior"
"management","1253","会计","会计报告与评价 · 财务会计等研究领域","accounting-studies","信息披露","6","associate|young|senior"
"management","1253","会计","会计报告与评价 · 财务会计等研究领域","accounting-studies","公司治理","6","associate|young|senior"
"management","1253","会计","会计报告与评价 · 会计史等研究领域","accounting-studies","会计史","6","associate|young|senior"
"management","1253","会计","会计报告与评价 · 会计史等研究领域","accounting-studies","公共部门会计","6","senior|young|associate"
"management","1253","会计","会计报告与评价 · 会计史等研究领域","accounting-studies","非财务报告","6","senior|young|associate"
"management","1253","会计","会计报告与评价 · 会计史等研究领域","accounting-studies","审计数据","6","senior|young|associate"
"management","1253","会计","会计报告与评价 · 会计史等研究领域","accounting-studies","会计规范","6","young|associate|senior"
"management","1253","会计","会计报告与评价 · 职业判断等研究领域","accounting-studies","职业判断","6","young|associate|senior"
"management","1253","会计","会计报告与评价 · 职业判断等研究领域","accounting-studies","会计教育","6","young|associate|senior"
"management","1253","会计","会计报告与评价 · 职业判断等研究领域","accounting-studies","审计抽样与证据覆盖","6","young|associate|senior"
"management","1254","旅游管理","旅游资源与服务 · 旅游行为与服务","tourism-management","旅游行为","6","young|associate|senior"
"management","1254","旅游管理","旅游资源与服务 · 旅游行为与服务","tourism-management","旅游目的地","6","young|associate|senior"
"management","1254","旅游管理","旅游资源与服务 · 旅游行为与服务","tourism-management","酒店管理研究","6","young|associate|senior"
"management","1254","旅游管理","旅游资源与服务 · 旅游行为与服务","tourism-management","旅游服务","6","associate|young|senior"
"management","1254","旅游管理","旅游资源与服务 · 文化资源与组织","tourism-management","文化旅游","6","associate|young|senior"
"management","1254","旅游管理","旅游资源与服务 · 文化资源与组织","tourism-management","旅游资源评价","6","associate|young|senior"
"management","1254","旅游管理","旅游资源与服务 · 文化资源与组织","tourism-management","旅游环境","6","senior|young|associate"
"management","1254","旅游管理","旅游资源与服务 · 文化资源与组织","tourism-management","旅游组织","6","senior|young|associate"
"management","1254","旅游管理","旅游资源与服务 · 数字体验与可及性","tourism-management","旅游数字化","6","senior|young|associate"
"management","1254","旅游管理","旅游资源与服务 · 数字体验与可及性","tourism-management","旅游体验","6","young|associate|senior"
"management","1254","旅游管理","旅游资源与服务 · 数字体验与可及性","tourism-management","旅游管理史","6","young|associate|senior"
"management","1254","旅游管理","旅游资源与服务 · 数字体验与可及性","tourism-management","旅游可及性","6","young|associate|senior"
"management","1255","图书情报","信息组织与服务 · 图书情报与服务","information-management","图书馆学","6","young|associate|senior"
"management","1255","图书情报","信息组织与服务 · 图书情报与服务","information-management","情报学","6","young|associate|senior"
"management","1255","图书情报","信息组织与服务 · 图书情报与服务","information-management","信息检索","6","associate|young|senior"
"management","1255","图书情报","信息组织与服务 · 图书情报与服务","information-management","用户信息行为","6","senior|young|associate"
"management","1255","图书情报","信息组织与服务 · 图书情报与服务","information-management","公共信息服务","6","senior|young|associate"
"management","1255","图书情报","信息组织与服务 · 图书情报与服务","information-management","信息检索与相关性评价","6","young|associate|senior"
"management","1255","图书情报","信息组织与服务 · 档案与数字保存","information-management","档案管理","6","young|associate|senior"
"management","1255","图书情报","信息组织与服务 · 档案与数字保存","information-management","数字保存","6","senior|young|associate"
"management","1255","图书情报","信息组织与服务 · 档案与数字保存","information-management","数据治理","6","young|associate|senior"
"management","1255","图书情报","信息组织与服务 · 知识组织与伦理","information-management","知识组织","6","associate|young|senior"
"management","1255","图书情报","信息组织与服务 · 知识组织与伦理","information-management","科学计量","6","associate|young|senior"
"management","1255","图书情报","信息组织与服务 · 知识组织与伦理","information-management","知识管理","6","young|associate|senior"
"management","1255","图书情报","信息组织与服务 · 知识组织与伦理","information-management","信息伦理","6","young|associate|senior"
"management","1256","工程管理","工程组织与运营 · 生产系统等研究领域","operations-management","生产系统","6","young|associate|senior"
"management","1256","工程管理","工程组织与运营 · 生产系统等研究领域","operations-management","运营研究","6","young|associate|senior"
"management","1256","工程管理","工程组织与运营 · 生产系统等研究领域","operations-management","质量管理","6","young|associate|senior"
"management","1256","工程管理","工程组织与运营 · 生产系统等研究领域","operations-management","供应链","6","associate|young|senior"
"management","1256","工程管理","工程组织与运营 · 生产系统等研究领域","operations-management","服务运营","6","associate|young|senior"
"management","1256","工程管理","工程组织与运营 · 人因工程等研究领域","operations-management","人因工程","6","associate|young|senior"
"management","1256","工程管理","工程组织与运营 · 人因工程等研究领域","operations-management","项目管理","6","senior|young|associate"
"management","1256","工程管理","工程组织与运营 · 人因工程等研究领域","operations-management","可靠性管理","6","senior|young|associate"
"management","1256","工程管理","工程组织与运营 · 人因工程等研究领域","operations-management","流程改进","6","senior|young|associate"
"management","1256","工程管理","工程组织与运营 · 人因工程等研究领域","operations-management","运营模型","6","young|associate|senior"
"management","1256","工程管理","工程组织与运营 · 库存评价等研究领域","operations-management","库存评价","6","young|associate|senior"
"management","1256","工程管理","工程组织与运营 · 库存评价等研究领域","operations-management","工业工程教育","6","young|associate|senior"
"management","1256","工程管理","工程组织与运营 · 库存评价等研究领域","operations-management","排队系统与服务波动","6","young|associate|senior"
"management","1257","审计","审计证据与评价 · 财务审计研究等研究领域","audit-studies","财务审计研究","6","young|associate|senior"
"management","1257","审计","审计证据与评价 · 财务审计研究等研究领域","audit-studies","绩效审计研究","6","young|associate|senior"
"management","1257","审计","审计证据与评价 · 财务审计研究等研究领域","audit-studies","内部审计","6","young|associate|senior"
"management","1257","审计","审计证据与评价 · 财务审计研究等研究领域","audit-studies","审计证据","6","associate|young|senior"
"management","1257","审计","审计证据与评价 · 审计制度史等研究领域","audit-studies","审计制度史","6","associate|young|senior"
"management","1257","审计","审计证据与评价 · 审计制度史等研究领域","audit-studies","审计质量","6","associate|young|senior"
"management","1257","审计","审计证据与评价 · 审计制度史等研究领域","audit-studies","审计数据评价","6","senior|young|associate"
"management","1257","审计","审计证据与评价 · 审计制度史等研究领域","audit-studies","审计职业判断","6","senior|young|associate"
"management","1257","审计","审计证据与评价 · 公共审计资料等研究领域","audit-studies","公共审计资料","6","senior|young|associate"
"management","1257","审计","审计证据与评价 · 公共审计资料等研究领域","audit-studies","审计沟通","6","young|associate|senior"
"management","1257","审计","审计证据与评价 · 公共审计资料等研究领域","audit-studies","数字审计研究","6","young|associate|senior"
"management","1257","审计","审计证据与评价 · 公共审计资料等研究领域","audit-studies","审计教育","6","young|associate|senior"
"arts","1301","艺术学","艺术理论与设计史 · 艺术哲学等研究领域","art-design-theory","艺术哲学","6","young|associate|senior"
"arts","1301","艺术学","艺术理论与设计史 · 艺术哲学等研究领域","art-design-theory","设计史","6","young|associate|senior"
"arts","1301","艺术学","艺术理论与设计史 · 艺术哲学等研究领域","art-design-theory","艺术制度","6","young|associate|senior"
"arts","1301","艺术学","艺术理论与设计史 · 艺术哲学等研究领域","art-design-theory","策展理论","6","associate|young|senior"
"arts","1301","艺术学","艺术理论与设计史 · 艺术批评等研究领域","art-design-theory","艺术批评","6","associate|young|senior"
"arts","1301","艺术学","艺术理论与设计史 · 艺术批评等研究领域","art-design-theory","视觉文化","6","associate|young|senior"
"arts","1301","艺术学","艺术理论与设计史 · 艺术批评等研究领域","art-design-theory","艺术社会学","6","senior|young|associate"
"arts","1301","艺术学","艺术理论与设计史 · 艺术批评等研究领域","art-design-theory","艺术与科技","6","senior|young|associate"
"arts","1301","艺术学","艺术理论与设计史 · 工艺史等研究领域","art-design-theory","工艺史","6","senior|young|associate"
"arts","1301","艺术学","艺术理论与设计史 · 工艺史等研究领域","art-design-theory","艺术收藏史","6","young|associate|senior"
"arts","1301","艺术学","艺术理论与设计史 · 工艺史等研究领域","art-design-theory","设计伦理","6","young|associate|senior"
"arts","1301","艺术学","艺术理论与设计史 · 工艺史等研究领域","art-design-theory","艺术教育史","6","young|associate|senior"
"arts","1301","艺术学","美术史与视觉研究 · 绘画研究等研究领域","fine-art-studies","绘画研究","6","young|associate|senior"
"arts","1301","艺术学","美术史与视觉研究 · 绘画研究等研究领域","fine-art-studies","雕塑研究","6","young|associate|senior"
"arts","1301","艺术学","美术史与视觉研究 · 绘画研究等研究领域","fine-art-studies","版画研究","6","young|associate|senior"
"arts","1301","艺术学","美术史与视觉研究 · 绘画研究等研究领域","fine-art-studies","书法研究","6","associate|young|senior"
"arts","1301","艺术学","美术史与视觉研究 · 视觉材料等研究领域","fine-art-studies","视觉材料","6","associate|young|senior"
"arts","1301","艺术学","美术史与视觉研究 · 视觉材料等研究领域","fine-art-studies","美术史","6","associate|young|senior"
"arts","1301","艺术学","美术史与视觉研究 · 视觉材料等研究领域","fine-art-studies","美术理论","6","senior|young|associate"
"arts","1301","艺术学","美术史与视觉研究 · 视觉材料等研究领域","fine-art-studies","当代艺术","6","senior|young|associate"
"arts","1301","艺术学","美术史与视觉研究 · 公共艺术等研究领域","fine-art-studies","公共艺术","6","senior|young|associate"
"arts","1301","艺术学","美术史与视觉研究 · 公共艺术等研究领域","fine-art-studies","美术教育","6","young|associate|senior"
"arts","1301","艺术学","美术史与视觉研究 · 公共艺术等研究领域","fine-art-studies","材料表达","6","young|associate|senior"
"arts","1301","艺术学","美术史与视觉研究 · 公共艺术等研究领域","fine-art-studies","展览研究","6","young|associate|senior"
"arts","1301","艺术学","音乐学 · 历史与社会","musicology-studies","音乐史","6","young|associate|senior"
"arts","1301","艺术学","音乐学 · 历史与社会","musicology-studies","民族音乐学","6","young|associate|senior"
"arts","1301","艺术学","音乐学 · 历史与社会","musicology-studies","音乐心理资料","6","young|associate|senior"
"arts","1301","艺术学","音乐学 · 历史与社会","musicology-studies","音乐与社会","6","young|associate|senior"
"arts","1301","艺术学","音乐学 · 历史与社会","musicology-studies","音乐文献","6","young|associate|senior"
"arts","1301","艺术学","音乐学 · 作品与表演","musicology-studies","音乐分析","6","young|associate|senior"
"arts","1301","艺术学","音乐学 · 作品与表演","musicology-studies","作曲研究","6","associate|young|senior"
"arts","1301","艺术学","音乐学 · 作品与表演","musicology-studies","演奏实践","6","associate|young|senior"
"arts","1301","艺术学","音乐学 · 作品与表演","musicology-studies","声乐研究","6","associate|young|senior"
"arts","1301","艺术学","音乐学 · 作品与表演","musicology-studies","历史演奏实践与版本","6","young|associate|senior"
"arts","1301","艺术学","音乐学 · 教育与技术","musicology-studies","音乐教育","6","senior|young|associate"
"arts","1301","艺术学","音乐学 · 教育与技术","musicology-studies","音乐技术","6","senior|young|associate"
"arts","1301","艺术学","音乐学 · 教育与技术","musicology-studies","录音评价","6","senior|young|associate"
"arts","1301","艺术学","戏剧与影视研究","theatre-studies","戏剧史","6","young|associate|senior"
"arts","1301","艺术学","戏剧与影视研究","theatre-studies","剧本研究","6","young|associate|senior"
"arts","1301","艺术学","戏剧与影视研究","theatre-studies","舞台设计","6","young|associate|senior"
"arts","1301","艺术学","戏剧与影视研究","theatre-studies","表演实践","6","associate|young|senior"
"arts","1301","艺术学","戏剧与影视研究","theatre-studies","戏曲研究","6","associate|young|senior"
"arts","1301","艺术学","戏剧与影视研究","theatre-studies","舞蹈研究","6","associate|young|senior"
"arts","1301","艺术学","戏剧与影视研究","theatre-studies","戏剧教育","6","senior|young|associate"
"arts","1301","艺术学","戏剧与影视研究","theatre-studies","剧场观众","6","senior|young|associate"
"arts","1301","艺术学","戏剧与影视研究","theatre-studies","排练过程","6","senior|young|associate"
"arts","1301","艺术学","戏剧与影视研究","theatre-studies","剧场技术评价","6","young|associate|senior"
"arts","1301","艺术学","戏剧与影视研究","theatre-studies","表演档案","6","young|associate|senior"
"arts","1301","艺术学","戏剧与影视研究","theatre-studies","参与式表演","6","young|associate|senior"
"arts","1301","艺术学","戏剧与影视研究","theatre-studies","戏剧构作与排演文本","6","young|associate|senior"
"arts","1301","艺术学","戏剧与影视研究","film-studies","电影史","6","young|associate|senior"
"arts","1301","艺术学","戏剧与影视研究","film-studies","电影理论","6","young|associate|senior"
"arts","1301","艺术学","戏剧与影视研究","film-studies","影像叙事","6","young|associate|senior"
"arts","1301","艺术学","戏剧与影视研究","film-studies","纪录片研究","6","associate|young|senior"
"arts","1301","艺术学","戏剧与影视研究","film-studies","视听语言","6","associate|young|senior"
"arts","1301","艺术学","戏剧与影视研究","film-studies","影像档案","6","associate|young|senior"
"arts","1301","艺术学","戏剧与影视研究","film-studies","影视制作研究","6","senior|young|associate"
"arts","1301","艺术学","戏剧与影视研究","film-studies","观众研究","6","senior|young|associate"
"arts","1301","艺术学","戏剧与影视研究","film-studies","电影文化","6","senior|young|associate"
"arts","1301","艺术学","戏剧与影视研究","film-studies","数字影像","6","young|associate|senior"
"arts","1301","艺术学","戏剧与影视研究","film-studies","影像教育","6","young|associate|senior"
"arts","1301","艺术学","戏剧与影视研究","film-studies","跨媒介影像","6","young|associate|senior"
"arts","1301","艺术学","舞蹈与戏曲研究","dance-studies","舞蹈史","6","young|associate|senior"
"arts","1301","艺术学","舞蹈与戏曲研究","dance-studies","舞蹈理论","6","young|associate|senior"
"arts","1301","艺术学","舞蹈与戏曲研究","dance-studies","舞蹈编创","6","young|associate|senior"
"arts","1301","艺术学","舞蹈与戏曲研究","dance-studies","舞蹈表演","6","associate|young|senior"
"arts","1301","艺术学","舞蹈与戏曲研究","dance-studies","舞蹈教育","6","associate|young|senior"
"arts","1301","艺术学","舞蹈与戏曲研究","dance-studies","民族民间舞研究","6","associate|young|senior"
"arts","1301","艺术学","舞蹈与戏曲研究","dance-studies","舞蹈记录","6","senior|young|associate"
"arts","1301","艺术学","舞蹈与戏曲研究","dance-studies","舞蹈影像","6","senior|young|associate"
"arts","1301","艺术学","舞蹈与戏曲研究","dance-studies","舞蹈身体经验","6","senior|young|associate"
"arts","1301","艺术学","舞蹈与戏曲研究","dance-studies","舞蹈观众","6","young|associate|senior"
"arts","1301","艺术学","舞蹈与戏曲研究","dance-studies","舞蹈与技术","6","young|associate|senior"
"arts","1301","艺术学","舞蹈与戏曲研究","dance-studies","舞蹈文献","6","young|associate|senior"
"arts","1301","艺术学","舞蹈与戏曲研究","opera-studies","戏曲史","6","young|associate|senior"
"arts","1301","艺术学","舞蹈与戏曲研究","opera-studies","曲艺史","6","young|associate|senior"
"arts","1301","艺术学","舞蹈与戏曲研究","opera-studies","戏曲文本","6","young|associate|senior"
"arts","1301","艺术学","舞蹈与戏曲研究","opera-studies","曲艺文本","6","associate|young|senior"
"arts","1301","艺术学","舞蹈与戏曲研究","opera-studies","戏曲表演","6","associate|young|senior"
"arts","1301","艺术学","舞蹈与戏曲研究","opera-studies","曲艺表演","6","associate|young|senior"
"arts","1301","艺术学","舞蹈与戏曲研究","opera-studies","唱腔资料","6","senior|young|associate"
"arts","1301","艺术学","舞蹈与戏曲研究","opera-studies","程式研究","6","senior|young|associate"
"arts","1301","艺术学","舞蹈与戏曲研究","opera-studies","地方剧种","6","senior|young|associate"
"arts","1301","艺术学","舞蹈与戏曲研究","opera-studies","戏曲教育","6","young|associate|senior"
"arts","1301","艺术学","舞蹈与戏曲研究","opera-studies","演出档案","6","young|associate|senior"
"arts","1301","艺术学","舞蹈与戏曲研究","opera-studies","戏曲观众","6","young|associate|senior"
"arts","1301","艺术学","艺术综合","art","视觉与传达","6","young|associate|senior"
"arts","1301","艺术学","艺术综合","art","产品与交互","7","young|associate|senior"
"arts","1301","艺术学","艺术综合","art","艺术史与策展","6","young|associate|senior"
"arts","1301","艺术学","艺术综合","art","绘画与图像","6","associate|young|senior"
"arts","1301","艺术学","艺术综合","art","雕塑与装置","6","associate|young|senior"
"arts","1301","艺术学","艺术综合","art","摄影与影像","6","associate|young|senior"
"arts","1301","艺术学","艺术综合","art","公共艺术","6","senior|young|associate"
"arts","1301","艺术学","艺术综合","art","工艺与材料艺术","6","senior|young|associate"
"arts","1301","艺术学","艺术综合","art","艺术与数字媒介","6","senior|young|associate"
"arts","1301","艺术学","艺术综合","music","音乐与表演","7","senior|young|associate"
"arts","1301","艺术学","艺术综合","music","戏剧与影视","6","young|associate|senior"
"arts","1301","艺术学","艺术综合","music","声音与媒介技术","6","young|associate|senior"
"arts","1301","艺术学","艺术综合","music","作曲与声音创作","6","associate|young|senior"
"arts","1301","艺术学","艺术综合","music","音乐教育","6","associate|young|senior"
"arts","1301","艺术学","艺术综合","music","民族音乐研究","6","associate|young|senior"
"arts","1301","艺术学","艺术综合","music","戏剧表演","6","senior|young|associate"
"arts","1301","艺术学","艺术综合","music","影视制作与叙事","6","senior|young|associate"
"arts","1301","艺术学","艺术综合","music","媒介艺术与声音设计","6","senior|young|associate"
"arts","1352","音乐","音乐表演与创作 · 历史与社会","musicology-studies","音乐史","6","young|associate|senior"
"arts","1352","音乐","音乐表演与创作 · 历史与社会","musicology-studies","民族音乐学","6","young|associate|senior"
"arts","1352","音乐","音乐表演与创作 · 历史与社会","musicology-studies","音乐心理资料","6","young|associate|senior"
"arts","1352","音乐","音乐表演与创作 · 历史与社会","musicology-studies","音乐与社会","6","young|associate|senior"
"arts","1352","音乐","音乐表演与创作 · 历史与社会","musicology-studies","音乐文献","6","young|associate|senior"
"arts","1352","音乐","音乐表演与创作 · 作品与表演","musicology-studies","音乐分析","6","young|associate|senior"
"arts","1352","音乐","音乐表演与创作 · 作品与表演","musicology-studies","作曲研究","6","associate|young|senior"
"arts","1352","音乐","音乐表演与创作 · 作品与表演","musicology-studies","演奏实践","6","associate|young|senior"
"arts","1352","音乐","音乐表演与创作 · 作品与表演","musicology-studies","声乐研究","6","associate|young|senior"
"arts","1352","音乐","音乐表演与创作 · 作品与表演","musicology-studies","历史演奏实践与版本","6","young|associate|senior"
"arts","1352","音乐","音乐表演与创作 · 教育与技术","musicology-studies","音乐教育","6","senior|young|associate"
"arts","1352","音乐","音乐表演与创作 · 教育与技术","musicology-studies","音乐技术","6","senior|young|associate"
"arts","1352","音乐","音乐表演与创作 · 教育与技术","musicology-studies","录音评价","6","senior|young|associate"
"arts","1352","音乐","声音与媒介综合","music","音乐与表演","7","senior|young|associate"
"arts","1352","音乐","声音与媒介综合","music","声音与媒介技术","6","young|associate|senior"
"arts","1352","音乐","声音与媒介综合","music","作曲与声音创作","6","associate|young|senior"
"arts","1352","音乐","声音与媒介综合","music","音乐教育","6","associate|young|senior"
"arts","1352","音乐","声音与媒介综合","music","民族音乐研究","6","associate|young|senior"
"arts","1352","音乐","声音与媒介综合","music","媒介艺术与声音设计","6","senior|young|associate"
"arts","1353","舞蹈","舞蹈编创与表演 · 历史理论与编创","dance-studies","舞蹈史","6","young|associate|senior"
"arts","1353","舞蹈","舞蹈编创与表演 · 历史理论与编创","dance-studies","舞蹈理论","6","young|associate|senior"
"arts","1353","舞蹈","舞蹈编创与表演 · 历史理论与编创","dance-studies","舞蹈编创","6","young|associate|senior"
"arts","1353","舞蹈","舞蹈编创与表演 · 历史理论与编创","dance-studies","舞蹈表演","6","associate|young|senior"
"arts","1353","舞蹈","舞蹈编创与表演 · 教育传承与记录","dance-studies","舞蹈教育","6","associate|young|senior"
"arts","1353","舞蹈","舞蹈编创与表演 · 教育传承与记录","dance-studies","民族民间舞研究","6","associate|young|senior"
"arts","1353","舞蹈","舞蹈编创与表演 · 教育传承与记录","dance-studies","舞蹈记录","6","senior|young|associate"
"arts","1353","舞蹈","舞蹈编创与表演 · 教育传承与记录","dance-studies","舞蹈影像","6","senior|young|associate"
"arts","1353","舞蹈","舞蹈编创与表演 · 身体经验与观众","dance-studies","舞蹈身体经验","6","senior|young|associate"
"arts","1353","舞蹈","舞蹈编创与表演 · 身体经验与观众","dance-studies","舞蹈观众","6","young|associate|senior"
"arts","1353","舞蹈","舞蹈编创与表演 · 身体经验与观众","dance-studies","舞蹈与技术","6","young|associate|senior"
"arts","1353","舞蹈","舞蹈编创与表演 · 身体经验与观众","dance-studies","舞蹈文献","6","young|associate|senior"
"arts","1354","戏剧与影视","戏剧表演 · 戏剧史等研究领域","theatre-studies","戏剧史","6","young|associate|senior"
"arts","1354","戏剧与影视","戏剧表演 · 戏剧史等研究领域","theatre-studies","剧本研究","6","young|associate|senior"
"arts","1354","戏剧与影视","戏剧表演 · 戏剧史等研究领域","theatre-studies","舞台设计","6","young|associate|senior"
"arts","1354","戏剧与影视","戏剧表演 · 戏剧史等研究领域","theatre-studies","表演实践","6","associate|young|senior"
"arts","1354","戏剧与影视","戏剧表演 · 戏剧史等研究领域","theatre-studies","戏曲研究","6","associate|young|senior"
"arts","1354","戏剧与影视","戏剧表演 · 舞蹈研究等研究领域","theatre-studies","舞蹈研究","6","associate|young|senior"
"arts","1354","戏剧与影视","戏剧表演 · 舞蹈研究等研究领域","theatre-studies","戏剧教育","6","senior|young|associate"
"arts","1354","戏剧与影视","戏剧表演 · 舞蹈研究等研究领域","theatre-studies","剧场观众","6","senior|young|associate"
"arts","1354","戏剧与影视","戏剧表演 · 舞蹈研究等研究领域","theatre-studies","排练过程","6","senior|young|associate"
"arts","1354","戏剧与影视","戏剧表演 · 舞蹈研究等研究领域","theatre-studies","剧场技术评价","6","young|associate|senior"
"arts","1354","戏剧与影视","戏剧表演 · 表演档案等研究领域","theatre-studies","表演档案","6","young|associate|senior"
"arts","1354","戏剧与影视","戏剧表演 · 表演档案等研究领域","theatre-studies","参与式表演","6","young|associate|senior"
"arts","1354","戏剧与影视","戏剧表演 · 表演档案等研究领域","theatre-studies","戏剧构作与排演文本","6","young|associate|senior"
"arts","1354","戏剧与影视","影像实践 · 电影史等研究领域","film-studies","电影史","6","young|associate|senior"
"arts","1354","戏剧与影视","影像实践 · 电影史等研究领域","film-studies","电影理论","6","young|associate|senior"
"arts","1354","戏剧与影视","影像实践 · 电影史等研究领域","film-studies","影像叙事","6","young|associate|senior"
"arts","1354","戏剧与影视","影像实践 · 电影史等研究领域","film-studies","纪录片研究","6","associate|young|senior"
"arts","1354","戏剧与影视","影像实践 · 视听语言等研究领域","film-studies","视听语言","6","associate|young|senior"
"arts","1354","戏剧与影视","影像实践 · 视听语言等研究领域","film-studies","影像档案","6","associate|young|senior"
"arts","1354","戏剧与影视","影像实践 · 视听语言等研究领域","film-studies","影视制作研究","6","senior|young|associate"
"arts","1354","戏剧与影视","影像实践 · 视听语言等研究领域","film-studies","观众研究","6","senior|young|associate"
"arts","1354","戏剧与影视","影像实践 · 电影文化等研究领域","film-studies","电影文化","6","senior|young|associate"
"arts","1354","戏剧与影视","影像实践 · 电影文化等研究领域","film-studies","数字影像","6","young|associate|senior"
"arts","1354","戏剧与影视","影像实践 · 电影文化等研究领域","film-studies","影像教育","6","young|associate|senior"
"arts","1354","戏剧与影视","影像实践 · 电影文化等研究领域","film-studies","跨媒介影像","6","young|associate|senior"
"arts","1354","戏剧与影视","戏剧影视综合","music","戏剧与影视","6","young|associate|senior"
"arts","1354","戏剧与影视","戏剧影视综合","music","戏剧表演","6","senior|young|associate"
"arts","1354","戏剧与影视","戏剧影视综合","music","影视制作与叙事","6","senior|young|associate"
"arts","1355","戏曲与曲艺","戏曲曲艺实践 · 历史与文本","opera-studies","戏曲史","6","young|associate|senior"
"arts","1355","戏曲与曲艺","戏曲曲艺实践 · 历史与文本","opera-studies","曲艺史","6","young|associate|senior"
"arts","1355","戏曲与曲艺","戏曲曲艺实践 · 历史与文本","opera-studies","戏曲文本","6","young|associate|senior"
"arts","1355","戏曲与曲艺","戏曲曲艺实践 · 历史与文本","opera-studies","曲艺文本","6","associate|young|senior"
"arts","1355","戏曲与曲艺","戏曲曲艺实践 · 表演唱腔与程式","opera-studies","戏曲表演","6","associate|young|senior"
"arts","1355","戏曲与曲艺","戏曲曲艺实践 · 表演唱腔与程式","opera-studies","曲艺表演","6","associate|young|senior"
"arts","1355","戏曲与曲艺","戏曲曲艺实践 · 表演唱腔与程式","opera-studies","唱腔资料","6","senior|young|associate"
"arts","1355","戏曲与曲艺","戏曲曲艺实践 · 表演唱腔与程式","opera-studies","程式研究","6","senior|young|associate"
"arts","1355","戏曲与曲艺","戏曲曲艺实践 · 剧种教育与演出档案","opera-studies","地方剧种","6","senior|young|associate"
"arts","1355","戏曲与曲艺","戏曲曲艺实践 · 剧种教育与演出档案","opera-studies","戏曲教育","6","young|associate|senior"
"arts","1355","戏曲与曲艺","戏曲曲艺实践 · 剧种教育与演出档案","opera-studies","演出档案","6","young|associate|senior"
"arts","1355","戏曲与曲艺","戏曲曲艺实践 · 剧种教育与演出档案","opera-studies","戏曲观众","6","young|associate|senior"
"arts","1356","美术与书法","美术与书法实践 · 绘画研究等研究领域","fine-art-studies","绘画研究","6","young|associate|senior"
"arts","1356","美术与书法","美术与书法实践 · 绘画研究等研究领域","fine-art-studies","雕塑研究","6","young|associate|senior"
"arts","1356","美术与书法","美术与书法实践 · 绘画研究等研究领域","fine-art-studies","版画研究","6","young|associate|senior"
"arts","1356","美术与书法","美术与书法实践 · 绘画研究等研究领域","fine-art-studies","书法研究","6","associate|young|senior"
"arts","1356","美术与书法","美术与书法实践 · 视觉材料等研究领域","fine-art-studies","视觉材料","6","associate|young|senior"
"arts","1356","美术与书法","美术与书法实践 · 视觉材料等研究领域","fine-art-studies","美术史","6","associate|young|senior"
"arts","1356","美术与书法","美术与书法实践 · 视觉材料等研究领域","fine-art-studies","美术理论","6","senior|young|associate"
"arts","1356","美术与书法","美术与书法实践 · 视觉材料等研究领域","fine-art-studies","当代艺术","6","senior|young|associate"
"arts","1356","美术与书法","美术与书法实践 · 公共艺术等研究领域","fine-art-studies","公共艺术","6","senior|young|associate"
"arts","1356","美术与书法","美术与书法实践 · 公共艺术等研究领域","fine-art-studies","美术教育","6","young|associate|senior"
"arts","1356","美术与书法","美术与书法实践 · 公共艺术等研究领域","fine-art-studies","材料表达","6","young|associate|senior"
"arts","1356","美术与书法","美术与书法实践 · 公共艺术等研究领域","fine-art-studies","展览研究","6","young|associate|senior"
"arts","1356","美术与书法","视觉实践综合 · 视觉与传达等研究领域","art","视觉与传达","6","young|associate|senior"
"arts","1356","美术与书法","视觉实践综合 · 视觉与传达等研究领域","art","产品与交互","7","young|associate|senior"
"arts","1356","美术与书法","视觉实践综合 · 视觉与传达等研究领域","art","艺术史与策展","6","young|associate|senior"
"arts","1356","美术与书法","视觉实践综合 · 绘画与图像等研究领域","art","绘画与图像","6","associate|young|senior"
"arts","1356","美术与书法","视觉实践综合 · 绘画与图像等研究领域","art","雕塑与装置","6","associate|young|senior"
"arts","1356","美术与书法","视觉实践综合 · 绘画与图像等研究领域","art","摄影与影像","6","associate|young|senior"
"arts","1356","美术与书法","视觉实践综合 · 公共艺术等研究领域","art","公共艺术","6","senior|young|associate"
"arts","1356","美术与书法","视觉实践综合 · 公共艺术等研究领域","art","工艺与材料艺术","6","senior|young|associate"
"arts","1356","美术与书法","视觉实践综合 · 公共艺术等研究领域","art","艺术与数字媒介","6","senior|young|associate"
"arts","1357","设计","产品交互与服务 · 交互设计等研究领域","design","交互设计","7","young|associate|senior"
"arts","1357","设计","产品交互与服务 · 交互设计等研究领域","design","服务设计","6","young|associate|senior"
"arts","1357","设计","产品交互与服务 · 交互设计等研究领域","design","视觉与信息设计","6","young|associate|senior"
"arts","1357","设计","产品交互与服务 · 交互设计等研究领域","design","工业与产品设计","6","associate|young|senior"
"arts","1357","设计","产品交互与服务 · 体验与用户研究等研究领域","design","体验与用户研究","6","associate|young|senior"
"arts","1357","设计","产品交互与服务 · 体验与用户研究等研究领域","design","社会创新设计","6","associate|young|senior"
"arts","1357","设计","产品交互与服务 · 体验与用户研究等研究领域","design","可持续设计","6","senior|young|associate"
"arts","1357","设计","产品交互与服务 · 体验与用户研究等研究领域","design","设计史与理论","6","senior|young|associate"
"arts","1357","设计","产品交互与服务 · 数字与沉浸设计等研究领域","design","数字与沉浸设计","6","senior|young|associate"
"arts","1357","设计","产品交互与服务 · 数字与沉浸设计等研究领域","design","无障碍界面与非视觉交互","6","young|associate|senior"
"interdisciplinary","1401","集成电路科学与工程","芯片与器件评价 · 理论器件与仿真","integrated-circuits","集成电路理论","6","young|associate|senior"
"interdisciplinary","1401","集成电路科学与工程","芯片与器件评价 · 理论器件与仿真","integrated-circuits","芯片设计资料","6","young|associate|senior"
"interdisciplinary","1401","集成电路科学与工程","芯片与器件评价 · 理论器件与仿真","integrated-circuits","器件模型评价","6","young|associate|senior"
"interdisciplinary","1401","集成电路科学与工程","芯片与器件评价 · 理论器件与仿真","integrated-circuits","电路仿真","6","associate|young|senior"
"interdisciplinary","1401","集成电路科学与工程","芯片与器件评价 · 测量可靠性与架构","integrated-circuits","集成电路测量","6","associate|young|senior"
"interdisciplinary","1401","集成电路科学与工程","芯片与器件评价 · 测量可靠性与架构","integrated-circuits","芯片可靠性","6","associate|young|senior"
"interdisciplinary","1401","集成电路科学与工程","芯片与器件评价 · 测量可靠性与架构","integrated-circuits","设计自动化","6","senior|young|associate"
"interdisciplinary","1401","集成电路科学与工程","芯片与器件评价 · 测量可靠性与架构","integrated-circuits","芯片架构评价","6","senior|young|associate"
"interdisciplinary","1401","集成电路科学与工程","芯片与器件评价 · 工艺能耗与芯片教育","integrated-circuits","工艺资料比较","6","senior|young|associate"
"interdisciplinary","1401","集成电路科学与工程","芯片与器件评价 · 工艺能耗与芯片教育","integrated-circuits","芯片能耗评价","6","young|associate|senior"
"interdisciplinary","1401","集成电路科学与工程","芯片与器件评价 · 工艺能耗与芯片教育","integrated-circuits","集成电路史","6","young|associate|senior"
"interdisciplinary","1401","集成电路科学与工程","芯片与器件评价 · 工艺能耗与芯片教育","integrated-circuits","芯片教育","6","young|associate|senior"
"interdisciplinary","1402","国家安全学","公开安全理论与治理 · 国家安全理论等研究领域","national-security-studies","国家安全理论","6","young|associate|senior"
"interdisciplinary","1402","国家安全学","公开安全理论与治理 · 国家安全理论等研究领域","national-security-studies","安全政策史","6","young|associate|senior"
"interdisciplinary","1402","国家安全学","公开安全理论与治理 · 国家安全理论等研究领域","national-security-studies","公共风险沟通","6","young|associate|senior"
"interdisciplinary","1402","国家安全学","公开安全理论与治理 · 国家安全理论等研究领域","national-security-studies","组织协作制度","6","associate|young|senior"
"interdisciplinary","1402","国家安全学","公开安全理论与治理 · 社会韧性资料等研究领域","national-security-studies","社会韧性资料","6","associate|young|senior"
"interdisciplinary","1402","国家安全学","公开安全理论与治理 · 社会韧性资料等研究领域","national-security-studies","安全治理","6","associate|young|senior"
"interdisciplinary","1402","国家安全学","公开安全理论与治理 · 社会韧性资料等研究领域","national-security-studies","国际安全文献","6","senior|young|associate"
"interdisciplinary","1402","国家安全学","公开安全理论与治理 · 社会韧性资料等研究领域","national-security-studies","安全教育","6","senior|young|associate"
"interdisciplinary","1402","国家安全学","公开安全理论与治理 · 安全伦理等研究领域","national-security-studies","安全伦理","6","senior|young|associate"
"interdisciplinary","1402","国家安全学","公开安全理论与治理 · 安全伦理等研究领域","national-security-studies","文化与安全","6","young|associate|senior"
"interdisciplinary","1402","国家安全学","公开安全理论与治理 · 安全伦理等研究领域","national-security-studies","公开资料质量","6","young|associate|senior"
"interdisciplinary","1402","国家安全学","公开安全理论与治理 · 安全伦理等研究领域","national-security-studies","比较安全制度","6","young|associate|senior"
"interdisciplinary","1403","设计学","工程艺术与使用者 · 设计理论等研究领域","interdisciplinary-design","设计理论","6","young|associate|senior"
"interdisciplinary","1403","设计学","工程艺术与使用者 · 设计理论等研究领域","interdisciplinary-design","设计方法","6","young|associate|senior"
"interdisciplinary","1403","设计学","工程艺术与使用者 · 设计理论等研究领域","interdisciplinary-design","设计认知","6","young|associate|senior"
"interdisciplinary","1403","设计学","工程艺术与使用者 · 设计理论等研究领域","interdisciplinary-design","工程设计","6","associate|young|senior"
"interdisciplinary","1403","设计学","工程艺术与使用者 · 设计理论等研究领域","interdisciplinary-design","艺术与设计","6","associate|young|senior"
"interdisciplinary","1403","设计学","工程艺术与使用者 · 设计管理等研究领域","interdisciplinary-design","设计管理","6","associate|young|senior"
"interdisciplinary","1403","设计学","工程艺术与使用者 · 设计管理等研究领域","interdisciplinary-design","设计信息","6","senior|young|associate"
"interdisciplinary","1403","设计学","工程艺术与使用者 · 设计管理等研究领域","interdisciplinary-design","设计伦理","6","senior|young|associate"
"interdisciplinary","1403","设计学","工程艺术与使用者 · 设计管理等研究领域","interdisciplinary-design","设计与社会","6","senior|young|associate"
"interdisciplinary","1403","设计学","工程艺术与使用者 · 设计管理等研究领域","interdisciplinary-design","设计评价","6","young|associate|senior"
"interdisciplinary","1403","设计学","工程艺术与使用者 · 设计史等研究领域","interdisciplinary-design","设计史","6","young|associate|senior"
"interdisciplinary","1403","设计学","工程艺术与使用者 · 设计史等研究领域","interdisciplinary-design","跨学科设计协作","6","young|associate|senior"
"interdisciplinary","1403","设计学","工程艺术与使用者 · 设计史等研究领域","interdisciplinary-design","服务设计与照护协作","6","young|associate|senior"
"interdisciplinary","1404","遥感科学与技术","遥感资料与空间评价 · 遥感物理与信息","remote-sensing","遥感物理","6","young|associate|senior"
"interdisciplinary","1404","遥感科学与技术","遥感资料与空间评价 · 遥感物理与信息","remote-sensing","遥感信息获取","6","young|associate|senior"
"interdisciplinary","1404","遥感科学与技术","遥感资料与空间评价 · 遥感物理与信息","remote-sensing","遥感信息处理","6","young|associate|senior"
"interdisciplinary","1404","遥感科学与技术","遥感资料与空间评价 · 遥感物理与信息","remote-sensing","遥感应用","6","associate|young|senior"
"interdisciplinary","1404","遥感科学与技术","遥感资料与空间评价 · 遥感物理与信息","remote-sensing","遥感标定","6","associate|young|senior"
"interdisciplinary","1404","遥感科学与技术","遥感资料与空间评价 · 标定反演与时序","remote-sensing","遥感反演","6","associate|young|senior"
"interdisciplinary","1404","遥感科学与技术","遥感资料与空间评价 · 标定反演与时序","remote-sensing","遥感时序","6","senior|young|associate"
"interdisciplinary","1404","遥感科学与技术","遥感资料与空间评价 · 标定反演与时序","remote-sensing","多源遥感","6","senior|young|associate"
"interdisciplinary","1404","遥感科学与技术","遥感资料与空间评价 · 标定反演与时序","remote-sensing","遥感精度评价","6","senior|young|associate"
"interdisciplinary","1404","遥感科学与技术","遥感资料与空间评价 · 标定反演与时序","remote-sensing","遥感资料质量","6","young|associate|senior"
"interdisciplinary","1404","遥感科学与技术","遥感资料与空间评价 · 精度质量与社会应用","remote-sensing","遥感与社会","6","young|associate|senior"
"interdisciplinary","1404","遥感科学与技术","遥感资料与空间评价 · 精度质量与社会应用","remote-sensing","遥感科学史","6","young|associate|senior"
"interdisciplinary","1404","遥感科学与技术","遥感资料与空间评价 · 精度质量与社会应用","remote-sensing","遥感物候与农业验证","6","young|associate|senior"
"interdisciplinary","1405","智能科学与技术","智能任务与评价 · 智能理论等研究领域","intelligent-science","智能理论","6","young|associate|senior"
"interdisciplinary","1405","智能科学与技术","智能任务与评价 · 智能理论等研究领域","intelligent-science","认知计算资料","6","young|associate|senior"
"interdisciplinary","1405","智能科学与技术","智能任务与评价 · 智能理论等研究领域","intelligent-science","机器学习评价","6","young|associate|senior"
"interdisciplinary","1405","智能科学与技术","智能任务与评价 · 智能理论等研究领域","intelligent-science","智能系统建模","6","associate|young|senior"
"interdisciplinary","1405","智能科学与技术","智能任务与评价 · 智能理论等研究领域","intelligent-science","智能交互","6","associate|young|senior"
"interdisciplinary","1405","智能科学与技术","智能任务与评价 · 智能感知评价等研究领域","intelligent-science","智能感知评价","6","associate|young|senior"
"interdisciplinary","1405","智能科学与技术","智能任务与评价 · 智能感知评价等研究领域","intelligent-science","智能决策资料","6","senior|young|associate"
"interdisciplinary","1405","智能科学与技术","智能任务与评价 · 智能感知评价等研究领域","intelligent-science","智能系统可靠性","6","senior|young|associate"
"interdisciplinary","1405","智能科学与技术","智能任务与评价 · 智能感知评价等研究领域","intelligent-science","智能伦理","6","senior|young|associate"
"interdisciplinary","1405","智能科学与技术","智能任务与评价 · 智能感知评价等研究领域","intelligent-science","多模态资料","6","young|associate|senior"
"interdisciplinary","1405","智能科学与技术","智能任务与评价 · 智能科学史等研究领域","intelligent-science","智能科学史","6","young|associate|senior"
"interdisciplinary","1405","智能科学与技术","智能任务与评价 · 智能科学史等研究领域","intelligent-science","智能教育","6","young|associate|senior"
"interdisciplinary","1405","智能科学与技术","智能任务与评价 · 智能科学史等研究领域","intelligent-science","人机决策与自动化依赖","6","young|associate|senior"
"interdisciplinary","1406","纳米科学与工程","纳米资料与尺度评价 · 纳米材料资料等研究领域","nano-science","纳米材料资料","6","young|associate|senior"
"interdisciplinary","1406","纳米科学与工程","纳米资料与尺度评价 · 纳米材料资料等研究领域","nano-science","纳米结构测量","6","young|associate|senior"
"interdisciplinary","1406","纳米科学与工程","纳米资料与尺度评价 · 纳米材料资料等研究领域","nano-science","纳米光学","6","young|associate|senior"
"interdisciplinary","1406","纳米科学与工程","纳米资料与尺度评价 · 纳米材料资料等研究领域","nano-science","纳米电子资料","6","associate|young|senior"
"interdisciplinary","1406","纳米科学与工程","纳米资料与尺度评价 · 纳米力学等研究领域","nano-science","纳米力学","6","associate|young|senior"
"interdisciplinary","1406","纳米科学与工程","纳米资料与尺度评价 · 纳米力学等研究领域","nano-science","纳米界面","6","associate|young|senior"
"interdisciplinary","1406","纳米科学与工程","纳米资料与尺度评价 · 纳米力学等研究领域","nano-science","纳米能源资料","6","senior|young|associate"
"interdisciplinary","1406","纳米科学与工程","纳米资料与尺度评价 · 纳米力学等研究领域","nano-science","纳米生物资料","6","senior|young|associate"
"interdisciplinary","1406","纳米科学与工程","纳米资料与尺度评价 · 纳米材料评价等研究领域","nano-science","纳米材料评价","6","senior|young|associate"
"interdisciplinary","1406","纳米科学与工程","纳米资料与尺度评价 · 纳米材料评价等研究领域","nano-science","尺度效应","6","young|associate|senior"
"interdisciplinary","1406","纳米科学与工程","纳米资料与尺度评价 · 纳米材料评价等研究领域","nano-science","纳米科学史","6","young|associate|senior"
"interdisciplinary","1406","纳米科学与工程","纳米资料与尺度评价 · 纳米材料评价等研究领域","nano-science","纳米测量质量","6","young|associate|senior"
"interdisciplinary","1407","区域国别学","区域文化与制度 · 区域历史等研究领域","area-studies","区域历史","6","young|associate|senior"
"interdisciplinary","1407","区域国别学","区域文化与制度 · 区域历史等研究领域","area-studies","国别政治资料","6","young|associate|senior"
"interdisciplinary","1407","区域国别学","区域文化与制度 · 区域历史等研究领域","area-studies","区域经济","6","young|associate|senior"
"interdisciplinary","1407","区域国别学","区域文化与制度 · 区域历史等研究领域","area-studies","区域文化","6","associate|young|senior"
"interdisciplinary","1407","区域国别学","区域文化与制度 · 区域语言等研究领域","area-studies","区域语言","6","associate|young|senior"
"interdisciplinary","1407","区域国别学","区域文化与制度 · 区域语言等研究领域","area-studies","区域社会","6","associate|young|senior"
"interdisciplinary","1407","区域国别学","区域文化与制度 · 区域语言等研究领域","area-studies","国别文献","6","senior|young|associate"
"interdisciplinary","1407","区域国别学","区域文化与制度 · 区域语言等研究领域","area-studies","跨区域比较","6","senior|young|associate"
"interdisciplinary","1407","区域国别学","区域文化与制度 · 区域组织等研究领域","area-studies","区域组织","6","senior|young|associate"
"interdisciplinary","1407","区域国别学","区域文化与制度 · 区域组织等研究领域","area-studies","地区教育","6","young|associate|senior"
"interdisciplinary","1407","区域国别学","区域文化与制度 · 区域组织等研究领域","area-studies","区域档案","6","young|associate|senior"
"interdisciplinary","1407","区域国别学","区域文化与制度 · 区域组织等研究领域","area-studies","区域研究方法","6","young|associate|senior"
"interdisciplinary","1451","文物","文物来源与保护评价 · 文物材料资料等研究领域","heritage-conservation","文物材料资料","6","young|associate|senior"
"interdisciplinary","1451","文物","文物来源与保护评价 · 文物材料资料等研究领域","heritage-conservation","文物病害记录","6","young|associate|senior"
"interdisciplinary","1451","文物","文物来源与保护评价 · 文物材料资料等研究领域","heritage-conservation","文物保护史","6","young|associate|senior"
"interdisciplinary","1451","文物","文物来源与保护评价 · 文物材料资料等研究领域","heritage-conservation","文物展示","6","associate|young|senior"
"interdisciplinary","1451","文物","文物来源与保护评价 · 文物数字记录等研究领域","heritage-conservation","文物数字记录","6","associate|young|senior"
"interdisciplinary","1451","文物","文物来源与保护评价 · 文物数字记录等研究领域","heritage-conservation","保护评价","6","associate|young|senior"
"interdisciplinary","1451","文物","文物来源与保护评价 · 文物数字记录等研究领域","heritage-conservation","文物来源","6","senior|young|associate"
"interdisciplinary","1451","文物","文物来源与保护评价 · 文物数字记录等研究领域","heritage-conservation","文物环境资料","6","senior|young|associate"
"interdisciplinary","1451","文物","文物来源与保护评价 · 文物管理等研究领域","heritage-conservation","文物管理","6","senior|young|associate"
"interdisciplinary","1451","文物","文物来源与保护评价 · 文物管理等研究领域","heritage-conservation","文物伦理","6","young|associate|senior"
"interdisciplinary","1451","文物","文物来源与保护评价 · 文物管理等研究领域","heritage-conservation","文物教育","6","young|associate|senior"
"interdisciplinary","1451","文物","文物来源与保护评价 · 文物管理等研究领域","heritage-conservation","文物跨学科比较","6","young|associate|senior"
"interdisciplinary","1452","密码","密码数学与形式评价 · 密码数学等研究领域","cryptography-studies","密码数学","6","young|associate|senior"
"interdisciplinary","1452","密码","密码数学与形式评价 · 密码数学等研究领域","cryptography-studies","密码协议形式分析","6","young|associate|senior"
"interdisciplinary","1452","密码","密码数学与形式评价 · 密码数学等研究领域","cryptography-studies","密码模型","6","young|associate|senior"
"interdisciplinary","1452","密码","密码数学与形式评价 · 密码数学等研究领域","cryptography-studies","密码标准史","6","associate|young|senior"
"interdisciplinary","1452","密码","密码数学与形式评价 · 密码算法公开评价等研究领域","cryptography-studies","密码算法公开评价","6","associate|young|senior"
"interdisciplinary","1452","密码","密码数学与形式评价 · 密码算法公开评价等研究领域","cryptography-studies","密码工程资料","6","associate|young|senior"
"interdisciplinary","1452","密码","密码数学与形式评价 · 密码算法公开评价等研究领域","cryptography-studies","密码可用性","6","senior|young|associate"
"interdisciplinary","1452","密码","密码数学与形式评价 · 密码算法公开评价等研究领域","cryptography-studies","密码教育","6","senior|young|associate"
"interdisciplinary","1452","密码","密码数学与形式评价 · 密码伦理等研究领域","cryptography-studies","密码伦理","6","senior|young|associate"
"interdisciplinary","1452","密码","密码数学与形式评价 · 密码伦理等研究领域","cryptography-studies","隐私保护理论","6","young|associate|senior"
"interdisciplinary","1452","密码","密码数学与形式评价 · 密码伦理等研究领域","cryptography-studies","密码资料复现","6","young|associate|senior"
"interdisciplinary","1452","密码","密码数学与形式评价 · 密码伦理等研究领域","cryptography-studies","密码史","6","young|associate|senior"