"direction_id","route","direction","owner","tier","material","concept","definition","expert_reviewed"
"classic-1","classic","分子与细胞","classic-1","concept","细胞成像、单细胞标记与独立培养来源","细胞状态与群体组成","总体信号增加可能来自每个细胞变化，也可能来自细胞类别比例改变；两者需分别判断。","false"
"classic-2","classic","生理与病理","classic-2","direction-case","生理与病理研究档案：细胞状态、组织组成与独立来源；结构定位、组织层次与判读条件；细胞组成、功能层次和独立来源；不同层次的读数、背景条件和相反趋势。需对照细胞与生命系统中的定义、对象索引与适用条件","局部与整体 / 组成与状态","局部组织或切片不能无条件代表整个个体或器官。 群体差异可能来自组成与单元状态两方面，技术重复不是独立对象。 群体读数会受细胞组成和单细胞状态共同影响。","false"
"classic-3","classic","组学与系统生物学","classic-3","direction-case","组学与系统生物学研究档案：细胞状态、组织组成与独立来源；鉴定可靠性、分子丰度与功能资料；细胞组成、功能层次和独立来源。需对照细胞与生命系统中的定义、对象索引与适用条件","丰度与过程 / 组成与状态","丰度变化不自动代表功能、流量或作用方向变化。 群体差异可能来自组成与单元状态两方面，技术重复不是独立对象。 群体读数会受细胞组成和单细胞状态共同影响。","false"
"data-1","data","机器学习","data-1","concept","训练划分、调参日志与留出集预测","调参与泛化评估","反复查看测试成绩来选模型，会让测试集进入选择过程；其独立评估作用随之削弱。","false"
"data-2","data","软件与系统","data-2","direction-case","软件与系统研究档案：任务输入、算法输出与运行条件；版本锁定、输入契约和故障复现；系统边界、反馈连接和尺度转换。需对照的具体条目：输入契约、依赖版本与错误复现","功能与运行条件 / 局部与系统","一次运行成功不保证更新、资源限制或异常输入下仍可靠。 局部部件的收益可能被反馈和协调成本改变。 预测性能、运行可靠性和使用效果是不同评价目标。","false"
"data-3","data","人机交互","data-3","direction-case","人机交互研究档案：任务输入、算法输出与运行条件；任务完成、错误恢复和辅助条件；任务路径、迭代版本和错误恢复记录。需对照的具体条目：任务路径、辅助条件与错误恢复","完成与体验","完成率不能独立概括负担、可及性和错误恢复。 预测性能、运行可靠性和使用效果是不同评价目标。","false"
"theory-1","theory","分析与微分方程","theory-1","concept","微分方程、边界条件与解的反例","存在、唯一与稳定","解存在不说明唯一；唯一解也不保证输入小变化只造成输出小变化。","false"
"theory-2","theory","概率与数理统计","theory-2","direction-case","概率与数理统计研究档案：定义域、命题假设与证明步骤；随机变量、条件事件和分布假设。需对照数学结构与命题中的定义、对象索引与适用条件","条件与边际","分层后的关系可以与总体关系不同，必须说明条件。 命题的有效范围由定义和假设决定，而不是由算例数量决定。","false"
"theory-3","theory","离散数学与优化","theory-3","direction-case","离散数学与优化研究档案：定义域、命题假设与证明步骤；可行域、目标权重和约束松弛。需对照的具体条目：有限结构、邻接关系与组合约束","最优与可行","最优只针对给定目标及约束，不代表现实中所有需求都满足。 命题的有效范围由定义和假设决定，而不是由算例数量决定。","false"
"field-1","field","社会调查","field-1","direction-case","社会调查研究档案：访谈轮次、参与观察与地方关系；对象进入、角色关系和机会结构。需对照田野关系与社会实践中的定义、对象索引与适用条件","个体与结构","个体选择受可得机会限制，观察到的行为不能仅归因于偏好。 访谈叙述发生于具体关系中，不能脱离研究者位置解释。","false"
"field-2","field","文化人类学","field-2","direction-case","文化人类学研究档案：逐轮对话、在场关系和沉默位置；相关领域文献对“访谈轮次、参与观察与地方关系”的用语与记录方式；交往位置、叙述轮次和观察情境。需对照的具体条目：实践语境、符号用法与传承位置","叙述与情境","相同问题在不同关系中可获得不同回答，差异不是天然的矛盾。","false"
"field-3","field","社会网络","field-3","direction-case","社会网络研究档案：访谈轮次、参与观察与地方关系；节点口径、边含义和缺失连接；对象进入、角色关系和机会结构。需对照田野关系与社会实践中的定义、对象索引与适用条件","关系与记录 / 个体与结构","没有记录到连接不等于不存在关系，边的定义影响结构。 个体选择受可得机会限制，观察到的行为不能仅归因于偏好。 访谈叙述发生于具体关系中，不能脱离研究者位置解释。","false"
"clinical-1","clinical","临床研究设计","clinical-1","direction-case","临床研究设计研究档案：入组资格、诊疗记录与结局时间；目标比较、资料进入和记录变化；任务路径、迭代版本和错误恢复记录。需对照临床比较与患者历程中的定义、对象索引与适用条件","健康与记录","记录量改变可能来自检测或服务，不能独立证明健康改变。 临床记录的可得性不等于比较组具有相同的观察机会。","false"
"clinical-2","clinical","医学影像","clinical-2","direction-case","医学影像研究档案：入组资格、诊疗记录与结局时间；个体索引、图像条件和判读分歧。需对照的具体条目：来源索引、采集条件与判读分歧","图像与个体","一个人的多幅图像不构成多个独立患者，图像性能不等于患者获益。 临床记录的可得性不等于比较组具有相同的观察机会。","false"
"clinical-3","clinical","健康服务研究","clinical-3","direction-case","健康服务研究研究档案：入组资格、诊疗记录与结局时间；需求、服务资格和未进入服务者。需对照的具体条目：服务资格、实际交付与未获服务者","使用与需求","服务使用量受供给和资格影响，不能单独表示需求。 临床记录的可得性不等于比较组具有相同的观察机会。","false"
"physics-1","physics","凝聚态物理","physics-1","direction-case","凝聚态物理研究档案：物理量定义、测量响应与近似尺度；结构分布、缺陷表征和性质条件。需对照的具体条目：序参量、系统尺寸与控制参数","结构与组成","相同名义组成可有不同结构分布，因此性质未必相同。 观测量与理论量的对应需要测量模型和适用尺度。","false"
"physics-2","physics","理论与计算物理","physics-2","direction-case","理论与计算物理研究档案：物理量定义、测量响应与近似尺度；离散误差、参照解和停止条件。需对照物理系统与观测量中的定义、对象索引与适用条件","收敛与正确性","迭代停止不保证离散误差或模型误差已经足够小。 观测量与理论量的对应需要测量模型和适用尺度。","false"
"physics-3","physics","光学与测量","physics-3","direction-case","光学与测量研究档案：物理量定义、测量响应与近似尺度；光路、光谱响应和探测器背景；参考量、校准曲线和不确定性分项；参考依据、重复读数和误差分项。需对照物理系统与观测量中的定义、对象索引与适用条件","响应与输入 / 精密与准确","探测器读数包含系统响应，不能直接当成入射光的真实分布。 重复读数接近说明精密性，不能排除系统偏差。 观测量与理论量的对应需要测量模型和适用尺度。","false"
"chemistry-1","chemistry","分析化学","chemistry-1","direction-case","分析化学研究档案：成分谱、结构表征与条件依赖性质；物种指认、平衡条件和测量信号。需对照的具体条目：鉴定依据、校准范围与检出限；输入假设、测量或推导链与不确定性","指认与定量","能指认某成分不等于已准确测量其含量。 组成相同不保证结构、状态及性质相同。","false"
"chemistry-2","chemistry","物理化学","chemistry-2","direction-case","物理化学研究档案：成分谱、结构表征与条件依赖性质；物种指认、平衡条件和测量信号。需对照的具体条目：状态函数、平衡条件与动力学量","指认与定量","能指认某成分不等于已准确测量其含量。 组成相同不保证结构、状态及性质相同。","false"
"chemistry-3","chemistry","高分子与软材料","chemistry-3","direction-case","高分子与软材料研究档案：成分谱、结构表征与条件依赖性质；鉴定可靠性、分子丰度与功能资料；结构分布、缺陷表征和性质条件；不同层次的读数、背景条件和相反趋势。需对照的具体条目：分子量分布、链结构与材料状态；状态变化、界面响应与时间尺度","丰度与过程 / 结构与组成","丰度变化不自动代表功能、流量或作用方向变化。 相同名义组成可有不同结构分布，因此性质未必相同。 组成相同不保证结构、状态及性质相同。","false"
"economics-1","economics","微观与行为经济","economics-1","direction-case","微观与行为经济研究档案：预算约束、选择记录与制度条件；选择集合、机会成本和价格条件；可得方案、行为反应和分配结果；计量单位、时间窗口和未计入的投入。需对照的具体条目：个体选择、预算约束与反事实方案；参照点、判断任务与选择情境","观察选择与偏好 / 平均与分配","选择变化可以来自约束或可得方案，不一定是偏好改变。 总体收益或均值变化不能说明每个人的负担都改善。 可见选择同时受偏好、约束和可获得方案影响。","false"
"economics-2","economics","宏观与发展经济","economics-2","direction-case","宏观与发展经济研究档案：预算约束、选择记录与制度条件；选择集合、机会成本和价格条件；可得方案、行为反应和分配结果；计量单位、时间窗口和未计入的投入。需对照的具体条目：总量口径、核算时期与部门联系","观察选择与偏好 / 平均与分配","选择变化可以来自约束或可得方案，不一定是偏好改变。 总体收益或均值变化不能说明每个人的负担都改善。 可见选择同时受偏好、约束和可获得方案影响。","false"
"economics-3","economics","环境与公共经济","economics-3","direction-case","环境与公共经济研究档案：预算约束、选择记录与制度条件；来源、迁移途径和受影响对象；选择集合、机会成本和价格条件；计量单位、时间窗口和未计入的投入。需对照选择、约束与市场中的定义、对象索引与适用条件","来源与负担 / 观察选择与偏好","排放减少与受影响对象负担减少需要通过路径联系。 选择变化可以来自约束或可得方案，不一定是偏好改变。 可见选择同时受偏好、约束和可获得方案影响。","false"
"humanities-1","humanities","文学史","humanities-1","concept","作品初刊、再版改动与文学史叙述","分期与经典化","文学史分期是解释工具；后来成为经典不代表作品初刊时已获同样地位。","false"
"humanities-2","humanities","比较文学","humanities-2","direction-case","比较文学研究档案：文本段落、版本变化与读者解释；叙述位置、文本片段和出版语境；各方定义、资料来源和桥接规则。需对照的具体条目：叙述声音、关键片段与版本语境","叙述者与作者","叙述者的态度不能不经论证直接当成作者立场。 作者意图、文本发声与读者接受不能直接相互替代。","false"
"humanities-3","humanities","数字人文","humanities-3","direction-case","数字人文研究档案：文本段落、版本变化与读者解释；转写规则、数字版本和原件对应。需对照的具体条目：编码规则、平台入口与不可见记录","可计算与可解释","可检索或可计算的记录会受转写与收录条件影响。 作者意图、文本发声与读者接受不能直接相互替代。","false"
"art-1","art","视觉与传达","art-1","direction-case","视觉与传达研究档案：创作草稿、媒介痕迹与展示语境；作品状态、观看位置和媒介条件。需对照作品形式与创作过程中的定义、对象索引与适用条件","形式与解释","相似视觉形式可承担不同意义，解释须联系作品与观看情境。 形式选择需要对应创作问题，作品评价不必借用实验显著性。","false"
"art-2","art","产品与交互","art-2","direction-case","产品与交互研究档案：创作草稿、媒介痕迹与展示语境；任务完成、错误恢复和辅助条件；任务路径、迭代版本和错误恢复记录。需对照的具体条目：任务路径、辅助条件与错误恢复；制造约束、功能任务与使用环境","完成与体验","完成率不能独立概括负担、可及性和错误恢复。 形式选择需要对应创作问题，作品评价不必借用实验显著性。","false"
"art-3","art","艺术史与策展","art-3","concept","展品选择、展厅动线与策展文本版本","策展命题与观看路径","策展文本提出解释，空间排序影响实际观看；观众未必按策展人预想的路径理解。","false"
"philosophy-1","philosophy","逻辑与科学哲学","philosophy-1","direction-case","逻辑与科学哲学研究档案：关键段落、话语位置和相反解释；相关领域文献对“论证前提、概念区分与反例”的用语与记录方式；概念定义、论证前提和反例条件。需对照概念与论证中的定义、对象索引与适用条件","理由与结论","结论为真不意味着提供的理由足够，反例须满足原条件。","false"
"philosophy-2","philosophy","伦理与政治哲学","philosophy-2","direction-case","伦理与政治哲学研究档案：行动者理由、利益负担与提出异议的记录；相关领域文献对“论证前提、概念区分与反例”的用语与记录方式；概念定义、论证前提和反例条件；受益负担、行动理由和申诉机会。需对照的具体条目：规则来源、执行条件与行动者立场；行动理由、受益负担与申诉机会","理由与结论 / 描述与规范","结论为真不意味着提供的理由足够，反例须满足原条件。 多数偏好或事实描述不能独立证成规范结论。","false"
"philosophy-3","philosophy","美学与解释学","philosophy-3","direction-case","美学与解释学研究档案：关键段落、话语位置和相反解释；相关领域文献对“论证前提、概念区分与反例”的用语与记录方式；概念定义、论证前提和反例条件；原典用语、实践情境和注释传统。需对照的具体条目：审美对象、经验描述与评价理由；解释循环、前理解与文本抵抗","理由与结论 / 概念与传统","结论为真不意味着提供的理由足够，反例须满足原条件。 同一现代译词不证明不同传统具有相同概念。","false"
"law-1","law","民商法","law-1","concept","要约承诺时间线、合同条款与履行争点","合同成立与履行","成立、效力和履行是不同判断；有签字不自动回答条款能否适用及义务是否完成。","false"
"law-2","law","公法与治理","law-2","direction-case","公法与治理研究档案：规范版本、争议事实与适用程序；法域、条文版本和事实要件；正式规则、实际执行和行为者立场；正式文本、执行条件与被排除的对象。需对照的具体条目：规则来源、执行条件与行动者立场","规范与适用 / 规则与运行","同名制度可能有不同要件，规范主张须与具体法域及版本对应。 正式文本相同不保证执行资源和实践相同。 规范存在、事实被证明与规范适用是三个不同问题。","false"
"law-3","law","法与科技","law-3","direction-case","法与科技研究档案：规范版本、争议事实和适用要件；相关领域文献对“规范版本、争议事实与适用程序”的用语与记录方式；法域、条文版本和事实要件。需对照的具体条目：仪器记录、研究制度与知识传播","规范与适用","同名制度可能有不同要件，规范主张须与具体法域及版本对应。","false"
"politics-1","politics","比较政治","politics-1","direction-case","比较政治研究档案：制度安排、政治行为与执行记录；正式规则、实际执行和行为者立场；各方定义、资料来源和桥接规则。需对照的具体条目：规则来源、执行条件与行动者立场","规则与运行","正式文本相同不保证执行资源和实践相同。 正式制度与实际政治行动可能有差距，比较需保留组织层次。","false"
"politics-2","politics","国际关系","politics-2","direction-case","国际关系研究档案：制度安排、政治行为与执行记录；正式规则、实际执行和行为者立场；各方定义、资料来源和桥接规则。需对照的具体条目：地区制度、指标译法与比较资格","规则与运行","正式文本相同不保证执行资源和实践相同。 正式制度与实际政治行动可能有差距，比较需保留组织层次。","false"
"politics-3","politics","公共政策","politics-3","direction-case","公共政策研究档案：制度安排、政治行为与执行记录；正式规则、实际执行和行为者立场；公开文件、责任分配和资源约束；正式文本、执行条件与被排除的对象。需对照的具体条目：文本目标、执行资源与受影响范围","规则与运行 / 公开记录与实践","正式文本相同不保证执行资源和实践相同。 公开记录受可披露性与编写目的影响，不等于全部实践。 正式制度与实际政治行动可能有差距，比较需保留组织层次。","false"
"education-1","education","学习科学","education-1","concept","学习任务、迁移测验与解题过程记录","保持与迁移","记住练过的题，与在新任务中使用同一知识不同；即时成绩还不同于延迟保持。","false"
"education-2","education","课程与教学","education-2","concept","课程目标、课堂活动与评价题目对应表","建设性对齐","评价应对应想培养的能力；课堂热闹或学生满意，并不直接代表目标能力提高。","false"
"education-3","education","教育技术","education-3","direction-case","教育技术研究档案：教学任务、学生作答与撤去帮助后的新题；相关领域文献对“学习任务、课堂实施与能力评价”的用语与记录方式；任务目标、辅助条件和延迟表现。需对照的具体条目：工具版本、使用任务与适用承诺","表现与学习","当场完成可受辅助影响，撤去帮助后的迁移才回答另一类问题。","false"
"sports-1","sports","运动生理","sports-1","direction-case","运动生理研究档案：训练暴露、动作表现与疲劳状态；训练暴露、恢复阶段和任务表现；不同层次的读数、背景条件和相反趋势。需对照的具体条目：训练暴露、恢复阶段与测试熟悉","训练与测试","测试进步可能含熟悉效应，训练效果需要暴露与恢复背景。 动作改善可能来自学习、训练适应或测试条件改变。","false"
"sports-2","sports","运动训练","sports-2","direction-case","运动训练研究档案：训练暴露、动作表现与疲劳状态；训练暴露、恢复阶段和任务表现。需对照的具体条目：训练暴露、恢复阶段与测试熟悉","训练与测试","测试进步可能含熟悉效应，训练效果需要暴露与恢复背景。 动作改善可能来自学习、训练适应或测试条件改变。","false"
"sports-3","sports","运动心理","sports-3","direction-case","运动心理研究档案：训练暴露、动作表现与疲劳状态；任务版本、构念定义和状态条件；训练暴露、恢复阶段和任务表现。需对照的具体条目：任务版本、状态条件与构念定义；训练暴露、恢复阶段与测试熟悉","分数与构念 / 训练与测试","任务分数并不直接等于完整心理构念，状态也可改变表现。 测试进步可能含熟悉效应，训练效果需要暴露与恢复背景。 动作改善可能来自学习、训练适应或测试条件改变。","false"
"psychology-1","psychology","认知心理","psychology-1","direction-case","认知心理研究档案：任务反应、量表项目与构念定义；任务版本、构念定义和状态条件。需对照的具体条目：任务版本、状态条件与构念定义；任务难度、注意条件与策略选择","分数与构念","任务分数并不直接等于完整心理构念，状态也可改变表现。 单一行为或总分不能完整等同心理构念。","false"
"psychology-2","psychology","社会心理","psychology-2","direction-case","社会心理研究档案：任务反应、量表项目与构念定义；对象进入、角色关系和机会结构；任务版本、构念定义和状态条件。需对照的具体条目：任务版本、状态条件与构念定义","个体与结构 / 分数与构念","个体选择受可得机会限制，观察到的行为不能仅归因于偏好。 任务分数并不直接等于完整心理构念，状态也可改变表现。 单一行为或总分不能完整等同心理构念。","false"
"psychology-3","psychology","心理测量","psychology-3","direction-case","心理测量研究档案：任务反应、量表项目与构念定义；任务版本、构念定义和状态条件；参考依据、重复读数和误差分项。需对照的具体条目：任务版本、状态条件与构念定义","分数与构念","任务分数并不直接等于完整心理构念，状态也可改变表现。 单一行为或总分不能完整等同心理构念。","false"
"languages-1","languages","语言学","languages-1","direction-case","语言学研究档案：语料实例、语言背景与交际任务；发音或语境片段、形式对照和说话者背景。需对照语言结构与使用中的定义、对象索引与适用条件","形式与功能","相同形式在不同语境可实现不同交际功能。 语法形式、实际使用和交际意图需要分别对应。","false"
"languages-2","languages","翻译研究","languages-2","direction-case","翻译研究研究档案：语料实例、语言背景与交际任务；原文版本、目的读者和译法取舍。需对照的具体条目：原文版本、读者任务与译法取舍","对等与目的","字面对应未必实现目标情境中的功能对等。 语法形式、实际使用和交际意图需要分别对应。","false"
"languages-3","languages","第二语言习得","languages-3","direction-case","第二语言习得研究档案：语料实例、语言背景与交际任务；任务目标、辅助条件和延迟表现；发音或语境片段、形式对照和说话者背景。需对照语言结构与使用中的定义、对象索引与适用条件","表现与学习 / 形式与功能","当场完成可受辅助影响，撤去帮助后的迁移才回答另一类问题。 相同形式在不同语境可实现不同交际功能。 语法形式、实际使用和交际意图需要分别对应。","false"
"journalism-1","journalism","新闻研究","journalism-1","direction-case","新闻研究研究档案：报道版本、传播路径与受众接触；生产记录、传播路径和接触机会。需对照的具体条目：来源核实、采访位置与编辑取舍","接触与影响","看过材料不等于改变了态度，平台可见记录不代表全体受众。 内容发布、受众接触和态度变化不是同一结果。","false"
"journalism-2","journalism","传播与媒介","journalism-2","direction-case","传播与媒介研究档案：报道版本、传播路径与受众接触；生产记录、传播路径和接触机会。需对照的具体条目：信息入口、转述链与接触分母；媒介形式、生产条件与可见性规则","接触与影响","看过材料不等于改变了态度，平台可见记录不代表全体受众。 内容发布、受众接触和态度变化不是同一结果。","false"
"journalism-3","journalism","计算传播","journalism-3","direction-case","计算传播研究档案：报道版本、传播路径与受众接触；生产记录、传播路径和接触机会。需对照的具体条目：信息入口、转述链与接触分母；平台取样、传播网络与文本标签误差","接触与影响","看过材料不等于改变了态度，平台可见记录不代表全体受众。 内容发布、受众接触和态度变化不是同一结果。","false"
"history-1","history","社会与文化史","history-1","concept","社团名册、私人书信与地方报刊","社会类别与历史语境","当时使用的身份词与今日分类可能不同；应先理解语境，再建立比较口径。","false"
"history-2","history","历史地理","history-2","direction-case","历史地理研究档案：同时代记载与后期整理本的年代对照；相关领域文献对“同期文书、后出叙事与形成时间”的用语与记录方式；年代、出处和同时代对照；同时代资料、后期整理和出处链。需对照的具体条目：历史地名、时代边界与空间定位依据","当时与后来 / 记录与过去实践","后来形成的分类不能直接替代行动者当时使用的概念。 留存资料受保存及整理选择影响，不是过去实践的完整镜像。","false"
"history-3","history","考古与物质文化","history-3","direction-case","考古与物质文化研究档案：同期文书、后出叙事与形成时间；出土位置、地层关系和形成过程。需对照的具体条目：层位关系、形成过程与出土位置；实践语境、符号用法与传承位置","埋藏与使用","同层出土不自动意味着同时使用，后期扰动也会混合材料。 史料记录与事件之间的距离本身是解释的一部分。","false"
"earth-1","earth","自然地理","earth-1","direction-case","自然地理研究档案：站点观测、地层关系与时间尺度；坐标基准、空间支持和分类边界；坐标基准、空间单元和不同尺度的对照。需对照的具体条目：地表过程、尺度范围与环境边界","位置与尺度","聚合尺度与分类边界会改变空间关系，不能只比较图色。 局地短时观测不能直接代表区域长期过程。","false"
"earth-2","earth","地质与地球物理","earth-2","direction-case","地质与地球物理研究档案：站点观测、地层关系与时间尺度；空间位置、形成序列和多解解释。需对照地球过程与空间时间尺度中的定义、对象索引与适用条件","反演与唯一性","同一观测可能对应多个地下结构，需要说明约束。 局地短时观测不能直接代表区域长期过程。","false"
"earth-3","earth","气象与气候","earth-3","direction-case","气象与气候研究档案：站点观测、地层关系与时间尺度；基准时期、空间范围和异常序列。需对照的具体条目：基准时期、空间覆盖与异常序列；站点位置、观测时次与天气过程","天气与气候","短时异常与长期气候变化不是同一时间尺度的命题。 局地短时观测不能直接代表区域长期过程。","false"
"environment-1","environment","生态学","environment-1","direction-case","生态学研究档案：生物群落、环境暴露与空间覆盖；种群数量、群落组成和观测努力。需对照生态过程与环境压力中的定义、对象索引与适用条件","出现与检测","未观察到不等于不存在，调查努力会改变检出。 环境变化与生态响应可能有滞后并受空间尺度影响。","false"
"environment-2","environment","环境科学","environment-2","direction-case","环境科学研究档案：生物群落、环境暴露与空间覆盖；来源、迁移途径和受影响对象。需对照生态过程与环境压力中的定义、对象索引与适用条件","来源与负担","排放减少与受影响对象负担减少需要通过路径联系。 环境变化与生态响应可能有滞后并受空间尺度影响。","false"
"environment-3","environment","环境治理","environment-3","direction-case","环境治理研究档案：生物群落、环境暴露与空间覆盖；来源、迁移途径和受影响对象；正式文本、执行条件与被排除的对象。需对照的具体条目：规则来源、执行条件与行动者立场","来源与负担","排放减少与受影响对象负担减少需要通过路径联系。 环境变化与生态响应可能有滞后并受空间尺度影响。","false"
"electrical-1","electrical","电子与传感","electrical-1","direction-case","电子与传感研究档案：电路响应、信号频谱与器件工作状态；参考量、校准曲线和不确定性分项；参考依据、重复读数和误差分项。需对照的具体条目：传感器响应、漂移与参考量","精密与准确","重复读数接近说明精密性，不能排除系统偏差。 器件单项性能不等于完整系统在全部工况下可靠。","false"
"electrical-2","electrical","信号处理","electrical-2","direction-case","信号处理研究档案：电路响应、信号频谱与器件工作状态；采样条件、频谱结构和噪声假设。需对照电子信号与器件系统中的定义、对象索引与适用条件","信号与处理","处理后图形更平滑不等于真实信息更多。 器件单项性能不等于完整系统在全部工况下可靠。","false"
"electrical-3","electrical","通信与网络","electrical-3","direction-case","通信与网络研究档案：电路响应、信号频谱与器件工作状态；节点口径、边含义和缺失连接；采样条件、频谱结构和噪声假设。需对照的具体条目：链路条件、带宽与误码判据","关系与记录 / 信号与处理","没有记录到连接不等于不存在关系，边的定义影响结构。 处理后图形更平滑不等于真实信息更多。 器件单项性能不等于完整系统在全部工况下可靠。","false"
"mechanical-1","mechanical","机械设计","mechanical-1","direction-case","机械设计研究档案：载荷历史、构件变形与运动轨迹；设计任务、迭代版本和使用者反馈；任务路径、迭代版本和错误恢复记录。需对照的具体条目：载荷路径、连接间隙与服役状态","意图与理解","设计者希望表达的含义不等于使用者实际理解。 静态性能与动态过程不同，连接及载荷历史会改变表现。","false"
"mechanical-2","mechanical","制造与工艺","mechanical-2","direction-case","制造与工艺研究档案：载荷历史、构件变形与运动轨迹；批次、过程窗口和成品质量分布。需对照载荷、运动与构件中的定义、对象索引与适用条件","平均与一致性","平均质量合格不保证每批都合格或过程稳定。 静态性能与动态过程不同，连接及载荷历史会改变表现。","false"
"mechanical-3","mechanical","控制与机器人","mechanical-3","concept","闭环框图、传感反馈与扰动响应曲线","开环精度与闭环稳定","单独部件输出准确不等于反馈连接后稳定；延迟和增益会改变系统响应。","false"
"civil-1","civil","结构工程","civil-1","concept","荷载组合、构件变形与连接节点描述","强度与刚度","构件未破坏不代表变形满足使用要求；连接条件还会改变整体受力路径。","false"
"civil-2","civil","交通与城市","civil-2","direction-case","交通与城市研究档案：荷载路径、场地条件与设施使用；出行链、等待时间和可达机会。需对照的具体条目：完整出行链、等待与目的地机会；进入机会、空间路径与地方制度","速度与可达性","平均速度提高不保证更多人能到达需要的服务。 局部构件满足要求不自动保证体系和使用状态符合目标。","false"
"civil-3","civil","建筑与环境","civil-3","direction-case","建筑与环境研究档案：荷载路径、场地条件与设施使用；空间使用、环境条件和使用者路径；来源、迁移途径和受影响对象。需对照的具体条目：空间使用、热环境与使用者路径","设计与实际使用 / 来源与负担","图纸目标不能代替建成空间中不同使用者的体验。 排放减少与受影响对象负担减少需要通过路径联系。 局部构件满足要求不自动保证体系和使用状态符合目标。","false"
"energy-1","energy","热能与动力","energy-1","direction-case","热能与动力研究档案：能量收支、转换效率与负荷时间；初值集合、时间轨迹和稳定性定义；系统边界、状态变量和交换项。需对照能量转换与系统边界中的定义、对象索引与适用条件","局部与全局 / 状态与过程","一条轨道的表现不能独立证明所有初值的稳定性。 状态量与过程量不同，讨论能量必须交代系统边界。 部件效率与系统净收益不同，边界改变会影响评价。","false"
"energy-2","energy","电力与储能","energy-2","direction-case","电力与储能研究档案：能量收支、转换效率与负荷时间；能量边界、时间负荷和系统服务。需对照的具体条目：负荷时序、网络限制与供电服务；充放电历程、退化与可用容量","效率与系统收益","部件效率高不保证系统全年收益更高。 部件效率与系统净收益不同，边界改变会影响评价。","false"
"energy-3","energy","能源与环境","energy-3","direction-case","能源与环境研究档案：能量收支、转换效率与负荷时间；能量边界、时间负荷和系统服务；来源、迁移途径和受影响对象；计量单位、时间窗口和未计入的投入。需对照能量转换与系统边界中的定义、对象索引与适用条件","效率与系统收益 / 来源与负担","部件效率高不保证系统全年收益更高。 排放减少与受影响对象负担减少需要通过路径联系。 部件效率与系统净收益不同，边界改变会影响评价。","false"
"aerospace-1","aerospace","飞行器设计","aerospace-1","direction-case","飞行器设计研究档案：公开载荷模型、轨迹条件与环境假设；出行链、等待时间和可达机会；设计任务、迭代版本和使用者反馈；任务路径、迭代版本和错误恢复记录。需对照飞行环境与任务约束中的定义、对象索引与适用条件","速度与可达性 / 意图与理解","平均速度提高不保证更多人能到达需要的服务。 设计者希望表达的含义不等于使用者实际理解。 任务表现依赖环境与资源约束，单一工况成功不代表全部任务。","false"
"aerospace-2","aerospace","导航与控制","aerospace-2","direction-case","导航与控制研究档案：公开载荷模型、轨迹条件与环境假设；输入扰动、反馈状态和响应轨迹。需对照飞行环境与任务约束中的定义、对象索引与适用条件","辨识与控制","拟合已有输入输出不保证闭环稳定或未见工况可靠。 任务表现依赖环境与资源约束，单一工况成功不代表全部任务。","false"
"aerospace-3","aerospace","空间任务与观测","aerospace-3","direction-case","空间任务与观测研究档案：公开载荷模型、轨迹条件与环境假设；观测选择、红移或距离估计和检出阈值；参考依据、重复读数和误差分项。需对照飞行环境与任务约束中的定义、对象索引与适用条件","检出与总体","检出的对象受亮度、时间和设备选择影响。 任务表现依赖环境与资源约束，单一工况成功不代表全部任务。","false"
"agriculture-1","agriculture","作物与栽培","agriculture-1","direction-case","作物与栽培研究档案：物候阶段、田块条件与收获记录；品种、环境和生育阶段记录。需对照的具体条目：种质来源、品种、田块位置与生育阶段","品种与环境互作","一个环境的优势可能在另一个环境改变，阶段也影响比较。 产量形成跨越多个阶段，品种表现会随环境改变。","false"
"agriculture-2","agriculture","土壤与资源","agriculture-2","direction-case","土壤与资源研究档案：物候阶段、田块条件与收获记录；采样深度、容重和空间位置；计量单位、时间窗口和未计入的投入。需对照的具体条目：采样层厚、容重与有机质分布","浓度与存量","相同浓度在不同容重和厚度下不代表相同存量。 产量形成跨越多个阶段，品种表现会随环境改变。","false"
"agriculture-3","agriculture","林业与生态","agriculture-3","direction-case","林业与生态研究档案：物候阶段、田块条件与收获记录；种群数量、群落组成和观测努力；生境条件、调查覆盖和管理历程。需对照的具体条目：林分阶段、更新个体与调查覆盖","出现与检测 / 管理与状态","未观察到不等于不存在，调查努力会改变检出。 管理投入和生态或生产状态不同，观察覆盖也影响变化判断。 产量形成跨越多个阶段，品种表现会随环境改变。","false"
"veterinary-1","veterinary","动物生理","veterinary-1","direction-case","动物生理研究档案：动物个体、饲养群组与健康历程；种群数量、群落组成和观测努力；细胞组成、功能层次和独立来源；不同层次的读数、背景条件和相反趋势。需对照动物健康与饲养环境中的定义、对象索引与适用条件","出现与检测 / 组成与状态","未观察到不等于不存在，调查努力会改变检出。 群体差异可能来自组成与单元状态两方面，技术重复不是独立对象。 个体观察同时受群养环境影响，群内动物并非完全独立。","false"
"veterinary-2","veterinary","动物健康","veterinary-2","direction-case","动物健康研究档案：动物个体、饲养群组与健康历程；种群数量、群落组成和观测努力；个体状态、群体管理和可观察行为。需对照动物健康与饲养环境中的定义、对象索引与适用条件","出现与检测 / 生产与福利","未观察到不等于不存在，调查努力会改变检出。 生产指标不能独立代表福利，行为要结合环境解释。 个体观察同时受群养环境影响，群内动物并非完全独立。","false"
"veterinary-3","veterinary","行为与福利","veterinary-3","direction-case","行为与福利研究档案：动物个体、饲养群组与健康历程；个体状态、群体管理和可观察行为。需对照动物健康与饲养环境中的定义、对象索引与适用条件","生产与福利","生产指标不能独立代表福利，行为要结合环境解释。 个体观察同时受群养环境影响，群内动物并非完全独立。","false"
"food-1","food","食品科学","food-1","direction-case","食品科学研究档案：成分、加工变化与感官或膳食记录；组成、摄入及整体模式的分别记录；成分、实际摄入和感官任务条件。需对照的具体条目：批次组成、储存条件与感官任务","组成与实际摄入 / 品质与接受","成分丰富不代表摄入足够，实际摄入又不等于长期健康结果。 成分或仪器指标不能完整代替实际摄入和感官接受。 食品组成、感官体验与长期营养结果是不同评价层次。","false"
"food-2","food","营养研究","food-2","direction-case","营养研究研究档案：成分、加工变化与感官或膳食记录；组成、摄入及整体模式的分别记录；成分、实际摄入和感官任务条件；计量单位、时间窗口和未计入的投入。需对照食品性质与食用情境中的定义、对象索引与适用条件","组成与实际摄入 / 品质与接受","成分丰富不代表摄入足够，实际摄入又不等于长期健康结果。 成分或仪器指标不能完整代替实际摄入和感官接受。 食品组成、感官体验与长期营养结果是不同评价层次。","false"
"food-3","food","食品安全与管理","food-3","direction-case","食品安全与管理研究档案：成分、加工变化与感官或膳食记录；组成、摄入及整体模式的分别记录；成分、实际摄入和感官任务条件；正式文本、执行条件与被排除的对象。需对照的具体条目：批次组成、储存条件与感官任务；公开信号、相互解释与承诺兑现","组成与实际摄入 / 品质与接受","成分丰富不代表摄入足够，实际摄入又不等于长期健康结果。 成分或仪器指标不能完整代替实际摄入和感官接受。 食品组成、感官体验与长期营养结果是不同评价层次。","false"
"pharmacy-1","pharmacy","药理学基础与作用机制","pharmacy-1","case","受体或靶点证据、功能反应和暴露资料","暴露与作用 / 模型与人体","记录暴露或传统使用不自动证明药效或临床获益。 模型中的作用、计算评分和患者获益是不同证据层次。 靶点、功能、暴露和临床获益各需相应证据。","false"
"pharmacy-2","pharmacy","药物分析","pharmacy-2","case","校准、基质影响、稳定性与定量记录","暴露与作用","记录暴露或传统使用不自动证明药效或临床获益。 靶点、功能、暴露和临床获益各需相应证据。","false"
"pharmacy-3","pharmacy","药事与使用研究","pharmacy-3","case","处方流程、药品可及性与服务记录","制剂与使用","制剂表现、实际暴露和患者使用是不同层次的对象。 靶点、功能、暴露和临床获益各需相应证据。","false"
"nursing-1","nursing","护理实践研究","nursing-1","concept","照护计划、实施记录与患者自述","安排、执行与体验","护理计划写明某项措施，不代表已实施；实施完成也不自动证明患者体验改善。","false"
"nursing-2","nursing","护理教育","nursing-2","direction-case","护理教育研究档案：教学任务、学生作答与撤去帮助后的新题；相关领域文献对“照护过程、交接记录与患者自述”的用语与记录方式；任务目标、辅助条件和延迟表现。需对照的具体条目：实施时间线、交接信息与本人报告","表现与学习","当场完成可受辅助影响，撤去帮助后的迁移才回答另一类问题。","false"
"nursing-3","nursing","社区与公共健康","nursing-3","direction-case","社区与公共健康研究档案：照护过程、交接记录与患者自述；目标比较、资料进入和记录变化。需对照的具体条目：进入机会、空间路径与地方制度","健康与记录","记录量改变可能来自检测或服务，不能独立证明健康改变。 计划、实施和患者体验不能以登记完成来相互替代。","false"
"management-1","management","组织与行为","management-1","concept","团队分工、匿名反馈与成员离职记录","心理安全与低要求","敢于提出问题并不等于不要求质量；支持发言可以与严格核对工作并存。","false"
"management-2","management","会计与财务","management-2","concept","收入确认依据、合同履行与现金流量记录","收入与现金流","确认收入与收到现金可能不在同一时期；金额增加也可能来自确认口径改变。","false"
"management-3","management","运营与管理科学","management-3","direction-case","运营与管理科学研究档案：分工流程、资源使用与绩效口径；决策责任、执行资源和反馈循环；到达率、处理能力和波动时段；正式文本、执行条件与被排除的对象。需对照的具体条目：到达波动、处理能力与积压","目标与执行 / 平均与波动","宣布目标不意味着资源、激励及执行条件已到位。 平均供需相等仍可能有等待，波动和容量约束很重要。 局部指标改善可能转移负担，需检查整体目标。","false"
"publicadmin-1","publicadmin","公共政策","publicadmin-1","direction-case","公共政策研究档案：政策条文、执行层次与受益记录；公开文件、责任分配和资源约束；正式文本、执行条件与被排除的对象。需对照的具体条目：文本目标、执行资源与受影响范围","公开记录与实践","公开记录受可披露性与编写目的影响，不等于全部实践。 政策目标不是实施事实，平均表现会掩盖不同人群的可及性。","false"
"publicadmin-2","publicadmin","公共服务","publicadmin-2","direction-case","公共服务研究档案：政策条文、执行层次与受益记录；需求、服务资格和未进入服务者。需对照公共服务与制度执行中的定义、对象索引与适用条件","使用与需求","服务使用量受供给和资格影响，不能单独表示需求。 政策目标不是实施事实，平均表现会掩盖不同人群的可及性。","false"
"publicadmin-3","publicadmin","资源与应急管理","publicadmin-3","direction-case","资源与应急管理研究档案：政策条文、执行层次与受益记录；决策责任、执行资源和反馈循环；公开文件、责任分配和资源约束；正式文本、执行条件与被排除的对象。需对照公共服务与制度执行中的定义、对象索引与适用条件","目标与执行 / 公开记录与实践","宣布目标不意味着资源、激励及执行条件已到位。 公开记录受可披露性与编写目的影响，不等于全部实践。 政策目标不是实施事实，平均表现会掩盖不同人群的可及性。","false"
"music-1","music","音乐与表演","music-1","direction-case","音乐与表演研究档案：谱本版本、声部关系与演出场次；谱本、声音记录和表演条件；排演文本、身体动作和观众位置；谱本或排演文本、演出记录和现场条件。需对照的具体条目：谱本、演奏选择与声学条件；排演文本、行动选择与观众位置","谱本与实践 / 文本与演出","谱本不完整规定演奏，录音还包含声学和制作因素。 文本未完整规定舞台行动，演出也会改变文本理解。 谱面、演奏处理和听觉接受需要分别解释。","false"
"music-2","music","戏剧与影视","music-2","direction-case","戏剧与影视研究档案：谱本版本、声部关系与演出场次；镜头顺序、声画关系和版本差异；排演文本、身体动作和观众位置。需对照的具体条目：镜头顺序、声画关系与发行版本；排演文本、行动选择与观众位置","镜头与叙事 / 文本与演出","单镜头内容不能完整说明剪辑后产生的叙事关系。 文本未完整规定舞台行动，演出也会改变文本理解。 谱面、演奏处理和听觉接受需要分别解释。","false"
"music-3","music","声音与媒介技术","music-3","direction-case","声音与媒介技术研究档案：谱本版本、声部关系与演出场次；生产记录、传播路径和接触机会；谱本、声音记录和表演条件。需对照的具体条目：工具版本、使用任务与适用承诺；媒介形式、生产条件与可见性规则","接触与影响 / 谱本与实践","看过材料不等于改变了态度，平台可见记录不代表全体受众。 谱本不完整规定演奏，录音还包含声学和制作因素。 谱面、演奏处理和听觉接受需要分别解释。","false"
"military-1","military","战略与国际安全","military-1","concept","公开战略文件、政策表态与行动时间线","意图、能力与信号","公开表态既可能说明目标，也可能服务于受众与谈判；不能直接等同实际能力或行动计划。","false"
"military-2","military","军事历史","military-2","concept","公开战史、回忆录与档案形成时间","事后评价与当时信息","后来知道的结果不等于决策者当时掌握的信息；解释决策需恢复可见的选择与限制。","false"
"military-3","military","组织与保障","military-3","direction-case","组织与保障研究档案：公开政策、历史叙事与资源制度；公开文件、责任分配和资源约束；正式文本、执行条件与被排除的对象。需对照的具体条目：需求清单、交付节点与资源占用；角色分工、资源联系与实际协调","公开记录与实践","公开记录受可披露性与编写目的影响，不等于全部实践。 公开表态与能力、意图不同，史料不能覆盖隐秘决策。","false"
"interdisciplinary-1","interdisciplinary","共同问题设计","interdisciplinary-1","concept","共同问题说明、术语表与分工协议","共同对象与共同问题","研究同一对象不代表在回答同一问题；需要明确各学科贡献怎样进入一个可判断的目标。","false"
"interdisciplinary-2","interdisciplinary","跨学科方法","interdisciplinary-2","direction-case","跨学科方法研究档案：两侧研究对象、术语含义与证据接口；双方术语、共同对象和验证分工；各方定义、资料来源和桥接规则。需对照的具体条目：输入要求、适用前提与方法失败条件","共同问题与拼接方法","并列两套方法不是交叉研究，需要可以共同检验的问题。 并列使用方法不是整合，须明确证据怎样回答同一问题。","false"
"interdisciplinary-3","interdisciplinary","跨学科应用","interdisciplinary-3","direction-case","跨学科应用研究档案：两侧研究对象、术语含义与证据接口；双方术语、共同对象和验证分工；各方定义、资料来源和桥接规则。需对照的具体条目：使用任务、落地条件与实际反馈","共同问题与拼接方法","并列两套方法不是交叉研究，需要可以共同检验的问题。 并列使用方法不是整合，须明确证据怎样回答同一问题。","false"
"statistics-1","statistics","统计推断","statistics-1","direction-case","统计推断研究档案：独立单位、抽样过程与估计不确定性；随机变量、条件事件和分布假设。需对照的具体条目：独立单位、目标量与抽样机制","条件与边际","分层后的关系可以与总体关系不同，必须说明条件。 估计含义由目标和设计决定，样本大不能代替正确独立单位。","false"
"statistics-2","statistics","统计学习","statistics-2","direction-case","统计学习研究档案：独立单位、抽样过程与估计不确定性；随机变量、条件事件和分布假设；任务目标、辅助条件和延迟表现。需对照的具体条目：目标任务、辅助条件与延迟迁移；来源划分、目标变量与评估基线","条件与边际 / 表现与学习","分层后的关系可以与总体关系不同，必须说明条件。 当场完成可受辅助影响，撤去帮助后的迁移才回答另一类问题。 估计含义由目标和设计决定，样本大不能代替正确独立单位。","false"
"statistics-3","statistics","空间与时间统计","statistics-3","direction-case","空间与时间统计研究档案：独立单位、抽样过程与估计不确定性；随机变量、条件事件和分布假设；地理单元、时期边界和地方制度；坐标基准、空间单元和不同尺度的对照。需对照估计目标与抽样中的定义、对象索引与适用条件","条件与边际 / 同名与可比","分层后的关系可以与总体关系不同，必须说明条件。 同名指标可在不同地区有不同含义，需保留制度语境。 估计含义由目标和设计决定，样本大不能代替正确独立单位。","false"
"astronomy-1","astronomy","恒星与星系","astronomy-1","direction-case","恒星与星系研究档案：光谱、亮度时序与望远镜覆盖；观测选择、红移或距离估计和检出阈值。需对照的具体条目：光度选择、红移或距离与分类口径","检出与总体","检出的对象受亮度、时间和设备选择影响。 观测目录会受亮度阈值和观测窗口选择影响。","false"
"astronomy-2","astronomy","宇宙学","astronomy-2","direction-case","宇宙学研究档案：光谱、亮度时序与望远镜覆盖；观测选择、红移或距离估计和检出阈值。需对照的具体条目：模型参数、观测约束与宇宙时期","检出与总体","检出的对象受亮度、时间和设备选择影响。 观测目录会受亮度阈值和观测窗口选择影响。","false"
"astronomy-3","astronomy","时域与观测技术","astronomy-3","direction-case","时域与观测技术研究档案：光谱、亮度时序与望远镜覆盖；观测时窗、响应条件和目标任务；参考依据、重复读数和误差分项。需对照的具体条目：工具版本、使用任务与适用承诺","观察与任务","观测读数的改善不能独立代替目标任务的有效完成。 观测目录会受亮度阈值和观测窗口选择影响。","false"
"sociology-1","sociology","社会分层","sociology-1","direction-case","社会分层研究档案：社会类别、关系网络与制度情境；对象进入、角色关系和机会结构。需对照的具体条目：分层口径、流动机会与组内差异","个体与结构","个体选择受可得机会限制，观察到的行为不能仅归因于偏好。 群体差异并不自动说明个体行为机制。","false"
"sociology-2","sociology","组织与网络","sociology-2","direction-case","组织与网络研究档案：社会类别、关系网络与制度情境；节点口径、边含义和缺失连接；对象进入、角色关系和机会结构；正式文本、执行条件与被排除的对象。需对照的具体条目：角色分工、资源联系与实际协调","关系与记录 / 个体与结构","没有记录到连接不等于不存在关系，边的定义影响结构。 个体选择受可得机会限制，观察到的行为不能仅归因于偏好。 群体差异并不自动说明个体行为机制。","false"
"sociology-3","sociology","城市与社区","sociology-3","direction-case","城市与社区研究档案：社会类别、关系网络与制度情境；对象进入、角色关系和机会结构；地理单元、时期边界和地方制度。需对照的具体条目：进入机会、空间路径与地方制度","个体与结构 / 同名与可比","个体选择受可得机会限制，观察到的行为不能仅归因于偏好。 同名指标可在不同地区有不同含义，需保留制度语境。 群体差异并不自动说明个体行为机制。","false"
"anthropology-1","anthropology","文化人类学","anthropology-1","direction-case","文化人类学研究档案：逐轮对话、在场关系和沉默位置；相关领域文献对“地方分类、访谈语境与参与关系”的用语与记录方式；交往位置、叙述轮次和观察情境。需对照的具体条目：实践语境、符号用法与传承位置","叙述与情境","相同问题在不同关系中可获得不同回答，差异不是天然的矛盾。","false"
"anthropology-2","anthropology","社会人类学","anthropology-2","direction-case","社会人类学研究档案：逐轮对话、在场关系和沉默位置；相关领域文献对“地方分类、访谈语境与参与关系”的用语与记录方式；交往位置、叙述轮次和观察情境。需对照的具体条目：关系角色、交往顺序与社会实践","叙述与情境","相同问题在不同关系中可获得不同回答，差异不是天然的矛盾。","false"
"anthropology-3","anthropology","环境与技术人类学","anthropology-3","direction-case","环境与技术人类学研究档案：逐轮对话、在场关系和沉默位置；相关领域文献对“地方分类、访谈语境与参与关系”的用语与记录方式；交往位置、叙述轮次和观察情境。需对照的具体条目：工具版本、使用任务与适用承诺","叙述与情境","相同问题在不同关系中可获得不同回答，差异不是天然的矛盾。","false"
"archaeology-1","archaeology","田野考古","archaeology-1","direction-case","田野考古研究档案：逐轮对话、在场关系和沉默位置；相关领域文献对“出土位置、地层堆积与器物组合”的用语与记录方式；交往位置、叙述轮次和观察情境。需对照的具体条目：层位关系、形成过程与出土位置","叙述与情境","相同问题在不同关系中可获得不同回答，差异不是天然的矛盾。","false"
"archaeology-2","archaeology","科技考古","archaeology-2","direction-case","科技考古研究档案：出土位置、地层堆积与器物组合；出土位置、地层关系和形成过程。需对照的具体条目：层位关系、形成过程与出土位置；仪器记录、研究制度与知识传播；测量来源、材质信息与年代对应","埋藏与使用","同层出土不自动意味着同时使用，后期扰动也会混合材料。 物品年代、堆积时间和发现位置可能不同。","false"
"archaeology-3","archaeology","公共与文化遗产","archaeology-3","direction-case","公共与文化遗产研究档案：出土位置、地层堆积与器物组合；来源链、材料状态和保存环境。需对照的具体条目：实践语境、符号用法与传承位置","来源与状态","外观改善不能证明来源可靠或长期保存稳定。 物品年代、堆积时间和发现位置可能不同。","false"
"geography-1","geography","空间分析与地理信息","geography-1","direction-case","空间分析与地理信息研究档案：空间边界、邻接关系与尺度转换；坐标基准、空间支持和分类边界；地理单元、时期边界和地方制度；坐标基准、空间单元和不同尺度的对照。需对照的具体条目：输入假设、测量或推导链与不确定性","位置与尺度 / 同名与可比","聚合尺度与分类边界会改变空间关系，不能只比较图色。 同名指标可在不同地区有不同含义，需保留制度语境。 划分单元改变可能改变统计关系，区域结果不直接代表个人。","false"
"geography-2","geography","人文地理","geography-2","direction-case","人文地理研究档案：空间边界、邻接关系与尺度转换；坐标基准、空间支持和分类边界；坐标基准、空间单元和不同尺度的对照。需对照的具体条目：地方经验、移动机会与空间制度","位置与尺度","聚合尺度与分类边界会改变空间关系，不能只比较图色。 划分单元改变可能改变统计关系，区域结果不直接代表个人。","false"
"geography-3","geography","自然地理","geography-3","direction-case","自然地理研究档案：空间边界、邻接关系与尺度转换；坐标基准、空间支持和分类边界；坐标基准、空间单元和不同尺度的对照。需对照的具体条目：地表过程、尺度范围与环境边界","位置与尺度","聚合尺度与分类边界会改变空间关系，不能只比较图色。 划分单元改变可能改变统计关系，区域结果不直接代表个人。","false"
"materials-1","materials","功能材料","materials-1","direction-case","功能材料研究档案：成分、微结构与载荷环境；结构分布、缺陷表征和性质条件；不同层次的读数、背景条件和相反趋势。需对照微结构与材料性能中的定义、对象索引与适用条件","结构与组成","相同名义组成可有不同结构分布，因此性质未必相同。 同成分材料可因结构、缺陷与工况具有不同性质。","false"
"materials-2","materials","软材料与界面","materials-2","direction-case","软材料与界面研究档案：成分、微结构与载荷环境；结构分布、缺陷表征和性质条件。需对照的具体条目：状态变化、界面响应与时间尺度","结构与组成","相同名义组成可有不同结构分布，因此性质未必相同。 同成分材料可因结构、缺陷与工况具有不同性质。","false"
"materials-3","materials","计算材料","materials-3","direction-case","计算材料研究档案：成分、微结构与载荷环境；结构分布、缺陷表征和性质条件；模型边界、参数来源和验证情境。需对照微结构与材料性能中的定义、对象索引与适用条件","结构与组成 / 拟合与检验","相同名义组成可有不同结构分布，因此性质未必相同。 校准资料不能同时充当完全独立的验证资料。 同成分材料可因结构、缺陷与工况具有不同性质。","false"
"automation-1","automation","控制理论","automation-1","direction-case","控制理论研究档案：闭环结构、状态观测与扰动响应；输入扰动、反馈状态和响应轨迹。需对照反馈、辨识与系统状态中的定义、对象索引与适用条件","辨识与控制","拟合已有输入输出不保证闭环稳定或未见工况可靠。 模型拟合与控制稳定是不同目标，时延会影响闭环。","false"
"automation-2","automation","机器人与感知","automation-2","direction-case","机器人与感知研究档案：闭环结构、状态观测与扰动响应；输入扰动、反馈状态和响应轨迹。需对照的具体条目：感知误差、控制任务与障碍情境","辨识与控制","拟合已有输入输出不保证闭环稳定或未见工况可靠。 模型拟合与控制稳定是不同目标，时延会影响闭环。","false"
"automation-3","automation","智能系统与协同","automation-3","direction-case","智能系统与协同研究档案：闭环结构、状态观测与扰动响应；节点口径、边含义和缺失连接；系统边界、反馈连接和尺度转换。需对照反馈、辨识与系统状态中的定义、对象索引与适用条件","关系与记录 / 局部与系统","没有记录到连接不等于不存在关系，边的定义影响结构。 局部部件的收益可能被反馈和协调成本改变。 模型拟合与控制稳定是不同目标，时延会影响闭环。","false"
"communications-1","communications","信息与编码","communications-1","direction-case","信息与编码研究档案：信道时序、编码配置与传输错误；采样条件、频谱结构和噪声假设；版本规则、对象索引和使用任务。需对照信道、编码与资源中的定义、对象索引与适用条件","信号与处理 / 记录与对象","处理后图形更平滑不等于真实信息更多。 记录格式一致不保证对象相同，版本变化必须追溯。 比较性能须保留带宽、功率和时变信道的条件。","false"
"communications-2","communications","无线与网络","communications-2","direction-case","无线与网络研究档案：信道时序、编码配置与传输错误；节点口径、边含义和缺失连接。需对照信道、编码与资源中的定义、对象索引与适用条件","关系与记录","没有记录到连接不等于不存在关系，边的定义影响结构。 比较性能须保留带宽、功率和时变信道的条件。","false"
"communications-3","communications","通信感知融合","communications-3","direction-case","通信感知融合研究档案：信道时序、编码配置与传输错误；采样条件、频谱结构和噪声假设。需对照的具体条目：链路条件、带宽与误码判据；支持需要、实际参与与环境障碍","信号与处理","处理后图形更平滑不等于真实信息更多。 比较性能须保留带宽、功率和时变信道的条件。","false"
"architecture-1","architecture","建筑设计","architecture-1","direction-case","建筑设计研究档案：空间图纸、使用路径与环境评价；空间使用、环境条件和使用者路径；设计任务、迭代版本和使用者反馈；任务路径、迭代版本和错误恢复记录。需对照的具体条目：空间使用、热环境与使用者路径","设计与实际使用 / 意图与理解","图纸目标不能代替建成空间中不同使用者的体验。 设计者希望表达的含义不等于使用者实际理解。 设计意图不等于实际使用，空间体验受人群与时间影响。","false"
"architecture-2","architecture","城乡规划","architecture-2","direction-case","城乡规划研究档案：空间图纸、使用路径与环境评价；可行域、目标权重和约束松弛；空间使用、环境条件和使用者路径。需对照空间设计与建筑使用中的定义、对象索引与适用条件","最优与可行 / 设计与实际使用","最优只针对给定目标及约束，不代表现实中所有需求都满足。 图纸目标不能代替建成空间中不同使用者的体验。 设计意图不等于实际使用，空间体验受人群与时间影响。","false"
"architecture-3","architecture","建筑技术与环境","architecture-3","direction-case","建筑技术与环境研究档案：空间图纸、使用路径与环境评价；空间使用、环境条件和使用者路径；来源、迁移途径和受影响对象。需对照的具体条目：空间使用、热环境与使用者路径；工具版本、使用任务与适用承诺","设计与实际使用 / 来源与负担","图纸目标不能代替建成空间中不同使用者的体验。 排放减少与受影响对象负担减少需要通过路径联系。 设计意图不等于实际使用，空间体验受人群与时间影响。","false"
"design-1","design","交互设计","design-1","direction-case","交互设计研究档案：原型版本、任务路径与失败反馈；任务完成、错误恢复和辅助条件；设计任务、迭代版本和使用者反馈；任务路径、迭代版本和错误恢复记录。需对照的具体条目：任务路径、辅助条件与错误恢复","完成与体验 / 意图与理解","完成率不能独立概括负担、可及性和错误恢复。 设计者希望表达的含义不等于使用者实际理解。 用户喜欢不等于能够完成任务，失败路径是设计证据。","false"
"design-2","design","服务设计","design-2","direction-case","服务设计研究档案：原型版本、任务路径与失败反馈；设计任务、迭代版本和使用者反馈；任务路径、迭代版本和错误恢复记录。需对照的具体条目：服务触点、交接责任与未完成路径","意图与理解","设计者希望表达的含义不等于使用者实际理解。 用户喜欢不等于能够完成任务，失败路径是设计证据。","false"
"design-3","design","视觉与信息设计","design-3","direction-case","视觉与信息设计研究档案：原型版本、任务路径与失败反馈；设计任务、迭代版本和使用者反馈；作品状态、观看位置和媒介条件；任务路径、迭代版本和错误恢复记录。需对照设计任务与使用反馈中的定义、对象索引与适用条件","意图与理解 / 形式与解释","设计者希望表达的含义不等于使用者实际理解。 相似视觉形式可承担不同意义，解释须联系作品与观看情境。 用户喜欢不等于能够完成任务，失败路径是设计证据。","false"
"publichealth-1","publichealth","流行病学","publichealth-1","direction-case","流行病学研究档案：群体分母、健康事件与服务可及性；目标人群、进入机制和暴露窗口。需对照的具体条目：目标人群、进入资料与风险分母","样本与目标人群","能进入资料的人不一定代表全部目标人群。 病例数量不等于发生率，服务覆盖不等于实际健康获益。","false"
"publichealth-2","publichealth","卫生政策与管理","publichealth-2","direction-case","卫生政策与管理研究档案：群体分母、健康事件与服务可及性；目标人群、进入机制和暴露窗口；正式文本、执行条件与被排除的对象。需对照的具体条目：文本目标、执行资源与受影响范围","样本与目标人群","能进入资料的人不一定代表全部目标人群。 病例数量不等于发生率，服务覆盖不等于实际健康获益。","false"
"publichealth-3","publichealth","环境与职业健康","publichealth-3","direction-case","环境与职业健康研究档案：群体分母、健康事件与服务可及性；目标人群、进入机制和暴露窗口。需对照的具体条目：进入退出、工时与收入分布","样本与目标人群","能进入资料的人不一定代表全部目标人群。 病例数量不等于发生率，服务覆盖不等于实际健康获益。","false"
"classic-4","classic","发育生物学","classic-4","concept","发育分期、形态描述与谱系观察","日龄与发育阶段","相同日龄不保证相同发育状态；按状态分期能减少把阶段错位解释为机制差异。","false"
"classic-5","classic","神经科学","classic-5","direction-case","神经科学研究档案：细胞状态、组织组成与独立来源；电生理、结构与任务表现的对应。需对照细胞与生命系统中的定义、对象索引与适用条件","结构与功能对应","相同结构表现可对应不同功能，任务和观察时点影响解释。 群体读数会受细胞组成和单细胞状态共同影响。","false"
"classic-6","classic","免疫研究","classic-6","direction-case","免疫研究研究档案：细胞状态、组织组成与独立来源；细胞组成、活化标志与组织状态。需对照细胞与生命系统中的定义、对象索引与适用条件","标志与功能","标志强度、细胞比例和功能响应不同，单项不能概括整个系统。 群体读数会受细胞组成和单细胞状态共同影响。","false"
"classic-7","classic","遗传学","classic-7","concept","家系关系、遗传变异与表型记录","共分离与致病解释","变异随表型在家系中出现提供线索，但还受家系规模、外显率和其他变异影响。","false"
"classic-8","classic","微生物与宿主","classic-8","direction-case","微生物与宿主研究档案：细胞状态、组织组成与独立来源；公开组成表、注释版本与绝对量边界；细胞组成、功能层次和独立来源。需对照细胞与生命系统中的定义、对象索引与适用条件","相对与绝对数量 / 组成与状态","相对丰度会上下联动，一个类别比例升高不证明绝对数量升高。 群体差异可能来自组成与单元状态两方面，技术重复不是独立对象。 群体读数会受细胞组成和单细胞状态共同影响。","false"
"classic-9","classic","生物信息学","classic-9","direction-case","生物信息学研究档案：细胞状态、组织组成与独立来源；细胞组成、功能层次和独立来源。需对照细胞与生命系统中的定义、对象索引与适用条件","组成与状态","群体差异可能来自组成与单元状态两方面，技术重复不是独立对象。 群体读数会受细胞组成和单细胞状态共同影响。","false"
"data-4","data","计算机视觉","data-4","direction-case","计算机视觉研究档案：任务输入、算法输出与运行条件；来源划分、简单基线和错误分布。需对照的具体条目：图像来源、标签口径与场景转移","拟合与泛化","开发资料上的高分不保证对未见来源的表现。 预测性能、运行可靠性和使用效果是不同评价目标。","false"
"data-5","data","自然语言处理","data-5","direction-case","自然语言处理研究档案：任务输入、算法输出与运行条件；来源划分、简单基线和错误分布。需对照的具体条目：文本来源、语境覆盖与语言差异","拟合与泛化","开发资料上的高分不保证对未见来源的表现。 预测性能、运行可靠性和使用效果是不同评价目标。","false"
"data-6","data","数据库与数据工程","data-6","concept","并发事务时间线、提交顺序与隔离设置","隔离级别与串行化异常","可重复读与可串行化并非同一保证；快照一致仍可能允许并发事务产生无法串行解释的结果。","false"
"data-7","data","计算机安全","data-7","direction-case","计算机安全研究档案：任务输入、算法输出与运行条件；责任边界、使用条件和资源约束。需对照的具体条目：公开信号、相互解释与承诺兑现","声明与保障","声明达标不保证条件持续满足，需要可检查的运行记录。 预测性能、运行可靠性和使用效果是不同评价目标。","false"
"data-8","data","分布式计算","data-8","concept","复制日志、消息延迟与故障恢复轨迹","一致性与可用性","网络分区下仍要求每次响应遵循同一强一致视图，会与始终响应的要求发生冲突。","false"
"data-9","data","因果与可信人工智能","data-9","direction-case","因果与可信人工智能研究档案：任务输入、算法输出与运行条件；来源划分、简单基线和错误分布；比较资格、干预前趋势和同期冲击。需对照的具体条目：目标比较、干预起点与选择机制；来源划分、模型错误与实际使用任务","拟合与泛化","开发资料上的高分不保证对未见来源的表现。 预测性能、运行可靠性和使用效果是不同评价目标。","false"
"theory-4","theory","代数与数论","theory-4","concept","群运算表、子群与映射核的实例","同态与同构","同态保留运算；同构还要求双射。核中的信息可能使不同元素具有相同像。","false"
"theory-5","theory","几何与拓扑","theory-5","direction-case","几何与拓扑研究档案：定义域、命题假设与证明步骤；定义域、必要假设和反例。需对照的具体条目：邻域、几何量与映射保持的性质","存在与全称","一个满足性质的实例不能证明所有对象满足性质。 命题的有效范围由定义和假设决定，而不是由算例数量决定。","false"
"theory-6","theory","计算数学","theory-6","concept","离散算子、网格误差与线性系统条件数","算法稳定性与问题条件性","条件性描述问题对输入扰动的敏感程度；稳定性描述计算过程引入误差的方式。","false"
"theory-7","theory","运筹学","theory-7","direction-case","运筹学研究档案：定义域、命题假设与证明步骤；可行域、目标权重和约束松弛。需对照的具体条目：决策变量、资源约束与最优性条件","最优与可行","最优只针对给定目标及约束，不代表现实中所有需求都满足。 命题的有效范围由定义和假设决定，而不是由算例数量决定。","false"
"theory-8","theory","动力系统","theory-8","direction-case","动力系统研究档案：定义域、命题假设与证明步骤；初值集合、时间轨迹和稳定性定义；系统边界、反馈连接和尺度转换。需对照的具体条目：相空间、初值集合与稳定性定义","局部与全局 / 局部与系统","一条轨道的表现不能独立证明所有初值的稳定性。 局部部件的收益可能被反馈和协调成本改变。 命题的有效范围由定义和假设决定，而不是由算例数量决定。","false"
"theory-9","theory","组合与图论","theory-9","direction-case","组合与图论研究档案：定义域、命题假设与证明步骤；节点口径、边含义和缺失连接。需对照的具体条目：有限结构、邻接关系与组合约束","关系与记录","没有记录到连接不等于不存在关系，边的定义影响结构。 命题的有效范围由定义和假设决定，而不是由算例数量决定。","false"
"field-4","field","劳动与组织调查","field-4","direction-case","劳动与组织调查研究档案：访谈轮次、参与观察与地方关系；对象进入、角色关系和机会结构；公开文件、责任分配和资源约束；正式文本、执行条件与被排除的对象。需对照的具体条目：进入退出、工时与收入分布；角色分工、资源联系与实际协调","个体与结构 / 公开记录与实践","个体选择受可得机会限制，观察到的行为不能仅归因于偏好。 公开记录受可披露性与编写目的影响，不等于全部实践。 访谈叙述发生于具体关系中，不能脱离研究者位置解释。","false"
"field-5","field","城市田野","field-5","direction-case","城市田野研究档案：逐轮对话、在场关系和沉默位置；相关领域文献对“访谈轮次、参与观察与地方关系”的用语与记录方式；交往位置、叙述轮次和观察情境。需对照的具体条目：进入机会、空间路径与地方制度","叙述与情境","相同问题在不同关系中可获得不同回答，差异不是天然的矛盾。","false"
"field-6","field","数字社会田野","field-6","direction-case","数字社会田野研究档案：逐轮对话、在场关系和沉默位置；相关领域文献对“访谈轮次、参与观察与地方关系”的用语与记录方式；交往位置、叙述轮次和观察情境。需对照的具体条目：编码规则、平台入口与不可见记录","叙述与情境","相同问题在不同关系中可获得不同回答，差异不是天然的矛盾。","false"
"field-7","field","迁移与流动","field-7","direction-case","迁移与流动研究档案：访谈轮次、参与观察与地方关系；对象进入、角色关系和机会结构；地理单元、时期边界和地方制度。需对照的具体条目：出发地、进入目的地与迁移选择","个体与结构 / 同名与可比","个体选择受可得机会限制，观察到的行为不能仅归因于偏好。 同名指标可在不同地区有不同含义，需保留制度语境。 访谈叙述发生于具体关系中，不能脱离研究者位置解释。","false"
"field-8","field","家庭与亲属研究","field-8","direction-case","家庭与亲属研究研究档案：访谈轮次、参与观察与地方关系；对象进入、角色关系和机会结构。需对照的具体条目：亲属角色、家务分担与资源流动","个体与结构","个体选择受可得机会限制，观察到的行为不能仅归因于偏好。 访谈叙述发生于具体关系中，不能脱离研究者位置解释。","false"
"field-9","field","民族志写作","field-9","direction-case","民族志写作研究档案：逐轮对话、在场关系和沉默位置；相关领域文献对“访谈轮次、参与观察与地方关系”的用语与记录方式；交往位置、叙述轮次和观察情境。需对照的具体条目：身份称谓、互动位置与传承实践","叙述与情境","相同问题在不同关系中可获得不同回答，差异不是天然的矛盾。","false"
"clinical-4","clinical","心血管研究","clinical-4","direction-case","心血管研究研究档案：入组资格、诊疗记录与结局时间；心脏负荷与功能的并列记录；测量条件、血流负荷和时段轨迹。需对照临床比较与患者历程中的定义、对象索引与适用条件","负荷依赖 / 时点与持续状态","功能读数可随前后负荷改变，不独立说明收缩机制。 单时点血压受测量与状态影响，不能完整代表长期负担。 临床记录的可得性不等于比较组具有相同的观察机会。","false"
"clinical-5","clinical","神经与精神研究","clinical-5","direction-case","神经与精神研究研究档案：入组资格、诊疗记录与结局时间；电生理、结构与任务表现的对应；状态时段、功能负担和报告来源。需对照临床比较与患者历程中的定义、对象索引与适用条件","结构与功能对应 / 症状与生活功能","相同结构表现可对应不同功能，任务和观察时点影响解释。 症状量表变化不等于所有生活功能恢复，报告来源也影响比较。 临床记录的可得性不等于比较组具有相同的观察机会。","false"
"clinical-6","clinical","肿瘤研究","clinical-6","direction-case","肿瘤研究研究档案：入组资格、诊疗记录与结局时间；病灶变化、分期与患者功能的对照。需对照的具体条目：分型、对象进入与患者结局窗口","病灶与患者结局","病灶指标变化与生存或生活功能是不同层次。 临床记录的可得性不等于比较组具有相同的观察机会。","false"
"clinical-7","clinical","感染与免疫相关研究","clinical-7","direction-case","感染与免疫相关研究研究档案：入组资格、诊疗记录与结局时间；细胞组成、活化标志与组织状态；诊断口径、暴露机会和服务路径。需对照的具体条目：判定口径、暴露机会与服务路径","标志与功能 / 记录与发生","标志强度、细胞比例和功能响应不同，单项不能概括整个系统。 检验或就诊机会改变会改变记录数量，不等于真实发生同步变化。 临床记录的可得性不等于比较组具有相同的观察机会。","false"
"clinical-8","clinical","康复研究","clinical-8","direction-case","康复研究研究档案：入组资格、诊疗记录与结局时间；测试能力、生活活动与环境支持。需对照临床比较与患者历程中的定义、对象索引与适用条件","能力与参与","受控任务中的能力与真实环境中的参与不同。 临床记录的可得性不等于比较组具有相同的观察机会。","false"
"clinical-9","clinical","临床信息研究","clinical-9","direction-case","临床信息研究研究档案：入组资格、诊疗记录与结局时间；版本规则、对象索引和使用任务。需对照临床比较与患者历程中的定义、对象索引与适用条件","记录与对象","记录格式一致不保证对象相同，版本变化必须追溯。 临床记录的可得性不等于比较组具有相同的观察机会。","false"
"physics-4","physics","粒子与核物理","physics-4","direction-case","粒子与核物理研究档案：物理量定义、测量响应与近似尺度；态定义、可观测量和测量条件。需对照的具体条目：事件选择、背景来源与观测量定义","态与观测","测量分布受态和测量设置共同决定，单次读数不能还原完整态。 观测量与理论量的对应需要测量模型和适用尺度。","false"
"physics-5","physics","统计物理","physics-5","direction-case","统计物理研究档案：物理量定义、测量响应与近似尺度；随机变量、条件事件和分布假设。需对照物理系统与观测量中的定义、对象索引与适用条件","条件与边际","分层后的关系可以与总体关系不同，必须说明条件。 观测量与理论量的对应需要测量模型和适用尺度。","false"
"physics-6","physics","原子与分子物理","physics-6","direction-case","原子与分子物理研究档案：物理量定义、测量响应与近似尺度；鉴定可靠性、分子丰度与功能资料；态定义、可观测量和测量条件；不同层次的读数、背景条件和相反趋势。需对照物理系统与观测量中的定义、对象索引与适用条件","丰度与过程 / 态与观测","丰度变化不自动代表功能、流量或作用方向变化。 测量分布受态和测量设置共同决定，单次读数不能还原完整态。 观测量与理论量的对应需要测量模型和适用尺度。","false"
"physics-7","physics","量子信息","physics-7","direction-case","量子信息研究档案：物理量定义、测量响应与近似尺度；态定义、可观测量和测量条件。需对照的具体条目：态与测量设置、信息任务与误差口径","态与观测","测量分布受态和测量设置共同决定，单次读数不能还原完整态。 观测量与理论量的对应需要测量模型和适用尺度。","false"
"physics-8","physics","等离子体与流体","physics-8","direction-case","等离子体与流体研究档案：物理量定义、测量响应与近似尺度；边界条件、守恒项和流动尺度。需对照物理系统与观测量中的定义、对象索引与适用条件","尺度与相似","外观相似的流动不一定具有相同无量纲条件。 观测量与理论量的对应需要测量模型和适用尺度。","false"
"physics-9","physics","计算与数据物理","physics-9","direction-case","计算与数据物理研究档案：物理量定义、测量响应与近似尺度；物理边界、观测响应和过程量。需对照的具体条目：来源划分、目标变量与评估基线","过程与读数","读数由过程和测量响应共同决定，需要明确边界。 观测量与理论量的对应需要测量模型和适用尺度。","false"
"chemistry-4","chemistry","有机化学","chemistry-4","direction-case","有机化学研究档案：成分谱、结构表征与条件依赖性质；物种指认、平衡条件和测量信号。需对照的具体条目：结构指认、异构体与组成纯度","指认与定量","能指认某成分不等于已准确测量其含量。 组成相同不保证结构、状态及性质相同。","false"
"chemistry-5","chemistry","无机化学","chemistry-5","direction-case","无机化学研究档案：成分谱、结构表征与条件依赖性质；物种指认、平衡条件和测量信号。需对照的具体条目：配位状态、物相与组成比例","指认与定量","能指认某成分不等于已准确测量其含量。 组成相同不保证结构、状态及性质相同。","false"
"chemistry-6","chemistry","理论与计算化学","chemistry-6","direction-case","理论与计算化学研究档案：成分谱、结构表征与条件依赖性质；物种指认、平衡条件和测量信号。需对照组成、结构与性质中的定义、对象索引与适用条件","指认与定量","能指认某成分不等于已准确测量其含量。 组成相同不保证结构、状态及性质相同。","false"
"chemistry-7","chemistry","电化学","chemistry-7","direction-case","电化学研究档案：成分谱、结构表征与条件依赖性质；系统边界、状态变量和交换项；物种指认、平衡条件和测量信号。需对照组成、结构与性质中的定义、对象索引与适用条件","状态与过程 / 指认与定量","状态量与过程量不同，讨论能量必须交代系统边界。 能指认某成分不等于已准确测量其含量。 组成相同不保证结构、状态及性质相同。","false"
"chemistry-8","chemistry","环境化学","chemistry-8","direction-case","环境化学研究档案：成分谱、结构表征与条件依赖性质；物种指认、平衡条件和测量信号；来源、迁移途径和受影响对象。需对照组成、结构与性质中的定义、对象索引与适用条件","指认与定量 / 来源与负担","能指认某成分不等于已准确测量其含量。 排放减少与受影响对象负担减少需要通过路径联系。 组成相同不保证结构、状态及性质相同。","false"
"chemistry-9","chemistry","化学生物学","chemistry-9","direction-case","化学生物学研究档案：成分谱、结构表征与条件依赖性质；物种指认、平衡条件和测量信号；细胞组成、功能层次和独立来源。需对照组成、结构与性质中的定义、对象索引与适用条件","指认与定量 / 组成与状态","能指认某成分不等于已准确测量其含量。 群体差异可能来自组成与单元状态两方面，技术重复不是独立对象。 组成相同不保证结构、状态及性质相同。","false"
"economics-4","economics","劳动经济","economics-4","concept","就业转移时间轴、工资口径与离职原因","劳动参与与样本选择","仅观察有工资的人，会遗漏未就业或退出劳动力市场者；就业变化能改变样本构成。","false"
"economics-5","economics","金融经济","economics-5","direction-case","金融经济研究档案：预算约束、选择记录与制度条件；选择集合、机会成本和价格条件；计量时点、现金流口径和风险条件；计量单位、时间窗口和未计入的投入。需对照的具体条目：计量时点、现金流与风险背景","观察选择与偏好 / 价值与现金流","选择变化可以来自约束或可得方案，不一定是偏好改变。 账面金额、市场价格和可实现现金流并不相同。 可见选择同时受偏好、约束和可获得方案影响。","false"
"economics-6","economics","产业组织","economics-6","concept","企业定价、市场边界与进入退出资料","市场界定与竞争","集中度描述某个界定市场的结构；市场边界变化就可能改变集中度和竞争解释。","false"
"economics-7","economics","国际贸易","economics-7","concept","两国劳动需求表与商品交换比例","比较优势","比较优势依赖相对机会成本；一国在所有产品上生产更快，也可能仍从分工交易中获益。","false"
"economics-8","economics","计量经济","economics-8","direction-case","计量经济研究档案：预算约束、选择记录与制度条件；选择集合、机会成本和价格条件；干预时间、比较资格和同期变化；参考依据、重复读数和误差分项。需对照的具体条目：目标比较、干预起点与选择机制","观察选择与偏好 / 差异与因果","选择变化可以来自约束或可得方案，不一定是偏好改变。 观察差异也可能来自选择和同期变化，需额外识别依据。 可见选择同时受偏好、约束和可获得方案影响。","false"
"economics-9","economics","数字经济","economics-9","direction-case","数字经济研究档案：预算约束、选择记录与制度条件；选择集合、机会成本和价格条件；版本规则、对象索引和使用任务；计量单位、时间窗口和未计入的投入。需对照的具体条目：编码规则、平台入口与不可见记录","观察选择与偏好 / 记录与对象","选择变化可以来自约束或可得方案，不一定是偏好改变。 记录格式一致不保证对象相同，版本变化必须追溯。 可见选择同时受偏好、约束和可获得方案影响。","false"
"humanities-4","humanities","古典文学","humanities-4","direction-case","古典文学研究档案：关键段落、话语位置和相反解释；相关领域文献对“文本段落、版本变化与读者解释”的用语与记录方式；叙述位置、文本片段和出版语境。需对照的具体条目：叙述声音、关键片段与版本语境；原典传承、时代用语与后世注释","叙述者与作者","叙述者的态度不能不经论证直接当成作者立场。","false"
"humanities-5","humanities","现当代文学","humanities-5","direction-case","现当代文学研究档案：关键段落、话语位置和相反解释；相关领域文献对“文本段落、版本变化与读者解释”的用语与记录方式；叙述位置、文本片段和出版语境。需对照的具体条目：叙述声音、关键片段与版本语境；当代出版、社会语境与接受变化","叙述者与作者","叙述者的态度不能不经论证直接当成作者立场。","false"
"humanities-6","humanities","文艺理论","humanities-6","direction-case","文艺理论研究档案：文本段落、版本变化与读者解释；叙述位置、文本片段和出版语境。需对照文本、叙事与接受中的定义、对象索引与适用条件","叙述者与作者","叙述者的态度不能不经论证直接当成作者立场。 作者意图、文本发声与读者接受不能直接相互替代。","false"
"humanities-7","humanities","叙事与文体","humanities-7","concept","叙述人称、视角变化与文本段落索引","叙述者与作者","叙述者是文本中的发声位置，不自动等于作者；人物说法也不必等于作品认可的判断。","false"
"humanities-8","humanities","书籍与阅读史","humanities-8","concept","书籍版式、流通记录与读者批注","文本与阅读实践","同一文字在不同版式和流通场景中可能被不同地阅读；销量并不直接显示理解方式。","false"
"humanities-9","humanities","文学与媒介","humanities-9","direction-case","文学与媒介研究档案：关键段落、话语位置和相反解释；相关领域文献对“文本段落、版本变化与读者解释”的用语与记录方式；叙述位置、文本片段和出版语境；生产记录、传播路径和接触机会。需对照的具体条目：叙述声音、关键片段与版本语境；媒介形式、生产条件与可见性规则","叙述者与作者 / 接触与影响","叙述者的态度不能不经论证直接当成作者立场。 看过材料不等于改变了态度，平台可见记录不代表全体受众。","false"
"art-4","art","绘画与图像","art-4","direction-case","绘画与图像研究档案：创作草稿、媒介痕迹与展示语境；作品状态、观看位置和媒介条件。需对照的具体条目：作品状态、观看位置与形式细节；笔触、画面组织与观看距离","形式与解释","相似视觉形式可承担不同意义，解释须联系作品与观看情境。 形式选择需要对应创作问题，作品评价不必借用实验显著性。","false"
"art-5","art","雕塑与装置","art-5","direction-case","雕塑与装置研究档案：创作草稿、媒介痕迹与展示语境；作品状态、观看位置和媒介条件。需对照的具体条目：作品状态、观看位置与形式细节；体量、空间位置与材料状态","形式与解释","相似视觉形式可承担不同意义，解释须联系作品与观看情境。 形式选择需要对应创作问题，作品评价不必借用实验显著性。","false"
"art-6","art","摄影与影像","art-6","direction-case","摄影与影像研究档案：创作草稿、媒介痕迹与展示语境；作品状态、观看位置和媒介条件；镜头顺序、声画关系和版本差异。需对照的具体条目：来源索引、采集条件与判读分歧","形式与解释 / 镜头与叙事","相似视觉形式可承担不同意义，解释须联系作品与观看情境。 单镜头内容不能完整说明剪辑后产生的叙事关系。 形式选择需要对应创作问题，作品评价不必借用实验显著性。","false"
"art-7","art","公共艺术","art-7","direction-case","公共艺术研究档案：创作草稿、媒介痕迹与展示语境；作品或演出出处、接受语境和观众位置。需对照的具体条目：公共位置、参与机会与空间负担","作品与接受","作品意图、批评解释与观众经验属于不同层次。 形式选择需要对应创作问题，作品评价不必借用实验显著性。","false"
"art-8","art","工艺与材料艺术","art-8","direction-case","工艺与材料艺术研究档案：创作草稿、媒介痕迹与展示语境；作品状态、观看位置和媒介条件；作品或演出出处、接受语境和观众位置。需对照作品形式与创作过程中的定义、对象索引与适用条件","形式与解释 / 作品与接受","相似视觉形式可承担不同意义，解释须联系作品与观看情境。 作品意图、批评解释与观众经验属于不同层次。 形式选择需要对应创作问题，作品评价不必借用实验显著性。","false"
"art-9","art","艺术与数字媒介","art-9","direction-case","艺术与数字媒介研究档案：创作草稿、媒介痕迹与展示语境；生产记录、传播路径和接触机会；作品或演出出处、接受语境和观众位置。需对照的具体条目：编码规则、平台入口与不可见记录；媒介形式、生产条件与可见性规则","接触与影响 / 作品与接受","看过材料不等于改变了态度，平台可见记录不代表全体受众。 作品意图、批评解释与观众经验属于不同层次。 形式选择需要对应创作问题，作品评价不必借用实验显著性。","false"
"philosophy-4","philosophy","认识论","philosophy-4","concept","知识与真信念的反例、论证前提表","证成与知识","相信一个真命题不自动构成知识；还需讨论理由与偶然为真的关系。","false"
"philosophy-5","philosophy","形而上学","philosophy-5","concept","同一对象随时间变化的描述和同一性论证","同一性与相似性","两件东西有相似属性，不等于它们是同一个对象；历时同一性又需明确持续标准。","false"
"philosophy-6","philosophy","心灵哲学","philosophy-6","concept","意识报告、行为表现与解释论证的对照","功能说明与主观体验","说明系统怎样处理信息，与说明体验为何具有某种感受，是相关但不同的问题。","false"
"philosophy-7","philosophy","技术哲学","philosophy-7","direction-case","技术哲学研究档案：关键段落、话语位置和相反解释；相关领域文献对“论证前提、概念区分与反例”的用语与记录方式；概念定义、论证前提和反例条件。需对照的具体条目：工具版本、使用任务与适用承诺","理由与结论","结论为真不意味着提供的理由足够，反例须满足原条件。","false"
"philosophy-8","philosophy","中国哲学","philosophy-8","direction-case","中国哲学研究档案：关键段落、话语位置和相反解释；相关领域文献对“论证前提、概念区分与反例”的用语与记录方式；概念定义、论证前提和反例条件。需对照的具体条目：中文原典、制度时期与地方用语","理由与结论","结论为真不意味着提供的理由足够，反例须满足原条件。","false"
"philosophy-9","philosophy","跨文化哲学","philosophy-9","direction-case","跨文化哲学研究档案：论证前提、概念区分与反例；概念定义、论证前提和反例条件；各方定义、资料来源和桥接规则。需对照的具体条目：实践语境、符号用法与传承位置","理由与结论","结论为真不意味着提供的理由足够，反例须满足原条件。 结论是否成立取决于推理与前提，例子直观并不代替论证。","false"
"law-4","law","刑法","law-4","concept","行为、主观状态与构成要件逐项对应表","构成要件与证明","刑事评价要对应具体构成要件；证明发生了损害，不等于证明了要求的主观要素。","false"
"law-5","law","诉讼与证据","law-5","concept","证据取得经过、质证记录与待证事实","证据资格与证明力","材料能否进入程序，与它对特定事实的证明分量是不同问题。","false"
"law-6","law","国际法","law-6","direction-case","国际法研究档案：规范版本、争议事实与适用程序；法域、条文版本和事实要件；各方定义、资料来源和桥接规则。需对照的具体条目：法域、多语条款与缔约背景；地区制度、指标译法与比较资格","规范与适用","同名制度可能有不同要件，规范主张须与具体法域及版本对应。 规范存在、事实被证明与规范适用是三个不同问题。","false"
"law-7","law","知识产权","law-7","direction-case","知识产权研究档案：规范版本、争议事实与适用程序；保护对象、权利范围和使用方式。需对照规范、事实与程序中的定义、对象索引与适用条件","对象与权利范围","有作品或技术不等于所有使用行为都受同一权利控制。 规范存在、事实被证明与规范适用是三个不同问题。","false"
"law-8","law","环境法","law-8","direction-case","环境法研究档案：规范版本、争议事实和适用要件；相关领域文献对“规范版本、争议事实与适用程序”的用语与记录方式；法域、条文版本和事实要件。需对照的具体条目：受规制活动、损害范围与责任依据","规范与适用","同名制度可能有不同要件，规范主张须与具体法域及版本对应。","false"
"law-9","law","劳动与社会保障法","law-9","direction-case","劳动与社会保障法研究档案：规范版本、争议事实和适用要件；相关领域文献对“规范版本、争议事实与适用程序”的用语与记录方式；法域、条文版本和事实要件；公开文件、责任分配和资源约束。需对照的具体条目：进入退出、工时与收入分布；需求清单、交付节点与资源占用","规范与适用 / 公开记录与实践","同名制度可能有不同要件，规范主张须与具体法域及版本对应。 公开记录受可披露性与编写目的影响，不等于全部实践。","false"
"politics-4","politics","政治思想","politics-4","direction-case","政治思想研究档案：制度安排、政治行为与执行记录；正式规则、实际执行和行为者立场。需对照的具体条目：规则来源、执行条件与行动者立场","规则与运行","正式文本相同不保证执行资源和实践相同。 正式制度与实际政治行动可能有差距，比较需保留组织层次。","false"
"politics-5","politics","政治行为","politics-5","direction-case","政治行为研究档案：制度安排、政治行为与执行记录；正式规则、实际执行和行为者立场。需对照的具体条目：规则来源、执行条件与行动者立场","规则与运行","正式文本相同不保证执行资源和实践相同。 正式制度与实际政治行动可能有差距，比较需保留组织层次。","false"
"politics-6","politics","政治制度","politics-6","direction-case","政治制度研究档案：制度安排、政治行为与执行记录；正式规则、实际执行和行为者立场；公开文件、责任分配和资源约束；正式文本、执行条件与被排除的对象。需对照的具体条目：规则来源、执行条件与行动者立场；条文来源、权限分配与执行差异","规则与运行 / 公开记录与实践","正式文本相同不保证执行资源和实践相同。 公开记录受可披露性与编写目的影响，不等于全部实践。 正式制度与实际政治行动可能有差距，比较需保留组织层次。","false"
"politics-7","politics","区域与国别研究","politics-7","direction-case","区域与国别研究研究档案：制度安排、政治行为与执行记录；地理单元、时期边界和地方制度；坐标基准、空间单元和不同尺度的对照。需对照制度与政治行动中的定义、对象索引与适用条件","同名与可比","同名指标可在不同地区有不同含义，需保留制度语境。 正式制度与实际政治行动可能有差距，比较需保留组织层次。","false"
"politics-8","politics","全球治理","politics-8","direction-case","全球治理研究档案：制度安排、政治行为与执行记录；正式规则、实际执行和行为者立场；公开文件、责任分配和资源约束；正式文本、执行条件与被排除的对象。需对照的具体条目：规则来源、执行条件与行动者立场；跨区域联结、地方时序与资料语言","规则与运行 / 公开记录与实践","正式文本相同不保证执行资源和实践相同。 公开记录受可披露性与编写目的影响，不等于全部实践。 正式制度与实际政治行动可能有差距，比较需保留组织层次。","false"
"politics-9","politics","政治传播","politics-9","direction-case","政治传播研究档案：制度安排、政治行为与执行记录；正式规则、实际执行和行为者立场；生产记录、传播路径和接触机会。需对照的具体条目：规则来源、执行条件与行动者立场；信息入口、转述链与接触分母","规则与运行 / 接触与影响","正式文本相同不保证执行资源和实践相同。 看过材料不等于改变了态度，平台可见记录不代表全体受众。 正式制度与实际政治行动可能有差距，比较需保留组织层次。","false"
"education-4","education","高等教育","education-4","direction-case","高等教育研究档案：教学任务、学生作答与撤去帮助后的新题；相关领域文献对“学习任务、课堂实施与能力评价”的用语与记录方式；任务目标、辅助条件和延迟表现。需对照的具体条目：培养阶段、指导关系与学术参与机会","表现与学习","当场完成可受辅助影响，撤去帮助后的迁移才回答另一类问题。","false"
"education-5","education","特殊与融合教育","education-5","direction-case","特殊与融合教育研究档案：教学任务、学生作答与撤去帮助后的新题；相关领域文献对“学习任务、课堂实施与能力评价”的用语与记录方式；任务目标、辅助条件和延迟表现。需对照的具体条目：支持需要、实际参与与环境障碍；支持需要、普通课堂参与与障碍","表现与学习","当场完成可受辅助影响，撤去帮助后的迁移才回答另一类问题。","false"
"education-6","education","学前教育","education-6","direction-case","学前教育研究档案：教学任务、学生作答与撤去帮助后的新题；相关领域文献对“学习任务、课堂实施与能力评价”的用语与记录方式；任务目标、辅助条件和延迟表现。需对照的具体条目：发展阶段、照护关系与适龄任务","表现与学习","当场完成可受辅助影响，撤去帮助后的迁移才回答另一类问题。","false"
"education-7","education","教育评价","education-7","concept","评分细则、双人评分与分歧样例","评分一致性与效度","评分者一致，可能只是共同遵循了偏离目标的规则；一致性不等于测到了目标能力。","false"
"education-8","education","教师发展","education-8","direction-case","教师发展研究档案：教学任务、学生作答与撤去帮助后的新题；相关领域文献对“学习任务、课堂实施与能力评价”的用语与记录方式；任务目标、辅助条件和延迟表现。需对照的具体条目：反馈时点、专业判断与课堂条件","表现与学习","当场完成可受辅助影响，撤去帮助后的迁移才回答另一类问题。","false"
"education-9","education","比较与国际教育","education-9","direction-case","比较与国际教育研究档案：教学任务、学生作答与撤去帮助后的新题；相关领域文献对“学习任务、课堂实施与能力评价”的用语与记录方式；任务目标、辅助条件和延迟表现。需对照的具体条目：地区制度、指标译法与比较资格","表现与学习","当场完成可受辅助影响，撤去帮助后的迁移才回答另一类问题。","false"
"sports-4","sports","运动生物力学","sports-4","direction-case","运动生物力学研究档案：训练暴露、动作表现与疲劳状态；训练暴露、恢复阶段和任务表现。需对照的具体条目：训练暴露、恢复阶段与测试熟悉；动作任务、身体负荷与运动学资料","训练与测试","测试进步可能含熟悉效应，训练效果需要暴露与恢复背景。 动作改善可能来自学习、训练适应或测试条件改变。","false"
"sports-5","sports","体育教育","sports-5","direction-case","体育教育研究档案：教学任务、学生作答与撤去帮助后的新题；相关领域文献对“训练暴露、动作表现与疲劳状态”的用语与记录方式；任务目标、辅助条件和延迟表现。需对照的具体条目：训练暴露、恢复阶段与测试熟悉","表现与学习","当场完成可受辅助影响，撤去帮助后的迁移才回答另一类问题。","false"
"sports-6","sports","体育社会研究","sports-6","direction-case","体育社会研究研究档案：训练暴露、动作表现与疲劳状态；对象进入、角色关系和机会结构；训练暴露、恢复阶段和任务表现。需对照的具体条目：训练暴露、恢复阶段与测试熟悉","个体与结构 / 训练与测试","个体选择受可得机会限制，观察到的行为不能仅归因于偏好。 测试进步可能含熟悉效应，训练效果需要暴露与恢复背景。 动作改善可能来自学习、训练适应或测试条件改变。","false"
"sports-7","sports","体育管理","sports-7","direction-case","体育管理研究档案：训练暴露、动作表现与疲劳状态；训练暴露、恢复阶段和任务表现；正式文本、执行条件与被排除的对象。需对照的具体条目：训练暴露、恢复阶段与测试熟悉","训练与测试","测试进步可能含熟悉效应，训练效果需要暴露与恢复背景。 动作改善可能来自学习、训练适应或测试条件改变。","false"
"sports-8","sports","运动康复","sports-8","direction-case","运动康复研究档案：训练暴露、动作表现与疲劳状态；测试能力、生活活动与环境支持；训练暴露、恢复阶段和任务表现。需对照的具体条目：训练暴露、恢复阶段与测试熟悉","能力与参与 / 训练与测试","受控任务中的能力与真实环境中的参与不同。 测试进步可能含熟悉效应，训练效果需要暴露与恢复背景。 动作改善可能来自学习、训练适应或测试条件改变。","false"
"sports-9","sports","运动数据分析","sports-9","direction-case","运动数据分析研究档案：训练暴露、动作表现与疲劳状态；训练暴露、恢复阶段和任务表现。需对照的具体条目：训练暴露、恢复阶段与测试熟悉；来源划分、目标变量与评估基线；输入假设、测量或推导链与不确定性","训练与测试","测试进步可能含熟悉效应，训练效果需要暴露与恢复背景。 动作改善可能来自学习、训练适应或测试条件改变。","false"
"psychology-4","psychology","发展心理","psychology-4","direction-case","发展心理研究档案：任务反应、量表项目与构念定义；任务版本、构念定义和状态条件。需对照的具体条目：任务版本、状态条件与构念定义；发展阶段、任务适龄性与观察历程","分数与构念","任务分数并不直接等于完整心理构念，状态也可改变表现。 单一行为或总分不能完整等同心理构念。","false"
"psychology-5","psychology","教育心理","psychology-5","direction-case","教育心理研究档案：教学任务、学生作答与撤去帮助后的新题；相关领域文献对“任务反应、量表项目与构念定义”的用语与记录方式；任务目标、辅助条件和延迟表现；任务版本、构念定义和状态条件。需对照的具体条目：任务版本、状态条件与构念定义","表现与学习 / 分数与构念","当场完成可受辅助影响，撤去帮助后的迁移才回答另一类问题。 任务分数并不直接等于完整心理构念，状态也可改变表现。","false"
"psychology-6","psychology","人格与个体差异","psychology-6","direction-case","人格与个体差异研究档案：任务反应、量表项目与构念定义；任务版本、构念定义和状态条件。需对照心理构念与行为任务中的定义、对象索引与适用条件","分数与构念","任务分数并不直接等于完整心理构念，状态也可改变表现。 单一行为或总分不能完整等同心理构念。","false"
"psychology-7","psychology","健康心理","psychology-7","direction-case","健康心理研究档案：任务反应、量表项目与构念定义；任务版本、构念定义和状态条件。需对照的具体条目：任务版本、状态条件与构念定义；应对情境、心理负担与生活功能","分数与构念","任务分数并不直接等于完整心理构念，状态也可改变表现。 单一行为或总分不能完整等同心理构念。","false"
"psychology-8","psychology","组织心理","psychology-8","direction-case","组织心理研究档案：任务反应、量表项目与构念定义；对象进入、角色关系和机会结构；任务版本、构念定义和状态条件；正式文本、执行条件与被排除的对象。需对照的具体条目：任务版本、状态条件与构念定义；角色分工、资源联系与实际协调","个体与结构 / 分数与构念","个体选择受可得机会限制，观察到的行为不能仅归因于偏好。 任务分数并不直接等于完整心理构念，状态也可改变表现。 单一行为或总分不能完整等同心理构念。","false"
"psychology-9","psychology","心理方法与开放实践","psychology-9","direction-case","心理方法与开放实践研究档案：任务反应、量表项目与构念定义；任务版本、构念定义和状态条件。需对照的具体条目：任务版本、状态条件与构念定义；原始版本、偏离记录与失败尝试；输入要求、适用前提与方法失败条件","分数与构念","任务分数并不直接等于完整心理构念，状态也可改变表现。 单一行为或总分不能完整等同心理构念。","false"
"languages-4","languages","语音与音系","languages-4","direction-case","语音与音系研究档案：语料实例、语言背景与交际任务；发音或语境片段、形式对照和说话者背景。需对照的具体条目：录音条件、最小对立与发音位置","形式与功能","相同形式在不同语境可实现不同交际功能。 语法形式、实际使用和交际意图需要分别对应。","false"
"languages-5","languages","语法与句法","languages-5","direction-case","语法与句法研究档案：语料实例、语言背景与交际任务；发音或语境片段、形式对照和说话者背景。需对照的具体条目：最小句对、结构位置与可接受度背景","形式与功能","相同形式在不同语境可实现不同交际功能。 语法形式、实际使用和交际意图需要分别对应。","false"
"languages-6","languages","语义与语用","languages-6","direction-case","语义与语用研究档案：关键段落、话语位置和相反解释；相关领域文献对“语料实例、语言背景与交际任务”的用语与记录方式；发音或语境片段、形式对照和说话者背景。需对照的具体条目：表达形式、上下文与会话推论","形式与功能","相同形式在不同语境可实现不同交际功能。","false"
"languages-7","languages","社会语言学","languages-7","direction-case","社会语言学研究档案：语料实例、语言背景与交际任务；发音或语境片段、形式对照和说话者背景。需对照的具体条目：说话者位置、交往网络与语体选择","形式与功能","相同形式在不同语境可实现不同交际功能。 语法形式、实际使用和交际意图需要分别对应。","false"
"languages-8","languages","计算语言学","languages-8","direction-case","计算语言学研究档案：语料实例、语言背景与交际任务；发音或语境片段、形式对照和说话者背景。需对照的具体条目：语料来源、分词口径与语言覆盖","形式与功能","相同形式在不同语境可实现不同交际功能。 语法形式、实际使用和交际意图需要分别对应。","false"
"languages-9","languages","跨文化沟通","languages-9","direction-case","跨文化沟通研究档案：语料实例、语言背景与交际任务；原文版本、目的读者和译法取舍；各方定义、资料来源和桥接规则。需对照的具体条目：实践语境、符号用法与传承位置","对等与目的","字面对应未必实现目标情境中的功能对等。 语法形式、实际使用和交际意图需要分别对应。","false"
"journalism-4","journalism","受众研究","journalism-4","direction-case","受众研究研究档案：报道版本、传播路径与受众接触；生产记录、传播路径和接触机会。需对照的具体条目：接触机会、理解路径与未参与者","接触与影响","看过材料不等于改变了态度，平台可见记录不代表全体受众。 内容发布、受众接触和态度变化不是同一结果。","false"
"journalism-5","journalism","平台与算法传播","journalism-5","direction-case","平台与算法传播研究档案：报道版本、传播路径与受众接触；生产记录、传播路径和接触机会。需对照的具体条目：信息入口、转述链与接触分母；推荐入口、排序条件与未曝光对象","接触与影响","看过材料不等于改变了态度，平台可见记录不代表全体受众。 内容发布、受众接触和态度变化不是同一结果。","false"
"journalism-6","journalism","健康传播","journalism-6","direction-case","健康传播研究档案：报道版本、传播路径与受众接触；生产记录、传播路径和接触机会。需对照的具体条目：信息入口、转述链与接触分母；健康信息出处、理解障碍与行为机会","接触与影响","看过材料不等于改变了态度，平台可见记录不代表全体受众。 内容发布、受众接触和态度变化不是同一结果。","false"
"journalism-7","journalism","公共与政治传播","journalism-7","direction-case","公共与政治传播研究档案：报道版本、传播路径与受众接触；生产记录、传播路径和接触机会。需对照的具体条目：规则来源、执行条件与行动者立场；信息入口、转述链与接触分母","接触与影响","看过材料不等于改变了态度，平台可见记录不代表全体受众。 内容发布、受众接触和态度变化不是同一结果。","false"
"journalism-8","journalism","视觉与叙事传播","journalism-8","direction-case","视觉与叙事传播研究档案：关键段落、话语位置和相反解释；相关领域文献对“报道版本、传播路径与受众接触”的用语与记录方式；叙述位置、文本片段和出版语境；生产记录、传播路径和接触机会。需对照的具体条目：叙述声音、关键片段与版本语境；信息入口、转述链与接触分母","叙述者与作者 / 接触与影响","叙述者的态度不能不经论证直接当成作者立场。 看过材料不等于改变了态度，平台可见记录不代表全体受众。","false"
"journalism-9","journalism","新闻伦理与事实核查","journalism-9","direction-case","新闻伦理与事实核查研究档案：行动者理由、利益负担与提出异议的记录；相关领域文献对“报道版本、传播路径与受众接触”的用语与记录方式；生产记录、传播路径和接触机会；受益负担、行动理由和申诉机会。需对照的具体条目：来源核实、采访位置与编辑取舍；行动理由、受益负担与申诉机会","接触与影响 / 描述与规范","看过材料不等于改变了态度，平台可见记录不代表全体受众。 多数偏好或事实描述不能独立证成规范结论。","false"
"history-4","history","古代史","history-4","concept","纪年史料、制度文书与后世注释","记载时间与事件时间","后写史料可保留早期信息，也可能带入后来的解释；要分别识别事件、编写与传本时间。","false"
"history-5","history","近现代史","history-5","direction-case","近现代史研究档案：同时代记载与后期整理本的年代对照；相关领域文献对“同期文书、后出叙事与形成时间”的用语与记录方式；年代、出处和同时代对照；同时代资料、后期整理和出处链。需对照的具体条目：时期划分、制度变化与同时代用语","当时与后来 / 记录与过去实践","后来形成的分类不能直接替代行动者当时使用的概念。 留存资料受保存及整理选择影响，不是过去实践的完整镜像。","false"
"history-6","history","世界与全球史","history-6","direction-case","世界与全球史研究档案：同时代记载与后期整理本的年代对照；相关领域文献对“同期文书、后出叙事与形成时间”的用语与记录方式；年代、出处和同时代对照；同时代资料、后期整理和出处链。需对照的具体条目：跨区域联结、地方时序与资料语言","当时与后来 / 记录与过去实践","后来形成的分类不能直接替代行动者当时使用的概念。 留存资料受保存及整理选择影响，不是过去实践的完整镜像。","false"
"history-7","history","经济史","history-7","direction-case","经济史研究档案：同时代记载与后期整理本的年代对照；相关领域文献对“同期文书、后出叙事与形成时间”的用语与记录方式；年代、出处和同时代对照；同时代资料、后期整理和出处链。需对照的具体条目：价格单位、账册口径与时代购买条件","当时与后来 / 记录与过去实践","后来形成的分类不能直接替代行动者当时使用的概念。 留存资料受保存及整理选择影响，不是过去实践的完整镜像。","false"
"history-8","history","科技史","history-8","direction-case","科技史研究档案：同时代记载与后期整理本的年代对照；相关领域文献对“同期文书、后出叙事与形成时间”的用语与记录方式；年代、出处和同时代对照；同时代资料、后期整理和出处链。需对照的具体条目：仪器记录、研究制度与知识传播","当时与后来 / 记录与过去实践","后来形成的分类不能直接替代行动者当时使用的概念。 留存资料受保存及整理选择影响，不是过去实践的完整镜像。","false"
"history-9","history","口述与公众史","history-9","concept","访谈录音、访谈提纲与同事回忆对照","回忆与事件证据","回忆既包含事件信息，也反映后来怎样赋予事件意义；两种研究用途需要区分。","false"
"earth-4","earth","水文与水资源","earth-4","direction-case","水文与水资源研究档案：站点观测、地层关系与时间尺度；水量边界、输入输出和时间尺度；计量单位、时间窗口和未计入的投入。需对照的具体条目：水位基准、补给条件与收支范围","通量与储量","浓度、流量和储量不同，时间积分也影响总量。 局地短时观测不能直接代表区域长期过程。","false"
"earth-5","earth","海洋科学","earth-5","direction-case","海洋科学研究档案：站点观测、地层关系与时间尺度；水体层次、季节窗口和观测覆盖。需对照的具体条目：水层位置、季节与水团背景","空间与季节","不同水层或季节的资料不能只按地点名称合并。 局地短时观测不能直接代表区域长期过程。","false"
"earth-6","earth","遥感与地球观测","earth-6","direction-case","遥感与地球观测研究档案：站点观测、地层关系与时间尺度；坐标基准、空间支持和分类边界；参考依据、重复读数和误差分项。需对照的具体条目：地面参照、像元支持与反演条件","位置与尺度","聚合尺度与分类边界会改变空间关系，不能只比较图色。 局地短时观测不能直接代表区域长期过程。","false"
"earth-7","earth","地球化学","earth-7","direction-case","地球化学研究档案：站点观测、地层关系与时间尺度；物种指认、平衡条件和测量信号。需对照地球过程与空间时间尺度中的定义、对象索引与适用条件","指认与定量","能指认某成分不等于已准确测量其含量。 局地短时观测不能直接代表区域长期过程。","false"
"earth-8","earth","地球系统建模","earth-8","direction-case","地球系统建模研究档案：站点观测、地层关系与时间尺度；模型边界、参数来源和验证情境；系统边界、反馈连接和尺度转换；参数出处、边界条件和独立检验情境。需对照地球过程与空间时间尺度中的定义、对象索引与适用条件","拟合与检验 / 局部与系统","校准资料不能同时充当完全独立的验证资料。 局部部件的收益可能被反馈和协调成本改变。 局地短时观测不能直接代表区域长期过程。","false"
"earth-9","earth","地质灾害与风险","earth-9","direction-case","地质灾害与风险研究档案：站点观测、地层关系与时间尺度；空间位置、形成序列和多解解释。需对照的具体条目：危险条件、暴露对象与实际脆弱性","反演与唯一性","同一观测可能对应多个地下结构，需要说明约束。 局地短时观测不能直接代表区域长期过程。","false"
"environment-4","environment","保护生物学","environment-4","direction-case","保护生物学研究档案：生物群落、环境暴露与空间覆盖；种群数量、群落组成和观测努力；细胞组成、功能层次和独立来源。需对照生态过程与环境压力中的定义、对象索引与适用条件","出现与检测 / 组成与状态","未观察到不等于不存在，调查努力会改变检出。 群体差异可能来自组成与单元状态两方面，技术重复不是独立对象。 环境变化与生态响应可能有滞后并受空间尺度影响。","false"
"environment-5","environment","环境监测","environment-5","direction-case","环境监测研究档案：生物群落、环境暴露与空间覆盖；来源、迁移途径和受影响对象；参考依据、重复读数和误差分项。需对照生态过程与环境压力中的定义、对象索引与适用条件","来源与负担","排放减少与受影响对象负担减少需要通过路径联系。 环境变化与生态响应可能有滞后并受空间尺度影响。","false"
"environment-6","environment","水与流域生态","environment-6","direction-case","水与流域生态研究档案：生物群落、环境暴露与空间覆盖；水量边界、输入输出和时间尺度；种群数量、群落组成和观测努力。需对照生态过程与环境压力中的定义、对象索引与适用条件","通量与储量 / 出现与检测","浓度、流量和储量不同，时间积分也影响总量。 未观察到不等于不存在，调查努力会改变检出。 环境变化与生态响应可能有滞后并受空间尺度影响。","false"
"environment-7","environment","恢复生态","environment-7","direction-case","恢复生态研究档案：生物群落、环境暴露与空间覆盖；种群数量、群落组成和观测努力；来源、迁移途径和受影响对象。需对照生态过程与环境压力中的定义、对象索引与适用条件","出现与检测 / 来源与负担","未观察到不等于不存在，调查努力会改变检出。 排放减少与受影响对象负担减少需要通过路径联系。 环境变化与生态响应可能有滞后并受空间尺度影响。","false"
"environment-8","environment","城市环境","environment-8","direction-case","城市环境研究档案：生物群落、环境暴露与空间覆盖；来源、迁移途径和受影响对象；地理单元、时期边界和地方制度。需对照的具体条目：进入机会、空间路径与地方制度","来源与负担 / 同名与可比","排放减少与受影响对象负担减少需要通过路径联系。 同名指标可在不同地区有不同含义，需保留制度语境。 环境变化与生态响应可能有滞后并受空间尺度影响。","false"
"environment-9","environment","可持续与资源研究","environment-9","direction-case","可持续与资源研究研究档案：生物群落、环境暴露与空间覆盖；来源、迁移途径和受影响对象；计量单位、时间窗口和未计入的投入。需对照的具体条目：评价边界、资源投入与负担转移","来源与负担","排放减少与受影响对象负担减少需要通过路径联系。 环境变化与生态响应可能有滞后并受空间尺度影响。","false"
"electrical-4","electrical","微电子与器件","electrical-4","direction-case","微电子与器件研究档案：电路响应、信号频谱与器件工作状态；器件模型、工作点和时序功耗。需对照的具体条目：器件尺度、工作点与寄生效应","器件与系统","单器件优势不保证组合后时序、功耗与系统表现更好。 器件单项性能不等于完整系统在全部工况下可靠。","false"
"electrical-5","electrical","电路与系统","electrical-5","direction-case","电路与系统研究档案：电路响应、信号频谱与器件工作状态；器件模型、工作点和时序功耗；系统边界、反馈连接和尺度转换。需对照的具体条目：工作点、时序约束与功耗分项","器件与系统 / 局部与系统","单器件优势不保证组合后时序、功耗与系统表现更好。 局部部件的收益可能被反馈和协调成本改变。 器件单项性能不等于完整系统在全部工况下可靠。","false"
"electrical-6","electrical","嵌入式系统","electrical-6","direction-case","嵌入式系统研究档案：电路响应、信号频谱与器件工作状态；版本锁定、输入契约和故障复现；系统边界、反馈连接和尺度转换。需对照电子信号与器件系统中的定义、对象索引与适用条件","功能与运行条件 / 局部与系统","一次运行成功不保证更新、资源限制或异常输入下仍可靠。 局部部件的收益可能被反馈和协调成本改变。 器件单项性能不等于完整系统在全部工况下可靠。","false"
"electrical-7","electrical","电磁与天线","electrical-7","direction-case","电磁与天线研究档案：电路响应、信号频谱与器件工作状态；器件模型、工作点和时序功耗。需对照的具体条目：场分布、辐射或耦合条件与环境","器件与系统","单器件优势不保证组合后时序、功耗与系统表现更好。 器件单项性能不等于完整系统在全部工况下可靠。","false"
"electrical-8","electrical","光电信息","electrical-8","direction-case","光电信息研究档案：电路响应、信号频谱与器件工作状态；光路、光谱响应和探测器背景；版本规则、对象索引和使用任务。需对照电子信号与器件系统中的定义、对象索引与适用条件","响应与输入 / 记录与对象","探测器读数包含系统响应，不能直接当成入射光的真实分布。 记录格式一致不保证对象相同，版本变化必须追溯。 器件单项性能不等于完整系统在全部工况下可靠。","false"
"electrical-9","electrical","电子系统可靠性","electrical-9","direction-case","电子系统可靠性研究档案：电路响应、信号频谱与器件工作状态；失效定义、暴露时长和退出原因；系统边界、反馈连接和尺度转换；版本变更、异常记录和失败复核。需对照电子信号与器件系统中的定义、对象索引与适用条件","运行与可靠 / 局部与系统","没有记录到失效不等于可靠，需要知道实际使用时长。 局部部件的收益可能被反馈和协调成本改变。 器件单项性能不等于完整系统在全部工况下可靠。","false"
"mechanical-4","mechanical","动力与振动","mechanical-4","direction-case","动力与振动研究档案：载荷历史、构件变形与运动轨迹；初值集合、时间轨迹和稳定性定义；载荷谱、变形状态和失效口径。需对照载荷、运动与构件中的定义、对象索引与适用条件","局部与全局 / 强度与寿命","一条轨道的表现不能独立证明所有初值的稳定性。 静态强度不能独立代替循环载荷下的寿命评价。 静态性能与动态过程不同，连接及载荷历史会改变表现。","false"
"mechanical-5","mechanical","精密机械","mechanical-5","direction-case","精密机械研究档案：载荷历史、构件变形与运动轨迹；荷载条件、空间连接和服役环境。需对照的具体条目：载荷路径、连接间隙与服役状态","局部强度与整体功能","局部测试合格不独立保证整体在真实环境中完成任务。 静态性能与动态过程不同，连接及载荷历史会改变表现。","false"
"mechanical-6","mechanical","流体机械","mechanical-6","direction-case","流体机械研究档案：载荷历史、构件变形与运动轨迹；边界条件、守恒项和流动尺度。需对照的具体条目：载荷路径、连接间隙与服役状态","尺度与相似","外观相似的流动不一定具有相同无量纲条件。 静态性能与动态过程不同，连接及载荷历史会改变表现。","false"
"mechanical-7","mechanical","机电系统","mechanical-7","direction-case","机电系统研究档案：载荷历史、构件变形与运动轨迹；输入扰动、反馈状态和响应轨迹；系统边界、反馈连接和尺度转换。需对照载荷、运动与构件中的定义、对象索引与适用条件","辨识与控制 / 局部与系统","拟合已有输入输出不保证闭环稳定或未见工况可靠。 局部部件的收益可能被反馈和协调成本改变。 静态性能与动态过程不同，连接及载荷历史会改变表现。","false"
"mechanical-8","mechanical","数字制造","mechanical-8","direction-case","数字制造研究档案：载荷历史、构件变形与运动轨迹；批次、过程窗口和成品质量分布；版本规则、对象索引和使用任务。需对照的具体条目：编码规则、平台入口与不可见记录","平均与一致性 / 记录与对象","平均质量合格不保证每批都合格或过程稳定。 记录格式一致不保证对象相同，版本变化必须追溯。 静态性能与动态过程不同，连接及载荷历史会改变表现。","false"
"mechanical-9","mechanical","人因与工程使用","mechanical-9","direction-case","人因与工程使用研究档案：载荷历史、构件变形与运动轨迹；任务完成、错误恢复和辅助条件。需对照载荷、运动与构件中的定义、对象索引与适用条件","完成与体验","完成率不能独立概括负担、可及性和错误恢复。 静态性能与动态过程不同，连接及载荷历史会改变表现。","false"
"civil-4","civil","岩土工程","civil-4","direction-case","岩土工程研究档案：荷载路径、场地条件与设施使用；荷载条件、空间连接和服役环境。需对照的具体条目：土层、应力状态与排水条件","局部强度与整体功能","局部测试合格不独立保证整体在真实环境中完成任务。 局部构件满足要求不自动保证体系和使用状态符合目标。","false"
"civil-5","civil","水利与水环境","civil-5","direction-case","水利与水环境研究档案：荷载路径、场地条件与设施使用；来源、迁移途径和受影响对象；物理边界、观测响应和过程量。需对照结构、场地与城市设施中的定义、对象索引与适用条件","来源与负担 / 过程与读数","排放减少与受影响对象负担减少需要通过路径联系。 读数由过程和测量响应共同决定，需要明确边界。 局部构件满足要求不自动保证体系和使用状态符合目标。","false"
"civil-6","civil","市政与基础设施","civil-6","direction-case","市政与基础设施研究档案：荷载路径、场地条件与设施使用；荷载条件、空间连接和服役环境。需对照的具体条目：基础设施服务、维护记录与覆盖人口","局部强度与整体功能","局部测试合格不独立保证整体在真实环境中完成任务。 局部构件满足要求不自动保证体系和使用状态符合目标。","false"
"civil-7","civil","工程管理","civil-7","direction-case","工程管理研究档案：荷载路径、场地条件与设施使用；责任边界、使用条件和资源约束；正式文本、执行条件与被排除的对象。需对照结构、场地与城市设施中的定义、对象索引与适用条件","声明与保障","声明达标不保证条件持续满足，需要可检查的运行记录。 局部构件满足要求不自动保证体系和使用状态符合目标。","false"
"civil-8","civil","城市交通分析","civil-8","direction-case","城市交通分析研究档案：荷载路径、场地条件与设施使用；出行链、等待时间和可达机会。需对照的具体条目：完整出行链、等待与目的地机会；进入机会、空间路径与地方制度；输入假设、测量或推导链与不确定性","速度与可达性","平均速度提高不保证更多人能到达需要的服务。 局部构件满足要求不自动保证体系和使用状态符合目标。","false"
"civil-9","civil","灾害与韧性","civil-9","direction-case","灾害与韧性研究档案：荷载路径、场地条件与设施使用；载荷谱、变形状态和失效口径。需对照的具体条目：危险条件、暴露对象与实际脆弱性","强度与寿命","静态强度不能独立代替循环载荷下的寿命评价。 局部构件满足要求不自动保证体系和使用状态符合目标。","false"
"energy-4","energy","能源系统建模","energy-4","direction-case","能源系统建模研究档案：能量收支、转换效率与负荷时间；能量边界、时间负荷和系统服务；模型边界、参数来源和验证情境；参数出处、边界条件和独立检验情境。需对照能量转换与系统边界中的定义、对象索引与适用条件","效率与系统收益 / 拟合与检验","部件效率高不保证系统全年收益更高。 校准资料不能同时充当完全独立的验证资料。 部件效率与系统净收益不同，边界改变会影响评价。","false"
"energy-5","energy","新能源与转换","energy-5","direction-case","新能源与转换研究档案：能量收支、转换效率与负荷时间；能量边界、时间负荷和系统服务；计量单位、时间窗口和未计入的投入。需对照的具体条目：转换条件、间歇性与系统接入","效率与系统收益","部件效率高不保证系统全年收益更高。 部件效率与系统净收益不同，边界改变会影响评价。","false"
"energy-6","energy","建筑能源","energy-6","direction-case","建筑能源研究档案：能量收支、转换效率与负荷时间；能量边界、时间负荷和系统服务；空间使用、环境条件和使用者路径；计量单位、时间窗口和未计入的投入。需对照的具体条目：空间使用、热环境与使用者路径","效率与系统收益 / 设计与实际使用","部件效率高不保证系统全年收益更高。 图纸目标不能代替建成空间中不同使用者的体验。 部件效率与系统净收益不同，边界改变会影响评价。","false"
"energy-7","energy","能源调度","energy-7","direction-case","能源调度研究档案：能量收支、转换效率与负荷时间；可行域、目标权重和约束松弛；能量边界、时间负荷和系统服务；计量单位、时间窗口和未计入的投入。需对照能量转换与系统边界中的定义、对象索引与适用条件","最优与可行 / 效率与系统收益","最优只针对给定目标及约束，不代表现实中所有需求都满足。 部件效率高不保证系统全年收益更高。 部件效率与系统净收益不同，边界改变会影响评价。","false"
"energy-8","energy","能源经济","energy-8","direction-case","能源经济研究档案：能量收支、转换效率与负荷时间；能量边界、时间负荷和系统服务；计量单位、时间窗口和未计入的投入。需对照的具体条目：能源价格、需求反应与成本归属","效率与系统收益","部件效率高不保证系统全年收益更高。 部件效率与系统净收益不同，边界改变会影响评价。","false"
"energy-9","energy","低碳与全周期评价","energy-9","direction-case","低碳与全周期评价研究档案：能量收支、转换效率与负荷时间；基准时期、空间范围和异常序列；来源、迁移途径和受影响对象；时间戳、状态阶段和变化前后的并列记录。需对照能量转换与系统边界中的定义、对象索引与适用条件","天气与气候 / 来源与负担","短时异常与长期气候变化不是同一时间尺度的命题。 排放减少与受影响对象负担减少需要通过路径联系。 部件效率与系统净收益不同，边界改变会影响评价。","false"
"aerospace-4","aerospace","空气动力学","aerospace-4","direction-case","空气动力学研究档案：公开载荷模型、轨迹条件与环境假设；初值集合、时间轨迹和稳定性定义；边界条件、守恒项和流动尺度。需对照的具体条目：来流条件、气动载荷与尺度相似","局部与全局 / 尺度与相似","一条轨道的表现不能独立证明所有初值的稳定性。 外观相似的流动不一定具有相同无量纲条件。 任务表现依赖环境与资源约束，单一工况成功不代表全部任务。","false"
"aerospace-5","aerospace","结构与轻量化","aerospace-5","direction-case","结构与轻量化研究档案：公开载荷模型、轨迹条件与环境假设；荷载条件、空间连接和服役环境。需对照飞行环境与任务约束中的定义、对象索引与适用条件","局部强度与整体功能","局部测试合格不独立保证整体在真实环境中完成任务。 任务表现依赖环境与资源约束，单一工况成功不代表全部任务。","false"
"aerospace-6","aerospace","推进与动力","aerospace-6","direction-case","推进与动力研究档案：公开载荷模型、轨迹条件与环境假设；初值集合、时间轨迹和稳定性定义；边界条件、守恒项和流动尺度。需对照的具体条目：推进状态、能量输入与有效输出","局部与全局 / 尺度与相似","一条轨道的表现不能独立证明所有初值的稳定性。 外观相似的流动不一定具有相同无量纲条件。 任务表现依赖环境与资源约束，单一工况成功不代表全部任务。","false"
"aerospace-7","aerospace","航空电子","aerospace-7","direction-case","航空电子研究档案：公开载荷模型、轨迹条件与环境假设；出行链、等待时间和可达机会。需对照飞行环境与任务约束中的定义、对象索引与适用条件","速度与可达性","平均速度提高不保证更多人能到达需要的服务。 任务表现依赖环境与资源约束，单一工况成功不代表全部任务。","false"
"aerospace-8","aerospace","任务规划","aerospace-8","direction-case","任务规划研究档案：公开载荷模型、轨迹条件与环境假设；可行域、目标权重和约束松弛。需对照飞行环境与任务约束中的定义、对象索引与适用条件","最优与可行","最优只针对给定目标及约束，不代表现实中所有需求都满足。 任务表现依赖环境与资源约束，单一工况成功不代表全部任务。","false"
"aerospace-9","aerospace","空间环境","aerospace-9","direction-case","空间环境研究档案：公开载荷模型、轨迹条件与环境假设；来源、迁移途径和受影响对象；坐标基准、空间单元和不同尺度的对照。需对照飞行环境与任务约束中的定义、对象索引与适用条件","来源与负担","排放减少与受影响对象负担减少需要通过路径联系。 任务表现依赖环境与资源约束，单一工况成功不代表全部任务。","false"
"agriculture-4","agriculture","作物遗传与育种","agriculture-4","direction-case","作物遗传与育种研究档案：物候阶段、田块条件与收获记录；参考版本、来源关系与变异表型对应；品种、环境和生育阶段记录；不同层次的读数、背景条件和相反趋势。需对照的具体条目：种质来源、品种、田块位置与生育阶段","关联与功能解释 / 品种与环境互作","共同变化或共分离提供线索，但不能独立证明因果及个体结局。 一个环境的优势可能在另一个环境改变，阶段也影响比较。 产量形成跨越多个阶段，品种表现会随环境改变。","false"
"agriculture-5","agriculture","植物保护","agriculture-5","direction-case","植物保护研究档案：物候阶段、田块条件与收获记录；种群数量、群落组成和观测努力。需对照作物、土壤与生产环境中的定义、对象索引与适用条件","出现与检测","未观察到不等于不存在，调查努力会改变检出。 产量形成跨越多个阶段，品种表现会随环境改变。","false"
"agriculture-6","agriculture","园艺","agriculture-6","direction-case","园艺研究档案：物候阶段、田块条件与收获记录；品种、环境和生育阶段记录。需对照的具体条目：成熟阶段、品种差异与采后环境","品种与环境互作","一个环境的优势可能在另一个环境改变，阶段也影响比较。 产量形成跨越多个阶段，品种表现会随环境改变。","false"
"agriculture-7","agriculture","农业工程","agriculture-7","direction-case","农业工程研究档案：物候阶段、田块条件与收获记录；生产或服务记录、来源索引和版本条件。需对照作物、土壤与生产环境中的定义、对象索引与适用条件","系统记录与实际活动","数字化记录的增多不自动代表实际产出或服务改善。 产量形成跨越多个阶段，品种表现会随环境改变。","false"
"agriculture-8","agriculture","农业经济","agriculture-8","direction-case","农业经济研究档案：物候阶段、田块条件与收获记录；生产或服务记录、来源索引和版本条件；计量单位、时间窗口和未计入的投入。需对照的具体条目：季节约束、农户选择与市场入口","系统记录与实际活动","数字化记录的增多不自动代表实际产出或服务改善。 产量形成跨越多个阶段，品种表现会随环境改变。","false"
"agriculture-9","agriculture","森林经营","agriculture-9","direction-case","森林经营研究档案：物候阶段、田块条件与收获记录；种群数量、群落组成和观测努力。需对照的具体条目：林分阶段、更新个体与调查覆盖；经营目标、林分结构与投入历程","出现与检测","未观察到不等于不存在，调查努力会改变检出。 产量形成跨越多个阶段，品种表现会随环境改变。","false"
"veterinary-4","veterinary","动物营养","veterinary-4","direction-case","动物营养研究档案：动物个体、饲养群组与健康历程；组成、摄入及整体模式的分别记录；种群数量、群落组成和观测努力；计量单位、时间窗口和未计入的投入。需对照动物健康与饲养环境中的定义、对象索引与适用条件","组成与实际摄入 / 出现与检测","成分丰富不代表摄入足够，实际摄入又不等于长期健康结果。 未观察到不等于不存在，调查努力会改变检出。 个体观察同时受群养环境影响，群内动物并非完全独立。","false"
"veterinary-5","veterinary","群体动物健康","veterinary-5","direction-case","群体动物健康研究档案：动物个体、饲养群组与健康历程；种群数量、群落组成和观测努力；个体状态、群体管理和可观察行为。需对照动物健康与饲养环境中的定义、对象索引与适用条件","出现与检测 / 生产与福利","未观察到不等于不存在，调查努力会改变检出。 生产指标不能独立代表福利，行为要结合环境解释。 个体观察同时受群养环境影响，群内动物并非完全独立。","false"
"veterinary-6","veterinary","兽医影像","veterinary-6","direction-case","兽医影像研究档案：动物个体、饲养群组与健康历程；个体状态、群体管理和可观察行为。需对照的具体条目：动物个体索引、群体管理与物种边界；来源索引、采集条件与判读分歧","生产与福利","生产指标不能独立代表福利，行为要结合环境解释。 个体观察同时受群养环境影响，群内动物并非完全独立。","false"
"veterinary-7","veterinary","动物遗传","veterinary-7","direction-case","动物遗传研究档案：动物个体、饲养群组与健康历程；参考版本、来源关系与变异表型对应；种群数量、群落组成和观测努力；不同层次的读数、背景条件和相反趋势。需对照动物健康与饲养环境中的定义、对象索引与适用条件","关联与功能解释 / 出现与检测","共同变化或共分离提供线索，但不能独立证明因果及个体结局。 未观察到不等于不存在，调查努力会改变检出。 个体观察同时受群养环境影响，群内动物并非完全独立。","false"
"veterinary-8","veterinary","人兽共处研究","veterinary-8","direction-case","人兽共处研究研究档案：动物个体、饲养群组与健康历程；个体状态、群体管理和可观察行为。需对照的具体条目：动物个体索引、群体管理与物种边界；人兽接触情境、生活空间与报告机会","生产与福利","生产指标不能独立代表福利，行为要结合环境解释。 个体观察同时受群养环境影响，群内动物并非完全独立。","false"
"veterinary-9","veterinary","兽医公共卫生","veterinary-9","direction-case","兽医公共卫生研究档案：动物个体、饲养群组与健康历程；个体状态、群体管理和可观察行为。需对照的具体条目：动物个体索引、群体管理与物种边界；动物群体、人类群体与监测范围的分别记录","生产与福利","生产指标不能独立代表福利，行为要结合环境解释。 个体观察同时受群养环境影响，群内动物并非完全独立。","false"
"food-4","food","食品加工与过程","food-4","direction-case","食品加工与过程研究档案：成分、加工变化与感官或膳食记录；组成、摄入及整体模式的分别记录；成分、实际摄入和感官任务条件；时间戳、状态阶段和变化前后的并列记录。需对照的具体条目：批次组成、储存条件与感官任务","组成与实际摄入 / 品质与接受","成分丰富不代表摄入足够，实际摄入又不等于长期健康结果。 成分或仪器指标不能完整代替实际摄入和感官接受。 食品组成、感官体验与长期营养结果是不同评价层次。","false"
"food-5","food","食品分析","food-5","direction-case","食品分析研究档案：成分、加工变化与感官或膳食记录；组成、摄入及整体模式的分别记录；成分、实际摄入和感官任务条件。需对照的具体条目：批次组成、储存条件与感官任务；输入假设、测量或推导链与不确定性","组成与实际摄入 / 品质与接受","成分丰富不代表摄入足够，实际摄入又不等于长期健康结果。 成分或仪器指标不能完整代替实际摄入和感官接受。 食品组成、感官体验与长期营养结果是不同评价层次。","false"
"food-6","food","食品感官研究","food-6","direction-case","食品感官研究研究档案：成分、加工变化与感官或膳食记录；组成、摄入及整体模式的分别记录；成分、实际摄入和感官任务条件。需对照的具体条目：批次组成、储存条件与感官任务；刺激条件、评价者背景与任务顺序","组成与实际摄入 / 品质与接受","成分丰富不代表摄入足够，实际摄入又不等于长期健康结果。 成分或仪器指标不能完整代替实际摄入和感官接受。 食品组成、感官体验与长期营养结果是不同评价层次。","false"
"food-7","food","食品供应链","food-7","direction-case","食品供应链研究档案：成分、加工变化与感官或膳食记录；组成、摄入及整体模式的分别记录；节点口径、边含义和缺失连接。需对照的具体条目：批次组成、储存条件与感官任务；交付节点、库存位置与需求传递","组成与实际摄入 / 关系与记录","成分丰富不代表摄入足够，实际摄入又不等于长期健康结果。 没有记录到连接不等于不存在关系，边的定义影响结构。 食品组成、感官体验与长期营养结果是不同评价层次。","false"
"food-8","food","膳食与行为","food-8","direction-case","膳食与行为研究档案：成分、加工变化与感官或膳食记录；组成、摄入及整体模式的分别记录；成分、实际摄入和感官任务条件。需对照食品性质与食用情境中的定义、对象索引与适用条件","组成与实际摄入 / 品质与接受","成分丰富不代表摄入足够，实际摄入又不等于长期健康结果。 成分或仪器指标不能完整代替实际摄入和感官接受。 食品组成、感官体验与长期营养结果是不同评价层次。","false"
"food-9","food","营养政策","food-9","direction-case","营养政策研究档案：成分、加工变化与感官或膳食记录；组成、摄入及整体模式的分别记录；成分、实际摄入和感官任务条件；正式文本、执行条件与被排除的对象。需对照的具体条目：文本目标、执行资源与受影响范围","组成与实际摄入 / 品质与接受","成分丰富不代表摄入足够，实际摄入又不等于长期健康结果。 成分或仪器指标不能完整代替实际摄入和感官接受。 食品组成、感官体验与长期营养结果是不同评价层次。","false"
"pharmacy-4","pharmacy","药剂学与递送研究","pharmacy-4","case","制剂性质、释放资料和暴露信息","制剂与使用","制剂表现、实际暴露和患者使用是不同层次的对象。 靶点、功能、暴露和临床获益各需相应证据。","false"
"pharmacy-5","pharmacy","天然产物研究","pharmacy-5","case","来源批次、成分谱与功能资料","术语与证据层次","术语相似、传统使用和成分存在都不能独立证明临床获益。 靶点、功能、暴露和临床获益各需相应证据。","false"
"pharmacy-6","pharmacy","计算药学","pharmacy-6","case","模型输入、评分基线与独立验证资料","暴露与作用 / 模型与人体","记录暴露或传统使用不自动证明药效或临床获益。 模型中的作用、计算评分和患者获益是不同证据层次。 靶点、功能、暴露和临床获益各需相应证据。","false"
"pharmacy-7","pharmacy","药物安全性研究","pharmacy-7","case","暴露人群、事件定义与报告来源","暴露与作用","记录暴露或传统使用不自动证明药效或临床获益。 靶点、功能、暴露和临床获益各需相应证据。","false"
"pharmacy-8","pharmacy","药物经济学","pharmacy-8","case","成本口径、效用来源与时间范围","暴露与作用","记录暴露或传统使用不自动证明药效或临床获益。 靶点、功能、暴露和临床获益各需相应证据。","false"
"pharmacy-9","pharmacy","药学服务","pharmacy-9","case","沟通记录、理解程度与实际执行资料","暴露与作用 / 制剂与使用","记录暴露或传统使用不自动证明药效或临床获益。 制剂表现、实际暴露和患者使用是不同层次的对象。 靶点、功能、暴露和临床获益各需相应证据。","false"
"nursing-4","nursing","慢病照护","nursing-4","direction-case","慢病照护研究档案：照护过程、交接记录与患者自述；计划、实施与患者本人或代理报告。需对照的具体条目：实施时间线、交接信息与本人报告；持续暴露、多病共存与长期观察","交付与体验","安排好的措施不等于实施，代理报告不等于患者本人体验。 计划、实施和患者体验不能以登记完成来相互替代。","false"
"nursing-5","nursing","老年护理","nursing-5","direction-case","老年护理研究档案：照护过程、交接记录与患者自述；功能储备、年龄及照护需要；计划、实施与患者本人或代理报告。需对照的具体条目：实施时间线、交接信息与本人报告","年龄与功能储备 / 交付与体验","同年龄的人可具有不同功能及适应能力，年龄不是完整机制解释。 安排好的措施不等于实施，代理报告不等于患者本人体验。 计划、实施和患者体验不能以登记完成来相互替代。","false"
"nursing-6","nursing","心理与精神护理","nursing-6","direction-case","心理与精神护理研究档案：照护过程、交接记录与患者自述；计划、实施与患者本人或代理报告；任务版本、构念定义和状态条件。需对照的具体条目：实施时间线、交接信息与本人报告；任务版本、状态条件与构念定义","交付与体验 / 分数与构念","安排好的措施不等于实施，代理报告不等于患者本人体验。 任务分数并不直接等于完整心理构念，状态也可改变表现。 计划、实施和患者体验不能以登记完成来相互替代。","false"
"nursing-7","nursing","护理管理","nursing-7","direction-case","护理管理研究档案：照护过程、交接记录与患者自述；计划、实施与患者本人或代理报告；正式文本、执行条件与被排除的对象。需对照的具体条目：实施时间线、交接信息与本人报告","交付与体验","安排好的措施不等于实施，代理报告不等于患者本人体验。 计划、实施和患者体验不能以登记完成来相互替代。","false"
"nursing-8","nursing","护理信息","nursing-8","direction-case","护理信息研究档案：照护过程、交接记录与患者自述；计划、实施与患者本人或代理报告；版本规则、对象索引和使用任务。需对照的具体条目：实施时间线、交接信息与本人报告","交付与体验 / 记录与对象","安排好的措施不等于实施，代理报告不等于患者本人体验。 记录格式一致不保证对象相同，版本变化必须追溯。 计划、实施和患者体验不能以登记完成来相互替代。","false"
"nursing-9","nursing","护理质量与评价","nursing-9","direction-case","护理质量与评价研究档案：照护过程、交接记录与患者自述；计划、实施与患者本人或代理报告；版本变更、异常记录和失败复核。需对照的具体条目：实施时间线、交接信息与本人报告","交付与体验","安排好的措施不等于实施，代理报告不等于患者本人体验。 计划、实施和患者体验不能以登记完成来相互替代。","false"
"management-4","management","战略管理","management-4","direction-case","战略管理研究档案：分工流程、资源使用与绩效口径；决策责任、执行资源和反馈循环；正式文本、执行条件与被排除的对象。需对照的具体条目：公开目标、行动约束与其他参与者解释","目标与执行","宣布目标不意味着资源、激励及执行条件已到位。 局部指标改善可能转移负担，需检查整体目标。","false"
"management-5","management","市场营销","management-5","direction-case","市场营销研究档案：分工流程、资源使用与绩效口径；选择集合、机会成本和价格条件。需对照的具体条目：接触渠道、选择机会与购买条件","观察选择与偏好","选择变化可以来自约束或可得方案，不一定是偏好改变。 局部指标改善可能转移负担，需检查整体目标。","false"
"management-6","management","人力与组织发展","management-6","direction-case","人力与组织发展研究档案：分工流程、资源使用与绩效口径；对象进入、角色关系和机会结构；决策责任、执行资源和反馈循环；正式文本、执行条件与被排除的对象。需对照的具体条目：角色分工、资源联系与实际协调；招聘机会、职责变化与人员退出","个体与结构 / 目标与执行","个体选择受可得机会限制，观察到的行为不能仅归因于偏好。 宣布目标不意味着资源、激励及执行条件已到位。 局部指标改善可能转移负担，需检查整体目标。","false"
"management-7","management","信息管理","management-7","direction-case","信息管理研究档案：分工流程、资源使用与绩效口径；决策责任、执行资源和反馈循环；版本规则、对象索引和使用任务；正式文本、执行条件与被排除的对象。需对照组织行动与绩效中的定义、对象索引与适用条件","目标与执行 / 记录与对象","宣布目标不意味着资源、激励及执行条件已到位。 记录格式一致不保证对象相同，版本变化必须追溯。 局部指标改善可能转移负担，需检查整体目标。","false"
"management-8","management","供应链管理","management-8","concept","库存水平、订单等待与缺货登记","局部效率与系统绩效","压低某一环节库存可把等待转移给下游；局部周转改善未必改善整体交付。","false"
"management-9","management","创新与创业","management-9","direction-case","创新与创业研究档案：分工流程、资源使用与绩效口径；决策责任、执行资源和反馈循环。需对照的具体条目：新方案定义、采用条件与失败案例；资源入口、存活选择与退出经历","目标与执行","宣布目标不意味着资源、激励及执行条件已到位。 局部指标改善可能转移负担，需检查整体目标。","false"
"publicadmin-4","publicadmin","城市治理","publicadmin-4","direction-case","城市治理研究档案：政策条文、执行层次与受益记录；地理单元、时期边界和地方制度；公开文件、责任分配和资源约束；正式文本、执行条件与被排除的对象。需对照的具体条目：进入机会、空间路径与地方制度；规则来源、执行条件与行动者立场","同名与可比 / 公开记录与实践","同名指标可在不同地区有不同含义，需保留制度语境。 公开记录受可披露性与编写目的影响，不等于全部实践。 政策目标不是实施事实，平均表现会掩盖不同人群的可及性。","false"
"publicadmin-5","publicadmin","数字治理","publicadmin-5","direction-case","数字治理研究档案：政策条文、执行层次与受益记录；版本规则、对象索引和使用任务；公开文件、责任分配和资源约束；正式文本、执行条件与被排除的对象。需对照的具体条目：规则来源、执行条件与行动者立场；编码规则、平台入口与不可见记录","记录与对象 / 公开记录与实践","记录格式一致不保证对象相同，版本变化必须追溯。 公开记录受可披露性与编写目的影响，不等于全部实践。 政策目标不是实施事实，平均表现会掩盖不同人群的可及性。","false"
"publicadmin-6","publicadmin","社会保障","publicadmin-6","direction-case","社会保障研究档案：政策条文、执行层次与受益记录；对象进入、角色关系和机会结构；需求、服务资格和未进入服务者。需对照的具体条目：需求清单、交付节点与资源占用","个体与结构 / 使用与需求","个体选择受可得机会限制，观察到的行为不能仅归因于偏好。 服务使用量受供给和资格影响，不能单独表示需求。 政策目标不是实施事实，平均表现会掩盖不同人群的可及性。","false"
"publicadmin-7","publicadmin","公共财政","publicadmin-7","direction-case","公共财政研究档案：政策条文、执行层次与受益记录；责任边界、使用条件和资源约束；计量单位、时间窗口和未计入的投入。需对照的具体条目：法定支付、行为反应与最终负担","声明与保障","声明达标不保证条件持续满足，需要可检查的运行记录。 政策目标不是实施事实，平均表现会掩盖不同人群的可及性。","false"
"publicadmin-8","publicadmin","非营利组织","publicadmin-8","direction-case","非营利组织研究档案：政策条文、执行层次与受益记录；对象进入、角色关系和机会结构；需求、服务资格和未进入服务者；正式文本、执行条件与被排除的对象。需对照的具体条目：角色分工、资源联系与实际协调","个体与结构 / 使用与需求","个体选择受可得机会限制，观察到的行为不能仅归因于偏好。 服务使用量受供给和资格影响，不能单独表示需求。 政策目标不是实施事实，平均表现会掩盖不同人群的可及性。","false"
"publicadmin-9","publicadmin","政策评价","publicadmin-9","direction-case","政策评价研究档案：政策条文、执行层次与受益记录；干预时间、比较资格和同期变化；公开文件、责任分配和资源约束；正式文本、执行条件与被排除的对象。需对照的具体条目：文本目标、执行资源与受影响范围","差异与因果 / 公开记录与实践","观察差异也可能来自选择和同期变化，需额外识别依据。 公开记录受可披露性与编写目的影响，不等于全部实践。 政策目标不是实施事实，平均表现会掩盖不同人群的可及性。","false"
"music-4","music","作曲与声音创作","music-4","concept","乐谱草稿、动机变形与段落连接标记","动机与曲式","动机的节奏、音程或位置变化可形成发展；相似片段仍需放在段落功能中解释。","false"
"music-5","music","音乐教育","music-5","direction-case","音乐教育研究档案：教学任务、学生作答与撤去帮助后的新题；相关领域文献对“谱本版本、声部关系与演出场次”的用语与记录方式；任务目标、辅助条件和延迟表现。需对照的具体条目：谱本、演奏选择与声学条件","表现与学习","当场完成可受辅助影响，撤去帮助后的迁移才回答另一类问题。","false"
"music-6","music","民族音乐研究","music-6","direction-case","民族音乐研究研究档案：谱本版本、声部关系与演出场次；谱本、声音记录和表演条件。需对照的具体条目：身份称谓、互动位置与传承实践；谱本、演奏选择与声学条件；当地分类、传承关系与演出情境","谱本与实践","谱本不完整规定演奏，录音还包含声学和制作因素。 谱面、演奏处理和听觉接受需要分别解释。","false"
"music-7","music","戏剧表演","music-7","direction-case","戏剧表演研究档案：谱本版本、声部关系与演出场次；排演文本、身体动作和观众位置；谱本或排演文本、演出记录和现场条件。需对照的具体条目：排演文本、行动选择与观众位置","文本与演出","文本未完整规定舞台行动，演出也会改变文本理解。 谱面、演奏处理和听觉接受需要分别解释。","false"
"music-8","music","影视制作与叙事","music-8","direction-case","影视制作与叙事研究档案：关键段落、话语位置和相反解释；相关领域文献对“谱本版本、声部关系与演出场次”的用语与记录方式；镜头顺序、声画关系和版本差异。需对照的具体条目：叙述声音、关键片段与版本语境；镜头顺序、声画关系与发行版本","镜头与叙事","单镜头内容不能完整说明剪辑后产生的叙事关系。","false"
"music-9","music","媒介艺术与声音设计","music-9","direction-case","媒介艺术与声音设计研究档案：谱本版本、声部关系与演出场次；生产记录、传播路径和接触机会；设计任务、迭代版本和使用者反馈；任务路径、迭代版本和错误恢复记录。需对照的具体条目：媒介形式、生产条件与可见性规则","接触与影响 / 意图与理解","看过材料不等于改变了态度，平台可见记录不代表全体受众。 设计者希望表达的含义不等于使用者实际理解。 谱面、演奏处理和听觉接受需要分别解释。","false"
"military-4","military","安全政策研究","military-4","direction-case","安全政策研究研究档案：公开政策、历史叙事与资源制度；正式规则、实际执行和行为者立场；公开文件、责任分配和资源约束；正式文本、执行条件与被排除的对象。需对照的具体条目：公开信号、相互解释与承诺兑现；文本目标、执行资源与受影响范围","规则与运行 / 公开记录与实践","正式文本相同不保证执行资源和实践相同。 公开记录受可披露性与编写目的影响，不等于全部实践。 公开表态与能力、意图不同，史料不能覆盖隐秘决策。","false"
"military-5","military","战略思想史","military-5","direction-case","战略思想史研究档案：同时代记载与后期整理本的年代对照；相关领域文献对“公开政策、历史叙事与资源制度”的用语与记录方式；年代、出处和同时代对照；同时代资料、后期整理和出处链。需对照的具体条目：公开目标、行动约束与其他参与者解释；概念用法、论争对象与传播时点","当时与后来 / 记录与过去实践","后来形成的分类不能直接替代行动者当时使用的概念。 留存资料受保存及整理选择影响，不是过去实践的完整镜像。","false"
"military-6","military","组织决策研究","military-6","direction-case","组织决策研究研究档案：公开政策、历史叙事与资源制度；公开文件、责任分配和资源约束；正式文本、执行条件与被排除的对象。需对照的具体条目：可得方案、判断时点与约束依据；角色分工、资源联系与实际协调","公开记录与实践","公开记录受可披露性与编写目的影响，不等于全部实践。 公开表态与能力、意图不同，史料不能覆盖隐秘决策。","false"
"military-7","military","保障与资源评价","military-7","concept","公开后勤预算、需求口径与交付节点","资源规模与保障效能","预算增加不代表关键需求得到及时满足；等待、接口和资源用途共同影响交付。","false"
"military-8","military","安全与社会研究","military-8","direction-case","安全与社会研究研究档案：公开政策、历史叙事与资源制度；正式规则、实际执行和行为者立场。需对照的具体条目：公开信号、相互解释与承诺兑现","规则与运行","正式文本相同不保证执行资源和实践相同。 公开表态与能力、意图不同，史料不能覆盖隐秘决策。","false"
"military-9","military","科技与战略治理","military-9","direction-case","科技与战略治理研究档案：公开政策、历史叙事与资源制度；正式规则、实际执行和行为者立场；公开文件、责任分配和资源约束；正式文本、执行条件与被排除的对象。需对照的具体条目：规则来源、执行条件与行动者立场；仪器记录、研究制度与知识传播；公开目标、行动约束与其他参与者解释","规则与运行 / 公开记录与实践","正式文本相同不保证执行资源和实践相同。 公开记录受可披露性与编写目的影响，不等于全部实践。 公开表态与能力、意图不同，史料不能覆盖隐秘决策。","false"
"interdisciplinary-4","interdisciplinary","计算与领域研究","interdisciplinary-4","direction-case","计算与领域研究研究档案：两侧研究对象、术语含义与证据接口；双方术语、共同对象和验证分工。需对照跨领域共同问题中的定义、对象索引与适用条件","共同问题与拼接方法","并列两套方法不是交叉研究，需要可以共同检验的问题。 并列使用方法不是整合，须明确证据怎样回答同一问题。","false"
"interdisciplinary-5","interdisciplinary","数据与社会研究","interdisciplinary-5","direction-case","数据与社会研究研究档案：两侧研究对象、术语含义与证据接口；对象进入、角色关系和机会结构。需对照跨领域共同问题中的定义、对象索引与适用条件","个体与结构","个体选择受可得机会限制，观察到的行为不能仅归因于偏好。 并列使用方法不是整合，须明确证据怎样回答同一问题。","false"
"interdisciplinary-6","interdisciplinary","健康与技术研究","interdisciplinary-6","concept","健康任务、传感指标与服务流程","技术性能与服务作用","识别准确率改善不自动改变服务行动；需看信息怎样进入工作流程及产生何种后果。","false"
"interdisciplinary-7","interdisciplinary","环境与设计研究","interdisciplinary-7","direction-case","环境与设计研究研究档案：两侧研究对象、术语含义与证据接口；设计任务、迭代版本和使用者反馈；任务路径、迭代版本和错误恢复记录。需对照跨领域共同问题中的定义、对象索引与适用条件","意图与理解","设计者希望表达的含义不等于使用者实际理解。 并列使用方法不是整合，须明确证据怎样回答同一问题。","false"
"interdisciplinary-8","interdisciplinary","文化与数字研究","interdisciplinary-8","concept","数字化文本、版本语义与阅读任务","机器可读与学术可比","能被计算机读取不代表版本和语义一致；数字化过程会选择并改变可见材料。","false"
"interdisciplinary-9","interdisciplinary","系统与资源研究","interdisciplinary-9","direction-case","系统与资源研究研究档案：两侧研究对象、术语含义与证据接口；系统边界、反馈连接和尺度转换；公开文件、责任分配和资源约束；计量单位、时间窗口和未计入的投入。需对照跨领域共同问题中的定义、对象索引与适用条件","局部与系统 / 公开记录与实践","局部部件的收益可能被反馈和协调成本改变。 公开记录受可披露性与编写目的影响，不等于全部实践。 并列使用方法不是整合，须明确证据怎样回答同一问题。","false"
"statistics-4","statistics","贝叶斯统计","statistics-4","direction-case","贝叶斯统计研究档案：独立单位、抽样过程与估计不确定性；随机变量、条件事件和分布假设。需对照的具体条目：先验预测、似然定义与后验敏感性","条件与边际","分层后的关系可以与总体关系不同，必须说明条件。 估计含义由目标和设计决定，样本大不能代替正确独立单位。","false"
"statistics-5","statistics","因果推断","statistics-5","direction-case","因果推断研究档案：独立单位、抽样过程与估计不确定性；干预时间、比较资格和同期变化；比较资格、干预前趋势和同期冲击。需对照的具体条目：目标比较、干预起点与选择机制","差异与因果","观察差异也可能来自选择和同期变化，需额外识别依据。 估计含义由目标和设计决定，样本大不能代替正确独立单位。","false"
"statistics-6","statistics","实验与调查设计","statistics-6","direction-case","实验与调查设计研究档案：独立单位、抽样过程与估计不确定性；干预时间、比较资格和同期变化；比较资格、干预前趋势和同期冲击。需对照估计目标与抽样中的定义、对象索引与适用条件","差异与因果","观察差异也可能来自选择和同期变化，需额外识别依据。 估计含义由目标和设计决定，样本大不能代替正确独立单位。","false"
"statistics-7","statistics","生物统计","statistics-7","direction-case","生物统计研究档案：独立单位、抽样过程与估计不确定性；随机变量、条件事件和分布假设；细胞组成、功能层次和独立来源。需对照估计目标与抽样中的定义、对象索引与适用条件","条件与边际 / 组成与状态","分层后的关系可以与总体关系不同，必须说明条件。 群体差异可能来自组成与单元状态两方面，技术重复不是独立对象。 估计含义由目标和设计决定，样本大不能代替正确独立单位。","false"
"statistics-8","statistics","稳健与非参数方法","statistics-8","direction-case","稳健与非参数方法研究档案：独立单位、抽样过程与估计不确定性；异常来源、分布假设和敏感性结果。需对照的具体条目：污染范围、秩信息与分布条件；输入要求、适用前提与方法失败条件","稳健与无假设","稳健或非参数方法仍有条件，并非对所有污染都免疫。 估计含义由目标和设计决定，样本大不能代替正确独立单位。","false"
"statistics-9","statistics","计算统计","statistics-9","direction-case","计算统计研究档案：独立单位、抽样过程与估计不确定性；随机变量、条件事件和分布假设。需对照的具体条目：计算误差、诊断结果与重复运行","条件与边际","分层后的关系可以与总体关系不同，必须说明条件。 估计含义由目标和设计决定，样本大不能代替正确独立单位。","false"
"astronomy-4","astronomy","太阳与空间环境","astronomy-4","direction-case","太阳与空间环境研究档案：光谱、亮度时序与望远镜覆盖；观测选择、红移或距离估计和检出阈值；来源、迁移途径和受影响对象；坐标基准、空间单元和不同尺度的对照。需对照天体信号与观测选择中的定义、对象索引与适用条件","检出与总体 / 来源与负担","检出的对象受亮度、时间和设备选择影响。 排放减少与受影响对象负担减少需要通过路径联系。 观测目录会受亮度阈值和观测窗口选择影响。","false"
"astronomy-5","astronomy","行星与系外行星","astronomy-5","direction-case","行星与系外行星研究档案：光谱、亮度时序与望远镜覆盖；观测选择、红移或距离估计和检出阈值。需对照的具体条目：轨道周期、检出机会与宿主条件","检出与总体","检出的对象受亮度、时间和设备选择影响。 观测目录会受亮度阈值和观测窗口选择影响。","false"
"astronomy-6","astronomy","星际介质","astronomy-6","direction-case","星际介质研究档案：光谱、亮度时序与望远镜覆盖；观测选择、红移或距离估计和检出阈值。需对照的具体条目：介质状态、视线积分与谱线指认","检出与总体","检出的对象受亮度、时间和设备选择影响。 观测目录会受亮度阈值和观测窗口选择影响。","false"
"astronomy-7","astronomy","高能与多信使观测","astronomy-7","direction-case","高能与多信使观测研究档案：光谱、亮度时序与望远镜覆盖；观测选择、红移或距离估计和检出阈值；参考依据、重复读数和误差分项。需对照天体信号与观测选择中的定义、对象索引与适用条件","检出与总体","检出的对象受亮度、时间和设备选择影响。 观测目录会受亮度阈值和观测窗口选择影响。","false"
"astronomy-8","astronomy","天文数据分析","astronomy-8","direction-case","天文数据分析研究档案：光谱、亮度时序与望远镜覆盖；观测选择、红移或距离估计和检出阈值。需对照的具体条目：来源划分、目标变量与评估基线；输入假设、测量或推导链与不确定性","检出与总体","检出的对象受亮度、时间和设备选择影响。 观测目录会受亮度阈值和观测窗口选择影响。","false"
"astronomy-9","astronomy","望远镜与观测系统","astronomy-9","direction-case","望远镜与观测系统研究档案：光谱、亮度时序与望远镜覆盖；观测选择、红移或距离估计和检出阈值；系统边界、反馈连接和尺度转换；参考依据、重复读数和误差分项。需对照天体信号与观测选择中的定义、对象索引与适用条件","检出与总体 / 局部与系统","检出的对象受亮度、时间和设备选择影响。 局部部件的收益可能被反馈和协调成本改变。 观测目录会受亮度阈值和观测窗口选择影响。","false"
"sociology-4","sociology","人口与家庭","sociology-4","direction-case","人口与家庭研究档案：社会类别、关系网络与制度情境；对象进入、角色关系和机会结构。需对照的具体条目：亲属角色、家务分担与资源流动；年龄结构、进入退出与统计分母","个体与结构","个体选择受可得机会限制，观察到的行为不能仅归因于偏好。 群体差异并不自动说明个体行为机制。","false"
"sociology-5","sociology","劳动与职业","sociology-5","direction-case","劳动与职业研究档案：社会类别、关系网络与制度情境；对象进入、角色关系和机会结构。需对照的具体条目：进入退出、工时与收入分布","个体与结构","个体选择受可得机会限制，观察到的行为不能仅归因于偏好。 群体差异并不自动说明个体行为机制。","false"
"sociology-6","sociology","健康与医学社会学","sociology-6","direction-case","健康与医学社会学研究档案：社会类别、关系网络与制度情境；对象进入、角色关系和机会结构。需对照的具体条目：疾病经验、服务关系与制度约束","个体与结构","个体选择受可得机会限制，观察到的行为不能仅归因于偏好。 群体差异并不自动说明个体行为机制。","false"
"sociology-7","sociology","数字社会学","sociology-7","direction-case","数字社会学研究档案：社会类别、关系网络与制度情境；对象进入、角色关系和机会结构。需对照的具体条目：编码规则、平台入口与不可见记录","个体与结构","个体选择受可得机会限制，观察到的行为不能仅归因于偏好。 群体差异并不自动说明个体行为机制。","false"
"sociology-8","sociology","文化社会学","sociology-8","direction-case","文化社会学研究档案：社会类别、关系网络与制度情境；对象进入、角色关系和机会结构。需对照的具体条目：实践语境、符号用法与传承位置","个体与结构","个体选择受可得机会限制，观察到的行为不能仅归因于偏好。 群体差异并不自动说明个体行为机制。","false"
"sociology-9","sociology","社会方法研究","sociology-9","direction-case","社会方法研究研究档案：规范版本、争议事实和适用要件；相关领域文献对“社会类别、关系网络与制度情境”的用语与记录方式；法域、条文版本和事实要件。需对照的具体条目：输入要求、适用前提与方法失败条件","规范与适用","同名制度可能有不同要件，规范主张须与具体法域及版本对应。","false"
"anthropology-4","anthropology","城市人类学","anthropology-4","direction-case","城市人类学研究档案：逐轮对话、在场关系和沉默位置；相关领域文献对“地方分类、访谈语境与参与关系”的用语与记录方式；交往位置、叙述轮次和观察情境。需对照的具体条目：进入机会、空间路径与地方制度","叙述与情境","相同问题在不同关系中可获得不同回答，差异不是天然的矛盾。","false"
"anthropology-5","anthropology","医学人类学","anthropology-5","direction-case","医学人类学研究档案：逐轮对话、在场关系和沉默位置；相关领域文献对“地方分类、访谈语境与参与关系”的用语与记录方式；交往位置、叙述轮次和观察情境。需对照的具体条目：病痛叙述、照护关系与地方疾病分类","叙述与情境","相同问题在不同关系中可获得不同回答，差异不是天然的矛盾。","false"
"anthropology-6","anthropology","数字人类学","anthropology-6","direction-case","数字人类学研究档案：逐轮对话、在场关系和沉默位置；相关领域文献对“地方分类、访谈语境与参与关系”的用语与记录方式；交往位置、叙述轮次和观察情境。需对照的具体条目：编码规则、平台入口与不可见记录","叙述与情境","相同问题在不同关系中可获得不同回答，差异不是天然的矛盾。","false"
"anthropology-7","anthropology","经济人类学","anthropology-7","direction-case","经济人类学研究档案：逐轮对话、在场关系和沉默位置；相关领域文献对“地方分类、访谈语境与参与关系”的用语与记录方式；交往位置、叙述轮次和观察情境。需对照的具体条目：交换关系、价值用语与地方实践","叙述与情境","相同问题在不同关系中可获得不同回答，差异不是天然的矛盾。","false"
"anthropology-8","anthropology","语言人类学","anthropology-8","direction-case","语言人类学研究档案：逐轮对话、在场关系和沉默位置；相关领域文献对“地方分类、访谈语境与参与关系”的用语与记录方式；交往位置、叙述轮次和观察情境。需对照的具体条目：语言行动、互动权力与当地语境","叙述与情境","相同问题在不同关系中可获得不同回答，差异不是天然的矛盾。","false"
"anthropology-9","anthropology","遗产与公众人类学","anthropology-9","direction-case","遗产与公众人类学研究档案：公开来源、展陈取舍与观众提出的问题；相关领域文献对“地方分类、访谈语境与参与关系”的用语与记录方式；交往位置、叙述轮次和观察情境。需对照文化实践与研究关系中的定义、对象索引与适用条件","叙述与情境","相同问题在不同关系中可获得不同回答，差异不是天然的矛盾。","false"
"archaeology-4","archaeology","史前考古","archaeology-4","direction-case","史前考古研究档案：同时代记载与后期整理本的年代对照；相关领域文献对“出土位置、地层堆积与器物组合”的用语与记录方式；年代、出处和同时代对照；同时代资料、后期整理和出处链。需对照的具体条目：层位关系、形成过程与出土位置；年代区间、遗存分类与非文字证据","当时与后来 / 记录与过去实践","后来形成的分类不能直接替代行动者当时使用的概念。 留存资料受保存及整理选择影响，不是过去实践的完整镜像。","false"
"archaeology-5","archaeology","历史考古","archaeology-5","direction-case","历史考古研究档案：同时代记载与后期整理本的年代对照；相关领域文献对“出土位置、地层堆积与器物组合”的用语与记录方式；年代、出处和同时代对照；同时代资料、后期整理和出处链。需对照的具体条目：层位关系、形成过程与出土位置","当时与后来 / 记录与过去实践","后来形成的分类不能直接替代行动者当时使用的概念。 留存资料受保存及整理选择影响，不是过去实践的完整镜像。","false"
"archaeology-6","archaeology","环境考古","archaeology-6","direction-case","环境考古研究档案：出土位置、地层堆积与器物组合；出土位置、地层关系和形成过程。需对照的具体条目：层位关系、形成过程与出土位置；沉积环境、保存条件与遗存选择","埋藏与使用","同层出土不自动意味着同时使用，后期扰动也会混合材料。 物品年代、堆积时间和发现位置可能不同。","false"
"archaeology-7","archaeology","动物与植物考古","archaeology-7","direction-case","动物与植物考古研究档案：出土位置、地层堆积与器物组合；出土位置、地层关系和形成过程。需对照的具体条目：层位关系、形成过程与出土位置；物种识别、遗存保存与利用情境","埋藏与使用","同层出土不自动意味着同时使用，后期扰动也会混合材料。 物品年代、堆积时间和发现位置可能不同。","false"
"archaeology-8","archaeology","数字与空间考古","archaeology-8","direction-case","数字与空间考古研究档案：出土位置、地层堆积与器物组合；出土位置、地层关系和形成过程；地理单元、时期边界和地方制度；坐标基准、空间单元和不同尺度的对照。需对照的具体条目：层位关系、形成过程与出土位置；编码规则、平台入口与不可见记录","埋藏与使用 / 同名与可比","同层出土不自动意味着同时使用，后期扰动也会混合材料。 同名指标可在不同地区有不同含义，需保留制度语境。 物品年代、堆积时间和发现位置可能不同。","false"
"archaeology-9","archaeology","遗产保护与管理","archaeology-9","direction-case","遗产保护与管理研究档案：出土位置、地层堆积与器物组合；来源链、材料状态和保存环境；正式文本、执行条件与被排除的对象。需对照遗址、层位与形成过程中的定义、对象索引与适用条件","来源与状态","外观改善不能证明来源可靠或长期保存稳定。 物品年代、堆积时间和发现位置可能不同。","false"
"geography-4","geography","经济地理","geography-4","direction-case","经济地理研究档案：空间边界、邻接关系与尺度转换；坐标基准、空间支持和分类边界；坐标基准、空间单元和不同尺度的对照。需对照的具体条目：产业位置、联结成本与资源流动","位置与尺度","聚合尺度与分类边界会改变空间关系，不能只比较图色。 划分单元改变可能改变统计关系，区域结果不直接代表个人。","false"
"geography-5","geography","城市地理","geography-5","direction-case","城市地理研究档案：空间边界、邻接关系与尺度转换；坐标基准、空间支持和分类边界；地理单元、时期边界和地方制度；坐标基准、空间单元和不同尺度的对照。需对照的具体条目：进入机会、空间路径与地方制度","位置与尺度 / 同名与可比","聚合尺度与分类边界会改变空间关系，不能只比较图色。 同名指标可在不同地区有不同含义，需保留制度语境。 划分单元改变可能改变统计关系，区域结果不直接代表个人。","false"
"geography-6","geography","旅游与文化地理","geography-6","direction-case","旅游与文化地理研究档案：空间边界、邻接关系与尺度转换；坐标基准、空间支持和分类边界；到访机会、服务链和当地负担；坐标基准、空间单元和不同尺度的对照。需对照的具体条目：到访选择、服务链与居民负担；实践语境、符号用法与传承位置","位置与尺度 / 收入与整体影响","聚合尺度与分类边界会改变空间关系，不能只比较图色。 收入增长不能单独代表居民收益或环境可持续性。 划分单元改变可能改变统计关系，区域结果不直接代表个人。","false"
"geography-7","geography","遥感地理","geography-7","direction-case","遥感地理研究档案：空间边界、邻接关系与尺度转换；坐标基准、空间支持和分类边界；坐标基准、空间单元和不同尺度的对照。需对照的具体条目：地面参照、像元支持与反演条件","位置与尺度","聚合尺度与分类边界会改变空间关系，不能只比较图色。 划分单元改变可能改变统计关系，区域结果不直接代表个人。","false"
"geography-8","geography","地理建模","geography-8","direction-case","地理建模研究档案：空间边界、邻接关系与尺度转换；坐标基准、空间支持和分类边界；模型边界、参数来源和验证情境；参数出处、边界条件和独立检验情境。需对照空间单元与地理过程中的定义、对象索引与适用条件","位置与尺度 / 拟合与检验","聚合尺度与分类边界会改变空间关系，不能只比较图色。 校准资料不能同时充当完全独立的验证资料。 划分单元改变可能改变统计关系，区域结果不直接代表个人。","false"
"geography-9","geography","地理教育与公众地图","geography-9","direction-case","地理教育与公众地图研究档案：教学任务、学生作答与撤去帮助后的新题；相关领域文献对“空间边界、邻接关系与尺度转换”的用语与记录方式；任务目标、辅助条件和延迟表现。需对照空间单元与地理过程中的定义、对象索引与适用条件","表现与学习","当场完成可受辅助影响，撤去帮助后的迁移才回答另一类问题。","false"
"materials-4","materials","金属与合金","materials-4","direction-case","金属与合金研究档案：成分、微结构与载荷环境；结构分布、缺陷表征和性质条件。需对照的具体条目：物相、缺陷分布与加工历程","结构与组成","相同名义组成可有不同结构分布，因此性质未必相同。 同成分材料可因结构、缺陷与工况具有不同性质。","false"
"materials-5","materials","陶瓷与无机材料","materials-5","direction-case","陶瓷与无机材料研究档案：成分、微结构与载荷环境；结构分布、缺陷表征和性质条件；物种指认、平衡条件和测量信号。需对照的具体条目：配位状态、物相与组成比例；胎釉特征、制作痕迹与流通情境","结构与组成 / 指认与定量","相同名义组成可有不同结构分布，因此性质未必相同。 能指认某成分不等于已准确测量其含量。 同成分材料可因结构、缺陷与工况具有不同性质。","false"
"materials-6","materials","聚合物材料","materials-6","direction-case","聚合物材料研究档案：成分、微结构与载荷环境；结构分布、缺陷表征和性质条件。需对照的具体条目：分子量分布、链结构与材料状态","结构与组成","相同名义组成可有不同结构分布，因此性质未必相同。 同成分材料可因结构、缺陷与工况具有不同性质。","false"
"materials-7","materials","电子与光电材料","materials-7","direction-case","电子与光电材料研究档案：成分、微结构与载荷环境；光路、光谱响应和探测器背景；结构分布、缺陷表征和性质条件。需对照微结构与材料性能中的定义、对象索引与适用条件","响应与输入 / 结构与组成","探测器读数包含系统响应，不能直接当成入射光的真实分布。 相同名义组成可有不同结构分布，因此性质未必相同。 同成分材料可因结构、缺陷与工况具有不同性质。","false"
"materials-8","materials","能源材料","materials-8","direction-case","能源材料研究档案：成分、微结构与载荷环境；结构分布、缺陷表征和性质条件；能量边界、时间负荷和系统服务；计量单位、时间窗口和未计入的投入。需对照微结构与材料性能中的定义、对象索引与适用条件","结构与组成 / 效率与系统收益","相同名义组成可有不同结构分布，因此性质未必相同。 部件效率高不保证系统全年收益更高。 同成分材料可因结构、缺陷与工况具有不同性质。","false"
"materials-9","materials","材料可靠性与评价","materials-9","direction-case","材料可靠性与评价研究档案：成分、微结构与载荷环境；结构分布、缺陷表征和性质条件；失效定义、暴露时长和退出原因；版本变更、异常记录和失败复核。需对照微结构与材料性能中的定义、对象索引与适用条件","结构与组成 / 运行与可靠","相同名义组成可有不同结构分布，因此性质未必相同。 没有记录到失效不等于可靠，需要知道实际使用时长。 同成分材料可因结构、缺陷与工况具有不同性质。","false"
"automation-4","automation","过程控制","automation-4","direction-case","过程控制研究档案：闭环结构、状态观测与扰动响应；输入扰动、反馈状态和响应轨迹；时间戳、状态阶段和变化前后的并列记录。需对照反馈、辨识与系统状态中的定义、对象索引与适用条件","辨识与控制","拟合已有输入输出不保证闭环稳定或未见工况可靠。 模型拟合与控制稳定是不同目标，时延会影响闭环。","false"
"automation-5","automation","嵌入式与实时系统","automation-5","direction-case","嵌入式与实时系统研究档案：闭环结构、状态观测与扰动响应；版本锁定、输入契约和故障复现；系统边界、反馈连接和尺度转换。需对照反馈、辨识与系统状态中的定义、对象索引与适用条件","功能与运行条件 / 局部与系统","一次运行成功不保证更新、资源限制或异常输入下仍可靠。 局部部件的收益可能被反馈和协调成本改变。 模型拟合与控制稳定是不同目标，时延会影响闭环。","false"
"automation-6","automation","无人系统研究","automation-6","direction-case","无人系统研究研究档案：闭环结构、状态观测与扰动响应；输入扰动、反馈状态和响应轨迹；系统边界、反馈连接和尺度转换。需对照反馈、辨识与系统状态中的定义、对象索引与适用条件","辨识与控制 / 局部与系统","拟合已有输入输出不保证闭环稳定或未见工况可靠。 局部部件的收益可能被反馈和协调成本改变。 模型拟合与控制稳定是不同目标，时延会影响闭环。","false"
"automation-7","automation","系统辨识","automation-7","direction-case","系统辨识研究档案：闭环结构、状态观测与扰动响应；输入扰动、反馈状态和响应轨迹；系统边界、反馈连接和尺度转换；参数出处、边界条件和独立检验情境。需对照反馈、辨识与系统状态中的定义、对象索引与适用条件","辨识与控制 / 局部与系统","拟合已有输入输出不保证闭环稳定或未见工况可靠。 局部部件的收益可能被反馈和协调成本改变。 模型拟合与控制稳定是不同目标，时延会影响闭环。","false"
"automation-8","automation","人机协同","automation-8","direction-case","人机协同研究档案：闭环结构、状态观测与扰动响应；节点口径、边含义和缺失连接；任务完成、错误恢复和辅助条件。需对照的具体条目：任务路径、辅助条件与错误恢复","关系与记录 / 完成与体验","没有记录到连接不等于不存在关系，边的定义影响结构。 完成率不能独立概括负担、可及性和错误恢复。 模型拟合与控制稳定是不同目标，时延会影响闭环。","false"
"automation-9","automation","工业智能","automation-9","direction-case","工业智能研究档案：闭环结构、状态观测与扰动响应；系统边界、反馈连接和尺度转换。需对照的具体条目：制造约束、功能任务与使用环境","局部与系统","局部部件的收益可能被反馈和协调成本改变。 模型拟合与控制稳定是不同目标，时延会影响闭环。","false"
"communications-4","communications","光通信","communications-4","direction-case","光通信研究档案：信道时序、编码配置与传输错误；光路、光谱响应和探测器背景；采样条件、频谱结构和噪声假设。需对照的具体条目：链路条件、带宽与误码判据","响应与输入 / 信号与处理","探测器读数包含系统响应，不能直接当成入射光的真实分布。 处理后图形更平滑不等于真实信息更多。 比较性能须保留带宽、功率和时变信道的条件。","false"
"communications-5","communications","卫星与空间通信","communications-5","direction-case","卫星与空间通信研究档案：信道时序、编码配置与传输错误；采样条件、频谱结构和噪声假设；坐标基准、空间单元和不同尺度的对照。需对照的具体条目：链路条件、带宽与误码判据","信号与处理","处理后图形更平滑不等于真实信息更多。 比较性能须保留带宽、功率和时变信道的条件。","false"
"communications-6","communications","网络协议与系统","communications-6","direction-case","网络协议与系统研究档案：信道时序、编码配置与传输错误；节点口径、边含义和缺失连接；系统边界、反馈连接和尺度转换。需对照信道、编码与资源中的定义、对象索引与适用条件","关系与记录 / 局部与系统","没有记录到连接不等于不存在关系，边的定义影响结构。 局部部件的收益可能被反馈和协调成本改变。 比较性能须保留带宽、功率和时变信道的条件。","false"
"communications-7","communications","通信安全与隐私","communications-7","direction-case","通信安全与隐私研究档案：信道时序、编码配置与传输错误；采样条件、频谱结构和噪声假设；公开威胁模型、安全定义和适用假设。需对照的具体条目：链路条件、带宽与误码判据；公开信号、相互解释与承诺兑现","信号与处理 / 保证与假设","处理后图形更平滑不等于真实信息更多。 安全结论只覆盖定义中的攻击者能力与条件。 比较性能须保留带宽、功率和时变信道的条件。","false"
"communications-8","communications","语音与多媒体信号","communications-8","direction-case","语音与多媒体信号研究档案：信道时序、编码配置与传输错误；采样条件、频谱结构和噪声假设。需对照的具体条目：录音条件、最小对立与发音位置","信号与处理","处理后图形更平滑不等于真实信息更多。 比较性能须保留带宽、功率和时变信道的条件。","false"
"communications-9","communications","通信系统评价","communications-9","direction-case","通信系统评价研究档案：信道时序、编码配置与传输错误；采样条件、频谱结构和噪声假设；系统边界、反馈连接和尺度转换。需对照的具体条目：链路条件、带宽与误码判据","信号与处理 / 局部与系统","处理后图形更平滑不等于真实信息更多。 局部部件的收益可能被反馈和协调成本改变。 比较性能须保留带宽、功率和时变信道的条件。","false"
"architecture-4","architecture","建筑历史与理论","architecture-4","direction-case","建筑历史与理论研究档案：同时代记载与后期整理本的年代对照；相关领域文献对“空间图纸、使用路径与环境评价”的用语与记录方式；同时代资料、后期整理和出处链。需对照的具体条目：空间使用、热环境与使用者路径","记录与过去实践","留存资料受保存及整理选择影响，不是过去实践的完整镜像。","false"
"architecture-5","architecture","景观与公共空间","architecture-5","direction-case","景观与公共空间研究档案：空间图纸、使用路径与环境评价；空间使用、环境条件和使用者路径；坐标基准、空间单元和不同尺度的对照。需对照的具体条目：使用时间、活动机会与排除条件","设计与实际使用","图纸目标不能代替建成空间中不同使用者的体验。 设计意图不等于实际使用，空间体验受人群与时间影响。","false"
"architecture-6","architecture","住房与社区","architecture-6","direction-case","住房与社区研究档案：空间图纸、使用路径与环境评价；空间使用、环境条件和使用者路径。需对照的具体条目：进入机会、空间路径与地方制度","设计与实际使用","图纸目标不能代替建成空间中不同使用者的体验。 设计意图不等于实际使用，空间体验受人群与时间影响。","false"
"architecture-7","architecture","建筑数字技术","architecture-7","direction-case","建筑数字技术研究档案：空间图纸、使用路径与环境评价；空间使用、环境条件和使用者路径；版本规则、对象索引和使用任务。需对照的具体条目：空间使用、热环境与使用者路径；编码规则、平台入口与不可见记录；工具版本、使用任务与适用承诺","设计与实际使用 / 记录与对象","图纸目标不能代替建成空间中不同使用者的体验。 记录格式一致不保证对象相同，版本变化必须追溯。 设计意图不等于实际使用，空间体验受人群与时间影响。","false"
"architecture-8","architecture","遗产更新","architecture-8","direction-case","遗产更新研究档案：空间图纸、使用路径与环境评价；来源链、材料状态和保存环境。需对照空间设计与建筑使用中的定义、对象索引与适用条件","来源与状态","外观改善不能证明来源可靠或长期保存稳定。 设计意图不等于实际使用，空间体验受人群与时间影响。","false"
"architecture-9","architecture","建筑评价与人因","architecture-9","direction-case","建筑评价与人因研究档案：空间图纸、使用路径与环境评价；空间使用、环境条件和使用者路径；任务完成、错误恢复和辅助条件。需对照的具体条目：空间使用、热环境与使用者路径","设计与实际使用 / 完成与体验","图纸目标不能代替建成空间中不同使用者的体验。 完成率不能独立概括负担、可及性和错误恢复。 设计意图不等于实际使用，空间体验受人群与时间影响。","false"
"design-4","design","工业与产品设计","design-4","direction-case","工业与产品设计研究档案：原型版本、任务路径与失败反馈；设计任务、迭代版本和使用者反馈；任务路径、迭代版本和错误恢复记录。需对照的具体条目：制造约束、功能任务与使用环境","意图与理解","设计者希望表达的含义不等于使用者实际理解。 用户喜欢不等于能够完成任务，失败路径是设计证据。","false"
"design-5","design","体验与用户研究","design-5","direction-case","体验与用户研究研究档案：原型版本、任务路径与失败反馈；设计任务、迭代版本和使用者反馈。需对照设计任务与使用反馈中的定义、对象索引与适用条件","意图与理解","设计者希望表达的含义不等于使用者实际理解。 用户喜欢不等于能够完成任务，失败路径是设计证据。","false"
"design-6","design","社会创新设计","design-6","direction-case","社会创新设计研究档案：原型版本、任务路径与失败反馈；设计任务、迭代版本和使用者反馈；任务路径、迭代版本和错误恢复记录。需对照的具体条目：新方案定义、采用条件与失败案例","意图与理解","设计者希望表达的含义不等于使用者实际理解。 用户喜欢不等于能够完成任务，失败路径是设计证据。","false"
"design-7","design","可持续设计","design-7","direction-case","可持续设计研究档案：原型版本、任务路径与失败反馈；设计任务、迭代版本和使用者反馈；任务路径、迭代版本和错误恢复记录。需对照的具体条目：评价边界、资源投入与负担转移","意图与理解","设计者希望表达的含义不等于使用者实际理解。 用户喜欢不等于能够完成任务，失败路径是设计证据。","false"
"design-8","design","设计史与理论","design-8","direction-case","设计史与理论研究档案：同时代记载与后期整理本的年代对照；相关领域文献对“原型版本、任务路径与失败反馈”的用语与记录方式；年代、出处和同时代对照；同时代资料、后期整理和出处链。需对照的具体条目：设计文本、使用变迁与生产制度","当时与后来 / 记录与过去实践","后来形成的分类不能直接替代行动者当时使用的概念。 留存资料受保存及整理选择影响，不是过去实践的完整镜像。","false"
"design-9","design","数字与沉浸设计","design-9","direction-case","数字与沉浸设计研究档案：原型版本、任务路径与失败反馈；设计任务、迭代版本和使用者反馈；任务路径、迭代版本和错误恢复记录。需对照的具体条目：编码规则、平台入口与不可见记录；感知条件、交互负担与退出体验","意图与理解","设计者希望表达的含义不等于使用者实际理解。 用户喜欢不等于能够完成任务，失败路径是设计证据。","false"
"publichealth-4","publichealth","健康行为与促进","publichealth-4","direction-case","健康行为与促进研究档案：群体分母、健康事件与服务可及性；目标比较、资料进入和记录变化。需对照群体健康与服务覆盖中的定义、对象索引与适用条件","健康与记录","记录量改变可能来自检测或服务，不能独立证明健康改变。 病例数量不等于发生率，服务覆盖不等于实际健康获益。","false"
"publichealth-5","publichealth","生物统计与方法","publichealth-5","direction-case","生物统计与方法研究档案：群体分母、健康事件与服务可及性；细胞组成、功能层次和独立来源。需对照的具体条目：输入要求、适用前提与方法失败条件","组成与状态","群体差异可能来自组成与单元状态两方面，技术重复不是独立对象。 病例数量不等于发生率，服务覆盖不等于实际健康获益。","false"
"publichealth-6","publichealth","传染病群体研究","publichealth-6","direction-case","传染病群体研究研究档案：群体分母、健康事件与服务可及性；诊断口径、暴露机会和服务路径；目标人群、进入机制和暴露窗口。需对照群体健康与服务覆盖中的定义、对象索引与适用条件","记录与发生 / 样本与目标人群","检验或就诊机会改变会改变记录数量，不等于真实发生同步变化。 能进入资料的人不一定代表全部目标人群。 病例数量不等于发生率，服务覆盖不等于实际健康获益。","false"
"publichealth-7","publichealth","慢病群体研究","publichealth-7","direction-case","慢病群体研究研究档案：群体分母、健康事件与服务可及性；目标人群、进入机制和暴露窗口。需对照的具体条目：持续暴露、多病共存与长期观察","样本与目标人群","能进入资料的人不一定代表全部目标人群。 病例数量不等于发生率，服务覆盖不等于实际健康获益。","false"
"publichealth-8","publichealth","健康公平","publichealth-8","direction-case","健康公平研究档案：行动者理由、利益负担与提出异议的记录；相关领域文献对“群体分母、健康事件与服务可及性”的用语与记录方式；受益负担、行动理由和申诉机会。需对照群体健康与服务覆盖中的定义、对象索引与适用条件","描述与规范","多数偏好或事实描述不能独立证成规范结论。","false"
"publichealth-9","publichealth","全球与社区健康","publichealth-9","direction-case","全球与社区健康研究档案：群体分母、健康事件与服务可及性；目标人群、进入机制和暴露窗口。需对照的具体条目：进入机会、空间路径与地方制度；跨区域联结、地方时序与资料语言","样本与目标人群","能进入资料的人不一定代表全部目标人群。 病例数量不等于发生率，服务覆盖不等于实际健康获益。","false"
"cardiology-1","cardiology","心力衰竭","cardiology-1","concept","心功能分型、活动耐量与再住院时间轴","替代指标与临床结局","功能指标变化与患者能否活动、是否再住院是不同层次；一个指标改善不保证所有结局改善。","false"
"cardiology-2","cardiology","冠心病","cardiology-2","direction-case","冠心病研究档案：心脏结构、循环负荷与心血管事件；心脏负荷与功能的并列记录。需对照的具体条目：血管评价、症状与缺血相关资料","负荷依赖","功能读数可随前后负荷改变，不独立说明收缩机制。 功能指标受负荷影响，不能独立代表结构及长期结局。","false"
"cardiology-3","cardiology","心律失常","cardiology-3","concept","监测覆盖时长、心律事件判定与症状日记","捕获事件与事件负担","看到一次事件不能直接给出全天负担；监测覆盖及判定规则影响事件计数。","false"
"cardiology-4","cardiology","高血压","cardiology-4","direction-case","高血压研究档案：心脏结构、循环负荷与心血管事件；测量条件、血流负荷和时段轨迹。需对照的具体条目：测量场景、日内变化与长期负担","时点与持续状态","单时点血压受测量与状态影响，不能完整代表长期负担。 功能指标受负荷影响，不能独立代表结构及长期结局。","false"
"cardiology-5","cardiology","心肌病","cardiology-5","direction-case","心肌病研究档案：心脏结构、循环负荷与心血管事件；心脏负荷与功能的并列记录；结构、负荷及动作功能的联合描述。需对照的具体条目：表型定义、家系线索与负荷背景","负荷依赖 / 结构与使用表现","功能读数可随前后负荷改变，不独立说明收缩机制。 形态修复不自动恢复真实运动功能，环境和负荷需要保留。 功能指标受负荷影响，不能独立代表结构及长期结局。","false"
"cardiology-6","cardiology","心脏影像","cardiology-6","direction-case","心脏影像研究档案：心脏结构、循环负荷与心血管事件；心脏负荷与功能的并列记录；个体索引、图像条件和判读分歧。需对照的具体条目：来源索引、采集条件与判读分歧","负荷依赖 / 图像与个体","功能读数可随前后负荷改变，不独立说明收缩机制。 一个人的多幅图像不构成多个独立患者，图像性能不等于患者获益。 功能指标受负荷影响，不能独立代表结构及长期结局。","false"
"cardiology-7","cardiology","心脏康复","cardiology-7","direction-case","心脏康复研究档案：心脏结构、循环负荷与心血管事件；心脏负荷与功能的并列记录；测试能力、生活活动与环境支持。需对照心脏功能与循环中的定义、对象索引与适用条件","负荷依赖 / 能力与参与","功能读数可随前后负荷改变，不独立说明收缩机制。 受控任务中的能力与真实环境中的参与不同。 功能指标受负荷影响，不能独立代表结构及长期结局。","false"
"cardiology-8","cardiology","结构性心脏病","cardiology-8","direction-case","结构性心脏病研究档案：心脏结构、循环负荷与心血管事件；心脏负荷与功能的并列记录。需对照的具体条目：结构分级、血流条件与功能负担","负荷依赖","功能读数可随前后负荷改变，不独立说明收缩机制。 功能指标受负荷影响，不能独立代表结构及长期结局。","false"
"cardiology-9","cardiology","心血管遗传","cardiology-9","direction-case","心血管遗传研究档案：心脏结构、循环负荷与心血管事件；心脏负荷与功能的并列记录；参考版本、来源关系与变异表型对应；不同层次的读数、背景条件和相反趋势。需对照心脏功能与循环中的定义、对象索引与适用条件","负荷依赖 / 关联与功能解释","功能读数可随前后负荷改变，不独立说明收缩机制。 共同变化或共分离提供线索，但不能独立证明因果及个体结局。 功能指标受负荷影响，不能独立代表结构及长期结局。","false"
"cardiology-10","cardiology","心血管代谢","cardiology-10","direction-case","心血管代谢研究档案：心脏结构、循环负荷与心血管事件；心脏负荷与功能的并列记录；激素或代谢时序与状态分层。需对照心脏功能与循环中的定义、对象索引与适用条件","负荷依赖 / 反馈与时序","功能读数可随前后负荷改变，不独立说明收缩机制。 反馈系统中的单一时点可错过相位变化，不能完整代表动态状态。 功能指标受负荷影响，不能独立代表结构及长期结局。","false"
"cardiology-11","cardiology","血管生物学","cardiology-11","direction-case","血管生物学研究档案：心脏结构、循环负荷与心血管事件；细胞组成、功能层次和独立来源；测量条件、血流负荷和时段轨迹。需对照心脏功能与循环中的定义、对象索引与适用条件","组成与状态 / 时点与持续状态","群体差异可能来自组成与单元状态两方面，技术重复不是独立对象。 单时点血压受测量与状态影响，不能完整代表长期负担。 功能指标受负荷影响，不能独立代表结构及长期结局。","false"
"cardiology-12","cardiology","心血管结局研究","cardiology-12","direction-case","心血管结局研究研究档案：心脏结构、循环负荷与心血管事件；心脏负荷与功能的并列记录；进入时点、结局定义和失访去向；进入资格、观察窗口和退出去向。需对照的具体条目：结局事件、观察起点与判定口径","负荷依赖 / 观察与结局","功能读数可随前后负荷改变，不独立说明收缩机制。 失去联系不能当成没有事件，观察时间不同也影响结局比较。 功能指标受负荷影响，不能独立代表结构及长期结局。","false"
"respiratory-1","respiratory","慢性气道疾病","respiratory-1","direction-case","慢性气道疾病研究档案：肺功能、肺结构与症状活动；通气、交换与活动症状的分项资料。需对照的具体条目：通气指标、症状与活动状态","通气与气体交换","通气表现不能独立概括交换效率及日常功能。 通气指标、气体交换和日常症状提供不同信息。","false"
"respiratory-2","respiratory","间质性肺疾病","respiratory-2","direction-case","间质性肺疾病研究档案：肺功能、肺结构与症状活动；通气、交换与活动症状的分项资料。需对照的具体条目：影像范围、气体交换与功能轨迹","通气与气体交换","通气表现不能独立概括交换效率及日常功能。 通气指标、气体交换和日常症状提供不同信息。","false"
"respiratory-3","respiratory","肺血管疾病","respiratory-3","direction-case","肺血管疾病研究档案：肺功能、肺结构与症状活动；通气、交换与活动症状的分项资料；测量条件、血流负荷和时段轨迹。需对照的具体条目：血流负荷、运动表现与血管资料","通气与气体交换 / 时点与持续状态","通气表现不能独立概括交换效率及日常功能。 单时点血压受测量与状态影响，不能完整代表长期负担。 通气指标、气体交换和日常症状提供不同信息。","false"
"respiratory-4","respiratory","呼吸影像","respiratory-4","direction-case","呼吸影像研究档案：肺功能、肺结构与症状活动；通气、交换与活动症状的分项资料；个体索引、图像条件和判读分歧。需对照的具体条目：来源索引、采集条件与判读分歧","通气与气体交换 / 图像与个体","通气表现不能独立概括交换效率及日常功能。 一个人的多幅图像不构成多个独立患者，图像性能不等于患者获益。 通气指标、气体交换和日常症状提供不同信息。","false"
"respiratory-5","respiratory","肺功能研究","respiratory-5","direction-case","肺功能研究研究档案：肺功能、肺结构与症状活动；通气、交换与活动症状的分项资料；不同层次的读数、背景条件和相反趋势。需对照通气、交换与气道中的定义、对象索引与适用条件","通气与气体交换","通气表现不能独立概括交换效率及日常功能。 通气指标、气体交换和日常症状提供不同信息。","false"
"respiratory-6","respiratory","睡眠呼吸","respiratory-6","direction-case","睡眠呼吸研究档案：肺功能、肺结构与症状活动；通气、交换与活动症状的分项资料；状态时段、功能负担和报告来源。需对照的具体条目：夜间记录、白天功能与观察条件","通气与气体交换 / 症状与生活功能","通气表现不能独立概括交换效率及日常功能。 症状量表变化不等于所有生活功能恢复，报告来源也影响比较。 通气指标、气体交换和日常症状提供不同信息。","false"
"respiratory-7","respiratory","呼吸康复","respiratory-7","direction-case","呼吸康复研究档案：肺功能、肺结构与症状活动；通气、交换与活动症状的分项资料；测试能力、生活活动与环境支持。需对照通气、交换与气道中的定义、对象索引与适用条件","通气与气体交换 / 能力与参与","通气表现不能独立概括交换效率及日常功能。 受控任务中的能力与真实环境中的参与不同。 通气指标、气体交换和日常症状提供不同信息。","false"
"respiratory-8","respiratory","环境与呼吸健康","respiratory-8","direction-case","环境与呼吸健康研究档案：肺功能、肺结构与症状活动；通气、交换与活动症状的分项资料；目标人群、进入机制和暴露窗口。需对照通气、交换与气道中的定义、对象索引与适用条件","通气与气体交换 / 样本与目标人群","通气表现不能独立概括交换效率及日常功能。 能进入资料的人不一定代表全部目标人群。 通气指标、气体交换和日常症状提供不同信息。","false"
"respiratory-9","respiratory","呼吸系统肿瘤","respiratory-9","direction-case","呼吸系统肿瘤研究档案：肺功能、肺结构与症状活动；通气、交换与活动症状的分项资料；病灶变化、分期与患者功能的对照。需对照的具体条目：分型、对象进入与患者结局窗口","通气与气体交换 / 病灶与患者结局","通气表现不能独立概括交换效率及日常功能。 病灶指标变化与生存或生活功能是不同层次。 通气指标、气体交换和日常症状提供不同信息。","false"
"respiratory-10","respiratory","呼吸症状量表","respiratory-10","direction-case","呼吸症状量表研究档案：肺功能、肺结构与症状活动；通气、交换与活动症状的分项资料；条目版本、填答者和缺失项；参考依据、重复读数和误差分项。需对照通气、交换与气道中的定义、对象索引与适用条件","通气与气体交换 / 分数与体验","通气表现不能独立概括交换效率及日常功能。 代理填答、版本变化和缺失会改变总分的含义。 通气指标、气体交换和日常症状提供不同信息。","false"
"respiratory-11","respiratory","长期氧疗结局","respiratory-11","direction-case","长期氧疗结局研究档案：肺功能、肺结构与症状活动；通气、交换与活动症状的分项资料；进入时点、结局定义和失访去向；进入资格、观察窗口和退出去向。需对照的具体条目：实际使用时间、功能负担与长期随访；结局事件、观察起点与判定口径","通气与气体交换 / 观察与结局","通气表现不能独立概括交换效率及日常功能。 失去联系不能当成没有事件，观察时间不同也影响结局比较。 通气指标、气体交换和日常症状提供不同信息。","false"
"respiratory-12","respiratory","呼吸疾病队列","respiratory-12","direction-case","呼吸疾病队列研究档案：肺功能、肺结构与症状活动；通气、交换与活动症状的分项资料；进入时点、结局定义和失访去向；进入资格、观察窗口和退出去向。需对照的具体条目：对象进入时点、重复观察与失访去向","通气与气体交换 / 观察与结局","通气表现不能独立概括交换效率及日常功能。 失去联系不能当成没有事件，观察时间不同也影响结局比较。 通气指标、气体交换和日常症状提供不同信息。","false"
"gastroenterology-1","gastroenterology","胃肠动力","gastroenterology-1","direction-case","胃肠动力研究档案：动力、黏膜资料与营养症状；动力、组织评价与消化症状的对照。需对照的具体条目：动力读数、摄入条件与症状时段","症状与组织过程","症状可受多个过程影响，症状变化不独立定位组织机制。 症状、动力与黏膜改变不总一致，需对应不同观察层次。","false"
"gastroenterology-2","gastroenterology","炎症性肠病","gastroenterology-2","direction-case","炎症性肠病研究档案：动力、黏膜资料与营养症状；动力、组织评价与消化症状的对照；细胞组成、活化标志与组织状态。需对照消化功能与组织状态中的定义、对象索引与适用条件","症状与组织过程 / 标志与功能","症状可受多个过程影响，症状变化不独立定位组织机制。 标志强度、细胞比例和功能响应不同，单项不能概括整个系统。 症状、动力与黏膜改变不总一致，需对应不同观察层次。","false"
"gastroenterology-3","gastroenterology","肝病与肝纤维化","gastroenterology-3","direction-case","肝病与肝纤维化研究档案：动力、黏膜资料与营养症状；动力、组织评价与消化症状的对照。需对照的具体条目：组织或功能读数、代谢背景与病程；组织分级、功能读数与纤维化资料","症状与组织过程","症状可受多个过程影响，症状变化不独立定位组织机制。 症状、动力与黏膜改变不总一致，需对应不同观察层次。","false"
"gastroenterology-4","gastroenterology","消化内镜质控","gastroenterology-4","direction-case","消化内镜质控研究档案：动力、黏膜资料与营养症状；动力、组织评价与消化症状的对照；版本变更、异常记录和失败复核。需对照消化功能与组织状态中的定义、对象索引与适用条件","症状与组织过程","症状可受多个过程影响，症状变化不独立定位组织机制。 症状、动力与黏膜改变不总一致，需对应不同观察层次。","false"
"gastroenterology-5","gastroenterology","胰腺疾病","gastroenterology-5","direction-case","胰腺疾病研究档案：动力、黏膜资料与营养症状；动力、组织评价与消化症状的对照。需对照的具体条目：结构资料、功能变化与观察窗口","症状与组织过程","症状可受多个过程影响，症状变化不独立定位组织机制。 症状、动力与黏膜改变不总一致，需对应不同观察层次。","false"
"gastroenterology-6","gastroenterology","肠道生态","gastroenterology-6","direction-case","肠道生态研究档案：动力、黏膜资料与营养症状；动力、组织评价与消化症状的对照。需对照的具体条目：群落组成、来源关系与注释版本","症状与组织过程","症状可受多个过程影响，症状变化不独立定位组织机制。 症状、动力与黏膜改变不总一致，需对应不同观察层次。","false"
"gastroenterology-7","gastroenterology","营养与消化","gastroenterology-7","direction-case","营养与消化研究档案：动力、黏膜资料与营养症状；动力、组织评价与消化症状的对照；组成、摄入及整体模式的分别记录；计量单位、时间窗口和未计入的投入。需对照消化功能与组织状态中的定义、对象索引与适用条件","症状与组织过程 / 组成与实际摄入","症状可受多个过程影响，症状变化不独立定位组织机制。 成分丰富不代表摄入足够，实际摄入又不等于长期健康结果。 症状、动力与黏膜改变不总一致，需对应不同观察层次。","false"
"gastroenterology-8","gastroenterology","消化道肿瘤","gastroenterology-8","direction-case","消化道肿瘤研究档案：动力、黏膜资料与营养症状；动力、组织评价与消化症状的对照；病灶变化、分期与患者功能的对照。需对照的具体条目：分型、对象进入与患者结局窗口","症状与组织过程 / 病灶与患者结局","症状可受多个过程影响，症状变化不独立定位组织机制。 病灶指标变化与生存或生活功能是不同层次。 症状、动力与黏膜改变不总一致，需对应不同观察层次。","false"
"gastroenterology-9","gastroenterology","胃食管反流","gastroenterology-9","direction-case","胃食管反流研究档案：动力、黏膜资料与营养症状；动力、组织评价与消化症状的对照。需对照的具体条目：症状时段、暴露窗口与功能评价","症状与组织过程","症状可受多个过程影响，症状变化不独立定位组织机制。 症状、动力与黏膜改变不总一致，需对应不同观察层次。","false"
"gastroenterology-10","gastroenterology","功能性胃肠病","gastroenterology-10","direction-case","功能性胃肠病研究档案：动力、黏膜资料与营养症状；动力、组织评价与消化症状的对照；不同层次的读数、背景条件和相反趋势。需对照消化功能与组织状态中的定义、对象索引与适用条件","症状与组织过程","症状可受多个过程影响，症状变化不独立定位组织机制。 症状、动力与黏膜改变不总一致，需对应不同观察层次。","false"
"gastroenterology-11","gastroenterology","胆道疾病","gastroenterology-11","direction-case","胆道疾病研究档案：动力、黏膜资料与营养症状；动力、组织评价与消化症状的对照。需对照的具体条目：组织或功能读数、代谢背景与病程；局部结构、胆汁通路与症状阶段","症状与组织过程","症状可受多个过程影响，症状变化不独立定位组织机制。 症状、动力与黏膜改变不总一致，需对应不同观察层次。","false"
"gastroenterology-12","gastroenterology","消化疾病结局","gastroenterology-12","direction-case","消化疾病结局研究档案：动力、黏膜资料与营养症状；动力、组织评价与消化症状的对照；进入时点、结局定义和失访去向；进入资格、观察窗口和退出去向。需对照的具体条目：结局事件、观察起点与判定口径","症状与组织过程 / 观察与结局","症状可受多个过程影响，症状变化不独立定位组织机制。 失去联系不能当成没有事件，观察时间不同也影响结局比较。 症状、动力与黏膜改变不总一致，需对应不同观察层次。","false"
"endocrinology-1","endocrinology","糖尿病","endocrinology-1","direction-case","糖尿病研究档案：激素时序、代谢指标与反馈状态；滤过估计与尿液标志的不同轨迹；激素或代谢时序与状态分层。需对照的具体条目：糖代谢轨迹、暴露时间与并存疾病","功能与损伤 / 反馈与时序","功能估计与组织损伤标志不同，短期方向也可不一致。 反馈系统中的单一时点可错过相位变化，不能完整代表动态状态。 单个激素时点不能完整反映反馈系统和代谢状态。","false"
"endocrinology-2","endocrinology","肥胖研究","endocrinology-2","direction-case","肥胖研究研究档案：激素时序、代谢指标与反馈状态；激素或代谢时序与状态分层。需对照的具体条目：身体组成、能量背景与功能结局","反馈与时序","反馈系统中的单一时点可错过相位变化，不能完整代表动态状态。 单个激素时点不能完整反映反馈系统和代谢状态。","false"
"endocrinology-3","endocrinology","甲状腺疾病","endocrinology-3","direction-case","甲状腺疾病研究档案：激素时序、代谢指标与反馈状态；激素或代谢时序与状态分层。需对照的具体条目：反馈状态、功能读数与测量时点","反馈与时序","反馈系统中的单一时点可错过相位变化，不能完整代表动态状态。 单个激素时点不能完整反映反馈系统和代谢状态。","false"
"endocrinology-4","endocrinology","骨代谢","endocrinology-4","direction-case","骨代谢研究档案：激素时序、代谢指标与反馈状态；激素或代谢时序与状态分层；结构、负荷及动作功能的联合描述。需对照的具体条目：骨量、更新标志与骨折相关结局","反馈与时序 / 结构与使用表现","反馈系统中的单一时点可错过相位变化，不能完整代表动态状态。 形态修复不自动恢复真实运动功能，环境和负荷需要保留。 单个激素时点不能完整反映反馈系统和代谢状态。","false"
"endocrinology-5","endocrinology","肾上腺疾病","endocrinology-5","direction-case","肾上腺疾病研究档案：激素时序、代谢指标与反馈状态；滤过估计与尿液标志的不同轨迹；激素或代谢时序与状态分层。需对照的具体条目：激素反馈、节律与目标组织表现；滤过轨迹、尿液标志与容量背景","功能与损伤 / 反馈与时序","功能估计与组织损伤标志不同，短期方向也可不一致。 反馈系统中的单一时点可错过相位变化，不能完整代表动态状态。 单个激素时点不能完整反映反馈系统和代谢状态。","false"
"endocrinology-6","endocrinology","垂体疾病","endocrinology-6","direction-case","垂体疾病研究档案：激素时序、代谢指标与反馈状态；激素或代谢时序与状态分层。需对照的具体条目：激素反馈、节律与目标组织表现","反馈与时序","反馈系统中的单一时点可错过相位变化，不能完整代表动态状态。 单个激素时点不能完整反映反馈系统和代谢状态。","false"
"endocrinology-7","endocrinology","生殖内分泌","endocrinology-7","direction-case","生殖内分泌研究档案：激素时序、代谢指标与反馈状态；激素或代谢时序与状态分层；生命阶段与母婴或生殖结局的对应。需对照激素、代谢与反馈中的定义、对象索引与适用条件","反馈与时序 / 关联主体与观察单位","反馈系统中的单一时点可错过相位变化，不能完整代表动态状态。 母婴或家庭成员相关但不是同一独立单位，阶段还影响解释。 单个激素时点不能完整反映反馈系统和代谢状态。","false"
"endocrinology-8","endocrinology","代谢综合征","endocrinology-8","direction-case","代谢综合征研究档案：激素时序、代谢指标与反馈状态；激素或代谢时序与状态分层。需对照激素、代谢与反馈中的定义、对象索引与适用条件","反馈与时序","反馈系统中的单一时点可错过相位变化，不能完整代表动态状态。 单个激素时点不能完整反映反馈系统和代谢状态。","false"
"endocrinology-9","endocrinology","内分泌遗传","endocrinology-9","direction-case","内分泌遗传研究档案：激素时序、代谢指标与反馈状态；激素或代谢时序与状态分层；参考版本、来源关系与变异表型对应；不同层次的读数、背景条件和相反趋势。需对照激素、代谢与反馈中的定义、对象索引与适用条件","反馈与时序 / 关联与功能解释","反馈系统中的单一时点可错过相位变化，不能完整代表动态状态。 共同变化或共分离提供线索，但不能独立证明因果及个体结局。 单个激素时点不能完整反映反馈系统和代谢状态。","false"
"endocrinology-10","endocrinology","连续代谢监测","endocrinology-10","direction-case","连续代谢监测研究档案：激素时序、代谢指标与反馈状态；激素或代谢时序与状态分层；参考依据、重复读数和误差分项。需对照激素、代谢与反馈中的定义、对象索引与适用条件","反馈与时序","反馈系统中的单一时点可错过相位变化，不能完整代表动态状态。 单个激素时点不能完整反映反馈系统和代谢状态。","false"
"endocrinology-11","endocrinology","代谢与衰老","endocrinology-11","direction-case","代谢与衰老研究档案：激素时序、代谢指标与反馈状态；激素或代谢时序与状态分层；功能储备、年龄及照护需要。需对照激素、代谢与反馈中的定义、对象索引与适用条件","反馈与时序 / 年龄与功能储备","反馈系统中的单一时点可错过相位变化，不能完整代表动态状态。 同年龄的人可具有不同功能及适应能力，年龄不是完整机制解释。 单个激素时点不能完整反映反馈系统和代谢状态。","false"
"endocrinology-12","endocrinology","内分泌结局","endocrinology-12","direction-case","内分泌结局研究档案：激素时序、代谢指标与反馈状态；激素或代谢时序与状态分层；进入时点、结局定义和失访去向；进入资格、观察窗口和退出去向。需对照的具体条目：结局事件、观察起点与判定口径","反馈与时序 / 观察与结局","反馈系统中的单一时点可错过相位变化，不能完整代表动态状态。 失去联系不能当成没有事件，观察时间不同也影响结局比较。 单个激素时点不能完整反映反馈系统和代谢状态。","false"
"nephrology-1","nephrology","慢性肾病","nephrology-1","direction-case","慢性肾病研究档案：滤过估计、尿液标志与容量状态；滤过估计与尿液标志的不同轨迹。需对照的具体条目：滤过轨迹、尿液标志与容量背景；长期滤过变化、分期与尿液标志","功能与损伤","功能估计与组织损伤标志不同，短期方向也可不一致。 功能估计、排泄改变与组织损伤不是同一个结果。","false"
"nephrology-2","nephrology","急性肾损伤","nephrology-2","direction-case","急性肾损伤研究档案：滤过估计、尿液标志与容量状态；滤过估计与尿液标志的不同轨迹。需对照的具体条目：滤过轨迹、尿液标志与容量背景；基线窗口、短时变化与恢复轨迹","功能与损伤","功能估计与组织损伤标志不同，短期方向也可不一致。 功能估计、排泄改变与组织损伤不是同一个结果。","false"
"nephrology-3","nephrology","肾小球疾病","nephrology-3","direction-case","肾小球疾病研究档案：滤过估计、尿液标志与容量状态；滤过估计与尿液标志的不同轨迹。需对照的具体条目：滤过轨迹、尿液标志与容量背景；尿液标志、组织分型与功能背景","功能与损伤","功能估计与组织损伤标志不同，短期方向也可不一致。 功能估计、排泄改变与组织损伤不是同一个结果。","false"
"nephrology-4","nephrology","肾脏病理","nephrology-4","direction-case","肾脏病理研究档案：滤过估计、尿液标志与容量状态；滤过估计与尿液标志的不同轨迹；结构定位、组织层次与判读条件；不同层次的读数、背景条件和相反趋势。需对照的具体条目：滤过轨迹、尿液标志与容量背景","功能与损伤 / 局部与整体","功能估计与组织损伤标志不同，短期方向也可不一致。 局部组织或切片不能无条件代表整个个体或器官。 功能估计、排泄改变与组织损伤不是同一个结果。","false"
"nephrology-5","nephrology","透析结局","nephrology-5","direction-case","透析结局研究档案：滤过估计、尿液标志与容量状态；滤过估计与尿液标志的不同轨迹；进入时点、结局定义和失访去向；进入资格、观察窗口和退出去向。需对照的具体条目：实际暴露、残余功能与随访质量；结局事件、观察起点与判定口径","功能与损伤 / 观察与结局","功能估计与组织损伤标志不同，短期方向也可不一致。 失去联系不能当成没有事件，观察时间不同也影响结局比较。 功能估计、排泄改变与组织损伤不是同一个结果。","false"
"nephrology-6","nephrology","肾移植随访","nephrology-6","direction-case","肾移植随访研究档案：滤过估计、尿液标志与容量状态；滤过估计与尿液标志的不同轨迹；进入时点、结局定义和失访去向；进入资格、观察窗口和退出去向。需对照的具体条目：滤过轨迹、尿液标志与容量背景；来源关系、阶段变化与随访起点","功能与损伤 / 观察与结局","功能估计与组织损伤标志不同，短期方向也可不一致。 失去联系不能当成没有事件，观察时间不同也影响结局比较。 功能估计、排泄改变与组织损伤不是同一个结果。","false"
"nephrology-7","nephrology","肾脏遗传","nephrology-7","direction-case","肾脏遗传研究档案：滤过估计、尿液标志与容量状态；滤过估计与尿液标志的不同轨迹；参考版本、来源关系与变异表型对应；不同层次的读数、背景条件和相反趋势。需对照的具体条目：滤过轨迹、尿液标志与容量背景","功能与损伤 / 关联与功能解释","功能估计与组织损伤标志不同，短期方向也可不一致。 共同变化或共分离提供线索，但不能独立证明因果及个体结局。 功能估计、排泄改变与组织损伤不是同一个结果。","false"
"nephrology-8","nephrology","水盐平衡","nephrology-8","direction-case","水盐平衡研究档案：滤过估计、尿液标志与容量状态；摄入背景、身体功能和疾病共存。需对照肾滤过、排泄与损伤中的定义、对象索引与适用条件","单项与综合状态","单项指标改善可能与整体功能不同步，多病共存也改变解释。 功能估计、排泄改变与组织损伤不是同一个结果。","false"
"nephrology-9","nephrology","肾脏影像","nephrology-9","direction-case","肾脏影像研究档案：滤过估计、尿液标志与容量状态；滤过估计与尿液标志的不同轨迹；个体索引、图像条件和判读分歧。需对照的具体条目：滤过轨迹、尿液标志与容量背景；来源索引、采集条件与判读分歧","功能与损伤 / 图像与个体","功能估计与组织损伤标志不同，短期方向也可不一致。 一个人的多幅图像不构成多个独立患者，图像性能不等于患者获益。 功能估计、排泄改变与组织损伤不是同一个结果。","false"
"nephrology-10","nephrology","肾病营养","nephrology-10","direction-case","肾病营养研究档案：滤过估计、尿液标志与容量状态；滤过估计与尿液标志的不同轨迹；组成、摄入及整体模式的分别记录；计量单位、时间窗口和未计入的投入。需对照的具体条目：滤过轨迹、尿液标志与容量背景","功能与损伤 / 组成与实际摄入","功能估计与组织损伤标志不同，短期方向也可不一致。 成分丰富不代表摄入足够，实际摄入又不等于长期健康结果。 功能估计、排泄改变与组织损伤不是同一个结果。","false"
"nephrology-11","nephrology","肾脏与心血管","nephrology-11","direction-case","肾脏与心血管研究档案：滤过估计、尿液标志与容量状态；心脏负荷与功能的并列记录；滤过估计与尿液标志的不同轨迹。需对照的具体条目：滤过轨迹、尿液标志与容量背景","负荷依赖 / 功能与损伤","功能读数可随前后负荷改变，不独立说明收缩机制。 功能估计与组织损伤标志不同，短期方向也可不一致。 功能估计、排泄改变与组织损伤不是同一个结果。","false"
"nephrology-12","nephrology","肾脏疾病队列","nephrology-12","direction-case","肾脏疾病队列研究档案：滤过估计、尿液标志与容量状态；滤过估计与尿液标志的不同轨迹；进入时点、结局定义和失访去向；进入资格、观察窗口和退出去向。需对照的具体条目：滤过轨迹、尿液标志与容量背景；对象进入时点、重复观察与失访去向","功能与损伤 / 观察与结局","功能估计与组织损伤标志不同，短期方向也可不一致。 失去联系不能当成没有事件，观察时间不同也影响结局比较。 功能估计、排泄改变与组织损伤不是同一个结果。","false"
"hematology-1","hematology","造血与干细胞","hematology-1","direction-case","造血与干细胞研究档案：细胞计数、形态与凝血过程；细胞计数、形态与功能分开登记；鉴定可靠性、分子丰度与功能资料；不同层次的读数、背景条件和相反趋势。需对照的具体条目：细胞谱系、来源关系与随访阶段","数量与功能 / 丰度与过程","数量正常不保证形态和功能相同，比例变化也不同于绝对数量。 丰度变化不自动代表功能、流量或作用方向变化。 数量、形态和功能可不同步，不能只用计数概括血液系统。","false"
"hematology-2","hematology","贫血研究","hematology-2","direction-case","贫血研究研究档案：细胞计数、形态与凝血过程；细胞计数、形态与功能分开登记。需对照的具体条目：细胞数量、形态与功能负担","数量与功能","数量正常不保证形态和功能相同，比例变化也不同于绝对数量。 数量、形态和功能可不同步，不能只用计数概括血液系统。","false"
"hematology-3","hematology","凝血与血栓","hematology-3","direction-case","凝血与血栓研究档案：细胞计数、形态与凝血过程；血小板、凝血及出血资料的分别评价。需对照的具体条目：凝血读数、血栓或出血结局与背景","止血的多个环节","不同环节的指标不能混成一个完整止血或风险结论。 数量、形态和功能可不同步，不能只用计数概括血液系统。","false"
"hematology-4","hematology","血液肿瘤","hematology-4","direction-case","血液肿瘤研究档案：细胞计数、形态与凝血过程；细胞计数、形态与功能分开登记；病灶变化、分期与患者功能的对照。需对照的具体条目：分型、对象进入与患者结局窗口","数量与功能 / 病灶与患者结局","数量正常不保证形态和功能相同，比例变化也不同于绝对数量。 病灶指标变化与生存或生活功能是不同层次。 数量、形态和功能可不同步，不能只用计数概括血液系统。","false"
"hematology-5","hematology","血液形态学","hematology-5","direction-case","血液形态学研究档案：细胞计数、形态与凝血过程；细胞计数、形态与功能分开登记；材料来源、组织层次和判读标准。需对照血细胞、造血与止血中的定义、对象索引与适用条件","数量与功能 / 形态与机制","数量正常不保证形态和功能相同，比例变化也不同于绝对数量。 形态相符不能独立确定唯一机制，需要功能或其他证据。 数量、形态和功能可不同步，不能只用计数概括血液系统。","false"
"hematology-6","hematology","造血移植结局","hematology-6","direction-case","造血移植结局研究档案：细胞计数、形态与凝血过程；细胞计数、形态与功能分开登记；进入时点、结局定义和失访去向；进入资格、观察窗口和退出去向。需对照的具体条目：细胞谱系、来源关系与随访阶段；结局事件、观察起点与判定口径；来源关系、阶段变化与随访起点","数量与功能 / 观察与结局","数量正常不保证形态和功能相同，比例变化也不同于绝对数量。 失去联系不能当成没有事件，观察时间不同也影响结局比较。 数量、形态和功能可不同步，不能只用计数概括血液系统。","false"
"hematology-7","hematology","血液遗传","hematology-7","direction-case","血液遗传研究档案：细胞计数、形态与凝血过程；细胞计数、形态与功能分开登记；参考版本、来源关系与变异表型对应；不同层次的读数、背景条件和相反趋势。需对照血细胞、造血与止血中的定义、对象索引与适用条件","数量与功能 / 关联与功能解释","数量正常不保证形态和功能相同，比例变化也不同于绝对数量。 共同变化或共分离提供线索，但不能独立证明因果及个体结局。 数量、形态和功能可不同步，不能只用计数概括血液系统。","false"
"hematology-8","hematology","血液免疫","hematology-8","direction-case","血液免疫研究档案：细胞计数、形态与凝血过程；细胞计数、形态与功能分开登记；细胞组成、活化标志与组织状态。需对照血细胞、造血与止血中的定义、对象索引与适用条件","数量与功能 / 标志与功能","数量正常不保证形态和功能相同，比例变化也不同于绝对数量。 标志强度、细胞比例和功能响应不同，单项不能概括整个系统。 数量、形态和功能可不同步，不能只用计数概括血液系统。","false"
"hematology-9","hematology","输血质量","hematology-9","direction-case","输血质量研究档案：细胞计数、形态与凝血过程；细胞计数、形态与功能分开登记；版本变更、异常记录和失败复核。需对照血细胞、造血与止血中的定义、对象索引与适用条件","数量与功能","数量正常不保证形态和功能相同，比例变化也不同于绝对数量。 数量、形态和功能可不同步，不能只用计数概括血液系统。","false"
"hematology-10","hematology","血小板研究","hematology-10","direction-case","血小板研究研究档案：细胞计数、形态与凝血过程；血小板、凝血及出血资料的分别评价。需对照的具体条目：凝血读数、血栓或出血结局与背景；数量、功能评价与血栓或出血记录","止血的多个环节","不同环节的指标不能混成一个完整止血或风险结论。 数量、形态和功能可不同步，不能只用计数概括血液系统。","false"
"hematology-11","hematology","血液疾病队列","hematology-11","direction-case","血液疾病队列研究档案：细胞计数、形态与凝血过程；细胞计数、形态与功能分开登记；进入时点、结局定义和失访去向；进入资格、观察窗口和退出去向。需对照的具体条目：对象进入时点、重复观察与失访去向","数量与功能 / 观察与结局","数量正常不保证形态和功能相同，比例变化也不同于绝对数量。 失去联系不能当成没有事件，观察时间不同也影响结局比较。 数量、形态和功能可不同步，不能只用计数概括血液系统。","false"
"hematology-12","hematology","血液组学","hematology-12","direction-case","血液组学研究档案：细胞计数、形态与凝血过程；细胞计数、形态与功能分开登记；鉴定可靠性、分子丰度与功能资料。需对照血细胞、造血与止血中的定义、对象索引与适用条件","数量与功能 / 丰度与过程","数量正常不保证形态和功能相同，比例变化也不同于绝对数量。 丰度变化不自动代表功能、流量或作用方向变化。 数量、形态和功能可不同步，不能只用计数概括血液系统。","false"
"rheumatology-1","rheumatology","系统性自身免疫","rheumatology-1","direction-case","系统性自身免疫研究档案：活动度、抗体资料与关节功能；细胞组成、活化标志与组织状态。需对照的具体条目：自身反应标志、活动状态与器官表现","标志与功能","标志强度、细胞比例和功能响应不同，单项不能概括整个系统。 活动度、抗体与累积损伤提供不同层次的信息。","false"
"rheumatology-2","rheumatology","炎性关节病","rheumatology-2","direction-case","炎性关节病研究档案：活动度、抗体资料与关节功能；细胞组成、活化标志与组织状态；结构、负荷及动作功能的联合描述。需对照的具体条目：活动任务、负荷背景与组织状态","标志与功能 / 结构与使用表现","标志强度、细胞比例和功能响应不同，单项不能概括整个系统。 形态修复不自动恢复真实运动功能，环境和负荷需要保留。 活动度、抗体与累积损伤提供不同层次的信息。","false"
"rheumatology-3","rheumatology","结缔组织病","rheumatology-3","direction-case","结缔组织病研究档案：活动度、抗体资料与关节功能；结构定位、组织层次与判读条件；细胞组成、功能层次和独立来源；正式文本、执行条件与被排除的对象。需对照的具体条目：角色分工、资源联系与实际协调","局部与整体 / 组成与状态","局部组织或切片不能无条件代表整个个体或器官。 群体差异可能来自组成与单元状态两方面，技术重复不是独立对象。 活动度、抗体与累积损伤提供不同层次的信息。","false"
"rheumatology-4","rheumatology","风湿影像","rheumatology-4","direction-case","风湿影像研究档案：活动度、抗体资料与关节功能；细胞组成、活化标志与组织状态；个体索引、图像条件和判读分歧。需对照的具体条目：标志物、活动度与功能体验；来源索引、采集条件与判读分歧","标志与功能 / 图像与个体","标志强度、细胞比例和功能响应不同，单项不能概括整个系统。 一个人的多幅图像不构成多个独立患者，图像性能不等于患者获益。 活动度、抗体与累积损伤提供不同层次的信息。","false"
"rheumatology-5","rheumatology","自身抗体研究","rheumatology-5","direction-case","自身抗体研究研究档案：活动度、抗体资料与关节功能；细胞组成、活化标志与组织状态。需对照的具体条目：标志物、活动度与功能体验","标志与功能","标志强度、细胞比例和功能响应不同，单项不能概括整个系统。 活动度、抗体与累积损伤提供不同层次的信息。","false"
"rheumatology-6","rheumatology","疾病活动度","rheumatology-6","direction-case","疾病活动度研究档案：活动度、抗体资料与关节功能；条目版本、填答者和缺失项。需对照炎症活动与组织损伤中的定义、对象索引与适用条件","分数与体验","代理填答、版本变化和缺失会改变总分的含义。 活动度、抗体与累积损伤提供不同层次的信息。","false"
"rheumatology-7","rheumatology","风湿病康复","rheumatology-7","direction-case","风湿病康复研究档案：活动度、抗体资料与关节功能；细胞组成、活化标志与组织状态；测试能力、生活活动与环境支持。需对照的具体条目：标志物、活动度与功能体验","标志与功能 / 能力与参与","标志强度、细胞比例和功能响应不同，单项不能概括整个系统。 受控任务中的能力与真实环境中的参与不同。 活动度、抗体与累积损伤提供不同层次的信息。","false"
"rheumatology-8","rheumatology","免疫相关结局","rheumatology-8","direction-case","免疫相关结局研究档案：活动度、抗体资料与关节功能；细胞组成、活化标志与组织状态；进入时点、结局定义和失访去向；进入资格、观察窗口和退出去向。需对照的具体条目：结局事件、观察起点与判定口径","标志与功能 / 观察与结局","标志强度、细胞比例和功能响应不同，单项不能概括整个系统。 失去联系不能当成没有事件，观察时间不同也影响结局比较。 活动度、抗体与累积损伤提供不同层次的信息。","false"
"rheumatology-9","rheumatology","生活质量","rheumatology-9","direction-case","生活质量研究档案：活动度、抗体资料与关节功能；条目版本、填答者和缺失项；版本变更、异常记录和失败复核。需对照炎症活动与组织损伤中的定义、对象索引与适用条件","分数与体验","代理填答、版本变化和缺失会改变总分的含义。 活动度、抗体与累积损伤提供不同层次的信息。","false"
"rheumatology-10","rheumatology","风湿遗传","rheumatology-10","direction-case","风湿遗传研究档案：活动度、抗体资料与关节功能；细胞组成、活化标志与组织状态；参考版本、来源关系与变异表型对应；不同层次的读数、背景条件和相反趋势。需对照的具体条目：标志物、活动度与功能体验","标志与功能 / 关联与功能解释","标志强度、细胞比例和功能响应不同，单项不能概括整个系统。 共同变化或共分离提供线索，但不能独立证明因果及个体结局。 活动度、抗体与累积损伤提供不同层次的信息。","false"
"rheumatology-11","rheumatology","风湿病队列","rheumatology-11","direction-case","风湿病队列研究档案：活动度、抗体资料与关节功能；细胞组成、活化标志与组织状态；进入时点、结局定义和失访去向；进入资格、观察窗口和退出去向。需对照的具体条目：标志物、活动度与功能体验；对象进入时点、重复观察与失访去向","标志与功能 / 观察与结局","标志强度、细胞比例和功能响应不同，单项不能概括整个系统。 失去联系不能当成没有事件，观察时间不同也影响结局比较。 活动度、抗体与累积损伤提供不同层次的信息。","false"
"rheumatology-12","rheumatology","患者报告结局","rheumatology-12","direction-case","患者报告结局研究档案：活动度、抗体资料与关节功能；进入时点、结局定义和失访去向；条目版本、填答者和缺失项；进入资格、观察窗口和退出去向。需对照的具体条目：结局事件、观察起点与判定口径","观察与结局 / 分数与体验","失去联系不能当成没有事件，观察时间不同也影响结局比较。 代理填答、版本变化和缺失会改变总分的含义。 活动度、抗体与累积损伤提供不同层次的信息。","false"
"neurology-1","neurology","脑血管病","neurology-1","direction-case","脑血管病研究档案：神经结构、电生理与认知运动表现；电生理、结构与任务表现的对应；测量条件、血流负荷和时段轨迹。需对照的具体条目：事件时点、病灶资料与功能轨迹","结构与功能对应 / 时点与持续状态","相同结构表现可对应不同功能，任务和观察时点影响解释。 单时点血压受测量与状态影响，不能完整代表长期负担。 结构异常与功能表现不是一一对应关系。","false"
"neurology-2","neurology","神经退行性疾病","neurology-2","direction-case","神经退行性疾病研究档案：神经结构、电生理与认知运动表现；电生理、结构与任务表现的对应。需对照的具体条目：任务表现、生活功能与阶段条件","结构与功能对应","相同结构表现可对应不同功能，任务和观察时点影响解释。 结构异常与功能表现不是一一对应关系。","false"
"neurology-3","neurology","癫痫研究","neurology-3","direction-case","癫痫研究研究档案：神经结构、电生理与认知运动表现；电生理、结构与任务表现的对应。需对照的具体条目：事件判定、记录覆盖与症状叙述","结构与功能对应","相同结构表现可对应不同功能，任务和观察时点影响解释。 结构异常与功能表现不是一一对应关系。","false"
"neurology-4","neurology","认知障碍","neurology-4","direction-case","认知障碍研究档案：神经结构、电生理与认知运动表现；电生理、结构与任务表现的对应；任务版本、构念定义和状态条件。需对照的具体条目：任务表现、生活功能与阶段条件；任务难度、注意条件与策略选择","结构与功能对应 / 分数与构念","相同结构表现可对应不同功能，任务和观察时点影响解释。 任务分数并不直接等于完整心理构念，状态也可改变表现。 结构异常与功能表现不是一一对应关系。","false"
"neurology-5","neurology","运动障碍","neurology-5","direction-case","运动障碍研究档案：神经结构、电生理与认知运动表现；结构、负荷及动作功能的联合描述；训练暴露、恢复阶段和任务表现。需对照的具体条目：训练暴露、恢复阶段与测试熟悉","结构与使用表现 / 训练与测试","形态修复不自动恢复真实运动功能，环境和负荷需要保留。 测试进步可能含熟悉效应，训练效果需要暴露与恢复背景。 结构异常与功能表现不是一一对应关系。","false"
"neurology-6","neurology","神经影像","neurology-6","direction-case","神经影像研究档案：神经结构、电生理与认知运动表现；电生理、结构与任务表现的对应；个体索引、图像条件和判读分歧。需对照的具体条目：来源索引、采集条件与判读分歧","结构与功能对应 / 图像与个体","相同结构表现可对应不同功能，任务和观察时点影响解释。 一个人的多幅图像不构成多个独立患者，图像性能不等于患者获益。 结构异常与功能表现不是一一对应关系。","false"
"neurology-7","neurology","神经电生理","neurology-7","direction-case","神经电生理研究档案：神经结构、电生理与认知运动表现；电生理、结构与任务表现的对应；结构定位、组织层次与判读条件；不同层次的读数、背景条件和相反趋势。需对照神经网络与功能表现中的定义、对象索引与适用条件","结构与功能对应 / 局部与整体","相同结构表现可对应不同功能，任务和观察时点影响解释。 局部组织或切片不能无条件代表整个个体或器官。 结构异常与功能表现不是一一对应关系。","false"
"neurology-8","neurology","神经遗传","neurology-8","direction-case","神经遗传研究档案：神经结构、电生理与认知运动表现；电生理、结构与任务表现的对应；参考版本、来源关系与变异表型对应；不同层次的读数、背景条件和相反趋势。需对照神经网络与功能表现中的定义、对象索引与适用条件","结构与功能对应 / 关联与功能解释","相同结构表现可对应不同功能，任务和观察时点影响解释。 共同变化或共分离提供线索，但不能独立证明因果及个体结局。 结构异常与功能表现不是一一对应关系。","false"
"neurology-9","neurology","头痛研究","neurology-9","direction-case","头痛研究研究档案：神经结构、电生理与认知运动表现；电生理、结构与任务表现的对应。需对照的具体条目：症状日记、发作窗口与生活影响","结构与功能对应","相同结构表现可对应不同功能，任务和观察时点影响解释。 结构异常与功能表现不是一一对应关系。","false"
"neurology-10","neurology","睡眠神经科学","neurology-10","direction-case","睡眠神经科学研究档案：神经结构、电生理与认知运动表现；电生理、结构与任务表现的对应；状态时段、功能负担和报告来源。需对照的具体条目：夜间记录、白天功能与观察条件","结构与功能对应 / 症状与生活功能","相同结构表现可对应不同功能，任务和观察时点影响解释。 症状量表变化不等于所有生活功能恢复，报告来源也影响比较。 结构异常与功能表现不是一一对应关系。","false"
"neurology-11","neurology","神经康复","neurology-11","direction-case","神经康复研究档案：神经结构、电生理与认知运动表现；电生理、结构与任务表现的对应；测试能力、生活活动与环境支持。需对照神经网络与功能表现中的定义、对象索引与适用条件","结构与功能对应 / 能力与参与","相同结构表现可对应不同功能，任务和观察时点影响解释。 受控任务中的能力与真实环境中的参与不同。 结构异常与功能表现不是一一对应关系。","false"
"neurology-12","neurology","神经疾病队列","neurology-12","direction-case","神经疾病队列研究档案：神经结构、电生理与认知运动表现；电生理、结构与任务表现的对应；进入时点、结局定义和失访去向；进入资格、观察窗口和退出去向。需对照的具体条目：对象进入时点、重复观察与失访去向","结构与功能对应 / 观察与结局","相同结构表现可对应不同功能，任务和观察时点影响解释。 失去联系不能当成没有事件，观察时间不同也影响结局比较。 结构异常与功能表现不是一一对应关系。","false"
"infectious-1","infectious","感染疾病队列","infectious-1","direction-case","感染疾病队列研究档案：公开病例历程、宿主状态与诊断覆盖；进入时点、结局定义和失访去向；诊断口径、暴露机会和服务路径；进入资格、观察窗口和退出去向。需对照的具体条目：判定口径、暴露机会与服务路径；对象进入时点、重复观察与失访去向","观察与结局 / 记录与发生","失去联系不能当成没有事件，观察时间不同也影响结局比较。 检验或就诊机会改变会改变记录数量，不等于真实发生同步变化。 检测阳性、临床症状与宿主反应不能混为同一结果。","false"
"infectious-2","infectious","宿主反应","infectious-2","direction-case","宿主反应研究档案：公开病例历程、宿主状态与诊断覆盖；公开组成表、注释版本与绝对量边界。需对照感染患者历程与宿主反应中的定义、对象索引与适用条件","相对与绝对数量","相对丰度会上下联动，一个类别比例升高不证明绝对数量升高。 检测阳性、临床症状与宿主反应不能混为同一结果。","false"
"infectious-3","infectious","感染疾病影像","infectious-3","direction-case","感染疾病影像研究档案：公开病例历程、宿主状态与诊断覆盖；个体索引、图像条件和判读分歧；诊断口径、暴露机会和服务路径。需对照的具体条目：判定口径、暴露机会与服务路径；来源索引、采集条件与判读分歧","图像与个体 / 记录与发生","一个人的多幅图像不构成多个独立患者，图像性能不等于患者获益。 检验或就诊机会改变会改变记录数量，不等于真实发生同步变化。 检测阳性、临床症状与宿主反应不能混为同一结果。","false"
"infectious-4","infectious","感染结局","infectious-4","direction-case","感染结局研究档案：公开病例历程、宿主状态与诊断覆盖；进入时点、结局定义和失访去向；诊断口径、暴露机会和服务路径；进入资格、观察窗口和退出去向。需对照的具体条目：判定口径、暴露机会与服务路径；结局事件、观察起点与判定口径","观察与结局 / 记录与发生","失去联系不能当成没有事件，观察时间不同也影响结局比较。 检验或就诊机会改变会改变记录数量，不等于真实发生同步变化。 检测阳性、临床症状与宿主反应不能混为同一结果。","false"
"infectious-5","infectious","抗感染药物结局","infectious-5","direction-case","抗感染药物结局研究档案：公开病例历程、宿主状态与诊断覆盖；来源、暴露及作用层次的分别资料；进入时点、结局定义和失访去向；进入资格、观察窗口和退出去向。需对照的具体条目：判定口径、暴露机会与服务路径；结局事件、观察起点与判定口径","暴露与作用 / 观察与结局","记录暴露或传统使用不自动证明药效或临床获益。 失去联系不能当成没有事件，观察时间不同也影响结局比较。 检测阳性、临床症状与宿主反应不能混为同一结果。","false"
"infectious-6","infectious","诊断资料评价","infectious-6","direction-case","诊断资料评价研究档案：公开病例历程、宿主状态与诊断覆盖；目标人群、参考标准和阳性去向。需对照感染患者历程与宿主反应中的定义、对象索引与适用条件","诊断与获益","提前诊断或检出更多不独立证明改善患者结局。 检测阳性、临床症状与宿主反应不能混为同一结果。","false"
"infectious-7","infectious","院内质量改进","infectious-7","direction-case","院内质量改进研究档案：公开病例历程、宿主状态与诊断覆盖；目标比较、资料进入和记录变化；版本变更、异常记录和失败复核。需对照感染患者历程与宿主反应中的定义、对象索引与适用条件","健康与记录","记录量改变可能来自检测或服务，不能独立证明健康改变。 检测阳性、临床症状与宿主反应不能混为同一结果。","false"
"infectious-8","infectious","长期随访","infectious-8","direction-case","长期随访研究档案：公开病例历程、宿主状态与诊断覆盖；进入时点、结局定义和失访去向；进入资格、观察窗口和退出去向。需对照感染患者历程与宿主反应中的定义、对象索引与适用条件","观察与结局","失去联系不能当成没有事件，观察时间不同也影响结局比较。 检测阳性、临床症状与宿主反应不能混为同一结果。","false"
"infectious-9","infectious","感染与慢性病","infectious-9","direction-case","感染与慢性病研究档案：公开病例历程、宿主状态与诊断覆盖；诊断口径、暴露机会和服务路径。需对照的具体条目：判定口径、暴露机会与服务路径；病程定义、持续暴露与选择背景","记录与发生","检验或就诊机会改变会改变记录数量，不等于真实发生同步变化。 检测阳性、临床症状与宿主反应不能混为同一结果。","false"
"infectious-10","infectious","公共卫生协作","infectious-10","direction-case","公共卫生协作研究档案：公开病例历程、宿主状态与诊断覆盖；诊断口径、暴露机会和服务路径；目标人群、进入机制和暴露窗口。需对照感染患者历程与宿主反应中的定义、对象索引与适用条件","记录与发生 / 样本与目标人群","检验或就诊机会改变会改变记录数量，不等于真实发生同步变化。 能进入资料的人不一定代表全部目标人群。 检测阳性、临床症状与宿主反应不能混为同一结果。","false"
"infectious-11","infectious","健康传播","infectious-11","direction-case","健康传播研究档案：公开病例历程、宿主状态与诊断覆盖；目标比较、资料进入和记录变化。需对照的具体条目：信息入口、转述链与接触分母；健康信息出处、理解障碍与行为机会","健康与记录","记录量改变可能来自检测或服务，不能独立证明健康改变。 检测阳性、临床症状与宿主反应不能混为同一结果。","false"
"infectious-12","infectious","医疗服务评价","infectious-12","direction-case","医疗服务评价研究档案：公开病例历程、宿主状态与诊断覆盖；需求、服务资格和未进入服务者。需对照的具体条目：服务资格、实际交付与未获服务者","使用与需求","服务使用量受供给和资格影响，不能单独表示需求。 检测阳性、临床症状与宿主反应不能混为同一结果。","false"
"geriatrics-1","geriatrics","衰弱研究","geriatrics-1","direction-case","衰弱研究研究档案：多病记录、活动能力与照护支持；功能储备、年龄及照护需要；摄入背景、身体功能和疾病共存。需对照衰弱、功能与照护中的定义、对象索引与适用条件","年龄与功能储备 / 单项与综合状态","同年龄的人可具有不同功能及适应能力，年龄不是完整机制解释。 单项指标改善可能与整体功能不同步，多病共存也改变解释。 年龄相同不代表功能储备及照护需要相同。","false"
"geriatrics-2","geriatrics","多病共存","geriatrics-2","direction-case","多病共存研究档案：多病记录、活动能力与照护支持；摄入背景、身体功能和疾病共存。需对照衰弱、功能与照护中的定义、对象索引与适用条件","单项与综合状态","单项指标改善可能与整体功能不同步，多病共存也改变解释。 年龄相同不代表功能储备及照护需要相同。","false"
"geriatrics-3","geriatrics","认知与功能","geriatrics-3","direction-case","认知与功能研究档案：多病记录、活动能力与照护支持；电生理、结构与任务表现的对应；任务版本、构念定义和状态条件；不同层次的读数、背景条件和相反趋势。需对照的具体条目：任务难度、注意条件与策略选择","结构与功能对应 / 分数与构念","相同结构表现可对应不同功能，任务和观察时点影响解释。 任务分数并不直接等于完整心理构念，状态也可改变表现。 年龄相同不代表功能储备及照护需要相同。","false"
"geriatrics-4","geriatrics","老年营养","geriatrics-4","direction-case","老年营养研究档案：多病记录、活动能力与照护支持；功能储备、年龄及照护需要；组成、摄入及整体模式的分别记录；计量单位、时间窗口和未计入的投入。需对照衰弱、功能与照护中的定义、对象索引与适用条件","年龄与功能储备 / 组成与实际摄入","同年龄的人可具有不同功能及适应能力，年龄不是完整机制解释。 成分丰富不代表摄入足够，实际摄入又不等于长期健康结果。 年龄相同不代表功能储备及照护需要相同。","false"
"geriatrics-5","geriatrics","老年药物结局","geriatrics-5","direction-case","老年药物结局研究档案：多病记录、活动能力与照护支持；功能储备、年龄及照护需要；来源、暴露及作用层次的分别资料；进入资格、观察窗口和退出去向。需对照的具体条目：结局事件、观察起点与判定口径","年龄与功能储备 / 暴露与作用","同年龄的人可具有不同功能及适应能力，年龄不是完整机制解释。 记录暴露或传统使用不自动证明药效或临床获益。 年龄相同不代表功能储备及照护需要相同。","false"
"geriatrics-6","geriatrics","长期照护","geriatrics-6","direction-case","长期照护研究档案：多病记录、活动能力与照护支持；计划、实施与患者本人或代理报告；进入时点、结局定义和失访去向；进入资格、观察窗口和退出去向。需对照的具体条目：实施时间线、交接信息与本人报告","交付与体验 / 观察与结局","安排好的措施不等于实施，代理报告不等于患者本人体验。 失去联系不能当成没有事件，观察时间不同也影响结局比较。 年龄相同不代表功能储备及照护需要相同。","false"
"geriatrics-7","geriatrics","跌倒风险研究","geriatrics-7","direction-case","跌倒风险研究研究档案：多病记录、活动能力与照护支持；摄入背景、身体功能和疾病共存。需对照的具体条目：危险条件、暴露对象与实际脆弱性","单项与综合状态","单项指标改善可能与整体功能不同步，多病共存也改变解释。 年龄相同不代表功能储备及照护需要相同。","false"
"geriatrics-8","geriatrics","老年康复","geriatrics-8","direction-case","老年康复研究档案：多病记录、活动能力与照护支持；功能储备、年龄及照护需要；测试能力、生活活动与环境支持。需对照衰弱、功能与照护中的定义、对象索引与适用条件","年龄与功能储备 / 能力与参与","同年龄的人可具有不同功能及适应能力，年龄不是完整机制解释。 受控任务中的能力与真实环境中的参与不同。 年龄相同不代表功能储备及照护需要相同。","false"
"geriatrics-9","geriatrics","生活质量","geriatrics-9","direction-case","生活质量研究档案：多病记录、活动能力与照护支持；条目版本、填答者和缺失项；版本变更、异常记录和失败复核。需对照衰弱、功能与照护中的定义、对象索引与适用条件","分数与体验","代理填答、版本变化和缺失会改变总分的含义。 年龄相同不代表功能储备及照护需要相同。","false"
"geriatrics-10","geriatrics","健康寿命","geriatrics-10","direction-case","健康寿命研究档案：多病记录、活动能力与照护支持；功能储备、年龄及照护需要；摄入背景、身体功能和疾病共存；进入资格、观察窗口和退出去向。需对照衰弱、功能与照护中的定义、对象索引与适用条件","年龄与功能储备 / 单项与综合状态","同年龄的人可具有不同功能及适应能力，年龄不是完整机制解释。 单项指标改善可能与整体功能不同步，多病共存也改变解释。 年龄相同不代表功能储备及照护需要相同。","false"
"geriatrics-11","geriatrics","家庭照护","geriatrics-11","direction-case","家庭照护研究档案：多病记录、活动能力与照护支持；计划、实施与患者本人或代理报告。需对照的具体条目：实施时间线、交接信息与本人报告；亲属角色、家务分担与资源流动","交付与体验","安排好的措施不等于实施，代理报告不等于患者本人体验。 年龄相同不代表功能储备及照护需要相同。","false"
"geriatrics-12","geriatrics","老年疾病队列","geriatrics-12","direction-case","老年疾病队列研究档案：多病记录、活动能力与照护支持；功能储备、年龄及照护需要；进入时点、结局定义和失访去向；进入资格、观察窗口和退出去向。需对照的具体条目：对象进入时点、重复观察与失访去向","年龄与功能储备 / 观察与结局","同年龄的人可具有不同功能及适应能力，年龄不是完整机制解释。 失去联系不能当成没有事件，观察时间不同也影响结局比较。 年龄相同不代表功能储备及照护需要相同。","false"
"general-surgery-1","general-surgery","胃肠外科结局","general-surgery-1","direction-case","胃肠外科结局研究档案：术前状态、围术期过程与恢复结局；动力、组织评价与消化症状的对照；进入时点、结局定义和失访去向；进入资格、观察窗口和退出去向。需对照的具体条目：结局事件、观察起点与判定口径","症状与组织过程 / 观察与结局","症状可受多个过程影响，症状变化不独立定位组织机制。 失去联系不能当成没有事件，观察时间不同也影响结局比较。 术后结果同时受术前状态与整个恢复过程影响。","false"
"general-surgery-2","general-surgery","肝胆外科结局","general-surgery-2","direction-case","肝胆外科结局研究档案：术前状态、围术期过程与恢复结局；动力、组织评价与消化症状的对照；进入时点、结局定义和失访去向；进入资格、观察窗口和退出去向。需对照的具体条目：组织或功能读数、代谢背景与病程；结局事件、观察起点与判定口径","症状与组织过程 / 观察与结局","症状可受多个过程影响，症状变化不独立定位组织机制。 失去联系不能当成没有事件，观察时间不同也影响结局比较。 术后结果同时受术前状态与整个恢复过程影响。","false"
"general-surgery-3","general-surgery","胰腺外科研究","general-surgery-3","direction-case","胰腺外科研究研究档案：术前状态、围术期过程与恢复结局；动力、组织评价与消化症状的对照；需求到达、流程时间和风险分层。需对照的具体条目：结构资料、功能变化与观察窗口","症状与组织过程 / 流程与结局","症状可受多个过程影响，症状变化不独立定位组织机制。 流程更快不独立证明结局更好，需要考虑对象风险和需求。 术后结果同时受术前状态与整个恢复过程影响。","false"
"general-surgery-4","general-surgery","甲状腺外科","general-surgery-4","direction-case","甲状腺外科研究档案：术前状态、围术期过程与恢复结局；激素或代谢时序与状态分层；需求到达、流程时间和风险分层。需对照的具体条目：反馈状态、功能读数与测量时点","反馈与时序 / 流程与结局","反馈系统中的单一时点可错过相位变化，不能完整代表动态状态。 流程更快不独立证明结局更好，需要考虑对象风险和需求。 术后结果同时受术前状态与整个恢复过程影响。","false"
"general-surgery-5","general-surgery","乳腺外科","general-surgery-5","direction-case","乳腺外科研究档案：术前状态、围术期过程与恢复结局；需求到达、流程时间和风险分层。需对照外科患者与恢复过程中的定义、对象索引与适用条件","流程与结局","流程更快不独立证明结局更好，需要考虑对象风险和需求。 术后结果同时受术前状态与整个恢复过程影响。","false"
"general-surgery-6","general-surgery","疝与腹壁","general-surgery-6","direction-case","疝与腹壁研究档案：术前状态、围术期过程与恢复结局；结构支持、压力条件和任务功能。需对照外科患者与恢复过程中的定义、对象索引与适用条件","结构与任务功能","结构改变和任务功能不必同步，需要保留压力和活动背景。 术后结果同时受术前状态与整个恢复过程影响。","false"
"general-surgery-7","general-surgery","围术期质量","general-surgery-7","direction-case","围术期质量研究档案：术前状态、围术期过程与恢复结局；需求到达、流程时间和风险分层；版本变更、异常记录和失败复核。需对照外科患者与恢复过程中的定义、对象索引与适用条件","流程与结局","流程更快不独立证明结局更好，需要考虑对象风险和需求。 术后结果同时受术前状态与整个恢复过程影响。","false"
"general-surgery-8","general-surgery","外科营养","general-surgery-8","direction-case","外科营养研究档案：术前状态、围术期过程与恢复结局；组成、摄入及整体模式的分别记录；成分、实际摄入和感官任务条件；计量单位、时间窗口和未计入的投入。需对照外科患者与恢复过程中的定义、对象索引与适用条件","组成与实际摄入 / 品质与接受","成分丰富不代表摄入足够，实际摄入又不等于长期健康结果。 成分或仪器指标不能完整代替实际摄入和感官接受。 术后结果同时受术前状态与整个恢复过程影响。","false"
"general-surgery-9","general-surgery","外科影像","general-surgery-9","direction-case","外科影像研究档案：术前状态、围术期过程与恢复结局；个体索引、图像条件和判读分歧；需求到达、流程时间和风险分层。需对照的具体条目：来源索引、采集条件与判读分歧","图像与个体 / 流程与结局","一个人的多幅图像不构成多个独立患者，图像性能不等于患者获益。 流程更快不独立证明结局更好，需要考虑对象风险和需求。 术后结果同时受术前状态与整个恢复过程影响。","false"
"general-surgery-10","general-surgery","外科随访","general-surgery-10","direction-case","外科随访研究档案：术前状态、围术期过程与恢复结局；进入时点、结局定义和失访去向；需求到达、流程时间和风险分层；进入资格、观察窗口和退出去向。需对照外科患者与恢复过程中的定义、对象索引与适用条件","观察与结局 / 流程与结局","失去联系不能当成没有事件，观察时间不同也影响结局比较。 流程更快不独立证明结局更好，需要考虑对象风险和需求。 术后结果同时受术前状态与整个恢复过程影响。","false"
"general-surgery-11","general-surgery","外科器械评价","general-surgery-11","direction-case","外科器械评价研究档案：术前状态、围术期过程与恢复结局；需求到达、流程时间和风险分层；设备版本、使用任务和错误恢复。需对照外科患者与恢复过程中的定义、对象索引与适用条件","流程与结局 / 性能与可用性","流程更快不独立证明结局更好，需要考虑对象风险和需求。 仪器性能不能独立概括真实使用中的负担和患者结局。 术后结果同时受术前状态与整个恢复过程影响。","false"
"general-surgery-12","general-surgery","手术登记研究","general-surgery-12","direction-case","手术登记研究研究档案：术前状态、围术期过程与恢复结局；进入时点、结局定义和失访去向；需求到达、流程时间和风险分层；进入资格、观察窗口和退出去向。需对照的具体条目：登记入口、覆盖分母与重复记录","观察与结局 / 流程与结局","失去联系不能当成没有事件，观察时间不同也影响结局比较。 流程更快不独立证明结局更好，需要考虑对象风险和需求。 术后结果同时受术前状态与整个恢复过程影响。","false"
"cardiac-surgery-1","cardiac-surgery","心脏外科结局","cardiac-surgery-1","direction-case","心脏外科结局研究档案：结构病变、术后功能与长期随访；心脏负荷与功能的并列记录；进入时点、结局定义和失访去向；进入资格、观察窗口和退出去向。需对照的具体条目：结局事件、观察起点与判定口径","负荷依赖 / 观察与结局","功能读数可随前后负荷改变，不独立说明收缩机制。 失去联系不能当成没有事件，观察时间不同也影响结局比较。 早期技术结果与长期功能及患者体验不能互代。","false"
"cardiac-surgery-2","cardiac-surgery","瓣膜疾病研究","cardiac-surgery-2","direction-case","瓣膜疾病研究研究档案：结构病变、术后功能与长期随访；心脏负荷与功能的并列记录。需对照的具体条目：结构分级、血流条件与功能负担","负荷依赖","功能读数可随前后负荷改变，不独立说明收缩机制。 早期技术结果与长期功能及患者体验不能互代。","false"
"cardiac-surgery-3","cardiac-surgery","主动脉疾病研究","cardiac-surgery-3","direction-case","主动脉疾病研究研究档案：结构病变、术后功能与长期随访；心脏负荷与功能的并列记录。需对照的具体条目：部位定义、形态轨迹与观察时点","负荷依赖","功能读数可随前后负荷改变，不独立说明收缩机制。 早期技术结果与长期功能及患者体验不能互代。","false"
"cardiac-surgery-4","cardiac-surgery","先心病随访","cardiac-surgery-4","direction-case","先心病随访研究档案：结构病变、术后功能与长期随访；心脏负荷与功能的并列记录；进入时点、结局定义和失访去向；进入资格、观察窗口和退出去向。需对照的具体条目：结构类型、成长阶段与功能轨迹","负荷依赖 / 观察与结局","功能读数可随前后负荷改变，不独立说明收缩机制。 失去联系不能当成没有事件，观察时间不同也影响结局比较。 早期技术结果与长期功能及患者体验不能互代。","false"
"cardiac-surgery-5","cardiac-surgery","胸部肿瘤研究","cardiac-surgery-5","direction-case","胸部肿瘤研究研究档案：结构病变、术后功能与长期随访；病灶变化、分期与患者功能的对照。需对照的具体条目：分型、对象进入与患者结局窗口","病灶与患者结局","病灶指标变化与生存或生活功能是不同层次。 早期技术结果与长期功能及患者体验不能互代。","false"
"cardiac-surgery-6","cardiac-surgery","围术期照护","cardiac-surgery-6","direction-case","围术期照护研究档案：结构病变、术后功能与长期随访；计划、实施与患者本人或代理报告；需求到达、流程时间和风险分层。需对照的具体条目：实施时间线、交接信息与本人报告","交付与体验 / 流程与结局","安排好的措施不等于实施，代理报告不等于患者本人体验。 流程更快不独立证明结局更好，需要考虑对象风险和需求。 早期技术结果与长期功能及患者体验不能互代。","false"
"cardiac-surgery-7","cardiac-surgery","术后康复","cardiac-surgery-7","direction-case","术后康复研究档案：结构病变、术后功能与长期随访；测试能力、生活活动与环境支持；需求到达、流程时间和风险分层。需对照心胸结构与术后恢复中的定义、对象索引与适用条件","能力与参与 / 流程与结局","受控任务中的能力与真实环境中的参与不同。 流程更快不独立证明结局更好，需要考虑对象风险和需求。 早期技术结果与长期功能及患者体验不能互代。","false"
"cardiac-surgery-8","cardiac-surgery","心胸影像","cardiac-surgery-8","direction-case","心胸影像研究档案：结构病变、术后功能与长期随访；心脏负荷与功能的并列记录；个体索引、图像条件和判读分歧。需对照的具体条目：来源索引、采集条件与判读分歧","负荷依赖 / 图像与个体","功能读数可随前后负荷改变，不独立说明收缩机制。 一个人的多幅图像不构成多个独立患者，图像性能不等于患者获益。 早期技术结果与长期功能及患者体验不能互代。","false"
"cardiac-surgery-9","cardiac-surgery","登记与质控","cardiac-surgery-9","direction-case","登记与质控研究档案：结构病变、术后功能与长期随访；进入时点、结局定义和失访去向；进入资格、观察窗口和退出去向。需对照的具体条目：登记入口、覆盖分母与重复记录","观察与结局","失去联系不能当成没有事件，观察时间不同也影响结局比较。 早期技术结果与长期功能及患者体验不能互代。","false"
"cardiac-surgery-10","cardiac-surgery","患者报告结局","cardiac-surgery-10","direction-case","患者报告结局研究档案：结构病变、术后功能与长期随访；进入时点、结局定义和失访去向；条目版本、填答者和缺失项；进入资格、观察窗口和退出去向。需对照的具体条目：结局事件、观察起点与判定口径","观察与结局 / 分数与体验","失去联系不能当成没有事件，观察时间不同也影响结局比较。 代理填答、版本变化和缺失会改变总分的含义。 早期技术结果与长期功能及患者体验不能互代。","false"
"cardiac-surgery-11","cardiac-surgery","器械评价","cardiac-surgery-11","direction-case","器械评价研究档案：结构病变、术后功能与长期随访；设备版本、使用任务和错误恢复。需对照心胸结构与术后恢复中的定义、对象索引与适用条件","性能与可用性","仪器性能不能独立概括真实使用中的负担和患者结局。 早期技术结果与长期功能及患者体验不能互代。","false"
"cardiac-surgery-12","cardiac-surgery","长期结局","cardiac-surgery-12","direction-case","长期结局研究档案：结构病变、术后功能与长期随访；进入时点、结局定义和失访去向；进入资格、观察窗口和退出去向。需对照的具体条目：结局事件、观察起点与判定口径","观察与结局","失去联系不能当成没有事件，观察时间不同也影响结局比较。 早期技术结果与长期功能及患者体验不能互代。","false"
"neurosurgery-1","neurosurgery","神经肿瘤研究","neurosurgery-1","direction-case","神经肿瘤研究研究档案：病变位置、功能状态与恢复时间；电生理、结构与任务表现的对应；病灶变化、分期与患者功能的对照。需对照的具体条目：分型、对象进入与患者结局窗口","结构与功能对应 / 病灶与患者结局","相同结构表现可对应不同功能，任务和观察时点影响解释。 病灶指标变化与生存或生活功能是不同层次。 影像变化不能单独概括认知、运动或参与结局。","false"
"neurosurgery-2","neurosurgery","脑血管外科结局","neurosurgery-2","direction-case","脑血管外科结局研究档案：病变位置、功能状态与恢复时间；电生理、结构与任务表现的对应；进入时点、结局定义和失访去向；进入资格、观察窗口和退出去向。需对照的具体条目：事件时点、病灶资料与功能轨迹；结局事件、观察起点与判定口径","结构与功能对应 / 观察与结局","相同结构表现可对应不同功能，任务和观察时点影响解释。 失去联系不能当成没有事件，观察时间不同也影响结局比较。 影像变化不能单独概括认知、运动或参与结局。","false"
"neurosurgery-3","neurosurgery","功能神经外科","neurosurgery-3","direction-case","功能神经外科研究档案：病变位置、功能状态与恢复时间；电生理、结构与任务表现的对应；需求到达、流程时间和风险分层；不同层次的读数、背景条件和相反趋势。需对照神经外科功能结局中的定义、对象索引与适用条件","结构与功能对应 / 流程与结局","相同结构表现可对应不同功能，任务和观察时点影响解释。 流程更快不独立证明结局更好，需要考虑对象风险和需求。 影像变化不能单独概括认知、运动或参与结局。","false"
"neurosurgery-4","neurosurgery","脊柱脊髓研究","neurosurgery-4","direction-case","脊柱脊髓研究研究档案：病变位置、功能状态与恢复时间；结构、负荷及动作功能的联合描述。需对照的具体条目：结构位置、神经功能与活动负担","结构与使用表现","形态修复不自动恢复真实运动功能，环境和负荷需要保留。 影像变化不能单独概括认知、运动或参与结局。","false"
"neurosurgery-5","neurosurgery","神经创伤结局","neurosurgery-5","direction-case","神经创伤结局研究档案：病变位置、功能状态与恢复时间；电生理、结构与任务表现的对应；进入时点、结局定义和失访去向；进入资格、观察窗口和退出去向。需对照的具体条目：结局事件、观察起点与判定口径","结构与功能对应 / 观察与结局","相同结构表现可对应不同功能，任务和观察时点影响解释。 失去联系不能当成没有事件，观察时间不同也影响结局比较。 影像变化不能单独概括认知、运动或参与结局。","false"
"neurosurgery-6","neurosurgery","神经外科影像","neurosurgery-6","direction-case","神经外科影像研究档案：病变位置、功能状态与恢复时间；电生理、结构与任务表现的对应；个体索引、图像条件和判读分歧。需对照的具体条目：来源索引、采集条件与判读分歧","结构与功能对应 / 图像与个体","相同结构表现可对应不同功能，任务和观察时点影响解释。 一个人的多幅图像不构成多个独立患者，图像性能不等于患者获益。 影像变化不能单独概括认知、运动或参与结局。","false"
"neurosurgery-7","neurosurgery","神经导航评价","neurosurgery-7","direction-case","神经导航评价研究档案：病变位置、功能状态与恢复时间；电生理、结构与任务表现的对应；设备版本、使用任务和错误恢复。需对照神经外科功能结局中的定义、对象索引与适用条件","结构与功能对应 / 性能与可用性","相同结构表现可对应不同功能，任务和观察时点影响解释。 仪器性能不能独立概括真实使用中的负担和患者结局。 影像变化不能单独概括认知、运动或参与结局。","false"
"neurosurgery-8","neurosurgery","神经外科康复","neurosurgery-8","direction-case","神经外科康复研究档案：病变位置、功能状态与恢复时间；电生理、结构与任务表现的对应；测试能力、生活活动与环境支持。需对照神经外科功能结局中的定义、对象索引与适用条件","结构与功能对应 / 能力与参与","相同结构表现可对应不同功能，任务和观察时点影响解释。 受控任务中的能力与真实环境中的参与不同。 影像变化不能单独概括认知、运动或参与结局。","false"
"neurosurgery-9","neurosurgery","认知结局","neurosurgery-9","direction-case","认知结局研究档案：病变位置、功能状态与恢复时间；电生理、结构与任务表现的对应；任务版本、构念定义和状态条件；进入资格、观察窗口和退出去向。需对照的具体条目：任务难度、注意条件与策略选择；结局事件、观察起点与判定口径","结构与功能对应 / 分数与构念","相同结构表现可对应不同功能，任务和观察时点影响解释。 任务分数并不直接等于完整心理构念，状态也可改变表现。 影像变化不能单独概括认知、运动或参与结局。","false"
"neurosurgery-10","neurosurgery","随访登记","neurosurgery-10","direction-case","随访登记研究档案：病变位置、功能状态与恢复时间；进入时点、结局定义和失访去向；进入资格、观察窗口和退出去向。需对照的具体条目：登记入口、覆盖分母与重复记录","观察与结局","失去联系不能当成没有事件，观察时间不同也影响结局比较。 影像变化不能单独概括认知、运动或参与结局。","false"
"neurosurgery-11","neurosurgery","器械与界面","neurosurgery-11","direction-case","器械与界面研究档案：病变位置、功能状态与恢复时间；设备版本、使用任务和错误恢复。需对照神经外科功能结局中的定义、对象索引与适用条件","性能与可用性","仪器性能不能独立概括真实使用中的负担和患者结局。 影像变化不能单独概括认知、运动或参与结局。","false"
"neurosurgery-12","neurosurgery","患者报告结局","neurosurgery-12","direction-case","患者报告结局研究档案：病变位置、功能状态与恢复时间；进入时点、结局定义和失访去向；条目版本、填答者和缺失项；进入资格、观察窗口和退出去向。需对照的具体条目：结局事件、观察起点与判定口径","观察与结局 / 分数与体验","失去联系不能当成没有事件，观察时间不同也影响结局比较。 代理填答、版本变化和缺失会改变总分的含义。 影像变化不能单独概括认知、运动或参与结局。","false"
"orthopedics-1","orthopedics","关节研究","orthopedics-1","direction-case","关节研究研究档案：结构影像、载荷反应与步态功能；结构、负荷及动作功能的联合描述。需对照的具体条目：活动任务、负荷背景与组织状态","结构与使用表现","形态修复不自动恢复真实运动功能，环境和负荷需要保留。 结构对齐与疼痛、运动功能可能不一致。","false"
"orthopedics-2","orthopedics","脊柱研究","orthopedics-2","direction-case","脊柱研究研究档案：结构影像、载荷反应与步态功能；结构、负荷及动作功能的联合描述。需对照的具体条目：结构位置、神经功能与活动负担","结构与使用表现","形态修复不自动恢复真实运动功能，环境和负荷需要保留。 结构对齐与疼痛、运动功能可能不一致。","false"
"orthopedics-3","orthopedics","骨创伤结局","orthopedics-3","direction-case","骨创伤结局研究档案：结构影像、载荷反应与步态功能；结构、负荷及动作功能的联合描述；进入时点、结局定义和失访去向；进入资格、观察窗口和退出去向。需对照的具体条目：结局事件、观察起点与判定口径","结构与使用表现 / 观察与结局","形态修复不自动恢复真实运动功能，环境和负荷需要保留。 失去联系不能当成没有事件，观察时间不同也影响结局比较。 结构对齐与疼痛、运动功能可能不一致。","false"
"orthopedics-4","orthopedics","骨肿瘤研究","orthopedics-4","direction-case","骨肿瘤研究研究档案：结构影像、载荷反应与步态功能；病灶变化、分期与患者功能的对照；结构、负荷及动作功能的联合描述。需对照的具体条目：分型、对象进入与患者结局窗口","病灶与患者结局 / 结构与使用表现","病灶指标变化与生存或生活功能是不同层次。 形态修复不自动恢复真实运动功能，环境和负荷需要保留。 结构对齐与疼痛、运动功能可能不一致。","false"
"orthopedics-5","orthopedics","运动损伤","orthopedics-5","direction-case","运动损伤研究档案：结构影像、载荷反应与步态功能；训练暴露、恢复阶段和任务表现。需对照的具体条目：训练暴露、恢复阶段与测试熟悉","训练与测试","测试进步可能含熟悉效应，训练效果需要暴露与恢复背景。 结构对齐与疼痛、运动功能可能不一致。","false"
"orthopedics-6","orthopedics","骨科生物力学","orthopedics-6","direction-case","骨科生物力学研究档案：结构影像、载荷反应与步态功能；结构、负荷及动作功能的联合描述；载荷谱、变形状态和失效口径。需对照的具体条目：动作任务、身体负荷与运动学资料","结构与使用表现 / 强度与寿命","形态修复不自动恢复真实运动功能，环境和负荷需要保留。 静态强度不能独立代替循环载荷下的寿命评价。 结构对齐与疼痛、运动功能可能不一致。","false"
"orthopedics-7","orthopedics","骨科影像","orthopedics-7","direction-case","骨科影像研究档案：结构影像、载荷反应与步态功能；结构、负荷及动作功能的联合描述；个体索引、图像条件和判读分歧。需对照的具体条目：来源索引、采集条件与判读分歧","结构与使用表现 / 图像与个体","形态修复不自动恢复真实运动功能，环境和负荷需要保留。 一个人的多幅图像不构成多个独立患者，图像性能不等于患者获益。 结构对齐与疼痛、运动功能可能不一致。","false"
"orthopedics-8","orthopedics","骨与软骨修复","orthopedics-8","direction-case","骨与软骨修复研究档案：结构影像、载荷反应与步态功能；结构、负荷及动作功能的联合描述。需对照的具体条目：活动任务、负荷背景与组织状态；修复阶段、组织状态与生活任务","结构与使用表现","形态修复不自动恢复真实运动功能，环境和负荷需要保留。 结构对齐与疼痛、运动功能可能不一致。","false"
"orthopedics-9","orthopedics","步态分析","orthopedics-9","direction-case","步态分析研究档案：结构影像、载荷反应与步态功能；测试能力、生活活动与环境支持；训练暴露、恢复阶段和任务表现。需对照的具体条目：输入假设、测量或推导链与不确定性","能力与参与 / 训练与测试","受控任务中的能力与真实环境中的参与不同。 测试进步可能含熟悉效应，训练效果需要暴露与恢复背景。 结构对齐与疼痛、运动功能可能不一致。","false"
"orthopedics-10","orthopedics","植入物评价","orthopedics-10","direction-case","植入物评价研究档案：结构影像、载荷反应与步态功能；设备版本、使用任务和错误恢复。需对照骨关节、载荷与运动中的定义、对象索引与适用条件","性能与可用性","仪器性能不能独立概括真实使用中的负担和患者结局。 结构对齐与疼痛、运动功能可能不一致。","false"
"orthopedics-11","orthopedics","骨科康复","orthopedics-11","direction-case","骨科康复研究档案：结构影像、载荷反应与步态功能；结构、负荷及动作功能的联合描述；测试能力、生活活动与环境支持。需对照骨关节、载荷与运动中的定义、对象索引与适用条件","结构与使用表现 / 能力与参与","形态修复不自动恢复真实运动功能，环境和负荷需要保留。 受控任务中的能力与真实环境中的参与不同。 结构对齐与疼痛、运动功能可能不一致。","false"
"orthopedics-12","orthopedics","患者报告结局","orthopedics-12","direction-case","患者报告结局研究档案：结构影像、载荷反应与步态功能；进入时点、结局定义和失访去向；条目版本、填答者和缺失项；进入资格、观察窗口和退出去向。需对照的具体条目：结局事件、观察起点与判定口径","观察与结局 / 分数与体验","失去联系不能当成没有事件，观察时间不同也影响结局比较。 代理填答、版本变化和缺失会改变总分的含义。 结构对齐与疼痛、运动功能可能不一致。","false"
"urology-1","urology","泌尿肿瘤研究","urology-1","direction-case","泌尿肿瘤研究研究档案：排尿日记、解剖资料与随访体验；滤过估计与尿液标志的不同轨迹；病灶变化、分期与患者功能的对照。需对照的具体条目：分型、对象进入与患者结局窗口","功能与损伤 / 病灶与患者结局","功能估计与组织损伤标志不同，短期方向也可不一致。 病灶指标变化与生存或生活功能是不同层次。 结构、排尿表现与患者困扰提供不同评价维度。","false"
"urology-2","urology","排尿功能","urology-2","direction-case","排尿功能研究档案：排尿日记、解剖资料与随访体验；滤过估计与尿液标志的不同轨迹；结构支持、压力条件和任务功能；不同层次的读数、背景条件和相反趋势。需对照的具体条目：功能任务、压力条件与主观负担","功能与损伤 / 结构与任务功能","功能估计与组织损伤标志不同，短期方向也可不一致。 结构改变和任务功能不必同步，需要保留压力和活动背景。 结构、排尿表现与患者困扰提供不同评价维度。","false"
"urology-3","urology","结石结局","urology-3","direction-case","结石结局研究档案：排尿日记、解剖资料与随访体验；进入时点、结局定义和失访去向；进入资格、观察窗口和退出去向。需对照的具体条目：结局事件、观察起点与判定口径；位置、事件判定与复发观察窗口","观察与结局","失去联系不能当成没有事件，观察时间不同也影响结局比较。 结构、排尿表现与患者困扰提供不同评价维度。","false"
"urology-4","urology","肾脏外科研究","urology-4","direction-case","肾脏外科研究研究档案：排尿日记、解剖资料与随访体验；滤过估计与尿液标志的不同轨迹；需求到达、流程时间和风险分层。需对照的具体条目：滤过轨迹、尿液标志与容量背景","功能与损伤 / 流程与结局","功能估计与组织损伤标志不同，短期方向也可不一致。 流程更快不独立证明结局更好，需要考虑对象风险和需求。 结构、排尿表现与患者困扰提供不同评价维度。","false"
"urology-5","urology","男性健康","urology-5","direction-case","男性健康研究档案：排尿日记、解剖资料与随访体验；结构支持、压力条件和任务功能。需对照排尿功能与泌尿结构中的定义、对象索引与适用条件","结构与任务功能","结构改变和任务功能不必同步，需要保留压力和活动背景。 结构、排尿表现与患者困扰提供不同评价维度。","false"
"urology-6","urology","泌尿影像","urology-6","direction-case","泌尿影像研究档案：排尿日记、解剖资料与随访体验；滤过估计与尿液标志的不同轨迹；个体索引、图像条件和判读分歧。需对照的具体条目：来源索引、采集条件与判读分歧","功能与损伤 / 图像与个体","功能估计与组织损伤标志不同，短期方向也可不一致。 一个人的多幅图像不构成多个独立患者，图像性能不等于患者获益。 结构、排尿表现与患者困扰提供不同评价维度。","false"
"urology-7","urology","盆底功能","urology-7","direction-case","盆底功能研究档案：排尿日记、解剖资料与随访体验；结构支持、压力条件和任务功能；不同层次的读数、背景条件和相反趋势。需对照的具体条目：功能任务、压力条件与主观负担","结构与任务功能","结构改变和任务功能不必同步，需要保留压力和活动背景。 结构、排尿表现与患者困扰提供不同评价维度。","false"
"urology-8","urology","泌尿器械评价","urology-8","direction-case","泌尿器械评价研究档案：排尿日记、解剖资料与随访体验；滤过估计与尿液标志的不同轨迹；设备版本、使用任务和错误恢复。需对照排尿功能与泌尿结构中的定义、对象索引与适用条件","功能与损伤 / 性能与可用性","功能估计与组织损伤标志不同，短期方向也可不一致。 仪器性能不能独立概括真实使用中的负担和患者结局。 结构、排尿表现与患者困扰提供不同评价维度。","false"
"urology-9","urology","泌尿遗传","urology-9","direction-case","泌尿遗传研究档案：排尿日记、解剖资料与随访体验；滤过估计与尿液标志的不同轨迹；参考版本、来源关系与变异表型对应；不同层次的读数、背景条件和相反趋势。需对照排尿功能与泌尿结构中的定义、对象索引与适用条件","功能与损伤 / 关联与功能解释","功能估计与组织损伤标志不同，短期方向也可不一致。 共同变化或共分离提供线索，但不能独立证明因果及个体结局。 结构、排尿表现与患者困扰提供不同评价维度。","false"
"urology-10","urology","随访质量","urology-10","direction-case","随访质量研究档案：排尿日记、解剖资料与随访体验；进入时点、结局定义和失访去向；进入资格、观察窗口和退出去向。需对照排尿功能与泌尿结构中的定义、对象索引与适用条件","观察与结局","失去联系不能当成没有事件，观察时间不同也影响结局比较。 结构、排尿表现与患者困扰提供不同评价维度。","false"
"urology-11","urology","患者报告结局","urology-11","direction-case","患者报告结局研究档案：排尿日记、解剖资料与随访体验；进入时点、结局定义和失访去向；条目版本、填答者和缺失项；进入资格、观察窗口和退出去向。需对照的具体条目：结局事件、观察起点与判定口径","观察与结局 / 分数与体验","失去联系不能当成没有事件，观察时间不同也影响结局比较。 代理填答、版本变化和缺失会改变总分的含义。 结构、排尿表现与患者困扰提供不同评价维度。","false"
"urology-12","urology","泌尿疾病登记","urology-12","direction-case","泌尿疾病登记研究档案：排尿日记、解剖资料与随访体验；滤过估计与尿液标志的不同轨迹；进入时点、结局定义和失访去向；进入资格、观察窗口和退出去向。需对照的具体条目：登记入口、覆盖分母与重复记录","功能与损伤 / 观察与结局","功能估计与组织损伤标志不同，短期方向也可不一致。 失去联系不能当成没有事件，观察时间不同也影响结局比较。 结构、排尿表现与患者困扰提供不同评价维度。","false"
"plastic-surgery-1","plastic-surgery","创面修复研究","plastic-surgery-1","direction-case","创面修复研究研究档案：创面过程、形态记录与功能体验；形态、屏障与患者困扰的对照。需对照的具体条目：形态条件、修复阶段与功能体验；修复阶段、组织状态与生活任务","可见变化与体验","外观、屏障功能和主观困扰可不同步。 外观、功能和患者满意度不是同一结果。","false"
"plastic-surgery-2","plastic-surgery","瘢痕评价","plastic-surgery-2","direction-case","瘢痕评价研究档案：创面过程、形态记录与功能体验；形态、屏障与患者困扰的对照。需对照的具体条目：形态条件、修复阶段与功能体验；形态评分、拍摄条件与功能限制","可见变化与体验","外观、屏障功能和主观困扰可不同步。 外观、功能和患者满意度不是同一结果。","false"
"plastic-surgery-3","plastic-surgery","组织修复结局","plastic-surgery-3","direction-case","组织修复结局研究档案：创面过程、形态记录与功能体验；结构定位、组织层次与判读条件；细胞组成、功能层次和独立来源；进入资格、观察窗口和退出去向。需对照的具体条目：角色分工、资源联系与实际协调；结局事件、观察起点与判定口径；修复阶段、组织状态与生活任务","局部与整体 / 组成与状态","局部组织或切片不能无条件代表整个个体或器官。 群体差异可能来自组成与单元状态两方面，技术重复不是独立对象。 外观、功能和患者满意度不是同一结果。","false"
"plastic-surgery-4","plastic-surgery","修复材料评价","plastic-surgery-4","direction-case","修复材料评价研究档案：创面过程、形态记录与功能体验；材料来源、组织层次和判读标准。需对照的具体条目：修复阶段、组织状态与生活任务","形态与机制","形态相符不能独立确定唯一机制，需要功能或其他证据。 外观、功能和患者满意度不是同一结果。","false"
"plastic-surgery-5","plastic-surgery","功能重建结局","plastic-surgery-5","direction-case","功能重建结局研究档案：创面过程、形态记录与功能体验；进入时点、结局定义和失访去向；设备版本、使用任务和错误恢复；进入资格、观察窗口和退出去向。需对照的具体条目：结局事件、观察起点与判定口径","观察与结局 / 性能与可用性","失去联系不能当成没有事件，观察时间不同也影响结局比较。 仪器性能不能独立概括真实使用中的负担和患者结局。 外观、功能和患者满意度不是同一结果。","false"
"plastic-surgery-6","plastic-surgery","患者体验","plastic-surgery-6","direction-case","患者体验研究档案：创面过程、形态记录与功能体验；计划、实施与患者本人或代理报告；条目版本、填答者和缺失项。需对照修复、形态与功能中的定义、对象索引与适用条件","交付与体验 / 分数与体验","安排好的措施不等于实施，代理报告不等于患者本人体验。 代理填答、版本变化和缺失会改变总分的含义。 外观、功能和患者满意度不是同一结果。","false"
"plastic-surgery-7","plastic-surgery","三维形态记录","plastic-surgery-7","direction-case","三维形态记录研究档案：创面过程、形态记录与功能体验；设备版本、使用任务和错误恢复；材料来源、组织层次和判读标准。需对照修复、形态与功能中的定义、对象索引与适用条件","性能与可用性 / 形态与机制","仪器性能不能独立概括真实使用中的负担和患者结局。 形态相符不能独立确定唯一机制，需要功能或其他证据。 外观、功能和患者满意度不是同一结果。","false"
"plastic-surgery-8","plastic-surgery","外观评价量表","plastic-surgery-8","direction-case","外观评价量表研究档案：创面过程、形态记录与功能体验；条目版本、填答者和缺失项；参考依据、重复读数和误差分项。需对照修复、形态与功能中的定义、对象索引与适用条件","分数与体验","代理填答、版本变化和缺失会改变总分的含义。 外观、功能和患者满意度不是同一结果。","false"
"plastic-surgery-9","plastic-surgery","手功能研究","plastic-surgery-9","direction-case","手功能研究研究档案：创面过程、形态记录与功能体验；手部任务、动作范围和日常参与；不同层次的读数、背景条件和相反趋势。需对照修复、形态与功能中的定义、对象索引与适用条件","动作与任务","单关节动作幅度不完整代表抓握和真实生活任务。 外观、功能和患者满意度不是同一结果。","false"
"plastic-surgery-10","plastic-surgery","修复康复","plastic-surgery-10","direction-case","修复康复研究档案：创面过程、形态记录与功能体验；测试能力、生活活动与环境支持。需对照的具体条目：修复阶段、组织状态与生活任务","能力与参与","受控任务中的能力与真实环境中的参与不同。 外观、功能和患者满意度不是同一结果。","false"
"plastic-surgery-11","plastic-surgery","设计与人机界面","plastic-surgery-11","direction-case","设计与人机界面研究档案：创面过程、形态记录与功能体验；设备版本、使用任务和错误恢复；任务路径、迭代版本和错误恢复记录。需对照的具体条目：任务路径、辅助条件与错误恢复","性能与可用性","仪器性能不能独立概括真实使用中的负担和患者结局。 外观、功能和患者满意度不是同一结果。","false"
"plastic-surgery-12","plastic-surgery","长期质量随访","plastic-surgery-12","direction-case","长期质量随访研究档案：创面过程、形态记录与功能体验；进入时点、结局定义和失访去向；进入资格、观察窗口和退出去向。需对照修复、形态与功能中的定义、对象索引与适用条件","观察与结局","失去联系不能当成没有事件，观察时间不同也影响结局比较。 外观、功能和患者满意度不是同一结果。","false"
"obgyn-1","obgyn","生殖健康","obgyn-1","direction-case","生殖健康研究档案：生殖阶段、孕产时间与母婴结局；生命阶段与母婴或生殖结局的对应。需对照生殖与孕产历程中的定义、对象索引与适用条件","关联主体与观察单位","母婴或家庭成员相关但不是同一独立单位，阶段还影响解释。 母体与婴儿是关联但不同的观察单位和结局主体。","false"
"obgyn-2","obgyn","妊娠结局","obgyn-2","direction-case","妊娠结局研究档案：生殖阶段、孕产时间与母婴结局；生命阶段与母婴或生殖结局的对应；进入时点、结局定义和失访去向；进入资格、观察窗口和退出去向。需对照的具体条目：生命阶段、母婴对象索引与结局定义；结局事件、观察起点与判定口径","关联主体与观察单位 / 观察与结局","母婴或家庭成员相关但不是同一独立单位，阶段还影响解释。 失去联系不能当成没有事件，观察时间不同也影响结局比较。 母体与婴儿是关联但不同的观察单位和结局主体。","false"
"obgyn-3","obgyn","围产研究","obgyn-3","direction-case","围产研究研究档案：生殖阶段、孕产时间与母婴结局；生命阶段与母婴或生殖结局的对应。需对照的具体条目：生命阶段、母婴对象索引与结局定义","关联主体与观察单位","母婴或家庭成员相关但不是同一独立单位，阶段还影响解释。 母体与婴儿是关联但不同的观察单位和结局主体。","false"
"obgyn-4","obgyn","妇科肿瘤","obgyn-4","direction-case","妇科肿瘤研究档案：生殖阶段、孕产时间与母婴结局；病灶变化、分期与患者功能的对照；生命阶段与母婴或生殖结局的对应。需对照的具体条目：分型、对象进入与患者结局窗口","病灶与患者结局 / 关联主体与观察单位","病灶指标变化与生存或生活功能是不同层次。 母婴或家庭成员相关但不是同一独立单位，阶段还影响解释。 母体与婴儿是关联但不同的观察单位和结局主体。","false"
"obgyn-5","obgyn","盆底功能","obgyn-5","direction-case","盆底功能研究档案：生殖阶段、孕产时间与母婴结局；结构支持、压力条件和任务功能；不同层次的读数、背景条件和相反趋势。需对照的具体条目：功能任务、压力条件与主观负担","结构与任务功能","结构改变和任务功能不必同步，需要保留压力和活动背景。 母体与婴儿是关联但不同的观察单位和结局主体。","false"
"obgyn-6","obgyn","生殖内分泌","obgyn-6","direction-case","生殖内分泌研究档案：生殖阶段、孕产时间与母婴结局；激素或代谢时序与状态分层；生命阶段与母婴或生殖结局的对应。需对照生殖与孕产历程中的定义、对象索引与适用条件","反馈与时序 / 关联主体与观察单位","反馈系统中的单一时点可错过相位变化，不能完整代表动态状态。 母婴或家庭成员相关但不是同一独立单位，阶段还影响解释。 母体与婴儿是关联但不同的观察单位和结局主体。","false"
"obgyn-7","obgyn","妇产影像","obgyn-7","direction-case","妇产影像研究档案：生殖阶段、孕产时间与母婴结局；生命阶段与母婴或生殖结局的对应；个体索引、图像条件和判读分歧。需对照的具体条目：来源索引、采集条件与判读分歧","关联主体与观察单位 / 图像与个体","母婴或家庭成员相关但不是同一独立单位，阶段还影响解释。 一个人的多幅图像不构成多个独立患者，图像性能不等于患者获益。 母体与婴儿是关联但不同的观察单位和结局主体。","false"
"obgyn-8","obgyn","生命历程队列","obgyn-8","direction-case","生命历程队列研究档案：生殖阶段、孕产时间与母婴结局；进入时点、结局定义和失访去向；阶段界限、相关对象和进入机会；进入资格、观察窗口和退出去向。需对照的具体条目：对象进入时点、重复观察与失访去向","观察与结局 / 阶段与历程","失去联系不能当成没有事件，观察时间不同也影响结局比较。 不同阶段的人不能只按年龄平均数视为同一历程。 母体与婴儿是关联但不同的观察单位和结局主体。","false"
"obgyn-9","obgyn","孕产照护","obgyn-9","direction-case","孕产照护研究档案：生殖阶段、孕产时间与母婴结局；生命阶段与母婴或生殖结局的对应；计划、实施与患者本人或代理报告。需对照的具体条目：生命阶段、母婴对象索引与结局定义；实施时间线、交接信息与本人报告","关联主体与观察单位 / 交付与体验","母婴或家庭成员相关但不是同一独立单位，阶段还影响解释。 安排好的措施不等于实施，代理报告不等于患者本人体验。 母体与婴儿是关联但不同的观察单位和结局主体。","false"
"obgyn-10","obgyn","患者报告结局","obgyn-10","direction-case","患者报告结局研究档案：生殖阶段、孕产时间与母婴结局；进入时点、结局定义和失访去向；条目版本、填答者和缺失项；进入资格、观察窗口和退出去向。需对照的具体条目：结局事件、观察起点与判定口径","观察与结局 / 分数与体验","失去联系不能当成没有事件，观察时间不同也影响结局比较。 代理填答、版本变化和缺失会改变总分的含义。 母体与婴儿是关联但不同的观察单位和结局主体。","false"
"obgyn-11","obgyn","妇女健康公平","obgyn-11","direction-case","妇女健康公平研究档案：行动者理由、利益负担与提出异议的记录；相关领域文献对“生殖阶段、孕产时间与母婴结局”的用语与记录方式；受益负担、行动理由和申诉机会。需对照生殖与孕产历程中的定义、对象索引与适用条件","描述与规范","多数偏好或事实描述不能独立证成规范结论。","false"
"obgyn-12","obgyn","妇产质量评价","obgyn-12","direction-case","妇产质量评价研究档案：生殖阶段、孕产时间与母婴结局；生命阶段与母婴或生殖结局的对应；版本变更、异常记录和失败复核。需对照生殖与孕产历程中的定义、对象索引与适用条件","关联主体与观察单位","母婴或家庭成员相关但不是同一独立单位，阶段还影响解释。 母体与婴儿是关联但不同的观察单位和结局主体。","false"
"pediatrics-1","pediatrics","儿童心血管","pediatrics-1","direction-case","儿童心血管研究档案：年龄阶段、生长曲线与儿童功能；心脏负荷与功能的并列记录；发育分期、成长轨迹与功能任务。需对照的具体条目：发展阶段、照护关系与适龄任务","负荷依赖 / 年龄与阶段","功能读数可随前后负荷改变，不独立说明收缩机制。 相同日龄或年龄不保证相同发育状态。 儿童指标解释依赖阶段，不能直接套用成人含义。","false"
"pediatrics-2","pediatrics","儿童呼吸","pediatrics-2","direction-case","儿童呼吸研究档案：年龄阶段、生长曲线与儿童功能；通气、交换与活动症状的分项资料；发育分期、成长轨迹与功能任务。需对照的具体条目：发展阶段、照护关系与适龄任务","通气与气体交换 / 年龄与阶段","通气表现不能独立概括交换效率及日常功能。 相同日龄或年龄不保证相同发育状态。 儿童指标解释依赖阶段，不能直接套用成人含义。","false"
"pediatrics-3","pediatrics","儿童神经","pediatrics-3","direction-case","儿童神经研究档案：年龄阶段、生长曲线与儿童功能；电生理、结构与任务表现的对应；发育分期、成长轨迹与功能任务。需对照的具体条目：发展阶段、照护关系与适龄任务","结构与功能对应 / 年龄与阶段","相同结构表现可对应不同功能，任务和观察时点影响解释。 相同日龄或年龄不保证相同发育状态。 儿童指标解释依赖阶段，不能直接套用成人含义。","false"
"pediatrics-4","pediatrics","儿童内分泌","pediatrics-4","direction-case","儿童内分泌研究档案：年龄阶段、生长曲线与儿童功能；激素或代谢时序与状态分层；发育分期、成长轨迹与功能任务。需对照的具体条目：发展阶段、照护关系与适龄任务","反馈与时序 / 年龄与阶段","反馈系统中的单一时点可错过相位变化，不能完整代表动态状态。 相同日龄或年龄不保证相同发育状态。 儿童指标解释依赖阶段，不能直接套用成人含义。","false"
"pediatrics-5","pediatrics","儿童肾脏","pediatrics-5","direction-case","儿童肾脏研究档案：年龄阶段、生长曲线与儿童功能；滤过估计与尿液标志的不同轨迹；发育分期、成长轨迹与功能任务。需对照的具体条目：滤过轨迹、尿液标志与容量背景；发展阶段、照护关系与适龄任务","功能与损伤 / 年龄与阶段","功能估计与组织损伤标志不同，短期方向也可不一致。 相同日龄或年龄不保证相同发育状态。 儿童指标解释依赖阶段，不能直接套用成人含义。","false"
"pediatrics-6","pediatrics","儿童血液","pediatrics-6","direction-case","儿童血液研究档案：年龄阶段、生长曲线与儿童功能；细胞计数、形态与功能分开登记；发育分期、成长轨迹与功能任务。需对照的具体条目：发展阶段、照护关系与适龄任务","数量与功能 / 年龄与阶段","数量正常不保证形态和功能相同，比例变化也不同于绝对数量。 相同日龄或年龄不保证相同发育状态。 儿童指标解释依赖阶段，不能直接套用成人含义。","false"
"pediatrics-7","pediatrics","新生儿研究","pediatrics-7","direction-case","新生儿研究研究档案：年龄阶段、生长曲线与儿童功能；生命阶段与母婴或生殖结局的对应。需对照的具体条目：发展阶段、照护关系与适龄任务","关联主体与观察单位","母婴或家庭成员相关但不是同一独立单位，阶段还影响解释。 儿童指标解释依赖阶段，不能直接套用成人含义。","false"
"pediatrics-8","pediatrics","儿童营养","pediatrics-8","direction-case","儿童营养研究档案：年龄阶段、生长曲线与儿童功能；发育分期、成长轨迹与功能任务；组成、摄入及整体模式的分别记录；计量单位、时间窗口和未计入的投入。需对照的具体条目：发展阶段、照护关系与适龄任务","年龄与阶段 / 组成与实际摄入","相同日龄或年龄不保证相同发育状态。 成分丰富不代表摄入足够，实际摄入又不等于长期健康结果。 儿童指标解释依赖阶段，不能直接套用成人含义。","false"
"pediatrics-9","pediatrics","儿童发育","pediatrics-9","direction-case","儿童发育研究档案：年龄阶段、生长曲线与儿童功能；发育分期、成长轨迹与功能任务；不同层次的读数、背景条件和相反趋势。需对照的具体条目：发展阶段、照护关系与适龄任务","年龄与阶段","相同日龄或年龄不保证相同发育状态。 儿童指标解释依赖阶段，不能直接套用成人含义。","false"
"pediatrics-10","pediatrics","儿童遗传","pediatrics-10","direction-case","儿童遗传研究档案：年龄阶段、生长曲线与儿童功能；发育分期、成长轨迹与功能任务；参考版本、来源关系与变异表型对应；不同层次的读数、背景条件和相反趋势。需对照的具体条目：发展阶段、照护关系与适龄任务","年龄与阶段 / 关联与功能解释","相同日龄或年龄不保证相同发育状态。 共同变化或共分离提供线索，但不能独立证明因果及个体结局。 儿童指标解释依赖阶段，不能直接套用成人含义。","false"
"pediatrics-11","pediatrics","儿童影像","pediatrics-11","direction-case","儿童影像研究档案：年龄阶段、生长曲线与儿童功能；发育分期、成长轨迹与功能任务；个体索引、图像条件和判读分歧。需对照的具体条目：发展阶段、照护关系与适龄任务；来源索引、采集条件与判读分歧","年龄与阶段 / 图像与个体","相同日龄或年龄不保证相同发育状态。 一个人的多幅图像不构成多个独立患者，图像性能不等于患者获益。 儿童指标解释依赖阶段，不能直接套用成人含义。","false"
"pediatrics-12","pediatrics","儿童长期随访","pediatrics-12","direction-case","儿童长期随访研究档案：年龄阶段、生长曲线与儿童功能；发育分期、成长轨迹与功能任务；进入时点、结局定义和失访去向；进入资格、观察窗口和退出去向。需对照的具体条目：发展阶段、照护关系与适龄任务","年龄与阶段 / 观察与结局","相同日龄或年龄不保证相同发育状态。 失去联系不能当成没有事件，观察时间不同也影响结局比较。 儿童指标解释依赖阶段，不能直接套用成人含义。","false"
"ophthalmology-1","ophthalmology","视网膜研究","ophthalmology-1","direction-case","视网膜研究研究档案：眼部影像、视觉任务与屈光资料；视野、视力及视觉任务的分别登记。需对照的具体条目：结构层次、视功能与图像条件","视觉的多维功能","视力读数不能完整代表视野、对比及复杂任务能力。 视力、视野、屈光和生活中的视觉功能是不同维度。","false"
"ophthalmology-2","ophthalmology","青光眼研究","ophthalmology-2","direction-case","青光眼研究研究档案：眼部影像、视觉任务与屈光资料；视野、视力及视觉任务的分别登记；照明条件、任务版本和视觉表现。需对照的具体条目：压力读数、结构轨迹与视野表现","视觉的多维功能 / 看清与完成任务","视力读数不能完整代表视野、对比及复杂任务能力。 标准视觉测试不能覆盖全部真实照明和行动情境。 视力、视野、屈光和生活中的视觉功能是不同维度。","false"
"ophthalmology-3","ophthalmology","角膜研究","ophthalmology-3","direction-case","角膜研究研究档案：眼部影像、视觉任务与屈光资料；视野、视力及视觉任务的分别登记。需对照的具体条目：表面状态、感觉报告与功能任务","视觉的多维功能","视力读数不能完整代表视野、对比及复杂任务能力。 视力、视野、屈光和生活中的视觉功能是不同维度。","false"
"ophthalmology-4","ophthalmology","白内障结局","ophthalmology-4","direction-case","白内障结局研究档案：眼部影像、视觉任务与屈光资料；视野、视力及视觉任务的分别登记；进入时点、结局定义和失访去向；进入资格、观察窗口和退出去向。需对照的具体条目：视觉条件、功能结局与随访窗口；结局事件、观察起点与判定口径","视觉的多维功能 / 观察与结局","视力读数不能完整代表视野、对比及复杂任务能力。 失去联系不能当成没有事件，观察时间不同也影响结局比较。 视力、视野、屈光和生活中的视觉功能是不同维度。","false"
"ophthalmology-5","ophthalmology","视觉功能","ophthalmology-5","direction-case","视觉功能研究档案：眼部影像、视觉任务与屈光资料；照明条件、任务版本和视觉表现；不同层次的读数、背景条件和相反趋势。需对照眼结构与视觉中的定义、对象索引与适用条件","看清与完成任务","标准视觉测试不能覆盖全部真实照明和行动情境。 视力、视野、屈光和生活中的视觉功能是不同维度。","false"
"ophthalmology-6","ophthalmology","近视与屈光","ophthalmology-6","direction-case","近视与屈光研究档案：眼部影像、视觉任务与屈光资料；视野、视力及视觉任务的分别登记。需对照眼结构与视觉中的定义、对象索引与适用条件","视觉的多维功能","视力读数不能完整代表视野、对比及复杂任务能力。 视力、视野、屈光和生活中的视觉功能是不同维度。","false"
"ophthalmology-7","ophthalmology","眼科影像","ophthalmology-7","direction-case","眼科影像研究档案：眼部影像、视觉任务与屈光资料；视野、视力及视觉任务的分别登记；个体索引、图像条件和判读分歧。需对照的具体条目：来源索引、采集条件与判读分歧","视觉的多维功能 / 图像与个体","视力读数不能完整代表视野、对比及复杂任务能力。 一个人的多幅图像不构成多个独立患者，图像性能不等于患者获益。 视力、视野、屈光和生活中的视觉功能是不同维度。","false"
"ophthalmology-8","ophthalmology","眼科遗传","ophthalmology-8","direction-case","眼科遗传研究档案：眼部影像、视觉任务与屈光资料；视野、视力及视觉任务的分别登记；参考版本、来源关系与变异表型对应；不同层次的读数、背景条件和相反趋势。需对照眼结构与视觉中的定义、对象索引与适用条件","视觉的多维功能 / 关联与功能解释","视力读数不能完整代表视野、对比及复杂任务能力。 共同变化或共分离提供线索，但不能独立证明因果及个体结局。 视力、视野、屈光和生活中的视觉功能是不同维度。","false"
"ophthalmology-9","ophthalmology","眼表研究","ophthalmology-9","direction-case","眼表研究研究档案：眼部影像、视觉任务与屈光资料；视野、视力及视觉任务的分别登记；照明条件、任务版本和视觉表现。需对照的具体条目：表面状态、感觉报告与功能任务","视觉的多维功能 / 看清与完成任务","视力读数不能完整代表视野、对比及复杂任务能力。 标准视觉测试不能覆盖全部真实照明和行动情境。 视力、视野、屈光和生活中的视觉功能是不同维度。","false"
"ophthalmology-10","ophthalmology","低视力康复","ophthalmology-10","direction-case","低视力康复研究档案：眼部影像、视觉任务与屈光资料；视野、视力及视觉任务的分别登记；测试能力、生活活动与环境支持。需对照眼结构与视觉中的定义、对象索引与适用条件","视觉的多维功能 / 能力与参与","视力读数不能完整代表视野、对比及复杂任务能力。 受控任务中的能力与真实环境中的参与不同。 视力、视野、屈光和生活中的视觉功能是不同维度。","false"
"ophthalmology-11","ophthalmology","视觉心理物理","ophthalmology-11","direction-case","视觉心理物理研究档案：眼部影像、视觉任务与屈光资料；任务版本、构念定义和状态条件；状态时段、功能负担和报告来源。需对照的具体条目：任务版本、状态条件与构念定义","分数与构念 / 症状与生活功能","任务分数并不直接等于完整心理构念，状态也可改变表现。 症状量表变化不等于所有生活功能恢复，报告来源也影响比较。 视力、视野、屈光和生活中的视觉功能是不同维度。","false"
"ophthalmology-12","ophthalmology","眼科器械评价","ophthalmology-12","direction-case","眼科器械评价研究档案：眼部影像、视觉任务与屈光资料；视野、视力及视觉任务的分别登记；设备版本、使用任务和错误恢复。需对照眼结构与视觉中的定义、对象索引与适用条件","视觉的多维功能 / 性能与可用性","视力读数不能完整代表视野、对比及复杂任务能力。 仪器性能不能独立概括真实使用中的负担和患者结局。 视力、视野、屈光和生活中的视觉功能是不同维度。","false"
"ent-1","ent","听觉科学","ent-1","direction-case","听觉科学研究档案：听觉阈值、前庭任务与沟通表现；感知阈值、沟通任务及平衡表现。需对照的具体条目：听觉任务、环境噪声与交流负担","阈值与日常任务","受控阈值改善不自动转为复杂环境中的沟通或活动改善。 听阈改善不自动等同复杂场景沟通改善。","false"
"ent-2","ent","前庭功能","ent-2","direction-case","前庭功能研究档案：听觉阈值、前庭任务与沟通表现；感知阈值、沟通任务及平衡表现；不同层次的读数、背景条件和相反趋势。需对照的具体条目：平衡任务、症状时段与生活活动","阈值与日常任务","受控阈值改善不自动转为复杂环境中的沟通或活动改善。 听阈改善不自动等同复杂场景沟通改善。","false"
"ent-3","ent","耳科影像","ent-3","direction-case","耳科影像研究档案：听觉阈值、前庭任务与沟通表现；感知阈值、沟通任务及平衡表现；个体索引、图像条件和判读分歧。需对照的具体条目：听觉任务、环境噪声与交流负担；来源索引、采集条件与判读分歧","阈值与日常任务 / 图像与个体","受控阈值改善不自动转为复杂环境中的沟通或活动改善。 一个人的多幅图像不构成多个独立患者，图像性能不等于患者获益。 听阈改善不自动等同复杂场景沟通改善。","false"
"ent-4","ent","鼻部疾病研究","ent-4","direction-case","鼻部疾病研究研究档案：听觉阈值、前庭任务与沟通表现；局部结构、感觉报告和气流背景。需对照的具体条目：感觉评价、局部状态与气流背景","结构与感知","局部结构和主观感受可能不同步，气流条件影响解释。 听阈改善不自动等同复杂场景沟通改善。","false"
"ent-5","ent","嗅觉研究","ent-5","direction-case","嗅觉研究研究档案：听觉阈值、前庭任务与沟通表现；感知阈值、沟通任务及平衡表现。需对照的具体条目：感觉评价、局部状态与气流背景","阈值与日常任务","受控阈值改善不自动转为复杂环境中的沟通或活动改善。 听阈改善不自动等同复杂场景沟通改善。","false"
"ent-6","ent","咽喉功能","ent-6","direction-case","咽喉功能研究档案：听觉阈值、前庭任务与沟通表现；感知阈值、沟通任务及平衡表现；不同层次的读数、背景条件和相反趋势。需对照听觉、平衡与言语中的定义、对象索引与适用条件","阈值与日常任务","受控阈值改善不自动转为复杂环境中的沟通或活动改善。 听阈改善不自动等同复杂场景沟通改善。","false"
"ent-7","ent","声音与言语","ent-7","direction-case","声音与言语研究档案：听觉阈值、前庭任务与沟通表现；感知阈值、沟通任务及平衡表现。需对照听觉、平衡与言语中的定义、对象索引与适用条件","阈值与日常任务","受控阈值改善不自动转为复杂环境中的沟通或活动改善。 听阈改善不自动等同复杂场景沟通改善。","false"
"ent-8","ent","头颈肿瘤","ent-8","direction-case","头颈肿瘤研究档案：听觉阈值、前庭任务与沟通表现；病灶变化、分期与患者功能的对照。需对照的具体条目：分型、对象进入与患者结局窗口","病灶与患者结局","病灶指标变化与生存或生活功能是不同层次。 听阈改善不自动等同复杂场景沟通改善。","false"
"ent-9","ent","睡眠与气道","ent-9","direction-case","睡眠与气道研究档案：听觉阈值、前庭任务与沟通表现；通气、交换与活动症状的分项资料；状态时段、功能负担和报告来源。需对照的具体条目：通气指标、症状与活动状态；夜间记录、白天功能与观察条件","通气与气体交换 / 症状与生活功能","通气表现不能独立概括交换效率及日常功能。 症状量表变化不等于所有生活功能恢复，报告来源也影响比较。 听阈改善不自动等同复杂场景沟通改善。","false"
"ent-10","ent","听觉康复","ent-10","direction-case","听觉康复研究档案：听觉阈值、前庭任务与沟通表现；感知阈值、沟通任务及平衡表现；测试能力、生活活动与环境支持。需对照的具体条目：听觉任务、环境噪声与交流负担","阈值与日常任务 / 能力与参与","受控阈值改善不自动转为复杂环境中的沟通或活动改善。 受控任务中的能力与真实环境中的参与不同。 听阈改善不自动等同复杂场景沟通改善。","false"
"ent-11","ent","听觉设备评价","ent-11","direction-case","听觉设备评价研究档案：听觉阈值、前庭任务与沟通表现；感知阈值、沟通任务及平衡表现；服务需求、资源容量和实际任务。需对照的具体条目：听觉任务、环境噪声与交流负担","阈值与日常任务 / 资源与交付","受控阈值改善不自动转为复杂环境中的沟通或活动改善。 拥有资源不等于及时交付服务，需求构成会改变评价。 听阈改善不自动等同复杂场景沟通改善。","false"
"ent-12","ent","患者报告结局","ent-12","direction-case","患者报告结局研究档案：听觉阈值、前庭任务与沟通表现；进入时点、结局定义和失访去向；条目版本、填答者和缺失项；进入资格、观察窗口和退出去向。需对照的具体条目：结局事件、观察起点与判定口径","观察与结局 / 分数与体验","失去联系不能当成没有事件，观察时间不同也影响结局比较。 代理填答、版本变化和缺失会改变总分的含义。 听阈改善不自动等同复杂场景沟通改善。","false"
"dermatology-1","dermatology","炎症性皮肤病","dermatology-1","direction-case","炎症性皮肤病研究档案：皮损形态、屏障资料与瘙痒体验；细胞组成、活化标志与组织状态；形态、屏障与患者困扰的对照。需对照的具体条目：拍摄条件、形态评价与患者体验；皮损变化、活动时段与症状记录","标志与功能 / 可见变化与体验","标志强度、细胞比例和功能响应不同，单项不能概括整个系统。 外观、屏障功能和主观困扰可不同步。 皮损面积、炎症程度与主观困扰并非同一个维度。","false"
"dermatology-2","dermatology","皮肤免疫","dermatology-2","direction-case","皮肤免疫研究档案：皮损形态、屏障资料与瘙痒体验；细胞组成、活化标志与组织状态；形态、屏障与患者困扰的对照。需对照的具体条目：拍摄条件、形态评价与患者体验；免疫读数、皮损来源与功能体验","标志与功能 / 可见变化与体验","标志强度、细胞比例和功能响应不同，单项不能概括整个系统。 外观、屏障功能和主观困扰可不同步。 皮损面积、炎症程度与主观困扰并非同一个维度。","false"
"dermatology-3","dermatology","皮肤肿瘤","dermatology-3","direction-case","皮肤肿瘤研究档案：皮损形态、屏障资料与瘙痒体验；病灶变化、分期与患者功能的对照；形态、屏障与患者困扰的对照。需对照的具体条目：拍摄条件、形态评价与患者体验；分型、对象进入与患者结局窗口","病灶与患者结局 / 可见变化与体验","病灶指标变化与生存或生活功能是不同层次。 外观、屏障功能和主观困扰可不同步。 皮损面积、炎症程度与主观困扰并非同一个维度。","false"
"dermatology-4","dermatology","皮肤影像","dermatology-4","direction-case","皮肤影像研究档案：皮损形态、屏障资料与瘙痒体验；形态、屏障与患者困扰的对照；个体索引、图像条件和判读分歧。需对照的具体条目：拍摄条件、形态评价与患者体验；来源索引、采集条件与判读分歧","可见变化与体验 / 图像与个体","外观、屏障功能和主观困扰可不同步。 一个人的多幅图像不构成多个独立患者，图像性能不等于患者获益。 皮损面积、炎症程度与主观困扰并非同一个维度。","false"
"dermatology-5","dermatology","皮肤遗传","dermatology-5","direction-case","皮肤遗传研究档案：皮损形态、屏障资料与瘙痒体验；形态、屏障与患者困扰的对照；参考版本、来源关系与变异表型对应；不同层次的读数、背景条件和相反趋势。需对照的具体条目：拍摄条件、形态评价与患者体验","可见变化与体验 / 关联与功能解释","外观、屏障功能和主观困扰可不同步。 共同变化或共分离提供线索，但不能独立证明因果及个体结局。 皮损面积、炎症程度与主观困扰并非同一个维度。","false"
"dermatology-6","dermatology","皮肤屏障","dermatology-6","direction-case","皮肤屏障研究档案：皮损形态、屏障资料与瘙痒体验；形态、屏障与患者困扰的对照。需对照的具体条目：拍摄条件、形态评价与患者体验；屏障评价、环境条件与主观感受","可见变化与体验","外观、屏障功能和主观困扰可不同步。 皮损面积、炎症程度与主观困扰并非同一个维度。","false"
"dermatology-7","dermatology","毛发研究","dermatology-7","direction-case","毛发研究研究档案：皮损形态、屏障资料与瘙痒体验；形态、屏障与患者困扰的对照。需对照皮肤屏障与患者症状中的定义、对象索引与适用条件","可见变化与体验","外观、屏障功能和主观困扰可不同步。 皮损面积、炎症程度与主观困扰并非同一个维度。","false"
"dermatology-8","dermatology","皮肤量表","dermatology-8","direction-case","皮肤量表研究档案：皮损形态、屏障资料与瘙痒体验；形态、屏障与患者困扰的对照；条目版本、填答者和缺失项；参考依据、重复读数和误差分项。需对照的具体条目：拍摄条件、形态评价与患者体验","可见变化与体验 / 分数与体验","外观、屏障功能和主观困扰可不同步。 代理填答、版本变化和缺失会改变总分的含义。 皮损面积、炎症程度与主观困扰并非同一个维度。","false"
"dermatology-9","dermatology","光与皮肤","dermatology-9","direction-case","光与皮肤研究档案：皮损形态、屏障资料与瘙痒体验；形态、屏障与患者困扰的对照。需对照的具体条目：拍摄条件、形态评价与患者体验；光照背景、观察条件与皮肤响应","可见变化与体验","外观、屏障功能和主观困扰可不同步。 皮损面积、炎症程度与主观困扰并非同一个维度。","false"
"dermatology-10","dermatology","创面结局","dermatology-10","direction-case","创面结局研究档案：皮损形态、屏障资料与瘙痒体验；形态、屏障与患者困扰的对照；进入时点、结局定义和失访去向；进入资格、观察窗口和退出去向。需对照的具体条目：形态条件、修复阶段与功能体验；结局事件、观察起点与判定口径","可见变化与体验 / 观察与结局","外观、屏障功能和主观困扰可不同步。 失去联系不能当成没有事件，观察时间不同也影响结局比较。 皮损面积、炎症程度与主观困扰并非同一个维度。","false"
"dermatology-11","dermatology","生活质量","dermatology-11","direction-case","生活质量研究档案：皮损形态、屏障资料与瘙痒体验；条目版本、填答者和缺失项；版本变更、异常记录和失败复核。需对照皮肤屏障与患者症状中的定义、对象索引与适用条件","分数与体验","代理填答、版本变化和缺失会改变总分的含义。 皮损面积、炎症程度与主观困扰并非同一个维度。","false"
"dermatology-12","dermatology","皮肤疾病队列","dermatology-12","direction-case","皮肤疾病队列研究档案：皮损形态、屏障资料与瘙痒体验；形态、屏障与患者困扰的对照；进入时点、结局定义和失访去向；进入资格、观察窗口和退出去向。需对照的具体条目：拍摄条件、形态评价与患者体验；对象进入时点、重复观察与失访去向","可见变化与体验 / 观察与结局","外观、屏障功能和主观困扰可不同步。 失去联系不能当成没有事件，观察时间不同也影响结局比较。 皮损面积、炎症程度与主观困扰并非同一个维度。","false"
"oncology-1","oncology","肿瘤结局","oncology-1","direction-case","肿瘤结局研究档案：分期、病灶变化与生存功能；病灶变化、分期与患者功能的对照；进入时点、结局定义和失访去向；进入资格、观察窗口和退出去向。需对照的具体条目：分型、对象进入与患者结局窗口；结局事件、观察起点与判定口径","病灶与患者结局 / 观察与结局","病灶指标变化与生存或生活功能是不同层次。 失去联系不能当成没有事件，观察时间不同也影响结局比较。 病灶缩小与长期生存、生活质量需要分别评价。","false"
"oncology-2","oncology","肿瘤遗传","oncology-2","direction-case","肿瘤遗传研究档案：分期、病灶变化与生存功能；病灶变化、分期与患者功能的对照；参考版本、来源关系与变异表型对应；不同层次的读数、背景条件和相反趋势。需对照的具体条目：分型、对象进入与患者结局窗口","病灶与患者结局 / 关联与功能解释","病灶指标变化与生存或生活功能是不同层次。 共同变化或共分离提供线索，但不能独立证明因果及个体结局。 病灶缩小与长期生存、生活质量需要分别评价。","false"
"oncology-3","oncology","肿瘤影像","oncology-3","direction-case","肿瘤影像研究档案：分期、病灶变化与生存功能；病灶变化、分期与患者功能的对照；个体索引、图像条件和判读分歧。需对照的具体条目：分型、对象进入与患者结局窗口；来源索引、采集条件与判读分歧","病灶与患者结局 / 图像与个体","病灶指标变化与生存或生活功能是不同层次。 一个人的多幅图像不构成多个独立患者，图像性能不等于患者获益。 病灶缩小与长期生存、生活质量需要分别评价。","false"
"oncology-4","oncology","肿瘤微环境","oncology-4","direction-case","肿瘤微环境研究档案：分期、病灶变化与生存功能；病灶变化、分期与患者功能的对照；目标人群、进入机制和暴露窗口。需对照的具体条目：分型、对象进入与患者结局窗口","病灶与患者结局 / 样本与目标人群","病灶指标变化与生存或生活功能是不同层次。 能进入资料的人不一定代表全部目标人群。 病灶缩小与长期生存、生活质量需要分别评价。","false"
"oncology-5","oncology","肿瘤代谢","oncology-5","direction-case","肿瘤代谢研究档案：分期、病灶变化与生存功能；激素或代谢时序与状态分层；病灶变化、分期与患者功能的对照。需对照的具体条目：分型、对象进入与患者结局窗口","反馈与时序 / 病灶与患者结局","反馈系统中的单一时点可错过相位变化，不能完整代表动态状态。 病灶指标变化与生存或生活功能是不同层次。 病灶缩小与长期生存、生活质量需要分别评价。","false"
"oncology-6","oncology","肿瘤免疫","oncology-6","direction-case","肿瘤免疫研究档案：分期、病灶变化与生存功能；细胞组成、活化标志与组织状态；病灶变化、分期与患者功能的对照。需对照的具体条目：分型、对象进入与患者结局窗口","标志与功能 / 病灶与患者结局","标志强度、细胞比例和功能响应不同，单项不能概括整个系统。 病灶指标变化与生存或生活功能是不同层次。 病灶缩小与长期生存、生活质量需要分别评价。","false"
"oncology-7","oncology","肿瘤病理","oncology-7","direction-case","肿瘤病理研究档案：分期、病灶变化与生存功能；病灶变化、分期与患者功能的对照；结构定位、组织层次与判读条件；不同层次的读数、背景条件和相反趋势。需对照的具体条目：分型、对象进入与患者结局窗口","病灶与患者结局 / 局部与整体","病灶指标变化与生存或生活功能是不同层次。 局部组织或切片不能无条件代表整个个体或器官。 病灶缩小与长期生存、生活质量需要分别评价。","false"
"oncology-8","oncology","生存质量","oncology-8","direction-case","生存质量研究档案：分期、病灶变化与生存功能；进入时点、结局定义和失访去向；进入资格、观察窗口和退出去向。需对照的具体条目：存活时间、生活质量与缺失报告","观察与结局","失去联系不能当成没有事件，观察时间不同也影响结局比较。 病灶缩小与长期生存、生活质量需要分别评价。","false"
"oncology-9","oncology","癌症登记","oncology-9","direction-case","癌症登记研究档案：分期、病灶变化与生存功能；病灶变化、分期与患者功能的对照；进入时点、结局定义和失访去向；进入资格、观察窗口和退出去向。需对照的具体条目：登记入口、覆盖分母与重复记录","病灶与患者结局 / 观察与结局","病灶指标变化与生存或生活功能是不同层次。 失去联系不能当成没有事件，观察时间不同也影响结局比较。 病灶缩小与长期生存、生活质量需要分别评价。","false"
"oncology-10","oncology","肿瘤康复","oncology-10","direction-case","肿瘤康复研究档案：分期、病灶变化与生存功能；病灶变化、分期与患者功能的对照；测试能力、生活活动与环境支持。需对照的具体条目：分型、对象进入与患者结局窗口","病灶与患者结局 / 能力与参与","病灶指标变化与生存或生活功能是不同层次。 受控任务中的能力与真实环境中的参与不同。 病灶缩小与长期生存、生活质量需要分别评价。","false"
"oncology-11","oncology","肿瘤资料整合","oncology-11","direction-case","肿瘤资料整合研究档案：分期、病灶变化与生存功能；病灶变化、分期与患者功能的对照。需对照的具体条目：分型、对象进入与患者结局窗口；来源映射、重叠对象与桥接假设","病灶与患者结局","病灶指标变化与生存或生活功能是不同层次。 病灶缩小与长期生存、生活质量需要分别评价。","false"
"oncology-12","oncology","长期随访","oncology-12","direction-case","长期随访研究档案：分期、病灶变化与生存功能；进入时点、结局定义和失访去向；进入资格、观察窗口和退出去向。需对照肿瘤负担与患者结局中的定义、对象索引与适用条件","观察与结局","失去联系不能当成没有事件，观察时间不同也影响结局比较。 病灶缩小与长期生存、生活质量需要分别评价。","false"
"emergency-1","emergency","急诊流程","emergency-1","direction-case","急诊流程研究档案：分诊时间、就诊流程与需求波动；需求到达、流程时间和风险分层。需对照的具体条目：步骤顺序、等待节点与服务需求","流程与结局","流程更快不独立证明结局更好，需要考虑对象风险和需求。 某环节提速可能转移等待，需保留整段患者时间线。","false"
"emergency-2","emergency","分诊研究","emergency-2","direction-case","分诊研究研究档案：分诊时间、就诊流程与需求波动；需求到达、流程时间和风险分层。需对照的具体条目：判断标准、优先顺序与风险构成","流程与结局","流程更快不独立证明结局更好，需要考虑对象风险和需求。 某环节提速可能转移等待，需保留整段患者时间线。","false"
"emergency-3","emergency","急诊质量","emergency-3","direction-case","急诊质量研究档案：分诊时间、就诊流程与需求波动；需求到达、流程时间和风险分层；版本变更、异常记录和失败复核。需对照急诊时间与需求中的定义、对象索引与适用条件","流程与结局","流程更快不独立证明结局更好，需要考虑对象风险和需求。 某环节提速可能转移等待，需保留整段患者时间线。","false"
"emergency-4","emergency","急诊影像","emergency-4","direction-case","急诊影像研究档案：分诊时间、就诊流程与需求波动；个体索引、图像条件和判读分歧；需求到达、流程时间和风险分层。需对照的具体条目：来源索引、采集条件与判读分歧","图像与个体 / 流程与结局","一个人的多幅图像不构成多个独立患者，图像性能不等于患者获益。 流程更快不独立证明结局更好，需要考虑对象风险和需求。 某环节提速可能转移等待，需保留整段患者时间线。","false"
"emergency-5","emergency","时间记录","emergency-5","direction-case","时间记录研究档案：分诊时间、就诊流程与需求波动；服务需求、资源容量和实际任务；时间戳、状态阶段和变化前后的并列记录。需对照急诊时间与需求中的定义、对象索引与适用条件","资源与交付","拥有资源不等于及时交付服务，需求构成会改变评价。 某环节提速可能转移等待，需保留整段患者时间线。","false"
"emergency-6","emergency","急诊服务需求","emergency-6","direction-case","急诊服务需求研究档案：分诊时间、就诊流程与需求波动；需求到达、流程时间和风险分层；计量单位、时间窗口和未计入的投入。需对照的具体条目：潜在需要、服务门槛与实际使用","流程与结局","流程更快不独立证明结局更好，需要考虑对象风险和需求。 某环节提速可能转移等待，需保留整段患者时间线。","false"
"emergency-7","emergency","急诊信息系统","emergency-7","direction-case","急诊信息系统研究档案：分诊时间、就诊流程与需求波动；需求到达、流程时间和风险分层；版本规则、对象索引和使用任务。需对照急诊时间与需求中的定义、对象索引与适用条件","流程与结局 / 记录与对象","流程更快不独立证明结局更好，需要考虑对象风险和需求。 记录格式一致不保证对象相同，版本变化必须追溯。 某环节提速可能转移等待，需保留整段患者时间线。","false"
"emergency-8","emergency","急诊患者体验","emergency-8","direction-case","急诊患者体验研究档案：分诊时间、就诊流程与需求波动；计划、实施与患者本人或代理报告；条目版本、填答者和缺失项。需对照急诊时间与需求中的定义、对象索引与适用条件","交付与体验 / 分数与体验","安排好的措施不等于实施，代理报告不等于患者本人体验。 代理填答、版本变化和缺失会改变总分的含义。 某环节提速可能转移等待，需保留整段患者时间线。","false"
"emergency-9","emergency","急诊队列","emergency-9","direction-case","急诊队列研究档案：分诊时间、就诊流程与需求波动；进入时点、结局定义和失访去向；需求到达、流程时间和风险分层；进入资格、观察窗口和退出去向。需对照的具体条目：对象进入时点、重复观察与失访去向","观察与结局 / 流程与结局","失去联系不能当成没有事件，观察时间不同也影响结局比较。 流程更快不独立证明结局更好，需要考虑对象风险和需求。 某环节提速可能转移等待，需保留整段患者时间线。","false"
"emergency-10","emergency","院前院内衔接","emergency-10","direction-case","院前院内衔接研究档案：分诊时间、就诊流程与需求波动；需求到达、流程时间和风险分层。需对照的具体条目：交接时间、信息接收与实际后续行动","流程与结局","流程更快不独立证明结局更好，需要考虑对象风险和需求。 某环节提速可能转移等待，需保留整段患者时间线。","false"
"emergency-11","emergency","急诊负荷","emergency-11","direction-case","急诊负荷研究档案：分诊时间、就诊流程与需求波动；训练暴露、恢复阶段和任务表现；需求到达、流程时间和风险分层。需对照急诊时间与需求中的定义、对象索引与适用条件","训练与测试 / 流程与结局","测试进步可能含熟悉效应，训练效果需要暴露与恢复背景。 流程更快不独立证明结局更好，需要考虑对象风险和需求。 某环节提速可能转移等待，需保留整段患者时间线。","false"
"emergency-12","emergency","突发需求管理","emergency-12","direction-case","突发需求管理研究档案：分诊时间、就诊流程与需求波动；服务需求、资源容量和实际任务；正式文本、执行条件与被排除的对象。需对照急诊时间与需求中的定义、对象索引与适用条件","资源与交付","拥有资源不等于及时交付服务，需求构成会改变评价。 某环节提速可能转移等待，需保留整段患者时间线。","false"
"critical-care-1","critical-care","重症结局","critical-care-1","direction-case","重症结局研究档案：器官功能、支持过程与长期恢复；进入时点、结局定义和失访去向；需求到达、流程时间和风险分层；进入资格、观察窗口和退出去向。需对照的具体条目：结局事件、观察起点与判定口径","观察与结局 / 流程与结局","失去联系不能当成没有事件，观察时间不同也影响结局比较。 流程更快不独立证明结局更好，需要考虑对象风险和需求。 短期存活与长期功能恢复是不同结局。","false"
"critical-care-2","critical-care","器官功能记录","critical-care-2","direction-case","器官功能记录研究档案：器官功能、支持过程与长期恢复；服务需求、资源容量和实际任务；不同层次的读数、背景条件和相反趋势。需对照器官状态与重症恢复中的定义、对象索引与适用条件","资源与交付","拥有资源不等于及时交付服务，需求构成会改变评价。 短期存活与长期功能恢复是不同结局。","false"
"critical-care-3","critical-care","重症监测资料","critical-care-3","direction-case","重症监测资料研究档案：器官功能、支持过程与长期恢复；需求到达、流程时间和风险分层；参考依据、重复读数和误差分项。需对照器官状态与重症恢复中的定义、对象索引与适用条件","流程与结局","流程更快不独立证明结局更好，需要考虑对象风险和需求。 短期存活与长期功能恢复是不同结局。","false"
"critical-care-4","critical-care","重症影像","critical-care-4","direction-case","重症影像研究档案：器官功能、支持过程与长期恢复；个体索引、图像条件和判读分歧；需求到达、流程时间和风险分层。需对照的具体条目：来源索引、采集条件与判读分歧","图像与个体 / 流程与结局","一个人的多幅图像不构成多个独立患者，图像性能不等于患者获益。 流程更快不独立证明结局更好，需要考虑对象风险和需求。 短期存活与长期功能恢复是不同结局。","false"
"critical-care-5","critical-care","重症营养","critical-care-5","direction-case","重症营养研究档案：器官功能、支持过程与长期恢复；组成、摄入及整体模式的分别记录；成分、实际摄入和感官任务条件；计量单位、时间窗口和未计入的投入。需对照器官状态与重症恢复中的定义、对象索引与适用条件","组成与实际摄入 / 品质与接受","成分丰富不代表摄入足够，实际摄入又不等于长期健康结果。 成分或仪器指标不能完整代替实际摄入和感官接受。 短期存活与长期功能恢复是不同结局。","false"
"critical-care-6","critical-care","重症康复","critical-care-6","direction-case","重症康复研究档案：器官功能、支持过程与长期恢复；测试能力、生活活动与环境支持；需求到达、流程时间和风险分层。需对照器官状态与重症恢复中的定义、对象索引与适用条件","能力与参与 / 流程与结局","受控任务中的能力与真实环境中的参与不同。 流程更快不独立证明结局更好，需要考虑对象风险和需求。 短期存活与长期功能恢复是不同结局。","false"
"critical-care-7","critical-care","长期功能结局","critical-care-7","direction-case","长期功能结局研究档案：器官功能、支持过程与长期恢复；进入时点、结局定义和失访去向；进入资格、观察窗口和退出去向。需对照的具体条目：结局事件、观察起点与判定口径","观察与结局","失去联系不能当成没有事件，观察时间不同也影响结局比较。 短期存活与长期功能恢复是不同结局。","false"
"critical-care-8","critical-care","重症照护","critical-care-8","direction-case","重症照护研究档案：器官功能、支持过程与长期恢复；计划、实施与患者本人或代理报告；需求到达、流程时间和风险分层。需对照的具体条目：实施时间线、交接信息与本人报告","交付与体验 / 流程与结局","安排好的措施不等于实施，代理报告不等于患者本人体验。 流程更快不独立证明结局更好，需要考虑对象风险和需求。 短期存活与长期功能恢复是不同结局。","false"
"critical-care-9","critical-care","重症信息系统","critical-care-9","direction-case","重症信息系统研究档案：器官功能、支持过程与长期恢复；需求到达、流程时间和风险分层；版本规则、对象索引和使用任务。需对照器官状态与重症恢复中的定义、对象索引与适用条件","流程与结局 / 记录与对象","流程更快不独立证明结局更好，需要考虑对象风险和需求。 记录格式一致不保证对象相同，版本变化必须追溯。 短期存活与长期功能恢复是不同结局。","false"
"critical-care-10","critical-care","重症队列","critical-care-10","direction-case","重症队列研究档案：器官功能、支持过程与长期恢复；进入时点、结局定义和失访去向；需求到达、流程时间和风险分层；进入资格、观察窗口和退出去向。需对照的具体条目：对象进入时点、重复观察与失访去向","观察与结局 / 流程与结局","失去联系不能当成没有事件，观察时间不同也影响结局比较。 流程更快不独立证明结局更好，需要考虑对象风险和需求。 短期存活与长期功能恢复是不同结局。","false"
"critical-care-11","critical-care","患者与家属体验","critical-care-11","direction-case","患者与家属体验研究档案：器官功能、支持过程与长期恢复；计划、实施与患者本人或代理报告；条目版本、填答者和缺失项。需对照器官状态与重症恢复中的定义、对象索引与适用条件","交付与体验 / 分数与体验","安排好的措施不等于实施，代理报告不等于患者本人体验。 代理填答、版本变化和缺失会改变总分的含义。 短期存活与长期功能恢复是不同结局。","false"
"critical-care-12","critical-care","资源与质量","critical-care-12","direction-case","资源与质量研究档案：器官功能、支持过程与长期恢复；服务需求、资源容量和实际任务；版本变更、异常记录和失败复核。需对照器官状态与重症恢复中的定义、对象索引与适用条件","资源与交付","拥有资源不等于及时交付服务，需求构成会改变评价。 短期存活与长期功能恢复是不同结局。","false"
"anesthesiology-1","anesthesiology","围术期结局","anesthesiology-1","direction-case","围术期结局研究档案：监测时序、疼痛报告与恢复活动；进入时点、结局定义和失访去向；需求到达、流程时间和风险分层；进入资格、观察窗口和退出去向。需对照的具体条目：结局事件、观察起点与判定口径","观察与结局 / 流程与结局","失去联系不能当成没有事件，观察时间不同也影响结局比较。 流程更快不独立证明结局更好，需要考虑对象风险和需求。 疼痛强度、活动能力和认知恢复不能以一项评分概括。","false"
"anesthesiology-2","anesthesiology","疼痛量表","anesthesiology-2","direction-case","疼痛量表研究档案：监测时序、疼痛报告与恢复活动；条目版本、填答者和缺失项；需求到达、流程时间和风险分层；参考依据、重复读数和误差分项。需对照围术期状态与疼痛中的定义、对象索引与适用条件","分数与体验 / 流程与结局","代理填答、版本变化和缺失会改变总分的含义。 流程更快不独立证明结局更好，需要考虑对象风险和需求。 疼痛强度、活动能力和认知恢复不能以一项评分概括。","false"
"anesthesiology-3","anesthesiology","慢性疼痛","anesthesiology-3","direction-case","慢性疼痛研究档案：监测时序、疼痛报告与恢复活动；需求到达、流程时间和风险分层。需对照的具体条目：症状周期、功能负担与报告时段","流程与结局","流程更快不独立证明结局更好，需要考虑对象风险和需求。 疼痛强度、活动能力和认知恢复不能以一项评分概括。","false"
"anesthesiology-4","anesthesiology","麻醉信息系统","anesthesiology-4","direction-case","麻醉信息系统研究档案：监测时序、疼痛报告与恢复活动；需求到达、流程时间和风险分层；版本规则、对象索引和使用任务。需对照围术期状态与疼痛中的定义、对象索引与适用条件","流程与结局 / 记录与对象","流程更快不独立证明结局更好，需要考虑对象风险和需求。 记录格式一致不保证对象相同，版本变化必须追溯。 疼痛强度、活动能力和认知恢复不能以一项评分概括。","false"
"anesthesiology-5","anesthesiology","围术期认知","anesthesiology-5","direction-case","围术期认知研究档案：监测时序、疼痛报告与恢复活动；电生理、结构与任务表现的对应；任务版本、构念定义和状态条件。需对照的具体条目：任务难度、注意条件与策略选择","结构与功能对应 / 分数与构念","相同结构表现可对应不同功能，任务和观察时点影响解释。 任务分数并不直接等于完整心理构念，状态也可改变表现。 疼痛强度、活动能力和认知恢复不能以一项评分概括。","false"
"anesthesiology-6","anesthesiology","围术期质量","anesthesiology-6","direction-case","围术期质量研究档案：监测时序、疼痛报告与恢复活动；需求到达、流程时间和风险分层；版本变更、异常记录和失败复核。需对照围术期状态与疼痛中的定义、对象索引与适用条件","流程与结局","流程更快不独立证明结局更好，需要考虑对象风险和需求。 疼痛强度、活动能力和认知恢复不能以一项评分概括。","false"
"anesthesiology-7","anesthesiology","围术期监测","anesthesiology-7","direction-case","围术期监测研究档案：监测时序、疼痛报告与恢复活动；需求到达、流程时间和风险分层；参考依据、重复读数和误差分项。需对照围术期状态与疼痛中的定义、对象索引与适用条件","流程与结局","流程更快不独立证明结局更好，需要考虑对象风险和需求。 疼痛强度、活动能力和认知恢复不能以一项评分概括。","false"
"anesthesiology-8","anesthesiology","疼痛康复","anesthesiology-8","direction-case","疼痛康复研究档案：监测时序、疼痛报告与恢复活动；测试能力、生活活动与环境支持；需求到达、流程时间和风险分层。需对照围术期状态与疼痛中的定义、对象索引与适用条件","能力与参与 / 流程与结局","受控任务中的能力与真实环境中的参与不同。 流程更快不独立证明结局更好，需要考虑对象风险和需求。 疼痛强度、活动能力和认知恢复不能以一项评分概括。","false"
"anesthesiology-9","anesthesiology","患者体验","anesthesiology-9","direction-case","患者体验研究档案：监测时序、疼痛报告与恢复活动；计划、实施与患者本人或代理报告；条目版本、填答者和缺失项。需对照围术期状态与疼痛中的定义、对象索引与适用条件","交付与体验 / 分数与体验","安排好的措施不等于实施，代理报告不等于患者本人体验。 代理填答、版本变化和缺失会改变总分的含义。 疼痛强度、活动能力和认知恢复不能以一项评分概括。","false"
"anesthesiology-10","anesthesiology","设备评价","anesthesiology-10","direction-case","设备评价研究档案：监测时序、疼痛报告与恢复活动；服务需求、资源容量和实际任务。需对照围术期状态与疼痛中的定义、对象索引与适用条件","资源与交付","拥有资源不等于及时交付服务，需求构成会改变评价。 疼痛强度、活动能力和认知恢复不能以一项评分概括。","false"
"anesthesiology-11","anesthesiology","麻醉服务研究","anesthesiology-11","direction-case","麻醉服务研究研究档案：监测时序、疼痛报告与恢复活动；需求到达、流程时间和风险分层。需对照的具体条目：服务资格、实际交付与未获服务者","流程与结局","流程更快不独立证明结局更好，需要考虑对象风险和需求。 疼痛强度、活动能力和认知恢复不能以一项评分概括。","false"
"anesthesiology-12","anesthesiology","围术期资料整合","anesthesiology-12","direction-case","围术期资料整合研究档案：监测时序、疼痛报告与恢复活动；需求到达、流程时间和风险分层。需对照的具体条目：来源映射、重叠对象与桥接假设","流程与结局","流程更快不独立证明结局更好，需要考虑对象风险和需求。 疼痛强度、活动能力和认知恢复不能以一项评分概括。","false"
"radiology-1","radiology","磁共振影像","radiology-1","direction-case","磁共振影像研究档案：成像参数、图像质量与读者判断；个体索引、图像条件和判读分歧。需对照的具体条目：来源索引、采集条件与判读分歧；序列版本、信号对比与判读条件","图像与个体","一个人的多幅图像不构成多个独立患者，图像性能不等于患者获益。 可见结构与临床解释之间需要保留采集及判读条件。","false"
"radiology-2","radiology","CT影像","radiology-2","direction-case","CT影像研究档案：成像参数、图像质量与读者判断；个体索引、图像条件和判读分歧。需对照的具体条目：来源索引、采集条件与判读分歧；采集或重建版本、结构对比与个体索引","图像与个体","一个人的多幅图像不构成多个独立患者，图像性能不等于患者获益。 可见结构与临床解释之间需要保留采集及判读条件。","false"
"radiology-3","radiology","神经影像","radiology-3","direction-case","神经影像研究档案：成像参数、图像质量与读者判断；电生理、结构与任务表现的对应；个体索引、图像条件和判读分歧。需对照的具体条目：来源索引、采集条件与判读分歧","结构与功能对应 / 图像与个体","相同结构表现可对应不同功能，任务和观察时点影响解释。 一个人的多幅图像不构成多个独立患者，图像性能不等于患者获益。 可见结构与临床解释之间需要保留采集及判读条件。","false"
"radiology-4","radiology","心血管影像","radiology-4","direction-case","心血管影像研究档案：成像参数、图像质量与读者判断；心脏负荷与功能的并列记录；个体索引、图像条件和判读分歧。需对照的具体条目：来源索引、采集条件与判读分歧","负荷依赖 / 图像与个体","功能读数可随前后负荷改变，不独立说明收缩机制。 一个人的多幅图像不构成多个独立患者，图像性能不等于患者获益。 可见结构与临床解释之间需要保留采集及判读条件。","false"
"radiology-5","radiology","腹部影像","radiology-5","direction-case","腹部影像研究档案：成像参数、图像质量与读者判断；个体索引、图像条件和判读分歧。需对照的具体条目：来源索引、采集条件与判读分歧；器官位置、观察窗口与背景条件","图像与个体","一个人的多幅图像不构成多个独立患者，图像性能不等于患者获益。 可见结构与临床解释之间需要保留采集及判读条件。","false"
"radiology-6","radiology","骨关节影像","radiology-6","direction-case","骨关节影像研究档案：成像参数、图像质量与读者判断；结构、负荷及动作功能的联合描述；个体索引、图像条件和判读分歧。需对照的具体条目：活动任务、负荷背景与组织状态；来源索引、采集条件与判读分歧","结构与使用表现 / 图像与个体","形态修复不自动恢复真实运动功能，环境和负荷需要保留。 一个人的多幅图像不构成多个独立患者，图像性能不等于患者获益。 可见结构与临床解释之间需要保留采集及判读条件。","false"
"radiology-7","radiology","儿童影像","radiology-7","direction-case","儿童影像研究档案：成像参数、图像质量与读者判断；发育分期、成长轨迹与功能任务；个体索引、图像条件和判读分歧。需对照的具体条目：发展阶段、照护关系与适龄任务；来源索引、采集条件与判读分歧","年龄与阶段 / 图像与个体","相同日龄或年龄不保证相同发育状态。 一个人的多幅图像不构成多个独立患者，图像性能不等于患者获益。 可见结构与临床解释之间需要保留采集及判读条件。","false"
"radiology-8","radiology","肿瘤影像","radiology-8","direction-case","肿瘤影像研究档案：成像参数、图像质量与读者判断；病灶变化、分期与患者功能的对照；个体索引、图像条件和判读分歧。需对照的具体条目：分型、对象进入与患者结局窗口；来源索引、采集条件与判读分歧","病灶与患者结局 / 图像与个体","病灶指标变化与生存或生活功能是不同层次。 一个人的多幅图像不构成多个独立患者，图像性能不等于患者获益。 可见结构与临床解释之间需要保留采集及判读条件。","false"
"radiology-9","radiology","影像组学","radiology-9","direction-case","影像组学研究档案：成像参数、图像质量与读者判断；鉴定可靠性、分子丰度与功能资料；细胞组成、功能层次和独立来源。需对照的具体条目：来源索引、采集条件与判读分歧","丰度与过程 / 组成与状态","丰度变化不自动代表功能、流量或作用方向变化。 群体差异可能来自组成与单元状态两方面，技术重复不是独立对象。 可见结构与临床解释之间需要保留采集及判读条件。","false"
"radiology-10","radiology","影像人工智能","radiology-10","direction-case","影像人工智能研究档案：成像参数、图像质量与读者判断；个体索引、图像条件和判读分歧。需对照的具体条目：来源索引、采集条件与判读分歧；来源划分、模型错误与实际使用任务","图像与个体","一个人的多幅图像不构成多个独立患者，图像性能不等于患者获益。 可见结构与临床解释之间需要保留采集及判读条件。","false"
"radiology-11","radiology","影像一致性","radiology-11","direction-case","影像一致性研究档案：成像参数、图像质量与读者判断；个体索引、图像条件和判读分歧。需对照的具体条目：来源索引、采集条件与判读分歧；成对记录、判读分歧与总体口径","图像与个体","一个人的多幅图像不构成多个独立患者，图像性能不等于患者获益。 可见结构与临床解释之间需要保留采集及判读条件。","false"
"radiology-12","radiology","成像质量评价","radiology-12","direction-case","成像质量评价研究档案：成像参数、图像质量与读者判断；个体索引、图像条件和判读分歧；版本变更、异常记录和失败复核。需对照影像形成与判读中的定义、对象索引与适用条件","图像与个体","一个人的多幅图像不构成多个独立患者，图像性能不等于患者获益。 可见结构与临床解释之间需要保留采集及判读条件。","false"
"ultrasound-1","ultrasound","心脏超声","ultrasound-1","direction-case","心脏超声研究档案：声窗、切面与运动相关测量；心脏负荷与功能的并列记录；个体索引、图像条件和判读分歧。需对照声学窗口与超声定量中的定义、对象索引与适用条件","负荷依赖 / 图像与个体","功能读数可随前后负荷改变，不独立说明收缩机制。 一个人的多幅图像不构成多个独立患者，图像性能不等于患者获益。 切面和声窗改变可影响定量，不应全部归因于对象变化。","false"
"ultrasound-2","ultrasound","血管超声","ultrasound-2","direction-case","血管超声研究档案：声窗、切面与运动相关测量；个体索引、图像条件和判读分歧；测量条件、血流负荷和时段轨迹。需对照声学窗口与超声定量中的定义、对象索引与适用条件","图像与个体 / 时点与持续状态","一个人的多幅图像不构成多个独立患者，图像性能不等于患者获益。 单时点血压受测量与状态影响，不能完整代表长期负担。 切面和声窗改变可影响定量，不应全部归因于对象变化。","false"
"ultrasound-3","ultrasound","腹部超声","ultrasound-3","direction-case","腹部超声研究档案：声窗、切面与运动相关测量；个体索引、图像条件和判读分歧。需对照的具体条目：器官位置、观察窗口与背景条件","图像与个体","一个人的多幅图像不构成多个独立患者，图像性能不等于患者获益。 切面和声窗改变可影响定量，不应全部归因于对象变化。","false"
"ultrasound-4","ultrasound","肌骨超声","ultrasound-4","direction-case","肌骨超声研究档案：声窗、切面与运动相关测量；结构、负荷及动作功能的联合描述；个体索引、图像条件和判读分歧。需对照声学窗口与超声定量中的定义、对象索引与适用条件","结构与使用表现 / 图像与个体","形态修复不自动恢复真实运动功能，环境和负荷需要保留。 一个人的多幅图像不构成多个独立患者，图像性能不等于患者获益。 切面和声窗改变可影响定量，不应全部归因于对象变化。","false"
"ultrasound-5","ultrasound","妇产超声","ultrasound-5","direction-case","妇产超声研究档案：声窗、切面与运动相关测量；生命阶段与母婴或生殖结局的对应；个体索引、图像条件和判读分歧。需对照声学窗口与超声定量中的定义、对象索引与适用条件","关联主体与观察单位 / 图像与个体","母婴或家庭成员相关但不是同一独立单位，阶段还影响解释。 一个人的多幅图像不构成多个独立患者，图像性能不等于患者获益。 切面和声窗改变可影响定量，不应全部归因于对象变化。","false"
"ultrasound-6","ultrasound","儿童超声","ultrasound-6","direction-case","儿童超声研究档案：声窗、切面与运动相关测量；发育分期、成长轨迹与功能任务；个体索引、图像条件和判读分歧。需对照的具体条目：发展阶段、照护关系与适龄任务","年龄与阶段 / 图像与个体","相同日龄或年龄不保证相同发育状态。 一个人的多幅图像不构成多个独立患者，图像性能不等于患者获益。 切面和声窗改变可影响定量，不应全部归因于对象变化。","false"
"ultrasound-7","ultrasound","弹性成像","ultrasound-7","direction-case","弹性成像研究档案：声窗、切面与运动相关测量；个体索引、图像条件和判读分歧。需对照的具体条目：力学状态、成像条件与参考评价","图像与个体","一个人的多幅图像不构成多个独立患者，图像性能不等于患者获益。 切面和声窗改变可影响定量，不应全部归因于对象变化。","false"
"ultrasound-8","ultrasound","超声定量","ultrasound-8","direction-case","超声定量研究档案：声窗、切面与运动相关测量；个体索引、图像条件和判读分歧。需对照的具体条目：单位、标度转换与校准来源","图像与个体","一个人的多幅图像不构成多个独立患者，图像性能不等于患者获益。 切面和声窗改变可影响定量，不应全部归因于对象变化。","false"
"ultrasound-9","ultrasound","超声图像分析","ultrasound-9","direction-case","超声图像分析研究档案：声窗、切面与运动相关测量；个体索引、图像条件和判读分歧。需对照的具体条目：作品状态、观看位置与形式细节；输入假设、测量或推导链与不确定性","图像与个体","一个人的多幅图像不构成多个独立患者，图像性能不等于患者获益。 切面和声窗改变可影响定量，不应全部归因于对象变化。","false"
"ultrasound-10","ultrasound","超声一致性","ultrasound-10","direction-case","超声一致性研究档案：声窗、切面与运动相关测量；个体索引、图像条件和判读分歧。需对照的具体条目：成对记录、判读分歧与总体口径","图像与个体","一个人的多幅图像不构成多个独立患者，图像性能不等于患者获益。 切面和声窗改变可影响定量，不应全部归因于对象变化。","false"
"ultrasound-11","ultrasound","设备评价","ultrasound-11","direction-case","设备评价研究档案：声窗、切面与运动相关测量；服务需求、资源容量和实际任务。需对照声学窗口与超声定量中的定义、对象索引与适用条件","资源与交付","拥有资源不等于及时交付服务，需求构成会改变评价。 切面和声窗改变可影响定量，不应全部归因于对象变化。","false"
"ultrasound-12","ultrasound","超声质控","ultrasound-12","direction-case","超声质控研究档案：声窗、切面与运动相关测量；个体索引、图像条件和判读分歧；版本变更、异常记录和失败复核。需对照声学窗口与超声定量中的定义、对象索引与适用条件","图像与个体","一个人的多幅图像不构成多个独立患者，图像性能不等于患者获益。 切面和声窗改变可影响定量，不应全部归因于对象变化。","false"
"pathology-1","pathology","组织病理","pathology-1","direction-case","组织病理研究档案：组织区域、切片层次与判读分歧；结构定位、组织层次与判读条件；细胞组成、功能层次和独立来源；正式文本、执行条件与被排除的对象。需对照的具体条目：角色分工、资源联系与实际协调","局部与整体 / 组成与状态","局部组织或切片不能无条件代表整个个体或器官。 群体差异可能来自组成与单元状态两方面，技术重复不是独立对象。 切片层面的特征不自动代表整个病变或患者。","false"
"pathology-2","pathology","细胞病理","pathology-2","direction-case","细胞病理研究档案：组织区域、切片层次与判读分歧；结构定位、组织层次与判读条件；鉴定可靠性、分子丰度与功能资料；不同层次的读数、背景条件和相反趋势。需对照的具体条目：细胞来源、形态条目与组织对应","局部与整体 / 丰度与过程","局部组织或切片不能无条件代表整个个体或器官。 丰度变化不自动代表功能、流量或作用方向变化。 切片层面的特征不自动代表整个病变或患者。","false"
"pathology-3","pathology","数字病理","pathology-3","direction-case","数字病理研究档案：组织区域、切片层次与判读分歧；结构定位、组织层次与判读条件；细胞组成、功能层次和独立来源；不同层次的读数、背景条件和相反趋势。需对照的具体条目：编码规则、平台入口与不可见记录","局部与整体 / 组成与状态","局部组织或切片不能无条件代表整个个体或器官。 群体差异可能来自组成与单元状态两方面，技术重复不是独立对象。 切片层面的特征不自动代表整个病变或患者。","false"
"pathology-4","pathology","肿瘤病理","pathology-4","direction-case","肿瘤病理研究档案：组织区域、切片层次与判读分歧；病灶变化、分期与患者功能的对照；结构定位、组织层次与判读条件；不同层次的读数、背景条件和相反趋势。需对照的具体条目：分型、对象进入与患者结局窗口","病灶与患者结局 / 局部与整体","病灶指标变化与生存或生活功能是不同层次。 局部组织或切片不能无条件代表整个个体或器官。 切片层面的特征不自动代表整个病变或患者。","false"
"pathology-5","pathology","肾脏病理","pathology-5","direction-case","肾脏病理研究档案：组织区域、切片层次与判读分歧；滤过估计与尿液标志的不同轨迹；结构定位、组织层次与判读条件；不同层次的读数、背景条件和相反趋势。需对照的具体条目：滤过轨迹、尿液标志与容量背景","功能与损伤 / 局部与整体","功能估计与组织损伤标志不同，短期方向也可不一致。 局部组织或切片不能无条件代表整个个体或器官。 切片层面的特征不自动代表整个病变或患者。","false"
"pathology-6","pathology","神经病理","pathology-6","direction-case","神经病理研究档案：组织区域、切片层次与判读分歧；电生理、结构与任务表现的对应；结构定位、组织层次与判读条件；不同层次的读数、背景条件和相反趋势。需对照组织形态与病理解释中的定义、对象索引与适用条件","结构与功能对应 / 局部与整体","相同结构表现可对应不同功能，任务和观察时点影响解释。 局部组织或切片不能无条件代表整个个体或器官。 切片层面的特征不自动代表整个病变或患者。","false"
"pathology-7","pathology","分子病理","pathology-7","direction-case","分子病理研究档案：组织区域、切片层次与判读分歧；结构定位、组织层次与判读条件；鉴定可靠性、分子丰度与功能资料；不同层次的读数、背景条件和相反趋势。需对照的具体条目：分子标志、组织定位与临床关联","局部与整体 / 丰度与过程","局部组织或切片不能无条件代表整个个体或器官。 丰度变化不自动代表功能、流量或作用方向变化。 切片层面的特征不自动代表整个病变或患者。","false"
"pathology-8","pathology","病理图像分析","pathology-8","direction-case","病理图像分析研究档案：组织区域、切片层次与判读分歧；结构定位、组织层次与判读条件；细胞组成、功能层次和独立来源；不同层次的读数、背景条件和相反趋势。需对照的具体条目：作品状态、观看位置与形式细节；输入假设、测量或推导链与不确定性","局部与整体 / 组成与状态","局部组织或切片不能无条件代表整个个体或器官。 群体差异可能来自组成与单元状态两方面，技术重复不是独立对象。 切片层面的特征不自动代表整个病变或患者。","false"
"pathology-9","pathology","病理一致性","pathology-9","direction-case","病理一致性研究档案：组织区域、切片层次与判读分歧；结构定位、组织层次与判读条件；细胞组成、功能层次和独立来源；不同层次的读数、背景条件和相反趋势。需对照的具体条目：成对记录、判读分歧与总体口径","局部与整体 / 组成与状态","局部组织或切片不能无条件代表整个个体或器官。 群体差异可能来自组成与单元状态两方面，技术重复不是独立对象。 切片层面的特征不自动代表整个病变或患者。","false"
"pathology-10","pathology","病理档案","pathology-10","direction-case","病理档案研究档案：逐页出处、底本差异和缺页索引；相关领域文献对“组织区域、切片层次与判读分歧”的用语与记录方式；结构定位、组织层次与判读条件；细胞组成、功能层次和独立来源。需对照的具体条目：形成机关、归档过程与缺件","局部与整体 / 组成与状态","局部组织或切片不能无条件代表整个个体或器官。 群体差异可能来自组成与单元状态两方面，技术重复不是独立对象。","false"
"pathology-11","pathology","病理质量","pathology-11","direction-case","病理质量研究档案：组织区域、切片层次与判读分歧；结构定位、组织层次与判读条件；细胞组成、功能层次和独立来源；版本变更、异常记录和失败复核。需对照组织形态与病理解释中的定义、对象索引与适用条件","局部与整体 / 组成与状态","局部组织或切片不能无条件代表整个个体或器官。 群体差异可能来自组成与单元状态两方面，技术重复不是独立对象。 切片层面的特征不自动代表整个病变或患者。","false"
"pathology-12","pathology","病理教学研究","pathology-12","direction-case","病理教学研究研究档案：教学任务、学生作答与撤去帮助后的新题；相关领域文献对“组织区域、切片层次与判读分歧”的用语与记录方式；任务目标、辅助条件和延迟表现。需对照的具体条目：目标任务、辅助条件与延迟迁移","表现与学习","当场完成可受辅助影响，撤去帮助后的迁移才回答另一类问题。","false"
"lab-medicine-1","lab-medicine","临床生化","lab-medicine-1","direction-case","临床生化研究档案：平台校准、参考区间与个体结果；鉴定可靠性、分子丰度与功能资料。需对照检验测量与解释中的定义、对象索引与适用条件","丰度与过程","丰度变化不自动代表功能、流量或作用方向变化。 参考区间与疾病诊断阈值不是同一个概念。","false"
"lab-medicine-2","lab-medicine","临床血液检验","lab-medicine-2","direction-case","临床血液检验研究档案：平台校准、参考区间与个体结果；细胞计数、形态与功能分开登记；目标人群、参考标准和阳性去向。需对照检验测量与解释中的定义、对象索引与适用条件","数量与功能 / 诊断与获益","数量正常不保证形态和功能相同，比例变化也不同于绝对数量。 提前诊断或检出更多不独立证明改善患者结局。 参考区间与疾病诊断阈值不是同一个概念。","false"
"lab-medicine-3","lab-medicine","临床免疫检验","lab-medicine-3","direction-case","临床免疫检验研究档案：平台校准、参考区间与个体结果；细胞组成、活化标志与组织状态；目标人群、参考标准和阳性去向。需对照检验测量与解释中的定义、对象索引与适用条件","标志与功能 / 诊断与获益","标志强度、细胞比例和功能响应不同，单项不能概括整个系统。 提前诊断或检出更多不独立证明改善患者结局。 参考区间与疾病诊断阈值不是同一个概念。","false"
"lab-medicine-4","lab-medicine","分子诊断资料","lab-medicine-4","direction-case","分子诊断资料研究档案：平台校准、参考区间与个体结果；鉴定可靠性、分子丰度与功能资料；细胞组成、功能层次和独立来源；不同层次的读数、背景条件和相反趋势。需对照检验测量与解释中的定义、对象索引与适用条件","丰度与过程 / 组成与状态","丰度变化不自动代表功能、流量或作用方向变化。 群体差异可能来自组成与单元状态两方面，技术重复不是独立对象。 参考区间与疾病诊断阈值不是同一个概念。","false"
"lab-medicine-5","lab-medicine","检验质量管理","lab-medicine-5","direction-case","检验质量管理研究档案：平台校准、参考区间与个体结果；目标人群、参考标准和阳性去向；版本变更、异常记录和失败复核。需对照检验测量与解释中的定义、对象索引与适用条件","诊断与获益","提前诊断或检出更多不独立证明改善患者结局。 参考区间与疾病诊断阈值不是同一个概念。","false"
"lab-medicine-6","lab-medicine","检验参考范围","lab-medicine-6","direction-case","检验参考范围研究档案：平台校准、参考区间与个体结果；目标人群、参考标准和阳性去向。需对照的具体条目：参考人群、测量条件与分位区间","诊断与获益","提前诊断或检出更多不独立证明改善患者结局。 参考区间与疾病诊断阈值不是同一个概念。","false"
"lab-medicine-7","lab-medicine","检验信息系统","lab-medicine-7","direction-case","检验信息系统研究档案：平台校准、参考区间与个体结果；目标人群、参考标准和阳性去向；版本规则、对象索引和使用任务。需对照检验测量与解释中的定义、对象索引与适用条件","诊断与获益 / 记录与对象","提前诊断或检出更多不独立证明改善患者结局。 记录格式一致不保证对象相同，版本变化必须追溯。 参考区间与疾病诊断阈值不是同一个概念。","false"
"lab-medicine-8","lab-medicine","检测一致性","lab-medicine-8","direction-case","检测一致性研究档案：平台校准、参考区间与个体结果；服务需求、资源容量和实际任务；参考依据、重复读数和误差分项。需对照的具体条目：成对记录、判读分歧与总体口径","资源与交付","拥有资源不等于及时交付服务，需求构成会改变评价。 参考区间与疾病诊断阈值不是同一个概念。","false"
"lab-medicine-9","lab-medicine","检验结果解释","lab-medicine-9","direction-case","检验结果解释研究档案：平台校准、参考区间与个体结果；目标人群、参考标准和阳性去向。需对照的具体条目：观测值、适用背景与可支持判断","诊断与获益","提前诊断或检出更多不独立证明改善患者结局。 参考区间与疾病诊断阈值不是同一个概念。","false"
"lab-medicine-10","lab-medicine","检验资料标准化","lab-medicine-10","direction-case","检验资料标准化研究档案：平台校准、参考区间与个体结果；目标人群、参考标准和阳性去向；正式文本、执行条件与被排除的对象。需对照检验测量与解释中的定义、对象索引与适用条件","诊断与获益","提前诊断或检出更多不独立证明改善患者结局。 参考区间与疾病诊断阈值不是同一个概念。","false"
"lab-medicine-11","lab-medicine","检验服务评价","lab-medicine-11","direction-case","检验服务评价研究档案：平台校准、参考区间与个体结果；需求、服务资格和未进入服务者；目标人群、参考标准和阳性去向。需对照的具体条目：服务资格、实际交付与未获服务者","使用与需求 / 诊断与获益","服务使用量受供给和资格影响，不能单独表示需求。 提前诊断或检出更多不独立证明改善患者结局。 参考区间与疾病诊断阈值不是同一个概念。","false"
"lab-medicine-12","lab-medicine","诊断准确性研究","lab-medicine-12","direction-case","诊断准确性研究研究档案：平台校准、参考区间与个体结果；目标人群、参考标准和阳性去向。需对照的具体条目：参考标准、目标人群与错误类别","诊断与获益","提前诊断或检出更多不独立证明改善患者结局。 参考区间与疾病诊断阈值不是同一个概念。","false"
"nuclear-medicine-1","nuclear-medicine","分子影像","nuclear-medicine-1","direction-case","分子影像研究档案：公开影像、重建参数与定量区域；鉴定可靠性、分子丰度与功能资料；细胞组成、功能层次和独立来源；不同层次的读数、背景条件和相反趋势。需对照的具体条目：来源索引、采集条件与判读分歧","丰度与过程 / 组成与状态","丰度变化不自动代表功能、流量或作用方向变化。 群体差异可能来自组成与单元状态两方面，技术重复不是独立对象。 定量值受采集时点和重建影响，信号不直接等同单一机制。","false"
"nuclear-medicine-2","nuclear-medicine","PET影像","nuclear-medicine-2","direction-case","PET影像研究档案：公开影像、重建参数与定量区域；个体索引、图像条件和判读分歧。需对照的具体条目：来源索引、采集条件与判读分歧；示踪物相关信号、采集时点与定量背景","图像与个体","一个人的多幅图像不构成多个独立患者，图像性能不等于患者获益。 定量值受采集时点和重建影响，信号不直接等同单一机制。","false"
"nuclear-medicine-3","nuclear-medicine","SPECT影像","nuclear-medicine-3","direction-case","SPECT影像研究档案：公开影像、重建参数与定量区域；个体索引、图像条件和判读分歧。需对照的具体条目：来源索引、采集条件与判读分歧；采集或重建版本、结构对比与个体索引；投影资料、重建条件与信号分布","图像与个体","一个人的多幅图像不构成多个独立患者，图像性能不等于患者获益。 定量值受采集时点和重建影响，信号不直接等同单一机制。","false"
"nuclear-medicine-4","nuclear-medicine","多模态影像","nuclear-medicine-4","direction-case","多模态影像研究档案：公开影像、重建参数与定量区域；个体索引、图像条件和判读分歧。需对照的具体条目：可及关系、量词范围与反例条件；来源索引、采集条件与判读分歧","图像与个体","一个人的多幅图像不构成多个独立患者，图像性能不等于患者获益。 定量值受采集时点和重建影响，信号不直接等同单一机制。","false"
"nuclear-medicine-5","nuclear-medicine","心脏核医学","nuclear-medicine-5","direction-case","心脏核医学研究档案：公开影像、重建参数与定量区域；心脏负荷与功能的并列记录；个体索引、图像条件和判读分歧。需对照示踪信号与定量影像中的定义、对象索引与适用条件","负荷依赖 / 图像与个体","功能读数可随前后负荷改变，不独立说明收缩机制。 一个人的多幅图像不构成多个独立患者，图像性能不等于患者获益。 定量值受采集时点和重建影响，信号不直接等同单一机制。","false"
"nuclear-medicine-6","nuclear-medicine","肿瘤核医学","nuclear-medicine-6","direction-case","肿瘤核医学研究档案：公开影像、重建参数与定量区域；病灶变化、分期与患者功能的对照；个体索引、图像条件和判读分歧。需对照的具体条目：分型、对象进入与患者结局窗口","病灶与患者结局 / 图像与个体","病灶指标变化与生存或生活功能是不同层次。 一个人的多幅图像不构成多个独立患者，图像性能不等于患者获益。 定量值受采集时点和重建影响，信号不直接等同单一机制。","false"
"nuclear-medicine-7","nuclear-medicine","神经核医学","nuclear-medicine-7","direction-case","神经核医学研究档案：公开影像、重建参数与定量区域；电生理、结构与任务表现的对应；个体索引、图像条件和判读分歧。需对照示踪信号与定量影像中的定义、对象索引与适用条件","结构与功能对应 / 图像与个体","相同结构表现可对应不同功能，任务和观察时点影响解释。 一个人的多幅图像不构成多个独立患者，图像性能不等于患者获益。 定量值受采集时点和重建影响，信号不直接等同单一机制。","false"
"nuclear-medicine-8","nuclear-medicine","定量成像","nuclear-medicine-8","direction-case","定量成像研究档案：公开影像、重建参数与定量区域；个体索引、图像条件和判读分歧。需对照的具体条目：单位、标度转换与校准来源","图像与个体","一个人的多幅图像不构成多个独立患者，图像性能不等于患者获益。 定量值受采集时点和重建影响，信号不直接等同单一机制。","false"
"nuclear-medicine-9","nuclear-medicine","图像重建","nuclear-medicine-9","direction-case","图像重建研究档案：公开影像、重建参数与定量区域；照明条件、任务版本和视觉表现。需对照的具体条目：作品状态、观看位置与形式细节","看清与完成任务","标准视觉测试不能覆盖全部真实照明和行动情境。 定量值受采集时点和重建影响，信号不直接等同单一机制。","false"
"nuclear-medicine-10","nuclear-medicine","影像资料质控","nuclear-medicine-10","direction-case","影像资料质控研究档案：公开影像、重建参数与定量区域；个体索引、图像条件和判读分歧；版本变更、异常记录和失败复核。需对照的具体条目：来源索引、采集条件与判读分歧","图像与个体","一个人的多幅图像不构成多个独立患者，图像性能不等于患者获益。 定量值受采集时点和重建影响，信号不直接等同单一机制。","false"
"nuclear-medicine-11","nuclear-medicine","成像一致性","nuclear-medicine-11","direction-case","成像一致性研究档案：公开影像、重建参数与定量区域；个体索引、图像条件和判读分歧。需对照的具体条目：成对记录、判读分歧与总体口径","图像与个体","一个人的多幅图像不构成多个独立患者，图像性能不等于患者获益。 定量值受采集时点和重建影响，信号不直接等同单一机制。","false"
"nuclear-medicine-12","nuclear-medicine","设备与软件评价","nuclear-medicine-12","direction-case","设备与软件评价研究档案：公开影像、重建参数与定量区域；版本规则、对象索引和使用任务；服务需求、资源容量和实际任务。需对照的具体条目：输入契约、依赖版本与错误复现","记录与对象 / 资源与交付","记录格式一致不保证对象相同，版本变化必须追溯。 拥有资源不等于及时交付服务，需求构成会改变评价。 定量值受采集时点和重建影响，信号不直接等同单一机制。","false"
"rehabilitation-1","rehabilitation","神经康复","rehabilitation-1","direction-case","神经康复研究档案：功能任务、日常活动与环境支持；电生理、结构与任务表现的对应；测试能力、生活活动与环境支持。需对照能力、活动与参与中的定义、对象索引与适用条件","结构与功能对应 / 能力与参与","相同结构表现可对应不同功能，任务和观察时点影响解释。 受控任务中的能力与真实环境中的参与不同。 受控场景下的能力不等于真实生活参与。","false"
"rehabilitation-2","rehabilitation","心肺康复","rehabilitation-2","direction-case","心肺康复研究档案：功能任务、日常活动与环境支持；心脏负荷与功能的并列记录；通气、交换与活动症状的分项资料。需对照能力、活动与参与中的定义、对象索引与适用条件","负荷依赖 / 通气与气体交换","功能读数可随前后负荷改变，不独立说明收缩机制。 通气表现不能独立概括交换效率及日常功能。 受控场景下的能力不等于真实生活参与。","false"
"rehabilitation-3","rehabilitation","肌骨康复","rehabilitation-3","direction-case","肌骨康复研究档案：功能任务、日常活动与环境支持；结构、负荷及动作功能的联合描述；测试能力、生活活动与环境支持。需对照能力、活动与参与中的定义、对象索引与适用条件","结构与使用表现 / 能力与参与","形态修复不自动恢复真实运动功能，环境和负荷需要保留。 受控任务中的能力与真实环境中的参与不同。 受控场景下的能力不等于真实生活参与。","false"
"rehabilitation-4","rehabilitation","运动功能","rehabilitation-4","direction-case","运动功能研究档案：功能任务、日常活动与环境支持；训练暴露、恢复阶段和任务表现；不同层次的读数、背景条件和相反趋势。需对照的具体条目：训练暴露、恢复阶段与测试熟悉","训练与测试","测试进步可能含熟悉效应，训练效果需要暴露与恢复背景。 受控场景下的能力不等于真实生活参与。","false"
"rehabilitation-5","rehabilitation","作业与生活功能","rehabilitation-5","direction-case","作业与生活功能研究档案：功能任务、日常活动与环境支持；测试能力、生活活动与环境支持；不同层次的读数、背景条件和相反趋势。需对照能力、活动与参与中的定义、对象索引与适用条件","能力与参与","受控任务中的能力与真实环境中的参与不同。 受控场景下的能力不等于真实生活参与。","false"
"rehabilitation-6","rehabilitation","语言与吞咽研究","rehabilitation-6","direction-case","语言与吞咽研究研究档案：功能任务、日常活动与环境支持；感知阈值、沟通任务及平衡表现。需对照能力、活动与参与中的定义、对象索引与适用条件","阈值与日常任务","受控阈值改善不自动转为复杂环境中的沟通或活动改善。 受控场景下的能力不等于真实生活参与。","false"
"rehabilitation-7","rehabilitation","辅助技术","rehabilitation-7","direction-case","辅助技术研究档案：功能任务、日常活动与环境支持；设备版本、使用任务和错误恢复。需对照的具体条目：工具版本、使用任务与适用承诺","性能与可用性","仪器性能不能独立概括真实使用中的负担和患者结局。 受控场景下的能力不等于真实生活参与。","false"
"rehabilitation-8","rehabilitation","康复机器人","rehabilitation-8","direction-case","康复机器人研究档案：功能任务、日常活动与环境支持；测试能力、生活活动与环境支持。需对照的具体条目：感知误差、控制任务与障碍情境","能力与参与","受控任务中的能力与真实环境中的参与不同。 受控场景下的能力不等于真实生活参与。","false"
"rehabilitation-9","rehabilitation","远程康复","rehabilitation-9","direction-case","远程康复研究档案：功能任务、日常活动与环境支持；测试能力、生活活动与环境支持。需对照的具体条目：接入条件、实际使用与未完成服务","能力与参与","受控任务中的能力与真实环境中的参与不同。 受控场景下的能力不等于真实生活参与。","false"
"rehabilitation-10","rehabilitation","康复量表","rehabilitation-10","direction-case","康复量表研究档案：功能任务、日常活动与环境支持；测试能力、生活活动与环境支持；条目版本、填答者和缺失项；参考依据、重复读数和误差分项。需对照能力、活动与参与中的定义、对象索引与适用条件","能力与参与 / 分数与体验","受控任务中的能力与真实环境中的参与不同。 代理填答、版本变化和缺失会改变总分的含义。 受控场景下的能力不等于真实生活参与。","false"
"rehabilitation-11","rehabilitation","参与与生活质量","rehabilitation-11","direction-case","参与与生活质量研究档案：功能任务、日常活动与环境支持；测试能力、生活活动与环境支持；条目版本、填答者和缺失项；版本变更、异常记录和失败复核。需对照能力、活动与参与中的定义、对象索引与适用条件","能力与参与 / 分数与体验","受控任务中的能力与真实环境中的参与不同。 代理填答、版本变化和缺失会改变总分的含义。 受控场景下的能力不等于真实生活参与。","false"
"rehabilitation-12","rehabilitation","康复服务","rehabilitation-12","direction-case","康复服务研究档案：功能任务、日常活动与环境支持；测试能力、生活活动与环境支持。需对照能力、活动与参与中的定义、对象索引与适用条件","能力与参与","受控任务中的能力与真实环境中的参与不同。 受控场景下的能力不等于真实生活参与。","false"
"oral-medicine-1","oral-medicine","口腔内科","oral-medicine-1","direction-case","口腔内科研究档案：牙周或牙体资料、咀嚼功能与生活体验；局部结构、口腔功能和生活体验。需对照的具体条目：局部状态、咀嚼或发音与生活负担；局部疾病表现、组织状态与症状资料","局部与整体","局部组织变化不自动代表咀嚼、发音及生活体验同时改善。 形态评价、咀嚼功能和生活质量提供不同信息。","false"
"oral-medicine-2","oral-medicine","牙周研究","oral-medicine-2","direction-case","牙周研究研究档案：牙周或牙体资料、咀嚼功能与生活体验；局部结构、口腔功能和生活体验。需对照的具体条目：局部状态、咀嚼或发音与生活负担；牙周结构、局部炎症与功能体验","局部与整体","局部组织变化不自动代表咀嚼、发音及生活体验同时改善。 形态评价、咀嚼功能和生活质量提供不同信息。","false"
"oral-medicine-3","oral-medicine","口腔修复","oral-medicine-3","direction-case","口腔修复研究档案：牙周或牙体资料、咀嚼功能与生活体验；局部结构、口腔功能和生活体验。需对照的具体条目：局部状态、咀嚼或发音与生活负担；修复阶段、组织状态与生活任务；修复体条件、口腔功能与使用负担","局部与整体","局部组织变化不自动代表咀嚼、发音及生活体验同时改善。 形态评价、咀嚼功能和生活质量提供不同信息。","false"
"oral-medicine-4","oral-medicine","口腔正畸","oral-medicine-4","direction-case","口腔正畸研究档案：牙周或牙体资料、咀嚼功能与生活体验；局部结构、口腔功能和生活体验。需对照的具体条目：局部状态、咀嚼或发音与生活负担；排列关系、成长阶段与功能需求","局部与整体","局部组织变化不自动代表咀嚼、发音及生活体验同时改善。 形态评价、咀嚼功能和生活质量提供不同信息。","false"
"oral-medicine-5","oral-medicine","口腔颌面结局","oral-medicine-5","direction-case","口腔颌面结局研究档案：牙周或牙体资料、咀嚼功能与生活体验；进入时点、结局定义和失访去向；局部结构、口腔功能和生活体验；进入资格、观察窗口和退出去向。需对照的具体条目：局部状态、咀嚼或发音与生活负担；结局事件、观察起点与判定口径","观察与结局 / 局部与整体","失去联系不能当成没有事件，观察时间不同也影响结局比较。 局部组织变化不自动代表咀嚼、发音及生活体验同时改善。 形态评价、咀嚼功能和生活质量提供不同信息。","false"
"oral-medicine-6","oral-medicine","儿童口腔","oral-medicine-6","direction-case","儿童口腔研究档案：牙周或牙体资料、咀嚼功能与生活体验；发育分期、成长轨迹与功能任务；局部结构、口腔功能和生活体验。需对照的具体条目：局部状态、咀嚼或发音与生活负担；发展阶段、照护关系与适龄任务","年龄与阶段 / 局部与整体","相同日龄或年龄不保证相同发育状态。 局部组织变化不自动代表咀嚼、发音及生活体验同时改善。 形态评价、咀嚼功能和生活质量提供不同信息。","false"
"oral-medicine-7","oral-medicine","口腔影像","oral-medicine-7","direction-case","口腔影像研究档案：牙周或牙体资料、咀嚼功能与生活体验；个体索引、图像条件和判读分歧；局部结构、口腔功能和生活体验。需对照的具体条目：局部状态、咀嚼或发音与生活负担；来源索引、采集条件与判读分歧","图像与个体 / 局部与整体","一个人的多幅图像不构成多个独立患者，图像性能不等于患者获益。 局部组织变化不自动代表咀嚼、发音及生活体验同时改善。 形态评价、咀嚼功能和生活质量提供不同信息。","false"
"oral-medicine-8","oral-medicine","口腔材料","oral-medicine-8","direction-case","口腔材料研究档案：牙周或牙体资料、咀嚼功能与生活体验；局部结构、口腔功能和生活体验。需对照的具体条目：局部状态、咀嚼或发音与生活负担；材料性能、使用环境与长期质量","局部与整体","局部组织变化不自动代表咀嚼、发音及生活体验同时改善。 形态评价、咀嚼功能和生活质量提供不同信息。","false"
"oral-medicine-9","oral-medicine","口腔微生态","oral-medicine-9","direction-case","口腔微生态研究档案：牙周或牙体资料、咀嚼功能与生活体验；公开组成表、注释版本与绝对量边界；局部结构、口腔功能和生活体验。需对照的具体条目：局部状态、咀嚼或发音与生活负担","相对与绝对数量 / 局部与整体","相对丰度会上下联动，一个类别比例升高不证明绝对数量升高。 局部组织变化不自动代表咀嚼、发音及生活体验同时改善。 形态评价、咀嚼功能和生活质量提供不同信息。","false"
"oral-medicine-10","oral-medicine","口腔公共卫生","oral-medicine-10","direction-case","口腔公共卫生研究档案：牙周或牙体资料、咀嚼功能与生活体验；诊断口径、暴露机会和服务路径；局部结构、口腔功能和生活体验。需对照的具体条目：局部状态、咀嚼或发音与生活负担","记录与发生 / 局部与整体","检验或就诊机会改变会改变记录数量，不等于真实发生同步变化。 局部组织变化不自动代表咀嚼、发音及生活体验同时改善。 形态评价、咀嚼功能和生活质量提供不同信息。","false"
"oral-medicine-11","oral-medicine","数字口腔","oral-medicine-11","direction-case","数字口腔研究档案：牙周或牙体资料、咀嚼功能与生活体验；局部结构、口腔功能和生活体验；版本规则、对象索引和使用任务。需对照的具体条目：局部状态、咀嚼或发音与生活负担；编码规则、平台入口与不可见记录","局部与整体 / 记录与对象","局部组织变化不自动代表咀嚼、发音及生活体验同时改善。 记录格式一致不保证对象相同，版本变化必须追溯。 形态评价、咀嚼功能和生活质量提供不同信息。","false"
"oral-medicine-12","oral-medicine","口腔生活质量","oral-medicine-12","direction-case","口腔生活质量研究档案：牙周或牙体资料、咀嚼功能与生活体验；条目版本、填答者和缺失项；局部结构、口腔功能和生活体验；版本变更、异常记录和失败复核。需对照的具体条目：局部状态、咀嚼或发音与生活负担","分数与体验 / 局部与整体","代理填答、版本变化和缺失会改变总分的含义。 局部组织变化不自动代表咀嚼、发音及生活体验同时改善。 形态评价、咀嚼功能和生活质量提供不同信息。","false"
"traditional-medicine-1","traditional-medicine","中医基础文献","traditional-medicine-1","direction-case","中医基础文献研究档案：逐页出处、底本差异和缺页索引；相关领域文献对“原始文献、证候描述与独立结局”的用语与记录方式；原典术语、来源鉴别和现代评价定义；物种或模型、暴露和作用终点。需对照传统资料与现代评价中的定义、对象索引与适用条件","术语与证据层次 / 模型与人体","术语相似、传统使用和成分存在都不能独立证明临床获益。 模型中的作用、计算评分和患者获益是不同证据层次。","false"
"traditional-medicine-2","traditional-medicine","中医临床结局","traditional-medicine-2","direction-case","中医临床结局研究档案：原始文献、证候描述与独立结局；进入时点、结局定义和失访去向；原典术语、来源鉴别和现代评价定义；进入资格、观察窗口和退出去向。需对照的具体条目：结局事件、观察起点与判定口径","观察与结局 / 术语与证据层次","失去联系不能当成没有事件，观察时间不同也影响结局比较。 术语相似、传统使用和成分存在都不能独立证明临床获益。 传统记载的存在不能替代现代比较及作用证据。","false"
"traditional-medicine-3","traditional-medicine","中医内科研究","traditional-medicine-3","direction-case","中医内科研究研究档案：原始文献、证候描述与独立结局；原典术语、来源鉴别和现代评价定义。需对照的具体条目：原典症候、现代定义与比较条件","术语与证据层次","术语相似、传统使用和成分存在都不能独立证明临床获益。 传统记载的存在不能替代现代比较及作用证据。","false"
"traditional-medicine-4","traditional-medicine","中医妇儿研究","traditional-medicine-4","direction-case","中医妇儿研究研究档案：原始文献、证候描述与独立结局；生命阶段与母婴或生殖结局的对应；原典术语、来源鉴别和现代评价定义。需对照传统资料与现代评价中的定义、对象索引与适用条件","关联主体与观察单位 / 术语与证据层次","母婴或家庭成员相关但不是同一独立单位，阶段还影响解释。 术语相似、传统使用和成分存在都不能独立证明临床获益。 传统记载的存在不能替代现代比较及作用证据。","false"
"traditional-medicine-5","traditional-medicine","中医老年健康","traditional-medicine-5","direction-case","中医老年健康研究档案：原始文献、证候描述与独立结局；功能储备、年龄及照护需要；原典术语、来源鉴别和现代评价定义。需对照传统资料与现代评价中的定义、对象索引与适用条件","年龄与功能储备 / 术语与证据层次","同年龄的人可具有不同功能及适应能力，年龄不是完整机制解释。 术语相似、传统使用和成分存在都不能独立证明临床获益。 传统记载的存在不能替代现代比较及作用证据。","false"
"traditional-medicine-6","traditional-medicine","中医康复","traditional-medicine-6","direction-case","中医康复研究档案：原始文献、证候描述与独立结局；测试能力、生活活动与环境支持；原典术语、来源鉴别和现代评价定义。需对照传统资料与现代评价中的定义、对象索引与适用条件","能力与参与 / 术语与证据层次","受控任务中的能力与真实环境中的参与不同。 术语相似、传统使用和成分存在都不能独立证明临床获益。 传统记载的存在不能替代现代比较及作用证据。","false"
"traditional-medicine-7","traditional-medicine","针灸研究方法","traditional-medicine-7","direction-case","针灸研究方法研究档案：原始文献、证候描述与独立结局；来源、暴露及作用层次的分别资料；原典术语、来源鉴别和现代评价定义。需对照的具体条目：输入要求、适用前提与方法失败条件","暴露与作用 / 术语与证据层次","记录暴露或传统使用不自动证明药效或临床获益。 术语相似、传统使用和成分存在都不能独立证明临床获益。 传统记载的存在不能替代现代比较及作用证据。","false"
"traditional-medicine-8","traditional-medicine","中药资料研究","traditional-medicine-8","direction-case","中药资料研究研究档案：原始文献、证候描述与独立结局；来源、暴露及作用层次的分别资料；原典术语、来源鉴别和现代评价定义。需对照传统资料与现代评价中的定义、对象索引与适用条件","暴露与作用 / 术语与证据层次","记录暴露或传统使用不自动证明药效或临床获益。 术语相似、传统使用和成分存在都不能独立证明临床获益。 传统记载的存在不能替代现代比较及作用证据。","false"
"traditional-medicine-9","traditional-medicine","传统知识整理","traditional-medicine-9","direction-case","传统知识整理研究档案：同时代记载与后期整理本的年代对照；相关领域文献对“原始文献、证候描述与独立结局”的用语与记录方式；术语定义、资料出处和可支持推断。需对照传统资料与现代评价中的定义、对象索引与适用条件","相符与唯一解释","资料相符不等于只有一种解释，术语对应不等于机制一致。","false"
"traditional-medicine-10","traditional-medicine","中西医结合评价","traditional-medicine-10","direction-case","中西医结合评价研究档案：原始文献、证候描述与独立结局；术语定义、资料出处和可支持推断。需对照传统资料与现代评价中的定义、对象索引与适用条件","相符与唯一解释","资料相符不等于只有一种解释，术语对应不等于机制一致。 传统记载的存在不能替代现代比较及作用证据。","false"
"traditional-medicine-11","traditional-medicine","中医健康服务","traditional-medicine-11","direction-case","中医健康服务研究档案：原始文献、证候描述与独立结局；需求、服务资格和未进入服务者；原典术语、来源鉴别和现代评价定义。需对照传统资料与现代评价中的定义、对象索引与适用条件","使用与需求 / 术语与证据层次","服务使用量受供给和资格影响，不能单独表示需求。 术语相似、传统使用和成分存在都不能独立证明临床获益。 传统记载的存在不能替代现代比较及作用证据。","false"
"traditional-medicine-12","traditional-medicine","中医证候一致性","traditional-medicine-12","direction-case","中医证候一致性研究档案：原始文献、证候描述与独立结局；原典术语、来源鉴别和现代评价定义。需对照的具体条目：成对记录、判读分歧与总体口径；术语版本、辨识一致性与对象背景","术语与证据层次","术语相似、传统使用和成分存在都不能独立证明临床获益。 传统记载的存在不能替代现代比较及作用证据。","false"
"medical-genetics-1","medical-genetics","罕见病资料","medical-genetics-1","direction-case","罕见病资料研究档案：参考序列、家系关系与表型覆盖；参考版本、来源关系与变异表型对应。需对照的具体条目：病例进入、表型谱与漏诊可能","关联与功能解释","共同变化或共分离提供线索，但不能独立证明因果及个体结局。 变异关联、功能资料与个体临床解释应分层。","false"
"medical-genetics-2","medical-genetics","心血管遗传","medical-genetics-2","direction-case","心血管遗传研究档案：参考序列、家系关系与表型覆盖；心脏负荷与功能的并列记录；参考版本、来源关系与变异表型对应；不同层次的读数、背景条件和相反趋势。需对照变异与表型解释中的定义、对象索引与适用条件","负荷依赖 / 关联与功能解释","功能读数可随前后负荷改变，不独立说明收缩机制。 共同变化或共分离提供线索，但不能独立证明因果及个体结局。 变异关联、功能资料与个体临床解释应分层。","false"
"medical-genetics-3","medical-genetics","神经遗传","medical-genetics-3","direction-case","神经遗传研究档案：参考序列、家系关系与表型覆盖；电生理、结构与任务表现的对应；参考版本、来源关系与变异表型对应；不同层次的读数、背景条件和相反趋势。需对照变异与表型解释中的定义、对象索引与适用条件","结构与功能对应 / 关联与功能解释","相同结构表现可对应不同功能，任务和观察时点影响解释。 共同变化或共分离提供线索，但不能独立证明因果及个体结局。 变异关联、功能资料与个体临床解释应分层。","false"
"medical-genetics-4","medical-genetics","肿瘤遗传","medical-genetics-4","direction-case","肿瘤遗传研究档案：参考序列、家系关系与表型覆盖；病灶变化、分期与患者功能的对照；参考版本、来源关系与变异表型对应；不同层次的读数、背景条件和相反趋势。需对照的具体条目：分型、对象进入与患者结局窗口","病灶与患者结局 / 关联与功能解释","病灶指标变化与生存或生活功能是不同层次。 共同变化或共分离提供线索，但不能独立证明因果及个体结局。 变异关联、功能资料与个体临床解释应分层。","false"
"medical-genetics-5","medical-genetics","代谢遗传","medical-genetics-5","direction-case","代谢遗传研究档案：参考序列、家系关系与表型覆盖；激素或代谢时序与状态分层；参考版本、来源关系与变异表型对应；不同层次的读数、背景条件和相反趋势。需对照变异与表型解释中的定义、对象索引与适用条件","反馈与时序 / 关联与功能解释","反馈系统中的单一时点可错过相位变化，不能完整代表动态状态。 共同变化或共分离提供线索，但不能独立证明因果及个体结局。 变异关联、功能资料与个体临床解释应分层。","false"
"medical-genetics-6","medical-genetics","儿童遗传","medical-genetics-6","direction-case","儿童遗传研究档案：参考序列、家系关系与表型覆盖；发育分期、成长轨迹与功能任务；参考版本、来源关系与变异表型对应；不同层次的读数、背景条件和相反趋势。需对照的具体条目：发展阶段、照护关系与适龄任务","年龄与阶段 / 关联与功能解释","相同日龄或年龄不保证相同发育状态。 共同变化或共分离提供线索，但不能独立证明因果及个体结局。 变异关联、功能资料与个体临床解释应分层。","false"
"medical-genetics-7","medical-genetics","遗传变异解释","medical-genetics-7","direction-case","遗传变异解释研究档案：参考序列、家系关系与表型覆盖；参考版本、来源关系与变异表型对应；不同层次的读数、背景条件和相反趋势。需对照变异与表型解释中的定义、对象索引与适用条件","关联与功能解释","共同变化或共分离提供线索，但不能独立证明因果及个体结局。 变异关联、功能资料与个体临床解释应分层。","false"
"medical-genetics-8","medical-genetics","家系资料整理","medical-genetics-8","direction-case","家系资料整理研究档案：参考序列、家系关系与表型覆盖；参考版本、来源关系与变异表型对应。需对照的具体条目：亲缘图、表型记录与注释版本","关联与功能解释","共同变化或共分离提供线索，但不能独立证明因果及个体结局。 变异关联、功能资料与个体临床解释应分层。","false"
"medical-genetics-9","medical-genetics","遗传资料质量","medical-genetics-9","direction-case","遗传资料质量研究档案：参考序列、家系关系与表型覆盖；参考版本、来源关系与变异表型对应；版本变更、异常记录和失败复核。需对照变异与表型解释中的定义、对象索引与适用条件","关联与功能解释","共同变化或共分离提供线索，但不能独立证明因果及个体结局。 变异关联、功能资料与个体临床解释应分层。","false"
"medical-genetics-10","medical-genetics","群体遗传","medical-genetics-10","direction-case","群体遗传研究档案：参考序列、家系关系与表型覆盖；参考版本、来源关系与变异表型对应；目标人群、进入机制和暴露窗口；不同层次的读数、背景条件和相反趋势。需对照的具体条目：群体结构、参考频率与亲缘依赖","关联与功能解释 / 样本与目标人群","共同变化或共分离提供线索，但不能独立证明因果及个体结局。 能进入资料的人不一定代表全部目标人群。 变异关联、功能资料与个体临床解释应分层。","false"
"medical-genetics-11","medical-genetics","遗传与环境","medical-genetics-11","direction-case","遗传与环境研究档案：参考序列、家系关系与表型覆盖；参考版本、来源关系与变异表型对应；目标人群、进入机制和暴露窗口；不同层次的读数、背景条件和相反趋势。需对照的具体条目：遗传背景、环境定义与交互项","关联与功能解释 / 样本与目标人群","共同变化或共分离提供线索，但不能独立证明因果及个体结局。 能进入资料的人不一定代表全部目标人群。 变异关联、功能资料与个体临床解释应分层。","false"
"medical-genetics-12","medical-genetics","遗传咨询体验","medical-genetics-12","direction-case","遗传咨询体验研究档案：参考序列、家系关系与表型覆盖；参考版本、来源关系与变异表型对应；任务版本、构念定义和状态条件；不同层次的读数、背景条件和相反趋势。需对照变异与表型解释中的定义、对象索引与适用条件","关联与功能解释 / 分数与构念","共同变化或共分离提供线索，但不能独立证明因果及个体结局。 任务分数并不直接等于完整心理构念，状态也可改变表现。 变异关联、功能资料与个体临床解释应分层。","false"
"anatomy-physiology-1","anatomy-physiology","人体解剖","anatomy-physiology-1","direction-case","人体解剖研究档案：解剖定位、组织层次与功能状态；结构定位、组织层次与判读条件。需对照结构与生理功能中的定义、对象索引与适用条件","局部与整体","局部组织或切片不能无条件代表整个个体或器官。 结构存在不等于某种功能在该状态下已经被证明。","false"
"anatomy-physiology-2","anatomy-physiology","组织与发育","anatomy-physiology-2","direction-case","组织与发育研究档案：解剖定位、组织层次与功能状态；发育分期、成长轨迹与功能任务；结构定位、组织层次与判读条件；正式文本、执行条件与被排除的对象。需对照的具体条目：角色分工、资源联系与实际协调","年龄与阶段 / 局部与整体","相同日龄或年龄不保证相同发育状态。 局部组织或切片不能无条件代表整个个体或器官。 结构存在不等于某种功能在该状态下已经被证明。","false"
"anatomy-physiology-3","anatomy-physiology","心血管生理","anatomy-physiology-3","direction-case","心血管生理研究档案：解剖定位、组织层次与功能状态；心脏负荷与功能的并列记录；结构定位、组织层次与判读条件；不同层次的读数、背景条件和相反趋势。需对照结构与生理功能中的定义、对象索引与适用条件","负荷依赖 / 局部与整体","功能读数可随前后负荷改变，不独立说明收缩机制。 局部组织或切片不能无条件代表整个个体或器官。 结构存在不等于某种功能在该状态下已经被证明。","false"
"anatomy-physiology-4","anatomy-physiology","呼吸生理","anatomy-physiology-4","direction-case","呼吸生理研究档案：解剖定位、组织层次与功能状态；通气、交换与活动症状的分项资料；结构定位、组织层次与判读条件；不同层次的读数、背景条件和相反趋势。需对照结构与生理功能中的定义、对象索引与适用条件","通气与气体交换 / 局部与整体","通气表现不能独立概括交换效率及日常功能。 局部组织或切片不能无条件代表整个个体或器官。 结构存在不等于某种功能在该状态下已经被证明。","false"
"anatomy-physiology-5","anatomy-physiology","神经生理","anatomy-physiology-5","direction-case","神经生理研究档案：解剖定位、组织层次与功能状态；电生理、结构与任务表现的对应；结构定位、组织层次与判读条件；不同层次的读数、背景条件和相反趋势。需对照结构与生理功能中的定义、对象索引与适用条件","结构与功能对应 / 局部与整体","相同结构表现可对应不同功能，任务和观察时点影响解释。 局部组织或切片不能无条件代表整个个体或器官。 结构存在不等于某种功能在该状态下已经被证明。","false"
"anatomy-physiology-6","anatomy-physiology","内分泌生理","anatomy-physiology-6","direction-case","内分泌生理研究档案：解剖定位、组织层次与功能状态；激素或代谢时序与状态分层；结构定位、组织层次与判读条件；不同层次的读数、背景条件和相反趋势。需对照结构与生理功能中的定义、对象索引与适用条件","反馈与时序 / 局部与整体","反馈系统中的单一时点可错过相位变化，不能完整代表动态状态。 局部组织或切片不能无条件代表整个个体或器官。 结构存在不等于某种功能在该状态下已经被证明。","false"
"anatomy-physiology-7","anatomy-physiology","肾脏生理","anatomy-physiology-7","direction-case","肾脏生理研究档案：解剖定位、组织层次与功能状态；滤过估计与尿液标志的不同轨迹；结构定位、组织层次与判读条件；不同层次的读数、背景条件和相反趋势。需对照的具体条目：滤过轨迹、尿液标志与容量背景","功能与损伤 / 局部与整体","功能估计与组织损伤标志不同，短期方向也可不一致。 局部组织或切片不能无条件代表整个个体或器官。 结构存在不等于某种功能在该状态下已经被证明。","false"
"anatomy-physiology-8","anatomy-physiology","消化生理","anatomy-physiology-8","direction-case","消化生理研究档案：解剖定位、组织层次与功能状态；动力、组织评价与消化症状的对照；结构定位、组织层次与判读条件；不同层次的读数、背景条件和相反趋势。需对照结构与生理功能中的定义、对象索引与适用条件","症状与组织过程 / 局部与整体","症状可受多个过程影响，症状变化不独立定位组织机制。 局部组织或切片不能无条件代表整个个体或器官。 结构存在不等于某种功能在该状态下已经被证明。","false"
"anatomy-physiology-9","anatomy-physiology","运动生理","anatomy-physiology-9","direction-case","运动生理研究档案：解剖定位、组织层次与功能状态；结构定位、组织层次与判读条件；细胞组成、功能层次和独立来源；不同层次的读数、背景条件和相反趋势。需对照的具体条目：训练暴露、恢复阶段与测试熟悉","局部与整体 / 组成与状态","局部组织或切片不能无条件代表整个个体或器官。 群体差异可能来自组成与单元状态两方面，技术重复不是独立对象。 结构存在不等于某种功能在该状态下已经被证明。","false"
"anatomy-physiology-10","anatomy-physiology","系统生理","anatomy-physiology-10","direction-case","系统生理研究档案：解剖定位、组织层次与功能状态；结构定位、组织层次与判读条件；细胞组成、功能层次和独立来源；不同层次的读数、背景条件和相反趋势。需对照结构与生理功能中的定义、对象索引与适用条件","局部与整体 / 组成与状态","局部组织或切片不能无条件代表整个个体或器官。 群体差异可能来自组成与单元状态两方面，技术重复不是独立对象。 结构存在不等于某种功能在该状态下已经被证明。","false"
"anatomy-physiology-11","anatomy-physiology","生理测量","anatomy-physiology-11","direction-case","生理测量研究档案：解剖定位、组织层次与功能状态；结构定位、组织层次与判读条件；细胞组成、功能层次和独立来源；参考依据、重复读数和误差分项。需对照结构与生理功能中的定义、对象索引与适用条件","局部与整体 / 组成与状态","局部组织或切片不能无条件代表整个个体或器官。 群体差异可能来自组成与单元状态两方面，技术重复不是独立对象。 结构存在不等于某种功能在该状态下已经被证明。","false"
"anatomy-physiology-12","anatomy-physiology","医学教学研究","anatomy-physiology-12","direction-case","医学教学研究研究档案：教学任务、学生作答与撤去帮助后的新题；相关领域文献对“解剖定位、组织层次与功能状态”的用语与记录方式；任务目标、辅助条件和延迟表现。需对照的具体条目：目标任务、辅助条件与延迟迁移","表现与学习","当场完成可受辅助影响，撤去帮助后的迁移才回答另一类问题。","false"
"health-policy-1","health-policy","医疗服务政策","health-policy-1","direction-case","医疗服务政策研究档案：服务支付、人员配置与患者路径；目标人群、进入机制和暴露窗口；正式文本、执行条件与被排除的对象。需对照的具体条目：文本目标、执行资源与受影响范围；资格规则、服务供给与未满足需要","样本与目标人群","能进入资料的人不一定代表全部目标人群。 制度覆盖、服务接触与患者获益是不同层次。","false"
"health-policy-2","health-policy","医疗质量","health-policy-2","direction-case","医疗质量研究档案：服务支付、人员配置与患者路径；服务需求、资源容量和实际任务；版本变更、异常记录和失败复核。需对照健康制度与服务实施中的定义、对象索引与适用条件","资源与交付","拥有资源不等于及时交付服务，需求构成会改变评价。 制度覆盖、服务接触与患者获益是不同层次。","false"
"health-policy-3","health-policy","医院管理","health-policy-3","direction-case","医院管理研究档案：服务支付、人员配置与患者路径；服务需求、资源容量和实际任务；正式文本、执行条件与被排除的对象。需对照健康制度与服务实施中的定义、对象索引与适用条件","资源与交付","拥有资源不等于及时交付服务，需求构成会改变评价。 制度覆盖、服务接触与患者获益是不同层次。","false"
"health-policy-4","health-policy","基层健康服务","health-policy-4","direction-case","基层健康服务研究档案：服务支付、人员配置与患者路径；需求、服务资格和未进入服务者。需对照健康制度与服务实施中的定义、对象索引与适用条件","使用与需求","服务使用量受供给和资格影响，不能单独表示需求。 制度覆盖、服务接触与患者获益是不同层次。","false"
"health-policy-5","health-policy","卫生人力","health-policy-5","direction-case","卫生人力研究档案：服务支付、人员配置与患者路径；目标人群、进入机制和暴露窗口。需对照的具体条目：招聘机会、职责变化与人员退出","样本与目标人群","能进入资料的人不一定代表全部目标人群。 制度覆盖、服务接触与患者获益是不同层次。","false"
"health-policy-6","health-policy","健康公平","health-policy-6","direction-case","健康公平研究档案：行动者理由、利益负担与提出异议的记录；相关领域文献对“服务支付、人员配置与患者路径”的用语与记录方式；受益负担、行动理由和申诉机会。需对照健康制度与服务实施中的定义、对象索引与适用条件","描述与规范","多数偏好或事实描述不能独立证成规范结论。","false"
"health-policy-7","health-policy","数字健康治理","health-policy-7","direction-case","数字健康治理研究档案：服务支付、人员配置与患者路径；版本规则、对象索引和使用任务；正式文本、执行条件与被排除的对象。需对照的具体条目：规则来源、执行条件与行动者立场；编码规则、平台入口与不可见记录","记录与对象","记录格式一致不保证对象相同，版本变化必须追溯。 制度覆盖、服务接触与患者获益是不同层次。","false"
"health-policy-8","health-policy","医疗保障","health-policy-8","direction-case","医疗保障研究档案：服务支付、人员配置与患者路径；服务需求、资源容量和实际任务。需对照的具体条目：需求清单、交付节点与资源占用","资源与交付","拥有资源不等于及时交付服务，需求构成会改变评价。 制度覆盖、服务接触与患者获益是不同层次。","false"
"health-policy-9","health-policy","卫生服务评价","health-policy-9","direction-case","卫生服务评价研究档案：服务支付、人员配置与患者路径；需求、服务资格和未进入服务者；目标人群、进入机制和暴露窗口。需对照的具体条目：服务资格、实际交付与未获服务者","使用与需求 / 样本与目标人群","服务使用量受供给和资格影响，不能单独表示需求。 能进入资料的人不一定代表全部目标人群。 制度覆盖、服务接触与患者获益是不同层次。","false"
"health-policy-10","health-policy","患者体验","health-policy-10","direction-case","患者体验研究档案：服务支付、人员配置与患者路径；计划、实施与患者本人或代理报告；条目版本、填答者和缺失项。需对照健康制度与服务实施中的定义、对象索引与适用条件","交付与体验 / 分数与体验","安排好的措施不等于实施，代理报告不等于患者本人体验。 代理填答、版本变化和缺失会改变总分的含义。 制度覆盖、服务接触与患者获益是不同层次。","false"
"health-policy-11","health-policy","照护整合","health-policy-11","direction-case","照护整合研究档案：服务支付、人员配置与患者路径；计划、实施与患者本人或代理报告。需对照的具体条目：实施时间线、交接信息与本人报告；来源映射、重叠对象与桥接假设","交付与体验","安排好的措施不等于实施，代理报告不等于患者本人体验。 制度覆盖、服务接触与患者获益是不同层次。","false"
"health-policy-12","health-policy","政策执行研究","health-policy-12","direction-case","政策执行研究研究档案：服务支付、人员配置与患者路径；目标人群、进入机制和暴露窗口；正式文本、执行条件与被排除的对象。需对照的具体条目：文本目标、执行资源与受影响范围；资源到位、执行环节与实际覆盖","样本与目标人群","能进入资料的人不一定代表全部目标人群。 制度覆盖、服务接触与患者获益是不同层次。","false"
"medical-immunology-1","medical-immunology","免疫细胞资料","medical-immunology-1","direction-case","免疫细胞资料研究档案：细胞组成、免疫标志与组织背景；细胞组成、活化标志与组织状态；鉴定可靠性、分子丰度与功能资料；不同层次的读数、背景条件和相反趋势。需对照免疫状态与组织语境中的定义、对象索引与适用条件","标志与功能 / 丰度与过程","标志强度、细胞比例和功能响应不同，单项不能概括整个系统。 丰度变化不自动代表功能、流量或作用方向变化。 免疫标志与细胞比例变化不能直接等同整体免疫功能。","false"
"medical-immunology-2","medical-immunology","免疫与衰老","medical-immunology-2","direction-case","免疫与衰老研究档案：细胞组成、免疫标志与组织背景；细胞组成、活化标志与组织状态；功能储备、年龄及照护需要。需对照免疫状态与组织语境中的定义、对象索引与适用条件","标志与功能 / 年龄与功能储备","标志强度、细胞比例和功能响应不同，单项不能概括整个系统。 同年龄的人可具有不同功能及适应能力，年龄不是完整机制解释。 免疫标志与细胞比例变化不能直接等同整体免疫功能。","false"
"medical-immunology-3","medical-immunology","自身免疫资料","medical-immunology-3","direction-case","自身免疫资料研究档案：细胞组成、免疫标志与组织背景；细胞组成、活化标志与组织状态。需对照的具体条目：自身反应标志、活动状态与器官表现","标志与功能","标志强度、细胞比例和功能响应不同，单项不能概括整个系统。 免疫标志与细胞比例变化不能直接等同整体免疫功能。","false"
"medical-immunology-4","medical-immunology","肿瘤免疫资料","medical-immunology-4","direction-case","肿瘤免疫资料研究档案：细胞组成、免疫标志与组织背景；细胞组成、活化标志与组织状态；病灶变化、分期与患者功能的对照。需对照的具体条目：分型、对象进入与患者结局窗口","标志与功能 / 病灶与患者结局","标志强度、细胞比例和功能响应不同，单项不能概括整个系统。 病灶指标变化与生存或生活功能是不同层次。 免疫标志与细胞比例变化不能直接等同整体免疫功能。","false"
"medical-immunology-5","medical-immunology","组织免疫","medical-immunology-5","direction-case","组织免疫研究档案：细胞组成、免疫标志与组织背景；细胞组成、活化标志与组织状态；结构定位、组织层次与判读条件；正式文本、执行条件与被排除的对象。需对照的具体条目：角色分工、资源联系与实际协调","标志与功能 / 局部与整体","标志强度、细胞比例和功能响应不同，单项不能概括整个系统。 局部组织或切片不能无条件代表整个个体或器官。 免疫标志与细胞比例变化不能直接等同整体免疫功能。","false"
"medical-immunology-6","medical-immunology","免疫代谢","medical-immunology-6","direction-case","免疫代谢研究档案：细胞组成、免疫标志与组织背景；激素或代谢时序与状态分层；细胞组成、活化标志与组织状态。需对照免疫状态与组织语境中的定义、对象索引与适用条件","反馈与时序 / 标志与功能","反馈系统中的单一时点可错过相位变化，不能完整代表动态状态。 标志强度、细胞比例和功能响应不同，单项不能概括整个系统。 免疫标志与细胞比例变化不能直接等同整体免疫功能。","false"
"medical-immunology-7","medical-immunology","免疫遗传","medical-immunology-7","direction-case","免疫遗传研究档案：细胞组成、免疫标志与组织背景；细胞组成、活化标志与组织状态；参考版本、来源关系与变异表型对应；不同层次的读数、背景条件和相反趋势。需对照免疫状态与组织语境中的定义、对象索引与适用条件","标志与功能 / 关联与功能解释","标志强度、细胞比例和功能响应不同，单项不能概括整个系统。 共同变化或共分离提供线索，但不能独立证明因果及个体结局。 免疫标志与细胞比例变化不能直接等同整体免疫功能。","false"
"medical-immunology-8","medical-immunology","免疫组学","medical-immunology-8","direction-case","免疫组学研究档案：细胞组成、免疫标志与组织背景；细胞组成、活化标志与组织状态；鉴定可靠性、分子丰度与功能资料。需对照免疫状态与组织语境中的定义、对象索引与适用条件","标志与功能 / 丰度与过程","标志强度、细胞比例和功能响应不同，单项不能概括整个系统。 丰度变化不自动代表功能、流量或作用方向变化。 免疫标志与细胞比例变化不能直接等同整体免疫功能。","false"
"medical-immunology-9","medical-immunology","免疫测量一致性","medical-immunology-9","direction-case","免疫测量一致性研究档案：细胞组成、免疫标志与组织背景；细胞组成、活化标志与组织状态；参考依据、重复读数和误差分项。需对照的具体条目：成对记录、判读分歧与总体口径","标志与功能","标志强度、细胞比例和功能响应不同，单项不能概括整个系统。 免疫标志与细胞比例变化不能直接等同整体免疫功能。","false"
"medical-immunology-10","medical-immunology","免疫相关队列","medical-immunology-10","direction-case","免疫相关队列研究档案：细胞组成、免疫标志与组织背景；细胞组成、活化标志与组织状态；进入时点、结局定义和失访去向；进入资格、观察窗口和退出去向。需对照的具体条目：对象进入时点、重复观察与失访去向","标志与功能 / 观察与结局","标志强度、细胞比例和功能响应不同，单项不能概括整个系统。 失去联系不能当成没有事件，观察时间不同也影响结局比较。 免疫标志与细胞比例变化不能直接等同整体免疫功能。","false"
"medical-immunology-11","medical-immunology","免疫资料整合","medical-immunology-11","direction-case","免疫资料整合研究档案：细胞组成、免疫标志与组织背景；细胞组成、活化标志与组织状态。需对照的具体条目：来源映射、重叠对象与桥接假设","标志与功能","标志强度、细胞比例和功能响应不同，单项不能概括整个系统。 免疫标志与细胞比例变化不能直接等同整体免疫功能。","false"
"medical-immunology-12","medical-immunology","免疫教学研究","medical-immunology-12","direction-case","免疫教学研究研究档案：教学任务、学生作答与撤去帮助后的新题；相关领域文献对“细胞组成、免疫标志与组织背景”的用语与记录方式；任务目标、辅助条件和延迟表现。需对照的具体条目：目标任务、辅助条件与延迟迁移","表现与学习","当场完成可受辅助影响，撤去帮助后的迁移才回答另一类问题。","false"
"medical-microbiology-1","medical-microbiology","公开微生物组资料","medical-microbiology-1","direction-case","公开微生物组资料研究档案：群落组成、测序来源与公开注释；公开组成表、注释版本与绝对量边界；细胞组成、功能层次和独立来源。需对照的具体条目：组成口径、注释数据库与对象来源；公开来源、原始定义与处理版本","相对与绝对数量 / 组成与状态","相对丰度会上下联动，一个类别比例升高不证明绝对数量升高。 群体差异可能来自组成与单元状态两方面，技术重复不是独立对象。 相对丰度变化不独立证明绝对数量及宿主作用变化。","false"
"medical-microbiology-2","medical-microbiology","微生物生态","medical-microbiology-2","direction-case","微生物生态研究档案：群落组成、测序来源与公开注释；公开组成表、注释版本与绝对量边界；细胞组成、功能层次和独立来源。需对照的具体条目：环境背景、群落关系与观察覆盖","相对与绝对数量 / 组成与状态","相对丰度会上下联动，一个类别比例升高不证明绝对数量升高。 群体差异可能来自组成与单元状态两方面，技术重复不是独立对象。 相对丰度变化不独立证明绝对数量及宿主作用变化。","false"
"medical-microbiology-3","medical-microbiology","宿主关联资料","medical-microbiology-3","direction-case","宿主关联资料研究档案：群落组成、测序来源与公开注释；公开组成表、注释版本与绝对量边界。需对照的具体条目：宿主索引、背景状态与关联方向","相对与绝对数量","相对丰度会上下联动，一个类别比例升高不证明绝对数量升高。 相对丰度变化不独立证明绝对数量及宿主作用变化。","false"
"medical-microbiology-4","medical-microbiology","微生物组统计","medical-microbiology-4","direction-case","微生物组统计研究档案：群落组成、测序来源与公开注释；公开组成表、注释版本与绝对量边界；细胞组成、功能层次和独立来源。需对照的具体条目：组成口径、注释数据库与对象来源；独立来源、组成约束与多重比较","相对与绝对数量 / 组成与状态","相对丰度会上下联动，一个类别比例升高不证明绝对数量升高。 群体差异可能来自组成与单元状态两方面，技术重复不是独立对象。 相对丰度变化不独立证明绝对数量及宿主作用变化。","false"
"medical-microbiology-5","medical-microbiology","微生物组质量","medical-microbiology-5","direction-case","微生物组质量研究档案：群落组成、测序来源与公开注释；公开组成表、注释版本与绝对量边界；细胞组成、功能层次和独立来源；版本变更、异常记录和失败复核。需对照的具体条目：组成口径、注释数据库与对象来源","相对与绝对数量 / 组成与状态","相对丰度会上下联动，一个类别比例升高不证明绝对数量升高。 群体差异可能来自组成与单元状态两方面，技术重复不是独立对象。 相对丰度变化不独立证明绝对数量及宿主作用变化。","false"
"medical-microbiology-6","medical-microbiology","微生物组与营养","medical-microbiology-6","direction-case","微生物组与营养研究档案：群落组成、测序来源与公开注释；公开组成表、注释版本与绝对量边界；组成、摄入及整体模式的分别记录；计量单位、时间窗口和未计入的投入。需对照的具体条目：组成口径、注释数据库与对象来源","相对与绝对数量 / 组成与实际摄入","相对丰度会上下联动，一个类别比例升高不证明绝对数量升高。 成分丰富不代表摄入足够，实际摄入又不等于长期健康结果。 相对丰度变化不独立证明绝对数量及宿主作用变化。","false"
"medical-microbiology-7","medical-microbiology","微生物组与慢性病","medical-microbiology-7","direction-case","微生物组与慢性病研究档案：群落组成、测序来源与公开注释；公开组成表、注释版本与绝对量边界；细胞组成、功能层次和独立来源。需对照的具体条目：组成口径、注释数据库与对象来源；病程定义、持续暴露与选择背景","相对与绝对数量 / 组成与状态","相对丰度会上下联动，一个类别比例升高不证明绝对数量升高。 群体差异可能来自组成与单元状态两方面，技术重复不是独立对象。 相对丰度变化不独立证明绝对数量及宿主作用变化。","false"
"medical-microbiology-8","medical-microbiology","数据库注释比较","medical-microbiology-8","direction-case","数据库注释比较研究档案：群落组成、测序来源与公开注释；版本规则、对象索引和使用任务；各方定义、资料来源和桥接规则。需对照的具体条目：事务交错、读写语义与恢复状态","记录与对象","记录格式一致不保证对象相同，版本变化必须追溯。 相对丰度变化不独立证明绝对数量及宿主作用变化。","false"
"medical-microbiology-9","medical-microbiology","资料版本管理","medical-microbiology-9","direction-case","资料版本管理研究档案：群落组成、测序来源与公开注释；版本规则、对象索引和使用任务；正式文本、执行条件与被排除的对象。需对照的具体条目：底本出处、修订层次与引用位置","记录与对象","记录格式一致不保证对象相同，版本变化必须追溯。 相对丰度变化不独立证明绝对数量及宿主作用变化。","false"
"medical-microbiology-10","medical-microbiology","公开数据复现","medical-microbiology-10","direction-case","公开数据复现研究档案：群落组成、测序来源与公开注释；版本规则、对象索引和使用任务；版本变更、异常记录和失败复核。需对照的具体条目：原始版本、偏离记录与失败尝试","记录与对象","记录格式一致不保证对象相同，版本变化必须追溯。 相对丰度变化不独立证明绝对数量及宿主作用变化。","false"
"medical-microbiology-11","medical-microbiology","群落结构解释","medical-microbiology-11","direction-case","群落结构解释研究档案：群落组成、测序来源与公开注释；公开组成表、注释版本与绝对量边界。需对照的具体条目：相对组成、距离定义与来源差异","相对与绝对数量","相对丰度会上下联动，一个类别比例升高不证明绝对数量升高。 相对丰度变化不独立证明绝对数量及宿主作用变化。","false"
"medical-microbiology-12","medical-microbiology","微生物学教学","medical-microbiology-12","direction-case","微生物学教学研究档案：教学任务、学生作答与撤去帮助后的新题；相关领域文献对“群落组成、测序来源与公开注释”的用语与记录方式；任务目标、辅助条件和延迟表现。需对照的具体条目：目标任务、辅助条件与延迟迁移","表现与学习","当场完成可受辅助影响，撤去帮助后的迁移才回答另一类问题。","false"
"medical-biochemistry-1","medical-biochemistry","代谢通路资料","medical-biochemistry-1","direction-case","代谢通路资料研究档案：分子鉴定、丰度与代谢网络；激素或代谢时序与状态分层。需对照分子代谢与测量中的定义、对象索引与适用条件","反馈与时序","反馈系统中的单一时点可错过相位变化，不能完整代表动态状态。 分子丰度变化不直接说明代谢通量和反应方向。","false"
"medical-biochemistry-2","medical-biochemistry","蛋白质资料","medical-biochemistry-2","direction-case","蛋白质资料研究档案：分子鉴定、丰度与代谢网络；鉴定可靠性、分子丰度与功能资料；细胞组成、功能层次和独立来源。需对照的具体条目：鉴定置信度、分子形式与功能资料","丰度与过程 / 组成与状态","丰度变化不自动代表功能、流量或作用方向变化。 群体差异可能来自组成与单元状态两方面，技术重复不是独立对象。 分子丰度变化不直接说明代谢通量和反应方向。","false"
"medical-biochemistry-3","medical-biochemistry","分子测量一致性","medical-biochemistry-3","direction-case","分子测量一致性研究档案：分子鉴定、丰度与代谢网络；鉴定可靠性、分子丰度与功能资料；细胞组成、功能层次和独立来源；参考依据、重复读数和误差分项。需对照的具体条目：成对记录、判读分歧与总体口径","丰度与过程 / 组成与状态","丰度变化不自动代表功能、流量或作用方向变化。 群体差异可能来自组成与单元状态两方面，技术重复不是独立对象。 分子丰度变化不直接说明代谢通量和反应方向。","false"
"medical-biochemistry-4","medical-biochemistry","代谢组资料","medical-biochemistry-4","direction-case","代谢组资料研究档案：分子鉴定、丰度与代谢网络；激素或代谢时序与状态分层；鉴定可靠性、分子丰度与功能资料。需对照分子代谢与测量中的定义、对象索引与适用条件","反馈与时序 / 丰度与过程","反馈系统中的单一时点可错过相位变化，不能完整代表动态状态。 丰度变化不自动代表功能、流量或作用方向变化。 分子丰度变化不直接说明代谢通量和反应方向。","false"
"medical-biochemistry-5","medical-biochemistry","蛋白组资料","medical-biochemistry-5","direction-case","蛋白组资料研究档案：分子鉴定、丰度与代谢网络；鉴定可靠性、分子丰度与功能资料；细胞组成、功能层次和独立来源。需对照的具体条目：覆盖范围、批次映射、鉴定置信度与鉴定缺失","丰度与过程 / 组成与状态","丰度变化不自动代表功能、流量或作用方向变化。 群体差异可能来自组成与单元状态两方面，技术重复不是独立对象。 分子丰度变化不直接说明代谢通量和反应方向。","false"
"medical-biochemistry-6","medical-biochemistry","分子结构解释","medical-biochemistry-6","direction-case","分子结构解释研究档案：分子鉴定、丰度与代谢网络；鉴定可靠性、分子丰度与功能资料；细胞组成、功能层次和独立来源；不同层次的读数、背景条件和相反趋势。需对照的具体条目：结构版本、状态假设与作用条件","丰度与过程 / 组成与状态","丰度变化不自动代表功能、流量或作用方向变化。 群体差异可能来自组成与单元状态两方面，技术重复不是独立对象。 分子丰度变化不直接说明代谢通量和反应方向。","false"
"medical-biochemistry-7","medical-biochemistry","分子与疾病关联","medical-biochemistry-7","direction-case","分子与疾病关联研究档案：分子鉴定、丰度与代谢网络；鉴定可靠性、分子丰度与功能资料；细胞组成、功能层次和独立来源；不同层次的读数、背景条件和相反趋势。需对照的具体条目：疾病定义、对象选择与替代解释","丰度与过程 / 组成与状态","丰度变化不自动代表功能、流量或作用方向变化。 群体差异可能来自组成与单元状态两方面，技术重复不是独立对象。 分子丰度变化不直接说明代谢通量和反应方向。","false"
"medical-biochemistry-8","medical-biochemistry","生化数据库","medical-biochemistry-8","direction-case","生化数据库研究档案：分子鉴定、丰度与代谢网络；鉴定可靠性、分子丰度与功能资料；版本规则、对象索引和使用任务。需对照的具体条目：事务交错、读写语义与恢复状态","丰度与过程 / 记录与对象","丰度变化不自动代表功能、流量或作用方向变化。 记录格式一致不保证对象相同，版本变化必须追溯。 分子丰度变化不直接说明代谢通量和反应方向。","false"
"medical-biochemistry-9","medical-biochemistry","生化影像资料","medical-biochemistry-9","direction-case","生化影像资料研究档案：分子鉴定、丰度与代谢网络；鉴定可靠性、分子丰度与功能资料；个体索引、图像条件和判读分歧。需对照的具体条目：来源索引、采集条件与判读分歧","丰度与过程 / 图像与个体","丰度变化不自动代表功能、流量或作用方向变化。 一个人的多幅图像不构成多个独立患者，图像性能不等于患者获益。 分子丰度变化不直接说明代谢通量和反应方向。","false"
"medical-biochemistry-10","medical-biochemistry","公开资料复现","medical-biochemistry-10","direction-case","公开资料复现研究档案：分子鉴定、丰度与代谢网络；目标比较、资料进入和记录变化；版本变更、异常记录和失败复核。需对照的具体条目：原始版本、偏离记录与失败尝试","健康与记录","记录量改变可能来自检测或服务，不能独立证明健康改变。 分子丰度变化不直接说明代谢通量和反应方向。","false"
"medical-biochemistry-11","medical-biochemistry","生化研究设计","medical-biochemistry-11","direction-case","生化研究设计研究档案：分子鉴定、丰度与代谢网络；鉴定可靠性、分子丰度与功能资料；任务路径、迭代版本和错误恢复记录。需对照分子代谢与测量中的定义、对象索引与适用条件","丰度与过程","丰度变化不自动代表功能、流量或作用方向变化。 分子丰度变化不直接说明代谢通量和反应方向。","false"
"medical-biochemistry-12","medical-biochemistry","生化教学研究","medical-biochemistry-12","direction-case","生化教学研究研究档案：教学任务、学生作答与撤去帮助后的新题；相关领域文献对“分子鉴定、丰度与代谢网络”的用语与记录方式；任务目标、辅助条件和延迟表现。需对照的具体条目：目标任务、辅助条件与延迟迁移","表现与学习","当场完成可受辅助影响，撤去帮助后的迁移才回答另一类问题。","false"
"epidemiology-1","epidemiology","慢性病流行病学","epidemiology-1","direction-case","慢性病流行病学研究档案：人群分母、暴露定义与随访起点；目标人群、进入机制和暴露窗口。需对照的具体条目：目标人群、进入资料与风险分母","样本与目标人群","能进入资料的人不一定代表全部目标人群。 风险比较需要共同资格及时间起点，关联不独立证明因果。","false"
"epidemiology-2","epidemiology","心血管流行病学","epidemiology-2","direction-case","心血管流行病学研究档案：人群分母、暴露定义与随访起点；心脏负荷与功能的并列记录；目标人群、进入机制和暴露窗口。需对照的具体条目：目标人群、进入资料与风险分母","负荷依赖 / 样本与目标人群","功能读数可随前后负荷改变，不独立说明收缩机制。 能进入资料的人不一定代表全部目标人群。 风险比较需要共同资格及时间起点，关联不独立证明因果。","false"
"epidemiology-3","epidemiology","肿瘤流行病学","epidemiology-3","direction-case","肿瘤流行病学研究档案：人群分母、暴露定义与随访起点；病灶变化、分期与患者功能的对照；目标人群、进入机制和暴露窗口。需对照的具体条目：分型、对象进入与患者结局窗口；目标人群、进入资料与风险分母","病灶与患者结局 / 样本与目标人群","病灶指标变化与生存或生活功能是不同层次。 能进入资料的人不一定代表全部目标人群。 风险比较需要共同资格及时间起点，关联不独立证明因果。","false"
"epidemiology-4","epidemiology","环境流行病学","epidemiology-4","direction-case","环境流行病学研究档案：人群分母、暴露定义与随访起点；目标人群、进入机制和暴露窗口。需对照的具体条目：目标人群、进入资料与风险分母；暴露分配、时间窗与混杂背景","样本与目标人群","能进入资料的人不一定代表全部目标人群。 风险比较需要共同资格及时间起点，关联不独立证明因果。","false"
"epidemiology-5","epidemiology","营养流行病学","epidemiology-5","direction-case","营养流行病学研究档案：人群分母、暴露定义与随访起点；组成、摄入及整体模式的分别记录；成分、实际摄入和感官任务条件；计量单位、时间窗口和未计入的投入。需对照的具体条目：目标人群、进入资料与风险分母","组成与实际摄入 / 品质与接受","成分丰富不代表摄入足够，实际摄入又不等于长期健康结果。 成分或仪器指标不能完整代替实际摄入和感官接受。 风险比较需要共同资格及时间起点，关联不独立证明因果。","false"
"epidemiology-6","epidemiology","生命历程","epidemiology-6","direction-case","生命历程研究档案：人群分母、暴露定义与随访起点；阶段界限、相关对象和进入机会。需对照人群暴露与健康事件中的定义、对象索引与适用条件","阶段与历程","不同阶段的人不能只按年龄平均数视为同一历程。 风险比较需要共同资格及时间起点，关联不独立证明因果。","false"
"epidemiology-7","epidemiology","遗传流行病学","epidemiology-7","direction-case","遗传流行病学研究档案：人群分母、暴露定义与随访起点；参考版本、来源关系与变异表型对应；目标人群、进入机制和暴露窗口；不同层次的读数、背景条件和相反趋势。需对照的具体条目：目标人群、进入资料与风险分母","关联与功能解释 / 样本与目标人群","共同变化或共分离提供线索，但不能独立证明因果及个体结局。 能进入资料的人不一定代表全部目标人群。 风险比较需要共同资格及时间起点，关联不独立证明因果。","false"
"epidemiology-8","epidemiology","临床流行病学","epidemiology-8","direction-case","临床流行病学研究档案：人群分母、暴露定义与随访起点；目标人群、进入机制和暴露窗口。需对照的具体条目：目标人群、进入资料与风险分母；入组资格、诊疗选择与结局口径","样本与目标人群","能进入资料的人不一定代表全部目标人群。 风险比较需要共同资格及时间起点，关联不独立证明因果。","false"
"epidemiology-9","epidemiology","社会流行病学","epidemiology-9","direction-case","社会流行病学研究档案：人群分母、暴露定义与随访起点；目标人群、进入机制和暴露窗口。需对照的具体条目：目标人群、进入资料与风险分母；社会位置、资源机会与人群分母","样本与目标人群","能进入资料的人不一定代表全部目标人群。 风险比较需要共同资格及时间起点，关联不独立证明因果。","false"
"epidemiology-10","epidemiology","药物流行病学","epidemiology-10","direction-case","药物流行病学研究档案：人群分母、暴露定义与随访起点；来源、暴露及作用层次的分别资料；目标人群、进入机制和暴露窗口。需对照的具体条目：目标人群、进入资料与风险分母","暴露与作用 / 样本与目标人群","记录暴露或传统使用不自动证明药效或临床获益。 能进入资料的人不一定代表全部目标人群。 风险比较需要共同资格及时间起点，关联不独立证明因果。","false"
"epidemiology-11","epidemiology","因果推断方法","epidemiology-11","direction-case","因果推断方法研究档案：人群分母、暴露定义与随访起点；干预时间、比较资格和同期变化；比较资格、干预前趋势和同期冲击。需对照的具体条目：目标比较、干预起点与选择机制；输入要求、适用前提与方法失败条件","差异与因果","观察差异也可能来自选择和同期变化，需额外识别依据。 风险比较需要共同资格及时间起点，关联不独立证明因果。","false"
"epidemiology-12","epidemiology","队列与登记","epidemiology-12","direction-case","队列与登记研究档案：人群分母、暴露定义与随访起点；进入时点、结局定义和失访去向；进入资格、观察窗口和退出去向。需对照的具体条目：对象进入时点、重复观察与失访去向；登记入口、覆盖分母与重复记录","观察与结局","失去联系不能当成没有事件，观察时间不同也影响结局比较。 风险比较需要共同资格及时间起点，关联不独立证明因果。","false"
"health-economics-1","health-economics","成本效果研究","health-economics-1","direction-case","成本效果研究研究档案：效果来源、效用口径与成本时期；评价视角、成本条目和健康结果；计量单位、时间窗口和未计入的投入。需对照的具体条目：增量成本、健康结果与评价视角","视角与成本","医院节省可能把负担转移给家庭，评价视角必须说明。 价值评价依赖比较方案、视角和时间范围。","false"
"health-economics-2","health-economics","卫生资源配置","health-economics-2","direction-case","卫生资源配置研究档案：效果来源、效用口径与成本时期；目标人群、进入机制和暴露窗口；计量单位、时间窗口和未计入的投入。需对照的具体条目：分配目标、机会成本与未满足需求","样本与目标人群","能进入资料的人不一定代表全部目标人群。 价值评价依赖比较方案、视角和时间范围。","false"
"health-economics-3","health-economics","健康效用","health-economics-3","direction-case","健康效用研究档案：效果来源、效用口径与成本时期；评价视角、成本条目和健康结果。需对照的具体条目：评价工具、偏好来源与时间范围","视角与成本","医院节省可能把负担转移给家庭，评价视角必须说明。 价值评价依赖比较方案、视角和时间范围。","false"
"health-economics-4","health-economics","医疗支付","health-economics-4","direction-case","医疗支付研究档案：效果来源、效用口径与成本时期；评价视角、成本条目和健康结果。需对照的具体条目：支付规则、服务行为与负担归属","视角与成本","医院节省可能把负担转移给家庭，评价视角必须说明。 价值评价依赖比较方案、视角和时间范围。","false"
"health-economics-5","health-economics","医疗保障评价","health-economics-5","direction-case","医疗保障评价研究档案：效果来源、效用口径与成本时期；服务需求、资源容量和实际任务。需对照的具体条目：需求清单、交付节点与资源占用","资源与交付","拥有资源不等于及时交付服务，需求构成会改变评价。 价值评价依赖比较方案、视角和时间范围。","false"
"health-economics-6","health-economics","药物经济学","health-economics-6","direction-case","药物经济学研究档案：效果来源、效用口径与成本时期；来源、暴露及作用层次的分别资料；计量单位、时间窗口和未计入的投入。需对照健康价值与资源取舍中的定义、对象索引与适用条件","暴露与作用","记录暴露或传统使用不自动证明药效或临床获益。 价值评价依赖比较方案、视角和时间范围。","false"
"health-economics-7","health-economics","照护经济学","health-economics-7","direction-case","照护经济学研究档案：效果来源、效用口径与成本时期；计划、实施与患者本人或代理报告；计量单位、时间窗口和未计入的投入。需对照的具体条目：实施时间线、交接信息与本人报告","交付与体验","安排好的措施不等于实施，代理报告不等于患者本人体验。 价值评价依赖比较方案、视角和时间范围。","false"
"health-economics-8","health-economics","健康公平与经济","health-economics-8","direction-case","健康公平与经济研究档案：行动者理由、利益负担与提出异议的记录；相关领域文献对“效果来源、效用口径与成本时期”的用语与记录方式；受益负担、行动理由和申诉机会。需对照健康价值与资源取舍中的定义、对象索引与适用条件","描述与规范","多数偏好或事实描述不能独立证成规范结论。","false"
"health-economics-9","health-economics","预算影响","health-economics-9","direction-case","预算影响研究档案：效果来源、效用口径与成本时期；评价视角、成本条目和健康结果；计量单位、时间窗口和未计入的投入。需对照的具体条目：覆盖人数、采用率与预算时间","视角与成本","医院节省可能把负担转移给家庭，评价视角必须说明。 价值评价依赖比较方案、视角和时间范围。","false"
"health-economics-10","health-economics","卫生服务需求","health-economics-10","direction-case","卫生服务需求研究档案：效果来源、效用口径与成本时期；目标人群、进入机制和暴露窗口；计量单位、时间窗口和未计入的投入。需对照的具体条目：潜在需要、服务门槛与实际使用","样本与目标人群","能进入资料的人不一定代表全部目标人群。 价值评价依赖比较方案、视角和时间范围。","false"
"health-economics-11","health-economics","长期经济结局","health-economics-11","direction-case","长期经济结局研究档案：效果来源、效用口径与成本时期；进入时点、结局定义和失访去向；进入资格、观察窗口和退出去向。需对照的具体条目：结局事件、观察起点与判定口径","观察与结局","失去联系不能当成没有事件，观察时间不同也影响结局比较。 价值评价依赖比较方案、视角和时间范围。","false"
"health-economics-12","health-economics","决策模型","health-economics-12","direction-case","决策模型研究档案：效果来源、效用口径与成本时期；评价视角、成本条目和健康结果；参数出处、边界条件和独立检验情境。需对照的具体条目：可得方案、判断时点与约束依据","视角与成本","医院节省可能把负担转移给家庭，评价视角必须说明。 价值评价依赖比较方案、视角和时间范围。","false"
"clinical-pharmacology-1","clinical-pharmacology","药物结局研究","clinical-pharmacology-1","case","比较人群、用药起点和结局随访","暴露与作用 / 观察与结局","记录暴露或传统使用不自动证明药效或临床获益。 失去联系不能当成没有事件，观察时间不同也影响结局比较。 处方、配药和真实使用不是同一种暴露记录。","false"
"clinical-pharmacology-2","clinical-pharmacology","真实世界药物资料","clinical-pharmacology-2","case","处方、配药、使用与适应证资料","暴露与作用","记录暴露或传统使用不自动证明药效或临床获益。 处方、配药和真实使用不是同一种暴露记录。","false"
"clinical-pharmacology-3","clinical-pharmacology","药物安全资料","clinical-pharmacology-3","case","事件定义、暴露窗口和报告来源","暴露与作用","记录暴露或传统使用不自动证明药效或临床获益。 处方、配药和真实使用不是同一种暴露记录。","false"
"clinical-pharmacology-4","clinical-pharmacology","药物使用评价","clinical-pharmacology-4","case","适应证、使用流程与评价标准版本","暴露与作用","记录暴露或传统使用不自动证明药效或临床获益。 处方、配药和真实使用不是同一种暴露记录。","false"
"clinical-pharmacology-5","clinical-pharmacology","临床药代动力学","clinical-pharmacology-5","case","采样时点、暴露资料和协变量","暴露与作用 / 强度与寿命","记录暴露或传统使用不自动证明药效或临床获益。 静态强度不能独立代替循环载荷下的寿命评价。 处方、配药和真实使用不是同一种暴露记录。","false"
"clinical-pharmacology-6","clinical-pharmacology","药物基因组学","clinical-pharmacology-6","case","基因型、祖源、暴露和反应资料","丰度与过程 / 暴露与作用","丰度变化不自动代表功能、流量或作用方向变化。 记录暴露或传统使用不自动证明药效或临床获益。 处方、配药和真实使用不是同一种暴露记录。","false"
"clinical-pharmacology-7","clinical-pharmacology","药物相互作用研究","clinical-pharmacology-7","case","合并使用时间、处置信息和反应资料","暴露与作用","记录暴露或传统使用不自动证明药效或临床获益。 处方、配药和真实使用不是同一种暴露记录。","false"
"clinical-pharmacology-8","clinical-pharmacology","特殊人群临床药理","clinical-pharmacology-8","case","人群状态、暴露与可观察结局","暴露与作用 / 暴露与适应","记录暴露或传统使用不自动证明药效或临床获益。 同样环境读数可对应不同适应阶段，观察必须联系任务负荷。 处方、配药和真实使用不是同一种暴露记录。","false"
"clinical-pharmacology-9","clinical-pharmacology","药物经济评价","clinical-pharmacology-9","case","临床效果来源、成本与效用假设","暴露与作用","记录暴露或传统使用不自动证明药效或临床获益。 处方、配药和真实使用不是同一种暴露记录。","false"
"clinical-pharmacology-10","clinical-pharmacology","患者用药体验","clinical-pharmacology-10","case","患者原话、报告者与用药过程","暴露与作用 / 分数与体验","记录暴露或传统使用不自动证明药效或临床获益。 代理填答、版本变化和缺失会改变总分的含义。 处方、配药和真实使用不是同一种暴露记录。","false"
"clinical-pharmacology-11","clinical-pharmacology","临床药理研究设计","clinical-pharmacology-11","case","研究对象、比较方案和终点定义","暴露与作用","记录暴露或传统使用不自动证明药效或临床获益。 处方、配药和真实使用不是同一种暴露记录。","false"
"clinical-pharmacology-12","clinical-pharmacology","药物资料质控","clinical-pharmacology-12","case","来源字典、时间轴与缺失原因","暴露与作用","记录暴露或传统使用不自动证明药效或临床获益。 处方、配药和真实使用不是同一种暴露记录。","false"
"forensic-medicine-1","forensic-medicine","法医病理资料","forensic-medicine-1","direction-case","法医病理资料研究档案：公开鉴定资料、观察条件与推断范围；结构定位、组织层次与判读条件；细胞组成、功能层次和独立来源；不同层次的读数、背景条件和相反趋势。需对照法医学记录与推断中的定义、对象索引与适用条件","局部与整体 / 组成与状态","局部组织或切片不能无条件代表整个个体或器官。 群体差异可能来自组成与单元状态两方面，技术重复不是独立对象。 观察相符不等于唯一解释，鉴定需要明确不确定性。","false"
"forensic-medicine-2","forensic-medicine","法医临床资料","forensic-medicine-2","direction-case","法医临床资料研究档案：公开鉴定资料、观察条件与推断范围；术语定义、资料出处和可支持推断。需对照的具体条目：临床观察、时间关系与可支持推断","相符与唯一解释","资料相符不等于只有一种解释，术语对应不等于机制一致。 观察相符不等于唯一解释，鉴定需要明确不确定性。","false"
"forensic-medicine-3","forensic-medicine","法医毒理资料","forensic-medicine-3","direction-case","法医毒理资料研究档案：公开鉴定资料、观察条件与推断范围；物种或模型、暴露和作用终点；术语定义、资料出处和可支持推断。需对照法医学记录与推断中的定义、对象索引与适用条件","模型与人体 / 相符与唯一解释","模型中的作用、计算评分和患者获益是不同证据层次。 资料相符不等于只有一种解释，术语对应不等于机制一致。 观察相符不等于唯一解释，鉴定需要明确不确定性。","false"
"forensic-medicine-4","forensic-medicine","法医遗传资料","forensic-medicine-4","direction-case","法医遗传资料研究档案：公开鉴定资料、观察条件与推断范围；参考版本、来源关系与变异表型对应；术语定义、资料出处和可支持推断；不同层次的读数、背景条件和相反趋势。需对照法医学记录与推断中的定义、对象索引与适用条件","关联与功能解释 / 相符与唯一解释","共同变化或共分离提供线索，但不能独立证明因果及个体结局。 资料相符不等于只有一种解释，术语对应不等于机制一致。 观察相符不等于唯一解释，鉴定需要明确不确定性。","false"
"forensic-medicine-5","forensic-medicine","法医物证资料","forensic-medicine-5","direction-case","法医物证资料研究档案：公开鉴定资料、观察条件与推断范围；术语定义、资料出处和可支持推断。需对照的具体条目：物证来源、保全记录与同一性判断","相符与唯一解释","资料相符不等于只有一种解释，术语对应不等于机制一致。 观察相符不等于唯一解释，鉴定需要明确不确定性。","false"
"forensic-medicine-6","forensic-medicine","法医精神资料","forensic-medicine-6","direction-case","法医精神资料研究档案：公开鉴定资料、观察条件与推断范围；状态时段、功能负担和报告来源；术语定义、资料出处和可支持推断。需对照法医学记录与推断中的定义、对象索引与适用条件","症状与生活功能 / 相符与唯一解释","症状量表变化不等于所有生活功能恢复，报告来源也影响比较。 资料相符不等于只有一种解释，术语对应不等于机制一致。 观察相符不等于唯一解释，鉴定需要明确不确定性。","false"
"forensic-medicine-7","forensic-medicine","证据来源核对","forensic-medicine-7","direction-case","证据来源核对研究档案：公开鉴定资料、观察条件与推断范围；术语定义、资料出处和可支持推断。需对照的具体条目：出处链、交接节点与缺口","相符与唯一解释","资料相符不等于只有一种解释，术语对应不等于机制一致。 观察相符不等于唯一解释，鉴定需要明确不确定性。","false"
"forensic-medicine-8","forensic-medicine","鉴定意见表达","forensic-medicine-8","direction-case","鉴定意见表达研究档案：公开鉴定资料、观察条件与推断范围；目标人群、参考标准和阳性去向。需对照法医学记录与推断中的定义、对象索引与适用条件","诊断与获益","提前诊断或检出更多不独立证明改善患者结局。 观察相符不等于唯一解释，鉴定需要明确不确定性。","false"
"forensic-medicine-9","forensic-medicine","法医记录质量","forensic-medicine-9","direction-case","法医记录质量研究档案：公开鉴定资料、观察条件与推断范围；术语定义、资料出处和可支持推断；版本变更、异常记录和失败复核。需对照法医学记录与推断中的定义、对象索引与适用条件","相符与唯一解释","资料相符不等于只有一种解释，术语对应不等于机制一致。 观察相符不等于唯一解释，鉴定需要明确不确定性。","false"
"forensic-medicine-10","forensic-medicine","法医统计评价","forensic-medicine-10","direction-case","法医统计评价研究档案：公开鉴定资料、观察条件与推断范围；术语定义、资料出处和可支持推断。需对照的具体条目：参考群体、概率含义与推断条件","相符与唯一解释","资料相符不等于只有一种解释，术语对应不等于机制一致。 观察相符不等于唯一解释，鉴定需要明确不确定性。","false"
"forensic-medicine-11","forensic-medicine","法医学教育","forensic-medicine-11","direction-case","法医学教育研究档案：教学任务、学生作答与撤去帮助后的新题；相关领域文献对“公开鉴定资料、观察条件与推断范围”的用语与记录方式；任务目标、辅助条件和延迟表现。需对照法医学记录与推断中的定义、对象索引与适用条件","表现与学习","当场完成可受辅助影响，撤去帮助后的迁移才回答另一类问题。","false"
"forensic-medicine-12","forensic-medicine","法医伦理研究","forensic-medicine-12","direction-case","法医伦理研究研究档案：行动者理由、利益负担与提出异议的记录；相关领域文献对“公开鉴定资料、观察条件与推断范围”的用语与记录方式；受益负担、行动理由和申诉机会。需对照的具体条目：行动理由、受益负担与申诉机会","描述与规范","多数偏好或事实描述不能独立证成规范结论。","false"
"chinese-materia-medica-1","chinese-materia-medica","本草文献","chinese-materia-medica-1","direction-case","本草文献研究档案：逐页出处、底本差异和缺页索引；相关领域文献对“来源鉴别、成分差异与作用资料”的用语与记录方式；原典术语、来源鉴别和现代评价定义；术语定义、资料出处和可支持推断。需对照中药来源与成分中的定义、对象索引与适用条件","术语与证据层次 / 相符与唯一解释","术语相似、传统使用和成分存在都不能独立证明临床获益。 资料相符不等于只有一种解释，术语对应不等于机制一致。","false"
"chinese-materia-medica-2","chinese-materia-medica","中药资源资料","chinese-materia-medica-2","direction-case","中药资源资料研究档案：来源鉴别、成分差异与作用资料；来源、暴露及作用层次的分别资料；原典术语、来源鉴别和现代评价定义；计量单位、时间窗口和未计入的投入。需对照中药来源与成分中的定义、对象索引与适用条件","暴露与作用 / 术语与证据层次","记录暴露或传统使用不自动证明药效或临床获益。 术语相似、传统使用和成分存在都不能独立证明临床获益。 名称相同不保证来源、批次和成分相同。","false"
"chinese-materia-medica-3","chinese-materia-medica","生药鉴别资料","chinese-materia-medica-3","direction-case","生药鉴别资料研究档案：来源鉴别、成分差异与作用资料；原典术语、来源鉴别和现代评价定义。需对照中药来源与成分中的定义、对象索引与适用条件","术语与证据层次","术语相似、传统使用和成分存在都不能独立证明临床获益。 名称相同不保证来源、批次和成分相同。","false"
"chinese-materia-medica-4","chinese-materia-medica","中药化学资料","chinese-materia-medica-4","direction-case","中药化学资料研究档案：来源鉴别、成分差异与作用资料；来源、暴露及作用层次的分别资料；原典术语、来源鉴别和现代评价定义。需对照的具体条目：来源鉴别、成分谱与批次关系","暴露与作用 / 术语与证据层次","记录暴露或传统使用不自动证明药效或临床获益。 术语相似、传统使用和成分存在都不能独立证明临床获益。 名称相同不保证来源、批次和成分相同。","false"
"chinese-materia-medica-5","chinese-materia-medica","中药分析资料","chinese-materia-medica-5","direction-case","中药分析资料研究档案：来源鉴别、成分差异与作用资料；来源、暴露及作用层次的分别资料；原典术语、来源鉴别和现代评价定义。需对照的具体条目：输入假设、测量或推导链与不确定性","暴露与作用 / 术语与证据层次","记录暴露或传统使用不自动证明药效或临床获益。 术语相似、传统使用和成分存在都不能独立证明临床获益。 名称相同不保证来源、批次和成分相同。","false"
"chinese-materia-medica-6","chinese-materia-medica","中药药理资料","chinese-materia-medica-6","direction-case","中药药理资料研究档案：来源鉴别、成分差异与作用资料；来源、暴露及作用层次的分别资料；原典术语、来源鉴别和现代评价定义；不同层次的读数、背景条件和相反趋势。需对照中药来源与成分中的定义、对象索引与适用条件","暴露与作用 / 术语与证据层次","记录暴露或传统使用不自动证明药效或临床获益。 术语相似、传统使用和成分存在都不能独立证明临床获益。 名称相同不保证来源、批次和成分相同。","false"
"chinese-materia-medica-7","chinese-materia-medica","中药制剂资料","chinese-materia-medica-7","direction-case","中药制剂资料研究档案：来源鉴别、成分差异与作用资料；来源、暴露及作用层次的分别资料；原典术语、来源鉴别和现代评价定义。需对照的具体条目：制剂版本、质量条目与使用情境","暴露与作用 / 术语与证据层次","记录暴露或传统使用不自动证明药效或临床获益。 术语相似、传统使用和成分存在都不能独立证明临床获益。 名称相同不保证来源、批次和成分相同。","false"
"chinese-materia-medica-8","chinese-materia-medica","中药质量评价","chinese-materia-medica-8","direction-case","中药质量评价研究档案：来源鉴别、成分差异与作用资料；来源、暴露及作用层次的分别资料；原典术语、来源鉴别和现代评价定义；版本变更、异常记录和失败复核。需对照中药来源与成分中的定义、对象索引与适用条件","暴露与作用 / 术语与证据层次","记录暴露或传统使用不自动证明药效或临床获益。 术语相似、传统使用和成分存在都不能独立证明临床获益。 名称相同不保证来源、批次和成分相同。","false"
"chinese-materia-medica-9","chinese-materia-medica","中药使用结局","chinese-materia-medica-9","direction-case","中药使用结局研究档案：来源鉴别、成分差异与作用资料；来源、暴露及作用层次的分别资料；进入时点、结局定义和失访去向；进入资格、观察窗口和退出去向。需对照的具体条目：结局事件、观察起点与判定口径","暴露与作用 / 观察与结局","记录暴露或传统使用不自动证明药效或临床获益。 失去联系不能当成没有事件，观察时间不同也影响结局比较。 名称相同不保证来源、批次和成分相同。","false"
"chinese-materia-medica-10","chinese-materia-medica","药材来源研究","chinese-materia-medica-10","direction-case","药材来源研究研究档案：来源鉴别、成分差异与作用资料；制剂或服务条件、实际暴露和使用历程。需对照中药来源与成分中的定义、对象索引与适用条件","制剂与使用","制剂表现、实际暴露和患者使用是不同层次的对象。 名称相同不保证来源、批次和成分相同。","false"
"chinese-materia-medica-11","chinese-materia-medica","中药标准史","chinese-materia-medica-11","direction-case","中药标准史研究档案：同时代记载与后期整理本的年代对照；相关领域文献对“来源鉴别、成分差异与作用资料”的用语与记录方式；同时代资料、后期整理和出处链。需对照中药来源与成分中的定义、对象索引与适用条件","记录与过去实践","留存资料受保存及整理选择影响，不是过去实践的完整镜像。","false"
"chinese-materia-medica-12","chinese-materia-medica","中药资料复现","chinese-materia-medica-12","direction-case","中药资料复现研究档案：来源鉴别、成分差异与作用资料；来源、暴露及作用层次的分别资料；原典术语、来源鉴别和现代评价定义；版本变更、异常记录和失败复核。需对照的具体条目：原始版本、偏离记录与失败尝试","暴露与作用 / 术语与证据层次","记录暴露或传统使用不自动证明药效或临床获益。 术语相似、传统使用和成分存在都不能独立证明临床获益。 名称相同不保证来源、批次和成分相同。","false"
"integrated-medicine-1","integrated-medicine","中西医结合理论","integrated-medicine-1","direction-case","中西医结合理论研究档案：两类理论术语、比较设计与患者结局；术语定义、资料出处和可支持推断。需对照的具体条目：两类术语、理论前提与桥接理由","相符与唯一解释","资料相符不等于只有一种解释，术语对应不等于机制一致。 术语对应不是机制等同，需要独立可检查的桥接依据。","false"
"integrated-medicine-2","integrated-medicine","结合医学设计","integrated-medicine-2","direction-case","结合医学设计研究档案：两类理论术语、比较设计与患者结局；术语定义、资料出处和可支持推断；任务路径、迭代版本和错误恢复记录。需对照结合评价与证据层次中的定义、对象索引与适用条件","相符与唯一解释","资料相符不等于只有一种解释，术语对应不等于机制一致。 术语对应不是机制等同，需要独立可检查的桥接依据。","false"
"integrated-medicine-3","integrated-medicine","结合医学临床结局","integrated-medicine-3","direction-case","结合医学临床结局研究档案：两类理论术语、比较设计与患者结局；进入时点、结局定义和失访去向；术语定义、资料出处和可支持推断；进入资格、观察窗口和退出去向。需对照的具体条目：结局事件、观察起点与判定口径","观察与结局 / 相符与唯一解释","失去联系不能当成没有事件，观察时间不同也影响结局比较。 资料相符不等于只有一种解释，术语对应不等于机制一致。 术语对应不是机制等同，需要独立可检查的桥接依据。","false"
"integrated-medicine-4","integrated-medicine","证候一致性","integrated-medicine-4","direction-case","证候一致性研究档案：两类理论术语、比较设计与患者结局；原典术语、来源鉴别和现代评价定义。需对照的具体条目：成对记录、判读分歧与总体口径；术语版本、辨识一致性与对象背景","术语与证据层次","术语相似、传统使用和成分存在都不能独立证明临床获益。 术语对应不是机制等同，需要独立可检查的桥接依据。","false"
"integrated-medicine-5","integrated-medicine","多种照护记录","integrated-medicine-5","direction-case","多种照护记录研究档案：两类理论术语、比较设计与患者结局；计划、实施与患者本人或代理报告。需对照的具体条目：实施时间线、交接信息与本人报告","交付与体验","安排好的措施不等于实施，代理报告不等于患者本人体验。 术语对应不是机制等同，需要独立可检查的桥接依据。","false"
"integrated-medicine-6","integrated-medicine","患者报告结局","integrated-medicine-6","direction-case","患者报告结局研究档案：两类理论术语、比较设计与患者结局；进入时点、结局定义和失访去向；条目版本、填答者和缺失项；进入资格、观察窗口和退出去向。需对照的具体条目：结局事件、观察起点与判定口径","观察与结局 / 分数与体验","失去联系不能当成没有事件，观察时间不同也影响结局比较。 代理填答、版本变化和缺失会改变总分的含义。 术语对应不是机制等同，需要独立可检查的桥接依据。","false"
"integrated-medicine-7","integrated-medicine","康复与生活质量","integrated-medicine-7","direction-case","康复与生活质量研究档案：两类理论术语、比较设计与患者结局；测试能力、生活活动与环境支持；条目版本、填答者和缺失项；版本变更、异常记录和失败复核。需对照结合评价与证据层次中的定义、对象索引与适用条件","能力与参与 / 分数与体验","受控任务中的能力与真实环境中的参与不同。 代理填答、版本变化和缺失会改变总分的含义。 术语对应不是机制等同，需要独立可检查的桥接依据。","false"
"integrated-medicine-8","integrated-medicine","研究指标对应","integrated-medicine-8","direction-case","研究指标对应研究档案：两类理论术语、比较设计与患者结局；术语定义、资料出处和可支持推断。需对照的具体条目：指标定义、对象层次与对应假设","相符与唯一解释","资料相符不等于只有一种解释，术语对应不等于机制一致。 术语对应不是机制等同，需要独立可检查的桥接依据。","false"
"integrated-medicine-9","integrated-medicine","结合医学文献","integrated-medicine-9","direction-case","结合医学文献研究档案：逐页出处、底本差异和缺页索引；相关领域文献对“两类理论术语、比较设计与患者结局”的用语与记录方式；术语定义、资料出处和可支持推断。需对照结合评价与证据层次中的定义、对象索引与适用条件","相符与唯一解释","资料相符不等于只有一种解释，术语对应不等于机制一致。","false"
"integrated-medicine-10","integrated-medicine","解释边界研究","integrated-medicine-10","direction-case","解释边界研究研究档案：两类理论术语、比较设计与患者结局；术语定义、资料出处和可支持推断。需对照的具体条目：支持范围、未决问题与不可外推处","相符与唯一解释","资料相符不等于只有一种解释，术语对应不等于机制一致。 术语对应不是机制等同，需要独立可检查的桥接依据。","false"
"integrated-medicine-11","integrated-medicine","长期随访质量","integrated-medicine-11","direction-case","长期随访质量研究档案：两类理论术语、比较设计与患者结局；进入时点、结局定义和失访去向；进入资格、观察窗口和退出去向。需对照结合评价与证据层次中的定义、对象索引与适用条件","观察与结局","失去联系不能当成没有事件，观察时间不同也影响结局比较。 术语对应不是机制等同，需要独立可检查的桥接依据。","false"
"integrated-medicine-12","integrated-medicine","结合医学教学","integrated-medicine-12","direction-case","结合医学教学研究档案：教学任务、学生作答与撤去帮助后的新题；相关领域文献对“两类理论术语、比较设计与患者结局”的用语与记录方式；任务目标、辅助条件和延迟表现。需对照的具体条目：目标任务、辅助条件与延迟迁移","表现与学习","当场完成可受辅助影响，撤去帮助后的迁移才回答另一类问题。","false"
"special-medicine-1","special-medicine","航空航天健康资料","special-medicine-1","direction-case","航空航天健康资料研究档案：环境负荷、暴露阶段与功能表现；环境阶段、适应历程和任务负荷。需对照的具体条目：气压背景、任务负荷与适应阶段","暴露与适应","同样环境读数可对应不同适应阶段，观察必须联系任务负荷。 特殊环境中的观察不能脱离暴露及适应阶段解释。","false"
"special-medicine-2","special-medicine","环境适应资料","special-medicine-2","direction-case","环境适应资料研究档案：环境负荷、暴露阶段与功能表现；目标人群、进入机制和暴露窗口；环境阶段、适应历程和任务负荷。需对照的具体条目：支持需要、实际参与与环境障碍","样本与目标人群 / 暴露与适应","能进入资料的人不一定代表全部目标人群。 同样环境读数可对应不同适应阶段，观察必须联系任务负荷。 特殊环境中的观察不能脱离暴露及适应阶段解释。","false"
"special-medicine-3","special-medicine","航海健康资料","special-medicine-3","direction-case","航海健康资料研究档案：环境负荷、暴露阶段与功能表现；环境暴露阶段、任务负荷和适应状态。需对照的具体条目：海上环境、任务周期与适应状态","条件与适应","暴露读数相同也可能有不同历程和适应状态。 特殊环境中的观察不能脱离暴露及适应阶段解释。","false"
"special-medicine-4","special-medicine","高原健康资料","special-medicine-4","direction-case","高原健康资料研究档案：环境负荷、暴露阶段与功能表现；环境阶段、适应历程和任务负荷。需对照的具体条目：海拔背景、暴露历程与功能状态","暴露与适应","同样环境读数可对应不同适应阶段，观察必须联系任务负荷。 特殊环境中的观察不能脱离暴露及适应阶段解释。","false"
"special-medicine-5","special-medicine","运动环境与健康","special-medicine-5","direction-case","运动环境与健康研究档案：环境负荷、暴露阶段与功能表现；训练暴露、恢复阶段和任务表现；目标人群、进入机制和暴露窗口。需对照的具体条目：训练暴露、恢复阶段与测试熟悉","训练与测试 / 样本与目标人群","测试进步可能含熟悉效应，训练效果需要暴露与恢复背景。 能进入资料的人不一定代表全部目标人群。 特殊环境中的观察不能脱离暴露及适应阶段解释。","false"
"special-medicine-6","special-medicine","极端环境体验","special-medicine-6","direction-case","极端环境体验研究档案：环境负荷、暴露阶段与功能表现；条目版本、填答者和缺失项；目标人群、进入机制和暴露窗口。需对照特殊环境与适应中的定义、对象索引与适用条件","分数与体验 / 样本与目标人群","代理填答、版本变化和缺失会改变总分的含义。 能进入资料的人不一定代表全部目标人群。 特殊环境中的观察不能脱离暴露及适应阶段解释。","false"
"special-medicine-7","special-medicine","放射健康资料","special-medicine-7","direction-case","放射健康资料研究档案：环境负荷、暴露阶段与功能表现；环境暴露阶段、任务负荷和适应状态。需对照的具体条目：暴露口径、时间历程与健康评价","条件与适应","暴露读数相同也可能有不同历程和适应状态。 特殊环境中的观察不能脱离暴露及适应阶段解释。","false"
"special-medicine-8","special-medicine","职业健康记录","special-medicine-8","direction-case","职业健康记录研究档案：环境负荷、暴露阶段与功能表现；目标人群、进入机制和暴露窗口。需对照的具体条目：进入退出、工时与收入分布","样本与目标人群","能进入资料的人不一定代表全部目标人群。 特殊环境中的观察不能脱离暴露及适应阶段解释。","false"
"special-medicine-9","special-medicine","环境测量质量","special-medicine-9","direction-case","环境测量质量研究档案：环境负荷、暴露阶段与功能表现；目标人群、进入机制和暴露窗口；参考依据、重复读数和误差分项。需对照特殊环境与适应中的定义、对象索引与适用条件","样本与目标人群","能进入资料的人不一定代表全部目标人群。 特殊环境中的观察不能脱离暴露及适应阶段解释。","false"
"special-medicine-10","special-medicine","特种环境随访","special-medicine-10","direction-case","特种环境随访研究档案：环境负荷、暴露阶段与功能表现；进入时点、结局定义和失访去向；目标人群、进入机制和暴露窗口；进入资格、观察窗口和退出去向。需对照特殊环境与适应中的定义、对象索引与适用条件","观察与结局 / 样本与目标人群","失去联系不能当成没有事件，观察时间不同也影响结局比较。 能进入资料的人不一定代表全部目标人群。 特殊环境中的观察不能脱离暴露及适应阶段解释。","false"
"special-medicine-11","special-medicine","健康服务评价","special-medicine-11","direction-case","健康服务评价研究档案：环境负荷、暴露阶段与功能表现；需求、服务资格和未进入服务者。需对照的具体条目：服务资格、实际交付与未获服务者","使用与需求","服务使用量受供给和资格影响，不能单独表示需求。 特殊环境中的观察不能脱离暴露及适应阶段解释。","false"
"special-medicine-12","special-medicine","特种医学史","special-medicine-12","direction-case","特种医学史研究档案：同时代记载与后期整理本的年代对照；相关领域文献对“环境负荷、暴露阶段与功能表现”的用语与记录方式；同时代资料、后期整理和出处链。需对照特殊环境与适应中的定义、对象索引与适用条件","记录与过去实践","留存资料受保存及整理选择影响，不是过去实践的完整镜像。","false"
"medical-technology-1","medical-technology","医学影像技术","medical-technology-1","direction-case","医学影像技术研究档案：技术版本、测量性能与实际使用；个体索引、图像条件和判读分歧；设备版本、使用任务和错误恢复。需对照的具体条目：工具版本、使用任务与适用承诺；来源索引、采集条件与判读分歧","图像与个体 / 性能与可用性","一个人的多幅图像不构成多个独立患者，图像性能不等于患者获益。 仪器性能不能独立概括真实使用中的负担和患者结局。 技术读数可靠与完成临床任务不是同一个目标。","false"
"medical-technology-2","medical-technology","医学检验技术","medical-technology-2","direction-case","医学检验技术研究档案：技术版本、测量性能与实际使用；目标人群、参考标准和阳性去向；设备版本、使用任务和错误恢复。需对照的具体条目：工具版本、使用任务与适用承诺","诊断与获益 / 性能与可用性","提前诊断或检出更多不独立证明改善患者结局。 仪器性能不能独立概括真实使用中的负担和患者结局。 技术读数可靠与完成临床任务不是同一个目标。","false"
"medical-technology-3","medical-technology","康复治疗技术","medical-technology-3","direction-case","康复治疗技术研究档案：技术版本、测量性能与实际使用；测试能力、生活活动与环境支持；设备版本、使用任务和错误恢复。需对照的具体条目：工具版本、使用任务与适用承诺","能力与参与 / 性能与可用性","受控任务中的能力与真实环境中的参与不同。 仪器性能不能独立概括真实使用中的负担和患者结局。 技术读数可靠与完成临床任务不是同一个目标。","false"
"medical-technology-4","medical-technology","听觉与言语技术","medical-technology-4","direction-case","听觉与言语技术研究档案：技术版本、测量性能与实际使用；感知阈值、沟通任务及平衡表现；设备版本、使用任务和错误恢复。需对照的具体条目：听觉任务、环境噪声与交流负担；工具版本、使用任务与适用承诺","阈值与日常任务 / 性能与可用性","受控阈值改善不自动转为复杂环境中的沟通或活动改善。 仪器性能不能独立概括真实使用中的负担和患者结局。 技术读数可靠与完成临床任务不是同一个目标。","false"
"medical-technology-5","medical-technology","眼视光技术","medical-technology-5","direction-case","眼视光技术研究档案：技术版本、测量性能与实际使用；视野、视力及视觉任务的分别登记；设备版本、使用任务和错误恢复。需对照的具体条目：工具版本、使用任务与适用承诺","视觉的多维功能 / 性能与可用性","视力读数不能完整代表视野、对比及复杂任务能力。 仪器性能不能独立概括真实使用中的负担和患者结局。 技术读数可靠与完成临床任务不是同一个目标。","false"
"medical-technology-6","medical-technology","口腔技术资料","medical-technology-6","direction-case","口腔技术资料研究档案：技术版本、测量性能与实际使用；设备版本、使用任务和错误恢复；局部结构、口腔功能和生活体验。需对照的具体条目：局部状态、咀嚼或发音与生活负担；工具版本、使用任务与适用承诺","性能与可用性 / 局部与整体","仪器性能不能独立概括真实使用中的负担和患者结局。 局部组织变化不自动代表咀嚼、发音及生活体验同时改善。 技术读数可靠与完成临床任务不是同一个目标。","false"
"medical-technology-7","medical-technology","病理技术资料","medical-technology-7","direction-case","病理技术资料研究档案：技术版本、测量性能与实际使用；结构定位、组织层次与判读条件；细胞组成、功能层次和独立来源；不同层次的读数、背景条件和相反趋势。需对照的具体条目：工具版本、使用任务与适用承诺","局部与整体 / 组成与状态","局部组织或切片不能无条件代表整个个体或器官。 群体差异可能来自组成与单元状态两方面，技术重复不是独立对象。 技术读数可靠与完成临床任务不是同一个目标。","false"
"medical-technology-8","medical-technology","辅助器具评价","medical-technology-8","direction-case","辅助器具评价研究档案：技术版本、测量性能与实际使用；服务需求、资源容量和实际任务。需对照医疗技术与任务可靠性中的定义、对象索引与适用条件","资源与交付","拥有资源不等于及时交付服务，需求构成会改变评价。 技术读数可靠与完成临床任务不是同一个目标。","false"
"medical-technology-9","medical-technology","医学技术质控","medical-technology-9","direction-case","医学技术质控研究档案：技术版本、测量性能与实际使用；设备版本、使用任务和错误恢复；版本变更、异常记录和失败复核。需对照的具体条目：工具版本、使用任务与适用承诺","性能与可用性","仪器性能不能独立概括真实使用中的负担和患者结局。 技术读数可靠与完成临床任务不是同一个目标。","false"
"medical-technology-10","medical-technology","技术使用反馈","medical-technology-10","direction-case","技术使用反馈研究档案：技术版本、测量性能与实际使用；任务目标、辅助条件和延迟表现；设备版本、使用任务和错误恢复。需对照的具体条目：工具版本、使用任务与适用承诺","表现与学习 / 性能与可用性","当场完成可受辅助影响，撤去帮助后的迁移才回答另一类问题。 仪器性能不能独立概括真实使用中的负担和患者结局。 技术读数可靠与完成临床任务不是同一个目标。","false"
"medical-technology-11","medical-technology","技术教育研究","medical-technology-11","direction-case","技术教育研究研究档案：教学任务、学生作答与撤去帮助后的新题；相关领域文献对“技术版本、测量性能与实际使用”的用语与记录方式；任务目标、辅助条件和延迟表现。需对照的具体条目：工具版本、使用任务与适用承诺","表现与学习","当场完成可受辅助影响，撤去帮助后的迁移才回答另一类问题。","false"
"medical-technology-12","medical-technology","设备与软件版本","medical-technology-12","direction-case","设备与软件版本研究档案：技术版本、测量性能与实际使用；版本规则、对象索引和使用任务；服务需求、资源容量和实际任务。需对照的具体条目：输入契约、依赖版本与错误复现；底本出处、修订层次与引用位置","记录与对象 / 资源与交付","记录格式一致不保证对象相同，版本变化必须追溯。 拥有资源不等于及时交付服务，需求构成会改变评价。 技术读数可靠与完成临床任务不是同一个目标。","false"
"metaphysics-1","metaphysics","存在论","metaphysics-1","direction-case","存在论研究档案：对象同一性、性质归属与模态案例；概念定义、论证前提和反例条件。需对照的具体条目：存在承诺、量词用法与对象分类","理由与结论","结论为真不意味着提供的理由足够，反例须满足原条件。 性质相似不等于数值同一，存在承诺须与论证对应。","false"
"metaphysics-2","metaphysics","模态问题","metaphysics-2","direction-case","模态问题研究档案：对象同一性、性质归属与模态案例；概念定义、论证前提和反例条件。需对照的具体条目：可及关系、量词范围与反例条件","理由与结论","结论为真不意味着提供的理由足够，反例须满足原条件。 性质相似不等于数值同一，存在承诺须与论证对应。","false"
"metaphysics-3","metaphysics","时间哲学","metaphysics-3","direction-case","时间哲学研究档案：对象同一性、性质归属与模态案例；概念定义、论证前提和反例条件；时间戳、状态阶段和变化前后的并列记录。需对照的具体条目：先后关系、持续判断与时间立场","理由与结论","结论为真不意味着提供的理由足够，反例须满足原条件。 性质相似不等于数值同一，存在承诺须与论证对应。","false"
"metaphysics-4","metaphysics","因果概念","metaphysics-4","direction-case","因果概念研究档案：对象同一性、性质归属与模态案例；对象域、解或语义条件和反例；主张结构、经验例子和反对理由；比较资格、干预前趋势和同期冲击。需对照的具体条目：目标比较、干预起点与选择机制","对象与条件 / 例子与证成","同一表达式在不同对象域或条件下可以有不同含义。 例子可澄清概念，不能独立决定所有规范或形而上判断。 性质相似不等于数值同一，存在承诺须与论证对应。","false"
"metaphysics-5","metaphysics","对象同一性","metaphysics-5","direction-case","对象同一性研究档案：对象同一性、性质归属与模态案例；概念定义、论证前提和反例条件。需对照存在、属性与持续中的定义、对象索引与适用条件","理由与结论","结论为真不意味着提供的理由足够，反例须满足原条件。 性质相似不等于数值同一，存在承诺须与论证对应。","false"
"metaphysics-6","metaphysics","属性理论","metaphysics-6","direction-case","属性理论研究档案：对象同一性、性质归属与模态案例；概念定义、论证前提和反例条件。需对照的具体条目：属性归属、共相问题与个体差异","理由与结论","结论为真不意味着提供的理由足够，反例须满足原条件。 性质相似不等于数值同一，存在承诺须与论证对应。","false"
"metaphysics-7","metaphysics","可能世界","metaphysics-7","direction-case","可能世界研究档案：对象同一性、性质归属与模态案例；概念定义、论证前提和反例条件。需对照的具体条目：可及关系、量词范围与反例条件；跨区域联结、地方时序与资料语言","理由与结论","结论为真不意味着提供的理由足够，反例须满足原条件。 性质相似不等于数值同一，存在承诺须与论证对应。","false"
"metaphysics-8","metaphysics","身心问题","metaphysics-8","direction-case","身心问题研究档案：对象同一性、性质归属与模态案例；概念定义、论证前提和反例条件。需对照的具体条目：心身概念、依赖关系与解释立场","理由与结论","结论为真不意味着提供的理由足够，反例须满足原条件。 性质相似不等于数值同一，存在承诺须与论证对应。","false"
"metaphysics-9","metaphysics","社会本体论","metaphysics-9","direction-case","社会本体论研究档案：对象同一性、性质归属与模态案例；概念定义、论证前提和反例条件。需对照的具体条目：集体意向、制度事实与角色依赖","理由与结论","结论为真不意味着提供的理由足够，反例须满足原条件。 性质相似不等于数值同一，存在承诺须与论证对应。","false"
"metaphysics-10","metaphysics","过程哲学","metaphysics-10","direction-case","过程哲学研究档案：对象同一性、性质归属与模态案例；概念定义、论证前提和反例条件；时间戳、状态阶段和变化前后的并列记录。需对照的具体条目：过程单位、变化关系与对象持续","理由与结论","结论为真不意味着提供的理由足够，反例须满足原条件。 性质相似不等于数值同一，存在承诺须与论证对应。","false"
"metaphysics-11","metaphysics","分析形而上学","metaphysics-11","direction-case","分析形而上学研究档案：对象同一性、性质归属与模态案例；对象域、解或语义条件和反例；主张结构、经验例子和反对理由。需对照的具体条目：输入假设、测量或推导链与不确定性","对象与条件 / 例子与证成","同一表达式在不同对象域或条件下可以有不同含义。 例子可澄清概念，不能独立决定所有规范或形而上判断。 性质相似不等于数值同一，存在承诺须与论证对应。","false"
"metaphysics-12","metaphysics","传统形而上学","metaphysics-12","direction-case","传统形而上学研究档案：同时代记载与后期整理本的年代对照；相关领域文献对“对象同一性、性质归属与模态案例”的用语与记录方式；年代、出处和同时代对照；主张结构、经验例子和反对理由。需对照存在、属性与持续中的定义、对象索引与适用条件","当时与后来 / 例子与证成","后来形成的分类不能直接替代行动者当时使用的概念。 例子可澄清概念，不能独立决定所有规范或形而上判断。","false"
"epistemology-1","epistemology","知识分析","epistemology-1","direction-case","知识分析研究档案：认识理由、理论证据与反例结构；概念定义、论证前提和反例条件。需对照的具体条目：输入假设、测量或推导链与不确定性","理由与结论","结论为真不意味着提供的理由足够，反例须满足原条件。 理由支持真信念的方式关系到能否称为知识。","false"
"epistemology-2","epistemology","怀疑论","epistemology-2","direction-case","怀疑论研究档案：认识理由、理论证据与反例结构；概念定义、论证前提和反例条件。需对照的具体条目：怀疑场景、认识标准与回应条件","理由与结论","结论为真不意味着提供的理由足够，反例须满足原条件。 理由支持真信念的方式关系到能否称为知识。","false"
"epistemology-3","epistemology","证成理论","epistemology-3","direction-case","证成理论研究档案：认识理由、理论证据与反例结构；概念定义、论证前提和反例条件。需对照的具体条目：主张、理由与来源依赖；理由结构、可靠性条件与反驳者","理由与结论","结论为真不意味着提供的理由足够，反例须满足原条件。 理由支持真信念的方式关系到能否称为知识。","false"
"epistemology-4","epistemology","社会认识论","epistemology-4","direction-case","社会认识论研究档案：认识理由、理论证据与反例结构；概念定义、论证前提和反例条件。需对照的具体条目：主张、理由与来源依赖；知识分工、来源依赖与集体判断","理由与结论","结论为真不意味着提供的理由足够，反例须满足原条件。 理由支持真信念的方式关系到能否称为知识。","false"
"epistemology-5","epistemology","科学解释","epistemology-5","direction-case","科学解释研究档案：关键段落、话语位置和相反解释；相关领域文献对“认识理由、理论证据与反例结构”的用语与记录方式；概念定义、论证前提和反例条件。需对照知识与科学解释中的定义、对象索引与适用条件","理由与结论","结论为真不意味着提供的理由足够，反例须满足原条件。","false"
"epistemology-6","epistemology","科学实在论","epistemology-6","direction-case","科学实在论研究档案：认识理由、理论证据与反例结构；概念定义、论证前提和反例条件。需对照的具体条目：不可观察对象、理论承诺与经验成功","理由与结论","结论为真不意味着提供的理由足够，反例须满足原条件。 理由支持真信念的方式关系到能否称为知识。","false"
"epistemology-7","epistemology","归纳问题","epistemology-7","direction-case","归纳问题研究档案：认识理由、理论证据与反例结构；概念定义、论证前提和反例条件。需对照的具体条目：已观察实例、投射属性与推理依据","理由与结论","结论为真不意味着提供的理由足够，反例须满足原条件。 理由支持真信念的方式关系到能否称为知识。","false"
"epistemology-8","epistemology","模型与理想化","epistemology-8","direction-case","模型与理想化研究档案：认识理由、理论证据与反例结构；主张结构、经验例子和反对理由。需对照知识与科学解释中的定义、对象索引与适用条件","例子与证成","例子可澄清概念，不能独立决定所有规范或形而上判断。 理由支持真信念的方式关系到能否称为知识。","false"
"epistemology-9","epistemology","测量哲学","epistemology-9","direction-case","测量哲学研究档案：关键段落、话语位置和相反解释；相关领域文献对“认识理由、理论证据与反例结构”的用语与记录方式；概念定义、论证前提和反例条件。需对照知识与科学解释中的定义、对象索引与适用条件","理由与结论","结论为真不意味着提供的理由足够，反例须满足原条件。","false"
"epistemology-10","epistemology","专家知识","epistemology-10","direction-case","专家知识研究档案：认识理由、理论证据与反例结构；概念定义、论证前提和反例条件。需对照的具体条目：专业分工、可靠性理由与意见依赖","理由与结论","结论为真不意味着提供的理由足够，反例须满足原条件。 理由支持真信念的方式关系到能否称为知识。","false"
"epistemology-11","epistemology","证言研究","epistemology-11","direction-case","证言研究研究档案：认识理由、理论证据与反例结构；概念定义、论证前提和反例条件。需对照的具体条目：主张、理由与来源依赖；说话者资格、听者理由与传播链","理由与结论","结论为真不意味着提供的理由足够，反例须满足原条件。 理由支持真信念的方式关系到能否称为知识。","false"
"epistemology-12","epistemology","技术知识","epistemology-12","direction-case","技术知识研究档案：认识理由、理论证据与反例结构；概念定义、论证前提和反例条件。需对照的具体条目：工具版本、使用任务与适用承诺","理由与结论","结论为真不意味着提供的理由足够，反例须满足原条件。 理由支持真信念的方式关系到能否称为知识。","false"
"logic-studies-1","logic-studies","数理逻辑","logic-studies-1","direction-case","数理逻辑研究档案：公式、模型语义与推导规则；定义域、必要假设和反例。需对照的具体条目：形式语言、语义模型与演算规则","存在与全称","一个满足性质的实例不能证明所有对象满足性质。 模型中的真、逻辑有效与系统可证是不同概念。","false"
"logic-studies-2","logic-studies","哲学逻辑","logic-studies-2","direction-case","哲学逻辑研究档案：关键段落、话语位置和相反解释；相关领域文献对“公式、模型语义与推导规则”的用语与记录方式；概念定义、论证前提和反例条件。需对照形式语言与推导中的定义、对象索引与适用条件","理由与结论","结论为真不意味着提供的理由足够，反例须满足原条件。","false"
"logic-studies-3","logic-studies","模态逻辑","logic-studies-3","direction-case","模态逻辑研究档案：公式、模型语义与推导规则；定义域、必要假设和反例；概念定义、论证前提和反例条件。需对照的具体条目：可及关系、量词范围与反例条件","存在与全称 / 理由与结论","一个满足性质的实例不能证明所有对象满足性质。 结论为真不意味着提供的理由足够，反例须满足原条件。 模型中的真、逻辑有效与系统可证是不同概念。","false"
"logic-studies-4","logic-studies","非经典逻辑","logic-studies-4","direction-case","非经典逻辑研究档案：公式、模型语义与推导规则；定义域、必要假设和反例；底本出处、异文位置和编订层次。需对照形式语言与推导中的定义、对象索引与适用条件","存在与全称 / 原文与编订","一个满足性质的实例不能证明所有对象满足性质。 后世编订和现代转写会改变可见文本，须保留版本链。 模型中的真、逻辑有效与系统可证是不同概念。","false"
"logic-studies-5","logic-studies","论证理论","logic-studies-5","direction-case","论证理论研究档案：关键段落、话语位置和相反解释；相关领域文献对“公式、模型语义与推导规则”的用语与记录方式；主张结构、经验例子和反对理由。需对照形式语言与推导中的定义、对象索引与适用条件","例子与证成","例子可澄清概念，不能独立决定所有规范或形而上判断。","false"
"logic-studies-6","logic-studies","逻辑史","logic-studies-6","direction-case","逻辑史研究档案：同时代记载与后期整理本的年代对照；相关领域文献对“公式、模型语义与推导规则”的用语与记录方式；年代、出处和同时代对照；同时代资料、后期整理和出处链。需对照形式语言与推导中的定义、对象索引与适用条件","当时与后来 / 记录与过去实践","后来形成的分类不能直接替代行动者当时使用的概念。 留存资料受保存及整理选择影响，不是过去实践的完整镜像。","false"
"logic-studies-7","logic-studies","语义理论","logic-studies-7","direction-case","语义理论研究档案：关键段落、话语位置和相反解释；相关领域文献对“公式、模型语义与推导规则”的用语与记录方式；主张结构、经验例子和反对理由。需对照的具体条目：表达形式、上下文与会话推论","例子与证成","例子可澄清概念，不能独立决定所有规范或形而上判断。","false"
"logic-studies-8","logic-studies","证明理论","logic-studies-8","direction-case","证明理论研究档案：公式、模型语义与推导规则；定义域、必要假设和反例。需对照的具体条目：推导树、规则合法性与可证范围","存在与全称","一个满足性质的实例不能证明所有对象满足性质。 模型中的真、逻辑有效与系统可证是不同概念。","false"
"logic-studies-9","logic-studies","模型论","logic-studies-9","direction-case","模型论研究档案：公式、模型语义与推导规则；对象域、解或语义条件和反例；主张结构、经验例子和反对理由。需对照形式语言与推导中的定义、对象索引与适用条件","对象与条件 / 例子与证成","同一表达式在不同对象域或条件下可以有不同含义。 例子可澄清概念，不能独立决定所有规范或形而上判断。 模型中的真、逻辑有效与系统可证是不同概念。","false"
"logic-studies-10","logic-studies","计算逻辑","logic-studies-10","direction-case","计算逻辑研究档案：公式、模型语义与推导规则；定义域、必要假设和反例。需对照的具体条目：程序语义、计算步骤与判定问题","存在与全称","一个满足性质的实例不能证明所有对象满足性质。 模型中的真、逻辑有效与系统可证是不同概念。","false"
"logic-studies-11","logic-studies","规范逻辑","logic-studies-11","direction-case","规范逻辑研究档案：公式、模型语义与推导规则；定义域、必要假设和反例。需对照的具体条目：义务算子、许可条件与规范冲突","存在与全称","一个满足性质的实例不能证明所有对象满足性质。 模型中的真、逻辑有效与系统可证是不同概念。","false"
"logic-studies-12","logic-studies","逻辑教育","logic-studies-12","direction-case","逻辑教育研究档案：教学任务、学生作答与撤去帮助后的新题；相关领域文献对“公式、模型语义与推导规则”的用语与记录方式；任务目标、辅助条件和延迟表现。需对照形式语言与推导中的定义、对象索引与适用条件","表现与学习","当场完成可受辅助影响，撤去帮助后的迁移才回答另一类问题。","false"
"ethics-studies-1","ethics-studies","规范伦理","ethics-studies-1","direction-case","规范伦理研究档案：行动者理由、利益负担与提出异议的记录；相关领域文献对“价值前提、行动理由与责任条件”的用语与记录方式；受益负担、行动理由和申诉机会。需对照的具体条目：行动理由、受益负担与申诉机会；行动原则、冲突案例与理由权重","描述与规范","多数偏好或事实描述不能独立证成规范结论。","false"
"ethics-studies-2","ethics-studies","元伦理","ethics-studies-2","direction-case","元伦理研究档案：行动者理由、利益负担与提出异议的记录；相关领域文献对“价值前提、行动理由与责任条件”的用语与记录方式；受益负担、行动理由和申诉机会。需对照的具体条目：行动理由、受益负担与申诉机会；道德语言、真值立场与理由性质","描述与规范","多数偏好或事实描述不能独立证成规范结论。","false"
"ethics-studies-3","ethics-studies","应用伦理","ethics-studies-3","direction-case","应用伦理研究档案：行动者理由、利益负担与提出异议的记录；相关领域文献对“价值前提、行动理由与责任条件”的用语与记录方式；受益负担、行动理由和申诉机会。需对照的具体条目：行动理由、受益负担与申诉机会；使用任务、落地条件与实际反馈","描述与规范","多数偏好或事实描述不能独立证成规范结论。","false"
"ethics-studies-4","ethics-studies","生命伦理","ethics-studies-4","direction-case","生命伦理研究档案：行动者理由、利益负担与提出异议的记录；相关领域文献对“价值前提、行动理由与责任条件”的用语与记录方式；受益负担、行动理由和申诉机会。需对照的具体条目：行动理由、受益负担与申诉机会；同意条件、生命利益与照护责任","描述与规范","多数偏好或事实描述不能独立证成规范结论。","false"
"ethics-studies-5","ethics-studies","技术伦理","ethics-studies-5","direction-case","技术伦理研究档案：行动者理由、利益负担与提出异议的记录；相关领域文献对“价值前提、行动理由与责任条件”的用语与记录方式；受益负担、行动理由和申诉机会。需对照的具体条目：行动理由、受益负担与申诉机会；工具版本、使用任务与适用承诺","描述与规范","多数偏好或事实描述不能独立证成规范结论。","false"
"ethics-studies-6","ethics-studies","环境伦理","ethics-studies-6","direction-case","环境伦理研究档案：行动者理由、利益负担与提出异议的记录；相关领域文献对“价值前提、行动理由与责任条件”的用语与记录方式；受益负担、行动理由和申诉机会。需对照的具体条目：行动理由、受益负担与申诉机会；非人对象、代际影响与价值范围","描述与规范","多数偏好或事实描述不能独立证成规范结论。","false"
"ethics-studies-7","ethics-studies","职业伦理","ethics-studies-7","direction-case","职业伦理研究档案：行动者理由、利益负担与提出异议的记录；相关领域文献对“价值前提、行动理由与责任条件”的用语与记录方式；受益负担、行动理由和申诉机会。需对照的具体条目：进入退出、工时与收入分布；行动理由、受益负担与申诉机会","描述与规范","多数偏好或事实描述不能独立证成规范结论。","false"
"ethics-studies-8","ethics-studies","公共伦理","ethics-studies-8","direction-case","公共伦理研究档案：行动者理由、利益负担与提出异议的记录；相关领域文献对“价值前提、行动理由与责任条件”的用语与记录方式；受益负担、行动理由和申诉机会。需对照的具体条目：行动理由、受益负担与申诉机会；公共理由、利益分配与异议回应","描述与规范","多数偏好或事实描述不能独立证成规范结论。","false"
"ethics-studies-9","ethics-studies","道德心理哲学","ethics-studies-9","direction-case","道德心理哲学研究档案：关键段落、话语位置和相反解释；相关领域文献对“价值前提、行动理由与责任条件”的用语与记录方式；概念定义、论证前提和反例条件；受益负担、行动理由和申诉机会。需对照的具体条目：行动理由、受益负担与申诉机会；任务版本、状态条件与构念定义","理由与结论 / 描述与规范","结论为真不意味着提供的理由足够，反例须满足原条件。 多数偏好或事实描述不能独立证成规范结论。","false"
"ethics-studies-10","ethics-studies","伦理思想史","ethics-studies-10","direction-case","伦理思想史研究档案：同时代记载与后期整理本的年代对照；相关领域文献对“价值前提、行动理由与责任条件”的用语与记录方式；年代、出处和同时代对照；受益负担、行动理由和申诉机会。需对照的具体条目：行动理由、受益负担与申诉机会；概念用法、论争对象与传播时点","当时与后来 / 描述与规范","后来形成的分类不能直接替代行动者当时使用的概念。 多数偏好或事实描述不能独立证成规范结论。","false"
"ethics-studies-11","ethics-studies","价值冲突","ethics-studies-11","direction-case","价值冲突研究档案：价值前提、行动理由与责任条件；受益负担、行动理由和申诉机会；计量单位、时间窗口和未计入的投入。需对照规范判断与责任中的定义、对象索引与适用条件","描述与规范","多数偏好或事实描述不能独立证成规范结论。 事实描述不能单独推出规范结论。","false"
"ethics-studies-12","ethics-studies","责任与行动","ethics-studies-12","direction-case","责任与行动研究档案：行动者理由、利益负担与提出异议的记录；相关领域文献对“价值前提、行动理由与责任条件”的用语与记录方式；受益负担、行动理由和申诉机会。需对照规范判断与责任中的定义、对象索引与适用条件","描述与规范","多数偏好或事实描述不能独立证成规范结论。","false"
"religion-studies-1","religion-studies","宗教史","religion-studies-1","direction-case","宗教史研究档案：同时代记载与后期整理本的年代对照；相关领域文献对“经典版本、仪式场景与信众叙述”的用语与记录方式；年代、出处和同时代对照；原典用语、实践情境和注释传统。需对照的具体条目：原典用语、注释传统与实践情境","当时与后来 / 概念与传统","后来形成的分类不能直接替代行动者当时使用的概念。 同一现代译词不证明不同传统具有相同概念。","false"
"religion-studies-2","religion-studies","宗教哲学","religion-studies-2","direction-case","宗教哲学研究档案：关键段落、话语位置和相反解释；相关领域文献对“经典版本、仪式场景与信众叙述”的用语与记录方式；概念定义、论证前提和反例条件；原典用语、实践情境和注释传统。需对照的具体条目：原典用语、注释传统与实践情境","理由与结论 / 概念与传统","结论为真不意味着提供的理由足够，反例须满足原条件。 同一现代译词不证明不同传统具有相同概念。","false"
"religion-studies-3","religion-studies","宗教社会学","religion-studies-3","direction-case","宗教社会学研究档案：关键段落、话语位置和相反解释；相关领域文献对“经典版本、仪式场景与信众叙述”的用语与记录方式；原典用语、实践情境和注释传统。需对照的具体条目：原典用语、注释传统与实践情境；社会角色、制度关系与实践分类","概念与传统","同一现代译词不证明不同传统具有相同概念。","false"
"religion-studies-4","religion-studies","宗教人类学","religion-studies-4","direction-case","宗教人类学研究档案：逐轮对话、在场关系和沉默位置；相关领域文献对“经典版本、仪式场景与信众叙述”的用语与记录方式；交往位置、叙述轮次和观察情境；原典用语、实践情境和注释传统。需对照的具体条目：原典用语、注释传统与实践情境","叙述与情境 / 概念与传统","相同问题在不同关系中可获得不同回答，差异不是天然的矛盾。 同一现代译词不证明不同传统具有相同概念。","false"
"religion-studies-5","religion-studies","宗教文本","religion-studies-5","direction-case","宗教文本研究档案：逐页出处、底本差异和缺页索引；相关领域文献对“经典版本、仪式场景与信众叙述”的用语与记录方式；底本出处、异文位置和编订层次；原典用语、实践情境和注释传统。需对照的具体条目：原典用语、注释传统与实践情境","原文与编订 / 概念与传统","后世编订和现代转写会改变可见文本，须保留版本链。 同一现代译词不证明不同传统具有相同概念。","false"
"religion-studies-6","religion-studies","宗教艺术","religion-studies-6","direction-case","宗教艺术研究档案：关键段落、话语位置和相反解释；相关领域文献对“经典版本、仪式场景与信众叙述”的用语与记录方式；原典用语、实践情境和注释传统。需对照的具体条目：原典用语、注释传统与实践情境；宗教图像、礼仪语境与展示位置","概念与传统","同一现代译词不证明不同传统具有相同概念。","false"
"religion-studies-7","religion-studies","仪式研究","religion-studies-7","direction-case","仪式研究研究档案：经典版本、仪式场景与信众叙述；原典用语、实践情境和注释传统。需对照宗教文本与实践中的定义、对象索引与适用条件","概念与传统","同一现代译词不证明不同传统具有相同概念。 规范性教义与信众日常实践不必一致。","false"
"religion-studies-8","religion-studies","比较宗教","religion-studies-8","direction-case","比较宗教研究档案：经典版本、仪式场景与信众叙述；原典用语、实践情境和注释传统；各方定义、资料来源和桥接规则。需对照的具体条目：原典用语、注释传统与实践情境","概念与传统","同一现代译词不证明不同传统具有相同概念。 规范性教义与信众日常实践不必一致。","false"
"religion-studies-9","religion-studies","宗教与现代性","religion-studies-9","direction-case","宗教与现代性研究档案：关键段落、话语位置和相反解释；相关领域文献对“经典版本、仪式场景与信众叙述”的用语与记录方式；年代、出处和同时代对照；原典用语、实践情境和注释传统。需对照的具体条目：原典用语、注释传统与实践情境；时期划分、制度变化与同时代用语","当时与后来 / 概念与传统","后来形成的分类不能直接替代行动者当时使用的概念。 同一现代译词不证明不同传统具有相同概念。","false"
"religion-studies-10","religion-studies","宗教与地方社会","religion-studies-10","direction-case","宗教与地方社会研究档案：关键段落、话语位置和相反解释；相关领域文献对“经典版本、仪式场景与信众叙述”的用语与记录方式；交往位置、叙述轮次和观察情境；原典用语、实践情境和注释传统。需对照的具体条目：原典用语、注释传统与实践情境","叙述与情境 / 概念与传统","相同问题在不同关系中可获得不同回答，差异不是天然的矛盾。 同一现代译词不证明不同传统具有相同概念。","false"
"religion-studies-11","religion-studies","宗教与伦理","religion-studies-11","direction-case","宗教与伦理研究档案：行动者理由、利益负担与提出异议的记录；相关领域文献对“经典版本、仪式场景与信众叙述”的用语与记录方式；受益负担、行动理由和申诉机会；原典用语、实践情境和注释传统。需对照的具体条目：行动理由、受益负担与申诉机会；原典用语、注释传统与实践情境","描述与规范 / 概念与传统","多数偏好或事实描述不能独立证成规范结论。 同一现代译词不证明不同传统具有相同概念。","false"
"religion-studies-12","religion-studies","宗教数字资料","religion-studies-12","direction-case","宗教数字资料研究档案：关键段落、话语位置和相反解释；相关领域文献对“经典版本、仪式场景与信众叙述”的用语与记录方式；原典用语、实践情境和注释传统。需对照的具体条目：原典用语、注释传统与实践情境；编码规则、平台入口与不可见记录","概念与传统","同一现代译词不证明不同传统具有相同概念。","false"
"economic-theory-1","economic-theory","微观理论","economic-theory-1","direction-case","微观理论研究档案：效用设定、策略选择与均衡条件；可得方案、行为反应和分配结果。需对照的具体条目：个体选择、预算约束与反事实方案","平均与分配","总体收益或均值变化不能说明每个人的负担都改善。 均衡是模型条件下的关系，不必等于所有现实选择。","false"
"economic-theory-2","economic-theory","宏观理论","economic-theory-2","direction-case","宏观理论研究档案：效用设定、策略选择与均衡条件；可得方案、行为反应和分配结果。需对照的具体条目：总量口径、核算时期与部门联系","平均与分配","总体收益或均值变化不能说明每个人的负担都改善。 均衡是模型条件下的关系，不必等于所有现实选择。","false"
"economic-theory-3","economic-theory","博弈论","economic-theory-3","direction-case","博弈论研究档案：效用设定、策略选择与均衡条件；可得方案、行为反应和分配结果。需对照偏好、均衡与行为中的定义、对象索引与适用条件","平均与分配","总体收益或均值变化不能说明每个人的负担都改善。 均衡是模型条件下的关系，不必等于所有现实选择。","false"
"economic-theory-4","economic-theory","信息经济","economic-theory-4","direction-case","信息经济研究档案：效用设定、策略选择与均衡条件；选择集合、机会成本和价格条件；版本规则、对象索引和使用任务；计量单位、时间窗口和未计入的投入。需对照偏好、均衡与行为中的定义、对象索引与适用条件","观察选择与偏好 / 记录与对象","选择变化可以来自约束或可得方案，不一定是偏好改变。 记录格式一致不保证对象相同，版本变化必须追溯。 均衡是模型条件下的关系，不必等于所有现实选择。","false"
"economic-theory-5","economic-theory","行为经济","economic-theory-5","direction-case","行为经济研究档案：效用设定、策略选择与均衡条件；选择集合、机会成本和价格条件；计量单位、时间窗口和未计入的投入。需对照的具体条目：参照点、判断任务与选择情境","观察选择与偏好","选择变化可以来自约束或可得方案，不一定是偏好改变。 均衡是模型条件下的关系，不必等于所有现实选择。","false"
"economic-theory-6","economic-theory","实验经济","economic-theory-6","direction-case","实验经济研究档案：效用设定、策略选择与均衡条件；选择集合、机会成本和价格条件；计量单位、时间窗口和未计入的投入。需对照的具体条目：实验任务、激励规则与参与者选择","观察选择与偏好","选择变化可以来自约束或可得方案，不一定是偏好改变。 均衡是模型条件下的关系，不必等于所有现实选择。","false"
"economic-theory-7","economic-theory","制度经济","economic-theory-7","direction-case","制度经济研究档案：效用设定、策略选择与均衡条件；选择集合、机会成本和价格条件；正式文本、执行条件与被排除的对象。需对照的具体条目：条文来源、权限分配与执行差异","观察选择与偏好","选择变化可以来自约束或可得方案，不一定是偏好改变。 均衡是模型条件下的关系，不必等于所有现实选择。","false"
"economic-theory-8","economic-theory","政治经济","economic-theory-8","direction-case","政治经济研究档案：效用设定、策略选择与均衡条件；选择集合、机会成本和价格条件；计量单位、时间窗口和未计入的投入。需对照的具体条目：规则来源、执行条件与行动者立场","观察选择与偏好","选择变化可以来自约束或可得方案，不一定是偏好改变。 均衡是模型条件下的关系，不必等于所有现实选择。","false"
"economic-theory-9","economic-theory","经济思想史","economic-theory-9","direction-case","经济思想史研究档案：同时代记载与后期整理本的年代对照；相关领域文献对“效用设定、策略选择与均衡条件”的用语与记录方式；年代、出处和同时代对照；同时代资料、后期整理和出处链。需对照的具体条目：概念用法、论争对象与传播时点","当时与后来 / 记录与过去实践","后来形成的分类不能直接替代行动者当时使用的概念。 留存资料受保存及整理选择影响，不是过去实践的完整镜像。","false"
"economic-theory-10","economic-theory","不确定性决策","economic-theory-10","direction-case","不确定性决策研究档案：效用设定、策略选择与均衡条件；可行域、目标权重和约束松弛。需对照的具体条目：可得方案、判断时点与约束依据","最优与可行","最优只针对给定目标及约束，不代表现实中所有需求都满足。 均衡是模型条件下的关系，不必等于所有现实选择。","false"
"economic-theory-11","economic-theory","匹配与市场设计","economic-theory-11","direction-case","匹配与市场设计研究档案：效用设定、策略选择与均衡条件；可行域、目标权重和约束松弛；选择集合、机会成本和价格条件；任务路径、迭代版本和错误恢复记录。需对照偏好、均衡与行为中的定义、对象索引与适用条件","最优与可行 / 观察选择与偏好","最优只针对给定目标及约束，不代表现实中所有需求都满足。 选择变化可以来自约束或可得方案，不一定是偏好改变。 均衡是模型条件下的关系，不必等于所有现实选择。","false"
"economic-theory-12","economic-theory","经济网络","economic-theory-12","direction-case","经济网络研究档案：效用设定、策略选择与均衡条件；节点口径、边含义和缺失连接；选择集合、机会成本和价格条件；计量单位、时间窗口和未计入的投入。需对照偏好、均衡与行为中的定义、对象索引与适用条件","关系与记录 / 观察选择与偏好","没有记录到连接不等于不存在关系，边的定义影响结构。 选择变化可以来自约束或可得方案，不一定是偏好改变。 均衡是模型条件下的关系，不必等于所有现实选择。","false"
"development-econ-1","development-econ","发展经济","development-econ-1","direction-case","发展经济研究档案：家庭资源、就业路径与制度变化；选择集合、机会成本和价格条件；可得方案、行为反应和分配结果；计量单位、时间窗口和未计入的投入。需对照发展条件与劳动机会中的定义、对象索引与适用条件","观察选择与偏好 / 平均与分配","选择变化可以来自约束或可得方案，不一定是偏好改变。 总体收益或均值变化不能说明每个人的负担都改善。 平均增长与不同家庭的机会改善是不同结果。","false"
"development-econ-2","development-econ","劳动市场","development-econ-2","direction-case","劳动市场研究档案：家庭资源、就业路径与制度变化；对象进入、角色关系和机会结构；选择集合、机会成本和价格条件。需对照的具体条目：进入退出、工时与收入分布；岗位机会、进入退出与匹配过程","个体与结构 / 观察选择与偏好","个体选择受可得机会限制，观察到的行为不能仅归因于偏好。 选择变化可以来自约束或可得方案，不一定是偏好改变。 平均增长与不同家庭的机会改善是不同结果。","false"
"development-econ-3","development-econ","教育经济","development-econ-3","direction-case","教育经济研究档案：教学任务、学生作答与撤去帮助后的新题；相关领域文献对“家庭资源、就业路径与制度变化”的用语与记录方式；任务目标、辅助条件和延迟表现。需对照的具体条目：教育投入、选择机制与就业机会","表现与学习","当场完成可受辅助影响，撤去帮助后的迁移才回答另一类问题。","false"
"development-econ-4","development-econ","人口经济","development-econ-4","direction-case","人口经济研究档案：家庭资源、就业路径与制度变化；对象进入、角色关系和机会结构；选择集合、机会成本和价格条件；计量单位、时间窗口和未计入的投入。需对照的具体条目：年龄结构、进入退出与统计分母","个体与结构 / 观察选择与偏好","个体选择受可得机会限制，观察到的行为不能仅归因于偏好。 选择变化可以来自约束或可得方案，不一定是偏好改变。 平均增长与不同家庭的机会改善是不同结果。","false"
"development-econ-5","development-econ","城乡发展","development-econ-5","direction-case","城乡发展研究档案：家庭资源、就业路径与制度变化；可得方案、行为反应和分配结果。需对照的具体条目：城乡边界、服务机会与资源流向","平均与分配","总体收益或均值变化不能说明每个人的负担都改善。 平均增长与不同家庭的机会改善是不同结果。","false"
"development-econ-6","development-econ","迁移与收入","development-econ-6","direction-case","迁移与收入研究档案：家庭资源、就业路径与制度变化；对象进入、角色关系和机会结构。需对照的具体条目：出发地、进入目的地与迁移选择","个体与结构","个体选择受可得机会限制，观察到的行为不能仅归因于偏好。 平均增长与不同家庭的机会改善是不同结果。","false"
"development-econ-7","development-econ","贫困与不平等","development-econ-7","direction-case","贫困与不平等研究档案：家庭资源、就业路径与制度变化；可得方案、行为反应和分配结果。需对照的具体条目：贫困线、分布尾部与人口权重","平均与分配","总体收益或均值变化不能说明每个人的负担都改善。 平均增长与不同家庭的机会改善是不同结果。","false"
"development-econ-8","development-econ","家庭经济","development-econ-8","direction-case","家庭经济研究档案：家庭资源、就业路径与制度变化；对象进入、角色关系和机会结构；选择集合、机会成本和价格条件；计量单位、时间窗口和未计入的投入。需对照的具体条目：亲属角色、家务分担与资源流动","个体与结构 / 观察选择与偏好","个体选择受可得机会限制，观察到的行为不能仅归因于偏好。 选择变化可以来自约束或可得方案，不一定是偏好改变。 平均增长与不同家庭的机会改善是不同结果。","false"
"development-econ-9","development-econ","健康与劳动","development-econ-9","direction-case","健康与劳动研究档案：家庭资源、就业路径与制度变化；对象进入、角色关系和机会结构。需对照的具体条目：进入退出、工时与收入分布","个体与结构","个体选择受可得机会限制，观察到的行为不能仅归因于偏好。 平均增长与不同家庭的机会改善是不同结果。","false"
"development-econ-10","development-econ","职业流动","development-econ-10","direction-case","职业流动研究档案：家庭资源、就业路径与制度变化；可得方案、行为反应和分配结果。需对照的具体条目：进入退出、工时与收入分布","平均与分配","总体收益或均值变化不能说明每个人的负担都改善。 平均增长与不同家庭的机会改善是不同结果。","false"
"development-econ-11","development-econ","区域发展","development-econ-11","direction-case","区域发展研究档案：家庭资源、就业路径与制度变化；可得方案、行为反应和分配结果；坐标基准、空间单元和不同尺度的对照。需对照发展条件与劳动机会中的定义、对象索引与适用条件","平均与分配","总体收益或均值变化不能说明每个人的负担都改善。 平均增长与不同家庭的机会改善是不同结果。","false"
"development-econ-12","development-econ","政策评价","development-econ-12","direction-case","政策评价研究档案：家庭资源、就业路径与制度变化；干预时间、比较资格和同期变化；正式文本、执行条件与被排除的对象。需对照的具体条目：文本目标、执行资源与受影响范围","差异与因果","观察差异也可能来自选择和同期变化，需额外识别依据。 平均增长与不同家庭的机会改善是不同结果。","false"
"finance-studies-1","finance-studies","资产定价","finance-studies-1","direction-case","资产定价研究档案：收益时序、交易约束与风险暴露；选择集合、机会成本和价格条件；计量时点、现金流口径和风险条件。需对照的具体条目：计量时点、现金流与风险背景","观察选择与偏好 / 价值与现金流","选择变化可以来自约束或可得方案，不一定是偏好改变。 账面金额、市场价格和可实现现金流并不相同。 历史收益、风险承受与可交易性不能相互替代。","false"
"finance-studies-2","finance-studies","公司金融","finance-studies-2","direction-case","公司金融研究档案：收益时序、交易约束与风险暴露；计量时点、现金流口径和风险条件。需对照的具体条目：主体关系、信息义务与利益顺位；计量时点、现金流与风险背景；融资约束、投资决策与治理条件","价值与现金流","账面金额、市场价格和可实现现金流并不相同。 历史收益、风险承受与可交易性不能相互替代。","false"
"finance-studies-3","finance-studies","金融市场","finance-studies-3","direction-case","金融市场研究档案：收益时序、交易约束与风险暴露；选择集合、机会成本和价格条件；计量时点、现金流口径和风险条件。需对照的具体条目：计量时点、现金流与风险背景；交易机会、报价时点与流动性","观察选择与偏好 / 价值与现金流","选择变化可以来自约束或可得方案，不一定是偏好改变。 账面金额、市场价格和可实现现金流并不相同。 历史收益、风险承受与可交易性不能相互替代。","false"
"finance-studies-4","finance-studies","银行研究","finance-studies-4","direction-case","银行研究研究档案：收益时序、交易约束与风险暴露；计量时点、现金流口径和风险条件。需对照的具体条目：计量时点、现金流与风险背景；资产负债结构、资金期限与服务机会","价值与现金流","账面金额、市场价格和可实现现金流并不相同。 历史收益、风险承受与可交易性不能相互替代。","false"
"finance-studies-5","finance-studies","保险经济","finance-studies-5","direction-case","保险经济研究档案：收益时序、交易约束与风险暴露；选择集合、机会成本和价格条件；计量时点、现金流口径和风险条件；计量单位、时间窗口和未计入的投入。需对照的具体条目：计量时点、现金流与风险背景","观察选择与偏好 / 价值与现金流","选择变化可以来自约束或可得方案，不一定是偏好改变。 账面金额、市场价格和可实现现金流并不相同。 历史收益、风险承受与可交易性不能相互替代。","false"
"finance-studies-6","finance-studies","风险度量","finance-studies-6","direction-case","风险度量研究档案：收益时序、交易约束与风险暴露；计量时点、现金流口径和风险条件。需对照的具体条目：危险条件、暴露对象与实际脆弱性；尾部口径、观察窗口与损失假设","价值与现金流","账面金额、市场价格和可实现现金流并不相同。 历史收益、风险承受与可交易性不能相互替代。","false"
"finance-studies-7","finance-studies","金融计量","finance-studies-7","direction-case","金融计量研究档案：收益时序、交易约束与风险暴露；计量时点、现金流口径和风险条件；干预时间、比较资格和同期变化；参考依据、重复读数和误差分项。需对照的具体条目：目标比较、干预起点与选择机制；计量时点、现金流与风险背景","价值与现金流 / 差异与因果","账面金额、市场价格和可实现现金流并不相同。 观察差异也可能来自选择和同期变化，需额外识别依据。 历史收益、风险承受与可交易性不能相互替代。","false"
"finance-studies-8","finance-studies","行为金融","finance-studies-8","direction-case","行为金融研究档案：收益时序、交易约束与风险暴露；计量时点、现金流口径和风险条件。需对照的具体条目：计量时点、现金流与风险背景；参照点、判断任务与选择情境","价值与现金流","账面金额、市场价格和可实现现金流并不相同。 历史收益、风险承受与可交易性不能相互替代。","false"
"finance-studies-9","finance-studies","金融科技","finance-studies-9","direction-case","金融科技研究档案：收益时序、交易约束与风险暴露；计量时点、现金流口径和风险条件。需对照的具体条目：计量时点、现金流与风险背景；仪器记录、研究制度与知识传播","价值与现金流","账面金额、市场价格和可实现现金流并不相同。 历史收益、风险承受与可交易性不能相互替代。","false"
"finance-studies-10","finance-studies","国际金融","finance-studies-10","direction-case","国际金融研究档案：收益时序、交易约束与风险暴露；计量时点、现金流口径和风险条件；各方定义、资料来源和桥接规则。需对照的具体条目：计量时点、现金流与风险背景；地区制度、指标译法与比较资格","价值与现金流","账面金额、市场价格和可实现现金流并不相同。 历史收益、风险承受与可交易性不能相互替代。","false"
"finance-studies-11","finance-studies","家庭金融","finance-studies-11","direction-case","家庭金融研究档案：收益时序、交易约束与风险暴露；对象进入、角色关系和机会结构；计量时点、现金流口径和风险条件。需对照的具体条目：亲属角色、家务分担与资源流动；计量时点、现金流与风险背景","个体与结构 / 价值与现金流","个体选择受可得机会限制，观察到的行为不能仅归因于偏好。 账面金额、市场价格和可实现现金流并不相同。 历史收益、风险承受与可交易性不能相互替代。","false"
"finance-studies-12","finance-studies","金融史","finance-studies-12","direction-case","金融史研究档案：同时代记载与后期整理本的年代对照；相关领域文献对“收益时序、交易约束与风险暴露”的用语与记录方式；年代、出处和同时代对照；同时代资料、后期整理和出处链。需对照的具体条目：计量时点、现金流与风险背景","当时与后来 / 记录与过去实践","后来形成的分类不能直接替代行动者当时使用的概念。 留存资料受保存及整理选择影响，不是过去实践的完整镜像。","false"
"trade-econ-1","trade-econ","国际贸易","trade-econ-1","direction-case","国际贸易研究档案：贸易流、企业行为与市场边界；机会成本、贸易方向和价值增加；各方定义、资料来源和桥接规则。需对照的具体条目：价值链位置、增加值与中间品重复；地区制度、指标译法与比较资格","总值与增加值","跨境总值可能重复包含中间品，不能直接等同本地增加值。 流量改变可能来自价格、数量及分类变化。","false"
"trade-econ-2","trade-econ","国际投资","trade-econ-2","direction-case","国际投资研究档案：贸易流、企业行为与市场边界；机会成本、贸易方向和价值增加；各方定义、资料来源和桥接规则。需对照的具体条目：地区制度、指标译法与比较资格","总值与增加值","跨境总值可能重复包含中间品，不能直接等同本地增加值。 流量改变可能来自价格、数量及分类变化。","false"
"trade-econ-3","trade-econ","产业组织","trade-econ-3","direction-case","产业组织研究档案：贸易流、企业行为与市场边界；对象进入、角色关系和机会结构；选择集合、机会成本和价格条件；正式文本、执行条件与被排除的对象。需对照的具体条目：角色分工、资源联系与实际协调","个体与结构 / 观察选择与偏好","个体选择受可得机会限制，观察到的行为不能仅归因于偏好。 选择变化可以来自约束或可得方案，不一定是偏好改变。 流量改变可能来自价格、数量及分类变化。","false"
"trade-econ-4","trade-econ","企业生产率","trade-econ-4","direction-case","企业生产率研究档案：贸易流、企业行为与市场边界；选择集合、机会成本和价格条件。需对照的具体条目：投入产出定义、价格因素与配置效率","观察选择与偏好","选择变化可以来自约束或可得方案，不一定是偏好改变。 流量改变可能来自价格、数量及分类变化。","false"
"trade-econ-5","trade-econ","全球价值链","trade-econ-5","direction-case","全球价值链研究档案：贸易流、企业行为与市场边界；选择集合、机会成本和价格条件；机会成本、贸易方向和价值增加；计量单位、时间窗口和未计入的投入。需对照的具体条目：跨区域联结、地方时序与资料语言","观察选择与偏好 / 总值与增加值","选择变化可以来自约束或可得方案，不一定是偏好改变。 跨境总值可能重复包含中间品，不能直接等同本地增加值。 流量改变可能来自价格、数量及分类变化。","false"
"trade-econ-6","trade-econ","数字贸易","trade-econ-6","direction-case","数字贸易研究档案：贸易流、企业行为与市场边界；机会成本、贸易方向和价值增加；版本规则、对象索引和使用任务。需对照的具体条目：价值链位置、增加值与中间品重复；编码规则、平台入口与不可见记录","总值与增加值 / 记录与对象","跨境总值可能重复包含中间品，不能直接等同本地增加值。 记录格式一致不保证对象相同，版本变化必须追溯。 流量改变可能来自价格、数量及分类变化。","false"
"trade-econ-7","trade-econ","服务贸易","trade-econ-7","direction-case","服务贸易研究档案：贸易流、企业行为与市场边界；机会成本、贸易方向和价值增加。需对照的具体条目：价值链位置、增加值与中间品重复","总值与增加值","跨境总值可能重复包含中间品，不能直接等同本地增加值。 流量改变可能来自价格、数量及分类变化。","false"
"trade-econ-8","trade-econ","竞争与监管","trade-econ-8","direction-case","竞争与监管研究档案：贸易流、企业行为与市场边界；选择集合、机会成本和价格条件；正式文本、执行条件与被排除的对象。需对照贸易结构与产业组织中的定义、对象索引与适用条件","观察选择与偏好","选择变化可以来自约束或可得方案，不一定是偏好改变。 流量改变可能来自价格、数量及分类变化。","false"
"trade-econ-9","trade-econ","技术创新","trade-econ-9","direction-case","技术创新研究档案：贸易流、企业行为与市场边界；可得方案、行为反应和分配结果。需对照的具体条目：工具版本、使用任务与适用承诺；新方案定义、采用条件与失败案例","平均与分配","总体收益或均值变化不能说明每个人的负担都改善。 流量改变可能来自价格、数量及分类变化。","false"
"trade-econ-10","trade-econ","产业转型","trade-econ-10","direction-case","产业转型研究档案：贸易流、企业行为与市场边界；选择集合、机会成本和价格条件。需对照的具体条目：行业进入退出、技术采用与就业变化","观察选择与偏好","选择变化可以来自约束或可得方案，不一定是偏好改变。 流量改变可能来自价格、数量及分类变化。","false"
"trade-econ-11","trade-econ","贸易史","trade-econ-11","direction-case","贸易史研究档案：同时代记载与后期整理本的年代对照；相关领域文献对“贸易流、企业行为与市场边界”的用语与记录方式；年代、出处和同时代对照；同时代资料、后期整理和出处链。需对照的具体条目：价值链位置、增加值与中间品重复","当时与后来 / 记录与过去实践","后来形成的分类不能直接替代行动者当时使用的概念。 留存资料受保存及整理选择影响，不是过去实践的完整镜像。","false"
"trade-econ-12","trade-econ","开放与就业","trade-econ-12","direction-case","开放与就业研究档案：贸易流、企业行为与市场边界；机会成本、贸易方向和价值增加。需对照贸易结构与产业组织中的定义、对象索引与适用条件","总值与增加值","跨境总值可能重复包含中间品，不能直接等同本地增加值。 流量改变可能来自价格、数量及分类变化。","false"
"resource-econ-1","resource-econ","财政与税收","resource-econ-1","direction-case","财政与税收研究档案：资源使用、外部影响与政策比较；法定支付、行为反应和最终负担；计量单位、时间窗口和未计入的投入。需对照的具体条目：法定支付、行为反应与最终负担","法定与经济负担","法定纳税者不一定承担全部最终经济负担。 私人收益与社会成本不同，评价视角影响取舍。","false"
"resource-econ-2","resource-econ","公共支出","resource-econ-2","direction-case","公共支出研究档案：资源使用、外部影响与政策比较；法定支付、行为反应和最终负担。需对照公共资源与外部性中的定义、对象索引与适用条件","法定与经济负担","法定纳税者不一定承担全部最终经济负担。 私人收益与社会成本不同，评价视角影响取舍。","false"
"resource-econ-3","resource-econ","环境经济","resource-econ-3","direction-case","环境经济研究档案：资源使用、外部影响与政策比较；来源、迁移途径和受影响对象；选择集合、机会成本和价格条件；计量单位、时间窗口和未计入的投入。需对照公共资源与外部性中的定义、对象索引与适用条件","来源与负担 / 观察选择与偏好","排放减少与受影响对象负担减少需要通过路径联系。 选择变化可以来自约束或可得方案，不一定是偏好改变。 私人收益与社会成本不同，评价视角影响取舍。","false"
"resource-econ-4","resource-econ","资源经济","resource-econ-4","direction-case","资源经济研究档案：资源使用、外部影响与政策比较；选择集合、机会成本和价格条件；计量单位、时间窗口和未计入的投入。需对照的具体条目：资源存量、开发边界与替代机会","观察选择与偏好","选择变化可以来自约束或可得方案，不一定是偏好改变。 私人收益与社会成本不同，评价视角影响取舍。","false"
"resource-econ-5","resource-econ","能源经济","resource-econ-5","direction-case","能源经济研究档案：资源使用、外部影响与政策比较；能量边界、时间负荷和系统服务；选择集合、机会成本和价格条件；计量单位、时间窗口和未计入的投入。需对照的具体条目：能源价格、需求反应与成本归属","效率与系统收益 / 观察选择与偏好","部件效率高不保证系统全年收益更高。 选择变化可以来自约束或可得方案，不一定是偏好改变。 私人收益与社会成本不同，评价视角影响取舍。","false"
"resource-econ-6","resource-econ","农业经济","resource-econ-6","direction-case","农业经济研究档案：资源使用、外部影响与政策比较；选择集合、机会成本和价格条件；计量单位、时间窗口和未计入的投入。需对照的具体条目：季节约束、农户选择与市场入口","观察选择与偏好","选择变化可以来自约束或可得方案，不一定是偏好改变。 私人收益与社会成本不同，评价视角影响取舍。","false"
"resource-econ-7","resource-econ","城市经济","resource-econ-7","direction-case","城市经济研究档案：资源使用、外部影响与政策比较；选择集合、机会成本和价格条件；计量单位、时间窗口和未计入的投入。需对照的具体条目：进入机会、空间路径与地方制度","观察选择与偏好","选择变化可以来自约束或可得方案，不一定是偏好改变。 私人收益与社会成本不同，评价视角影响取舍。","false"
"resource-econ-8","resource-econ","交通经济","resource-econ-8","direction-case","交通经济研究档案：资源使用、外部影响与政策比较；出行链、等待时间和可达机会；选择集合、机会成本和价格条件；计量单位、时间窗口和未计入的投入。需对照的具体条目：完整出行链、等待与目的地机会","速度与可达性 / 观察选择与偏好","平均速度提高不保证更多人能到达需要的服务。 选择变化可以来自约束或可得方案，不一定是偏好改变。 私人收益与社会成本不同，评价视角影响取舍。","false"
"resource-econ-9","resource-econ","气候政策评价","resource-econ-9","direction-case","气候政策评价研究档案：资源使用、外部影响与政策比较；干预时间、比较资格和同期变化；正式文本、执行条件与被排除的对象。需对照的具体条目：基准时期、空间覆盖与异常序列；文本目标、执行资源与受影响范围","差异与因果","观察差异也可能来自选择和同期变化，需额外识别依据。 私人收益与社会成本不同，评价视角影响取舍。","false"
"resource-econ-10","resource-econ","公共服务需求","resource-econ-10","direction-case","公共服务需求研究档案：资源使用、外部影响与政策比较；选择集合、机会成本和价格条件；需求、服务资格和未进入服务者；计量单位、时间窗口和未计入的投入。需对照的具体条目：潜在需要、服务门槛与实际使用","观察选择与偏好 / 使用与需求","选择变化可以来自约束或可得方案，不一定是偏好改变。 服务使用量受供给和资格影响，不能单独表示需求。 私人收益与社会成本不同，评价视角影响取舍。","false"
"resource-econ-11","resource-econ","外部性研究","resource-econ-11","direction-case","外部性研究研究档案：资源使用、外部影响与政策比较；可得方案、行为反应和分配结果。需对照的具体条目：外部影响对象、未定价负担与边界","平均与分配","总体收益或均值变化不能说明每个人的负担都改善。 私人收益与社会成本不同，评价视角影响取舍。","false"
"resource-econ-12","resource-econ","公共选择","resource-econ-12","direction-case","公共选择研究档案：资源使用、外部影响与政策比较；可得方案、行为反应和分配结果。需对照的具体条目：集体决策、参与规则与激励结构","平均与分配","总体收益或均值变化不能说明每个人的负担都改善。 私人收益与社会成本不同，评价视角影响取舍。","false"
"civil-law-1","civil-law","民法总论","civil-law-1","direction-case","民法总论研究档案：规范版本、争议事实和适用要件；相关领域文献对“合同义务、财产权利与履行事实”的用语与记录方式；法域、条文版本和事实要件；意思表示、成立时点和履行记录。需对照的具体条目：权利主体、法律行为与效力要件","规范与适用 / 成立与履行","同名制度可能有不同要件，规范主张须与具体法域及版本对应。 订立合同、合同有效与实际履行需要分别判断。","false"
"civil-law-2","civil-law","合同法","civil-law-2","direction-case","合同法研究档案：规范版本、争议事实和适用要件；相关领域文献对“合同义务、财产权利与履行事实”的用语与记录方式；法域、条文版本和事实要件；意思表示、成立时点和履行记录。需对照的具体条目：意思表示、成立时点与履行义务","规范与适用 / 成立与履行","同名制度可能有不同要件，规范主张须与具体法域及版本对应。 订立合同、合同有效与实际履行需要分别判断。","false"
"civil-law-3","civil-law","物权法","civil-law-3","direction-case","物权法研究档案：规范版本、争议事实和适用要件；相关领域文献对“合同义务、财产权利与履行事实”的用语与记录方式；法域、条文版本和事实要件。需对照的具体条目：权利客体、归属与公示资料","规范与适用","同名制度可能有不同要件，规范主张须与具体法域及版本对应。","false"
"civil-law-4","civil-law","侵权责任","civil-law-4","direction-case","侵权责任研究档案：行动者理由、利益负担与提出异议的记录；相关领域文献对“合同义务、财产权利与履行事实”的用语与记录方式；法域、条文版本和事实要件；受益负担、行动理由和申诉机会。需对照私法关系与交易中的定义、对象索引与适用条件","规范与适用 / 描述与规范","同名制度可能有不同要件，规范主张须与具体法域及版本对应。 多数偏好或事实描述不能独立证成规范结论。","false"
"civil-law-5","civil-law","公司法","civil-law-5","direction-case","公司法研究档案：规范版本、争议事实和适用要件；相关领域文献对“合同义务、财产权利与履行事实”的用语与记录方式；法域、条文版本和事实要件。需对照的具体条目：主体关系、信息义务与利益顺位；股东关系、机关权限与决议条件","规范与适用","同名制度可能有不同要件，规范主张须与具体法域及版本对应。","false"
"civil-law-6","civil-law","证券法研究","civil-law-6","direction-case","证券法研究研究档案：规范版本、争议事实和适用要件；相关领域文献对“合同义务、财产权利与履行事实”的用语与记录方式；法域、条文版本和事实要件。需对照的具体条目：主体关系、信息义务与利益顺位；发行或交易资料、披露义务与投资者保护","规范与适用","同名制度可能有不同要件，规范主张须与具体法域及版本对应。","false"
"civil-law-7","civil-law","破产法","civil-law-7","direction-case","破产法研究档案：规范版本、争议事实和适用要件；相关领域文献对“合同义务、财产权利与履行事实”的用语与记录方式；法域、条文版本和事实要件。需对照的具体条目：主体关系、信息义务与利益顺位；债权顺位、财产范围与程序节点","规范与适用","同名制度可能有不同要件，规范主张须与具体法域及版本对应。","false"
"civil-law-8","civil-law","保险法研究","civil-law-8","direction-case","保险法研究研究档案：规范版本、争议事实和适用要件；相关领域文献对“合同义务、财产权利与履行事实”的用语与记录方式；法域、条文版本和事实要件；意思表示、成立时点和履行记录。需对照的具体条目：计量时点、现金流与风险背景","规范与适用 / 成立与履行","同名制度可能有不同要件，规范主张须与具体法域及版本对应。 订立合同、合同有效与实际履行需要分别判断。","false"
"civil-law-9","civil-law","知识产权","civil-law-9","direction-case","知识产权研究档案：合同义务、财产权利与履行事实；保护对象、权利范围和使用方式。需对照私法关系与交易中的定义、对象索引与适用条件","对象与权利范围","有作品或技术不等于所有使用行为都受同一权利控制。 成立、效力、义务履行和责任认定需分开。","false"
"civil-law-10","civil-law","家庭与继承","civil-law-10","direction-case","家庭与继承研究档案：合同义务、财产权利与履行事实；对象进入、角色关系和机会结构。需对照的具体条目：亲属角色、家务分担与资源流动","个体与结构","个体选择受可得机会限制，观察到的行为不能仅归因于偏好。 成立、效力、义务履行和责任认定需分开。","false"
"civil-law-11","civil-law","消费者保护","civil-law-11","direction-case","消费者保护研究档案：合同义务、财产权利与履行事实；意思表示、成立时点和履行记录。需对照私法关系与交易中的定义、对象索引与适用条件","成立与履行","订立合同、合同有效与实际履行需要分别判断。 成立、效力、义务履行和责任认定需分开。","false"
"civil-law-12","civil-law","数字交易法","civil-law-12","direction-case","数字交易法研究档案：规范版本、争议事实和适用要件；相关领域文献对“合同义务、财产权利与履行事实”的用语与记录方式；法域、条文版本和事实要件；意思表示、成立时点和履行记录。需对照的具体条目：编码规则、平台入口与不可见记录","规范与适用 / 成立与履行","同名制度可能有不同要件，规范主张须与具体法域及版本对应。 订立合同、合同有效与实际履行需要分别判断。","false"
"criminal-law-1","criminal-law","刑法理论","criminal-law-1","direction-case","刑法理论研究档案：规范版本、争议事实和适用要件；相关领域文献对“构成要件、主观状态与程序证据”的用语与记录方式；法域、条文版本和事实要件；行为、主观要素和证明责任。需对照的具体条目：行为、主观要素与证明责任；构成要件、违法性与归责依据","规范与适用 / 事实与归责","同名制度可能有不同要件，规范主张须与具体法域及版本对应。 后果严重不能独立证明构成要件或主观状态。","false"
"criminal-law-2","criminal-law","刑法史","criminal-law-2","direction-case","刑法史研究档案：同时代记载与后期整理本的年代对照；相关领域文献对“构成要件、主观状态与程序证据”的用语与记录方式；年代、出处和同时代对照；法域、条文版本和事实要件。需对照的具体条目：行为、主观要素与证明责任","当时与后来 / 规范与适用","后来形成的分类不能直接替代行动者当时使用的概念。 同名制度可能有不同要件，规范主张须与具体法域及版本对应。","false"
"criminal-law-3","criminal-law","刑事政策","criminal-law-3","direction-case","刑事政策研究档案：构成要件、主观状态与程序证据；法域、条文版本和事实要件；行为、主观要素和证明责任；正式文本、执行条件与被排除的对象。需对照的具体条目：行为、主观要素与证明责任；文本目标、执行资源与受影响范围","规范与适用 / 事实与归责","同名制度可能有不同要件，规范主张须与具体法域及版本对应。 后果严重不能独立证明构成要件或主观状态。 后果严重不能替代每一要件及证明条件。","false"
"criminal-law-4","criminal-law","刑事诉讼","criminal-law-4","direction-case","刑事诉讼研究档案：规范版本、争议事实和适用要件；相关领域文献对“构成要件、主观状态与程序证据”的用语与记录方式；法域、条文版本和事实要件；行为、主观要素和证明责任。需对照的具体条目：行为、主观要素与证明责任；证明责任、证据资格与程序机会","规范与适用 / 事实与归责","同名制度可能有不同要件，规范主张须与具体法域及版本对应。 后果严重不能独立证明构成要件或主观状态。","false"
"criminal-law-5","criminal-law","证据研究","criminal-law-5","direction-case","证据研究研究档案：构成要件、主观状态与程序证据；陈述来源、证明对象和程序条件。需对照刑事实体与程序中的定义、对象索引与适用条件","主张与证明","有陈述不等于已证明，应交代陈述能支持哪个事实。 后果严重不能替代每一要件及证明条件。","false"
"criminal-law-6","criminal-law","犯罪学","criminal-law-6","direction-case","犯罪学研究档案：构成要件、主观状态与程序证据；行为、主观要素和证明责任。需对照刑事实体与程序中的定义、对象索引与适用条件","事实与归责","后果严重不能独立证明构成要件或主观状态。 后果严重不能替代每一要件及证明条件。","false"
"criminal-law-7","criminal-law","少年司法","criminal-law-7","direction-case","少年司法研究档案：规范版本、争议事实和适用要件；相关领域文献对“构成要件、主观状态与程序证据”的用语与记录方式；法域、条文版本和事实要件；行为、主观要素和证明责任。需对照刑事实体与程序中的定义、对象索引与适用条件","规范与适用 / 事实与归责","同名制度可能有不同要件，规范主张须与具体法域及版本对应。 后果严重不能独立证明构成要件或主观状态。","false"
"criminal-law-8","criminal-law","刑罚理论","criminal-law-8","direction-case","刑罚理论研究档案：构成要件、主观状态与程序证据；法域、条文版本和事实要件；行为、主观要素和证明责任。需对照的具体条目：行为、主观要素与证明责任","规范与适用 / 事实与归责","同名制度可能有不同要件，规范主张须与具体法域及版本对应。 后果严重不能独立证明构成要件或主观状态。 后果严重不能替代每一要件及证明条件。","false"
"criminal-law-9","criminal-law","司法案例","criminal-law-9","direction-case","司法案例研究档案：规范版本、争议事实和适用要件；相关领域文献对“构成要件、主观状态与程序证据”的用语与记录方式；法域、条文版本和事实要件。需对照刑事实体与程序中的定义、对象索引与适用条件","规范与适用","同名制度可能有不同要件，规范主张须与具体法域及版本对应。","false"
"criminal-law-10","criminal-law","比较刑法","criminal-law-10","direction-case","比较刑法研究档案：构成要件、主观状态与程序证据；法域、条文版本和事实要件；行为、主观要素和证明责任；各方定义、资料来源和桥接规则。需对照的具体条目：行为、主观要素与证明责任","规范与适用 / 事实与归责","同名制度可能有不同要件，规范主张须与具体法域及版本对应。 后果严重不能独立证明构成要件或主观状态。 后果严重不能替代每一要件及证明条件。","false"
"criminal-law-11","criminal-law","刑事司法治理","criminal-law-11","direction-case","刑事司法治理研究档案：构成要件、主观状态与程序证据；法域、条文版本和事实要件；行为、主观要素和证明责任；正式文本、执行条件与被排除的对象。需对照的具体条目：行为、主观要素与证明责任；规则来源、执行条件与行动者立场","规范与适用 / 事实与归责","同名制度可能有不同要件，规范主张须与具体法域及版本对应。 后果严重不能独立证明构成要件或主观状态。 后果严重不能替代每一要件及证明条件。","false"
"criminal-law-12","criminal-law","刑事法教育","criminal-law-12","direction-case","刑事法教育研究档案：教学任务、学生作答与撤去帮助后的新题；相关领域文献对“构成要件、主观状态与程序证据”的用语与记录方式；任务目标、辅助条件和延迟表现。需对照的具体条目：行为、主观要素与证明责任","表现与学习","当场完成可受辅助影响，撤去帮助后的迁移才回答另一类问题。","false"
"constitutional-law-1","constitutional-law","宪法理论","constitutional-law-1","direction-case","宪法理论研究档案：规范版本、争议事实和适用要件；相关领域文献对“权限依据、行政理由与权利影响”的用语与记录方式；法域、条文版本和事实要件；权限来源、程序机会和理由说明。需对照的具体条目：权限依据、程序机会与理由说明；权力结构、基本权利与解释立场","规范与适用 / 权限与程序","同名制度可能有不同要件，规范主张须与具体法域及版本对应。 目标合理不意味着有权限或程序已满足。","false"
"constitutional-law-2","constitutional-law","基本权利","constitutional-law-2","direction-case","基本权利研究档案：规范版本、争议事实和适用要件；相关领域文献对“权限依据、行政理由与权利影响”的用语与记录方式；法域、条文版本和事实要件；权限来源、程序机会和理由说明。需对照公权力与权利保障中的定义、对象索引与适用条件","规范与适用 / 权限与程序","同名制度可能有不同要件，规范主张须与具体法域及版本对应。 目标合理不意味着有权限或程序已满足。","false"
"constitutional-law-3","constitutional-law","行政法理论","constitutional-law-3","direction-case","行政法理论研究档案：规范版本、争议事实和适用要件；相关领域文献对“权限依据、行政理由与权利影响”的用语与记录方式；法域、条文版本和事实要件；权限来源、程序机会和理由说明。需对照的具体条目：权限依据、程序机会与理由说明；授权来源、裁量范围与审查依据","规范与适用 / 权限与程序","同名制度可能有不同要件，规范主张须与具体法域及版本对应。 目标合理不意味着有权限或程序已满足。","false"
"constitutional-law-4","constitutional-law","行政程序","constitutional-law-4","direction-case","行政程序研究档案：规范版本、争议事实和适用要件；相关领域文献对“权限依据、行政理由与权利影响”的用语与记录方式；法域、条文版本和事实要件；权限来源、程序机会和理由说明。需对照的具体条目：权限依据、程序机会与理由说明；通知、陈述机会与理由说明","规范与适用 / 权限与程序","同名制度可能有不同要件，规范主张须与具体法域及版本对应。 目标合理不意味着有权限或程序已满足。","false"
"constitutional-law-5","constitutional-law","行政诉讼","constitutional-law-5","direction-case","行政诉讼研究档案：规范版本、争议事实和适用要件；相关领域文献对“权限依据、行政理由与权利影响”的用语与记录方式；法域、条文版本和事实要件；权限来源、程序机会和理由说明。需对照的具体条目：权限依据、程序机会与理由说明；争议行为、审查对象与救济条件","规范与适用 / 权限与程序","同名制度可能有不同要件，规范主张须与具体法域及版本对应。 目标合理不意味着有权限或程序已满足。","false"
"constitutional-law-6","constitutional-law","公共机构治理","constitutional-law-6","direction-case","公共机构治理研究档案：权限依据、行政理由与权利影响；正式规则、实际执行和行为者立场；公开文件、责任分配和资源约束；正式文本、执行条件与被排除的对象。需对照的具体条目：规则来源、执行条件与行动者立场","规则与运行 / 公开记录与实践","正式文本相同不保证执行资源和实践相同。 公开记录受可披露性与编写目的影响，不等于全部实践。 目的正当不自动证明手段适合、必要或均衡。","false"
"constitutional-law-7","constitutional-law","地方制度","constitutional-law-7","direction-case","地方制度研究档案：权限依据、行政理由与权利影响；正式规则、实际执行和行为者立场；地理单元、时期边界和地方制度；正式文本、执行条件与被排除的对象。需对照的具体条目：条文来源、权限分配与执行差异","规则与运行 / 同名与可比","正式文本相同不保证执行资源和实践相同。 同名指标可在不同地区有不同含义，需保留制度语境。 目的正当不自动证明手段适合、必要或均衡。","false"
"constitutional-law-8","constitutional-law","比较宪法","constitutional-law-8","direction-case","比较宪法研究档案：权限依据、行政理由与权利影响；法域、条文版本和事实要件；权限来源、程序机会和理由说明；各方定义、资料来源和桥接规则。需对照的具体条目：权限依据、程序机会与理由说明","规范与适用 / 权限与程序","同名制度可能有不同要件，规范主张须与具体法域及版本对应。 目标合理不意味着有权限或程序已满足。 目的正当不自动证明手段适合、必要或均衡。","false"
"constitutional-law-9","constitutional-law","法治评价","constitutional-law-9","direction-case","法治评价研究档案：规范版本、争议事实和适用要件；相关领域文献对“权限依据、行政理由与权利影响”的用语与记录方式；法域、条文版本和事实要件。需对照的具体条目：评价维度、规范期待与实际记录","规范与适用","同名制度可能有不同要件，规范主张须与具体法域及版本对应。","false"
"constitutional-law-10","constitutional-law","信息公开研究","constitutional-law-10","direction-case","信息公开研究研究档案：权限依据、行政理由与权利影响；权限来源、程序机会和理由说明。需对照公权力与权利保障中的定义、对象索引与适用条件","权限与程序","目标合理不意味着有权限或程序已满足。 目的正当不自动证明手段适合、必要或均衡。","false"
"constitutional-law-11","constitutional-law","公共服务法","constitutional-law-11","direction-case","公共服务法研究档案：规范版本、争议事实和适用要件；相关领域文献对“权限依据、行政理由与权利影响”的用语与记录方式；法域、条文版本和事实要件。需对照的具体条目：服务资格、公共义务与救济途径","规范与适用","同名制度可能有不同要件，规范主张须与具体法域及版本对应。","false"
"constitutional-law-12","constitutional-law","数字行政","constitutional-law-12","direction-case","数字行政研究档案：规范版本、争议事实和适用要件；相关领域文献对“权限依据、行政理由与权利影响”的用语与记录方式；法域、条文版本和事实要件；权限来源、程序机会和理由说明。需对照的具体条目：权限依据、程序机会与理由说明；编码规则、平台入口与不可见记录","规范与适用 / 权限与程序","同名制度可能有不同要件，规范主张须与具体法域及版本对应。 目标合理不意味着有权限或程序已满足。","false"
"international-law-1","international-law","国际公法","international-law-1","direction-case","国际公法研究档案：条约文本、法域条件与实践记录；法域、条文版本和事实要件；各方定义、资料来源和桥接规则。需对照的具体条目：地区制度、指标译法与比较资格；国家行为、国际义务与适用来源","规范与适用","同名制度可能有不同要件，规范主张须与具体法域及版本对应。 不同制度中的同名术语不能无条件等同。","false"
"international-law-2","international-law","国际私法","international-law-2","direction-case","国际私法研究档案：条约文本、法域条件与实践记录；法域、条文版本和事实要件；各方定义、资料来源和桥接规则。需对照的具体条目：地区制度、指标译法与比较资格；法律关系、连接因素与冲突规则","规范与适用","同名制度可能有不同要件，规范主张须与具体法域及版本对应。 不同制度中的同名术语不能无条件等同。","false"
"international-law-3","international-law","国际经济法","international-law-3","direction-case","国际经济法研究档案：条约文本、法域条件与实践记录；法域、条文版本和事实要件；各方定义、资料来源和桥接规则。需对照的具体条目：地区制度、指标译法与比较资格；跨境交易、条约规则与监管背景","规范与适用","同名制度可能有不同要件，规范主张须与具体法域及版本对应。 不同制度中的同名术语不能无条件等同。","false"
"international-law-4","international-law","国际组织法","international-law-4","direction-case","国际组织法研究档案：条约文本、法域条件与实践记录；对象进入、角色关系和机会结构；法域、条文版本和事实要件；正式文本、执行条件与被排除的对象。需对照的具体条目：地区制度、指标译法与比较资格；角色分工、资源联系与实际协调","个体与结构 / 规范与适用","个体选择受可得机会限制，观察到的行为不能仅归因于偏好。 同名制度可能有不同要件，规范主张须与具体法域及版本对应。 不同制度中的同名术语不能无条件等同。","false"
"international-law-5","international-law","国际环境法","international-law-5","direction-case","国际环境法研究档案：条约文本、法域条件与实践记录；法域、条文版本和事实要件；各方定义、资料来源和桥接规则。需对照的具体条目：受规制活动、损害范围与责任依据；地区制度、指标译法与比较资格","规范与适用","同名制度可能有不同要件，规范主张须与具体法域及版本对应。 不同制度中的同名术语不能无条件等同。","false"
"international-law-6","international-law","国际争端研究","international-law-6","direction-case","国际争端研究研究档案：条约文本、法域条件与实践记录；公开信号、解释立场和执行安排；各方定义、资料来源和桥接规则。需对照的具体条目：地区制度、指标译法与比较资格","表态与承诺","公开表态的含义依赖情境，签署文本不保证执行。 不同制度中的同名术语不能无条件等同。","false"
"international-law-7","international-law","比较民法","international-law-7","direction-case","比较民法研究档案：条约文本、法域条件与实践记录；法域、条文版本和事实要件；意思表示、成立时点和履行记录；各方定义、资料来源和桥接规则。需对照的具体条目：权利主体、法律行为与效力要件","规范与适用 / 成立与履行","同名制度可能有不同要件，规范主张须与具体法域及版本对应。 订立合同、合同有效与实际履行需要分别判断。 不同制度中的同名术语不能无条件等同。","false"
"international-law-8","international-law","比较公法","international-law-8","direction-case","比较公法研究档案：条约文本、法域条件与实践记录；法域、条文版本和事实要件；各方定义、资料来源和桥接规则。需对照国际规则与法域比较中的定义、对象索引与适用条件","规范与适用","同名制度可能有不同要件，规范主张须与具体法域及版本对应。 不同制度中的同名术语不能无条件等同。","false"
"international-law-9","international-law","跨境法律关系","international-law-9","direction-case","跨境法律关系研究档案：规范版本、争议事实和适用要件；相关领域文献对“条约文本、法域条件与实践记录”的用语与记录方式；法域、条文版本和事实要件。需对照国际规则与法域比较中的定义、对象索引与适用条件","规范与适用","同名制度可能有不同要件，规范主张须与具体法域及版本对应。","false"
"international-law-10","international-law","区域法律制度","international-law-10","direction-case","区域法律制度研究档案：条约文本、法域条件与实践记录；法域、条文版本和事实要件；正式规则、实际执行和行为者立场；正式文本、执行条件与被排除的对象。需对照的具体条目：条文来源、权限分配与执行差异","规范与适用 / 规则与运行","同名制度可能有不同要件，规范主张须与具体法域及版本对应。 正式文本相同不保证执行资源和实践相同。 不同制度中的同名术语不能无条件等同。","false"
"international-law-11","international-law","国际法史","international-law-11","direction-case","国际法史研究档案：同时代记载与后期整理本的年代对照；相关领域文献对“条约文本、法域条件与实践记录”的用语与记录方式；年代、出处和同时代对照；法域、条文版本和事实要件。需对照的具体条目：法域、多语条款与缔约背景；地区制度、指标译法与比较资格","当时与后来 / 规范与适用","后来形成的分类不能直接替代行动者当时使用的概念。 同名制度可能有不同要件，规范主张须与具体法域及版本对应。","false"
"international-law-12","international-law","法律翻译","international-law-12","direction-case","法律翻译研究档案：规范版本、争议事实和适用要件；相关领域文献对“条约文本、法域条件与实践记录”的用语与记录方式；法域、条文版本和事实要件。需对照的具体条目：原文版本、读者任务与译法取舍","规范与适用","同名制度可能有不同要件，规范主张须与具体法域及版本对应。","false"
"law-society-1","law-society","法律经验研究","law-society-1","direction-case","法律经验研究研究档案：制度文本、纠纷经验与实施层次；司法实践、职业关系和生活中的法律用语。需对照的具体条目：资料进入、职业实践与制度背景","规范与社会实践","规范文本、职业实践与当事人的法律理解是不同层次，不能只由条文推断实际经验。 法律规定与社会中的实际遵行不是同一证据。","false"
"law-society-2","law-society","司法社会学","law-society-2","direction-case","司法社会学研究档案：制度文本、纠纷经验与实施层次；司法实践、职业关系和生活中的法律用语；对象进入、角色关系和机会结构。需对照的具体条目：法院实践、职业角色与社会资源","规范与社会实践 / 个体与结构","规范文本、职业实践与当事人的法律理解是不同层次，不能只由条文推断实际经验。 个体选择受可得机会限制，观察到的行为不能仅归因于偏好。 法律规定与社会中的实际遵行不是同一证据。","false"
"law-society-3","law-society","法律职业","law-society-3","direction-case","法律职业研究档案：制度文本、纠纷经验与实施层次；司法实践、职业关系和生活中的法律用语。需对照的具体条目：进入退出、工时与收入分布","规范与社会实践","规范文本、职业实践与当事人的法律理解是不同层次，不能只由条文推断实际经验。 法律规定与社会中的实际遵行不是同一证据。","false"
"law-society-4","law-society","法律意识","law-society-4","direction-case","法律意识研究档案：制度文本、纠纷经验与实施层次；司法实践、职业关系和生活中的法律用语。需对照的具体条目：当事人用语、生活经验与规范理解","规范与社会实践","规范文本、职业实践与当事人的法律理解是不同层次，不能只由条文推断实际经验。 法律规定与社会中的实际遵行不是同一证据。","false"
"law-society-5","law-society","法制史","law-society-5","direction-case","法制史研究档案：同时代记载与后期整理本的年代对照；相关领域文献对“制度文本、纠纷经验与实施层次”的用语与记录方式；年代、出处和同时代对照；法域、条文版本和事实要件。需对照法律规范与社会运行中的定义、对象索引与适用条件","当时与后来 / 规范与适用","后来形成的分类不能直接替代行动者当时使用的概念。 同名制度可能有不同要件，规范主张须与具体法域及版本对应。","false"
"law-society-6","law-society","法哲学","law-society-6","direction-case","法哲学研究档案：规范版本、争议事实和适用要件；相关领域文献对“制度文本、纠纷经验与实施层次”的用语与记录方式；法域、条文版本和事实要件。需对照的具体条目：法律概念、规范效力与理由结构","规范与适用","同名制度可能有不同要件，规范主张须与具体法域及版本对应。","false"
"law-society-7","law-society","法律解释","law-society-7","direction-case","法律解释研究档案：规范版本、争议事实和适用要件；相关领域文献对“制度文本、纠纷经验与实施层次”的用语与记录方式；法域、条文版本和事实要件。需对照的具体条目：解释对象、论证方法与冲突规范","规范与适用","同名制度可能有不同要件，规范主张须与具体法域及版本对应。","false"
"law-society-8","law-society","法律与技术","law-society-8","direction-case","法律与技术研究档案：规范版本、争议事实和适用要件；相关领域文献对“制度文本、纠纷经验与实施层次”的用语与记录方式；法域、条文版本和事实要件。需对照的具体条目：工具版本、使用任务与适用承诺","规范与适用","同名制度可能有不同要件，规范主张须与具体法域及版本对应。","false"
"law-society-9","law-society","纠纷解决","law-society-9","direction-case","纠纷解决研究档案：制度文本、纠纷经验与实施层次；陈述来源、证明对象和程序条件；司法实践、职业关系和生活中的法律用语。需对照法律规范与社会运行中的定义、对象索引与适用条件","主张与证明 / 规范与社会实践","有陈述不等于已证明，应交代陈述能支持哪个事实。 规范文本、职业实践与当事人的法律理解是不同层次，不能只由条文推断实际经验。 法律规定与社会中的实际遵行不是同一证据。","false"
"law-society-10","law-society","法律服务","law-society-10","direction-case","法律服务研究档案：制度文本、纠纷经验与实施层次；司法实践、职业关系和生活中的法律用语。需对照的具体条目：服务资格、专业协作与未获帮助者","规范与社会实践","规范文本、职业实践与当事人的法律理解是不同层次，不能只由条文推断实际经验。 法律规定与社会中的实际遵行不是同一证据。","false"
"law-society-11","law-society","法学文献方法","law-society-11","direction-case","法学文献方法研究档案：逐页出处、底本差异和缺页索引；相关领域文献对“制度文本、纠纷经验与实施层次”的用语与记录方式；底本出处、异文位置和编订层次；法域、条文版本和事实要件。需对照的具体条目：输入要求、适用前提与方法失败条件","原文与编订 / 规范与适用","后世编订和现代转写会改变可见文本，须保留版本链。 同名制度可能有不同要件，规范主张须与具体法域及版本对应。","false"
"law-society-12","law-society","法律教育","law-society-12","direction-case","法律教育研究档案：教学任务、学生作答与撤去帮助后的新题；相关领域文献对“制度文本、纠纷经验与实施层次”的用语与记录方式；任务目标、辅助条件和延迟表现。需对照法律规范与社会运行中的定义、对象索引与适用条件","表现与学习","当场完成可受辅助影响，撤去帮助后的迁移才回答另一类问题。","false"
"education-theory-1","education-theory","教育哲学","education-theory-1","direction-case","教育哲学研究档案：理论文本、教育制度与时期语境；教育目的、制度条件与学习经验的分别材料；任务目标、辅助条件和延迟表现。需对照的具体条目：教育目的、行动理由与学习价值","目的、制度与经验 / 表现与学习","制度安排、教育目的与学习者经验不是同一对象，不能只从规定推断实际机会。 当场完成可受辅助影响，撤去帮助后的迁移才回答另一类问题。 教育理想与制度实践之间需要材料桥接。","false"
"education-theory-2","education-theory","教育社会学","education-theory-2","direction-case","教育社会学研究档案：理论文本、教育制度与时期语境；教育目的、制度条件与学习经验的分别材料；任务目标、辅助条件和延迟表现。需对照教育目的与制度历史中的定义、对象索引与适用条件","目的、制度与经验 / 表现与学习","制度安排、教育目的与学习者经验不是同一对象，不能只从规定推断实际机会。 当场完成可受辅助影响，撤去帮助后的迁移才回答另一类问题。 教育理想与制度实践之间需要材料桥接。","false"
"education-theory-3","education-theory","教育史","education-theory-3","direction-case","教育史研究档案：同时代记载与后期整理本的年代对照；相关领域文献对“理论文本、教育制度与时期语境”的用语与记录方式；年代、出处和同时代对照；同时代资料、后期整理和出处链。需对照教育目的与制度历史中的定义、对象索引与适用条件","当时与后来 / 记录与过去实践","后来形成的分类不能直接替代行动者当时使用的概念。 留存资料受保存及整理选择影响，不是过去实践的完整镜像。","false"
"education-theory-4","education-theory","比较教育","education-theory-4","direction-case","比较教育研究档案：理论文本、教育制度与时期语境；教育目的、制度条件与学习经验的分别材料；任务目标、辅助条件和延迟表现；各方定义、资料来源和桥接规则。需对照的具体条目：地区制度、指标译法与比较资格","目的、制度与经验 / 表现与学习","制度安排、教育目的与学习者经验不是同一对象，不能只从规定推断实际机会。 当场完成可受辅助影响，撤去帮助后的迁移才回答另一类问题。 教育理想与制度实践之间需要材料桥接。","false"
"education-theory-5","education-theory","教育制度","education-theory-5","direction-case","教育制度研究档案：理论文本、教育制度与时期语境；教育目的、制度条件与学习经验的分别材料；任务目标、辅助条件和延迟表现；正式文本、执行条件与被排除的对象。需对照的具体条目：条文来源、权限分配与执行差异","目的、制度与经验 / 表现与学习","制度安排、教育目的与学习者经验不是同一对象，不能只从规定推断实际机会。 当场完成可受辅助影响，撤去帮助后的迁移才回答另一类问题。 教育理想与制度实践之间需要材料桥接。","false"
"education-theory-6","education-theory","教育公平","education-theory-6","direction-case","教育公平研究档案：行动者理由、利益负担与提出异议的记录；相关领域文献对“理论文本、教育制度与时期语境”的用语与记录方式；受益负担、行动理由和申诉机会。需对照的具体条目：教育机会、进入条件与群体负担","描述与规范","多数偏好或事实描述不能独立证成规范结论。","false"
"education-theory-7","education-theory","教育伦理","education-theory-7","direction-case","教育伦理研究档案：行动者理由、利益负担与提出异议的记录；相关领域文献对“理论文本、教育制度与时期语境”的用语与记录方式；受益负担、行动理由和申诉机会。需对照的具体条目：行动理由、受益负担与申诉机会","描述与规范","多数偏好或事实描述不能独立证成规范结论。","false"
"education-theory-8","education-theory","家庭教育","education-theory-8","direction-case","家庭教育研究档案：理论文本、教育制度与时期语境；教育目的、制度条件与学习经验的分别材料；任务目标、辅助条件和延迟表现。需对照的具体条目：亲属角色、家务分担与资源流动","目的、制度与经验 / 表现与学习","制度安排、教育目的与学习者经验不是同一对象，不能只从规定推断实际机会。 当场完成可受辅助影响，撤去帮助后的迁移才回答另一类问题。 教育理想与制度实践之间需要材料桥接。","false"
"education-theory-9","education-theory","学校文化","education-theory-9","direction-case","学校文化研究档案：理论文本、教育制度与时期语境；教育目的、制度条件与学习经验的分别材料。需对照的具体条目：实践语境、符号用法与传承位置","目的、制度与经验","制度安排、教育目的与学习者经验不是同一对象，不能只从规定推断实际机会。 教育理想与制度实践之间需要材料桥接。","false"
"education-theory-10","education-theory","教育思想史","education-theory-10","direction-case","教育思想史研究档案：同时代记载与后期整理本的年代对照；相关领域文献对“理论文本、教育制度与时期语境”的用语与记录方式；年代、出处和同时代对照；同时代资料、后期整理和出处链。需对照的具体条目：概念用法、论争对象与传播时点","当时与后来 / 记录与过去实践","后来形成的分类不能直接替代行动者当时使用的概念。 留存资料受保存及整理选择影响，不是过去实践的完整镜像。","false"
"education-theory-11","education-theory","教育政策史","education-theory-11","direction-case","教育政策史研究档案：同时代记载与后期整理本的年代对照；相关领域文献对“理论文本、教育制度与时期语境”的用语与记录方式；年代、出处和同时代对照；同时代资料、后期整理和出处链。需对照的具体条目：文本目标、执行资源与受影响范围","当时与后来 / 记录与过去实践","后来形成的分类不能直接替代行动者当时使用的概念。 留存资料受保存及整理选择影响，不是过去实践的完整镜像。","false"
"education-theory-12","education-theory","教育知识论","education-theory-12","direction-case","教育知识论研究档案：理论文本、教育制度与时期语境；教育目的、制度条件与学习经验的分别材料；任务目标、辅助条件和延迟表现。需对照的具体条目：知识分类、课程取舍与认识理由","目的、制度与经验 / 表现与学习","制度安排、教育目的与学习者经验不是同一对象，不能只从规定推断实际机会。 当场完成可受辅助影响，撤去帮助后的迁移才回答另一类问题。 教育理想与制度实践之间需要材料桥接。","false"
"curriculum-studies-1","curriculum-studies","课程理论","curriculum-studies-1","direction-case","课程理论研究档案：教学任务、学生作答与撤去帮助后的新题；相关领域文献对“教材结构、课堂任务与评价要求”的用语与记录方式；任务目标、辅助条件和延迟表现。需对照的具体条目：目标任务、辅助条件与延迟迁移；目标结构、内容选择与课程边界","表现与学习","当场完成可受辅助影响，撤去帮助后的迁移才回答另一类问题。","false"
"curriculum-studies-2","curriculum-studies","教学设计","curriculum-studies-2","direction-case","教学设计研究档案：教学任务、学生作答与撤去帮助后的新题；相关领域文献对“教材结构、课堂任务与评价要求”的用语与记录方式；任务目标、辅助条件和延迟表现。需对照的具体条目：目标任务、辅助条件与延迟迁移；目标对齐、活动顺序与评价任务","表现与学习","当场完成可受辅助影响，撤去帮助后的迁移才回答另一类问题。","false"
"curriculum-studies-3","curriculum-studies","课堂研究","curriculum-studies-3","direction-case","课堂研究研究档案：教材结构、课堂任务与评价要求；学习机会、互动角色和环境支持。需对照课程目标与任务中的定义、对象索引与适用条件","参与与完成","提供资源不保证获得参与机会，完成任务也不保证归属感。 课程内容覆盖与学生能力形成不是同一结果。","false"
"curriculum-studies-4","curriculum-studies","学科教学","curriculum-studies-4","direction-case","学科教学研究档案：教学任务、学生作答与撤去帮助后的新题；相关领域文献对“教材结构、课堂任务与评价要求”的用语与记录方式；任务目标、辅助条件和延迟表现。需对照的具体条目：目标任务、辅助条件与延迟迁移；学科概念、学生误解与教学表征","表现与学习","当场完成可受辅助影响，撤去帮助后的迁移才回答另一类问题。","false"
"curriculum-studies-5","curriculum-studies","教材分析","curriculum-studies-5","direction-case","教材分析研究档案：教学任务、学生作答与撤去帮助后的新题；相关领域文献对“教材结构、课堂任务与评价要求”的用语与记录方式；任务目标、辅助条件和延迟表现。需对照的具体条目：输入假设、测量或推导链与不确定性","表现与学习","当场完成可受辅助影响，撤去帮助后的迁移才回答另一类问题。","false"
"curriculum-studies-6","curriculum-studies","教师反馈","curriculum-studies-6","direction-case","教师反馈研究档案：教学任务、学生作答与撤去帮助后的新题；相关领域文献对“教材结构、课堂任务与评价要求”的用语与记录方式；任务目标、辅助条件和延迟表现。需对照的具体条目：反馈时点、专业判断与课堂条件","表现与学习","当场完成可受辅助影响，撤去帮助后的迁移才回答另一类问题。","false"
"curriculum-studies-7","curriculum-studies","学习评价","curriculum-studies-7","direction-case","学习评价研究档案：教材结构、课堂任务与评价要求；任务目标、辅助条件和延迟表现。需对照的具体条目：目标任务、辅助条件与延迟迁移；目标构念、任务难度与评分规则","表现与学习","当场完成可受辅助影响，撤去帮助后的迁移才回答另一类问题。 课程内容覆盖与学生能力形成不是同一结果。","false"
"curriculum-studies-8","curriculum-studies","项目学习","curriculum-studies-8","direction-case","项目学习研究档案：教材结构、课堂任务与评价要求；任务目标、辅助条件和延迟表现。需对照的具体条目：目标任务、辅助条件与延迟迁移；项目分工、持续产出与个体学习","表现与学习","当场完成可受辅助影响，撤去帮助后的迁移才回答另一类问题。 课程内容覆盖与学生能力形成不是同一结果。","false"
"curriculum-studies-9","curriculum-studies","探究教学","curriculum-studies-9","direction-case","探究教学研究档案：教学任务、学生作答与撤去帮助后的新题；相关领域文献对“教材结构、课堂任务与评价要求”的用语与记录方式；任务目标、辅助条件和延迟表现。需对照的具体条目：目标任务、辅助条件与延迟迁移；学生问题、证据使用与解释修订","表现与学习","当场完成可受辅助影响，撤去帮助后的迁移才回答另一类问题。","false"
"curriculum-studies-10","curriculum-studies","跨学科课程","curriculum-studies-10","direction-case","跨学科课程研究档案：教学任务、学生作答与撤去帮助后的新题；相关领域文献对“教材结构、课堂任务与评价要求”的用语与记录方式；任务目标、辅助条件和延迟表现。需对照的具体条目：目标任务、辅助条件与延迟迁移；共同问题、学科分工与评价对齐","表现与学习","当场完成可受辅助影响，撤去帮助后的迁移才回答另一类问题。","false"
"curriculum-studies-11","curriculum-studies","课程实施","curriculum-studies-11","direction-case","课程实施研究档案：教学任务、学生作答与撤去帮助后的新题；相关领域文献对“教材结构、课堂任务与评价要求”的用语与记录方式；任务目标、辅助条件和延迟表现。需对照的具体条目：目标任务、辅助条件与延迟迁移；计划内容、课堂实际与调整原因","表现与学习","当场完成可受辅助影响，撤去帮助后的迁移才回答另一类问题。","false"
"curriculum-studies-12","curriculum-studies","教学反思","curriculum-studies-12","direction-case","教学反思研究档案：教学任务、学生作答与撤去帮助后的新题；相关领域文献对“教材结构、课堂任务与评价要求”的用语与记录方式；任务目标、辅助条件和延迟表现。需对照的具体条目：目标任务、辅助条件与延迟迁移；关键事件、教师判断与替代方案","表现与学习","当场完成可受辅助影响，撤去帮助后的迁移才回答另一类问题。","false"
"early-education-1","early-education","儿童发展","early-education-1","direction-case","儿童发展研究档案：发展阶段、参与条件与家庭支持；阶段界限、相关对象和进入机会。需对照的具体条目：发展阶段、照护关系与适龄任务","阶段与历程","不同阶段的人不能只按年龄平均数视为同一历程。 年龄分组不能替代发展状态及个体支持需要。","false"
"early-education-2","early-education","游戏与学习","early-education-2","direction-case","游戏与学习研究档案：发展阶段、参与条件与家庭支持；任务目标、辅助条件和延迟表现。需对照的具体条目：目标任务、辅助条件与延迟迁移","表现与学习","当场完成可受辅助影响，撤去帮助后的迁移才回答另一类问题。 年龄分组不能替代发展状态及个体支持需要。","false"
"early-education-3","early-education","幼儿园课程","early-education-3","direction-case","幼儿园课程研究档案：教学任务、学生作答与撤去帮助后的新题；相关领域文献对“发展阶段、参与条件与家庭支持”的用语与记录方式；任务目标、辅助条件和延迟表现。需对照的具体条目：目标任务、辅助条件与延迟迁移；发展阶段、照护关系与适龄任务","表现与学习","当场完成可受辅助影响，撤去帮助后的迁移才回答另一类问题。","false"
"early-education-4","early-education","家庭协作","early-education-4","direction-case","家庭协作研究档案：发展阶段、参与条件与家庭支持；对象进入、角色关系和机会结构；学习机会、互动角色和环境支持。需对照的具体条目：亲属角色、家务分担与资源流动","个体与结构 / 参与与完成","个体选择受可得机会限制，观察到的行为不能仅归因于偏好。 提供资源不保证获得参与机会，完成任务也不保证归属感。 年龄分组不能替代发展状态及个体支持需要。","false"
"early-education-5","early-education","融合教育","early-education-5","direction-case","融合教育研究档案：教学任务、学生作答与撤去帮助后的新题；相关领域文献对“发展阶段、参与条件与家庭支持”的用语与记录方式；任务目标、辅助条件和延迟表现。需对照的具体条目：支持需要、实际参与与环境障碍；支持需要、普通课堂参与与障碍","表现与学习","当场完成可受辅助影响，撤去帮助后的迁移才回答另一类问题。","false"
"early-education-6","early-education","特殊教育评价","early-education-6","direction-case","特殊教育评价研究档案：教学任务、学生作答与撤去帮助后的新题；相关领域文献对“发展阶段、参与条件与家庭支持”的用语与记录方式；任务目标、辅助条件和延迟表现。需对照的具体条目：支持需要、实际参与与环境障碍；适用人群、辅助条件与进步口径","表现与学习","当场完成可受辅助影响，撤去帮助后的迁移才回答另一类问题。","false"
"early-education-7","early-education","语言发展教育","early-education-7","direction-case","语言发展教育研究档案：教学任务、学生作答与撤去帮助后的新题；相关领域文献对“发展阶段、参与条件与家庭支持”的用语与记录方式；任务目标、辅助条件和延迟表现；发音或语境片段、形式对照和说话者背景。需对照儿童发展与支持中的定义、对象索引与适用条件","表现与学习 / 形式与功能","当场完成可受辅助影响，撤去帮助后的迁移才回答另一类问题。 相同形式在不同语境可实现不同交际功能。","false"
"early-education-8","early-education","感知与运动支持","early-education-8","direction-case","感知与运动支持研究档案：发展阶段、参与条件与家庭支持；训练暴露、恢复阶段和任务表现。需对照的具体条目：训练暴露、恢复阶段与测试熟悉","训练与测试","测试进步可能含熟悉效应，训练效果需要暴露与恢复背景。 年龄分组不能替代发展状态及个体支持需要。","false"
"early-education-9","early-education","支持技术","early-education-9","direction-case","支持技术研究档案：发展阶段、参与条件与家庭支持；学习机会、互动角色和环境支持。需对照的具体条目：工具版本、使用任务与适用承诺","参与与完成","提供资源不保证获得参与机会，完成任务也不保证归属感。 年龄分组不能替代发展状态及个体支持需要。","false"
"early-education-10","early-education","教育参与","early-education-10","direction-case","教育参与研究档案：教学任务、学生作答与撤去帮助后的新题；相关领域文献对“发展阶段、参与条件与家庭支持”的用语与记录方式；任务目标、辅助条件和延迟表现。需对照儿童发展与支持中的定义、对象索引与适用条件","表现与学习","当场完成可受辅助影响，撤去帮助后的迁移才回答另一类问题。","false"
"early-education-11","early-education","早期教育环境","early-education-11","direction-case","早期教育环境研究档案：教学任务、学生作答与撤去帮助后的新题；相关领域文献对“发展阶段、参与条件与家庭支持”的用语与记录方式；任务目标、辅助条件和延迟表现。需对照的具体条目：活动空间、照护互动与探索机会","表现与学习","当场完成可受辅助影响，撤去帮助后的迁移才回答另一类问题。","false"
"early-education-12","early-education","教育服务","early-education-12","direction-case","教育服务研究档案：教学任务、学生作答与撤去帮助后的新题；相关领域文献对“发展阶段、参与条件与家庭支持”的用语与记录方式；任务目标、辅助条件和延迟表现。需对照的具体条目：服务门槛、实际覆盖与家庭需要","表现与学习","当场完成可受辅助影响，撤去帮助后的迁移才回答另一类问题。","false"
"higher-education-1","higher-education","大学治理","higher-education-1","direction-case","大学治理研究档案：培养制度、指导网络与学生经历；学习机会、互动角色和环境支持；正式文本、执行条件与被排除的对象。需对照的具体条目：规则来源、执行条件与行动者立场；培养阶段、指导关系与学术参与机会","参与与完成","提供资源不保证获得参与机会，完成任务也不保证归属感。 形式资源可得不等于学生实际获得指导。","false"
"higher-education-2","higher-education","研究生教育","higher-education-2","direction-case","研究生教育研究档案：培养制度、指导网络与学生经历；任务目标、辅助条件和延迟表现。需对照的具体条目：培养阶段、指导关系与学术参与机会；指导反馈、研究参与与阶段目标","表现与学习","当场完成可受辅助影响，撤去帮助后的迁移才回答另一类问题。 形式资源可得不等于学生实际获得指导。","false"
"higher-education-3","higher-education","高等教育评价","higher-education-3","direction-case","高等教育评价研究档案：培养制度、指导网络与学生经历；任务目标、辅助条件和延迟表现。需对照的具体条目：培养阶段、指导关系与学术参与机会；大学任务、评价权重与学科差异","表现与学习","当场完成可受辅助影响，撤去帮助后的迁移才回答另一类问题。 形式资源可得不等于学生实际获得指导。","false"
"higher-education-4","higher-education","职业教育","higher-education-4","direction-case","职业教育研究档案：培养制度、指导网络与学生经历；任务目标、辅助条件和延迟表现。需对照的具体条目：进入退出、工时与收入分布","表现与学习","当场完成可受辅助影响，撤去帮助后的迁移才回答另一类问题。 形式资源可得不等于学生实际获得指导。","false"
"higher-education-5","higher-education","专业与课程","higher-education-5","direction-case","专业与课程研究档案：培养制度、指导网络与学生经历；任务目标、辅助条件和延迟表现。需对照的具体条目：目标任务、辅助条件与延迟迁移","表现与学习","当场完成可受辅助影响，撤去帮助后的迁移才回答另一类问题。 形式资源可得不等于学生实际获得指导。","false"
"higher-education-6","higher-education","大学生发展","higher-education-6","direction-case","大学生发展研究档案：培养制度、指导网络与学生经历；阶段界限、相关对象和进入机会。需对照的具体条目：培养阶段、指导关系与学术参与机会","阶段与历程","不同阶段的人不能只按年龄平均数视为同一历程。 形式资源可得不等于学生实际获得指导。","false"
"higher-education-7","higher-education","学术职业","higher-education-7","direction-case","学术职业研究档案：培养制度、指导网络与学生经历；学习机会、互动角色和环境支持。需对照的具体条目：进入退出、工时与收入分布","参与与完成","提供资源不保证获得参与机会，完成任务也不保证归属感。 形式资源可得不等于学生实际获得指导。","false"
"higher-education-8","higher-education","产教合作","higher-education-8","direction-case","产教合作研究档案：培养制度、指导网络与学生经历；学习机会、互动角色和环境支持。需对照的具体条目：培养目标、岗位任务与双方责任","参与与完成","提供资源不保证获得参与机会，完成任务也不保证归属感。 形式资源可得不等于学生实际获得指导。","false"
"higher-education-9","higher-education","继续教育","higher-education-9","direction-case","继续教育研究档案：培养制度、指导网络与学生经历；任务目标、辅助条件和延迟表现。需对照的具体条目：已有经验、学习机会与工作约束","表现与学习","当场完成可受辅助影响，撤去帮助后的迁移才回答另一类问题。 形式资源可得不等于学生实际获得指导。","false"
"higher-education-10","higher-education","教育与就业","higher-education-10","direction-case","教育与就业研究档案：培养制度、指导网络与学生经历；任务目标、辅助条件和延迟表现。需对照的具体条目：教育选择、岗位需求与职业进入","表现与学习","当场完成可受辅助影响，撤去帮助后的迁移才回答另一类问题。 形式资源可得不等于学生实际获得指导。","false"
"higher-education-11","higher-education","国际教育","higher-education-11","direction-case","国际教育研究档案：培养制度、指导网络与学生经历；任务目标、辅助条件和延迟表现；各方定义、资料来源和桥接规则。需对照的具体条目：地区制度、指标译法与比较资格","表现与学习","当场完成可受辅助影响，撤去帮助后的迁移才回答另一类问题。 形式资源可得不等于学生实际获得指导。","false"
"higher-education-12","higher-education","校园支持","higher-education-12","direction-case","校园支持研究档案：培养制度、指导网络与学生经历；学习机会、互动角色和环境支持。需对照的具体条目：求助入口、支持关系与服务退出","参与与完成","提供资源不保证获得参与机会，完成任务也不保证归属感。 形式资源可得不等于学生实际获得指导。","false"
"education-technology-1","education-technology","学习分析","education-technology-1","direction-case","学习分析研究档案：工具版本、学习活动与反馈使用；任务目标、辅助条件和延迟表现。需对照的具体条目：目标任务、辅助条件与延迟迁移；输入假设、测量或推导链与不确定性","表现与学习","当场完成可受辅助影响，撤去帮助后的迁移才回答另一类问题。 使用工具与形成学习收益之间需要任务和行为证据。","false"
"education-technology-2","education-technology","数字学习环境","education-technology-2","direction-case","数字学习环境研究档案：工具版本、学习活动与反馈使用；任务目标、辅助条件和延迟表现；版本规则、对象索引和使用任务。需对照的具体条目：目标任务、辅助条件与延迟迁移；编码规则、平台入口与不可见记录","表现与学习 / 记录与对象","当场完成可受辅助影响，撤去帮助后的迁移才回答另一类问题。 记录格式一致不保证对象相同，版本变化必须追溯。 使用工具与形成学习收益之间需要任务和行为证据。","false"
"education-technology-3","education-technology","在线协作","education-technology-3","direction-case","在线协作研究档案：工具版本、学习活动与反馈使用；学习机会、互动角色和环境支持。需对照学习技术与设计中的定义、对象索引与适用条件","参与与完成","提供资源不保证获得参与机会，完成任务也不保证归属感。 使用工具与形成学习收益之间需要任务和行为证据。","false"
"education-technology-4","education-technology","教学媒体","education-technology-4","direction-case","教学媒体研究档案：教学任务、学生作答与撤去帮助后的新题；相关领域文献对“工具版本、学习活动与反馈使用”的用语与记录方式；任务目标、辅助条件和延迟表现。需对照的具体条目：目标任务、辅助条件与延迟迁移","表现与学习","当场完成可受辅助影响，撤去帮助后的迁移才回答另一类问题。","false"
"education-technology-5","education-technology","教育游戏","education-technology-5","direction-case","教育游戏研究档案：教学任务、学生作答与撤去帮助后的新题；相关领域文献对“工具版本、学习活动与反馈使用”的用语与记录方式；任务目标、辅助条件和延迟表现。需对照的具体条目：规则反馈、任务挑战与学习迁移","表现与学习","当场完成可受辅助影响，撤去帮助后的迁移才回答另一类问题。","false"
"education-technology-6","education-technology","智能辅导评价","education-technology-6","direction-case","智能辅导评价研究档案：教学任务、学生作答与撤去帮助后的新题；相关领域文献对“工具版本、学习活动与反馈使用”的用语与记录方式；任务目标、辅助条件和延迟表现。需对照的具体条目：建议来源、学生依赖与撤去支持","表现与学习","当场完成可受辅助影响，撤去帮助后的迁移才回答另一类问题。","false"
"education-technology-7","education-technology","资源设计","education-technology-7","direction-case","资源设计研究档案：工具版本、学习活动与反馈使用；学习机会、互动角色和环境支持；任务路径、迭代版本和错误恢复记录。需对照学习技术与设计中的定义、对象索引与适用条件","参与与完成","提供资源不保证获得参与机会，完成任务也不保证归属感。 使用工具与形成学习收益之间需要任务和行为证据。","false"
"education-technology-8","education-technology","教师数字实践","education-technology-8","direction-case","教师数字实践研究档案：教学任务、学生作答与撤去帮助后的新题；相关领域文献对“工具版本、学习活动与反馈使用”的用语与记录方式；任务目标、辅助条件和延迟表现。需对照的具体条目：编码规则、平台入口与不可见记录；反馈时点、专业判断与课堂条件","表现与学习","当场完成可受辅助影响，撤去帮助后的迁移才回答另一类问题。","false"
"education-technology-9","education-technology","学习可及性","education-technology-9","direction-case","学习可及性研究档案：工具版本、学习活动与反馈使用；任务目标、辅助条件和延迟表现；任务路径、迭代版本和错误恢复记录。需对照的具体条目：目标任务、辅助条件与延迟迁移","表现与学习","当场完成可受辅助影响，撤去帮助后的迁移才回答另一类问题。 使用工具与形成学习收益之间需要任务和行为证据。","false"
"education-technology-10","education-technology","教育技术伦理","education-technology-10","direction-case","教育技术伦理研究档案：行动者理由、利益负担与提出异议的记录；相关领域文献对“工具版本、学习活动与反馈使用”的用语与记录方式；受益负担、行动理由和申诉机会。需对照的具体条目：行动理由、受益负担与申诉机会；工具版本、使用任务与适用承诺","描述与规范","多数偏好或事实描述不能独立证成规范结论。","false"
"education-technology-11","education-technology","沉浸学习","education-technology-11","direction-case","沉浸学习研究档案：工具版本、学习活动与反馈使用；任务目标、辅助条件和延迟表现。需对照的具体条目：目标任务、辅助条件与延迟迁移；感知条件、交互负担与退出体验","表现与学习","当场完成可受辅助影响，撤去帮助后的迁移才回答另一类问题。 使用工具与形成学习收益之间需要任务和行为证据。","false"
"education-technology-12","education-technology","技术整合","education-technology-12","direction-case","技术整合研究档案：工具版本、学习活动与反馈使用；学习机会、互动角色和环境支持。需对照的具体条目：工具版本、使用任务与适用承诺；来源映射、重叠对象与桥接假设","参与与完成","提供资源不保证获得参与机会，完成任务也不保证归属感。 使用工具与形成学习收益之间需要任务和行为证据。","false"
"chinese-language-1","chinese-language","古代文学","chinese-language-1","direction-case","古代文学研究档案：同时代记载与后期整理本的年代对照；相关领域文献对“汉语实例、文学版本与诠释传统”的用语与记录方式；年代、出处和同时代对照；叙述位置、文本片段和出版语境。需对照的具体条目：叙述声音、关键片段与版本语境；原典传承、时代用语与后世注释","当时与后来 / 叙述者与作者","后来形成的分类不能直接替代行动者当时使用的概念。 叙述者的态度不能不经论证直接当成作者立场。","false"
"chinese-language-2","chinese-language","现代文学","chinese-language-2","direction-case","现代文学研究档案：关键段落、话语位置和相反解释；相关领域文献对“汉语实例、文学版本与诠释传统”的用语与记录方式；年代、出处和同时代对照；叙述位置、文本片段和出版语境。需对照的具体条目：叙述声音、关键片段与版本语境；时期划分、制度变化与同时代用语","当时与后来 / 叙述者与作者","后来形成的分类不能直接替代行动者当时使用的概念。 叙述者的态度不能不经论证直接当成作者立场。","false"
"chinese-language-3","chinese-language","当代文学","chinese-language-3","direction-case","当代文学研究档案：关键段落、话语位置和相反解释；相关领域文献对“汉语实例、文学版本与诠释传统”的用语与记录方式；叙述位置、文本片段和出版语境。需对照的具体条目：叙述声音、关键片段与版本语境；当代出版、社会语境与接受变化","叙述者与作者","叙述者的态度不能不经论证直接当成作者立场。","false"
"chinese-language-4","chinese-language","文艺理论","chinese-language-4","direction-case","文艺理论研究档案：汉语实例、文学版本与诠释传统；叙述位置、文本片段和出版语境。需对照汉语与文学文献中的定义、对象索引与适用条件","叙述者与作者","叙述者的态度不能不经论证直接当成作者立场。 同一词形在不同时期和文本中可具有不同含义。","false"
"chinese-language-5","chinese-language","汉语语法","chinese-language-5","direction-case","汉语语法研究档案：汉语实例、文学版本与诠释传统；发音或语境片段、形式对照和说话者背景。需对照的具体条目：最小句对、结构位置与可接受度背景；中文原典、制度时期与地方用语","形式与功能","相同形式在不同语境可实现不同交际功能。 同一词形在不同时期和文本中可具有不同含义。","false"
"chinese-language-6","chinese-language","汉语词汇","chinese-language-6","direction-case","汉语词汇研究档案：汉语实例、文学版本与诠释传统；发音或语境片段、形式对照和说话者背景。需对照的具体条目：中文原典、制度时期与地方用语；词项分布、搭配条件与义项划分","形式与功能","相同形式在不同语境可实现不同交际功能。 同一词形在不同时期和文本中可具有不同含义。","false"
"chinese-language-7","chinese-language","汉语方言","chinese-language-7","direction-case","汉语方言研究档案：汉语实例、文学版本与诠释传统；发音或语境片段、形式对照和说话者背景。需对照的具体条目：中文原典、制度时期与地方用语；地点、说话者历程与变体分布","形式与功能","相同形式在不同语境可实现不同交际功能。 同一词形在不同时期和文本中可具有不同含义。","false"
"chinese-language-8","chinese-language","古典文献","chinese-language-8","direction-case","古典文献研究档案：逐页出处、底本差异和缺页索引；相关领域文献对“汉语实例、文学版本与诠释传统”的用语与记录方式；底本出处、异文位置和编订层次。需对照的具体条目：原典传承、时代用语与后世注释","原文与编订","后世编订和现代转写会改变可见文本，须保留版本链。","false"
"chinese-language-9","chinese-language","文学批评","chinese-language-9","direction-case","文学批评研究档案：关键段落、话语位置和相反解释；相关领域文献对“汉语实例、文学版本与诠释传统”的用语与记录方式；叙述位置、文本片段和出版语境。需对照的具体条目：叙述声音、关键片段与版本语境；批评标准、文本依据与反对意见","叙述者与作者","叙述者的态度不能不经论证直接当成作者立场。","false"
"chinese-language-10","chinese-language","文学与媒介","chinese-language-10","direction-case","文学与媒介研究档案：关键段落、话语位置和相反解释；相关领域文献对“汉语实例、文学版本与诠释传统”的用语与记录方式；叙述位置、文本片段和出版语境；生产记录、传播路径和接触机会。需对照的具体条目：叙述声音、关键片段与版本语境；媒介形式、生产条件与可见性规则","叙述者与作者 / 接触与影响","叙述者的态度不能不经论证直接当成作者立场。 看过材料不等于改变了态度，平台可见记录不代表全体受众。","false"
"chinese-language-11","chinese-language","地域文学","chinese-language-11","direction-case","地域文学研究档案：关键段落、话语位置和相反解释；相关领域文献对“汉语实例、文学版本与诠释传统”的用语与记录方式；叙述位置、文本片段和出版语境。需对照的具体条目：叙述声音、关键片段与版本语境；地域称谓、地方网络与流通边界","叙述者与作者","叙述者的态度不能不经论证直接当成作者立场。","false"
"chinese-language-12","chinese-language","文学教育","chinese-language-12","direction-case","文学教育研究档案：教学任务、学生作答与撤去帮助后的新题；相关领域文献对“汉语实例、文学版本与诠释传统”的用语与记录方式；任务目标、辅助条件和延迟表现。需对照的具体条目：叙述声音、关键片段与版本语境","表现与学习","当场完成可受辅助影响，撤去帮助后的迁移才回答另一类问题。","false"
"foreign-literatures-1","foreign-literatures","英语文学","foreign-literatures-1","direction-case","英语文学研究档案：关键段落、话语位置和相反解释；相关领域文献对“原语文本、译本差异与接受背景”的用语与记录方式；叙述位置、文本片段和出版语境。需对照的具体条目：叙述声音、关键片段与版本语境；语言原本、译介年代与接受语境；英语原版、修订版与英语言说语境","叙述者与作者","叙述者的态度不能不经论证直接当成作者立场。","false"
"foreign-literatures-2","foreign-literatures","法语文学","foreign-literatures-2","direction-case","法语文学研究档案：关键段落、话语位置和相反解释；相关领域文献对“原语文本、译本差异与接受背景”的用语与记录方式；叙述位置、文本片段和出版语境。需对照的具体条目：叙述声音、关键片段与版本语境；语言原本、译介年代与接受语境；法语原版、译介版本与法语言说语境","叙述者与作者","叙述者的态度不能不经论证直接当成作者立场。","false"
"foreign-literatures-3","foreign-literatures","德语文学","foreign-literatures-3","direction-case","德语文学研究档案：关键段落、话语位置和相反解释；相关领域文献对“原语文本、译本差异与接受背景”的用语与记录方式；叙述位置、文本片段和出版语境。需对照的具体条目：叙述声音、关键片段与版本语境；语言原本、译介年代与接受语境；德语原版、译介版本与德语言说语境","叙述者与作者","叙述者的态度不能不经论证直接当成作者立场。","false"
"foreign-literatures-4","foreign-literatures","俄语文学","foreign-literatures-4","direction-case","俄语文学研究档案：关键段落、话语位置和相反解释；相关领域文献对“原语文本、译本差异与接受背景”的用语与记录方式；叙述位置、文本片段和出版语境。需对照的具体条目：叙述声音、关键片段与版本语境；语言原本、译介年代与接受语境；俄语原版、译介版本与俄语言说语境","叙述者与作者","叙述者的态度不能不经论证直接当成作者立场。","false"
"foreign-literatures-5","foreign-literatures","日本文学","foreign-literatures-5","direction-case","日本文学研究档案：关键段落、话语位置和相反解释；相关领域文献对“原语文本、译本差异与接受背景”的用语与记录方式；叙述位置、文本片段和出版语境。需对照的具体条目：叙述声音、关键片段与版本语境；语言原本、译介年代与接受语境；日语原版、译介版本与日本接受语境","叙述者与作者","叙述者的态度不能不经论证直接当成作者立场。","false"
"foreign-literatures-6","foreign-literatures","韩国文学","foreign-literatures-6","direction-case","韩国文学研究档案：关键段落、话语位置和相反解释；相关领域文献对“原语文本、译本差异与接受背景”的用语与记录方式；叙述位置、文本片段和出版语境。需对照的具体条目：叙述声音、关键片段与版本语境；语言原本、译介年代与接受语境；韩语原版、译介版本与韩国接受语境","叙述者与作者","叙述者的态度不能不经论证直接当成作者立场。","false"
"foreign-literatures-7","foreign-literatures","跨文化比较","foreign-literatures-7","direction-case","跨文化比较研究档案：原语文本、译本差异与接受背景；原文版本、目的读者和译法取舍；各方定义、资料来源和桥接规则。需对照的具体条目：实践语境、符号用法与传承位置","对等与目的","字面对应未必实现目标情境中的功能对等。 译本形成的联系不必等于原文中的联系。","false"
"foreign-literatures-8","foreign-literatures","世界文学","foreign-literatures-8","direction-case","世界文学研究档案：关键段落、话语位置和相反解释；相关领域文献对“原语文本、译本差异与接受背景”的用语与记录方式；叙述位置、文本片段和出版语境。需对照的具体条目：叙述声音、关键片段与版本语境；跨区域联结、地方时序与资料语言","叙述者与作者","叙述者的态度不能不经论证直接当成作者立场。","false"
"foreign-literatures-9","foreign-literatures","文学翻译","foreign-literatures-9","direction-case","文学翻译研究档案：关键段落、话语位置和相反解释；相关领域文献对“原语文本、译本差异与接受背景”的用语与记录方式；叙述位置、文本片段和出版语境。需对照的具体条目：原文版本、读者任务与译法取舍；叙述声音、关键片段与版本语境","叙述者与作者","叙述者的态度不能不经论证直接当成作者立场。","false"
"foreign-literatures-10","foreign-literatures","后殖民研究","foreign-literatures-10","direction-case","后殖民研究研究档案：原语文本、译本差异与接受背景；叙述位置、文本片段和出版语境。需对照的具体条目：统治关系、资料形成与被压制声音","叙述者与作者","叙述者的态度不能不经论证直接当成作者立场。 译本形成的联系不必等于原文中的联系。","false"
"foreign-literatures-11","foreign-literatures","文学与迁移","foreign-literatures-11","direction-case","文学与迁移研究档案：关键段落、话语位置和相反解释；相关领域文献对“原语文本、译本差异与接受背景”的用语与记录方式；叙述位置、文本片段和出版语境。需对照的具体条目：出发地、进入目的地与迁移选择；叙述声音、关键片段与版本语境","叙述者与作者","叙述者的态度不能不经论证直接当成作者立场。","false"
"foreign-literatures-12","foreign-literatures","比较诗学","foreign-literatures-12","direction-case","比较诗学研究档案：原语文本、译本差异与接受背景；叙述位置、文本片段和出版语境；各方定义、资料来源和桥接规则。需对照异语文学与比较中的定义、对象索引与适用条件","叙述者与作者","叙述者的态度不能不经论证直接当成作者立场。 译本形成的联系不必等于原文中的联系。","false"
"linguistics-studies-1","linguistics-studies","语音学","linguistics-studies-1","direction-case","语音学研究档案：语音、句法、语义及使用实例；发音或语境片段、形式对照和说话者背景。需对照的具体条目：录音条件、最小对立与发音位置；声学读数、发音条件与听觉任务","形式与功能","相同形式在不同语境可实现不同交际功能。 语言结构与语境推断需要分层解释。","false"
"linguistics-studies-2","linguistics-studies","音系学","linguistics-studies-2","direction-case","音系学研究档案：语音、句法、语义及使用实例；发音或语境片段、形式对照和说话者背景。需对照的具体条目：录音条件、最小对立与发音位置；音位对立、分布条件与规则分析","形式与功能","相同形式在不同语境可实现不同交际功能。 语言结构与语境推断需要分层解释。","false"
"linguistics-studies-3","linguistics-studies","句法学","linguistics-studies-3","direction-case","句法学研究档案：语音、句法、语义及使用实例；发音或语境片段、形式对照和说话者背景。需对照的具体条目：最小句对、结构位置与可接受度背景","形式与功能","相同形式在不同语境可实现不同交际功能。 语言结构与语境推断需要分层解释。","false"
"linguistics-studies-4","linguistics-studies","语义学","linguistics-studies-4","direction-case","语义学研究档案：关键段落、话语位置和相反解释；相关领域文献对“语音、句法、语义及使用实例”的用语与记录方式；发音或语境片段、形式对照和说话者背景。需对照的具体条目：表达形式、上下文与会话推论；真值条件、组合结构与词义关系","形式与功能","相同形式在不同语境可实现不同交际功能。","false"
"linguistics-studies-5","linguistics-studies","语用学","linguistics-studies-5","direction-case","语用学研究档案：关键段落、话语位置和相反解释；相关领域文献对“语音、句法、语义及使用实例”的用语与记录方式；发音或语境片段、形式对照和说话者背景。需对照的具体条目：表达形式、上下文与会话推论；交际意图、共同背景与推论撤销","形式与功能","相同形式在不同语境可实现不同交际功能。","false"
"linguistics-studies-6","linguistics-studies","社会语言学","linguistics-studies-6","direction-case","社会语言学研究档案：语音、句法、语义及使用实例；发音或语境片段、形式对照和说话者背景。需对照的具体条目：说话者位置、交往网络与语体选择","形式与功能","相同形式在不同语境可实现不同交际功能。 语言结构与语境推断需要分层解释。","false"
"linguistics-studies-7","linguistics-studies","心理语言学","linguistics-studies-7","direction-case","心理语言学研究档案：语音、句法、语义及使用实例；发音或语境片段、形式对照和说话者背景。需对照的具体条目：任务版本、状态条件与构念定义","形式与功能","相同形式在不同语境可实现不同交际功能。 语言结构与语境推断需要分层解释。","false"
"linguistics-studies-8","linguistics-studies","语料库语言学","linguistics-studies-8","direction-case","语料库语言学研究档案：语音、句法、语义及使用实例；发音或语境片段、形式对照和说话者背景。需对照的具体条目：收录规则、文本类型与词项分布","形式与功能","相同形式在不同语境可实现不同交际功能。 语言结构与语境推断需要分层解释。","false"
"linguistics-studies-9","linguistics-studies","语言接触","linguistics-studies-9","direction-case","语言接触研究档案：语音、句法、语义及使用实例；发音或语境片段、形式对照和说话者背景。需对照的具体条目：接触历程、借用形式与使用者网络","形式与功能","相同形式在不同语境可实现不同交际功能。 语言结构与语境推断需要分层解释。","false"
"linguistics-studies-10","linguistics-studies","语言习得","linguistics-studies-10","direction-case","语言习得研究档案：语音、句法、语义及使用实例；任务目标、辅助条件和延迟表现；发音或语境片段、形式对照和说话者背景。需对照语言系统与语境中的定义、对象索引与适用条件","表现与学习 / 形式与功能","当场完成可受辅助影响，撤去帮助后的迁移才回答另一类问题。 相同形式在不同语境可实现不同交际功能。 语言结构与语境推断需要分层解释。","false"
"linguistics-studies-11","linguistics-studies","语言政策","linguistics-studies-11","direction-case","语言政策研究档案：语音、句法、语义及使用实例；发音或语境片段、形式对照和说话者背景；正式文本、执行条件与被排除的对象。需对照的具体条目：文本目标、执行资源与受影响范围","形式与功能","相同形式在不同语境可实现不同交际功能。 语言结构与语境推断需要分层解释。","false"
"linguistics-studies-12","linguistics-studies","语言技术评价","linguistics-studies-12","direction-case","语言技术评价研究档案：语音、句法、语义及使用实例；发音或语境片段、形式对照和说话者背景。需对照的具体条目：工具版本、使用任务与适用承诺","形式与功能","相同形式在不同语境可实现不同交际功能。 语言结构与语境推断需要分层解释。","false"
"translation-studies-1","translation-studies","翻译理论","translation-studies-1","direction-case","翻译理论研究档案：源文语境、译文选择与使用目的；原文版本、目的读者和译法取舍。需对照的具体条目：原文版本、读者任务与译法取舍；对等定义、目的条件与论证案例","对等与目的","字面对应未必实现目标情境中的功能对等。 译词准确不自动保证交际功能与使用效果。","false"
"translation-studies-2","translation-studies","翻译史","translation-studies-2","direction-case","翻译史研究档案：同时代记载与后期整理本的年代对照；相关领域文献对“源文语境、译文选择与使用目的”的用语与记录方式；年代、出处和同时代对照；同时代资料、后期整理和出处链。需对照的具体条目：原文版本、读者任务与译法取舍","当时与后来 / 记录与过去实践","后来形成的分类不能直接替代行动者当时使用的概念。 留存资料受保存及整理选择影响，不是过去实践的完整镜像。","false"
"translation-studies-3","translation-studies","文学翻译","translation-studies-3","direction-case","文学翻译研究档案：关键段落、话语位置和相反解释；相关领域文献对“源文语境、译文选择与使用目的”的用语与记录方式；叙述位置、文本片段和出版语境。需对照的具体条目：原文版本、读者任务与译法取舍；叙述声音、关键片段与版本语境","叙述者与作者","叙述者的态度不能不经论证直接当成作者立场。","false"
"translation-studies-4","translation-studies","口译研究","translation-studies-4","direction-case","口译研究研究档案：源文语境、译文选择与使用目的；原文版本、目的读者和译法取舍。需对照的具体条目：讲话时序、处理负荷与即时表达","对等与目的","字面对应未必实现目标情境中的功能对等。 译词准确不自动保证交际功能与使用效果。","false"
"translation-studies-5","translation-studies","专业翻译","translation-studies-5","direction-case","专业翻译研究档案：源文语境、译文选择与使用目的；原文版本、目的读者和译法取舍。需对照的具体条目：原文版本、读者任务与译法取舍；术语标准、专业读者与任务用途","对等与目的","字面对应未必实现目标情境中的功能对等。 译词准确不自动保证交际功能与使用效果。","false"
"translation-studies-6","translation-studies","视听翻译","translation-studies-6","direction-case","视听翻译研究档案：源文语境、译文选择与使用目的；原文版本、目的读者和译法取舍。需对照的具体条目：原文版本、读者任务与译法取舍；声画关系、字幕时长与理解任务","对等与目的","字面对应未必实现目标情境中的功能对等。 译词准确不自动保证交际功能与使用效果。","false"
"translation-studies-7","translation-studies","机器翻译评价","translation-studies-7","direction-case","机器翻译评价研究档案：源文语境、译文选择与使用目的；原文版本、目的读者和译法取舍。需对照的具体条目：原文版本、读者任务与译法取舍；评估文本、错误类别与人工基线","对等与目的","字面对应未必实现目标情境中的功能对等。 译词准确不自动保证交际功能与使用效果。","false"
"translation-studies-8","translation-studies","翻译技术","translation-studies-8","direction-case","翻译技术研究档案：源文语境、译文选择与使用目的；原文版本、目的读者和译法取舍。需对照的具体条目：原文版本、读者任务与译法取舍；工具版本、使用任务与适用承诺","对等与目的","字面对应未必实现目标情境中的功能对等。 译词准确不自动保证交际功能与使用效果。","false"
"translation-studies-9","translation-studies","译者研究","translation-studies-9","direction-case","译者研究研究档案：源文语境、译文选择与使用目的；原文版本、目的读者和译法取舍。需对照的具体条目：译者决策、编辑协作与工作条件","对等与目的","字面对应未必实现目标情境中的功能对等。 译词准确不自动保证交际功能与使用效果。","false"
"translation-studies-10","translation-studies","翻译教育","translation-studies-10","direction-case","翻译教育研究档案：教学任务、学生作答与撤去帮助后的新题；相关领域文献对“源文语境、译文选择与使用目的”的用语与记录方式；任务目标、辅助条件和延迟表现。需对照的具体条目：原文版本、读者任务与译法取舍","表现与学习","当场完成可受辅助影响，撤去帮助后的迁移才回答另一类问题。","false"
"translation-studies-11","translation-studies","跨文化交流","translation-studies-11","direction-case","跨文化交流研究档案：源文语境、译文选择与使用目的；原文版本、目的读者和译法取舍；各方定义、资料来源和桥接规则。需对照的具体条目：实践语境、符号用法与传承位置","对等与目的","字面对应未必实现目标情境中的功能对等。 译词准确不自动保证交际功能与使用效果。","false"
"translation-studies-12","translation-studies","翻译伦理","translation-studies-12","direction-case","翻译伦理研究档案：行动者理由、利益负担与提出异议的记录；相关领域文献对“源文语境、译文选择与使用目的”的用语与记录方式；受益负担、行动理由和申诉机会。需对照的具体条目：原文版本、读者任务与译法取舍；行动理由、受益负担与申诉机会","描述与规范","多数偏好或事实描述不能独立证成规范结论。","false"
"media-studies-1","media-studies","新闻史","media-studies-1","direction-case","新闻史研究档案：同时代记载与后期整理本的年代对照；相关领域文献对“内容生产、平台分发与受众路径”的用语与记录方式；年代、出处和同时代对照；生产记录、传播路径和接触机会。需对照的具体条目：来源核实、采访位置与编辑取舍","当时与后来 / 接触与影响","后来形成的分类不能直接替代行动者当时使用的概念。 看过材料不等于改变了态度，平台可见记录不代表全体受众。","false"
"media-studies-2","media-studies","新闻生产","media-studies-2","direction-case","新闻生产研究档案：内容生产、平台分发与受众路径；生产记录、传播路径和接触机会。需对照的具体条目：来源核实、采访位置与编辑取舍","接触与影响","看过材料不等于改变了态度，平台可见记录不代表全体受众。 分发量、实际接触和理解接受不能直接等同。","false"
"media-studies-3","media-studies","传播理论","media-studies-3","direction-case","传播理论研究档案：内容生产、平台分发与受众路径；生产记录、传播路径和接触机会。需对照的具体条目：信息入口、转述链与接触分母；核心概念、适用对象与反例材料","接触与影响","看过材料不等于改变了态度，平台可见记录不代表全体受众。 分发量、实际接触和理解接受不能直接等同。","false"
"media-studies-4","media-studies","受众研究","media-studies-4","direction-case","受众研究研究档案：内容生产、平台分发与受众路径；生产记录、传播路径和接触机会。需对照的具体条目：接触机会、理解路径与未参与者","接触与影响","看过材料不等于改变了态度，平台可见记录不代表全体受众。 分发量、实际接触和理解接受不能直接等同。","false"
"media-studies-5","media-studies","平台传播","media-studies-5","direction-case","平台传播研究档案：内容生产、平台分发与受众路径；生产记录、传播路径和接触机会。需对照的具体条目：信息入口、转述链与接触分母；推荐入口、排序条件与未曝光对象","接触与影响","看过材料不等于改变了态度，平台可见记录不代表全体受众。 分发量、实际接触和理解接受不能直接等同。","false"
"media-studies-6","media-studies","视觉传播","media-studies-6","direction-case","视觉传播研究档案：内容生产、平台分发与受众路径；生产记录、传播路径和接触机会。需对照的具体条目：信息入口、转述链与接触分母；图像来源、视觉组织与理解路径","接触与影响","看过材料不等于改变了态度，平台可见记录不代表全体受众。 分发量、实际接触和理解接受不能直接等同。","false"
"media-studies-7","media-studies","健康传播","media-studies-7","direction-case","健康传播研究档案：内容生产、平台分发与受众路径；生产记录、传播路径和接触机会。需对照的具体条目：信息入口、转述链与接触分母；健康信息出处、理解障碍与行为机会","接触与影响","看过材料不等于改变了态度，平台可见记录不代表全体受众。 分发量、实际接触和理解接受不能直接等同。","false"
"media-studies-8","media-studies","科学传播","media-studies-8","direction-case","科学传播研究档案：内容生产、平台分发与受众路径；生产记录、传播路径和接触机会。需对照的具体条目：信息入口、转述链与接触分母；知识来源、不确定性表达与公众理解","接触与影响","看过材料不等于改变了态度，平台可见记录不代表全体受众。 分发量、实际接触和理解接受不能直接等同。","false"
"media-studies-9","media-studies","公共传播","media-studies-9","direction-case","公共传播研究档案：公开来源、展陈取舍与观众提出的问题；相关领域文献对“内容生产、平台分发与受众路径”的用语与记录方式；生产记录、传播路径和接触机会。需对照的具体条目：信息入口、转述链与接触分母","接触与影响","看过材料不等于改变了态度，平台可见记录不代表全体受众。","false"
"media-studies-10","media-studies","媒介伦理","media-studies-10","direction-case","媒介伦理研究档案：行动者理由、利益负担与提出异议的记录；相关领域文献对“内容生产、平台分发与受众路径”的用语与记录方式；生产记录、传播路径和接触机会；受益负担、行动理由和申诉机会。需对照的具体条目：行动理由、受益负担与申诉机会；媒介形式、生产条件与可见性规则","接触与影响 / 描述与规范","看过材料不等于改变了态度，平台可见记录不代表全体受众。 多数偏好或事实描述不能独立证成规范结论。","false"
"media-studies-11","media-studies","数字新闻","media-studies-11","direction-case","数字新闻研究档案：内容生产、平台分发与受众路径；生产记录、传播路径和接触机会。需对照的具体条目：来源核实、采访位置与编辑取舍；编码规则、平台入口与不可见记录","接触与影响","看过材料不等于改变了态度，平台可见记录不代表全体受众。 分发量、实际接触和理解接受不能直接等同。","false"
"media-studies-12","media-studies","媒介档案","media-studies-12","direction-case","媒介档案研究档案：逐页出处、底本差异和缺页索引；相关领域文献对“内容生产、平台分发与受众路径”的用语与记录方式；底本出处、异文位置和编订层次；生产记录、传播路径和接触机会。需对照的具体条目：媒介形式、生产条件与可见性规则；形成机关、归档过程与缺件","原文与编订 / 接触与影响","后世编订和现代转写会改变可见文本，须保留版本链。 看过材料不等于改变了态度，平台可见记录不代表全体受众。","false"
"chinese-history-1","chinese-history","中国古代史","chinese-history-1","direction-case","中国古代史研究档案：同时代记载与后期整理本的年代对照；相关领域文献对“时期文书、地方材料与制度称谓”的用语与记录方式；年代、出处和同时代对照；同时代资料、后期整理和出处链。需对照的具体条目：中文原典、制度时期与地方用语；原典传承、时代用语与后世注释","当时与后来 / 记录与过去实践","后来形成的分类不能直接替代行动者当时使用的概念。 留存资料受保存及整理选择影响，不是过去实践的完整镜像。","false"
"chinese-history-2","chinese-history","中国近现代史","chinese-history-2","direction-case","中国近现代史研究档案：同时代记载与后期整理本的年代对照；相关领域文献对“时期文书、地方材料与制度称谓”的用语与记录方式；年代、出处和同时代对照；同时代资料、后期整理和出处链。需对照的具体条目：中文原典、制度时期与地方用语；时期划分、制度变化与同时代用语","当时与后来 / 记录与过去实践","后来形成的分类不能直接替代行动者当时使用的概念。 留存资料受保存及整理选择影响，不是过去实践的完整镜像。","false"
"chinese-history-3","chinese-history","制度史","chinese-history-3","direction-case","制度史研究档案：同时代记载与后期整理本的年代对照；相关领域文献对“时期文书、地方材料与制度称谓”的用语与记录方式；年代、出处和同时代对照；同时代资料、后期整理和出处链。需对照的具体条目：条文来源、权限分配与执行差异","当时与后来 / 记录与过去实践","后来形成的分类不能直接替代行动者当时使用的概念。 留存资料受保存及整理选择影响，不是过去实践的完整镜像。","false"
"chinese-history-4","chinese-history","经济史","chinese-history-4","direction-case","经济史研究档案：同时代记载与后期整理本的年代对照；相关领域文献对“时期文书、地方材料与制度称谓”的用语与记录方式；年代、出处和同时代对照；同时代资料、后期整理和出处链。需对照的具体条目：价格单位、账册口径与时代购买条件","当时与后来 / 记录与过去实践","后来形成的分类不能直接替代行动者当时使用的概念。 留存资料受保存及整理选择影响，不是过去实践的完整镜像。","false"
"chinese-history-5","chinese-history","社会史","chinese-history-5","direction-case","社会史研究档案：同时代记载与后期整理本的年代对照；相关领域文献对“时期文书、地方材料与制度称谓”的用语与记录方式；年代、出处和同时代对照；同时代资料、后期整理和出处链。需对照的具体条目：生活记录、社会位置与日常制度","当时与后来 / 记录与过去实践","后来形成的分类不能直接替代行动者当时使用的概念。 留存资料受保存及整理选择影响，不是过去实践的完整镜像。","false"
"chinese-history-6","chinese-history","文化史","chinese-history-6","direction-case","文化史研究档案：同时代记载与后期整理本的年代对照；相关领域文献对“时期文书、地方材料与制度称谓”的用语与记录方式；年代、出处和同时代对照；同时代资料、后期整理和出处链。需对照的具体条目：实践语境、符号用法与传承位置","当时与后来 / 记录与过去实践","后来形成的分类不能直接替代行动者当时使用的概念。 留存资料受保存及整理选择影响，不是过去实践的完整镜像。","false"
"chinese-history-7","chinese-history","思想史","chinese-history-7","direction-case","思想史研究档案：同时代记载与后期整理本的年代对照；相关领域文献对“时期文书、地方材料与制度称谓”的用语与记录方式；年代、出处和同时代对照；同时代资料、后期整理和出处链。需对照的具体条目：概念用法、论争对象与传播时点","当时与后来 / 记录与过去实践","后来形成的分类不能直接替代行动者当时使用的概念。 留存资料受保存及整理选择影响，不是过去实践的完整镜像。","false"
"chinese-history-8","chinese-history","地方史","chinese-history-8","direction-case","地方史研究档案：同时代记载与后期整理本的年代对照；相关领域文献对“时期文书、地方材料与制度称谓”的用语与记录方式；年代、出处和同时代对照；讲述时点、在场位置和其他来源。需对照中国历史制度与社会中的定义、对象索引与适用条件","当时与后来 / 记忆与事件","后来形成的分类不能直接替代行动者当时使用的概念。 回忆同时记录过去经验和后来讲述的处境。","false"
"chinese-history-9","chinese-history","人口史","chinese-history-9","direction-case","人口史研究档案：同时代记载与后期整理本的年代对照；相关领域文献对“时期文书、地方材料与制度称谓”的用语与记录方式；年代、出处和同时代对照；同时代资料、后期整理和出处链。需对照的具体条目：年龄结构、进入退出与统计分母","当时与后来 / 记录与过去实践","后来形成的分类不能直接替代行动者当时使用的概念。 留存资料受保存及整理选择影响，不是过去实践的完整镜像。","false"
"chinese-history-10","chinese-history","交通与交流史","chinese-history-10","direction-case","交通与交流史研究档案：同时代记载与后期整理本的年代对照；相关领域文献对“时期文书、地方材料与制度称谓”的用语与记录方式；年代、出处和同时代对照；同时代资料、后期整理和出处链。需对照的具体条目：完整出行链、等待与目的地机会","当时与后来 / 记录与过去实践","后来形成的分类不能直接替代行动者当时使用的概念。 留存资料受保存及整理选择影响，不是过去实践的完整镜像。","false"
"chinese-history-11","chinese-history","中国史学史","chinese-history-11","direction-case","中国史学史研究档案：同时代记载与后期整理本的年代对照；相关领域文献对“时期文书、地方材料与制度称谓”的用语与记录方式；年代、出处和同时代对照；同时代资料、后期整理和出处链。需对照的具体条目：中文原典、制度时期与地方用语；史学论争、书写规则与资料分类","当时与后来 / 记录与过去实践","后来形成的分类不能直接替代行动者当时使用的概念。 留存资料受保存及整理选择影响，不是过去实践的完整镜像。","false"
"chinese-history-12","chinese-history","中国历史地理","chinese-history-12","direction-case","中国历史地理研究档案：同时代记载与后期整理本的年代对照；相关领域文献对“时期文书、地方材料与制度称谓”的用语与记录方式；年代、出处和同时代对照；同时代资料、后期整理和出处链。需对照的具体条目：中文原典、制度时期与地方用语；历史地名、时代边界与空间定位依据","当时与后来 / 记录与过去实践","后来形成的分类不能直接替代行动者当时使用的概念。 留存资料受保存及整理选择影响，不是过去实践的完整镜像。","false"
"world-history-1","world-history","古代世界史","world-history-1","direction-case","古代世界史研究档案：同时代记载与后期整理本的年代对照；相关领域文献对“多语史料、交流路径与时间对照”的用语与记录方式；年代、出处和同时代对照；同时代资料、后期整理和出处链。需对照的具体条目：跨区域联结、地方时序与资料语言；原典传承、时代用语与后世注释","当时与后来 / 记录与过去实践","后来形成的分类不能直接替代行动者当时使用的概念。 留存资料受保存及整理选择影响，不是过去实践的完整镜像。","false"
"world-history-2","world-history","中世纪史","world-history-2","direction-case","中世纪史研究档案：同时代记载与后期整理本的年代对照；相关领域文献对“多语史料、交流路径与时间对照”的用语与记录方式；年代、出处和同时代对照；同时代资料、后期整理和出处链。需对照的具体条目：同时代称谓、宗教制度与时期边界","当时与后来 / 记录与过去实践","后来形成的分类不能直接替代行动者当时使用的概念。 留存资料受保存及整理选择影响，不是过去实践的完整镜像。","false"
"world-history-3","world-history","世界近代史","world-history-3","direction-case","世界近代史研究档案：同时代记载与后期整理本的年代对照；相关领域文献对“多语史料、交流路径与时间对照”的用语与记录方式；年代、出处和同时代对照；同时代资料、后期整理和出处链。需对照的具体条目：时期划分、制度变化与同时代用语；跨区域联结、地方时序与资料语言；区域转变、跨境联系与时期分类","当时与后来 / 记录与过去实践","后来形成的分类不能直接替代行动者当时使用的概念。 留存资料受保存及整理选择影响，不是过去实践的完整镜像。","false"
"world-history-4","world-history","世界现代史","world-history-4","direction-case","世界现代史研究档案：同时代记载与后期整理本的年代对照；相关领域文献对“多语史料、交流路径与时间对照”的用语与记录方式；年代、出处和同时代对照；同时代资料、后期整理和出处链。需对照的具体条目：时期划分、制度变化与同时代用语；跨区域联结、地方时序与资料语言；现代制度、时代经验与全球联系","当时与后来 / 记录与过去实践","后来形成的分类不能直接替代行动者当时使用的概念。 留存资料受保存及整理选择影响，不是过去实践的完整镜像。","false"
"world-history-5","world-history","区域史","world-history-5","direction-case","区域史研究档案：同时代记载与后期整理本的年代对照；相关领域文献对“多语史料、交流路径与时间对照”的用语与记录方式；年代、出处和同时代对照；同时代资料、后期整理和出处链。需对照的具体条目：区域联系、地方时序与边界变化","当时与后来 / 记录与过去实践","后来形成的分类不能直接替代行动者当时使用的概念。 留存资料受保存及整理选择影响，不是过去实践的完整镜像。","false"
"world-history-6","world-history","全球史","world-history-6","direction-case","全球史研究档案：同时代记载与后期整理本的年代对照；相关领域文献对“多语史料、交流路径与时间对照”的用语与记录方式；年代、出处和同时代对照；同时代资料、后期整理和出处链。需对照的具体条目：跨区域联结、地方时序与资料语言","当时与后来 / 记录与过去实践","后来形成的分类不能直接替代行动者当时使用的概念。 留存资料受保存及整理选择影响，不是过去实践的完整镜像。","false"
"world-history-7","world-history","国际关系史","world-history-7","direction-case","国际关系史研究档案：同时代记载与后期整理本的年代对照；相关领域文献对“多语史料、交流路径与时间对照”的用语与记录方式；年代、出处和同时代对照；同时代资料、后期整理和出处链。需对照的具体条目：地区制度、指标译法与比较资格；外交文书、立场变化与互动时间","当时与后来 / 记录与过去实践","后来形成的分类不能直接替代行动者当时使用的概念。 留存资料受保存及整理选择影响，不是过去实践的完整镜像。","false"
"world-history-8","world-history","殖民与帝国史","world-history-8","direction-case","殖民与帝国史研究档案：同时代记载与后期整理本的年代对照；相关领域文献对“多语史料、交流路径与时间对照”的用语与记录方式；年代、出处和同时代对照；同时代资料、后期整理和出处链。需对照的具体条目：统治关系、资料形成与被压制声音","当时与后来 / 记录与过去实践","后来形成的分类不能直接替代行动者当时使用的概念。 留存资料受保存及整理选择影响，不是过去实践的完整镜像。","false"
"world-history-9","world-history","跨国史","world-history-9","direction-case","跨国史研究档案：同时代记载与后期整理本的年代对照；相关领域文献对“多语史料、交流路径与时间对照”的用语与记录方式；年代、出处和同时代对照；同时代资料、后期整理和出处链。需对照的具体条目：地区制度、指标译法与比较资格；移动主体、跨境来源与多地时序","当时与后来 / 记录与过去实践","后来形成的分类不能直接替代行动者当时使用的概念。 留存资料受保存及整理选择影响，不是过去实践的完整镜像。","false"
"world-history-10","world-history","世界经济史","world-history-10","direction-case","世界经济史研究档案：同时代记载与后期整理本的年代对照；相关领域文献对“多语史料、交流路径与时间对照”的用语与记录方式；年代、出处和同时代对照；同时代资料、后期整理和出处链。需对照的具体条目：跨区域联结、地方时序与资料语言；价格单位、账册口径与时代购买条件；贸易账目、价格口径与跨区网络","当时与后来 / 记录与过去实践","后来形成的分类不能直接替代行动者当时使用的概念。 留存资料受保存及整理选择影响，不是过去实践的完整镜像。","false"
"world-history-11","world-history","环境史","world-history-11","direction-case","环境史研究档案：同时代记载与后期整理本的年代对照；相关领域文献对“多语史料、交流路径与时间对照”的用语与记录方式；年代、出处和同时代对照；同时代资料、后期整理和出处链。需对照的具体条目：环境过程、利用记录与历史观察","当时与后来 / 记录与过去实践","后来形成的分类不能直接替代行动者当时使用的概念。 留存资料受保存及整理选择影响，不是过去实践的完整镜像。","false"
"world-history-12","world-history","世界史学史","world-history-12","direction-case","世界史学史研究档案：同时代记载与后期整理本的年代对照；相关领域文献对“多语史料、交流路径与时间对照”的用语与记录方式；年代、出处和同时代对照；同时代资料、后期整理和出处链。需对照的具体条目：跨区域联结、地方时序与资料语言；史学论争、书写规则与资料分类；史学传统、书写语境与翻译路径","当时与后来 / 记录与过去实践","后来形成的分类不能直接替代行动者当时使用的概念。 留存资料受保存及整理选择影响，不是过去实践的完整镜像。","false"
"historical-documents-1","historical-documents","版本学","historical-documents-1","direction-case","版本学研究档案：逐页出处、底本差异和缺页索引；相关领域文献对“抄刻本、异文与文献谱系”的用语与记录方式；底本出处、异文位置和编订层次。需对照的具体条目：底本出处、修订层次与引用位置","原文与编订","后世编订和现代转写会改变可见文本，须保留版本链。","false"
"historical-documents-2","historical-documents","目录学","historical-documents-2","direction-case","目录学研究档案：逐页出处、底本差异和缺页索引；相关领域文献对“抄刻本、异文与文献谱系”的用语与记录方式；底本出处、异文位置和编订层次。需对照的具体条目：著录规则、条目来源与分类变化","原文与编订","后世编订和现代转写会改变可见文本，须保留版本链。","false"
"historical-documents-3","historical-documents","校勘学","historical-documents-3","direction-case","校勘学研究档案：逐页出处、底本差异和缺页索引；相关领域文献对“抄刻本、异文与文献谱系”的用语与记录方式；底本出处、异文位置和编订层次。需对照的具体条目：异文分布、传抄关系与改字依据","原文与编订","后世编订和现代转写会改变可见文本，须保留版本链。","false"
"historical-documents-4","historical-documents","文献整理","historical-documents-4","direction-case","文献整理研究档案：逐页出处、底本差异和缺页索引；相关领域文献对“抄刻本、异文与文献谱系”的用语与记录方式；底本出处、异文位置和编订层次。需对照的具体条目：整理规则、编订痕迹与原件对应","原文与编订","后世编订和现代转写会改变可见文本，须保留版本链。","false"
"historical-documents-5","historical-documents","手稿研究","historical-documents-5","direction-case","手稿研究研究档案：逐页出处、底本差异和缺页索引；相关领域文献对“抄刻本、异文与文献谱系”的用语与记录方式；底本出处、异文位置和编订层次。需对照的具体条目：改写痕迹、书写层次与流传路径","原文与编订","后世编订和现代转写会改变可见文本，须保留版本链。","false"
"historical-documents-6","historical-documents","碑刻文献","historical-documents-6","direction-case","碑刻文献研究档案：逐页出处、底本差异和缺页索引；相关领域文献对“抄刻本、异文与文献谱系”的用语与记录方式；底本出处、异文位置和编订层次。需对照的具体条目：原拓状态、文字位置与立碑语境","原文与编订","后世编订和现代转写会改变可见文本，须保留版本链。","false"
"historical-documents-7","historical-documents","简牍文献","historical-documents-7","direction-case","简牍文献研究档案：逐页出处、底本差异和缺页索引；相关领域文献对“抄刻本、异文与文献谱系”的用语与记录方式；底本出处、异文位置和编订层次。需对照的具体条目：编联依据、残片关系与书写层次","原文与编订","后世编订和现代转写会改变可见文本，须保留版本链。","false"
"historical-documents-8","historical-documents","地方志","historical-documents-8","direction-case","地方志研究档案：抄刻本、异文与文献谱系；地理单元、时期边界和地方制度。需对照的具体条目：编修时点、编者位置与地方分类","同名与可比","同名指标可在不同地区有不同含义，需保留制度语境。 现存版本年代不等于文本首次形成时间。","false"
"historical-documents-9","historical-documents","历史地图","historical-documents-9","direction-case","历史地图研究档案：同时代记载与后期整理本的年代对照；相关领域文献对“抄刻本、异文与文献谱系”的用语与记录方式；年代、出处和同时代对照；同时代资料、后期整理和出处链。需对照文献版本与传承中的定义、对象索引与适用条件","当时与后来 / 记录与过去实践","后来形成的分类不能直接替代行动者当时使用的概念。 留存资料受保存及整理选择影响，不是过去实践的完整镜像。","false"
"historical-documents-10","historical-documents","古籍数字化","historical-documents-10","direction-case","古籍数字化研究档案：逐页出处、底本差异和缺页索引；相关领域文献对“抄刻本、异文与文献谱系”的用语与记录方式；底本出处、异文位置和编订层次。需对照的具体条目：编码规则、平台入口与不可见记录","原文与编订","后世编订和现代转写会改变可见文本，须保留版本链。","false"
"historical-documents-11","historical-documents","文本传承","historical-documents-11","direction-case","文本传承研究档案：逐页出处、底本差异和缺页索引；相关领域文献对“抄刻本、异文与文献谱系”的用语与记录方式；底本出处、异文位置和编订层次。需对照的具体条目：传抄关系、版本谱系与遗失环节","原文与编订","后世编订和现代转写会改变可见文本，须保留版本链。","false"
"historical-documents-12","historical-documents","文献收藏史","historical-documents-12","direction-case","文献收藏史研究档案：同时代记载与后期整理本的年代对照；相关领域文献对“抄刻本、异文与文献谱系”的用语与记录方式；底本出处、异文位置和编订层次；年代、出处和同时代对照。需对照的具体条目：来源链、移交记录与展示语境","原文与编订 / 当时与后来","后世编订和现代转写会改变可见文本，须保留版本链。 后来形成的分类不能直接替代行动者当时使用的概念。","false"
"heritage-studies-1","heritage-studies","聚落考古","heritage-studies-1","direction-case","聚落考古研究档案：遗址记录、保护行动与公众解释；出土位置、地层关系和形成过程。需对照的具体条目：层位关系、形成过程与出土位置；遗址范围、空间功能与使用阶段","埋藏与使用","同层出土不自动意味着同时使用，后期扰动也会混合材料。 保护技术、历史解释和公众价值是不同判断维度。","false"
"heritage-studies-2","heritage-studies","城市考古","heritage-studies-2","direction-case","城市考古研究档案：遗址记录、保护行动与公众解释；出土位置、地层关系和形成过程；地理单元、时期边界和地方制度。需对照的具体条目：进入机会、空间路径与地方制度；层位关系、形成过程与出土位置","埋藏与使用 / 同名与可比","同层出土不自动意味着同时使用，后期扰动也会混合材料。 同名指标可在不同地区有不同含义，需保留制度语境。 保护技术、历史解释和公众价值是不同判断维度。","false"
"heritage-studies-3","heritage-studies","墓葬资料","heritage-studies-3","direction-case","墓葬资料研究档案：遗址记录、保护行动与公众解释；出土位置、地层关系和形成过程。需对照的具体条目：埋藏关系、随葬选择与后期扰动","埋藏与使用","同层出土不自动意味着同时使用，后期扰动也会混合材料。 保护技术、历史解释和公众价值是不同判断维度。","false"
"heritage-studies-4","heritage-studies","陶瓷考古","heritage-studies-4","direction-case","陶瓷考古研究档案：遗址记录、保护行动与公众解释；出土位置、地层关系和形成过程。需对照的具体条目：层位关系、形成过程与出土位置；胎釉特征、制作痕迹与流通情境","埋藏与使用","同层出土不自动意味着同时使用，后期扰动也会混合材料。 保护技术、历史解释和公众价值是不同判断维度。","false"
"heritage-studies-5","heritage-studies","建筑考古","heritage-studies-5","direction-case","建筑考古研究档案：遗址记录、保护行动与公众解释；出土位置、地层关系和形成过程。需对照的具体条目：空间使用、热环境与使用者路径；层位关系、形成过程与出土位置","埋藏与使用","同层出土不自动意味着同时使用，后期扰动也会混合材料。 保护技术、历史解释和公众价值是不同判断维度。","false"
"heritage-studies-6","heritage-studies","水下考古资料","heritage-studies-6","direction-case","水下考古资料研究档案：遗址记录、保护行动与公众解释；出土位置、地层关系和形成过程。需对照的具体条目：层位关系、形成过程与出土位置","埋藏与使用","同层出土不自动意味着同时使用，后期扰动也会混合材料。 保护技术、历史解释和公众价值是不同判断维度。","false"
"heritage-studies-7","heritage-studies","年代资料评价","heritage-studies-7","direction-case","年代资料评价研究档案：遗址记录、保护行动与公众解释；出土位置、地层关系和形成过程。需对照遗产材料与使用中的定义、对象索引与适用条件","埋藏与使用","同层出土不自动意味着同时使用，后期扰动也会混合材料。 保护技术、历史解释和公众价值是不同判断维度。","false"
"heritage-studies-8","heritage-studies","遗产展示","heritage-studies-8","direction-case","遗产展示研究档案：公开来源、展陈取舍与观众提出的问题；相关领域文献对“遗址记录、保护行动与公众解释”的用语与记录方式；来源链、材料状态和保存环境。需对照遗产材料与使用中的定义、对象索引与适用条件","来源与状态","外观改善不能证明来源可靠或长期保存稳定。","false"
"heritage-studies-9","heritage-studies","遗产公众参与","heritage-studies-9","direction-case","遗产公众参与研究档案：公开来源、展陈取舍与观众提出的问题；相关领域文献对“遗址记录、保护行动与公众解释”的用语与记录方式；交往位置、叙述轮次和观察情境。需对照遗产材料与使用中的定义、对象索引与适用条件","叙述与情境","相同问题在不同关系中可获得不同回答，差异不是天然的矛盾。","false"
"heritage-studies-10","heritage-studies","保护史","heritage-studies-10","direction-case","保护史研究档案：同时代记载与后期整理本的年代对照；相关领域文献对“遗址记录、保护行动与公众解释”的用语与记录方式；年代、出处和同时代对照；同时代资料、后期整理和出处链。需对照遗产材料与使用中的定义、对象索引与适用条件","当时与后来 / 记录与过去实践","后来形成的分类不能直接替代行动者当时使用的概念。 留存资料受保存及整理选择影响，不是过去实践的完整镜像。","false"
"heritage-studies-11","heritage-studies","博物馆史","heritage-studies-11","direction-case","博物馆史研究档案：同时代记载与后期整理本的年代对照；相关领域文献对“遗址记录、保护行动与公众解释”的用语与记录方式；年代、出处和同时代对照；材料选择、阅读路径和受众理解。需对照遗产材料与使用中的定义、对象索引与适用条件","当时与后来 / 展示与理解","后来形成的分类不能直接替代行动者当时使用的概念。 展签清楚不意味着所有观众理解相同，需检查实际阅读路径。","false"
"heritage-studies-12","heritage-studies","考古档案","heritage-studies-12","direction-case","考古档案研究档案：逐页出处、底本差异和缺页索引；相关领域文献对“遗址记录、保护行动与公众解释”的用语与记录方式；底本出处、异文位置和编订层次。需对照的具体条目：层位关系、形成过程与出土位置；形成机关、归档过程与缺件","原文与编订","后世编订和现代转写会改变可见文本，须保留版本链。","false"
"public-history-1","public-history","口述历史","public-history-1","direction-case","口述历史研究档案：同时代记载与后期整理本的年代对照；相关领域文献对“展示文本、参与者声音与观看过程”的用语与记录方式；年代、出处和同时代对照；交往位置、叙述轮次和观察情境。需对照的具体条目：讲述时点、在场位置与重述框架","当时与后来 / 叙述与情境","后来形成的分类不能直接替代行动者当时使用的概念。 相同问题在不同关系中可获得不同回答，差异不是天然的矛盾。","false"
"public-history-2","public-history","社区记忆","public-history-2","direction-case","社区记忆研究档案：逐轮对话、在场关系和沉默位置；相关领域文献对“展示文本、参与者声音与观看过程”的用语与记录方式；交往位置、叙述轮次和观察情境；讲述时点、在场位置和其他来源。需对照的具体条目：进入机会、空间路径与地方制度；讲述时点、在场位置与重述框架；讲述资格、地方关系与记忆选择","叙述与情境 / 记忆与事件","相同问题在不同关系中可获得不同回答，差异不是天然的矛盾。 回忆同时记录过去经验和后来讲述的处境。","false"
"public-history-3","public-history","历史展览","public-history-3","direction-case","历史展览研究档案：同时代记载与后期整理本的年代对照；相关领域文献对“展示文本、参与者声音与观看过程”的用语与记录方式；年代、出处和同时代对照；材料选择、阅读路径和受众理解。需对照历史表达与公众中的定义、对象索引与适用条件","当时与后来 / 展示与理解","后来形成的分类不能直接替代行动者当时使用的概念。 展签清楚不意味着所有观众理解相同，需检查实际阅读路径。","false"
"public-history-4","public-history","数字公众史","public-history-4","direction-case","数字公众史研究档案：同时代记载与后期整理本的年代对照；相关领域文献对“展示文本、参与者声音与观看过程”的用语与记录方式；年代、出处和同时代对照；讲述时点、在场位置和其他来源。需对照的具体条目：编码规则、平台入口与不可见记录","当时与后来 / 记忆与事件","后来形成的分类不能直接替代行动者当时使用的概念。 回忆同时记录过去经验和后来讲述的处境。","false"
"public-history-5","public-history","历史影像","public-history-5","direction-case","历史影像研究档案：同时代记载与后期整理本的年代对照；相关领域文献对“展示文本、参与者声音与观看过程”的用语与记录方式；年代、出处和同时代对照；同时代资料、后期整理和出处链。需对照的具体条目：来源索引、采集条件与判读分歧","当时与后来 / 记录与过去实践","后来形成的分类不能直接替代行动者当时使用的概念。 留存资料受保存及整理选择影响，不是过去实践的完整镜像。","false"
"public-history-6","public-history","历史教育","public-history-6","direction-case","历史教育研究档案：同时代记载与后期整理本的年代对照；相关领域文献对“展示文本、参与者声音与观看过程”的用语与记录方式；年代、出处和同时代对照；同时代资料、后期整理和出处链。需对照的具体条目：学习材料、学生解释与史料使用","当时与后来 / 记录与过去实践","后来形成的分类不能直接替代行动者当时使用的概念。 留存资料受保存及整理选择影响，不是过去实践的完整镜像。","false"
"public-history-7","public-history","纪念与记忆","public-history-7","direction-case","纪念与记忆研究档案：逐轮对话、在场关系和沉默位置；相关领域文献对“展示文本、参与者声音与观看过程”的用语与记录方式；讲述时点、在场位置和其他来源。需对照的具体条目：讲述时点、在场位置与重述框架","记忆与事件","回忆同时记录过去经验和后来讲述的处境。","false"
"public-history-8","public-history","地方博物馆","public-history-8","direction-case","地方博物馆研究档案：公开来源、展陈取舍与观众提出的问题；相关领域文献对“展示文本、参与者声音与观看过程”的用语与记录方式；材料选择、阅读路径和受众理解。需对照历史表达与公众中的定义、对象索引与适用条件","展示与理解","展签清楚不意味着所有观众理解相同，需检查实际阅读路径。","false"
"public-history-9","public-history","历史写作","public-history-9","direction-case","历史写作研究档案：同时代记载与后期整理本的年代对照；相关领域文献对“展示文本、参与者声音与观看过程”的用语与记录方式；年代、出处和同时代对照；同时代资料、后期整理和出处链。需对照的具体条目：叙事结构、引证依据与遗漏视角","当时与后来 / 记录与过去实践","后来形成的分类不能直接替代行动者当时使用的概念。 留存资料受保存及整理选择影响，不是过去实践的完整镜像。","false"
"public-history-10","public-history","公众档案","public-history-10","direction-case","公众档案研究档案：逐页出处、底本差异和缺页索引；相关领域文献对“展示文本、参与者声音与观看过程”的用语与记录方式；底本出处、异文位置和编订层次。需对照的具体条目：形成机关、归档过程与缺件","原文与编订","后世编订和现代转写会改变可见文本，须保留版本链。","false"
"public-history-11","public-history","历史游戏评价","public-history-11","direction-case","历史游戏评价研究档案：同时代记载与后期整理本的年代对照；相关领域文献对“展示文本、参与者声音与观看过程”的用语与记录方式；年代、出处和同时代对照；同时代资料、后期整理和出处链。需对照的具体条目：规则抽象、历史材料与玩家理解","当时与后来 / 记录与过去实践","后来形成的分类不能直接替代行动者当时使用的概念。 留存资料受保存及整理选择影响，不是过去实践的完整镜像。","false"
"public-history-12","public-history","公共史学伦理","public-history-12","direction-case","公共史学伦理研究档案：同时代记载与后期整理本的年代对照；相关领域文献对“展示文本、参与者声音与观看过程”的用语与记录方式；年代、出处和同时代对照；受益负担、行动理由和申诉机会。需对照的具体条目：行动理由、受益负担与申诉机会","当时与后来 / 描述与规范","后来形成的分类不能直接替代行动者当时使用的概念。 多数偏好或事实描述不能独立证成规范结论。","false"
"geophysics-studies-1","geophysics-studies","固体地球物理","geophysics-studies-1","direction-case","固体地球物理研究档案：地震或场观测、结构模型与参数约束；物理边界、观测响应和过程量。需对照地球信号与反演中的定义、对象索引与适用条件","过程与读数","读数由过程和测量响应共同决定，需要明确边界。 同一观测可能对应多个地下结构解释。","false"
"geophysics-studies-2","geophysics-studies","地球动力学","geophysics-studies-2","direction-case","地球动力学研究档案：地震或场观测、结构模型与参数约束；初值集合、时间轨迹和稳定性定义；载荷谱、变形状态和失效口径。需对照地球信号与反演中的定义、对象索引与适用条件","局部与全局 / 强度与寿命","一条轨道的表现不能独立证明所有初值的稳定性。 静态强度不能独立代替循环载荷下的寿命评价。 同一观测可能对应多个地下结构解释。","false"
"geophysics-studies-3","geophysics-studies","地震观测","geophysics-studies-3","direction-case","地震观测研究档案：地震或场观测、结构模型与参数约束；空间位置、形成序列和多解解释；参考依据、重复读数和误差分项。需对照的具体条目：台站覆盖、到时资料与事件定位","反演与唯一性","同一观测可能对应多个地下结构，需要说明约束。 同一观测可能对应多个地下结构解释。","false"
"geophysics-studies-4","geophysics-studies","地磁观测","geophysics-studies-4","direction-case","地磁观测研究档案：地震或场观测、结构模型与参数约束；空间位置、形成序列和多解解释；参考依据、重复读数和误差分项。需对照的具体条目：参考场、时段变化与仪器漂移","反演与唯一性","同一观测可能对应多个地下结构，需要说明约束。 同一观测可能对应多个地下结构解释。","false"
"geophysics-studies-5","geophysics-studies","重力资料","geophysics-studies-5","direction-case","重力资料研究档案：地震或场观测、结构模型与参数约束；空间位置、形成序列和多解解释。需对照的具体条目：位置高程、参考基准与密度假设","反演与唯一性","同一观测可能对应多个地下结构，需要说明约束。 同一观测可能对应多个地下结构解释。","false"
"geophysics-studies-6","geophysics-studies","地球物理反演","geophysics-studies-6","direction-case","地球物理反演研究档案：地震或场观测、结构模型与参数约束；离散误差、参照解和停止条件；参数出处、边界条件和独立检验情境。需对照地球信号与反演中的定义、对象索引与适用条件","收敛与正确性","迭代停止不保证离散误差或模型误差已经足够小。 同一观测可能对应多个地下结构解释。","false"
"geophysics-studies-7","geophysics-studies","岩石物理","geophysics-studies-7","direction-case","岩石物理研究档案：地震或场观测、结构模型与参数约束；空间位置、形成序列和多解解释。需对照的具体条目：物相指认、层位关系与形成序列","反演与唯一性","同一观测可能对应多个地下结构，需要说明约束。 同一观测可能对应多个地下结构解释。","false"
"geophysics-studies-8","geophysics-studies","地球化学资料","geophysics-studies-8","direction-case","地球化学资料研究档案：地震或场观测、结构模型与参数约束；物种指认、平衡条件和测量信号。需对照地球信号与反演中的定义、对象索引与适用条件","指认与定量","能指认某成分不等于已准确测量其含量。 同一观测可能对应多个地下结构解释。","false"
"geophysics-studies-9","geophysics-studies","构造研究","geophysics-studies-9","direction-case","构造研究研究档案：地震或场观测、结构模型与参数约束；空间位置、形成序列和多解解释。需对照地球信号与反演中的定义、对象索引与适用条件","反演与唯一性","同一观测可能对应多个地下结构，需要说明约束。 同一观测可能对应多个地下结构解释。","false"
"geophysics-studies-10","geophysics-studies","地球系统模型","geophysics-studies-10","direction-case","地球系统模型研究档案：地震或场观测、结构模型与参数约束；模型边界、参数来源和验证情境；系统边界、反馈连接和尺度转换；参数出处、边界条件和独立检验情境。需对照地球信号与反演中的定义、对象索引与适用条件","拟合与检验 / 局部与系统","校准资料不能同时充当完全独立的验证资料。 局部部件的收益可能被反馈和协调成本改变。 同一观测可能对应多个地下结构解释。","false"
"geophysics-studies-11","geophysics-studies","地球观测质控","geophysics-studies-11","direction-case","地球观测质控研究档案：地震或场观测、结构模型与参数约束；标签定义、版本变动和分歧样本；参考依据、重复读数和误差分项。需对照地球信号与反演中的定义、对象索引与适用条件","一致与有效","标签一致不能独立证明标签符合研究构念。 同一观测可能对应多个地下结构解释。","false"
"geophysics-studies-12","geophysics-studies","地学数据复现","geophysics-studies-12","direction-case","地学数据复现研究档案：地震或场观测、结构模型与参数约束；转写规则、数字版本和原件对应；版本变更、异常记录和失败复核。需对照的具体条目：原始版本、偏离记录与失败尝试","可计算与可解释","可检索或可计算的记录会受转写与收录条件影响。 同一观测可能对应多个地下结构解释。","false"
"ocean-science-1","ocean-science","物理海洋","ocean-science-1","direction-case","物理海洋研究档案：水体剖面、环流时序与生物环境；水体层次、季节窗口和观测覆盖。需对照的具体条目：水层位置、季节与水团背景","空间与季节","不同水层或季节的资料不能只按地点名称合并。 垂向层次、季节与输运会影响局部水体观测。","false"
"ocean-science-2","ocean-science","海洋化学","ocean-science-2","direction-case","海洋化学研究档案：水体剖面、环流时序与生物环境；物种指认、平衡条件和测量信号；水体层次、季节窗口和观测覆盖。需对照的具体条目：水层位置、季节与水团背景","指认与定量 / 空间与季节","能指认某成分不等于已准确测量其含量。 不同水层或季节的资料不能只按地点名称合并。 垂向层次、季节与输运会影响局部水体观测。","false"
"ocean-science-3","ocean-science","海洋生态","ocean-science-3","direction-case","海洋生态研究档案：水体剖面、环流时序与生物环境；水体层次、季节窗口和观测覆盖；种群数量、群落组成和观测努力。需对照的具体条目：水层位置、季节与水团背景","空间与季节 / 出现与检测","不同水层或季节的资料不能只按地点名称合并。 未观察到不等于不存在，调查努力会改变检出。 垂向层次、季节与输运会影响局部水体观测。","false"
"ocean-science-4","ocean-science","海洋地质","ocean-science-4","direction-case","海洋地质研究档案：水体剖面、环流时序与生物环境；空间位置、形成序列和多解解释；水体层次、季节窗口和观测覆盖。需对照的具体条目：水层位置、季节与水团背景","反演与唯一性 / 空间与季节","同一观测可能对应多个地下结构，需要说明约束。 不同水层或季节的资料不能只按地点名称合并。 垂向层次、季节与输运会影响局部水体观测。","false"
"ocean-science-5","ocean-science","海气相互作用","ocean-science-5","direction-case","海气相互作用研究档案：水体剖面、环流时序与生物环境；水体层次、季节窗口和观测覆盖。需对照海洋过程与观测中的定义、对象索引与适用条件","空间与季节","不同水层或季节的资料不能只按地点名称合并。 垂向层次、季节与输运会影响局部水体观测。","false"
"ocean-science-6","ocean-science","海洋遥感","ocean-science-6","direction-case","海洋遥感研究档案：水体剖面、环流时序与生物环境；水体层次、季节窗口和观测覆盖；坐标基准、空间支持和分类边界；坐标基准、空间单元和不同尺度的对照。需对照的具体条目：水层位置、季节与水团背景；地面参照、像元支持与反演条件","空间与季节 / 位置与尺度","不同水层或季节的资料不能只按地点名称合并。 聚合尺度与分类边界会改变空间关系，不能只比较图色。 垂向层次、季节与输运会影响局部水体观测。","false"
"ocean-science-7","ocean-science","近岸过程","ocean-science-7","direction-case","近岸过程研究档案：水体剖面、环流时序与生物环境；水体层次、季节窗口和观测覆盖；时间戳、状态阶段和变化前后的并列记录。需对照海洋过程与观测中的定义、对象索引与适用条件","空间与季节","不同水层或季节的资料不能只按地点名称合并。 垂向层次、季节与输运会影响局部水体观测。","false"
"ocean-science-8","ocean-science","海洋观测","ocean-science-8","direction-case","海洋观测研究档案：水体剖面、环流时序与生物环境；水体层次、季节窗口和观测覆盖；参考依据、重复读数和误差分项。需对照的具体条目：水层位置、季节与水团背景","空间与季节","不同水层或季节的资料不能只按地点名称合并。 垂向层次、季节与输运会影响局部水体观测。","false"
"ocean-science-9","ocean-science","海洋时间序列","ocean-science-9","direction-case","海洋时间序列研究档案：水体剖面、环流时序与生物环境；水体层次、季节窗口和观测覆盖；时间戳、状态阶段和变化前后的并列记录。需对照的具体条目：水层位置、季节与水团背景","空间与季节","不同水层或季节的资料不能只按地点名称合并。 垂向层次、季节与输运会影响局部水体观测。","false"
"ocean-science-10","ocean-science","海洋模型","ocean-science-10","direction-case","海洋模型研究档案：水体剖面、环流时序与生物环境；水体层次、季节窗口和观测覆盖；模型边界、参数来源和验证情境；参数出处、边界条件和独立检验情境。需对照的具体条目：水层位置、季节与水团背景","空间与季节 / 拟合与检验","不同水层或季节的资料不能只按地点名称合并。 校准资料不能同时充当完全独立的验证资料。 垂向层次、季节与输运会影响局部水体观测。","false"
"ocean-science-11","ocean-science","海洋数据质量","ocean-science-11","direction-case","海洋数据质量研究档案：水体剖面、环流时序与生物环境；水体层次、季节窗口和观测覆盖；标签定义、版本变动和分歧样本；版本变更、异常记录和失败复核。需对照的具体条目：水层位置、季节与水团背景","空间与季节 / 一致与有效","不同水层或季节的资料不能只按地点名称合并。 标签一致不能独立证明标签符合研究构念。 垂向层次、季节与输运会影响局部水体观测。","false"
"ocean-science-12","ocean-science","海洋环境史","ocean-science-12","direction-case","海洋环境史研究档案：同时代记载与后期整理本的年代对照；相关领域文献对“水体剖面、环流时序与生物环境”的用语与记录方式；同时代资料、后期整理和出处链。需对照的具体条目：水层位置、季节与水团背景；环境过程、利用记录与历史观察","记录与过去实践","留存资料受保存及整理选择影响，不是过去实践的完整镜像。","false"
"mechanics-science-1","mechanics-science","理论力学","mechanics-science-1","direction-case","理论力学研究档案：本构关系、边界条件与响应；载荷谱、变形状态和失效口径。需对照的具体条目：理想约束、广义坐标与守恒条件","强度与寿命","静态强度不能独立代替循环载荷下的寿命评价。 响应解释依赖本构及边界，拟合不能唯一识别机制。","false"
"mechanics-science-2","mechanics-science","固体力学","mechanics-science-2","direction-case","固体力学研究档案：本构关系、边界条件与响应；载荷谱、变形状态和失效口径。需对照的具体条目：应力状态、材料假设与边界约束","强度与寿命","静态强度不能独立代替循环载荷下的寿命评价。 响应解释依赖本构及边界，拟合不能唯一识别机制。","false"
"mechanics-science-3","mechanics-science","流体力学","mechanics-science-3","direction-case","流体力学研究档案：本构关系、边界条件与响应；边界条件、守恒项和流动尺度；载荷谱、变形状态和失效口径。需对照力、运动与连续介质中的定义、对象索引与适用条件","尺度与相似 / 强度与寿命","外观相似的流动不一定具有相同无量纲条件。 静态强度不能独立代替循环载荷下的寿命评价。 响应解释依赖本构及边界，拟合不能唯一识别机制。","false"
"mechanics-science-4","mechanics-science","计算力学","mechanics-science-4","direction-case","计算力学研究档案：本构关系、边界条件与响应；离散误差、参照解和停止条件；载荷谱、变形状态和失效口径。需对照力、运动与连续介质中的定义、对象索引与适用条件","收敛与正确性 / 强度与寿命","迭代停止不保证离散误差或模型误差已经足够小。 静态强度不能独立代替循环载荷下的寿命评价。 响应解释依赖本构及边界，拟合不能唯一识别机制。","false"
"mechanics-science-5","mechanics-science","实验力学","mechanics-science-5","direction-case","实验力学研究档案：本构关系、边界条件与响应；载荷谱、变形状态和失效口径。需对照的具体条目：加载条件、测量链与误差来源","强度与寿命","静态强度不能独立代替循环载荷下的寿命评价。 响应解释依赖本构及边界，拟合不能唯一识别机制。","false"
"mechanics-science-6","mechanics-science","多尺度力学","mechanics-science-6","direction-case","多尺度力学研究档案：本构关系、边界条件与响应；载荷谱、变形状态和失效口径；系统边界、反馈连接和尺度转换；各方定义、资料来源和桥接规则。需对照力、运动与连续介质中的定义、对象索引与适用条件","强度与寿命 / 局部与系统","静态强度不能独立代替循环载荷下的寿命评价。 局部部件的收益可能被反馈和协调成本改变。 响应解释依赖本构及边界，拟合不能唯一识别机制。","false"
"mechanics-science-7","mechanics-science","非线性动力学","mechanics-science-7","direction-case","非线性动力学研究档案：本构关系、边界条件与响应；初值集合、时间轨迹和稳定性定义；载荷谱、变形状态和失效口径。需对照的具体条目：初值集合、分岔参数与稳定性","局部与全局 / 强度与寿命","一条轨道的表现不能独立证明所有初值的稳定性。 静态强度不能独立代替循环载荷下的寿命评价。 响应解释依赖本构及边界，拟合不能唯一识别机制。","false"
"mechanics-science-8","mechanics-science","材料力学","mechanics-science-8","direction-case","材料力学研究档案：本构关系、边界条件与响应；结构分布、缺陷表征和性质条件；载荷谱、变形状态和失效口径。需对照力、运动与连续介质中的定义、对象索引与适用条件","结构与组成 / 强度与寿命","相同名义组成可有不同结构分布，因此性质未必相同。 静态强度不能独立代替循环载荷下的寿命评价。 响应解释依赖本构及边界，拟合不能唯一识别机制。","false"
"mechanics-science-9","mechanics-science","结构稳定","mechanics-science-9","direction-case","结构稳定研究档案：本构关系、边界条件与响应；初值集合、时间轨迹和稳定性定义；载荷谱、变形状态和失效口径。需对照的具体条目：平衡构形、失稳条件与扰动范围","局部与全局 / 强度与寿命","一条轨道的表现不能独立证明所有初值的稳定性。 静态强度不能独立代替循环载荷下的寿命评价。 响应解释依赖本构及边界，拟合不能唯一识别机制。","false"
"mechanics-science-10","mechanics-science","生物力学","mechanics-science-10","direction-case","生物力学研究档案：本构关系、边界条件与响应；载荷谱、变形状态和失效口径；细胞组成、功能层次和独立来源。需对照的具体条目：动作任务、身体负荷与运动学资料","强度与寿命 / 组成与状态","静态强度不能独立代替循环载荷下的寿命评价。 群体差异可能来自组成与单元状态两方面，技术重复不是独立对象。 响应解释依赖本构及边界，拟合不能唯一识别机制。","false"
"mechanics-science-11","mechanics-science","力学测量","mechanics-science-11","direction-case","力学测量研究档案：本构关系、边界条件与响应；载荷谱、变形状态和失效口径；参考量、校准曲线和不确定性分项；参考依据、重复读数和误差分项。需对照力、运动与连续介质中的定义、对象索引与适用条件","强度与寿命 / 精密与准确","静态强度不能独立代替循环载荷下的寿命评价。 重复读数接近说明精密性，不能排除系统偏差。 响应解释依赖本构及边界，拟合不能唯一识别机制。","false"
"mechanics-science-12","mechanics-science","力学模型验证","mechanics-science-12","direction-case","力学模型验证研究档案：本构关系、边界条件与响应；载荷谱、变形状态和失效口径；模型边界、参数来源和验证情境；参数出处、边界条件和独立检验情境。需对照力、运动与连续介质中的定义、对象索引与适用条件","强度与寿命 / 拟合与检验","静态强度不能独立代替循环载荷下的寿命评价。 校准资料不能同时充当完全独立的验证资料。 响应解释依赖本构及边界，拟合不能唯一识别机制。","false"
"photonics-1","photonics","几何光学","photonics-1","direction-case","几何光学研究档案：光谱、相位及器件响应；定义域、必要假设和反例；光路、光谱响应和探测器背景。需对照的具体条目：邻域、几何量与映射保持的性质","存在与全称 / 响应与输入","一个满足性质的实例不能证明所有对象满足性质。 探测器读数包含系统响应，不能直接当成入射光的真实分布。 强度、相位和偏振携带不同信息。","false"
"photonics-2","photonics","物理光学","photonics-2","direction-case","物理光学研究档案：光谱、相位及器件响应；光路、光谱响应和探测器背景。需对照的具体条目：干涉条件、衍射结构与相位关系","响应与输入","探测器读数包含系统响应，不能直接当成入射光的真实分布。 强度、相位和偏振携带不同信息。","false"
"photonics-3","photonics","量子光学理论","photonics-3","direction-case","量子光学理论研究档案：光谱、相位及器件响应；态定义、可观测量和测量条件；光路、光谱响应和探测器背景。需对照光传播与光物质作用中的定义、对象索引与适用条件","态与观测 / 响应与输入","测量分布受态和测量设置共同决定，单次读数不能还原完整态。 探测器读数包含系统响应，不能直接当成入射光的真实分布。 强度、相位和偏振携带不同信息。","false"
"photonics-4","photonics","光谱研究","photonics-4","direction-case","光谱研究研究档案：光谱、相位及器件响应；光路、光谱响应和探测器背景；参考依据、重复读数和误差分项。需对照的具体条目：谱线位置、响应背景与分辨能力","响应与输入","探测器读数包含系统响应，不能直接当成入射光的真实分布。 强度、相位和偏振携带不同信息。","false"
"photonics-5","photonics","成像科学","photonics-5","direction-case","成像科学研究档案：光谱、相位及器件响应；物理边界、观测响应和过程量。需对照的具体条目：测量模型、空间响应与重建假设","过程与读数","读数由过程和测量响应共同决定，需要明确边界。 强度、相位和偏振携带不同信息。","false"
"photonics-6","photonics","光学材料","photonics-6","direction-case","光学材料研究档案：光谱、相位及器件响应；光路、光谱响应和探测器背景；结构分布、缺陷表征和性质条件。需对照光传播与光物质作用中的定义、对象索引与适用条件","响应与输入 / 结构与组成","探测器读数包含系统响应，不能直接当成入射光的真实分布。 相同名义组成可有不同结构分布，因此性质未必相同。 强度、相位和偏振携带不同信息。","false"
"photonics-7","photonics","光电测量","photonics-7","direction-case","光电测量研究档案：光谱、相位及器件响应；光路、光谱响应和探测器背景；参考量、校准曲线和不确定性分项；参考依据、重复读数和误差分项。需对照的具体条目：光电响应、校准来源与工作点","响应与输入 / 精密与准确","探测器读数包含系统响应，不能直接当成入射光的真实分布。 重复读数接近说明精密性，不能排除系统偏差。 强度、相位和偏振携带不同信息。","false"
"photonics-8","photonics","光学仪器","photonics-8","direction-case","光学仪器研究档案：光谱、相位及器件响应；光路、光谱响应和探测器背景；参考量、校准曲线和不确定性分项；参考依据、重复读数和误差分项。需对照的具体条目：光路状态、系统响应与分辨能力","响应与输入 / 精密与准确","探测器读数包含系统响应，不能直接当成入射光的真实分布。 重复读数接近说明精密性，不能排除系统偏差。 强度、相位和偏振携带不同信息。","false"
"photonics-9","photonics","计算成像","photonics-9","direction-case","计算成像研究档案：光谱、相位及器件响应；物理边界、观测响应和过程量。需对照的具体条目：输入观测、正则假设与参照重建","过程与读数","读数由过程和测量响应共同决定，需要明确边界。 强度、相位和偏振携带不同信息。","false"
"photonics-10","photonics","光学噪声","photonics-10","direction-case","光学噪声研究档案：光谱、相位及器件响应；光路、光谱响应和探测器背景。需对照的具体条目：噪声来源、频谱分布与信号相关","响应与输入","探测器读数包含系统响应，不能直接当成入射光的真实分布。 强度、相位和偏振携带不同信息。","false"
"photonics-11","photonics","光学标定","photonics-11","direction-case","光学标定研究档案：光谱、相位及器件响应；光路、光谱响应和探测器背景；参考量、校准曲线和不确定性分项；参考依据、重复读数和误差分项。需对照的具体条目：参考对象、标定参数与残差模式","响应与输入 / 精密与准确","探测器读数包含系统响应，不能直接当成入射光的真实分布。 重复读数接近说明精密性，不能排除系统偏差。 强度、相位和偏振携带不同信息。","false"
"photonics-12","photonics","光学数据复现","photonics-12","direction-case","光学数据复现研究档案：光谱、相位及器件响应；光路、光谱响应和探测器背景；转写规则、数字版本和原件对应；版本变更、异常记录和失败复核。需对照的具体条目：原始版本、偏离记录与失败尝试","响应与输入 / 可计算与可解释","探测器读数包含系统响应，不能直接当成入射光的真实分布。 可检索或可计算的记录会受转写与收录条件影响。 强度、相位和偏振携带不同信息。","false"
"systems-biology-1","systems-biology","系统生物学","systems-biology-1","direction-case","系统生物学研究档案：节点状态、相互关系与系统响应；细胞组成、功能层次和独立来源；系统边界、反馈连接和尺度转换。需对照生命网络与多尺度中的定义、对象索引与适用条件","组成与状态 / 局部与系统","群体差异可能来自组成与单元状态两方面，技术重复不是独立对象。 局部部件的收益可能被反馈和协调成本改变。 网络关联不独立证明每条边具有因果作用。","false"
"systems-biology-2","systems-biology","生物信息学","systems-biology-2","direction-case","生物信息学研究档案：节点状态、相互关系与系统响应；细胞组成、功能层次和独立来源。需对照生命网络与多尺度中的定义、对象索引与适用条件","组成与状态","群体差异可能来自组成与单元状态两方面，技术重复不是独立对象。 网络关联不独立证明每条边具有因果作用。","false"
"systems-biology-3","systems-biology","计算生态","systems-biology-3","direction-case","计算生态研究档案：节点状态、相互关系与系统响应；种群数量、群落组成和观测努力；模型边界、参数来源和验证情境。需对照生命网络与多尺度中的定义、对象索引与适用条件","出现与检测 / 拟合与检验","未观察到不等于不存在，调查努力会改变检出。 校准资料不能同时充当完全独立的验证资料。 网络关联不独立证明每条边具有因果作用。","false"
"systems-biology-4","systems-biology","群体遗传资料","systems-biology-4","direction-case","群体遗传资料研究档案：节点状态、相互关系与系统响应；参考版本、来源关系与变异表型对应；亲缘结构、阶段和参考注释；不同层次的读数、背景条件和相反趋势。需对照的具体条目：群体结构、参考频率与亲缘依赖","关联与功能解释 / 亲缘与独立性","共同变化或共分离提供线索，但不能独立证明因果及个体结局。 对象数量不等于独立来源数量，亲缘会影响比较。 网络关联不独立证明每条边具有因果作用。","false"
"systems-biology-5","systems-biology","发育资料比较","systems-biology-5","direction-case","发育资料比较研究档案：节点状态、相互关系与系统响应；发育分期、成长轨迹与功能任务；亲缘结构、阶段和参考注释；各方定义、资料来源和桥接规则。需对照生命网络与多尺度中的定义、对象索引与适用条件","年龄与阶段 / 亲缘与独立性","相同日龄或年龄不保证相同发育状态。 对象数量不等于独立来源数量，亲缘会影响比较。 网络关联不独立证明每条边具有因果作用。","false"
"systems-biology-6","systems-biology","进化资料研究","systems-biology-6","direction-case","进化资料研究研究档案：节点状态、相互关系与系统响应；亲缘结构、阶段和参考注释。需对照生命网络与多尺度中的定义、对象索引与适用条件","亲缘与独立性","对象数量不等于独立来源数量，亲缘会影响比较。 网络关联不独立证明每条边具有因果作用。","false"
"systems-biology-7","systems-biology","公共组学资料","systems-biology-7","direction-case","公共组学资料研究档案：节点状态、相互关系与系统响应；鉴定可靠性、分子丰度与功能资料；细胞组成、功能层次和独立来源。需对照生命网络与多尺度中的定义、对象索引与适用条件","丰度与过程 / 组成与状态","丰度变化不自动代表功能、流量或作用方向变化。 群体差异可能来自组成与单元状态两方面，技术重复不是独立对象。 网络关联不独立证明每条边具有因果作用。","false"
"systems-biology-8","systems-biology","网络生物学","systems-biology-8","direction-case","网络生物学研究档案：节点状态、相互关系与系统响应；节点口径、边含义和缺失连接；细胞组成、功能层次和独立来源。需对照生命网络与多尺度中的定义、对象索引与适用条件","关系与记录 / 组成与状态","没有记录到连接不等于不存在关系，边的定义影响结构。 群体差异可能来自组成与单元状态两方面，技术重复不是独立对象。 网络关联不独立证明每条边具有因果作用。","false"
"systems-biology-9","systems-biology","生命系统模型","systems-biology-9","direction-case","生命系统模型研究档案：节点状态、相互关系与系统响应；模型边界、参数来源和验证情境；系统边界、反馈连接和尺度转换；参数出处、边界条件和独立检验情境。需对照生命网络与多尺度中的定义、对象索引与适用条件","拟合与检验 / 局部与系统","校准资料不能同时充当完全独立的验证资料。 局部部件的收益可能被反馈和协调成本改变。 网络关联不独立证明每条边具有因果作用。","false"
"systems-biology-10","systems-biology","生态时间序列","systems-biology-10","direction-case","生态时间序列研究档案：节点状态、相互关系与系统响应；种群数量、群落组成和观测努力；时间戳、状态阶段和变化前后的并列记录。需对照生命网络与多尺度中的定义、对象索引与适用条件","出现与检测","未观察到不等于不存在，调查努力会改变检出。 网络关联不独立证明每条边具有因果作用。","false"
"systems-biology-11","systems-biology","生物资料质控","systems-biology-11","direction-case","生物资料质控研究档案：节点状态、相互关系与系统响应；细胞组成、功能层次和独立来源；标签定义、版本变动和分歧样本；版本变更、异常记录和失败复核。需对照生命网络与多尺度中的定义、对象索引与适用条件","组成与状态 / 一致与有效","群体差异可能来自组成与单元状态两方面，技术重复不是独立对象。 标签一致不能独立证明标签符合研究构念。 网络关联不独立证明每条边具有因果作用。","false"
"systems-biology-12","systems-biology","生命科学教学","systems-biology-12","direction-case","生命科学教学研究档案：教学任务、学生作答与撤去帮助后的新题；相关领域文献对“节点状态、相互关系与系统响应”的用语与记录方式；任务目标、辅助条件和延迟表现。需对照的具体条目：目标任务、辅助条件与延迟迁移","表现与学习","当场完成可受辅助影响，撤去帮助后的迁移才回答另一类问题。","false"
"software-engineering-1","software-engineering","软件需求","software-engineering-1","direction-case","软件需求研究档案：需求版本、执行轨迹与缺陷记录；版本锁定、输入契约和故障复现；版本规则、对象索引和使用任务；计量单位、时间窗口和未计入的投入。需对照的具体条目：输入契约、依赖版本与错误复现","功能与运行条件 / 记录与对象","一次运行成功不保证更新、资源限制或异常输入下仍可靠。 记录格式一致不保证对象相同，版本变化必须追溯。 测试通过只覆盖已测试条件，不能证明不存在所有缺陷。","false"
"software-engineering-2","software-engineering","软件架构","software-engineering-2","direction-case","软件架构研究档案：需求版本、执行轨迹与缺陷记录；版本锁定、输入契约和故障复现；版本规则、对象索引和使用任务。需对照的具体条目：输入契约、依赖版本与错误复现；模块责任、接口约束与依赖关系","功能与运行条件 / 记录与对象","一次运行成功不保证更新、资源限制或异常输入下仍可靠。 记录格式一致不保证对象相同，版本变化必须追溯。 测试通过只覆盖已测试条件，不能证明不存在所有缺陷。","false"
"software-engineering-3","software-engineering","软件测试","software-engineering-3","direction-case","软件测试研究档案：需求版本、执行轨迹与缺陷记录；参考量、校准曲线和不确定性分项；版本锁定、输入契约和故障复现；参考依据、重复读数和误差分项。需对照的具体条目：输入契约、依赖版本与错误复现","精密与准确 / 功能与运行条件","重复读数接近说明精密性，不能排除系统偏差。 一次运行成功不保证更新、资源限制或异常输入下仍可靠。 测试通过只覆盖已测试条件，不能证明不存在所有缺陷。","false"
"software-engineering-4","software-engineering","程序分析","software-engineering-4","direction-case","程序分析研究档案：需求版本、执行轨迹与缺陷记录；版本锁定、输入契约和故障复现。需对照的具体条目：输入假设、测量或推导链与不确定性","功能与运行条件","一次运行成功不保证更新、资源限制或异常输入下仍可靠。 测试通过只覆盖已测试条件，不能证明不存在所有缺陷。","false"
"software-engineering-5","software-engineering","软件维护","software-engineering-5","direction-case","软件维护研究档案：需求版本、执行轨迹与缺陷记录；版本锁定、输入契约和故障复现；版本规则、对象索引和使用任务。需对照的具体条目：输入契约、依赖版本与错误复现；变更原因、回归风险与兼容约束","功能与运行条件 / 记录与对象","一次运行成功不保证更新、资源限制或异常输入下仍可靠。 记录格式一致不保证对象相同，版本变化必须追溯。 测试通过只覆盖已测试条件，不能证明不存在所有缺陷。","false"
"software-engineering-6","software-engineering","软件可靠性","software-engineering-6","direction-case","软件可靠性研究档案：需求版本、执行轨迹与缺陷记录；版本锁定、输入契约和故障复现；失效定义、暴露时长和退出原因；版本变更、异常记录和失败复核。需对照的具体条目：输入契约、依赖版本与错误复现","功能与运行条件 / 运行与可靠","一次运行成功不保证更新、资源限制或异常输入下仍可靠。 没有记录到失效不等于可靠，需要知道实际使用时长。 测试通过只覆盖已测试条件，不能证明不存在所有缺陷。","false"
"software-engineering-7","software-engineering","软件工程教育","software-engineering-7","direction-case","软件工程教育研究档案：教学任务、学生作答与撤去帮助后的新题；相关领域文献对“需求版本、执行轨迹与缺陷记录”的用语与记录方式；任务目标、辅助条件和延迟表现。需对照的具体条目：输入契约、依赖版本与错误复现","表现与学习","当场完成可受辅助影响，撤去帮助后的迁移才回答另一类问题。","false"
"software-engineering-8","software-engineering","开源协作","software-engineering-8","direction-case","开源协作研究档案：需求版本、执行轨迹与缺陷记录；节点口径、边含义和缺失连接；版本锁定、输入契约和故障复现。需对照软件需求与行为中的定义、对象索引与适用条件","关系与记录 / 功能与运行条件","没有记录到连接不等于不存在关系，边的定义影响结构。 一次运行成功不保证更新、资源限制或异常输入下仍可靠。 测试通过只覆盖已测试条件，不能证明不存在所有缺陷。","false"
"software-engineering-9","software-engineering","开发工具","software-engineering-9","direction-case","开发工具研究档案：需求版本、执行轨迹与缺陷记录；版本锁定、输入契约和故障复现。需对照软件需求与行为中的定义、对象索引与适用条件","功能与运行条件","一次运行成功不保证更新、资源限制或异常输入下仍可靠。 测试通过只覆盖已测试条件，不能证明不存在所有缺陷。","false"
"software-engineering-10","software-engineering","软件可用性","software-engineering-10","direction-case","软件可用性研究档案：需求版本、执行轨迹与缺陷记录；版本锁定、输入契约和故障复现；任务完成、错误恢复和辅助条件；任务路径、迭代版本和错误恢复记录。需对照的具体条目：输入契约、依赖版本与错误复现","功能与运行条件 / 完成与体验","一次运行成功不保证更新、资源限制或异常输入下仍可靠。 完成率不能独立概括负担、可及性和错误恢复。 测试通过只覆盖已测试条件，不能证明不存在所有缺陷。","false"
"software-engineering-11","software-engineering","软件度量","software-engineering-11","direction-case","软件度量研究档案：需求版本、执行轨迹与缺陷记录；版本锁定、输入契约和故障复现；版本规则、对象索引和使用任务。需对照的具体条目：输入契约、依赖版本与错误复现；度量定义、项目背景与解释范围","功能与运行条件 / 记录与对象","一次运行成功不保证更新、资源限制或异常输入下仍可靠。 记录格式一致不保证对象相同，版本变化必须追溯。 测试通过只覆盖已测试条件，不能证明不存在所有缺陷。","false"
"software-engineering-12","software-engineering","软件复现","software-engineering-12","direction-case","软件复现研究档案：需求版本、执行轨迹与缺陷记录；版本锁定、输入契约和故障复现；版本规则、对象索引和使用任务；版本变更、异常记录和失败复核。需对照的具体条目：输入契约、依赖版本与错误复现；原始版本、偏离记录与失败尝试","功能与运行条件 / 记录与对象","一次运行成功不保证更新、资源限制或异常输入下仍可靠。 记录格式一致不保证对象相同，版本变化必须追溯。 测试通过只覆盖已测试条件，不能证明不存在所有缺陷。","false"
"electrical-engineering-1","electrical-engineering","电机研究","electrical-engineering-1","direction-case","电机研究研究档案：网络拓扑、负荷曲线与动态响应；器件模型、工作点和时序功耗。需对照电力网络与电磁过程中的定义、对象索引与适用条件","器件与系统","单器件优势不保证组合后时序、功耗与系统表现更好。 稳态合格不等于暂态或扰动下稳定。","false"
"electrical-engineering-2","electrical-engineering","电力系统","electrical-engineering-2","direction-case","电力系统研究档案：网络拓扑、负荷曲线与动态响应；能量边界、时间负荷和系统服务；系统边界、反馈连接和尺度转换。需对照的具体条目：负荷时序、网络限制与供电服务","效率与系统收益 / 局部与系统","部件效率高不保证系统全年收益更高。 局部部件的收益可能被反馈和协调成本改变。 稳态合格不等于暂态或扰动下稳定。","false"
"electrical-engineering-3","electrical-engineering","电力电子","electrical-engineering-3","direction-case","电力电子研究档案：网络拓扑、负荷曲线与动态响应；能量边界、时间负荷和系统服务。需对照的具体条目：负荷时序、网络限制与供电服务；开关状态、变换效率与工况条件","效率与系统收益","部件效率高不保证系统全年收益更高。 稳态合格不等于暂态或扰动下稳定。","false"
"electrical-engineering-4","electrical-engineering","绝缘与可靠性","electrical-engineering-4","direction-case","绝缘与可靠性研究档案：网络拓扑、负荷曲线与动态响应；失效定义、暴露时长和退出原因；版本变更、异常记录和失败复核。需对照电力网络与电磁过程中的定义、对象索引与适用条件","运行与可靠","没有记录到失效不等于可靠，需要知道实际使用时长。 稳态合格不等于暂态或扰动下稳定。","false"
"electrical-engineering-5","electrical-engineering","电气测量","electrical-engineering-5","direction-case","电气测量研究档案：网络拓扑、负荷曲线与动态响应；参考量、校准曲线和不确定性分项；能量边界、时间负荷和系统服务；参考依据、重复读数和误差分项。需对照电力网络与电磁过程中的定义、对象索引与适用条件","精密与准确 / 效率与系统收益","重复读数接近说明精密性，不能排除系统偏差。 部件效率高不保证系统全年收益更高。 稳态合格不等于暂态或扰动下稳定。","false"
"electrical-engineering-6","electrical-engineering","可再生能源接入","electrical-engineering-6","direction-case","可再生能源接入研究档案：网络拓扑、负荷曲线与动态响应；能量边界、时间负荷和系统服务；计量单位、时间窗口和未计入的投入。需对照电力网络与电磁过程中的定义、对象索引与适用条件","效率与系统收益","部件效率高不保证系统全年收益更高。 稳态合格不等于暂态或扰动下稳定。","false"
"electrical-engineering-7","electrical-engineering","电网运行评价","electrical-engineering-7","direction-case","电网运行评价研究档案：网络拓扑、负荷曲线与动态响应；能量边界、时间负荷和系统服务。需对照的具体条目：负荷时序、网络限制与供电服务；运行时段、供需变化与网络约束","效率与系统收益","部件效率高不保证系统全年收益更高。 稳态合格不等于暂态或扰动下稳定。","false"
"electrical-engineering-8","electrical-engineering","电能质量","electrical-engineering-8","direction-case","电能质量研究档案：网络拓扑、负荷曲线与动态响应；能量边界、时间负荷和系统服务；到达率、处理能力和波动时段；版本变更、异常记录和失败复核。需对照电力网络与电磁过程中的定义、对象索引与适用条件","效率与系统收益 / 平均与波动","部件效率高不保证系统全年收益更高。 平均供需相等仍可能有等待，波动和容量约束很重要。 稳态合格不等于暂态或扰动下稳定。","false"
"electrical-engineering-9","electrical-engineering","电气设备诊断","electrical-engineering-9","direction-case","电气设备诊断研究档案：网络拓扑、负荷曲线与动态响应；能量边界、时间负荷和系统服务；失效定义、暴露时长和退出原因。需对照电力网络与电磁过程中的定义、对象索引与适用条件","效率与系统收益 / 运行与可靠","部件效率高不保证系统全年收益更高。 没有记录到失效不等于可靠，需要知道实际使用时长。 稳态合格不等于暂态或扰动下稳定。","false"
"electrical-engineering-10","electrical-engineering","电气自动化","electrical-engineering-10","direction-case","电气自动化研究档案：网络拓扑、负荷曲线与动态响应；输入扰动、反馈状态和响应轨迹；能量边界、时间负荷和系统服务。需对照电力网络与电磁过程中的定义、对象索引与适用条件","辨识与控制 / 效率与系统收益","拟合已有输入输出不保证闭环稳定或未见工况可靠。 部件效率高不保证系统全年收益更高。 稳态合格不等于暂态或扰动下稳定。","false"
"electrical-engineering-11","electrical-engineering","储能系统评价","electrical-engineering-11","direction-case","储能系统评价研究档案：网络拓扑、负荷曲线与动态响应；能量边界、时间负荷和系统服务；系统边界、反馈连接和尺度转换。需对照的具体条目：充放电历程、退化与可用容量","效率与系统收益 / 局部与系统","部件效率高不保证系统全年收益更高。 局部部件的收益可能被反馈和协调成本改变。 稳态合格不等于暂态或扰动下稳定。","false"
"electrical-engineering-12","electrical-engineering","电气工程教育","electrical-engineering-12","direction-case","电气工程教育研究档案：教学任务、学生作答与撤去帮助后的新题；相关领域文献对“网络拓扑、负荷曲线与动态响应”的用语与记录方式；任务目标、辅助条件和延迟表现。需对照电力网络与电磁过程中的定义、对象索引与适用条件","表现与学习","当场完成可受辅助影响，撤去帮助后的迁移才回答另一类问题。","false"
"hydro-marine-1","hydro-marine","水文资料","hydro-marine-1","direction-case","水文资料研究档案：流量、水位与工程边界；水量边界、输入输出和时间尺度。需对照的具体条目：水位基准、补给条件与收支范围","通量与储量","浓度、流量和储量不同，时间积分也影响总量。 局地水位变化需要结合上下游和边界条件解释。","false"
"hydro-marine-2","hydro-marine","水资源系统","hydro-marine-2","direction-case","水资源系统研究档案：流量、水位与工程边界；水量边界、输入输出和时间尺度；系统边界、反馈连接和尺度转换；计量单位、时间窗口和未计入的投入。需对照水流、工程与边界中的定义、对象索引与适用条件","通量与储量 / 局部与系统","浓度、流量和储量不同，时间积分也影响总量。 局部部件的收益可能被反馈和协调成本改变。 局地水位变化需要结合上下游和边界条件解释。","false"
"hydro-marine-3","hydro-marine","水工结构","hydro-marine-3","direction-case","水工结构研究档案：流量、水位与工程边界；水量边界、输入输出和时间尺度。需对照的具体条目：结构受力、水位条件与服役状态","通量与储量","浓度、流量和储量不同，时间积分也影响总量。 局地水位变化需要结合上下游和边界条件解释。","false"
"hydro-marine-4","hydro-marine","河流工程","hydro-marine-4","direction-case","河流工程研究档案：流量、水位与工程边界；水量边界、输入输出和时间尺度。需对照的具体条目：河段边界、流量过程与岸线变化","通量与储量","浓度、流量和储量不同，时间积分也影响总量。 局地水位变化需要结合上下游和边界条件解释。","false"
"hydro-marine-5","hydro-marine","海岸工程","hydro-marine-5","direction-case","海岸工程研究档案：流量、水位与工程边界；水量边界、输入输出和时间尺度。需对照的具体条目：波潮条件、岸线响应与时间尺度","通量与储量","浓度、流量和储量不同，时间积分也影响总量。 局地水位变化需要结合上下游和边界条件解释。","false"
"hydro-marine-6","hydro-marine","港口工程","hydro-marine-6","direction-case","港口工程研究档案：流量、水位与工程边界；出行链、等待时间和可达机会。需对照的具体条目：海况、载荷状态与协作时间","速度与可达性","平均速度提高不保证更多人能到达需要的服务。 局地水位变化需要结合上下游和边界条件解释。","false"
"hydro-marine-7","hydro-marine","海洋结构","hydro-marine-7","direction-case","海洋结构研究档案：流量、水位与工程边界；水体层次、季节窗口和观测覆盖。需对照的具体条目：水层位置、季节与水团背景","空间与季节","不同水层或季节的资料不能只按地点名称合并。 局地水位变化需要结合上下游和边界条件解释。","false"
"hydro-marine-8","hydro-marine","工程数值模型","hydro-marine-8","direction-case","工程数值模型研究档案：流量、水位与工程边界；离散误差、参照解和停止条件；模型边界、参数来源和验证情境；参数出处、边界条件和独立检验情境。需对照水流、工程与边界中的定义、对象索引与适用条件","收敛与正确性 / 拟合与检验","迭代停止不保证离散误差或模型误差已经足够小。 校准资料不能同时充当完全独立的验证资料。 局地水位变化需要结合上下游和边界条件解释。","false"
"hydro-marine-9","hydro-marine","工程监测","hydro-marine-9","direction-case","工程监测研究档案：流量、水位与工程边界；物理边界、观测响应和过程量；参考依据、重复读数和误差分项。需对照水流、工程与边界中的定义、对象索引与适用条件","过程与读数","读数由过程和测量响应共同决定，需要明确边界。 局地水位变化需要结合上下游和边界条件解释。","false"
"hydro-marine-10","hydro-marine","泥沙资料","hydro-marine-10","direction-case","泥沙资料研究档案：流量、水位与工程边界；水量边界、输入输出和时间尺度。需对照的具体条目：颗粒级配、输移阶段与通量估计","通量与储量","浓度、流量和储量不同，时间积分也影响总量。 局地水位变化需要结合上下游和边界条件解释。","false"
"hydro-marine-11","hydro-marine","工程环境评价","hydro-marine-11","direction-case","工程环境评价研究档案：流量、水位与工程边界；来源、迁移途径和受影响对象。需对照水流、工程与边界中的定义、对象索引与适用条件","来源与负担","排放减少与受影响对象负担减少需要通过路径联系。 局地水位变化需要结合上下游和边界条件解释。","false"
"hydro-marine-12","hydro-marine","水利工程史","hydro-marine-12","direction-case","水利工程史研究档案：同时代记载与后期整理本的年代对照；相关领域文献对“流量、水位与工程边界”的用语与记录方式；同时代资料、后期整理和出处链。需对照水流、工程与边界中的定义、对象索引与适用条件","记录与过去实践","留存资料受保存及整理选择影响，不是过去实践的完整镜像。","false"
"geomatics-engineering-1","geomatics-engineering","大地测量","geomatics-engineering-1","direction-case","大地测量研究档案：坐标基准、控制点与影像几何；参考量、校准曲线和不确定性分项；参考依据、重复读数和误差分项。需对照的具体条目：参考椭球、坐标基准与观测解算","精密与准确","重复读数接近说明精密性，不能排除系统偏差。 坐标数字相同不保证参考系和位置含义相同。","false"
"geomatics-engineering-2","geomatics-engineering","工程测量","geomatics-engineering-2","direction-case","工程测量研究档案：坐标基准、控制点与影像几何；参考量、校准曲线和不确定性分项；参考依据、重复读数和误差分项。需对照的具体条目：控制点、位置精度与施工任务","精密与准确","重复读数接近说明精密性，不能排除系统偏差。 坐标数字相同不保证参考系和位置含义相同。","false"
"geomatics-engineering-3","geomatics-engineering","摄影测量","geomatics-engineering-3","direction-case","摄影测量研究档案：坐标基准、控制点与影像几何；参考量、校准曲线和不确定性分项；参考依据、重复读数和误差分项。需对照的具体条目：影像几何、控制点与配准误差","精密与准确","重复读数接近说明精密性，不能排除系统偏差。 坐标数字相同不保证参考系和位置含义相同。","false"
"geomatics-engineering-4","geomatics-engineering","遥感信息","geomatics-engineering-4","direction-case","遥感信息研究档案：坐标基准、控制点与影像几何；坐标基准、空间支持和分类边界；版本规则、对象索引和使用任务；坐标基准、空间单元和不同尺度的对照。需对照的具体条目：地面参照、像元支持与反演条件","位置与尺度 / 记录与对象","聚合尺度与分类边界会改变空间关系，不能只比较图色。 记录格式一致不保证对象相同，版本变化必须追溯。 坐标数字相同不保证参考系和位置含义相同。","false"
"geomatics-engineering-5","geomatics-engineering","地理信息工程","geomatics-engineering-5","direction-case","地理信息工程研究档案：坐标基准、控制点与影像几何；坐标基准、空间支持和分类边界；版本规则、对象索引和使用任务；坐标基准、空间单元和不同尺度的对照。需对照位置与空间参考中的定义、对象索引与适用条件","位置与尺度 / 记录与对象","聚合尺度与分类边界会改变空间关系，不能只比较图色。 记录格式一致不保证对象相同，版本变化必须追溯。 坐标数字相同不保证参考系和位置含义相同。","false"
"geomatics-engineering-6","geomatics-engineering","导航资料评价","geomatics-engineering-6","direction-case","导航资料评价研究档案：坐标基准、控制点与影像几何；输入扰动、反馈状态和响应轨迹。需对照位置与空间参考中的定义、对象索引与适用条件","辨识与控制","拟合已有输入输出不保证闭环稳定或未见工况可靠。 坐标数字相同不保证参考系和位置含义相同。","false"
"geomatics-engineering-7","geomatics-engineering","地图表达","geomatics-engineering-7","direction-case","地图表达研究档案：坐标基准、控制点与影像几何；坐标基准、空间支持和分类边界；坐标基准、空间单元和不同尺度的对照。需对照的具体条目：符号规则、空间概括与读图任务","位置与尺度","聚合尺度与分类边界会改变空间关系，不能只比较图色。 坐标数字相同不保证参考系和位置含义相同。","false"
"geomatics-engineering-8","geomatics-engineering","点云处理","geomatics-engineering-8","direction-case","点云处理研究档案：坐标基准、控制点与影像几何；版本锁定、输入契约和故障复现；坐标基准、空间支持和分类边界；坐标基准、空间单元和不同尺度的对照。需对照位置与空间参考中的定义、对象索引与适用条件","功能与运行条件 / 位置与尺度","一次运行成功不保证更新、资源限制或异常输入下仍可靠。 聚合尺度与分类边界会改变空间关系，不能只比较图色。 坐标数字相同不保证参考系和位置含义相同。","false"
"geomatics-engineering-9","geomatics-engineering","时空数据","geomatics-engineering-9","direction-case","时空数据研究档案：坐标基准、控制点与影像几何；坐标基准、空间支持和分类边界。需对照位置与空间参考中的定义、对象索引与适用条件","位置与尺度","聚合尺度与分类边界会改变空间关系，不能只比较图色。 坐标数字相同不保证参考系和位置含义相同。","false"
"geomatics-engineering-10","geomatics-engineering","测绘质量","geomatics-engineering-10","direction-case","测绘质量研究档案：坐标基准、控制点与影像几何；坐标基准、空间支持和分类边界；到达率、处理能力和波动时段；版本变更、异常记录和失败复核。需对照位置与空间参考中的定义、对象索引与适用条件","位置与尺度 / 平均与波动","聚合尺度与分类边界会改变空间关系，不能只比较图色。 平均供需相等仍可能有等待，波动和容量约束很重要。 坐标数字相同不保证参考系和位置含义相同。","false"
"geomatics-engineering-11","geomatics-engineering","多源资料配准","geomatics-engineering-11","direction-case","多源资料配准研究档案：坐标基准、控制点与影像几何；坐标基准、空间支持和分类边界；坐标基准、空间单元和不同尺度的对照。需对照的具体条目：对应点、变换模型与残差分布","位置与尺度","聚合尺度与分类边界会改变空间关系，不能只比较图色。 坐标数字相同不保证参考系和位置含义相同。","false"
"geomatics-engineering-12","geomatics-engineering","测绘工程教育","geomatics-engineering-12","direction-case","测绘工程教育研究档案：教学任务、学生作答与撤去帮助后的新题；相关领域文献对“坐标基准、控制点与影像几何”的用语与记录方式；任务目标、辅助条件和延迟表现。需对照位置与空间参考中的定义、对象索引与适用条件","表现与学习","当场完成可受辅助影响，撤去帮助后的迁移才回答另一类问题。","false"
"process-engineering-1","process-engineering","化工热力学","process-engineering-1","direction-case","化工热力学研究档案：物料能量收支、界面与过程状态；系统边界、状态变量和交换项；载荷谱、变形状态和失效口径。需对照过程收支与放大中的定义、对象索引与适用条件","状态与过程 / 强度与寿命","状态量与过程量不同，讨论能量必须交代系统边界。 静态强度不能独立代替循环载荷下的寿命评价。 小尺度表现不自动保留在不同传递条件的大尺度。","false"
"process-engineering-2","process-engineering","传递过程","process-engineering-2","direction-case","传递过程研究档案：物料能量收支、界面与过程状态；边界条件、守恒项和流动尺度；时间戳、状态阶段和变化前后的并列记录。需对照过程收支与放大中的定义、对象索引与适用条件","尺度与相似","外观相似的流动不一定具有相同无量纲条件。 小尺度表现不自动保留在不同传递条件的大尺度。","false"
"process-engineering-3","process-engineering","反应工程理论","process-engineering-3","direction-case","反应工程理论研究档案：物料能量收支、界面与过程状态；物种指认、平衡条件和测量信号。需对照过程收支与放大中的定义、对象索引与适用条件","指认与定量","能指认某成分不等于已准确测量其含量。 小尺度表现不自动保留在不同传递条件的大尺度。","false"
"process-engineering-4","process-engineering","过程系统","process-engineering-4","direction-case","过程系统研究档案：物料能量收支、界面与过程状态；系统边界、反馈连接和尺度转换；物理边界、观测响应和过程量；时间戳、状态阶段和变化前后的并列记录。需对照过程收支与放大中的定义、对象索引与适用条件","局部与系统 / 过程与读数","局部部件的收益可能被反馈和协调成本改变。 读数由过程和测量响应共同决定，需要明确边界。 小尺度表现不自动保留在不同传递条件的大尺度。","false"
"process-engineering-5","process-engineering","分离过程理论","process-engineering-5","direction-case","分离过程理论研究档案：物料能量收支、界面与过程状态；物种指认、平衡条件和测量信号；时间戳、状态阶段和变化前后的并列记录。需对照过程收支与放大中的定义、对象索引与适用条件","指认与定量","能指认某成分不等于已准确测量其含量。 小尺度表现不自动保留在不同传递条件的大尺度。","false"
"process-engineering-6","process-engineering","过程控制","process-engineering-6","direction-case","过程控制研究档案：物料能量收支、界面与过程状态；输入扰动、反馈状态和响应轨迹；时间戳、状态阶段和变化前后的并列记录。需对照过程收支与放大中的定义、对象索引与适用条件","辨识与控制","拟合已有输入输出不保证闭环稳定或未见工况可靠。 小尺度表现不自动保留在不同传递条件的大尺度。","false"
"process-engineering-7","process-engineering","过程强化评价","process-engineering-7","direction-case","过程强化评价研究档案：物料能量收支、界面与过程状态；物理边界、观测响应和过程量；时间戳、状态阶段和变化前后的并列记录。需对照过程收支与放大中的定义、对象索引与适用条件","过程与读数","读数由过程和测量响应共同决定，需要明确边界。 小尺度表现不自动保留在不同传递条件的大尺度。","false"
"process-engineering-8","process-engineering","资源循环","process-engineering-8","direction-case","资源循环研究档案：物料能量收支、界面与过程状态；物理边界、观测响应和过程量；计量单位、时间窗口和未计入的投入。需对照过程收支与放大中的定义、对象索引与适用条件","过程与读数","读数由过程和测量响应共同决定，需要明确边界。 小尺度表现不自动保留在不同传递条件的大尺度。","false"
"process-engineering-9","process-engineering","过程模拟","process-engineering-9","direction-case","过程模拟研究档案：物料能量收支、界面与过程状态；离散误差、参照解和停止条件；模型边界、参数来源和验证情境；参数出处、边界条件和独立检验情境。需对照过程收支与放大中的定义、对象索引与适用条件","收敛与正确性 / 拟合与检验","迭代停止不保证离散误差或模型误差已经足够小。 校准资料不能同时充当完全独立的验证资料。 小尺度表现不自动保留在不同传递条件的大尺度。","false"
"process-engineering-10","process-engineering","过程测量","process-engineering-10","direction-case","过程测量研究档案：物料能量收支、界面与过程状态；参考量、校准曲线和不确定性分项；参考依据、重复读数和误差分项。需对照过程收支与放大中的定义、对象索引与适用条件","精密与准确","重复读数接近说明精密性，不能排除系统偏差。 小尺度表现不自动保留在不同传递条件的大尺度。","false"
"process-engineering-11","process-engineering","工况可靠性","process-engineering-11","direction-case","工况可靠性研究档案：物料能量收支、界面与过程状态；失效定义、暴露时长和退出原因；版本变更、异常记录和失败复核。需对照过程收支与放大中的定义、对象索引与适用条件","运行与可靠","没有记录到失效不等于可靠，需要知道实际使用时长。 小尺度表现不自动保留在不同传递条件的大尺度。","false"
"process-engineering-12","process-engineering","化工工程教育","process-engineering-12","direction-case","化工工程教育研究档案：教学任务、学生作答与撤去帮助后的新题；相关领域文献对“物料能量收支、界面与过程状态”的用语与记录方式；任务目标、辅助条件和延迟表现。需对照过程收支与放大中的定义、对象索引与适用条件","表现与学习","当场完成可受辅助影响，撤去帮助后的迁移才回答另一类问题。","false"
"crop-science-1","crop-science","作物栽培","crop-science-1","concept","播期、物候阶段与小区收获记录","物候与产量形成","收获产量由多个生长阶段共同形成；同一播期在不同气候下未必经历同样的物候过程。","false"
"crop-science-2","crop-science","作物生理","crop-science-2","concept","叶面积、干物质分配与器官生长资料","源与库","产生同化物的部位与使用或储存它的部位共同影响生长；叶片信号增强不一定转为收获器官增加。","false"
"crop-science-3","crop-science","作物遗传资料","crop-science-3","direction-case","作物遗传资料研究档案：物候、品种及田间小区；参考版本、来源关系与变异表型对应；品种、环境和生育阶段记录；不同层次的读数、背景条件和相反趋势。需对照的具体条目：种质来源、品种、田块位置与生育阶段","关联与功能解释 / 品种与环境互作","共同变化或共分离提供线索，但不能独立证明因果及个体结局。 一个环境的优势可能在另一个环境改变，阶段也影响比较。 品种平均表现会掩盖环境依赖的排名改变。","false"
"crop-science-4","crop-science","作物育种评价","crop-science-4","concept","种质编号、多点小区产量与环境登记","基因型与环境互作","品种排名随环境改变时，平均产量会掩盖适应差异；稳定性与高产并非同一个目标。","false"
"crop-science-5","crop-science","种质资料","crop-science-5","direction-case","种质资料研究档案：物候、品种及田间小区；参考版本、来源关系与变异表型对应；品种、环境和生育阶段记录。需对照作物阶段与产量中的定义、对象索引与适用条件","关联与功能解释 / 品种与环境互作","共同变化或共分离提供线索，但不能独立证明因果及个体结局。 一个环境的优势可能在另一个环境改变，阶段也影响比较。 品种平均表现会掩盖环境依赖的排名改变。","false"
"crop-science-6","crop-science","作物品质","crop-science-6","direction-case","作物品质研究档案：物候、品种及田间小区；品种、环境和生育阶段记录。需对照的具体条目：种质来源、品种、田块位置与生育阶段；品质性状、评价时点与利用目标","品种与环境互作","一个环境的优势可能在另一个环境改变，阶段也影响比较。 品种平均表现会掩盖环境依赖的排名改变。","false"
"crop-science-7","crop-science","农田管理","crop-science-7","direction-case","农田管理研究档案：物候、品种及田间小区；采样深度、容重和空间位置；正式文本、执行条件与被排除的对象。需对照作物阶段与产量中的定义、对象索引与适用条件","浓度与存量","相同浓度在不同容重和厚度下不代表相同存量。 品种平均表现会掩盖环境依赖的排名改变。","false"
"crop-science-8","crop-science","农艺试验设计","crop-science-8","direction-case","农艺试验设计研究档案：物候、品种及田间小区；品种、环境和生育阶段记录；任务路径、迭代版本和错误恢复记录。需对照的具体条目：种质来源、品种、田块位置与生育阶段","品种与环境互作","一个环境的优势可能在另一个环境改变，阶段也影响比较。 品种平均表现会掩盖环境依赖的排名改变。","false"
"crop-science-9","crop-science","农业气候","crop-science-9","direction-case","农业气候研究档案：物候、品种及田间小区；基准时期、空间范围和异常序列。需对照的具体条目：基准时期、空间覆盖与异常序列","天气与气候","短时异常与长期气候变化不是同一时间尺度的命题。 品种平均表现会掩盖环境依赖的排名改变。","false"
"crop-science-10","crop-science","作物模型","crop-science-10","direction-case","作物模型研究档案：物候、品种及田间小区；品种、环境和生育阶段记录；参数出处、边界条件和独立检验情境。需对照的具体条目：种质来源、品种、田块位置与生育阶段","品种与环境互作","一个环境的优势可能在另一个环境改变，阶段也影响比较。 品种平均表现会掩盖环境依赖的排名改变。","false"
"crop-science-11","crop-science","作物表型资料","crop-science-11","direction-case","作物表型资料研究档案：物候、品种及田间小区；品种、环境和生育阶段记录；亲缘结构、阶段和参考注释。需对照的具体条目：种质来源、品种、田块位置与生育阶段","品种与环境互作 / 亲缘与独立性","一个环境的优势可能在另一个环境改变，阶段也影响比较。 对象数量不等于独立来源数量，亲缘会影响比较。 品种平均表现会掩盖环境依赖的排名改变。","false"
"crop-science-12","crop-science","作物生产系统","crop-science-12","direction-case","作物生产系统研究档案：物候、品种及田间小区；品种、环境和生育阶段记录。需对照的具体条目：种质来源、品种、田块位置与生育阶段；生产环节、资源投入与系统边界","品种与环境互作","一个环境的优势可能在另一个环境改变，阶段也影响比较。 品种平均表现会掩盖环境依赖的排名改变。","false"
"horticulture-studies-1","horticulture-studies","果树研究","horticulture-studies-1","direction-case","果树研究研究档案：成熟阶段、品质指标与采后时序；品种、环境和生育阶段记录。需对照的具体条目：成熟阶段、品种差异与采后环境；多年生阶段、结果条件与季节差异","品种与环境互作","一个环境的优势可能在另一个环境改变，阶段也影响比较。 外观、风味和可储藏性可在不同阶段达到适宜水平。","false"
"horticulture-studies-2","horticulture-studies","蔬菜研究","horticulture-studies-2","direction-case","蔬菜研究研究档案：成熟阶段、品质指标与采后时序；品种、环境和生育阶段记录。需对照的具体条目：成熟阶段、品种差异与采后环境；生育阶段、食用部位与管理条件","品种与环境互作","一个环境的优势可能在另一个环境改变，阶段也影响比较。 外观、风味和可储藏性可在不同阶段达到适宜水平。","false"
"horticulture-studies-3","horticulture-studies","花卉研究","horticulture-studies-3","direction-case","花卉研究研究档案：成熟阶段、品质指标与采后时序；品种、环境和生育阶段记录。需对照的具体条目：成熟阶段、品种差异与采后环境；花期、观赏评价与储运条件","品种与环境互作","一个环境的优势可能在另一个环境改变，阶段也影响比较。 外观、风味和可储藏性可在不同阶段达到适宜水平。","false"
"horticulture-studies-4","horticulture-studies","设施园艺","horticulture-studies-4","direction-case","设施园艺研究档案：成熟阶段、品质指标与采后时序；品种、环境和生育阶段记录。需对照的具体条目：成熟阶段、品种差异与采后环境；设施环境、调控投入与作物响应","品种与环境互作","一个环境的优势可能在另一个环境改变，阶段也影响比较。 外观、风味和可储藏性可在不同阶段达到适宜水平。","false"
"horticulture-studies-5","horticulture-studies","园艺品质","horticulture-studies-5","direction-case","园艺品质研究档案：成熟阶段、品质指标与采后时序；品种、环境和生育阶段记录。需对照的具体条目：成熟阶段、品种差异与采后环境；成熟状态、感官评价与测量口径","品种与环境互作","一个环境的优势可能在另一个环境改变，阶段也影响比较。 外观、风味和可储藏性可在不同阶段达到适宜水平。","false"
"horticulture-studies-6","horticulture-studies","园艺生理","horticulture-studies-6","direction-case","园艺生理研究档案：成熟阶段、品质指标与采后时序；品种、环境和生育阶段记录；细胞组成、功能层次和独立来源；不同层次的读数、背景条件和相反趋势。需对照的具体条目：成熟阶段、品种差异与采后环境","品种与环境互作 / 组成与状态","一个环境的优势可能在另一个环境改变，阶段也影响比较。 群体差异可能来自组成与单元状态两方面，技术重复不是独立对象。 外观、风味和可储藏性可在不同阶段达到适宜水平。","false"
"horticulture-studies-7","horticulture-studies","园艺资源资料","horticulture-studies-7","direction-case","园艺资源资料研究档案：成熟阶段、品质指标与采后时序；品种、环境和生育阶段记录；计量单位、时间窗口和未计入的投入。需对照的具体条目：成熟阶段、品种差异与采后环境","品种与环境互作","一个环境的优势可能在另一个环境改变，阶段也影响比较。 外观、风味和可储藏性可在不同阶段达到适宜水平。","false"
"horticulture-studies-8","horticulture-studies","园艺生态","horticulture-studies-8","direction-case","园艺生态研究档案：成熟阶段、品质指标与采后时序；种群数量、群落组成和观测努力；品种、环境和生育阶段记录。需对照的具体条目：成熟阶段、品种差异与采后环境","出现与检测 / 品种与环境互作","未观察到不等于不存在，调查努力会改变检出。 一个环境的优势可能在另一个环境改变，阶段也影响比较。 外观、风味和可储藏性可在不同阶段达到适宜水平。","false"
"horticulture-studies-9","horticulture-studies","采后评价","horticulture-studies-9","direction-case","采后评价研究档案：成熟阶段、品质指标与采后时序；品种、环境和生育阶段记录。需对照园艺生长与品质中的定义、对象索引与适用条件","品种与环境互作","一个环境的优势可能在另一个环境改变，阶段也影响比较。 外观、风味和可储藏性可在不同阶段达到适宜水平。","false"
"horticulture-studies-10","horticulture-studies","园艺生产系统","horticulture-studies-10","direction-case","园艺生产系统研究档案：成熟阶段、品质指标与采后时序；品种、环境和生育阶段记录。需对照的具体条目：成熟阶段、品种差异与采后环境；生产环节、品种配置与资源边界","品种与环境互作","一个环境的优势可能在另一个环境改变，阶段也影响比较。 外观、风味和可储藏性可在不同阶段达到适宜水平。","false"
"horticulture-studies-11","horticulture-studies","园艺表型","horticulture-studies-11","direction-case","园艺表型研究档案：成熟阶段、品质指标与采后时序；品种、环境和生育阶段记录；亲缘结构、阶段和参考注释。需对照的具体条目：成熟阶段、品种差异与采后环境","品种与环境互作 / 亲缘与独立性","一个环境的优势可能在另一个环境改变，阶段也影响比较。 对象数量不等于独立来源数量，亲缘会影响比较。 外观、风味和可储藏性可在不同阶段达到适宜水平。","false"
"horticulture-studies-12","horticulture-studies","城市园艺","horticulture-studies-12","direction-case","城市园艺研究档案：成熟阶段、品质指标与采后时序；品种、环境和生育阶段记录。需对照的具体条目：成熟阶段、品种差异与采后环境；进入机会、空间路径与地方制度","品种与环境互作","一个环境的优势可能在另一个环境改变，阶段也影响比较。 外观、风味和可储藏性可在不同阶段达到适宜水平。","false"
"soil-resources-1","soil-resources","土壤学","soil-resources-1","direction-case","土壤学研究档案：土层、容重与物质含量；采样深度、容重和空间位置。需对照的具体条目：采样层厚、容重与有机质分布","浓度与存量","相同浓度在不同容重和厚度下不代表相同存量。 含量与面积储量不同，需保留深度及质量基准。","false"
"soil-resources-2","soil-resources","植物营养资料","soil-resources-2","direction-case","植物营养资料研究档案：土层、容重与物质含量；组成、摄入及整体模式的分别记录；种群数量、群落组成和观测努力；计量单位、时间窗口和未计入的投入。需对照土层与土壤功能中的定义、对象索引与适用条件","组成与实际摄入 / 出现与检测","成分丰富不代表摄入足够，实际摄入又不等于长期健康结果。 未观察到不等于不存在，调查努力会改变检出。 含量与面积储量不同，需保留深度及质量基准。","false"
"soil-resources-3","soil-resources","农业资源","soil-resources-3","direction-case","农业资源研究档案：土层、容重与物质含量；生境条件、调查覆盖和管理历程；计量单位、时间窗口和未计入的投入。需对照土层与土壤功能中的定义、对象索引与适用条件","管理与状态","管理投入和生态或生产状态不同，观察覆盖也影响变化判断。 含量与面积储量不同，需保留深度及质量基准。","false"
"soil-resources-4","soil-resources","土壤生态","soil-resources-4","direction-case","土壤生态研究档案：土层、容重与物质含量；种群数量、群落组成和观测努力；采样深度、容重和空间位置。需对照的具体条目：采样层厚、容重与有机质分布","出现与检测 / 浓度与存量","未观察到不等于不存在，调查努力会改变检出。 相同浓度在不同容重和厚度下不代表相同存量。 含量与面积储量不同，需保留深度及质量基准。","false"
"soil-resources-5","soil-resources","农田环境","soil-resources-5","direction-case","农田环境研究档案：土层、容重与物质含量；采样深度、容重和空间位置；来源、迁移途径和受影响对象。需对照土层与土壤功能中的定义、对象索引与适用条件","浓度与存量 / 来源与负担","相同浓度在不同容重和厚度下不代表相同存量。 排放减少与受影响对象负担减少需要通过路径联系。 含量与面积储量不同，需保留深度及质量基准。","false"
"soil-resources-6","soil-resources","土壤空间分析","soil-resources-6","direction-case","土壤空间分析研究档案：土层、容重与物质含量；采样深度、容重和空间位置；坐标基准、空间单元和不同尺度的对照。需对照的具体条目：采样层厚、容重与有机质分布；输入假设、测量或推导链与不确定性","浓度与存量","相同浓度在不同容重和厚度下不代表相同存量。 含量与面积储量不同，需保留深度及质量基准。","false"
"soil-resources-7","soil-resources","土壤水分","soil-resources-7","direction-case","土壤水分研究档案：土层、容重与物质含量；水量边界、输入输出和时间尺度；采样深度、容重和空间位置。需对照的具体条目：采样层厚、容重与有机质分布","通量与储量 / 浓度与存量","浓度、流量和储量不同，时间积分也影响总量。 相同浓度在不同容重和厚度下不代表相同存量。 含量与面积储量不同，需保留深度及质量基准。","false"
"soil-resources-8","soil-resources","土地利用","soil-resources-8","direction-case","土地利用研究档案：土层、容重与物质含量；采样深度、容重和空间位置。需对照土层与土壤功能中的定义、对象索引与适用条件","浓度与存量","相同浓度在不同容重和厚度下不代表相同存量。 含量与面积储量不同，需保留深度及质量基准。","false"
"soil-resources-9","soil-resources","资源循环","soil-resources-9","direction-case","资源循环研究档案：土层、容重与物质含量；采样深度、容重和空间位置；计量单位、时间窗口和未计入的投入。需对照土层与土壤功能中的定义、对象索引与适用条件","浓度与存量","相同浓度在不同容重和厚度下不代表相同存量。 含量与面积储量不同，需保留深度及质量基准。","false"
"soil-resources-10","soil-resources","土壤测量","soil-resources-10","direction-case","土壤测量研究档案：土层、容重与物质含量；采样深度、容重和空间位置；参考依据、重复读数和误差分项。需对照的具体条目：采样层厚、容重与有机质分布","浓度与存量","相同浓度在不同容重和厚度下不代表相同存量。 含量与面积储量不同，需保留深度及质量基准。","false"
"soil-resources-11","soil-resources","农业资源评价","soil-resources-11","direction-case","农业资源评价研究档案：土层、容重与物质含量；来源、迁移途径和受影响对象；生境条件、调查覆盖和管理历程；计量单位、时间窗口和未计入的投入。需对照土层与土壤功能中的定义、对象索引与适用条件","来源与负担 / 管理与状态","排放减少与受影响对象负担减少需要通过路径联系。 管理投入和生态或生产状态不同，观察覆盖也影响变化判断。 含量与面积储量不同，需保留深度及质量基准。","false"
"soil-resources-12","soil-resources","农业环境史","soil-resources-12","direction-case","农业环境史研究档案：同时代记载与后期整理本的年代对照；相关领域文献对“土层、容重与物质含量”的用语与记录方式；同时代资料、后期整理和出处链。需对照的具体条目：环境过程、利用记录与历史观察","记录与过去实践","留存资料受保存及整理选择影响，不是过去实践的完整镜像。","false"
"forest-science-1","forest-science","森林生态","forest-science-1","direction-case","森林生态研究档案：树龄结构、幼树补充与死亡；种群数量、群落组成和观测努力。需对照的具体条目：林分阶段、更新个体与调查覆盖","出现与检测","未观察到不等于不存在，调查努力会改变检出。 成年存量不能独立代表下一代更新及长期持续性。","false"
"forest-science-2","forest-science","森林培育","forest-science-2","direction-case","森林培育研究档案：树龄结构、幼树补充与死亡；种群数量、群落组成和观测努力。需对照的具体条目：林分阶段、更新个体与调查覆盖；更新阶段、管理处理与成活记录","出现与检测","未观察到不等于不存在，调查努力会改变检出。 成年存量不能独立代表下一代更新及长期持续性。","false"
"forest-science-3","forest-science","森林资源","forest-science-3","direction-case","森林资源研究档案：树龄结构、幼树补充与死亡；种群数量、群落组成和观测努力；计量单位、时间窗口和未计入的投入。需对照的具体条目：林分阶段、更新个体与调查覆盖","出现与检测","未观察到不等于不存在，调查努力会改变检出。 成年存量不能独立代表下一代更新及长期持续性。","false"
"forest-science-4","forest-science","森林经营","forest-science-4","direction-case","森林经营研究档案：树龄结构、幼树补充与死亡；种群数量、群落组成和观测努力。需对照的具体条目：林分阶段、更新个体与调查覆盖；经营目标、林分结构与投入历程","出现与检测","未观察到不等于不存在，调查努力会改变检出。 成年存量不能独立代表下一代更新及长期持续性。","false"
"forest-science-5","forest-science","林木资料","forest-science-5","direction-case","林木资料研究档案：树龄结构、幼树补充与死亡；种群数量、群落组成和观测努力。需对照的具体条目：林分阶段、更新个体与调查覆盖；个体索引、年龄条件与性状记录","出现与检测","未观察到不等于不存在，调查努力会改变检出。 成年存量不能独立代表下一代更新及长期持续性。","false"
"forest-science-6","forest-science","森林土壤","forest-science-6","direction-case","森林土壤研究档案：树龄结构、幼树补充与死亡；种群数量、群落组成和观测努力；采样深度、容重和空间位置。需对照的具体条目：采样层厚、容重与有机质分布；林分阶段、更新个体与调查覆盖","出现与检测 / 浓度与存量","未观察到不等于不存在，调查努力会改变检出。 相同浓度在不同容重和厚度下不代表相同存量。 成年存量不能独立代表下一代更新及长期持续性。","false"
"forest-science-7","forest-science","林业遥感","forest-science-7","direction-case","林业遥感研究档案：树龄结构、幼树补充与死亡；生境条件、调查覆盖和管理历程；坐标基准、空间单元和不同尺度的对照。需对照的具体条目：林分阶段、更新个体与调查覆盖；地面参照、像元支持与反演条件","管理与状态","管理投入和生态或生产状态不同，观察覆盖也影响变化判断。 成年存量不能独立代表下一代更新及长期持续性。","false"
"forest-science-8","forest-science","森林碳资料","forest-science-8","direction-case","森林碳资料研究档案：树龄结构、幼树补充与死亡；基准时期、空间范围和异常序列；种群数量、群落组成和观测努力。需对照的具体条目：林分阶段、更新个体与调查覆盖","天气与气候 / 出现与检测","短时异常与长期气候变化不是同一时间尺度的命题。 未观察到不等于不存在，调查努力会改变检出。 成年存量不能独立代表下一代更新及长期持续性。","false"
"forest-science-9","forest-science","城市林业","forest-science-9","direction-case","城市林业研究档案：树龄结构、幼树补充与死亡；生境条件、调查覆盖和管理历程。需对照的具体条目：林分阶段、更新个体与调查覆盖；进入机会、空间路径与地方制度","管理与状态","管理投入和生态或生产状态不同，观察覆盖也影响变化判断。 成年存量不能独立代表下一代更新及长期持续性。","false"
"forest-science-10","forest-science","林产品评价","forest-science-10","direction-case","林产品评价研究档案：树龄结构、幼树补充与死亡；生境条件、调查覆盖和管理历程。需对照的具体条目：制造约束、功能任务与使用环境","管理与状态","管理投入和生态或生产状态不同，观察覆盖也影响变化判断。 成年存量不能独立代表下一代更新及长期持续性。","false"
"forest-science-11","forest-science","森林健康资料","forest-science-11","direction-case","森林健康资料研究档案：树龄结构、幼树补充与死亡；种群数量、群落组成和观测努力。需对照的具体条目：林分阶段、更新个体与调查覆盖；受损判定、观察机会与恢复历程","出现与检测","未观察到不等于不存在，调查努力会改变检出。 成年存量不能独立代表下一代更新及长期持续性。","false"
"forest-science-12","forest-science","林业社会研究","forest-science-12","direction-case","林业社会研究研究档案：树龄结构、幼树补充与死亡；生境条件、调查覆盖和管理历程。需对照的具体条目：林分阶段、更新个体与调查覆盖","管理与状态","管理投入和生态或生产状态不同，观察覆盖也影响变化判断。 成年存量不能独立代表下一代更新及长期持续性。","false"
"aquatic-science-1","aquatic-science","水产生态","aquatic-science-1","direction-case","水产生态研究档案：种群结构、水体条件与生产记录；水体层次、季节窗口和观测覆盖；种群数量、群落组成和观测努力。需对照的具体条目：水域条件、捕获选择与资源分母","空间与季节 / 出现与检测","不同水层或季节的资料不能只按地点名称合并。 未观察到不等于不存在，调查努力会改变检出。 数量、个体生长和水体承载需要分别评价。","false"
"aquatic-science-2","aquatic-science","渔业资源","aquatic-science-2","direction-case","渔业资源研究档案：种群结构、水体条件与生产记录；水体层次、季节窗口和观测覆盖；计量单位、时间窗口和未计入的投入。需对照的具体条目：水域条件、捕获选择与资源分母","空间与季节","不同水层或季节的资料不能只按地点名称合并。 数量、个体生长和水体承载需要分别评价。","false"
"aquatic-science-3","aquatic-science","水产营养资料","aquatic-science-3","direction-case","水产营养资料研究档案：种群结构、水体条件与生产记录；组成、摄入及整体模式的分别记录；水体层次、季节窗口和观测覆盖；计量单位、时间窗口和未计入的投入。需对照的具体条目：水域条件、捕获选择与资源分母","组成与实际摄入 / 空间与季节","成分丰富不代表摄入足够，实际摄入又不等于长期健康结果。 不同水层或季节的资料不能只按地点名称合并。 数量、个体生长和水体承载需要分别评价。","false"
"aquatic-science-4","aquatic-science","水产遗传资料","aquatic-science-4","direction-case","水产遗传资料研究档案：种群结构、水体条件与生产记录；参考版本、来源关系与变异表型对应；水体层次、季节窗口和观测覆盖；不同层次的读数、背景条件和相反趋势。需对照的具体条目：水域条件、捕获选择与资源分母","关联与功能解释 / 空间与季节","共同变化或共分离提供线索，但不能独立证明因果及个体结局。 不同水层或季节的资料不能只按地点名称合并。 数量、个体生长和水体承载需要分别评价。","false"
"aquatic-science-5","aquatic-science","养殖环境评价","aquatic-science-5","direction-case","养殖环境评价研究档案：种群结构、水体条件与生产记录；来源、迁移途径和受影响对象。需对照水产种群与水环境中的定义、对象索引与适用条件","来源与负担","排放减少与受影响对象负担减少需要通过路径联系。 数量、个体生长和水体承载需要分别评价。","false"
"aquatic-science-6","aquatic-science","水产品质量","aquatic-science-6","direction-case","水产品质量研究档案：种群结构、水体条件与生产记录；水体层次、季节窗口和观测覆盖；版本变更、异常记录和失败复核。需对照的具体条目：水域条件、捕获选择与资源分母；制造约束、功能任务与使用环境","空间与季节","不同水层或季节的资料不能只按地点名称合并。 数量、个体生长和水体承载需要分别评价。","false"
"aquatic-science-7","aquatic-science","水产动物福利","aquatic-science-7","direction-case","水产动物福利研究档案：种群结构、水体条件与生产记录；水体层次、季节窗口和观测覆盖；种群数量、群落组成和观测努力。需对照的具体条目：水域条件、捕获选择与资源分母；个体行为、管理群体与生活环境","空间与季节 / 出现与检测","不同水层或季节的资料不能只按地点名称合并。 未观察到不等于不存在，调查努力会改变检出。 数量、个体生长和水体承载需要分别评价。","false"
"aquatic-science-8","aquatic-science","渔业管理","aquatic-science-8","direction-case","渔业管理研究档案：种群结构、水体条件与生产记录；水体层次、季节窗口和观测覆盖；正式文本、执行条件与被排除的对象。需对照的具体条目：水域条件、捕获选择与资源分母","空间与季节","不同水层或季节的资料不能只按地点名称合并。 数量、个体生长和水体承载需要分别评价。","false"
"aquatic-science-9","aquatic-science","渔业社会研究","aquatic-science-9","direction-case","渔业社会研究研究档案：种群结构、水体条件与生产记录；水体层次、季节窗口和观测覆盖。需对照的具体条目：水域条件、捕获选择与资源分母；渔户角色、捕捞机会与地方制度","空间与季节","不同水层或季节的资料不能只按地点名称合并。 数量、个体生长和水体承载需要分别评价。","false"
"aquatic-science-10","aquatic-science","水产生产系统","aquatic-science-10","direction-case","水产生产系统研究档案：种群结构、水体条件与生产记录；水体层次、季节窗口和观测覆盖。需对照的具体条目：水域条件、捕获选择与资源分母；水体管理、投入环节与生产边界","空间与季节","不同水层或季节的资料不能只按地点名称合并。 数量、个体生长和水体承载需要分别评价。","false"
"aquatic-science-11","aquatic-science","渔业统计","aquatic-science-11","direction-case","渔业统计研究档案：种群结构、水体条件与生产记录；水体层次、季节窗口和观测覆盖。需对照的具体条目：水域条件、捕获选择与资源分母；捕捞努力、收录范围与资源分母","空间与季节","不同水层或季节的资料不能只按地点名称合并。 数量、个体生长和水体承载需要分别评价。","false"
"aquatic-science-12","aquatic-science","水域观测","aquatic-science-12","direction-case","水域观测研究档案：种群结构、水体条件与生产记录；水体层次、季节窗口和观测覆盖；参考依据、重复读数和误差分项。需对照水产种群与水环境中的定义、对象索引与适用条件","空间与季节","不同水层或季节的资料不能只按地点名称合并。 数量、个体生长和水体承载需要分别评价。","false"
"strategic-studies-1","strategic-studies","战略思想史","strategic-studies-1","direction-case","战略思想史研究档案：同时代记载与后期整理本的年代对照；相关领域文献对“公开承诺、受众认知与历史行动”的用语与记录方式；年代、出处和同时代对照；同时代资料、后期整理和出处链。需对照的具体条目：公开目标、行动约束与其他参与者解释；概念用法、论争对象与传播时点","当时与后来 / 记录与过去实践","后来形成的分类不能直接替代行动者当时使用的概念。 留存资料受保存及整理选择影响，不是过去实践的完整镜像。","false"
"strategic-studies-2","strategic-studies","安全理论","strategic-studies-2","direction-case","安全理论研究档案：公开承诺、受众认知与历史行动；正式规则、实际执行和行为者立场。需对照的具体条目：公开信号、相互解释与承诺兑现","规则与运行","正式文本相同不保证执行资源和实践相同。 无冲突不能独立证明某项威慑成功。","false"
"strategic-studies-3","strategic-studies","公开战略文本","strategic-studies-3","direction-case","公开战略文本研究档案：逐页出处、底本差异和缺页索引；相关领域文献对“公开承诺、受众认知与历史行动”的用语与记录方式；底本出处、异文位置和编订层次。需对照的具体条目：公开目标、行动约束与其他参与者解释","原文与编订","后世编订和现代转写会改变可见文本，须保留版本链。","false"
"strategic-studies-4","strategic-studies","区域安全研究","strategic-studies-4","direction-case","区域安全研究研究档案：公开承诺、受众认知与历史行动；正式规则、实际执行和行为者立场；坐标基准、空间单元和不同尺度的对照。需对照的具体条目：公开信号、相互解释与承诺兑现","规则与运行","正式文本相同不保证执行资源和实践相同。 无冲突不能独立证明某项威慑成功。","false"
"strategic-studies-5","strategic-studies","国际安全机制","strategic-studies-5","direction-case","国际安全机制研究档案：公开承诺、受众认知与历史行动；正式规则、实际执行和行为者立场；各方定义、资料来源和桥接规则。需对照的具体条目：公开信号、相互解释与承诺兑现；地区制度、指标译法与比较资格","规则与运行","正式文本相同不保证执行资源和实践相同。 无冲突不能独立证明某项威慑成功。","false"
"strategic-studies-6","strategic-studies","安全伦理","strategic-studies-6","direction-case","安全伦理研究档案：行动者理由、利益负担与提出异议的记录；相关领域文献对“公开承诺、受众认知与历史行动”的用语与记录方式；受益负担、行动理由和申诉机会。需对照的具体条目：公开信号、相互解释与承诺兑现；行动理由、受益负担与申诉机会","描述与规范","多数偏好或事实描述不能独立证成规范结论。","false"
"strategic-studies-7","strategic-studies","危机叙事研究","strategic-studies-7","direction-case","危机叙事研究研究档案：关键段落、话语位置和相反解释；相关领域文献对“公开承诺、受众认知与历史行动”的用语与记录方式；公开文件、责任分配和资源约束。需对照的具体条目：叙述声音、关键片段与版本语境","公开记录与实践","公开记录受可披露性与编写目的影响，不等于全部实践。","false"
"strategic-studies-8","strategic-studies","战略传播史","strategic-studies-8","direction-case","战略传播史研究档案：同时代记载与后期整理本的年代对照；相关领域文献对“公开承诺、受众认知与历史行动”的用语与记录方式；年代、出处和同时代对照；公开文件、责任分配和资源约束。需对照的具体条目：信息入口、转述链与接触分母；公开目标、行动约束与其他参与者解释","当时与后来 / 公开记录与实践","后来形成的分类不能直接替代行动者当时使用的概念。 公开记录受可披露性与编写目的影响，不等于全部实践。","false"
"strategic-studies-9","strategic-studies","公共安全政策","strategic-studies-9","direction-case","公共安全政策研究档案：公开承诺、受众认知与历史行动；正式规则、实际执行和行为者立场；公开文件、责任分配和资源约束；正式文本、执行条件与被排除的对象。需对照的具体条目：公开信号、相互解释与承诺兑现；文本目标、执行资源与受影响范围","规则与运行 / 公开记录与实践","正式文本相同不保证执行资源和实践相同。 公开记录受可披露性与编写目的影响，不等于全部实践。 无冲突不能独立证明某项威慑成功。","false"
"strategic-studies-10","strategic-studies","比较安全制度","strategic-studies-10","direction-case","比较安全制度研究档案：公开承诺、受众认知与历史行动；正式规则、实际执行和行为者立场；公开文件、责任分配和资源约束；正式文本、执行条件与被排除的对象。需对照的具体条目：公开信号、相互解释与承诺兑现；条文来源、权限分配与执行差异","规则与运行 / 公开记录与实践","正式文本相同不保证执行资源和实践相同。 公开记录受可披露性与编写目的影响，不等于全部实践。 无冲突不能独立证明某项威慑成功。","false"
"strategic-studies-11","strategic-studies","战略文化","strategic-studies-11","direction-case","战略文化研究档案：公开承诺、受众认知与历史行动；公开文件、责任分配和资源约束；正式文本、执行条件与被排除的对象。需对照的具体条目：实践语境、符号用法与传承位置；公开目标、行动约束与其他参与者解释","公开记录与实践","公开记录受可披露性与编写目的影响，不等于全部实践。 无冲突不能独立证明某项威慑成功。","false"
"strategic-studies-12","strategic-studies","安全教育","strategic-studies-12","direction-case","安全教育研究档案：教学任务、学生作答与撤去帮助后的新题；相关领域文献对“公开承诺、受众认知与历史行动”的用语与记录方式；任务目标、辅助条件和延迟表现。需对照的具体条目：公开信号、相互解释与承诺兑现","表现与学习","当场完成可受辅助影响，撤去帮助后的迁移才回答另一类问题。","false"
"military-history-1","military-history","军事思想史","military-history-1","direction-case","军事思想史研究档案：同时代记载与后期整理本的年代对照；相关领域文献对“公开战史、回忆与当时信息”的用语与记录方式；年代、出处和同时代对照；同时代资料、后期整理和出处链。需对照的具体条目：概念用法、论争对象与传播时点","当时与后来 / 记录与过去实践","后来形成的分类不能直接替代行动者当时使用的概念。 留存资料受保存及整理选择影响，不是过去实践的完整镜像。","false"
"military-history-2","military-history","军制史","military-history-2","direction-case","军制史研究档案：同时代记载与后期整理本的年代对照；相关领域文献对“公开战史、回忆与当时信息”的用语与记录方式；年代、出处和同时代对照；同时代资料、后期整理和出处链。需对照的具体条目：组织权限、编制文本与时期差异","当时与后来 / 记录与过去实践","后来形成的分类不能直接替代行动者当时使用的概念。 留存资料受保存及整理选择影响，不是过去实践的完整镜像。","false"
"military-history-3","military-history","军事社会史","military-history-3","direction-case","军事社会史研究档案：同时代记载与后期整理本的年代对照；相关领域文献对“公开战史、回忆与当时信息”的用语与记录方式；年代、出处和同时代对照；同时代资料、后期整理和出处链。需对照的具体条目：生活记录、社会位置与日常制度","当时与后来 / 记录与过去实践","后来形成的分类不能直接替代行动者当时使用的概念。 留存资料受保存及整理选择影响，不是过去实践的完整镜像。","false"
"military-history-4","military-history","战争记忆","military-history-4","direction-case","战争记忆研究档案：逐轮对话、在场关系和沉默位置；相关领域文献对“公开战史、回忆与当时信息”的用语与记录方式；讲述时点、在场位置和其他来源。需对照的具体条目：讲述时点、在场位置与重述框架","记忆与事件","回忆同时记录过去经验和后来讲述的处境。","false"
"military-history-5","military-history","军事教育史","military-history-5","direction-case","军事教育史研究档案：同时代记载与后期整理本的年代对照；相关领域文献对“公开战史、回忆与当时信息”的用语与记录方式；年代、出处和同时代对照；同时代资料、后期整理和出处链。需对照的具体条目：培养任务、课程文本与教育制度","当时与后来 / 记录与过去实践","后来形成的分类不能直接替代行动者当时使用的概念。 留存资料受保存及整理选择影响，不是过去实践的完整镜像。","false"
"military-history-6","military-history","军史文献","military-history-6","direction-case","军史文献研究档案：同时代记载与后期整理本的年代对照；相关领域文献对“公开战史、回忆与当时信息”的用语与记录方式；底本出处、异文位置和编订层次；年代、出处和同时代对照。需对照军事记忆与制度史中的定义、对象索引与适用条件","原文与编订 / 当时与后来","后世编订和现代转写会改变可见文本，须保留版本链。 后来形成的分类不能直接替代行动者当时使用的概念。","false"
"military-history-7","military-history","军事博物馆","military-history-7","direction-case","军事博物馆研究档案：公开来源、展陈取舍与观众提出的问题；相关领域文献对“公开战史、回忆与当时信息”的用语与记录方式；公开来源、传承角色和叙述层次。需对照军事记忆与制度史中的定义、对象索引与适用条件","传承与重构","后来重构的故事不等于当时实践，需要保留来源与讲述者。","false"
"military-history-8","military-history","军史口述资料","military-history-8","direction-case","军史口述资料研究档案：同时代记载与后期整理本的年代对照；相关领域文献对“公开战史、回忆与当时信息”的用语与记录方式；年代、出处和同时代对照；讲述时点、在场位置和其他来源。需对照的具体条目：讲述时点、在场位置与重述框架","当时与后来 / 记忆与事件","后来形成的分类不能直接替代行动者当时使用的概念。 回忆同时记录过去经验和后来讲述的处境。","false"
"military-history-9","military-history","军事文化","military-history-9","direction-case","军事文化研究档案：公开战史、回忆与当时信息；公开文件、责任分配和资源约束。需对照的具体条目：实践语境、符号用法与传承位置","公开记录与实践","公开记录受可披露性与编写目的影响，不等于全部实践。 事后结果不等于当时决策者已知条件。","false"
"military-history-10","military-history","和平研究史","military-history-10","direction-case","和平研究史研究档案：同时代记载与后期整理本的年代对照；相关领域文献对“公开战史、回忆与当时信息”的用语与记录方式；年代、出处和同时代对照；同时代资料、后期整理和出处链。需对照的具体条目：公开信号、相互解释与承诺兑现","当时与后来 / 记录与过去实践","后来形成的分类不能直接替代行动者当时使用的概念。 留存资料受保存及整理选择影响，不是过去实践的完整镜像。","false"
"military-history-11","military-history","军事史学史","military-history-11","direction-case","军事史学史研究档案：同时代记载与后期整理本的年代对照；相关领域文献对“公开战史、回忆与当时信息”的用语与记录方式；年代、出处和同时代对照；同时代资料、后期整理和出处链。需对照的具体条目：史学论争、书写规则与资料分类","当时与后来 / 记录与过去实践","后来形成的分类不能直接替代行动者当时使用的概念。 留存资料受保存及整理选择影响，不是过去实践的完整镜像。","false"
"military-history-12","military-history","军事人物资料","military-history-12","direction-case","军事人物资料研究档案：公开战史、回忆与当时信息；讲述时点、在场位置和其他来源。需对照军事记忆与制度史中的定义、对象索引与适用条件","记忆与事件","回忆同时记录过去经验和后来讲述的处境。 事后结果不等于当时决策者已知条件。","false"
"defense-management-1","defense-management","国防经济公开资料","defense-management-1","direction-case","国防经济公开资料研究档案：公开预算、分工制度与项目交付；公开文件、责任分配和资源约束；计量单位、时间窗口和未计入的投入。需对照公共资源与组织治理中的定义、对象索引与适用条件","公开记录与实践","公开记录受可披露性与编写目的影响，不等于全部实践。 资源增加与关键需求及时满足是不同结果。","false"
"defense-management-2","defense-management","国防教育","defense-management-2","direction-case","国防教育研究档案：教学任务、学生作答与撤去帮助后的新题；相关领域文献对“公开预算、分工制度与项目交付”的用语与记录方式；任务目标、辅助条件和延迟表现。需对照的具体条目：公开培养目标、学习任务与教育资源","表现与学习","当场完成可受辅助影响，撤去帮助后的迁移才回答另一类问题。","false"
"defense-management-3","defense-management","组织管理研究","defense-management-3","direction-case","组织管理研究研究档案：公开预算、分工制度与项目交付；公开文件、责任分配和资源约束；正式文本、执行条件与被排除的对象。需对照的具体条目：角色分工、资源联系与实际协调","公开记录与实践","公开记录受可披露性与编写目的影响，不等于全部实践。 资源增加与关键需求及时满足是不同结果。","false"
"defense-management-4","defense-management","人力培养研究","defense-management-4","direction-case","人力培养研究研究档案：教学任务、学生作答与撤去帮助后的新题；相关领域文献对“公开预算、分工制度与项目交付”的用语与记录方式；任务目标、辅助条件和延迟表现。需对照的具体条目：招聘机会、职责变化与人员退出","表现与学习","当场完成可受辅助影响，撤去帮助后的迁移才回答另一类问题。","false"
"defense-management-5","defense-management","资源配置公开资料","defense-management-5","direction-case","资源配置公开资料研究档案：公开预算、分工制度与项目交付；公开文件、责任分配和资源约束；计量单位、时间窗口和未计入的投入。需对照的具体条目：分配目标、机会成本与未满足需求","公开记录与实践","公开记录受可披露性与编写目的影响，不等于全部实践。 资源增加与关键需求及时满足是不同结果。","false"
"defense-management-6","defense-management","公共事务协作","defense-management-6","direction-case","公共事务协作研究档案：公开预算、分工制度与项目交付；公开文件、责任分配和资源约束。需对照公共资源与组织治理中的定义、对象索引与适用条件","公开记录与实践","公开记录受可披露性与编写目的影响，不等于全部实践。 资源增加与关键需求及时满足是不同结果。","false"
"defense-management-7","defense-management","国防政策史","defense-management-7","direction-case","国防政策史研究档案：同时代记载与后期整理本的年代对照；相关领域文献对“公开预算、分工制度与项目交付”的用语与记录方式；年代、出处和同时代对照；公开文件、责任分配和资源约束。需对照的具体条目：文本目标、执行资源与受影响范围","当时与后来 / 公开记录与实践","后来形成的分类不能直接替代行动者当时使用的概念。 公开记录受可披露性与编写目的影响，不等于全部实践。","false"
"defense-management-8","defense-management","管理制度比较","defense-management-8","direction-case","管理制度比较研究档案：公开预算、分工制度与项目交付；年代、出处和同时代对照；正式规则、实际执行和行为者立场；正式文本、执行条件与被排除的对象。需对照的具体条目：条文来源、权限分配与执行差异","当时与后来 / 规则与运行","后来形成的分类不能直接替代行动者当时使用的概念。 正式文本相同不保证执行资源和实践相同。 资源增加与关键需求及时满足是不同结果。","false"
"defense-management-9","defense-management","项目评价方法","defense-management-9","direction-case","项目评价方法研究档案：公开预算、分工制度与项目交付；公开文件、责任分配和资源约束。需对照的具体条目：输入要求、适用前提与方法失败条件","公开记录与实践","公开记录受可披露性与编写目的影响，不等于全部实践。 资源增加与关键需求及时满足是不同结果。","false"
"defense-management-10","defense-management","国防文化传播","defense-management-10","direction-case","国防文化传播研究档案：公开预算、分工制度与项目交付；公开文件、责任分配和资源约束。需对照的具体条目：实践语境、符号用法与传承位置；信息入口、转述链与接触分母","公开记录与实践","公开记录受可披露性与编写目的影响，不等于全部实践。 资源增加与关键需求及时满足是不同结果。","false"
"defense-management-11","defense-management","教育成效评价","defense-management-11","direction-case","教育成效评价研究档案：教学任务、学生作答与撤去帮助后的新题；相关领域文献对“公开预算、分工制度与项目交付”的用语与记录方式；任务目标、辅助条件和延迟表现。需对照的具体条目：目标群体、评价时点与迁移范围","表现与学习","当场完成可受辅助影响，撤去帮助后的迁移才回答另一类问题。","false"
"defense-management-12","defense-management","公开资料质量","defense-management-12","direction-case","公开资料质量研究档案：公开预算、分工制度与项目交付；公开文件、责任分配和资源约束；版本变更、异常记录和失败复核。需对照公共资源与组织治理中的定义、对象索引与适用条件","公开记录与实践","公开记录受可披露性与编写目的影响，不等于全部实践。 资源增加与关键需求及时满足是不同结果。","false"
"military-technology-history-1","military-technology-history","技术发展史","military-technology-history-1","direction-case","技术发展史研究档案：同时代记载与后期整理本的年代对照；相关领域文献对“技术档案、标准演变与博物馆叙事”的用语与记录方式；年代、出处和同时代对照；同时代资料、后期整理和出处链。需对照的具体条目：工具版本、使用任务与适用承诺","当时与后来 / 记录与过去实践","后来形成的分类不能直接替代行动者当时使用的概念。 留存资料受保存及整理选择影响，不是过去实践的完整镜像。","false"
"military-technology-history-2","military-technology-history","装备史公开资料","military-technology-history-2","direction-case","装备史公开资料研究档案：同时代记载与后期整理本的年代对照；相关领域文献对“技术档案、标准演变与博物馆叙事”的用语与记录方式；公开技术文献、展示口径和历史条件；年代、出处和同时代对照。需对照技术发展与公开叙事中的定义、对象索引与适用条件","文本与实绩 / 当时与后来","宣传或展示文本不能独立证明未公开的性能。 后来形成的分类不能直接替代行动者当时使用的概念。","false"
"military-technology-history-3","military-technology-history","标准史","military-technology-history-3","direction-case","标准史研究档案：同时代记载与后期整理本的年代对照；相关领域文献对“技术档案、标准演变与博物馆叙事”的用语与记录方式；年代、出处和同时代对照；同时代资料、后期整理和出处链。需对照技术发展与公开叙事中的定义、对象索引与适用条件","当时与后来 / 记录与过去实践","后来形成的分类不能直接替代行动者当时使用的概念。 留存资料受保存及整理选择影响，不是过去实践的完整镜像。","false"
"military-technology-history-4","military-technology-history","技术组织史","military-technology-history-4","direction-case","技术组织史研究档案：同时代记载与后期整理本的年代对照；相关领域文献对“技术档案、标准演变与博物馆叙事”的用语与记录方式；年代、出处和同时代对照；公开文件、责任分配和资源约束。需对照的具体条目：工具版本、使用任务与适用承诺；角色分工、资源联系与实际协调","当时与后来 / 公开记录与实践","后来形成的分类不能直接替代行动者当时使用的概念。 公开记录受可披露性与编写目的影响，不等于全部实践。","false"
"military-technology-history-5","military-technology-history","科技政策史","military-technology-history-5","direction-case","科技政策史研究档案：同时代记载与后期整理本的年代对照；相关领域文献对“技术档案、标准演变与博物馆叙事”的用语与记录方式；年代、出处和同时代对照；公开文件、责任分配和资源约束。需对照的具体条目：仪器记录、研究制度与知识传播；文本目标、执行资源与受影响范围","当时与后来 / 公开记录与实践","后来形成的分类不能直接替代行动者当时使用的概念。 公开记录受可披露性与编写目的影响，不等于全部实践。","false"
"military-technology-history-6","military-technology-history","技术伦理","military-technology-history-6","direction-case","技术伦理研究档案：行动者理由、利益负担与提出异议的记录；相关领域文献对“技术档案、标准演变与博物馆叙事”的用语与记录方式；受益负担、行动理由和申诉机会。需对照的具体条目：行动理由、受益负担与申诉机会；工具版本、使用任务与适用承诺","描述与规范","多数偏好或事实描述不能独立证成规范结论。","false"
"military-technology-history-7","military-technology-history","公共技术展示","military-technology-history-7","direction-case","公共技术展示研究档案：公开来源、展陈取舍与观众提出的问题；相关领域文献对“技术档案、标准演变与博物馆叙事”的用语与记录方式；公开技术文献、展示口径和历史条件。需对照的具体条目：工具版本、使用任务与适用承诺","文本与实绩","宣传或展示文本不能独立证明未公开的性能。","false"
"military-technology-history-8","military-technology-history","技术叙事","military-technology-history-8","direction-case","技术叙事研究档案：关键段落、话语位置和相反解释；相关领域文献对“技术档案、标准演变与博物馆叙事”的用语与记录方式；公开来源、传承角色和叙述层次。需对照的具体条目：叙述声音、关键片段与版本语境；工具版本、使用任务与适用承诺","传承与重构","后来重构的故事不等于当时实践，需要保留来源与讲述者。","false"
"military-technology-history-9","military-technology-history","创新制度比较","military-technology-history-9","direction-case","创新制度比较研究档案：技术档案、标准演变与博物馆叙事；年代、出处和同时代对照；正式规则、实际执行和行为者立场；正式文本、执行条件与被排除的对象。需对照的具体条目：新方案定义、采用条件与失败案例；条文来源、权限分配与执行差异","当时与后来 / 规则与运行","后来形成的分类不能直接替代行动者当时使用的概念。 正式文本相同不保证执行资源和实践相同。 技术展示和事后评价不能代替当时的使用记录。","false"
"military-technology-history-10","military-technology-history","科技教育史","military-technology-history-10","direction-case","科技教育史研究档案：同时代记载与后期整理本的年代对照；相关领域文献对“技术档案、标准演变与博物馆叙事”的用语与记录方式；年代、出处和同时代对照；同时代资料、后期整理和出处链。需对照的具体条目：仪器记录、研究制度与知识传播","当时与后来 / 记录与过去实践","后来形成的分类不能直接替代行动者当时使用的概念。 留存资料受保存及整理选择影响，不是过去实践的完整镜像。","false"
"military-technology-history-11","military-technology-history","技术档案","military-technology-history-11","direction-case","技术档案研究档案：逐页出处、底本差异和缺页索引；相关领域文献对“技术档案、标准演变与博物馆叙事”的用语与记录方式；底本出处、异文位置和编订层次；同时代资料、后期整理和出处链。需对照的具体条目：工具版本、使用任务与适用承诺；形成机关、归档过程与缺件","原文与编订 / 记录与过去实践","后世编订和现代转写会改变可见文本，须保留版本链。 留存资料受保存及整理选择影响，不是过去实践的完整镜像。","false"
"military-technology-history-12","military-technology-history","技术资料评价","military-technology-history-12","direction-case","技术资料评价研究档案：技术档案、标准演变与博物馆叙事；公开文件、责任分配和资源约束。需对照的具体条目：工具版本、使用任务与适用承诺","公开记录与实践","公开记录受可披露性与编写目的影响，不等于全部实践。 技术展示和事后评价不能代替当时的使用记录。","false"
"peace-conflict-1","peace-conflict","和平理论","peace-conflict-1","direction-case","和平理论研究档案：协商文本、参与范围与执行进展；公开信号、解释立场和执行安排。需对照的具体条目：公开信号、相互解释与承诺兑现","表态与承诺","公开表态的含义依赖情境，签署文本不保证执行。 协议签署、执行及长期和平是不同阶段。","false"
"peace-conflict-2","peace-conflict","冲突叙事","peace-conflict-2","direction-case","冲突叙事研究档案：关键段落、话语位置和相反解释；相关领域文献对“协商文本、参与范围与执行进展”的用语与记录方式；公开信号、解释立场和执行安排。需对照的具体条目：叙述声音、关键片段与版本语境","表态与承诺","公开表态的含义依赖情境，签署文本不保证执行。","false"
"peace-conflict-3","peace-conflict","协商制度研究","peace-conflict-3","direction-case","协商制度研究研究档案：协商文本、参与范围与执行进展；正式规则、实际执行和行为者立场；公开信号、解释立场和执行安排；正式文本、执行条件与被排除的对象。需对照的具体条目：条文来源、权限分配与执行差异","规则与运行 / 表态与承诺","正式文本相同不保证执行资源和实践相同。 公开表态的含义依赖情境，签署文本不保证执行。 协议签署、执行及长期和平是不同阶段。","false"
"peace-conflict-4","peace-conflict","国际组织资料","peace-conflict-4","direction-case","国际组织资料研究档案：协商文本、参与范围与执行进展；公开信号、解释立场和执行安排；公开文件、责任分配和资源约束；正式文本、执行条件与被排除的对象。需对照的具体条目：地区制度、指标译法与比较资格；角色分工、资源联系与实际协调","表态与承诺 / 公开记录与实践","公开表态的含义依赖情境，签署文本不保证执行。 公开记录受可披露性与编写目的影响，不等于全部实践。 协议签署、执行及长期和平是不同阶段。","false"
"peace-conflict-5","peace-conflict","和平教育","peace-conflict-5","direction-case","和平教育研究档案：教学任务、学生作答与撤去帮助后的新题；相关领域文献对“协商文本、参与范围与执行进展”的用语与记录方式；任务目标、辅助条件和延迟表现。需对照的具体条目：公开信号、相互解释与承诺兑现","表现与学习","当场完成可受辅助影响，撤去帮助后的迁移才回答另一类问题。","false"
"peace-conflict-6","peace-conflict","记忆与和解","peace-conflict-6","direction-case","记忆与和解研究档案：逐轮对话、在场关系和沉默位置；相关领域文献对“协商文本、参与范围与执行进展”的用语与记录方式；讲述时点、在场位置和其他来源。需对照的具体条目：讲述时点、在场位置与重述框架","记忆与事件","回忆同时记录过去经验和后来讲述的处境。","false"
"peace-conflict-7","peace-conflict","公众安全感","peace-conflict-7","direction-case","公众安全感研究档案：公开来源、展陈取舍与观众提出的问题；相关领域文献对“协商文本、参与范围与执行进展”的用语与记录方式；公开文件、责任分配和资源约束。需对照的具体条目：公开信号、相互解释与承诺兑现","公开记录与实践","公开记录受可披露性与编写目的影响，不等于全部实践。","false"
"peace-conflict-8","peace-conflict","冲突数据质量","peace-conflict-8","direction-case","冲突数据质量研究档案：协商文本、参与范围与执行进展；公开信号、解释立场和执行安排；版本变更、异常记录和失败复核。需对照和平过程与冲突叙事中的定义、对象索引与适用条件","表态与承诺","公开表态的含义依赖情境，签署文本不保证执行。 协议签署、执行及长期和平是不同阶段。","false"
"peace-conflict-9","peace-conflict","文化与和平","peace-conflict-9","direction-case","文化与和平研究档案：协商文本、参与范围与执行进展；公开信号、解释立场和执行安排。需对照的具体条目：公开信号、相互解释与承诺兑现；实践语境、符号用法与传承位置","表态与承诺","公开表态的含义依赖情境，签署文本不保证执行。 协议签署、执行及长期和平是不同阶段。","false"
"peace-conflict-10","peace-conflict","迁移与冲突资料","peace-conflict-10","direction-case","迁移与冲突资料研究档案：协商文本、参与范围与执行进展；公开信号、解释立场和执行安排。需对照的具体条目：出发地、进入目的地与迁移选择","表态与承诺","公开表态的含义依赖情境，签署文本不保证执行。 协议签署、执行及长期和平是不同阶段。","false"
"peace-conflict-11","peace-conflict","公共政策比较","peace-conflict-11","direction-case","公共政策比较研究档案：协商文本、参与范围与执行进展；正式规则、实际执行和行为者立场；公开文件、责任分配和资源约束；正式文本、执行条件与被排除的对象。需对照的具体条目：文本目标、执行资源与受影响范围","规则与运行 / 公开记录与实践","正式文本相同不保证执行资源和实践相同。 公开记录受可披露性与编写目的影响，不等于全部实践。 协议签署、执行及长期和平是不同阶段。","false"
"peace-conflict-12","peace-conflict","和平传播","peace-conflict-12","direction-case","和平传播研究档案：协商文本、参与范围与执行进展；公开信号、解释立场和执行安排；公开文件、责任分配和资源约束。需对照的具体条目：公开信号、相互解释与承诺兑现；信息入口、转述链与接触分母","表态与承诺 / 公开记录与实践","公开表态的含义依赖情境，签署文本不保证执行。 公开记录受可披露性与编写目的影响，不等于全部实践。 协议签署、执行及长期和平是不同阶段。","false"
"business-management-1","business-management","企业战略","business-management-1","direction-case","企业战略研究档案：战略选择、组织机制与资源约束；选择集合、机会成本和价格条件；决策责任、执行资源和反馈循环；正式文本、执行条件与被排除的对象。需对照的具体条目：公开目标、行动约束与其他参与者解释","观察选择与偏好 / 目标与执行","选择变化可以来自约束或可得方案，不一定是偏好改变。 宣布目标不意味着资源、激励及执行条件已到位。 企业案例中的成功不独立识别某项管理措施的作用。","false"
"business-management-2","business-management","组织行为","business-management-2","direction-case","组织行为研究档案：战略选择、组织机制与资源约束；对象进入、角色关系和机会结构；公开文件、责任分配和资源约束；正式文本、执行条件与被排除的对象。需对照的具体条目：角色分工、资源联系与实际协调","个体与结构 / 公开记录与实践","个体选择受可得机会限制，观察到的行为不能仅归因于偏好。 公开记录受可披露性与编写目的影响，不等于全部实践。 企业案例中的成功不独立识别某项管理措施的作用。","false"
"business-management-3","business-management","人力资源","business-management-3","direction-case","人力资源研究档案：战略选择、组织机制与资源约束；决策责任、执行资源和反馈循环；公开文件、责任分配和资源约束；计量单位、时间窗口和未计入的投入。需对照的具体条目：招聘机会、职责变化与人员退出","目标与执行 / 公开记录与实践","宣布目标不意味着资源、激励及执行条件已到位。 公开记录受可披露性与编写目的影响，不等于全部实践。 企业案例中的成功不独立识别某项管理措施的作用。","false"
"business-management-4","business-management","创新管理","business-management-4","direction-case","创新管理研究档案：战略选择、组织机制与资源约束；决策责任、执行资源和反馈循环；正式文本、执行条件与被排除的对象。需对照的具体条目：新方案定义、采用条件与失败案例","目标与执行","宣布目标不意味着资源、激励及执行条件已到位。 企业案例中的成功不独立识别某项管理措施的作用。","false"
"business-management-5","business-management","创业研究","business-management-5","direction-case","创业研究研究档案：战略选择、组织机制与资源约束；决策责任、执行资源和反馈循环。需对照的具体条目：资源入口、存活选择与退出经历","目标与执行","宣布目标不意味着资源、激励及执行条件已到位。 企业案例中的成功不独立识别某项管理措施的作用。","false"
"business-management-6","business-management","企业治理","business-management-6","direction-case","企业治理研究档案：战略选择、组织机制与资源约束；选择集合、机会成本和价格条件；公开文件、责任分配和资源约束；正式文本、执行条件与被排除的对象。需对照的具体条目：规则来源、执行条件与行动者立场","观察选择与偏好 / 公开记录与实践","选择变化可以来自约束或可得方案，不一定是偏好改变。 公开记录受可披露性与编写目的影响，不等于全部实践。 企业案例中的成功不独立识别某项管理措施的作用。","false"
"business-management-7","business-management","组织文化","business-management-7","direction-case","组织文化研究档案：战略选择、组织机制与资源约束；对象进入、角色关系和机会结构；决策责任、执行资源和反馈循环；正式文本、执行条件与被排除的对象。需对照的具体条目：实践语境、符号用法与传承位置；角色分工、资源联系与实际协调","个体与结构 / 目标与执行","个体选择受可得机会限制，观察到的行为不能仅归因于偏好。 宣布目标不意味着资源、激励及执行条件已到位。 企业案例中的成功不独立识别某项管理措施的作用。","false"
"business-management-8","business-management","管理案例","business-management-8","direction-case","管理案例研究档案：战略选择、组织机制与资源约束；决策责任、执行资源和反馈循环；正式文本、执行条件与被排除的对象。需对照的具体条目：案例出处、决策情境与遗漏信息","目标与执行","宣布目标不意味着资源、激励及执行条件已到位。 企业案例中的成功不独立识别某项管理措施的作用。","false"
"business-management-9","business-management","服务管理","business-management-9","direction-case","服务管理研究档案：战略选择、组织机制与资源约束；决策责任、执行资源和反馈循环；正式文本、执行条件与被排除的对象。需对照的具体条目：服务需求、交付流程与未获服务者","目标与执行","宣布目标不意味着资源、激励及执行条件已到位。 企业案例中的成功不独立识别某项管理措施的作用。","false"
"business-management-10","business-management","团队协作","business-management-10","direction-case","团队协作研究档案：战略选择、组织机制与资源约束；节点口径、边含义和缺失连接；决策责任、执行资源和反馈循环。需对照企业行动与组织中的定义、对象索引与适用条件","关系与记录 / 目标与执行","没有记录到连接不等于不存在关系，边的定义影响结构。 宣布目标不意味着资源、激励及执行条件已到位。 企业案例中的成功不独立识别某项管理措施的作用。","false"
"business-management-11","business-management","管理伦理","business-management-11","direction-case","管理伦理研究档案：行动者理由、利益负担与提出异议的记录；相关领域文献对“战略选择、组织机制与资源约束”的用语与记录方式；受益负担、行动理由和申诉机会。需对照的具体条目：行动理由、受益负担与申诉机会","描述与规范","多数偏好或事实描述不能独立证成规范结论。","false"
"business-management-12","business-management","管理教育","business-management-12","direction-case","管理教育研究档案：教学任务、学生作答与撤去帮助后的新题；相关领域文献对“战略选择、组织机制与资源约束”的用语与记录方式；任务目标、辅助条件和延迟表现。需对照企业行动与组织中的定义、对象索引与适用条件","表现与学习","当场完成可受辅助影响，撤去帮助后的迁移才回答另一类问题。","false"
"accounting-studies-1","accounting-studies","财务会计","accounting-studies-1","direction-case","财务会计研究档案：确认基础、计量口径与披露底稿；计量时点、现金流口径和风险条件。需对照的具体条目：确认依据、证据覆盖与职业判断；确认时点、计量依据与报表口径","价值与现金流","账面金额、市场价格和可实现现金流并不相同。 账面金额改变可能来自经营或会计口径。","false"
"accounting-studies-2","accounting-studies","管理会计","accounting-studies-2","direction-case","管理会计研究档案：确认基础、计量口径与披露底稿；计量时点、现金流口径和风险条件；决策责任、执行资源和反馈循环；正式文本、执行条件与被排除的对象。需对照的具体条目：确认依据、证据覆盖与职业判断","价值与现金流 / 目标与执行","账面金额、市场价格和可实现现金流并不相同。 宣布目标不意味着资源、激励及执行条件已到位。 账面金额改变可能来自经营或会计口径。","false"
"accounting-studies-3","accounting-studies","审计研究","accounting-studies-3","direction-case","审计研究研究档案：确认基础、计量口径与披露底稿；计量时点、现金流口径和风险条件。需对照的具体条目：确认依据、证据覆盖与职业判断；证据取得、抽样覆盖与判断依据","价值与现金流","账面金额、市场价格和可实现现金流并不相同。 账面金额改变可能来自经营或会计口径。","false"
"accounting-studies-4","accounting-studies","信息披露","accounting-studies-4","direction-case","信息披露研究档案：确认基础、计量口径与披露底稿；版本规则、对象索引和使用任务；判断依据、职责范围和受影响对象。需对照会计确认与信息中的定义、对象索引与适用条件","记录与对象 / 合规与判断","记录格式一致不保证对象相同，版本变化必须追溯。 符合格式不保证判断充分，需要交代理由及利益冲突。 账面金额改变可能来自经营或会计口径。","false"
"accounting-studies-5","accounting-studies","公司治理","accounting-studies-5","direction-case","公司治理研究档案：确认基础、计量口径与披露底稿；公开文件、责任分配和资源约束；判断依据、职责范围和受影响对象；正式文本、执行条件与被排除的对象。需对照的具体条目：主体关系、信息义务与利益顺位；规则来源、执行条件与行动者立场","公开记录与实践 / 合规与判断","公开记录受可披露性与编写目的影响，不等于全部实践。 符合格式不保证判断充分，需要交代理由及利益冲突。 账面金额改变可能来自经营或会计口径。","false"
"accounting-studies-6","accounting-studies","会计史","accounting-studies-6","direction-case","会计史研究档案：同时代记载与后期整理本的年代对照；相关领域文献对“确认基础、计量口径与披露底稿”的用语与记录方式；年代、出处和同时代对照；同时代资料、后期整理和出处链。需对照的具体条目：确认依据、证据覆盖与职业判断","当时与后来 / 记录与过去实践","后来形成的分类不能直接替代行动者当时使用的概念。 留存资料受保存及整理选择影响，不是过去实践的完整镜像。","false"
"accounting-studies-7","accounting-studies","公共部门会计","accounting-studies-7","direction-case","公共部门会计研究档案：确认基础、计量口径与披露底稿；计量时点、现金流口径和风险条件。需对照的具体条目：确认依据、证据覆盖与职业判断；公共职责、预算口径与资源使用","价值与现金流","账面金额、市场价格和可实现现金流并不相同。 账面金额改变可能来自经营或会计口径。","false"
"accounting-studies-8","accounting-studies","非财务报告","accounting-studies-8","direction-case","非财务报告研究档案：确认基础、计量口径与披露底稿；计量时点、现金流口径和风险条件。需对照会计确认与信息中的定义、对象索引与适用条件","价值与现金流","账面金额、市场价格和可实现现金流并不相同。 账面金额改变可能来自经营或会计口径。","false"
"accounting-studies-9","accounting-studies","审计数据","accounting-studies-9","direction-case","审计数据研究档案：确认基础、计量口径与披露底稿；计量时点、现金流口径和风险条件。需对照的具体条目：确认依据、证据覆盖与职业判断；来源映射、异常类别与证据链","价值与现金流","账面金额、市场价格和可实现现金流并不相同。 账面金额改变可能来自经营或会计口径。","false"
"accounting-studies-10","accounting-studies","会计规范","accounting-studies-10","direction-case","会计规范研究档案：确认基础、计量口径与披露底稿；计量时点、现金流口径和风险条件。需对照的具体条目：确认依据、证据覆盖与职业判断；规范版本、适用业务与解释理由","价值与现金流","账面金额、市场价格和可实现现金流并不相同。 账面金额改变可能来自经营或会计口径。","false"
"accounting-studies-11","accounting-studies","职业判断","accounting-studies-11","direction-case","职业判断研究档案：确认基础、计量口径与披露底稿；判断依据、职责范围和受影响对象。需对照的具体条目：进入退出、工时与收入分布","合规与判断","符合格式不保证判断充分，需要交代理由及利益冲突。 账面金额改变可能来自经营或会计口径。","false"
"accounting-studies-12","accounting-studies","会计教育","accounting-studies-12","direction-case","会计教育研究档案：教学任务、学生作答与撤去帮助后的新题；相关领域文献对“确认基础、计量口径与披露底稿”的用语与记录方式；任务目标、辅助条件和延迟表现。需对照的具体条目：确认依据、证据覆盖与职业判断","表现与学习","当场完成可受辅助影响，撤去帮助后的迁移才回答另一类问题。","false"
"information-management-1","information-management","图书馆学","information-management-1","direction-case","图书馆学研究档案：资源描述、查询任务与相关性标注；检索目标、相关性判断和遗漏材料。需对照的具体条目：检索任务、相关性判断与遗漏材料；馆藏范围、用户任务与服务机会","检出与相关","返回得多不等于相关性高，引用得多不等于研究质量高。 检索准确与覆盖相关资料是不同评价目标。","false"
"information-management-2","information-management","情报学","information-management-2","direction-case","情报学研究档案：资源描述、查询任务与相关性标注；检索目标、相关性判断和遗漏材料。需对照的具体条目：检索任务、相关性判断与遗漏材料；信息需求、检索策略与相关性判断","检出与相关","返回得多不等于相关性高，引用得多不等于研究质量高。 检索准确与覆盖相关资料是不同评价目标。","false"
"information-management-3","information-management","档案管理","information-management-3","direction-case","档案管理研究档案：逐页出处、底本差异和缺页索引；相关领域文献对“资源描述、查询任务与相关性标注”的用语与记录方式；决策责任、执行资源和反馈循环。需对照的具体条目：形成机关、归档过程与缺件","目标与执行","宣布目标不意味着资源、激励及执行条件已到位。","false"
"information-management-4","information-management","知识组织","information-management-4","direction-case","知识组织研究档案：资源描述、查询任务与相关性标注；对象进入、角色关系和机会结构；检索目标、相关性判断和遗漏材料；正式文本、执行条件与被排除的对象。需对照的具体条目：角色分工、资源联系与实际协调；标引规则、概念层级与用户任务","个体与结构 / 检出与相关","个体选择受可得机会限制，观察到的行为不能仅归因于偏好。 返回得多不等于相关性高，引用得多不等于研究质量高。 检索准确与覆盖相关资料是不同评价目标。","false"
"information-management-5","information-management","信息检索","information-management-5","direction-case","信息检索研究档案：资源描述、查询任务与相关性标注；检索目标、相关性判断和遗漏材料；版本规则、对象索引和使用任务。需对照的具体条目：检索任务、相关性判断与遗漏材料","检出与相关 / 记录与对象","返回得多不等于相关性高，引用得多不等于研究质量高。 记录格式一致不保证对象相同，版本变化必须追溯。 检索准确与覆盖相关资料是不同评价目标。","false"
"information-management-6","information-management","科学计量","information-management-6","direction-case","科学计量研究档案：资源描述、查询任务与相关性标注；干预时间、比较资格和同期变化；检索目标、相关性判断和遗漏材料；参考依据、重复读数和误差分项。需对照的具体条目：目标比较、干预起点与选择机制；收录范围、引用窗口与学科差异","差异与因果 / 检出与相关","观察差异也可能来自选择和同期变化，需额外识别依据。 返回得多不等于相关性高，引用得多不等于研究质量高。 检索准确与覆盖相关资料是不同评价目标。","false"
"information-management-7","information-management","用户信息行为","information-management-7","direction-case","用户信息行为研究档案：资源描述、查询任务与相关性标注；检索目标、相关性判断和遗漏材料；版本规则、对象索引和使用任务。需对照知识组织与检索中的定义、对象索引与适用条件","检出与相关 / 记录与对象","返回得多不等于相关性高，引用得多不等于研究质量高。 记录格式一致不保证对象相同，版本变化必须追溯。 检索准确与覆盖相关资料是不同评价目标。","false"
"information-management-8","information-management","数字保存","information-management-8","direction-case","数字保存研究档案：资源描述、查询任务与相关性标注；检索目标、相关性判断和遗漏材料；版本规则、对象索引和使用任务。需对照的具体条目：编码规则、平台入口与不可见记录","检出与相关 / 记录与对象","返回得多不等于相关性高，引用得多不等于研究质量高。 记录格式一致不保证对象相同，版本变化必须追溯。 检索准确与覆盖相关资料是不同评价目标。","false"
"information-management-9","information-management","公共信息服务","information-management-9","direction-case","公共信息服务研究档案：资源描述、查询任务与相关性标注；版本规则、对象索引和使用任务；判断依据、职责范围和受影响对象。需对照知识组织与检索中的定义、对象索引与适用条件","记录与对象 / 合规与判断","记录格式一致不保证对象相同，版本变化必须追溯。 符合格式不保证判断充分，需要交代理由及利益冲突。 检索准确与覆盖相关资料是不同评价目标。","false"
"information-management-10","information-management","知识管理","information-management-10","direction-case","知识管理研究档案：资源描述、查询任务与相关性标注；决策责任、执行资源和反馈循环；正式文本、执行条件与被排除的对象。需对照知识组织与检索中的定义、对象索引与适用条件","目标与执行","宣布目标不意味着资源、激励及执行条件已到位。 检索准确与覆盖相关资料是不同评价目标。","false"
"information-management-11","information-management","数据治理","information-management-11","direction-case","数据治理研究档案：资源描述、查询任务与相关性标注；检索目标、相关性判断和遗漏材料；公开文件、责任分配和资源约束；正式文本、执行条件与被排除的对象。需对照的具体条目：规则来源、执行条件与行动者立场","检出与相关 / 公开记录与实践","返回得多不等于相关性高，引用得多不等于研究质量高。 公开记录受可披露性与编写目的影响，不等于全部实践。 检索准确与覆盖相关资料是不同评价目标。","false"
"information-management-12","information-management","信息伦理","information-management-12","direction-case","信息伦理研究档案：行动者理由、利益负担与提出异议的记录；相关领域文献对“资源描述、查询任务与相关性标注”的用语与记录方式；受益负担、行动理由和申诉机会。需对照的具体条目：行动理由、受益负担与申诉机会","描述与规范","多数偏好或事实描述不能独立证成规范结论。","false"
"operations-management-1","operations-management","生产系统","operations-management-1","direction-case","生产系统研究档案：到达需求、服务时长与库存边界；到达率、处理能力和波动时段。需对照流程与系统效率中的定义、对象索引与适用条件","平均与波动","平均供需相等仍可能有等待，波动和容量约束很重要。 接近满负荷时波动会放大等待，局部速度不能代替系统绩效。","false"
"operations-management-2","operations-management","运营研究","operations-management-2","direction-case","运营研究研究档案：到达需求、服务时长与库存边界；到达率、处理能力和波动时段。需对照的具体条目：到达波动、处理能力与积压；决策变量、流程约束与绩效权衡","平均与波动","平均供需相等仍可能有等待，波动和容量约束很重要。 接近满负荷时波动会放大等待，局部速度不能代替系统绩效。","false"
"operations-management-3","operations-management","质量管理","operations-management-3","direction-case","质量管理研究档案：到达需求、服务时长与库存边界；决策责任、执行资源和反馈循环；到达率、处理能力和波动时段；版本变更、异常记录和失败复核。需对照流程与系统效率中的定义、对象索引与适用条件","目标与执行 / 平均与波动","宣布目标不意味着资源、激励及执行条件已到位。 平均供需相等仍可能有等待，波动和容量约束很重要。 接近满负荷时波动会放大等待，局部速度不能代替系统绩效。","false"
"operations-management-4","operations-management","供应链","operations-management-4","direction-case","供应链研究档案：到达需求、服务时长与库存边界；节点口径、边含义和缺失连接。需对照的具体条目：交付节点、库存位置与需求传递","关系与记录","没有记录到连接不等于不存在关系，边的定义影响结构。 接近满负荷时波动会放大等待，局部速度不能代替系统绩效。","false"
"operations-management-5","operations-management","服务运营","operations-management-5","direction-case","服务运营研究档案：到达需求、服务时长与库存边界；到达率、处理能力和波动时段。需对照的具体条目：到达波动、处理能力与积压；服务到达、处理时长与等待分布","平均与波动","平均供需相等仍可能有等待，波动和容量约束很重要。 接近满负荷时波动会放大等待，局部速度不能代替系统绩效。","false"
"operations-management-6","operations-management","人因工程","operations-management-6","direction-case","人因工程研究档案：到达需求、服务时长与库存边界；判断依据、职责范围和受影响对象。需对照流程与系统效率中的定义、对象索引与适用条件","合规与判断","符合格式不保证判断充分，需要交代理由及利益冲突。 接近满负荷时波动会放大等待，局部速度不能代替系统绩效。","false"
"operations-management-7","operations-management","项目管理","operations-management-7","direction-case","项目管理研究档案：到达需求、服务时长与库存边界；决策责任、执行资源和反馈循环；到达率、处理能力和波动时段；正式文本、执行条件与被排除的对象。需对照流程与系统效率中的定义、对象索引与适用条件","目标与执行 / 平均与波动","宣布目标不意味着资源、激励及执行条件已到位。 平均供需相等仍可能有等待，波动和容量约束很重要。 接近满负荷时波动会放大等待，局部速度不能代替系统绩效。","false"
"operations-management-8","operations-management","可靠性管理","operations-management-8","direction-case","可靠性管理研究档案：到达需求、服务时长与库存边界；失效定义、暴露时长和退出原因；决策责任、执行资源和反馈循环；版本变更、异常记录和失败复核。需对照流程与系统效率中的定义、对象索引与适用条件","运行与可靠 / 目标与执行","没有记录到失效不等于可靠，需要知道实际使用时长。 宣布目标不意味着资源、激励及执行条件已到位。 接近满负荷时波动会放大等待，局部速度不能代替系统绩效。","false"
"operations-management-9","operations-management","流程改进","operations-management-9","direction-case","流程改进研究档案：到达需求、服务时长与库存边界；到达率、处理能力和波动时段。需对照的具体条目：步骤顺序、等待节点与服务需求","平均与波动","平均供需相等仍可能有等待，波动和容量约束很重要。 接近满负荷时波动会放大等待，局部速度不能代替系统绩效。","false"
"operations-management-10","operations-management","运营模型","operations-management-10","direction-case","运营模型研究档案：到达需求、服务时长与库存边界；到达率、处理能力和波动时段；参数出处、边界条件和独立检验情境。需对照的具体条目：到达波动、处理能力与积压","平均与波动","平均供需相等仍可能有等待，波动和容量约束很重要。 接近满负荷时波动会放大等待，局部速度不能代替系统绩效。","false"
"operations-management-11","operations-management","库存评价","operations-management-11","direction-case","库存评价研究档案：到达需求、服务时长与库存边界；到达率、处理能力和波动时段。需对照的具体条目：到达波动、处理能力与积压；需求波动、补货时间与缺货记录","平均与波动","平均供需相等仍可能有等待，波动和容量约束很重要。 接近满负荷时波动会放大等待，局部速度不能代替系统绩效。","false"
"operations-management-12","operations-management","工业工程教育","operations-management-12","direction-case","工业工程教育研究档案：教学任务、学生作答与撤去帮助后的新题；相关领域文献对“到达需求、服务时长与库存边界”的用语与记录方式；任务目标、辅助条件和延迟表现。需对照的具体条目：制造约束、功能任务与使用环境","表现与学习","当场完成可受辅助影响，撤去帮助后的迁移才回答另一类问题。","false"
"public-governance-1","public-governance","行政管理","public-governance-1","direction-case","行政管理研究档案：治理层次、制度实施与公众经历；决策责任、执行资源和反馈循环；正式文本、执行条件与被排除的对象。需对照的具体条目：权限依据、程序机会与理由说明","目标与执行","宣布目标不意味着资源、激励及执行条件已到位。 组织绩效与个体受益需要分别观察。","false"
"public-governance-2","public-governance","社会保障","public-governance-2","direction-case","社会保障研究档案：治理层次、制度实施与公众经历；对象进入、角色关系和机会结构；需求、服务资格和未进入服务者。需对照的具体条目：需求清单、交付节点与资源占用","个体与结构 / 使用与需求","个体选择受可得机会限制，观察到的行为不能仅归因于偏好。 服务使用量受供给和资格影响，不能单独表示需求。 组织绩效与个体受益需要分别观察。","false"
"public-governance-3","public-governance","社会政策","public-governance-3","direction-case","社会政策研究档案：治理层次、制度实施与公众经历；对象进入、角色关系和机会结构；公开文件、责任分配和资源约束；正式文本、执行条件与被排除的对象。需对照的具体条目：文本目标、执行资源与受影响范围","个体与结构 / 公开记录与实践","个体选择受可得机会限制，观察到的行为不能仅归因于偏好。 公开记录受可披露性与编写目的影响，不等于全部实践。 组织绩效与个体受益需要分别观察。","false"
"public-governance-4","public-governance","公共预算","public-governance-4","direction-case","公共预算研究档案：治理层次、制度实施与公众经历；选择集合、机会成本和价格条件；需求、服务资格和未进入服务者；计量单位、时间窗口和未计入的投入。需对照公共治理与受益中的定义、对象索引与适用条件","观察选择与偏好 / 使用与需求","选择变化可以来自约束或可得方案，不一定是偏好改变。 服务使用量受供给和资格影响，不能单独表示需求。 组织绩效与个体受益需要分别观察。","false"
"public-governance-5","public-governance","公共服务","public-governance-5","direction-case","公共服务研究档案：治理层次、制度实施与公众经历；需求、服务资格和未进入服务者。需对照公共治理与受益中的定义、对象索引与适用条件","使用与需求","服务使用量受供给和资格影响，不能单独表示需求。 组织绩效与个体受益需要分别观察。","false"
"public-governance-6","public-governance","应急管理研究","public-governance-6","direction-case","应急管理研究研究档案：治理层次、制度实施与公众经历；决策责任、执行资源和反馈循环；正式文本、执行条件与被排除的对象。需对照公共治理与受益中的定义、对象索引与适用条件","目标与执行","宣布目标不意味着资源、激励及执行条件已到位。 组织绩效与个体受益需要分别观察。","false"
"public-governance-7","public-governance","基层治理","public-governance-7","direction-case","基层治理研究档案：治理层次、制度实施与公众经历；公开文件、责任分配和资源约束；正式文本、执行条件与被排除的对象。需对照的具体条目：规则来源、执行条件与行动者立场；基层角色、实际资源与服务门槛","公开记录与实践","公开记录受可披露性与编写目的影响，不等于全部实践。 组织绩效与个体受益需要分别观察。","false"
"public-governance-8","public-governance","非营利组织","public-governance-8","direction-case","非营利组织研究档案：治理层次、制度实施与公众经历；对象进入、角色关系和机会结构；需求、服务资格和未进入服务者；正式文本、执行条件与被排除的对象。需对照的具体条目：角色分工、资源联系与实际协调","个体与结构 / 使用与需求","个体选择受可得机会限制，观察到的行为不能仅归因于偏好。 服务使用量受供给和资格影响，不能单独表示需求。 组织绩效与个体受益需要分别观察。","false"
"public-governance-9","public-governance","数字治理","public-governance-9","direction-case","数字治理研究档案：治理层次、制度实施与公众经历；版本规则、对象索引和使用任务；公开文件、责任分配和资源约束；正式文本、执行条件与被排除的对象。需对照的具体条目：规则来源、执行条件与行动者立场；编码规则、平台入口与不可见记录","记录与对象 / 公开记录与实践","记录格式一致不保证对象相同，版本变化必须追溯。 公开记录受可披露性与编写目的影响，不等于全部实践。 组织绩效与个体受益需要分别观察。","false"
"public-governance-10","public-governance","政策执行","public-governance-10","direction-case","政策执行研究档案：治理层次、制度实施与公众经历；公开文件、责任分配和资源约束；正式文本、执行条件与被排除的对象。需对照的具体条目：文本目标、执行资源与受影响范围；资源到位、执行环节与实际覆盖","公开记录与实践","公开记录受可披露性与编写目的影响，不等于全部实践。 组织绩效与个体受益需要分别观察。","false"
"public-governance-11","public-governance","公众参与","public-governance-11","direction-case","公众参与研究档案：公开来源、展陈取舍与观众提出的问题；相关领域文献对“治理层次、制度实施与公众经历”的用语与记录方式；交往位置、叙述轮次和观察情境。需对照公共治理与受益中的定义、对象索引与适用条件","叙述与情境","相同问题在不同关系中可获得不同回答，差异不是天然的矛盾。","false"
"public-governance-12","public-governance","治理评价","public-governance-12","direction-case","治理评价研究档案：治理层次、制度实施与公众经历；公开文件、责任分配和资源约束；正式文本、执行条件与被排除的对象。需对照的具体条目：规则来源、执行条件与行动者立场；评价目标、权重选择与未见对象","公开记录与实践","公开记录受可披露性与编写目的影响，不等于全部实践。 组织绩效与个体受益需要分别观察。","false"
"fine-art-studies-1","fine-art-studies","绘画研究","fine-art-studies-1","direction-case","绘画研究研究档案：造型过程、材料痕迹与展示解释；作品状态、观看位置和媒介条件。需对照的具体条目：作品状态、观看位置与形式细节；笔触、画面组织与观看距离","形式与解释","相似视觉形式可承担不同意义，解释须联系作品与观看情境。 材料性质、形式意图与观看解释不是同一层次。","false"
"fine-art-studies-2","fine-art-studies","雕塑研究","fine-art-studies-2","direction-case","雕塑研究研究档案：造型过程、材料痕迹与展示解释；作品状态、观看位置和媒介条件。需对照的具体条目：作品状态、观看位置与形式细节；体量、空间位置与材料状态","形式与解释","相似视觉形式可承担不同意义，解释须联系作品与观看情境。 材料性质、形式意图与观看解释不是同一层次。","false"
"fine-art-studies-3","fine-art-studies","版画研究","fine-art-studies-3","direction-case","版画研究研究档案：造型过程、材料痕迹与展示解释；作品状态、观看位置和媒介条件。需对照的具体条目：版次、印制条件与图像差异","形式与解释","相似视觉形式可承担不同意义，解释须联系作品与观看情境。 材料性质、形式意图与观看解释不是同一层次。","false"
"fine-art-studies-4","fine-art-studies","书法研究","fine-art-studies-4","direction-case","书法研究研究档案：造型过程、材料痕迹与展示解释；作品状态、观看位置和媒介条件。需对照的具体条目：作品状态、观看位置与形式细节；字形、行笔与材料记录","形式与解释","相似视觉形式可承担不同意义，解释须联系作品与观看情境。 材料性质、形式意图与观看解释不是同一层次。","false"
"fine-art-studies-5","fine-art-studies","视觉材料","fine-art-studies-5","direction-case","视觉材料研究档案：造型过程、材料痕迹与展示解释；作品状态、观看位置和媒介条件。需对照的具体条目：材料出处、视觉细节与复制条件","形式与解释","相似视觉形式可承担不同意义，解释须联系作品与观看情境。 材料性质、形式意图与观看解释不是同一层次。","false"
"fine-art-studies-6","fine-art-studies","美术史","fine-art-studies-6","direction-case","美术史研究档案：同时代记载与后期整理本的年代对照；相关领域文献对“造型过程、材料痕迹与展示解释”的用语与记录方式；年代、出处和同时代对照；同时代资料、后期整理和出处链。需对照美术形式与材料中的定义、对象索引与适用条件","当时与后来 / 记录与过去实践","后来形成的分类不能直接替代行动者当时使用的概念。 留存资料受保存及整理选择影响，不是过去实践的完整镜像。","false"
"fine-art-studies-7","fine-art-studies","美术理论","fine-art-studies-7","direction-case","美术理论研究档案：造型过程、材料痕迹与展示解释；作品状态、观看位置和媒介条件。需对照的具体条目：核心概念、作品依据与竞争解释","形式与解释","相似视觉形式可承担不同意义，解释须联系作品与观看情境。 材料性质、形式意图与观看解释不是同一层次。","false"
"fine-art-studies-8","fine-art-studies","当代艺术","fine-art-studies-8","direction-case","当代艺术研究档案：造型过程、材料痕迹与展示解释；作品或演出出处、接受语境和观众位置。需对照的具体条目：作品语境、制度位置与接受变化","作品与接受","作品意图、批评解释与观众经验属于不同层次。 材料性质、形式意图与观看解释不是同一层次。","false"
"fine-art-studies-9","fine-art-studies","公共艺术","fine-art-studies-9","direction-case","公共艺术研究档案：造型过程、材料痕迹与展示解释；作品或演出出处、接受语境和观众位置。需对照的具体条目：公共位置、参与机会与空间负担","作品与接受","作品意图、批评解释与观众经验属于不同层次。 材料性质、形式意图与观看解释不是同一层次。","false"
"fine-art-studies-10","fine-art-studies","美术教育","fine-art-studies-10","direction-case","美术教育研究档案：教学任务、学生作答与撤去帮助后的新题；相关领域文献对“造型过程、材料痕迹与展示解释”的用语与记录方式；任务目标、辅助条件和延迟表现。需对照美术形式与材料中的定义、对象索引与适用条件","表现与学习","当场完成可受辅助影响，撤去帮助后的迁移才回答另一类问题。","false"
"fine-art-studies-11","fine-art-studies","材料表达","fine-art-studies-11","direction-case","材料表达研究档案：造型过程、材料痕迹与展示解释；作品状态、观看位置和媒介条件。需对照的具体条目：材料状态、制作选择与感知效果","形式与解释","相似视觉形式可承担不同意义，解释须联系作品与观看情境。 材料性质、形式意图与观看解释不是同一层次。","false"
"fine-art-studies-12","fine-art-studies","展览研究","fine-art-studies-12","direction-case","展览研究研究档案：公开来源、展陈取舍与观众提出的问题；相关领域文献对“造型过程、材料痕迹与展示解释”的用语与记录方式；设计任务、迭代版本和使用者反馈。需对照美术形式与材料中的定义、对象索引与适用条件","意图与理解","设计者希望表达的含义不等于使用者实际理解。","false"
"musicology-studies-1","musicology-studies","音乐史","musicology-studies-1","direction-case","音乐史研究档案：同时代记载与后期整理本的年代对照；相关领域文献对“谱本、演奏惯例与听觉结构”的用语与记录方式；年代、出处和同时代对照；同时代资料、后期整理和出处链。需对照的具体条目：谱本、演奏选择与声学条件","当时与后来 / 记录与过去实践","后来形成的分类不能直接替代行动者当时使用的概念。 留存资料受保存及整理选择影响，不是过去实践的完整镜像。","false"
"musicology-studies-2","musicology-studies","民族音乐学","musicology-studies-2","direction-case","民族音乐学研究档案：谱本、演奏惯例与听觉结构；谱本、声音记录和表演条件。需对照的具体条目：身份称谓、互动位置与传承实践；谱本、演奏选择与声学条件；当地分类、传承关系与演出情境","谱本与实践","谱本不完整规定演奏，录音还包含声学和制作因素。 现代编辑标记不自动等于作曲家的原始要求。","false"
"musicology-studies-3","musicology-studies","音乐分析","musicology-studies-3","direction-case","音乐分析研究档案：谱本、演奏惯例与听觉结构；谱本、声音记录和表演条件。需对照的具体条目：谱本、演奏选择与声学条件；输入假设、测量或推导链与不确定性","谱本与实践","谱本不完整规定演奏，录音还包含声学和制作因素。 现代编辑标记不自动等于作曲家的原始要求。","false"
"musicology-studies-4","musicology-studies","作曲研究","musicology-studies-4","direction-case","作曲研究研究档案：谱本、演奏惯例与听觉结构；谱本、声音记录和表演条件；谱本或排演文本、演出记录和现场条件。需对照的具体条目：谱本、演奏选择与声学条件；音高节奏组织、结构选择与演奏约束","谱本与实践","谱本不完整规定演奏，录音还包含声学和制作因素。 现代编辑标记不自动等于作曲家的原始要求。","false"
"musicology-studies-5","musicology-studies","演奏实践","musicology-studies-5","direction-case","演奏实践研究档案：谱本、演奏惯例与听觉结构；谱本、声音记录和表演条件；谱本或排演文本、演出记录和现场条件。需对照的具体条目：谱本、演奏选择与声学条件","谱本与实践","谱本不完整规定演奏，录音还包含声学和制作因素。 现代编辑标记不自动等于作曲家的原始要求。","false"
"musicology-studies-6","musicology-studies","声乐研究","musicology-studies-6","direction-case","声乐研究研究档案：谱本、演奏惯例与听觉结构；谱本、声音记录和表演条件。需对照的具体条目：发声选择、文本措辞与演唱环境","谱本与实践","谱本不完整规定演奏，录音还包含声学和制作因素。 现代编辑标记不自动等于作曲家的原始要求。","false"
"musicology-studies-7","musicology-studies","音乐教育","musicology-studies-7","direction-case","音乐教育研究档案：教学任务、学生作答与撤去帮助后的新题；相关领域文献对“谱本、演奏惯例与听觉结构”的用语与记录方式；任务目标、辅助条件和延迟表现。需对照的具体条目：谱本、演奏选择与声学条件","表现与学习","当场完成可受辅助影响，撤去帮助后的迁移才回答另一类问题。","false"
"musicology-studies-8","musicology-studies","音乐技术","musicology-studies-8","direction-case","音乐技术研究档案：谱本、演奏惯例与听觉结构；谱本、声音记录和表演条件。需对照的具体条目：谱本、演奏选择与声学条件；工具版本、使用任务与适用承诺","谱本与实践","谱本不完整规定演奏，录音还包含声学和制作因素。 现代编辑标记不自动等于作曲家的原始要求。","false"
"musicology-studies-9","musicology-studies","录音评价","musicology-studies-9","direction-case","录音评价研究档案：谱本、演奏惯例与听觉结构；谱本、声音记录和表演条件；谱本或排演文本、演出记录和现场条件。需对照的具体条目：话筒位置、制作处理与播放条件","谱本与实践","谱本不完整规定演奏，录音还包含声学和制作因素。 现代编辑标记不自动等于作曲家的原始要求。","false"
"musicology-studies-10","musicology-studies","音乐心理资料","musicology-studies-10","direction-case","音乐心理资料研究档案：谱本、演奏惯例与听觉结构；谱本、声音记录和表演条件。需对照的具体条目：谱本、演奏选择与声学条件；任务版本、状态条件与构念定义","谱本与实践","谱本不完整规定演奏，录音还包含声学和制作因素。 现代编辑标记不自动等于作曲家的原始要求。","false"
"musicology-studies-11","musicology-studies","音乐与社会","musicology-studies-11","direction-case","音乐与社会研究档案：谱本、演奏惯例与听觉结构；谱本、声音记录和表演条件。需对照的具体条目：谱本、演奏选择与声学条件","谱本与实践","谱本不完整规定演奏，录音还包含声学和制作因素。 现代编辑标记不自动等于作曲家的原始要求。","false"
"musicology-studies-12","musicology-studies","音乐文献","musicology-studies-12","direction-case","音乐文献研究档案：逐页出处、底本差异和缺页索引；相关领域文献对“谱本、演奏惯例与听觉结构”的用语与记录方式；底本出处、异文位置和编订层次。需对照的具体条目：谱本、演奏选择与声学条件","原文与编订","后世编订和现代转写会改变可见文本，须保留版本链。","false"
"film-studies-1","film-studies","电影史","film-studies-1","direction-case","电影史研究档案：同时代记载与后期整理本的年代对照；相关领域文献对“镜头、声画关系与观看语境”的用语与记录方式；年代、出处和同时代对照；同时代资料、后期整理和出处链。需对照的具体条目：镜头顺序、声画关系与发行版本；镜头来源、剪辑结构与观影语境","当时与后来 / 记录与过去实践","后来形成的分类不能直接替代行动者当时使用的概念。 留存资料受保存及整理选择影响，不是过去实践的完整镜像。","false"
"film-studies-2","film-studies","电影理论","film-studies-2","direction-case","电影理论研究档案：镜头、声画关系与观看语境；镜头顺序、声画关系和版本差异。需对照的具体条目：镜头顺序、声画关系与发行版本；镜头来源、剪辑结构与观影语境","镜头与叙事","单镜头内容不能完整说明剪辑后产生的叙事关系。 剪辑关联可能引导因果推断但不证明事件事实。","false"
"film-studies-3","film-studies","影像叙事","film-studies-3","concept","剪辑镜头顺序、时长与叙事信息分配表","剪辑与叙事因果","镜头相邻会引导关联，但未必交代真实的因果；视点和声音也会改变观众推断。","false"
"film-studies-4","film-studies","纪录片研究","film-studies-4","direction-case","纪录片研究研究档案：镜头、声画关系与观看语境；镜头顺序、声画关系和版本差异。需对照的具体条目：素材出处、剪辑选择与被摄者立场","镜头与叙事","单镜头内容不能完整说明剪辑后产生的叙事关系。 剪辑关联可能引导因果推断但不证明事件事实。","false"
"film-studies-5","film-studies","视听语言","film-studies-5","direction-case","视听语言研究档案：镜头、声画关系与观看语境；镜头顺序、声画关系和版本差异。需对照影像叙事与观看中的定义、对象索引与适用条件","镜头与叙事","单镜头内容不能完整说明剪辑后产生的叙事关系。 剪辑关联可能引导因果推断但不证明事件事实。","false"
"film-studies-6","film-studies","影像档案","film-studies-6","direction-case","影像档案研究档案：逐页出处、底本差异和缺页索引；相关领域文献对“镜头、声画关系与观看语境”的用语与记录方式；底本出处、异文位置和编订层次。需对照的具体条目：来源索引、采集条件与判读分歧；形成机关、归档过程与缺件","原文与编订","后世编订和现代转写会改变可见文本，须保留版本链。","false"
"film-studies-7","film-studies","影视制作研究","film-studies-7","direction-case","影视制作研究研究档案：镜头、声画关系与观看语境；镜头顺序、声画关系和版本差异。需对照的具体条目：镜头顺序、声画关系与发行版本","镜头与叙事","单镜头内容不能完整说明剪辑后产生的叙事关系。 剪辑关联可能引导因果推断但不证明事件事实。","false"
"film-studies-8","film-studies","观众研究","film-studies-8","direction-case","观众研究研究档案：镜头、声画关系与观看语境；作品或演出出处、接受语境和观众位置。需对照的具体条目：接触机会、理解路径与未参与者","作品与接受","作品意图、批评解释与观众经验属于不同层次。 剪辑关联可能引导因果推断但不证明事件事实。","false"
"film-studies-9","film-studies","电影文化","film-studies-9","direction-case","电影文化研究档案：镜头、声画关系与观看语境；镜头顺序、声画关系和版本差异。需对照的具体条目：镜头顺序、声画关系与发行版本；实践语境、符号用法与传承位置；镜头来源、剪辑结构与观影语境","镜头与叙事","单镜头内容不能完整说明剪辑后产生的叙事关系。 剪辑关联可能引导因果推断但不证明事件事实。","false"
"film-studies-10","film-studies","数字影像","film-studies-10","direction-case","数字影像研究档案：镜头、声画关系与观看语境；镜头顺序、声画关系和版本差异；转写规则、数字版本和原件对应。需对照的具体条目：编码规则、平台入口与不可见记录；来源索引、采集条件与判读分歧","镜头与叙事 / 可计算与可解释","单镜头内容不能完整说明剪辑后产生的叙事关系。 可检索或可计算的记录会受转写与收录条件影响。 剪辑关联可能引导因果推断但不证明事件事实。","false"
"film-studies-11","film-studies","影像教育","film-studies-11","direction-case","影像教育研究档案：教学任务、学生作答与撤去帮助后的新题；相关领域文献对“镜头、声画关系与观看语境”的用语与记录方式；任务目标、辅助条件和延迟表现。需对照的具体条目：来源索引、采集条件与判读分歧","表现与学习","当场完成可受辅助影响，撤去帮助后的迁移才回答另一类问题。","false"
"film-studies-12","film-studies","跨媒介影像","film-studies-12","direction-case","跨媒介影像研究档案：镜头、声画关系与观看语境；生产记录、传播路径和接触机会；镜头顺序、声画关系和版本差异。需对照的具体条目：媒介形式、生产条件与可见性规则；来源索引、采集条件与判读分歧","接触与影响 / 镜头与叙事","看过材料不等于改变了态度，平台可见记录不代表全体受众。 单镜头内容不能完整说明剪辑后产生的叙事关系。 剪辑关联可能引导因果推断但不证明事件事实。","false"
"theatre-studies-1","theatre-studies","戏剧史","theatre-studies-1","direction-case","戏剧史研究档案：同时代记载与后期整理本的年代对照；相关领域文献对“剧本版本、走位与演出节奏”的用语与记录方式；年代、出处和同时代对照；同时代资料、后期整理和出处链。需对照的具体条目：排演文本、行动选择与观众位置","当时与后来 / 记录与过去实践","后来形成的分类不能直接替代行动者当时使用的概念。 留存资料受保存及整理选择影响，不是过去实践的完整镜像。","false"
"theatre-studies-2","theatre-studies","剧本研究","theatre-studies-2","direction-case","剧本研究研究档案：剧本版本、走位与演出节奏；排演文本、身体动作和观众位置。需对照的具体条目：场景结构、人物行动与排演修订","文本与演出","文本未完整规定舞台行动，演出也会改变文本理解。 台词不变也可因舞台行动改变意义。","false"
"theatre-studies-3","theatre-studies","舞台设计","theatre-studies-3","direction-case","舞台设计研究档案：剧本版本、走位与演出节奏；设计任务、迭代版本和使用者反馈；任务路径、迭代版本和错误恢复记录。需对照的具体条目：观看角度、场景转换与行动空间","意图与理解","设计者希望表达的含义不等于使用者实际理解。 台词不变也可因舞台行动改变意义。","false"
"theatre-studies-4","theatre-studies","表演实践","theatre-studies-4","direction-case","表演实践研究档案：剧本版本、走位与演出节奏；排演文本、身体动作和观众位置；谱本或排演文本、演出记录和现场条件。需对照的具体条目：排演文本、行动选择与观众位置","文本与演出","文本未完整规定舞台行动，演出也会改变文本理解。 台词不变也可因舞台行动改变意义。","false"
"theatre-studies-5","theatre-studies","戏曲研究","theatre-studies-5","direction-case","戏曲研究研究档案：剧本版本、走位与演出节奏；排演文本、身体动作和观众位置。需对照的具体条目：排演文本、行动选择与观众位置；剧种传统、唱腔程式与演出版本","文本与演出","文本未完整规定舞台行动，演出也会改变文本理解。 台词不变也可因舞台行动改变意义。","false"
"theatre-studies-6","theatre-studies","舞蹈研究","theatre-studies-6","direction-case","舞蹈研究研究档案：剧本版本、走位与演出节奏；排演文本、身体动作和观众位置；谱本或排演文本、演出记录和现场条件。需对照的具体条目：排演文本、行动选择与观众位置；动作记述、身体经验与空间路径","文本与演出","文本未完整规定舞台行动，演出也会改变文本理解。 台词不变也可因舞台行动改变意义。","false"
"theatre-studies-7","theatre-studies","戏剧教育","theatre-studies-7","direction-case","戏剧教育研究档案：教学任务、学生作答与撤去帮助后的新题；相关领域文献对“剧本版本、走位与演出节奏”的用语与记录方式；任务目标、辅助条件和延迟表现。需对照的具体条目：排演文本、行动选择与观众位置","表现与学习","当场完成可受辅助影响，撤去帮助后的迁移才回答另一类问题。","false"
"theatre-studies-8","theatre-studies","剧场观众","theatre-studies-8","direction-case","剧场观众研究档案：剧本版本、走位与演出节奏；排演文本、身体动作和观众位置；作品或演出出处、接受语境和观众位置。需对照的具体条目：接触机会、理解路径与未参与者","文本与演出 / 作品与接受","文本未完整规定舞台行动，演出也会改变文本理解。 作品意图、批评解释与观众经验属于不同层次。 台词不变也可因舞台行动改变意义。","false"
"theatre-studies-9","theatre-studies","排练过程","theatre-studies-9","direction-case","排练过程研究档案：剧本版本、走位与演出节奏；排演文本、身体动作和观众位置；时间戳、状态阶段和变化前后的并列记录。需对照文本与舞台行动中的定义、对象索引与适用条件","文本与演出","文本未完整规定舞台行动，演出也会改变文本理解。 台词不变也可因舞台行动改变意义。","false"
"theatre-studies-10","theatre-studies","剧场技术评价","theatre-studies-10","direction-case","剧场技术评价研究档案：剧本版本、走位与演出节奏；排演文本、身体动作和观众位置。需对照的具体条目：工具版本、使用任务与适用承诺","文本与演出","文本未完整规定舞台行动，演出也会改变文本理解。 台词不变也可因舞台行动改变意义。","false"
"theatre-studies-11","theatre-studies","表演档案","theatre-studies-11","direction-case","表演档案研究档案：逐页出处、底本差异和缺页索引；相关领域文献对“剧本版本、走位与演出节奏”的用语与记录方式；底本出处、异文位置和编订层次。需对照的具体条目：排演文本、行动选择与观众位置；形成机关、归档过程与缺件","原文与编订","后世编订和现代转写会改变可见文本，须保留版本链。","false"
"theatre-studies-12","theatre-studies","参与式表演","theatre-studies-12","direction-case","参与式表演研究档案：剧本版本、走位与演出节奏；排演文本、身体动作和观众位置；谱本或排演文本、演出记录和现场条件。需对照的具体条目：排演文本、行动选择与观众位置；参与规则、角色改变与观众行动","文本与演出","文本未完整规定舞台行动，演出也会改变文本理解。 台词不变也可因舞台行动改变意义。","false"
"art-design-theory-1","art-design-theory","艺术哲学","art-design-theory-1","direction-case","艺术哲学研究档案：关键段落、话语位置和相反解释；相关领域文献对“批评文本、展示制度与作品语境”的用语与记录方式；作品或演出出处、接受语境和观众位置。需对照的具体条目：审美对象、经验描述与评价理由","作品与接受","作品意图、批评解释与观众经验属于不同层次。","false"
"art-design-theory-2","art-design-theory","设计史","art-design-theory-2","direction-case","设计史研究档案：同时代记载与后期整理本的年代对照；相关领域文献对“批评文本、展示制度与作品语境”的用语与记录方式；年代、出处和同时代对照；同时代资料、后期整理和出处链。需对照的具体条目：设计文本、使用变迁与生产制度","当时与后来 / 记录与过去实践","后来形成的分类不能直接替代行动者当时使用的概念。 留存资料受保存及整理选择影响，不是过去实践的完整镜像。","false"
"art-design-theory-3","art-design-theory","艺术制度","art-design-theory-3","direction-case","艺术制度研究档案：批评文本、展示制度与作品语境；作品或演出出处、接受语境和观众位置；正式文本、执行条件与被排除的对象。需对照的具体条目：条文来源、权限分配与执行差异","作品与接受","作品意图、批评解释与观众经验属于不同层次。 评价标准有时期和制度条件，不能无说明地通用。","false"
"art-design-theory-4","art-design-theory","策展理论","art-design-theory-4","direction-case","策展理论研究档案：批评文本、展示制度与作品语境；设计任务、迭代版本和使用者反馈。需对照艺术制度与解释中的定义、对象索引与适用条件","意图与理解","设计者希望表达的含义不等于使用者实际理解。 评价标准有时期和制度条件，不能无说明地通用。","false"
"art-design-theory-5","art-design-theory","艺术批评","art-design-theory-5","direction-case","艺术批评研究档案：关键段落、话语位置和相反解释；相关领域文献对“批评文本、展示制度与作品语境”的用语与记录方式；作品或演出出处、接受语境和观众位置。需对照艺术制度与解释中的定义、对象索引与适用条件","作品与接受","作品意图、批评解释与观众经验属于不同层次。","false"
"art-design-theory-6","art-design-theory","视觉文化","art-design-theory-6","direction-case","视觉文化研究档案：批评文本、展示制度与作品语境；作品状态、观看位置和媒介条件。需对照的具体条目：实践语境、符号用法与传承位置","形式与解释","相似视觉形式可承担不同意义，解释须联系作品与观看情境。 评价标准有时期和制度条件，不能无说明地通用。","false"
"art-design-theory-7","art-design-theory","艺术社会学","art-design-theory-7","direction-case","艺术社会学研究档案：批评文本、展示制度与作品语境；作品或演出出处、接受语境和观众位置。需对照艺术制度与解释中的定义、对象索引与适用条件","作品与接受","作品意图、批评解释与观众经验属于不同层次。 评价标准有时期和制度条件，不能无说明地通用。","false"
"art-design-theory-8","art-design-theory","艺术与科技","art-design-theory-8","direction-case","艺术与科技研究档案：批评文本、展示制度与作品语境；作品或演出出处、接受语境和观众位置。需对照的具体条目：仪器记录、研究制度与知识传播","作品与接受","作品意图、批评解释与观众经验属于不同层次。 评价标准有时期和制度条件，不能无说明地通用。","false"
"art-design-theory-9","art-design-theory","工艺史","art-design-theory-9","direction-case","工艺史研究档案：同时代记载与后期整理本的年代对照；相关领域文献对“批评文本、展示制度与作品语境”的用语与记录方式；年代、出处和同时代对照；同时代资料、后期整理和出处链。需对照的具体条目：材料技艺、传承关系与生产记录","当时与后来 / 记录与过去实践","后来形成的分类不能直接替代行动者当时使用的概念。 留存资料受保存及整理选择影响，不是过去实践的完整镜像。","false"
"art-design-theory-10","art-design-theory","艺术收藏史","art-design-theory-10","direction-case","艺术收藏史研究档案：同时代记载与后期整理本的年代对照；相关领域文献对“批评文本、展示制度与作品语境”的用语与记录方式；年代、出处和同时代对照；作品或演出出处、接受语境和观众位置。需对照的具体条目：来源链、移交记录与展示语境","当时与后来 / 作品与接受","后来形成的分类不能直接替代行动者当时使用的概念。 作品意图、批评解释与观众经验属于不同层次。","false"
"art-design-theory-11","art-design-theory","设计伦理","art-design-theory-11","direction-case","设计伦理研究档案：行动者理由、利益负担与提出异议的记录；相关领域文献对“批评文本、展示制度与作品语境”的用语与记录方式；受益负担、行动理由和申诉机会。需对照的具体条目：行动理由、受益负担与申诉机会","描述与规范","多数偏好或事实描述不能独立证成规范结论。","false"
"art-design-theory-12","art-design-theory","艺术教育史","art-design-theory-12","direction-case","艺术教育史研究档案：同时代记载与后期整理本的年代对照；相关领域文献对“批评文本、展示制度与作品语境”的用语与记录方式；年代、出处和同时代对照；作品或演出出处、接受语境和观众位置。需对照艺术制度与解释中的定义、对象索引与适用条件","当时与后来 / 作品与接受","后来形成的分类不能直接替代行动者当时使用的概念。 作品意图、批评解释与观众经验属于不同层次。","false"
"interdisciplinary-design-1","interdisciplinary-design","设计理论","interdisciplinary-design-1","direction-case","设计理论研究档案：任务定义、利益相关者与设计证据；设计任务、迭代版本和使用者反馈；任务路径、迭代版本和错误恢复记录。需对照的具体条目：概念前提、设计案例与解释范围","意图与理解","设计者希望表达的含义不等于使用者实际理解。 一个接触点改善可能把负担转移给另一参与者。","false"
"interdisciplinary-design-2","interdisciplinary-design","设计方法","interdisciplinary-design-2","direction-case","设计方法研究档案：任务定义、利益相关者与设计证据；设计任务、迭代版本和使用者反馈；任务路径、迭代版本和错误恢复记录。需对照的具体条目：输入要求、适用前提与方法失败条件","意图与理解","设计者希望表达的含义不等于使用者实际理解。 一个接触点改善可能把负担转移给另一参与者。","false"
"interdisciplinary-design-3","interdisciplinary-design","设计认知","interdisciplinary-design-3","direction-case","设计认知研究档案：任务定义、利益相关者与设计证据；设计任务、迭代版本和使用者反馈；任务路径、迭代版本和错误恢复记录。需对照的具体条目：任务难度、注意条件与策略选择","意图与理解","设计者希望表达的含义不等于使用者实际理解。 一个接触点改善可能把负担转移给另一参与者。","false"
"interdisciplinary-design-4","interdisciplinary-design","工程设计","interdisciplinary-design-4","direction-case","工程设计研究档案：任务定义、利益相关者与设计证据；设计任务、迭代版本和使用者反馈；任务路径、迭代版本和错误恢复记录。需对照的具体条目：功能约束、制造条件与验证任务","意图与理解","设计者希望表达的含义不等于使用者实际理解。 一个接触点改善可能把负担转移给另一参与者。","false"
"interdisciplinary-design-5","interdisciplinary-design","艺术与设计","interdisciplinary-design-5","direction-case","艺术与设计研究档案：任务定义、利益相关者与设计证据；设计任务、迭代版本和使用者反馈；任务路径、迭代版本和错误恢复记录。需对照的具体条目：艺术解释、使用目标与协作分工","意图与理解","设计者希望表达的含义不等于使用者实际理解。 一个接触点改善可能把负担转移给另一参与者。","false"
"interdisciplinary-design-6","interdisciplinary-design","设计管理","interdisciplinary-design-6","direction-case","设计管理研究档案：任务定义、利益相关者与设计证据；设计任务、迭代版本和使用者反馈；正式文本、执行条件与被排除的对象。需对照设计问题与多方协作中的定义、对象索引与适用条件","意图与理解","设计者希望表达的含义不等于使用者实际理解。 一个接触点改善可能把负担转移给另一参与者。","false"
"interdisciplinary-design-7","interdisciplinary-design","设计信息","interdisciplinary-design-7","direction-case","设计信息研究档案：任务定义、利益相关者与设计证据；设计任务、迭代版本和使用者反馈；任务路径、迭代版本和错误恢复记录。需对照的具体条目：信息编码、用户理解与任务路径","意图与理解","设计者希望表达的含义不等于使用者实际理解。 一个接触点改善可能把负担转移给另一参与者。","false"
"interdisciplinary-design-8","interdisciplinary-design","设计伦理","interdisciplinary-design-8","direction-case","设计伦理研究档案：行动者理由、利益负担与提出异议的记录；相关领域文献对“任务定义、利益相关者与设计证据”的用语与记录方式；受益负担、行动理由和申诉机会。需对照的具体条目：行动理由、受益负担与申诉机会","描述与规范","多数偏好或事实描述不能独立证成规范结论。","false"
"interdisciplinary-design-9","interdisciplinary-design","设计与社会","interdisciplinary-design-9","direction-case","设计与社会研究档案：任务定义、利益相关者与设计证据；对象进入、角色关系和机会结构；设计任务、迭代版本和使用者反馈；任务路径、迭代版本和错误恢复记录。需对照设计问题与多方协作中的定义、对象索引与适用条件","个体与结构 / 意图与理解","个体选择受可得机会限制，观察到的行为不能仅归因于偏好。 设计者希望表达的含义不等于使用者实际理解。 一个接触点改善可能把负担转移给另一参与者。","false"
"interdisciplinary-design-10","interdisciplinary-design","设计评价","interdisciplinary-design-10","direction-case","设计评价研究档案：任务定义、利益相关者与设计证据；设计任务、迭代版本和使用者反馈；任务路径、迭代版本和错误恢复记录。需对照的具体条目：评价标准、参与者选择与失败路径","意图与理解","设计者希望表达的含义不等于使用者实际理解。 一个接触点改善可能把负担转移给另一参与者。","false"
"interdisciplinary-design-11","interdisciplinary-design","设计史","interdisciplinary-design-11","direction-case","设计史研究档案：同时代记载与后期整理本的年代对照；相关领域文献对“任务定义、利益相关者与设计证据”的用语与记录方式；同时代资料、后期整理和出处链。需对照的具体条目：设计文本、使用变迁与生产制度","记录与过去实践","留存资料受保存及整理选择影响，不是过去实践的完整镜像。","false"
"interdisciplinary-design-12","interdisciplinary-design","跨学科设计协作","interdisciplinary-design-12","direction-case","跨学科设计协作研究档案：任务定义、利益相关者与设计证据；节点口径、边含义和缺失连接；设计任务、迭代版本和使用者反馈；任务路径、迭代版本和错误恢复记录。需对照设计问题与多方协作中的定义、对象索引与适用条件","关系与记录 / 意图与理解","没有记录到连接不等于不存在关系，边的定义影响结构。 设计者希望表达的含义不等于使用者实际理解。 一个接触点改善可能把负担转移给另一参与者。","false"
"remote-sensing-1","remote-sensing","遥感物理","remote-sensing-1","direction-case","遥感物理研究档案：像元、地面对应与观测窗口；坐标基准、空间支持和分类边界；坐标基准、空间单元和不同尺度的对照。需对照的具体条目：地面参照、像元支持与反演条件；辐射响应、观测几何与介质条件","位置与尺度","聚合尺度与分类边界会改变空间关系，不能只比较图色。 混合像元与地块不是同一单位，反演需明确尺度。","false"
"remote-sensing-2","remote-sensing","遥感信息获取","remote-sensing-2","direction-case","遥感信息获取研究档案：像元、地面对应与观测窗口；采样条件、频谱结构和噪声假设；坐标基准、空间支持和分类边界；坐标基准、空间单元和不同尺度的对照。需对照的具体条目：地面参照、像元支持与反演条件","信号与处理 / 位置与尺度","处理后图形更平滑不等于真实信息更多。 聚合尺度与分类边界会改变空间关系，不能只比较图色。 混合像元与地块不是同一单位，反演需明确尺度。","false"
"remote-sensing-3","remote-sensing","遥感信息处理","remote-sensing-3","direction-case","遥感信息处理研究档案：像元、地面对应与观测窗口；坐标基准、空间支持和分类边界；坐标基准、空间单元和不同尺度的对照。需对照的具体条目：地面参照、像元支持与反演条件；处理版本、分类误差与参照标签","位置与尺度","聚合尺度与分类边界会改变空间关系，不能只比较图色。 混合像元与地块不是同一单位，反演需明确尺度。","false"
"remote-sensing-4","remote-sensing","遥感应用","remote-sensing-4","direction-case","遥感应用研究档案：像元、地面对应与观测窗口；坐标基准、空间支持和分类边界；坐标基准、空间单元和不同尺度的对照。需对照的具体条目：地面参照、像元支持与反演条件；使用任务、落地条件与实际反馈","位置与尺度","聚合尺度与分类边界会改变空间关系，不能只比较图色。 混合像元与地块不是同一单位，反演需明确尺度。","false"
"remote-sensing-5","remote-sensing","遥感标定","remote-sensing-5","direction-case","遥感标定研究档案：像元、地面对应与观测窗口；参考量、校准曲线和不确定性分项；坐标基准、空间支持和分类边界；参考依据、重复读数和误差分项。需对照的具体条目：地面参照、像元支持与反演条件","精密与准确 / 位置与尺度","重复读数接近说明精密性，不能排除系统偏差。 聚合尺度与分类边界会改变空间关系，不能只比较图色。 混合像元与地块不是同一单位，反演需明确尺度。","false"
"remote-sensing-6","remote-sensing","遥感反演","remote-sensing-6","direction-case","遥感反演研究档案：像元、地面对应与观测窗口；离散误差、参照解和停止条件；坐标基准、空间支持和分类边界；参数出处、边界条件和独立检验情境。需对照的具体条目：地面参照、像元支持与反演条件","收敛与正确性 / 位置与尺度","迭代停止不保证离散误差或模型误差已经足够小。 聚合尺度与分类边界会改变空间关系，不能只比较图色。 混合像元与地块不是同一单位，反演需明确尺度。","false"
"remote-sensing-7","remote-sensing","遥感时序","remote-sensing-7","direction-case","遥感时序研究档案：像元、地面对应与观测窗口；坐标基准、空间支持和分类边界；坐标基准、空间单元和不同尺度的对照。需对照的具体条目：地面参照、像元支持与反演条件；季节阶段、时间对齐与缺测","位置与尺度","聚合尺度与分类边界会改变空间关系，不能只比较图色。 混合像元与地块不是同一单位，反演需明确尺度。","false"
"remote-sensing-8","remote-sensing","多源遥感","remote-sensing-8","direction-case","多源遥感研究档案：像元、地面对应与观测窗口；坐标基准、空间支持和分类边界；坐标基准、空间单元和不同尺度的对照。需对照的具体条目：地面参照、像元支持与反演条件；平台差异、空间支持与跨源转换","位置与尺度","聚合尺度与分类边界会改变空间关系，不能只比较图色。 混合像元与地块不是同一单位，反演需明确尺度。","false"
"remote-sensing-9","remote-sensing","遥感精度评价","remote-sensing-9","direction-case","遥感精度评价研究档案：像元、地面对应与观测窗口；坐标基准、空间支持和分类边界；坐标基准、空间单元和不同尺度的对照。需对照的具体条目：地面参照、像元支持与反演条件；验证对象、误差口径与空间独立性","位置与尺度","聚合尺度与分类边界会改变空间关系，不能只比较图色。 混合像元与地块不是同一单位，反演需明确尺度。","false"
"remote-sensing-10","remote-sensing","遥感资料质量","remote-sensing-10","direction-case","遥感资料质量研究档案：像元、地面对应与观测窗口；坐标基准、空间支持和分类边界；标签定义、版本变动和分歧样本；版本变更、异常记录和失败复核。需对照的具体条目：地面参照、像元支持与反演条件","位置与尺度 / 一致与有效","聚合尺度与分类边界会改变空间关系，不能只比较图色。 标签一致不能独立证明标签符合研究构念。 混合像元与地块不是同一单位，反演需明确尺度。","false"
"remote-sensing-11","remote-sensing","遥感与社会","remote-sensing-11","direction-case","遥感与社会研究档案：像元、地面对应与观测窗口；坐标基准、空间支持和分类边界；对象进入、角色关系和机会结构；坐标基准、空间单元和不同尺度的对照。需对照的具体条目：地面参照、像元支持与反演条件","位置与尺度 / 个体与结构","聚合尺度与分类边界会改变空间关系，不能只比较图色。 个体选择受可得机会限制，观察到的行为不能仅归因于偏好。 混合像元与地块不是同一单位，反演需明确尺度。","false"
"remote-sensing-12","remote-sensing","遥感科学史","remote-sensing-12","direction-case","遥感科学史研究档案：同时代记载与后期整理本的年代对照；相关领域文献对“像元、地面对应与观测窗口”的用语与记录方式；同时代资料、后期整理和出处链。需对照的具体条目：地面参照、像元支持与反演条件；仪器记录、研究制度与知识传播","记录与过去实践","留存资料受保存及整理选择影响，不是过去实践的完整镜像。","false"
"vehicle-engineering-1","vehicle-engineering","车辆结构","vehicle-engineering-1","direction-case","车辆结构研究档案：车身结构、运动响应与使用任务；出行链、等待时间和可达机会。需对照的具体条目：驾驶任务、道路条件与车辆状态；结构连接、载荷路径与服役状态","速度与可达性","平均速度提高不保证更多人能到达需要的服务。 单项测试与实际交通工况不同，系统接口会改变表现。","false"
"vehicle-engineering-2","vehicle-engineering","车辆动力学","vehicle-engineering-2","direction-case","车辆动力学研究档案：车身结构、运动响应与使用任务；初值集合、时间轨迹和稳定性定义；载荷谱、变形状态和失效口径。需对照的具体条目：驾驶任务、道路条件与车辆状态","局部与全局 / 强度与寿命","一条轨道的表现不能独立证明所有初值的稳定性。 静态强度不能独立代替循环载荷下的寿命评价。 单项测试与实际交通工况不同，系统接口会改变表现。","false"
"vehicle-engineering-3","vehicle-engineering","车辆可靠性","vehicle-engineering-3","direction-case","车辆可靠性研究档案：车身结构、运动响应与使用任务；出行链、等待时间和可达机会；失效定义、暴露时长和退出原因；版本变更、异常记录和失败复核。需对照的具体条目：驾驶任务、道路条件与车辆状态","速度与可达性 / 运行与可靠","平均速度提高不保证更多人能到达需要的服务。 没有记录到失效不等于可靠，需要知道实际使用时长。 单项测试与实际交通工况不同，系统接口会改变表现。","false"
"vehicle-engineering-4","vehicle-engineering","车辆人因","vehicle-engineering-4","direction-case","车辆人因研究档案：车身结构、运动响应与使用任务；出行链、等待时间和可达机会；任务完成、错误恢复和辅助条件。需对照的具体条目：驾驶任务、道路条件与车辆状态","速度与可达性 / 完成与体验","平均速度提高不保证更多人能到达需要的服务。 完成率不能独立概括负担、可及性和错误恢复。 单项测试与实际交通工况不同，系统接口会改变表现。","false"
"vehicle-engineering-5","vehicle-engineering","车辆电子","vehicle-engineering-5","direction-case","车辆电子研究档案：车身结构、运动响应与使用任务；出行链、等待时间和可达机会。需对照的具体条目：驾驶任务、道路条件与车辆状态；电子版本、接口状态与故障记录","速度与可达性","平均速度提高不保证更多人能到达需要的服务。 单项测试与实际交通工况不同，系统接口会改变表现。","false"
"vehicle-engineering-6","vehicle-engineering","车辆能源评价","vehicle-engineering-6","direction-case","车辆能源评价研究档案：车身结构、运动响应与使用任务；能量边界、时间负荷和系统服务；出行链、等待时间和可达机会；计量单位、时间窗口和未计入的投入。需对照的具体条目：驾驶任务、道路条件与车辆状态","效率与系统收益 / 速度与可达性","部件效率高不保证系统全年收益更高。 平均速度提高不保证更多人能到达需要的服务。 单项测试与实际交通工况不同，系统接口会改变表现。","false"
"vehicle-engineering-7","vehicle-engineering","车辆制造评价","vehicle-engineering-7","direction-case","车辆制造评价研究档案：车身结构、运动响应与使用任务；批次、过程窗口和成品质量分布；出行链、等待时间和可达机会。需对照的具体条目：驾驶任务、道路条件与车辆状态","平均与一致性 / 速度与可达性","平均质量合格不保证每批都合格或过程稳定。 平均速度提高不保证更多人能到达需要的服务。 单项测试与实际交通工况不同，系统接口会改变表现。","false"
"vehicle-engineering-8","vehicle-engineering","车辆交通协作","vehicle-engineering-8","direction-case","车辆交通协作研究档案：车身结构、运动响应与使用任务；节点口径、边含义和缺失连接；出行链、等待时间和可达机会。需对照的具体条目：驾驶任务、道路条件与车辆状态；完整出行链、等待与目的地机会","关系与记录 / 速度与可达性","没有记录到连接不等于不存在关系，边的定义影响结构。 平均速度提高不保证更多人能到达需要的服务。 单项测试与实际交通工况不同，系统接口会改变表现。","false"
"vehicle-engineering-9","vehicle-engineering","车辆测试资料","vehicle-engineering-9","direction-case","车辆测试资料研究档案：车身结构、运动响应与使用任务；参考量、校准曲线和不确定性分项；出行链、等待时间和可达机会；参考依据、重复读数和误差分项。需对照的具体条目：驾驶任务、道路条件与车辆状态","精密与准确 / 速度与可达性","重复读数接近说明精密性，不能排除系统偏差。 平均速度提高不保证更多人能到达需要的服务。 单项测试与实际交通工况不同，系统接口会改变表现。","false"
"vehicle-engineering-10","vehicle-engineering","车辆数字模型","vehicle-engineering-10","direction-case","车辆数字模型研究档案：车身结构、运动响应与使用任务；出行链、等待时间和可达机会；模型边界、参数来源和验证情境；参数出处、边界条件和独立检验情境。需对照的具体条目：驾驶任务、道路条件与车辆状态；编码规则、平台入口与不可见记录","速度与可达性 / 拟合与检验","平均速度提高不保证更多人能到达需要的服务。 校准资料不能同时充当完全独立的验证资料。 单项测试与实际交通工况不同，系统接口会改变表现。","false"
"vehicle-engineering-11","vehicle-engineering","车辆工程史","vehicle-engineering-11","direction-case","车辆工程史研究档案：同时代记载与后期整理本的年代对照；相关领域文献对“车身结构、运动响应与使用任务”的用语与记录方式；同时代资料、后期整理和出处链。需对照的具体条目：驾驶任务、道路条件与车辆状态","记录与过去实践","留存资料受保存及整理选择影响，不是过去实践的完整镜像。","false"
"vehicle-engineering-12","vehicle-engineering","车辆可及性","vehicle-engineering-12","direction-case","车辆可及性研究档案：车身结构、运动响应与使用任务；出行链、等待时间和可达机会；任务完成、错误恢复和辅助条件；任务路径、迭代版本和错误恢复记录。需对照的具体条目：驾驶任务、道路条件与车辆状态","速度与可达性 / 完成与体验","平均速度提高不保证更多人能到达需要的服务。 完成率不能独立概括负担、可及性和错误恢复。 单项测试与实际交通工况不同，系统接口会改变表现。","false"
"chinese-philosophy-1","chinese-philosophy","先秦哲学","chinese-philosophy-1","direction-case","先秦哲学研究档案：关键段落、话语位置和相反解释；相关领域文献对“经典术语、注释传统与时期论争”的用语与记录方式；概念定义、论证前提和反例条件；原典用语、实践情境和注释传统。需对照的具体条目：原典年代、传世版本与论争语境","理由与结论 / 概念与传统","结论为真不意味着提供的理由足够，反例须满足原条件。 同一现代译词不证明不同传统具有相同概念。","false"
"chinese-philosophy-2","chinese-philosophy","经学哲学","chinese-philosophy-2","direction-case","经学哲学研究档案：关键段落、话语位置和相反解释；相关领域文献对“经典术语、注释传统与时期论争”的用语与记录方式；概念定义、论证前提和反例条件；原典用语、实践情境和注释传统。需对照的具体条目：经典章句、注疏层次与诠释传统","理由与结论 / 概念与传统","结论为真不意味着提供的理由足够，反例须满足原条件。 同一现代译词不证明不同传统具有相同概念。","false"
"chinese-philosophy-3","chinese-philosophy","宋明理学","chinese-philosophy-3","direction-case","宋明理学研究档案：经典术语、注释传统与时期论争；原典用语、实践情境和注释传统。需对照中国思想与经典解释中的定义、对象索引与适用条件","概念与传统","同一现代译词不证明不同传统具有相同概念。 后世注释可重构概念，不能直接当成早期原意。","false"
"chinese-philosophy-4","chinese-philosophy","中国近代哲学","chinese-philosophy-4","direction-case","中国近代哲学研究档案：同时代记载与后期整理本的年代对照；相关领域文献对“经典术语、注释传统与时期论争”的用语与记录方式；年代、出处和同时代对照；概念定义、论证前提和反例条件。需对照的具体条目：中文原典、制度时期与地方用语；时期划分、制度变化与同时代用语","当时与后来 / 理由与结论","后来形成的分类不能直接替代行动者当时使用的概念。 结论为真不意味着提供的理由足够，反例须满足原条件。","false"
"chinese-philosophy-5","chinese-philosophy","中国现代哲学","chinese-philosophy-5","direction-case","中国现代哲学研究档案：关键段落、话语位置和相反解释；相关领域文献对“经典术语、注释传统与时期论争”的用语与记录方式；年代、出处和同时代对照；概念定义、论证前提和反例条件。需对照的具体条目：中文原典、制度时期与地方用语；时期划分、制度变化与同时代用语","当时与后来 / 理由与结论","后来形成的分类不能直接替代行动者当时使用的概念。 结论为真不意味着提供的理由足够，反例须满足原条件。","false"
"chinese-philosophy-6","chinese-philosophy","道家哲学","chinese-philosophy-6","direction-case","道家哲学研究档案：关键段落、话语位置和相反解释；相关领域文献对“经典术语、注释传统与时期论争”的用语与记录方式；概念定义、论证前提和反例条件；原典用语、实践情境和注释传统。需对照的具体条目：原典用语、注释传统与实践情境；道家原典、术语用法与注解立场","理由与结论 / 概念与传统","结论为真不意味着提供的理由足够，反例须满足原条件。 同一现代译词不证明不同传统具有相同概念。","false"
"chinese-philosophy-7","chinese-philosophy","佛教哲学","chinese-philosophy-7","direction-case","佛教哲学研究档案：关键段落、话语位置和相反解释；相关领域文献对“经典术语、注释传统与时期论争”的用语与记录方式；概念定义、论证前提和反例条件；原典用语、实践情境和注释传统。需对照的具体条目：原典用语、注释传统与实践情境；佛教原典、译词层次与宗派语境","理由与结论 / 概念与传统","结论为真不意味着提供的理由足够，反例须满足原条件。 同一现代译词不证明不同传统具有相同概念。","false"
"chinese-philosophy-8","chinese-philosophy","儒家伦理","chinese-philosophy-8","direction-case","儒家伦理研究档案：行动者理由、利益负担与提出异议的记录；相关领域文献对“经典术语、注释传统与时期论争”的用语与记录方式；受益负担、行动理由和申诉机会；原典用语、实践情境和注释传统。需对照的具体条目：行动理由、受益负担与申诉机会；原典用语、注释传统与实践情境","描述与规范 / 概念与传统","多数偏好或事实描述不能独立证成规范结论。 同一现代译词不证明不同传统具有相同概念。","false"
"chinese-philosophy-9","chinese-philosophy","中国逻辑史","chinese-philosophy-9","direction-case","中国逻辑史研究档案：同时代记载与后期整理本的年代对照；相关领域文献对“经典术语、注释传统与时期论争”的用语与记录方式；年代、出处和同时代对照；同时代资料、后期整理和出处链。需对照的具体条目：中文原典、制度时期与地方用语","当时与后来 / 记录与过去实践","后来形成的分类不能直接替代行动者当时使用的概念。 留存资料受保存及整理选择影响，不是过去实践的完整镜像。","false"
"chinese-philosophy-10","chinese-philosophy","经典诠释","chinese-philosophy-10","direction-case","经典诠释研究档案：关键段落、话语位置和相反解释；相关领域文献对“经典术语、注释传统与时期论争”的用语与记录方式；底本出处、异文位置和编订层次。需对照中国思想与经典解释中的定义、对象索引与适用条件","原文与编订","后世编订和现代转写会改变可见文本，须保留版本链。","false"
"chinese-philosophy-11","chinese-philosophy","中西哲学比较","chinese-philosophy-11","direction-case","中西哲学比较研究档案：经典术语、注释传统与时期论争；概念定义、论证前提和反例条件；各方定义、资料来源和桥接规则。需对照中国思想与经典解释中的定义、对象索引与适用条件","理由与结论","结论为真不意味着提供的理由足够，反例须满足原条件。 后世注释可重构概念，不能直接当成早期原意。","false"
"chinese-philosophy-12","chinese-philosophy","中国哲学文献","chinese-philosophy-12","direction-case","中国哲学文献研究档案：逐页出处、底本差异和缺页索引；相关领域文献对“经典术语、注释传统与时期论争”的用语与记录方式；底本出处、异文位置和编订层次；概念定义、论证前提和反例条件。需对照的具体条目：中文原典、制度时期与地方用语","原文与编订 / 理由与结论","后世编订和现代转写会改变可见文本，须保留版本链。 结论为真不意味着提供的理由足够，反例须满足原条件。","false"
"western-philosophy-1","western-philosophy","古希腊哲学","western-philosophy-1","direction-case","古希腊哲学研究档案：关键段落、话语位置和相反解释；相关领域文献对“原典语境、译词差异与论证结构”的用语与记录方式；概念定义、论证前提和反例条件；原典用语、实践情境和注释传统。需对照的具体条目：古希腊原文、后世译本与城邦语境","理由与结论 / 概念与传统","结论为真不意味着提供的理由足够，反例须满足原条件。 同一现代译词不证明不同传统具有相同概念。","false"
"western-philosophy-2","western-philosophy","中世纪哲学","western-philosophy-2","direction-case","中世纪哲学研究档案：同时代记载与后期整理本的年代对照；相关领域文献对“原典语境、译词差异与论证结构”的用语与记录方式；年代、出处和同时代对照；概念定义、论证前提和反例条件。需对照的具体条目：同时代称谓、宗教制度与时期边界","当时与后来 / 理由与结论","后来形成的分类不能直接替代行动者当时使用的概念。 结论为真不意味着提供的理由足够，反例须满足原条件。","false"
"western-philosophy-3","western-philosophy","近代哲学","western-philosophy-3","direction-case","近代哲学研究档案：同时代记载与后期整理本的年代对照；相关领域文献对“原典语境、译词差异与论证结构”的用语与记录方式；年代、出处和同时代对照；概念定义、论证前提和反例条件。需对照的具体条目：时期划分、制度变化与同时代用语","当时与后来 / 理由与结论","后来形成的分类不能直接替代行动者当时使用的概念。 结论为真不意味着提供的理由足够，反例须满足原条件。","false"
"western-philosophy-4","western-philosophy","德国古典哲学","western-philosophy-4","direction-case","德国古典哲学研究档案：关键段落、话语位置和相反解释；相关领域文献对“原典语境、译词差异与论证结构”的用语与记录方式；概念定义、论证前提和反例条件。需对照的具体条目：原典传承、时代用语与后世注释","理由与结论","结论为真不意味着提供的理由足够，反例须满足原条件。","false"
"western-philosophy-5","western-philosophy","现象学","western-philosophy-5","direction-case","现象学研究档案：原典语境、译词差异与论证结构；原典用语、实践情境和注释传统。需对照哲学传统与概念变化中的定义、对象索引与适用条件","概念与传统","同一现代译词不证明不同传统具有相同概念。 相同译词可能对应不同哲学传统中的概念。","false"
"western-philosophy-6","western-philosophy","解释学","western-philosophy-6","direction-case","解释学研究档案：关键段落、话语位置和相反解释；相关领域文献对“原典语境、译词差异与论证结构”的用语与记录方式；概念定义、论证前提和反例条件；原典用语、实践情境和注释传统。需对照的具体条目：解释循环、前理解与文本抵抗","理由与结论 / 概念与传统","结论为真不意味着提供的理由足够，反例须满足原条件。 同一现代译词不证明不同传统具有相同概念。","false"
"western-philosophy-7","western-philosophy","实用主义","western-philosophy-7","direction-case","实用主义研究档案：原典语境、译词差异与论证结构；主张结构、经验例子和反对理由。需对照哲学传统与概念变化中的定义、对象索引与适用条件","例子与证成","例子可澄清概念，不能独立决定所有规范或形而上判断。 相同译词可能对应不同哲学传统中的概念。","false"
"western-philosophy-8","western-philosophy","分析哲学","western-philosophy-8","direction-case","分析哲学研究档案：关键段落、话语位置和相反解释；相关领域文献对“原典语境、译词差异与论证结构”的用语与记录方式；概念定义、论证前提和反例条件。需对照的具体条目：输入假设、测量或推导链与不确定性","理由与结论","结论为真不意味着提供的理由足够，反例须满足原条件。","false"
"western-philosophy-9","western-philosophy","美学原理","western-philosophy-9","direction-case","美学原理研究档案：原典语境、译词差异与论证结构；主张结构、经验例子和反对理由。需对照的具体条目：审美对象、经验描述与评价理由","例子与证成","例子可澄清概念，不能独立决定所有规范或形而上判断。 相同译词可能对应不同哲学传统中的概念。","false"
"western-philosophy-10","western-philosophy","艺术哲学","western-philosophy-10","direction-case","艺术哲学研究档案：关键段落、话语位置和相反解释；相关领域文献对“原典语境、译词差异与论证结构”的用语与记录方式；概念定义、论证前提和反例条件。需对照的具体条目：审美对象、经验描述与评价理由","理由与结论","结论为真不意味着提供的理由足够，反例须满足原条件。","false"
"western-philosophy-11","western-philosophy","审美经验","western-philosophy-11","direction-case","审美经验研究档案：原典语境、译词差异与论证结构；概念定义、论证前提和反例条件。需对照哲学传统与概念变化中的定义、对象索引与适用条件","理由与结论","结论为真不意味着提供的理由足够，反例须满足原条件。 相同译词可能对应不同哲学传统中的概念。","false"
"western-philosophy-12","western-philosophy","技术哲学","western-philosophy-12","direction-case","技术哲学研究档案：关键段落、话语位置和相反解释；相关领域文献对“原典语境、译词差异与论证结构”的用语与记录方式；概念定义、论证前提和反例条件。需对照的具体条目：工具版本、使用任务与适用承诺","理由与结论","结论为真不意味着提供的理由足够，反例须满足原条件。","false"
"tax-studies-1","tax-studies","税制比较","tax-studies-1","direction-case","税制比较研究档案：缴纳规则、价格调整与行为反应；法定支付、行为反应和最终负担；各方定义、资料来源和桥接规则。需对照的具体条目：法定支付、行为反应与最终负担；课税对象、征管条件与负担归宿","法定与经济负担","法定纳税者不一定承担全部最终经济负担。 法定缴纳主体不自动等于实际税负承担者。","false"
"tax-studies-2","tax-studies","企业税收资料","tax-studies-2","direction-case","企业税收资料研究档案：缴纳规则、价格调整与行为反应；选择集合、机会成本和价格条件；法定支付、行为反应和最终负担。需对照的具体条目：法定支付、行为反应与最终负担","观察选择与偏好 / 法定与经济负担","选择变化可以来自约束或可得方案，不一定是偏好改变。 法定纳税者不一定承担全部最终经济负担。 法定缴纳主体不自动等于实际税负承担者。","false"
"tax-studies-3","tax-studies","个人税收资料","tax-studies-3","direction-case","个人税收资料研究档案：缴纳规则、价格调整与行为反应；法定支付、行为反应和最终负担。需对照的具体条目：法定支付、行为反应与最终负担；所得口径、家庭条件与法定支付","法定与经济负担","法定纳税者不一定承担全部最终经济负担。 法定缴纳主体不自动等于实际税负承担者。","false"
"tax-studies-4","tax-studies","税收遵从","tax-studies-4","direction-case","税收遵从研究档案：缴纳规则、价格调整与行为反应；法定支付、行为反应和最终负担。需对照的具体条目：法定支付、行为反应与最终负担；申报规则、执行机会与行为反应","法定与经济负担","法定纳税者不一定承担全部最终经济负担。 法定缴纳主体不自动等于实际税负承担者。","false"
"tax-studies-5","tax-studies","税收公平","tax-studies-5","direction-case","税收公平研究档案：行动者理由、利益负担与提出异议的记录；相关领域文献对“缴纳规则、价格调整与行为反应”的用语与记录方式；受益负担、行动理由和申诉机会。需对照的具体条目：法定支付、行为反应与最终负担","描述与规范","多数偏好或事实描述不能独立证成规范结论。","false"
"tax-studies-6","tax-studies","税收归宿","tax-studies-6","direction-case","税收归宿研究档案：缴纳规则、价格调整与行为反应；法定支付、行为反应和最终负担。需对照的具体条目：法定支付、行为反应与最终负担；价格反应、市场约束与最终负担","法定与经济负担","法定纳税者不一定承担全部最终经济负担。 法定缴纳主体不自动等于实际税负承担者。","false"
"tax-studies-7","tax-studies","地方财政","tax-studies-7","direction-case","地方财政研究档案：缴纳规则、价格调整与行为反应；法定支付、行为反应和最终负担；计量单位、时间窗口和未计入的投入。需对照的具体条目：法定支付、行为反应与最终负担","法定与经济负担","法定纳税者不一定承担全部最终经济负担。 法定缴纳主体不自动等于实际税负承担者。","false"
"tax-studies-8","tax-studies","公共预算","tax-studies-8","direction-case","公共预算研究档案：缴纳规则、价格调整与行为反应；选择集合、机会成本和价格条件；需求、服务资格和未进入服务者；计量单位、时间窗口和未计入的投入。需对照税制与负担分配中的定义、对象索引与适用条件","观察选择与偏好 / 使用与需求","选择变化可以来自约束或可得方案，不一定是偏好改变。 服务使用量受供给和资格影响，不能单独表示需求。 法定缴纳主体不自动等于实际税负承担者。","false"
"tax-studies-9","tax-studies","税收数字化","tax-studies-9","direction-case","税收数字化研究档案：缴纳规则、价格调整与行为反应；法定支付、行为反应和最终负担；版本规则、对象索引和使用任务。需对照的具体条目：法定支付、行为反应与最终负担；编码规则、平台入口与不可见记录","法定与经济负担 / 记录与对象","法定纳税者不一定承担全部最终经济负担。 记录格式一致不保证对象相同，版本变化必须追溯。 法定缴纳主体不自动等于实际税负承担者。","false"
"tax-studies-10","tax-studies","税务服务评价","tax-studies-10","direction-case","税务服务评价研究档案：缴纳规则、价格调整与行为反应；法定支付、行为反应和最终负担；需求、服务资格和未进入服务者。需对照的具体条目：法定支付、行为反应与最终负担；服务资格、实际交付与未获服务者","法定与经济负担 / 使用与需求","法定纳税者不一定承担全部最终经济负担。 服务使用量受供给和资格影响，不能单独表示需求。 法定缴纳主体不自动等于实际税负承担者。","false"
"tax-studies-11","tax-studies","跨境税制资料","tax-studies-11","direction-case","跨境税制资料研究档案：缴纳规则、价格调整与行为反应；法定支付、行为反应和最终负担。需对照的具体条目：法定支付、行为反应与最终负担；课税对象、征管条件与负担归宿","法定与经济负担","法定纳税者不一定承担全部最终经济负担。 法定缴纳主体不自动等于实际税负承担者。","false"
"tax-studies-12","tax-studies","税收史","tax-studies-12","direction-case","税收史研究档案：同时代记载与后期整理本的年代对照；相关领域文献对“缴纳规则、价格调整与行为反应”的用语与记录方式；年代、出处和同时代对照；同时代资料、后期整理和出处链。需对照的具体条目：法定支付、行为反应与最终负担","当时与后来 / 记录与过去实践","后来形成的分类不能直接替代行动者当时使用的概念。 留存资料受保存及整理选择影响，不是过去实践的完整镜像。","false"
"insurance-studies-1","insurance-studies","寿险模型","insurance-studies-1","direction-case","寿险模型研究档案：暴露人数、赔付历程与合同范围；可得方案、行为反应和分配结果；参数出处、边界条件和独立检验情境。需对照的具体条目：死亡口径、时间范围与保单暴露","平均与分配","总体收益或均值变化不能说明每个人的负担都改善。 赔付多可源自暴露或保障范围，不能仅解释为风险升高。","false"
"insurance-studies-2","insurance-studies","非寿险模型","insurance-studies-2","direction-case","非寿险模型研究档案：暴露人数、赔付历程与合同范围；可得方案、行为反应和分配结果；参数出处、边界条件和独立检验情境。需对照的具体条目：死亡口径、时间范围与保单暴露；损失分布、免赔条件与赔付范围","平均与分配","总体收益或均值变化不能说明每个人的负担都改善。 赔付多可源自暴露或保障范围，不能仅解释为风险升高。","false"
"insurance-studies-3","insurance-studies","健康保险资料","insurance-studies-3","direction-case","健康保险资料研究档案：暴露人数、赔付历程与合同范围；计量时点、现金流口径和风险条件。需对照的具体条目：计量时点、现金流与风险背景；保障范围、服务使用与风险选择","价值与现金流","账面金额、市场价格和可实现现金流并不相同。 赔付多可源自暴露或保障范围，不能仅解释为风险升高。","false"
"insurance-studies-4","insurance-studies","再保险研究","insurance-studies-4","direction-case","再保险研究研究档案：暴露人数、赔付历程与合同范围；计量时点、现金流口径和风险条件。需对照的具体条目：计量时点、现金流与风险背景；分保条件、风险分配与损失边界","价值与现金流","账面金额、市场价格和可实现现金流并不相同。 赔付多可源自暴露或保障范围，不能仅解释为风险升高。","false"
"insurance-studies-5","insurance-studies","保险需求","insurance-studies-5","direction-case","保险需求研究档案：暴露人数、赔付历程与合同范围；选择集合、机会成本和价格条件；计量时点、现金流口径和风险条件；计量单位、时间窗口和未计入的投入。需对照的具体条目：计量时点、现金流与风险背景","观察选择与偏好 / 价值与现金流","选择变化可以来自约束或可得方案，不一定是偏好改变。 账面金额、市场价格和可实现现金流并不相同。 赔付多可源自暴露或保障范围，不能仅解释为风险升高。","false"
"insurance-studies-6","insurance-studies","保险定价资料","insurance-studies-6","direction-case","保险定价资料研究档案：暴露人数、赔付历程与合同范围；选择集合、机会成本和价格条件；计量时点、现金流口径和风险条件。需对照的具体条目：计量时点、现金流与风险背景","观察选择与偏好 / 价值与现金流","选择变化可以来自约束或可得方案，不一定是偏好改变。 账面金额、市场价格和可实现现金流并不相同。 赔付多可源自暴露或保障范围，不能仅解释为风险升高。","false"
"insurance-studies-7","insurance-studies","赔付资料","insurance-studies-7","direction-case","赔付资料研究档案：暴露人数、赔付历程与合同范围；计量时点、现金流口径和风险条件。需对照风险共担与赔付中的定义、对象索引与适用条件","价值与现金流","账面金额、市场价格和可实现现金流并不相同。 赔付多可源自暴露或保障范围，不能仅解释为风险升高。","false"
"insurance-studies-8","insurance-studies","保险风险","insurance-studies-8","direction-case","保险风险研究档案：暴露人数、赔付历程与合同范围；计量时点、现金流口径和风险条件。需对照的具体条目：计量时点、现金流与风险背景；危险条件、暴露对象与实际脆弱性","价值与现金流","账面金额、市场价格和可实现现金流并不相同。 赔付多可源自暴露或保障范围，不能仅解释为风险升高。","false"
"insurance-studies-9","insurance-studies","精算模型评价","insurance-studies-9","direction-case","精算模型评价研究档案：暴露人数、赔付历程与合同范围；计量时点、现金流口径和风险条件；参数出处、边界条件和独立检验情境。需对照风险共担与赔付中的定义、对象索引与适用条件","价值与现金流","账面金额、市场价格和可实现现金流并不相同。 赔付多可源自暴露或保障范围，不能仅解释为风险升高。","false"
"insurance-studies-10","insurance-studies","保险制度史","insurance-studies-10","direction-case","保险制度史研究档案：同时代记载与后期整理本的年代对照；相关领域文献对“暴露人数、赔付历程与合同范围”的用语与记录方式；年代、出处和同时代对照；同时代资料、后期整理和出处链。需对照的具体条目：计量时点、现金流与风险背景；条文来源、权限分配与执行差异","当时与后来 / 记录与过去实践","后来形成的分类不能直接替代行动者当时使用的概念。 留存资料受保存及整理选择影响，不是过去实践的完整镜像。","false"
"insurance-studies-11","insurance-studies","保险服务","insurance-studies-11","direction-case","保险服务研究档案：暴露人数、赔付历程与合同范围；计量时点、现金流口径和风险条件。需对照的具体条目：计量时点、现金流与风险背景；服务资格、理赔流程与未获赔者","价值与现金流","账面金额、市场价格和可实现现金流并不相同。 赔付多可源自暴露或保障范围，不能仅解释为风险升高。","false"
"insurance-studies-12","insurance-studies","长期照护保险","insurance-studies-12","direction-case","长期照护保险研究档案：暴露人数、赔付历程与合同范围；计量时点、现金流口径和风险条件；进入资格、观察窗口和退出去向。需对照的具体条目：实施时间线、交接信息与本人报告；计量时点、现金流与风险背景","价值与现金流","账面金额、市场价格和可实现现金流并不相同。 赔付多可源自暴露或保障范围，不能仅解释为风险升高。","false"
"asset-valuation-1","asset-valuation","企业价值评价","asset-valuation-1","direction-case","企业价值评价研究档案：估值假设、交易参照与资产权利；选择集合、机会成本和价格条件；受益负担、行动理由和申诉机会；计量单位、时间窗口和未计入的投入。需对照价值时点与比较中的定义、对象索引与适用条件","观察选择与偏好 / 描述与规范","选择变化可以来自约束或可得方案，不一定是偏好改变。 多数偏好或事实描述不能独立证成规范结论。 价值结论依赖时点和权利范围，估值不是恒定属性。","false"
"asset-valuation-2","asset-valuation","无形资产评价","asset-valuation-2","direction-case","无形资产评价研究档案：估值假设、交易参照与资产权利；计量时点、现金流口径和风险条件。需对照的具体条目：计量时点、现金流与风险背景；权利范围、收益来源与可比交易","价值与现金流","账面金额、市场价格和可实现现金流并不相同。 价值结论依赖时点和权利范围，估值不是恒定属性。","false"
"asset-valuation-3","asset-valuation","房地产评价","asset-valuation-3","direction-case","房地产评价研究档案：估值假设、交易参照与资产权利；可得方案、行为反应和分配结果。需对照的具体条目：区位条件、可比交易与价值时点","平均与分配","总体收益或均值变化不能说明每个人的负担都改善。 价值结论依赖时点和权利范围，估值不是恒定属性。","false"
"asset-valuation-4","asset-valuation","机器设备评价","asset-valuation-4","direction-case","机器设备评价研究档案：估值假设、交易参照与资产权利；责任边界、使用条件和资源约束。需对照价值时点与比较中的定义、对象索引与适用条件","声明与保障","声明达标不保证条件持续满足，需要可检查的运行记录。 价值结论依赖时点和权利范围，估值不是恒定属性。","false"
"asset-valuation-5","asset-valuation","金融资产评价","asset-valuation-5","direction-case","金融资产评价研究档案：估值假设、交易参照与资产权利；计量时点、现金流口径和风险条件。需对照的具体条目：计量时点、现金流与风险背景；现金流条件、市场价格与流动性","价值与现金流","账面金额、市场价格和可实现现金流并不相同。 价值结论依赖时点和权利范围，估值不是恒定属性。","false"
"asset-valuation-6","asset-valuation","文化资产评价","asset-valuation-6","direction-case","文化资产评价研究档案：估值假设、交易参照与资产权利；计量时点、现金流口径和风险条件。需对照的具体条目：计量时点、现金流与风险背景；实践语境、符号用法与传承位置","价值与现金流","账面金额、市场价格和可实现现金流并不相同。 价值结论依赖时点和权利范围，估值不是恒定属性。","false"
"asset-valuation-7","asset-valuation","评估方法比较","asset-valuation-7","direction-case","评估方法比较研究档案：估值假设、交易参照与资产权利；可得方案、行为反应和分配结果；各方定义、资料来源和桥接规则。需对照的具体条目：输入要求、适用前提与方法失败条件","平均与分配","总体收益或均值变化不能说明每个人的负担都改善。 价值结论依赖时点和权利范围，估值不是恒定属性。","false"
"asset-valuation-8","asset-valuation","价值时点","asset-valuation-8","direction-case","价值时点研究档案：估值假设、交易参照与资产权利；选择集合、机会成本和价格条件；受益负担、行动理由和申诉机会；计量单位、时间窗口和未计入的投入。需对照价值时点与比较中的定义、对象索引与适用条件","观察选择与偏好 / 描述与规范","选择变化可以来自约束或可得方案，不一定是偏好改变。 多数偏好或事实描述不能独立证成规范结论。 价值结论依赖时点和权利范围，估值不是恒定属性。","false"
"asset-valuation-9","asset-valuation","评估报告研究","asset-valuation-9","direction-case","评估报告研究研究档案：估值假设、交易参照与资产权利；可得方案、行为反应和分配结果。需对照的具体条目：报告假设、证据选择与使用目的","平均与分配","总体收益或均值变化不能说明每个人的负担都改善。 价值结论依赖时点和权利范围，估值不是恒定属性。","false"
"asset-valuation-10","asset-valuation","市场比较资料","asset-valuation-10","direction-case","市场比较资料研究档案：估值假设、交易参照与资产权利；选择集合、机会成本和价格条件；各方定义、资料来源和桥接规则。需对照价值时点与比较中的定义、对象索引与适用条件","观察选择与偏好","选择变化可以来自约束或可得方案，不一定是偏好改变。 价值结论依赖时点和权利范围，估值不是恒定属性。","false"
"asset-valuation-11","asset-valuation","评估不确定性","asset-valuation-11","direction-case","评估不确定性研究档案：估值假设、交易参照与资产权利；可得方案、行为反应和分配结果。需对照的具体条目：参数来源、情境区间与敏感性","平均与分配","总体收益或均值变化不能说明每个人的负担都改善。 价值结论依赖时点和权利范围，估值不是恒定属性。","false"
"asset-valuation-12","asset-valuation","评估职业研究","asset-valuation-12","direction-case","评估职业研究研究档案：估值假设、交易参照与资产权利；可得方案、行为反应和分配结果。需对照的具体条目：进入退出、工时与收入分布","平均与分配","总体收益或均值变化不能说明每个人的负担都改善。 价值结论依赖时点和权利范围，估值不是恒定属性。","false"
"digital-economy-1","digital-economy","平台经济","digital-economy-1","direction-case","平台经济研究档案：多边用户、算法规则与交易路径；选择集合、机会成本和价格条件；计量单位、时间窗口和未计入的投入。需对照的具体条目：推荐入口、排序条件与未曝光对象","观察选择与偏好","选择变化可以来自约束或可得方案，不一定是偏好改变。 平台流量、交易和福利之间需要区分。","false"
"digital-economy-2","digital-economy","数据要素研究","digital-economy-2","direction-case","数据要素研究研究档案：多边用户、算法规则与交易路径；可得方案、行为反应和分配结果。需对照平台与数字市场中的定义、对象索引与适用条件","平均与分配","总体收益或均值变化不能说明每个人的负担都改善。 平台流量、交易和福利之间需要区分。","false"
"digital-economy-3","digital-economy","数字劳动","digital-economy-3","direction-case","数字劳动研究档案：多边用户、算法规则与交易路径；对象进入、角色关系和机会结构；版本规则、对象索引和使用任务。需对照的具体条目：进入退出、工时与收入分布；编码规则、平台入口与不可见记录","个体与结构 / 记录与对象","个体选择受可得机会限制，观察到的行为不能仅归因于偏好。 记录格式一致不保证对象相同，版本变化必须追溯。 平台流量、交易和福利之间需要区分。","false"
"digital-economy-4","digital-economy","数字贸易","digital-economy-4","direction-case","数字贸易研究档案：多边用户、算法规则与交易路径；机会成本、贸易方向和价值增加；版本规则、对象索引和使用任务。需对照的具体条目：价值链位置、增加值与中间品重复；编码规则、平台入口与不可见记录","总值与增加值 / 记录与对象","跨境总值可能重复包含中间品，不能直接等同本地增加值。 记录格式一致不保证对象相同，版本变化必须追溯。 平台流量、交易和福利之间需要区分。","false"
"digital-economy-5","digital-economy","数字金融资料","digital-economy-5","direction-case","数字金融资料研究档案：多边用户、算法规则与交易路径；计量时点、现金流口径和风险条件；版本规则、对象索引和使用任务。需对照的具体条目：计量时点、现金流与风险背景；编码规则、平台入口与不可见记录","价值与现金流 / 记录与对象","账面金额、市场价格和可实现现金流并不相同。 记录格式一致不保证对象相同，版本变化必须追溯。 平台流量、交易和福利之间需要区分。","false"
"digital-economy-6","digital-economy","数字基础设施","digital-economy-6","direction-case","数字基础设施研究档案：多边用户、算法规则与交易路径；版本规则、对象索引和使用任务。需对照的具体条目：编码规则、平台入口与不可见记录","记录与对象","记录格式一致不保证对象相同，版本变化必须追溯。 平台流量、交易和福利之间需要区分。","false"
"digital-economy-7","digital-economy","算法与市场","digital-economy-7","direction-case","算法与市场研究档案：多边用户、算法规则与交易路径；选择集合、机会成本和价格条件。需对照的具体条目：推荐入口、排序条件与未曝光对象","观察选择与偏好","选择变化可以来自约束或可得方案，不一定是偏好改变。 平台流量、交易和福利之间需要区分。","false"
"digital-economy-8","digital-economy","数字消费","digital-economy-8","direction-case","数字消费研究档案：多边用户、算法规则与交易路径；选择集合、机会成本和价格条件；版本规则、对象索引和使用任务。需对照的具体条目：编码规则、平台入口与不可见记录；渠道机会、商品信息与购买条件","观察选择与偏好 / 记录与对象","选择变化可以来自约束或可得方案，不一定是偏好改变。 记录格式一致不保证对象相同，版本变化必须追溯。 平台流量、交易和福利之间需要区分。","false"
"digital-economy-9","digital-economy","企业数字化","digital-economy-9","direction-case","企业数字化研究档案：多边用户、算法规则与交易路径；选择集合、机会成本和价格条件；版本规则、对象索引和使用任务。需对照的具体条目：编码规则、平台入口与不可见记录；流程变更、记录覆盖与实际产出","观察选择与偏好 / 记录与对象","选择变化可以来自约束或可得方案，不一定是偏好改变。 记录格式一致不保证对象相同，版本变化必须追溯。 平台流量、交易和福利之间需要区分。","false"
"digital-economy-10","digital-economy","数字经济测度","digital-economy-10","direction-case","数字经济测度研究档案：多边用户、算法规则与交易路径；选择集合、机会成本和价格条件；版本规则、对象索引和使用任务；计量单位、时间窗口和未计入的投入。需对照的具体条目：编码规则、平台入口与不可见记录","观察选择与偏好 / 记录与对象","选择变化可以来自约束或可得方案，不一定是偏好改变。 记录格式一致不保证对象相同，版本变化必须追溯。 平台流量、交易和福利之间需要区分。","false"
"digital-economy-11","digital-economy","平台竞争","digital-economy-11","direction-case","平台竞争研究档案：多边用户、算法规则与交易路径；选择集合、机会成本和价格条件。需对照的具体条目：推荐入口、排序条件与未曝光对象；平台入口、双方网络与竞争条件","观察选择与偏好","选择变化可以来自约束或可得方案，不一定是偏好改变。 平台流量、交易和福利之间需要区分。","false"
"digital-economy-12","digital-economy","数字鸿沟","digital-economy-12","direction-case","数字鸿沟研究档案：多边用户、算法规则与交易路径；版本规则、对象索引和使用任务；可得方案、行为反应和分配结果。需对照的具体条目：编码规则、平台入口与不可见记录","记录与对象 / 平均与分配","记录格式一致不保证对象相同，版本变化必须追溯。 总体收益或均值变化不能说明每个人的负担都改善。 平台流量、交易和福利之间需要区分。","false"
"ethnology-studies-1","ethnology-studies","民族理论","ethnology-studies-1","direction-case","民族理论研究档案：地方身份、语言使用与传承过程；交往位置、叙述轮次和观察情境。需对照的具体条目：身份称谓、互动位置与传承实践","叙述与情境","相同问题在不同关系中可获得不同回答，差异不是天然的矛盾。 外部分类不自动代表参与者的自我认同。","false"
"ethnology-studies-2","ethnology-studies","民族历史","ethnology-studies-2","direction-case","民族历史研究档案：同时代记载与后期整理本的年代对照；相关领域文献对“地方身份、语言使用与传承过程”的用语与记录方式；年代、出处和同时代对照；交往位置、叙述轮次和观察情境。需对照的具体条目：身份称谓、互动位置与传承实践","当时与后来 / 叙述与情境","后来形成的分类不能直接替代行动者当时使用的概念。 相同问题在不同关系中可获得不同回答，差异不是天然的矛盾。","false"
"ethnology-studies-3","ethnology-studies","民族社会","ethnology-studies-3","direction-case","民族社会研究档案：地方身份、语言使用与传承过程；交往位置、叙述轮次和观察情境；对象进入、角色关系和机会结构。需对照的具体条目：身份称谓、互动位置与传承实践","叙述与情境 / 个体与结构","相同问题在不同关系中可获得不同回答，差异不是天然的矛盾。 个体选择受可得机会限制，观察到的行为不能仅归因于偏好。 外部分类不自动代表参与者的自我认同。","false"
"ethnology-studies-4","ethnology-studies","民族文化","ethnology-studies-4","direction-case","民族文化研究档案：地方身份、语言使用与传承过程；交往位置、叙述轮次和观察情境。需对照的具体条目：身份称谓、互动位置与传承实践；实践语境、符号用法与传承位置","叙述与情境","相同问题在不同关系中可获得不同回答，差异不是天然的矛盾。 外部分类不自动代表参与者的自我认同。","false"
"ethnology-studies-5","ethnology-studies","民族经济","ethnology-studies-5","direction-case","民族经济研究档案：地方身份、语言使用与传承过程；交往位置、叙述轮次和观察情境；计量单位、时间窗口和未计入的投入。需对照的具体条目：身份称谓、互动位置与传承实践","叙述与情境","相同问题在不同关系中可获得不同回答，差异不是天然的矛盾。 外部分类不自动代表参与者的自我认同。","false"
"ethnology-studies-6","ethnology-studies","族群关系","ethnology-studies-6","direction-case","族群关系研究档案：地方身份、语言使用与传承过程；对象进入、角色关系和机会结构。需对照的具体条目：身份称谓、互动位置与传承实践","个体与结构","个体选择受可得机会限制，观察到的行为不能仅归因于偏好。 外部分类不自动代表参与者的自我认同。","false"
"ethnology-studies-7","ethnology-studies","语言与社会","ethnology-studies-7","direction-case","语言与社会研究档案：地方身份、语言使用与传承过程；对象进入、角色关系和机会结构。需对照族群分类与文化实践中的定义、对象索引与适用条件","个体与结构","个体选择受可得机会限制，观察到的行为不能仅归因于偏好。 外部分类不自动代表参与者的自我认同。","false"
"ethnology-studies-8","ethnology-studies","民族地区教育","ethnology-studies-8","direction-case","民族地区教育研究档案：教学任务、学生作答与撤去帮助后的新题；相关领域文献对“地方身份、语言使用与传承过程”的用语与记录方式；任务目标、辅助条件和延迟表现。需对照的具体条目：身份称谓、互动位置与传承实践","表现与学习","当场完成可受辅助影响，撤去帮助后的迁移才回答另一类问题。","false"
"ethnology-studies-9","ethnology-studies","社区记忆","ethnology-studies-9","direction-case","社区记忆研究档案：逐轮对话、在场关系和沉默位置；相关领域文献对“地方身份、语言使用与传承过程”的用语与记录方式；交往位置、叙述轮次和观察情境；讲述时点、在场位置和其他来源。需对照的具体条目：进入机会、空间路径与地方制度；讲述时点、在场位置与重述框架；讲述资格、地方关系与记忆选择","叙述与情境 / 记忆与事件","相同问题在不同关系中可获得不同回答，差异不是天然的矛盾。 回忆同时记录过去经验和后来讲述的处境。","false"
"ethnology-studies-10","ethnology-studies","文化传承","ethnology-studies-10","direction-case","文化传承研究档案：地方身份、语言使用与传承过程；公开来源、传承角色和叙述层次。需对照的具体条目：实践语境、符号用法与传承位置","传承与重构","后来重构的故事不等于当时实践，需要保留来源与讲述者。 外部分类不自动代表参与者的自我认同。","false"
"ethnology-studies-11","ethnology-studies","民族志方法","ethnology-studies-11","direction-case","民族志方法研究档案：逐轮对话、在场关系和沉默位置；相关领域文献对“地方身份、语言使用与传承过程”的用语与记录方式；交往位置、叙述轮次和观察情境；法域、条文版本和事实要件。需对照的具体条目：身份称谓、互动位置与传承实践；输入要求、适用前提与方法失败条件","叙述与情境 / 规范与适用","相同问题在不同关系中可获得不同回答，差异不是天然的矛盾。 同名制度可能有不同要件，规范主张须与具体法域及版本对应。","false"
"ethnology-studies-12","ethnology-studies","民族学文献","ethnology-studies-12","direction-case","民族学文献研究档案：逐页出处、底本差异和缺页索引；相关领域文献对“地方身份、语言使用与传承过程”的用语与记录方式；底本出处、异文位置和编订层次；交往位置、叙述轮次和观察情境。需对照的具体条目：身份称谓、互动位置与传承实践","原文与编订 / 叙述与情境","后世编订和现代转写会改变可见文本，须保留版本链。 相同问题在不同关系中可获得不同回答，差异不是天然的矛盾。","false"
"marxism-studies-1","marxism-studies","马克思主义基本原理","marxism-studies-1","direction-case","马克思主义基本原理研究档案：经典版本、概念演变与社会问题；正式规则、实际执行和行为者立场。需对照的具体条目：原典命题、论证结构与适用语境","规则与运行","正式文本相同不保证执行资源和实践相同。 理论概念的使用须保留论证和历史语境。","false"
"marxism-studies-2","marxism-studies","马克思主义发展史","marxism-studies-2","direction-case","马克思主义发展史研究档案：同时代记载与后期整理本的年代对照；相关领域文献对“经典版本、概念演变与社会问题”的用语与记录方式；年代、出处和同时代对照；同时代资料、后期整理和出处链。需对照理论文本与历史问题中的定义、对象索引与适用条件","当时与后来 / 记录与过去实践","后来形成的分类不能直接替代行动者当时使用的概念。 留存资料受保存及整理选择影响，不是过去实践的完整镜像。","false"
"marxism-studies-3","marxism-studies","马克思主义中国化研究","marxism-studies-3","direction-case","马克思主义中国化研究研究档案：经典版本、概念演变与社会问题；正式规则、实际执行和行为者立场。需对照的具体条目：中文原典、制度时期与地方用语","规则与运行","正式文本相同不保证执行资源和实践相同。 理论概念的使用须保留论证和历史语境。","false"
"marxism-studies-4","marxism-studies","国外马克思主义研究","marxism-studies-4","direction-case","国外马克思主义研究研究档案：经典版本、概念演变与社会问题；正式规则、实际执行和行为者立场。需对照的具体条目：地区译介、理论分歧与语境差异","规则与运行","正式文本相同不保证执行资源和实践相同。 理论概念的使用须保留论证和历史语境。","false"
"marxism-studies-5","marxism-studies","思想政治教育","marxism-studies-5","direction-case","思想政治教育研究档案：教学任务、学生作答与撤去帮助后的新题；相关领域文献对“经典版本、概念演变与社会问题”的用语与记录方式；任务目标、辅助条件和延迟表现。需对照的具体条目：规则来源、执行条件与行动者立场","表现与学习","当场完成可受辅助影响，撤去帮助后的迁移才回答另一类问题。","false"
"marxism-studies-6","marxism-studies","中国近现代史基本问题","marxism-studies-6","direction-case","中国近现代史基本问题研究档案：同时代记载与后期整理本的年代对照；相关领域文献对“经典版本、概念演变与社会问题”的用语与记录方式；年代、出处和同时代对照；同时代资料、后期整理和出处链。需对照的具体条目：中文原典、制度时期与地方用语；时期划分、制度变化与同时代用语","当时与后来 / 记录与过去实践","后来形成的分类不能直接替代行动者当时使用的概念。 留存资料受保存及整理选择影响，不是过去实践的完整镜像。","false"
"marxism-studies-7","marxism-studies","经典文本研究","marxism-studies-7","direction-case","经典文本研究研究档案：逐页出处、底本差异和缺页索引；相关领域文献对“经典版本、概念演变与社会问题”的用语与记录方式；底本出处、异文位置和编订层次。需对照的具体条目：底本、原典段落与注释层次","原文与编订","后世编订和现代转写会改变可见文本，须保留版本链。","false"
"marxism-studies-8","marxism-studies","劳动与社会理论","marxism-studies-8","direction-case","劳动与社会理论研究档案：经典版本、概念演变与社会问题；对象进入、角色关系和机会结构。需对照的具体条目：进入退出、工时与收入分布","个体与结构","个体选择受可得机会限制，观察到的行为不能仅归因于偏好。 理论概念的使用须保留论证和历史语境。","false"
"marxism-studies-9","marxism-studies","意识形态理论史","marxism-studies-9","direction-case","意识形态理论史研究档案：同时代记载与后期整理本的年代对照；相关领域文献对“经典版本、概念演变与社会问题”的用语与记录方式；年代、出处和同时代对照；同时代资料、后期整理和出处链。需对照的具体条目：概念用法、社会位置与传播历程","当时与后来 / 记录与过去实践","后来形成的分类不能直接替代行动者当时使用的概念。 留存资料受保存及整理选择影响，不是过去实践的完整镜像。","false"
"marxism-studies-10","marxism-studies","理论传播","marxism-studies-10","direction-case","理论传播研究档案：经典版本、概念演变与社会问题；生产记录、传播路径和接触机会；公开文件、责任分配和资源约束。需对照的具体条目：信息入口、转述链与接触分母","接触与影响 / 公开记录与实践","看过材料不等于改变了态度，平台可见记录不代表全体受众。 公开记录受可披露性与编写目的影响，不等于全部实践。 理论概念的使用须保留论证和历史语境。","false"
"marxism-studies-11","marxism-studies","比较理论文本","marxism-studies-11","direction-case","比较理论文本研究档案：逐页出处、底本差异和缺页索引；相关领域文献对“经典版本、概念演变与社会问题”的用语与记录方式；底本出处、异文位置和编订层次。需对照的具体条目：双方术语、论争对象与可比属性","原文与编订","后世编订和现代转写会改变可见文本，须保留版本链。","false"
"marxism-studies-12","marxism-studies","理论教育研究","marxism-studies-12","direction-case","理论教育研究研究档案：教学任务、学生作答与撤去帮助后的新题；相关领域文献对“经典版本、概念演变与社会问题”的用语与记录方式；任务目标、辅助条件和延迟表现。需对照理论文本与历史问题中的定义、对象索引与适用条件","表现与学习","当场完成可受辅助影响，撤去帮助后的迁移才回答另一类问题。","false"
"police-studies-1","police-studies","公安学基础","police-studies-1","direction-case","公安学基础研究档案：公开服务流程、居民体验与组织制度；陈述来源、证明对象和程序条件。需对照的具体条目：公共职责、服务对象与制度依据","主张与证明","有陈述不等于已证明，应交代陈述能支持哪个事实。 机构指标不能直接代表居民体验或信任。","false"
"police-studies-2","police-studies","警务组织史","police-studies-2","direction-case","警务组织史研究档案：同时代记载与后期整理本的年代对照；相关领域文献对“公开服务流程、居民体验与组织制度”的用语与记录方式；年代、出处和同时代对照；陈述来源、证明对象和程序条件。需对照的具体条目：角色分工、资源联系与实际协调","当时与后来 / 主张与证明","后来形成的分类不能直接替代行动者当时使用的概念。 有陈述不等于已证明，应交代陈述能支持哪个事实。","false"
"police-studies-3","police-studies","社区警务研究","police-studies-3","direction-case","社区警务研究研究档案：公开服务流程、居民体验与组织制度；对象进入、角色关系和机会结构；陈述来源、证明对象和程序条件。需对照的具体条目：进入机会、空间路径与地方制度","个体与结构 / 主张与证明","个体选择受可得机会限制，观察到的行为不能仅归因于偏好。 有陈述不等于已证明，应交代陈述能支持哪个事实。 机构指标不能直接代表居民体验或信任。","false"
"police-studies-4","police-studies","警务公共服务","police-studies-4","direction-case","警务公共服务研究档案：公开服务流程、居民体验与组织制度；需求、服务资格和未进入服务者；陈述来源、证明对象和程序条件。需对照公共服务与组织关系中的定义、对象索引与适用条件","使用与需求 / 主张与证明","服务使用量受供给和资格影响，不能单独表示需求。 有陈述不等于已证明，应交代陈述能支持哪个事实。 机构指标不能直接代表居民体验或信任。","false"
"police-studies-5","police-studies","警务伦理","police-studies-5","direction-case","警务伦理研究档案：行动者理由、利益负担与提出异议的记录；相关领域文献对“公开服务流程、居民体验与组织制度”的用语与记录方式；受益负担、行动理由和申诉机会；陈述来源、证明对象和程序条件。需对照的具体条目：行动理由、受益负担与申诉机会","描述与规范 / 主张与证明","多数偏好或事实描述不能独立证成规范结论。 有陈述不等于已证明，应交代陈述能支持哪个事实。","false"
"police-studies-6","police-studies","公共安全感","police-studies-6","direction-case","公共安全感研究档案：公开服务流程、居民体验与组织制度；正式规则、实际执行和行为者立场；公开文件、责任分配和资源约束。需对照的具体条目：公开信号、相互解释与承诺兑现","规则与运行 / 公开记录与实践","正式文本相同不保证执行资源和实践相同。 公开记录受可披露性与编写目的影响，不等于全部实践。 机构指标不能直接代表居民体验或信任。","false"
"police-studies-7","police-studies","公安教育","police-studies-7","direction-case","公安教育研究档案：教学任务、学生作答与撤去帮助后的新题；相关领域文献对“公开服务流程、居民体验与组织制度”的用语与记录方式；任务目标、辅助条件和延迟表现。需对照公共服务与组织关系中的定义、对象索引与适用条件","表现与学习","当场完成可受辅助影响，撤去帮助后的迁移才回答另一类问题。","false"
"police-studies-8","police-studies","警务协作制度","police-studies-8","direction-case","警务协作制度研究档案：公开服务流程、居民体验与组织制度；节点口径、边含义和缺失连接；正式规则、实际执行和行为者立场；正式文本、执行条件与被排除的对象。需对照的具体条目：条文来源、权限分配与执行差异","关系与记录 / 规则与运行","没有记录到连接不等于不存在关系，边的定义影响结构。 正式文本相同不保证执行资源和实践相同。 机构指标不能直接代表居民体验或信任。","false"
"police-studies-9","police-studies","警务社会学","police-studies-9","direction-case","警务社会学研究档案：公开服务流程、居民体验与组织制度；对象进入、角色关系和机会结构；陈述来源、证明对象和程序条件。需对照公共服务与组织关系中的定义、对象索引与适用条件","个体与结构 / 主张与证明","个体选择受可得机会限制，观察到的行为不能仅归因于偏好。 有陈述不等于已证明，应交代陈述能支持哪个事实。 机构指标不能直接代表居民体验或信任。","false"
"police-studies-10","police-studies","警务资料质量","police-studies-10","direction-case","警务资料质量研究档案：公开服务流程、居民体验与组织制度；陈述来源、证明对象和程序条件；版本变更、异常记录和失败复核。需对照公共服务与组织关系中的定义、对象索引与适用条件","主张与证明","有陈述不等于已证明，应交代陈述能支持哪个事实。 机构指标不能直接代表居民体验或信任。","false"
"police-studies-11","police-studies","警务政策史","police-studies-11","direction-case","警务政策史研究档案：同时代记载与后期整理本的年代对照；相关领域文献对“公开服务流程、居民体验与组织制度”的用语与记录方式；年代、出处和同时代对照；陈述来源、证明对象和程序条件。需对照的具体条目：文本目标、执行资源与受影响范围","当时与后来 / 主张与证明","后来形成的分类不能直接替代行动者当时使用的概念。 有陈述不等于已证明，应交代陈述能支持哪个事实。","false"
"police-studies-12","police-studies","警民沟通研究","police-studies-12","direction-case","警民沟通研究研究档案：公开服务流程、居民体验与组织制度；陈述来源、证明对象和程序条件。需对照的具体条目：沟通入口、互动角色与信任条件","主张与证明","有陈述不等于已证明，应交代陈述能支持哪个事实。 机构指标不能直接代表居民体验或信任。","false"
"party-history-studies-1","party-history-studies","党史文献","party-history-studies-1","direction-case","党史文献研究档案：同时代记载与后期整理本的年代对照；相关领域文献对“组织层次、档案形成与口述回忆”的用语与记录方式；底本出处、异文位置和编订层次；年代、出处和同时代对照。需对照组织历史与文献中的定义、对象索引与适用条件","原文与编订 / 当时与后来","后世编订和现代转写会改变可见文本，须保留版本链。 后来形成的分类不能直接替代行动者当时使用的概念。","false"
"party-history-studies-2","party-history-studies","组织制度史","party-history-studies-2","direction-case","组织制度史研究档案：同时代记载与后期整理本的年代对照；相关领域文献对“组织层次、档案形成与口述回忆”的用语与记录方式；年代、出处和同时代对照；公开文件、责任分配和资源约束。需对照的具体条目：条文来源、权限分配与执行差异；角色分工、资源联系与实际协调","当时与后来 / 公开记录与实践","后来形成的分类不能直接替代行动者当时使用的概念。 公开记录受可披露性与编写目的影响，不等于全部实践。","false"
"party-history-studies-3","party-history-studies","地方党史","party-history-studies-3","direction-case","地方党史研究档案：同时代记载与后期整理本的年代对照；相关领域文献对“组织层次、档案形成与口述回忆”的用语与记录方式；年代、出处和同时代对照；同时代资料、后期整理和出处链。需对照的具体条目：地方来源、人物位置与时期关系","当时与后来 / 记录与过去实践","后来形成的分类不能直接替代行动者当时使用的概念。 留存资料受保存及整理选择影响，不是过去实践的完整镜像。","false"
"party-history-studies-4","party-history-studies","党建理论","party-history-studies-4","direction-case","党建理论研究档案：组织层次、档案形成与口述回忆；正式规则、实际执行和行为者立场。需对照组织历史与文献中的定义、对象索引与适用条件","规则与运行","正式文本相同不保证执行资源和实践相同。 地方记录和后出叙事需要分别确定适用范围。","false"
"party-history-studies-5","party-history-studies","基层组织研究","party-history-studies-5","direction-case","基层组织研究研究档案：组织层次、档案形成与口述回忆；对象进入、角色关系和机会结构；公开文件、责任分配和资源约束；正式文本、执行条件与被排除的对象。需对照的具体条目：角色分工、资源联系与实际协调","个体与结构 / 公开记录与实践","个体选择受可得机会限制，观察到的行为不能仅归因于偏好。 公开记录受可披露性与编写目的影响，不等于全部实践。 地方记录和后出叙事需要分别确定适用范围。","false"
"party-history-studies-6","party-history-studies","党史人物资料","party-history-studies-6","direction-case","党史人物资料研究档案：同时代记载与后期整理本的年代对照；相关领域文献对“组织层次、档案形成与口述回忆”的用语与记录方式；年代、出处和同时代对照；讲述时点、在场位置和其他来源。需对照组织历史与文献中的定义、对象索引与适用条件","当时与后来 / 记忆与事件","后来形成的分类不能直接替代行动者当时使用的概念。 回忆同时记录过去经验和后来讲述的处境。","false"
"party-history-studies-7","party-history-studies","党史口述资料","party-history-studies-7","direction-case","党史口述资料研究档案：同时代记载与后期整理本的年代对照；相关领域文献对“组织层次、档案形成与口述回忆”的用语与记录方式；年代、出处和同时代对照；交往位置、叙述轮次和观察情境。需对照的具体条目：讲述时点、在场位置与重述框架","当时与后来 / 叙述与情境","后来形成的分类不能直接替代行动者当时使用的概念。 相同问题在不同关系中可获得不同回答，差异不是天然的矛盾。","false"
"party-history-studies-8","party-history-studies","党史教育","party-history-studies-8","direction-case","党史教育研究档案：同时代记载与后期整理本的年代对照；相关领域文献对“组织层次、档案形成与口述回忆”的用语与记录方式；年代、出处和同时代对照；同时代资料、后期整理和出处链。需对照的具体条目：教学选材、史料依据与学习解释","当时与后来 / 记录与过去实践","后来形成的分类不能直接替代行动者当时使用的概念。 留存资料受保存及整理选择影响，不是过去实践的完整镜像。","false"
"party-history-studies-9","party-history-studies","党建传播","party-history-studies-9","direction-case","党建传播研究档案：组织层次、档案形成与口述回忆；正式规则、实际执行和行为者立场；生产记录、传播路径和接触机会。需对照的具体条目：信息入口、转述链与接触分母","规则与运行 / 接触与影响","正式文本相同不保证执行资源和实践相同。 看过材料不等于改变了态度，平台可见记录不代表全体受众。 地方记录和后出叙事需要分别确定适用范围。","false"
"party-history-studies-10","party-history-studies","制度比较资料","party-history-studies-10","direction-case","制度比较资料研究档案：组织层次、档案形成与口述回忆；年代、出处和同时代对照；正式规则、实际执行和行为者立场；正式文本、执行条件与被排除的对象。需对照的具体条目：条文来源、权限分配与执行差异","当时与后来 / 规则与运行","后来形成的分类不能直接替代行动者当时使用的概念。 正式文本相同不保证执行资源和实践相同。 地方记录和后出叙事需要分别确定适用范围。","false"
"party-history-studies-11","party-history-studies","党史档案整理","party-history-studies-11","direction-case","党史档案整理研究档案：同时代记载与后期整理本的年代对照；相关领域文献对“组织层次、档案形成与口述回忆”的用语与记录方式；底本出处、异文位置和编订层次；年代、出处和同时代对照。需对照的具体条目：形成机关、归档过程与缺件","原文与编订 / 当时与后来","后世编订和现代转写会改变可见文本，须保留版本链。 后来形成的分类不能直接替代行动者当时使用的概念。","false"
"party-history-studies-12","party-history-studies","党史学方法","party-history-studies-12","direction-case","党史学方法研究档案：同时代记载与后期整理本的年代对照；相关领域文献对“组织层次、档案形成与口述回忆”的用语与记录方式；年代、出处和同时代对照；法域、条文版本和事实要件。需对照的具体条目：输入要求、适用前提与方法失败条件","当时与后来 / 规范与适用","后来形成的分类不能直接替代行动者当时使用的概念。 同名制度可能有不同要件，规范主张须与具体法域及版本对应。","false"
"discipline-supervision-1","discipline-supervision","纪检监察理论","discipline-supervision-1","direction-case","纪检监察理论研究档案：制度版本、公开案例与整改记录；法域、条文版本和事实要件。需对照的具体条目：监督概念、权限边界与制度理由","规范与适用","同名制度可能有不同要件，规范主张须与具体法域及版本对应。 公开摘要可能缺少程序背景，不能替代完整事实。","false"
"discipline-supervision-2","discipline-supervision","监察制度史","discipline-supervision-2","direction-case","监察制度史研究档案：同时代记载与后期整理本的年代对照；相关领域文献对“制度版本、公开案例与整改记录”的用语与记录方式；年代、出处和同时代对照；法域、条文版本和事实要件。需对照的具体条目：条文来源、权限分配与执行差异","当时与后来 / 规范与适用","后来形成的分类不能直接替代行动者当时使用的概念。 同名制度可能有不同要件，规范主张须与具体法域及版本对应。","false"
"discipline-supervision-3","discipline-supervision","监察法学","discipline-supervision-3","direction-case","监察法学研究档案：规范版本、争议事实和适用要件；相关领域文献对“制度版本、公开案例与整改记录”的用语与记录方式；法域、条文版本和事实要件。需对照监督制度与公开程序中的定义、对象索引与适用条件","规范与适用","同名制度可能有不同要件，规范主张须与具体法域及版本对应。","false"
"discipline-supervision-4","discipline-supervision","监督制度比较","discipline-supervision-4","direction-case","监督制度比较研究档案：制度版本、公开案例与整改记录；年代、出处和同时代对照；法域、条文版本和事实要件；正式文本、执行条件与被排除的对象。需对照的具体条目：条文来源、权限分配与执行差异","当时与后来 / 规范与适用","后来形成的分类不能直接替代行动者当时使用的概念。 同名制度可能有不同要件，规范主张须与具体法域及版本对应。 公开摘要可能缺少程序背景，不能替代完整事实。","false"
"discipline-supervision-5","discipline-supervision","廉洁教育","discipline-supervision-5","direction-case","廉洁教育研究档案：教学任务、学生作答与撤去帮助后的新题；相关领域文献对“制度版本、公开案例与整改记录”的用语与记录方式；任务目标、辅助条件和延迟表现。需对照监督制度与公开程序中的定义、对象索引与适用条件","表现与学习","当场完成可受辅助影响，撤去帮助后的迁移才回答另一类问题。","false"
"discipline-supervision-6","discipline-supervision","监督组织研究","discipline-supervision-6","direction-case","监督组织研究研究档案：制度版本、公开案例与整改记录；对象进入、角色关系和机会结构；法域、条文版本和事实要件；正式文本、执行条件与被排除的对象。需对照的具体条目：角色分工、资源联系与实际协调","个体与结构 / 规范与适用","个体选择受可得机会限制，观察到的行为不能仅归因于偏好。 同名制度可能有不同要件，规范主张须与具体法域及版本对应。 公开摘要可能缺少程序背景，不能替代完整事实。","false"
"discipline-supervision-7","discipline-supervision","公开案例研究","discipline-supervision-7","direction-case","公开案例研究研究档案：制度版本、公开案例与整改记录；法域、条文版本和事实要件。需对照的具体条目：公开事实、删节位置与推断范围","规范与适用","同名制度可能有不同要件，规范主张须与具体法域及版本对应。 公开摘要可能缺少程序背景，不能替代完整事实。","false"
"discipline-supervision-8","discipline-supervision","监察程序研究","discipline-supervision-8","direction-case","监察程序研究研究档案：制度版本、公开案例与整改记录；法域、条文版本和事实要件。需对照的具体条目：程序节点、陈述机会与理由记录","规范与适用","同名制度可能有不同要件，规范主张须与具体法域及版本对应。 公开摘要可能缺少程序背景，不能替代完整事实。","false"
"discipline-supervision-9","discipline-supervision","监督评价资料","discipline-supervision-9","direction-case","监督评价资料研究档案：制度版本、公开案例与整改记录；法域、条文版本和事实要件。需对照的具体条目：评价定义、信息可得性与执行差异","规范与适用","同名制度可能有不同要件，规范主张须与具体法域及版本对应。 公开摘要可能缺少程序背景，不能替代完整事实。","false"
"discipline-supervision-10","discipline-supervision","制度执行研究","discipline-supervision-10","direction-case","制度执行研究研究档案：制度版本、公开案例与整改记录；正式规则、实际执行和行为者立场；公开文件、责任分配和资源约束；正式文本、执行条件与被排除的对象。需对照的具体条目：条文来源、权限分配与执行差异","规则与运行 / 公开记录与实践","正式文本相同不保证执行资源和实践相同。 公开记录受可披露性与编写目的影响，不等于全部实践。 公开摘要可能缺少程序背景，不能替代完整事实。","false"
"discipline-supervision-11","discipline-supervision","廉洁文化","discipline-supervision-11","direction-case","廉洁文化研究档案：行动者理由、利益负担与提出异议的记录；相关领域文献对“制度版本、公开案例与整改记录”的用语与记录方式；受益负担、行动理由和申诉机会。需对照的具体条目：实践语境、符号用法与传承位置","描述与规范","多数偏好或事实描述不能独立证成规范结论。","false"
"discipline-supervision-12","discipline-supervision","纪检监察文献","discipline-supervision-12","direction-case","纪检监察文献研究档案：逐页出处、底本差异和缺页索引；相关领域文献对“制度版本、公开案例与整改记录”的用语与记录方式；底本出处、异文位置和编订层次；法域、条文版本和事实要件。需对照监督制度与公开程序中的定义、对象索引与适用条件","原文与编订 / 规范与适用","后世编订和现代转写会改变可见文本，须保留版本链。 同名制度可能有不同要件，规范主张须与具体法域及版本对应。","false"
"social-work-studies-1","social-work-studies","社会工作理论","social-work-studies-1","direction-case","社会工作理论研究档案：服务目标、参与路径与授权范围；对象进入、角色关系和机会结构；需求、服务资格和未进入服务者。需对照的具体条目：需要概念、服务关系与干预理由","个体与结构 / 使用与需求","个体选择受可得机会限制，观察到的行为不能仅归因于偏好。 服务使用量受供给和资格影响，不能单独表示需求。 参与满意与服务实际改善不是同一结果。","false"
"social-work-studies-2","social-work-studies","个案工作研究","social-work-studies-2","direction-case","个案工作研究研究档案：服务目标、参与路径与授权范围；对象需求、服务资格和协作记录。需对照的具体条目：个体历程、服务计划与合作关系","需要与服务进入","被服务对象不代表全部有需要的人，进入条件影响评价。 参与满意与服务实际改善不是同一结果。","false"
"social-work-studies-3","social-work-studies","小组工作研究","social-work-studies-3","direction-case","小组工作研究研究档案：服务目标、参与路径与授权范围；对象需求、服务资格和协作记录。需对照的具体条目：成员进入、互动过程与小组目标","需要与服务进入","被服务对象不代表全部有需要的人，进入条件影响评价。 参与满意与服务实际改善不是同一结果。","false"
"social-work-studies-4","social-work-studies","社区工作研究","social-work-studies-4","direction-case","社区工作研究研究档案：服务目标、参与路径与授权范围；对象进入、角色关系和机会结构。需对照的具体条目：进入机会、空间路径与地方制度","个体与结构","个体选择受可得机会限制，观察到的行为不能仅归因于偏好。 参与满意与服务实际改善不是同一结果。","false"
"social-work-studies-5","social-work-studies","儿童与家庭服务","social-work-studies-5","direction-case","儿童与家庭服务研究档案：服务目标、参与路径与授权范围；对象进入、角色关系和机会结构。需对照的具体条目：亲属角色、家务分担与资源流动；发展阶段、照护关系与适龄任务","个体与结构","个体选择受可得机会限制，观察到的行为不能仅归因于偏好。 参与满意与服务实际改善不是同一结果。","false"
"social-work-studies-6","social-work-studies","老年社会服务","social-work-studies-6","direction-case","老年社会服务研究档案：服务目标、参与路径与授权范围；对象进入、角色关系和机会结构。需对照社会服务与参与中的定义、对象索引与适用条件","个体与结构","个体选择受可得机会限制，观察到的行为不能仅归因于偏好。 参与满意与服务实际改善不是同一结果。","false"
"social-work-studies-7","social-work-studies","社会工作教育","social-work-studies-7","direction-case","社会工作教育研究档案：教学任务、学生作答与撤去帮助后的新题；相关领域文献对“服务目标、参与路径与授权范围”的用语与记录方式；任务目标、辅助条件和延迟表现。需对照社会服务与参与中的定义、对象索引与适用条件","表现与学习","当场完成可受辅助影响，撤去帮助后的迁移才回答另一类问题。","false"
"social-work-studies-8","social-work-studies","社会服务评价","social-work-studies-8","direction-case","社会服务评价研究档案：服务目标、参与路径与授权范围；对象进入、角色关系和机会结构；需求、服务资格和未进入服务者。需对照的具体条目：服务资格、实际交付与未获服务者；目标需要、实际覆盖与退出对象","个体与结构 / 使用与需求","个体选择受可得机会限制，观察到的行为不能仅归因于偏好。 服务使用量受供给和资格影响，不能单独表示需求。 参与满意与服务实际改善不是同一结果。","false"
"social-work-studies-9","social-work-studies","社会工作伦理","social-work-studies-9","direction-case","社会工作伦理研究档案：行动者理由、利益负担与提出异议的记录；相关领域文献对“服务目标、参与路径与授权范围”的用语与记录方式；受益负担、行动理由和申诉机会。需对照的具体条目：行动理由、受益负担与申诉机会","描述与规范","多数偏好或事实描述不能独立证成规范结论。","false"
"social-work-studies-10","social-work-studies","社会组织协作","social-work-studies-10","direction-case","社会组织协作研究档案：服务目标、参与路径与授权范围；节点口径、边含义和缺失连接；对象进入、角色关系和机会结构；正式文本、执行条件与被排除的对象。需对照的具体条目：角色分工、资源联系与实际协调","关系与记录 / 个体与结构","没有记录到连接不等于不存在关系，边的定义影响结构。 个体选择受可得机会限制，观察到的行为不能仅归因于偏好。 参与满意与服务实际改善不是同一结果。","false"
"social-work-studies-11","social-work-studies","社会工作史","social-work-studies-11","direction-case","社会工作史研究档案：同时代记载与后期整理本的年代对照；相关领域文献对“服务目标、参与路径与授权范围”的用语与记录方式；年代、出处和同时代对照；同时代资料、后期整理和出处链。需对照社会服务与参与中的定义、对象索引与适用条件","当时与后来 / 记录与过去实践","后来形成的分类不能直接替代行动者当时使用的概念。 留存资料受保存及整理选择影响，不是过去实践的完整镜像。","false"
"social-work-studies-12","social-work-studies","服务可及性","social-work-studies-12","direction-case","服务可及性研究档案：服务目标、参与路径与授权范围；需求、服务资格和未进入服务者；任务路径、迭代版本和错误恢复记录。需对照社会服务与参与中的定义、对象索引与适用条件","使用与需求","服务使用量受供给和资格影响，不能单独表示需求。 参与满意与服务实际改善不是同一结果。","false"
"intellectual-property-1","intellectual-property","专利法研究","intellectual-property-1","direction-case","专利法研究研究档案：规范版本、争议事实和适用要件；相关领域文献对“权利要求、作品版本与许可范围”的用语与记录方式；法域、条文版本和事实要件；保护对象、权利范围和使用方式。需对照的具体条目：权利要求、技术特征与适用版本","规范与适用 / 对象与权利范围","同名制度可能有不同要件，规范主张须与具体法域及版本对应。 有作品或技术不等于所有使用行为都受同一权利控制。","false"
"intellectual-property-2","intellectual-property","著作权研究","intellectual-property-2","direction-case","著作权研究研究档案：规范版本、争议事实和适用要件；相关领域文献对“权利要求、作品版本与许可范围”的用语与记录方式；法域、条文版本和事实要件；保护对象、权利范围和使用方式。需对照的具体条目：作品表达、使用方式与许可条件","规范与适用 / 对象与权利范围","同名制度可能有不同要件，规范主张须与具体法域及版本对应。 有作品或技术不等于所有使用行为都受同一权利控制。","false"
"intellectual-property-3","intellectual-property","商标法研究","intellectual-property-3","direction-case","商标法研究研究档案：规范版本、争议事实和适用要件；相关领域文献对“权利要求、作品版本与许可范围”的用语与记录方式；法域、条文版本和事实要件；保护对象、权利范围和使用方式。需对照的具体条目：标志、使用场景与混淆判断条件","规范与适用 / 对象与权利范围","同名制度可能有不同要件，规范主张须与具体法域及版本对应。 有作品或技术不等于所有使用行为都受同一权利控制。","false"
"intellectual-property-4","intellectual-property","商业秘密制度","intellectual-property-4","direction-case","商业秘密制度研究档案：权利要求、作品版本与许可范围；保护对象、权利范围和使用方式；正式规则、实际执行和行为者立场；正式文本、执行条件与被排除的对象。需对照的具体条目：条文来源、权限分配与执行差异","对象与权利范围 / 规则与运行","有作品或技术不等于所有使用行为都受同一权利控制。 正式文本相同不保证执行资源和实践相同。 公开或署名不自动证明任意使用都获得许可。","false"
"intellectual-property-5","intellectual-property","知识产权史","intellectual-property-5","direction-case","知识产权史研究档案：同时代记载与后期整理本的年代对照；相关领域文献对“权利要求、作品版本与许可范围”的用语与记录方式；年代、出处和同时代对照；保护对象、权利范围和使用方式。需对照权利范围与作品技术中的定义、对象索引与适用条件","当时与后来 / 对象与权利范围","后来形成的分类不能直接替代行动者当时使用的概念。 有作品或技术不等于所有使用行为都受同一权利控制。","false"
"intellectual-property-6","intellectual-property","技术许可研究","intellectual-property-6","direction-case","技术许可研究研究档案：权利要求、作品版本与许可范围；法域、条文版本和事实要件。需对照的具体条目：工具版本、使用任务与适用承诺","规范与适用","同名制度可能有不同要件，规范主张须与具体法域及版本对应。 公开或署名不自动证明任意使用都获得许可。","false"
"intellectual-property-7","intellectual-property","文化版权研究","intellectual-property-7","direction-case","文化版权研究研究档案：权利要求、作品版本与许可范围；保护对象、权利范围和使用方式。需对照的具体条目：作品表达、使用方式与许可条件；实践语境、符号用法与传承位置","对象与权利范围","有作品或技术不等于所有使用行为都受同一权利控制。 公开或署名不自动证明任意使用都获得许可。","false"
"intellectual-property-8","intellectual-property","数字版权","intellectual-property-8","direction-case","数字版权研究档案：权利要求、作品版本与许可范围；保护对象、权利范围和使用方式。需对照的具体条目：作品表达、使用方式与许可条件；编码规则、平台入口与不可见记录","对象与权利范围","有作品或技术不等于所有使用行为都受同一权利控制。 公开或署名不自动证明任意使用都获得许可。","false"
"intellectual-property-9","intellectual-property","知识产权评价","intellectual-property-9","direction-case","知识产权评价研究档案：权利要求、作品版本与许可范围；保护对象、权利范围和使用方式。需对照的具体条目：权利范围、使用情境与评价目的","对象与权利范围","有作品或技术不等于所有使用行为都受同一权利控制。 公开或署名不自动证明任意使用都获得许可。","false"
"intellectual-property-10","intellectual-property","国际知识产权","intellectual-property-10","direction-case","国际知识产权研究档案：权利要求、作品版本与许可范围；保护对象、权利范围和使用方式；各方定义、资料来源和桥接规则。需对照的具体条目：地区制度、指标译法与比较资格","对象与权利范围","有作品或技术不等于所有使用行为都受同一权利控制。 公开或署名不自动证明任意使用都获得许可。","false"
"intellectual-property-11","intellectual-property","公共领域研究","intellectual-property-11","direction-case","公共领域研究研究档案：权利要求、作品版本与许可范围；保护对象、权利范围和使用方式。需对照的具体条目：权利期限、可用表达与使用限制","对象与权利范围","有作品或技术不等于所有使用行为都受同一权利控制。 公开或署名不自动证明任意使用都获得许可。","false"
"intellectual-property-12","intellectual-property","知识产权教育","intellectual-property-12","direction-case","知识产权教育研究档案：教学任务、学生作答与撤去帮助后的新题；相关领域文献对“权利要求、作品版本与许可范围”的用语与记录方式；任务目标、辅助条件和延迟表现。需对照权利范围与作品技术中的定义、对象索引与适用条件","表现与学习","当场完成可受辅助影响，撤去帮助后的迁移才回答另一类问题。","false"
"psychology-studies-1","psychology-studies","基础心理学","psychology-studies-1","direction-case","基础心理学研究档案：构念边界、任务条件与评分规则；任务版本、构念定义和状态条件。需对照的具体条目：任务版本、状态条件与构念定义；构念定义、任务版本与实验条件","分数与构念","任务分数并不直接等于完整心理构念，状态也可改变表现。 可靠评分不自动说明测到了预期构念。","false"
"psychology-studies-2","psychology-studies","认知心理学","psychology-studies-2","direction-case","认知心理学研究档案：构念边界、任务条件与评分规则；任务版本、构念定义和状态条件。需对照的具体条目：任务版本、状态条件与构念定义；任务难度、注意条件与策略选择","分数与构念","任务分数并不直接等于完整心理构念，状态也可改变表现。 可靠评分不自动说明测到了预期构念。","false"
"psychology-studies-3","psychology-studies","发展心理学","psychology-studies-3","direction-case","发展心理学研究档案：构念边界、任务条件与评分规则；任务版本、构念定义和状态条件。需对照的具体条目：任务版本、状态条件与构念定义；发展阶段、任务适龄性与观察历程","分数与构念","任务分数并不直接等于完整心理构念，状态也可改变表现。 可靠评分不自动说明测到了预期构念。","false"
"psychology-studies-4","psychology-studies","教育心理学","psychology-studies-4","direction-case","教育心理学研究档案：教学任务、学生作答与撤去帮助后的新题；相关领域文献对“构念边界、任务条件与评分规则”的用语与记录方式；任务目标、辅助条件和延迟表现；任务版本、构念定义和状态条件。需对照的具体条目：任务版本、状态条件与构念定义","表现与学习 / 分数与构念","当场完成可受辅助影响，撤去帮助后的迁移才回答另一类问题。 任务分数并不直接等于完整心理构念，状态也可改变表现。","false"
"psychology-studies-5","psychology-studies","社会心理学","psychology-studies-5","direction-case","社会心理学研究档案：构念边界、任务条件与评分规则；对象进入、角色关系和机会结构；任务版本、构念定义和状态条件。需对照的具体条目：任务版本、状态条件与构念定义","个体与结构 / 分数与构念","个体选择受可得机会限制，观察到的行为不能仅归因于偏好。 任务分数并不直接等于完整心理构念，状态也可改变表现。 可靠评分不自动说明测到了预期构念。","false"
"psychology-studies-6","psychology-studies","人格心理学","psychology-studies-6","direction-case","人格心理学研究档案：构念边界、任务条件与评分规则；任务版本、构念定义和状态条件。需对照的具体条目：任务版本、状态条件与构念定义；稳定差异、状态波动与量表口径","分数与构念","任务分数并不直接等于完整心理构念，状态也可改变表现。 可靠评分不自动说明测到了预期构念。","false"
"psychology-studies-7","psychology-studies","心理测量","psychology-studies-7","direction-case","心理测量研究档案：构念边界、任务条件与评分规则；任务版本、构念定义和状态条件；参考依据、重复读数和误差分项。需对照的具体条目：任务版本、状态条件与构念定义","分数与构念","任务分数并不直接等于完整心理构念，状态也可改变表现。 可靠评分不自动说明测到了预期构念。","false"
"psychology-studies-8","psychology-studies","心理统计","psychology-studies-8","direction-case","心理统计研究档案：构念边界、任务条件与评分规则；任务版本、构念定义和状态条件。需对照的具体条目：任务版本、状态条件与构念定义；独立单位、测量误差与模型条件","分数与构念","任务分数并不直接等于完整心理构念，状态也可改变表现。 可靠评分不自动说明测到了预期构念。","false"
"psychology-studies-9","psychology-studies","组织心理学","psychology-studies-9","direction-case","组织心理学研究档案：构念边界、任务条件与评分规则；对象进入、角色关系和机会结构；任务版本、构念定义和状态条件；正式文本、执行条件与被排除的对象。需对照的具体条目：任务版本、状态条件与构念定义；角色分工、资源联系与实际协调","个体与结构 / 分数与构念","个体选择受可得机会限制，观察到的行为不能仅归因于偏好。 任务分数并不直接等于完整心理构念，状态也可改变表现。 可靠评分不自动说明测到了预期构念。","false"
"psychology-studies-10","psychology-studies","健康心理资料","psychology-studies-10","direction-case","健康心理资料研究档案：构念边界、任务条件与评分规则；任务版本、构念定义和状态条件。需对照的具体条目：任务版本、状态条件与构念定义；应对情境、心理负担与生活功能","分数与构念","任务分数并不直接等于完整心理构念，状态也可改变表现。 可靠评分不自动说明测到了预期构念。","false"
"psychology-studies-11","psychology-studies","咨询过程研究","psychology-studies-11","direction-case","咨询过程研究研究档案：构念边界、任务条件与评分规则；任务版本、构念定义和状态条件；时间戳、状态阶段和变化前后的并列记录。需对照心理任务与测量解释中的定义、对象索引与适用条件","分数与构念","任务分数并不直接等于完整心理构念，状态也可改变表现。 可靠评分不自动说明测到了预期构念。","false"
"psychology-studies-12","psychology-studies","心理学史","psychology-studies-12","direction-case","心理学史研究档案：同时代记载与后期整理本的年代对照；相关领域文献对“构念边界、任务条件与评分规则”的用语与记录方式；年代、出处和同时代对照；同时代资料、后期整理和出处链。需对照的具体条目：任务版本、状态条件与构念定义","当时与后来 / 记录与过去实践","后来形成的分类不能直接替代行动者当时使用的概念。 留存资料受保存及整理选择影响，不是过去实践的完整镜像。","false"
"sport-studies-1","sport-studies","体育人文社会学","sport-studies-1","direction-case","体育人文社会学研究档案：参与范围、运动暴露与技能评价；对象进入、角色关系和机会结构；训练暴露、恢复阶段和任务表现。需对照的具体条目：训练暴露、恢复阶段与测试熟悉","个体与结构 / 训练与测试","个体选择受可得机会限制，观察到的行为不能仅归因于偏好。 测试进步可能含熟悉效应，训练效果需要暴露与恢复背景。 竞技表现、健康收益与公平参与是不同目标。","false"
"sport-studies-2","sport-studies","运动人体科学","sport-studies-2","direction-case","运动人体科学研究档案：参与范围、运动暴露与技能评价；训练暴露、恢复阶段和任务表现。需对照的具体条目：训练暴露、恢复阶段与测试熟悉；生理状态、运动负荷与恢复条件","训练与测试","测试进步可能含熟悉效应，训练效果需要暴露与恢复背景。 竞技表现、健康收益与公平参与是不同目标。","false"
"sport-studies-3","sport-studies","体育教育训练学","sport-studies-3","direction-case","体育教育训练学研究档案：教学任务、学生作答与撤去帮助后的新题；相关领域文献对“参与范围、运动暴露与技能评价”的用语与记录方式；任务目标、辅助条件和延迟表现。需对照的具体条目：训练暴露、恢复阶段与测试熟悉","表现与学习","当场完成可受辅助影响，撤去帮助后的迁移才回答另一类问题。","false"
"sport-studies-4","sport-studies","民族传统体育学","sport-studies-4","direction-case","民族传统体育学研究档案：同时代记载与后期整理本的年代对照；相关领域文献对“参与范围、运动暴露与技能评价”的用语与记录方式；年代、出处和同时代对照；交往位置、叙述轮次和观察情境。需对照的具体条目：身份称谓、互动位置与传承实践；训练暴露、恢复阶段与测试熟悉","当时与后来 / 叙述与情境","后来形成的分类不能直接替代行动者当时使用的概念。 相同问题在不同关系中可获得不同回答，差异不是天然的矛盾。","false"
"sport-studies-5","sport-studies","运动学习","sport-studies-5","direction-case","运动学习研究档案：参与范围、运动暴露与技能评价；任务目标、辅助条件和延迟表现；训练暴露、恢复阶段和任务表现。需对照的具体条目：目标任务、辅助条件与延迟迁移；训练暴露、恢复阶段与测试熟悉","表现与学习 / 训练与测试","当场完成可受辅助影响，撤去帮助后的迁移才回答另一类问题。 测试进步可能含熟悉效应，训练效果需要暴露与恢复背景。 竞技表现、健康收益与公平参与是不同目标。","false"
"sport-studies-6","sport-studies","运动心理资料","sport-studies-6","direction-case","运动心理资料研究档案：参与范围、运动暴露与技能评价；任务版本、构念定义和状态条件；训练暴露、恢复阶段和任务表现。需对照的具体条目：任务版本、状态条件与构念定义；训练暴露、恢复阶段与测试熟悉","分数与构念 / 训练与测试","任务分数并不直接等于完整心理构念，状态也可改变表现。 测试进步可能含熟悉效应，训练效果需要暴露与恢复背景。 竞技表现、健康收益与公平参与是不同目标。","false"
"sport-studies-7","sport-studies","体育课程","sport-studies-7","direction-case","体育课程研究档案：教学任务、学生作答与撤去帮助后的新题；相关领域文献对“参与范围、运动暴露与技能评价”的用语与记录方式；任务目标、辅助条件和延迟表现。需对照的具体条目：目标任务、辅助条件与延迟迁移；训练暴露、恢复阶段与测试熟悉","表现与学习","当场完成可受辅助影响，撤去帮助后的迁移才回答另一类问题。","false"
"sport-studies-8","sport-studies","大众体育","sport-studies-8","direction-case","大众体育研究档案：参与范围、运动暴露与技能评价；训练暴露、恢复阶段和任务表现。需对照的具体条目：训练暴露、恢复阶段与测试熟悉；参与机会、活动目标与未参与者","训练与测试","测试进步可能含熟悉效应，训练效果需要暴露与恢复背景。 竞技表现、健康收益与公平参与是不同目标。","false"
"sport-studies-9","sport-studies","适应体育","sport-studies-9","direction-case","适应体育研究档案：参与范围、运动暴露与技能评价；训练暴露、恢复阶段和任务表现。需对照的具体条目：训练暴露、恢复阶段与测试熟悉；支持需要、实际参与与环境障碍","训练与测试","测试进步可能含熟悉效应，训练效果需要暴露与恢复背景。 竞技表现、健康收益与公平参与是不同目标。","false"
"sport-studies-10","sport-studies","体育赛事研究","sport-studies-10","direction-case","体育赛事研究研究档案：参与范围、运动暴露与技能评价；训练暴露、恢复阶段和任务表现。需对照的具体条目：训练暴露、恢复阶段与测试熟悉；赛事规则、参与资格与观众体验","训练与测试","测试进步可能含熟悉效应，训练效果需要暴露与恢复背景。 竞技表现、健康收益与公平参与是不同目标。","false"
"sport-studies-11","sport-studies","运动测量","sport-studies-11","direction-case","运动测量研究档案：参与范围、运动暴露与技能评价；训练暴露、恢复阶段和任务表现；参考依据、重复读数和误差分项。需对照的具体条目：训练暴露、恢复阶段与测试熟悉","训练与测试","测试进步可能含熟悉效应，训练效果需要暴露与恢复背景。 竞技表现、健康收益与公平参与是不同目标。","false"
"sport-studies-12","sport-studies","体育史","sport-studies-12","direction-case","体育史研究档案：同时代记载与后期整理本的年代对照；相关领域文献对“参与范围、运动暴露与技能评价”的用语与记录方式；年代、出处和同时代对照；同时代资料、后期整理和出处链。需对照的具体条目：训练暴露、恢复阶段与测试熟悉","当时与后来 / 记录与过去实践","后来形成的分类不能直接替代行动者当时使用的概念。 留存资料受保存及整理选择影响，不是过去实践的完整镜像。","false"
"chinese-education-1","chinese-education","中文作为第二语言","chinese-education-1","direction-case","中文作为第二语言研究档案：母语背景、学习阶段与交际任务；发音或语境片段、形式对照和说话者背景。需对照的具体条目：中文原典、制度时期与地方用语","形式与功能","相同形式在不同语境可实现不同交际功能。 课堂表现不能无条件外推真实生活交际。","false"
"chinese-education-2","chinese-education","中文教学设计","chinese-education-2","direction-case","中文教学设计研究档案：教学任务、学生作答与撤去帮助后的新题；相关领域文献对“母语背景、学习阶段与交际任务”的用语与记录方式；任务目标、辅助条件和延迟表现。需对照的具体条目：目标任务、辅助条件与延迟迁移；中文原典、制度时期与地方用语；目标对齐、活动顺序与评价任务","表现与学习","当场完成可受辅助影响，撤去帮助后的迁移才回答另一类问题。","false"
"chinese-education-3","chinese-education","国际中文教材","chinese-education-3","direction-case","国际中文教材研究档案：教学任务、学生作答与撤去帮助后的新题；相关领域文献对“母语背景、学习阶段与交际任务”的用语与记录方式；任务目标、辅助条件和延迟表现。需对照的具体条目：中文原典、制度时期与地方用语；地区制度、指标译法与比较资格","表现与学习","当场完成可受辅助影响，撤去帮助后的迁移才回答另一类问题。","false"
"chinese-education-4","chinese-education","汉字学习","chinese-education-4","direction-case","汉字学习研究档案：母语背景、学习阶段与交际任务；任务目标、辅助条件和延迟表现；发音或语境片段、形式对照和说话者背景。需对照的具体条目：目标任务、辅助条件与延迟迁移","表现与学习 / 形式与功能","当场完成可受辅助影响，撤去帮助后的迁移才回答另一类问题。 相同形式在不同语境可实现不同交际功能。 课堂表现不能无条件外推真实生活交际。","false"
"chinese-education-5","chinese-education","中文语音教学","chinese-education-5","direction-case","中文语音教学研究档案：教学任务、学生作答与撤去帮助后的新题；相关领域文献对“母语背景、学习阶段与交际任务”的用语与记录方式；任务目标、辅助条件和延迟表现；发音或语境片段、形式对照和说话者背景。需对照的具体条目：录音条件、最小对立与发音位置；目标任务、辅助条件与延迟迁移；中文原典、制度时期与地方用语","表现与学习 / 形式与功能","当场完成可受辅助影响，撤去帮助后的迁移才回答另一类问题。 相同形式在不同语境可实现不同交际功能。","false"
"chinese-education-6","chinese-education","课堂互动","chinese-education-6","direction-case","课堂互动研究档案：母语背景、学习阶段与交际任务；学习机会、互动角色和环境支持。需对照中文学习与使用中的定义、对象索引与适用条件","参与与完成","提供资源不保证获得参与机会，完成任务也不保证归属感。 课堂表现不能无条件外推真实生活交际。","false"
"chinese-education-7","chinese-education","中文学习评价","chinese-education-7","direction-case","中文学习评价研究档案：母语背景、学习阶段与交际任务；任务目标、辅助条件和延迟表现。需对照的具体条目：叙述声音、关键片段与版本语境；目标任务、辅助条件与延迟迁移；中文原典、制度时期与地方用语；目标构念、任务难度与评分规则","表现与学习","当场完成可受辅助影响，撤去帮助后的迁移才回答另一类问题。 课堂表现不能无条件外推真实生活交际。","false"
"chinese-education-8","chinese-education","跨文化教学","chinese-education-8","direction-case","跨文化教学研究档案：教学任务、学生作答与撤去帮助后的新题；相关领域文献对“母语背景、学习阶段与交际任务”的用语与记录方式；任务目标、辅助条件和延迟表现。需对照的具体条目：目标任务、辅助条件与延迟迁移；实践语境、符号用法与传承位置","表现与学习","当场完成可受辅助影响，撤去帮助后的迁移才回答另一类问题。","false"
"chinese-education-9","chinese-education","中文教师发展","chinese-education-9","direction-case","中文教师发展研究档案：教学任务、学生作答与撤去帮助后的新题；相关领域文献对“母语背景、学习阶段与交际任务”的用语与记录方式；任务目标、辅助条件和延迟表现。需对照的具体条目：中文原典、制度时期与地方用语；反馈时点、专业判断与课堂条件","表现与学习","当场完成可受辅助影响，撤去帮助后的迁移才回答另一类问题。","false"
"chinese-education-10","chinese-education","在线中文教育","chinese-education-10","direction-case","在线中文教育研究档案：教学任务、学生作答与撤去帮助后的新题；相关领域文献对“母语背景、学习阶段与交际任务”的用语与记录方式；任务目标、辅助条件和延迟表现。需对照的具体条目：中文原典、制度时期与地方用语","表现与学习","当场完成可受辅助影响，撤去帮助后的迁移才回答另一类问题。","false"
"chinese-education-11","chinese-education","学习者语料","chinese-education-11","direction-case","学习者语料研究档案：母语背景、学习阶段与交际任务；任务目标、辅助条件和延迟表现。需对照的具体条目：目标任务、辅助条件与延迟迁移","表现与学习","当场完成可受辅助影响，撤去帮助后的迁移才回答另一类问题。 课堂表现不能无条件外推真实生活交际。","false"
"chinese-education-12","chinese-education","国际中文教育史","chinese-education-12","direction-case","国际中文教育史研究档案：同时代记载与后期整理本的年代对照；相关领域文献对“母语背景、学习阶段与交际任务”的用语与记录方式；年代、出处和同时代对照；同时代资料、后期整理和出处链。需对照的具体条目：中文原典、制度时期与地方用语；地区制度、指标译法与比较资格","当时与后来 / 记录与过去实践","后来形成的分类不能直接替代行动者当时使用的概念。 留存资料受保存及整理选择影响，不是过去实践的完整镜像。","false"
"publishing-studies-1","publishing-studies","出版史","publishing-studies-1","direction-case","出版史研究档案：同时代记载与后期整理本的年代对照；相关领域文献对“校样、授权链与读者使用”的用语与记录方式；年代、出处和同时代对照；生产记录、传播路径和接触机会。需对照出版版本与传播中的定义、对象索引与适用条件","当时与后来 / 接触与影响","后来形成的分类不能直接替代行动者当时使用的概念。 看过材料不等于改变了态度，平台可见记录不代表全体受众。","false"
"publishing-studies-2","publishing-studies","编辑学","publishing-studies-2","direction-case","编辑学研究档案：校样、授权链与读者使用；生产记录、传播路径和接触机会。需对照的具体条目：稿件版本、编辑选择与读者任务","接触与影响","看过材料不等于改变了态度，平台可见记录不代表全体受众。 出版定稿、传播规模与阅读理解是不同层次。","false"
"publishing-studies-3","publishing-studies","学术出版","publishing-studies-3","direction-case","学术出版研究档案：校样、授权链与读者使用；生产记录、传播路径和接触机会。需对照的具体条目：审稿流程、证据表达与传播范围","接触与影响","看过材料不等于改变了态度，平台可见记录不代表全体受众。 出版定稿、传播规模与阅读理解是不同层次。","false"
"publishing-studies-4","publishing-studies","数字出版","publishing-studies-4","direction-case","数字出版研究档案：校样、授权链与读者使用；生产记录、传播路径和接触机会。需对照的具体条目：编码规则、平台入口与不可见记录","接触与影响","看过材料不等于改变了态度，平台可见记录不代表全体受众。 出版定稿、传播规模与阅读理解是不同层次。","false"
"publishing-studies-5","publishing-studies","出版版权","publishing-studies-5","direction-case","出版版权研究档案：校样、授权链与读者使用；保护对象、权利范围和使用方式；生产记录、传播路径和接触机会。需对照的具体条目：作品表达、使用方式与许可条件","对象与权利范围 / 接触与影响","有作品或技术不等于所有使用行为都受同一权利控制。 看过材料不等于改变了态度，平台可见记录不代表全体受众。 出版定稿、传播规模与阅读理解是不同层次。","false"
"publishing-studies-6","publishing-studies","出版经营资料","publishing-studies-6","direction-case","出版经营资料研究档案：校样、授权链与读者使用；生产记录、传播路径和接触机会。需对照的具体条目：成本条目、销售渠道与读者覆盖","接触与影响","看过材料不等于改变了态度，平台可见记录不代表全体受众。 出版定稿、传播规模与阅读理解是不同层次。","false"
"publishing-studies-7","publishing-studies","读者研究","publishing-studies-7","direction-case","读者研究研究档案：校样、授权链与读者使用；材料选择、阅读路径和受众理解。需对照出版版本与传播中的定义、对象索引与适用条件","展示与理解","展签清楚不意味着所有观众理解相同，需检查实际阅读路径。 出版定稿、传播规模与阅读理解是不同层次。","false"
"publishing-studies-8","publishing-studies","出版伦理","publishing-studies-8","direction-case","出版伦理研究档案：行动者理由、利益负担与提出异议的记录；相关领域文献对“校样、授权链与读者使用”的用语与记录方式；生产记录、传播路径和接触机会；受益负担、行动理由和申诉机会。需对照的具体条目：行动理由、受益负担与申诉机会","接触与影响 / 描述与规范","看过材料不等于改变了态度，平台可见记录不代表全体受众。 多数偏好或事实描述不能独立证成规范结论。","false"
"publishing-studies-9","publishing-studies","图书设计研究","publishing-studies-9","direction-case","图书设计研究研究档案：校样、授权链与读者使用；材料选择、阅读路径和受众理解；任务路径、迭代版本和错误恢复记录。需对照出版版本与传播中的定义、对象索引与适用条件","展示与理解","展签清楚不意味着所有观众理解相同，需检查实际阅读路径。 出版定稿、传播规模与阅读理解是不同层次。","false"
"publishing-studies-10","publishing-studies","出版技术评价","publishing-studies-10","direction-case","出版技术评价研究档案：校样、授权链与读者使用；生产记录、传播路径和接触机会。需对照的具体条目：工具版本、使用任务与适用承诺","接触与影响","看过材料不等于改变了态度，平台可见记录不代表全体受众。 出版定稿、传播规模与阅读理解是不同层次。","false"
"publishing-studies-11","publishing-studies","出版教育","publishing-studies-11","direction-case","出版教育研究档案：教学任务、学生作答与撤去帮助后的新题；相关领域文献对“校样、授权链与读者使用”的用语与记录方式；任务目标、辅助条件和延迟表现。需对照出版版本与传播中的定义、对象索引与适用条件","表现与学习","当场完成可受辅助影响，撤去帮助后的迁移才回答另一类问题。","false"
"publishing-studies-12","publishing-studies","出版公共服务","publishing-studies-12","direction-case","出版公共服务研究档案：校样、授权链与读者使用；生产记录、传播路径和接触机会。需对照的具体条目：服务门槛、资源可得性与未获服务者","接触与影响","看过材料不等于改变了态度，平台可见记录不代表全体受众。 出版定稿、传播规模与阅读理解是不同层次。","false"
"museum-studies-1","museum-studies","博物馆学","museum-studies-1","direction-case","博物馆学研究档案：公开来源、展陈取舍与观众提出的问题；相关领域文献对“入藏来源、展签与观众路径”的用语与记录方式；材料选择、阅读路径和受众理解。需对照的具体条目：机构任务、藏品来源与公众关系","展示与理解","展签清楚不意味着所有观众理解相同，需检查实际阅读路径。","false"
"museum-studies-2","museum-studies","藏品研究","museum-studies-2","direction-case","藏品研究研究档案：入藏来源、展签与观众路径；来源链、材料状态和保存环境。需对照的具体条目：来源链、移交记录与展示语境","来源与状态","外观改善不能证明来源可靠或长期保存稳定。 展签的确定性不应超过来源证据。","false"
"museum-studies-3","museum-studies","展览策划","museum-studies-3","direction-case","展览策划研究档案：公开来源、展陈取舍与观众提出的问题；相关领域文献对“入藏来源、展签与观众路径”的用语与记录方式；材料选择、阅读路径和受众理解。需对照的具体条目：主题结构、选件理由与观看路径","展示与理解","展签清楚不意味着所有观众理解相同，需检查实际阅读路径。","false"
"museum-studies-4","museum-studies","博物馆教育","museum-studies-4","direction-case","博物馆教育研究档案：教学任务、学生作答与撤去帮助后的新题；相关领域文献对“入藏来源、展签与观众路径”的用语与记录方式；任务目标、辅助条件和延迟表现。需对照藏品与展览中的定义、对象索引与适用条件","表现与学习","当场完成可受辅助影响，撤去帮助后的迁移才回答另一类问题。","false"
"museum-studies-5","museum-studies","藏品文献","museum-studies-5","direction-case","藏品文献研究档案：逐页出处、底本差异和缺页索引；相关领域文献对“入藏来源、展签与观众路径”的用语与记录方式；底本出处、异文位置和编订层次。需对照的具体条目：来源链、移交记录与展示语境","原文与编订","后世编订和现代转写会改变可见文本，须保留版本链。","false"
"museum-studies-6","museum-studies","博物馆史","museum-studies-6","direction-case","博物馆史研究档案：同时代记载与后期整理本的年代对照；相关领域文献对“入藏来源、展签与观众路径”的用语与记录方式；年代、出处和同时代对照；材料选择、阅读路径和受众理解。需对照藏品与展览中的定义、对象索引与适用条件","当时与后来 / 展示与理解","后来形成的分类不能直接替代行动者当时使用的概念。 展签清楚不意味着所有观众理解相同，需检查实际阅读路径。","false"
"museum-studies-7","museum-studies","数字博物馆","museum-studies-7","direction-case","数字博物馆研究档案：公开来源、展陈取舍与观众提出的问题；相关领域文献对“入藏来源、展签与观众路径”的用语与记录方式；转写规则、数字版本和原件对应；材料选择、阅读路径和受众理解。需对照的具体条目：编码规则、平台入口与不可见记录","可计算与可解释 / 展示与理解","可检索或可计算的记录会受转写与收录条件影响。 展签清楚不意味着所有观众理解相同，需检查实际阅读路径。","false"
"museum-studies-8","museum-studies","观众研究","museum-studies-8","direction-case","观众研究研究档案：入藏来源、展签与观众路径；材料选择、阅读路径和受众理解。需对照的具体条目：接触机会、理解路径与未参与者","展示与理解","展签清楚不意味着所有观众理解相同，需检查实际阅读路径。 展签的确定性不应超过来源证据。","false"
"museum-studies-9","museum-studies","社区博物馆","museum-studies-9","direction-case","社区博物馆研究档案：公开来源、展陈取舍与观众提出的问题；相关领域文献对“入藏来源、展签与观众路径”的用语与记录方式；材料选择、阅读路径和受众理解。需对照的具体条目：进入机会、空间路径与地方制度","展示与理解","展签清楚不意味着所有观众理解相同，需检查实际阅读路径。","false"
"museum-studies-10","museum-studies","藏品来源研究","museum-studies-10","direction-case","藏品来源研究研究档案：逐页出处、底本差异和缺页索引；相关领域文献对“入藏来源、展签与观众路径”的用语与记录方式；来源链、材料状态和保存环境。需对照的具体条目：来源链、移交记录与展示语境","来源与状态","外观改善不能证明来源可靠或长期保存稳定。","false"
"museum-studies-11","museum-studies","展签写作","museum-studies-11","direction-case","展签写作研究档案：公开来源、展陈取舍与观众提出的问题；相关领域文献对“入藏来源、展签与观众路径”的用语与记录方式；材料选择、阅读路径和受众理解。需对照的具体条目：出处说明、文字难度与观众理解","展示与理解","展签清楚不意味着所有观众理解相同，需检查实际阅读路径。","false"
"museum-studies-12","museum-studies","博物馆伦理","museum-studies-12","direction-case","博物馆伦理研究档案：行动者理由、利益负担与提出异议的记录；相关领域文献对“入藏来源、展签与观众路径”的用语与记录方式；受益负担、行动理由和申诉机会；材料选择、阅读路径和受众理解。需对照的具体条目：行动理由、受益负担与申诉机会","描述与规范 / 展示与理解","多数偏好或事实描述不能独立证成规范结论。 展签清楚不意味着所有观众理解相同，需检查实际阅读路径。","false"
"atmospheric-science-1","atmospheric-science","气象学","atmospheric-science-1","direction-case","气象学研究档案：站点时序、环流条件与模式初值；基准时期、空间范围和异常序列。需对照的具体条目：站点位置、观测时次与天气过程；天气系统、站点时次与观测变量","天气与气候","短时异常与长期气候变化不是同一时间尺度的命题。 天气尺度变化不能直接解释为长期气候趋势。","false"
"atmospheric-science-2","atmospheric-science","大气物理","atmospheric-science-2","direction-case","大气物理研究档案：站点时序、环流条件与模式初值；基准时期、空间范围和异常序列。需对照天气、气候与站点中的定义、对象索引与适用条件","天气与气候","短时异常与长期气候变化不是同一时间尺度的命题。 天气尺度变化不能直接解释为长期气候趋势。","false"
"atmospheric-science-3","atmospheric-science","大气化学","atmospheric-science-3","direction-case","大气化学研究档案：站点时序、环流条件与模式初值；物种指认、平衡条件和测量信号；基准时期、空间范围和异常序列。需对照天气、气候与站点中的定义、对象索引与适用条件","指认与定量 / 天气与气候","能指认某成分不等于已准确测量其含量。 短时异常与长期气候变化不是同一时间尺度的命题。 天气尺度变化不能直接解释为长期气候趋势。","false"
"atmospheric-science-4","atmospheric-science","气候学","atmospheric-science-4","direction-case","气候学研究档案：站点时序、环流条件与模式初值；基准时期、空间范围和异常序列。需对照的具体条目：基准时期、空间覆盖与异常序列；统计时期、变率结构与长期平均","天气与气候","短时异常与长期气候变化不是同一时间尺度的命题。 天气尺度变化不能直接解释为长期气候趋势。","false"
"atmospheric-science-5","atmospheric-science","天气观测","atmospheric-science-5","direction-case","天气观测研究档案：站点时序、环流条件与模式初值；基准时期、空间范围和异常序列；参考依据、重复读数和误差分项。需对照的具体条目：站点位置、观测时次与天气过程","天气与气候","短时异常与长期气候变化不是同一时间尺度的命题。 天气尺度变化不能直接解释为长期气候趋势。","false"
"atmospheric-science-6","atmospheric-science","气候变化资料","atmospheric-science-6","direction-case","气候变化资料研究档案：站点时序、环流条件与模式初值；基准时期、空间范围和异常序列。需对照的具体条目：基准时期、空间覆盖与异常序列；基准期、强迫背景与趋势不确定性","天气与气候","短时异常与长期气候变化不是同一时间尺度的命题。 天气尺度变化不能直接解释为长期气候趋势。","false"
"atmospheric-science-7","atmospheric-science","大气遥感","atmospheric-science-7","direction-case","大气遥感研究档案：站点时序、环流条件与模式初值；基准时期、空间范围和异常序列；坐标基准、空间支持和分类边界；坐标基准、空间单元和不同尺度的对照。需对照的具体条目：地面参照、像元支持与反演条件","天气与气候 / 位置与尺度","短时异常与长期气候变化不是同一时间尺度的命题。 聚合尺度与分类边界会改变空间关系，不能只比较图色。 天气尺度变化不能直接解释为长期气候趋势。","false"
"atmospheric-science-8","atmospheric-science","气象资料同化","atmospheric-science-8","direction-case","气象资料同化研究档案：站点时序、环流条件与模式初值；离散误差、参照解和停止条件；基准时期、空间范围和异常序列。需对照的具体条目：站点位置、观测时次与天气过程","收敛与正确性 / 天气与气候","迭代停止不保证离散误差或模型误差已经足够小。 短时异常与长期气候变化不是同一时间尺度的命题。 天气尺度变化不能直接解释为长期气候趋势。","false"
"atmospheric-science-9","atmospheric-science","气象模式评价","atmospheric-science-9","direction-case","气象模式评价研究档案：站点时序、环流条件与模式初值；基准时期、空间范围和异常序列。需对照的具体条目：站点位置、观测时次与天气过程；模式边界、参照资料与预报误差","天气与气候","短时异常与长期气候变化不是同一时间尺度的命题。 天气尺度变化不能直接解释为长期气候趋势。","false"
"atmospheric-science-10","atmospheric-science","城市气候","atmospheric-science-10","direction-case","城市气候研究档案：站点时序、环流条件与模式初值；基准时期、空间范围和异常序列；地理单元、时期边界和地方制度。需对照的具体条目：基准时期、空间覆盖与异常序列；进入机会、空间路径与地方制度","天气与气候 / 同名与可比","短时异常与长期气候变化不是同一时间尺度的命题。 同名指标可在不同地区有不同含义，需保留制度语境。 天气尺度变化不能直接解释为长期气候趋势。","false"
"atmospheric-science-11","atmospheric-science","农业气象","atmospheric-science-11","direction-case","农业气象研究档案：站点时序、环流条件与模式初值；基准时期、空间范围和异常序列。需对照的具体条目：站点位置、观测时次与天气过程；生育阶段、天气窗口与农业任务","天气与气候","短时异常与长期气候变化不是同一时间尺度的命题。 天气尺度变化不能直接解释为长期气候趋势。","false"
"atmospheric-science-12","atmospheric-science","气象服务评价","atmospheric-science-12","direction-case","气象服务评价研究档案：站点时序、环流条件与模式初值；基准时期、空间范围和异常序列。需对照的具体条目：站点位置、观测时次与天气过程；服务资格、实际交付与未获服务者；服务需求、信息时效与行动机会","天气与气候","短时异常与长期气候变化不是同一时间尺度的命题。 天气尺度变化不能直接解释为长期气候趋势。","false"
"geology-studies-1","geology-studies","矿物学","geology-studies-1","direction-case","矿物学研究档案：矿物组合、层位与后期改造；空间位置、形成序列和多解解释。需对照的具体条目：物相指认、层位关系与形成序列；晶体性质、成分范围与物相鉴定","反演与唯一性","同一观测可能对应多个地下结构，需要说明约束。 现存特征可混合原始形成与后期变化。","false"
"geology-studies-2","geology-studies","岩石学","geology-studies-2","direction-case","岩石学研究档案：矿物组合、层位与后期改造；空间位置、形成序列和多解解释。需对照的具体条目：物相指认、层位关系与形成序列；矿物组合、形成条件与结构特征","反演与唯一性","同一观测可能对应多个地下结构，需要说明约束。 现存特征可混合原始形成与后期变化。","false"
"geology-studies-3","geology-studies","矿床学","geology-studies-3","direction-case","矿床学研究档案：矿物组合、层位与后期改造；空间位置、形成序列和多解解释。需对照的具体条目：矿化位置、成矿序列与资源边界","反演与唯一性","同一观测可能对应多个地下结构，需要说明约束。 现存特征可混合原始形成与后期变化。","false"
"geology-studies-4","geology-studies","地球化学","geology-studies-4","direction-case","地球化学研究档案：矿物组合、层位与后期改造；物种指认、平衡条件和测量信号。需对照岩石与地质形成中的定义、对象索引与适用条件","指认与定量","能指认某成分不等于已准确测量其含量。 现存特征可混合原始形成与后期变化。","false"
"geology-studies-5","geology-studies","构造地质学","geology-studies-5","direction-case","构造地质学研究档案：矿物组合、层位与后期改造；空间位置、形成序列和多解解释。需对照的具体条目：结构方位、变形序列与时代关系","反演与唯一性","同一观测可能对应多个地下结构，需要说明约束。 现存特征可混合原始形成与后期变化。","false"
"geology-studies-6","geology-studies","古生物学","geology-studies-6","direction-case","古生物学研究档案：矿物组合、层位与后期改造；细胞组成、功能层次和独立来源。需对照岩石与地质形成中的定义、对象索引与适用条件","组成与状态","群体差异可能来自组成与单元状态两方面，技术重复不是独立对象。 现存特征可混合原始形成与后期变化。","false"
"geology-studies-7","geology-studies","地层学","geology-studies-7","direction-case","地层学研究档案：矿物组合、层位与后期改造；空间位置、形成序列和多解解释。需对照的具体条目：物相指认、层位关系与形成序列；层位关系、扰动与年代依据","反演与唯一性","同一观测可能对应多个地下结构，需要说明约束。 现存特征可混合原始形成与后期变化。","false"
"geology-studies-8","geology-studies","第四纪地质","geology-studies-8","direction-case","第四纪地质研究档案：矿物组合、层位与后期改造；空间位置、形成序列和多解解释。需对照的具体条目：近地表过程、沉积序列与年代区间","反演与唯一性","同一观测可能对应多个地下结构，需要说明约束。 现存特征可混合原始形成与后期变化。","false"
"geology-studies-9","geology-studies","水文地质","geology-studies-9","direction-case","水文地质研究档案：矿物组合、层位与后期改造；空间位置、形成序列和多解解释；水量边界、输入输出和时间尺度。需对照的具体条目：水位基准、补给条件与收支范围","反演与唯一性 / 通量与储量","同一观测可能对应多个地下结构，需要说明约束。 浓度、流量和储量不同，时间积分也影响总量。 现存特征可混合原始形成与后期变化。","false"
"geology-studies-10","geology-studies","工程地质资料","geology-studies-10","direction-case","工程地质资料研究档案：矿物组合、层位与后期改造；空间位置、形成序列和多解解释。需对照的具体条目：地层条件、工程需求与观测范围","反演与唯一性","同一观测可能对应多个地下结构，需要说明约束。 现存特征可混合原始形成与后期变化。","false"
"geology-studies-11","geology-studies","地质年代资料","geology-studies-11","direction-case","地质年代资料研究档案：矿物组合、层位与后期改造；空间位置、形成序列和多解解释。需对照的具体条目：测年依据、误差区间与层序关系","反演与唯一性","同一观测可能对应多个地下结构，需要说明约束。 现存特征可混合原始形成与后期变化。","false"
"geology-studies-12","geology-studies","地质调查史","geology-studies-12","direction-case","地质调查史研究档案：同时代记载与后期整理本的年代对照；相关领域文献对“矿物组合、层位与后期改造”的用语与记录方式；同时代资料、后期整理和出处链。需对照岩石与地质形成中的定义、对象索引与适用条件","记录与过去实践","留存资料受保存及整理选择影响，不是过去实践的完整镜像。","false"
"system-science-1","system-science","系统理论","system-science-1","direction-case","系统理论研究档案：状态变量、反馈与尺度接口；系统边界、反馈连接和尺度转换。需对照的具体条目：系统定义、状态变量与关系假设","局部与系统","局部部件的收益可能被反馈和协调成本改变。 局部关系不能自动确定全系统动态。","false"
"system-science-2","system-science","系统分析","system-science-2","direction-case","系统分析研究档案：状态变量、反馈与尺度接口；系统边界、反馈连接和尺度转换。需对照的具体条目：输入假设、测量或推导链与不确定性","局部与系统","局部部件的收益可能被反馈和协调成本改变。 局部关系不能自动确定全系统动态。","false"
"system-science-3","system-science","复杂系统","system-science-3","direction-case","复杂系统研究档案：状态变量、反馈与尺度接口；系统边界、反馈连接和尺度转换。需对照的具体条目：交互结构、涌现行为与尺度关系","局部与系统","局部部件的收益可能被反馈和协调成本改变。 局部关系不能自动确定全系统动态。","false"
"system-science-4","system-science","网络动力学","system-science-4","direction-case","网络动力学研究档案：状态变量、反馈与尺度接口；初值集合、时间轨迹和稳定性定义；节点口径、边含义和缺失连接。需对照系统关系与多尺度中的定义、对象索引与适用条件","局部与全局 / 关系与记录","一条轨道的表现不能独立证明所有初值的稳定性。 没有记录到连接不等于不存在关系，边的定义影响结构。 局部关系不能自动确定全系统动态。","false"
"system-science-5","system-science","非线性系统","system-science-5","direction-case","非线性系统研究档案：状态变量、反馈与尺度接口；初值集合、时间轨迹和稳定性定义；系统边界、反馈连接和尺度转换。需对照系统关系与多尺度中的定义、对象索引与适用条件","局部与全局 / 局部与系统","一条轨道的表现不能独立证明所有初值的稳定性。 局部部件的收益可能被反馈和协调成本改变。 局部关系不能自动确定全系统动态。","false"
"system-science-6","system-science","系统演化","system-science-6","direction-case","系统演化研究档案：状态变量、反馈与尺度接口；初值集合、时间轨迹和稳定性定义；系统边界、反馈连接和尺度转换；时间戳、状态阶段和变化前后的并列记录。需对照系统关系与多尺度中的定义、对象索引与适用条件","局部与全局 / 局部与系统","一条轨道的表现不能独立证明所有初值的稳定性。 局部部件的收益可能被反馈和协调成本改变。 局部关系不能自动确定全系统动态。","false"
"system-science-7","system-science","自组织理论","system-science-7","direction-case","自组织理论研究档案：状态变量、反馈与尺度接口；结构定位、组织层次与判读条件；初值集合、时间轨迹和稳定性定义；正式文本、执行条件与被排除的对象。需对照的具体条目：角色分工、资源联系与实际协调","局部与整体 / 局部与全局","局部组织或切片不能无条件代表整个个体或器官。 一条轨道的表现不能独立证明所有初值的稳定性。 局部关系不能自动确定全系统动态。","false"
"system-science-8","system-science","系统建模","system-science-8","direction-case","系统建模研究档案：状态变量、反馈与尺度接口；模型边界、参数来源和验证情境；系统边界、反馈连接和尺度转换；参数出处、边界条件和独立检验情境。需对照系统关系与多尺度中的定义、对象索引与适用条件","拟合与检验 / 局部与系统","校准资料不能同时充当完全独立的验证资料。 局部部件的收益可能被反馈和协调成本改变。 局部关系不能自动确定全系统动态。","false"
"system-science-9","system-science","系统决策资料","system-science-9","direction-case","系统决策资料研究档案：状态变量、反馈与尺度接口；可行域、目标权重和约束松弛；系统边界、反馈连接和尺度转换。需对照的具体条目：可得方案、判断时点与约束依据","最优与可行 / 局部与系统","最优只针对给定目标及约束，不代表现实中所有需求都满足。 局部部件的收益可能被反馈和协调成本改变。 局部关系不能自动确定全系统动态。","false"
"system-science-10","system-science","多尺度系统","system-science-10","direction-case","多尺度系统研究档案：状态变量、反馈与尺度接口；系统边界、反馈连接和尺度转换；各方定义、资料来源和桥接规则。需对照系统关系与多尺度中的定义、对象索引与适用条件","局部与系统","局部部件的收益可能被反馈和协调成本改变。 局部关系不能自动确定全系统动态。","false"
"system-science-11","system-science","系统仿真评价","system-science-11","direction-case","系统仿真评价研究档案：状态变量、反馈与尺度接口；离散误差、参照解和停止条件；系统边界、反馈连接和尺度转换；参数出处、边界条件和独立检验情境。需对照系统关系与多尺度中的定义、对象索引与适用条件","收敛与正确性 / 局部与系统","迭代停止不保证离散误差或模型误差已经足够小。 局部部件的收益可能被反馈和协调成本改变。 局部关系不能自动确定全系统动态。","false"
"system-science-12","system-science","系统科学史","system-science-12","direction-case","系统科学史研究档案：同时代记载与后期整理本的年代对照；相关领域文献对“状态变量、反馈与尺度接口”的用语与记录方式；同时代资料、后期整理和出处链。需对照的具体条目：仪器记录、研究制度与知识传播","记录与过去实践","留存资料受保存及整理选择影响，不是过去实践的完整镜像。","false"
"science-history-1","science-history","数学史","science-history-1","direction-case","数学史研究档案：同时代记载与后期整理本的年代对照；相关领域文献对“仪器文献、研究实践与制度记录”的用语与记录方式；同时代资料、后期整理和出处链。需对照的具体条目：证明文本、符号变化与数学实践","记录与过去实践","留存资料受保存及整理选择影响，不是过去实践的完整镜像。","false"
"science-history-2","science-history","物理学史","science-history-2","direction-case","物理学史研究档案：同时代记载与后期整理本的年代对照；相关领域文献对“仪器文献、研究实践与制度记录”的用语与记录方式；同时代资料、后期整理和出处链。需对照的具体条目：理论量、仪器记录与解释变化","记录与过去实践","留存资料受保存及整理选择影响，不是过去实践的完整镜像。","false"
"science-history-3","science-history","化学史","science-history-3","direction-case","化学史研究档案：同时代记载与后期整理本的年代对照；相关领域文献对“仪器文献、研究实践与制度记录”的用语与记录方式；同时代资料、后期整理和出处链。需对照的具体条目：成分分类、测量传统与化学用语","记录与过去实践","留存资料受保存及整理选择影响，不是过去实践的完整镜像。","false"
"science-history-4","science-history","生物学史","science-history-4","direction-case","生物学史研究档案：同时代记载与后期整理本的年代对照；相关领域文献对“仪器文献、研究实践与制度记录”的用语与记录方式；同时代资料、后期整理和出处链。需对照的具体条目：生物分类、观察实践与生命概念","记录与过去实践","留存资料受保存及整理选择影响，不是过去实践的完整镜像。","false"
"science-history-5","science-history","医学科技史","science-history-5","direction-case","医学科技史研究档案：同时代记载与后期整理本的年代对照；相关领域文献对“仪器文献、研究实践与制度记录”的用语与记录方式；同时代资料、后期整理和出处链。需对照的具体条目：仪器记录、研究制度与知识传播；诊疗技术文本、机构条件与疾病用语","记录与过去实践","留存资料受保存及整理选择影响，不是过去实践的完整镜像。","false"
"science-history-6","science-history","农学科技史","science-history-6","direction-case","农学科技史研究档案：同时代记载与后期整理本的年代对照；相关领域文献对“仪器文献、研究实践与制度记录”的用语与记录方式；同时代资料、后期整理和出处链。需对照的具体条目：仪器记录、研究制度与知识传播；农艺文献、地方条件与技术采用","记录与过去实践","留存资料受保存及整理选择影响，不是过去实践的完整镜像。","false"
"science-history-7","science-history","工程技术史","science-history-7","direction-case","工程技术史研究档案：同时代记载与后期整理本的年代对照；相关领域文献对“仪器文献、研究实践与制度记录”的用语与记录方式；同时代资料、后期整理和出处链。需对照的具体条目：工具版本、使用任务与适用承诺","记录与过去实践","留存资料受保存及整理选择影响，不是过去实践的完整镜像。","false"
"science-history-8","science-history","科学仪器史","science-history-8","direction-case","科学仪器史研究档案：同时代记载与后期整理本的年代对照；相关领域文献对“仪器文献、研究实践与制度记录”的用语与记录方式；同时代资料、后期整理和出处链。需对照的具体条目：仪器版本、使用记录与测量承诺","记录与过去实践","留存资料受保存及整理选择影响，不是过去实践的完整镜像。","false"
"science-history-9","science-history","科学制度史","science-history-9","direction-case","科学制度史研究档案：同时代记载与后期整理本的年代对照；相关领域文献对“仪器文献、研究实践与制度记录”的用语与记录方式；同时代资料、后期整理和出处链。需对照的具体条目：条文来源、权限分配与执行差异","记录与过去实践","留存资料受保存及整理选择影响，不是过去实践的完整镜像。","false"
"science-history-10","science-history","科学知识传播史","science-history-10","direction-case","科学知识传播史研究档案：同时代记载与后期整理本的年代对照；相关领域文献对“仪器文献、研究实践与制度记录”的用语与记录方式；同时代资料、后期整理和出处链。需对照的具体条目：信息入口、转述链与接触分母","记录与过去实践","留存资料受保存及整理选择影响，不是过去实践的完整镜像。","false"
"science-history-11","science-history","技术档案","science-history-11","direction-case","技术档案研究档案：逐页出处、底本差异和缺页索引；相关领域文献对“仪器文献、研究实践与制度记录”的用语与记录方式；转写规则、数字版本和原件对应；同时代资料、后期整理和出处链。需对照的具体条目：工具版本、使用任务与适用承诺；形成机关、归档过程与缺件","可计算与可解释 / 记录与过去实践","可检索或可计算的记录会受转写与收录条件影响。 留存资料受保存及整理选择影响，不是过去实践的完整镜像。","false"
"science-history-12","science-history","科技史口述","science-history-12","direction-case","科技史口述研究档案：同时代记载与后期整理本的年代对照；相关领域文献对“仪器文献、研究实践与制度记录”的用语与记录方式；同时代资料、后期整理和出处链。需对照的具体条目：讲述时点、在场位置与重述框架；仪器记录、研究制度与知识传播","记录与过去实践","留存资料受保存及整理选择影响，不是过去实践的完整镜像。","false"
"ecology-studies-1","ecology-studies","植物生态","ecology-studies-1","direction-case","植物生态研究档案：丰度、物种组成与环境梯度；种群数量、群落组成和观测努力。需对照的具体条目：植物阶段、生境差异与观测覆盖","出现与检测","未观察到不等于不存在，调查努力会改变检出。 物种数、组成与生态功能是不同维度。","false"
"ecology-studies-2","ecology-studies","动物生态","ecology-studies-2","direction-case","动物生态研究档案：丰度、物种组成与环境梯度；种群数量、群落组成和观测努力。需对照的具体条目：动物活动、检测机会与生境利用","出现与检测","未观察到不等于不存在，调查努力会改变检出。 物种数、组成与生态功能是不同维度。","false"
"ecology-studies-3","ecology-studies","微生物生态资料","ecology-studies-3","direction-case","微生物生态资料研究档案：丰度、物种组成与环境梯度；公开组成表、注释版本与绝对量边界；种群数量、群落组成和观测努力。需对照的具体条目：环境背景、群落关系与观察覆盖","相对与绝对数量 / 出现与检测","相对丰度会上下联动，一个类别比例升高不证明绝对数量升高。 未观察到不等于不存在，调查努力会改变检出。 物种数、组成与生态功能是不同维度。","false"
"ecology-studies-4","ecology-studies","群落生态","ecology-studies-4","direction-case","群落生态研究档案：丰度、物种组成与环境梯度；公开组成表、注释版本与绝对量边界；种群数量、群落组成和观测努力。需对照的具体条目：物种共存、组成距离与调查努力","相对与绝对数量 / 出现与检测","相对丰度会上下联动，一个类别比例升高不证明绝对数量升高。 未观察到不等于不存在，调查努力会改变检出。 物种数、组成与生态功能是不同维度。","false"
"ecology-studies-5","ecology-studies","生态系统生态","ecology-studies-5","direction-case","生态系统生态研究档案：丰度、物种组成与环境梯度；种群数量、群落组成和观测努力；系统边界、反馈连接和尺度转换。需对照种群、群落与生态过程中的定义、对象索引与适用条件","出现与检测 / 局部与系统","未观察到不等于不存在，调查努力会改变检出。 局部部件的收益可能被反馈和协调成本改变。 物种数、组成与生态功能是不同维度。","false"
"ecology-studies-6","ecology-studies","景观生态","ecology-studies-6","direction-case","景观生态研究档案：丰度、物种组成与环境梯度；种群数量、群落组成和观测努力；坐标基准、空间单元和不同尺度的对照。需对照种群、群落与生态过程中的定义、对象索引与适用条件","出现与检测","未观察到不等于不存在，调查努力会改变检出。 物种数、组成与生态功能是不同维度。","false"
"ecology-studies-7","ecology-studies","生态模型","ecology-studies-7","direction-case","生态模型研究档案：丰度、物种组成与环境梯度；种群数量、群落组成和观测努力；模型边界、参数来源和验证情境；参数出处、边界条件和独立检验情境。需对照种群、群落与生态过程中的定义、对象索引与适用条件","出现与检测 / 拟合与检验","未观察到不等于不存在，调查努力会改变检出。 校准资料不能同时充当完全独立的验证资料。 物种数、组成与生态功能是不同维度。","false"
"ecology-studies-8","ecology-studies","城市生态","ecology-studies-8","direction-case","城市生态研究档案：丰度、物种组成与环境梯度；种群数量、群落组成和观测努力；地理单元、时期边界和地方制度。需对照的具体条目：进入机会、空间路径与地方制度","出现与检测 / 同名与可比","未观察到不等于不存在，调查努力会改变检出。 同名指标可在不同地区有不同含义，需保留制度语境。 物种数、组成与生态功能是不同维度。","false"
"ecology-studies-9","ecology-studies","保护生态","ecology-studies-9","direction-case","保护生态研究档案：丰度、物种组成与环境梯度；种群数量、群落组成和观测努力。需对照的具体条目：保护目标、干预边界与未保护区域","出现与检测","未观察到不等于不存在，调查努力会改变检出。 物种数、组成与生态功能是不同维度。","false"
"ecology-studies-10","ecology-studies","恢复生态","ecology-studies-10","direction-case","恢复生态研究档案：丰度、物种组成与环境梯度；种群数量、群落组成和观测努力；来源、迁移途径和受影响对象。需对照种群、群落与生态过程中的定义、对象索引与适用条件","出现与检测 / 来源与负担","未观察到不等于不存在，调查努力会改变检出。 排放减少与受影响对象负担减少需要通过路径联系。 物种数、组成与生态功能是不同维度。","false"
"ecology-studies-11","ecology-studies","生态统计","ecology-studies-11","direction-case","生态统计研究档案：丰度、物种组成与环境梯度；随机变量、条件事件和分布假设；种群数量、群落组成和观测努力。需对照种群、群落与生态过程中的定义、对象索引与适用条件","条件与边际 / 出现与检测","分层后的关系可以与总体关系不同，必须说明条件。 未观察到不等于不存在，调查努力会改变检出。 物种数、组成与生态功能是不同维度。","false"
"ecology-studies-12","ecology-studies","生态观测史","ecology-studies-12","direction-case","生态观测史研究档案：同时代记载与后期整理本的年代对照；相关领域文献对“丰度、物种组成与环境梯度”的用语与记录方式；同时代资料、后期整理和出处链。需对照种群、群落与生态过程中的定义、对象索引与适用条件","记录与过去实践","留存资料受保存及整理选择影响，不是过去实践的完整镜像。","false"
"instruments-engineering-1","instruments-engineering","精密仪器","instruments-engineering-1","direction-case","精密仪器研究档案：标定关系、响应范围与不确定性；参考量、校准曲线和不确定性分项；参考依据、重复读数和误差分项。需对照的具体条目：工作状态、分辨能力与参考响应","精密与准确","重复读数接近说明精密性，不能排除系统偏差。 分辨率、准确度与重复性不能互相替代。","false"
"instruments-engineering-2","instruments-engineering","测试计量","instruments-engineering-2","direction-case","测试计量研究档案：标定关系、响应范围与不确定性；参考量、校准曲线和不确定性分项；参考依据、重复读数和误差分项。需对照的具体条目：目标比较、干预起点与选择机制","精密与准确","重复读数接近说明精密性，不能排除系统偏差。 分辨率、准确度与重复性不能互相替代。","false"
"instruments-engineering-3","instruments-engineering","传感器评价","instruments-engineering-3","direction-case","传感器评价研究档案：标定关系、响应范围与不确定性；参考量、校准曲线和不确定性分项；参考依据、重复读数和误差分项。需对照的具体条目：传感器响应、漂移与参考量","精密与准确","重复读数接近说明精密性，不能排除系统偏差。 分辨率、准确度与重复性不能互相替代。","false"
"instruments-engineering-4","instruments-engineering","仪器标定","instruments-engineering-4","direction-case","仪器标定研究档案：标定关系、响应范围与不确定性；参考量、校准曲线和不确定性分项；参考依据、重复读数和误差分项。需对照的具体条目：标定对象、参数修订与残差分项","精密与准确","重复读数接近说明精密性，不能排除系统偏差。 分辨率、准确度与重复性不能互相替代。","false"
"instruments-engineering-5","instruments-engineering","测量不确定性","instruments-engineering-5","direction-case","测量不确定性研究档案：标定关系、响应范围与不确定性；参考量、校准曲线和不确定性分项；参考依据、重复读数和误差分项。需对照的具体条目：不确定性分项、相关来源与量纲","精密与准确","重复读数接近说明精密性，不能排除系统偏差。 分辨率、准确度与重复性不能互相替代。","false"
"instruments-engineering-6","instruments-engineering","光电仪器","instruments-engineering-6","direction-case","光电仪器研究档案：标定关系、响应范围与不确定性；光路、光谱响应和探测器背景；参考量、校准曲线和不确定性分项；参考依据、重复读数和误差分项。需对照测量系统与计量中的定义、对象索引与适用条件","响应与输入 / 精密与准确","探测器读数包含系统响应，不能直接当成入射光的真实分布。 重复读数接近说明精密性，不能排除系统偏差。 分辨率、准确度与重复性不能互相替代。","false"
"instruments-engineering-7","instruments-engineering","智能仪器","instruments-engineering-7","direction-case","智能仪器研究档案：标定关系、响应范围与不确定性；参考量、校准曲线和不确定性分项；参考依据、重复读数和误差分项。需对照的具体条目：自动判断、人工参照与失败工况","精密与准确","重复读数接近说明精密性，不能排除系统偏差。 分辨率、准确度与重复性不能互相替代。","false"
"instruments-engineering-8","instruments-engineering","测量系统","instruments-engineering-8","direction-case","测量系统研究档案：标定关系、响应范围与不确定性；参考量、校准曲线和不确定性分项；系统边界、反馈连接和尺度转换；参考依据、重复读数和误差分项。需对照测量系统与计量中的定义、对象索引与适用条件","精密与准确 / 局部与系统","重复读数接近说明精密性，不能排除系统偏差。 局部部件的收益可能被反馈和协调成本改变。 分辨率、准确度与重复性不能互相替代。","false"
"instruments-engineering-9","instruments-engineering","仪器可靠性","instruments-engineering-9","direction-case","仪器可靠性研究档案：标定关系、响应范围与不确定性；参考量、校准曲线和不确定性分项；失效定义、暴露时长和退出原因；参考依据、重复读数和误差分项。需对照测量系统与计量中的定义、对象索引与适用条件","精密与准确 / 运行与可靠","重复读数接近说明精密性，不能排除系统偏差。 没有记录到失效不等于可靠，需要知道实际使用时长。 分辨率、准确度与重复性不能互相替代。","false"
"instruments-engineering-10","instruments-engineering","信号调理评价","instruments-engineering-10","direction-case","信号调理评价研究档案：标定关系、响应范围与不确定性；参考量、校准曲线和不确定性分项；采样条件、频谱结构和噪声假设。需对照测量系统与计量中的定义、对象索引与适用条件","精密与准确 / 信号与处理","重复读数接近说明精密性，不能排除系统偏差。 处理后图形更平滑不等于真实信息更多。 分辨率、准确度与重复性不能互相替代。","false"
"instruments-engineering-11","instruments-engineering","仪器软件","instruments-engineering-11","direction-case","仪器软件研究档案：标定关系、响应范围与不确定性；参考量、校准曲线和不确定性分项；版本锁定、输入契约和故障复现；参考依据、重复读数和误差分项。需对照的具体条目：输入契约、依赖版本与错误复现","精密与准确 / 功能与运行条件","重复读数接近说明精密性，不能排除系统偏差。 一次运行成功不保证更新、资源限制或异常输入下仍可靠。 分辨率、准确度与重复性不能互相替代。","false"
"instruments-engineering-12","instruments-engineering","仪器史","instruments-engineering-12","direction-case","仪器史研究档案：同时代记载与后期整理本的年代对照；相关领域文献对“标定关系、响应范围与不确定性”的用语与记录方式；同时代资料、后期整理和出处链。需对照测量系统与计量中的定义、对象索引与适用条件","记录与过去实践","留存资料受保存及整理选择影响，不是过去实践的完整镜像。","false"
"metallurgy-engineering-1","metallurgy-engineering","冶金物理化学","metallurgy-engineering-1","direction-case","冶金物理化学研究档案：相组成、过程收支与材料性能；物种指认、平衡条件和测量信号。需对照的具体条目：状态函数、平衡条件与动力学量","指认与定量","能指认某成分不等于已准确测量其含量。 过程收率、能耗和最终性能需要分别评价。","false"
"metallurgy-engineering-2","metallurgy-engineering","钢铁冶金资料","metallurgy-engineering-2","direction-case","钢铁冶金资料研究档案：相组成、过程收支与材料性能；物种指认、平衡条件和测量信号。需对照的具体条目：合金组成、组织状态与加工历程","指认与定量","能指认某成分不等于已准确测量其含量。 过程收率、能耗和最终性能需要分别评价。","false"
"metallurgy-engineering-3","metallurgy-engineering","有色冶金资料","metallurgy-engineering-3","direction-case","有色冶金资料研究档案：相组成、过程收支与材料性能；物种指认、平衡条件和测量信号。需对照的具体条目：金属来源、杂质口径与过程条件","指认与定量","能指认某成分不等于已准确测量其含量。 过程收率、能耗和最终性能需要分别评价。","false"
"metallurgy-engineering-4","metallurgy-engineering","冶金过程模型","metallurgy-engineering-4","direction-case","冶金过程模型研究档案：相组成、过程收支与材料性能；物种指认、平衡条件和测量信号；批次、过程窗口和成品质量分布；参数出处、边界条件和独立检验情境。需对照冶金转化与材料状态中的定义、对象索引与适用条件","指认与定量 / 平均与一致性","能指认某成分不等于已准确测量其含量。 平均质量合格不保证每批都合格或过程稳定。 过程收率、能耗和最终性能需要分别评价。","false"
"metallurgy-engineering-5","metallurgy-engineering","冶金资源评价","metallurgy-engineering-5","direction-case","冶金资源评价研究档案：相组成、过程收支与材料性能；物种指认、平衡条件和测量信号；来源、迁移途径和受影响对象；计量单位、时间窗口和未计入的投入。需对照冶金转化与材料状态中的定义、对象索引与适用条件","指认与定量 / 来源与负担","能指认某成分不等于已准确测量其含量。 排放减少与受影响对象负担减少需要通过路径联系。 过程收率、能耗和最终性能需要分别评价。","false"
"metallurgy-engineering-6","metallurgy-engineering","冶金测量","metallurgy-engineering-6","direction-case","冶金测量研究档案：相组成、过程收支与材料性能；物种指认、平衡条件和测量信号；参考量、校准曲线和不确定性分项；参考依据、重复读数和误差分项。需对照冶金转化与材料状态中的定义、对象索引与适用条件","指认与定量 / 精密与准确","能指认某成分不等于已准确测量其含量。 重复读数接近说明精密性，不能排除系统偏差。 过程收率、能耗和最终性能需要分别评价。","false"
"metallurgy-engineering-7","metallurgy-engineering","冶金材料性能","metallurgy-engineering-7","direction-case","冶金材料性能研究档案：相组成、过程收支与材料性能；结构分布、缺陷表征和性质条件；物种指认、平衡条件和测量信号。需对照冶金转化与材料状态中的定义、对象索引与适用条件","结构与组成 / 指认与定量","相同名义组成可有不同结构分布，因此性质未必相同。 能指认某成分不等于已准确测量其含量。 过程收率、能耗和最终性能需要分别评价。","false"
"metallurgy-engineering-8","metallurgy-engineering","冶金过程控制","metallurgy-engineering-8","direction-case","冶金过程控制研究档案：相组成、过程收支与材料性能；物种指认、平衡条件和测量信号；输入扰动、反馈状态和响应轨迹；时间戳、状态阶段和变化前后的并列记录。需对照冶金转化与材料状态中的定义、对象索引与适用条件","指认与定量 / 辨识与控制","能指认某成分不等于已准确测量其含量。 拟合已有输入输出不保证闭环稳定或未见工况可靠。 过程收率、能耗和最终性能需要分别评价。","false"
"metallurgy-engineering-9","metallurgy-engineering","冶金环保评价","metallurgy-engineering-9","direction-case","冶金环保评价研究档案：相组成、过程收支与材料性能；物种指认、平衡条件和测量信号。需对照的具体条目：环境边界、外部负担与排放路径","指认与定量","能指认某成分不等于已准确测量其含量。 过程收率、能耗和最终性能需要分别评价。","false"
"metallurgy-engineering-10","metallurgy-engineering","冶金能耗评价","metallurgy-engineering-10","direction-case","冶金能耗评价研究档案：相组成、过程收支与材料性能；物种指认、平衡条件和测量信号。需对照的具体条目：功能单位、运行时间与能量边界","指认与定量","能指认某成分不等于已准确测量其含量。 过程收率、能耗和最终性能需要分别评价。","false"
"metallurgy-engineering-11","metallurgy-engineering","冶金质量管理","metallurgy-engineering-11","direction-case","冶金质量管理研究档案：相组成、过程收支与材料性能；物种指认、平衡条件和测量信号；标签定义、版本变动和分歧样本；版本变更、异常记录和失败复核。需对照冶金转化与材料状态中的定义、对象索引与适用条件","指认与定量 / 一致与有效","能指认某成分不等于已准确测量其含量。 标签一致不能独立证明标签符合研究构念。 过程收率、能耗和最终性能需要分别评价。","false"
"metallurgy-engineering-12","metallurgy-engineering","冶金史","metallurgy-engineering-12","direction-case","冶金史研究档案：同时代记载与后期整理本的年代对照；相关领域文献对“相组成、过程收支与材料性能”的用语与记录方式；同时代资料、后期整理和出处链。需对照冶金转化与材料状态中的定义、对象索引与适用条件","记录与过去实践","留存资料受保存及整理选择影响，不是过去实践的完整镜像。","false"
"geological-engineering-1","geological-engineering","地质工程资料","geological-engineering-1","direction-case","地质工程资料研究档案：勘查覆盖、地下结构与场地响应；空间位置、形成序列和多解解释。需对照的具体条目：资料来源、地层覆盖与工程任务","反演与唯一性","同一观测可能对应多个地下结构，需要说明约束。 未勘查区域不能无条件沿用已有地质解释。","false"
"geological-engineering-2","geological-engineering","地质勘查史","geological-engineering-2","direction-case","地质勘查史研究档案：同时代记载与后期整理本的年代对照；相关领域文献对“勘查覆盖、地下结构与场地响应”的用语与记录方式；同时代资料、后期整理和出处链。需对照地质条件与工程评价中的定义、对象索引与适用条件","记录与过去实践","留存资料受保存及整理选择影响，不是过去实践的完整镜像。","false"
"geological-engineering-3","geological-engineering","工程地质评价","geological-engineering-3","direction-case","工程地质评价研究档案：勘查覆盖、地下结构与场地响应；空间位置、形成序列和多解解释。需对照的具体条目：地层条件、工程需求与观测范围","反演与唯一性","同一观测可能对应多个地下结构，需要说明约束。 未勘查区域不能无条件沿用已有地质解释。","false"
"geological-engineering-4","geological-engineering","地球探测资料","geological-engineering-4","direction-case","地球探测资料研究档案：勘查覆盖、地下结构与场地响应；观测时窗、响应条件和目标任务。需对照地质条件与工程评价中的定义、对象索引与适用条件","观察与任务","观测读数的改善不能独立代替目标任务的有效完成。 未勘查区域不能无条件沿用已有地质解释。","false"
"geological-engineering-5","geological-engineering","地质资源评价","geological-engineering-5","direction-case","地质资源评价研究档案：勘查覆盖、地下结构与场地响应；空间位置、形成序列和多解解释；来源、迁移途径和受影响对象；计量单位、时间窗口和未计入的投入。需对照地质条件与工程评价中的定义、对象索引与适用条件","反演与唯一性 / 来源与负担","同一观测可能对应多个地下结构，需要说明约束。 排放减少与受影响对象负担减少需要通过路径联系。 未勘查区域不能无条件沿用已有地质解释。","false"
"geological-engineering-6","geological-engineering","地质模型","geological-engineering-6","direction-case","地质模型研究档案：勘查覆盖、地下结构与场地响应；空间位置、形成序列和多解解释；模型边界、参数来源和验证情境；参数出处、边界条件和独立检验情境。需对照地质条件与工程评价中的定义、对象索引与适用条件","反演与唯一性 / 拟合与检验","同一观测可能对应多个地下结构，需要说明约束。 校准资料不能同时充当完全独立的验证资料。 未勘查区域不能无条件沿用已有地质解释。","false"
"geological-engineering-7","geological-engineering","地下水资料","geological-engineering-7","direction-case","地下水资料研究档案：勘查覆盖、地下结构与场地响应；水量边界、输入输出和时间尺度。需对照的具体条目：水位基准、补给条件与收支范围","通量与储量","浓度、流量和储量不同，时间积分也影响总量。 未勘查区域不能无条件沿用已有地质解释。","false"
"geological-engineering-8","geological-engineering","地质信息","geological-engineering-8","direction-case","地质信息研究档案：勘查覆盖、地下结构与场地响应；空间位置、形成序列和多解解释；版本规则、对象索引和使用任务。需对照地质条件与工程评价中的定义、对象索引与适用条件","反演与唯一性 / 记录与对象","同一观测可能对应多个地下结构，需要说明约束。 记录格式一致不保证对象相同，版本变化必须追溯。 未勘查区域不能无条件沿用已有地质解释。","false"
"geological-engineering-9","geological-engineering","环境地质评价","geological-engineering-9","direction-case","环境地质评价研究档案：勘查覆盖、地下结构与场地响应；空间位置、形成序列和多解解释；来源、迁移途径和受影响对象。需对照地质条件与工程评价中的定义、对象索引与适用条件","反演与唯一性 / 来源与负担","同一观测可能对应多个地下结构，需要说明约束。 排放减少与受影响对象负担减少需要通过路径联系。 未勘查区域不能无条件沿用已有地质解释。","false"
"geological-engineering-10","geological-engineering","地质监测","geological-engineering-10","direction-case","地质监测研究档案：勘查覆盖、地下结构与场地响应；空间位置、形成序列和多解解释；参考依据、重复读数和误差分项。需对照地质条件与工程评价中的定义、对象索引与适用条件","反演与唯一性","同一观测可能对应多个地下结构，需要说明约束。 未勘查区域不能无条件沿用已有地质解释。","false"
"geological-engineering-11","geological-engineering","地质不确定性","geological-engineering-11","direction-case","地质不确定性研究档案：勘查覆盖、地下结构与场地响应；空间位置、形成序列和多解解释。需对照的具体条目：约束来源、多解范围与资料缺口","反演与唯一性","同一观测可能对应多个地下结构，需要说明约束。 未勘查区域不能无条件沿用已有地质解释。","false"
"geological-engineering-12","geological-engineering","地质工程教育","geological-engineering-12","direction-case","地质工程教育研究档案：教学任务、学生作答与撤去帮助后的新题；相关领域文献对“勘查覆盖、地下结构与场地响应”的用语与记录方式；任务目标、辅助条件和延迟表现。需对照地质条件与工程评价中的定义、对象索引与适用条件","表现与学习","当场完成可受辅助影响，撤去帮助后的迁移才回答另一类问题。","false"
"mining-engineering-1","mining-engineering","矿业工程史","mining-engineering-1","direction-case","矿业工程史研究档案：同时代记载与后期整理本的年代对照；相关领域文献对“公开资源资料、生产边界与环境记录”的用语与记录方式；同时代资料、后期整理和出处链。需对照资源系统与矿业影响中的定义、对象索引与适用条件","记录与过去实践","留存资料受保存及整理选择影响，不是过去实践的完整镜像。","false"
"mining-engineering-2","mining-engineering","矿产资源评价","mining-engineering-2","direction-case","矿产资源评价研究档案：公开资源资料、生产边界与环境记录；来源、迁移途径和受影响对象；计量单位、时间窗口和未计入的投入。需对照资源系统与矿业影响中的定义、对象索引与适用条件","来源与负担","排放减少与受影响对象负担减少需要通过路径联系。 资源数量、可利用性和环境代价是不同判断。","false"
"mining-engineering-3","mining-engineering","矿业系统模型","mining-engineering-3","direction-case","矿业系统模型研究档案：公开资源资料、生产边界与环境记录；模型边界、参数来源和验证情境；系统边界、反馈连接和尺度转换；参数出处、边界条件和独立检验情境。需对照资源系统与矿业影响中的定义、对象索引与适用条件","拟合与检验 / 局部与系统","校准资料不能同时充当完全独立的验证资料。 局部部件的收益可能被反馈和协调成本改变。 资源数量、可利用性和环境代价是不同判断。","false"
"mining-engineering-4","mining-engineering","矿业组织研究","mining-engineering-4","direction-case","矿业组织研究研究档案：公开资源资料、生产边界与环境记录；细胞组成、功能层次和独立来源；生产或服务记录、来源索引和版本条件；正式文本、执行条件与被排除的对象。需对照的具体条目：角色分工、资源联系与实际协调","组成与状态 / 系统记录与实际活动","群体差异可能来自组成与单元状态两方面，技术重复不是独立对象。 数字化记录的增多不自动代表实际产出或服务改善。 资源数量、可利用性和环境代价是不同判断。","false"
"mining-engineering-5","mining-engineering","矿业测量资料","mining-engineering-5","direction-case","矿业测量资料研究档案：公开资源资料、生产边界与环境记录；参考量、校准曲线和不确定性分项；生产或服务记录、来源索引和版本条件；参考依据、重复读数和误差分项。需对照资源系统与矿业影响中的定义、对象索引与适用条件","精密与准确 / 系统记录与实际活动","重复读数接近说明精密性，不能排除系统偏差。 数字化记录的增多不自动代表实际产出或服务改善。 资源数量、可利用性和环境代价是不同判断。","false"
"mining-engineering-6","mining-engineering","矿业环境评价","mining-engineering-6","direction-case","矿业环境评价研究档案：公开资源资料、生产边界与环境记录；来源、迁移途径和受影响对象；生产或服务记录、来源索引和版本条件。需对照资源系统与矿业影响中的定义、对象索引与适用条件","来源与负担 / 系统记录与实际活动","排放减少与受影响对象负担减少需要通过路径联系。 数字化记录的增多不自动代表实际产出或服务改善。 资源数量、可利用性和环境代价是不同判断。","false"
"mining-engineering-7","mining-engineering","资源利用评价","mining-engineering-7","direction-case","资源利用评价研究档案：公开资源资料、生产边界与环境记录；生产或服务记录、来源索引和版本条件；计量单位、时间窗口和未计入的投入。需对照资源系统与矿业影响中的定义、对象索引与适用条件","系统记录与实际活动","数字化记录的增多不自动代表实际产出或服务改善。 资源数量、可利用性和环境代价是不同判断。","false"
"mining-engineering-8","mining-engineering","矿业装备可靠性","mining-engineering-8","direction-case","矿业装备可靠性研究档案：公开资源资料、生产边界与环境记录；失效定义、暴露时长和退出原因；公开技术文献、展示口径和历史条件；版本变更、异常记录和失败复核。需对照资源系统与矿业影响中的定义、对象索引与适用条件","运行与可靠 / 文本与实绩","没有记录到失效不等于可靠，需要知道实际使用时长。 宣传或展示文本不能独立证明未公开的性能。 资源数量、可利用性和环境代价是不同判断。","false"
"mining-engineering-9","mining-engineering","矿业信息系统","mining-engineering-9","direction-case","矿业信息系统研究档案：公开资源资料、生产边界与环境记录；系统边界、反馈连接和尺度转换；版本规则、对象索引和使用任务。需对照资源系统与矿业影响中的定义、对象索引与适用条件","局部与系统 / 记录与对象","局部部件的收益可能被反馈和协调成本改变。 记录格式一致不保证对象相同，版本变化必须追溯。 资源数量、可利用性和环境代价是不同判断。","false"
"mining-engineering-10","mining-engineering","矿业安全文化","mining-engineering-10","direction-case","矿业安全文化研究档案：公开资源资料、生产边界与环境记录；公开资料定义、使用场景和解释边界；生产或服务记录、来源索引和版本条件。需对照的具体条目：公开信号、相互解释与承诺兑现；实践语境、符号用法与传承位置","可见资料与总体 / 系统记录与实际活动","可见资料可能只覆盖特定工况或披露范围，需要说明边界。 数字化记录的增多不自动代表实际产出或服务改善。 资源数量、可利用性和环境代价是不同判断。","false"
"mining-engineering-11","mining-engineering","矿业教育","mining-engineering-11","direction-case","矿业教育研究档案：教学任务、学生作答与撤去帮助后的新题；相关领域文献对“公开资源资料、生产边界与环境记录”的用语与记录方式；任务目标、辅助条件和延迟表现。需对照资源系统与矿业影响中的定义、对象索引与适用条件","表现与学习","当场完成可受辅助影响，撤去帮助后的迁移才回答另一类问题。","false"
"mining-engineering-12","mining-engineering","矿业公共资料","mining-engineering-12","direction-case","矿业公共资料研究档案：公开资源资料、生产边界与环境记录；生产或服务记录、来源索引和版本条件。需对照资源系统与矿业影响中的定义、对象索引与适用条件","系统记录与实际活动","数字化记录的增多不自动代表实际产出或服务改善。 资源数量、可利用性和环境代价是不同判断。","false"
"petroleum-engineering-1","petroleum-engineering","油气地质资料","petroleum-engineering-1","direction-case","油气地质资料研究档案：公开储层模型、流体性质与生产时序；空间位置、形成序列和多解解释；能量边界、时间负荷和系统服务。需对照储层与能源流体中的定义、对象索引与适用条件","反演与唯一性 / 效率与系统收益","同一观测可能对应多个地下结构，需要说明约束。 部件效率高不保证系统全年收益更高。 储量估计与实际可采结果依赖不同条件。","false"
"petroleum-engineering-2","petroleum-engineering","油气资源评价","petroleum-engineering-2","direction-case","油气资源评价研究档案：公开储层模型、流体性质与生产时序；能量边界、时间负荷和系统服务；来源、迁移途径和受影响对象；计量单位、时间窗口和未计入的投入。需对照储层与能源流体中的定义、对象索引与适用条件","效率与系统收益 / 来源与负担","部件效率高不保证系统全年收益更高。 排放减少与受影响对象负担减少需要通过路径联系。 储量估计与实际可采结果依赖不同条件。","false"
"petroleum-engineering-3","petroleum-engineering","储层模型","petroleum-engineering-3","direction-case","储层模型研究档案：公开储层模型、流体性质与生产时序；空间位置、形成序列和多解解释；模型边界、参数来源和验证情境；参数出处、边界条件和独立检验情境。需对照储层与能源流体中的定义、对象索引与适用条件","反演与唯一性 / 拟合与检验","同一观测可能对应多个地下结构，需要说明约束。 校准资料不能同时充当完全独立的验证资料。 储量估计与实际可采结果依赖不同条件。","false"
"petroleum-engineering-4","petroleum-engineering","能源流体资料","petroleum-engineering-4","direction-case","能源流体资料研究档案：公开储层模型、流体性质与生产时序；边界条件、守恒项和流动尺度；能量边界、时间负荷和系统服务；计量单位、时间窗口和未计入的投入。需对照储层与能源流体中的定义、对象索引与适用条件","尺度与相似 / 效率与系统收益","外观相似的流动不一定具有相同无量纲条件。 部件效率高不保证系统全年收益更高。 储量估计与实际可采结果依赖不同条件。","false"
"petroleum-engineering-5","petroleum-engineering","油气测量","petroleum-engineering-5","direction-case","油气测量研究档案：公开储层模型、流体性质与生产时序；参考量、校准曲线和不确定性分项；能量边界、时间负荷和系统服务；参考依据、重复读数和误差分项。需对照储层与能源流体中的定义、对象索引与适用条件","精密与准确 / 效率与系统收益","重复读数接近说明精密性，不能排除系统偏差。 部件效率高不保证系统全年收益更高。 储量估计与实际可采结果依赖不同条件。","false"
"petroleum-engineering-6","petroleum-engineering","油气工程史","petroleum-engineering-6","direction-case","油气工程史研究档案：同时代记载与后期整理本的年代对照；相关领域文献对“公开储层模型、流体性质与生产时序”的用语与记录方式；同时代资料、后期整理和出处链。需对照储层与能源流体中的定义、对象索引与适用条件","记录与过去实践","留存资料受保存及整理选择影响，不是过去实践的完整镜像。","false"
"petroleum-engineering-7","petroleum-engineering","油气生产系统评价","petroleum-engineering-7","direction-case","油气生产系统评价研究档案：公开储层模型、流体性质与生产时序；能量边界、时间负荷和系统服务；到达率、处理能力和波动时段。需对照储层与能源流体中的定义、对象索引与适用条件","效率与系统收益 / 平均与波动","部件效率高不保证系统全年收益更高。 平均供需相等仍可能有等待，波动和容量约束很重要。 储量估计与实际可采结果依赖不同条件。","false"
"petroleum-engineering-8","petroleum-engineering","油气环境评价","petroleum-engineering-8","direction-case","油气环境评价研究档案：公开储层模型、流体性质与生产时序；能量边界、时间负荷和系统服务；来源、迁移途径和受影响对象。需对照储层与能源流体中的定义、对象索引与适用条件","效率与系统收益 / 来源与负担","部件效率高不保证系统全年收益更高。 排放减少与受影响对象负担减少需要通过路径联系。 储量估计与实际可采结果依赖不同条件。","false"
"petroleum-engineering-9","petroleum-engineering","油气装备可靠性","petroleum-engineering-9","direction-case","油气装备可靠性研究档案：公开储层模型、流体性质与生产时序；能量边界、时间负荷和系统服务；失效定义、暴露时长和退出原因；版本变更、异常记录和失败复核。需对照储层与能源流体中的定义、对象索引与适用条件","效率与系统收益 / 运行与可靠","部件效率高不保证系统全年收益更高。 没有记录到失效不等于可靠，需要知道实际使用时长。 储量估计与实际可采结果依赖不同条件。","false"
"petroleum-engineering-10","petroleum-engineering","油气数据质量","petroleum-engineering-10","direction-case","油气数据质量研究档案：公开储层模型、流体性质与生产时序；能量边界、时间负荷和系统服务；标签定义、版本变动和分歧样本；版本变更、异常记录和失败复核。需对照储层与能源流体中的定义、对象索引与适用条件","效率与系统收益 / 一致与有效","部件效率高不保证系统全年收益更高。 标签一致不能独立证明标签符合研究构念。 储量估计与实际可采结果依赖不同条件。","false"
"petroleum-engineering-11","petroleum-engineering","天然气系统评价","petroleum-engineering-11","direction-case","天然气系统评价研究档案：公开储层模型、流体性质与生产时序；能量边界、时间负荷和系统服务；系统边界、反馈连接和尺度转换。需对照储层与能源流体中的定义、对象索引与适用条件","效率与系统收益 / 局部与系统","部件效率高不保证系统全年收益更高。 局部部件的收益可能被反馈和协调成本改变。 储量估计与实际可采结果依赖不同条件。","false"
"petroleum-engineering-12","petroleum-engineering","能源转型资料","petroleum-engineering-12","direction-case","能源转型资料研究档案：公开储层模型、流体性质与生产时序；能量边界、时间负荷和系统服务；计量单位、时间窗口和未计入的投入。需对照储层与能源流体中的定义、对象索引与适用条件","效率与系统收益","部件效率高不保证系统全年收益更高。 储量估计与实际可采结果依赖不同条件。","false"
"textile-engineering-1","textile-engineering","纺织材料","textile-engineering-1","direction-case","纺织材料研究档案：纤维组成、织物结构与舒适任务；结构分布、缺陷表征和性质条件；批次、过程窗口和成品质量分布。需对照纤维、织物与使用中的定义、对象索引与适用条件","结构与组成 / 平均与一致性","相同名义组成可有不同结构分布，因此性质未必相同。 平均质量合格不保证每批都合格或过程稳定。 材料成分相同不保证织物结构及使用体验相同。","false"
"textile-engineering-2","textile-engineering","纺织工艺评价","textile-engineering-2","direction-case","纺织工艺评价研究档案：纤维组成、织物结构与舒适任务；批次、过程窗口和成品质量分布。需对照的具体条目：过程条件、批次差异与成品指标","平均与一致性","平均质量合格不保证每批都合格或过程稳定。 材料成分相同不保证织物结构及使用体验相同。","false"
"textile-engineering-3","textile-engineering","纺织化学资料","textile-engineering-3","direction-case","纺织化学资料研究档案：纤维组成、织物结构与舒适任务；物种指认、平衡条件和测量信号；批次、过程窗口和成品质量分布。需对照纤维、织物与使用中的定义、对象索引与适用条件","指认与定量 / 平均与一致性","能指认某成分不等于已准确测量其含量。 平均质量合格不保证每批都合格或过程稳定。 材料成分相同不保证织物结构及使用体验相同。","false"
"textile-engineering-4","textile-engineering","服装设计与工程","textile-engineering-4","direction-case","服装设计与工程研究档案：纤维组成、织物结构与舒适任务；设计任务、迭代版本和使用者反馈；任务路径、迭代版本和错误恢复记录。需对照纤维、织物与使用中的定义、对象索引与适用条件","意图与理解","设计者希望表达的含义不等于使用者实际理解。 材料成分相同不保证织物结构及使用体验相同。","false"
"textile-engineering-5","textile-engineering","纺织测量","textile-engineering-5","direction-case","纺织测量研究档案：纤维组成、织物结构与舒适任务；参考量、校准曲线和不确定性分项；批次、过程窗口和成品质量分布；参考依据、重复读数和误差分项。需对照纤维、织物与使用中的定义、对象索引与适用条件","精密与准确 / 平均与一致性","重复读数接近说明精密性，不能排除系统偏差。 平均质量合格不保证每批都合格或过程稳定。 材料成分相同不保证织物结构及使用体验相同。","false"
"textile-engineering-6","textile-engineering","纺织舒适性","textile-engineering-6","direction-case","纺织舒适性研究档案：纤维组成、织物结构与舒适任务；批次、过程窗口和成品质量分布。需对照的具体条目：穿着条件、主观体验与物性读数","平均与一致性","平均质量合格不保证每批都合格或过程稳定。 材料成分相同不保证织物结构及使用体验相同。","false"
"textile-engineering-7","textile-engineering","纺织结构","textile-engineering-7","direction-case","纺织结构研究档案：纤维组成、织物结构与舒适任务；批次、过程窗口和成品质量分布。需对照的具体条目：纤维排列、织物组织与力学响应","平均与一致性","平均质量合格不保证每批都合格或过程稳定。 材料成分相同不保证织物结构及使用体验相同。","false"
"textile-engineering-8","textile-engineering","纺织质量管理","textile-engineering-8","direction-case","纺织质量管理研究档案：纤维组成、织物结构与舒适任务；批次、过程窗口和成品质量分布；标签定义、版本变动和分歧样本；版本变更、异常记录和失败复核。需对照纤维、织物与使用中的定义、对象索引与适用条件","平均与一致性 / 一致与有效","平均质量合格不保证每批都合格或过程稳定。 标签一致不能独立证明标签符合研究构念。 材料成分相同不保证织物结构及使用体验相同。","false"
"textile-engineering-9","textile-engineering","纺织资源循环","textile-engineering-9","direction-case","纺织资源循环研究档案：纤维组成、织物结构与舒适任务；批次、过程窗口和成品质量分布；物理边界、观测响应和过程量；计量单位、时间窗口和未计入的投入。需对照纤维、织物与使用中的定义、对象索引与适用条件","平均与一致性 / 过程与读数","平均质量合格不保证每批都合格或过程稳定。 读数由过程和测量响应共同决定，需要明确边界。 材料成分相同不保证织物结构及使用体验相同。","false"
"textile-engineering-10","textile-engineering","纺织数字化","textile-engineering-10","direction-case","纺织数字化研究档案：纤维组成、织物结构与舒适任务；批次、过程窗口和成品质量分布；版本规则、对象索引和使用任务。需对照的具体条目：编码规则、平台入口与不可见记录","平均与一致性 / 记录与对象","平均质量合格不保证每批都合格或过程稳定。 记录格式一致不保证对象相同，版本变化必须追溯。 材料成分相同不保证织物结构及使用体验相同。","false"
"textile-engineering-11","textile-engineering","纺织史","textile-engineering-11","direction-case","纺织史研究档案：同时代记载与后期整理本的年代对照；相关领域文献对“纤维组成、织物结构与舒适任务”的用语与记录方式；同时代资料、后期整理和出处链。需对照纤维、织物与使用中的定义、对象索引与适用条件","记录与过去实践","留存资料受保存及整理选择影响，不是过去实践的完整镜像。","false"
"textile-engineering-12","textile-engineering","纺织教育","textile-engineering-12","direction-case","纺织教育研究档案：教学任务、学生作答与撤去帮助后的新题；相关领域文献对“纤维组成、织物结构与舒适任务”的用语与记录方式；任务目标、辅助条件和延迟表现。需对照纤维、织物与使用中的定义、对象索引与适用条件","表现与学习","当场完成可受辅助影响，撤去帮助后的迁移才回答另一类问题。","false"
"light-industry-1","light-industry","制浆造纸资料","light-industry-1","direction-case","制浆造纸资料研究档案：原料性质、加工变化与回收边界；批次、过程窗口和成品质量分布。需对照的具体条目：原料来源、纤维状态与纸张指标","平均与一致性","平均质量合格不保证每批都合格或过程稳定。 可回收宣称需要实际回收路径及材料状态。","false"
"light-industry-2","light-industry","制革材料资料","light-industry-2","direction-case","制革材料资料研究档案：原料性质、加工变化与回收边界；结构分布、缺陷表征和性质条件；批次、过程窗口和成品质量分布。需对照轻工材料与循环中的定义、对象索引与适用条件","结构与组成 / 平均与一致性","相同名义组成可有不同结构分布，因此性质未必相同。 平均质量合格不保证每批都合格或过程稳定。 可回收宣称需要实际回收路径及材料状态。","false"
"light-industry-3","light-industry","包装工程","light-industry-3","direction-case","包装工程研究档案：原料性质、加工变化与回收边界；批次、过程窗口和成品质量分布。需对照的具体条目：保护功能、使用任务与全周期边界","平均与一致性","平均质量合格不保证每批都合格或过程稳定。 可回收宣称需要实际回收路径及材料状态。","false"
"light-industry-4","light-industry","印刷工程","light-industry-4","direction-case","印刷工程研究档案：原料性质、加工变化与回收边界；批次、过程窗口和成品质量分布。需对照的具体条目：色彩条件、版面细节与复制误差","平均与一致性","平均质量合格不保证每批都合格或过程稳定。 可回收宣称需要实际回收路径及材料状态。","false"
"light-industry-5","light-industry","轻工过程评价","light-industry-5","direction-case","轻工过程评价研究档案：原料性质、加工变化与回收边界；生产或服务记录、来源索引和版本条件；时间戳、状态阶段和变化前后的并列记录。需对照轻工材料与循环中的定义、对象索引与适用条件","系统记录与实际活动","数字化记录的增多不自动代表实际产出或服务改善。 可回收宣称需要实际回收路径及材料状态。","false"
"light-industry-6","light-industry","轻工资源循环","light-industry-6","direction-case","轻工资源循环研究档案：原料性质、加工变化与回收边界；物理边界、观测响应和过程量；生产或服务记录、来源索引和版本条件；计量单位、时间窗口和未计入的投入。需对照轻工材料与循环中的定义、对象索引与适用条件","过程与读数 / 系统记录与实际活动","读数由过程和测量响应共同决定，需要明确边界。 数字化记录的增多不自动代表实际产出或服务改善。 可回收宣称需要实际回收路径及材料状态。","false"
"light-industry-7","light-industry","轻工产品设计","light-industry-7","direction-case","轻工产品设计研究档案：原料性质、加工变化与回收边界；成分、实际摄入和感官任务条件；设计任务、迭代版本和使用者反馈；任务路径、迭代版本和错误恢复记录。需对照的具体条目：制造约束、功能任务与使用环境","品质与接受 / 意图与理解","成分或仪器指标不能完整代替实际摄入和感官接受。 设计者希望表达的含义不等于使用者实际理解。 可回收宣称需要实际回收路径及材料状态。","false"
"light-industry-8","light-industry","轻工质量管理","light-industry-8","direction-case","轻工质量管理研究档案：原料性质、加工变化与回收边界；标签定义、版本变动和分歧样本；到达率、处理能力和波动时段；版本变更、异常记录和失败复核。需对照轻工材料与循环中的定义、对象索引与适用条件","一致与有效 / 平均与波动","标签一致不能独立证明标签符合研究构念。 平均供需相等仍可能有等待，波动和容量约束很重要。 可回收宣称需要实际回收路径及材料状态。","false"
"light-industry-9","light-industry","轻工材料测量","light-industry-9","direction-case","轻工材料测量研究档案：原料性质、加工变化与回收边界；结构分布、缺陷表征和性质条件；参考量、校准曲线和不确定性分项；参考依据、重复读数和误差分项。需对照轻工材料与循环中的定义、对象索引与适用条件","结构与组成 / 精密与准确","相同名义组成可有不同结构分布，因此性质未必相同。 重复读数接近说明精密性，不能排除系统偏差。 可回收宣称需要实际回收路径及材料状态。","false"
"light-industry-10","light-industry","轻工环境评价","light-industry-10","direction-case","轻工环境评价研究档案：原料性质、加工变化与回收边界；来源、迁移途径和受影响对象；生产或服务记录、来源索引和版本条件。需对照轻工材料与循环中的定义、对象索引与适用条件","来源与负担 / 系统记录与实际活动","排放减少与受影响对象负担减少需要通过路径联系。 数字化记录的增多不自动代表实际产出或服务改善。 可回收宣称需要实际回收路径及材料状态。","false"
"light-industry-11","light-industry","轻工数字化","light-industry-11","direction-case","轻工数字化研究档案：原料性质、加工变化与回收边界；版本规则、对象索引和使用任务；生产或服务记录、来源索引和版本条件。需对照的具体条目：编码规则、平台入口与不可见记录","记录与对象 / 系统记录与实际活动","记录格式一致不保证对象相同，版本变化必须追溯。 数字化记录的增多不自动代表实际产出或服务改善。 可回收宣称需要实际回收路径及材料状态。","false"
"light-industry-12","light-industry","轻工史","light-industry-12","direction-case","轻工史研究档案：同时代记载与后期整理本的年代对照；相关领域文献对“原料性质、加工变化与回收边界”的用语与记录方式；同时代资料、后期整理和出处链。需对照轻工材料与循环中的定义、对象索引与适用条件","记录与过去实践","留存资料受保存及整理选择影响，不是过去实践的完整镜像。","false"
"transportation-engineering-1","transportation-engineering","道路与铁道工程资料","transportation-engineering-1","direction-case","道路与铁道工程资料研究档案：需求时空、网络节点与服务覆盖；出行链、等待时间和可达机会。需对照出行、运输与网络中的定义、对象索引与适用条件","速度与可达性","平均速度提高不保证更多人能到达需要的服务。 平均速度提升不自动改善所有人的可达性。","false"
"transportation-engineering-2","transportation-engineering","交通信息工程","transportation-engineering-2","direction-case","交通信息工程研究档案：需求时空、网络节点与服务覆盖；采样条件、频谱结构和噪声假设；出行链、等待时间和可达机会。需对照的具体条目：链路条件、带宽与误码判据；完整出行链、等待与目的地机会","信号与处理 / 速度与可达性","处理后图形更平滑不等于真实信息更多。 平均速度提高不保证更多人能到达需要的服务。 平均速度提升不自动改善所有人的可达性。","false"
"transportation-engineering-3","transportation-engineering","交通运输规划","transportation-engineering-3","direction-case","交通运输规划研究档案：需求时空、网络节点与服务覆盖；可行域、目标权重和约束松弛；出行链、等待时间和可达机会。需对照的具体条目：完整出行链、等待与目的地机会","最优与可行 / 速度与可达性","最优只针对给定目标及约束，不代表现实中所有需求都满足。 平均速度提高不保证更多人能到达需要的服务。 平均速度提升不自动改善所有人的可达性。","false"
"transportation-engineering-4","transportation-engineering","交通运载工具评价","transportation-engineering-4","direction-case","交通运载工具评价研究档案：需求时空、网络节点与服务覆盖；版本锁定、输入契约和故障复现；出行链、等待时间和可达机会。需对照的具体条目：完整出行链、等待与目的地机会","功能与运行条件 / 速度与可达性","一次运行成功不保证更新、资源限制或异常输入下仍可靠。 平均速度提高不保证更多人能到达需要的服务。 平均速度提升不自动改善所有人的可达性。","false"
"transportation-engineering-5","transportation-engineering","交通组织","transportation-engineering-5","direction-case","交通组织研究档案：需求时空、网络节点与服务覆盖；出行链、等待时间和可达机会；细胞组成、功能层次和独立来源；正式文本、执行条件与被排除的对象。需对照的具体条目：完整出行链、等待与目的地机会；角色分工、资源联系与实际协调","速度与可达性 / 组成与状态","平均速度提高不保证更多人能到达需要的服务。 群体差异可能来自组成与单元状态两方面，技术重复不是独立对象。 平均速度提升不自动改善所有人的可达性。","false"
"transportation-engineering-6","transportation-engineering","出行行为","transportation-engineering-6","direction-case","出行行为研究档案：需求时空、网络节点与服务覆盖；出行链、等待时间和可达机会。需对照的具体条目：完整出行链、等待与目的地机会；选择集合、行程目的与机会约束","速度与可达性","平均速度提高不保证更多人能到达需要的服务。 平均速度提升不自动改善所有人的可达性。","false"
"transportation-engineering-7","transportation-engineering","公共交通","transportation-engineering-7","direction-case","公共交通研究档案：需求时空、网络节点与服务覆盖；出行链、等待时间和可达机会。需对照的具体条目：完整出行链、等待与目的地机会；线路覆盖、候车时间与换乘条件","速度与可达性","平均速度提高不保证更多人能到达需要的服务。 平均速度提升不自动改善所有人的可达性。","false"
"transportation-engineering-8","transportation-engineering","交通测量","transportation-engineering-8","direction-case","交通测量研究档案：需求时空、网络节点与服务覆盖；参考量、校准曲线和不确定性分项；出行链、等待时间和可达机会；参考依据、重复读数和误差分项。需对照的具体条目：完整出行链、等待与目的地机会","精密与准确 / 速度与可达性","重复读数接近说明精密性，不能排除系统偏差。 平均速度提高不保证更多人能到达需要的服务。 平均速度提升不自动改善所有人的可达性。","false"
"transportation-engineering-9","transportation-engineering","交通可靠性","transportation-engineering-9","direction-case","交通可靠性研究档案：需求时空、网络节点与服务覆盖；出行链、等待时间和可达机会；失效定义、暴露时长和退出原因；版本变更、异常记录和失败复核。需对照的具体条目：完整出行链、等待与目的地机会","速度与可达性 / 运行与可靠","平均速度提高不保证更多人能到达需要的服务。 没有记录到失效不等于可靠，需要知道实际使用时长。 平均速度提升不自动改善所有人的可达性。","false"
"transportation-engineering-10","transportation-engineering","交通环境评价","transportation-engineering-10","direction-case","交通环境评价研究档案：需求时空、网络节点与服务覆盖；出行链、等待时间和可达机会；来源、迁移途径和受影响对象。需对照的具体条目：完整出行链、等待与目的地机会","速度与可达性 / 来源与负担","平均速度提高不保证更多人能到达需要的服务。 排放减少与受影响对象负担减少需要通过路径联系。 平均速度提升不自动改善所有人的可达性。","false"
"transportation-engineering-11","transportation-engineering","交通工程史","transportation-engineering-11","direction-case","交通工程史研究档案：同时代记载与后期整理本的年代对照；相关领域文献对“需求时空、网络节点与服务覆盖”的用语与记录方式；同时代资料、后期整理和出处链。需对照的具体条目：完整出行链、等待与目的地机会","记录与过去实践","留存资料受保存及整理选择影响，不是过去实践的完整镜像。","false"
"transportation-engineering-12","transportation-engineering","交通可及性","transportation-engineering-12","direction-case","交通可及性研究档案：需求时空、网络节点与服务覆盖；出行链、等待时间和可达机会；任务完成、错误恢复和辅助条件；任务路径、迭代版本和错误恢复记录。需对照的具体条目：完整出行链、等待与目的地机会","速度与可达性 / 完成与体验","平均速度提高不保证更多人能到达需要的服务。 完成率不能独立概括负担、可及性和错误恢复。 平均速度提升不自动改善所有人的可达性。","false"
"ship-engineering-1","ship-engineering","船舶结构评价","ship-engineering-1","direction-case","船舶结构评价研究档案：公开船体模型、波浪条件与系统响应；出行链、等待时间和可达机会。需对照的具体条目：海况、载荷状态与协作时间","速度与可达性","平均速度提高不保证更多人能到达需要的服务。 静水条件不能代表复杂波浪下的响应。","false"
"ship-engineering-2","ship-engineering","船舶流体模型","ship-engineering-2","direction-case","船舶流体模型研究档案：公开船体模型、波浪条件与系统响应；边界条件、守恒项和流动尺度；出行链、等待时间和可达机会；参数出处、边界条件和独立检验情境。需对照的具体条目：海况、载荷状态与协作时间","尺度与相似 / 速度与可达性","外观相似的流动不一定具有相同无量纲条件。 平均速度提高不保证更多人能到达需要的服务。 静水条件不能代表复杂波浪下的响应。","false"
"ship-engineering-3","ship-engineering","海洋结构","ship-engineering-3","direction-case","海洋结构研究档案：公开船体模型、波浪条件与系统响应；水体层次、季节窗口和观测覆盖。需对照的具体条目：水层位置、季节与水团背景","空间与季节","不同水层或季节的资料不能只按地点名称合并。 静水条件不能代表复杂波浪下的响应。","false"
"ship-engineering-4","ship-engineering","船舶动力资料","ship-engineering-4","direction-case","船舶动力资料研究档案：公开船体模型、波浪条件与系统响应；初值集合、时间轨迹和稳定性定义；出行链、等待时间和可达机会。需对照的具体条目：海况、载荷状态与协作时间","局部与全局 / 速度与可达性","一条轨道的表现不能独立证明所有初值的稳定性。 平均速度提高不保证更多人能到达需要的服务。 静水条件不能代表复杂波浪下的响应。","false"
"ship-engineering-5","ship-engineering","海洋工程测量","ship-engineering-5","direction-case","海洋工程测量研究档案：公开船体模型、波浪条件与系统响应；参考量、校准曲线和不确定性分项；水体层次、季节窗口和观测覆盖；参考依据、重复读数和误差分项。需对照的具体条目：水层位置、季节与水团背景；控制点、位置精度与施工任务","精密与准确 / 空间与季节","重复读数接近说明精密性，不能排除系统偏差。 不同水层或季节的资料不能只按地点名称合并。 静水条件不能代表复杂波浪下的响应。","false"
"ship-engineering-6","ship-engineering","海洋装备可靠性","ship-engineering-6","direction-case","海洋装备可靠性研究档案：公开船体模型、波浪条件与系统响应；水体层次、季节窗口和观测覆盖；失效定义、暴露时长和退出原因；版本变更、异常记录和失败复核。需对照的具体条目：水层位置、季节与水团背景","空间与季节 / 运行与可靠","不同水层或季节的资料不能只按地点名称合并。 没有记录到失效不等于可靠，需要知道实际使用时长。 静水条件不能代表复杂波浪下的响应。","false"
"ship-engineering-7","ship-engineering","港口协作资料","ship-engineering-7","direction-case","港口协作资料研究档案：公开船体模型、波浪条件与系统响应；节点口径、边含义和缺失连接；出行链、等待时间和可达机会。需对照的具体条目：海况、载荷状态与协作时间","关系与记录 / 速度与可达性","没有记录到连接不等于不存在关系，边的定义影响结构。 平均速度提高不保证更多人能到达需要的服务。 静水条件不能代表复杂波浪下的响应。","false"
"ship-engineering-8","ship-engineering","海洋环境工况","ship-engineering-8","direction-case","海洋环境工况研究档案：公开船体模型、波浪条件与系统响应；水体层次、季节窗口和观测覆盖；来源、迁移途径和受影响对象。需对照的具体条目：水层位置、季节与水团背景","空间与季节 / 来源与负担","不同水层或季节的资料不能只按地点名称合并。 排放减少与受影响对象负担减少需要通过路径联系。 静水条件不能代表复杂波浪下的响应。","false"
"ship-engineering-9","ship-engineering","船舶工程史","ship-engineering-9","direction-case","船舶工程史研究档案：同时代记载与后期整理本的年代对照；相关领域文献对“公开船体模型、波浪条件与系统响应”的用语与记录方式；同时代资料、后期整理和出处链。需对照的具体条目：海况、载荷状态与协作时间","记录与过去实践","留存资料受保存及整理选择影响，不是过去实践的完整镜像。","false"
"ship-engineering-10","ship-engineering","海洋工程材料","ship-engineering-10","direction-case","海洋工程材料研究档案：公开船体模型、波浪条件与系统响应；结构分布、缺陷表征和性质条件；水体层次、季节窗口和观测覆盖。需对照的具体条目：水层位置、季节与水团背景","结构与组成 / 空间与季节","相同名义组成可有不同结构分布，因此性质未必相同。 不同水层或季节的资料不能只按地点名称合并。 静水条件不能代表复杂波浪下的响应。","false"
"ship-engineering-11","ship-engineering","船舶数字化","ship-engineering-11","direction-case","船舶数字化研究档案：公开船体模型、波浪条件与系统响应；出行链、等待时间和可达机会；版本规则、对象索引和使用任务。需对照的具体条目：海况、载荷状态与协作时间；编码规则、平台入口与不可见记录","速度与可达性 / 记录与对象","平均速度提高不保证更多人能到达需要的服务。 记录格式一致不保证对象相同，版本变化必须追溯。 静水条件不能代表复杂波浪下的响应。","false"
"ship-engineering-12","ship-engineering","海洋工程教育","ship-engineering-12","direction-case","海洋工程教育研究档案：教学任务、学生作答与撤去帮助后的新题；相关领域文献对“公开船体模型、波浪条件与系统响应”的用语与记录方式；任务目标、辅助条件和延迟表现。需对照的具体条目：水层位置、季节与水团背景","表现与学习","当场完成可受辅助影响，撤去帮助后的迁移才回答另一类问题。","false"
"armament-history-1","armament-history","兵器技术史","armament-history-1","direction-case","兵器技术史研究档案：同时代记载与后期整理本的年代对照；相关领域文献对“博物馆藏品、公开标准与技术文献”的用语与记录方式；公开技术文献、展示口径和历史条件；同时代资料、后期整理和出处链。需对照的具体条目：工具版本、使用任务与适用承诺","文本与实绩 / 记录与过去实践","宣传或展示文本不能独立证明未公开的性能。 留存资料受保存及整理选择影响，不是过去实践的完整镜像。","false"
"armament-history-2","armament-history","装备博物馆资料","armament-history-2","direction-case","装备博物馆资料研究档案：公开来源、展陈取舍与观众提出的问题；相关领域文献对“博物馆藏品、公开标准与技术文献”的用语与记录方式；公开技术文献、展示口径和历史条件。需对照的具体条目：藏品出处、展陈分类与历史说明","文本与实绩","宣传或展示文本不能独立证明未公开的性能。","false"
"armament-history-3","armament-history","装备标准史","armament-history-3","direction-case","装备标准史研究档案：同时代记载与后期整理本的年代对照；相关领域文献对“博物馆藏品、公开标准与技术文献”的用语与记录方式；公开技术文献、展示口径和历史条件；同时代资料、后期整理和出处链。需对照公开装备文物与技术史中的定义、对象索引与适用条件","文本与实绩 / 记录与过去实践","宣传或展示文本不能独立证明未公开的性能。 留存资料受保存及整理选择影响，不是过去实践的完整镜像。","false"
"armament-history-4","armament-history","技术档案评价","armament-history-4","direction-case","技术档案评价研究档案：逐页出处、底本差异和缺页索引；相关领域文献对“博物馆藏品、公开标准与技术文献”的用语与记录方式；同时代资料、后期整理和出处链。需对照的具体条目：工具版本、使用任务与适用承诺；形成机关、归档过程与缺件","记录与过去实践","留存资料受保存及整理选择影响，不是过去实践的完整镜像。","false"
"armament-history-5","armament-history","公开技术叙事","armament-history-5","direction-case","公开技术叙事研究档案：博物馆藏品、公开标准与技术文献；公开技术文献、展示口径和历史条件；公开资料定义、使用场景和解释边界。需对照的具体条目：叙述声音、关键片段与版本语境；工具版本、使用任务与适用承诺","文本与实绩 / 可见资料与总体","宣传或展示文本不能独立证明未公开的性能。 可见资料可能只覆盖特定工况或披露范围，需要说明边界。 展示复原与历史实际使用需要区分。","false"
"armament-history-6","armament-history","材料史","armament-history-6","direction-case","材料史研究档案：同时代记载与后期整理本的年代对照；相关领域文献对“博物馆藏品、公开标准与技术文献”的用语与记录方式；同时代资料、后期整理和出处链。需对照公开装备文物与技术史中的定义、对象索引与适用条件","记录与过去实践","留存资料受保存及整理选择影响，不是过去实践的完整镜像。","false"
"armament-history-7","armament-history","工业组织史","armament-history-7","direction-case","工业组织史研究档案：同时代记载与后期整理本的年代对照；相关领域文献对“博物馆藏品、公开标准与技术文献”的用语与记录方式；同时代资料、后期整理和出处链。需对照的具体条目：制造约束、功能任务与使用环境；角色分工、资源联系与实际协调","记录与过去实践","留存资料受保存及整理选择影响，不是过去实践的完整镜像。","false"
"armament-history-8","armament-history","科技伦理","armament-history-8","direction-case","科技伦理研究档案：行动者理由、利益负担与提出异议的记录；相关领域文献对“博物馆藏品、公开标准与技术文献”的用语与记录方式；受益负担、行动理由和申诉机会。需对照的具体条目：行动理由、受益负担与申诉机会；仪器记录、研究制度与知识传播","描述与规范","多数偏好或事实描述不能独立证成规范结论。","false"
"armament-history-9","armament-history","装备展示研究","armament-history-9","direction-case","装备展示研究研究档案：公开来源、展陈取舍与观众提出的问题；相关领域文献对“博物馆藏品、公开标准与技术文献”的用语与记录方式；公开技术文献、展示口径和历史条件。需对照的具体条目：展示选择、公开主张与观众理解","文本与实绩","宣传或展示文本不能独立证明未公开的性能。","false"
"armament-history-10","armament-history","技术教育史","armament-history-10","direction-case","技术教育史研究档案：同时代记载与后期整理本的年代对照；相关领域文献对“博物馆藏品、公开标准与技术文献”的用语与记录方式；同时代资料、后期整理和出处链。需对照的具体条目：工具版本、使用任务与适用承诺","记录与过去实践","留存资料受保存及整理选择影响，不是过去实践的完整镜像。","false"
"armament-history-11","armament-history","文物技术资料","armament-history-11","direction-case","文物技术资料研究档案：博物馆藏品、公开标准与技术文献；来源链、材料状态和保存环境。需对照的具体条目：工具版本、使用任务与适用承诺","来源与状态","外观改善不能证明来源可靠或长期保存稳定。 展示复原与历史实际使用需要区分。","false"
"armament-history-12","armament-history","技术文献校勘","armament-history-12","direction-case","技术文献校勘研究档案：逐页出处、底本差异和缺页索引；相关领域文献对“博物馆藏品、公开标准与技术文献”的用语与记录方式；同时代资料、后期整理和出处链。需对照的具体条目：工具版本、使用任务与适用承诺；异文分布、传抄关系与改字依据","记录与过去实践","留存资料受保存及整理选择影响，不是过去实践的完整镜像。","false"
"nuclear-engineering-1","nuclear-engineering","核工程史","nuclear-engineering-1","direction-case","核工程史研究档案：同时代记载与后期整理本的年代对照；相关领域文献对“公开系统资料、辐射测量语义与环境评价”的用语与记录方式；公开技术文献、展示口径和历史条件；同时代资料、后期整理和出处链。需对照公开核能系统与测量中的定义、对象索引与适用条件","文本与实绩 / 记录与过去实践","宣传或展示文本不能独立证明未公开的性能。 留存资料受保存及整理选择影响，不是过去实践的完整镜像。","false"
"nuclear-engineering-2","nuclear-engineering","核能系统评价","nuclear-engineering-2","direction-case","核能系统评价研究档案：公开系统资料、辐射测量语义与环境评价；能量边界、时间负荷和系统服务；系统边界、反馈连接和尺度转换。需对照公开核能系统与测量中的定义、对象索引与适用条件","效率与系统收益 / 局部与系统","部件效率高不保证系统全年收益更高。 局部部件的收益可能被反馈和协调成本改变。 计数读数与物理量需要校准对应，公开模型有边界。","false"
"nuclear-engineering-3","nuclear-engineering","辐射测量资料","nuclear-engineering-3","direction-case","辐射测量资料研究档案：公开系统资料、辐射测量语义与环境评价；参考量、校准曲线和不确定性分项；公开技术文献、展示口径和历史条件；参考依据、重复读数和误差分项。需对照公开核能系统与测量中的定义、对象索引与适用条件","精密与准确 / 文本与实绩","重复读数接近说明精密性，不能排除系统偏差。 宣传或展示文本不能独立证明未公开的性能。 计数读数与物理量需要校准对应，公开模型有边界。","false"
"nuclear-engineering-4","nuclear-engineering","核仪器史","nuclear-engineering-4","direction-case","核仪器史研究档案：同时代记载与后期整理本的年代对照；相关领域文献对“公开系统资料、辐射测量语义与环境评价”的用语与记录方式；同时代资料、后期整理和出处链。需对照公开核能系统与测量中的定义、对象索引与适用条件","记录与过去实践","留存资料受保存及整理选择影响，不是过去实践的完整镜像。","false"
"nuclear-engineering-5","nuclear-engineering","核材料公开资料","nuclear-engineering-5","direction-case","核材料公开资料研究档案：公开系统资料、辐射测量语义与环境评价；结构分布、缺陷表征和性质条件；公开资料定义、使用场景和解释边界。需对照公开核能系统与测量中的定义、对象索引与适用条件","结构与组成 / 可见资料与总体","相同名义组成可有不同结构分布，因此性质未必相同。 可见资料可能只覆盖特定工况或披露范围，需要说明边界。 计数读数与物理量需要校准对应，公开模型有边界。","false"
"nuclear-engineering-6","nuclear-engineering","核能环境评价","nuclear-engineering-6","direction-case","核能环境评价研究档案：公开系统资料、辐射测量语义与环境评价；能量边界、时间负荷和系统服务；来源、迁移途径和受影响对象。需对照公开核能系统与测量中的定义、对象索引与适用条件","效率与系统收益 / 来源与负担","部件效率高不保证系统全年收益更高。 排放减少与受影响对象负担减少需要通过路径联系。 计数读数与物理量需要校准对应，公开模型有边界。","false"
"nuclear-engineering-7","nuclear-engineering","核能政策","nuclear-engineering-7","direction-case","核能政策研究档案：公开系统资料、辐射测量语义与环境评价；能量边界、时间负荷和系统服务；正式文本、执行条件与被排除的对象。需对照的具体条目：文本目标、执行资源与受影响范围","效率与系统收益","部件效率高不保证系统全年收益更高。 计数读数与物理量需要校准对应，公开模型有边界。","false"
"nuclear-engineering-8","nuclear-engineering","核数据质量","nuclear-engineering-8","direction-case","核数据质量研究档案：公开系统资料、辐射测量语义与环境评价；标签定义、版本变动和分歧样本；到达率、处理能力和波动时段；版本变更、异常记录和失败复核。需对照公开核能系统与测量中的定义、对象索引与适用条件","一致与有效 / 平均与波动","标签一致不能独立证明标签符合研究构念。 平均供需相等仍可能有等待，波动和容量约束很重要。 计数读数与物理量需要校准对应，公开模型有边界。","false"
"nuclear-engineering-9","nuclear-engineering","核工程教育","nuclear-engineering-9","direction-case","核工程教育研究档案：教学任务、学生作答与撤去帮助后的新题；相关领域文献对“公开系统资料、辐射测量语义与环境评价”的用语与记录方式；任务目标、辅助条件和延迟表现。需对照公开核能系统与测量中的定义、对象索引与适用条件","表现与学习","当场完成可受辅助影响，撤去帮助后的迁移才回答另一类问题。","false"
"nuclear-engineering-10","nuclear-engineering","公共风险沟通","nuclear-engineering-10","direction-case","公共风险沟通研究档案：公开系统资料、辐射测量语义与环境评价；公开资料定义、使用场景和解释边界。需对照的具体条目：危险条件、暴露对象与实际脆弱性","可见资料与总体","可见资料可能只覆盖特定工况或披露范围，需要说明边界。 计数读数与物理量需要校准对应，公开模型有边界。","false"
"nuclear-engineering-11","nuclear-engineering","核能经济评价","nuclear-engineering-11","direction-case","核能经济评价研究档案：公开系统资料、辐射测量语义与环境评价；能量边界、时间负荷和系统服务；计量单位、时间窗口和未计入的投入。需对照公开核能系统与测量中的定义、对象索引与适用条件","效率与系统收益","部件效率高不保证系统全年收益更高。 计数读数与物理量需要校准对应，公开模型有边界。","false"
"nuclear-engineering-12","nuclear-engineering","公开模型复现","nuclear-engineering-12","direction-case","公开模型复现研究档案：公开系统资料、辐射测量语义与环境评价；模型边界、参数来源和验证情境；公开资料定义、使用场景和解释边界；参数出处、边界条件和独立检验情境。需对照的具体条目：原始版本、偏离记录与失败尝试","拟合与检验 / 可见资料与总体","校准资料不能同时充当完全独立的验证资料。 可见资料可能只覆盖特定工况或披露范围，需要说明边界。 计数读数与物理量需要校准对应，公开模型有边界。","false"
"agricultural-engineering-1","agricultural-engineering","农业机械评价","agricultural-engineering-1","direction-case","农业机械评价研究档案：地块条件、装备任务与作业质量；荷载条件、空间连接和服役环境。需对照的具体条目：载荷路径、连接间隙与服役状态","局部强度与整体功能","局部测试合格不独立保证整体在真实环境中完成任务。 实验场地表现不能自动代表复杂农田任务。","false"
"agricultural-engineering-2","agricultural-engineering","农业水土工程","agricultural-engineering-2","direction-case","农业水土工程研究档案：地块条件、装备任务与作业质量；水量边界、输入输出和时间尺度。需对照农田环境与装备中的定义、对象索引与适用条件","通量与储量","浓度、流量和储量不同，时间积分也影响总量。 实验场地表现不能自动代表复杂农田任务。","false"
"agricultural-engineering-3","agricultural-engineering","农业生物环境工程","agricultural-engineering-3","direction-case","农业生物环境工程研究档案：地块条件、装备任务与作业质量；来源、迁移途径和受影响对象；细胞组成、功能层次和独立来源。需对照农田环境与装备中的定义、对象索引与适用条件","来源与负担 / 组成与状态","排放减少与受影响对象负担减少需要通过路径联系。 群体差异可能来自组成与单元状态两方面，技术重复不是独立对象。 实验场地表现不能自动代表复杂农田任务。","false"
"agricultural-engineering-4","agricultural-engineering","农业电气化","agricultural-engineering-4","direction-case","农业电气化研究档案：地块条件、装备任务与作业质量；能量边界、时间负荷和系统服务。需对照农田环境与装备中的定义、对象索引与适用条件","效率与系统收益","部件效率高不保证系统全年收益更高。 实验场地表现不能自动代表复杂农田任务。","false"
"agricultural-engineering-5","agricultural-engineering","农业信息化","agricultural-engineering-5","direction-case","农业信息化研究档案：地块条件、装备任务与作业质量；版本规则、对象索引和使用任务；生产或服务记录、来源索引和版本条件。需对照农田环境与装备中的定义、对象索引与适用条件","记录与对象 / 系统记录与实际活动","记录格式一致不保证对象相同，版本变化必须追溯。 数字化记录的增多不自动代表实际产出或服务改善。 实验场地表现不能自动代表复杂农田任务。","false"
"agricultural-engineering-6","agricultural-engineering","农业装备可靠性","agricultural-engineering-6","direction-case","农业装备可靠性研究档案：地块条件、装备任务与作业质量；失效定义、暴露时长和退出原因；公开技术文献、展示口径和历史条件；版本变更、异常记录和失败复核。需对照农田环境与装备中的定义、对象索引与适用条件","运行与可靠 / 文本与实绩","没有记录到失效不等于可靠，需要知道实际使用时长。 宣传或展示文本不能独立证明未公开的性能。 实验场地表现不能自动代表复杂农田任务。","false"
"agricultural-engineering-7","agricultural-engineering","农业能源评价","agricultural-engineering-7","direction-case","农业能源评价研究档案：地块条件、装备任务与作业质量；能量边界、时间负荷和系统服务；计量单位、时间窗口和未计入的投入。需对照农田环境与装备中的定义、对象索引与适用条件","效率与系统收益","部件效率高不保证系统全年收益更高。 实验场地表现不能自动代表复杂农田任务。","false"
"agricultural-engineering-8","agricultural-engineering","设施农业工程","agricultural-engineering-8","direction-case","设施农业工程研究档案：地块条件、装备任务与作业质量；荷载条件、空间连接和服役环境；生产或服务记录、来源索引和版本条件。需对照农田环境与装备中的定义、对象索引与适用条件","局部强度与整体功能 / 系统记录与实际活动","局部测试合格不独立保证整体在真实环境中完成任务。 数字化记录的增多不自动代表实际产出或服务改善。 实验场地表现不能自动代表复杂农田任务。","false"
"agricultural-engineering-9","agricultural-engineering","农业工程测量","agricultural-engineering-9","direction-case","农业工程测量研究档案：地块条件、装备任务与作业质量；参考量、校准曲线和不确定性分项；生产或服务记录、来源索引和版本条件；参考依据、重复读数和误差分项。需对照的具体条目：控制点、位置精度与施工任务","精密与准确 / 系统记录与实际活动","重复读数接近说明精密性，不能排除系统偏差。 数字化记录的增多不自动代表实际产出或服务改善。 实验场地表现不能自动代表复杂农田任务。","false"
"agricultural-engineering-10","agricultural-engineering","农业工程史","agricultural-engineering-10","direction-case","农业工程史研究档案：同时代记载与后期整理本的年代对照；相关领域文献对“地块条件、装备任务与作业质量”的用语与记录方式；同时代资料、后期整理和出处链。需对照农田环境与装备中的定义、对象索引与适用条件","记录与过去实践","留存资料受保存及整理选择影响，不是过去实践的完整镜像。","false"
"agricultural-engineering-11","agricultural-engineering","农业机器人评价","agricultural-engineering-11","direction-case","农业机器人评价研究档案：地块条件、装备任务与作业质量；输入扰动、反馈状态和响应轨迹。需对照的具体条目：感知误差、控制任务与障碍情境","辨识与控制","拟合已有输入输出不保证闭环稳定或未见工况可靠。 实验场地表现不能自动代表复杂农田任务。","false"
"agricultural-engineering-12","agricultural-engineering","农业工程教育","agricultural-engineering-12","direction-case","农业工程教育研究档案：教学任务、学生作答与撤去帮助后的新题；相关领域文献对“地块条件、装备任务与作业质量”的用语与记录方式；任务目标、辅助条件和延迟表现。需对照农田环境与装备中的定义、对象索引与适用条件","表现与学习","当场完成可受辅助影响，撤去帮助后的迁移才回答另一类问题。","false"
"forest-engineering-1","forest-engineering","森林工程资料","forest-engineering-1","direction-case","森林工程资料研究档案：含水状态、木材结构与林产品任务；荷载条件、空间连接和服役环境。需对照的具体条目：林分阶段、更新个体与调查覆盖","局部强度与整体功能","局部测试合格不独立保证整体在真实环境中完成任务。 木材性能会受方向、含水状态和天然差异影响。","false"
"forest-engineering-2","forest-engineering","木材科学","forest-engineering-2","direction-case","木材科学研究档案：含水状态、木材结构与林产品任务；来源链、材料状态和保存环境。需对照木材与林业过程中的定义、对象索引与适用条件","来源与状态","外观改善不能证明来源可靠或长期保存稳定。 木材性能会受方向、含水状态和天然差异影响。","false"
"forest-engineering-3","forest-engineering","林产化学资料","forest-engineering-3","direction-case","林产化学资料研究档案：含水状态、木材结构与林产品任务；物种指认、平衡条件和测量信号。需对照木材与林业过程中的定义、对象索引与适用条件","指认与定量","能指认某成分不等于已准确测量其含量。 木材性能会受方向、含水状态和天然差异影响。","false"
"forest-engineering-4","forest-engineering","木材结构","forest-engineering-4","direction-case","木材结构研究档案：含水状态、木材结构与林产品任务；来源链、材料状态和保存环境。需对照木材与林业过程中的定义、对象索引与适用条件","来源与状态","外观改善不能证明来源可靠或长期保存稳定。 木材性能会受方向、含水状态和天然差异影响。","false"
"forest-engineering-5","forest-engineering","林业装备评价","forest-engineering-5","direction-case","林业装备评价研究档案：含水状态、木材结构与林产品任务；公开技术文献、展示口径和历史条件；生境条件、调查覆盖和管理历程。需对照的具体条目：林分阶段、更新个体与调查覆盖","文本与实绩 / 管理与状态","宣传或展示文本不能独立证明未公开的性能。 管理投入和生态或生产状态不同，观察覆盖也影响变化判断。 木材性能会受方向、含水状态和天然差异影响。","false"
"forest-engineering-6","forest-engineering","木材测量","forest-engineering-6","direction-case","木材测量研究档案：含水状态、木材结构与林产品任务；参考量、校准曲线和不确定性分项；来源链、材料状态和保存环境；参考依据、重复读数和误差分项。需对照木材与林业过程中的定义、对象索引与适用条件","精密与准确 / 来源与状态","重复读数接近说明精密性，不能排除系统偏差。 外观改善不能证明来源可靠或长期保存稳定。 木材性能会受方向、含水状态和天然差异影响。","false"
"forest-engineering-7","forest-engineering","林产品设计","forest-engineering-7","direction-case","林产品设计研究档案：含水状态、木材结构与林产品任务；设计任务、迭代版本和使用者反馈；生境条件、调查覆盖和管理历程；任务路径、迭代版本和错误恢复记录。需对照的具体条目：制造约束、功能任务与使用环境","意图与理解 / 管理与状态","设计者希望表达的含义不等于使用者实际理解。 管理投入和生态或生产状态不同，观察覆盖也影响变化判断。 木材性能会受方向、含水状态和天然差异影响。","false"
"forest-engineering-8","forest-engineering","林产资源循环","forest-engineering-8","direction-case","林产资源循环研究档案：含水状态、木材结构与林产品任务；物理边界、观测响应和过程量；生产或服务记录、来源索引和版本条件；计量单位、时间窗口和未计入的投入。需对照木材与林业过程中的定义、对象索引与适用条件","过程与读数 / 系统记录与实际活动","读数由过程和测量响应共同决定，需要明确边界。 数字化记录的增多不自动代表实际产出或服务改善。 木材性能会受方向、含水状态和天然差异影响。","false"
"forest-engineering-9","forest-engineering","林业工程质量","forest-engineering-9","direction-case","林业工程质量研究档案：含水状态、木材结构与林产品任务；到达率、处理能力和波动时段；生境条件、调查覆盖和管理历程；版本变更、异常记录和失败复核。需对照的具体条目：林分阶段、更新个体与调查覆盖","平均与波动 / 管理与状态","平均供需相等仍可能有等待，波动和容量约束很重要。 管理投入和生态或生产状态不同，观察覆盖也影响变化判断。 木材性能会受方向、含水状态和天然差异影响。","false"
"forest-engineering-10","forest-engineering","林业工程史","forest-engineering-10","direction-case","林业工程史研究档案：同时代记载与后期整理本的年代对照；相关领域文献对“含水状态、木材结构与林产品任务”的用语与记录方式；同时代资料、后期整理和出处链。需对照的具体条目：林分阶段、更新个体与调查覆盖","记录与过去实践","留存资料受保存及整理选择影响，不是过去实践的完整镜像。","false"
"forest-engineering-11","forest-engineering","木材数字化","forest-engineering-11","direction-case","木材数字化研究档案：含水状态、木材结构与林产品任务；来源链、材料状态和保存环境；版本规则、对象索引和使用任务。需对照的具体条目：编码规则、平台入口与不可见记录","来源与状态 / 记录与对象","外观改善不能证明来源可靠或长期保存稳定。 记录格式一致不保证对象相同，版本变化必须追溯。 木材性能会受方向、含水状态和天然差异影响。","false"
"forest-engineering-12","forest-engineering","林业工程教育","forest-engineering-12","direction-case","林业工程教育研究档案：教学任务、学生作答与撤去帮助后的新题；相关领域文献对“含水状态、木材结构与林产品任务”的用语与记录方式；任务目标、辅助条件和延迟表现。需对照的具体条目：林分阶段、更新个体与调查覆盖","表现与学习","当场完成可受辅助影响，撤去帮助后的迁移才回答另一类问题。","false"
"biomedical-engineering-1","biomedical-engineering","生物医学仪器","biomedical-engineering-1","direction-case","生物医学仪器研究档案：生物医学信号、器件性能与临床任务；参考量、校准曲线和不确定性分项；细胞组成、功能层次和独立来源；参考依据、重复读数和误差分项。需对照的具体条目：仪器性能、生物信号与使用环境","精密与准确 / 组成与状态","重复读数接近说明精密性，不能排除系统偏差。 群体差异可能来自组成与单元状态两方面，技术重复不是独立对象。 工程性能改善不自动等于患者结局改善。","false"
"biomedical-engineering-2","biomedical-engineering","生物医学信号","biomedical-engineering-2","direction-case","生物医学信号研究档案：生物医学信号、器件性能与临床任务；采样条件、频谱结构和噪声假设；细胞组成、功能层次和独立来源。需对照医学工程与使用中的定义、对象索引与适用条件","信号与处理 / 组成与状态","处理后图形更平滑不等于真实信息更多。 群体差异可能来自组成与单元状态两方面，技术重复不是独立对象。 工程性能改善不自动等于患者结局改善。","false"
"biomedical-engineering-3","biomedical-engineering","医学成像评价","biomedical-engineering-3","direction-case","医学成像评价研究档案：生物医学信号、器件性能与临床任务；观测时窗、响应条件和目标任务。需对照的具体条目：个体索引、采集版本与判读分歧","观察与任务","观测读数的改善不能独立代替目标任务的有效完成。 工程性能改善不自动等于患者结局改善。","false"
"biomedical-engineering-4","biomedical-engineering","生物材料评价","biomedical-engineering-4","direction-case","生物材料评价研究档案：生物医学信号、器件性能与临床任务；结构分布、缺陷表征和性质条件；细胞组成、功能层次和独立来源。需对照医学工程与使用中的定义、对象索引与适用条件","结构与组成 / 组成与状态","相同名义组成可有不同结构分布，因此性质未必相同。 群体差异可能来自组成与单元状态两方面，技术重复不是独立对象。 工程性能改善不自动等于患者结局改善。","false"
"biomedical-engineering-5","biomedical-engineering","康复工程","biomedical-engineering-5","direction-case","康复工程研究档案：生物医学信号、器件性能与临床任务；观测时窗、响应条件和目标任务。需对照的具体条目：辅助条件、日常任务与真实参与","观察与任务","观测读数的改善不能独立代替目标任务的有效完成。 工程性能改善不自动等于患者结局改善。","false"
"biomedical-engineering-6","biomedical-engineering","生物力学","biomedical-engineering-6","direction-case","生物力学研究档案：生物医学信号、器件性能与临床任务；载荷谱、变形状态和失效口径；细胞组成、功能层次和独立来源。需对照的具体条目：动作任务、身体负荷与运动学资料","强度与寿命 / 组成与状态","静态强度不能独立代替循环载荷下的寿命评价。 群体差异可能来自组成与单元状态两方面，技术重复不是独立对象。 工程性能改善不自动等于患者结局改善。","false"
"biomedical-engineering-7","biomedical-engineering","医学信息工程","biomedical-engineering-7","direction-case","医学信息工程研究档案：生物医学信号、器件性能与临床任务；版本规则、对象索引和使用任务；生产或服务记录、来源索引和版本条件。需对照医学工程与使用中的定义、对象索引与适用条件","记录与对象 / 系统记录与实际活动","记录格式一致不保证对象相同，版本变化必须追溯。 数字化记录的增多不自动代表实际产出或服务改善。 工程性能改善不自动等于患者结局改善。","false"
"biomedical-engineering-8","biomedical-engineering","医疗器械可用性","biomedical-engineering-8","direction-case","医疗器械可用性研究档案：生物医学信号、器件性能与临床任务；任务完成、错误恢复和辅助条件；任务路径、迭代版本和错误恢复记录。需对照医学工程与使用中的定义、对象索引与适用条件","完成与体验","完成率不能独立概括负担、可及性和错误恢复。 工程性能改善不自动等于患者结局改善。","false"
"biomedical-engineering-9","biomedical-engineering","辅助技术","biomedical-engineering-9","direction-case","辅助技术研究档案：生物医学信号、器件性能与临床任务；任务完成、错误恢复和辅助条件。需对照的具体条目：工具版本、使用任务与适用承诺","完成与体验","完成率不能独立概括负担、可及性和错误恢复。 工程性能改善不自动等于患者结局改善。","false"
"biomedical-engineering-10","biomedical-engineering","生物医学测量","biomedical-engineering-10","direction-case","生物医学测量研究档案：生物医学信号、器件性能与临床任务；参考量、校准曲线和不确定性分项；细胞组成、功能层次和独立来源；参考依据、重复读数和误差分项。需对照的具体条目：参考对象、生物变率与测量误差","精密与准确 / 组成与状态","重复读数接近说明精密性，不能排除系统偏差。 群体差异可能来自组成与单元状态两方面，技术重复不是独立对象。 工程性能改善不自动等于患者结局改善。","false"
"biomedical-engineering-11","biomedical-engineering","工程伦理","biomedical-engineering-11","direction-case","工程伦理研究档案：行动者理由、利益负担与提出异议的记录；相关领域文献对“生物医学信号、器件性能与临床任务”的用语与记录方式；受益负担、行动理由和申诉机会。需对照的具体条目：行动理由、受益负担与申诉机会","描述与规范","多数偏好或事实描述不能独立证成规范结论。","false"
"biomedical-engineering-12","biomedical-engineering","医学工程史","biomedical-engineering-12","direction-case","医学工程史研究档案：同时代记载与后期整理本的年代对照；相关领域文献对“生物医学信号、器件性能与临床任务”的用语与记录方式；同时代资料、后期整理和出处链。需对照医学工程与使用中的定义、对象索引与适用条件","记录与过去实践","留存资料受保存及整理选择影响，不是过去实践的完整镜像。","false"
"urban-planning-1","urban-planning","城市规划理论","urban-planning-1","direction-case","城市规划理论研究档案：空间方案、土地使用与公众参与；可行域、目标权重和约束松弛。需对照的具体条目：进入机会、空间路径与地方制度","最优与可行","最优只针对给定目标及约束，不代表现实中所有需求都满足。 规划图纸与实施及居民受益是不同证据。","false"
"urban-planning-2","urban-planning","城乡空间","urban-planning-2","direction-case","城乡空间研究档案：空间方案、土地使用与公众参与；空间使用、环境条件和使用者路径；坐标基准、空间单元和不同尺度的对照。需对照城乡空间与实施中的定义、对象索引与适用条件","设计与实际使用","图纸目标不能代替建成空间中不同使用者的体验。 规划图纸与实施及居民受益是不同证据。","false"
"urban-planning-3","urban-planning","区域规划","urban-planning-3","direction-case","区域规划研究档案：空间方案、土地使用与公众参与；可行域、目标权重和约束松弛；坐标基准、空间单元和不同尺度的对照。需对照城乡空间与实施中的定义、对象索引与适用条件","最优与可行","最优只针对给定目标及约束，不代表现实中所有需求都满足。 规划图纸与实施及居民受益是不同证据。","false"
"urban-planning-4","urban-planning","城市设计","urban-planning-4","direction-case","城市设计研究档案：空间方案、土地使用与公众参与；空间使用、环境条件和使用者路径；设计任务、迭代版本和使用者反馈；任务路径、迭代版本和错误恢复记录。需对照的具体条目：进入机会、空间路径与地方制度","设计与实际使用 / 意图与理解","图纸目标不能代替建成空间中不同使用者的体验。 设计者希望表达的含义不等于使用者实际理解。 规划图纸与实施及居民受益是不同证据。","false"
"urban-planning-5","urban-planning","社区规划","urban-planning-5","direction-case","社区规划研究档案：空间方案、土地使用与公众参与；可行域、目标权重和约束松弛；空间使用、环境条件和使用者路径。需对照的具体条目：进入机会、空间路径与地方制度","最优与可行 / 设计与实际使用","最优只针对给定目标及约束，不代表现实中所有需求都满足。 图纸目标不能代替建成空间中不同使用者的体验。 规划图纸与实施及居民受益是不同证据。","false"
"urban-planning-6","urban-planning","交通与空间","urban-planning-6","direction-case","交通与空间研究档案：空间方案、土地使用与公众参与；出行链、等待时间和可达机会；坐标基准、空间单元和不同尺度的对照。需对照的具体条目：完整出行链、等待与目的地机会","速度与可达性","平均速度提高不保证更多人能到达需要的服务。 规划图纸与实施及居民受益是不同证据。","false"
"urban-planning-7","urban-planning","历史空间保护","urban-planning-7","direction-case","历史空间保护研究档案：同时代记载与后期整理本的年代对照；相关领域文献对“空间方案、土地使用与公众参与”的用语与记录方式；同时代资料、后期整理和出处链。需对照的具体条目：历史位置、空间功能与更新选择","记录与过去实践","留存资料受保存及整理选择影响，不是过去实践的完整镜像。","false"
"urban-planning-8","urban-planning","规划实施评价","urban-planning-8","direction-case","规划实施评价研究档案：空间方案、土地使用与公众参与；可行域、目标权重和约束松弛。需对照城乡空间与实施中的定义、对象索引与适用条件","最优与可行","最优只针对给定目标及约束，不代表现实中所有需求都满足。 规划图纸与实施及居民受益是不同证据。","false"
"urban-planning-9","urban-planning","规划公众参与","urban-planning-9","direction-case","规划公众参与研究档案：公开来源、展陈取舍与观众提出的问题；相关领域文献对“空间方案、土地使用与公众参与”的用语与记录方式；可行域、目标权重和约束松弛。需对照城乡空间与实施中的定义、对象索引与适用条件","最优与可行","最优只针对给定目标及约束，不代表现实中所有需求都满足。","false"
"urban-planning-10","urban-planning","城乡规划史","urban-planning-10","direction-case","城乡规划史研究档案：同时代记载与后期整理本的年代对照；相关领域文献对“空间方案、土地使用与公众参与”的用语与记录方式；同时代资料、后期整理和出处链。需对照的具体条目：规划文本、实施时期与空间变迁","记录与过去实践","留存资料受保存及整理选择影响，不是过去实践的完整镜像。","false"
"urban-planning-11","urban-planning","规划数字工具","urban-planning-11","direction-case","规划数字工具研究档案：空间方案、土地使用与公众参与；可行域、目标权重和约束松弛；版本锁定、输入契约和故障复现。需对照的具体条目：编码规则、平台入口与不可见记录","最优与可行 / 功能与运行条件","最优只针对给定目标及约束，不代表现实中所有需求都满足。 一次运行成功不保证更新、资源限制或异常输入下仍可靠。 规划图纸与实施及居民受益是不同证据。","false"
"urban-planning-12","urban-planning","城乡公平","urban-planning-12","direction-case","城乡公平研究档案：行动者理由、利益负担与提出异议的记录；相关领域文献对“空间方案、土地使用与公众参与”的用语与记录方式；受益负担、行动理由和申诉机会。需对照城乡空间与实施中的定义、对象索引与适用条件","描述与规范","多数偏好或事实描述不能独立证成规范结论。","false"
"bio-engineering-1","bio-engineering","生物过程模型","bio-engineering-1","direction-case","生物过程模型研究档案：公开过程资料、批次状态与质量口径；细胞组成、功能层次和独立来源；模型边界、参数来源和验证情境；参数出处、边界条件和独立检验情境。需对照公开生物过程与批次中的定义、对象索引与适用条件","组成与状态 / 拟合与检验","群体差异可能来自组成与单元状态两方面，技术重复不是独立对象。 校准资料不能同时充当完全独立的验证资料。 批次均值不能独立说明每一批次均满足相同要求。","false"
"bio-engineering-2","bio-engineering","生物工程测量","bio-engineering-2","direction-case","生物工程测量研究档案：公开过程资料、批次状态与质量口径；参考量、校准曲线和不确定性分项；细胞组成、功能层次和独立来源；参考依据、重复读数和误差分项。需对照的具体条目：控制点、位置精度与施工任务","精密与准确 / 组成与状态","重复读数接近说明精密性，不能排除系统偏差。 群体差异可能来自组成与单元状态两方面，技术重复不是独立对象。 批次均值不能独立说明每一批次均满足相同要求。","false"
"bio-engineering-3","bio-engineering","生物材料资料","bio-engineering-3","direction-case","生物材料资料研究档案：公开过程资料、批次状态与质量口径；结构分布、缺陷表征和性质条件；细胞组成、功能层次和独立来源。需对照公开生物过程与批次中的定义、对象索引与适用条件","结构与组成 / 组成与状态","相同名义组成可有不同结构分布，因此性质未必相同。 群体差异可能来自组成与单元状态两方面，技术重复不是独立对象。 批次均值不能独立说明每一批次均满足相同要求。","false"
"bio-engineering-4","bio-engineering","生物制造公开资料","bio-engineering-4","direction-case","生物制造公开资料研究档案：公开过程资料、批次状态与质量口径；批次、过程窗口和成品质量分布；细胞组成、功能层次和独立来源。需对照公开生物过程与批次中的定义、对象索引与适用条件","平均与一致性 / 组成与状态","平均质量合格不保证每批都合格或过程稳定。 群体差异可能来自组成与单元状态两方面，技术重复不是独立对象。 批次均值不能独立说明每一批次均满足相同要求。","false"
"bio-engineering-5","bio-engineering","生物工程信息","bio-engineering-5","direction-case","生物工程信息研究档案：公开过程资料、批次状态与质量口径；细胞组成、功能层次和独立来源；版本规则、对象索引和使用任务。需对照公开生物过程与批次中的定义、对象索引与适用条件","组成与状态 / 记录与对象","群体差异可能来自组成与单元状态两方面，技术重复不是独立对象。 记录格式一致不保证对象相同，版本变化必须追溯。 批次均值不能独立说明每一批次均满足相同要求。","false"
"bio-engineering-6","bio-engineering","过程质量评价","bio-engineering-6","direction-case","过程质量评价研究档案：公开过程资料、批次状态与质量口径；到达率、处理能力和波动时段；版本变更、异常记录和失败复核。需对照公开生物过程与批次中的定义、对象索引与适用条件","平均与波动","平均供需相等仍可能有等待，波动和容量约束很重要。 批次均值不能独立说明每一批次均满足相同要求。","false"
"bio-engineering-7","bio-engineering","生物资源评价","bio-engineering-7","direction-case","生物资源评价研究档案：公开过程资料、批次状态与质量口径；来源、迁移途径和受影响对象；细胞组成、功能层次和独立来源；计量单位、时间窗口和未计入的投入。需对照公开生物过程与批次中的定义、对象索引与适用条件","来源与负担 / 组成与状态","排放减少与受影响对象负担减少需要通过路径联系。 群体差异可能来自组成与单元状态两方面，技术重复不是独立对象。 批次均值不能独立说明每一批次均满足相同要求。","false"
"bio-engineering-8","bio-engineering","工程批次资料","bio-engineering-8","direction-case","工程批次资料研究档案：公开过程资料、批次状态与质量口径；生产或服务记录、来源索引和版本条件。需对照公开生物过程与批次中的定义、对象索引与适用条件","系统记录与实际活动","数字化记录的增多不自动代表实际产出或服务改善。 批次均值不能独立说明每一批次均满足相同要求。","false"
"bio-engineering-9","bio-engineering","生物工程伦理","bio-engineering-9","direction-case","生物工程伦理研究档案：行动者理由、利益负担与提出异议的记录；相关领域文献对“公开过程资料、批次状态与质量口径”的用语与记录方式；受益负担、行动理由和申诉机会。需对照的具体条目：行动理由、受益负担与申诉机会","描述与规范","多数偏好或事实描述不能独立证成规范结论。","false"
"bio-engineering-10","bio-engineering","生物工程史","bio-engineering-10","direction-case","生物工程史研究档案：同时代记载与后期整理本的年代对照；相关领域文献对“公开过程资料、批次状态与质量口径”的用语与记录方式；同时代资料、后期整理和出处链。需对照公开生物过程与批次中的定义、对象索引与适用条件","记录与过去实践","留存资料受保存及整理选择影响，不是过去实践的完整镜像。","false"
"bio-engineering-11","bio-engineering","工程环境评价","bio-engineering-11","direction-case","工程环境评价研究档案：公开过程资料、批次状态与质量口径；来源、迁移途径和受影响对象。需对照公开生物过程与批次中的定义、对象索引与适用条件","来源与负担","排放减少与受影响对象负担减少需要通过路径联系。 批次均值不能独立说明每一批次均满足相同要求。","false"
"bio-engineering-12","bio-engineering","工程教育","bio-engineering-12","direction-case","工程教育研究档案：教学任务、学生作答与撤去帮助后的新题；相关领域文献对“公开过程资料、批次状态与质量口径”的用语与记录方式；任务目标、辅助条件和延迟表现。需对照公开生物过程与批次中的定义、对象索引与适用条件","表现与学习","当场完成可受辅助影响，撤去帮助后的迁移才回答另一类问题。","false"
"safety-engineering-1","safety-engineering","安全系统评价","safety-engineering-1","direction-case","安全系统评价研究档案：公开事故、屏障状态与组织回应；失效定义、暴露时长和退出原因；系统边界、反馈连接和尺度转换。需对照的具体条目：公开信号、相互解释与承诺兑现","运行与可靠 / 局部与系统","没有记录到失效不等于可靠，需要知道实际使用时长。 局部部件的收益可能被反馈和协调成本改变。 没有事故不独立证明风险为零或屏障有效。","false"
"safety-engineering-2","safety-engineering","安全管理","safety-engineering-2","direction-case","安全管理研究档案：公开事故、屏障状态与组织回应；公开资料定义、使用场景和解释边界；正式文本、执行条件与被排除的对象。需对照的具体条目：公开信号、相互解释与承诺兑现","可见资料与总体","可见资料可能只覆盖特定工况或披露范围，需要说明边界。 没有事故不独立证明风险为零或屏障有效。","false"
"safety-engineering-3","safety-engineering","人因与安全","safety-engineering-3","direction-case","人因与安全研究档案：公开事故、屏障状态与组织回应；任务完成、错误恢复和辅助条件。需对照的具体条目：公开信号、相互解释与承诺兑现","完成与体验","完成率不能独立概括负担、可及性和错误恢复。 没有事故不独立证明风险为零或屏障有效。","false"
"safety-engineering-4","safety-engineering","安全文化","safety-engineering-4","direction-case","安全文化研究档案：公开事故、屏障状态与组织回应；公开资料定义、使用场景和解释边界。需对照的具体条目：公开信号、相互解释与承诺兑现；实践语境、符号用法与传承位置","可见资料与总体","可见资料可能只覆盖特定工况或披露范围，需要说明边界。 没有事故不独立证明风险为零或屏障有效。","false"
"safety-engineering-5","safety-engineering","应急组织研究","safety-engineering-5","direction-case","应急组织研究研究档案：公开事故、屏障状态与组织回应；细胞组成、功能层次和独立来源；正式文本、执行条件与被排除的对象。需对照的具体条目：角色分工、资源联系与实际协调","组成与状态","群体差异可能来自组成与单元状态两方面，技术重复不是独立对象。 没有事故不独立证明风险为零或屏障有效。","false"
"safety-engineering-6","safety-engineering","风险沟通","safety-engineering-6","direction-case","风险沟通研究档案：公开事故、屏障状态与组织回应；公开资料定义、使用场景和解释边界。需对照的具体条目：危险条件、暴露对象与实际脆弱性","可见资料与总体","可见资料可能只覆盖特定工况或披露范围，需要说明边界。 没有事故不独立证明风险为零或屏障有效。","false"
"safety-engineering-7","safety-engineering","安全测量资料","safety-engineering-7","direction-case","安全测量资料研究档案：公开事故、屏障状态与组织回应；参考量、校准曲线和不确定性分项；参考依据、重复读数和误差分项。需对照的具体条目：公开信号、相互解释与承诺兑现","精密与准确","重复读数接近说明精密性，不能排除系统偏差。 没有事故不独立证明风险为零或屏障有效。","false"
"safety-engineering-8","safety-engineering","事故史料","safety-engineering-8","direction-case","事故史料研究档案：同时代记载与后期整理本的年代对照；相关领域文献对“公开事故、屏障状态与组织回应”的用语与记录方式；同时代资料、后期整理和出处链。需对照风险、屏障与组织中的定义、对象索引与适用条件","记录与过去实践","留存资料受保存及整理选择影响，不是过去实践的完整镜像。","false"
"safety-engineering-9","safety-engineering","职业安全教育","safety-engineering-9","direction-case","职业安全教育研究档案：教学任务、学生作答与撤去帮助后的新题；相关领域文献对“公开事故、屏障状态与组织回应”的用语与记录方式；任务目标、辅助条件和延迟表现。需对照的具体条目：进入退出、工时与收入分布；公开信号、相互解释与承诺兑现","表现与学习","当场完成可受辅助影响，撤去帮助后的迁移才回答另一类问题。","false"
"safety-engineering-10","safety-engineering","安全信息质量","safety-engineering-10","direction-case","安全信息质量研究档案：公开事故、屏障状态与组织回应；标签定义、版本变动和分歧样本；到达率、处理能力和波动时段；版本变更、异常记录和失败复核。需对照的具体条目：公开信号、相互解释与承诺兑现","一致与有效 / 平均与波动","标签一致不能独立证明标签符合研究构念。 平均供需相等仍可能有等待，波动和容量约束很重要。 没有事故不独立证明风险为零或屏障有效。","false"
"safety-engineering-11","safety-engineering","安全政策","safety-engineering-11","direction-case","安全政策研究档案：公开事故、屏障状态与组织回应；公开资料定义、使用场景和解释边界；正式文本、执行条件与被排除的对象。需对照的具体条目：公开信号、相互解释与承诺兑现；文本目标、执行资源与受影响范围","可见资料与总体","可见资料可能只覆盖特定工况或披露范围，需要说明边界。 没有事故不独立证明风险为零或屏障有效。","false"
"safety-engineering-12","safety-engineering","安全工程史","safety-engineering-12","direction-case","安全工程史研究档案：同时代记载与后期整理本的年代对照；相关领域文献对“公开事故、屏障状态与组织回应”的用语与记录方式；同时代资料、后期整理和出处链。需对照的具体条目：公开信号、相互解释与承诺兑现","记录与过去实践","留存资料受保存及整理选择影响，不是过去实践的完整镜像。","false"
"police-technology-1","police-technology","公开物证资料评价","police-technology-1","direction-case","公开物证资料评价研究档案：公开物证语义、标注和资料保全；公开资料定义、使用场景和解释边界。需对照的具体条目：物证来源、保全记录与同一性判断","可见资料与总体","可见资料可能只覆盖特定工况或披露范围，需要说明边界。 识别相似性不等于完整事实被证明。","false"
"police-technology-2","police-technology","公安技术史","police-technology-2","direction-case","公安技术史研究档案：同时代记载与后期整理本的年代对照；相关领域文献对“公开物证语义、标注和资料保全”的用语与记录方式；同时代资料、后期整理和出处链。需对照的具体条目：工具版本、使用任务与适用承诺；技术文献、机构任务与展示语境","记录与过去实践","留存资料受保存及整理选择影响，不是过去实践的完整镜像。","false"
"police-technology-3","police-technology","公共安全信息","police-technology-3","direction-case","公共安全信息研究档案：公开物证语义、标注和资料保全；版本规则、对象索引和使用任务。需对照的具体条目：公开信号、相互解释与承诺兑现","记录与对象","记录格式一致不保证对象相同，版本变化必须追溯。 识别相似性不等于完整事实被证明。","false"
"police-technology-4","police-technology","技术标准史","police-technology-4","direction-case","技术标准史研究档案：同时代记载与后期整理本的年代对照；相关领域文献对“公开物证语义、标注和资料保全”的用语与记录方式；同时代资料、后期整理和出处链。需对照的具体条目：工具版本、使用任务与适用承诺；标准版本、制定角色与适用变化","记录与过去实践","留存资料受保存及整理选择影响，不是过去实践的完整镜像。","false"
"police-technology-5","police-technology","技术展示研究","police-technology-5","direction-case","技术展示研究研究档案：公开来源、展陈取舍与观众提出的问题；相关领域文献对“公开物证语义、标注和资料保全”的用语与记录方式；公开技术文献、展示口径和历史条件。需对照的具体条目：工具版本、使用任务与适用承诺","文本与实绩","宣传或展示文本不能独立证明未公开的性能。","false"
"police-technology-6","police-technology","图像资料质量","police-technology-6","direction-case","图像资料质量研究档案：公开物证语义、标注和资料保全；标签定义、版本变动和分歧样本；到达率、处理能力和波动时段；版本变更、异常记录和失败复核。需对照的具体条目：作品状态、观看位置与形式细节","一致与有效 / 平均与波动","标签一致不能独立证明标签符合研究构念。 平均供需相等仍可能有等待，波动和容量约束很重要。 识别相似性不等于完整事实被证明。","false"
"police-technology-7","police-technology","公开数据标注","police-technology-7","direction-case","公开数据标注研究档案：公开物证语义、标注和资料保全；标签定义、版本变动和分歧样本；版本规则、对象索引和使用任务。需对照公开技术资料与证据中的定义、对象索引与适用条件","一致与有效 / 记录与对象","标签一致不能独立证明标签符合研究构念。 记录格式一致不保证对象相同，版本变化必须追溯。 识别相似性不等于完整事实被证明。","false"
"police-technology-8","police-technology","技术伦理","police-technology-8","direction-case","技术伦理研究档案：行动者理由、利益负担与提出异议的记录；相关领域文献对“公开物证语义、标注和资料保全”的用语与记录方式；受益负担、行动理由和申诉机会。需对照的具体条目：行动理由、受益负担与申诉机会；工具版本、使用任务与适用承诺","描述与规范","多数偏好或事实描述不能独立证成规范结论。","false"
"police-technology-9","police-technology","技术教育","police-technology-9","direction-case","技术教育研究档案：教学任务、学生作答与撤去帮助后的新题；相关领域文献对“公开物证语义、标注和资料保全”的用语与记录方式；任务目标、辅助条件和延迟表现。需对照的具体条目：工具版本、使用任务与适用承诺","表现与学习","当场完成可受辅助影响，撤去帮助后的迁移才回答另一类问题。","false"
"police-technology-10","police-technology","公开模型评价","police-technology-10","direction-case","公开模型评价研究档案：公开物证语义、标注和资料保全；模型边界、参数来源和验证情境；公开资料定义、使用场景和解释边界；参数出处、边界条件和独立检验情境。需对照公开技术资料与证据中的定义、对象索引与适用条件","拟合与检验 / 可见资料与总体","校准资料不能同时充当完全独立的验证资料。 可见资料可能只覆盖特定工况或披露范围，需要说明边界。 识别相似性不等于完整事实被证明。","false"
"police-technology-11","police-technology","数字资料保全研究","police-technology-11","direction-case","数字资料保全研究研究档案：公开物证语义、标注和资料保全；版本规则、对象索引和使用任务；生产或服务记录、来源索引和版本条件。需对照的具体条目：编码规则、平台入口与不可见记录","记录与对象 / 系统记录与实际活动","记录格式一致不保证对象相同，版本变化必须追溯。 数字化记录的增多不自动代表实际产出或服务改善。 识别相似性不等于完整事实被证明。","false"
"police-technology-12","police-technology","技术文献","police-technology-12","direction-case","技术文献研究档案：逐页出处、底本差异和缺页索引；相关领域文献对“公开物证语义、标注和资料保全”的用语与记录方式；公开资料定义、使用场景和解释边界。需对照的具体条目：工具版本、使用任务与适用承诺","可见资料与总体","可见资料可能只覆盖特定工况或披露范围，需要说明边界。","false"
"cybersecurity-studies-1","cybersecurity-studies","安全治理","cybersecurity-studies-1","direction-case","安全治理研究档案：公开威胁假设、形式规则与测试覆盖；责任边界、使用条件和资源约束；正式文本、执行条件与被排除的对象。需对照的具体条目：规则来源、执行条件与行动者立场；公开信号、相互解释与承诺兑现","声明与保障","声明达标不保证条件持续满足，需要可检查的运行记录。 保证需要明确攻击者能力和系统边界。","false"
"cybersecurity-studies-2","cybersecurity-studies","隐私保护评价","cybersecurity-studies-2","direction-case","隐私保护评价研究档案：公开威胁假设、形式规则与测试覆盖；公开威胁模型、安全定义和适用假设；公开资料定义、使用场景和解释边界。需对照的具体条目：公开隐私定义、使用情境与风险范围","保证与假设 / 可见资料与总体","安全结论只覆盖定义中的攻击者能力与条件。 可见资料可能只覆盖特定工况或披露范围，需要说明边界。 保证需要明确攻击者能力和系统边界。","false"
"cybersecurity-studies-3","cybersecurity-studies","密码学理论","cybersecurity-studies-3","direction-case","密码学理论研究档案：公开威胁假设、形式规则与测试覆盖；公开威胁模型、安全定义和适用假设。需对照的具体条目：安全定义、形式假设与证明范围","保证与假设","安全结论只覆盖定义中的攻击者能力与条件。 保证需要明确攻击者能力和系统边界。","false"
"cybersecurity-studies-4","cybersecurity-studies","可信计算资料","cybersecurity-studies-4","direction-case","可信计算资料研究档案：公开威胁假设、形式规则与测试覆盖；公开威胁模型、安全定义和适用假设。需对照的具体条目：可信边界、公开模型与适用承诺","保证与假设","安全结论只覆盖定义中的攻击者能力与条件。 保证需要明确攻击者能力和系统边界。","false"
"cybersecurity-studies-5","cybersecurity-studies","软件安全测试研究","cybersecurity-studies-5","direction-case","软件安全测试研究研究档案：公开威胁假设、形式规则与测试覆盖；参考量、校准曲线和不确定性分项；版本锁定、输入契约和故障复现；参考依据、重复读数和误差分项。需对照的具体条目：输入契约、依赖版本与错误复现；公开信号、相互解释与承诺兑现","精密与准确 / 功能与运行条件","重复读数接近说明精密性，不能排除系统偏差。 一次运行成功不保证更新、资源限制或异常输入下仍可靠。 保证需要明确攻击者能力和系统边界。","false"
"cybersecurity-studies-6","cybersecurity-studies","安全可用性","cybersecurity-studies-6","direction-case","安全可用性研究档案：公开威胁假设、形式规则与测试覆盖；任务完成、错误恢复和辅助条件；任务路径、迭代版本和错误恢复记录。需对照的具体条目：公开信号、相互解释与承诺兑现","完成与体验","完成率不能独立概括负担、可及性和错误恢复。 保证需要明确攻击者能力和系统边界。","false"
"cybersecurity-studies-7","cybersecurity-studies","安全协议形式分析","cybersecurity-studies-7","direction-case","安全协议形式分析研究档案：公开威胁假设、形式规则与测试覆盖；公开威胁模型、安全定义和适用假设；参数出处、边界条件和独立检验情境。需对照的具体条目：公开信号、相互解释与承诺兑现；输入假设、测量或推导链与不确定性","保证与假设","安全结论只覆盖定义中的攻击者能力与条件。 保证需要明确攻击者能力和系统边界。","false"
"cybersecurity-studies-8","cybersecurity-studies","安全教育","cybersecurity-studies-8","direction-case","安全教育研究档案：教学任务、学生作答与撤去帮助后的新题；相关领域文献对“公开威胁假设、形式规则与测试覆盖”的用语与记录方式；任务目标、辅助条件和延迟表现。需对照的具体条目：公开信号、相互解释与承诺兑现","表现与学习","当场完成可受辅助影响，撤去帮助后的迁移才回答另一类问题。","false"
"cybersecurity-studies-9","cybersecurity-studies","网络安全史","cybersecurity-studies-9","direction-case","网络安全史研究档案：同时代记载与后期整理本的年代对照；相关领域文献对“公开威胁假设、形式规则与测试覆盖”的用语与记录方式；同时代资料、后期整理和出处链。需对照的具体条目：公开信号、相互解释与承诺兑现","记录与过去实践","留存资料受保存及整理选择影响，不是过去实践的完整镜像。","false"
"cybersecurity-studies-10","cybersecurity-studies","公开漏洞资料评价","cybersecurity-studies-10","direction-case","公开漏洞资料评价研究档案：公开威胁假设、形式规则与测试覆盖；公开威胁模型、安全定义和适用假设；公开资料定义、使用场景和解释边界。需对照的具体条目：公开编号、影响版本与披露范围","保证与假设 / 可见资料与总体","安全结论只覆盖定义中的攻击者能力与条件。 可见资料可能只覆盖特定工况或披露范围，需要说明边界。 保证需要明确攻击者能力和系统边界。","false"
"cybersecurity-studies-11","cybersecurity-studies","安全测量","cybersecurity-studies-11","direction-case","安全测量研究档案：公开威胁假设、形式规则与测试覆盖；参考量、校准曲线和不确定性分项；参考依据、重复读数和误差分项。需对照的具体条目：公开信号、相互解释与承诺兑现","精密与准确","重复读数接近说明精密性，不能排除系统偏差。 保证需要明确攻击者能力和系统边界。","false"
"cybersecurity-studies-12","cybersecurity-studies","安全伦理","cybersecurity-studies-12","direction-case","安全伦理研究档案：行动者理由、利益负担与提出异议的记录；相关领域文献对“公开威胁假设、形式规则与测试覆盖”的用语与记录方式；受益负担、行动理由和申诉机会。需对照的具体条目：公开信号、相互解释与承诺兑现；行动理由、受益负担与申诉机会","描述与规范","多数偏好或事实描述不能独立证成规范结论。","false"
"landscape-studies-1","landscape-studies","风景园林历史","landscape-studies-1","direction-case","风景园林历史研究档案：同时代记载与后期整理本的年代对照；相关领域文献对“植物配置、空间网络与使用经历”的用语与记录方式；同时代资料、后期整理和出处链。需对照景观生态与使用中的定义、对象索引与适用条件","记录与过去实践","留存资料受保存及整理选择影响，不是过去实践的完整镜像。","false"
"landscape-studies-2","landscape-studies","园林设计","landscape-studies-2","direction-case","园林设计研究档案：植物配置、空间网络与使用经历；空间使用、环境条件和使用者路径；设计任务、迭代版本和使用者反馈；任务路径、迭代版本和错误恢复记录。需对照景观生态与使用中的定义、对象索引与适用条件","设计与实际使用 / 意图与理解","图纸目标不能代替建成空间中不同使用者的体验。 设计者希望表达的含义不等于使用者实际理解。 视觉景观评价不能替代生态功能及使用可及性。","false"
"landscape-studies-3","landscape-studies","景观规划","landscape-studies-3","direction-case","景观规划研究档案：植物配置、空间网络与使用经历；可行域、目标权重和约束松弛；空间使用、环境条件和使用者路径；坐标基准、空间单元和不同尺度的对照。需对照景观生态与使用中的定义、对象索引与适用条件","最优与可行 / 设计与实际使用","最优只针对给定目标及约束，不代表现实中所有需求都满足。 图纸目标不能代替建成空间中不同使用者的体验。 视觉景观评价不能替代生态功能及使用可及性。","false"
"landscape-studies-4","landscape-studies","景观生态设计","landscape-studies-4","direction-case","景观生态设计研究档案：植物配置、空间网络与使用经历；空间使用、环境条件和使用者路径；设计任务、迭代版本和使用者反馈；坐标基准、空间单元和不同尺度的对照。需对照景观生态与使用中的定义、对象索引与适用条件","设计与实际使用 / 意图与理解","图纸目标不能代替建成空间中不同使用者的体验。 设计者希望表达的含义不等于使用者实际理解。 视觉景观评价不能替代生态功能及使用可及性。","false"
"landscape-studies-5","landscape-studies","风景资源评价","landscape-studies-5","direction-case","风景资源评价研究档案：植物配置、空间网络与使用经历；来源、迁移途径和受影响对象；计量单位、时间窗口和未计入的投入。需对照景观生态与使用中的定义、对象索引与适用条件","来源与负担","排放减少与受影响对象负担减少需要通过路径联系。 视觉景观评价不能替代生态功能及使用可及性。","false"
"landscape-studies-6","landscape-studies","园林植物应用","landscape-studies-6","direction-case","园林植物应用研究档案：植物配置、空间网络与使用经历；空间使用、环境条件和使用者路径。需对照的具体条目：使用任务、落地条件与实际反馈","设计与实际使用","图纸目标不能代替建成空间中不同使用者的体验。 视觉景观评价不能替代生态功能及使用可及性。","false"
"landscape-studies-7","landscape-studies","公共空间","landscape-studies-7","direction-case","公共空间研究档案：植物配置、空间网络与使用经历；空间使用、环境条件和使用者路径；坐标基准、空间单元和不同尺度的对照。需对照的具体条目：使用时间、活动机会与排除条件","设计与实际使用","图纸目标不能代替建成空间中不同使用者的体验。 视觉景观评价不能替代生态功能及使用可及性。","false"
"landscape-studies-8","landscape-studies","景观使用评价","landscape-studies-8","direction-case","景观使用评价研究档案：植物配置、空间网络与使用经历；空间使用、环境条件和使用者路径；坐标基准、空间单元和不同尺度的对照。需对照的具体条目：使用者路径、活动条件与停留体验","设计与实际使用","图纸目标不能代替建成空间中不同使用者的体验。 视觉景观评价不能替代生态功能及使用可及性。","false"
"landscape-studies-9","landscape-studies","园林遗产","landscape-studies-9","direction-case","园林遗产研究档案：植物配置、空间网络与使用经历；空间使用、环境条件和使用者路径；来源链、材料状态和保存环境。需对照景观生态与使用中的定义、对象索引与适用条件","设计与实际使用 / 来源与状态","图纸目标不能代替建成空间中不同使用者的体验。 外观改善不能证明来源可靠或长期保存稳定。 视觉景观评价不能替代生态功能及使用可及性。","false"
"landscape-studies-10","landscape-studies","景观工程评价","landscape-studies-10","direction-case","景观工程评价研究档案：植物配置、空间网络与使用经历；空间使用、环境条件和使用者路径；坐标基准、空间单元和不同尺度的对照。需对照的具体条目：工程条件、生态目标与维护责任","设计与实际使用","图纸目标不能代替建成空间中不同使用者的体验。 视觉景观评价不能替代生态功能及使用可及性。","false"
"landscape-studies-11","landscape-studies","风景园林教育","landscape-studies-11","direction-case","风景园林教育研究档案：教学任务、学生作答与撤去帮助后的新题；相关领域文献对“植物配置、空间网络与使用经历”的用语与记录方式；任务目标、辅助条件和延迟表现。需对照景观生态与使用中的定义、对象索引与适用条件","表现与学习","当场完成可受辅助影响，撤去帮助后的迁移才回答另一类问题。","false"
"landscape-studies-12","landscape-studies","景观可及性","landscape-studies-12","direction-case","景观可及性研究档案：植物配置、空间网络与使用经历；空间使用、环境条件和使用者路径；任务完成、错误恢复和辅助条件；坐标基准、空间单元和不同尺度的对照。需对照景观生态与使用中的定义、对象索引与适用条件","设计与实际使用 / 完成与体验","图纸目标不能代替建成空间中不同使用者的体验。 完成率不能独立概括负担、可及性和错误恢复。 视觉景观评价不能替代生态功能及使用可及性。","false"
"plant-protection-1","plant-protection","植物病理资料","plant-protection-1","direction-case","植物病理资料研究档案：公开病害观察、生物多样性与健康历程；种群数量、群落组成和观测努力；细胞组成、功能层次和独立来源；不同层次的读数、背景条件和相反趋势。需对照作物健康与农田生态中的定义、对象索引与适用条件","出现与检测 / 组成与状态","未观察到不等于不存在，调查努力会改变检出。 群体差异可能来自组成与单元状态两方面，技术重复不是独立对象。 可见损伤、对象检出和产量影响不能直接等同。","false"
"plant-protection-2","plant-protection","农业昆虫学资料","plant-protection-2","direction-case","农业昆虫学资料研究档案：公开病害观察、生物多样性与健康历程；生境条件、调查覆盖和管理历程。需对照的具体条目：观察努力、寄主状态与识别口径","管理与状态","管理投入和生态或生产状态不同，观察覆盖也影响变化判断。 可见损伤、对象检出和产量影响不能直接等同。","false"
"plant-protection-3","plant-protection","植物检疫制度史","plant-protection-3","direction-case","植物检疫制度史研究档案：同时代记载与后期整理本的年代对照；相关领域文献对“公开病害观察、生物多样性与健康历程”的用语与记录方式；同时代资料、后期整理和出处链。需对照的具体条目：条文来源、权限分配与执行差异","记录与过去实践","留存资料受保存及整理选择影响，不是过去实践的完整镜像。","false"
"plant-protection-4","plant-protection","植保生态","plant-protection-4","direction-case","植保生态研究档案：公开病害观察、生物多样性与健康历程；种群数量、群落组成和观测努力；生境条件、调查覆盖和管理历程。需对照的具体条目：观察努力、寄主状态与识别口径","出现与检测 / 管理与状态","未观察到不等于不存在，调查努力会改变检出。 管理投入和生态或生产状态不同，观察覆盖也影响变化判断。 可见损伤、对象检出和产量影响不能直接等同。","false"
"plant-protection-5","plant-protection","作物健康观测","plant-protection-5","direction-case","作物健康观测研究档案：公开病害观察、生物多样性与健康历程；品种、环境和生育阶段记录；参考依据、重复读数和误差分项。需对照的具体条目：种质来源、品种、田块位置与生育阶段","品种与环境互作","一个环境的优势可能在另一个环境改变，阶段也影响比较。 可见损伤、对象检出和产量影响不能直接等同。","false"
"plant-protection-6","plant-protection","植保预警评价","plant-protection-6","direction-case","植保预警评价研究档案：公开病害观察、生物多样性与健康历程；生境条件、调查覆盖和管理历程。需对照的具体条目：观察努力、寄主状态与识别口径；预警时点、参照事件与误报漏报","管理与状态","管理投入和生态或生产状态不同，观察覆盖也影响变化判断。 可见损伤、对象检出和产量影响不能直接等同。","false"
"plant-protection-7","plant-protection","农业生物多样性","plant-protection-7","direction-case","农业生物多样性研究档案：公开病害观察、生物多样性与健康历程；种群数量、群落组成和观测努力；细胞组成、功能层次和独立来源。需对照作物健康与农田生态中的定义、对象索引与适用条件","出现与检测 / 组成与状态","未观察到不等于不存在，调查努力会改变检出。 群体差异可能来自组成与单元状态两方面，技术重复不是独立对象。 可见损伤、对象检出和产量影响不能直接等同。","false"
"plant-protection-8","plant-protection","植保资料质量","plant-protection-8","direction-case","植保资料质量研究档案：公开病害观察、生物多样性与健康历程；生境条件、调查覆盖和管理历程；版本变更、异常记录和失败复核。需对照的具体条目：观察努力、寄主状态与识别口径","管理与状态","管理投入和生态或生产状态不同，观察覆盖也影响变化判断。 可见损伤、对象检出和产量影响不能直接等同。","false"
"plant-protection-9","plant-protection","植保资源评价","plant-protection-9","direction-case","植保资源评价研究档案：公开病害观察、生物多样性与健康历程；来源、迁移途径和受影响对象；生境条件、调查覆盖和管理历程；计量单位、时间窗口和未计入的投入。需对照的具体条目：观察努力、寄主状态与识别口径","来源与负担 / 管理与状态","排放减少与受影响对象负担减少需要通过路径联系。 管理投入和生态或生产状态不同，观察覆盖也影响变化判断。 可见损伤、对象检出和产量影响不能直接等同。","false"
"plant-protection-10","plant-protection","植保教育","plant-protection-10","direction-case","植保教育研究档案：教学任务、学生作答与撤去帮助后的新题；相关领域文献对“公开病害观察、生物多样性与健康历程”的用语与记录方式；任务目标、辅助条件和延迟表现。需对照的具体条目：观察努力、寄主状态与识别口径","表现与学习","当场完成可受辅助影响，撤去帮助后的迁移才回答另一类问题。","false"
"plant-protection-11","plant-protection","植保史","plant-protection-11","direction-case","植保史研究档案：同时代记载与后期整理本的年代对照；相关领域文献对“公开病害观察、生物多样性与健康历程”的用语与记录方式；同时代资料、后期整理和出处链。需对照的具体条目：观察努力、寄主状态与识别口径","记录与过去实践","留存资料受保存及整理选择影响，不是过去实践的完整镜像。","false"
"plant-protection-12","plant-protection","农田健康管理","plant-protection-12","direction-case","农田健康管理研究档案：公开病害观察、生物多样性与健康历程；采样深度、容重和空间位置；正式文本、执行条件与被排除的对象。需对照作物健康与农田生态中的定义、对象索引与适用条件","浓度与存量","相同浓度在不同容重和厚度下不代表相同存量。 可见损伤、对象检出和产量影响不能直接等同。","false"
"animal-science-1","animal-science","动物遗传资料","animal-science-1","direction-case","动物遗传资料研究档案：饲养群组、营养状态与行为福利；参考版本、来源关系与变异表型对应；种群数量、群落组成和观测努力；不同层次的读数、背景条件和相反趋势。需对照动物生产与福利中的定义、对象索引与适用条件","关联与功能解释 / 出现与检测","共同变化或共分离提供线索，但不能独立证明因果及个体结局。 未观察到不等于不存在，调查努力会改变检出。 生产指标不能独立代表福利或个体健康。","false"
"animal-science-2","animal-science","动物营养资料","animal-science-2","direction-case","动物营养资料研究档案：饲养群组、营养状态与行为福利；组成、摄入及整体模式的分别记录；种群数量、群落组成和观测努力；计量单位、时间窗口和未计入的投入。需对照动物生产与福利中的定义、对象索引与适用条件","组成与实际摄入 / 出现与检测","成分丰富不代表摄入足够，实际摄入又不等于长期健康结果。 未观察到不等于不存在，调查努力会改变检出。 生产指标不能独立代表福利或个体健康。","false"
"animal-science-3","animal-science","动物生产系统","animal-science-3","direction-case","动物生产系统研究档案：饲养群组、营养状态与行为福利；种群数量、群落组成和观测努力。需对照动物生产与福利中的定义、对象索引与适用条件","出现与检测","未观察到不等于不存在，调查努力会改变检出。 生产指标不能独立代表福利或个体健康。","false"
"animal-science-4","animal-science","动物福利","animal-science-4","direction-case","动物福利研究档案：饲养群组、营养状态与行为福利；种群数量、群落组成和观测努力；个体状态、群体管理和可观察行为。需对照的具体条目：个体行为、管理群体与生活环境","出现与检测 / 生产与福利","未观察到不等于不存在，调查努力会改变检出。 生产指标不能独立代表福利，行为要结合环境解释。 生产指标不能独立代表福利或个体健康。","false"
"animal-science-5","animal-science","饲料评价","animal-science-5","direction-case","饲料评价研究档案：饲养群组、营养状态与行为福利；组成、摄入及整体模式的分别记录；成分、实际摄入和感官任务条件。需对照动物生产与福利中的定义、对象索引与适用条件","组成与实际摄入 / 品质与接受","成分丰富不代表摄入足够，实际摄入又不等于长期健康结果。 成分或仪器指标不能完整代替实际摄入和感官接受。 生产指标不能独立代表福利或个体健康。","false"
"animal-science-6","animal-science","畜牧生态","animal-science-6","direction-case","畜牧生态研究档案：饲养群组、营养状态与行为福利；种群数量、群落组成和观测努力；个体状态、群体管理和可观察行为。需对照的具体条目：个体行为、管理群体与生活环境；管理系统、资源收支与环境边界","出现与检测 / 生产与福利","未观察到不等于不存在，调查努力会改变检出。 生产指标不能独立代表福利，行为要结合环境解释。 生产指标不能独立代表福利或个体健康。","false"
"animal-science-7","animal-science","动物行为","animal-science-7","direction-case","动物行为研究档案：饲养群组、营养状态与行为福利；种群数量、群落组成和观测努力；个体状态、群体管理和可观察行为。需对照动物生产与福利中的定义、对象索引与适用条件","出现与检测 / 生产与福利","未观察到不等于不存在，调查努力会改变检出。 生产指标不能独立代表福利，行为要结合环境解释。 生产指标不能独立代表福利或个体健康。","false"
"animal-science-8","animal-science","畜产品质量","animal-science-8","direction-case","畜产品质量研究档案：饲养群组、营养状态与行为福利；生境条件、调查覆盖和管理历程；版本变更、异常记录和失败复核。需对照的具体条目：制造约束、功能任务与使用环境","管理与状态","管理投入和生态或生产状态不同，观察覆盖也影响变化判断。 生产指标不能独立代表福利或个体健康。","false"
"animal-science-9","animal-science","牧场资源评价","animal-science-9","direction-case","牧场资源评价研究档案：饲养群组、营养状态与行为福利；个体状态、群体管理和可观察行为；来源、迁移途径和受影响对象；计量单位、时间窗口和未计入的投入。需对照动物生产与福利中的定义、对象索引与适用条件","生产与福利 / 来源与负担","生产指标不能独立代表福利，行为要结合环境解释。 排放减少与受影响对象负担减少需要通过路径联系。 生产指标不能独立代表福利或个体健康。","false"
"animal-science-10","animal-science","畜牧统计","animal-science-10","direction-case","畜牧统计研究档案：饲养群组、营养状态与行为福利；个体状态、群体管理和可观察行为。需对照的具体条目：个体行为、管理群体与生活环境","生产与福利","生产指标不能独立代表福利，行为要结合环境解释。 生产指标不能独立代表福利或个体健康。","false"
"animal-science-11","animal-science","畜牧史","animal-science-11","direction-case","畜牧史研究档案：同时代记载与后期整理本的年代对照；相关领域文献对“饲养群组、营养状态与行为福利”的用语与记录方式；同时代资料、后期整理和出处链。需对照的具体条目：个体行为、管理群体与生活环境","记录与过去实践","留存资料受保存及整理选择影响，不是过去实践的完整镜像。","false"
"animal-science-12","animal-science","动物科学教育","animal-science-12","direction-case","动物科学教育研究档案：教学任务、学生作答与撤去帮助后的新题；相关领域文献对“饲养群组、营养状态与行为福利”的用语与记录方式；任务目标、辅助条件和延迟表现。需对照动物生产与福利中的定义、对象索引与适用条件","表现与学习","当场完成可受辅助影响，撤去帮助后的迁移才回答另一类问题。","false"
"grass-science-1","grass-science","草地生态","grass-science-1","direction-case","草地生态研究档案：植被覆盖、物种组成与放牧条件；种群数量、群落组成和观测努力。需对照的具体条目：植被覆盖、利用强度与季节窗口","出现与检测","未观察到不等于不存在，调查努力会改变检出。 覆盖度、生产量与多样性是不同目标。","false"
"grass-science-2","grass-science","牧草资料","grass-science-2","direction-case","牧草资料研究档案：植被覆盖、物种组成与放牧条件；种群数量、群落组成和观测努力。需对照的具体条目：植被覆盖、利用强度与季节窗口；牧草性状、生长阶段与利用条件","出现与检测","未观察到不等于不存在，调查努力会改变检出。 覆盖度、生产量与多样性是不同目标。","false"
"grass-science-3","grass-science","草地资源","grass-science-3","direction-case","草地资源研究档案：植被覆盖、物种组成与放牧条件；种群数量、群落组成和观测努力；计量单位、时间窗口和未计入的投入。需对照的具体条目：植被覆盖、利用强度与季节窗口","出现与检测","未观察到不等于不存在，调查努力会改变检出。 覆盖度、生产量与多样性是不同目标。","false"
"grass-science-4","grass-science","草地管理","grass-science-4","direction-case","草地管理研究档案：植被覆盖、物种组成与放牧条件；种群数量、群落组成和观测努力；正式文本、执行条件与被排除的对象。需对照的具体条目：植被覆盖、利用强度与季节窗口","出现与检测","未观察到不等于不存在，调查努力会改变检出。 覆盖度、生产量与多样性是不同目标。","false"
"grass-science-5","grass-science","草坪研究","grass-science-5","direction-case","草坪研究研究档案：植被覆盖、物种组成与放牧条件；生境条件、调查覆盖和管理历程。需对照的具体条目：植被覆盖、利用强度与季节窗口","管理与状态","管理投入和生态或生产状态不同，观察覆盖也影响变化判断。 覆盖度、生产量与多样性是不同目标。","false"
"grass-science-6","grass-science","草地恢复","grass-science-6","direction-case","草地恢复研究档案：植被覆盖、物种组成与放牧条件；种群数量、群落组成和观测努力；来源、迁移途径和受影响对象。需对照的具体条目：植被覆盖、利用强度与季节窗口","出现与检测 / 来源与负担","未观察到不等于不存在，调查努力会改变检出。 排放减少与受影响对象负担减少需要通过路径联系。 覆盖度、生产量与多样性是不同目标。","false"
"grass-science-7","grass-science","草地遥感","grass-science-7","direction-case","草地遥感研究档案：植被覆盖、物种组成与放牧条件；种群数量、群落组成和观测努力；坐标基准、空间单元和不同尺度的对照。需对照的具体条目：植被覆盖、利用强度与季节窗口；地面参照、像元支持与反演条件","出现与检测","未观察到不等于不存在，调查努力会改变检出。 覆盖度、生产量与多样性是不同目标。","false"
"grass-science-8","grass-science","草地土壤","grass-science-8","direction-case","草地土壤研究档案：植被覆盖、物种组成与放牧条件；种群数量、群落组成和观测努力；采样深度、容重和空间位置。需对照的具体条目：采样层厚、容重与有机质分布；植被覆盖、利用强度与季节窗口","出现与检测 / 浓度与存量","未观察到不等于不存在，调查努力会改变检出。 相同浓度在不同容重和厚度下不代表相同存量。 覆盖度、生产量与多样性是不同目标。","false"
"grass-science-9","grass-science","草地水分","grass-science-9","direction-case","草地水分研究档案：植被覆盖、物种组成与放牧条件；种群数量、群落组成和观测努力。需对照的具体条目：植被覆盖、利用强度与季节窗口；土层条件、水分时序与植被响应","出现与检测","未观察到不等于不存在，调查努力会改变检出。 覆盖度、生产量与多样性是不同目标。","false"
"grass-science-10","grass-science","草地统计","grass-science-10","direction-case","草地统计研究档案：植被覆盖、物种组成与放牧条件；种群数量、群落组成和观测努力。需对照的具体条目：植被覆盖、利用强度与季节窗口；调查单位、观测努力与空间依赖","出现与检测","未观察到不等于不存在，调查努力会改变检出。 覆盖度、生产量与多样性是不同目标。","false"
"grass-science-11","grass-science","草学史","grass-science-11","direction-case","草学史研究档案：同时代记载与后期整理本的年代对照；相关领域文献对“植被覆盖、物种组成与放牧条件”的用语与记录方式；同时代资料、后期整理和出处链。需对照草地结构与利用中的定义、对象索引与适用条件","记录与过去实践","留存资料受保存及整理选择影响，不是过去实践的完整镜像。","false"
"grass-science-12","grass-science","草地社会研究","grass-science-12","direction-case","草地社会研究研究档案：植被覆盖、物种组成与放牧条件；种群数量、群落组成和观测努力。需对照的具体条目：植被覆盖、利用强度与季节窗口；利用权利、地方实践与管理关系","出现与检测","未观察到不等于不存在，调查努力会改变检出。 覆盖度、生产量与多样性是不同目标。","false"
"soil-water-conservation-1","soil-water-conservation","水土保持原理","soil-water-conservation-1","direction-case","水土保持原理研究档案：坡面过程、降雨条件与流域输移；水量边界、输入输出和时间尺度。需对照的具体条目：侵蚀概念、边界收支与治理目标","通量与储量","浓度、流量和储量不同，时间积分也影响总量。 坡面减少流失不必等于流域出口减少相同数量。","false"
"soil-water-conservation-2","soil-water-conservation","土壤侵蚀资料","soil-water-conservation-2","direction-case","土壤侵蚀资料研究档案：坡面过程、降雨条件与流域输移；采样深度、容重和空间位置。需对照的具体条目：采样层厚、容重与有机质分布","浓度与存量","相同浓度在不同容重和厚度下不代表相同存量。 坡面减少流失不必等于流域出口减少相同数量。","false"
"soil-water-conservation-3","soil-water-conservation","流域资料","soil-water-conservation-3","direction-case","流域资料研究档案：坡面过程、降雨条件与流域输移；水量边界、输入输出和时间尺度。需对照的具体条目：流域边界、输入输出与时间汇总","通量与储量","浓度、流量和储量不同，时间积分也影响总量。 坡面减少流失不必等于流域出口减少相同数量。","false"
"soil-water-conservation-4","soil-water-conservation","荒漠生态","soil-water-conservation-4","direction-case","荒漠生态研究档案：坡面过程、降雨条件与流域输移；种群数量、群落组成和观测努力；采样深度、容重和空间位置。需对照侵蚀、流域与恢复中的定义、对象索引与适用条件","出现与检测 / 浓度与存量","未观察到不等于不存在，调查努力会改变检出。 相同浓度在不同容重和厚度下不代表相同存量。 坡面减少流失不必等于流域出口减少相同数量。","false"
"soil-water-conservation-5","soil-water-conservation","防护林评价","soil-water-conservation-5","direction-case","防护林评价研究档案：坡面过程、降雨条件与流域输移；坡位、植被阶段和流失观测。需对照侵蚀、流域与恢复中的定义、对象索引与适用条件","局部与流域","坡面改善不能独立代替流域总量改善，需要边界收支。 坡面减少流失不必等于流域出口减少相同数量。","false"
"soil-water-conservation-6","soil-water-conservation","恢复过程","soil-water-conservation-6","direction-case","恢复过程研究档案：坡面过程、降雨条件与流域输移；来源、迁移途径和受影响对象；时间戳、状态阶段和变化前后的并列记录。需对照侵蚀、流域与恢复中的定义、对象索引与适用条件","来源与负担","排放减少与受影响对象负担减少需要通过路径联系。 坡面减少流失不必等于流域出口减少相同数量。","false"
"soil-water-conservation-7","soil-water-conservation","坡面观测","soil-water-conservation-7","direction-case","坡面观测研究档案：坡面过程、降雨条件与流域输移；坡位、植被阶段和流失观测；参考依据、重复读数和误差分项。需对照侵蚀、流域与恢复中的定义、对象索引与适用条件","局部与流域","坡面改善不能独立代替流域总量改善，需要边界收支。 坡面减少流失不必等于流域出口减少相同数量。","false"
"soil-water-conservation-8","soil-water-conservation","土地退化","soil-water-conservation-8","direction-case","土地退化研究档案：坡面过程、降雨条件与流域输移；采样深度、容重和空间位置。需对照侵蚀、流域与恢复中的定义、对象索引与适用条件","浓度与存量","相同浓度在不同容重和厚度下不代表相同存量。 坡面减少流失不必等于流域出口减少相同数量。","false"
"soil-water-conservation-9","soil-water-conservation","水土保持政策","soil-water-conservation-9","direction-case","水土保持政策研究档案：坡面过程、降雨条件与流域输移；水量边界、输入输出和时间尺度；正式文本、执行条件与被排除的对象。需对照的具体条目：文本目标、执行资源与受影响范围","通量与储量","浓度、流量和储量不同，时间积分也影响总量。 坡面减少流失不必等于流域出口减少相同数量。","false"
"soil-water-conservation-10","soil-water-conservation","空间资料质量","soil-water-conservation-10","direction-case","空间资料质量研究档案：坡面过程、降雨条件与流域输移；生境条件、调查覆盖和管理历程；版本变更、异常记录和失败复核。需对照侵蚀、流域与恢复中的定义、对象索引与适用条件","管理与状态","管理投入和生态或生产状态不同，观察覆盖也影响变化判断。 坡面减少流失不必等于流域出口减少相同数量。","false"
"soil-water-conservation-11","soil-water-conservation","治理成效评价","soil-water-conservation-11","direction-case","治理成效评价研究档案：坡面过程、降雨条件与流域输移；生境条件、调查覆盖和管理历程；正式文本、执行条件与被排除的对象。需对照的具体条目：规则来源、执行条件与行动者立场","管理与状态","管理投入和生态或生产状态不同，观察覆盖也影响变化判断。 坡面减少流失不必等于流域出口减少相同数量。","false"
"soil-water-conservation-12","soil-water-conservation","水土保持史","soil-water-conservation-12","direction-case","水土保持史研究档案：同时代记载与后期整理本的年代对照；相关领域文献对“坡面过程、降雨条件与流域输移”的用语与记录方式；同时代资料、后期整理和出处链。需对照侵蚀、流域与恢复中的定义、对象索引与适用条件","记录与过去实践","留存资料受保存及整理选择影响，不是过去实践的完整镜像。","false"
"food-nutrition-1","food-nutrition","食品组成资料","food-nutrition-1","direction-case","食品组成资料研究档案：食物组成、食用频率与群体需求；组成、摄入及整体模式的分别记录；成分、实际摄入和感官任务条件；不同层次的读数、背景条件和相反趋势。需对照的具体条目：批次组成、储存条件与感官任务","组成与实际摄入 / 品质与接受","成分丰富不代表摄入足够，实际摄入又不等于长期健康结果。 成分或仪器指标不能完整代替实际摄入和感官接受。 单种食物成分不能独立代表整体膳食质量。","false"
"food-nutrition-2","food-nutrition","营养调查","food-nutrition-2","direction-case","营养调查研究档案：食物组成、食用频率与群体需求；组成、摄入及整体模式的分别记录；成分、实际摄入和感官任务条件；计量单位、时间窗口和未计入的投入。需对照膳食模式与营养中的定义、对象索引与适用条件","组成与实际摄入 / 品质与接受","成分丰富不代表摄入足够，实际摄入又不等于长期健康结果。 成分或仪器指标不能完整代替实际摄入和感官接受。 单种食物成分不能独立代表整体膳食质量。","false"
"food-nutrition-3","food-nutrition","膳食模式","food-nutrition-3","direction-case","膳食模式研究档案：食物组成、食用频率与群体需求；组成、摄入及整体模式的分别记录；成分、实际摄入和感官任务条件。需对照膳食模式与营养中的定义、对象索引与适用条件","组成与实际摄入 / 品质与接受","成分丰富不代表摄入足够，实际摄入又不等于长期健康结果。 成分或仪器指标不能完整代替实际摄入和感官接受。 单种食物成分不能独立代表整体膳食质量。","false"
"food-nutrition-4","food-nutrition","食品感官评价","food-nutrition-4","direction-case","食品感官评价研究档案：食物组成、食用频率与群体需求；组成、摄入及整体模式的分别记录；成分、实际摄入和感官任务条件。需对照的具体条目：批次组成、储存条件与感官任务；刺激条件、评价者背景与任务顺序","组成与实际摄入 / 品质与接受","成分丰富不代表摄入足够，实际摄入又不等于长期健康结果。 成分或仪器指标不能完整代替实际摄入和感官接受。 单种食物成分不能独立代表整体膳食质量。","false"
"food-nutrition-5","food-nutrition","食品质量","food-nutrition-5","direction-case","食品质量研究档案：食物组成、食用频率与群体需求；组成、摄入及整体模式的分别记录；成分、实际摄入和感官任务条件；版本变更、异常记录和失败复核。需对照的具体条目：批次组成、储存条件与感官任务","组成与实际摄入 / 品质与接受","成分丰富不代表摄入足够，实际摄入又不等于长期健康结果。 成分或仪器指标不能完整代替实际摄入和感官接受。 单种食物成分不能独立代表整体膳食质量。","false"
"food-nutrition-6","food-nutrition","营养教育","food-nutrition-6","direction-case","营养教育研究档案：教学任务、学生作答与撤去帮助后的新题；相关领域文献对“食物组成、食用频率与群体需求”的用语与记录方式；任务目标、辅助条件和延迟表现。需对照膳食模式与营养中的定义、对象索引与适用条件","表现与学习","当场完成可受辅助影响，撤去帮助后的迁移才回答另一类问题。","false"
"food-nutrition-7","food-nutrition","食品消费","food-nutrition-7","direction-case","食品消费研究档案：食物组成、食用频率与群体需求；组成、摄入及整体模式的分别记录；成分、实际摄入和感官任务条件。需对照的具体条目：批次组成、储存条件与感官任务；消费机会、购买条件与实际摄入","组成与实际摄入 / 品质与接受","成分丰富不代表摄入足够，实际摄入又不等于长期健康结果。 成分或仪器指标不能完整代替实际摄入和感官接受。 单种食物成分不能独立代表整体膳食质量。","false"
"food-nutrition-8","food-nutrition","食品资源评价","food-nutrition-8","direction-case","食品资源评价研究档案：食物组成、食用频率与群体需求；组成、摄入及整体模式的分别记录；成分、实际摄入和感官任务条件；计量单位、时间窗口和未计入的投入。需对照的具体条目：批次组成、储存条件与感官任务","组成与实际摄入 / 品质与接受","成分丰富不代表摄入足够，实际摄入又不等于长期健康结果。 成分或仪器指标不能完整代替实际摄入和感官接受。 单种食物成分不能独立代表整体膳食质量。","false"
"food-nutrition-9","food-nutrition","食品文化","food-nutrition-9","direction-case","食品文化研究档案：食物组成、食用频率与群体需求；组成、摄入及整体模式的分别记录；成分、实际摄入和感官任务条件。需对照的具体条目：批次组成、储存条件与感官任务；实践语境、符号用法与传承位置","组成与实际摄入 / 品质与接受","成分丰富不代表摄入足够，实际摄入又不等于长期健康结果。 成分或仪器指标不能完整代替实际摄入和感官接受。 单种食物成分不能独立代表整体膳食质量。","false"
"food-nutrition-10","food-nutrition","食品服务评价","food-nutrition-10","direction-case","食品服务评价研究档案：食物组成、食用频率与群体需求；组成、摄入及整体模式的分别记录；成分、实际摄入和感官任务条件。需对照的具体条目：批次组成、储存条件与感官任务；服务资格、实际交付与未获服务者；供给条件、用餐体验与未获服务者","组成与实际摄入 / 品质与接受","成分丰富不代表摄入足够，实际摄入又不等于长期健康结果。 成分或仪器指标不能完整代替实际摄入和感官接受。 单种食物成分不能独立代表整体膳食质量。","false"
"food-nutrition-11","food-nutrition","营养资料质量","food-nutrition-11","direction-case","营养资料质量研究档案：食物组成、食用频率与群体需求；组成、摄入及整体模式的分别记录；成分、实际摄入和感官任务条件；版本变更、异常记录和失败复核。需对照膳食模式与营养中的定义、对象索引与适用条件","组成与实际摄入 / 品质与接受","成分丰富不代表摄入足够，实际摄入又不等于长期健康结果。 成分或仪器指标不能完整代替实际摄入和感官接受。 单种食物成分不能独立代表整体膳食质量。","false"
"food-nutrition-12","food-nutrition","食品营养史","food-nutrition-12","direction-case","食品营养史研究档案：同时代记载与后期整理本的年代对照；相关领域文献对“食物组成、食用频率与群体需求”的用语与记录方式；同时代资料、后期整理和出处链。需对照的具体条目：批次组成、储存条件与感官任务","记录与过去实践","留存资料受保存及整理选择影响，不是过去实践的完整镜像。","false"
"military-organization-1","military-organization","联合作战制度史","military-organization-1","direction-case","联合作战制度史研究档案：同时代记载与后期整理本的年代对照；相关领域文献对“制度史料、公开分工与教育记录”的用语与记录方式；年代、出处和同时代对照；公开文件、责任分配和资源约束。需对照的具体条目：条文来源、权限分配与执行差异","当时与后来 / 公开记录与实践","后来形成的分类不能直接替代行动者当时使用的概念。 公开记录受可披露性与编写目的影响，不等于全部实践。","false"
"military-organization-2","military-organization","军兵种组织史","military-organization-2","direction-case","军兵种组织史研究档案：同时代记载与后期整理本的年代对照；相关领域文献对“制度史料、公开分工与教育记录”的用语与记录方式；年代、出处和同时代对照；公开文件、责任分配和资源约束。需对照的具体条目：角色分工、资源联系与实际协调","当时与后来 / 公开记录与实践","后来形成的分类不能直接替代行动者当时使用的概念。 公开记录受可披露性与编写目的影响，不等于全部实践。","false"
"military-organization-3","military-organization","军事指挥史","military-organization-3","direction-case","军事指挥史研究档案：同时代记载与后期整理本的年代对照；相关领域文献对“制度史料、公开分工与教育记录”的用语与记录方式；年代、出处和同时代对照；同时代资料、后期整理和出处链。需对照的具体条目：公开指挥文献、权限关系与时期条件","当时与后来 / 记录与过去实践","后来形成的分类不能直接替代行动者当时使用的概念。 留存资料受保存及整理选择影响，不是过去实践的完整镜像。","false"
"military-organization-4","military-organization","军队政治工作史","military-organization-4","direction-case","军队政治工作史研究档案：同时代记载与后期整理本的年代对照；相关领域文献对“制度史料、公开分工与教育记录”的用语与记录方式；年代、出处和同时代对照；同时代资料、后期整理和出处链。需对照的具体条目：规则来源、执行条件与行动者立场","当时与后来 / 记录与过去实践","后来形成的分类不能直接替代行动者当时使用的概念。 留存资料受保存及整理选择影响，不是过去实践的完整镜像。","false"
"military-organization-5","military-organization","军事后勤史","military-organization-5","direction-case","军事后勤史研究档案：同时代记载与后期整理本的年代对照；相关领域文献对“制度史料、公开分工与教育记录”的用语与记录方式；年代、出处和同时代对照；同时代资料、后期整理和出处链。需对照的具体条目：公开保障记录、资源约束与协作制度","当时与后来 / 记录与过去实践","后来形成的分类不能直接替代行动者当时使用的概念。 留存资料受保存及整理选择影响，不是过去实践的完整镜像。","false"
"military-organization-6","military-organization","军事装备管理史","military-organization-6","direction-case","军事装备管理史研究档案：同时代记载与后期整理本的年代对照；相关领域文献对“制度史料、公开分工与教育记录”的用语与记录方式；公开技术文献、展示口径和历史条件；年代、出处和同时代对照。需对照公开组织制度与协作中的定义、对象索引与适用条件","文本与实绩 / 当时与后来","宣传或展示文本不能独立证明未公开的性能。 后来形成的分类不能直接替代行动者当时使用的概念。","false"
"military-organization-7","military-organization","军事管理制度","military-organization-7","direction-case","军事管理制度研究档案：制度史料、公开分工与教育记录；正式规则、实际执行和行为者立场；公开文件、责任分配和资源约束；正式文本、执行条件与被排除的对象。需对照的具体条目：条文来源、权限分配与执行差异","规则与运行 / 公开记录与实践","正式文本相同不保证执行资源和实践相同。 公开记录受可披露性与编写目的影响，不等于全部实践。 名义分工与实际协作需要不同证据。","false"
"military-organization-8","military-organization","军事训练教育史","military-organization-8","direction-case","军事训练教育史研究档案：同时代记载与后期整理本的年代对照；相关领域文献对“制度史料、公开分工与教育记录”的用语与记录方式；年代、出处和同时代对照；同时代资料、后期整理和出处链。需对照的具体条目：公开教学文本、培养任务与阶段安排","当时与后来 / 记录与过去实践","后来形成的分类不能直接替代行动者当时使用的概念。 留存资料受保存及整理选择影响，不是过去实践的完整镜像。","false"
"military-organization-9","military-organization","军事智能公开文献","military-organization-9","direction-case","军事智能公开文献研究档案：逐页出处、底本差异和缺页索引；相关领域文献对“制度史料、公开分工与教育记录”的用语与记录方式；底本出处、异文位置和编订层次。需对照公开组织制度与协作中的定义、对象索引与适用条件","原文与编订","后世编订和现代转写会改变可见文本，须保留版本链。","false"
"military-organization-10","military-organization","协作制度比较","military-organization-10","direction-case","协作制度比较研究档案：制度史料、公开分工与教育记录；年代、出处和同时代对照；正式规则、实际执行和行为者立场；正式文本、执行条件与被排除的对象。需对照的具体条目：条文来源、权限分配与执行差异","当时与后来 / 规则与运行","后来形成的分类不能直接替代行动者当时使用的概念。 正式文本相同不保证执行资源和实践相同。 名义分工与实际协作需要不同证据。","false"
"military-organization-11","military-organization","公开军事资料质量","military-organization-11","direction-case","公开军事资料质量研究档案：制度史料、公开分工与教育记录；公开来源、传承角色和叙述层次；版本变更、异常记录和失败复核。需对照公开组织制度与协作中的定义、对象索引与适用条件","传承与重构","后来重构的故事不等于当时实践，需要保留来源与讲述者。 名义分工与实际协作需要不同证据。","false"
"military-organization-12","military-organization","军事教育伦理","military-organization-12","direction-case","军事教育伦理研究档案：行动者理由、利益负担与提出异议的记录；相关领域文献对“制度史料、公开分工与教育记录”的用语与记录方式；受益负担、行动理由和申诉机会。需对照的具体条目：行动理由、受益负担与申诉机会","描述与规范","多数偏好或事实描述不能独立证成规范结论。","false"
"agri-economics-1","agri-economics","农业经济管理","agri-economics-1","direction-case","农业经济管理研究档案：农户选择、季节风险与市场关系；选择集合、机会成本和价格条件；决策责任、执行资源和反馈循环；正式文本、执行条件与被排除的对象。需对照的具体条目：季节约束、农户选择与市场入口","观察选择与偏好 / 目标与执行","选择变化可以来自约束或可得方案，不一定是偏好改变。 宣布目标不意味着资源、激励及执行条件已到位。 产量提高不自动等于收入或家庭福利提高。","false"
"agri-economics-2","agri-economics","林业经济管理","agri-economics-2","direction-case","林业经济管理研究档案：农户选择、季节风险与市场关系；选择集合、机会成本和价格条件；决策责任、执行资源和反馈循环；正式文本、执行条件与被排除的对象。需对照的具体条目：林分阶段、更新个体与调查覆盖","观察选择与偏好 / 目标与执行","选择变化可以来自约束或可得方案，不一定是偏好改变。 宣布目标不意味着资源、激励及执行条件已到位。 产量提高不自动等于收入或家庭福利提高。","false"
"agri-economics-3","agri-economics","农村发展","agri-economics-3","direction-case","农村发展研究档案：农户选择、季节风险与市场关系；对象需求、服务资格和协作记录。需对照的具体条目：地方资源、服务机会与变化历程","需要与服务进入","被服务对象不代表全部有需要的人，进入条件影响评价。 产量提高不自动等于收入或家庭福利提高。","false"
"agri-economics-4","agri-economics","农户行为","agri-economics-4","direction-case","农户行为研究档案：农户选择、季节风险与市场关系；对象需求、服务资格和协作记录。需对照的具体条目：家庭约束、生产选择与市场机会","需要与服务进入","被服务对象不代表全部有需要的人，进入条件影响评价。 产量提高不自动等于收入或家庭福利提高。","false"
"agri-economics-5","agri-economics","农业组织","agri-economics-5","direction-case","农业组织研究档案：农户选择、季节风险与市场关系；对象进入、角色关系和机会结构；公开文件、责任分配和资源约束；正式文本、执行条件与被排除的对象。需对照的具体条目：角色分工、资源联系与实际协调","个体与结构 / 公开记录与实践","个体选择受可得机会限制，观察到的行为不能仅归因于偏好。 公开记录受可披露性与编写目的影响，不等于全部实践。 产量提高不自动等于收入或家庭福利提高。","false"
"agri-economics-6","agri-economics","农产品市场","agri-economics-6","direction-case","农产品市场研究档案：农户选择、季节风险与市场关系；选择集合、机会成本和价格条件。需对照的具体条目：制造约束、功能任务与使用环境","观察选择与偏好","选择变化可以来自约束或可得方案，不一定是偏好改变。 产量提高不自动等于收入或家庭福利提高。","false"
"agri-economics-7","agri-economics","林业资源经济","agri-economics-7","direction-case","林业资源经济研究档案：农户选择、季节风险与市场关系；选择集合、机会成本和价格条件；公开文件、责任分配和资源约束；计量单位、时间窗口和未计入的投入。需对照的具体条目：林分阶段、更新个体与调查覆盖；资源存量、开发边界与替代机会","观察选择与偏好 / 公开记录与实践","选择变化可以来自约束或可得方案，不一定是偏好改变。 公开记录受可披露性与编写目的影响，不等于全部实践。 产量提高不自动等于收入或家庭福利提高。","false"
"agri-economics-8","agri-economics","农村公共服务","agri-economics-8","direction-case","农村公共服务研究档案：农户选择、季节风险与市场关系；需求、服务资格和未进入服务者。需对照农林经营与家庭资源中的定义、对象索引与适用条件","使用与需求","服务使用量受供给和资格影响，不能单独表示需求。 产量提高不自动等于收入或家庭福利提高。","false"
"agri-economics-9","agri-economics","农业政策评价","agri-economics-9","direction-case","农业政策评价研究档案：农户选择、季节风险与市场关系；干预时间、比较资格和同期变化；公开文件、责任分配和资源约束；正式文本、执行条件与被排除的对象。需对照的具体条目：文本目标、执行资源与受影响范围","差异与因果 / 公开记录与实践","观察差异也可能来自选择和同期变化，需额外识别依据。 公开记录受可披露性与编写目的影响，不等于全部实践。 产量提高不自动等于收入或家庭福利提高。","false"
"agri-economics-10","agri-economics","农林经营史","agri-economics-10","direction-case","农林经营史研究档案：同时代记载与后期整理本的年代对照；相关领域文献对“农户选择、季节风险与市场关系”的用语与记录方式；年代、出处和同时代对照；同时代资料、后期整理和出处链。需对照农林经营与家庭资源中的定义、对象索引与适用条件","当时与后来 / 记录与过去实践","后来形成的分类不能直接替代行动者当时使用的概念。 留存资料受保存及整理选择影响，不是过去实践的完整镜像。","false"
"agri-economics-11","agri-economics","农林资源配置","agri-economics-11","direction-case","农林资源配置研究档案：农户选择、季节风险与市场关系；公开文件、责任分配和资源约束；对象需求、服务资格和协作记录；计量单位、时间窗口和未计入的投入。需对照的具体条目：分配目标、机会成本与未满足需求","公开记录与实践 / 需要与服务进入","公开记录受可披露性与编写目的影响，不等于全部实践。 被服务对象不代表全部有需要的人，进入条件影响评价。 产量提高不自动等于收入或家庭福利提高。","false"
"agri-economics-12","agri-economics","乡村产业","agri-economics-12","direction-case","乡村产业研究档案：农户选择、季节风险与市场关系；选择集合、机会成本和价格条件。需对照农林经营与家庭资源中的定义、对象索引与适用条件","观察选择与偏好","选择变化可以来自约束或可得方案，不一定是偏好改变。 产量提高不自动等于收入或家庭福利提高。","false"
"tourism-management-1","tourism-management","旅游行为","tourism-management-1","direction-case","旅游行为研究档案：游客路径、服务接触与居民经历；到访机会、服务链和当地负担。需对照的具体条目：到访选择、服务链与居民负担；到访选择、旅行目的与机会约束","收入与整体影响","收入增长不能单独代表居民收益或环境可持续性。 游客满意与居民受益、环境承载是不同目标。","false"
"tourism-management-2","tourism-management","旅游目的地","tourism-management-2","direction-case","旅游目的地研究档案：游客路径、服务接触与居民经历；到访机会、服务链和当地负担。需对照的具体条目：到访选择、服务链与居民负担；空间范围、服务网络与居民负担","收入与整体影响","收入增长不能单独代表居民收益或环境可持续性。 游客满意与居民受益、环境承载是不同目标。","false"
"tourism-management-3","tourism-management","酒店管理研究","tourism-management-3","direction-case","酒店管理研究研究档案：游客路径、服务接触与居民经历；决策责任、执行资源和反馈循环；到访机会、服务链和当地负担；正式文本、执行条件与被排除的对象。需对照的具体条目：到访选择、服务链与居民负担","目标与执行 / 收入与整体影响","宣布目标不意味着资源、激励及执行条件已到位。 收入增长不能单独代表居民收益或环境可持续性。 游客满意与居民受益、环境承载是不同目标。","false"
"tourism-management-4","tourism-management","旅游服务","tourism-management-4","direction-case","旅游服务研究档案：游客路径、服务接触与居民经历；到访机会、服务链和当地负担。需对照的具体条目：到访选择、服务链与居民负担；服务承诺、实际交付与反馈时点","收入与整体影响","收入增长不能单独代表居民收益或环境可持续性。 游客满意与居民受益、环境承载是不同目标。","false"
"tourism-management-5","tourism-management","文化旅游","tourism-management-5","direction-case","文化旅游研究档案：游客路径、服务接触与居民经历；到访机会、服务链和当地负担。需对照的具体条目：到访选择、服务链与居民负担；实践语境、符号用法与传承位置","收入与整体影响","收入增长不能单独代表居民收益或环境可持续性。 游客满意与居民受益、环境承载是不同目标。","false"
"tourism-management-6","tourism-management","旅游资源评价","tourism-management-6","direction-case","旅游资源评价研究档案：游客路径、服务接触与居民经历；到访机会、服务链和当地负担；公开文件、责任分配和资源约束；计量单位、时间窗口和未计入的投入。需对照的具体条目：到访选择、服务链与居民负担","收入与整体影响 / 公开记录与实践","收入增长不能单独代表居民收益或环境可持续性。 公开记录受可披露性与编写目的影响，不等于全部实践。 游客满意与居民受益、环境承载是不同目标。","false"
"tourism-management-7","tourism-management","旅游环境","tourism-management-7","direction-case","旅游环境研究档案：游客路径、服务接触与居民经历；到访机会、服务链和当地负担。需对照的具体条目：到访选择、服务链与居民负担；环境边界、到访强度与地方影响","收入与整体影响","收入增长不能单独代表居民收益或环境可持续性。 游客满意与居民受益、环境承载是不同目标。","false"
"tourism-management-8","tourism-management","旅游组织","tourism-management-8","direction-case","旅游组织研究档案：游客路径、服务接触与居民经历；对象进入、角色关系和机会结构；到访机会、服务链和当地负担；正式文本、执行条件与被排除的对象。需对照的具体条目：到访选择、服务链与居民负担；角色分工、资源联系与实际协调","个体与结构 / 收入与整体影响","个体选择受可得机会限制，观察到的行为不能仅归因于偏好。 收入增长不能单独代表居民收益或环境可持续性。 游客满意与居民受益、环境承载是不同目标。","false"
"tourism-management-9","tourism-management","旅游数字化","tourism-management-9","direction-case","旅游数字化研究档案：游客路径、服务接触与居民经历；到访机会、服务链和当地负担；版本规则、对象索引和使用任务。需对照的具体条目：到访选择、服务链与居民负担；编码规则、平台入口与不可见记录","收入与整体影响 / 记录与对象","收入增长不能单独代表居民收益或环境可持续性。 记录格式一致不保证对象相同，版本变化必须追溯。 游客满意与居民受益、环境承载是不同目标。","false"
"tourism-management-10","tourism-management","旅游体验","tourism-management-10","direction-case","旅游体验研究档案：游客路径、服务接触与居民经历；到访机会、服务链和当地负担。需对照的具体条目：到访选择、服务链与居民负担；体验时段、期待背景与叙述条件","收入与整体影响","收入增长不能单独代表居民收益或环境可持续性。 游客满意与居民受益、环境承载是不同目标。","false"
"tourism-management-11","tourism-management","旅游管理史","tourism-management-11","direction-case","旅游管理史研究档案：同时代记载与后期整理本的年代对照；相关领域文献对“游客路径、服务接触与居民经历”的用语与记录方式；年代、出处和同时代对照；同时代资料、后期整理和出处链。需对照的具体条目：到访选择、服务链与居民负担","当时与后来 / 记录与过去实践","后来形成的分类不能直接替代行动者当时使用的概念。 留存资料受保存及整理选择影响，不是过去实践的完整镜像。","false"
"tourism-management-12","tourism-management","旅游可及性","tourism-management-12","direction-case","旅游可及性研究档案：游客路径、服务接触与居民经历；到访机会、服务链和当地负担；任务路径、迭代版本和错误恢复记录。需对照的具体条目：到访选择、服务链与居民负担","收入与整体影响","收入增长不能单独代表居民收益或环境可持续性。 游客满意与居民受益、环境承载是不同目标。","false"
"audit-studies-1","audit-studies","财务审计研究","audit-studies-1","direction-case","财务审计研究研究档案：抽样总体、测试底稿与异常追踪；计量时点、现金流口径和风险条件。需对照的具体条目：确认依据、证据覆盖与职业判断；证据取得、抽样覆盖与判断依据；财务断言、确认依据与证据覆盖","价值与现金流","账面金额、市场价格和可实现现金流并不相同。 抽样无异常不证明全部交易及断言无误。","false"
"audit-studies-2","audit-studies","绩效审计研究","audit-studies-2","direction-case","绩效审计研究研究档案：抽样总体、测试底稿与异常追踪；计量时点、现金流口径和风险条件；决策责任、执行资源和反馈循环。需对照的具体条目：确认依据、证据覆盖与职业判断；证据取得、抽样覆盖与判断依据","价值与现金流 / 目标与执行","账面金额、市场价格和可实现现金流并不相同。 宣布目标不意味着资源、激励及执行条件已到位。 抽样无异常不证明全部交易及断言无误。","false"
"audit-studies-3","audit-studies","内部审计","audit-studies-3","direction-case","内部审计研究档案：抽样总体、测试底稿与异常追踪；计量时点、现金流口径和风险条件。需对照的具体条目：确认依据、证据覆盖与职业判断；内部职责、独立条件与沟通路径","价值与现金流","账面金额、市场价格和可实现现金流并不相同。 抽样无异常不证明全部交易及断言无误。","false"
"audit-studies-4","audit-studies","审计证据","audit-studies-4","direction-case","审计证据研究档案：抽样总体、测试底稿与异常追踪；计量时点、现金流口径和风险条件。需对照的具体条目：确认依据、证据覆盖与职业判断；证据来源、适当性与充分性","价值与现金流","账面金额、市场价格和可实现现金流并不相同。 抽样无异常不证明全部交易及断言无误。","false"
"audit-studies-5","audit-studies","审计制度史","audit-studies-5","direction-case","审计制度史研究档案：同时代记载与后期整理本的年代对照；相关领域文献对“抽样总体、测试底稿与异常追踪”的用语与记录方式；年代、出处和同时代对照；公开文件、责任分配和资源约束。需对照的具体条目：确认依据、证据覆盖与职业判断；条文来源、权限分配与执行差异","当时与后来 / 公开记录与实践","后来形成的分类不能直接替代行动者当时使用的概念。 公开记录受可披露性与编写目的影响，不等于全部实践。","false"
"audit-studies-6","audit-studies","审计质量","audit-studies-6","direction-case","审计质量研究档案：抽样总体、测试底稿与异常追踪；计量时点、现金流口径和风险条件；到达率、处理能力和波动时段；版本变更、异常记录和失败复核。需对照的具体条目：确认依据、证据覆盖与职业判断","价值与现金流 / 平均与波动","账面金额、市场价格和可实现现金流并不相同。 平均供需相等仍可能有等待，波动和容量约束很重要。 抽样无异常不证明全部交易及断言无误。","false"
"audit-studies-7","audit-studies","审计数据评价","audit-studies-7","direction-case","审计数据评价研究档案：抽样总体、测试底稿与异常追踪；计量时点、现金流口径和风险条件。需对照的具体条目：确认依据、证据覆盖与职业判断；来源映射、异常类别与证据链；数据质量、异常解释与判断价值","价值与现金流","账面金额、市场价格和可实现现金流并不相同。 抽样无异常不证明全部交易及断言无误。","false"
"audit-studies-8","audit-studies","审计职业判断","audit-studies-8","direction-case","审计职业判断研究档案：抽样总体、测试底稿与异常追踪；计量时点、现金流口径和风险条件；判断依据、职责范围和受影响对象。需对照的具体条目：进入退出、工时与收入分布；确认依据、证据覆盖与职业判断","价值与现金流 / 合规与判断","账面金额、市场价格和可实现现金流并不相同。 符合格式不保证判断充分，需要交代理由及利益冲突。 抽样无异常不证明全部交易及断言无误。","false"
"audit-studies-9","audit-studies","公共审计资料","audit-studies-9","direction-case","公共审计资料研究档案：抽样总体、测试底稿与异常追踪；计量时点、现金流口径和风险条件。需对照的具体条目：确认依据、证据覆盖与职业判断；公共职责、预算目标与资源使用","价值与现金流","账面金额、市场价格和可实现现金流并不相同。 抽样无异常不证明全部交易及断言无误。","false"
"audit-studies-10","audit-studies","审计沟通","audit-studies-10","direction-case","审计沟通研究档案：抽样总体、测试底稿与异常追踪；计量时点、现金流口径和风险条件。需对照的具体条目：确认依据、证据覆盖与职业判断；结论表达、对象理解与异议处理","价值与现金流","账面金额、市场价格和可实现现金流并不相同。 抽样无异常不证明全部交易及断言无误。","false"
"audit-studies-11","audit-studies","数字审计研究","audit-studies-11","direction-case","数字审计研究研究档案：抽样总体、测试底稿与异常追踪；计量时点、现金流口径和风险条件；版本规则、对象索引和使用任务。需对照的具体条目：确认依据、证据覆盖与职业判断；编码规则、平台入口与不可见记录；证据取得、抽样覆盖与判断依据","价值与现金流 / 记录与对象","账面金额、市场价格和可实现现金流并不相同。 记录格式一致不保证对象相同，版本变化必须追溯。 抽样无异常不证明全部交易及断言无误。","false"
"audit-studies-12","audit-studies","审计教育","audit-studies-12","direction-case","审计教育研究档案：教学任务、学生作答与撤去帮助后的新题；相关领域文献对“抽样总体、测试底稿与异常追踪”的用语与记录方式；任务目标、辅助条件和延迟表现。需对照的具体条目：确认依据、证据覆盖与职业判断","表现与学习","当场完成可受辅助影响，撤去帮助后的迁移才回答另一类问题。","false"
"dance-studies-1","dance-studies","舞蹈史","dance-studies-1","direction-case","舞蹈史研究档案：同时代记载与后期整理本的年代对照；相关领域文献对“动作序列、身体经验与演出版本”的用语与记录方式；年代、出处和同时代对照；同时代资料、后期整理和出处链。需对照的具体条目：排演文本、行动选择与观众位置；动作记述、身体经验与空间路径","当时与后来 / 记录与过去实践","后来形成的分类不能直接替代行动者当时使用的概念。 留存资料受保存及整理选择影响，不是过去实践的完整镜像。","false"
"dance-studies-2","dance-studies","舞蹈理论","dance-studies-2","direction-case","舞蹈理论研究档案：动作序列、身体经验与演出版本；排演文本、身体动作和观众位置；谱本或排演文本、演出记录和现场条件。需对照的具体条目：排演文本、行动选择与观众位置；动作记述、身体经验与空间路径；动作概念、身体经验与解释前提","文本与演出","文本未完整规定舞台行动，演出也会改变文本理解。 动作外形、舞者经验和观看解释不能互代。","false"
"dance-studies-3","dance-studies","舞蹈编创","dance-studies-3","direction-case","舞蹈编创研究档案：动作序列、身体经验与演出版本；排演文本、身体动作和观众位置；谱本或排演文本、演出记录和现场条件。需对照的具体条目：排演文本、行动选择与观众位置；动作记述、身体经验与空间路径；动作选择、结构组织与排练修订","文本与演出","文本未完整规定舞台行动，演出也会改变文本理解。 动作外形、舞者经验和观看解释不能互代。","false"
"dance-studies-4","dance-studies","舞蹈表演","dance-studies-4","direction-case","舞蹈表演研究档案：动作序列、身体经验与演出版本；排演文本、身体动作和观众位置；谱本或排演文本、演出记录和现场条件。需对照的具体条目：排演文本、行动选择与观众位置；动作记述、身体经验与空间路径；动作执行、现场条件与观众位置","文本与演出","文本未完整规定舞台行动，演出也会改变文本理解。 动作外形、舞者经验和观看解释不能互代。","false"
"dance-studies-5","dance-studies","舞蹈教育","dance-studies-5","direction-case","舞蹈教育研究档案：教学任务、学生作答与撤去帮助后的新题；相关领域文献对“动作序列、身体经验与演出版本”的用语与记录方式；任务目标、辅助条件和延迟表现。需对照的具体条目：排演文本、行动选择与观众位置；动作记述、身体经验与空间路径","表现与学习","当场完成可受辅助影响，撤去帮助后的迁移才回答另一类问题。","false"
"dance-studies-6","dance-studies","民族民间舞研究","dance-studies-6","direction-case","民族民间舞研究研究档案：动作序列、身体经验与演出版本；作品或演出出处、接受语境和观众位置。需对照的具体条目：身份称谓、互动位置与传承实践","作品与接受","作品意图、批评解释与观众经验属于不同层次。 动作外形、舞者经验和观看解释不能互代。","false"
"dance-studies-7","dance-studies","舞蹈记录","dance-studies-7","direction-case","舞蹈记录研究档案：动作序列、身体经验与演出版本；排演文本、身体动作和观众位置；谱本或排演文本、演出记录和现场条件。需对照的具体条目：排演文本、行动选择与观众位置；动作记述、身体经验与空间路径；记谱规则、录像角度与遗漏动作","文本与演出","文本未完整规定舞台行动，演出也会改变文本理解。 动作外形、舞者经验和观看解释不能互代。","false"
"dance-studies-8","dance-studies","舞蹈影像","dance-studies-8","direction-case","舞蹈影像研究档案：动作序列、身体经验与演出版本；镜头顺序、声画关系和版本差异；排演文本、身体动作和观众位置；谱本或排演文本、演出记录和现场条件。需对照的具体条目：排演文本、行动选择与观众位置；来源索引、采集条件与判读分歧；动作记述、身体经验与空间路径","镜头与叙事 / 文本与演出","单镜头内容不能完整说明剪辑后产生的叙事关系。 文本未完整规定舞台行动，演出也会改变文本理解。 动作外形、舞者经验和观看解释不能互代。","false"
"dance-studies-9","dance-studies","舞蹈身体经验","dance-studies-9","direction-case","舞蹈身体经验研究档案：动作序列、身体经验与演出版本；排演文本、身体动作和观众位置；谱本或排演文本、演出记录和现场条件。需对照的具体条目：排演文本、行动选择与观众位置；动作记述、身体经验与空间路径；经验叙述、动作背景与研究者位置","文本与演出","文本未完整规定舞台行动，演出也会改变文本理解。 动作外形、舞者经验和观看解释不能互代。","false"
"dance-studies-10","dance-studies","舞蹈观众","dance-studies-10","direction-case","舞蹈观众研究档案：动作序列、身体经验与演出版本；排演文本、身体动作和观众位置；作品或演出出处、接受语境和观众位置；谱本或排演文本、演出记录和现场条件。需对照的具体条目：接触机会、理解路径与未参与者；排演文本、行动选择与观众位置；动作记述、身体经验与空间路径","文本与演出 / 作品与接受","文本未完整规定舞台行动，演出也会改变文本理解。 作品意图、批评解释与观众经验属于不同层次。 动作外形、舞者经验和观看解释不能互代。","false"
"dance-studies-11","dance-studies","舞蹈与技术","dance-studies-11","direction-case","舞蹈与技术研究档案：动作序列、身体经验与演出版本；排演文本、身体动作和观众位置；谱本或排演文本、演出记录和现场条件。需对照的具体条目：排演文本、行动选择与观众位置；工具版本、使用任务与适用承诺；动作记述、身体经验与空间路径","文本与演出","文本未完整规定舞台行动，演出也会改变文本理解。 动作外形、舞者经验和观看解释不能互代。","false"
"dance-studies-12","dance-studies","舞蹈文献","dance-studies-12","direction-case","舞蹈文献研究档案：逐页出处、底本差异和缺页索引；相关领域文献对“动作序列、身体经验与演出版本”的用语与记录方式；底本出处、异文位置和编订层次。需对照的具体条目：排演文本、行动选择与观众位置；动作记述、身体经验与空间路径","原文与编订","后世编订和现代转写会改变可见文本，须保留版本链。","false"
"opera-studies-1","opera-studies","戏曲史","opera-studies-1","direction-case","戏曲史研究档案：同时代记载与后期整理本的年代对照；相关领域文献对“唱腔、身段及剧种传承”的用语与记录方式；年代、出处和同时代对照；同时代资料、后期整理和出处链。需对照的具体条目：排演文本、行动选择与观众位置；剧种传统、唱腔程式与演出版本","当时与后来 / 记录与过去实践","后来形成的分类不能直接替代行动者当时使用的概念。 留存资料受保存及整理选择影响，不是过去实践的完整镜像。","false"
"opera-studies-2","opera-studies","曲艺史","opera-studies-2","direction-case","曲艺史研究档案：同时代记载与后期整理本的年代对照；相关领域文献对“唱腔、身段及剧种传承”的用语与记录方式；年代、出处和同时代对照；同时代资料、后期整理和出处链。需对照的具体条目：讲述角色、曲词版本与听众互动","当时与后来 / 记录与过去实践","后来形成的分类不能直接替代行动者当时使用的概念。 留存资料受保存及整理选择影响，不是过去实践的完整镜像。","false"
"opera-studies-3","opera-studies","戏曲文本","opera-studies-3","direction-case","戏曲文本研究档案：逐页出处、底本差异和缺页索引；相关领域文献对“唱腔、身段及剧种传承”的用语与记录方式；底本出处、异文位置和编订层次。需对照的具体条目：排演文本、行动选择与观众位置；剧种传统、唱腔程式与演出版本","原文与编订","后世编订和现代转写会改变可见文本，须保留版本链。","false"
"opera-studies-4","opera-studies","曲艺文本","opera-studies-4","direction-case","曲艺文本研究档案：逐页出处、底本差异和缺页索引；相关领域文献对“唱腔、身段及剧种传承”的用语与记录方式；底本出处、异文位置和编订层次。需对照的具体条目：讲述角色、曲词版本与听众互动","原文与编订","后世编订和现代转写会改变可见文本，须保留版本链。","false"
"opera-studies-5","opera-studies","戏曲表演","opera-studies-5","direction-case","戏曲表演研究档案：唱腔、身段及剧种传承；排演文本、身体动作和观众位置；谱本或排演文本、演出记录和现场条件。需对照的具体条目：排演文本、行动选择与观众位置；剧种传统、唱腔程式与演出版本","文本与演出","文本未完整规定舞台行动，演出也会改变文本理解。 程式相似不能抹去剧种、场次及传承差异。","false"
"opera-studies-6","opera-studies","曲艺表演","opera-studies-6","direction-case","曲艺表演研究档案：唱腔、身段及剧种传承；排演文本、身体动作和观众位置；谱本或排演文本、演出记录和现场条件。需对照的具体条目：排演文本、行动选择与观众位置；讲述角色、曲词版本与听众互动","文本与演出","文本未完整规定舞台行动，演出也会改变文本理解。 程式相似不能抹去剧种、场次及传承差异。","false"
"opera-studies-7","opera-studies","唱腔资料","opera-studies-7","direction-case","唱腔资料研究档案：唱腔、身段及剧种传承；谱本、声音记录和表演条件；谱本或排演文本、演出记录和现场条件。需对照戏曲程式与地方传统中的定义、对象索引与适用条件","谱本与实践","谱本不完整规定演奏，录音还包含声学和制作因素。 程式相似不能抹去剧种、场次及传承差异。","false"
"opera-studies-8","opera-studies","程式研究","opera-studies-8","direction-case","程式研究研究档案：唱腔、身段及剧种传承；排演文本、身体动作和观众位置。需对照戏曲程式与地方传统中的定义、对象索引与适用条件","文本与演出","文本未完整规定舞台行动，演出也会改变文本理解。 程式相似不能抹去剧种、场次及传承差异。","false"
"opera-studies-9","opera-studies","地方剧种","opera-studies-9","direction-case","地方剧种研究档案：唱腔、身段及剧种传承；作品或演出出处、接受语境和观众位置。需对照戏曲程式与地方传统中的定义、对象索引与适用条件","作品与接受","作品意图、批评解释与观众经验属于不同层次。 程式相似不能抹去剧种、场次及传承差异。","false"
"opera-studies-10","opera-studies","戏曲教育","opera-studies-10","direction-case","戏曲教育研究档案：教学任务、学生作答与撤去帮助后的新题；相关领域文献对“唱腔、身段及剧种传承”的用语与记录方式；任务目标、辅助条件和延迟表现。需对照的具体条目：排演文本、行动选择与观众位置；剧种传统、唱腔程式与演出版本","表现与学习","当场完成可受辅助影响，撤去帮助后的迁移才回答另一类问题。","false"
"opera-studies-11","opera-studies","演出档案","opera-studies-11","direction-case","演出档案研究档案：逐页出处、底本差异和缺页索引；相关领域文献对“唱腔、身段及剧种传承”的用语与记录方式；底本出处、异文位置和编订层次。需对照的具体条目：形成机关、归档过程与缺件","原文与编订","后世编订和现代转写会改变可见文本，须保留版本链。","false"
"opera-studies-12","opera-studies","戏曲观众","opera-studies-12","direction-case","戏曲观众研究档案：唱腔、身段及剧种传承；排演文本、身体动作和观众位置；作品或演出出处、接受语境和观众位置。需对照的具体条目：接触机会、理解路径与未参与者；排演文本、行动选择与观众位置；剧种传统、唱腔程式与演出版本","文本与演出 / 作品与接受","文本未完整规定舞台行动，演出也会改变文本理解。 作品意图、批评解释与观众经验属于不同层次。 程式相似不能抹去剧种、场次及传承差异。","false"
"integrated-circuits-1","integrated-circuits","集成电路理论","integrated-circuits-1","direction-case","集成电路理论研究档案：器件模型、时序功耗与芯片状态；器件模型、工作点和时序功耗。需对照的具体条目：工作点、时序约束与功耗分项；电路假设、器件模型与系统约束","器件与系统","单器件优势不保证组合后时序、功耗与系统表现更好。 器件性能不能独立说明系统时序、能耗及可靠性。","false"
"integrated-circuits-2","integrated-circuits","芯片设计资料","integrated-circuits-2","direction-case","芯片设计资料研究档案：器件模型、时序功耗与芯片状态；器件模型、工作点和时序功耗；设计任务、迭代版本和使用者反馈；任务路径、迭代版本和错误恢复记录。需对照的具体条目：工作点、时序约束与功耗分项","器件与系统 / 意图与理解","单器件优势不保证组合后时序、功耗与系统表现更好。 设计者希望表达的含义不等于使用者实际理解。 器件性能不能独立说明系统时序、能耗及可靠性。","false"
"integrated-circuits-3","integrated-circuits","器件模型评价","integrated-circuits-3","direction-case","器件模型评价研究档案：器件模型、时序功耗与芯片状态；器件模型、工作点和时序功耗；模型边界、参数来源和验证情境；参数出处、边界条件和独立检验情境。需对照器件、电路与芯片中的定义、对象索引与适用条件","器件与系统 / 拟合与检验","单器件优势不保证组合后时序、功耗与系统表现更好。 校准资料不能同时充当完全独立的验证资料。 器件性能不能独立说明系统时序、能耗及可靠性。","false"
"integrated-circuits-4","integrated-circuits","电路仿真","integrated-circuits-4","direction-case","电路仿真研究档案：器件模型、时序功耗与芯片状态；离散误差、参照解和停止条件；器件模型、工作点和时序功耗；参数出处、边界条件和独立检验情境。需对照的具体条目：工作点、时序约束与功耗分项","收敛与正确性 / 器件与系统","迭代停止不保证离散误差或模型误差已经足够小。 单器件优势不保证组合后时序、功耗与系统表现更好。 器件性能不能独立说明系统时序、能耗及可靠性。","false"
"integrated-circuits-5","integrated-circuits","集成电路测量","integrated-circuits-5","direction-case","集成电路测量研究档案：器件模型、时序功耗与芯片状态；参考量、校准曲线和不确定性分项；器件模型、工作点和时序功耗；参考依据、重复读数和误差分项。需对照的具体条目：工作点、时序约束与功耗分项","精密与准确 / 器件与系统","重复读数接近说明精密性，不能排除系统偏差。 单器件优势不保证组合后时序、功耗与系统表现更好。 器件性能不能独立说明系统时序、能耗及可靠性。","false"
"integrated-circuits-6","integrated-circuits","芯片可靠性","integrated-circuits-6","direction-case","芯片可靠性研究档案：器件模型、时序功耗与芯片状态；失效定义、暴露时长和退出原因；器件模型、工作点和时序功耗；版本变更、异常记录和失败复核。需对照的具体条目：工作点、时序约束与功耗分项","运行与可靠 / 器件与系统","没有记录到失效不等于可靠，需要知道实际使用时长。 单器件优势不保证组合后时序、功耗与系统表现更好。 器件性能不能独立说明系统时序、能耗及可靠性。","false"
"integrated-circuits-7","integrated-circuits","设计自动化","integrated-circuits-7","direction-case","设计自动化研究档案：器件模型、时序功耗与芯片状态；输入扰动、反馈状态和响应轨迹；设计任务、迭代版本和使用者反馈；任务路径、迭代版本和错误恢复记录。需对照器件、电路与芯片中的定义、对象索引与适用条件","辨识与控制 / 意图与理解","拟合已有输入输出不保证闭环稳定或未见工况可靠。 设计者希望表达的含义不等于使用者实际理解。 器件性能不能独立说明系统时序、能耗及可靠性。","false"
"integrated-circuits-8","integrated-circuits","芯片架构评价","integrated-circuits-8","direction-case","芯片架构评价研究档案：器件模型、时序功耗与芯片状态；器件模型、工作点和时序功耗。需对照的具体条目：工作点、时序约束与功耗分项；模块分工、工作负载与性能权衡","器件与系统","单器件优势不保证组合后时序、功耗与系统表现更好。 器件性能不能独立说明系统时序、能耗及可靠性。","false"
"integrated-circuits-9","integrated-circuits","工艺资料比较","integrated-circuits-9","direction-case","工艺资料比较研究档案：器件模型、时序功耗与芯片状态；公开资料定义、使用场景和解释边界；各方定义、资料来源和桥接规则。需对照器件、电路与芯片中的定义、对象索引与适用条件","可见资料与总体","可见资料可能只覆盖特定工况或披露范围，需要说明边界。 器件性能不能独立说明系统时序、能耗及可靠性。","false"
"integrated-circuits-10","integrated-circuits","芯片能耗评价","integrated-circuits-10","direction-case","芯片能耗评价研究档案：器件模型、时序功耗与芯片状态；器件模型、工作点和时序功耗。需对照的具体条目：工作点、时序约束与功耗分项；功能单位、运行时间与能量边界；功耗分项、活动时段与工作负载","器件与系统","单器件优势不保证组合后时序、功耗与系统表现更好。 器件性能不能独立说明系统时序、能耗及可靠性。","false"
"integrated-circuits-11","integrated-circuits","集成电路史","integrated-circuits-11","direction-case","集成电路史研究档案：同时代记载与后期整理本的年代对照；相关领域文献对“器件模型、时序功耗与芯片状态”的用语与记录方式；同时代资料、后期整理和出处链。需对照的具体条目：工作点、时序约束与功耗分项","记录与过去实践","留存资料受保存及整理选择影响，不是过去实践的完整镜像。","false"
"integrated-circuits-12","integrated-circuits","芯片教育","integrated-circuits-12","direction-case","芯片教育研究档案：教学任务、学生作答与撤去帮助后的新题；相关领域文献对“器件模型、时序功耗与芯片状态”的用语与记录方式；任务目标、辅助条件和延迟表现。需对照的具体条目：工作点、时序约束与功耗分项","表现与学习","当场完成可受辅助影响，撤去帮助后的迁移才回答另一类问题。","false"
"national-security-studies-1","national-security-studies","国家安全理论","national-security-studies-1","direction-case","国家安全理论研究档案：公开政策、社会响应与协作制度；正式规则、实际执行和行为者立场。需对照的具体条目：公开信号、相互解释与承诺兑现","规则与运行","正式文本相同不保证执行资源和实践相同。 风险感知、制度能力和实际恢复是不同概念。","false"
"national-security-studies-2","national-security-studies","安全政策史","national-security-studies-2","direction-case","安全政策史研究档案：同时代记载与后期整理本的年代对照；相关领域文献对“公开政策、社会响应与协作制度”的用语与记录方式；公开文件、责任分配和资源约束；同时代资料、后期整理和出处链。需对照的具体条目：公开信号、相互解释与承诺兑现；文本目标、执行资源与受影响范围","公开记录与实践 / 记录与过去实践","公开记录受可披露性与编写目的影响，不等于全部实践。 留存资料受保存及整理选择影响，不是过去实践的完整镜像。","false"
"national-security-studies-3","national-security-studies","公共风险沟通","national-security-studies-3","direction-case","公共风险沟通研究档案：公开政策、社会响应与协作制度；公开资料定义、使用场景和解释边界。需对照的具体条目：危险条件、暴露对象与实际脆弱性","可见资料与总体","可见资料可能只覆盖特定工况或披露范围，需要说明边界。 风险感知、制度能力和实际恢复是不同概念。","false"
"national-security-studies-4","national-security-studies","组织协作制度","national-security-studies-4","direction-case","组织协作制度研究档案：公开政策、社会响应与协作制度；节点口径、边含义和缺失连接；对象进入、角色关系和机会结构；正式文本、执行条件与被排除的对象。需对照的具体条目：条文来源、权限分配与执行差异；角色分工、资源联系与实际协调","关系与记录 / 个体与结构","没有记录到连接不等于不存在关系，边的定义影响结构。 个体选择受可得机会限制，观察到的行为不能仅归因于偏好。 风险感知、制度能力和实际恢复是不同概念。","false"
"national-security-studies-5","national-security-studies","社会韧性资料","national-security-studies-5","direction-case","社会韧性资料研究档案：公开政策、社会响应与协作制度；对象进入、角色关系和机会结构。需对照公开安全与社会韧性中的定义、对象索引与适用条件","个体与结构","个体选择受可得机会限制，观察到的行为不能仅归因于偏好。 风险感知、制度能力和实际恢复是不同概念。","false"
"national-security-studies-6","national-security-studies","安全治理","national-security-studies-6","direction-case","安全治理研究档案：公开政策、社会响应与协作制度；正式规则、实际执行和行为者立场；公开文件、责任分配和资源约束；正式文本、执行条件与被排除的对象。需对照的具体条目：规则来源、执行条件与行动者立场；公开信号、相互解释与承诺兑现","规则与运行 / 公开记录与实践","正式文本相同不保证执行资源和实践相同。 公开记录受可披露性与编写目的影响，不等于全部实践。 风险感知、制度能力和实际恢复是不同概念。","false"
"national-security-studies-7","national-security-studies","国际安全文献","national-security-studies-7","direction-case","国际安全文献研究档案：逐页出处、底本差异和缺页索引；相关领域文献对“公开政策、社会响应与协作制度”的用语与记录方式；底本出处、异文位置和编订层次。需对照的具体条目：公开信号、相互解释与承诺兑现；地区制度、指标译法与比较资格","原文与编订","后世编订和现代转写会改变可见文本，须保留版本链。","false"
"national-security-studies-8","national-security-studies","安全教育","national-security-studies-8","direction-case","安全教育研究档案：教学任务、学生作答与撤去帮助后的新题；相关领域文献对“公开政策、社会响应与协作制度”的用语与记录方式；任务目标、辅助条件和延迟表现。需对照的具体条目：公开信号、相互解释与承诺兑现","表现与学习","当场完成可受辅助影响，撤去帮助后的迁移才回答另一类问题。","false"
"national-security-studies-9","national-security-studies","安全伦理","national-security-studies-9","direction-case","安全伦理研究档案：行动者理由、利益负担与提出异议的记录；相关领域文献对“公开政策、社会响应与协作制度”的用语与记录方式；受益负担、行动理由和申诉机会。需对照的具体条目：公开信号、相互解释与承诺兑现；行动理由、受益负担与申诉机会","描述与规范","多数偏好或事实描述不能独立证成规范结论。","false"
"national-security-studies-10","national-security-studies","文化与安全","national-security-studies-10","direction-case","文化与安全研究档案：公开政策、社会响应与协作制度；正式规则、实际执行和行为者立场。需对照的具体条目：公开信号、相互解释与承诺兑现；实践语境、符号用法与传承位置","规则与运行","正式文本相同不保证执行资源和实践相同。 风险感知、制度能力和实际恢复是不同概念。","false"
"national-security-studies-11","national-security-studies","公开资料质量","national-security-studies-11","direction-case","公开资料质量研究档案：公开政策、社会响应与协作制度；标签定义、版本变动和分歧样本；公开文件、责任分配和资源约束；版本变更、异常记录和失败复核。需对照公开安全与社会韧性中的定义、对象索引与适用条件","一致与有效 / 公开记录与实践","标签一致不能独立证明标签符合研究构念。 公开记录受可披露性与编写目的影响，不等于全部实践。 风险感知、制度能力和实际恢复是不同概念。","false"
"national-security-studies-12","national-security-studies","比较安全制度","national-security-studies-12","direction-case","比较安全制度研究档案：公开政策、社会响应与协作制度；正式规则、实际执行和行为者立场；公开文件、责任分配和资源约束；正式文本、执行条件与被排除的对象。需对照的具体条目：公开信号、相互解释与承诺兑现；条文来源、权限分配与执行差异","规则与运行 / 公开记录与实践","正式文本相同不保证执行资源和实践相同。 公开记录受可披露性与编写目的影响，不等于全部实践。 风险感知、制度能力和实际恢复是不同概念。","false"
"intelligent-science-1","intelligent-science","智能理论","intelligent-science-1","direction-case","智能理论研究档案：模型任务、交互决策与使用环境；来源划分、简单基线和错误分布。需对照的具体条目：智能概念、任务定义与评价假设","拟合与泛化","开发资料上的高分不保证对未见来源的表现。 模型准确不自动带来更好的联合判断。","false"
"intelligent-science-2","intelligent-science","认知计算资料","intelligent-science-2","direction-case","认知计算资料研究档案：模型任务、交互决策与使用环境；公开资料定义、使用场景和解释边界。需对照的具体条目：任务难度、注意条件与策略选择","可见资料与总体","可见资料可能只覆盖特定工况或披露范围，需要说明边界。 模型准确不自动带来更好的联合判断。","false"
"intelligent-science-3","intelligent-science","机器学习评价","intelligent-science-3","direction-case","机器学习评价研究档案：模型任务、交互决策与使用环境；来源划分、简单基线和错误分布；任务目标、辅助条件和延迟表现。需对照的具体条目：来源划分、基线与错误类型；目标任务、辅助条件与延迟迁移；目标构念、任务难度与评分规则","拟合与泛化 / 表现与学习","开发资料上的高分不保证对未见来源的表现。 当场完成可受辅助影响，撤去帮助后的迁移才回答另一类问题。 模型准确不自动带来更好的联合判断。","false"
"intelligent-science-4","intelligent-science","智能系统建模","intelligent-science-4","direction-case","智能系统建模研究档案：模型任务、交互决策与使用环境；模型边界、参数来源和验证情境；系统边界、反馈连接和尺度转换；参数出处、边界条件和独立检验情境。需对照智能系统与人机判断中的定义、对象索引与适用条件","拟合与检验 / 局部与系统","校准资料不能同时充当完全独立的验证资料。 局部部件的收益可能被反馈和协调成本改变。 模型准确不自动带来更好的联合判断。","false"
"intelligent-science-5","intelligent-science","智能交互","intelligent-science-5","direction-case","智能交互研究档案：模型任务、交互决策与使用环境；任务完成、错误恢复和辅助条件；任务路径、迭代版本和错误恢复记录。需对照的具体条目：任务路径、辅助条件与错误恢复","完成与体验","完成率不能独立概括负担、可及性和错误恢复。 模型准确不自动带来更好的联合判断。","false"
"intelligent-science-6","intelligent-science","智能感知评价","intelligent-science-6","direction-case","智能感知评价研究档案：模型任务、交互决策与使用环境；来源划分、简单基线和错误分布。需对照的具体条目：感知来源、错误模式与场景变化","拟合与泛化","开发资料上的高分不保证对未见来源的表现。 模型准确不自动带来更好的联合判断。","false"
"intelligent-science-7","intelligent-science","智能决策资料","intelligent-science-7","direction-case","智能决策资料研究档案：模型任务、交互决策与使用环境；系统边界、反馈连接和尺度转换；公开文件、责任分配和资源约束。需对照的具体条目：可得方案、判断时点与约束依据","局部与系统 / 公开记录与实践","局部部件的收益可能被反馈和协调成本改变。 公开记录受可披露性与编写目的影响，不等于全部实践。 模型准确不自动带来更好的联合判断。","false"
"intelligent-science-8","intelligent-science","智能系统可靠性","intelligent-science-8","direction-case","智能系统可靠性研究档案：模型任务、交互决策与使用环境；失效定义、暴露时长和退出原因；系统边界、反馈连接和尺度转换；版本变更、异常记录和失败复核。需对照智能系统与人机判断中的定义、对象索引与适用条件","运行与可靠 / 局部与系统","没有记录到失效不等于可靠，需要知道实际使用时长。 局部部件的收益可能被反馈和协调成本改变。 模型准确不自动带来更好的联合判断。","false"
"intelligent-science-9","intelligent-science","智能伦理","intelligent-science-9","direction-case","智能伦理研究档案：行动者理由、利益负担与提出异议的记录；相关领域文献对“模型任务、交互决策与使用环境”的用语与记录方式；受益负担、行动理由和申诉机会。需对照的具体条目：行动理由、受益负担与申诉机会","描述与规范","多数偏好或事实描述不能独立证成规范结论。","false"
"intelligent-science-10","intelligent-science","多模态资料","intelligent-science-10","direction-case","多模态资料研究档案：模型任务、交互决策与使用环境；采样条件、频谱结构和噪声假设。需对照的具体条目：可及关系、量词范围与反例条件","信号与处理","处理后图形更平滑不等于真实信息更多。 模型准确不自动带来更好的联合判断。","false"
"intelligent-science-11","intelligent-science","智能科学史","intelligent-science-11","direction-case","智能科学史研究档案：同时代记载与后期整理本的年代对照；相关领域文献对“模型任务、交互决策与使用环境”的用语与记录方式；同时代资料、后期整理和出处链。需对照的具体条目：仪器记录、研究制度与知识传播","记录与过去实践","留存资料受保存及整理选择影响，不是过去实践的完整镜像。","false"
"intelligent-science-12","intelligent-science","智能教育","intelligent-science-12","direction-case","智能教育研究档案：教学任务、学生作答与撤去帮助后的新题；相关领域文献对“模型任务、交互决策与使用环境”的用语与记录方式；任务目标、辅助条件和延迟表现。需对照智能系统与人机判断中的定义、对象索引与适用条件","表现与学习","当场完成可受辅助影响，撤去帮助后的迁移才回答另一类问题。","false"
"nano-science-1","nano-science","纳米材料资料","nano-science-1","direction-case","纳米材料资料研究档案：尺寸分布、表面状态与尺度相关性质；结构分布、缺陷表征和性质条件。需对照的具体条目：尺寸分布、表面状态与材料来源","结构与组成","相同名义组成可有不同结构分布，因此性质未必相同。 纳米尺寸标签不能替代真实尺寸分布与表面信息。","false"
"nano-science-2","nano-science","纳米结构测量","nano-science-2","direction-case","纳米结构测量研究档案：尺寸分布、表面状态与尺度相关性质；结构分布、缺陷表征和性质条件；参考量、校准曲线和不确定性分项；参考依据、重复读数和误差分项。需对照的具体条目：结构读数、仪器响应与尺寸分布","结构与组成 / 精密与准确","相同名义组成可有不同结构分布，因此性质未必相同。 重复读数接近说明精密性，不能排除系统偏差。 纳米尺寸标签不能替代真实尺寸分布与表面信息。","false"
"nano-science-3","nano-science","纳米光学","nano-science-3","direction-case","纳米光学研究档案：尺寸分布、表面状态与尺度相关性质；光路、光谱响应和探测器背景；结构分布、缺陷表征和性质条件。需对照纳米尺度与界面中的定义、对象索引与适用条件","响应与输入 / 结构与组成","探测器读数包含系统响应，不能直接当成入射光的真实分布。 相同名义组成可有不同结构分布，因此性质未必相同。 纳米尺寸标签不能替代真实尺寸分布与表面信息。","false"
"nano-science-4","nano-science","纳米电子资料","nano-science-4","direction-case","纳米电子资料研究档案：尺寸分布、表面状态与尺度相关性质；结构分布、缺陷表征和性质条件。需对照的具体条目：器件尺度、工作条件与电学响应","结构与组成","相同名义组成可有不同结构分布，因此性质未必相同。 纳米尺寸标签不能替代真实尺寸分布与表面信息。","false"
"nano-science-5","nano-science","纳米力学","nano-science-5","direction-case","纳米力学研究档案：尺寸分布、表面状态与尺度相关性质；结构分布、缺陷表征和性质条件。需对照的具体条目：尺度条件、边界约束与力学读数","结构与组成","相同名义组成可有不同结构分布，因此性质未必相同。 纳米尺寸标签不能替代真实尺寸分布与表面信息。","false"
"nano-science-6","nano-science","纳米界面","nano-science-6","direction-case","纳米界面研究档案：尺寸分布、表面状态与尺度相关性质；结构分布、缺陷表征和性质条件。需对照的具体条目：界面面积、表面状态与相互作用","结构与组成","相同名义组成可有不同结构分布，因此性质未必相同。 纳米尺寸标签不能替代真实尺寸分布与表面信息。","false"
"nano-science-7","nano-science","纳米能源资料","nano-science-7","direction-case","纳米能源资料研究档案：尺寸分布、表面状态与尺度相关性质；结构分布、缺陷表征和性质条件；计量单位、时间窗口和未计入的投入。需对照纳米尺度与界面中的定义、对象索引与适用条件","结构与组成","相同名义组成可有不同结构分布，因此性质未必相同。 纳米尺寸标签不能替代真实尺寸分布与表面信息。","false"
"nano-science-8","nano-science","纳米生物资料","nano-science-8","direction-case","纳米生物资料研究档案：尺寸分布、表面状态与尺度相关性质；结构分布、缺陷表征和性质条件。需对照的具体条目：生物对象、材料状态与模型边界","结构与组成","相同名义组成可有不同结构分布，因此性质未必相同。 纳米尺寸标签不能替代真实尺寸分布与表面信息。","false"
"nano-science-9","nano-science","纳米材料评价","nano-science-9","direction-case","纳米材料评价研究档案：尺寸分布、表面状态与尺度相关性质；结构分布、缺陷表征和性质条件。需对照的具体条目：尺寸分布、表面状态与材料来源；评价任务、适用场景与参照材料","结构与组成","相同名义组成可有不同结构分布，因此性质未必相同。 纳米尺寸标签不能替代真实尺寸分布与表面信息。","false"
"nano-science-10","nano-science","尺度效应","nano-science-10","direction-case","尺度效应研究档案：尺寸分布、表面状态与尺度相关性质；公开资料定义、使用场景和解释边界。需对照纳米尺度与界面中的定义、对象索引与适用条件","可见资料与总体","可见资料可能只覆盖特定工况或披露范围，需要说明边界。 纳米尺寸标签不能替代真实尺寸分布与表面信息。","false"
"nano-science-11","nano-science","纳米科学史","nano-science-11","direction-case","纳米科学史研究档案：同时代记载与后期整理本的年代对照；相关领域文献对“尺寸分布、表面状态与尺度相关性质”的用语与记录方式；同时代资料、后期整理和出处链。需对照的具体条目：仪器记录、研究制度与知识传播","记录与过去实践","留存资料受保存及整理选择影响，不是过去实践的完整镜像。","false"
"nano-science-12","nano-science","纳米测量质量","nano-science-12","direction-case","纳米测量质量研究档案：尺寸分布、表面状态与尺度相关性质；结构分布、缺陷表征和性质条件；参考量、校准曲线和不确定性分项；参考依据、重复读数和误差分项。需对照的具体条目：参考量、标定条件与误差来源","结构与组成 / 精密与准确","相同名义组成可有不同结构分布，因此性质未必相同。 重复读数接近说明精密性，不能排除系统偏差。 纳米尺寸标签不能替代真实尺寸分布与表面信息。","false"
"area-studies-1","area-studies","区域历史","area-studies-1","direction-case","区域历史研究档案：同时代记载与后期整理本的年代对照；相关领域文献对“多语文献、地方制度与时期条件”的用语与记录方式；同时代资料、后期整理和出处链。需对照国别语境与跨区比较中的定义、对象索引与适用条件","记录与过去实践","留存资料受保存及整理选择影响，不是过去实践的完整镜像。","false"
"area-studies-2","area-studies","国别政治资料","area-studies-2","direction-case","国别政治资料研究档案：多语文献、地方制度与时期条件；正式规则、实际执行和行为者立场；地理单元、时期边界和地方制度。需对照的具体条目：规则来源、执行条件与行动者立场","规则与运行 / 同名与可比","正式文本相同不保证执行资源和实践相同。 同名指标可在不同地区有不同含义，需保留制度语境。 同名指标和制度在不同地区可能含义不同。","false"
"area-studies-3","area-studies","区域经济","area-studies-3","direction-case","区域经济研究档案：多语文献、地方制度与时期条件；地理单元、时期边界和地方制度；坐标基准、空间单元和不同尺度的对照。需对照的具体条目：地方产业、市场联系与资源约束","同名与可比","同名指标可在不同地区有不同含义，需保留制度语境。 同名指标和制度在不同地区可能含义不同。","false"
"area-studies-4","area-studies","区域文化","area-studies-4","direction-case","区域文化研究档案：多语文献、地方制度与时期条件；地理单元、时期边界和地方制度；坐标基准、空间单元和不同尺度的对照。需对照的具体条目：实践语境、符号用法与传承位置","同名与可比","同名指标可在不同地区有不同含义，需保留制度语境。 同名指标和制度在不同地区可能含义不同。","false"
"area-studies-5","area-studies","区域语言","area-studies-5","direction-case","区域语言研究档案：多语文献、地方制度与时期条件；地理单元、时期边界和地方制度；坐标基准、空间单元和不同尺度的对照。需对照的具体条目：当地语料、使用者位置与语体选择","同名与可比","同名指标可在不同地区有不同含义，需保留制度语境。 同名指标和制度在不同地区可能含义不同。","false"
"area-studies-6","area-studies","区域社会","area-studies-6","direction-case","区域社会研究档案：多语文献、地方制度与时期条件；对象进入、角色关系和机会结构；地理单元、时期边界和地方制度；坐标基准、空间单元和不同尺度的对照。需对照国别语境与跨区比较中的定义、对象索引与适用条件","个体与结构 / 同名与可比","个体选择受可得机会限制，观察到的行为不能仅归因于偏好。 同名指标可在不同地区有不同含义，需保留制度语境。 同名指标和制度在不同地区可能含义不同。","false"
"area-studies-7","area-studies","国别文献","area-studies-7","direction-case","国别文献研究档案：逐页出处、底本差异和缺页索引；相关领域文献对“多语文献、地方制度与时期条件”的用语与记录方式；底本出处、异文位置和编订层次。需对照国别语境与跨区比较中的定义、对象索引与适用条件","原文与编订","后世编订和现代转写会改变可见文本，须保留版本链。","false"
"area-studies-8","area-studies","跨区域比较","area-studies-8","direction-case","跨区域比较研究档案：多语文献、地方制度与时期条件；地理单元、时期边界和地方制度；坐标基准、空间单元和不同尺度的对照。需对照的具体条目：双方边界、指标定义与制度差异","同名与可比","同名指标可在不同地区有不同含义，需保留制度语境。 同名指标和制度在不同地区可能含义不同。","false"
"area-studies-9","area-studies","区域组织","area-studies-9","direction-case","区域组织研究档案：多语文献、地方制度与时期条件；对象进入、角色关系和机会结构；地理单元、时期边界和地方制度；正式文本、执行条件与被排除的对象。需对照的具体条目：角色分工、资源联系与实际协调","个体与结构 / 同名与可比","个体选择受可得机会限制，观察到的行为不能仅归因于偏好。 同名指标可在不同地区有不同含义，需保留制度语境。 同名指标和制度在不同地区可能含义不同。","false"
"area-studies-10","area-studies","地区教育","area-studies-10","direction-case","地区教育研究档案：教学任务、学生作答与撤去帮助后的新题；相关领域文献对“多语文献、地方制度与时期条件”的用语与记录方式；任务目标、辅助条件和延迟表现。需对照国别语境与跨区比较中的定义、对象索引与适用条件","表现与学习","当场完成可受辅助影响，撤去帮助后的迁移才回答另一类问题。","false"
"area-studies-11","area-studies","区域档案","area-studies-11","direction-case","区域档案研究档案：逐页出处、底本差异和缺页索引；相关领域文献对“多语文献、地方制度与时期条件”的用语与记录方式；底本出处、异文位置和编订层次。需对照的具体条目：形成机关、归档过程与缺件","原文与编订","后世编订和现代转写会改变可见文本，须保留版本链。","false"
"area-studies-12","area-studies","区域研究方法","area-studies-12","direction-case","区域研究方法研究档案：多语文献、地方制度与时期条件；地理单元、时期边界和地方制度；坐标基准、空间单元和不同尺度的对照。需对照的具体条目：输入要求、适用前提与方法失败条件","同名与可比","同名指标可在不同地区有不同含义，需保留制度语境。 同名指标和制度在不同地区可能含义不同。","false"
"cryptography-studies-1","cryptography-studies","密码数学","cryptography-studies-1","direction-case","密码数学研究档案：安全定义、威胁模型与公开证明；定义域、必要假设和反例；公开威胁模型、安全定义和适用假设。需对照形式安全与系统假设中的定义、对象索引与适用条件","存在与全称 / 保证与假设","一个满足性质的实例不能证明所有对象满足性质。 安全结论只覆盖定义中的攻击者能力与条件。 形式保证只覆盖定义中的攻击者和假设。","false"
"cryptography-studies-2","cryptography-studies","密码协议形式分析","cryptography-studies-2","direction-case","密码协议形式分析研究档案：安全定义、威胁模型与公开证明；公开威胁模型、安全定义和适用假设；参数出处、边界条件和独立检验情境。需对照的具体条目：输入假设、测量或推导链与不确定性","保证与假设","安全结论只覆盖定义中的攻击者能力与条件。 形式保证只覆盖定义中的攻击者和假设。","false"
"cryptography-studies-3","cryptography-studies","密码模型","cryptography-studies-3","direction-case","密码模型研究档案：安全定义、威胁模型与公开证明；公开威胁模型、安全定义和适用假设；模型边界、参数来源和验证情境；参数出处、边界条件和独立检验情境。需对照形式安全与系统假设中的定义、对象索引与适用条件","保证与假设 / 拟合与检验","安全结论只覆盖定义中的攻击者能力与条件。 校准资料不能同时充当完全独立的验证资料。 形式保证只覆盖定义中的攻击者和假设。","false"
"cryptography-studies-4","cryptography-studies","密码标准史","cryptography-studies-4","direction-case","密码标准史研究档案：同时代记载与后期整理本的年代对照；相关领域文献对“安全定义、威胁模型与公开证明”的用语与记录方式；同时代资料、后期整理和出处链。需对照的具体条目：标准文本、修订原因与制定制度","记录与过去实践","留存资料受保存及整理选择影响，不是过去实践的完整镜像。","false"
"cryptography-studies-5","cryptography-studies","密码算法公开评价","cryptography-studies-5","direction-case","密码算法公开评价研究档案：安全定义、威胁模型与公开证明；公开威胁模型、安全定义和适用假设；公开资料定义、使用场景和解释边界。需对照的具体条目：推荐入口、排序条件与未曝光对象","保证与假设 / 可见资料与总体","安全结论只覆盖定义中的攻击者能力与条件。 可见资料可能只覆盖特定工况或披露范围，需要说明边界。 形式保证只覆盖定义中的攻击者和假设。","false"
"cryptography-studies-6","cryptography-studies","密码工程资料","cryptography-studies-6","direction-case","密码工程资料研究档案：安全定义、威胁模型与公开证明；公开威胁模型、安全定义和适用假设。需对照形式安全与系统假设中的定义、对象索引与适用条件","保证与假设","安全结论只覆盖定义中的攻击者能力与条件。 形式保证只覆盖定义中的攻击者和假设。","false"
"cryptography-studies-7","cryptography-studies","密码可用性","cryptography-studies-7","direction-case","密码可用性研究档案：安全定义、威胁模型与公开证明；公开威胁模型、安全定义和适用假设；任务完成、错误恢复和辅助条件；任务路径、迭代版本和错误恢复记录。需对照形式安全与系统假设中的定义、对象索引与适用条件","保证与假设 / 完成与体验","安全结论只覆盖定义中的攻击者能力与条件。 完成率不能独立概括负担、可及性和错误恢复。 形式保证只覆盖定义中的攻击者和假设。","false"
"cryptography-studies-8","cryptography-studies","密码教育","cryptography-studies-8","direction-case","密码教育研究档案：教学任务、学生作答与撤去帮助后的新题；相关领域文献对“安全定义、威胁模型与公开证明”的用语与记录方式；任务目标、辅助条件和延迟表现。需对照形式安全与系统假设中的定义、对象索引与适用条件","表现与学习","当场完成可受辅助影响，撤去帮助后的迁移才回答另一类问题。","false"
"cryptography-studies-9","cryptography-studies","密码伦理","cryptography-studies-9","direction-case","密码伦理研究档案：行动者理由、利益负担与提出异议的记录；相关领域文献对“安全定义、威胁模型与公开证明”的用语与记录方式；受益负担、行动理由和申诉机会。需对照的具体条目：行动理由、受益负担与申诉机会","描述与规范","多数偏好或事实描述不能独立证成规范结论。","false"
"cryptography-studies-10","cryptography-studies","隐私保护理论","cryptography-studies-10","direction-case","隐私保护理论研究档案：安全定义、威胁模型与公开证明；公开威胁模型、安全定义和适用假设。需对照的具体条目：实施时间线、交接信息与本人报告；公开隐私定义、使用情境与风险范围","保证与假设","安全结论只覆盖定义中的攻击者能力与条件。 形式保证只覆盖定义中的攻击者和假设。","false"
"cryptography-studies-11","cryptography-studies","密码资料复现","cryptography-studies-11","direction-case","密码资料复现研究档案：安全定义、威胁模型与公开证明；公开威胁模型、安全定义和适用假设；版本变更、异常记录和失败复核。需对照的具体条目：原始版本、偏离记录与失败尝试","保证与假设","安全结论只覆盖定义中的攻击者能力与条件。 形式保证只覆盖定义中的攻击者和假设。","false"
"cryptography-studies-12","cryptography-studies","密码史","cryptography-studies-12","direction-case","密码史研究档案：同时代记载与后期整理本的年代对照；相关领域文献对“安全定义、威胁模型与公开证明”的用语与记录方式；同时代资料、后期整理和出处链。需对照的具体条目：公开技术档案、时代术语与使用叙述","记录与过去实践","留存资料受保存及整理选择影响，不是过去实践的完整镜像。","false"
"heritage-conservation-1","heritage-conservation","文物材料资料","heritage-conservation-1","direction-case","文物材料资料研究档案：材料状态、环境历程与保护记录；结构分布、缺陷表征和性质条件；来源链、材料状态和保存环境。需对照文物状态与保护评价中的定义、对象索引与适用条件","结构与组成 / 来源与状态","相同名义组成可有不同结构分布，因此性质未必相同。 外观改善不能证明来源可靠或长期保存稳定。 外观改善不独立证明材料长期稳定。","false"
"heritage-conservation-2","heritage-conservation","文物病害记录","heritage-conservation-2","direction-case","文物病害记录研究档案：材料状态、环境历程与保护记录；来源链、材料状态和保存环境。需对照的具体条目：病害定义、材料状态与环境历程","来源与状态","外观改善不能证明来源可靠或长期保存稳定。 外观改善不独立证明材料长期稳定。","false"
"heritage-conservation-3","heritage-conservation","文物保护史","heritage-conservation-3","direction-case","文物保护史研究档案：同时代记载与后期整理本的年代对照；相关领域文献对“材料状态、环境历程与保护记录”的用语与记录方式；同时代资料、后期整理和出处链。需对照文物状态与保护评价中的定义、对象索引与适用条件","记录与过去实践","留存资料受保存及整理选择影响，不是过去实践的完整镜像。","false"
"heritage-conservation-4","heritage-conservation","文物展示","heritage-conservation-4","direction-case","文物展示研究档案：公开来源、展陈取舍与观众提出的问题；相关领域文献对“材料状态、环境历程与保护记录”的用语与记录方式；来源链、材料状态和保存环境。需对照文物状态与保护评价中的定义、对象索引与适用条件","来源与状态","外观改善不能证明来源可靠或长期保存稳定。","false"
"heritage-conservation-5","heritage-conservation","文物数字记录","heritage-conservation-5","direction-case","文物数字记录研究档案：材料状态、环境历程与保护记录；来源链、材料状态和保存环境；转写规则、数字版本和原件对应。需对照的具体条目：编码规则、平台入口与不可见记录","来源与状态 / 可计算与可解释","外观改善不能证明来源可靠或长期保存稳定。 可检索或可计算的记录会受转写与收录条件影响。 外观改善不独立证明材料长期稳定。","false"
"heritage-conservation-6","heritage-conservation","保护评价","heritage-conservation-6","direction-case","保护评价研究档案：材料状态、环境历程与保护记录；公开资料定义、使用场景和解释边界。需对照文物状态与保护评价中的定义、对象索引与适用条件","可见资料与总体","可见资料可能只覆盖特定工况或披露范围，需要说明边界。 外观改善不独立证明材料长期稳定。","false"
"heritage-conservation-7","heritage-conservation","文物来源","heritage-conservation-7","direction-case","文物来源研究档案：材料状态、环境历程与保护记录；来源链、材料状态和保存环境。需对照的具体条目：来源链、移交记录与缺失环节","来源与状态","外观改善不能证明来源可靠或长期保存稳定。 外观改善不独立证明材料长期稳定。","false"
"heritage-conservation-8","heritage-conservation","文物环境资料","heritage-conservation-8","direction-case","文物环境资料研究档案：材料状态、环境历程与保护记录；来源链、材料状态和保存环境。需对照的具体条目：环境时序、保存状态与观察条件","来源与状态","外观改善不能证明来源可靠或长期保存稳定。 外观改善不独立证明材料长期稳定。","false"
"heritage-conservation-9","heritage-conservation","文物管理","heritage-conservation-9","direction-case","文物管理研究档案：材料状态、环境历程与保护记录；来源链、材料状态和保存环境；正式文本、执行条件与被排除的对象。需对照文物状态与保护评价中的定义、对象索引与适用条件","来源与状态","外观改善不能证明来源可靠或长期保存稳定。 外观改善不独立证明材料长期稳定。","false"
"heritage-conservation-10","heritage-conservation","文物伦理","heritage-conservation-10","direction-case","文物伦理研究档案：行动者理由、利益负担与提出异议的记录；相关领域文献对“材料状态、环境历程与保护记录”的用语与记录方式；受益负担、行动理由和申诉机会。需对照的具体条目：行动理由、受益负担与申诉机会","描述与规范","多数偏好或事实描述不能独立证成规范结论。","false"
"heritage-conservation-11","heritage-conservation","文物教育","heritage-conservation-11","direction-case","文物教育研究档案：教学任务、学生作答与撤去帮助后的新题；相关领域文献对“材料状态、环境历程与保护记录”的用语与记录方式；任务目标、辅助条件和延迟表现。需对照文物状态与保护评价中的定义、对象索引与适用条件","表现与学习","当场完成可受辅助影响，撤去帮助后的迁移才回答另一类问题。","false"
"heritage-conservation-12","heritage-conservation","文物跨学科比较","heritage-conservation-12","direction-case","文物跨学科比较研究档案：材料状态、环境历程与保护记录；来源链、材料状态和保存环境；双方术语、共同对象和验证分工；各方定义、资料来源和桥接规则。需对照文物状态与保护评价中的定义、对象索引与适用条件","来源与状态 / 共同问题与拼接方法","外观改善不能证明来源可靠或长期保存稳定。 并列两套方法不是交叉研究，需要可以共同检验的问题。 外观改善不独立证明材料长期稳定。","false"
"pharmacy-10","pharmacy","心血管药理学","pharmacy-10","concept","心脏收缩功能、血管张力与循环负荷资料","直接作用与负荷依赖","心脏功能指标同时受收缩状态及前后负荷影响；指标改变不能单独定位直接作用环节。","false"
"pharmacy-11","pharmacy","肾脏药理学","pharmacy-11","concept","肾滤过、尿液变化与容量状态记录","利尿与肾保护","尿量增加可反映排泄过程改变，但不能单独说明肾组织受损减少或长期功能获益。","false"
"pharmacy-12","pharmacy","神经药理学","pharmacy-12","case","脑内暴露资料、受体证据与行为任务记录","结构与功能对应 / 暴露与作用","相同结构表现可对应不同功能，任务和观察时点影响解释。 记录暴露或传统使用不自动证明药效或临床获益。 靶点、功能、暴露和临床获益各需相应证据。","false"
"pharmacy-13","pharmacy","内分泌与代谢药理学","pharmacy-13","case","激素时序、代谢指标与进食和体重记录","反馈与时序 / 暴露与作用","反馈系统中的单一时点可错过相位变化，不能完整代表动态状态。 记录暴露或传统使用不自动证明药效或临床获益。 靶点、功能、暴露和临床获益各需相应证据。","false"
"pharmacy-14","pharmacy","肿瘤药理学","pharmacy-14","case","模型来源、药物暴露与生长反应资料","病灶与患者结局 / 暴露与作用","病灶指标变化与生存或生活功能是不同层次。 记录暴露或传统使用不自动证明药效或临床获益。 靶点、功能、暴露和临床获益各需相应证据。","false"
"pharmacy-15","pharmacy","免疫药理学","pharmacy-15","case","免疫细胞构成、功能指标与作用证据","标志与功能 / 暴露与作用","标志强度、细胞比例和功能响应不同，单项不能概括整个系统。 记录暴露或传统使用不自动证明药效或临床获益。 靶点、功能、暴露和临床获益各需相应证据。","false"
"pharmacy-16","pharmacy","炎症与镇痛药理学","pharmacy-16","case","疼痛行为、炎症指标和运动状态记录","标志与功能 / 暴露与作用","标志强度、细胞比例和功能响应不同，单项不能概括整个系统。 记录暴露或传统使用不自动证明药效或临床获益。 靶点、功能、暴露和临床获益各需相应证据。","false"
"pharmacy-17","pharmacy","呼吸药理学","pharmacy-17","case","气道功能、炎症资料和观察条件","通气与气体交换 / 暴露与作用","通气表现不能独立概括交换效率及日常功能。 记录暴露或传统使用不自动证明药效或临床获益。 靶点、功能、暴露和临床获益各需相应证据。","false"
"pharmacy-18","pharmacy","消化药理学","pharmacy-18","case","动力和分泌指标、进食资料与症状记录","症状与组织过程 / 暴露与作用","症状可受多个过程影响，症状变化不独立定位组织机制。 记录暴露或传统使用不自动证明药效或临床获益。 靶点、功能、暴露和临床获益各需相应证据。","false"
"pharmacy-19","pharmacy","自主神经药理学","pharmacy-19","case","受体作用资料、器官功能与背景张力记录","结构与功能对应 / 暴露与作用","相同结构表现可对应不同功能，任务和观察时点影响解释。 记录暴露或传统使用不自动证明药效或临床获益。 靶点、功能、暴露和临床获益各需相应证据。","false"
"pharmacy-20","pharmacy","血栓与止血药理学","pharmacy-20","concept","血小板聚集、凝血评价与出血记录","血小板作用与凝血作用","止血涉及不同环节；某一凝血指标变化不直接说明血小板作用，也不概括所有出血风险。","false"
"pharmacy-21","pharmacy","分子与受体药理学","pharmacy-21","concept","结合曲线、功能反应与受体表达资料","亲和力、效能与效价","亲和力描述结合倾向，效能描述引发反应的能力，效价反映产生特定反应需要的量并依赖系统条件。","false"
"pharmacy-22","pharmacy","药代与药效关系","pharmacy-22","concept","浓度时间曲线、效应时序与基线变化","暴露与效应延迟","同一浓度在上升与下降阶段可对应不同反应；延迟可能来自分布、作用过程或基础状态改变。","false"
"pharmacy-23","pharmacy","药物毒理与安全药理学","pharmacy-23","case","目标作用资料、非目标功能记录与暴露范围","暴露与作用 / 模型与人体","记录暴露或传统使用不自动证明药效或临床获益。 模型中的作用、计算评分和患者获益是不同证据层次。 靶点、功能、暴露和临床获益各需相应证据。","false"
"pharmacy-24","pharmacy","发育与衰老药理学","pharmacy-24","case","阶段信息、功能状态和暴露资料","年龄与功能储备 / 年龄与阶段","同年龄的人可具有不同功能及适应能力，年龄不是完整机制解释。 相同日龄或年龄不保证相同发育状态。 靶点、功能、暴露和临床获益各需相应证据。","false"
"pharmacy-25","pharmacy","生殖与性别相关药理学","pharmacy-25","case","激素状态、性别变量和暴露反应记录","关联主体与观察单位 / 暴露与作用","母婴或家庭成员相关但不是同一独立单位，阶段还影响解释。 记录暴露或传统使用不自动证明药效或临床获益。 靶点、功能、暴露和临床获益各需相应证据。","false"
"epistemology-knowledge-social","epistemology","社会认识论","epistemology-knowledge-social","concept","证言来源、依赖链和专家分歧记录","证言依赖","多个人转述同一来源并不是多个独立认识依据；专家资格也要对应具体问题。","false"
"ethics-studies-knowledge-moral","ethics-studies","道德责任与运气","ethics-studies-knowledge-moral","concept","行动意图、可控条件与结果差异的案例表","道德运气","结果受偶然因素影响时，对责任的判断可能与只按可控行为评价发生张力。","false"
"logic-studies-knowledge-modal","logic-studies","模态逻辑与可能世界","logic-studies-knowledge-modal","concept","可能世界关系图、公式真值与框架条件","必然与可能","模态公式的真值取决于可达世界；改变可达关系可能改变哪些公式有效。","false"
"development-econ-knowledge-migration","development-econ","迁移与劳动匹配","development-econ-knowledge-migration","concept","迁移前技能、招聘岗位与定居后的就业记录","技能匹配","就业率与技能是否得到使用是不同结果；学历相近也不代表岗位任务相同。","false"
"finance-studies-knowledge-liquidity","finance-studies","资产流动性与交易成本","finance-studies-knowledge-liquidity","concept","报价价差、成交量与价格冲击记录","流动性与收益率","收益高不代表容易成交；价差、深度和价格冲击分别描述交易成本与承载能力。","false"
"tax-studies-knowledge-incidence","tax-studies","税收归宿与行为反应","tax-studies-knowledge-incidence","concept","税前税后价格、交易数量与弹性假设","法定纳税人与经济负担","法律规定由谁缴税，与价格调整后谁实际承担负担并不相同。","false"
"intellectual-property-knowledge-patent","intellectual-property","专利权利要求与技术范围","intellectual-property-knowledge-patent","concept","权利要求文本、说明书与现有技术对照","公开内容与保护范围","说明书介绍技术，不等于其中每个细节都受同样保护；保护范围需依权利要求及适用解释规则判断。","false"
"constitutional-law-knowledge-proportionality","constitutional-law","行政裁量与比例原则","constitutional-law-knowledge-proportionality","concept","行政目的、备选措施与权利影响的案例表","目的与手段的层次审查","目的正当并不直接证明手段必要；需区分适合性、可替代方案及利益衡量。","false"
"international-law-knowledge-treaty","international-law","条约解释与多语文本","international-law-knowledge-treaty","concept","条约多语正本、上下文与后续实践记录","文本与解释语境","孤立词义不能替代条约语境；多语正本的地位也不同于普通非正式翻译。","false"
"curriculum-studies-knowledge-inquiry","curriculum-studies","探究学习与概念转变","curriculum-studies-knowledge-inquiry","concept","学生前后解释、探究问题与课堂讨论转录","活动参与与概念转变","学生完成探究步骤，可能仍保留原先解释；需要观察概念如何用于解释新现象。","false"
"education-technology-knowledge-feedback","education-technology","学习反馈与自我调节","education-technology-knowledge-feedback","concept","反馈文本、学生修订与后续选择记录","获得反馈与使用反馈","收到建议不等于理解并使用建议；修订痕迹可显示反馈在哪一步产生作用。","false"
"higher-education-knowledge-supervision","higher-education","研究生指导与学术社会化","higher-education-knowledge-supervision","concept","指导会议纪要、隐性规则说明与学生求助轨迹","规则知晓与归属感","知道程序不等于能参与学术共同体；回应方式与可求助对象会影响归属和行动。","false"
"linguistics-studies-knowledge-pragmatics","linguistics-studies","语用学与会话含义","linguistics-studies-knowledge-pragmatics","concept","对话前后轮次、语境信息与回应记录","字面意义与会话含义","话语暗示依赖语境及交际推理；同一句话在另一语境中可能不带原来的暗示。","false"
"translation-studies-knowledge-localization","translation-studies","软件本地化与功能对等","translation-studies-knowledge-localization","concept","界面原文、操作任务与译文长度限制","语言准确与功能可用","译词准确仍可能造成操作歧义；界面文字要结合按钮行为和显示条件判断。","false"
"chinese-language-knowledge-philology","chinese-language","古籍异文与校勘","chinese-language-knowledge-philology","concept","写本、刻本异文与版本谱系","异文与祖本关系","较早版本不一定每一处都更接近原文；共同错误可提示版本依赖，需结合流传关系。","false"
"archaeology-knowledge-stratigraphy","archaeology","地层关系与遗址形成","archaeology-knowledge-stratigraphy","concept","层位剖面、堆积描述与扰动登记","堆积顺序与物品年代","出土层位描述埋藏关系；旧物可以进入晚期堆积，后期扰动也可改变位置。","false"
"historical-documents-knowledge-epigraphy","historical-documents","碑刻文献与地方记忆","historical-documents-knowledge-epigraphy","concept","碑刻拓片、重刻说明与地方志记载","原刻与重刻","碑文、刻石和现存拓片可能处于不同时间；重刻会保留文本，也可能改变字形或措辞。","false"
"museum-studies-knowledge-provenance","museum-studies","藏品来源与展示叙事","museum-studies-knowledge-provenance","concept","入藏登记、转手记录与展签草稿","来源链与解释权","藏品身份与入藏过程影响可以怎样解释它；入藏登记也不自动解决所有权及伦理争议。","false"
"design-knowledge-accessibility","design","无障碍界面与非视觉交互","design-knowledge-accessibility","concept","键盘焦点顺序、文本标签与颜色状态样例","可见与可感知","视觉上能看到的状态不一定对屏幕阅读器可理解；仅用颜色传意也会排除部分用户。","false"
"musicology-studies-knowledge-performance","musicology-studies","历史演奏实践与版本","musicology-studies-knowledge-performance","concept","谱本、演奏标记与时期器乐资料","谱面与演奏惯例","谱面未写出的处理可能属于时期惯例；现代编辑标记也需与原始记谱分开。","false"
"theatre-studies-knowledge-dramaturgy","theatre-studies","戏剧构作与排演文本","theatre-studies-knowledge-dramaturgy","concept","剧本版本、排演删改与场景行动表","台词与舞台行动","台词意义取决于场景行动、节奏及对手关系；文本相同不代表舞台效果相同。","false"
"theory-knowledge-spectral","theory","谱理论与算子近似","theory-knowledge-spectral","concept","算子定义域、谱分布与截断矩阵","有限矩阵与无限维算子","有限截断的特征值不自动收敛到原算子的谱；定义域与近似方式决定解释。","false"
"statistics-knowledge-causal","statistics","因果估计与目标试验","statistics-knowledge-causal","concept","资格条件、时间零点与比较策略记录","共同时间起点","只有活到用药或行动开始的人才能进入某组，会把此前必然存活的时间带入比较。","false"
"physics-knowledge-phase","physics","相变与有限尺寸标度","physics-knowledge-phase","concept","不同系统尺寸的序参量与涨落记录","有限系统与热力学极限","有限系统可出现平滑转变；对真正奇异行为的讨论依赖尺寸趋向极限的分析。","false"
"mechanical-knowledge-fatigue","mechanical","疲劳寿命与载荷谱","mechanical-knowledge-fatigue","concept","载荷循环、应力范围与断口描述","静强度与疲劳","低于静态破坏载荷的循环仍可能累积损伤；循环幅度和历史影响寿命解释。","false"
"communications-knowledge-channel","communications","信道估计与时变链路","communications-knowledge-channel","concept","导频配置、信道变化与误差统计","估计误差与信道变化","信道在估计后变化会使原估计过时；误差也可能来自噪声而非同一原因。","false"
"materials-knowledge-fracture","materials","断裂韧性与微结构","materials-knowledge-fracture","concept","裂纹形貌、晶粒描述与断裂评价口径","硬度与断裂韧性","抵抗压入与抵抗裂纹扩展是不同性质；硬度提高不必伴随韧性提高。","false"
"soil-resources-knowledge-aggregation","soil-resources","土壤团聚体与有机碳","soil-resources-knowledge-aggregation","concept","团聚体粒级、碳含量与土层容重","含量与储量","每单位土壤的碳含量不同于单位土地面积的碳储量；深度和容重会改变比较。","false"
"forest-science-knowledge-demography","forest-science","森林更新与种群动态","forest-science-knowledge-demography","concept","样地树径、幼树补充与死亡登记","存量与更新","成年树存量较高不保证下一代补充充分；更新与死亡共同决定未来结构。","false"
"horticulture-studies-knowledge-postharvest","horticulture-studies","园艺采后品质与成熟","horticulture-studies-knowledge-postharvest","concept","采收成熟度、储藏时间与品质评分","成熟与衰老","适宜风味、外观和可储藏性可能在不同阶段出现；一个品质指标好不代表综合品质都好。","false"
"nephrology-knowledge-albuminuria","nephrology","肾功能轨迹与白蛋白尿","nephrology-knowledge-albuminuria","concept","重复肾功能估计、尿白蛋白与观察时间","估计滤过与损伤标志","肾功能估计与白蛋白尿提供不同信息；短期变化还需结合血流动力学与测量情境解释。","false"
"publichealth-knowledge-screening","publichealth","筛查评价与提前诊断","publichealth-knowledge-screening","concept","筛查邀请、诊断日期与疾病特异结局","提前诊断偏倚","诊断更早会延长从诊断算起的生存，即使死亡时间没有改变；需使用合适的比较起点。","false"
"rehabilitation-knowledge-participation","rehabilitation","康复参与与环境支持","rehabilitation-knowledge-participation","concept","功能测试、日常活动与家庭环境登记","能力与实际参与","受控场景下能完成动作，与在家中或社区真正参与活动不同；环境支持会改变表现。","false"
"strategic-studies-knowledge-deterrence","strategic-studies","威慑理论与公开信号","strategic-studies-knowledge-deterrence","concept","政策承诺、受众回应与历史危机公开资料","威胁可信度","威胁是否可信取决于能力、意愿和对方判断；没有发生冲突也不独立证明威慑成功。","false"
"peace-conflict-knowledge-mediation","peace-conflict","和平调解与协议执行","peace-conflict-knowledge-mediation","concept","公开调解记录、协议条款与执行报告","签署与执行","协议达成与承诺落实是不同阶段；执行缺口可能来自资源、监督或参与方分歧。","false"
"defense-management-knowledge-governance","defense-management","公共项目问责与组织学习","defense-management-knowledge-governance","concept","公开审计摘要、整改记录与项目复盘","问责与学习","追究责任与改进流程可以相关，但惩处发生不自动证明组织学会了避免同类问题。","false"
"accounting-studies-knowledge-audit","accounting-studies","审计抽样与证据覆盖","accounting-studies-knowledge-audit","concept","抽样框、测试底稿与异常追踪","样本无异常与总体无异常","抽中项目未见异常，只能在抽样设计和风险范围内解释；并不证明总体所有项目都正常。","false"
"operations-management-knowledge-queue","operations-management","排队系统与服务波动","operations-management-knowledge-queue","concept","到达时间、服务时长与队列长度","利用率与等待","服务能力接近满负荷时，波动会显著放大等待；平均服务速度不能独立决定排队时间。","false"
"information-management-knowledge-retrieval","information-management","信息检索与相关性评价","information-management-knowledge-retrieval","concept","查询集合、相关性标注与排序结果","查准率与查全率","检索到的结果更准确，不代表漏掉的相关资料更少；评价需先定义相关性和任务。","false"
"interdisciplinary-design-knowledge-service","interdisciplinary-design","服务设计与照护协作","interdisciplinary-design-knowledge-service","concept","服务旅程、照护交接与用户障碍记录","接触点与完整旅程","一个接触点体验更好，可能只是把负担移给下一环节或另一位照护者。","false"
"remote-sensing-knowledge-crop","remote-sensing","遥感物候与农业验证","remote-sensing-knowledge-crop","concept","像元时序、地面物候与地块边界","像元信号与地块状态","一个像元可能混合不同地块和作物；指数变化还受观测条件影响，需与地面记录对应。","false"
"intelligent-science-knowledge-humanai","intelligent-science","人机决策与自动化依赖","intelligent-science-knowledge-humanai","concept","系统建议、人工改判与最终决策记录","模型表现与协作表现","好的模型不保证好的联合决策；人可能忽视正确建议，也可能过度相信错误建议。","false"