"方向ID","路线","主题模块","课题","材料","问题","对应一致","独立药学案例","学科限定案例","审核状态"
"classic-1","classic","biomedical","细胞状态与功能解释","细胞成像、单细胞标记与独立培养来源","「分子与细胞」：总体信号上升，如何区分细胞变强与细胞比例变化？","true","false","","direction-owned-concept"
"classic-2","classic","anatomy","组织功能与研究条件","生理与病理研究档案：细胞状态、组织组成与独立来源；结构定位、组织层次与判读条件；细胞组成、功能层次和独立来源；不同层次的读数、背景条件和相反趋势。需对照细胞与生命系统中的定义、对象索引与适用条件","「生理与病理」：在生理与病理中，怎样核对细胞状态、组织组成与独立来源，分开“局部真实差异”与“取样位置或判读差异”？ 各层次读数是否在回答同一个问题？","true","false","","direction-owned-direction-case"
"classic-3","classic","biomedical","高维资料与独立样本","组学与系统生物学研究档案：细胞状态、组织组成与独立来源；鉴定可靠性、分子丰度与功能资料；细胞组成、功能层次和独立来源。需对照细胞与生命系统中的定义、对象索引与适用条件","「组学与系统生物学」：在组学与系统生物学中，怎样核对细胞状态、组织组成与独立来源，分开“分子状态变化”与“鉴定、组成或测量差异”？","true","false","","direction-owned-direction-case"
"data-1","data","computing","模型泛化与数据划分","训练划分、调参日志与留出集预测","「机器学习」：从未训练过测试样本，为什么仍可能发生测试泄漏？","true","false","ml","direction-owned-concept"
"data-2","data","software","运行边界与故障记录","软件与系统研究档案：任务输入、算法输出与运行条件；版本锁定、输入契约和故障复现；系统边界、反馈连接和尺度转换。需对照的具体条目：输入契约、依赖版本与错误复现","「软件与系统」：在软件与系统中，怎样核对输入契约、依赖版本与错误复现，分开“代码行为变化”与“运行环境变化”？","true","false","software","direction-owned-direction-case"
"data-3","data","interaction","用户任务与使用反馈","人机交互研究档案：任务输入、算法输出与运行条件；任务完成、错误恢复和辅助条件；任务路径、迭代版本和错误恢复记录。需对照的具体条目：任务路径、辅助条件与错误恢复","「人机交互」：在人机交互中，怎样核对任务路径、辅助条件与错误恢复，分开“交互设计改善”与“辅助或用户组成变化”？ 这次变好是设计改进，还是使用者得到更多帮助？","true","false","","direction-owned-direction-case"
"theory-1","theory","math","解的条件与适用范围","微分方程、边界条件与解的反例","「分析与微分方程」：方程有解，为什么还不能说问题适定？","true","false","analysis","direction-owned-concept"
"theory-2","theory","math","随机性与推断条件","概率与数理统计研究档案：定义域、命题假设与证明步骤；随机变量、条件事件和分布假设。需对照数学结构与命题中的定义、对象索引与适用条件","「概率与数理统计」：在概率与数理统计中，怎样核对定义域、命题假设与证明步骤，分开“条件关系”与“组成改变的总体关系”？","true","false","analysis","direction-owned-direction-case"
"theory-3","theory","optimization","结构约束与可行方案","离散数学与优化研究档案：定义域、命题假设与证明步骤；可行域、目标权重和约束松弛。需对照的具体条目：有限结构、邻接关系与组合约束","「离散数学与优化」：在离散数学与优化中，怎样核对有限结构、邻接关系与组合约束，分开“同一约束下的改进”与“放松约束造成的收益”？","true","false","","direction-owned-direction-case"
"field-1","field","society","抽样范围与社会情境","社会调查研究档案：访谈轮次、参与观察与地方关系；对象进入、角色关系和机会结构。需对照田野关系与社会实践中的定义、对象索引与适用条件","「社会调查」：在社会调查中，怎样核对访谈轮次、参与观察与地方关系，分开“行为或关系改变”与“进入机会或结构改变”？","true","false","fieldwork","direction-owned-direction-case"
"field-2","field","society","参与关系与语境解释","文化人类学研究档案：逐轮对话、在场关系和沉默位置；相关领域文献对“访谈轮次、参与观察与地方关系”的用语与记录方式；交往位置、叙述轮次和观察情境。需对照的具体条目：实践语境、符号用法与传承位置","「文化人类学」：在文化人类学中，怎样核对实践语境、符号用法与传承位置，分开“生活实践差异”与“互动或叙述情境差异”？ 对方在怎样的关系中说出这句话？","true","false","fieldwork","direction-owned-direction-case"
"field-3","field","society","关系结构与连接含义","社会网络研究档案：访谈轮次、参与观察与地方关系；节点口径、边含义和缺失连接；对象进入、角色关系和机会结构。需对照田野关系与社会实践中的定义、对象索引与适用条件","「社会网络」：在社会网络中，怎样核对访谈轮次、参与观察与地方关系，分开“实际关系改变”与“采集范围改变”？","true","false","fieldwork","direction-owned-direction-case"
"clinical-1","clinical","review-study","比较对象与结局口径","临床研究设计研究档案：入组资格、诊疗记录与结局时间；目标比较、资料进入和记录变化；任务路径、迭代版本和错误恢复记录。需对照临床比较与患者历程中的定义、对象索引与适用条件","「临床研究设计」：在临床研究设计中，怎样核对入组资格、诊疗记录与结局时间，分开“实际健康或服务变化”与“进入及记录机会改变”？ 这次变好是设计改进，还是使用者得到更多帮助？","true","false","","direction-owned-direction-case"
"clinical-2","clinical","imaging","图像记录与个体边界","医学影像研究档案：入组资格、诊疗记录与结局时间；个体索引、图像条件和判读分歧。需对照的具体条目：来源索引、采集条件与判读分歧","「医学影像」：在医学影像中，怎样核对来源索引、采集条件与判读分歧，分开“可重复的影像变化”与“采集或判读变化”？","true","false","","direction-owned-direction-case"
"clinical-3","clinical","health-services","就医过程与执行条件","健康服务研究研究档案：入组资格、诊疗记录与结局时间；需求、服务资格和未进入服务者。需对照的具体条目：服务资格、实际交付与未获服务者","「健康服务研究」：在健康服务研究中，怎样核对服务资格、实际交付与未获服务者，分开“需求得到满足”与“门槛或登记改变”？","true","false","","direction-owned-direction-case"
"physics-1","physics","physics","微观结构与宏观性质","凝聚态物理研究档案：物理量定义、测量响应与近似尺度；结构分布、缺陷表征和性质条件。需对照的具体条目：序参量、系统尺寸与控制参数","「凝聚态物理」：在凝聚态物理中，怎样核对序参量、系统尺寸与控制参数，分开“结构差异”与“组成或条件差异”？","true","false","condensed","direction-owned-direction-case"
"physics-2","physics","physics","模型假设与近似条件","理论与计算物理研究档案：物理量定义、测量响应与近似尺度；离散误差、参照解和停止条件。需对照物理系统与观测量中的定义、对象索引与适用条件","「理论与计算物理」：在理论与计算物理中，怎样核对物理量定义、测量响应与近似尺度，分开“可控数值误差”与“模型或离散误差”？","true","false","numerics","direction-owned-direction-case"
"physics-3","physics","physics","信号、背景与标定","光学与测量研究档案：物理量定义、测量响应与近似尺度；光路、光谱响应和探测器背景；参考量、校准曲线和不确定性分项；参考依据、重复读数和误差分项。需对照物理系统与观测量中的定义、对象索引与适用条件","「光学与测量」：在光学与测量中，怎样核对物理量定义、测量响应与近似尺度，分开“入射场改变”与“探测器响应改变”？ 读数差异来自被测对象，还是测量链的变化？","true","false","","direction-owned-direction-case"
"chemistry-1","chemistry","chemistry","信号来源与测量条件","分析化学研究档案：成分谱、结构表征与条件依赖性质；物种指认、平衡条件和测量信号。需对照的具体条目：鉴定依据、校准范围与检出限；输入假设、测量或推导链与不确定性","「分析化学」：在分析化学中，怎样核对鉴定依据、校准范围与检出限，分开“真实组成差异”与“指认或响应差异”？","true","false","analytical","direction-owned-direction-case"
"chemistry-2","chemistry","chemistry","结构、能量与条件解释","物理化学研究档案：成分谱、结构表征与条件依赖性质；物种指认、平衡条件和测量信号。需对照的具体条目：状态函数、平衡条件与动力学量","「物理化学」：在物理化学中，怎样核对状态函数、平衡条件与动力学量，分开“真实组成差异”与“指认或响应差异”？","true","false","chemistry","direction-owned-direction-case"
"chemistry-3","chemistry","chemistry","材料状态与使用环境","高分子与软材料研究档案：成分谱、结构表征与条件依赖性质；鉴定可靠性、分子丰度与功能资料；结构分布、缺陷表征和性质条件；不同层次的读数、背景条件和相反趋势。需对照的具体条目：分子量分布、链结构与材料状态；状态变化、界面响应与时间尺度","「高分子与软材料」：在高分子与软材料中，怎样核对分子量分布、链结构与材料状态，分开“分子状态变化”与“鉴定、组成或测量差异”？ 各层次读数是否在回答同一个问题？","true","false","chemistry","direction-owned-direction-case"
"economics-1","economics","economics","个体选择与识别条件","微观与行为经济研究档案：预算约束、选择记录与制度条件；选择集合、机会成本和价格条件；可得方案、行为反应和分配结果；计量单位、时间窗口和未计入的投入。需对照的具体条目：个体选择、预算约束与反事实方案；参照点、判断任务与选择情境","「微观与行为经济」：在微观与行为经济中，怎样核对参照点、判断任务与选择情境，分开“激励或偏好变化”与“约束或可得方案变化”？ 看起来更划算，是效率提高还是少算了投入？","true","false","","direction-owned-direction-case"
"economics-2","economics","macro","时间变化与资源分配","宏观与发展经济研究档案：预算约束、选择记录与制度条件；选择集合、机会成本和价格条件；可得方案、行为反应和分配结果；计量单位、时间窗口和未计入的投入。需对照的具体条目：总量口径、核算时期与部门联系","「宏观与发展经济」：在宏观与发展经济中，怎样核对总量口径、核算时期与部门联系，分开“激励或偏好变化”与“约束或可得方案变化”？ 看起来更划算，是效率提高还是少算了投入？","true","false","","direction-owned-direction-case"
"economics-3","economics","economics","外部影响与政策比较","环境与公共经济研究档案：预算约束、选择记录与制度条件；来源、迁移途径和受影响对象；选择集合、机会成本和价格条件；计量单位、时间窗口和未计入的投入。需对照选择、约束与市场中的定义、对象索引与适用条件","「环境与公共经济」：在环境与公共经济中，怎样核对预算约束、选择记录与制度条件，分开“来源或过程变化”与“迁移或对象变化”？ 看起来更划算，是效率提高还是少算了投入？","true","false","","direction-owned-direction-case"
"humanities-1","humanities","literature","作品版本与时代语境","作品初刊、再版改动与文学史叙述","「文学史」：经典作品初刊时的处境为什么要另查？","true","false","narrative","direction-owned-concept"
"humanities-2","humanities","literature","跨文化材料的可比性","比较文学研究档案：文本段落、版本变化与读者解释；叙述位置、文本片段和出版语境；各方定义、资料来源和桥接规则。需对照的具体条目：叙述声音、关键片段与版本语境","「比较文学」：在比较文学中，怎样核对叙述声音、关键片段与版本语境，分开“文本支持的解释”与“人物声音的直接外推”？ 名称相同是否真的意味着比较对象相同？","true","false","narrative","direction-owned-direction-case"
"humanities-3","humanities","digital-humanities","文本编码与解释边界","数字人文研究档案：文本段落、版本变化与读者解释；转写规则、数字版本和原件对应。需对照的具体条目：编码规则、平台入口与不可见记录","「数字人文」：在数字人文中，怎样核对编码规则、平台入口与不可见记录，分开“原始材料中的关系”与“数字化选择造成的关系”？","true","false","","direction-owned-direction-case"
"art-1","art","arts","表达形式与受众理解","视觉与传达研究档案：创作草稿、媒介痕迹与展示语境；作品状态、观看位置和媒介条件。需对照作品形式与创作过程中的定义、对象索引与适用条件","「视觉与传达」：在视觉与传达中，怎样核对创作草稿、媒介痕迹与展示语境，分开“作品形式的作用”与“展示或复制条件”？","true","false","visual","direction-owned-direction-case"
"art-2","art","interaction","使用任务与原型反馈","产品与交互研究档案：创作草稿、媒介痕迹与展示语境；任务完成、错误恢复和辅助条件；任务路径、迭代版本和错误恢复记录。需对照的具体条目：任务路径、辅助条件与错误恢复；制造约束、功能任务与使用环境","「产品与交互」：在产品与交互中，怎样核对任务路径、辅助条件与错误恢复，分开“交互设计改善”与“辅助或用户组成变化”？ 这次变好是设计改进，还是使用者得到更多帮助？","true","false","design","direction-owned-direction-case"
"art-3","art","heritage","作品出处与展示语境","展品选择、展厅动线与策展文本版本","「艺术史与策展」：同样一组作品，为什么换动线会改变展览叙事？","true","false","visual","direction-owned-concept"
"philosophy-1","philosophy","logic","概念定义与推理前提","逻辑与科学哲学研究档案：关键段落、话语位置和相反解释；相关领域文献对“论证前提、概念区分与反例”的用语与记录方式；概念定义、论证前提和反例条件。需对照概念与论证中的定义、对象索引与适用条件","「逻辑与科学哲学」：在逻辑与科学哲学中，怎样核对论证前提、概念区分与反例，分开“前提内的支持”与“改变前提后的反对”？ 这段材料支持哪种解释，又抵触哪种解释？","true","false","","direction-owned-direction-case"
"philosophy-2","philosophy","ethics","规范理由与行动边界","伦理与政治哲学研究档案：行动者理由、利益负担与提出异议的记录；相关领域文献对“论证前提、概念区分与反例”的用语与记录方式；概念定义、论证前提和反例条件；受益负担、行动理由和申诉机会。需对照的具体条目：规则来源、执行条件与行动者立场；行动理由、受益负担与申诉机会","「伦理与政治哲学」：在伦理与政治哲学中，怎样核对规则来源、执行条件与行动者立场，分开“前提内的支持”与“改变前提后的反对”？ 谁承担了负担，现有理由怎样回应他的异议？","true","false","ethics","direction-owned-direction-case"
"philosophy-3","philosophy","aesthetic","经验表达与解释语境","美学与解释学研究档案：关键段落、话语位置和相反解释；相关领域文献对“论证前提、概念区分与反例”的用语与记录方式；概念定义、论证前提和反例条件；原典用语、实践情境和注释传统。需对照的具体条目：审美对象、经验描述与评价理由；解释循环、前理解与文本抵抗","「美学与解释学」：在美学与解释学中，怎样核对解释循环、前理解与文本抵抗，分开“前提内的支持”与“改变前提后的反对”？ 这段材料支持哪种解释，又抵触哪种解释？","true","false","","direction-owned-direction-case"
"law-1","law","law","交易关系与规范解释","要约承诺时间线、合同条款与履行争点","「民商法」：签了字，为什么还不能结束对合同效力的讨论？","true","false","contract","direction-owned-concept"
"law-2","law","policy","权力边界与执行条件","公法与治理研究档案：规范版本、争议事实与适用程序；法域、条文版本和事实要件；正式规则、实际执行和行为者立场；正式文本、执行条件与被排除的对象。需对照的具体条目：规则来源、执行条件与行动者立场","「公法与治理」：在公法与治理中，怎样核对规则来源、执行条件与行动者立场，分开“适用要件差异”与“法域或版本变化”？ 文本已经改变，实际机会和执行是否也改变了？","true","false","","direction-owned-direction-case"
"law-3","law","law","技术使用与责任范围","法与科技研究档案：规范版本、争议事实和适用要件；相关领域文献对“规范版本、争议事实与适用程序”的用语与记录方式；法域、条文版本和事实要件。需对照的具体条目：仪器记录、研究制度与知识传播","「法与科技」：在法与科技中，怎样核对仪器记录、研究制度与知识传播，分开“适用要件差异”与“法域或版本变化”？ 这一事实对应哪个要件，是否混淆了法域？","true","false","","direction-owned-direction-case"
"politics-1","politics","policy","比较对象与制度情境","比较政治研究档案：制度安排、政治行为与执行记录；正式规则、实际执行和行为者立场；各方定义、资料来源和桥接规则。需对照的具体条目：规则来源、执行条件与行动者立场","「比较政治」：在比较政治中，怎样核对规则来源、执行条件与行动者立场，分开“制度实践变化”与“文本或表述变化”？ 名称相同是否真的意味着比较对象相同？","true","false","","direction-owned-direction-case"
"politics-2","politics","policy","互动结构与战略条件","国际关系研究档案：制度安排、政治行为与执行记录；正式规则、实际执行和行为者立场；各方定义、资料来源和桥接规则。需对照的具体条目：地区制度、指标译法与比较资格","「国际关系」：在国际关系中，怎样核对地区制度、指标译法与比较资格，分开“制度实践变化”与“文本或表述变化”？ 名称相同是否真的意味着比较对象相同？","true","false","","direction-owned-direction-case"
"politics-3","politics","policy","政策目标与执行反馈","公共政策研究档案：制度安排、政治行为与执行记录；正式规则、实际执行和行为者立场；公开文件、责任分配和资源约束；正式文本、执行条件与被排除的对象。需对照的具体条目：文本目标、执行资源与受影响范围","「公共政策」：在公共政策中，怎样核对文本目标、执行资源与受影响范围，分开“制度实践变化”与“文本或表述变化”？ 文本已经改变，实际机会和执行是否也改变了？","true","false","","direction-owned-direction-case"
"education-1","education","education","学习任务与过程证据","学习任务、迁移测验与解题过程记录","「学习科学」：学生会做原题，为什么新题仍可能不会？","true","false","learning","direction-owned-concept"
"education-2","education","education","目标、活动与课堂反馈","课程目标、课堂活动与评价题目对应表","「课程与教学」：课程目标是论证，为什么术语测验不足以评价它？","true","false","learning","direction-owned-concept"
"education-3","education","education","工具使用与教学情境","教育技术研究档案：教学任务、学生作答与撤去帮助后的新题；相关领域文献对“学习任务、课堂实施与能力评价”的用语与记录方式；任务目标、辅助条件和延迟表现。需对照的具体条目：工具版本、使用任务与适用承诺","「教育技术」：在教育技术中，怎样核对工具版本、使用任务与适用承诺，分开“独立学习改善”与“辅助或练习效应”？ 当场做对与真正能迁移，材料分别支持哪一个？","true","false","","direction-owned-direction-case"
"sports-1","sports","sport","身体状态与训练条件","运动生理研究档案：训练暴露、动作表现与疲劳状态；训练暴露、恢复阶段和任务表现；不同层次的读数、背景条件和相反趋势。需对照的具体条目：训练暴露、恢复阶段与测试熟悉","「运动生理」：在运动生理中，怎样核对训练暴露、恢复阶段与测试熟悉，分开“可迁移训练收益”与“熟悉或恢复差异”？ 各层次读数是否在回答同一个问题？","true","false","rehab","direction-owned-direction-case"
"sports-2","sports","sport","负荷安排与表现记录","运动训练研究档案：训练暴露、动作表现与疲劳状态；训练暴露、恢复阶段和任务表现。需对照的具体条目：训练暴露、恢复阶段与测试熟悉","「运动训练」：在运动训练中，怎样核对训练暴露、恢复阶段与测试熟悉，分开“可迁移训练收益”与“熟悉或恢复差异”？","true","false","rehab","direction-owned-direction-case"
"sports-3","sports","psychology","目标、体验与个体差异","运动心理研究档案：训练暴露、动作表现与疲劳状态；任务版本、构念定义和状态条件；训练暴露、恢复阶段和任务表现。需对照的具体条目：任务版本、状态条件与构念定义；训练暴露、恢复阶段与测试熟悉","「运动心理」：在运动心理中，怎样核对任务版本、状态条件与构念定义，分开“构念相关变化”与“任务或状态变化”？","true","false","rehab","direction-owned-direction-case"
"psychology-1","psychology","psychology","任务条件与心理过程","认知心理研究档案：任务反应、量表项目与构念定义；任务版本、构念定义和状态条件。需对照的具体条目：任务版本、状态条件与构念定义；任务难度、注意条件与策略选择","「认知心理」：在认知心理中，怎样核对任务版本、状态条件与构念定义，分开“构念相关变化”与“任务或状态变化”？","true","false","psychology","direction-owned-direction-case"
"psychology-2","psychology","psychology","互动情境与比较设计","社会心理研究档案：任务反应、量表项目与构念定义；对象进入、角色关系和机会结构；任务版本、构念定义和状态条件。需对照的具体条目：任务版本、状态条件与构念定义","「社会心理」：在社会心理中，怎样核对任务版本、状态条件与构念定义，分开“行为或关系改变”与“进入机会或结构改变”？","true","false","psychology","direction-owned-direction-case"
"psychology-3","psychology","measurement-scale","构念、量表与测量边界","心理测量研究档案：任务反应、量表项目与构念定义；任务版本、构念定义和状态条件；参考依据、重复读数和误差分项。需对照的具体条目：任务版本、状态条件与构念定义","「心理测量」：在心理测量中，怎样核对任务版本、状态条件与构念定义，分开“构念相关变化”与“任务或状态变化”？ 读数差异来自被测对象，还是测量链的变化？","true","false","psychology","direction-owned-direction-case"
"languages-1","languages","language","语言材料与结构解释","语言学研究档案：语料实例、语言背景与交际任务；发音或语境片段、形式对照和说话者背景。需对照语言结构与使用中的定义、对象索引与适用条件","「语言学」：在语言学中，怎样核对语料实例、语言背景与交际任务，分开“语言结构或用法差异”与“任务或语境差异”？","true","false","","direction-owned-direction-case"
"languages-2","languages","translation","目的、语境与译文取舍","翻译研究研究档案：语料实例、语言背景与交际任务；原文版本、目的读者和译法取舍。需对照的具体条目：原文版本、读者任务与译法取舍","「翻译研究」：在翻译研究中，怎样核对原文版本、读者任务与译法取舍，分开“符合目的的译法”与“字面相似的译法”？","true","false","translation","direction-owned-direction-case"
"languages-3","languages","language-learning","学习过程与任务条件","第二语言习得研究档案：语料实例、语言背景与交际任务；任务目标、辅助条件和延迟表现；发音或语境片段、形式对照和说话者背景。需对照语言结构与使用中的定义、对象索引与适用条件","「第二语言习得」：在第二语言习得中，怎样核对语料实例、语言背景与交际任务，分开“独立学习改善”与“辅助或练习效应”？","true","false","","direction-owned-direction-case"
"journalism-1","journalism","media","来源核实与叙事范围","新闻研究研究档案：报道版本、传播路径与受众接触；生产记录、传播路径和接触机会。需对照的具体条目：来源核实、采访位置与编辑取舍","「新闻研究」：在新闻研究中，怎样核对来源核实、采访位置与编辑取舍，分开“传播过程改变”与“记录或受众构成变化”？","true","false","media","direction-owned-direction-case"
"journalism-2","journalism","media","信息路径与受众情境","传播与媒介研究档案：报道版本、传播路径与受众接触；生产记录、传播路径和接触机会。需对照的具体条目：信息入口、转述链与接触分母；媒介形式、生产条件与可见性规则","「传播与媒介」：在传播与媒介中，怎样核对信息入口、转述链与接触分母，分开“传播过程改变”与“记录或受众构成变化”？","true","false","media","direction-owned-direction-case"
"journalism-3","journalism","media","平台记录与传播比较","计算传播研究档案：报道版本、传播路径与受众接触；生产记录、传播路径和接触机会。需对照的具体条目：信息入口、转述链与接触分母；平台取样、传播网络与文本标签误差","「计算传播」：在计算传播中，怎样核对平台取样、传播网络与文本标签误差，分开“传播过程改变”与“记录或受众构成变化”？","true","false","media","direction-owned-direction-case"
"history-1","history","history","史料出处与时代经验","社团名册、私人书信与地方报刊","「社会与文化史」：旧名册中的身份词为什么不能直接映射现代职业？","true","false","archives","direction-owned-concept"
"history-2","history","historical-geography","空间变迁与材料年代","历史地理研究档案：同时代记载与后期整理本的年代对照；相关领域文献对“同期文书、后出叙事与形成时间”的用语与记录方式；年代、出处和同时代对照；同时代资料、后期整理和出处链。需对照的具体条目：历史地名、时代边界与空间定位依据","「历史地理」：在历史地理中，怎样核对历史地名、时代边界与空间定位依据，分开“当时制度或实践”与“后来的回忆或分类”？ 哪一层叙述来自当时，哪一层来自后来的整理？","true","false","archives","direction-owned-direction-case"
"history-3","history","archaeology","器物、层位与解释链","考古与物质文化研究档案：同期文书、后出叙事与形成时间；出土位置、地层关系和形成过程。需对照的具体条目：层位关系、形成过程与出土位置；实践语境、符号用法与传承位置","「考古与物质文化」：在考古与物质文化中，怎样核对层位关系、形成过程与出土位置，分开“原始使用关系”与“埋藏或扰动关系”？","true","false","archives","direction-owned-direction-case"
"earth-1","earth","ecology","空间尺度与环境过程","自然地理研究档案：站点观测、地层关系与时间尺度；坐标基准、空间支持和分类边界；坐标基准、空间单元和不同尺度的对照。需对照的具体条目：地表过程、尺度范围与环境边界","「自然地理」：在自然地理中，怎样核对地表过程、尺度范围与环境边界，分开“空间过程变化”与“基准或聚合差异”？ 换了空间单元以后，原来的关系是否还成立？","true","false","","direction-owned-direction-case"
"earth-2","earth","ecology","结构记录与观测条件","地质与地球物理研究档案：站点观测、地层关系与时间尺度；空间位置、形成序列和多解解释。需对照地球过程与空间时间尺度中的定义、对象索引与适用条件","「地质与地球物理」：在地质与地球物理中，怎样核对站点观测、地层关系与时间尺度，分开“结构过程差异”与“观测覆盖或模型约束差异”？","true","false","","direction-owned-direction-case"
"earth-3","earth","ecology","时间变化与模型边界","气象与气候研究档案：站点观测、地层关系与时间尺度；基准时期、空间范围和异常序列。需对照的具体条目：基准时期、空间覆盖与异常序列；站点位置、观测时次与天气过程","「气象与气候」：在气象与气候中，怎样核对基准时期、空间覆盖与异常序列，分开“持续气候信号”与“短期变率或基准差异”？","true","false","weather","direction-owned-direction-case"
"environment-1","environment","ecology","系统边界与观察尺度","生态学研究档案：生物群落、环境暴露与空间覆盖；种群数量、群落组成和观测努力。需对照生态过程与环境压力中的定义、对象索引与适用条件","「生态学」：在生态学中，怎样核对生物群落、环境暴露与空间覆盖，分开“实际种群变化”与“检出机会变化”？","true","false","ecology","direction-owned-direction-case"
"environment-2","environment","ecology","来源、暴露与比较条件","环境科学研究档案：生物群落、环境暴露与空间覆盖；来源、迁移途径和受影响对象。需对照生态过程与环境压力中的定义、对象索引与适用条件","「环境科学」：在环境科学中，怎样核对生物群落、环境暴露与空间覆盖，分开“来源或过程变化”与“迁移或对象变化”？","true","false","","direction-owned-direction-case"
"environment-3","environment","ecology","执行资源与反馈口径","环境治理研究档案：生物群落、环境暴露与空间覆盖；来源、迁移途径和受影响对象；正式文本、执行条件与被排除的对象。需对照的具体条目：规则来源、执行条件与行动者立场","「环境治理」：在环境治理中，怎样核对规则来源、执行条件与行动者立场，分开“来源或过程变化”与“迁移或对象变化”？ 文本已经改变，实际机会和执行是否也改变了？","true","false","","direction-owned-direction-case"
"electrical-1","electrical","electronics","测量信号与硬件条件","电子与传感研究档案：电路响应、信号频谱与器件工作状态；参考量、校准曲线和不确定性分项；参考依据、重复读数和误差分项。需对照的具体条目：传感器响应、漂移与参考量","「电子与传感」：在电子与传感中，怎样核对传感器响应、漂移与参考量，分开“被测量变化”与“校准偏差”？ 读数差异来自被测对象，还是测量链的变化？","true","false","circuits","direction-owned-direction-case"
"electrical-2","electrical","electronics","信号结构与噪声边界","信号处理研究档案：电路响应、信号频谱与器件工作状态；采样条件、频谱结构和噪声假设。需对照电子信号与器件系统中的定义、对象索引与适用条件","「信号处理」：在信号处理中，怎样核对电路响应、信号频谱与器件工作状态，分开“信号结构改变”与“滤波或采样改变”？","true","false","circuits","direction-owned-direction-case"
"electrical-3","electrical","software","传输任务与资源约束","通信与网络研究档案：电路响应、信号频谱与器件工作状态；节点口径、边含义和缺失连接；采样条件、频谱结构和噪声假设。需对照的具体条目：链路条件、带宽与误码判据","「通信与网络」：在通信与网络中，怎样核对链路条件、带宽与误码判据，分开“实际关系改变”与“采集范围改变”？","true","false","circuits","direction-owned-direction-case"
"mechanical-1","mechanical","mechanical","结构约束与使用条件","机械设计研究档案：载荷历史、构件变形与运动轨迹；设计任务、迭代版本和使用者反馈；任务路径、迭代版本和错误恢复记录。需对照的具体条目：载荷路径、连接间隙与服役状态","「机械设计」：在机械设计中，怎样核对载荷路径、连接间隙与服役状态，分开“理解或使用改善”与“展示或辅助变化”？ 这次变好是设计改进，还是使用者得到更多帮助？","true","false","structures","direction-owned-direction-case"
"mechanical-2","mechanical","mechanical","过程记录与批次差异","制造与工艺研究档案：载荷历史、构件变形与运动轨迹；批次、过程窗口和成品质量分布。需对照载荷、运动与构件中的定义、对象索引与适用条件","「制造与工艺」：在制造与工艺中，怎样核对载荷历史、构件变形与运动轨迹，分开“过程能力改善”与“批次构成改变”？","true","false","","direction-owned-direction-case"
"mechanical-3","mechanical","mechanical","反馈、扰动与运行边界","闭环框图、传感反馈与扰动响应曲线","「控制与机器人」：静态误差小，为什么闭环运行仍可能振荡？","true","false","control","direction-owned-concept"
"civil-1","civil","construction","模型简化与承载条件","荷载组合、构件变形与连接节点描述","「结构工程」：构件够结实，为什么仍可能不满足使用要求？","true","false","structures","direction-owned-concept"
"civil-2","civil","mechanical","出行记录与空间需求","交通与城市研究档案：荷载路径、场地条件与设施使用；出行链、等待时间和可达机会。需对照的具体条目：完整出行链、等待与目的地机会；进入机会、空间路径与地方制度","「交通与城市」：在交通与城市中，怎样核对完整出行链、等待与目的地机会，分开“真实可达机会增加”与“样本路线改变”？","true","false","","direction-owned-direction-case"
"civil-3","civil","ecology","使用情境与空间反馈","建筑与环境研究档案：荷载路径、场地条件与设施使用；空间使用、环境条件和使用者路径；来源、迁移途径和受影响对象。需对照的具体条目：空间使用、热环境与使用者路径","「建筑与环境」：在建筑与环境中，怎样核对空间使用、热环境与使用者路径，分开“空间使用改善”与“使用者或时段变化”？","true","false","urban","direction-owned-direction-case"
"energy-1","energy","mechanical","能量边界与工况记录","热能与动力研究档案：能量收支、转换效率与负荷时间；初值集合、时间轨迹和稳定性定义；系统边界、状态变量和交换项。需对照能量转换与系统边界中的定义、对象索引与适用条件","「热能与动力」：在热能与动力中，怎样核对能量收支、转换效率与负荷时间，分开“局部轨迹性质”与“未覆盖的初值行为”？","true","false","energy","direction-owned-direction-case"
"energy-2","energy","mechanical","资源调度与运行条件","电力与储能研究档案：能量收支、转换效率与负荷时间；能量边界、时间负荷和系统服务。需对照的具体条目：负荷时序、网络限制与供电服务；充放电历程、退化与可用容量","「电力与储能」：在电力与储能中，怎样核对负荷时序、网络限制与供电服务，分开“同一服务下节省”与“需求或边界改变”？","true","false","energy","direction-owned-direction-case"
"energy-3","energy","ecology","效率解释与环境范围","能源与环境研究档案：能量收支、转换效率与负荷时间；能量边界、时间负荷和系统服务；来源、迁移途径和受影响对象；计量单位、时间窗口和未计入的投入。需对照能量转换与系统边界中的定义、对象索引与适用条件","「能源与环境」：在能源与环境中，怎样核对能量收支、转换效率与负荷时间，分开“同一服务下节省”与“需求或边界改变”？ 看起来更划算，是效率提高还是少算了投入？","true","false","energy","direction-owned-direction-case"
"aerospace-1","aerospace","mechanical","约束、工况与结构假设","飞行器设计研究档案：公开载荷模型、轨迹条件与环境假设；出行链、等待时间和可达机会；设计任务、迭代版本和使用者反馈；任务路径、迭代版本和错误恢复记录。需对照飞行环境与任务约束中的定义、对象索引与适用条件","「飞行器设计」：在飞行器设计中，怎样核对公开载荷模型、轨迹条件与环境假设，分开“真实可达机会增加”与“样本路线改变”？ 这次变好是设计改进，还是使用者得到更多帮助？","true","false","","direction-owned-direction-case"
"aerospace-2","aerospace","mechanical","轨迹误差与反馈条件","导航与控制研究档案：公开载荷模型、轨迹条件与环境假设；输入扰动、反馈状态和响应轨迹。需对照飞行环境与任务约束中的定义、对象索引与适用条件","「导航与控制」：在导航与控制中，怎样核对公开载荷模型、轨迹条件与环境假设，分开“控制响应改善”与“测试工况更容易”？","true","false","","direction-owned-direction-case"
"aerospace-3","aerospace","mechanical","任务窗口与信号记录","空间任务与观测研究档案：公开载荷模型、轨迹条件与环境假设；观测选择、红移或距离估计和检出阈值；参考依据、重复读数和误差分项。需对照飞行环境与任务约束中的定义、对象索引与适用条件","「空间任务与观测」：在空间任务与观测中，怎样核对公开载荷模型、轨迹条件与环境假设，分开“天体分布变化”与“检出阈值变化”？ 读数差异来自被测对象，还是测量链的变化？","true","false","","direction-owned-direction-case"
"agriculture-1","agriculture","crop","生长条件与观察范围","作物与栽培研究档案：物候阶段、田块条件与收获记录；品种、环境和生育阶段记录。需对照的具体条目：种质来源、品种、田块位置与生育阶段","「作物与栽培」：在作物与栽培中，怎样核对种质来源、品种、田块位置与生育阶段，分开“品种或管理效应”与“环境与阶段效应”？","true","false","","direction-owned-direction-case"
"agriculture-2","agriculture","ecology","环境记录与资源条件","土壤与资源研究档案：物候阶段、田块条件与收获记录；采样深度、容重和空间位置；计量单位、时间窗口和未计入的投入。需对照的具体条目：采样层厚、容重与有机质分布","「土壤与资源」：在土壤与资源中，怎样核对采样层厚、容重与有机质分布，分开“实际存量变化”与“采样深度或容重变化”？ 看起来更划算，是效率提高还是少算了投入？","true","false","soil","direction-owned-direction-case"
"agriculture-3","agriculture","ecology","空间尺度与群落解释","林业与生态研究档案：物候阶段、田块条件与收获记录；种群数量、群落组成和观测努力；生境条件、调查覆盖和管理历程。需对照的具体条目：林分阶段、更新个体与调查覆盖","「林业与生态」：在林业与生态中，怎样核对林分阶段、更新个体与调查覆盖，分开“实际种群变化”与“检出机会变化”？","true","false","forest","direction-owned-direction-case"
"veterinary-1","veterinary","animal-science","对象状态与观察条件","动物生理研究档案：动物个体、饲养群组与健康历程；种群数量、群落组成和观测努力；细胞组成、功能层次和独立来源；不同层次的读数、背景条件和相反趋势。需对照动物健康与饲养环境中的定义、对象索引与适用条件","「动物生理」：在动物生理中，怎样核对动物个体、饲养群组与健康历程，分开“实际种群变化”与“检出机会变化”？ 各层次读数是否在回答同一个问题？","true","false","animals","direction-owned-direction-case"
"veterinary-2","veterinary","animal-science","比较对象与健康记录","动物健康研究档案：动物个体、饲养群组与健康历程；种群数量、群落组成和观测努力；个体状态、群体管理和可观察行为。需对照动物健康与饲养环境中的定义、对象索引与适用条件","「动物健康」：在动物健康中，怎样核对动物个体、饲养群组与健康历程，分开“实际种群变化”与“检出机会变化”？","true","false","animals","direction-owned-direction-case"
"veterinary-3","veterinary","animal-science","行为情境与照护边界","行为与福利研究档案：动物个体、饲养群组与健康历程；个体状态、群体管理和可观察行为。需对照动物健康与饲养环境中的定义、对象索引与适用条件","「行为与福利」：在行为与福利中，怎样核对动物个体、饲养群组与健康历程，分开“个体状态改善”与“管理或观察机会变化”？","true","false","animals","direction-owned-direction-case"
"food-1","food","food","加工条件与评价指标","食品科学研究档案：成分、加工变化与感官或膳食记录；组成、摄入及整体模式的分别记录；成分、实际摄入和感官任务条件。需对照的具体条目：批次组成、储存条件与感官任务","「食品科学」：在食品科学中，怎样核对批次组成、储存条件与感官任务，分开“摄入或组成变化”与“总模式与报告差异”？","true","false","","direction-owned-direction-case"
"food-2","food","food","饮食记录与健康比较","营养研究研究档案：成分、加工变化与感官或膳食记录；组成、摄入及整体模式的分别记录；成分、实际摄入和感官任务条件；计量单位、时间窗口和未计入的投入。需对照食品性质与食用情境中的定义、对象索引与适用条件","「营养研究」：在营养研究中，怎样核对成分、加工变化与感官或膳食记录，分开“摄入或组成变化”与“总模式与报告差异”？ 看起来更划算，是效率提高还是少算了投入？","true","false","","direction-owned-direction-case"
"food-3","food","food","来源追溯与执行范围","食品安全与管理研究档案：成分、加工变化与感官或膳食记录；组成、摄入及整体模式的分别记录；成分、实际摄入和感官任务条件；正式文本、执行条件与被排除的对象。需对照的具体条目：批次组成、储存条件与感官任务；公开信号、相互解释与承诺兑现","「食品安全与管理」：在食品安全与管理中，怎样核对批次组成、储存条件与感官任务，分开“摄入或组成变化”与“总模式与报告差异”？ 文本已经改变，实际机会和执行是否也改变了？","true","false","","direction-owned-direction-case"
"pharmacy-1","pharmacy","pharma","药物作用、效能与评价层次","受体或靶点证据、功能反应和暴露资料","「药理学基础与作用机制」：现有证据支持靶点参与还是只支持功能变化？","true","true","","direction-owned-case"
"pharmacy-2","pharmacy","pharma","定量可靠性与复杂基质","校准、基质影响、稳定性与定量记录","「药物分析」：观察到的差异来自真实含量还是基质影响？","true","true","","direction-owned-case"
"pharmacy-3","pharmacy","pharma","用药过程、制度安排与实施差异","处方流程、药品可及性与服务记录","「药事与使用研究」：流程在哪里改变了实际药品使用？","true","true","","direction-owned-case"
"nursing-1","nursing","nursing","照护过程与个体需要","照护计划、实施记录与患者自述","「护理实践研究」：措施登记完成，为什么还不能说患者感觉更好？","true","false","nursing","direction-owned-concept"
"nursing-2","nursing","education","学习任务与实践反馈","护理教育研究档案：教学任务、学生作答与撤去帮助后的新题；相关领域文献对“照护过程、交接记录与患者自述”的用语与记录方式；任务目标、辅助条件和延迟表现。需对照的具体条目：实施时间线、交接信息与本人报告","「护理教育」：在护理教育中，怎样核对实施时间线、交接信息与本人报告，分开“独立学习改善”与“辅助或练习效应”？ 当场做对与真正能迁移，材料分别支持哪一个？","true","false","nursing","direction-owned-direction-case"
"nursing-3","nursing","nursing","服务范围与执行条件","社区与公共健康研究档案：照护过程、交接记录与患者自述；目标比较、资料进入和记录变化。需对照的具体条目：进入机会、空间路径与地方制度","「社区与公共健康」：在社区与公共健康中，怎样核对进入机会、空间路径与地方制度，分开“实际健康或服务变化”与“进入及记录机会改变”？","true","false","nursing","direction-owned-direction-case"
"management-1","management","organization","组织情境与协作范围","团队分工、匿名反馈与成员离职记录","「组织与行为」：能承认错误，为什么不等于这个组要求低？","true","false","organization","direction-owned-concept"
"management-2","management","accounting","数据口径与资源关系","收入确认依据、合同履行与现金流量记录","「会计与财务」：收入增加，为什么经营现金流可能下降？","true","false","accounting","direction-owned-concept"
"management-3","management","organization","过程约束与优化目标","运营与管理科学研究档案：分工流程、资源使用与绩效口径；决策责任、执行资源和反馈循环；到达率、处理能力和波动时段；正式文本、执行条件与被排除的对象。需对照的具体条目：到达波动、处理能力与积压","「运营与管理科学」：在运营与管理科学中，怎样核对到达波动、处理能力与积压，分开“执行机制改变”与“目标或报告口径改变”？ 文本已经改变，实际机会和执行是否也改变了？","true","false","operations","direction-owned-direction-case"
"publicadmin-1","publicadmin","policy","比较目标与实施条件","公共政策研究档案：政策条文、执行层次与受益记录；公开文件、责任分配和资源约束；正式文本、执行条件与被排除的对象。需对照的具体条目：文本目标、执行资源与受影响范围","「公共政策」：在公共政策中，怎样核对文本目标、执行资源与受影响范围，分开“有据可查的运行变化”与“披露或叙事取舍”？ 文本已经改变，实际机会和执行是否也改变了？","true","false","","direction-owned-direction-case"
"publicadmin-2","publicadmin","policy","服务过程与使用反馈","公共服务研究档案：政策条文、执行层次与受益记录；需求、服务资格和未进入服务者。需对照公共服务与制度执行中的定义、对象索引与适用条件","「公共服务」：在公共服务中，怎样核对政策条文、执行层次与受益记录，分开“需求得到满足”与“门槛或登记改变”？","true","false","","direction-owned-direction-case"
"publicadmin-3","publicadmin","organization","资源余量与协作边界","资源与应急管理研究档案：政策条文、执行层次与受益记录；决策责任、执行资源和反馈循环；公开文件、责任分配和资源约束；正式文本、执行条件与被排除的对象。需对照公共服务与制度执行中的定义、对象索引与适用条件","「资源与应急管理」：在资源与应急管理中，怎样核对政策条文、执行层次与受益记录，分开“执行机制改变”与“目标或报告口径改变”？ 文本已经改变，实际机会和执行是否也改变了？","true","false","organization","direction-owned-direction-case"
"music-1","music","performance","表达版本与现场体验","音乐与表演研究档案：谱本版本、声部关系与演出场次；谱本、声音记录和表演条件；排演文本、身体动作和观众位置；谱本或排演文本、演出记录和现场条件。需对照的具体条目：谱本、演奏选择与声学条件；排演文本、行动选择与观众位置","「音乐与表演」：在音乐与表演中，怎样核对谱本、演奏选择与声学条件，分开“表演解释差异”与“录音或版本差异”？ 可听可见的变化来自表演选择，还是记录和场地？","true","false","music","direction-owned-direction-case"
"music-2","music","media","叙事结构与受众语境","戏剧与影视研究档案：谱本版本、声部关系与演出场次；镜头顺序、声画关系和版本差异；排演文本、身体动作和观众位置。需对照的具体条目：镜头顺序、声画关系与发行版本；排演文本、行动选择与观众位置","「戏剧与影视」：在戏剧与影视中，怎样核对镜头顺序、声画关系与发行版本，分开“视听组织改变”与“观看或版本条件”？","true","false","film","direction-owned-direction-case"
"music-3","music","media","声音信号、录音条件与表达判断","声音与媒介技术研究档案：谱本版本、声部关系与演出场次；生产记录、传播路径和接触机会；谱本、声音记录和表演条件。需对照的具体条目：工具版本、使用任务与适用承诺；媒介形式、生产条件与可见性规则","「声音与媒介技术」：在声音与媒介技术中，怎样核对工具版本、使用任务与适用承诺，分开“传播过程改变”与“记录或受众构成变化”？","true","false","","direction-owned-direction-case"
"military-1","military","military","推演范围与互动条件","公开战略文件、政策表态与行动时间线","「战略与国际安全」：声明语气很强，为什么仍不能直接预测行动？","true","false","military-history","direction-owned-concept"
"military-2","military","military","材料出处与时序解释","公开战史、回忆录与档案形成时间","「军事历史」：结果已知，为什么研究当时决策仍要保留不确定性？","true","false","military-history","direction-owned-concept"
"military-3","military","military","资源安排与系统约束","组织与保障研究档案：公开政策、历史叙事与资源制度；公开文件、责任分配和资源约束；正式文本、执行条件与被排除的对象。需对照的具体条目：需求清单、交付节点与资源占用；角色分工、资源联系与实际协调","「组织与保障」：在组织与保障中，怎样核对需求清单、交付节点与资源占用，分开“有据可查的运行变化”与“披露或叙事取舍”？ 文本已经改变，实际机会和执行是否也改变了？","true","false","military-history","direction-owned-direction-case"
"interdisciplinary-1","interdisciplinary","cross","两边的对象与定义","共同问题说明、术语表与分工协议","「共同问题设计」：用了两种方法，为什么仍可能只是两份报告拼在一起？","true","false","","direction-owned-concept"
"interdisciplinary-2","interdisciplinary","cross","两侧条件与证据接口","跨学科方法研究档案：两侧研究对象、术语含义与证据接口；双方术语、共同对象和验证分工；各方定义、资料来源和桥接规则。需对照的具体条目：输入要求、适用前提与方法失败条件","「跨学科方法」：在跨学科方法中，怎样核对输入要求、适用前提与方法失败条件，分开“问题上的实质桥接”与“仅术语或方法拼接”？ 名称相同是否真的意味着比较对象相同？","true","false","","direction-owned-direction-case"
"interdisciplinary-3","interdisciplinary","cross","使用情境与执行边界","跨学科应用研究档案：两侧研究对象、术语含义与证据接口；双方术语、共同对象和验证分工；各方定义、资料来源和桥接规则。需对照的具体条目：使用任务、落地条件与实际反馈","「跨学科应用」：在跨学科应用中，怎样核对使用任务、落地条件与实际反馈，分开“问题上的实质桥接”与“仅术语或方法拼接”？ 名称相同是否真的意味着比较对象相同？","true","false","","direction-owned-direction-case"
"statistics-1","statistics","statistics","估计目标、抽样条件与不确定性","统计推断研究档案：独立单位、抽样过程与估计不确定性；随机变量、条件事件和分布假设。需对照的具体条目：独立单位、目标量与抽样机制","「统计推断」：在统计推断中，怎样核对独立单位、目标量与抽样机制，分开“条件关系”与“组成改变的总体关系”？","true","false","","direction-owned-direction-case"
"statistics-2","statistics","statistics","预测、划分与泛化范围","统计学习研究档案：独立单位、抽样过程与估计不确定性；随机变量、条件事件和分布假设；任务目标、辅助条件和延迟表现。需对照的具体条目：目标任务、辅助条件与延迟迁移；来源划分、目标变量与评估基线","「统计学习」：在统计学习中，怎样核对来源划分、目标变量与评估基线，分开“条件关系”与“组成改变的总体关系”？","true","false","ml","direction-owned-direction-case"
"statistics-3","statistics","statistics","依赖结构与观测尺度","空间与时间统计研究档案：独立单位、抽样过程与估计不确定性；随机变量、条件事件和分布假设；地理单元、时期边界和地方制度；坐标基准、空间单元和不同尺度的对照。需对照估计目标与抽样中的定义、对象索引与适用条件","「空间与时间统计」：在空间与时间统计中，怎样核对独立单位、抽样过程与估计不确定性，分开“条件关系”与“组成改变的总体关系”？ 换了空间单元以后，原来的关系是否还成立？","true","false","","direction-owned-direction-case"
"astronomy-1","astronomy","physics","信号、背景与距离解释","恒星与星系研究档案：光谱、亮度时序与望远镜覆盖；观测选择、红移或距离估计和检出阈值。需对照的具体条目：光度选择、红移或距离与分类口径","「恒星与星系」：在恒星与星系中，怎样核对光度选择、红移或距离与分类口径，分开“天体分布变化”与“检出阈值变化”？","true","false","","direction-owned-direction-case"
"astronomy-2","astronomy","physics","模型假设与观测约束","宇宙学研究档案：光谱、亮度时序与望远镜覆盖；观测选择、红移或距离估计和检出阈值。需对照的具体条目：模型参数、观测约束与宇宙时期","「宇宙学」：在宇宙学中，怎样核对模型参数、观测约束与宇宙时期，分开“天体分布变化”与“检出阈值变化”？","true","false","","direction-owned-direction-case"
"astronomy-3","astronomy","physics","观测窗口与标定记录","时域与观测技术研究档案：光谱、亮度时序与望远镜覆盖；观测时窗、响应条件和目标任务；参考依据、重复读数和误差分项。需对照的具体条目：工具版本、使用任务与适用承诺","「时域与观测技术」：在时域与观测技术中，怎样核对工具版本、使用任务与适用承诺，分开“对象或任务状态改变”与“响应或观察条件改变”？ 读数差异来自被测对象，还是测量链的变化？","true","false","","direction-owned-direction-case"
"sociology-1","sociology","society","群体差异与比较范围","社会分层研究档案：社会类别、关系网络与制度情境；对象进入、角色关系和机会结构。需对照的具体条目：分层口径、流动机会与组内差异","「社会分层」：在社会分层中，怎样核对分层口径、流动机会与组内差异，分开“行为或关系改变”与“进入机会或结构改变”？","true","false","fieldwork","direction-owned-direction-case"
"sociology-2","sociology","society","关系结构与互动情境","组织与网络研究档案：社会类别、关系网络与制度情境；节点口径、边含义和缺失连接；对象进入、角色关系和机会结构；正式文本、执行条件与被排除的对象。需对照的具体条目：角色分工、资源联系与实际协调","「组织与网络」：在组织与网络中，怎样核对角色分工、资源联系与实际协调，分开“实际关系改变”与“采集范围改变”？ 文本已经改变，实际机会和执行是否也改变了？","true","false","fieldwork","direction-owned-direction-case"
"sociology-3","sociology","society","空间资源与生活经验","城市与社区研究档案：社会类别、关系网络与制度情境；对象进入、角色关系和机会结构；地理单元、时期边界和地方制度。需对照的具体条目：进入机会、空间路径与地方制度","「城市与社区」：在城市与社区中，怎样核对进入机会、空间路径与地方制度，分开“行为或关系改变”与“进入机会或结构改变”？","true","false","fieldwork","direction-owned-direction-case"
"anthropology-1","anthropology","society","参与关系与语境记录","文化人类学研究档案：逐轮对话、在场关系和沉默位置；相关领域文献对“地方分类、访谈语境与参与关系”的用语与记录方式；交往位置、叙述轮次和观察情境。需对照的具体条目：实践语境、符号用法与传承位置","「文化人类学」：在文化人类学中，怎样核对实践语境、符号用法与传承位置，分开“生活实践差异”与“互动或叙述情境差异”？ 对方在怎样的关系中说出这句话？","true","false","fieldwork","direction-owned-direction-case"
"anthropology-2","anthropology","society","社会关系与研究者位置","社会人类学研究档案：逐轮对话、在场关系和沉默位置；相关领域文献对“地方分类、访谈语境与参与关系”的用语与记录方式；交往位置、叙述轮次和观察情境。需对照的具体条目：关系角色、交往顺序与社会实践","「社会人类学」：在社会人类学中，怎样核对关系角色、交往顺序与社会实践，分开“生活实践差异”与“互动或叙述情境差异”？ 对方在怎样的关系中说出这句话？","true","false","fieldwork","direction-owned-direction-case"
"anthropology-3","anthropology","society","技术使用与地方经验","环境与技术人类学研究档案：逐轮对话、在场关系和沉默位置；相关领域文献对“地方分类、访谈语境与参与关系”的用语与记录方式；交往位置、叙述轮次和观察情境。需对照的具体条目：工具版本、使用任务与适用承诺","「环境与技术人类学」：在环境与技术人类学中，怎样核对工具版本、使用任务与适用承诺，分开“生活实践差异”与“互动或叙述情境差异”？ 对方在怎样的关系中说出这句话？","true","false","fieldwork","direction-owned-direction-case"
"archaeology-1","archaeology","archaeology","层位、出处与记录链","田野考古研究档案：逐轮对话、在场关系和沉默位置；相关领域文献对“出土位置、地层堆积与器物组合”的用语与记录方式；交往位置、叙述轮次和观察情境。需对照的具体条目：层位关系、形成过程与出土位置","「田野考古」：在田野考古中，怎样核对层位关系、形成过程与出土位置，分开“生活实践差异”与“互动或叙述情境差异”？ 对方在怎样的关系中说出这句话？","true","false","strata","direction-owned-direction-case"
"archaeology-2","archaeology","archaeometry","材料属性与测量条件","科技考古研究档案：出土位置、地层堆积与器物组合；出土位置、地层关系和形成过程。需对照的具体条目：层位关系、形成过程与出土位置；仪器记录、研究制度与知识传播；测量来源、材质信息与年代对应","「科技考古」：在科技考古中，怎样核对测量来源、材质信息与年代对应，分开“原始使用关系”与“埋藏或扰动关系”？","true","false","strata","direction-owned-direction-case"
"archaeology-3","archaeology","heritage","展示语境与公众解释","公共与文化遗产研究档案：出土位置、地层堆积与器物组合；来源链、材料状态和保存环境。需对照的具体条目：实践语境、符号用法与传承位置","「公共与文化遗产」：在公共与文化遗产中，怎样核对实践语境、符号用法与传承位置，分开“材料保存改善”与“环境或记录差异”？","true","false","","direction-owned-direction-case"
"geography-1","geography","remote-sensing","投影、邻接与尺度","空间分析与地理信息研究档案：空间边界、邻接关系与尺度转换；坐标基准、空间支持和分类边界；地理单元、时期边界和地方制度；坐标基准、空间单元和不同尺度的对照。需对照的具体条目：输入假设、测量或推导链与不确定性","「空间分析与地理信息」：在空间分析与地理信息中，怎样核对输入假设、测量或推导链与不确定性，分开“空间过程变化”与“基准或聚合差异”？ 换了空间单元以后，原来的关系是否还成立？","true","false","","direction-owned-direction-case"
"geography-2","geography","human-geography","空间资源与社会情境","人文地理研究档案：空间边界、邻接关系与尺度转换；坐标基准、空间支持和分类边界；坐标基准、空间单元和不同尺度的对照。需对照的具体条目：地方经验、移动机会与空间制度","「人文地理」：在人文地理中，怎样核对地方经验、移动机会与空间制度，分开“空间过程变化”与“基准或聚合差异”？ 换了空间单元以后，原来的关系是否还成立？","true","false","","direction-owned-direction-case"
"geography-3","geography","ecology","环境过程与观察边界","自然地理研究档案：空间边界、邻接关系与尺度转换；坐标基准、空间支持和分类边界；坐标基准、空间单元和不同尺度的对照。需对照的具体条目：地表过程、尺度范围与环境边界","「自然地理」：在自然地理中，怎样核对地表过程、尺度范围与环境边界，分开“空间过程变化”与“基准或聚合差异”？ 换了空间单元以后，原来的关系是否还成立？","true","false","ecology","direction-owned-direction-case"
"materials-1","materials","chemistry","结构、性能与批次","功能材料研究档案：成分、微结构与载荷环境；结构分布、缺陷表征和性质条件；不同层次的读数、背景条件和相反趋势。需对照微结构与材料性能中的定义、对象索引与适用条件","「功能材料」：在功能材料中，怎样核对成分、微结构与载荷环境，分开“结构差异”与“组成或条件差异”？ 各层次读数是否在回答同一个问题？","true","false","chemistry","direction-owned-direction-case"
"materials-2","materials","chemistry","材料状态与环境作用","软材料与界面研究档案：成分、微结构与载荷环境；结构分布、缺陷表征和性质条件。需对照的具体条目：状态变化、界面响应与时间尺度","「软材料与界面」：在软材料与界面中，怎样核对状态变化、界面响应与时间尺度，分开“结构差异”与“组成或条件差异”？","true","false","chemistry","direction-owned-direction-case"
"materials-3","materials","chemistry","模型假设与条件范围","计算材料研究档案：成分、微结构与载荷环境；结构分布、缺陷表征和性质条件；模型边界、参数来源和验证情境。需对照微结构与材料性能中的定义、对象索引与适用条件","「计算材料」：在计算材料中，怎样核对成分、微结构与载荷环境，分开“结构差异”与“组成或条件差异”？","true","false","chemistry","direction-owned-direction-case"
"automation-1","automation","mechanical","反馈条件与稳定范围","控制理论研究档案：闭环结构、状态观测与扰动响应；输入扰动、反馈状态和响应轨迹。需对照反馈、辨识与系统状态中的定义、对象索引与适用条件","「控制理论」：在控制理论中，怎样核对闭环结构、状态观测与扰动响应，分开“控制响应改善”与“测试工况更容易”？","true","false","control","direction-owned-direction-case"
"automation-2","automation","mechanical","任务环境与观测记录","机器人与感知研究档案：闭环结构、状态观测与扰动响应；输入扰动、反馈状态和响应轨迹。需对照的具体条目：感知误差、控制任务与障碍情境","「机器人与感知」：在机器人与感知中，怎样核对感知误差、控制任务与障碍情境，分开“控制响应改善”与“测试工况更容易”？","true","false","control","direction-owned-direction-case"
"automation-3","automation","computing","资源约束与多方互动","智能系统与协同研究档案：闭环结构、状态观测与扰动响应；节点口径、边含义和缺失连接；系统边界、反馈连接和尺度转换。需对照反馈、辨识与系统状态中的定义、对象索引与适用条件","「智能系统与协同」：在智能系统与协同中，怎样核对闭环结构、状态观测与扰动响应，分开“实际关系改变”与“采集范围改变”？","true","false","","direction-owned-direction-case"
"communications-1","communications","electronics","编码条件与误差口径","信息与编码研究档案：信道时序、编码配置与传输错误；采样条件、频谱结构和噪声假设；版本规则、对象索引和使用任务。需对照信道、编码与资源中的定义、对象索引与适用条件","「信息与编码」：在信息与编码中，怎样核对信道时序、编码配置与传输错误，分开“信号结构改变”与“滤波或采样改变”？","true","false","circuits","direction-owned-direction-case"
"communications-2","communications","electronics","信道变化与资源安排","无线与网络研究档案：信道时序、编码配置与传输错误；节点口径、边含义和缺失连接。需对照信道、编码与资源中的定义、对象索引与适用条件","「无线与网络」：在无线与网络中，怎样核对信道时序、编码配置与传输错误，分开“实际关系改变”与“采集范围改变”？","true","false","circuits","direction-owned-direction-case"
"communications-3","communications","electronics","信号来源与测量边界","通信感知融合研究档案：信道时序、编码配置与传输错误；采样条件、频谱结构和噪声假设。需对照的具体条目：链路条件、带宽与误码判据；支持需要、实际参与与环境障碍","「通信感知融合」：在通信感知融合中，怎样核对链路条件、带宽与误码判据，分开“信号结构改变”与“滤波或采样改变”？","true","false","circuits","direction-owned-direction-case"
"architecture-1","architecture","construction","空间需求与使用反馈","建筑设计研究档案：空间图纸、使用路径与环境评价；空间使用、环境条件和使用者路径；设计任务、迭代版本和使用者反馈；任务路径、迭代版本和错误恢复记录。需对照的具体条目：空间使用、热环境与使用者路径","「建筑设计」：在建筑设计中，怎样核对空间使用、热环境与使用者路径，分开“空间使用改善”与“使用者或时段变化”？ 这次变好是设计改进，还是使用者得到更多帮助？","true","false","urban","direction-owned-direction-case"
"architecture-2","architecture","construction","资源、尺度与生活情境","城乡规划研究档案：空间图纸、使用路径与环境评价；可行域、目标权重和约束松弛；空间使用、环境条件和使用者路径。需对照空间设计与建筑使用中的定义、对象索引与适用条件","「城乡规划」：在城乡规划中，怎样核对空间图纸、使用路径与环境评价，分开“同一约束下的改进”与“放松约束造成的收益”？","true","false","urban","direction-owned-direction-case"
"architecture-3","architecture","ecology","工况、性能与环境范围","建筑技术与环境研究档案：空间图纸、使用路径与环境评价；空间使用、环境条件和使用者路径；来源、迁移途径和受影响对象。需对照的具体条目：空间使用、热环境与使用者路径；工具版本、使用任务与适用承诺","「建筑技术与环境」：在建筑技术与环境中，怎样核对空间使用、热环境与使用者路径，分开“空间使用改善”与“使用者或时段变化”？","true","false","urban","direction-owned-direction-case"
"design-1","design","interaction","用户任务与反馈来源","交互设计研究档案：原型版本、任务路径与失败反馈；任务完成、错误恢复和辅助条件；设计任务、迭代版本和使用者反馈；任务路径、迭代版本和错误恢复记录。需对照的具体条目：任务路径、辅助条件与错误恢复","「交互设计」：在交互设计中，怎样核对任务路径、辅助条件与错误恢复，分开“交互设计改善”与“辅助或用户组成变化”？ 这次变好是设计改进，还是使用者得到更多帮助？","true","false","design","direction-owned-direction-case"
"design-2","design","interaction","协作流程与使用情境","服务设计研究档案：原型版本、任务路径与失败反馈；设计任务、迭代版本和使用者反馈；任务路径、迭代版本和错误恢复记录。需对照的具体条目：服务触点、交接责任与未完成路径","「服务设计」：在服务设计中，怎样核对服务触点、交接责任与未完成路径，分开“理解或使用改善”与“展示或辅助变化”？ 这次变好是设计改进，还是使用者得到更多帮助？","true","false","design","direction-owned-direction-case"
"design-3","design","arts","表达结构与受众理解","视觉与信息设计研究档案：原型版本、任务路径与失败反馈；设计任务、迭代版本和使用者反馈；作品状态、观看位置和媒介条件；任务路径、迭代版本和错误恢复记录。需对照设计任务与使用反馈中的定义、对象索引与适用条件","「视觉与信息设计」：在视觉与信息设计中，怎样核对原型版本、任务路径与失败反馈，分开“理解或使用改善”与“展示或辅助变化”？ 这次变好是设计改进，还是使用者得到更多帮助？","true","false","design","direction-owned-direction-case"
"publichealth-1","publichealth","population","群体、比较与偏差边界","流行病学研究档案：群体分母、健康事件与服务可及性；目标人群、进入机制和暴露窗口。需对照的具体条目：目标人群、进入资料与风险分母","「流行病学」：在流行病学中，怎样核对目标人群、进入资料与风险分母，分开“目标人群的真实变化”与“进入资料的机会变化”？","true","false","","direction-owned-direction-case"
"publichealth-2","publichealth","health-services","资源条件与执行反馈","卫生政策与管理研究档案：群体分母、健康事件与服务可及性；目标人群、进入机制和暴露窗口；正式文本、执行条件与被排除的对象。需对照的具体条目：文本目标、执行资源与受影响范围","「卫生政策与管理」：在卫生政策与管理中，怎样核对文本目标、执行资源与受影响范围，分开“目标人群的真实变化”与“进入资料的机会变化”？ 文本已经改变，实际机会和执行是否也改变了？","true","false","","direction-owned-direction-case"
"publichealth-3","publichealth","population","环境记录与群体差异","环境与职业健康研究档案：群体分母、健康事件与服务可及性；目标人群、进入机制和暴露窗口。需对照的具体条目：进入退出、工时与收入分布","「环境与职业健康」：在环境与职业健康中，怎样核对进入退出、工时与收入分布，分开“目标人群的真实变化”与“进入资料的机会变化”？","true","false","","direction-owned-direction-case"
"classic-4","classic","anatomy","发育阶段与观察时间","发育分期、形态描述与谱系观察","「发育生物学」：同日龄对象为什么仍可能不适合直接比较？","true","false","","direction-owned-concept"
"classic-5","classic","biomedical","功能过程与行为解释","神经科学研究档案：细胞状态、组织组成与独立来源；电生理、结构与任务表现的对应。需对照细胞与生命系统中的定义、对象索引与适用条件","「神经科学」：在神经科学中，怎样核对细胞状态、组织组成与独立来源，分开“结构相关信号”与“任务或功能状态”？","true","false","","direction-owned-direction-case"
"classic-6","classic","biomedical","状态差异与解释边界","免疫研究研究档案：细胞状态、组织组成与独立来源；细胞组成、活化标志与组织状态。需对照细胞与生命系统中的定义、对象索引与适用条件","「免疫研究」：在免疫研究中，怎样核对细胞状态、组织组成与独立来源，分开“活化或功能改变”与“细胞组成改变”？","true","false","","direction-owned-direction-case"
"classic-7","classic","genetic-association","变异信息与比较范围","家系关系、遗传变异与表型记录","「遗传学」：家系中一起出现，为什么仍不能直接宣布因果？","true","false","","direction-owned-concept"
"classic-8","classic","biomedical","对象差异与环境条件","微生物与宿主研究档案：细胞状态、组织组成与独立来源；公开组成表、注释版本与绝对量边界；细胞组成、功能层次和独立来源。需对照细胞与生命系统中的定义、对象索引与适用条件","「微生物与宿主」：在微生物与宿主中，怎样核对细胞状态、组织组成与独立来源，分开“组成变化”与“总量或注释变化”？","true","false","","direction-owned-direction-case"
"classic-9","classic","biomedical","资料整合与推断前提","生物信息学研究档案：细胞状态、组织组成与独立来源；细胞组成、功能层次和独立来源。需对照细胞与生命系统中的定义、对象索引与适用条件","「生物信息学」：在生物信息学中，怎样核对细胞状态、组织组成与独立来源，分开“单元状态改变”与“组成或技术批次差异”？","true","false","","direction-owned-direction-case"
"data-4","data","vision","图像来源与迁移条件","计算机视觉研究档案：任务输入、算法输出与运行条件；来源划分、简单基线和错误分布。需对照的具体条目：图像来源、标签口径与场景转移","「计算机视觉」：在计算机视觉中，怎样核对图像来源、标签口径与场景转移，分开“任务学习改善”与“来源泄漏或分布差异”？","true","false","","direction-owned-direction-case"
"data-5","data","nlp","语言任务与语境偏差","自然语言处理研究档案：任务输入、算法输出与运行条件；来源划分、简单基线和错误分布。需对照的具体条目：文本来源、语境覆盖与语言差异","「自然语言处理」：在自然语言处理中，怎样核对文本来源、语境覆盖与语言差异，分开“任务学习改善”与“来源泄漏或分布差异”？","true","false","","direction-owned-direction-case"
"data-6","data","database","资料流转与一致性","并发事务时间线、提交顺序与隔离设置","「数据库与数据工程」：两次读取相同，为什么仍可能出现串行化异常？","true","false","transactions","direction-owned-concept"
"data-7","data","software","威胁假设与责任边界","计算机安全研究档案：任务输入、算法输出与运行条件；责任边界、使用条件和资源约束。需对照的具体条目：公开信号、相互解释与承诺兑现","「计算机安全」：在计算机安全中，怎样核对公开信号、相互解释与承诺兑现，分开“运行能力改善”与“声明或评价口径改变”？","true","false","","direction-owned-direction-case"
"data-8","data","software","协同条件与故障传播","复制日志、消息延迟与故障恢复轨迹","「分布式计算」：网络分区时，系统承诺的读取语义具体是什么？","true","false","distributed","direction-owned-concept"
"data-9","data","computing","推断边界与使用责任","因果与可信人工智能研究档案：任务输入、算法输出与运行条件；来源划分、简单基线和错误分布；比较资格、干预前趋势和同期冲击。需对照的具体条目：目标比较、干预起点与选择机制；来源划分、模型错误与实际使用任务","「因果与可信人工智能」：在因果与可信人工智能中，怎样核对来源划分、模型错误与实际使用任务，分开“任务学习改善”与“来源泄漏或分布差异”？ 这项差异在干预之前是否已经存在？","true","false","ml","direction-owned-direction-case"
"theory-4","theory","math","结构定义与命题条件","群运算表、子群与映射核的实例","「代数与数论」：这个映射保留运算，为什么仍可能不是同构？","true","false","algebra","direction-owned-concept"
"theory-5","theory","math","空间结构与连续变化","几何与拓扑研究档案：定义域、命题假设与证明步骤；定义域、必要假设和反例。需对照的具体条目：邻域、几何量与映射保持的性质","「几何与拓扑」：在几何与拓扑中，怎样核对邻域、几何量与映射保持的性质，分开“假设支持的推导”与“超出定义域的结论”？","true","false","algebra","direction-owned-direction-case"
"theory-6","theory","numerical","数值近似与误差来源","离散算子、网格误差与线性系统条件数","「计算数学」：残差已经很小，为什么计算解仍可能偏离很多？","true","false","numerics","direction-owned-concept"
"theory-7","theory","optimization","目标冲突与资源约束","运筹学研究档案：定义域、命题假设与证明步骤；可行域、目标权重和约束松弛。需对照的具体条目：决策变量、资源约束与最优性条件","「运筹学」：在运筹学中，怎样核对决策变量、资源约束与最优性条件，分开“同一约束下的改进”与“放松约束造成的收益”？","true","false","","direction-owned-direction-case"
"theory-8","theory","math","时间演化与稳定条件","动力系统研究档案：定义域、命题假设与证明步骤；初值集合、时间轨迹和稳定性定义；系统边界、反馈连接和尺度转换。需对照的具体条目：相空间、初值集合与稳定性定义","「动力系统」：在动力系统中，怎样核对相空间、初值集合与稳定性定义，分开“局部轨迹性质”与“未覆盖的初值行为”？","true","false","dynamics","direction-owned-direction-case"
"theory-9","theory","math","连接结构与计数范围","组合与图论研究档案：定义域、命题假设与证明步骤；节点口径、边含义和缺失连接。需对照的具体条目：有限结构、邻接关系与组合约束","「组合与图论」：在组合与图论中，怎样核对有限结构、邻接关系与组合约束，分开“实际关系改变”与“采集范围改变”？","true","false","","direction-owned-direction-case"
"field-4","field","society","工作经验与组织条件","劳动与组织调查研究档案：访谈轮次、参与观察与地方关系；对象进入、角色关系和机会结构；公开文件、责任分配和资源约束；正式文本、执行条件与被排除的对象。需对照的具体条目：进入退出、工时与收入分布；角色分工、资源联系与实际协调","「劳动与组织调查」：在劳动与组织调查中，怎样核对进入退出、工时与收入分布，分开“行为或关系改变”与“进入机会或结构改变”？ 文本已经改变，实际机会和执行是否也改变了？","true","false","fieldwork","direction-owned-direction-case"
"field-5","field","society","日常生活与空间资源","城市田野研究档案：逐轮对话、在场关系和沉默位置；相关领域文献对“访谈轮次、参与观察与地方关系”的用语与记录方式；交往位置、叙述轮次和观察情境。需对照的具体条目：进入机会、空间路径与地方制度","「城市田野」：在城市田野中，怎样核对进入机会、空间路径与地方制度，分开“生活实践差异”与“互动或叙述情境差异”？ 对方在怎样的关系中说出这句话？","true","false","fieldwork","direction-owned-direction-case"
"field-6","field","society","线上记录与参与关系","数字社会田野研究档案：逐轮对话、在场关系和沉默位置；相关领域文献对“访谈轮次、参与观察与地方关系”的用语与记录方式；交往位置、叙述轮次和观察情境。需对照的具体条目：编码规则、平台入口与不可见记录","「数字社会田野」：在数字社会田野中，怎样核对编码规则、平台入口与不可见记录，分开“生活实践差异”与“互动或叙述情境差异”？ 对方在怎样的关系中说出这句话？","true","false","fieldwork","direction-owned-direction-case"
"field-7","field","society","地方经验与制度边界","迁移与流动研究档案：访谈轮次、参与观察与地方关系；对象进入、角色关系和机会结构；地理单元、时期边界和地方制度。需对照的具体条目：出发地、进入目的地与迁移选择","「迁移与流动」：在迁移与流动中，怎样核对出发地、进入目的地与迁移选择，分开“行为或关系改变”与“进入机会或结构改变”？","true","false","fieldwork","direction-owned-direction-case"
"field-8","field","society","关系叙述与文化语境","家庭与亲属研究研究档案：访谈轮次、参与观察与地方关系；对象进入、角色关系和机会结构。需对照的具体条目：亲属角色、家务分担与资源流动","「家庭与亲属研究」：在家庭与亲属研究中，怎样核对亲属角色、家务分担与资源流动，分开“行为或关系改变”与“进入机会或结构改变”？","true","false","fieldwork","direction-owned-direction-case"
"field-9","field","society","材料取舍与研究者声音","民族志写作研究档案：逐轮对话、在场关系和沉默位置；相关领域文献对“访谈轮次、参与观察与地方关系”的用语与记录方式；交往位置、叙述轮次和观察情境。需对照的具体条目：身份称谓、互动位置与传承实践","「民族志写作」：在民族志写作中，怎样核对身份称谓、互动位置与传承实践，分开“生活实践差异”与“互动或叙述情境差异”？ 对方在怎样的关系中说出这句话？","true","false","fieldwork","direction-owned-direction-case"
"clinical-4","clinical","cardiac","个体比较与功能指标","心血管研究研究档案：入组资格、诊疗记录与结局时间；心脏负荷与功能的并列记录；测量条件、血流负荷和时段轨迹。需对照临床比较与患者历程中的定义、对象索引与适用条件","「心血管研究」：在心血管研究中，怎样核对入组资格、诊疗记录与结局时间，分开“直接心脏变化”与“循环负荷变化”？","true","false","","direction-owned-direction-case"
"clinical-5","clinical","neuro","症状记录与解释范围","神经与精神研究研究档案：入组资格、诊疗记录与结局时间；电生理、结构与任务表现的对应；状态时段、功能负担和报告来源。需对照临床比较与患者历程中的定义、对象索引与适用条件","「神经与精神研究」：在神经与精神研究中，怎样核对入组资格、诊疗记录与结局时间，分开“结构相关信号”与“任务或功能状态”？","true","false","","direction-owned-direction-case"
"clinical-6","clinical","oncology","对象异质性与比较边界","肿瘤研究研究档案：入组资格、诊疗记录与结局时间；病灶变化、分期与患者功能的对照。需对照的具体条目：分型、对象进入与患者结局窗口","「肿瘤研究」：在肿瘤研究中，怎样核对分型、对象进入与患者结局窗口，分开“病灶负担变化”与“观察选择或患者功能”？","true","false","","direction-owned-direction-case"
"clinical-7","clinical","infection","状态变化与对象条件","感染与免疫相关研究研究档案：入组资格、诊疗记录与结局时间；细胞组成、活化标志与组织状态；诊断口径、暴露机会和服务路径。需对照的具体条目：判定口径、暴露机会与服务路径","「感染与免疫相关研究」：在感染与免疫相关研究中，怎样核对判定口径、暴露机会与服务路径，分开“活化或功能改变”与“细胞组成改变”？","true","false","","direction-owned-direction-case"
"clinical-8","clinical","rehab","恢复过程与生活情境","康复研究研究档案：入组资格、诊疗记录与结局时间；测试能力、生活活动与环境支持。需对照临床比较与患者历程中的定义、对象索引与适用条件","「康复研究」：在康复研究中，怎样核对入组资格、诊疗记录与结局时间，分开“能力改善”与“环境或支持变化”？","true","false","","direction-owned-direction-case"
"clinical-9","clinical","health-services","记录口径与缺失机制","临床信息研究研究档案：入组资格、诊疗记录与结局时间；版本规则、对象索引和使用任务。需对照临床比较与患者历程中的定义、对象索引与适用条件","「临床信息研究」：在临床信息研究中，怎样核对入组资格、诊疗记录与结局时间，分开“对象信息改善”与“格式或版本改变”？","true","false","","direction-owned-direction-case"
"physics-4","physics","physics","信号识别与模型约束","粒子与核物理研究档案：物理量定义、测量响应与近似尺度；态定义、可观测量和测量条件。需对照的具体条目：事件选择、背景来源与观测量定义","「粒子与核物理」：在粒子与核物理中，怎样核对事件选择、背景来源与观测量定义，分开“状态差异”与“测量设置差异”？","true","false","","direction-owned-direction-case"
"physics-5","physics","physics","集体行为与近似条件","统计物理研究档案：物理量定义、测量响应与近似尺度；随机变量、条件事件和分布假设。需对照物理系统与观测量中的定义、对象索引与适用条件","「统计物理」：在统计物理中，怎样核对物理量定义、测量响应与近似尺度，分开“条件关系”与“组成改变的总体关系”？","true","false","","direction-owned-direction-case"
"physics-6","physics","physics","状态变化与测量边界","原子与分子物理研究档案：物理量定义、测量响应与近似尺度；鉴定可靠性、分子丰度与功能资料；态定义、可观测量和测量条件；不同层次的读数、背景条件和相反趋势。需对照物理系统与观测量中的定义、对象索引与适用条件","「原子与分子物理」：在原子与分子物理中，怎样核对物理量定义、测量响应与近似尺度，分开“分子状态变化”与“鉴定、组成或测量差异”？ 各层次读数是否在回答同一个问题？","true","false","","direction-owned-direction-case"
"physics-7","physics","physics","信息任务与物理约束","量子信息研究档案：物理量定义、测量响应与近似尺度；态定义、可观测量和测量条件。需对照的具体条目：态与测量设置、信息任务与误差口径","「量子信息」：在量子信息中，怎样核对态与测量设置、信息任务与误差口径，分开“状态差异”与“测量设置差异”？","true","false","condensed","direction-owned-direction-case"
"physics-8","physics","physics","非线性过程与工况解释","等离子体与流体研究档案：物理量定义、测量响应与近似尺度；边界条件、守恒项和流动尺度。需对照物理系统与观测量中的定义、对象索引与适用条件","「等离子体与流体」：在等离子体与流体中，怎样核对物理量定义、测量响应与近似尺度，分开“动力过程差异”与“尺度或边界差异”？","true","false","","direction-owned-direction-case"
"physics-9","physics","physics","数值记录与推断条件","计算与数据物理研究档案：物理量定义、测量响应与近似尺度；物理边界、观测响应和过程量。需对照的具体条目：来源划分、目标变量与评估基线","「计算与数据物理」：在计算与数据物理中，怎样核对来源划分、目标变量与评估基线，分开“物理过程变化”与“响应或边界改变”？","true","false","numerics","direction-owned-direction-case"
"chemistry-4","chemistry","chemistry","结构关系与材料记录","有机化学研究档案：成分谱、结构表征与条件依赖性质；物种指认、平衡条件和测量信号。需对照的具体条目：结构指认、异构体与组成纯度","「有机化学」：在有机化学中，怎样核对结构指认、异构体与组成纯度，分开“真实组成差异”与“指认或响应差异”？","true","false","chemistry","direction-owned-direction-case"
"chemistry-5","chemistry","chemistry","组成、结构与条件范围","无机化学研究档案：成分谱、结构表征与条件依赖性质；物种指认、平衡条件和测量信号。需对照的具体条目：配位状态、物相与组成比例","「无机化学」：在无机化学中，怎样核对配位状态、物相与组成比例，分开“真实组成差异”与“指认或响应差异”？","true","false","chemistry","direction-owned-direction-case"
"chemistry-6","chemistry","chemistry","近似方法与结果解释","理论与计算化学研究档案：成分谱、结构表征与条件依赖性质；物种指认、平衡条件和测量信号。需对照组成、结构与性质中的定义、对象索引与适用条件","「理论与计算化学」：在理论与计算化学中，怎样核对成分谱、结构表征与条件依赖性质，分开“真实组成差异”与“指认或响应差异”？","true","false","chemistry","direction-owned-direction-case"
"chemistry-7","chemistry","chemistry","界面过程与信号条件","电化学研究档案：成分谱、结构表征与条件依赖性质；系统边界、状态变量和交换项；物种指认、平衡条件和测量信号。需对照组成、结构与性质中的定义、对象索引与适用条件","「电化学」：在电化学中，怎样核对成分谱、结构表征与条件依赖性质，分开“系统状态变化”与“边界交换变化”？","true","false","chemistry","direction-owned-direction-case"
"chemistry-8","chemistry","chemistry","来源记录与环境范围","环境化学研究档案：成分谱、结构表征与条件依赖性质；物种指认、平衡条件和测量信号；来源、迁移途径和受影响对象。需对照组成、结构与性质中的定义、对象索引与适用条件","「环境化学」：在环境化学中，怎样核对成分谱、结构表征与条件依赖性质，分开“真实组成差异”与“指认或响应差异”？","true","false","chemistry","direction-owned-direction-case"
"chemistry-9","chemistry","chemistry","分子观察与功能解释","化学生物学研究档案：成分谱、结构表征与条件依赖性质；物种指认、平衡条件和测量信号；细胞组成、功能层次和独立来源。需对照组成、结构与性质中的定义、对象索引与适用条件","「化学生物学」：在化学生物学中，怎样核对成分谱、结构表征与条件依赖性质，分开“真实组成差异”与“指认或响应差异”？","true","false","chemistry","direction-owned-direction-case"
"economics-4","economics","labor","劳动比较与选择偏差","就业转移时间轴、工资口径与离职原因","「劳动经济」：平均工资上升时，为什么还要看谁离开了样本？","true","false","labor","direction-owned-concept"
"economics-5","economics","economics","风险口径与时间变化","金融经济研究档案：预算约束、选择记录与制度条件；选择集合、机会成本和价格条件；计量时点、现金流口径和风险条件；计量单位、时间窗口和未计入的投入。需对照的具体条目：计量时点、现金流与风险背景","「金融经济」：在金融经济中，怎样核对计量时点、现金流与风险背景，分开“激励或偏好变化”与“约束或可得方案变化”？ 看起来更划算，是效率提高还是少算了投入？","true","false","finance","direction-owned-direction-case"
"economics-6","economics","economics","竞争结构与互动条件","企业定价、市场边界与进入退出资料","「产业组织」：同一行业的集中度为何随市场定义改变？","true","false","trade","direction-owned-concept"
"economics-7","economics","economics","流动、制度与比较单位","两国劳动需求表与商品交换比例","「国际贸易」：绝对优势与比较优势为什么可能属于不同国家？","true","false","trade","direction-owned-concept"
"economics-8","economics","statistics","识别条件与资料质量","计量经济研究档案：预算约束、选择记录与制度条件；选择集合、机会成本和价格条件；干预时间、比较资格和同期变化；参考依据、重复读数和误差分项。需对照的具体条目：目标比较、干预起点与选择机制","「计量经济」：在计量经济中，怎样核对目标比较、干预起点与选择机制，分开“激励或偏好变化”与“约束或可得方案变化”？ 读数差异来自被测对象，还是测量链的变化？","true","false","","direction-owned-direction-case"
"economics-9","economics","economics","平台规则与行为记录","数字经济研究档案：预算约束、选择记录与制度条件；选择集合、机会成本和价格条件；版本规则、对象索引和使用任务；计量单位、时间窗口和未计入的投入。需对照的具体条目：编码规则、平台入口与不可见记录","「数字经济」：在数字经济中，怎样核对编码规则、平台入口与不可见记录，分开“激励或偏好变化”与“约束或可得方案变化”？ 看起来更划算，是效率提高还是少算了投入？","true","false","","direction-owned-direction-case"
"humanities-4","humanities","literature","版本、注释与时代语境","古典文学研究档案：关键段落、话语位置和相反解释；相关领域文献对“文本段落、版本变化与读者解释”的用语与记录方式；叙述位置、文本片段和出版语境。需对照的具体条目：叙述声音、关键片段与版本语境；原典传承、时代用语与后世注释","「古典文学」：在古典文学中，怎样核对叙述声音、关键片段与版本语境，分开“文本支持的解释”与“人物声音的直接外推”？ 这段材料支持哪种解释，又抵触哪种解释？","true","false","narrative","direction-owned-direction-case"
"humanities-5","humanities","literature","作品传播与历史经验","现当代文学研究档案：关键段落、话语位置和相反解释；相关领域文献对“文本段落、版本变化与读者解释”的用语与记录方式；叙述位置、文本片段和出版语境。需对照的具体条目：叙述声音、关键片段与版本语境；当代出版、社会语境与接受变化","「现当代文学」：在现当代文学中，怎样核对当代出版、社会语境与接受变化，分开“文本支持的解释”与“人物声音的直接外推”？ 这段材料支持哪种解释，又抵触哪种解释？","true","false","narrative","direction-owned-direction-case"
"humanities-6","humanities","literature","概念前提与解读取舍","文艺理论研究档案：文本段落、版本变化与读者解释；叙述位置、文本片段和出版语境。需对照文本、叙事与接受中的定义、对象索引与适用条件","「文艺理论」：在文艺理论中，怎样核对文本段落、版本变化与读者解释，分开“文本支持的解释”与“人物声音的直接外推”？","true","false","","direction-owned-direction-case"
"humanities-7","humanities","literature","表达结构与材料选择","叙述人称、视角变化与文本段落索引","「叙事与文体」：同一句话由人物说出与由叙述者说出，有何不同？","true","false","","direction-owned-concept"
"humanities-8","humanities","literature","出版材料与读者经验","书籍版式、流通记录与读者批注","「书籍与阅读史」：卖得多为什么不足以证明读者认可作者观点？","true","false","","direction-owned-concept"
"humanities-9","humanities","literature","文本转换与平台条件","文学与媒介研究档案：关键段落、话语位置和相反解释；相关领域文献对“文本段落、版本变化与读者解释”的用语与记录方式；叙述位置、文本片段和出版语境；生产记录、传播路径和接触机会。需对照的具体条目：叙述声音、关键片段与版本语境；媒介形式、生产条件与可见性规则","「文学与媒介」：在文学与媒介中，怎样核对叙述声音、关键片段与版本语境，分开“文本支持的解释”与“人物声音的直接外推”？ 这段材料支持哪种解释，又抵触哪种解释？","true","false","narrative","direction-owned-direction-case"
"art-4","art","arts","视觉材料与表达语境","绘画与图像研究档案：创作草稿、媒介痕迹与展示语境；作品状态、观看位置和媒介条件。需对照的具体条目：作品状态、观看位置与形式细节；笔触、画面组织与观看距离","「绘画与图像」：在绘画与图像中，怎样核对作品状态、观看位置与形式细节，分开“作品形式的作用”与“展示或复制条件”？","true","false","visual","direction-owned-direction-case"
"art-5","art","arts","材料状态与空间体验","雕塑与装置研究档案：创作草稿、媒介痕迹与展示语境；作品状态、观看位置和媒介条件。需对照的具体条目：作品状态、观看位置与形式细节；体量、空间位置与材料状态","「雕塑与装置」：在雕塑与装置中，怎样核对作品状态、观看位置与形式细节，分开“作品形式的作用”与“展示或复制条件”？","true","false","visual","direction-owned-direction-case"
"art-6","art","arts","取景条件与记录范围","摄影与影像研究档案：创作草稿、媒介痕迹与展示语境；作品状态、观看位置和媒介条件；镜头顺序、声画关系和版本差异。需对照的具体条目：来源索引、采集条件与判读分歧","「摄影与影像」：在摄影与影像中，怎样核对来源索引、采集条件与判读分歧，分开“作品形式的作用”与“展示或复制条件”？","true","false","","direction-owned-direction-case"
"art-7","art","arts","空间使用与公众反馈","公共艺术研究档案：创作草稿、媒介痕迹与展示语境；作品或演出出处、接受语境和观众位置。需对照的具体条目：公共位置、参与机会与空间负担","「公共艺术」：在公共艺术中，怎样核对公共位置、参与机会与空间负担，分开“形式或接受改变”与“呈现语境改变”？","true","false","visual","direction-owned-direction-case"
"art-8","art","arts","材料取舍与制作语境","工艺与材料艺术研究档案：创作草稿、媒介痕迹与展示语境；作品状态、观看位置和媒介条件；作品或演出出处、接受语境和观众位置。需对照作品形式与创作过程中的定义、对象索引与适用条件","「工艺与材料艺术」：在工艺与材料艺术中，怎样核对创作草稿、媒介痕迹与展示语境，分开“作品形式的作用”与“展示或复制条件”？","true","false","visual","direction-owned-direction-case"
"art-9","art","media","工具条件与表达边界","艺术与数字媒介研究档案：创作草稿、媒介痕迹与展示语境；生产记录、传播路径和接触机会；作品或演出出处、接受语境和观众位置。需对照的具体条目：编码规则、平台入口与不可见记录；媒介形式、生产条件与可见性规则","「艺术与数字媒介」：在艺术与数字媒介中，怎样核对编码规则、平台入口与不可见记录，分开“传播过程改变”与“记录或受众构成变化”？","true","false","visual","direction-owned-direction-case"
"philosophy-4","philosophy","epistemic","理由来源与知识范围","知识与真信念的反例、论证前提表","「认识论」：反例中的主体为什么仍未获得知识？","true","false","epistemology","direction-owned-concept"
"philosophy-5","philosophy","ontology","对象定义与论证条件","同一对象随时间变化的描述和同一性论证","「形而上学」：复制品与原物能否在性质相同的同时仍是两个对象？","true","false","modal","direction-owned-concept"
"philosophy-6","philosophy","mind","体验概念与解释边界","意识报告、行为表现与解释论证的对照","「心灵哲学」：你的论证解释了体验，还是只解释了有关体验的报告？","true","false","","direction-owned-concept"
"philosophy-7","philosophy","philosophy","工具使用与行动条件","技术哲学研究档案：关键段落、话语位置和相反解释；相关领域文献对“论证前提、概念区分与反例”的用语与记录方式；概念定义、论证前提和反例条件。需对照的具体条目：工具版本、使用任务与适用承诺","「技术哲学」：在技术哲学中，怎样核对工具版本、使用任务与适用承诺，分开“前提内的支持”与“改变前提后的反对”？ 这段材料支持哪种解释，又抵触哪种解释？","true","false","","direction-owned-direction-case"
"philosophy-8","philosophy","philosophical-history","概念材料与历史语境","中国哲学研究档案：关键段落、话语位置和相反解释；相关领域文献对“论证前提、概念区分与反例”的用语与记录方式；概念定义、论证前提和反例条件。需对照的具体条目：中文原典、制度时期与地方用语","「中国哲学」：在中国哲学中，怎样核对中文原典、制度时期与地方用语，分开“前提内的支持”与“改变前提后的反对”？ 这段材料支持哪种解释，又抵触哪种解释？","true","false","concept-history","direction-owned-direction-case"
"philosophy-9","philosophy","philosophy","解释语言与比较前提","跨文化哲学研究档案：论证前提、概念区分与反例；概念定义、论证前提和反例条件；各方定义、资料来源和桥接规则。需对照的具体条目：实践语境、符号用法与传承位置","「跨文化哲学」：在跨文化哲学中，怎样核对实践语境、符号用法与传承位置，分开“前提内的支持”与“改变前提后的反对”？ 名称相同是否真的意味着比较对象相同？","true","false","concept-history","direction-owned-direction-case"
"law-4","law","law","责任判断与事实范围","行为、主观状态与构成要件逐项对应表","「刑法」：后果严重，为何仍要单独讨论主观要素？","true","false","criminal","direction-owned-concept"
"law-5","law","law","材料来源与程序边界","证据取得经过、质证记录与待证事实","「诉讼与证据」：证据能提交，为何不等于它足以证明主张？","true","false","procedure","direction-owned-concept"
"law-6","law","law","规则适用与制度情境","国际法研究档案：规范版本、争议事实与适用程序；法域、条文版本和事实要件；各方定义、资料来源和桥接规则。需对照的具体条目：法域、多语条款与缔约背景；地区制度、指标译法与比较资格","「国际法」：在国际法中，怎样核对法域、多语条款与缔约背景，分开“适用要件差异”与“法域或版本变化”？ 名称相同是否真的意味着比较对象相同？","true","false","","direction-owned-direction-case"
"law-7","law","law","创作、使用与权利范围","知识产权研究档案：规范版本、争议事实与适用程序；保护对象、权利范围和使用方式。需对照规范、事实与程序中的定义、对象索引与适用条件","「知识产权」：在知识产权中，怎样核对规范版本、争议事实与适用程序，分开“范围内的使用争议”与“混同对象与范围”？","true","false","ip","direction-owned-direction-case"
"law-8","law","law","环境问题与执行条件","环境法研究档案：规范版本、争议事实和适用要件；相关领域文献对“规范版本、争议事实与适用程序”的用语与记录方式；法域、条文版本和事实要件。需对照的具体条目：受规制活动、损害范围与责任依据","「环境法」：在环境法中，怎样核对受规制活动、损害范围与责任依据，分开“适用要件差异”与“法域或版本变化”？ 这一事实对应哪个要件，是否混淆了法域？","true","false","","direction-owned-direction-case"
"law-9","law","law","资源条件与权利解释","劳动与社会保障法研究档案：规范版本、争议事实和适用要件；相关领域文献对“规范版本、争议事实与适用程序”的用语与记录方式；法域、条文版本和事实要件；公开文件、责任分配和资源约束。需对照的具体条目：进入退出、工时与收入分布；需求清单、交付节点与资源占用","「劳动与社会保障法」：在劳动与社会保障法中，怎样核对进入退出、工时与收入分布，分开“适用要件差异”与“法域或版本变化”？ 这一事实对应哪个要件，是否混淆了法域？","true","false","","direction-owned-direction-case"
"politics-4","politics","policy","概念来源与规范理由","政治思想研究档案：制度安排、政治行为与执行记录；正式规则、实际执行和行为者立场。需对照的具体条目：规则来源、执行条件与行动者立场","「政治思想」：在政治思想中，怎样核对规则来源、执行条件与行动者立场，分开“制度实践变化”与“文本或表述变化”？","true","false","","direction-owned-direction-case"
"politics-5","politics","policy","选择记录与比较前提","政治行为研究档案：制度安排、政治行为与执行记录；正式规则、实际执行和行为者立场。需对照的具体条目：规则来源、执行条件与行动者立场","「政治行为」：在政治行为中，怎样核对规则来源、执行条件与行动者立场，分开“制度实践变化”与“文本或表述变化”？","true","false","","direction-owned-direction-case"
"politics-6","politics","policy","制度边界与执行过程","政治制度研究档案：制度安排、政治行为与执行记录；正式规则、实际执行和行为者立场；公开文件、责任分配和资源约束；正式文本、执行条件与被排除的对象。需对照的具体条目：规则来源、执行条件与行动者立场；条文来源、权限分配与执行差异","「政治制度」：在政治制度中，怎样核对规则来源、执行条件与行动者立场，分开“制度实践变化”与“文本或表述变化”？ 文本已经改变，实际机会和执行是否也改变了？","true","false","","direction-owned-direction-case"
"politics-7","politics","policy","地方材料与历史语境","区域与国别研究研究档案：制度安排、政治行为与执行记录；地理单元、时期边界和地方制度；坐标基准、空间单元和不同尺度的对照。需对照制度与政治行动中的定义、对象索引与适用条件","「区域与国别研究」：在区域与国别研究中，怎样核对制度安排、政治行为与执行记录，分开“地方过程差异”与“单元或时期划分差异”？ 换了空间单元以后，原来的关系是否还成立？","true","false","","direction-owned-direction-case"
"politics-8","politics","policy","互动网络与规则范围","全球治理研究档案：制度安排、政治行为与执行记录；正式规则、实际执行和行为者立场；公开文件、责任分配和资源约束；正式文本、执行条件与被排除的对象。需对照的具体条目：规则来源、执行条件与行动者立场；跨区域联结、地方时序与资料语言","「全球治理」：在全球治理中，怎样核对规则来源、执行条件与行动者立场，分开“制度实践变化”与“文本或表述变化”？ 文本已经改变，实际机会和执行是否也改变了？","true","false","","direction-owned-direction-case"
"politics-9","politics","policy","信息流动与受众情境","政治传播研究档案：制度安排、政治行为与执行记录；正式规则、实际执行和行为者立场；生产记录、传播路径和接触机会。需对照的具体条目：规则来源、执行条件与行动者立场；信息入口、转述链与接触分母","「政治传播」：在政治传播中，怎样核对规则来源、执行条件与行动者立场，分开“制度实践变化”与“文本或表述变化”？","true","false","","direction-owned-direction-case"
"education-4","education","education","组织资源与学习经验","高等教育研究档案：教学任务、学生作答与撤去帮助后的新题；相关领域文献对“学习任务、课堂实施与能力评价”的用语与记录方式；任务目标、辅助条件和延迟表现。需对照的具体条目：培养阶段、指导关系与学术参与机会","「高等教育」：在高等教育中，怎样核对培养阶段、指导关系与学术参与机会，分开“独立学习改善”与“辅助或练习效应”？ 当场做对与真正能迁移，材料分别支持哪一个？","true","false","","direction-owned-direction-case"
"education-5","education","education","个体需要与支持条件","特殊与融合教育研究档案：教学任务、学生作答与撤去帮助后的新题；相关领域文献对“学习任务、课堂实施与能力评价”的用语与记录方式；任务目标、辅助条件和延迟表现。需对照的具体条目：支持需要、实际参与与环境障碍；支持需要、普通课堂参与与障碍","「特殊与融合教育」：在特殊与融合教育中，怎样核对支持需要、普通课堂参与与障碍，分开“独立学习改善”与“辅助或练习效应”？ 当场做对与真正能迁移，材料分别支持哪一个？","true","false","inclusion","direction-owned-direction-case"
"education-6","education","education","发展过程与活动记录","学前教育研究档案：教学任务、学生作答与撤去帮助后的新题；相关领域文献对“学习任务、课堂实施与能力评价”的用语与记录方式；任务目标、辅助条件和延迟表现。需对照的具体条目：发展阶段、照护关系与适龄任务","「学前教育」：在学前教育中，怎样核对发展阶段、照护关系与适龄任务，分开“独立学习改善”与“辅助或练习效应”？ 当场做对与真正能迁移，材料分别支持哪一个？","true","false","inclusion","direction-owned-direction-case"
"education-7","education","education","评价目标与测量边界","评分细则、双人评分与分歧样例","「教育评价」：评分一致，为什么还要检查评价任务测了什么？","true","false","learning","direction-owned-concept"
"education-8","education","education","实践反馈与协作安排","教师发展研究档案：教学任务、学生作答与撤去帮助后的新题；相关领域文献对“学习任务、课堂实施与能力评价”的用语与记录方式；任务目标、辅助条件和延迟表现。需对照的具体条目：反馈时点、专业判断与课堂条件","「教师发展」：在教师发展中，怎样核对反馈时点、专业判断与课堂条件，分开“独立学习改善”与“辅助或练习效应”？ 当场做对与真正能迁移，材料分别支持哪一个？","true","false","","direction-owned-direction-case"
"education-9","education","education","制度情境与比较单位","比较与国际教育研究档案：教学任务、学生作答与撤去帮助后的新题；相关领域文献对“学习任务、课堂实施与能力评价”的用语与记录方式；任务目标、辅助条件和延迟表现。需对照的具体条目：地区制度、指标译法与比较资格","「比较与国际教育」：在比较与国际教育中，怎样核对地区制度、指标译法与比较资格，分开“独立学习改善”与“辅助或练习效应”？ 当场做对与真正能迁移，材料分别支持哪一个？","true","false","","direction-owned-direction-case"
"sports-4","sports","sport","动作记录与模型条件","运动生物力学研究档案：训练暴露、动作表现与疲劳状态；训练暴露、恢复阶段和任务表现。需对照的具体条目：训练暴露、恢复阶段与测试熟悉；动作任务、身体负荷与运动学资料","「运动生物力学」：在运动生物力学中，怎样核对动作任务、身体负荷与运动学资料，分开“可迁移训练收益”与“熟悉或恢复差异”？","true","false","rehab","direction-owned-direction-case"
"sports-5","sports","education","学习目标与活动反馈","体育教育研究档案：教学任务、学生作答与撤去帮助后的新题；相关领域文献对“训练暴露、动作表现与疲劳状态”的用语与记录方式；任务目标、辅助条件和延迟表现。需对照的具体条目：训练暴露、恢复阶段与测试熟悉","「体育教育」：在体育教育中，怎样核对训练暴露、恢复阶段与测试熟悉，分开“独立学习改善”与“辅助或练习效应”？ 当场做对与真正能迁移，材料分别支持哪一个？","true","false","","direction-owned-direction-case"
"sports-6","sports","sport","参与经验与资源差异","体育社会研究研究档案：训练暴露、动作表现与疲劳状态；对象进入、角色关系和机会结构；训练暴露、恢复阶段和任务表现。需对照的具体条目：训练暴露、恢复阶段与测试熟悉","「体育社会研究」：在体育社会研究中，怎样核对训练暴露、恢复阶段与测试熟悉，分开“行为或关系改变”与“进入机会或结构改变”？","true","false","","direction-owned-direction-case"
"sports-7","sports","sport","组织过程与资源安排","体育管理研究档案：训练暴露、动作表现与疲劳状态；训练暴露、恢复阶段和任务表现；正式文本、执行条件与被排除的对象。需对照的具体条目：训练暴露、恢复阶段与测试熟悉","「体育管理」：在体育管理中，怎样核对训练暴露、恢复阶段与测试熟悉，分开“可迁移训练收益”与“熟悉或恢复差异”？ 文本已经改变，实际机会和执行是否也改变了？","true","false","","direction-owned-direction-case"
"sports-8","sports","sport","恢复记录与使用情境","运动康复研究档案：训练暴露、动作表现与疲劳状态；测试能力、生活活动与环境支持；训练暴露、恢复阶段和任务表现。需对照的具体条目：训练暴露、恢复阶段与测试熟悉","「运动康复」：在运动康复中，怎样核对训练暴露、恢复阶段与测试熟悉，分开“能力改善”与“环境或支持变化”？","true","false","rehab","direction-owned-direction-case"
"sports-9","sports","sport","表现口径与推断边界","运动数据分析研究档案：训练暴露、动作表现与疲劳状态；训练暴露、恢复阶段和任务表现。需对照的具体条目：训练暴露、恢复阶段与测试熟悉；来源划分、目标变量与评估基线；输入假设、测量或推导链与不确定性","「运动数据分析」：在运动数据分析中，怎样核对来源划分、目标变量与评估基线，分开“可迁移训练收益”与“熟悉或恢复差异”？","true","false","rehab","direction-owned-direction-case"
"psychology-4","psychology","psychology","发展阶段与观察条件","发展心理研究档案：任务反应、量表项目与构念定义；任务版本、构念定义和状态条件。需对照的具体条目：任务版本、状态条件与构念定义；发展阶段、任务适龄性与观察历程","「发展心理」：在发展心理中，怎样核对发展阶段、任务适龄性与观察历程，分开“构念相关变化”与“任务或状态变化”？","true","false","psychology","direction-owned-direction-case"
"psychology-5","psychology","education","学习过程与任务反馈","教育心理研究档案：教学任务、学生作答与撤去帮助后的新题；相关领域文献对“任务反应、量表项目与构念定义”的用语与记录方式；任务目标、辅助条件和延迟表现；任务版本、构念定义和状态条件。需对照的具体条目：任务版本、状态条件与构念定义","「教育心理」：在教育心理中，怎样核对任务版本、状态条件与构念定义，分开“独立学习改善”与“辅助或练习效应”？ 当场做对与真正能迁移，材料分别支持哪一个？","true","false","psychology","direction-owned-direction-case"
"psychology-6","psychology","psychology","构念解释与比较范围","人格与个体差异研究档案：任务反应、量表项目与构念定义；任务版本、构念定义和状态条件。需对照心理构念与行为任务中的定义、对象索引与适用条件","「人格与个体差异」：在人格与个体差异中，怎样核对任务反应、量表项目与构念定义，分开“构念相关变化”与“任务或状态变化”？","true","false","psychology","direction-owned-direction-case"
"psychology-7","psychology","psychology","生活情境与健康行为","健康心理研究档案：任务反应、量表项目与构念定义；任务版本、构念定义和状态条件。需对照的具体条目：任务版本、状态条件与构念定义；应对情境、心理负担与生活功能","「健康心理」：在健康心理中，怎样核对应对情境、心理负担与生活功能，分开“构念相关变化”与“任务或状态变化”？","true","false","psychology","direction-owned-direction-case"
"psychology-8","psychology","psychology","协作经验与工作条件","组织心理研究档案：任务反应、量表项目与构念定义；对象进入、角色关系和机会结构；任务版本、构念定义和状态条件；正式文本、执行条件与被排除的对象。需对照的具体条目：任务版本、状态条件与构念定义；角色分工、资源联系与实际协调","「组织心理」：在组织心理中，怎样核对任务版本、状态条件与构念定义，分开“行为或关系改变”与“进入机会或结构改变”？ 文本已经改变，实际机会和执行是否也改变了？","true","false","psychology","direction-owned-direction-case"
"psychology-9","psychology","psychology","来源追溯与推断前提","心理方法与开放实践研究档案：任务反应、量表项目与构念定义；任务版本、构念定义和状态条件。需对照的具体条目：任务版本、状态条件与构念定义；原始版本、偏离记录与失败尝试；输入要求、适用前提与方法失败条件","「心理方法与开放实践」：在心理方法与开放实践中，怎样核对原始版本、偏离记录与失败尝试，分开“构念相关变化”与“任务或状态变化”？","true","false","psychology","direction-owned-direction-case"
"languages-4","languages","language","语音记录与结构条件","语音与音系研究档案：语料实例、语言背景与交际任务；发音或语境片段、形式对照和说话者背景。需对照的具体条目：录音条件、最小对立与发音位置","「语音与音系」：在语音与音系中，怎样核对录音条件、最小对立与发音位置，分开“语言结构或用法差异”与“任务或语境差异”？","true","false","phonetics","direction-owned-direction-case"
"languages-5","languages","language","结构判断与材料范围","语法与句法研究档案：语料实例、语言背景与交际任务；发音或语境片段、形式对照和说话者背景。需对照的具体条目：最小句对、结构位置与可接受度背景","「语法与句法」：在语法与句法中，怎样核对最小句对、结构位置与可接受度背景，分开“语言结构或用法差异”与“任务或语境差异”？","true","false","syntax","direction-owned-direction-case"
"languages-6","languages","language","意义解释与交际情境","语义与语用研究档案：关键段落、话语位置和相反解释；相关领域文献对“语料实例、语言背景与交际任务”的用语与记录方式；发音或语境片段、形式对照和说话者背景。需对照的具体条目：表达形式、上下文与会话推论","「语义与语用」：在语义与语用中，怎样核对表达形式、上下文与会话推论，分开“语言结构或用法差异”与“任务或语境差异”？ 这段材料支持哪种解释，又抵触哪种解释？","true","false","","direction-owned-direction-case"
"languages-7","languages","language","语言使用与社会关系","社会语言学研究档案：语料实例、语言背景与交际任务；发音或语境片段、形式对照和说话者背景。需对照的具体条目：说话者位置、交往网络与语体选择","「社会语言学」：在社会语言学中，怎样核对说话者位置、交往网络与语体选择，分开“语言结构或用法差异”与“任务或语境差异”？","true","false","","direction-owned-direction-case"
"languages-8","languages","language","语言标注与模型边界","计算语言学研究档案：语料实例、语言背景与交际任务；发音或语境片段、形式对照和说话者背景。需对照的具体条目：语料来源、分词口径与语言覆盖","「计算语言学」：在计算语言学中，怎样核对语料来源、分词口径与语言覆盖，分开“语言结构或用法差异”与“任务或语境差异”？","true","false","","direction-owned-direction-case"
"languages-9","languages","translation","交际目的与解释差异","跨文化沟通研究档案：语料实例、语言背景与交际任务；原文版本、目的读者和译法取舍；各方定义、资料来源和桥接规则。需对照的具体条目：实践语境、符号用法与传承位置","「跨文化沟通」：在跨文化沟通中，怎样核对实践语境、符号用法与传承位置，分开“符合目的的译法”与“字面相似的译法”？ 名称相同是否真的意味着比较对象相同？","true","false","translation","direction-owned-direction-case"
"journalism-4","journalism","media","使用经验与抽样范围","受众研究研究档案：报道版本、传播路径与受众接触；生产记录、传播路径和接触机会。需对照的具体条目：接触机会、理解路径与未参与者","「受众研究」：在受众研究中，怎样核对接触机会、理解路径与未参与者，分开“传播过程改变”与“记录或受众构成变化”？","true","false","media","direction-owned-direction-case"
"journalism-5","journalism","media","推荐条件与信息路径","平台与算法传播研究档案：报道版本、传播路径与受众接触；生产记录、传播路径和接触机会。需对照的具体条目：信息入口、转述链与接触分母；推荐入口、排序条件与未曝光对象","「平台与算法传播」：在平台与算法传播中，怎样核对信息入口、转述链与接触分母，分开“传播过程改变”与“记录或受众构成变化”？","true","false","media","direction-owned-direction-case"
"journalism-6","journalism","media","健康信息与理解情境","健康传播研究档案：报道版本、传播路径与受众接触；生产记录、传播路径和接触机会。需对照的具体条目：信息入口、转述链与接触分母；健康信息出处、理解障碍与行为机会","「健康传播」：在健康传播中，怎样核对健康信息出处、理解障碍与行为机会，分开“传播过程改变”与“记录或受众构成变化”？","true","false","media","direction-owned-direction-case"
"journalism-7","journalism","media","议题流动与治理边界","公共与政治传播研究档案：报道版本、传播路径与受众接触；生产记录、传播路径和接触机会。需对照的具体条目：规则来源、执行条件与行动者立场；信息入口、转述链与接触分母","「公共与政治传播」：在公共与政治传播中，怎样核对规则来源、执行条件与行动者立场，分开“传播过程改变”与“记录或受众构成变化”？","true","false","media","direction-owned-direction-case"
"journalism-8","journalism","literature","表达结构与材料取舍","视觉与叙事传播研究档案：关键段落、话语位置和相反解释；相关领域文献对“报道版本、传播路径与受众接触”的用语与记录方式；叙述位置、文本片段和出版语境；生产记录、传播路径和接触机会。需对照的具体条目：叙述声音、关键片段与版本语境；信息入口、转述链与接触分母","「视觉与叙事传播」：在视觉与叙事传播中，怎样核对叙述声音、关键片段与版本语境，分开“文本支持的解释”与“人物声音的直接外推”？ 这段材料支持哪种解释，又抵触哪种解释？","true","false","media","direction-owned-direction-case"
"journalism-9","journalism","media","来源链与责任范围","新闻伦理与事实核查研究档案：行动者理由、利益负担与提出异议的记录；相关领域文献对“报道版本、传播路径与受众接触”的用语与记录方式；生产记录、传播路径和接触机会；受益负担、行动理由和申诉机会。需对照的具体条目：来源核实、采访位置与编辑取舍；行动理由、受益负担与申诉机会","「新闻伦理与事实核查」：在新闻伦理与事实核查中，怎样核对来源核实、采访位置与编辑取舍，分开“传播过程改变”与“记录或受众构成变化”？ 谁承担了负担，现有理由怎样回应他的异议？","true","false","media","direction-owned-direction-case"
"history-4","history","history","年代判断与史料语境","纪年史料、制度文书与后世注释","「古代史」：一段记载很晚，为什么既不能照单全收也不能直接弃用？","true","false","archives","direction-owned-concept"
"history-5","history","history","制度变化与材料出处","近现代史研究档案：同时代记载与后期整理本的年代对照；相关领域文献对“同期文书、后出叙事与形成时间”的用语与记录方式；年代、出处和同时代对照；同时代资料、后期整理和出处链。需对照的具体条目：时期划分、制度变化与同时代用语","「近现代史」：在近现代史中，怎样核对时期划分、制度变化与同时代用语，分开“当时制度或实践”与“后来的回忆或分类”？ 哪一层叙述来自当时，哪一层来自后来的整理？","true","false","archives","direction-owned-direction-case"
"history-6","history","history","跨区域材料的可比性","世界与全球史研究档案：同时代记载与后期整理本的年代对照；相关领域文献对“同期文书、后出叙事与形成时间”的用语与记录方式；年代、出处和同时代对照；同时代资料、后期整理和出处链。需对照的具体条目：跨区域联结、地方时序与资料语言","「世界与全球史」：在世界与全球史中，怎样核对跨区域联结、地方时序与资料语言，分开“当时制度或实践”与“后来的回忆或分类”？ 哪一层叙述来自当时，哪一层来自后来的整理？","true","false","archives","direction-owned-direction-case"
"history-7","history","history","资源记录与制度条件","经济史研究档案：同时代记载与后期整理本的年代对照；相关领域文献对“同期文书、后出叙事与形成时间”的用语与记录方式；年代、出处和同时代对照；同时代资料、后期整理和出处链。需对照的具体条目：价格单位、账册口径与时代购买条件","「经济史」：在经济史中，怎样核对价格单位、账册口径与时代购买条件，分开“当时制度或实践”与“后来的回忆或分类”？ 哪一层叙述来自当时，哪一层来自后来的整理？","true","false","archives","direction-owned-direction-case"
"history-8","history","history","技术实践与解释语言","科技史研究档案：同时代记载与后期整理本的年代对照；相关领域文献对“同期文书、后出叙事与形成时间”的用语与记录方式；年代、出处和同时代对照；同时代资料、后期整理和出处链。需对照的具体条目：仪器记录、研究制度与知识传播","「科技史」：在科技史中，怎样核对仪器记录、研究制度与知识传播，分开“当时制度或实践”与“后来的回忆或分类”？ 哪一层叙述来自当时，哪一层来自后来的整理？","true","false","archives","direction-owned-direction-case"
"history-9","history","history","叙述关系与展示边界","访谈录音、访谈提纲与同事回忆对照","「口述与公众史」：两位受访者记忆不同，除了判谁对还能研究什么？","true","false","archives","direction-owned-concept"
"earth-4","earth","ecology","流域范围与资源记录","水文与水资源研究档案：站点观测、地层关系与时间尺度；水量边界、输入输出和时间尺度；计量单位、时间窗口和未计入的投入。需对照的具体条目：水位基准、补给条件与收支范围","「水文与水资源」：在水文与水资源中，怎样核对水位基准、补给条件与收支范围，分开“实际收支变化”与“稀释或观测时段差异”？ 看起来更划算，是效率提高还是少算了投入？","true","false","","direction-owned-direction-case"
"earth-5","earth","ecology","观测尺度与系统条件","海洋科学研究档案：站点观测、地层关系与时间尺度；水体层次、季节窗口和观测覆盖。需对照的具体条目：水层位置、季节与水团背景","「海洋科学」：在海洋科学中，怎样核对水层位置、季节与水团背景，分开“生态或物理变化”与“层位或季节变化”？","true","false","","direction-owned-direction-case"
"earth-6","earth","remote-sensing","信号来源与地面比较","遥感与地球观测研究档案：站点观测、地层关系与时间尺度；坐标基准、空间支持和分类边界；参考依据、重复读数和误差分项。需对照的具体条目：地面参照、像元支持与反演条件","「遥感与地球观测」：在遥感与地球观测中，怎样核对地面参照、像元支持与反演条件，分开“空间过程变化”与“基准或聚合差异”？ 读数差异来自被测对象，还是测量链的变化？","true","false","","direction-owned-direction-case"
"earth-7","earth","chemistry","材料记录与过程解释","地球化学研究档案：站点观测、地层关系与时间尺度；物种指认、平衡条件和测量信号。需对照地球过程与空间时间尺度中的定义、对象索引与适用条件","「地球化学」：在地球化学中，怎样核对站点观测、地层关系与时间尺度，分开“真实组成差异”与“指认或响应差异”？","true","false","","direction-owned-direction-case"
"earth-8","earth","software","模型接口与尺度变化","地球系统建模研究档案：站点观测、地层关系与时间尺度；模型边界、参数来源和验证情境；系统边界、反馈连接和尺度转换；参数出处、边界条件和独立检验情境。需对照地球过程与空间时间尺度中的定义、对象索引与适用条件","「地球系统建模」：在地球系统建模中，怎样核对站点观测、地层关系与时间尺度，分开“机制解释改善”与“校准对验证的依赖”？ 拟合得好来自可解释结构，还是条件和参数更宽松？","true","false","","direction-owned-direction-case"
"earth-9","earth","ecology","观测条件与行动边界","地质灾害与风险研究档案：站点观测、地层关系与时间尺度；空间位置、形成序列和多解解释。需对照的具体条目：危险条件、暴露对象与实际脆弱性","「地质灾害与风险」：在地质灾害与风险中，怎样核对危险条件、暴露对象与实际脆弱性，分开“结构过程差异”与“观测覆盖或模型约束差异”？","true","false","","direction-owned-direction-case"
"environment-4","environment","ecology","对象范围与保护情境","保护生物学研究档案：生物群落、环境暴露与空间覆盖；种群数量、群落组成和观测努力；细胞组成、功能层次和独立来源。需对照生态过程与环境压力中的定义、对象索引与适用条件","「保护生物学」：在保护生物学中，怎样核对生物群落、环境暴露与空间覆盖，分开“实际种群变化”与“检出机会变化”？","true","false","ecology","direction-owned-direction-case"
"environment-5","environment","ecology","来源口径与测量条件","环境监测研究档案：生物群落、环境暴露与空间覆盖；来源、迁移途径和受影响对象；参考依据、重复读数和误差分项。需对照生态过程与环境压力中的定义、对象索引与适用条件","「环境监测」：在环境监测中，怎样核对生物群落、环境暴露与空间覆盖，分开“来源或过程变化”与“迁移或对象变化”？ 读数差异来自被测对象，还是测量链的变化？","true","false","","direction-owned-direction-case"
"environment-6","environment","ecology","空间联系与系统边界","水与流域生态研究档案：生物群落、环境暴露与空间覆盖；水量边界、输入输出和时间尺度；种群数量、群落组成和观测努力。需对照生态过程与环境压力中的定义、对象索引与适用条件","「水与流域生态」：在水与流域生态中，怎样核对生物群落、环境暴露与空间覆盖，分开“实际收支变化”与“稀释或观测时段差异”？","true","false","ecology","direction-owned-direction-case"
"environment-7","environment","ecology","时间过程与比较基线","恢复生态研究档案：生物群落、环境暴露与空间覆盖；种群数量、群落组成和观测努力；来源、迁移途径和受影响对象。需对照生态过程与环境压力中的定义、对象索引与适用条件","「恢复生态」：在恢复生态中，怎样核对生物群落、环境暴露与空间覆盖，分开“实际种群变化”与“检出机会变化”？","true","false","ecology","direction-owned-direction-case"
"environment-8","environment","ecology","空间资源与使用反馈","城市环境研究档案：生物群落、环境暴露与空间覆盖；来源、迁移途径和受影响对象；地理单元、时期边界和地方制度。需对照的具体条目：进入机会、空间路径与地方制度","「城市环境」：在城市环境中，怎样核对进入机会、空间路径与地方制度，分开“来源或过程变化”与“迁移或对象变化”？","true","false","","direction-owned-direction-case"
"environment-9","environment","ecology","目标冲突与执行余量","可持续与资源研究研究档案：生物群落、环境暴露与空间覆盖；来源、迁移途径和受影响对象；计量单位、时间窗口和未计入的投入。需对照的具体条目：评价边界、资源投入与负担转移","「可持续与资源研究」：在可持续与资源研究中，怎样核对评价边界、资源投入与负担转移，分开“来源或过程变化”与“迁移或对象变化”？ 看起来更划算，是效率提高还是少算了投入？","true","false","","direction-owned-direction-case"
"electrical-4","electrical","electronics","器件条件与测量记录","微电子与器件研究档案：电路响应、信号频谱与器件工作状态；器件模型、工作点和时序功耗。需对照的具体条目：器件尺度、工作点与寄生效应","「微电子与器件」：在微电子与器件中，怎样核对器件尺度、工作点与寄生效应，分开“系统实现改善”与“工作点或模型差异”？","true","false","circuits","direction-owned-direction-case"
"electrical-5","electrical","software","输入边界与运行反馈","电路与系统研究档案：电路响应、信号频谱与器件工作状态；器件模型、工作点和时序功耗；系统边界、反馈连接和尺度转换。需对照的具体条目：工作点、时序约束与功耗分项","「电路与系统」：在电路与系统中，怎样核对工作点、时序约束与功耗分项，分开“系统实现改善”与“工作点或模型差异”？","true","false","circuits","direction-owned-direction-case"
"electrical-6","electrical","software","资源限制与故障条件","嵌入式系统研究档案：电路响应、信号频谱与器件工作状态；版本锁定、输入契约和故障复现；系统边界、反馈连接和尺度转换。需对照电子信号与器件系统中的定义、对象索引与适用条件","「嵌入式系统」：在嵌入式系统中，怎样核对电路响应、信号频谱与器件工作状态，分开“代码行为变化”与“运行环境变化”？","true","false","circuits","direction-owned-direction-case"
"electrical-7","electrical","electronics","传播条件与空间边界","电磁与天线研究档案：电路响应、信号频谱与器件工作状态；器件模型、工作点和时序功耗。需对照的具体条目：场分布、辐射或耦合条件与环境","「电磁与天线」：在电磁与天线中，怎样核对场分布、辐射或耦合条件与环境，分开“系统实现改善”与“工作点或模型差异”？","true","false","circuits","direction-owned-direction-case"
"electrical-8","electrical","electronics","信号转换与背景解释","光电信息研究档案：电路响应、信号频谱与器件工作状态；光路、光谱响应和探测器背景；版本规则、对象索引和使用任务。需对照电子信号与器件系统中的定义、对象索引与适用条件","「光电信息」：在光电信息中，怎样核对电路响应、信号频谱与器件工作状态，分开“入射场改变”与“探测器响应改变”？","true","false","circuits","direction-owned-direction-case"
"electrical-9","electrical","software","重复运行与故障来源","电子系统可靠性研究档案：电路响应、信号频谱与器件工作状态；失效定义、暴露时长和退出原因；系统边界、反馈连接和尺度转换；版本变更、异常记录和失败复核。需对照电子信号与器件系统中的定义、对象索引与适用条件","「电子系统可靠性」：在电子系统可靠性中，怎样核对电路响应、信号频谱与器件工作状态，分开“可靠性提高”与“使用减少或漏报”？ 所谓更可靠，是失败更少，还是失败更少被记下来？","true","false","circuits","direction-owned-direction-case"
"mechanical-4","mechanical","mechanical","响应记录与模型假设","动力与振动研究档案：载荷历史、构件变形与运动轨迹；初值集合、时间轨迹和稳定性定义；载荷谱、变形状态和失效口径。需对照载荷、运动与构件中的定义、对象索引与适用条件","「动力与振动」：在动力与振动中，怎样核对载荷历史、构件变形与运动轨迹，分开“局部轨迹性质”与“未覆盖的初值行为”？","true","false","structures","direction-owned-direction-case"
"mechanical-5","mechanical","mechanical","误差预算与测量条件","精密机械研究档案：载荷历史、构件变形与运动轨迹；荷载条件、空间连接和服役环境。需对照的具体条目：载荷路径、连接间隙与服役状态","「精密机械」：在精密机械中，怎样核对载荷路径、连接间隙与服役状态，分开“整体承载或功能改善”与“载荷或服务环境改变”？","true","false","","direction-owned-direction-case"
"mechanical-6","mechanical","mechanical","工况变化与过程边界","流体机械研究档案：载荷历史、构件变形与运动轨迹；边界条件、守恒项和流动尺度。需对照的具体条目：载荷路径、连接间隙与服役状态","「流体机械」：在流体机械中，怎样核对载荷路径、连接间隙与服役状态，分开“动力过程差异”与“尺度或边界差异”？","true","false","","direction-owned-direction-case"
"mechanical-7","mechanical","mechanical","接口条件与反馈记录","机电系统研究档案：载荷历史、构件变形与运动轨迹；输入扰动、反馈状态和响应轨迹；系统边界、反馈连接和尺度转换。需对照载荷、运动与构件中的定义、对象索引与适用条件","「机电系统」：在机电系统中，怎样核对载荷历史、构件变形与运动轨迹，分开“控制响应改善”与“测试工况更容易”？","true","false","control","direction-owned-direction-case"
"mechanical-8","mechanical","mechanical","资料流转与生产约束","数字制造研究档案：载荷历史、构件变形与运动轨迹；批次、过程窗口和成品质量分布；版本规则、对象索引和使用任务。需对照的具体条目：编码规则、平台入口与不可见记录","「数字制造」：在数字制造中，怎样核对编码规则、平台入口与不可见记录，分开“过程能力改善”与“批次构成改变”？","true","false","","direction-owned-direction-case"
"mechanical-9","mechanical","mechanical","操作任务与使用反馈","人因与工程使用研究档案：载荷历史、构件变形与运动轨迹；任务完成、错误恢复和辅助条件。需对照载荷、运动与构件中的定义、对象索引与适用条件","「人因与工程使用」：在人因与工程使用中，怎样核对载荷历史、构件变形与运动轨迹，分开“交互设计改善”与“辅助或用户组成变化”？","true","false","","direction-owned-direction-case"
"civil-4","civil","mechanical","材料条件与空间结构","岩土工程研究档案：荷载路径、场地条件与设施使用；荷载条件、空间连接和服役环境。需对照的具体条目：土层、应力状态与排水条件","「岩土工程」：在岩土工程中，怎样核对土层、应力状态与排水条件，分开“整体承载或功能改善”与“载荷或服务环境改变”？","true","false","structures","direction-owned-direction-case"
"civil-5","civil","ecology","流域范围与运行条件","水利与水环境研究档案：荷载路径、场地条件与设施使用；来源、迁移途径和受影响对象；物理边界、观测响应和过程量。需对照结构、场地与城市设施中的定义、对象索引与适用条件","「水利与水环境」：在水利与水环境中，怎样核对荷载路径、场地条件与设施使用，分开“来源或过程变化”与“迁移或对象变化”？","true","false","","direction-owned-direction-case"
"civil-6","civil","mechanical","服务过程与资源安排","市政与基础设施研究档案：荷载路径、场地条件与设施使用；荷载条件、空间连接和服役环境。需对照的具体条目：基础设施服务、维护记录与覆盖人口","「市政与基础设施」：在市政与基础设施中，怎样核对基础设施服务、维护记录与覆盖人口，分开“整体承载或功能改善”与“载荷或服务环境改变”？","true","false","","direction-owned-direction-case"
"civil-7","civil","mechanical","协作流程与约束变化","工程管理研究档案：荷载路径、场地条件与设施使用；责任边界、使用条件和资源约束；正式文本、执行条件与被排除的对象。需对照结构、场地与城市设施中的定义、对象索引与适用条件","「工程管理」：在工程管理中，怎样核对荷载路径、场地条件与设施使用，分开“运行能力改善”与“声明或评价口径改变”？ 文本已经改变，实际机会和执行是否也改变了？","true","false","","direction-owned-direction-case"
"civil-8","civil","math","出行单位与网络边界","城市交通分析研究档案：荷载路径、场地条件与设施使用；出行链、等待时间和可达机会。需对照的具体条目：完整出行链、等待与目的地机会；进入机会、空间路径与地方制度；输入假设、测量或推导链与不确定性","「城市交通分析」：在城市交通分析中，怎样核对完整出行链、等待与目的地机会，分开“真实可达机会增加”与“样本路线改变”？","true","false","","direction-owned-direction-case"
"civil-9","civil","mechanical","系统余量与使用情境","灾害与韧性研究档案：荷载路径、场地条件与设施使用；载荷谱、变形状态和失效口径。需对照的具体条目：危险条件、暴露对象与实际脆弱性","「灾害与韧性」：在灾害与韧性中，怎样核对危险条件、暴露对象与实际脆弱性，分开“承载机制差异”与“载荷历程差异”？","true","false","","direction-owned-direction-case"
"energy-4","energy","software","系统边界与近似条件","能源系统建模研究档案：能量收支、转换效率与负荷时间；能量边界、时间负荷和系统服务；模型边界、参数来源和验证情境；参数出处、边界条件和独立检验情境。需对照能量转换与系统边界中的定义、对象索引与适用条件","「能源系统建模」：在能源系统建模中，怎样核对能量收支、转换效率与负荷时间，分开“同一服务下节省”与“需求或边界改变”？ 拟合得好来自可解释结构，还是条件和参数更宽松？","true","false","energy","direction-owned-direction-case"
"energy-5","energy","mechanical","工况变化与效率口径","新能源与转换研究档案：能量收支、转换效率与负荷时间；能量边界、时间负荷和系统服务；计量单位、时间窗口和未计入的投入。需对照的具体条目：转换条件、间歇性与系统接入","「新能源与转换」：在新能源与转换中，怎样核对转换条件、间歇性与系统接入，分开“同一服务下节省”与“需求或边界改变”？ 看起来更划算，是效率提高还是少算了投入？","true","false","energy","direction-owned-direction-case"
"energy-6","energy","mechanical","空间使用与负荷记录","建筑能源研究档案：能量收支、转换效率与负荷时间；能量边界、时间负荷和系统服务；空间使用、环境条件和使用者路径；计量单位、时间窗口和未计入的投入。需对照的具体条目：空间使用、热环境与使用者路径","「建筑能源」：在建筑能源中，怎样核对空间使用、热环境与使用者路径，分开“同一服务下节省”与“需求或边界改变”？ 看起来更划算，是效率提高还是少算了投入？","true","false","energy","direction-owned-direction-case"
"energy-7","energy","optimization","时间约束与资源余量","能源调度研究档案：能量收支、转换效率与负荷时间；可行域、目标权重和约束松弛；能量边界、时间负荷和系统服务；计量单位、时间窗口和未计入的投入。需对照能量转换与系统边界中的定义、对象索引与适用条件","「能源调度」：在能源调度中，怎样核对能量收支、转换效率与负荷时间，分开“同一约束下的改进”与“放松约束造成的收益”？ 看起来更划算，是效率提高还是少算了投入？","true","false","energy","direction-owned-direction-case"
"energy-8","energy","mechanical","资源比较与制度情境","能源经济研究档案：能量收支、转换效率与负荷时间；能量边界、时间负荷和系统服务；计量单位、时间窗口和未计入的投入。需对照的具体条目：能源价格、需求反应与成本归属","「能源经济」：在能源经济中，怎样核对能源价格、需求反应与成本归属，分开“同一服务下节省”与“需求或边界改变”？ 看起来更划算，是效率提高还是少算了投入？","true","false","energy","direction-owned-direction-case"
"energy-9","energy","mechanical","评价边界与资料来源","低碳与全周期评价研究档案：能量收支、转换效率与负荷时间；基准时期、空间范围和异常序列；来源、迁移途径和受影响对象；时间戳、状态阶段和变化前后的并列记录。需对照能量转换与系统边界中的定义、对象索引与适用条件","「低碳与全周期评价」：在低碳与全周期评价中，怎样核对能量收支、转换效率与负荷时间，分开“持续气候信号”与“短期变率或基准差异”？ 变化先后关系是否与提出的解释相符？","true","false","energy","direction-owned-direction-case"
"aerospace-4","aerospace","mechanical","流动模型与工况边界","空气动力学研究档案：公开载荷模型、轨迹条件与环境假设；初值集合、时间轨迹和稳定性定义；边界条件、守恒项和流动尺度。需对照的具体条目：来流条件、气动载荷与尺度相似","「空气动力学」：在空气动力学中，怎样核对来流条件、气动载荷与尺度相似，分开“局部轨迹性质”与“未覆盖的初值行为”？","true","false","","direction-owned-direction-case"
"aerospace-5","aerospace","mechanical","材料取舍与约束条件","结构与轻量化研究档案：公开载荷模型、轨迹条件与环境假设；荷载条件、空间连接和服役环境。需对照飞行环境与任务约束中的定义、对象索引与适用条件","「结构与轻量化」：在结构与轻量化中，怎样核对公开载荷模型、轨迹条件与环境假设，分开“整体承载或功能改善”与“载荷或服务环境改变”？","true","false","","direction-owned-direction-case"
"aerospace-6","aerospace","mechanical","能量边界与运行反馈","推进与动力研究档案：公开载荷模型、轨迹条件与环境假设；初值集合、时间轨迹和稳定性定义；边界条件、守恒项和流动尺度。需对照的具体条目：推进状态、能量输入与有效输出","「推进与动力」：在推进与动力中，怎样核对推进状态、能量输入与有效输出，分开“局部轨迹性质”与“未覆盖的初值行为”？","true","false","","direction-owned-direction-case"
"aerospace-7","aerospace","electronics","信息接口与信号记录","航空电子研究档案：公开载荷模型、轨迹条件与环境假设；出行链、等待时间和可达机会。需对照飞行环境与任务约束中的定义、对象索引与适用条件","「航空电子」：在航空电子中，怎样核对公开载荷模型、轨迹条件与环境假设，分开“真实可达机会增加”与“样本路线改变”？","true","false","","direction-owned-direction-case"
"aerospace-8","aerospace","mechanical","时间窗口与资源约束","任务规划研究档案：公开载荷模型、轨迹条件与环境假设；可行域、目标权重和约束松弛。需对照飞行环境与任务约束中的定义、对象索引与适用条件","「任务规划」：在任务规划中，怎样核对公开载荷模型、轨迹条件与环境假设，分开“同一约束下的改进”与“放松约束造成的收益”？","true","false","","direction-owned-direction-case"
"aerospace-9","aerospace","physics","观测资料与环境变化","空间环境研究档案：公开载荷模型、轨迹条件与环境假设；来源、迁移途径和受影响对象；坐标基准、空间单元和不同尺度的对照。需对照飞行环境与任务约束中的定义、对象索引与适用条件","「空间环境」：在空间环境中，怎样核对公开载荷模型、轨迹条件与环境假设，分开“来源或过程变化”与“迁移或对象变化”？ 换了空间单元以后，原来的关系是否还成立？","true","false","","direction-owned-direction-case"
"agriculture-4","agriculture","crop-breeding","对象差异与比较条件","作物遗传与育种研究档案：物候阶段、田块条件与收获记录；参考版本、来源关系与变异表型对应；品种、环境和生育阶段记录；不同层次的读数、背景条件和相反趋势。需对照的具体条目：种质来源、品种、田块位置与生育阶段","「作物遗传与育种」：在作物遗传与育种中，怎样核对种质来源、品种、田块位置与生育阶段，分开“遗传相关信号”与“来源结构或环境差异”？ 各层次读数是否在回答同一个问题？","true","false","breeding","direction-owned-direction-case"
"agriculture-5","agriculture","protection","对象记录与环境联系","植物保护研究档案：物候阶段、田块条件与收获记录；种群数量、群落组成和观测努力。需对照作物、土壤与生产环境中的定义、对象索引与适用条件","「植物保护」：在植物保护中，怎样核对物候阶段、田块条件与收获记录，分开“实际种群变化”与“检出机会变化”？","true","false","","direction-owned-direction-case"
"agriculture-6","agriculture","crop","生长阶段与使用情境","园艺研究档案：物候阶段、田块条件与收获记录；品种、环境和生育阶段记录。需对照的具体条目：成熟阶段、品种差异与采后环境","「园艺」：在园艺中，怎样核对成熟阶段、品种差异与采后环境，分开“品种或管理效应”与“环境与阶段效应”？","true","false","","direction-owned-direction-case"
"agriculture-7","agriculture","mechanical","系统约束与作业条件","农业工程研究档案：物候阶段、田块条件与收获记录；生产或服务记录、来源索引和版本条件。需对照作物、土壤与生产环境中的定义、对象索引与适用条件","「农业工程」：在农业工程中，怎样核对物候阶段、田块条件与收获记录，分开“实际活动变化”与“记录密度或版本变化”？","true","false","","direction-owned-direction-case"
"agriculture-8","agriculture","economics","资源配置与制度范围","农业经济研究档案：物候阶段、田块条件与收获记录；生产或服务记录、来源索引和版本条件；计量单位、时间窗口和未计入的投入。需对照的具体条目：季节约束、农户选择与市场入口","「农业经济」：在农业经济中，怎样核对季节约束、农户选择与市场入口，分开“实际活动变化”与“记录密度或版本变化”？ 看起来更划算，是效率提高还是少算了投入？","true","false","","direction-owned-direction-case"
"agriculture-9","agriculture","ecology","空间记录与长期安排","森林经营研究档案：物候阶段、田块条件与收获记录；种群数量、群落组成和观测努力。需对照的具体条目：林分阶段、更新个体与调查覆盖；经营目标、林分结构与投入历程","「森林经营」：在森林经营中，怎样核对经营目标、林分结构与投入历程，分开“实际种群变化”与“检出机会变化”？","true","false","forest","direction-owned-direction-case"
"veterinary-4","veterinary","animal-science","记录条件与健康比较","动物营养研究档案：动物个体、饲养群组与健康历程；组成、摄入及整体模式的分别记录；种群数量、群落组成和观测努力；计量单位、时间窗口和未计入的投入。需对照动物健康与饲养环境中的定义、对象索引与适用条件","「动物营养」：在动物营养中，怎样核对动物个体、饲养群组与健康历程，分开“摄入或组成变化”与“总模式与报告差异”？ 看起来更划算，是效率提高还是少算了投入？","true","false","animals","direction-owned-direction-case"
"veterinary-5","veterinary","animal-science","群体单位与比较范围","群体动物健康研究档案：动物个体、饲养群组与健康历程；种群数量、群落组成和观测努力；个体状态、群体管理和可观察行为。需对照动物健康与饲养环境中的定义、对象索引与适用条件","「群体动物健康」：在群体动物健康中，怎样核对动物个体、饲养群组与健康历程，分开“实际种群变化”与“检出机会变化”？","true","false","animals","direction-owned-direction-case"
"veterinary-6","veterinary","vet","图像来源与对象边界","兽医影像研究档案：动物个体、饲养群组与健康历程；个体状态、群体管理和可观察行为。需对照的具体条目：动物个体索引、群体管理与物种边界；来源索引、采集条件与判读分歧","「兽医影像」：在兽医影像中，怎样核对动物个体索引、群体管理与物种边界，分开“个体状态改善”与“管理或观察机会变化”？","true","false","animals","direction-owned-direction-case"
"veterinary-7","veterinary","animal-science","差异来源与解释条件","动物遗传研究档案：动物个体、饲养群组与健康历程；参考版本、来源关系与变异表型对应；种群数量、群落组成和观测努力；不同层次的读数、背景条件和相反趋势。需对照动物健康与饲养环境中的定义、对象索引与适用条件","「动物遗传」：在动物遗传中，怎样核对动物个体、饲养群组与健康历程，分开“遗传相关信号”与“来源结构或环境差异”？ 各层次读数是否在回答同一个问题？","true","false","animals","direction-owned-direction-case"
"veterinary-8","veterinary","vet","照护经验与环境情境","人兽共处研究研究档案：动物个体、饲养群组与健康历程；个体状态、群体管理和可观察行为。需对照的具体条目：动物个体索引、群体管理与物种边界；人兽接触情境、生活空间与报告机会","「人兽共处研究」：在人兽共处研究中，怎样核对人兽接触情境、生活空间与报告机会，分开“个体状态改善”与“管理或观察机会变化”？","true","false","animals","direction-owned-direction-case"
"veterinary-9","veterinary","vet","群体记录与执行边界","兽医公共卫生研究档案：动物个体、饲养群组与健康历程；个体状态、群体管理和可观察行为。需对照的具体条目：动物个体索引、群体管理与物种边界；动物群体、人类群体与监测范围的分别记录","「兽医公共卫生」：在兽医公共卫生中，怎样核对动物群体、人类群体与监测范围的分别记录，分开“个体状态改善”与“管理或观察机会变化”？","true","false","animals","direction-owned-direction-case"
"food-4","food","food","过程条件与批次差异","食品加工与过程研究档案：成分、加工变化与感官或膳食记录；组成、摄入及整体模式的分别记录；成分、实际摄入和感官任务条件；时间戳、状态阶段和变化前后的并列记录。需对照的具体条目：批次组成、储存条件与感官任务","「食品加工与过程」：在食品加工与过程中，怎样核对批次组成、储存条件与感官任务，分开“摄入或组成变化”与“总模式与报告差异”？ 变化先后关系是否与提出的解释相符？","true","false","","direction-owned-direction-case"
"food-5","food","food","测量来源与评价口径","食品分析研究档案：成分、加工变化与感官或膳食记录；组成、摄入及整体模式的分别记录；成分、实际摄入和感官任务条件。需对照的具体条目：批次组成、储存条件与感官任务；输入假设、测量或推导链与不确定性","「食品分析」：在食品分析中，怎样核对批次组成、储存条件与感官任务，分开“摄入或组成变化”与“总模式与报告差异”？","true","false","","direction-owned-direction-case"
"food-6","food","food","体验条件与对象差异","食品感官研究研究档案：成分、加工变化与感官或膳食记录；组成、摄入及整体模式的分别记录；成分、实际摄入和感官任务条件。需对照的具体条目：批次组成、储存条件与感官任务；刺激条件、评价者背景与任务顺序","「食品感官研究」：在食品感官研究中，怎样核对批次组成、储存条件与感官任务，分开“摄入或组成变化”与“总模式与报告差异”？","true","false","","direction-owned-direction-case"
"food-7","food","food","来源追溯与资源安排","食品供应链研究档案：成分、加工变化与感官或膳食记录；组成、摄入及整体模式的分别记录；节点口径、边含义和缺失连接。需对照的具体条目：批次组成、储存条件与感官任务；交付节点、库存位置与需求传递","「食品供应链」：在食品供应链中，怎样核对交付节点、库存位置与需求传递，分开“摄入或组成变化”与“总模式与报告差异”？","true","false","","direction-owned-direction-case"
"food-8","food","food","饮食经验与生活情境","膳食与行为研究档案：成分、加工变化与感官或膳食记录；组成、摄入及整体模式的分别记录；成分、实际摄入和感官任务条件。需对照食品性质与食用情境中的定义、对象索引与适用条件","「膳食与行为」：在膳食与行为中，怎样核对成分、加工变化与感官或膳食记录，分开“摄入或组成变化”与“总模式与报告差异”？","true","false","","direction-owned-direction-case"
"food-9","food","food","群体目标与执行余量","营养政策研究档案：成分、加工变化与感官或膳食记录；组成、摄入及整体模式的分别记录；成分、实际摄入和感官任务条件；正式文本、执行条件与被排除的对象。需对照的具体条目：文本目标、执行资源与受影响范围","「营养政策」：在营养政策中，怎样核对文本目标、执行资源与受影响范围，分开“摄入或组成变化”与“总模式与报告差异”？ 文本已经改变，实际机会和执行是否也改变了？","true","false","","direction-owned-direction-case"
"pharmacy-4","pharmacy","pharma","释放、稳定性与可达暴露","制剂性质、释放资料和暴露信息","「药剂学与递送研究」：释放差异是否真的改变了可达暴露？","true","true","","direction-owned-case"
"pharmacy-5","pharmacy","pharma","成分来源、混合物与作用归属","来源批次、成分谱与功能资料","「天然产物研究」：批次反应差异是否随成分组成改变？","true","true","","direction-owned-case"
"pharmacy-6","pharmacy","pharma","计算假设与作用证据","模型输入、评分基线与独立验证资料","「计算药学」：预测结果相对简单基线增加了什么？","true","true","","direction-owned-case"
"pharmacy-7","pharmacy","pharma","安全信号与风险评价","暴露人群、事件定义与报告来源","「药物安全性研究」：报告差异是否来自暴露和报告方式的差别？","true","true","","direction-owned-case"
"pharmacy-8","pharmacy","pharma","价值比较、视角与不确定性","成本口径、效用来源与时间范围","「药物经济学」：这个结论针对谁的成本和什么比较方案？","true","true","","direction-owned-case"
"pharmacy-9","pharmacy","pharma","药物沟通、执行与患者体验","沟通记录、理解程度与实际执行资料","「药学服务」：服务在哪一步改善了理解或实际执行？","true","true","","direction-owned-case"
"nursing-4","nursing","nursing","生活经验与长期记录","慢病照护研究档案：照护过程、交接记录与患者自述；计划、实施与患者本人或代理报告。需对照的具体条目：实施时间线、交接信息与本人报告；持续暴露、多病共存与长期观察","「慢病照护」：在慢病照护中，怎样核对实施时间线、交接信息与本人报告，分开“照护实际改变”与“登记或报告者差异”？","true","false","nursing","direction-owned-direction-case"
"nursing-5","nursing","nursing","个体需要与支持余量","老年护理研究档案：照护过程、交接记录与患者自述；功能储备、年龄及照护需要；计划、实施与患者本人或代理报告。需对照的具体条目：实施时间线、交接信息与本人报告","「老年护理」：在老年护理中，怎样核对实施时间线、交接信息与本人报告，分开“功能储备差异”与“年龄标签或照护背景”？","true","false","nursing","direction-owned-direction-case"
"nursing-6","nursing","nursing","体验记录与照护边界","心理与精神护理研究档案：照护过程、交接记录与患者自述；计划、实施与患者本人或代理报告；任务版本、构念定义和状态条件。需对照的具体条目：实施时间线、交接信息与本人报告；任务版本、状态条件与构念定义","「心理与精神护理」：在心理与精神护理中，怎样核对实施时间线、交接信息与本人报告，分开“照护实际改变”与“登记或报告者差异”？","true","false","nursing","direction-owned-direction-case"
"nursing-7","nursing","nursing","人员安排与资源条件","护理管理研究档案：照护过程、交接记录与患者自述；计划、实施与患者本人或代理报告；正式文本、执行条件与被排除的对象。需对照的具体条目：实施时间线、交接信息与本人报告","「护理管理」：在护理管理中，怎样核对实施时间线、交接信息与本人报告，分开“照护实际改变”与“登记或报告者差异”？ 文本已经改变，实际机会和执行是否也改变了？","true","false","nursing","direction-owned-direction-case"
"nursing-8","nursing","nursing","记录结构与资料流转","护理信息研究档案：照护过程、交接记录与患者自述；计划、实施与患者本人或代理报告；版本规则、对象索引和使用任务。需对照的具体条目：实施时间线、交接信息与本人报告","「护理信息」：在护理信息中，怎样核对实施时间线、交接信息与本人报告，分开“照护实际改变”与“登记或报告者差异”？","true","false","nursing","direction-owned-direction-case"
"nursing-9","nursing","nursing","评价口径与比较边界","护理质量与评价研究档案：照护过程、交接记录与患者自述；计划、实施与患者本人或代理报告；版本变更、异常记录和失败复核。需对照的具体条目：实施时间线、交接信息与本人报告","「护理质量与评价」：在护理质量与评价中，怎样核对实施时间线、交接信息与本人报告，分开“照护实际改变”与“登记或报告者差异”？ 所谓更可靠，是失败更少，还是失败更少被记下来？","true","false","nursing","direction-owned-direction-case"
"management-4","management","organization","目标冲突与组织条件","战略管理研究档案：分工流程、资源使用与绩效口径；决策责任、执行资源和反馈循环；正式文本、执行条件与被排除的对象。需对照的具体条目：公开目标、行动约束与其他参与者解释","「战略管理」：在战略管理中，怎样核对公开目标、行动约束与其他参与者解释，分开“执行机制改变”与“目标或报告口径改变”？ 文本已经改变，实际机会和执行是否也改变了？","true","false","organization","direction-owned-direction-case"
"management-5","management","accounting","受众经验与比较设计","市场营销研究档案：分工流程、资源使用与绩效口径；选择集合、机会成本和价格条件。需对照的具体条目：接触渠道、选择机会与购买条件","「市场营销」：在市场营销中，怎样核对接触渠道、选择机会与购买条件，分开“激励或偏好变化”与“约束或可得方案变化”？","true","false","","direction-owned-direction-case"
"management-6","management","organization","工作体验与学习安排","人力与组织发展研究档案：分工流程、资源使用与绩效口径；对象进入、角色关系和机会结构；决策责任、执行资源和反馈循环；正式文本、执行条件与被排除的对象。需对照的具体条目：角色分工、资源联系与实际协调；招聘机会、职责变化与人员退出","「人力与组织发展」：在人力与组织发展中，怎样核对角色分工、资源联系与实际协调，分开“行为或关系改变”与“进入机会或结构改变”？ 文本已经改变，实际机会和执行是否也改变了？","true","false","organization","direction-owned-direction-case"
"management-7","management","library-science","资料结构与使用流程","信息管理研究档案：分工流程、资源使用与绩效口径；决策责任、执行资源和反馈循环；版本规则、对象索引和使用任务；正式文本、执行条件与被排除的对象。需对照组织行动与绩效中的定义、对象索引与适用条件","「信息管理」：在信息管理中，怎样核对分工流程、资源使用与绩效口径，分开“执行机制改变”与“目标或报告口径改变”？ 文本已经改变，实际机会和执行是否也改变了？","true","false","organization","direction-owned-direction-case"
"management-8","management","organization","协作关系与资源约束","库存水平、订单等待与缺货登记","「供应链管理」：某环节库存减少，为什么客户反而等得更久？","true","false","operations","direction-owned-concept"
"management-9","management","organization","不确定目标与行动范围","创新与创业研究档案：分工流程、资源使用与绩效口径；决策责任、执行资源和反馈循环。需对照的具体条目：新方案定义、采用条件与失败案例；资源入口、存活选择与退出经历","「创新与创业」：在创新与创业中，怎样核对新方案定义、采用条件与失败案例，分开“执行机制改变”与“目标或报告口径改变”？","true","false","","direction-owned-direction-case"
"publicadmin-4","publicadmin","policy","空间资源与服务条件","城市治理研究档案：政策条文、执行层次与受益记录；地理单元、时期边界和地方制度；公开文件、责任分配和资源约束；正式文本、执行条件与被排除的对象。需对照的具体条目：进入机会、空间路径与地方制度；规则来源、执行条件与行动者立场","「城市治理」：在城市治理中，怎样核对进入机会、空间路径与地方制度，分开“地方过程差异”与“单元或时期划分差异”？ 文本已经改变，实际机会和执行是否也改变了？","true","false","organization","direction-owned-direction-case"
"publicadmin-5","publicadmin","policy","系统使用与责任边界","数字治理研究档案：政策条文、执行层次与受益记录；版本规则、对象索引和使用任务；公开文件、责任分配和资源约束；正式文本、执行条件与被排除的对象。需对照的具体条目：规则来源、执行条件与行动者立场；编码规则、平台入口与不可见记录","「数字治理」：在数字治理中，怎样核对规则来源、执行条件与行动者立场，分开“对象信息改善”与“格式或版本改变”？ 文本已经改变，实际机会和执行是否也改变了？","true","false","organization","direction-owned-direction-case"
"publicadmin-6","publicadmin","organization","需要差异与资源范围","社会保障研究档案：政策条文、执行层次与受益记录；对象进入、角色关系和机会结构；需求、服务资格和未进入服务者。需对照的具体条目：需求清单、交付节点与资源占用","「社会保障」：在社会保障中，怎样核对需求清单、交付节点与资源占用，分开“行为或关系改变”与“进入机会或结构改变”？","true","false","organization","direction-owned-direction-case"
"publicadmin-7","publicadmin","policy","支出口径与目标取舍","公共财政研究档案：政策条文、执行层次与受益记录；责任边界、使用条件和资源约束；计量单位、时间窗口和未计入的投入。需对照的具体条目：法定支付、行为反应与最终负担","「公共财政」：在公共财政中，怎样核对法定支付、行为反应与最终负担，分开“运行能力改善”与“声明或评价口径改变”？ 看起来更划算，是效率提高还是少算了投入？","true","false","","direction-owned-direction-case"
"publicadmin-8","publicadmin","organization","协作经验与公众情境","非营利组织研究档案：政策条文、执行层次与受益记录；对象进入、角色关系和机会结构；需求、服务资格和未进入服务者；正式文本、执行条件与被排除的对象。需对照的具体条目：角色分工、资源联系与实际协调","「非营利组织」：在非营利组织中，怎样核对角色分工、资源联系与实际协调，分开“行为或关系改变”与“进入机会或结构改变”？ 文本已经改变，实际机会和执行是否也改变了？","true","false","organization","direction-owned-direction-case"
"publicadmin-9","publicadmin","policy","比较条件与反馈资料","政策评价研究档案：政策条文、执行层次与受益记录；干预时间、比较资格和同期变化；公开文件、责任分配和资源约束；正式文本、执行条件与被排除的对象。需对照的具体条目：文本目标、执行资源与受影响范围","「政策评价」：在政策评价中，怎样核对文本目标、执行资源与受影响范围，分开“可识别的干预作用”与“选择或同期冲击”？ 文本已经改变，实际机会和执行是否也改变了？","true","false","","direction-owned-direction-case"
"music-4","music","performance","形式取舍与版本记录","乐谱草稿、动机变形与段落连接标记","「作曲与声音创作」：同一动机出现在开头与尾声，为什么功能可能不同？","true","false","","direction-owned-concept"
"music-5","music","education","学习经验与表演反馈","音乐教育研究档案：教学任务、学生作答与撤去帮助后的新题；相关领域文献对“谱本版本、声部关系与演出场次”的用语与记录方式；任务目标、辅助条件和延迟表现。需对照的具体条目：谱本、演奏选择与声学条件","「音乐教育」：在音乐教育中，怎样核对谱本、演奏选择与声学条件，分开“独立学习改善”与“辅助或练习效应”？ 当场做对与真正能迁移，材料分别支持哪一个？","true","false","music","direction-owned-direction-case"
"music-6","music","performance","声音材料与文化语境","民族音乐研究研究档案：谱本版本、声部关系与演出场次；谱本、声音记录和表演条件。需对照的具体条目：身份称谓、互动位置与传承实践；谱本、演奏选择与声学条件；当地分类、传承关系与演出情境","「民族音乐研究」：在民族音乐研究中，怎样核对当地分类、传承关系与演出情境，分开“表演解释差异”与“录音或版本差异”？","true","false","music","direction-owned-direction-case"
"music-7","music","performance","现场互动与表达边界","戏剧表演研究档案：谱本版本、声部关系与演出场次；排演文本、身体动作和观众位置；谱本或排演文本、演出记录和现场条件。需对照的具体条目：排演文本、行动选择与观众位置","「戏剧表演」：在戏剧表演中，怎样核对排演文本、行动选择与观众位置，分开“排演行动改变”与“场地或观众位置变化”？ 可听可见的变化来自表演选择，还是记录和场地？","true","false","music","direction-owned-direction-case"
"music-8","music","media","素材来源与叙事结构","影视制作与叙事研究档案：关键段落、话语位置和相反解释；相关领域文献对“谱本版本、声部关系与演出场次”的用语与记录方式；镜头顺序、声画关系和版本差异。需对照的具体条目：叙述声音、关键片段与版本语境；镜头顺序、声画关系与发行版本","「影视制作与叙事」：在影视制作与叙事中，怎样核对叙述声音、关键片段与版本语境，分开“视听组织改变”与“观看或版本条件”？ 这段材料支持哪种解释，又抵触哪种解释？","true","false","film","direction-owned-direction-case"
"music-9","music","media","工具条件与受众体验","媒介艺术与声音设计研究档案：谱本版本、声部关系与演出场次；生产记录、传播路径和接触机会；设计任务、迭代版本和使用者反馈；任务路径、迭代版本和错误恢复记录。需对照的具体条目：媒介形式、生产条件与可见性规则","「媒介艺术与声音设计」：在媒介艺术与声音设计中，怎样核对媒介形式、生产条件与可见性规则，分开“传播过程改变”与“记录或受众构成变化”？ 这次变好是设计改进，还是使用者得到更多帮助？","true","false","","direction-owned-direction-case"
"military-4","military","military","规范目标与制度情境","安全政策研究研究档案：公开政策、历史叙事与资源制度；正式规则、实际执行和行为者立场；公开文件、责任分配和资源约束；正式文本、执行条件与被排除的对象。需对照的具体条目：公开信号、相互解释与承诺兑现；文本目标、执行资源与受影响范围","「安全政策研究」：在安全政策研究中，怎样核对公开信号、相互解释与承诺兑现，分开“制度实践变化”与“文本或表述变化”？ 文本已经改变，实际机会和执行是否也改变了？","true","false","military-history","direction-owned-direction-case"
"military-5","military","military","概念来源与时代材料","战略思想史研究档案：同时代记载与后期整理本的年代对照；相关领域文献对“公开政策、历史叙事与资源制度”的用语与记录方式；年代、出处和同时代对照；同时代资料、后期整理和出处链。需对照的具体条目：公开目标、行动约束与其他参与者解释；概念用法、论争对象与传播时点","「战略思想史」：在战略思想史中，怎样核对概念用法、论争对象与传播时点，分开“当时制度或实践”与“后来的回忆或分类”？ 哪一层叙述来自当时，哪一层来自后来的整理？","true","false","military-history","direction-owned-direction-case"
"military-6","military","military","信息条件与行动边界","组织决策研究研究档案：公开政策、历史叙事与资源制度；公开文件、责任分配和资源约束；正式文本、执行条件与被排除的对象。需对照的具体条目：可得方案、判断时点与约束依据；角色分工、资源联系与实际协调","「组织决策研究」：在组织决策研究中，怎样核对可得方案、判断时点与约束依据，分开“有据可查的运行变化”与“披露或叙事取舍”？ 文本已经改变，实际机会和执行是否也改变了？","true","false","military-history","direction-owned-direction-case"
"military-7","military","military","评价口径与系统余量","公开后勤预算、需求口径与交付节点","「保障与资源评价」：资源更多，为什么某个关键节点仍可能等待？","true","false","military-history","direction-owned-concept"
"military-8","military","military","群体经验与比较范围","安全与社会研究研究档案：公开政策、历史叙事与资源制度；正式规则、实际执行和行为者立场。需对照的具体条目：公开信号、相互解释与承诺兑现","「安全与社会研究」：在安全与社会研究中，怎样核对公开信号、相互解释与承诺兑现，分开“制度实践变化”与“文本或表述变化”？","true","false","military-history","direction-owned-direction-case"
"military-9","military","military","工具使用与责任范围","科技与战略治理研究档案：公开政策、历史叙事与资源制度；正式规则、实际执行和行为者立场；公开文件、责任分配和资源约束；正式文本、执行条件与被排除的对象。需对照的具体条目：规则来源、执行条件与行动者立场；仪器记录、研究制度与知识传播；公开目标、行动约束与其他参与者解释","「科技与战略治理」：在科技与战略治理中，怎样核对规则来源、执行条件与行动者立场，分开“制度实践变化”与“文本或表述变化”？ 文本已经改变，实际机会和执行是否也改变了？","true","false","military-history","direction-owned-direction-case"
"interdisciplinary-4","interdisciplinary","cross","模型语言与领域定义","计算与领域研究研究档案：两侧研究对象、术语含义与证据接口；双方术语、共同对象和验证分工。需对照跨领域共同问题中的定义、对象索引与适用条件","「计算与领域研究」：在计算与领域研究中，怎样核对两侧研究对象、术语含义与证据接口，分开“问题上的实质桥接”与“仅术语或方法拼接”？","true","false","","direction-owned-direction-case"
"interdisciplinary-5","interdisciplinary","cross","记录单位与社会情境","数据与社会研究研究档案：两侧研究对象、术语含义与证据接口；对象进入、角色关系和机会结构。需对照跨领域共同问题中的定义、对象索引与适用条件","「数据与社会研究」：在数据与社会研究中，怎样核对两侧研究对象、术语含义与证据接口，分开“行为或关系改变”与“进入机会或结构改变”？","true","false","cross-culture","direction-owned-direction-case"
"interdisciplinary-6","interdisciplinary","cross","使用任务与健康边界","健康任务、传感指标与服务流程","「健康与技术研究」：识别更准，为什么服务结果仍可能没有变化？","true","false","cross-health","direction-owned-concept"
"interdisciplinary-7","interdisciplinary","cross","环境条件与使用反馈","环境与设计研究研究档案：两侧研究对象、术语含义与证据接口；设计任务、迭代版本和使用者反馈；任务路径、迭代版本和错误恢复记录。需对照跨领域共同问题中的定义、对象索引与适用条件","「环境与设计研究」：在环境与设计研究中，怎样核对两侧研究对象、术语含义与证据接口，分开“理解或使用改善”与“展示或辅助变化”？ 这次变好是设计改进，还是使用者得到更多帮助？","true","false","cross-environment","direction-owned-direction-case"
"interdisciplinary-8","interdisciplinary","cross","材料语境与资料结构","数字化文本、版本语义与阅读任务","「文化与数字研究」：文本都能读入程序，为什么仍可能不能直接比较？","true","false","cross-culture","direction-owned-concept"
"interdisciplinary-9","interdisciplinary","cross","系统目标与资源约束","系统与资源研究研究档案：两侧研究对象、术语含义与证据接口；系统边界、反馈连接和尺度转换；公开文件、责任分配和资源约束；计量单位、时间窗口和未计入的投入。需对照跨领域共同问题中的定义、对象索引与适用条件","「系统与资源研究」：在系统与资源研究中，怎样核对两侧研究对象、术语含义与证据接口，分开“整体行为改变”与“局部或边界变化”？ 看起来更划算，是效率提高还是少算了投入？","true","false","cross-environment","direction-owned-direction-case"
"statistics-4","statistics","statistics","先验信息与更新条件","贝叶斯统计研究档案：独立单位、抽样过程与估计不确定性；随机变量、条件事件和分布假设。需对照的具体条目：先验预测、似然定义与后验敏感性","「贝叶斯统计」：在贝叶斯统计中，怎样核对先验预测、似然定义与后验敏感性，分开“条件关系”与“组成改变的总体关系”？","true","false","","direction-owned-direction-case"
"statistics-5","statistics","statistics","比较条件与识别边界","因果推断研究档案：独立单位、抽样过程与估计不确定性；干预时间、比较资格和同期变化；比较资格、干预前趋势和同期冲击。需对照的具体条目：目标比较、干预起点与选择机制","「因果推断」：在因果推断中，怎样核对目标比较、干预起点与选择机制，分开“可识别的干预作用”与“选择或同期冲击”？ 这项差异在干预之前是否已经存在？","true","false","","direction-owned-direction-case"
"statistics-6","statistics","statistics","观察单位与资料来源","实验与调查设计研究档案：独立单位、抽样过程与估计不确定性；干预时间、比较资格和同期变化；比较资格、干预前趋势和同期冲击。需对照估计目标与抽样中的定义、对象索引与适用条件","「实验与调查设计」：在实验与调查设计中，怎样核对独立单位、抽样过程与估计不确定性，分开“可识别的干预作用”与“选择或同期冲击”？ 这项差异在干预之前是否已经存在？","true","false","","direction-owned-direction-case"
"statistics-7","statistics","statistics","健康结局与群体差异","生物统计研究档案：独立单位、抽样过程与估计不确定性；随机变量、条件事件和分布假设；细胞组成、功能层次和独立来源。需对照估计目标与抽样中的定义、对象索引与适用条件","「生物统计」：在生物统计中，怎样核对独立单位、抽样过程与估计不确定性，分开“条件关系”与“组成改变的总体关系”？","true","false","","direction-owned-direction-case"
"statistics-8","statistics","statistics","假设变化与评价范围","稳健与非参数方法研究档案：独立单位、抽样过程与估计不确定性；异常来源、分布假设和敏感性结果。需对照的具体条目：污染范围、秩信息与分布条件；输入要求、适用前提与方法失败条件","「稳健与非参数方法」：在稳健与非参数方法中，怎样核对污染范围、秩信息与分布条件，分开“假设范围内的稳健性”与“超出污染范围的情形”？","true","false","","direction-owned-direction-case"
"statistics-9","statistics","statistics","数值过程与近似误差","计算统计研究档案：独立单位、抽样过程与估计不确定性；随机变量、条件事件和分布假设。需对照的具体条目：计算误差、诊断结果与重复运行","「计算统计」：在计算统计中，怎样核对计算误差、诊断结果与重复运行，分开“条件关系”与“组成改变的总体关系”？","true","false","","direction-owned-direction-case"
"astronomy-4","astronomy","physics","时间变化与观测条件","太阳与空间环境研究档案：光谱、亮度时序与望远镜覆盖；观测选择、红移或距离估计和检出阈值；来源、迁移途径和受影响对象；坐标基准、空间单元和不同尺度的对照。需对照天体信号与观测选择中的定义、对象索引与适用条件","「太阳与空间环境」：在太阳与空间环境中，怎样核对光谱、亮度时序与望远镜覆盖，分开“天体分布变化”与“检出阈值变化”？ 换了空间单元以后，原来的关系是否还成立？","true","false","","direction-owned-direction-case"
"astronomy-5","astronomy","physics","信号解释与对象差异","行星与系外行星研究档案：光谱、亮度时序与望远镜覆盖；观测选择、红移或距离估计和检出阈值。需对照的具体条目：轨道周期、检出机会与宿主条件","「行星与系外行星」：在行星与系外行星中，怎样核对轨道周期、检出机会与宿主条件，分开“天体分布变化”与“检出阈值变化”？","true","false","","direction-owned-direction-case"
"astronomy-6","astronomy","physics","材料过程与测量范围","星际介质研究档案：光谱、亮度时序与望远镜覆盖；观测选择、红移或距离估计和检出阈值。需对照的具体条目：介质状态、视线积分与谱线指认","「星际介质」：在星际介质中，怎样核对介质状态、视线积分与谱线指认，分开“天体分布变化”与“检出阈值变化”？","true","false","","direction-owned-direction-case"
"astronomy-7","astronomy","physics","来源联系与信号边界","高能与多信使观测研究档案：光谱、亮度时序与望远镜覆盖；观测选择、红移或距离估计和检出阈值；参考依据、重复读数和误差分项。需对照天体信号与观测选择中的定义、对象索引与适用条件","「高能与多信使观测」：在高能与多信使观测中，怎样核对光谱、亮度时序与望远镜覆盖，分开“天体分布变化”与“检出阈值变化”？ 读数差异来自被测对象，还是测量链的变化？","true","false","","direction-owned-direction-case"
"astronomy-8","astronomy","physics","标定、缺失与推断条件","天文数据分析研究档案：光谱、亮度时序与望远镜覆盖；观测选择、红移或距离估计和检出阈值。需对照的具体条目：来源划分、目标变量与评估基线；输入假设、测量或推导链与不确定性","「天文数据分析」：在天文数据分析中，怎样核对来源划分、目标变量与评估基线，分开“天体分布变化”与“检出阈值变化”？","true","false","","direction-owned-direction-case"
"astronomy-9","astronomy","physics","资源窗口与运行条件","望远镜与观测系统研究档案：光谱、亮度时序与望远镜覆盖；观测选择、红移或距离估计和检出阈值；系统边界、反馈连接和尺度转换；参考依据、重复读数和误差分项。需对照天体信号与观测选择中的定义、对象索引与适用条件","「望远镜与观测系统」：在望远镜与观测系统中，怎样核对光谱、亮度时序与望远镜覆盖，分开“天体分布变化”与“检出阈值变化”？ 读数差异来自被测对象，还是测量链的变化？","true","false","","direction-owned-direction-case"
"sociology-4","sociology","society","群体单位与生活经验","人口与家庭研究档案：社会类别、关系网络与制度情境；对象进入、角色关系和机会结构。需对照的具体条目：亲属角色、家务分担与资源流动；年龄结构、进入退出与统计分母","「人口与家庭」：在人口与家庭中，怎样核对亲属角色、家务分担与资源流动，分开“行为或关系改变”与“进入机会或结构改变”？","true","false","fieldwork","direction-owned-direction-case"
"sociology-5","sociology","society","工作条件与组织边界","劳动与职业研究档案：社会类别、关系网络与制度情境；对象进入、角色关系和机会结构。需对照的具体条目：进入退出、工时与收入分布","「劳动与职业」：在劳动与职业中，怎样核对进入退出、工时与收入分布，分开“行为或关系改变”与“进入机会或结构改变”？","true","false","fieldwork","direction-owned-direction-case"
"sociology-6","sociology","society","健康体验与制度情境","健康与医学社会学研究档案：社会类别、关系网络与制度情境；对象进入、角色关系和机会结构。需对照的具体条目：疾病经验、服务关系与制度约束","「健康与医学社会学」：在健康与医学社会学中，怎样核对疾病经验、服务关系与制度约束，分开“行为或关系改变”与“进入机会或结构改变”？","true","false","fieldwork","direction-owned-direction-case"
"sociology-7","sociology","society","平台记录与互动结构","数字社会学研究档案：社会类别、关系网络与制度情境；对象进入、角色关系和机会结构。需对照的具体条目：编码规则、平台入口与不可见记录","「数字社会学」：在数字社会学中，怎样核对编码规则、平台入口与不可见记录，分开“行为或关系改变”与“进入机会或结构改变”？","true","false","fieldwork","direction-owned-direction-case"
"sociology-8","sociology","society","文化材料与意义解释","文化社会学研究档案：社会类别、关系网络与制度情境；对象进入、角色关系和机会结构。需对照的具体条目：实践语境、符号用法与传承位置","「文化社会学」：在文化社会学中，怎样核对实践语境、符号用法与传承位置，分开“行为或关系改变”与“进入机会或结构改变”？","true","false","fieldwork","direction-owned-direction-case"
"sociology-9","sociology","law","测量口径与推断前提","社会方法研究研究档案：规范版本、争议事实和适用要件；相关领域文献对“社会类别、关系网络与制度情境”的用语与记录方式；法域、条文版本和事实要件。需对照的具体条目：输入要求、适用前提与方法失败条件","「社会方法研究」：在社会方法研究中，怎样核对输入要求、适用前提与方法失败条件，分开“适用要件差异”与“法域或版本变化”？ 这一事实对应哪个要件，是否混淆了法域？","true","false","fieldwork","direction-owned-direction-case"
"anthropology-4","anthropology","society","地方经验与空间关系","城市人类学研究档案：逐轮对话、在场关系和沉默位置；相关领域文献对“地方分类、访谈语境与参与关系”的用语与记录方式；交往位置、叙述轮次和观察情境。需对照的具体条目：进入机会、空间路径与地方制度","「城市人类学」：在城市人类学中，怎样核对进入机会、空间路径与地方制度，分开“生活实践差异”与“互动或叙述情境差异”？ 对方在怎样的关系中说出这句话？","true","false","fieldwork","direction-owned-direction-case"
"anthropology-5","anthropology","society","健康叙述与照护语境","医学人类学研究档案：逐轮对话、在场关系和沉默位置；相关领域文献对“地方分类、访谈语境与参与关系”的用语与记录方式；交往位置、叙述轮次和观察情境。需对照的具体条目：病痛叙述、照护关系与地方疾病分类","「医学人类学」：在医学人类学中，怎样核对病痛叙述、照护关系与地方疾病分类，分开“生活实践差异”与“互动或叙述情境差异”？ 对方在怎样的关系中说出这句话？","true","false","fieldwork","direction-owned-direction-case"
"anthropology-6","anthropology","society","媒介参与与互动条件","数字人类学研究档案：逐轮对话、在场关系和沉默位置；相关领域文献对“地方分类、访谈语境与参与关系”的用语与记录方式；交往位置、叙述轮次和观察情境。需对照的具体条目：编码规则、平台入口与不可见记录","「数字人类学」：在数字人类学中，怎样核对编码规则、平台入口与不可见记录，分开“生活实践差异”与“互动或叙述情境差异”？ 对方在怎样的关系中说出这句话？","true","false","fieldwork","direction-owned-direction-case"
"anthropology-7","anthropology","society","资源交换与地方价值","经济人类学研究档案：逐轮对话、在场关系和沉默位置；相关领域文献对“地方分类、访谈语境与参与关系”的用语与记录方式；交往位置、叙述轮次和观察情境。需对照的具体条目：交换关系、价值用语与地方实践","「经济人类学」：在经济人类学中，怎样核对交换关系、价值用语与地方实践，分开“生活实践差异”与“互动或叙述情境差异”？ 对方在怎样的关系中说出这句话？","true","false","fieldwork","direction-owned-direction-case"
"anthropology-8","anthropology","society","交际材料与社会关系","语言人类学研究档案：逐轮对话、在场关系和沉默位置；相关领域文献对“地方分类、访谈语境与参与关系”的用语与记录方式；交往位置、叙述轮次和观察情境。需对照的具体条目：语言行动、互动权力与当地语境","「语言人类学」：在语言人类学中，怎样核对语言行动、互动权力与当地语境，分开“生活实践差异”与“互动或叙述情境差异”？ 对方在怎样的关系中说出这句话？","true","false","fieldwork","direction-owned-direction-case"
"anthropology-9","anthropology","society","展示语境与参与边界","遗产与公众人类学研究档案：公开来源、展陈取舍与观众提出的问题；相关领域文献对“地方分类、访谈语境与参与关系”的用语与记录方式；交往位置、叙述轮次和观察情境。需对照文化实践与研究关系中的定义、对象索引与适用条件","「遗产与公众人类学」：在遗产与公众人类学中，怎样核对地方分类、访谈语境与参与关系，分开“生活实践差异”与“互动或叙述情境差异”？ 展出的主张哪些有来源，哪些是解释或宣传？","true","false","fieldwork","direction-owned-direction-case"
"archaeology-4","archaeology","archaeology","年代条件与材料序列","史前考古研究档案：同时代记载与后期整理本的年代对照；相关领域文献对“出土位置、地层堆积与器物组合”的用语与记录方式；年代、出处和同时代对照；同时代资料、后期整理和出处链。需对照的具体条目：层位关系、形成过程与出土位置；年代区间、遗存分类与非文字证据","「史前考古」：在史前考古中，怎样核对层位关系、形成过程与出土位置，分开“当时制度或实践”与“后来的回忆或分类”？ 哪一层叙述来自当时，哪一层来自后来的整理？","true","false","strata","direction-owned-direction-case"
"archaeology-5","archaeology","archaeology","物质记录与史料联系","历史考古研究档案：同时代记载与后期整理本的年代对照；相关领域文献对“出土位置、地层堆积与器物组合”的用语与记录方式；年代、出处和同时代对照；同时代资料、后期整理和出处链。需对照的具体条目：层位关系、形成过程与出土位置","「历史考古」：在历史考古中，怎样核对层位关系、形成过程与出土位置，分开“当时制度或实践”与“后来的回忆或分类”？ 哪一层叙述来自当时，哪一层来自后来的整理？","true","false","strata","direction-owned-direction-case"
"archaeology-6","archaeology","archaeology","环境资料与生活条件","环境考古研究档案：出土位置、地层堆积与器物组合；出土位置、地层关系和形成过程。需对照的具体条目：层位关系、形成过程与出土位置；沉积环境、保存条件与遗存选择","「环境考古」：在环境考古中，怎样核对沉积环境、保存条件与遗存选择，分开“原始使用关系”与“埋藏或扰动关系”？","true","false","strata","direction-owned-direction-case"
"archaeology-7","archaeology","archaeology","对象记录与材料解释","动物与植物考古研究档案：出土位置、地层堆积与器物组合；出土位置、地层关系和形成过程。需对照的具体条目：层位关系、形成过程与出土位置；物种识别、遗存保存与利用情境","「动物与植物考古」：在动物与植物考古中，怎样核对物种识别、遗存保存与利用情境，分开“原始使用关系”与“埋藏或扰动关系”？","true","false","strata","direction-owned-direction-case"
"archaeology-8","archaeology","archaeology","空间记录与资料结构","数字与空间考古研究档案：出土位置、地层堆积与器物组合；出土位置、地层关系和形成过程；地理单元、时期边界和地方制度；坐标基准、空间单元和不同尺度的对照。需对照的具体条目：层位关系、形成过程与出土位置；编码规则、平台入口与不可见记录","「数字与空间考古」：在数字与空间考古中，怎样核对层位关系、形成过程与出土位置，分开“原始使用关系”与“埋藏或扰动关系”？ 换了空间单元以后，原来的关系是否还成立？","true","false","strata","direction-owned-direction-case"
"archaeology-9","archaeology","heritage","材料状态与公众使用","遗产保护与管理研究档案：出土位置、地层堆积与器物组合；来源链、材料状态和保存环境；正式文本、执行条件与被排除的对象。需对照遗址、层位与形成过程中的定义、对象索引与适用条件","「遗产保护与管理」：在遗产保护与管理中，怎样核对出土位置、地层堆积与器物组合，分开“材料保存改善”与“环境或记录差异”？ 文本已经改变，实际机会和执行是否也改变了？","true","false","","direction-owned-direction-case"
"geography-4","geography","human-geography","空间资源与流动结构","经济地理研究档案：空间边界、邻接关系与尺度转换；坐标基准、空间支持和分类边界；坐标基准、空间单元和不同尺度的对照。需对照的具体条目：产业位置、联结成本与资源流动","「经济地理」：在经济地理中，怎样核对产业位置、联结成本与资源流动，分开“空间过程变化”与“基准或聚合差异”？ 换了空间单元以后，原来的关系是否还成立？","true","false","","direction-owned-direction-case"
"geography-5","geography","human-geography","空间经验与治理条件","城市地理研究档案：空间边界、邻接关系与尺度转换；坐标基准、空间支持和分类边界；地理单元、时期边界和地方制度；坐标基准、空间单元和不同尺度的对照。需对照的具体条目：进入机会、空间路径与地方制度","「城市地理」：在城市地理中，怎样核对进入机会、空间路径与地方制度，分开“空间过程变化”与“基准或聚合差异”？ 换了空间单元以后，原来的关系是否还成立？","true","false","","direction-owned-direction-case"
"geography-6","geography","human-geography","地方意义与使用反馈","旅游与文化地理研究档案：空间边界、邻接关系与尺度转换；坐标基准、空间支持和分类边界；到访机会、服务链和当地负担；坐标基准、空间单元和不同尺度的对照。需对照的具体条目：到访选择、服务链与居民负担；实践语境、符号用法与传承位置","「旅游与文化地理」：在旅游与文化地理中，怎样核对到访选择、服务链与居民负担，分开“空间过程变化”与“基准或聚合差异”？ 换了空间单元以后，原来的关系是否还成立？","true","false","","direction-owned-direction-case"
"geography-7","geography","remote-sensing","信号来源与观测尺度","遥感地理研究档案：空间边界、邻接关系与尺度转换；坐标基准、空间支持和分类边界；坐标基准、空间单元和不同尺度的对照。需对照的具体条目：地面参照、像元支持与反演条件","「遥感地理」：在遥感地理中，怎样核对地面参照、像元支持与反演条件，分开“空间过程变化”与“基准或聚合差异”？ 换了空间单元以后，原来的关系是否还成立？","true","false","","direction-owned-direction-case"
"geography-8","geography","ecology","空间关系与模型边界","地理建模研究档案：空间边界、邻接关系与尺度转换；坐标基准、空间支持和分类边界；模型边界、参数来源和验证情境；参数出处、边界条件和独立检验情境。需对照空间单元与地理过程中的定义、对象索引与适用条件","「地理建模」：在地理建模中，怎样核对空间边界、邻接关系与尺度转换，分开“空间过程变化”与“基准或聚合差异”？ 拟合得好来自可解释结构，还是条件和参数更宽松？","true","false","","direction-owned-direction-case"
"geography-9","geography","education","表达口径与受众理解","地理教育与公众地图研究档案：教学任务、学生作答与撤去帮助后的新题；相关领域文献对“空间边界、邻接关系与尺度转换”的用语与记录方式；任务目标、辅助条件和延迟表现。需对照空间单元与地理过程中的定义、对象索引与适用条件","「地理教育与公众地图」：在地理教育与公众地图中，怎样核对空间边界、邻接关系与尺度转换，分开“独立学习改善”与“辅助或练习效应”？ 当场做对与真正能迁移，材料分别支持哪一个？","true","false","","direction-owned-direction-case"
"materials-4","materials","chemistry","结构变化与批次性能","金属与合金研究档案：成分、微结构与载荷环境；结构分布、缺陷表征和性质条件。需对照的具体条目：物相、缺陷分布与加工历程","「金属与合金」：在金属与合金中，怎样核对物相、缺陷分布与加工历程，分开“结构差异”与“组成或条件差异”？","true","false","","direction-owned-direction-case"
"materials-5","materials","chemistry","组成条件与使用范围","陶瓷与无机材料研究档案：成分、微结构与载荷环境；结构分布、缺陷表征和性质条件；物种指认、平衡条件和测量信号。需对照的具体条目：配位状态、物相与组成比例；胎釉特征、制作痕迹与流通情境","「陶瓷与无机材料」：在陶瓷与无机材料中，怎样核对配位状态、物相与组成比例，分开“结构差异”与“组成或条件差异”？","true","false","chemistry","direction-owned-direction-case"
"materials-6","materials","chemistry","状态变化与环境关系","聚合物材料研究档案：成分、微结构与载荷环境；结构分布、缺陷表征和性质条件。需对照的具体条目：分子量分布、链结构与材料状态","「聚合物材料」：在聚合物材料中，怎样核对分子量分布、链结构与材料状态，分开“结构差异”与“组成或条件差异”？","true","false","chemistry","direction-owned-direction-case"
"materials-7","materials","chemistry","结构信号与测量条件","电子与光电材料研究档案：成分、微结构与载荷环境；光路、光谱响应和探测器背景；结构分布、缺陷表征和性质条件。需对照微结构与材料性能中的定义、对象索引与适用条件","「电子与光电材料」：在电子与光电材料中，怎样核对成分、微结构与载荷环境，分开“入射场改变”与“探测器响应改变”？","true","false","chemistry","direction-owned-direction-case"
"materials-8","materials","chemistry","性能口径与工况边界","能源材料研究档案：成分、微结构与载荷环境；结构分布、缺陷表征和性质条件；能量边界、时间负荷和系统服务；计量单位、时间窗口和未计入的投入。需对照微结构与材料性能中的定义、对象索引与适用条件","「能源材料」：在能源材料中，怎样核对成分、微结构与载荷环境，分开“结构差异”与“组成或条件差异”？ 看起来更划算，是效率提高还是少算了投入？","true","false","chemistry","direction-owned-direction-case"
"materials-9","materials","chemistry","重复记录与失效解释","材料可靠性与评价研究档案：成分、微结构与载荷环境；结构分布、缺陷表征和性质条件；失效定义、暴露时长和退出原因；版本变更、异常记录和失败复核。需对照微结构与材料性能中的定义、对象索引与适用条件","「材料可靠性与评价」：在材料可靠性与评价中，怎样核对成分、微结构与载荷环境，分开“结构差异”与“组成或条件差异”？ 所谓更可靠，是失败更少，还是失败更少被记下来？","true","false","chemistry","direction-owned-direction-case"
"automation-4","automation","mechanical","过程模型与工况反馈","过程控制研究档案：闭环结构、状态观测与扰动响应；输入扰动、反馈状态和响应轨迹；时间戳、状态阶段和变化前后的并列记录。需对照反馈、辨识与系统状态中的定义、对象索引与适用条件","「过程控制」：在过程控制中，怎样核对闭环结构、状态观测与扰动响应，分开“控制响应改善”与“测试工况更容易”？ 变化先后关系是否与提出的解释相符？","true","false","control","direction-owned-direction-case"
"automation-5","automation","software","时间约束与资源条件","嵌入式与实时系统研究档案：闭环结构、状态观测与扰动响应；版本锁定、输入契约和故障复现；系统边界、反馈连接和尺度转换。需对照反馈、辨识与系统状态中的定义、对象索引与适用条件","「嵌入式与实时系统」：在嵌入式与实时系统中，怎样核对闭环结构、状态观测与扰动响应，分开“代码行为变化”与“运行环境变化”？","true","false","","direction-owned-direction-case"
"automation-6","automation","software","任务场景与协作范围","无人系统研究研究档案：闭环结构、状态观测与扰动响应；输入扰动、反馈状态和响应轨迹；系统边界、反馈连接和尺度转换。需对照反馈、辨识与系统状态中的定义、对象索引与适用条件","「无人系统研究」：在无人系统研究中，怎样核对闭环结构、状态观测与扰动响应，分开“控制响应改善”与“测试工况更容易”？","true","false","","direction-owned-direction-case"
"automation-7","automation","software","观测记录与模型条件","系统辨识研究档案：闭环结构、状态观测与扰动响应；输入扰动、反馈状态和响应轨迹；系统边界、反馈连接和尺度转换；参数出处、边界条件和独立检验情境。需对照反馈、辨识与系统状态中的定义、对象索引与适用条件","「系统辨识」：在系统辨识中，怎样核对闭环结构、状态观测与扰动响应，分开“控制响应改善”与“测试工况更容易”？ 拟合得好来自可解释结构，还是条件和参数更宽松？","true","false","","direction-owned-direction-case"
"automation-8","automation","interaction","互动任务与责任边界","人机协同研究档案：闭环结构、状态观测与扰动响应；节点口径、边含义和缺失连接；任务完成、错误恢复和辅助条件。需对照的具体条目：任务路径、辅助条件与错误恢复","「人机协同」：在人机协同中，怎样核对任务路径、辅助条件与错误恢复，分开“实际关系改变”与“采集范围改变”？","true","false","","direction-owned-direction-case"
"automation-9","automation","computing","生产资料与运行范围","工业智能研究档案：闭环结构、状态观测与扰动响应；系统边界、反馈连接和尺度转换。需对照的具体条目：制造约束、功能任务与使用环境","「工业智能」：在工业智能中，怎样核对制造约束、功能任务与使用环境，分开“整体行为改变”与“局部或边界变化”？","true","false","","direction-owned-direction-case"
"communications-4","communications","electronics","信号传输与器件条件","光通信研究档案：信道时序、编码配置与传输错误；光路、光谱响应和探测器背景；采样条件、频谱结构和噪声假设。需对照的具体条目：链路条件、带宽与误码判据","「光通信」：在光通信中，怎样核对链路条件、带宽与误码判据，分开“入射场改变”与“探测器响应改变”？","true","false","circuits","direction-owned-direction-case"
"communications-5","communications","electronics","空间窗口与资源约束","卫星与空间通信研究档案：信道时序、编码配置与传输错误；采样条件、频谱结构和噪声假设；坐标基准、空间单元和不同尺度的对照。需对照的具体条目：链路条件、带宽与误码判据","「卫星与空间通信」：在卫星与空间通信中，怎样核对链路条件、带宽与误码判据，分开“信号结构改变”与“滤波或采样改变”？ 换了空间单元以后，原来的关系是否还成立？","true","false","circuits","direction-owned-direction-case"
"communications-6","communications","electronics","运行状态与接口边界","网络协议与系统研究档案：信道时序、编码配置与传输错误；节点口径、边含义和缺失连接；系统边界、反馈连接和尺度转换。需对照信道、编码与资源中的定义、对象索引与适用条件","「网络协议与系统」：在网络协议与系统中，怎样核对信道时序、编码配置与传输错误，分开“实际关系改变”与“采集范围改变”？","true","false","circuits","direction-owned-direction-case"
"communications-7","communications","electronics","使用情境与责任范围","通信安全与隐私研究档案：信道时序、编码配置与传输错误；采样条件、频谱结构和噪声假设；公开威胁模型、安全定义和适用假设。需对照的具体条目：链路条件、带宽与误码判据；公开信号、相互解释与承诺兑现","「通信安全与隐私」：在通信安全与隐私中，怎样核对链路条件、带宽与误码判据，分开“信号结构改变”与“滤波或采样改变”？","true","false","circuits","direction-owned-direction-case"
"communications-8","communications","electronics","信号结构与表达条件","语音与多媒体信号研究档案：信道时序、编码配置与传输错误；采样条件、频谱结构和噪声假设。需对照的具体条目：录音条件、最小对立与发音位置","「语音与多媒体信号」：在语音与多媒体信号中，怎样核对录音条件、最小对立与发音位置，分开“信号结构改变”与“滤波或采样改变”？","true","false","circuits","direction-owned-direction-case"
"communications-9","communications","electronics","误差口径与比较前提","通信系统评价研究档案：信道时序、编码配置与传输错误；采样条件、频谱结构和噪声假设；系统边界、反馈连接和尺度转换。需对照的具体条目：链路条件、带宽与误码判据","「通信系统评价」：在通信系统评价中，怎样核对链路条件、带宽与误码判据，分开“信号结构改变”与“滤波或采样改变”？","true","false","circuits","direction-owned-direction-case"
"architecture-4","architecture","construction","空间材料与时代语境","建筑历史与理论研究档案：同时代记载与后期整理本的年代对照；相关领域文献对“空间图纸、使用路径与环境评价”的用语与记录方式；同时代资料、后期整理和出处链。需对照的具体条目：空间使用、热环境与使用者路径","「建筑历史与理论」：在建筑历史与理论中，怎样核对空间使用、热环境与使用者路径，分开“有出处的历史解释”与“整理或保存选择”？ 哪一层叙述来自当时，哪一层来自后来的整理？","true","false","urban","direction-owned-direction-case"
"architecture-5","architecture","construction","环境联系与使用体验","景观与公共空间研究档案：空间图纸、使用路径与环境评价；空间使用、环境条件和使用者路径；坐标基准、空间单元和不同尺度的对照。需对照的具体条目：使用时间、活动机会与排除条件","「景观与公共空间」：在景观与公共空间中，怎样核对使用时间、活动机会与排除条件，分开“空间使用改善”与“使用者或时段变化”？ 换了空间单元以后，原来的关系是否还成立？","true","false","urban","direction-owned-direction-case"
"architecture-6","architecture","construction","生活需要与空间资源","住房与社区研究档案：空间图纸、使用路径与环境评价；空间使用、环境条件和使用者路径。需对照的具体条目：进入机会、空间路径与地方制度","「住房与社区」：在住房与社区中，怎样核对进入机会、空间路径与地方制度，分开“空间使用改善”与“使用者或时段变化”？","true","false","","direction-owned-direction-case"
"architecture-7","architecture","construction","模型结构与资料流转","建筑数字技术研究档案：空间图纸、使用路径与环境评价；空间使用、环境条件和使用者路径；版本规则、对象索引和使用任务。需对照的具体条目：空间使用、热环境与使用者路径；编码规则、平台入口与不可见记录；工具版本、使用任务与适用承诺","「建筑数字技术」：在建筑数字技术中，怎样核对空间使用、热环境与使用者路径，分开“空间使用改善”与“使用者或时段变化”？","true","false","urban","direction-owned-direction-case"
"architecture-8","architecture","construction","历史材料与使用边界","遗产更新研究档案：空间图纸、使用路径与环境评价；来源链、材料状态和保存环境。需对照空间设计与建筑使用中的定义、对象索引与适用条件","「遗产更新」：在遗产更新中，怎样核对空间图纸、使用路径与环境评价，分开“材料保存改善”与“环境或记录差异”？","true","false","","direction-owned-direction-case"
"architecture-9","architecture","construction","环境记录与使用反馈","建筑评价与人因研究档案：空间图纸、使用路径与环境评价；空间使用、环境条件和使用者路径；任务完成、错误恢复和辅助条件。需对照的具体条目：空间使用、热环境与使用者路径","「建筑评价与人因」：在建筑评价与人因中，怎样核对空间使用、热环境与使用者路径，分开“空间使用改善”与“使用者或时段变化”？","true","false","urban","direction-owned-direction-case"
"design-4","design","interaction","结构取舍与使用任务","工业与产品设计研究档案：原型版本、任务路径与失败反馈；设计任务、迭代版本和使用者反馈；任务路径、迭代版本和错误恢复记录。需对照的具体条目：制造约束、功能任务与使用环境","「工业与产品设计」：在工业与产品设计中，怎样核对制造约束、功能任务与使用环境，分开“理解或使用改善”与“展示或辅助变化”？ 这次变好是设计改进，还是使用者得到更多帮助？","true","false","design","direction-owned-direction-case"
"design-5","design","interaction","情境资料与个体差异","体验与用户研究研究档案：原型版本、任务路径与失败反馈；设计任务、迭代版本和使用者反馈。需对照设计任务与使用反馈中的定义、对象索引与适用条件","「体验与用户研究」：在体验与用户研究中，怎样核对原型版本、任务路径与失败反馈，分开“理解或使用改善”与“展示或辅助变化”？","true","false","design","direction-owned-direction-case"
"design-6","design","arts","公众需要与协作范围","社会创新设计研究档案：原型版本、任务路径与失败反馈；设计任务、迭代版本和使用者反馈；任务路径、迭代版本和错误恢复记录。需对照的具体条目：新方案定义、采用条件与失败案例","「社会创新设计」：在社会创新设计中，怎样核对新方案定义、采用条件与失败案例，分开“理解或使用改善”与“展示或辅助变化”？ 这次变好是设计改进，还是使用者得到更多帮助？","true","false","design","direction-owned-direction-case"
"design-7","design","arts","环境目标与资源条件","可持续设计研究档案：原型版本、任务路径与失败反馈；设计任务、迭代版本和使用者反馈；任务路径、迭代版本和错误恢复记录。需对照的具体条目：评价边界、资源投入与负担转移","「可持续设计」：在可持续设计中，怎样核对评价边界、资源投入与负担转移，分开“理解或使用改善”与“展示或辅助变化”？ 这次变好是设计改进，还是使用者得到更多帮助？","true","false","design","direction-owned-direction-case"
"design-8","design","arts","表达概念与文化材料","设计史与理论研究档案：同时代记载与后期整理本的年代对照；相关领域文献对“原型版本、任务路径与失败反馈”的用语与记录方式；年代、出处和同时代对照；同时代资料、后期整理和出处链。需对照的具体条目：设计文本、使用变迁与生产制度","「设计史与理论」：在设计史与理论中，怎样核对设计文本、使用变迁与生产制度，分开“当时制度或实践”与“后来的回忆或分类”？ 哪一层叙述来自当时，哪一层来自后来的整理？","true","false","design","direction-owned-direction-case"
"design-9","design","arts","工具边界与体验反馈","数字与沉浸设计研究档案：原型版本、任务路径与失败反馈；设计任务、迭代版本和使用者反馈；任务路径、迭代版本和错误恢复记录。需对照的具体条目：编码规则、平台入口与不可见记录；感知条件、交互负担与退出体验","「数字与沉浸设计」：在数字与沉浸设计中，怎样核对编码规则、平台入口与不可见记录，分开“理解或使用改善”与“展示或辅助变化”？ 这次变好是设计改进，还是使用者得到更多帮助？","true","false","design","direction-owned-direction-case"
"publichealth-4","publichealth","psychology","生活情境与行动条件","健康行为与促进研究档案：群体分母、健康事件与服务可及性；目标比较、资料进入和记录变化。需对照群体健康与服务覆盖中的定义、对象索引与适用条件","「健康行为与促进」：在健康行为与促进中，怎样核对群体分母、健康事件与服务可及性，分开“实际健康或服务变化”与“进入及记录机会改变”？","true","false","","direction-owned-direction-case"
"publichealth-5","publichealth","biomedical","群体指标与推断前提","生物统计与方法研究档案：群体分母、健康事件与服务可及性；细胞组成、功能层次和独立来源。需对照的具体条目：输入要求、适用前提与方法失败条件","「生物统计与方法」：在生物统计与方法中，怎样核对输入要求、适用前提与方法失败条件，分开“单元状态改变”与“组成或技术批次差异”？","true","false","","direction-owned-direction-case"
"publichealth-6","publichealth","infection","时间记录与比较范围","传染病群体研究研究档案：群体分母、健康事件与服务可及性；诊断口径、暴露机会和服务路径；目标人群、进入机制和暴露窗口。需对照群体健康与服务覆盖中的定义、对象索引与适用条件","「传染病群体研究」：在传染病群体研究中，怎样核对群体分母、健康事件与服务可及性，分开“实际群体负担变化”与“检测或服务机会变化”？","true","false","","direction-owned-direction-case"
"publichealth-7","publichealth","population","长期资料与结局口径","慢病群体研究研究档案：群体分母、健康事件与服务可及性；目标人群、进入机制和暴露窗口。需对照的具体条目：持续暴露、多病共存与长期观察","「慢病群体研究」：在慢病群体研究中，怎样核对持续暴露、多病共存与长期观察，分开“目标人群的真实变化”与“进入资料的机会变化”？","true","false","","direction-owned-direction-case"
"publichealth-8","publichealth","population","资源差异与制度情境","健康公平研究档案：行动者理由、利益负担与提出异议的记录；相关领域文献对“群体分母、健康事件与服务可及性”的用语与记录方式；受益负担、行动理由和申诉机会。需对照群体健康与服务覆盖中的定义、对象索引与适用条件","「健康公平」：在健康公平中，怎样核对群体分母、健康事件与服务可及性，分开“可辩护的规范理由”与“偏好数量代替理由”？ 谁承担了负担，现有理由怎样回应他的异议？","true","false","","direction-owned-direction-case"
"publichealth-9","publichealth","population","地方需要与服务条件","全球与社区健康研究档案：群体分母、健康事件与服务可及性；目标人群、进入机制和暴露窗口。需对照的具体条目：进入机会、空间路径与地方制度；跨区域联结、地方时序与资料语言","「全球与社区健康」：在全球与社区健康中，怎样核对进入机会、空间路径与地方制度，分开“目标人群的真实变化”与“进入资料的机会变化”？","true","false","nursing","direction-owned-direction-case"
"cardiology-1","cardiology","heart-failure","研究对象、观察窗口与资料比较条件","心功能分型、活动耐量与再住院时间轴","「心力衰竭」：心功能指标变好了，为什么仍要独立看再住院？","true","false","","direction-owned-concept"
"cardiology-2","cardiology","cardiac","研究对象、观察窗口与资料比较条件","冠心病研究档案：心脏结构、循环负荷与心血管事件；心脏负荷与功能的并列记录。需对照的具体条目：血管评价、症状与缺血相关资料","「冠心病」：在冠心病中，怎样核对血管评价、症状与缺血相关资料，分开“直接心脏变化”与“循环负荷变化”？","true","false","","direction-owned-direction-case"
"cardiology-3","cardiology","rhythm","研究对象、观察窗口与资料比较条件","监测覆盖时长、心律事件判定与症状日记","「心律失常」：两组捕获次数不同，为什么先要看监测时长？","true","false","","direction-owned-concept"
"cardiology-4","cardiology","cardiac","研究对象、观察窗口与资料比较条件","高血压研究档案：心脏结构、循环负荷与心血管事件；测量条件、血流负荷和时段轨迹。需对照的具体条目：测量场景、日内变化与长期负担","「高血压」：在高血压中，怎样核对测量场景、日内变化与长期负担，分开“持续循环状态改变”与“测量或状态波动”？","true","false","","direction-owned-direction-case"
"cardiology-5","cardiology","heart-failure","研究对象、观察窗口与资料比较条件","心肌病研究档案：心脏结构、循环负荷与心血管事件；心脏负荷与功能的并列记录；结构、负荷及动作功能的联合描述。需对照的具体条目：表型定义、家系线索与负荷背景","「心肌病」：在心肌病中，怎样核对表型定义、家系线索与负荷背景，分开“直接心脏变化”与“循环负荷变化”？","true","false","","direction-owned-direction-case"
"cardiology-6","cardiology","imaging","对象内重复、平台版本与图像质量","心脏影像研究档案：心脏结构、循环负荷与心血管事件；心脏负荷与功能的并列记录；个体索引、图像条件和判读分歧。需对照的具体条目：来源索引、采集条件与判读分歧","「心脏影像」：在心脏影像中，怎样核对来源索引、采集条件与判读分歧，分开“直接心脏变化”与“循环负荷变化”？","true","false","","direction-owned-direction-case"
"cardiology-7","cardiology","cardiac","阶段、生活条件与功能或体验变化","心脏康复研究档案：心脏结构、循环负荷与心血管事件；心脏负荷与功能的并列记录；测试能力、生活活动与环境支持。需对照心脏功能与循环中的定义、对象索引与适用条件","「心脏康复」：在心脏康复中，怎样核对心脏结构、循环负荷与心血管事件，分开“直接心脏变化”与“循环负荷变化”？","true","false","","direction-owned-direction-case"
"cardiology-8","cardiology","cardiac","研究对象、观察窗口与资料比较条件","结构性心脏病研究档案：心脏结构、循环负荷与心血管事件；心脏负荷与功能的并列记录。需对照的具体条目：结构分级、血流条件与功能负担","「结构性心脏病」：在结构性心脏病中，怎样核对结构分级、血流条件与功能负担，分开“直接心脏变化”与“循环负荷变化”？","true","false","","direction-owned-direction-case"
"cardiology-9","cardiology","genetic-association","对象关系、参考版本与变异解释","心血管遗传研究档案：心脏结构、循环负荷与心血管事件；心脏负荷与功能的并列记录；参考版本、来源关系与变异表型对应；不同层次的读数、背景条件和相反趋势。需对照心脏功能与循环中的定义、对象索引与适用条件","「心血管遗传」：在心血管遗传中，怎样核对心脏结构、循环负荷与心血管事件，分开“直接心脏变化”与“循环负荷变化”？ 各层次读数是否在回答同一个问题？","true","false","","direction-owned-direction-case"
"cardiology-10","cardiology","cardiac","研究对象、观察窗口与资料比较条件","心血管代谢研究档案：心脏结构、循环负荷与心血管事件；心脏负荷与功能的并列记录；激素或代谢时序与状态分层。需对照心脏功能与循环中的定义、对象索引与适用条件","「心血管代谢」：在心血管代谢中，怎样核对心脏结构、循环负荷与心血管事件，分开“直接心脏变化”与“循环负荷变化”？","true","false","","direction-owned-direction-case"
"cardiology-11","cardiology","biomedical","研究对象、观察窗口与资料比较条件","血管生物学研究档案：心脏结构、循环负荷与心血管事件；细胞组成、功能层次和独立来源；测量条件、血流负荷和时段轨迹。需对照心脏功能与循环中的定义、对象索引与适用条件","「血管生物学」：在血管生物学中，怎样核对心脏结构、循环负荷与心血管事件，分开“单元状态改变”与“组成或技术批次差异”？","true","false","","direction-owned-direction-case"
"cardiology-12","cardiology","cardiac","入组范围、观察时间与未完成随访","心血管结局研究研究档案：心脏结构、循环负荷与心血管事件；心脏负荷与功能的并列记录；进入时点、结局定义和失访去向；进入资格、观察窗口和退出去向。需对照的具体条目：结局事件、观察起点与判定口径","「心血管结局研究」：在心血管结局研究中，怎样核对结局事件、观察起点与判定口径，分开“直接心脏变化”与“循环负荷变化”？ 没进入后续记录的人，能否当成没有发生变化？","true","false","","direction-owned-direction-case"
"respiratory-1","respiratory","respiratory","研究对象、观察窗口与资料比较条件","慢性气道疾病研究档案：肺功能、肺结构与症状活动；通气、交换与活动症状的分项资料。需对照的具体条目：通气指标、症状与活动状态","「慢性气道疾病」：在慢性气道疾病中，怎样核对通气指标、症状与活动状态，分开“气道与通气变化”与“交换或活动限制”？","true","false","","direction-owned-direction-case"
"respiratory-2","respiratory","respiratory","研究对象、观察窗口与资料比较条件","间质性肺疾病研究档案：肺功能、肺结构与症状活动；通气、交换与活动症状的分项资料。需对照的具体条目：影像范围、气体交换与功能轨迹","「间质性肺疾病」：在间质性肺疾病中，怎样核对影像范围、气体交换与功能轨迹，分开“气道与通气变化”与“交换或活动限制”？","true","false","","direction-owned-direction-case"
"respiratory-3","respiratory","respiratory","研究对象、观察窗口与资料比较条件","肺血管疾病研究档案：肺功能、肺结构与症状活动；通气、交换与活动症状的分项资料；测量条件、血流负荷和时段轨迹。需对照的具体条目：血流负荷、运动表现与血管资料","「肺血管疾病」：在肺血管疾病中，怎样核对血流负荷、运动表现与血管资料，分开“气道与通气变化”与“交换或活动限制”？","true","false","","direction-owned-direction-case"
"respiratory-4","respiratory","imaging","对象内重复、平台版本与图像质量","呼吸影像研究档案：肺功能、肺结构与症状活动；通气、交换与活动症状的分项资料；个体索引、图像条件和判读分歧。需对照的具体条目：来源索引、采集条件与判读分歧","「呼吸影像」：在呼吸影像中，怎样核对来源索引、采集条件与判读分歧，分开“气道与通气变化”与“交换或活动限制”？","true","false","","direction-owned-direction-case"
"respiratory-5","respiratory","respiratory","任务或测量条件、重复记录与时间","肺功能研究研究档案：肺功能、肺结构与症状活动；通气、交换与活动症状的分项资料；不同层次的读数、背景条件和相反趋势。需对照通气、交换与气道中的定义、对象索引与适用条件","「肺功能研究」：在肺功能研究中，怎样核对肺功能、肺结构与症状活动，分开“气道与通气变化”与“交换或活动限制”？ 各层次读数是否在回答同一个问题？","true","false","","direction-owned-direction-case"
"respiratory-6","respiratory","respiratory","研究对象、观察窗口与资料比较条件","睡眠呼吸研究档案：肺功能、肺结构与症状活动；通气、交换与活动症状的分项资料；状态时段、功能负担和报告来源。需对照的具体条目：夜间记录、白天功能与观察条件","「睡眠呼吸」：在睡眠呼吸中，怎样核对夜间记录、白天功能与观察条件，分开“气道与通气变化”与“交换或活动限制”？","true","false","","direction-owned-direction-case"
"respiratory-7","respiratory","respiratory","阶段、生活条件与功能或体验变化","呼吸康复研究档案：肺功能、肺结构与症状活动；通气、交换与活动症状的分项资料；测试能力、生活活动与环境支持。需对照通气、交换与气道中的定义、对象索引与适用条件","「呼吸康复」：在呼吸康复中，怎样核对肺功能、肺结构与症状活动，分开“气道与通气变化”与“交换或活动限制”？","true","false","","direction-owned-direction-case"
"respiratory-8","respiratory","respiratory","研究对象、观察窗口与资料比较条件","环境与呼吸健康研究档案：肺功能、肺结构与症状活动；通气、交换与活动症状的分项资料；目标人群、进入机制和暴露窗口。需对照通气、交换与气道中的定义、对象索引与适用条件","「环境与呼吸健康」：在环境与呼吸健康中，怎样核对肺功能、肺结构与症状活动，分开“气道与通气变化”与“交换或活动限制”？","true","false","","direction-owned-direction-case"
"respiratory-9","respiratory","respiratory","研究对象、观察窗口与资料比较条件","呼吸系统肿瘤研究档案：肺功能、肺结构与症状活动；通气、交换与活动症状的分项资料；病灶变化、分期与患者功能的对照。需对照的具体条目：分型、对象进入与患者结局窗口","「呼吸系统肿瘤」：在呼吸系统肿瘤中，怎样核对分型、对象进入与患者结局窗口，分开“气道与通气变化”与“交换或活动限制”？","true","false","","direction-owned-direction-case"
"respiratory-10","respiratory","measurement-scale","测量含义、填答者与时间窗口","呼吸症状量表研究档案：肺功能、肺结构与症状活动；通气、交换与活动症状的分项资料；条目版本、填答者和缺失项；参考依据、重复读数和误差分项。需对照通气、交换与气道中的定义、对象索引与适用条件","「呼吸症状量表」：在呼吸症状量表中，怎样核对肺功能、肺结构与症状活动，分开“气道与通气变化”与“交换或活动限制”？ 读数差异来自被测对象，还是测量链的变化？","true","false","","direction-owned-direction-case"
"respiratory-11","respiratory","respiratory","入组范围、观察时间与未完成随访","长期氧疗结局研究档案：肺功能、肺结构与症状活动；通气、交换与活动症状的分项资料；进入时点、结局定义和失访去向；进入资格、观察窗口和退出去向。需对照的具体条目：实际使用时间、功能负担与长期随访；结局事件、观察起点与判定口径","「长期氧疗结局」：在长期氧疗结局中，怎样核对实际使用时间、功能负担与长期随访，分开“气道与通气变化”与“交换或活动限制”？ 没进入后续记录的人，能否当成没有发生变化？","true","false","","direction-owned-direction-case"
"respiratory-12","respiratory","respiratory","入组范围、观察时间与未完成随访","呼吸疾病队列研究档案：肺功能、肺结构与症状活动；通气、交换与活动症状的分项资料；进入时点、结局定义和失访去向；进入资格、观察窗口和退出去向。需对照的具体条目：对象进入时点、重复观察与失访去向","「呼吸疾病队列」：在呼吸疾病队列中，怎样核对对象进入时点、重复观察与失访去向，分开“气道与通气变化”与“交换或活动限制”？ 没进入后续记录的人，能否当成没有发生变化？","true","false","","direction-owned-direction-case"
"gastroenterology-1","gastroenterology","digestive","研究对象、观察窗口与资料比较条件","胃肠动力研究档案：动力、黏膜资料与营养症状；动力、组织评价与消化症状的对照。需对照的具体条目：动力读数、摄入条件与症状时段","「胃肠动力」：在胃肠动力中，怎样核对动力读数、摄入条件与症状时段，分开“组织或动力改变”与“感觉、摄入或观察差异”？","true","false","","direction-owned-direction-case"
"gastroenterology-2","gastroenterology","digestive","研究对象、观察窗口与资料比较条件","炎症性肠病研究档案：动力、黏膜资料与营养症状；动力、组织评价与消化症状的对照；细胞组成、活化标志与组织状态。需对照消化功能与组织状态中的定义、对象索引与适用条件","「炎症性肠病」：在炎症性肠病中，怎样核对动力、黏膜资料与营养症状，分开“组织或动力改变”与“感觉、摄入或观察差异”？","true","false","","direction-owned-direction-case"
"gastroenterology-3","gastroenterology","digestive","研究对象、观察窗口与资料比较条件","肝病与肝纤维化研究档案：动力、黏膜资料与营养症状；动力、组织评价与消化症状的对照。需对照的具体条目：组织或功能读数、代谢背景与病程；组织分级、功能读数与纤维化资料","「肝病与肝纤维化」：在肝病与肝纤维化中，怎样核对组织分级、功能读数与纤维化资料，分开“组织或动力改变”与“感觉、摄入或观察差异”？","true","false","","direction-owned-direction-case"
"gastroenterology-4","gastroenterology","digestive","研究对象、观察窗口与资料比较条件","消化内镜质控研究档案：动力、黏膜资料与营养症状；动力、组织评价与消化症状的对照；版本变更、异常记录和失败复核。需对照消化功能与组织状态中的定义、对象索引与适用条件","「消化内镜质控」：在消化内镜质控中，怎样核对动力、黏膜资料与营养症状，分开“组织或动力改变”与“感觉、摄入或观察差异”？ 所谓更可靠，是失败更少，还是失败更少被记下来？","true","false","","direction-owned-direction-case"
"gastroenterology-5","gastroenterology","digestive","研究对象、观察窗口与资料比较条件","胰腺疾病研究档案：动力、黏膜资料与营养症状；动力、组织评价与消化症状的对照。需对照的具体条目：结构资料、功能变化与观察窗口","「胰腺疾病」：在胰腺疾病中，怎样核对结构资料、功能变化与观察窗口，分开“组织或动力改变”与“感觉、摄入或观察差异”？","true","false","","direction-owned-direction-case"
"gastroenterology-6","gastroenterology","digestive","研究对象、观察窗口与资料比较条件","肠道生态研究档案：动力、黏膜资料与营养症状；动力、组织评价与消化症状的对照。需对照的具体条目：群落组成、来源关系与注释版本","「肠道生态」：在肠道生态中，怎样核对群落组成、来源关系与注释版本，分开“组织或动力改变”与“感觉、摄入或观察差异”？","true","false","","direction-owned-direction-case"
"gastroenterology-7","gastroenterology","digestive","阶段、生活条件与功能或体验变化","营养与消化研究档案：动力、黏膜资料与营养症状；动力、组织评价与消化症状的对照；组成、摄入及整体模式的分别记录；计量单位、时间窗口和未计入的投入。需对照消化功能与组织状态中的定义、对象索引与适用条件","「营养与消化」：在营养与消化中，怎样核对动力、黏膜资料与营养症状，分开“组织或动力改变”与“感觉、摄入或观察差异”？ 看起来更划算，是效率提高还是少算了投入？","true","false","","direction-owned-direction-case"
"gastroenterology-8","gastroenterology","digestive","研究对象、观察窗口与资料比较条件","消化道肿瘤研究档案：动力、黏膜资料与营养症状；动力、组织评价与消化症状的对照；病灶变化、分期与患者功能的对照。需对照的具体条目：分型、对象进入与患者结局窗口","「消化道肿瘤」：在消化道肿瘤中，怎样核对分型、对象进入与患者结局窗口，分开“组织或动力改变”与“感觉、摄入或观察差异”？","true","false","","direction-owned-direction-case"
"gastroenterology-9","gastroenterology","digestive","研究对象、观察窗口与资料比较条件","胃食管反流研究档案：动力、黏膜资料与营养症状；动力、组织评价与消化症状的对照。需对照的具体条目：症状时段、暴露窗口与功能评价","「胃食管反流」：在胃食管反流中，怎样核对症状时段、暴露窗口与功能评价，分开“组织或动力改变”与“感觉、摄入或观察差异”？","true","false","","direction-owned-direction-case"
"gastroenterology-10","gastroenterology","digestive","任务或测量条件、重复记录与时间","功能性胃肠病研究档案：动力、黏膜资料与营养症状；动力、组织评价与消化症状的对照；不同层次的读数、背景条件和相反趋势。需对照消化功能与组织状态中的定义、对象索引与适用条件","「功能性胃肠病」：在功能性胃肠病中，怎样核对动力、黏膜资料与营养症状，分开“组织或动力改变”与“感觉、摄入或观察差异”？ 各层次读数是否在回答同一个问题？","true","false","","direction-owned-direction-case"
"gastroenterology-11","gastroenterology","digestive","研究对象、观察窗口与资料比较条件","胆道疾病研究档案：动力、黏膜资料与营养症状；动力、组织评价与消化症状的对照。需对照的具体条目：组织或功能读数、代谢背景与病程；局部结构、胆汁通路与症状阶段","「胆道疾病」：在胆道疾病中，怎样核对局部结构、胆汁通路与症状阶段，分开“组织或动力改变”与“感觉、摄入或观察差异”？","true","false","","direction-owned-direction-case"
"gastroenterology-12","gastroenterology","digestive","入组范围、观察时间与未完成随访","消化疾病结局研究档案：动力、黏膜资料与营养症状；动力、组织评价与消化症状的对照；进入时点、结局定义和失访去向；进入资格、观察窗口和退出去向。需对照的具体条目：结局事件、观察起点与判定口径","「消化疾病结局」：在消化疾病结局中，怎样核对结局事件、观察起点与判定口径，分开“组织或动力改变”与“感觉、摄入或观察差异”？ 没进入后续记录的人，能否当成没有发生变化？","true","false","","direction-owned-direction-case"
"endocrinology-1","endocrinology","metabolic","研究对象、观察窗口与资料比较条件","糖尿病研究档案：激素时序、代谢指标与反馈状态；滤过估计与尿液标志的不同轨迹；激素或代谢时序与状态分层。需对照的具体条目：糖代谢轨迹、暴露时间与并存疾病","「糖尿病」：在糖尿病中，怎样核对糖代谢轨迹、暴露时间与并存疾病，分开“功能状态变化”与“损伤或容量变化”？","true","false","","direction-owned-direction-case"
"endocrinology-2","endocrinology","metabolic","研究对象、观察窗口与资料比较条件","肥胖研究研究档案：激素时序、代谢指标与反馈状态；激素或代谢时序与状态分层。需对照的具体条目：身体组成、能量背景与功能结局","「肥胖研究」：在肥胖研究中，怎样核对身体组成、能量背景与功能结局，分开“持续代谢状态”与“测量相位或反馈改变”？","true","false","","direction-owned-direction-case"
"endocrinology-3","endocrinology","metabolic","研究对象、观察窗口与资料比较条件","甲状腺疾病研究档案：激素时序、代谢指标与反馈状态；激素或代谢时序与状态分层。需对照的具体条目：反馈状态、功能读数与测量时点","「甲状腺疾病」：在甲状腺疾病中，怎样核对反馈状态、功能读数与测量时点，分开“持续代谢状态”与“测量相位或反馈改变”？","true","false","","direction-owned-direction-case"
"endocrinology-4","endocrinology","metabolic","研究对象、观察窗口与资料比较条件","骨代谢研究档案：激素时序、代谢指标与反馈状态；激素或代谢时序与状态分层；结构、负荷及动作功能的联合描述。需对照的具体条目：骨量、更新标志与骨折相关结局","「骨代谢」：在骨代谢中，怎样核对骨量、更新标志与骨折相关结局，分开“持续代谢状态”与“测量相位或反馈改变”？","true","false","","direction-owned-direction-case"
"endocrinology-5","endocrinology","metabolic","研究对象、观察窗口与资料比较条件","肾上腺疾病研究档案：激素时序、代谢指标与反馈状态；滤过估计与尿液标志的不同轨迹；激素或代谢时序与状态分层。需对照的具体条目：激素反馈、节律与目标组织表现；滤过轨迹、尿液标志与容量背景","「肾上腺疾病」：在肾上腺疾病中，怎样核对激素反馈、节律与目标组织表现，分开“功能状态变化”与“损伤或容量变化”？","true","false","","direction-owned-direction-case"
"endocrinology-6","endocrinology","metabolic","研究对象、观察窗口与资料比较条件","垂体疾病研究档案：激素时序、代谢指标与反馈状态；激素或代谢时序与状态分层。需对照的具体条目：激素反馈、节律与目标组织表现","「垂体疾病」：在垂体疾病中，怎样核对激素反馈、节律与目标组织表现，分开“持续代谢状态”与“测量相位或反馈改变”？","true","false","","direction-owned-direction-case"
"endocrinology-7","endocrinology","metabolic","研究对象、观察窗口与资料比较条件","生殖内分泌研究档案：激素时序、代谢指标与反馈状态；激素或代谢时序与状态分层；生命阶段与母婴或生殖结局的对应。需对照激素、代谢与反馈中的定义、对象索引与适用条件","「生殖内分泌」：在生殖内分泌中，怎样核对激素时序、代谢指标与反馈状态，分开“持续代谢状态”与“测量相位或反馈改变”？","true","false","","direction-owned-direction-case"
"endocrinology-8","endocrinology","metabolic","研究对象、观察窗口与资料比较条件","代谢综合征研究档案：激素时序、代谢指标与反馈状态；激素或代谢时序与状态分层。需对照激素、代谢与反馈中的定义、对象索引与适用条件","「代谢综合征」：在代谢综合征中，怎样核对激素时序、代谢指标与反馈状态，分开“持续代谢状态”与“测量相位或反馈改变”？","true","false","","direction-owned-direction-case"
"endocrinology-9","endocrinology","genetic-association","对象关系、参考版本与变异解释","内分泌遗传研究档案：激素时序、代谢指标与反馈状态；激素或代谢时序与状态分层；参考版本、来源关系与变异表型对应；不同层次的读数、背景条件和相反趋势。需对照激素、代谢与反馈中的定义、对象索引与适用条件","「内分泌遗传」：在内分泌遗传中，怎样核对激素时序、代谢指标与反馈状态，分开“持续代谢状态”与“测量相位或反馈改变”？ 各层次读数是否在回答同一个问题？","true","false","","direction-owned-direction-case"
"endocrinology-10","endocrinology","metabolic","任务或测量条件、重复记录与时间","连续代谢监测研究档案：激素时序、代谢指标与反馈状态；激素或代谢时序与状态分层；参考依据、重复读数和误差分项。需对照激素、代谢与反馈中的定义、对象索引与适用条件","「连续代谢监测」：在连续代谢监测中，怎样核对激素时序、代谢指标与反馈状态，分开“持续代谢状态”与“测量相位或反馈改变”？ 读数差异来自被测对象，还是测量链的变化？","true","false","","direction-owned-direction-case"
"endocrinology-11","endocrinology","metabolic","阶段、生活条件与功能或体验变化","代谢与衰老研究档案：激素时序、代谢指标与反馈状态；激素或代谢时序与状态分层；功能储备、年龄及照护需要。需对照激素、代谢与反馈中的定义、对象索引与适用条件","「代谢与衰老」：在代谢与衰老中，怎样核对激素时序、代谢指标与反馈状态，分开“持续代谢状态”与“测量相位或反馈改变”？","true","false","","direction-owned-direction-case"
"endocrinology-12","endocrinology","metabolic","入组范围、观察时间与未完成随访","内分泌结局研究档案：激素时序、代谢指标与反馈状态；激素或代谢时序与状态分层；进入时点、结局定义和失访去向；进入资格、观察窗口和退出去向。需对照的具体条目：结局事件、观察起点与判定口径","「内分泌结局」：在内分泌结局中，怎样核对结局事件、观察起点与判定口径，分开“持续代谢状态”与“测量相位或反馈改变”？ 没进入后续记录的人，能否当成没有发生变化？","true","false","","direction-owned-direction-case"
"nephrology-1","nephrology","renal","研究对象、观察窗口与资料比较条件","慢性肾病研究档案：滤过估计、尿液标志与容量状态；滤过估计与尿液标志的不同轨迹。需对照的具体条目：滤过轨迹、尿液标志与容量背景；长期滤过变化、分期与尿液标志","「慢性肾病」：在慢性肾病中，怎样核对长期滤过变化、分期与尿液标志，分开“功能状态变化”与“损伤或容量变化”？","true","false","","direction-owned-direction-case"
"nephrology-2","nephrology","renal","研究对象、观察窗口与资料比较条件","急性肾损伤研究档案：滤过估计、尿液标志与容量状态；滤过估计与尿液标志的不同轨迹。需对照的具体条目：滤过轨迹、尿液标志与容量背景；基线窗口、短时变化与恢复轨迹","「急性肾损伤」：在急性肾损伤中，怎样核对基线窗口、短时变化与恢复轨迹，分开“功能状态变化”与“损伤或容量变化”？","true","false","","direction-owned-direction-case"
"nephrology-3","nephrology","renal","研究对象、观察窗口与资料比较条件","肾小球疾病研究档案：滤过估计、尿液标志与容量状态；滤过估计与尿液标志的不同轨迹。需对照的具体条目：滤过轨迹、尿液标志与容量背景；尿液标志、组织分型与功能背景","「肾小球疾病」：在肾小球疾病中，怎样核对尿液标志、组织分型与功能背景，分开“功能状态变化”与“损伤或容量变化”？","true","false","","direction-owned-direction-case"
"nephrology-4","nephrology","imaging","测量口径、平台或读者差异","肾脏病理研究档案：滤过估计、尿液标志与容量状态；滤过估计与尿液标志的不同轨迹；结构定位、组织层次与判读条件；不同层次的读数、背景条件和相反趋势。需对照的具体条目：滤过轨迹、尿液标志与容量背景","「肾脏病理」：在肾脏病理中，怎样核对滤过轨迹、尿液标志与容量背景，分开“功能状态变化”与“损伤或容量变化”？ 各层次读数是否在回答同一个问题？","true","false","","direction-owned-direction-case"
"nephrology-5","nephrology","renal","入组范围、观察时间与未完成随访","透析结局研究档案：滤过估计、尿液标志与容量状态；滤过估计与尿液标志的不同轨迹；进入时点、结局定义和失访去向；进入资格、观察窗口和退出去向。需对照的具体条目：实际暴露、残余功能与随访质量；结局事件、观察起点与判定口径","「透析结局」：在透析结局中，怎样核对实际暴露、残余功能与随访质量，分开“功能状态变化”与“损伤或容量变化”？ 没进入后续记录的人，能否当成没有发生变化？","true","false","","direction-owned-direction-case"
"nephrology-6","nephrology","renal","入组范围、观察时间与未完成随访","肾移植随访研究档案：滤过估计、尿液标志与容量状态；滤过估计与尿液标志的不同轨迹；进入时点、结局定义和失访去向；进入资格、观察窗口和退出去向。需对照的具体条目：滤过轨迹、尿液标志与容量背景；来源关系、阶段变化与随访起点","「肾移植随访」：在肾移植随访中，怎样核对来源关系、阶段变化与随访起点，分开“功能状态变化”与“损伤或容量变化”？ 没进入后续记录的人，能否当成没有发生变化？","true","false","","direction-owned-direction-case"
"nephrology-7","nephrology","genetic-association","对象关系、参考版本与变异解释","肾脏遗传研究档案：滤过估计、尿液标志与容量状态；滤过估计与尿液标志的不同轨迹；参考版本、来源关系与变异表型对应；不同层次的读数、背景条件和相反趋势。需对照的具体条目：滤过轨迹、尿液标志与容量背景","「肾脏遗传」：在肾脏遗传中，怎样核对滤过轨迹、尿液标志与容量背景，分开“功能状态变化”与“损伤或容量变化”？ 各层次读数是否在回答同一个问题？","true","false","","direction-owned-direction-case"
"nephrology-8","nephrology","renal","研究对象、观察窗口与资料比较条件","水盐平衡研究档案：滤过估计、尿液标志与容量状态；摄入背景、身体功能和疾病共存。需对照肾滤过、排泄与损伤中的定义、对象索引与适用条件","「水盐平衡」：在水盐平衡中，怎样核对滤过估计、尿液标志与容量状态，分开“整体状态改变”与“单项或共病构成变化”？","true","false","","direction-owned-direction-case"
"nephrology-9","nephrology","imaging","对象内重复、平台版本与图像质量","肾脏影像研究档案：滤过估计、尿液标志与容量状态；滤过估计与尿液标志的不同轨迹；个体索引、图像条件和判读分歧。需对照的具体条目：滤过轨迹、尿液标志与容量背景；来源索引、采集条件与判读分歧","「肾脏影像」：在肾脏影像中，怎样核对来源索引、采集条件与判读分歧，分开“功能状态变化”与“损伤或容量变化”？","true","false","","direction-owned-direction-case"
"nephrology-10","nephrology","renal","阶段、生活条件与功能或体验变化","肾病营养研究档案：滤过估计、尿液标志与容量状态；滤过估计与尿液标志的不同轨迹；组成、摄入及整体模式的分别记录；计量单位、时间窗口和未计入的投入。需对照的具体条目：滤过轨迹、尿液标志与容量背景","「肾病营养」：在肾病营养中，怎样核对滤过轨迹、尿液标志与容量背景，分开“功能状态变化”与“损伤或容量变化”？ 看起来更划算，是效率提高还是少算了投入？","true","false","","direction-owned-direction-case"
"nephrology-11","nephrology","cardiac","研究对象、观察窗口与资料比较条件","肾脏与心血管研究档案：滤过估计、尿液标志与容量状态；心脏负荷与功能的并列记录；滤过估计与尿液标志的不同轨迹。需对照的具体条目：滤过轨迹、尿液标志与容量背景","「肾脏与心血管」：在肾脏与心血管中，怎样核对滤过轨迹、尿液标志与容量背景，分开“直接心脏变化”与“循环负荷变化”？","true","false","","direction-owned-direction-case"
"nephrology-12","nephrology","renal","入组范围、观察时间与未完成随访","肾脏疾病队列研究档案：滤过估计、尿液标志与容量状态；滤过估计与尿液标志的不同轨迹；进入时点、结局定义和失访去向；进入资格、观察窗口和退出去向。需对照的具体条目：滤过轨迹、尿液标志与容量背景；对象进入时点、重复观察与失访去向","「肾脏疾病队列」：在肾脏疾病队列中，怎样核对对象进入时点、重复观察与失访去向，分开“功能状态变化”与“损伤或容量变化”？ 没进入后续记录的人，能否当成没有发生变化？","true","false","","direction-owned-direction-case"
"hematology-1","hematology","hematology","资料来源、批次与模型范围","造血与干细胞研究档案：细胞计数、形态与凝血过程；细胞计数、形态与功能分开登记；鉴定可靠性、分子丰度与功能资料；不同层次的读数、背景条件和相反趋势。需对照的具体条目：细胞谱系、来源关系与随访阶段","「造血与干细胞」：在造血与干细胞中，怎样核对细胞谱系、来源关系与随访阶段，分开“数量或组成变化”与“单细胞功能变化”？ 各层次读数是否在回答同一个问题？","true","false","","direction-owned-direction-case"
"hematology-2","hematology","hematology","研究对象、观察窗口与资料比较条件","贫血研究研究档案：细胞计数、形态与凝血过程；细胞计数、形态与功能分开登记。需对照的具体条目：细胞数量、形态与功能负担","「贫血研究」：在贫血研究中，怎样核对细胞数量、形态与功能负担，分开“数量或组成变化”与“单细胞功能变化”？","true","false","","direction-owned-direction-case"
"hematology-3","hematology","hematology","研究对象、观察窗口与资料比较条件","凝血与血栓研究档案：细胞计数、形态与凝血过程；血小板、凝血及出血资料的分别评价。需对照的具体条目：凝血读数、血栓或出血结局与背景","「凝血与血栓」：在凝血与血栓中，怎样核对凝血读数、血栓或出血结局与背景，分开“血小板环节变化”与“凝血或出血背景”？","true","false","","direction-owned-direction-case"
"hematology-4","hematology","hematology","研究对象、观察窗口与资料比较条件","血液肿瘤研究档案：细胞计数、形态与凝血过程；细胞计数、形态与功能分开登记；病灶变化、分期与患者功能的对照。需对照的具体条目：分型、对象进入与患者结局窗口","「血液肿瘤」：在血液肿瘤中，怎样核对分型、对象进入与患者结局窗口，分开“数量或组成变化”与“单细胞功能变化”？","true","false","oncology","direction-owned-direction-case"
"hematology-5","hematology","hematology","研究对象、观察窗口与资料比较条件","血液形态学研究档案：细胞计数、形态与凝血过程；细胞计数、形态与功能分开登记；材料来源、组织层次和判读标准。需对照血细胞、造血与止血中的定义、对象索引与适用条件","「血液形态学」：在血液形态学中，怎样核对细胞计数、形态与凝血过程，分开“数量或组成变化”与“单细胞功能变化”？","true","false","","direction-owned-direction-case"
"hematology-6","hematology","hematology","入组范围、观察时间与未完成随访","造血移植结局研究档案：细胞计数、形态与凝血过程；细胞计数、形态与功能分开登记；进入时点、结局定义和失访去向；进入资格、观察窗口和退出去向。需对照的具体条目：细胞谱系、来源关系与随访阶段；结局事件、观察起点与判定口径；来源关系、阶段变化与随访起点","「造血移植结局」：在造血移植结局中，怎样核对细胞谱系、来源关系与随访阶段，分开“数量或组成变化”与“单细胞功能变化”？ 没进入后续记录的人，能否当成没有发生变化？","true","false","","direction-owned-direction-case"
"hematology-7","hematology","genetic-association","对象关系、参考版本与变异解释","血液遗传研究档案：细胞计数、形态与凝血过程；细胞计数、形态与功能分开登记；参考版本、来源关系与变异表型对应；不同层次的读数、背景条件和相反趋势。需对照血细胞、造血与止血中的定义、对象索引与适用条件","「血液遗传」：在血液遗传中，怎样核对细胞计数、形态与凝血过程，分开“数量或组成变化”与“单细胞功能变化”？ 各层次读数是否在回答同一个问题？","true","false","","direction-owned-direction-case"
"hematology-8","hematology","hematology","资料来源、批次与模型范围","血液免疫研究档案：细胞计数、形态与凝血过程；细胞计数、形态与功能分开登记；细胞组成、活化标志与组织状态。需对照血细胞、造血与止血中的定义、对象索引与适用条件","「血液免疫」：在血液免疫中，怎样核对细胞计数、形态与凝血过程，分开“数量或组成变化”与“单细胞功能变化”？","true","false","","direction-owned-direction-case"
"hematology-9","hematology","hematology","研究对象、观察窗口与资料比较条件","输血质量研究档案：细胞计数、形态与凝血过程；细胞计数、形态与功能分开登记；版本变更、异常记录和失败复核。需对照血细胞、造血与止血中的定义、对象索引与适用条件","「输血质量」：在输血质量中，怎样核对细胞计数、形态与凝血过程，分开“数量或组成变化”与“单细胞功能变化”？ 所谓更可靠，是失败更少，还是失败更少被记下来？","true","false","","direction-owned-direction-case"
"hematology-10","hematology","hematology","研究对象、观察窗口与资料比较条件","血小板研究研究档案：细胞计数、形态与凝血过程；血小板、凝血及出血资料的分别评价。需对照的具体条目：凝血读数、血栓或出血结局与背景；数量、功能评价与血栓或出血记录","「血小板研究」：在血小板研究中，怎样核对凝血读数、血栓或出血结局与背景，分开“血小板环节变化”与“凝血或出血背景”？","true","false","","direction-owned-direction-case"
"hematology-11","hematology","hematology","入组范围、观察时间与未完成随访","血液疾病队列研究档案：细胞计数、形态与凝血过程；细胞计数、形态与功能分开登记；进入时点、结局定义和失访去向；进入资格、观察窗口和退出去向。需对照的具体条目：对象进入时点、重复观察与失访去向","「血液疾病队列」：在血液疾病队列中，怎样核对对象进入时点、重复观察与失访去向，分开“数量或组成变化”与“单细胞功能变化”？ 没进入后续记录的人，能否当成没有发生变化？","true","false","","direction-owned-direction-case"
"hematology-12","hematology","hematology","来源、批次与独立对象","血液组学研究档案：细胞计数、形态与凝血过程；细胞计数、形态与功能分开登记；鉴定可靠性、分子丰度与功能资料。需对照血细胞、造血与止血中的定义、对象索引与适用条件","「血液组学」：在血液组学中，怎样核对细胞计数、形态与凝血过程，分开“数量或组成变化”与“单细胞功能变化”？","true","false","","direction-owned-direction-case"
"rheumatology-1","rheumatology","rheumatic","资料来源、批次与模型范围","系统性自身免疫研究档案：活动度、抗体资料与关节功能；细胞组成、活化标志与组织状态。需对照的具体条目：自身反应标志、活动状态与器官表现","「系统性自身免疫」：在系统性自身免疫中，怎样核对自身反应标志、活动状态与器官表现，分开“活化或功能改变”与“细胞组成改变”？","true","false","","direction-owned-direction-case"
"rheumatology-2","rheumatology","rheumatic","研究对象、观察窗口与资料比较条件","炎性关节病研究档案：活动度、抗体资料与关节功能；细胞组成、活化标志与组织状态；结构、负荷及动作功能的联合描述。需对照的具体条目：活动任务、负荷背景与组织状态","「炎性关节病」：在炎性关节病中，怎样核对活动任务、负荷背景与组织状态，分开“活化或功能改变”与“细胞组成改变”？","true","false","","direction-owned-direction-case"
"rheumatology-3","rheumatology","rheumatic","资料来源、批次与模型范围","结缔组织病研究档案：活动度、抗体资料与关节功能；结构定位、组织层次与判读条件；细胞组成、功能层次和独立来源；正式文本、执行条件与被排除的对象。需对照的具体条目：角色分工、资源联系与实际协调","「结缔组织病」：在结缔组织病中，怎样核对角色分工、资源联系与实际协调，分开“局部真实差异”与“取样位置或判读差异”？ 文本已经改变，实际机会和执行是否也改变了？","true","false","","direction-owned-direction-case"
"rheumatology-4","rheumatology","rheumatic","对象内重复、平台版本与图像质量","风湿影像研究档案：活动度、抗体资料与关节功能；细胞组成、活化标志与组织状态；个体索引、图像条件和判读分歧。需对照的具体条目：标志物、活动度与功能体验；来源索引、采集条件与判读分歧","「风湿影像」：在风湿影像中，怎样核对标志物、活动度与功能体验，分开“活化或功能改变”与“细胞组成改变”？","true","false","","direction-owned-direction-case"
"rheumatology-5","rheumatology","rheumatic","研究对象、观察窗口与资料比较条件","自身抗体研究研究档案：活动度、抗体资料与关节功能；细胞组成、活化标志与组织状态。需对照的具体条目：标志物、活动度与功能体验","「自身抗体研究」：在自身抗体研究中，怎样核对标志物、活动度与功能体验，分开“活化或功能改变”与“细胞组成改变”？","true","false","","direction-owned-direction-case"
"rheumatology-6","rheumatology","rheumatic","研究对象、观察窗口与资料比较条件","疾病活动度研究档案：活动度、抗体资料与关节功能；条目版本、填答者和缺失项。需对照炎症活动与组织损伤中的定义、对象索引与适用条件","「疾病活动度」：在疾病活动度中，怎样核对活动度、抗体资料与关节功能，分开“体验实际变化”与“报告者或条目变化”？","true","false","","direction-owned-direction-case"
"rheumatology-7","rheumatology","rheumatic","阶段、生活条件与功能或体验变化","风湿病康复研究档案：活动度、抗体资料与关节功能；细胞组成、活化标志与组织状态；测试能力、生活活动与环境支持。需对照的具体条目：标志物、活动度与功能体验","「风湿病康复」：在风湿病康复中，怎样核对标志物、活动度与功能体验，分开“活化或功能改变”与“细胞组成改变”？","true","false","","direction-owned-direction-case"
"rheumatology-8","rheumatology","rheumatic","入组范围、观察时间与未完成随访","免疫相关结局研究档案：活动度、抗体资料与关节功能；细胞组成、活化标志与组织状态；进入时点、结局定义和失访去向；进入资格、观察窗口和退出去向。需对照的具体条目：结局事件、观察起点与判定口径","「免疫相关结局」：在免疫相关结局中，怎样核对结局事件、观察起点与判定口径，分开“活化或功能改变”与“细胞组成改变”？ 没进入后续记录的人，能否当成没有发生变化？","true","false","","direction-owned-direction-case"
"rheumatology-9","rheumatology","rheumatic","测量含义、填答者与时间窗口","生活质量研究档案：活动度、抗体资料与关节功能；条目版本、填答者和缺失项；版本变更、异常记录和失败复核。需对照炎症活动与组织损伤中的定义、对象索引与适用条件","「生活质量」：在生活质量中，怎样核对活动度、抗体资料与关节功能，分开“体验实际变化”与“报告者或条目变化”？ 所谓更可靠，是失败更少，还是失败更少被记下来？","true","false","","direction-owned-direction-case"
"rheumatology-10","rheumatology","rheumatic","对象关系、参考版本与变异解释","风湿遗传研究档案：活动度、抗体资料与关节功能；细胞组成、活化标志与组织状态；参考版本、来源关系与变异表型对应；不同层次的读数、背景条件和相反趋势。需对照的具体条目：标志物、活动度与功能体验","「风湿遗传」：在风湿遗传中，怎样核对标志物、活动度与功能体验，分开“活化或功能改变”与“细胞组成改变”？ 各层次读数是否在回答同一个问题？","true","false","","direction-owned-direction-case"
"rheumatology-11","rheumatology","rheumatic","入组范围、观察时间与未完成随访","风湿病队列研究档案：活动度、抗体资料与关节功能；细胞组成、活化标志与组织状态；进入时点、结局定义和失访去向；进入资格、观察窗口和退出去向。需对照的具体条目：标志物、活动度与功能体验；对象进入时点、重复观察与失访去向","「风湿病队列」：在风湿病队列中，怎样核对标志物、活动度与功能体验，分开“活化或功能改变”与“细胞组成改变”？ 没进入后续记录的人，能否当成没有发生变化？","true","false","","direction-owned-direction-case"
"rheumatology-12","rheumatology","rheumatic","入组范围、观察时间与未完成随访","患者报告结局研究档案：活动度、抗体资料与关节功能；进入时点、结局定义和失访去向；条目版本、填答者和缺失项；进入资格、观察窗口和退出去向。需对照的具体条目：结局事件、观察起点与判定口径","「患者报告结局」：在患者报告结局中，怎样核对结局事件、观察起点与判定口径，分开“真实结局差异”与“随访机会差异”？ 没进入后续记录的人，能否当成没有发生变化？","true","false","","direction-owned-direction-case"
"neurology-1","neurology","neuro","研究对象、观察窗口与资料比较条件","脑血管病研究档案：神经结构、电生理与认知运动表现；电生理、结构与任务表现的对应；测量条件、血流负荷和时段轨迹。需对照的具体条目：事件时点、病灶资料与功能轨迹","「脑血管病」：在脑血管病中，怎样核对事件时点、病灶资料与功能轨迹，分开“结构相关信号”与“任务或功能状态”？","true","false","","direction-owned-direction-case"
"neurology-2","neurology","neuro","研究对象、观察窗口与资料比较条件","神经退行性疾病研究档案：神经结构、电生理与认知运动表现；电生理、结构与任务表现的对应。需对照的具体条目：任务表现、生活功能与阶段条件","「神经退行性疾病」：在神经退行性疾病中，怎样核对任务表现、生活功能与阶段条件，分开“结构相关信号”与“任务或功能状态”？","true","false","","direction-owned-direction-case"
"neurology-3","neurology","neuro","研究对象、观察窗口与资料比较条件","癫痫研究研究档案：神经结构、电生理与认知运动表现；电生理、结构与任务表现的对应。需对照的具体条目：事件判定、记录覆盖与症状叙述","「癫痫研究」：在癫痫研究中，怎样核对事件判定、记录覆盖与症状叙述，分开“结构相关信号”与“任务或功能状态”？","true","false","","direction-owned-direction-case"
"neurology-4","neurology","neuro","研究对象、观察窗口与资料比较条件","认知障碍研究档案：神经结构、电生理与认知运动表现；电生理、结构与任务表现的对应；任务版本、构念定义和状态条件。需对照的具体条目：任务表现、生活功能与阶段条件；任务难度、注意条件与策略选择","「认知障碍」：在认知障碍中，怎样核对任务表现、生活功能与阶段条件，分开“结构相关信号”与“任务或功能状态”？","true","false","","direction-owned-direction-case"
"neurology-5","neurology","neuro","研究对象、观察窗口与资料比较条件","运动障碍研究档案：神经结构、电生理与认知运动表现；结构、负荷及动作功能的联合描述；训练暴露、恢复阶段和任务表现。需对照的具体条目：训练暴露、恢复阶段与测试熟悉","「运动障碍」：在运动障碍中，怎样核对训练暴露、恢复阶段与测试熟悉，分开“组织结构变化”与“载荷或活动策略变化”？","true","false","","direction-owned-direction-case"
"neurology-6","neurology","imaging","对象内重复、平台版本与图像质量","神经影像研究档案：神经结构、电生理与认知运动表现；电生理、结构与任务表现的对应；个体索引、图像条件和判读分歧。需对照的具体条目：来源索引、采集条件与判读分歧","「神经影像」：在神经影像中，怎样核对来源索引、采集条件与判读分歧，分开“结构相关信号”与“任务或功能状态”？","true","false","","direction-owned-direction-case"
"neurology-7","neurology","rhythm","任务或测量条件、重复记录与时间","神经电生理研究档案：神经结构、电生理与认知运动表现；电生理、结构与任务表现的对应；结构定位、组织层次与判读条件；不同层次的读数、背景条件和相反趋势。需对照神经网络与功能表现中的定义、对象索引与适用条件","「神经电生理」：在神经电生理中，怎样核对神经结构、电生理与认知运动表现，分开“结构相关信号”与“任务或功能状态”？ 各层次读数是否在回答同一个问题？","true","false","","direction-owned-direction-case"
"neurology-8","neurology","genetic-association","对象关系、参考版本与变异解释","神经遗传研究档案：神经结构、电生理与认知运动表现；电生理、结构与任务表现的对应；参考版本、来源关系与变异表型对应；不同层次的读数、背景条件和相反趋势。需对照神经网络与功能表现中的定义、对象索引与适用条件","「神经遗传」：在神经遗传中，怎样核对神经结构、电生理与认知运动表现，分开“结构相关信号”与“任务或功能状态”？ 各层次读数是否在回答同一个问题？","true","false","","direction-owned-direction-case"
"neurology-9","neurology","neuro","研究对象、观察窗口与资料比较条件","头痛研究研究档案：神经结构、电生理与认知运动表现；电生理、结构与任务表现的对应。需对照的具体条目：症状日记、发作窗口与生活影响","「头痛研究」：在头痛研究中，怎样核对症状日记、发作窗口与生活影响，分开“结构相关信号”与“任务或功能状态”？","true","false","","direction-owned-direction-case"
"neurology-10","neurology","neuro","研究对象、观察窗口与资料比较条件","睡眠神经科学研究档案：神经结构、电生理与认知运动表现；电生理、结构与任务表现的对应；状态时段、功能负担和报告来源。需对照的具体条目：夜间记录、白天功能与观察条件","「睡眠神经科学」：在睡眠神经科学中，怎样核对夜间记录、白天功能与观察条件，分开“结构相关信号”与“任务或功能状态”？","true","false","","direction-owned-direction-case"
"neurology-11","neurology","neuro","阶段、生活条件与功能或体验变化","神经康复研究档案：神经结构、电生理与认知运动表现；电生理、结构与任务表现的对应；测试能力、生活活动与环境支持。需对照神经网络与功能表现中的定义、对象索引与适用条件","「神经康复」：在神经康复中，怎样核对神经结构、电生理与认知运动表现，分开“结构相关信号”与“任务或功能状态”？","true","false","","direction-owned-direction-case"
"neurology-12","neurology","neuro","入组范围、观察时间与未完成随访","神经疾病队列研究档案：神经结构、电生理与认知运动表现；电生理、结构与任务表现的对应；进入时点、结局定义和失访去向；进入资格、观察窗口和退出去向。需对照的具体条目：对象进入时点、重复观察与失访去向","「神经疾病队列」：在神经疾病队列中，怎样核对对象进入时点、重复观察与失访去向，分开“结构相关信号”与“任务或功能状态”？ 没进入后续记录的人，能否当成没有发生变化？","true","false","","direction-owned-direction-case"
"infectious-1","infectious","infection","入组范围、观察时间与未完成随访","感染疾病队列研究档案：公开病例历程、宿主状态与诊断覆盖；进入时点、结局定义和失访去向；诊断口径、暴露机会和服务路径；进入资格、观察窗口和退出去向。需对照的具体条目：判定口径、暴露机会与服务路径；对象进入时点、重复观察与失访去向","「感染疾病队列」：在感染疾病队列中，怎样核对判定口径、暴露机会与服务路径，分开“真实结局差异”与“随访机会差异”？ 没进入后续记录的人，能否当成没有发生变化？","true","false","","direction-owned-direction-case"
"infectious-2","infectious","infection","研究对象、观察窗口与资料比较条件","宿主反应研究档案：公开病例历程、宿主状态与诊断覆盖；公开组成表、注释版本与绝对量边界。需对照感染患者历程与宿主反应中的定义、对象索引与适用条件","「宿主反应」：在宿主反应中，怎样核对公开病例历程、宿主状态与诊断覆盖，分开“组成变化”与“总量或注释变化”？","true","false","","direction-owned-direction-case"
"infectious-3","infectious","imaging","对象内重复、平台版本与图像质量","感染疾病影像研究档案：公开病例历程、宿主状态与诊断覆盖；个体索引、图像条件和判读分歧；诊断口径、暴露机会和服务路径。需对照的具体条目：判定口径、暴露机会与服务路径；来源索引、采集条件与判读分歧","「感染疾病影像」：在感染疾病影像中，怎样核对判定口径、暴露机会与服务路径，分开“可重复的影像变化”与“采集或判读变化”？","true","false","","direction-owned-direction-case"
"infectious-4","infectious","infection","入组范围、观察时间与未完成随访","感染结局研究档案：公开病例历程、宿主状态与诊断覆盖；进入时点、结局定义和失访去向；诊断口径、暴露机会和服务路径；进入资格、观察窗口和退出去向。需对照的具体条目：判定口径、暴露机会与服务路径；结局事件、观察起点与判定口径","「感染结局」：在感染结局中，怎样核对判定口径、暴露机会与服务路径，分开“真实结局差异”与“随访机会差异”？ 没进入后续记录的人，能否当成没有发生变化？","true","false","","direction-owned-direction-case"
"infectious-5","infectious","infection","入组范围、观察时间与未完成随访","抗感染药物结局研究档案：公开病例历程、宿主状态与诊断覆盖；来源、暴露及作用层次的分别资料；进入时点、结局定义和失访去向；进入资格、观察窗口和退出去向。需对照的具体条目：判定口径、暴露机会与服务路径；结局事件、观察起点与判定口径","「抗感染药物结局」：在抗感染药物结局中，怎样核对判定口径、暴露机会与服务路径，分开“作用相关变化”与“暴露、选择或背景差异”？ 没进入后续记录的人，能否当成没有发生变化？","true","false","","direction-owned-direction-case"
"infectious-6","infectious","infection","研究对象、观察窗口与资料比较条件","诊断资料评价研究档案：公开病例历程、宿主状态与诊断覆盖；目标人群、参考标准和阳性去向。需对照感染患者历程与宿主反应中的定义、对象索引与适用条件","「诊断资料评价」：在诊断资料评价中，怎样核对公开病例历程、宿主状态与诊断覆盖，分开“可用诊断信息”与“谱差异或提前诊断”？","true","false","","direction-owned-direction-case"
"infectious-7","infectious","infection","研究对象、观察窗口与资料比较条件","院内质量改进研究档案：公开病例历程、宿主状态与诊断覆盖；目标比较、资料进入和记录变化；版本变更、异常记录和失败复核。需对照感染患者历程与宿主反应中的定义、对象索引与适用条件","「院内质量改进」：在院内质量改进中，怎样核对公开病例历程、宿主状态与诊断覆盖，分开“实际健康或服务变化”与“进入及记录机会改变”？ 所谓更可靠，是失败更少，还是失败更少被记下来？","true","false","","direction-owned-direction-case"
"infectious-8","infectious","infection","入组范围、观察时间与未完成随访","长期随访研究档案：公开病例历程、宿主状态与诊断覆盖；进入时点、结局定义和失访去向；进入资格、观察窗口和退出去向。需对照感染患者历程与宿主反应中的定义、对象索引与适用条件","「长期随访」：在长期随访中，怎样核对公开病例历程、宿主状态与诊断覆盖，分开“真实结局差异”与“随访机会差异”？ 没进入后续记录的人，能否当成没有发生变化？","true","false","","direction-owned-direction-case"
"infectious-9","infectious","infection","研究对象、观察窗口与资料比较条件","感染与慢性病研究档案：公开病例历程、宿主状态与诊断覆盖；诊断口径、暴露机会和服务路径。需对照的具体条目：判定口径、暴露机会与服务路径；病程定义、持续暴露与选择背景","「感染与慢性病」：在感染与慢性病中，怎样核对病程定义、持续暴露与选择背景，分开“实际群体负担变化”与“检测或服务机会变化”？","true","false","","direction-owned-direction-case"
"infectious-10","infectious","population","群体范围、信息来源与比较条件","公共卫生协作研究档案：公开病例历程、宿主状态与诊断覆盖；诊断口径、暴露机会和服务路径；目标人群、进入机制和暴露窗口。需对照感染患者历程与宿主反应中的定义、对象索引与适用条件","「公共卫生协作」：在公共卫生协作中，怎样核对公开病例历程、宿主状态与诊断覆盖，分开“实际群体负担变化”与“检测或服务机会变化”？","true","false","","direction-owned-direction-case"
"infectious-11","infectious","population","群体范围、信息来源与比较条件","健康传播研究档案：公开病例历程、宿主状态与诊断覆盖；目标比较、资料进入和记录变化。需对照的具体条目：信息入口、转述链与接触分母；健康信息出处、理解障碍与行为机会","「健康传播」：在健康传播中，怎样核对健康信息出处、理解障碍与行为机会，分开“实际健康或服务变化”与“进入及记录机会改变”？","true","false","","direction-owned-direction-case"
"infectious-12","infectious","health-services","目标、执行层次与受益差异","医疗服务评价研究档案：公开病例历程、宿主状态与诊断覆盖；需求、服务资格和未进入服务者。需对照的具体条目：服务资格、实际交付与未获服务者","「医疗服务评价」：在医疗服务评价中，怎样核对服务资格、实际交付与未获服务者，分开“需求得到满足”与“门槛或登记改变”？","true","false","","direction-owned-direction-case"
"geriatrics-1","geriatrics","life-course","研究对象、观察窗口与资料比较条件","衰弱研究研究档案：多病记录、活动能力与照护支持；功能储备、年龄及照护需要；摄入背景、身体功能和疾病共存。需对照衰弱、功能与照护中的定义、对象索引与适用条件","「衰弱研究」：在衰弱研究中，怎样核对多病记录、活动能力与照护支持，分开“功能储备差异”与“年龄标签或照护背景”？","true","false","","direction-owned-direction-case"
"geriatrics-2","geriatrics","life-course","研究对象、观察窗口与资料比较条件","多病共存研究档案：多病记录、活动能力与照护支持；摄入背景、身体功能和疾病共存。需对照衰弱、功能与照护中的定义、对象索引与适用条件","「多病共存」：在多病共存中，怎样核对多病记录、活动能力与照护支持，分开“整体状态改变”与“单项或共病构成变化”？","true","false","","direction-owned-direction-case"
"geriatrics-3","geriatrics","psychology","任务或测量条件、重复记录与时间","认知与功能研究档案：多病记录、活动能力与照护支持；电生理、结构与任务表现的对应；任务版本、构念定义和状态条件；不同层次的读数、背景条件和相反趋势。需对照的具体条目：任务难度、注意条件与策略选择","「认知与功能」：在认知与功能中，怎样核对任务难度、注意条件与策略选择，分开“结构相关信号”与“任务或功能状态”？ 各层次读数是否在回答同一个问题？","true","false","","direction-owned-direction-case"
"geriatrics-4","geriatrics","life-course","阶段、生活条件与功能或体验变化","老年营养研究档案：多病记录、活动能力与照护支持；功能储备、年龄及照护需要；组成、摄入及整体模式的分别记录；计量单位、时间窗口和未计入的投入。需对照衰弱、功能与照护中的定义、对象索引与适用条件","「老年营养」：在老年营养中，怎样核对多病记录、活动能力与照护支持，分开“功能储备差异”与“年龄标签或照护背景”？ 看起来更划算，是效率提高还是少算了投入？","true","false","","direction-owned-direction-case"
"geriatrics-5","geriatrics","life-course","入组范围、观察时间与未完成随访","老年药物结局研究档案：多病记录、活动能力与照护支持；功能储备、年龄及照护需要；来源、暴露及作用层次的分别资料；进入资格、观察窗口和退出去向。需对照的具体条目：结局事件、观察起点与判定口径","「老年药物结局」：在老年药物结局中，怎样核对结局事件、观察起点与判定口径，分开“功能储备差异”与“年龄标签或照护背景”？ 没进入后续记录的人，能否当成没有发生变化？","true","false","","direction-owned-direction-case"
"geriatrics-6","geriatrics","nursing","入组范围、观察时间与未完成随访","长期照护研究档案：多病记录、活动能力与照护支持；计划、实施与患者本人或代理报告；进入时点、结局定义和失访去向；进入资格、观察窗口和退出去向。需对照的具体条目：实施时间线、交接信息与本人报告","「长期照护」：在长期照护中，怎样核对实施时间线、交接信息与本人报告，分开“照护实际改变”与“登记或报告者差异”？ 没进入后续记录的人，能否当成没有发生变化？","true","false","","direction-owned-direction-case"
"geriatrics-7","geriatrics","life-course","研究对象、观察窗口与资料比较条件","跌倒风险研究研究档案：多病记录、活动能力与照护支持；摄入背景、身体功能和疾病共存。需对照的具体条目：危险条件、暴露对象与实际脆弱性","「跌倒风险研究」：在跌倒风险研究中，怎样核对危险条件、暴露对象与实际脆弱性，分开“整体状态改变”与“单项或共病构成变化”？","true","false","","direction-owned-direction-case"
"geriatrics-8","geriatrics","life-course","阶段、生活条件与功能或体验变化","老年康复研究档案：多病记录、活动能力与照护支持；功能储备、年龄及照护需要；测试能力、生活活动与环境支持。需对照衰弱、功能与照护中的定义、对象索引与适用条件","「老年康复」：在老年康复中，怎样核对多病记录、活动能力与照护支持，分开“功能储备差异”与“年龄标签或照护背景”？","true","false","","direction-owned-direction-case"
"geriatrics-9","geriatrics","measurement-scale","测量含义、填答者与时间窗口","生活质量研究档案：多病记录、活动能力与照护支持；条目版本、填答者和缺失项；版本变更、异常记录和失败复核。需对照衰弱、功能与照护中的定义、对象索引与适用条件","「生活质量」：在生活质量中，怎样核对多病记录、活动能力与照护支持，分开“体验实际变化”与“报告者或条目变化”？ 所谓更可靠，是失败更少，还是失败更少被记下来？","true","false","","direction-owned-direction-case"
"geriatrics-10","geriatrics","life-course","阶段、生活条件与功能或体验变化","健康寿命研究档案：多病记录、活动能力与照护支持；功能储备、年龄及照护需要；摄入背景、身体功能和疾病共存；进入资格、观察窗口和退出去向。需对照衰弱、功能与照护中的定义、对象索引与适用条件","「健康寿命」：在健康寿命中，怎样核对多病记录、活动能力与照护支持，分开“功能储备差异”与“年龄标签或照护背景”？ 没进入后续记录的人，能否当成没有发生变化？","true","false","","direction-owned-direction-case"
"geriatrics-11","geriatrics","nursing","研究对象、观察窗口与资料比较条件","家庭照护研究档案：多病记录、活动能力与照护支持；计划、实施与患者本人或代理报告。需对照的具体条目：实施时间线、交接信息与本人报告；亲属角色、家务分担与资源流动","「家庭照护」：在家庭照护中，怎样核对实施时间线、交接信息与本人报告，分开“照护实际改变”与“登记或报告者差异”？","true","false","","direction-owned-direction-case"
"geriatrics-12","geriatrics","life-course","入组范围、观察时间与未完成随访","老年疾病队列研究档案：多病记录、活动能力与照护支持；功能储备、年龄及照护需要；进入时点、结局定义和失访去向；进入资格、观察窗口和退出去向。需对照的具体条目：对象进入时点、重复观察与失访去向","「老年疾病队列」：在老年疾病队列中，怎样核对对象进入时点、重复观察与失访去向，分开“功能储备差异”与“年龄标签或照护背景”？ 没进入后续记录的人，能否当成没有发生变化？","true","false","","direction-owned-direction-case"
"general-surgery-1","general-surgery","digestive","入组范围、观察时间与未完成随访","胃肠外科结局研究档案：术前状态、围术期过程与恢复结局；动力、组织评价与消化症状的对照；进入时点、结局定义和失访去向；进入资格、观察窗口和退出去向。需对照的具体条目：结局事件、观察起点与判定口径","「胃肠外科结局」：在胃肠外科结局中，怎样核对结局事件、观察起点与判定口径，分开“组织或动力改变”与“感觉、摄入或观察差异”？ 没进入后续记录的人，能否当成没有发生变化？","true","false","","direction-owned-direction-case"
"general-surgery-2","general-surgery","digestive","入组范围、观察时间与未完成随访","肝胆外科结局研究档案：术前状态、围术期过程与恢复结局；动力、组织评价与消化症状的对照；进入时点、结局定义和失访去向；进入资格、观察窗口和退出去向。需对照的具体条目：组织或功能读数、代谢背景与病程；结局事件、观察起点与判定口径","「肝胆外科结局」：在肝胆外科结局中，怎样核对结局事件、观察起点与判定口径，分开“组织或动力改变”与“感觉、摄入或观察差异”？ 没进入后续记录的人，能否当成没有发生变化？","true","false","","direction-owned-direction-case"
"general-surgery-3","general-surgery","digestive","研究对象、观察窗口与资料比较条件","胰腺外科研究研究档案：术前状态、围术期过程与恢复结局；动力、组织评价与消化症状的对照；需求到达、流程时间和风险分层。需对照的具体条目：结构资料、功能变化与观察窗口","「胰腺外科研究」：在胰腺外科研究中，怎样核对结构资料、功能变化与观察窗口，分开“组织或动力改变”与“感觉、摄入或观察差异”？","true","false","","direction-owned-direction-case"
"general-surgery-4","general-surgery","metabolic","研究对象、观察窗口与资料比较条件","甲状腺外科研究档案：术前状态、围术期过程与恢复结局；激素或代谢时序与状态分层；需求到达、流程时间和风险分层。需对照的具体条目：反馈状态、功能读数与测量时点","「甲状腺外科」：在甲状腺外科中，怎样核对反馈状态、功能读数与测量时点，分开“持续代谢状态”与“测量相位或反馈改变”？","true","false","","direction-owned-direction-case"
"general-surgery-5","general-surgery","surgery","研究对象、观察窗口与资料比较条件","乳腺外科研究档案：术前状态、围术期过程与恢复结局；需求到达、流程时间和风险分层。需对照外科患者与恢复过程中的定义、对象索引与适用条件","「乳腺外科」：在乳腺外科中，怎样核对术前状态、围术期过程与恢复结局，分开“服务路径改善”与“需求或风险构成改变”？","true","false","","direction-owned-direction-case"
"general-surgery-6","general-surgery","surgery","研究对象、观察窗口与资料比较条件","疝与腹壁研究档案：术前状态、围术期过程与恢复结局；结构支持、压力条件和任务功能。需对照外科患者与恢复过程中的定义、对象索引与适用条件","「疝与腹壁」：在疝与腹壁中，怎样核对术前状态、围术期过程与恢复结局，分开“支持或功能变化”与“压力或任务条件变化”？","true","false","","direction-owned-direction-case"
"general-surgery-7","general-surgery","surgery","研究对象、观察窗口与资料比较条件","围术期质量研究档案：术前状态、围术期过程与恢复结局；需求到达、流程时间和风险分层；版本变更、异常记录和失败复核。需对照外科患者与恢复过程中的定义、对象索引与适用条件","「围术期质量」：在围术期质量中，怎样核对术前状态、围术期过程与恢复结局，分开“服务路径改善”与“需求或风险构成改变”？ 所谓更可靠，是失败更少，还是失败更少被记下来？","true","false","","direction-owned-direction-case"
"general-surgery-8","general-surgery","surgery","阶段、生活条件与功能或体验变化","外科营养研究档案：术前状态、围术期过程与恢复结局；组成、摄入及整体模式的分别记录；成分、实际摄入和感官任务条件；计量单位、时间窗口和未计入的投入。需对照外科患者与恢复过程中的定义、对象索引与适用条件","「外科营养」：在外科营养中，怎样核对术前状态、围术期过程与恢复结局，分开“摄入或组成变化”与“总模式与报告差异”？ 看起来更划算，是效率提高还是少算了投入？","true","false","","direction-owned-direction-case"
"general-surgery-9","general-surgery","imaging","对象内重复、平台版本与图像质量","外科影像研究档案：术前状态、围术期过程与恢复结局；个体索引、图像条件和判读分歧；需求到达、流程时间和风险分层。需对照的具体条目：来源索引、采集条件与判读分歧","「外科影像」：在外科影像中，怎样核对来源索引、采集条件与判读分歧，分开“可重复的影像变化”与“采集或判读变化”？","true","false","","direction-owned-direction-case"
"general-surgery-10","general-surgery","surgery","入组范围、观察时间与未完成随访","外科随访研究档案：术前状态、围术期过程与恢复结局；进入时点、结局定义和失访去向；需求到达、流程时间和风险分层；进入资格、观察窗口和退出去向。需对照外科患者与恢复过程中的定义、对象索引与适用条件","「外科随访」：在外科随访中，怎样核对术前状态、围术期过程与恢复结局，分开“真实结局差异”与“随访机会差异”？ 没进入后续记录的人，能否当成没有发生变化？","true","false","","direction-owned-direction-case"
"general-surgery-11","general-surgery","surgery","原型版本、使用任务与失败反馈","外科器械评价研究档案：术前状态、围术期过程与恢复结局；需求到达、流程时间和风险分层；设备版本、使用任务和错误恢复。需对照外科患者与恢复过程中的定义、对象索引与适用条件","「外科器械评价」：在外科器械评价中，怎样核对术前状态、围术期过程与恢复结局，分开“服务路径改善”与“需求或风险构成改变”？","true","false","","direction-owned-direction-case"
"general-surgery-12","general-surgery","surgery","入组范围、观察时间与未完成随访","手术登记研究研究档案：术前状态、围术期过程与恢复结局；进入时点、结局定义和失访去向；需求到达、流程时间和风险分层；进入资格、观察窗口和退出去向。需对照的具体条目：登记入口、覆盖分母与重复记录","「手术登记研究」：在手术登记研究中，怎样核对登记入口、覆盖分母与重复记录，分开“真实结局差异”与“随访机会差异”？ 没进入后续记录的人，能否当成没有发生变化？","true","false","","direction-owned-direction-case"
"cardiac-surgery-1","cardiac-surgery","cardiac","入组范围、观察时间与未完成随访","心脏外科结局研究档案：结构病变、术后功能与长期随访；心脏负荷与功能的并列记录；进入时点、结局定义和失访去向；进入资格、观察窗口和退出去向。需对照的具体条目：结局事件、观察起点与判定口径","「心脏外科结局」：在心脏外科结局中，怎样核对结局事件、观察起点与判定口径，分开“直接心脏变化”与“循环负荷变化”？ 没进入后续记录的人，能否当成没有发生变化？","true","false","","direction-owned-direction-case"
"cardiac-surgery-2","cardiac-surgery","surgery","研究对象、观察窗口与资料比较条件","瓣膜疾病研究研究档案：结构病变、术后功能与长期随访；心脏负荷与功能的并列记录。需对照的具体条目：结构分级、血流条件与功能负担","「瓣膜疾病研究」：在瓣膜疾病研究中，怎样核对结构分级、血流条件与功能负担，分开“直接心脏变化”与“循环负荷变化”？","true","false","","direction-owned-direction-case"
"cardiac-surgery-3","cardiac-surgery","surgery","研究对象、观察窗口与资料比较条件","主动脉疾病研究研究档案：结构病变、术后功能与长期随访；心脏负荷与功能的并列记录。需对照的具体条目：部位定义、形态轨迹与观察时点","「主动脉疾病研究」：在主动脉疾病研究中，怎样核对部位定义、形态轨迹与观察时点，分开“直接心脏变化”与“循环负荷变化”？","true","false","","direction-owned-direction-case"
"cardiac-surgery-4","cardiac-surgery","surgery","入组范围、观察时间与未完成随访","先心病随访研究档案：结构病变、术后功能与长期随访；心脏负荷与功能的并列记录；进入时点、结局定义和失访去向；进入资格、观察窗口和退出去向。需对照的具体条目：结构类型、成长阶段与功能轨迹","「先心病随访」：在先心病随访中，怎样核对结构类型、成长阶段与功能轨迹，分开“直接心脏变化”与“循环负荷变化”？ 没进入后续记录的人，能否当成没有发生变化？","true","false","","direction-owned-direction-case"
"cardiac-surgery-5","cardiac-surgery","oncology","研究对象、观察窗口与资料比较条件","胸部肿瘤研究研究档案：结构病变、术后功能与长期随访；病灶变化、分期与患者功能的对照。需对照的具体条目：分型、对象进入与患者结局窗口","「胸部肿瘤研究」：在胸部肿瘤研究中，怎样核对分型、对象进入与患者结局窗口，分开“病灶负担变化”与“观察选择或患者功能”？","true","false","","direction-owned-direction-case"
"cardiac-surgery-6","cardiac-surgery","nursing","研究对象、观察窗口与资料比较条件","围术期照护研究档案：结构病变、术后功能与长期随访；计划、实施与患者本人或代理报告；需求到达、流程时间和风险分层。需对照的具体条目：实施时间线、交接信息与本人报告","「围术期照护」：在围术期照护中，怎样核对实施时间线、交接信息与本人报告，分开“照护实际改变”与“登记或报告者差异”？","true","false","","direction-owned-direction-case"
"cardiac-surgery-7","cardiac-surgery","rehab","阶段、生活条件与功能或体验变化","术后康复研究档案：结构病变、术后功能与长期随访；测试能力、生活活动与环境支持；需求到达、流程时间和风险分层。需对照心胸结构与术后恢复中的定义、对象索引与适用条件","「术后康复」：在术后康复中，怎样核对结构病变、术后功能与长期随访，分开“能力改善”与“环境或支持变化”？","true","false","","direction-owned-direction-case"
"cardiac-surgery-8","cardiac-surgery","imaging","对象内重复、平台版本与图像质量","心胸影像研究档案：结构病变、术后功能与长期随访；心脏负荷与功能的并列记录；个体索引、图像条件和判读分歧。需对照的具体条目：来源索引、采集条件与判读分歧","「心胸影像」：在心胸影像中，怎样核对来源索引、采集条件与判读分歧，分开“直接心脏变化”与“循环负荷变化”？","true","false","","direction-owned-direction-case"
"cardiac-surgery-9","cardiac-surgery","surgery","入组范围、观察时间与未完成随访","登记与质控研究档案：结构病变、术后功能与长期随访；进入时点、结局定义和失访去向；进入资格、观察窗口和退出去向。需对照的具体条目：登记入口、覆盖分母与重复记录","「登记与质控」：在登记与质控中，怎样核对登记入口、覆盖分母与重复记录，分开“真实结局差异”与“随访机会差异”？ 没进入后续记录的人，能否当成没有发生变化？","true","false","","direction-owned-direction-case"
"cardiac-surgery-10","cardiac-surgery","measurement-scale","入组范围、观察时间与未完成随访","患者报告结局研究档案：结构病变、术后功能与长期随访；进入时点、结局定义和失访去向；条目版本、填答者和缺失项；进入资格、观察窗口和退出去向。需对照的具体条目：结局事件、观察起点与判定口径","「患者报告结局」：在患者报告结局中，怎样核对结局事件、观察起点与判定口径，分开“真实结局差异”与“随访机会差异”？ 没进入后续记录的人，能否当成没有发生变化？","true","false","","direction-owned-direction-case"
"cardiac-surgery-11","cardiac-surgery","surgery","原型版本、使用任务与失败反馈","器械评价研究档案：结构病变、术后功能与长期随访；设备版本、使用任务和错误恢复。需对照心胸结构与术后恢复中的定义、对象索引与适用条件","「器械评价」：在器械评价中，怎样核对结构病变、术后功能与长期随访，分开“任务表现改善”与“使用环境或版本变化”？","true","false","","direction-owned-direction-case"
"cardiac-surgery-12","cardiac-surgery","surgery","入组范围、观察时间与未完成随访","长期结局研究档案：结构病变、术后功能与长期随访；进入时点、结局定义和失访去向；进入资格、观察窗口和退出去向。需对照的具体条目：结局事件、观察起点与判定口径","「长期结局」：在长期结局中，怎样核对结局事件、观察起点与判定口径，分开“真实结局差异”与“随访机会差异”？ 没进入后续记录的人，能否当成没有发生变化？","true","false","","direction-owned-direction-case"
"neurosurgery-1","neurosurgery","neuro","研究对象、观察窗口与资料比较条件","神经肿瘤研究研究档案：病变位置、功能状态与恢复时间；电生理、结构与任务表现的对应；病灶变化、分期与患者功能的对照。需对照的具体条目：分型、对象进入与患者结局窗口","「神经肿瘤研究」：在神经肿瘤研究中，怎样核对分型、对象进入与患者结局窗口，分开“结构相关信号”与“任务或功能状态”？","true","false","","direction-owned-direction-case"
"neurosurgery-2","neurosurgery","neuro","入组范围、观察时间与未完成随访","脑血管外科结局研究档案：病变位置、功能状态与恢复时间；电生理、结构与任务表现的对应；进入时点、结局定义和失访去向；进入资格、观察窗口和退出去向。需对照的具体条目：事件时点、病灶资料与功能轨迹；结局事件、观察起点与判定口径","「脑血管外科结局」：在脑血管外科结局中，怎样核对事件时点、病灶资料与功能轨迹，分开“结构相关信号”与“任务或功能状态”？ 没进入后续记录的人，能否当成没有发生变化？","true","false","","direction-owned-direction-case"
"neurosurgery-3","neurosurgery","neuro","任务或测量条件、重复记录与时间","功能神经外科研究档案：病变位置、功能状态与恢复时间；电生理、结构与任务表现的对应；需求到达、流程时间和风险分层；不同层次的读数、背景条件和相反趋势。需对照神经外科功能结局中的定义、对象索引与适用条件","「功能神经外科」：在功能神经外科中，怎样核对病变位置、功能状态与恢复时间，分开“结构相关信号”与“任务或功能状态”？ 各层次读数是否在回答同一个问题？","true","false","","direction-owned-direction-case"
"neurosurgery-4","neurosurgery","orthopedic","研究对象、观察窗口与资料比较条件","脊柱脊髓研究研究档案：病变位置、功能状态与恢复时间；结构、负荷及动作功能的联合描述。需对照的具体条目：结构位置、神经功能与活动负担","「脊柱脊髓研究」：在脊柱脊髓研究中，怎样核对结构位置、神经功能与活动负担，分开“组织结构变化”与“载荷或活动策略变化”？","true","false","","direction-owned-direction-case"
"neurosurgery-5","neurosurgery","neuro","入组范围、观察时间与未完成随访","神经创伤结局研究档案：病变位置、功能状态与恢复时间；电生理、结构与任务表现的对应；进入时点、结局定义和失访去向；进入资格、观察窗口和退出去向。需对照的具体条目：结局事件、观察起点与判定口径","「神经创伤结局」：在神经创伤结局中，怎样核对结局事件、观察起点与判定口径，分开“结构相关信号”与“任务或功能状态”？ 没进入后续记录的人，能否当成没有发生变化？","true","false","","direction-owned-direction-case"
"neurosurgery-6","neurosurgery","imaging","对象内重复、平台版本与图像质量","神经外科影像研究档案：病变位置、功能状态与恢复时间；电生理、结构与任务表现的对应；个体索引、图像条件和判读分歧。需对照的具体条目：来源索引、采集条件与判读分歧","「神经外科影像」：在神经外科影像中，怎样核对来源索引、采集条件与判读分歧，分开“结构相关信号”与“任务或功能状态”？","true","false","","direction-owned-direction-case"
"neurosurgery-7","neurosurgery","neuro","研究对象、观察窗口与资料比较条件","神经导航评价研究档案：病变位置、功能状态与恢复时间；电生理、结构与任务表现的对应；设备版本、使用任务和错误恢复。需对照神经外科功能结局中的定义、对象索引与适用条件","「神经导航评价」：在神经导航评价中，怎样核对病变位置、功能状态与恢复时间，分开“结构相关信号”与“任务或功能状态”？","true","false","","direction-owned-direction-case"
"neurosurgery-8","neurosurgery","neuro","阶段、生活条件与功能或体验变化","神经外科康复研究档案：病变位置、功能状态与恢复时间；电生理、结构与任务表现的对应；测试能力、生活活动与环境支持。需对照神经外科功能结局中的定义、对象索引与适用条件","「神经外科康复」：在神经外科康复中，怎样核对病变位置、功能状态与恢复时间，分开“结构相关信号”与“任务或功能状态”？","true","false","","direction-owned-direction-case"
"neurosurgery-9","neurosurgery","psychology","入组范围、观察时间与未完成随访","认知结局研究档案：病变位置、功能状态与恢复时间；电生理、结构与任务表现的对应；任务版本、构念定义和状态条件；进入资格、观察窗口和退出去向。需对照的具体条目：任务难度、注意条件与策略选择；结局事件、观察起点与判定口径","「认知结局」：在认知结局中，怎样核对任务难度、注意条件与策略选择，分开“结构相关信号”与“任务或功能状态”？ 没进入后续记录的人，能否当成没有发生变化？","true","false","","direction-owned-direction-case"
"neurosurgery-10","neurosurgery","neuro","入组范围、观察时间与未完成随访","随访登记研究档案：病变位置、功能状态与恢复时间；进入时点、结局定义和失访去向；进入资格、观察窗口和退出去向。需对照的具体条目：登记入口、覆盖分母与重复记录","「随访登记」：在随访登记中，怎样核对登记入口、覆盖分母与重复记录，分开“真实结局差异”与“随访机会差异”？ 没进入后续记录的人，能否当成没有发生变化？","true","false","","direction-owned-direction-case"
"neurosurgery-11","neurosurgery","neuro","原型版本、使用任务与失败反馈","器械与界面研究档案：病变位置、功能状态与恢复时间；设备版本、使用任务和错误恢复。需对照神经外科功能结局中的定义、对象索引与适用条件","「器械与界面」：在器械与界面中，怎样核对病变位置、功能状态与恢复时间，分开“任务表现改善”与“使用环境或版本变化”？","true","false","","direction-owned-direction-case"
"neurosurgery-12","neurosurgery","measurement-scale","入组范围、观察时间与未完成随访","患者报告结局研究档案：病变位置、功能状态与恢复时间；进入时点、结局定义和失访去向；条目版本、填答者和缺失项；进入资格、观察窗口和退出去向。需对照的具体条目：结局事件、观察起点与判定口径","「患者报告结局」：在患者报告结局中，怎样核对结局事件、观察起点与判定口径，分开“真实结局差异”与“随访机会差异”？ 没进入后续记录的人，能否当成没有发生变化？","true","false","","direction-owned-direction-case"
"orthopedics-1","orthopedics","orthopedic","研究对象、观察窗口与资料比较条件","关节研究研究档案：结构影像、载荷反应与步态功能；结构、负荷及动作功能的联合描述。需对照的具体条目：活动任务、负荷背景与组织状态","「关节研究」：在关节研究中，怎样核对活动任务、负荷背景与组织状态，分开“组织结构变化”与“载荷或活动策略变化”？","true","false","","direction-owned-direction-case"
"orthopedics-2","orthopedics","orthopedic","研究对象、观察窗口与资料比较条件","脊柱研究研究档案：结构影像、载荷反应与步态功能；结构、负荷及动作功能的联合描述。需对照的具体条目：结构位置、神经功能与活动负担","「脊柱研究」：在脊柱研究中，怎样核对结构位置、神经功能与活动负担，分开“组织结构变化”与“载荷或活动策略变化”？","true","false","","direction-owned-direction-case"
"orthopedics-3","orthopedics","orthopedic","入组范围、观察时间与未完成随访","骨创伤结局研究档案：结构影像、载荷反应与步态功能；结构、负荷及动作功能的联合描述；进入时点、结局定义和失访去向；进入资格、观察窗口和退出去向。需对照的具体条目：结局事件、观察起点与判定口径","「骨创伤结局」：在骨创伤结局中，怎样核对结局事件、观察起点与判定口径，分开“组织结构变化”与“载荷或活动策略变化”？ 没进入后续记录的人，能否当成没有发生变化？","true","false","","direction-owned-direction-case"
"orthopedics-4","orthopedics","orthopedic","研究对象、观察窗口与资料比较条件","骨肿瘤研究研究档案：结构影像、载荷反应与步态功能；病灶变化、分期与患者功能的对照；结构、负荷及动作功能的联合描述。需对照的具体条目：分型、对象进入与患者结局窗口","「骨肿瘤研究」：在骨肿瘤研究中，怎样核对分型、对象进入与患者结局窗口，分开“病灶负担变化”与“观察选择或患者功能”？","true","false","","direction-owned-direction-case"
"orthopedics-5","orthopedics","orthopedic","研究对象、观察窗口与资料比较条件","运动损伤研究档案：结构影像、载荷反应与步态功能；训练暴露、恢复阶段和任务表现。需对照的具体条目：训练暴露、恢复阶段与测试熟悉","「运动损伤」：在运动损伤中，怎样核对训练暴露、恢复阶段与测试熟悉，分开“可迁移训练收益”与“熟悉或恢复差异”？","true","false","","direction-owned-direction-case"
"orthopedics-6","orthopedics","orthopedic","任务或测量条件、重复记录与时间","骨科生物力学研究档案：结构影像、载荷反应与步态功能；结构、负荷及动作功能的联合描述；载荷谱、变形状态和失效口径。需对照的具体条目：动作任务、身体负荷与运动学资料","「骨科生物力学」：在骨科生物力学中，怎样核对动作任务、身体负荷与运动学资料，分开“组织结构变化”与“载荷或活动策略变化”？","true","false","","direction-owned-direction-case"
"orthopedics-7","orthopedics","orthopedic","对象内重复、平台版本与图像质量","骨科影像研究档案：结构影像、载荷反应与步态功能；结构、负荷及动作功能的联合描述；个体索引、图像条件和判读分歧。需对照的具体条目：来源索引、采集条件与判读分歧","「骨科影像」：在骨科影像中，怎样核对来源索引、采集条件与判读分歧，分开“组织结构变化”与“载荷或活动策略变化”？","true","false","","direction-owned-direction-case"
"orthopedics-8","orthopedics","orthopedic","研究对象、观察窗口与资料比较条件","骨与软骨修复研究档案：结构影像、载荷反应与步态功能；结构、负荷及动作功能的联合描述。需对照的具体条目：活动任务、负荷背景与组织状态；修复阶段、组织状态与生活任务","「骨与软骨修复」：在骨与软骨修复中，怎样核对活动任务、负荷背景与组织状态，分开“组织结构变化”与“载荷或活动策略变化”？","true","false","","direction-owned-direction-case"
"orthopedics-9","orthopedics","orthopedic","任务或测量条件、重复记录与时间","步态分析研究档案：结构影像、载荷反应与步态功能；测试能力、生活活动与环境支持；训练暴露、恢复阶段和任务表现。需对照的具体条目：输入假设、测量或推导链与不确定性","「步态分析」：在步态分析中，怎样核对输入假设、测量或推导链与不确定性，分开“能力改善”与“环境或支持变化”？","true","false","","direction-owned-direction-case"
"orthopedics-10","orthopedics","orthopedic","研究对象、观察窗口与资料比较条件","植入物评价研究档案：结构影像、载荷反应与步态功能；设备版本、使用任务和错误恢复。需对照骨关节、载荷与运动中的定义、对象索引与适用条件","「植入物评价」：在植入物评价中，怎样核对结构影像、载荷反应与步态功能，分开“任务表现改善”与“使用环境或版本变化”？","true","false","","direction-owned-direction-case"
"orthopedics-11","orthopedics","orthopedic","阶段、生活条件与功能或体验变化","骨科康复研究档案：结构影像、载荷反应与步态功能；结构、负荷及动作功能的联合描述；测试能力、生活活动与环境支持。需对照骨关节、载荷与运动中的定义、对象索引与适用条件","「骨科康复」：在骨科康复中，怎样核对结构影像、载荷反应与步态功能，分开“组织结构变化”与“载荷或活动策略变化”？","true","false","","direction-owned-direction-case"
"orthopedics-12","orthopedics","orthopedic","入组范围、观察时间与未完成随访","患者报告结局研究档案：结构影像、载荷反应与步态功能；进入时点、结局定义和失访去向；条目版本、填答者和缺失项；进入资格、观察窗口和退出去向。需对照的具体条目：结局事件、观察起点与判定口径","「患者报告结局」：在患者报告结局中，怎样核对结局事件、观察起点与判定口径，分开“真实结局差异”与“随访机会差异”？ 没进入后续记录的人，能否当成没有发生变化？","true","false","","direction-owned-direction-case"
"urology-1","urology","urologic","研究对象、观察窗口与资料比较条件","泌尿肿瘤研究研究档案：排尿日记、解剖资料与随访体验；滤过估计与尿液标志的不同轨迹；病灶变化、分期与患者功能的对照。需对照的具体条目：分型、对象进入与患者结局窗口","「泌尿肿瘤研究」：在泌尿肿瘤研究中，怎样核对分型、对象进入与患者结局窗口，分开“功能状态变化”与“损伤或容量变化”？","true","false","","direction-owned-direction-case"
"urology-2","urology","urologic","任务或测量条件、重复记录与时间","排尿功能研究档案：排尿日记、解剖资料与随访体验；滤过估计与尿液标志的不同轨迹；结构支持、压力条件和任务功能；不同层次的读数、背景条件和相反趋势。需对照的具体条目：功能任务、压力条件与主观负担","「排尿功能」：在排尿功能中，怎样核对功能任务、压力条件与主观负担，分开“功能状态变化”与“损伤或容量变化”？ 各层次读数是否在回答同一个问题？","true","false","","direction-owned-direction-case"
"urology-3","urology","urologic","入组范围、观察时间与未完成随访","结石结局研究档案：排尿日记、解剖资料与随访体验；进入时点、结局定义和失访去向；进入资格、观察窗口和退出去向。需对照的具体条目：结局事件、观察起点与判定口径；位置、事件判定与复发观察窗口","「结石结局」：在结石结局中，怎样核对结局事件、观察起点与判定口径，分开“真实结局差异”与“随访机会差异”？ 没进入后续记录的人，能否当成没有发生变化？","true","false","","direction-owned-direction-case"
"urology-4","urology","urologic","研究对象、观察窗口与资料比较条件","肾脏外科研究研究档案：排尿日记、解剖资料与随访体验；滤过估计与尿液标志的不同轨迹；需求到达、流程时间和风险分层。需对照的具体条目：滤过轨迹、尿液标志与容量背景","「肾脏外科研究」：在肾脏外科研究中，怎样核对滤过轨迹、尿液标志与容量背景，分开“功能状态变化”与“损伤或容量变化”？","true","false","","direction-owned-direction-case"
"urology-5","urology","urologic","研究对象、观察窗口与资料比较条件","男性健康研究档案：排尿日记、解剖资料与随访体验；结构支持、压力条件和任务功能。需对照排尿功能与泌尿结构中的定义、对象索引与适用条件","「男性健康」：在男性健康中，怎样核对排尿日记、解剖资料与随访体验，分开“支持或功能变化”与“压力或任务条件变化”？","true","false","","direction-owned-direction-case"
"urology-6","urology","urologic","对象内重复、平台版本与图像质量","泌尿影像研究档案：排尿日记、解剖资料与随访体验；滤过估计与尿液标志的不同轨迹；个体索引、图像条件和判读分歧。需对照的具体条目：来源索引、采集条件与判读分歧","「泌尿影像」：在泌尿影像中，怎样核对来源索引、采集条件与判读分歧，分开“功能状态变化”与“损伤或容量变化”？","true","false","","direction-owned-direction-case"
"urology-7","urology","urologic","任务或测量条件、重复记录与时间","盆底功能研究档案：排尿日记、解剖资料与随访体验；结构支持、压力条件和任务功能；不同层次的读数、背景条件和相反趋势。需对照的具体条目：功能任务、压力条件与主观负担","「盆底功能」：在盆底功能中，怎样核对功能任务、压力条件与主观负担，分开“支持或功能变化”与“压力或任务条件变化”？ 各层次读数是否在回答同一个问题？","true","false","","direction-owned-direction-case"
"urology-8","urology","urologic","原型版本、使用任务与失败反馈","泌尿器械评价研究档案：排尿日记、解剖资料与随访体验；滤过估计与尿液标志的不同轨迹；设备版本、使用任务和错误恢复。需对照排尿功能与泌尿结构中的定义、对象索引与适用条件","「泌尿器械评价」：在泌尿器械评价中，怎样核对排尿日记、解剖资料与随访体验，分开“功能状态变化”与“损伤或容量变化”？","true","false","","direction-owned-direction-case"
"urology-9","urology","urologic","对象关系、参考版本与变异解释","泌尿遗传研究档案：排尿日记、解剖资料与随访体验；滤过估计与尿液标志的不同轨迹；参考版本、来源关系与变异表型对应；不同层次的读数、背景条件和相反趋势。需对照排尿功能与泌尿结构中的定义、对象索引与适用条件","「泌尿遗传」：在泌尿遗传中，怎样核对排尿日记、解剖资料与随访体验，分开“功能状态变化”与“损伤或容量变化”？ 各层次读数是否在回答同一个问题？","true","false","","direction-owned-direction-case"
"urology-10","urology","urologic","入组范围、观察时间与未完成随访","随访质量研究档案：排尿日记、解剖资料与随访体验；进入时点、结局定义和失访去向；进入资格、观察窗口和退出去向。需对照排尿功能与泌尿结构中的定义、对象索引与适用条件","「随访质量」：在随访质量中，怎样核对排尿日记、解剖资料与随访体验，分开“真实结局差异”与“随访机会差异”？ 没进入后续记录的人，能否当成没有发生变化？","true","false","","direction-owned-direction-case"
"urology-11","urology","urologic","入组范围、观察时间与未完成随访","患者报告结局研究档案：排尿日记、解剖资料与随访体验；进入时点、结局定义和失访去向；条目版本、填答者和缺失项；进入资格、观察窗口和退出去向。需对照的具体条目：结局事件、观察起点与判定口径","「患者报告结局」：在患者报告结局中，怎样核对结局事件、观察起点与判定口径，分开“真实结局差异”与“随访机会差异”？ 没进入后续记录的人，能否当成没有发生变化？","true","false","","direction-owned-direction-case"
"urology-12","urology","urologic","入组范围、观察时间与未完成随访","泌尿疾病登记研究档案：排尿日记、解剖资料与随访体验；滤过估计与尿液标志的不同轨迹；进入时点、结局定义和失访去向；进入资格、观察窗口和退出去向。需对照的具体条目：登记入口、覆盖分母与重复记录","「泌尿疾病登记」：在泌尿疾病登记中，怎样核对登记入口、覆盖分母与重复记录，分开“功能状态变化”与“损伤或容量变化”？ 没进入后续记录的人，能否当成没有发生变化？","true","false","","direction-owned-direction-case"
"plastic-surgery-1","plastic-surgery","skin","研究对象、观察窗口与资料比较条件","创面修复研究研究档案：创面过程、形态记录与功能体验；形态、屏障与患者困扰的对照。需对照的具体条目：形态条件、修复阶段与功能体验；修复阶段、组织状态与生活任务","「创面修复研究」：在创面修复研究中，怎样核对形态条件、修复阶段与功能体验，分开“形态或组织变化”与“患者感受与功能差异”？","true","false","","direction-owned-direction-case"
"plastic-surgery-2","plastic-surgery","skin","研究对象、观察窗口与资料比较条件","瘢痕评价研究档案：创面过程、形态记录与功能体验；形态、屏障与患者困扰的对照。需对照的具体条目：形态条件、修复阶段与功能体验；形态评分、拍摄条件与功能限制","「瘢痕评价」：在瘢痕评价中，怎样核对形态条件、修复阶段与功能体验，分开“形态或组织变化”与“患者感受与功能差异”？","true","false","","direction-owned-direction-case"
"plastic-surgery-3","plastic-surgery","skin","入组范围、观察时间与未完成随访","组织修复结局研究档案：创面过程、形态记录与功能体验；结构定位、组织层次与判读条件；细胞组成、功能层次和独立来源；进入资格、观察窗口和退出去向。需对照的具体条目：角色分工、资源联系与实际协调；结局事件、观察起点与判定口径；修复阶段、组织状态与生活任务","「组织修复结局」：在组织修复结局中，怎样核对角色分工、资源联系与实际协调，分开“局部真实差异”与“取样位置或判读差异”？ 没进入后续记录的人，能否当成没有发生变化？","true","false","","direction-owned-direction-case"
"plastic-surgery-4","plastic-surgery","skin","研究对象、观察窗口与资料比较条件","修复材料评价研究档案：创面过程、形态记录与功能体验；材料来源、组织层次和判读标准。需对照的具体条目：修复阶段、组织状态与生活任务","「修复材料评价」：在修复材料评价中，怎样核对修复阶段、组织状态与生活任务，分开“组织状态变化”与“取材或判读差异”？","true","false","","direction-owned-direction-case"
"plastic-surgery-5","plastic-surgery","skin","入组范围、观察时间与未完成随访","功能重建结局研究档案：创面过程、形态记录与功能体验；进入时点、结局定义和失访去向；设备版本、使用任务和错误恢复；进入资格、观察窗口和退出去向。需对照的具体条目：结局事件、观察起点与判定口径","「功能重建结局」：在功能重建结局中，怎样核对结局事件、观察起点与判定口径，分开“真实结局差异”与“随访机会差异”？ 没进入后续记录的人，能否当成没有发生变化？","true","false","","direction-owned-direction-case"
"plastic-surgery-6","plastic-surgery","skin","测量含义、填答者与时间窗口","患者体验研究档案：创面过程、形态记录与功能体验；计划、实施与患者本人或代理报告；条目版本、填答者和缺失项。需对照修复、形态与功能中的定义、对象索引与适用条件","「患者体验」：在患者体验中，怎样核对创面过程、形态记录与功能体验，分开“照护实际改变”与“登记或报告者差异”？","true","false","","direction-owned-direction-case"
"plastic-surgery-7","plastic-surgery","skin","研究对象、观察窗口与资料比较条件","三维形态记录研究档案：创面过程、形态记录与功能体验；设备版本、使用任务和错误恢复；材料来源、组织层次和判读标准。需对照修复、形态与功能中的定义、对象索引与适用条件","「三维形态记录」：在三维形态记录中，怎样核对创面过程、形态记录与功能体验，分开“任务表现改善”与“使用环境或版本变化”？","true","false","","direction-owned-direction-case"
"plastic-surgery-8","plastic-surgery","skin","测量含义、填答者与时间窗口","外观评价量表研究档案：创面过程、形态记录与功能体验；条目版本、填答者和缺失项；参考依据、重复读数和误差分项。需对照修复、形态与功能中的定义、对象索引与适用条件","「外观评价量表」：在外观评价量表中，怎样核对创面过程、形态记录与功能体验，分开“体验实际变化”与“报告者或条目变化”？ 读数差异来自被测对象，还是测量链的变化？","true","false","","direction-owned-direction-case"
"plastic-surgery-9","plastic-surgery","skin","任务或测量条件、重复记录与时间","手功能研究研究档案：创面过程、形态记录与功能体验；手部任务、动作范围和日常参与；不同层次的读数、背景条件和相反趋势。需对照修复、形态与功能中的定义、对象索引与适用条件","「手功能研究」：在手功能研究中，怎样核对创面过程、形态记录与功能体验，分开“任务能力变化”与“任务或环境要求变化”？ 各层次读数是否在回答同一个问题？","true","false","","direction-owned-direction-case"
"plastic-surgery-10","plastic-surgery","skin","阶段、生活条件与功能或体验变化","修复康复研究档案：创面过程、形态记录与功能体验；测试能力、生活活动与环境支持。需对照的具体条目：修复阶段、组织状态与生活任务","「修复康复」：在修复康复中，怎样核对修复阶段、组织状态与生活任务，分开“能力改善”与“环境或支持变化”？","true","false","","direction-owned-direction-case"
"plastic-surgery-11","plastic-surgery","skin","原型版本、使用任务与失败反馈","设计与人机界面研究档案：创面过程、形态记录与功能体验；设备版本、使用任务和错误恢复；任务路径、迭代版本和错误恢复记录。需对照的具体条目：任务路径、辅助条件与错误恢复","「设计与人机界面」：在设计与人机界面中，怎样核对任务路径、辅助条件与错误恢复，分开“任务表现改善”与“使用环境或版本变化”？ 这次变好是设计改进，还是使用者得到更多帮助？","true","false","","direction-owned-direction-case"
"plastic-surgery-12","plastic-surgery","skin","入组范围、观察时间与未完成随访","长期质量随访研究档案：创面过程、形态记录与功能体验；进入时点、结局定义和失访去向；进入资格、观察窗口和退出去向。需对照修复、形态与功能中的定义、对象索引与适用条件","「长期质量随访」：在长期质量随访中，怎样核对创面过程、形态记录与功能体验，分开“真实结局差异”与“随访机会差异”？ 没进入后续记录的人，能否当成没有发生变化？","true","false","","direction-owned-direction-case"
"obgyn-1","obgyn","life-course","研究对象、观察窗口与资料比较条件","生殖健康研究档案：生殖阶段、孕产时间与母婴结局；生命阶段与母婴或生殖结局的对应。需对照生殖与孕产历程中的定义、对象索引与适用条件","「生殖健康」：在生殖健康中，怎样核对生殖阶段、孕产时间与母婴结局，分开“阶段相关差异”与“主体间关联或选择”？","true","false","maternal","direction-owned-direction-case"
"obgyn-2","obgyn","life-course","入组范围、观察时间与未完成随访","妊娠结局研究档案：生殖阶段、孕产时间与母婴结局；生命阶段与母婴或生殖结局的对应；进入时点、结局定义和失访去向；进入资格、观察窗口和退出去向。需对照的具体条目：生命阶段、母婴对象索引与结局定义；结局事件、观察起点与判定口径","「妊娠结局」：在妊娠结局中，怎样核对生命阶段、母婴对象索引与结局定义，分开“阶段相关差异”与“主体间关联或选择”？ 没进入后续记录的人，能否当成没有发生变化？","true","false","maternal","direction-owned-direction-case"
"obgyn-3","obgyn","life-course","研究对象、观察窗口与资料比较条件","围产研究研究档案：生殖阶段、孕产时间与母婴结局；生命阶段与母婴或生殖结局的对应。需对照的具体条目：生命阶段、母婴对象索引与结局定义","「围产研究」：在围产研究中，怎样核对生命阶段、母婴对象索引与结局定义，分开“阶段相关差异”与“主体间关联或选择”？","true","false","maternal","direction-owned-direction-case"
"obgyn-4","obgyn","oncology","研究对象、观察窗口与资料比较条件","妇科肿瘤研究档案：生殖阶段、孕产时间与母婴结局；病灶变化、分期与患者功能的对照；生命阶段与母婴或生殖结局的对应。需对照的具体条目：分型、对象进入与患者结局窗口","「妇科肿瘤」：在妇科肿瘤中，怎样核对分型、对象进入与患者结局窗口，分开“病灶负担变化”与“观察选择或患者功能”？","true","false","maternal","direction-owned-direction-case"
"obgyn-5","obgyn","urologic","任务或测量条件、重复记录与时间","盆底功能研究档案：生殖阶段、孕产时间与母婴结局；结构支持、压力条件和任务功能；不同层次的读数、背景条件和相反趋势。需对照的具体条目：功能任务、压力条件与主观负担","「盆底功能」：在盆底功能中，怎样核对功能任务、压力条件与主观负担，分开“支持或功能变化”与“压力或任务条件变化”？ 各层次读数是否在回答同一个问题？","true","false","maternal","direction-owned-direction-case"
"obgyn-6","obgyn","metabolic","研究对象、观察窗口与资料比较条件","生殖内分泌研究档案：生殖阶段、孕产时间与母婴结局；激素或代谢时序与状态分层；生命阶段与母婴或生殖结局的对应。需对照生殖与孕产历程中的定义、对象索引与适用条件","「生殖内分泌」：在生殖内分泌中，怎样核对生殖阶段、孕产时间与母婴结局，分开“持续代谢状态”与“测量相位或反馈改变”？","true","false","maternal","direction-owned-direction-case"
"obgyn-7","obgyn","imaging","对象内重复、平台版本与图像质量","妇产影像研究档案：生殖阶段、孕产时间与母婴结局；生命阶段与母婴或生殖结局的对应；个体索引、图像条件和判读分歧。需对照的具体条目：来源索引、采集条件与判读分歧","「妇产影像」：在妇产影像中，怎样核对来源索引、采集条件与判读分歧，分开“阶段相关差异”与“主体间关联或选择”？","true","false","maternal","direction-owned-direction-case"
"obgyn-8","obgyn","life-course","入组范围、观察时间与未完成随访","生命历程队列研究档案：生殖阶段、孕产时间与母婴结局；进入时点、结局定义和失访去向；阶段界限、相关对象和进入机会；进入资格、观察窗口和退出去向。需对照的具体条目：对象进入时点、重复观察与失访去向","「生命历程队列」：在生命历程队列中，怎样核对对象进入时点、重复观察与失访去向，分开“真实结局差异”与“随访机会差异”？ 没进入后续记录的人，能否当成没有发生变化？","true","false","maternal","direction-owned-direction-case"
"obgyn-9","obgyn","life-course","研究对象、观察窗口与资料比较条件","孕产照护研究档案：生殖阶段、孕产时间与母婴结局；生命阶段与母婴或生殖结局的对应；计划、实施与患者本人或代理报告。需对照的具体条目：生命阶段、母婴对象索引与结局定义；实施时间线、交接信息与本人报告","「孕产照护」：在孕产照护中，怎样核对生命阶段、母婴对象索引与结局定义，分开“阶段相关差异”与“主体间关联或选择”？","true","false","maternal","direction-owned-direction-case"
"obgyn-10","obgyn","measurement-scale","入组范围、观察时间与未完成随访","患者报告结局研究档案：生殖阶段、孕产时间与母婴结局；进入时点、结局定义和失访去向；条目版本、填答者和缺失项；进入资格、观察窗口和退出去向。需对照的具体条目：结局事件、观察起点与判定口径","「患者报告结局」：在患者报告结局中，怎样核对结局事件、观察起点与判定口径，分开“真实结局差异”与“随访机会差异”？ 没进入后续记录的人，能否当成没有发生变化？","true","false","maternal","direction-owned-direction-case"
"obgyn-11","obgyn","life-course","目标、执行层次与受益差异","妇女健康公平研究档案：行动者理由、利益负担与提出异议的记录；相关领域文献对“生殖阶段、孕产时间与母婴结局”的用语与记录方式；受益负担、行动理由和申诉机会。需对照生殖与孕产历程中的定义、对象索引与适用条件","「妇女健康公平」：在妇女健康公平中，怎样核对生殖阶段、孕产时间与母婴结局，分开“可辩护的规范理由”与“偏好数量代替理由”？ 谁承担了负担，现有理由怎样回应他的异议？","true","false","maternal","direction-owned-direction-case"
"obgyn-12","obgyn","life-course","研究对象、观察窗口与资料比较条件","妇产质量评价研究档案：生殖阶段、孕产时间与母婴结局；生命阶段与母婴或生殖结局的对应；版本变更、异常记录和失败复核。需对照生殖与孕产历程中的定义、对象索引与适用条件","「妇产质量评价」：在妇产质量评价中，怎样核对生殖阶段、孕产时间与母婴结局，分开“阶段相关差异”与“主体间关联或选择”？ 所谓更可靠，是失败更少，还是失败更少被记下来？","true","false","maternal","direction-owned-direction-case"
"pediatrics-1","pediatrics","cardiac","研究对象、观察窗口与资料比较条件","儿童心血管研究档案：年龄阶段、生长曲线与儿童功能；心脏负荷与功能的并列记录；发育分期、成长轨迹与功能任务。需对照的具体条目：发展阶段、照护关系与适龄任务","「儿童心血管」：在儿童心血管中，怎样核对发展阶段、照护关系与适龄任务，分开“直接心脏变化”与“循环负荷变化”？","true","false","maternal","direction-owned-direction-case"
"pediatrics-2","pediatrics","respiratory","研究对象、观察窗口与资料比较条件","儿童呼吸研究档案：年龄阶段、生长曲线与儿童功能；通气、交换与活动症状的分项资料；发育分期、成长轨迹与功能任务。需对照的具体条目：发展阶段、照护关系与适龄任务","「儿童呼吸」：在儿童呼吸中，怎样核对发展阶段、照护关系与适龄任务，分开“气道与通气变化”与“交换或活动限制”？","true","false","maternal","direction-owned-direction-case"
"pediatrics-3","pediatrics","neuro","研究对象、观察窗口与资料比较条件","儿童神经研究档案：年龄阶段、生长曲线与儿童功能；电生理、结构与任务表现的对应；发育分期、成长轨迹与功能任务。需对照的具体条目：发展阶段、照护关系与适龄任务","「儿童神经」：在儿童神经中，怎样核对发展阶段、照护关系与适龄任务，分开“结构相关信号”与“任务或功能状态”？","true","false","maternal","direction-owned-direction-case"
"pediatrics-4","pediatrics","metabolic","研究对象、观察窗口与资料比较条件","儿童内分泌研究档案：年龄阶段、生长曲线与儿童功能；激素或代谢时序与状态分层；发育分期、成长轨迹与功能任务。需对照的具体条目：发展阶段、照护关系与适龄任务","「儿童内分泌」：在儿童内分泌中，怎样核对发展阶段、照护关系与适龄任务，分开“持续代谢状态”与“测量相位或反馈改变”？","true","false","maternal","direction-owned-direction-case"
"pediatrics-5","pediatrics","renal","研究对象、观察窗口与资料比较条件","儿童肾脏研究档案：年龄阶段、生长曲线与儿童功能；滤过估计与尿液标志的不同轨迹；发育分期、成长轨迹与功能任务。需对照的具体条目：滤过轨迹、尿液标志与容量背景；发展阶段、照护关系与适龄任务","「儿童肾脏」：在儿童肾脏中，怎样核对发展阶段、照护关系与适龄任务，分开“功能状态变化”与“损伤或容量变化”？","true","false","maternal","direction-owned-direction-case"
"pediatrics-6","pediatrics","hematology","研究对象、观察窗口与资料比较条件","儿童血液研究档案：年龄阶段、生长曲线与儿童功能；细胞计数、形态与功能分开登记；发育分期、成长轨迹与功能任务。需对照的具体条目：发展阶段、照护关系与适龄任务","「儿童血液」：在儿童血液中，怎样核对发展阶段、照护关系与适龄任务，分开“数量或组成变化”与“单细胞功能变化”？","true","false","maternal","direction-owned-direction-case"
"pediatrics-7","pediatrics","life-course","研究对象、观察窗口与资料比较条件","新生儿研究研究档案：年龄阶段、生长曲线与儿童功能；生命阶段与母婴或生殖结局的对应。需对照的具体条目：发展阶段、照护关系与适龄任务","「新生儿研究」：在新生儿研究中，怎样核对发展阶段、照护关系与适龄任务，分开“阶段相关差异”与“主体间关联或选择”？","true","false","maternal","direction-owned-direction-case"
"pediatrics-8","pediatrics","life-course","阶段、生活条件与功能或体验变化","儿童营养研究档案：年龄阶段、生长曲线与儿童功能；发育分期、成长轨迹与功能任务；组成、摄入及整体模式的分别记录；计量单位、时间窗口和未计入的投入。需对照的具体条目：发展阶段、照护关系与适龄任务","「儿童营养」：在儿童营养中，怎样核对发展阶段、照护关系与适龄任务，分开“真实阶段差异”与“分期错位”？ 看起来更划算，是效率提高还是少算了投入？","true","false","maternal","direction-owned-direction-case"
"pediatrics-9","pediatrics","anatomy","阶段、生活条件与功能或体验变化","儿童发育研究档案：年龄阶段、生长曲线与儿童功能；发育分期、成长轨迹与功能任务；不同层次的读数、背景条件和相反趋势。需对照的具体条目：发展阶段、照护关系与适龄任务","「儿童发育」：在儿童发育中，怎样核对发展阶段、照护关系与适龄任务，分开“真实阶段差异”与“分期错位”？ 各层次读数是否在回答同一个问题？","true","false","maternal","direction-owned-direction-case"
"pediatrics-10","pediatrics","genetic-association","对象关系、参考版本与变异解释","儿童遗传研究档案：年龄阶段、生长曲线与儿童功能；发育分期、成长轨迹与功能任务；参考版本、来源关系与变异表型对应；不同层次的读数、背景条件和相反趋势。需对照的具体条目：发展阶段、照护关系与适龄任务","「儿童遗传」：在儿童遗传中，怎样核对发展阶段、照护关系与适龄任务，分开“真实阶段差异”与“分期错位”？ 各层次读数是否在回答同一个问题？","true","false","maternal","direction-owned-direction-case"
"pediatrics-11","pediatrics","imaging","对象内重复、平台版本与图像质量","儿童影像研究档案：年龄阶段、生长曲线与儿童功能；发育分期、成长轨迹与功能任务；个体索引、图像条件和判读分歧。需对照的具体条目：发展阶段、照护关系与适龄任务；来源索引、采集条件与判读分歧","「儿童影像」：在儿童影像中，怎样核对发展阶段、照护关系与适龄任务，分开“真实阶段差异”与“分期错位”？","true","false","maternal","direction-owned-direction-case"
"pediatrics-12","pediatrics","life-course","入组范围、观察时间与未完成随访","儿童长期随访研究档案：年龄阶段、生长曲线与儿童功能；发育分期、成长轨迹与功能任务；进入时点、结局定义和失访去向；进入资格、观察窗口和退出去向。需对照的具体条目：发展阶段、照护关系与适龄任务","「儿童长期随访」：在儿童长期随访中，怎样核对发展阶段、照护关系与适龄任务，分开“真实阶段差异”与“分期错位”？ 没进入后续记录的人，能否当成没有发生变化？","true","false","maternal","direction-owned-direction-case"
"ophthalmology-1","ophthalmology","sensory","研究对象、观察窗口与资料比较条件","视网膜研究研究档案：眼部影像、视觉任务与屈光资料；视野、视力及视觉任务的分别登记。需对照的具体条目：结构层次、视功能与图像条件","「视网膜研究」：在视网膜研究中，怎样核对结构层次、视功能与图像条件，分开“光学或结构变化”与“任务及知觉条件”？","true","false","","direction-owned-direction-case"
"ophthalmology-2","ophthalmology","sensory","研究对象、观察窗口与资料比较条件","青光眼研究研究档案：眼部影像、视觉任务与屈光资料；视野、视力及视觉任务的分别登记；照明条件、任务版本和视觉表现。需对照的具体条目：压力读数、结构轨迹与视野表现","「青光眼研究」：在青光眼研究中，怎样核对压力读数、结构轨迹与视野表现，分开“光学或结构变化”与“任务及知觉条件”？","true","false","","direction-owned-direction-case"
"ophthalmology-3","ophthalmology","sensory","研究对象、观察窗口与资料比较条件","角膜研究研究档案：眼部影像、视觉任务与屈光资料；视野、视力及视觉任务的分别登记。需对照的具体条目：表面状态、感觉报告与功能任务","「角膜研究」：在角膜研究中，怎样核对表面状态、感觉报告与功能任务，分开“光学或结构变化”与“任务及知觉条件”？","true","false","","direction-owned-direction-case"
"ophthalmology-4","ophthalmology","sensory","入组范围、观察时间与未完成随访","白内障结局研究档案：眼部影像、视觉任务与屈光资料；视野、视力及视觉任务的分别登记；进入时点、结局定义和失访去向；进入资格、观察窗口和退出去向。需对照的具体条目：视觉条件、功能结局与随访窗口；结局事件、观察起点与判定口径","「白内障结局」：在白内障结局中，怎样核对视觉条件、功能结局与随访窗口，分开“光学或结构变化”与“任务及知觉条件”？ 没进入后续记录的人，能否当成没有发生变化？","true","false","","direction-owned-direction-case"
"ophthalmology-5","ophthalmology","sensory","任务或测量条件、重复记录与时间","视觉功能研究档案：眼部影像、视觉任务与屈光资料；照明条件、任务版本和视觉表现；不同层次的读数、背景条件和相反趋势。需对照眼结构与视觉中的定义、对象索引与适用条件","「视觉功能」：在视觉功能中，怎样核对眼部影像、视觉任务与屈光资料，分开“视觉能力变化”与“光照或任务变化”？ 各层次读数是否在回答同一个问题？","true","false","","direction-owned-direction-case"
"ophthalmology-6","ophthalmology","sensory","研究对象、观察窗口与资料比较条件","近视与屈光研究档案：眼部影像、视觉任务与屈光资料；视野、视力及视觉任务的分别登记。需对照眼结构与视觉中的定义、对象索引与适用条件","「近视与屈光」：在近视与屈光中，怎样核对眼部影像、视觉任务与屈光资料，分开“光学或结构变化”与“任务及知觉条件”？","true","false","","direction-owned-direction-case"
"ophthalmology-7","ophthalmology","imaging","对象内重复、平台版本与图像质量","眼科影像研究档案：眼部影像、视觉任务与屈光资料；视野、视力及视觉任务的分别登记；个体索引、图像条件和判读分歧。需对照的具体条目：来源索引、采集条件与判读分歧","「眼科影像」：在眼科影像中，怎样核对来源索引、采集条件与判读分歧，分开“光学或结构变化”与“任务及知觉条件”？","true","false","","direction-owned-direction-case"
"ophthalmology-8","ophthalmology","genetic-association","对象关系、参考版本与变异解释","眼科遗传研究档案：眼部影像、视觉任务与屈光资料；视野、视力及视觉任务的分别登记；参考版本、来源关系与变异表型对应；不同层次的读数、背景条件和相反趋势。需对照眼结构与视觉中的定义、对象索引与适用条件","「眼科遗传」：在眼科遗传中，怎样核对眼部影像、视觉任务与屈光资料，分开“光学或结构变化”与“任务及知觉条件”？ 各层次读数是否在回答同一个问题？","true","false","","direction-owned-direction-case"
"ophthalmology-9","ophthalmology","sensory","研究对象、观察窗口与资料比较条件","眼表研究研究档案：眼部影像、视觉任务与屈光资料；视野、视力及视觉任务的分别登记；照明条件、任务版本和视觉表现。需对照的具体条目：表面状态、感觉报告与功能任务","「眼表研究」：在眼表研究中，怎样核对表面状态、感觉报告与功能任务，分开“光学或结构变化”与“任务及知觉条件”？","true","false","","direction-owned-direction-case"
"ophthalmology-10","ophthalmology","sensory","阶段、生活条件与功能或体验变化","低视力康复研究档案：眼部影像、视觉任务与屈光资料；视野、视力及视觉任务的分别登记；测试能力、生活活动与环境支持。需对照眼结构与视觉中的定义、对象索引与适用条件","「低视力康复」：在低视力康复中，怎样核对眼部影像、视觉任务与屈光资料，分开“光学或结构变化”与“任务及知觉条件”？","true","false","","direction-owned-direction-case"
"ophthalmology-11","ophthalmology","psychology","研究对象、观察窗口与资料比较条件","视觉心理物理研究档案：眼部影像、视觉任务与屈光资料；任务版本、构念定义和状态条件；状态时段、功能负担和报告来源。需对照的具体条目：任务版本、状态条件与构念定义","「视觉心理物理」：在视觉心理物理中，怎样核对任务版本、状态条件与构念定义，分开“构念相关变化”与“任务或状态变化”？","true","false","","direction-owned-direction-case"
"ophthalmology-12","ophthalmology","sensory","原型版本、使用任务与失败反馈","眼科器械评价研究档案：眼部影像、视觉任务与屈光资料；视野、视力及视觉任务的分别登记；设备版本、使用任务和错误恢复。需对照眼结构与视觉中的定义、对象索引与适用条件","「眼科器械评价」：在眼科器械评价中，怎样核对眼部影像、视觉任务与屈光资料，分开“光学或结构变化”与“任务及知觉条件”？","true","false","","direction-owned-direction-case"
"ent-1","ent","medical-device","研究对象、观察窗口与资料比较条件","听觉科学研究档案：听觉阈值、前庭任务与沟通表现；感知阈值、沟通任务及平衡表现。需对照的具体条目：听觉任务、环境噪声与交流负担","「听觉科学」：在听觉科学中，怎样核对听觉任务、环境噪声与交流负担，分开“感知能力变化”与“任务负荷与环境差异”？","true","false","","direction-owned-direction-case"
"ent-2","ent","medical-device","任务或测量条件、重复记录与时间","前庭功能研究档案：听觉阈值、前庭任务与沟通表现；感知阈值、沟通任务及平衡表现；不同层次的读数、背景条件和相反趋势。需对照的具体条目：平衡任务、症状时段与生活活动","「前庭功能」：在前庭功能中，怎样核对平衡任务、症状时段与生活活动，分开“感知能力变化”与“任务负荷与环境差异”？ 各层次读数是否在回答同一个问题？","true","false","","direction-owned-direction-case"
"ent-3","ent","imaging","对象内重复、平台版本与图像质量","耳科影像研究档案：听觉阈值、前庭任务与沟通表现；感知阈值、沟通任务及平衡表现；个体索引、图像条件和判读分歧。需对照的具体条目：听觉任务、环境噪声与交流负担；来源索引、采集条件与判读分歧","「耳科影像」：在耳科影像中，怎样核对听觉任务、环境噪声与交流负担，分开“感知能力变化”与“任务负荷与环境差异”？","true","false","","direction-owned-direction-case"
"ent-4","ent","sensory","研究对象、观察窗口与资料比较条件","鼻部疾病研究研究档案：听觉阈值、前庭任务与沟通表现；局部结构、感觉报告和气流背景。需对照的具体条目：感觉评价、局部状态与气流背景","「鼻部疾病研究」：在鼻部疾病研究中，怎样核对感觉评价、局部状态与气流背景，分开“局部功能变化”与“状态或报告条件变化”？","true","false","","direction-owned-direction-case"
"ent-5","ent","medical-device","研究对象、观察窗口与资料比较条件","嗅觉研究研究档案：听觉阈值、前庭任务与沟通表现；感知阈值、沟通任务及平衡表现。需对照的具体条目：感觉评价、局部状态与气流背景","「嗅觉研究」：在嗅觉研究中，怎样核对感觉评价、局部状态与气流背景，分开“感知能力变化”与“任务负荷与环境差异”？","true","false","","direction-owned-direction-case"
"ent-6","ent","sensory","任务或测量条件、重复记录与时间","咽喉功能研究档案：听觉阈值、前庭任务与沟通表现；感知阈值、沟通任务及平衡表现；不同层次的读数、背景条件和相反趋势。需对照听觉、平衡与言语中的定义、对象索引与适用条件","「咽喉功能」：在咽喉功能中，怎样核对听觉阈值、前庭任务与沟通表现，分开“感知能力变化”与“任务负荷与环境差异”？ 各层次读数是否在回答同一个问题？","true","false","","direction-owned-direction-case"
"ent-7","ent","medical-device","研究对象、观察窗口与资料比较条件","声音与言语研究档案：听觉阈值、前庭任务与沟通表现；感知阈值、沟通任务及平衡表现。需对照听觉、平衡与言语中的定义、对象索引与适用条件","「声音与言语」：在声音与言语中，怎样核对听觉阈值、前庭任务与沟通表现，分开“感知能力变化”与“任务负荷与环境差异”？","true","false","","direction-owned-direction-case"
"ent-8","ent","oncology","研究对象、观察窗口与资料比较条件","头颈肿瘤研究档案：听觉阈值、前庭任务与沟通表现；病灶变化、分期与患者功能的对照。需对照的具体条目：分型、对象进入与患者结局窗口","「头颈肿瘤」：在头颈肿瘤中，怎样核对分型、对象进入与患者结局窗口，分开“病灶负担变化”与“观察选择或患者功能”？","true","false","","direction-owned-direction-case"
"ent-9","ent","respiratory","研究对象、观察窗口与资料比较条件","睡眠与气道研究档案：听觉阈值、前庭任务与沟通表现；通气、交换与活动症状的分项资料；状态时段、功能负担和报告来源。需对照的具体条目：通气指标、症状与活动状态；夜间记录、白天功能与观察条件","「睡眠与气道」：在睡眠与气道中，怎样核对通气指标、症状与活动状态，分开“气道与通气变化”与“交换或活动限制”？","true","false","","direction-owned-direction-case"
"ent-10","ent","medical-device","阶段、生活条件与功能或体验变化","听觉康复研究档案：听觉阈值、前庭任务与沟通表现；感知阈值、沟通任务及平衡表现；测试能力、生活活动与环境支持。需对照的具体条目：听觉任务、环境噪声与交流负担","「听觉康复」：在听觉康复中，怎样核对听觉任务、环境噪声与交流负担，分开“感知能力变化”与“任务负荷与环境差异”？","true","false","","direction-owned-direction-case"
"ent-11","ent","medical-device","原型版本、使用任务与失败反馈","听觉设备评价研究档案：听觉阈值、前庭任务与沟通表现；感知阈值、沟通任务及平衡表现；服务需求、资源容量和实际任务。需对照的具体条目：听觉任务、环境噪声与交流负担","「听觉设备评价」：在听觉设备评价中，怎样核对听觉任务、环境噪声与交流负担，分开“感知能力变化”与“任务负荷与环境差异”？","true","false","","direction-owned-direction-case"
"ent-12","ent","measurement-scale","入组范围、观察时间与未完成随访","患者报告结局研究档案：听觉阈值、前庭任务与沟通表现；进入时点、结局定义和失访去向；条目版本、填答者和缺失项；进入资格、观察窗口和退出去向。需对照的具体条目：结局事件、观察起点与判定口径","「患者报告结局」：在患者报告结局中，怎样核对结局事件、观察起点与判定口径，分开“真实结局差异”与“随访机会差异”？ 没进入后续记录的人，能否当成没有发生变化？","true","false","","direction-owned-direction-case"
"dermatology-1","dermatology","skin","研究对象、观察窗口与资料比较条件","炎症性皮肤病研究档案：皮损形态、屏障资料与瘙痒体验；细胞组成、活化标志与组织状态；形态、屏障与患者困扰的对照。需对照的具体条目：拍摄条件、形态评价与患者体验；皮损变化、活动时段与症状记录","「炎症性皮肤病」：在炎症性皮肤病中，怎样核对皮损变化、活动时段与症状记录，分开“活化或功能改变”与“细胞组成改变”？","true","false","","direction-owned-direction-case"
"dermatology-2","dermatology","skin","资料来源、批次与模型范围","皮肤免疫研究档案：皮损形态、屏障资料与瘙痒体验；细胞组成、活化标志与组织状态；形态、屏障与患者困扰的对照。需对照的具体条目：拍摄条件、形态评价与患者体验；免疫读数、皮损来源与功能体验","「皮肤免疫」：在皮肤免疫中，怎样核对免疫读数、皮损来源与功能体验，分开“活化或功能改变”与“细胞组成改变”？","true","false","","direction-owned-direction-case"
"dermatology-3","dermatology","skin","研究对象、观察窗口与资料比较条件","皮肤肿瘤研究档案：皮损形态、屏障资料与瘙痒体验；病灶变化、分期与患者功能的对照；形态、屏障与患者困扰的对照。需对照的具体条目：拍摄条件、形态评价与患者体验；分型、对象进入与患者结局窗口","「皮肤肿瘤」：在皮肤肿瘤中，怎样核对拍摄条件、形态评价与患者体验，分开“病灶负担变化”与“观察选择或患者功能”？","true","false","","direction-owned-direction-case"
"dermatology-4","dermatology","skin","对象内重复、平台版本与图像质量","皮肤影像研究档案：皮损形态、屏障资料与瘙痒体验；形态、屏障与患者困扰的对照；个体索引、图像条件和判读分歧。需对照的具体条目：拍摄条件、形态评价与患者体验；来源索引、采集条件与判读分歧","「皮肤影像」：在皮肤影像中，怎样核对拍摄条件、形态评价与患者体验，分开“形态或组织变化”与“患者感受与功能差异”？","true","false","","direction-owned-direction-case"
"dermatology-5","dermatology","skin","对象关系、参考版本与变异解释","皮肤遗传研究档案：皮损形态、屏障资料与瘙痒体验；形态、屏障与患者困扰的对照；参考版本、来源关系与变异表型对应；不同层次的读数、背景条件和相反趋势。需对照的具体条目：拍摄条件、形态评价与患者体验","「皮肤遗传」：在皮肤遗传中，怎样核对拍摄条件、形态评价与患者体验，分开“形态或组织变化”与“患者感受与功能差异”？ 各层次读数是否在回答同一个问题？","true","false","","direction-owned-direction-case"
"dermatology-6","dermatology","skin","研究对象、观察窗口与资料比较条件","皮肤屏障研究档案：皮损形态、屏障资料与瘙痒体验；形态、屏障与患者困扰的对照。需对照的具体条目：拍摄条件、形态评价与患者体验；屏障评价、环境条件与主观感受","「皮肤屏障」：在皮肤屏障中，怎样核对拍摄条件、形态评价与患者体验，分开“形态或组织变化”与“患者感受与功能差异”？","true","false","","direction-owned-direction-case"
"dermatology-7","dermatology","skin","研究对象、观察窗口与资料比较条件","毛发研究研究档案：皮损形态、屏障资料与瘙痒体验；形态、屏障与患者困扰的对照。需对照皮肤屏障与患者症状中的定义、对象索引与适用条件","「毛发研究」：在毛发研究中，怎样核对皮损形态、屏障资料与瘙痒体验，分开“形态或组织变化”与“患者感受与功能差异”？","true","false","","direction-owned-direction-case"
"dermatology-8","dermatology","skin","测量含义、填答者与时间窗口","皮肤量表研究档案：皮损形态、屏障资料与瘙痒体验；形态、屏障与患者困扰的对照；条目版本、填答者和缺失项；参考依据、重复读数和误差分项。需对照的具体条目：拍摄条件、形态评价与患者体验","「皮肤量表」：在皮肤量表中，怎样核对拍摄条件、形态评价与患者体验，分开“形态或组织变化”与“患者感受与功能差异”？ 读数差异来自被测对象，还是测量链的变化？","true","false","","direction-owned-direction-case"
"dermatology-9","dermatology","skin","研究对象、观察窗口与资料比较条件","光与皮肤研究档案：皮损形态、屏障资料与瘙痒体验；形态、屏障与患者困扰的对照。需对照的具体条目：拍摄条件、形态评价与患者体验；光照背景、观察条件与皮肤响应","「光与皮肤」：在光与皮肤中，怎样核对光照背景、观察条件与皮肤响应，分开“形态或组织变化”与“患者感受与功能差异”？","true","false","","direction-owned-direction-case"
"dermatology-10","dermatology","skin","入组范围、观察时间与未完成随访","创面结局研究档案：皮损形态、屏障资料与瘙痒体验；形态、屏障与患者困扰的对照；进入时点、结局定义和失访去向；进入资格、观察窗口和退出去向。需对照的具体条目：形态条件、修复阶段与功能体验；结局事件、观察起点与判定口径","「创面结局」：在创面结局中，怎样核对形态条件、修复阶段与功能体验，分开“形态或组织变化”与“患者感受与功能差异”？ 没进入后续记录的人，能否当成没有发生变化？","true","false","","direction-owned-direction-case"
"dermatology-11","dermatology","skin","测量含义、填答者与时间窗口","生活质量研究档案：皮损形态、屏障资料与瘙痒体验；条目版本、填答者和缺失项；版本变更、异常记录和失败复核。需对照皮肤屏障与患者症状中的定义、对象索引与适用条件","「生活质量」：在生活质量中，怎样核对皮损形态、屏障资料与瘙痒体验，分开“体验实际变化”与“报告者或条目变化”？ 所谓更可靠，是失败更少，还是失败更少被记下来？","true","false","","direction-owned-direction-case"
"dermatology-12","dermatology","skin","入组范围、观察时间与未完成随访","皮肤疾病队列研究档案：皮损形态、屏障资料与瘙痒体验；形态、屏障与患者困扰的对照；进入时点、结局定义和失访去向；进入资格、观察窗口和退出去向。需对照的具体条目：拍摄条件、形态评价与患者体验；对象进入时点、重复观察与失访去向","「皮肤疾病队列」：在皮肤疾病队列中，怎样核对拍摄条件、形态评价与患者体验，分开“形态或组织变化”与“患者感受与功能差异”？ 没进入后续记录的人，能否当成没有发生变化？","true","false","","direction-owned-direction-case"
"oncology-1","oncology","oncology","入组范围、观察时间与未完成随访","肿瘤结局研究档案：分期、病灶变化与生存功能；病灶变化、分期与患者功能的对照；进入时点、结局定义和失访去向；进入资格、观察窗口和退出去向。需对照的具体条目：分型、对象进入与患者结局窗口；结局事件、观察起点与判定口径","「肿瘤结局」：在肿瘤结局中，怎样核对分型、对象进入与患者结局窗口，分开“病灶负担变化”与“观察选择或患者功能”？ 没进入后续记录的人，能否当成没有发生变化？","true","false","oncology","direction-owned-direction-case"
"oncology-2","oncology","genetic-association","对象关系、参考版本与变异解释","肿瘤遗传研究档案：分期、病灶变化与生存功能；病灶变化、分期与患者功能的对照；参考版本、来源关系与变异表型对应；不同层次的读数、背景条件和相反趋势。需对照的具体条目：分型、对象进入与患者结局窗口","「肿瘤遗传」：在肿瘤遗传中，怎样核对分型、对象进入与患者结局窗口，分开“病灶负担变化”与“观察选择或患者功能”？ 各层次读数是否在回答同一个问题？","true","false","oncology","direction-owned-direction-case"
"oncology-3","oncology","imaging","对象内重复、平台版本与图像质量","肿瘤影像研究档案：分期、病灶变化与生存功能；病灶变化、分期与患者功能的对照；个体索引、图像条件和判读分歧。需对照的具体条目：分型、对象进入与患者结局窗口；来源索引、采集条件与判读分歧","「肿瘤影像」：在肿瘤影像中，怎样核对分型、对象进入与患者结局窗口，分开“病灶负担变化”与“观察选择或患者功能”？","true","false","oncology","direction-owned-direction-case"
"oncology-4","oncology","oncology","研究对象、观察窗口与资料比较条件","肿瘤微环境研究档案：分期、病灶变化与生存功能；病灶变化、分期与患者功能的对照；目标人群、进入机制和暴露窗口。需对照的具体条目：分型、对象进入与患者结局窗口","「肿瘤微环境」：在肿瘤微环境中，怎样核对分型、对象进入与患者结局窗口，分开“病灶负担变化”与“观察选择或患者功能”？","true","false","oncology","direction-owned-direction-case"
"oncology-5","oncology","metabolic","研究对象、观察窗口与资料比较条件","肿瘤代谢研究档案：分期、病灶变化与生存功能；激素或代谢时序与状态分层；病灶变化、分期与患者功能的对照。需对照的具体条目：分型、对象进入与患者结局窗口","「肿瘤代谢」：在肿瘤代谢中，怎样核对分型、对象进入与患者结局窗口，分开“持续代谢状态”与“测量相位或反馈改变”？","true","false","oncology","direction-owned-direction-case"
"oncology-6","oncology","oncology","资料来源、批次与模型范围","肿瘤免疫研究档案：分期、病灶变化与生存功能；细胞组成、活化标志与组织状态；病灶变化、分期与患者功能的对照。需对照的具体条目：分型、对象进入与患者结局窗口","「肿瘤免疫」：在肿瘤免疫中，怎样核对分型、对象进入与患者结局窗口，分开“活化或功能改变”与“细胞组成改变”？","true","false","oncology","direction-owned-direction-case"
"oncology-7","oncology","imaging","测量口径、平台或读者差异","肿瘤病理研究档案：分期、病灶变化与生存功能；病灶变化、分期与患者功能的对照；结构定位、组织层次与判读条件；不同层次的读数、背景条件和相反趋势。需对照的具体条目：分型、对象进入与患者结局窗口","「肿瘤病理」：在肿瘤病理中，怎样核对分型、对象进入与患者结局窗口，分开“病灶负担变化”与“观察选择或患者功能”？ 各层次读数是否在回答同一个问题？","true","false","oncology","direction-owned-direction-case"
"oncology-8","oncology","oncology","入组范围、观察时间与未完成随访","生存质量研究档案：分期、病灶变化与生存功能；进入时点、结局定义和失访去向；进入资格、观察窗口和退出去向。需对照的具体条目：存活时间、生活质量与缺失报告","「生存质量」：在生存质量中，怎样核对存活时间、生活质量与缺失报告，分开“真实结局差异”与“随访机会差异”？ 没进入后续记录的人，能否当成没有发生变化？","true","false","","direction-owned-direction-case"
"oncology-9","oncology","oncology","入组范围、观察时间与未完成随访","癌症登记研究档案：分期、病灶变化与生存功能；病灶变化、分期与患者功能的对照；进入时点、结局定义和失访去向；进入资格、观察窗口和退出去向。需对照的具体条目：登记入口、覆盖分母与重复记录","「癌症登记」：在癌症登记中，怎样核对登记入口、覆盖分母与重复记录，分开“病灶负担变化”与“观察选择或患者功能”？ 没进入后续记录的人，能否当成没有发生变化？","true","false","oncology","direction-owned-direction-case"
"oncology-10","oncology","oncology","阶段、生活条件与功能或体验变化","肿瘤康复研究档案：分期、病灶变化与生存功能；病灶变化、分期与患者功能的对照；测试能力、生活活动与环境支持。需对照的具体条目：分型、对象进入与患者结局窗口","「肿瘤康复」：在肿瘤康复中，怎样核对分型、对象进入与患者结局窗口，分开“病灶负担变化”与“观察选择或患者功能”？","true","false","oncology","direction-owned-direction-case"
"oncology-11","oncology","oncology","来源、批次与独立对象","肿瘤资料整合研究档案：分期、病灶变化与生存功能；病灶变化、分期与患者功能的对照。需对照的具体条目：分型、对象进入与患者结局窗口；来源映射、重叠对象与桥接假设","「肿瘤资料整合」：在肿瘤资料整合中，怎样核对分型、对象进入与患者结局窗口，分开“病灶负担变化”与“观察选择或患者功能”？","true","false","oncology","direction-owned-direction-case"
"oncology-12","oncology","oncology","入组范围、观察时间与未完成随访","长期随访研究档案：分期、病灶变化与生存功能；进入时点、结局定义和失访去向；进入资格、观察窗口和退出去向。需对照肿瘤负担与患者结局中的定义、对象索引与适用条件","「长期随访」：在长期随访中，怎样核对分期、病灶变化与生存功能，分开“真实结局差异”与“随访机会差异”？ 没进入后续记录的人，能否当成没有发生变化？","true","false","","direction-owned-direction-case"
"emergency-1","emergency","surgery","研究对象、观察窗口与资料比较条件","急诊流程研究档案：分诊时间、就诊流程与需求波动；需求到达、流程时间和风险分层。需对照的具体条目：步骤顺序、等待节点与服务需求","「急诊流程」：在急诊流程中，怎样核对步骤顺序、等待节点与服务需求，分开“服务路径改善”与“需求或风险构成改变”？","true","false","","direction-owned-direction-case"
"emergency-2","emergency","surgery","研究对象、观察窗口与资料比较条件","分诊研究研究档案：分诊时间、就诊流程与需求波动；需求到达、流程时间和风险分层。需对照的具体条目：判断标准、优先顺序与风险构成","「分诊研究」：在分诊研究中，怎样核对判断标准、优先顺序与风险构成，分开“服务路径改善”与“需求或风险构成改变”？","true","false","","direction-owned-direction-case"
"emergency-3","emergency","surgery","研究对象、观察窗口与资料比较条件","急诊质量研究档案：分诊时间、就诊流程与需求波动；需求到达、流程时间和风险分层；版本变更、异常记录和失败复核。需对照急诊时间与需求中的定义、对象索引与适用条件","「急诊质量」：在急诊质量中，怎样核对分诊时间、就诊流程与需求波动，分开“服务路径改善”与“需求或风险构成改变”？ 所谓更可靠，是失败更少，还是失败更少被记下来？","true","false","","direction-owned-direction-case"
"emergency-4","emergency","imaging","对象内重复、平台版本与图像质量","急诊影像研究档案：分诊时间、就诊流程与需求波动；个体索引、图像条件和判读分歧；需求到达、流程时间和风险分层。需对照的具体条目：来源索引、采集条件与判读分歧","「急诊影像」：在急诊影像中，怎样核对来源索引、采集条件与判读分歧，分开“可重复的影像变化”与“采集或判读变化”？","true","false","","direction-owned-direction-case"
"emergency-5","emergency","surgery","研究对象、观察窗口与资料比较条件","时间记录研究档案：分诊时间、就诊流程与需求波动；服务需求、资源容量和实际任务；时间戳、状态阶段和变化前后的并列记录。需对照急诊时间与需求中的定义、对象索引与适用条件","「时间记录」：在时间记录中，怎样核对分诊时间、就诊流程与需求波动，分开“交付能力改善”与“需求或记录构成改变”？ 变化先后关系是否与提出的解释相符？","true","false","","direction-owned-direction-case"
"emergency-6","emergency","surgery","目标、执行层次与受益差异","急诊服务需求研究档案：分诊时间、就诊流程与需求波动；需求到达、流程时间和风险分层；计量单位、时间窗口和未计入的投入。需对照的具体条目：潜在需要、服务门槛与实际使用","「急诊服务需求」：在急诊服务需求中，怎样核对潜在需要、服务门槛与实际使用，分开“服务路径改善”与“需求或风险构成改变”？ 看起来更划算，是效率提高还是少算了投入？","true","false","","direction-owned-direction-case"
"emergency-7","emergency","surgery","研究对象、观察窗口与资料比较条件","急诊信息系统研究档案：分诊时间、就诊流程与需求波动；需求到达、流程时间和风险分层；版本规则、对象索引和使用任务。需对照急诊时间与需求中的定义、对象索引与适用条件","「急诊信息系统」：在急诊信息系统中，怎样核对分诊时间、就诊流程与需求波动，分开“服务路径改善”与“需求或风险构成改变”？","true","false","","direction-owned-direction-case"
"emergency-8","emergency","surgery","测量含义、填答者与时间窗口","急诊患者体验研究档案：分诊时间、就诊流程与需求波动；计划、实施与患者本人或代理报告；条目版本、填答者和缺失项。需对照急诊时间与需求中的定义、对象索引与适用条件","「急诊患者体验」：在急诊患者体验中，怎样核对分诊时间、就诊流程与需求波动，分开“照护实际改变”与“登记或报告者差异”？","true","false","","direction-owned-direction-case"
"emergency-9","emergency","surgery","入组范围、观察时间与未完成随访","急诊队列研究档案：分诊时间、就诊流程与需求波动；进入时点、结局定义和失访去向；需求到达、流程时间和风险分层；进入资格、观察窗口和退出去向。需对照的具体条目：对象进入时点、重复观察与失访去向","「急诊队列」：在急诊队列中，怎样核对对象进入时点、重复观察与失访去向，分开“真实结局差异”与“随访机会差异”？ 没进入后续记录的人，能否当成没有发生变化？","true","false","","direction-owned-direction-case"
"emergency-10","emergency","surgery","研究对象、观察窗口与资料比较条件","院前院内衔接研究档案：分诊时间、就诊流程与需求波动；需求到达、流程时间和风险分层。需对照的具体条目：交接时间、信息接收与实际后续行动","「院前院内衔接」：在院前院内衔接中，怎样核对交接时间、信息接收与实际后续行动，分开“服务路径改善”与“需求或风险构成改变”？","true","false","","direction-owned-direction-case"
"emergency-11","emergency","surgery","研究对象、观察窗口与资料比较条件","急诊负荷研究档案：分诊时间、就诊流程与需求波动；训练暴露、恢复阶段和任务表现；需求到达、流程时间和风险分层。需对照急诊时间与需求中的定义、对象索引与适用条件","「急诊负荷」：在急诊负荷中，怎样核对分诊时间、就诊流程与需求波动，分开“可迁移训练收益”与“熟悉或恢复差异”？","true","false","","direction-owned-direction-case"
"emergency-12","emergency","surgery","目标、执行层次与受益差异","突发需求管理研究档案：分诊时间、就诊流程与需求波动；服务需求、资源容量和实际任务；正式文本、执行条件与被排除的对象。需对照急诊时间与需求中的定义、对象索引与适用条件","「突发需求管理」：在突发需求管理中，怎样核对分诊时间、就诊流程与需求波动，分开“交付能力改善”与“需求或记录构成改变”？ 文本已经改变，实际机会和执行是否也改变了？","true","false","","direction-owned-direction-case"
"critical-care-1","critical-care","surgery","入组范围、观察时间与未完成随访","重症结局研究档案：器官功能、支持过程与长期恢复；进入时点、结局定义和失访去向；需求到达、流程时间和风险分层；进入资格、观察窗口和退出去向。需对照的具体条目：结局事件、观察起点与判定口径","「重症结局」：在重症结局中，怎样核对结局事件、观察起点与判定口径，分开“真实结局差异”与“随访机会差异”？ 没进入后续记录的人，能否当成没有发生变化？","true","false","","direction-owned-direction-case"
"critical-care-2","critical-care","surgery","任务或测量条件、重复记录与时间","器官功能记录研究档案：器官功能、支持过程与长期恢复；服务需求、资源容量和实际任务；不同层次的读数、背景条件和相反趋势。需对照器官状态与重症恢复中的定义、对象索引与适用条件","「器官功能记录」：在器官功能记录中，怎样核对器官功能、支持过程与长期恢复，分开“交付能力改善”与“需求或记录构成改变”？ 各层次读数是否在回答同一个问题？","true","false","","direction-owned-direction-case"
"critical-care-3","critical-care","surgery","任务或测量条件、重复记录与时间","重症监测资料研究档案：器官功能、支持过程与长期恢复；需求到达、流程时间和风险分层；参考依据、重复读数和误差分项。需对照器官状态与重症恢复中的定义、对象索引与适用条件","「重症监测资料」：在重症监测资料中，怎样核对器官功能、支持过程与长期恢复，分开“服务路径改善”与“需求或风险构成改变”？ 读数差异来自被测对象，还是测量链的变化？","true","false","","direction-owned-direction-case"
"critical-care-4","critical-care","imaging","对象内重复、平台版本与图像质量","重症影像研究档案：器官功能、支持过程与长期恢复；个体索引、图像条件和判读分歧；需求到达、流程时间和风险分层。需对照的具体条目：来源索引、采集条件与判读分歧","「重症影像」：在重症影像中，怎样核对来源索引、采集条件与判读分歧，分开“可重复的影像变化”与“采集或判读变化”？","true","false","","direction-owned-direction-case"
"critical-care-5","critical-care","surgery","阶段、生活条件与功能或体验变化","重症营养研究档案：器官功能、支持过程与长期恢复；组成、摄入及整体模式的分别记录；成分、实际摄入和感官任务条件；计量单位、时间窗口和未计入的投入。需对照器官状态与重症恢复中的定义、对象索引与适用条件","「重症营养」：在重症营养中，怎样核对器官功能、支持过程与长期恢复，分开“摄入或组成变化”与“总模式与报告差异”？ 看起来更划算，是效率提高还是少算了投入？","true","false","","direction-owned-direction-case"
"critical-care-6","critical-care","surgery","阶段、生活条件与功能或体验变化","重症康复研究档案：器官功能、支持过程与长期恢复；测试能力、生活活动与环境支持；需求到达、流程时间和风险分层。需对照器官状态与重症恢复中的定义、对象索引与适用条件","「重症康复」：在重症康复中，怎样核对器官功能、支持过程与长期恢复，分开“能力改善”与“环境或支持变化”？","true","false","","direction-owned-direction-case"
"critical-care-7","critical-care","surgery","入组范围、观察时间与未完成随访","长期功能结局研究档案：器官功能、支持过程与长期恢复；进入时点、结局定义和失访去向；进入资格、观察窗口和退出去向。需对照的具体条目：结局事件、观察起点与判定口径","「长期功能结局」：在长期功能结局中，怎样核对结局事件、观察起点与判定口径，分开“真实结局差异”与“随访机会差异”？ 没进入后续记录的人，能否当成没有发生变化？","true","false","","direction-owned-direction-case"
"critical-care-8","critical-care","surgery","研究对象、观察窗口与资料比较条件","重症照护研究档案：器官功能、支持过程与长期恢复；计划、实施与患者本人或代理报告；需求到达、流程时间和风险分层。需对照的具体条目：实施时间线、交接信息与本人报告","「重症照护」：在重症照护中，怎样核对实施时间线、交接信息与本人报告，分开“照护实际改变”与“登记或报告者差异”？","true","false","","direction-owned-direction-case"
"critical-care-9","critical-care","surgery","研究对象、观察窗口与资料比较条件","重症信息系统研究档案：器官功能、支持过程与长期恢复；需求到达、流程时间和风险分层；版本规则、对象索引和使用任务。需对照器官状态与重症恢复中的定义、对象索引与适用条件","「重症信息系统」：在重症信息系统中，怎样核对器官功能、支持过程与长期恢复，分开“服务路径改善”与“需求或风险构成改变”？","true","false","","direction-owned-direction-case"
"critical-care-10","critical-care","surgery","入组范围、观察时间与未完成随访","重症队列研究档案：器官功能、支持过程与长期恢复；进入时点、结局定义和失访去向；需求到达、流程时间和风险分层；进入资格、观察窗口和退出去向。需对照的具体条目：对象进入时点、重复观察与失访去向","「重症队列」：在重症队列中，怎样核对对象进入时点、重复观察与失访去向，分开“真实结局差异”与“随访机会差异”？ 没进入后续记录的人，能否当成没有发生变化？","true","false","","direction-owned-direction-case"
"critical-care-11","critical-care","surgery","测量含义、填答者与时间窗口","患者与家属体验研究档案：器官功能、支持过程与长期恢复；计划、实施与患者本人或代理报告；条目版本、填答者和缺失项。需对照器官状态与重症恢复中的定义、对象索引与适用条件","「患者与家属体验」：在患者与家属体验中，怎样核对器官功能、支持过程与长期恢复，分开“照护实际改变”与“登记或报告者差异”？","true","false","","direction-owned-direction-case"
"critical-care-12","critical-care","surgery","研究对象、观察窗口与资料比较条件","资源与质量研究档案：器官功能、支持过程与长期恢复；服务需求、资源容量和实际任务；版本变更、异常记录和失败复核。需对照器官状态与重症恢复中的定义、对象索引与适用条件","「资源与质量」：在资源与质量中，怎样核对器官功能、支持过程与长期恢复，分开“交付能力改善”与“需求或记录构成改变”？ 所谓更可靠，是失败更少，还是失败更少被记下来？","true","false","","direction-owned-direction-case"
"anesthesiology-1","anesthesiology","surgery","入组范围、观察时间与未完成随访","围术期结局研究档案：监测时序、疼痛报告与恢复活动；进入时点、结局定义和失访去向；需求到达、流程时间和风险分层；进入资格、观察窗口和退出去向。需对照的具体条目：结局事件、观察起点与判定口径","「围术期结局」：在围术期结局中，怎样核对结局事件、观察起点与判定口径，分开“真实结局差异”与“随访机会差异”？ 没进入后续记录的人，能否当成没有发生变化？","true","false","","direction-owned-direction-case"
"anesthesiology-2","anesthesiology","measurement-scale","测量含义、填答者与时间窗口","疼痛量表研究档案：监测时序、疼痛报告与恢复活动；条目版本、填答者和缺失项；需求到达、流程时间和风险分层；参考依据、重复读数和误差分项。需对照围术期状态与疼痛中的定义、对象索引与适用条件","「疼痛量表」：在疼痛量表中，怎样核对监测时序、疼痛报告与恢复活动，分开“体验实际变化”与“报告者或条目变化”？ 读数差异来自被测对象，还是测量链的变化？","true","false","","direction-owned-direction-case"
"anesthesiology-3","anesthesiology","surgery","研究对象、观察窗口与资料比较条件","慢性疼痛研究档案：监测时序、疼痛报告与恢复活动；需求到达、流程时间和风险分层。需对照的具体条目：症状周期、功能负担与报告时段","「慢性疼痛」：在慢性疼痛中，怎样核对症状周期、功能负担与报告时段，分开“服务路径改善”与“需求或风险构成改变”？","true","false","","direction-owned-direction-case"
"anesthesiology-4","anesthesiology","surgery","研究对象、观察窗口与资料比较条件","麻醉信息系统研究档案：监测时序、疼痛报告与恢复活动；需求到达、流程时间和风险分层；版本规则、对象索引和使用任务。需对照围术期状态与疼痛中的定义、对象索引与适用条件","「麻醉信息系统」：在麻醉信息系统中，怎样核对监测时序、疼痛报告与恢复活动，分开“服务路径改善”与“需求或风险构成改变”？","true","false","","direction-owned-direction-case"
"anesthesiology-5","anesthesiology","psychology","研究对象、观察窗口与资料比较条件","围术期认知研究档案：监测时序、疼痛报告与恢复活动；电生理、结构与任务表现的对应；任务版本、构念定义和状态条件。需对照的具体条目：任务难度、注意条件与策略选择","「围术期认知」：在围术期认知中，怎样核对任务难度、注意条件与策略选择，分开“结构相关信号”与“任务或功能状态”？","true","false","","direction-owned-direction-case"
"anesthesiology-6","anesthesiology","surgery","研究对象、观察窗口与资料比较条件","围术期质量研究档案：监测时序、疼痛报告与恢复活动；需求到达、流程时间和风险分层；版本变更、异常记录和失败复核。需对照围术期状态与疼痛中的定义、对象索引与适用条件","「围术期质量」：在围术期质量中，怎样核对监测时序、疼痛报告与恢复活动，分开“服务路径改善”与“需求或风险构成改变”？ 所谓更可靠，是失败更少，还是失败更少被记下来？","true","false","","direction-owned-direction-case"
"anesthesiology-7","anesthesiology","surgery","任务或测量条件、重复记录与时间","围术期监测研究档案：监测时序、疼痛报告与恢复活动；需求到达、流程时间和风险分层；参考依据、重复读数和误差分项。需对照围术期状态与疼痛中的定义、对象索引与适用条件","「围术期监测」：在围术期监测中，怎样核对监测时序、疼痛报告与恢复活动，分开“服务路径改善”与“需求或风险构成改变”？ 读数差异来自被测对象，还是测量链的变化？","true","false","","direction-owned-direction-case"
"anesthesiology-8","anesthesiology","rehab","阶段、生活条件与功能或体验变化","疼痛康复研究档案：监测时序、疼痛报告与恢复活动；测试能力、生活活动与环境支持；需求到达、流程时间和风险分层。需对照围术期状态与疼痛中的定义、对象索引与适用条件","「疼痛康复」：在疼痛康复中，怎样核对监测时序、疼痛报告与恢复活动，分开“能力改善”与“环境或支持变化”？","true","false","","direction-owned-direction-case"
"anesthesiology-9","anesthesiology","surgery","测量含义、填答者与时间窗口","患者体验研究档案：监测时序、疼痛报告与恢复活动；计划、实施与患者本人或代理报告；条目版本、填答者和缺失项。需对照围术期状态与疼痛中的定义、对象索引与适用条件","「患者体验」：在患者体验中，怎样核对监测时序、疼痛报告与恢复活动，分开“照护实际改变”与“登记或报告者差异”？","true","false","","direction-owned-direction-case"
"anesthesiology-10","anesthesiology","medical-device","原型版本、使用任务与失败反馈","设备评价研究档案：监测时序、疼痛报告与恢复活动；服务需求、资源容量和实际任务。需对照围术期状态与疼痛中的定义、对象索引与适用条件","「设备评价」：在设备评价中，怎样核对监测时序、疼痛报告与恢复活动，分开“交付能力改善”与“需求或记录构成改变”？","true","false","","direction-owned-direction-case"
"anesthesiology-11","anesthesiology","surgery","目标、执行层次与受益差异","麻醉服务研究研究档案：监测时序、疼痛报告与恢复活动；需求到达、流程时间和风险分层。需对照的具体条目：服务资格、实际交付与未获服务者","「麻醉服务研究」：在麻醉服务研究中，怎样核对服务资格、实际交付与未获服务者，分开“服务路径改善”与“需求或风险构成改变”？","true","false","","direction-owned-direction-case"
"anesthesiology-12","anesthesiology","surgery","来源、批次与独立对象","围术期资料整合研究档案：监测时序、疼痛报告与恢复活动；需求到达、流程时间和风险分层。需对照的具体条目：来源映射、重叠对象与桥接假设","「围术期资料整合」：在围术期资料整合中，怎样核对来源映射、重叠对象与桥接假设，分开“服务路径改善”与“需求或风险构成改变”？","true","false","","direction-owned-direction-case"
"radiology-1","radiology","imaging","对象内重复、平台版本与图像质量","磁共振影像研究档案：成像参数、图像质量与读者判断；个体索引、图像条件和判读分歧。需对照的具体条目：来源索引、采集条件与判读分歧；序列版本、信号对比与判读条件","「磁共振影像」：在磁共振影像中，怎样核对序列版本、信号对比与判读条件，分开“可重复的影像变化”与“采集或判读变化”？","true","false","","direction-owned-direction-case"
"radiology-2","radiology","imaging","对象内重复、平台版本与图像质量","CT影像研究档案：成像参数、图像质量与读者判断；个体索引、图像条件和判读分歧。需对照的具体条目：来源索引、采集条件与判读分歧；采集或重建版本、结构对比与个体索引","「CT影像」：在CT影像中，怎样核对采集或重建版本、结构对比与个体索引，分开“可重复的影像变化”与“采集或判读变化”？","true","false","","direction-owned-direction-case"
"radiology-3","radiology","imaging","对象内重复、平台版本与图像质量","神经影像研究档案：成像参数、图像质量与读者判断；电生理、结构与任务表现的对应；个体索引、图像条件和判读分歧。需对照的具体条目：来源索引、采集条件与判读分歧","「神经影像」：在神经影像中，怎样核对来源索引、采集条件与判读分歧，分开“结构相关信号”与“任务或功能状态”？","true","false","","direction-owned-direction-case"
"radiology-4","radiology","imaging","对象内重复、平台版本与图像质量","心血管影像研究档案：成像参数、图像质量与读者判断；心脏负荷与功能的并列记录；个体索引、图像条件和判读分歧。需对照的具体条目：来源索引、采集条件与判读分歧","「心血管影像」：在心血管影像中，怎样核对来源索引、采集条件与判读分歧，分开“直接心脏变化”与“循环负荷变化”？","true","false","","direction-owned-direction-case"
"radiology-5","radiology","imaging","对象内重复、平台版本与图像质量","腹部影像研究档案：成像参数、图像质量与读者判断；个体索引、图像条件和判读分歧。需对照的具体条目：来源索引、采集条件与判读分歧；器官位置、观察窗口与背景条件","「腹部影像」：在腹部影像中，怎样核对器官位置、观察窗口与背景条件，分开“可重复的影像变化”与“采集或判读变化”？","true","false","","direction-owned-direction-case"
"radiology-6","radiology","imaging","对象内重复、平台版本与图像质量","骨关节影像研究档案：成像参数、图像质量与读者判断；结构、负荷及动作功能的联合描述；个体索引、图像条件和判读分歧。需对照的具体条目：活动任务、负荷背景与组织状态；来源索引、采集条件与判读分歧","「骨关节影像」：在骨关节影像中，怎样核对活动任务、负荷背景与组织状态，分开“组织结构变化”与“载荷或活动策略变化”？","true","false","","direction-owned-direction-case"
"radiology-7","radiology","imaging","对象内重复、平台版本与图像质量","儿童影像研究档案：成像参数、图像质量与读者判断；发育分期、成长轨迹与功能任务；个体索引、图像条件和判读分歧。需对照的具体条目：发展阶段、照护关系与适龄任务；来源索引、采集条件与判读分歧","「儿童影像」：在儿童影像中，怎样核对发展阶段、照护关系与适龄任务，分开“真实阶段差异”与“分期错位”？","true","false","","direction-owned-direction-case"
"radiology-8","radiology","imaging","对象内重复、平台版本与图像质量","肿瘤影像研究档案：成像参数、图像质量与读者判断；病灶变化、分期与患者功能的对照；个体索引、图像条件和判读分歧。需对照的具体条目：分型、对象进入与患者结局窗口；来源索引、采集条件与判读分歧","「肿瘤影像」：在肿瘤影像中，怎样核对分型、对象进入与患者结局窗口，分开“病灶负担变化”与“观察选择或患者功能”？","true","false","","direction-owned-direction-case"
"radiology-9","radiology","imaging","对象内重复、平台版本与图像质量","影像组学研究档案：成像参数、图像质量与读者判断；鉴定可靠性、分子丰度与功能资料；细胞组成、功能层次和独立来源。需对照的具体条目：来源索引、采集条件与判读分歧","「影像组学」：在影像组学中，怎样核对来源索引、采集条件与判读分歧，分开“分子状态变化”与“鉴定、组成或测量差异”？","true","false","","direction-owned-direction-case"
"radiology-10","radiology","imaging","对象内重复、平台版本与图像质量","影像人工智能研究档案：成像参数、图像质量与读者判断；个体索引、图像条件和判读分歧。需对照的具体条目：来源索引、采集条件与判读分歧；来源划分、模型错误与实际使用任务","「影像人工智能」：在影像人工智能中，怎样核对来源划分、模型错误与实际使用任务，分开“可重复的影像变化”与“采集或判读变化”？","true","false","","direction-owned-direction-case"
"radiology-11","radiology","imaging","对象内重复、平台版本与图像质量","影像一致性研究档案：成像参数、图像质量与读者判断；个体索引、图像条件和判读分歧。需对照的具体条目：来源索引、采集条件与判读分歧；成对记录、判读分歧与总体口径","「影像一致性」：在影像一致性中，怎样核对成对记录、判读分歧与总体口径，分开“可重复的影像变化”与“采集或判读变化”？","true","false","","direction-owned-direction-case"
"radiology-12","radiology","imaging","对象内重复、平台版本与图像质量","成像质量评价研究档案：成像参数、图像质量与读者判断；个体索引、图像条件和判读分歧；版本变更、异常记录和失败复核。需对照影像形成与判读中的定义、对象索引与适用条件","「成像质量评价」：在成像质量评价中，怎样核对成像参数、图像质量与读者判断，分开“可重复的影像变化”与“采集或判读变化”？ 所谓更可靠，是失败更少，还是失败更少被记下来？","true","false","","direction-owned-direction-case"
"ultrasound-1","ultrasound","imaging","对象内重复、平台版本与图像质量","心脏超声研究档案：声窗、切面与运动相关测量；心脏负荷与功能的并列记录；个体索引、图像条件和判读分歧。需对照声学窗口与超声定量中的定义、对象索引与适用条件","「心脏超声」：在心脏超声中，怎样核对声窗、切面与运动相关测量，分开“直接心脏变化”与“循环负荷变化”？","true","false","","direction-owned-direction-case"
"ultrasound-2","ultrasound","imaging","对象内重复、平台版本与图像质量","血管超声研究档案：声窗、切面与运动相关测量；个体索引、图像条件和判读分歧；测量条件、血流负荷和时段轨迹。需对照声学窗口与超声定量中的定义、对象索引与适用条件","「血管超声」：在血管超声中，怎样核对声窗、切面与运动相关测量，分开“可重复的影像变化”与“采集或判读变化”？","true","false","","direction-owned-direction-case"
"ultrasound-3","ultrasound","imaging","对象内重复、平台版本与图像质量","腹部超声研究档案：声窗、切面与运动相关测量；个体索引、图像条件和判读分歧。需对照的具体条目：器官位置、观察窗口与背景条件","「腹部超声」：在腹部超声中，怎样核对器官位置、观察窗口与背景条件，分开“可重复的影像变化”与“采集或判读变化”？","true","false","","direction-owned-direction-case"
"ultrasound-4","ultrasound","imaging","对象内重复、平台版本与图像质量","肌骨超声研究档案：声窗、切面与运动相关测量；结构、负荷及动作功能的联合描述；个体索引、图像条件和判读分歧。需对照声学窗口与超声定量中的定义、对象索引与适用条件","「肌骨超声」：在肌骨超声中，怎样核对声窗、切面与运动相关测量，分开“组织结构变化”与“载荷或活动策略变化”？","true","false","","direction-owned-direction-case"
"ultrasound-5","ultrasound","imaging","对象内重复、平台版本与图像质量","妇产超声研究档案：声窗、切面与运动相关测量；生命阶段与母婴或生殖结局的对应；个体索引、图像条件和判读分歧。需对照声学窗口与超声定量中的定义、对象索引与适用条件","「妇产超声」：在妇产超声中，怎样核对声窗、切面与运动相关测量，分开“阶段相关差异”与“主体间关联或选择”？","true","false","","direction-owned-direction-case"
"ultrasound-6","ultrasound","imaging","对象内重复、平台版本与图像质量","儿童超声研究档案：声窗、切面与运动相关测量；发育分期、成长轨迹与功能任务；个体索引、图像条件和判读分歧。需对照的具体条目：发展阶段、照护关系与适龄任务","「儿童超声」：在儿童超声中，怎样核对发展阶段、照护关系与适龄任务，分开“真实阶段差异”与“分期错位”？","true","false","","direction-owned-direction-case"
"ultrasound-7","ultrasound","imaging","对象内重复、平台版本与图像质量","弹性成像研究档案：声窗、切面与运动相关测量；个体索引、图像条件和判读分歧。需对照的具体条目：力学状态、成像条件与参考评价","「弹性成像」：在弹性成像中，怎样核对力学状态、成像条件与参考评价，分开“可重复的影像变化”与“采集或判读变化”？","true","false","","direction-owned-direction-case"
"ultrasound-8","ultrasound","imaging","对象内重复、平台版本与图像质量","超声定量研究档案：声窗、切面与运动相关测量；个体索引、图像条件和判读分歧。需对照的具体条目：单位、标度转换与校准来源","「超声定量」：在超声定量中，怎样核对单位、标度转换与校准来源，分开“可重复的影像变化”与“采集或判读变化”？","true","false","","direction-owned-direction-case"
"ultrasound-9","ultrasound","imaging","对象内重复、平台版本与图像质量","超声图像分析研究档案：声窗、切面与运动相关测量；个体索引、图像条件和判读分歧。需对照的具体条目：作品状态、观看位置与形式细节；输入假设、测量或推导链与不确定性","「超声图像分析」：在超声图像分析中，怎样核对作品状态、观看位置与形式细节，分开“可重复的影像变化”与“采集或判读变化”？","true","false","","direction-owned-direction-case"
"ultrasound-10","ultrasound","imaging","对象内重复、平台版本与图像质量","超声一致性研究档案：声窗、切面与运动相关测量；个体索引、图像条件和判读分歧。需对照的具体条目：成对记录、判读分歧与总体口径","「超声一致性」：在超声一致性中，怎样核对成对记录、判读分歧与总体口径，分开“可重复的影像变化”与“采集或判读变化”？","true","false","","direction-owned-direction-case"
"ultrasound-11","ultrasound","medical-device","原型版本、使用任务与失败反馈","设备评价研究档案：声窗、切面与运动相关测量；服务需求、资源容量和实际任务。需对照声学窗口与超声定量中的定义、对象索引与适用条件","「设备评价」：在设备评价中，怎样核对声窗、切面与运动相关测量，分开“交付能力改善”与“需求或记录构成改变”？","true","false","","direction-owned-direction-case"
"ultrasound-12","ultrasound","imaging","对象内重复、平台版本与图像质量","超声质控研究档案：声窗、切面与运动相关测量；个体索引、图像条件和判读分歧；版本变更、异常记录和失败复核。需对照声学窗口与超声定量中的定义、对象索引与适用条件","「超声质控」：在超声质控中，怎样核对声窗、切面与运动相关测量，分开“可重复的影像变化”与“采集或判读变化”？ 所谓更可靠，是失败更少，还是失败更少被记下来？","true","false","","direction-owned-direction-case"
"pathology-1","pathology","imaging","测量口径、平台或读者差异","组织病理研究档案：组织区域、切片层次与判读分歧；结构定位、组织层次与判读条件；细胞组成、功能层次和独立来源；正式文本、执行条件与被排除的对象。需对照的具体条目：角色分工、资源联系与实际协调","「组织病理」：在组织病理中，怎样核对角色分工、资源联系与实际协调，分开“局部真实差异”与“取样位置或判读差异”？ 文本已经改变，实际机会和执行是否也改变了？","true","false","","direction-owned-direction-case"
"pathology-2","pathology","imaging","测量口径、平台或读者差异","细胞病理研究档案：组织区域、切片层次与判读分歧；结构定位、组织层次与判读条件；鉴定可靠性、分子丰度与功能资料；不同层次的读数、背景条件和相反趋势。需对照的具体条目：细胞来源、形态条目与组织对应","「细胞病理」：在细胞病理中，怎样核对细胞来源、形态条目与组织对应，分开“局部真实差异”与“取样位置或判读差异”？ 各层次读数是否在回答同一个问题？","true","false","","direction-owned-direction-case"
"pathology-3","pathology","imaging","对象内重复、平台版本与图像质量","数字病理研究档案：组织区域、切片层次与判读分歧；结构定位、组织层次与判读条件；细胞组成、功能层次和独立来源；不同层次的读数、背景条件和相反趋势。需对照的具体条目：编码规则、平台入口与不可见记录","「数字病理」：在数字病理中，怎样核对编码规则、平台入口与不可见记录，分开“局部真实差异”与“取样位置或判读差异”？ 各层次读数是否在回答同一个问题？","true","false","","direction-owned-direction-case"
"pathology-4","pathology","imaging","测量口径、平台或读者差异","肿瘤病理研究档案：组织区域、切片层次与判读分歧；病灶变化、分期与患者功能的对照；结构定位、组织层次与判读条件；不同层次的读数、背景条件和相反趋势。需对照的具体条目：分型、对象进入与患者结局窗口","「肿瘤病理」：在肿瘤病理中，怎样核对分型、对象进入与患者结局窗口，分开“病灶负担变化”与“观察选择或患者功能”？ 各层次读数是否在回答同一个问题？","true","false","","direction-owned-direction-case"
"pathology-5","pathology","imaging","测量口径、平台或读者差异","肾脏病理研究档案：组织区域、切片层次与判读分歧；滤过估计与尿液标志的不同轨迹；结构定位、组织层次与判读条件；不同层次的读数、背景条件和相反趋势。需对照的具体条目：滤过轨迹、尿液标志与容量背景","「肾脏病理」：在肾脏病理中，怎样核对滤过轨迹、尿液标志与容量背景，分开“功能状态变化”与“损伤或容量变化”？ 各层次读数是否在回答同一个问题？","true","false","","direction-owned-direction-case"
"pathology-6","pathology","imaging","测量口径、平台或读者差异","神经病理研究档案：组织区域、切片层次与判读分歧；电生理、结构与任务表现的对应；结构定位、组织层次与判读条件；不同层次的读数、背景条件和相反趋势。需对照组织形态与病理解释中的定义、对象索引与适用条件","「神经病理」：在神经病理中，怎样核对组织区域、切片层次与判读分歧，分开“结构相关信号”与“任务或功能状态”？ 各层次读数是否在回答同一个问题？","true","false","","direction-owned-direction-case"
"pathology-7","pathology","imaging","测量口径、平台或读者差异","分子病理研究档案：组织区域、切片层次与判读分歧；结构定位、组织层次与判读条件；鉴定可靠性、分子丰度与功能资料；不同层次的读数、背景条件和相反趋势。需对照的具体条目：分子标志、组织定位与临床关联","「分子病理」：在分子病理中，怎样核对分子标志、组织定位与临床关联，分开“局部真实差异”与“取样位置或判读差异”？ 各层次读数是否在回答同一个问题？","true","false","","direction-owned-direction-case"
"pathology-8","pathology","imaging","对象内重复、平台版本与图像质量","病理图像分析研究档案：组织区域、切片层次与判读分歧；结构定位、组织层次与判读条件；细胞组成、功能层次和独立来源；不同层次的读数、背景条件和相反趋势。需对照的具体条目：作品状态、观看位置与形式细节；输入假设、测量或推导链与不确定性","「病理图像分析」：在病理图像分析中，怎样核对作品状态、观看位置与形式细节，分开“局部真实差异”与“取样位置或判读差异”？ 各层次读数是否在回答同一个问题？","true","false","","direction-owned-direction-case"
"pathology-9","pathology","imaging","测量口径、平台或读者差异","病理一致性研究档案：组织区域、切片层次与判读分歧；结构定位、组织层次与判读条件；细胞组成、功能层次和独立来源；不同层次的读数、背景条件和相反趋势。需对照的具体条目：成对记录、判读分歧与总体口径","「病理一致性」：在病理一致性中，怎样核对成对记录、判读分歧与总体口径，分开“局部真实差异”与“取样位置或判读差异”？ 各层次读数是否在回答同一个问题？","true","false","","direction-owned-direction-case"
"pathology-10","pathology","imaging","出处、整理版本与术语语境","病理档案研究档案：逐页出处、底本差异和缺页索引；相关领域文献对“组织区域、切片层次与判读分歧”的用语与记录方式；结构定位、组织层次与判读条件；细胞组成、功能层次和独立来源。需对照的具体条目：形成机关、归档过程与缺件","「病理档案」：在病理档案中，怎样核对形成机关、归档过程与缺件，分开“局部真实差异”与“取样位置或判读差异”？ 这个说法在原材料的哪一页，另一版本为何不同？","true","false","","direction-owned-direction-case"
"pathology-11","pathology","imaging","测量口径、平台或读者差异","病理质量研究档案：组织区域、切片层次与判读分歧；结构定位、组织层次与判读条件；细胞组成、功能层次和独立来源；版本变更、异常记录和失败复核。需对照组织形态与病理解释中的定义、对象索引与适用条件","「病理质量」：在病理质量中，怎样核对组织区域、切片层次与判读分歧，分开“局部真实差异”与“取样位置或判读差异”？ 所谓更可靠，是失败更少，还是失败更少被记下来？","true","false","","direction-owned-direction-case"
"pathology-12","pathology","education","测量口径、平台或读者差异","病理教学研究研究档案：教学任务、学生作答与撤去帮助后的新题；相关领域文献对“组织区域、切片层次与判读分歧”的用语与记录方式；任务目标、辅助条件和延迟表现。需对照的具体条目：目标任务、辅助条件与延迟迁移","「病理教学研究」：在病理教学研究中，怎样核对目标任务、辅助条件与延迟迁移，分开“独立学习改善”与“辅助或练习效应”？ 当场做对与真正能迁移，材料分别支持哪一个？","true","false","","direction-owned-direction-case"
"lab-medicine-1","lab-medicine","imaging","测量口径、平台或读者差异","临床生化研究档案：平台校准、参考区间与个体结果；鉴定可靠性、分子丰度与功能资料。需对照检验测量与解释中的定义、对象索引与适用条件","「临床生化」：在临床生化中，怎样核对平台校准、参考区间与个体结果，分开“分子状态变化”与“鉴定、组成或测量差异”？","true","false","","direction-owned-direction-case"
"lab-medicine-2","lab-medicine","imaging","测量口径、平台或读者差异","临床血液检验研究档案：平台校准、参考区间与个体结果；细胞计数、形态与功能分开登记；目标人群、参考标准和阳性去向。需对照检验测量与解释中的定义、对象索引与适用条件","「临床血液检验」：在临床血液检验中，怎样核对平台校准、参考区间与个体结果，分开“数量或组成变化”与“单细胞功能变化”？","true","false","","direction-owned-direction-case"
"lab-medicine-3","lab-medicine","imaging","测量口径、平台或读者差异","临床免疫检验研究档案：平台校准、参考区间与个体结果；细胞组成、活化标志与组织状态；目标人群、参考标准和阳性去向。需对照检验测量与解释中的定义、对象索引与适用条件","「临床免疫检验」：在临床免疫检验中，怎样核对平台校准、参考区间与个体结果，分开“活化或功能改变”与“细胞组成改变”？","true","false","","direction-owned-direction-case"
"lab-medicine-4","lab-medicine","imaging","资料来源、批次与模型范围","分子诊断资料研究档案：平台校准、参考区间与个体结果；鉴定可靠性、分子丰度与功能资料；细胞组成、功能层次和独立来源；不同层次的读数、背景条件和相反趋势。需对照检验测量与解释中的定义、对象索引与适用条件","「分子诊断资料」：在分子诊断资料中，怎样核对平台校准、参考区间与个体结果，分开“分子状态变化”与“鉴定、组成或测量差异”？ 各层次读数是否在回答同一个问题？","true","false","","direction-owned-direction-case"
"lab-medicine-5","lab-medicine","imaging","目标、执行层次与受益差异","检验质量管理研究档案：平台校准、参考区间与个体结果；目标人群、参考标准和阳性去向；版本变更、异常记录和失败复核。需对照检验测量与解释中的定义、对象索引与适用条件","「检验质量管理」：在检验质量管理中，怎样核对平台校准、参考区间与个体结果，分开“可用诊断信息”与“谱差异或提前诊断”？ 所谓更可靠，是失败更少，还是失败更少被记下来？","true","false","","direction-owned-direction-case"
"lab-medicine-6","lab-medicine","imaging","测量口径、平台或读者差异","检验参考范围研究档案：平台校准、参考区间与个体结果；目标人群、参考标准和阳性去向。需对照的具体条目：参考人群、测量条件与分位区间","「检验参考范围」：在检验参考范围中，怎样核对参考人群、测量条件与分位区间，分开“可用诊断信息”与“谱差异或提前诊断”？","true","false","","direction-owned-direction-case"
"lab-medicine-7","lab-medicine","imaging","测量口径、平台或读者差异","检验信息系统研究档案：平台校准、参考区间与个体结果；目标人群、参考标准和阳性去向；版本规则、对象索引和使用任务。需对照检验测量与解释中的定义、对象索引与适用条件","「检验信息系统」：在检验信息系统中，怎样核对平台校准、参考区间与个体结果，分开“可用诊断信息”与“谱差异或提前诊断”？","true","false","","direction-owned-direction-case"
"lab-medicine-8","lab-medicine","imaging","测量口径、平台或读者差异","检测一致性研究档案：平台校准、参考区间与个体结果；服务需求、资源容量和实际任务；参考依据、重复读数和误差分项。需对照的具体条目：成对记录、判读分歧与总体口径","「检测一致性」：在检测一致性中，怎样核对成对记录、判读分歧与总体口径，分开“交付能力改善”与“需求或记录构成改变”？ 读数差异来自被测对象，还是测量链的变化？","true","false","","direction-owned-direction-case"
"lab-medicine-9","lab-medicine","imaging","测量口径、平台或读者差异","检验结果解释研究档案：平台校准、参考区间与个体结果；目标人群、参考标准和阳性去向。需对照的具体条目：观测值、适用背景与可支持判断","「检验结果解释」：在检验结果解释中，怎样核对观测值、适用背景与可支持判断，分开“可用诊断信息”与“谱差异或提前诊断”？","true","false","","direction-owned-direction-case"
"lab-medicine-10","lab-medicine","imaging","测量口径、平台或读者差异","检验资料标准化研究档案：平台校准、参考区间与个体结果；目标人群、参考标准和阳性去向；正式文本、执行条件与被排除的对象。需对照检验测量与解释中的定义、对象索引与适用条件","「检验资料标准化」：在检验资料标准化中，怎样核对平台校准、参考区间与个体结果，分开“可用诊断信息”与“谱差异或提前诊断”？ 文本已经改变，实际机会和执行是否也改变了？","true","false","","direction-owned-direction-case"
"lab-medicine-11","lab-medicine","imaging","目标、执行层次与受益差异","检验服务评价研究档案：平台校准、参考区间与个体结果；需求、服务资格和未进入服务者；目标人群、参考标准和阳性去向。需对照的具体条目：服务资格、实际交付与未获服务者","「检验服务评价」：在检验服务评价中，怎样核对服务资格、实际交付与未获服务者，分开“需求得到满足”与“门槛或登记改变”？","true","false","","direction-owned-direction-case"
"lab-medicine-12","lab-medicine","imaging","研究对象、观察窗口与资料比较条件","诊断准确性研究研究档案：平台校准、参考区间与个体结果；目标人群、参考标准和阳性去向。需对照的具体条目：参考标准、目标人群与错误类别","「诊断准确性研究」：在诊断准确性研究中，怎样核对参考标准、目标人群与错误类别，分开“可用诊断信息”与“谱差异或提前诊断”？","true","false","","direction-owned-direction-case"
"nuclear-medicine-1","nuclear-medicine","imaging","对象内重复、平台版本与图像质量","分子影像研究档案：公开影像、重建参数与定量区域；鉴定可靠性、分子丰度与功能资料；细胞组成、功能层次和独立来源；不同层次的读数、背景条件和相反趋势。需对照的具体条目：来源索引、采集条件与判读分歧","「分子影像」：在分子影像中，怎样核对来源索引、采集条件与判读分歧，分开“分子状态变化”与“鉴定、组成或测量差异”？ 各层次读数是否在回答同一个问题？","true","false","","direction-owned-direction-case"
"nuclear-medicine-2","nuclear-medicine","imaging","对象内重复、平台版本与图像质量","PET影像研究档案：公开影像、重建参数与定量区域；个体索引、图像条件和判读分歧。需对照的具体条目：来源索引、采集条件与判读分歧；示踪物相关信号、采集时点与定量背景","「PET影像」：在PET影像中，怎样核对示踪物相关信号、采集时点与定量背景，分开“可重复的影像变化”与“采集或判读变化”？","true","false","","direction-owned-direction-case"
"nuclear-medicine-3","nuclear-medicine","imaging","对象内重复、平台版本与图像质量","SPECT影像研究档案：公开影像、重建参数与定量区域；个体索引、图像条件和判读分歧。需对照的具体条目：来源索引、采集条件与判读分歧；采集或重建版本、结构对比与个体索引；投影资料、重建条件与信号分布","「SPECT影像」：在SPECT影像中，怎样核对投影资料、重建条件与信号分布，分开“可重复的影像变化”与“采集或判读变化”？","true","false","","direction-owned-direction-case"
"nuclear-medicine-4","nuclear-medicine","imaging","对象内重复、平台版本与图像质量","多模态影像研究档案：公开影像、重建参数与定量区域；个体索引、图像条件和判读分歧。需对照的具体条目：可及关系、量词范围与反例条件；来源索引、采集条件与判读分歧","「多模态影像」：在多模态影像中，怎样核对可及关系、量词范围与反例条件，分开“可重复的影像变化”与“采集或判读变化”？","true","false","","direction-owned-direction-case"
"nuclear-medicine-5","nuclear-medicine","imaging","研究对象、观察窗口与资料比较条件","心脏核医学研究档案：公开影像、重建参数与定量区域；心脏负荷与功能的并列记录；个体索引、图像条件和判读分歧。需对照示踪信号与定量影像中的定义、对象索引与适用条件","「心脏核医学」：在心脏核医学中，怎样核对公开影像、重建参数与定量区域，分开“直接心脏变化”与“循环负荷变化”？","true","false","","direction-owned-direction-case"
"nuclear-medicine-6","nuclear-medicine","imaging","研究对象、观察窗口与资料比较条件","肿瘤核医学研究档案：公开影像、重建参数与定量区域；病灶变化、分期与患者功能的对照；个体索引、图像条件和判读分歧。需对照的具体条目：分型、对象进入与患者结局窗口","「肿瘤核医学」：在肿瘤核医学中，怎样核对分型、对象进入与患者结局窗口，分开“病灶负担变化”与“观察选择或患者功能”？","true","false","","direction-owned-direction-case"
"nuclear-medicine-7","nuclear-medicine","imaging","研究对象、观察窗口与资料比较条件","神经核医学研究档案：公开影像、重建参数与定量区域；电生理、结构与任务表现的对应；个体索引、图像条件和判读分歧。需对照示踪信号与定量影像中的定义、对象索引与适用条件","「神经核医学」：在神经核医学中，怎样核对公开影像、重建参数与定量区域，分开“结构相关信号”与“任务或功能状态”？","true","false","","direction-owned-direction-case"
"nuclear-medicine-8","nuclear-medicine","imaging","对象内重复、平台版本与图像质量","定量成像研究档案：公开影像、重建参数与定量区域；个体索引、图像条件和判读分歧。需对照的具体条目：单位、标度转换与校准来源","「定量成像」：在定量成像中，怎样核对单位、标度转换与校准来源，分开“可重复的影像变化”与“采集或判读变化”？","true","false","","direction-owned-direction-case"
"nuclear-medicine-9","nuclear-medicine","imaging","对象内重复、平台版本与图像质量","图像重建研究档案：公开影像、重建参数与定量区域；照明条件、任务版本和视觉表现。需对照的具体条目：作品状态、观看位置与形式细节","「图像重建」：在图像重建中，怎样核对作品状态、观看位置与形式细节，分开“视觉能力变化”与“光照或任务变化”？","true","false","","direction-owned-direction-case"
"nuclear-medicine-10","nuclear-medicine","imaging","对象内重复、平台版本与图像质量","影像资料质控研究档案：公开影像、重建参数与定量区域；个体索引、图像条件和判读分歧；版本变更、异常记录和失败复核。需对照的具体条目：来源索引、采集条件与判读分歧","「影像资料质控」：在影像资料质控中，怎样核对来源索引、采集条件与判读分歧，分开“可重复的影像变化”与“采集或判读变化”？ 所谓更可靠，是失败更少，还是失败更少被记下来？","true","false","","direction-owned-direction-case"
"nuclear-medicine-11","nuclear-medicine","imaging","对象内重复、平台版本与图像质量","成像一致性研究档案：公开影像、重建参数与定量区域；个体索引、图像条件和判读分歧。需对照的具体条目：成对记录、判读分歧与总体口径","「成像一致性」：在成像一致性中，怎样核对成对记录、判读分歧与总体口径，分开“可重复的影像变化”与“采集或判读变化”？","true","false","","direction-owned-direction-case"
"nuclear-medicine-12","nuclear-medicine","imaging","原型版本、使用任务与失败反馈","设备与软件评价研究档案：公开影像、重建参数与定量区域；版本规则、对象索引和使用任务；服务需求、资源容量和实际任务。需对照的具体条目：输入契约、依赖版本与错误复现","「设备与软件评价」：在设备与软件评价中，怎样核对输入契约、依赖版本与错误复现，分开“对象信息改善”与“格式或版本改变”？","true","false","","direction-owned-direction-case"
"rehabilitation-1","rehabilitation","rehab","阶段、生活条件与功能或体验变化","神经康复研究档案：功能任务、日常活动与环境支持；电生理、结构与任务表现的对应；测试能力、生活活动与环境支持。需对照能力、活动与参与中的定义、对象索引与适用条件","「神经康复」：在神经康复中，怎样核对功能任务、日常活动与环境支持，分开“结构相关信号”与“任务或功能状态”？","true","false","rehab","direction-owned-direction-case"
"rehabilitation-2","rehabilitation","rehab","阶段、生活条件与功能或体验变化","心肺康复研究档案：功能任务、日常活动与环境支持；心脏负荷与功能的并列记录；通气、交换与活动症状的分项资料。需对照能力、活动与参与中的定义、对象索引与适用条件","「心肺康复」：在心肺康复中，怎样核对功能任务、日常活动与环境支持，分开“直接心脏变化”与“循环负荷变化”？","true","false","rehab","direction-owned-direction-case"
"rehabilitation-3","rehabilitation","rehab","阶段、生活条件与功能或体验变化","肌骨康复研究档案：功能任务、日常活动与环境支持；结构、负荷及动作功能的联合描述；测试能力、生活活动与环境支持。需对照能力、活动与参与中的定义、对象索引与适用条件","「肌骨康复」：在肌骨康复中，怎样核对功能任务、日常活动与环境支持，分开“组织结构变化”与“载荷或活动策略变化”？","true","false","rehab","direction-owned-direction-case"
"rehabilitation-4","rehabilitation","rehab","任务或测量条件、重复记录与时间","运动功能研究档案：功能任务、日常活动与环境支持；训练暴露、恢复阶段和任务表现；不同层次的读数、背景条件和相反趋势。需对照的具体条目：训练暴露、恢复阶段与测试熟悉","「运动功能」：在运动功能中，怎样核对训练暴露、恢复阶段与测试熟悉，分开“可迁移训练收益”与“熟悉或恢复差异”？ 各层次读数是否在回答同一个问题？","true","false","rehab","direction-owned-direction-case"
"rehabilitation-5","rehabilitation","rehab","任务或测量条件、重复记录与时间","作业与生活功能研究档案：功能任务、日常活动与环境支持；测试能力、生活活动与环境支持；不同层次的读数、背景条件和相反趋势。需对照能力、活动与参与中的定义、对象索引与适用条件","「作业与生活功能」：在作业与生活功能中，怎样核对功能任务、日常活动与环境支持，分开“能力改善”与“环境或支持变化”？ 各层次读数是否在回答同一个问题？","true","false","rehab","direction-owned-direction-case"
"rehabilitation-6","rehabilitation","rehab","研究对象、观察窗口与资料比较条件","语言与吞咽研究研究档案：功能任务、日常活动与环境支持；感知阈值、沟通任务及平衡表现。需对照能力、活动与参与中的定义、对象索引与适用条件","「语言与吞咽研究」：在语言与吞咽研究中，怎样核对功能任务、日常活动与环境支持，分开“感知能力变化”与“任务负荷与环境差异”？","true","false","","direction-owned-direction-case"
"rehabilitation-7","rehabilitation","rehab","原型版本、使用任务与失败反馈","辅助技术研究档案：功能任务、日常活动与环境支持；设备版本、使用任务和错误恢复。需对照的具体条目：工具版本、使用任务与适用承诺","「辅助技术」：在辅助技术中，怎样核对工具版本、使用任务与适用承诺，分开“任务表现改善”与“使用环境或版本变化”？","true","false","","direction-owned-direction-case"
"rehabilitation-8","rehabilitation","rehab","原型版本、使用任务与失败反馈","康复机器人研究档案：功能任务、日常活动与环境支持；测试能力、生活活动与环境支持。需对照的具体条目：感知误差、控制任务与障碍情境","「康复机器人」：在康复机器人中，怎样核对感知误差、控制任务与障碍情境，分开“能力改善”与“环境或支持变化”？","true","false","rehab","direction-owned-direction-case"
"rehabilitation-9","rehabilitation","rehab","阶段、生活条件与功能或体验变化","远程康复研究档案：功能任务、日常活动与环境支持；测试能力、生活活动与环境支持。需对照的具体条目：接入条件、实际使用与未完成服务","「远程康复」：在远程康复中，怎样核对接入条件、实际使用与未完成服务，分开“能力改善”与“环境或支持变化”？","true","false","rehab","direction-owned-direction-case"
"rehabilitation-10","rehabilitation","rehab","测量含义、填答者与时间窗口","康复量表研究档案：功能任务、日常活动与环境支持；测试能力、生活活动与环境支持；条目版本、填答者和缺失项；参考依据、重复读数和误差分项。需对照能力、活动与参与中的定义、对象索引与适用条件","「康复量表」：在康复量表中，怎样核对功能任务、日常活动与环境支持，分开“能力改善”与“环境或支持变化”？ 读数差异来自被测对象，还是测量链的变化？","true","false","rehab","direction-owned-direction-case"
"rehabilitation-11","rehabilitation","rehab","测量含义、填答者与时间窗口","参与与生活质量研究档案：功能任务、日常活动与环境支持；测试能力、生活活动与环境支持；条目版本、填答者和缺失项；版本变更、异常记录和失败复核。需对照能力、活动与参与中的定义、对象索引与适用条件","「参与与生活质量」：在参与与生活质量中，怎样核对功能任务、日常活动与环境支持，分开“能力改善”与“环境或支持变化”？ 所谓更可靠，是失败更少，还是失败更少被记下来？","true","false","","direction-owned-direction-case"
"rehabilitation-12","rehabilitation","rehab","目标、执行层次与受益差异","康复服务研究档案：功能任务、日常活动与环境支持；测试能力、生活活动与环境支持。需对照能力、活动与参与中的定义、对象索引与适用条件","「康复服务」：在康复服务中，怎样核对功能任务、日常活动与环境支持，分开“能力改善”与“环境或支持变化”？","true","false","rehab","direction-owned-direction-case"
"oral-medicine-1","oral-medicine","oral","研究对象、观察窗口与资料比较条件","口腔内科研究档案：牙周或牙体资料、咀嚼功能与生活体验；局部结构、口腔功能和生活体验。需对照的具体条目：局部状态、咀嚼或发音与生活负担；局部疾病表现、组织状态与症状资料","「口腔内科」：在口腔内科中，怎样核对局部疾病表现、组织状态与症状资料，分开“局部或功能改善”与“行为或评价条件变化”？","true","false","","direction-owned-direction-case"
"oral-medicine-2","oral-medicine","oral-function","研究对象、观察窗口与资料比较条件","牙周研究研究档案：牙周或牙体资料、咀嚼功能与生活体验；局部结构、口腔功能和生活体验。需对照的具体条目：局部状态、咀嚼或发音与生活负担；牙周结构、局部炎症与功能体验","「牙周研究」：在牙周研究中，怎样核对牙周结构、局部炎症与功能体验，分开“局部或功能改善”与“行为或评价条件变化”？","true","false","","direction-owned-direction-case"
"oral-medicine-3","oral-medicine","oral-function","研究对象、观察窗口与资料比较条件","口腔修复研究档案：牙周或牙体资料、咀嚼功能与生活体验；局部结构、口腔功能和生活体验。需对照的具体条目：局部状态、咀嚼或发音与生活负担；修复阶段、组织状态与生活任务；修复体条件、口腔功能与使用负担","「口腔修复」：在口腔修复中，怎样核对修复体条件、口腔功能与使用负担，分开“局部或功能改善”与“行为或评价条件变化”？","true","false","","direction-owned-direction-case"
"oral-medicine-4","oral-medicine","oral-function","研究对象、观察窗口与资料比较条件","口腔正畸研究档案：牙周或牙体资料、咀嚼功能与生活体验；局部结构、口腔功能和生活体验。需对照的具体条目：局部状态、咀嚼或发音与生活负担；排列关系、成长阶段与功能需求","「口腔正畸」：在口腔正畸中，怎样核对局部状态、咀嚼或发音与生活负担，分开“局部或功能改善”与“行为或评价条件变化”？","true","false","","direction-owned-direction-case"
"oral-medicine-5","oral-medicine","oral","入组范围、观察时间与未完成随访","口腔颌面结局研究档案：牙周或牙体资料、咀嚼功能与生活体验；进入时点、结局定义和失访去向；局部结构、口腔功能和生活体验；进入资格、观察窗口和退出去向。需对照的具体条目：局部状态、咀嚼或发音与生活负担；结局事件、观察起点与判定口径","「口腔颌面结局」：在口腔颌面结局中，怎样核对局部状态、咀嚼或发音与生活负担，分开“真实结局差异”与“随访机会差异”？ 没进入后续记录的人，能否当成没有发生变化？","true","false","","direction-owned-direction-case"
"oral-medicine-6","oral-medicine","life-course","研究对象、观察窗口与资料比较条件","儿童口腔研究档案：牙周或牙体资料、咀嚼功能与生活体验；发育分期、成长轨迹与功能任务；局部结构、口腔功能和生活体验。需对照的具体条目：局部状态、咀嚼或发音与生活负担；发展阶段、照护关系与适龄任务","「儿童口腔」：在儿童口腔中，怎样核对局部状态、咀嚼或发音与生活负担，分开“真实阶段差异”与“分期错位”？","true","false","","direction-owned-direction-case"
"oral-medicine-7","oral-medicine","imaging","对象内重复、平台版本与图像质量","口腔影像研究档案：牙周或牙体资料、咀嚼功能与生活体验；个体索引、图像条件和判读分歧；局部结构、口腔功能和生活体验。需对照的具体条目：局部状态、咀嚼或发音与生活负担；来源索引、采集条件与判读分歧","「口腔影像」：在口腔影像中，怎样核对局部状态、咀嚼或发音与生活负担，分开“可重复的影像变化”与“采集或判读变化”？","true","false","","direction-owned-direction-case"
"oral-medicine-8","oral-medicine","oral","研究对象、观察窗口与资料比较条件","口腔材料研究档案：牙周或牙体资料、咀嚼功能与生活体验；局部结构、口腔功能和生活体验。需对照的具体条目：局部状态、咀嚼或发音与生活负担；材料性能、使用环境与长期质量","「口腔材料」：在口腔材料中，怎样核对材料性能、使用环境与长期质量，分开“局部或功能改善”与“行为或评价条件变化”？","true","false","","direction-owned-direction-case"
"oral-medicine-9","oral-medicine","oral","研究对象、观察窗口与资料比较条件","口腔微生态研究档案：牙周或牙体资料、咀嚼功能与生活体验；公开组成表、注释版本与绝对量边界；局部结构、口腔功能和生活体验。需对照的具体条目：局部状态、咀嚼或发音与生活负担","「口腔微生态」：在口腔微生态中，怎样核对局部状态、咀嚼或发音与生活负担，分开“组成变化”与“总量或注释变化”？","true","false","","direction-owned-direction-case"
"oral-medicine-10","oral-medicine","oral","群体范围、信息来源与比较条件","口腔公共卫生研究档案：牙周或牙体资料、咀嚼功能与生活体验；诊断口径、暴露机会和服务路径；局部结构、口腔功能和生活体验。需对照的具体条目：局部状态、咀嚼或发音与生活负担","「口腔公共卫生」：在口腔公共卫生中，怎样核对局部状态、咀嚼或发音与生活负担，分开“实际群体负担变化”与“检测或服务机会变化”？","true","false","","direction-owned-direction-case"
"oral-medicine-11","oral-medicine","oral","研究对象、观察窗口与资料比较条件","数字口腔研究档案：牙周或牙体资料、咀嚼功能与生活体验；局部结构、口腔功能和生活体验；版本规则、对象索引和使用任务。需对照的具体条目：局部状态、咀嚼或发音与生活负担；编码规则、平台入口与不可见记录","「数字口腔」：在数字口腔中，怎样核对局部状态、咀嚼或发音与生活负担，分开“局部或功能改善”与“行为或评价条件变化”？","true","false","","direction-owned-direction-case"
"oral-medicine-12","oral-medicine","measurement-scale","测量含义、填答者与时间窗口","口腔生活质量研究档案：牙周或牙体资料、咀嚼功能与生活体验；条目版本、填答者和缺失项；局部结构、口腔功能和生活体验；版本变更、异常记录和失败复核。需对照的具体条目：局部状态、咀嚼或发音与生活负担","「口腔生活质量」：在口腔生活质量中，怎样核对局部状态、咀嚼或发音与生活负担，分开“体验实际变化”与“报告者或条目变化”？ 所谓更可靠，是失败更少，还是失败更少被记下来？","true","false","","direction-owned-direction-case"
"traditional-medicine-1","traditional-medicine","traditional","出处、整理版本与术语语境","中医基础文献研究档案：逐页出处、底本差异和缺页索引；相关领域文献对“原始文献、证候描述与独立结局”的用语与记录方式；原典术语、来源鉴别和现代评价定义；物种或模型、暴露和作用终点。需对照传统资料与现代评价中的定义、对象索引与适用条件","「中医基础文献」：在中医基础文献中，怎样核对原始文献、证候描述与独立结局，分开“可检查的比较证据”与“概念或来源混同”？ 这个说法在原材料的哪一页，另一版本为何不同？","true","false","","direction-owned-direction-case"
"traditional-medicine-2","traditional-medicine","traditional","入组范围、观察时间与未完成随访","中医临床结局研究档案：原始文献、证候描述与独立结局；进入时点、结局定义和失访去向；原典术语、来源鉴别和现代评价定义；进入资格、观察窗口和退出去向。需对照的具体条目：结局事件、观察起点与判定口径","「中医临床结局」：在中医临床结局中，怎样核对结局事件、观察起点与判定口径，分开“真实结局差异”与“随访机会差异”？ 没进入后续记录的人，能否当成没有发生变化？","true","false","","direction-owned-direction-case"
"traditional-medicine-3","traditional-medicine","traditional","研究对象、观察窗口与资料比较条件","中医内科研究研究档案：原始文献、证候描述与独立结局；原典术语、来源鉴别和现代评价定义。需对照的具体条目：原典症候、现代定义与比较条件","「中医内科研究」：在中医内科研究中，怎样核对原典症候、现代定义与比较条件，分开“可检查的比较证据”与“概念或来源混同”？","true","false","","direction-owned-direction-case"
"traditional-medicine-4","traditional-medicine","life-course","研究对象、观察窗口与资料比较条件","中医妇儿研究研究档案：原始文献、证候描述与独立结局；生命阶段与母婴或生殖结局的对应；原典术语、来源鉴别和现代评价定义。需对照传统资料与现代评价中的定义、对象索引与适用条件","「中医妇儿研究」：在中医妇儿研究中，怎样核对原始文献、证候描述与独立结局，分开“阶段相关差异”与“主体间关联或选择”？","true","false","","direction-owned-direction-case"
"traditional-medicine-5","traditional-medicine","life-course","阶段、生活条件与功能或体验变化","中医老年健康研究档案：原始文献、证候描述与独立结局；功能储备、年龄及照护需要；原典术语、来源鉴别和现代评价定义。需对照传统资料与现代评价中的定义、对象索引与适用条件","「中医老年健康」：在中医老年健康中，怎样核对原始文献、证候描述与独立结局，分开“功能储备差异”与“年龄标签或照护背景”？","true","false","","direction-owned-direction-case"
"traditional-medicine-6","traditional-medicine","rehab","阶段、生活条件与功能或体验变化","中医康复研究档案：原始文献、证候描述与独立结局；测试能力、生活活动与环境支持；原典术语、来源鉴别和现代评价定义。需对照传统资料与现代评价中的定义、对象索引与适用条件","「中医康复」：在中医康复中，怎样核对原始文献、证候描述与独立结局，分开“能力改善”与“环境或支持变化”？","true","false","","direction-owned-direction-case"
"traditional-medicine-7","traditional-medicine","traditional","研究对象、观察窗口与资料比较条件","针灸研究方法研究档案：原始文献、证候描述与独立结局；来源、暴露及作用层次的分别资料；原典术语、来源鉴别和现代评价定义。需对照的具体条目：输入要求、适用前提与方法失败条件","「针灸研究方法」：在针灸研究方法中，怎样核对输入要求、适用前提与方法失败条件，分开“作用相关变化”与“暴露、选择或背景差异”？","true","false","","direction-owned-direction-case"
"traditional-medicine-8","traditional-medicine","pharma","研究对象、观察窗口与资料比较条件","中药资料研究研究档案：原始文献、证候描述与独立结局；来源、暴露及作用层次的分别资料；原典术语、来源鉴别和现代评价定义。需对照传统资料与现代评价中的定义、对象索引与适用条件","「中药资料研究」：在中药资料研究中，怎样核对原始文献、证候描述与独立结局，分开“作用相关变化”与“暴露、选择或背景差异”？","true","false","","direction-owned-direction-case"
"traditional-medicine-9","traditional-medicine","traditional","出处、整理版本与术语语境","传统知识整理研究档案：同时代记载与后期整理本的年代对照；相关领域文献对“原始文献、证候描述与独立结局”的用语与记录方式；术语定义、资料出处和可支持推断。需对照传统资料与现代评价中的定义、对象索引与适用条件","「传统知识整理」：在传统知识整理中，怎样核对原始文献、证候描述与独立结局，分开“有来源的限定解释”与“术语或证据层次混同”？ 哪一层叙述来自当时，哪一层来自后来的整理？","true","false","","direction-owned-direction-case"
"traditional-medicine-10","traditional-medicine","traditional","研究对象、观察窗口与资料比较条件","中西医结合评价研究档案：原始文献、证候描述与独立结局；术语定义、资料出处和可支持推断。需对照传统资料与现代评价中的定义、对象索引与适用条件","「中西医结合评价」：在中西医结合评价中，怎样核对原始文献、证候描述与独立结局，分开“有来源的限定解释”与“术语或证据层次混同”？","true","false","","direction-owned-direction-case"
"traditional-medicine-11","traditional-medicine","health-services","目标、执行层次与受益差异","中医健康服务研究档案：原始文献、证候描述与独立结局；需求、服务资格和未进入服务者；原典术语、来源鉴别和现代评价定义。需对照传统资料与现代评价中的定义、对象索引与适用条件","「中医健康服务」：在中医健康服务中，怎样核对原始文献、证候描述与独立结局，分开“需求得到满足”与“门槛或登记改变”？","true","false","","direction-owned-direction-case"
"traditional-medicine-12","traditional-medicine","traditional","测量口径、平台或读者差异","中医证候一致性研究档案：原始文献、证候描述与独立结局；原典术语、来源鉴别和现代评价定义。需对照的具体条目：成对记录、判读分歧与总体口径；术语版本、辨识一致性与对象背景","「中医证候一致性」：在中医证候一致性中，怎样核对成对记录、判读分歧与总体口径，分开“可检查的比较证据”与“概念或来源混同”？","true","false","","direction-owned-direction-case"
"medical-genetics-1","medical-genetics","genetic-association","研究对象、观察窗口与资料比较条件","罕见病资料研究档案：参考序列、家系关系与表型覆盖；参考版本、来源关系与变异表型对应。需对照的具体条目：病例进入、表型谱与漏诊可能","「罕见病资料」：在罕见病资料中，怎样核对病例进入、表型谱与漏诊可能，分开“遗传相关信号”与“来源结构或环境差异”？","true","false","","direction-owned-direction-case"
"medical-genetics-2","medical-genetics","genetic-association","对象关系、参考版本与变异解释","心血管遗传研究档案：参考序列、家系关系与表型覆盖；心脏负荷与功能的并列记录；参考版本、来源关系与变异表型对应；不同层次的读数、背景条件和相反趋势。需对照变异与表型解释中的定义、对象索引与适用条件","「心血管遗传」：在心血管遗传中，怎样核对参考序列、家系关系与表型覆盖，分开“直接心脏变化”与“循环负荷变化”？ 各层次读数是否在回答同一个问题？","true","false","","direction-owned-direction-case"
"medical-genetics-3","medical-genetics","genetic-association","对象关系、参考版本与变异解释","神经遗传研究档案：参考序列、家系关系与表型覆盖；电生理、结构与任务表现的对应；参考版本、来源关系与变异表型对应；不同层次的读数、背景条件和相反趋势。需对照变异与表型解释中的定义、对象索引与适用条件","「神经遗传」：在神经遗传中，怎样核对参考序列、家系关系与表型覆盖，分开“结构相关信号”与“任务或功能状态”？ 各层次读数是否在回答同一个问题？","true","false","","direction-owned-direction-case"
"medical-genetics-4","medical-genetics","genetic-association","对象关系、参考版本与变异解释","肿瘤遗传研究档案：参考序列、家系关系与表型覆盖；病灶变化、分期与患者功能的对照；参考版本、来源关系与变异表型对应；不同层次的读数、背景条件和相反趋势。需对照的具体条目：分型、对象进入与患者结局窗口","「肿瘤遗传」：在肿瘤遗传中，怎样核对分型、对象进入与患者结局窗口，分开“病灶负担变化”与“观察选择或患者功能”？ 各层次读数是否在回答同一个问题？","true","false","","direction-owned-direction-case"
"medical-genetics-5","medical-genetics","genetic-association","对象关系、参考版本与变异解释","代谢遗传研究档案：参考序列、家系关系与表型覆盖；激素或代谢时序与状态分层；参考版本、来源关系与变异表型对应；不同层次的读数、背景条件和相反趋势。需对照变异与表型解释中的定义、对象索引与适用条件","「代谢遗传」：在代谢遗传中，怎样核对参考序列、家系关系与表型覆盖，分开“持续代谢状态”与“测量相位或反馈改变”？ 各层次读数是否在回答同一个问题？","true","false","","direction-owned-direction-case"
"medical-genetics-6","medical-genetics","genetic-association","对象关系、参考版本与变异解释","儿童遗传研究档案：参考序列、家系关系与表型覆盖；发育分期、成长轨迹与功能任务；参考版本、来源关系与变异表型对应；不同层次的读数、背景条件和相反趋势。需对照的具体条目：发展阶段、照护关系与适龄任务","「儿童遗传」：在儿童遗传中，怎样核对发展阶段、照护关系与适龄任务，分开“真实阶段差异”与“分期错位”？ 各层次读数是否在回答同一个问题？","true","false","","direction-owned-direction-case"
"medical-genetics-7","medical-genetics","genetic-association","对象关系、参考版本与变异解释","遗传变异解释研究档案：参考序列、家系关系与表型覆盖；参考版本、来源关系与变异表型对应；不同层次的读数、背景条件和相反趋势。需对照变异与表型解释中的定义、对象索引与适用条件","「遗传变异解释」：在遗传变异解释中，怎样核对参考序列、家系关系与表型覆盖，分开“遗传相关信号”与“来源结构或环境差异”？ 各层次读数是否在回答同一个问题？","true","false","","direction-owned-direction-case"
"medical-genetics-8","medical-genetics","genetic-association","对象关系、参考版本与变异解释","家系资料整理研究档案：参考序列、家系关系与表型覆盖；参考版本、来源关系与变异表型对应。需对照的具体条目：亲缘图、表型记录与注释版本","「家系资料整理」：在家系资料整理中，怎样核对亲缘图、表型记录与注释版本，分开“遗传相关信号”与“来源结构或环境差异”？","true","false","","direction-owned-direction-case"
"medical-genetics-9","medical-genetics","genetic-association","对象关系、参考版本与变异解释","遗传资料质量研究档案：参考序列、家系关系与表型覆盖；参考版本、来源关系与变异表型对应；版本变更、异常记录和失败复核。需对照变异与表型解释中的定义、对象索引与适用条件","「遗传资料质量」：在遗传资料质量中，怎样核对参考序列、家系关系与表型覆盖，分开“遗传相关信号”与“来源结构或环境差异”？ 所谓更可靠，是失败更少，还是失败更少被记下来？","true","false","","direction-owned-direction-case"
"medical-genetics-10","medical-genetics","genetic-association","对象关系、参考版本与变异解释","群体遗传研究档案：参考序列、家系关系与表型覆盖；参考版本、来源关系与变异表型对应；目标人群、进入机制和暴露窗口；不同层次的读数、背景条件和相反趋势。需对照的具体条目：群体结构、参考频率与亲缘依赖","「群体遗传」：在群体遗传中，怎样核对群体结构、参考频率与亲缘依赖，分开“遗传相关信号”与“来源结构或环境差异”？ 各层次读数是否在回答同一个问题？","true","false","","direction-owned-direction-case"
"medical-genetics-11","medical-genetics","genetic-association","对象关系、参考版本与变异解释","遗传与环境研究档案：参考序列、家系关系与表型覆盖；参考版本、来源关系与变异表型对应；目标人群、进入机制和暴露窗口；不同层次的读数、背景条件和相反趋势。需对照的具体条目：遗传背景、环境定义与交互项","「遗传与环境」：在遗传与环境中，怎样核对遗传背景、环境定义与交互项，分开“遗传相关信号”与“来源结构或环境差异”？ 各层次读数是否在回答同一个问题？","true","false","","direction-owned-direction-case"
"medical-genetics-12","medical-genetics","genetic-association","对象关系、参考版本与变异解释","遗传咨询体验研究档案：参考序列、家系关系与表型覆盖；参考版本、来源关系与变异表型对应；任务版本、构念定义和状态条件；不同层次的读数、背景条件和相反趋势。需对照变异与表型解释中的定义、对象索引与适用条件","「遗传咨询体验」：在遗传咨询体验中，怎样核对参考序列、家系关系与表型覆盖，分开“遗传相关信号”与“来源结构或环境差异”？ 各层次读数是否在回答同一个问题？","true","false","","direction-owned-direction-case"
"anatomy-physiology-1","anatomy-physiology","anatomy","研究对象、观察窗口与资料比较条件","人体解剖研究档案：解剖定位、组织层次与功能状态；结构定位、组织层次与判读条件。需对照结构与生理功能中的定义、对象索引与适用条件","「人体解剖」：在人体解剖中，怎样核对解剖定位、组织层次与功能状态，分开“局部真实差异”与“取样位置或判读差异”？","true","false","","direction-owned-direction-case"
"anatomy-physiology-2","anatomy-physiology","anatomy","资料来源、批次与模型范围","组织与发育研究档案：解剖定位、组织层次与功能状态；发育分期、成长轨迹与功能任务；结构定位、组织层次与判读条件；正式文本、执行条件与被排除的对象。需对照的具体条目：角色分工、资源联系与实际协调","「组织与发育」：在组织与发育中，怎样核对角色分工、资源联系与实际协调，分开“真实阶段差异”与“分期错位”？ 文本已经改变，实际机会和执行是否也改变了？","true","false","","direction-owned-direction-case"
"anatomy-physiology-3","anatomy-physiology","anatomy","任务或测量条件、重复记录与时间","心血管生理研究档案：解剖定位、组织层次与功能状态；心脏负荷与功能的并列记录；结构定位、组织层次与判读条件；不同层次的读数、背景条件和相反趋势。需对照结构与生理功能中的定义、对象索引与适用条件","「心血管生理」：在心血管生理中，怎样核对解剖定位、组织层次与功能状态，分开“直接心脏变化”与“循环负荷变化”？ 各层次读数是否在回答同一个问题？","true","false","","direction-owned-direction-case"
"anatomy-physiology-4","anatomy-physiology","anatomy","任务或测量条件、重复记录与时间","呼吸生理研究档案：解剖定位、组织层次与功能状态；通气、交换与活动症状的分项资料；结构定位、组织层次与判读条件；不同层次的读数、背景条件和相反趋势。需对照结构与生理功能中的定义、对象索引与适用条件","「呼吸生理」：在呼吸生理中，怎样核对解剖定位、组织层次与功能状态，分开“气道与通气变化”与“交换或活动限制”？ 各层次读数是否在回答同一个问题？","true","false","","direction-owned-direction-case"
"anatomy-physiology-5","anatomy-physiology","anatomy","任务或测量条件、重复记录与时间","神经生理研究档案：解剖定位、组织层次与功能状态；电生理、结构与任务表现的对应；结构定位、组织层次与判读条件；不同层次的读数、背景条件和相反趋势。需对照结构与生理功能中的定义、对象索引与适用条件","「神经生理」：在神经生理中，怎样核对解剖定位、组织层次与功能状态，分开“结构相关信号”与“任务或功能状态”？ 各层次读数是否在回答同一个问题？","true","false","","direction-owned-direction-case"
"anatomy-physiology-6","anatomy-physiology","anatomy","任务或测量条件、重复记录与时间","内分泌生理研究档案：解剖定位、组织层次与功能状态；激素或代谢时序与状态分层；结构定位、组织层次与判读条件；不同层次的读数、背景条件和相反趋势。需对照结构与生理功能中的定义、对象索引与适用条件","「内分泌生理」：在内分泌生理中，怎样核对解剖定位、组织层次与功能状态，分开“持续代谢状态”与“测量相位或反馈改变”？ 各层次读数是否在回答同一个问题？","true","false","","direction-owned-direction-case"
"anatomy-physiology-7","anatomy-physiology","anatomy","任务或测量条件、重复记录与时间","肾脏生理研究档案：解剖定位、组织层次与功能状态；滤过估计与尿液标志的不同轨迹；结构定位、组织层次与判读条件；不同层次的读数、背景条件和相反趋势。需对照的具体条目：滤过轨迹、尿液标志与容量背景","「肾脏生理」：在肾脏生理中，怎样核对滤过轨迹、尿液标志与容量背景，分开“功能状态变化”与“损伤或容量变化”？ 各层次读数是否在回答同一个问题？","true","false","","direction-owned-direction-case"
"anatomy-physiology-8","anatomy-physiology","anatomy","任务或测量条件、重复记录与时间","消化生理研究档案：解剖定位、组织层次与功能状态；动力、组织评价与消化症状的对照；结构定位、组织层次与判读条件；不同层次的读数、背景条件和相反趋势。需对照结构与生理功能中的定义、对象索引与适用条件","「消化生理」：在消化生理中，怎样核对解剖定位、组织层次与功能状态，分开“组织或动力改变”与“感觉、摄入或观察差异”？ 各层次读数是否在回答同一个问题？","true","false","","direction-owned-direction-case"
"anatomy-physiology-9","anatomy-physiology","anatomy","任务或测量条件、重复记录与时间","运动生理研究档案：解剖定位、组织层次与功能状态；结构定位、组织层次与判读条件；细胞组成、功能层次和独立来源；不同层次的读数、背景条件和相反趋势。需对照的具体条目：训练暴露、恢复阶段与测试熟悉","「运动生理」：在运动生理中，怎样核对训练暴露、恢复阶段与测试熟悉，分开“局部真实差异”与“取样位置或判读差异”？ 各层次读数是否在回答同一个问题？","true","false","","direction-owned-direction-case"
"anatomy-physiology-10","anatomy-physiology","anatomy","任务或测量条件、重复记录与时间","系统生理研究档案：解剖定位、组织层次与功能状态；结构定位、组织层次与判读条件；细胞组成、功能层次和独立来源；不同层次的读数、背景条件和相反趋势。需对照结构与生理功能中的定义、对象索引与适用条件","「系统生理」：在系统生理中，怎样核对解剖定位、组织层次与功能状态，分开“局部真实差异”与“取样位置或判读差异”？ 各层次读数是否在回答同一个问题？","true","false","","direction-owned-direction-case"
"anatomy-physiology-11","anatomy-physiology","anatomy","任务或测量条件、重复记录与时间","生理测量研究档案：解剖定位、组织层次与功能状态；结构定位、组织层次与判读条件；细胞组成、功能层次和独立来源；参考依据、重复读数和误差分项。需对照结构与生理功能中的定义、对象索引与适用条件","「生理测量」：在生理测量中，怎样核对解剖定位、组织层次与功能状态，分开“局部真实差异”与“取样位置或判读差异”？ 读数差异来自被测对象，还是测量链的变化？","true","false","","direction-owned-direction-case"
"anatomy-physiology-12","anatomy-physiology","education","研究对象、观察窗口与资料比较条件","医学教学研究研究档案：教学任务、学生作答与撤去帮助后的新题；相关领域文献对“解剖定位、组织层次与功能状态”的用语与记录方式；任务目标、辅助条件和延迟表现。需对照的具体条目：目标任务、辅助条件与延迟迁移","「医学教学研究」：在医学教学研究中，怎样核对目标任务、辅助条件与延迟迁移，分开“独立学习改善”与“辅助或练习效应”？ 当场做对与真正能迁移，材料分别支持哪一个？","true","false","","direction-owned-direction-case"
"health-policy-1","health-policy","health-services","目标、执行层次与受益差异","医疗服务政策研究档案：服务支付、人员配置与患者路径；目标人群、进入机制和暴露窗口；正式文本、执行条件与被排除的对象。需对照的具体条目：文本目标、执行资源与受影响范围；资格规则、服务供给与未满足需要","「医疗服务政策」：在医疗服务政策中，怎样核对资格规则、服务供给与未满足需要，分开“目标人群的真实变化”与“进入资料的机会变化”？ 文本已经改变，实际机会和执行是否也改变了？","true","false","","direction-owned-direction-case"
"health-policy-2","health-policy","health-services","研究对象、观察窗口与资料比较条件","医疗质量研究档案：服务支付、人员配置与患者路径；服务需求、资源容量和实际任务；版本变更、异常记录和失败复核。需对照健康制度与服务实施中的定义、对象索引与适用条件","「医疗质量」：在医疗质量中，怎样核对服务支付、人员配置与患者路径，分开“交付能力改善”与“需求或记录构成改变”？ 所谓更可靠，是失败更少，还是失败更少被记下来？","true","false","","direction-owned-direction-case"
"health-policy-3","health-policy","health-services","目标、执行层次与受益差异","医院管理研究档案：服务支付、人员配置与患者路径；服务需求、资源容量和实际任务；正式文本、执行条件与被排除的对象。需对照健康制度与服务实施中的定义、对象索引与适用条件","「医院管理」：在医院管理中，怎样核对服务支付、人员配置与患者路径，分开“交付能力改善”与“需求或记录构成改变”？ 文本已经改变，实际机会和执行是否也改变了？","true","false","","direction-owned-direction-case"
"health-policy-4","health-policy","health-services","目标、执行层次与受益差异","基层健康服务研究档案：服务支付、人员配置与患者路径；需求、服务资格和未进入服务者。需对照健康制度与服务实施中的定义、对象索引与适用条件","「基层健康服务」：在基层健康服务中，怎样核对服务支付、人员配置与患者路径，分开“需求得到满足”与“门槛或登记改变”？","true","false","","direction-owned-direction-case"
"health-policy-5","health-policy","health-services","目标、执行层次与受益差异","卫生人力研究档案：服务支付、人员配置与患者路径；目标人群、进入机制和暴露窗口。需对照的具体条目：招聘机会、职责变化与人员退出","「卫生人力」：在卫生人力中，怎样核对招聘机会、职责变化与人员退出，分开“目标人群的真实变化”与“进入资料的机会变化”？","true","false","","direction-owned-direction-case"
"health-policy-6","health-policy","health-services","目标、执行层次与受益差异","健康公平研究档案：行动者理由、利益负担与提出异议的记录；相关领域文献对“服务支付、人员配置与患者路径”的用语与记录方式；受益负担、行动理由和申诉机会。需对照健康制度与服务实施中的定义、对象索引与适用条件","「健康公平」：在健康公平中，怎样核对服务支付、人员配置与患者路径，分开“可辩护的规范理由”与“偏好数量代替理由”？ 谁承担了负担，现有理由怎样回应他的异议？","true","false","","direction-owned-direction-case"
"health-policy-7","health-policy","health-services","研究对象、观察窗口与资料比较条件","数字健康治理研究档案：服务支付、人员配置与患者路径；版本规则、对象索引和使用任务；正式文本、执行条件与被排除的对象。需对照的具体条目：规则来源、执行条件与行动者立场；编码规则、平台入口与不可见记录","「数字健康治理」：在数字健康治理中，怎样核对规则来源、执行条件与行动者立场，分开“对象信息改善”与“格式或版本改变”？ 文本已经改变，实际机会和执行是否也改变了？","true","false","","direction-owned-direction-case"
"health-policy-8","health-policy","health-services","研究对象、观察窗口与资料比较条件","医疗保障研究档案：服务支付、人员配置与患者路径；服务需求、资源容量和实际任务。需对照的具体条目：需求清单、交付节点与资源占用","「医疗保障」：在医疗保障中，怎样核对需求清单、交付节点与资源占用，分开“交付能力改善”与“需求或记录构成改变”？","true","false","","direction-owned-direction-case"
"health-policy-9","health-policy","health-services","目标、执行层次与受益差异","卫生服务评价研究档案：服务支付、人员配置与患者路径；需求、服务资格和未进入服务者；目标人群、进入机制和暴露窗口。需对照的具体条目：服务资格、实际交付与未获服务者","「卫生服务评价」：在卫生服务评价中，怎样核对服务资格、实际交付与未获服务者，分开“需求得到满足”与“门槛或登记改变”？","true","false","","direction-owned-direction-case"
"health-policy-10","health-policy","health-services","测量含义、填答者与时间窗口","患者体验研究档案：服务支付、人员配置与患者路径；计划、实施与患者本人或代理报告；条目版本、填答者和缺失项。需对照健康制度与服务实施中的定义、对象索引与适用条件","「患者体验」：在患者体验中，怎样核对服务支付、人员配置与患者路径，分开“照护实际改变”与“登记或报告者差异”？","true","false","","direction-owned-direction-case"
"health-policy-11","health-policy","health-services","目标、执行层次与受益差异","照护整合研究档案：服务支付、人员配置与患者路径；计划、实施与患者本人或代理报告。需对照的具体条目：实施时间线、交接信息与本人报告；来源映射、重叠对象与桥接假设","「照护整合」：在照护整合中，怎样核对实施时间线、交接信息与本人报告，分开“照护实际改变”与“登记或报告者差异”？","true","false","nursing","direction-owned-direction-case"
"health-policy-12","health-policy","health-services","目标、执行层次与受益差异","政策执行研究研究档案：服务支付、人员配置与患者路径；目标人群、进入机制和暴露窗口；正式文本、执行条件与被排除的对象。需对照的具体条目：文本目标、执行资源与受影响范围；资源到位、执行环节与实际覆盖","「政策执行研究」：在政策执行研究中，怎样核对资源到位、执行环节与实际覆盖，分开“目标人群的真实变化”与“进入资料的机会变化”？ 文本已经改变，实际机会和执行是否也改变了？","true","false","","direction-owned-direction-case"
"medical-immunology-1","medical-immunology","biomedical","资料来源、批次与模型范围","免疫细胞资料研究档案：细胞组成、免疫标志与组织背景；细胞组成、活化标志与组织状态；鉴定可靠性、分子丰度与功能资料；不同层次的读数、背景条件和相反趋势。需对照免疫状态与组织语境中的定义、对象索引与适用条件","「免疫细胞资料」：在免疫细胞资料中，怎样核对细胞组成、免疫标志与组织背景，分开“活化或功能改变”与“细胞组成改变”？ 各层次读数是否在回答同一个问题？","true","false","","direction-owned-direction-case"
"medical-immunology-2","medical-immunology","biomedical","资料来源、批次与模型范围","免疫与衰老研究档案：细胞组成、免疫标志与组织背景；细胞组成、活化标志与组织状态；功能储备、年龄及照护需要。需对照免疫状态与组织语境中的定义、对象索引与适用条件","「免疫与衰老」：在免疫与衰老中，怎样核对细胞组成、免疫标志与组织背景，分开“活化或功能改变”与“细胞组成改变”？","true","false","","direction-owned-direction-case"
"medical-immunology-3","medical-immunology","biomedical","资料来源、批次与模型范围","自身免疫资料研究档案：细胞组成、免疫标志与组织背景；细胞组成、活化标志与组织状态。需对照的具体条目：自身反应标志、活动状态与器官表现","「自身免疫资料」：在自身免疫资料中，怎样核对自身反应标志、活动状态与器官表现，分开“活化或功能改变”与“细胞组成改变”？","true","false","","direction-owned-direction-case"
"medical-immunology-4","medical-immunology","oncology","资料来源、批次与模型范围","肿瘤免疫资料研究档案：细胞组成、免疫标志与组织背景；细胞组成、活化标志与组织状态；病灶变化、分期与患者功能的对照。需对照的具体条目：分型、对象进入与患者结局窗口","「肿瘤免疫资料」：在肿瘤免疫资料中，怎样核对分型、对象进入与患者结局窗口，分开“活化或功能改变”与“细胞组成改变”？","true","false","","direction-owned-direction-case"
"medical-immunology-5","medical-immunology","biomedical","资料来源、批次与模型范围","组织免疫研究档案：细胞组成、免疫标志与组织背景；细胞组成、活化标志与组织状态；结构定位、组织层次与判读条件；正式文本、执行条件与被排除的对象。需对照的具体条目：角色分工、资源联系与实际协调","「组织免疫」：在组织免疫中，怎样核对角色分工、资源联系与实际协调，分开“活化或功能改变”与“细胞组成改变”？ 文本已经改变，实际机会和执行是否也改变了？","true","false","","direction-owned-direction-case"
"medical-immunology-6","medical-immunology","metabolic","资料来源、批次与模型范围","免疫代谢研究档案：细胞组成、免疫标志与组织背景；激素或代谢时序与状态分层；细胞组成、活化标志与组织状态。需对照免疫状态与组织语境中的定义、对象索引与适用条件","「免疫代谢」：在免疫代谢中，怎样核对细胞组成、免疫标志与组织背景，分开“持续代谢状态”与“测量相位或反馈改变”？","true","false","","direction-owned-direction-case"
"medical-immunology-7","medical-immunology","genetic-association","对象关系、参考版本与变异解释","免疫遗传研究档案：细胞组成、免疫标志与组织背景；细胞组成、活化标志与组织状态；参考版本、来源关系与变异表型对应；不同层次的读数、背景条件和相反趋势。需对照免疫状态与组织语境中的定义、对象索引与适用条件","「免疫遗传」：在免疫遗传中，怎样核对细胞组成、免疫标志与组织背景，分开“活化或功能改变”与“细胞组成改变”？ 各层次读数是否在回答同一个问题？","true","false","","direction-owned-direction-case"
"medical-immunology-8","medical-immunology","biomedical","来源、批次与独立对象","免疫组学研究档案：细胞组成、免疫标志与组织背景；细胞组成、活化标志与组织状态；鉴定可靠性、分子丰度与功能资料。需对照免疫状态与组织语境中的定义、对象索引与适用条件","「免疫组学」：在免疫组学中，怎样核对细胞组成、免疫标志与组织背景，分开“活化或功能改变”与“细胞组成改变”？","true","false","","direction-owned-direction-case"
"medical-immunology-9","medical-immunology","biomedical","测量口径、平台或读者差异","免疫测量一致性研究档案：细胞组成、免疫标志与组织背景；细胞组成、活化标志与组织状态；参考依据、重复读数和误差分项。需对照的具体条目：成对记录、判读分歧与总体口径","「免疫测量一致性」：在免疫测量一致性中，怎样核对成对记录、判读分歧与总体口径，分开“活化或功能改变”与“细胞组成改变”？ 读数差异来自被测对象，还是测量链的变化？","true","false","","direction-owned-direction-case"
"medical-immunology-10","medical-immunology","biomedical","入组范围、观察时间与未完成随访","免疫相关队列研究档案：细胞组成、免疫标志与组织背景；细胞组成、活化标志与组织状态；进入时点、结局定义和失访去向；进入资格、观察窗口和退出去向。需对照的具体条目：对象进入时点、重复观察与失访去向","「免疫相关队列」：在免疫相关队列中，怎样核对对象进入时点、重复观察与失访去向，分开“活化或功能改变”与“细胞组成改变”？ 没进入后续记录的人，能否当成没有发生变化？","true","false","","direction-owned-direction-case"
"medical-immunology-11","medical-immunology","biomedical","来源、批次与独立对象","免疫资料整合研究档案：细胞组成、免疫标志与组织背景；细胞组成、活化标志与组织状态。需对照的具体条目：来源映射、重叠对象与桥接假设","「免疫资料整合」：在免疫资料整合中，怎样核对来源映射、重叠对象与桥接假设，分开“活化或功能改变”与“细胞组成改变”？","true","false","","direction-owned-direction-case"
"medical-immunology-12","medical-immunology","education","资料来源、批次与模型范围","免疫教学研究研究档案：教学任务、学生作答与撤去帮助后的新题；相关领域文献对“细胞组成、免疫标志与组织背景”的用语与记录方式；任务目标、辅助条件和延迟表现。需对照的具体条目：目标任务、辅助条件与延迟迁移","「免疫教学研究」：在免疫教学研究中，怎样核对目标任务、辅助条件与延迟迁移，分开“独立学习改善”与“辅助或练习效应”？ 当场做对与真正能迁移，材料分别支持哪一个？","true","false","","direction-owned-direction-case"
"medical-microbiology-1","medical-microbiology","biomedical","研究对象、观察窗口与资料比较条件","公开微生物组资料研究档案：群落组成、测序来源与公开注释；公开组成表、注释版本与绝对量边界；细胞组成、功能层次和独立来源。需对照的具体条目：组成口径、注释数据库与对象来源；公开来源、原始定义与处理版本","「公开微生物组资料」：在公开微生物组资料中，怎样核对公开来源、原始定义与处理版本，分开“组成变化”与“总量或注释变化”？","true","false","","direction-owned-direction-case"
"medical-microbiology-2","medical-microbiology","biomedical","研究对象、观察窗口与资料比较条件","微生物生态研究档案：群落组成、测序来源与公开注释；公开组成表、注释版本与绝对量边界；细胞组成、功能层次和独立来源。需对照的具体条目：环境背景、群落关系与观察覆盖","「微生物生态」：在微生物生态中，怎样核对环境背景、群落关系与观察覆盖，分开“组成变化”与“总量或注释变化”？","true","false","","direction-owned-direction-case"
"medical-microbiology-3","medical-microbiology","biomedical","研究对象、观察窗口与资料比较条件","宿主关联资料研究档案：群落组成、测序来源与公开注释；公开组成表、注释版本与绝对量边界。需对照的具体条目：宿主索引、背景状态与关联方向","「宿主关联资料」：在宿主关联资料中，怎样核对宿主索引、背景状态与关联方向，分开“组成变化”与“总量或注释变化”？","true","false","","direction-owned-direction-case"
"medical-microbiology-4","medical-microbiology","biomedical","研究对象、观察窗口与资料比较条件","微生物组统计研究档案：群落组成、测序来源与公开注释；公开组成表、注释版本与绝对量边界；细胞组成、功能层次和独立来源。需对照的具体条目：组成口径、注释数据库与对象来源；独立来源、组成约束与多重比较","「微生物组统计」：在微生物组统计中，怎样核对独立来源、组成约束与多重比较，分开“组成变化”与“总量或注释变化”？","true","false","","direction-owned-direction-case"
"medical-microbiology-5","medical-microbiology","biomedical","研究对象、观察窗口与资料比较条件","微生物组质量研究档案：群落组成、测序来源与公开注释；公开组成表、注释版本与绝对量边界；细胞组成、功能层次和独立来源；版本变更、异常记录和失败复核。需对照的具体条目：组成口径、注释数据库与对象来源","「微生物组质量」：在微生物组质量中，怎样核对组成口径、注释数据库与对象来源，分开“组成变化”与“总量或注释变化”？ 所谓更可靠，是失败更少，还是失败更少被记下来？","true","false","","direction-owned-direction-case"
"medical-microbiology-6","medical-microbiology","population","阶段、生活条件与功能或体验变化","微生物组与营养研究档案：群落组成、测序来源与公开注释；公开组成表、注释版本与绝对量边界；组成、摄入及整体模式的分别记录；计量单位、时间窗口和未计入的投入。需对照的具体条目：组成口径、注释数据库与对象来源","「微生物组与营养」：在微生物组与营养中，怎样核对组成口径、注释数据库与对象来源，分开“组成变化”与“总量或注释变化”？ 看起来更划算，是效率提高还是少算了投入？","true","false","","direction-owned-direction-case"
"medical-microbiology-7","medical-microbiology","biomedical","研究对象、观察窗口与资料比较条件","微生物组与慢性病研究档案：群落组成、测序来源与公开注释；公开组成表、注释版本与绝对量边界；细胞组成、功能层次和独立来源。需对照的具体条目：组成口径、注释数据库与对象来源；病程定义、持续暴露与选择背景","「微生物组与慢性病」：在微生物组与慢性病中，怎样核对组成口径、注释数据库与对象来源，分开“组成变化”与“总量或注释变化”？","true","false","","direction-owned-direction-case"
"medical-microbiology-8","medical-microbiology","biomedical","研究对象、观察窗口与资料比较条件","数据库注释比较研究档案：群落组成、测序来源与公开注释；版本规则、对象索引和使用任务；各方定义、资料来源和桥接规则。需对照的具体条目：事务交错、读写语义与恢复状态","「数据库注释比较」：在数据库注释比较中，怎样核对事务交错、读写语义与恢复状态，分开“对象信息改善”与“格式或版本改变”？ 名称相同是否真的意味着比较对象相同？","true","false","","direction-owned-direction-case"
"medical-microbiology-9","medical-microbiology","biomedical","目标、执行层次与受益差异","资料版本管理研究档案：群落组成、测序来源与公开注释；版本规则、对象索引和使用任务；正式文本、执行条件与被排除的对象。需对照的具体条目：底本出处、修订层次与引用位置","「资料版本管理」：在资料版本管理中，怎样核对底本出处、修订层次与引用位置，分开“对象信息改善”与“格式或版本改变”？ 文本已经改变，实际机会和执行是否也改变了？","true","false","","direction-owned-direction-case"
"medical-microbiology-10","medical-microbiology","biomedical","研究对象、观察窗口与资料比较条件","公开数据复现研究档案：群落组成、测序来源与公开注释；版本规则、对象索引和使用任务；版本变更、异常记录和失败复核。需对照的具体条目：原始版本、偏离记录与失败尝试","「公开数据复现」：在公开数据复现中，怎样核对原始版本、偏离记录与失败尝试，分开“对象信息改善”与“格式或版本改变”？ 所谓更可靠，是失败更少，还是失败更少被记下来？","true","false","","direction-owned-direction-case"
"medical-microbiology-11","medical-microbiology","biomedical","研究对象、观察窗口与资料比较条件","群落结构解释研究档案：群落组成、测序来源与公开注释；公开组成表、注释版本与绝对量边界。需对照的具体条目：相对组成、距离定义与来源差异","「群落结构解释」：在群落结构解释中，怎样核对相对组成、距离定义与来源差异，分开“组成变化”与“总量或注释变化”？","true","false","","direction-owned-direction-case"
"medical-microbiology-12","medical-microbiology","education","研究对象、观察窗口与资料比较条件","微生物学教学研究档案：教学任务、学生作答与撤去帮助后的新题；相关领域文献对“群落组成、测序来源与公开注释”的用语与记录方式；任务目标、辅助条件和延迟表现。需对照的具体条目：目标任务、辅助条件与延迟迁移","「微生物学教学」：在微生物学教学中，怎样核对目标任务、辅助条件与延迟迁移，分开“独立学习改善”与“辅助或练习效应”？ 当场做对与真正能迁移，材料分别支持哪一个？","true","false","","direction-owned-direction-case"
"medical-biochemistry-1","medical-biochemistry","metabolic","研究对象、观察窗口与资料比较条件","代谢通路资料研究档案：分子鉴定、丰度与代谢网络；激素或代谢时序与状态分层。需对照分子代谢与测量中的定义、对象索引与适用条件","「代谢通路资料」：在代谢通路资料中，怎样核对分子鉴定、丰度与代谢网络，分开“持续代谢状态”与“测量相位或反馈改变”？","true","false","","direction-owned-direction-case"
"medical-biochemistry-2","medical-biochemistry","biomedical","研究对象、观察窗口与资料比较条件","蛋白质资料研究档案：分子鉴定、丰度与代谢网络；鉴定可靠性、分子丰度与功能资料；细胞组成、功能层次和独立来源。需对照的具体条目：鉴定置信度、分子形式与功能资料","「蛋白质资料」：在蛋白质资料中，怎样核对鉴定置信度、分子形式与功能资料，分开“分子状态变化”与“鉴定、组成或测量差异”？","true","false","","direction-owned-direction-case"
"medical-biochemistry-3","medical-biochemistry","biomedical","测量口径、平台或读者差异","分子测量一致性研究档案：分子鉴定、丰度与代谢网络；鉴定可靠性、分子丰度与功能资料；细胞组成、功能层次和独立来源；参考依据、重复读数和误差分项。需对照的具体条目：成对记录、判读分歧与总体口径","「分子测量一致性」：在分子测量一致性中，怎样核对成对记录、判读分歧与总体口径，分开“分子状态变化”与“鉴定、组成或测量差异”？ 读数差异来自被测对象，还是测量链的变化？","true","false","","direction-owned-direction-case"
"medical-biochemistry-4","medical-biochemistry","metabolic","来源、批次与独立对象","代谢组资料研究档案：分子鉴定、丰度与代谢网络；激素或代谢时序与状态分层；鉴定可靠性、分子丰度与功能资料。需对照分子代谢与测量中的定义、对象索引与适用条件","「代谢组资料」：在代谢组资料中，怎样核对分子鉴定、丰度与代谢网络，分开“持续代谢状态”与“测量相位或反馈改变”？","true","false","","direction-owned-direction-case"
"medical-biochemistry-5","medical-biochemistry","biomedical","来源、批次与独立对象","蛋白组资料研究档案：分子鉴定、丰度与代谢网络；鉴定可靠性、分子丰度与功能资料；细胞组成、功能层次和独立来源。需对照的具体条目：覆盖范围、批次映射、鉴定置信度与鉴定缺失","「蛋白组资料」：在蛋白组资料中，怎样核对覆盖范围、批次映射、鉴定置信度与鉴定缺失，分开“分子状态变化”与“鉴定、组成或测量差异”？","true","false","","direction-owned-direction-case"
"medical-biochemistry-6","medical-biochemistry","biomedical","资料来源、批次与模型范围","分子结构解释研究档案：分子鉴定、丰度与代谢网络；鉴定可靠性、分子丰度与功能资料；细胞组成、功能层次和独立来源；不同层次的读数、背景条件和相反趋势。需对照的具体条目：结构版本、状态假设与作用条件","「分子结构解释」：在分子结构解释中，怎样核对结构版本、状态假设与作用条件，分开“分子状态变化”与“鉴定、组成或测量差异”？ 各层次读数是否在回答同一个问题？","true","false","","direction-owned-direction-case"
"medical-biochemistry-7","medical-biochemistry","biomedical","资料来源、批次与模型范围","分子与疾病关联研究档案：分子鉴定、丰度与代谢网络；鉴定可靠性、分子丰度与功能资料；细胞组成、功能层次和独立来源；不同层次的读数、背景条件和相反趋势。需对照的具体条目：疾病定义、对象选择与替代解释","「分子与疾病关联」：在分子与疾病关联中，怎样核对疾病定义、对象选择与替代解释，分开“分子状态变化”与“鉴定、组成或测量差异”？ 各层次读数是否在回答同一个问题？","true","false","","direction-owned-direction-case"
"medical-biochemistry-8","medical-biochemistry","biomedical","测量口径、平台或读者差异","生化数据库研究档案：分子鉴定、丰度与代谢网络；鉴定可靠性、分子丰度与功能资料；版本规则、对象索引和使用任务。需对照的具体条目：事务交错、读写语义与恢复状态","「生化数据库」：在生化数据库中，怎样核对事务交错、读写语义与恢复状态，分开“分子状态变化”与“鉴定、组成或测量差异”？","true","false","","direction-owned-direction-case"
"medical-biochemistry-9","medical-biochemistry","imaging","对象内重复、平台版本与图像质量","生化影像资料研究档案：分子鉴定、丰度与代谢网络；鉴定可靠性、分子丰度与功能资料；个体索引、图像条件和判读分歧。需对照的具体条目：来源索引、采集条件与判读分歧","「生化影像资料」：在生化影像资料中，怎样核对来源索引、采集条件与判读分歧，分开“分子状态变化”与“鉴定、组成或测量差异”？","true","false","","direction-owned-direction-case"
"medical-biochemistry-10","medical-biochemistry","biomedical","研究对象、观察窗口与资料比较条件","公开资料复现研究档案：分子鉴定、丰度与代谢网络；目标比较、资料进入和记录变化；版本变更、异常记录和失败复核。需对照的具体条目：原始版本、偏离记录与失败尝试","「公开资料复现」：在公开资料复现中，怎样核对原始版本、偏离记录与失败尝试，分开“实际健康或服务变化”与“进入及记录机会改变”？ 所谓更可靠，是失败更少，还是失败更少被记下来？","true","false","","direction-owned-direction-case"
"medical-biochemistry-11","medical-biochemistry","biomedical","测量口径、平台或读者差异","生化研究设计研究档案：分子鉴定、丰度与代谢网络；鉴定可靠性、分子丰度与功能资料；任务路径、迭代版本和错误恢复记录。需对照分子代谢与测量中的定义、对象索引与适用条件","「生化研究设计」：在生化研究设计中，怎样核对分子鉴定、丰度与代谢网络，分开“分子状态变化”与“鉴定、组成或测量差异”？ 这次变好是设计改进，还是使用者得到更多帮助？","true","false","","direction-owned-direction-case"
"medical-biochemistry-12","medical-biochemistry","education","测量口径、平台或读者差异","生化教学研究研究档案：教学任务、学生作答与撤去帮助后的新题；相关领域文献对“分子鉴定、丰度与代谢网络”的用语与记录方式；任务目标、辅助条件和延迟表现。需对照的具体条目：目标任务、辅助条件与延迟迁移","「生化教学研究」：在生化教学研究中，怎样核对目标任务、辅助条件与延迟迁移，分开“独立学习改善”与“辅助或练习效应”？ 当场做对与真正能迁移，材料分别支持哪一个？","true","false","","direction-owned-direction-case"
"epidemiology-1","epidemiology","population","群体范围、信息来源与比较条件","慢性病流行病学研究档案：人群分母、暴露定义与随访起点；目标人群、进入机制和暴露窗口。需对照的具体条目：目标人群、进入资料与风险分母","「慢性病流行病学」：在慢性病流行病学中，怎样核对目标人群、进入资料与风险分母，分开“目标人群的真实变化”与“进入资料的机会变化”？","true","false","","direction-owned-direction-case"
"epidemiology-2","epidemiology","cardiac","群体范围、信息来源与比较条件","心血管流行病学研究档案：人群分母、暴露定义与随访起点；心脏负荷与功能的并列记录；目标人群、进入机制和暴露窗口。需对照的具体条目：目标人群、进入资料与风险分母","「心血管流行病学」：在心血管流行病学中，怎样核对目标人群、进入资料与风险分母，分开“直接心脏变化”与“循环负荷变化”？","true","false","","direction-owned-direction-case"
"epidemiology-3","epidemiology","oncology","群体范围、信息来源与比较条件","肿瘤流行病学研究档案：人群分母、暴露定义与随访起点；病灶变化、分期与患者功能的对照；目标人群、进入机制和暴露窗口。需对照的具体条目：分型、对象进入与患者结局窗口；目标人群、进入资料与风险分母","「肿瘤流行病学」：在肿瘤流行病学中，怎样核对目标人群、进入资料与风险分母，分开“病灶负担变化”与“观察选择或患者功能”？","true","false","","direction-owned-direction-case"
"epidemiology-4","epidemiology","population","群体范围、信息来源与比较条件","环境流行病学研究档案：人群分母、暴露定义与随访起点；目标人群、进入机制和暴露窗口。需对照的具体条目：目标人群、进入资料与风险分母；暴露分配、时间窗与混杂背景","「环境流行病学」：在环境流行病学中，怎样核对暴露分配、时间窗与混杂背景，分开“目标人群的真实变化”与“进入资料的机会变化”？","true","false","","direction-owned-direction-case"
"epidemiology-5","epidemiology","population","群体范围、信息来源与比较条件","营养流行病学研究档案：人群分母、暴露定义与随访起点；组成、摄入及整体模式的分别记录；成分、实际摄入和感官任务条件；计量单位、时间窗口和未计入的投入。需对照的具体条目：目标人群、进入资料与风险分母","「营养流行病学」：在营养流行病学中，怎样核对目标人群、进入资料与风险分母，分开“摄入或组成变化”与“总模式与报告差异”？ 看起来更划算，是效率提高还是少算了投入？","true","false","","direction-owned-direction-case"
"epidemiology-6","epidemiology","population","研究对象、观察窗口与资料比较条件","生命历程研究档案：人群分母、暴露定义与随访起点；阶段界限、相关对象和进入机会。需对照人群暴露与健康事件中的定义、对象索引与适用条件","「生命历程」：在生命历程中，怎样核对人群分母、暴露定义与随访起点，分开“发展历程差异”与“阶段构成或进入差异”？","true","false","","direction-owned-direction-case"
"epidemiology-7","epidemiology","genetic-association","对象关系、参考版本与变异解释","遗传流行病学研究档案：人群分母、暴露定义与随访起点；参考版本、来源关系与变异表型对应；目标人群、进入机制和暴露窗口；不同层次的读数、背景条件和相反趋势。需对照的具体条目：目标人群、进入资料与风险分母","「遗传流行病学」：在遗传流行病学中，怎样核对目标人群、进入资料与风险分母，分开“遗传相关信号”与“来源结构或环境差异”？ 各层次读数是否在回答同一个问题？","true","false","","direction-owned-direction-case"
"epidemiology-8","epidemiology","population","群体范围、信息来源与比较条件","临床流行病学研究档案：人群分母、暴露定义与随访起点；目标人群、进入机制和暴露窗口。需对照的具体条目：目标人群、进入资料与风险分母；入组资格、诊疗选择与结局口径","「临床流行病学」：在临床流行病学中，怎样核对入组资格、诊疗选择与结局口径，分开“目标人群的真实变化”与“进入资料的机会变化”？","true","false","","direction-owned-direction-case"
"epidemiology-9","epidemiology","population","群体范围、信息来源与比较条件","社会流行病学研究档案：人群分母、暴露定义与随访起点；目标人群、进入机制和暴露窗口。需对照的具体条目：目标人群、进入资料与风险分母；社会位置、资源机会与人群分母","「社会流行病学」：在社会流行病学中，怎样核对社会位置、资源机会与人群分母，分开“目标人群的真实变化”与“进入资料的机会变化”？","true","false","","direction-owned-direction-case"
"epidemiology-10","epidemiology","population","群体范围、信息来源与比较条件","药物流行病学研究档案：人群分母、暴露定义与随访起点；来源、暴露及作用层次的分别资料；目标人群、进入机制和暴露窗口。需对照的具体条目：目标人群、进入资料与风险分母","「药物流行病学」：在药物流行病学中，怎样核对目标人群、进入资料与风险分母，分开“作用相关变化”与“暴露、选择或背景差异”？","true","false","","direction-owned-direction-case"
"epidemiology-11","epidemiology","statistics","研究对象、观察窗口与资料比较条件","因果推断方法研究档案：人群分母、暴露定义与随访起点；干预时间、比较资格和同期变化；比较资格、干预前趋势和同期冲击。需对照的具体条目：目标比较、干预起点与选择机制；输入要求、适用前提与方法失败条件","「因果推断方法」：在因果推断方法中，怎样核对目标比较、干预起点与选择机制，分开“可识别的干预作用”与“选择或同期冲击”？ 这项差异在干预之前是否已经存在？","true","false","","direction-owned-direction-case"
"epidemiology-12","epidemiology","population","入组范围、观察时间与未完成随访","队列与登记研究档案：人群分母、暴露定义与随访起点；进入时点、结局定义和失访去向；进入资格、观察窗口和退出去向。需对照的具体条目：对象进入时点、重复观察与失访去向；登记入口、覆盖分母与重复记录","「队列与登记」：在队列与登记中，怎样核对对象进入时点、重复观察与失访去向，分开“真实结局差异”与“随访机会差异”？ 没进入后续记录的人，能否当成没有发生变化？","true","false","","direction-owned-direction-case"
"health-economics-1","health-economics","health-services","评价边界、价格年份与资源取舍","成本效果研究研究档案：效果来源、效用口径与成本时期；评价视角、成本条目和健康结果；计量单位、时间窗口和未计入的投入。需对照的具体条目：增量成本、健康结果与评价视角","「成本效果研究」：在成本效果研究中，怎样核对增量成本、健康结果与评价视角，分开“同一视角下收益”与“漏算或转移负担”？ 看起来更划算，是效率提高还是少算了投入？","true","false","","direction-owned-direction-case"
"health-economics-2","health-economics","health-services","评价边界、价格年份与资源取舍","卫生资源配置研究档案：效果来源、效用口径与成本时期；目标人群、进入机制和暴露窗口；计量单位、时间窗口和未计入的投入。需对照的具体条目：分配目标、机会成本与未满足需求","「卫生资源配置」：在卫生资源配置中，怎样核对分配目标、机会成本与未满足需求，分开“目标人群的真实变化”与“进入资料的机会变化”？ 看起来更划算，是效率提高还是少算了投入？","true","false","","direction-owned-direction-case"
"health-economics-3","health-economics","health-services","评价边界、价格年份与资源取舍","健康效用研究档案：效果来源、效用口径与成本时期；评价视角、成本条目和健康结果。需对照的具体条目：评价工具、偏好来源与时间范围","「健康效用」：在健康效用中，怎样核对评价工具、偏好来源与时间范围，分开“同一视角下收益”与“漏算或转移负担”？","true","false","","direction-owned-direction-case"
"health-economics-4","health-economics","health-services","评价边界、价格年份与资源取舍","医疗支付研究档案：效果来源、效用口径与成本时期；评价视角、成本条目和健康结果。需对照的具体条目：支付规则、服务行为与负担归属","「医疗支付」：在医疗支付中，怎样核对支付规则、服务行为与负担归属，分开“同一视角下收益”与“漏算或转移负担”？","true","false","","direction-owned-direction-case"
"health-economics-5","health-economics","health-services","研究对象、观察窗口与资料比较条件","医疗保障评价研究档案：效果来源、效用口径与成本时期；服务需求、资源容量和实际任务。需对照的具体条目：需求清单、交付节点与资源占用","「医疗保障评价」：在医疗保障评价中，怎样核对需求清单、交付节点与资源占用，分开“交付能力改善”与“需求或记录构成改变”？","true","false","","direction-owned-direction-case"
"health-economics-6","health-economics","health-services","评价边界、价格年份与资源取舍","药物经济学研究档案：效果来源、效用口径与成本时期；来源、暴露及作用层次的分别资料；计量单位、时间窗口和未计入的投入。需对照健康价值与资源取舍中的定义、对象索引与适用条件","「药物经济学」：在药物经济学中，怎样核对效果来源、效用口径与成本时期，分开“作用相关变化”与“暴露、选择或背景差异”？ 看起来更划算，是效率提高还是少算了投入？","true","false","","direction-owned-direction-case"
"health-economics-7","health-economics","health-services","评价边界、价格年份与资源取舍","照护经济学研究档案：效果来源、效用口径与成本时期；计划、实施与患者本人或代理报告；计量单位、时间窗口和未计入的投入。需对照的具体条目：实施时间线、交接信息与本人报告","「照护经济学」：在照护经济学中，怎样核对实施时间线、交接信息与本人报告，分开“照护实际改变”与“登记或报告者差异”？ 看起来更划算，是效率提高还是少算了投入？","true","false","","direction-owned-direction-case"
"health-economics-8","health-economics","health-services","目标、执行层次与受益差异","健康公平与经济研究档案：行动者理由、利益负担与提出异议的记录；相关领域文献对“效果来源、效用口径与成本时期”的用语与记录方式；受益负担、行动理由和申诉机会。需对照健康价值与资源取舍中的定义、对象索引与适用条件","「健康公平与经济」：在健康公平与经济中，怎样核对效果来源、效用口径与成本时期，分开“可辩护的规范理由”与“偏好数量代替理由”？ 谁承担了负担，现有理由怎样回应他的异议？","true","false","","direction-owned-direction-case"
"health-economics-9","health-economics","health-services","评价边界、价格年份与资源取舍","预算影响研究档案：效果来源、效用口径与成本时期；评价视角、成本条目和健康结果；计量单位、时间窗口和未计入的投入。需对照的具体条目：覆盖人数、采用率与预算时间","「预算影响」：在预算影响中，怎样核对覆盖人数、采用率与预算时间，分开“同一视角下收益”与“漏算或转移负担”？ 看起来更划算，是效率提高还是少算了投入？","true","false","","direction-owned-direction-case"
"health-economics-10","health-economics","health-services","目标、执行层次与受益差异","卫生服务需求研究档案：效果来源、效用口径与成本时期；目标人群、进入机制和暴露窗口；计量单位、时间窗口和未计入的投入。需对照的具体条目：潜在需要、服务门槛与实际使用","「卫生服务需求」：在卫生服务需求中，怎样核对潜在需要、服务门槛与实际使用，分开“目标人群的真实变化”与“进入资料的机会变化”？ 看起来更划算，是效率提高还是少算了投入？","true","false","","direction-owned-direction-case"
"health-economics-11","health-economics","health-services","入组范围、观察时间与未完成随访","长期经济结局研究档案：效果来源、效用口径与成本时期；进入时点、结局定义和失访去向；进入资格、观察窗口和退出去向。需对照的具体条目：结局事件、观察起点与判定口径","「长期经济结局」：在长期经济结局中，怎样核对结局事件、观察起点与判定口径，分开“真实结局差异”与“随访机会差异”？ 没进入后续记录的人，能否当成没有发生变化？","true","false","","direction-owned-direction-case"
"health-economics-12","health-economics","health-services","研究对象、观察窗口与资料比较条件","决策模型研究档案：效果来源、效用口径与成本时期；评价视角、成本条目和健康结果；参数出处、边界条件和独立检验情境。需对照的具体条目：可得方案、判断时点与约束依据","「决策模型」：在决策模型中，怎样核对可得方案、判断时点与约束依据，分开“同一视角下收益”与“漏算或转移负担”？ 拟合得好来自可解释结构，还是条件和参数更宽松？","true","false","","direction-owned-direction-case"
"clinical-pharmacology-1","clinical-pharmacology","pharma","使用比较与患者结局","比较人群、用药起点和结局随访","「药物结局研究」：比较组的资格和观察起点真的相同吗？","true","true","","direction-owned-case"
"clinical-pharmacology-2","clinical-pharmacology","pharma","用药记录、适应证与混杂","处方、配药、使用与适应证资料","「真实世界药物资料」：处方与实际使用之间缺了哪些信息？","true","true","","direction-owned-case"
"clinical-pharmacology-3","clinical-pharmacology","pharma","事件时序与风险信号","事件定义、暴露窗口和报告来源","「药物安全资料」：事件、暴露和其他变化的时间顺序是什么？","true","true","","direction-owned-case"
"clinical-pharmacology-4","clinical-pharmacology","pharma","评价标准与实际使用","适应证、使用流程与评价标准版本","「药物使用评价」：评价差异来自实际使用还是标准版本变化？","true","true","","direction-owned-case"
"clinical-pharmacology-5","clinical-pharmacology","pharma","个体暴露与处置差异","采样时点、暴露资料和协变量","「临床药代动力学」：浓度差异是否只是采样时间不同？","true","true","","direction-owned-case"
"clinical-pharmacology-6","clinical-pharmacology","pharma","遗传差异与药物反应","基因型、祖源、暴露和反应资料","「药物基因组学」：反应差异如何与暴露及人群背景分开？","true","true","","direction-owned-case"
"clinical-pharmacology-7","clinical-pharmacology","pharma","合并使用与暴露或反应变化","合并使用时间、处置信息和反应资料","「药物相互作用研究」：差异出现在暴露层面还是反应层面？","true","true","","direction-owned-case"
"clinical-pharmacology-8","clinical-pharmacology","pharma","人群状态与外推范围","人群状态、暴露与可观察结局","「特殊人群临床药理」：资料实际覆盖了哪些状态和哪些未观察对象？","true","true","","direction-owned-case"
"clinical-pharmacology-9","clinical-pharmacology","pharma","临床资料到经济模型的转换","临床效果来源、成本与效用假设","「药物经济评价」：长期结果中哪些来自真实观察，哪些来自假设？","true","true","","direction-owned-case"
"clinical-pharmacology-10","clinical-pharmacology","pharma","用药负担、理解与实际使用","患者原话、报告者与用药过程","「患者用药体验」：谁报告了什么体验，它与实际使用有何关系？","true","true","","direction-owned-case"
"clinical-pharmacology-11","clinical-pharmacology","pharma","问题、比较方案与可识别作用","研究对象、比较方案和终点定义","「临床药理研究设计」：这项设计究竟比较了什么，排除了什么？","true","true","","direction-owned-case"
"clinical-pharmacology-12","clinical-pharmacology","pharma","记录语义与可用暴露信息","来源字典、时间轴与缺失原因","「药物资料质控」：同名字段在不同来源里代表同一个行为吗？","true","true","","direction-owned-case"
"forensic-medicine-1","forensic-medicine","forensic","测量口径、平台或读者差异","法医病理资料研究档案：公开鉴定资料、观察条件与推断范围；结构定位、组织层次与判读条件；细胞组成、功能层次和独立来源；不同层次的读数、背景条件和相反趋势。需对照法医学记录与推断中的定义、对象索引与适用条件","「法医病理资料」：在法医病理资料中，怎样核对公开鉴定资料、观察条件与推断范围，分开“局部真实差异”与“取样位置或判读差异”？ 各层次读数是否在回答同一个问题？","true","false","","direction-owned-direction-case"
"forensic-medicine-2","forensic-medicine","forensic","研究对象、观察窗口与资料比较条件","法医临床资料研究档案：公开鉴定资料、观察条件与推断范围；术语定义、资料出处和可支持推断。需对照的具体条目：临床观察、时间关系与可支持推断","「法医临床资料」：在法医临床资料中，怎样核对临床观察、时间关系与可支持推断，分开“有来源的限定解释”与“术语或证据层次混同”？","true","false","","direction-owned-direction-case"
"forensic-medicine-3","forensic-medicine","forensic","研究对象、观察窗口与资料比较条件","法医毒理资料研究档案：公开鉴定资料、观察条件与推断范围；物种或模型、暴露和作用终点；术语定义、资料出处和可支持推断。需对照法医学记录与推断中的定义、对象索引与适用条件","「法医毒理资料」：在法医毒理资料中，怎样核对公开鉴定资料、观察条件与推断范围，分开“限定模型中的作用”与“跨模型未经验证的外推”？","true","false","","direction-owned-direction-case"
"forensic-medicine-4","forensic-medicine","forensic","对象关系、参考版本与变异解释","法医遗传资料研究档案：公开鉴定资料、观察条件与推断范围；参考版本、来源关系与变异表型对应；术语定义、资料出处和可支持推断；不同层次的读数、背景条件和相反趋势。需对照法医学记录与推断中的定义、对象索引与适用条件","「法医遗传资料」：在法医遗传资料中，怎样核对公开鉴定资料、观察条件与推断范围，分开“遗传相关信号”与“来源结构或环境差异”？ 各层次读数是否在回答同一个问题？","true","false","","direction-owned-direction-case"
"forensic-medicine-5","forensic-medicine","forensic","研究对象、观察窗口与资料比较条件","法医物证资料研究档案：公开鉴定资料、观察条件与推断范围；术语定义、资料出处和可支持推断。需对照的具体条目：物证来源、保全记录与同一性判断","「法医物证资料」：在法医物证资料中，怎样核对物证来源、保全记录与同一性判断，分开“有来源的限定解释”与“术语或证据层次混同”？","true","false","","direction-owned-direction-case"
"forensic-medicine-6","forensic-medicine","forensic","研究对象、观察窗口与资料比较条件","法医精神资料研究档案：公开鉴定资料、观察条件与推断范围；状态时段、功能负担和报告来源；术语定义、资料出处和可支持推断。需对照法医学记录与推断中的定义、对象索引与适用条件","「法医精神资料」：在法医精神资料中，怎样核对公开鉴定资料、观察条件与推断范围，分开“持续状态改善”与“报告或时段差异”？","true","false","","direction-owned-direction-case"
"forensic-medicine-7","forensic-medicine","forensic","研究对象、观察窗口与资料比较条件","证据来源核对研究档案：公开鉴定资料、观察条件与推断范围；术语定义、资料出处和可支持推断。需对照的具体条目：出处链、交接节点与缺口","「证据来源核对」：在证据来源核对中，怎样核对出处链、交接节点与缺口，分开“有来源的限定解释”与“术语或证据层次混同”？","true","false","","direction-owned-direction-case"
"forensic-medicine-8","forensic-medicine","forensic","研究对象、观察窗口与资料比较条件","鉴定意见表达研究档案：公开鉴定资料、观察条件与推断范围；目标人群、参考标准和阳性去向。需对照法医学记录与推断中的定义、对象索引与适用条件","「鉴定意见表达」：在鉴定意见表达中，怎样核对公开鉴定资料、观察条件与推断范围，分开“可用诊断信息”与“谱差异或提前诊断”？","true","false","","direction-owned-direction-case"
"forensic-medicine-9","forensic-medicine","forensic","研究对象、观察窗口与资料比较条件","法医记录质量研究档案：公开鉴定资料、观察条件与推断范围；术语定义、资料出处和可支持推断；版本变更、异常记录和失败复核。需对照法医学记录与推断中的定义、对象索引与适用条件","「法医记录质量」：在法医记录质量中，怎样核对公开鉴定资料、观察条件与推断范围，分开“有来源的限定解释”与“术语或证据层次混同”？ 所谓更可靠，是失败更少，还是失败更少被记下来？","true","false","","direction-owned-direction-case"
"forensic-medicine-10","forensic-medicine","forensic","研究对象、观察窗口与资料比较条件","法医统计评价研究档案：公开鉴定资料、观察条件与推断范围；术语定义、资料出处和可支持推断。需对照的具体条目：参考群体、概率含义与推断条件","「法医统计评价」：在法医统计评价中，怎样核对参考群体、概率含义与推断条件，分开“有来源的限定解释”与“术语或证据层次混同”？","true","false","","direction-owned-direction-case"
"forensic-medicine-11","forensic-medicine","education","研究对象、观察窗口与资料比较条件","法医学教育研究档案：教学任务、学生作答与撤去帮助后的新题；相关领域文献对“公开鉴定资料、观察条件与推断范围”的用语与记录方式；任务目标、辅助条件和延迟表现。需对照法医学记录与推断中的定义、对象索引与适用条件","「法医学教育」：在法医学教育中，怎样核对公开鉴定资料、观察条件与推断范围，分开“独立学习改善”与“辅助或练习效应”？ 当场做对与真正能迁移，材料分别支持哪一个？","true","false","","direction-owned-direction-case"
"forensic-medicine-12","forensic-medicine","forensic","研究对象、观察窗口与资料比较条件","法医伦理研究研究档案：行动者理由、利益负担与提出异议的记录；相关领域文献对“公开鉴定资料、观察条件与推断范围”的用语与记录方式；受益负担、行动理由和申诉机会。需对照的具体条目：行动理由、受益负担与申诉机会","「法医伦理研究」：在法医伦理研究中，怎样核对行动理由、受益负担与申诉机会，分开“可辩护的规范理由”与“偏好数量代替理由”？ 谁承担了负担，现有理由怎样回应他的异议？","true","false","","direction-owned-direction-case"
"chinese-materia-medica-1","chinese-materia-medica","traditional","出处、整理版本与术语语境","本草文献研究档案：逐页出处、底本差异和缺页索引；相关领域文献对“来源鉴别、成分差异与作用资料”的用语与记录方式；原典术语、来源鉴别和现代评价定义；术语定义、资料出处和可支持推断。需对照中药来源与成分中的定义、对象索引与适用条件","「本草文献」：在本草文献中，怎样核对来源鉴别、成分差异与作用资料，分开“可检查的比较证据”与“概念或来源混同”？ 这个说法在原材料的哪一页，另一版本为何不同？","true","false","","direction-owned-direction-case"
"chinese-materia-medica-2","chinese-materia-medica","traditional","研究对象、观察窗口与资料比较条件","中药资源资料研究档案：来源鉴别、成分差异与作用资料；来源、暴露及作用层次的分别资料；原典术语、来源鉴别和现代评价定义；计量单位、时间窗口和未计入的投入。需对照中药来源与成分中的定义、对象索引与适用条件","「中药资源资料」：在中药资源资料中，怎样核对来源鉴别、成分差异与作用资料，分开“作用相关变化”与“暴露、选择或背景差异”？ 看起来更划算，是效率提高还是少算了投入？","true","false","","direction-owned-direction-case"
"chinese-materia-medica-3","chinese-materia-medica","traditional","研究对象、观察窗口与资料比较条件","生药鉴别资料研究档案：来源鉴别、成分差异与作用资料；原典术语、来源鉴别和现代评价定义。需对照中药来源与成分中的定义、对象索引与适用条件","「生药鉴别资料」：在生药鉴别资料中，怎样核对来源鉴别、成分差异与作用资料，分开“可检查的比较证据”与“概念或来源混同”？","true","false","","direction-owned-direction-case"
"chinese-materia-medica-4","chinese-materia-medica","traditional","研究对象、观察窗口与资料比较条件","中药化学资料研究档案：来源鉴别、成分差异与作用资料；来源、暴露及作用层次的分别资料；原典术语、来源鉴别和现代评价定义。需对照的具体条目：来源鉴别、成分谱与批次关系","「中药化学资料」：在中药化学资料中，怎样核对来源鉴别、成分谱与批次关系，分开“作用相关变化”与“暴露、选择或背景差异”？","true","false","","direction-owned-direction-case"
"chinese-materia-medica-5","chinese-materia-medica","traditional","研究对象、观察窗口与资料比较条件","中药分析资料研究档案：来源鉴别、成分差异与作用资料；来源、暴露及作用层次的分别资料；原典术语、来源鉴别和现代评价定义。需对照的具体条目：输入假设、测量或推导链与不确定性","「中药分析资料」：在中药分析资料中，怎样核对输入假设、测量或推导链与不确定性，分开“作用相关变化”与“暴露、选择或背景差异”？","true","false","","direction-owned-direction-case"
"chinese-materia-medica-6","chinese-materia-medica","traditional","模型或使用情境、暴露记录与解释","中药药理资料研究档案：来源鉴别、成分差异与作用资料；来源、暴露及作用层次的分别资料；原典术语、来源鉴别和现代评价定义；不同层次的读数、背景条件和相反趋势。需对照中药来源与成分中的定义、对象索引与适用条件","「中药药理资料」：在中药药理资料中，怎样核对来源鉴别、成分差异与作用资料，分开“作用相关变化”与“暴露、选择或背景差异”？ 各层次读数是否在回答同一个问题？","true","false","","direction-owned-direction-case"
"chinese-materia-medica-7","chinese-materia-medica","traditional","研究对象、观察窗口与资料比较条件","中药制剂资料研究档案：来源鉴别、成分差异与作用资料；来源、暴露及作用层次的分别资料；原典术语、来源鉴别和现代评价定义。需对照的具体条目：制剂版本、质量条目与使用情境","「中药制剂资料」：在中药制剂资料中，怎样核对制剂版本、质量条目与使用情境，分开“作用相关变化”与“暴露、选择或背景差异”？","true","false","","direction-owned-direction-case"
"chinese-materia-medica-8","chinese-materia-medica","traditional","研究对象、观察窗口与资料比较条件","中药质量评价研究档案：来源鉴别、成分差异与作用资料；来源、暴露及作用层次的分别资料；原典术语、来源鉴别和现代评价定义；版本变更、异常记录和失败复核。需对照中药来源与成分中的定义、对象索引与适用条件","「中药质量评价」：在中药质量评价中，怎样核对来源鉴别、成分差异与作用资料，分开“作用相关变化”与“暴露、选择或背景差异”？ 所谓更可靠，是失败更少，还是失败更少被记下来？","true","false","","direction-owned-direction-case"
"chinese-materia-medica-9","chinese-materia-medica","traditional","入组范围、观察时间与未完成随访","中药使用结局研究档案：来源鉴别、成分差异与作用资料；来源、暴露及作用层次的分别资料；进入时点、结局定义和失访去向；进入资格、观察窗口和退出去向。需对照的具体条目：结局事件、观察起点与判定口径","「中药使用结局」：在中药使用结局中，怎样核对结局事件、观察起点与判定口径，分开“作用相关变化”与“暴露、选择或背景差异”？ 没进入后续记录的人，能否当成没有发生变化？","true","false","","direction-owned-direction-case"
"chinese-materia-medica-10","chinese-materia-medica","traditional","研究对象、观察窗口与资料比较条件","药材来源研究研究档案：来源鉴别、成分差异与作用资料；制剂或服务条件、实际暴露和使用历程。需对照中药来源与成分中的定义、对象索引与适用条件","「药材来源研究」：在药材来源研究中，怎样核对来源鉴别、成分差异与作用资料，分开“限定条件下暴露改变”与“使用或制剂条件改变”？","true","false","","direction-owned-direction-case"
"chinese-materia-medica-11","chinese-materia-medica","traditional","研究对象、观察窗口与资料比较条件","中药标准史研究档案：同时代记载与后期整理本的年代对照；相关领域文献对“来源鉴别、成分差异与作用资料”的用语与记录方式；同时代资料、后期整理和出处链。需对照中药来源与成分中的定义、对象索引与适用条件","「中药标准史」：在中药标准史中，怎样核对来源鉴别、成分差异与作用资料，分开“有出处的历史解释”与“整理或保存选择”？ 哪一层叙述来自当时，哪一层来自后来的整理？","true","false","","direction-owned-direction-case"
"chinese-materia-medica-12","chinese-materia-medica","traditional","研究对象、观察窗口与资料比较条件","中药资料复现研究档案：来源鉴别、成分差异与作用资料；来源、暴露及作用层次的分别资料；原典术语、来源鉴别和现代评价定义；版本变更、异常记录和失败复核。需对照的具体条目：原始版本、偏离记录与失败尝试","「中药资料复现」：在中药资料复现中，怎样核对原始版本、偏离记录与失败尝试，分开“作用相关变化”与“暴露、选择或背景差异”？ 所谓更可靠，是失败更少，还是失败更少被记下来？","true","false","","direction-owned-direction-case"
"integrated-medicine-1","integrated-medicine","traditional","研究对象、观察窗口与资料比较条件","中西医结合理论研究档案：两类理论术语、比较设计与患者结局；术语定义、资料出处和可支持推断。需对照的具体条目：两类术语、理论前提与桥接理由","「中西医结合理论」：在中西医结合理论中，怎样核对两类术语、理论前提与桥接理由，分开“有来源的限定解释”与“术语或证据层次混同”？","true","false","","direction-owned-direction-case"
"integrated-medicine-2","integrated-medicine","traditional","研究对象、观察窗口与资料比较条件","结合医学设计研究档案：两类理论术语、比较设计与患者结局；术语定义、资料出处和可支持推断；任务路径、迭代版本和错误恢复记录。需对照结合评价与证据层次中的定义、对象索引与适用条件","「结合医学设计」：在结合医学设计中，怎样核对两类理论术语、比较设计与患者结局，分开“有来源的限定解释”与“术语或证据层次混同”？ 这次变好是设计改进，还是使用者得到更多帮助？","true","false","","direction-owned-direction-case"
"integrated-medicine-3","integrated-medicine","traditional","入组范围、观察时间与未完成随访","结合医学临床结局研究档案：两类理论术语、比较设计与患者结局；进入时点、结局定义和失访去向；术语定义、资料出处和可支持推断；进入资格、观察窗口和退出去向。需对照的具体条目：结局事件、观察起点与判定口径","「结合医学临床结局」：在结合医学临床结局中，怎样核对结局事件、观察起点与判定口径，分开“真实结局差异”与“随访机会差异”？ 没进入后续记录的人，能否当成没有发生变化？","true","false","","direction-owned-direction-case"
"integrated-medicine-4","integrated-medicine","traditional","测量口径、平台或读者差异","证候一致性研究档案：两类理论术语、比较设计与患者结局；原典术语、来源鉴别和现代评价定义。需对照的具体条目：成对记录、判读分歧与总体口径；术语版本、辨识一致性与对象背景","「证候一致性」：在证候一致性中，怎样核对成对记录、判读分歧与总体口径，分开“可检查的比较证据”与“概念或来源混同”？","true","false","","direction-owned-direction-case"
"integrated-medicine-5","integrated-medicine","traditional","研究对象、观察窗口与资料比较条件","多种照护记录研究档案：两类理论术语、比较设计与患者结局；计划、实施与患者本人或代理报告。需对照的具体条目：实施时间线、交接信息与本人报告","「多种照护记录」：在多种照护记录中，怎样核对实施时间线、交接信息与本人报告，分开“照护实际改变”与“登记或报告者差异”？","true","false","","direction-owned-direction-case"
"integrated-medicine-6","integrated-medicine","traditional","入组范围、观察时间与未完成随访","患者报告结局研究档案：两类理论术语、比较设计与患者结局；进入时点、结局定义和失访去向；条目版本、填答者和缺失项；进入资格、观察窗口和退出去向。需对照的具体条目：结局事件、观察起点与判定口径","「患者报告结局」：在患者报告结局中，怎样核对结局事件、观察起点与判定口径，分开“真实结局差异”与“随访机会差异”？ 没进入后续记录的人，能否当成没有发生变化？","true","false","","direction-owned-direction-case"
"integrated-medicine-7","integrated-medicine","traditional","测量含义、填答者与时间窗口","康复与生活质量研究档案：两类理论术语、比较设计与患者结局；测试能力、生活活动与环境支持；条目版本、填答者和缺失项；版本变更、异常记录和失败复核。需对照结合评价与证据层次中的定义、对象索引与适用条件","「康复与生活质量」：在康复与生活质量中，怎样核对两类理论术语、比较设计与患者结局，分开“能力改善”与“环境或支持变化”？ 所谓更可靠，是失败更少，还是失败更少被记下来？","true","false","","direction-owned-direction-case"
"integrated-medicine-8","integrated-medicine","traditional","研究对象、观察窗口与资料比较条件","研究指标对应研究档案：两类理论术语、比较设计与患者结局；术语定义、资料出处和可支持推断。需对照的具体条目：指标定义、对象层次与对应假设","「研究指标对应」：在研究指标对应中，怎样核对指标定义、对象层次与对应假设，分开“有来源的限定解释”与“术语或证据层次混同”？","true","false","","direction-owned-direction-case"
"integrated-medicine-9","integrated-medicine","traditional","出处、整理版本与术语语境","结合医学文献研究档案：逐页出处、底本差异和缺页索引；相关领域文献对“两类理论术语、比较设计与患者结局”的用语与记录方式；术语定义、资料出处和可支持推断。需对照结合评价与证据层次中的定义、对象索引与适用条件","「结合医学文献」：在结合医学文献中，怎样核对两类理论术语、比较设计与患者结局，分开“有来源的限定解释”与“术语或证据层次混同”？ 这个说法在原材料的哪一页，另一版本为何不同？","true","false","","direction-owned-direction-case"
"integrated-medicine-10","integrated-medicine","traditional","研究对象、观察窗口与资料比较条件","解释边界研究研究档案：两类理论术语、比较设计与患者结局；术语定义、资料出处和可支持推断。需对照的具体条目：支持范围、未决问题与不可外推处","「解释边界研究」：在解释边界研究中，怎样核对支持范围、未决问题与不可外推处，分开“有来源的限定解释”与“术语或证据层次混同”？","true","false","","direction-owned-direction-case"
"integrated-medicine-11","integrated-medicine","traditional","入组范围、观察时间与未完成随访","长期随访质量研究档案：两类理论术语、比较设计与患者结局；进入时点、结局定义和失访去向；进入资格、观察窗口和退出去向。需对照结合评价与证据层次中的定义、对象索引与适用条件","「长期随访质量」：在长期随访质量中，怎样核对两类理论术语、比较设计与患者结局，分开“真实结局差异”与“随访机会差异”？ 没进入后续记录的人，能否当成没有发生变化？","true","false","","direction-owned-direction-case"
"integrated-medicine-12","integrated-medicine","education","研究对象、观察窗口与资料比较条件","结合医学教学研究档案：教学任务、学生作答与撤去帮助后的新题；相关领域文献对“两类理论术语、比较设计与患者结局”的用语与记录方式；任务目标、辅助条件和延迟表现。需对照的具体条目：目标任务、辅助条件与延迟迁移","「结合医学教学」：在结合医学教学中，怎样核对目标任务、辅助条件与延迟迁移，分开“独立学习改善”与“辅助或练习效应”？ 当场做对与真正能迁移，材料分别支持哪一个？","true","false","","direction-owned-direction-case"
"special-medicine-1","special-medicine","population","研究对象、观察窗口与资料比较条件","航空航天健康资料研究档案：环境负荷、暴露阶段与功能表现；环境阶段、适应历程和任务负荷。需对照的具体条目：气压背景、任务负荷与适应阶段","「航空航天健康资料」：在航空航天健康资料中，怎样核对气压背景、任务负荷与适应阶段，分开“适应过程差异”与“暴露阶段或任务变化”？","true","false","","direction-owned-direction-case"
"special-medicine-2","special-medicine","population","研究对象、观察窗口与资料比较条件","环境适应资料研究档案：环境负荷、暴露阶段与功能表现；目标人群、进入机制和暴露窗口；环境阶段、适应历程和任务负荷。需对照的具体条目：支持需要、实际参与与环境障碍","「环境适应资料」：在环境适应资料中，怎样核对支持需要、实际参与与环境障碍，分开“目标人群的真实变化”与“进入资料的机会变化”？","true","false","","direction-owned-direction-case"
"special-medicine-3","special-medicine","population","研究对象、观察窗口与资料比较条件","航海健康资料研究档案：环境负荷、暴露阶段与功能表现；环境暴露阶段、任务负荷和适应状态。需对照的具体条目：海上环境、任务周期与适应状态","「航海健康资料」：在航海健康资料中，怎样核对海上环境、任务周期与适应状态，分开“适应或功能改变”与“暴露历程差异”？","true","false","","direction-owned-direction-case"
"special-medicine-4","special-medicine","population","研究对象、观察窗口与资料比较条件","高原健康资料研究档案：环境负荷、暴露阶段与功能表现；环境阶段、适应历程和任务负荷。需对照的具体条目：海拔背景、暴露历程与功能状态","「高原健康资料」：在高原健康资料中，怎样核对海拔背景、暴露历程与功能状态，分开“适应过程差异”与“暴露阶段或任务变化”？","true","false","","direction-owned-direction-case"
"special-medicine-5","special-medicine","population","研究对象、观察窗口与资料比较条件","运动环境与健康研究档案：环境负荷、暴露阶段与功能表现；训练暴露、恢复阶段和任务表现；目标人群、进入机制和暴露窗口。需对照的具体条目：训练暴露、恢复阶段与测试熟悉","「运动环境与健康」：在运动环境与健康中，怎样核对训练暴露、恢复阶段与测试熟悉，分开“可迁移训练收益”与“熟悉或恢复差异”？","true","false","","direction-owned-direction-case"
"special-medicine-6","special-medicine","population","测量含义、填答者与时间窗口","极端环境体验研究档案：环境负荷、暴露阶段与功能表现；条目版本、填答者和缺失项；目标人群、进入机制和暴露窗口。需对照特殊环境与适应中的定义、对象索引与适用条件","「极端环境体验」：在极端环境体验中，怎样核对环境负荷、暴露阶段与功能表现，分开“体验实际变化”与“报告者或条目变化”？","true","false","","direction-owned-direction-case"
"special-medicine-7","special-medicine","population","研究对象、观察窗口与资料比较条件","放射健康资料研究档案：环境负荷、暴露阶段与功能表现；环境暴露阶段、任务负荷和适应状态。需对照的具体条目：暴露口径、时间历程与健康评价","「放射健康资料」：在放射健康资料中，怎样核对暴露口径、时间历程与健康评价，分开“适应或功能改变”与“暴露历程差异”？","true","false","","direction-owned-direction-case"
"special-medicine-8","special-medicine","population","研究对象、观察窗口与资料比较条件","职业健康记录研究档案：环境负荷、暴露阶段与功能表现；目标人群、进入机制和暴露窗口。需对照的具体条目：进入退出、工时与收入分布","「职业健康记录」：在职业健康记录中，怎样核对进入退出、工时与收入分布，分开“目标人群的真实变化”与“进入资料的机会变化”？","true","false","","direction-owned-direction-case"
"special-medicine-9","special-medicine","population","测量口径、平台或读者差异","环境测量质量研究档案：环境负荷、暴露阶段与功能表现；目标人群、进入机制和暴露窗口；参考依据、重复读数和误差分项。需对照特殊环境与适应中的定义、对象索引与适用条件","「环境测量质量」：在环境测量质量中，怎样核对环境负荷、暴露阶段与功能表现，分开“目标人群的真实变化”与“进入资料的机会变化”？ 读数差异来自被测对象，还是测量链的变化？","true","false","","direction-owned-direction-case"
"special-medicine-10","special-medicine","population","入组范围、观察时间与未完成随访","特种环境随访研究档案：环境负荷、暴露阶段与功能表现；进入时点、结局定义和失访去向；目标人群、进入机制和暴露窗口；进入资格、观察窗口和退出去向。需对照特殊环境与适应中的定义、对象索引与适用条件","「特种环境随访」：在特种环境随访中，怎样核对环境负荷、暴露阶段与功能表现，分开“真实结局差异”与“随访机会差异”？ 没进入后续记录的人，能否当成没有发生变化？","true","false","","direction-owned-direction-case"
"special-medicine-11","special-medicine","population","目标、执行层次与受益差异","健康服务评价研究档案：环境负荷、暴露阶段与功能表现；需求、服务资格和未进入服务者。需对照的具体条目：服务资格、实际交付与未获服务者","「健康服务评价」：在健康服务评价中，怎样核对服务资格、实际交付与未获服务者，分开“需求得到满足”与“门槛或登记改变”？","true","false","","direction-owned-direction-case"
"special-medicine-12","special-medicine","population","研究对象、观察窗口与资料比较条件","特种医学史研究档案：同时代记载与后期整理本的年代对照；相关领域文献对“环境负荷、暴露阶段与功能表现”的用语与记录方式；同时代资料、后期整理和出处链。需对照特殊环境与适应中的定义、对象索引与适用条件","「特种医学史」：在特种医学史中，怎样核对环境负荷、暴露阶段与功能表现，分开“有出处的历史解释”与“整理或保存选择”？ 哪一层叙述来自当时，哪一层来自后来的整理？","true","false","","direction-owned-direction-case"
"medical-technology-1","medical-technology","imaging","对象内重复、平台版本与图像质量","医学影像技术研究档案：技术版本、测量性能与实际使用；个体索引、图像条件和判读分歧；设备版本、使用任务和错误恢复。需对照的具体条目：工具版本、使用任务与适用承诺；来源索引、采集条件与判读分歧","「医学影像技术」：在医学影像技术中，怎样核对工具版本、使用任务与适用承诺，分开“可重复的影像变化”与“采集或判读变化”？","true","false","","direction-owned-direction-case"
"medical-technology-2","medical-technology","imaging","测量口径、平台或读者差异","医学检验技术研究档案：技术版本、测量性能与实际使用；目标人群、参考标准和阳性去向；设备版本、使用任务和错误恢复。需对照的具体条目：工具版本、使用任务与适用承诺","「医学检验技术」：在医学检验技术中，怎样核对工具版本、使用任务与适用承诺，分开“可用诊断信息”与“谱差异或提前诊断”？","true","false","","direction-owned-direction-case"
"medical-technology-3","medical-technology","rehab","阶段、生活条件与功能或体验变化","康复治疗技术研究档案：技术版本、测量性能与实际使用；测试能力、生活活动与环境支持；设备版本、使用任务和错误恢复。需对照的具体条目：工具版本、使用任务与适用承诺","「康复治疗技术」：在康复治疗技术中，怎样核对工具版本、使用任务与适用承诺，分开“能力改善”与“环境或支持变化”？","true","false","","direction-owned-direction-case"
"medical-technology-4","medical-technology","medical-device","研究对象、观察窗口与资料比较条件","听觉与言语技术研究档案：技术版本、测量性能与实际使用；感知阈值、沟通任务及平衡表现；设备版本、使用任务和错误恢复。需对照的具体条目：听觉任务、环境噪声与交流负担；工具版本、使用任务与适用承诺","「听觉与言语技术」：在听觉与言语技术中，怎样核对听觉任务、环境噪声与交流负担，分开“感知能力变化”与“任务负荷与环境差异”？","true","false","","direction-owned-direction-case"
"medical-technology-5","medical-technology","sensory","研究对象、观察窗口与资料比较条件","眼视光技术研究档案：技术版本、测量性能与实际使用；视野、视力及视觉任务的分别登记；设备版本、使用任务和错误恢复。需对照的具体条目：工具版本、使用任务与适用承诺","「眼视光技术」：在眼视光技术中，怎样核对工具版本、使用任务与适用承诺，分开“光学或结构变化”与“任务及知觉条件”？","true","false","","direction-owned-direction-case"
"medical-technology-6","medical-technology","oral","研究对象、观察窗口与资料比较条件","口腔技术资料研究档案：技术版本、测量性能与实际使用；设备版本、使用任务和错误恢复；局部结构、口腔功能和生活体验。需对照的具体条目：局部状态、咀嚼或发音与生活负担；工具版本、使用任务与适用承诺","「口腔技术资料」：在口腔技术资料中，怎样核对局部状态、咀嚼或发音与生活负担，分开“任务表现改善”与“使用环境或版本变化”？","true","false","","direction-owned-direction-case"
"medical-technology-7","medical-technology","imaging","测量口径、平台或读者差异","病理技术资料研究档案：技术版本、测量性能与实际使用；结构定位、组织层次与判读条件；细胞组成、功能层次和独立来源；不同层次的读数、背景条件和相反趋势。需对照的具体条目：工具版本、使用任务与适用承诺","「病理技术资料」：在病理技术资料中，怎样核对工具版本、使用任务与适用承诺，分开“局部真实差异”与“取样位置或判读差异”？ 各层次读数是否在回答同一个问题？","true","false","","direction-owned-direction-case"
"medical-technology-8","medical-technology","rehab","研究对象、观察窗口与资料比较条件","辅助器具评价研究档案：技术版本、测量性能与实际使用；服务需求、资源容量和实际任务。需对照医疗技术与任务可靠性中的定义、对象索引与适用条件","「辅助器具评价」：在辅助器具评价中，怎样核对技术版本、测量性能与实际使用，分开“交付能力改善”与“需求或记录构成改变”？","true","false","","direction-owned-direction-case"
"medical-technology-9","medical-technology","medical-device","研究对象、观察窗口与资料比较条件","医学技术质控研究档案：技术版本、测量性能与实际使用；设备版本、使用任务和错误恢复；版本变更、异常记录和失败复核。需对照的具体条目：工具版本、使用任务与适用承诺","「医学技术质控」：在医学技术质控中，怎样核对工具版本、使用任务与适用承诺，分开“任务表现改善”与“使用环境或版本变化”？ 所谓更可靠，是失败更少，还是失败更少被记下来？","true","false","","direction-owned-direction-case"
"medical-technology-10","medical-technology","medical-device","研究对象、观察窗口与资料比较条件","技术使用反馈研究档案：技术版本、测量性能与实际使用；任务目标、辅助条件和延迟表现；设备版本、使用任务和错误恢复。需对照的具体条目：工具版本、使用任务与适用承诺","「技术使用反馈」：在技术使用反馈中，怎样核对工具版本、使用任务与适用承诺，分开“独立学习改善”与“辅助或练习效应”？","true","false","","direction-owned-direction-case"
"medical-technology-11","medical-technology","education","研究对象、观察窗口与资料比较条件","技术教育研究研究档案：教学任务、学生作答与撤去帮助后的新题；相关领域文献对“技术版本、测量性能与实际使用”的用语与记录方式；任务目标、辅助条件和延迟表现。需对照的具体条目：工具版本、使用任务与适用承诺","「技术教育研究」：在技术教育研究中，怎样核对工具版本、使用任务与适用承诺，分开“独立学习改善”与“辅助或练习效应”？ 当场做对与真正能迁移，材料分别支持哪一个？","true","false","","direction-owned-direction-case"
"medical-technology-12","medical-technology","medical-device","原型版本、使用任务与失败反馈","设备与软件版本研究档案：技术版本、测量性能与实际使用；版本规则、对象索引和使用任务；服务需求、资源容量和实际任务。需对照的具体条目：输入契约、依赖版本与错误复现；底本出处、修订层次与引用位置","「设备与软件版本」：在设备与软件版本中，怎样核对输入契约、依赖版本与错误复现，分开“对象信息改善”与“格式或版本改变”？","true","false","","direction-owned-direction-case"
"metaphysics-1","metaphysics","ontology","概念承诺、论证前提与反例","存在论研究档案：对象同一性、性质归属与模态案例；概念定义、论证前提和反例条件。需对照的具体条目：存在承诺、量词用法与对象分类","「存在论」：在存在论中，怎样核对存在承诺、量词用法与对象分类，分开“前提内的支持”与“改变前提后的反对”？","true","false","modal","direction-owned-direction-case"
"metaphysics-2","metaphysics","ontology","概念承诺、论证前提与反例","模态问题研究档案：对象同一性、性质归属与模态案例；概念定义、论证前提和反例条件。需对照的具体条目：可及关系、量词范围与反例条件","「模态问题」：在模态问题中，怎样核对可及关系、量词范围与反例条件，分开“前提内的支持”与“改变前提后的反对”？","true","false","modal","direction-owned-direction-case"
"metaphysics-3","metaphysics","ontology","概念承诺、论证前提与反例","时间哲学研究档案：对象同一性、性质归属与模态案例；概念定义、论证前提和反例条件；时间戳、状态阶段和变化前后的并列记录。需对照的具体条目：先后关系、持续判断与时间立场","「时间哲学」：在时间哲学中，怎样核对先后关系、持续判断与时间立场，分开“前提内的支持”与“改变前提后的反对”？ 变化先后关系是否与提出的解释相符？","true","false","","direction-owned-direction-case"
"metaphysics-4","metaphysics","ontology","概念承诺、论证前提与反例","因果概念研究档案：对象同一性、性质归属与模态案例；对象域、解或语义条件和反例；主张结构、经验例子和反对理由；比较资格、干预前趋势和同期冲击。需对照的具体条目：目标比较、干预起点与选择机制","「因果概念」：在因果概念中，怎样核对目标比较、干预起点与选择机制，分开“定义下成立的性质”与“定义或条件被改变”？ 这项差异在干预之前是否已经存在？","true","false","","direction-owned-direction-case"
"metaphysics-5","metaphysics","ontology","概念承诺、论证前提与反例","对象同一性研究档案：对象同一性、性质归属与模态案例；概念定义、论证前提和反例条件。需对照存在、属性与持续中的定义、对象索引与适用条件","「对象同一性」：在对象同一性中，怎样核对对象同一性、性质归属与模态案例，分开“前提内的支持”与“改变前提后的反对”？","true","false","","direction-owned-direction-case"
"metaphysics-6","metaphysics","ontology","概念承诺、论证前提与反例","属性理论研究档案：对象同一性、性质归属与模态案例；概念定义、论证前提和反例条件。需对照的具体条目：属性归属、共相问题与个体差异","「属性理论」：在属性理论中，怎样核对属性归属、共相问题与个体差异，分开“前提内的支持”与“改变前提后的反对”？","true","false","","direction-owned-direction-case"
"metaphysics-7","metaphysics","ontology","概念承诺、论证前提与反例","可能世界研究档案：对象同一性、性质归属与模态案例；概念定义、论证前提和反例条件。需对照的具体条目：可及关系、量词范围与反例条件；跨区域联结、地方时序与资料语言","「可能世界」：在可能世界中，怎样核对可及关系、量词范围与反例条件，分开“前提内的支持”与“改变前提后的反对”？","true","false","modal","direction-owned-direction-case"
"metaphysics-8","metaphysics","mind","概念承诺、论证前提与反例","身心问题研究档案：对象同一性、性质归属与模态案例；概念定义、论证前提和反例条件。需对照的具体条目：心身概念、依赖关系与解释立场","「身心问题」：在身心问题中，怎样核对心身概念、依赖关系与解释立场，分开“前提内的支持”与“改变前提后的反对”？","true","false","","direction-owned-direction-case"
"metaphysics-9","metaphysics","ontology","概念承诺、论证前提与反例","社会本体论研究档案：对象同一性、性质归属与模态案例；概念定义、论证前提和反例条件。需对照的具体条目：集体意向、制度事实与角色依赖","「社会本体论」：在社会本体论中，怎样核对集体意向、制度事实与角色依赖，分开“前提内的支持”与“改变前提后的反对”？","true","false","","direction-owned-direction-case"
"metaphysics-10","metaphysics","ontology","概念承诺、论证前提与反例","过程哲学研究档案：对象同一性、性质归属与模态案例；概念定义、论证前提和反例条件；时间戳、状态阶段和变化前后的并列记录。需对照的具体条目：过程单位、变化关系与对象持续","「过程哲学」：在过程哲学中，怎样核对过程单位、变化关系与对象持续，分开“前提内的支持”与“改变前提后的反对”？ 变化先后关系是否与提出的解释相符？","true","false","","direction-owned-direction-case"
"metaphysics-11","metaphysics","ontology","概念承诺、论证前提与反例","分析形而上学研究档案：对象同一性、性质归属与模态案例；对象域、解或语义条件和反例；主张结构、经验例子和反对理由。需对照的具体条目：输入假设、测量或推导链与不确定性","「分析形而上学」：在分析形而上学中，怎样核对输入假设、测量或推导链与不确定性，分开“定义下成立的性质”与“定义或条件被改变”？","true","false","modal","direction-owned-direction-case"
"metaphysics-12","metaphysics","ontology","概念承诺、论证前提与反例","传统形而上学研究档案：同时代记载与后期整理本的年代对照；相关领域文献对“对象同一性、性质归属与模态案例”的用语与记录方式；年代、出处和同时代对照；主张结构、经验例子和反对理由。需对照存在、属性与持续中的定义、对象索引与适用条件","「传统形而上学」：在传统形而上学中，怎样核对对象同一性、性质归属与模态案例，分开“当时制度或实践”与“后来的回忆或分类”？ 哪一层叙述来自当时，哪一层来自后来的整理？","true","false","modal","direction-owned-direction-case"
"epistemology-1","epistemology","epistemic","知识主张的依据与适用条件","知识分析研究档案：认识理由、理论证据与反例结构；概念定义、论证前提和反例条件。需对照的具体条目：输入假设、测量或推导链与不确定性","「知识分析」：在知识分析中，怎样核对输入假设、测量或推导链与不确定性，分开“前提内的支持”与“改变前提后的反对”？","true","false","epistemology","direction-owned-direction-case"
"epistemology-2","epistemology","epistemic","知识主张的依据与适用条件","怀疑论研究档案：认识理由、理论证据与反例结构；概念定义、论证前提和反例条件。需对照的具体条目：怀疑场景、认识标准与回应条件","「怀疑论」：在怀疑论中，怎样核对怀疑场景、认识标准与回应条件，分开“前提内的支持”与“改变前提后的反对”？","true","false","epistemology","direction-owned-direction-case"
"epistemology-3","epistemology","epistemic","知识主张的依据与适用条件","证成理论研究档案：认识理由、理论证据与反例结构；概念定义、论证前提和反例条件。需对照的具体条目：主张、理由与来源依赖；理由结构、可靠性条件与反驳者","「证成理论」：在证成理论中，怎样核对理由结构、可靠性条件与反驳者，分开“前提内的支持”与“改变前提后的反对”？","true","false","","direction-owned-direction-case"
"epistemology-4","epistemology","epistemic","知识主张的依据与适用条件","社会认识论研究档案：认识理由、理论证据与反例结构；概念定义、论证前提和反例条件。需对照的具体条目：主张、理由与来源依赖；知识分工、来源依赖与集体判断","「社会认识论」：在社会认识论中，怎样核对知识分工、来源依赖与集体判断，分开“前提内的支持”与“改变前提后的反对”？","true","false","epistemology","direction-owned-direction-case"
"epistemology-5","epistemology","epistemic","知识主张的依据与适用条件","科学解释研究档案：关键段落、话语位置和相反解释；相关领域文献对“认识理由、理论证据与反例结构”的用语与记录方式；概念定义、论证前提和反例条件。需对照知识与科学解释中的定义、对象索引与适用条件","「科学解释」：在科学解释中，怎样核对认识理由、理论证据与反例结构，分开“前提内的支持”与“改变前提后的反对”？ 这段材料支持哪种解释，又抵触哪种解释？","true","false","","direction-owned-direction-case"
"epistemology-6","epistemology","epistemic","知识主张的依据与适用条件","科学实在论研究档案：认识理由、理论证据与反例结构；概念定义、论证前提和反例条件。需对照的具体条目：不可观察对象、理论承诺与经验成功","「科学实在论」：在科学实在论中，怎样核对不可观察对象、理论承诺与经验成功，分开“前提内的支持”与“改变前提后的反对”？","true","false","","direction-owned-direction-case"
"epistemology-7","epistemology","epistemic","知识主张的依据与适用条件","归纳问题研究档案：认识理由、理论证据与反例结构；概念定义、论证前提和反例条件。需对照的具体条目：已观察实例、投射属性与推理依据","「归纳问题」：在归纳问题中，怎样核对已观察实例、投射属性与推理依据，分开“前提内的支持”与“改变前提后的反对”？","true","false","","direction-owned-direction-case"
"epistemology-8","epistemology","epistemic","知识主张的依据与适用条件","模型与理想化研究档案：认识理由、理论证据与反例结构；主张结构、经验例子和反对理由。需对照知识与科学解释中的定义、对象索引与适用条件","「模型与理想化」：在模型与理想化中，怎样核对认识理由、理论证据与反例结构，分开“可回应反对的理由”与“例子直觉的外推”？","true","false","","direction-owned-direction-case"
"epistemology-9","epistemology","epistemic","知识主张的依据与适用条件","测量哲学研究档案：关键段落、话语位置和相反解释；相关领域文献对“认识理由、理论证据与反例结构”的用语与记录方式；概念定义、论证前提和反例条件。需对照知识与科学解释中的定义、对象索引与适用条件","「测量哲学」：在测量哲学中，怎样核对认识理由、理论证据与反例结构，分开“前提内的支持”与“改变前提后的反对”？ 这段材料支持哪种解释，又抵触哪种解释？","true","false","","direction-owned-direction-case"
"epistemology-10","epistemology","epistemic","知识主张的依据与适用条件","专家知识研究档案：认识理由、理论证据与反例结构；概念定义、论证前提和反例条件。需对照的具体条目：专业分工、可靠性理由与意见依赖","「专家知识」：在专家知识中，怎样核对专业分工、可靠性理由与意见依赖，分开“前提内的支持”与“改变前提后的反对”？","true","false","epistemology","direction-owned-direction-case"
"epistemology-11","epistemology","epistemic","知识主张的依据与适用条件","证言研究研究档案：认识理由、理论证据与反例结构；概念定义、论证前提和反例条件。需对照的具体条目：主张、理由与来源依赖；说话者资格、听者理由与传播链","「证言研究」：在证言研究中，怎样核对主张、理由与来源依赖，分开“前提内的支持”与“改变前提后的反对”？","true","false","epistemology","direction-owned-direction-case"
"epistemology-12","epistemology","epistemic","知识主张的依据与适用条件","技术知识研究档案：认识理由、理论证据与反例结构；概念定义、论证前提和反例条件。需对照的具体条目：工具版本、使用任务与适用承诺","「技术知识」：在技术知识中，怎样核对工具版本、使用任务与适用承诺，分开“前提内的支持”与“改变前提后的反对”？","true","false","epistemology","direction-owned-direction-case"
"logic-studies-1","logic-studies","logic","形式语言、推理规则与语义条件","数理逻辑研究档案：公式、模型语义与推导规则；定义域、必要假设和反例。需对照的具体条目：形式语言、语义模型与演算规则","「数理逻辑」：在数理逻辑中，怎样核对形式语言、语义模型与演算规则，分开“假设支持的推导”与“超出定义域的结论”？","true","false","","direction-owned-direction-case"
"logic-studies-2","logic-studies","logic","形式语言、推理规则与语义条件","哲学逻辑研究档案：关键段落、话语位置和相反解释；相关领域文献对“公式、模型语义与推导规则”的用语与记录方式；概念定义、论证前提和反例条件。需对照形式语言与推导中的定义、对象索引与适用条件","「哲学逻辑」：在哲学逻辑中，怎样核对公式、模型语义与推导规则，分开“前提内的支持”与“改变前提后的反对”？ 这段材料支持哪种解释，又抵触哪种解释？","true","false","","direction-owned-direction-case"
"logic-studies-3","logic-studies","ontology","形式语言、推理规则与语义条件","模态逻辑研究档案：公式、模型语义与推导规则；定义域、必要假设和反例；概念定义、论证前提和反例条件。需对照的具体条目：可及关系、量词范围与反例条件","「模态逻辑」：在模态逻辑中，怎样核对可及关系、量词范围与反例条件，分开“假设支持的推导”与“超出定义域的结论”？","true","false","","direction-owned-direction-case"
"logic-studies-4","logic-studies","logic","形式语言、推理规则与语义条件","非经典逻辑研究档案：公式、模型语义与推导规则；定义域、必要假设和反例；底本出处、异文位置和编订层次。需对照形式语言与推导中的定义、对象索引与适用条件","「非经典逻辑」：在非经典逻辑中，怎样核对公式、模型语义与推导规则，分开“假设支持的推导”与“超出定义域的结论”？","true","false","","direction-owned-direction-case"
"logic-studies-5","logic-studies","logic","形式语言、推理规则与语义条件","论证理论研究档案：关键段落、话语位置和相反解释；相关领域文献对“公式、模型语义与推导规则”的用语与记录方式；主张结构、经验例子和反对理由。需对照形式语言与推导中的定义、对象索引与适用条件","「论证理论」：在论证理论中，怎样核对公式、模型语义与推导规则，分开“可回应反对的理由”与“例子直觉的外推”？ 这段材料支持哪种解释，又抵触哪种解释？","true","false","","direction-owned-direction-case"
"logic-studies-6","logic-studies","logic","形式语言、推理规则与语义条件","逻辑史研究档案：同时代记载与后期整理本的年代对照；相关领域文献对“公式、模型语义与推导规则”的用语与记录方式；年代、出处和同时代对照；同时代资料、后期整理和出处链。需对照形式语言与推导中的定义、对象索引与适用条件","「逻辑史」：在逻辑史中，怎样核对公式、模型语义与推导规则，分开“当时制度或实践”与“后来的回忆或分类”？ 哪一层叙述来自当时，哪一层来自后来的整理？","true","false","","direction-owned-direction-case"
"logic-studies-7","logic-studies","logic","形式语言、推理规则与语义条件","语义理论研究档案：关键段落、话语位置和相反解释；相关领域文献对“公式、模型语义与推导规则”的用语与记录方式；主张结构、经验例子和反对理由。需对照的具体条目：表达形式、上下文与会话推论","「语义理论」：在语义理论中，怎样核对表达形式、上下文与会话推论，分开“可回应反对的理由”与“例子直觉的外推”？ 这段材料支持哪种解释，又抵触哪种解释？","true","false","","direction-owned-direction-case"
"logic-studies-8","logic-studies","logic","形式语言、推理规则与语义条件","证明理论研究档案：公式、模型语义与推导规则；定义域、必要假设和反例。需对照的具体条目：推导树、规则合法性与可证范围","「证明理论」：在证明理论中，怎样核对推导树、规则合法性与可证范围，分开“假设支持的推导”与“超出定义域的结论”？","true","false","","direction-owned-direction-case"
"logic-studies-9","logic-studies","logic","形式语言、推理规则与语义条件","模型论研究档案：公式、模型语义与推导规则；对象域、解或语义条件和反例；主张结构、经验例子和反对理由。需对照形式语言与推导中的定义、对象索引与适用条件","「模型论」：在模型论中，怎样核对公式、模型语义与推导规则，分开“定义下成立的性质”与“定义或条件被改变”？","true","false","","direction-owned-direction-case"
"logic-studies-10","logic-studies","logic","形式语言、推理规则与语义条件","计算逻辑研究档案：公式、模型语义与推导规则；定义域、必要假设和反例。需对照的具体条目：程序语义、计算步骤与判定问题","「计算逻辑」：在计算逻辑中，怎样核对程序语义、计算步骤与判定问题，分开“假设支持的推导”与“超出定义域的结论”？","true","false","","direction-owned-direction-case"
"logic-studies-11","logic-studies","logic","形式语言、推理规则与语义条件","规范逻辑研究档案：公式、模型语义与推导规则；定义域、必要假设和反例。需对照的具体条目：义务算子、许可条件与规范冲突","「规范逻辑」：在规范逻辑中，怎样核对义务算子、许可条件与规范冲突，分开“假设支持的推导”与“超出定义域的结论”？","true","false","","direction-owned-direction-case"
"logic-studies-12","logic-studies","education","形式语言、推理规则与语义条件","逻辑教育研究档案：教学任务、学生作答与撤去帮助后的新题；相关领域文献对“公式、模型语义与推导规则”的用语与记录方式；任务目标、辅助条件和延迟表现。需对照形式语言与推导中的定义、对象索引与适用条件","「逻辑教育」：在逻辑教育中，怎样核对公式、模型语义与推导规则，分开“独立学习改善”与“辅助或练习效应”？ 当场做对与真正能迁移，材料分别支持哪一个？","true","false","","direction-owned-direction-case"
"ethics-studies-1","ethics-studies","ethics","规范理由与经验陈述的区别","规范伦理研究档案：行动者理由、利益负担与提出异议的记录；相关领域文献对“价值前提、行动理由与责任条件”的用语与记录方式；受益负担、行动理由和申诉机会。需对照的具体条目：行动理由、受益负担与申诉机会；行动原则、冲突案例与理由权重","「规范伦理」：在规范伦理中，怎样核对行动原则、冲突案例与理由权重，分开“可辩护的规范理由”与“偏好数量代替理由”？ 谁承担了负担，现有理由怎样回应他的异议？","true","false","ethics","direction-owned-direction-case"
"ethics-studies-2","ethics-studies","ethics","规范理由与经验陈述的区别","元伦理研究档案：行动者理由、利益负担与提出异议的记录；相关领域文献对“价值前提、行动理由与责任条件”的用语与记录方式；受益负担、行动理由和申诉机会。需对照的具体条目：行动理由、受益负担与申诉机会；道德语言、真值立场与理由性质","「元伦理」：在元伦理中，怎样核对道德语言、真值立场与理由性质，分开“可辩护的规范理由”与“偏好数量代替理由”？ 谁承担了负担，现有理由怎样回应他的异议？","true","false","ethics","direction-owned-direction-case"
"ethics-studies-3","ethics-studies","ethics","规范理由与经验陈述的区别","应用伦理研究档案：行动者理由、利益负担与提出异议的记录；相关领域文献对“价值前提、行动理由与责任条件”的用语与记录方式；受益负担、行动理由和申诉机会。需对照的具体条目：行动理由、受益负担与申诉机会；使用任务、落地条件与实际反馈","「应用伦理」：在应用伦理中，怎样核对行动理由、受益负担与申诉机会，分开“可辩护的规范理由”与“偏好数量代替理由”？ 谁承担了负担，现有理由怎样回应他的异议？","true","false","ethics","direction-owned-direction-case"
"ethics-studies-4","ethics-studies","ethics","规范理由与经验陈述的区别","生命伦理研究档案：行动者理由、利益负担与提出异议的记录；相关领域文献对“价值前提、行动理由与责任条件”的用语与记录方式；受益负担、行动理由和申诉机会。需对照的具体条目：行动理由、受益负担与申诉机会；同意条件、生命利益与照护责任","「生命伦理」：在生命伦理中，怎样核对同意条件、生命利益与照护责任，分开“可辩护的规范理由”与“偏好数量代替理由”？ 谁承担了负担，现有理由怎样回应他的异议？","true","false","ethics","direction-owned-direction-case"
"ethics-studies-5","ethics-studies","ethics","规范理由与经验陈述的区别","技术伦理研究档案：行动者理由、利益负担与提出异议的记录；相关领域文献对“价值前提、行动理由与责任条件”的用语与记录方式；受益负担、行动理由和申诉机会。需对照的具体条目：行动理由、受益负担与申诉机会；工具版本、使用任务与适用承诺","「技术伦理」：在技术伦理中，怎样核对行动理由、受益负担与申诉机会，分开“可辩护的规范理由”与“偏好数量代替理由”？ 谁承担了负担，现有理由怎样回应他的异议？","true","false","ethics","direction-owned-direction-case"
"ethics-studies-6","ethics-studies","ethics","规范理由与经验陈述的区别","环境伦理研究档案：行动者理由、利益负担与提出异议的记录；相关领域文献对“价值前提、行动理由与责任条件”的用语与记录方式；受益负担、行动理由和申诉机会。需对照的具体条目：行动理由、受益负担与申诉机会；非人对象、代际影响与价值范围","「环境伦理」：在环境伦理中，怎样核对非人对象、代际影响与价值范围，分开“可辩护的规范理由”与“偏好数量代替理由”？ 谁承担了负担，现有理由怎样回应他的异议？","true","false","ethics","direction-owned-direction-case"
"ethics-studies-7","ethics-studies","ethics","规范理由与经验陈述的区别","职业伦理研究档案：行动者理由、利益负担与提出异议的记录；相关领域文献对“价值前提、行动理由与责任条件”的用语与记录方式；受益负担、行动理由和申诉机会。需对照的具体条目：进入退出、工时与收入分布；行动理由、受益负担与申诉机会","「职业伦理」：在职业伦理中，怎样核对进入退出、工时与收入分布，分开“可辩护的规范理由”与“偏好数量代替理由”？ 谁承担了负担，现有理由怎样回应他的异议？","true","false","ethics","direction-owned-direction-case"
"ethics-studies-8","ethics-studies","ethics","规范理由与经验陈述的区别","公共伦理研究档案：行动者理由、利益负担与提出异议的记录；相关领域文献对“价值前提、行动理由与责任条件”的用语与记录方式；受益负担、行动理由和申诉机会。需对照的具体条目：行动理由、受益负担与申诉机会；公共理由、利益分配与异议回应","「公共伦理」：在公共伦理中，怎样核对公共理由、利益分配与异议回应，分开“可辩护的规范理由”与“偏好数量代替理由”？ 谁承担了负担，现有理由怎样回应他的异议？","true","false","ethics","direction-owned-direction-case"
"ethics-studies-9","ethics-studies","ethics","规范理由与经验陈述的区别","道德心理哲学研究档案：关键段落、话语位置和相反解释；相关领域文献对“价值前提、行动理由与责任条件”的用语与记录方式；概念定义、论证前提和反例条件；受益负担、行动理由和申诉机会。需对照的具体条目：行动理由、受益负担与申诉机会；任务版本、状态条件与构念定义","「道德心理哲学」：在道德心理哲学中，怎样核对行动理由、受益负担与申诉机会，分开“前提内的支持”与“改变前提后的反对”？ 这段材料支持哪种解释，又抵触哪种解释？","true","false","ethics","direction-owned-direction-case"
"ethics-studies-10","ethics-studies","ethics","规范理由与经验陈述的区别","伦理思想史研究档案：同时代记载与后期整理本的年代对照；相关领域文献对“价值前提、行动理由与责任条件”的用语与记录方式；年代、出处和同时代对照；受益负担、行动理由和申诉机会。需对照的具体条目：行动理由、受益负担与申诉机会；概念用法、论争对象与传播时点","「伦理思想史」：在伦理思想史中，怎样核对概念用法、论争对象与传播时点，分开“当时制度或实践”与“后来的回忆或分类”？ 哪一层叙述来自当时，哪一层来自后来的整理？","true","false","ethics","direction-owned-direction-case"
"ethics-studies-11","ethics-studies","ethics","规范理由与经验陈述的区别","价值冲突研究档案：价值前提、行动理由与责任条件；受益负担、行动理由和申诉机会；计量单位、时间窗口和未计入的投入。需对照规范判断与责任中的定义、对象索引与适用条件","「价值冲突」：在价值冲突中，怎样核对价值前提、行动理由与责任条件，分开“可辩护的规范理由”与“偏好数量代替理由”？ 看起来更划算，是效率提高还是少算了投入？","true","false","ethics","direction-owned-direction-case"
"ethics-studies-12","ethics-studies","ethics","规范理由与经验陈述的区别","责任与行动研究档案：行动者理由、利益负担与提出异议的记录；相关领域文献对“价值前提、行动理由与责任条件”的用语与记录方式；受益负担、行动理由和申诉机会。需对照规范判断与责任中的定义、对象索引与适用条件","「责任与行动」：在责任与行动中，怎样核对价值前提、行动理由与责任条件，分开“可辩护的规范理由”与“偏好数量代替理由”？ 谁承担了负担，现有理由怎样回应他的异议？","true","false","","direction-owned-direction-case"
"religion-studies-1","religion-studies","religion","文本、实践与历史语境","宗教史研究档案：同时代记载与后期整理本的年代对照；相关领域文献对“经典版本、仪式场景与信众叙述”的用语与记录方式；年代、出处和同时代对照；原典用语、实践情境和注释传统。需对照的具体条目：原典用语、注释传统与实践情境","「宗教史」：在宗教史中，怎样核对原典用语、注释传统与实践情境，分开“当时制度或实践”与“后来的回忆或分类”？ 哪一层叙述来自当时，哪一层来自后来的整理？","true","false","concept-history","direction-owned-direction-case"
"religion-studies-2","religion-studies","religion","文本、实践与历史语境","宗教哲学研究档案：关键段落、话语位置和相反解释；相关领域文献对“经典版本、仪式场景与信众叙述”的用语与记录方式；概念定义、论证前提和反例条件；原典用语、实践情境和注释传统。需对照的具体条目：原典用语、注释传统与实践情境","「宗教哲学」：在宗教哲学中，怎样核对原典用语、注释传统与实践情境，分开“前提内的支持”与“改变前提后的反对”？ 这段材料支持哪种解释，又抵触哪种解释？","true","false","concept-history","direction-owned-direction-case"
"religion-studies-3","religion-studies","religion","文本、实践与历史语境","宗教社会学研究档案：关键段落、话语位置和相反解释；相关领域文献对“经典版本、仪式场景与信众叙述”的用语与记录方式；原典用语、实践情境和注释传统。需对照的具体条目：原典用语、注释传统与实践情境；社会角色、制度关系与实践分类","「宗教社会学」：在宗教社会学中，怎样核对社会角色、制度关系与实践分类，分开“原传统中的解释”与“现代概念投射”？ 这段材料支持哪种解释，又抵触哪种解释？","true","false","concept-history","direction-owned-direction-case"
"religion-studies-4","religion-studies","religion","文本、实践与历史语境","宗教人类学研究档案：逐轮对话、在场关系和沉默位置；相关领域文献对“经典版本、仪式场景与信众叙述”的用语与记录方式；交往位置、叙述轮次和观察情境；原典用语、实践情境和注释传统。需对照的具体条目：原典用语、注释传统与实践情境","「宗教人类学」：在宗教人类学中，怎样核对原典用语、注释传统与实践情境，分开“生活实践差异”与“互动或叙述情境差异”？ 对方在怎样的关系中说出这句话？","true","false","concept-history","direction-owned-direction-case"
"religion-studies-5","religion-studies","religion","文本、实践与历史语境","宗教文本研究档案：逐页出处、底本差异和缺页索引；相关领域文献对“经典版本、仪式场景与信众叙述”的用语与记录方式；底本出处、异文位置和编订层次；原典用语、实践情境和注释传统。需对照的具体条目：原典用语、注释传统与实践情境","「宗教文本」：在宗教文本中，怎样核对原典用语、注释传统与实践情境，分开“原始用法差异”与“编订或传承差异”？ 这个说法在原材料的哪一页，另一版本为何不同？","true","false","concept-history","direction-owned-direction-case"
"religion-studies-6","religion-studies","religion","文本、实践与历史语境","宗教艺术研究档案：关键段落、话语位置和相反解释；相关领域文献对“经典版本、仪式场景与信众叙述”的用语与记录方式；原典用语、实践情境和注释传统。需对照的具体条目：原典用语、注释传统与实践情境；宗教图像、礼仪语境与展示位置","「宗教艺术」：在宗教艺术中，怎样核对宗教图像、礼仪语境与展示位置，分开“原传统中的解释”与“现代概念投射”？ 这段材料支持哪种解释，又抵触哪种解释？","true","false","concept-history","direction-owned-direction-case"
"religion-studies-7","religion-studies","religion","文本、实践与历史语境","仪式研究研究档案：经典版本、仪式场景与信众叙述；原典用语、实践情境和注释传统。需对照宗教文本与实践中的定义、对象索引与适用条件","「仪式研究」：在仪式研究中，怎样核对经典版本、仪式场景与信众叙述，分开“原传统中的解释”与“现代概念投射”？","true","false","","direction-owned-direction-case"
"religion-studies-8","religion-studies","religion","文本、实践与历史语境","比较宗教研究档案：经典版本、仪式场景与信众叙述；原典用语、实践情境和注释传统；各方定义、资料来源和桥接规则。需对照的具体条目：原典用语、注释传统与实践情境","「比较宗教」：在比较宗教中，怎样核对原典用语、注释传统与实践情境，分开“原传统中的解释”与“现代概念投射”？ 名称相同是否真的意味着比较对象相同？","true","false","concept-history","direction-owned-direction-case"
"religion-studies-9","religion-studies","religion","文本、实践与历史语境","宗教与现代性研究档案：关键段落、话语位置和相反解释；相关领域文献对“经典版本、仪式场景与信众叙述”的用语与记录方式；年代、出处和同时代对照；原典用语、实践情境和注释传统。需对照的具体条目：原典用语、注释传统与实践情境；时期划分、制度变化与同时代用语","「宗教与现代性」：在宗教与现代性中，怎样核对原典用语、注释传统与实践情境，分开“当时制度或实践”与“后来的回忆或分类”？ 这段材料支持哪种解释，又抵触哪种解释？","true","false","concept-history","direction-owned-direction-case"
"religion-studies-10","religion-studies","religion","文本、实践与历史语境","宗教与地方社会研究档案：关键段落、话语位置和相反解释；相关领域文献对“经典版本、仪式场景与信众叙述”的用语与记录方式；交往位置、叙述轮次和观察情境；原典用语、实践情境和注释传统。需对照的具体条目：原典用语、注释传统与实践情境","「宗教与地方社会」：在宗教与地方社会中，怎样核对原典用语、注释传统与实践情境，分开“生活实践差异”与“互动或叙述情境差异”？ 这段材料支持哪种解释，又抵触哪种解释？","true","false","concept-history","direction-owned-direction-case"
"religion-studies-11","religion-studies","religion","文本、实践与历史语境","宗教与伦理研究档案：行动者理由、利益负担与提出异议的记录；相关领域文献对“经典版本、仪式场景与信众叙述”的用语与记录方式；受益负担、行动理由和申诉机会；原典用语、实践情境和注释传统。需对照的具体条目：行动理由、受益负担与申诉机会；原典用语、注释传统与实践情境","「宗教与伦理」：在宗教与伦理中，怎样核对行动理由、受益负担与申诉机会，分开“可辩护的规范理由”与“偏好数量代替理由”？ 谁承担了负担，现有理由怎样回应他的异议？","true","false","concept-history","direction-owned-direction-case"
"religion-studies-12","religion-studies","religion","文本、实践与历史语境","宗教数字资料研究档案：关键段落、话语位置和相反解释；相关领域文献对“经典版本、仪式场景与信众叙述”的用语与记录方式；原典用语、实践情境和注释传统。需对照的具体条目：原典用语、注释传统与实践情境；编码规则、平台入口与不可见记录","「宗教数字资料」：在宗教数字资料中，怎样核对原典用语、注释传统与实践情境，分开“原传统中的解释”与“现代概念投射”？ 这段材料支持哪种解释，又抵触哪种解释？","true","false","concept-history","direction-owned-direction-case"
"economic-theory-1","economic-theory","game-theory","模型均衡、假设与行为资料","微观理论研究档案：效用设定、策略选择与均衡条件；可得方案、行为反应和分配结果。需对照的具体条目：个体选择、预算约束与反事实方案","「微观理论」：在微观理论中，怎样核对个体选择、预算约束与反事实方案，分开“配置或分配变化”与“样本构成或机会变化”？","true","false","","direction-owned-direction-case"
"economic-theory-2","economic-theory","macro","模型均衡、假设与行为资料","宏观理论研究档案：效用设定、策略选择与均衡条件；可得方案、行为反应和分配结果。需对照的具体条目：总量口径、核算时期与部门联系","「宏观理论」：在宏观理论中，怎样核对总量口径、核算时期与部门联系，分开“配置或分配变化”与“样本构成或机会变化”？","true","false","","direction-owned-direction-case"
"economic-theory-3","economic-theory","game-theory","模型均衡、假设与行为资料","博弈论研究档案：效用设定、策略选择与均衡条件；可得方案、行为反应和分配结果。需对照偏好、均衡与行为中的定义、对象索引与适用条件","「博弈论」：在博弈论中，怎样核对效用设定、策略选择与均衡条件，分开“配置或分配变化”与“样本构成或机会变化”？","true","false","","direction-owned-direction-case"
"economic-theory-4","economic-theory","game-theory","模型均衡、假设与行为资料","信息经济研究档案：效用设定、策略选择与均衡条件；选择集合、机会成本和价格条件；版本规则、对象索引和使用任务；计量单位、时间窗口和未计入的投入。需对照偏好、均衡与行为中的定义、对象索引与适用条件","「信息经济」：在信息经济中，怎样核对效用设定、策略选择与均衡条件，分开“激励或偏好变化”与“约束或可得方案变化”？ 看起来更划算，是效率提高还是少算了投入？","true","false","","direction-owned-direction-case"
"economic-theory-5","economic-theory","economics","模型均衡、假设与行为资料","行为经济研究档案：效用设定、策略选择与均衡条件；选择集合、机会成本和价格条件；计量单位、时间窗口和未计入的投入。需对照的具体条目：参照点、判断任务与选择情境","「行为经济」：在行为经济中，怎样核对参照点、判断任务与选择情境，分开“激励或偏好变化”与“约束或可得方案变化”？ 看起来更划算，是效率提高还是少算了投入？","true","false","","direction-owned-direction-case"
"economic-theory-6","economic-theory","economics","模型均衡、假设与行为资料","实验经济研究档案：效用设定、策略选择与均衡条件；选择集合、机会成本和价格条件；计量单位、时间窗口和未计入的投入。需对照的具体条目：实验任务、激励规则与参与者选择","「实验经济」：在实验经济中，怎样核对实验任务、激励规则与参与者选择，分开“激励或偏好变化”与“约束或可得方案变化”？ 看起来更划算，是效率提高还是少算了投入？","true","false","","direction-owned-direction-case"
"economic-theory-7","economic-theory","economics","模型均衡、假设与行为资料","制度经济研究档案：效用设定、策略选择与均衡条件；选择集合、机会成本和价格条件；正式文本、执行条件与被排除的对象。需对照的具体条目：条文来源、权限分配与执行差异","「制度经济」：在制度经济中，怎样核对条文来源、权限分配与执行差异，分开“激励或偏好变化”与“约束或可得方案变化”？ 文本已经改变，实际机会和执行是否也改变了？","true","false","","direction-owned-direction-case"
"economic-theory-8","economic-theory","economics","模型均衡、假设与行为资料","政治经济研究档案：效用设定、策略选择与均衡条件；选择集合、机会成本和价格条件；计量单位、时间窗口和未计入的投入。需对照的具体条目：规则来源、执行条件与行动者立场","「政治经济」：在政治经济中，怎样核对规则来源、执行条件与行动者立场，分开“激励或偏好变化”与“约束或可得方案变化”？ 看起来更划算，是效率提高还是少算了投入？","true","false","","direction-owned-direction-case"
"economic-theory-9","economic-theory","economics","模型均衡、假设与行为资料","经济思想史研究档案：同时代记载与后期整理本的年代对照；相关领域文献对“效用设定、策略选择与均衡条件”的用语与记录方式；年代、出处和同时代对照；同时代资料、后期整理和出处链。需对照的具体条目：概念用法、论争对象与传播时点","「经济思想史」：在经济思想史中，怎样核对概念用法、论争对象与传播时点，分开“当时制度或实践”与“后来的回忆或分类”？ 哪一层叙述来自当时，哪一层来自后来的整理？","true","false","","direction-owned-direction-case"
"economic-theory-10","economic-theory","economics","模型均衡、假设与行为资料","不确定性决策研究档案：效用设定、策略选择与均衡条件；可行域、目标权重和约束松弛。需对照的具体条目：可得方案、判断时点与约束依据","「不确定性决策」：在不确定性决策中，怎样核对可得方案、判断时点与约束依据，分开“同一约束下的改进”与“放松约束造成的收益”？","true","false","","direction-owned-direction-case"
"economic-theory-11","economic-theory","optimization","模型均衡、假设与行为资料","匹配与市场设计研究档案：效用设定、策略选择与均衡条件；可行域、目标权重和约束松弛；选择集合、机会成本和价格条件；任务路径、迭代版本和错误恢复记录。需对照偏好、均衡与行为中的定义、对象索引与适用条件","「匹配与市场设计」：在匹配与市场设计中，怎样核对效用设定、策略选择与均衡条件，分开“同一约束下的改进”与“放松约束造成的收益”？ 这次变好是设计改进，还是使用者得到更多帮助？","true","false","","direction-owned-direction-case"
"economic-theory-12","economic-theory","game-theory","模型均衡、假设与行为资料","经济网络研究档案：效用设定、策略选择与均衡条件；节点口径、边含义和缺失连接；选择集合、机会成本和价格条件；计量单位、时间窗口和未计入的投入。需对照偏好、均衡与行为中的定义、对象索引与适用条件","「经济网络」：在经济网络中，怎样核对效用设定、策略选择与均衡条件，分开“实际关系改变”与“采集范围改变”？ 看起来更划算，是效率提高还是少算了投入？","true","false","","direction-owned-direction-case"
"development-econ-1","development-econ","macro","政策分配、样本范围与识别条件","发展经济研究档案：家庭资源、就业路径与制度变化；选择集合、机会成本和价格条件；可得方案、行为反应和分配结果；计量单位、时间窗口和未计入的投入。需对照发展条件与劳动机会中的定义、对象索引与适用条件","「发展经济」：在发展经济中，怎样核对家庭资源、就业路径与制度变化，分开“激励或偏好变化”与“约束或可得方案变化”？ 看起来更划算，是效率提高还是少算了投入？","true","false","","direction-owned-direction-case"
"development-econ-2","development-econ","labor","政策分配、样本范围与识别条件","劳动市场研究档案：家庭资源、就业路径与制度变化；对象进入、角色关系和机会结构；选择集合、机会成本和价格条件。需对照的具体条目：进入退出、工时与收入分布；岗位机会、进入退出与匹配过程","「劳动市场」：在劳动市场中，怎样核对岗位机会、进入退出与匹配过程，分开“行为或关系改变”与“进入机会或结构改变”？","true","false","labor","direction-owned-direction-case"
"development-econ-3","development-econ","education","政策分配、样本范围与识别条件","教育经济研究档案：教学任务、学生作答与撤去帮助后的新题；相关领域文献对“家庭资源、就业路径与制度变化”的用语与记录方式；任务目标、辅助条件和延迟表现。需对照的具体条目：教育投入、选择机制与就业机会","「教育经济」：在教育经济中，怎样核对教育投入、选择机制与就业机会，分开“独立学习改善”与“辅助或练习效应”？ 当场做对与真正能迁移，材料分别支持哪一个？","true","false","labor","direction-owned-direction-case"
"development-econ-4","development-econ","economics","政策分配、样本范围与识别条件","人口经济研究档案：家庭资源、就业路径与制度变化；对象进入、角色关系和机会结构；选择集合、机会成本和价格条件；计量单位、时间窗口和未计入的投入。需对照的具体条目：年龄结构、进入退出与统计分母","「人口经济」：在人口经济中，怎样核对年龄结构、进入退出与统计分母，分开“行为或关系改变”与“进入机会或结构改变”？ 看起来更划算，是效率提高还是少算了投入？","true","false","","direction-owned-direction-case"
"development-econ-5","development-econ","economics","政策分配、样本范围与识别条件","城乡发展研究档案：家庭资源、就业路径与制度变化；可得方案、行为反应和分配结果。需对照的具体条目：城乡边界、服务机会与资源流向","「城乡发展」：在城乡发展中，怎样核对城乡边界、服务机会与资源流向，分开“配置或分配变化”与“样本构成或机会变化”？","true","false","","direction-owned-direction-case"
"development-econ-6","development-econ","labor","政策分配、样本范围与识别条件","迁移与收入研究档案：家庭资源、就业路径与制度变化；对象进入、角色关系和机会结构。需对照的具体条目：出发地、进入目的地与迁移选择","「迁移与收入」：在迁移与收入中，怎样核对出发地、进入目的地与迁移选择，分开“行为或关系改变”与“进入机会或结构改变”？","true","false","labor","direction-owned-direction-case"
"development-econ-7","development-econ","labor","政策分配、样本范围与识别条件","贫困与不平等研究档案：家庭资源、就业路径与制度变化；可得方案、行为反应和分配结果。需对照的具体条目：贫困线、分布尾部与人口权重","「贫困与不平等」：在贫困与不平等中，怎样核对贫困线、分布尾部与人口权重，分开“配置或分配变化”与“样本构成或机会变化”？","true","false","","direction-owned-direction-case"
"development-econ-8","development-econ","economics","政策分配、样本范围与识别条件","家庭经济研究档案：家庭资源、就业路径与制度变化；对象进入、角色关系和机会结构；选择集合、机会成本和价格条件；计量单位、时间窗口和未计入的投入。需对照的具体条目：亲属角色、家务分担与资源流动","「家庭经济」：在家庭经济中，怎样核对亲属角色、家务分担与资源流动，分开“行为或关系改变”与“进入机会或结构改变”？ 看起来更划算，是效率提高还是少算了投入？","true","false","","direction-owned-direction-case"
"development-econ-9","development-econ","labor","政策分配、样本范围与识别条件","健康与劳动研究档案：家庭资源、就业路径与制度变化；对象进入、角色关系和机会结构。需对照的具体条目：进入退出、工时与收入分布","「健康与劳动」：在健康与劳动中，怎样核对进入退出、工时与收入分布，分开“行为或关系改变”与“进入机会或结构改变”？","true","false","labor","direction-owned-direction-case"
"development-econ-10","development-econ","labor","政策分配、样本范围与识别条件","职业流动研究档案：家庭资源、就业路径与制度变化；可得方案、行为反应和分配结果。需对照的具体条目：进入退出、工时与收入分布","「职业流动」：在职业流动中，怎样核对进入退出、工时与收入分布，分开“配置或分配变化”与“样本构成或机会变化”？","true","false","","direction-owned-direction-case"
"development-econ-11","development-econ","economics","政策分配、样本范围与识别条件","区域发展研究档案：家庭资源、就业路径与制度变化；可得方案、行为反应和分配结果；坐标基准、空间单元和不同尺度的对照。需对照发展条件与劳动机会中的定义、对象索引与适用条件","「区域发展」：在区域发展中，怎样核对家庭资源、就业路径与制度变化，分开“配置或分配变化”与“样本构成或机会变化”？ 换了空间单元以后，原来的关系是否还成立？","true","false","","direction-owned-direction-case"
"development-econ-12","development-econ","labor","政策分配、样本范围与识别条件","政策评价研究档案：家庭资源、就业路径与制度变化；干预时间、比较资格和同期变化；正式文本、执行条件与被排除的对象。需对照的具体条目：文本目标、执行资源与受影响范围","「政策评价」：在政策评价中，怎样核对文本目标、执行资源与受影响范围，分开“可识别的干预作用”与“选择或同期冲击”？ 文本已经改变，实际机会和执行是否也改变了？","true","false","","direction-owned-direction-case"
"finance-studies-1","finance-studies","asset-pricing","信息时间、风险口径与评价样本","资产定价研究档案：收益时序、交易约束与风险暴露；选择集合、机会成本和价格条件；计量时点、现金流口径和风险条件。需对照的具体条目：计量时点、现金流与风险背景","「资产定价」：在资产定价中，怎样核对计量时点、现金流与风险背景，分开“激励或偏好变化”与“约束或可得方案变化”？","true","false","finance","direction-owned-direction-case"
"finance-studies-2","finance-studies","finance","信息时间、风险口径与评价样本","公司金融研究档案：收益时序、交易约束与风险暴露；计量时点、现金流口径和风险条件。需对照的具体条目：主体关系、信息义务与利益顺位；计量时点、现金流与风险背景；融资约束、投资决策与治理条件","「公司金融」：在公司金融中，怎样核对融资约束、投资决策与治理条件，分开“现金流或风险变化”与“计量口径或价格变化”？","true","false","finance","direction-owned-direction-case"
"finance-studies-3","finance-studies","economics","信息时间、风险口径与评价样本","金融市场研究档案：收益时序、交易约束与风险暴露；选择集合、机会成本和价格条件；计量时点、现金流口径和风险条件。需对照的具体条目：计量时点、现金流与风险背景；交易机会、报价时点与流动性","「金融市场」：在金融市场中，怎样核对交易机会、报价时点与流动性，分开“激励或偏好变化”与“约束或可得方案变化”？","true","false","finance","direction-owned-direction-case"
"finance-studies-4","finance-studies","finance","信息时间、风险口径与评价样本","银行研究研究档案：收益时序、交易约束与风险暴露；计量时点、现金流口径和风险条件。需对照的具体条目：计量时点、现金流与风险背景；资产负债结构、资金期限与服务机会","「银行研究」：在银行研究中，怎样核对计量时点、现金流与风险背景，分开“现金流或风险变化”与“计量口径或价格变化”？","true","false","","direction-owned-direction-case"
"finance-studies-5","finance-studies","economics","信息时间、风险口径与评价样本","保险经济研究档案：收益时序、交易约束与风险暴露；选择集合、机会成本和价格条件；计量时点、现金流口径和风险条件；计量单位、时间窗口和未计入的投入。需对照的具体条目：计量时点、现金流与风险背景","「保险经济」：在保险经济中，怎样核对计量时点、现金流与风险背景，分开“激励或偏好变化”与“约束或可得方案变化”？ 看起来更划算，是效率提高还是少算了投入？","true","false","insurance","direction-owned-direction-case"
"finance-studies-6","finance-studies","asset-pricing","信息时间、风险口径与评价样本","风险度量研究档案：收益时序、交易约束与风险暴露；计量时点、现金流口径和风险条件。需对照的具体条目：危险条件、暴露对象与实际脆弱性；尾部口径、观察窗口与损失假设","「风险度量」：在风险度量中，怎样核对尾部口径、观察窗口与损失假设，分开“现金流或风险变化”与“计量口径或价格变化”？","true","false","finance","direction-owned-direction-case"
"finance-studies-7","finance-studies","asset-pricing","信息时间、风险口径与评价样本","金融计量研究档案：收益时序、交易约束与风险暴露；计量时点、现金流口径和风险条件；干预时间、比较资格和同期变化；参考依据、重复读数和误差分项。需对照的具体条目：目标比较、干预起点与选择机制；计量时点、现金流与风险背景","「金融计量」：在金融计量中，怎样核对目标比较、干预起点与选择机制，分开“现金流或风险变化”与“计量口径或价格变化”？ 读数差异来自被测对象，还是测量链的变化？","true","false","finance","direction-owned-direction-case"
"finance-studies-8","finance-studies","finance","信息时间、风险口径与评价样本","行为金融研究档案：收益时序、交易约束与风险暴露；计量时点、现金流口径和风险条件。需对照的具体条目：计量时点、现金流与风险背景；参照点、判断任务与选择情境","「行为金融」：在行为金融中，怎样核对参照点、判断任务与选择情境，分开“现金流或风险变化”与“计量口径或价格变化”？","true","false","finance","direction-owned-direction-case"
"finance-studies-9","finance-studies","finance","信息时间、风险口径与评价样本","金融科技研究档案：收益时序、交易约束与风险暴露；计量时点、现金流口径和风险条件。需对照的具体条目：计量时点、现金流与风险背景；仪器记录、研究制度与知识传播","「金融科技」：在金融科技中，怎样核对计量时点、现金流与风险背景，分开“现金流或风险变化”与“计量口径或价格变化”？","true","false","finance","direction-owned-direction-case"
"finance-studies-10","finance-studies","finance","信息时间、风险口径与评价样本","国际金融研究档案：收益时序、交易约束与风险暴露；计量时点、现金流口径和风险条件；各方定义、资料来源和桥接规则。需对照的具体条目：计量时点、现金流与风险背景；地区制度、指标译法与比较资格","「国际金融」：在国际金融中，怎样核对计量时点、现金流与风险背景，分开“现金流或风险变化”与“计量口径或价格变化”？ 名称相同是否真的意味着比较对象相同？","true","false","finance","direction-owned-direction-case"
"finance-studies-11","finance-studies","economics","信息时间、风险口径与评价样本","家庭金融研究档案：收益时序、交易约束与风险暴露；对象进入、角色关系和机会结构；计量时点、现金流口径和风险条件。需对照的具体条目：亲属角色、家务分担与资源流动；计量时点、现金流与风险背景","「家庭金融」：在家庭金融中，怎样核对亲属角色、家务分担与资源流动，分开“行为或关系改变”与“进入机会或结构改变”？","true","false","finance","direction-owned-direction-case"
"finance-studies-12","finance-studies","finance","信息时间、风险口径与评价样本","金融史研究档案：同时代记载与后期整理本的年代对照；相关领域文献对“收益时序、交易约束与风险暴露”的用语与记录方式；年代、出处和同时代对照；同时代资料、后期整理和出处链。需对照的具体条目：计量时点、现金流与风险背景","「金融史」：在金融史中，怎样核对计量时点、现金流与风险背景，分开“当时制度或实践”与“后来的回忆或分类”？ 哪一层叙述来自当时，哪一层来自后来的整理？","true","false","finance","direction-owned-direction-case"
"trade-econ-1","trade-econ","economics","企业层次、市场范围与比较条件","国际贸易研究档案：贸易流、企业行为与市场边界；机会成本、贸易方向和价值增加；各方定义、资料来源和桥接规则。需对照的具体条目：价值链位置、增加值与中间品重复；地区制度、指标译法与比较资格","「国际贸易」：在国际贸易中，怎样核对价值链位置、增加值与中间品重复，分开“真实配置收益”与“重复计量或构成变化”？ 名称相同是否真的意味着比较对象相同？","true","false","trade","direction-owned-direction-case"
"trade-econ-2","trade-econ","finance","企业层次、市场范围与比较条件","国际投资研究档案：贸易流、企业行为与市场边界；机会成本、贸易方向和价值增加；各方定义、资料来源和桥接规则。需对照的具体条目：地区制度、指标译法与比较资格","「国际投资」：在国际投资中，怎样核对地区制度、指标译法与比较资格，分开“真实配置收益”与“重复计量或构成变化”？ 名称相同是否真的意味着比较对象相同？","true","false","trade","direction-owned-direction-case"
"trade-econ-3","trade-econ","economics","企业层次、市场范围与比较条件","产业组织研究档案：贸易流、企业行为与市场边界；对象进入、角色关系和机会结构；选择集合、机会成本和价格条件；正式文本、执行条件与被排除的对象。需对照的具体条目：角色分工、资源联系与实际协调","「产业组织」：在产业组织中，怎样核对角色分工、资源联系与实际协调，分开“行为或关系改变”与“进入机会或结构改变”？ 文本已经改变，实际机会和执行是否也改变了？","true","false","trade","direction-owned-direction-case"
"trade-econ-4","trade-econ","economics","企业层次、市场范围与比较条件","企业生产率研究档案：贸易流、企业行为与市场边界；选择集合、机会成本和价格条件。需对照的具体条目：投入产出定义、价格因素与配置效率","「企业生产率」：在企业生产率中，怎样核对投入产出定义、价格因素与配置效率，分开“激励或偏好变化”与“约束或可得方案变化”？","true","false","","direction-owned-direction-case"
"trade-econ-5","trade-econ","economics","企业层次、市场范围与比较条件","全球价值链研究档案：贸易流、企业行为与市场边界；选择集合、机会成本和价格条件；机会成本、贸易方向和价值增加；计量单位、时间窗口和未计入的投入。需对照的具体条目：跨区域联结、地方时序与资料语言","「全球价值链」：在全球价值链中，怎样核对跨区域联结、地方时序与资料语言，分开“激励或偏好变化”与“约束或可得方案变化”？ 看起来更划算，是效率提高还是少算了投入？","true","false","","direction-owned-direction-case"
"trade-econ-6","trade-econ","economics","企业层次、市场范围与比较条件","数字贸易研究档案：贸易流、企业行为与市场边界；机会成本、贸易方向和价值增加；版本规则、对象索引和使用任务。需对照的具体条目：价值链位置、增加值与中间品重复；编码规则、平台入口与不可见记录","「数字贸易」：在数字贸易中，怎样核对价值链位置、增加值与中间品重复，分开“真实配置收益”与“重复计量或构成变化”？","true","false","trade","direction-owned-direction-case"
"trade-econ-7","trade-econ","economics","企业层次、市场范围与比较条件","服务贸易研究档案：贸易流、企业行为与市场边界；机会成本、贸易方向和价值增加。需对照的具体条目：价值链位置、增加值与中间品重复","「服务贸易」：在服务贸易中，怎样核对价值链位置、增加值与中间品重复，分开“真实配置收益”与“重复计量或构成变化”？","true","false","trade","direction-owned-direction-case"
"trade-econ-8","trade-econ","economics","企业层次、市场范围与比较条件","竞争与监管研究档案：贸易流、企业行为与市场边界；选择集合、机会成本和价格条件；正式文本、执行条件与被排除的对象。需对照贸易结构与产业组织中的定义、对象索引与适用条件","「竞争与监管」：在竞争与监管中，怎样核对贸易流、企业行为与市场边界，分开“激励或偏好变化”与“约束或可得方案变化”？ 文本已经改变，实际机会和执行是否也改变了？","true","false","","direction-owned-direction-case"
"trade-econ-9","trade-econ","economics","企业层次、市场范围与比较条件","技术创新研究档案：贸易流、企业行为与市场边界；可得方案、行为反应和分配结果。需对照的具体条目：工具版本、使用任务与适用承诺；新方案定义、采用条件与失败案例","「技术创新」：在技术创新中，怎样核对工具版本、使用任务与适用承诺，分开“配置或分配变化”与“样本构成或机会变化”？","true","false","","direction-owned-direction-case"
"trade-econ-10","trade-econ","economics","企业层次、市场范围与比较条件","产业转型研究档案：贸易流、企业行为与市场边界；选择集合、机会成本和价格条件。需对照的具体条目：行业进入退出、技术采用与就业变化","「产业转型」：在产业转型中，怎样核对行业进入退出、技术采用与就业变化，分开“激励或偏好变化”与“约束或可得方案变化”？","true","false","trade","direction-owned-direction-case"
"trade-econ-11","trade-econ","economics","企业层次、市场范围与比较条件","贸易史研究档案：同时代记载与后期整理本的年代对照；相关领域文献对“贸易流、企业行为与市场边界”的用语与记录方式；年代、出处和同时代对照；同时代资料、后期整理和出处链。需对照的具体条目：价值链位置、增加值与中间品重复","「贸易史」：在贸易史中，怎样核对价值链位置、增加值与中间品重复，分开“当时制度或实践”与“后来的回忆或分类”？ 哪一层叙述来自当时，哪一层来自后来的整理？","true","false","trade","direction-owned-direction-case"
"trade-econ-12","trade-econ","labor","企业层次、市场范围与比较条件","开放与就业研究档案：贸易流、企业行为与市场边界；机会成本、贸易方向和价值增加。需对照贸易结构与产业组织中的定义、对象索引与适用条件","「开放与就业」：在开放与就业中，怎样核对贸易流、企业行为与市场边界，分开“真实配置收益”与“重复计量或构成变化”？","true","false","","direction-owned-direction-case"
"resource-econ-1","resource-econ","economics","评价边界、资源取舍与受益差异","财政与税收研究档案：资源使用、外部影响与政策比较；法定支付、行为反应和最终负担；计量单位、时间窗口和未计入的投入。需对照的具体条目：法定支付、行为反应与最终负担","「财政与税收」：在财政与税收中，怎样核对法定支付、行为反应与最终负担，分开“实际负担转移”与“仅支付者变化”？ 看起来更划算，是效率提高还是少算了投入？","true","false","tax","direction-owned-direction-case"
"resource-econ-2","resource-econ","economics","评价边界、资源取舍与受益差异","公共支出研究档案：资源使用、外部影响与政策比较；法定支付、行为反应和最终负担。需对照公共资源与外部性中的定义、对象索引与适用条件","「公共支出」：在公共支出中，怎样核对资源使用、外部影响与政策比较，分开“实际负担转移”与“仅支付者变化”？","true","false","","direction-owned-direction-case"
"resource-econ-3","resource-econ","economics","评价边界、资源取舍与受益差异","环境经济研究档案：资源使用、外部影响与政策比较；来源、迁移途径和受影响对象；选择集合、机会成本和价格条件；计量单位、时间窗口和未计入的投入。需对照公共资源与外部性中的定义、对象索引与适用条件","「环境经济」：在环境经济中，怎样核对资源使用、外部影响与政策比较，分开“来源或过程变化”与“迁移或对象变化”？ 看起来更划算，是效率提高还是少算了投入？","true","false","","direction-owned-direction-case"
"resource-econ-4","resource-econ","economics","评价边界、资源取舍与受益差异","资源经济研究档案：资源使用、外部影响与政策比较；选择集合、机会成本和价格条件；计量单位、时间窗口和未计入的投入。需对照的具体条目：资源存量、开发边界与替代机会","「资源经济」：在资源经济中，怎样核对资源存量、开发边界与替代机会，分开“激励或偏好变化”与“约束或可得方案变化”？ 看起来更划算，是效率提高还是少算了投入？","true","false","","direction-owned-direction-case"
"resource-econ-5","resource-econ","economics","评价边界、资源取舍与受益差异","能源经济研究档案：资源使用、外部影响与政策比较；能量边界、时间负荷和系统服务；选择集合、机会成本和价格条件；计量单位、时间窗口和未计入的投入。需对照的具体条目：能源价格、需求反应与成本归属","「能源经济」：在能源经济中，怎样核对能源价格、需求反应与成本归属，分开“同一服务下节省”与“需求或边界改变”？ 看起来更划算，是效率提高还是少算了投入？","true","false","","direction-owned-direction-case"
"resource-econ-6","resource-econ","economics","评价边界、资源取舍与受益差异","农业经济研究档案：资源使用、外部影响与政策比较；选择集合、机会成本和价格条件；计量单位、时间窗口和未计入的投入。需对照的具体条目：季节约束、农户选择与市场入口","「农业经济」：在农业经济中，怎样核对季节约束、农户选择与市场入口，分开“激励或偏好变化”与“约束或可得方案变化”？ 看起来更划算，是效率提高还是少算了投入？","true","false","","direction-owned-direction-case"
"resource-econ-7","resource-econ","economics","评价边界、资源取舍与受益差异","城市经济研究档案：资源使用、外部影响与政策比较；选择集合、机会成本和价格条件；计量单位、时间窗口和未计入的投入。需对照的具体条目：进入机会、空间路径与地方制度","「城市经济」：在城市经济中，怎样核对进入机会、空间路径与地方制度，分开“激励或偏好变化”与“约束或可得方案变化”？ 看起来更划算，是效率提高还是少算了投入？","true","false","","direction-owned-direction-case"
"resource-econ-8","resource-econ","economics","评价边界、资源取舍与受益差异","交通经济研究档案：资源使用、外部影响与政策比较；出行链、等待时间和可达机会；选择集合、机会成本和价格条件；计量单位、时间窗口和未计入的投入。需对照的具体条目：完整出行链、等待与目的地机会","「交通经济」：在交通经济中，怎样核对完整出行链、等待与目的地机会，分开“真实可达机会增加”与“样本路线改变”？ 看起来更划算，是效率提高还是少算了投入？","true","false","","direction-owned-direction-case"
"resource-econ-9","resource-econ","economics","评价边界、资源取舍与受益差异","气候政策评价研究档案：资源使用、外部影响与政策比较；干预时间、比较资格和同期变化；正式文本、执行条件与被排除的对象。需对照的具体条目：基准时期、空间覆盖与异常序列；文本目标、执行资源与受影响范围","「气候政策评价」：在气候政策评价中，怎样核对基准时期、空间覆盖与异常序列，分开“可识别的干预作用”与“选择或同期冲击”？ 文本已经改变，实际机会和执行是否也改变了？","true","false","","direction-owned-direction-case"
"resource-econ-10","resource-econ","economics","评价边界、资源取舍与受益差异","公共服务需求研究档案：资源使用、外部影响与政策比较；选择集合、机会成本和价格条件；需求、服务资格和未进入服务者；计量单位、时间窗口和未计入的投入。需对照的具体条目：潜在需要、服务门槛与实际使用","「公共服务需求」：在公共服务需求中，怎样核对潜在需要、服务门槛与实际使用，分开“激励或偏好变化”与“约束或可得方案变化”？ 看起来更划算，是效率提高还是少算了投入？","true","false","","direction-owned-direction-case"
"resource-econ-11","resource-econ","economics","评价边界、资源取舍与受益差异","外部性研究研究档案：资源使用、外部影响与政策比较；可得方案、行为反应和分配结果。需对照的具体条目：外部影响对象、未定价负担与边界","「外部性研究」：在外部性研究中，怎样核对外部影响对象、未定价负担与边界，分开“配置或分配变化”与“样本构成或机会变化”？","true","false","","direction-owned-direction-case"
"resource-econ-12","resource-econ","economics","评价边界、资源取舍与受益差异","公共选择研究档案：资源使用、外部影响与政策比较；可得方案、行为反应和分配结果。需对照的具体条目：集体决策、参与规则与激励结构","「公共选择」：在公共选择中，怎样核对集体决策、参与规则与激励结构，分开“配置或分配变化”与“样本构成或机会变化”？","true","false","","direction-owned-direction-case"
"civil-law-1","civil-law","law","事实关系、规范效力与适用范围","民法总论研究档案：规范版本、争议事实和适用要件；相关领域文献对“合同义务、财产权利与履行事实”的用语与记录方式；法域、条文版本和事实要件；意思表示、成立时点和履行记录。需对照的具体条目：权利主体、法律行为与效力要件","「民法总论」：在民法总论中，怎样核对权利主体、法律行为与效力要件，分开“适用要件差异”与“法域或版本变化”？ 这一事实对应哪个要件，是否混淆了法域？","true","false","contract","direction-owned-direction-case"
"civil-law-2","civil-law","law","事实关系、规范效力与适用范围","合同法研究档案：规范版本、争议事实和适用要件；相关领域文献对“合同义务、财产权利与履行事实”的用语与记录方式；法域、条文版本和事实要件；意思表示、成立时点和履行记录。需对照的具体条目：意思表示、成立时点与履行义务","「合同法」：在合同法中，怎样核对意思表示、成立时点与履行义务，分开“适用要件差异”与“法域或版本变化”？ 这一事实对应哪个要件，是否混淆了法域？","true","false","contract","direction-owned-direction-case"
"civil-law-3","civil-law","law","事实关系、规范效力与适用范围","物权法研究档案：规范版本、争议事实和适用要件；相关领域文献对“合同义务、财产权利与履行事实”的用语与记录方式；法域、条文版本和事实要件。需对照的具体条目：权利客体、归属与公示资料","「物权法」：在物权法中，怎样核对权利客体、归属与公示资料，分开“适用要件差异”与“法域或版本变化”？ 这一事实对应哪个要件，是否混淆了法域？","true","false","","direction-owned-direction-case"
"civil-law-4","civil-law","law","事实关系、规范效力与适用范围","侵权责任研究档案：行动者理由、利益负担与提出异议的记录；相关领域文献对“合同义务、财产权利与履行事实”的用语与记录方式；法域、条文版本和事实要件；受益负担、行动理由和申诉机会。需对照私法关系与交易中的定义、对象索引与适用条件","「侵权责任」：在侵权责任中，怎样核对合同义务、财产权利与履行事实，分开“适用要件差异”与“法域或版本变化”？ 谁承担了负担，现有理由怎样回应他的异议？","true","false","","direction-owned-direction-case"
"civil-law-5","civil-law","law","事实关系、规范效力与适用范围","公司法研究档案：规范版本、争议事实和适用要件；相关领域文献对“合同义务、财产权利与履行事实”的用语与记录方式；法域、条文版本和事实要件。需对照的具体条目：主体关系、信息义务与利益顺位；股东关系、机关权限与决议条件","「公司法」：在公司法中，怎样核对股东关系、机关权限与决议条件，分开“适用要件差异”与“法域或版本变化”？ 这一事实对应哪个要件，是否混淆了法域？","true","false","contract","direction-owned-direction-case"
"civil-law-6","civil-law","law","事实关系、规范效力与适用范围","证券法研究研究档案：规范版本、争议事实和适用要件；相关领域文献对“合同义务、财产权利与履行事实”的用语与记录方式；法域、条文版本和事实要件。需对照的具体条目：主体关系、信息义务与利益顺位；发行或交易资料、披露义务与投资者保护","「证券法研究」：在证券法研究中，怎样核对发行或交易资料、披露义务与投资者保护，分开“适用要件差异”与“法域或版本变化”？ 这一事实对应哪个要件，是否混淆了法域？","true","false","","direction-owned-direction-case"
"civil-law-7","civil-law","law","事实关系、规范效力与适用范围","破产法研究档案：规范版本、争议事实和适用要件；相关领域文献对“合同义务、财产权利与履行事实”的用语与记录方式；法域、条文版本和事实要件。需对照的具体条目：主体关系、信息义务与利益顺位；债权顺位、财产范围与程序节点","「破产法」：在破产法中，怎样核对债权顺位、财产范围与程序节点，分开“适用要件差异”与“法域或版本变化”？ 这一事实对应哪个要件，是否混淆了法域？","true","false","","direction-owned-direction-case"
"civil-law-8","civil-law","law","事实关系、规范效力与适用范围","保险法研究研究档案：规范版本、争议事实和适用要件；相关领域文献对“合同义务、财产权利与履行事实”的用语与记录方式；法域、条文版本和事实要件；意思表示、成立时点和履行记录。需对照的具体条目：计量时点、现金流与风险背景","「保险法研究」：在保险法研究中，怎样核对计量时点、现金流与风险背景，分开“适用要件差异”与“法域或版本变化”？ 这一事实对应哪个要件，是否混淆了法域？","true","false","","direction-owned-direction-case"
"civil-law-9","civil-law","law","事实关系、规范效力与适用范围","知识产权研究档案：合同义务、财产权利与履行事实；保护对象、权利范围和使用方式。需对照私法关系与交易中的定义、对象索引与适用条件","「知识产权」：在知识产权中，怎样核对合同义务、财产权利与履行事实，分开“范围内的使用争议”与“混同对象与范围”？","true","false","","direction-owned-direction-case"
"civil-law-10","civil-law","law","事实关系、规范效力与适用范围","家庭与继承研究档案：合同义务、财产权利与履行事实；对象进入、角色关系和机会结构。需对照的具体条目：亲属角色、家务分担与资源流动","「家庭与继承」：在家庭与继承中，怎样核对亲属角色、家务分担与资源流动，分开“行为或关系改变”与“进入机会或结构改变”？","true","false","","direction-owned-direction-case"
"civil-law-11","civil-law","law","事实关系、规范效力与适用范围","消费者保护研究档案：合同义务、财产权利与履行事实；意思表示、成立时点和履行记录。需对照私法关系与交易中的定义、对象索引与适用条件","「消费者保护」：在消费者保护中，怎样核对合同义务、财产权利与履行事实，分开“约定及要件变化”与“履行或证据变化”？","true","false","","direction-owned-direction-case"
"civil-law-12","civil-law","law","事实关系、规范效力与适用范围","数字交易法研究档案：规范版本、争议事实和适用要件；相关领域文献对“合同义务、财产权利与履行事实”的用语与记录方式；法域、条文版本和事实要件；意思表示、成立时点和履行记录。需对照的具体条目：编码规则、平台入口与不可见记录","「数字交易法」：在数字交易法中，怎样核对编码规则、平台入口与不可见记录，分开“适用要件差异”与“法域或版本变化”？ 这一事实对应哪个要件，是否混淆了法域？","true","false","","direction-owned-direction-case"
"criminal-law-1","criminal-law","law","规范论证、案件事实与程序条件","刑法理论研究档案：规范版本、争议事实和适用要件；相关领域文献对“构成要件、主观状态与程序证据”的用语与记录方式；法域、条文版本和事实要件；行为、主观要素和证明责任。需对照的具体条目：行为、主观要素与证明责任；构成要件、违法性与归责依据","「刑法理论」：在刑法理论中，怎样核对构成要件、违法性与归责依据，分开“适用要件差异”与“法域或版本变化”？ 这一事实对应哪个要件，是否混淆了法域？","true","false","criminal","direction-owned-direction-case"
"criminal-law-2","criminal-law","law","规范论证、案件事实与程序条件","刑法史研究档案：同时代记载与后期整理本的年代对照；相关领域文献对“构成要件、主观状态与程序证据”的用语与记录方式；年代、出处和同时代对照；法域、条文版本和事实要件。需对照的具体条目：行为、主观要素与证明责任","「刑法史」：在刑法史中，怎样核对行为、主观要素与证明责任，分开“当时制度或实践”与“后来的回忆或分类”？ 哪一层叙述来自当时，哪一层来自后来的整理？","true","false","criminal","direction-owned-direction-case"
"criminal-law-3","criminal-law","policy","规范论证、案件事实与程序条件","刑事政策研究档案：构成要件、主观状态与程序证据；法域、条文版本和事实要件；行为、主观要素和证明责任；正式文本、执行条件与被排除的对象。需对照的具体条目：行为、主观要素与证明责任；文本目标、执行资源与受影响范围","「刑事政策」：在刑事政策中，怎样核对文本目标、执行资源与受影响范围，分开“适用要件差异”与“法域或版本变化”？ 文本已经改变，实际机会和执行是否也改变了？","true","false","criminal","direction-owned-direction-case"
"criminal-law-4","criminal-law","law","规范论证、案件事实与程序条件","刑事诉讼研究档案：规范版本、争议事实和适用要件；相关领域文献对“构成要件、主观状态与程序证据”的用语与记录方式；法域、条文版本和事实要件；行为、主观要素和证明责任。需对照的具体条目：行为、主观要素与证明责任；证明责任、证据资格与程序机会","「刑事诉讼」：在刑事诉讼中，怎样核对证明责任、证据资格与程序机会，分开“适用要件差异”与“法域或版本变化”？ 这一事实对应哪个要件，是否混淆了法域？","true","false","criminal","direction-owned-direction-case"
"criminal-law-5","criminal-law","law","规范论证、案件事实与程序条件","证据研究研究档案：构成要件、主观状态与程序证据；陈述来源、证明对象和程序条件。需对照刑事实体与程序中的定义、对象索引与适用条件","「证据研究」：在证据研究中，怎样核对构成要件、主观状态与程序证据，分开“事实证据更充分”与“程序或陈述方式不同”？","true","false","procedure","direction-owned-direction-case"
"criminal-law-6","criminal-law","law","规范论证、案件事实与程序条件","犯罪学研究档案：构成要件、主观状态与程序证据；行为、主观要素和证明责任。需对照刑事实体与程序中的定义、对象索引与适用条件","「犯罪学」：在犯罪学中，怎样核对构成要件、主观状态与程序证据，分开“要件有据可查”与“仅由后果倒推”？","true","false","","direction-owned-direction-case"
"criminal-law-7","criminal-law","law","规范论证、案件事实与程序条件","少年司法研究档案：规范版本、争议事实和适用要件；相关领域文献对“构成要件、主观状态与程序证据”的用语与记录方式；法域、条文版本和事实要件；行为、主观要素和证明责任。需对照刑事实体与程序中的定义、对象索引与适用条件","「少年司法」：在少年司法中，怎样核对构成要件、主观状态与程序证据，分开“适用要件差异”与“法域或版本变化”？ 这一事实对应哪个要件，是否混淆了法域？","true","false","","direction-owned-direction-case"
"criminal-law-8","criminal-law","law","规范论证、案件事实与程序条件","刑罚理论研究档案：构成要件、主观状态与程序证据；法域、条文版本和事实要件；行为、主观要素和证明责任。需对照的具体条目：行为、主观要素与证明责任","「刑罚理论」：在刑罚理论中，怎样核对行为、主观要素与证明责任，分开“适用要件差异”与“法域或版本变化”？","true","false","criminal","direction-owned-direction-case"
"criminal-law-9","criminal-law","law","规范论证、案件事实与程序条件","司法案例研究档案：规范版本、争议事实和适用要件；相关领域文献对“构成要件、主观状态与程序证据”的用语与记录方式；法域、条文版本和事实要件。需对照刑事实体与程序中的定义、对象索引与适用条件","「司法案例」：在司法案例中，怎样核对构成要件、主观状态与程序证据，分开“适用要件差异”与“法域或版本变化”？ 这一事实对应哪个要件，是否混淆了法域？","true","false","","direction-owned-direction-case"
"criminal-law-10","criminal-law","law","规范论证、案件事实与程序条件","比较刑法研究档案：构成要件、主观状态与程序证据；法域、条文版本和事实要件；行为、主观要素和证明责任；各方定义、资料来源和桥接规则。需对照的具体条目：行为、主观要素与证明责任","「比较刑法」：在比较刑法中，怎样核对行为、主观要素与证明责任，分开“适用要件差异”与“法域或版本变化”？ 名称相同是否真的意味着比较对象相同？","true","false","criminal","direction-owned-direction-case"
"criminal-law-11","criminal-law","policy","规范论证、案件事实与程序条件","刑事司法治理研究档案：构成要件、主观状态与程序证据；法域、条文版本和事实要件；行为、主观要素和证明责任；正式文本、执行条件与被排除的对象。需对照的具体条目：行为、主观要素与证明责任；规则来源、执行条件与行动者立场","「刑事司法治理」：在刑事司法治理中，怎样核对规则来源、执行条件与行动者立场，分开“适用要件差异”与“法域或版本变化”？ 文本已经改变，实际机会和执行是否也改变了？","true","false","criminal","direction-owned-direction-case"
"criminal-law-12","criminal-law","education","规范论证、案件事实与程序条件","刑事法教育研究档案：教学任务、学生作答与撤去帮助后的新题；相关领域文献对“构成要件、主观状态与程序证据”的用语与记录方式；任务目标、辅助条件和延迟表现。需对照的具体条目：行为、主观要素与证明责任","「刑事法教育」：在刑事法教育中，怎样核对行为、主观要素与证明责任，分开“独立学习改善”与“辅助或练习效应”？ 当场做对与真正能迁移，材料分别支持哪一个？","true","false","criminal","direction-owned-direction-case"
"constitutional-law-1","constitutional-law","law","权力依据、程序与权利边界","宪法理论研究档案：规范版本、争议事实和适用要件；相关领域文献对“权限依据、行政理由与权利影响”的用语与记录方式；法域、条文版本和事实要件；权限来源、程序机会和理由说明。需对照的具体条目：权限依据、程序机会与理由说明；权力结构、基本权利与解释立场","「宪法理论」：在宪法理论中，怎样核对权力结构、基本权利与解释立场，分开“适用要件差异”与“法域或版本变化”？ 这一事实对应哪个要件，是否混淆了法域？","true","false","","direction-owned-direction-case"
"constitutional-law-2","constitutional-law","law","权力依据、程序与权利边界","基本权利研究档案：规范版本、争议事实和适用要件；相关领域文献对“权限依据、行政理由与权利影响”的用语与记录方式；法域、条文版本和事实要件；权限来源、程序机会和理由说明。需对照公权力与权利保障中的定义、对象索引与适用条件","「基本权利」：在基本权利中，怎样核对权限依据、行政理由与权利影响，分开“适用要件差异”与“法域或版本变化”？ 这一事实对应哪个要件，是否混淆了法域？","true","false","","direction-owned-direction-case"
"constitutional-law-3","constitutional-law","policy","权力依据、程序与权利边界","行政法理论研究档案：规范版本、争议事实和适用要件；相关领域文献对“权限依据、行政理由与权利影响”的用语与记录方式；法域、条文版本和事实要件；权限来源、程序机会和理由说明。需对照的具体条目：权限依据、程序机会与理由说明；授权来源、裁量范围与审查依据","「行政法理论」：在行政法理论中，怎样核对授权来源、裁量范围与审查依据，分开“适用要件差异”与“法域或版本变化”？ 这一事实对应哪个要件，是否混淆了法域？","true","false","procedure","direction-owned-direction-case"
"constitutional-law-4","constitutional-law","policy","权力依据、程序与权利边界","行政程序研究档案：规范版本、争议事实和适用要件；相关领域文献对“权限依据、行政理由与权利影响”的用语与记录方式；法域、条文版本和事实要件；权限来源、程序机会和理由说明。需对照的具体条目：权限依据、程序机会与理由说明；通知、陈述机会与理由说明","「行政程序」：在行政程序中，怎样核对通知、陈述机会与理由说明，分开“适用要件差异”与“法域或版本变化”？ 这一事实对应哪个要件，是否混淆了法域？","true","false","procedure","direction-owned-direction-case"
"constitutional-law-5","constitutional-law","policy","权力依据、程序与权利边界","行政诉讼研究档案：规范版本、争议事实和适用要件；相关领域文献对“权限依据、行政理由与权利影响”的用语与记录方式；法域、条文版本和事实要件；权限来源、程序机会和理由说明。需对照的具体条目：权限依据、程序机会与理由说明；争议行为、审查对象与救济条件","「行政诉讼」：在行政诉讼中，怎样核对争议行为、审查对象与救济条件，分开“适用要件差异”与“法域或版本变化”？ 这一事实对应哪个要件，是否混淆了法域？","true","false","procedure","direction-owned-direction-case"
"constitutional-law-6","constitutional-law","policy","权力依据、程序与权利边界","公共机构治理研究档案：权限依据、行政理由与权利影响；正式规则、实际执行和行为者立场；公开文件、责任分配和资源约束；正式文本、执行条件与被排除的对象。需对照的具体条目：规则来源、执行条件与行动者立场","「公共机构治理」：在公共机构治理中，怎样核对规则来源、执行条件与行动者立场，分开“制度实践变化”与“文本或表述变化”？ 文本已经改变，实际机会和执行是否也改变了？","true","false","","direction-owned-direction-case"
"constitutional-law-7","constitutional-law","policy","权力依据、程序与权利边界","地方制度研究档案：权限依据、行政理由与权利影响；正式规则、实际执行和行为者立场；地理单元、时期边界和地方制度；正式文本、执行条件与被排除的对象。需对照的具体条目：条文来源、权限分配与执行差异","「地方制度」：在地方制度中，怎样核对条文来源、权限分配与执行差异，分开“制度实践变化”与“文本或表述变化”？ 文本已经改变，实际机会和执行是否也改变了？","true","false","","direction-owned-direction-case"
"constitutional-law-8","constitutional-law","law","权力依据、程序与权利边界","比较宪法研究档案：权限依据、行政理由与权利影响；法域、条文版本和事实要件；权限来源、程序机会和理由说明；各方定义、资料来源和桥接规则。需对照的具体条目：权限依据、程序机会与理由说明","「比较宪法」：在比较宪法中，怎样核对权限依据、程序机会与理由说明，分开“适用要件差异”与“法域或版本变化”？ 名称相同是否真的意味着比较对象相同？","true","false","","direction-owned-direction-case"
"constitutional-law-9","constitutional-law","law","权力依据、程序与权利边界","法治评价研究档案：规范版本、争议事实和适用要件；相关领域文献对“权限依据、行政理由与权利影响”的用语与记录方式；法域、条文版本和事实要件。需对照的具体条目：评价维度、规范期待与实际记录","「法治评价」：在法治评价中，怎样核对评价维度、规范期待与实际记录，分开“适用要件差异”与“法域或版本变化”？ 这一事实对应哪个要件，是否混淆了法域？","true","false","","direction-owned-direction-case"
"constitutional-law-10","constitutional-law","policy","权力依据、程序与权利边界","信息公开研究研究档案：权限依据、行政理由与权利影响；权限来源、程序机会和理由说明。需对照公权力与权利保障中的定义、对象索引与适用条件","「信息公开研究」：在信息公开研究中，怎样核对权限依据、行政理由与权利影响，分开“授权及程序成立”与“目标代替程序”？","true","false","","direction-owned-direction-case"
"constitutional-law-11","constitutional-law","policy","权力依据、程序与权利边界","公共服务法研究档案：规范版本、争议事实和适用要件；相关领域文献对“权限依据、行政理由与权利影响”的用语与记录方式；法域、条文版本和事实要件。需对照的具体条目：服务资格、公共义务与救济途径","「公共服务法」：在公共服务法中，怎样核对服务资格、公共义务与救济途径，分开“适用要件差异”与“法域或版本变化”？ 这一事实对应哪个要件，是否混淆了法域？","true","false","","direction-owned-direction-case"
"constitutional-law-12","constitutional-law","policy","权力依据、程序与权利边界","数字行政研究档案：规范版本、争议事实和适用要件；相关领域文献对“权限依据、行政理由与权利影响”的用语与记录方式；法域、条文版本和事实要件；权限来源、程序机会和理由说明。需对照的具体条目：权限依据、程序机会与理由说明；编码规则、平台入口与不可见记录","「数字行政」：在数字行政中，怎样核对权限依据、程序机会与理由说明，分开“适用要件差异”与“法域或版本变化”？ 这一事实对应哪个要件，是否混淆了法域？","true","false","procedure","direction-owned-direction-case"
"international-law-1","international-law","law","法域、适用规则与材料出处","国际公法研究档案：条约文本、法域条件与实践记录；法域、条文版本和事实要件；各方定义、资料来源和桥接规则。需对照的具体条目：地区制度、指标译法与比较资格；国家行为、国际义务与适用来源","「国际公法」：在国际公法中，怎样核对国家行为、国际义务与适用来源，分开“适用要件差异”与“法域或版本变化”？ 名称相同是否真的意味着比较对象相同？","true","false","","direction-owned-direction-case"
"international-law-2","international-law","law","法域、适用规则与材料出处","国际私法研究档案：条约文本、法域条件与实践记录；法域、条文版本和事实要件；各方定义、资料来源和桥接规则。需对照的具体条目：地区制度、指标译法与比较资格；法律关系、连接因素与冲突规则","「国际私法」：在国际私法中，怎样核对法律关系、连接因素与冲突规则，分开“适用要件差异”与“法域或版本变化”？ 名称相同是否真的意味着比较对象相同？","true","false","","direction-owned-direction-case"
"international-law-3","international-law","law","法域、适用规则与材料出处","国际经济法研究档案：条约文本、法域条件与实践记录；法域、条文版本和事实要件；各方定义、资料来源和桥接规则。需对照的具体条目：地区制度、指标译法与比较资格；跨境交易、条约规则与监管背景","「国际经济法」：在国际经济法中，怎样核对跨境交易、条约规则与监管背景，分开“适用要件差异”与“法域或版本变化”？ 名称相同是否真的意味着比较对象相同？","true","false","","direction-owned-direction-case"
"international-law-4","international-law","law","法域、适用规则与材料出处","国际组织法研究档案：条约文本、法域条件与实践记录；对象进入、角色关系和机会结构；法域、条文版本和事实要件；正式文本、执行条件与被排除的对象。需对照的具体条目：地区制度、指标译法与比较资格；角色分工、资源联系与实际协调","「国际组织法」：在国际组织法中，怎样核对地区制度、指标译法与比较资格，分开“行为或关系改变”与“进入机会或结构改变”？ 文本已经改变，实际机会和执行是否也改变了？","true","false","","direction-owned-direction-case"
"international-law-5","international-law","law","法域、适用规则与材料出处","国际环境法研究档案：条约文本、法域条件与实践记录；法域、条文版本和事实要件；各方定义、资料来源和桥接规则。需对照的具体条目：受规制活动、损害范围与责任依据；地区制度、指标译法与比较资格","「国际环境法」：在国际环境法中，怎样核对受规制活动、损害范围与责任依据，分开“适用要件差异”与“法域或版本变化”？ 名称相同是否真的意味着比较对象相同？","true","false","","direction-owned-direction-case"
"international-law-6","international-law","law","法域、适用规则与材料出处","国际争端研究研究档案：条约文本、法域条件与实践记录；公开信号、解释立场和执行安排；各方定义、资料来源和桥接规则。需对照的具体条目：地区制度、指标译法与比较资格","「国际争端研究」：在国际争端研究中，怎样核对地区制度、指标译法与比较资格，分开“可检查的承诺变化”与“传播或立场变化”？ 名称相同是否真的意味着比较对象相同？","true","false","","direction-owned-direction-case"
"international-law-7","international-law","law","法域、适用规则与材料出处","比较民法研究档案：条约文本、法域条件与实践记录；法域、条文版本和事实要件；意思表示、成立时点和履行记录；各方定义、资料来源和桥接规则。需对照的具体条目：权利主体、法律行为与效力要件","「比较民法」：在比较民法中，怎样核对权利主体、法律行为与效力要件，分开“适用要件差异”与“法域或版本变化”？ 名称相同是否真的意味着比较对象相同？","true","false","","direction-owned-direction-case"
"international-law-8","international-law","law","法域、适用规则与材料出处","比较公法研究档案：条约文本、法域条件与实践记录；法域、条文版本和事实要件；各方定义、资料来源和桥接规则。需对照国际规则与法域比较中的定义、对象索引与适用条件","「比较公法」：在比较公法中，怎样核对条约文本、法域条件与实践记录，分开“适用要件差异”与“法域或版本变化”？ 名称相同是否真的意味着比较对象相同？","true","false","","direction-owned-direction-case"
"international-law-9","international-law","law","法域、适用规则与材料出处","跨境法律关系研究档案：规范版本、争议事实和适用要件；相关领域文献对“条约文本、法域条件与实践记录”的用语与记录方式；法域、条文版本和事实要件。需对照国际规则与法域比较中的定义、对象索引与适用条件","「跨境法律关系」：在跨境法律关系中，怎样核对条约文本、法域条件与实践记录，分开“适用要件差异”与“法域或版本变化”？ 这一事实对应哪个要件，是否混淆了法域？","true","false","","direction-owned-direction-case"
"international-law-10","international-law","law","法域、适用规则与材料出处","区域法律制度研究档案：条约文本、法域条件与实践记录；法域、条文版本和事实要件；正式规则、实际执行和行为者立场；正式文本、执行条件与被排除的对象。需对照的具体条目：条文来源、权限分配与执行差异","「区域法律制度」：在区域法律制度中，怎样核对条文来源、权限分配与执行差异，分开“适用要件差异”与“法域或版本变化”？ 文本已经改变，实际机会和执行是否也改变了？","true","false","","direction-owned-direction-case"
"international-law-11","international-law","law","法域、适用规则与材料出处","国际法史研究档案：同时代记载与后期整理本的年代对照；相关领域文献对“条约文本、法域条件与实践记录”的用语与记录方式；年代、出处和同时代对照；法域、条文版本和事实要件。需对照的具体条目：法域、多语条款与缔约背景；地区制度、指标译法与比较资格","「国际法史」：在国际法史中，怎样核对法域、多语条款与缔约背景，分开“当时制度或实践”与“后来的回忆或分类”？ 哪一层叙述来自当时，哪一层来自后来的整理？","true","false","","direction-owned-direction-case"
"international-law-12","international-law","law","法域、适用规则与材料出处","法律翻译研究档案：规范版本、争议事实和适用要件；相关领域文献对“条约文本、法域条件与实践记录”的用语与记录方式；法域、条文版本和事实要件。需对照的具体条目：原文版本、读者任务与译法取舍","「法律翻译」：在法律翻译中，怎样核对原文版本、读者任务与译法取舍，分开“适用要件差异”与“法域或版本变化”？ 这一事实对应哪个要件，是否混淆了法域？","true","false","","direction-owned-direction-case"
"law-society-1","law-society","law","规范判断与经验材料分别论证","法律经验研究研究档案：制度文本、纠纷经验与实施层次；司法实践、职业关系和生活中的法律用语。需对照的具体条目：资料进入、职业实践与制度背景","「法律经验研究」：在法律经验研究中，怎样核对资料进入、职业实践与制度背景，分开“实际法律经验变化”与“进入资料或叙述位置改变”？","true","false","","direction-owned-direction-case"
"law-society-2","law-society","law","规范判断与经验材料分别论证","司法社会学研究档案：制度文本、纠纷经验与实施层次；司法实践、职业关系和生活中的法律用语；对象进入、角色关系和机会结构。需对照的具体条目：法院实践、职业角色与社会资源","「司法社会学」：在司法社会学中，怎样核对法院实践、职业角色与社会资源，分开“实际法律经验变化”与“进入资料或叙述位置改变”？","true","false","","direction-owned-direction-case"
"law-society-3","law-society","law","规范判断与经验材料分别论证","法律职业研究档案：制度文本、纠纷经验与实施层次；司法实践、职业关系和生活中的法律用语。需对照的具体条目：进入退出、工时与收入分布","「法律职业」：在法律职业中，怎样核对进入退出、工时与收入分布，分开“实际法律经验变化”与“进入资料或叙述位置改变”？","true","false","","direction-owned-direction-case"
"law-society-4","law-society","law","规范判断与经验材料分别论证","法律意识研究档案：制度文本、纠纷经验与实施层次；司法实践、职业关系和生活中的法律用语。需对照的具体条目：当事人用语、生活经验与规范理解","「法律意识」：在法律意识中，怎样核对当事人用语、生活经验与规范理解，分开“实际法律经验变化”与“进入资料或叙述位置改变”？","true","false","","direction-owned-direction-case"
"law-society-5","law-society","law","规范判断与经验材料分别论证","法制史研究档案：同时代记载与后期整理本的年代对照；相关领域文献对“制度文本、纠纷经验与实施层次”的用语与记录方式；年代、出处和同时代对照；法域、条文版本和事实要件。需对照法律规范与社会运行中的定义、对象索引与适用条件","「法制史」：在法制史中，怎样核对制度文本、纠纷经验与实施层次，分开“当时制度或实践”与“后来的回忆或分类”？ 哪一层叙述来自当时，哪一层来自后来的整理？","true","false","","direction-owned-direction-case"
"law-society-6","law-society","law","规范判断与经验材料分别论证","法哲学研究档案：规范版本、争议事实和适用要件；相关领域文献对“制度文本、纠纷经验与实施层次”的用语与记录方式；法域、条文版本和事实要件。需对照的具体条目：法律概念、规范效力与理由结构","「法哲学」：在法哲学中，怎样核对法律概念、规范效力与理由结构，分开“适用要件差异”与“法域或版本变化”？ 这一事实对应哪个要件，是否混淆了法域？","true","false","","direction-owned-direction-case"
"law-society-7","law-society","law","规范判断与经验材料分别论证","法律解释研究档案：规范版本、争议事实和适用要件；相关领域文献对“制度文本、纠纷经验与实施层次”的用语与记录方式；法域、条文版本和事实要件。需对照的具体条目：解释对象、论证方法与冲突规范","「法律解释」：在法律解释中，怎样核对解释对象、论证方法与冲突规范，分开“适用要件差异”与“法域或版本变化”？ 这一事实对应哪个要件，是否混淆了法域？","true","false","","direction-owned-direction-case"
"law-society-8","law-society","law","规范判断与经验材料分别论证","法律与技术研究档案：规范版本、争议事实和适用要件；相关领域文献对“制度文本、纠纷经验与实施层次”的用语与记录方式；法域、条文版本和事实要件。需对照的具体条目：工具版本、使用任务与适用承诺","「法律与技术」：在法律与技术中，怎样核对工具版本、使用任务与适用承诺，分开“适用要件差异”与“法域或版本变化”？ 这一事实对应哪个要件，是否混淆了法域？","true","false","","direction-owned-direction-case"
"law-society-9","law-society","law","规范判断与经验材料分别论证","纠纷解决研究档案：制度文本、纠纷经验与实施层次；陈述来源、证明对象和程序条件；司法实践、职业关系和生活中的法律用语。需对照法律规范与社会运行中的定义、对象索引与适用条件","「纠纷解决」：在纠纷解决中，怎样核对制度文本、纠纷经验与实施层次，分开“事实证据更充分”与“程序或陈述方式不同”？","true","false","","direction-owned-direction-case"
"law-society-10","law-society","law","规范判断与经验材料分别论证","法律服务研究档案：制度文本、纠纷经验与实施层次；司法实践、职业关系和生活中的法律用语。需对照的具体条目：服务资格、专业协作与未获帮助者","「法律服务」：在法律服务中，怎样核对服务资格、专业协作与未获帮助者，分开“实际法律经验变化”与“进入资料或叙述位置改变”？","true","false","","direction-owned-direction-case"
"law-society-11","law-society","law","规范判断与经验材料分别论证","法学文献方法研究档案：逐页出处、底本差异和缺页索引；相关领域文献对“制度文本、纠纷经验与实施层次”的用语与记录方式；底本出处、异文位置和编订层次；法域、条文版本和事实要件。需对照的具体条目：输入要求、适用前提与方法失败条件","「法学文献方法」：在法学文献方法中，怎样核对输入要求、适用前提与方法失败条件，分开“原始用法差异”与“编订或传承差异”？ 这个说法在原材料的哪一页，另一版本为何不同？","true","false","","direction-owned-direction-case"
"law-society-12","law-society","education","规范判断与经验材料分别论证","法律教育研究档案：教学任务、学生作答与撤去帮助后的新题；相关领域文献对“制度文本、纠纷经验与实施层次”的用语与记录方式；任务目标、辅助条件和延迟表现。需对照法律规范与社会运行中的定义、对象索引与适用条件","「法律教育」：在法律教育中，怎样核对制度文本、纠纷经验与实施层次，分开“独立学习改善”与“辅助或练习效应”？ 当场做对与真正能迁移，材料分别支持哪一个？","true","false","","direction-owned-direction-case"
"education-theory-1","education-theory","education","教育目标、历史语境与制度条件","教育哲学研究档案：理论文本、教育制度与时期语境；教育目的、制度条件与学习经验的分别材料；任务目标、辅助条件和延迟表现。需对照的具体条目：教育目的、行动理由与学习价值","「教育哲学」：在教育哲学中，怎样核对教育目的、行动理由与学习价值，分开“实际教育机会改变”与“目的表述或制度文本改变”？","true","false","","direction-owned-direction-case"
"education-theory-2","education-theory","education","教育目标、历史语境与制度条件","教育社会学研究档案：理论文本、教育制度与时期语境；教育目的、制度条件与学习经验的分别材料；任务目标、辅助条件和延迟表现。需对照教育目的与制度历史中的定义、对象索引与适用条件","「教育社会学」：在教育社会学中，怎样核对理论文本、教育制度与时期语境，分开“实际教育机会改变”与“目的表述或制度文本改变”？","true","false","","direction-owned-direction-case"
"education-theory-3","education-theory","education","教育目标、历史语境与制度条件","教育史研究档案：同时代记载与后期整理本的年代对照；相关领域文献对“理论文本、教育制度与时期语境”的用语与记录方式；年代、出处和同时代对照；同时代资料、后期整理和出处链。需对照教育目的与制度历史中的定义、对象索引与适用条件","「教育史」：在教育史中，怎样核对理论文本、教育制度与时期语境，分开“当时制度或实践”与“后来的回忆或分类”？ 哪一层叙述来自当时，哪一层来自后来的整理？","true","false","","direction-owned-direction-case"
"education-theory-4","education-theory","education","教育目标、历史语境与制度条件","比较教育研究档案：理论文本、教育制度与时期语境；教育目的、制度条件与学习经验的分别材料；任务目标、辅助条件和延迟表现；各方定义、资料来源和桥接规则。需对照的具体条目：地区制度、指标译法与比较资格","「比较教育」：在比较教育中，怎样核对地区制度、指标译法与比较资格，分开“实际教育机会改变”与“目的表述或制度文本改变”？ 名称相同是否真的意味着比较对象相同？","true","false","","direction-owned-direction-case"
"education-theory-5","education-theory","education","教育目标、历史语境与制度条件","教育制度研究档案：理论文本、教育制度与时期语境；教育目的、制度条件与学习经验的分别材料；任务目标、辅助条件和延迟表现；正式文本、执行条件与被排除的对象。需对照的具体条目：条文来源、权限分配与执行差异","「教育制度」：在教育制度中，怎样核对条文来源、权限分配与执行差异，分开“实际教育机会改变”与“目的表述或制度文本改变”？ 文本已经改变，实际机会和执行是否也改变了？","true","false","","direction-owned-direction-case"
"education-theory-6","education-theory","education","教育目标、历史语境与制度条件","教育公平研究档案：行动者理由、利益负担与提出异议的记录；相关领域文献对“理论文本、教育制度与时期语境”的用语与记录方式；受益负担、行动理由和申诉机会。需对照的具体条目：教育机会、进入条件与群体负担","「教育公平」：在教育公平中，怎样核对教育机会、进入条件与群体负担，分开“可辩护的规范理由”与“偏好数量代替理由”？ 谁承担了负担，现有理由怎样回应他的异议？","true","false","inclusion","direction-owned-direction-case"
"education-theory-7","education-theory","education","教育目标、历史语境与制度条件","教育伦理研究档案：行动者理由、利益负担与提出异议的记录；相关领域文献对“理论文本、教育制度与时期语境”的用语与记录方式；受益负担、行动理由和申诉机会。需对照的具体条目：行动理由、受益负担与申诉机会","「教育伦理」：在教育伦理中，怎样核对行动理由、受益负担与申诉机会，分开“可辩护的规范理由”与“偏好数量代替理由”？ 谁承担了负担，现有理由怎样回应他的异议？","true","false","","direction-owned-direction-case"
"education-theory-8","education-theory","education","教育目标、历史语境与制度条件","家庭教育研究档案：理论文本、教育制度与时期语境；教育目的、制度条件与学习经验的分别材料；任务目标、辅助条件和延迟表现。需对照的具体条目：亲属角色、家务分担与资源流动","「家庭教育」：在家庭教育中，怎样核对亲属角色、家务分担与资源流动，分开“实际教育机会改变”与“目的表述或制度文本改变”？","true","false","","direction-owned-direction-case"
"education-theory-9","education-theory","education","教育目标、历史语境与制度条件","学校文化研究档案：理论文本、教育制度与时期语境；教育目的、制度条件与学习经验的分别材料。需对照的具体条目：实践语境、符号用法与传承位置","「学校文化」：在学校文化中，怎样核对实践语境、符号用法与传承位置，分开“实际教育机会改变”与“目的表述或制度文本改变”？","true","false","","direction-owned-direction-case"
"education-theory-10","education-theory","education","教育目标、历史语境与制度条件","教育思想史研究档案：同时代记载与后期整理本的年代对照；相关领域文献对“理论文本、教育制度与时期语境”的用语与记录方式；年代、出处和同时代对照；同时代资料、后期整理和出处链。需对照的具体条目：概念用法、论争对象与传播时点","「教育思想史」：在教育思想史中，怎样核对概念用法、论争对象与传播时点，分开“当时制度或实践”与“后来的回忆或分类”？ 哪一层叙述来自当时，哪一层来自后来的整理？","true","false","","direction-owned-direction-case"
"education-theory-11","education-theory","education","教育目标、历史语境与制度条件","教育政策史研究档案：同时代记载与后期整理本的年代对照；相关领域文献对“理论文本、教育制度与时期语境”的用语与记录方式；年代、出处和同时代对照；同时代资料、后期整理和出处链。需对照的具体条目：文本目标、执行资源与受影响范围","「教育政策史」：在教育政策史中，怎样核对文本目标、执行资源与受影响范围，分开“当时制度或实践”与“后来的回忆或分类”？ 哪一层叙述来自当时，哪一层来自后来的整理？","true","false","","direction-owned-direction-case"
"education-theory-12","education-theory","education","教育目标、历史语境与制度条件","教育知识论研究档案：理论文本、教育制度与时期语境；教育目的、制度条件与学习经验的分别材料；任务目标、辅助条件和延迟表现。需对照的具体条目：知识分类、课程取舍与认识理由","「教育知识论」：在教育知识论中，怎样核对知识分类、课程取舍与认识理由，分开“实际教育机会改变”与“目的表述或制度文本改变”？","true","false","","direction-owned-direction-case"
"curriculum-studies-1","curriculum-studies","education","教学目标与实际课堂证据","课程理论研究档案：教学任务、学生作答与撤去帮助后的新题；相关领域文献对“教材结构、课堂任务与评价要求”的用语与记录方式；任务目标、辅助条件和延迟表现。需对照的具体条目：目标任务、辅助条件与延迟迁移；目标结构、内容选择与课程边界","「课程理论」：在课程理论中，怎样核对目标结构、内容选择与课程边界，分开“独立学习改善”与“辅助或练习效应”？ 当场做对与真正能迁移，材料分别支持哪一个？","true","false","learning","direction-owned-direction-case"
"curriculum-studies-2","curriculum-studies","education","教学目标与实际课堂证据","教学设计研究档案：教学任务、学生作答与撤去帮助后的新题；相关领域文献对“教材结构、课堂任务与评价要求”的用语与记录方式；任务目标、辅助条件和延迟表现。需对照的具体条目：目标任务、辅助条件与延迟迁移；目标对齐、活动顺序与评价任务","「教学设计」：在教学设计中，怎样核对目标对齐、活动顺序与评价任务，分开“独立学习改善”与“辅助或练习效应”？ 当场做对与真正能迁移，材料分别支持哪一个？","true","false","learning","direction-owned-direction-case"
"curriculum-studies-3","curriculum-studies","education","教学目标与实际课堂证据","课堂研究研究档案：教材结构、课堂任务与评价要求；学习机会、互动角色和环境支持。需对照课程目标与任务中的定义、对象索引与适用条件","「课堂研究」：在课堂研究中，怎样核对教材结构、课堂任务与评价要求，分开“实际参与改善”与“资源或角色改变”？","true","false","","direction-owned-direction-case"
"curriculum-studies-4","curriculum-studies","education","教学目标与实际课堂证据","学科教学研究档案：教学任务、学生作答与撤去帮助后的新题；相关领域文献对“教材结构、课堂任务与评价要求”的用语与记录方式；任务目标、辅助条件和延迟表现。需对照的具体条目：目标任务、辅助条件与延迟迁移；学科概念、学生误解与教学表征","「学科教学」：在学科教学中，怎样核对学科概念、学生误解与教学表征，分开“独立学习改善”与“辅助或练习效应”？ 当场做对与真正能迁移，材料分别支持哪一个？","true","false","learning","direction-owned-direction-case"
"curriculum-studies-5","curriculum-studies","education","教学目标与实际课堂证据","教材分析研究档案：教学任务、学生作答与撤去帮助后的新题；相关领域文献对“教材结构、课堂任务与评价要求”的用语与记录方式；任务目标、辅助条件和延迟表现。需对照的具体条目：输入假设、测量或推导链与不确定性","「教材分析」：在教材分析中，怎样核对输入假设、测量或推导链与不确定性，分开“独立学习改善”与“辅助或练习效应”？ 当场做对与真正能迁移，材料分别支持哪一个？","true","false","","direction-owned-direction-case"
"curriculum-studies-6","curriculum-studies","education","教学目标与实际课堂证据","教师反馈研究档案：教学任务、学生作答与撤去帮助后的新题；相关领域文献对“教材结构、课堂任务与评价要求”的用语与记录方式；任务目标、辅助条件和延迟表现。需对照的具体条目：反馈时点、专业判断与课堂条件","「教师反馈」：在教师反馈中，怎样核对反馈时点、专业判断与课堂条件，分开“独立学习改善”与“辅助或练习效应”？ 当场做对与真正能迁移，材料分别支持哪一个？","true","false","","direction-owned-direction-case"
"curriculum-studies-7","curriculum-studies","education","教学目标与实际课堂证据","学习评价研究档案：教材结构、课堂任务与评价要求；任务目标、辅助条件和延迟表现。需对照的具体条目：目标任务、辅助条件与延迟迁移；目标构念、任务难度与评分规则","「学习评价」：在学习评价中，怎样核对目标构念、任务难度与评分规则，分开“独立学习改善”与“辅助或练习效应”？","true","false","learning","direction-owned-direction-case"
"curriculum-studies-8","curriculum-studies","education","教学目标与实际课堂证据","项目学习研究档案：教材结构、课堂任务与评价要求；任务目标、辅助条件和延迟表现。需对照的具体条目：目标任务、辅助条件与延迟迁移；项目分工、持续产出与个体学习","「项目学习」：在项目学习中，怎样核对项目分工、持续产出与个体学习，分开“独立学习改善”与“辅助或练习效应”？","true","false","learning","direction-owned-direction-case"
"curriculum-studies-9","curriculum-studies","education","教学目标与实际课堂证据","探究教学研究档案：教学任务、学生作答与撤去帮助后的新题；相关领域文献对“教材结构、课堂任务与评价要求”的用语与记录方式；任务目标、辅助条件和延迟表现。需对照的具体条目：目标任务、辅助条件与延迟迁移；学生问题、证据使用与解释修订","「探究教学」：在探究教学中，怎样核对学生问题、证据使用与解释修订，分开“独立学习改善”与“辅助或练习效应”？ 当场做对与真正能迁移，材料分别支持哪一个？","true","false","learning","direction-owned-direction-case"
"curriculum-studies-10","curriculum-studies","education","教学目标与实际课堂证据","跨学科课程研究档案：教学任务、学生作答与撤去帮助后的新题；相关领域文献对“教材结构、课堂任务与评价要求”的用语与记录方式；任务目标、辅助条件和延迟表现。需对照的具体条目：目标任务、辅助条件与延迟迁移；共同问题、学科分工与评价对齐","「跨学科课程」：在跨学科课程中，怎样核对共同问题、学科分工与评价对齐，分开“独立学习改善”与“辅助或练习效应”？ 当场做对与真正能迁移，材料分别支持哪一个？","true","false","learning","direction-owned-direction-case"
"curriculum-studies-11","curriculum-studies","education","教学目标与实际课堂证据","课程实施研究档案：教学任务、学生作答与撤去帮助后的新题；相关领域文献对“教材结构、课堂任务与评价要求”的用语与记录方式；任务目标、辅助条件和延迟表现。需对照的具体条目：目标任务、辅助条件与延迟迁移；计划内容、课堂实际与调整原因","「课程实施」：在课程实施中，怎样核对计划内容、课堂实际与调整原因，分开“独立学习改善”与“辅助或练习效应”？ 当场做对与真正能迁移，材料分别支持哪一个？","true","false","learning","direction-owned-direction-case"
"curriculum-studies-12","curriculum-studies","education","教学目标与实际课堂证据","教学反思研究档案：教学任务、学生作答与撤去帮助后的新题；相关领域文献对“教材结构、课堂任务与评价要求”的用语与记录方式；任务目标、辅助条件和延迟表现。需对照的具体条目：目标任务、辅助条件与延迟迁移；关键事件、教师判断与替代方案","「教学反思」：在教学反思中，怎样核对关键事件、教师判断与替代方案，分开“独立学习改善”与“辅助或练习效应”？ 当场做对与真正能迁移，材料分别支持哪一个？","true","false","learning","direction-owned-direction-case"
"early-education-1","early-education","education","儿童经验、任务条件与支持需要","儿童发展研究档案：发展阶段、参与条件与家庭支持；阶段界限、相关对象和进入机会。需对照的具体条目：发展阶段、照护关系与适龄任务","「儿童发展」：在儿童发展中，怎样核对发展阶段、照护关系与适龄任务，分开“发展历程差异”与“阶段构成或进入差异”？","true","false","","direction-owned-direction-case"
"early-education-2","early-education","education","儿童经验、任务条件与支持需要","游戏与学习研究档案：发展阶段、参与条件与家庭支持；任务目标、辅助条件和延迟表现。需对照的具体条目：目标任务、辅助条件与延迟迁移","「游戏与学习」：在游戏与学习中，怎样核对目标任务、辅助条件与延迟迁移，分开“独立学习改善”与“辅助或练习效应”？","true","false","","direction-owned-direction-case"
"early-education-3","early-education","education","儿童经验、任务条件与支持需要","幼儿园课程研究档案：教学任务、学生作答与撤去帮助后的新题；相关领域文献对“发展阶段、参与条件与家庭支持”的用语与记录方式；任务目标、辅助条件和延迟表现。需对照的具体条目：目标任务、辅助条件与延迟迁移；发展阶段、照护关系与适龄任务","「幼儿园课程」：在幼儿园课程中，怎样核对目标任务、辅助条件与延迟迁移，分开“独立学习改善”与“辅助或练习效应”？ 当场做对与真正能迁移，材料分别支持哪一个？","true","false","","direction-owned-direction-case"
"early-education-4","early-education","education","儿童经验、任务条件与支持需要","家庭协作研究档案：发展阶段、参与条件与家庭支持；对象进入、角色关系和机会结构；学习机会、互动角色和环境支持。需对照的具体条目：亲属角色、家务分担与资源流动","「家庭协作」：在家庭协作中，怎样核对亲属角色、家务分担与资源流动，分开“行为或关系改变”与“进入机会或结构改变”？","true","false","","direction-owned-direction-case"
"early-education-5","early-education","education","儿童经验、任务条件与支持需要","融合教育研究档案：教学任务、学生作答与撤去帮助后的新题；相关领域文献对“发展阶段、参与条件与家庭支持”的用语与记录方式；任务目标、辅助条件和延迟表现。需对照的具体条目：支持需要、实际参与与环境障碍；支持需要、普通课堂参与与障碍","「融合教育」：在融合教育中，怎样核对支持需要、普通课堂参与与障碍，分开“独立学习改善”与“辅助或练习效应”？ 当场做对与真正能迁移，材料分别支持哪一个？","true","false","inclusion","direction-owned-direction-case"
"early-education-6","early-education","education","儿童经验、任务条件与支持需要","特殊教育评价研究档案：教学任务、学生作答与撤去帮助后的新题；相关领域文献对“发展阶段、参与条件与家庭支持”的用语与记录方式；任务目标、辅助条件和延迟表现。需对照的具体条目：支持需要、实际参与与环境障碍；适用人群、辅助条件与进步口径","「特殊教育评价」：在特殊教育评价中，怎样核对适用人群、辅助条件与进步口径，分开“独立学习改善”与“辅助或练习效应”？ 当场做对与真正能迁移，材料分别支持哪一个？","true","false","inclusion","direction-owned-direction-case"
"early-education-7","early-education","education","儿童经验、任务条件与支持需要","语言发展教育研究档案：教学任务、学生作答与撤去帮助后的新题；相关领域文献对“发展阶段、参与条件与家庭支持”的用语与记录方式；任务目标、辅助条件和延迟表现；发音或语境片段、形式对照和说话者背景。需对照儿童发展与支持中的定义、对象索引与适用条件","「语言发展教育」：在语言发展教育中，怎样核对发展阶段、参与条件与家庭支持，分开“独立学习改善”与“辅助或练习效应”？ 当场做对与真正能迁移，材料分别支持哪一个？","true","false","","direction-owned-direction-case"
"early-education-8","early-education","sport","儿童经验、任务条件与支持需要","感知与运动支持研究档案：发展阶段、参与条件与家庭支持；训练暴露、恢复阶段和任务表现。需对照的具体条目：训练暴露、恢复阶段与测试熟悉","「感知与运动支持」：在感知与运动支持中，怎样核对训练暴露、恢复阶段与测试熟悉，分开“可迁移训练收益”与“熟悉或恢复差异”？","true","false","","direction-owned-direction-case"
"early-education-9","early-education","education","儿童经验、任务条件与支持需要","支持技术研究档案：发展阶段、参与条件与家庭支持；学习机会、互动角色和环境支持。需对照的具体条目：工具版本、使用任务与适用承诺","「支持技术」：在支持技术中，怎样核对工具版本、使用任务与适用承诺，分开“实际参与改善”与“资源或角色改变”？","true","false","","direction-owned-direction-case"
"early-education-10","early-education","education","儿童经验、任务条件与支持需要","教育参与研究档案：教学任务、学生作答与撤去帮助后的新题；相关领域文献对“发展阶段、参与条件与家庭支持”的用语与记录方式；任务目标、辅助条件和延迟表现。需对照儿童发展与支持中的定义、对象索引与适用条件","「教育参与」：在教育参与中，怎样核对发展阶段、参与条件与家庭支持，分开“独立学习改善”与“辅助或练习效应”？ 当场做对与真正能迁移，材料分别支持哪一个？","true","false","","direction-owned-direction-case"
"early-education-11","early-education","education","儿童经验、任务条件与支持需要","早期教育环境研究档案：教学任务、学生作答与撤去帮助后的新题；相关领域文献对“发展阶段、参与条件与家庭支持”的用语与记录方式；任务目标、辅助条件和延迟表现。需对照的具体条目：活动空间、照护互动与探索机会","「早期教育环境」：在早期教育环境中，怎样核对活动空间、照护互动与探索机会，分开“独立学习改善”与“辅助或练习效应”？ 当场做对与真正能迁移，材料分别支持哪一个？","true","false","","direction-owned-direction-case"
"early-education-12","early-education","education","儿童经验、任务条件与支持需要","教育服务研究档案：教学任务、学生作答与撤去帮助后的新题；相关领域文献对“发展阶段、参与条件与家庭支持”的用语与记录方式；任务目标、辅助条件和延迟表现。需对照的具体条目：服务门槛、实际覆盖与家庭需要","「教育服务」：在教育服务中，怎样核对服务门槛、实际覆盖与家庭需要，分开“独立学习改善”与“辅助或练习效应”？ 当场做对与真正能迁移，材料分别支持哪一个？","true","false","","direction-owned-direction-case"
"higher-education-1","higher-education","education","机构制度与学生经历的层次","大学治理研究档案：培养制度、指导网络与学生经历；学习机会、互动角色和环境支持；正式文本、执行条件与被排除的对象。需对照的具体条目：规则来源、执行条件与行动者立场；培养阶段、指导关系与学术参与机会","「大学治理」：在大学治理中，怎样核对规则来源、执行条件与行动者立场，分开“实际参与改善”与“资源或角色改变”？ 文本已经改变，实际机会和执行是否也改变了？","true","false","","direction-owned-direction-case"
"higher-education-2","higher-education","education","机构制度与学生经历的层次","研究生教育研究档案：培养制度、指导网络与学生经历；任务目标、辅助条件和延迟表现。需对照的具体条目：培养阶段、指导关系与学术参与机会；指导反馈、研究参与与阶段目标","「研究生教育」：在研究生教育中，怎样核对指导反馈、研究参与与阶段目标，分开“独立学习改善”与“辅助或练习效应”？","true","false","","direction-owned-direction-case"
"higher-education-3","higher-education","education","机构制度与学生经历的层次","高等教育评价研究档案：培养制度、指导网络与学生经历；任务目标、辅助条件和延迟表现。需对照的具体条目：培养阶段、指导关系与学术参与机会；大学任务、评价权重与学科差异","「高等教育评价」：在高等教育评价中，怎样核对大学任务、评价权重与学科差异，分开“独立学习改善”与“辅助或练习效应”？","true","false","learning","direction-owned-direction-case"
"higher-education-4","higher-education","education","机构制度与学生经历的层次","职业教育研究档案：培养制度、指导网络与学生经历；任务目标、辅助条件和延迟表现。需对照的具体条目：进入退出、工时与收入分布","「职业教育」：在职业教育中，怎样核对进入退出、工时与收入分布，分开“独立学习改善”与“辅助或练习效应”？","true","false","","direction-owned-direction-case"
"higher-education-5","higher-education","education","机构制度与学生经历的层次","专业与课程研究档案：培养制度、指导网络与学生经历；任务目标、辅助条件和延迟表现。需对照的具体条目：目标任务、辅助条件与延迟迁移","「专业与课程」：在专业与课程中，怎样核对目标任务、辅助条件与延迟迁移，分开“独立学习改善”与“辅助或练习效应”？","true","false","learning","direction-owned-direction-case"
"higher-education-6","higher-education","education","机构制度与学生经历的层次","大学生发展研究档案：培养制度、指导网络与学生经历；阶段界限、相关对象和进入机会。需对照的具体条目：培养阶段、指导关系与学术参与机会","「大学生发展」：在大学生发展中，怎样核对培养阶段、指导关系与学术参与机会，分开“发展历程差异”与“阶段构成或进入差异”？","true","false","","direction-owned-direction-case"
"higher-education-7","higher-education","education","机构制度与学生经历的层次","学术职业研究档案：培养制度、指导网络与学生经历；学习机会、互动角色和环境支持。需对照的具体条目：进入退出、工时与收入分布","「学术职业」：在学术职业中，怎样核对进入退出、工时与收入分布，分开“实际参与改善”与“资源或角色改变”？","true","false","","direction-owned-direction-case"
"higher-education-8","higher-education","education","机构制度与学生经历的层次","产教合作研究档案：培养制度、指导网络与学生经历；学习机会、互动角色和环境支持。需对照的具体条目：培养目标、岗位任务与双方责任","「产教合作」：在产教合作中，怎样核对培养目标、岗位任务与双方责任，分开“实际参与改善”与“资源或角色改变”？","true","false","","direction-owned-direction-case"
"higher-education-9","higher-education","education","机构制度与学生经历的层次","继续教育研究档案：培养制度、指导网络与学生经历；任务目标、辅助条件和延迟表现。需对照的具体条目：已有经验、学习机会与工作约束","「继续教育」：在继续教育中，怎样核对已有经验、学习机会与工作约束，分开“独立学习改善”与“辅助或练习效应”？","true","false","","direction-owned-direction-case"
"higher-education-10","higher-education","education","机构制度与学生经历的层次","教育与就业研究档案：培养制度、指导网络与学生经历；任务目标、辅助条件和延迟表现。需对照的具体条目：教育选择、岗位需求与职业进入","「教育与就业」：在教育与就业中，怎样核对教育选择、岗位需求与职业进入，分开“独立学习改善”与“辅助或练习效应”？","true","false","","direction-owned-direction-case"
"higher-education-11","higher-education","education","机构制度与学生经历的层次","国际教育研究档案：培养制度、指导网络与学生经历；任务目标、辅助条件和延迟表现；各方定义、资料来源和桥接规则。需对照的具体条目：地区制度、指标译法与比较资格","「国际教育」：在国际教育中，怎样核对地区制度、指标译法与比较资格，分开“独立学习改善”与“辅助或练习效应”？ 名称相同是否真的意味着比较对象相同？","true","false","","direction-owned-direction-case"
"higher-education-12","higher-education","education","机构制度与学生经历的层次","校园支持研究档案：培养制度、指导网络与学生经历；学习机会、互动角色和环境支持。需对照的具体条目：求助入口、支持关系与服务退出","「校园支持」：在校园支持中，怎样核对求助入口、支持关系与服务退出，分开“实际参与改善”与“资源或角色改变”？","true","false","","direction-owned-direction-case"
"education-technology-1","education-technology","education","工具版本、学习任务与效果边界","学习分析研究档案：工具版本、学习活动与反馈使用；任务目标、辅助条件和延迟表现。需对照的具体条目：目标任务、辅助条件与延迟迁移；输入假设、测量或推导链与不确定性","「学习分析」：在学习分析中，怎样核对目标任务、辅助条件与延迟迁移，分开“独立学习改善”与“辅助或练习效应”？","true","false","learning","direction-owned-direction-case"
"education-technology-2","education-technology","education","工具版本、学习任务与效果边界","数字学习环境研究档案：工具版本、学习活动与反馈使用；任务目标、辅助条件和延迟表现；版本规则、对象索引和使用任务。需对照的具体条目：目标任务、辅助条件与延迟迁移；编码规则、平台入口与不可见记录","「数字学习环境」：在数字学习环境中，怎样核对目标任务、辅助条件与延迟迁移，分开“独立学习改善”与“辅助或练习效应”？","true","false","learning","direction-owned-direction-case"
"education-technology-3","education-technology","education","工具版本、学习任务与效果边界","在线协作研究档案：工具版本、学习活动与反馈使用；学习机会、互动角色和环境支持。需对照学习技术与设计中的定义、对象索引与适用条件","「在线协作」：在在线协作中，怎样核对工具版本、学习活动与反馈使用，分开“实际参与改善”与“资源或角色改变”？","true","false","","direction-owned-direction-case"
"education-technology-4","education-technology","education","工具版本、学习任务与效果边界","教学媒体研究档案：教学任务、学生作答与撤去帮助后的新题；相关领域文献对“工具版本、学习活动与反馈使用”的用语与记录方式；任务目标、辅助条件和延迟表现。需对照的具体条目：目标任务、辅助条件与延迟迁移","「教学媒体」：在教学媒体中，怎样核对目标任务、辅助条件与延迟迁移，分开“独立学习改善”与“辅助或练习效应”？ 当场做对与真正能迁移，材料分别支持哪一个？","true","false","learning","direction-owned-direction-case"
"education-technology-5","education-technology","education","工具版本、学习任务与效果边界","教育游戏研究档案：教学任务、学生作答与撤去帮助后的新题；相关领域文献对“工具版本、学习活动与反馈使用”的用语与记录方式；任务目标、辅助条件和延迟表现。需对照的具体条目：规则反馈、任务挑战与学习迁移","「教育游戏」：在教育游戏中，怎样核对规则反馈、任务挑战与学习迁移，分开“独立学习改善”与“辅助或练习效应”？ 当场做对与真正能迁移，材料分别支持哪一个？","true","false","","direction-owned-direction-case"
"education-technology-6","education-technology","education","工具版本、学习任务与效果边界","智能辅导评价研究档案：教学任务、学生作答与撤去帮助后的新题；相关领域文献对“工具版本、学习活动与反馈使用”的用语与记录方式；任务目标、辅助条件和延迟表现。需对照的具体条目：建议来源、学生依赖与撤去支持","「智能辅导评价」：在智能辅导评价中，怎样核对建议来源、学生依赖与撤去支持，分开“独立学习改善”与“辅助或练习效应”？ 当场做对与真正能迁移，材料分别支持哪一个？","true","false","learning","direction-owned-direction-case"
"education-technology-7","education-technology","education","工具版本、学习任务与效果边界","资源设计研究档案：工具版本、学习活动与反馈使用；学习机会、互动角色和环境支持；任务路径、迭代版本和错误恢复记录。需对照学习技术与设计中的定义、对象索引与适用条件","「资源设计」：在资源设计中，怎样核对工具版本、学习活动与反馈使用，分开“实际参与改善”与“资源或角色改变”？ 这次变好是设计改进，还是使用者得到更多帮助？","true","false","","direction-owned-direction-case"
"education-technology-8","education-technology","education","工具版本、学习任务与效果边界","教师数字实践研究档案：教学任务、学生作答与撤去帮助后的新题；相关领域文献对“工具版本、学习活动与反馈使用”的用语与记录方式；任务目标、辅助条件和延迟表现。需对照的具体条目：编码规则、平台入口与不可见记录；反馈时点、专业判断与课堂条件","「教师数字实践」：在教师数字实践中，怎样核对编码规则、平台入口与不可见记录，分开“独立学习改善”与“辅助或练习效应”？ 当场做对与真正能迁移，材料分别支持哪一个？","true","false","","direction-owned-direction-case"
"education-technology-9","education-technology","education","工具版本、学习任务与效果边界","学习可及性研究档案：工具版本、学习活动与反馈使用；任务目标、辅助条件和延迟表现；任务路径、迭代版本和错误恢复记录。需对照的具体条目：目标任务、辅助条件与延迟迁移","「学习可及性」：在学习可及性中，怎样核对目标任务、辅助条件与延迟迁移，分开“独立学习改善”与“辅助或练习效应”？ 这次变好是设计改进，还是使用者得到更多帮助？","true","false","learning","direction-owned-direction-case"
"education-technology-10","education-technology","education","工具版本、学习任务与效果边界","教育技术伦理研究档案：行动者理由、利益负担与提出异议的记录；相关领域文献对“工具版本、学习活动与反馈使用”的用语与记录方式；受益负担、行动理由和申诉机会。需对照的具体条目：行动理由、受益负担与申诉机会；工具版本、使用任务与适用承诺","「教育技术伦理」：在教育技术伦理中，怎样核对行动理由、受益负担与申诉机会，分开“可辩护的规范理由”与“偏好数量代替理由”？ 谁承担了负担，现有理由怎样回应他的异议？","true","false","","direction-owned-direction-case"
"education-technology-11","education-technology","education","工具版本、学习任务与效果边界","沉浸学习研究档案：工具版本、学习活动与反馈使用；任务目标、辅助条件和延迟表现。需对照的具体条目：目标任务、辅助条件与延迟迁移；感知条件、交互负担与退出体验","「沉浸学习」：在沉浸学习中，怎样核对目标任务、辅助条件与延迟迁移，分开“独立学习改善”与“辅助或练习效应”？","true","false","learning","direction-owned-direction-case"
"education-technology-12","education-technology","education","工具版本、学习任务与效果边界","技术整合研究档案：工具版本、学习活动与反馈使用；学习机会、互动角色和环境支持。需对照的具体条目：工具版本、使用任务与适用承诺；来源映射、重叠对象与桥接假设","「技术整合」：在技术整合中，怎样核对工具版本、使用任务与适用承诺，分开“实际参与改善”与“资源或角色改变”？","true","false","","direction-owned-direction-case"
"chinese-language-1","chinese-language","literature","作品版本、语言材料与解释语境","古代文学研究档案：同时代记载与后期整理本的年代对照；相关领域文献对“汉语实例、文学版本与诠释传统”的用语与记录方式；年代、出处和同时代对照；叙述位置、文本片段和出版语境。需对照的具体条目：叙述声音、关键片段与版本语境；原典传承、时代用语与后世注释","「古代文学」：在古代文学中，怎样核对叙述声音、关键片段与版本语境，分开“当时制度或实践”与“后来的回忆或分类”？ 哪一层叙述来自当时，哪一层来自后来的整理？","true","false","narrative","direction-owned-direction-case"
"chinese-language-2","chinese-language","literature","作品版本、语言材料与解释语境","现代文学研究档案：关键段落、话语位置和相反解释；相关领域文献对“汉语实例、文学版本与诠释传统”的用语与记录方式；年代、出处和同时代对照；叙述位置、文本片段和出版语境。需对照的具体条目：叙述声音、关键片段与版本语境；时期划分、制度变化与同时代用语","「现代文学」：在现代文学中，怎样核对叙述声音、关键片段与版本语境，分开“当时制度或实践”与“后来的回忆或分类”？ 这段材料支持哪种解释，又抵触哪种解释？","true","false","narrative","direction-owned-direction-case"
"chinese-language-3","chinese-language","literature","作品版本、语言材料与解释语境","当代文学研究档案：关键段落、话语位置和相反解释；相关领域文献对“汉语实例、文学版本与诠释传统”的用语与记录方式；叙述位置、文本片段和出版语境。需对照的具体条目：叙述声音、关键片段与版本语境；当代出版、社会语境与接受变化","「当代文学」：在当代文学中，怎样核对当代出版、社会语境与接受变化，分开“文本支持的解释”与“人物声音的直接外推”？ 这段材料支持哪种解释，又抵触哪种解释？","true","false","narrative","direction-owned-direction-case"
"chinese-language-4","chinese-language","literature","作品版本、语言材料与解释语境","文艺理论研究档案：汉语实例、文学版本与诠释传统；叙述位置、文本片段和出版语境。需对照汉语与文学文献中的定义、对象索引与适用条件","「文艺理论」：在文艺理论中，怎样核对汉语实例、文学版本与诠释传统，分开“文本支持的解释”与“人物声音的直接外推”？","true","false","","direction-owned-direction-case"
"chinese-language-5","chinese-language","language","作品版本、语言材料与解释语境","汉语语法研究档案：汉语实例、文学版本与诠释传统；发音或语境片段、形式对照和说话者背景。需对照的具体条目：最小句对、结构位置与可接受度背景；中文原典、制度时期与地方用语","「汉语语法」：在汉语语法中，怎样核对最小句对、结构位置与可接受度背景，分开“语言结构或用法差异”与“任务或语境差异”？","true","false","syntax","direction-owned-direction-case"
"chinese-language-6","chinese-language","language","作品版本、语言材料与解释语境","汉语词汇研究档案：汉语实例、文学版本与诠释传统；发音或语境片段、形式对照和说话者背景。需对照的具体条目：中文原典、制度时期与地方用语；词项分布、搭配条件与义项划分","「汉语词汇」：在汉语词汇中，怎样核对中文原典、制度时期与地方用语，分开“语言结构或用法差异”与“任务或语境差异”？","true","false","","direction-owned-direction-case"
"chinese-language-7","chinese-language","language","作品版本、语言材料与解释语境","汉语方言研究档案：汉语实例、文学版本与诠释传统；发音或语境片段、形式对照和说话者背景。需对照的具体条目：中文原典、制度时期与地方用语；地点、说话者历程与变体分布","「汉语方言」：在汉语方言中，怎样核对中文原典、制度时期与地方用语，分开“语言结构或用法差异”与“任务或语境差异”？","true","false","","direction-owned-direction-case"
"chinese-language-8","chinese-language","language","作品版本、语言材料与解释语境","古典文献研究档案：逐页出处、底本差异和缺页索引；相关领域文献对“汉语实例、文学版本与诠释传统”的用语与记录方式；底本出处、异文位置和编订层次。需对照的具体条目：原典传承、时代用语与后世注释","「古典文献」：在古典文献中，怎样核对原典传承、时代用语与后世注释，分开“原始用法差异”与“编订或传承差异”？ 这个说法在原材料的哪一页，另一版本为何不同？","true","false","","direction-owned-direction-case"
"chinese-language-9","chinese-language","literature","作品版本、语言材料与解释语境","文学批评研究档案：关键段落、话语位置和相反解释；相关领域文献对“汉语实例、文学版本与诠释传统”的用语与记录方式；叙述位置、文本片段和出版语境。需对照的具体条目：叙述声音、关键片段与版本语境；批评标准、文本依据与反对意见","「文学批评」：在文学批评中，怎样核对批评标准、文本依据与反对意见，分开“文本支持的解释”与“人物声音的直接外推”？ 这段材料支持哪种解释，又抵触哪种解释？","true","false","narrative","direction-owned-direction-case"
"chinese-language-10","chinese-language","literature","作品版本、语言材料与解释语境","文学与媒介研究档案：关键段落、话语位置和相反解释；相关领域文献对“汉语实例、文学版本与诠释传统”的用语与记录方式；叙述位置、文本片段和出版语境；生产记录、传播路径和接触机会。需对照的具体条目：叙述声音、关键片段与版本语境；媒介形式、生产条件与可见性规则","「文学与媒介」：在文学与媒介中，怎样核对叙述声音、关键片段与版本语境，分开“文本支持的解释”与“人物声音的直接外推”？ 这段材料支持哪种解释，又抵触哪种解释？","true","false","narrative","direction-owned-direction-case"
"chinese-language-11","chinese-language","literature","作品版本、语言材料与解释语境","地域文学研究档案：关键段落、话语位置和相反解释；相关领域文献对“汉语实例、文学版本与诠释传统”的用语与记录方式；叙述位置、文本片段和出版语境。需对照的具体条目：叙述声音、关键片段与版本语境；地域称谓、地方网络与流通边界","「地域文学」：在地域文学中，怎样核对地域称谓、地方网络与流通边界，分开“文本支持的解释”与“人物声音的直接外推”？ 这段材料支持哪种解释，又抵触哪种解释？","true","false","narrative","direction-owned-direction-case"
"chinese-language-12","chinese-language","education","作品版本、语言材料与解释语境","文学教育研究档案：教学任务、学生作答与撤去帮助后的新题；相关领域文献对“汉语实例、文学版本与诠释传统”的用语与记录方式；任务目标、辅助条件和延迟表现。需对照的具体条目：叙述声音、关键片段与版本语境","「文学教育」：在文学教育中，怎样核对叙述声音、关键片段与版本语境，分开“独立学习改善”与“辅助或练习效应”？ 当场做对与真正能迁移，材料分别支持哪一个？","true","false","narrative","direction-owned-direction-case"
"foreign-literatures-1","foreign-literatures","literature","语种、译本与比较范围","英语文学研究档案：关键段落、话语位置和相反解释；相关领域文献对“原语文本、译本差异与接受背景”的用语与记录方式；叙述位置、文本片段和出版语境。需对照的具体条目：叙述声音、关键片段与版本语境；语言原本、译介年代与接受语境；英语原版、修订版与英语言说语境","「英语文学」：在英语文学中，怎样核对叙述声音、关键片段与版本语境，分开“文本支持的解释”与“人物声音的直接外推”？ 这段材料支持哪种解释，又抵触哪种解释？","true","false","narrative","direction-owned-direction-case"
"foreign-literatures-2","foreign-literatures","literature","语种、译本与比较范围","法语文学研究档案：关键段落、话语位置和相反解释；相关领域文献对“原语文本、译本差异与接受背景”的用语与记录方式；叙述位置、文本片段和出版语境。需对照的具体条目：叙述声音、关键片段与版本语境；语言原本、译介年代与接受语境；法语原版、译介版本与法语言说语境","「法语文学」：在法语文学中，怎样核对叙述声音、关键片段与版本语境，分开“文本支持的解释”与“人物声音的直接外推”？ 这段材料支持哪种解释，又抵触哪种解释？","true","false","narrative","direction-owned-direction-case"
"foreign-literatures-3","foreign-literatures","literature","语种、译本与比较范围","德语文学研究档案：关键段落、话语位置和相反解释；相关领域文献对“原语文本、译本差异与接受背景”的用语与记录方式；叙述位置、文本片段和出版语境。需对照的具体条目：叙述声音、关键片段与版本语境；语言原本、译介年代与接受语境；德语原版、译介版本与德语言说语境","「德语文学」：在德语文学中，怎样核对叙述声音、关键片段与版本语境，分开“文本支持的解释”与“人物声音的直接外推”？ 这段材料支持哪种解释，又抵触哪种解释？","true","false","narrative","direction-owned-direction-case"
"foreign-literatures-4","foreign-literatures","literature","语种、译本与比较范围","俄语文学研究档案：关键段落、话语位置和相反解释；相关领域文献对“原语文本、译本差异与接受背景”的用语与记录方式；叙述位置、文本片段和出版语境。需对照的具体条目：叙述声音、关键片段与版本语境；语言原本、译介年代与接受语境；俄语原版、译介版本与俄语言说语境","「俄语文学」：在俄语文学中，怎样核对叙述声音、关键片段与版本语境，分开“文本支持的解释”与“人物声音的直接外推”？ 这段材料支持哪种解释，又抵触哪种解释？","true","false","narrative","direction-owned-direction-case"
"foreign-literatures-5","foreign-literatures","literature","语种、译本与比较范围","日本文学研究档案：关键段落、话语位置和相反解释；相关领域文献对“原语文本、译本差异与接受背景”的用语与记录方式；叙述位置、文本片段和出版语境。需对照的具体条目：叙述声音、关键片段与版本语境；语言原本、译介年代与接受语境；日语原版、译介版本与日本接受语境","「日本文学」：在日本文学中，怎样核对叙述声音、关键片段与版本语境，分开“文本支持的解释”与“人物声音的直接外推”？ 这段材料支持哪种解释，又抵触哪种解释？","true","false","narrative","direction-owned-direction-case"
"foreign-literatures-6","foreign-literatures","literature","语种、译本与比较范围","韩国文学研究档案：关键段落、话语位置和相反解释；相关领域文献对“原语文本、译本差异与接受背景”的用语与记录方式；叙述位置、文本片段和出版语境。需对照的具体条目：叙述声音、关键片段与版本语境；语言原本、译介年代与接受语境；韩语原版、译介版本与韩国接受语境","「韩国文学」：在韩国文学中，怎样核对叙述声音、关键片段与版本语境，分开“文本支持的解释”与“人物声音的直接外推”？ 这段材料支持哪种解释，又抵触哪种解释？","true","false","narrative","direction-owned-direction-case"
"foreign-literatures-7","foreign-literatures","literature","语种、译本与比较范围","跨文化比较研究档案：原语文本、译本差异与接受背景；原文版本、目的读者和译法取舍；各方定义、资料来源和桥接规则。需对照的具体条目：实践语境、符号用法与传承位置","「跨文化比较」：在跨文化比较中，怎样核对实践语境、符号用法与传承位置，分开“符合目的的译法”与“字面相似的译法”？ 名称相同是否真的意味着比较对象相同？","true","false","narrative","direction-owned-direction-case"
"foreign-literatures-8","foreign-literatures","literature","语种、译本与比较范围","世界文学研究档案：关键段落、话语位置和相反解释；相关领域文献对“原语文本、译本差异与接受背景”的用语与记录方式；叙述位置、文本片段和出版语境。需对照的具体条目：叙述声音、关键片段与版本语境；跨区域联结、地方时序与资料语言","「世界文学」：在世界文学中，怎样核对叙述声音、关键片段与版本语境，分开“文本支持的解释”与“人物声音的直接外推”？ 这段材料支持哪种解释，又抵触哪种解释？","true","false","narrative","direction-owned-direction-case"
"foreign-literatures-9","foreign-literatures","translation","语种、译本与比较范围","文学翻译研究档案：关键段落、话语位置和相反解释；相关领域文献对“原语文本、译本差异与接受背景”的用语与记录方式；叙述位置、文本片段和出版语境。需对照的具体条目：原文版本、读者任务与译法取舍；叙述声音、关键片段与版本语境","「文学翻译」：在文学翻译中，怎样核对原文版本、读者任务与译法取舍，分开“文本支持的解释”与“人物声音的直接外推”？ 这段材料支持哪种解释，又抵触哪种解释？","true","false","narrative","direction-owned-direction-case"
"foreign-literatures-10","foreign-literatures","literature","语种、译本与比较范围","后殖民研究研究档案：原语文本、译本差异与接受背景；叙述位置、文本片段和出版语境。需对照的具体条目：统治关系、资料形成与被压制声音","「后殖民研究」：在后殖民研究中，怎样核对统治关系、资料形成与被压制声音，分开“文本支持的解释”与“人物声音的直接外推”？","true","false","","direction-owned-direction-case"
"foreign-literatures-11","foreign-literatures","literature","语种、译本与比较范围","文学与迁移研究档案：关键段落、话语位置和相反解释；相关领域文献对“原语文本、译本差异与接受背景”的用语与记录方式；叙述位置、文本片段和出版语境。需对照的具体条目：出发地、进入目的地与迁移选择；叙述声音、关键片段与版本语境","「文学与迁移」：在文学与迁移中，怎样核对出发地、进入目的地与迁移选择，分开“文本支持的解释”与“人物声音的直接外推”？ 这段材料支持哪种解释，又抵触哪种解释？","true","false","narrative","direction-owned-direction-case"
"foreign-literatures-12","foreign-literatures","literature","语种、译本与比较范围","比较诗学研究档案：原语文本、译本差异与接受背景；叙述位置、文本片段和出版语境；各方定义、资料来源和桥接规则。需对照异语文学与比较中的定义、对象索引与适用条件","「比较诗学」：在比较诗学中，怎样核对原语文本、译本差异与接受背景，分开“文本支持的解释”与“人物声音的直接外推”？ 名称相同是否真的意味着比较对象相同？","true","false","narrative","direction-owned-direction-case"
"linguistics-studies-1","linguistics-studies","language","语言单位、语料条件与使用情境","语音学研究档案：语音、句法、语义及使用实例；发音或语境片段、形式对照和说话者背景。需对照的具体条目：录音条件、最小对立与发音位置；声学读数、发音条件与听觉任务","「语音学」：在语音学中，怎样核对声学读数、发音条件与听觉任务，分开“语言结构或用法差异”与“任务或语境差异”？","true","false","phonetics","direction-owned-direction-case"
"linguistics-studies-2","linguistics-studies","language","语言单位、语料条件与使用情境","音系学研究档案：语音、句法、语义及使用实例；发音或语境片段、形式对照和说话者背景。需对照的具体条目：录音条件、最小对立与发音位置；音位对立、分布条件与规则分析","「音系学」：在音系学中，怎样核对音位对立、分布条件与规则分析，分开“语言结构或用法差异”与“任务或语境差异”？","true","false","phonetics","direction-owned-direction-case"
"linguistics-studies-3","linguistics-studies","language","语言单位、语料条件与使用情境","句法学研究档案：语音、句法、语义及使用实例；发音或语境片段、形式对照和说话者背景。需对照的具体条目：最小句对、结构位置与可接受度背景","「句法学」：在句法学中，怎样核对最小句对、结构位置与可接受度背景，分开“语言结构或用法差异”与“任务或语境差异”？","true","false","syntax","direction-owned-direction-case"
"linguistics-studies-4","linguistics-studies","language","语言单位、语料条件与使用情境","语义学研究档案：关键段落、话语位置和相反解释；相关领域文献对“语音、句法、语义及使用实例”的用语与记录方式；发音或语境片段、形式对照和说话者背景。需对照的具体条目：表达形式、上下文与会话推论；真值条件、组合结构与词义关系","「语义学」：在语义学中，怎样核对真值条件、组合结构与词义关系，分开“语言结构或用法差异”与“任务或语境差异”？ 这段材料支持哪种解释，又抵触哪种解释？","true","false","","direction-owned-direction-case"
"linguistics-studies-5","linguistics-studies","language","语言单位、语料条件与使用情境","语用学研究档案：关键段落、话语位置和相反解释；相关领域文献对“语音、句法、语义及使用实例”的用语与记录方式；发音或语境片段、形式对照和说话者背景。需对照的具体条目：表达形式、上下文与会话推论；交际意图、共同背景与推论撤销","「语用学」：在语用学中，怎样核对交际意图、共同背景与推论撤销，分开“语言结构或用法差异”与“任务或语境差异”？ 这段材料支持哪种解释，又抵触哪种解释？","true","false","","direction-owned-direction-case"
"linguistics-studies-6","linguistics-studies","language","语言单位、语料条件与使用情境","社会语言学研究档案：语音、句法、语义及使用实例；发音或语境片段、形式对照和说话者背景。需对照的具体条目：说话者位置、交往网络与语体选择","「社会语言学」：在社会语言学中，怎样核对说话者位置、交往网络与语体选择，分开“语言结构或用法差异”与“任务或语境差异”？","true","false","","direction-owned-direction-case"
"linguistics-studies-7","linguistics-studies","language","语言单位、语料条件与使用情境","心理语言学研究档案：语音、句法、语义及使用实例；发音或语境片段、形式对照和说话者背景。需对照的具体条目：任务版本、状态条件与构念定义","「心理语言学」：在心理语言学中，怎样核对任务版本、状态条件与构念定义，分开“语言结构或用法差异”与“任务或语境差异”？","true","false","","direction-owned-direction-case"
"linguistics-studies-8","linguistics-studies","language","语言单位、语料条件与使用情境","语料库语言学研究档案：语音、句法、语义及使用实例；发音或语境片段、形式对照和说话者背景。需对照的具体条目：收录规则、文本类型与词项分布","「语料库语言学」：在语料库语言学中，怎样核对收录规则、文本类型与词项分布，分开“语言结构或用法差异”与“任务或语境差异”？","true","false","","direction-owned-direction-case"
"linguistics-studies-9","linguistics-studies","language","语言单位、语料条件与使用情境","语言接触研究档案：语音、句法、语义及使用实例；发音或语境片段、形式对照和说话者背景。需对照的具体条目：接触历程、借用形式与使用者网络","「语言接触」：在语言接触中，怎样核对接触历程、借用形式与使用者网络，分开“语言结构或用法差异”与“任务或语境差异”？","true","false","","direction-owned-direction-case"
"linguistics-studies-10","linguistics-studies","language-learning","语言单位、语料条件与使用情境","语言习得研究档案：语音、句法、语义及使用实例；任务目标、辅助条件和延迟表现；发音或语境片段、形式对照和说话者背景。需对照语言系统与语境中的定义、对象索引与适用条件","「语言习得」：在语言习得中，怎样核对语音、句法、语义及使用实例，分开“独立学习改善”与“辅助或练习效应”？","true","false","","direction-owned-direction-case"
"linguistics-studies-11","linguistics-studies","language","语言单位、语料条件与使用情境","语言政策研究档案：语音、句法、语义及使用实例；发音或语境片段、形式对照和说话者背景；正式文本、执行条件与被排除的对象。需对照的具体条目：文本目标、执行资源与受影响范围","「语言政策」：在语言政策中，怎样核对文本目标、执行资源与受影响范围，分开“语言结构或用法差异”与“任务或语境差异”？ 文本已经改变，实际机会和执行是否也改变了？","true","false","","direction-owned-direction-case"
"linguistics-studies-12","linguistics-studies","language","语言单位、语料条件与使用情境","语言技术评价研究档案：语音、句法、语义及使用实例；发音或语境片段、形式对照和说话者背景。需对照的具体条目：工具版本、使用任务与适用承诺","「语言技术评价」：在语言技术评价中，怎样核对工具版本、使用任务与适用承诺，分开“语言结构或用法差异”与“任务或语境差异”？","true","false","","direction-owned-direction-case"
"translation-studies-1","translation-studies","translation","翻译目的、文本版本与取舍依据","翻译理论研究档案：源文语境、译文选择与使用目的；原文版本、目的读者和译法取舍。需对照的具体条目：原文版本、读者任务与译法取舍；对等定义、目的条件与论证案例","「翻译理论」：在翻译理论中，怎样核对对等定义、目的条件与论证案例，分开“符合目的的译法”与“字面相似的译法”？","true","false","translation","direction-owned-direction-case"
"translation-studies-2","translation-studies","translation","翻译目的、文本版本与取舍依据","翻译史研究档案：同时代记载与后期整理本的年代对照；相关领域文献对“源文语境、译文选择与使用目的”的用语与记录方式；年代、出处和同时代对照；同时代资料、后期整理和出处链。需对照的具体条目：原文版本、读者任务与译法取舍","「翻译史」：在翻译史中，怎样核对原文版本、读者任务与译法取舍，分开“当时制度或实践”与“后来的回忆或分类”？ 哪一层叙述来自当时，哪一层来自后来的整理？","true","false","translation","direction-owned-direction-case"
"translation-studies-3","translation-studies","translation","翻译目的、文本版本与取舍依据","文学翻译研究档案：关键段落、话语位置和相反解释；相关领域文献对“源文语境、译文选择与使用目的”的用语与记录方式；叙述位置、文本片段和出版语境。需对照的具体条目：原文版本、读者任务与译法取舍；叙述声音、关键片段与版本语境","「文学翻译」：在文学翻译中，怎样核对原文版本、读者任务与译法取舍，分开“文本支持的解释”与“人物声音的直接外推”？ 这段材料支持哪种解释，又抵触哪种解释？","true","false","translation","direction-owned-direction-case"
"translation-studies-4","translation-studies","translation","翻译目的、文本版本与取舍依据","口译研究研究档案：源文语境、译文选择与使用目的；原文版本、目的读者和译法取舍。需对照的具体条目：讲话时序、处理负荷与即时表达","「口译研究」：在口译研究中，怎样核对讲话时序、处理负荷与即时表达，分开“符合目的的译法”与“字面相似的译法”？","true","false","translation","direction-owned-direction-case"
"translation-studies-5","translation-studies","translation","翻译目的、文本版本与取舍依据","专业翻译研究档案：源文语境、译文选择与使用目的；原文版本、目的读者和译法取舍。需对照的具体条目：原文版本、读者任务与译法取舍；术语标准、专业读者与任务用途","「专业翻译」：在专业翻译中，怎样核对术语标准、专业读者与任务用途，分开“符合目的的译法”与“字面相似的译法”？","true","false","translation","direction-owned-direction-case"
"translation-studies-6","translation-studies","translation","翻译目的、文本版本与取舍依据","视听翻译研究档案：源文语境、译文选择与使用目的；原文版本、目的读者和译法取舍。需对照的具体条目：原文版本、读者任务与译法取舍；声画关系、字幕时长与理解任务","「视听翻译」：在视听翻译中，怎样核对声画关系、字幕时长与理解任务，分开“符合目的的译法”与“字面相似的译法”？","true","false","translation","direction-owned-direction-case"
"translation-studies-7","translation-studies","translation","翻译目的、文本版本与取舍依据","机器翻译评价研究档案：源文语境、译文选择与使用目的；原文版本、目的读者和译法取舍。需对照的具体条目：原文版本、读者任务与译法取舍；评估文本、错误类别与人工基线","「机器翻译评价」：在机器翻译评价中，怎样核对评估文本、错误类别与人工基线，分开“符合目的的译法”与“字面相似的译法”？","true","false","translation","direction-owned-direction-case"
"translation-studies-8","translation-studies","translation","翻译目的、文本版本与取舍依据","翻译技术研究档案：源文语境、译文选择与使用目的；原文版本、目的读者和译法取舍。需对照的具体条目：原文版本、读者任务与译法取舍；工具版本、使用任务与适用承诺","「翻译技术」：在翻译技术中，怎样核对原文版本、读者任务与译法取舍，分开“符合目的的译法”与“字面相似的译法”？","true","false","translation","direction-owned-direction-case"
"translation-studies-9","translation-studies","translation","翻译目的、文本版本与取舍依据","译者研究研究档案：源文语境、译文选择与使用目的；原文版本、目的读者和译法取舍。需对照的具体条目：译者决策、编辑协作与工作条件","「译者研究」：在译者研究中，怎样核对译者决策、编辑协作与工作条件，分开“符合目的的译法”与“字面相似的译法”？","true","false","translation","direction-owned-direction-case"
"translation-studies-10","translation-studies","education","翻译目的、文本版本与取舍依据","翻译教育研究档案：教学任务、学生作答与撤去帮助后的新题；相关领域文献对“源文语境、译文选择与使用目的”的用语与记录方式；任务目标、辅助条件和延迟表现。需对照的具体条目：原文版本、读者任务与译法取舍","「翻译教育」：在翻译教育中，怎样核对原文版本、读者任务与译法取舍，分开“独立学习改善”与“辅助或练习效应”？ 当场做对与真正能迁移，材料分别支持哪一个？","true","false","translation","direction-owned-direction-case"
"translation-studies-11","translation-studies","translation","翻译目的、文本版本与取舍依据","跨文化交流研究档案：源文语境、译文选择与使用目的；原文版本、目的读者和译法取舍；各方定义、资料来源和桥接规则。需对照的具体条目：实践语境、符号用法与传承位置","「跨文化交流」：在跨文化交流中，怎样核对实践语境、符号用法与传承位置，分开“符合目的的译法”与“字面相似的译法”？ 名称相同是否真的意味着比较对象相同？","true","false","translation","direction-owned-direction-case"
"translation-studies-12","translation-studies","translation","翻译目的、文本版本与取舍依据","翻译伦理研究档案：行动者理由、利益负担与提出异议的记录；相关领域文献对“源文语境、译文选择与使用目的”的用语与记录方式；受益负担、行动理由和申诉机会。需对照的具体条目：原文版本、读者任务与译法取舍；行动理由、受益负担与申诉机会","「翻译伦理」：在翻译伦理中，怎样核对原文版本、读者任务与译法取舍，分开“可辩护的规范理由”与“偏好数量代替理由”？ 谁承担了负担，现有理由怎样回应他的异议？","true","false","translation","direction-owned-direction-case"
"media-studies-1","media-studies","media","消息来源、传播过程与受众范围","新闻史研究档案：同时代记载与后期整理本的年代对照；相关领域文献对“内容生产、平台分发与受众路径”的用语与记录方式；年代、出处和同时代对照；生产记录、传播路径和接触机会。需对照的具体条目：来源核实、采访位置与编辑取舍","「新闻史」：在新闻史中，怎样核对来源核实、采访位置与编辑取舍，分开“当时制度或实践”与“后来的回忆或分类”？ 哪一层叙述来自当时，哪一层来自后来的整理？","true","false","media","direction-owned-direction-case"
"media-studies-2","media-studies","media","消息来源、传播过程与受众范围","新闻生产研究档案：内容生产、平台分发与受众路径；生产记录、传播路径和接触机会。需对照的具体条目：来源核实、采访位置与编辑取舍","「新闻生产」：在新闻生产中，怎样核对来源核实、采访位置与编辑取舍，分开“传播过程改变”与“记录或受众构成变化”？","true","false","media","direction-owned-direction-case"
"media-studies-3","media-studies","media","消息来源、传播过程与受众范围","传播理论研究档案：内容生产、平台分发与受众路径；生产记录、传播路径和接触机会。需对照的具体条目：信息入口、转述链与接触分母；核心概念、适用对象与反例材料","「传播理论」：在传播理论中，怎样核对核心概念、适用对象与反例材料，分开“传播过程改变”与“记录或受众构成变化”？","true","false","media","direction-owned-direction-case"
"media-studies-4","media-studies","media","消息来源、传播过程与受众范围","受众研究研究档案：内容生产、平台分发与受众路径；生产记录、传播路径和接触机会。需对照的具体条目：接触机会、理解路径与未参与者","「受众研究」：在受众研究中，怎样核对接触机会、理解路径与未参与者，分开“传播过程改变”与“记录或受众构成变化”？","true","false","media","direction-owned-direction-case"
"media-studies-5","media-studies","media","消息来源、传播过程与受众范围","平台传播研究档案：内容生产、平台分发与受众路径；生产记录、传播路径和接触机会。需对照的具体条目：信息入口、转述链与接触分母；推荐入口、排序条件与未曝光对象","「平台传播」：在平台传播中，怎样核对信息入口、转述链与接触分母，分开“传播过程改变”与“记录或受众构成变化”？","true","false","media","direction-owned-direction-case"
"media-studies-6","media-studies","media","消息来源、传播过程与受众范围","视觉传播研究档案：内容生产、平台分发与受众路径；生产记录、传播路径和接触机会。需对照的具体条目：信息入口、转述链与接触分母；图像来源、视觉组织与理解路径","「视觉传播」：在视觉传播中，怎样核对图像来源、视觉组织与理解路径，分开“传播过程改变”与“记录或受众构成变化”？","true","false","media","direction-owned-direction-case"
"media-studies-7","media-studies","media","消息来源、传播过程与受众范围","健康传播研究档案：内容生产、平台分发与受众路径；生产记录、传播路径和接触机会。需对照的具体条目：信息入口、转述链与接触分母；健康信息出处、理解障碍与行为机会","「健康传播」：在健康传播中，怎样核对健康信息出处、理解障碍与行为机会，分开“传播过程改变”与“记录或受众构成变化”？","true","false","media","direction-owned-direction-case"
"media-studies-8","media-studies","media","消息来源、传播过程与受众范围","科学传播研究档案：内容生产、平台分发与受众路径；生产记录、传播路径和接触机会。需对照的具体条目：信息入口、转述链与接触分母；知识来源、不确定性表达与公众理解","「科学传播」：在科学传播中，怎样核对知识来源、不确定性表达与公众理解，分开“传播过程改变”与“记录或受众构成变化”？","true","false","media","direction-owned-direction-case"
"media-studies-9","media-studies","media","消息来源、传播过程与受众范围","公共传播研究档案：公开来源、展陈取舍与观众提出的问题；相关领域文献对“内容生产、平台分发与受众路径”的用语与记录方式；生产记录、传播路径和接触机会。需对照的具体条目：信息入口、转述链与接触分母","「公共传播」：在公共传播中，怎样核对信息入口、转述链与接触分母，分开“传播过程改变”与“记录或受众构成变化”？ 展出的主张哪些有来源，哪些是解释或宣传？","true","false","media","direction-owned-direction-case"
"media-studies-10","media-studies","media","消息来源、传播过程与受众范围","媒介伦理研究档案：行动者理由、利益负担与提出异议的记录；相关领域文献对“内容生产、平台分发与受众路径”的用语与记录方式；生产记录、传播路径和接触机会；受益负担、行动理由和申诉机会。需对照的具体条目：行动理由、受益负担与申诉机会；媒介形式、生产条件与可见性规则","「媒介伦理」：在媒介伦理中，怎样核对行动理由、受益负担与申诉机会，分开“传播过程改变”与“记录或受众构成变化”？ 谁承担了负担，现有理由怎样回应他的异议？","true","false","media","direction-owned-direction-case"
"media-studies-11","media-studies","media","消息来源、传播过程与受众范围","数字新闻研究档案：内容生产、平台分发与受众路径；生产记录、传播路径和接触机会。需对照的具体条目：来源核实、采访位置与编辑取舍；编码规则、平台入口与不可见记录","「数字新闻」：在数字新闻中，怎样核对来源核实、采访位置与编辑取舍，分开“传播过程改变”与“记录或受众构成变化”？","true","false","media","direction-owned-direction-case"
"media-studies-12","media-studies","media","消息来源、传播过程与受众范围","媒介档案研究档案：逐页出处、底本差异和缺页索引；相关领域文献对“内容生产、平台分发与受众路径”的用语与记录方式；底本出处、异文位置和编订层次；生产记录、传播路径和接触机会。需对照的具体条目：媒介形式、生产条件与可见性规则；形成机关、归档过程与缺件","「媒介档案」：在媒介档案中，怎样核对媒介形式、生产条件与可见性规则，分开“原始用法差异”与“编订或传承差异”？ 这个说法在原材料的哪一页，另一版本为何不同？","true","false","media","direction-owned-direction-case"
"chinese-history-1","chinese-history","history","史料年代、地域与史家解释","中国古代史研究档案：同时代记载与后期整理本的年代对照；相关领域文献对“时期文书、地方材料与制度称谓”的用语与记录方式；年代、出处和同时代对照；同时代资料、后期整理和出处链。需对照的具体条目：中文原典、制度时期与地方用语；原典传承、时代用语与后世注释","「中国古代史」：在中国古代史中，怎样核对中文原典、制度时期与地方用语，分开“当时制度或实践”与“后来的回忆或分类”？ 哪一层叙述来自当时，哪一层来自后来的整理？","true","false","archives","direction-owned-direction-case"
"chinese-history-2","chinese-history","history","史料年代、地域与史家解释","中国近现代史研究档案：同时代记载与后期整理本的年代对照；相关领域文献对“时期文书、地方材料与制度称谓”的用语与记录方式；年代、出处和同时代对照；同时代资料、后期整理和出处链。需对照的具体条目：中文原典、制度时期与地方用语；时期划分、制度变化与同时代用语","「中国近现代史」：在中国近现代史中，怎样核对时期划分、制度变化与同时代用语，分开“当时制度或实践”与“后来的回忆或分类”？ 哪一层叙述来自当时，哪一层来自后来的整理？","true","false","archives","direction-owned-direction-case"
"chinese-history-3","chinese-history","history","史料年代、地域与史家解释","制度史研究档案：同时代记载与后期整理本的年代对照；相关领域文献对“时期文书、地方材料与制度称谓”的用语与记录方式；年代、出处和同时代对照；同时代资料、后期整理和出处链。需对照的具体条目：条文来源、权限分配与执行差异","「制度史」：在制度史中，怎样核对条文来源、权限分配与执行差异，分开“当时制度或实践”与“后来的回忆或分类”？ 哪一层叙述来自当时，哪一层来自后来的整理？","true","false","archives","direction-owned-direction-case"
"chinese-history-4","chinese-history","history","史料年代、地域与史家解释","经济史研究档案：同时代记载与后期整理本的年代对照；相关领域文献对“时期文书、地方材料与制度称谓”的用语与记录方式；年代、出处和同时代对照；同时代资料、后期整理和出处链。需对照的具体条目：价格单位、账册口径与时代购买条件","「经济史」：在经济史中，怎样核对价格单位、账册口径与时代购买条件，分开“当时制度或实践”与“后来的回忆或分类”？ 哪一层叙述来自当时，哪一层来自后来的整理？","true","false","archives","direction-owned-direction-case"
"chinese-history-5","chinese-history","history","史料年代、地域与史家解释","社会史研究档案：同时代记载与后期整理本的年代对照；相关领域文献对“时期文书、地方材料与制度称谓”的用语与记录方式；年代、出处和同时代对照；同时代资料、后期整理和出处链。需对照的具体条目：生活记录、社会位置与日常制度","「社会史」：在社会史中，怎样核对生活记录、社会位置与日常制度，分开“当时制度或实践”与“后来的回忆或分类”？ 哪一层叙述来自当时，哪一层来自后来的整理？","true","false","archives","direction-owned-direction-case"
"chinese-history-6","chinese-history","history","史料年代、地域与史家解释","文化史研究档案：同时代记载与后期整理本的年代对照；相关领域文献对“时期文书、地方材料与制度称谓”的用语与记录方式；年代、出处和同时代对照；同时代资料、后期整理和出处链。需对照的具体条目：实践语境、符号用法与传承位置","「文化史」：在文化史中，怎样核对实践语境、符号用法与传承位置，分开“当时制度或实践”与“后来的回忆或分类”？ 哪一层叙述来自当时，哪一层来自后来的整理？","true","false","archives","direction-owned-direction-case"
"chinese-history-7","chinese-history","history","史料年代、地域与史家解释","思想史研究档案：同时代记载与后期整理本的年代对照；相关领域文献对“时期文书、地方材料与制度称谓”的用语与记录方式；年代、出处和同时代对照；同时代资料、后期整理和出处链。需对照的具体条目：概念用法、论争对象与传播时点","「思想史」：在思想史中，怎样核对概念用法、论争对象与传播时点，分开“当时制度或实践”与“后来的回忆或分类”？ 哪一层叙述来自当时，哪一层来自后来的整理？","true","false","archives","direction-owned-direction-case"
"chinese-history-8","chinese-history","history","史料年代、地域与史家解释","地方史研究档案：同时代记载与后期整理本的年代对照；相关领域文献对“时期文书、地方材料与制度称谓”的用语与记录方式；年代、出处和同时代对照；讲述时点、在场位置和其他来源。需对照中国历史制度与社会中的定义、对象索引与适用条件","「地方史」：在地方史中，怎样核对时期文书、地方材料与制度称谓，分开“当时制度或实践”与“后来的回忆或分类”？ 哪一层叙述来自当时，哪一层来自后来的整理？","true","false","archives","direction-owned-direction-case"
"chinese-history-9","chinese-history","history","史料年代、地域与史家解释","人口史研究档案：同时代记载与后期整理本的年代对照；相关领域文献对“时期文书、地方材料与制度称谓”的用语与记录方式；年代、出处和同时代对照；同时代资料、后期整理和出处链。需对照的具体条目：年龄结构、进入退出与统计分母","「人口史」：在人口史中，怎样核对年龄结构、进入退出与统计分母，分开“当时制度或实践”与“后来的回忆或分类”？ 哪一层叙述来自当时，哪一层来自后来的整理？","true","false","archives","direction-owned-direction-case"
"chinese-history-10","chinese-history","history","史料年代、地域与史家解释","交通与交流史研究档案：同时代记载与后期整理本的年代对照；相关领域文献对“时期文书、地方材料与制度称谓”的用语与记录方式；年代、出处和同时代对照；同时代资料、后期整理和出处链。需对照的具体条目：完整出行链、等待与目的地机会","「交通与交流史」：在交通与交流史中，怎样核对完整出行链、等待与目的地机会，分开“当时制度或实践”与“后来的回忆或分类”？ 哪一层叙述来自当时，哪一层来自后来的整理？","true","false","archives","direction-owned-direction-case"
"chinese-history-11","chinese-history","history","史料年代、地域与史家解释","中国史学史研究档案：同时代记载与后期整理本的年代对照；相关领域文献对“时期文书、地方材料与制度称谓”的用语与记录方式；年代、出处和同时代对照；同时代资料、后期整理和出处链。需对照的具体条目：中文原典、制度时期与地方用语；史学论争、书写规则与资料分类","「中国史学史」：在中国史学史中，怎样核对史学论争、书写规则与资料分类，分开“当时制度或实践”与“后来的回忆或分类”？ 哪一层叙述来自当时，哪一层来自后来的整理？","true","false","archives","direction-owned-direction-case"
"chinese-history-12","chinese-history","historical-geography","史料年代、地域与史家解释","中国历史地理研究档案：同时代记载与后期整理本的年代对照；相关领域文献对“时期文书、地方材料与制度称谓”的用语与记录方式；年代、出处和同时代对照；同时代资料、后期整理和出处链。需对照的具体条目：中文原典、制度时期与地方用语；历史地名、时代边界与空间定位依据","「中国历史地理」：在中国历史地理中，怎样核对历史地名、时代边界与空间定位依据，分开“当时制度或实践”与“后来的回忆或分类”？ 哪一层叙述来自当时，哪一层来自后来的整理？","true","false","archives","direction-owned-direction-case"
"world-history-1","world-history","history","跨地区资料与历史比较","古代世界史研究档案：同时代记载与后期整理本的年代对照；相关领域文献对“多语史料、交流路径与时间对照”的用语与记录方式；年代、出处和同时代对照；同时代资料、后期整理和出处链。需对照的具体条目：跨区域联结、地方时序与资料语言；原典传承、时代用语与后世注释","「古代世界史」：在古代世界史中，怎样核对跨区域联结、地方时序与资料语言，分开“当时制度或实践”与“后来的回忆或分类”？ 哪一层叙述来自当时，哪一层来自后来的整理？","true","false","archives","direction-owned-direction-case"
"world-history-2","world-history","history","跨地区资料与历史比较","中世纪史研究档案：同时代记载与后期整理本的年代对照；相关领域文献对“多语史料、交流路径与时间对照”的用语与记录方式；年代、出处和同时代对照；同时代资料、后期整理和出处链。需对照的具体条目：同时代称谓、宗教制度与时期边界","「中世纪史」：在中世纪史中，怎样核对同时代称谓、宗教制度与时期边界，分开“当时制度或实践”与“后来的回忆或分类”？ 哪一层叙述来自当时，哪一层来自后来的整理？","true","false","archives","direction-owned-direction-case"
"world-history-3","world-history","history","跨地区资料与历史比较","世界近代史研究档案：同时代记载与后期整理本的年代对照；相关领域文献对“多语史料、交流路径与时间对照”的用语与记录方式；年代、出处和同时代对照；同时代资料、后期整理和出处链。需对照的具体条目：时期划分、制度变化与同时代用语；跨区域联结、地方时序与资料语言；区域转变、跨境联系与时期分类","「世界近代史」：在世界近代史中，怎样核对区域转变、跨境联系与时期分类，分开“当时制度或实践”与“后来的回忆或分类”？ 哪一层叙述来自当时，哪一层来自后来的整理？","true","false","archives","direction-owned-direction-case"
"world-history-4","world-history","history","跨地区资料与历史比较","世界现代史研究档案：同时代记载与后期整理本的年代对照；相关领域文献对“多语史料、交流路径与时间对照”的用语与记录方式；年代、出处和同时代对照；同时代资料、后期整理和出处链。需对照的具体条目：时期划分、制度变化与同时代用语；跨区域联结、地方时序与资料语言；现代制度、时代经验与全球联系","「世界现代史」：在世界现代史中，怎样核对现代制度、时代经验与全球联系，分开“当时制度或实践”与“后来的回忆或分类”？ 哪一层叙述来自当时，哪一层来自后来的整理？","true","false","archives","direction-owned-direction-case"
"world-history-5","world-history","history","跨地区资料与历史比较","区域史研究档案：同时代记载与后期整理本的年代对照；相关领域文献对“多语史料、交流路径与时间对照”的用语与记录方式；年代、出处和同时代对照；同时代资料、后期整理和出处链。需对照的具体条目：区域联系、地方时序与边界变化","「区域史」：在区域史中，怎样核对区域联系、地方时序与边界变化，分开“当时制度或实践”与“后来的回忆或分类”？ 哪一层叙述来自当时，哪一层来自后来的整理？","true","false","archives","direction-owned-direction-case"
"world-history-6","world-history","history","跨地区资料与历史比较","全球史研究档案：同时代记载与后期整理本的年代对照；相关领域文献对“多语史料、交流路径与时间对照”的用语与记录方式；年代、出处和同时代对照；同时代资料、后期整理和出处链。需对照的具体条目：跨区域联结、地方时序与资料语言","「全球史」：在全球史中，怎样核对跨区域联结、地方时序与资料语言，分开“当时制度或实践”与“后来的回忆或分类”？ 哪一层叙述来自当时，哪一层来自后来的整理？","true","false","archives","direction-owned-direction-case"
"world-history-7","world-history","history","跨地区资料与历史比较","国际关系史研究档案：同时代记载与后期整理本的年代对照；相关领域文献对“多语史料、交流路径与时间对照”的用语与记录方式；年代、出处和同时代对照；同时代资料、后期整理和出处链。需对照的具体条目：地区制度、指标译法与比较资格；外交文书、立场变化与互动时间","「国际关系史」：在国际关系史中，怎样核对外交文书、立场变化与互动时间，分开“当时制度或实践”与“后来的回忆或分类”？ 哪一层叙述来自当时，哪一层来自后来的整理？","true","false","archives","direction-owned-direction-case"
"world-history-8","world-history","history","跨地区资料与历史比较","殖民与帝国史研究档案：同时代记载与后期整理本的年代对照；相关领域文献对“多语史料、交流路径与时间对照”的用语与记录方式；年代、出处和同时代对照；同时代资料、后期整理和出处链。需对照的具体条目：统治关系、资料形成与被压制声音","「殖民与帝国史」：在殖民与帝国史中，怎样核对统治关系、资料形成与被压制声音，分开“当时制度或实践”与“后来的回忆或分类”？ 哪一层叙述来自当时，哪一层来自后来的整理？","true","false","archives","direction-owned-direction-case"
"world-history-9","world-history","history","跨地区资料与历史比较","跨国史研究档案：同时代记载与后期整理本的年代对照；相关领域文献对“多语史料、交流路径与时间对照”的用语与记录方式；年代、出处和同时代对照；同时代资料、后期整理和出处链。需对照的具体条目：地区制度、指标译法与比较资格；移动主体、跨境来源与多地时序","「跨国史」：在跨国史中，怎样核对移动主体、跨境来源与多地时序，分开“当时制度或实践”与“后来的回忆或分类”？ 哪一层叙述来自当时，哪一层来自后来的整理？","true","false","archives","direction-owned-direction-case"
"world-history-10","world-history","history","跨地区资料与历史比较","世界经济史研究档案：同时代记载与后期整理本的年代对照；相关领域文献对“多语史料、交流路径与时间对照”的用语与记录方式；年代、出处和同时代对照；同时代资料、后期整理和出处链。需对照的具体条目：跨区域联结、地方时序与资料语言；价格单位、账册口径与时代购买条件；贸易账目、价格口径与跨区网络","「世界经济史」：在世界经济史中，怎样核对贸易账目、价格口径与跨区网络，分开“当时制度或实践”与“后来的回忆或分类”？ 哪一层叙述来自当时，哪一层来自后来的整理？","true","false","archives","direction-owned-direction-case"
"world-history-11","world-history","history","跨地区资料与历史比较","环境史研究档案：同时代记载与后期整理本的年代对照；相关领域文献对“多语史料、交流路径与时间对照”的用语与记录方式；年代、出处和同时代对照；同时代资料、后期整理和出处链。需对照的具体条目：环境过程、利用记录与历史观察","「环境史」：在环境史中，怎样核对环境过程、利用记录与历史观察，分开“当时制度或实践”与“后来的回忆或分类”？ 哪一层叙述来自当时，哪一层来自后来的整理？","true","false","archives","direction-owned-direction-case"
"world-history-12","world-history","history","跨地区资料与历史比较","世界史学史研究档案：同时代记载与后期整理本的年代对照；相关领域文献对“多语史料、交流路径与时间对照”的用语与记录方式；年代、出处和同时代对照；同时代资料、后期整理和出处链。需对照的具体条目：跨区域联结、地方时序与资料语言；史学论争、书写规则与资料分类；史学传统、书写语境与翻译路径","「世界史学史」：在世界史学史中，怎样核对史学传统、书写语境与翻译路径，分开“当时制度或实践”与“后来的回忆或分类”？ 哪一层叙述来自当时，哪一层来自后来的整理？","true","false","archives","direction-owned-direction-case"
"historical-documents-1","historical-documents","history","原件、整理本与传承链","版本学研究档案：逐页出处、底本差异和缺页索引；相关领域文献对“抄刻本、异文与文献谱系”的用语与记录方式；底本出处、异文位置和编订层次。需对照的具体条目：底本出处、修订层次与引用位置","「版本学」：在版本学中，怎样核对底本出处、修订层次与引用位置，分开“原始用法差异”与“编订或传承差异”？ 这个说法在原材料的哪一页，另一版本为何不同？","true","false","archives","direction-owned-direction-case"
"historical-documents-2","historical-documents","history","原件、整理本与传承链","目录学研究档案：逐页出处、底本差异和缺页索引；相关领域文献对“抄刻本、异文与文献谱系”的用语与记录方式；底本出处、异文位置和编订层次。需对照的具体条目：著录规则、条目来源与分类变化","「目录学」：在目录学中，怎样核对著录规则、条目来源与分类变化，分开“原始用法差异”与“编订或传承差异”？ 这个说法在原材料的哪一页，另一版本为何不同？","true","false","archives","direction-owned-direction-case"
"historical-documents-3","historical-documents","history","原件、整理本与传承链","校勘学研究档案：逐页出处、底本差异和缺页索引；相关领域文献对“抄刻本、异文与文献谱系”的用语与记录方式；底本出处、异文位置和编订层次。需对照的具体条目：异文分布、传抄关系与改字依据","「校勘学」：在校勘学中，怎样核对异文分布、传抄关系与改字依据，分开“原始用法差异”与“编订或传承差异”？ 这个说法在原材料的哪一页，另一版本为何不同？","true","false","archives","direction-owned-direction-case"
"historical-documents-4","historical-documents","history","原件、整理本与传承链","文献整理研究档案：逐页出处、底本差异和缺页索引；相关领域文献对“抄刻本、异文与文献谱系”的用语与记录方式；底本出处、异文位置和编订层次。需对照的具体条目：整理规则、编订痕迹与原件对应","「文献整理」：在文献整理中，怎样核对整理规则、编订痕迹与原件对应，分开“原始用法差异”与“编订或传承差异”？ 这个说法在原材料的哪一页，另一版本为何不同？","true","false","archives","direction-owned-direction-case"
"historical-documents-5","historical-documents","history","原件、整理本与传承链","手稿研究研究档案：逐页出处、底本差异和缺页索引；相关领域文献对“抄刻本、异文与文献谱系”的用语与记录方式；底本出处、异文位置和编订层次。需对照的具体条目：改写痕迹、书写层次与流传路径","「手稿研究」：在手稿研究中，怎样核对改写痕迹、书写层次与流传路径，分开“原始用法差异”与“编订或传承差异”？ 这个说法在原材料的哪一页，另一版本为何不同？","true","false","archives","direction-owned-direction-case"
"historical-documents-6","historical-documents","history","原件、整理本与传承链","碑刻文献研究档案：逐页出处、底本差异和缺页索引；相关领域文献对“抄刻本、异文与文献谱系”的用语与记录方式；底本出处、异文位置和编订层次。需对照的具体条目：原拓状态、文字位置与立碑语境","「碑刻文献」：在碑刻文献中，怎样核对原拓状态、文字位置与立碑语境，分开“原始用法差异”与“编订或传承差异”？ 这个说法在原材料的哪一页，另一版本为何不同？","true","false","archives","direction-owned-direction-case"
"historical-documents-7","historical-documents","history","原件、整理本与传承链","简牍文献研究档案：逐页出处、底本差异和缺页索引；相关领域文献对“抄刻本、异文与文献谱系”的用语与记录方式；底本出处、异文位置和编订层次。需对照的具体条目：编联依据、残片关系与书写层次","「简牍文献」：在简牍文献中，怎样核对编联依据、残片关系与书写层次，分开“原始用法差异”与“编订或传承差异”？ 这个说法在原材料的哪一页，另一版本为何不同？","true","false","archives","direction-owned-direction-case"
"historical-documents-8","historical-documents","history","原件、整理本与传承链","地方志研究档案：抄刻本、异文与文献谱系；地理单元、时期边界和地方制度。需对照的具体条目：编修时点、编者位置与地方分类","「地方志」：在地方志中，怎样核对编修时点、编者位置与地方分类，分开“地方过程差异”与“单元或时期划分差异”？","true","false","archives","direction-owned-direction-case"
"historical-documents-9","historical-documents","historical-geography","原件、整理本与传承链","历史地图研究档案：同时代记载与后期整理本的年代对照；相关领域文献对“抄刻本、异文与文献谱系”的用语与记录方式；年代、出处和同时代对照；同时代资料、后期整理和出处链。需对照文献版本与传承中的定义、对象索引与适用条件","「历史地图」：在历史地图中，怎样核对抄刻本、异文与文献谱系，分开“当时制度或实践”与“后来的回忆或分类”？ 哪一层叙述来自当时，哪一层来自后来的整理？","true","false","archives","direction-owned-direction-case"
"historical-documents-10","historical-documents","history","原件、整理本与传承链","古籍数字化研究档案：逐页出处、底本差异和缺页索引；相关领域文献对“抄刻本、异文与文献谱系”的用语与记录方式；底本出处、异文位置和编订层次。需对照的具体条目：编码规则、平台入口与不可见记录","「古籍数字化」：在古籍数字化中，怎样核对编码规则、平台入口与不可见记录，分开“原始用法差异”与“编订或传承差异”？ 这个说法在原材料的哪一页，另一版本为何不同？","true","false","archives","direction-owned-direction-case"
"historical-documents-11","historical-documents","history","原件、整理本与传承链","文本传承研究档案：逐页出处、底本差异和缺页索引；相关领域文献对“抄刻本、异文与文献谱系”的用语与记录方式；底本出处、异文位置和编订层次。需对照的具体条目：传抄关系、版本谱系与遗失环节","「文本传承」：在文本传承中，怎样核对传抄关系、版本谱系与遗失环节，分开“原始用法差异”与“编订或传承差异”？ 这个说法在原材料的哪一页，另一版本为何不同？","true","false","archives","direction-owned-direction-case"
"historical-documents-12","historical-documents","history","原件、整理本与传承链","文献收藏史研究档案：同时代记载与后期整理本的年代对照；相关领域文献对“抄刻本、异文与文献谱系”的用语与记录方式；底本出处、异文位置和编订层次；年代、出处和同时代对照。需对照的具体条目：来源链、移交记录与展示语境","「文献收藏史」：在文献收藏史中，怎样核对来源链、移交记录与展示语境，分开“原始用法差异”与“编订或传承差异”？ 哪一层叙述来自当时，哪一层来自后来的整理？","true","false","archives","direction-owned-direction-case"
"heritage-studies-1","heritage-studies","archaeology","出处、层位与复原中的未知","聚落考古研究档案：遗址记录、保护行动与公众解释；出土位置、地层关系和形成过程。需对照的具体条目：层位关系、形成过程与出土位置；遗址范围、空间功能与使用阶段","「聚落考古」：在聚落考古中，怎样核对层位关系、形成过程与出土位置，分开“原始使用关系”与“埋藏或扰动关系”？","true","false","strata","direction-owned-direction-case"
"heritage-studies-2","heritage-studies","archaeology","出处、层位与复原中的未知","城市考古研究档案：遗址记录、保护行动与公众解释；出土位置、地层关系和形成过程；地理单元、时期边界和地方制度。需对照的具体条目：进入机会、空间路径与地方制度；层位关系、形成过程与出土位置","「城市考古」：在城市考古中，怎样核对进入机会、空间路径与地方制度，分开“原始使用关系”与“埋藏或扰动关系”？","true","false","strata","direction-owned-direction-case"
"heritage-studies-3","heritage-studies","heritage","出处、层位与复原中的未知","墓葬资料研究档案：遗址记录、保护行动与公众解释；出土位置、地层关系和形成过程。需对照的具体条目：埋藏关系、随葬选择与后期扰动","「墓葬资料」：在墓葬资料中，怎样核对埋藏关系、随葬选择与后期扰动，分开“原始使用关系”与“埋藏或扰动关系”？","true","false","","direction-owned-direction-case"
"heritage-studies-4","heritage-studies","archaeology","出处、层位与复原中的未知","陶瓷考古研究档案：遗址记录、保护行动与公众解释；出土位置、地层关系和形成过程。需对照的具体条目：层位关系、形成过程与出土位置；胎釉特征、制作痕迹与流通情境","「陶瓷考古」：在陶瓷考古中，怎样核对层位关系、形成过程与出土位置，分开“原始使用关系”与“埋藏或扰动关系”？","true","false","strata","direction-owned-direction-case"
"heritage-studies-5","heritage-studies","archaeology","出处、层位与复原中的未知","建筑考古研究档案：遗址记录、保护行动与公众解释；出土位置、地层关系和形成过程。需对照的具体条目：空间使用、热环境与使用者路径；层位关系、形成过程与出土位置","「建筑考古」：在建筑考古中，怎样核对空间使用、热环境与使用者路径，分开“原始使用关系”与“埋藏或扰动关系”？","true","false","strata","direction-owned-direction-case"
"heritage-studies-6","heritage-studies","archaeology","出处、层位与复原中的未知","水下考古资料研究档案：遗址记录、保护行动与公众解释；出土位置、地层关系和形成过程。需对照的具体条目：层位关系、形成过程与出土位置","「水下考古资料」：在水下考古资料中，怎样核对层位关系、形成过程与出土位置，分开“原始使用关系”与“埋藏或扰动关系”？","true","false","strata","direction-owned-direction-case"
"heritage-studies-7","heritage-studies","heritage","出处、层位与复原中的未知","年代资料评价研究档案：遗址记录、保护行动与公众解释；出土位置、地层关系和形成过程。需对照遗产材料与使用中的定义、对象索引与适用条件","「年代资料评价」：在年代资料评价中，怎样核对遗址记录、保护行动与公众解释，分开“原始使用关系”与“埋藏或扰动关系”？","true","false","strata","direction-owned-direction-case"
"heritage-studies-8","heritage-studies","heritage","出处、层位与复原中的未知","遗产展示研究档案：公开来源、展陈取舍与观众提出的问题；相关领域文献对“遗址记录、保护行动与公众解释”的用语与记录方式；来源链、材料状态和保存环境。需对照遗产材料与使用中的定义、对象索引与适用条件","「遗产展示」：在遗产展示中，怎样核对遗址记录、保护行动与公众解释，分开“材料保存改善”与“环境或记录差异”？ 展出的主张哪些有来源，哪些是解释或宣传？","true","false","museum","direction-owned-direction-case"
"heritage-studies-9","heritage-studies","heritage","出处、层位与复原中的未知","遗产公众参与研究档案：公开来源、展陈取舍与观众提出的问题；相关领域文献对“遗址记录、保护行动与公众解释”的用语与记录方式；交往位置、叙述轮次和观察情境。需对照遗产材料与使用中的定义、对象索引与适用条件","「遗产公众参与」：在遗产公众参与中，怎样核对遗址记录、保护行动与公众解释，分开“生活实践差异”与“互动或叙述情境差异”？ 展出的主张哪些有来源，哪些是解释或宣传？","true","false","museum","direction-owned-direction-case"
"heritage-studies-10","heritage-studies","heritage","出处、层位与复原中的未知","保护史研究档案：同时代记载与后期整理本的年代对照；相关领域文献对“遗址记录、保护行动与公众解释”的用语与记录方式；年代、出处和同时代对照；同时代资料、后期整理和出处链。需对照遗产材料与使用中的定义、对象索引与适用条件","「保护史」：在保护史中，怎样核对遗址记录、保护行动与公众解释，分开“当时制度或实践”与“后来的回忆或分类”？ 哪一层叙述来自当时，哪一层来自后来的整理？","true","false","museum","direction-owned-direction-case"
"heritage-studies-11","heritage-studies","heritage","出处、层位与复原中的未知","博物馆史研究档案：同时代记载与后期整理本的年代对照；相关领域文献对“遗址记录、保护行动与公众解释”的用语与记录方式；年代、出处和同时代对照；材料选择、阅读路径和受众理解。需对照遗产材料与使用中的定义、对象索引与适用条件","「博物馆史」：在博物馆史中，怎样核对遗址记录、保护行动与公众解释，分开“当时制度或实践”与“后来的回忆或分类”？ 哪一层叙述来自当时，哪一层来自后来的整理？","true","false","museum","direction-owned-direction-case"
"heritage-studies-12","heritage-studies","archaeology","出处、层位与复原中的未知","考古档案研究档案：逐页出处、底本差异和缺页索引；相关领域文献对“遗址记录、保护行动与公众解释”的用语与记录方式；底本出处、异文位置和编订层次。需对照的具体条目：层位关系、形成过程与出土位置；形成机关、归档过程与缺件","「考古档案」：在考古档案中，怎样核对层位关系、形成过程与出土位置，分开“原始用法差异”与“编订或传承差异”？ 这个说法在原材料的哪一页，另一版本为何不同？","true","false","strata","direction-owned-direction-case"
"public-history-1","public-history","history","讲述者位置、材料权限与受众理解","口述历史研究档案：同时代记载与后期整理本的年代对照；相关领域文献对“展示文本、参与者声音与观看过程”的用语与记录方式；年代、出处和同时代对照；交往位置、叙述轮次和观察情境。需对照的具体条目：讲述时点、在场位置与重述框架","「口述历史」：在口述历史中，怎样核对讲述时点、在场位置与重述框架，分开“当时制度或实践”与“后来的回忆或分类”？ 哪一层叙述来自当时，哪一层来自后来的整理？","true","false","archives","direction-owned-direction-case"
"public-history-2","public-history","history","讲述者位置、材料权限与受众理解","社区记忆研究档案：逐轮对话、在场关系和沉默位置；相关领域文献对“展示文本、参与者声音与观看过程”的用语与记录方式；交往位置、叙述轮次和观察情境；讲述时点、在场位置和其他来源。需对照的具体条目：进入机会、空间路径与地方制度；讲述时点、在场位置与重述框架；讲述资格、地方关系与记忆选择","「社区记忆」：在社区记忆中，怎样核对讲述资格、地方关系与记忆选择，分开“生活实践差异”与“互动或叙述情境差异”？ 对方在怎样的关系中说出这句话？","true","false","archives","direction-owned-direction-case"
"public-history-3","public-history","history","讲述者位置、材料权限与受众理解","历史展览研究档案：同时代记载与后期整理本的年代对照；相关领域文献对“展示文本、参与者声音与观看过程”的用语与记录方式；年代、出处和同时代对照；材料选择、阅读路径和受众理解。需对照历史表达与公众中的定义、对象索引与适用条件","「历史展览」：在历史展览中，怎样核对展示文本、参与者声音与观看过程，分开“当时制度或实践”与“后来的回忆或分类”？ 哪一层叙述来自当时，哪一层来自后来的整理？","true","false","archives","direction-owned-direction-case"
"public-history-4","public-history","history","讲述者位置、材料权限与受众理解","数字公众史研究档案：同时代记载与后期整理本的年代对照；相关领域文献对“展示文本、参与者声音与观看过程”的用语与记录方式；年代、出处和同时代对照；讲述时点、在场位置和其他来源。需对照的具体条目：编码规则、平台入口与不可见记录","「数字公众史」：在数字公众史中，怎样核对编码规则、平台入口与不可见记录，分开“当时制度或实践”与“后来的回忆或分类”？ 哪一层叙述来自当时，哪一层来自后来的整理？","true","false","archives","direction-owned-direction-case"
"public-history-5","public-history","history","讲述者位置、材料权限与受众理解","历史影像研究档案：同时代记载与后期整理本的年代对照；相关领域文献对“展示文本、参与者声音与观看过程”的用语与记录方式；年代、出处和同时代对照；同时代资料、后期整理和出处链。需对照的具体条目：来源索引、采集条件与判读分歧","「历史影像」：在历史影像中，怎样核对来源索引、采集条件与判读分歧，分开“当时制度或实践”与“后来的回忆或分类”？ 哪一层叙述来自当时，哪一层来自后来的整理？","true","false","archives","direction-owned-direction-case"
"public-history-6","public-history","history","讲述者位置、材料权限与受众理解","历史教育研究档案：同时代记载与后期整理本的年代对照；相关领域文献对“展示文本、参与者声音与观看过程”的用语与记录方式；年代、出处和同时代对照；同时代资料、后期整理和出处链。需对照的具体条目：学习材料、学生解释与史料使用","「历史教育」：在历史教育中，怎样核对学习材料、学生解释与史料使用，分开“当时制度或实践”与“后来的回忆或分类”？ 哪一层叙述来自当时，哪一层来自后来的整理？","true","false","archives","direction-owned-direction-case"
"public-history-7","public-history","history","讲述者位置、材料权限与受众理解","纪念与记忆研究档案：逐轮对话、在场关系和沉默位置；相关领域文献对“展示文本、参与者声音与观看过程”的用语与记录方式；讲述时点、在场位置和其他来源。需对照的具体条目：讲述时点、在场位置与重述框架","「纪念与记忆」：在纪念与记忆中，怎样核对讲述时点、在场位置与重述框架，分开“当时经历的线索”与“后来重述的框架”？ 对方在怎样的关系中说出这句话？","true","false","archives","direction-owned-direction-case"
"public-history-8","public-history","heritage","讲述者位置、材料权限与受众理解","地方博物馆研究档案：公开来源、展陈取舍与观众提出的问题；相关领域文献对“展示文本、参与者声音与观看过程”的用语与记录方式；材料选择、阅读路径和受众理解。需对照历史表达与公众中的定义、对象索引与适用条件","「地方博物馆」：在地方博物馆中，怎样核对展示文本、参与者声音与观看过程，分开“受众理解改善”与“材料或受众构成变化”？ 展出的主张哪些有来源，哪些是解释或宣传？","true","false","archives","direction-owned-direction-case"
"public-history-9","public-history","history","讲述者位置、材料权限与受众理解","历史写作研究档案：同时代记载与后期整理本的年代对照；相关领域文献对“展示文本、参与者声音与观看过程”的用语与记录方式；年代、出处和同时代对照；同时代资料、后期整理和出处链。需对照的具体条目：叙事结构、引证依据与遗漏视角","「历史写作」：在历史写作中，怎样核对叙事结构、引证依据与遗漏视角，分开“当时制度或实践”与“后来的回忆或分类”？ 哪一层叙述来自当时，哪一层来自后来的整理？","true","false","archives","direction-owned-direction-case"
"public-history-10","public-history","history","讲述者位置、材料权限与受众理解","公众档案研究档案：逐页出处、底本差异和缺页索引；相关领域文献对“展示文本、参与者声音与观看过程”的用语与记录方式；底本出处、异文位置和编订层次。需对照的具体条目：形成机关、归档过程与缺件","「公众档案」：在公众档案中，怎样核对形成机关、归档过程与缺件，分开“原始用法差异”与“编订或传承差异”？ 这个说法在原材料的哪一页，另一版本为何不同？","true","false","archives","direction-owned-direction-case"
"public-history-11","public-history","history","讲述者位置、材料权限与受众理解","历史游戏评价研究档案：同时代记载与后期整理本的年代对照；相关领域文献对“展示文本、参与者声音与观看过程”的用语与记录方式；年代、出处和同时代对照；同时代资料、后期整理和出处链。需对照的具体条目：规则抽象、历史材料与玩家理解","「历史游戏评价」：在历史游戏评价中，怎样核对规则抽象、历史材料与玩家理解，分开“当时制度或实践”与“后来的回忆或分类”？ 哪一层叙述来自当时，哪一层来自后来的整理？","true","false","archives","direction-owned-direction-case"
"public-history-12","public-history","history","讲述者位置、材料权限与受众理解","公共史学伦理研究档案：同时代记载与后期整理本的年代对照；相关领域文献对“展示文本、参与者声音与观看过程”的用语与记录方式；年代、出处和同时代对照；受益负担、行动理由和申诉机会。需对照的具体条目：行动理由、受益负担与申诉机会","「公共史学伦理」：在公共史学伦理中，怎样核对行动理由、受益负担与申诉机会，分开“当时制度或实践”与“后来的回忆或分类”？ 哪一层叙述来自当时，哪一层来自后来的整理？","true","false","archives","direction-owned-direction-case"
"geophysics-studies-1","geophysics-studies","physics","观测标定、尺度与反演假设","固体地球物理研究档案：地震或场观测、结构模型与参数约束；物理边界、观测响应和过程量。需对照地球信号与反演中的定义、对象索引与适用条件","「固体地球物理」：在固体地球物理中，怎样核对地震或场观测、结构模型与参数约束，分开“物理过程变化”与“响应或边界改变”？","true","false","","direction-owned-direction-case"
"geophysics-studies-2","geophysics-studies","physics","观测标定、尺度与反演假设","地球动力学研究档案：地震或场观测、结构模型与参数约束；初值集合、时间轨迹和稳定性定义；载荷谱、变形状态和失效口径。需对照地球信号与反演中的定义、对象索引与适用条件","「地球动力学」：在地球动力学中，怎样核对地震或场观测、结构模型与参数约束，分开“局部轨迹性质”与“未覆盖的初值行为”？","true","false","","direction-owned-direction-case"
"geophysics-studies-3","geophysics-studies","physics","观测标定、尺度与反演假设","地震观测研究档案：地震或场观测、结构模型与参数约束；空间位置、形成序列和多解解释；参考依据、重复读数和误差分项。需对照的具体条目：台站覆盖、到时资料与事件定位","「地震观测」：在地震观测中，怎样核对台站覆盖、到时资料与事件定位，分开“结构过程差异”与“观测覆盖或模型约束差异”？ 读数差异来自被测对象，还是测量链的变化？","true","false","","direction-owned-direction-case"
"geophysics-studies-4","geophysics-studies","physics","观测标定、尺度与反演假设","地磁观测研究档案：地震或场观测、结构模型与参数约束；空间位置、形成序列和多解解释；参考依据、重复读数和误差分项。需对照的具体条目：参考场、时段变化与仪器漂移","「地磁观测」：在地磁观测中，怎样核对参考场、时段变化与仪器漂移，分开“结构过程差异”与“观测覆盖或模型约束差异”？ 读数差异来自被测对象，还是测量链的变化？","true","false","","direction-owned-direction-case"
"geophysics-studies-5","geophysics-studies","physics","观测标定、尺度与反演假设","重力资料研究档案：地震或场观测、结构模型与参数约束；空间位置、形成序列和多解解释。需对照的具体条目：位置高程、参考基准与密度假设","「重力资料」：在重力资料中，怎样核对位置高程、参考基准与密度假设，分开“结构过程差异”与“观测覆盖或模型约束差异”？","true","false","","direction-owned-direction-case"
"geophysics-studies-6","geophysics-studies","physics","观测标定、尺度与反演假设","地球物理反演研究档案：地震或场观测、结构模型与参数约束；离散误差、参照解和停止条件；参数出处、边界条件和独立检验情境。需对照地球信号与反演中的定义、对象索引与适用条件","「地球物理反演」：在地球物理反演中，怎样核对地震或场观测、结构模型与参数约束，分开“可控数值误差”与“模型或离散误差”？ 拟合得好来自可解释结构，还是条件和参数更宽松？","true","false","","direction-owned-direction-case"
"geophysics-studies-7","geophysics-studies","physics","观测标定、尺度与反演假设","岩石物理研究档案：地震或场观测、结构模型与参数约束；空间位置、形成序列和多解解释。需对照的具体条目：物相指认、层位关系与形成序列","「岩石物理」：在岩石物理中，怎样核对物相指认、层位关系与形成序列，分开“结构过程差异”与“观测覆盖或模型约束差异”？","true","false","","direction-owned-direction-case"
"geophysics-studies-8","geophysics-studies","chemistry","观测标定、尺度与反演假设","地球化学资料研究档案：地震或场观测、结构模型与参数约束；物种指认、平衡条件和测量信号。需对照地球信号与反演中的定义、对象索引与适用条件","「地球化学资料」：在地球化学资料中，怎样核对地震或场观测、结构模型与参数约束，分开“真实组成差异”与“指认或响应差异”？","true","false","","direction-owned-direction-case"
"geophysics-studies-9","geophysics-studies","physics","观测标定、尺度与反演假设","构造研究研究档案：地震或场观测、结构模型与参数约束；空间位置、形成序列和多解解释。需对照地球信号与反演中的定义、对象索引与适用条件","「构造研究」：在构造研究中，怎样核对地震或场观测、结构模型与参数约束，分开“结构过程差异”与“观测覆盖或模型约束差异”？","true","false","","direction-owned-direction-case"
"geophysics-studies-10","geophysics-studies","software","观测标定、尺度与反演假设","地球系统模型研究档案：地震或场观测、结构模型与参数约束；模型边界、参数来源和验证情境；系统边界、反馈连接和尺度转换；参数出处、边界条件和独立检验情境。需对照地球信号与反演中的定义、对象索引与适用条件","「地球系统模型」：在地球系统模型中，怎样核对地震或场观测、结构模型与参数约束，分开“机制解释改善”与“校准对验证的依赖”？ 拟合得好来自可解释结构，还是条件和参数更宽松？","true","false","","direction-owned-direction-case"
"geophysics-studies-11","geophysics-studies","remote-sensing","观测标定、尺度与反演假设","地球观测质控研究档案：地震或场观测、结构模型与参数约束；标签定义、版本变动和分歧样本；参考依据、重复读数和误差分项。需对照地球信号与反演中的定义、对象索引与适用条件","「地球观测质控」：在地球观测质控中，怎样核对地震或场观测、结构模型与参数约束，分开“信息表达改善”与“标签口径改变”？ 读数差异来自被测对象，还是测量链的变化？","true","false","","direction-owned-direction-case"
"geophysics-studies-12","geophysics-studies","physics","观测标定、尺度与反演假设","地学数据复现研究档案：地震或场观测、结构模型与参数约束；转写规则、数字版本和原件对应；版本变更、异常记录和失败复核。需对照的具体条目：原始版本、偏离记录与失败尝试","「地学数据复现」：在地学数据复现中，怎样核对原始版本、偏离记录与失败尝试，分开“原始材料中的关系”与“数字化选择造成的关系”？ 所谓更可靠，是失败更少，还是失败更少被记下来？","true","false","","direction-owned-direction-case"
"ocean-science-1","ocean-science","ecology","航次窗口、空间范围与观测条件","物理海洋研究档案：水体剖面、环流时序与生物环境；水体层次、季节窗口和观测覆盖。需对照的具体条目：水层位置、季节与水团背景","「物理海洋」：在物理海洋中，怎样核对水层位置、季节与水团背景，分开“生态或物理变化”与“层位或季节变化”？","true","false","","direction-owned-direction-case"
"ocean-science-2","ocean-science","ecology","航次窗口、空间范围与观测条件","海洋化学研究档案：水体剖面、环流时序与生物环境；物种指认、平衡条件和测量信号；水体层次、季节窗口和观测覆盖。需对照的具体条目：水层位置、季节与水团背景","「海洋化学」：在海洋化学中，怎样核对水层位置、季节与水团背景，分开“真实组成差异”与“指认或响应差异”？","true","false","","direction-owned-direction-case"
"ocean-science-3","ocean-science","ecology","航次窗口、空间范围与观测条件","海洋生态研究档案：水体剖面、环流时序与生物环境；水体层次、季节窗口和观测覆盖；种群数量、群落组成和观测努力。需对照的具体条目：水层位置、季节与水团背景","「海洋生态」：在海洋生态中，怎样核对水层位置、季节与水团背景，分开“生态或物理变化”与“层位或季节变化”？","true","false","","direction-owned-direction-case"
"ocean-science-4","ocean-science","ecology","航次窗口、空间范围与观测条件","海洋地质研究档案：水体剖面、环流时序与生物环境；空间位置、形成序列和多解解释；水体层次、季节窗口和观测覆盖。需对照的具体条目：水层位置、季节与水团背景","「海洋地质」：在海洋地质中，怎样核对水层位置、季节与水团背景，分开“结构过程差异”与“观测覆盖或模型约束差异”？","true","false","","direction-owned-direction-case"
"ocean-science-5","ocean-science","ecology","航次窗口、空间范围与观测条件","海气相互作用研究档案：水体剖面、环流时序与生物环境；水体层次、季节窗口和观测覆盖。需对照海洋过程与观测中的定义、对象索引与适用条件","「海气相互作用」：在海气相互作用中，怎样核对水体剖面、环流时序与生物环境，分开“生态或物理变化”与“层位或季节变化”？","true","false","","direction-owned-direction-case"
"ocean-science-6","ocean-science","remote-sensing","航次窗口、空间范围与观测条件","海洋遥感研究档案：水体剖面、环流时序与生物环境；水体层次、季节窗口和观测覆盖；坐标基准、空间支持和分类边界；坐标基准、空间单元和不同尺度的对照。需对照的具体条目：水层位置、季节与水团背景；地面参照、像元支持与反演条件","「海洋遥感」：在海洋遥感中，怎样核对水层位置、季节与水团背景，分开“生态或物理变化”与“层位或季节变化”？ 换了空间单元以后，原来的关系是否还成立？","true","false","","direction-owned-direction-case"
"ocean-science-7","ocean-science","ecology","航次窗口、空间范围与观测条件","近岸过程研究档案：水体剖面、环流时序与生物环境；水体层次、季节窗口和观测覆盖；时间戳、状态阶段和变化前后的并列记录。需对照海洋过程与观测中的定义、对象索引与适用条件","「近岸过程」：在近岸过程中，怎样核对水体剖面、环流时序与生物环境，分开“生态或物理变化”与“层位或季节变化”？ 变化先后关系是否与提出的解释相符？","true","false","","direction-owned-direction-case"
"ocean-science-8","ocean-science","ecology","航次窗口、空间范围与观测条件","海洋观测研究档案：水体剖面、环流时序与生物环境；水体层次、季节窗口和观测覆盖；参考依据、重复读数和误差分项。需对照的具体条目：水层位置、季节与水团背景","「海洋观测」：在海洋观测中，怎样核对水层位置、季节与水团背景，分开“生态或物理变化”与“层位或季节变化”？ 读数差异来自被测对象，还是测量链的变化？","true","false","","direction-owned-direction-case"
"ocean-science-9","ocean-science","ecology","航次窗口、空间范围与观测条件","海洋时间序列研究档案：水体剖面、环流时序与生物环境；水体层次、季节窗口和观测覆盖；时间戳、状态阶段和变化前后的并列记录。需对照的具体条目：水层位置、季节与水团背景","「海洋时间序列」：在海洋时间序列中，怎样核对水层位置、季节与水团背景，分开“生态或物理变化”与“层位或季节变化”？ 变化先后关系是否与提出的解释相符？","true","false","","direction-owned-direction-case"
"ocean-science-10","ocean-science","ecology","航次窗口、空间范围与观测条件","海洋模型研究档案：水体剖面、环流时序与生物环境；水体层次、季节窗口和观测覆盖；模型边界、参数来源和验证情境；参数出处、边界条件和独立检验情境。需对照的具体条目：水层位置、季节与水团背景","「海洋模型」：在海洋模型中，怎样核对水层位置、季节与水团背景，分开“生态或物理变化”与“层位或季节变化”？ 拟合得好来自可解释结构，还是条件和参数更宽松？","true","false","","direction-owned-direction-case"
"ocean-science-11","ocean-science","ecology","航次窗口、空间范围与观测条件","海洋数据质量研究档案：水体剖面、环流时序与生物环境；水体层次、季节窗口和观测覆盖；标签定义、版本变动和分歧样本；版本变更、异常记录和失败复核。需对照的具体条目：水层位置、季节与水团背景","「海洋数据质量」：在海洋数据质量中，怎样核对水层位置、季节与水团背景，分开“生态或物理变化”与“层位或季节变化”？ 所谓更可靠，是失败更少，还是失败更少被记下来？","true","false","","direction-owned-direction-case"
"ocean-science-12","ocean-science","ecology","航次窗口、空间范围与观测条件","海洋环境史研究档案：同时代记载与后期整理本的年代对照；相关领域文献对“水体剖面、环流时序与生物环境”的用语与记录方式；同时代资料、后期整理和出处链。需对照的具体条目：水层位置、季节与水团背景；环境过程、利用记录与历史观察","「海洋环境史」：在海洋环境史中，怎样核对环境过程、利用记录与历史观察，分开“有出处的历史解释”与“整理或保存选择”？ 哪一层叙述来自当时，哪一层来自后来的整理？","true","false","","direction-owned-direction-case"
"mechanics-science-1","mechanics-science","mechanical","边界条件、尺度与守恒关系","理论力学研究档案：本构关系、边界条件与响应；载荷谱、变形状态和失效口径。需对照的具体条目：理想约束、广义坐标与守恒条件","「理论力学」：在理论力学中，怎样核对理想约束、广义坐标与守恒条件，分开“承载机制差异”与“载荷历程差异”？","true","false","structures","direction-owned-direction-case"
"mechanics-science-2","mechanics-science","mechanical","边界条件、尺度与守恒关系","固体力学研究档案：本构关系、边界条件与响应；载荷谱、变形状态和失效口径。需对照的具体条目：应力状态、材料假设与边界约束","「固体力学」：在固体力学中，怎样核对应力状态、材料假设与边界约束，分开“承载机制差异”与“载荷历程差异”？","true","false","structures","direction-owned-direction-case"
"mechanics-science-3","mechanics-science","mechanical","边界条件、尺度与守恒关系","流体力学研究档案：本构关系、边界条件与响应；边界条件、守恒项和流动尺度；载荷谱、变形状态和失效口径。需对照力、运动与连续介质中的定义、对象索引与适用条件","「流体力学」：在流体力学中，怎样核对本构关系、边界条件与响应，分开“动力过程差异”与“尺度或边界差异”？","true","false","structures","direction-owned-direction-case"
"mechanics-science-4","mechanics-science","mechanical","边界条件、尺度与守恒关系","计算力学研究档案：本构关系、边界条件与响应；离散误差、参照解和停止条件；载荷谱、变形状态和失效口径。需对照力、运动与连续介质中的定义、对象索引与适用条件","「计算力学」：在计算力学中，怎样核对本构关系、边界条件与响应，分开“可控数值误差”与“模型或离散误差”？","true","false","numerics","direction-owned-direction-case"
"mechanics-science-5","mechanics-science","mechanical","边界条件、尺度与守恒关系","实验力学研究档案：本构关系、边界条件与响应；载荷谱、变形状态和失效口径。需对照的具体条目：加载条件、测量链与误差来源","「实验力学」：在实验力学中，怎样核对加载条件、测量链与误差来源，分开“承载机制差异”与“载荷历程差异”？","true","false","structures","direction-owned-direction-case"
"mechanics-science-6","mechanics-science","mechanical","边界条件、尺度与守恒关系","多尺度力学研究档案：本构关系、边界条件与响应；载荷谱、变形状态和失效口径；系统边界、反馈连接和尺度转换；各方定义、资料来源和桥接规则。需对照力、运动与连续介质中的定义、对象索引与适用条件","「多尺度力学」：在多尺度力学中，怎样核对本构关系、边界条件与响应，分开“承载机制差异”与“载荷历程差异”？ 名称相同是否真的意味着比较对象相同？","true","false","structures","direction-owned-direction-case"
"mechanics-science-7","mechanics-science","mechanical","边界条件、尺度与守恒关系","非线性动力学研究档案：本构关系、边界条件与响应；初值集合、时间轨迹和稳定性定义；载荷谱、变形状态和失效口径。需对照的具体条目：初值集合、分岔参数与稳定性","「非线性动力学」：在非线性动力学中，怎样核对初值集合、分岔参数与稳定性，分开“局部轨迹性质”与“未覆盖的初值行为”？","true","false","structures","direction-owned-direction-case"
"mechanics-science-8","mechanics-science","chemistry","边界条件、尺度与守恒关系","材料力学研究档案：本构关系、边界条件与响应；结构分布、缺陷表征和性质条件；载荷谱、变形状态和失效口径。需对照力、运动与连续介质中的定义、对象索引与适用条件","「材料力学」：在材料力学中，怎样核对本构关系、边界条件与响应，分开“结构差异”与“组成或条件差异”？","true","false","structures","direction-owned-direction-case"
"mechanics-science-9","mechanics-science","construction","边界条件、尺度与守恒关系","结构稳定研究档案：本构关系、边界条件与响应；初值集合、时间轨迹和稳定性定义；载荷谱、变形状态和失效口径。需对照的具体条目：平衡构形、失稳条件与扰动范围","「结构稳定」：在结构稳定中，怎样核对平衡构形、失稳条件与扰动范围，分开“局部轨迹性质”与“未覆盖的初值行为”？","true","false","structures","direction-owned-direction-case"
"mechanics-science-10","mechanics-science","mechanical","边界条件、尺度与守恒关系","生物力学研究档案：本构关系、边界条件与响应；载荷谱、变形状态和失效口径；细胞组成、功能层次和独立来源。需对照的具体条目：动作任务、身体负荷与运动学资料","「生物力学」：在生物力学中，怎样核对动作任务、身体负荷与运动学资料，分开“承载机制差异”与“载荷历程差异”？","true","false","structures","direction-owned-direction-case"
"mechanics-science-11","mechanics-science","mechanical","边界条件、尺度与守恒关系","力学测量研究档案：本构关系、边界条件与响应；载荷谱、变形状态和失效口径；参考量、校准曲线和不确定性分项；参考依据、重复读数和误差分项。需对照力、运动与连续介质中的定义、对象索引与适用条件","「力学测量」：在力学测量中，怎样核对本构关系、边界条件与响应，分开“承载机制差异”与“载荷历程差异”？ 读数差异来自被测对象，还是测量链的变化？","true","false","structures","direction-owned-direction-case"
"mechanics-science-12","mechanics-science","mechanical","边界条件、尺度与守恒关系","力学模型验证研究档案：本构关系、边界条件与响应；载荷谱、变形状态和失效口径；模型边界、参数来源和验证情境；参数出处、边界条件和独立检验情境。需对照力、运动与连续介质中的定义、对象索引与适用条件","「力学模型验证」：在力学模型验证中，怎样核对本构关系、边界条件与响应，分开“承载机制差异”与“载荷历程差异”？ 拟合得好来自可解释结构，还是条件和参数更宽松？","true","false","structures","direction-owned-direction-case"
"photonics-1","photonics","physics","光路条件、信号与背景","几何光学研究档案：光谱、相位及器件响应；定义域、必要假设和反例；光路、光谱响应和探测器背景。需对照的具体条目：邻域、几何量与映射保持的性质","「几何光学」：在几何光学中，怎样核对邻域、几何量与映射保持的性质，分开“假设支持的推导”与“超出定义域的结论”？","true","false","","direction-owned-direction-case"
"photonics-2","photonics","physics","光路条件、信号与背景","物理光学研究档案：光谱、相位及器件响应；光路、光谱响应和探测器背景。需对照的具体条目：干涉条件、衍射结构与相位关系","「物理光学」：在物理光学中，怎样核对干涉条件、衍射结构与相位关系，分开“入射场改变”与“探测器响应改变”？","true","false","","direction-owned-direction-case"
"photonics-3","photonics","physics","光路条件、信号与背景","量子光学理论研究档案：光谱、相位及器件响应；态定义、可观测量和测量条件；光路、光谱响应和探测器背景。需对照光传播与光物质作用中的定义、对象索引与适用条件","「量子光学理论」：在量子光学理论中，怎样核对光谱、相位及器件响应，分开“状态差异”与“测量设置差异”？","true","false","","direction-owned-direction-case"
"photonics-4","photonics","physics","光路条件、信号与背景","光谱研究研究档案：光谱、相位及器件响应；光路、光谱响应和探测器背景；参考依据、重复读数和误差分项。需对照的具体条目：谱线位置、响应背景与分辨能力","「光谱研究」：在光谱研究中，怎样核对谱线位置、响应背景与分辨能力，分开“入射场改变”与“探测器响应改变”？ 读数差异来自被测对象，还是测量链的变化？","true","false","","direction-owned-direction-case"
"photonics-5","photonics","physics","光路条件、信号与背景","成像科学研究档案：光谱、相位及器件响应；物理边界、观测响应和过程量。需对照的具体条目：测量模型、空间响应与重建假设","「成像科学」：在成像科学中，怎样核对测量模型、空间响应与重建假设，分开“物理过程变化”与“响应或边界改变”？","true","false","","direction-owned-direction-case"
"photonics-6","photonics","physics","光路条件、信号与背景","光学材料研究档案：光谱、相位及器件响应；光路、光谱响应和探测器背景；结构分布、缺陷表征和性质条件。需对照光传播与光物质作用中的定义、对象索引与适用条件","「光学材料」：在光学材料中，怎样核对光谱、相位及器件响应，分开“入射场改变”与“探测器响应改变”？","true","false","","direction-owned-direction-case"
"photonics-7","photonics","physics","光路条件、信号与背景","光电测量研究档案：光谱、相位及器件响应；光路、光谱响应和探测器背景；参考量、校准曲线和不确定性分项；参考依据、重复读数和误差分项。需对照的具体条目：光电响应、校准来源与工作点","「光电测量」：在光电测量中，怎样核对光电响应、校准来源与工作点，分开“入射场改变”与“探测器响应改变”？ 读数差异来自被测对象，还是测量链的变化？","true","false","","direction-owned-direction-case"
"photonics-8","photonics","physics","光路条件、信号与背景","光学仪器研究档案：光谱、相位及器件响应；光路、光谱响应和探测器背景；参考量、校准曲线和不确定性分项；参考依据、重复读数和误差分项。需对照的具体条目：光路状态、系统响应与分辨能力","「光学仪器」：在光学仪器中，怎样核对光路状态、系统响应与分辨能力，分开“入射场改变”与“探测器响应改变”？ 读数差异来自被测对象，还是测量链的变化？","true","false","","direction-owned-direction-case"
"photonics-9","photonics","physics","光路条件、信号与背景","计算成像研究档案：光谱、相位及器件响应；物理边界、观测响应和过程量。需对照的具体条目：输入观测、正则假设与参照重建","「计算成像」：在计算成像中，怎样核对输入观测、正则假设与参照重建，分开“物理过程变化”与“响应或边界改变”？","true","false","","direction-owned-direction-case"
"photonics-10","photonics","physics","光路条件、信号与背景","光学噪声研究档案：光谱、相位及器件响应；光路、光谱响应和探测器背景。需对照的具体条目：噪声来源、频谱分布与信号相关","「光学噪声」：在光学噪声中，怎样核对噪声来源、频谱分布与信号相关，分开“入射场改变”与“探测器响应改变”？","true","false","","direction-owned-direction-case"
"photonics-11","photonics","physics","光路条件、信号与背景","光学标定研究档案：光谱、相位及器件响应；光路、光谱响应和探测器背景；参考量、校准曲线和不确定性分项；参考依据、重复读数和误差分项。需对照的具体条目：参考对象、标定参数与残差模式","「光学标定」：在光学标定中，怎样核对参考对象、标定参数与残差模式，分开“入射场改变”与“探测器响应改变”？ 读数差异来自被测对象，还是测量链的变化？","true","false","","direction-owned-direction-case"
"photonics-12","photonics","physics","光路条件、信号与背景","光学数据复现研究档案：光谱、相位及器件响应；光路、光谱响应和探测器背景；转写规则、数字版本和原件对应；版本变更、异常记录和失败复核。需对照的具体条目：原始版本、偏离记录与失败尝试","「光学数据复现」：在光学数据复现中，怎样核对原始版本、偏离记录与失败尝试，分开“入射场改变”与“探测器响应改变”？ 所谓更可靠，是失败更少，还是失败更少被记下来？","true","false","","direction-owned-direction-case"
"systems-biology-1","systems-biology","biomedical","独立对象、来源批次与模型范围","系统生物学研究档案：节点状态、相互关系与系统响应；细胞组成、功能层次和独立来源；系统边界、反馈连接和尺度转换。需对照生命网络与多尺度中的定义、对象索引与适用条件","「系统生物学」：在系统生物学中，怎样核对节点状态、相互关系与系统响应，分开“单元状态改变”与“组成或技术批次差异”？","true","false","ecology","direction-owned-direction-case"
"systems-biology-2","systems-biology","biomedical","独立对象、来源批次与模型范围","生物信息学研究档案：节点状态、相互关系与系统响应；细胞组成、功能层次和独立来源。需对照生命网络与多尺度中的定义、对象索引与适用条件","「生物信息学」：在生物信息学中，怎样核对节点状态、相互关系与系统响应，分开“单元状态改变”与“组成或技术批次差异”？","true","false","ecology","direction-owned-direction-case"
"systems-biology-3","systems-biology","ecology","独立对象、来源批次与模型范围","计算生态研究档案：节点状态、相互关系与系统响应；种群数量、群落组成和观测努力；模型边界、参数来源和验证情境。需对照生命网络与多尺度中的定义、对象索引与适用条件","「计算生态」：在计算生态中，怎样核对节点状态、相互关系与系统响应，分开“实际种群变化”与“检出机会变化”？","true","false","ecology","direction-owned-direction-case"
"systems-biology-4","systems-biology","genetic-association","独立对象、来源批次与模型范围","群体遗传资料研究档案：节点状态、相互关系与系统响应；参考版本、来源关系与变异表型对应；亲缘结构、阶段和参考注释；不同层次的读数、背景条件和相反趋势。需对照的具体条目：群体结构、参考频率与亲缘依赖","「群体遗传资料」：在群体遗传资料中，怎样核对群体结构、参考频率与亲缘依赖，分开“遗传相关信号”与“来源结构或环境差异”？ 各层次读数是否在回答同一个问题？","true","false","","direction-owned-direction-case"
"systems-biology-5","systems-biology","anatomy","独立对象、来源批次与模型范围","发育资料比较研究档案：节点状态、相互关系与系统响应；发育分期、成长轨迹与功能任务；亲缘结构、阶段和参考注释；各方定义、资料来源和桥接规则。需对照生命网络与多尺度中的定义、对象索引与适用条件","「发育资料比较」：在发育资料比较中，怎样核对节点状态、相互关系与系统响应，分开“真实阶段差异”与“分期错位”？ 名称相同是否真的意味着比较对象相同？","true","false","","direction-owned-direction-case"
"systems-biology-6","systems-biology","ecology","独立对象、来源批次与模型范围","进化资料研究研究档案：节点状态、相互关系与系统响应；亲缘结构、阶段和参考注释。需对照生命网络与多尺度中的定义、对象索引与适用条件","「进化资料研究」：在进化资料研究中，怎样核对节点状态、相互关系与系统响应，分开“遗传或发育差异”与“亲缘或阶段构成差异”？","true","false","","direction-owned-direction-case"
"systems-biology-7","systems-biology","biomedical","独立对象、来源批次与模型范围","公共组学资料研究档案：节点状态、相互关系与系统响应；鉴定可靠性、分子丰度与功能资料；细胞组成、功能层次和独立来源。需对照生命网络与多尺度中的定义、对象索引与适用条件","「公共组学资料」：在公共组学资料中，怎样核对节点状态、相互关系与系统响应，分开“分子状态变化”与“鉴定、组成或测量差异”？","true","false","","direction-owned-direction-case"
"systems-biology-8","systems-biology","biomedical","独立对象、来源批次与模型范围","网络生物学研究档案：节点状态、相互关系与系统响应；节点口径、边含义和缺失连接；细胞组成、功能层次和独立来源。需对照生命网络与多尺度中的定义、对象索引与适用条件","「网络生物学」：在网络生物学中，怎样核对节点状态、相互关系与系统响应，分开“实际关系改变”与“采集范围改变”？","true","false","ecology","direction-owned-direction-case"
"systems-biology-9","systems-biology","software","独立对象、来源批次与模型范围","生命系统模型研究档案：节点状态、相互关系与系统响应；模型边界、参数来源和验证情境；系统边界、反馈连接和尺度转换；参数出处、边界条件和独立检验情境。需对照生命网络与多尺度中的定义、对象索引与适用条件","「生命系统模型」：在生命系统模型中，怎样核对节点状态、相互关系与系统响应，分开“机制解释改善”与“校准对验证的依赖”？ 拟合得好来自可解释结构，还是条件和参数更宽松？","true","false","","direction-owned-direction-case"
"systems-biology-10","systems-biology","ecology","独立对象、来源批次与模型范围","生态时间序列研究档案：节点状态、相互关系与系统响应；种群数量、群落组成和观测努力；时间戳、状态阶段和变化前后的并列记录。需对照生命网络与多尺度中的定义、对象索引与适用条件","「生态时间序列」：在生态时间序列中，怎样核对节点状态、相互关系与系统响应，分开“实际种群变化”与“检出机会变化”？ 变化先后关系是否与提出的解释相符？","true","false","ecology","direction-owned-direction-case"
"systems-biology-11","systems-biology","biomedical","独立对象、来源批次与模型范围","生物资料质控研究档案：节点状态、相互关系与系统响应；细胞组成、功能层次和独立来源；标签定义、版本变动和分歧样本；版本变更、异常记录和失败复核。需对照生命网络与多尺度中的定义、对象索引与适用条件","「生物资料质控」：在生物资料质控中，怎样核对节点状态、相互关系与系统响应，分开“单元状态改变”与“组成或技术批次差异”？ 所谓更可靠，是失败更少，还是失败更少被记下来？","true","false","ecology","direction-owned-direction-case"
"systems-biology-12","systems-biology","education","独立对象、来源批次与模型范围","生命科学教学研究档案：教学任务、学生作答与撤去帮助后的新题；相关领域文献对“节点状态、相互关系与系统响应”的用语与记录方式；任务目标、辅助条件和延迟表现。需对照的具体条目：目标任务、辅助条件与延迟迁移","「生命科学教学」：在生命科学教学中，怎样核对目标任务、辅助条件与延迟迁移，分开“独立学习改善”与“辅助或练习效应”？ 当场做对与真正能迁移，材料分别支持哪一个？","true","false","","direction-owned-direction-case"
"software-engineering-1","software-engineering","software","版本、任务与可重现故障","软件需求研究档案：需求版本、执行轨迹与缺陷记录；版本锁定、输入契约和故障复现；版本规则、对象索引和使用任务；计量单位、时间窗口和未计入的投入。需对照的具体条目：输入契约、依赖版本与错误复现","「软件需求」：在软件需求中，怎样核对输入契约、依赖版本与错误复现，分开“代码行为变化”与“运行环境变化”？ 看起来更划算，是效率提高还是少算了投入？","true","false","software","direction-owned-direction-case"
"software-engineering-2","software-engineering","software","版本、任务与可重现故障","软件架构研究档案：需求版本、执行轨迹与缺陷记录；版本锁定、输入契约和故障复现；版本规则、对象索引和使用任务。需对照的具体条目：输入契约、依赖版本与错误复现；模块责任、接口约束与依赖关系","「软件架构」：在软件架构中，怎样核对模块责任、接口约束与依赖关系，分开“代码行为变化”与“运行环境变化”？","true","false","software","direction-owned-direction-case"
"software-engineering-3","software-engineering","software","版本、任务与可重现故障","软件测试研究档案：需求版本、执行轨迹与缺陷记录；参考量、校准曲线和不确定性分项；版本锁定、输入契约和故障复现；参考依据、重复读数和误差分项。需对照的具体条目：输入契约、依赖版本与错误复现","「软件测试」：在软件测试中，怎样核对输入契约、依赖版本与错误复现，分开“被测量变化”与“校准偏差”？ 读数差异来自被测对象，还是测量链的变化？","true","false","software","direction-owned-direction-case"
"software-engineering-4","software-engineering","math","版本、任务与可重现故障","程序分析研究档案：需求版本、执行轨迹与缺陷记录；版本锁定、输入契约和故障复现。需对照的具体条目：输入假设、测量或推导链与不确定性","「程序分析」：在程序分析中，怎样核对输入假设、测量或推导链与不确定性，分开“代码行为变化”与“运行环境变化”？","true","false","software","direction-owned-direction-case"
"software-engineering-5","software-engineering","software","版本、任务与可重现故障","软件维护研究档案：需求版本、执行轨迹与缺陷记录；版本锁定、输入契约和故障复现；版本规则、对象索引和使用任务。需对照的具体条目：输入契约、依赖版本与错误复现；变更原因、回归风险与兼容约束","「软件维护」：在软件维护中，怎样核对变更原因、回归风险与兼容约束，分开“代码行为变化”与“运行环境变化”？","true","false","software","direction-owned-direction-case"
"software-engineering-6","software-engineering","software","版本、任务与可重现故障","软件可靠性研究档案：需求版本、执行轨迹与缺陷记录；版本锁定、输入契约和故障复现；失效定义、暴露时长和退出原因；版本变更、异常记录和失败复核。需对照的具体条目：输入契约、依赖版本与错误复现","「软件可靠性」：在软件可靠性中，怎样核对输入契约、依赖版本与错误复现，分开“代码行为变化”与“运行环境变化”？ 所谓更可靠，是失败更少，还是失败更少被记下来？","true","false","software","direction-owned-direction-case"
"software-engineering-7","software-engineering","education","版本、任务与可重现故障","软件工程教育研究档案：教学任务、学生作答与撤去帮助后的新题；相关领域文献对“需求版本、执行轨迹与缺陷记录”的用语与记录方式；任务目标、辅助条件和延迟表现。需对照的具体条目：输入契约、依赖版本与错误复现","「软件工程教育」：在软件工程教育中，怎样核对输入契约、依赖版本与错误复现，分开“独立学习改善”与“辅助或练习效应”？ 当场做对与真正能迁移，材料分别支持哪一个？","true","false","software","direction-owned-direction-case"
"software-engineering-8","software-engineering","software","版本、任务与可重现故障","开源协作研究档案：需求版本、执行轨迹与缺陷记录；节点口径、边含义和缺失连接；版本锁定、输入契约和故障复现。需对照软件需求与行为中的定义、对象索引与适用条件","「开源协作」：在开源协作中，怎样核对需求版本、执行轨迹与缺陷记录，分开“实际关系改变”与“采集范围改变”？","true","false","","direction-owned-direction-case"
"software-engineering-9","software-engineering","software","版本、任务与可重现故障","开发工具研究档案：需求版本、执行轨迹与缺陷记录；版本锁定、输入契约和故障复现。需对照软件需求与行为中的定义、对象索引与适用条件","「开发工具」：在开发工具中，怎样核对需求版本、执行轨迹与缺陷记录，分开“代码行为变化”与“运行环境变化”？","true","false","","direction-owned-direction-case"
"software-engineering-10","software-engineering","interaction","版本、任务与可重现故障","软件可用性研究档案：需求版本、执行轨迹与缺陷记录；版本锁定、输入契约和故障复现；任务完成、错误恢复和辅助条件；任务路径、迭代版本和错误恢复记录。需对照的具体条目：输入契约、依赖版本与错误复现","「软件可用性」：在软件可用性中，怎样核对输入契约、依赖版本与错误复现，分开“代码行为变化”与“运行环境变化”？ 这次变好是设计改进，还是使用者得到更多帮助？","true","false","software","direction-owned-direction-case"
"software-engineering-11","software-engineering","software","版本、任务与可重现故障","软件度量研究档案：需求版本、执行轨迹与缺陷记录；版本锁定、输入契约和故障复现；版本规则、对象索引和使用任务。需对照的具体条目：输入契约、依赖版本与错误复现；度量定义、项目背景与解释范围","「软件度量」：在软件度量中，怎样核对度量定义、项目背景与解释范围，分开“代码行为变化”与“运行环境变化”？","true","false","software","direction-owned-direction-case"
"software-engineering-12","software-engineering","software","版本、任务与可重现故障","软件复现研究档案：需求版本、执行轨迹与缺陷记录；版本锁定、输入契约和故障复现；版本规则、对象索引和使用任务；版本变更、异常记录和失败复核。需对照的具体条目：输入契约、依赖版本与错误复现；原始版本、偏离记录与失败尝试","「软件复现」：在软件复现中，怎样核对输入契约、依赖版本与错误复现，分开“代码行为变化”与“运行环境变化”？ 所谓更可靠，是失败更少，还是失败更少被记下来？","true","false","software","direction-owned-direction-case"
"electrical-engineering-1","electrical-engineering","mechanical","运行工况、接口与安全边界","电机研究研究档案：网络拓扑、负荷曲线与动态响应；器件模型、工作点和时序功耗。需对照电力网络与电磁过程中的定义、对象索引与适用条件","「电机研究」：在电机研究中，怎样核对网络拓扑、负荷曲线与动态响应，分开“系统实现改善”与“工作点或模型差异”？","true","false","","direction-owned-direction-case"
"electrical-engineering-2","electrical-engineering","software","运行工况、接口与安全边界","电力系统研究档案：网络拓扑、负荷曲线与动态响应；能量边界、时间负荷和系统服务；系统边界、反馈连接和尺度转换。需对照的具体条目：负荷时序、网络限制与供电服务","「电力系统」：在电力系统中，怎样核对负荷时序、网络限制与供电服务，分开“同一服务下节省”与“需求或边界改变”？","true","false","","direction-owned-direction-case"
"electrical-engineering-3","electrical-engineering","electronics","运行工况、接口与安全边界","电力电子研究档案：网络拓扑、负荷曲线与动态响应；能量边界、时间负荷和系统服务。需对照的具体条目：负荷时序、网络限制与供电服务；开关状态、变换效率与工况条件","「电力电子」：在电力电子中，怎样核对开关状态、变换效率与工况条件，分开“同一服务下节省”与“需求或边界改变”？","true","false","","direction-owned-direction-case"
"electrical-engineering-4","electrical-engineering","mechanical","运行工况、接口与安全边界","绝缘与可靠性研究档案：网络拓扑、负荷曲线与动态响应；失效定义、暴露时长和退出原因；版本变更、异常记录和失败复核。需对照电力网络与电磁过程中的定义、对象索引与适用条件","「绝缘与可靠性」：在绝缘与可靠性中，怎样核对网络拓扑、负荷曲线与动态响应，分开“可靠性提高”与“使用减少或漏报”？ 所谓更可靠，是失败更少，还是失败更少被记下来？","true","false","","direction-owned-direction-case"
"electrical-engineering-5","electrical-engineering","mechanical","运行工况、接口与安全边界","电气测量研究档案：网络拓扑、负荷曲线与动态响应；参考量、校准曲线和不确定性分项；能量边界、时间负荷和系统服务；参考依据、重复读数和误差分项。需对照电力网络与电磁过程中的定义、对象索引与适用条件","「电气测量」：在电气测量中，怎样核对网络拓扑、负荷曲线与动态响应，分开“被测量变化”与“校准偏差”？ 读数差异来自被测对象，还是测量链的变化？","true","false","","direction-owned-direction-case"
"electrical-engineering-6","electrical-engineering","mechanical","运行工况、接口与安全边界","可再生能源接入研究档案：网络拓扑、负荷曲线与动态响应；能量边界、时间负荷和系统服务；计量单位、时间窗口和未计入的投入。需对照电力网络与电磁过程中的定义、对象索引与适用条件","「可再生能源接入」：在可再生能源接入中，怎样核对网络拓扑、负荷曲线与动态响应，分开“同一服务下节省”与“需求或边界改变”？ 看起来更划算，是效率提高还是少算了投入？","true","false","","direction-owned-direction-case"
"electrical-engineering-7","electrical-engineering","mechanical","运行工况、接口与安全边界","电网运行评价研究档案：网络拓扑、负荷曲线与动态响应；能量边界、时间负荷和系统服务。需对照的具体条目：负荷时序、网络限制与供电服务；运行时段、供需变化与网络约束","「电网运行评价」：在电网运行评价中，怎样核对运行时段、供需变化与网络约束，分开“同一服务下节省”与“需求或边界改变”？","true","false","","direction-owned-direction-case"
"electrical-engineering-8","electrical-engineering","mechanical","运行工况、接口与安全边界","电能质量研究档案：网络拓扑、负荷曲线与动态响应；能量边界、时间负荷和系统服务；到达率、处理能力和波动时段；版本变更、异常记录和失败复核。需对照电力网络与电磁过程中的定义、对象索引与适用条件","「电能质量」：在电能质量中，怎样核对网络拓扑、负荷曲线与动态响应，分开“同一服务下节省”与“需求或边界改变”？ 所谓更可靠，是失败更少，还是失败更少被记下来？","true","false","","direction-owned-direction-case"
"electrical-engineering-9","electrical-engineering","mechanical","运行工况、接口与安全边界","电气设备诊断研究档案：网络拓扑、负荷曲线与动态响应；能量边界、时间负荷和系统服务；失效定义、暴露时长和退出原因。需对照电力网络与电磁过程中的定义、对象索引与适用条件","「电气设备诊断」：在电气设备诊断中，怎样核对网络拓扑、负荷曲线与动态响应，分开“同一服务下节省”与“需求或边界改变”？","true","false","","direction-owned-direction-case"
"electrical-engineering-10","electrical-engineering","mechanical","运行工况、接口与安全边界","电气自动化研究档案：网络拓扑、负荷曲线与动态响应；输入扰动、反馈状态和响应轨迹；能量边界、时间负荷和系统服务。需对照电力网络与电磁过程中的定义、对象索引与适用条件","「电气自动化」：在电气自动化中，怎样核对网络拓扑、负荷曲线与动态响应，分开“控制响应改善”与“测试工况更容易”？","true","false","","direction-owned-direction-case"
"electrical-engineering-11","electrical-engineering","software","运行工况、接口与安全边界","储能系统评价研究档案：网络拓扑、负荷曲线与动态响应；能量边界、时间负荷和系统服务；系统边界、反馈连接和尺度转换。需对照的具体条目：充放电历程、退化与可用容量","「储能系统评价」：在储能系统评价中，怎样核对充放电历程、退化与可用容量，分开“同一服务下节省”与“需求或边界改变”？","true","false","","direction-owned-direction-case"
"electrical-engineering-12","electrical-engineering","education","运行工况、接口与安全边界","电气工程教育研究档案：教学任务、学生作答与撤去帮助后的新题；相关领域文献对“网络拓扑、负荷曲线与动态响应”的用语与记录方式；任务目标、辅助条件和延迟表现。需对照电力网络与电磁过程中的定义、对象索引与适用条件","「电气工程教育」：在电气工程教育中，怎样核对网络拓扑、负荷曲线与动态响应，分开“独立学习改善”与“辅助或练习效应”？ 当场做对与真正能迁移，材料分别支持哪一个？","true","false","","direction-owned-direction-case"
"hydro-marine-1","hydro-marine","ecology","边界输入、观测窗口与模型比例","水文资料研究档案：流量、水位与工程边界；水量边界、输入输出和时间尺度。需对照的具体条目：水位基准、补给条件与收支范围","「水文资料」：在水文资料中，怎样核对水位基准、补给条件与收支范围，分开“实际收支变化”与“稀释或观测时段差异”？","true","false","energy","direction-owned-direction-case"
"hydro-marine-2","hydro-marine","software","边界输入、观测窗口与模型比例","水资源系统研究档案：流量、水位与工程边界；水量边界、输入输出和时间尺度；系统边界、反馈连接和尺度转换；计量单位、时间窗口和未计入的投入。需对照水流、工程与边界中的定义、对象索引与适用条件","「水资源系统」：在水资源系统中，怎样核对流量、水位与工程边界，分开“实际收支变化”与“稀释或观测时段差异”？ 看起来更划算，是效率提高还是少算了投入？","true","false","energy","direction-owned-direction-case"
"hydro-marine-3","hydro-marine","construction","边界输入、观测窗口与模型比例","水工结构研究档案：流量、水位与工程边界；水量边界、输入输出和时间尺度。需对照的具体条目：结构受力、水位条件与服役状态","「水工结构」：在水工结构中，怎样核对结构受力、水位条件与服役状态，分开“实际收支变化”与“稀释或观测时段差异”？","true","false","energy","direction-owned-direction-case"
"hydro-marine-4","hydro-marine","ecology","边界输入、观测窗口与模型比例","河流工程研究档案：流量、水位与工程边界；水量边界、输入输出和时间尺度。需对照的具体条目：河段边界、流量过程与岸线变化","「河流工程」：在河流工程中，怎样核对河段边界、流量过程与岸线变化，分开“实际收支变化”与“稀释或观测时段差异”？","true","false","energy","direction-owned-direction-case"
"hydro-marine-5","hydro-marine","ecology","边界输入、观测窗口与模型比例","海岸工程研究档案：流量、水位与工程边界；水量边界、输入输出和时间尺度。需对照的具体条目：波潮条件、岸线响应与时间尺度","「海岸工程」：在海岸工程中，怎样核对波潮条件、岸线响应与时间尺度，分开“实际收支变化”与“稀释或观测时段差异”？","true","false","energy","direction-owned-direction-case"
"hydro-marine-6","hydro-marine","ecology","边界输入、观测窗口与模型比例","港口工程研究档案：流量、水位与工程边界；出行链、等待时间和可达机会。需对照的具体条目：海况、载荷状态与协作时间","「港口工程」：在港口工程中，怎样核对海况、载荷状态与协作时间，分开“真实可达机会增加”与“样本路线改变”？","true","false","energy","direction-owned-direction-case"
"hydro-marine-7","hydro-marine","ecology","边界输入、观测窗口与模型比例","海洋结构研究档案：流量、水位与工程边界；水体层次、季节窗口和观测覆盖。需对照的具体条目：水层位置、季节与水团背景","「海洋结构」：在海洋结构中，怎样核对水层位置、季节与水团背景，分开“生态或物理变化”与“层位或季节变化”？","true","false","energy","direction-owned-direction-case"
"hydro-marine-8","hydro-marine","ecology","边界输入、观测窗口与模型比例","工程数值模型研究档案：流量、水位与工程边界；离散误差、参照解和停止条件；模型边界、参数来源和验证情境；参数出处、边界条件和独立检验情境。需对照水流、工程与边界中的定义、对象索引与适用条件","「工程数值模型」：在工程数值模型中，怎样核对流量、水位与工程边界，分开“可控数值误差”与“模型或离散误差”？ 拟合得好来自可解释结构，还是条件和参数更宽松？","true","false","energy","direction-owned-direction-case"
"hydro-marine-9","hydro-marine","ecology","边界输入、观测窗口与模型比例","工程监测研究档案：流量、水位与工程边界；物理边界、观测响应和过程量；参考依据、重复读数和误差分项。需对照水流、工程与边界中的定义、对象索引与适用条件","「工程监测」：在工程监测中，怎样核对流量、水位与工程边界，分开“物理过程变化”与“响应或边界改变”？ 读数差异来自被测对象，还是测量链的变化？","true","false","energy","direction-owned-direction-case"
"hydro-marine-10","hydro-marine","ecology","边界输入、观测窗口与模型比例","泥沙资料研究档案：流量、水位与工程边界；水量边界、输入输出和时间尺度。需对照的具体条目：颗粒级配、输移阶段与通量估计","「泥沙资料」：在泥沙资料中，怎样核对颗粒级配、输移阶段与通量估计，分开“实际收支变化”与“稀释或观测时段差异”？","true","false","energy","direction-owned-direction-case"
"hydro-marine-11","hydro-marine","ecology","边界输入、观测窗口与模型比例","工程环境评价研究档案：流量、水位与工程边界；来源、迁移途径和受影响对象。需对照水流、工程与边界中的定义、对象索引与适用条件","「工程环境评价」：在工程环境评价中，怎样核对流量、水位与工程边界，分开“来源或过程变化”与“迁移或对象变化”？","true","false","energy","direction-owned-direction-case"
"hydro-marine-12","hydro-marine","construction","边界输入、观测窗口与模型比例","水利工程史研究档案：同时代记载与后期整理本的年代对照；相关领域文献对“流量、水位与工程边界”的用语与记录方式；同时代资料、后期整理和出处链。需对照水流、工程与边界中的定义、对象索引与适用条件","「水利工程史」：在水利工程史中，怎样核对流量、水位与工程边界，分开“有出处的历史解释”与“整理或保存选择”？ 哪一层叙述来自当时，哪一层来自后来的整理？","true","false","energy","direction-owned-direction-case"
"geomatics-engineering-1","geomatics-engineering","remote-sensing","坐标基准、精度口径与配准版本","大地测量研究档案：坐标基准、控制点与影像几何；参考量、校准曲线和不确定性分项；参考依据、重复读数和误差分项。需对照的具体条目：参考椭球、坐标基准与观测解算","「大地测量」：在大地测量中，怎样核对参考椭球、坐标基准与观测解算，分开“被测量变化”与“校准偏差”？ 读数差异来自被测对象，还是测量链的变化？","true","false","","direction-owned-direction-case"
"geomatics-engineering-2","geomatics-engineering","remote-sensing","坐标基准、精度口径与配准版本","工程测量研究档案：坐标基准、控制点与影像几何；参考量、校准曲线和不确定性分项；参考依据、重复读数和误差分项。需对照的具体条目：控制点、位置精度与施工任务","「工程测量」：在工程测量中，怎样核对控制点、位置精度与施工任务，分开“被测量变化”与“校准偏差”？ 读数差异来自被测对象，还是测量链的变化？","true","false","","direction-owned-direction-case"
"geomatics-engineering-3","geomatics-engineering","remote-sensing","坐标基准、精度口径与配准版本","摄影测量研究档案：坐标基准、控制点与影像几何；参考量、校准曲线和不确定性分项；参考依据、重复读数和误差分项。需对照的具体条目：影像几何、控制点与配准误差","「摄影测量」：在摄影测量中，怎样核对影像几何、控制点与配准误差，分开“被测量变化”与“校准偏差”？ 读数差异来自被测对象，还是测量链的变化？","true","false","","direction-owned-direction-case"
"geomatics-engineering-4","geomatics-engineering","remote-sensing","坐标基准、精度口径与配准版本","遥感信息研究档案：坐标基准、控制点与影像几何；坐标基准、空间支持和分类边界；版本规则、对象索引和使用任务；坐标基准、空间单元和不同尺度的对照。需对照的具体条目：地面参照、像元支持与反演条件","「遥感信息」：在遥感信息中，怎样核对地面参照、像元支持与反演条件，分开“空间过程变化”与“基准或聚合差异”？ 换了空间单元以后，原来的关系是否还成立？","true","false","cross-environment","direction-owned-direction-case"
"geomatics-engineering-5","geomatics-engineering","ecology","坐标基准、精度口径与配准版本","地理信息工程研究档案：坐标基准、控制点与影像几何；坐标基准、空间支持和分类边界；版本规则、对象索引和使用任务；坐标基准、空间单元和不同尺度的对照。需对照位置与空间参考中的定义、对象索引与适用条件","「地理信息工程」：在地理信息工程中，怎样核对坐标基准、控制点与影像几何，分开“空间过程变化”与“基准或聚合差异”？ 换了空间单元以后，原来的关系是否还成立？","true","false","","direction-owned-direction-case"
"geomatics-engineering-6","geomatics-engineering","remote-sensing","坐标基准、精度口径与配准版本","导航资料评价研究档案：坐标基准、控制点与影像几何；输入扰动、反馈状态和响应轨迹。需对照位置与空间参考中的定义、对象索引与适用条件","「导航资料评价」：在导航资料评价中，怎样核对坐标基准、控制点与影像几何，分开“控制响应改善”与“测试工况更容易”？","true","false","","direction-owned-direction-case"
"geomatics-engineering-7","geomatics-engineering","remote-sensing","坐标基准、精度口径与配准版本","地图表达研究档案：坐标基准、控制点与影像几何；坐标基准、空间支持和分类边界；坐标基准、空间单元和不同尺度的对照。需对照的具体条目：符号规则、空间概括与读图任务","「地图表达」：在地图表达中，怎样核对符号规则、空间概括与读图任务，分开“空间过程变化”与“基准或聚合差异”？ 换了空间单元以后，原来的关系是否还成立？","true","false","","direction-owned-direction-case"
"geomatics-engineering-8","geomatics-engineering","software","坐标基准、精度口径与配准版本","点云处理研究档案：坐标基准、控制点与影像几何；版本锁定、输入契约和故障复现；坐标基准、空间支持和分类边界；坐标基准、空间单元和不同尺度的对照。需对照位置与空间参考中的定义、对象索引与适用条件","「点云处理」：在点云处理中，怎样核对坐标基准、控制点与影像几何，分开“代码行为变化”与“运行环境变化”？ 换了空间单元以后，原来的关系是否还成立？","true","false","","direction-owned-direction-case"
"geomatics-engineering-9","geomatics-engineering","remote-sensing","坐标基准、精度口径与配准版本","时空数据研究档案：坐标基准、控制点与影像几何；坐标基准、空间支持和分类边界。需对照位置与空间参考中的定义、对象索引与适用条件","「时空数据」：在时空数据中，怎样核对坐标基准、控制点与影像几何，分开“空间过程变化”与“基准或聚合差异”？","true","false","","direction-owned-direction-case"
"geomatics-engineering-10","geomatics-engineering","construction","坐标基准、精度口径与配准版本","测绘质量研究档案：坐标基准、控制点与影像几何；坐标基准、空间支持和分类边界；到达率、处理能力和波动时段；版本变更、异常记录和失败复核。需对照位置与空间参考中的定义、对象索引与适用条件","「测绘质量」：在测绘质量中，怎样核对坐标基准、控制点与影像几何，分开“空间过程变化”与“基准或聚合差异”？ 所谓更可靠，是失败更少，还是失败更少被记下来？","true","false","","direction-owned-direction-case"
"geomatics-engineering-11","geomatics-engineering","remote-sensing","坐标基准、精度口径与配准版本","多源资料配准研究档案：坐标基准、控制点与影像几何；坐标基准、空间支持和分类边界；坐标基准、空间单元和不同尺度的对照。需对照的具体条目：对应点、变换模型与残差分布","「多源资料配准」：在多源资料配准中，怎样核对对应点、变换模型与残差分布，分开“空间过程变化”与“基准或聚合差异”？ 换了空间单元以后，原来的关系是否还成立？","true","false","","direction-owned-direction-case"
"geomatics-engineering-12","geomatics-engineering","education","坐标基准、精度口径与配准版本","测绘工程教育研究档案：教学任务、学生作答与撤去帮助后的新题；相关领域文献对“坐标基准、控制点与影像几何”的用语与记录方式；任务目标、辅助条件和延迟表现。需对照位置与空间参考中的定义、对象索引与适用条件","「测绘工程教育」：在测绘工程教育中，怎样核对坐标基准、控制点与影像几何，分开“独立学习改善”与“辅助或练习效应”？ 当场做对与真正能迁移，材料分别支持哪一个？","true","false","","direction-owned-direction-case"
"process-engineering-1","process-engineering","process","物料边界、工况与模型前提","化工热力学研究档案：物料能量收支、界面与过程状态；系统边界、状态变量和交换项；载荷谱、变形状态和失效口径。需对照过程收支与放大中的定义、对象索引与适用条件","「化工热力学」：在化工热力学中，怎样核对物料能量收支、界面与过程状态，分开“系统状态变化”与“边界交换变化”？","true","false","energy","direction-owned-direction-case"
"process-engineering-2","process-engineering","process","物料边界、工况与模型前提","传递过程研究档案：物料能量收支、界面与过程状态；边界条件、守恒项和流动尺度；时间戳、状态阶段和变化前后的并列记录。需对照过程收支与放大中的定义、对象索引与适用条件","「传递过程」：在传递过程中，怎样核对物料能量收支、界面与过程状态，分开“动力过程差异”与“尺度或边界差异”？ 变化先后关系是否与提出的解释相符？","true","false","energy","direction-owned-direction-case"
"process-engineering-3","process-engineering","process","物料边界、工况与模型前提","反应工程理论研究档案：物料能量收支、界面与过程状态；物种指认、平衡条件和测量信号。需对照过程收支与放大中的定义、对象索引与适用条件","「反应工程理论」：在反应工程理论中，怎样核对物料能量收支、界面与过程状态，分开“真实组成差异”与“指认或响应差异”？","true","false","energy","direction-owned-direction-case"
"process-engineering-4","process-engineering","software","物料边界、工况与模型前提","过程系统研究档案：物料能量收支、界面与过程状态；系统边界、反馈连接和尺度转换；物理边界、观测响应和过程量；时间戳、状态阶段和变化前后的并列记录。需对照过程收支与放大中的定义、对象索引与适用条件","「过程系统」：在过程系统中，怎样核对物料能量收支、界面与过程状态，分开“整体行为改变”与“局部或边界变化”？ 变化先后关系是否与提出的解释相符？","true","false","energy","direction-owned-direction-case"
"process-engineering-5","process-engineering","process","物料边界、工况与模型前提","分离过程理论研究档案：物料能量收支、界面与过程状态；物种指认、平衡条件和测量信号；时间戳、状态阶段和变化前后的并列记录。需对照过程收支与放大中的定义、对象索引与适用条件","「分离过程理论」：在分离过程理论中，怎样核对物料能量收支、界面与过程状态，分开“真实组成差异”与“指认或响应差异”？ 变化先后关系是否与提出的解释相符？","true","false","energy","direction-owned-direction-case"
"process-engineering-6","process-engineering","mechanical","物料边界、工况与模型前提","过程控制研究档案：物料能量收支、界面与过程状态；输入扰动、反馈状态和响应轨迹；时间戳、状态阶段和变化前后的并列记录。需对照过程收支与放大中的定义、对象索引与适用条件","「过程控制」：在过程控制中，怎样核对物料能量收支、界面与过程状态，分开“控制响应改善”与“测试工况更容易”？ 变化先后关系是否与提出的解释相符？","true","false","energy","direction-owned-direction-case"
"process-engineering-7","process-engineering","process","物料边界、工况与模型前提","过程强化评价研究档案：物料能量收支、界面与过程状态；物理边界、观测响应和过程量；时间戳、状态阶段和变化前后的并列记录。需对照过程收支与放大中的定义、对象索引与适用条件","「过程强化评价」：在过程强化评价中，怎样核对物料能量收支、界面与过程状态，分开“物理过程变化”与“响应或边界改变”？ 变化先后关系是否与提出的解释相符？","true","false","energy","direction-owned-direction-case"
"process-engineering-8","process-engineering","process","物料边界、工况与模型前提","资源循环研究档案：物料能量收支、界面与过程状态；物理边界、观测响应和过程量；计量单位、时间窗口和未计入的投入。需对照过程收支与放大中的定义、对象索引与适用条件","「资源循环」：在资源循环中，怎样核对物料能量收支、界面与过程状态，分开“物理过程变化”与“响应或边界改变”？ 看起来更划算，是效率提高还是少算了投入？","true","false","energy","direction-owned-direction-case"
"process-engineering-9","process-engineering","process","物料边界、工况与模型前提","过程模拟研究档案：物料能量收支、界面与过程状态；离散误差、参照解和停止条件；模型边界、参数来源和验证情境；参数出处、边界条件和独立检验情境。需对照过程收支与放大中的定义、对象索引与适用条件","「过程模拟」：在过程模拟中，怎样核对物料能量收支、界面与过程状态，分开“可控数值误差”与“模型或离散误差”？ 拟合得好来自可解释结构，还是条件和参数更宽松？","true","false","energy","direction-owned-direction-case"
"process-engineering-10","process-engineering","process","物料边界、工况与模型前提","过程测量研究档案：物料能量收支、界面与过程状态；参考量、校准曲线和不确定性分项；参考依据、重复读数和误差分项。需对照过程收支与放大中的定义、对象索引与适用条件","「过程测量」：在过程测量中，怎样核对物料能量收支、界面与过程状态，分开“被测量变化”与“校准偏差”？ 读数差异来自被测对象，还是测量链的变化？","true","false","energy","direction-owned-direction-case"
"process-engineering-11","process-engineering","process","物料边界、工况与模型前提","工况可靠性研究档案：物料能量收支、界面与过程状态；失效定义、暴露时长和退出原因；版本变更、异常记录和失败复核。需对照过程收支与放大中的定义、对象索引与适用条件","「工况可靠性」：在工况可靠性中，怎样核对物料能量收支、界面与过程状态，分开“可靠性提高”与“使用减少或漏报”？ 所谓更可靠，是失败更少，还是失败更少被记下来？","true","false","energy","direction-owned-direction-case"
"process-engineering-12","process-engineering","education","物料边界、工况与模型前提","化工工程教育研究档案：教学任务、学生作答与撤去帮助后的新题；相关领域文献对“物料能量收支、界面与过程状态”的用语与记录方式；任务目标、辅助条件和延迟表现。需对照过程收支与放大中的定义、对象索引与适用条件","「化工工程教育」：在化工工程教育中，怎样核对物料能量收支、界面与过程状态，分开“独立学习改善”与“辅助或练习效应”？ 当场做对与真正能迁移，材料分别支持哪一个？","true","false","energy","direction-owned-direction-case"
"crop-science-1","crop-science","crop","地块、季节与重复测量","播期、物候阶段与小区收获记录","「作物栽培」：播种日期相同，为什么生育进程仍可能不同？","true","false","","direction-owned-concept"
"crop-science-2","crop-science","crop","地块、季节与重复测量","叶面积、干物质分配与器官生长资料","「作物生理」：叶片表现更好，为什么收获器官可能没有增加？","true","false","","direction-owned-concept"
"crop-science-3","crop-science","biomedical","地块、季节与重复测量","作物遗传资料研究档案：物候、品种及田间小区；参考版本、来源关系与变异表型对应；品种、环境和生育阶段记录；不同层次的读数、背景条件和相反趋势。需对照的具体条目：种质来源、品种、田块位置与生育阶段","「作物遗传资料」：在作物遗传资料中，怎样核对种质来源、品种、田块位置与生育阶段，分开“遗传相关信号”与“来源结构或环境差异”？ 各层次读数是否在回答同一个问题？","true","false","breeding","direction-owned-direction-case"
"crop-science-4","crop-science","crop-breeding","地块、季节与重复测量","种质编号、多点小区产量与环境登记","「作物育种评价」：平均产量最高，为什么仍可能不是当地最合适的品种？","true","false","breeding","direction-owned-concept"
"crop-science-5","crop-science","crop-breeding","地块、季节与重复测量","种质资料研究档案：物候、品种及田间小区；参考版本、来源关系与变异表型对应；品种、环境和生育阶段记录。需对照作物阶段与产量中的定义、对象索引与适用条件","「种质资料」：在种质资料中，怎样核对物候、品种及田间小区，分开“遗传相关信号”与“来源结构或环境差异”？","true","false","breeding","direction-owned-direction-case"
"crop-science-6","crop-science","crop","地块、季节与重复测量","作物品质研究档案：物候、品种及田间小区；品种、环境和生育阶段记录。需对照的具体条目：种质来源、品种、田块位置与生育阶段；品质性状、评价时点与利用目标","「作物品质」：在作物品质中，怎样核对品质性状、评价时点与利用目标，分开“品种或管理效应”与“环境与阶段效应”？","true","false","","direction-owned-direction-case"
"crop-science-7","crop-science","crop","地块、季节与重复测量","农田管理研究档案：物候、品种及田间小区；采样深度、容重和空间位置；正式文本、执行条件与被排除的对象。需对照作物阶段与产量中的定义、对象索引与适用条件","「农田管理」：在农田管理中，怎样核对物候、品种及田间小区，分开“实际存量变化”与“采样深度或容重变化”？ 文本已经改变，实际机会和执行是否也改变了？","true","false","","direction-owned-direction-case"
"crop-science-8","crop-science","crop","地块、季节与重复测量","农艺试验设计研究档案：物候、品种及田间小区；品种、环境和生育阶段记录；任务路径、迭代版本和错误恢复记录。需对照的具体条目：种质来源、品种、田块位置与生育阶段","「农艺试验设计」：在农艺试验设计中，怎样核对种质来源、品种、田块位置与生育阶段，分开“品种或管理效应”与“环境与阶段效应”？ 这次变好是设计改进，还是使用者得到更多帮助？","true","false","","direction-owned-direction-case"
"crop-science-9","crop-science","ecology","地块、季节与重复测量","农业气候研究档案：物候、品种及田间小区；基准时期、空间范围和异常序列。需对照的具体条目：基准时期、空间覆盖与异常序列","「农业气候」：在农业气候中，怎样核对基准时期、空间覆盖与异常序列，分开“持续气候信号”与“短期变率或基准差异”？","true","false","","direction-owned-direction-case"
"crop-science-10","crop-science","crop","地块、季节与重复测量","作物模型研究档案：物候、品种及田间小区；品种、环境和生育阶段记录；参数出处、边界条件和独立检验情境。需对照的具体条目：种质来源、品种、田块位置与生育阶段","「作物模型」：在作物模型中，怎样核对种质来源、品种、田块位置与生育阶段，分开“品种或管理效应”与“环境与阶段效应”？ 拟合得好来自可解释结构，还是条件和参数更宽松？","true","false","","direction-owned-direction-case"
"crop-science-11","crop-science","crop","地块、季节与重复测量","作物表型资料研究档案：物候、品种及田间小区；品种、环境和生育阶段记录；亲缘结构、阶段和参考注释。需对照的具体条目：种质来源、品种、田块位置与生育阶段","「作物表型资料」：在作物表型资料中，怎样核对种质来源、品种、田块位置与生育阶段，分开“品种或管理效应”与“环境与阶段效应”？","true","false","","direction-owned-direction-case"
"crop-science-12","crop-science","crop","地块、季节与重复测量","作物生产系统研究档案：物候、品种及田间小区；品种、环境和生育阶段记录。需对照的具体条目：种质来源、品种、田块位置与生育阶段；生产环节、资源投入与系统边界","「作物生产系统」：在作物生产系统中，怎样核对生产环节、资源投入与系统边界，分开“品种或管理效应”与“环境与阶段效应”？","true","false","","direction-owned-direction-case"
"horticulture-studies-1","horticulture-studies","crop","生长阶段、环境与评价窗口","果树研究研究档案：成熟阶段、品质指标与采后时序；品种、环境和生育阶段记录。需对照的具体条目：成熟阶段、品种差异与采后环境；多年生阶段、结果条件与季节差异","「果树研究」：在果树研究中，怎样核对成熟阶段、品种差异与采后环境，分开“品种或管理效应”与“环境与阶段效应”？","true","false","","direction-owned-direction-case"
"horticulture-studies-2","horticulture-studies","crop","生长阶段、环境与评价窗口","蔬菜研究研究档案：成熟阶段、品质指标与采后时序；品种、环境和生育阶段记录。需对照的具体条目：成熟阶段、品种差异与采后环境；生育阶段、食用部位与管理条件","「蔬菜研究」：在蔬菜研究中，怎样核对成熟阶段、品种差异与采后环境，分开“品种或管理效应”与“环境与阶段效应”？","true","false","","direction-owned-direction-case"
"horticulture-studies-3","horticulture-studies","crop","生长阶段、环境与评价窗口","花卉研究研究档案：成熟阶段、品质指标与采后时序；品种、环境和生育阶段记录。需对照的具体条目：成熟阶段、品种差异与采后环境；花期、观赏评价与储运条件","「花卉研究」：在花卉研究中，怎样核对成熟阶段、品种差异与采后环境，分开“品种或管理效应”与“环境与阶段效应”？","true","false","","direction-owned-direction-case"
"horticulture-studies-4","horticulture-studies","crop","生长阶段、环境与评价窗口","设施园艺研究档案：成熟阶段、品质指标与采后时序；品种、环境和生育阶段记录。需对照的具体条目：成熟阶段、品种差异与采后环境；设施环境、调控投入与作物响应","「设施园艺」：在设施园艺中，怎样核对设施环境、调控投入与作物响应，分开“品种或管理效应”与“环境与阶段效应”？","true","false","","direction-owned-direction-case"
"horticulture-studies-5","horticulture-studies","crop","生长阶段、环境与评价窗口","园艺品质研究档案：成熟阶段、品质指标与采后时序；品种、环境和生育阶段记录。需对照的具体条目：成熟阶段、品种差异与采后环境；成熟状态、感官评价与测量口径","「园艺品质」：在园艺品质中，怎样核对成熟状态、感官评价与测量口径，分开“品种或管理效应”与“环境与阶段效应”？","true","false","","direction-owned-direction-case"
"horticulture-studies-6","horticulture-studies","crop","生长阶段、环境与评价窗口","园艺生理研究档案：成熟阶段、品质指标与采后时序；品种、环境和生育阶段记录；细胞组成、功能层次和独立来源；不同层次的读数、背景条件和相反趋势。需对照的具体条目：成熟阶段、品种差异与采后环境","「园艺生理」：在园艺生理中，怎样核对成熟阶段、品种差异与采后环境，分开“品种或管理效应”与“环境与阶段效应”？ 各层次读数是否在回答同一个问题？","true","false","","direction-owned-direction-case"
"horticulture-studies-7","horticulture-studies","crop","生长阶段、环境与评价窗口","园艺资源资料研究档案：成熟阶段、品质指标与采后时序；品种、环境和生育阶段记录；计量单位、时间窗口和未计入的投入。需对照的具体条目：成熟阶段、品种差异与采后环境","「园艺资源资料」：在园艺资源资料中，怎样核对成熟阶段、品种差异与采后环境，分开“品种或管理效应”与“环境与阶段效应”？ 看起来更划算，是效率提高还是少算了投入？","true","false","","direction-owned-direction-case"
"horticulture-studies-8","horticulture-studies","crop","生长阶段、环境与评价窗口","园艺生态研究档案：成熟阶段、品质指标与采后时序；种群数量、群落组成和观测努力；品种、环境和生育阶段记录。需对照的具体条目：成熟阶段、品种差异与采后环境","「园艺生态」：在园艺生态中，怎样核对成熟阶段、品种差异与采后环境，分开“实际种群变化”与“检出机会变化”？","true","false","","direction-owned-direction-case"
"horticulture-studies-9","horticulture-studies","crop","生长阶段、环境与评价窗口","采后评价研究档案：成熟阶段、品质指标与采后时序；品种、环境和生育阶段记录。需对照园艺生长与品质中的定义、对象索引与适用条件","「采后评价」：在采后评价中，怎样核对成熟阶段、品质指标与采后时序，分开“品种或管理效应”与“环境与阶段效应”？","true","false","","direction-owned-direction-case"
"horticulture-studies-10","horticulture-studies","crop","生长阶段、环境与评价窗口","园艺生产系统研究档案：成熟阶段、品质指标与采后时序；品种、环境和生育阶段记录。需对照的具体条目：成熟阶段、品种差异与采后环境；生产环节、品种配置与资源边界","「园艺生产系统」：在园艺生产系统中，怎样核对生产环节、品种配置与资源边界，分开“品种或管理效应”与“环境与阶段效应”？","true","false","","direction-owned-direction-case"
"horticulture-studies-11","horticulture-studies","crop","生长阶段、环境与评价窗口","园艺表型研究档案：成熟阶段、品质指标与采后时序；品种、环境和生育阶段记录；亲缘结构、阶段和参考注释。需对照的具体条目：成熟阶段、品种差异与采后环境","「园艺表型」：在园艺表型中，怎样核对成熟阶段、品种差异与采后环境，分开“品种或管理效应”与“环境与阶段效应”？","true","false","","direction-owned-direction-case"
"horticulture-studies-12","horticulture-studies","crop","生长阶段、环境与评价窗口","城市园艺研究档案：成熟阶段、品质指标与采后时序；品种、环境和生育阶段记录。需对照的具体条目：成熟阶段、品种差异与采后环境；进入机会、空间路径与地方制度","「城市园艺」：在城市园艺中，怎样核对成熟阶段、品种差异与采后环境，分开“品种或管理效应”与“环境与阶段效应”？","true","false","","direction-owned-direction-case"
"soil-resources-1","soil-resources","ecology","地块层次、测量批次与尺度","土壤学研究档案：土层、容重与物质含量；采样深度、容重和空间位置。需对照的具体条目：采样层厚、容重与有机质分布","「土壤学」：在土壤学中，怎样核对采样层厚、容重与有机质分布，分开“实际存量变化”与“采样深度或容重变化”？","true","false","soil","direction-owned-direction-case"
"soil-resources-2","soil-resources","food","地块层次、测量批次与尺度","植物营养资料研究档案：土层、容重与物质含量；组成、摄入及整体模式的分别记录；种群数量、群落组成和观测努力；计量单位、时间窗口和未计入的投入。需对照土层与土壤功能中的定义、对象索引与适用条件","「植物营养资料」：在植物营养资料中，怎样核对土层、容重与物质含量，分开“摄入或组成变化”与“总模式与报告差异”？ 看起来更划算，是效率提高还是少算了投入？","true","false","","direction-owned-direction-case"
"soil-resources-3","soil-resources","ecology","地块层次、测量批次与尺度","农业资源研究档案：土层、容重与物质含量；生境条件、调查覆盖和管理历程；计量单位、时间窗口和未计入的投入。需对照土层与土壤功能中的定义、对象索引与适用条件","「农业资源」：在农业资源中，怎样核对土层、容重与物质含量，分开“真实状态变化”与“覆盖或管理历程改变”？ 看起来更划算，是效率提高还是少算了投入？","true","false","soil","direction-owned-direction-case"
"soil-resources-4","soil-resources","ecology","地块层次、测量批次与尺度","土壤生态研究档案：土层、容重与物质含量；种群数量、群落组成和观测努力；采样深度、容重和空间位置。需对照的具体条目：采样层厚、容重与有机质分布","「土壤生态」：在土壤生态中，怎样核对采样层厚、容重与有机质分布，分开“实际种群变化”与“检出机会变化”？","true","false","soil","direction-owned-direction-case"
"soil-resources-5","soil-resources","ecology","地块层次、测量批次与尺度","农田环境研究档案：土层、容重与物质含量；采样深度、容重和空间位置；来源、迁移途径和受影响对象。需对照土层与土壤功能中的定义、对象索引与适用条件","「农田环境」：在农田环境中，怎样核对土层、容重与物质含量，分开“实际存量变化”与“采样深度或容重变化”？","true","false","","direction-owned-direction-case"
"soil-resources-6","soil-resources","ecology","地块层次、测量批次与尺度","土壤空间分析研究档案：土层、容重与物质含量；采样深度、容重和空间位置；坐标基准、空间单元和不同尺度的对照。需对照的具体条目：采样层厚、容重与有机质分布；输入假设、测量或推导链与不确定性","「土壤空间分析」：在土壤空间分析中，怎样核对采样层厚、容重与有机质分布，分开“实际存量变化”与“采样深度或容重变化”？ 换了空间单元以后，原来的关系是否还成立？","true","false","soil","direction-owned-direction-case"
"soil-resources-7","soil-resources","ecology","地块层次、测量批次与尺度","土壤水分研究档案：土层、容重与物质含量；水量边界、输入输出和时间尺度；采样深度、容重和空间位置。需对照的具体条目：采样层厚、容重与有机质分布","「土壤水分」：在土壤水分中，怎样核对采样层厚、容重与有机质分布，分开“实际收支变化”与“稀释或观测时段差异”？","true","false","soil","direction-owned-direction-case"
"soil-resources-8","soil-resources","ecology","地块层次、测量批次与尺度","土地利用研究档案：土层、容重与物质含量；采样深度、容重和空间位置。需对照土层与土壤功能中的定义、对象索引与适用条件","「土地利用」：在土地利用中，怎样核对土层、容重与物质含量，分开“实际存量变化”与“采样深度或容重变化”？","true","false","","direction-owned-direction-case"
"soil-resources-9","soil-resources","ecology","地块层次、测量批次与尺度","资源循环研究档案：土层、容重与物质含量；采样深度、容重和空间位置；计量单位、时间窗口和未计入的投入。需对照土层与土壤功能中的定义、对象索引与适用条件","「资源循环」：在资源循环中，怎样核对土层、容重与物质含量，分开“实际存量变化”与“采样深度或容重变化”？ 看起来更划算，是效率提高还是少算了投入？","true","false","soil","direction-owned-direction-case"
"soil-resources-10","soil-resources","ecology","地块层次、测量批次与尺度","土壤测量研究档案：土层、容重与物质含量；采样深度、容重和空间位置；参考依据、重复读数和误差分项。需对照的具体条目：采样层厚、容重与有机质分布","「土壤测量」：在土壤测量中，怎样核对采样层厚、容重与有机质分布，分开“实际存量变化”与“采样深度或容重变化”？ 读数差异来自被测对象，还是测量链的变化？","true","false","soil","direction-owned-direction-case"
"soil-resources-11","soil-resources","ecology","地块层次、测量批次与尺度","农业资源评价研究档案：土层、容重与物质含量；来源、迁移途径和受影响对象；生境条件、调查覆盖和管理历程；计量单位、时间窗口和未计入的投入。需对照土层与土壤功能中的定义、对象索引与适用条件","「农业资源评价」：在农业资源评价中，怎样核对土层、容重与物质含量，分开“来源或过程变化”与“迁移或对象变化”？ 看起来更划算，是效率提高还是少算了投入？","true","false","soil","direction-owned-direction-case"
"soil-resources-12","soil-resources","ecology","地块层次、测量批次与尺度","农业环境史研究档案：同时代记载与后期整理本的年代对照；相关领域文献对“土层、容重与物质含量”的用语与记录方式；同时代资料、后期整理和出处链。需对照的具体条目：环境过程、利用记录与历史观察","「农业环境史」：在农业环境史中，怎样核对环境过程、利用记录与历史观察，分开“有出处的历史解释”与“整理或保存选择”？ 哪一层叙述来自当时，哪一层来自后来的整理？","true","false","","direction-owned-direction-case"
"forest-science-1","forest-science","ecology","林分层次、长期观测与经营情境","森林生态研究档案：树龄结构、幼树补充与死亡；种群数量、群落组成和观测努力。需对照的具体条目：林分阶段、更新个体与调查覆盖","「森林生态」：在森林生态中，怎样核对林分阶段、更新个体与调查覆盖，分开“实际种群变化”与“检出机会变化”？","true","false","forest","direction-owned-direction-case"
"forest-science-2","forest-science","ecology","林分层次、长期观测与经营情境","森林培育研究档案：树龄结构、幼树补充与死亡；种群数量、群落组成和观测努力。需对照的具体条目：林分阶段、更新个体与调查覆盖；更新阶段、管理处理与成活记录","「森林培育」：在森林培育中，怎样核对更新阶段、管理处理与成活记录，分开“实际种群变化”与“检出机会变化”？","true","false","forest","direction-owned-direction-case"
"forest-science-3","forest-science","ecology","林分层次、长期观测与经营情境","森林资源研究档案：树龄结构、幼树补充与死亡；种群数量、群落组成和观测努力；计量单位、时间窗口和未计入的投入。需对照的具体条目：林分阶段、更新个体与调查覆盖","「森林资源」：在森林资源中，怎样核对林分阶段、更新个体与调查覆盖，分开“实际种群变化”与“检出机会变化”？ 看起来更划算，是效率提高还是少算了投入？","true","false","forest","direction-owned-direction-case"
"forest-science-4","forest-science","ecology","林分层次、长期观测与经营情境","森林经营研究档案：树龄结构、幼树补充与死亡；种群数量、群落组成和观测努力。需对照的具体条目：林分阶段、更新个体与调查覆盖；经营目标、林分结构与投入历程","「森林经营」：在森林经营中，怎样核对经营目标、林分结构与投入历程，分开“实际种群变化”与“检出机会变化”？","true","false","forest","direction-owned-direction-case"
"forest-science-5","forest-science","ecology","林分层次、长期观测与经营情境","林木资料研究档案：树龄结构、幼树补充与死亡；种群数量、群落组成和观测努力。需对照的具体条目：林分阶段、更新个体与调查覆盖；个体索引、年龄条件与性状记录","「林木资料」：在林木资料中，怎样核对个体索引、年龄条件与性状记录，分开“实际种群变化”与“检出机会变化”？","true","false","forest","direction-owned-direction-case"
"forest-science-6","forest-science","ecology","林分层次、长期观测与经营情境","森林土壤研究档案：树龄结构、幼树补充与死亡；种群数量、群落组成和观测努力；采样深度、容重和空间位置。需对照的具体条目：采样层厚、容重与有机质分布；林分阶段、更新个体与调查覆盖","「森林土壤」：在森林土壤中，怎样核对采样层厚、容重与有机质分布，分开“实际种群变化”与“检出机会变化”？","true","false","forest","direction-owned-direction-case"
"forest-science-7","forest-science","ecology","林分层次、长期观测与经营情境","林业遥感研究档案：树龄结构、幼树补充与死亡；生境条件、调查覆盖和管理历程；坐标基准、空间单元和不同尺度的对照。需对照的具体条目：林分阶段、更新个体与调查覆盖；地面参照、像元支持与反演条件","「林业遥感」：在林业遥感中，怎样核对林分阶段、更新个体与调查覆盖，分开“真实状态变化”与“覆盖或管理历程改变”？ 换了空间单元以后，原来的关系是否还成立？","true","false","forest","direction-owned-direction-case"
"forest-science-8","forest-science","ecology","林分层次、长期观测与经营情境","森林碳资料研究档案：树龄结构、幼树补充与死亡；基准时期、空间范围和异常序列；种群数量、群落组成和观测努力。需对照的具体条目：林分阶段、更新个体与调查覆盖","「森林碳资料」：在森林碳资料中，怎样核对林分阶段、更新个体与调查覆盖，分开“持续气候信号”与“短期变率或基准差异”？","true","false","forest","direction-owned-direction-case"
"forest-science-9","forest-science","ecology","林分层次、长期观测与经营情境","城市林业研究档案：树龄结构、幼树补充与死亡；生境条件、调查覆盖和管理历程。需对照的具体条目：林分阶段、更新个体与调查覆盖；进入机会、空间路径与地方制度","「城市林业」：在城市林业中，怎样核对林分阶段、更新个体与调查覆盖，分开“真实状态变化”与“覆盖或管理历程改变”？","true","false","forest","direction-owned-direction-case"
"forest-science-10","forest-science","ecology","林分层次、长期观测与经营情境","林产品评价研究档案：树龄结构、幼树补充与死亡；生境条件、调查覆盖和管理历程。需对照的具体条目：制造约束、功能任务与使用环境","「林产品评价」：在林产品评价中，怎样核对制造约束、功能任务与使用环境，分开“真实状态变化”与“覆盖或管理历程改变”？","true","false","forest","direction-owned-direction-case"
"forest-science-11","forest-science","ecology","林分层次、长期观测与经营情境","森林健康资料研究档案：树龄结构、幼树补充与死亡；种群数量、群落组成和观测努力。需对照的具体条目：林分阶段、更新个体与调查覆盖；受损判定、观察机会与恢复历程","「森林健康资料」：在森林健康资料中，怎样核对受损判定、观察机会与恢复历程，分开“实际种群变化”与“检出机会变化”？","true","false","forest","direction-owned-direction-case"
"forest-science-12","forest-science","ecology","林分层次、长期观测与经营情境","林业社会研究研究档案：树龄结构、幼树补充与死亡；生境条件、调查覆盖和管理历程。需对照的具体条目：林分阶段、更新个体与调查覆盖","「林业社会研究」：在林业社会研究中，怎样核对林分阶段、更新个体与调查覆盖，分开“真实状态变化”与“覆盖或管理历程改变”？","true","false","forest","direction-owned-direction-case"
"aquatic-science-1","aquatic-science","aquatic","池塘或水域单位、季节与观察条件","水产生态研究档案：种群结构、水体条件与生产记录；水体层次、季节窗口和观测覆盖；种群数量、群落组成和观测努力。需对照的具体条目：水域条件、捕获选择与资源分母","「水产生态」：在水产生态中，怎样核对水域条件、捕获选择与资源分母，分开“生态或物理变化”与“层位或季节变化”？","true","false","animals","direction-owned-direction-case"
"aquatic-science-2","aquatic-science","aquatic","池塘或水域单位、季节与观察条件","渔业资源研究档案：种群结构、水体条件与生产记录；水体层次、季节窗口和观测覆盖；计量单位、时间窗口和未计入的投入。需对照的具体条目：水域条件、捕获选择与资源分母","「渔业资源」：在渔业资源中，怎样核对水域条件、捕获选择与资源分母，分开“生态或物理变化”与“层位或季节变化”？ 看起来更划算，是效率提高还是少算了投入？","true","false","animals","direction-owned-direction-case"
"aquatic-science-3","aquatic-science","aquatic","池塘或水域单位、季节与观察条件","水产营养资料研究档案：种群结构、水体条件与生产记录；组成、摄入及整体模式的分别记录；水体层次、季节窗口和观测覆盖；计量单位、时间窗口和未计入的投入。需对照的具体条目：水域条件、捕获选择与资源分母","「水产营养资料」：在水产营养资料中，怎样核对水域条件、捕获选择与资源分母，分开“摄入或组成变化”与“总模式与报告差异”？ 看起来更划算，是效率提高还是少算了投入？","true","false","animals","direction-owned-direction-case"
"aquatic-science-4","aquatic-science","aquatic","池塘或水域单位、季节与观察条件","水产遗传资料研究档案：种群结构、水体条件与生产记录；参考版本、来源关系与变异表型对应；水体层次、季节窗口和观测覆盖；不同层次的读数、背景条件和相反趋势。需对照的具体条目：水域条件、捕获选择与资源分母","「水产遗传资料」：在水产遗传资料中，怎样核对水域条件、捕获选择与资源分母，分开“遗传相关信号”与“来源结构或环境差异”？ 各层次读数是否在回答同一个问题？","true","false","animals","direction-owned-direction-case"
"aquatic-science-5","aquatic-science","aquatic","池塘或水域单位、季节与观察条件","养殖环境评价研究档案：种群结构、水体条件与生产记录；来源、迁移途径和受影响对象。需对照水产种群与水环境中的定义、对象索引与适用条件","「养殖环境评价」：在养殖环境评价中，怎样核对种群结构、水体条件与生产记录，分开“来源或过程变化”与“迁移或对象变化”？","true","false","animals","direction-owned-direction-case"
"aquatic-science-6","aquatic-science","aquatic","池塘或水域单位、季节与观察条件","水产品质量研究档案：种群结构、水体条件与生产记录；水体层次、季节窗口和观测覆盖；版本变更、异常记录和失败复核。需对照的具体条目：水域条件、捕获选择与资源分母；制造约束、功能任务与使用环境","「水产品质量」：在水产品质量中，怎样核对水域条件、捕获选择与资源分母，分开“生态或物理变化”与“层位或季节变化”？ 所谓更可靠，是失败更少，还是失败更少被记下来？","true","false","animals","direction-owned-direction-case"
"aquatic-science-7","aquatic-science","aquatic","池塘或水域单位、季节与观察条件","水产动物福利研究档案：种群结构、水体条件与生产记录；水体层次、季节窗口和观测覆盖；种群数量、群落组成和观测努力。需对照的具体条目：水域条件、捕获选择与资源分母；个体行为、管理群体与生活环境","「水产动物福利」：在水产动物福利中，怎样核对个体行为、管理群体与生活环境，分开“生态或物理变化”与“层位或季节变化”？","true","false","animals","direction-owned-direction-case"
"aquatic-science-8","aquatic-science","aquatic","池塘或水域单位、季节与观察条件","渔业管理研究档案：种群结构、水体条件与生产记录；水体层次、季节窗口和观测覆盖；正式文本、执行条件与被排除的对象。需对照的具体条目：水域条件、捕获选择与资源分母","「渔业管理」：在渔业管理中，怎样核对水域条件、捕获选择与资源分母，分开“生态或物理变化”与“层位或季节变化”？ 文本已经改变，实际机会和执行是否也改变了？","true","false","animals","direction-owned-direction-case"
"aquatic-science-9","aquatic-science","aquatic","池塘或水域单位、季节与观察条件","渔业社会研究研究档案：种群结构、水体条件与生产记录；水体层次、季节窗口和观测覆盖。需对照的具体条目：水域条件、捕获选择与资源分母；渔户角色、捕捞机会与地方制度","「渔业社会研究」：在渔业社会研究中，怎样核对渔户角色、捕捞机会与地方制度，分开“生态或物理变化”与“层位或季节变化”？","true","false","animals","direction-owned-direction-case"
"aquatic-science-10","aquatic-science","aquatic","池塘或水域单位、季节与观察条件","水产生产系统研究档案：种群结构、水体条件与生产记录；水体层次、季节窗口和观测覆盖。需对照的具体条目：水域条件、捕获选择与资源分母；水体管理、投入环节与生产边界","「水产生产系统」：在水产生产系统中，怎样核对水体管理、投入环节与生产边界，分开“生态或物理变化”与“层位或季节变化”？","true","false","animals","direction-owned-direction-case"
"aquatic-science-11","aquatic-science","aquatic","池塘或水域单位、季节与观察条件","渔业统计研究档案：种群结构、水体条件与生产记录；水体层次、季节窗口和观测覆盖。需对照的具体条目：水域条件、捕获选择与资源分母；捕捞努力、收录范围与资源分母","「渔业统计」：在渔业统计中，怎样核对捕捞努力、收录范围与资源分母，分开“生态或物理变化”与“层位或季节变化”？","true","false","animals","direction-owned-direction-case"
"aquatic-science-12","aquatic-science","aquatic","池塘或水域单位、季节与观察条件","水域观测研究档案：种群结构、水体条件与生产记录；水体层次、季节窗口和观测覆盖；参考依据、重复读数和误差分项。需对照水产种群与水环境中的定义、对象索引与适用条件","「水域观测」：在水域观测中，怎样核对种群结构、水体条件与生产记录，分开“生态或物理变化”与“层位或季节变化”？ 读数差异来自被测对象，还是测量链的变化？","true","false","animals","direction-owned-direction-case"
"strategic-studies-1","strategic-studies","military","公开材料、情境设定与判断层次","战略思想史研究档案：同时代记载与后期整理本的年代对照；相关领域文献对“公开承诺、受众认知与历史行动”的用语与记录方式；年代、出处和同时代对照；同时代资料、后期整理和出处链。需对照的具体条目：公开目标、行动约束与其他参与者解释；概念用法、论争对象与传播时点","「战略思想史」：在战略思想史中，怎样核对概念用法、论争对象与传播时点，分开“当时制度或实践”与“后来的回忆或分类”？ 哪一层叙述来自当时，哪一层来自后来的整理？","true","false","military-history","direction-owned-direction-case"
"strategic-studies-2","strategic-studies","military","公开材料、情境设定与判断层次","安全理论研究档案：公开承诺、受众认知与历史行动；正式规则、实际执行和行为者立场。需对照的具体条目：公开信号、相互解释与承诺兑现","「安全理论」：在安全理论中，怎样核对公开信号、相互解释与承诺兑现，分开“制度实践变化”与“文本或表述变化”？","true","false","military-history","direction-owned-direction-case"
"strategic-studies-3","strategic-studies","military","公开材料、情境设定与判断层次","公开战略文本研究档案：逐页出处、底本差异和缺页索引；相关领域文献对“公开承诺、受众认知与历史行动”的用语与记录方式；底本出处、异文位置和编订层次。需对照的具体条目：公开目标、行动约束与其他参与者解释","「公开战略文本」：在公开战略文本中，怎样核对公开目标、行动约束与其他参与者解释，分开“原始用法差异”与“编订或传承差异”？ 这个说法在原材料的哪一页，另一版本为何不同？","true","false","military-history","direction-owned-direction-case"
"strategic-studies-4","strategic-studies","military","公开材料、情境设定与判断层次","区域安全研究研究档案：公开承诺、受众认知与历史行动；正式规则、实际执行和行为者立场；坐标基准、空间单元和不同尺度的对照。需对照的具体条目：公开信号、相互解释与承诺兑现","「区域安全研究」：在区域安全研究中，怎样核对公开信号、相互解释与承诺兑现，分开“制度实践变化”与“文本或表述变化”？ 换了空间单元以后，原来的关系是否还成立？","true","false","military-history","direction-owned-direction-case"
"strategic-studies-5","strategic-studies","military","公开材料、情境设定与判断层次","国际安全机制研究档案：公开承诺、受众认知与历史行动；正式规则、实际执行和行为者立场；各方定义、资料来源和桥接规则。需对照的具体条目：公开信号、相互解释与承诺兑现；地区制度、指标译法与比较资格","「国际安全机制」：在国际安全机制中，怎样核对公开信号、相互解释与承诺兑现，分开“制度实践变化”与“文本或表述变化”？ 名称相同是否真的意味着比较对象相同？","true","false","military-history","direction-owned-direction-case"
"strategic-studies-6","strategic-studies","military","公开材料、情境设定与判断层次","安全伦理研究档案：行动者理由、利益负担与提出异议的记录；相关领域文献对“公开承诺、受众认知与历史行动”的用语与记录方式；受益负担、行动理由和申诉机会。需对照的具体条目：公开信号、相互解释与承诺兑现；行动理由、受益负担与申诉机会","「安全伦理」：在安全伦理中，怎样核对公开信号、相互解释与承诺兑现，分开“可辩护的规范理由”与“偏好数量代替理由”？ 谁承担了负担，现有理由怎样回应他的异议？","true","false","military-history","direction-owned-direction-case"
"strategic-studies-7","strategic-studies","military","公开材料、情境设定与判断层次","危机叙事研究研究档案：关键段落、话语位置和相反解释；相关领域文献对“公开承诺、受众认知与历史行动”的用语与记录方式；公开文件、责任分配和资源约束。需对照的具体条目：叙述声音、关键片段与版本语境","「危机叙事研究」：在危机叙事研究中，怎样核对叙述声音、关键片段与版本语境，分开“有据可查的运行变化”与“披露或叙事取舍”？ 这段材料支持哪种解释，又抵触哪种解释？","true","false","military-history","direction-owned-direction-case"
"strategic-studies-8","strategic-studies","military","公开材料、情境设定与判断层次","战略传播史研究档案：同时代记载与后期整理本的年代对照；相关领域文献对“公开承诺、受众认知与历史行动”的用语与记录方式；年代、出处和同时代对照；公开文件、责任分配和资源约束。需对照的具体条目：信息入口、转述链与接触分母；公开目标、行动约束与其他参与者解释","「战略传播史」：在战略传播史中，怎样核对信息入口、转述链与接触分母，分开“当时制度或实践”与“后来的回忆或分类”？ 哪一层叙述来自当时，哪一层来自后来的整理？","true","false","military-history","direction-owned-direction-case"
"strategic-studies-9","strategic-studies","military","公开材料、情境设定与判断层次","公共安全政策研究档案：公开承诺、受众认知与历史行动；正式规则、实际执行和行为者立场；公开文件、责任分配和资源约束；正式文本、执行条件与被排除的对象。需对照的具体条目：公开信号、相互解释与承诺兑现；文本目标、执行资源与受影响范围","「公共安全政策」：在公共安全政策中，怎样核对公开信号、相互解释与承诺兑现，分开“制度实践变化”与“文本或表述变化”？ 文本已经改变，实际机会和执行是否也改变了？","true","false","military-history","direction-owned-direction-case"
"strategic-studies-10","strategic-studies","military","公开材料、情境设定与判断层次","比较安全制度研究档案：公开承诺、受众认知与历史行动；正式规则、实际执行和行为者立场；公开文件、责任分配和资源约束；正式文本、执行条件与被排除的对象。需对照的具体条目：公开信号、相互解释与承诺兑现；条文来源、权限分配与执行差异","「比较安全制度」：在比较安全制度中，怎样核对公开信号、相互解释与承诺兑现，分开“制度实践变化”与“文本或表述变化”？ 文本已经改变，实际机会和执行是否也改变了？","true","false","military-history","direction-owned-direction-case"
"strategic-studies-11","strategic-studies","military","公开材料、情境设定与判断层次","战略文化研究档案：公开承诺、受众认知与历史行动；公开文件、责任分配和资源约束；正式文本、执行条件与被排除的对象。需对照的具体条目：实践语境、符号用法与传承位置；公开目标、行动约束与其他参与者解释","「战略文化」：在战略文化中，怎样核对实践语境、符号用法与传承位置，分开“有据可查的运行变化”与“披露或叙事取舍”？ 文本已经改变，实际机会和执行是否也改变了？","true","false","military-history","direction-owned-direction-case"
"strategic-studies-12","strategic-studies","military","公开材料、情境设定与判断层次","安全教育研究档案：教学任务、学生作答与撤去帮助后的新题；相关领域文献对“公开承诺、受众认知与历史行动”的用语与记录方式；任务目标、辅助条件和延迟表现。需对照的具体条目：公开信号、相互解释与承诺兑现","「安全教育」：在安全教育中，怎样核对公开信号、相互解释与承诺兑现，分开“独立学习改善”与“辅助或练习效应”？ 当场做对与真正能迁移，材料分别支持哪一个？","true","false","military-history","direction-owned-direction-case"
"military-history-1","military-history","military","史料出处、年代与叙述立场","军事思想史研究档案：同时代记载与后期整理本的年代对照；相关领域文献对“公开战史、回忆与当时信息”的用语与记录方式；年代、出处和同时代对照；同时代资料、后期整理和出处链。需对照的具体条目：概念用法、论争对象与传播时点","「军事思想史」：在军事思想史中，怎样核对概念用法、论争对象与传播时点，分开“当时制度或实践”与“后来的回忆或分类”？ 哪一层叙述来自当时，哪一层来自后来的整理？","true","false","military-history","direction-owned-direction-case"
"military-history-2","military-history","military","史料出处、年代与叙述立场","军制史研究档案：同时代记载与后期整理本的年代对照；相关领域文献对“公开战史、回忆与当时信息”的用语与记录方式；年代、出处和同时代对照；同时代资料、后期整理和出处链。需对照的具体条目：组织权限、编制文本与时期差异","「军制史」：在军制史中，怎样核对组织权限、编制文本与时期差异，分开“当时制度或实践”与“后来的回忆或分类”？ 哪一层叙述来自当时，哪一层来自后来的整理？","true","false","military-history","direction-owned-direction-case"
"military-history-3","military-history","military","史料出处、年代与叙述立场","军事社会史研究档案：同时代记载与后期整理本的年代对照；相关领域文献对“公开战史、回忆与当时信息”的用语与记录方式；年代、出处和同时代对照；同时代资料、后期整理和出处链。需对照的具体条目：生活记录、社会位置与日常制度","「军事社会史」：在军事社会史中，怎样核对生活记录、社会位置与日常制度，分开“当时制度或实践”与“后来的回忆或分类”？ 哪一层叙述来自当时，哪一层来自后来的整理？","true","false","military-history","direction-owned-direction-case"
"military-history-4","military-history","military","史料出处、年代与叙述立场","战争记忆研究档案：逐轮对话、在场关系和沉默位置；相关领域文献对“公开战史、回忆与当时信息”的用语与记录方式；讲述时点、在场位置和其他来源。需对照的具体条目：讲述时点、在场位置与重述框架","「战争记忆」：在战争记忆中，怎样核对讲述时点、在场位置与重述框架，分开“当时经历的线索”与“后来重述的框架”？ 对方在怎样的关系中说出这句话？","true","false","military-history","direction-owned-direction-case"
"military-history-5","military-history","military","史料出处、年代与叙述立场","军事教育史研究档案：同时代记载与后期整理本的年代对照；相关领域文献对“公开战史、回忆与当时信息”的用语与记录方式；年代、出处和同时代对照；同时代资料、后期整理和出处链。需对照的具体条目：培养任务、课程文本与教育制度","「军事教育史」：在军事教育史中，怎样核对培养任务、课程文本与教育制度，分开“当时制度或实践”与“后来的回忆或分类”？ 哪一层叙述来自当时，哪一层来自后来的整理？","true","false","military-history","direction-owned-direction-case"
"military-history-6","military-history","military","史料出处、年代与叙述立场","军史文献研究档案：同时代记载与后期整理本的年代对照；相关领域文献对“公开战史、回忆与当时信息”的用语与记录方式；底本出处、异文位置和编订层次；年代、出处和同时代对照。需对照军事记忆与制度史中的定义、对象索引与适用条件","「军史文献」：在军史文献中，怎样核对公开战史、回忆与当时信息，分开“原始用法差异”与“编订或传承差异”？ 哪一层叙述来自当时，哪一层来自后来的整理？","true","false","military-history","direction-owned-direction-case"
"military-history-7","military-history","military","史料出处、年代与叙述立场","军事博物馆研究档案：公开来源、展陈取舍与观众提出的问题；相关领域文献对“公开战史、回忆与当时信息”的用语与记录方式；公开来源、传承角色和叙述层次。需对照军事记忆与制度史中的定义、对象索引与适用条件","「军事博物馆」：在军事博物馆中，怎样核对公开战史、回忆与当时信息，分开“有出处的实践线索”与“后期叙述或展示取舍”？ 展出的主张哪些有来源，哪些是解释或宣传？","true","false","military-history","direction-owned-direction-case"
"military-history-8","military-history","military","史料出处、年代与叙述立场","军史口述资料研究档案：同时代记载与后期整理本的年代对照；相关领域文献对“公开战史、回忆与当时信息”的用语与记录方式；年代、出处和同时代对照；讲述时点、在场位置和其他来源。需对照的具体条目：讲述时点、在场位置与重述框架","「军史口述资料」：在军史口述资料中，怎样核对讲述时点、在场位置与重述框架，分开“当时制度或实践”与“后来的回忆或分类”？ 哪一层叙述来自当时，哪一层来自后来的整理？","true","false","military-history","direction-owned-direction-case"
"military-history-9","military-history","military","史料出处、年代与叙述立场","军事文化研究档案：公开战史、回忆与当时信息；公开文件、责任分配和资源约束。需对照的具体条目：实践语境、符号用法与传承位置","「军事文化」：在军事文化中，怎样核对实践语境、符号用法与传承位置，分开“有据可查的运行变化”与“披露或叙事取舍”？","true","false","military-history","direction-owned-direction-case"
"military-history-10","military-history","military","史料出处、年代与叙述立场","和平研究史研究档案：同时代记载与后期整理本的年代对照；相关领域文献对“公开战史、回忆与当时信息”的用语与记录方式；年代、出处和同时代对照；同时代资料、后期整理和出处链。需对照的具体条目：公开信号、相互解释与承诺兑现","「和平研究史」：在和平研究史中，怎样核对公开信号、相互解释与承诺兑现，分开“当时制度或实践”与“后来的回忆或分类”？ 哪一层叙述来自当时，哪一层来自后来的整理？","true","false","military-history","direction-owned-direction-case"
"military-history-11","military-history","military","史料出处、年代与叙述立场","军事史学史研究档案：同时代记载与后期整理本的年代对照；相关领域文献对“公开战史、回忆与当时信息”的用语与记录方式；年代、出处和同时代对照；同时代资料、后期整理和出处链。需对照的具体条目：史学论争、书写规则与资料分类","「军事史学史」：在军事史学史中，怎样核对史学论争、书写规则与资料分类，分开“当时制度或实践”与“后来的回忆或分类”？ 哪一层叙述来自当时，哪一层来自后来的整理？","true","false","military-history","direction-owned-direction-case"
"military-history-12","military-history","military","史料出处、年代与叙述立场","军事人物资料研究档案：公开战史、回忆与当时信息；讲述时点、在场位置和其他来源。需对照军事记忆与制度史中的定义、对象索引与适用条件","「军事人物资料」：在军事人物资料中，怎样核对公开战史、回忆与当时信息，分开“当时经历的线索”与“后来重述的框架”？","true","false","military-history","direction-owned-direction-case"
"defense-management-1","defense-management","military","组织层次、资源口径与公开证据","国防经济公开资料研究档案：公开预算、分工制度与项目交付；公开文件、责任分配和资源约束；计量单位、时间窗口和未计入的投入。需对照公共资源与组织治理中的定义、对象索引与适用条件","「国防经济公开资料」：在国防经济公开资料中，怎样核对公开预算、分工制度与项目交付，分开“有据可查的运行变化”与“披露或叙事取舍”？ 看起来更划算，是效率提高还是少算了投入？","true","false","military-history","direction-owned-direction-case"
"defense-management-2","defense-management","military","组织层次、资源口径与公开证据","国防教育研究档案：教学任务、学生作答与撤去帮助后的新题；相关领域文献对“公开预算、分工制度与项目交付”的用语与记录方式；任务目标、辅助条件和延迟表现。需对照的具体条目：公开培养目标、学习任务与教育资源","「国防教育」：在国防教育中，怎样核对公开培养目标、学习任务与教育资源，分开“独立学习改善”与“辅助或练习效应”？ 当场做对与真正能迁移，材料分别支持哪一个？","true","false","military-history","direction-owned-direction-case"
"defense-management-3","defense-management","military","组织层次、资源口径与公开证据","组织管理研究研究档案：公开预算、分工制度与项目交付；公开文件、责任分配和资源约束；正式文本、执行条件与被排除的对象。需对照的具体条目：角色分工、资源联系与实际协调","「组织管理研究」：在组织管理研究中，怎样核对角色分工、资源联系与实际协调，分开“有据可查的运行变化”与“披露或叙事取舍”？ 文本已经改变，实际机会和执行是否也改变了？","true","false","military-history","direction-owned-direction-case"
"defense-management-4","defense-management","military","组织层次、资源口径与公开证据","人力培养研究研究档案：教学任务、学生作答与撤去帮助后的新题；相关领域文献对“公开预算、分工制度与项目交付”的用语与记录方式；任务目标、辅助条件和延迟表现。需对照的具体条目：招聘机会、职责变化与人员退出","「人力培养研究」：在人力培养研究中，怎样核对招聘机会、职责变化与人员退出，分开“独立学习改善”与“辅助或练习效应”？ 当场做对与真正能迁移，材料分别支持哪一个？","true","false","military-history","direction-owned-direction-case"
"defense-management-5","defense-management","military","组织层次、资源口径与公开证据","资源配置公开资料研究档案：公开预算、分工制度与项目交付；公开文件、责任分配和资源约束；计量单位、时间窗口和未计入的投入。需对照的具体条目：分配目标、机会成本与未满足需求","「资源配置公开资料」：在资源配置公开资料中，怎样核对分配目标、机会成本与未满足需求，分开“有据可查的运行变化”与“披露或叙事取舍”？ 看起来更划算，是效率提高还是少算了投入？","true","false","military-history","direction-owned-direction-case"
"defense-management-6","defense-management","military","组织层次、资源口径与公开证据","公共事务协作研究档案：公开预算、分工制度与项目交付；公开文件、责任分配和资源约束。需对照公共资源与组织治理中的定义、对象索引与适用条件","「公共事务协作」：在公共事务协作中，怎样核对公开预算、分工制度与项目交付，分开“有据可查的运行变化”与“披露或叙事取舍”？","true","false","military-history","direction-owned-direction-case"
"defense-management-7","defense-management","military","组织层次、资源口径与公开证据","国防政策史研究档案：同时代记载与后期整理本的年代对照；相关领域文献对“公开预算、分工制度与项目交付”的用语与记录方式；年代、出处和同时代对照；公开文件、责任分配和资源约束。需对照的具体条目：文本目标、执行资源与受影响范围","「国防政策史」：在国防政策史中，怎样核对文本目标、执行资源与受影响范围，分开“当时制度或实践”与“后来的回忆或分类”？ 哪一层叙述来自当时，哪一层来自后来的整理？","true","false","military-history","direction-owned-direction-case"
"defense-management-8","defense-management","military","组织层次、资源口径与公开证据","管理制度比较研究档案：公开预算、分工制度与项目交付；年代、出处和同时代对照；正式规则、实际执行和行为者立场；正式文本、执行条件与被排除的对象。需对照的具体条目：条文来源、权限分配与执行差异","「管理制度比较」：在管理制度比较中，怎样核对条文来源、权限分配与执行差异，分开“当时制度或实践”与“后来的回忆或分类”？ 文本已经改变，实际机会和执行是否也改变了？","true","false","military-history","direction-owned-direction-case"
"defense-management-9","defense-management","military","组织层次、资源口径与公开证据","项目评价方法研究档案：公开预算、分工制度与项目交付；公开文件、责任分配和资源约束。需对照的具体条目：输入要求、适用前提与方法失败条件","「项目评价方法」：在项目评价方法中，怎样核对输入要求、适用前提与方法失败条件，分开“有据可查的运行变化”与“披露或叙事取舍”？","true","false","military-history","direction-owned-direction-case"
"defense-management-10","defense-management","military","组织层次、资源口径与公开证据","国防文化传播研究档案：公开预算、分工制度与项目交付；公开文件、责任分配和资源约束。需对照的具体条目：实践语境、符号用法与传承位置；信息入口、转述链与接触分母","「国防文化传播」：在国防文化传播中，怎样核对实践语境、符号用法与传承位置，分开“有据可查的运行变化”与“披露或叙事取舍”？","true","false","military-history","direction-owned-direction-case"
"defense-management-11","defense-management","military","组织层次、资源口径与公开证据","教育成效评价研究档案：教学任务、学生作答与撤去帮助后的新题；相关领域文献对“公开预算、分工制度与项目交付”的用语与记录方式；任务目标、辅助条件和延迟表现。需对照的具体条目：目标群体、评价时点与迁移范围","「教育成效评价」：在教育成效评价中，怎样核对目标群体、评价时点与迁移范围，分开“独立学习改善”与“辅助或练习效应”？ 当场做对与真正能迁移，材料分别支持哪一个？","true","false","military-history","direction-owned-direction-case"
"defense-management-12","defense-management","military","组织层次、资源口径与公开证据","公开资料质量研究档案：公开预算、分工制度与项目交付；公开文件、责任分配和资源约束；版本变更、异常记录和失败复核。需对照公共资源与组织治理中的定义、对象索引与适用条件","「公开资料质量」：在公开资料质量中，怎样核对公开预算、分工制度与项目交付，分开“有据可查的运行变化”与“披露或叙事取舍”？ 所谓更可靠，是失败更少，还是失败更少被记下来？","true","false","military-history","direction-owned-direction-case"
"military-technology-history-1","military-technology-history","military","公开技术描述与可验证资料","技术发展史研究档案：同时代记载与后期整理本的年代对照；相关领域文献对“技术档案、标准演变与博物馆叙事”的用语与记录方式；年代、出处和同时代对照；同时代资料、后期整理和出处链。需对照的具体条目：工具版本、使用任务与适用承诺","「技术发展史」：在技术发展史中，怎样核对工具版本、使用任务与适用承诺，分开“当时制度或实践”与“后来的回忆或分类”？ 哪一层叙述来自当时，哪一层来自后来的整理？","true","false","military-history","direction-owned-direction-case"
"military-technology-history-2","military-technology-history","military","公开技术描述与可验证资料","装备史公开资料研究档案：同时代记载与后期整理本的年代对照；相关领域文献对“技术档案、标准演变与博物馆叙事”的用语与记录方式；公开技术文献、展示口径和历史条件；年代、出处和同时代对照。需对照技术发展与公开叙事中的定义、对象索引与适用条件","「装备史公开资料」：在装备史公开资料中，怎样核对技术档案、标准演变与博物馆叙事，分开“有出处的公开主张”与“展示或传播取舍”？ 哪一层叙述来自当时，哪一层来自后来的整理？","true","false","military-history","direction-owned-direction-case"
"military-technology-history-3","military-technology-history","military","公开技术描述与可验证资料","标准史研究档案：同时代记载与后期整理本的年代对照；相关领域文献对“技术档案、标准演变与博物馆叙事”的用语与记录方式；年代、出处和同时代对照；同时代资料、后期整理和出处链。需对照技术发展与公开叙事中的定义、对象索引与适用条件","「标准史」：在标准史中，怎样核对技术档案、标准演变与博物馆叙事，分开“当时制度或实践”与“后来的回忆或分类”？ 哪一层叙述来自当时，哪一层来自后来的整理？","true","false","military-history","direction-owned-direction-case"
"military-technology-history-4","military-technology-history","military","公开技术描述与可验证资料","技术组织史研究档案：同时代记载与后期整理本的年代对照；相关领域文献对“技术档案、标准演变与博物馆叙事”的用语与记录方式；年代、出处和同时代对照；公开文件、责任分配和资源约束。需对照的具体条目：工具版本、使用任务与适用承诺；角色分工、资源联系与实际协调","「技术组织史」：在技术组织史中，怎样核对工具版本、使用任务与适用承诺，分开“当时制度或实践”与“后来的回忆或分类”？ 哪一层叙述来自当时，哪一层来自后来的整理？","true","false","military-history","direction-owned-direction-case"
"military-technology-history-5","military-technology-history","military","公开技术描述与可验证资料","科技政策史研究档案：同时代记载与后期整理本的年代对照；相关领域文献对“技术档案、标准演变与博物馆叙事”的用语与记录方式；年代、出处和同时代对照；公开文件、责任分配和资源约束。需对照的具体条目：仪器记录、研究制度与知识传播；文本目标、执行资源与受影响范围","「科技政策史」：在科技政策史中，怎样核对仪器记录、研究制度与知识传播，分开“当时制度或实践”与“后来的回忆或分类”？ 哪一层叙述来自当时，哪一层来自后来的整理？","true","false","military-history","direction-owned-direction-case"
"military-technology-history-6","military-technology-history","military","公开技术描述与可验证资料","技术伦理研究档案：行动者理由、利益负担与提出异议的记录；相关领域文献对“技术档案、标准演变与博物馆叙事”的用语与记录方式；受益负担、行动理由和申诉机会。需对照的具体条目：行动理由、受益负担与申诉机会；工具版本、使用任务与适用承诺","「技术伦理」：在技术伦理中，怎样核对行动理由、受益负担与申诉机会，分开“可辩护的规范理由”与“偏好数量代替理由”？ 谁承担了负担，现有理由怎样回应他的异议？","true","false","military-history","direction-owned-direction-case"
"military-technology-history-7","military-technology-history","military","公开技术描述与可验证资料","公共技术展示研究档案：公开来源、展陈取舍与观众提出的问题；相关领域文献对“技术档案、标准演变与博物馆叙事”的用语与记录方式；公开技术文献、展示口径和历史条件。需对照的具体条目：工具版本、使用任务与适用承诺","「公共技术展示」：在公共技术展示中，怎样核对工具版本、使用任务与适用承诺，分开“有出处的公开主张”与“展示或传播取舍”？ 展出的主张哪些有来源，哪些是解释或宣传？","true","false","military-history","direction-owned-direction-case"
"military-technology-history-8","military-technology-history","military","公开技术描述与可验证资料","技术叙事研究档案：关键段落、话语位置和相反解释；相关领域文献对“技术档案、标准演变与博物馆叙事”的用语与记录方式；公开来源、传承角色和叙述层次。需对照的具体条目：叙述声音、关键片段与版本语境；工具版本、使用任务与适用承诺","「技术叙事」：在技术叙事中，怎样核对叙述声音、关键片段与版本语境，分开“有出处的实践线索”与“后期叙述或展示取舍”？ 这段材料支持哪种解释，又抵触哪种解释？","true","false","military-history","direction-owned-direction-case"
"military-technology-history-9","military-technology-history","military","公开技术描述与可验证资料","创新制度比较研究档案：技术档案、标准演变与博物馆叙事；年代、出处和同时代对照；正式规则、实际执行和行为者立场；正式文本、执行条件与被排除的对象。需对照的具体条目：新方案定义、采用条件与失败案例；条文来源、权限分配与执行差异","「创新制度比较」：在创新制度比较中，怎样核对新方案定义、采用条件与失败案例，分开“当时制度或实践”与“后来的回忆或分类”？ 文本已经改变，实际机会和执行是否也改变了？","true","false","military-history","direction-owned-direction-case"
"military-technology-history-10","military-technology-history","military","公开技术描述与可验证资料","科技教育史研究档案：同时代记载与后期整理本的年代对照；相关领域文献对“技术档案、标准演变与博物馆叙事”的用语与记录方式；年代、出处和同时代对照；同时代资料、后期整理和出处链。需对照的具体条目：仪器记录、研究制度与知识传播","「科技教育史」：在科技教育史中，怎样核对仪器记录、研究制度与知识传播，分开“当时制度或实践”与“后来的回忆或分类”？ 哪一层叙述来自当时，哪一层来自后来的整理？","true","false","military-history","direction-owned-direction-case"
"military-technology-history-11","military-technology-history","military","公开技术描述与可验证资料","技术档案研究档案：逐页出处、底本差异和缺页索引；相关领域文献对“技术档案、标准演变与博物馆叙事”的用语与记录方式；底本出处、异文位置和编订层次；同时代资料、后期整理和出处链。需对照的具体条目：工具版本、使用任务与适用承诺；形成机关、归档过程与缺件","「技术档案」：在技术档案中，怎样核对工具版本、使用任务与适用承诺，分开“原始用法差异”与“编订或传承差异”？ 这个说法在原材料的哪一页，另一版本为何不同？","true","false","military-history","direction-owned-direction-case"
"military-technology-history-12","military-technology-history","military","公开技术描述与可验证资料","技术资料评价研究档案：技术档案、标准演变与博物馆叙事；公开文件、责任分配和资源约束。需对照的具体条目：工具版本、使用任务与适用承诺","「技术资料评价」：在技术资料评价中，怎样核对工具版本、使用任务与适用承诺，分开“有据可查的运行变化”与“披露或叙事取舍”？","true","false","military-history","direction-owned-direction-case"
"peace-conflict-1","peace-conflict","military","记录范围、概念定义与比较条件","和平理论研究档案：协商文本、参与范围与执行进展；公开信号、解释立场和执行安排。需对照的具体条目：公开信号、相互解释与承诺兑现","「和平理论」：在和平理论中，怎样核对公开信号、相互解释与承诺兑现，分开“可检查的承诺变化”与“传播或立场变化”？","true","false","military-history","direction-owned-direction-case"
"peace-conflict-2","peace-conflict","military","记录范围、概念定义与比较条件","冲突叙事研究档案：关键段落、话语位置和相反解释；相关领域文献对“协商文本、参与范围与执行进展”的用语与记录方式；公开信号、解释立场和执行安排。需对照的具体条目：叙述声音、关键片段与版本语境","「冲突叙事」：在冲突叙事中，怎样核对叙述声音、关键片段与版本语境，分开“可检查的承诺变化”与“传播或立场变化”？ 这段材料支持哪种解释，又抵触哪种解释？","true","false","military-history","direction-owned-direction-case"
"peace-conflict-3","peace-conflict","military","记录范围、概念定义与比较条件","协商制度研究研究档案：协商文本、参与范围与执行进展；正式规则、实际执行和行为者立场；公开信号、解释立场和执行安排；正式文本、执行条件与被排除的对象。需对照的具体条目：条文来源、权限分配与执行差异","「协商制度研究」：在协商制度研究中，怎样核对条文来源、权限分配与执行差异，分开“制度实践变化”与“文本或表述变化”？ 文本已经改变，实际机会和执行是否也改变了？","true","false","military-history","direction-owned-direction-case"
"peace-conflict-4","peace-conflict","military","记录范围、概念定义与比较条件","国际组织资料研究档案：协商文本、参与范围与执行进展；公开信号、解释立场和执行安排；公开文件、责任分配和资源约束；正式文本、执行条件与被排除的对象。需对照的具体条目：地区制度、指标译法与比较资格；角色分工、资源联系与实际协调","「国际组织资料」：在国际组织资料中，怎样核对地区制度、指标译法与比较资格，分开“可检查的承诺变化”与“传播或立场变化”？ 文本已经改变，实际机会和执行是否也改变了？","true","false","military-history","direction-owned-direction-case"
"peace-conflict-5","peace-conflict","military","记录范围、概念定义与比较条件","和平教育研究档案：教学任务、学生作答与撤去帮助后的新题；相关领域文献对“协商文本、参与范围与执行进展”的用语与记录方式；任务目标、辅助条件和延迟表现。需对照的具体条目：公开信号、相互解释与承诺兑现","「和平教育」：在和平教育中，怎样核对公开信号、相互解释与承诺兑现，分开“独立学习改善”与“辅助或练习效应”？ 当场做对与真正能迁移，材料分别支持哪一个？","true","false","military-history","direction-owned-direction-case"
"peace-conflict-6","peace-conflict","military","记录范围、概念定义与比较条件","记忆与和解研究档案：逐轮对话、在场关系和沉默位置；相关领域文献对“协商文本、参与范围与执行进展”的用语与记录方式；讲述时点、在场位置和其他来源。需对照的具体条目：讲述时点、在场位置与重述框架","「记忆与和解」：在记忆与和解中，怎样核对讲述时点、在场位置与重述框架，分开“当时经历的线索”与“后来重述的框架”？ 对方在怎样的关系中说出这句话？","true","false","military-history","direction-owned-direction-case"
"peace-conflict-7","peace-conflict","military","记录范围、概念定义与比较条件","公众安全感研究档案：公开来源、展陈取舍与观众提出的问题；相关领域文献对“协商文本、参与范围与执行进展”的用语与记录方式；公开文件、责任分配和资源约束。需对照的具体条目：公开信号、相互解释与承诺兑现","「公众安全感」：在公众安全感中，怎样核对公开信号、相互解释与承诺兑现，分开“有据可查的运行变化”与“披露或叙事取舍”？ 展出的主张哪些有来源，哪些是解释或宣传？","true","false","military-history","direction-owned-direction-case"
"peace-conflict-8","peace-conflict","military","记录范围、概念定义与比较条件","冲突数据质量研究档案：协商文本、参与范围与执行进展；公开信号、解释立场和执行安排；版本变更、异常记录和失败复核。需对照和平过程与冲突叙事中的定义、对象索引与适用条件","「冲突数据质量」：在冲突数据质量中，怎样核对协商文本、参与范围与执行进展，分开“可检查的承诺变化”与“传播或立场变化”？ 所谓更可靠，是失败更少，还是失败更少被记下来？","true","false","military-history","direction-owned-direction-case"
"peace-conflict-9","peace-conflict","military","记录范围、概念定义与比较条件","文化与和平研究档案：协商文本、参与范围与执行进展；公开信号、解释立场和执行安排。需对照的具体条目：公开信号、相互解释与承诺兑现；实践语境、符号用法与传承位置","「文化与和平」：在文化与和平中，怎样核对公开信号、相互解释与承诺兑现，分开“可检查的承诺变化”与“传播或立场变化”？","true","false","military-history","direction-owned-direction-case"
"peace-conflict-10","peace-conflict","military","记录范围、概念定义与比较条件","迁移与冲突资料研究档案：协商文本、参与范围与执行进展；公开信号、解释立场和执行安排。需对照的具体条目：出发地、进入目的地与迁移选择","「迁移与冲突资料」：在迁移与冲突资料中，怎样核对出发地、进入目的地与迁移选择，分开“可检查的承诺变化”与“传播或立场变化”？","true","false","military-history","direction-owned-direction-case"
"peace-conflict-11","peace-conflict","military","记录范围、概念定义与比较条件","公共政策比较研究档案：协商文本、参与范围与执行进展；正式规则、实际执行和行为者立场；公开文件、责任分配和资源约束；正式文本、执行条件与被排除的对象。需对照的具体条目：文本目标、执行资源与受影响范围","「公共政策比较」：在公共政策比较中，怎样核对文本目标、执行资源与受影响范围，分开“制度实践变化”与“文本或表述变化”？ 文本已经改变，实际机会和执行是否也改变了？","true","false","military-history","direction-owned-direction-case"
"peace-conflict-12","peace-conflict","military","记录范围、概念定义与比较条件","和平传播研究档案：协商文本、参与范围与执行进展；公开信号、解释立场和执行安排；公开文件、责任分配和资源约束。需对照的具体条目：公开信号、相互解释与承诺兑现；信息入口、转述链与接触分母","「和平传播」：在和平传播中，怎样核对公开信号、相互解释与承诺兑现，分开“可检查的承诺变化”与“传播或立场变化”？","true","false","military-history","direction-owned-direction-case"
"business-management-1","business-management","organization","组织与个体层次、案例选择","企业战略研究档案：战略选择、组织机制与资源约束；选择集合、机会成本和价格条件；决策责任、执行资源和反馈循环；正式文本、执行条件与被排除的对象。需对照的具体条目：公开目标、行动约束与其他参与者解释","「企业战略」：在企业战略中，怎样核对公开目标、行动约束与其他参与者解释，分开“激励或偏好变化”与“约束或可得方案变化”？ 文本已经改变，实际机会和执行是否也改变了？","true","false","","direction-owned-direction-case"
"business-management-2","business-management","organization","组织与个体层次、案例选择","组织行为研究档案：战略选择、组织机制与资源约束；对象进入、角色关系和机会结构；公开文件、责任分配和资源约束；正式文本、执行条件与被排除的对象。需对照的具体条目：角色分工、资源联系与实际协调","「组织行为」：在组织行为中，怎样核对角色分工、资源联系与实际协调，分开“行为或关系改变”与“进入机会或结构改变”？ 文本已经改变，实际机会和执行是否也改变了？","true","false","organization","direction-owned-direction-case"
"business-management-3","business-management","organization","组织与个体层次、案例选择","人力资源研究档案：战略选择、组织机制与资源约束；决策责任、执行资源和反馈循环；公开文件、责任分配和资源约束；计量单位、时间窗口和未计入的投入。需对照的具体条目：招聘机会、职责变化与人员退出","「人力资源」：在人力资源中，怎样核对招聘机会、职责变化与人员退出，分开“执行机制改变”与“目标或报告口径改变”？ 看起来更划算，是效率提高还是少算了投入？","true","false","organization","direction-owned-direction-case"
"business-management-4","business-management","organization","组织与个体层次、案例选择","创新管理研究档案：战略选择、组织机制与资源约束；决策责任、执行资源和反馈循环；正式文本、执行条件与被排除的对象。需对照的具体条目：新方案定义、采用条件与失败案例","「创新管理」：在创新管理中，怎样核对新方案定义、采用条件与失败案例，分开“执行机制改变”与“目标或报告口径改变”？ 文本已经改变，实际机会和执行是否也改变了？","true","false","organization","direction-owned-direction-case"
"business-management-5","business-management","organization","组织与个体层次、案例选择","创业研究研究档案：战略选择、组织机制与资源约束；决策责任、执行资源和反馈循环。需对照的具体条目：资源入口、存活选择与退出经历","「创业研究」：在创业研究中，怎样核对资源入口、存活选择与退出经历，分开“执行机制改变”与“目标或报告口径改变”？","true","false","","direction-owned-direction-case"
"business-management-6","business-management","policy","组织与个体层次、案例选择","企业治理研究档案：战略选择、组织机制与资源约束；选择集合、机会成本和价格条件；公开文件、责任分配和资源约束；正式文本、执行条件与被排除的对象。需对照的具体条目：规则来源、执行条件与行动者立场","「企业治理」：在企业治理中，怎样核对规则来源、执行条件与行动者立场，分开“激励或偏好变化”与“约束或可得方案变化”？ 文本已经改变，实际机会和执行是否也改变了？","true","false","organization","direction-owned-direction-case"
"business-management-7","business-management","organization","组织与个体层次、案例选择","组织文化研究档案：战略选择、组织机制与资源约束；对象进入、角色关系和机会结构；决策责任、执行资源和反馈循环；正式文本、执行条件与被排除的对象。需对照的具体条目：实践语境、符号用法与传承位置；角色分工、资源联系与实际协调","「组织文化」：在组织文化中，怎样核对实践语境、符号用法与传承位置，分开“行为或关系改变”与“进入机会或结构改变”？ 文本已经改变，实际机会和执行是否也改变了？","true","false","organization","direction-owned-direction-case"
"business-management-8","business-management","organization","组织与个体层次、案例选择","管理案例研究档案：战略选择、组织机制与资源约束；决策责任、执行资源和反馈循环；正式文本、执行条件与被排除的对象。需对照的具体条目：案例出处、决策情境与遗漏信息","「管理案例」：在管理案例中，怎样核对案例出处、决策情境与遗漏信息，分开“执行机制改变”与“目标或报告口径改变”？ 文本已经改变，实际机会和执行是否也改变了？","true","false","organization","direction-owned-direction-case"
"business-management-9","business-management","organization","组织与个体层次、案例选择","服务管理研究档案：战略选择、组织机制与资源约束；决策责任、执行资源和反馈循环；正式文本、执行条件与被排除的对象。需对照的具体条目：服务需求、交付流程与未获服务者","「服务管理」：在服务管理中，怎样核对服务需求、交付流程与未获服务者，分开“执行机制改变”与“目标或报告口径改变”？ 文本已经改变，实际机会和执行是否也改变了？","true","false","organization","direction-owned-direction-case"
"business-management-10","business-management","organization","组织与个体层次、案例选择","团队协作研究档案：战略选择、组织机制与资源约束；节点口径、边含义和缺失连接；决策责任、执行资源和反馈循环。需对照企业行动与组织中的定义、对象索引与适用条件","「团队协作」：在团队协作中，怎样核对战略选择、组织机制与资源约束，分开“实际关系改变”与“采集范围改变”？","true","false","","direction-owned-direction-case"
"business-management-11","business-management","organization","组织与个体层次、案例选择","管理伦理研究档案：行动者理由、利益负担与提出异议的记录；相关领域文献对“战略选择、组织机制与资源约束”的用语与记录方式；受益负担、行动理由和申诉机会。需对照的具体条目：行动理由、受益负担与申诉机会","「管理伦理」：在管理伦理中，怎样核对行动理由、受益负担与申诉机会，分开“可辩护的规范理由”与“偏好数量代替理由”？ 谁承担了负担，现有理由怎样回应他的异议？","true","false","organization","direction-owned-direction-case"
"business-management-12","business-management","education","组织与个体层次、案例选择","管理教育研究档案：教学任务、学生作答与撤去帮助后的新题；相关领域文献对“战略选择、组织机制与资源约束”的用语与记录方式；任务目标、辅助条件和延迟表现。需对照企业行动与组织中的定义、对象索引与适用条件","「管理教育」：在管理教育中，怎样核对战略选择、组织机制与资源约束，分开“独立学习改善”与“辅助或练习效应”？ 当场做对与真正能迁移，材料分别支持哪一个？","true","false","organization","direction-owned-direction-case"
"accounting-studies-1","accounting-studies","accounting","报告口径、时期与资料来源","财务会计研究档案：确认基础、计量口径与披露底稿；计量时点、现金流口径和风险条件。需对照的具体条目：确认依据、证据覆盖与职业判断；确认时点、计量依据与报表口径","「财务会计」：在财务会计中，怎样核对确认时点、计量依据与报表口径，分开“现金流或风险变化”与“计量口径或价格变化”？","true","false","accounting","direction-owned-direction-case"
"accounting-studies-2","accounting-studies","accounting","报告口径、时期与资料来源","管理会计研究档案：确认基础、计量口径与披露底稿；计量时点、现金流口径和风险条件；决策责任、执行资源和反馈循环；正式文本、执行条件与被排除的对象。需对照的具体条目：确认依据、证据覆盖与职业判断","「管理会计」：在管理会计中，怎样核对确认依据、证据覆盖与职业判断，分开“现金流或风险变化”与“计量口径或价格变化”？ 文本已经改变，实际机会和执行是否也改变了？","true","false","accounting","direction-owned-direction-case"
"accounting-studies-3","accounting-studies","accounting","报告口径、时期与资料来源","审计研究研究档案：确认基础、计量口径与披露底稿；计量时点、现金流口径和风险条件。需对照的具体条目：确认依据、证据覆盖与职业判断；证据取得、抽样覆盖与判断依据","「审计研究」：在审计研究中，怎样核对证据取得、抽样覆盖与判断依据，分开“现金流或风险变化”与“计量口径或价格变化”？","true","false","accounting","direction-owned-direction-case"
"accounting-studies-4","accounting-studies","accounting","报告口径、时期与资料来源","信息披露研究档案：确认基础、计量口径与披露底稿；版本规则、对象索引和使用任务；判断依据、职责范围和受影响对象。需对照会计确认与信息中的定义、对象索引与适用条件","「信息披露」：在信息披露中，怎样核对确认基础、计量口径与披露底稿，分开“对象信息改善”与“格式或版本改变”？","true","false","","direction-owned-direction-case"
"accounting-studies-5","accounting-studies","policy","报告口径、时期与资料来源","公司治理研究档案：确认基础、计量口径与披露底稿；公开文件、责任分配和资源约束；判断依据、职责范围和受影响对象；正式文本、执行条件与被排除的对象。需对照的具体条目：主体关系、信息义务与利益顺位；规则来源、执行条件与行动者立场","「公司治理」：在公司治理中，怎样核对主体关系、信息义务与利益顺位，分开“有据可查的运行变化”与“披露或叙事取舍”？ 文本已经改变，实际机会和执行是否也改变了？","true","false","","direction-owned-direction-case"
"accounting-studies-6","accounting-studies","accounting","报告口径、时期与资料来源","会计史研究档案：同时代记载与后期整理本的年代对照；相关领域文献对“确认基础、计量口径与披露底稿”的用语与记录方式；年代、出处和同时代对照；同时代资料、后期整理和出处链。需对照的具体条目：确认依据、证据覆盖与职业判断","「会计史」：在会计史中，怎样核对确认依据、证据覆盖与职业判断，分开“当时制度或实践”与“后来的回忆或分类”？ 哪一层叙述来自当时，哪一层来自后来的整理？","true","false","accounting","direction-owned-direction-case"
"accounting-studies-7","accounting-studies","accounting","报告口径、时期与资料来源","公共部门会计研究档案：确认基础、计量口径与披露底稿；计量时点、现金流口径和风险条件。需对照的具体条目：确认依据、证据覆盖与职业判断；公共职责、预算口径与资源使用","「公共部门会计」：在公共部门会计中，怎样核对公共职责、预算口径与资源使用，分开“现金流或风险变化”与“计量口径或价格变化”？","true","false","accounting","direction-owned-direction-case"
"accounting-studies-8","accounting-studies","accounting","报告口径、时期与资料来源","非财务报告研究档案：确认基础、计量口径与披露底稿；计量时点、现金流口径和风险条件。需对照会计确认与信息中的定义、对象索引与适用条件","「非财务报告」：在非财务报告中，怎样核对确认基础、计量口径与披露底稿，分开“现金流或风险变化”与“计量口径或价格变化”？","true","false","accounting","direction-owned-direction-case"
"accounting-studies-9","accounting-studies","accounting","报告口径、时期与资料来源","审计数据研究档案：确认基础、计量口径与披露底稿；计量时点、现金流口径和风险条件。需对照的具体条目：确认依据、证据覆盖与职业判断；来源映射、异常类别与证据链","「审计数据」：在审计数据中，怎样核对来源映射、异常类别与证据链，分开“现金流或风险变化”与“计量口径或价格变化”？","true","false","accounting","direction-owned-direction-case"
"accounting-studies-10","accounting-studies","accounting","报告口径、时期与资料来源","会计规范研究档案：确认基础、计量口径与披露底稿；计量时点、现金流口径和风险条件。需对照的具体条目：确认依据、证据覆盖与职业判断；规范版本、适用业务与解释理由","「会计规范」：在会计规范中，怎样核对规范版本、适用业务与解释理由，分开“现金流或风险变化”与“计量口径或价格变化”？","true","false","accounting","direction-owned-direction-case"
"accounting-studies-11","accounting-studies","accounting","报告口径、时期与资料来源","职业判断研究档案：确认基础、计量口径与披露底稿；判断依据、职责范围和受影响对象。需对照的具体条目：进入退出、工时与收入分布","「职业判断」：在职业判断中，怎样核对进入退出、工时与收入分布，分开“有依据的专业判断”与“格式或激励变化”？","true","false","","direction-owned-direction-case"
"accounting-studies-12","accounting-studies","education","报告口径、时期与资料来源","会计教育研究档案：教学任务、学生作答与撤去帮助后的新题；相关领域文献对“确认基础、计量口径与披露底稿”的用语与记录方式；任务目标、辅助条件和延迟表现。需对照的具体条目：确认依据、证据覆盖与职业判断","「会计教育」：在会计教育中，怎样核对确认依据、证据覆盖与职业判断，分开“独立学习改善”与“辅助或练习效应”？ 当场做对与真正能迁移，材料分别支持哪一个？","true","false","accounting","direction-owned-direction-case"
"information-management-1","information-management","library-science","信息来源、检索覆盖与记录版本","图书馆学研究档案：资源描述、查询任务与相关性标注；检索目标、相关性判断和遗漏材料。需对照的具体条目：检索任务、相关性判断与遗漏材料；馆藏范围、用户任务与服务机会","「图书馆学」：在图书馆学中，怎样核对馆藏范围、用户任务与服务机会，分开“信息可得性改善”与“排序或口径改变”？","true","false","","direction-owned-direction-case"
"information-management-2","information-management","library-science","信息来源、检索覆盖与记录版本","情报学研究档案：资源描述、查询任务与相关性标注；检索目标、相关性判断和遗漏材料。需对照的具体条目：检索任务、相关性判断与遗漏材料；信息需求、检索策略与相关性判断","「情报学」：在情报学中，怎样核对信息需求、检索策略与相关性判断，分开“信息可得性改善”与“排序或口径改变”？","true","false","","direction-owned-direction-case"
"information-management-3","information-management","library-science","信息来源、检索覆盖与记录版本","档案管理研究档案：逐页出处、底本差异和缺页索引；相关领域文献对“资源描述、查询任务与相关性标注”的用语与记录方式；决策责任、执行资源和反馈循环。需对照的具体条目：形成机关、归档过程与缺件","「档案管理」：在档案管理中，怎样核对形成机关、归档过程与缺件，分开“执行机制改变”与“目标或报告口径改变”？ 这个说法在原材料的哪一页，另一版本为何不同？","true","false","","direction-owned-direction-case"
"information-management-4","information-management","library-science","信息来源、检索覆盖与记录版本","知识组织研究档案：资源描述、查询任务与相关性标注；对象进入、角色关系和机会结构；检索目标、相关性判断和遗漏材料；正式文本、执行条件与被排除的对象。需对照的具体条目：角色分工、资源联系与实际协调；标引规则、概念层级与用户任务","「知识组织」：在知识组织中，怎样核对标引规则、概念层级与用户任务，分开“行为或关系改变”与“进入机会或结构改变”？ 文本已经改变，实际机会和执行是否也改变了？","true","false","","direction-owned-direction-case"
"information-management-5","information-management","library-science","信息来源、检索覆盖与记录版本","信息检索研究档案：资源描述、查询任务与相关性标注；检索目标、相关性判断和遗漏材料；版本规则、对象索引和使用任务。需对照的具体条目：检索任务、相关性判断与遗漏材料","「信息检索」：在信息检索中，怎样核对检索任务、相关性判断与遗漏材料，分开“信息可得性改善”与“排序或口径改变”？","true","false","","direction-owned-direction-case"
"information-management-6","information-management","library-science","信息来源、检索覆盖与记录版本","科学计量研究档案：资源描述、查询任务与相关性标注；干预时间、比较资格和同期变化；检索目标、相关性判断和遗漏材料；参考依据、重复读数和误差分项。需对照的具体条目：目标比较、干预起点与选择机制；收录范围、引用窗口与学科差异","「科学计量」：在科学计量中，怎样核对收录范围、引用窗口与学科差异，分开“可识别的干预作用”与“选择或同期冲击”？ 读数差异来自被测对象，还是测量链的变化？","true","false","","direction-owned-direction-case"
"information-management-7","information-management","library-science","信息来源、检索覆盖与记录版本","用户信息行为研究档案：资源描述、查询任务与相关性标注；检索目标、相关性判断和遗漏材料；版本规则、对象索引和使用任务。需对照知识组织与检索中的定义、对象索引与适用条件","「用户信息行为」：在用户信息行为中，怎样核对资源描述、查询任务与相关性标注，分开“信息可得性改善”与“排序或口径改变”？","true","false","","direction-owned-direction-case"
"information-management-8","information-management","library-science","信息来源、检索覆盖与记录版本","数字保存研究档案：资源描述、查询任务与相关性标注；检索目标、相关性判断和遗漏材料；版本规则、对象索引和使用任务。需对照的具体条目：编码规则、平台入口与不可见记录","「数字保存」：在数字保存中，怎样核对编码规则、平台入口与不可见记录，分开“信息可得性改善”与“排序或口径改变”？","true","false","","direction-owned-direction-case"
"information-management-9","information-management","library-science","信息来源、检索覆盖与记录版本","公共信息服务研究档案：资源描述、查询任务与相关性标注；版本规则、对象索引和使用任务；判断依据、职责范围和受影响对象。需对照知识组织与检索中的定义、对象索引与适用条件","「公共信息服务」：在公共信息服务中，怎样核对资源描述、查询任务与相关性标注，分开“对象信息改善”与“格式或版本改变”？","true","false","","direction-owned-direction-case"
"information-management-10","information-management","library-science","信息来源、检索覆盖与记录版本","知识管理研究档案：资源描述、查询任务与相关性标注；决策责任、执行资源和反馈循环；正式文本、执行条件与被排除的对象。需对照知识组织与检索中的定义、对象索引与适用条件","「知识管理」：在知识管理中，怎样核对资源描述、查询任务与相关性标注，分开“执行机制改变”与“目标或报告口径改变”？ 文本已经改变，实际机会和执行是否也改变了？","true","false","","direction-owned-direction-case"
"information-management-11","information-management","library-science","信息来源、检索覆盖与记录版本","数据治理研究档案：资源描述、查询任务与相关性标注；检索目标、相关性判断和遗漏材料；公开文件、责任分配和资源约束；正式文本、执行条件与被排除的对象。需对照的具体条目：规则来源、执行条件与行动者立场","「数据治理」：在数据治理中，怎样核对规则来源、执行条件与行动者立场，分开“信息可得性改善”与“排序或口径改变”？ 文本已经改变，实际机会和执行是否也改变了？","true","false","","direction-owned-direction-case"
"information-management-12","information-management","library-science","信息来源、检索覆盖与记录版本","信息伦理研究档案：行动者理由、利益负担与提出异议的记录；相关领域文献对“资源描述、查询任务与相关性标注”的用语与记录方式；受益负担、行动理由和申诉机会。需对照的具体条目：行动理由、受益负担与申诉机会","「信息伦理」：在信息伦理中，怎样核对行动理由、受益负担与申诉机会，分开“可辩护的规范理由”与“偏好数量代替理由”？ 谁承担了负担，现有理由怎样回应他的异议？","true","false","","direction-owned-direction-case"
"operations-management-1","operations-management","organization","流程单位、资源约束与评价周期","生产系统研究档案：到达需求、服务时长与库存边界；到达率、处理能力和波动时段。需对照流程与系统效率中的定义、对象索引与适用条件","「生产系统」：在生产系统中，怎样核对到达需求、服务时长与库存边界，分开“服务能力改变”与“到达波动改变”？","true","false","","direction-owned-direction-case"
"operations-management-2","operations-management","organization","流程单位、资源约束与评价周期","运营研究研究档案：到达需求、服务时长与库存边界；到达率、处理能力和波动时段。需对照的具体条目：到达波动、处理能力与积压；决策变量、流程约束与绩效权衡","「运营研究」：在运营研究中，怎样核对决策变量、流程约束与绩效权衡，分开“服务能力改变”与“到达波动改变”？","true","false","operations","direction-owned-direction-case"
"operations-management-3","operations-management","organization","流程单位、资源约束与评价周期","质量管理研究档案：到达需求、服务时长与库存边界；决策责任、执行资源和反馈循环；到达率、处理能力和波动时段；版本变更、异常记录和失败复核。需对照流程与系统效率中的定义、对象索引与适用条件","「质量管理」：在质量管理中，怎样核对到达需求、服务时长与库存边界，分开“执行机制改变”与“目标或报告口径改变”？ 所谓更可靠，是失败更少，还是失败更少被记下来？","true","false","","direction-owned-direction-case"
"operations-management-4","operations-management","organization","流程单位、资源约束与评价周期","供应链研究档案：到达需求、服务时长与库存边界；节点口径、边含义和缺失连接。需对照的具体条目：交付节点、库存位置与需求传递","「供应链」：在供应链中，怎样核对交付节点、库存位置与需求传递，分开“实际关系改变”与“采集范围改变”？","true","false","operations","direction-owned-direction-case"
"operations-management-5","operations-management","organization","流程单位、资源约束与评价周期","服务运营研究档案：到达需求、服务时长与库存边界；到达率、处理能力和波动时段。需对照的具体条目：到达波动、处理能力与积压；服务到达、处理时长与等待分布","「服务运营」：在服务运营中，怎样核对服务到达、处理时长与等待分布，分开“服务能力改变”与“到达波动改变”？","true","false","operations","direction-owned-direction-case"
"operations-management-6","operations-management","organization","流程单位、资源约束与评价周期","人因工程研究档案：到达需求、服务时长与库存边界；判断依据、职责范围和受影响对象。需对照流程与系统效率中的定义、对象索引与适用条件","「人因工程」：在人因工程中，怎样核对到达需求、服务时长与库存边界，分开“有依据的专业判断”与“格式或激励变化”？","true","false","","direction-owned-direction-case"
"operations-management-7","operations-management","organization","流程单位、资源约束与评价周期","项目管理研究档案：到达需求、服务时长与库存边界；决策责任、执行资源和反馈循环；到达率、处理能力和波动时段；正式文本、执行条件与被排除的对象。需对照流程与系统效率中的定义、对象索引与适用条件","「项目管理」：在项目管理中，怎样核对到达需求、服务时长与库存边界，分开“执行机制改变”与“目标或报告口径改变”？ 文本已经改变，实际机会和执行是否也改变了？","true","false","","direction-owned-direction-case"
"operations-management-8","operations-management","organization","流程单位、资源约束与评价周期","可靠性管理研究档案：到达需求、服务时长与库存边界；失效定义、暴露时长和退出原因；决策责任、执行资源和反馈循环；版本变更、异常记录和失败复核。需对照流程与系统效率中的定义、对象索引与适用条件","「可靠性管理」：在可靠性管理中，怎样核对到达需求、服务时长与库存边界，分开“可靠性提高”与“使用减少或漏报”？ 所谓更可靠，是失败更少，还是失败更少被记下来？","true","false","","direction-owned-direction-case"
"operations-management-9","operations-management","organization","流程单位、资源约束与评价周期","流程改进研究档案：到达需求、服务时长与库存边界；到达率、处理能力和波动时段。需对照的具体条目：步骤顺序、等待节点与服务需求","「流程改进」：在流程改进中，怎样核对步骤顺序、等待节点与服务需求，分开“服务能力改变”与“到达波动改变”？","true","false","","direction-owned-direction-case"
"operations-management-10","operations-management","organization","流程单位、资源约束与评价周期","运营模型研究档案：到达需求、服务时长与库存边界；到达率、处理能力和波动时段；参数出处、边界条件和独立检验情境。需对照的具体条目：到达波动、处理能力与积压","「运营模型」：在运营模型中，怎样核对到达波动、处理能力与积压，分开“服务能力改变”与“到达波动改变”？ 拟合得好来自可解释结构，还是条件和参数更宽松？","true","false","operations","direction-owned-direction-case"
"operations-management-11","operations-management","organization","流程单位、资源约束与评价周期","库存评价研究档案：到达需求、服务时长与库存边界；到达率、处理能力和波动时段。需对照的具体条目：到达波动、处理能力与积压；需求波动、补货时间与缺货记录","「库存评价」：在库存评价中，怎样核对需求波动、补货时间与缺货记录，分开“服务能力改变”与“到达波动改变”？","true","false","","direction-owned-direction-case"
"operations-management-12","operations-management","education","流程单位、资源约束与评价周期","工业工程教育研究档案：教学任务、学生作答与撤去帮助后的新题；相关领域文献对“到达需求、服务时长与库存边界”的用语与记录方式；任务目标、辅助条件和延迟表现。需对照的具体条目：制造约束、功能任务与使用环境","「工业工程教育」：在工业工程教育中，怎样核对制造约束、功能任务与使用环境，分开“独立学习改善”与“辅助或练习效应”？ 当场做对与真正能迁移，材料分别支持哪一个？","true","false","","direction-owned-direction-case"
"public-governance-1","public-governance","organization","执行层次、公众范围与制度情境","行政管理研究档案：治理层次、制度实施与公众经历；决策责任、执行资源和反馈循环；正式文本、执行条件与被排除的对象。需对照的具体条目：权限依据、程序机会与理由说明","「行政管理」：在行政管理中，怎样核对权限依据、程序机会与理由说明，分开“执行机制改变”与“目标或报告口径改变”？ 文本已经改变，实际机会和执行是否也改变了？","true","false","organization","direction-owned-direction-case"
"public-governance-2","public-governance","policy","执行层次、公众范围与制度情境","社会保障研究档案：治理层次、制度实施与公众经历；对象进入、角色关系和机会结构；需求、服务资格和未进入服务者。需对照的具体条目：需求清单、交付节点与资源占用","「社会保障」：在社会保障中，怎样核对需求清单、交付节点与资源占用，分开“行为或关系改变”与“进入机会或结构改变”？","true","false","organization","direction-owned-direction-case"
"public-governance-3","public-governance","policy","执行层次、公众范围与制度情境","社会政策研究档案：治理层次、制度实施与公众经历；对象进入、角色关系和机会结构；公开文件、责任分配和资源约束；正式文本、执行条件与被排除的对象。需对照的具体条目：文本目标、执行资源与受影响范围","「社会政策」：在社会政策中，怎样核对文本目标、执行资源与受影响范围，分开“行为或关系改变”与“进入机会或结构改变”？ 文本已经改变，实际机会和执行是否也改变了？","true","false","","direction-owned-direction-case"
"public-governance-4","public-governance","policy","执行层次、公众范围与制度情境","公共预算研究档案：治理层次、制度实施与公众经历；选择集合、机会成本和价格条件；需求、服务资格和未进入服务者；计量单位、时间窗口和未计入的投入。需对照公共治理与受益中的定义、对象索引与适用条件","「公共预算」：在公共预算中，怎样核对治理层次、制度实施与公众经历，分开“激励或偏好变化”与“约束或可得方案变化”？ 看起来更划算，是效率提高还是少算了投入？","true","false","","direction-owned-direction-case"
"public-governance-5","public-governance","policy","执行层次、公众范围与制度情境","公共服务研究档案：治理层次、制度实施与公众经历；需求、服务资格和未进入服务者。需对照公共治理与受益中的定义、对象索引与适用条件","「公共服务」：在公共服务中，怎样核对治理层次、制度实施与公众经历，分开“需求得到满足”与“门槛或登记改变”？","true","false","","direction-owned-direction-case"
"public-governance-6","public-governance","organization","执行层次、公众范围与制度情境","应急管理研究研究档案：治理层次、制度实施与公众经历；决策责任、执行资源和反馈循环；正式文本、执行条件与被排除的对象。需对照公共治理与受益中的定义、对象索引与适用条件","「应急管理研究」：在应急管理研究中，怎样核对治理层次、制度实施与公众经历，分开“执行机制改变”与“目标或报告口径改变”？ 文本已经改变，实际机会和执行是否也改变了？","true","false","organization","direction-owned-direction-case"
"public-governance-7","public-governance","policy","执行层次、公众范围与制度情境","基层治理研究档案：治理层次、制度实施与公众经历；公开文件、责任分配和资源约束；正式文本、执行条件与被排除的对象。需对照的具体条目：规则来源、执行条件与行动者立场；基层角色、实际资源与服务门槛","「基层治理」：在基层治理中，怎样核对基层角色、实际资源与服务门槛，分开“有据可查的运行变化”与“披露或叙事取舍”？ 文本已经改变，实际机会和执行是否也改变了？","true","false","organization","direction-owned-direction-case"
"public-governance-8","public-governance","organization","执行层次、公众范围与制度情境","非营利组织研究档案：治理层次、制度实施与公众经历；对象进入、角色关系和机会结构；需求、服务资格和未进入服务者；正式文本、执行条件与被排除的对象。需对照的具体条目：角色分工、资源联系与实际协调","「非营利组织」：在非营利组织中，怎样核对角色分工、资源联系与实际协调，分开“行为或关系改变”与“进入机会或结构改变”？ 文本已经改变，实际机会和执行是否也改变了？","true","false","organization","direction-owned-direction-case"
"public-governance-9","public-governance","policy","执行层次、公众范围与制度情境","数字治理研究档案：治理层次、制度实施与公众经历；版本规则、对象索引和使用任务；公开文件、责任分配和资源约束；正式文本、执行条件与被排除的对象。需对照的具体条目：规则来源、执行条件与行动者立场；编码规则、平台入口与不可见记录","「数字治理」：在数字治理中，怎样核对规则来源、执行条件与行动者立场，分开“对象信息改善”与“格式或版本改变”？ 文本已经改变，实际机会和执行是否也改变了？","true","false","organization","direction-owned-direction-case"
"public-governance-10","public-governance","policy","执行层次、公众范围与制度情境","政策执行研究档案：治理层次、制度实施与公众经历；公开文件、责任分配和资源约束；正式文本、执行条件与被排除的对象。需对照的具体条目：文本目标、执行资源与受影响范围；资源到位、执行环节与实际覆盖","「政策执行」：在政策执行中，怎样核对资源到位、执行环节与实际覆盖，分开“有据可查的运行变化”与“披露或叙事取舍”？ 文本已经改变，实际机会和执行是否也改变了？","true","false","","direction-owned-direction-case"
"public-governance-11","public-governance","policy","执行层次、公众范围与制度情境","公众参与研究档案：公开来源、展陈取舍与观众提出的问题；相关领域文献对“治理层次、制度实施与公众经历”的用语与记录方式；交往位置、叙述轮次和观察情境。需对照公共治理与受益中的定义、对象索引与适用条件","「公众参与」：在公众参与中，怎样核对治理层次、制度实施与公众经历，分开“生活实践差异”与“互动或叙述情境差异”？ 展出的主张哪些有来源，哪些是解释或宣传？","true","false","","direction-owned-direction-case"
"public-governance-12","public-governance","policy","执行层次、公众范围与制度情境","治理评价研究档案：治理层次、制度实施与公众经历；公开文件、责任分配和资源约束；正式文本、执行条件与被排除的对象。需对照的具体条目：规则来源、执行条件与行动者立场；评价目标、权重选择与未见对象","「治理评价」：在治理评价中，怎样核对评价目标、权重选择与未见对象，分开“有据可查的运行变化”与“披露或叙事取舍”？ 文本已经改变，实际机会和执行是否也改变了？","true","false","organization","direction-owned-direction-case"
"fine-art-studies-1","fine-art-studies","arts","作品过程、材料与解释依据","绘画研究研究档案：造型过程、材料痕迹与展示解释；作品状态、观看位置和媒介条件。需对照的具体条目：作品状态、观看位置与形式细节；笔触、画面组织与观看距离","「绘画研究」：在绘画研究中，怎样核对作品状态、观看位置与形式细节，分开“作品形式的作用”与“展示或复制条件”？","true","false","visual","direction-owned-direction-case"
"fine-art-studies-2","fine-art-studies","arts","作品过程、材料与解释依据","雕塑研究研究档案：造型过程、材料痕迹与展示解释；作品状态、观看位置和媒介条件。需对照的具体条目：作品状态、观看位置与形式细节；体量、空间位置与材料状态","「雕塑研究」：在雕塑研究中，怎样核对作品状态、观看位置与形式细节，分开“作品形式的作用”与“展示或复制条件”？","true","false","visual","direction-owned-direction-case"
"fine-art-studies-3","fine-art-studies","arts","作品过程、材料与解释依据","版画研究研究档案：造型过程、材料痕迹与展示解释；作品状态、观看位置和媒介条件。需对照的具体条目：版次、印制条件与图像差异","「版画研究」：在版画研究中，怎样核对版次、印制条件与图像差异，分开“作品形式的作用”与“展示或复制条件”？","true","false","","direction-owned-direction-case"
"fine-art-studies-4","fine-art-studies","arts","作品过程、材料与解释依据","书法研究研究档案：造型过程、材料痕迹与展示解释；作品状态、观看位置和媒介条件。需对照的具体条目：作品状态、观看位置与形式细节；字形、行笔与材料记录","「书法研究」：在书法研究中，怎样核对作品状态、观看位置与形式细节，分开“作品形式的作用”与“展示或复制条件”？","true","false","","direction-owned-direction-case"
"fine-art-studies-5","fine-art-studies","arts","作品过程、材料与解释依据","视觉材料研究档案：造型过程、材料痕迹与展示解释；作品状态、观看位置和媒介条件。需对照的具体条目：材料出处、视觉细节与复制条件","「视觉材料」：在视觉材料中，怎样核对材料出处、视觉细节与复制条件，分开“作品形式的作用”与“展示或复制条件”？","true","false","visual","direction-owned-direction-case"
"fine-art-studies-6","fine-art-studies","arts","作品过程、材料与解释依据","美术史研究档案：同时代记载与后期整理本的年代对照；相关领域文献对“造型过程、材料痕迹与展示解释”的用语与记录方式；年代、出处和同时代对照；同时代资料、后期整理和出处链。需对照美术形式与材料中的定义、对象索引与适用条件","「美术史」：在美术史中，怎样核对造型过程、材料痕迹与展示解释，分开“当时制度或实践”与“后来的回忆或分类”？ 哪一层叙述来自当时，哪一层来自后来的整理？","true","false","visual","direction-owned-direction-case"
"fine-art-studies-7","fine-art-studies","arts","作品过程、材料与解释依据","美术理论研究档案：造型过程、材料痕迹与展示解释；作品状态、观看位置和媒介条件。需对照的具体条目：核心概念、作品依据与竞争解释","「美术理论」：在美术理论中，怎样核对核心概念、作品依据与竞争解释，分开“作品形式的作用”与“展示或复制条件”？","true","false","visual","direction-owned-direction-case"
"fine-art-studies-8","fine-art-studies","arts","作品过程、材料与解释依据","当代艺术研究档案：造型过程、材料痕迹与展示解释；作品或演出出处、接受语境和观众位置。需对照的具体条目：作品语境、制度位置与接受变化","「当代艺术」：在当代艺术中，怎样核对作品语境、制度位置与接受变化，分开“形式或接受改变”与“呈现语境改变”？","true","false","visual","direction-owned-direction-case"
"fine-art-studies-9","fine-art-studies","arts","作品过程、材料与解释依据","公共艺术研究档案：造型过程、材料痕迹与展示解释；作品或演出出处、接受语境和观众位置。需对照的具体条目：公共位置、参与机会与空间负担","「公共艺术」：在公共艺术中，怎样核对公共位置、参与机会与空间负担，分开“形式或接受改变”与“呈现语境改变”？","true","false","visual","direction-owned-direction-case"
"fine-art-studies-10","fine-art-studies","education","作品过程、材料与解释依据","美术教育研究档案：教学任务、学生作答与撤去帮助后的新题；相关领域文献对“造型过程、材料痕迹与展示解释”的用语与记录方式；任务目标、辅助条件和延迟表现。需对照美术形式与材料中的定义、对象索引与适用条件","「美术教育」：在美术教育中，怎样核对造型过程、材料痕迹与展示解释，分开“独立学习改善”与“辅助或练习效应”？ 当场做对与真正能迁移，材料分别支持哪一个？","true","false","visual","direction-owned-direction-case"
"fine-art-studies-11","fine-art-studies","arts","作品过程、材料与解释依据","材料表达研究档案：造型过程、材料痕迹与展示解释；作品状态、观看位置和媒介条件。需对照的具体条目：材料状态、制作选择与感知效果","「材料表达」：在材料表达中，怎样核对材料状态、制作选择与感知效果，分开“作品形式的作用”与“展示或复制条件”？","true","false","","direction-owned-direction-case"
"fine-art-studies-12","fine-art-studies","arts","作品过程、材料与解释依据","展览研究研究档案：公开来源、展陈取舍与观众提出的问题；相关领域文献对“造型过程、材料痕迹与展示解释”的用语与记录方式；设计任务、迭代版本和使用者反馈。需对照美术形式与材料中的定义、对象索引与适用条件","「展览研究」：在展览研究中，怎样核对造型过程、材料痕迹与展示解释，分开“理解或使用改善”与“展示或辅助变化”？ 展出的主张哪些有来源，哪些是解释或宣传？","true","false","","direction-owned-direction-case"
"musicology-studies-1","musicology-studies","performance","谱面、表演版本与听觉条件","音乐史研究档案：同时代记载与后期整理本的年代对照；相关领域文献对“谱本、演奏惯例与听觉结构”的用语与记录方式；年代、出处和同时代对照；同时代资料、后期整理和出处链。需对照的具体条目：谱本、演奏选择与声学条件","「音乐史」：在音乐史中，怎样核对谱本、演奏选择与声学条件，分开“当时制度或实践”与“后来的回忆或分类”？ 哪一层叙述来自当时，哪一层来自后来的整理？","true","false","music","direction-owned-direction-case"
"musicology-studies-2","musicology-studies","performance","谱面、表演版本与听觉条件","民族音乐学研究档案：谱本、演奏惯例与听觉结构；谱本、声音记录和表演条件。需对照的具体条目：身份称谓、互动位置与传承实践；谱本、演奏选择与声学条件；当地分类、传承关系与演出情境","「民族音乐学」：在民族音乐学中，怎样核对当地分类、传承关系与演出情境，分开“表演解释差异”与“录音或版本差异”？","true","false","music","direction-owned-direction-case"
"musicology-studies-3","musicology-studies","performance","谱面、表演版本与听觉条件","音乐分析研究档案：谱本、演奏惯例与听觉结构；谱本、声音记录和表演条件。需对照的具体条目：谱本、演奏选择与声学条件；输入假设、测量或推导链与不确定性","「音乐分析」：在音乐分析中，怎样核对谱本、演奏选择与声学条件，分开“表演解释差异”与“录音或版本差异”？","true","false","music","direction-owned-direction-case"
"musicology-studies-4","musicology-studies","performance","谱面、表演版本与听觉条件","作曲研究研究档案：谱本、演奏惯例与听觉结构；谱本、声音记录和表演条件；谱本或排演文本、演出记录和现场条件。需对照的具体条目：谱本、演奏选择与声学条件；音高节奏组织、结构选择与演奏约束","「作曲研究」：在作曲研究中，怎样核对谱本、演奏选择与声学条件，分开“表演解释差异”与“录音或版本差异”？ 可听可见的变化来自表演选择，还是记录和场地？","true","false","","direction-owned-direction-case"
"musicology-studies-5","musicology-studies","performance","谱面、表演版本与听觉条件","演奏实践研究档案：谱本、演奏惯例与听觉结构；谱本、声音记录和表演条件；谱本或排演文本、演出记录和现场条件。需对照的具体条目：谱本、演奏选择与声学条件","「演奏实践」：在演奏实践中，怎样核对谱本、演奏选择与声学条件，分开“表演解释差异”与“录音或版本差异”？ 可听可见的变化来自表演选择，还是记录和场地？","true","false","","direction-owned-direction-case"
"musicology-studies-6","musicology-studies","performance","谱面、表演版本与听觉条件","声乐研究研究档案：谱本、演奏惯例与听觉结构；谱本、声音记录和表演条件。需对照的具体条目：发声选择、文本措辞与演唱环境","「声乐研究」：在声乐研究中，怎样核对发声选择、文本措辞与演唱环境，分开“表演解释差异”与“录音或版本差异”？","true","false","music","direction-owned-direction-case"
"musicology-studies-7","musicology-studies","education","谱面、表演版本与听觉条件","音乐教育研究档案：教学任务、学生作答与撤去帮助后的新题；相关领域文献对“谱本、演奏惯例与听觉结构”的用语与记录方式；任务目标、辅助条件和延迟表现。需对照的具体条目：谱本、演奏选择与声学条件","「音乐教育」：在音乐教育中，怎样核对谱本、演奏选择与声学条件，分开“独立学习改善”与“辅助或练习效应”？ 当场做对与真正能迁移，材料分别支持哪一个？","true","false","music","direction-owned-direction-case"
"musicology-studies-8","musicology-studies","performance","谱面、表演版本与听觉条件","音乐技术研究档案：谱本、演奏惯例与听觉结构；谱本、声音记录和表演条件。需对照的具体条目：谱本、演奏选择与声学条件；工具版本、使用任务与适用承诺","「音乐技术」：在音乐技术中，怎样核对谱本、演奏选择与声学条件，分开“表演解释差异”与“录音或版本差异”？","true","false","music","direction-owned-direction-case"
"musicology-studies-9","musicology-studies","performance","谱面、表演版本与听觉条件","录音评价研究档案：谱本、演奏惯例与听觉结构；谱本、声音记录和表演条件；谱本或排演文本、演出记录和现场条件。需对照的具体条目：话筒位置、制作处理与播放条件","「录音评价」：在录音评价中，怎样核对话筒位置、制作处理与播放条件，分开“表演解释差异”与“录音或版本差异”？ 可听可见的变化来自表演选择，还是记录和场地？","true","false","music","direction-owned-direction-case"
"musicology-studies-10","musicology-studies","performance","谱面、表演版本与听觉条件","音乐心理资料研究档案：谱本、演奏惯例与听觉结构；谱本、声音记录和表演条件。需对照的具体条目：谱本、演奏选择与声学条件；任务版本、状态条件与构念定义","「音乐心理资料」：在音乐心理资料中，怎样核对谱本、演奏选择与声学条件，分开“表演解释差异”与“录音或版本差异”？","true","false","music","direction-owned-direction-case"
"musicology-studies-11","musicology-studies","performance","谱面、表演版本与听觉条件","音乐与社会研究档案：谱本、演奏惯例与听觉结构；谱本、声音记录和表演条件。需对照的具体条目：谱本、演奏选择与声学条件","「音乐与社会」：在音乐与社会中，怎样核对谱本、演奏选择与声学条件，分开“表演解释差异”与“录音或版本差异”？","true","false","music","direction-owned-direction-case"
"musicology-studies-12","musicology-studies","performance","谱面、表演版本与听觉条件","音乐文献研究档案：逐页出处、底本差异和缺页索引；相关领域文献对“谱本、演奏惯例与听觉结构”的用语与记录方式；底本出处、异文位置和编订层次。需对照的具体条目：谱本、演奏选择与声学条件","「音乐文献」：在音乐文献中，怎样核对谱本、演奏选择与声学条件，分开“原始用法差异”与“编订或传承差异”？ 这个说法在原材料的哪一页，另一版本为何不同？","true","false","music","direction-owned-direction-case"
"film-studies-1","film-studies","media","镜头材料、制作过程与观看语境","电影史研究档案：同时代记载与后期整理本的年代对照；相关领域文献对“镜头、声画关系与观看语境”的用语与记录方式；年代、出处和同时代对照；同时代资料、后期整理和出处链。需对照的具体条目：镜头顺序、声画关系与发行版本；镜头来源、剪辑结构与观影语境","「电影史」：在电影史中，怎样核对镜头顺序、声画关系与发行版本，分开“当时制度或实践”与“后来的回忆或分类”？ 哪一层叙述来自当时，哪一层来自后来的整理？","true","false","film","direction-owned-direction-case"
"film-studies-2","film-studies","media","镜头材料、制作过程与观看语境","电影理论研究档案：镜头、声画关系与观看语境；镜头顺序、声画关系和版本差异。需对照的具体条目：镜头顺序、声画关系与发行版本；镜头来源、剪辑结构与观影语境","「电影理论」：在电影理论中，怎样核对镜头顺序、声画关系与发行版本，分开“视听组织改变”与“观看或版本条件”？","true","false","film","direction-owned-direction-case"
"film-studies-3","film-studies","media","镜头材料、制作过程与观看语境","剪辑镜头顺序、时长与叙事信息分配表","「影像叙事」：两个镜头换顺序，为什么观众可能改变因果判断？","true","false","film","direction-owned-concept"
"film-studies-4","film-studies","media","镜头材料、制作过程与观看语境","纪录片研究研究档案：镜头、声画关系与观看语境；镜头顺序、声画关系和版本差异。需对照的具体条目：素材出处、剪辑选择与被摄者立场","「纪录片研究」：在纪录片研究中，怎样核对素材出处、剪辑选择与被摄者立场，分开“视听组织改变”与“观看或版本条件”？","true","false","film","direction-owned-direction-case"
"film-studies-5","film-studies","media","镜头材料、制作过程与观看语境","视听语言研究档案：镜头、声画关系与观看语境；镜头顺序、声画关系和版本差异。需对照影像叙事与观看中的定义、对象索引与适用条件","「视听语言」：在视听语言中，怎样核对镜头、声画关系与观看语境，分开“视听组织改变”与“观看或版本条件”？","true","false","film","direction-owned-direction-case"
"film-studies-6","film-studies","media","镜头材料、制作过程与观看语境","影像档案研究档案：逐页出处、底本差异和缺页索引；相关领域文献对“镜头、声画关系与观看语境”的用语与记录方式；底本出处、异文位置和编订层次。需对照的具体条目：来源索引、采集条件与判读分歧；形成机关、归档过程与缺件","「影像档案」：在影像档案中，怎样核对来源索引、采集条件与判读分歧，分开“原始用法差异”与“编订或传承差异”？ 这个说法在原材料的哪一页，另一版本为何不同？","true","false","film","direction-owned-direction-case"
"film-studies-7","film-studies","media","镜头材料、制作过程与观看语境","影视制作研究研究档案：镜头、声画关系与观看语境；镜头顺序、声画关系和版本差异。需对照的具体条目：镜头顺序、声画关系与发行版本","「影视制作研究」：在影视制作研究中，怎样核对镜头顺序、声画关系与发行版本，分开“视听组织改变”与“观看或版本条件”？","true","false","film","direction-owned-direction-case"
"film-studies-8","film-studies","media","镜头材料、制作过程与观看语境","观众研究研究档案：镜头、声画关系与观看语境；作品或演出出处、接受语境和观众位置。需对照的具体条目：接触机会、理解路径与未参与者","「观众研究」：在观众研究中，怎样核对接触机会、理解路径与未参与者，分开“形式或接受改变”与“呈现语境改变”？","true","false","","direction-owned-direction-case"
"film-studies-9","film-studies","media","镜头材料、制作过程与观看语境","电影文化研究档案：镜头、声画关系与观看语境；镜头顺序、声画关系和版本差异。需对照的具体条目：镜头顺序、声画关系与发行版本；实践语境、符号用法与传承位置；镜头来源、剪辑结构与观影语境","「电影文化」：在电影文化中，怎样核对镜头顺序、声画关系与发行版本，分开“视听组织改变”与“观看或版本条件”？","true","false","film","direction-owned-direction-case"
"film-studies-10","film-studies","media","镜头材料、制作过程与观看语境","数字影像研究档案：镜头、声画关系与观看语境；镜头顺序、声画关系和版本差异；转写规则、数字版本和原件对应。需对照的具体条目：编码规则、平台入口与不可见记录；来源索引、采集条件与判读分歧","「数字影像」：在数字影像中，怎样核对编码规则、平台入口与不可见记录，分开“视听组织改变”与“观看或版本条件”？","true","false","film","direction-owned-direction-case"
"film-studies-11","film-studies","education","镜头材料、制作过程与观看语境","影像教育研究档案：教学任务、学生作答与撤去帮助后的新题；相关领域文献对“镜头、声画关系与观看语境”的用语与记录方式；任务目标、辅助条件和延迟表现。需对照的具体条目：来源索引、采集条件与判读分歧","「影像教育」：在影像教育中，怎样核对来源索引、采集条件与判读分歧，分开“独立学习改善”与“辅助或练习效应”？ 当场做对与真正能迁移，材料分别支持哪一个？","true","false","film","direction-owned-direction-case"
"film-studies-12","film-studies","media","镜头材料、制作过程与观看语境","跨媒介影像研究档案：镜头、声画关系与观看语境；生产记录、传播路径和接触机会；镜头顺序、声画关系和版本差异。需对照的具体条目：媒介形式、生产条件与可见性规则；来源索引、采集条件与判读分歧","「跨媒介影像」：在跨媒介影像中，怎样核对媒介形式、生产条件与可见性规则，分开“传播过程改变”与“记录或受众构成变化”？","true","false","film","direction-owned-direction-case"
"theatre-studies-1","theatre-studies","performance","剧本、排练与具体场次","戏剧史研究档案：同时代记载与后期整理本的年代对照；相关领域文献对“剧本版本、走位与演出节奏”的用语与记录方式；年代、出处和同时代对照；同时代资料、后期整理和出处链。需对照的具体条目：排演文本、行动选择与观众位置","「戏剧史」：在戏剧史中，怎样核对排演文本、行动选择与观众位置，分开“当时制度或实践”与“后来的回忆或分类”？ 哪一层叙述来自当时，哪一层来自后来的整理？","true","false","music","direction-owned-direction-case"
"theatre-studies-2","theatre-studies","performance","剧本、排练与具体场次","剧本研究研究档案：剧本版本、走位与演出节奏；排演文本、身体动作和观众位置。需对照的具体条目：场景结构、人物行动与排演修订","「剧本研究」：在剧本研究中，怎样核对场景结构、人物行动与排演修订，分开“排演行动改变”与“场地或观众位置变化”？","true","false","","direction-owned-direction-case"
"theatre-studies-3","theatre-studies","arts","剧本、排练与具体场次","舞台设计研究档案：剧本版本、走位与演出节奏；设计任务、迭代版本和使用者反馈；任务路径、迭代版本和错误恢复记录。需对照的具体条目：观看角度、场景转换与行动空间","「舞台设计」：在舞台设计中，怎样核对观看角度、场景转换与行动空间，分开“理解或使用改善”与“展示或辅助变化”？ 这次变好是设计改进，还是使用者得到更多帮助？","true","false","","direction-owned-direction-case"
"theatre-studies-4","theatre-studies","performance","剧本、排练与具体场次","表演实践研究档案：剧本版本、走位与演出节奏；排演文本、身体动作和观众位置；谱本或排演文本、演出记录和现场条件。需对照的具体条目：排演文本、行动选择与观众位置","「表演实践」：在表演实践中，怎样核对排演文本、行动选择与观众位置，分开“排演行动改变”与“场地或观众位置变化”？ 可听可见的变化来自表演选择，还是记录和场地？","true","false","music","direction-owned-direction-case"
"theatre-studies-5","theatre-studies","performance","剧本、排练与具体场次","戏曲研究研究档案：剧本版本、走位与演出节奏；排演文本、身体动作和观众位置。需对照的具体条目：排演文本、行动选择与观众位置；剧种传统、唱腔程式与演出版本","「戏曲研究」：在戏曲研究中，怎样核对排演文本、行动选择与观众位置，分开“排演行动改变”与“场地或观众位置变化”？","true","false","music","direction-owned-direction-case"
"theatre-studies-6","theatre-studies","performance","剧本、排练与具体场次","舞蹈研究研究档案：剧本版本、走位与演出节奏；排演文本、身体动作和观众位置；谱本或排演文本、演出记录和现场条件。需对照的具体条目：排演文本、行动选择与观众位置；动作记述、身体经验与空间路径","「舞蹈研究」：在舞蹈研究中，怎样核对排演文本、行动选择与观众位置，分开“排演行动改变”与“场地或观众位置变化”？ 可听可见的变化来自表演选择，还是记录和场地？","true","false","","direction-owned-direction-case"
"theatre-studies-7","theatre-studies","education","剧本、排练与具体场次","戏剧教育研究档案：教学任务、学生作答与撤去帮助后的新题；相关领域文献对“剧本版本、走位与演出节奏”的用语与记录方式；任务目标、辅助条件和延迟表现。需对照的具体条目：排演文本、行动选择与观众位置","「戏剧教育」：在戏剧教育中，怎样核对排演文本、行动选择与观众位置，分开“独立学习改善”与“辅助或练习效应”？ 当场做对与真正能迁移，材料分别支持哪一个？","true","false","music","direction-owned-direction-case"
"theatre-studies-8","theatre-studies","performance","剧本、排练与具体场次","剧场观众研究档案：剧本版本、走位与演出节奏；排演文本、身体动作和观众位置；作品或演出出处、接受语境和观众位置。需对照的具体条目：接触机会、理解路径与未参与者","「剧场观众」：在剧场观众中，怎样核对接触机会、理解路径与未参与者，分开“排演行动改变”与“场地或观众位置变化”？","true","false","","direction-owned-direction-case"
"theatre-studies-9","theatre-studies","performance","剧本、排练与具体场次","排练过程研究档案：剧本版本、走位与演出节奏；排演文本、身体动作和观众位置；时间戳、状态阶段和变化前后的并列记录。需对照文本与舞台行动中的定义、对象索引与适用条件","「排练过程」：在排练过程中，怎样核对剧本版本、走位与演出节奏，分开“排演行动改变”与“场地或观众位置变化”？ 变化先后关系是否与提出的解释相符？","true","false","","direction-owned-direction-case"
"theatre-studies-10","theatre-studies","performance","剧本、排练与具体场次","剧场技术评价研究档案：剧本版本、走位与演出节奏；排演文本、身体动作和观众位置。需对照的具体条目：工具版本、使用任务与适用承诺","「剧场技术评价」：在剧场技术评价中，怎样核对工具版本、使用任务与适用承诺，分开“排演行动改变”与“场地或观众位置变化”？","true","false","","direction-owned-direction-case"
"theatre-studies-11","theatre-studies","performance","剧本、排练与具体场次","表演档案研究档案：逐页出处、底本差异和缺页索引；相关领域文献对“剧本版本、走位与演出节奏”的用语与记录方式；底本出处、异文位置和编订层次。需对照的具体条目：排演文本、行动选择与观众位置；形成机关、归档过程与缺件","「表演档案」：在表演档案中，怎样核对排演文本、行动选择与观众位置，分开“原始用法差异”与“编订或传承差异”？ 这个说法在原材料的哪一页，另一版本为何不同？","true","false","music","direction-owned-direction-case"
"theatre-studies-12","theatre-studies","performance","剧本、排练与具体场次","参与式表演研究档案：剧本版本、走位与演出节奏；排演文本、身体动作和观众位置；谱本或排演文本、演出记录和现场条件。需对照的具体条目：排演文本、行动选择与观众位置；参与规则、角色改变与观众行动","「参与式表演」：在参与式表演中，怎样核对参与规则、角色改变与观众行动，分开“排演行动改变”与“场地或观众位置变化”？ 可听可见的变化来自表演选择，还是记录和场地？","true","false","music","direction-owned-direction-case"
"art-design-theory-1","art-design-theory","arts","作品出处、展示语境与价值判断","艺术哲学研究档案：关键段落、话语位置和相反解释；相关领域文献对“批评文本、展示制度与作品语境”的用语与记录方式；作品或演出出处、接受语境和观众位置。需对照的具体条目：审美对象、经验描述与评价理由","「艺术哲学」：在艺术哲学中，怎样核对审美对象、经验描述与评价理由，分开“形式或接受改变”与“呈现语境改变”？ 这段材料支持哪种解释，又抵触哪种解释？","true","false","visual","direction-owned-direction-case"
"art-design-theory-2","art-design-theory","arts","作品出处、展示语境与价值判断","设计史研究档案：同时代记载与后期整理本的年代对照；相关领域文献对“批评文本、展示制度与作品语境”的用语与记录方式；年代、出处和同时代对照；同时代资料、后期整理和出处链。需对照的具体条目：设计文本、使用变迁与生产制度","「设计史」：在设计史中，怎样核对设计文本、使用变迁与生产制度，分开“当时制度或实践”与“后来的回忆或分类”？ 哪一层叙述来自当时，哪一层来自后来的整理？","true","false","","direction-owned-direction-case"
"art-design-theory-3","art-design-theory","arts","作品出处、展示语境与价值判断","艺术制度研究档案：批评文本、展示制度与作品语境；作品或演出出处、接受语境和观众位置；正式文本、执行条件与被排除的对象。需对照的具体条目：条文来源、权限分配与执行差异","「艺术制度」：在艺术制度中，怎样核对条文来源、权限分配与执行差异，分开“形式或接受改变”与“呈现语境改变”？ 文本已经改变，实际机会和执行是否也改变了？","true","false","visual","direction-owned-direction-case"
"art-design-theory-4","art-design-theory","heritage","作品出处、展示语境与价值判断","策展理论研究档案：批评文本、展示制度与作品语境；设计任务、迭代版本和使用者反馈。需对照艺术制度与解释中的定义、对象索引与适用条件","「策展理论」：在策展理论中，怎样核对批评文本、展示制度与作品语境，分开“理解或使用改善”与“展示或辅助变化”？","true","false","","direction-owned-direction-case"
"art-design-theory-5","art-design-theory","arts","作品出处、展示语境与价值判断","艺术批评研究档案：关键段落、话语位置和相反解释；相关领域文献对“批评文本、展示制度与作品语境”的用语与记录方式；作品或演出出处、接受语境和观众位置。需对照艺术制度与解释中的定义、对象索引与适用条件","「艺术批评」：在艺术批评中，怎样核对批评文本、展示制度与作品语境，分开“形式或接受改变”与“呈现语境改变”？ 这段材料支持哪种解释，又抵触哪种解释？","true","false","visual","direction-owned-direction-case"
"art-design-theory-6","art-design-theory","arts","作品出处、展示语境与价值判断","视觉文化研究档案：批评文本、展示制度与作品语境；作品状态、观看位置和媒介条件。需对照的具体条目：实践语境、符号用法与传承位置","「视觉文化」：在视觉文化中，怎样核对实践语境、符号用法与传承位置，分开“作品形式的作用”与“展示或复制条件”？","true","false","visual","direction-owned-direction-case"
"art-design-theory-7","art-design-theory","arts","作品出处、展示语境与价值判断","艺术社会学研究档案：批评文本、展示制度与作品语境；作品或演出出处、接受语境和观众位置。需对照艺术制度与解释中的定义、对象索引与适用条件","「艺术社会学」：在艺术社会学中，怎样核对批评文本、展示制度与作品语境，分开“形式或接受改变”与“呈现语境改变”？","true","false","visual","direction-owned-direction-case"
"art-design-theory-8","art-design-theory","arts","作品出处、展示语境与价值判断","艺术与科技研究档案：批评文本、展示制度与作品语境；作品或演出出处、接受语境和观众位置。需对照的具体条目：仪器记录、研究制度与知识传播","「艺术与科技」：在艺术与科技中，怎样核对仪器记录、研究制度与知识传播，分开“形式或接受改变”与“呈现语境改变”？","true","false","visual","direction-owned-direction-case"
"art-design-theory-9","art-design-theory","arts","作品出处、展示语境与价值判断","工艺史研究档案：同时代记载与后期整理本的年代对照；相关领域文献对“批评文本、展示制度与作品语境”的用语与记录方式；年代、出处和同时代对照；同时代资料、后期整理和出处链。需对照的具体条目：材料技艺、传承关系与生产记录","「工艺史」：在工艺史中，怎样核对材料技艺、传承关系与生产记录，分开“当时制度或实践”与“后来的回忆或分类”？ 哪一层叙述来自当时，哪一层来自后来的整理？","true","false","visual","direction-owned-direction-case"
"art-design-theory-10","art-design-theory","arts","作品出处、展示语境与价值判断","艺术收藏史研究档案：同时代记载与后期整理本的年代对照；相关领域文献对“批评文本、展示制度与作品语境”的用语与记录方式；年代、出处和同时代对照；作品或演出出处、接受语境和观众位置。需对照的具体条目：来源链、移交记录与展示语境","「艺术收藏史」：在艺术收藏史中，怎样核对来源链、移交记录与展示语境，分开“当时制度或实践”与“后来的回忆或分类”？ 哪一层叙述来自当时，哪一层来自后来的整理？","true","false","visual","direction-owned-direction-case"
"art-design-theory-11","art-design-theory","arts","作品出处、展示语境与价值判断","设计伦理研究档案：行动者理由、利益负担与提出异议的记录；相关领域文献对“批评文本、展示制度与作品语境”的用语与记录方式；受益负担、行动理由和申诉机会。需对照的具体条目：行动理由、受益负担与申诉机会","「设计伦理」：在设计伦理中，怎样核对行动理由、受益负担与申诉机会，分开“可辩护的规范理由”与“偏好数量代替理由”？ 谁承担了负担，现有理由怎样回应他的异议？","true","false","","direction-owned-direction-case"
"art-design-theory-12","art-design-theory","arts","作品出处、展示语境与价值判断","艺术教育史研究档案：同时代记载与后期整理本的年代对照；相关领域文献对“批评文本、展示制度与作品语境”的用语与记录方式；年代、出处和同时代对照；作品或演出出处、接受语境和观众位置。需对照艺术制度与解释中的定义、对象索引与适用条件","「艺术教育史」：在艺术教育史中，怎样核对批评文本、展示制度与作品语境，分开“当时制度或实践”与“后来的回忆或分类”？ 哪一层叙述来自当时，哪一层来自后来的整理？","true","false","visual","direction-owned-direction-case"
"interdisciplinary-design-1","interdisciplinary-design","cross","工程约束、表达目标与使用者经验","设计理论研究档案：任务定义、利益相关者与设计证据；设计任务、迭代版本和使用者反馈；任务路径、迭代版本和错误恢复记录。需对照的具体条目：概念前提、设计案例与解释范围","「设计理论」：在设计理论中，怎样核对概念前提、设计案例与解释范围，分开“理解或使用改善”与“展示或辅助变化”？ 这次变好是设计改进，还是使用者得到更多帮助？","true","false","design","direction-owned-direction-case"
"interdisciplinary-design-2","interdisciplinary-design","cross","工程约束、表达目标与使用者经验","设计方法研究档案：任务定义、利益相关者与设计证据；设计任务、迭代版本和使用者反馈；任务路径、迭代版本和错误恢复记录。需对照的具体条目：输入要求、适用前提与方法失败条件","「设计方法」：在设计方法中，怎样核对输入要求、适用前提与方法失败条件，分开“理解或使用改善”与“展示或辅助变化”？ 这次变好是设计改进，还是使用者得到更多帮助？","true","false","design","direction-owned-direction-case"
"interdisciplinary-design-3","interdisciplinary-design","cross","工程约束、表达目标与使用者经验","设计认知研究档案：任务定义、利益相关者与设计证据；设计任务、迭代版本和使用者反馈；任务路径、迭代版本和错误恢复记录。需对照的具体条目：任务难度、注意条件与策略选择","「设计认知」：在设计认知中，怎样核对任务难度、注意条件与策略选择，分开“理解或使用改善”与“展示或辅助变化”？ 这次变好是设计改进，还是使用者得到更多帮助？","true","false","design","direction-owned-direction-case"
"interdisciplinary-design-4","interdisciplinary-design","cross","工程约束、表达目标与使用者经验","工程设计研究档案：任务定义、利益相关者与设计证据；设计任务、迭代版本和使用者反馈；任务路径、迭代版本和错误恢复记录。需对照的具体条目：功能约束、制造条件与验证任务","「工程设计」：在工程设计中，怎样核对功能约束、制造条件与验证任务，分开“理解或使用改善”与“展示或辅助变化”？ 这次变好是设计改进，还是使用者得到更多帮助？","true","false","design","direction-owned-direction-case"
"interdisciplinary-design-5","interdisciplinary-design","cross","工程约束、表达目标与使用者经验","艺术与设计研究档案：任务定义、利益相关者与设计证据；设计任务、迭代版本和使用者反馈；任务路径、迭代版本和错误恢复记录。需对照的具体条目：艺术解释、使用目标与协作分工","「艺术与设计」：在艺术与设计中，怎样核对艺术解释、使用目标与协作分工，分开“理解或使用改善”与“展示或辅助变化”？ 这次变好是设计改进，还是使用者得到更多帮助？","true","false","design","direction-owned-direction-case"
"interdisciplinary-design-6","interdisciplinary-design","cross","工程约束、表达目标与使用者经验","设计管理研究档案：任务定义、利益相关者与设计证据；设计任务、迭代版本和使用者反馈；正式文本、执行条件与被排除的对象。需对照设计问题与多方协作中的定义、对象索引与适用条件","「设计管理」：在设计管理中，怎样核对任务定义、利益相关者与设计证据，分开“理解或使用改善”与“展示或辅助变化”？ 文本已经改变，实际机会和执行是否也改变了？","true","false","design","direction-owned-direction-case"
"interdisciplinary-design-7","interdisciplinary-design","cross","工程约束、表达目标与使用者经验","设计信息研究档案：任务定义、利益相关者与设计证据；设计任务、迭代版本和使用者反馈；任务路径、迭代版本和错误恢复记录。需对照的具体条目：信息编码、用户理解与任务路径","「设计信息」：在设计信息中，怎样核对信息编码、用户理解与任务路径，分开“理解或使用改善”与“展示或辅助变化”？ 这次变好是设计改进，还是使用者得到更多帮助？","true","false","design","direction-owned-direction-case"
"interdisciplinary-design-8","interdisciplinary-design","cross","工程约束、表达目标与使用者经验","设计伦理研究档案：行动者理由、利益负担与提出异议的记录；相关领域文献对“任务定义、利益相关者与设计证据”的用语与记录方式；受益负担、行动理由和申诉机会。需对照的具体条目：行动理由、受益负担与申诉机会","「设计伦理」：在设计伦理中，怎样核对行动理由、受益负担与申诉机会，分开“可辩护的规范理由”与“偏好数量代替理由”？ 谁承担了负担，现有理由怎样回应他的异议？","true","false","design","direction-owned-direction-case"
"interdisciplinary-design-9","interdisciplinary-design","cross","工程约束、表达目标与使用者经验","设计与社会研究档案：任务定义、利益相关者与设计证据；对象进入、角色关系和机会结构；设计任务、迭代版本和使用者反馈；任务路径、迭代版本和错误恢复记录。需对照设计问题与多方协作中的定义、对象索引与适用条件","「设计与社会」：在设计与社会中，怎样核对任务定义、利益相关者与设计证据，分开“行为或关系改变”与“进入机会或结构改变”？ 这次变好是设计改进，还是使用者得到更多帮助？","true","false","design","direction-owned-direction-case"
"interdisciplinary-design-10","interdisciplinary-design","cross","工程约束、表达目标与使用者经验","设计评价研究档案：任务定义、利益相关者与设计证据；设计任务、迭代版本和使用者反馈；任务路径、迭代版本和错误恢复记录。需对照的具体条目：评价标准、参与者选择与失败路径","「设计评价」：在设计评价中，怎样核对评价标准、参与者选择与失败路径，分开“理解或使用改善”与“展示或辅助变化”？ 这次变好是设计改进，还是使用者得到更多帮助？","true","false","design","direction-owned-direction-case"
"interdisciplinary-design-11","interdisciplinary-design","cross","工程约束、表达目标与使用者经验","设计史研究档案：同时代记载与后期整理本的年代对照；相关领域文献对“任务定义、利益相关者与设计证据”的用语与记录方式；同时代资料、后期整理和出处链。需对照的具体条目：设计文本、使用变迁与生产制度","「设计史」：在设计史中，怎样核对设计文本、使用变迁与生产制度，分开“有出处的历史解释”与“整理或保存选择”？ 哪一层叙述来自当时，哪一层来自后来的整理？","true","false","design","direction-owned-direction-case"
"interdisciplinary-design-12","interdisciplinary-design","cross","工程约束、表达目标与使用者经验","跨学科设计协作研究档案：任务定义、利益相关者与设计证据；节点口径、边含义和缺失连接；设计任务、迭代版本和使用者反馈；任务路径、迭代版本和错误恢复记录。需对照设计问题与多方协作中的定义、对象索引与适用条件","「跨学科设计协作」：在跨学科设计协作中，怎样核对任务定义、利益相关者与设计证据，分开“实际关系改变”与“采集范围改变”？ 这次变好是设计改进，还是使用者得到更多帮助？","true","false","design","direction-owned-direction-case"
"remote-sensing-1","remote-sensing","remote-sensing","空间分辨率、获取时点与参考资料","遥感物理研究档案：像元、地面对应与观测窗口；坐标基准、空间支持和分类边界；坐标基准、空间单元和不同尺度的对照。需对照的具体条目：地面参照、像元支持与反演条件；辐射响应、观测几何与介质条件","「遥感物理」：在遥感物理中，怎样核对辐射响应、观测几何与介质条件，分开“空间过程变化”与“基准或聚合差异”？ 换了空间单元以后，原来的关系是否还成立？","true","false","cross-environment","direction-owned-direction-case"
"remote-sensing-2","remote-sensing","remote-sensing","空间分辨率、获取时点与参考资料","遥感信息获取研究档案：像元、地面对应与观测窗口；采样条件、频谱结构和噪声假设；坐标基准、空间支持和分类边界；坐标基准、空间单元和不同尺度的对照。需对照的具体条目：地面参照、像元支持与反演条件","「遥感信息获取」：在遥感信息获取中，怎样核对地面参照、像元支持与反演条件，分开“信号结构改变”与“滤波或采样改变”？ 换了空间单元以后，原来的关系是否还成立？","true","false","cross-environment","direction-owned-direction-case"
"remote-sensing-3","remote-sensing","remote-sensing","空间分辨率、获取时点与参考资料","遥感信息处理研究档案：像元、地面对应与观测窗口；坐标基准、空间支持和分类边界；坐标基准、空间单元和不同尺度的对照。需对照的具体条目：地面参照、像元支持与反演条件；处理版本、分类误差与参照标签","「遥感信息处理」：在遥感信息处理中，怎样核对处理版本、分类误差与参照标签，分开“空间过程变化”与“基准或聚合差异”？ 换了空间单元以后，原来的关系是否还成立？","true","false","cross-environment","direction-owned-direction-case"
"remote-sensing-4","remote-sensing","remote-sensing","空间分辨率、获取时点与参考资料","遥感应用研究档案：像元、地面对应与观测窗口；坐标基准、空间支持和分类边界；坐标基准、空间单元和不同尺度的对照。需对照的具体条目：地面参照、像元支持与反演条件；使用任务、落地条件与实际反馈","「遥感应用」：在遥感应用中，怎样核对地面参照、像元支持与反演条件，分开“空间过程变化”与“基准或聚合差异”？ 换了空间单元以后，原来的关系是否还成立？","true","false","cross-environment","direction-owned-direction-case"
"remote-sensing-5","remote-sensing","remote-sensing","空间分辨率、获取时点与参考资料","遥感标定研究档案：像元、地面对应与观测窗口；参考量、校准曲线和不确定性分项；坐标基准、空间支持和分类边界；参考依据、重复读数和误差分项。需对照的具体条目：地面参照、像元支持与反演条件","「遥感标定」：在遥感标定中，怎样核对地面参照、像元支持与反演条件，分开“被测量变化”与“校准偏差”？ 读数差异来自被测对象，还是测量链的变化？","true","false","cross-environment","direction-owned-direction-case"
"remote-sensing-6","remote-sensing","remote-sensing","空间分辨率、获取时点与参考资料","遥感反演研究档案：像元、地面对应与观测窗口；离散误差、参照解和停止条件；坐标基准、空间支持和分类边界；参数出处、边界条件和独立检验情境。需对照的具体条目：地面参照、像元支持与反演条件","「遥感反演」：在遥感反演中，怎样核对地面参照、像元支持与反演条件，分开“可控数值误差”与“模型或离散误差”？ 拟合得好来自可解释结构，还是条件和参数更宽松？","true","false","cross-environment","direction-owned-direction-case"
"remote-sensing-7","remote-sensing","remote-sensing","空间分辨率、获取时点与参考资料","遥感时序研究档案：像元、地面对应与观测窗口；坐标基准、空间支持和分类边界；坐标基准、空间单元和不同尺度的对照。需对照的具体条目：地面参照、像元支持与反演条件；季节阶段、时间对齐与缺测","「遥感时序」：在遥感时序中，怎样核对季节阶段、时间对齐与缺测，分开“空间过程变化”与“基准或聚合差异”？ 换了空间单元以后，原来的关系是否还成立？","true","false","cross-environment","direction-owned-direction-case"
"remote-sensing-8","remote-sensing","remote-sensing","空间分辨率、获取时点与参考资料","多源遥感研究档案：像元、地面对应与观测窗口；坐标基准、空间支持和分类边界；坐标基准、空间单元和不同尺度的对照。需对照的具体条目：地面参照、像元支持与反演条件；平台差异、空间支持与跨源转换","「多源遥感」：在多源遥感中，怎样核对平台差异、空间支持与跨源转换，分开“空间过程变化”与“基准或聚合差异”？ 换了空间单元以后，原来的关系是否还成立？","true","false","cross-environment","direction-owned-direction-case"
"remote-sensing-9","remote-sensing","remote-sensing","空间分辨率、获取时点与参考资料","遥感精度评价研究档案：像元、地面对应与观测窗口；坐标基准、空间支持和分类边界；坐标基准、空间单元和不同尺度的对照。需对照的具体条目：地面参照、像元支持与反演条件；验证对象、误差口径与空间独立性","「遥感精度评价」：在遥感精度评价中，怎样核对验证对象、误差口径与空间独立性，分开“空间过程变化”与“基准或聚合差异”？ 换了空间单元以后，原来的关系是否还成立？","true","false","cross-environment","direction-owned-direction-case"
"remote-sensing-10","remote-sensing","remote-sensing","空间分辨率、获取时点与参考资料","遥感资料质量研究档案：像元、地面对应与观测窗口；坐标基准、空间支持和分类边界；标签定义、版本变动和分歧样本；版本变更、异常记录和失败复核。需对照的具体条目：地面参照、像元支持与反演条件","「遥感资料质量」：在遥感资料质量中，怎样核对地面参照、像元支持与反演条件，分开“空间过程变化”与“基准或聚合差异”？ 所谓更可靠，是失败更少，还是失败更少被记下来？","true","false","cross-environment","direction-owned-direction-case"
"remote-sensing-11","remote-sensing","remote-sensing","空间分辨率、获取时点与参考资料","遥感与社会研究档案：像元、地面对应与观测窗口；坐标基准、空间支持和分类边界；对象进入、角色关系和机会结构；坐标基准、空间单元和不同尺度的对照。需对照的具体条目：地面参照、像元支持与反演条件","「遥感与社会」：在遥感与社会中，怎样核对地面参照、像元支持与反演条件，分开“空间过程变化”与“基准或聚合差异”？ 换了空间单元以后，原来的关系是否还成立？","true","false","cross-environment","direction-owned-direction-case"
"remote-sensing-12","remote-sensing","remote-sensing","空间分辨率、获取时点与参考资料","遥感科学史研究档案：同时代记载与后期整理本的年代对照；相关领域文献对“像元、地面对应与观测窗口”的用语与记录方式；同时代资料、后期整理和出处链。需对照的具体条目：地面参照、像元支持与反演条件；仪器记录、研究制度与知识传播","「遥感科学史」：在遥感科学史中，怎样核对仪器记录、研究制度与知识传播，分开“有出处的历史解释”与“整理或保存选择”？ 哪一层叙述来自当时，哪一层来自后来的整理？","true","false","cross-environment","direction-owned-direction-case"
"vehicle-engineering-1","vehicle-engineering","mechanical","使用工况、车辆版本与测试范围","车辆结构研究档案：车身结构、运动响应与使用任务；出行链、等待时间和可达机会。需对照的具体条目：驾驶任务、道路条件与车辆状态；结构连接、载荷路径与服役状态","「车辆结构」：在车辆结构中，怎样核对结构连接、载荷路径与服役状态，分开“真实可达机会增加”与“样本路线改变”？","true","false","","direction-owned-direction-case"
"vehicle-engineering-2","vehicle-engineering","mechanical","使用工况、车辆版本与测试范围","车辆动力学研究档案：车身结构、运动响应与使用任务；初值集合、时间轨迹和稳定性定义；载荷谱、变形状态和失效口径。需对照的具体条目：驾驶任务、道路条件与车辆状态","「车辆动力学」：在车辆动力学中，怎样核对驾驶任务、道路条件与车辆状态，分开“局部轨迹性质”与“未覆盖的初值行为”？","true","false","","direction-owned-direction-case"
"vehicle-engineering-3","vehicle-engineering","mechanical","使用工况、车辆版本与测试范围","车辆可靠性研究档案：车身结构、运动响应与使用任务；出行链、等待时间和可达机会；失效定义、暴露时长和退出原因；版本变更、异常记录和失败复核。需对照的具体条目：驾驶任务、道路条件与车辆状态","「车辆可靠性」：在车辆可靠性中，怎样核对驾驶任务、道路条件与车辆状态，分开“真实可达机会增加”与“样本路线改变”？ 所谓更可靠，是失败更少，还是失败更少被记下来？","true","false","","direction-owned-direction-case"
"vehicle-engineering-4","vehicle-engineering","mechanical","使用工况、车辆版本与测试范围","车辆人因研究档案：车身结构、运动响应与使用任务；出行链、等待时间和可达机会；任务完成、错误恢复和辅助条件。需对照的具体条目：驾驶任务、道路条件与车辆状态","「车辆人因」：在车辆人因中，怎样核对驾驶任务、道路条件与车辆状态，分开“真实可达机会增加”与“样本路线改变”？","true","false","","direction-owned-direction-case"
"vehicle-engineering-5","vehicle-engineering","electronics","使用工况、车辆版本与测试范围","车辆电子研究档案：车身结构、运动响应与使用任务；出行链、等待时间和可达机会。需对照的具体条目：驾驶任务、道路条件与车辆状态；电子版本、接口状态与故障记录","「车辆电子」：在车辆电子中，怎样核对电子版本、接口状态与故障记录，分开“真实可达机会增加”与“样本路线改变”？","true","false","","direction-owned-direction-case"
"vehicle-engineering-6","vehicle-engineering","mechanical","使用工况、车辆版本与测试范围","车辆能源评价研究档案：车身结构、运动响应与使用任务；能量边界、时间负荷和系统服务；出行链、等待时间和可达机会；计量单位、时间窗口和未计入的投入。需对照的具体条目：驾驶任务、道路条件与车辆状态","「车辆能源评价」：在车辆能源评价中，怎样核对驾驶任务、道路条件与车辆状态，分开“同一服务下节省”与“需求或边界改变”？ 看起来更划算，是效率提高还是少算了投入？","true","false","","direction-owned-direction-case"
"vehicle-engineering-7","vehicle-engineering","mechanical","使用工况、车辆版本与测试范围","车辆制造评价研究档案：车身结构、运动响应与使用任务；批次、过程窗口和成品质量分布；出行链、等待时间和可达机会。需对照的具体条目：驾驶任务、道路条件与车辆状态","「车辆制造评价」：在车辆制造评价中，怎样核对驾驶任务、道路条件与车辆状态，分开“过程能力改善”与“批次构成改变”？","true","false","","direction-owned-direction-case"
"vehicle-engineering-8","vehicle-engineering","mechanical","使用工况、车辆版本与测试范围","车辆交通协作研究档案：车身结构、运动响应与使用任务；节点口径、边含义和缺失连接；出行链、等待时间和可达机会。需对照的具体条目：驾驶任务、道路条件与车辆状态；完整出行链、等待与目的地机会","「车辆交通协作」：在车辆交通协作中，怎样核对驾驶任务、道路条件与车辆状态，分开“实际关系改变”与“采集范围改变”？","true","false","","direction-owned-direction-case"
"vehicle-engineering-9","vehicle-engineering","mechanical","使用工况、车辆版本与测试范围","车辆测试资料研究档案：车身结构、运动响应与使用任务；参考量、校准曲线和不确定性分项；出行链、等待时间和可达机会；参考依据、重复读数和误差分项。需对照的具体条目：驾驶任务、道路条件与车辆状态","「车辆测试资料」：在车辆测试资料中，怎样核对驾驶任务、道路条件与车辆状态，分开“被测量变化”与“校准偏差”？ 读数差异来自被测对象，还是测量链的变化？","true","false","","direction-owned-direction-case"
"vehicle-engineering-10","vehicle-engineering","mechanical","使用工况、车辆版本与测试范围","车辆数字模型研究档案：车身结构、运动响应与使用任务；出行链、等待时间和可达机会；模型边界、参数来源和验证情境；参数出处、边界条件和独立检验情境。需对照的具体条目：驾驶任务、道路条件与车辆状态；编码规则、平台入口与不可见记录","「车辆数字模型」：在车辆数字模型中，怎样核对驾驶任务、道路条件与车辆状态，分开“真实可达机会增加”与“样本路线改变”？ 拟合得好来自可解释结构，还是条件和参数更宽松？","true","false","","direction-owned-direction-case"
"vehicle-engineering-11","vehicle-engineering","mechanical","使用工况、车辆版本与测试范围","车辆工程史研究档案：同时代记载与后期整理本的年代对照；相关领域文献对“车身结构、运动响应与使用任务”的用语与记录方式；同时代资料、后期整理和出处链。需对照的具体条目：驾驶任务、道路条件与车辆状态","「车辆工程史」：在车辆工程史中，怎样核对驾驶任务、道路条件与车辆状态，分开“有出处的历史解释”与“整理或保存选择”？ 哪一层叙述来自当时，哪一层来自后来的整理？","true","false","","direction-owned-direction-case"
"vehicle-engineering-12","vehicle-engineering","mechanical","使用工况、车辆版本与测试范围","车辆可及性研究档案：车身结构、运动响应与使用任务；出行链、等待时间和可达机会；任务完成、错误恢复和辅助条件；任务路径、迭代版本和错误恢复记录。需对照的具体条目：驾驶任务、道路条件与车辆状态","「车辆可及性」：在车辆可及性中，怎样核对驾驶任务、道路条件与车辆状态，分开“真实可达机会增加”与“样本路线改变”？ 这次变好是设计改进，还是使用者得到更多帮助？","true","false","","direction-owned-direction-case"
"chinese-philosophy-1","chinese-philosophy","philosophical-history","原典版本、概念语境与论证关系","先秦哲学研究档案：关键段落、话语位置和相反解释；相关领域文献对“经典术语、注释传统与时期论争”的用语与记录方式；概念定义、论证前提和反例条件；原典用语、实践情境和注释传统。需对照的具体条目：原典年代、传世版本与论争语境","「先秦哲学」：在先秦哲学中，怎样核对原典年代、传世版本与论争语境，分开“前提内的支持”与“改变前提后的反对”？ 这段材料支持哪种解释，又抵触哪种解释？","true","false","","direction-owned-direction-case"
"chinese-philosophy-2","chinese-philosophy","philosophical-history","原典版本、概念语境与论证关系","经学哲学研究档案：关键段落、话语位置和相反解释；相关领域文献对“经典术语、注释传统与时期论争”的用语与记录方式；概念定义、论证前提和反例条件；原典用语、实践情境和注释传统。需对照的具体条目：经典章句、注疏层次与诠释传统","「经学哲学」：在经学哲学中，怎样核对经典章句、注疏层次与诠释传统，分开“前提内的支持”与“改变前提后的反对”？ 这段材料支持哪种解释，又抵触哪种解释？","true","false","","direction-owned-direction-case"
"chinese-philosophy-3","chinese-philosophy","philosophical-history","原典版本、概念语境与论证关系","宋明理学研究档案：经典术语、注释传统与时期论争；原典用语、实践情境和注释传统。需对照中国思想与经典解释中的定义、对象索引与适用条件","「宋明理学」：在宋明理学中，怎样核对经典术语、注释传统与时期论争，分开“原传统中的解释”与“现代概念投射”？","true","false","","direction-owned-direction-case"
"chinese-philosophy-4","chinese-philosophy","philosophical-history","原典版本、概念语境与论证关系","中国近代哲学研究档案：同时代记载与后期整理本的年代对照；相关领域文献对“经典术语、注释传统与时期论争”的用语与记录方式；年代、出处和同时代对照；概念定义、论证前提和反例条件。需对照的具体条目：中文原典、制度时期与地方用语；时期划分、制度变化与同时代用语","「中国近代哲学」：在中国近代哲学中，怎样核对中文原典、制度时期与地方用语，分开“当时制度或实践”与“后来的回忆或分类”？ 哪一层叙述来自当时，哪一层来自后来的整理？","true","false","concept-history","direction-owned-direction-case"
"chinese-philosophy-5","chinese-philosophy","philosophical-history","原典版本、概念语境与论证关系","中国现代哲学研究档案：关键段落、话语位置和相反解释；相关领域文献对“经典术语、注释传统与时期论争”的用语与记录方式；年代、出处和同时代对照；概念定义、论证前提和反例条件。需对照的具体条目：中文原典、制度时期与地方用语；时期划分、制度变化与同时代用语","「中国现代哲学」：在中国现代哲学中，怎样核对中文原典、制度时期与地方用语，分开“当时制度或实践”与“后来的回忆或分类”？ 这段材料支持哪种解释，又抵触哪种解释？","true","false","concept-history","direction-owned-direction-case"
"chinese-philosophy-6","chinese-philosophy","philosophical-history","原典版本、概念语境与论证关系","道家哲学研究档案：关键段落、话语位置和相反解释；相关领域文献对“经典术语、注释传统与时期论争”的用语与记录方式；概念定义、论证前提和反例条件；原典用语、实践情境和注释传统。需对照的具体条目：原典用语、注释传统与实践情境；道家原典、术语用法与注解立场","「道家哲学」：在道家哲学中，怎样核对原典用语、注释传统与实践情境，分开“前提内的支持”与“改变前提后的反对”？ 这段材料支持哪种解释，又抵触哪种解释？","true","false","concept-history","direction-owned-direction-case"
"chinese-philosophy-7","chinese-philosophy","philosophical-history","原典版本、概念语境与论证关系","佛教哲学研究档案：关键段落、话语位置和相反解释；相关领域文献对“经典术语、注释传统与时期论争”的用语与记录方式；概念定义、论证前提和反例条件；原典用语、实践情境和注释传统。需对照的具体条目：原典用语、注释传统与实践情境；佛教原典、译词层次与宗派语境","「佛教哲学」：在佛教哲学中，怎样核对佛教原典、译词层次与宗派语境，分开“前提内的支持”与“改变前提后的反对”？ 这段材料支持哪种解释，又抵触哪种解释？","true","false","concept-history","direction-owned-direction-case"
"chinese-philosophy-8","chinese-philosophy","ethics","原典版本、概念语境与论证关系","儒家伦理研究档案：行动者理由、利益负担与提出异议的记录；相关领域文献对“经典术语、注释传统与时期论争”的用语与记录方式；受益负担、行动理由和申诉机会；原典用语、实践情境和注释传统。需对照的具体条目：行动理由、受益负担与申诉机会；原典用语、注释传统与实践情境","「儒家伦理」：在儒家伦理中，怎样核对行动理由、受益负担与申诉机会，分开“可辩护的规范理由”与“偏好数量代替理由”？ 谁承担了负担，现有理由怎样回应他的异议？","true","false","concept-history","direction-owned-direction-case"
"chinese-philosophy-9","chinese-philosophy","logic","原典版本、概念语境与论证关系","中国逻辑史研究档案：同时代记载与后期整理本的年代对照；相关领域文献对“经典术语、注释传统与时期论争”的用语与记录方式；年代、出处和同时代对照；同时代资料、后期整理和出处链。需对照的具体条目：中文原典、制度时期与地方用语","「中国逻辑史」：在中国逻辑史中，怎样核对中文原典、制度时期与地方用语，分开“当时制度或实践”与“后来的回忆或分类”？ 哪一层叙述来自当时，哪一层来自后来的整理？","true","false","concept-history","direction-owned-direction-case"
"chinese-philosophy-10","chinese-philosophy","philosophical-history","原典版本、概念语境与论证关系","经典诠释研究档案：关键段落、话语位置和相反解释；相关领域文献对“经典术语、注释传统与时期论争”的用语与记录方式；底本出处、异文位置和编订层次。需对照中国思想与经典解释中的定义、对象索引与适用条件","「经典诠释」：在经典诠释中，怎样核对经典术语、注释传统与时期论争，分开“原始用法差异”与“编订或传承差异”？ 这段材料支持哪种解释，又抵触哪种解释？","true","false","","direction-owned-direction-case"
"chinese-philosophy-11","chinese-philosophy","philosophical-history","原典版本、概念语境与论证关系","中西哲学比较研究档案：经典术语、注释传统与时期论争；概念定义、论证前提和反例条件；各方定义、资料来源和桥接规则。需对照中国思想与经典解释中的定义、对象索引与适用条件","「中西哲学比较」：在中西哲学比较中，怎样核对经典术语、注释传统与时期论争，分开“前提内的支持”与“改变前提后的反对”？ 名称相同是否真的意味着比较对象相同？","true","false","","direction-owned-direction-case"
"chinese-philosophy-12","chinese-philosophy","philosophical-history","原典版本、概念语境与论证关系","中国哲学文献研究档案：逐页出处、底本差异和缺页索引；相关领域文献对“经典术语、注释传统与时期论争”的用语与记录方式；底本出处、异文位置和编订层次；概念定义、论证前提和反例条件。需对照的具体条目：中文原典、制度时期与地方用语","「中国哲学文献」：在中国哲学文献中，怎样核对中文原典、制度时期与地方用语，分开“原始用法差异”与“编订或传承差异”？ 这个说法在原材料的哪一页，另一版本为何不同？","true","false","concept-history","direction-owned-direction-case"
"western-philosophy-1","western-philosophy","aesthetic","原语术语、思想脉络与解释分歧","古希腊哲学研究档案：关键段落、话语位置和相反解释；相关领域文献对“原典语境、译词差异与论证结构”的用语与记录方式；概念定义、论证前提和反例条件；原典用语、实践情境和注释传统。需对照的具体条目：古希腊原文、后世译本与城邦语境","「古希腊哲学」：在古希腊哲学中，怎样核对古希腊原文、后世译本与城邦语境，分开“前提内的支持”与“改变前提后的反对”？ 这段材料支持哪种解释，又抵触哪种解释？","true","false","","direction-owned-direction-case"
"western-philosophy-2","western-philosophy","aesthetic","原语术语、思想脉络与解释分歧","中世纪哲学研究档案：同时代记载与后期整理本的年代对照；相关领域文献对“原典语境、译词差异与论证结构”的用语与记录方式；年代、出处和同时代对照；概念定义、论证前提和反例条件。需对照的具体条目：同时代称谓、宗教制度与时期边界","「中世纪哲学」：在中世纪哲学中，怎样核对同时代称谓、宗教制度与时期边界，分开“当时制度或实践”与“后来的回忆或分类”？ 哪一层叙述来自当时，哪一层来自后来的整理？","true","false","","direction-owned-direction-case"
"western-philosophy-3","western-philosophy","aesthetic","原语术语、思想脉络与解释分歧","近代哲学研究档案：同时代记载与后期整理本的年代对照；相关领域文献对“原典语境、译词差异与论证结构”的用语与记录方式；年代、出处和同时代对照；概念定义、论证前提和反例条件。需对照的具体条目：时期划分、制度变化与同时代用语","「近代哲学」：在近代哲学中，怎样核对时期划分、制度变化与同时代用语，分开“当时制度或实践”与“后来的回忆或分类”？ 哪一层叙述来自当时，哪一层来自后来的整理？","true","false","","direction-owned-direction-case"
"western-philosophy-4","western-philosophy","aesthetic","原语术语、思想脉络与解释分歧","德国古典哲学研究档案：关键段落、话语位置和相反解释；相关领域文献对“原典语境、译词差异与论证结构”的用语与记录方式；概念定义、论证前提和反例条件。需对照的具体条目：原典传承、时代用语与后世注释","「德国古典哲学」：在德国古典哲学中，怎样核对原典传承、时代用语与后世注释，分开“前提内的支持”与“改变前提后的反对”？ 这段材料支持哪种解释，又抵触哪种解释？","true","false","","direction-owned-direction-case"
"western-philosophy-5","western-philosophy","aesthetic","原语术语、思想脉络与解释分歧","现象学研究档案：原典语境、译词差异与论证结构；原典用语、实践情境和注释传统。需对照哲学传统与概念变化中的定义、对象索引与适用条件","「现象学」：在现象学中，怎样核对原典语境、译词差异与论证结构，分开“原传统中的解释”与“现代概念投射”？","true","false","","direction-owned-direction-case"
"western-philosophy-6","western-philosophy","aesthetic","原语术语、思想脉络与解释分歧","解释学研究档案：关键段落、话语位置和相反解释；相关领域文献对“原典语境、译词差异与论证结构”的用语与记录方式；概念定义、论证前提和反例条件；原典用语、实践情境和注释传统。需对照的具体条目：解释循环、前理解与文本抵抗","「解释学」：在解释学中，怎样核对解释循环、前理解与文本抵抗，分开“前提内的支持”与“改变前提后的反对”？ 这段材料支持哪种解释，又抵触哪种解释？","true","false","","direction-owned-direction-case"
"western-philosophy-7","western-philosophy","aesthetic","原语术语、思想脉络与解释分歧","实用主义研究档案：原典语境、译词差异与论证结构；主张结构、经验例子和反对理由。需对照哲学传统与概念变化中的定义、对象索引与适用条件","「实用主义」：在实用主义中，怎样核对原典语境、译词差异与论证结构，分开“可回应反对的理由”与“例子直觉的外推”？","true","false","","direction-owned-direction-case"
"western-philosophy-8","western-philosophy","aesthetic","原语术语、思想脉络与解释分歧","分析哲学研究档案：关键段落、话语位置和相反解释；相关领域文献对“原典语境、译词差异与论证结构”的用语与记录方式；概念定义、论证前提和反例条件。需对照的具体条目：输入假设、测量或推导链与不确定性","「分析哲学」：在分析哲学中，怎样核对输入假设、测量或推导链与不确定性，分开“前提内的支持”与“改变前提后的反对”？ 这段材料支持哪种解释，又抵触哪种解释？","true","false","","direction-owned-direction-case"
"western-philosophy-9","western-philosophy","aesthetic","原语术语、思想脉络与解释分歧","美学原理研究档案：原典语境、译词差异与论证结构；主张结构、经验例子和反对理由。需对照的具体条目：审美对象、经验描述与评价理由","「美学原理」：在美学原理中，怎样核对审美对象、经验描述与评价理由，分开“可回应反对的理由”与“例子直觉的外推”？","true","false","","direction-owned-direction-case"
"western-philosophy-10","western-philosophy","aesthetic","原语术语、思想脉络与解释分歧","艺术哲学研究档案：关键段落、话语位置和相反解释；相关领域文献对“原典语境、译词差异与论证结构”的用语与记录方式；概念定义、论证前提和反例条件。需对照的具体条目：审美对象、经验描述与评价理由","「艺术哲学」：在艺术哲学中，怎样核对审美对象、经验描述与评价理由，分开“前提内的支持”与“改变前提后的反对”？ 这段材料支持哪种解释，又抵触哪种解释？","true","false","","direction-owned-direction-case"
"western-philosophy-11","western-philosophy","aesthetic","原语术语、思想脉络与解释分歧","审美经验研究档案：原典语境、译词差异与论证结构；概念定义、论证前提和反例条件。需对照哲学传统与概念变化中的定义、对象索引与适用条件","「审美经验」：在审美经验中，怎样核对原典语境、译词差异与论证结构，分开“前提内的支持”与“改变前提后的反对”？","true","false","","direction-owned-direction-case"
"western-philosophy-12","western-philosophy","aesthetic","原语术语、思想脉络与解释分歧","技术哲学研究档案：关键段落、话语位置和相反解释；相关领域文献对“原典语境、译词差异与论证结构”的用语与记录方式；概念定义、论证前提和反例条件。需对照的具体条目：工具版本、使用任务与适用承诺","「技术哲学」：在技术哲学中，怎样核对工具版本、使用任务与适用承诺，分开“前提内的支持”与“改变前提后的反对”？ 这段材料支持哪种解释，又抵触哪种解释？","true","false","","direction-owned-direction-case"
"tax-studies-1","tax-studies","economics","制度时点、税基口径与归宿假设","税制比较研究档案：缴纳规则、价格调整与行为反应；法定支付、行为反应和最终负担；各方定义、资料来源和桥接规则。需对照的具体条目：法定支付、行为反应与最终负担；课税对象、征管条件与负担归宿","「税制比较」：在税制比较中，怎样核对课税对象、征管条件与负担归宿，分开“实际负担转移”与“仅支付者变化”？ 名称相同是否真的意味着比较对象相同？","true","false","tax","direction-owned-direction-case"
"tax-studies-2","tax-studies","economics","制度时点、税基口径与归宿假设","企业税收资料研究档案：缴纳规则、价格调整与行为反应；选择集合、机会成本和价格条件；法定支付、行为反应和最终负担。需对照的具体条目：法定支付、行为反应与最终负担","「企业税收资料」：在企业税收资料中，怎样核对法定支付、行为反应与最终负担，分开“激励或偏好变化”与“约束或可得方案变化”？","true","false","tax","direction-owned-direction-case"
"tax-studies-3","tax-studies","economics","制度时点、税基口径与归宿假设","个人税收资料研究档案：缴纳规则、价格调整与行为反应；法定支付、行为反应和最终负担。需对照的具体条目：法定支付、行为反应与最终负担；所得口径、家庭条件与法定支付","「个人税收资料」：在个人税收资料中，怎样核对所得口径、家庭条件与法定支付，分开“实际负担转移”与“仅支付者变化”？","true","false","tax","direction-owned-direction-case"
"tax-studies-4","tax-studies","economics","制度时点、税基口径与归宿假设","税收遵从研究档案：缴纳规则、价格调整与行为反应；法定支付、行为反应和最终负担。需对照的具体条目：法定支付、行为反应与最终负担；申报规则、执行机会与行为反应","「税收遵从」：在税收遵从中，怎样核对申报规则、执行机会与行为反应，分开“实际负担转移”与“仅支付者变化”？","true","false","tax","direction-owned-direction-case"
"tax-studies-5","tax-studies","economics","制度时点、税基口径与归宿假设","税收公平研究档案：行动者理由、利益负担与提出异议的记录；相关领域文献对“缴纳规则、价格调整与行为反应”的用语与记录方式；受益负担、行动理由和申诉机会。需对照的具体条目：法定支付、行为反应与最终负担","「税收公平」：在税收公平中，怎样核对法定支付、行为反应与最终负担，分开“可辩护的规范理由”与“偏好数量代替理由”？ 谁承担了负担，现有理由怎样回应他的异议？","true","false","tax","direction-owned-direction-case"
"tax-studies-6","tax-studies","economics","制度时点、税基口径与归宿假设","税收归宿研究档案：缴纳规则、价格调整与行为反应；法定支付、行为反应和最终负担。需对照的具体条目：法定支付、行为反应与最终负担；价格反应、市场约束与最终负担","「税收归宿」：在税收归宿中，怎样核对价格反应、市场约束与最终负担，分开“实际负担转移”与“仅支付者变化”？","true","false","tax","direction-owned-direction-case"
"tax-studies-7","tax-studies","economics","制度时点、税基口径与归宿假设","地方财政研究档案：缴纳规则、价格调整与行为反应；法定支付、行为反应和最终负担；计量单位、时间窗口和未计入的投入。需对照的具体条目：法定支付、行为反应与最终负担","「地方财政」：在地方财政中，怎样核对法定支付、行为反应与最终负担，分开“实际负担转移”与“仅支付者变化”？ 看起来更划算，是效率提高还是少算了投入？","true","false","tax","direction-owned-direction-case"
"tax-studies-8","tax-studies","economics","制度时点、税基口径与归宿假设","公共预算研究档案：缴纳规则、价格调整与行为反应；选择集合、机会成本和价格条件；需求、服务资格和未进入服务者；计量单位、时间窗口和未计入的投入。需对照税制与负担分配中的定义、对象索引与适用条件","「公共预算」：在公共预算中，怎样核对缴纳规则、价格调整与行为反应，分开“激励或偏好变化”与“约束或可得方案变化”？ 看起来更划算，是效率提高还是少算了投入？","true","false","","direction-owned-direction-case"
"tax-studies-9","tax-studies","economics","制度时点、税基口径与归宿假设","税收数字化研究档案：缴纳规则、价格调整与行为反应；法定支付、行为反应和最终负担；版本规则、对象索引和使用任务。需对照的具体条目：法定支付、行为反应与最终负担；编码规则、平台入口与不可见记录","「税收数字化」：在税收数字化中，怎样核对编码规则、平台入口与不可见记录，分开“实际负担转移”与“仅支付者变化”？","true","false","tax","direction-owned-direction-case"
"tax-studies-10","tax-studies","economics","制度时点、税基口径与归宿假设","税务服务评价研究档案：缴纳规则、价格调整与行为反应；法定支付、行为反应和最终负担；需求、服务资格和未进入服务者。需对照的具体条目：法定支付、行为反应与最终负担；服务资格、实际交付与未获服务者","「税务服务评价」：在税务服务评价中，怎样核对服务资格、实际交付与未获服务者，分开“实际负担转移”与“仅支付者变化”？","true","false","tax","direction-owned-direction-case"
"tax-studies-11","tax-studies","economics","制度时点、税基口径与归宿假设","跨境税制资料研究档案：缴纳规则、价格调整与行为反应；法定支付、行为反应和最终负担。需对照的具体条目：法定支付、行为反应与最终负担；课税对象、征管条件与负担归宿","「跨境税制资料」：在跨境税制资料中，怎样核对课税对象、征管条件与负担归宿，分开“实际负担转移”与“仅支付者变化”？","true","false","tax","direction-owned-direction-case"
"tax-studies-12","tax-studies","economics","制度时点、税基口径与归宿假设","税收史研究档案：同时代记载与后期整理本的年代对照；相关领域文献对“缴纳规则、价格调整与行为反应”的用语与记录方式；年代、出处和同时代对照；同时代资料、后期整理和出处链。需对照的具体条目：法定支付、行为反应与最终负担","「税收史」：在税收史中，怎样核对法定支付、行为反应与最终负担，分开“当时制度或实践”与“后来的回忆或分类”？ 哪一层叙述来自当时，哪一层来自后来的整理？","true","false","tax","direction-owned-direction-case"
"insurance-studies-1","insurance-studies","finance","风险暴露、赔付窗口与模型假设","寿险模型研究档案：暴露人数、赔付历程与合同范围；可得方案、行为反应和分配结果；参数出处、边界条件和独立检验情境。需对照的具体条目：死亡口径、时间范围与保单暴露","「寿险模型」：在寿险模型中，怎样核对死亡口径、时间范围与保单暴露，分开“配置或分配变化”与“样本构成或机会变化”？ 拟合得好来自可解释结构，还是条件和参数更宽松？","true","false","","direction-owned-direction-case"
"insurance-studies-2","insurance-studies","finance","风险暴露、赔付窗口与模型假设","非寿险模型研究档案：暴露人数、赔付历程与合同范围；可得方案、行为反应和分配结果；参数出处、边界条件和独立检验情境。需对照的具体条目：死亡口径、时间范围与保单暴露；损失分布、免赔条件与赔付范围","「非寿险模型」：在非寿险模型中，怎样核对损失分布、免赔条件与赔付范围，分开“配置或分配变化”与“样本构成或机会变化”？ 拟合得好来自可解释结构，还是条件和参数更宽松？","true","false","","direction-owned-direction-case"
"insurance-studies-3","insurance-studies","finance","风险暴露、赔付窗口与模型假设","健康保险资料研究档案：暴露人数、赔付历程与合同范围；计量时点、现金流口径和风险条件。需对照的具体条目：计量时点、现金流与风险背景；保障范围、服务使用与风险选择","「健康保险资料」：在健康保险资料中，怎样核对保障范围、服务使用与风险选择，分开“现金流或风险变化”与“计量口径或价格变化”？","true","false","insurance","direction-owned-direction-case"
"insurance-studies-4","insurance-studies","finance","风险暴露、赔付窗口与模型假设","再保险研究研究档案：暴露人数、赔付历程与合同范围；计量时点、现金流口径和风险条件。需对照的具体条目：计量时点、现金流与风险背景；分保条件、风险分配与损失边界","「再保险研究」：在再保险研究中，怎样核对分保条件、风险分配与损失边界，分开“现金流或风险变化”与“计量口径或价格变化”？","true","false","insurance","direction-owned-direction-case"
"insurance-studies-5","insurance-studies","finance","风险暴露、赔付窗口与模型假设","保险需求研究档案：暴露人数、赔付历程与合同范围；选择集合、机会成本和价格条件；计量时点、现金流口径和风险条件；计量单位、时间窗口和未计入的投入。需对照的具体条目：计量时点、现金流与风险背景","「保险需求」：在保险需求中，怎样核对计量时点、现金流与风险背景，分开“激励或偏好变化”与“约束或可得方案变化”？ 看起来更划算，是效率提高还是少算了投入？","true","false","insurance","direction-owned-direction-case"
"insurance-studies-6","insurance-studies","finance","风险暴露、赔付窗口与模型假设","保险定价资料研究档案：暴露人数、赔付历程与合同范围；选择集合、机会成本和价格条件；计量时点、现金流口径和风险条件。需对照的具体条目：计量时点、现金流与风险背景","「保险定价资料」：在保险定价资料中，怎样核对计量时点、现金流与风险背景，分开“激励或偏好变化”与“约束或可得方案变化”？","true","false","insurance","direction-owned-direction-case"
"insurance-studies-7","insurance-studies","finance","风险暴露、赔付窗口与模型假设","赔付资料研究档案：暴露人数、赔付历程与合同范围；计量时点、现金流口径和风险条件。需对照风险共担与赔付中的定义、对象索引与适用条件","「赔付资料」：在赔付资料中，怎样核对暴露人数、赔付历程与合同范围，分开“现金流或风险变化”与“计量口径或价格变化”？","true","false","","direction-owned-direction-case"
"insurance-studies-8","insurance-studies","finance","风险暴露、赔付窗口与模型假设","保险风险研究档案：暴露人数、赔付历程与合同范围；计量时点、现金流口径和风险条件。需对照的具体条目：计量时点、现金流与风险背景；危险条件、暴露对象与实际脆弱性","「保险风险」：在保险风险中，怎样核对计量时点、现金流与风险背景，分开“现金流或风险变化”与“计量口径或价格变化”？","true","false","insurance","direction-owned-direction-case"
"insurance-studies-9","insurance-studies","finance","风险暴露、赔付窗口与模型假设","精算模型评价研究档案：暴露人数、赔付历程与合同范围；计量时点、现金流口径和风险条件；参数出处、边界条件和独立检验情境。需对照风险共担与赔付中的定义、对象索引与适用条件","「精算模型评价」：在精算模型评价中，怎样核对暴露人数、赔付历程与合同范围，分开“现金流或风险变化”与“计量口径或价格变化”？ 拟合得好来自可解释结构，还是条件和参数更宽松？","true","false","insurance","direction-owned-direction-case"
"insurance-studies-10","insurance-studies","finance","风险暴露、赔付窗口与模型假设","保险制度史研究档案：同时代记载与后期整理本的年代对照；相关领域文献对“暴露人数、赔付历程与合同范围”的用语与记录方式；年代、出处和同时代对照；同时代资料、后期整理和出处链。需对照的具体条目：计量时点、现金流与风险背景；条文来源、权限分配与执行差异","「保险制度史」：在保险制度史中，怎样核对计量时点、现金流与风险背景，分开“当时制度或实践”与“后来的回忆或分类”？ 哪一层叙述来自当时，哪一层来自后来的整理？","true","false","insurance","direction-owned-direction-case"
"insurance-studies-11","insurance-studies","finance","风险暴露、赔付窗口与模型假设","保险服务研究档案：暴露人数、赔付历程与合同范围；计量时点、现金流口径和风险条件。需对照的具体条目：计量时点、现金流与风险背景；服务资格、理赔流程与未获赔者","「保险服务」：在保险服务中，怎样核对服务资格、理赔流程与未获赔者，分开“现金流或风险变化”与“计量口径或价格变化”？","true","false","insurance","direction-owned-direction-case"
"insurance-studies-12","insurance-studies","finance","风险暴露、赔付窗口与模型假设","长期照护保险研究档案：暴露人数、赔付历程与合同范围；计量时点、现金流口径和风险条件；进入资格、观察窗口和退出去向。需对照的具体条目：实施时间线、交接信息与本人报告；计量时点、现金流与风险背景","「长期照护保险」：在长期照护保险中，怎样核对实施时间线、交接信息与本人报告，分开“现金流或风险变化”与“计量口径或价格变化”？ 没进入后续记录的人，能否当成没有发生变化？","true","false","insurance","direction-owned-direction-case"
"asset-valuation-1","asset-valuation","finance","价值时点、用途与可比对象","企业价值评价研究档案：估值假设、交易参照与资产权利；选择集合、机会成本和价格条件；受益负担、行动理由和申诉机会；计量单位、时间窗口和未计入的投入。需对照价值时点与比较中的定义、对象索引与适用条件","「企业价值评价」：在企业价值评价中，怎样核对估值假设、交易参照与资产权利，分开“激励或偏好变化”与“约束或可得方案变化”？ 看起来更划算，是效率提高还是少算了投入？","true","false","","direction-owned-direction-case"
"asset-valuation-2","asset-valuation","finance","价值时点、用途与可比对象","无形资产评价研究档案：估值假设、交易参照与资产权利；计量时点、现金流口径和风险条件。需对照的具体条目：计量时点、现金流与风险背景；权利范围、收益来源与可比交易","「无形资产评价」：在无形资产评价中，怎样核对权利范围、收益来源与可比交易，分开“现金流或风险变化”与“计量口径或价格变化”？","true","false","finance","direction-owned-direction-case"
"asset-valuation-3","asset-valuation","finance","价值时点、用途与可比对象","房地产评价研究档案：估值假设、交易参照与资产权利；可得方案、行为反应和分配结果。需对照的具体条目：区位条件、可比交易与价值时点","「房地产评价」：在房地产评价中，怎样核对区位条件、可比交易与价值时点，分开“配置或分配变化”与“样本构成或机会变化”？","true","false","","direction-owned-direction-case"
"asset-valuation-4","asset-valuation","finance","价值时点、用途与可比对象","机器设备评价研究档案：估值假设、交易参照与资产权利；责任边界、使用条件和资源约束。需对照价值时点与比较中的定义、对象索引与适用条件","「机器设备评价」：在机器设备评价中，怎样核对估值假设、交易参照与资产权利，分开“运行能力改善”与“声明或评价口径改变”？","true","false","","direction-owned-direction-case"
"asset-valuation-5","asset-valuation","finance","价值时点、用途与可比对象","金融资产评价研究档案：估值假设、交易参照与资产权利；计量时点、现金流口径和风险条件。需对照的具体条目：计量时点、现金流与风险背景；现金流条件、市场价格与流动性","「金融资产评价」：在金融资产评价中，怎样核对现金流条件、市场价格与流动性，分开“现金流或风险变化”与“计量口径或价格变化”？","true","false","finance","direction-owned-direction-case"
"asset-valuation-6","asset-valuation","finance","价值时点、用途与可比对象","文化资产评价研究档案：估值假设、交易参照与资产权利；计量时点、现金流口径和风险条件。需对照的具体条目：计量时点、现金流与风险背景；实践语境、符号用法与传承位置","「文化资产评价」：在文化资产评价中，怎样核对计量时点、现金流与风险背景，分开“现金流或风险变化”与“计量口径或价格变化”？","true","false","finance","direction-owned-direction-case"
"asset-valuation-7","asset-valuation","finance","价值时点、用途与可比对象","评估方法比较研究档案：估值假设、交易参照与资产权利；可得方案、行为反应和分配结果；各方定义、资料来源和桥接规则。需对照的具体条目：输入要求、适用前提与方法失败条件","「评估方法比较」：在评估方法比较中，怎样核对输入要求、适用前提与方法失败条件，分开“配置或分配变化”与“样本构成或机会变化”？ 名称相同是否真的意味着比较对象相同？","true","false","","direction-owned-direction-case"
"asset-valuation-8","asset-valuation","finance","价值时点、用途与可比对象","价值时点研究档案：估值假设、交易参照与资产权利；选择集合、机会成本和价格条件；受益负担、行动理由和申诉机会；计量单位、时间窗口和未计入的投入。需对照价值时点与比较中的定义、对象索引与适用条件","「价值时点」：在价值时点中，怎样核对估值假设、交易参照与资产权利，分开“激励或偏好变化”与“约束或可得方案变化”？ 看起来更划算，是效率提高还是少算了投入？","true","false","","direction-owned-direction-case"
"asset-valuation-9","asset-valuation","finance","价值时点、用途与可比对象","评估报告研究研究档案：估值假设、交易参照与资产权利；可得方案、行为反应和分配结果。需对照的具体条目：报告假设、证据选择与使用目的","「评估报告研究」：在评估报告研究中，怎样核对报告假设、证据选择与使用目的，分开“配置或分配变化”与“样本构成或机会变化”？","true","false","","direction-owned-direction-case"
"asset-valuation-10","asset-valuation","economics","价值时点、用途与可比对象","市场比较资料研究档案：估值假设、交易参照与资产权利；选择集合、机会成本和价格条件；各方定义、资料来源和桥接规则。需对照价值时点与比较中的定义、对象索引与适用条件","「市场比较资料」：在市场比较资料中，怎样核对估值假设、交易参照与资产权利，分开“激励或偏好变化”与“约束或可得方案变化”？ 名称相同是否真的意味着比较对象相同？","true","false","","direction-owned-direction-case"
"asset-valuation-11","asset-valuation","finance","价值时点、用途与可比对象","评估不确定性研究档案：估值假设、交易参照与资产权利；可得方案、行为反应和分配结果。需对照的具体条目：参数来源、情境区间与敏感性","「评估不确定性」：在评估不确定性中，怎样核对参数来源、情境区间与敏感性，分开“配置或分配变化”与“样本构成或机会变化”？","true","false","","direction-owned-direction-case"
"asset-valuation-12","asset-valuation","finance","价值时点、用途与可比对象","评估职业研究研究档案：估值假设、交易参照与资产权利；可得方案、行为反应和分配结果。需对照的具体条目：进入退出、工时与收入分布","「评估职业研究」：在评估职业研究中，怎样核对进入退出、工时与收入分布，分开“配置或分配变化”与“样本构成或机会变化”？","true","false","","direction-owned-direction-case"
"digital-economy-1","digital-economy","economics","平台规则、统计边界与时间变化","平台经济研究档案：多边用户、算法规则与交易路径；选择集合、机会成本和价格条件；计量单位、时间窗口和未计入的投入。需对照的具体条目：推荐入口、排序条件与未曝光对象","「平台经济」：在平台经济中，怎样核对推荐入口、排序条件与未曝光对象，分开“激励或偏好变化”与“约束或可得方案变化”？ 看起来更划算，是效率提高还是少算了投入？","true","false","","direction-owned-direction-case"
"digital-economy-2","digital-economy","economics","平台规则、统计边界与时间变化","数据要素研究研究档案：多边用户、算法规则与交易路径；可得方案、行为反应和分配结果。需对照平台与数字市场中的定义、对象索引与适用条件","「数据要素研究」：在数据要素研究中，怎样核对多边用户、算法规则与交易路径，分开“配置或分配变化”与“样本构成或机会变化”？","true","false","","direction-owned-direction-case"
"digital-economy-3","digital-economy","labor","平台规则、统计边界与时间变化","数字劳动研究档案：多边用户、算法规则与交易路径；对象进入、角色关系和机会结构；版本规则、对象索引和使用任务。需对照的具体条目：进入退出、工时与收入分布；编码规则、平台入口与不可见记录","「数字劳动」：在数字劳动中，怎样核对进入退出、工时与收入分布，分开“行为或关系改变”与“进入机会或结构改变”？","true","false","","direction-owned-direction-case"
"digital-economy-4","digital-economy","economics","平台规则、统计边界与时间变化","数字贸易研究档案：多边用户、算法规则与交易路径；机会成本、贸易方向和价值增加；版本规则、对象索引和使用任务。需对照的具体条目：价值链位置、增加值与中间品重复；编码规则、平台入口与不可见记录","「数字贸易」：在数字贸易中，怎样核对价值链位置、增加值与中间品重复，分开“真实配置收益”与“重复计量或构成变化”？","true","false","","direction-owned-direction-case"
"digital-economy-5","digital-economy","finance","平台规则、统计边界与时间变化","数字金融资料研究档案：多边用户、算法规则与交易路径；计量时点、现金流口径和风险条件；版本规则、对象索引和使用任务。需对照的具体条目：计量时点、现金流与风险背景；编码规则、平台入口与不可见记录","「数字金融资料」：在数字金融资料中，怎样核对计量时点、现金流与风险背景，分开“现金流或风险变化”与“计量口径或价格变化”？","true","false","finance","direction-owned-direction-case"
"digital-economy-6","digital-economy","economics","平台规则、统计边界与时间变化","数字基础设施研究档案：多边用户、算法规则与交易路径；版本规则、对象索引和使用任务。需对照的具体条目：编码规则、平台入口与不可见记录","「数字基础设施」：在数字基础设施中，怎样核对编码规则、平台入口与不可见记录，分开“对象信息改善”与“格式或版本改变”？","true","false","","direction-owned-direction-case"
"digital-economy-7","digital-economy","economics","平台规则、统计边界与时间变化","算法与市场研究档案：多边用户、算法规则与交易路径；选择集合、机会成本和价格条件。需对照的具体条目：推荐入口、排序条件与未曝光对象","「算法与市场」：在算法与市场中，怎样核对推荐入口、排序条件与未曝光对象，分开“激励或偏好变化”与“约束或可得方案变化”？","true","false","","direction-owned-direction-case"
"digital-economy-8","digital-economy","economics","平台规则、统计边界与时间变化","数字消费研究档案：多边用户、算法规则与交易路径；选择集合、机会成本和价格条件；版本规则、对象索引和使用任务。需对照的具体条目：编码规则、平台入口与不可见记录；渠道机会、商品信息与购买条件","「数字消费」：在数字消费中，怎样核对渠道机会、商品信息与购买条件，分开“激励或偏好变化”与“约束或可得方案变化”？","true","false","","direction-owned-direction-case"
"digital-economy-9","digital-economy","economics","平台规则、统计边界与时间变化","企业数字化研究档案：多边用户、算法规则与交易路径；选择集合、机会成本和价格条件；版本规则、对象索引和使用任务。需对照的具体条目：编码规则、平台入口与不可见记录；流程变更、记录覆盖与实际产出","「企业数字化」：在企业数字化中，怎样核对流程变更、记录覆盖与实际产出，分开“激励或偏好变化”与“约束或可得方案变化”？","true","false","","direction-owned-direction-case"
"digital-economy-10","digital-economy","economics","平台规则、统计边界与时间变化","数字经济测度研究档案：多边用户、算法规则与交易路径；选择集合、机会成本和价格条件；版本规则、对象索引和使用任务；计量单位、时间窗口和未计入的投入。需对照的具体条目：编码规则、平台入口与不可见记录","「数字经济测度」：在数字经济测度中，怎样核对编码规则、平台入口与不可见记录，分开“激励或偏好变化”与“约束或可得方案变化”？ 看起来更划算，是效率提高还是少算了投入？","true","false","","direction-owned-direction-case"
"digital-economy-11","digital-economy","economics","平台规则、统计边界与时间变化","平台竞争研究档案：多边用户、算法规则与交易路径；选择集合、机会成本和价格条件。需对照的具体条目：推荐入口、排序条件与未曝光对象；平台入口、双方网络与竞争条件","「平台竞争」：在平台竞争中，怎样核对平台入口、双方网络与竞争条件，分开“激励或偏好变化”与“约束或可得方案变化”？","true","false","","direction-owned-direction-case"
"digital-economy-12","digital-economy","economics","平台规则、统计边界与时间变化","数字鸿沟研究档案：多边用户、算法规则与交易路径；版本规则、对象索引和使用任务；可得方案、行为反应和分配结果。需对照的具体条目：编码规则、平台入口与不可见记录","「数字鸿沟」：在数字鸿沟中，怎样核对编码规则、平台入口与不可见记录，分开“对象信息改善”与“格式或版本改变”？","true","false","","direction-owned-direction-case"
"ethnology-studies-1","ethnology-studies","society","自我认同、地域语境与研究者位置","民族理论研究档案：地方身份、语言使用与传承过程；交往位置、叙述轮次和观察情境。需对照的具体条目：身份称谓、互动位置与传承实践","「民族理论」：在民族理论中，怎样核对身份称谓、互动位置与传承实践，分开“生活实践差异”与“互动或叙述情境差异”？","true","false","fieldwork","direction-owned-direction-case"
"ethnology-studies-2","ethnology-studies","society","自我认同、地域语境与研究者位置","民族历史研究档案：同时代记载与后期整理本的年代对照；相关领域文献对“地方身份、语言使用与传承过程”的用语与记录方式；年代、出处和同时代对照；交往位置、叙述轮次和观察情境。需对照的具体条目：身份称谓、互动位置与传承实践","「民族历史」：在民族历史中，怎样核对身份称谓、互动位置与传承实践，分开“当时制度或实践”与“后来的回忆或分类”？ 哪一层叙述来自当时，哪一层来自后来的整理？","true","false","fieldwork","direction-owned-direction-case"
"ethnology-studies-3","ethnology-studies","society","自我认同、地域语境与研究者位置","民族社会研究档案：地方身份、语言使用与传承过程；交往位置、叙述轮次和观察情境；对象进入、角色关系和机会结构。需对照的具体条目：身份称谓、互动位置与传承实践","「民族社会」：在民族社会中，怎样核对身份称谓、互动位置与传承实践，分开“生活实践差异”与“互动或叙述情境差异”？","true","false","fieldwork","direction-owned-direction-case"
"ethnology-studies-4","ethnology-studies","society","自我认同、地域语境与研究者位置","民族文化研究档案：地方身份、语言使用与传承过程；交往位置、叙述轮次和观察情境。需对照的具体条目：身份称谓、互动位置与传承实践；实践语境、符号用法与传承位置","「民族文化」：在民族文化中，怎样核对身份称谓、互动位置与传承实践，分开“生活实践差异”与“互动或叙述情境差异”？","true","false","fieldwork","direction-owned-direction-case"
"ethnology-studies-5","ethnology-studies","society","自我认同、地域语境与研究者位置","民族经济研究档案：地方身份、语言使用与传承过程；交往位置、叙述轮次和观察情境；计量单位、时间窗口和未计入的投入。需对照的具体条目：身份称谓、互动位置与传承实践","「民族经济」：在民族经济中，怎样核对身份称谓、互动位置与传承实践，分开“生活实践差异”与“互动或叙述情境差异”？ 看起来更划算，是效率提高还是少算了投入？","true","false","fieldwork","direction-owned-direction-case"
"ethnology-studies-6","ethnology-studies","society","自我认同、地域语境与研究者位置","族群关系研究档案：地方身份、语言使用与传承过程；对象进入、角色关系和机会结构。需对照的具体条目：身份称谓、互动位置与传承实践","「族群关系」：在族群关系中，怎样核对身份称谓、互动位置与传承实践，分开“行为或关系改变”与“进入机会或结构改变”？","true","false","fieldwork","direction-owned-direction-case"
"ethnology-studies-7","ethnology-studies","society","自我认同、地域语境与研究者位置","语言与社会研究档案：地方身份、语言使用与传承过程；对象进入、角色关系和机会结构。需对照族群分类与文化实践中的定义、对象索引与适用条件","「语言与社会」：在语言与社会中，怎样核对地方身份、语言使用与传承过程，分开“行为或关系改变”与“进入机会或结构改变”？","true","false","fieldwork","direction-owned-direction-case"
"ethnology-studies-8","ethnology-studies","education","自我认同、地域语境与研究者位置","民族地区教育研究档案：教学任务、学生作答与撤去帮助后的新题；相关领域文献对“地方身份、语言使用与传承过程”的用语与记录方式；任务目标、辅助条件和延迟表现。需对照的具体条目：身份称谓、互动位置与传承实践","「民族地区教育」：在民族地区教育中，怎样核对身份称谓、互动位置与传承实践，分开“独立学习改善”与“辅助或练习效应”？ 当场做对与真正能迁移，材料分别支持哪一个？","true","false","fieldwork","direction-owned-direction-case"
"ethnology-studies-9","ethnology-studies","society","自我认同、地域语境与研究者位置","社区记忆研究档案：逐轮对话、在场关系和沉默位置；相关领域文献对“地方身份、语言使用与传承过程”的用语与记录方式；交往位置、叙述轮次和观察情境；讲述时点、在场位置和其他来源。需对照的具体条目：进入机会、空间路径与地方制度；讲述时点、在场位置与重述框架；讲述资格、地方关系与记忆选择","「社区记忆」：在社区记忆中，怎样核对讲述资格、地方关系与记忆选择，分开“生活实践差异”与“互动或叙述情境差异”？ 对方在怎样的关系中说出这句话？","true","false","fieldwork","direction-owned-direction-case"
"ethnology-studies-10","ethnology-studies","society","自我认同、地域语境与研究者位置","文化传承研究档案：地方身份、语言使用与传承过程；公开来源、传承角色和叙述层次。需对照的具体条目：实践语境、符号用法与传承位置","「文化传承」：在文化传承中，怎样核对实践语境、符号用法与传承位置，分开“有出处的实践线索”与“后期叙述或展示取舍”？","true","false","fieldwork","direction-owned-direction-case"
"ethnology-studies-11","ethnology-studies","law","自我认同、地域语境与研究者位置","民族志方法研究档案：逐轮对话、在场关系和沉默位置；相关领域文献对“地方身份、语言使用与传承过程”的用语与记录方式；交往位置、叙述轮次和观察情境；法域、条文版本和事实要件。需对照的具体条目：身份称谓、互动位置与传承实践；输入要求、适用前提与方法失败条件","「民族志方法」：在民族志方法中，怎样核对身份称谓、互动位置与传承实践，分开“生活实践差异”与“互动或叙述情境差异”？ 对方在怎样的关系中说出这句话？","true","false","fieldwork","direction-owned-direction-case"
"ethnology-studies-12","ethnology-studies","society","自我认同、地域语境与研究者位置","民族学文献研究档案：逐页出处、底本差异和缺页索引；相关领域文献对“地方身份、语言使用与传承过程”的用语与记录方式；底本出处、异文位置和编订层次；交往位置、叙述轮次和观察情境。需对照的具体条目：身份称谓、互动位置与传承实践","「民族学文献」：在民族学文献中，怎样核对身份称谓、互动位置与传承实践，分开“原始用法差异”与“编订或传承差异”？ 这个说法在原材料的哪一页，另一版本为何不同？","true","false","fieldwork","direction-owned-direction-case"
"marxism-studies-1","marxism-studies","society","文本出处、历史条件与理论论证","马克思主义基本原理研究档案：经典版本、概念演变与社会问题；正式规则、实际执行和行为者立场。需对照的具体条目：原典命题、论证结构与适用语境","「马克思主义基本原理」：在马克思主义基本原理中，怎样核对原典命题、论证结构与适用语境，分开“制度实践变化”与“文本或表述变化”？","true","false","","direction-owned-direction-case"
"marxism-studies-2","marxism-studies","society","文本出处、历史条件与理论论证","马克思主义发展史研究档案：同时代记载与后期整理本的年代对照；相关领域文献对“经典版本、概念演变与社会问题”的用语与记录方式；年代、出处和同时代对照；同时代资料、后期整理和出处链。需对照理论文本与历史问题中的定义、对象索引与适用条件","「马克思主义发展史」：在马克思主义发展史中，怎样核对经典版本、概念演变与社会问题，分开“当时制度或实践”与“后来的回忆或分类”？ 哪一层叙述来自当时，哪一层来自后来的整理？","true","false","","direction-owned-direction-case"
"marxism-studies-3","marxism-studies","society","文本出处、历史条件与理论论证","马克思主义中国化研究研究档案：经典版本、概念演变与社会问题；正式规则、实际执行和行为者立场。需对照的具体条目：中文原典、制度时期与地方用语","「马克思主义中国化研究」：在马克思主义中国化研究中，怎样核对中文原典、制度时期与地方用语，分开“制度实践变化”与“文本或表述变化”？","true","false","","direction-owned-direction-case"
"marxism-studies-4","marxism-studies","society","文本出处、历史条件与理论论证","国外马克思主义研究研究档案：经典版本、概念演变与社会问题；正式规则、实际执行和行为者立场。需对照的具体条目：地区译介、理论分歧与语境差异","「国外马克思主义研究」：在国外马克思主义研究中，怎样核对地区译介、理论分歧与语境差异，分开“制度实践变化”与“文本或表述变化”？","true","false","","direction-owned-direction-case"
"marxism-studies-5","marxism-studies","education","文本出处、历史条件与理论论证","思想政治教育研究档案：教学任务、学生作答与撤去帮助后的新题；相关领域文献对“经典版本、概念演变与社会问题”的用语与记录方式；任务目标、辅助条件和延迟表现。需对照的具体条目：规则来源、执行条件与行动者立场","「思想政治教育」：在思想政治教育中，怎样核对规则来源、执行条件与行动者立场，分开“独立学习改善”与“辅助或练习效应”？ 当场做对与真正能迁移，材料分别支持哪一个？","true","false","","direction-owned-direction-case"
"marxism-studies-6","marxism-studies","society","文本出处、历史条件与理论论证","中国近现代史基本问题研究档案：同时代记载与后期整理本的年代对照；相关领域文献对“经典版本、概念演变与社会问题”的用语与记录方式；年代、出处和同时代对照；同时代资料、后期整理和出处链。需对照的具体条目：中文原典、制度时期与地方用语；时期划分、制度变化与同时代用语","「中国近现代史基本问题」：在中国近现代史基本问题中，怎样核对时期划分、制度变化与同时代用语，分开“当时制度或实践”与“后来的回忆或分类”？ 哪一层叙述来自当时，哪一层来自后来的整理？","true","false","","direction-owned-direction-case"
"marxism-studies-7","marxism-studies","society","文本出处、历史条件与理论论证","经典文本研究研究档案：逐页出处、底本差异和缺页索引；相关领域文献对“经典版本、概念演变与社会问题”的用语与记录方式；底本出处、异文位置和编订层次。需对照的具体条目：底本、原典段落与注释层次","「经典文本研究」：在经典文本研究中，怎样核对底本、原典段落与注释层次，分开“原始用法差异”与“编订或传承差异”？ 这个说法在原材料的哪一页，另一版本为何不同？","true","false","","direction-owned-direction-case"
"marxism-studies-8","marxism-studies","society","文本出处、历史条件与理论论证","劳动与社会理论研究档案：经典版本、概念演变与社会问题；对象进入、角色关系和机会结构。需对照的具体条目：进入退出、工时与收入分布","「劳动与社会理论」：在劳动与社会理论中，怎样核对进入退出、工时与收入分布，分开“行为或关系改变”与“进入机会或结构改变”？","true","false","","direction-owned-direction-case"
"marxism-studies-9","marxism-studies","society","文本出处、历史条件与理论论证","意识形态理论史研究档案：同时代记载与后期整理本的年代对照；相关领域文献对“经典版本、概念演变与社会问题”的用语与记录方式；年代、出处和同时代对照；同时代资料、后期整理和出处链。需对照的具体条目：概念用法、社会位置与传播历程","「意识形态理论史」：在意识形态理论史中，怎样核对概念用法、社会位置与传播历程，分开“当时制度或实践”与“后来的回忆或分类”？ 哪一层叙述来自当时，哪一层来自后来的整理？","true","false","","direction-owned-direction-case"
"marxism-studies-10","marxism-studies","media","文本出处、历史条件与理论论证","理论传播研究档案：经典版本、概念演变与社会问题；生产记录、传播路径和接触机会；公开文件、责任分配和资源约束。需对照的具体条目：信息入口、转述链与接触分母","「理论传播」：在理论传播中，怎样核对信息入口、转述链与接触分母，分开“传播过程改变”与“记录或受众构成变化”？","true","false","","direction-owned-direction-case"
"marxism-studies-11","marxism-studies","society","文本出处、历史条件与理论论证","比较理论文本研究档案：逐页出处、底本差异和缺页索引；相关领域文献对“经典版本、概念演变与社会问题”的用语与记录方式；底本出处、异文位置和编订层次。需对照的具体条目：双方术语、论争对象与可比属性","「比较理论文本」：在比较理论文本中，怎样核对双方术语、论争对象与可比属性，分开“原始用法差异”与“编订或传承差异”？ 这个说法在原材料的哪一页，另一版本为何不同？","true","false","","direction-owned-direction-case"
"marxism-studies-12","marxism-studies","education","文本出处、历史条件与理论论证","理论教育研究研究档案：教学任务、学生作答与撤去帮助后的新题；相关领域文献对“经典版本、概念演变与社会问题”的用语与记录方式；任务目标、辅助条件和延迟表现。需对照理论文本与历史问题中的定义、对象索引与适用条件","「理论教育研究」：在理论教育研究中，怎样核对经典版本、概念演变与社会问题，分开“独立学习改善”与“辅助或练习效应”？ 当场做对与真正能迁移，材料分别支持哪一个？","true","false","","direction-owned-direction-case"
"police-studies-1","police-studies","society","公开资料、服务层次与调查对象","公安学基础研究档案：公开服务流程、居民体验与组织制度；陈述来源、证明对象和程序条件。需对照的具体条目：公共职责、服务对象与制度依据","「公安学基础」：在公安学基础中，怎样核对公共职责、服务对象与制度依据，分开“事实证据更充分”与“程序或陈述方式不同”？","true","false","","direction-owned-direction-case"
"police-studies-2","police-studies","society","公开资料、服务层次与调查对象","警务组织史研究档案：同时代记载与后期整理本的年代对照；相关领域文献对“公开服务流程、居民体验与组织制度”的用语与记录方式；年代、出处和同时代对照；陈述来源、证明对象和程序条件。需对照的具体条目：角色分工、资源联系与实际协调","「警务组织史」：在警务组织史中，怎样核对角色分工、资源联系与实际协调，分开“当时制度或实践”与“后来的回忆或分类”？ 哪一层叙述来自当时，哪一层来自后来的整理？","true","false","","direction-owned-direction-case"
"police-studies-3","police-studies","society","公开资料、服务层次与调查对象","社区警务研究研究档案：公开服务流程、居民体验与组织制度；对象进入、角色关系和机会结构；陈述来源、证明对象和程序条件。需对照的具体条目：进入机会、空间路径与地方制度","「社区警务研究」：在社区警务研究中，怎样核对进入机会、空间路径与地方制度，分开“行为或关系改变”与“进入机会或结构改变”？","true","false","","direction-owned-direction-case"
"police-studies-4","police-studies","policy","公开资料、服务层次与调查对象","警务公共服务研究档案：公开服务流程、居民体验与组织制度；需求、服务资格和未进入服务者；陈述来源、证明对象和程序条件。需对照公共服务与组织关系中的定义、对象索引与适用条件","「警务公共服务」：在警务公共服务中，怎样核对公开服务流程、居民体验与组织制度，分开“需求得到满足”与“门槛或登记改变”？","true","false","","direction-owned-direction-case"
"police-studies-5","police-studies","society","公开资料、服务层次与调查对象","警务伦理研究档案：行动者理由、利益负担与提出异议的记录；相关领域文献对“公开服务流程、居民体验与组织制度”的用语与记录方式；受益负担、行动理由和申诉机会；陈述来源、证明对象和程序条件。需对照的具体条目：行动理由、受益负担与申诉机会","「警务伦理」：在警务伦理中，怎样核对行动理由、受益负担与申诉机会，分开“可辩护的规范理由”与“偏好数量代替理由”？ 谁承担了负担，现有理由怎样回应他的异议？","true","false","","direction-owned-direction-case"
"police-studies-6","police-studies","policy","公开资料、服务层次与调查对象","公共安全感研究档案：公开服务流程、居民体验与组织制度；正式规则、实际执行和行为者立场；公开文件、责任分配和资源约束。需对照的具体条目：公开信号、相互解释与承诺兑现","「公共安全感」：在公共安全感中，怎样核对公开信号、相互解释与承诺兑现，分开“制度实践变化”与“文本或表述变化”？","true","false","","direction-owned-direction-case"
"police-studies-7","police-studies","education","公开资料、服务层次与调查对象","公安教育研究档案：教学任务、学生作答与撤去帮助后的新题；相关领域文献对“公开服务流程、居民体验与组织制度”的用语与记录方式；任务目标、辅助条件和延迟表现。需对照公共服务与组织关系中的定义、对象索引与适用条件","「公安教育」：在公安教育中，怎样核对公开服务流程、居民体验与组织制度，分开“独立学习改善”与“辅助或练习效应”？ 当场做对与真正能迁移，材料分别支持哪一个？","true","false","","direction-owned-direction-case"
"police-studies-8","police-studies","society","公开资料、服务层次与调查对象","警务协作制度研究档案：公开服务流程、居民体验与组织制度；节点口径、边含义和缺失连接；正式规则、实际执行和行为者立场；正式文本、执行条件与被排除的对象。需对照的具体条目：条文来源、权限分配与执行差异","「警务协作制度」：在警务协作制度中，怎样核对条文来源、权限分配与执行差异，分开“实际关系改变”与“采集范围改变”？ 文本已经改变，实际机会和执行是否也改变了？","true","false","","direction-owned-direction-case"
"police-studies-9","police-studies","society","公开资料、服务层次与调查对象","警务社会学研究档案：公开服务流程、居民体验与组织制度；对象进入、角色关系和机会结构；陈述来源、证明对象和程序条件。需对照公共服务与组织关系中的定义、对象索引与适用条件","「警务社会学」：在警务社会学中，怎样核对公开服务流程、居民体验与组织制度，分开“行为或关系改变”与“进入机会或结构改变”？","true","false","","direction-owned-direction-case"
"police-studies-10","police-studies","society","公开资料、服务层次与调查对象","警务资料质量研究档案：公开服务流程、居民体验与组织制度；陈述来源、证明对象和程序条件；版本变更、异常记录和失败复核。需对照公共服务与组织关系中的定义、对象索引与适用条件","「警务资料质量」：在警务资料质量中，怎样核对公开服务流程、居民体验与组织制度，分开“事实证据更充分”与“程序或陈述方式不同”？ 所谓更可靠，是失败更少，还是失败更少被记下来？","true","false","","direction-owned-direction-case"
"police-studies-11","police-studies","policy","公开资料、服务层次与调查对象","警务政策史研究档案：同时代记载与后期整理本的年代对照；相关领域文献对“公开服务流程、居民体验与组织制度”的用语与记录方式；年代、出处和同时代对照；陈述来源、证明对象和程序条件。需对照的具体条目：文本目标、执行资源与受影响范围","「警务政策史」：在警务政策史中，怎样核对文本目标、执行资源与受影响范围，分开“当时制度或实践”与“后来的回忆或分类”？ 哪一层叙述来自当时，哪一层来自后来的整理？","true","false","","direction-owned-direction-case"
"police-studies-12","police-studies","society","公开资料、服务层次与调查对象","警民沟通研究研究档案：公开服务流程、居民体验与组织制度；陈述来源、证明对象和程序条件。需对照的具体条目：沟通入口、互动角色与信任条件","「警民沟通研究」：在警民沟通研究中，怎样核对沟通入口、互动角色与信任条件，分开“事实证据更充分”与“程序或陈述方式不同”？","true","false","","direction-owned-direction-case"
"party-history-studies-1","party-history-studies","society","档案形成时间、组织层次与史料互证","党史文献研究档案：同时代记载与后期整理本的年代对照；相关领域文献对“组织层次、档案形成与口述回忆”的用语与记录方式；底本出处、异文位置和编订层次；年代、出处和同时代对照。需对照组织历史与文献中的定义、对象索引与适用条件","「党史文献」：在党史文献中，怎样核对组织层次、档案形成与口述回忆，分开“原始用法差异”与“编订或传承差异”？ 哪一层叙述来自当时，哪一层来自后来的整理？","true","false","","direction-owned-direction-case"
"party-history-studies-2","party-history-studies","society","档案形成时间、组织层次与史料互证","组织制度史研究档案：同时代记载与后期整理本的年代对照；相关领域文献对“组织层次、档案形成与口述回忆”的用语与记录方式；年代、出处和同时代对照；公开文件、责任分配和资源约束。需对照的具体条目：条文来源、权限分配与执行差异；角色分工、资源联系与实际协调","「组织制度史」：在组织制度史中，怎样核对条文来源、权限分配与执行差异，分开“当时制度或实践”与“后来的回忆或分类”？ 哪一层叙述来自当时，哪一层来自后来的整理？","true","false","","direction-owned-direction-case"
"party-history-studies-3","party-history-studies","society","档案形成时间、组织层次与史料互证","地方党史研究档案：同时代记载与后期整理本的年代对照；相关领域文献对“组织层次、档案形成与口述回忆”的用语与记录方式；年代、出处和同时代对照；同时代资料、后期整理和出处链。需对照的具体条目：地方来源、人物位置与时期关系","「地方党史」：在地方党史中，怎样核对地方来源、人物位置与时期关系，分开“当时制度或实践”与“后来的回忆或分类”？ 哪一层叙述来自当时，哪一层来自后来的整理？","true","false","","direction-owned-direction-case"
"party-history-studies-4","party-history-studies","society","档案形成时间、组织层次与史料互证","党建理论研究档案：组织层次、档案形成与口述回忆；正式规则、实际执行和行为者立场。需对照组织历史与文献中的定义、对象索引与适用条件","「党建理论」：在党建理论中，怎样核对组织层次、档案形成与口述回忆，分开“制度实践变化”与“文本或表述变化”？","true","false","","direction-owned-direction-case"
"party-history-studies-5","party-history-studies","society","档案形成时间、组织层次与史料互证","基层组织研究研究档案：组织层次、档案形成与口述回忆；对象进入、角色关系和机会结构；公开文件、责任分配和资源约束；正式文本、执行条件与被排除的对象。需对照的具体条目：角色分工、资源联系与实际协调","「基层组织研究」：在基层组织研究中，怎样核对角色分工、资源联系与实际协调，分开“行为或关系改变”与“进入机会或结构改变”？ 文本已经改变，实际机会和执行是否也改变了？","true","false","","direction-owned-direction-case"
"party-history-studies-6","party-history-studies","society","档案形成时间、组织层次与史料互证","党史人物资料研究档案：同时代记载与后期整理本的年代对照；相关领域文献对“组织层次、档案形成与口述回忆”的用语与记录方式；年代、出处和同时代对照；讲述时点、在场位置和其他来源。需对照组织历史与文献中的定义、对象索引与适用条件","「党史人物资料」：在党史人物资料中，怎样核对组织层次、档案形成与口述回忆，分开“当时制度或实践”与“后来的回忆或分类”？ 哪一层叙述来自当时，哪一层来自后来的整理？","true","false","","direction-owned-direction-case"
"party-history-studies-7","party-history-studies","society","档案形成时间、组织层次与史料互证","党史口述资料研究档案：同时代记载与后期整理本的年代对照；相关领域文献对“组织层次、档案形成与口述回忆”的用语与记录方式；年代、出处和同时代对照；交往位置、叙述轮次和观察情境。需对照的具体条目：讲述时点、在场位置与重述框架","「党史口述资料」：在党史口述资料中，怎样核对讲述时点、在场位置与重述框架，分开“当时制度或实践”与“后来的回忆或分类”？ 哪一层叙述来自当时，哪一层来自后来的整理？","true","false","","direction-owned-direction-case"
"party-history-studies-8","party-history-studies","education","档案形成时间、组织层次与史料互证","党史教育研究档案：同时代记载与后期整理本的年代对照；相关领域文献对“组织层次、档案形成与口述回忆”的用语与记录方式；年代、出处和同时代对照；同时代资料、后期整理和出处链。需对照的具体条目：教学选材、史料依据与学习解释","「党史教育」：在党史教育中，怎样核对教学选材、史料依据与学习解释，分开“当时制度或实践”与“后来的回忆或分类”？ 哪一层叙述来自当时，哪一层来自后来的整理？","true","false","","direction-owned-direction-case"
"party-history-studies-9","party-history-studies","media","档案形成时间、组织层次与史料互证","党建传播研究档案：组织层次、档案形成与口述回忆；正式规则、实际执行和行为者立场；生产记录、传播路径和接触机会。需对照的具体条目：信息入口、转述链与接触分母","「党建传播」：在党建传播中，怎样核对信息入口、转述链与接触分母，分开“制度实践变化”与“文本或表述变化”？","true","false","","direction-owned-direction-case"
"party-history-studies-10","party-history-studies","society","档案形成时间、组织层次与史料互证","制度比较资料研究档案：组织层次、档案形成与口述回忆；年代、出处和同时代对照；正式规则、实际执行和行为者立场；正式文本、执行条件与被排除的对象。需对照的具体条目：条文来源、权限分配与执行差异","「制度比较资料」：在制度比较资料中，怎样核对条文来源、权限分配与执行差异，分开“当时制度或实践”与“后来的回忆或分类”？ 文本已经改变，实际机会和执行是否也改变了？","true","false","","direction-owned-direction-case"
"party-history-studies-11","party-history-studies","society","档案形成时间、组织层次与史料互证","党史档案整理研究档案：同时代记载与后期整理本的年代对照；相关领域文献对“组织层次、档案形成与口述回忆”的用语与记录方式；底本出处、异文位置和编订层次；年代、出处和同时代对照。需对照的具体条目：形成机关、归档过程与缺件","「党史档案整理」：在党史档案整理中，怎样核对形成机关、归档过程与缺件，分开“原始用法差异”与“编订或传承差异”？ 哪一层叙述来自当时，哪一层来自后来的整理？","true","false","","direction-owned-direction-case"
"party-history-studies-12","party-history-studies","law","档案形成时间、组织层次与史料互证","党史学方法研究档案：同时代记载与后期整理本的年代对照；相关领域文献对“组织层次、档案形成与口述回忆”的用语与记录方式；年代、出处和同时代对照；法域、条文版本和事实要件。需对照的具体条目：输入要求、适用前提与方法失败条件","「党史学方法」：在党史学方法中，怎样核对输入要求、适用前提与方法失败条件，分开“当时制度或实践”与“后来的回忆或分类”？ 哪一层叙述来自当时，哪一层来自后来的整理？","true","false","","direction-owned-direction-case"
"discipline-supervision-1","discipline-supervision","society","规范版本、程序条件与公开案例范围","纪检监察理论研究档案：制度版本、公开案例与整改记录；法域、条文版本和事实要件。需对照的具体条目：监督概念、权限边界与制度理由","「纪检监察理论」：在纪检监察理论中，怎样核对监督概念、权限边界与制度理由，分开“适用要件差异”与“法域或版本变化”？","true","false","","direction-owned-direction-case"
"discipline-supervision-2","discipline-supervision","society","规范版本、程序条件与公开案例范围","监察制度史研究档案：同时代记载与后期整理本的年代对照；相关领域文献对“制度版本、公开案例与整改记录”的用语与记录方式；年代、出处和同时代对照；法域、条文版本和事实要件。需对照的具体条目：条文来源、权限分配与执行差异","「监察制度史」：在监察制度史中，怎样核对条文来源、权限分配与执行差异，分开“当时制度或实践”与“后来的回忆或分类”？ 哪一层叙述来自当时，哪一层来自后来的整理？","true","false","","direction-owned-direction-case"
"discipline-supervision-3","discipline-supervision","law","规范版本、程序条件与公开案例范围","监察法学研究档案：规范版本、争议事实和适用要件；相关领域文献对“制度版本、公开案例与整改记录”的用语与记录方式；法域、条文版本和事实要件。需对照监督制度与公开程序中的定义、对象索引与适用条件","「监察法学」：在监察法学中，怎样核对制度版本、公开案例与整改记录，分开“适用要件差异”与“法域或版本变化”？ 这一事实对应哪个要件，是否混淆了法域？","true","false","","direction-owned-direction-case"
"discipline-supervision-4","discipline-supervision","society","规范版本、程序条件与公开案例范围","监督制度比较研究档案：制度版本、公开案例与整改记录；年代、出处和同时代对照；法域、条文版本和事实要件；正式文本、执行条件与被排除的对象。需对照的具体条目：条文来源、权限分配与执行差异","「监督制度比较」：在监督制度比较中，怎样核对条文来源、权限分配与执行差异，分开“当时制度或实践”与“后来的回忆或分类”？ 文本已经改变，实际机会和执行是否也改变了？","true","false","","direction-owned-direction-case"
"discipline-supervision-5","discipline-supervision","education","规范版本、程序条件与公开案例范围","廉洁教育研究档案：教学任务、学生作答与撤去帮助后的新题；相关领域文献对“制度版本、公开案例与整改记录”的用语与记录方式；任务目标、辅助条件和延迟表现。需对照监督制度与公开程序中的定义、对象索引与适用条件","「廉洁教育」：在廉洁教育中，怎样核对制度版本、公开案例与整改记录，分开“独立学习改善”与“辅助或练习效应”？ 当场做对与真正能迁移，材料分别支持哪一个？","true","false","","direction-owned-direction-case"
"discipline-supervision-6","discipline-supervision","society","规范版本、程序条件与公开案例范围","监督组织研究研究档案：制度版本、公开案例与整改记录；对象进入、角色关系和机会结构；法域、条文版本和事实要件；正式文本、执行条件与被排除的对象。需对照的具体条目：角色分工、资源联系与实际协调","「监督组织研究」：在监督组织研究中，怎样核对角色分工、资源联系与实际协调，分开“行为或关系改变”与“进入机会或结构改变”？ 文本已经改变，实际机会和执行是否也改变了？","true","false","","direction-owned-direction-case"
"discipline-supervision-7","discipline-supervision","society","规范版本、程序条件与公开案例范围","公开案例研究研究档案：制度版本、公开案例与整改记录；法域、条文版本和事实要件。需对照的具体条目：公开事实、删节位置与推断范围","「公开案例研究」：在公开案例研究中，怎样核对公开事实、删节位置与推断范围，分开“适用要件差异”与“法域或版本变化”？","true","false","","direction-owned-direction-case"
"discipline-supervision-8","discipline-supervision","society","规范版本、程序条件与公开案例范围","监察程序研究研究档案：制度版本、公开案例与整改记录；法域、条文版本和事实要件。需对照的具体条目：程序节点、陈述机会与理由记录","「监察程序研究」：在监察程序研究中，怎样核对程序节点、陈述机会与理由记录，分开“适用要件差异”与“法域或版本变化”？","true","false","","direction-owned-direction-case"
"discipline-supervision-9","discipline-supervision","society","规范版本、程序条件与公开案例范围","监督评价资料研究档案：制度版本、公开案例与整改记录；法域、条文版本和事实要件。需对照的具体条目：评价定义、信息可得性与执行差异","「监督评价资料」：在监督评价资料中，怎样核对评价定义、信息可得性与执行差异，分开“适用要件差异”与“法域或版本变化”？","true","false","","direction-owned-direction-case"
"discipline-supervision-10","discipline-supervision","society","规范版本、程序条件与公开案例范围","制度执行研究研究档案：制度版本、公开案例与整改记录；正式规则、实际执行和行为者立场；公开文件、责任分配和资源约束；正式文本、执行条件与被排除的对象。需对照的具体条目：条文来源、权限分配与执行差异","「制度执行研究」：在制度执行研究中，怎样核对条文来源、权限分配与执行差异，分开“制度实践变化”与“文本或表述变化”？ 文本已经改变，实际机会和执行是否也改变了？","true","false","","direction-owned-direction-case"
"discipline-supervision-11","discipline-supervision","society","规范版本、程序条件与公开案例范围","廉洁文化研究档案：行动者理由、利益负担与提出异议的记录；相关领域文献对“制度版本、公开案例与整改记录”的用语与记录方式；受益负担、行动理由和申诉机会。需对照的具体条目：实践语境、符号用法与传承位置","「廉洁文化」：在廉洁文化中，怎样核对实践语境、符号用法与传承位置，分开“可辩护的规范理由”与“偏好数量代替理由”？ 谁承担了负担，现有理由怎样回应他的异议？","true","false","","direction-owned-direction-case"
"discipline-supervision-12","discipline-supervision","society","规范版本、程序条件与公开案例范围","纪检监察文献研究档案：逐页出处、底本差异和缺页索引；相关领域文献对“制度版本、公开案例与整改记录”的用语与记录方式；底本出处、异文位置和编订层次；法域、条文版本和事实要件。需对照监督制度与公开程序中的定义、对象索引与适用条件","「纪检监察文献」：在纪检监察文献中，怎样核对制度版本、公开案例与整改记录，分开“原始用法差异”与“编订或传承差异”？ 这个说法在原材料的哪一页，另一版本为何不同？","true","false","","direction-owned-direction-case"
"social-work-studies-1","social-work-studies","society","服务目标、参与过程与授权范围","社会工作理论研究档案：服务目标、参与路径与授权范围；对象进入、角色关系和机会结构；需求、服务资格和未进入服务者。需对照的具体条目：需要概念、服务关系与干预理由","「社会工作理论」：在社会工作理论中，怎样核对需要概念、服务关系与干预理由，分开“行为或关系改变”与“进入机会或结构改变”？","true","false","fieldwork","direction-owned-direction-case"
"social-work-studies-2","social-work-studies","society","服务目标、参与过程与授权范围","个案工作研究研究档案：服务目标、参与路径与授权范围；对象需求、服务资格和协作记录。需对照的具体条目：个体历程、服务计划与合作关系","「个案工作研究」：在个案工作研究中，怎样核对个体历程、服务计划与合作关系，分开“需要得到回应”与“资格或进入机会变化”？","true","false","fieldwork","direction-owned-direction-case"
"social-work-studies-3","social-work-studies","society","服务目标、参与过程与授权范围","小组工作研究研究档案：服务目标、参与路径与授权范围；对象需求、服务资格和协作记录。需对照的具体条目：成员进入、互动过程与小组目标","「小组工作研究」：在小组工作研究中，怎样核对成员进入、互动过程与小组目标，分开“需要得到回应”与“资格或进入机会变化”？","true","false","fieldwork","direction-owned-direction-case"
"social-work-studies-4","social-work-studies","society","服务目标、参与过程与授权范围","社区工作研究研究档案：服务目标、参与路径与授权范围；对象进入、角色关系和机会结构。需对照的具体条目：进入机会、空间路径与地方制度","「社区工作研究」：在社区工作研究中，怎样核对进入机会、空间路径与地方制度，分开“行为或关系改变”与“进入机会或结构改变”？","true","false","fieldwork","direction-owned-direction-case"
"social-work-studies-5","social-work-studies","society","服务目标、参与过程与授权范围","儿童与家庭服务研究档案：服务目标、参与路径与授权范围；对象进入、角色关系和机会结构。需对照的具体条目：亲属角色、家务分担与资源流动；发展阶段、照护关系与适龄任务","「儿童与家庭服务」：在儿童与家庭服务中，怎样核对亲属角色、家务分担与资源流动，分开“行为或关系改变”与“进入机会或结构改变”？","true","false","fieldwork","direction-owned-direction-case"
"social-work-studies-6","social-work-studies","society","服务目标、参与过程与授权范围","老年社会服务研究档案：服务目标、参与路径与授权范围；对象进入、角色关系和机会结构。需对照社会服务与参与中的定义、对象索引与适用条件","「老年社会服务」：在老年社会服务中，怎样核对服务目标、参与路径与授权范围，分开“行为或关系改变”与“进入机会或结构改变”？","true","false","fieldwork","direction-owned-direction-case"
"social-work-studies-7","social-work-studies","education","服务目标、参与过程与授权范围","社会工作教育研究档案：教学任务、学生作答与撤去帮助后的新题；相关领域文献对“服务目标、参与路径与授权范围”的用语与记录方式；任务目标、辅助条件和延迟表现。需对照社会服务与参与中的定义、对象索引与适用条件","「社会工作教育」：在社会工作教育中，怎样核对服务目标、参与路径与授权范围，分开“独立学习改善”与“辅助或练习效应”？ 当场做对与真正能迁移，材料分别支持哪一个？","true","false","fieldwork","direction-owned-direction-case"
"social-work-studies-8","social-work-studies","society","服务目标、参与过程与授权范围","社会服务评价研究档案：服务目标、参与路径与授权范围；对象进入、角色关系和机会结构；需求、服务资格和未进入服务者。需对照的具体条目：服务资格、实际交付与未获服务者；目标需要、实际覆盖与退出对象","「社会服务评价」：在社会服务评价中，怎样核对目标需要、实际覆盖与退出对象，分开“行为或关系改变”与“进入机会或结构改变”？","true","false","fieldwork","direction-owned-direction-case"
"social-work-studies-9","social-work-studies","society","服务目标、参与过程与授权范围","社会工作伦理研究档案：行动者理由、利益负担与提出异议的记录；相关领域文献对“服务目标、参与路径与授权范围”的用语与记录方式；受益负担、行动理由和申诉机会。需对照的具体条目：行动理由、受益负担与申诉机会","「社会工作伦理」：在社会工作伦理中，怎样核对行动理由、受益负担与申诉机会，分开“可辩护的规范理由”与“偏好数量代替理由”？ 谁承担了负担，现有理由怎样回应他的异议？","true","false","fieldwork","direction-owned-direction-case"
"social-work-studies-10","social-work-studies","society","服务目标、参与过程与授权范围","社会组织协作研究档案：服务目标、参与路径与授权范围；节点口径、边含义和缺失连接；对象进入、角色关系和机会结构；正式文本、执行条件与被排除的对象。需对照的具体条目：角色分工、资源联系与实际协调","「社会组织协作」：在社会组织协作中，怎样核对角色分工、资源联系与实际协调，分开“实际关系改变”与“采集范围改变”？ 文本已经改变，实际机会和执行是否也改变了？","true","false","fieldwork","direction-owned-direction-case"
"social-work-studies-11","social-work-studies","society","服务目标、参与过程与授权范围","社会工作史研究档案：同时代记载与后期整理本的年代对照；相关领域文献对“服务目标、参与路径与授权范围”的用语与记录方式；年代、出处和同时代对照；同时代资料、后期整理和出处链。需对照社会服务与参与中的定义、对象索引与适用条件","「社会工作史」：在社会工作史中，怎样核对服务目标、参与路径与授权范围，分开“当时制度或实践”与“后来的回忆或分类”？ 哪一层叙述来自当时，哪一层来自后来的整理？","true","false","fieldwork","direction-owned-direction-case"
"social-work-studies-12","social-work-studies","society","服务目标、参与过程与授权范围","服务可及性研究档案：服务目标、参与路径与授权范围；需求、服务资格和未进入服务者；任务路径、迭代版本和错误恢复记录。需对照社会服务与参与中的定义、对象索引与适用条件","「服务可及性」：在服务可及性中，怎样核对服务目标、参与路径与授权范围，分开“需求得到满足”与“门槛或登记改变”？ 这次变好是设计改进，还是使用者得到更多帮助？","true","false","fieldwork","direction-owned-direction-case"
"intellectual-property-1","intellectual-property","law","权利范围、事实情境与规则版本","专利法研究研究档案：规范版本、争议事实和适用要件；相关领域文献对“权利要求、作品版本与许可范围”的用语与记录方式；法域、条文版本和事实要件；保护对象、权利范围和使用方式。需对照的具体条目：权利要求、技术特征与适用版本","「专利法研究」：在专利法研究中，怎样核对权利要求、技术特征与适用版本，分开“适用要件差异”与“法域或版本变化”？ 这一事实对应哪个要件，是否混淆了法域？","true","false","ip","direction-owned-direction-case"
"intellectual-property-2","intellectual-property","society","权利范围、事实情境与规则版本","著作权研究研究档案：规范版本、争议事实和适用要件；相关领域文献对“权利要求、作品版本与许可范围”的用语与记录方式；法域、条文版本和事实要件；保护对象、权利范围和使用方式。需对照的具体条目：作品表达、使用方式与许可条件","「著作权研究」：在著作权研究中，怎样核对作品表达、使用方式与许可条件，分开“适用要件差异”与“法域或版本变化”？ 这一事实对应哪个要件，是否混淆了法域？","true","false","ip","direction-owned-direction-case"
"intellectual-property-3","intellectual-property","law","权利范围、事实情境与规则版本","商标法研究研究档案：规范版本、争议事实和适用要件；相关领域文献对“权利要求、作品版本与许可范围”的用语与记录方式；法域、条文版本和事实要件；保护对象、权利范围和使用方式。需对照的具体条目：标志、使用场景与混淆判断条件","「商标法研究」：在商标法研究中，怎样核对标志、使用场景与混淆判断条件，分开“适用要件差异”与“法域或版本变化”？ 这一事实对应哪个要件，是否混淆了法域？","true","false","","direction-owned-direction-case"
"intellectual-property-4","intellectual-property","society","权利范围、事实情境与规则版本","商业秘密制度研究档案：权利要求、作品版本与许可范围；保护对象、权利范围和使用方式；正式规则、实际执行和行为者立场；正式文本、执行条件与被排除的对象。需对照的具体条目：条文来源、权限分配与执行差异","「商业秘密制度」：在商业秘密制度中，怎样核对条文来源、权限分配与执行差异，分开“范围内的使用争议”与“混同对象与范围”？ 文本已经改变，实际机会和执行是否也改变了？","true","false","","direction-owned-direction-case"
"intellectual-property-5","intellectual-property","society","权利范围、事实情境与规则版本","知识产权史研究档案：同时代记载与后期整理本的年代对照；相关领域文献对“权利要求、作品版本与许可范围”的用语与记录方式；年代、出处和同时代对照；保护对象、权利范围和使用方式。需对照权利范围与作品技术中的定义、对象索引与适用条件","「知识产权史」：在知识产权史中，怎样核对权利要求、作品版本与许可范围，分开“当时制度或实践”与“后来的回忆或分类”？ 哪一层叙述来自当时，哪一层来自后来的整理？","true","false","ip","direction-owned-direction-case"
"intellectual-property-6","intellectual-property","society","权利范围、事实情境与规则版本","技术许可研究研究档案：权利要求、作品版本与许可范围；法域、条文版本和事实要件。需对照的具体条目：工具版本、使用任务与适用承诺","「技术许可研究」：在技术许可研究中，怎样核对工具版本、使用任务与适用承诺，分开“适用要件差异”与“法域或版本变化”？","true","false","","direction-owned-direction-case"
"intellectual-property-7","intellectual-property","society","权利范围、事实情境与规则版本","文化版权研究研究档案：权利要求、作品版本与许可范围；保护对象、权利范围和使用方式。需对照的具体条目：作品表达、使用方式与许可条件；实践语境、符号用法与传承位置","「文化版权研究」：在文化版权研究中，怎样核对作品表达、使用方式与许可条件，分开“范围内的使用争议”与“混同对象与范围”？","true","false","","direction-owned-direction-case"
"intellectual-property-8","intellectual-property","society","权利范围、事实情境与规则版本","数字版权研究档案：权利要求、作品版本与许可范围；保护对象、权利范围和使用方式。需对照的具体条目：作品表达、使用方式与许可条件；编码规则、平台入口与不可见记录","「数字版权」：在数字版权中，怎样核对作品表达、使用方式与许可条件，分开“范围内的使用争议”与“混同对象与范围”？","true","false","","direction-owned-direction-case"
"intellectual-property-9","intellectual-property","society","权利范围、事实情境与规则版本","知识产权评价研究档案：权利要求、作品版本与许可范围；保护对象、权利范围和使用方式。需对照的具体条目：权利范围、使用情境与评价目的","「知识产权评价」：在知识产权评价中，怎样核对权利范围、使用情境与评价目的，分开“范围内的使用争议”与“混同对象与范围”？","true","false","ip","direction-owned-direction-case"
"intellectual-property-10","intellectual-property","society","权利范围、事实情境与规则版本","国际知识产权研究档案：权利要求、作品版本与许可范围；保护对象、权利范围和使用方式；各方定义、资料来源和桥接规则。需对照的具体条目：地区制度、指标译法与比较资格","「国际知识产权」：在国际知识产权中，怎样核对地区制度、指标译法与比较资格，分开“范围内的使用争议”与“混同对象与范围”？ 名称相同是否真的意味着比较对象相同？","true","false","ip","direction-owned-direction-case"
"intellectual-property-11","intellectual-property","policy","权利范围、事实情境与规则版本","公共领域研究研究档案：权利要求、作品版本与许可范围；保护对象、权利范围和使用方式。需对照的具体条目：权利期限、可用表达与使用限制","「公共领域研究」：在公共领域研究中，怎样核对权利期限、可用表达与使用限制，分开“范围内的使用争议”与“混同对象与范围”？","true","false","","direction-owned-direction-case"
"intellectual-property-12","intellectual-property","education","权利范围、事实情境与规则版本","知识产权教育研究档案：教学任务、学生作答与撤去帮助后的新题；相关领域文献对“权利要求、作品版本与许可范围”的用语与记录方式；任务目标、辅助条件和延迟表现。需对照权利范围与作品技术中的定义、对象索引与适用条件","「知识产权教育」：在知识产权教育中，怎样核对权利要求、作品版本与许可范围，分开“独立学习改善”与“辅助或练习效应”？ 当场做对与真正能迁移，材料分别支持哪一个？","true","false","ip","direction-owned-direction-case"
"psychology-studies-1","psychology-studies","psychology","测量构念、任务条件与参与者层次","基础心理学研究档案：构念边界、任务条件与评分规则；任务版本、构念定义和状态条件。需对照的具体条目：任务版本、状态条件与构念定义；构念定义、任务版本与实验条件","「基础心理学」：在基础心理学中，怎样核对构念定义、任务版本与实验条件，分开“构念相关变化”与“任务或状态变化”？","true","false","psychology","direction-owned-direction-case"
"psychology-studies-2","psychology-studies","psychology","测量构念、任务条件与参与者层次","认知心理学研究档案：构念边界、任务条件与评分规则；任务版本、构念定义和状态条件。需对照的具体条目：任务版本、状态条件与构念定义；任务难度、注意条件与策略选择","「认知心理学」：在认知心理学中，怎样核对任务版本、状态条件与构念定义，分开“构念相关变化”与“任务或状态变化”？","true","false","psychology","direction-owned-direction-case"
"psychology-studies-3","psychology-studies","psychology","测量构念、任务条件与参与者层次","发展心理学研究档案：构念边界、任务条件与评分规则；任务版本、构念定义和状态条件。需对照的具体条目：任务版本、状态条件与构念定义；发展阶段、任务适龄性与观察历程","「发展心理学」：在发展心理学中，怎样核对发展阶段、任务适龄性与观察历程，分开“构念相关变化”与“任务或状态变化”？","true","false","psychology","direction-owned-direction-case"
"psychology-studies-4","psychology-studies","education","测量构念、任务条件与参与者层次","教育心理学研究档案：教学任务、学生作答与撤去帮助后的新题；相关领域文献对“构念边界、任务条件与评分规则”的用语与记录方式；任务目标、辅助条件和延迟表现；任务版本、构念定义和状态条件。需对照的具体条目：任务版本、状态条件与构念定义","「教育心理学」：在教育心理学中，怎样核对任务版本、状态条件与构念定义，分开“独立学习改善”与“辅助或练习效应”？ 当场做对与真正能迁移，材料分别支持哪一个？","true","false","psychology","direction-owned-direction-case"
"psychology-studies-5","psychology-studies","psychology","测量构念、任务条件与参与者层次","社会心理学研究档案：构念边界、任务条件与评分规则；对象进入、角色关系和机会结构；任务版本、构念定义和状态条件。需对照的具体条目：任务版本、状态条件与构念定义","「社会心理学」：在社会心理学中，怎样核对任务版本、状态条件与构念定义，分开“行为或关系改变”与“进入机会或结构改变”？","true","false","psychology","direction-owned-direction-case"
"psychology-studies-6","psychology-studies","psychology","测量构念、任务条件与参与者层次","人格心理学研究档案：构念边界、任务条件与评分规则；任务版本、构念定义和状态条件。需对照的具体条目：任务版本、状态条件与构念定义；稳定差异、状态波动与量表口径","「人格心理学」：在人格心理学中，怎样核对稳定差异、状态波动与量表口径，分开“构念相关变化”与“任务或状态变化”？","true","false","psychology","direction-owned-direction-case"
"psychology-studies-7","psychology-studies","measurement-scale","测量构念、任务条件与参与者层次","心理测量研究档案：构念边界、任务条件与评分规则；任务版本、构念定义和状态条件；参考依据、重复读数和误差分项。需对照的具体条目：任务版本、状态条件与构念定义","「心理测量」：在心理测量中，怎样核对任务版本、状态条件与构念定义，分开“构念相关变化”与“任务或状态变化”？ 读数差异来自被测对象，还是测量链的变化？","true","false","psychology","direction-owned-direction-case"
"psychology-studies-8","psychology-studies","psychology","测量构念、任务条件与参与者层次","心理统计研究档案：构念边界、任务条件与评分规则；任务版本、构念定义和状态条件。需对照的具体条目：任务版本、状态条件与构念定义；独立单位、测量误差与模型条件","「心理统计」：在心理统计中，怎样核对独立单位、测量误差与模型条件，分开“构念相关变化”与“任务或状态变化”？","true","false","psychology","direction-owned-direction-case"
"psychology-studies-9","psychology-studies","psychology","测量构念、任务条件与参与者层次","组织心理学研究档案：构念边界、任务条件与评分规则；对象进入、角色关系和机会结构；任务版本、构念定义和状态条件；正式文本、执行条件与被排除的对象。需对照的具体条目：任务版本、状态条件与构念定义；角色分工、资源联系与实际协调","「组织心理学」：在组织心理学中，怎样核对任务版本、状态条件与构念定义，分开“行为或关系改变”与“进入机会或结构改变”？ 文本已经改变，实际机会和执行是否也改变了？","true","false","psychology","direction-owned-direction-case"
"psychology-studies-10","psychology-studies","psychology","测量构念、任务条件与参与者层次","健康心理资料研究档案：构念边界、任务条件与评分规则；任务版本、构念定义和状态条件。需对照的具体条目：任务版本、状态条件与构念定义；应对情境、心理负担与生活功能","「健康心理资料」：在健康心理资料中，怎样核对应对情境、心理负担与生活功能，分开“构念相关变化”与“任务或状态变化”？","true","false","psychology","direction-owned-direction-case"
"psychology-studies-11","psychology-studies","psychology","测量构念、任务条件与参与者层次","咨询过程研究研究档案：构念边界、任务条件与评分规则；任务版本、构念定义和状态条件；时间戳、状态阶段和变化前后的并列记录。需对照心理任务与测量解释中的定义、对象索引与适用条件","「咨询过程研究」：在咨询过程研究中，怎样核对构念边界、任务条件与评分规则，分开“构念相关变化”与“任务或状态变化”？ 变化先后关系是否与提出的解释相符？","true","false","psychology","direction-owned-direction-case"
"psychology-studies-12","psychology-studies","psychology","测量构念、任务条件与参与者层次","心理学史研究档案：同时代记载与后期整理本的年代对照；相关领域文献对“构念边界、任务条件与评分规则”的用语与记录方式；年代、出处和同时代对照；同时代资料、后期整理和出处链。需对照的具体条目：任务版本、状态条件与构念定义","「心理学史」：在心理学史中，怎样核对任务版本、状态条件与构念定义，分开“当时制度或实践”与“后来的回忆或分类”？ 哪一层叙述来自当时，哪一层来自后来的整理？","true","false","psychology","direction-owned-direction-case"
"sport-studies-1","sport-studies","sport","训练暴露、测量时点与活动情境","体育人文社会学研究档案：参与范围、运动暴露与技能评价；对象进入、角色关系和机会结构；训练暴露、恢复阶段和任务表现。需对照的具体条目：训练暴露、恢复阶段与测试熟悉","「体育人文社会学」：在体育人文社会学中，怎样核对训练暴露、恢复阶段与测试熟悉，分开“行为或关系改变”与“进入机会或结构改变”？","true","false","","direction-owned-direction-case"
"sport-studies-2","sport-studies","sport","训练暴露、测量时点与活动情境","运动人体科学研究档案：参与范围、运动暴露与技能评价；训练暴露、恢复阶段和任务表现。需对照的具体条目：训练暴露、恢复阶段与测试熟悉；生理状态、运动负荷与恢复条件","「运动人体科学」：在运动人体科学中，怎样核对生理状态、运动负荷与恢复条件，分开“可迁移训练收益”与“熟悉或恢复差异”？","true","false","rehab","direction-owned-direction-case"
"sport-studies-3","sport-studies","education","训练暴露、测量时点与活动情境","体育教育训练学研究档案：教学任务、学生作答与撤去帮助后的新题；相关领域文献对“参与范围、运动暴露与技能评价”的用语与记录方式；任务目标、辅助条件和延迟表现。需对照的具体条目：训练暴露、恢复阶段与测试熟悉","「体育教育训练学」：在体育教育训练学中，怎样核对训练暴露、恢复阶段与测试熟悉，分开“独立学习改善”与“辅助或练习效应”？ 当场做对与真正能迁移，材料分别支持哪一个？","true","false","rehab","direction-owned-direction-case"
"sport-studies-4","sport-studies","sport","训练暴露、测量时点与活动情境","民族传统体育学研究档案：同时代记载与后期整理本的年代对照；相关领域文献对“参与范围、运动暴露与技能评价”的用语与记录方式；年代、出处和同时代对照；交往位置、叙述轮次和观察情境。需对照的具体条目：身份称谓、互动位置与传承实践；训练暴露、恢复阶段与测试熟悉","「民族传统体育学」：在民族传统体育学中，怎样核对身份称谓、互动位置与传承实践，分开“当时制度或实践”与“后来的回忆或分类”？ 哪一层叙述来自当时，哪一层来自后来的整理？","true","false","","direction-owned-direction-case"
"sport-studies-5","sport-studies","education","训练暴露、测量时点与活动情境","运动学习研究档案：参与范围、运动暴露与技能评价；任务目标、辅助条件和延迟表现；训练暴露、恢复阶段和任务表现。需对照的具体条目：目标任务、辅助条件与延迟迁移；训练暴露、恢复阶段与测试熟悉","「运动学习」：在运动学习中，怎样核对目标任务、辅助条件与延迟迁移，分开“独立学习改善”与“辅助或练习效应”？","true","false","rehab","direction-owned-direction-case"
"sport-studies-6","sport-studies","psychology","训练暴露、测量时点与活动情境","运动心理资料研究档案：参与范围、运动暴露与技能评价；任务版本、构念定义和状态条件；训练暴露、恢复阶段和任务表现。需对照的具体条目：任务版本、状态条件与构念定义；训练暴露、恢复阶段与测试熟悉","「运动心理资料」：在运动心理资料中，怎样核对任务版本、状态条件与构念定义，分开“构念相关变化”与“任务或状态变化”？","true","false","rehab","direction-owned-direction-case"
"sport-studies-7","sport-studies","education","训练暴露、测量时点与活动情境","体育课程研究档案：教学任务、学生作答与撤去帮助后的新题；相关领域文献对“参与范围、运动暴露与技能评价”的用语与记录方式；任务目标、辅助条件和延迟表现。需对照的具体条目：目标任务、辅助条件与延迟迁移；训练暴露、恢复阶段与测试熟悉","「体育课程」：在体育课程中，怎样核对目标任务、辅助条件与延迟迁移，分开“独立学习改善”与“辅助或练习效应”？ 当场做对与真正能迁移，材料分别支持哪一个？","true","false","","direction-owned-direction-case"
"sport-studies-8","sport-studies","sport","训练暴露、测量时点与活动情境","大众体育研究档案：参与范围、运动暴露与技能评价；训练暴露、恢复阶段和任务表现。需对照的具体条目：训练暴露、恢复阶段与测试熟悉；参与机会、活动目标与未参与者","「大众体育」：在大众体育中，怎样核对参与机会、活动目标与未参与者，分开“可迁移训练收益”与“熟悉或恢复差异”？","true","false","","direction-owned-direction-case"
"sport-studies-9","sport-studies","sport","训练暴露、测量时点与活动情境","适应体育研究档案：参与范围、运动暴露与技能评价；训练暴露、恢复阶段和任务表现。需对照的具体条目：训练暴露、恢复阶段与测试熟悉；支持需要、实际参与与环境障碍","「适应体育」：在适应体育中，怎样核对训练暴露、恢复阶段与测试熟悉，分开“可迁移训练收益”与“熟悉或恢复差异”？","true","false","","direction-owned-direction-case"
"sport-studies-10","sport-studies","sport","训练暴露、测量时点与活动情境","体育赛事研究研究档案：参与范围、运动暴露与技能评价；训练暴露、恢复阶段和任务表现。需对照的具体条目：训练暴露、恢复阶段与测试熟悉；赛事规则、参与资格与观众体验","「体育赛事研究」：在体育赛事研究中，怎样核对赛事规则、参与资格与观众体验，分开“可迁移训练收益”与“熟悉或恢复差异”？","true","false","","direction-owned-direction-case"
"sport-studies-11","sport-studies","sport","训练暴露、测量时点与活动情境","运动测量研究档案：参与范围、运动暴露与技能评价；训练暴露、恢复阶段和任务表现；参考依据、重复读数和误差分项。需对照的具体条目：训练暴露、恢复阶段与测试熟悉","「运动测量」：在运动测量中，怎样核对训练暴露、恢复阶段与测试熟悉，分开“可迁移训练收益”与“熟悉或恢复差异”？ 读数差异来自被测对象，还是测量链的变化？","true","false","rehab","direction-owned-direction-case"
"sport-studies-12","sport-studies","sport","训练暴露、测量时点与活动情境","体育史研究档案：同时代记载与后期整理本的年代对照；相关领域文献对“参与范围、运动暴露与技能评价”的用语与记录方式；年代、出处和同时代对照；同时代资料、后期整理和出处链。需对照的具体条目：训练暴露、恢复阶段与测试熟悉","「体育史」：在体育史中，怎样核对训练暴露、恢复阶段与测试熟悉，分开“当时制度或实践”与“后来的回忆或分类”？ 哪一层叙述来自当时，哪一层来自后来的整理？","true","false","","direction-owned-direction-case"
"chinese-education-1","chinese-education","education","学习阶段、语言背景与课堂任务","中文作为第二语言研究档案：母语背景、学习阶段与交际任务；发音或语境片段、形式对照和说话者背景。需对照的具体条目：中文原典、制度时期与地方用语","「中文作为第二语言」：在中文作为第二语言中，怎样核对中文原典、制度时期与地方用语，分开“语言结构或用法差异”与“任务或语境差异”？","true","false","","direction-owned-direction-case"
"chinese-education-2","chinese-education","education","学习阶段、语言背景与课堂任务","中文教学设计研究档案：教学任务、学生作答与撤去帮助后的新题；相关领域文献对“母语背景、学习阶段与交际任务”的用语与记录方式；任务目标、辅助条件和延迟表现。需对照的具体条目：目标任务、辅助条件与延迟迁移；中文原典、制度时期与地方用语；目标对齐、活动顺序与评价任务","「中文教学设计」：在中文教学设计中，怎样核对目标对齐、活动顺序与评价任务，分开“独立学习改善”与“辅助或练习效应”？ 当场做对与真正能迁移，材料分别支持哪一个？","true","false","","direction-owned-direction-case"
"chinese-education-3","chinese-education","education","学习阶段、语言背景与课堂任务","国际中文教材研究档案：教学任务、学生作答与撤去帮助后的新题；相关领域文献对“母语背景、学习阶段与交际任务”的用语与记录方式；任务目标、辅助条件和延迟表现。需对照的具体条目：中文原典、制度时期与地方用语；地区制度、指标译法与比较资格","「国际中文教材」：在国际中文教材中，怎样核对中文原典、制度时期与地方用语，分开“独立学习改善”与“辅助或练习效应”？ 当场做对与真正能迁移，材料分别支持哪一个？","true","false","","direction-owned-direction-case"
"chinese-education-4","chinese-education","education","学习阶段、语言背景与课堂任务","汉字学习研究档案：母语背景、学习阶段与交际任务；任务目标、辅助条件和延迟表现；发音或语境片段、形式对照和说话者背景。需对照的具体条目：目标任务、辅助条件与延迟迁移","「汉字学习」：在汉字学习中，怎样核对目标任务、辅助条件与延迟迁移，分开“独立学习改善”与“辅助或练习效应”？","true","false","","direction-owned-direction-case"
"chinese-education-5","chinese-education","education","学习阶段、语言背景与课堂任务","中文语音教学研究档案：教学任务、学生作答与撤去帮助后的新题；相关领域文献对“母语背景、学习阶段与交际任务”的用语与记录方式；任务目标、辅助条件和延迟表现；发音或语境片段、形式对照和说话者背景。需对照的具体条目：录音条件、最小对立与发音位置；目标任务、辅助条件与延迟迁移；中文原典、制度时期与地方用语","「中文语音教学」：在中文语音教学中，怎样核对录音条件、最小对立与发音位置，分开“独立学习改善”与“辅助或练习效应”？ 当场做对与真正能迁移，材料分别支持哪一个？","true","false","","direction-owned-direction-case"
"chinese-education-6","chinese-education","education","学习阶段、语言背景与课堂任务","课堂互动研究档案：母语背景、学习阶段与交际任务；学习机会、互动角色和环境支持。需对照中文学习与使用中的定义、对象索引与适用条件","「课堂互动」：在课堂互动中，怎样核对母语背景、学习阶段与交际任务，分开“实际参与改善”与“资源或角色改变”？","true","false","","direction-owned-direction-case"
"chinese-education-7","chinese-education","education","学习阶段、语言背景与课堂任务","中文学习评价研究档案：母语背景、学习阶段与交际任务；任务目标、辅助条件和延迟表现。需对照的具体条目：叙述声音、关键片段与版本语境；目标任务、辅助条件与延迟迁移；中文原典、制度时期与地方用语；目标构念、任务难度与评分规则","「中文学习评价」：在中文学习评价中，怎样核对目标构念、任务难度与评分规则，分开“独立学习改善”与“辅助或练习效应”？","true","false","","direction-owned-direction-case"
"chinese-education-8","chinese-education","education","学习阶段、语言背景与课堂任务","跨文化教学研究档案：教学任务、学生作答与撤去帮助后的新题；相关领域文献对“母语背景、学习阶段与交际任务”的用语与记录方式；任务目标、辅助条件和延迟表现。需对照的具体条目：目标任务、辅助条件与延迟迁移；实践语境、符号用法与传承位置","「跨文化教学」：在跨文化教学中，怎样核对目标任务、辅助条件与延迟迁移，分开“独立学习改善”与“辅助或练习效应”？ 当场做对与真正能迁移，材料分别支持哪一个？","true","false","","direction-owned-direction-case"
"chinese-education-9","chinese-education","education","学习阶段、语言背景与课堂任务","中文教师发展研究档案：教学任务、学生作答与撤去帮助后的新题；相关领域文献对“母语背景、学习阶段与交际任务”的用语与记录方式；任务目标、辅助条件和延迟表现。需对照的具体条目：中文原典、制度时期与地方用语；反馈时点、专业判断与课堂条件","「中文教师发展」：在中文教师发展中，怎样核对中文原典、制度时期与地方用语，分开“独立学习改善”与“辅助或练习效应”？ 当场做对与真正能迁移，材料分别支持哪一个？","true","false","","direction-owned-direction-case"
"chinese-education-10","chinese-education","education","学习阶段、语言背景与课堂任务","在线中文教育研究档案：教学任务、学生作答与撤去帮助后的新题；相关领域文献对“母语背景、学习阶段与交际任务”的用语与记录方式；任务目标、辅助条件和延迟表现。需对照的具体条目：中文原典、制度时期与地方用语","「在线中文教育」：在在线中文教育中，怎样核对中文原典、制度时期与地方用语，分开“独立学习改善”与“辅助或练习效应”？ 当场做对与真正能迁移，材料分别支持哪一个？","true","false","","direction-owned-direction-case"
"chinese-education-11","chinese-education","education","学习阶段、语言背景与课堂任务","学习者语料研究档案：母语背景、学习阶段与交际任务；任务目标、辅助条件和延迟表现。需对照的具体条目：目标任务、辅助条件与延迟迁移","「学习者语料」：在学习者语料中，怎样核对目标任务、辅助条件与延迟迁移，分开“独立学习改善”与“辅助或练习效应”？","true","false","","direction-owned-direction-case"
"chinese-education-12","chinese-education","education","学习阶段、语言背景与课堂任务","国际中文教育史研究档案：同时代记载与后期整理本的年代对照；相关领域文献对“母语背景、学习阶段与交际任务”的用语与记录方式；年代、出处和同时代对照；同时代资料、后期整理和出处链。需对照的具体条目：中文原典、制度时期与地方用语；地区制度、指标译法与比较资格","「国际中文教育史」：在国际中文教育史中，怎样核对中文原典、制度时期与地方用语，分开“当时制度或实践”与“后来的回忆或分类”？ 哪一层叙述来自当时，哪一层来自后来的整理？","true","false","","direction-owned-direction-case"
"publishing-studies-1","publishing-studies","media","文本版本、编辑过程与传播授权","出版史研究档案：同时代记载与后期整理本的年代对照；相关领域文献对“校样、授权链与读者使用”的用语与记录方式；年代、出处和同时代对照；生产记录、传播路径和接触机会。需对照出版版本与传播中的定义、对象索引与适用条件","「出版史」：在出版史中，怎样核对校样、授权链与读者使用，分开“当时制度或实践”与“后来的回忆或分类”？ 哪一层叙述来自当时，哪一层来自后来的整理？","true","false","media","direction-owned-direction-case"
"publishing-studies-2","publishing-studies","media","文本版本、编辑过程与传播授权","编辑学研究档案：校样、授权链与读者使用；生产记录、传播路径和接触机会。需对照的具体条目：稿件版本、编辑选择与读者任务","「编辑学」：在编辑学中，怎样核对稿件版本、编辑选择与读者任务，分开“传播过程改变”与“记录或受众构成变化”？","true","false","media","direction-owned-direction-case"
"publishing-studies-3","publishing-studies","media","文本版本、编辑过程与传播授权","学术出版研究档案：校样、授权链与读者使用；生产记录、传播路径和接触机会。需对照的具体条目：审稿流程、证据表达与传播范围","「学术出版」：在学术出版中，怎样核对审稿流程、证据表达与传播范围，分开“传播过程改变”与“记录或受众构成变化”？","true","false","media","direction-owned-direction-case"
"publishing-studies-4","publishing-studies","media","文本版本、编辑过程与传播授权","数字出版研究档案：校样、授权链与读者使用；生产记录、传播路径和接触机会。需对照的具体条目：编码规则、平台入口与不可见记录","「数字出版」：在数字出版中，怎样核对编码规则、平台入口与不可见记录，分开“传播过程改变”与“记录或受众构成变化”？","true","false","media","direction-owned-direction-case"
"publishing-studies-5","publishing-studies","media","文本版本、编辑过程与传播授权","出版版权研究档案：校样、授权链与读者使用；保护对象、权利范围和使用方式；生产记录、传播路径和接触机会。需对照的具体条目：作品表达、使用方式与许可条件","「出版版权」：在出版版权中，怎样核对作品表达、使用方式与许可条件，分开“范围内的使用争议”与“混同对象与范围”？","true","false","media","direction-owned-direction-case"
"publishing-studies-6","publishing-studies","media","文本版本、编辑过程与传播授权","出版经营资料研究档案：校样、授权链与读者使用；生产记录、传播路径和接触机会。需对照的具体条目：成本条目、销售渠道与读者覆盖","「出版经营资料」：在出版经营资料中，怎样核对成本条目、销售渠道与读者覆盖，分开“传播过程改变”与“记录或受众构成变化”？","true","false","media","direction-owned-direction-case"
"publishing-studies-7","publishing-studies","media","文本版本、编辑过程与传播授权","读者研究研究档案：校样、授权链与读者使用；材料选择、阅读路径和受众理解。需对照出版版本与传播中的定义、对象索引与适用条件","「读者研究」：在读者研究中，怎样核对校样、授权链与读者使用，分开“受众理解改善”与“材料或受众构成变化”？","true","false","media","direction-owned-direction-case"
"publishing-studies-8","publishing-studies","media","文本版本、编辑过程与传播授权","出版伦理研究档案：行动者理由、利益负担与提出异议的记录；相关领域文献对“校样、授权链与读者使用”的用语与记录方式；生产记录、传播路径和接触机会；受益负担、行动理由和申诉机会。需对照的具体条目：行动理由、受益负担与申诉机会","「出版伦理」：在出版伦理中，怎样核对行动理由、受益负担与申诉机会，分开“传播过程改变”与“记录或受众构成变化”？ 谁承担了负担，现有理由怎样回应他的异议？","true","false","media","direction-owned-direction-case"
"publishing-studies-9","publishing-studies","media","文本版本、编辑过程与传播授权","图书设计研究研究档案：校样、授权链与读者使用；材料选择、阅读路径和受众理解；任务路径、迭代版本和错误恢复记录。需对照出版版本与传播中的定义、对象索引与适用条件","「图书设计研究」：在图书设计研究中，怎样核对校样、授权链与读者使用，分开“受众理解改善”与“材料或受众构成变化”？ 这次变好是设计改进，还是使用者得到更多帮助？","true","false","media","direction-owned-direction-case"
"publishing-studies-10","publishing-studies","media","文本版本、编辑过程与传播授权","出版技术评价研究档案：校样、授权链与读者使用；生产记录、传播路径和接触机会。需对照的具体条目：工具版本、使用任务与适用承诺","「出版技术评价」：在出版技术评价中，怎样核对工具版本、使用任务与适用承诺，分开“传播过程改变”与“记录或受众构成变化”？","true","false","media","direction-owned-direction-case"
"publishing-studies-11","publishing-studies","education","文本版本、编辑过程与传播授权","出版教育研究档案：教学任务、学生作答与撤去帮助后的新题；相关领域文献对“校样、授权链与读者使用”的用语与记录方式；任务目标、辅助条件和延迟表现。需对照出版版本与传播中的定义、对象索引与适用条件","「出版教育」：在出版教育中，怎样核对校样、授权链与读者使用，分开“独立学习改善”与“辅助或练习效应”？ 当场做对与真正能迁移，材料分别支持哪一个？","true","false","media","direction-owned-direction-case"
"publishing-studies-12","publishing-studies","media","文本版本、编辑过程与传播授权","出版公共服务研究档案：校样、授权链与读者使用；生产记录、传播路径和接触机会。需对照的具体条目：服务门槛、资源可得性与未获服务者","「出版公共服务」：在出版公共服务中，怎样核对服务门槛、资源可得性与未获服务者，分开“传播过程改变”与“记录或受众构成变化”？","true","false","media","direction-owned-direction-case"
"museum-studies-1","museum-studies","heritage","藏品出处、展示语境与观众经验","博物馆学研究档案：公开来源、展陈取舍与观众提出的问题；相关领域文献对“入藏来源、展签与观众路径”的用语与记录方式；材料选择、阅读路径和受众理解。需对照的具体条目：机构任务、藏品来源与公众关系","「博物馆学」：在博物馆学中，怎样核对机构任务、藏品来源与公众关系，分开“受众理解改善”与“材料或受众构成变化”？ 展出的主张哪些有来源，哪些是解释或宣传？","true","false","museum","direction-owned-direction-case"
"museum-studies-2","museum-studies","heritage","藏品出处、展示语境与观众经验","藏品研究研究档案：入藏来源、展签与观众路径；来源链、材料状态和保存环境。需对照的具体条目：来源链、移交记录与展示语境","「藏品研究」：在藏品研究中，怎样核对来源链、移交记录与展示语境，分开“材料保存改善”与“环境或记录差异”？","true","false","","direction-owned-direction-case"
"museum-studies-3","museum-studies","heritage","藏品出处、展示语境与观众经验","展览策划研究档案：公开来源、展陈取舍与观众提出的问题；相关领域文献对“入藏来源、展签与观众路径”的用语与记录方式；材料选择、阅读路径和受众理解。需对照的具体条目：主题结构、选件理由与观看路径","「展览策划」：在展览策划中，怎样核对主题结构、选件理由与观看路径，分开“受众理解改善”与“材料或受众构成变化”？ 展出的主张哪些有来源，哪些是解释或宣传？","true","false","","direction-owned-direction-case"
"museum-studies-4","museum-studies","heritage","藏品出处、展示语境与观众经验","博物馆教育研究档案：教学任务、学生作答与撤去帮助后的新题；相关领域文献对“入藏来源、展签与观众路径”的用语与记录方式；任务目标、辅助条件和延迟表现。需对照藏品与展览中的定义、对象索引与适用条件","「博物馆教育」：在博物馆教育中，怎样核对入藏来源、展签与观众路径，分开“独立学习改善”与“辅助或练习效应”？ 当场做对与真正能迁移，材料分别支持哪一个？","true","false","museum","direction-owned-direction-case"
"museum-studies-5","museum-studies","heritage","藏品出处、展示语境与观众经验","藏品文献研究档案：逐页出处、底本差异和缺页索引；相关领域文献对“入藏来源、展签与观众路径”的用语与记录方式；底本出处、异文位置和编订层次。需对照的具体条目：来源链、移交记录与展示语境","「藏品文献」：在藏品文献中，怎样核对来源链、移交记录与展示语境，分开“原始用法差异”与“编订或传承差异”？ 这个说法在原材料的哪一页，另一版本为何不同？","true","false","","direction-owned-direction-case"
"museum-studies-6","museum-studies","heritage","藏品出处、展示语境与观众经验","博物馆史研究档案：同时代记载与后期整理本的年代对照；相关领域文献对“入藏来源、展签与观众路径”的用语与记录方式；年代、出处和同时代对照；材料选择、阅读路径和受众理解。需对照藏品与展览中的定义、对象索引与适用条件","「博物馆史」：在博物馆史中，怎样核对入藏来源、展签与观众路径，分开“当时制度或实践”与“后来的回忆或分类”？ 哪一层叙述来自当时，哪一层来自后来的整理？","true","false","museum","direction-owned-direction-case"
"museum-studies-7","museum-studies","heritage","藏品出处、展示语境与观众经验","数字博物馆研究档案：公开来源、展陈取舍与观众提出的问题；相关领域文献对“入藏来源、展签与观众路径”的用语与记录方式；转写规则、数字版本和原件对应；材料选择、阅读路径和受众理解。需对照的具体条目：编码规则、平台入口与不可见记录","「数字博物馆」：在数字博物馆中，怎样核对编码规则、平台入口与不可见记录，分开“原始材料中的关系”与“数字化选择造成的关系”？ 展出的主张哪些有来源，哪些是解释或宣传？","true","false","museum","direction-owned-direction-case"
"museum-studies-8","museum-studies","heritage","藏品出处、展示语境与观众经验","观众研究研究档案：入藏来源、展签与观众路径；材料选择、阅读路径和受众理解。需对照的具体条目：接触机会、理解路径与未参与者","「观众研究」：在观众研究中，怎样核对接触机会、理解路径与未参与者，分开“受众理解改善”与“材料或受众构成变化”？","true","false","","direction-owned-direction-case"
"museum-studies-9","museum-studies","heritage","藏品出处、展示语境与观众经验","社区博物馆研究档案：公开来源、展陈取舍与观众提出的问题；相关领域文献对“入藏来源、展签与观众路径”的用语与记录方式；材料选择、阅读路径和受众理解。需对照的具体条目：进入机会、空间路径与地方制度","「社区博物馆」：在社区博物馆中，怎样核对进入机会、空间路径与地方制度，分开“受众理解改善”与“材料或受众构成变化”？ 展出的主张哪些有来源，哪些是解释或宣传？","true","false","museum","direction-owned-direction-case"
"museum-studies-10","museum-studies","heritage","藏品出处、展示语境与观众经验","藏品来源研究研究档案：逐页出处、底本差异和缺页索引；相关领域文献对“入藏来源、展签与观众路径”的用语与记录方式；来源链、材料状态和保存环境。需对照的具体条目：来源链、移交记录与展示语境","「藏品来源研究」：在藏品来源研究中，怎样核对来源链、移交记录与展示语境，分开“材料保存改善”与“环境或记录差异”？ 这个说法在原材料的哪一页，另一版本为何不同？","true","false","","direction-owned-direction-case"
"museum-studies-11","museum-studies","heritage","藏品出处、展示语境与观众经验","展签写作研究档案：公开来源、展陈取舍与观众提出的问题；相关领域文献对“入藏来源、展签与观众路径”的用语与记录方式；材料选择、阅读路径和受众理解。需对照的具体条目：出处说明、文字难度与观众理解","「展签写作」：在展签写作中，怎样核对出处说明、文字难度与观众理解，分开“受众理解改善”与“材料或受众构成变化”？ 展出的主张哪些有来源，哪些是解释或宣传？","true","false","","direction-owned-direction-case"
"museum-studies-12","museum-studies","heritage","藏品出处、展示语境与观众经验","博物馆伦理研究档案：行动者理由、利益负担与提出异议的记录；相关领域文献对“入藏来源、展签与观众路径”的用语与记录方式；受益负担、行动理由和申诉机会；材料选择、阅读路径和受众理解。需对照的具体条目：行动理由、受益负担与申诉机会","「博物馆伦理」：在博物馆伦理中，怎样核对行动理由、受益负担与申诉机会，分开“可辩护的规范理由”与“偏好数量代替理由”？ 谁承担了负担，现有理由怎样回应他的异议？","true","false","museum","direction-owned-direction-case"
"atmospheric-science-1","atmospheric-science","physics","观测站点、时间尺度与模式条件","气象学研究档案：站点时序、环流条件与模式初值；基准时期、空间范围和异常序列。需对照的具体条目：站点位置、观测时次与天气过程；天气系统、站点时次与观测变量","「气象学」：在气象学中，怎样核对天气系统、站点时次与观测变量，分开“持续气候信号”与“短期变率或基准差异”？","true","false","weather","direction-owned-direction-case"
"atmospheric-science-2","atmospheric-science","physics","观测站点、时间尺度与模式条件","大气物理研究档案：站点时序、环流条件与模式初值；基准时期、空间范围和异常序列。需对照天气、气候与站点中的定义、对象索引与适用条件","「大气物理」：在大气物理中，怎样核对站点时序、环流条件与模式初值，分开“持续气候信号”与“短期变率或基准差异”？","true","false","weather","direction-owned-direction-case"
"atmospheric-science-3","atmospheric-science","chemistry","观测站点、时间尺度与模式条件","大气化学研究档案：站点时序、环流条件与模式初值；物种指认、平衡条件和测量信号；基准时期、空间范围和异常序列。需对照天气、气候与站点中的定义、对象索引与适用条件","「大气化学」：在大气化学中，怎样核对站点时序、环流条件与模式初值，分开“真实组成差异”与“指认或响应差异”？","true","false","weather","direction-owned-direction-case"
"atmospheric-science-4","atmospheric-science","ecology","观测站点、时间尺度与模式条件","气候学研究档案：站点时序、环流条件与模式初值；基准时期、空间范围和异常序列。需对照的具体条目：基准时期、空间覆盖与异常序列；统计时期、变率结构与长期平均","「气候学」：在气候学中，怎样核对统计时期、变率结构与长期平均，分开“持续气候信号”与“短期变率或基准差异”？","true","false","weather","direction-owned-direction-case"
"atmospheric-science-5","atmospheric-science","physics","观测站点、时间尺度与模式条件","天气观测研究档案：站点时序、环流条件与模式初值；基准时期、空间范围和异常序列；参考依据、重复读数和误差分项。需对照的具体条目：站点位置、观测时次与天气过程","「天气观测」：在天气观测中，怎样核对站点位置、观测时次与天气过程，分开“持续气候信号”与“短期变率或基准差异”？ 读数差异来自被测对象，还是测量链的变化？","true","false","weather","direction-owned-direction-case"
"atmospheric-science-6","atmospheric-science","ecology","观测站点、时间尺度与模式条件","气候变化资料研究档案：站点时序、环流条件与模式初值；基准时期、空间范围和异常序列。需对照的具体条目：基准时期、空间覆盖与异常序列；基准期、强迫背景与趋势不确定性","「气候变化资料」：在气候变化资料中，怎样核对基准期、强迫背景与趋势不确定性，分开“持续气候信号”与“短期变率或基准差异”？","true","false","weather","direction-owned-direction-case"
"atmospheric-science-7","atmospheric-science","remote-sensing","观测站点、时间尺度与模式条件","大气遥感研究档案：站点时序、环流条件与模式初值；基准时期、空间范围和异常序列；坐标基准、空间支持和分类边界；坐标基准、空间单元和不同尺度的对照。需对照的具体条目：地面参照、像元支持与反演条件","「大气遥感」：在大气遥感中，怎样核对地面参照、像元支持与反演条件，分开“持续气候信号”与“短期变率或基准差异”？ 换了空间单元以后，原来的关系是否还成立？","true","false","weather","direction-owned-direction-case"
"atmospheric-science-8","atmospheric-science","physics","观测站点、时间尺度与模式条件","气象资料同化研究档案：站点时序、环流条件与模式初值；离散误差、参照解和停止条件；基准时期、空间范围和异常序列。需对照的具体条目：站点位置、观测时次与天气过程","「气象资料同化」：在气象资料同化中，怎样核对站点位置、观测时次与天气过程，分开“可控数值误差”与“模型或离散误差”？","true","false","weather","direction-owned-direction-case"
"atmospheric-science-9","atmospheric-science","computing","观测站点、时间尺度与模式条件","气象模式评价研究档案：站点时序、环流条件与模式初值；基准时期、空间范围和异常序列。需对照的具体条目：站点位置、观测时次与天气过程；模式边界、参照资料与预报误差","「气象模式评价」：在气象模式评价中，怎样核对模式边界、参照资料与预报误差，分开“持续气候信号”与“短期变率或基准差异”？","true","false","weather","direction-owned-direction-case"
"atmospheric-science-10","atmospheric-science","ecology","观测站点、时间尺度与模式条件","城市气候研究档案：站点时序、环流条件与模式初值；基准时期、空间范围和异常序列；地理单元、时期边界和地方制度。需对照的具体条目：基准时期、空间覆盖与异常序列；进入机会、空间路径与地方制度","「城市气候」：在城市气候中，怎样核对基准时期、空间覆盖与异常序列，分开“持续气候信号”与“短期变率或基准差异”？","true","false","weather","direction-owned-direction-case"
"atmospheric-science-11","atmospheric-science","physics","观测站点、时间尺度与模式条件","农业气象研究档案：站点时序、环流条件与模式初值；基准时期、空间范围和异常序列。需对照的具体条目：站点位置、观测时次与天气过程；生育阶段、天气窗口与农业任务","「农业气象」：在农业气象中，怎样核对生育阶段、天气窗口与农业任务，分开“持续气候信号”与“短期变率或基准差异”？","true","false","weather","direction-owned-direction-case"
"atmospheric-science-12","atmospheric-science","physics","观测站点、时间尺度与模式条件","气象服务评价研究档案：站点时序、环流条件与模式初值；基准时期、空间范围和异常序列。需对照的具体条目：站点位置、观测时次与天气过程；服务资格、实际交付与未获服务者；服务需求、信息时效与行动机会","「气象服务评价」：在气象服务评价中，怎样核对服务资格、实际交付与未获服务者，分开“持续气候信号”与“短期变率或基准差异”？","true","false","weather","direction-owned-direction-case"
"geology-studies-1","geology-studies","ecology","层位、样品出处与形成过程","矿物学研究档案：矿物组合、层位与后期改造；空间位置、形成序列和多解解释。需对照的具体条目：物相指认、层位关系与形成序列；晶体性质、成分范围与物相鉴定","「矿物学」：在矿物学中，怎样核对晶体性质、成分范围与物相鉴定，分开“结构过程差异”与“观测覆盖或模型约束差异”？","true","false","","direction-owned-direction-case"
"geology-studies-2","geology-studies","ecology","层位、样品出处与形成过程","岩石学研究档案：矿物组合、层位与后期改造；空间位置、形成序列和多解解释。需对照的具体条目：物相指认、层位关系与形成序列；矿物组合、形成条件与结构特征","「岩石学」：在岩石学中，怎样核对矿物组合、形成条件与结构特征，分开“结构过程差异”与“观测覆盖或模型约束差异”？","true","false","","direction-owned-direction-case"
"geology-studies-3","geology-studies","ecology","层位、样品出处与形成过程","矿床学研究档案：矿物组合、层位与后期改造；空间位置、形成序列和多解解释。需对照的具体条目：矿化位置、成矿序列与资源边界","「矿床学」：在矿床学中，怎样核对矿化位置、成矿序列与资源边界，分开“结构过程差异”与“观测覆盖或模型约束差异”？","true","false","","direction-owned-direction-case"
"geology-studies-4","geology-studies","chemistry","层位、样品出处与形成过程","地球化学研究档案：矿物组合、层位与后期改造；物种指认、平衡条件和测量信号。需对照岩石与地质形成中的定义、对象索引与适用条件","「地球化学」：在地球化学中，怎样核对矿物组合、层位与后期改造，分开“真实组成差异”与“指认或响应差异”？","true","false","","direction-owned-direction-case"
"geology-studies-5","geology-studies","ecology","层位、样品出处与形成过程","构造地质学研究档案：矿物组合、层位与后期改造；空间位置、形成序列和多解解释。需对照的具体条目：结构方位、变形序列与时代关系","「构造地质学」：在构造地质学中，怎样核对结构方位、变形序列与时代关系，分开“结构过程差异”与“观测覆盖或模型约束差异”？","true","false","","direction-owned-direction-case"
"geology-studies-6","geology-studies","biomedical","层位、样品出处与形成过程","古生物学研究档案：矿物组合、层位与后期改造；细胞组成、功能层次和独立来源。需对照岩石与地质形成中的定义、对象索引与适用条件","「古生物学」：在古生物学中，怎样核对矿物组合、层位与后期改造，分开“单元状态改变”与“组成或技术批次差异”？","true","false","","direction-owned-direction-case"
"geology-studies-7","geology-studies","ecology","层位、样品出处与形成过程","地层学研究档案：矿物组合、层位与后期改造；空间位置、形成序列和多解解释。需对照的具体条目：物相指认、层位关系与形成序列；层位关系、扰动与年代依据","「地层学」：在地层学中，怎样核对物相指认、层位关系与形成序列，分开“结构过程差异”与“观测覆盖或模型约束差异”？","true","false","","direction-owned-direction-case"
"geology-studies-8","geology-studies","ecology","层位、样品出处与形成过程","第四纪地质研究档案：矿物组合、层位与后期改造；空间位置、形成序列和多解解释。需对照的具体条目：近地表过程、沉积序列与年代区间","「第四纪地质」：在第四纪地质中，怎样核对近地表过程、沉积序列与年代区间，分开“结构过程差异”与“观测覆盖或模型约束差异”？","true","false","","direction-owned-direction-case"
"geology-studies-9","geology-studies","ecology","层位、样品出处与形成过程","水文地质研究档案：矿物组合、层位与后期改造；空间位置、形成序列和多解解释；水量边界、输入输出和时间尺度。需对照的具体条目：水位基准、补给条件与收支范围","「水文地质」：在水文地质中，怎样核对水位基准、补给条件与收支范围，分开“结构过程差异”与“观测覆盖或模型约束差异”？","true","false","","direction-owned-direction-case"
"geology-studies-10","geology-studies","ecology","层位、样品出处与形成过程","工程地质资料研究档案：矿物组合、层位与后期改造；空间位置、形成序列和多解解释。需对照的具体条目：地层条件、工程需求与观测范围","「工程地质资料」：在工程地质资料中，怎样核对地层条件、工程需求与观测范围，分开“结构过程差异”与“观测覆盖或模型约束差异”？","true","false","","direction-owned-direction-case"
"geology-studies-11","geology-studies","ecology","层位、样品出处与形成过程","地质年代资料研究档案：矿物组合、层位与后期改造；空间位置、形成序列和多解解释。需对照的具体条目：测年依据、误差区间与层序关系","「地质年代资料」：在地质年代资料中，怎样核对测年依据、误差区间与层序关系，分开“结构过程差异”与“观测覆盖或模型约束差异”？","true","false","","direction-owned-direction-case"
"geology-studies-12","geology-studies","ecology","层位、样品出处与形成过程","地质调查史研究档案：同时代记载与后期整理本的年代对照；相关领域文献对“矿物组合、层位与后期改造”的用语与记录方式；同时代资料、后期整理和出处链。需对照岩石与地质形成中的定义、对象索引与适用条件","「地质调查史」：在地质调查史中，怎样核对矿物组合、层位与后期改造，分开“有出处的历史解释”与“整理或保存选择”？ 哪一层叙述来自当时，哪一层来自后来的整理？","true","false","","direction-owned-direction-case"
"system-science-1","system-science","software","系统边界、层次与动态假设","系统理论研究档案：状态变量、反馈与尺度接口；系统边界、反馈连接和尺度转换。需对照的具体条目：系统定义、状态变量与关系假设","「系统理论」：在系统理论中，怎样核对系统定义、状态变量与关系假设，分开“整体行为改变”与“局部或边界变化”？","true","false","","direction-owned-direction-case"
"system-science-2","system-science","math","系统边界、层次与动态假设","系统分析研究档案：状态变量、反馈与尺度接口；系统边界、反馈连接和尺度转换。需对照的具体条目：输入假设、测量或推导链与不确定性","「系统分析」：在系统分析中，怎样核对输入假设、测量或推导链与不确定性，分开“整体行为改变”与“局部或边界变化”？","true","false","","direction-owned-direction-case"
"system-science-3","system-science","software","系统边界、层次与动态假设","复杂系统研究档案：状态变量、反馈与尺度接口；系统边界、反馈连接和尺度转换。需对照的具体条目：交互结构、涌现行为与尺度关系","「复杂系统」：在复杂系统中，怎样核对交互结构、涌现行为与尺度关系，分开“整体行为改变”与“局部或边界变化”？","true","false","","direction-owned-direction-case"
"system-science-4","system-science","software","系统边界、层次与动态假设","网络动力学研究档案：状态变量、反馈与尺度接口；初值集合、时间轨迹和稳定性定义；节点口径、边含义和缺失连接。需对照系统关系与多尺度中的定义、对象索引与适用条件","「网络动力学」：在网络动力学中，怎样核对状态变量、反馈与尺度接口，分开“局部轨迹性质”与“未覆盖的初值行为”？","true","false","dynamics","direction-owned-direction-case"
"system-science-5","system-science","software","系统边界、层次与动态假设","非线性系统研究档案：状态变量、反馈与尺度接口；初值集合、时间轨迹和稳定性定义；系统边界、反馈连接和尺度转换。需对照系统关系与多尺度中的定义、对象索引与适用条件","「非线性系统」：在非线性系统中，怎样核对状态变量、反馈与尺度接口，分开“局部轨迹性质”与“未覆盖的初值行为”？","true","false","","direction-owned-direction-case"
"system-science-6","system-science","software","系统边界、层次与动态假设","系统演化研究档案：状态变量、反馈与尺度接口；初值集合、时间轨迹和稳定性定义；系统边界、反馈连接和尺度转换；时间戳、状态阶段和变化前后的并列记录。需对照系统关系与多尺度中的定义、对象索引与适用条件","「系统演化」：在系统演化中，怎样核对状态变量、反馈与尺度接口，分开“局部轨迹性质”与“未覆盖的初值行为”？ 变化先后关系是否与提出的解释相符？","true","false","","direction-owned-direction-case"
"system-science-7","system-science","software","系统边界、层次与动态假设","自组织理论研究档案：状态变量、反馈与尺度接口；结构定位、组织层次与判读条件；初值集合、时间轨迹和稳定性定义；正式文本、执行条件与被排除的对象。需对照的具体条目：角色分工、资源联系与实际协调","「自组织理论」：在自组织理论中，怎样核对角色分工、资源联系与实际协调，分开“局部真实差异”与“取样位置或判读差异”？ 文本已经改变，实际机会和执行是否也改变了？","true","false","","direction-owned-direction-case"
"system-science-8","system-science","software","系统边界、层次与动态假设","系统建模研究档案：状态变量、反馈与尺度接口；模型边界、参数来源和验证情境；系统边界、反馈连接和尺度转换；参数出处、边界条件和独立检验情境。需对照系统关系与多尺度中的定义、对象索引与适用条件","「系统建模」：在系统建模中，怎样核对状态变量、反馈与尺度接口，分开“机制解释改善”与“校准对验证的依赖”？ 拟合得好来自可解释结构，还是条件和参数更宽松？","true","false","","direction-owned-direction-case"
"system-science-9","system-science","software","系统边界、层次与动态假设","系统决策资料研究档案：状态变量、反馈与尺度接口；可行域、目标权重和约束松弛；系统边界、反馈连接和尺度转换。需对照的具体条目：可得方案、判断时点与约束依据","「系统决策资料」：在系统决策资料中，怎样核对可得方案、判断时点与约束依据，分开“同一约束下的改进”与“放松约束造成的收益”？","true","false","","direction-owned-direction-case"
"system-science-10","system-science","software","系统边界、层次与动态假设","多尺度系统研究档案：状态变量、反馈与尺度接口；系统边界、反馈连接和尺度转换；各方定义、资料来源和桥接规则。需对照系统关系与多尺度中的定义、对象索引与适用条件","「多尺度系统」：在多尺度系统中，怎样核对状态变量、反馈与尺度接口，分开“整体行为改变”与“局部或边界变化”？ 名称相同是否真的意味着比较对象相同？","true","false","","direction-owned-direction-case"
"system-science-11","system-science","software","系统边界、层次与动态假设","系统仿真评价研究档案：状态变量、反馈与尺度接口；离散误差、参照解和停止条件；系统边界、反馈连接和尺度转换；参数出处、边界条件和独立检验情境。需对照系统关系与多尺度中的定义、对象索引与适用条件","「系统仿真评价」：在系统仿真评价中，怎样核对状态变量、反馈与尺度接口，分开“可控数值误差”与“模型或离散误差”？ 拟合得好来自可解释结构，还是条件和参数更宽松？","true","false","","direction-owned-direction-case"
"system-science-12","system-science","software","系统边界、层次与动态假设","系统科学史研究档案：同时代记载与后期整理本的年代对照；相关领域文献对“状态变量、反馈与尺度接口”的用语与记录方式；同时代资料、后期整理和出处链。需对照的具体条目：仪器记录、研究制度与知识传播","「系统科学史」：在系统科学史中，怎样核对仪器记录、研究制度与知识传播，分开“有出处的历史解释”与“整理或保存选择”？ 哪一层叙述来自当时，哪一层来自后来的整理？","true","false","","direction-owned-direction-case"
"science-history-1","science-history","history","技术语境、同期资料与后见解释","数学史研究档案：同时代记载与后期整理本的年代对照；相关领域文献对“仪器文献、研究实践与制度记录”的用语与记录方式；同时代资料、后期整理和出处链。需对照的具体条目：证明文本、符号变化与数学实践","「数学史」：在数学史中，怎样核对证明文本、符号变化与数学实践，分开“有出处的历史解释”与“整理或保存选择”？ 哪一层叙述来自当时，哪一层来自后来的整理？","true","false","archives","direction-owned-direction-case"
"science-history-2","science-history","history","技术语境、同期资料与后见解释","物理学史研究档案：同时代记载与后期整理本的年代对照；相关领域文献对“仪器文献、研究实践与制度记录”的用语与记录方式；同时代资料、后期整理和出处链。需对照的具体条目：理论量、仪器记录与解释变化","「物理学史」：在物理学史中，怎样核对理论量、仪器记录与解释变化，分开“有出处的历史解释”与“整理或保存选择”？ 哪一层叙述来自当时，哪一层来自后来的整理？","true","false","archives","direction-owned-direction-case"
"science-history-3","science-history","history","技术语境、同期资料与后见解释","化学史研究档案：同时代记载与后期整理本的年代对照；相关领域文献对“仪器文献、研究实践与制度记录”的用语与记录方式；同时代资料、后期整理和出处链。需对照的具体条目：成分分类、测量传统与化学用语","「化学史」：在化学史中，怎样核对成分分类、测量传统与化学用语，分开“有出处的历史解释”与“整理或保存选择”？ 哪一层叙述来自当时，哪一层来自后来的整理？","true","false","archives","direction-owned-direction-case"
"science-history-4","science-history","history","技术语境、同期资料与后见解释","生物学史研究档案：同时代记载与后期整理本的年代对照；相关领域文献对“仪器文献、研究实践与制度记录”的用语与记录方式；同时代资料、后期整理和出处链。需对照的具体条目：生物分类、观察实践与生命概念","「生物学史」：在生物学史中，怎样核对生物分类、观察实践与生命概念，分开“有出处的历史解释”与“整理或保存选择”？ 哪一层叙述来自当时，哪一层来自后来的整理？","true","false","archives","direction-owned-direction-case"
"science-history-5","science-history","history","技术语境、同期资料与后见解释","医学科技史研究档案：同时代记载与后期整理本的年代对照；相关领域文献对“仪器文献、研究实践与制度记录”的用语与记录方式；同时代资料、后期整理和出处链。需对照的具体条目：仪器记录、研究制度与知识传播；诊疗技术文本、机构条件与疾病用语","「医学科技史」：在医学科技史中，怎样核对诊疗技术文本、机构条件与疾病用语，分开“有出处的历史解释”与“整理或保存选择”？ 哪一层叙述来自当时，哪一层来自后来的整理？","true","false","archives","direction-owned-direction-case"
"science-history-6","science-history","history","技术语境、同期资料与后见解释","农学科技史研究档案：同时代记载与后期整理本的年代对照；相关领域文献对“仪器文献、研究实践与制度记录”的用语与记录方式；同时代资料、后期整理和出处链。需对照的具体条目：仪器记录、研究制度与知识传播；农艺文献、地方条件与技术采用","「农学科技史」：在农学科技史中，怎样核对农艺文献、地方条件与技术采用，分开“有出处的历史解释”与“整理或保存选择”？ 哪一层叙述来自当时，哪一层来自后来的整理？","true","false","archives","direction-owned-direction-case"
"science-history-7","science-history","history","技术语境、同期资料与后见解释","工程技术史研究档案：同时代记载与后期整理本的年代对照；相关领域文献对“仪器文献、研究实践与制度记录”的用语与记录方式；同时代资料、后期整理和出处链。需对照的具体条目：工具版本、使用任务与适用承诺","「工程技术史」：在工程技术史中，怎样核对工具版本、使用任务与适用承诺，分开“有出处的历史解释”与“整理或保存选择”？ 哪一层叙述来自当时，哪一层来自后来的整理？","true","false","archives","direction-owned-direction-case"
"science-history-8","science-history","history","技术语境、同期资料与后见解释","科学仪器史研究档案：同时代记载与后期整理本的年代对照；相关领域文献对“仪器文献、研究实践与制度记录”的用语与记录方式；同时代资料、后期整理和出处链。需对照的具体条目：仪器版本、使用记录与测量承诺","「科学仪器史」：在科学仪器史中，怎样核对仪器版本、使用记录与测量承诺，分开“有出处的历史解释”与“整理或保存选择”？ 哪一层叙述来自当时，哪一层来自后来的整理？","true","false","archives","direction-owned-direction-case"
"science-history-9","science-history","history","技术语境、同期资料与后见解释","科学制度史研究档案：同时代记载与后期整理本的年代对照；相关领域文献对“仪器文献、研究实践与制度记录”的用语与记录方式；同时代资料、后期整理和出处链。需对照的具体条目：条文来源、权限分配与执行差异","「科学制度史」：在科学制度史中，怎样核对条文来源、权限分配与执行差异，分开“有出处的历史解释”与“整理或保存选择”？ 哪一层叙述来自当时，哪一层来自后来的整理？","true","false","archives","direction-owned-direction-case"
"science-history-10","science-history","history","技术语境、同期资料与后见解释","科学知识传播史研究档案：同时代记载与后期整理本的年代对照；相关领域文献对“仪器文献、研究实践与制度记录”的用语与记录方式；同时代资料、后期整理和出处链。需对照的具体条目：信息入口、转述链与接触分母","「科学知识传播史」：在科学知识传播史中，怎样核对信息入口、转述链与接触分母，分开“有出处的历史解释”与“整理或保存选择”？ 哪一层叙述来自当时，哪一层来自后来的整理？","true","false","archives","direction-owned-direction-case"
"science-history-11","science-history","history","技术语境、同期资料与后见解释","技术档案研究档案：逐页出处、底本差异和缺页索引；相关领域文献对“仪器文献、研究实践与制度记录”的用语与记录方式；转写规则、数字版本和原件对应；同时代资料、后期整理和出处链。需对照的具体条目：工具版本、使用任务与适用承诺；形成机关、归档过程与缺件","「技术档案」：在技术档案中，怎样核对工具版本、使用任务与适用承诺，分开“原始材料中的关系”与“数字化选择造成的关系”？ 这个说法在原材料的哪一页，另一版本为何不同？","true","false","archives","direction-owned-direction-case"
"science-history-12","science-history","history","技术语境、同期资料与后见解释","科技史口述研究档案：同时代记载与后期整理本的年代对照；相关领域文献对“仪器文献、研究实践与制度记录”的用语与记录方式；同时代资料、后期整理和出处链。需对照的具体条目：讲述时点、在场位置与重述框架；仪器记录、研究制度与知识传播","「科技史口述」：在科技史口述中，怎样核对讲述时点、在场位置与重述框架，分开“有出处的历史解释”与“整理或保存选择”？ 哪一层叙述来自当时，哪一层来自后来的整理？","true","false","archives","direction-owned-direction-case"
"ecology-studies-1","ecology-studies","ecology","样地、观测季节与尺度","植物生态研究档案：丰度、物种组成与环境梯度；种群数量、群落组成和观测努力。需对照的具体条目：植物阶段、生境差异与观测覆盖","「植物生态」：在植物生态中，怎样核对植物阶段、生境差异与观测覆盖，分开“实际种群变化”与“检出机会变化”？","true","false","ecology","direction-owned-direction-case"
"ecology-studies-2","ecology-studies","ecology","样地、观测季节与尺度","动物生态研究档案：丰度、物种组成与环境梯度；种群数量、群落组成和观测努力。需对照的具体条目：动物活动、检测机会与生境利用","「动物生态」：在动物生态中，怎样核对动物活动、检测机会与生境利用，分开“实际种群变化”与“检出机会变化”？","true","false","ecology","direction-owned-direction-case"
"ecology-studies-3","ecology-studies","ecology","样地、观测季节与尺度","微生物生态资料研究档案：丰度、物种组成与环境梯度；公开组成表、注释版本与绝对量边界；种群数量、群落组成和观测努力。需对照的具体条目：环境背景、群落关系与观察覆盖","「微生物生态资料」：在微生物生态资料中，怎样核对环境背景、群落关系与观察覆盖，分开“组成变化”与“总量或注释变化”？","true","false","ecology","direction-owned-direction-case"
"ecology-studies-4","ecology-studies","ecology","样地、观测季节与尺度","群落生态研究档案：丰度、物种组成与环境梯度；公开组成表、注释版本与绝对量边界；种群数量、群落组成和观测努力。需对照的具体条目：物种共存、组成距离与调查努力","「群落生态」：在群落生态中，怎样核对物种共存、组成距离与调查努力，分开“组成变化”与“总量或注释变化”？","true","false","ecology","direction-owned-direction-case"
"ecology-studies-5","ecology-studies","ecology","样地、观测季节与尺度","生态系统生态研究档案：丰度、物种组成与环境梯度；种群数量、群落组成和观测努力；系统边界、反馈连接和尺度转换。需对照种群、群落与生态过程中的定义、对象索引与适用条件","「生态系统生态」：在生态系统生态中，怎样核对丰度、物种组成与环境梯度，分开“实际种群变化”与“检出机会变化”？","true","false","ecology","direction-owned-direction-case"
"ecology-studies-6","ecology-studies","ecology","样地、观测季节与尺度","景观生态研究档案：丰度、物种组成与环境梯度；种群数量、群落组成和观测努力；坐标基准、空间单元和不同尺度的对照。需对照种群、群落与生态过程中的定义、对象索引与适用条件","「景观生态」：在景观生态中，怎样核对丰度、物种组成与环境梯度，分开“实际种群变化”与“检出机会变化”？ 换了空间单元以后，原来的关系是否还成立？","true","false","ecology","direction-owned-direction-case"
"ecology-studies-7","ecology-studies","ecology","样地、观测季节与尺度","生态模型研究档案：丰度、物种组成与环境梯度；种群数量、群落组成和观测努力；模型边界、参数来源和验证情境；参数出处、边界条件和独立检验情境。需对照种群、群落与生态过程中的定义、对象索引与适用条件","「生态模型」：在生态模型中，怎样核对丰度、物种组成与环境梯度，分开“实际种群变化”与“检出机会变化”？ 拟合得好来自可解释结构，还是条件和参数更宽松？","true","false","ecology","direction-owned-direction-case"
"ecology-studies-8","ecology-studies","ecology","样地、观测季节与尺度","城市生态研究档案：丰度、物种组成与环境梯度；种群数量、群落组成和观测努力；地理单元、时期边界和地方制度。需对照的具体条目：进入机会、空间路径与地方制度","「城市生态」：在城市生态中，怎样核对进入机会、空间路径与地方制度，分开“实际种群变化”与“检出机会变化”？","true","false","ecology","direction-owned-direction-case"
"ecology-studies-9","ecology-studies","ecology","样地、观测季节与尺度","保护生态研究档案：丰度、物种组成与环境梯度；种群数量、群落组成和观测努力。需对照的具体条目：保护目标、干预边界与未保护区域","「保护生态」：在保护生态中，怎样核对保护目标、干预边界与未保护区域，分开“实际种群变化”与“检出机会变化”？","true","false","ecology","direction-owned-direction-case"
"ecology-studies-10","ecology-studies","ecology","样地、观测季节与尺度","恢复生态研究档案：丰度、物种组成与环境梯度；种群数量、群落组成和观测努力；来源、迁移途径和受影响对象。需对照种群、群落与生态过程中的定义、对象索引与适用条件","「恢复生态」：在恢复生态中，怎样核对丰度、物种组成与环境梯度，分开“实际种群变化”与“检出机会变化”？","true","false","ecology","direction-owned-direction-case"
"ecology-studies-11","ecology-studies","ecology","样地、观测季节与尺度","生态统计研究档案：丰度、物种组成与环境梯度；随机变量、条件事件和分布假设；种群数量、群落组成和观测努力。需对照种群、群落与生态过程中的定义、对象索引与适用条件","「生态统计」：在生态统计中，怎样核对丰度、物种组成与环境梯度，分开“条件关系”与“组成改变的总体关系”？","true","false","ecology","direction-owned-direction-case"
"ecology-studies-12","ecology-studies","ecology","样地、观测季节与尺度","生态观测史研究档案：同时代记载与后期整理本的年代对照；相关领域文献对“丰度、物种组成与环境梯度”的用语与记录方式；同时代资料、后期整理和出处链。需对照种群、群落与生态过程中的定义、对象索引与适用条件","「生态观测史」：在生态观测史中，怎样核对丰度、物种组成与环境梯度，分开“有出处的历史解释”与“整理或保存选择”？ 哪一层叙述来自当时，哪一层来自后来的整理？","true","false","ecology","direction-owned-direction-case"
"instruments-engineering-1","instruments-engineering","electronics","量值来源、标定版本与误差预算","精密仪器研究档案：标定关系、响应范围与不确定性；参考量、校准曲线和不确定性分项；参考依据、重复读数和误差分项。需对照的具体条目：工作状态、分辨能力与参考响应","「精密仪器」：在精密仪器中，怎样核对工作状态、分辨能力与参考响应，分开“被测量变化”与“校准偏差”？ 读数差异来自被测对象，还是测量链的变化？","true","false","circuits","direction-owned-direction-case"
"instruments-engineering-2","instruments-engineering","electronics","量值来源、标定版本与误差预算","测试计量研究档案：标定关系、响应范围与不确定性；参考量、校准曲线和不确定性分项；参考依据、重复读数和误差分项。需对照的具体条目：目标比较、干预起点与选择机制","「测试计量」：在测试计量中，怎样核对目标比较、干预起点与选择机制，分开“被测量变化”与“校准偏差”？ 读数差异来自被测对象，还是测量链的变化？","true","false","circuits","direction-owned-direction-case"
"instruments-engineering-3","instruments-engineering","electronics","量值来源、标定版本与误差预算","传感器评价研究档案：标定关系、响应范围与不确定性；参考量、校准曲线和不确定性分项；参考依据、重复读数和误差分项。需对照的具体条目：传感器响应、漂移与参考量","「传感器评价」：在传感器评价中，怎样核对传感器响应、漂移与参考量，分开“被测量变化”与“校准偏差”？ 读数差异来自被测对象，还是测量链的变化？","true","false","circuits","direction-owned-direction-case"
"instruments-engineering-4","instruments-engineering","electronics","量值来源、标定版本与误差预算","仪器标定研究档案：标定关系、响应范围与不确定性；参考量、校准曲线和不确定性分项；参考依据、重复读数和误差分项。需对照的具体条目：标定对象、参数修订与残差分项","「仪器标定」：在仪器标定中，怎样核对标定对象、参数修订与残差分项，分开“被测量变化”与“校准偏差”？ 读数差异来自被测对象，还是测量链的变化？","true","false","circuits","direction-owned-direction-case"
"instruments-engineering-5","instruments-engineering","electronics","量值来源、标定版本与误差预算","测量不确定性研究档案：标定关系、响应范围与不确定性；参考量、校准曲线和不确定性分项；参考依据、重复读数和误差分项。需对照的具体条目：不确定性分项、相关来源与量纲","「测量不确定性」：在测量不确定性中，怎样核对不确定性分项、相关来源与量纲，分开“被测量变化”与“校准偏差”？ 读数差异来自被测对象，还是测量链的变化？","true","false","circuits","direction-owned-direction-case"
"instruments-engineering-6","instruments-engineering","electronics","量值来源、标定版本与误差预算","光电仪器研究档案：标定关系、响应范围与不确定性；光路、光谱响应和探测器背景；参考量、校准曲线和不确定性分项；参考依据、重复读数和误差分项。需对照测量系统与计量中的定义、对象索引与适用条件","「光电仪器」：在光电仪器中，怎样核对标定关系、响应范围与不确定性，分开“入射场改变”与“探测器响应改变”？ 读数差异来自被测对象，还是测量链的变化？","true","false","circuits","direction-owned-direction-case"
"instruments-engineering-7","instruments-engineering","electronics","量值来源、标定版本与误差预算","智能仪器研究档案：标定关系、响应范围与不确定性；参考量、校准曲线和不确定性分项；参考依据、重复读数和误差分项。需对照的具体条目：自动判断、人工参照与失败工况","「智能仪器」：在智能仪器中，怎样核对自动判断、人工参照与失败工况，分开“被测量变化”与“校准偏差”？ 读数差异来自被测对象，还是测量链的变化？","true","false","circuits","direction-owned-direction-case"
"instruments-engineering-8","instruments-engineering","electronics","量值来源、标定版本与误差预算","测量系统研究档案：标定关系、响应范围与不确定性；参考量、校准曲线和不确定性分项；系统边界、反馈连接和尺度转换；参考依据、重复读数和误差分项。需对照测量系统与计量中的定义、对象索引与适用条件","「测量系统」：在测量系统中，怎样核对标定关系、响应范围与不确定性，分开“被测量变化”与“校准偏差”？ 读数差异来自被测对象，还是测量链的变化？","true","false","circuits","direction-owned-direction-case"
"instruments-engineering-9","instruments-engineering","electronics","量值来源、标定版本与误差预算","仪器可靠性研究档案：标定关系、响应范围与不确定性；参考量、校准曲线和不确定性分项；失效定义、暴露时长和退出原因；参考依据、重复读数和误差分项。需对照测量系统与计量中的定义、对象索引与适用条件","「仪器可靠性」：在仪器可靠性中，怎样核对标定关系、响应范围与不确定性，分开“被测量变化”与“校准偏差”？ 读数差异来自被测对象，还是测量链的变化？","true","false","circuits","direction-owned-direction-case"
"instruments-engineering-10","instruments-engineering","electronics","量值来源、标定版本与误差预算","信号调理评价研究档案：标定关系、响应范围与不确定性；参考量、校准曲线和不确定性分项；采样条件、频谱结构和噪声假设。需对照测量系统与计量中的定义、对象索引与适用条件","「信号调理评价」：在信号调理评价中，怎样核对标定关系、响应范围与不确定性，分开“被测量变化”与“校准偏差”？","true","false","circuits","direction-owned-direction-case"
"instruments-engineering-11","instruments-engineering","electronics","量值来源、标定版本与误差预算","仪器软件研究档案：标定关系、响应范围与不确定性；参考量、校准曲线和不确定性分项；版本锁定、输入契约和故障复现；参考依据、重复读数和误差分项。需对照的具体条目：输入契约、依赖版本与错误复现","「仪器软件」：在仪器软件中，怎样核对输入契约、依赖版本与错误复现，分开“被测量变化”与“校准偏差”？ 读数差异来自被测对象，还是测量链的变化？","true","false","circuits","direction-owned-direction-case"
"instruments-engineering-12","instruments-engineering","electronics","量值来源、标定版本与误差预算","仪器史研究档案：同时代记载与后期整理本的年代对照；相关领域文献对“标定关系、响应范围与不确定性”的用语与记录方式；同时代资料、后期整理和出处链。需对照测量系统与计量中的定义、对象索引与适用条件","「仪器史」：在仪器史中，怎样核对标定关系、响应范围与不确定性，分开“有出处的历史解释”与“整理或保存选择”？ 哪一层叙述来自当时，哪一层来自后来的整理？","true","false","circuits","direction-owned-direction-case"
"metallurgy-engineering-1","metallurgy-engineering","chemistry","物料口径、工况与过程模型","冶金物理化学研究档案：相组成、过程收支与材料性能；物种指认、平衡条件和测量信号。需对照的具体条目：状态函数、平衡条件与动力学量","「冶金物理化学」：在冶金物理化学中，怎样核对状态函数、平衡条件与动力学量，分开“真实组成差异”与“指认或响应差异”？","true","false","","direction-owned-direction-case"
"metallurgy-engineering-2","metallurgy-engineering","mechanical","物料口径、工况与过程模型","钢铁冶金资料研究档案：相组成、过程收支与材料性能；物种指认、平衡条件和测量信号。需对照的具体条目：合金组成、组织状态与加工历程","「钢铁冶金资料」：在钢铁冶金资料中，怎样核对合金组成、组织状态与加工历程，分开“真实组成差异”与“指认或响应差异”？","true","false","","direction-owned-direction-case"
"metallurgy-engineering-3","metallurgy-engineering","mechanical","物料口径、工况与过程模型","有色冶金资料研究档案：相组成、过程收支与材料性能；物种指认、平衡条件和测量信号。需对照的具体条目：金属来源、杂质口径与过程条件","「有色冶金资料」：在有色冶金资料中，怎样核对金属来源、杂质口径与过程条件，分开“真实组成差异”与“指认或响应差异”？","true","false","","direction-owned-direction-case"
"metallurgy-engineering-4","metallurgy-engineering","mechanical","物料口径、工况与过程模型","冶金过程模型研究档案：相组成、过程收支与材料性能；物种指认、平衡条件和测量信号；批次、过程窗口和成品质量分布；参数出处、边界条件和独立检验情境。需对照冶金转化与材料状态中的定义、对象索引与适用条件","「冶金过程模型」：在冶金过程模型中，怎样核对相组成、过程收支与材料性能，分开“真实组成差异”与“指认或响应差异”？ 拟合得好来自可解释结构，还是条件和参数更宽松？","true","false","","direction-owned-direction-case"
"metallurgy-engineering-5","metallurgy-engineering","mechanical","物料口径、工况与过程模型","冶金资源评价研究档案：相组成、过程收支与材料性能；物种指认、平衡条件和测量信号；来源、迁移途径和受影响对象；计量单位、时间窗口和未计入的投入。需对照冶金转化与材料状态中的定义、对象索引与适用条件","「冶金资源评价」：在冶金资源评价中，怎样核对相组成、过程收支与材料性能，分开“真实组成差异”与“指认或响应差异”？ 看起来更划算，是效率提高还是少算了投入？","true","false","","direction-owned-direction-case"
"metallurgy-engineering-6","metallurgy-engineering","mechanical","物料口径、工况与过程模型","冶金测量研究档案：相组成、过程收支与材料性能；物种指认、平衡条件和测量信号；参考量、校准曲线和不确定性分项；参考依据、重复读数和误差分项。需对照冶金转化与材料状态中的定义、对象索引与适用条件","「冶金测量」：在冶金测量中，怎样核对相组成、过程收支与材料性能，分开“真实组成差异”与“指认或响应差异”？ 读数差异来自被测对象，还是测量链的变化？","true","false","","direction-owned-direction-case"
"metallurgy-engineering-7","metallurgy-engineering","chemistry","物料口径、工况与过程模型","冶金材料性能研究档案：相组成、过程收支与材料性能；结构分布、缺陷表征和性质条件；物种指认、平衡条件和测量信号。需对照冶金转化与材料状态中的定义、对象索引与适用条件","「冶金材料性能」：在冶金材料性能中，怎样核对相组成、过程收支与材料性能，分开“结构差异”与“组成或条件差异”？","true","false","","direction-owned-direction-case"
"metallurgy-engineering-8","metallurgy-engineering","mechanical","物料口径、工况与过程模型","冶金过程控制研究档案：相组成、过程收支与材料性能；物种指认、平衡条件和测量信号；输入扰动、反馈状态和响应轨迹；时间戳、状态阶段和变化前后的并列记录。需对照冶金转化与材料状态中的定义、对象索引与适用条件","「冶金过程控制」：在冶金过程控制中，怎样核对相组成、过程收支与材料性能，分开“真实组成差异”与“指认或响应差异”？ 变化先后关系是否与提出的解释相符？","true","false","","direction-owned-direction-case"
"metallurgy-engineering-9","metallurgy-engineering","mechanical","物料口径、工况与过程模型","冶金环保评价研究档案：相组成、过程收支与材料性能；物种指认、平衡条件和测量信号。需对照的具体条目：环境边界、外部负担与排放路径","「冶金环保评价」：在冶金环保评价中，怎样核对环境边界、外部负担与排放路径，分开“真实组成差异”与“指认或响应差异”？","true","false","","direction-owned-direction-case"
"metallurgy-engineering-10","metallurgy-engineering","mechanical","物料口径、工况与过程模型","冶金能耗评价研究档案：相组成、过程收支与材料性能；物种指认、平衡条件和测量信号。需对照的具体条目：功能单位、运行时间与能量边界","「冶金能耗评价」：在冶金能耗评价中，怎样核对功能单位、运行时间与能量边界，分开“真实组成差异”与“指认或响应差异”？","true","false","","direction-owned-direction-case"
"metallurgy-engineering-11","metallurgy-engineering","mechanical","物料口径、工况与过程模型","冶金质量管理研究档案：相组成、过程收支与材料性能；物种指认、平衡条件和测量信号；标签定义、版本变动和分歧样本；版本变更、异常记录和失败复核。需对照冶金转化与材料状态中的定义、对象索引与适用条件","「冶金质量管理」：在冶金质量管理中，怎样核对相组成、过程收支与材料性能，分开“真实组成差异”与“指认或响应差异”？ 所谓更可靠，是失败更少，还是失败更少被记下来？","true","false","","direction-owned-direction-case"
"metallurgy-engineering-12","metallurgy-engineering","mechanical","物料口径、工况与过程模型","冶金史研究档案：同时代记载与后期整理本的年代对照；相关领域文献对“相组成、过程收支与材料性能”的用语与记录方式；同时代资料、后期整理和出处链。需对照冶金转化与材料状态中的定义、对象索引与适用条件","「冶金史」：在冶金史中，怎样核对相组成、过程收支与材料性能，分开“有出处的历史解释”与“整理或保存选择”？ 哪一层叙述来自当时，哪一层来自后来的整理？","true","false","","direction-owned-direction-case"
"geological-engineering-1","geological-engineering","ecology","调查尺度、样点位置与工程假设","地质工程资料研究档案：勘查覆盖、地下结构与场地响应；空间位置、形成序列和多解解释。需对照的具体条目：资料来源、地层覆盖与工程任务","「地质工程资料」：在地质工程资料中，怎样核对资料来源、地层覆盖与工程任务，分开“结构过程差异”与“观测覆盖或模型约束差异”？","true","false","","direction-owned-direction-case"
"geological-engineering-2","geological-engineering","ecology","调查尺度、样点位置与工程假设","地质勘查史研究档案：同时代记载与后期整理本的年代对照；相关领域文献对“勘查覆盖、地下结构与场地响应”的用语与记录方式；同时代资料、后期整理和出处链。需对照地质条件与工程评价中的定义、对象索引与适用条件","「地质勘查史」：在地质勘查史中，怎样核对勘查覆盖、地下结构与场地响应，分开“有出处的历史解释”与“整理或保存选择”？ 哪一层叙述来自当时，哪一层来自后来的整理？","true","false","","direction-owned-direction-case"
"geological-engineering-3","geological-engineering","ecology","调查尺度、样点位置与工程假设","工程地质评价研究档案：勘查覆盖、地下结构与场地响应；空间位置、形成序列和多解解释。需对照的具体条目：地层条件、工程需求与观测范围","「工程地质评价」：在工程地质评价中，怎样核对地层条件、工程需求与观测范围，分开“结构过程差异”与“观测覆盖或模型约束差异”？","true","false","","direction-owned-direction-case"
"geological-engineering-4","geological-engineering","ecology","调查尺度、样点位置与工程假设","地球探测资料研究档案：勘查覆盖、地下结构与场地响应；观测时窗、响应条件和目标任务。需对照地质条件与工程评价中的定义、对象索引与适用条件","「地球探测资料」：在地球探测资料中，怎样核对勘查覆盖、地下结构与场地响应，分开“对象或任务状态改变”与“响应或观察条件改变”？","true","false","","direction-owned-direction-case"
"geological-engineering-5","geological-engineering","ecology","调查尺度、样点位置与工程假设","地质资源评价研究档案：勘查覆盖、地下结构与场地响应；空间位置、形成序列和多解解释；来源、迁移途径和受影响对象；计量单位、时间窗口和未计入的投入。需对照地质条件与工程评价中的定义、对象索引与适用条件","「地质资源评价」：在地质资源评价中，怎样核对勘查覆盖、地下结构与场地响应，分开“结构过程差异”与“观测覆盖或模型约束差异”？ 看起来更划算，是效率提高还是少算了投入？","true","false","","direction-owned-direction-case"
"geological-engineering-6","geological-engineering","ecology","调查尺度、样点位置与工程假设","地质模型研究档案：勘查覆盖、地下结构与场地响应；空间位置、形成序列和多解解释；模型边界、参数来源和验证情境；参数出处、边界条件和独立检验情境。需对照地质条件与工程评价中的定义、对象索引与适用条件","「地质模型」：在地质模型中，怎样核对勘查覆盖、地下结构与场地响应，分开“结构过程差异”与“观测覆盖或模型约束差异”？ 拟合得好来自可解释结构，还是条件和参数更宽松？","true","false","","direction-owned-direction-case"
"geological-engineering-7","geological-engineering","ecology","调查尺度、样点位置与工程假设","地下水资料研究档案：勘查覆盖、地下结构与场地响应；水量边界、输入输出和时间尺度。需对照的具体条目：水位基准、补给条件与收支范围","「地下水资料」：在地下水资料中，怎样核对水位基准、补给条件与收支范围，分开“实际收支变化”与“稀释或观测时段差异”？","true","false","","direction-owned-direction-case"
"geological-engineering-8","geological-engineering","ecology","调查尺度、样点位置与工程假设","地质信息研究档案：勘查覆盖、地下结构与场地响应；空间位置、形成序列和多解解释；版本规则、对象索引和使用任务。需对照地质条件与工程评价中的定义、对象索引与适用条件","「地质信息」：在地质信息中，怎样核对勘查覆盖、地下结构与场地响应，分开“结构过程差异”与“观测覆盖或模型约束差异”？","true","false","","direction-owned-direction-case"
"geological-engineering-9","geological-engineering","ecology","调查尺度、样点位置与工程假设","环境地质评价研究档案：勘查覆盖、地下结构与场地响应；空间位置、形成序列和多解解释；来源、迁移途径和受影响对象。需对照地质条件与工程评价中的定义、对象索引与适用条件","「环境地质评价」：在环境地质评价中，怎样核对勘查覆盖、地下结构与场地响应，分开“结构过程差异”与“观测覆盖或模型约束差异”？","true","false","","direction-owned-direction-case"
"geological-engineering-10","geological-engineering","ecology","调查尺度、样点位置与工程假设","地质监测研究档案：勘查覆盖、地下结构与场地响应；空间位置、形成序列和多解解释；参考依据、重复读数和误差分项。需对照地质条件与工程评价中的定义、对象索引与适用条件","「地质监测」：在地质监测中，怎样核对勘查覆盖、地下结构与场地响应，分开“结构过程差异”与“观测覆盖或模型约束差异”？ 读数差异来自被测对象，还是测量链的变化？","true","false","","direction-owned-direction-case"
"geological-engineering-11","geological-engineering","ecology","调查尺度、样点位置与工程假设","地质不确定性研究档案：勘查覆盖、地下结构与场地响应；空间位置、形成序列和多解解释。需对照的具体条目：约束来源、多解范围与资料缺口","「地质不确定性」：在地质不确定性中，怎样核对约束来源、多解范围与资料缺口，分开“结构过程差异”与“观测覆盖或模型约束差异”？","true","false","","direction-owned-direction-case"
"geological-engineering-12","geological-engineering","education","调查尺度、样点位置与工程假设","地质工程教育研究档案：教学任务、学生作答与撤去帮助后的新题；相关领域文献对“勘查覆盖、地下结构与场地响应”的用语与记录方式；任务目标、辅助条件和延迟表现。需对照地质条件与工程评价中的定义、对象索引与适用条件","「地质工程教育」：在地质工程教育中，怎样核对勘查覆盖、地下结构与场地响应，分开“独立学习改善”与“辅助或练习效应”？ 当场做对与真正能迁移，材料分别支持哪一个？","true","false","","direction-owned-direction-case"
"mining-engineering-1","mining-engineering","construction","资源边界、工况与公开记录","矿业工程史研究档案：同时代记载与后期整理本的年代对照；相关领域文献对“公开资源资料、生产边界与环境记录”的用语与记录方式；同时代资料、后期整理和出处链。需对照资源系统与矿业影响中的定义、对象索引与适用条件","「矿业工程史」：在矿业工程史中，怎样核对公开资源资料、生产边界与环境记录，分开“有出处的历史解释”与“整理或保存选择”？ 哪一层叙述来自当时，哪一层来自后来的整理？","true","false","","direction-owned-direction-case"
"mining-engineering-2","mining-engineering","construction","资源边界、工况与公开记录","矿产资源评价研究档案：公开资源资料、生产边界与环境记录；来源、迁移途径和受影响对象；计量单位、时间窗口和未计入的投入。需对照资源系统与矿业影响中的定义、对象索引与适用条件","「矿产资源评价」：在矿产资源评价中，怎样核对公开资源资料、生产边界与环境记录，分开“来源或过程变化”与“迁移或对象变化”？ 看起来更划算，是效率提高还是少算了投入？","true","false","","direction-owned-direction-case"
"mining-engineering-3","mining-engineering","software","资源边界、工况与公开记录","矿业系统模型研究档案：公开资源资料、生产边界与环境记录；模型边界、参数来源和验证情境；系统边界、反馈连接和尺度转换；参数出处、边界条件和独立检验情境。需对照资源系统与矿业影响中的定义、对象索引与适用条件","「矿业系统模型」：在矿业系统模型中，怎样核对公开资源资料、生产边界与环境记录，分开“机制解释改善”与“校准对验证的依赖”？ 拟合得好来自可解释结构，还是条件和参数更宽松？","true","false","","direction-owned-direction-case"
"mining-engineering-4","mining-engineering","construction","资源边界、工况与公开记录","矿业组织研究研究档案：公开资源资料、生产边界与环境记录；细胞组成、功能层次和独立来源；生产或服务记录、来源索引和版本条件；正式文本、执行条件与被排除的对象。需对照的具体条目：角色分工、资源联系与实际协调","「矿业组织研究」：在矿业组织研究中，怎样核对角色分工、资源联系与实际协调，分开“单元状态改变”与“组成或技术批次差异”？ 文本已经改变，实际机会和执行是否也改变了？","true","false","","direction-owned-direction-case"
"mining-engineering-5","mining-engineering","construction","资源边界、工况与公开记录","矿业测量资料研究档案：公开资源资料、生产边界与环境记录；参考量、校准曲线和不确定性分项；生产或服务记录、来源索引和版本条件；参考依据、重复读数和误差分项。需对照资源系统与矿业影响中的定义、对象索引与适用条件","「矿业测量资料」：在矿业测量资料中，怎样核对公开资源资料、生产边界与环境记录，分开“被测量变化”与“校准偏差”？ 读数差异来自被测对象，还是测量链的变化？","true","false","","direction-owned-direction-case"
"mining-engineering-6","mining-engineering","ecology","资源边界、工况与公开记录","矿业环境评价研究档案：公开资源资料、生产边界与环境记录；来源、迁移途径和受影响对象；生产或服务记录、来源索引和版本条件。需对照资源系统与矿业影响中的定义、对象索引与适用条件","「矿业环境评价」：在矿业环境评价中，怎样核对公开资源资料、生产边界与环境记录，分开“来源或过程变化”与“迁移或对象变化”？","true","false","","direction-owned-direction-case"
"mining-engineering-7","mining-engineering","construction","资源边界、工况与公开记录","资源利用评价研究档案：公开资源资料、生产边界与环境记录；生产或服务记录、来源索引和版本条件；计量单位、时间窗口和未计入的投入。需对照资源系统与矿业影响中的定义、对象索引与适用条件","「资源利用评价」：在资源利用评价中，怎样核对公开资源资料、生产边界与环境记录，分开“实际活动变化”与“记录密度或版本变化”？ 看起来更划算，是效率提高还是少算了投入？","true","false","","direction-owned-direction-case"
"mining-engineering-8","mining-engineering","construction","资源边界、工况与公开记录","矿业装备可靠性研究档案：公开资源资料、生产边界与环境记录；失效定义、暴露时长和退出原因；公开技术文献、展示口径和历史条件；版本变更、异常记录和失败复核。需对照资源系统与矿业影响中的定义、对象索引与适用条件","「矿业装备可靠性」：在矿业装备可靠性中，怎样核对公开资源资料、生产边界与环境记录，分开“可靠性提高”与“使用减少或漏报”？ 所谓更可靠，是失败更少，还是失败更少被记下来？","true","false","","direction-owned-direction-case"
"mining-engineering-9","mining-engineering","software","资源边界、工况与公开记录","矿业信息系统研究档案：公开资源资料、生产边界与环境记录；系统边界、反馈连接和尺度转换；版本规则、对象索引和使用任务。需对照资源系统与矿业影响中的定义、对象索引与适用条件","「矿业信息系统」：在矿业信息系统中，怎样核对公开资源资料、生产边界与环境记录，分开“整体行为改变”与“局部或边界变化”？","true","false","","direction-owned-direction-case"
"mining-engineering-10","mining-engineering","software","资源边界、工况与公开记录","矿业安全文化研究档案：公开资源资料、生产边界与环境记录；公开资料定义、使用场景和解释边界；生产或服务记录、来源索引和版本条件。需对照的具体条目：公开信号、相互解释与承诺兑现；实践语境、符号用法与传承位置","「矿业安全文化」：在矿业安全文化中，怎样核对公开信号、相互解释与承诺兑现，分开“定义内可检查的改进”与“可见范围或使用条件改变”？","true","false","","direction-owned-direction-case"
"mining-engineering-11","mining-engineering","education","资源边界、工况与公开记录","矿业教育研究档案：教学任务、学生作答与撤去帮助后的新题；相关领域文献对“公开资源资料、生产边界与环境记录”的用语与记录方式；任务目标、辅助条件和延迟表现。需对照资源系统与矿业影响中的定义、对象索引与适用条件","「矿业教育」：在矿业教育中，怎样核对公开资源资料、生产边界与环境记录，分开“独立学习改善”与“辅助或练习效应”？ 当场做对与真正能迁移，材料分别支持哪一个？","true","false","","direction-owned-direction-case"
"mining-engineering-12","mining-engineering","construction","资源边界、工况与公开记录","矿业公共资料研究档案：公开资源资料、生产边界与环境记录；生产或服务记录、来源索引和版本条件。需对照资源系统与矿业影响中的定义、对象索引与适用条件","「矿业公共资料」：在矿业公共资料中，怎样核对公开资源资料、生产边界与环境记录，分开“实际活动变化”与“记录密度或版本变化”？","true","false","","direction-owned-direction-case"
"petroleum-engineering-1","petroleum-engineering","ecology","地层尺度、工况与资料来源","油气地质资料研究档案：公开储层模型、流体性质与生产时序；空间位置、形成序列和多解解释；能量边界、时间负荷和系统服务。需对照储层与能源流体中的定义、对象索引与适用条件","「油气地质资料」：在油气地质资料中，怎样核对公开储层模型、流体性质与生产时序，分开“结构过程差异”与“观测覆盖或模型约束差异”？","true","false","","direction-owned-direction-case"
"petroleum-engineering-2","petroleum-engineering","mechanical","地层尺度、工况与资料来源","油气资源评价研究档案：公开储层模型、流体性质与生产时序；能量边界、时间负荷和系统服务；来源、迁移途径和受影响对象；计量单位、时间窗口和未计入的投入。需对照储层与能源流体中的定义、对象索引与适用条件","「油气资源评价」：在油气资源评价中，怎样核对公开储层模型、流体性质与生产时序，分开“同一服务下节省”与“需求或边界改变”？ 看起来更划算，是效率提高还是少算了投入？","true","false","","direction-owned-direction-case"
"petroleum-engineering-3","petroleum-engineering","mechanical","地层尺度、工况与资料来源","储层模型研究档案：公开储层模型、流体性质与生产时序；空间位置、形成序列和多解解释；模型边界、参数来源和验证情境；参数出处、边界条件和独立检验情境。需对照储层与能源流体中的定义、对象索引与适用条件","「储层模型」：在储层模型中，怎样核对公开储层模型、流体性质与生产时序，分开“结构过程差异”与“观测覆盖或模型约束差异”？ 拟合得好来自可解释结构，还是条件和参数更宽松？","true","false","","direction-owned-direction-case"
"petroleum-engineering-4","petroleum-engineering","mechanical","地层尺度、工况与资料来源","能源流体资料研究档案：公开储层模型、流体性质与生产时序；边界条件、守恒项和流动尺度；能量边界、时间负荷和系统服务；计量单位、时间窗口和未计入的投入。需对照储层与能源流体中的定义、对象索引与适用条件","「能源流体资料」：在能源流体资料中，怎样核对公开储层模型、流体性质与生产时序，分开“动力过程差异”与“尺度或边界差异”？ 看起来更划算，是效率提高还是少算了投入？","true","false","","direction-owned-direction-case"
"petroleum-engineering-5","petroleum-engineering","mechanical","地层尺度、工况与资料来源","油气测量研究档案：公开储层模型、流体性质与生产时序；参考量、校准曲线和不确定性分项；能量边界、时间负荷和系统服务；参考依据、重复读数和误差分项。需对照储层与能源流体中的定义、对象索引与适用条件","「油气测量」：在油气测量中，怎样核对公开储层模型、流体性质与生产时序，分开“被测量变化”与“校准偏差”？ 读数差异来自被测对象，还是测量链的变化？","true","false","","direction-owned-direction-case"
"petroleum-engineering-6","petroleum-engineering","mechanical","地层尺度、工况与资料来源","油气工程史研究档案：同时代记载与后期整理本的年代对照；相关领域文献对“公开储层模型、流体性质与生产时序”的用语与记录方式；同时代资料、后期整理和出处链。需对照储层与能源流体中的定义、对象索引与适用条件","「油气工程史」：在油气工程史中，怎样核对公开储层模型、流体性质与生产时序，分开“有出处的历史解释”与“整理或保存选择”？ 哪一层叙述来自当时，哪一层来自后来的整理？","true","false","","direction-owned-direction-case"
"petroleum-engineering-7","petroleum-engineering","software","地层尺度、工况与资料来源","油气生产系统评价研究档案：公开储层模型、流体性质与生产时序；能量边界、时间负荷和系统服务；到达率、处理能力和波动时段。需对照储层与能源流体中的定义、对象索引与适用条件","「油气生产系统评价」：在油气生产系统评价中，怎样核对公开储层模型、流体性质与生产时序，分开“同一服务下节省”与“需求或边界改变”？","true","false","","direction-owned-direction-case"
"petroleum-engineering-8","petroleum-engineering","ecology","地层尺度、工况与资料来源","油气环境评价研究档案：公开储层模型、流体性质与生产时序；能量边界、时间负荷和系统服务；来源、迁移途径和受影响对象。需对照储层与能源流体中的定义、对象索引与适用条件","「油气环境评价」：在油气环境评价中，怎样核对公开储层模型、流体性质与生产时序，分开“同一服务下节省”与“需求或边界改变”？","true","false","","direction-owned-direction-case"
"petroleum-engineering-9","petroleum-engineering","mechanical","地层尺度、工况与资料来源","油气装备可靠性研究档案：公开储层模型、流体性质与生产时序；能量边界、时间负荷和系统服务；失效定义、暴露时长和退出原因；版本变更、异常记录和失败复核。需对照储层与能源流体中的定义、对象索引与适用条件","「油气装备可靠性」：在油气装备可靠性中，怎样核对公开储层模型、流体性质与生产时序，分开“同一服务下节省”与“需求或边界改变”？ 所谓更可靠，是失败更少，还是失败更少被记下来？","true","false","","direction-owned-direction-case"
"petroleum-engineering-10","petroleum-engineering","mechanical","地层尺度、工况与资料来源","油气数据质量研究档案：公开储层模型、流体性质与生产时序；能量边界、时间负荷和系统服务；标签定义、版本变动和分歧样本；版本变更、异常记录和失败复核。需对照储层与能源流体中的定义、对象索引与适用条件","「油气数据质量」：在油气数据质量中，怎样核对公开储层模型、流体性质与生产时序，分开“同一服务下节省”与“需求或边界改变”？ 所谓更可靠，是失败更少，还是失败更少被记下来？","true","false","","direction-owned-direction-case"
"petroleum-engineering-11","petroleum-engineering","software","地层尺度、工况与资料来源","天然气系统评价研究档案：公开储层模型、流体性质与生产时序；能量边界、时间负荷和系统服务；系统边界、反馈连接和尺度转换。需对照储层与能源流体中的定义、对象索引与适用条件","「天然气系统评价」：在天然气系统评价中，怎样核对公开储层模型、流体性质与生产时序，分开“同一服务下节省”与“需求或边界改变”？","true","false","","direction-owned-direction-case"
"petroleum-engineering-12","petroleum-engineering","mechanical","地层尺度、工况与资料来源","能源转型资料研究档案：公开储层模型、流体性质与生产时序；能量边界、时间负荷和系统服务；计量单位、时间窗口和未计入的投入。需对照储层与能源流体中的定义、对象索引与适用条件","「能源转型资料」：在能源转型资料中，怎样核对公开储层模型、流体性质与生产时序，分开“同一服务下节省”与“需求或边界改变”？ 看起来更划算，是效率提高还是少算了投入？","true","false","","direction-owned-direction-case"
"textile-engineering-1","textile-engineering","chemistry","材料批次、使用条件与性能评价","纺织材料研究档案：纤维组成、织物结构与舒适任务；结构分布、缺陷表征和性质条件；批次、过程窗口和成品质量分布。需对照纤维、织物与使用中的定义、对象索引与适用条件","「纺织材料」：在纺织材料中，怎样核对纤维组成、织物结构与舒适任务，分开“结构差异”与“组成或条件差异”？","true","false","","direction-owned-direction-case"
"textile-engineering-2","textile-engineering","mechanical","材料批次、使用条件与性能评价","纺织工艺评价研究档案：纤维组成、织物结构与舒适任务；批次、过程窗口和成品质量分布。需对照的具体条目：过程条件、批次差异与成品指标","「纺织工艺评价」：在纺织工艺评价中，怎样核对过程条件、批次差异与成品指标，分开“过程能力改善”与“批次构成改变”？","true","false","","direction-owned-direction-case"
"textile-engineering-3","textile-engineering","chemistry","材料批次、使用条件与性能评价","纺织化学资料研究档案：纤维组成、织物结构与舒适任务；物种指认、平衡条件和测量信号；批次、过程窗口和成品质量分布。需对照纤维、织物与使用中的定义、对象索引与适用条件","「纺织化学资料」：在纺织化学资料中，怎样核对纤维组成、织物结构与舒适任务，分开“真实组成差异”与“指认或响应差异”？","true","false","","direction-owned-direction-case"
"textile-engineering-4","textile-engineering","mechanical","材料批次、使用条件与性能评价","服装设计与工程研究档案：纤维组成、织物结构与舒适任务；设计任务、迭代版本和使用者反馈；任务路径、迭代版本和错误恢复记录。需对照纤维、织物与使用中的定义、对象索引与适用条件","「服装设计与工程」：在服装设计与工程中，怎样核对纤维组成、织物结构与舒适任务，分开“理解或使用改善”与“展示或辅助变化”？ 这次变好是设计改进，还是使用者得到更多帮助？","true","false","","direction-owned-direction-case"
"textile-engineering-5","textile-engineering","mechanical","材料批次、使用条件与性能评价","纺织测量研究档案：纤维组成、织物结构与舒适任务；参考量、校准曲线和不确定性分项；批次、过程窗口和成品质量分布；参考依据、重复读数和误差分项。需对照纤维、织物与使用中的定义、对象索引与适用条件","「纺织测量」：在纺织测量中，怎样核对纤维组成、织物结构与舒适任务，分开“被测量变化”与“校准偏差”？ 读数差异来自被测对象，还是测量链的变化？","true","false","","direction-owned-direction-case"
"textile-engineering-6","textile-engineering","mechanical","材料批次、使用条件与性能评价","纺织舒适性研究档案：纤维组成、织物结构与舒适任务；批次、过程窗口和成品质量分布。需对照的具体条目：穿着条件、主观体验与物性读数","「纺织舒适性」：在纺织舒适性中，怎样核对穿着条件、主观体验与物性读数，分开“过程能力改善”与“批次构成改变”？","true","false","","direction-owned-direction-case"
"textile-engineering-7","textile-engineering","construction","材料批次、使用条件与性能评价","纺织结构研究档案：纤维组成、织物结构与舒适任务；批次、过程窗口和成品质量分布。需对照的具体条目：纤维排列、织物组织与力学响应","「纺织结构」：在纺织结构中，怎样核对纤维排列、织物组织与力学响应，分开“过程能力改善”与“批次构成改变”？","true","false","","direction-owned-direction-case"
"textile-engineering-8","textile-engineering","mechanical","材料批次、使用条件与性能评价","纺织质量管理研究档案：纤维组成、织物结构与舒适任务；批次、过程窗口和成品质量分布；标签定义、版本变动和分歧样本；版本变更、异常记录和失败复核。需对照纤维、织物与使用中的定义、对象索引与适用条件","「纺织质量管理」：在纺织质量管理中，怎样核对纤维组成、织物结构与舒适任务，分开“过程能力改善”与“批次构成改变”？ 所谓更可靠，是失败更少，还是失败更少被记下来？","true","false","","direction-owned-direction-case"
"textile-engineering-9","textile-engineering","mechanical","材料批次、使用条件与性能评价","纺织资源循环研究档案：纤维组成、织物结构与舒适任务；批次、过程窗口和成品质量分布；物理边界、观测响应和过程量；计量单位、时间窗口和未计入的投入。需对照纤维、织物与使用中的定义、对象索引与适用条件","「纺织资源循环」：在纺织资源循环中，怎样核对纤维组成、织物结构与舒适任务，分开“过程能力改善”与“批次构成改变”？ 看起来更划算，是效率提高还是少算了投入？","true","false","","direction-owned-direction-case"
"textile-engineering-10","textile-engineering","mechanical","材料批次、使用条件与性能评价","纺织数字化研究档案：纤维组成、织物结构与舒适任务；批次、过程窗口和成品质量分布；版本规则、对象索引和使用任务。需对照的具体条目：编码规则、平台入口与不可见记录","「纺织数字化」：在纺织数字化中，怎样核对编码规则、平台入口与不可见记录，分开“过程能力改善”与“批次构成改变”？","true","false","","direction-owned-direction-case"
"textile-engineering-11","textile-engineering","mechanical","材料批次、使用条件与性能评价","纺织史研究档案：同时代记载与后期整理本的年代对照；相关领域文献对“纤维组成、织物结构与舒适任务”的用语与记录方式；同时代资料、后期整理和出处链。需对照纤维、织物与使用中的定义、对象索引与适用条件","「纺织史」：在纺织史中，怎样核对纤维组成、织物结构与舒适任务，分开“有出处的历史解释”与“整理或保存选择”？ 哪一层叙述来自当时，哪一层来自后来的整理？","true","false","","direction-owned-direction-case"
"textile-engineering-12","textile-engineering","education","材料批次、使用条件与性能评价","纺织教育研究档案：教学任务、学生作答与撤去帮助后的新题；相关领域文献对“纤维组成、织物结构与舒适任务”的用语与记录方式；任务目标、辅助条件和延迟表现。需对照纤维、织物与使用中的定义、对象索引与适用条件","「纺织教育」：在纺织教育中，怎样核对纤维组成、织物结构与舒适任务，分开“独立学习改善”与“辅助或练习效应”？ 当场做对与真正能迁移，材料分别支持哪一个？","true","false","","direction-owned-direction-case"
"light-industry-1","light-industry","mechanical","材料来源、过程边界与使用需求","制浆造纸资料研究档案：原料性质、加工变化与回收边界；批次、过程窗口和成品质量分布。需对照的具体条目：原料来源、纤维状态与纸张指标","「制浆造纸资料」：在制浆造纸资料中，怎样核对原料来源、纤维状态与纸张指标，分开“过程能力改善”与“批次构成改变”？","true","false","","direction-owned-direction-case"
"light-industry-2","light-industry","chemistry","材料来源、过程边界与使用需求","制革材料资料研究档案：原料性质、加工变化与回收边界；结构分布、缺陷表征和性质条件；批次、过程窗口和成品质量分布。需对照轻工材料与循环中的定义、对象索引与适用条件","「制革材料资料」：在制革材料资料中，怎样核对原料性质、加工变化与回收边界，分开“结构差异”与“组成或条件差异”？","true","false","","direction-owned-direction-case"
"light-industry-3","light-industry","mechanical","材料来源、过程边界与使用需求","包装工程研究档案：原料性质、加工变化与回收边界；批次、过程窗口和成品质量分布。需对照的具体条目：保护功能、使用任务与全周期边界","「包装工程」：在包装工程中，怎样核对保护功能、使用任务与全周期边界，分开“过程能力改善”与“批次构成改变”？","true","false","","direction-owned-direction-case"
"light-industry-4","light-industry","mechanical","材料来源、过程边界与使用需求","印刷工程研究档案：原料性质、加工变化与回收边界；批次、过程窗口和成品质量分布。需对照的具体条目：色彩条件、版面细节与复制误差","「印刷工程」：在印刷工程中，怎样核对色彩条件、版面细节与复制误差，分开“过程能力改善”与“批次构成改变”？","true","false","","direction-owned-direction-case"
"light-industry-5","light-industry","mechanical","材料来源、过程边界与使用需求","轻工过程评价研究档案：原料性质、加工变化与回收边界；生产或服务记录、来源索引和版本条件；时间戳、状态阶段和变化前后的并列记录。需对照轻工材料与循环中的定义、对象索引与适用条件","「轻工过程评价」：在轻工过程评价中，怎样核对原料性质、加工变化与回收边界，分开“实际活动变化”与“记录密度或版本变化”？ 变化先后关系是否与提出的解释相符？","true","false","","direction-owned-direction-case"
"light-industry-6","light-industry","mechanical","材料来源、过程边界与使用需求","轻工资源循环研究档案：原料性质、加工变化与回收边界；物理边界、观测响应和过程量；生产或服务记录、来源索引和版本条件；计量单位、时间窗口和未计入的投入。需对照轻工材料与循环中的定义、对象索引与适用条件","「轻工资源循环」：在轻工资源循环中，怎样核对原料性质、加工变化与回收边界，分开“物理过程变化”与“响应或边界改变”？ 看起来更划算，是效率提高还是少算了投入？","true","false","","direction-owned-direction-case"
"light-industry-7","light-industry","interaction","材料来源、过程边界与使用需求","轻工产品设计研究档案：原料性质、加工变化与回收边界；成分、实际摄入和感官任务条件；设计任务、迭代版本和使用者反馈；任务路径、迭代版本和错误恢复记录。需对照的具体条目：制造约束、功能任务与使用环境","「轻工产品设计」：在轻工产品设计中，怎样核对制造约束、功能任务与使用环境，分开“品质或摄入变化”与“任务或消费情境差异”？ 这次变好是设计改进，还是使用者得到更多帮助？","true","false","","direction-owned-direction-case"
"light-industry-8","light-industry","mechanical","材料来源、过程边界与使用需求","轻工质量管理研究档案：原料性质、加工变化与回收边界；标签定义、版本变动和分歧样本；到达率、处理能力和波动时段；版本变更、异常记录和失败复核。需对照轻工材料与循环中的定义、对象索引与适用条件","「轻工质量管理」：在轻工质量管理中，怎样核对原料性质、加工变化与回收边界，分开“信息表达改善”与“标签口径改变”？ 所谓更可靠，是失败更少，还是失败更少被记下来？","true","false","","direction-owned-direction-case"
"light-industry-9","light-industry","chemistry","材料来源、过程边界与使用需求","轻工材料测量研究档案：原料性质、加工变化与回收边界；结构分布、缺陷表征和性质条件；参考量、校准曲线和不确定性分项；参考依据、重复读数和误差分项。需对照轻工材料与循环中的定义、对象索引与适用条件","「轻工材料测量」：在轻工材料测量中，怎样核对原料性质、加工变化与回收边界，分开“结构差异”与“组成或条件差异”？ 读数差异来自被测对象，还是测量链的变化？","true","false","","direction-owned-direction-case"
"light-industry-10","light-industry","ecology","材料来源、过程边界与使用需求","轻工环境评价研究档案：原料性质、加工变化与回收边界；来源、迁移途径和受影响对象；生产或服务记录、来源索引和版本条件。需对照轻工材料与循环中的定义、对象索引与适用条件","「轻工环境评价」：在轻工环境评价中，怎样核对原料性质、加工变化与回收边界，分开“来源或过程变化”与“迁移或对象变化”？","true","false","","direction-owned-direction-case"
"light-industry-11","light-industry","mechanical","材料来源、过程边界与使用需求","轻工数字化研究档案：原料性质、加工变化与回收边界；版本规则、对象索引和使用任务；生产或服务记录、来源索引和版本条件。需对照的具体条目：编码规则、平台入口与不可见记录","「轻工数字化」：在轻工数字化中，怎样核对编码规则、平台入口与不可见记录，分开“对象信息改善”与“格式或版本改变”？","true","false","","direction-owned-direction-case"
"light-industry-12","light-industry","mechanical","材料来源、过程边界与使用需求","轻工史研究档案：同时代记载与后期整理本的年代对照；相关领域文献对“原料性质、加工变化与回收边界”的用语与记录方式；同时代资料、后期整理和出处链。需对照轻工材料与循环中的定义、对象索引与适用条件","「轻工史」：在轻工史中，怎样核对原料性质、加工变化与回收边界，分开“有出处的历史解释”与“整理或保存选择”？ 哪一层叙述来自当时，哪一层来自后来的整理？","true","false","","direction-owned-direction-case"
"transportation-engineering-1","transportation-engineering","mechanical","出行时间、系统边界与评价对象","道路与铁道工程资料研究档案：需求时空、网络节点与服务覆盖；出行链、等待时间和可达机会。需对照出行、运输与网络中的定义、对象索引与适用条件","「道路与铁道工程资料」：在道路与铁道工程资料中，怎样核对需求时空、网络节点与服务覆盖，分开“真实可达机会增加”与“样本路线改变”？","true","false","","direction-owned-direction-case"
"transportation-engineering-2","transportation-engineering","electronics","出行时间、系统边界与评价对象","交通信息工程研究档案：需求时空、网络节点与服务覆盖；采样条件、频谱结构和噪声假设；出行链、等待时间和可达机会。需对照的具体条目：链路条件、带宽与误码判据；完整出行链、等待与目的地机会","「交通信息工程」：在交通信息工程中，怎样核对链路条件、带宽与误码判据，分开“信号结构改变”与“滤波或采样改变”？","true","false","","direction-owned-direction-case"
"transportation-engineering-3","transportation-engineering","mechanical","出行时间、系统边界与评价对象","交通运输规划研究档案：需求时空、网络节点与服务覆盖；可行域、目标权重和约束松弛；出行链、等待时间和可达机会。需对照的具体条目：完整出行链、等待与目的地机会","「交通运输规划」：在交通运输规划中，怎样核对完整出行链、等待与目的地机会，分开“同一约束下的改进”与“放松约束造成的收益”？","true","false","","direction-owned-direction-case"
"transportation-engineering-4","transportation-engineering","mechanical","出行时间、系统边界与评价对象","交通运载工具评价研究档案：需求时空、网络节点与服务覆盖；版本锁定、输入契约和故障复现；出行链、等待时间和可达机会。需对照的具体条目：完整出行链、等待与目的地机会","「交通运载工具评价」：在交通运载工具评价中，怎样核对完整出行链、等待与目的地机会，分开“代码行为变化”与“运行环境变化”？","true","false","","direction-owned-direction-case"
"transportation-engineering-5","transportation-engineering","mechanical","出行时间、系统边界与评价对象","交通组织研究档案：需求时空、网络节点与服务覆盖；出行链、等待时间和可达机会；细胞组成、功能层次和独立来源；正式文本、执行条件与被排除的对象。需对照的具体条目：完整出行链、等待与目的地机会；角色分工、资源联系与实际协调","「交通组织」：在交通组织中，怎样核对完整出行链、等待与目的地机会，分开“真实可达机会增加”与“样本路线改变”？ 文本已经改变，实际机会和执行是否也改变了？","true","false","","direction-owned-direction-case"
"transportation-engineering-6","transportation-engineering","mechanical","出行时间、系统边界与评价对象","出行行为研究档案：需求时空、网络节点与服务覆盖；出行链、等待时间和可达机会。需对照的具体条目：完整出行链、等待与目的地机会；选择集合、行程目的与机会约束","「出行行为」：在出行行为中，怎样核对选择集合、行程目的与机会约束，分开“真实可达机会增加”与“样本路线改变”？","true","false","","direction-owned-direction-case"
"transportation-engineering-7","transportation-engineering","mechanical","出行时间、系统边界与评价对象","公共交通研究档案：需求时空、网络节点与服务覆盖；出行链、等待时间和可达机会。需对照的具体条目：完整出行链、等待与目的地机会；线路覆盖、候车时间与换乘条件","「公共交通」：在公共交通中，怎样核对线路覆盖、候车时间与换乘条件，分开“真实可达机会增加”与“样本路线改变”？","true","false","","direction-owned-direction-case"
"transportation-engineering-8","transportation-engineering","mechanical","出行时间、系统边界与评价对象","交通测量研究档案：需求时空、网络节点与服务覆盖；参考量、校准曲线和不确定性分项；出行链、等待时间和可达机会；参考依据、重复读数和误差分项。需对照的具体条目：完整出行链、等待与目的地机会","「交通测量」：在交通测量中，怎样核对完整出行链、等待与目的地机会，分开“被测量变化”与“校准偏差”？ 读数差异来自被测对象，还是测量链的变化？","true","false","","direction-owned-direction-case"
"transportation-engineering-9","transportation-engineering","mechanical","出行时间、系统边界与评价对象","交通可靠性研究档案：需求时空、网络节点与服务覆盖；出行链、等待时间和可达机会；失效定义、暴露时长和退出原因；版本变更、异常记录和失败复核。需对照的具体条目：完整出行链、等待与目的地机会","「交通可靠性」：在交通可靠性中，怎样核对完整出行链、等待与目的地机会，分开“真实可达机会增加”与“样本路线改变”？ 所谓更可靠，是失败更少，还是失败更少被记下来？","true","false","","direction-owned-direction-case"
"transportation-engineering-10","transportation-engineering","ecology","出行时间、系统边界与评价对象","交通环境评价研究档案：需求时空、网络节点与服务覆盖；出行链、等待时间和可达机会；来源、迁移途径和受影响对象。需对照的具体条目：完整出行链、等待与目的地机会","「交通环境评价」：在交通环境评价中，怎样核对完整出行链、等待与目的地机会，分开“真实可达机会增加”与“样本路线改变”？","true","false","","direction-owned-direction-case"
"transportation-engineering-11","transportation-engineering","mechanical","出行时间、系统边界与评价对象","交通工程史研究档案：同时代记载与后期整理本的年代对照；相关领域文献对“需求时空、网络节点与服务覆盖”的用语与记录方式；同时代资料、后期整理和出处链。需对照的具体条目：完整出行链、等待与目的地机会","「交通工程史」：在交通工程史中，怎样核对完整出行链、等待与目的地机会，分开“有出处的历史解释”与“整理或保存选择”？ 哪一层叙述来自当时，哪一层来自后来的整理？","true","false","","direction-owned-direction-case"
"transportation-engineering-12","transportation-engineering","mechanical","出行时间、系统边界与评价对象","交通可及性研究档案：需求时空、网络节点与服务覆盖；出行链、等待时间和可达机会；任务完成、错误恢复和辅助条件；任务路径、迭代版本和错误恢复记录。需对照的具体条目：完整出行链、等待与目的地机会","「交通可及性」：在交通可及性中，怎样核对完整出行链、等待与目的地机会，分开“真实可达机会增加”与“样本路线改变”？ 这次变好是设计改进，还是使用者得到更多帮助？","true","false","","direction-owned-direction-case"
"ship-engineering-1","ship-engineering","mechanical","尺度效应、海况与模型边界","船舶结构评价研究档案：公开船体模型、波浪条件与系统响应；出行链、等待时间和可达机会。需对照的具体条目：海况、载荷状态与协作时间","「船舶结构评价」：在船舶结构评价中，怎样核对海况、载荷状态与协作时间，分开“真实可达机会增加”与“样本路线改变”？","true","false","structures","direction-owned-direction-case"
"ship-engineering-2","ship-engineering","mechanical","尺度效应、海况与模型边界","船舶流体模型研究档案：公开船体模型、波浪条件与系统响应；边界条件、守恒项和流动尺度；出行链、等待时间和可达机会；参数出处、边界条件和独立检验情境。需对照的具体条目：海况、载荷状态与协作时间","「船舶流体模型」：在船舶流体模型中，怎样核对海况、载荷状态与协作时间，分开“动力过程差异”与“尺度或边界差异”？ 拟合得好来自可解释结构，还是条件和参数更宽松？","true","false","","direction-owned-direction-case"
"ship-engineering-3","ship-engineering","ecology","尺度效应、海况与模型边界","海洋结构研究档案：公开船体模型、波浪条件与系统响应；水体层次、季节窗口和观测覆盖。需对照的具体条目：水层位置、季节与水团背景","「海洋结构」：在海洋结构中，怎样核对水层位置、季节与水团背景，分开“生态或物理变化”与“层位或季节变化”？","true","false","structures","direction-owned-direction-case"
"ship-engineering-4","ship-engineering","mechanical","尺度效应、海况与模型边界","船舶动力资料研究档案：公开船体模型、波浪条件与系统响应；初值集合、时间轨迹和稳定性定义；出行链、等待时间和可达机会。需对照的具体条目：海况、载荷状态与协作时间","「船舶动力资料」：在船舶动力资料中，怎样核对海况、载荷状态与协作时间，分开“局部轨迹性质”与“未覆盖的初值行为”？","true","false","","direction-owned-direction-case"
"ship-engineering-5","ship-engineering","ecology","尺度效应、海况与模型边界","海洋工程测量研究档案：公开船体模型、波浪条件与系统响应；参考量、校准曲线和不确定性分项；水体层次、季节窗口和观测覆盖；参考依据、重复读数和误差分项。需对照的具体条目：水层位置、季节与水团背景；控制点、位置精度与施工任务","「海洋工程测量」：在海洋工程测量中，怎样核对控制点、位置精度与施工任务，分开“被测量变化”与“校准偏差”？ 读数差异来自被测对象，还是测量链的变化？","true","false","","direction-owned-direction-case"
"ship-engineering-6","ship-engineering","ecology","尺度效应、海况与模型边界","海洋装备可靠性研究档案：公开船体模型、波浪条件与系统响应；水体层次、季节窗口和观测覆盖；失效定义、暴露时长和退出原因；版本变更、异常记录和失败复核。需对照的具体条目：水层位置、季节与水团背景","「海洋装备可靠性」：在海洋装备可靠性中，怎样核对水层位置、季节与水团背景，分开“生态或物理变化”与“层位或季节变化”？ 所谓更可靠，是失败更少，还是失败更少被记下来？","true","false","","direction-owned-direction-case"
"ship-engineering-7","ship-engineering","ecology","尺度效应、海况与模型边界","港口协作资料研究档案：公开船体模型、波浪条件与系统响应；节点口径、边含义和缺失连接；出行链、等待时间和可达机会。需对照的具体条目：海况、载荷状态与协作时间","「港口协作资料」：在港口协作资料中，怎样核对海况、载荷状态与协作时间，分开“实际关系改变”与“采集范围改变”？","true","false","","direction-owned-direction-case"
"ship-engineering-8","ship-engineering","process","尺度效应、海况与模型边界","海洋环境工况研究档案：公开船体模型、波浪条件与系统响应；水体层次、季节窗口和观测覆盖；来源、迁移途径和受影响对象。需对照的具体条目：水层位置、季节与水团背景","「海洋环境工况」：在海洋环境工况中，怎样核对水层位置、季节与水团背景，分开“生态或物理变化”与“层位或季节变化”？","true","false","","direction-owned-direction-case"
"ship-engineering-9","ship-engineering","mechanical","尺度效应、海况与模型边界","船舶工程史研究档案：同时代记载与后期整理本的年代对照；相关领域文献对“公开船体模型、波浪条件与系统响应”的用语与记录方式；同时代资料、后期整理和出处链。需对照的具体条目：海况、载荷状态与协作时间","「船舶工程史」：在船舶工程史中，怎样核对海况、载荷状态与协作时间，分开“有出处的历史解释”与“整理或保存选择”？ 哪一层叙述来自当时，哪一层来自后来的整理？","true","false","","direction-owned-direction-case"
"ship-engineering-10","ship-engineering","ecology","尺度效应、海况与模型边界","海洋工程材料研究档案：公开船体模型、波浪条件与系统响应；结构分布、缺陷表征和性质条件；水体层次、季节窗口和观测覆盖。需对照的具体条目：水层位置、季节与水团背景","「海洋工程材料」：在海洋工程材料中，怎样核对水层位置、季节与水团背景，分开“结构差异”与“组成或条件差异”？","true","false","","direction-owned-direction-case"
"ship-engineering-11","ship-engineering","mechanical","尺度效应、海况与模型边界","船舶数字化研究档案：公开船体模型、波浪条件与系统响应；出行链、等待时间和可达机会；版本规则、对象索引和使用任务。需对照的具体条目：海况、载荷状态与协作时间；编码规则、平台入口与不可见记录","「船舶数字化」：在船舶数字化中，怎样核对海况、载荷状态与协作时间，分开“真实可达机会增加”与“样本路线改变”？","true","false","","direction-owned-direction-case"
"ship-engineering-12","ship-engineering","education","尺度效应、海况与模型边界","海洋工程教育研究档案：教学任务、学生作答与撤去帮助后的新题；相关领域文献对“公开船体模型、波浪条件与系统响应”的用语与记录方式；任务目标、辅助条件和延迟表现。需对照的具体条目：水层位置、季节与水团背景","「海洋工程教育」：在海洋工程教育中，怎样核对水层位置、季节与水团背景，分开“独立学习改善”与“辅助或练习效应”？ 当场做对与真正能迁移，材料分别支持哪一个？","true","false","","direction-owned-direction-case"
"armament-history-1","armament-history","military","公开史料出处、历史工况与解释范围","兵器技术史研究档案：同时代记载与后期整理本的年代对照；相关领域文献对“博物馆藏品、公开标准与技术文献”的用语与记录方式；公开技术文献、展示口径和历史条件；同时代资料、后期整理和出处链。需对照的具体条目：工具版本、使用任务与适用承诺","「兵器技术史」：在兵器技术史中，怎样核对工具版本、使用任务与适用承诺，分开“有出处的公开主张”与“展示或传播取舍”？ 哪一层叙述来自当时，哪一层来自后来的整理？","true","false","military-history","direction-owned-direction-case"
"armament-history-2","armament-history","military","公开史料出处、历史工况与解释范围","装备博物馆资料研究档案：公开来源、展陈取舍与观众提出的问题；相关领域文献对“博物馆藏品、公开标准与技术文献”的用语与记录方式；公开技术文献、展示口径和历史条件。需对照的具体条目：藏品出处、展陈分类与历史说明","「装备博物馆资料」：在装备博物馆资料中，怎样核对藏品出处、展陈分类与历史说明，分开“有出处的公开主张”与“展示或传播取舍”？ 展出的主张哪些有来源，哪些是解释或宣传？","true","false","military-history","direction-owned-direction-case"
"armament-history-3","armament-history","military","公开史料出处、历史工况与解释范围","装备标准史研究档案：同时代记载与后期整理本的年代对照；相关领域文献对“博物馆藏品、公开标准与技术文献”的用语与记录方式；公开技术文献、展示口径和历史条件；同时代资料、后期整理和出处链。需对照公开装备文物与技术史中的定义、对象索引与适用条件","「装备标准史」：在装备标准史中，怎样核对博物馆藏品、公开标准与技术文献，分开“有出处的公开主张”与“展示或传播取舍”？ 哪一层叙述来自当时，哪一层来自后来的整理？","true","false","military-history","direction-owned-direction-case"
"armament-history-4","armament-history","military","公开史料出处、历史工况与解释范围","技术档案评价研究档案：逐页出处、底本差异和缺页索引；相关领域文献对“博物馆藏品、公开标准与技术文献”的用语与记录方式；同时代资料、后期整理和出处链。需对照的具体条目：工具版本、使用任务与适用承诺；形成机关、归档过程与缺件","「技术档案评价」：在技术档案评价中，怎样核对工具版本、使用任务与适用承诺，分开“有出处的历史解释”与“整理或保存选择”？ 这个说法在原材料的哪一页，另一版本为何不同？","true","false","military-history","direction-owned-direction-case"
"armament-history-5","armament-history","military","公开史料出处、历史工况与解释范围","公开技术叙事研究档案：博物馆藏品、公开标准与技术文献；公开技术文献、展示口径和历史条件；公开资料定义、使用场景和解释边界。需对照的具体条目：叙述声音、关键片段与版本语境；工具版本、使用任务与适用承诺","「公开技术叙事」：在公开技术叙事中，怎样核对叙述声音、关键片段与版本语境，分开“有出处的公开主张”与“展示或传播取舍”？","true","false","military-history","direction-owned-direction-case"
"armament-history-6","armament-history","military","公开史料出处、历史工况与解释范围","材料史研究档案：同时代记载与后期整理本的年代对照；相关领域文献对“博物馆藏品、公开标准与技术文献”的用语与记录方式；同时代资料、后期整理和出处链。需对照公开装备文物与技术史中的定义、对象索引与适用条件","「材料史」：在材料史中，怎样核对博物馆藏品、公开标准与技术文献，分开“有出处的历史解释”与“整理或保存选择”？ 哪一层叙述来自当时，哪一层来自后来的整理？","true","false","military-history","direction-owned-direction-case"
"armament-history-7","armament-history","military","公开史料出处、历史工况与解释范围","工业组织史研究档案：同时代记载与后期整理本的年代对照；相关领域文献对“博物馆藏品、公开标准与技术文献”的用语与记录方式；同时代资料、后期整理和出处链。需对照的具体条目：制造约束、功能任务与使用环境；角色分工、资源联系与实际协调","「工业组织史」：在工业组织史中，怎样核对制造约束、功能任务与使用环境，分开“有出处的历史解释”与“整理或保存选择”？ 哪一层叙述来自当时，哪一层来自后来的整理？","true","false","military-history","direction-owned-direction-case"
"armament-history-8","armament-history","military","公开史料出处、历史工况与解释范围","科技伦理研究档案：行动者理由、利益负担与提出异议的记录；相关领域文献对“博物馆藏品、公开标准与技术文献”的用语与记录方式；受益负担、行动理由和申诉机会。需对照的具体条目：行动理由、受益负担与申诉机会；仪器记录、研究制度与知识传播","「科技伦理」：在科技伦理中，怎样核对行动理由、受益负担与申诉机会，分开“可辩护的规范理由”与“偏好数量代替理由”？ 谁承担了负担，现有理由怎样回应他的异议？","true","false","military-history","direction-owned-direction-case"
"armament-history-9","armament-history","military","公开史料出处、历史工况与解释范围","装备展示研究研究档案：公开来源、展陈取舍与观众提出的问题；相关领域文献对“博物馆藏品、公开标准与技术文献”的用语与记录方式；公开技术文献、展示口径和历史条件。需对照的具体条目：展示选择、公开主张与观众理解","「装备展示研究」：在装备展示研究中，怎样核对展示选择、公开主张与观众理解，分开“有出处的公开主张”与“展示或传播取舍”？ 展出的主张哪些有来源，哪些是解释或宣传？","true","false","military-history","direction-owned-direction-case"
"armament-history-10","armament-history","military","公开史料出处、历史工况与解释范围","技术教育史研究档案：同时代记载与后期整理本的年代对照；相关领域文献对“博物馆藏品、公开标准与技术文献”的用语与记录方式；同时代资料、后期整理和出处链。需对照的具体条目：工具版本、使用任务与适用承诺","「技术教育史」：在技术教育史中，怎样核对工具版本、使用任务与适用承诺，分开“有出处的历史解释”与“整理或保存选择”？ 哪一层叙述来自当时，哪一层来自后来的整理？","true","false","military-history","direction-owned-direction-case"
"armament-history-11","armament-history","military","公开史料出处、历史工况与解释范围","文物技术资料研究档案：博物馆藏品、公开标准与技术文献；来源链、材料状态和保存环境。需对照的具体条目：工具版本、使用任务与适用承诺","「文物技术资料」：在文物技术资料中，怎样核对工具版本、使用任务与适用承诺，分开“材料保存改善”与“环境或记录差异”？","true","false","military-history","direction-owned-direction-case"
"armament-history-12","armament-history","military","公开史料出处、历史工况与解释范围","技术文献校勘研究档案：逐页出处、底本差异和缺页索引；相关领域文献对“博物馆藏品、公开标准与技术文献”的用语与记录方式；同时代资料、后期整理和出处链。需对照的具体条目：工具版本、使用任务与适用承诺；异文分布、传抄关系与改字依据","「技术文献校勘」：在技术文献校勘中，怎样核对工具版本、使用任务与适用承诺，分开“有出处的历史解释”与“整理或保存选择”？ 这个说法在原材料的哪一页，另一版本为何不同？","true","false","military-history","direction-owned-direction-case"
"nuclear-engineering-1","nuclear-engineering","mechanical","公开资料口径、评价边界与不确定性","核工程史研究档案：同时代记载与后期整理本的年代对照；相关领域文献对“公开系统资料、辐射测量语义与环境评价”的用语与记录方式；公开技术文献、展示口径和历史条件；同时代资料、后期整理和出处链。需对照公开核能系统与测量中的定义、对象索引与适用条件","「核工程史」：在核工程史中，怎样核对公开系统资料、辐射测量语义与环境评价，分开“有出处的公开主张”与“展示或传播取舍”？ 哪一层叙述来自当时，哪一层来自后来的整理？","true","false","energy","direction-owned-direction-case"
"nuclear-engineering-2","nuclear-engineering","software","公开资料口径、评价边界与不确定性","核能系统评价研究档案：公开系统资料、辐射测量语义与环境评价；能量边界、时间负荷和系统服务；系统边界、反馈连接和尺度转换。需对照公开核能系统与测量中的定义、对象索引与适用条件","「核能系统评价」：在核能系统评价中，怎样核对公开系统资料、辐射测量语义与环境评价，分开“同一服务下节省”与“需求或边界改变”？","true","false","energy","direction-owned-direction-case"
"nuclear-engineering-3","nuclear-engineering","mechanical","公开资料口径、评价边界与不确定性","辐射测量资料研究档案：公开系统资料、辐射测量语义与环境评价；参考量、校准曲线和不确定性分项；公开技术文献、展示口径和历史条件；参考依据、重复读数和误差分项。需对照公开核能系统与测量中的定义、对象索引与适用条件","「辐射测量资料」：在辐射测量资料中，怎样核对公开系统资料、辐射测量语义与环境评价，分开“被测量变化”与“校准偏差”？ 读数差异来自被测对象，还是测量链的变化？","true","false","energy","direction-owned-direction-case"
"nuclear-engineering-4","nuclear-engineering","mechanical","公开资料口径、评价边界与不确定性","核仪器史研究档案：同时代记载与后期整理本的年代对照；相关领域文献对“公开系统资料、辐射测量语义与环境评价”的用语与记录方式；同时代资料、后期整理和出处链。需对照公开核能系统与测量中的定义、对象索引与适用条件","「核仪器史」：在核仪器史中，怎样核对公开系统资料、辐射测量语义与环境评价，分开“有出处的历史解释”与“整理或保存选择”？ 哪一层叙述来自当时，哪一层来自后来的整理？","true","false","energy","direction-owned-direction-case"
"nuclear-engineering-5","nuclear-engineering","chemistry","公开资料口径、评价边界与不确定性","核材料公开资料研究档案：公开系统资料、辐射测量语义与环境评价；结构分布、缺陷表征和性质条件；公开资料定义、使用场景和解释边界。需对照公开核能系统与测量中的定义、对象索引与适用条件","「核材料公开资料」：在核材料公开资料中，怎样核对公开系统资料、辐射测量语义与环境评价，分开“结构差异”与“组成或条件差异”？","true","false","energy","direction-owned-direction-case"
"nuclear-engineering-6","nuclear-engineering","ecology","公开资料口径、评价边界与不确定性","核能环境评价研究档案：公开系统资料、辐射测量语义与环境评价；能量边界、时间负荷和系统服务；来源、迁移途径和受影响对象。需对照公开核能系统与测量中的定义、对象索引与适用条件","「核能环境评价」：在核能环境评价中，怎样核对公开系统资料、辐射测量语义与环境评价，分开“同一服务下节省”与“需求或边界改变”？","true","false","energy","direction-owned-direction-case"
"nuclear-engineering-7","nuclear-engineering","mechanical","公开资料口径、评价边界与不确定性","核能政策研究档案：公开系统资料、辐射测量语义与环境评价；能量边界、时间负荷和系统服务；正式文本、执行条件与被排除的对象。需对照的具体条目：文本目标、执行资源与受影响范围","「核能政策」：在核能政策中，怎样核对文本目标、执行资源与受影响范围，分开“同一服务下节省”与“需求或边界改变”？ 文本已经改变，实际机会和执行是否也改变了？","true","false","energy","direction-owned-direction-case"
"nuclear-engineering-8","nuclear-engineering","mechanical","公开资料口径、评价边界与不确定性","核数据质量研究档案：公开系统资料、辐射测量语义与环境评价；标签定义、版本变动和分歧样本；到达率、处理能力和波动时段；版本变更、异常记录和失败复核。需对照公开核能系统与测量中的定义、对象索引与适用条件","「核数据质量」：在核数据质量中，怎样核对公开系统资料、辐射测量语义与环境评价，分开“信息表达改善”与“标签口径改变”？ 所谓更可靠，是失败更少，还是失败更少被记下来？","true","false","energy","direction-owned-direction-case"
"nuclear-engineering-9","nuclear-engineering","education","公开资料口径、评价边界与不确定性","核工程教育研究档案：教学任务、学生作答与撤去帮助后的新题；相关领域文献对“公开系统资料、辐射测量语义与环境评价”的用语与记录方式；任务目标、辅助条件和延迟表现。需对照公开核能系统与测量中的定义、对象索引与适用条件","「核工程教育」：在核工程教育中，怎样核对公开系统资料、辐射测量语义与环境评价，分开“独立学习改善”与“辅助或练习效应”？ 当场做对与真正能迁移，材料分别支持哪一个？","true","false","energy","direction-owned-direction-case"
"nuclear-engineering-10","nuclear-engineering","mechanical","公开资料口径、评价边界与不确定性","公共风险沟通研究档案：公开系统资料、辐射测量语义与环境评价；公开资料定义、使用场景和解释边界。需对照的具体条目：危险条件、暴露对象与实际脆弱性","「公共风险沟通」：在公共风险沟通中，怎样核对危险条件、暴露对象与实际脆弱性，分开“定义内可检查的改进”与“可见范围或使用条件改变”？","true","false","energy","direction-owned-direction-case"
"nuclear-engineering-11","nuclear-engineering","mechanical","公开资料口径、评价边界与不确定性","核能经济评价研究档案：公开系统资料、辐射测量语义与环境评价；能量边界、时间负荷和系统服务；计量单位、时间窗口和未计入的投入。需对照公开核能系统与测量中的定义、对象索引与适用条件","「核能经济评价」：在核能经济评价中，怎样核对公开系统资料、辐射测量语义与环境评价，分开“同一服务下节省”与“需求或边界改变”？ 看起来更划算，是效率提高还是少算了投入？","true","false","energy","direction-owned-direction-case"
"nuclear-engineering-12","nuclear-engineering","mechanical","公开资料口径、评价边界与不确定性","公开模型复现研究档案：公开系统资料、辐射测量语义与环境评价；模型边界、参数来源和验证情境；公开资料定义、使用场景和解释边界；参数出处、边界条件和独立检验情境。需对照的具体条目：原始版本、偏离记录与失败尝试","「公开模型复现」：在公开模型复现中，怎样核对原始版本、偏离记录与失败尝试，分开“机制解释改善”与“校准对验证的依赖”？ 拟合得好来自可解释结构，还是条件和参数更宽松？","true","false","energy","direction-owned-direction-case"
"agricultural-engineering-1","agricultural-engineering","mechanical","作业工况、地块条件与设备版本","农业机械评价研究档案：地块条件、装备任务与作业质量；荷载条件、空间连接和服役环境。需对照的具体条目：载荷路径、连接间隙与服役状态","「农业机械评价」：在农业机械评价中，怎样核对载荷路径、连接间隙与服役状态，分开“整体承载或功能改善”与“载荷或服务环境改变”？","true","false","","direction-owned-direction-case"
"agricultural-engineering-2","agricultural-engineering","mechanical","作业工况、地块条件与设备版本","农业水土工程研究档案：地块条件、装备任务与作业质量；水量边界、输入输出和时间尺度。需对照农田环境与装备中的定义、对象索引与适用条件","「农业水土工程」：在农业水土工程中，怎样核对地块条件、装备任务与作业质量，分开“实际收支变化”与“稀释或观测时段差异”？","true","false","","direction-owned-direction-case"
"agricultural-engineering-3","agricultural-engineering","mechanical","作业工况、地块条件与设备版本","农业生物环境工程研究档案：地块条件、装备任务与作业质量；来源、迁移途径和受影响对象；细胞组成、功能层次和独立来源。需对照农田环境与装备中的定义、对象索引与适用条件","「农业生物环境工程」：在农业生物环境工程中，怎样核对地块条件、装备任务与作业质量，分开“来源或过程变化”与“迁移或对象变化”？","true","false","","direction-owned-direction-case"
"agricultural-engineering-4","agricultural-engineering","mechanical","作业工况、地块条件与设备版本","农业电气化研究档案：地块条件、装备任务与作业质量；能量边界、时间负荷和系统服务。需对照农田环境与装备中的定义、对象索引与适用条件","「农业电气化」：在农业电气化中，怎样核对地块条件、装备任务与作业质量，分开“同一服务下节省”与“需求或边界改变”？","true","false","","direction-owned-direction-case"
"agricultural-engineering-5","agricultural-engineering","mechanical","作业工况、地块条件与设备版本","农业信息化研究档案：地块条件、装备任务与作业质量；版本规则、对象索引和使用任务；生产或服务记录、来源索引和版本条件。需对照农田环境与装备中的定义、对象索引与适用条件","「农业信息化」：在农业信息化中，怎样核对地块条件、装备任务与作业质量，分开“对象信息改善”与“格式或版本改变”？","true","false","","direction-owned-direction-case"
"agricultural-engineering-6","agricultural-engineering","mechanical","作业工况、地块条件与设备版本","农业装备可靠性研究档案：地块条件、装备任务与作业质量；失效定义、暴露时长和退出原因；公开技术文献、展示口径和历史条件；版本变更、异常记录和失败复核。需对照农田环境与装备中的定义、对象索引与适用条件","「农业装备可靠性」：在农业装备可靠性中，怎样核对地块条件、装备任务与作业质量，分开“可靠性提高”与“使用减少或漏报”？ 所谓更可靠，是失败更少，还是失败更少被记下来？","true","false","","direction-owned-direction-case"
"agricultural-engineering-7","agricultural-engineering","mechanical","作业工况、地块条件与设备版本","农业能源评价研究档案：地块条件、装备任务与作业质量；能量边界、时间负荷和系统服务；计量单位、时间窗口和未计入的投入。需对照农田环境与装备中的定义、对象索引与适用条件","「农业能源评价」：在农业能源评价中，怎样核对地块条件、装备任务与作业质量，分开“同一服务下节省”与“需求或边界改变”？ 看起来更划算，是效率提高还是少算了投入？","true","false","","direction-owned-direction-case"
"agricultural-engineering-8","agricultural-engineering","mechanical","作业工况、地块条件与设备版本","设施农业工程研究档案：地块条件、装备任务与作业质量；荷载条件、空间连接和服役环境；生产或服务记录、来源索引和版本条件。需对照农田环境与装备中的定义、对象索引与适用条件","「设施农业工程」：在设施农业工程中，怎样核对地块条件、装备任务与作业质量，分开“整体承载或功能改善”与“载荷或服务环境改变”？","true","false","","direction-owned-direction-case"
"agricultural-engineering-9","agricultural-engineering","mechanical","作业工况、地块条件与设备版本","农业工程测量研究档案：地块条件、装备任务与作业质量；参考量、校准曲线和不确定性分项；生产或服务记录、来源索引和版本条件；参考依据、重复读数和误差分项。需对照的具体条目：控制点、位置精度与施工任务","「农业工程测量」：在农业工程测量中，怎样核对控制点、位置精度与施工任务，分开“被测量变化”与“校准偏差”？ 读数差异来自被测对象，还是测量链的变化？","true","false","","direction-owned-direction-case"
"agricultural-engineering-10","agricultural-engineering","mechanical","作业工况、地块条件与设备版本","农业工程史研究档案：同时代记载与后期整理本的年代对照；相关领域文献对“地块条件、装备任务与作业质量”的用语与记录方式；同时代资料、后期整理和出处链。需对照农田环境与装备中的定义、对象索引与适用条件","「农业工程史」：在农业工程史中，怎样核对地块条件、装备任务与作业质量，分开“有出处的历史解释”与“整理或保存选择”？ 哪一层叙述来自当时，哪一层来自后来的整理？","true","false","","direction-owned-direction-case"
"agricultural-engineering-11","agricultural-engineering","mechanical","作业工况、地块条件与设备版本","农业机器人评价研究档案：地块条件、装备任务与作业质量；输入扰动、反馈状态和响应轨迹。需对照的具体条目：感知误差、控制任务与障碍情境","「农业机器人评价」：在农业机器人评价中，怎样核对感知误差、控制任务与障碍情境，分开“控制响应改善”与“测试工况更容易”？","true","false","","direction-owned-direction-case"
"agricultural-engineering-12","agricultural-engineering","education","作业工况、地块条件与设备版本","农业工程教育研究档案：教学任务、学生作答与撤去帮助后的新题；相关领域文献对“地块条件、装备任务与作业质量”的用语与记录方式；任务目标、辅助条件和延迟表现。需对照农田环境与装备中的定义、对象索引与适用条件","「农业工程教育」：在农业工程教育中，怎样核对地块条件、装备任务与作业质量，分开“独立学习改善”与“辅助或练习效应”？ 当场做对与真正能迁移，材料分别支持哪一个？","true","false","","direction-owned-direction-case"
"forest-engineering-1","forest-engineering","ecology","木材批次、含水状态与性能尺度","森林工程资料研究档案：含水状态、木材结构与林产品任务；荷载条件、空间连接和服役环境。需对照的具体条目：林分阶段、更新个体与调查覆盖","「森林工程资料」：在森林工程资料中，怎样核对林分阶段、更新个体与调查覆盖，分开“整体承载或功能改善”与“载荷或服务环境改变”？","true","false","","direction-owned-direction-case"
"forest-engineering-2","forest-engineering","ecology","木材批次、含水状态与性能尺度","木材科学研究档案：含水状态、木材结构与林产品任务；来源链、材料状态和保存环境。需对照木材与林业过程中的定义、对象索引与适用条件","「木材科学」：在木材科学中，怎样核对含水状态、木材结构与林产品任务，分开“材料保存改善”与“环境或记录差异”？","true","false","","direction-owned-direction-case"
"forest-engineering-3","forest-engineering","ecology","木材批次、含水状态与性能尺度","林产化学资料研究档案：含水状态、木材结构与林产品任务；物种指认、平衡条件和测量信号。需对照木材与林业过程中的定义、对象索引与适用条件","「林产化学资料」：在林产化学资料中，怎样核对含水状态、木材结构与林产品任务，分开“真实组成差异”与“指认或响应差异”？","true","false","","direction-owned-direction-case"
"forest-engineering-4","forest-engineering","construction","木材批次、含水状态与性能尺度","木材结构研究档案：含水状态、木材结构与林产品任务；来源链、材料状态和保存环境。需对照木材与林业过程中的定义、对象索引与适用条件","「木材结构」：在木材结构中，怎样核对含水状态、木材结构与林产品任务，分开“材料保存改善”与“环境或记录差异”？","true","false","","direction-owned-direction-case"
"forest-engineering-5","forest-engineering","ecology","木材批次、含水状态与性能尺度","林业装备评价研究档案：含水状态、木材结构与林产品任务；公开技术文献、展示口径和历史条件；生境条件、调查覆盖和管理历程。需对照的具体条目：林分阶段、更新个体与调查覆盖","「林业装备评价」：在林业装备评价中，怎样核对林分阶段、更新个体与调查覆盖，分开“有出处的公开主张”与“展示或传播取舍”？","true","false","","direction-owned-direction-case"
"forest-engineering-6","forest-engineering","ecology","木材批次、含水状态与性能尺度","木材测量研究档案：含水状态、木材结构与林产品任务；参考量、校准曲线和不确定性分项；来源链、材料状态和保存环境；参考依据、重复读数和误差分项。需对照木材与林业过程中的定义、对象索引与适用条件","「木材测量」：在木材测量中，怎样核对含水状态、木材结构与林产品任务，分开“被测量变化”与“校准偏差”？ 读数差异来自被测对象，还是测量链的变化？","true","false","","direction-owned-direction-case"
"forest-engineering-7","forest-engineering","ecology","木材批次、含水状态与性能尺度","林产品设计研究档案：含水状态、木材结构与林产品任务；设计任务、迭代版本和使用者反馈；生境条件、调查覆盖和管理历程；任务路径、迭代版本和错误恢复记录。需对照的具体条目：制造约束、功能任务与使用环境","「林产品设计」：在林产品设计中，怎样核对制造约束、功能任务与使用环境，分开“理解或使用改善”与“展示或辅助变化”？ 这次变好是设计改进，还是使用者得到更多帮助？","true","false","","direction-owned-direction-case"
"forest-engineering-8","forest-engineering","ecology","木材批次、含水状态与性能尺度","林产资源循环研究档案：含水状态、木材结构与林产品任务；物理边界、观测响应和过程量；生产或服务记录、来源索引和版本条件；计量单位、时间窗口和未计入的投入。需对照木材与林业过程中的定义、对象索引与适用条件","「林产资源循环」：在林产资源循环中，怎样核对含水状态、木材结构与林产品任务，分开“物理过程变化”与“响应或边界改变”？ 看起来更划算，是效率提高还是少算了投入？","true","false","","direction-owned-direction-case"
"forest-engineering-9","forest-engineering","ecology","木材批次、含水状态与性能尺度","林业工程质量研究档案：含水状态、木材结构与林产品任务；到达率、处理能力和波动时段；生境条件、调查覆盖和管理历程；版本变更、异常记录和失败复核。需对照的具体条目：林分阶段、更新个体与调查覆盖","「林业工程质量」：在林业工程质量中，怎样核对林分阶段、更新个体与调查覆盖，分开“服务能力改变”与“到达波动改变”？ 所谓更可靠，是失败更少，还是失败更少被记下来？","true","false","","direction-owned-direction-case"
"forest-engineering-10","forest-engineering","ecology","木材批次、含水状态与性能尺度","林业工程史研究档案：同时代记载与后期整理本的年代对照；相关领域文献对“含水状态、木材结构与林产品任务”的用语与记录方式；同时代资料、后期整理和出处链。需对照的具体条目：林分阶段、更新个体与调查覆盖","「林业工程史」：在林业工程史中，怎样核对林分阶段、更新个体与调查覆盖，分开“有出处的历史解释”与“整理或保存选择”？ 哪一层叙述来自当时，哪一层来自后来的整理？","true","false","","direction-owned-direction-case"
"forest-engineering-11","forest-engineering","ecology","木材批次、含水状态与性能尺度","木材数字化研究档案：含水状态、木材结构与林产品任务；来源链、材料状态和保存环境；版本规则、对象索引和使用任务。需对照的具体条目：编码规则、平台入口与不可见记录","「木材数字化」：在木材数字化中，怎样核对编码规则、平台入口与不可见记录，分开“材料保存改善”与“环境或记录差异”？","true","false","","direction-owned-direction-case"
"forest-engineering-12","forest-engineering","education","木材批次、含水状态与性能尺度","林业工程教育研究档案：教学任务、学生作答与撤去帮助后的新题；相关领域文献对“含水状态、木材结构与林产品任务”的用语与记录方式；任务目标、辅助条件和延迟表现。需对照的具体条目：林分阶段、更新个体与调查覆盖","「林业工程教育」：在林业工程教育中，怎样核对林分阶段、更新个体与调查覆盖，分开“独立学习改善”与“辅助或练习效应”？ 当场做对与真正能迁移，材料分别支持哪一个？","true","false","","direction-owned-direction-case"
"biomedical-engineering-1","biomedical-engineering","mechanical","使用任务、对象差异与工程指标","生物医学仪器研究档案：生物医学信号、器件性能与临床任务；参考量、校准曲线和不确定性分项；细胞组成、功能层次和独立来源；参考依据、重复读数和误差分项。需对照的具体条目：仪器性能、生物信号与使用环境","「生物医学仪器」：在生物医学仪器中，怎样核对仪器性能、生物信号与使用环境，分开“被测量变化”与“校准偏差”？ 读数差异来自被测对象，还是测量链的变化？","true","false","cross-health","direction-owned-direction-case"
"biomedical-engineering-2","biomedical-engineering","electronics","使用任务、对象差异与工程指标","生物医学信号研究档案：生物医学信号、器件性能与临床任务；采样条件、频谱结构和噪声假设；细胞组成、功能层次和独立来源。需对照医学工程与使用中的定义、对象索引与适用条件","「生物医学信号」：在生物医学信号中，怎样核对生物医学信号、器件性能与临床任务，分开“信号结构改变”与“滤波或采样改变”？","true","false","cross-health","direction-owned-direction-case"
"biomedical-engineering-3","biomedical-engineering","mechanical","使用任务、对象差异与工程指标","医学成像评价研究档案：生物医学信号、器件性能与临床任务；观测时窗、响应条件和目标任务。需对照的具体条目：个体索引、采集版本与判读分歧","「医学成像评价」：在医学成像评价中，怎样核对个体索引、采集版本与判读分歧，分开“对象或任务状态改变”与“响应或观察条件改变”？","true","false","cross-health","direction-owned-direction-case"
"biomedical-engineering-4","biomedical-engineering","chemistry","使用任务、对象差异与工程指标","生物材料评价研究档案：生物医学信号、器件性能与临床任务；结构分布、缺陷表征和性质条件；细胞组成、功能层次和独立来源。需对照医学工程与使用中的定义、对象索引与适用条件","「生物材料评价」：在生物材料评价中，怎样核对生物医学信号、器件性能与临床任务，分开“结构差异”与“组成或条件差异”？","true","false","cross-health","direction-owned-direction-case"
"biomedical-engineering-5","biomedical-engineering","mechanical","使用任务、对象差异与工程指标","康复工程研究档案：生物医学信号、器件性能与临床任务；观测时窗、响应条件和目标任务。需对照的具体条目：辅助条件、日常任务与真实参与","「康复工程」：在康复工程中，怎样核对辅助条件、日常任务与真实参与，分开“对象或任务状态改变”与“响应或观察条件改变”？","true","false","","direction-owned-direction-case"
"biomedical-engineering-6","biomedical-engineering","mechanical","使用任务、对象差异与工程指标","生物力学研究档案：生物医学信号、器件性能与临床任务；载荷谱、变形状态和失效口径；细胞组成、功能层次和独立来源。需对照的具体条目：动作任务、身体负荷与运动学资料","「生物力学」：在生物力学中，怎样核对动作任务、身体负荷与运动学资料，分开“承载机制差异”与“载荷历程差异”？","true","false","cross-health","direction-owned-direction-case"
"biomedical-engineering-7","biomedical-engineering","mechanical","使用任务、对象差异与工程指标","医学信息工程研究档案：生物医学信号、器件性能与临床任务；版本规则、对象索引和使用任务；生产或服务记录、来源索引和版本条件。需对照医学工程与使用中的定义、对象索引与适用条件","「医学信息工程」：在医学信息工程中，怎样核对生物医学信号、器件性能与临床任务，分开“对象信息改善”与“格式或版本改变”？","true","false","cross-health","direction-owned-direction-case"
"biomedical-engineering-8","biomedical-engineering","interaction","使用任务、对象差异与工程指标","医疗器械可用性研究档案：生物医学信号、器件性能与临床任务；任务完成、错误恢复和辅助条件；任务路径、迭代版本和错误恢复记录。需对照医学工程与使用中的定义、对象索引与适用条件","「医疗器械可用性」：在医疗器械可用性中，怎样核对生物医学信号、器件性能与临床任务，分开“交互设计改善”与“辅助或用户组成变化”？ 这次变好是设计改进，还是使用者得到更多帮助？","true","false","","direction-owned-direction-case"
"biomedical-engineering-9","biomedical-engineering","mechanical","使用任务、对象差异与工程指标","辅助技术研究档案：生物医学信号、器件性能与临床任务；任务完成、错误恢复和辅助条件。需对照的具体条目：工具版本、使用任务与适用承诺","「辅助技术」：在辅助技术中，怎样核对工具版本、使用任务与适用承诺，分开“交互设计改善”与“辅助或用户组成变化”？","true","false","cross-health","direction-owned-direction-case"
"biomedical-engineering-10","biomedical-engineering","mechanical","使用任务、对象差异与工程指标","生物医学测量研究档案：生物医学信号、器件性能与临床任务；参考量、校准曲线和不确定性分项；细胞组成、功能层次和独立来源；参考依据、重复读数和误差分项。需对照的具体条目：参考对象、生物变率与测量误差","「生物医学测量」：在生物医学测量中，怎样核对参考对象、生物变率与测量误差，分开“被测量变化”与“校准偏差”？ 读数差异来自被测对象，还是测量链的变化？","true","false","cross-health","direction-owned-direction-case"
"biomedical-engineering-11","biomedical-engineering","mechanical","使用任务、对象差异与工程指标","工程伦理研究档案：行动者理由、利益负担与提出异议的记录；相关领域文献对“生物医学信号、器件性能与临床任务”的用语与记录方式；受益负担、行动理由和申诉机会。需对照的具体条目：行动理由、受益负担与申诉机会","「工程伦理」：在工程伦理中，怎样核对行动理由、受益负担与申诉机会，分开“可辩护的规范理由”与“偏好数量代替理由”？ 谁承担了负担，现有理由怎样回应他的异议？","true","false","","direction-owned-direction-case"
"biomedical-engineering-12","biomedical-engineering","mechanical","使用任务、对象差异与工程指标","医学工程史研究档案：同时代记载与后期整理本的年代对照；相关领域文献对“生物医学信号、器件性能与临床任务”的用语与记录方式；同时代资料、后期整理和出处链。需对照医学工程与使用中的定义、对象索引与适用条件","「医学工程史」：在医学工程史中，怎样核对生物医学信号、器件性能与临床任务，分开“有出处的历史解释”与“整理或保存选择”？ 哪一层叙述来自当时，哪一层来自后来的整理？","true","false","cross-health","direction-owned-direction-case"
"urban-planning-1","urban-planning","construction","空间范围、实施阶段与使用者需求","城市规划理论研究档案：空间方案、土地使用与公众参与；可行域、目标权重和约束松弛。需对照的具体条目：进入机会、空间路径与地方制度","「城市规划理论」：在城市规划理论中，怎样核对进入机会、空间路径与地方制度，分开“同一约束下的改进”与“放松约束造成的收益”？","true","false","urban","direction-owned-direction-case"
"urban-planning-2","urban-planning","construction","空间范围、实施阶段与使用者需求","城乡空间研究档案：空间方案、土地使用与公众参与；空间使用、环境条件和使用者路径；坐标基准、空间单元和不同尺度的对照。需对照城乡空间与实施中的定义、对象索引与适用条件","「城乡空间」：在城乡空间中，怎样核对空间方案、土地使用与公众参与，分开“空间使用改善”与“使用者或时段变化”？ 换了空间单元以后，原来的关系是否还成立？","true","false","urban","direction-owned-direction-case"
"urban-planning-3","urban-planning","construction","空间范围、实施阶段与使用者需求","区域规划研究档案：空间方案、土地使用与公众参与；可行域、目标权重和约束松弛；坐标基准、空间单元和不同尺度的对照。需对照城乡空间与实施中的定义、对象索引与适用条件","「区域规划」：在区域规划中，怎样核对空间方案、土地使用与公众参与，分开“同一约束下的改进”与“放松约束造成的收益”？ 换了空间单元以后，原来的关系是否还成立？","true","false","urban","direction-owned-direction-case"
"urban-planning-4","urban-planning","construction","空间范围、实施阶段与使用者需求","城市设计研究档案：空间方案、土地使用与公众参与；空间使用、环境条件和使用者路径；设计任务、迭代版本和使用者反馈；任务路径、迭代版本和错误恢复记录。需对照的具体条目：进入机会、空间路径与地方制度","「城市设计」：在城市设计中，怎样核对进入机会、空间路径与地方制度，分开“空间使用改善”与“使用者或时段变化”？ 这次变好是设计改进，还是使用者得到更多帮助？","true","false","","direction-owned-direction-case"
"urban-planning-5","urban-planning","construction","空间范围、实施阶段与使用者需求","社区规划研究档案：空间方案、土地使用与公众参与；可行域、目标权重和约束松弛；空间使用、环境条件和使用者路径。需对照的具体条目：进入机会、空间路径与地方制度","「社区规划」：在社区规划中，怎样核对进入机会、空间路径与地方制度，分开“同一约束下的改进”与“放松约束造成的收益”？","true","false","urban","direction-owned-direction-case"
"urban-planning-6","urban-planning","mechanical","空间范围、实施阶段与使用者需求","交通与空间研究档案：空间方案、土地使用与公众参与；出行链、等待时间和可达机会；坐标基准、空间单元和不同尺度的对照。需对照的具体条目：完整出行链、等待与目的地机会","「交通与空间」：在交通与空间中，怎样核对完整出行链、等待与目的地机会，分开“真实可达机会增加”与“样本路线改变”？ 换了空间单元以后，原来的关系是否还成立？","true","false","urban","direction-owned-direction-case"
"urban-planning-7","urban-planning","construction","空间范围、实施阶段与使用者需求","历史空间保护研究档案：同时代记载与后期整理本的年代对照；相关领域文献对“空间方案、土地使用与公众参与”的用语与记录方式；同时代资料、后期整理和出处链。需对照的具体条目：历史位置、空间功能与更新选择","「历史空间保护」：在历史空间保护中，怎样核对历史位置、空间功能与更新选择，分开“有出处的历史解释”与“整理或保存选择”？ 哪一层叙述来自当时，哪一层来自后来的整理？","true","false","urban","direction-owned-direction-case"
"urban-planning-8","urban-planning","construction","空间范围、实施阶段与使用者需求","规划实施评价研究档案：空间方案、土地使用与公众参与；可行域、目标权重和约束松弛。需对照城乡空间与实施中的定义、对象索引与适用条件","「规划实施评价」：在规划实施评价中，怎样核对空间方案、土地使用与公众参与，分开“同一约束下的改进”与“放松约束造成的收益”？","true","false","urban","direction-owned-direction-case"
"urban-planning-9","urban-planning","construction","空间范围、实施阶段与使用者需求","规划公众参与研究档案：公开来源、展陈取舍与观众提出的问题；相关领域文献对“空间方案、土地使用与公众参与”的用语与记录方式；可行域、目标权重和约束松弛。需对照城乡空间与实施中的定义、对象索引与适用条件","「规划公众参与」：在规划公众参与中，怎样核对空间方案、土地使用与公众参与，分开“同一约束下的改进”与“放松约束造成的收益”？ 展出的主张哪些有来源，哪些是解释或宣传？","true","false","urban","direction-owned-direction-case"
"urban-planning-10","urban-planning","construction","空间范围、实施阶段与使用者需求","城乡规划史研究档案：同时代记载与后期整理本的年代对照；相关领域文献对“空间方案、土地使用与公众参与”的用语与记录方式；同时代资料、后期整理和出处链。需对照的具体条目：规划文本、实施时期与空间变迁","「城乡规划史」：在城乡规划史中，怎样核对规划文本、实施时期与空间变迁，分开“有出处的历史解释”与“整理或保存选择”？ 哪一层叙述来自当时，哪一层来自后来的整理？","true","false","urban","direction-owned-direction-case"
"urban-planning-11","urban-planning","construction","空间范围、实施阶段与使用者需求","规划数字工具研究档案：空间方案、土地使用与公众参与；可行域、目标权重和约束松弛；版本锁定、输入契约和故障复现。需对照的具体条目：编码规则、平台入口与不可见记录","「规划数字工具」：在规划数字工具中，怎样核对编码规则、平台入口与不可见记录，分开“同一约束下的改进”与“放松约束造成的收益”？","true","false","urban","direction-owned-direction-case"
"urban-planning-12","urban-planning","construction","空间范围、实施阶段与使用者需求","城乡公平研究档案：行动者理由、利益负担与提出异议的记录；相关领域文献对“空间方案、土地使用与公众参与”的用语与记录方式；受益负担、行动理由和申诉机会。需对照城乡空间与实施中的定义、对象索引与适用条件","「城乡公平」：在城乡公平中，怎样核对空间方案、土地使用与公众参与，分开“可辩护的规范理由”与“偏好数量代替理由”？ 谁承担了负担，现有理由怎样回应他的异议？","true","false","","direction-owned-direction-case"
"bio-engineering-1","bio-engineering","mechanical","公开资料来源、过程边界与批次比较","生物过程模型研究档案：公开过程资料、批次状态与质量口径；细胞组成、功能层次和独立来源；模型边界、参数来源和验证情境；参数出处、边界条件和独立检验情境。需对照公开生物过程与批次中的定义、对象索引与适用条件","「生物过程模型」：在生物过程模型中，怎样核对公开过程资料、批次状态与质量口径，分开“单元状态改变”与“组成或技术批次差异”？ 拟合得好来自可解释结构，还是条件和参数更宽松？","true","false","","direction-owned-direction-case"
"bio-engineering-2","bio-engineering","mechanical","公开资料来源、过程边界与批次比较","生物工程测量研究档案：公开过程资料、批次状态与质量口径；参考量、校准曲线和不确定性分项；细胞组成、功能层次和独立来源；参考依据、重复读数和误差分项。需对照的具体条目：控制点、位置精度与施工任务","「生物工程测量」：在生物工程测量中，怎样核对控制点、位置精度与施工任务，分开“被测量变化”与“校准偏差”？ 读数差异来自被测对象，还是测量链的变化？","true","false","","direction-owned-direction-case"
"bio-engineering-3","bio-engineering","chemistry","公开资料来源、过程边界与批次比较","生物材料资料研究档案：公开过程资料、批次状态与质量口径；结构分布、缺陷表征和性质条件；细胞组成、功能层次和独立来源。需对照公开生物过程与批次中的定义、对象索引与适用条件","「生物材料资料」：在生物材料资料中，怎样核对公开过程资料、批次状态与质量口径，分开“结构差异”与“组成或条件差异”？","true","false","","direction-owned-direction-case"
"bio-engineering-4","bio-engineering","mechanical","公开资料来源、过程边界与批次比较","生物制造公开资料研究档案：公开过程资料、批次状态与质量口径；批次、过程窗口和成品质量分布；细胞组成、功能层次和独立来源。需对照公开生物过程与批次中的定义、对象索引与适用条件","「生物制造公开资料」：在生物制造公开资料中，怎样核对公开过程资料、批次状态与质量口径，分开“过程能力改善”与“批次构成改变”？","true","false","","direction-owned-direction-case"
"bio-engineering-5","bio-engineering","mechanical","公开资料来源、过程边界与批次比较","生物工程信息研究档案：公开过程资料、批次状态与质量口径；细胞组成、功能层次和独立来源；版本规则、对象索引和使用任务。需对照公开生物过程与批次中的定义、对象索引与适用条件","「生物工程信息」：在生物工程信息中，怎样核对公开过程资料、批次状态与质量口径，分开“单元状态改变”与“组成或技术批次差异”？","true","false","","direction-owned-direction-case"
"bio-engineering-6","bio-engineering","mechanical","公开资料来源、过程边界与批次比较","过程质量评价研究档案：公开过程资料、批次状态与质量口径；到达率、处理能力和波动时段；版本变更、异常记录和失败复核。需对照公开生物过程与批次中的定义、对象索引与适用条件","「过程质量评价」：在过程质量评价中，怎样核对公开过程资料、批次状态与质量口径，分开“服务能力改变”与“到达波动改变”？ 所谓更可靠，是失败更少，还是失败更少被记下来？","true","false","","direction-owned-direction-case"
"bio-engineering-7","bio-engineering","mechanical","公开资料来源、过程边界与批次比较","生物资源评价研究档案：公开过程资料、批次状态与质量口径；来源、迁移途径和受影响对象；细胞组成、功能层次和独立来源；计量单位、时间窗口和未计入的投入。需对照公开生物过程与批次中的定义、对象索引与适用条件","「生物资源评价」：在生物资源评价中，怎样核对公开过程资料、批次状态与质量口径，分开“来源或过程变化”与“迁移或对象变化”？ 看起来更划算，是效率提高还是少算了投入？","true","false","","direction-owned-direction-case"
"bio-engineering-8","bio-engineering","mechanical","公开资料来源、过程边界与批次比较","工程批次资料研究档案：公开过程资料、批次状态与质量口径；生产或服务记录、来源索引和版本条件。需对照公开生物过程与批次中的定义、对象索引与适用条件","「工程批次资料」：在工程批次资料中，怎样核对公开过程资料、批次状态与质量口径，分开“实际活动变化”与“记录密度或版本变化”？","true","false","","direction-owned-direction-case"
"bio-engineering-9","bio-engineering","mechanical","公开资料来源、过程边界与批次比较","生物工程伦理研究档案：行动者理由、利益负担与提出异议的记录；相关领域文献对“公开过程资料、批次状态与质量口径”的用语与记录方式；受益负担、行动理由和申诉机会。需对照的具体条目：行动理由、受益负担与申诉机会","「生物工程伦理」：在生物工程伦理中，怎样核对行动理由、受益负担与申诉机会，分开“可辩护的规范理由”与“偏好数量代替理由”？ 谁承担了负担，现有理由怎样回应他的异议？","true","false","","direction-owned-direction-case"
"bio-engineering-10","bio-engineering","mechanical","公开资料来源、过程边界与批次比较","生物工程史研究档案：同时代记载与后期整理本的年代对照；相关领域文献对“公开过程资料、批次状态与质量口径”的用语与记录方式；同时代资料、后期整理和出处链。需对照公开生物过程与批次中的定义、对象索引与适用条件","「生物工程史」：在生物工程史中，怎样核对公开过程资料、批次状态与质量口径，分开“有出处的历史解释”与“整理或保存选择”？ 哪一层叙述来自当时，哪一层来自后来的整理？","true","false","","direction-owned-direction-case"
"bio-engineering-11","bio-engineering","ecology","公开资料来源、过程边界与批次比较","工程环境评价研究档案：公开过程资料、批次状态与质量口径；来源、迁移途径和受影响对象。需对照公开生物过程与批次中的定义、对象索引与适用条件","「工程环境评价」：在工程环境评价中，怎样核对公开过程资料、批次状态与质量口径，分开“来源或过程变化”与“迁移或对象变化”？","true","false","","direction-owned-direction-case"
"bio-engineering-12","bio-engineering","education","公开资料来源、过程边界与批次比较","工程教育研究档案：教学任务、学生作答与撤去帮助后的新题；相关领域文献对“公开过程资料、批次状态与质量口径”的用语与记录方式；任务目标、辅助条件和延迟表现。需对照公开生物过程与批次中的定义、对象索引与适用条件","「工程教育」：在工程教育中，怎样核对公开过程资料、批次状态与质量口径，分开“独立学习改善”与“辅助或练习效应”？ 当场做对与真正能迁移，材料分别支持哪一个？","true","false","","direction-owned-direction-case"
"safety-engineering-1","safety-engineering","software","暴露口径、组织条件与报告完整性","安全系统评价研究档案：公开事故、屏障状态与组织回应；失效定义、暴露时长和退出原因；系统边界、反馈连接和尺度转换。需对照的具体条目：公开信号、相互解释与承诺兑现","「安全系统评价」：在安全系统评价中，怎样核对公开信号、相互解释与承诺兑现，分开“可靠性提高”与“使用减少或漏报”？","true","false","","direction-owned-direction-case"
"safety-engineering-2","safety-engineering","software","暴露口径、组织条件与报告完整性","安全管理研究档案：公开事故、屏障状态与组织回应；公开资料定义、使用场景和解释边界；正式文本、执行条件与被排除的对象。需对照的具体条目：公开信号、相互解释与承诺兑现","「安全管理」：在安全管理中，怎样核对公开信号、相互解释与承诺兑现，分开“定义内可检查的改进”与“可见范围或使用条件改变”？ 文本已经改变，实际机会和执行是否也改变了？","true","false","","direction-owned-direction-case"
"safety-engineering-3","safety-engineering","software","暴露口径、组织条件与报告完整性","人因与安全研究档案：公开事故、屏障状态与组织回应；任务完成、错误恢复和辅助条件。需对照的具体条目：公开信号、相互解释与承诺兑现","「人因与安全」：在人因与安全中，怎样核对公开信号、相互解释与承诺兑现，分开“交互设计改善”与“辅助或用户组成变化”？","true","false","","direction-owned-direction-case"
"safety-engineering-4","safety-engineering","software","暴露口径、组织条件与报告完整性","安全文化研究档案：公开事故、屏障状态与组织回应；公开资料定义、使用场景和解释边界。需对照的具体条目：公开信号、相互解释与承诺兑现；实践语境、符号用法与传承位置","「安全文化」：在安全文化中，怎样核对公开信号、相互解释与承诺兑现，分开“定义内可检查的改进”与“可见范围或使用条件改变”？","true","false","","direction-owned-direction-case"
"safety-engineering-5","safety-engineering","industrial-safety","暴露口径、组织条件与报告完整性","应急组织研究研究档案：公开事故、屏障状态与组织回应；细胞组成、功能层次和独立来源；正式文本、执行条件与被排除的对象。需对照的具体条目：角色分工、资源联系与实际协调","「应急组织研究」：在应急组织研究中，怎样核对角色分工、资源联系与实际协调，分开“单元状态改变”与“组成或技术批次差异”？ 文本已经改变，实际机会和执行是否也改变了？","true","false","","direction-owned-direction-case"
"safety-engineering-6","safety-engineering","software","暴露口径、组织条件与报告完整性","风险沟通研究档案：公开事故、屏障状态与组织回应；公开资料定义、使用场景和解释边界。需对照的具体条目：危险条件、暴露对象与实际脆弱性","「风险沟通」：在风险沟通中，怎样核对危险条件、暴露对象与实际脆弱性，分开“定义内可检查的改进”与“可见范围或使用条件改变”？","true","false","","direction-owned-direction-case"
"safety-engineering-7","safety-engineering","software","暴露口径、组织条件与报告完整性","安全测量资料研究档案：公开事故、屏障状态与组织回应；参考量、校准曲线和不确定性分项；参考依据、重复读数和误差分项。需对照的具体条目：公开信号、相互解释与承诺兑现","「安全测量资料」：在安全测量资料中，怎样核对公开信号、相互解释与承诺兑现，分开“被测量变化”与“校准偏差”？ 读数差异来自被测对象，还是测量链的变化？","true","false","","direction-owned-direction-case"
"safety-engineering-8","safety-engineering","industrial-safety","暴露口径、组织条件与报告完整性","事故史料研究档案：同时代记载与后期整理本的年代对照；相关领域文献对“公开事故、屏障状态与组织回应”的用语与记录方式；同时代资料、后期整理和出处链。需对照风险、屏障与组织中的定义、对象索引与适用条件","「事故史料」：在事故史料中，怎样核对公开事故、屏障状态与组织回应，分开“有出处的历史解释”与“整理或保存选择”？ 哪一层叙述来自当时，哪一层来自后来的整理？","true","false","","direction-owned-direction-case"
"safety-engineering-9","safety-engineering","education","暴露口径、组织条件与报告完整性","职业安全教育研究档案：教学任务、学生作答与撤去帮助后的新题；相关领域文献对“公开事故、屏障状态与组织回应”的用语与记录方式；任务目标、辅助条件和延迟表现。需对照的具体条目：进入退出、工时与收入分布；公开信号、相互解释与承诺兑现","「职业安全教育」：在职业安全教育中，怎样核对进入退出、工时与收入分布，分开“独立学习改善”与“辅助或练习效应”？ 当场做对与真正能迁移，材料分别支持哪一个？","true","false","","direction-owned-direction-case"
"safety-engineering-10","safety-engineering","software","暴露口径、组织条件与报告完整性","安全信息质量研究档案：公开事故、屏障状态与组织回应；标签定义、版本变动和分歧样本；到达率、处理能力和波动时段；版本变更、异常记录和失败复核。需对照的具体条目：公开信号、相互解释与承诺兑现","「安全信息质量」：在安全信息质量中，怎样核对公开信号、相互解释与承诺兑现，分开“信息表达改善”与“标签口径改变”？ 所谓更可靠，是失败更少，还是失败更少被记下来？","true","false","","direction-owned-direction-case"
"safety-engineering-11","safety-engineering","software","暴露口径、组织条件与报告完整性","安全政策研究档案：公开事故、屏障状态与组织回应；公开资料定义、使用场景和解释边界；正式文本、执行条件与被排除的对象。需对照的具体条目：公开信号、相互解释与承诺兑现；文本目标、执行资源与受影响范围","「安全政策」：在安全政策中，怎样核对公开信号、相互解释与承诺兑现，分开“定义内可检查的改进”与“可见范围或使用条件改变”？ 文本已经改变，实际机会和执行是否也改变了？","true","false","","direction-owned-direction-case"
"safety-engineering-12","safety-engineering","industrial-safety","暴露口径、组织条件与报告完整性","安全工程史研究档案：同时代记载与后期整理本的年代对照；相关领域文献对“公开事故、屏障状态与组织回应”的用语与记录方式；同时代资料、后期整理和出处链。需对照的具体条目：公开信号、相互解释与承诺兑现","「安全工程史」：在安全工程史中，怎样核对公开信号、相互解释与承诺兑现，分开“有出处的历史解释”与“整理或保存选择”？ 哪一层叙述来自当时，哪一层来自后来的整理？","true","false","","direction-owned-direction-case"
"police-technology-1","police-technology","mechanical","公开资料来源、标注条件与推断范围","公开物证资料评价研究档案：公开物证语义、标注和资料保全；公开资料定义、使用场景和解释边界。需对照的具体条目：物证来源、保全记录与同一性判断","「公开物证资料评价」：在公开物证资料评价中，怎样核对物证来源、保全记录与同一性判断，分开“定义内可检查的改进”与“可见范围或使用条件改变”？","true","false","","direction-owned-direction-case"
"police-technology-2","police-technology","mechanical","公开资料来源、标注条件与推断范围","公安技术史研究档案：同时代记载与后期整理本的年代对照；相关领域文献对“公开物证语义、标注和资料保全”的用语与记录方式；同时代资料、后期整理和出处链。需对照的具体条目：工具版本、使用任务与适用承诺；技术文献、机构任务与展示语境","「公安技术史」：在公安技术史中，怎样核对技术文献、机构任务与展示语境，分开“有出处的历史解释”与“整理或保存选择”？ 哪一层叙述来自当时，哪一层来自后来的整理？","true","false","","direction-owned-direction-case"
"police-technology-3","police-technology","software","公开资料来源、标注条件与推断范围","公共安全信息研究档案：公开物证语义、标注和资料保全；版本规则、对象索引和使用任务。需对照的具体条目：公开信号、相互解释与承诺兑现","「公共安全信息」：在公共安全信息中，怎样核对公开信号、相互解释与承诺兑现，分开“对象信息改善”与“格式或版本改变”？","true","false","","direction-owned-direction-case"
"police-technology-4","police-technology","mechanical","公开资料来源、标注条件与推断范围","技术标准史研究档案：同时代记载与后期整理本的年代对照；相关领域文献对“公开物证语义、标注和资料保全”的用语与记录方式；同时代资料、后期整理和出处链。需对照的具体条目：工具版本、使用任务与适用承诺；标准版本、制定角色与适用变化","「技术标准史」：在技术标准史中，怎样核对标准版本、制定角色与适用变化，分开“有出处的历史解释”与“整理或保存选择”？ 哪一层叙述来自当时，哪一层来自后来的整理？","true","false","","direction-owned-direction-case"
"police-technology-5","police-technology","mechanical","公开资料来源、标注条件与推断范围","技术展示研究研究档案：公开来源、展陈取舍与观众提出的问题；相关领域文献对“公开物证语义、标注和资料保全”的用语与记录方式；公开技术文献、展示口径和历史条件。需对照的具体条目：工具版本、使用任务与适用承诺","「技术展示研究」：在技术展示研究中，怎样核对工具版本、使用任务与适用承诺，分开“有出处的公开主张”与“展示或传播取舍”？ 展出的主张哪些有来源，哪些是解释或宣传？","true","false","","direction-owned-direction-case"
"police-technology-6","police-technology","mechanical","公开资料来源、标注条件与推断范围","图像资料质量研究档案：公开物证语义、标注和资料保全；标签定义、版本变动和分歧样本；到达率、处理能力和波动时段；版本变更、异常记录和失败复核。需对照的具体条目：作品状态、观看位置与形式细节","「图像资料质量」：在图像资料质量中，怎样核对作品状态、观看位置与形式细节，分开“信息表达改善”与“标签口径改变”？ 所谓更可靠，是失败更少，还是失败更少被记下来？","true","false","","direction-owned-direction-case"
"police-technology-7","police-technology","mechanical","公开资料来源、标注条件与推断范围","公开数据标注研究档案：公开物证语义、标注和资料保全；标签定义、版本变动和分歧样本；版本规则、对象索引和使用任务。需对照公开技术资料与证据中的定义、对象索引与适用条件","「公开数据标注」：在公开数据标注中，怎样核对公开物证语义、标注和资料保全，分开“信息表达改善”与“标签口径改变”？","true","false","","direction-owned-direction-case"
"police-technology-8","police-technology","mechanical","公开资料来源、标注条件与推断范围","技术伦理研究档案：行动者理由、利益负担与提出异议的记录；相关领域文献对“公开物证语义、标注和资料保全”的用语与记录方式；受益负担、行动理由和申诉机会。需对照的具体条目：行动理由、受益负担与申诉机会；工具版本、使用任务与适用承诺","「技术伦理」：在技术伦理中，怎样核对行动理由、受益负担与申诉机会，分开“可辩护的规范理由”与“偏好数量代替理由”？ 谁承担了负担，现有理由怎样回应他的异议？","true","false","","direction-owned-direction-case"
"police-technology-9","police-technology","education","公开资料来源、标注条件与推断范围","技术教育研究档案：教学任务、学生作答与撤去帮助后的新题；相关领域文献对“公开物证语义、标注和资料保全”的用语与记录方式；任务目标、辅助条件和延迟表现。需对照的具体条目：工具版本、使用任务与适用承诺","「技术教育」：在技术教育中，怎样核对工具版本、使用任务与适用承诺，分开“独立学习改善”与“辅助或练习效应”？ 当场做对与真正能迁移，材料分别支持哪一个？","true","false","","direction-owned-direction-case"
"police-technology-10","police-technology","mechanical","公开资料来源、标注条件与推断范围","公开模型评价研究档案：公开物证语义、标注和资料保全；模型边界、参数来源和验证情境；公开资料定义、使用场景和解释边界；参数出处、边界条件和独立检验情境。需对照公开技术资料与证据中的定义、对象索引与适用条件","「公开模型评价」：在公开模型评价中，怎样核对公开物证语义、标注和资料保全，分开“机制解释改善”与“校准对验证的依赖”？ 拟合得好来自可解释结构，还是条件和参数更宽松？","true","false","","direction-owned-direction-case"
"police-technology-11","police-technology","mechanical","公开资料来源、标注条件与推断范围","数字资料保全研究研究档案：公开物证语义、标注和资料保全；版本规则、对象索引和使用任务；生产或服务记录、来源索引和版本条件。需对照的具体条目：编码规则、平台入口与不可见记录","「数字资料保全研究」：在数字资料保全研究中，怎样核对编码规则、平台入口与不可见记录，分开“对象信息改善”与“格式或版本改变”？","true","false","","direction-owned-direction-case"
"police-technology-12","police-technology","mechanical","公开资料来源、标注条件与推断范围","技术文献研究档案：逐页出处、底本差异和缺页索引；相关领域文献对“公开物证语义、标注和资料保全”的用语与记录方式；公开资料定义、使用场景和解释边界。需对照的具体条目：工具版本、使用任务与适用承诺","「技术文献」：在技术文献中，怎样核对工具版本、使用任务与适用承诺，分开“定义内可检查的改进”与“可见范围或使用条件改变”？ 这个说法在原材料的哪一页，另一版本为何不同？","true","false","","direction-owned-direction-case"
"cybersecurity-studies-1","cybersecurity-studies","software","授权范围、版本与威胁模型","安全治理研究档案：公开威胁假设、形式规则与测试覆盖；责任边界、使用条件和资源约束；正式文本、执行条件与被排除的对象。需对照的具体条目：规则来源、执行条件与行动者立场；公开信号、相互解释与承诺兑现","「安全治理」：在安全治理中，怎样核对规则来源、执行条件与行动者立场，分开“运行能力改善”与“声明或评价口径改变”？ 文本已经改变，实际机会和执行是否也改变了？","true","false","","direction-owned-direction-case"
"cybersecurity-studies-2","cybersecurity-studies","software","授权范围、版本与威胁模型","隐私保护评价研究档案：公开威胁假设、形式规则与测试覆盖；公开威胁模型、安全定义和适用假设；公开资料定义、使用场景和解释边界。需对照的具体条目：公开隐私定义、使用情境与风险范围","「隐私保护评价」：在隐私保护评价中，怎样核对公开隐私定义、使用情境与风险范围，分开“定义内的安全保证”与“未覆盖的使用假设”？","true","false","","direction-owned-direction-case"
"cybersecurity-studies-3","cybersecurity-studies","cryptography","授权范围、版本与威胁模型","密码学理论研究档案：公开威胁假设、形式规则与测试覆盖；公开威胁模型、安全定义和适用假设。需对照的具体条目：安全定义、形式假设与证明范围","「密码学理论」：在密码学理论中，怎样核对安全定义、形式假设与证明范围，分开“定义内的安全保证”与“未覆盖的使用假设”？","true","false","","direction-owned-direction-case"
"cybersecurity-studies-4","cybersecurity-studies","software","授权范围、版本与威胁模型","可信计算资料研究档案：公开威胁假设、形式规则与测试覆盖；公开威胁模型、安全定义和适用假设。需对照的具体条目：可信边界、公开模型与适用承诺","「可信计算资料」：在可信计算资料中，怎样核对可信边界、公开模型与适用承诺，分开“定义内的安全保证”与“未覆盖的使用假设”？","true","false","","direction-owned-direction-case"
"cybersecurity-studies-5","cybersecurity-studies","software","授权范围、版本与威胁模型","软件安全测试研究研究档案：公开威胁假设、形式规则与测试覆盖；参考量、校准曲线和不确定性分项；版本锁定、输入契约和故障复现；参考依据、重复读数和误差分项。需对照的具体条目：输入契约、依赖版本与错误复现；公开信号、相互解释与承诺兑现","「软件安全测试研究」：在软件安全测试研究中，怎样核对输入契约、依赖版本与错误复现，分开“被测量变化”与“校准偏差”？ 读数差异来自被测对象，还是测量链的变化？","true","false","","direction-owned-direction-case"
"cybersecurity-studies-6","cybersecurity-studies","interaction","授权范围、版本与威胁模型","安全可用性研究档案：公开威胁假设、形式规则与测试覆盖；任务完成、错误恢复和辅助条件；任务路径、迭代版本和错误恢复记录。需对照的具体条目：公开信号、相互解释与承诺兑现","「安全可用性」：在安全可用性中，怎样核对公开信号、相互解释与承诺兑现，分开“交互设计改善”与“辅助或用户组成变化”？ 这次变好是设计改进，还是使用者得到更多帮助？","true","false","","direction-owned-direction-case"
"cybersecurity-studies-7","cybersecurity-studies","math","授权范围、版本与威胁模型","安全协议形式分析研究档案：公开威胁假设、形式规则与测试覆盖；公开威胁模型、安全定义和适用假设；参数出处、边界条件和独立检验情境。需对照的具体条目：公开信号、相互解释与承诺兑现；输入假设、测量或推导链与不确定性","「安全协议形式分析」：在安全协议形式分析中，怎样核对公开信号、相互解释与承诺兑现，分开“定义内的安全保证”与“未覆盖的使用假设”？ 拟合得好来自可解释结构，还是条件和参数更宽松？","true","false","","direction-owned-direction-case"
"cybersecurity-studies-8","cybersecurity-studies","education","授权范围、版本与威胁模型","安全教育研究档案：教学任务、学生作答与撤去帮助后的新题；相关领域文献对“公开威胁假设、形式规则与测试覆盖”的用语与记录方式；任务目标、辅助条件和延迟表现。需对照的具体条目：公开信号、相互解释与承诺兑现","「安全教育」：在安全教育中，怎样核对公开信号、相互解释与承诺兑现，分开“独立学习改善”与“辅助或练习效应”？ 当场做对与真正能迁移，材料分别支持哪一个？","true","false","","direction-owned-direction-case"
"cybersecurity-studies-9","cybersecurity-studies","software","授权范围、版本与威胁模型","网络安全史研究档案：同时代记载与后期整理本的年代对照；相关领域文献对“公开威胁假设、形式规则与测试覆盖”的用语与记录方式；同时代资料、后期整理和出处链。需对照的具体条目：公开信号、相互解释与承诺兑现","「网络安全史」：在网络安全史中，怎样核对公开信号、相互解释与承诺兑现，分开“有出处的历史解释”与“整理或保存选择”？ 哪一层叙述来自当时，哪一层来自后来的整理？","true","false","","direction-owned-direction-case"
"cybersecurity-studies-10","cybersecurity-studies","software","授权范围、版本与威胁模型","公开漏洞资料评价研究档案：公开威胁假设、形式规则与测试覆盖；公开威胁模型、安全定义和适用假设；公开资料定义、使用场景和解释边界。需对照的具体条目：公开编号、影响版本与披露范围","「公开漏洞资料评价」：在公开漏洞资料评价中，怎样核对公开编号、影响版本与披露范围，分开“定义内的安全保证”与“未覆盖的使用假设”？","true","false","","direction-owned-direction-case"
"cybersecurity-studies-11","cybersecurity-studies","software","授权范围、版本与威胁模型","安全测量研究档案：公开威胁假设、形式规则与测试覆盖；参考量、校准曲线和不确定性分项；参考依据、重复读数和误差分项。需对照的具体条目：公开信号、相互解释与承诺兑现","「安全测量」：在安全测量中，怎样核对公开信号、相互解释与承诺兑现，分开“被测量变化”与“校准偏差”？ 读数差异来自被测对象，还是测量链的变化？","true","false","","direction-owned-direction-case"
"cybersecurity-studies-12","cybersecurity-studies","software","授权范围、版本与威胁模型","安全伦理研究档案：行动者理由、利益负担与提出异议的记录；相关领域文献对“公开威胁假设、形式规则与测试覆盖”的用语与记录方式；受益负担、行动理由和申诉机会。需对照的具体条目：公开信号、相互解释与承诺兑现；行动理由、受益负担与申诉机会","「安全伦理」：在安全伦理中，怎样核对公开信号、相互解释与承诺兑现，分开“可辩护的规范理由”与“偏好数量代替理由”？ 谁承担了负担，现有理由怎样回应他的异议？","true","false","","direction-owned-direction-case"
"landscape-studies-1","landscape-studies","ecology","场地季节、使用者与设计实施","风景园林历史研究档案：同时代记载与后期整理本的年代对照；相关领域文献对“植物配置、空间网络与使用经历”的用语与记录方式；同时代资料、后期整理和出处链。需对照景观生态与使用中的定义、对象索引与适用条件","「风景园林历史」：在风景园林历史中，怎样核对植物配置、空间网络与使用经历，分开“有出处的历史解释”与“整理或保存选择”？ 哪一层叙述来自当时，哪一层来自后来的整理？","true","false","","direction-owned-direction-case"
"landscape-studies-2","landscape-studies","ecology","场地季节、使用者与设计实施","园林设计研究档案：植物配置、空间网络与使用经历；空间使用、环境条件和使用者路径；设计任务、迭代版本和使用者反馈；任务路径、迭代版本和错误恢复记录。需对照景观生态与使用中的定义、对象索引与适用条件","「园林设计」：在园林设计中，怎样核对植物配置、空间网络与使用经历，分开“空间使用改善”与“使用者或时段变化”？ 这次变好是设计改进，还是使用者得到更多帮助？","true","false","","direction-owned-direction-case"
"landscape-studies-3","landscape-studies","construction","场地季节、使用者与设计实施","景观规划研究档案：植物配置、空间网络与使用经历；可行域、目标权重和约束松弛；空间使用、环境条件和使用者路径；坐标基准、空间单元和不同尺度的对照。需对照景观生态与使用中的定义、对象索引与适用条件","「景观规划」：在景观规划中，怎样核对植物配置、空间网络与使用经历，分开“同一约束下的改进”与“放松约束造成的收益”？ 换了空间单元以后，原来的关系是否还成立？","true","false","urban","direction-owned-direction-case"
"landscape-studies-4","landscape-studies","ecology","场地季节、使用者与设计实施","景观生态设计研究档案：植物配置、空间网络与使用经历；空间使用、环境条件和使用者路径；设计任务、迭代版本和使用者反馈；坐标基准、空间单元和不同尺度的对照。需对照景观生态与使用中的定义、对象索引与适用条件","「景观生态设计」：在景观生态设计中，怎样核对植物配置、空间网络与使用经历，分开“空间使用改善”与“使用者或时段变化”？ 换了空间单元以后，原来的关系是否还成立？","true","false","urban","direction-owned-direction-case"
"landscape-studies-5","landscape-studies","ecology","场地季节、使用者与设计实施","风景资源评价研究档案：植物配置、空间网络与使用经历；来源、迁移途径和受影响对象；计量单位、时间窗口和未计入的投入。需对照景观生态与使用中的定义、对象索引与适用条件","「风景资源评价」：在风景资源评价中，怎样核对植物配置、空间网络与使用经历，分开“来源或过程变化”与“迁移或对象变化”？ 看起来更划算，是效率提高还是少算了投入？","true","false","","direction-owned-direction-case"
"landscape-studies-6","landscape-studies","ecology","场地季节、使用者与设计实施","园林植物应用研究档案：植物配置、空间网络与使用经历；空间使用、环境条件和使用者路径。需对照的具体条目：使用任务、落地条件与实际反馈","「园林植物应用」：在园林植物应用中，怎样核对使用任务、落地条件与实际反馈，分开“空间使用改善”与“使用者或时段变化”？","true","false","","direction-owned-direction-case"
"landscape-studies-7","landscape-studies","ecology","场地季节、使用者与设计实施","公共空间研究档案：植物配置、空间网络与使用经历；空间使用、环境条件和使用者路径；坐标基准、空间单元和不同尺度的对照。需对照的具体条目：使用时间、活动机会与排除条件","「公共空间」：在公共空间中，怎样核对使用时间、活动机会与排除条件，分开“空间使用改善”与“使用者或时段变化”？ 换了空间单元以后，原来的关系是否还成立？","true","false","urban","direction-owned-direction-case"
"landscape-studies-8","landscape-studies","ecology","场地季节、使用者与设计实施","景观使用评价研究档案：植物配置、空间网络与使用经历；空间使用、环境条件和使用者路径；坐标基准、空间单元和不同尺度的对照。需对照的具体条目：使用者路径、活动条件与停留体验","「景观使用评价」：在景观使用评价中，怎样核对使用者路径、活动条件与停留体验，分开“空间使用改善”与“使用者或时段变化”？ 换了空间单元以后，原来的关系是否还成立？","true","false","urban","direction-owned-direction-case"
"landscape-studies-9","landscape-studies","ecology","场地季节、使用者与设计实施","园林遗产研究档案：植物配置、空间网络与使用经历；空间使用、环境条件和使用者路径；来源链、材料状态和保存环境。需对照景观生态与使用中的定义、对象索引与适用条件","「园林遗产」：在园林遗产中，怎样核对植物配置、空间网络与使用经历，分开“空间使用改善”与“使用者或时段变化”？","true","false","","direction-owned-direction-case"
"landscape-studies-10","landscape-studies","ecology","场地季节、使用者与设计实施","景观工程评价研究档案：植物配置、空间网络与使用经历；空间使用、环境条件和使用者路径；坐标基准、空间单元和不同尺度的对照。需对照的具体条目：工程条件、生态目标与维护责任","「景观工程评价」：在景观工程评价中，怎样核对工程条件、生态目标与维护责任，分开“空间使用改善”与“使用者或时段变化”？ 换了空间单元以后，原来的关系是否还成立？","true","false","urban","direction-owned-direction-case"
"landscape-studies-11","landscape-studies","education","场地季节、使用者与设计实施","风景园林教育研究档案：教学任务、学生作答与撤去帮助后的新题；相关领域文献对“植物配置、空间网络与使用经历”的用语与记录方式；任务目标、辅助条件和延迟表现。需对照景观生态与使用中的定义、对象索引与适用条件","「风景园林教育」：在风景园林教育中，怎样核对植物配置、空间网络与使用经历，分开“独立学习改善”与“辅助或练习效应”？ 当场做对与真正能迁移，材料分别支持哪一个？","true","false","","direction-owned-direction-case"
"landscape-studies-12","landscape-studies","ecology","场地季节、使用者与设计实施","景观可及性研究档案：植物配置、空间网络与使用经历；空间使用、环境条件和使用者路径；任务完成、错误恢复和辅助条件；坐标基准、空间单元和不同尺度的对照。需对照景观生态与使用中的定义、对象索引与适用条件","「景观可及性」：在景观可及性中，怎样核对植物配置、空间网络与使用经历，分开“空间使用改善”与“使用者或时段变化”？ 换了空间单元以后，原来的关系是否还成立？","true","false","urban","direction-owned-direction-case"
"plant-protection-1","plant-protection","protection","地块、季节与观测单位","植物病理资料研究档案：公开病害观察、生物多样性与健康历程；种群数量、群落组成和观测努力；细胞组成、功能层次和独立来源；不同层次的读数、背景条件和相反趋势。需对照作物健康与农田生态中的定义、对象索引与适用条件","「植物病理资料」：在植物病理资料中，怎样核对公开病害观察、生物多样性与健康历程，分开“实际种群变化”与“检出机会变化”？ 各层次读数是否在回答同一个问题？","true","false","","direction-owned-direction-case"
"plant-protection-2","plant-protection","protection","地块、季节与观测单位","农业昆虫学资料研究档案：公开病害观察、生物多样性与健康历程；生境条件、调查覆盖和管理历程。需对照的具体条目：观察努力、寄主状态与识别口径","「农业昆虫学资料」：在农业昆虫学资料中，怎样核对观察努力、寄主状态与识别口径，分开“真实状态变化”与“覆盖或管理历程改变”？","true","false","","direction-owned-direction-case"
"plant-protection-3","plant-protection","protection","地块、季节与观测单位","植物检疫制度史研究档案：同时代记载与后期整理本的年代对照；相关领域文献对“公开病害观察、生物多样性与健康历程”的用语与记录方式；同时代资料、后期整理和出处链。需对照的具体条目：条文来源、权限分配与执行差异","「植物检疫制度史」：在植物检疫制度史中，怎样核对条文来源、权限分配与执行差异，分开“有出处的历史解释”与“整理或保存选择”？ 哪一层叙述来自当时，哪一层来自后来的整理？","true","false","","direction-owned-direction-case"
"plant-protection-4","plant-protection","protection","地块、季节与观测单位","植保生态研究档案：公开病害观察、生物多样性与健康历程；种群数量、群落组成和观测努力；生境条件、调查覆盖和管理历程。需对照的具体条目：观察努力、寄主状态与识别口径","「植保生态」：在植保生态中，怎样核对观察努力、寄主状态与识别口径，分开“实际种群变化”与“检出机会变化”？","true","false","","direction-owned-direction-case"
"plant-protection-5","plant-protection","protection","地块、季节与观测单位","作物健康观测研究档案：公开病害观察、生物多样性与健康历程；品种、环境和生育阶段记录；参考依据、重复读数和误差分项。需对照的具体条目：种质来源、品种、田块位置与生育阶段","「作物健康观测」：在作物健康观测中，怎样核对种质来源、品种、田块位置与生育阶段，分开“品种或管理效应”与“环境与阶段效应”？ 读数差异来自被测对象，还是测量链的变化？","true","false","","direction-owned-direction-case"
"plant-protection-6","plant-protection","protection","地块、季节与观测单位","植保预警评价研究档案：公开病害观察、生物多样性与健康历程；生境条件、调查覆盖和管理历程。需对照的具体条目：观察努力、寄主状态与识别口径；预警时点、参照事件与误报漏报","「植保预警评价」：在植保预警评价中，怎样核对预警时点、参照事件与误报漏报，分开“真实状态变化”与“覆盖或管理历程改变”？","true","false","","direction-owned-direction-case"
"plant-protection-7","plant-protection","protection","地块、季节与观测单位","农业生物多样性研究档案：公开病害观察、生物多样性与健康历程；种群数量、群落组成和观测努力；细胞组成、功能层次和独立来源。需对照作物健康与农田生态中的定义、对象索引与适用条件","「农业生物多样性」：在农业生物多样性中，怎样核对公开病害观察、生物多样性与健康历程，分开“实际种群变化”与“检出机会变化”？","true","false","","direction-owned-direction-case"
"plant-protection-8","plant-protection","protection","地块、季节与观测单位","植保资料质量研究档案：公开病害观察、生物多样性与健康历程；生境条件、调查覆盖和管理历程；版本变更、异常记录和失败复核。需对照的具体条目：观察努力、寄主状态与识别口径","「植保资料质量」：在植保资料质量中，怎样核对观察努力、寄主状态与识别口径，分开“真实状态变化”与“覆盖或管理历程改变”？ 所谓更可靠，是失败更少，还是失败更少被记下来？","true","false","","direction-owned-direction-case"
"plant-protection-9","plant-protection","protection","地块、季节与观测单位","植保资源评价研究档案：公开病害观察、生物多样性与健康历程；来源、迁移途径和受影响对象；生境条件、调查覆盖和管理历程；计量单位、时间窗口和未计入的投入。需对照的具体条目：观察努力、寄主状态与识别口径","「植保资源评价」：在植保资源评价中，怎样核对观察努力、寄主状态与识别口径，分开“来源或过程变化”与“迁移或对象变化”？ 看起来更划算，是效率提高还是少算了投入？","true","false","","direction-owned-direction-case"
"plant-protection-10","plant-protection","education","地块、季节与观测单位","植保教育研究档案：教学任务、学生作答与撤去帮助后的新题；相关领域文献对“公开病害观察、生物多样性与健康历程”的用语与记录方式；任务目标、辅助条件和延迟表现。需对照的具体条目：观察努力、寄主状态与识别口径","「植保教育」：在植保教育中，怎样核对观察努力、寄主状态与识别口径，分开“独立学习改善”与“辅助或练习效应”？ 当场做对与真正能迁移，材料分别支持哪一个？","true","false","","direction-owned-direction-case"
"plant-protection-11","plant-protection","protection","地块、季节与观测单位","植保史研究档案：同时代记载与后期整理本的年代对照；相关领域文献对“公开病害观察、生物多样性与健康历程”的用语与记录方式；同时代资料、后期整理和出处链。需对照的具体条目：观察努力、寄主状态与识别口径","「植保史」：在植保史中，怎样核对观察努力、寄主状态与识别口径，分开“有出处的历史解释”与“整理或保存选择”？ 哪一层叙述来自当时，哪一层来自后来的整理？","true","false","","direction-owned-direction-case"
"plant-protection-12","plant-protection","protection","地块、季节与观测单位","农田健康管理研究档案：公开病害观察、生物多样性与健康历程；采样深度、容重和空间位置；正式文本、执行条件与被排除的对象。需对照作物健康与农田生态中的定义、对象索引与适用条件","「农田健康管理」：在农田健康管理中，怎样核对公开病害观察、生物多样性与健康历程，分开“实际存量变化”与“采样深度或容重变化”？ 文本已经改变，实际机会和执行是否也改变了？","true","false","","direction-owned-direction-case"
"animal-science-1","animal-science","animal-science","种属、群体层次与照护条件","动物遗传资料研究档案：饲养群组、营养状态与行为福利；参考版本、来源关系与变异表型对应；种群数量、群落组成和观测努力；不同层次的读数、背景条件和相反趋势。需对照动物生产与福利中的定义、对象索引与适用条件","「动物遗传资料」：在动物遗传资料中，怎样核对饲养群组、营养状态与行为福利，分开“遗传相关信号”与“来源结构或环境差异”？ 各层次读数是否在回答同一个问题？","true","false","animals","direction-owned-direction-case"
"animal-science-2","animal-science","animal-science","种属、群体层次与照护条件","动物营养资料研究档案：饲养群组、营养状态与行为福利；组成、摄入及整体模式的分别记录；种群数量、群落组成和观测努力；计量单位、时间窗口和未计入的投入。需对照动物生产与福利中的定义、对象索引与适用条件","「动物营养资料」：在动物营养资料中，怎样核对饲养群组、营养状态与行为福利，分开“摄入或组成变化”与“总模式与报告差异”？ 看起来更划算，是效率提高还是少算了投入？","true","false","animals","direction-owned-direction-case"
"animal-science-3","animal-science","animal-science","种属、群体层次与照护条件","动物生产系统研究档案：饲养群组、营养状态与行为福利；种群数量、群落组成和观测努力。需对照动物生产与福利中的定义、对象索引与适用条件","「动物生产系统」：在动物生产系统中，怎样核对饲养群组、营养状态与行为福利，分开“实际种群变化”与“检出机会变化”？","true","false","animals","direction-owned-direction-case"
"animal-science-4","animal-science","animal-science","种属、群体层次与照护条件","动物福利研究档案：饲养群组、营养状态与行为福利；种群数量、群落组成和观测努力；个体状态、群体管理和可观察行为。需对照的具体条目：个体行为、管理群体与生活环境","「动物福利」：在动物福利中，怎样核对个体行为、管理群体与生活环境，分开“实际种群变化”与“检出机会变化”？","true","false","animals","direction-owned-direction-case"
"animal-science-5","animal-science","animal-science","种属、群体层次与照护条件","饲料评价研究档案：饲养群组、营养状态与行为福利；组成、摄入及整体模式的分别记录；成分、实际摄入和感官任务条件。需对照动物生产与福利中的定义、对象索引与适用条件","「饲料评价」：在饲料评价中，怎样核对饲养群组、营养状态与行为福利，分开“摄入或组成变化”与“总模式与报告差异”？","true","false","animals","direction-owned-direction-case"
"animal-science-6","animal-science","animal-science","种属、群体层次与照护条件","畜牧生态研究档案：饲养群组、营养状态与行为福利；种群数量、群落组成和观测努力；个体状态、群体管理和可观察行为。需对照的具体条目：个体行为、管理群体与生活环境；管理系统、资源收支与环境边界","「畜牧生态」：在畜牧生态中，怎样核对管理系统、资源收支与环境边界，分开“实际种群变化”与“检出机会变化”？","true","false","animals","direction-owned-direction-case"
"animal-science-7","animal-science","animal-science","种属、群体层次与照护条件","动物行为研究档案：饲养群组、营养状态与行为福利；种群数量、群落组成和观测努力；个体状态、群体管理和可观察行为。需对照动物生产与福利中的定义、对象索引与适用条件","「动物行为」：在动物行为中，怎样核对饲养群组、营养状态与行为福利，分开“实际种群变化”与“检出机会变化”？","true","false","animals","direction-owned-direction-case"
"animal-science-8","animal-science","animal-science","种属、群体层次与照护条件","畜产品质量研究档案：饲养群组、营养状态与行为福利；生境条件、调查覆盖和管理历程；版本变更、异常记录和失败复核。需对照的具体条目：制造约束、功能任务与使用环境","「畜产品质量」：在畜产品质量中，怎样核对制造约束、功能任务与使用环境，分开“真实状态变化”与“覆盖或管理历程改变”？ 所谓更可靠，是失败更少，还是失败更少被记下来？","true","false","animals","direction-owned-direction-case"
"animal-science-9","animal-science","animal-science","种属、群体层次与照护条件","牧场资源评价研究档案：饲养群组、营养状态与行为福利；个体状态、群体管理和可观察行为；来源、迁移途径和受影响对象；计量单位、时间窗口和未计入的投入。需对照动物生产与福利中的定义、对象索引与适用条件","「牧场资源评价」：在牧场资源评价中，怎样核对饲养群组、营养状态与行为福利，分开“个体状态改善”与“管理或观察机会变化”？ 看起来更划算，是效率提高还是少算了投入？","true","false","animals","direction-owned-direction-case"
"animal-science-10","animal-science","animal-science","种属、群体层次与照护条件","畜牧统计研究档案：饲养群组、营养状态与行为福利；个体状态、群体管理和可观察行为。需对照的具体条目：个体行为、管理群体与生活环境","「畜牧统计」：在畜牧统计中，怎样核对个体行为、管理群体与生活环境，分开“个体状态改善”与“管理或观察机会变化”？","true","false","animals","direction-owned-direction-case"
"animal-science-11","animal-science","animal-science","种属、群体层次与照护条件","畜牧史研究档案：同时代记载与后期整理本的年代对照；相关领域文献对“饲养群组、营养状态与行为福利”的用语与记录方式；同时代资料、后期整理和出处链。需对照的具体条目：个体行为、管理群体与生活环境","「畜牧史」：在畜牧史中，怎样核对个体行为、管理群体与生活环境，分开“有出处的历史解释”与“整理或保存选择”？ 哪一层叙述来自当时，哪一层来自后来的整理？","true","false","animals","direction-owned-direction-case"
"animal-science-12","animal-science","education","种属、群体层次与照护条件","动物科学教育研究档案：教学任务、学生作答与撤去帮助后的新题；相关领域文献对“饲养群组、营养状态与行为福利”的用语与记录方式；任务目标、辅助条件和延迟表现。需对照动物生产与福利中的定义、对象索引与适用条件","「动物科学教育」：在动物科学教育中，怎样核对饲养群组、营养状态与行为福利，分开“独立学习改善”与“辅助或练习效应”？ 当场做对与真正能迁移，材料分别支持哪一个？","true","false","animals","direction-owned-direction-case"
"grass-science-1","grass-science","ecology","样地、季节与利用条件","草地生态研究档案：植被覆盖、物种组成与放牧条件；种群数量、群落组成和观测努力。需对照的具体条目：植被覆盖、利用强度与季节窗口","「草地生态」：在草地生态中，怎样核对植被覆盖、利用强度与季节窗口，分开“实际种群变化”与“检出机会变化”？","true","false","forest","direction-owned-direction-case"
"grass-science-2","grass-science","crop","样地、季节与利用条件","牧草资料研究档案：植被覆盖、物种组成与放牧条件；种群数量、群落组成和观测努力。需对照的具体条目：植被覆盖、利用强度与季节窗口；牧草性状、生长阶段与利用条件","「牧草资料」：在牧草资料中，怎样核对牧草性状、生长阶段与利用条件，分开“实际种群变化”与“检出机会变化”？","true","false","forest","direction-owned-direction-case"
"grass-science-3","grass-science","crop","样地、季节与利用条件","草地资源研究档案：植被覆盖、物种组成与放牧条件；种群数量、群落组成和观测努力；计量单位、时间窗口和未计入的投入。需对照的具体条目：植被覆盖、利用强度与季节窗口","「草地资源」：在草地资源中，怎样核对植被覆盖、利用强度与季节窗口，分开“实际种群变化”与“检出机会变化”？ 看起来更划算，是效率提高还是少算了投入？","true","false","forest","direction-owned-direction-case"
"grass-science-4","grass-science","crop","样地、季节与利用条件","草地管理研究档案：植被覆盖、物种组成与放牧条件；种群数量、群落组成和观测努力；正式文本、执行条件与被排除的对象。需对照的具体条目：植被覆盖、利用强度与季节窗口","「草地管理」：在草地管理中，怎样核对植被覆盖、利用强度与季节窗口，分开“实际种群变化”与“检出机会变化”？ 文本已经改变，实际机会和执行是否也改变了？","true","false","forest","direction-owned-direction-case"
"grass-science-5","grass-science","crop","样地、季节与利用条件","草坪研究研究档案：植被覆盖、物种组成与放牧条件；生境条件、调查覆盖和管理历程。需对照的具体条目：植被覆盖、利用强度与季节窗口","「草坪研究」：在草坪研究中，怎样核对植被覆盖、利用强度与季节窗口，分开“真实状态变化”与“覆盖或管理历程改变”？","true","false","forest","direction-owned-direction-case"
"grass-science-6","grass-science","crop","样地、季节与利用条件","草地恢复研究档案：植被覆盖、物种组成与放牧条件；种群数量、群落组成和观测努力；来源、迁移途径和受影响对象。需对照的具体条目：植被覆盖、利用强度与季节窗口","「草地恢复」：在草地恢复中，怎样核对植被覆盖、利用强度与季节窗口，分开“实际种群变化”与“检出机会变化”？","true","false","forest","direction-owned-direction-case"
"grass-science-7","grass-science","crop","样地、季节与利用条件","草地遥感研究档案：植被覆盖、物种组成与放牧条件；种群数量、群落组成和观测努力；坐标基准、空间单元和不同尺度的对照。需对照的具体条目：植被覆盖、利用强度与季节窗口；地面参照、像元支持与反演条件","「草地遥感」：在草地遥感中，怎样核对植被覆盖、利用强度与季节窗口，分开“实际种群变化”与“检出机会变化”？ 换了空间单元以后，原来的关系是否还成立？","true","false","forest","direction-owned-direction-case"
"grass-science-8","grass-science","ecology","样地、季节与利用条件","草地土壤研究档案：植被覆盖、物种组成与放牧条件；种群数量、群落组成和观测努力；采样深度、容重和空间位置。需对照的具体条目：采样层厚、容重与有机质分布；植被覆盖、利用强度与季节窗口","「草地土壤」：在草地土壤中，怎样核对采样层厚、容重与有机质分布，分开“实际种群变化”与“检出机会变化”？","true","false","forest","direction-owned-direction-case"
"grass-science-9","grass-science","crop","样地、季节与利用条件","草地水分研究档案：植被覆盖、物种组成与放牧条件；种群数量、群落组成和观测努力。需对照的具体条目：植被覆盖、利用强度与季节窗口；土层条件、水分时序与植被响应","「草地水分」：在草地水分中，怎样核对土层条件、水分时序与植被响应，分开“实际种群变化”与“检出机会变化”？","true","false","forest","direction-owned-direction-case"
"grass-science-10","grass-science","crop","样地、季节与利用条件","草地统计研究档案：植被覆盖、物种组成与放牧条件；种群数量、群落组成和观测努力。需对照的具体条目：植被覆盖、利用强度与季节窗口；调查单位、观测努力与空间依赖","「草地统计」：在草地统计中，怎样核对调查单位、观测努力与空间依赖，分开“实际种群变化”与“检出机会变化”？","true","false","forest","direction-owned-direction-case"
"grass-science-11","grass-science","crop","样地、季节与利用条件","草学史研究档案：同时代记载与后期整理本的年代对照；相关领域文献对“植被覆盖、物种组成与放牧条件”的用语与记录方式；同时代资料、后期整理和出处链。需对照草地结构与利用中的定义、对象索引与适用条件","「草学史」：在草学史中，怎样核对植被覆盖、物种组成与放牧条件，分开“有出处的历史解释”与“整理或保存选择”？ 哪一层叙述来自当时，哪一层来自后来的整理？","true","false","forest","direction-owned-direction-case"
"grass-science-12","grass-science","crop","样地、季节与利用条件","草地社会研究研究档案：植被覆盖、物种组成与放牧条件；种群数量、群落组成和观测努力。需对照的具体条目：植被覆盖、利用强度与季节窗口；利用权利、地方实践与管理关系","「草地社会研究」：在草地社会研究中，怎样核对利用权利、地方实践与管理关系，分开“实际种群变化”与“检出机会变化”？","true","false","forest","direction-owned-direction-case"
"soil-water-conservation-1","soil-water-conservation","crop","坡面与流域层次、时间尺度与观测完整性","水土保持原理研究档案：坡面过程、降雨条件与流域输移；水量边界、输入输出和时间尺度。需对照的具体条目：侵蚀概念、边界收支与治理目标","「水土保持原理」：在水土保持原理中，怎样核对侵蚀概念、边界收支与治理目标，分开“实际收支变化”与“稀释或观测时段差异”？","true","false","soil","direction-owned-direction-case"
"soil-water-conservation-2","soil-water-conservation","ecology","坡面与流域层次、时间尺度与观测完整性","土壤侵蚀资料研究档案：坡面过程、降雨条件与流域输移；采样深度、容重和空间位置。需对照的具体条目：采样层厚、容重与有机质分布","「土壤侵蚀资料」：在土壤侵蚀资料中，怎样核对采样层厚、容重与有机质分布，分开“实际存量变化”与“采样深度或容重变化”？","true","false","soil","direction-owned-direction-case"
"soil-water-conservation-3","soil-water-conservation","crop","坡面与流域层次、时间尺度与观测完整性","流域资料研究档案：坡面过程、降雨条件与流域输移；水量边界、输入输出和时间尺度。需对照的具体条目：流域边界、输入输出与时间汇总","「流域资料」：在流域资料中，怎样核对流域边界、输入输出与时间汇总，分开“实际收支变化”与“稀释或观测时段差异”？","true","false","","direction-owned-direction-case"
"soil-water-conservation-4","soil-water-conservation","ecology","坡面与流域层次、时间尺度与观测完整性","荒漠生态研究档案：坡面过程、降雨条件与流域输移；种群数量、群落组成和观测努力；采样深度、容重和空间位置。需对照侵蚀、流域与恢复中的定义、对象索引与适用条件","「荒漠生态」：在荒漠生态中，怎样核对坡面过程、降雨条件与流域输移，分开“实际种群变化”与“检出机会变化”？","true","false","","direction-owned-direction-case"
"soil-water-conservation-5","soil-water-conservation","ecology","坡面与流域层次、时间尺度与观测完整性","防护林评价研究档案：坡面过程、降雨条件与流域输移；坡位、植被阶段和流失观测。需对照侵蚀、流域与恢复中的定义、对象索引与适用条件","「防护林评价」：在防护林评价中，怎样核对坡面过程、降雨条件与流域输移，分开“治理过程改变”与“坡位或观察阶段变化”？","true","false","","direction-owned-direction-case"
"soil-water-conservation-6","soil-water-conservation","crop","坡面与流域层次、时间尺度与观测完整性","恢复过程研究档案：坡面过程、降雨条件与流域输移；来源、迁移途径和受影响对象；时间戳、状态阶段和变化前后的并列记录。需对照侵蚀、流域与恢复中的定义、对象索引与适用条件","「恢复过程」：在恢复过程中，怎样核对坡面过程、降雨条件与流域输移，分开“来源或过程变化”与“迁移或对象变化”？ 变化先后关系是否与提出的解释相符？","true","false","","direction-owned-direction-case"
"soil-water-conservation-7","soil-water-conservation","crop","坡面与流域层次、时间尺度与观测完整性","坡面观测研究档案：坡面过程、降雨条件与流域输移；坡位、植被阶段和流失观测；参考依据、重复读数和误差分项。需对照侵蚀、流域与恢复中的定义、对象索引与适用条件","「坡面观测」：在坡面观测中，怎样核对坡面过程、降雨条件与流域输移，分开“治理过程改变”与“坡位或观察阶段变化”？ 读数差异来自被测对象，还是测量链的变化？","true","false","","direction-owned-direction-case"
"soil-water-conservation-8","soil-water-conservation","crop","坡面与流域层次、时间尺度与观测完整性","土地退化研究档案：坡面过程、降雨条件与流域输移；采样深度、容重和空间位置。需对照侵蚀、流域与恢复中的定义、对象索引与适用条件","「土地退化」：在土地退化中，怎样核对坡面过程、降雨条件与流域输移，分开“实际存量变化”与“采样深度或容重变化”？","true","false","","direction-owned-direction-case"
"soil-water-conservation-9","soil-water-conservation","crop","坡面与流域层次、时间尺度与观测完整性","水土保持政策研究档案：坡面过程、降雨条件与流域输移；水量边界、输入输出和时间尺度；正式文本、执行条件与被排除的对象。需对照的具体条目：文本目标、执行资源与受影响范围","「水土保持政策」：在水土保持政策中，怎样核对文本目标、执行资源与受影响范围，分开“实际收支变化”与“稀释或观测时段差异”？ 文本已经改变，实际机会和执行是否也改变了？","true","false","soil","direction-owned-direction-case"
"soil-water-conservation-10","soil-water-conservation","crop","坡面与流域层次、时间尺度与观测完整性","空间资料质量研究档案：坡面过程、降雨条件与流域输移；生境条件、调查覆盖和管理历程；版本变更、异常记录和失败复核。需对照侵蚀、流域与恢复中的定义、对象索引与适用条件","「空间资料质量」：在空间资料质量中，怎样核对坡面过程、降雨条件与流域输移，分开“真实状态变化”与“覆盖或管理历程改变”？ 所谓更可靠，是失败更少，还是失败更少被记下来？","true","false","","direction-owned-direction-case"
"soil-water-conservation-11","soil-water-conservation","crop","坡面与流域层次、时间尺度与观测完整性","治理成效评价研究档案：坡面过程、降雨条件与流域输移；生境条件、调查覆盖和管理历程；正式文本、执行条件与被排除的对象。需对照的具体条目：规则来源、执行条件与行动者立场","「治理成效评价」：在治理成效评价中，怎样核对规则来源、执行条件与行动者立场，分开“真实状态变化”与“覆盖或管理历程改变”？ 文本已经改变，实际机会和执行是否也改变了？","true","false","","direction-owned-direction-case"
"soil-water-conservation-12","soil-water-conservation","crop","坡面与流域层次、时间尺度与观测完整性","水土保持史研究档案：同时代记载与后期整理本的年代对照；相关领域文献对“坡面过程、降雨条件与流域输移”的用语与记录方式；同时代资料、后期整理和出处链。需对照侵蚀、流域与恢复中的定义、对象索引与适用条件","「水土保持史」：在水土保持史中，怎样核对坡面过程、降雨条件与流域输移，分开“有出处的历史解释”与“整理或保存选择”？ 哪一层叙述来自当时，哪一层来自后来的整理？","true","false","soil","direction-owned-direction-case"
"food-nutrition-1","food-nutrition","food","组成、实际摄入与人群结局的区别","食品组成资料研究档案：食物组成、食用频率与群体需求；组成、摄入及整体模式的分别记录；成分、实际摄入和感官任务条件；不同层次的读数、背景条件和相反趋势。需对照的具体条目：批次组成、储存条件与感官任务","「食品组成资料」：在食品组成资料中，怎样核对批次组成、储存条件与感官任务，分开“摄入或组成变化”与“总模式与报告差异”？ 各层次读数是否在回答同一个问题？","true","false","","direction-owned-direction-case"
"food-nutrition-2","food-nutrition","food","组成、实际摄入与人群结局的区别","营养调查研究档案：食物组成、食用频率与群体需求；组成、摄入及整体模式的分别记录；成分、实际摄入和感官任务条件；计量单位、时间窗口和未计入的投入。需对照膳食模式与营养中的定义、对象索引与适用条件","「营养调查」：在营养调查中，怎样核对食物组成、食用频率与群体需求，分开“摄入或组成变化”与“总模式与报告差异”？ 看起来更划算，是效率提高还是少算了投入？","true","false","","direction-owned-direction-case"
"food-nutrition-3","food-nutrition","food","组成、实际摄入与人群结局的区别","膳食模式研究档案：食物组成、食用频率与群体需求；组成、摄入及整体模式的分别记录；成分、实际摄入和感官任务条件。需对照膳食模式与营养中的定义、对象索引与适用条件","「膳食模式」：在膳食模式中，怎样核对食物组成、食用频率与群体需求，分开“摄入或组成变化”与“总模式与报告差异”？","true","false","","direction-owned-direction-case"
"food-nutrition-4","food-nutrition","food","组成、实际摄入与人群结局的区别","食品感官评价研究档案：食物组成、食用频率与群体需求；组成、摄入及整体模式的分别记录；成分、实际摄入和感官任务条件。需对照的具体条目：批次组成、储存条件与感官任务；刺激条件、评价者背景与任务顺序","「食品感官评价」：在食品感官评价中，怎样核对批次组成、储存条件与感官任务，分开“摄入或组成变化”与“总模式与报告差异”？","true","false","","direction-owned-direction-case"
"food-nutrition-5","food-nutrition","food","组成、实际摄入与人群结局的区别","食品质量研究档案：食物组成、食用频率与群体需求；组成、摄入及整体模式的分别记录；成分、实际摄入和感官任务条件；版本变更、异常记录和失败复核。需对照的具体条目：批次组成、储存条件与感官任务","「食品质量」：在食品质量中，怎样核对批次组成、储存条件与感官任务，分开“摄入或组成变化”与“总模式与报告差异”？ 所谓更可靠，是失败更少，还是失败更少被记下来？","true","false","","direction-owned-direction-case"
"food-nutrition-6","food-nutrition","education","组成、实际摄入与人群结局的区别","营养教育研究档案：教学任务、学生作答与撤去帮助后的新题；相关领域文献对“食物组成、食用频率与群体需求”的用语与记录方式；任务目标、辅助条件和延迟表现。需对照膳食模式与营养中的定义、对象索引与适用条件","「营养教育」：在营养教育中，怎样核对食物组成、食用频率与群体需求，分开“独立学习改善”与“辅助或练习效应”？ 当场做对与真正能迁移，材料分别支持哪一个？","true","false","","direction-owned-direction-case"
"food-nutrition-7","food-nutrition","food","组成、实际摄入与人群结局的区别","食品消费研究档案：食物组成、食用频率与群体需求；组成、摄入及整体模式的分别记录；成分、实际摄入和感官任务条件。需对照的具体条目：批次组成、储存条件与感官任务；消费机会、购买条件与实际摄入","「食品消费」：在食品消费中，怎样核对消费机会、购买条件与实际摄入，分开“摄入或组成变化”与“总模式与报告差异”？","true","false","","direction-owned-direction-case"
"food-nutrition-8","food-nutrition","food","组成、实际摄入与人群结局的区别","食品资源评价研究档案：食物组成、食用频率与群体需求；组成、摄入及整体模式的分别记录；成分、实际摄入和感官任务条件；计量单位、时间窗口和未计入的投入。需对照的具体条目：批次组成、储存条件与感官任务","「食品资源评价」：在食品资源评价中，怎样核对批次组成、储存条件与感官任务，分开“摄入或组成变化”与“总模式与报告差异”？ 看起来更划算，是效率提高还是少算了投入？","true","false","","direction-owned-direction-case"
"food-nutrition-9","food-nutrition","food","组成、实际摄入与人群结局的区别","食品文化研究档案：食物组成、食用频率与群体需求；组成、摄入及整体模式的分别记录；成分、实际摄入和感官任务条件。需对照的具体条目：批次组成、储存条件与感官任务；实践语境、符号用法与传承位置","「食品文化」：在食品文化中，怎样核对批次组成、储存条件与感官任务，分开“摄入或组成变化”与“总模式与报告差异”？","true","false","","direction-owned-direction-case"
"food-nutrition-10","food-nutrition","food","组成、实际摄入与人群结局的区别","食品服务评价研究档案：食物组成、食用频率与群体需求；组成、摄入及整体模式的分别记录；成分、实际摄入和感官任务条件。需对照的具体条目：批次组成、储存条件与感官任务；服务资格、实际交付与未获服务者；供给条件、用餐体验与未获服务者","「食品服务评价」：在食品服务评价中，怎样核对服务资格、实际交付与未获服务者，分开“摄入或组成变化”与“总模式与报告差异”？","true","false","","direction-owned-direction-case"
"food-nutrition-11","food-nutrition","food","组成、实际摄入与人群结局的区别","营养资料质量研究档案：食物组成、食用频率与群体需求；组成、摄入及整体模式的分别记录；成分、实际摄入和感官任务条件；版本变更、异常记录和失败复核。需对照膳食模式与营养中的定义、对象索引与适用条件","「营养资料质量」：在营养资料质量中，怎样核对食物组成、食用频率与群体需求，分开“摄入或组成变化”与“总模式与报告差异”？ 所谓更可靠，是失败更少，还是失败更少被记下来？","true","false","","direction-owned-direction-case"
"food-nutrition-12","food-nutrition","food","组成、实际摄入与人群结局的区别","食品营养史研究档案：同时代记载与后期整理本的年代对照；相关领域文献对“食物组成、食用频率与群体需求”的用语与记录方式；同时代资料、后期整理和出处链。需对照的具体条目：批次组成、储存条件与感官任务","「食品营养史」：在食品营养史中，怎样核对批次组成、储存条件与感官任务，分开“有出处的历史解释”与“整理或保存选择”？ 哪一层叙述来自当时，哪一层来自后来的整理？","true","false","","direction-owned-direction-case"
"military-organization-1","military-organization","military","公开史料、组织层次与情境假设","联合作战制度史研究档案：同时代记载与后期整理本的年代对照；相关领域文献对“制度史料、公开分工与教育记录”的用语与记录方式；年代、出处和同时代对照；公开文件、责任分配和资源约束。需对照的具体条目：条文来源、权限分配与执行差异","「联合作战制度史」：在联合作战制度史中，怎样核对条文来源、权限分配与执行差异，分开“当时制度或实践”与“后来的回忆或分类”？ 哪一层叙述来自当时，哪一层来自后来的整理？","true","false","military-history","direction-owned-direction-case"
"military-organization-2","military-organization","military","公开史料、组织层次与情境假设","军兵种组织史研究档案：同时代记载与后期整理本的年代对照；相关领域文献对“制度史料、公开分工与教育记录”的用语与记录方式；年代、出处和同时代对照；公开文件、责任分配和资源约束。需对照的具体条目：角色分工、资源联系与实际协调","「军兵种组织史」：在军兵种组织史中，怎样核对角色分工、资源联系与实际协调，分开“当时制度或实践”与“后来的回忆或分类”？ 哪一层叙述来自当时，哪一层来自后来的整理？","true","false","military-history","direction-owned-direction-case"
"military-organization-3","military-organization","military","公开史料、组织层次与情境假设","军事指挥史研究档案：同时代记载与后期整理本的年代对照；相关领域文献对“制度史料、公开分工与教育记录”的用语与记录方式；年代、出处和同时代对照；同时代资料、后期整理和出处链。需对照的具体条目：公开指挥文献、权限关系与时期条件","「军事指挥史」：在军事指挥史中，怎样核对公开指挥文献、权限关系与时期条件，分开“当时制度或实践”与“后来的回忆或分类”？ 哪一层叙述来自当时，哪一层来自后来的整理？","true","false","military-history","direction-owned-direction-case"
"military-organization-4","military-organization","military","公开史料、组织层次与情境假设","军队政治工作史研究档案：同时代记载与后期整理本的年代对照；相关领域文献对“制度史料、公开分工与教育记录”的用语与记录方式；年代、出处和同时代对照；同时代资料、后期整理和出处链。需对照的具体条目：规则来源、执行条件与行动者立场","「军队政治工作史」：在军队政治工作史中，怎样核对规则来源、执行条件与行动者立场，分开“当时制度或实践”与“后来的回忆或分类”？ 哪一层叙述来自当时，哪一层来自后来的整理？","true","false","military-history","direction-owned-direction-case"
"military-organization-5","military-organization","military","公开史料、组织层次与情境假设","军事后勤史研究档案：同时代记载与后期整理本的年代对照；相关领域文献对“制度史料、公开分工与教育记录”的用语与记录方式；年代、出处和同时代对照；同时代资料、后期整理和出处链。需对照的具体条目：公开保障记录、资源约束与协作制度","「军事后勤史」：在军事后勤史中，怎样核对公开保障记录、资源约束与协作制度，分开“当时制度或实践”与“后来的回忆或分类”？ 哪一层叙述来自当时，哪一层来自后来的整理？","true","false","military-history","direction-owned-direction-case"
"military-organization-6","military-organization","military","公开史料、组织层次与情境假设","军事装备管理史研究档案：同时代记载与后期整理本的年代对照；相关领域文献对“制度史料、公开分工与教育记录”的用语与记录方式；公开技术文献、展示口径和历史条件；年代、出处和同时代对照。需对照公开组织制度与协作中的定义、对象索引与适用条件","「军事装备管理史」：在军事装备管理史中，怎样核对制度史料、公开分工与教育记录，分开“有出处的公开主张”与“展示或传播取舍”？ 哪一层叙述来自当时，哪一层来自后来的整理？","true","false","military-history","direction-owned-direction-case"
"military-organization-7","military-organization","military","公开史料、组织层次与情境假设","军事管理制度研究档案：制度史料、公开分工与教育记录；正式规则、实际执行和行为者立场；公开文件、责任分配和资源约束；正式文本、执行条件与被排除的对象。需对照的具体条目：条文来源、权限分配与执行差异","「军事管理制度」：在军事管理制度中，怎样核对条文来源、权限分配与执行差异，分开“制度实践变化”与“文本或表述变化”？ 文本已经改变，实际机会和执行是否也改变了？","true","false","military-history","direction-owned-direction-case"
"military-organization-8","military-organization","military","公开史料、组织层次与情境假设","军事训练教育史研究档案：同时代记载与后期整理本的年代对照；相关领域文献对“制度史料、公开分工与教育记录”的用语与记录方式；年代、出处和同时代对照；同时代资料、后期整理和出处链。需对照的具体条目：公开教学文本、培养任务与阶段安排","「军事训练教育史」：在军事训练教育史中，怎样核对公开教学文本、培养任务与阶段安排，分开“当时制度或实践”与“后来的回忆或分类”？ 哪一层叙述来自当时，哪一层来自后来的整理？","true","false","military-history","direction-owned-direction-case"
"military-organization-9","military-organization","military","公开史料、组织层次与情境假设","军事智能公开文献研究档案：逐页出处、底本差异和缺页索引；相关领域文献对“制度史料、公开分工与教育记录”的用语与记录方式；底本出处、异文位置和编订层次。需对照公开组织制度与协作中的定义、对象索引与适用条件","「军事智能公开文献」：在军事智能公开文献中，怎样核对制度史料、公开分工与教育记录，分开“原始用法差异”与“编订或传承差异”？ 这个说法在原材料的哪一页，另一版本为何不同？","true","false","military-history","direction-owned-direction-case"
"military-organization-10","military-organization","military","公开史料、组织层次与情境假设","协作制度比较研究档案：制度史料、公开分工与教育记录；年代、出处和同时代对照；正式规则、实际执行和行为者立场；正式文本、执行条件与被排除的对象。需对照的具体条目：条文来源、权限分配与执行差异","「协作制度比较」：在协作制度比较中，怎样核对条文来源、权限分配与执行差异，分开“当时制度或实践”与“后来的回忆或分类”？ 文本已经改变，实际机会和执行是否也改变了？","true","false","military-history","direction-owned-direction-case"
"military-organization-11","military-organization","military","公开史料、组织层次与情境假设","公开军事资料质量研究档案：制度史料、公开分工与教育记录；公开来源、传承角色和叙述层次；版本变更、异常记录和失败复核。需对照公开组织制度与协作中的定义、对象索引与适用条件","「公开军事资料质量」：在公开军事资料质量中，怎样核对制度史料、公开分工与教育记录，分开“有出处的实践线索”与“后期叙述或展示取舍”？ 所谓更可靠，是失败更少，还是失败更少被记下来？","true","false","military-history","direction-owned-direction-case"
"military-organization-12","military-organization","military","公开史料、组织层次与情境假设","军事教育伦理研究档案：行动者理由、利益负担与提出异议的记录；相关领域文献对“制度史料、公开分工与教育记录”的用语与记录方式；受益负担、行动理由和申诉机会。需对照的具体条目：行动理由、受益负担与申诉机会","「军事教育伦理」：在军事教育伦理中，怎样核对行动理由、受益负担与申诉机会，分开“可辩护的规范理由”与“偏好数量代替理由”？ 谁承担了负担，现有理由怎样回应他的异议？","true","false","military-history","direction-owned-direction-case"
"agri-economics-1","agri-economics","economics","农户与地区层次、季节与资源约束","农业经济管理研究档案：农户选择、季节风险与市场关系；选择集合、机会成本和价格条件；决策责任、执行资源和反馈循环；正式文本、执行条件与被排除的对象。需对照的具体条目：季节约束、农户选择与市场入口","「农业经济管理」：在农业经济管理中，怎样核对季节约束、农户选择与市场入口，分开“激励或偏好变化”与“约束或可得方案变化”？ 文本已经改变，实际机会和执行是否也改变了？","true","false","","direction-owned-direction-case"
"agri-economics-2","agri-economics","economics","农户与地区层次、季节与资源约束","林业经济管理研究档案：农户选择、季节风险与市场关系；选择集合、机会成本和价格条件；决策责任、执行资源和反馈循环；正式文本、执行条件与被排除的对象。需对照的具体条目：林分阶段、更新个体与调查覆盖","「林业经济管理」：在林业经济管理中，怎样核对林分阶段、更新个体与调查覆盖，分开“激励或偏好变化”与“约束或可得方案变化”？ 文本已经改变，实际机会和执行是否也改变了？","true","false","","direction-owned-direction-case"
"agri-economics-3","agri-economics","organization","农户与地区层次、季节与资源约束","农村发展研究档案：农户选择、季节风险与市场关系；对象需求、服务资格和协作记录。需对照的具体条目：地方资源、服务机会与变化历程","「农村发展」：在农村发展中，怎样核对地方资源、服务机会与变化历程，分开“需要得到回应”与“资格或进入机会变化”？","true","false","","direction-owned-direction-case"
"agri-economics-4","agri-economics","organization","农户与地区层次、季节与资源约束","农户行为研究档案：农户选择、季节风险与市场关系；对象需求、服务资格和协作记录。需对照的具体条目：家庭约束、生产选择与市场机会","「农户行为」：在农户行为中，怎样核对家庭约束、生产选择与市场机会，分开“需要得到回应”与“资格或进入机会变化”？","true","false","","direction-owned-direction-case"
"agri-economics-5","agri-economics","organization","农户与地区层次、季节与资源约束","农业组织研究档案：农户选择、季节风险与市场关系；对象进入、角色关系和机会结构；公开文件、责任分配和资源约束；正式文本、执行条件与被排除的对象。需对照的具体条目：角色分工、资源联系与实际协调","「农业组织」：在农业组织中，怎样核对角色分工、资源联系与实际协调，分开“行为或关系改变”与“进入机会或结构改变”？ 文本已经改变，实际机会和执行是否也改变了？","true","false","","direction-owned-direction-case"
"agri-economics-6","agri-economics","organization","农户与地区层次、季节与资源约束","农产品市场研究档案：农户选择、季节风险与市场关系；选择集合、机会成本和价格条件。需对照的具体条目：制造约束、功能任务与使用环境","「农产品市场」：在农产品市场中，怎样核对制造约束、功能任务与使用环境，分开“激励或偏好变化”与“约束或可得方案变化”？","true","false","","direction-owned-direction-case"
"agri-economics-7","agri-economics","economics","农户与地区层次、季节与资源约束","林业资源经济研究档案：农户选择、季节风险与市场关系；选择集合、机会成本和价格条件；公开文件、责任分配和资源约束；计量单位、时间窗口和未计入的投入。需对照的具体条目：林分阶段、更新个体与调查覆盖；资源存量、开发边界与替代机会","「林业资源经济」：在林业资源经济中，怎样核对资源存量、开发边界与替代机会，分开“激励或偏好变化”与“约束或可得方案变化”？ 看起来更划算，是效率提高还是少算了投入？","true","false","","direction-owned-direction-case"
"agri-economics-8","agri-economics","policy","农户与地区层次、季节与资源约束","农村公共服务研究档案：农户选择、季节风险与市场关系；需求、服务资格和未进入服务者。需对照农林经营与家庭资源中的定义、对象索引与适用条件","「农村公共服务」：在农村公共服务中，怎样核对农户选择、季节风险与市场关系，分开“需求得到满足”与“门槛或登记改变”？","true","false","","direction-owned-direction-case"
"agri-economics-9","agri-economics","policy","农户与地区层次、季节与资源约束","农业政策评价研究档案：农户选择、季节风险与市场关系；干预时间、比较资格和同期变化；公开文件、责任分配和资源约束；正式文本、执行条件与被排除的对象。需对照的具体条目：文本目标、执行资源与受影响范围","「农业政策评价」：在农业政策评价中，怎样核对文本目标、执行资源与受影响范围，分开“可识别的干预作用”与“选择或同期冲击”？ 文本已经改变，实际机会和执行是否也改变了？","true","false","","direction-owned-direction-case"
"agri-economics-10","agri-economics","organization","农户与地区层次、季节与资源约束","农林经营史研究档案：同时代记载与后期整理本的年代对照；相关领域文献对“农户选择、季节风险与市场关系”的用语与记录方式；年代、出处和同时代对照；同时代资料、后期整理和出处链。需对照农林经营与家庭资源中的定义、对象索引与适用条件","「农林经营史」：在农林经营史中，怎样核对农户选择、季节风险与市场关系，分开“当时制度或实践”与“后来的回忆或分类”？ 哪一层叙述来自当时，哪一层来自后来的整理？","true","false","","direction-owned-direction-case"
"agri-economics-11","agri-economics","organization","农户与地区层次、季节与资源约束","农林资源配置研究档案：农户选择、季节风险与市场关系；公开文件、责任分配和资源约束；对象需求、服务资格和协作记录；计量单位、时间窗口和未计入的投入。需对照的具体条目：分配目标、机会成本与未满足需求","「农林资源配置」：在农林资源配置中，怎样核对分配目标、机会成本与未满足需求，分开“有据可查的运行变化”与“披露或叙事取舍”？ 看起来更划算，是效率提高还是少算了投入？","true","false","","direction-owned-direction-case"
"agri-economics-12","agri-economics","organization","农户与地区层次、季节与资源约束","乡村产业研究档案：农户选择、季节风险与市场关系；选择集合、机会成本和价格条件。需对照农林经营与家庭资源中的定义、对象索引与适用条件","「乡村产业」：在乡村产业中，怎样核对农户选择、季节风险与市场关系，分开“激励或偏好变化”与“约束或可得方案变化”？","true","false","","direction-owned-direction-case"
"tourism-management-1","tourism-management","tourism","旺淡季、服务情境与游客构成","旅游行为研究档案：游客路径、服务接触与居民经历；到访机会、服务链和当地负担。需对照的具体条目：到访选择、服务链与居民负担；到访选择、旅行目的与机会约束","「旅游行为」：在旅游行为中，怎样核对到访选择、旅行目的与机会约束，分开“实际服务收益”与“价格或访客构成变化”？","true","false","operations","direction-owned-direction-case"
"tourism-management-2","tourism-management","tourism","旺淡季、服务情境与游客构成","旅游目的地研究档案：游客路径、服务接触与居民经历；到访机会、服务链和当地负担。需对照的具体条目：到访选择、服务链与居民负担；空间范围、服务网络与居民负担","「旅游目的地」：在旅游目的地中，怎样核对空间范围、服务网络与居民负担，分开“实际服务收益”与“价格或访客构成变化”？","true","false","operations","direction-owned-direction-case"
"tourism-management-3","tourism-management","tourism","旺淡季、服务情境与游客构成","酒店管理研究研究档案：游客路径、服务接触与居民经历；决策责任、执行资源和反馈循环；到访机会、服务链和当地负担；正式文本、执行条件与被排除的对象。需对照的具体条目：到访选择、服务链与居民负担","「酒店管理研究」：在酒店管理研究中，怎样核对到访选择、服务链与居民负担，分开“执行机制改变”与“目标或报告口径改变”？ 文本已经改变，实际机会和执行是否也改变了？","true","false","","direction-owned-direction-case"
"tourism-management-4","tourism-management","tourism","旺淡季、服务情境与游客构成","旅游服务研究档案：游客路径、服务接触与居民经历；到访机会、服务链和当地负担。需对照的具体条目：到访选择、服务链与居民负担；服务承诺、实际交付与反馈时点","「旅游服务」：在旅游服务中，怎样核对服务承诺、实际交付与反馈时点，分开“实际服务收益”与“价格或访客构成变化”？","true","false","operations","direction-owned-direction-case"
"tourism-management-5","tourism-management","tourism","旺淡季、服务情境与游客构成","文化旅游研究档案：游客路径、服务接触与居民经历；到访机会、服务链和当地负担。需对照的具体条目：到访选择、服务链与居民负担；实践语境、符号用法与传承位置","「文化旅游」：在文化旅游中，怎样核对到访选择、服务链与居民负担，分开“实际服务收益”与“价格或访客构成变化”？","true","false","operations","direction-owned-direction-case"
"tourism-management-6","tourism-management","tourism","旺淡季、服务情境与游客构成","旅游资源评价研究档案：游客路径、服务接触与居民经历；到访机会、服务链和当地负担；公开文件、责任分配和资源约束；计量单位、时间窗口和未计入的投入。需对照的具体条目：到访选择、服务链与居民负担","「旅游资源评价」：在旅游资源评价中，怎样核对到访选择、服务链与居民负担，分开“实际服务收益”与“价格或访客构成变化”？ 看起来更划算，是效率提高还是少算了投入？","true","false","operations","direction-owned-direction-case"
"tourism-management-7","tourism-management","tourism","旺淡季、服务情境与游客构成","旅游环境研究档案：游客路径、服务接触与居民经历；到访机会、服务链和当地负担。需对照的具体条目：到访选择、服务链与居民负担；环境边界、到访强度与地方影响","「旅游环境」：在旅游环境中，怎样核对环境边界、到访强度与地方影响，分开“实际服务收益”与“价格或访客构成变化”？","true","false","operations","direction-owned-direction-case"
"tourism-management-8","tourism-management","tourism","旺淡季、服务情境与游客构成","旅游组织研究档案：游客路径、服务接触与居民经历；对象进入、角色关系和机会结构；到访机会、服务链和当地负担；正式文本、执行条件与被排除的对象。需对照的具体条目：到访选择、服务链与居民负担；角色分工、资源联系与实际协调","「旅游组织」：在旅游组织中，怎样核对到访选择、服务链与居民负担，分开“行为或关系改变”与“进入机会或结构改变”？ 文本已经改变，实际机会和执行是否也改变了？","true","false","operations","direction-owned-direction-case"
"tourism-management-9","tourism-management","tourism","旺淡季、服务情境与游客构成","旅游数字化研究档案：游客路径、服务接触与居民经历；到访机会、服务链和当地负担；版本规则、对象索引和使用任务。需对照的具体条目：到访选择、服务链与居民负担；编码规则、平台入口与不可见记录","「旅游数字化」：在旅游数字化中，怎样核对到访选择、服务链与居民负担，分开“实际服务收益”与“价格或访客构成变化”？","true","false","operations","direction-owned-direction-case"
"tourism-management-10","tourism-management","tourism","旺淡季、服务情境与游客构成","旅游体验研究档案：游客路径、服务接触与居民经历；到访机会、服务链和当地负担。需对照的具体条目：到访选择、服务链与居民负担；体验时段、期待背景与叙述条件","「旅游体验」：在旅游体验中，怎样核对体验时段、期待背景与叙述条件，分开“实际服务收益”与“价格或访客构成变化”？","true","false","operations","direction-owned-direction-case"
"tourism-management-11","tourism-management","tourism","旺淡季、服务情境与游客构成","旅游管理史研究档案：同时代记载与后期整理本的年代对照；相关领域文献对“游客路径、服务接触与居民经历”的用语与记录方式；年代、出处和同时代对照；同时代资料、后期整理和出处链。需对照的具体条目：到访选择、服务链与居民负担","「旅游管理史」：在旅游管理史中，怎样核对到访选择、服务链与居民负担，分开“当时制度或实践”与“后来的回忆或分类”？ 哪一层叙述来自当时，哪一层来自后来的整理？","true","false","operations","direction-owned-direction-case"
"tourism-management-12","tourism-management","tourism","旺淡季、服务情境与游客构成","旅游可及性研究档案：游客路径、服务接触与居民经历；到访机会、服务链和当地负担；任务路径、迭代版本和错误恢复记录。需对照的具体条目：到访选择、服务链与居民负担","「旅游可及性」：在旅游可及性中，怎样核对到访选择、服务链与居民负担，分开“实际服务收益”与“价格或访客构成变化”？ 这次变好是设计改进，还是使用者得到更多帮助？","true","false","operations","direction-owned-direction-case"
"audit-studies-1","audit-studies","accounting","资料完整性、评价范围与证据链","财务审计研究研究档案：抽样总体、测试底稿与异常追踪；计量时点、现金流口径和风险条件。需对照的具体条目：确认依据、证据覆盖与职业判断；证据取得、抽样覆盖与判断依据；财务断言、确认依据与证据覆盖","「财务审计研究」：在财务审计研究中，怎样核对证据取得、抽样覆盖与判断依据，分开“现金流或风险变化”与“计量口径或价格变化”？","true","false","accounting","direction-owned-direction-case"
"audit-studies-2","audit-studies","accounting","资料完整性、评价范围与证据链","绩效审计研究研究档案：抽样总体、测试底稿与异常追踪；计量时点、现金流口径和风险条件；决策责任、执行资源和反馈循环。需对照的具体条目：确认依据、证据覆盖与职业判断；证据取得、抽样覆盖与判断依据","「绩效审计研究」：在绩效审计研究中，怎样核对证据取得、抽样覆盖与判断依据，分开“现金流或风险变化”与“计量口径或价格变化”？","true","false","accounting","direction-owned-direction-case"
"audit-studies-3","audit-studies","accounting","资料完整性、评价范围与证据链","内部审计研究档案：抽样总体、测试底稿与异常追踪；计量时点、现金流口径和风险条件。需对照的具体条目：确认依据、证据覆盖与职业判断；内部职责、独立条件与沟通路径","「内部审计」：在内部审计中，怎样核对内部职责、独立条件与沟通路径，分开“现金流或风险变化”与“计量口径或价格变化”？","true","false","accounting","direction-owned-direction-case"
"audit-studies-4","audit-studies","accounting","资料完整性、评价范围与证据链","审计证据研究档案：抽样总体、测试底稿与异常追踪；计量时点、现金流口径和风险条件。需对照的具体条目：确认依据、证据覆盖与职业判断；证据来源、适当性与充分性","「审计证据」：在审计证据中，怎样核对证据来源、适当性与充分性，分开“现金流或风险变化”与“计量口径或价格变化”？","true","false","accounting","direction-owned-direction-case"
"audit-studies-5","audit-studies","accounting","资料完整性、评价范围与证据链","审计制度史研究档案：同时代记载与后期整理本的年代对照；相关领域文献对“抽样总体、测试底稿与异常追踪”的用语与记录方式；年代、出处和同时代对照；公开文件、责任分配和资源约束。需对照的具体条目：确认依据、证据覆盖与职业判断；条文来源、权限分配与执行差异","「审计制度史」：在审计制度史中，怎样核对确认依据、证据覆盖与职业判断，分开“当时制度或实践”与“后来的回忆或分类”？ 哪一层叙述来自当时，哪一层来自后来的整理？","true","false","accounting","direction-owned-direction-case"
"audit-studies-6","audit-studies","accounting","资料完整性、评价范围与证据链","审计质量研究档案：抽样总体、测试底稿与异常追踪；计量时点、现金流口径和风险条件；到达率、处理能力和波动时段；版本变更、异常记录和失败复核。需对照的具体条目：确认依据、证据覆盖与职业判断","「审计质量」：在审计质量中，怎样核对确认依据、证据覆盖与职业判断，分开“现金流或风险变化”与“计量口径或价格变化”？ 所谓更可靠，是失败更少，还是失败更少被记下来？","true","false","accounting","direction-owned-direction-case"
"audit-studies-7","audit-studies","accounting","资料完整性、评价范围与证据链","审计数据评价研究档案：抽样总体、测试底稿与异常追踪；计量时点、现金流口径和风险条件。需对照的具体条目：确认依据、证据覆盖与职业判断；来源映射、异常类别与证据链；数据质量、异常解释与判断价值","「审计数据评价」：在审计数据评价中，怎样核对数据质量、异常解释与判断价值，分开“现金流或风险变化”与“计量口径或价格变化”？","true","false","accounting","direction-owned-direction-case"
"audit-studies-8","audit-studies","accounting","资料完整性、评价范围与证据链","审计职业判断研究档案：抽样总体、测试底稿与异常追踪；计量时点、现金流口径和风险条件；判断依据、职责范围和受影响对象。需对照的具体条目：进入退出、工时与收入分布；确认依据、证据覆盖与职业判断","「审计职业判断」：在审计职业判断中，怎样核对进入退出、工时与收入分布，分开“现金流或风险变化”与“计量口径或价格变化”？","true","false","accounting","direction-owned-direction-case"
"audit-studies-9","audit-studies","accounting","资料完整性、评价范围与证据链","公共审计资料研究档案：抽样总体、测试底稿与异常追踪；计量时点、现金流口径和风险条件。需对照的具体条目：确认依据、证据覆盖与职业判断；公共职责、预算目标与资源使用","「公共审计资料」：在公共审计资料中，怎样核对公共职责、预算目标与资源使用，分开“现金流或风险变化”与“计量口径或价格变化”？","true","false","accounting","direction-owned-direction-case"
"audit-studies-10","audit-studies","accounting","资料完整性、评价范围与证据链","审计沟通研究档案：抽样总体、测试底稿与异常追踪；计量时点、现金流口径和风险条件。需对照的具体条目：确认依据、证据覆盖与职业判断；结论表达、对象理解与异议处理","「审计沟通」：在审计沟通中，怎样核对结论表达、对象理解与异议处理，分开“现金流或风险变化”与“计量口径或价格变化”？","true","false","accounting","direction-owned-direction-case"
"audit-studies-11","audit-studies","accounting","资料完整性、评价范围与证据链","数字审计研究研究档案：抽样总体、测试底稿与异常追踪；计量时点、现金流口径和风险条件；版本规则、对象索引和使用任务。需对照的具体条目：确认依据、证据覆盖与职业判断；编码规则、平台入口与不可见记录；证据取得、抽样覆盖与判断依据","「数字审计研究」：在数字审计研究中，怎样核对证据取得、抽样覆盖与判断依据，分开“现金流或风险变化”与“计量口径或价格变化”？","true","false","accounting","direction-owned-direction-case"
"audit-studies-12","audit-studies","education","资料完整性、评价范围与证据链","审计教育研究档案：教学任务、学生作答与撤去帮助后的新题；相关领域文献对“抽样总体、测试底稿与异常追踪”的用语与记录方式；任务目标、辅助条件和延迟表现。需对照的具体条目：确认依据、证据覆盖与职业判断","「审计教育」：在审计教育中，怎样核对确认依据、证据覆盖与职业判断，分开“独立学习改善”与“辅助或练习效应”？ 当场做对与真正能迁移，材料分别支持哪一个？","true","false","accounting","direction-owned-direction-case"
"dance-studies-1","dance-studies","performance","具体场次、记录方式与身体经验","舞蹈史研究档案：同时代记载与后期整理本的年代对照；相关领域文献对“动作序列、身体经验与演出版本”的用语与记录方式；年代、出处和同时代对照；同时代资料、后期整理和出处链。需对照的具体条目：排演文本、行动选择与观众位置；动作记述、身体经验与空间路径","「舞蹈史」：在舞蹈史中，怎样核对排演文本、行动选择与观众位置，分开“当时制度或实践”与“后来的回忆或分类”？ 哪一层叙述来自当时，哪一层来自后来的整理？","true","false","","direction-owned-direction-case"
"dance-studies-2","dance-studies","performance","具体场次、记录方式与身体经验","舞蹈理论研究档案：动作序列、身体经验与演出版本；排演文本、身体动作和观众位置；谱本或排演文本、演出记录和现场条件。需对照的具体条目：排演文本、行动选择与观众位置；动作记述、身体经验与空间路径；动作概念、身体经验与解释前提","「舞蹈理论」：在舞蹈理论中，怎样核对动作概念、身体经验与解释前提，分开“排演行动改变”与“场地或观众位置变化”？ 可听可见的变化来自表演选择，还是记录和场地？","true","false","","direction-owned-direction-case"
"dance-studies-3","dance-studies","performance","具体场次、记录方式与身体经验","舞蹈编创研究档案：动作序列、身体经验与演出版本；排演文本、身体动作和观众位置；谱本或排演文本、演出记录和现场条件。需对照的具体条目：排演文本、行动选择与观众位置；动作记述、身体经验与空间路径；动作选择、结构组织与排练修订","「舞蹈编创」：在舞蹈编创中，怎样核对动作选择、结构组织与排练修订，分开“排演行动改变”与“场地或观众位置变化”？ 可听可见的变化来自表演选择，还是记录和场地？","true","false","","direction-owned-direction-case"
"dance-studies-4","dance-studies","performance","具体场次、记录方式与身体经验","舞蹈表演研究档案：动作序列、身体经验与演出版本；排演文本、身体动作和观众位置；谱本或排演文本、演出记录和现场条件。需对照的具体条目：排演文本、行动选择与观众位置；动作记述、身体经验与空间路径；动作执行、现场条件与观众位置","「舞蹈表演」：在舞蹈表演中，怎样核对动作执行、现场条件与观众位置，分开“排演行动改变”与“场地或观众位置变化”？ 可听可见的变化来自表演选择，还是记录和场地？","true","false","","direction-owned-direction-case"
"dance-studies-5","dance-studies","education","具体场次、记录方式与身体经验","舞蹈教育研究档案：教学任务、学生作答与撤去帮助后的新题；相关领域文献对“动作序列、身体经验与演出版本”的用语与记录方式；任务目标、辅助条件和延迟表现。需对照的具体条目：排演文本、行动选择与观众位置；动作记述、身体经验与空间路径","「舞蹈教育」：在舞蹈教育中，怎样核对排演文本、行动选择与观众位置，分开“独立学习改善”与“辅助或练习效应”？ 当场做对与真正能迁移，材料分别支持哪一个？","true","false","","direction-owned-direction-case"
"dance-studies-6","dance-studies","performance","具体场次、记录方式与身体经验","民族民间舞研究研究档案：动作序列、身体经验与演出版本；作品或演出出处、接受语境和观众位置。需对照的具体条目：身份称谓、互动位置与传承实践","「民族民间舞研究」：在民族民间舞研究中，怎样核对身份称谓、互动位置与传承实践，分开“形式或接受改变”与“呈现语境改变”？","true","false","","direction-owned-direction-case"
"dance-studies-7","dance-studies","performance","具体场次、记录方式与身体经验","舞蹈记录研究档案：动作序列、身体经验与演出版本；排演文本、身体动作和观众位置；谱本或排演文本、演出记录和现场条件。需对照的具体条目：排演文本、行动选择与观众位置；动作记述、身体经验与空间路径；记谱规则、录像角度与遗漏动作","「舞蹈记录」：在舞蹈记录中，怎样核对记谱规则、录像角度与遗漏动作，分开“排演行动改变”与“场地或观众位置变化”？ 可听可见的变化来自表演选择，还是记录和场地？","true","false","","direction-owned-direction-case"
"dance-studies-8","dance-studies","performance","具体场次、记录方式与身体经验","舞蹈影像研究档案：动作序列、身体经验与演出版本；镜头顺序、声画关系和版本差异；排演文本、身体动作和观众位置；谱本或排演文本、演出记录和现场条件。需对照的具体条目：排演文本、行动选择与观众位置；来源索引、采集条件与判读分歧；动作记述、身体经验与空间路径","「舞蹈影像」：在舞蹈影像中，怎样核对排演文本、行动选择与观众位置，分开“视听组织改变”与“观看或版本条件”？ 可听可见的变化来自表演选择，还是记录和场地？","true","false","","direction-owned-direction-case"
"dance-studies-9","dance-studies","performance","具体场次、记录方式与身体经验","舞蹈身体经验研究档案：动作序列、身体经验与演出版本；排演文本、身体动作和观众位置；谱本或排演文本、演出记录和现场条件。需对照的具体条目：排演文本、行动选择与观众位置；动作记述、身体经验与空间路径；经验叙述、动作背景与研究者位置","「舞蹈身体经验」：在舞蹈身体经验中，怎样核对经验叙述、动作背景与研究者位置，分开“排演行动改变”与“场地或观众位置变化”？ 可听可见的变化来自表演选择，还是记录和场地？","true","false","","direction-owned-direction-case"
"dance-studies-10","dance-studies","performance","具体场次、记录方式与身体经验","舞蹈观众研究档案：动作序列、身体经验与演出版本；排演文本、身体动作和观众位置；作品或演出出处、接受语境和观众位置；谱本或排演文本、演出记录和现场条件。需对照的具体条目：接触机会、理解路径与未参与者；排演文本、行动选择与观众位置；动作记述、身体经验与空间路径","「舞蹈观众」：在舞蹈观众中，怎样核对接触机会、理解路径与未参与者，分开“排演行动改变”与“场地或观众位置变化”？ 可听可见的变化来自表演选择，还是记录和场地？","true","false","","direction-owned-direction-case"
"dance-studies-11","dance-studies","performance","具体场次、记录方式与身体经验","舞蹈与技术研究档案：动作序列、身体经验与演出版本；排演文本、身体动作和观众位置；谱本或排演文本、演出记录和现场条件。需对照的具体条目：排演文本、行动选择与观众位置；工具版本、使用任务与适用承诺；动作记述、身体经验与空间路径","「舞蹈与技术」：在舞蹈与技术中，怎样核对排演文本、行动选择与观众位置，分开“排演行动改变”与“场地或观众位置变化”？ 可听可见的变化来自表演选择，还是记录和场地？","true","false","","direction-owned-direction-case"
"dance-studies-12","dance-studies","performance","具体场次、记录方式与身体经验","舞蹈文献研究档案：逐页出处、底本差异和缺页索引；相关领域文献对“动作序列、身体经验与演出版本”的用语与记录方式；底本出处、异文位置和编订层次。需对照的具体条目：排演文本、行动选择与观众位置；动作记述、身体经验与空间路径","「舞蹈文献」：在舞蹈文献中，怎样核对排演文本、行动选择与观众位置，分开“原始用法差异”与“编订或传承差异”？ 这个说法在原材料的哪一页，另一版本为何不同？","true","false","","direction-owned-direction-case"
"opera-studies-1","opera-studies","performance","剧种、场次与传承版本","戏曲史研究档案：同时代记载与后期整理本的年代对照；相关领域文献对“唱腔、身段及剧种传承”的用语与记录方式；年代、出处和同时代对照；同时代资料、后期整理和出处链。需对照的具体条目：排演文本、行动选择与观众位置；剧种传统、唱腔程式与演出版本","「戏曲史」：在戏曲史中，怎样核对排演文本、行动选择与观众位置，分开“当时制度或实践”与“后来的回忆或分类”？ 哪一层叙述来自当时，哪一层来自后来的整理？","true","false","music","direction-owned-direction-case"
"opera-studies-2","opera-studies","performance","剧种、场次与传承版本","曲艺史研究档案：同时代记载与后期整理本的年代对照；相关领域文献对“唱腔、身段及剧种传承”的用语与记录方式；年代、出处和同时代对照；同时代资料、后期整理和出处链。需对照的具体条目：讲述角色、曲词版本与听众互动","「曲艺史」：在曲艺史中，怎样核对讲述角色、曲词版本与听众互动，分开“当时制度或实践”与“后来的回忆或分类”？ 哪一层叙述来自当时，哪一层来自后来的整理？","true","false","","direction-owned-direction-case"
"opera-studies-3","opera-studies","performance","剧种、场次与传承版本","戏曲文本研究档案：逐页出处、底本差异和缺页索引；相关领域文献对“唱腔、身段及剧种传承”的用语与记录方式；底本出处、异文位置和编订层次。需对照的具体条目：排演文本、行动选择与观众位置；剧种传统、唱腔程式与演出版本","「戏曲文本」：在戏曲文本中，怎样核对排演文本、行动选择与观众位置，分开“原始用法差异”与“编订或传承差异”？ 这个说法在原材料的哪一页，另一版本为何不同？","true","false","music","direction-owned-direction-case"
"opera-studies-4","opera-studies","performance","剧种、场次与传承版本","曲艺文本研究档案：逐页出处、底本差异和缺页索引；相关领域文献对“唱腔、身段及剧种传承”的用语与记录方式；底本出处、异文位置和编订层次。需对照的具体条目：讲述角色、曲词版本与听众互动","「曲艺文本」：在曲艺文本中，怎样核对讲述角色、曲词版本与听众互动，分开“原始用法差异”与“编订或传承差异”？ 这个说法在原材料的哪一页，另一版本为何不同？","true","false","","direction-owned-direction-case"
"opera-studies-5","opera-studies","performance","剧种、场次与传承版本","戏曲表演研究档案：唱腔、身段及剧种传承；排演文本、身体动作和观众位置；谱本或排演文本、演出记录和现场条件。需对照的具体条目：排演文本、行动选择与观众位置；剧种传统、唱腔程式与演出版本","「戏曲表演」：在戏曲表演中，怎样核对排演文本、行动选择与观众位置，分开“排演行动改变”与“场地或观众位置变化”？ 可听可见的变化来自表演选择，还是记录和场地？","true","false","music","direction-owned-direction-case"
"opera-studies-6","opera-studies","performance","剧种、场次与传承版本","曲艺表演研究档案：唱腔、身段及剧种传承；排演文本、身体动作和观众位置；谱本或排演文本、演出记录和现场条件。需对照的具体条目：排演文本、行动选择与观众位置；讲述角色、曲词版本与听众互动","「曲艺表演」：在曲艺表演中，怎样核对排演文本、行动选择与观众位置，分开“排演行动改变”与“场地或观众位置变化”？ 可听可见的变化来自表演选择，还是记录和场地？","true","false","music","direction-owned-direction-case"
"opera-studies-7","opera-studies","performance","剧种、场次与传承版本","唱腔资料研究档案：唱腔、身段及剧种传承；谱本、声音记录和表演条件；谱本或排演文本、演出记录和现场条件。需对照戏曲程式与地方传统中的定义、对象索引与适用条件","「唱腔资料」：在唱腔资料中，怎样核对唱腔、身段及剧种传承，分开“表演解释差异”与“录音或版本差异”？ 可听可见的变化来自表演选择，还是记录和场地？","true","false","","direction-owned-direction-case"
"opera-studies-8","opera-studies","performance","剧种、场次与传承版本","程式研究研究档案：唱腔、身段及剧种传承；排演文本、身体动作和观众位置。需对照戏曲程式与地方传统中的定义、对象索引与适用条件","「程式研究」：在程式研究中，怎样核对唱腔、身段及剧种传承，分开“排演行动改变”与“场地或观众位置变化”？","true","false","","direction-owned-direction-case"
"opera-studies-9","opera-studies","performance","剧种、场次与传承版本","地方剧种研究档案：唱腔、身段及剧种传承；作品或演出出处、接受语境和观众位置。需对照戏曲程式与地方传统中的定义、对象索引与适用条件","「地方剧种」：在地方剧种中，怎样核对唱腔、身段及剧种传承，分开“形式或接受改变”与“呈现语境改变”？","true","false","","direction-owned-direction-case"
"opera-studies-10","opera-studies","education","剧种、场次与传承版本","戏曲教育研究档案：教学任务、学生作答与撤去帮助后的新题；相关领域文献对“唱腔、身段及剧种传承”的用语与记录方式；任务目标、辅助条件和延迟表现。需对照的具体条目：排演文本、行动选择与观众位置；剧种传统、唱腔程式与演出版本","「戏曲教育」：在戏曲教育中，怎样核对排演文本、行动选择与观众位置，分开“独立学习改善”与“辅助或练习效应”？ 当场做对与真正能迁移，材料分别支持哪一个？","true","false","music","direction-owned-direction-case"
"opera-studies-11","opera-studies","performance","剧种、场次与传承版本","演出档案研究档案：逐页出处、底本差异和缺页索引；相关领域文献对“唱腔、身段及剧种传承”的用语与记录方式；底本出处、异文位置和编订层次。需对照的具体条目：形成机关、归档过程与缺件","「演出档案」：在演出档案中，怎样核对形成机关、归档过程与缺件，分开“原始用法差异”与“编订或传承差异”？ 这个说法在原材料的哪一页，另一版本为何不同？","true","false","","direction-owned-direction-case"
"opera-studies-12","opera-studies","performance","剧种、场次与传承版本","戏曲观众研究档案：唱腔、身段及剧种传承；排演文本、身体动作和观众位置；作品或演出出处、接受语境和观众位置。需对照的具体条目：接触机会、理解路径与未参与者；排演文本、行动选择与观众位置；剧种传统、唱腔程式与演出版本","「戏曲观众」：在戏曲观众中，怎样核对接触机会、理解路径与未参与者，分开“排演行动改变”与“场地或观众位置变化”？","true","false","music","direction-owned-direction-case"
"integrated-circuits-1","integrated-circuits","cross","器件尺度、设计版本与评价工况","集成电路理论研究档案：器件模型、时序功耗与芯片状态；器件模型、工作点和时序功耗。需对照的具体条目：工作点、时序约束与功耗分项；电路假设、器件模型与系统约束","「集成电路理论」：在集成电路理论中，怎样核对电路假设、器件模型与系统约束，分开“系统实现改善”与“工作点或模型差异”？","true","false","circuits","direction-owned-direction-case"
"integrated-circuits-2","integrated-circuits","cross","器件尺度、设计版本与评价工况","芯片设计资料研究档案：器件模型、时序功耗与芯片状态；器件模型、工作点和时序功耗；设计任务、迭代版本和使用者反馈；任务路径、迭代版本和错误恢复记录。需对照的具体条目：工作点、时序约束与功耗分项","「芯片设计资料」：在芯片设计资料中，怎样核对工作点、时序约束与功耗分项，分开“系统实现改善”与“工作点或模型差异”？ 这次变好是设计改进，还是使用者得到更多帮助？","true","false","circuits","direction-owned-direction-case"
"integrated-circuits-3","integrated-circuits","cross","器件尺度、设计版本与评价工况","器件模型评价研究档案：器件模型、时序功耗与芯片状态；器件模型、工作点和时序功耗；模型边界、参数来源和验证情境；参数出处、边界条件和独立检验情境。需对照器件、电路与芯片中的定义、对象索引与适用条件","「器件模型评价」：在器件模型评价中，怎样核对器件模型、时序功耗与芯片状态，分开“系统实现改善”与“工作点或模型差异”？ 拟合得好来自可解释结构，还是条件和参数更宽松？","true","false","circuits","direction-owned-direction-case"
"integrated-circuits-4","integrated-circuits","cross","器件尺度、设计版本与评价工况","电路仿真研究档案：器件模型、时序功耗与芯片状态；离散误差、参照解和停止条件；器件模型、工作点和时序功耗；参数出处、边界条件和独立检验情境。需对照的具体条目：工作点、时序约束与功耗分项","「电路仿真」：在电路仿真中，怎样核对工作点、时序约束与功耗分项，分开“可控数值误差”与“模型或离散误差”？ 拟合得好来自可解释结构，还是条件和参数更宽松？","true","false","circuits","direction-owned-direction-case"
"integrated-circuits-5","integrated-circuits","cross","器件尺度、设计版本与评价工况","集成电路测量研究档案：器件模型、时序功耗与芯片状态；参考量、校准曲线和不确定性分项；器件模型、工作点和时序功耗；参考依据、重复读数和误差分项。需对照的具体条目：工作点、时序约束与功耗分项","「集成电路测量」：在集成电路测量中，怎样核对工作点、时序约束与功耗分项，分开“被测量变化”与“校准偏差”？ 读数差异来自被测对象，还是测量链的变化？","true","false","circuits","direction-owned-direction-case"
"integrated-circuits-6","integrated-circuits","cross","器件尺度、设计版本与评价工况","芯片可靠性研究档案：器件模型、时序功耗与芯片状态；失效定义、暴露时长和退出原因；器件模型、工作点和时序功耗；版本变更、异常记录和失败复核。需对照的具体条目：工作点、时序约束与功耗分项","「芯片可靠性」：在芯片可靠性中，怎样核对工作点、时序约束与功耗分项，分开“可靠性提高”与“使用减少或漏报”？ 所谓更可靠，是失败更少，还是失败更少被记下来？","true","false","circuits","direction-owned-direction-case"
"integrated-circuits-7","integrated-circuits","cross","器件尺度、设计版本与评价工况","设计自动化研究档案：器件模型、时序功耗与芯片状态；输入扰动、反馈状态和响应轨迹；设计任务、迭代版本和使用者反馈；任务路径、迭代版本和错误恢复记录。需对照器件、电路与芯片中的定义、对象索引与适用条件","「设计自动化」：在设计自动化中，怎样核对器件模型、时序功耗与芯片状态，分开“控制响应改善”与“测试工况更容易”？ 这次变好是设计改进，还是使用者得到更多帮助？","true","false","circuits","direction-owned-direction-case"
"integrated-circuits-8","integrated-circuits","cross","器件尺度、设计版本与评价工况","芯片架构评价研究档案：器件模型、时序功耗与芯片状态；器件模型、工作点和时序功耗。需对照的具体条目：工作点、时序约束与功耗分项；模块分工、工作负载与性能权衡","「芯片架构评价」：在芯片架构评价中，怎样核对模块分工、工作负载与性能权衡，分开“系统实现改善”与“工作点或模型差异”？","true","false","circuits","direction-owned-direction-case"
"integrated-circuits-9","integrated-circuits","cross","器件尺度、设计版本与评价工况","工艺资料比较研究档案：器件模型、时序功耗与芯片状态；公开资料定义、使用场景和解释边界；各方定义、资料来源和桥接规则。需对照器件、电路与芯片中的定义、对象索引与适用条件","「工艺资料比较」：在工艺资料比较中，怎样核对器件模型、时序功耗与芯片状态，分开“定义内可检查的改进”与“可见范围或使用条件改变”？ 名称相同是否真的意味着比较对象相同？","true","false","circuits","direction-owned-direction-case"
"integrated-circuits-10","integrated-circuits","cross","器件尺度、设计版本与评价工况","芯片能耗评价研究档案：器件模型、时序功耗与芯片状态；器件模型、工作点和时序功耗。需对照的具体条目：工作点、时序约束与功耗分项；功能单位、运行时间与能量边界；功耗分项、活动时段与工作负载","「芯片能耗评价」：在芯片能耗评价中，怎样核对功能单位、运行时间与能量边界，分开“系统实现改善”与“工作点或模型差异”？","true","false","circuits","direction-owned-direction-case"
"integrated-circuits-11","integrated-circuits","cross","器件尺度、设计版本与评价工况","集成电路史研究档案：同时代记载与后期整理本的年代对照；相关领域文献对“器件模型、时序功耗与芯片状态”的用语与记录方式；同时代资料、后期整理和出处链。需对照的具体条目：工作点、时序约束与功耗分项","「集成电路史」：在集成电路史中，怎样核对工作点、时序约束与功耗分项，分开“有出处的历史解释”与“整理或保存选择”？ 哪一层叙述来自当时，哪一层来自后来的整理？","true","false","circuits","direction-owned-direction-case"
"integrated-circuits-12","integrated-circuits","education","器件尺度、设计版本与评价工况","芯片教育研究档案：教学任务、学生作答与撤去帮助后的新题；相关领域文献对“器件模型、时序功耗与芯片状态”的用语与记录方式；任务目标、辅助条件和延迟表现。需对照的具体条目：工作点、时序约束与功耗分项","「芯片教育」：在芯片教育中，怎样核对工作点、时序约束与功耗分项，分开“独立学习改善”与“辅助或练习效应”？ 当场做对与真正能迁移，材料分别支持哪一个？","true","false","circuits","direction-owned-direction-case"
"national-security-studies-1","national-security-studies","cross","公开依据、制度语境与判断层次","国家安全理论研究档案：公开政策、社会响应与协作制度；正式规则、实际执行和行为者立场。需对照的具体条目：公开信号、相互解释与承诺兑现","「国家安全理论」：在国家安全理论中，怎样核对公开信号、相互解释与承诺兑现，分开“制度实践变化”与“文本或表述变化”？","true","false","","direction-owned-direction-case"
"national-security-studies-2","national-security-studies","cross","公开依据、制度语境与判断层次","安全政策史研究档案：同时代记载与后期整理本的年代对照；相关领域文献对“公开政策、社会响应与协作制度”的用语与记录方式；公开文件、责任分配和资源约束；同时代资料、后期整理和出处链。需对照的具体条目：公开信号、相互解释与承诺兑现；文本目标、执行资源与受影响范围","「安全政策史」：在安全政策史中，怎样核对公开信号、相互解释与承诺兑现，分开“有据可查的运行变化”与“披露或叙事取舍”？ 哪一层叙述来自当时，哪一层来自后来的整理？","true","false","","direction-owned-direction-case"
"national-security-studies-3","national-security-studies","cross","公开依据、制度语境与判断层次","公共风险沟通研究档案：公开政策、社会响应与协作制度；公开资料定义、使用场景和解释边界。需对照的具体条目：危险条件、暴露对象与实际脆弱性","「公共风险沟通」：在公共风险沟通中，怎样核对危险条件、暴露对象与实际脆弱性，分开“定义内可检查的改进”与“可见范围或使用条件改变”？","true","false","","direction-owned-direction-case"
"national-security-studies-4","national-security-studies","cross","公开依据、制度语境与判断层次","组织协作制度研究档案：公开政策、社会响应与协作制度；节点口径、边含义和缺失连接；对象进入、角色关系和机会结构；正式文本、执行条件与被排除的对象。需对照的具体条目：条文来源、权限分配与执行差异；角色分工、资源联系与实际协调","「组织协作制度」：在组织协作制度中，怎样核对条文来源、权限分配与执行差异，分开“实际关系改变”与“采集范围改变”？ 文本已经改变，实际机会和执行是否也改变了？","true","false","","direction-owned-direction-case"
"national-security-studies-5","national-security-studies","cross","公开依据、制度语境与判断层次","社会韧性资料研究档案：公开政策、社会响应与协作制度；对象进入、角色关系和机会结构。需对照公开安全与社会韧性中的定义、对象索引与适用条件","「社会韧性资料」：在社会韧性资料中，怎样核对公开政策、社会响应与协作制度，分开“行为或关系改变”与“进入机会或结构改变”？","true","false","","direction-owned-direction-case"
"national-security-studies-6","national-security-studies","cross","公开依据、制度语境与判断层次","安全治理研究档案：公开政策、社会响应与协作制度；正式规则、实际执行和行为者立场；公开文件、责任分配和资源约束；正式文本、执行条件与被排除的对象。需对照的具体条目：规则来源、执行条件与行动者立场；公开信号、相互解释与承诺兑现","「安全治理」：在安全治理中，怎样核对规则来源、执行条件与行动者立场，分开“制度实践变化”与“文本或表述变化”？ 文本已经改变，实际机会和执行是否也改变了？","true","false","","direction-owned-direction-case"
"national-security-studies-7","national-security-studies","cross","公开依据、制度语境与判断层次","国际安全文献研究档案：逐页出处、底本差异和缺页索引；相关领域文献对“公开政策、社会响应与协作制度”的用语与记录方式；底本出处、异文位置和编订层次。需对照的具体条目：公开信号、相互解释与承诺兑现；地区制度、指标译法与比较资格","「国际安全文献」：在国际安全文献中，怎样核对公开信号、相互解释与承诺兑现，分开“原始用法差异”与“编订或传承差异”？ 这个说法在原材料的哪一页，另一版本为何不同？","true","false","","direction-owned-direction-case"
"national-security-studies-8","national-security-studies","education","公开依据、制度语境与判断层次","安全教育研究档案：教学任务、学生作答与撤去帮助后的新题；相关领域文献对“公开政策、社会响应与协作制度”的用语与记录方式；任务目标、辅助条件和延迟表现。需对照的具体条目：公开信号、相互解释与承诺兑现","「安全教育」：在安全教育中，怎样核对公开信号、相互解释与承诺兑现，分开“独立学习改善”与“辅助或练习效应”？ 当场做对与真正能迁移，材料分别支持哪一个？","true","false","","direction-owned-direction-case"
"national-security-studies-9","national-security-studies","cross","公开依据、制度语境与判断层次","安全伦理研究档案：行动者理由、利益负担与提出异议的记录；相关领域文献对“公开政策、社会响应与协作制度”的用语与记录方式；受益负担、行动理由和申诉机会。需对照的具体条目：公开信号、相互解释与承诺兑现；行动理由、受益负担与申诉机会","「安全伦理」：在安全伦理中，怎样核对公开信号、相互解释与承诺兑现，分开“可辩护的规范理由”与“偏好数量代替理由”？ 谁承担了负担，现有理由怎样回应他的异议？","true","false","","direction-owned-direction-case"
"national-security-studies-10","national-security-studies","cross","公开依据、制度语境与判断层次","文化与安全研究档案：公开政策、社会响应与协作制度；正式规则、实际执行和行为者立场。需对照的具体条目：公开信号、相互解释与承诺兑现；实践语境、符号用法与传承位置","「文化与安全」：在文化与安全中，怎样核对公开信号、相互解释与承诺兑现，分开“制度实践变化”与“文本或表述变化”？","true","false","","direction-owned-direction-case"
"national-security-studies-11","national-security-studies","cross","公开依据、制度语境与判断层次","公开资料质量研究档案：公开政策、社会响应与协作制度；标签定义、版本变动和分歧样本；公开文件、责任分配和资源约束；版本变更、异常记录和失败复核。需对照公开安全与社会韧性中的定义、对象索引与适用条件","「公开资料质量」：在公开资料质量中，怎样核对公开政策、社会响应与协作制度，分开“信息表达改善”与“标签口径改变”？ 所谓更可靠，是失败更少，还是失败更少被记下来？","true","false","","direction-owned-direction-case"
"national-security-studies-12","national-security-studies","cross","公开依据、制度语境与判断层次","比较安全制度研究档案：公开政策、社会响应与协作制度；正式规则、实际执行和行为者立场；公开文件、责任分配和资源约束；正式文本、执行条件与被排除的对象。需对照的具体条目：公开信号、相互解释与承诺兑现；条文来源、权限分配与执行差异","「比较安全制度」：在比较安全制度中，怎样核对公开信号、相互解释与承诺兑现，分开“制度实践变化”与“文本或表述变化”？ 文本已经改变，实际机会和执行是否也改变了？","true","false","","direction-owned-direction-case"
"intelligent-science-1","intelligent-science","computing","任务定义、训练评价边界与交互情境","智能理论研究档案：模型任务、交互决策与使用环境；来源划分、简单基线和错误分布。需对照的具体条目：智能概念、任务定义与评价假设","「智能理论」：在智能理论中，怎样核对智能概念、任务定义与评价假设，分开“任务学习改善”与“来源泄漏或分布差异”？","true","false","ml","direction-owned-direction-case"
"intelligent-science-2","intelligent-science","computing","任务定义、训练评价边界与交互情境","认知计算资料研究档案：模型任务、交互决策与使用环境；公开资料定义、使用场景和解释边界。需对照的具体条目：任务难度、注意条件与策略选择","「认知计算资料」：在认知计算资料中，怎样核对任务难度、注意条件与策略选择，分开“定义内可检查的改进”与“可见范围或使用条件改变”？","true","false","","direction-owned-direction-case"
"intelligent-science-3","intelligent-science","computing","任务定义、训练评价边界与交互情境","机器学习评价研究档案：模型任务、交互决策与使用环境；来源划分、简单基线和错误分布；任务目标、辅助条件和延迟表现。需对照的具体条目：来源划分、基线与错误类型；目标任务、辅助条件与延迟迁移；目标构念、任务难度与评分规则","「机器学习评价」：在机器学习评价中，怎样核对来源划分、基线与错误类型，分开“任务学习改善”与“来源泄漏或分布差异”？","true","false","ml","direction-owned-direction-case"
"intelligent-science-4","intelligent-science","computing","任务定义、训练评价边界与交互情境","智能系统建模研究档案：模型任务、交互决策与使用环境；模型边界、参数来源和验证情境；系统边界、反馈连接和尺度转换；参数出处、边界条件和独立检验情境。需对照智能系统与人机判断中的定义、对象索引与适用条件","「智能系统建模」：在智能系统建模中，怎样核对模型任务、交互决策与使用环境，分开“机制解释改善”与“校准对验证的依赖”？ 拟合得好来自可解释结构，还是条件和参数更宽松？","true","false","ml","direction-owned-direction-case"
"intelligent-science-5","intelligent-science","computing","任务定义、训练评价边界与交互情境","智能交互研究档案：模型任务、交互决策与使用环境；任务完成、错误恢复和辅助条件；任务路径、迭代版本和错误恢复记录。需对照的具体条目：任务路径、辅助条件与错误恢复","「智能交互」：在智能交互中，怎样核对任务路径、辅助条件与错误恢复，分开“交互设计改善”与“辅助或用户组成变化”？ 这次变好是设计改进，还是使用者得到更多帮助？","true","false","ml","direction-owned-direction-case"
"intelligent-science-6","intelligent-science","computing","任务定义、训练评价边界与交互情境","智能感知评价研究档案：模型任务、交互决策与使用环境；来源划分、简单基线和错误分布。需对照的具体条目：感知来源、错误模式与场景变化","「智能感知评价」：在智能感知评价中，怎样核对感知来源、错误模式与场景变化，分开“任务学习改善”与“来源泄漏或分布差异”？","true","false","ml","direction-owned-direction-case"
"intelligent-science-7","intelligent-science","computing","任务定义、训练评价边界与交互情境","智能决策资料研究档案：模型任务、交互决策与使用环境；系统边界、反馈连接和尺度转换；公开文件、责任分配和资源约束。需对照的具体条目：可得方案、判断时点与约束依据","「智能决策资料」：在智能决策资料中，怎样核对可得方案、判断时点与约束依据，分开“整体行为改变”与“局部或边界变化”？","true","false","ml","direction-owned-direction-case"
"intelligent-science-8","intelligent-science","computing","任务定义、训练评价边界与交互情境","智能系统可靠性研究档案：模型任务、交互决策与使用环境；失效定义、暴露时长和退出原因；系统边界、反馈连接和尺度转换；版本变更、异常记录和失败复核。需对照智能系统与人机判断中的定义、对象索引与适用条件","「智能系统可靠性」：在智能系统可靠性中，怎样核对模型任务、交互决策与使用环境，分开“可靠性提高”与“使用减少或漏报”？ 所谓更可靠，是失败更少，还是失败更少被记下来？","true","false","ml","direction-owned-direction-case"
"intelligent-science-9","intelligent-science","computing","任务定义、训练评价边界与交互情境","智能伦理研究档案：行动者理由、利益负担与提出异议的记录；相关领域文献对“模型任务、交互决策与使用环境”的用语与记录方式；受益负担、行动理由和申诉机会。需对照的具体条目：行动理由、受益负担与申诉机会","「智能伦理」：在智能伦理中，怎样核对行动理由、受益负担与申诉机会，分开“可辩护的规范理由”与“偏好数量代替理由”？ 谁承担了负担，现有理由怎样回应他的异议？","true","false","ml","direction-owned-direction-case"
"intelligent-science-10","intelligent-science","computing","任务定义、训练评价边界与交互情境","多模态资料研究档案：模型任务、交互决策与使用环境；采样条件、频谱结构和噪声假设。需对照的具体条目：可及关系、量词范围与反例条件","「多模态资料」：在多模态资料中，怎样核对可及关系、量词范围与反例条件，分开“信号结构改变”与“滤波或采样改变”？","true","false","","direction-owned-direction-case"
"intelligent-science-11","intelligent-science","computing","任务定义、训练评价边界与交互情境","智能科学史研究档案：同时代记载与后期整理本的年代对照；相关领域文献对“模型任务、交互决策与使用环境”的用语与记录方式；同时代资料、后期整理和出处链。需对照的具体条目：仪器记录、研究制度与知识传播","「智能科学史」：在智能科学史中，怎样核对仪器记录、研究制度与知识传播，分开“有出处的历史解释”与“整理或保存选择”？ 哪一层叙述来自当时，哪一层来自后来的整理？","true","false","ml","direction-owned-direction-case"
"intelligent-science-12","intelligent-science","education","任务定义、训练评价边界与交互情境","智能教育研究档案：教学任务、学生作答与撤去帮助后的新题；相关领域文献对“模型任务、交互决策与使用环境”的用语与记录方式；任务目标、辅助条件和延迟表现。需对照智能系统与人机判断中的定义、对象索引与适用条件","「智能教育」：在智能教育中，怎样核对模型任务、交互决策与使用环境，分开“独立学习改善”与“辅助或练习效应”？ 当场做对与真正能迁移，材料分别支持哪一个？","true","false","ml","direction-owned-direction-case"
"nano-science-1","nano-science","cross","尺度、批次与表征条件","纳米材料资料研究档案：尺寸分布、表面状态与尺度相关性质；结构分布、缺陷表征和性质条件。需对照的具体条目：尺寸分布、表面状态与材料来源","「纳米材料资料」：在纳米材料资料中，怎样核对尺寸分布、表面状态与材料来源，分开“结构差异”与“组成或条件差异”？","true","false","condensed","direction-owned-direction-case"
"nano-science-2","nano-science","cross","尺度、批次与表征条件","纳米结构测量研究档案：尺寸分布、表面状态与尺度相关性质；结构分布、缺陷表征和性质条件；参考量、校准曲线和不确定性分项；参考依据、重复读数和误差分项。需对照的具体条目：结构读数、仪器响应与尺寸分布","「纳米结构测量」：在纳米结构测量中，怎样核对结构读数、仪器响应与尺寸分布，分开“结构差异”与“组成或条件差异”？ 读数差异来自被测对象，还是测量链的变化？","true","false","condensed","direction-owned-direction-case"
"nano-science-3","nano-science","cross","尺度、批次与表征条件","纳米光学研究档案：尺寸分布、表面状态与尺度相关性质；光路、光谱响应和探测器背景；结构分布、缺陷表征和性质条件。需对照纳米尺度与界面中的定义、对象索引与适用条件","「纳米光学」：在纳米光学中，怎样核对尺寸分布、表面状态与尺度相关性质，分开“入射场改变”与“探测器响应改变”？","true","false","condensed","direction-owned-direction-case"
"nano-science-4","nano-science","cross","尺度、批次与表征条件","纳米电子资料研究档案：尺寸分布、表面状态与尺度相关性质；结构分布、缺陷表征和性质条件。需对照的具体条目：器件尺度、工作条件与电学响应","「纳米电子资料」：在纳米电子资料中，怎样核对器件尺度、工作条件与电学响应，分开“结构差异”与“组成或条件差异”？","true","false","condensed","direction-owned-direction-case"
"nano-science-5","nano-science","cross","尺度、批次与表征条件","纳米力学研究档案：尺寸分布、表面状态与尺度相关性质；结构分布、缺陷表征和性质条件。需对照的具体条目：尺度条件、边界约束与力学读数","「纳米力学」：在纳米力学中，怎样核对尺度条件、边界约束与力学读数，分开“结构差异”与“组成或条件差异”？","true","false","condensed","direction-owned-direction-case"
"nano-science-6","nano-science","cross","尺度、批次与表征条件","纳米界面研究档案：尺寸分布、表面状态与尺度相关性质；结构分布、缺陷表征和性质条件。需对照的具体条目：界面面积、表面状态与相互作用","「纳米界面」：在纳米界面中，怎样核对界面面积、表面状态与相互作用，分开“结构差异”与“组成或条件差异”？","true","false","condensed","direction-owned-direction-case"
"nano-science-7","nano-science","cross","尺度、批次与表征条件","纳米能源资料研究档案：尺寸分布、表面状态与尺度相关性质；结构分布、缺陷表征和性质条件；计量单位、时间窗口和未计入的投入。需对照纳米尺度与界面中的定义、对象索引与适用条件","「纳米能源资料」：在纳米能源资料中，怎样核对尺寸分布、表面状态与尺度相关性质，分开“结构差异”与“组成或条件差异”？ 看起来更划算，是效率提高还是少算了投入？","true","false","condensed","direction-owned-direction-case"
"nano-science-8","nano-science","cross","尺度、批次与表征条件","纳米生物资料研究档案：尺寸分布、表面状态与尺度相关性质；结构分布、缺陷表征和性质条件。需对照的具体条目：生物对象、材料状态与模型边界","「纳米生物资料」：在纳米生物资料中，怎样核对生物对象、材料状态与模型边界，分开“结构差异”与“组成或条件差异”？","true","false","condensed","direction-owned-direction-case"
"nano-science-9","nano-science","cross","尺度、批次与表征条件","纳米材料评价研究档案：尺寸分布、表面状态与尺度相关性质；结构分布、缺陷表征和性质条件。需对照的具体条目：尺寸分布、表面状态与材料来源；评价任务、适用场景与参照材料","「纳米材料评价」：在纳米材料评价中，怎样核对评价任务、适用场景与参照材料，分开“结构差异”与“组成或条件差异”？","true","false","condensed","direction-owned-direction-case"
"nano-science-10","nano-science","cross","尺度、批次与表征条件","尺度效应研究档案：尺寸分布、表面状态与尺度相关性质；公开资料定义、使用场景和解释边界。需对照纳米尺度与界面中的定义、对象索引与适用条件","「尺度效应」：在尺度效应中，怎样核对尺寸分布、表面状态与尺度相关性质，分开“定义内可检查的改进”与“可见范围或使用条件改变”？","true","false","","direction-owned-direction-case"
"nano-science-11","nano-science","cross","尺度、批次与表征条件","纳米科学史研究档案：同时代记载与后期整理本的年代对照；相关领域文献对“尺寸分布、表面状态与尺度相关性质”的用语与记录方式；同时代资料、后期整理和出处链。需对照的具体条目：仪器记录、研究制度与知识传播","「纳米科学史」：在纳米科学史中，怎样核对仪器记录、研究制度与知识传播，分开“有出处的历史解释”与“整理或保存选择”？ 哪一层叙述来自当时，哪一层来自后来的整理？","true","false","condensed","direction-owned-direction-case"
"nano-science-12","nano-science","cross","尺度、批次与表征条件","纳米测量质量研究档案：尺寸分布、表面状态与尺度相关性质；结构分布、缺陷表征和性质条件；参考量、校准曲线和不确定性分项；参考依据、重复读数和误差分项。需对照的具体条目：参考量、标定条件与误差来源","「纳米测量质量」：在纳米测量质量中，怎样核对参考量、标定条件与误差来源，分开“结构差异”与“组成或条件差异”？ 读数差异来自被测对象，还是测量链的变化？","true","false","condensed","direction-owned-direction-case"
"area-studies-1","area-studies","area-studies","语言语境、比较单位与材料范围","区域历史研究档案：同时代记载与后期整理本的年代对照；相关领域文献对“多语文献、地方制度与时期条件”的用语与记录方式；同时代资料、后期整理和出处链。需对照国别语境与跨区比较中的定义、对象索引与适用条件","「区域历史」：在区域历史中，怎样核对多语文献、地方制度与时期条件，分开“有出处的历史解释”与“整理或保存选择”？ 哪一层叙述来自当时，哪一层来自后来的整理？","true","false","cross-culture","direction-owned-direction-case"
"area-studies-2","area-studies","area-studies","语言语境、比较单位与材料范围","国别政治资料研究档案：多语文献、地方制度与时期条件；正式规则、实际执行和行为者立场；地理单元、时期边界和地方制度。需对照的具体条目：规则来源、执行条件与行动者立场","「国别政治资料」：在国别政治资料中，怎样核对规则来源、执行条件与行动者立场，分开“制度实践变化”与“文本或表述变化”？","true","false","cross-culture","direction-owned-direction-case"
"area-studies-3","area-studies","area-studies","语言语境、比较单位与材料范围","区域经济研究档案：多语文献、地方制度与时期条件；地理单元、时期边界和地方制度；坐标基准、空间单元和不同尺度的对照。需对照的具体条目：地方产业、市场联系与资源约束","「区域经济」：在区域经济中，怎样核对地方产业、市场联系与资源约束，分开“地方过程差异”与“单元或时期划分差异”？ 换了空间单元以后，原来的关系是否还成立？","true","false","cross-culture","direction-owned-direction-case"
"area-studies-4","area-studies","area-studies","语言语境、比较单位与材料范围","区域文化研究档案：多语文献、地方制度与时期条件；地理单元、时期边界和地方制度；坐标基准、空间单元和不同尺度的对照。需对照的具体条目：实践语境、符号用法与传承位置","「区域文化」：在区域文化中，怎样核对实践语境、符号用法与传承位置，分开“地方过程差异”与“单元或时期划分差异”？ 换了空间单元以后，原来的关系是否还成立？","true","false","cross-culture","direction-owned-direction-case"
"area-studies-5","area-studies","area-studies","语言语境、比较单位与材料范围","区域语言研究档案：多语文献、地方制度与时期条件；地理单元、时期边界和地方制度；坐标基准、空间单元和不同尺度的对照。需对照的具体条目：当地语料、使用者位置与语体选择","「区域语言」：在区域语言中，怎样核对当地语料、使用者位置与语体选择，分开“地方过程差异”与“单元或时期划分差异”？ 换了空间单元以后，原来的关系是否还成立？","true","false","cross-culture","direction-owned-direction-case"
"area-studies-6","area-studies","area-studies","语言语境、比较单位与材料范围","区域社会研究档案：多语文献、地方制度与时期条件；对象进入、角色关系和机会结构；地理单元、时期边界和地方制度；坐标基准、空间单元和不同尺度的对照。需对照国别语境与跨区比较中的定义、对象索引与适用条件","「区域社会」：在区域社会中，怎样核对多语文献、地方制度与时期条件，分开“行为或关系改变”与“进入机会或结构改变”？ 换了空间单元以后，原来的关系是否还成立？","true","false","cross-culture","direction-owned-direction-case"
"area-studies-7","area-studies","area-studies","语言语境、比较单位与材料范围","国别文献研究档案：逐页出处、底本差异和缺页索引；相关领域文献对“多语文献、地方制度与时期条件”的用语与记录方式；底本出处、异文位置和编订层次。需对照国别语境与跨区比较中的定义、对象索引与适用条件","「国别文献」：在国别文献中，怎样核对多语文献、地方制度与时期条件，分开“原始用法差异”与“编订或传承差异”？ 这个说法在原材料的哪一页，另一版本为何不同？","true","false","cross-culture","direction-owned-direction-case"
"area-studies-8","area-studies","area-studies","语言语境、比较单位与材料范围","跨区域比较研究档案：多语文献、地方制度与时期条件；地理单元、时期边界和地方制度；坐标基准、空间单元和不同尺度的对照。需对照的具体条目：双方边界、指标定义与制度差异","「跨区域比较」：在跨区域比较中，怎样核对双方边界、指标定义与制度差异，分开“地方过程差异”与“单元或时期划分差异”？ 换了空间单元以后，原来的关系是否还成立？","true","false","cross-culture","direction-owned-direction-case"
"area-studies-9","area-studies","area-studies","语言语境、比较单位与材料范围","区域组织研究档案：多语文献、地方制度与时期条件；对象进入、角色关系和机会结构；地理单元、时期边界和地方制度；正式文本、执行条件与被排除的对象。需对照的具体条目：角色分工、资源联系与实际协调","「区域组织」：在区域组织中，怎样核对角色分工、资源联系与实际协调，分开“行为或关系改变”与“进入机会或结构改变”？ 文本已经改变，实际机会和执行是否也改变了？","true","false","cross-culture","direction-owned-direction-case"
"area-studies-10","area-studies","education","语言语境、比较单位与材料范围","地区教育研究档案：教学任务、学生作答与撤去帮助后的新题；相关领域文献对“多语文献、地方制度与时期条件”的用语与记录方式；任务目标、辅助条件和延迟表现。需对照国别语境与跨区比较中的定义、对象索引与适用条件","「地区教育」：在地区教育中，怎样核对多语文献、地方制度与时期条件，分开“独立学习改善”与“辅助或练习效应”？ 当场做对与真正能迁移，材料分别支持哪一个？","true","false","","direction-owned-direction-case"
"area-studies-11","area-studies","area-studies","语言语境、比较单位与材料范围","区域档案研究档案：逐页出处、底本差异和缺页索引；相关领域文献对“多语文献、地方制度与时期条件”的用语与记录方式；底本出处、异文位置和编订层次。需对照的具体条目：形成机关、归档过程与缺件","「区域档案」：在区域档案中，怎样核对形成机关、归档过程与缺件，分开“原始用法差异”与“编订或传承差异”？ 这个说法在原材料的哪一页，另一版本为何不同？","true","false","cross-culture","direction-owned-direction-case"
"area-studies-12","area-studies","area-studies","语言语境、比较单位与材料范围","区域研究方法研究档案：多语文献、地方制度与时期条件；地理单元、时期边界和地方制度；坐标基准、空间单元和不同尺度的对照。需对照的具体条目：输入要求、适用前提与方法失败条件","「区域研究方法」：在区域研究方法中，怎样核对输入要求、适用前提与方法失败条件，分开“地方过程差异”与“单元或时期划分差异”？ 换了空间单元以后，原来的关系是否还成立？","true","false","cross-culture","direction-owned-direction-case"
"cryptography-studies-1","cryptography-studies","cryptography","安全模型、数学前提与公开评价条件","密码数学研究档案：安全定义、威胁模型与公开证明；定义域、必要假设和反例；公开威胁模型、安全定义和适用假设。需对照形式安全与系统假设中的定义、对象索引与适用条件","「密码数学」：在密码数学中，怎样核对安全定义、威胁模型与公开证明，分开“假设支持的推导”与“超出定义域的结论”？","true","false","","direction-owned-direction-case"
"cryptography-studies-2","cryptography-studies","cryptography","安全模型、数学前提与公开评价条件","密码协议形式分析研究档案：安全定义、威胁模型与公开证明；公开威胁模型、安全定义和适用假设；参数出处、边界条件和独立检验情境。需对照的具体条目：输入假设、测量或推导链与不确定性","「密码协议形式分析」：在密码协议形式分析中，怎样核对输入假设、测量或推导链与不确定性，分开“定义内的安全保证”与“未覆盖的使用假设”？ 拟合得好来自可解释结构，还是条件和参数更宽松？","true","false","","direction-owned-direction-case"
"cryptography-studies-3","cryptography-studies","cryptography","安全模型、数学前提与公开评价条件","密码模型研究档案：安全定义、威胁模型与公开证明；公开威胁模型、安全定义和适用假设；模型边界、参数来源和验证情境；参数出处、边界条件和独立检验情境。需对照形式安全与系统假设中的定义、对象索引与适用条件","「密码模型」：在密码模型中，怎样核对安全定义、威胁模型与公开证明，分开“定义内的安全保证”与“未覆盖的使用假设”？ 拟合得好来自可解释结构，还是条件和参数更宽松？","true","false","","direction-owned-direction-case"
"cryptography-studies-4","cryptography-studies","cryptography","安全模型、数学前提与公开评价条件","密码标准史研究档案：同时代记载与后期整理本的年代对照；相关领域文献对“安全定义、威胁模型与公开证明”的用语与记录方式；同时代资料、后期整理和出处链。需对照的具体条目：标准文本、修订原因与制定制度","「密码标准史」：在密码标准史中，怎样核对标准文本、修订原因与制定制度，分开“有出处的历史解释”与“整理或保存选择”？ 哪一层叙述来自当时，哪一层来自后来的整理？","true","false","","direction-owned-direction-case"
"cryptography-studies-5","cryptography-studies","cryptography","安全模型、数学前提与公开评价条件","密码算法公开评价研究档案：安全定义、威胁模型与公开证明；公开威胁模型、安全定义和适用假设；公开资料定义、使用场景和解释边界。需对照的具体条目：推荐入口、排序条件与未曝光对象","「密码算法公开评价」：在密码算法公开评价中，怎样核对推荐入口、排序条件与未曝光对象，分开“定义内的安全保证”与“未覆盖的使用假设”？","true","false","","direction-owned-direction-case"
"cryptography-studies-6","cryptography-studies","cryptography","安全模型、数学前提与公开评价条件","密码工程资料研究档案：安全定义、威胁模型与公开证明；公开威胁模型、安全定义和适用假设。需对照形式安全与系统假设中的定义、对象索引与适用条件","「密码工程资料」：在密码工程资料中，怎样核对安全定义、威胁模型与公开证明，分开“定义内的安全保证”与“未覆盖的使用假设”？","true","false","","direction-owned-direction-case"
"cryptography-studies-7","cryptography-studies","cryptography","安全模型、数学前提与公开评价条件","密码可用性研究档案：安全定义、威胁模型与公开证明；公开威胁模型、安全定义和适用假设；任务完成、错误恢复和辅助条件；任务路径、迭代版本和错误恢复记录。需对照形式安全与系统假设中的定义、对象索引与适用条件","「密码可用性」：在密码可用性中，怎样核对安全定义、威胁模型与公开证明，分开“定义内的安全保证”与“未覆盖的使用假设”？ 这次变好是设计改进，还是使用者得到更多帮助？","true","false","","direction-owned-direction-case"
"cryptography-studies-8","cryptography-studies","education","安全模型、数学前提与公开评价条件","密码教育研究档案：教学任务、学生作答与撤去帮助后的新题；相关领域文献对“安全定义、威胁模型与公开证明”的用语与记录方式；任务目标、辅助条件和延迟表现。需对照形式安全与系统假设中的定义、对象索引与适用条件","「密码教育」：在密码教育中，怎样核对安全定义、威胁模型与公开证明，分开“独立学习改善”与“辅助或练习效应”？ 当场做对与真正能迁移，材料分别支持哪一个？","true","false","","direction-owned-direction-case"
"cryptography-studies-9","cryptography-studies","cryptography","安全模型、数学前提与公开评价条件","密码伦理研究档案：行动者理由、利益负担与提出异议的记录；相关领域文献对“安全定义、威胁模型与公开证明”的用语与记录方式；受益负担、行动理由和申诉机会。需对照的具体条目：行动理由、受益负担与申诉机会","「密码伦理」：在密码伦理中，怎样核对行动理由、受益负担与申诉机会，分开“可辩护的规范理由”与“偏好数量代替理由”？ 谁承担了负担，现有理由怎样回应他的异议？","true","false","","direction-owned-direction-case"
"cryptography-studies-10","cryptography-studies","heritage","安全模型、数学前提与公开评价条件","隐私保护理论研究档案：安全定义、威胁模型与公开证明；公开威胁模型、安全定义和适用假设。需对照的具体条目：实施时间线、交接信息与本人报告；公开隐私定义、使用情境与风险范围","「隐私保护理论」：在隐私保护理论中，怎样核对公开隐私定义、使用情境与风险范围，分开“定义内的安全保证”与“未覆盖的使用假设”？","true","false","","direction-owned-direction-case"
"cryptography-studies-11","cryptography-studies","cryptography","安全模型、数学前提与公开评价条件","密码资料复现研究档案：安全定义、威胁模型与公开证明；公开威胁模型、安全定义和适用假设；版本变更、异常记录和失败复核。需对照的具体条目：原始版本、偏离记录与失败尝试","「密码资料复现」：在密码资料复现中，怎样核对原始版本、偏离记录与失败尝试，分开“定义内的安全保证”与“未覆盖的使用假设”？ 所谓更可靠，是失败更少，还是失败更少被记下来？","true","false","","direction-owned-direction-case"
"cryptography-studies-12","cryptography-studies","cryptography","安全模型、数学前提与公开评价条件","密码史研究档案：同时代记载与后期整理本的年代对照；相关领域文献对“安全定义、威胁模型与公开证明”的用语与记录方式；同时代资料、后期整理和出处链。需对照的具体条目：公开技术档案、时代术语与使用叙述","「密码史」：在密码史中，怎样核对公开技术档案、时代术语与使用叙述，分开“有出处的历史解释”与“整理或保存选择”？ 哪一层叙述来自当时，哪一层来自后来的整理？","true","false","","direction-owned-direction-case"
"heritage-conservation-1","heritage-conservation","heritage","材料年代、保存条件与保护记录","文物材料资料研究档案：材料状态、环境历程与保护记录；结构分布、缺陷表征和性质条件；来源链、材料状态和保存环境。需对照文物状态与保护评价中的定义、对象索引与适用条件","「文物材料资料」：在文物材料资料中，怎样核对材料状态、环境历程与保护记录，分开“结构差异”与“组成或条件差异”？","true","false","","direction-owned-direction-case"
"heritage-conservation-2","heritage-conservation","heritage","材料年代、保存条件与保护记录","文物病害记录研究档案：材料状态、环境历程与保护记录；来源链、材料状态和保存环境。需对照的具体条目：病害定义、材料状态与环境历程","「文物病害记录」：在文物病害记录中，怎样核对病害定义、材料状态与环境历程，分开“材料保存改善”与“环境或记录差异”？","true","false","","direction-owned-direction-case"
"heritage-conservation-3","heritage-conservation","heritage","材料年代、保存条件与保护记录","文物保护史研究档案：同时代记载与后期整理本的年代对照；相关领域文献对“材料状态、环境历程与保护记录”的用语与记录方式；同时代资料、后期整理和出处链。需对照文物状态与保护评价中的定义、对象索引与适用条件","「文物保护史」：在文物保护史中，怎样核对材料状态、环境历程与保护记录，分开“有出处的历史解释”与“整理或保存选择”？ 哪一层叙述来自当时，哪一层来自后来的整理？","true","false","museum","direction-owned-direction-case"
"heritage-conservation-4","heritage-conservation","heritage","材料年代、保存条件与保护记录","文物展示研究档案：公开来源、展陈取舍与观众提出的问题；相关领域文献对“材料状态、环境历程与保护记录”的用语与记录方式；来源链、材料状态和保存环境。需对照文物状态与保护评价中的定义、对象索引与适用条件","「文物展示」：在文物展示中，怎样核对材料状态、环境历程与保护记录，分开“材料保存改善”与“环境或记录差异”？ 展出的主张哪些有来源，哪些是解释或宣传？","true","false","","direction-owned-direction-case"
"heritage-conservation-5","heritage-conservation","heritage","材料年代、保存条件与保护记录","文物数字记录研究档案：材料状态、环境历程与保护记录；来源链、材料状态和保存环境；转写规则、数字版本和原件对应。需对照的具体条目：编码规则、平台入口与不可见记录","「文物数字记录」：在文物数字记录中，怎样核对编码规则、平台入口与不可见记录，分开“材料保存改善”与“环境或记录差异”？","true","false","","direction-owned-direction-case"
"heritage-conservation-6","heritage-conservation","heritage","材料年代、保存条件与保护记录","保护评价研究档案：材料状态、环境历程与保护记录；公开资料定义、使用场景和解释边界。需对照文物状态与保护评价中的定义、对象索引与适用条件","「保护评价」：在保护评价中，怎样核对材料状态、环境历程与保护记录，分开“定义内可检查的改进”与“可见范围或使用条件改变”？","true","false","museum","direction-owned-direction-case"
"heritage-conservation-7","heritage-conservation","heritage","材料年代、保存条件与保护记录","文物来源研究档案：材料状态、环境历程与保护记录；来源链、材料状态和保存环境。需对照的具体条目：来源链、移交记录与缺失环节","「文物来源」：在文物来源中，怎样核对来源链、移交记录与缺失环节，分开“材料保存改善”与“环境或记录差异”？","true","false","","direction-owned-direction-case"
"heritage-conservation-8","heritage-conservation","heritage","材料年代、保存条件与保护记录","文物环境资料研究档案：材料状态、环境历程与保护记录；来源链、材料状态和保存环境。需对照的具体条目：环境时序、保存状态与观察条件","「文物环境资料」：在文物环境资料中，怎样核对环境时序、保存状态与观察条件，分开“材料保存改善”与“环境或记录差异”？","true","false","","direction-owned-direction-case"
"heritage-conservation-9","heritage-conservation","heritage","材料年代、保存条件与保护记录","文物管理研究档案：材料状态、环境历程与保护记录；来源链、材料状态和保存环境；正式文本、执行条件与被排除的对象。需对照文物状态与保护评价中的定义、对象索引与适用条件","「文物管理」：在文物管理中，怎样核对材料状态、环境历程与保护记录，分开“材料保存改善”与“环境或记录差异”？ 文本已经改变，实际机会和执行是否也改变了？","true","false","","direction-owned-direction-case"
"heritage-conservation-10","heritage-conservation","heritage","材料年代、保存条件与保护记录","文物伦理研究档案：行动者理由、利益负担与提出异议的记录；相关领域文献对“材料状态、环境历程与保护记录”的用语与记录方式；受益负担、行动理由和申诉机会。需对照的具体条目：行动理由、受益负担与申诉机会","「文物伦理」：在文物伦理中，怎样核对行动理由、受益负担与申诉机会，分开“可辩护的规范理由”与“偏好数量代替理由”？ 谁承担了负担，现有理由怎样回应他的异议？","true","false","","direction-owned-direction-case"
"heritage-conservation-11","heritage-conservation","education","材料年代、保存条件与保护记录","文物教育研究档案：教学任务、学生作答与撤去帮助后的新题；相关领域文献对“材料状态、环境历程与保护记录”的用语与记录方式；任务目标、辅助条件和延迟表现。需对照文物状态与保护评价中的定义、对象索引与适用条件","「文物教育」：在文物教育中，怎样核对材料状态、环境历程与保护记录，分开“独立学习改善”与“辅助或练习效应”？ 当场做对与真正能迁移，材料分别支持哪一个？","true","false","","direction-owned-direction-case"
"heritage-conservation-12","heritage-conservation","heritage","材料年代、保存条件与保护记录","文物跨学科比较研究档案：材料状态、环境历程与保护记录；来源链、材料状态和保存环境；双方术语、共同对象和验证分工；各方定义、资料来源和桥接规则。需对照文物状态与保护评价中的定义、对象索引与适用条件","「文物跨学科比较」：在文物跨学科比较中，怎样核对材料状态、环境历程与保护记录，分开“材料保存改善”与“环境或记录差异”？ 名称相同是否真的意味着比较对象相同？","true","false","","direction-owned-direction-case"
"pharmacy-10","pharmacy","pharma","心脏收缩、血管张力与药物作用","心脏收缩功能、血管张力与循环负荷资料","「心血管药理学」：功能变化来自直接心脏作用，还是负荷变化？","true","true","","direction-owned-concept"
"pharmacy-11","pharmacy","pharma","肾脏转运、功能状态与药物处置","肾滤过、尿液变化与容量状态记录","「肾脏药理学」：尿量增加为什么不能独立证明肾保护？","true","true","","direction-owned-concept"
"pharmacy-12","pharmacy","pharma","中枢作用、行为表现与脑内暴露","脑内暴露资料、受体证据与行为任务记录","「神经药理学」：任务表现改变是否只是运动能力或警觉性变化？","true","true","","direction-owned-case"
"pharmacy-13","pharmacy","pharma","激素反馈、代谢状态与药物反应","激素时序、代谢指标与进食和体重记录","「内分泌与代谢药理学」：代谢指标改变来自直接作用，还是摄食和体重变化？","true","true","","direction-owned-case"
"pharmacy-14","pharmacy","pharma","药物响应、细胞状态与模型外推","模型来源、药物暴露与生长反应资料","「肿瘤药理学」：观察到的抑制是否具有目标与模型依赖性？","true","true","","direction-owned-case"
"pharmacy-15","pharmacy","pharma","免疫状态、细胞组成与药物作用","免疫细胞构成、功能指标与作用证据","「免疫药理学」：总体信号下降是细胞构成改变还是功能受到调节？","true","true","","direction-owned-case"
"pharmacy-16","pharmacy","pharma","炎症反应、疼痛表现与运动状态","疼痛行为、炎症指标和运动状态记录","「炎症与镇痛药理学」：疼痛任务反应降低是否同时伴随活动能力降低？","true","true","","direction-owned-case"
"pharmacy-17","pharmacy","pharma","气道反应、炎症状态与呼吸功能","气道功能、炎症资料和观察条件","「呼吸药理学」：气道功能改善来自舒张作用，还是炎症状态改变？","true","true","","direction-owned-case"
"pharmacy-18","pharmacy","pharma","胃肠动力、分泌与症状表现","动力和分泌指标、进食资料与症状记录","「消化药理学」：症状变化和动力指标为何不一致？","true","true","","direction-owned-case"
"pharmacy-19","pharmacy","pharma","受体选择性、效能与器官反应","受体作用资料、器官功能与背景张力记录","「自主神经药理学」：组织反应差异来自受体作用，还是组织背景不同？","true","true","","direction-owned-case"
"pharmacy-20","pharmacy","pharma","血小板、凝血与出血风险","血小板聚集、凝血评价与出血记录","「血栓与止血药理学」：为什么血小板与凝血资料不能混成一个作用结论？","true","true","","direction-owned-concept"
"pharmacy-21","pharmacy","pharma","亲和力、效能与信号通路","结合曲线、功能反应与受体表达资料","「分子与受体药理学」：结合更强，为什么功能最大反应仍可能更低？","true","true","","direction-owned-concept"
"pharmacy-22","pharmacy","pharma","暴露时间过程与功能反应","浓度时间曲线、效应时序与基线变化","「药代与药效关系」：同样浓度对应不同反应，为什么不是必然的测量错误？","true","true","","direction-owned-concept"
"pharmacy-23","pharmacy","pharma","目标作用与非目标功能风险","目标作用资料、非目标功能记录与暴露范围","「药物毒理与安全药理学」：有用作用与功能损害是否出现在相同暴露范围？","true","true","","direction-owned-case"
"pharmacy-24","pharmacy","pharma","生命阶段、作用系统与药物处置","阶段信息、功能状态和暴露资料","「发育与衰老药理学」：阶段差异来自药物处置还是作用系统变化？","true","true","","direction-owned-case"
"pharmacy-25","pharmacy","pharma","激素状态、性别变量与药物响应","激素状态、性别变量和暴露反应记录","「生殖与性别相关药理学」：组间反应差异由什么可观察的条件解释？","true","true","","direction-owned-case"
"epistemology-knowledge-social","epistemology","epistemic","证言依赖","证言来源、依赖链和专家分歧记录","「社会认识论」：专家意见一致，为何仍需追踪他们的共同来源？","true","false","epistemology","direction-owned-concept"
"ethics-studies-knowledge-moral","ethics-studies","ethics","道德运气","行动意图、可控条件与结果差异的案例表","「道德责任与运气」：同样的选择产生不同后果，责任判断应怎样说明？","true","false","ethics","direction-owned-concept"
"logic-studies-knowledge-modal","logic-studies","ontology","必然与可能","可能世界关系图、公式真值与框架条件","「模态逻辑与可能世界」：为什么在一个模型中为真不等于模态公式有效？","true","false","","direction-owned-concept"
"development-econ-knowledge-migration","development-econ","optimization","技能匹配","迁移前技能、招聘岗位与定居后的就业记录","「迁移与劳动匹配」：就业率恢复了，为什么技能错配仍可能加重？","true","false","labor","direction-owned-concept"
"finance-studies-knowledge-liquidity","finance-studies","finance","流动性与收益率","报价价差、成交量与价格冲击记录","「资产流动性与交易成本」：成交量很高，为什么大额交易仍可能显著改变价格？","true","false","finance","direction-owned-concept"
"tax-studies-knowledge-incidence","tax-studies","economics","法定纳税人与经济负担","税前税后价格、交易数量与弹性假设","「税收归宿与行为反应」：为什么缴税主体不能直接回答谁承担税负？","true","false","tax","direction-owned-concept"
"intellectual-property-knowledge-patent","intellectual-property","law","公开内容与保护范围","权利要求文本、说明书与现有技术对照","「专利权利要求与技术范围」：说明书写过的内容为什么不全等于保护范围？","true","false","ip","direction-owned-concept"
"constitutional-law-knowledge-proportionality","constitutional-law","policy","目的与手段的层次审查","行政目的、备选措施与权利影响的案例表","「行政裁量与比例原则」：目的正当，为什么仍需比较更温和的措施？","true","false","procedure","direction-owned-concept"
"international-law-knowledge-treaty","international-law","law","文本与解释语境","条约多语正本、上下文与后续实践记录","「条约解释与多语文本」：两种语言的条约文本不一致，应先核对什么？","true","false","","direction-owned-concept"
"curriculum-studies-knowledge-inquiry","curriculum-studies","education","活动参与与概念转变","学生前后解释、探究问题与课堂讨论转录","「探究学习与概念转变」：探究活动完成了，为什么学生的解释可能没变？","true","false","learning","direction-owned-concept"
"education-technology-knowledge-feedback","education-technology","education","获得反馈与使用反馈","反馈文本、学生修订与后续选择记录","「学习反馈与自我调节」：给出详细反馈后，为什么仍需要看学生如何修订？","true","false","learning","direction-owned-concept"
"higher-education-knowledge-supervision","higher-education","education","规则知晓与归属感","指导会议纪要、隐性规则说明与学生求助轨迹","「研究生指导与学术社会化」：培养要求解释清楚了，为什么新人仍可能不敢求助？","true","false","","direction-owned-concept"
"linguistics-studies-knowledge-pragmatics","linguistics-studies","language","字面意义与会话含义","对话前后轮次、语境信息与回应记录","「语用学与会话含义」：为什么同一句话有时暗示拒绝、有时只是陈述？","true","false","","direction-owned-concept"
"translation-studies-knowledge-localization","translation-studies","translation","语言准确与功能可用","界面原文、操作任务与译文长度限制","「软件本地化与功能对等」：译文没有语法错误，为什么用户仍可能点错？","true","false","","direction-owned-concept"
"chinese-language-knowledge-philology","chinese-language","language","异文与祖本关系","写本、刻本异文与版本谱系","「古籍异文与校勘」：早本与晚本冲突，为什么不能只按年代选读法？","true","false","","direction-owned-concept"
"archaeology-knowledge-stratigraphy","archaeology","archaeology","堆积顺序与物品年代","层位剖面、堆积描述与扰动登记","「地层关系与遗址形成」：旧器物出现在晚层，为什么不一定推翻层位顺序？","true","false","strata","direction-owned-concept"
"historical-documents-knowledge-epigraphy","historical-documents","history","原刻与重刻","碑刻拓片、重刻说明与地方志记载","「碑刻文献与地方记忆」：看到碑上纪年，为何仍需查它是否重刻？","true","false","archives","direction-owned-concept"
"museum-studies-knowledge-provenance","museum-studies","heritage","来源链与解释权","入藏登记、转手记录与展签草稿","「藏品来源与展示叙事」：已入馆的藏品，为什么仍可能需要修改展签？","true","false","","direction-owned-concept"
"design-knowledge-accessibility","design","interaction","可见与可感知","键盘焦点顺序、文本标签与颜色状态样例","「无障碍界面与非视觉交互」：界面对比度达标，为什么仍可能无法用键盘完成任务？","true","false","design","direction-owned-concept"
"musicology-studies-knowledge-performance","musicology-studies","performance","谱面与演奏惯例","谱本、演奏标记与时期器乐资料","「历史演奏实践与版本」：谱上出现的标记为什么还要问是谁加的？","true","false","","direction-owned-concept"
"theatre-studies-knowledge-dramaturgy","theatre-studies","performance","台词与舞台行动","剧本版本、排演删改与场景行动表","「戏剧构作与排演文本」：台词没改，为什么一处走位变化会改变场景？","true","false","music","direction-owned-concept"
"theory-knowledge-spectral","theory","math","有限矩阵与无限维算子","算子定义域、谱分布与截断矩阵","「谱理论与算子近似」：有限截断出现的特征值，为什么可能不是原算子的谱点？","true","false","","direction-owned-concept"
"statistics-knowledge-causal","statistics","statistics","共同时间起点","资格条件、时间零点与比较策略记录","「因果估计与目标试验」：为什么两组的随访时间零点必须先对齐？","true","false","","direction-owned-concept"
"physics-knowledge-phase","physics","physics","有限系统与热力学极限","不同系统尺寸的序参量与涨落记录","「相变与有限尺寸标度」：一个尖峰为什么不足以判断相变类型？","true","false","condensed","direction-owned-concept"
"mechanical-knowledge-fatigue","mechanical","mechanical","静强度与疲劳","载荷循环、应力范围与断口描述","「疲劳寿命与载荷谱」：没有超过静强度，为什么构件仍可能疲劳失效？","true","false","","direction-owned-concept"
"communications-knowledge-channel","communications","electronics","估计误差与信道变化","导频配置、信道变化与误差统计","「信道估计与时变链路」：误码变多，怎样区分估计噪声与信道已变化？","true","false","circuits","direction-owned-concept"
"materials-knowledge-fracture","materials","construction","硬度与断裂韧性","裂纹形貌、晶粒描述与断裂评价口径","「断裂韧性与微结构」：硬度提高，为什么断裂韧性仍可能降低？","true","false","","direction-owned-concept"
"soil-resources-knowledge-aggregation","soil-resources","ecology","含量与储量","团聚体粒级、碳含量与土层容重","「土壤团聚体与有机碳」：碳含量提高，为什么碳储量可能没有同比提高？","true","false","soil","direction-owned-concept"
"forest-science-knowledge-demography","forest-science","ecology","存量与更新","样地树径、幼树补充与死亡登记","「森林更新与种群动态」：成年树很多，为什么森林仍可能面临更新缺口？","true","false","forest","direction-owned-concept"
"horticulture-studies-knowledge-postharvest","horticulture-studies","crop","成熟与衰老","采收成熟度、储藏时间与品质评分","「园艺采后品质与成熟」：外观更成熟，为什么可储藏时间反而可能更短？","true","false","","direction-owned-concept"
"nephrology-knowledge-albuminuria","nephrology","renal","任务或测量条件、重复记录与时间","重复肾功能估计、尿白蛋白与观察时间","「肾功能轨迹与白蛋白尿」：滤过估计改善，为什么白蛋白尿可能仍有不同变化？","true","false","","direction-owned-concept"
"publichealth-knowledge-screening","publichealth","population","提前诊断偏倚","筛查邀请、诊断日期与疾病特异结局","「筛查评价与提前诊断」：诊断后活得更久，为什么不一定是死亡被推迟？","true","false","","direction-owned-concept"
"rehabilitation-knowledge-participation","rehabilitation","rehab","阶段、生活条件与功能或体验变化","功能测试、日常活动与家庭环境登记","「康复参与与环境支持」：功能测试改善，为什么日常活动仍可能没增加？","true","false","rehab","direction-owned-concept"
"strategic-studies-knowledge-deterrence","strategic-studies","military","威胁可信度","政策承诺、受众回应与历史危机公开资料","「威慑理论与公开信号」：没有冲突，为什么仍不能直接证明某次威慑奏效？","true","false","military-history","direction-owned-concept"
"peace-conflict-knowledge-mediation","peace-conflict","military","签署与执行","公开调解记录、协议条款与执行报告","「和平调解与协议执行」：协议已经签署，为什么后续执行仍是一条独立研究线？","true","false","military-history","direction-owned-concept"
"defense-management-knowledge-governance","defense-management","military","问责与学习","公开审计摘要、整改记录与项目复盘","「公共项目问责与组织学习」：完成问责，为什么还要看流程有没有改变？","true","false","military-history","direction-owned-concept"
"accounting-studies-knowledge-audit","accounting-studies","accounting","样本无异常与总体无异常","抽样框、测试底稿与异常追踪","「审计抽样与证据覆盖」：抽到的都正常，为什么审计结论仍需说明范围？","true","false","accounting","direction-owned-concept"
"operations-management-knowledge-queue","operations-management","organization","利用率与等待","到达时间、服务时长与队列长度","「排队系统与服务波动」：平均速度没变，为什么队列可能突然变长？","true","false","operations","direction-owned-concept"
"information-management-knowledge-retrieval","information-management","library-science","查准率与查全率","查询集合、相关性标注与排序结果","「信息检索与相关性评价」：首页很准确，为什么仍可能漏掉关键文献？","true","false","","direction-owned-concept"
"interdisciplinary-design-knowledge-service","interdisciplinary-design","cross","接触点与完整旅程","服务旅程、照护交接与用户障碍记录","「服务设计与照护协作」：挂号更顺畅，为什么后续照护负担可能反而增加？","true","false","design","direction-owned-concept"
"remote-sensing-knowledge-crop","remote-sensing","remote-sensing","像元信号与地块状态","像元时序、地面物候与地块边界","「遥感物候与农业验证」：像元指数更高，为什么不一定是这块田长得更好？","true","false","cross-environment","direction-owned-concept"
"intelligent-science-knowledge-humanai","intelligent-science","computing","模型表现与协作表现","系统建议、人工改判与最终决策记录","「人机决策与自动化依赖」：模型更准，为什么人机一起反而可能判断更差？","true","false","","direction-owned-concept"